SubjectID,Date,LocalTime,UnityTime,Phase,Trial,Step,TrialTimePassed,State,xPos,yPos,zPos,xRot,yRot,zRot,gazeOriginX,gazeOriginY,gazeOriginZ,gazeDirectionX,gazeDirectionY,gazeDirectionZ,leftPupil,rightPupil,combinedPupil,baselineCorrected,hitX,hitY,hitZ,objectName,EYE_EXPRESSION_LEFT_BLINK_HTC,EYE_EXPRESSION_LEFT_WIDE_HTC,EYE_EXPRESSION_RIGHT_BLINK_HTC,EYE_EXPRESSION_RIGHT_WIDE_HTC,EYE_EXPRESSION_LEFT_SQUEEZE_HTC,EYE_EXPRESSION_RIGHT_SQUEEZE_HTC,EYE_EXPRESSION_LEFT_DOWN_HTC,EYE_EXPRESSION_RIGHT_DOWN_HTC,EYE_EXPRESSION_LEFT_OUT_HTC,EYE_EXPRESSION_RIGHT_IN_HTC,EYE_EXPRESSION_LEFT_IN_HTC,EYE_EXPRESSION_RIGHT_OUT_HTC,EYE_EXPRESSION_LEFT_UP_HTC,EYE_EXPRESSION_RIGHT_UP_HTC,XR_LIP_EXPRESSION_JAW_RIGHT_HTC,XR_LIP_EXPRESSION_JAW_LEFT_HTC,XR_LIP_EXPRESSION_JAW_FORWARD_HTC,XR_LIP_EXPRESSION_JAW_OPEN_HTC,XR_LIP_EXPRESSION_MOUTH_APE_SHAPE_HTC,XR_LIP_EXPRESSION_MOUTH_UPPER_RIGHT_HTC,XR_LIP_EXPRESSION_MOUTH_UPPER_LEFT_HTC,XR_LIP_EXPRESSION_MOUTH_LOWER_RIGHT_HTC,XR_LIP_EXPRESSION_MOUTH_LOWER_LEFT_HTC,XR_LIP_EXPRESSION_MOUTH_UPPER_OVERTURN_HTC,XR_LIP_EXPRESSION_MOUTH_LOWER_OVERTURN_HTC,XR_LIP_EXPRESSION_MOUTH_POUT_HTC,XR_LIP_EXPRESSION_MOUTH_RAISER_RIGHT_HTC,XR_LIP_EXPRESSION_MOUTH_RAISER_LEFT_HTC,XR_LIP_EXPRESSION_MOUTH_STRETCHER_RIGHT_HTC,XR_LIP_EXPRESSION_MOUTH_STRETCHER_LEFT_HTC,XR_LIP_EXPRESSION_CHEEK_PUFF_RIGHT_HTC,XR_LIP_EXPRESSION_CHEEK_PUFF_LEFT_HTC,XR_LIP_EXPRESSION_CHEEK_SUCK_HTC,XR_LIP_EXPRESSION_MOUTH_UPPER_UPRIGHT_HTC,XR_LIP_EXPRESSION_MOUTH_UPPER_UPLEFT_HTC,XR_LIP_EXPRESSION_MOUTH_LOWER_DOWNRIGHT_HTC,XR_LIP_EXPRESSION_MOUTH_LOWER_DOWNLEFT_HTC,XR_LIP_EXPRESSION_MOUTH_UPPER_INSIDE_HTC,XR_LIP_EXPRESSION_MOUTH_LOWER_INSIDE_HTC,XR_LIP_EXPRESSION_MOUTH_LOWER_OVERLAY_HTC,XR_LIP_EXPRESSION_TONGUE_LONGSTEP1_HTC,XR_LIP_EXPRESSION_TONGUE_LEFT_HTC,XR_LIP_EXPRESSION_TONGUE_RIGHT_HTC,XR_LIP_EXPRESSION_TONGUE_UP_HTC,XR_LIP_EXPRESSION_TONGUE_DOWN_HTC,XR_LIP_EXPRESSION_TONGUE_ROLL_HTC,XR_LIP_EXPRESSION_TONGUE_LONGSTEP2_HTC,XR_LIP_EXPRESSION_TONGUE_UPRIGHT_MORPH_HTC,XR_LIP_EXPRESSION_TONGUE_UPLEFT_MORPH_HTC,XR_LIP_EXPRESSION_TONGUE_DOWNRIGHT_MORPH_HTC,XR_LIP_EXPRESSION_TONGUE_DOWNLEFT_MORPH_HTC
1,8_4,10_51_17,0.0000,0,0,0,0,,2.308,1.22644,-0.69,0,0,0,0.0000,0.0000,0.0000,0.0000,0.0000,0.0000,0,0,,,,,,,0,0,0,0,0,0,0,0,0,0,0,0,0,0,0,0,0,0,0,0,0,0,0,0,0,0,0,0,0,0,0,0,0,0,0,0,0,0,0,0,0,0,0,0,0,0,0,0,0,0,0,
1,8_4,10_51_19,0.0200,0,0,0,0.01999999,,2.308,1.22644,-0.69,18.2,321.4,0,0.0000,0.0000,0.0000,0.0000,0.0000,0.0000,0,0,,,,,,,0,0,0,0,0,0,0,0,0,0,0,0,0,0,0,0,0,0,0,0,0,0,0,0,0,0,0,0,0,0,0,0,0,0,0,0,0,0,0,0,0,0,0,0,0,0,0,0,0,0,0,
1,8_4,10_51_19,0.1081,0,0,0,0.1080624,,2.308,1.22644,-0.69,16.43874,319.1985,0,0.0000,0.0000,0.0000,0.0000,0.0000,0.0000,0,0,,,,,,,0,0,0,0,0,0,0,0,0,0,0,0,0,0,0,0,0,0,0,0,0,0,0,0,0,0,0,0,0,0,0,0,0,0,0,0,0,0,0,0,0,0,0,0,0,0,0,0,0,0,0,
1,8_4,10_51_19,0.1172,0,0,0,0.117226,,2.308,1.22644,-0.69,16.43875,319.061,4.450804E-07,0.0000,0.0000,0.0000,0.0000,0.0000,0.0000,0,0,,,,,,,0,0,0,0,0,0,0,0,0,0,0,0,0,0,0,0,0,0,0,0,0,0,0,0,0,0,0,0,0,0,0,0,0,0,0,0,0,0,0,0,0,0,0,0,0,0,0,0,0,0,0,
1,8_4,10_51_19,0.1217,0,0,0,0.1216792,,2.308,1.22644,-0.69,16.43875,319.0165,0,0.0000,0.0000,0.0000,0.0000,0.0000,0.0000,0,0,,,,,,,0,0,0,0,0,0,0,0,0,0,0,0,0,0,0,0,0,0,0,0,0,0,0,0,0,0,0,0,0,0,0,0,0,0,0,0,0,0,0,0,0,0,0,0,0,0,0,0,0,0,0,
1,8_4,10_51_19,0.1257,0,0,0,0.1257467,,2.308,1.22644,-0.69,16.43875,318.9961,0,0.0000,0.0000,0.0000,0.0000,0.0000,0.0000,0,0,,,,,,,0,0,0,0,0,0,0,0,0,0,0,0,0,0,0,0,0,0,0,0,0,0,0,0,0,0,0,0,0,0,0,0,0,0,0,0,0,0,0,0,0,0,0,0,0,0,0,0,0,0,0,
1,8_4,10_51_19,0.1294,0,0,0,0.1293799,,2.308,1.22644,-0.69,16.43875,318.9961,0,0.0000,0.0000,0.0000,0.0000,0.0000,0.0000,0,0,,,,,,,0,0,0,0,0,0,0,0,0,0,0,0,0,0,0,0,0,0,0,0,0,0,0,0,0,0,0,0,0,0,0,0,0,0,0,0,0,0,0,0,0,0,0,0,0,0,0,0,0,0,0,
1,8_4,10_51_19,0.1336,0,0,0,0.1336145,,2.308,1.22644,-0.69,16.43875,318.9749,-4.450805E-07,0.0000,0.0000,0.0000,0.0000,0.0000,0.0000,0,0,,,,,,,0,0,0,0,0,0,0,0,0,0,0,0,0,0,0,0,0,0,0,0,0,0,0,0,0,0,0,0,0,0,0,0,0,0,0,0,0,0,0,0,0,0,0,0,0,0,0,0,0,0,0,
1,8_4,10_51_19,0.1369,0,0,0,0.1369304,,2.308,1.22644,-0.69,16.43875,318.9584,4.450805E-07,0.0000,0.0000,0.0000,0.0000,0.0000,0.0000,0,0,,,,,,,0,0,0,0,0,0,0,0,0,0,0,0,0,0,0,0,0,0,0,0,0,0,0,0,0,0,0,0,0,0,0,0,0,0,0,0,0,0,0,0,0,0,0,0,0,0,0,0,0,0,0,
1,8_4,10_51_19,0.1408,0,0,0,0.1408267,,2.308,1.22644,-0.69,16.43874,318.9389,4.450805E-07,0.0000,0.0000,0.0000,0.0000,0.0000,0.0000,0,0,,,,,,,0,0,0,0,0,0,0,0,0,0,0,0,0,0,0,0,0,0,0,0,0,0,0,0,0,0,0,0,0,0,0,0,0,0,0,0,0,0,0,0,0,0,0,0,0,0,0,0,0,0,0,
1,8_4,10_51_19,0.1442,0,0,0,0.1442246,,2.308,1.22644,-0.69,16.43874,318.9389,4.450805E-07,0.0000,0.0000,0.0000,0.0000,0.0000,0.0000,0,0,,,,,,,0,0,0,0,0,0,0,0,0,0,0,0,0,0,0,0,0,0,0,0,0,0,0,0,0,0,0,0,0,0,0,0,0,0,0,0,0,0,0,0,0,0,0,0,0,0,0,0,0,0,0,
1,8_4,10_51_19,0.1481,0,0,0,0.1481007,,2.308,1.22644,-0.69,16.43874,318.9389,4.450805E-07,0.0000,0.0000,0.0000,0.0000,0.0000,0.0000,0,0,,,,,,,0,0,0,0,0,0,0,0,0,0,0,0,0,0,0,0,0,0,0,0,0,0,0,0,0,0,0,0,0,0,0,0,0,0,0,0,0,0,0,0,0,0,0,0,0,0,0,0,0,0,0,
1,8_4,10_51_19,0.1516,0,0,0,0.1515855,,2.308,1.22644,-0.69,16.43874,318.9389,4.450805E-07,0.0000,0.0000,0.0000,0.0000,0.0000,0.0000,0,0,,,,,,,0,0,0,0,0,0,0,0,0,0,0,0,0,0,0,0,0,0,0,0,0,0,0,0,0,0,0,0,0,0,0,0,0,0,0,0,0,0,0,0,0,0,0,0,0,0,0,0,0,0,0,
1,8_4,10_51_19,0.1549,0,0,0,0.1549344,,2.308,1.22644,-0.69,16.43875,318.9221,0,0.0000,0.0000,0.0000,0.0000,0.0000,0.0000,0,0,,,,,,,0,0,0,0,0,0,0,0,0,0,0,0,0,0,0,0,0,0,0,0,0,0,0,0,0,0,0,0,0,0,0,0,0,0,0,0,0,0,0,0,0,0,0,0,0,0,0,0,0,0,0,
1,8_4,10_51_19,0.1587,0,0,0,0.1586893,,2.308,1.22644,-0.69,16.41997,318.8658,-4.450375E-07,0.0000,0.0000,0.0000,0.0000,0.0000,0.0000,0,0,,,,,,,0,0,0,0,0,0,0,0,0,0,0,0,0,0,0,0,0,0,0,0,0,0,0,0,0,0,0,0,0,0,0,0,0,0,0,0,0,0,0,0,0,0,0,0,0,0,0,0,0,0,0,
1,8_4,10_51_19,0.1619,0,0,0,0.161884,,2.308,1.22644,-0.69,16.41997,318.8658,-4.450375E-07,0.0000,0.0000,0.0000,0.0000,0.0000,0.0000,0,0,,,,,,,0,0,0,0,0,0,0,0,0,0,0,0,0,0,0,0,0,0,0,0,0,0,0,0,0,0,0,0,0,0,0,0,0,0,0,0,0,0,0,0,0,0,0,0,0,0,0,0,0,0,0,
1,8_4,10_51_19,0.1656,0,0,0,0.1656379,,2.308,1.22644,-0.69,16.41997,318.847,-4.450374E-07,0.0000,0.0000,0.0000,0.0000,0.0000,0.0000,0,0,,,,,,,0,0,0,0,0,0,0,0,0,0,0,0,0,0,0,0,0,0,0,0,0,0,0,0,0,0,0,0,0,0,0,0,0,0,0,0,0,0,0,0,0,0,0,0,0,0,0,0,0,0,0,
1,8_4,10_51_19,0.1811,0,0,0,0.1811262,,2.308,1.22644,-0.69,16.41997,318.847,-4.450374E-07,0.0000,0.0000,0.0000,0.0000,0.0000,0.0000,0,0,,,,,,,0,0,0,0,0,0,0,0,0,0,0,0,0,0,0,0,0,0,0,0,0,0,0,0,0,0,0,0,0,0,0,0,0,0,0,0,0,0,0,0,0,0,0,0,0,0,0,0,0,0,0,
1,8_4,10_51_19,0.1847,0,0,0,0.1847136,,2.308,1.22644,-0.69,16.41997,318.8291,0,0.0000,0.0000,0.0000,0.0000,0.0000,0.0000,0,0,,,,,,,0,0,0,0,0,0,0,0,0,0,0,0,0,0,0,0,0,0,0,0,0,0,0,0,0,0,0,0,0,0,0,0,0,0,0,0,0,0,0,0,0,0,0,0,0,0,0,0,0,0,0,
1,8_4,10_51_19,0.1882,0,0,0,0.1882431,,2.308,1.22644,-0.69,16.41997,318.8291,0,0.0000,0.0000,0.0000,0.0000,0.0000,0.0000,0,0,,,,,,,0,0,0,0,0,0,0,0,0,0,0,0,0,0,0,0,0,0,0,0,0,0,0,0,0,0,0,0,0,0,0,0,0,0,0,0,0,0,0,0,0,0,0,0,0,0,0,0,0,0,0,
1,8_4,10_51_19,0.1920,0,0,0,0.1920484,,2.308,1.22644,-0.69,16.41997,318.8101,-4.450374E-07,0.0000,0.0000,0.0000,0.0000,0.0000,0.0000,0,0,,,,,,,0,0,0,0,0,0,0,0,0,0,0,0,0,0,0,0,0,0,0,0,0,0,0,0,0,0,0,0,0,0,0,0,0,0,0,0,0,0,0,0,0,0,0,0,0,0,0,0,0,0,0,
1,8_4,10_51_19,0.1953,0,0,0,0.195311,,2.308,1.22644,-0.69,16.41997,318.8101,-4.450374E-07,0.0000,0.0000,0.0000,0.0000,0.0000,0.0000,0,0,,,,,,,0,0,0,0,0,0,0,0,0,0,0,0,0,0,0,0,0,0,0,0,0,0,0,0,0,0,0,0,0,0,0,0,0,0,0,0,0,0,0,0,0,0,0,0,0,0,0,0,0,0,0,
1,8_4,10_51_19,0.2009,0,0,0,0.2009112,,2.308,1.22644,-0.69,16.44797,318.8101,-4.451016E-07,0.0000,0.0000,0.0000,0.0000,0.0000,0.0000,0,0,,,,,,,0,0,0,0,0,0,0,0,0,0,0,0,0,0,0,0,0,0,0,0,0,0,0,0,0,0,0,0,0,0,0,0,0,0,0,0,0,0,0,0,0,0,0,0,0,0,0,0,0,0,0,
1,8_4,10_51_19,0.2044,0,0,0,0.2044166,,2.308,1.22644,-0.69,16.4655,318.8101,0,0.0000,0.0000,0.0000,0.0000,0.0000,0.0000,0,0,,,,,,,0,0,0,0,0,0,0,0,0,0,0,0,0,0,0,0,0,0,0,0,0,0,0,0,0,0,0,0,0,0,0,0,0,0,0,0,0,0,0,0,0,0,0,0,0,0,0,0,0,0,0,
1,8_4,10_51_19,0.2076,0,0,0,0.207629,,2.308,1.22644,-0.69,16.4655,318.8101,0,0.0000,0.0000,0.0000,0.0000,0.0000,0.0000,0,0,,,,,,,0,0,0,0,0,0,0,0,0,0,0,0,0,0,0,0,0,0,0,0,0,0,0,0,0,0,0,0,0,0,0,0,0,0,0,0,0,0,0,0,0,0,0,0,0,0,0,0,0,0,0,
1,8_4,10_51_19,0.2111,0,0,0,0.2110901,,2.308,1.22644,-0.69,16.4655,318.8101,0,0.0000,0.0000,0.0000,0.0000,0.0000,0.0000,0,0,,,,,,,0,0,0,0,0,0,0,0,0,0,0,0,0,0,0,0,0,0,0,0,0,0,0,0,0,0,0,0,0,0,0,0,0,0,0,0,0,0,0,0,0,0,0,0,0,0,0,0,0,0,0,
1,8_4,10_51_19,0.2148,0,0,0,0.2147919,,2.308,1.22644,-0.69,16.48401,318.8101,0,0.0000,0.0000,0.0000,0.0000,0.0000,0.0000,0,0,,,,,,,0,0,0,0,0,0,0,0,0,0,0,0,0,0,0,0,0,0,0,0,0,0,0,0,0,0,0,0,0,0,0,0,0,0,0,0,0,0,0,0,0,0,0,0,0,0,0,0,0,0,0,
1,8_4,10_51_19,0.2182,0,0,0,0.2182489,,2.308,1.22644,-0.69,16.48401,318.8101,0,0.0000,0.0000,0.0000,0.0000,0.0000,0.0000,0,0,,,,,,,0,0,0,0,0,0,0,0,0,0,0,0,0,0,0,0,0,0,0,0,0,0,0,0,0,0,0,0,0,0,0,0,0,0,0,0,0,0,0,0,0,0,0,0,0,0,0,0,0,0,0,
1,8_4,10_51_19,0.2215,0,0,0,0.2214842,,2.308,1.22644,-0.69,16.48401,318.8101,0,0.0000,0.0000,0.0000,0.0000,0.0000,0.0000,0,0,,,,,,,0,0,0,0,0,0,0,0,0,0,0,0,0,0,0,0,0,0,0,0,0,0,0,0,0,0,0,0,0,0,0,0,0,0,0,0,0,0,0,0,0,0,0,0,0,0,0,0,0,0,0,
1,8_4,10_51_19,0.2252,0,0,0,0.2252374,,2.308,1.22644,-0.69,16.48401,318.7913,4.451843E-07,0.0000,0.0000,0.0000,0.0000,0.0000,0.0000,0,0,,,,,,,0,0,0,0,0,0,0,0,0,0,0,0,0,0,0,0,0,0,0,0,0,0,0,0,0,0,0,0,0,0,0,0,0,0,0,0,0,0,0,0,0,0,0,0,0,0,0,0,0,0,0,
1,8_4,10_51_19,0.2287,0,0,0,0.2287274,,2.308,1.22644,-0.69,16.50146,318.7913,-4.452245E-07,0.0000,0.0000,0.0000,0.0000,0.0000,0.0000,0,0,,,,,,,0,0,0,0,0,0,0,0,0,0,0,0,0,0,0,0,0,0,0,0,0,0,0,0,0,0,0,0,0,0,0,0,0,0,0,0,0,0,0,0,0,0,0,0,0,0,0,0,0,0,0,
1,8_4,10_51_19,0.2325,0,0,0,0.2325135,,2.308,1.22644,-0.69,16.5204,318.7913,-8.905362E-07,0.0000,0.0000,0.0000,0.0000,0.0000,0.0000,0,0,,,,,,,0,0,0,0,0,0,0,0,0,0,0,0,0,0,0,0,0,0,0,0,0,0,0,0,0,0,0,0,0,0,0,0,0,0,0,0,0,0,0,0,0,0,0,0,0,0,0,0,0,0,0,
1,8_4,10_51_19,0.2365,0,0,0,0.2365247,,2.308,1.22644,-0.69,16.50034,318.7913,8.904438E-07,0.0000,0.0000,0.0000,0.0000,0.0000,0.0000,0,0,,,,,,,0,0,0,0,0,0,0,0,0,0,0,0,0,0,0,0,0,0,0,0,0,0,0,0,0,0,0,0,0,0,0,0,0,0,0,0,0,0,0,0,0,0,0,0,0,0,0,0,0,0,0,
1,8_4,10_51_19,0.2407,0,0,0,0.2407358,,2.308,1.22644,-0.69,16.52139,318.7913,-4.452704E-07,0.0000,0.0000,0.0000,0.0000,0.0000,0.0000,0,0,,,,,,,0,0,0,0,0,0,0,0,0,0,0,0,0,0,0,0,0,0,0,0,0,0,0,0,0,0,0,0,0,0,0,0,0,0,0,0,0,0,0,0,0,0,0,0,0,0,0,0,0,0,0,
1,8_4,10_51_19,0.2446,0,0,0,0.244585,,2.308,1.22644,-0.69,16.4829,318.7913,-8.903636E-07,0.0000,0.0000,0.0000,0.0000,0.0000,0.0000,0,0,,,,,,,0,0,0,0,0,0,0,0,0,0,0,0,0,0,0,0,0,0,0,0,0,0,0,0,0,0,0,0,0,0,0,0,0,0,0,0,0,0,0,0,0,0,0,0,0,0,0,0,0,0,0,
1,8_4,10_51_19,0.2489,0,0,0,0.2488812,,2.308,1.22644,-0.69,16.52586,318.7699,4.452807E-07,0.0000,0.0000,0.0000,0.0000,0.0000,0.0000,0,0,,,,,,,0,0,0,0,0,0,0,0,0,0,0,0,0,0,0,0,0,0,0,0,0,0,0,0,0,0,0,0,0,0,0,0,0,0,0,0,0,0,0,0,0,0,0,0,0,0,0,0,0,0,0,
1,8_4,10_51_19,0.2532,0,0,0,0.253249,,2.308,1.22644,-0.69,16.52586,318.8354,-8.905614E-07,0.0000,0.0000,0.0000,0.0000,0.0000,0.0000,0,0,,,,,,,0,0,0,0,0,0,0,0,0,0,0,0,0,0,0,0,0,0,0,0,0,0,0,0,0,0,0,0,0,0,0,0,0,0,0,0,0,0,0,0,0,0,0,0,0,0,0,0,0,0,0,
1,8_4,10_51_19,0.2567,0,0,0,0.2566506,,2.308,1.22644,-0.69,16.52586,318.8184,-4.452807E-07,0.0000,0.0000,0.0000,0.0000,0.0000,0.0000,0,0,,,,,,,0,0,0,0,0,0,0,0,0,0,0,0,0,0,0,0,0,0,0,0,0,0,0,0,0,0,0,0,0,0,0,0,0,0,0,0,0,0,0,0,0,0,0,0,0,0,0,0,0,0,0,
1,8_4,10_51_19,0.2605,0,0,0,0.2605375,,2.308,1.22644,-0.69,16.54529,318.9155,4.453256E-07,0.0000,0.0000,0.0000,0.0000,0.0000,0.0000,0,0,,,,,,,0,0,0,0,0,0,0,0,0,0,0,0,0,0,0,0,0,0,0,0,0,0,0,0,0,0,0,0,0,0,0,0,0,0,0,0,0,0,0,0,0,0,0,0,0,0,0,0,0,0,0,
1,8_4,10_51_19,0.2642,0,0,0,0.2642125,,2.308,1.22644,-0.69,16.52692,318.8788,-8.905663E-07,0.0000,0.0000,0.0000,0.0000,0.0000,0.0000,0,0,,,,,,,0,0,0,0,0,0,0,0,0,0,0,0,0,0,0,0,0,0,0,0,0,0,0,0,0,0,0,0,0,0,0,0,0,0,0,0,0,0,0,0,0,0,0,0,0,0,0,0,0,0,0,
1,8_4,10_51_19,0.2679,0,0,0,0.2679093,,2.308,1.22644,-0.69,16.60085,318.8603,4.454541E-07,0.0000,0.0000,0.0000,0.0000,0.0000,0.0000,0,0,,,,,,,0,0,0,0,0,0,0,0,0,0,0,0,0,0,0,0,0,0,0,0,0,0,0,0,0,0,0,0,0,0,0,0,0,0,0,0,0,0,0,0,0,0,0,0,0,0,0,0,0,0,0,
1,8_4,10_51_19,0.2717,0,0,0,0.2717148,,2.308,1.22644,-0.69,16.58183,318.7271,0,0.0000,0.0000,0.0000,0.0000,0.0000,0.0000,0,0,,,,,,,0,0,0,0,0,0,0,0,0,0,0,0,0,0,0,0,0,0,0,0,0,0,0,0,0,0,0,0,0,0,0,0,0,0,0,0,0,0,0,0,0,0,0,0,0,0,0,0,0,0,0,
1,8_4,10_51_19,0.2755,0,0,0,0.2754743,,2.308,1.22644,-0.69,16.63822,318.6519,0,0.0000,0.0000,0.0000,0.0000,0.0000,0.0000,0,0,,,,,,,0,0,0,0,0,0,0,0,0,0,0,0,0,0,0,0,0,0,0,0,0,0,0,0,0,0,0,0,0,0,0,0,0,0,0,0,0,0,0,0,0,0,0,0,0,0,0,0,0,0,0,
1,8_4,10_51_19,0.2793,0,0,0,0.2793202,,2.308,1.22644,-0.69,16.65745,318.6519,-4.455855E-07,0.0000,0.0000,0.0000,0.0000,0.0000,0.0000,0,0,,,,,,,0,0,0,0,0,0,0,0,0,0,0,0,0,0,0,0,0,0,0,0,0,0,0,0,0,0,0,0,0,0,0,0,0,0,0,0,0,0,0,0,0,0,0,0,0,0,0,0,0,0,0,
1,8_4,10_51_19,0.2826,0,0,0,0.2826109,,2.308,1.22644,-0.69,16.65745,318.6519,-4.455855E-07,0.0000,0.0000,0.0000,0.0000,0.0000,0.0000,0,0,,,,,,,0,0,0,0,0,0,0,0,0,0,0,0,0,0,0,0,0,0,0,0,0,0,0,0,0,0,0,0,0,0,0,0,0,0,0,0,0,0,0,0,0,0,0,0,0,0,0,0,0,0,0,
1,8_4,10_51_19,0.2859,0,0,0,0.2859371,,2.308,1.22644,-0.69,16.65745,318.6519,-4.455855E-07,0.0000,0.0000,0.0000,0.0000,0.0000,0.0000,0,0,,,,,,,0,0,0,0,0,0,0,0,0,0,0,0,0,0,0,0,0,0,0,0,0,0,0,0,0,0,0,0,0,0,0,0,0,0,0,0,0,0,0,0,0,0,0,0,0,0,0,0,0,0,0,
1,8_4,10_51_19,0.2894,0,0,0,0.2893875,,2.308,1.22644,-0.69,16.65745,318.6519,-4.455855E-07,0.0000,0.0000,0.0000,0.0000,0.0000,0.0000,0,0,,,,,,,0,0,0,0,0,0,0,0,0,0,0,0,0,0,0,0,0,0,0,0,0,0,0,0,0,0,0,0,0,0,0,0,0,0,0,0,0,0,0,0,0,0,0,0,0,0,0,0,0,0,0,
1,8_4,10_51_19,0.2926,0,0,0,0.2926424,,2.308,1.22644,-0.69,16.65745,318.6519,-4.455855E-07,0.0000,0.0000,0.0000,0.0000,0.0000,0.0000,0,0,,,,,,,0,0,0,0,0,0,0,0,0,0,0,0,0,0,0,0,0,0,0,0,0,0,0,0,0,0,0,0,0,0,0,0,0,0,0,0,0,0,0,0,0,0,0,0,0,0,0,0,0,0,0,
1,8_4,10_51_19,0.2961,0,0,0,0.2961177,,2.308,1.22644,-0.69,16.65745,318.6519,-4.455855E-07,0.0000,0.0000,0.0000,0.0000,0.0000,0.0000,0,0,,,,,,,0,0,0,0,0,0,0,0,0,0,0,0,0,0,0,0,0,0,0,0,0,0,0,0,0,0,0,0,0,0,0,0,0,0,0,0,0,0,0,0,0,0,0,0,0,0,0,0,0,0,0,
1,8_4,10_51_19,0.2995,0,0,0,0.2995184,,2.308,1.22644,-0.69,16.65745,318.6519,-4.455855E-07,0.0000,0.0000,0.0000,0.0000,0.0000,0.0000,0,0,,,,,,,0,0,0,0,0,0,0,0,0,0,0,0,0,0,0,0,0,0,0,0,0,0,0,0,0,0,0,0,0,0,0,0,0,0,0,0,0,0,0,0,0,0,0,0,0,0,0,0,0,0,0,
1,8_4,10_51_19,0.3030,0,0,0,0.30302,,2.308,1.22644,-0.69,16.65745,318.6519,-4.455855E-07,0.0000,0.0000,0.0000,0.0000,0.0000,0.0000,0,0,,,,,,,0,0,0,0,0,0,0,0,0,0,0,0,0,0,0,0,0,0,0,0,0,0,0,0,0,0,0,0,0,0,0,0,0,0,0,0,0,0,0,0,0,0,0,0,0,0,0,0,0,0,0,
1,8_4,10_51_19,0.3070,0,0,0,0.3069533,,2.308,1.22644,-0.69,16.65745,318.6519,-4.455855E-07,0.0000,0.0000,0.0000,0.0000,0.0000,0.0000,0,0,,,,,,,0,0,0,0,0,0,0,0,0,0,0,0,0,0,0,0,0,0,0,0,0,0,0,0,0,0,0,0,0,0,0,0,0,0,0,0,0,0,0,0,0,0,0,0,0,0,0,0,0,0,0,
1,8_4,10_51_19,0.3110,0,0,0,0.310984,,2.308,1.22644,-0.69,16.65745,318.6519,-4.455855E-07,0.0000,0.0000,0.0000,0.0000,0.0000,0.0000,0,0,,,,,,,0,0,0,0,0,0,0,0,0,0,0,0,0,0,0,0,0,0,0,0,0,0,0,0,0,0,0,0,0,0,0,0,0,0,0,0,0,0,0,0,0,0,0,0,0,0,0,0,0,0,0,
1,8_4,10_51_19,0.3153,0,0,0,0.3153011,,2.308,1.22644,-0.69,16.65745,318.6519,-4.455855E-07,0.0000,0.0000,0.0000,0.0000,0.0000,0.0000,0,0,,,,,,,0,0,0,0,0,0,0,0,0,0,0,0,0,0,0,0,0,0,0,0,0,0,0,0,0,0,0,0,0,0,0,0,0,0,0,0,0,0,0,0,0,0,0,0,0,0,0,0,0,0,0,
1,8_4,10_51_19,0.3186,0,0,0,0.3186126,,2.308,1.22644,-0.69,16.65745,318.6519,-4.455855E-07,0.0000,0.0000,0.0000,0.0000,0.0000,0.0000,0,0,,,,,,,0,0,0,0,0,0,0,0,0,0,0,0,0,0,0,0,0,0,0,0,0,0,0,0,0,0,0,0,0,0,0,0,0,0,0,0,0,0,0,0,0,0,0,0,0,0,0,0,0,0,0,
1,8_4,10_51_19,0.3220,0,0,0,0.3219942,,2.308,1.22644,-0.69,16.65745,318.6519,-4.455855E-07,0.0000,0.0000,0.0000,0.0000,0.0000,0.0000,0,0,,,,,,,0,0,0,0,0,0,0,0,0,0,0,0,0,0,0,0,0,0,0,0,0,0,0,0,0,0,0,0,0,0,0,0,0,0,0,0,0,0,0,0,0,0,0,0,0,0,0,0,0,0,0,
1,8_4,10_51_19,0.3255,0,0,0,0.3254738,,2.308,1.22644,-0.69,16.65745,318.6519,-4.455855E-07,0.0000,0.0000,0.0000,0.0000,0.0000,0.0000,0,0,,,,,,,0,0,0,0,0,0,0,0,0,0,0,0,0,0,0,0,0,0,0,0,0,0,0,0,0,0,0,0,0,0,0,0,0,0,0,0,0,0,0,0,0,0,0,0,0,0,0,0,0,0,0,
1,8_4,10_51_19,0.3287,0,0,0,0.3286981,,2.308,1.22644,-0.69,16.65745,318.6519,-4.455855E-07,0.0000,0.0000,0.0000,0.0000,0.0000,0.0000,0,0,,,,,,,0,0,0,0,0,0,0,0,0,0,0,0,0,0,0,0,0,0,0,0,0,0,0,0,0,0,0,0,0,0,0,0,0,0,0,0,0,0,0,0,0,0,0,0,0,0,0,0,0,0,0,
1,8_4,10_51_19,0.3321,0,0,0,0.3321459,,2.308,1.22644,-0.69,16.65745,318.6519,-4.455855E-07,0.0000,0.0000,0.0000,0.0000,0.0000,0.0000,0,0,,,,,,,0,0,0,0,0,0,0,0,0,0,0,0,0,0,0,0,0,0,0,0,0,0,0,0,0,0,0,0,0,0,0,0,0,0,0,0,0,0,0,0,0,0,0,0,0,0,0,0,0,0,0,
1,8_4,10_51_19,0.3356,0,0,0,0.3356097,,2.308,1.22644,-0.69,16.65745,318.6519,-4.455855E-07,0.0000,0.0000,0.0000,0.0000,0.0000,0.0000,0,0,,,,,,,0,0,0,0,0,0,0,0,0,0,0,0,0,0,0,0,0,0,0,0,0,0,0,0,0,0,0,0,0,0,0,0,0,0,0,0,0,0,0,0,0,0,0,0,0,0,0,0,0,0,0,
1,8_4,10_51_19,0.3388,0,0,0,0.3387994,,2.308,1.22644,-0.69,16.65745,318.6519,-4.455855E-07,0.0000,0.0000,0.0000,0.0000,0.0000,0.0000,0,0,,,,,,,0,0,0,0,0,0,0,0,0,0,0,0,0,0,0,0,0,0,0,0,0,0,0,0,0,0,0,0,0,0,0,0,0,0,0,0,0,0,0,0,0,0,0,0,0,0,0,0,0,0,0,
1,8_4,10_51_19,0.3421,0,0,0,0.3420555,,2.308,1.22644,-0.69,16.65745,318.6519,-4.455855E-07,0.0000,0.0000,0.0000,0.0000,0.0000,0.0000,0,0,,,,,,,0,0,0,0,0,0,0,0,0,0,0,0,0,0,0,0,0,0,0,0,0,0,0,0,0,0,0,0,0,0,0,0,0,0,0,0,0,0,0,0,0,0,0,0,0,0,0,0,0,0,0,
1,8_4,10_51_19,0.3454,0,0,0,0.3454435,,2.308,1.22644,-0.69,16.65745,318.6519,-4.455855E-07,0.0000,0.0000,0.0000,0.0000,0.0000,0.0000,0,0,,,,,,,0,0,0,0,0,0,0,0,0,0,0,0,0,0,0,0,0,0,0,0,0,0,0,0,0,0,0,0,0,0,0,0,0,0,0,0,0,0,0,0,0,0,0,0,0,0,0,0,0,0,0,
1,8_4,10_51_19,0.3487,0,0,0,0.3487138,,2.308,1.22644,-0.69,16.65745,318.6519,-4.455855E-07,0.0000,0.0000,0.0000,0.0000,0.0000,0.0000,0,0,,,,,,,0,0,0,0,0,0,0,0,0,0,0,0,0,0,0,0,0,0,0,0,0,0,0,0,0,0,0,0,0,0,0,0,0,0,0,0,0,0,0,0,0,0,0,0,0,0,0,0,0,0,0,
1,8_4,10_51_19,0.3522,0,0,0,0.3521532,,2.308,1.22644,-0.69,16.65745,318.6519,-4.455855E-07,0.0000,0.0000,0.0000,0.0000,0.0000,0.0000,0,0,,,,,,,0,0,0,0,0,0,0,0,0,0,0,0,0,0,0,0,0,0,0,0,0,0,0,0,0,0,0,0,0,0,0,0,0,0,0,0,0,0,0,0,0,0,0,0,0,0,0,0,0,0,0,
1,8_4,10_51_19,0.3555,0,0,0,0.355456,,2.308,1.22644,-0.69,16.65745,318.6519,-4.455855E-07,0.0000,0.0000,0.0000,0.0000,0.0000,0.0000,0,0,,,,,,,0,0,0,0,0,0,0,0,0,0,0,0,0,0,0,0,0,0,0,0,0,0,0,0,0,0,0,0,0,0,0,0,0,0,0,0,0,0,0,0,0,0,0,0,0,0,0,0,0,0,0,
1,8_4,10_51_19,0.3586,0,0,0,0.3586208,,2.308,1.22644,-0.69,16.65745,318.6519,-4.455855E-07,0.0000,0.0000,0.0000,0.0000,0.0000,0.0000,0,0,,,,,,,0,0,0,0,0,0,0,0,0,0,0,0,0,0,0,0,0,0,0,0,0,0,0,0,0,0,0,0,0,0,0,0,0,0,0,0,0,0,0,0,0,0,0,0,0,0,0,0,0,0,0,
1,8_4,10_51_19,0.3624,0,0,0,0.3624201,,2.308,1.22644,-0.69,16.65745,318.6519,-4.455855E-07,0.0000,0.0000,0.0000,0.0000,0.0000,0.0000,0,0,,,,,,,0,0,0,0,0,0,0,0,0,0,0,0,0,0,0,0,0,0,0,0,0,0,0,0,0,0,0,0,0,0,0,0,0,0,0,0,0,0,0,0,0,0,0,0,0,0,0,0,0,0,0,
1,8_4,10_51_19,0.3659,0,0,0,0.3659079,,2.308,1.22644,-0.69,16.65745,318.6519,-4.455855E-07,0.0000,0.0000,0.0000,0.0000,0.0000,0.0000,0,0,,,,,,,0,0,0,0,0,0,0,0,0,0,0,0,0,0,0,0,0,0,0,0,0,0,0,0,0,0,0,0,0,0,0,0,0,0,0,0,0,0,0,0,0,0,0,0,0,0,0,0,0,0,0,
1,8_4,10_51_19,0.3704,0,0,0,0.3703523,,2.308,1.22644,-0.69,16.65745,318.6519,-4.455855E-07,0.0000,0.0000,0.0000,0.0000,0.0000,0.0000,0,0,,,,,,,0,0,0,0,0,0,0,0,0,0,0,0,0,0,0,0,0,0,0,0,0,0,0,0,0,0,0,0,0,0,0,0,0,0,0,0,0,0,0,0,0,0,0,0,0,0,0,0,0,0,0,
1,8_4,10_51_19,0.3736,0,0,0,0.3735874,,2.308,1.22644,-0.69,16.65745,318.6519,-4.455855E-07,0.0000,0.0000,0.0000,0.0000,0.0000,0.0000,0,0,,,,,,,0,0,0,0,0,0,0,0,0,0,0,0,0,0,0,0,0,0,0,0,0,0,0,0,0,0,0,0,0,0,0,0,0,0,0,0,0,0,0,0,0,0,0,0,0,0,0,0,0,0,0,
1,8_4,10_51_19,0.3768,0,0,0,0.3768434,,2.308,1.22644,-0.69,16.65745,318.6519,-4.455855E-07,0.0000,0.0000,0.0000,0.0000,0.0000,0.0000,0,0,,,,,,,0,0,0,0,0,0,0,0,0,0,0,0,0,0,0,0,0,0,0,0,0,0,0,0,0,0,0,0,0,0,0,0,0,0,0,0,0,0,0,0,0,0,0,0,0,0,0,0,0,0,0,
1,8_4,10_51_19,0.3800,0,0,0,0.3800069,,2.308,1.22644,-0.69,16.65745,318.6519,-4.455855E-07,0.0000,0.0000,0.0000,0.0000,0.0000,0.0000,0,0,,,,,,,0,0,0,0,0,0,0,0,0,0,0,0,0,0,0,0,0,0,0,0,0,0,0,0,0,0,0,0,0,0,0,0,0,0,0,0,0,0,0,0,0,0,0,0,0,0,0,0,0,0,0,
1,8_4,10_51_19,0.3839,0,0,0,0.3838804,,2.308,1.22644,-0.69,16.65745,318.6519,-4.455855E-07,0.0000,0.0000,0.0000,0.0000,0.0000,0.0000,0,0,,,,,,,0,0,0,0,0,0,0,0,0,0,0,0,0,0,0,0,0,0,0,0,0,0,0,0,0,0,0,0,0,0,0,0,0,0,0,0,0,0,0,0,0,0,0,0,0,0,0,0,0,0,0,
1,8_4,10_51_19,0.3871,0,0,0,0.3871254,,2.308,1.22644,-0.69,16.65745,318.6519,-4.455855E-07,0.0000,0.0000,0.0000,0.0000,0.0000,0.0000,0,0,,,,,,,0,0,0,0,0,0,0,0,0,0,0,0,0,0,0,0,0,0,0,0,0,0,0,0,0,0,0,0,0,0,0,0,0,0,0,0,0,0,0,0,0,0,0,0,0,0,0,0,0,0,0,
1,8_4,10_51_19,0.3904,0,0,0,0.3904438,,2.308,1.22644,-0.69,16.65745,318.6519,-4.455855E-07,0.0000,0.0000,0.0000,0.0000,0.0000,0.0000,0,0,,,,,,,0,0,0,0,0,0,0,0,0,0,0,0,0,0,0,0,0,0,0,0,0,0,0,0,0,0,0,0,0,0,0,0,0,0,0,0,0,0,0,0,0,0,0,0,0,0,0,0,0,0,0,
1,8_4,10_51_19,0.3937,0,0,0,0.3936782,,2.308,1.22644,-0.69,16.65745,318.6519,-4.455855E-07,0.0000,0.0000,0.0000,0.0000,0.0000,0.0000,0,0,,,,,,,0,0,0,0,0,0,0,0,0,0,0,0,0,0,0,0,0,0,0,0,0,0,0,0,0,0,0,0,0,0,0,0,0,0,0,0,0,0,0,0,0,0,0,0,0,0,0,0,0,0,0,
1,8_4,10_51_19,0.3969,0,0,0,0.396872,,2.308,1.22644,-0.69,16.65745,318.6519,-4.455855E-07,0.0000,0.0000,0.0000,0.0000,0.0000,0.0000,0,0,,,,,,,0,0,0,0,0,0,0,0,0,0,0,0,0,0,0,0,0,0,0,0,0,0,0,0,0,0,0,0,0,0,0,0,0,0,0,0,0,0,0,0,0,0,0,0,0,0,0,0,0,0,0,
1,8_4,10_51_19,0.4012,0,0,0,0.401229,,2.308,1.22644,-0.69,16.65745,318.6519,-4.455855E-07,0.0000,0.0000,0.0000,0.0000,0.0000,0.0000,0,0,,,,,,,0,0,0,0,0,0,0,0,0,0,0,0,0,0,0,0,0,0,0,0,0,0,0,0,0,0,0,0,0,0,0,0,0,0,0,0,0,0,0,0,0,0,0,0,0,0,0,0,0,0,0,
1,8_4,10_51_19,0.4047,0,0,0,0.4046543,,2.308,1.22644,-0.69,16.65745,318.6519,-4.455855E-07,0.0000,0.0000,0.0000,0.0000,0.0000,0.0000,0,0,,,,,,,0,0,0,0,0,0,0,0,0,0,0,0,0,0,0,0,0,0,0,0,0,0,0,0,0,0,0,0,0,0,0,0,0,0,0,0,0,0,0,0,0,0,0,0,0,0,0,0,0,0,0,
1,8_4,10_51_19,0.4078,0,0,0,0.4078336,,2.308,1.22644,-0.69,16.65745,318.6519,-4.455855E-07,0.0000,0.0000,0.0000,0.0000,0.0000,0.0000,0,0,,,,,,,0,0,0,0,0,0,0,0,0,0,0,0,0,0,0,0,0,0,0,0,0,0,0,0,0,0,0,0,0,0,0,0,0,0,0,0,0,0,0,0,0,0,0,0,0,0,0,0,0,0,0,
1,8_4,10_51_19,0.4110,0,0,0,0.4109585,,2.308,1.22644,-0.69,16.65745,318.6519,-4.455855E-07,0.0000,0.0000,0.0000,0.0000,0.0000,0.0000,0,0,,,,,,,0,0,0,0,0,0,0,0,0,0,0,0,0,0,0,0,0,0,0,0,0,0,0,0,0,0,0,0,0,0,0,0,0,0,0,0,0,0,0,0,0,0,0,0,0,0,0,0,0,0,0,
1,8_4,10_51_19,0.4141,0,0,0,0.414107,,2.308,1.22644,-0.69,16.65745,318.6519,-4.455855E-07,0.0000,0.0000,0.0000,0.0000,0.0000,0.0000,0,0,,,,,,,0,0,0,0,0,0,0,0,0,0,0,0,0,0,0,0,0,0,0,0,0,0,0,0,0,0,0,0,0,0,0,0,0,0,0,0,0,0,0,0,0,0,0,0,0,0,0,0,0,0,0,
1,8_4,10_51_19,0.4174,0,0,0,0.4174488,,2.308,1.22644,-0.69,16.65745,318.6519,-4.455855E-07,0.0000,0.0000,0.0000,0.0000,0.0000,0.0000,0,0,,,,,,,0,0,0,0,0,0,0,0,0,0,0,0,0,0,0,0,0,0,0,0,0,0,0,0,0,0,0,0,0,0,0,0,0,0,0,0,0,0,0,0,0,0,0,0,0,0,0,0,0,0,0,
1,8_4,10_51_19,0.4209,0,0,0,0.4208807,,2.308,1.22644,-0.69,16.65745,318.6519,-4.455855E-07,0.0000,0.0000,0.0000,0.0000,0.0000,0.0000,0,0,,,,,,,0,0,0,0,0,0,0,0,0,0,0,0,0,0,0,0,0,0,0,0,0,0,0,0,0,0,0,0,0,0,0,0,0,0,0,0,0,0,0,0,0,0,0,0,0,0,0,0,0,0,0,
1,8_4,10_51_19,0.4241,0,0,0,0.4241353,,2.308,1.22644,-0.69,16.65745,318.6519,-4.455855E-07,0.0000,0.0000,0.0000,0.0000,0.0000,0.0000,0,0,,,,,,,0,0,0,0,0,0,0,0,0,0,0,0,0,0,0,0,0,0,0,0,0,0,0,0,0,0,0,0,0,0,0,0,0,0,0,0,0,0,0,0,0,0,0,0,0,0,0,0,0,0,0,
1,8_4,10_51_19,0.4273,0,0,0,0.4272829,,2.308,1.22644,-0.69,16.65745,318.6519,-4.455855E-07,0.0000,0.0000,0.0000,0.0000,0.0000,0.0000,0,0,,,,,,,0,0,0,0,0,0,0,0,0,0,0,0,0,0,0,0,0,0,0,0,0,0,0,0,0,0,0,0,0,0,0,0,0,0,0,0,0,0,0,0,0,0,0,0,0,0,0,0,0,0,0,
1,8_4,10_51_19,0.4304,0,0,0,0.4303768,,2.308,1.22644,-0.69,16.65745,318.6519,-4.455855E-07,0.0000,0.0000,0.0000,0.0000,0.0000,0.0000,0,0,,,,,,,0,0,0,0,0,0,0,0,0,0,0,0,0,0,0,0,0,0,0,0,0,0,0,0,0,0,0,0,0,0,0,0,0,0,0,0,0,0,0,0,0,0,0,0,0,0,0,0,0,0,0,
1,8_4,10_51_19,0.4336,0,0,0,0.4335677,,2.308,1.22644,-0.69,16.65745,318.6519,-4.455855E-07,0.0000,0.0000,0.0000,0.0000,0.0000,0.0000,0,0,,,,,,,0,0,0,0,0,0,0,0,0,0,0,0,0,0,0,0,0,0,0,0,0,0,0,0,0,0,0,0,0,0,0,0,0,0,0,0,0,0,0,0,0,0,0,0,0,0,0,0,0,0,0,
1,8_4,10_51_19,0.4368,0,0,0,0.4367633,,2.308,1.22644,-0.69,16.65745,318.6519,-4.455855E-07,0.0000,0.0000,0.0000,0.0000,0.0000,0.0000,0,0,,,,,,,0,0,0,0,0,0,0,0,0,0,0,0,0,0,0,0,0,0,0,0,0,0,0,0,0,0,0,0,0,0,0,0,0,0,0,0,0,0,0,0,0,0,0,0,0,0,0,0,0,0,0,
1,8_4,10_51_19,0.4399,0,0,0,0.4399169,,2.308,1.22644,-0.69,16.65745,318.6519,-4.455855E-07,0.0000,0.0000,0.0000,0.0000,0.0000,0.0000,0,0,,,,,,,0,0,0,0,0,0,0,0,0,0,0,0,0,0,0,0,0,0,0,0,0,0,0,0,0,0,0,0,0,0,0,0,0,0,0,0,0,0,0,0,0,0,0,0,0,0,0,0,0,0,0,
1,8_4,10_51_19,0.4432,0,0,0,0.4432096,,2.308,1.22644,-0.69,16.65745,318.6519,-4.455855E-07,0.0000,0.0000,0.0000,0.0000,0.0000,0.0000,0,0,,,,,,,0,0,0,0,0,0,0,0,0,0,0,0,0,0,0,0,0,0,0,0,0,0,0,0,0,0,0,0,0,0,0,0,0,0,0,0,0,0,0,0,0,0,0,0,0,0,0,0,0,0,0,
1,8_4,10_51_19,0.4467,0,0,0,0.4466554,,2.308,1.22644,-0.69,16.65745,318.6519,-4.455855E-07,0.0000,0.0000,0.0000,0.0000,0.0000,0.0000,0,0,,,,,,,0,0,0,0,0,0,0,0,0,0,0,0,0,0,0,0,0,0,0,0,0,0,0,0,0,0,0,0,0,0,0,0,0,0,0,0,0,0,0,0,0,0,0,0,0,0,0,0,0,0,0,
1,8_4,10_51_19,0.4503,0,0,0,0.4503341,,2.308,1.22644,-0.69,16.65745,318.6519,-4.455855E-07,0.0000,0.0000,0.0000,0.0000,0.0000,0.0000,0,0,,,,,,,0,0,0,0,0,0,0,0,0,0,0,0,0,0,0,0,0,0,0,0,0,0,0,0,0,0,0,0,0,0,0,0,0,0,0,0,0,0,0,0,0,0,0,0,0,0,0,0,0,0,0,
1,8_4,10_51_19,0.4535,0,0,0,0.4534818,,2.308,1.22644,-0.69,16.65745,318.6519,-4.455855E-07,0.0000,0.0000,0.0000,0.0000,0.0000,0.0000,0,0,,,,,,,0,0,0,0,0,0,0,0,0,0,0,0,0,0,0,0,0,0,0,0,0,0,0,0,0,0,0,0,0,0,0,0,0,0,0,0,0,0,0,0,0,0,0,0,0,0,0,0,0,0,0,
1,8_4,10_51_19,0.4568,0,0,0,0.4568417,,2.308,1.22644,-0.69,16.65745,318.6519,-4.455855E-07,0.0000,0.0000,0.0000,0.0000,0.0000,0.0000,0,0,,,,,,,0,0,0,0,0,0,0,0,0,0,0,0,0,0,0,0,0,0,0,0,0,0,0,0,0,0,0,0,0,0,0,0,0,0,0,0,0,0,0,0,0,0,0,0,0,0,0,0,0,0,0,
1,8_4,10_51_19,0.4600,0,0,0,0.4599782,,2.308,1.22644,-0.69,16.65745,318.6519,-4.455855E-07,0.0000,0.0000,0.0000,0.0000,0.0000,0.0000,0,0,,,,,,,0,0,0,0,0,0,0,0,0,0,0,0,0,0,0,0,0,0,0,0,0,0,0,0,0,0,0,0,0,0,0,0,0,0,0,0,0,0,0,0,0,0,0,0,0,0,0,0,0,0,0,
1,8_4,10_51_19,0.4630,0,0,0,0.4630159,,2.308,1.22644,-0.69,16.65745,318.6519,-4.455855E-07,0.0000,0.0000,0.0000,0.0000,0.0000,0.0000,0,0,,,,,,,0,0,0,0,0,0,0,0,0,0,0,0,0,0,0,0,0,0,0,0,0,0,0,0,0,0,0,0,0,0,0,0,0,0,0,0,0,0,0,0,0,0,0,0,0,0,0,0,0,0,0,
1,8_4,10_51_19,0.4662,0,0,0,0.4662277,,2.308,1.22644,-0.69,16.65745,318.6519,-4.455855E-07,0.0000,0.0000,0.0000,0.0000,0.0000,0.0000,0,0,,,,,,,0,0,0,0,0,0,0,0,0,0,0,0,0,0,0,0,0,0,0,0,0,0,0,0,0,0,0,0,0,0,0,0,0,0,0,0,0,0,0,0,0,0,0,0,0,0,0,0,0,0,0,
1,8_4,10_51_19,0.4694,0,0,0,0.4694255,,2.308,1.22644,-0.69,16.65745,318.6519,-4.455855E-07,0.0000,0.0000,0.0000,0.0000,0.0000,0.0000,0,0,,,,,,,0,0,0,0,0,0,0,0,0,0,0,0,0,0,0,0,0,0,0,0,0,0,0,0,0,0,0,0,0,0,0,0,0,0,0,0,0,0,0,0,0,0,0,0,0,0,0,0,0,0,0,
1,8_4,10_51_19,0.4726,0,0,0,0.4725584,,2.308,1.22644,-0.69,16.65745,318.6519,-4.455855E-07,0.0000,0.0000,0.0000,0.0000,0.0000,0.0000,0,0,,,,,,,0,0,0,0,0,0,0,0,0,0,0,0,0,0,0,0,0,0,0,0,0,0,0,0,0,0,0,0,0,0,0,0,0,0,0,0,0,0,0,0,0,0,0,0,0,0,0,0,0,0,0,
1,8_4,10_51_19,0.4757,0,0,0,0.4757004,,2.308,1.22644,-0.69,16.65745,318.6519,-4.455855E-07,0.0000,0.0000,0.0000,0.0000,0.0000,0.0000,0,0,,,,,,,0,0,0,0,0,0,0,0,0,0,0,0,0,0,0,0,0,0,0,0,0,0,0,0,0,0,0,0,0,0,0,0,0,0,0,0,0,0,0,0,0,0,0,0,0,0,0,0,0,0,0,
1,8_4,10_51_19,0.4788,0,0,0,0.4788136,,2.308,1.22644,-0.69,16.65745,318.6519,-4.455855E-07,0.0000,0.0000,0.0000,0.0000,0.0000,0.0000,0,0,,,,,,,0,0,0,0,0,0,0,0,0,0,0,0,0,0,0,0,0,0,0,0,0,0,0,0,0,0,0,0,0,0,0,0,0,0,0,0,0,0,0,0,0,0,0,0,0,0,0,0,0,0,0,
1,8_4,10_51_19,0.4820,0,0,0,0.4819945,,2.308,1.22644,-0.69,16.65745,318.6519,-4.455855E-07,0.0000,0.0000,0.0000,0.0000,0.0000,0.0000,0,0,,,,,,,0,0,0,0,0,0,0,0,0,0,0,0,0,0,0,0,0,0,0,0,0,0,0,0,0,0,0,0,0,0,0,0,0,0,0,0,0,0,0,0,0,0,0,0,0,0,0,0,0,0,0,
1,8_4,10_51_19,0.4853,0,0,0,0.4853008,,2.308,1.22644,-0.69,16.65745,318.6519,-4.455855E-07,0.0000,0.0000,0.0000,0.0000,0.0000,0.0000,0,0,,,,,,,0,0,0,0,0,0,0,0,0,0,0,0,0,0,0,0,0,0,0,0,0,0,0,0,0,0,0,0,0,0,0,0,0,0,0,0,0,0,0,0,0,0,0,0,0,0,0,0,0,0,0,
1,8_4,10_51_19,0.4884,0,0,0,0.4884345,,2.308,1.22644,-0.69,16.65745,318.6519,-4.455855E-07,0.0000,0.0000,0.0000,0.0000,0.0000,0.0000,0,0,,,,,,,0,0,0,0,0,0,0,0,0,0,0,0,0,0,0,0,0,0,0,0,0,0,0,0,0,0,0,0,0,0,0,0,0,0,0,0,0,0,0,0,0,0,0,0,0,0,0,0,0,0,0,
1,8_4,10_51_19,0.4916,0,0,0,0.4916081,,2.308,1.22644,-0.69,16.65745,318.6519,-4.455855E-07,0.0000,0.0000,0.0000,0.0000,0.0000,0.0000,0,0,,,,,,,0,0,0,0,0,0,0,0,0,0,0,0,0,0,0,0,0,0,0,0,0,0,0,0,0,0,0,0,0,0,0,0,0,0,0,0,0,0,0,0,0,0,0,0,0,0,0,0,0,0,0,
1,8_4,10_51_19,0.4948,0,0,0,0.4947931,,2.308,1.22644,-0.69,16.65745,318.6519,-4.455855E-07,0.0000,0.0000,0.0000,0.0000,0.0000,0.0000,0,0,,,,,,,0,0,0,0,0,0,0,0,0,0,0,0,0,0,0,0,0,0,0,0,0,0,0,0,0,0,0,0,0,0,0,0,0,0,0,0,0,0,0,0,0,0,0,0,0,0,0,0,0,0,0,
1,8_4,10_51_19,0.4980,0,0,0,0.4979967,,2.308,1.22644,-0.69,16.65745,318.6519,-4.455855E-07,0.0000,0.0000,0.0000,0.0000,0.0000,0.0000,0,0,,,,,,,0,0,0,0,0,0,0,0,0,0,0,0,0,0,0,0,0,0,0,0,0,0,0,0,0,0,0,0,0,0,0,0,0,0,0,0,0,0,0,0,0,0,0,0,0,0,0,0,0,0,0,
1,8_4,10_51_19,0.5012,0,0,0,0.5012398,,2.308,1.22644,-0.69,16.65745,318.6519,-4.455855E-07,0.0000,0.0000,0.0000,0.0000,0.0000,0.0000,0,0,,,,,,,0,0,0,0,0,0,0,0,0,0,0,0,0,0,0,0,0,0,0,0,0,0,0,0,0,0,0,0,0,0,0,0,0,0,0,0,0,0,0,0,0,0,0,0,0,0,0,0,0,0,0,
1,8_4,10_51_19,0.5047,0,0,0,0.5047216,,2.308,1.22644,-0.69,16.65745,318.6519,-4.455855E-07,0.0000,0.0000,0.0000,0.0000,0.0000,0.0000,0,0,,,,,,,0,0,0,0,0,0,0,0,0,0,0,0,0,0,0,0,0,0,0,0,0,0,0,0,0,0,0,0,0,0,0,0,0,0,0,0,0,0,0,0,0,0,0,0,0,0,0,0,0,0,0,
1,8_4,10_51_19,0.5090,0,0,0,0.5090248,,2.308,1.22644,-0.69,16.65745,318.6519,-4.455855E-07,0.0000,0.0000,0.0000,0.0000,0.0000,0.0000,0,0,,,,,,,0,0,0,0,0,0,0,0,0,0,0,0,0,0,0,0,0,0,0,0,0,0,0,0,0,0,0,0,0,0,0,0,0,0,0,0,0,0,0,0,0,0,0,0,0,0,0,0,0,0,0,
1,8_4,10_51_19,0.5128,0,0,0,0.5127895,,2.308,1.22644,-0.69,16.65745,318.6519,-4.455855E-07,0.0000,0.0000,0.0000,0.0000,0.0000,0.0000,0,0,,,,,,,0,0,0,0,0,0,0,0,0,0,0,0,0,0,0,0,0,0,0,0,0,0,0,0,0,0,0,0,0,0,0,0,0,0,0,0,0,0,0,0,0,0,0,0,0,0,0,0,0,0,0,
1,8_4,10_51_19,0.5160,0,0,0,0.515978,,2.308,1.22644,-0.69,16.65745,318.6519,-4.455855E-07,0.0000,0.0000,0.0000,0.0000,0.0000,0.0000,0,0,,,,,,,0,0,0,0,0,0,0,0,0,0,0,0,0,0,0,0,0,0,0,0,0,0,0,0,0,0,0,0,0,0,0,0,0,0,0,0,0,0,0,0,0,0,0,0,0,0,0,0,0,0,0,
1,8_4,10_51_19,0.5194,0,0,0,0.5193842,,2.308,1.22644,-0.69,16.65745,318.6519,-4.455855E-07,0.0000,0.0000,0.0000,0.0000,0.0000,0.0000,0,0,,,,,,,0,0,0,0,0,0,0,0,0,0,0,0,0,0,0,0,0,0,0,0,0,0,0,0,0,0,0,0,0,0,0,0,0,0,0,0,0,0,0,0,0,0,0,0,0,0,0,0,0,0,0,
1,8_4,10_51_19,0.5226,0,0,0,0.5225637,,2.308,1.22644,-0.69,16.65745,318.6519,-4.455855E-07,0.0000,0.0000,0.0000,0.0000,0.0000,0.0000,0,0,,,,,,,0,0,0,0,0,0,0,0,0,0,0,0,0,0,0,0,0,0,0,0,0,0,0,0,0,0,0,0,0,0,0,0,0,0,0,0,0,0,0,0,0,0,0,0,0,0,0,0,0,0,0,
1,8_4,10_51_19,0.5260,0,0,0,0.5259928,,2.308,1.22644,-0.69,16.65745,318.6519,-4.455855E-07,0.0000,0.0000,0.0000,0.0000,0.0000,0.0000,0,0,,,,,,,0,0,0,0,0,0,0,0,0,0,0,0,0,0,0,0,0,0,0,0,0,0,0,0,0,0,0,0,0,0,0,0,0,0,0,0,0,0,0,0,0,0,0,0,0,0,0,0,0,0,0,
1,8_4,10_51_19,0.5291,0,0,0,0.5291201,,2.308,1.22644,-0.69,16.65745,318.6519,-4.455855E-07,0.0000,0.0000,0.0000,0.0000,0.0000,0.0000,0,0,,,,,,,0,0,0,0,0,0,0,0,0,0,0,0,0,0,0,0,0,0,0,0,0,0,0,0,0,0,0,0,0,0,0,0,0,0,0,0,0,0,0,0,0,0,0,0,0,0,0,0,0,0,0,
1,8_4,10_51_19,0.5323,0,0,0,0.5322884,,2.308,1.22644,-0.69,16.65745,318.6519,-4.455855E-07,0.0000,0.0000,0.0000,0.0000,0.0000,0.0000,0,0,,,,,,,0,0,0,0,0,0,0,0,0,0,0,0,0,0,0,0,0,0,0,0,0,0,0,0,0,0,0,0,0,0,0,0,0,0,0,0,0,0,0,0,0,0,0,0,0,0,0,0,0,0,0,
1,8_4,10_51_19,0.5355,0,0,0,0.5354821,,2.308,1.22644,-0.69,16.65745,318.6519,-4.455855E-07,0.0000,0.0000,0.0000,0.0000,0.0000,0.0000,0,0,,,,,,,0,0,0,0,0,0,0,0,0,0,0,0,0,0,0,0,0,0,0,0,0,0,0,0,0,0,0,0,0,0,0,0,0,0,0,0,0,0,0,0,0,0,0,0,0,0,0,0,0,0,0,
1,8_4,10_51_19,0.5387,0,0,0,0.5386734,,2.308,1.22644,-0.69,16.65745,318.6519,-4.455855E-07,0.0000,0.0000,0.0000,0.0000,0.0000,0.0000,0,0,,,,,,,0,0,0,0,0,0,0,0,0,0,0,0,0,0,0,0,0,0,0,0,0,0,0,0,0,0,0,0,0,0,0,0,0,0,0,0,0,0,0,0,0,0,0,0,0,0,0,0,0,0,0,
1,8_4,10_51_19,0.5419,0,0,0,0.5418693,,2.308,1.22644,-0.69,16.65745,318.6519,-4.455855E-07,0.0000,0.0000,0.0000,0.0000,0.0000,0.0000,0,0,,,,,,,0,0,0,0,0,0,0,0,0,0,0,0,0,0,0,0,0,0,0,0,0,0,0,0,0,0,0,0,0,0,0,0,0,0,0,0,0,0,0,0,0,0,0,0,0,0,0,0,0,0,0,
1,8_4,10_51_19,0.5451,0,0,0,0.5451356,,2.308,1.22644,-0.69,16.65745,318.6519,-4.455855E-07,0.0000,0.0000,0.0000,0.0000,0.0000,0.0000,0,0,,,,,,,0,0,0,0,0,0,0,0,0,0,0,0,0,0,0,0,0,0,0,0,0,0,0,0,0,0,0,0,0,0,0,0,0,0,0,0,0,0,0,0,0,0,0,0,0,0,0,0,0,0,0,
1,8_4,10_51_19,0.5484,0,0,0,0.5483546,,2.308,1.22644,-0.69,16.65745,318.6519,-4.455855E-07,0.0000,0.0000,0.0000,0.0000,0.0000,0.0000,0,0,,,,,,,0,0,0,0,0,0,0,0,0,0,0,0,0,0,0,0,0,0,0,0,0,0,0,0,0,0,0,0,0,0,0,0,0,0,0,0,0,0,0,0,0,0,0,0,0,0,0,0,0,0,0,
1,8_4,10_51_19,0.5515,0,0,0,0.5515159,,2.308,1.22644,-0.69,16.65745,318.6519,-4.455855E-07,0.0000,0.0000,0.0000,0.0000,0.0000,0.0000,0,0,,,,,,,0,0,0,0,0,0,0,0,0,0,0,0,0,0,0,0,0,0,0,0,0,0,0,0,0,0,0,0,0,0,0,0,0,0,0,0,0,0,0,0,0,0,0,0,0,0,0,0,0,0,0,
1,8_4,10_51_19,0.5548,0,0,0,0.5547971,,2.308,1.22644,-0.69,16.65745,318.6519,-4.455855E-07,0.0000,0.0000,0.0000,0.0000,0.0000,0.0000,0,0,,,,,,,0,0,0,0,0,0,0,0,0,0,0,0,0,0,0,0,0,0,0,0,0,0,0,0,0,0,0,0,0,0,0,0,0,0,0,0,0,0,0,0,0,0,0,0,0,0,0,0,0,0,0,
1,8_4,10_51_19,0.5580,0,0,0,0.5580491,,2.308,1.22644,-0.69,16.65745,318.6519,-4.455855E-07,0.0000,0.0000,0.0000,0.0000,0.0000,0.0000,0,0,,,,,,,0,0,0,0,0,0,0,0,0,0,0,0,0,0,0,0,0,0,0,0,0,0,0,0,0,0,0,0,0,0,0,0,0,0,0,0,0,0,0,0,0,0,0,0,0,0,0,0,0,0,0,
1,8_4,10_51_19,0.5614,0,0,0,0.5614315,,2.308,1.22644,-0.69,16.65745,318.6519,-4.455855E-07,0.0000,0.0000,0.0000,0.0000,0.0000,0.0000,0,0,,,,,,,0,0,0,0,0,0,0,0,0,0,0,0,0,0,0,0,0,0,0,0,0,0,0,0,0,0,0,0,0,0,0,0,0,0,0,0,0,0,0,0,0,0,0,0,0,0,0,0,0,0,0,
1,8_4,10_51_19,0.5652,0,0,0,0.5651736,,2.308,1.22644,-0.69,16.65745,318.6519,-4.455855E-07,0.0000,0.0000,0.0000,0.0000,0.0000,0.0000,0,0,,,,,,,0,0,0,0,0,0,0,0,0,0,0,0,0,0,0,0,0,0,0,0,0,0,0,0,0,0,0,0,0,0,0,0,0,0,0,0,0,0,0,0,0,0,0,0,0,0,0,0,0,0,0,
1,8_4,10_51_19,0.5685,0,0,0,0.5684699,,2.308,1.22644,-0.69,16.65745,318.6519,-4.455855E-07,0.0000,0.0000,0.0000,0.0000,0.0000,0.0000,0,0,,,,,,,0,0,0,0,0,0,0,0,0,0,0,0,0,0,0,0,0,0,0,0,0,0,0,0,0,0,0,0,0,0,0,0,0,0,0,0,0,0,0,0,0,0,0,0,0,0,0,0,0,0,0,
1,8_4,10_51_19,0.5717,0,0,0,0.5717056,,2.308,1.22644,-0.69,16.65745,318.6519,-4.455855E-07,0.0000,0.0000,0.0000,0.0000,0.0000,0.0000,0,0,,,,,,,0,0,0,0,0,0,0,0,0,0,0,0,0,0,0,0,0,0,0,0,0,0,0,0,0,0,0,0,0,0,0,0,0,0,0,0,0,0,0,0,0,0,0,0,0,0,0,0,0,0,0,
1,8_4,10_51_19,0.5749,0,0,0,0.5749466,,2.308,1.22644,-0.69,16.65745,318.6519,-4.455855E-07,0.0000,0.0000,0.0000,0.0000,0.0000,0.0000,0,0,,,,,,,0,0,0,0,0,0,0,0,0,0,0,0,0,0,0,0,0,0,0,0,0,0,0,0,0,0,0,0,0,0,0,0,0,0,0,0,0,0,0,0,0,0,0,0,0,0,0,0,0,0,0,
1,8_4,10_51_19,0.5781,0,0,0,0.5780929,,2.308,1.22644,-0.69,16.65745,318.6519,-4.455855E-07,0.0000,0.0000,0.0000,0.0000,0.0000,0.0000,0,0,,,,,,,0,0,0,0,0,0,0,0,0,0,0,0,0,0,0,0,0,0,0,0,0,0,0,0,0,0,0,0,0,0,0,0,0,0,0,0,0,0,0,0,0,0,0,0,0,0,0,0,0,0,0,
1,8_4,10_51_19,0.5813,0,0,0,0.581315,,2.308,1.22644,-0.69,16.65745,318.6519,-4.455855E-07,0.0000,0.0000,0.0000,0.0000,0.0000,0.0000,0,0,,,,,,,0,0,0,0,0,0,0,0,0,0,0,0,0,0,0,0,0,0,0,0,0,0,0,0,0,0,0,0,0,0,0,0,0,0,0,0,0,0,0,0,0,0,0,0,0,0,0,0,0,0,0,
1,8_4,10_51_19,0.5848,0,0,0,0.5848321,,2.308,1.22644,-0.69,16.65745,318.6519,-4.455855E-07,0.0000,0.0000,0.0000,0.0000,0.0000,0.0000,0,0,,,,,,,0,0,0,0,0,0,0,0,0,0,0,0,0,0,0,0,0,0,0,0,0,0,0,0,0,0,0,0,0,0,0,0,0,0,0,0,0,0,0,0,0,0,0,0,0,0,0,0,0,0,0,
1,8_4,10_51_19,0.5881,0,0,0,0.5880548,,2.308,1.22644,-0.69,16.65745,318.6519,-4.455855E-07,0.0000,0.0000,0.0000,0.0000,0.0000,0.0000,0,0,,,,,,,0,0,0,0,0,0,0,0,0,0,0,0,0,0,0,0,0,0,0,0,0,0,0,0,0,0,0,0,0,0,0,0,0,0,0,0,0,0,0,0,0,0,0,0,0,0,0,0,0,0,0,
1,8_4,10_51_19,0.5911,0,0,0,0.5911398,,2.308,1.22644,-0.69,16.65745,318.6519,-4.455855E-07,0.0000,0.0000,0.0000,0.0000,0.0000,0.0000,0,0,,,,,,,0,0,0,0,0,0,0,0,0,0,0,0,0,0,0,0,0,0,0,0,0,0,0,0,0,0,0,0,0,0,0,0,0,0,0,0,0,0,0,0,0,0,0,0,0,0,0,0,0,0,0,
1,8_4,10_51_19,0.5944,0,0,0,0.5943636,,2.308,1.22644,-0.69,16.65745,318.6519,-4.455855E-07,0.0000,0.0000,0.0000,0.0000,0.0000,0.0000,0,0,,,,,,,0,0,0,0,0,0,0,0,0,0,0,0,0,0,0,0,0,0,0,0,0,0,0,0,0,0,0,0,0,0,0,0,0,0,0,0,0,0,0,0,0,0,0,0,0,0,0,0,0,0,0,
1,8_4,10_51_19,0.5976,0,0,0,0.597627,,2.308,1.22644,-0.69,16.65745,318.6519,-4.455855E-07,0.0000,0.0000,0.0000,0.0000,0.0000,0.0000,0,0,,,,,,,0,0,0,0,0,0,0,0,0,0,0,0,0,0,0,0,0,0,0,0,0,0,0,0,0,0,0,0,0,0,0,0,0,0,0,0,0,0,0,0,0,0,0,0,0,0,0,0,0,0,0,
1,8_4,10_51_19,0.6021,0,0,0,0.6020976,,2.308,1.22644,-0.69,16.65745,318.6519,-4.455855E-07,0.0000,0.0000,0.0000,0.0000,0.0000,0.0000,0,0,,,,,,,0,0,0,0,0,0,0,0,0,0,0,0,0,0,0,0,0,0,0,0,0,0,0,0,0,0,0,0,0,0,0,0,0,0,0,0,0,0,0,0,0,0,0,0,0,0,0,0,0,0,0,
1,8_4,10_51_19,0.6054,0,0,0,0.6054471,,2.308,1.22644,-0.69,16.65745,318.6519,-4.455855E-07,0.0000,0.0000,0.0000,0.0000,0.0000,0.0000,0,0,,,,,,,0,0,0,0,0,0,0,0,0,0,0,0,0,0,0,0,0,0,0,0,0,0,0,0,0,0,0,0,0,0,0,0,0,0,0,0,0,0,0,0,0,0,0,0,0,0,0,0,0,0,0,
1,8_4,10_51_19,0.6086,0,0,0,0.6085974,,2.308,1.22644,-0.69,16.65745,318.6519,-4.455855E-07,0.0000,0.0000,0.0000,0.0000,0.0000,0.0000,0,0,,,,,,,0,0,0,0,0,0,0,0,0,0,0,0,0,0,0,0,0,0,0,0,0,0,0,0,0,0,0,0,0,0,0,0,0,0,0,0,0,0,0,0,0,0,0,0,0,0,0,0,0,0,0,
1,8_4,10_51_19,0.6117,0,0,0,0.611749,,2.308,1.22644,-0.69,16.65745,318.6519,-4.455855E-07,0.0000,0.0000,0.0000,0.0000,0.0000,0.0000,0,0,,,,,,,0,0,0,0,0,0,0,0,0,0,0,0,0,0,0,0,0,0,0,0,0,0,0,0,0,0,0,0,0,0,0,0,0,0,0,0,0,0,0,0,0,0,0,0,0,0,0,0,0,0,0,
1,8_4,10_51_19,0.6150,0,0,0,0.6149522,,2.308,1.22644,-0.69,16.65745,318.6519,-4.455855E-07,0.0000,0.0000,0.0000,0.0000,0.0000,0.0000,0,0,,,,,,,0,0,0,0,0,0,0,0,0,0,0,0,0,0,0,0,0,0,0,0,0,0,0,0,0,0,0,0,0,0,0,0,0,0,0,0,0,0,0,0,0,0,0,0,0,0,0,0,0,0,0,
1,8_4,10_51_19,0.6181,0,0,0,0.6180826,,2.308,1.22644,-0.69,16.65745,318.6519,-4.455855E-07,0.0000,0.0000,0.0000,0.0000,0.0000,0.0000,0,0,,,,,,,0,0,0,0,0,0,0,0,0,0,0,0,0,0,0,0,0,0,0,0,0,0,0,0,0,0,0,0,0,0,0,0,0,0,0,0,0,0,0,0,0,0,0,0,0,0,0,0,0,0,0,
1,8_4,10_51_19,0.6213,0,0,0,0.6213051,,2.308,1.22644,-0.69,16.65745,318.6519,-4.455855E-07,0.0000,0.0000,0.0000,0.0000,0.0000,0.0000,0,0,,,,,,,0,0,0,0,0,0,0,0,0,0,0,0,0,0,0,0,0,0,0,0,0,0,0,0,0,0,0,0,0,0,0,0,0,0,0,0,0,0,0,0,0,0,0,0,0,0,0,0,0,0,0,
1,8_4,10_51_19,0.6248,0,0,0,0.6247982,,2.308,1.22644,-0.69,16.65745,318.6519,-4.455855E-07,0.0000,0.0000,0.0000,0.0000,0.0000,0.0000,0,0,,,,,,,0,0,0,0,0,0,0,0,0,0,0,0,0,0,0,0,0,0,0,0,0,0,0,0,0,0,0,0,0,0,0,0,0,0,0,0,0,0,0,0,0,0,0,0,0,0,0,0,0,0,0,
1,8_4,10_51_19,0.6282,0,0,0,0.6282134,,2.308,1.22644,-0.69,16.65745,318.6519,-4.455855E-07,0.0000,0.0000,0.0000,0.0000,0.0000,0.0000,0,0,,,,,,,0,0,0,0,0,0,0,0,0,0,0,0,0,0,0,0,0,0,0,0,0,0,0,0,0,0,0,0,0,0,0,0,0,0,0,0,0,0,0,0,0,0,0,0,0,0,0,0,0,0,0,
1,8_4,10_51_19,0.6314,0,0,0,0.6313675,,2.308,1.22644,-0.69,16.65745,318.6519,-4.455855E-07,0.0000,0.0000,0.0000,0.0000,0.0000,0.0000,0,0,,,,,,,0,0,0,0,0,0,0,0,0,0,0,0,0,0,0,0,0,0,0,0,0,0,0,0,0,0,0,0,0,0,0,0,0,0,0,0,0,0,0,0,0,0,0,0,0,0,0,0,0,0,0,
1,8_4,10_51_19,0.6345,0,0,0,0.6345384,,2.308,1.22644,-0.69,16.65745,318.6519,-4.455855E-07,0.0000,0.0000,0.0000,0.0000,0.0000,0.0000,0,0,,,,,,,0,0,0,0,0,0,0,0,0,0,0,0,0,0,0,0,0,0,0,0,0,0,0,0,0,0,0,0,0,0,0,0,0,0,0,0,0,0,0,0,0,0,0,0,0,0,0,0,0,0,0,
1,8_4,10_51_19,0.6377,0,0,0,0.6376707,,2.308,1.22644,-0.69,16.65745,318.6519,-4.455855E-07,0.0000,0.0000,0.0000,0.0000,0.0000,0.0000,0,0,,,,,,,0,0,0,0,0,0,0,0,0,0,0,0,0,0,0,0,0,0,0,0,0,0,0,0,0,0,0,0,0,0,0,0,0,0,0,0,0,0,0,0,0,0,0,0,0,0,0,0,0,0,0,
1,8_4,10_51_19,0.6408,0,0,0,0.6408203,,2.308,1.22644,-0.69,16.65745,318.6519,-4.455855E-07,0.0000,0.0000,0.0000,0.0000,0.0000,0.0000,0,0,,,,,,,0,0,0,0,0,0,0,0,0,0,0,0,0,0,0,0,0,0,0,0,0,0,0,0,0,0,0,0,0,0,0,0,0,0,0,0,0,0,0,0,0,0,0,0,0,0,0,0,0,0,0,
1,8_4,10_51_20,0.6440,0,0,0,0.6440346,,2.308,1.22644,-0.69,16.65745,318.6519,-4.455855E-07,0.0000,0.0000,0.0000,0.0000,0.0000,0.0000,0,0,,,,,,,0,0,0,0,0,0,0,0,0,0,0,0,0,0,0,0,0,0,0,0,0,0,0,0,0,0,0,0,0,0,0,0,0,0,0,0,0,0,0,0,0,0,0,0,0,0,0,0,0,0,0,
1,8_4,10_51_20,0.6472,0,0,0,0.6472204,,2.308,1.22644,-0.69,16.65745,318.6519,-4.455855E-07,0.0000,0.0000,0.0000,0.0000,0.0000,0.0000,0,0,,,,,,,0,0,0,0,0,0,0,0,0,0,0,0,0,0,0,0,0,0,0,0,0,0,0,0,0,0,0,0,0,0,0,0,0,0,0,0,0,0,0,0,0,0,0,0,0,0,0,0,0,0,0,
1,8_4,10_51_20,0.6504,0,0,0,0.6503999,,2.308,1.22644,-0.69,16.65745,318.6519,-4.455855E-07,0.0000,0.0000,0.0000,0.0000,0.0000,0.0000,0,0,,,,,,,0,0,0,0,0,0,0,0,0,0,0,0,0,0,0,0,0,0,0,0,0,0,0,0,0,0,0,0,0,0,0,0,0,0,0,0,0,0,0,0,0,0,0,0,0,0,0,0,0,0,0,
1,8_4,10_51_20,0.6541,0,0,0,0.6540861,,2.308,1.22644,-0.69,16.65745,318.6519,-4.455855E-07,0.0000,0.0000,0.0000,0.0000,0.0000,0.0000,0,0,,,,,,,0,0,0,0,0,0,0,0,0,0,0,0,0,0,0,0,0,0,0,0,0,0,0,0,0,0,0,0,0,0,0,0,0,0,0,0,0,0,0,0,0,0,0,0,0,0,0,0,0,0,0,
1,8_4,10_51_20,0.6573,0,0,0,0.6572834,,2.308,1.22644,-0.69,16.65745,318.6519,-4.455855E-07,0.0000,0.0000,0.0000,0.0000,0.0000,0.0000,0,0,,,,,,,0,0,0,0,0,0,0,0,0,0,0,0,0,0,0,0,0,0,0,0,0,0,0,0,0,0,0,0,0,0,0,0,0,0,0,0,0,0,0,0,0,0,0,0,0,0,0,0,0,0,0,
1,8_4,10_51_20,0.6605,0,0,0,0.660516,,2.308,1.22644,-0.69,16.65745,318.6519,-4.455855E-07,0.0000,0.0000,0.0000,0.0000,0.0000,0.0000,0,0,,,,,,,0,0,0,0,0,0,0,0,0,0,0,0,0,0,0,0,0,0,0,0,0,0,0,0,0,0,0,0,0,0,0,0,0,0,0,0,0,0,0,0,0,0,0,0,0,0,0,0,0,0,0,
1,8_4,10_51_20,0.6638,0,0,0,0.6637705,,2.308,1.22644,-0.69,16.65745,318.6519,-4.455855E-07,0.0000,0.0000,0.0000,0.0000,0.0000,0.0000,0,0,,,,,,,0,0,0,0,0,0,0,0,0,0,0,0,0,0,0,0,0,0,0,0,0,0,0,0,0,0,0,0,0,0,0,0,0,0,0,0,0,0,0,0,0,0,0,0,0,0,0,0,0,0,0,
1,8_4,10_51_20,0.6670,0,0,0,0.6669981,,2.308,1.22644,-0.69,16.65745,318.6519,-4.455855E-07,0.0000,0.0000,0.0000,0.0000,0.0000,0.0000,0,0,,,,,,,0,0,0,0,0,0,0,0,0,0,0,0,0,0,0,0,0,0,0,0,0,0,0,0,0,0,0,0,0,0,0,0,0,0,0,0,0,0,0,0,0,0,0,0,0,0,0,0,0,0,0,
1,8_4,10_51_20,0.6708,0,0,0,0.6707841,,2.308,1.22644,-0.69,16.65745,318.6519,-4.455855E-07,0.0000,0.0000,0.0000,0.0000,0.0000,0.0000,0,0,,,,,,,0,0,0,0,0,0,0,0,0,0,0,0,0,0,0,0,0,0,0,0,0,0,0,0,0,0,0,0,0,0,0,0,0,0,0,0,0,0,0,0,0,0,0,0,0,0,0,0,0,0,0,
1,8_4,10_51_20,0.6741,0,0,0,0.6740897,,2.308,1.22644,-0.69,16.65745,318.6519,-4.455855E-07,0.0000,0.0000,0.0000,0.0000,0.0000,0.0000,0,0,,,,,,,0,0,0,0,0,0,0,0,0,0,0,0,0,0,0,0,0,0,0,0,0,0,0,0,0,0,0,0,0,0,0,0,0,0,0,0,0,0,0,0,0,0,0,0,0,0,0,0,0,0,0,
1,8_4,10_51_20,0.6778,0,0,0,0.67776,,2.308,1.22644,-0.69,16.65745,318.6519,-4.455855E-07,0.0000,0.0000,0.0000,0.0000,0.0000,0.0000,0,0,,,,,,,0,0,0,0,0,0,0,0,0,0,0,0,0,0,0,0,0,0,0,0,0,0,0,0,0,0,0,0,0,0,0,0,0,0,0,0,0,0,0,0,0,0,0,0,0,0,0,0,0,0,0,
1,8_4,10_51_20,0.6810,0,0,0,0.6809819,,2.308,1.22644,-0.69,16.65745,318.6519,-4.455855E-07,0.0000,0.0000,0.0000,0.0000,0.0000,0.0000,0,0,,,,,,,0,0,0,0,0,0,0,0,0,0,0,0,0,0,0,0,0,0,0,0,0,0,0,0,0,0,0,0,0,0,0,0,0,0,0,0,0,0,0,0,0,0,0,0,0,0,0,0,0,0,0,
1,8_4,10_51_20,0.6854,0,0,0,0.6854493,,2.308,1.22644,-0.69,16.59044,318.6296,-4.4543E-07,0.0000,0.0000,0.0000,0.0000,0.0000,0.0000,0,0,,,,,,,0,0,0,0,0,0,0,0,0,0,0,0,0,0,0,0,0,0,0,0,0,0,0,0,0,0,0,0,0,0,0,0,0,0,0,0,0,0,0,0,0,0,0,0,0,0,0,0,0,0,0,
1,8_4,10_51_20,0.6895,0,0,0,0.689538,,2.308,1.22644,-0.69,16.42689,318.6705,0,0.0000,0.0000,0.0000,0.0000,0.0000,0.0000,0,0,,,,,,,0,0,0,0,0,0,0,0,0,0,0,0,0,0,0,0,0,0,0,0,0,0,0,0,0,0,0,0,0,0,0,0,0,0,0,0,0,0,0,0,0,0,0,0,0,0,0,0,0,0,0,
1,8_4,10_51_20,0.6928,0,0,0,0.6928458,,2.308,1.22644,-0.69,16.42689,318.6705,0,0.0000,0.0000,0.0000,0.0000,0.0000,0.0000,0,0,,,,,,,0,0,0,0,0,0,0,0,0,0,0,0,0,0,0,0,0,0,0,0,0,0,0,0,0,0,0,0,0,0,0,0,0,0,0,0,0,0,0,0,0,0,0,0,0,0,0,0,0,0,0,
1,8_4,10_51_20,0.6965,0,0,0,0.6965242,,2.308,1.22644,-0.69,16.11423,318.7624,-4.44345E-07,0.0000,0.0000,0.0000,0.0000,0.0000,0.0000,0,0,,,,,,,0,0,0,0,0,0,0,0,0,0,0,0,0,0,0,0,0,0,0,0,0,0,0,0,0,0,0,0,0,0,0,0,0,0,0,0,0,0,0,0,0,0,0,0,0,0,0,0,0,0,0,
1,8_4,10_51_20,0.6998,0,0,0,0.6998336,,2.308,1.22644,-0.69,16.11423,318.7624,-4.44345E-07,0.0000,0.0000,0.0000,0.0000,0.0000,0.0000,0,0,,,,,,,0,0,0,0,0,0,0,0,0,0,0,0,0,0,0,0,0,0,0,0,0,0,0,0,0,0,0,0,0,0,0,0,0,0,0,0,0,0,0,0,0,0,0,0,0,0,0,0,0,0,0,
1,8_4,10_51_20,0.7039,0,0,0,0.7038831,,2.308,1.22644,-0.69,15.932,318.8029,-4.439394E-07,0.0000,0.0000,0.0000,0.0000,0.0000,0.0000,0,0,,,,,,,0,0,0,0,0,0,0,0,0,0,0,0,0,0,0,0,0,0,0,0,0,0,0,0,0,0,0,0,0,0,0,0,0,0,0,0,0,0,0,0,0,0,0,0,0,0,0,0,0,0,0,
1,8_4,10_51_20,0.7073,0,0,0,0.7073036,,2.308,1.22644,-0.69,15.932,318.8029,-4.439394E-07,0.0000,0.0000,0.0000,0.0000,0.0000,0.0000,0,0,,,,,,,0,0,0,0,0,0,0,0,0,0,0,0,0,0,0,0,0,0,0,0,0,0,0,0,0,0,0,0,0,0,0,0,0,0,0,0,0,0,0,0,0,0,0,0,0,0,0,0,0,0,0,
1,8_4,10_51_20,0.7110,0,0,0,0.7110448,,2.308,1.22644,-0.69,16.23129,318.8029,8.892167E-07,0.0000,0.0000,0.0000,0.0000,0.0000,0.0000,0,0,,,,,,,0,0,0,0,0,0,0,0,0,0,0,0,0,0,0,0,0,0,0,0,0,0,0,0,0,0,0,0,0,0,0,0,0,0,0,0,0,0,0,0,0,0,0,0,0,0,0,0,0,0,0,
1,8_4,10_51_20,0.7146,0,0,0,0.7146482,,2.308,1.22644,-0.69,16.23129,318.8029,8.892167E-07,0.0000,0.0000,0.0000,0.0000,0.0000,0.0000,0,0,,,,,,,0,0,0,0,0,0,0,0,0,0,0,0,0,0,0,0,0,0,0,0,0,0,0,0,0,0,0,0,0,0,0,0,0,0,0,0,0,0,0,0,0,0,0,0,0,0,0,0,0,0,0,
1,8_4,10_51_20,0.7185,0,0,0,0.7185431,,2.308,1.22644,-0.69,16.34814,318.8613,4.448735E-07,0.0000,0.0000,0.0000,0.0000,0.0000,0.0000,0,0,,,,,,,0,0,0,0,0,0,0,0,0,0,0,0,0,0,0,0,0,0,0,0,0,0,0,0,0,0,0,0,0,0,0,0,0,0,0,0,0,0,0,0,0,0,0,0,0,0,0,0,0,0,0,
1,8_4,10_51_20,0.7221,0,0,0,0.7221235,,2.308,1.22644,-0.69,16.34814,318.8613,4.448735E-07,0.0000,0.0000,0.0000,0.0000,0.0000,0.0000,0,0,,,,,,,0,0,0,0,0,0,0,0,0,0,0,0,0,0,0,0,0,0,0,0,0,0,0,0,0,0,0,0,0,0,0,0,0,0,0,0,0,0,0,0,0,0,0,0,0,0,0,0,0,0,0,
1,8_4,10_51_20,0.7263,0,0,0,0.7262732,,2.308,1.22644,-0.69,16.53488,318.8821,-4.453015E-07,0.0000,0.0000,0.0000,0.0000,0.0000,0.0000,0,0,,,,,,,0,0,0,0,0,0,0,0,0,0,0,0,0,0,0,0,0,0,0,0,0,0,0,0,0,0,0,0,0,0,0,0,0,0,0,0,0,0,0,0,0,0,0,0,0,0,0,0,0,0,0,
1,8_4,10_51_20,0.7308,0,0,0,0.7308328,,2.308,1.22644,-0.69,16.64887,318.9277,-4.455655E-07,0.0000,0.0000,0.0000,0.0000,0.0000,0.0000,0,0,,,,,,,0,0,0,0,0,0,0,0,0,0,0,0,0,0,0,0,0,0,0,0,0,0,0,0,0,0,0,0,0,0,0,0,0,0,0,0,0,0,0,0,0,0,0,0,0,0,0,0,0,0,0,
1,8_4,10_51_20,0.7351,0,0,0,0.7351479,,2.308,1.22644,-0.69,16.73517,318.9277,0,0.0000,0.0000,0.0000,0.0000,0.0000,0.0000,0,0,,,,,,,0,0,0,0,0,0,0,0,0,0,0,0,0,0,0,0,0,0,0,0,0,0,0,0,0,0,0,0,0,0,0,0,0,0,0,0,0,0,0,0,0,0,0,0,0,0,0,0,0,0,0,
1,8_4,10_51_20,0.7392,0,0,0,0.7392213,,2.308,1.22644,-0.69,16.85737,318.9277,0,0.0000,0.0000,0.0000,0.0000,0.0000,0.0000,0,0,,,,,,,0,0,0,0,0,0,0,0,0,0,0,0,0,0,0,0,0,0,0,0,0,0,0,0,0,0,0,0,0,0,0,0,0,0,0,0,0,0,0,0,0,0,0,0,0,0,0,0,0,0,0,
1,8_4,10_51_20,0.7439,0,0,0,0.7438927,,2.308,1.22644,-0.69,16.9508,318.9043,4.46275E-07,0.0000,0.0000,0.0000,0.0000,0.0000,0.0000,0,0,,,,,,,0,0,0,0,0,0,0,0,0,0,0,0,0,0,0,0,0,0,0,0,0,0,0,0,0,0,0,0,0,0,0,0,0,0,0,0,0,0,0,0,0,0,0,0,0,0,0,0,0,0,0,
1,8_4,10_51_20,0.7476,0,0,0,0.7476387,,2.308,1.22644,-0.69,17.02572,318.8856,-4.464534E-07,0.0000,0.0000,0.0000,0.0000,0.0000,0.0000,0,0,,,,,,,0,0,0,0,0,0,0,0,0,0,0,0,0,0,0,0,0,0,0,0,0,0,0,0,0,0,0,0,0,0,0,0,0,0,0,0,0,0,0,0,0,0,0,0,0,0,0,0,0,0,0,
1,8_4,10_51_20,0.7514,0,0,0,0.7514103,,2.308,1.22644,-0.69,17.10115,318.8667,-4.466337E-07,0.0000,0.0000,0.0000,0.0000,0.0000,0.0000,0,0,,,,,,,0,0,0,0,0,0,0,0,0,0,0,0,0,0,0,0,0,0,0,0,0,0,0,0,0,0,0,0,0,0,0,0,0,0,0,0,0,0,0,0,0,0,0,0,0,0,0,0,0,0,0,
1,8_4,10_51_20,0.7560,0,0,0,0.7559574,,2.308,1.22644,-0.69,17.16936,318.844,-4.467977E-07,0.0000,0.0000,0.0000,0.0000,0.0000,0.0000,0,0,,,,,,,0,0,0,0,0,0,0,0,0,0,0,0,0,0,0,0,0,0,0,0,0,0,0,0,0,0,0,0,0,0,0,0,0,0,0,0,0,0,0,0,0,0,0,0,0,0,0,0,0,0,0,
1,8_4,10_51_20,0.7599,0,0,0,0.7599092,,2.308,1.22644,-0.69,17.24839,318.8045,-4.469887E-07,0.0000,0.0000,0.0000,0.0000,0.0000,0.0000,0,0,,,,,,,0,0,0,0,0,0,0,0,0,0,0,0,0,0,0,0,0,0,0,0,0,0,0,0,0,0,0,0,0,0,0,0,0,0,0,0,0,0,0,0,0,0,0,0,0,0,0,0,0,0,0,
1,8_4,10_51_20,0.7637,0,0,0,0.7636969,,2.308,1.22644,-0.69,17.30521,318.7666,0,0.0000,0.0000,0.0000,0.0000,0.0000,0.0000,0,0,,,,,,,0,0,0,0,0,0,0,0,0,0,0,0,0,0,0,0,0,0,0,0,0,0,0,0,0,0,0,0,0,0,0,0,0,0,0,0,0,0,0,0,0,0,0,0,0,0,0,0,0,0,0,
1,8_4,10_51_20,0.7677,0,0,0,0.7677319,,2.308,1.22644,-0.69,17.38591,318.7263,-4.473233E-07,0.0000,0.0000,0.0000,0.0000,0.0000,0.0000,0,0,,,,,,,0,0,0,0,0,0,0,0,0,0,0,0,0,0,0,0,0,0,0,0,0,0,0,0,0,0,0,0,0,0,0,0,0,0,0,0,0,0,0,0,0,0,0,0,0,0,0,0,0,0,0,
1,8_4,10_51_20,0.7717,0,0,0,0.7716506,,2.308,1.22644,-0.69,17.46429,318.6675,0,0.0000,0.0000,0.0000,0.0000,0.0000,0.0000,0,0,,,,,,,0,0,0,0,0,0,0,0,0,0,0,0,0,0,0,0,0,0,0,0,0,0,0,0,0,0,0,0,0,0,0,0,0,0,0,0,0,0,0,0,0,0,0,0,0,0,0,0,0,0,0,
1,8_4,10_51_20,0.7756,0,0,0,0.7756486,,2.308,1.22644,-0.69,17.52426,318.5875,-4.47663E-07,0.0000,0.0000,0.0000,0.0000,0.0000,0.0000,0,0,,,,,,,0,0,0,0,0,0,0,0,0,0,0,0,0,0,0,0,0,0,0,0,0,0,0,0,0,0,0,0,0,0,0,0,0,0,0,0,0,0,0,0,0,0,0,0,0,0,0,0,0,0,0,
1,8_4,10_51_20,0.7796,0,0,0,0.7795616,,2.308,1.22644,-0.69,17.66121,318.5092,-4.480025E-07,0.0000,0.0000,0.0000,0.0000,0.0000,0.0000,0,0,,,,,,,0,0,0,0,0,0,0,0,0,0,0,0,0,0,0,0,0,0,0,0,0,0,0,0,0,0,0,0,0,0,0,0,0,0,0,0,0,0,0,0,0,0,0,0,0,0,0,0,0,0,0,
1,8_4,10_51_20,0.7836,0,0,0,0.7836253,,2.308,1.22644,-0.69,17.78312,318.428,4.483072E-07,0.0000,0.0000,0.0000,0.0000,0.0000,0.0000,0,0,,,,,,,0,0,0,0,0,0,0,0,0,0,0,0,0,0,0,0,0,0,0,0,0,0,0,0,0,0,0,0,0,0,0,0,0,0,0,0,0,0,0,0,0,0,0,0,0,0,0,0,0,0,0,
1,8_4,10_51_20,0.7877,0,0,0,0.7876755,,2.308,1.22644,-0.69,17.88438,318.3065,-4.485622E-07,0.0000,0.0000,0.0000,0.0000,0.0000,0.0000,0,0,,,,,,,0,0,0,0,0,0,0,0,0,0,0,0,0,0,0,0,0,0,0,0,0,0,0,0,0,0,0,0,0,0,0,0,0,0,0,0,0,0,0,0,0,0,0,0,0,0,0,0,0,0,0,
1,8_4,10_51_20,0.7917,0,0,0,0.7917043,,2.308,1.22644,-0.69,18.04553,318.1856,4.489714E-07,0.0000,0.0000,0.0000,0.0000,0.0000,0.0000,0,0,,,,,,,0,0,0,0,0,0,0,0,0,0,0,0,0,0,0,0,0,0,0,0,0,0,0,0,0,0,0,0,0,0,0,0,0,0,0,0,0,0,0,0,0,0,0,0,0,0,0,0,0,0,0,
1,8_4,10_51_20,0.7956,0,0,0,0.7955604,,2.308,1.22644,-0.69,18.18049,318.0699,0,0.0000,0.0000,0.0000,0.0000,0.0000,0.0000,0,0,,,,,,,0,0,0,0,0,0,0,0,0,0,0,0,0,0,0,0,0,0,0,0,0,0,0,0,0,0,0,0,0,0,0,0,0,0,0,0,0,0,0,0,0,0,0,0,0,0,0,0,0,0,0,
1,8_4,10_51_20,0.7996,0,0,0,0.7995785,,2.308,1.22644,-0.69,18.32113,317.9092,-4.496813E-07,0.0000,0.0000,0.0000,0.0000,0.0000,0.0000,0,0,,,,,,,0,0,0,0,0,0,0,0,0,0,0,0,0,0,0,0,0,0,0,0,0,0,0,0,0,0,0,0,0,0,0,0,0,0,0,0,0,0,0,0,0,0,0,0,0,0,0,0,0,0,0,
1,8_4,10_51_20,0.8048,0,0,0,0.8047698,,2.308,1.22644,-0.69,18.58069,317.6756,-4.503616E-07,0.0000,0.0000,0.0000,0.0000,0.0000,0.0000,0,0,,,,,,,0,0,0,0,0,0,0,0,0,0,0,0,0,0,0,0,0,0,0,0,0,0,0,0,0,0,0,0,0,0,0,0,0,0,0,0,0,0,0,0,0,0,0,0,0,0,0,0,0,0,0,
1,8_4,10_51_20,0.8088,0,0,0,0.8087641,,2.308,1.22644,-0.69,18.7205,317.5158,-4.507326E-07,0.0000,0.0000,0.0000,0.0000,0.0000,0.0000,0,0,,,,,,,0,0,0,0,0,0,0,0,0,0,0,0,0,0,0,0,0,0,0,0,0,0,0,0,0,0,0,0,0,0,0,0,0,0,0,0,0,0,0,0,0,0,0,0,0,0,0,0,0,0,0,
1,8_4,10_51_20,0.8126,0,0,0,0.8126361,,2.308,1.22644,-0.69,18.85601,317.3416,-4.510954E-07,0.0000,0.0000,0.0000,0.0000,0.0000,0.0000,0,0,,,,,,,0,0,0,0,0,0,0,0,0,0,0,0,0,0,0,0,0,0,0,0,0,0,0,0,0,0,0,0,0,0,0,0,0,0,0,0,0,0,0,0,0,0,0,0,0,0,0,0,0,0,0,
1,8_4,10_51_20,0.8162,0,0,0,0.8162287,,2.308,1.22644,-0.69,19.01768,317.1799,-4.515323E-07,0.0000,0.0000,0.0000,0.0000,0.0000,0.0000,0,0,,,,,,,0,0,0,0,0,0,0,0,0,0,0,0,0,0,0,0,0,0,0,0,0,0,0,0,0,0,0,0,0,0,0,0,0,0,0,0,0,0,0,0,0,0,0,0,0,0,0,0,0,0,0,
1,8_4,10_51_20,0.8205,0,0,0,0.8205062,,2.308,1.22644,-0.69,19.18878,316.966,0,0.0000,0.0000,0.0000,0.0000,0.0000,0.0000,0,0,,,,,,,0,0,0,0,0,0,0,0,0,0,0,0,0,0,0,0,0,0,0,0,0,0,0,0,0,0,0,0,0,0,0,0,0,0,0,0,0,0,0,0,0,0,0,0,0,0,0,0,0,0,0,
1,8_4,10_51_20,0.8247,0,0,0,0.8247439,,2.308,1.22644,-0.69,19.35829,316.7542,0,0.0000,0.0000,0.0000,0.0000,0.0000,0.0000,0,0,,,,,,,0,0,0,0,0,0,0,0,0,0,0,0,0,0,0,0,0,0,0,0,0,0,0,0,0,0,0,0,0,0,0,0,0,0,0,0,0,0,0,0,0,0,0,0,0,0,0,0,0,0,0,
1,8_4,10_51_20,0.8285,0,0,0,0.8285397,,2.308,1.22644,-0.69,19.5291,316.5454,4.529439E-07,0.0000,0.0000,0.0000,0.0000,0.0000,0.0000,0,0,,,,,,,0,0,0,0,0,0,0,0,0,0,0,0,0,0,0,0,0,0,0,0,0,0,0,0,0,0,0,0,0,0,0,0,0,0,0,0,0,0,0,0,0,0,0,0,0,0,0,0,0,0,0,
1,8_4,10_51_20,0.8328,0,0,0,0.8328412,,2.308,1.22644,-0.69,19.72267,316.3088,-4.534898E-07,0.0000,0.0000,0.0000,0.0000,0.0000,0.0000,0,0,,,,,,,0,0,0,0,0,0,0,0,0,0,0,0,0,0,0,0,0,0,0,0,0,0,0,0,0,0,0,0,0,0,0,0,0,0,0,0,0,0,0,0,0,0,0,0,0,0,0,0,0,0,0,
1,8_4,10_51_20,0.8368,0,0,0,0.8367843,,2.308,1.22644,-0.69,19.88039,316.0919,0,0.0000,0.0000,0.0000,0.0000,0.0000,0.0000,0,0,,,,,,,0,0,0,0,0,0,0,0,0,0,0,0,0,0,0,0,0,0,0,0,0,0,0,0,0,0,0,0,0,0,0,0,0,0,0,0,0,0,0,0,0,0,0,0,0,0,0,0,0,0,0,
1,8_4,10_51_20,0.8408,0,0,0,0.8407668,,2.308,1.22644,-0.69,20.01978,315.8331,0,0.0000,0.0000,0.0000,0.0000,0.0000,0.0000,0,0,,,,,,,0,0,0,0,0,0,0,0,0,0,0,0,0,0,0,0,0,0,0,0,0,0,0,0,0,0,0,0,0,0,0,0,0,0,0,0,0,0,0,0,0,0,0,0,0,0,0,0,0,0,0,
1,8_4,10_51_20,0.8494,0,0,0,0.8494294,,2.308,1.22644,-0.69,20.71279,314.8369,9.127704E-07,0.0000,0.0000,0.0000,0.0000,0.0000,0.0000,0,0,,,,,,,0,0,0,0,0,0,0,0,0,0,0,0,0,0,0,0,0,0,0,0,0,0,0,0,0,0,0,0,0,0,0,0,0,0,0,0,0,0,0,0,0,0,0,0,0,0,0,0,0,0,0,
1,8_4,10_51_20,0.8547,0,0,0,0.854734,,2.308,1.22644,-0.69,21.00454,314.386,0,0.0000,0.0000,0.0000,0.0000,0.0000,0.0000,0,0,,,,,,,0,0,0,0,0,0,0,0,0,0,0,0,0,0,0,0,0,0,0,0,0,0,0,0,0,0,0,0,0,0,0,0,0,0,0,0,0,0,0,0,0,0,0,0,0,0,0,0,0,0,0,
1,8_4,10_51_20,0.8583,0,0,0,0.8582653,,2.308,1.22644,-0.69,21.00454,314.386,0,0.0000,0.0000,0.0000,0.0000,0.0000,0.0000,0,0,,,,,,,0,0,0,0,0,0,0,0,0,0,0,0,0,0,0,0,0,0,0,0,0,0,0,0,0,0,0,0,0,0,0,0,0,0,0,0,0,0,0,0,0,0,0,0,0,0,0,0,0,0,0,
1,8_4,10_51_20,0.8626,0,0,0,0.8625707,,2.308,1.22644,-0.69,21.34897,313.8909,-9.166756E-07,0.0000,0.0000,0.0000,0.0000,0.0000,0.0000,0,0,,,,,,,0,0,0,0,0,0,0,0,0,0,0,0,0,0,0,0,0,0,0,0,0,0,0,0,0,0,0,0,0,0,0,0,0,0,0,0,0,0,0,0,0,0,0,0,0,0,0,0,0,0,0,
1,8_4,10_51_20,0.8676,0,0,0,0.8675934,,2.308,1.22644,-0.69,21.54988,313.5393,0,0.0000,0.0000,0.0000,0.0000,0.0000,0.0000,0,0,,,,,,,0,0,0,0,0,0,0,0,0,0,0,0,0,0,0,0,0,0,0,0,0,0,0,0,0,0,0,0,0,0,0,0,0,0,0,0,0,0,0,0,0,0,0,0,0,0,0,0,0,0,0,
1,8_4,10_51_20,0.8719,0,0,0,0.8718693,,2.308,1.22644,-0.69,21.65678,313.3255,0,0.0000,0.0000,0.0000,0.0000,0.0000,0.0000,0,0,,,,,,,0,0,0,0,0,0,0,0,0,0,0,0,0,0,0,0,0,0,0,0,0,0,0,0,0,0,0,0,0,0,0,0,0,0,0,0,0,0,0,0,0,0,0,0,0,0,0,0,0,0,0,
1,8_4,10_51_20,0.8757,0,0,0,0.8757321,,2.308,1.22644,-0.69,21.77267,313.1323,0,0.0000,0.0000,0.0000,0.0000,0.0000,0.0000,0,0,,,,,,,0,0,0,0,0,0,0,0,0,0,0,0,0,0,0,0,0,0,0,0,0,0,0,0,0,0,0,0,0,0,0,0,0,0,0,0,0,0,0,0,0,0,0,0,0,0,0,0,0,0,0,
1,8_4,10_51_20,0.8795,0,0,0,0.8794556,,2.308,1.22644,-0.69,21.90298,312.9462,9.201963E-07,0.0000,0.0000,0.0000,0.0000,0.0000,0.0000,0,0,,,,,,,0,0,0,0,0,0,0,0,0,0,0,0,0,0,0,0,0,0,0,0,0,0,0,0,0,0,0,0,0,0,0,0,0,0,0,0,0,0,0,0,0,0,0,0,0,0,0,0,0,0,0,
1,8_4,10_51_20,0.8848,0,0,0,0.8847529,,2.308,1.22644,-0.69,22.06191,312.7343,0,0.0000,0.0000,0.0000,0.0000,0.0000,0.0000,0,0,,,,,,,0,0,0,0,0,0,0,0,0,0,0,0,0,0,0,0,0,0,0,0,0,0,0,0,0,0,0,0,0,0,0,0,0,0,0,0,0,0,0,0,0,0,0,0,0,0,0,0,0,0,0,
1,8_4,10_51_20,0.8886,0,0,0,0.8886186,,2.308,1.22644,-0.69,22.15855,312.599,9.218587E-07,0.0000,0.0000,0.0000,0.0000,0.0000,0.0000,0,0,,,,,,,0,0,0,0,0,0,0,0,0,0,0,0,0,0,0,0,0,0,0,0,0,0,0,0,0,0,0,0,0,0,0,0,0,0,0,0,0,0,0,0,0,0,0,0,0,0,0,0,0,0,0,
1,8_4,10_51_20,0.8925,0,0,0,0.8924687,,2.308,1.22644,-0.69,22.27405,312.5027,0,0.0000,0.0000,0.0000,0.0000,0.0000,0.0000,0,0,,,,,,,0,0,0,0,0,0,0,0,0,0,0,0,0,0,0,0,0,0,0,0,0,0,0,0,0,0,0,0,0,0,0,0,0,0,0,0,0,0,0,0,0,0,0,0,0,0,0,0,0,0,0,
1,8_4,10_51_20,0.8965,0,0,0,0.8965493,,2.308,1.22644,-0.69,22.35566,312.4211,0,0.0000,0.0000,0.0000,0.0000,0.0000,0.0000,0,0,,,,,,,0,0,0,0,0,0,0,0,0,0,0,0,0,0,0,0,0,0,0,0,0,0,0,0,0,0,0,0,0,0,0,0,0,0,0,0,0,0,0,0,0,0,0,0,0,0,0,0,0,0,0,
1,8_4,10_51_20,0.9007,0,0,0,0.9007349,,2.308,1.22644,-0.69,22.46031,312.3583,-9.23853E-07,0.0000,0.0000,0.0000,0.0000,0.0000,0.0000,0,0,,,,,,,0,0,0,0,0,0,0,0,0,0,0,0,0,0,0,0,0,0,0,0,0,0,0,0,0,0,0,0,0,0,0,0,0,0,0,0,0,0,0,0,0,0,0,0,0,0,0,0,0,0,0,
1,8_4,10_51_20,0.9045,0,0,0,0.9045115,,2.308,1.22644,-0.69,22.53584,312.3394,0,0.0000,0.0000,0.0000,0.0000,0.0000,0.0000,0,0,,,,,,,0,0,0,0,0,0,0,0,0,0,0,0,0,0,0,0,0,0,0,0,0,0,0,0,0,0,0,0,0,0,0,0,0,0,0,0,0,0,0,0,0,0,0,0,0,0,0,0,0,0,0,
1,8_4,10_51_20,0.9086,0,0,0,0.9086028,,2.308,1.22644,-0.69,22.59721,312.319,0,0.0000,0.0000,0.0000,0.0000,0.0000,0.0000,0,0,,,,,,,0,0,0,0,0,0,0,0,0,0,0,0,0,0,0,0,0,0,0,0,0,0,0,0,0,0,0,0,0,0,0,0,0,0,0,0,0,0,0,0,0,0,0,0,0,0,0,0,0,0,0,
1,8_4,10_51_20,0.9127,0,0,0,0.9126527,,2.308,1.22644,-0.69,22.65795,312.3392,0,0.0000,0.0000,0.0000,0.0000,0.0000,0.0000,0,0,,,,,,,0,0,0,0,0,0,0,0,0,0,0,0,0,0,0,0,0,0,0,0,0,0,0,0,0,0,0,0,0,0,0,0,0,0,0,0,0,0,0,0,0,0,0,0,0,0,0,0,0,0,0,
1,8_4,10_51_20,0.9165,0,0,0,0.9164628,,2.308,1.22644,-0.69,22.71511,312.3773,9.255637E-07,0.0000,0.0000,0.0000,0.0000,0.0000,0.0000,0,0,,,,,,,0,0,0,0,0,0,0,0,0,0,0,0,0,0,0,0,0,0,0,0,0,0,0,0,0,0,0,0,0,0,0,0,0,0,0,0,0,0,0,0,0,0,0,0,0,0,0,0,0,0,0,
1,8_4,10_51_20,0.9203,0,0,0,0.9203152,,2.308,1.22644,-0.69,22.71511,312.3773,9.255637E-07,0.0000,0.0000,0.0000,0.0000,0.0000,0.0000,0,0,,,,,,,0,0,0,0,0,0,0,0,0,0,0,0,0,0,0,0,0,0,0,0,0,0,0,0,0,0,0,0,0,0,0,0,0,0,0,0,0,0,0,0,0,0,0,0,0,0,0,0,0,0,0,
1,8_4,10_51_20,0.9246,0,0,0,0.9245655,,2.308,1.22644,-0.69,22.80011,312.5898,0,0.0000,0.0000,0.0000,0.0000,0.0000,0.0000,0,0,,,,,,,0,0,0,0,0,0,0,0,0,0,0,0,0,0,0,0,0,0,0,0,0,0,0,0,0,0,0,0,0,0,0,0,0,0,0,0,0,0,0,0,0,0,0,0,0,0,0,0,0,0,0,
1,8_4,10_51_20,0.9287,0,0,0,0.9287111,,2.308,1.22644,-0.69,22.8623,312.7142,0,0.0000,0.0000,0.0000,0.0000,0.0000,0.0000,0,0,,,,,,,0,0,0,0,0,0,0,0,0,0,0,0,0,0,0,0,0,0,0,0,0,0,0,0,0,0,0,0,0,0,0,0,0,0,0,0,0,0,0,0,0,0,0,0,0,0,0,0,0,0,0,
1,8_4,10_51_20,0.9326,0,0,0,0.9326446,,2.308,1.22644,-0.69,22.9213,312.8519,0,0.0000,0.0000,0.0000,0.0000,0.0000,0.0000,0,0,,,,,,,0,0,0,0,0,0,0,0,0,0,0,0,0,0,0,0,0,0,0,0,0,0,0,0,0,0,0,0,0,0,0,0,0,0,0,0,0,0,0,0,0,0,0,0,0,0,0,0,0,0,0,
1,8_4,10_51_20,0.9367,0,0,0,0.9367297,,2.308,1.22644,-0.69,22.98258,313.0357,9.273862E-07,0.0000,0.0000,0.0000,0.0000,0.0000,0.0000,0,0,,,,,,,0,0,0,0,0,0,0,0,0,0,0,0,0,0,0,0,0,0,0,0,0,0,0,0,0,0,0,0,0,0,0,0,0,0,0,0,0,0,0,0,0,0,0,0,0,0,0,0,0,0,0,
1,8_4,10_51_20,0.9403,0,0,0,0.9402883,,2.308,1.22644,-0.69,22.98258,313.0357,9.273862E-07,0.0000,0.0000,0.0000,0.0000,0.0000,0.0000,0,0,,,,,,,0,0,0,0,0,0,0,0,0,0,0,0,0,0,0,0,0,0,0,0,0,0,0,0,0,0,0,0,0,0,0,0,0,0,0,0,0,0,0,0,0,0,0,0,0,0,0,0,0,0,0,
1,8_4,10_51_20,0.9443,0,0,0,0.9442871,,2.308,1.22644,-0.69,23.16252,313.4556,0,0.0000,0.0000,0.0000,0.0000,0.0000,0.0000,0,0,,,,,,,0,0,0,0,0,0,0,0,0,0,0,0,0,0,0,0,0,0,0,0,0,0,0,0,0,0,0,0,0,0,0,0,0,0,0,0,0,0,0,0,0,0,0,0,0,0,0,0,0,0,0,
1,8_4,10_51_20,0.9487,0,0,0,0.948685,,2.308,1.22644,-0.69,23.25048,313.7415,0,0.0000,0.0000,0.0000,0.0000,0.0000,0.0000,0,0,,,,,,,0,0,0,0,0,0,0,0,0,0,0,0,0,0,0,0,0,0,0,0,0,0,0,0,0,0,0,0,0,0,0,0,0,0,0,0,0,0,0,0,0,0,0,0,0,0,0,0,0,0,0,
1,8_4,10_51_20,0.9528,0,0,0,0.952759,,2.308,1.22644,-0.69,23.33196,313.9859,0,0.0000,0.0000,0.0000,0.0000,0.0000,0.0000,0,0,,,,,,,0,0,0,0,0,0,0,0,0,0,0,0,0,0,0,0,0,0,0,0,0,0,0,0,0,0,0,0,0,0,0,0,0,0,0,0,0,0,0,0,0,0,0,0,0,0,0,0,0,0,0,
1,8_4,10_51_20,0.9568,0,0,0,0.9568095,,2.308,1.22644,-0.69,23.43322,314.2694,0,0.0000,0.0000,0.0000,0.0000,0.0000,0.0000,0,0,,,,,,,0,0,0,0,0,0,0,0,0,0,0,0,0,0,0,0,0,0,0,0,0,0,0,0,0,0,0,0,0,0,0,0,0,0,0,0,0,0,0,0,0,0,0,0,0,0,0,0,0,0,0,
1,8_4,10_51_20,0.9607,0,0,0,0.9606627,,2.308,1.22644,-0.69,23.51029,314.5777,9.310625E-07,0.0000,0.0000,0.0000,0.0000,0.0000,0.0000,0,0,,,,,,,0,0,0,0,0,0,0,0,0,0,0,0,0,0,0,0,0,0,0,0,0,0,0,0,0,0,0,0,0,0,0,0,0,0,0,0,0,0,0,0,0,0,0,0,0,0,0,0,0,0,0,
1,8_4,10_51_20,0.9649,0,0,0,0.9648732,,2.308,1.22644,-0.69,23.61555,314.8935,0,0.0000,0.0000,0.0000,0.0000,0.0000,0.0000,0,0,,,,,,,0,0,0,0,0,0,0,0,0,0,0,0,0,0,0,0,0,0,0,0,0,0,0,0,0,0,0,0,0,0,0,0,0,0,0,0,0,0,0,0,0,0,0,0,0,0,0,0,0,0,0,
1,8_4,10_51_20,0.9689,0,0,0,0.9688759,,2.308,1.22644,-0.69,23.6956,315.2337,-9.323794E-07,0.0000,0.0000,0.0000,0.0000,0.0000,0.0000,0,0,,,,,,,0,0,0,0,0,0,0,0,0,0,0,0,0,0,0,0,0,0,0,0,0,0,0,0,0,0,0,0,0,0,0,0,0,0,0,0,0,0,0,0,0,0,0,0,0,0,0,0,0,0,0,
1,8_4,10_51_20,0.9746,0,0,0,0.9746444,,2.308,1.22644,-0.69,23.86866,316.0125,0,0.0000,0.0000,0.0000,0.0000,0.0000,0.0000,0,0,,,,,,,0,0,0,0,0,0,0,0,0,0,0,0,0,0,0,0,0,0,0,0,0,0,0,0,0,0,0,0,0,0,0,0,0,0,0,0,0,0,0,0,0,0,0,0,0,0,0,0,0,0,0,
1,8_4,10_51_20,0.9782,0,0,0,0.9781846,,2.308,1.22644,-0.69,23.86866,316.0125,0,0.0000,0.0000,0.0000,0.0000,0.0000,0.0000,0,0,,,,,,,0,0,0,0,0,0,0,0,0,0,0,0,0,0,0,0,0,0,0,0,0,0,0,0,0,0,0,0,0,0,0,0,0,0,0,0,0,0,0,0,0,0,0,0,0,0,0,0,0,0,0,
1,8_4,10_51_20,0.9826,0,0,0,0.9825743,,2.308,1.22644,-0.69,24.04425,316.8684,9.348933E-07,0.0000,0.0000,0.0000,0.0000,0.0000,0.0000,0,0,,,,,,,0,0,0,0,0,0,0,0,0,0,0,0,0,0,0,0,0,0,0,0,0,0,0,0,0,0,0,0,0,0,0,0,0,0,0,0,0,0,0,0,0,0,0,0,0,0,0,0,0,0,0,
1,8_4,10_51_20,0.9867,0,0,0,0.9866512,,2.308,1.22644,-0.69,24.12579,317.2965,-9.354883E-07,0.0000,0.0000,0.0000,0.0000,0.0000,0.0000,0,0,,,,,,,0,0,0,0,0,0,0,0,0,0,0,0,0,0,0,0,0,0,0,0,0,0,0,0,0,0,0,0,0,0,0,0,0,0,0,0,0,0,0,0,0,0,0,0,0,0,0,0,0,0,0,
1,8_4,10_51_20,0.9906,0,0,0,0.9905688,,2.308,1.22644,-0.69,24.18455,317.6883,9.359186E-07,0.0000,0.0000,0.0000,0.0000,0.0000,0.0000,0,0,,,,,,,0,0,0,0,0,0,0,0,0,0,0,0,0,0,0,0,0,0,0,0,0,0,0,0,0,0,0,0,0,0,0,0,0,0,0,0,0,0,0,0,0,0,0,0,0,0,0,0,0,0,0,
1,8_4,10_51_20,0.9948,0,0,0,0.9947874,,2.308,1.22644,-0.69,24.26892,318.1734,9.36539E-07,0.0000,0.0000,0.0000,0.0000,0.0000,0.0000,0,0,,,,,,,0,0,0,0,0,0,0,0,0,0,0,0,0,0,0,0,0,0,0,0,0,0,0,0,0,0,0,0,0,0,0,0,0,0,0,0,0,0,0,0,0,0,0,0,0,0,0,0,0,0,0,
1,8_4,10_51_20,0.9995,0,0,0,0.9995299,,2.308,1.22644,-0.69,24.36377,318.8374,0,0.0000,0.0000,0.0000,0.0000,0.0000,0.0000,0,0,,,,,,,0,0,0,0,0,0,0,0,0,0,0,0,0,0,0,0,0,0,0,0,0,0,0,0,0,0,0,0,0,0,0,0,0,0,0,0,0,0,0,0,0,0,0,0,0,0,0,0,0,0,0,
1,8_4,10_51_20,1.0038,0,0,0,1.003824,,2.308,1.22644,-0.69,24.44966,319.3312,0,0.0000,0.0000,0.0000,0.0000,0.0000,0.0000,0,0,,,,,,,0,0,0,0,0,0,0,0,0,0,0,0,0,0,0,0,0,0,0,0,0,0,0,0,0,0,0,0,0,0,0,0,0,0,0,0,0,0,0,0,0,0,0,0,0,0,0,0,0,0,0,
1,8_4,10_51_20,1.0092,0,0,0,1.009189,,2.308,1.22644,-0.69,24.55695,320.3237,0,0.0000,0.0000,0.0000,0.0000,0.0000,0.0000,0,0,,,,,,,0,0,0,0,0,0,0,0,0,0,0,0,0,0,0,0,0,0,0,0,0,0,0,0,0,0,0,0,0,0,0,0,0,0,0,0,0,0,0,0,0,0,0,0,0,0,0,0,0,0,0,
1,8_4,10_51_20,1.0136,0,0,0,1.013588,,2.308,1.22644,-0.69,24.60095,320.9176,0,0.0000,0.0000,0.0000,0.0000,0.0000,0.0000,0,0,,,,,,,0,0,0,0,0,0,0,0,0,0,0,0,0,0,0,0,0,0,0,0,0,0,0,0,0,0,0,0,0,0,0,0,0,0,0,0,0,0,0,0,0,0,0,0,0,0,0,0,0,0,0,
1,8_4,10_51_20,1.0176,0,0,0,1.017605,,2.308,1.22644,-0.69,24.62103,321.4197,0,0.0000,0.0000,0.0000,0.0000,0.0000,0.0000,0,0,,,,,,,0,0,0,0,0,0,0,0,0,0,0,0,0,0,0,0,0,0,0,0,0,0,0,0,0,0,0,0,0,0,0,0,0,0,0,0,0,0,0,0,0,0,0,0,0,0,0,0,0,0,0,
1,8_4,10_51_20,1.0217,0,0,0,1.021698,,2.308,1.22644,-0.69,24.68242,321.9722,0,0.0000,0.0000,0.0000,0.0000,0.0000,0.0000,0,0,,,,,,,0,0,0,0,0,0,0,0,0,0,0,0,0,0,0,0,0,0,0,0,0,0,0,0,0,0,0,0,0,0,0,0,0,0,0,0,0,0,0,0,0,0,0,0,0,0,0,0,0,0,0,
1,8_4,10_51_20,1.0278,0,0,0,1.027809,,2.308,1.22644,-0.69,24.71298,323.1945,9.398514E-07,0.0000,0.0000,0.0000,0.0000,0.0000,0.0000,0,0,,,,,,,0,0,0,0,0,0,0,0,0,0,0,0,0,0,0,0,0,0,0,0,0,0,0,0,0,0,0,0,0,0,0,0,0,0,0,0,0,0,0,0,0,0,0,0,0,0,0,0,0,0,0,
1,8_4,10_51_20,1.0319,0,0,0,1.031868,,2.308,1.22644,-0.69,24.71298,323.7628,9.398512E-07,0.0000,0.0000,0.0000,0.0000,0.0000,0.0000,0,0,,,,,,,0,0,0,0,0,0,0,0,0,0,0,0,0,0,0,0,0,0,0,0,0,0,0,0,0,0,0,0,0,0,0,0,0,0,0,0,0,0,0,0,0,0,0,0,0,0,0,0,0,0,0,
1,8_4,10_51_20,1.0378,0,0,0,1.037801,,2.308,1.22644,-0.69,24.71298,324.9493,-9.398512E-07,0.0000,0.0000,0.0000,0.0000,0.0000,0.0000,0,0,,,,,,,0,0,0,0,0,0,0,0,0,0,0,0,0,0,0,0,0,0,0,0,0,0,0,0,0,0,0,0,0,0,0,0,0,0,0,0,0,0,0,0,0,0,0,0,0,0,0,0,0,0,0,
1,8_4,10_51_20,1.0417,0,0,0,1.041659,,2.308,1.22644,-0.69,24.71298,325.5279,0,0.0000,0.0000,0.0000,0.0000,0.0000,0.0000,0,0,,,,,,,0,0,0,0,0,0,0,0,0,0,0,0,0,0,0,0,0,0,0,0,0,0,0,0,0,0,0,0,0,0,0,0,0,0,0,0,0,0,0,0,0,0,0,0,0,0,0,0,0,0,0,
1,8_4,10_51_20,1.0473,0,0,0,1.047273,,2.308,1.22644,-0.69,24.68491,326.7631,0,0.0000,0.0000,0.0000,0.0000,0.0000,0.0000,0,0,,,,,,,0,0,0,0,0,0,0,0,0,0,0,0,0,0,0,0,0,0,0,0,0,0,0,0,0,0,0,0,0,0,0,0,0,0,0,0,0,0,0,0,0,0,0,0,0,0,0,0,0,0,0,
1,8_4,10_51_20,1.0537,0,0,0,1.053703,,2.308,1.22644,-0.69,24.65276,328.2098,0,0.0000,0.0000,0.0000,0.0000,0.0000,0.0000,0,0,,,,,,,0,0,0,0,0,0,0,0,0,0,0,0,0,0,0,0,0,0,0,0,0,0,0,0,0,0,0,0,0,0,0,0,0,0,0,0,0,0,0,0,0,0,0,0,0,0,0,0,0,0,0,
1,8_4,10_51_20,1.0596,0,0,0,1.059635,,2.308,1.22644,-0.69,24.6231,329.6632,0,0.0000,0.0000,0.0000,0.0000,0.0000,0.0000,0,0,,,,,,,0,0,0,0,0,0,0,0,0,0,0,0,0,0,0,0,0,0,0,0,0,0,0,0,0,0,0,0,0,0,0,0,0,0,0,0,0,0,0,0,0,0,0,0,0,0,0,0,0,0,0,
1,8_4,10_51_20,1.0638,0,0,0,1.063836,,2.308,1.22644,-0.69,24.6021,330.3563,0,0.0000,0.0000,0.0000,0.0000,0.0000,0.0000,0,0,,,,,,,0,0,0,0,0,0,0,0,0,0,0,0,0,0,0,0,0,0,0,0,0,0,0,0,0,0,0,0,0,0,0,0,0,0,0,0,0,0,0,0,0,0,0,0,0,0,0,0,0,0,0,
1,8_4,10_51_20,1.0679,0,0,0,1.067899,,2.308,1.22644,-0.69,24.54114,331.0065,0,0.0000,0.0000,0.0000,0.0000,0.0000,0.0000,0,0,,,,,,,0,0,0,0,0,0,0,0,0,0,0,0,0,0,0,0,0,0,0,0,0,0,0,0,0,0,0,0,0,0,0,0,0,0,0,0,0,0,0,0,0,0,0,0,0,0,0,0,0,0,0,
1,8_4,10_51_20,1.0717,0,0,0,1.071686,,2.308,1.22644,-0.69,24.52221,331.6502,0,0.0000,0.0000,0.0000,0.0000,0.0000,0.0000,0,0,,,,,,,0,0,0,0,0,0,0,0,0,0,0,0,0,0,0,0,0,0,0,0,0,0,0,0,0,0,0,0,0,0,0,0,0,0,0,0,0,0,0,0,0,0,0,0,0,0,0,0,0,0,0,
1,8_4,10_51_20,1.0757,0,0,0,1.075675,,2.308,1.22644,-0.69,24.50227,332.3083,0,0.0000,0.0000,0.0000,0.0000,0.0000,0.0000,0,0,,,,,,,0,0,0,0,0,0,0,0,0,0,0,0,0,0,0,0,0,0,0,0,0,0,0,0,0,0,0,0,0,0,0,0,0,0,0,0,0,0,0,0,0,0,0,0,0,0,0,0,0,0,0,
1,8_4,10_51_20,1.0796,0,0,0,1.079606,,2.308,1.22644,-0.69,24.48261,332.957,-4.690615E-07,0.0000,0.0000,0.0000,0.0000,0.0000,0.0000,0,0,,,,,,,0,0,0,0,0,0,0,0,0,0,0,0,0,0,0,0,0,0,0,0,0,0,0,0,0,0,0,0,0,0,0,0,0,0,0,0,0,0,0,0,0,0,0,0,0,0,0,0,0,0,0,
1,8_4,10_51_20,1.0837,0,0,0,1.083733,,2.308,1.22644,-0.69,24.46197,333.7,0,0.0000,0.0000,0.0000,0.0000,0.0000,0.0000,0,0,,,,,,,0,0,0,0,0,0,0,0,0,0,0,0,0,0,0,0,0,0,0,0,0,0,0,0,0,0,0,0,0,0,0,0,0,0,0,0,0,0,0,0,0,0,0,0,0,0,0,0,0,0,0,
1,8_4,10_51_20,1.0898,0,0,0,1.089754,,2.308,1.22644,-0.69,24.40177,335.175,0,0.0000,0.0000,0.0000,0.0000,0.0000,0.0000,0,0,,,,,,,0,0,0,0,0,0,0,0,0,0,0,0,0,0,0,0,0,0,0,0,0,0,0,0,0,0,0,0,0,0,0,0,0,0,0,0,0,0,0,0,0,0,0,0,0,0,0,0,0,0,0,
1,8_4,10_51_20,1.0968,0,0,0,1.09675,,2.308,1.22644,-0.69,24.3318,337.2739,0,0.0000,0.0000,0.0000,0.0000,0.0000,0.0000,0,0,,,,,,,0,0,0,0,0,0,0,0,0,0,0,0,0,0,0,0,0,0,0,0,0,0,0,0,0,0,0,0,0,0,0,0,0,0,0,0,0,0,0,0,0,0,0,0,0,0,0,0,0,0,0,
1,8_4,10_51_20,1.1029,0,0,0,1.102885,,2.308,1.22644,-0.69,24.23978,338.7156,-4.681622E-07,0.0000,0.0000,0.0000,0.0000,0.0000,0.0000,0,0,,,,,,,0,0,0,0,0,0,0,0,0,0,0,0,0,0,0,0,0,0,0,0,0,0,0,0,0,0,0,0,0,0,0,0,0,0,0,0,0,0,0,0,0,0,0,0,0,0,0,0,0,0,0,
1,8_4,10_51_20,1.1069,0,0,0,1.106883,,2.308,1.22644,-0.69,24.1998,339.3753,0,0.0000,0.0000,0.0000,0.0000,0.0000,0.0000,0,0,,,,,,,0,0,0,0,0,0,0,0,0,0,0,0,0,0,0,0,0,0,0,0,0,0,0,0,0,0,0,0,0,0,0,0,0,0,0,0,0,0,0,0,0,0,0,0,0,0,0,0,0,0,0,
1,8_4,10_51_20,1.1106,0,0,0,1.110621,,2.308,1.22644,-0.69,24.18111,340.0293,-4.679467E-07,0.0000,0.0000,0.0000,0.0000,0.0000,0.0000,0,0,,,,,,,0,0,0,0,0,0,0,0,0,0,0,0,0,0,0,0,0,0,0,0,0,0,0,0,0,0,0,0,0,0,0,0,0,0,0,0,0,0,0,0,0,0,0,0,0,0,0,0,0,0,0,
1,8_4,10_51_20,1.1143,0,0,0,1.114259,,2.308,1.22644,-0.69,24.18111,340.5933,0,0.0000,0.0000,0.0000,0.0000,0.0000,0.0000,0,0,,,,,,,0,0,0,0,0,0,0,0,0,0,0,0,0,0,0,0,0,0,0,0,0,0,0,0,0,0,0,0,0,0,0,0,0,0,0,0,0,0,0,0,0,0,0,0,0,0,0,0,0,0,0,
1,8_4,10_51_20,1.1182,0,0,0,1.118211,,2.308,1.22644,-0.69,24.16135,341.2454,4.678743E-07,0.0000,0.0000,0.0000,0.0000,0.0000,0.0000,0,0,,,,,,,0,0,0,0,0,0,0,0,0,0,0,0,0,0,0,0,0,0,0,0,0,0,0,0,0,0,0,0,0,0,0,0,0,0,0,0,0,0,0,0,0,0,0,0,0,0,0,0,0,0,0,
1,8_4,10_51_20,1.1226,0,0,0,1.122552,,2.308,1.22644,-0.69,24.11795,341.9182,0,0.0000,0.0000,0.0000,0.0000,0.0000,0.0000,0,0,,,,,,,0,0,0,0,0,0,0,0,0,0,0,0,0,0,0,0,0,0,0,0,0,0,0,0,0,0,0,0,0,0,0,0,0,0,0,0,0,0,0,0,0,0,0,0,0,0,0,0,0,0,0,
1,8_4,10_51_20,1.1269,0,0,0,1.126945,,2.308,1.22644,-0.69,24.05205,342.665,0,0.0000,0.0000,0.0000,0.0000,0.0000,0.0000,0,0,,,,,,,0,0,0,0,0,0,0,0,0,0,0,0,0,0,0,0,0,0,0,0,0,0,0,0,0,0,0,0,0,0,0,0,0,0,0,0,0,0,0,0,0,0,0,0,0,0,0,0,0,0,0,
1,8_4,10_51_20,1.1313,0,0,0,1.131267,,2.308,1.22644,-0.69,24.00883,343.335,0,0.0000,0.0000,0.0000,0.0000,0.0000,0.0000,0,0,,,,,,,0,0,0,0,0,0,0,0,0,0,0,0,0,0,0,0,0,0,0,0,0,0,0,0,0,0,0,0,0,0,0,0,0,0,0,0,0,0,0,0,0,0,0,0,0,0,0,0,0,0,0,
1,8_4,10_51_20,1.1361,0,0,0,1.136122,,2.308,1.22644,-0.69,23.96028,344.3059,0,0.0000,0.0000,0.0000,0.0000,0.0000,0.0000,0,0,,,,,,,0,0,0,0,0,0,0,0,0,0,0,0,0,0,0,0,0,0,0,0,0,0,0,0,0,0,0,0,0,0,0,0,0,0,0,0,0,0,0,0,0,0,0,0,0,0,0,0,0,0,0,
1,8_4,10_51_20,1.1438,0,0,0,1.143798,,2.308,1.22644,-0.69,23.76837,346.9158,2.33225E-07,0.0000,0.0000,0.0000,0.0000,0.0000,0.0000,0,0,,,,,,,0,0,0,0,0,0,0,0,0,0,0,0,0,0,0,0,0,0,0,0,0,0,0,0,0,0,0,0,0,0,0,0,0,0,0,0,0,0,0,0,0,0,0,0,0,0,0,0,0,0,0,
1,8_4,10_51_20,1.1477,0,0,0,1.147732,,2.308,1.22644,-0.69,23.70936,347.5256,0,0.0000,0.0000,0.0000,0.0000,0.0000,0.0000,0,0,,,,,,,0,0,0,0,0,0,0,0,0,0,0,0,0,0,0,0,0,0,0,0,0,0,0,0,0,0,0,0,0,0,0,0,0,0,0,0,0,0,0,0,0,0,0,0,0,0,0,0,0,0,0,
1,8_4,10_51_20,1.1519,0,0,0,1.151931,,2.308,1.22644,-0.69,23.64638,348.2604,-2.330071E-07,0.0000,0.0000,0.0000,0.0000,0.0000,0.0000,0,0,,,,,,,0,0,0,0,0,0,0,0,0,0,0,0,0,0,0,0,0,0,0,0,0,0,0,0,0,0,0,0,0,0,0,0,0,0,0,0,0,0,0,0,0,0,0,0,0,0,0,0,0,0,0,
1,8_4,10_51_20,1.1569,0,0,0,1.156932,,2.308,1.22644,-0.69,23.52134,349.3107,0,0.0000,0.0000,0.0000,0.0000,0.0000,0.0000,0,0,,,,,,,0,0,0,0,0,0,0,0,0,0,0,0,0,0,0,0,0,0,0,0,0,0,0,0,0,0,0,0,0,0,0,0,0,0,0,0,0,0,0,0,0,0,0,0,0,0,0,0,0,0,0,
1,8_4,10_51_20,1.1618,0,0,0,1.161774,,2.308,1.22644,-0.69,23.4245,350.3759,0,0.0000,0.0000,0.0000,0.0000,0.0000,0.0000,0,0,,,,,,,0,0,0,0,0,0,0,0,0,0,0,0,0,0,0,0,0,0,0,0,0,0,0,0,0,0,0,0,0,0,0,0,0,0,0,0,0,0,0,0,0,0,0,0,0,0,0,0,0,0,0,
1,8_4,10_51_20,1.1660,0,0,0,1.166003,,2.308,1.22644,-0.69,23.31878,351.0949,0,0.0000,0.0000,0.0000,0.0000,0.0000,0.0000,0,0,,,,,,,0,0,0,0,0,0,0,0,0,0,0,0,0,0,0,0,0,0,0,0,0,0,0,0,0,0,0,0,0,0,0,0,0,0,0,0,0,0,0,0,0,0,0,0,0,0,0,0,0,0,0,
1,8_4,10_51_20,1.1699,0,0,0,1.169932,,2.308,1.22644,-0.69,23.25985,351.7431,-1.16163E-07,0.0000,0.0000,0.0000,0.0000,0.0000,0.0000,0,0,,,,,,,0,0,0,0,0,0,0,0,0,0,0,0,0,0,0,0,0,0,0,0,0,0,0,0,0,0,0,0,0,0,0,0,0,0,0,0,0,0,0,0,0,0,0,0,0,0,0,0,0,0,0,
1,8_4,10_51_20,1.1742,0,0,0,1.174152,,2.308,1.22644,-0.69,23.15434,352.6716,0,0.0000,0.0000,0.0000,0.0000,0.0000,0.0000,0,0,,,,,,,0,0,0,0,0,0,0,0,0,0,0,0,0,0,0,0,0,0,0,0,0,0,0,0,0,0,0,0,0,0,0,0,0,0,0,0,0,0,0,0,0,0,0,0,0,0,0,0,0,0,0,
1,8_4,10_51_20,1.1781,0,0,0,1.178055,,2.308,1.22644,-0.69,23.09581,353.1789,-1.160207E-07,0.0000,0.0000,0.0000,0.0000,0.0000,0.0000,0,0,,,,,,,0,0,0,0,0,0,0,0,0,0,0,0,0,0,0,0,0,0,0,0,0,0,0,0,0,0,0,0,0,0,0,0,0,0,0,0,0,0,0,0,0,0,0,0,0,0,0,0,0,0,0,
1,8_4,10_51_20,1.1830,0,0,0,1.183023,,2.308,1.22644,-0.69,22.94675,354.2968,0,0.0000,0.0000,0.0000,0.0000,0.0000,0.0000,0,0,,,,,,,0,0,0,0,0,0,0,0,0,0,0,0,0,0,0,0,0,0,0,0,0,0,0,0,0,0,0,0,0,0,0,0,0,0,0,0,0,0,0,0,0,0,0,0,0,0,0,0,0,0,0,
1,8_4,10_51_20,1.1877,0,0,0,1.187737,,2.308,1.22644,-0.69,22.82891,355.3575,0,0.0000,0.0000,0.0000,0.0000,0.0000,0.0000,0,0,,,,,,,0,0,0,0,0,0,0,0,0,0,0,0,0,0,0,0,0,0,0,0,0,0,0,0,0,0,0,0,0,0,0,0,0,0,0,0,0,0,0,0,0,0,0,0,0,0,0,0,0,0,0,
1,8_4,10_51_20,1.1917,0,0,0,1.191742,,2.308,1.22644,-0.69,22.72879,356.0783,5.785352E-08,0.0000,0.0000,0.0000,0.0000,0.0000,0.0000,0,0,,,,,,,0,0,0,0,0,0,0,0,0,0,0,0,0,0,0,0,0,0,0,0,0,0,0,0,0,0,0,0,0,0,0,0,0,0,0,0,0,0,0,0,0,0,0,0,0,0,0,0,0,0,0,
1,8_4,10_51_20,1.1962,0,0,0,1.196171,,2.308,1.22644,-0.69,22.61806,357.252,0,0.0000,0.0000,0.0000,0.0000,0.0000,0.0000,0,0,,,,,,,0,0,0,0,0,0,0,0,0,0,0,0,0,0,0,0,0,0,0,0,0,0,0,0,0,0,0,0,0,0,0,0,0,0,0,0,0,0,0,0,0,0,0,0,0,0,0,0,0,0,0,
1,8_4,10_51_20,1.2008,0,0,0,1.200765,,2.308,1.22644,-0.69,22.52619,358.2396,0,0.0000,0.0000,0.0000,0.0000,0.0000,0.0000,0,0,,,,,,,0,0,0,0,0,0,0,0,0,0,0,0,0,0,0,0,0,0,0,0,0,0,0,0,0,0,0,0,0,0,0,0,0,0,0,0,0,0,0,0,0,0,0,0,0,0,0,0,0,0,0,
1,8_4,10_51_20,1.2057,0,0,0,1.205678,,2.308,1.22644,-0.69,22.45249,359.5171,-7.217195E-09,0.0000,0.0000,0.0000,0.0000,0.0000,0.0000,0,0,,,,,,,0,0,0,0,0,0,0,0,0,0,0,0,0,0,0,0,0,0,0,0,0,0,0,0,0,0,0,0,0,0,0,0,0,0,0,0,0,0,0,0,0,0,0,0,0,0,0,0,0,0,0,
1,8_4,10_51_20,1.2113,0,0,0,1.211339,,2.308,1.22644,-0.69,22.36757,1.441841,0,0.0000,0.0000,0.0000,0.0000,0.0000,0.0000,0,0,,,,,,,0,0,0,0,0,0,0,0,0,0,0,0,0,0,0,0,0,0,0,0,0,0,0,0,0,0,0,0,0,0,0,0,0,0,0,0,0,0,0,0,0,0,0,0,0,0,0,0,0,0,0,
1,8_4,10_51_20,1.2156,0,0,0,1.215597,,2.308,1.22644,-0.69,22.30371,2.378558,0,0.0000,0.0000,0.0000,0.0000,0.0000,0.0000,0,0,,,,,,,0,0,0,0,0,0,0,0,0,0,0,0,0,0,0,0,0,0,0,0,0,0,0,0,0,0,0,0,0,0,0,0,0,0,0,0,0,0,0,0,0,0,0,0,0,0,0,0,0,0,0,
1,8_4,10_51_20,1.2195,0,0,0,1.219549,,2.308,1.22644,-0.69,22.26419,3.248019,0,0.0000,0.0000,0.0000,0.0000,0.0000,0.0000,0,0,,,,,,,0,0,0,0,0,0,0,0,0,0,0,0,0,0,0,0,0,0,0,0,0,0,0,0,0,0,0,0,0,0,0,0,0,0,0,0,0,0,0,0,0,0,0,0,0,0,0,0,0,0,0,
1,8_4,10_51_20,1.2263,0,0,0,1.226334,,2.308,1.22644,-0.69,22.19634,5.860285,0,0.0000,0.0000,0.0000,0.0000,0.0000,0.0000,0,0,,,,,,,0,0,0,0,0,0,0,0,0,0,0,0,0,0,0,0,0,0,0,0,0,0,0,0,0,0,0,0,0,0,0,0,0,0,0,0,0,0,0,0,0,0,0,0,0,0,0,0,0,0,0,
1,8_4,10_51_20,1.2305,0,0,0,1.230492,,2.308,1.22644,-0.69,22.17555,6.79579,0,0.0000,0.0000,0.0000,0.0000,0.0000,0.0000,0,0,,,,,,,0,0,0,0,0,0,0,0,0,0,0,0,0,0,0,0,0,0,0,0,0,0,0,0,0,0,0,0,0,0,0,0,0,0,0,0,0,0,0,0,0,0,0,0,0,0,0,0,0,0,0,
1,8_4,10_51_20,1.2350,0,0,0,1.234987,,2.308,1.22644,-0.69,22.1306,7.717246,0,0.0000,0.0000,0.0000,0.0000,0.0000,0.0000,0,0,,,,,,,0,0,0,0,0,0,0,0,0,0,0,0,0,0,0,0,0,0,0,0,0,0,0,0,0,0,0,0,0,0,0,0,0,0,0,0,0,0,0,0,0,0,0,0,0,0,0,0,0,0,0,
1,8_4,10_51_20,1.2391,0,0,0,1.239127,,2.308,1.22644,-0.69,22.0892,8.607346,2.303513E-07,0.0000,0.0000,0.0000,0.0000,0.0000,0.0000,0,0,,,,,,,0,0,0,0,0,0,0,0,0,0,0,0,0,0,0,0,0,0,0,0,0,0,0,0,0,0,0,0,0,0,0,0,0,0,0,0,0,0,0,0,0,0,0,0,0,0,0,0,0,0,0,
1,8_4,10_51_20,1.2428,0,0,0,1.242813,,2.308,1.22644,-0.69,22.03391,9.418285,-1.151306E-07,0.0000,0.0000,0.0000,0.0000,0.0000,0.0000,0,0,,,,,,,0,0,0,0,0,0,0,0,0,0,0,0,0,0,0,0,0,0,0,0,0,0,0,0,0,0,0,0,0,0,0,0,0,0,0,0,0,0,0,0,0,0,0,0,0,0,0,0,0,0,0,
1,8_4,10_51_20,1.2466,0,0,0,1.246592,,2.308,1.22644,-0.69,22.01501,10.24975,0,0.0000,0.0000,0.0000,0.0000,0.0000,0.0000,0,0,,,,,,,0,0,0,0,0,0,0,0,0,0,0,0,0,0,0,0,0,0,0,0,0,0,0,0,0,0,0,0,0,0,0,0,0,0,0,0,0,0,0,0,0,0,0,0,0,0,0,0,0,0,0,
1,8_4,10_51_20,1.2504,0,0,0,1.250398,,2.308,1.22644,-0.69,21.99598,11.03003,0,0.0000,0.0000,0.0000,0.0000,0.0000,0.0000,0,0,,,,,,,0,0,0,0,0,0,0,0,0,0,0,0,0,0,0,0,0,0,0,0,0,0,0,0,0,0,0,0,0,0,0,0,0,0,0,0,0,0,0,0,0,0,0,0,0,0,0,0,0,0,0,
1,8_4,10_51_20,1.2542,0,0,0,1.254178,,2.308,1.22644,-0.69,21.95818,11.8049,0,0.0000,0.0000,0.0000,0.0000,0.0000,0.0000,0,0,,,,,,,0,0,0,0,0,0,0,0,0,0,0,0,0,0,0,0,0,0,0,0,0,0,0,0,0,0,0,0,0,0,0,0,0,0,0,0,0,0,0,0,0,0,0,0,0,0,0,0,0,0,0,
1,8_4,10_51_20,1.2606,0,0,0,1.260559,,2.308,1.22644,-0.69,21.83056,13.6873,0,0.0000,0.0000,0.0000,0.0000,0.0000,0.0000,0,0,,,,,,,0,0,0,0,0,0,0,0,0,0,0,0,0,0,0,0,0,0,0,0,0,0,0,0,0,0,0,0,0,0,0,0,0,0,0,0,0,0,0,0,0,0,0,0,0,0,0,0,0,0,0,
1,8_4,10_51_20,1.2639,0,0,0,1.263937,,2.308,1.22644,-0.69,21.83056,13.6873,0,0.0000,0.0000,0.0000,0.0000,0.0000,0.0000,0,0,,,,,,,0,0,0,0,0,0,0,0,0,0,0,0,0,0,0,0,0,0,0,0,0,0,0,0,0,0,0,0,0,0,0,0,0,0,0,0,0,0,0,0,0,0,0,0,0,0,0,0,0,0,0,
1,8_4,10_51_20,1.2676,0,0,0,1.267647,,2.308,1.22644,-0.69,21.77491,14.89295,0,0.0000,0.0000,0.0000,0.0000,0.0000,0.0000,0,0,,,,,,,0,0,0,0,0,0,0,0,0,0,0,0,0,0,0,0,0,0,0,0,0,0,0,0,0,0,0,0,0,0,0,0,0,0,0,0,0,0,0,0,0,0,0,0,0,0,0,0,0,0,0,
1,8_4,10_51_20,1.2712,0,0,0,1.271237,,2.308,1.22644,-0.69,21.77491,14.89295,0,0.0000,0.0000,0.0000,0.0000,0.0000,0.0000,0,0,,,,,,,0,0,0,0,0,0,0,0,0,0,0,0,0,0,0,0,0,0,0,0,0,0,0,0,0,0,0,0,0,0,0,0,0,0,0,0,0,0,0,0,0,0,0,0,0,0,0,0,0,0,0,
1,8_4,10_51_20,1.2753,0,0,0,1.275264,,2.308,1.22644,-0.69,21.67425,16.32236,-2.296823E-07,0.0000,0.0000,0.0000,0.0000,0.0000,0.0000,0,0,,,,,,,0,0,0,0,0,0,0,0,0,0,0,0,0,0,0,0,0,0,0,0,0,0,0,0,0,0,0,0,0,0,0,0,0,0,0,0,0,0,0,0,0,0,0,0,0,0,0,0,0,0,0,
1,8_4,10_51_20,1.2794,0,0,0,1.279368,,2.308,1.22644,-0.69,21.61269,16.99952,0,0.0000,0.0000,0.0000,0.0000,0.0000,0.0000,0,0,,,,,,,0,0,0,0,0,0,0,0,0,0,0,0,0,0,0,0,0,0,0,0,0,0,0,0,0,0,0,0,0,0,0,0,0,0,0,0,0,0,0,0,0,0,0,0,0,0,0,0,0,0,0,
1,8_4,10_51_20,1.2835,0,0,0,1.283528,,2.308,1.22644,-0.69,21.57109,17.68592,0,0.0000,0.0000,0.0000,0.0000,0.0000,0.0000,0,0,,,,,,,0,0,0,0,0,0,0,0,0,0,0,0,0,0,0,0,0,0,0,0,0,0,0,0,0,0,0,0,0,0,0,0,0,0,0,0,0,0,0,0,0,0,0,0,0,0,0,0,0,0,0,
1,8_4,10_51_20,1.2879,0,0,0,1.287906,,2.308,1.22644,-0.69,21.52731,18.34271,0,0.0000,0.0000,0.0000,0.0000,0.0000,0.0000,0,0,,,,,,,0,0,0,0,0,0,0,0,0,0,0,0,0,0,0,0,0,0,0,0,0,0,0,0,0,0,0,0,0,0,0,0,0,0,0,0,0,0,0,0,0,0,0,0,0,0,0,0,0,0,0,
1,8_4,10_51_20,1.2923,0,0,0,1.292296,,2.308,1.22644,-0.69,21.43952,19.08891,2.293108E-07,0.0000,0.0000,0.0000,0.0000,0.0000,0.0000,0,0,,,,,,,0,0,0,0,0,0,0,0,0,0,0,0,0,0,0,0,0,0,0,0,0,0,0,0,0,0,0,0,0,0,0,0,0,0,0,0,0,0,0,0,0,0,0,0,0,0,0,0,0,0,0,
1,8_4,10_51_20,1.2966,0,0,0,1.29663,,2.308,1.22644,-0.69,21.3745,19.67406,2.292088E-07,0.0000,0.0000,0.0000,0.0000,0.0000,0.0000,0,0,,,,,,,0,0,0,0,0,0,0,0,0,0,0,0,0,0,0,0,0,0,0,0,0,0,0,0,0,0,0,0,0,0,0,0,0,0,0,0,0,0,0,0,0,0,0,0,0,0,0,0,0,0,0,
1,8_4,10_51_20,1.3037,0,0,0,1.303667,,2.308,1.22644,-0.69,21.16341,21.18694,0,0.0000,0.0000,0.0000,0.0000,0.0000,0.0000,0,0,,,,,,,0,0,0,0,0,0,0,0,0,0,0,0,0,0,0,0,0,0,0,0,0,0,0,0,0,0,0,0,0,0,0,0,0,0,0,0,0,0,0,0,0,0,0,0,0,0,0,0,0,0,0,
1,8_4,10_51_20,1.3074,0,0,0,1.30738,,2.308,1.22644,-0.69,21.16341,21.18694,0,0.0000,0.0000,0.0000,0.0000,0.0000,0.0000,0,0,,,,,,,0,0,0,0,0,0,0,0,0,0,0,0,0,0,0,0,0,0,0,0,0,0,0,0,0,0,0,0,0,0,0,0,0,0,0,0,0,0,0,0,0,0,0,0,0,0,0,0,0,0,0,
1,8_4,10_51_20,1.3114,0,0,0,1.311407,,2.308,1.22644,-0.69,21.06271,22.05291,4.574501E-07,0.0000,0.0000,0.0000,0.0000,0.0000,0.0000,0,0,,,,,,,0,0,0,0,0,0,0,0,0,0,0,0,0,0,0,0,0,0,0,0,0,0,0,0,0,0,0,0,0,0,0,0,0,0,0,0,0,0,0,0,0,0,0,0,0,0,0,0,0,0,0,
1,8_4,10_51_20,1.3155,0,0,0,1.315475,,2.308,1.22644,-0.69,20.96101,22.43936,4.571384E-07,0.0000,0.0000,0.0000,0.0000,0.0000,0.0000,0,0,,,,,,,0,0,0,0,0,0,0,0,0,0,0,0,0,0,0,0,0,0,0,0,0,0,0,0,0,0,0,0,0,0,0,0,0,0,0,0,0,0,0,0,0,0,0,0,0,0,0,0,0,0,0,
1,8_4,10_51_20,1.3197,0,0,0,1.319694,,2.308,1.22644,-0.69,20.89773,22.81903,0,0.0000,0.0000,0.0000,0.0000,0.0000,0.0000,0,0,,,,,,,0,0,0,0,0,0,0,0,0,0,0,0,0,0,0,0,0,0,0,0,0,0,0,0,0,0,0,0,0,0,0,0,0,0,0,0,0,0,0,0,0,0,0,0,0,0,0,0,0,0,0,
1,8_4,10_51_20,1.3242,0,0,0,1.324152,,2.308,1.22644,-0.69,20.76398,23.28718,0,0.0000,0.0000,0.0000,0.0000,0.0000,0.0000,0,0,,,,,,,0,0,0,0,0,0,0,0,0,0,0,0,0,0,0,0,0,0,0,0,0,0,0,0,0,0,0,0,0,0,0,0,0,0,0,0,0,0,0,0,0,0,0,0,0,0,0,0,0,0,0,
1,8_4,10_51_20,1.3287,0,0,0,1.328727,,2.308,1.22644,-0.69,20.67248,23.65316,-4.56264E-07,0.0000,0.0000,0.0000,0.0000,0.0000,0.0000,0,0,,,,,,,0,0,0,0,0,0,0,0,0,0,0,0,0,0,0,0,0,0,0,0,0,0,0,0,0,0,0,0,0,0,0,0,0,0,0,0,0,0,0,0,0,0,0,0,0,0,0,0,0,0,0,
1,8_4,10_51_20,1.3331,0,0,0,1.333087,,2.308,1.22644,-0.69,20.54168,23.95836,0,0.0000,0.0000,0.0000,0.0000,0.0000,0.0000,0,0,,,,,,,0,0,0,0,0,0,0,0,0,0,0,0,0,0,0,0,0,0,0,0,0,0,0,0,0,0,0,0,0,0,0,0,0,0,0,0,0,0,0,0,0,0,0,0,0,0,0,0,0,0,0,
1,8_4,10_51_20,1.3367,0,0,0,1.336744,,2.308,1.22644,-0.69,20.46855,24.19604,4.556549E-07,0.0000,0.0000,0.0000,0.0000,0.0000,0.0000,0,0,,,,,,,0,0,0,0,0,0,0,0,0,0,0,0,0,0,0,0,0,0,0,0,0,0,0,0,0,0,0,0,0,0,0,0,0,0,0,0,0,0,0,0,0,0,0,0,0,0,0,0,0,0,0,
1,8_4,10_51_20,1.3452,0,0,0,1.345164,,2.308,1.22644,-0.69,20.04755,25.24856,0,0.0000,0.0000,0.0000,0.0000,0.0000,0.0000,0,0,,,,,,,0,0,0,0,0,0,0,0,0,0,0,0,0,0,0,0,0,0,0,0,0,0,0,0,0,0,0,0,0,0,0,0,0,0,0,0,0,0,0,0,0,0,0,0,0,0,0,0,0,0,0,
1,8_4,10_51_20,1.3517,0,0,0,1.351699,,2.308,1.22644,-0.69,19.78613,25.93476,4.536703E-07,0.0000,0.0000,0.0000,0.0000,0.0000,0.0000,0,0,,,,,,,0,0,0,0,0,0,0,0,0,0,0,0,0,0,0,0,0,0,0,0,0,0,0,0,0,0,0,0,0,0,0,0,0,0,0,0,0,0,0,0,0,0,0,0,0,0,0,0,0,0,0,
1,8_4,10_51_20,1.3555,0,0,0,1.355503,,2.308,1.22644,-0.69,19.67202,26.10594,-4.533463E-07,0.0000,0.0000,0.0000,0.0000,0.0000,0.0000,0,0,,,,,,,0,0,0,0,0,0,0,0,0,0,0,0,0,0,0,0,0,0,0,0,0,0,0,0,0,0,0,0,0,0,0,0,0,0,0,0,0,0,0,0,0,0,0,0,0,0,0,0,0,0,0,
1,8_4,10_51_20,1.3600,0,0,0,1.360012,,2.308,1.22644,-0.69,19.58185,26.30882,-4.53092E-07,0.0000,0.0000,0.0000,0.0000,0.0000,0.0000,0,0,,,,,,,0,0,0,0,0,0,0,0,0,0,0,0,0,0,0,0,0,0,0,0,0,0,0,0,0,0,0,0,0,0,0,0,0,0,0,0,0,0,0,0,0,0,0,0,0,0,0,0,0,0,0,
1,8_4,10_51_20,1.3640,0,0,0,1.363997,,2.308,1.22644,-0.69,19.46228,26.46824,0,0.0000,0.0000,0.0000,0.0000,0.0000,0.0000,0,0,,,,,,,0,0,0,0,0,0,0,0,0,0,0,0,0,0,0,0,0,0,0,0,0,0,0,0,0,0,0,0,0,0,0,0,0,0,0,0,0,0,0,0,0,0,0,0,0,0,0,0,0,0,0,
1,8_4,10_51_20,1.3678,0,0,0,1.367808,,2.308,1.22644,-0.69,19.34795,26.63974,4.524387E-07,0.0000,0.0000,0.0000,0.0000,0.0000,0.0000,0,0,,,,,,,0,0,0,0,0,0,0,0,0,0,0,0,0,0,0,0,0,0,0,0,0,0,0,0,0,0,0,0,0,0,0,0,0,0,0,0,0,0,0,0,0,0,0,0,0,0,0,0,0,0,0,
1,8_4,10_51_20,1.3717,0,0,0,1.371659,,2.308,1.22644,-0.69,19.25167,26.77452,0,0.0000,0.0000,0.0000,0.0000,0.0000,0.0000,0,0,,,,,,,0,0,0,0,0,0,0,0,0,0,0,0,0,0,0,0,0,0,0,0,0,0,0,0,0,0,0,0,0,0,0,0,0,0,0,0,0,0,0,0,0,0,0,0,0,0,0,0,0,0,0,
1,8_4,10_51_20,1.3756,0,0,0,1.375578,,2.308,1.22644,-0.69,19.13412,26.91167,0,0.0000,0.0000,0.0000,0.0000,0.0000,0.0000,0,0,,,,,,,0,0,0,0,0,0,0,0,0,0,0,0,0,0,0,0,0,0,0,0,0,0,0,0,0,0,0,0,0,0,0,0,0,0,0,0,0,0,0,0,0,0,0,0,0,0,0,0,0,0,0,
1,8_4,10_51_20,1.3795,0,0,0,1.37949,,2.308,1.22644,-0.69,19.05587,27.02904,4.516361E-07,0.0000,0.0000,0.0000,0.0000,0.0000,0.0000,0,0,,,,,,,0,0,0,0,0,0,0,0,0,0,0,0,0,0,0,0,0,0,0,0,0,0,0,0,0,0,0,0,0,0,0,0,0,0,0,0,0,0,0,0,0,0,0,0,0,0,0,0,0,0,0,
1,8_4,10_51_20,1.3837,0,0,0,1.38373,,2.308,1.22644,-0.69,18.90746,27.15625,-4.512339E-07,0.0000,0.0000,0.0000,0.0000,0.0000,0.0000,0,0,,,,,,,0,0,0,0,0,0,0,0,0,0,0,0,0,0,0,0,0,0,0,0,0,0,0,0,0,0,0,0,0,0,0,0,0,0,0,0,0,0,0,0,0,0,0,0,0,0,0,0,0,0,0,
1,8_4,10_51_20,1.3881,0,0,0,1.388117,,2.308,1.22644,-0.69,18.77586,27.28785,0,0.0000,0.0000,0.0000,0.0000,0.0000,0.0000,0,0,,,,,,,0,0,0,0,0,0,0,0,0,0,0,0,0,0,0,0,0,0,0,0,0,0,0,0,0,0,0,0,0,0,0,0,0,0,0,0,0,0,0,0,0,0,0,0,0,0,0,0,0,0,0,
1,8_4,10_51_20,1.3925,0,0,0,1.392544,,2.308,1.22644,-0.69,18.6209,27.46494,-4.504679E-07,0.0000,0.0000,0.0000,0.0000,0.0000,0.0000,0,0,,,,,,,0,0,0,0,0,0,0,0,0,0,0,0,0,0,0,0,0,0,0,0,0,0,0,0,0,0,0,0,0,0,0,0,0,0,0,0,0,0,0,0,0,0,0,0,0,0,0,0,0,0,0,
1,8_4,10_51_20,1.3966,0,0,0,1.396624,,2.308,1.22644,-0.69,18.47811,27.56694,4.500913E-07,0.0000,0.0000,0.0000,0.0000,0.0000,0.0000,0,0,,,,,,,0,0,0,0,0,0,0,0,0,0,0,0,0,0,0,0,0,0,0,0,0,0,0,0,0,0,0,0,0,0,0,0,0,0,0,0,0,0,0,0,0,0,0,0,0,0,0,0,0,0,0,
1,8_4,10_51_20,1.4007,0,0,0,1.400697,,2.308,1.22644,-0.69,18.35592,27.66876,0,0.0000,0.0000,0.0000,0.0000,0.0000,0.0000,0,0,,,,,,,0,0,0,0,0,0,0,0,0,0,0,0,0,0,0,0,0,0,0,0,0,0,0,0,0,0,0,0,0,0,0,0,0,0,0,0,0,0,0,0,0,0,0,0,0,0,0,0,0,0,0,
1,8_4,10_51_20,1.4050,0,0,0,1.404976,,2.308,1.22644,-0.69,18.22755,27.79714,-4.494389E-07,0.0000,0.0000,0.0000,0.0000,0.0000,0.0000,0,0,,,,,,,0,0,0,0,0,0,0,0,0,0,0,0,0,0,0,0,0,0,0,0,0,0,0,0,0,0,0,0,0,0,0,0,0,0,0,0,0,0,0,0,0,0,0,0,0,0,0,0,0,0,0,
1,8_4,10_51_20,1.4087,0,0,0,1.408685,,2.308,1.22644,-0.69,18.11629,27.87131,0,0.0000,0.0000,0.0000,0.0000,0.0000,0.0000,0,0,,,,,,,0,0,0,0,0,0,0,0,0,0,0,0,0,0,0,0,0,0,0,0,0,0,0,0,0,0,0,0,0,0,0,0,0,0,0,0,0,0,0,0,0,0,0,0,0,0,0,0,0,0,0,
1,8_4,10_51_20,1.4137,0,0,0,1.413716,,2.308,1.22644,-0.69,17.91504,27.99709,0,0.0000,0.0000,0.0000,0.0000,0.0000,0.0000,0,0,,,,,,,0,0,0,0,0,0,0,0,0,0,0,0,0,0,0,0,0,0,0,0,0,0,0,0,0,0,0,0,0,0,0,0,0,0,0,0,0,0,0,0,0,0,0,0,0,0,0,0,0,0,0,
1,8_4,10_51_20,1.4175,0,0,0,1.417516,,2.308,1.22644,-0.69,17.82004,28.09209,0,0.0000,0.0000,0.0000,0.0000,0.0000,0.0000,0,0,,,,,,,0,0,0,0,0,0,0,0,0,0,0,0,0,0,0,0,0,0,0,0,0,0,0,0,0,0,0,0,0,0,0,0,0,0,0,0,0,0,0,0,0,0,0,0,0,0,0,0,0,0,0,
1,8_4,10_51_20,1.4214,0,0,0,1.421445,,2.308,1.22644,-0.69,17.68252,28.15103,0,0.0000,0.0000,0.0000,0.0000,0.0000,0.0000,0,0,,,,,,,0,0,0,0,0,0,0,0,0,0,0,0,0,0,0,0,0,0,0,0,0,0,0,0,0,0,0,0,0,0,0,0,0,0,0,0,0,0,0,0,0,0,0,0,0,0,0,0,0,0,0,
1,8_4,10_51_20,1.4252,0,0,0,1.425205,,2.308,1.22644,-0.69,17.56974,28.20741,0,0.0000,0.0000,0.0000,0.0000,0.0000,0.0000,0,0,,,,,,,0,0,0,0,0,0,0,0,0,0,0,0,0,0,0,0,0,0,0,0,0,0,0,0,0,0,0,0,0,0,0,0,0,0,0,0,0,0,0,0,0,0,0,0,0,0,0,0,0,0,0,
1,8_4,10_51_20,1.4295,0,0,0,1.429507,,2.308,1.22644,-0.69,17.46219,28.27195,4.475102E-07,0.0000,0.0000,0.0000,0.0000,0.0000,0.0000,0,0,,,,,,,0,0,0,0,0,0,0,0,0,0,0,0,0,0,0,0,0,0,0,0,0,0,0,0,0,0,0,0,0,0,0,0,0,0,0,0,0,0,0,0,0,0,0,0,0,0,0,0,0,0,0,
1,8_4,10_51_20,1.4333,0,0,0,1.433279,,2.308,1.22644,-0.69,17.33015,28.32854,0,0.0000,0.0000,0.0000,0.0000,0.0000,0.0000,0,0,,,,,,,0,0,0,0,0,0,0,0,0,0,0,0,0,0,0,0,0,0,0,0,0,0,0,0,0,0,0,0,0,0,0,0,0,0,0,0,0,0,0,0,0,0,0,0,0,0,0,0,0,0,0,
1,8_4,10_51_20,1.4375,0,0,0,1.437521,,2.308,1.22644,-0.69,17.2029,28.43458,0,0.0000,0.0000,0.0000,0.0000,0.0000,0.0000,0,0,,,,,,,0,0,0,0,0,0,0,0,0,0,0,0,0,0,0,0,0,0,0,0,0,0,0,0,0,0,0,0,0,0,0,0,0,0,0,0,0,0,0,0,0,0,0,0,0,0,0,0,0,0,0,
1,8_4,10_51_20,1.4416,0,0,0,1.441602,,2.308,1.22644,-0.69,17.08045,28.47539,-4.465842E-07,0.0000,0.0000,0.0000,0.0000,0.0000,0.0000,0,0,,,,,,,0,0,0,0,0,0,0,0,0,0,0,0,0,0,0,0,0,0,0,0,0,0,0,0,0,0,0,0,0,0,0,0,0,0,0,0,0,0,0,0,0,0,0,0,0,0,0,0,0,0,0,
1,8_4,10_51_20,1.4454,0,0,0,1.445389,,2.308,1.22644,-0.69,16.9858,28.53219,-4.463582E-07,0.0000,0.0000,0.0000,0.0000,0.0000,0.0000,0,0,,,,,,,0,0,0,0,0,0,0,0,0,0,0,0,0,0,0,0,0,0,0,0,0,0,0,0,0,0,0,0,0,0,0,0,0,0,0,0,0,0,0,0,0,0,0,0,0,0,0,0,0,0,0,
1,8_4,10_51_20,1.4495,0,0,0,1.449479,,2.308,1.22644,-0.69,16.86309,28.57309,0,0.0000,0.0000,0.0000,0.0000,0.0000,0.0000,0,0,,,,,,,0,0,0,0,0,0,0,0,0,0,0,0,0,0,0,0,0,0,0,0,0,0,0,0,0,0,0,0,0,0,0,0,0,0,0,0,0,0,0,0,0,0,0,0,0,0,0,0,0,0,0,
1,8_4,10_51_20,1.4533,0,0,0,1.453292,,2.308,1.22644,-0.69,16.76777,28.61121,0,0.0000,0.0000,0.0000,0.0000,0.0000,0.0000,0,0,,,,,,,0,0,0,0,0,0,0,0,0,0,0,0,0,0,0,0,0,0,0,0,0,0,0,0,0,0,0,0,0,0,0,0,0,0,0,0,0,0,0,0,0,0,0,0,0,0,0,0,0,0,0,
1,8_4,10_51_20,1.4571,0,0,0,1.457115,,2.308,1.22644,-0.69,16.71042,28.66857,0,0.0000,0.0000,0.0000,0.0000,0.0000,0.0000,0,0,,,,,,,0,0,0,0,0,0,0,0,0,0,0,0,0,0,0,0,0,0,0,0,0,0,0,0,0,0,0,0,0,0,0,0,0,0,0,0,0,0,0,0,0,0,0,0,0,0,0,0,0,0,0,
1,8_4,10_51_20,1.4617,0,0,0,1.46166,,2.308,1.22644,-0.69,16.52863,28.71401,0,0.0000,0.0000,0.0000,0.0000,0.0000,0.0000,0,0,,,,,,,0,0,0,0,0,0,0,0,0,0,0,0,0,0,0,0,0,0,0,0,0,0,0,0,0,0,0,0,0,0,0,0,0,0,0,0,0,0,0,0,0,0,0,0,0,0,0,0,0,0,0,
1,8_4,10_51_20,1.4656,0,0,0,1.465621,,2.308,1.22644,-0.69,16.40978,28.77344,0,0.0000,0.0000,0.0000,0.0000,0.0000,0.0000,0,0,,,,,,,0,0,0,0,0,0,0,0,0,0,0,0,0,0,0,0,0,0,0,0,0,0,0,0,0,0,0,0,0,0,0,0,0,0,0,0,0,0,0,0,0,0,0,0,0,0,0,0,0,0,0,
1,8_4,10_51_20,1.4697,0,0,0,1.469737,,2.308,1.22644,-0.69,16.28633,28.79401,0,0.0000,0.0000,0.0000,0.0000,0.0000,0.0000,0,0,,,,,,,0,0,0,0,0,0,0,0,0,0,0,0,0,0,0,0,0,0,0,0,0,0,0,0,0,0,0,0,0,0,0,0,0,0,0,0,0,0,0,0,0,0,0,0,0,0,0,0,0,0,0,
1,8_4,10_51_20,1.4734,0,0,0,1.473447,,2.308,1.22644,-0.69,16.19356,28.84967,0,0.0000,0.0000,0.0000,0.0000,0.0000,0.0000,0,0,,,,,,,0,0,0,0,0,0,0,0,0,0,0,0,0,0,0,0,0,0,0,0,0,0,0,0,0,0,0,0,0,0,0,0,0,0,0,0,0,0,0,0,0,0,0,0,0,0,0,0,0,0,0,
1,8_4,10_51_20,1.4777,0,0,0,1.477654,,2.308,1.22644,-0.69,16.08839,28.89174,0,0.0000,0.0000,0.0000,0.0000,0.0000,0.0000,0,0,,,,,,,0,0,0,0,0,0,0,0,0,0,0,0,0,0,0,0,0,0,0,0,0,0,0,0,0,0,0,0,0,0,0,0,0,0,0,0,0,0,0,0,0,0,0,0,0,0,0,0,0,0,0,
1,8_4,10_51_20,1.4814,0,0,0,1.481445,,2.308,1.22644,-0.69,15.99363,28.92965,-4.44076E-07,0.0000,0.0000,0.0000,0.0000,0.0000,0.0000,0,0,,,,,,,0,0,0,0,0,0,0,0,0,0,0,0,0,0,0,0,0,0,0,0,0,0,0,0,0,0,0,0,0,0,0,0,0,0,0,0,0,0,0,0,0,0,0,0,0,0,0,0,0,0,0,
1,8_4,10_51_20,1.4856,0,0,0,1.485557,,2.308,1.22644,-0.69,15.89081,28.99134,0,0.0000,0.0000,0.0000,0.0000,0.0000,0.0000,0,0,,,,,,,0,0,0,0,0,0,0,0,0,0,0,0,0,0,0,0,0,0,0,0,0,0,0,0,0,0,0,0,0,0,0,0,0,0,0,0,0,0,0,0,0,0,0,0,0,0,0,0,0,0,0,
1,8_4,10_51_20,1.4894,0,0,0,1.48938,,2.308,1.22644,-0.69,15.79525,29.01045,0,0.0000,0.0000,0.0000,0.0000,0.0000,0.0000,0,0,,,,,,,0,0,0,0,0,0,0,0,0,0,0,0,0,0,0,0,0,0,0,0,0,0,0,0,0,0,0,0,0,0,0,0,0,0,0,0,0,0,0,0,0,0,0,0,0,0,0,0,0,0,0,
1,8_4,10_51_20,1.4930,0,0,0,1.493021,,2.308,1.22644,-0.69,15.72242,29.02865,0,0.0000,0.0000,0.0000,0.0000,0.0000,0.0000,0,0,,,,,,,0,0,0,0,0,0,0,0,0,0,0,0,0,0,0,0,0,0,0,0,0,0,0,0,0,0,0,0,0,0,0,0,0,0,0,0,0,0,0,0,0,0,0,0,0,0,0,0,0,0,0,
1,8_4,10_51_20,1.4967,0,0,0,1.496727,,2.308,1.22644,-0.69,15.66683,29.06571,0,0.0000,0.0000,0.0000,0.0000,0.0000,0.0000,0,0,,,,,,,0,0,0,0,0,0,0,0,0,0,0,0,0,0,0,0,0,0,0,0,0,0,0,0,0,0,0,0,0,0,0,0,0,0,0,0,0,0,0,0,0,0,0,0,0,0,0,0,0,0,0,
1,8_4,10_51_20,1.5004,0,0,0,1.500392,,2.308,1.22644,-0.69,15.61186,29.06571,-4.432393E-07,0.0000,0.0000,0.0000,0.0000,0.0000,0.0000,0,0,,,,,,,0,0,0,0,0,0,0,0,0,0,0,0,0,0,0,0,0,0,0,0,0,0,0,0,0,0,0,0,0,0,0,0,0,0,0,0,0,0,0,0,0,0,0,0,0,0,0,0,0,0,0,
1,8_4,10_51_20,1.5042,0,0,0,1.504232,,2.337,0.992,-1.001778,15.53506,29.08491,0,0.0000,0.0000,0.0000,0.0000,0.0000,0.0000,0,0,,,,,,,0,0,0,0,0,0,0,0,0,0,0,0,0,0,0,0,0,0,0,0,0,0,0,0,0,0,0,0,0,0,0,0,0,0,0,0,0,0,0,0,0,0,0,0,0,0,0,0,0,0,0,
1,8_4,10_51_20,1.5106,0,0,0,1.510572,,2.337,0.992,-1.001778,15.47166,29.08491,4.429378E-07,0.0000,0.0000,0.0000,0.0000,0.0000,0.0000,0,0,,,,,,,0,0,0,0,0,0,0,0,0,0,0,0,0,0,0,0,0,0,0,0,0,0,0,0,0,0,0,0,0,0,0,0,0,0,0,0,0,0,0,0,0,0,0,0,0,0,0,0,0,0,0,
1,8_4,10_51_20,1.5139,0,0,0,1.513916,,2.337,0.992,-1.001778,15.45494,29.08491,-4.42902E-07,0.0000,0.0000,0.0000,0.0000,0.0000,0.0000,0,0,,,,,,,0,0,0,0,0,0,0,0,0,0,0,0,0,0,0,0,0,0,0,0,0,0,0,0,0,0,0,0,0,0,0,0,0,0,0,0,0,0,0,0,0,0,0,0,0,0,0,0,0,0,0,
1,8_4,10_51_20,1.5175,0,0,0,1.517542,,2.337,0.992,-1.001778,15.4368,29.10305,0,0.0000,0.0000,0.0000,0.0000,0.0000,0.0000,0,0,,,,,,,0,0,0,0,0,0,0,0,0,0,0,0,0,0,0,0,0,0,0,0,0,0,0,0,0,0,0,0,0,0,0,0,0,0,0,0,0,0,0,0,0,0,0,0,0,0,0,0,0,0,0,
1,8_4,10_51_20,1.5210,0,0,0,1.521007,,2.337,0.992,-1.001778,15.41948,29.10305,0,0.0000,0.0000,0.0000,0.0000,0.0000,0.0000,0,0,,,,,,,0,0,0,0,0,0,0,0,0,0,0,0,0,0,0,0,0,0,0,0,0,0,0,0,0,0,0,0,0,0,0,0,0,0,0,0,0,0,0,0,0,0,0,0,0,0,0,0,0,0,0,
1,8_4,10_51_20,1.5243,0,0,0,1.524279,,2.337,0.992,-1.001778,15.41948,29.10305,0,0.0000,0.0000,0.0000,0.0000,0.0000,0.0000,0,0,,,,,,,0,0,0,0,0,0,0,0,0,0,0,0,0,0,0,0,0,0,0,0,0,0,0,0,0,0,0,0,0,0,0,0,0,0,0,0,0,0,0,0,0,0,0,0,0,0,0,0,0,0,0,
1,8_4,10_51_20,1.5279,0,0,0,1.527913,,2.337,0.992,-1.001778,15.40131,29.10305,4.427876E-07,0.0000,0.0000,0.0000,0.0000,0.0000,0.0000,0,0,,,,,,,0,0,0,0,0,0,0,0,0,0,0,0,0,0,0,0,0,0,0,0,0,0,0,0,0,0,0,0,0,0,0,0,0,0,0,0,0,0,0,0,0,0,0,0,0,0,0,0,0,0,0,
1,8_4,10_51_20,1.5311,0,0,0,1.531108,,2.337,0.992,-1.001778,15.40131,29.10305,4.427876E-07,0.0000,0.0000,0.0000,0.0000,0.0000,0.0000,0,0,,,,,,,0,0,0,0,0,0,0,0,0,0,0,0,0,0,0,0,0,0,0,0,0,0,0,0,0,0,0,0,0,0,0,0,0,0,0,0,0,0,0,0,0,0,0,0,0,0,0,0,0,0,0,
1,8_4,10_51_20,1.5348,0,0,0,1.534843,,2.337,0.992,-1.001778,15.36396,29.10305,0,0.0000,0.0000,0.0000,0.0000,0.0000,0.0000,0,0,,,,,,,0,0,0,0,0,0,0,0,0,0,0,0,0,0,0,0,0,0,0,0,0,0,0,0,0,0,0,0,0,0,0,0,0,0,0,0,0,0,0,0,0,0,0,0,0,0,0,0,0,0,0,
1,8_4,10_51_20,1.5386,0,0,0,1.53856,,2.337,0.992,-1.001778,15.34537,29.10305,0,0.0000,0.0000,0.0000,0.0000,0.0000,0.0000,0,0,,,,,,,0,0,0,0,0,0,0,0,0,0,0,0,0,0,0,0,0,0,0,0,0,0,0,0,0,0,0,0,0,0,0,0,0,0,0,0,0,0,0,0,0,0,0,0,0,0,0,0,0,0,0,
1,8_4,10_51_20,1.5424,0,0,0,1.542397,,2.337,0.992,-1.001778,15.34537,29.08386,-4.426688E-07,0.0000,0.0000,0.0000,0.0000,0.0000,0.0000,0,0,,,,,,,0,0,0,0,0,0,0,0,0,0,0,0,0,0,0,0,0,0,0,0,0,0,0,0,0,0,0,0,0,0,0,0,0,0,0,0,0,0,0,0,0,0,0,0,0,0,0,0,0,0,0,
1,8_4,10_51_20,1.5462,0,0,0,1.546238,,2.337,0.992,-1.001778,15.30696,29.08386,0,0.0000,0.0000,0.0000,0.0000,0.0000,0.0000,0,0,,,,,,,0,0,0,0,0,0,0,0,0,0,0,0,0,0,0,0,0,0,0,0,0,0,0,0,0,0,0,0,0,0,0,0,0,0,0,0,0,0,0,0,0,0,0,0,0,0,0,0,0,0,0,
1,8_4,10_51_20,1.5496,0,0,0,1.549586,,2.337,0.992,-1.001778,15.29022,29.06712,0,0.0000,0.0000,0.0000,0.0000,0.0000,0.0000,0,0,,,,,,,0,0,0,0,0,0,0,0,0,0,0,0,0,0,0,0,0,0,0,0,0,0,0,0,0,0,0,0,0,0,0,0,0,0,0,0,0,0,0,0,0,0,0,0,0,0,0,0,0,0,0,
1,8_4,10_51_20,1.5535,0,0,0,1.55354,,2.337,0.992,-1.001778,15.25068,29.04735,0,0.0000,0.0000,0.0000,0.0000,0.0000,0.0000,0,0,,,,,,,0,0,0,0,0,0,0,0,0,0,0,0,0,0,0,0,0,0,0,0,0,0,0,0,0,0,0,0,0,0,0,0,0,0,0,0,0,0,0,0,0,0,0,0,0,0,0,0,0,0,0,
1,8_4,10_51_20,1.5576,0,0,0,1.557604,,2.337,0.992,-1.001778,15.18972,29.00671,0,0.0000,0.0000,0.0000,0.0000,0.0000,0.0000,0,0,,,,,,,0,0,0,0,0,0,0,0,0,0,0,0,0,0,0,0,0,0,0,0,0,0,0,0,0,0,0,0,0,0,0,0,0,0,0,0,0,0,0,0,0,0,0,0,0,0,0,0,0,0,0,
1,8_4,10_51_20,1.5615,0,0,0,1.5615,,2.337,0.992,-1.001778,15.17024,28.94828,0,0.0000,0.0000,0.0000,0.0000,0.0000,0.0000,0,0,,,,,,,0,0,0,0,0,0,0,0,0,0,0,0,0,0,0,0,0,0,0,0,0,0,0,0,0,0,0,0,0,0,0,0,0,0,0,0,0,0,0,0,0,0,0,0,0,0,0,0,0,0,0,
1,8_4,10_51_20,1.5657,0,0,0,1.565722,,2.337,0.992,-1.001778,15.12802,28.90606,4.422116E-07,0.0000,0.0000,0.0000,0.0000,0.0000,0.0000,0,0,,,,,,,0,0,0,0,0,0,0,0,0,0,0,0,0,0,0,0,0,0,0,0,0,0,0,0,0,0,0,0,0,0,0,0,0,0,0,0,0,0,0,0,0,0,0,0,0,0,0,0,0,0,0,
1,8_4,10_51_20,1.5695,0,0,0,1.569461,,2.337,0.992,-1.001778,15.09063,28.84997,0,0.0000,0.0000,0.0000,0.0000,0.0000,0.0000,0,0,,,,,,,0,0,0,0,0,0,0,0,0,0,0,0,0,0,0,0,0,0,0,0,0,0,0,0,0,0,0,0,0,0,0,0,0,0,0,0,0,0,0,0,0,0,0,0,0,0,0,0,0,0,0,
1,8_4,10_51_20,1.5734,0,0,0,1.573402,,2.337,0.992,-1.001778,15.05122,28.81056,0,0.0000,0.0000,0.0000,0.0000,0.0000,0.0000,0,0,,,,,,,0,0,0,0,0,0,0,0,0,0,0,0,0,0,0,0,0,0,0,0,0,0,0,0,0,0,0,0,0,0,0,0,0,0,0,0,0,0,0,0,0,0,0,0,0,0,0,0,0,0,0,
1,8_4,10_51_20,1.5778,0,0,0,1.577835,,2.337,0.992,-1.001778,15.02906,28.74407,2.210029E-07,0.0000,0.0000,0.0000,0.0000,0.0000,0.0000,0,0,,,,,,,0,0,0,0,0,0,0,0,0,0,0,0,0,0,0,0,0,0,0,0,0,0,0,0,0,0,0,0,0,0,0,0,0,0,0,0,0,0,0,0,0,0,0,0,0,0,0,0,0,0,0,
1,8_4,10_51_20,1.5816,0,0,0,1.581635,,2.337,0.992,-1.001778,14.99106,28.64907,0,0.0000,0.0000,0.0000,0.0000,0.0000,0.0000,0,0,,,,,,,0,0,0,0,0,0,0,0,0,0,0,0,0,0,0,0,0,0,0,0,0,0,0,0,0,0,0,0,0,0,0,0,0,0,0,0,0,0,0,0,0,0,0,0,0,0,0,0,0,0,0,
1,8_4,10_51_20,1.5890,0,0,0,1.588986,,2.337,0.992,-1.001778,14.88079,28.39178,-2.208502E-07,0.0000,0.0000,0.0000,0.0000,0.0000,0.0000,0,0,,,,,,,0,0,0,0,0,0,0,0,0,0,0,0,0,0,0,0,0,0,0,0,0,0,0,0,0,0,0,0,0,0,0,0,0,0,0,0,0,0,0,0,0,0,0,0,0,0,0,0,0,0,0,
1,8_4,10_51_20,1.5955,0,0,0,1.5955,,2.337,0.992,-1.001778,14.84822,28.09866,0,0.0000,0.0000,0.0000,0.0000,0.0000,0.0000,0,0,,,,,,,0,0,0,0,0,0,0,0,0,0,0,0,0,0,0,0,0,0,0,0,0,0,0,0,0,0,0,0,0,0,0,0,0,0,0,0,0,0,0,0,0,0,0,0,0,0,0,0,0,0,0,
1,8_4,10_51_20,1.5995,0,0,0,1.599491,,2.337,0.992,-1.001778,14.84822,28.01883,4.416338E-07,0.0000,0.0000,0.0000,0.0000,0.0000,0.0000,0,0,,,,,,,0,0,0,0,0,0,0,0,0,0,0,0,0,0,0,0,0,0,0,0,0,0,0,0,0,0,0,0,0,0,0,0,0,0,0,0,0,0,0,0,0,0,0,0,0,0,0,0,0,0,0,
1,8_4,10_51_20,1.6036,0,0,0,1.603633,,2.337,0.992,-1.001778,14.84822,27.936,0,0.0000,0.0000,0.0000,0.0000,0.0000,0.0000,0,0,,,,,,,0,0,0,0,0,0,0,0,0,0,0,0,0,0,0,0,0,0,0,0,0,0,0,0,0,0,0,0,0,0,0,0,0,0,0,0,0,0,0,0,0,0,0,0,0,0,0,0,0,0,0,
1,8_4,10_51_20,1.6073,0,0,0,1.607262,,2.337,0.992,-1.001778,14.84822,27.936,0,0.0000,0.0000,0.0000,0.0000,0.0000,0.0000,0,0,,,,,,,0,0,0,0,0,0,0,0,0,0,0,0,0,0,0,0,0,0,0,0,0,0,0,0,0,0,0,0,0,0,0,0,0,0,0,0,0,0,0,0,0,0,0,0,0,0,0,0,0,0,0,
1,8_4,10_51_20,1.6110,0,0,0,1.610952,,2.337,0.992,-1.001778,14.84822,27.75149,0,0.0000,0.0000,0.0000,0.0000,0.0000,0.0000,0,0,,,,,,,0,0,0,0,0,0,0,0,0,0,0,0,0,0,0,0,0,0,0,0,0,0,0,0,0,0,0,0,0,0,0,0,0,0,0,0,0,0,0,0,0,0,0,0,0,0,0,0,0,0,0,
1,8_4,10_51_20,1.6157,0,0,0,1.615695,,2.337,0.992,-1.001778,14.84822,27.75149,0,0.0000,0.0000,0.0000,0.0000,0.0000,0.0000,0,0,,,,,,,0,0,0,0,0,0,0,0,0,0,0,0,0,0,0,0,0,0,0,0,0,0,0,0,0,0,0,0,0,0,0,0,0,0,0,0,0,0,0,0,0,0,0,0,0,0,0,0,0,0,0,
1,8_4,10_51_20,1.6196,0,0,0,1.61961,,2.337,0.992,-1.001778,14.88737,27.49704,2.20857E-07,0.0000,0.0000,0.0000,0.0000,0.0000,0.0000,0,0,,,,,,,0,0,0,0,0,0,0,0,0,0,0,0,0,0,0,0,0,0,0,0,0,0,0,0,0,0,0,0,0,0,0,0,0,0,0,0,0,0,0,0,0,0,0,0,0,0,0,0,0,0,0,
1,8_4,10_51_20,1.6229,0,0,0,1.622882,,2.337,0.992,-1.001778,14.88737,27.49704,2.20857E-07,0.0000,0.0000,0.0000,0.0000,0.0000,0.0000,0,0,,,,,,,0,0,0,0,0,0,0,0,0,0,0,0,0,0,0,0,0,0,0,0,0,0,0,0,0,0,0,0,0,0,0,0,0,0,0,0,0,0,0,0,0,0,0,0,0,0,0,0,0,0,0,
1,8_4,10_51_20,1.6269,0,0,0,1.626863,,2.337,0.992,-1.001778,14.96699,27.25817,0,0.0000,0.0000,0.0000,0.0000,0.0000,0.0000,0,0,,,,,,,0,0,0,0,0,0,0,0,0,0,0,0,0,0,0,0,0,0,0,0,0,0,0,0,0,0,0,0,0,0,0,0,0,0,0,0,0,0,0,0,0,0,0,0,0,0,0,0,0,0,0,
1,8_4,10_51_20,1.6302,0,0,0,1.630174,,2.337,0.992,-1.001778,14.96699,27.25817,0,0.0000,0.0000,0.0000,0.0000,0.0000,0.0000,0,0,,,,,,,0,0,0,0,0,0,0,0,0,0,0,0,0,0,0,0,0,0,0,0,0,0,0,0,0,0,0,0,0,0,0,0,0,0,0,0,0,0,0,0,0,0,0,0,0,0,0,0,0,0,0,
1,8_4,10_51_20,1.6338,0,0,0,1.63377,,2.337,0.992,-1.001778,15.03892,26.98844,4.420263E-07,0.0000,0.0000,0.0000,0.0000,0.0000,0.0000,0,0,,,,,,,0,0,0,0,0,0,0,0,0,0,0,0,0,0,0,0,0,0,0,0,0,0,0,0,0,0,0,0,0,0,0,0,0,0,0,0,0,0,0,0,0,0,0,0,0,0,0,0,0,0,0,
1,8_4,10_51_20,1.6371,0,0,0,1.637083,,2.337,0.992,-1.001778,15.03892,26.98844,4.420263E-07,0.0000,0.0000,0.0000,0.0000,0.0000,0.0000,0,0,,,,,,,0,0,0,0,0,0,0,0,0,0,0,0,0,0,0,0,0,0,0,0,0,0,0,0,0,0,0,0,0,0,0,0,0,0,0,0,0,0,0,0,0,0,0,0,0,0,0,0,0,0,0,
1,8_4,10_51_20,1.6409,0,0,0,1.640935,,2.337,0.992,-1.001778,15.13522,26.62252,0,0.0000,0.0000,0.0000,0.0000,0.0000,0.0000,0,0,,,,,,,0,0,0,0,0,0,0,0,0,0,0,0,0,0,0,0,0,0,0,0,0,0,0,0,0,0,0,0,0,0,0,0,0,0,0,0,0,0,0,0,0,0,0,0,0,0,0,0,0,0,0,
1,8_4,10_51_21,1.6444,0,0,0,1.644444,,2.337,0.992,-1.001778,15.13522,26.62252,0,0.0000,0.0000,0.0000,0.0000,0.0000,0.0000,0,0,,,,,,,0,0,0,0,0,0,0,0,0,0,0,0,0,0,0,0,0,0,0,0,0,0,0,0,0,0,0,0,0,0,0,0,0,0,0,0,0,0,0,0,0,0,0,0,0,0,0,0,0,0,0,
1,8_4,10_51_21,1.6483,0,0,0,1.648285,,2.337,0.992,-1.001778,15.25043,26.20007,0,0.0000,0.0000,0.0000,0.0000,0.0000,0.0000,0,0,,,,,,,0,0,0,0,0,0,0,0,0,0,0,0,0,0,0,0,0,0,0,0,0,0,0,0,0,0,0,0,0,0,0,0,0,0,0,0,0,0,0,0,0,0,0,0,0,0,0,0,0,0,0,
1,8_4,10_51_21,1.6548,0,0,0,1.654797,,2.337,0.992,-1.001778,15.47835,25.48375,2.21476E-07,0.0000,0.0000,0.0000,0.0000,0.0000,0.0000,0,0,,,,,,,0,0,0,0,0,0,0,0,0,0,0,0,0,0,0,0,0,0,0,0,0,0,0,0,0,0,0,0,0,0,0,0,0,0,0,0,0,0,0,0,0,0,0,0,0,0,0,0,0,0,0,
1,8_4,10_51_21,1.6611,0,0,0,1.661114,,2.337,0.992,-1.001778,15.73105,24.82042,0,0.0000,0.0000,0.0000,0.0000,0.0000,0.0000,0,0,,,,,,,0,0,0,0,0,0,0,0,0,0,0,0,0,0,0,0,0,0,0,0,0,0,0,0,0,0,0,0,0,0,0,0,0,0,0,0,0,0,0,0,0,0,0,0,0,0,0,0,0,0,0,
1,8_4,10_51_21,1.6650,0,0,0,1.665024,,2.337,0.992,-1.001778,15.80923,24.50766,0,0.0000,0.0000,0.0000,0.0000,0.0000,0.0000,0,0,,,,,,,0,0,0,0,0,0,0,0,0,0,0,0,0,0,0,0,0,0,0,0,0,0,0,0,0,0,0,0,0,0,0,0,0,0,0,0,0,0,0,0,0,0,0,0,0,0,0,0,0,0,0,
1,8_4,10_51_21,1.6687,0,0,0,1.668713,,2.337,0.992,-1.001778,15.9199,24.23099,4.439126E-07,0.0000,0.0000,0.0000,0.0000,0.0000,0.0000,0,0,,,,,,,0,0,0,0,0,0,0,0,0,0,0,0,0,0,0,0,0,0,0,0,0,0,0,0,0,0,0,0,0,0,0,0,0,0,0,0,0,0,0,0,0,0,0,0,0,0,0,0,0,0,0,
1,8_4,10_51_21,1.6726,0,0,0,1.672636,,2.337,0.992,-1.001778,16.0376,23.89752,2.220869E-07,0.0000,0.0000,0.0000,0.0000,0.0000,0.0000,0,0,,,,,,,0,0,0,0,0,0,0,0,0,0,0,0,0,0,0,0,0,0,0,0,0,0,0,0,0,0,0,0,0,0,0,0,0,0,0,0,0,0,0,0,0,0,0,0,0,0,0,0,0,0,0,
1,8_4,10_51_21,1.6790,0,0,0,1.678981,,2.337,0.992,-1.001778,16.25967,23.10443,2.223363E-07,0.0000,0.0000,0.0000,0.0000,0.0000,0.0000,0,0,,,,,,,0,0,0,0,0,0,0,0,0,0,0,0,0,0,0,0,0,0,0,0,0,0,0,0,0,0,0,0,0,0,0,0,0,0,0,0,0,0,0,0,0,0,0,0,0,0,0,0,0,0,0,
1,8_4,10_51_21,1.6828,0,0,0,1.682835,,2.337,0.992,-1.001778,16.39458,22.77678,-2.224897E-07,0.0000,0.0000,0.0000,0.0000,0.0000,0.0000,0,0,,,,,,,0,0,0,0,0,0,0,0,0,0,0,0,0,0,0,0,0,0,0,0,0,0,0,0,0,0,0,0,0,0,0,0,0,0,0,0,0,0,0,0,0,0,0,0,0,0,0,0,0,0,0,
1,8_4,10_51_21,1.6866,0,0,0,1.68658,,2.337,0.992,-1.001778,16.50692,22.45848,2.226185E-07,0.0000,0.0000,0.0000,0.0000,0.0000,0.0000,0,0,,,,,,,0,0,0,0,0,0,0,0,0,0,0,0,0,0,0,0,0,0,0,0,0,0,0,0,0,0,0,0,0,0,0,0,0,0,0,0,0,0,0,0,0,0,0,0,0,0,0,0,0,0,0,
1,8_4,10_51_21,1.6928,0,0,0,1.692781,,2.337,0.992,-1.001778,16.75495,21.68338,2.229066E-07,0.0000,0.0000,0.0000,0.0000,0.0000,0.0000,0,0,,,,,,,0,0,0,0,0,0,0,0,0,0,0,0,0,0,0,0,0,0,0,0,0,0,0,0,0,0,0,0,0,0,0,0,0,0,0,0,0,0,0,0,0,0,0,0,0,0,0,0,0,0,0,
1,8_4,10_51_21,1.6966,0,0,0,1.696555,,2.337,0.992,-1.001778,16.86818,21.36257,0,0.0000,0.0000,0.0000,0.0000,0.0000,0.0000,0,0,,,,,,,0,0,0,0,0,0,0,0,0,0,0,0,0,0,0,0,0,0,0,0,0,0,0,0,0,0,0,0,0,0,0,0,0,0,0,0,0,0,0,0,0,0,0,0,0,0,0,0,0,0,0,
1,8_4,10_51_21,1.7026,0,0,0,1.702577,,2.337,0.992,-1.001778,17.16926,20.60987,0,0.0000,0.0000,0.0000,0.0000,0.0000,0.0000,0,0,,,,,,,0,0,0,0,0,0,0,0,0,0,0,0,0,0,0,0,0,0,0,0,0,0,0,0,0,0,0,0,0,0,0,0,0,0,0,0,0,0,0,0,0,0,0,0,0,0,0,0,0,0,0,
1,8_4,10_51_21,1.7069,0,0,0,1.706859,,2.337,0.992,-1.001778,17.29773,20.24586,-2.235542E-07,0.0000,0.0000,0.0000,0.0000,0.0000,0.0000,0,0,,,,,,,0,0,0,0,0,0,0,0,0,0,0,0,0,0,0,0,0,0,0,0,0,0,0,0,0,0,0,0,0,0,0,0,0,0,0,0,0,0,0,0,0,0,0,0,0,0,0,0,0,0,0,
1,8_4,10_51_21,1.7106,0,0,0,1.710641,,2.337,0.992,-1.001778,17.43009,19.94334,2.237157E-07,0.0000,0.0000,0.0000,0.0000,0.0000,0.0000,0,0,,,,,,,0,0,0,0,0,0,0,0,0,0,0,0,0,0,0,0,0,0,0,0,0,0,0,0,0,0,0,0,0,0,0,0,0,0,0,0,0,0,0,0,0,0,0,0,0,0,0,0,0,0,0,
1,8_4,10_51_21,1.7172,0,0,0,1.717215,,2.337,0.992,-1.001778,17.75882,19.08863,0,0.0000,0.0000,0.0000,0.0000,0.0000,0.0000,0,0,,,,,,,0,0,0,0,0,0,0,0,0,0,0,0,0,0,0,0,0,0,0,0,0,0,0,0,0,0,0,0,0,0,0,0,0,0,0,0,0,0,0,0,0,0,0,0,0,0,0,0,0,0,0,
1,8_4,10_51_21,1.7208,0,0,0,1.720783,,2.337,0.992,-1.001778,17.88367,18.78542,0,0.0000,0.0000,0.0000,0.0000,0.0000,0.0000,0,0,,,,,,,0,0,0,0,0,0,0,0,0,0,0,0,0,0,0,0,0,0,0,0,0,0,0,0,0,0,0,0,0,0,0,0,0,0,0,0,0,0,0,0,0,0,0,0,0,0,0,0,0,0,0,
1,8_4,10_51_21,1.7244,0,0,0,1.724408,,2.337,0.992,-1.001778,17.88367,18.78542,0,0.0000,0.0000,0.0000,0.0000,0.0000,0.0000,0,0,,,,,,,0,0,0,0,0,0,0,0,0,0,0,0,0,0,0,0,0,0,0,0,0,0,0,0,0,0,0,0,0,0,0,0,0,0,0,0,0,0,0,0,0,0,0,0,0,0,0,0,0,0,0,
1,8_4,10_51_21,1.7281,0,0,0,1.728107,,2.337,0.992,-1.001778,18.08711,18.2491,0,0.0000,0.0000,0.0000,0.0000,0.0000,0.0000,0,0,,,,,,,0,0,0,0,0,0,0,0,0,0,0,0,0,0,0,0,0,0,0,0,0,0,0,0,0,0,0,0,0,0,0,0,0,0,0,0,0,0,0,0,0,0,0,0,0,0,0,0,0,0,0,
1,8_4,10_51_21,1.7349,0,0,0,1.734865,,2.337,0.992,-1.001778,18.425,17.23539,2.249761E-07,0.0000,0.0000,0.0000,0.0000,0.0000,0.0000,0,0,,,,,,,0,0,0,0,0,0,0,0,0,0,0,0,0,0,0,0,0,0,0,0,0,0,0,0,0,0,0,0,0,0,0,0,0,0,0,0,0,0,0,0,0,0,0,0,0,0,0,0,0,0,0,
1,8_4,10_51_21,1.7385,0,0,0,1.738531,,2.337,0.992,-1.001778,18.51667,16.92375,0,0.0000,0.0000,0.0000,0.0000,0.0000,0.0000,0,0,,,,,,,0,0,0,0,0,0,0,0,0,0,0,0,0,0,0,0,0,0,0,0,0,0,0,0,0,0,0,0,0,0,0,0,0,0,0,0,0,0,0,0,0,0,0,0,0,0,0,0,0,0,0,
1,8_4,10_51_21,1.7427,0,0,0,1.742662,,2.337,0.992,-1.001778,18.66122,16.59334,0,0.0000,0.0000,0.0000,0.0000,0.0000,0.0000,0,0,,,,,,,0,0,0,0,0,0,0,0,0,0,0,0,0,0,0,0,0,0,0,0,0,0,0,0,0,0,0,0,0,0,0,0,0,0,0,0,0,0,0,0,0,0,0,0,0,0,0,0,0,0,0,
1,8_4,10_51_21,1.7497,0,0,0,1.749731,,2.337,0.992,-1.001778,19.0147,15.56826,2.257621E-07,0.0000,0.0000,0.0000,0.0000,0.0000,0.0000,0,0,,,,,,,0,0,0,0,0,0,0,0,0,0,0,0,0,0,0,0,0,0,0,0,0,0,0,0,0,0,0,0,0,0,0,0,0,0,0,0,0,0,0,0,0,0,0,0,0,0,0,0,0,0,0,
1,8_4,10_51_21,1.7558,0,0,0,1.755791,,2.337,0.992,-1.001778,19.28738,14.84111,0,0.0000,0.0000,0.0000,0.0000,0.0000,0.0000,0,0,,,,,,,0,0,0,0,0,0,0,0,0,0,0,0,0,0,0,0,0,0,0,0,0,0,0,0,0,0,0,0,0,0,0,0,0,0,0,0,0,0,0,0,0,0,0,0,0,0,0,0,0,0,0,
1,8_4,10_51_21,1.7602,0,0,0,1.760212,,2.337,0.992,-1.001778,19.44213,14.33265,0,0.0000,0.0000,0.0000,0.0000,0.0000,0.0000,0,0,,,,,,,0,0,0,0,0,0,0,0,0,0,0,0,0,0,0,0,0,0,0,0,0,0,0,0,0,0,0,0,0,0,0,0,0,0,0,0,0,0,0,0,0,0,0,0,0,0,0,0,0,0,0,
1,8_4,10_51_21,1.7670,0,0,0,1.766995,,2.337,0.992,-1.001778,19.74736,13.45087,0,0.0000,0.0000,0.0000,0.0000,0.0000,0.0000,0,0,,,,,,,0,0,0,0,0,0,0,0,0,0,0,0,0,0,0,0,0,0,0,0,0,0,0,0,0,0,0,0,0,0,0,0,0,0,0,0,0,0,0,0,0,0,0,0,0,0,0,0,0,0,0,
1,8_4,10_51_21,1.7719,0,0,0,1.771885,,2.337,0.992,-1.001778,19.8696,12.93746,0,0.0000,0.0000,0.0000,0.0000,0.0000,0.0000,0,0,,,,,,,0,0,0,0,0,0,0,0,0,0,0,0,0,0,0,0,0,0,0,0,0,0,0,0,0,0,0,0,0,0,0,0,0,0,0,0,0,0,0,0,0,0,0,0,0,0,0,0,0,0,0,
1,8_4,10_51_21,1.7756,0,0,0,1.775605,,2.337,0.992,-1.001778,19.96262,12.60259,0,0.0000,0.0000,0.0000,0.0000,0.0000,0.0000,0,0,,,,,,,0,0,0,0,0,0,0,0,0,0,0,0,0,0,0,0,0,0,0,0,0,0,0,0,0,0,0,0,0,0,0,0,0,0,0,0,0,0,0,0,0,0,0,0,0,0,0,0,0,0,0,
1,8_4,10_51_21,1.7797,0,0,0,1.779666,,2.337,0.992,-1.001778,20.08444,12.23714,0,0.0000,0.0000,0.0000,0.0000,0.0000,0.0000,0,0,,,,,,,0,0,0,0,0,0,0,0,0,0,0,0,0,0,0,0,0,0,0,0,0,0,0,0,0,0,0,0,0,0,0,0,0,0,0,0,0,0,0,0,0,0,0,0,0,0,0,0,0,0,0,
1,8_4,10_51_21,1.7838,0,0,0,1.783838,,2.337,0.992,-1.001778,20.18873,11.84082,-2.274156E-07,0.0000,0.0000,0.0000,0.0000,0.0000,0.0000,0,0,,,,,,,0,0,0,0,0,0,0,0,0,0,0,0,0,0,0,0,0,0,0,0,0,0,0,0,0,0,0,0,0,0,0,0,0,0,0,0,0,0,0,0,0,0,0,0,0,0,0,0,0,0,0,
1,8_4,10_51_21,1.7877,0,0,0,1.787711,,2.337,0.992,-1.001778,20.28557,11.47285,0,0.0000,0.0000,0.0000,0.0000,0.0000,0.0000,0,0,,,,,,,0,0,0,0,0,0,0,0,0,0,0,0,0,0,0,0,0,0,0,0,0,0,0,0,0,0,0,0,0,0,0,0,0,0,0,0,0,0,0,0,0,0,0,0,0,0,0,0,0,0,0,
1,8_4,10_51_21,1.7916,0,0,0,1.791604,,2.337,0.992,-1.001778,20.36341,11.12253,0,0.0000,0.0000,0.0000,0.0000,0.0000,0.0000,0,0,,,,,,,0,0,0,0,0,0,0,0,0,0,0,0,0,0,0,0,0,0,0,0,0,0,0,0,0,0,0,0,0,0,0,0,0,0,0,0,0,0,0,0,0,0,0,0,0,0,0,0,0,0,0,
1,8_4,10_51_21,1.7958,0,0,0,1.79582,,2.337,0.992,-1.001778,20.48992,10.72193,0,0.0000,0.0000,0.0000,0.0000,0.0000,0.0000,0,0,,,,,,,0,0,0,0,0,0,0,0,0,0,0,0,0,0,0,0,0,0,0,0,0,0,0,0,0,0,0,0,0,0,0,0,0,0,0,0,0,0,0,0,0,0,0,0,0,0,0,0,0,0,0,
1,8_4,10_51_21,1.7997,0,0,0,1.799667,,2.337,0.992,-1.001778,20.56684,10.33731,0,0.0000,0.0000,0.0000,0.0000,0.0000,0.0000,0,0,,,,,,,0,0,0,0,0,0,0,0,0,0,0,0,0,0,0,0,0,0,0,0,0,0,0,0,0,0,0,0,0,0,0,0,0,0,0,0,0,0,0,0,0,0,0,0,0,0,0,0,0,0,0,
1,8_4,10_51_21,1.8035,0,0,0,1.803481,,2.337,0.992,-1.001778,20.6622,9.955874,0,0.0000,0.0000,0.0000,0.0000,0.0000,0.0000,0,0,,,,,,,0,0,0,0,0,0,0,0,0,0,0,0,0,0,0,0,0,0,0,0,0,0,0,0,0,0,0,0,0,0,0,0,0,0,0,0,0,0,0,0,0,0,0,0,0,0,0,0,0,0,0,
1,8_4,10_51_21,1.8075,0,0,0,1.807501,,2.337,0.992,-1.001778,20.7426,9.574013,1.141188E-07,0.0000,0.0000,0.0000,0.0000,0.0000,0.0000,0,0,,,,,,,0,0,0,0,0,0,0,0,0,0,0,0,0,0,0,0,0,0,0,0,0,0,0,0,0,0,0,0,0,0,0,0,0,0,0,0,0,0,0,0,0,0,0,0,0,0,0,0,0,0,0,
1,8_4,10_51_21,1.8119,0,0,0,1.811897,,2.337,0.992,-1.001778,20.87449,9.134383,1.142186E-07,0.0000,0.0000,0.0000,0.0000,0.0000,0.0000,0,0,,,,,,,0,0,0,0,0,0,0,0,0,0,0,0,0,0,0,0,0,0,0,0,0,0,0,0,0,0,0,0,0,0,0,0,0,0,0,0,0,0,0,0,0,0,0,0,0,0,0,0,0,0,0,
1,8_4,10_51_21,1.8179,0,0,0,1.817856,,2.337,0.992,-1.001778,20.87449,9.134383,1.142186E-07,0.0000,0.0000,0.0000,0.0000,0.0000,0.0000,0,0,,,,,,,0,0,0,0,0,0,0,0,0,0,0,0,0,0,0,0,0,0,0,0,0,0,0,0,0,0,0,0,0,0,0,0,0,0,0,0,0,0,0,0,0,0,0,0,0,0,0,0,0,0,0,
1,8_4,10_51_21,1.8228,0,0,0,1.822847,,2.337,0.992,-1.001778,21.14896,7.886782,-2.28858E-07,0.0000,0.0000,0.0000,0.0000,0.0000,0.0000,0,0,,,,,,,0,0,0,0,0,0,0,0,0,0,0,0,0,0,0,0,0,0,0,0,0,0,0,0,0,0,0,0,0,0,0,0,0,0,0,0,0,0,0,0,0,0,0,0,0,0,0,0,0,0,0,
1,8_4,10_51_21,1.8291,0,0,0,1.829127,,2.337,0.992,-1.001778,21.36879,7.070266,0,0.0000,0.0000,0.0000,0.0000,0.0000,0.0000,0,0,,,,,,,0,0,0,0,0,0,0,0,0,0,0,0,0,0,0,0,0,0,0,0,0,0,0,0,0,0,0,0,0,0,0,0,0,0,0,0,0,0,0,0,0,0,0,0,0,0,0,0,0,0,0,
1,8_4,10_51_21,1.8338,0,0,0,1.833759,,2.337,0.992,-1.001778,21.46141,6.607146,0,0.0000,0.0000,0.0000,0.0000,0.0000,0.0000,0,0,,,,,,,0,0,0,0,0,0,0,0,0,0,0,0,0,0,0,0,0,0,0,0,0,0,0,0,0,0,0,0,0,0,0,0,0,0,0,0,0,0,0,0,0,0,0,0,0,0,0,0,0,0,0,
1,8_4,10_51_21,1.8374,0,0,0,1.8374,,2.337,0.992,-1.001778,21.46141,6.607146,0,0.0000,0.0000,0.0000,0.0000,0.0000,0.0000,0,0,,,,,,,0,0,0,0,0,0,0,0,0,0,0,0,0,0,0,0,0,0,0,0,0,0,0,0,0,0,0,0,0,0,0,0,0,0,0,0,0,0,0,0,0,0,0,0,0,0,0,0,0,0,0,
1,8_4,10_51_21,1.8429,0,0,0,1.842866,,2.337,0.992,-1.001778,21.68007,5.59588,0,0.0000,0.0000,0.0000,0.0000,0.0000,0.0000,0,0,,,,,,,0,0,0,0,0,0,0,0,0,0,0,0,0,0,0,0,0,0,0,0,0,0,0,0,0,0,0,0,0,0,0,0,0,0,0,0,0,0,0,0,0,0,0,0,0,0,0,0,0,0,0,
1,8_4,10_51_21,1.8525,0,0,0,1.852547,,2.337,0.992,-1.001778,22.0189,3.708085,0,0.0000,0.0000,0.0000,0.0000,0.0000,0.0000,0,0,,,,,,,0,0,0,0,0,0,0,0,0,0,0,0,0,0,0,0,0,0,0,0,0,0,0,0,0,0,0,0,0,0,0,0,0,0,0,0,0,0,0,0,0,0,0,0,0,0,0,0,0,0,0,
1,8_4,10_51_21,1.8560,0,0,0,1.855981,,2.337,0.992,-1.001778,22.0189,3.708085,0,0.0000,0.0000,0.0000,0.0000,0.0000,0.0000,0,0,,,,,,,0,0,0,0,0,0,0,0,0,0,0,0,0,0,0,0,0,0,0,0,0,0,0,0,0,0,0,0,0,0,0,0,0,0,0,0,0,0,0,0,0,0,0,0,0,0,0,0,0,0,0,
1,8_4,10_51_21,1.8598,0,0,0,1.859833,,2.337,0.992,-1.001778,22.09595,3.168763,0,0.0000,0.0000,0.0000,0.0000,0.0000,0.0000,0,0,,,,,,,0,0,0,0,0,0,0,0,0,0,0,0,0,0,0,0,0,0,0,0,0,0,0,0,0,0,0,0,0,0,0,0,0,0,0,0,0,0,0,0,0,0,0,0,0,0,0,0,0,0,0,
1,8_4,10_51_21,1.8633,0,0,0,1.863259,,2.337,0.992,-1.001778,22.09595,3.168763,0,0.0000,0.0000,0.0000,0.0000,0.0000,0.0000,0,0,,,,,,,0,0,0,0,0,0,0,0,0,0,0,0,0,0,0,0,0,0,0,0,0,0,0,0,0,0,0,0,0,0,0,0,0,0,0,0,0,0,0,0,0,0,0,0,0,0,0,0,0,0,0,
1,8_4,10_51_21,1.8676,0,0,0,1.86759,,2.337,0.992,-1.001778,22.20421,2.497504,5.763489E-08,0.0000,0.0000,0.0000,0.0000,0.0000,0.0000,0,0,,,,,,,0,0,0,0,0,0,0,0,0,0,0,0,0,0,0,0,0,0,0,0,0,0,0,0,0,0,0,0,0,0,0,0,0,0,0,0,0,0,0,0,0,0,0,0,0,0,0,0,0,0,0,
1,8_4,10_51_21,1.8715,0,0,0,1.871491,,2.337,0.992,-1.001778,22.22372,2.165962,2.882145E-08,0.0000,0.0000,0.0000,0.0000,0.0000,0.0000,0,0,,,,,,,0,0,0,0,0,0,0,0,0,0,0,0,0,0,0,0,0,0,0,0,0,0,0,0,0,0,0,0,0,0,0,0,0,0,0,0,0,0,0,0,0,0,0,0,0,0,0,0,0,0,0,
1,8_4,10_51_21,1.8758,0,0,0,1.875754,,2.337,0.992,-1.001778,22.26634,1.824922,0,0.0000,0.0000,0.0000,0.0000,0.0000,0.0000,0,0,,,,,,,0,0,0,0,0,0,0,0,0,0,0,0,0,0,0,0,0,0,0,0,0,0,0,0,0,0,0,0,0,0,0,0,0,0,0,0,0,0,0,0,0,0,0,0,0,0,0,0,0,0,0,
1,8_4,10_51_21,1.8799,0,0,0,1.8799,,2.337,0.992,-1.001778,22.28708,1.472477,-2.88345E-08,0.0000,0.0000,0.0000,0.0000,0.0000,0.0000,0,0,,,,,,,0,0,0,0,0,0,0,0,0,0,0,0,0,0,0,0,0,0,0,0,0,0,0,0,0,0,0,0,0,0,0,0,0,0,0,0,0,0,0,0,0,0,0,0,0,0,0,0,0,0,0,
1,8_4,10_51_21,1.8840,0,0,0,1.883994,,2.337,0.992,-1.001778,22.28708,1.104053,-1.441725E-08,0.0000,0.0000,0.0000,0.0000,0.0000,0.0000,0,0,,,,,,,0,0,0,0,0,0,0,0,0,0,0,0,0,0,0,0,0,0,0,0,0,0,0,0,0,0,0,0,0,0,0,0,0,0,0,0,0,0,0,0,0,0,0,0,0,0,0,0,0,0,0,
1,8_4,10_51_21,1.8877,0,0,0,1.887746,,2.337,0.992,-1.001778,22.30584,0.7663466,0,0.0000,0.0000,0.0000,0.0000,0.0000,0.0000,0,0,,,,,,,0,0,0,0,0,0,0,0,0,0,0,0,0,0,0,0,0,0,0,0,0,0,0,0,0,0,0,0,0,0,0,0,0,0,0,0,0,0,0,0,0,0,0,0,0,0,0,0,0,0,0,
1,8_4,10_51_21,1.8934,0,0,0,1.893439,,2.337,0.992,-1.001778,22.30584,359.9409,0,0.0000,0.0000,0.0000,0.0000,0.0000,0.0000,0,0,,,,,,,0,0,0,0,0,0,0,0,0,0,0,0,0,0,0,0,0,0,0,0,0,0,0,0,0,0,0,0,0,0,0,0,0,0,0,0,0,0,0,0,0,0,0,0,0,0,0,0,0,0,0,
1,8_4,10_51_21,1.8969,0,0,0,1.896856,,2.337,0.992,-1.001778,22.30584,359.9409,0,0.0000,0.0000,0.0000,0.0000,0.0000,0.0000,0,0,,,,,,,0,0,0,0,0,0,0,0,0,0,0,0,0,0,0,0,0,0,0,0,0,0,0,0,0,0,0,0,0,0,0,0,0,0,0,0,0,0,0,0,0,0,0,0,0,0,0,0,0,0,0,
1,8_4,10_51_21,1.9009,0,0,0,1.900875,,2.337,0.992,-1.001778,22.30584,359.2375,-1.441918E-08,0.0000,0.0000,0.0000,0.0000,0.0000,0.0000,0,0,,,,,,,0,0,0,0,0,0,0,0,0,0,0,0,0,0,0,0,0,0,0,0,0,0,0,0,0,0,0,0,0,0,0,0,0,0,0,0,0,0,0,0,0,0,0,0,0,0,0,0,0,0,0,
1,8_4,10_51_21,1.9043,0,0,0,1.90425,,2.337,0.992,-1.001778,22.30584,359.2375,-1.441918E-08,0.0000,0.0000,0.0000,0.0000,0.0000,0.0000,0,0,,,,,,,0,0,0,0,0,0,0,0,0,0,0,0,0,0,0,0,0,0,0,0,0,0,0,0,0,0,0,0,0,0,0,0,0,0,0,0,0,0,0,0,0,0,0,0,0,0,0,0,0,0,0,
1,8_4,10_51_21,1.9082,0,0,0,1.908217,,2.337,0.992,-1.001778,22.286,358.3845,2.883428E-08,0.0000,0.0000,0.0000,0.0000,0.0000,0.0000,0,0,,,,,,,0,0,0,0,0,0,0,0,0,0,0,0,0,0,0,0,0,0,0,0,0,0,0,0,0,0,0,0,0,0,0,0,0,0,0,0,0,0,0,0,0,0,0,0,0,0,0,0,0,0,0,
1,8_4,10_51_21,1.9126,0,0,0,1.912597,,2.337,0.992,-1.001778,22.22029,357.9246,0,0.0000,0.0000,0.0000,0.0000,0.0000,0.0000,0,0,,,,,,,0,0,0,0,0,0,0,0,0,0,0,0,0,0,0,0,0,0,0,0,0,0,0,0,0,0,0,0,0,0,0,0,0,0,0,0,0,0,0,0,0,0,0,0,0,0,0,0,0,0,0,
1,8_4,10_51_21,1.9167,0,0,0,1.916735,,2.337,0.992,-1.001778,22.19961,357.428,0,0.0000,0.0000,0.0000,0.0000,0.0000,0.0000,0,0,,,,,,,0,0,0,0,0,0,0,0,0,0,0,0,0,0,0,0,0,0,0,0,0,0,0,0,0,0,0,0,0,0,0,0,0,0,0,0,0,0,0,0,0,0,0,0,0,0,0,0,0,0,0,
1,8_4,10_51_21,1.9206,0,0,0,1.92057,,2.337,0.992,-1.001778,22.18043,356.9486,0,0.0000,0.0000,0.0000,0.0000,0.0000,0.0000,0,0,,,,,,,0,0,0,0,0,0,0,0,0,0,0,0,0,0,0,0,0,0,0,0,0,0,0,0,0,0,0,0,0,0,0,0,0,0,0,0,0,0,0,0,0,0,0,0,0,0,0,0,0,0,0,
1,8_4,10_51_21,1.9246,0,0,0,1.924611,,2.337,0.992,-1.001778,22.16023,356.5042,5.761685E-08,0.0000,0.0000,0.0000,0.0000,0.0000,0.0000,0,0,,,,,,,0,0,0,0,0,0,0,0,0,0,0,0,0,0,0,0,0,0,0,0,0,0,0,0,0,0,0,0,0,0,0,0,0,0,0,0,0,0,0,0,0,0,0,0,0,0,0,0,0,0,0,
1,8_4,10_51_21,1.9287,0,0,0,1.928681,,2.337,0.992,-1.001778,22.11953,356.0157,0,0.0000,0.0000,0.0000,0.0000,0.0000,0.0000,0,0,,,,,,,0,0,0,0,0,0,0,0,0,0,0,0,0,0,0,0,0,0,0,0,0,0,0,0,0,0,0,0,0,0,0,0,0,0,0,0,0,0,0,0,0,0,0,0,0,0,0,0,0,0,0,
1,8_4,10_51_21,1.9327,0,0,0,1.932688,,2.337,0.992,-1.001778,22.11953,355.5549,-1.152004E-07,0.0000,0.0000,0.0000,0.0000,0.0000,0.0000,0,0,,,,,,,0,0,0,0,0,0,0,0,0,0,0,0,0,0,0,0,0,0,0,0,0,0,0,0,0,0,0,0,0,0,0,0,0,0,0,0,0,0,0,0,0,0,0,0,0,0,0,0,0,0,0,
1,8_4,10_51_21,1.9367,0,0,0,1.936742,,2.337,0.992,-1.001778,22.07898,355.109,0,0.0000,0.0000,0.0000,0.0000,0.0000,0.0000,0,0,,,,,,,0,0,0,0,0,0,0,0,0,0,0,0,0,0,0,0,0,0,0,0,0,0,0,0,0,0,0,0,0,0,0,0,0,0,0,0,0,0,0,0,0,0,0,0,0,0,0,0,0,0,0,
1,8_4,10_51_21,1.9408,0,0,0,1.940794,,2.337,0.992,-1.001778,22.03846,354.643,0,0.0000,0.0000,0.0000,0.0000,0.0000,0.0000,0,0,,,,,,,0,0,0,0,0,0,0,0,0,0,0,0,0,0,0,0,0,0,0,0,0,0,0,0,0,0,0,0,0,0,0,0,0,0,0,0,0,0,0,0,0,0,0,0,0,0,0,0,0,0,0,
1,8_4,10_51_21,1.9470,0,0,0,1.94704,,2.337,0.992,-1.001778,21.97601,353.6437,1.150836E-07,0.0000,0.0000,0.0000,0.0000,0.0000,0.0000,0,0,,,,,,,0,0,0,0,0,0,0,0,0,0,0,0,0,0,0,0,0,0,0,0,0,0,0,0,0,0,0,0,0,0,0,0,0,0,0,0,0,0,0,0,0,0,0,0,0,0,0,0,0,0,0,
1,8_4,10_51_21,1.9530,0,0,0,1.952998,,2.337,0.992,-1.001778,21.94622,352.6606,1.150595E-07,0.0000,0.0000,0.0000,0.0000,0.0000,0.0000,0,0,,,,,,,0,0,0,0,0,0,0,0,0,0,0,0,0,0,0,0,0,0,0,0,0,0,0,0,0,0,0,0,0,0,0,0,0,0,0,0,0,0,0,0,0,0,0,0,0,0,0,0,0,0,0,
1,8_4,10_51_21,1.9566,0,0,0,1.956629,,2.337,0.992,-1.001778,21.92806,352.2975,0,0.0000,0.0000,0.0000,0.0000,0.0000,0.0000,0,0,,,,,,,0,0,0,0,0,0,0,0,0,0,0,0,0,0,0,0,0,0,0,0,0,0,0,0,0,0,0,0,0,0,0,0,0,0,0,0,0,0,0,0,0,0,0,0,0,0,0,0,0,0,0,
1,8_4,10_51_21,1.9609,0,0,0,1.960931,,2.337,0.992,-1.001778,21.88505,351.9103,-1.150101E-07,0.0000,0.0000,0.0000,0.0000,0.0000,0.0000,0,0,,,,,,,0,0,0,0,0,0,0,0,0,0,0,0,0,0,0,0,0,0,0,0,0,0,0,0,0,0,0,0,0,0,0,0,0,0,0,0,0,0,0,0,0,0,0,0,0,0,0,0,0,0,0,
1,8_4,10_51_21,1.9650,0,0,0,1.96497,,2.337,0.992,-1.001778,21.86485,351.5064,0,0.0000,0.0000,0.0000,0.0000,0.0000,0.0000,0,0,,,,,,,0,0,0,0,0,0,0,0,0,0,0,0,0,0,0,0,0,0,0,0,0,0,0,0,0,0,0,0,0,0,0,0,0,0,0,0,0,0,0,0,0,0,0,0,0,0,0,0,0,0,0,
1,8_4,10_51_21,1.9688,0,0,0,1.968755,,2.337,0.992,-1.001778,21.78914,351.1279,0,0.0000,0.0000,0.0000,0.0000,0.0000,0.0000,0,0,,,,,,,0,0,0,0,0,0,0,0,0,0,0,0,0,0,0,0,0,0,0,0,0,0,0,0,0,0,0,0,0,0,0,0,0,0,0,0,0,0,0,0,0,0,0,0,0,0,0,0,0,0,0,
1,8_4,10_51_21,1.9726,0,0,0,1.972621,,2.337,0.992,-1.001778,21.75049,350.7993,1.14902E-07,0.0000,0.0000,0.0000,0.0000,0.0000,0.0000,0,0,,,,,,,0,0,0,0,0,0,0,0,0,0,0,0,0,0,0,0,0,0,0,0,0,0,0,0,0,0,0,0,0,0,0,0,0,0,0,0,0,0,0,0,0,0,0,0,0,0,0,0,0,0,0,
1,8_4,10_51_21,1.9767,0,0,0,1.976676,,2.337,0.992,-1.001778,21.68966,350.4547,-1.148534E-07,0.0000,0.0000,0.0000,0.0000,0.0000,0.0000,0,0,,,,,,,0,0,0,0,0,0,0,0,0,0,0,0,0,0,0,0,0,0,0,0,0,0,0,0,0,0,0,0,0,0,0,0,0,0,0,0,0,0,0,0,0,0,0,0,0,0,0,0,0,0,0,
1,8_4,10_51_21,1.9809,0,0,0,1.980861,,2.337,0.992,-1.001778,21.60596,350.1408,0,0.0000,0.0000,0.0000,0.0000,0.0000,0.0000,0,0,,,,,,,0,0,0,0,0,0,0,0,0,0,0,0,0,0,0,0,0,0,0,0,0,0,0,0,0,0,0,0,0,0,0,0,0,0,0,0,0,0,0,0,0,0,0,0,0,0,0,0,0,0,0,
1,8_4,10_51_21,1.9847,0,0,0,1.984716,,2.337,0.992,-1.001778,21.54813,349.8516,2.294821E-07,0.0000,0.0000,0.0000,0.0000,0.0000,0.0000,0,0,,,,,,,0,0,0,0,0,0,0,0,0,0,0,0,0,0,0,0,0,0,0,0,0,0,0,0,0,0,0,0,0,0,0,0,0,0,0,0,0,0,0,0,0,0,0,0,0,0,0,0,0,0,0,
1,8_4,10_51_21,1.9886,0,0,0,1.988566,,2.337,0.992,-1.001778,21.45188,349.5629,0,0.0000,0.0000,0.0000,0.0000,0.0000,0.0000,0,0,,,,,,,0,0,0,0,0,0,0,0,0,0,0,0,0,0,0,0,0,0,0,0,0,0,0,0,0,0,0,0,0,0,0,0,0,0,0,0,0,0,0,0,0,0,0,0,0,0,0,0,0,0,0,
1,8_4,10_51_21,1.9925,0,0,0,1.99247,,2.337,0.992,-1.001778,21.37382,349.2896,-2.292077E-07,0.0000,0.0000,0.0000,0.0000,0.0000,0.0000,0,0,,,,,,,0,0,0,0,0,0,0,0,0,0,0,0,0,0,0,0,0,0,0,0,0,0,0,0,0,0,0,0,0,0,0,0,0,0,0,0,0,0,0,0,0,0,0,0,0,0,0,0,0,0,0,
1,8_4,10_51_21,1.9967,0,0,0,1.996728,,2.337,0.992,-1.001778,21.26736,349.0128,2.290416E-07,0.0000,0.0000,0.0000,0.0000,0.0000,0.0000,0,0,,,,,,,0,0,0,0,0,0,0,0,0,0,0,0,0,0,0,0,0,0,0,0,0,0,0,0,0,0,0,0,0,0,0,0,0,0,0,0,0,0,0,0,0,0,0,0,0,0,0,0,0,0,0,
1,8_4,10_51_21,2.0020,0,0,0,2.001958,,2.337,0.992,-1.001778,21.13661,348.5683,0,0.0000,0.0000,0.0000,0.0000,0.0000,0.0000,0,0,,,,,,,0,0,0,0,0,0,0,0,0,0,0,0,0,0,0,0,0,0,0,0,0,0,0,0,0,0,0,0,0,0,0,0,0,0,0,0,0,0,0,0,0,0,0,0,0,0,0,0,0,0,0,
1,8_4,10_51_21,2.0076,0,0,0,2.007617,,2.337,0.992,-1.001778,20.93855,348.059,-2.285349E-07,0.0000,0.0000,0.0000,0.0000,0.0000,0.0000,0,0,,,,,,,0,0,0,0,0,0,0,0,0,0,0,0,0,0,0,0,0,0,0,0,0,0,0,0,0,0,0,0,0,0,0,0,0,0,0,0,0,0,0,0,0,0,0,0,0,0,0,0,0,0,0,
1,8_4,10_51_21,2.0129,0,0,0,2.012877,,2.337,0.992,-1.001778,20.80704,347.7697,2.28335E-07,0.0000,0.0000,0.0000,0.0000,0.0000,0.0000,0,0,,,,,,,0,0,0,0,0,0,0,0,0,0,0,0,0,0,0,0,0,0,0,0,0,0,0,0,0,0,0,0,0,0,0,0,0,0,0,0,0,0,0,0,0,0,0,0,0,0,0,0,0,0,0,
1,8_4,10_51_21,2.0183,0,0,0,2.018299,,2.337,0.992,-1.001778,20.50885,347.2275,0,0.0000,0.0000,0.0000,0.0000,0.0000,0.0000,0,0,,,,,,,0,0,0,0,0,0,0,0,0,0,0,0,0,0,0,0,0,0,0,0,0,0,0,0,0,0,0,0,0,0,0,0,0,0,0,0,0,0,0,0,0,0,0,0,0,0,0,0,0,0,0,
1,8_4,10_51_21,2.0227,0,0,0,2.022687,,2.337,0.992,-1.001778,20.37719,347.0081,0,0.0000,0.0000,0.0000,0.0000,0.0000,0.0000,0,0,,,,,,,0,0,0,0,0,0,0,0,0,0,0,0,0,0,0,0,0,0,0,0,0,0,0,0,0,0,0,0,0,0,0,0,0,0,0,0,0,0,0,0,0,0,0,0,0,0,0,0,0,0,0,
1,8_4,10_51_21,2.0267,0,0,0,2.026705,,2.337,0.992,-1.001778,20.25666,346.7871,0,0.0000,0.0000,0.0000,0.0000,0.0000,0.0000,0,0,,,,,,,0,0,0,0,0,0,0,0,0,0,0,0,0,0,0,0,0,0,0,0,0,0,0,0,0,0,0,0,0,0,0,0,0,0,0,0,0,0,0,0,0,0,0,0,0,0,0,0,0,0,0,
1,8_4,10_51_21,2.0306,0,0,0,2.030649,,2.337,0.992,-1.001778,20.15806,346.5899,0,0.0000,0.0000,0.0000,0.0000,0.0000,0.0000,0,0,,,,,,,0,0,0,0,0,0,0,0,0,0,0,0,0,0,0,0,0,0,0,0,0,0,0,0,0,0,0,0,0,0,0,0,0,0,0,0,0,0,0,0,0,0,0,0,0,0,0,0,0,0,0,
1,8_4,10_51_21,2.0347,0,0,0,2.034745,,2.337,0.992,-1.001778,20.0147,346.3646,0,0.0000,0.0000,0.0000,0.0000,0.0000,0.0000,0,0,,,,,,,0,0,0,0,0,0,0,0,0,0,0,0,0,0,0,0,0,0,0,0,0,0,0,0,0,0,0,0,0,0,0,0,0,0,0,0,0,0,0,0,0,0,0,0,0,0,0,0,0,0,0,
1,8_4,10_51_21,2.0387,0,0,0,2.038708,,2.337,0.992,-1.001778,19.87598,346.1665,0,0.0000,0.0000,0.0000,0.0000,0.0000,0.0000,0,0,,,,,,,0,0,0,0,0,0,0,0,0,0,0,0,0,0,0,0,0,0,0,0,0,0,0,0,0,0,0,0,0,0,0,0,0,0,0,0,0,0,0,0,0,0,0,0,0,0,0,0,0,0,0,
1,8_4,10_51_21,2.0426,0,0,0,2.04258,,2.337,0.992,-1.001778,19.74047,345.9922,0,0.0000,0.0000,0.0000,0.0000,0.0000,0.0000,0,0,,,,,,,0,0,0,0,0,0,0,0,0,0,0,0,0,0,0,0,0,0,0,0,0,0,0,0,0,0,0,0,0,0,0,0,0,0,0,0,0,0,0,0,0,0,0,0,0,0,0,0,0,0,0,
1,8_4,10_51_21,2.0468,0,0,0,2.046786,,2.337,0.992,-1.001778,19.59326,345.782,0,0.0000,0.0000,0.0000,0.0000,0.0000,0.0000,0,0,,,,,,,0,0,0,0,0,0,0,0,0,0,0,0,0,0,0,0,0,0,0,0,0,0,0,0,0,0,0,0,0,0,0,0,0,0,0,0,0,0,0,0,0,0,0,0,0,0,0,0,0,0,0,
1,8_4,10_51_21,2.0509,0,0,0,2.050915,,2.337,0.992,-1.001778,19.40747,345.5755,-2.26302E-07,0.0000,0.0000,0.0000,0.0000,0.0000,0.0000,0,0,,,,,,,0,0,0,0,0,0,0,0,0,0,0,0,0,0,0,0,0,0,0,0,0,0,0,0,0,0,0,0,0,0,0,0,0,0,0,0,0,0,0,0,0,0,0,0,0,0,0,0,0,0,0,
1,8_4,10_51_21,2.0550,0,0,0,2.054956,,2.337,0.992,-1.001778,19.22562,345.4138,0,0.0000,0.0000,0.0000,0.0000,0.0000,0.0000,0,0,,,,,,,0,0,0,0,0,0,0,0,0,0,0,0,0,0,0,0,0,0,0,0,0,0,0,0,0,0,0,0,0,0,0,0,0,0,0,0,0,0,0,0,0,0,0,0,0,0,0,0,0,0,0,
1,8_4,10_51_21,2.0587,0,0,0,2.058659,,2.337,0.992,-1.001778,19.04046,345.2287,0,0.0000,0.0000,0.0000,0.0000,0.0000,0.0000,0,0,,,,,,,0,0,0,0,0,0,0,0,0,0,0,0,0,0,0,0,0,0,0,0,0,0,0,0,0,0,0,0,0,0,0,0,0,0,0,0,0,0,0,0,0,0,0,0,0,0,0,0,0,0,0,
1,8_4,10_51_21,2.0626,0,0,0,2.06263,,2.337,0.992,-1.001778,18.80219,345.05,0,0.0000,0.0000,0.0000,0.0000,0.0000,0.0000,0,0,,,,,,,0,0,0,0,0,0,0,0,0,0,0,0,0,0,0,0,0,0,0,0,0,0,0,0,0,0,0,0,0,0,0,0,0,0,0,0,0,0,0,0,0,0,0,0,0,0,0,0,0,0,0,
1,8_4,10_51_21,2.0667,0,0,0,2.066734,,2.337,0.992,-1.001778,18.57649,344.8448,0,0.0000,0.0000,0.0000,0.0000,0.0000,0.0000,0,0,,,,,,,0,0,0,0,0,0,0,0,0,0,0,0,0,0,0,0,0,0,0,0,0,0,0,0,0,0,0,0,0,0,0,0,0,0,0,0,0,0,0,0,0,0,0,0,0,0,0,0,0,0,0,
1,8_4,10_51_21,2.0709,0,0,0,2.070924,,2.337,0.992,-1.001778,18.32509,344.6353,-2.248458E-07,0.0000,0.0000,0.0000,0.0000,0.0000,0.0000,0,0,,,,,,,0,0,0,0,0,0,0,0,0,0,0,0,0,0,0,0,0,0,0,0,0,0,0,0,0,0,0,0,0,0,0,0,0,0,0,0,0,0,0,0,0,0,0,0,0,0,0,0,0,0,0,
1,8_4,10_51_21,2.0751,0,0,0,2.075062,,2.337,0.992,-1.001778,18.03544,344.3871,2.244728E-07,0.0000,0.0000,0.0000,0.0000,0.0000,0.0000,0,0,,,,,,,0,0,0,0,0,0,0,0,0,0,0,0,0,0,0,0,0,0,0,0,0,0,0,0,0,0,0,0,0,0,0,0,0,0,0,0,0,0,0,0,0,0,0,0,0,0,0,0,0,0,0,
1,8_4,10_51_21,2.0789,0,0,0,2.078945,,2.337,0.992,-1.001778,17.78306,344.2123,0,0.0000,0.0000,0.0000,0.0000,0.0000,0.0000,0,0,,,,,,,0,0,0,0,0,0,0,0,0,0,0,0,0,0,0,0,0,0,0,0,0,0,0,0,0,0,0,0,0,0,0,0,0,0,0,0,0,0,0,0,0,0,0,0,0,0,0,0,0,0,0,
1,8_4,10_51_21,2.0828,0,0,0,2.082816,,2.337,0.992,-1.001778,17.53143,344.0188,0,0.0000,0.0000,0.0000,0.0000,0.0000,0.0000,0,0,,,,,,,0,0,0,0,0,0,0,0,0,0,0,0,0,0,0,0,0,0,0,0,0,0,0,0,0,0,0,0,0,0,0,0,0,0,0,0,0,0,0,0,0,0,0,0,0,0,0,0,0,0,0,
1,8_4,10_51_21,2.0869,0,0,0,2.086914,,2.337,0.992,-1.001778,17.22406,343.8548,-2.234649E-07,0.0000,0.0000,0.0000,0.0000,0.0000,0.0000,0,0,,,,,,,0,0,0,0,0,0,0,0,0,0,0,0,0,0,0,0,0,0,0,0,0,0,0,0,0,0,0,0,0,0,0,0,0,0,0,0,0,0,0,0,0,0,0,0,0,0,0,0,0,0,0,
1,8_4,10_51_21,2.0909,0,0,0,2.090896,,2.337,0.992,-1.001778,16.96525,343.6757,0,0.0000,0.0000,0.0000,0.0000,0.0000,0.0000,0,0,,,,,,,0,0,0,0,0,0,0,0,0,0,0,0,0,0,0,0,0,0,0,0,0,0,0,0,0,0,0,0,0,0,0,0,0,0,0,0,0,0,0,0,0,0,0,0,0,0,0,0,0,0,0,
1,8_4,10_51_21,2.0948,0,0,0,2.094775,,2.337,0.992,-1.001778,16.67429,343.4817,-2.228124E-07,0.0000,0.0000,0.0000,0.0000,0.0000,0.0000,0,0,,,,,,,0,0,0,0,0,0,0,0,0,0,0,0,0,0,0,0,0,0,0,0,0,0,0,0,0,0,0,0,0,0,0,0,0,0,0,0,0,0,0,0,0,0,0,0,0,0,0,0,0,0,0,
1,8_4,10_51_21,2.0987,0,0,0,2.09874,,2.337,0.992,-1.001778,16.37694,343.3231,0,0.0000,0.0000,0.0000,0.0000,0.0000,0.0000,0,0,,,,,,,0,0,0,0,0,0,0,0,0,0,0,0,0,0,0,0,0,0,0,0,0,0,0,0,0,0,0,0,0,0,0,0,0,0,0,0,0,0,0,0,0,0,0,0,0,0,0,0,0,0,0,
1,8_4,10_51_21,2.1028,0,0,0,2.102785,,2.337,0.992,-1.001778,16.09379,343.1613,-2.221496E-07,0.0000,0.0000,0.0000,0.0000,0.0000,0.0000,0,0,,,,,,,0,0,0,0,0,0,0,0,0,0,0,0,0,0,0,0,0,0,0,0,0,0,0,0,0,0,0,0,0,0,0,0,0,0,0,0,0,0,0,0,0,0,0,0,0,0,0,0,0,0,0,
1,8_4,10_51_21,2.1070,0,0,0,2.10698,,2.337,0.992,-1.001778,15.77919,343.0145,0,0.0000,0.0000,0.0000,0.0000,0.0000,0.0000,0,0,,,,,,,0,0,0,0,0,0,0,0,0,0,0,0,0,0,0,0,0,0,0,0,0,0,0,0,0,0,0,0,0,0,0,0,0,0,0,0,0,0,0,0,0,0,0,0,0,0,0,0,0,0,0,
1,8_4,10_51_21,2.1110,0,0,0,2.110986,,2.337,0.992,-1.001778,15.49878,342.8542,-2.214979E-07,0.0000,0.0000,0.0000,0.0000,0.0000,0.0000,0,0,,,,,,,0,0,0,0,0,0,0,0,0,0,0,0,0,0,0,0,0,0,0,0,0,0,0,0,0,0,0,0,0,0,0,0,0,0,0,0,0,0,0,0,0,0,0,0,0,0,0,0,0,0,0,
1,8_4,10_51_21,2.1149,0,0,0,2.114894,,2.337,0.992,-1.001778,15.18611,342.7174,0,0.0000,0.0000,0.0000,0.0000,0.0000,0.0000,0,0,,,,,,,0,0,0,0,0,0,0,0,0,0,0,0,0,0,0,0,0,0,0,0,0,0,0,0,0,0,0,0,0,0,0,0,0,0,0,0,0,0,0,0,0,0,0,0,0,0,0,0,0,0,0,
1,8_4,10_51_21,2.1190,0,0,0,2.119001,,2.337,0.992,-1.001778,14.8575,342.5737,-2.208264E-07,0.0000,0.0000,0.0000,0.0000,0.0000,0.0000,0,0,,,,,,,0,0,0,0,0,0,0,0,0,0,0,0,0,0,0,0,0,0,0,0,0,0,0,0,0,0,0,0,0,0,0,0,0,0,0,0,0,0,0,0,0,0,0,0,0,0,0,0,0,0,0,
1,8_4,10_51_21,2.1231,0,0,0,2.123055,,2.337,0.992,-1.001778,14.57379,342.4521,0,0.0000,0.0000,0.0000,0.0000,0.0000,0.0000,0,0,,,,,,,0,0,0,0,0,0,0,0,0,0,0,0,0,0,0,0,0,0,0,0,0,0,0,0,0,0,0,0,0,0,0,0,0,0,0,0,0,0,0,0,0,0,0,0,0,0,0,0,0,0,0,
1,8_4,10_51_21,2.1270,0,0,0,2.126971,,2.337,0.992,-1.001778,14.24089,342.2954,0,0.0000,0.0000,0.0000,0.0000,0.0000,0.0000,0,0,,,,,,,0,0,0,0,0,0,0,0,0,0,0,0,0,0,0,0,0,0,0,0,0,0,0,0,0,0,0,0,0,0,0,0,0,0,0,0,0,0,0,0,0,0,0,0,0,0,0,0,0,0,0,
1,8_4,10_51_21,2.1316,0,0,0,2.131581,,2.337,0.992,-1.001778,13.80295,342.1571,2.197905E-07,0.0000,0.0000,0.0000,0.0000,0.0000,0.0000,0,0,,,,,,,0,0,0,0,0,0,0,0,0,0,0,0,0,0,0,0,0,0,0,0,0,0,0,0,0,0,0,0,0,0,0,0,0,0,0,0,0,0,0,0,0,0,0,0,0,0,0,0,0,0,0,
1,8_4,10_51_21,2.1362,0,0,0,2.136246,,2.337,0.992,-1.001778,13.45306,341.9939,-2.194653E-07,0.0000,0.0000,0.0000,0.0000,0.0000,0.0000,0,0,,,,,,,0,0,0,0,0,0,0,0,0,0,0,0,0,0,0,0,0,0,0,0,0,0,0,0,0,0,0,0,0,0,0,0,0,0,0,0,0,0,0,0,0,0,0,0,0,0,0,0,0,0,0,
1,8_4,10_51_21,2.1405,0,0,0,2.140508,,2.337,0.992,-1.001778,13.02689,341.8234,0,0.0000,0.0000,0.0000,0.0000,0.0000,0.0000,0,0,,,,,,,0,0,0,0,0,0,0,0,0,0,0,0,0,0,0,0,0,0,0,0,0,0,0,0,0,0,0,0,0,0,0,0,0,0,0,0,0,0,0,0,0,0,0,0,0,0,0,0,0,0,0,
1,8_4,10_51_21,2.1449,0,0,0,2.144892,,2.337,0.992,-1.001778,12.71998,341.7138,0,0.0000,0.0000,0.0000,0.0000,0.0000,0.0000,0,0,,,,,,,0,0,0,0,0,0,0,0,0,0,0,0,0,0,0,0,0,0,0,0,0,0,0,0,0,0,0,0,0,0,0,0,0,0,0,0,0,0,0,0,0,0,0,0,0,0,0,0,0,0,0,
1,8_4,10_51_21,2.1505,0,0,0,2.150544,,2.337,0.992,-1.001778,12.18307,341.516,-2.183613E-07,0.0000,0.0000,0.0000,0.0000,0.0000,0.0000,0,0,,,,,,,0,0,0,0,0,0,0,0,0,0,0,0,0,0,0,0,0,0,0,0,0,0,0,0,0,0,0,0,0,0,0,0,0,0,0,0,0,0,0,0,0,0,0,0,0,0,0,0,0,0,0,
1,8_4,10_51_21,2.1573,0,0,0,2.157262,,2.337,0.992,-1.001778,11.27607,341.2808,0,0.0000,0.0000,0.0000,0.0000,0.0000,0.0000,0,0,,,,,,,0,0,0,0,0,0,0,0,0,0,0,0,0,0,0,0,0,0,0,0,0,0,0,0,0,0,0,0,0,0,0,0,0,0,0,0,0,0,0,0,0,0,0,0,0,0,0,0,0,0,0,
1,8_4,10_51_21,2.1627,0,0,0,2.162669,,2.337,0.992,-1.001778,10.65435,341.0916,-1.085938E-07,0.0000,0.0000,0.0000,0.0000,0.0000,0.0000,0,0,,,,,,,0,0,0,0,0,0,0,0,0,0,0,0,0,0,0,0,0,0,0,0,0,0,0,0,0,0,0,0,0,0,0,0,0,0,0,0,0,0,0,0,0,0,0,0,0,0,0,0,0,0,0,
1,8_4,10_51_21,2.1670,0,0,0,2.167027,,2.337,0.992,-1.001778,10.34927,341.0262,-1.084867E-07,0.0000,0.0000,0.0000,0.0000,0.0000,0.0000,0,0,,,,,,,0,0,0,0,0,0,0,0,0,0,0,0,0,0,0,0,0,0,0,0,0,0,0,0,0,0,0,0,0,0,0,0,0,0,0,0,0,0,0,0,0,0,0,0,0,0,0,0,0,0,0,
1,8_4,10_51_21,2.1720,0,0,0,2.171964,,2.337,0.992,-1.001778,9.904885,340.9275,0,0.0000,0.0000,0.0000,0.0000,0.0000,0.0000,0,0,,,,,,,0,0,0,0,0,0,0,0,0,0,0,0,0,0,0,0,0,0,0,0,0,0,0,0,0,0,0,0,0,0,0,0,0,0,0,0,0,0,0,0,0,0,0,0,0,0,0,0,0,0,0,
1,8_4,10_51_21,2.1776,0,0,0,2.177648,,2.337,0.992,-1.001778,9.30816,340.8138,1.081457E-07,0.0000,0.0000,0.0000,0.0000,0.0000,0.0000,0,0,,,,,,,0,0,0,0,0,0,0,0,0,0,0,0,0,0,0,0,0,0,0,0,0,0,0,0,0,0,0,0,0,0,0,0,0,0,0,0,0,0,0,0,0,0,0,0,0,0,0,0,0,0,0,
1,8_4,10_51_21,2.1832,0,0,0,2.183167,,2.337,0.992,-1.001778,8.701048,340.6758,1.079642E-07,0.0000,0.0000,0.0000,0.0000,0.0000,0.0000,0,0,,,,,,,0,0,0,0,0,0,0,0,0,0,0,0,0,0,0,0,0,0,0,0,0,0,0,0,0,0,0,0,0,0,0,0,0,0,0,0,0,0,0,0,0,0,0,0,0,0,0,0,0,0,0,
1,8_4,10_51_21,2.1879,0,0,0,2.187896,,2.337,0.992,-1.001778,8.440926,340.6049,0,0.0000,0.0000,0.0000,0.0000,0.0000,0.0000,0,0,,,,,,,0,0,0,0,0,0,0,0,0,0,0,0,0,0,0,0,0,0,0,0,0,0,0,0,0,0,0,0,0,0,0,0,0,0,0,0,0,0,0,0,0,0,0,0,0,0,0,0,0,0,0,
1,8_4,10_51_21,2.1919,0,0,0,2.191949,,2.337,0.992,-1.001778,8.177474,340.5441,-1.07818E-07,0.0000,0.0000,0.0000,0.0000,0.0000,0.0000,0,0,,,,,,,0,0,0,0,0,0,0,0,0,0,0,0,0,0,0,0,0,0,0,0,0,0,0,0,0,0,0,0,0,0,0,0,0,0,0,0,0,0,0,0,0,0,0,0,0,0,0,0,0,0,0,
1,8_4,10_51_21,2.1966,0,0,0,2.19656,,2.337,0.992,-1.001778,7.808608,340.4749,0,0.0000,0.0000,0.0000,0.0000,0.0000,0.0000,0,0,,,,,,,0,0,0,0,0,0,0,0,0,0,0,0,0,0,0,0,0,0,0,0,0,0,0,0,0,0,0,0,0,0,0,0,0,0,0,0,0,0,0,0,0,0,0,0,0,0,0,0,0,0,0,
1,8_4,10_51_21,2.2008,0,0,0,2.200834,,2.337,0.992,-1.001778,7.552176,340.3895,-1.076556E-07,0.0000,0.0000,0.0000,0.0000,0.0000,0.0000,0,0,,,,,,,0,0,0,0,0,0,0,0,0,0,0,0,0,0,0,0,0,0,0,0,0,0,0,0,0,0,0,0,0,0,0,0,0,0,0,0,0,0,0,0,0,0,0,0,0,0,0,0,0,0,0,
1,8_4,10_51_21,2.2055,0,0,0,2.205457,,2.337,0.992,-1.001778,7.228593,340.3201,1.075767E-07,0.0000,0.0000,0.0000,0.0000,0.0000,0.0000,0,0,,,,,,,0,0,0,0,0,0,0,0,0,0,0,0,0,0,0,0,0,0,0,0,0,0,0,0,0,0,0,0,0,0,0,0,0,0,0,0,0,0,0,0,0,0,0,0,0,0,0,0,0,0,0,
1,8_4,10_51_21,2.2096,0,0,0,2.209594,,2.337,0.992,-1.001778,7.001065,340.2787,0,0.0000,0.0000,0.0000,0.0000,0.0000,0.0000,0,0,,,,,,,0,0,0,0,0,0,0,0,0,0,0,0,0,0,0,0,0,0,0,0,0,0,0,0,0,0,0,0,0,0,0,0,0,0,0,0,0,0,0,0,0,0,0,0,0,0,0,0,0,0,0,
1,8_4,10_51_21,2.2135,0,0,0,2.213497,,2.337,0.992,-1.001778,6.805904,340.2397,0,0.0000,0.0000,0.0000,0.0000,0.0000,0.0000,0,0,,,,,,,0,0,0,0,0,0,0,0,0,0,0,0,0,0,0,0,0,0,0,0,0,0,0,0,0,0,0,0,0,0,0,0,0,0,0,0,0,0,0,0,0,0,0,0,0,0,0,0,0,0,0,
1,8_4,10_51_21,2.2187,0,0,0,2.218711,,2.337,0.992,-1.001778,6.805904,340.2397,0,0.0000,0.0000,0.0000,0.0000,0.0000,0.0000,0,0,,,,,,,0,0,0,0,0,0,0,0,0,0,0,0,0,0,0,0,0,0,0,0,0,0,0,0,0,0,0,0,0,0,0,0,0,0,0,0,0,0,0,0,0,0,0,0,0,0,0,0,0,0,0,
1,8_4,10_51_21,2.2225,0,0,0,2.222537,,2.337,0.992,-1.001778,6.423403,340.1632,-1.073959E-07,0.0000,0.0000,0.0000,0.0000,0.0000,0.0000,0,0,,,,,,,0,0,0,0,0,0,0,0,0,0,0,0,0,0,0,0,0,0,0,0,0,0,0,0,0,0,0,0,0,0,0,0,0,0,0,0,0,0,0,0,0,0,0,0,0,0,0,0,0,0,0,
1,8_4,10_51_21,2.2271,0,0,0,2.227097,,2.337,0.992,-1.001778,6.195389,340.072,1.073487E-07,0.0000,0.0000,0.0000,0.0000,0.0000,0.0000,0,0,,,,,,,0,0,0,0,0,0,0,0,0,0,0,0,0,0,0,0,0,0,0,0,0,0,0,0,0,0,0,0,0,0,0,0,0,0,0,0,0,0,0,0,0,0,0,0,0,0,0,0,0,0,0,
1,8_4,10_51_21,2.2310,0,0,0,2.230967,,2.337,0.992,-1.001778,6.079283,340.0526,1.073253E-07,0.0000,0.0000,0.0000,0.0000,0.0000,0.0000,0,0,,,,,,,0,0,0,0,0,0,0,0,0,0,0,0,0,0,0,0,0,0,0,0,0,0,0,0,0,0,0,0,0,0,0,0,0,0,0,0,0,0,0,0,0,0,0,0,0,0,0,0,0,0,0,
1,8_4,10_51_21,2.2344,0,0,0,2.234351,,2.337,0.992,-1.001778,5.943923,340.0357,1.072986E-07,0.0000,0.0000,0.0000,0.0000,0.0000,0.0000,0,0,,,,,,,0,0,0,0,0,0,0,0,0,0,0,0,0,0,0,0,0,0,0,0,0,0,0,0,0,0,0,0,0,0,0,0,0,0,0,0,0,0,0,0,0,0,0,0,0,0,0,0,0,0,0,
1,8_4,10_51_21,2.2384,0,0,0,2.238425,,2.337,0.992,-1.001778,5.842083,339.995,0,0.0000,0.0000,0.0000,0.0000,0.0000,0.0000,0,0,,,,,,,0,0,0,0,0,0,0,0,0,0,0,0,0,0,0,0,0,0,0,0,0,0,0,0,0,0,0,0,0,0,0,0,0,0,0,0,0,0,0,0,0,0,0,0,0,0,0,0,0,0,0,
1,8_4,10_51_21,2.2417,0,0,0,2.241699,,2.337,0.992,-1.001778,5.760229,339.9786,0,0.0000,0.0000,0.0000,0.0000,0.0000,0.0000,0,0,,,,,,,0,0,0,0,0,0,0,0,0,0,0,0,0,0,0,0,0,0,0,0,0,0,0,0,0,0,0,0,0,0,0,0,0,0,0,0,0,0,0,0,0,0,0,0,0,0,0,0,0,0,0,
1,8_4,10_51_21,2.2456,0,0,0,2.245584,,2.337,0.992,-1.001778,5.682512,339.9592,1.072487E-07,0.0000,0.0000,0.0000,0.0000,0.0000,0.0000,0,0,,,,,,,0,0,0,0,0,0,0,0,0,0,0,0,0,0,0,0,0,0,0,0,0,0,0,0,0,0,0,0,0,0,0,0,0,0,0,0,0,0,0,0,0,0,0,0,0,0,0,0,0,0,0,
1,8_4,10_51_21,2.2492,0,0,0,2.24916,,2.337,0.992,-1.001778,5.593132,339.9413,0,0.0000,0.0000,0.0000,0.0000,0.0000,0.0000,0,0,,,,,,,0,0,0,0,0,0,0,0,0,0,0,0,0,0,0,0,0,0,0,0,0,0,0,0,0,0,0,0,0,0,0,0,0,0,0,0,0,0,0,0,0,0,0,0,0,0,0,0,0,0,0,
1,8_4,10_51_21,2.2525,0,0,0,2.25251,,2.337,0.992,-1.001778,5.542881,339.9413,1.072231E-07,0.0000,0.0000,0.0000,0.0000,0.0000,0.0000,0,0,,,,,,,0,0,0,0,0,0,0,0,0,0,0,0,0,0,0,0,0,0,0,0,0,0,0,0,0,0,0,0,0,0,0,0,0,0,0,0,0,0,0,0,0,0,0,0,0,0,0,0,0,0,0,
1,8_4,10_51_21,2.2564,0,0,0,2.256351,,2.337,0.992,-1.001778,5.485264,339.9221,0,0.0000,0.0000,0.0000,0.0000,0.0000,0.0000,0,0,,,,,,,0,0,0,0,0,0,0,0,0,0,0,0,0,0,0,0,0,0,0,0,0,0,0,0,0,0,0,0,0,0,0,0,0,0,0,0,0,0,0,0,0,0,0,0,0,0,0,0,0,0,0,
1,8_4,10_51_21,2.2600,0,0,0,2.259968,,2.337,0.992,-1.001778,5.449094,339.9221,0,0.0000,0.0000,0.0000,0.0000,0.0000,0.0000,0,0,,,,,,,0,0,0,0,0,0,0,0,0,0,0,0,0,0,0,0,0,0,0,0,0,0,0,0,0,0,0,0,0,0,0,0,0,0,0,0,0,0,0,0,0,0,0,0,0,0,0,0,0,0,0,
1,8_4,10_51_21,2.2635,0,0,0,2.263466,,2.337,0.992,-1.001778,5.414111,339.9046,1.071999E-07,0.0000,0.0000,0.0000,0.0000,0.0000,0.0000,0,0,,,,,,,0,0,0,0,0,0,0,0,0,0,0,0,0,0,0,0,0,0,0,0,0,0,0,0,0,0,0,0,0,0,0,0,0,0,0,0,0,0,0,0,0,0,0,0,0,0,0,0,0,0,0,
1,8_4,10_51_21,2.2669,0,0,0,2.266851,,2.337,0.992,-1.001778,5.414111,339.9046,1.071999E-07,0.0000,0.0000,0.0000,0.0000,0.0000,0.0000,0,0,,,,,,,0,0,0,0,0,0,0,0,0,0,0,0,0,0,0,0,0,0,0,0,0,0,0,0,0,0,0,0,0,0,0,0,0,0,0,0,0,0,0,0,0,0,0,0,0,0,0,0,0,0,0,
1,8_4,10_51_21,2.2702,0,0,0,2.270201,,2.337,0.992,-1.001778,5.414111,339.9046,1.071999E-07,0.0000,0.0000,0.0000,0.0000,0.0000,0.0000,0,0,,,,,,,0,0,0,0,0,0,0,0,0,0,0,0,0,0,0,0,0,0,0,0,0,0,0,0,0,0,0,0,0,0,0,0,0,0,0,0,0,0,0,0,0,0,0,0,0,0,0,0,0,0,0,
1,8_4,10_51_21,2.2734,0,0,0,2.273367,,2.337,0.992,-1.001778,5.414111,339.9046,1.071999E-07,0.0000,0.0000,0.0000,0.0000,0.0000,0.0000,0,0,,,,,,,0,0,0,0,0,0,0,0,0,0,0,0,0,0,0,0,0,0,0,0,0,0,0,0,0,0,0,0,0,0,0,0,0,0,0,0,0,0,0,0,0,0,0,0,0,0,0,0,0,0,0,
1,8_4,10_51_21,2.2765,0,0,0,2.276536,,2.337,0.992,-1.001778,5.414111,339.9046,1.071999E-07,0.0000,0.0000,0.0000,0.0000,0.0000,0.0000,0,0,,,,,,,0,0,0,0,0,0,0,0,0,0,0,0,0,0,0,0,0,0,0,0,0,0,0,0,0,0,0,0,0,0,0,0,0,0,0,0,0,0,0,0,0,0,0,0,0,0,0,0,0,0,0,
1,8_4,10_51_21,2.2798,0,0,0,2.27979,,2.337,0.992,-1.001778,5.414111,339.9046,1.071999E-07,0.0000,0.0000,0.0000,0.0000,0.0000,0.0000,0,0,,,,,,,0,0,0,0,0,0,0,0,0,0,0,0,0,0,0,0,0,0,0,0,0,0,0,0,0,0,0,0,0,0,0,0,0,0,0,0,0,0,0,0,0,0,0,0,0,0,0,0,0,0,0,
1,8_4,10_51_21,2.2831,0,0,0,2.283124,,2.337,0.992,-1.001778,5.414111,339.9046,1.071999E-07,0.0000,0.0000,0.0000,0.0000,0.0000,0.0000,0,0,,,,,,,0,0,0,0,0,0,0,0,0,0,0,0,0,0,0,0,0,0,0,0,0,0,0,0,0,0,0,0,0,0,0,0,0,0,0,0,0,0,0,0,0,0,0,0,0,0,0,0,0,0,0,
1,8_4,10_51_21,2.2868,0,0,0,2.286808,,2.337,0.992,-1.001778,5.414111,339.9046,1.071999E-07,0.0000,0.0000,0.0000,0.0000,0.0000,0.0000,0,0,,,,,,,0,0,0,0,0,0,0,0,0,0,0,0,0,0,0,0,0,0,0,0,0,0,0,0,0,0,0,0,0,0,0,0,0,0,0,0,0,0,0,0,0,0,0,0,0,0,0,0,0,0,0,
1,8_4,10_51_21,2.2901,0,0,0,2.290097,,2.337,0.992,-1.001778,5.414111,339.9046,1.071999E-07,0.0000,0.0000,0.0000,0.0000,0.0000,0.0000,0,0,,,,,,,0,0,0,0,0,0,0,0,0,0,0,0,0,0,0,0,0,0,0,0,0,0,0,0,0,0,0,0,0,0,0,0,0,0,0,0,0,0,0,0,0,0,0,0,0,0,0,0,0,0,0,
1,8_4,10_51_21,2.2934,0,0,0,2.293442,,2.337,0.992,-1.001778,5.414111,339.9046,1.071999E-07,0.0000,0.0000,0.0000,0.0000,0.0000,0.0000,0,0,,,,,,,0,0,0,0,0,0,0,0,0,0,0,0,0,0,0,0,0,0,0,0,0,0,0,0,0,0,0,0,0,0,0,0,0,0,0,0,0,0,0,0,0,0,0,0,0,0,0,0,0,0,0,
1,8_4,10_51_21,2.2966,0,0,0,2.296649,,2.337,0.992,-1.001778,5.414111,339.9046,1.071999E-07,0.0000,0.0000,0.0000,0.0000,0.0000,0.0000,0,0,,,,,,,0,0,0,0,0,0,0,0,0,0,0,0,0,0,0,0,0,0,0,0,0,0,0,0,0,0,0,0,0,0,0,0,0,0,0,0,0,0,0,0,0,0,0,0,0,0,0,0,0,0,0,
1,8_4,10_51_21,2.3000,0,0,0,2.29996,,2.337,0.992,-1.001778,5.414111,339.9046,1.071999E-07,0.0000,0.0000,0.0000,0.0000,0.0000,0.0000,0,0,,,,,,,0,0,0,0,0,0,0,0,0,0,0,0,0,0,0,0,0,0,0,0,0,0,0,0,0,0,0,0,0,0,0,0,0,0,0,0,0,0,0,0,0,0,0,0,0,0,0,0,0,0,0,
1,8_4,10_51_21,2.3033,0,0,0,2.303286,,2.337,0.992,-1.001778,5.414111,339.9046,1.071999E-07,0.0000,0.0000,0.0000,0.0000,0.0000,0.0000,0,0,,,,,,,0,0,0,0,0,0,0,0,0,0,0,0,0,0,0,0,0,0,0,0,0,0,0,0,0,0,0,0,0,0,0,0,0,0,0,0,0,0,0,0,0,0,0,0,0,0,0,0,0,0,0,
1,8_4,10_51_21,2.3068,0,0,0,2.306764,,2.337,0.992,-1.001778,5.414111,339.9046,1.071999E-07,0.0000,0.0000,0.0000,0.0000,0.0000,0.0000,0,0,,,,,,,0,0,0,0,0,0,0,0,0,0,0,0,0,0,0,0,0,0,0,0,0,0,0,0,0,0,0,0,0,0,0,0,0,0,0,0,0,0,0,0,0,0,0,0,0,0,0,0,0,0,0,
1,8_4,10_51_21,2.3102,0,0,0,2.310172,,2.337,0.992,-1.001778,5.414111,339.9046,1.071999E-07,0.0000,0.0000,0.0000,0.0000,0.0000,0.0000,0,0,,,,,,,0,0,0,0,0,0,0,0,0,0,0,0,0,0,0,0,0,0,0,0,0,0,0,0,0,0,0,0,0,0,0,0,0,0,0,0,0,0,0,0,0,0,0,0,0,0,0,0,0,0,0,
1,8_4,10_51_21,2.3138,0,0,0,2.313764,,2.337,0.992,-1.001778,5.414111,339.9046,1.071999E-07,0.0000,0.0000,0.0000,0.0000,0.0000,0.0000,0,0,,,,,,,0,0,0,0,0,0,0,0,0,0,0,0,0,0,0,0,0,0,0,0,0,0,0,0,0,0,0,0,0,0,0,0,0,0,0,0,0,0,0,0,0,0,0,0,0,0,0,0,0,0,0,
1,8_4,10_51_21,2.3176,0,0,0,2.317562,,2.337,0.992,-1.001778,5.471083,339.9046,0,0.0000,0.0000,0.0000,0.0000,0.0000,0.0000,0,0,,,,,,,0,0,0,0,0,0,0,0,0,0,0,0,0,0,0,0,0,0,0,0,0,0,0,0,0,0,0,0,0,0,0,0,0,0,0,0,0,0,0,0,0,0,0,0,0,0,0,0,0,0,0,
1,8_4,10_51_21,2.3216,0,0,0,2.32162,,2.337,0.992,-1.001778,5.572528,339.9452,1.072285E-07,0.0000,0.0000,0.0000,0.0000,0.0000,0.0000,0,0,,,,,,,0,0,0,0,0,0,0,0,0,0,0,0,0,0,0,0,0,0,0,0,0,0,0,0,0,0,0,0,0,0,0,0,0,0,0,0,0,0,0,0,0,0,0,0,0,0,0,0,0,0,0,
1,8_4,10_51_21,2.3257,0,0,0,2.325746,,2.337,0.992,-1.001778,5.737588,340.0277,-1.072591E-07,0.0000,0.0000,0.0000,0.0000,0.0000,0.0000,0,0,,,,,,,0,0,0,0,0,0,0,0,0,0,0,0,0,0,0,0,0,0,0,0,0,0,0,0,0,0,0,0,0,0,0,0,0,0,0,0,0,0,0,0,0,0,0,0,0,0,0,0,0,0,0,
1,8_4,10_51_21,2.3293,0,0,0,2.329261,,2.337,0.992,-1.001778,5.737588,340.0277,-1.072591E-07,0.0000,0.0000,0.0000,0.0000,0.0000,0.0000,0,0,,,,,,,0,0,0,0,0,0,0,0,0,0,0,0,0,0,0,0,0,0,0,0,0,0,0,0,0,0,0,0,0,0,0,0,0,0,0,0,0,0,0,0,0,0,0,0,0,0,0,0,0,0,0,
1,8_4,10_51_21,2.3330,0,0,0,2.33298,,2.337,0.992,-1.001778,6.090911,340.1951,0,0.0000,0.0000,0.0000,0.0000,0.0000,0.0000,0,0,,,,,,,0,0,0,0,0,0,0,0,0,0,0,0,0,0,0,0,0,0,0,0,0,0,0,0,0,0,0,0,0,0,0,0,0,0,0,0,0,0,0,0,0,0,0,0,0,0,0,0,0,0,0,
1,8_4,10_51_21,2.3365,0,0,0,2.336534,,2.337,0.992,-1.001778,6.090911,340.1951,0,0.0000,0.0000,0.0000,0.0000,0.0000,0.0000,0,0,,,,,,,0,0,0,0,0,0,0,0,0,0,0,0,0,0,0,0,0,0,0,0,0,0,0,0,0,0,0,0,0,0,0,0,0,0,0,0,0,0,0,0,0,0,0,0,0,0,0,0,0,0,0,
1,8_4,10_51_21,2.3410,0,0,0,2.340994,,2.337,0.992,-1.001778,6.737582,340.5965,0,0.0000,0.0000,0.0000,0.0000,0.0000,0.0000,0,0,,,,,,,0,0,0,0,0,0,0,0,0,0,0,0,0,0,0,0,0,0,0,0,0,0,0,0,0,0,0,0,0,0,0,0,0,0,0,0,0,0,0,0,0,0,0,0,0,0,0,0,0,0,0,
1,8_4,10_51_21,2.3445,0,0,0,2.344482,,2.337,0.992,-1.001778,6.737582,340.5965,0,0.0000,0.0000,0.0000,0.0000,0.0000,0.0000,0,0,,,,,,,0,0,0,0,0,0,0,0,0,0,0,0,0,0,0,0,0,0,0,0,0,0,0,0,0,0,0,0,0,0,0,0,0,0,0,0,0,0,0,0,0,0,0,0,0,0,0,0,0,0,0,
1,8_4,10_51_21,2.3489,0,0,0,2.348919,,2.337,0.992,-1.001778,7.44755,341.0846,-2.152594E-07,0.0000,0.0000,0.0000,0.0000,0.0000,0.0000,0,0,,,,,,,0,0,0,0,0,0,0,0,0,0,0,0,0,0,0,0,0,0,0,0,0,0,0,0,0,0,0,0,0,0,0,0,0,0,0,0,0,0,0,0,0,0,0,0,0,0,0,0,0,0,0,
1,8_4,10_51_21,2.3537,0,0,0,2.353732,,2.337,0.992,-1.001778,7.928781,341.4936,-1.077518E-07,0.0000,0.0000,0.0000,0.0000,0.0000,0.0000,0,0,,,,,,,0,0,0,0,0,0,0,0,0,0,0,0,0,0,0,0,0,0,0,0,0,0,0,0,0,0,0,0,0,0,0,0,0,0,0,0,0,0,0,0,0,0,0,0,0,0,0,0,0,0,0,
1,8_4,10_51_21,2.3590,0,0,0,2.359012,,2.337,0.992,-1.001778,8.536049,341.9425,-2.158343E-07,0.0000,0.0000,0.0000,0.0000,0.0000,0.0000,0,0,,,,,,,0,0,0,0,0,0,0,0,0,0,0,0,0,0,0,0,0,0,0,0,0,0,0,0,0,0,0,0,0,0,0,0,0,0,0,0,0,0,0,0,0,0,0,0,0,0,0,0,0,0,0,
1,8_4,10_51_21,2.3636,0,0,0,2.363567,,2.337,0.992,-1.001778,9.01425,342.3524,0,0.0000,0.0000,0.0000,0.0000,0.0000,0.0000,0,0,,,,,,,0,0,0,0,0,0,0,0,0,0,0,0,0,0,0,0,0,0,0,0,0,0,0,0,0,0,0,0,0,0,0,0,0,0,0,0,0,0,0,0,0,0,0,0,0,0,0,0,0,0,0,
1,8_4,10_51_21,2.3682,0,0,0,2.368183,,2.337,0.992,-1.001778,9.429755,342.6986,-1.081836E-07,0.0000,0.0000,0.0000,0.0000,0.0000,0.0000,0,0,,,,,,,0,0,0,0,0,0,0,0,0,0,0,0,0,0,0,0,0,0,0,0,0,0,0,0,0,0,0,0,0,0,0,0,0,0,0,0,0,0,0,0,0,0,0,0,0,0,0,0,0,0,0,
1,8_4,10_51_21,2.3720,0,0,0,2.372045,,2.337,0.992,-1.001778,9.777323,343.0076,0,0.0000,0.0000,0.0000,0.0000,0.0000,0.0000,0,0,,,,,,,0,0,0,0,0,0,0,0,0,0,0,0,0,0,0,0,0,0,0,0,0,0,0,0,0,0,0,0,0,0,0,0,0,0,0,0,0,0,0,0,0,0,0,0,0,0,0,0,0,0,0,
1,8_4,10_51_21,2.3767,0,0,0,2.376678,,2.337,0.992,-1.001778,10.26381,343.4477,-1.084573E-07,0.0000,0.0000,0.0000,0.0000,0.0000,0.0000,0,0,,,,,,,0,0,0,0,0,0,0,0,0,0,0,0,0,0,0,0,0,0,0,0,0,0,0,0,0,0,0,0,0,0,0,0,0,0,0,0,0,0,0,0,0,0,0,0,0,0,0,0,0,0,0,
1,8_4,10_51_21,2.3806,0,0,0,2.380619,,2.337,0.992,-1.001778,10.63813,343.7827,-1.08588E-07,0.0000,0.0000,0.0000,0.0000,0.0000,0.0000,0,0,,,,,,,0,0,0,0,0,0,0,0,0,0,0,0,0,0,0,0,0,0,0,0,0,0,0,0,0,0,0,0,0,0,0,0,0,0,0,0,0,0,0,0,0,0,0,0,0,0,0,0,0,0,0,
1,8_4,10_51_21,2.3847,0,0,0,2.384713,,2.337,0.992,-1.001778,10.98615,344.1307,0,0.0000,0.0000,0.0000,0.0000,0.0000,0.0000,0,0,,,,,,,0,0,0,0,0,0,0,0,0,0,0,0,0,0,0,0,0,0,0,0,0,0,0,0,0,0,0,0,0,0,0,0,0,0,0,0,0,0,0,0,0,0,0,0,0,0,0,0,0,0,0,
1,8_4,10_51_21,2.3889,0,0,0,2.388884,,2.337,0.992,-1.001778,11.36153,344.506,1.088549E-07,0.0000,0.0000,0.0000,0.0000,0.0000,0.0000,0,0,,,,,,,0,0,0,0,0,0,0,0,0,0,0,0,0,0,0,0,0,0,0,0,0,0,0,0,0,0,0,0,0,0,0,0,0,0,0,0,0,0,0,0,0,0,0,0,0,0,0,0,0,0,0,
1,8_4,10_51_21,2.3928,0,0,0,2.392773,,2.337,0.992,-1.001778,11.71154,344.856,-2.179813E-07,0.0000,0.0000,0.0000,0.0000,0.0000,0.0000,0,0,,,,,,,0,0,0,0,0,0,0,0,0,0,0,0,0,0,0,0,0,0,0,0,0,0,0,0,0,0,0,0,0,0,0,0,0,0,0,0,0,0,0,0,0,0,0,0,0,0,0,0,0,0,0,
1,8_4,10_51_21,2.3970,0,0,0,2.396984,,2.337,0.992,-1.001778,12.11156,345.2982,0,0.0000,0.0000,0.0000,0.0000,0.0000,0.0000,0,0,,,,,,,0,0,0,0,0,0,0,0,0,0,0,0,0,0,0,0,0,0,0,0,0,0,0,0,0,0,0,0,0,0,0,0,0,0,0,0,0,0,0,0,0,0,0,0,0,0,0,0,0,0,0,
1,8_4,10_51_21,2.4013,0,0,0,2.401271,,2.337,0.992,-1.001778,12.60465,345.8985,-1.093573E-07,0.0000,0.0000,0.0000,0.0000,0.0000,0.0000,0,0,,,,,,,0,0,0,0,0,0,0,0,0,0,0,0,0,0,0,0,0,0,0,0,0,0,0,0,0,0,0,0,0,0,0,0,0,0,0,0,0,0,0,0,0,0,0,0,0,0,0,0,0,0,0,
1,8_4,10_51_21,2.4057,0,0,0,2.40571,,2.337,0.992,-1.001778,13.00407,346.3644,-1.095307E-07,0.0000,0.0000,0.0000,0.0000,0.0000,0.0000,0,0,,,,,,,0,0,0,0,0,0,0,0,0,0,0,0,0,0,0,0,0,0,0,0,0,0,0,0,0,0,0,0,0,0,0,0,0,0,0,0,0,0,0,0,0,0,0,0,0,0,0,0,0,0,0,
1,8_4,10_51_21,2.4095,0,0,0,2.409546,,2.337,0.992,-1.001778,13.34935,346.8248,1.096854E-07,0.0000,0.0000,0.0000,0.0000,0.0000,0.0000,0,0,,,,,,,0,0,0,0,0,0,0,0,0,0,0,0,0,0,0,0,0,0,0,0,0,0,0,0,0,0,0,0,0,0,0,0,0,0,0,0,0,0,0,0,0,0,0,0,0,0,0,0,0,0,0,
1,8_4,10_51_21,2.4138,0,0,0,2.413755,,2.337,0.992,-1.001778,13.72814,347.3088,1.098601E-07,0.0000,0.0000,0.0000,0.0000,0.0000,0.0000,0,0,,,,,,,0,0,0,0,0,0,0,0,0,0,0,0,0,0,0,0,0,0,0,0,0,0,0,0,0,0,0,0,0,0,0,0,0,0,0,0,0,0,0,0,0,0,0,0,0,0,0,0,0,0,0,
1,8_4,10_51_21,2.4190,0,0,0,2.419031,,2.337,0.992,-1.001778,14.33497,348.1531,1.101513E-07,0.0000,0.0000,0.0000,0.0000,0.0000,0.0000,0,0,,,,,,,0,0,0,0,0,0,0,0,0,0,0,0,0,0,0,0,0,0,0,0,0,0,0,0,0,0,0,0,0,0,0,0,0,0,0,0,0,0,0,0,0,0,0,0,0,0,0,0,0,0,0,
1,8_4,10_51_21,2.4232,0,0,0,2.42321,,2.337,0.992,-1.001778,14.66929,348.6755,-2.206353E-07,0.0000,0.0000,0.0000,0.0000,0.0000,0.0000,0,0,,,,,,,0,0,0,0,0,0,0,0,0,0,0,0,0,0,0,0,0,0,0,0,0,0,0,0,0,0,0,0,0,0,0,0,0,0,0,0,0,0,0,0,0,0,0,0,0,0,0,0,0,0,0,
1,8_4,10_51_21,2.4271,0,0,0,2.427088,,2.337,0.992,-1.001778,14.97948,349.1796,0,0.0000,0.0000,0.0000,0.0000,0.0000,0.0000,0,0,,,,,,,0,0,0,0,0,0,0,0,0,0,0,0,0,0,0,0,0,0,0,0,0,0,0,0,0,0,0,0,0,0,0,0,0,0,0,0,0,0,0,0,0,0,0,0,0,0,0,0,0,0,0,
1,8_4,10_51_21,2.4310,0,0,0,2.430957,,2.337,0.992,-1.001778,15.28899,349.6825,0,0.0000,0.0000,0.0000,0.0000,0.0000,0.0000,0,0,,,,,,,0,0,0,0,0,0,0,0,0,0,0,0,0,0,0,0,0,0,0,0,0,0,0,0,0,0,0,0,0,0,0,0,0,0,0,0,0,0,0,0,0,0,0,0,0,0,0,0,0,0,0,
1,8_4,10_51_21,2.4347,0,0,0,2.434734,,2.337,0.992,-1.001778,15.55339,350.1735,-2.215566E-07,0.0000,0.0000,0.0000,0.0000,0.0000,0.0000,0,0,,,,,,,0,0,0,0,0,0,0,0,0,0,0,0,0,0,0,0,0,0,0,0,0,0,0,0,0,0,0,0,0,0,0,0,0,0,0,0,0,0,0,0,0,0,0,0,0,0,0,0,0,0,0,
1,8_4,10_51_21,2.4386,0,0,0,2.438576,,2.337,0.992,-1.001778,15.84155,350.7307,-1.10935E-07,0.0000,0.0000,0.0000,0.0000,0.0000,0.0000,0,0,,,,,,,0,0,0,0,0,0,0,0,0,0,0,0,0,0,0,0,0,0,0,0,0,0,0,0,0,0,0,0,0,0,0,0,0,0,0,0,0,0,0,0,0,0,0,0,0,0,0,0,0,0,0,
1,8_4,10_51_21,2.4432,0,0,0,2.443174,,2.337,0.992,-1.001778,16.25539,351.5813,0,0.0000,0.0000,0.0000,0.0000,0.0000,0.0000,0,0,,,,,,,0,0,0,0,0,0,0,0,0,0,0,0,0,0,0,0,0,0,0,0,0,0,0,0,0,0,0,0,0,0,0,0,0,0,0,0,0,0,0,0,0,0,0,0,0,0,0,0,0,0,0,
1,8_4,10_51_21,2.4490,0,0,0,2.449018,,2.337,0.992,-1.001778,16.66445,352.6332,-1.114005E-07,0.0000,0.0000,0.0000,0.0000,0.0000,0.0000,0,0,,,,,,,0,0,0,0,0,0,0,0,0,0,0,0,0,0,0,0,0,0,0,0,0,0,0,0,0,0,0,0,0,0,0,0,0,0,0,0,0,0,0,0,0,0,0,0,0,0,0,0,0,0,0,
1,8_4,10_51_21,2.4546,0,0,0,2.454621,,2.337,0.992,-1.001778,17.14073,353.8659,-1.116822E-07,0.0000,0.0000,0.0000,0.0000,0.0000,0.0000,0,0,,,,,,,0,0,0,0,0,0,0,0,0,0,0,0,0,0,0,0,0,0,0,0,0,0,0,0,0,0,0,0,0,0,0,0,0,0,0,0,0,0,0,0,0,0,0,0,0,0,0,0,0,0,0,
1,8_4,10_51_21,2.4586,0,0,0,2.458573,,2.337,0.992,-1.001778,17.35808,354.4389,0,0.0000,0.0000,0.0000,0.0000,0.0000,0.0000,0,0,,,,,,,0,0,0,0,0,0,0,0,0,0,0,0,0,0,0,0,0,0,0,0,0,0,0,0,0,0,0,0,0,0,0,0,0,0,0,0,0,0,0,0,0,0,0,0,0,0,0,0,0,0,0,
1,8_4,10_51_21,2.4646,0,0,0,2.464638,,2.337,0.992,-1.001778,17.78263,355.8339,-1.120765E-07,0.0000,0.0000,0.0000,0.0000,0.0000,0.0000,0,0,,,,,,,0,0,0,0,0,0,0,0,0,0,0,0,0,0,0,0,0,0,0,0,0,0,0,0,0,0,0,0,0,0,0,0,0,0,0,0,0,0,0,0,0,0,0,0,0,0,0,0,0,0,0,
1,8_4,10_51_21,2.4707,0,0,0,2.470727,,2.337,0.992,-1.001778,18.14798,357.2039,-5.615423E-08,0.0000,0.0000,0.0000,0.0000,0.0000,0.0000,0,0,,,,,,,0,0,0,0,0,0,0,0,0,0,0,0,0,0,0,0,0,0,0,0,0,0,0,0,0,0,0,0,0,0,0,0,0,0,0,0,0,0,0,0,0,0,0,0,0,0,0,0,0,0,0,
1,8_4,10_51_21,2.4747,0,0,0,2.474671,,2.337,0.992,-1.001778,18.28601,357.7758,-5.619877E-08,0.0000,0.0000,0.0000,0.0000,0.0000,0.0000,0,0,,,,,,,0,0,0,0,0,0,0,0,0,0,0,0,0,0,0,0,0,0,0,0,0,0,0,0,0,0,0,0,0,0,0,0,0,0,0,0,0,0,0,0,0,0,0,0,0,0,0,0,0,0,0,
1,8_4,10_51_21,2.4786,0,0,0,2.478618,,2.337,0.992,-1.001778,18.40442,358.3481,-2.811865E-08,0.0000,0.0000,0.0000,0.0000,0.0000,0.0000,0,0,,,,,,,0,0,0,0,0,0,0,0,0,0,0,0,0,0,0,0,0,0,0,0,0,0,0,0,0,0,0,0,0,0,0,0,0,0,0,0,0,0,0,0,0,0,0,0,0,0,0,0,0,0,0,
1,8_4,10_51_21,2.4828,0,0,0,2.482762,,2.337,0.992,-1.001778,18.50801,358.9282,1.406781E-08,0.0000,0.0000,0.0000,0.0000,0.0000,0.0000,0,0,,,,,,,0,0,0,0,0,0,0,0,0,0,0,0,0,0,0,0,0,0,0,0,0,0,0,0,0,0,0,0,0,0,0,0,0,0,0,0,0,0,0,0,0,0,0,0,0,0,0,0,0,0,0,
1,8_4,10_51_21,2.4865,0,0,0,2.486508,,2.337,0.992,-1.001778,18.62041,359.4715,-7.038541E-09,0.0000,0.0000,0.0000,0.0000,0.0000,0.0000,0,0,,,,,,,0,0,0,0,0,0,0,0,0,0,0,0,0,0,0,0,0,0,0,0,0,0,0,0,0,0,0,0,0,0,0,0,0,0,0,0,0,0,0,0,0,0,0,0,0,0,0,0,0,0,0,
1,8_4,10_51_21,2.4907,0,0,0,2.490686,,2.337,0.992,-1.001778,18.70396,0.0354866,0,0.0000,0.0000,0.0000,0.0000,0.0000,0.0000,0,0,,,,,,,0,0,0,0,0,0,0,0,0,0,0,0,0,0,0,0,0,0,0,0,0,0,0,0,0,0,0,0,0,0,0,0,0,0,0,0,0,0,0,0,0,0,0,0,0,0,0,0,0,0,0,
1,8_4,10_51_21,2.4947,0,0,0,2.494714,,2.337,0.992,-1.001778,18.80466,0.5590876,-7.046212E-09,0.0000,0.0000,0.0000,0.0000,0.0000,0.0000,0,0,,,,,,,0,0,0,0,0,0,0,0,0,0,0,0,0,0,0,0,0,0,0,0,0,0,0,0,0,0,0,0,0,0,0,0,0,0,0,0,0,0,0,0,0,0,0,0,0,0,0,0,0,0,0,
1,8_4,10_51_21,2.4987,0,0,0,2.498652,,2.337,0.992,-1.001778,18.84404,1.110436,0,0.0000,0.0000,0.0000,0.0000,0.0000,0.0000,0,0,,,,,,,0,0,0,0,0,0,0,0,0,0,0,0,0,0,0,0,0,0,0,0,0,0,0,0,0,0,0,0,0,0,0,0,0,0,0,0,0,0,0,0,0,0,0,0,0,0,0,0,0,0,0,
1,8_4,10_51_21,2.5027,0,0,0,2.502671,,2.337,0.992,-1.001778,18.88424,1.653069,0,0.0000,0.0000,0.0000,0.0000,0.0000,0.0000,0,0,,,,,,,0,0,0,0,0,0,0,0,0,0,0,0,0,0,0,0,0,0,0,0,0,0,0,0,0,0,0,0,0,0,0,0,0,0,0,0,0,0,0,0,0,0,0,0,0,0,0,0,0,0,0,
1,8_4,10_51_21,2.5065,0,0,0,2.506518,,2.337,0.992,-1.001778,18.90347,2.133844,-5.64029E-08,0.0000,0.0000,0.0000,0.0000,0.0000,0.0000,0,0,,,,,,,0,0,0,0,0,0,0,0,0,0,0,0,0,0,0,0,0,0,0,0,0,0,0,0,0,0,0,0,0,0,0,0,0,0,0,0,0,0,0,0,0,0,0,0,0,0,0,0,0,0,0,
1,8_4,10_51_21,2.5102,0,0,0,2.51024,,2.337,0.992,-1.001778,18.92208,2.636327,2.820459E-08,0.0000,0.0000,0.0000,0.0000,0.0000,0.0000,0,0,,,,,,,0,0,0,0,0,0,0,0,0,0,0,0,0,0,0,0,0,0,0,0,0,0,0,0,0,0,0,0,0,0,0,0,0,0,0,0,0,0,0,0,0,0,0,0,0,0,0,0,0,0,0,
1,8_4,10_51_21,2.5142,0,0,0,2.514209,,2.337,0.992,-1.001778,18.92208,3.132502,5.640917E-08,0.0000,0.0000,0.0000,0.0000,0.0000,0.0000,0,0,,,,,,,0,0,0,0,0,0,0,0,0,0,0,0,0,0,0,0,0,0,0,0,0,0,0,0,0,0,0,0,0,0,0,0,0,0,0,0,0,0,0,0,0,0,0,0,0,0,0,0,0,0,0,
1,8_4,10_51_21,2.5180,0,0,0,2.517979,,2.337,0.992,-1.001778,18.92208,3.509502,0,0.0000,0.0000,0.0000,0.0000,0.0000,0.0000,0,0,,,,,,,0,0,0,0,0,0,0,0,0,0,0,0,0,0,0,0,0,0,0,0,0,0,0,0,0,0,0,0,0,0,0,0,0,0,0,0,0,0,0,0,0,0,0,0,0,0,0,0,0,0,0,
1,8_4,10_51_21,2.5219,0,0,0,2.521854,,2.337,0.992,-1.001778,18.90271,3.974489,-5.640264E-08,0.0000,0.0000,0.0000,0.0000,0.0000,0.0000,0,0,,,,,,,0,0,0,0,0,0,0,0,0,0,0,0,0,0,0,0,0,0,0,0,0,0,0,0,0,0,0,0,0,0,0,0,0,0,0,0,0,0,0,0,0,0,0,0,0,0,0,0,0,0,0,
1,8_4,10_51_21,2.5256,0,0,0,2.525602,,2.337,0.992,-1.001778,18.84648,4.424262,5.638373E-08,0.0000,0.0000,0.0000,0.0000,0.0000,0.0000,0,0,,,,,,,0,0,0,0,0,0,0,0,0,0,0,0,0,0,0,0,0,0,0,0,0,0,0,0,0,0,0,0,0,0,0,0,0,0,0,0,0,0,0,0,0,0,0,0,0,0,0,0,0,0,0,
1,8_4,10_51_21,2.5297,0,0,0,2.52967,,2.337,0.992,-1.001778,18.80581,4.932687,0,0.0000,0.0000,0.0000,0.0000,0.0000,0.0000,0,0,,,,,,,0,0,0,0,0,0,0,0,0,0,0,0,0,0,0,0,0,0,0,0,0,0,0,0,0,0,0,0,0,0,0,0,0,0,0,0,0,0,0,0,0,0,0,0,0,0,0,0,0,0,0,
1,8_4,10_51_21,2.5337,0,0,0,2.53368,,2.337,0.992,-1.001778,18.76571,5.393906,0,0.0000,0.0000,0.0000,0.0000,0.0000,0.0000,0,0,,,,,,,0,0,0,0,0,0,0,0,0,0,0,0,0,0,0,0,0,0,0,0,0,0,0,0,0,0,0,0,0,0,0,0,0,0,0,0,0,0,0,0,0,0,0,0,0,0,0,0,0,0,0,
1,8_4,10_51_21,2.5375,0,0,0,2.537468,,2.337,0.992,-1.001778,18.67101,5.82948,1.126502E-07,0.0000,0.0000,0.0000,0.0000,0.0000,0.0000,0,0,,,,,,,0,0,0,0,0,0,0,0,0,0,0,0,0,0,0,0,0,0,0,0,0,0,0,0,0,0,0,0,0,0,0,0,0,0,0,0,0,0,0,0,0,0,0,0,0,0,0,0,0,0,0,
1,8_4,10_51_21,2.5417,0,0,0,2.541661,,2.337,0.992,-1.001778,18.56618,6.332676,0,0.0000,0.0000,0.0000,0.0000,0.0000,0.0000,0,0,,,,,,,0,0,0,0,0,0,0,0,0,0,0,0,0,0,0,0,0,0,0,0,0,0,0,0,0,0,0,0,0,0,0,0,0,0,0,0,0,0,0,0,0,0,0,0,0,0,0,0,0,0,0,
1,8_4,10_51_21,2.5457,0,0,0,2.545682,,2.337,0.992,-1.001778,18.44555,6.754903,0,0.0000,0.0000,0.0000,0.0000,0.0000,0.0000,0,0,,,,,,,0,0,0,0,0,0,0,0,0,0,0,0,0,0,0,0,0,0,0,0,0,0,0,0,0,0,0,0,0,0,0,0,0,0,0,0,0,0,0,0,0,0,0,0,0,0,0,0,0,0,0,
1,8_4,10_51_21,2.5496,0,0,0,2.549569,,2.337,0.992,-1.001778,18.29007,7.182473,1.124002E-07,0.0000,0.0000,0.0000,0.0000,0.0000,0.0000,0,0,,,,,,,0,0,0,0,0,0,0,0,0,0,0,0,0,0,0,0,0,0,0,0,0,0,0,0,0,0,0,0,0,0,0,0,0,0,0,0,0,0,0,0,0,0,0,0,0,0,0,0,0,0,0,
1,8_4,10_51_21,2.5531,0,0,0,2.553075,,2.337,0.992,-1.001778,18.29007,7.182473,1.124002E-07,0.0000,0.0000,0.0000,0.0000,0.0000,0.0000,0,0,,,,,,,0,0,0,0,0,0,0,0,0,0,0,0,0,0,0,0,0,0,0,0,0,0,0,0,0,0,0,0,0,0,0,0,0,0,0,0,0,0,0,0,0,0,0,0,0,0,0,0,0,0,0,
1,8_4,10_51_21,2.5568,0,0,0,2.556817,,2.337,0.992,-1.001778,18.02811,7.893509,1.122317E-07,0.0000,0.0000,0.0000,0.0000,0.0000,0.0000,0,0,,,,,,,0,0,0,0,0,0,0,0,0,0,0,0,0,0,0,0,0,0,0,0,0,0,0,0,0,0,0,0,0,0,0,0,0,0,0,0,0,0,0,0,0,0,0,0,0,0,0,0,0,0,0,
1,8_4,10_51_21,2.5658,0,0,0,2.565849,,2.337,0.992,-1.001778,17.07981,10.06105,0,0.0000,0.0000,0.0000,0.0000,0.0000,0.0000,0,0,,,,,,,0,0,0,0,0,0,0,0,0,0,0,0,0,0,0,0,0,0,0,0,0,0,0,0,0,0,0,0,0,0,0,0,0,0,0,0,0,0,0,0,0,0,0,0,0,0,0,0,0,0,0,
1,8_4,10_51_21,2.5727,0,0,0,2.572687,,2.337,0.992,-1.001778,16.36176,11.29199,2.224522E-07,0.0000,0.0000,0.0000,0.0000,0.0000,0.0000,0,0,,,,,,,0,0,0,0,0,0,0,0,0,0,0,0,0,0,0,0,0,0,0,0,0,0,0,0,0,0,0,0,0,0,0,0,0,0,0,0,0,0,0,0,0,0,0,0,0,0,0,0,0,0,0,
1,8_4,10_51_21,2.5787,0,0,0,2.578726,,2.337,0.992,-1.001778,15.81827,12.1676,1.109222E-07,0.0000,0.0000,0.0000,0.0000,0.0000,0.0000,0,0,,,,,,,0,0,0,0,0,0,0,0,0,0,0,0,0,0,0,0,0,0,0,0,0,0,0,0,0,0,0,0,0,0,0,0,0,0,0,0,0,0,0,0,0,0,0,0,0,0,0,0,0,0,0,
1,8_4,10_51_21,2.5848,0,0,0,2.584751,,2.337,0.992,-1.001778,15.18563,12.92075,0,0.0000,0.0000,0.0000,0.0000,0.0000,0.0000,0,0,,,,,,,0,0,0,0,0,0,0,0,0,0,0,0,0,0,0,0,0,0,0,0,0,0,0,0,0,0,0,0,0,0,0,0,0,0,0,0,0,0,0,0,0,0,0,0,0,0,0,0,0,0,0,
1,8_4,10_51_21,2.5912,0,0,0,2.591157,,2.337,0.992,-1.001778,14.35287,13.81757,0,0.0000,0.0000,0.0000,0.0000,0.0000,0.0000,0,0,,,,,,,0,0,0,0,0,0,0,0,0,0,0,0,0,0,0,0,0,0,0,0,0,0,0,0,0,0,0,0,0,0,0,0,0,0,0,0,0,0,0,0,0,0,0,0,0,0,0,0,0,0,0,
1,8_4,10_51_21,2.5977,0,0,0,2.597702,,2.337,0.992,-1.001778,13.6656,14.53756,0,0.0000,0.0000,0.0000,0.0000,0.0000,0.0000,0,0,,,,,,,0,0,0,0,0,0,0,0,0,0,0,0,0,0,0,0,0,0,0,0,0,0,0,0,0,0,0,0,0,0,0,0,0,0,0,0,0,0,0,0,0,0,0,0,0,0,0,0,0,0,0,
1,8_4,10_51_21,2.6040,0,0,0,2.603985,,2.337,0.992,-1.001778,12.94313,15.13439,1.095039E-07,0.0000,0.0000,0.0000,0.0000,0.0000,0.0000,0,0,,,,,,,0,0,0,0,0,0,0,0,0,0,0,0,0,0,0,0,0,0,0,0,0,0,0,0,0,0,0,0,0,0,0,0,0,0,0,0,0,0,0,0,0,0,0,0,0,0,0,0,0,0,0,
1,8_4,10_51_21,2.6106,0,0,0,2.610595,,2.337,0.992,-1.001778,12.08385,15.76232,0,0.0000,0.0000,0.0000,0.0000,0.0000,0.0000,0,0,,,,,,,0,0,0,0,0,0,0,0,0,0,0,0,0,0,0,0,0,0,0,0,0,0,0,0,0,0,0,0,0,0,0,0,0,0,0,0,0,0,0,0,0,0,0,0,0,0,0,0,0,0,0,
1,8_4,10_51_21,2.6172,0,0,0,2.617211,,2.337,0.992,-1.001778,11.22368,16.32474,-1.088026E-07,0.0000,0.0000,0.0000,0.0000,0.0000,0.0000,0,0,,,,,,,0,0,0,0,0,0,0,0,0,0,0,0,0,0,0,0,0,0,0,0,0,0,0,0,0,0,0,0,0,0,0,0,0,0,0,0,0,0,0,0,0,0,0,0,0,0,0,0,0,0,0,
1,8_4,10_51_21,2.6228,0,0,0,2.622768,,2.337,0.992,-1.001778,10.66796,16.6026,1.085987E-07,0.0000,0.0000,0.0000,0.0000,0.0000,0.0000,0,0,,,,,,,0,0,0,0,0,0,0,0,0,0,0,0,0,0,0,0,0,0,0,0,0,0,0,0,0,0,0,0,0,0,0,0,0,0,0,0,0,0,0,0,0,0,0,0,0,0,0,0,0,0,0,
1,8_4,10_51_21,2.6296,0,0,0,2.629573,,2.337,0.992,-1.001778,9.817426,16.94282,0,0.0000,0.0000,0.0000,0.0000,0.0000,0.0000,0,0,,,,,,,0,0,0,0,0,0,0,0,0,0,0,0,0,0,0,0,0,0,0,0,0,0,0,0,0,0,0,0,0,0,0,0,0,0,0,0,0,0,0,0,0,0,0,0,0,0,0,0,0,0,0,
1,8_4,10_51_21,2.6360,0,0,0,2.635951,,2.337,0.992,-1.001778,9.115811,17.10227,0,0.0000,0.0000,0.0000,0.0000,0.0000,0.0000,0,0,,,,,,,0,0,0,0,0,0,0,0,0,0,0,0,0,0,0,0,0,0,0,0,0,0,0,0,0,0,0,0,0,0,0,0,0,0,0,0,0,0,0,0,0,0,0,0,0,0,0,0,0,0,0,
1,8_4,10_51_21,2.6420,0,0,0,2.641978,,2.337,0.992,-1.001778,8.482967,17.19268,0,0.0000,0.0000,0.0000,0.0000,0.0000,0.0000,0,0,,,,,,,0,0,0,0,0,0,0,0,0,0,0,0,0,0,0,0,0,0,0,0,0,0,0,0,0,0,0,0,0,0,0,0,0,0,0,0,0,0,0,0,0,0,0,0,0,0,0,0,0,0,0,
1,8_4,10_51_22,2.6489,0,0,0,2.648944,,2.337,0.992,-1.001778,7.646999,17.26235,1.076793E-07,0.0000,0.0000,0.0000,0.0000,0.0000,0.0000,0,0,,,,,,,0,0,0,0,0,0,0,0,0,0,0,0,0,0,0,0,0,0,0,0,0,0,0,0,0,0,0,0,0,0,0,0,0,0,0,0,0,0,0,0,0,0,0,0,0,0,0,0,0,0,0,
1,8_4,10_51_22,2.6530,0,0,0,2.65299,,2.337,0.992,-1.001778,7.384049,17.28257,0,0.0000,0.0000,0.0000,0.0000,0.0000,0.0000,0,0,,,,,,,0,0,0,0,0,0,0,0,0,0,0,0,0,0,0,0,0,0,0,0,0,0,0,0,0,0,0,0,0,0,0,0,0,0,0,0,0,0,0,0,0,0,0,0,0,0,0,0,0,0,0,
1,8_4,10_51_22,2.6597,0,0,0,2.659747,,2.337,0.992,-1.001778,6.606982,17.38392,-1.074352E-07,0.0000,0.0000,0.0000,0.0000,0.0000,0.0000,0,0,,,,,,,0,0,0,0,0,0,0,0,0,0,0,0,0,0,0,0,0,0,0,0,0,0,0,0,0,0,0,0,0,0,0,0,0,0,0,0,0,0,0,0,0,0,0,0,0,0,0,0,0,0,0,
1,8_4,10_51_22,2.6666,0,0,0,2.666627,,2.337,0.992,-1.001778,5.919021,17.45272,5.364686E-08,0.0000,0.0000,0.0000,0.0000,0.0000,0.0000,0,0,,,,,,,0,0,0,0,0,0,0,0,0,0,0,0,0,0,0,0,0,0,0,0,0,0,0,0,0,0,0,0,0,0,0,0,0,0,0,0,0,0,0,0,0,0,0,0,0,0,0,0,0,0,0,
1,8_4,10_51_22,2.6728,0,0,0,2.672842,,2.337,0.992,-1.001778,5.390755,17.51487,1.071958E-07,0.0000,0.0000,0.0000,0.0000,0.0000,0.0000,0,0,,,,,,,0,0,0,0,0,0,0,0,0,0,0,0,0,0,0,0,0,0,0,0,0,0,0,0,0,0,0,0,0,0,0,0,0,0,0,0,0,0,0,0,0,0,0,0,0,0,0,0,0,0,0,
1,8_4,10_51_22,2.6788,0,0,0,2.678752,,2.337,0.992,-1.001778,4.917899,17.60354,0,0.0000,0.0000,0.0000,0.0000,0.0000,0.0000,0,0,,,,,,,0,0,0,0,0,0,0,0,0,0,0,0,0,0,0,0,0,0,0,0,0,0,0,0,0,0,0,0,0,0,0,0,0,0,0,0,0,0,0,0,0,0,0,0,0,0,0,0,0,0,0,
1,8_4,10_51_22,2.6849,0,0,0,2.684868,,2.337,0.992,-1.001778,4.398072,17.69527,0,0.0000,0.0000,0.0000,0.0000,0.0000,0.0000,0,0,,,,,,,0,0,0,0,0,0,0,0,0,0,0,0,0,0,0,0,0,0,0,0,0,0,0,0,0,0,0,0,0,0,0,0,0,0,0,0,0,0,0,0,0,0,0,0,0,0,0,0,0,0,0,
1,8_4,10_51_22,2.6916,0,0,0,2.691557,,2.337,0.992,-1.001778,3.762608,17.8625,0,0.0000,0.0000,0.0000,0.0000,0.0000,0.0000,0,0,,,,,,,0,0,0,0,0,0,0,0,0,0,0,0,0,0,0,0,0,0,0,0,0,0,0,0,0,0,0,0,0,0,0,0,0,0,0,0,0,0,0,0,0,0,0,0,0,0,0,0,0,0,0,
1,8_4,10_51_22,2.6976,0,0,0,2.697578,,2.337,0.992,-1.001778,3.280896,17.98292,5.344845E-08,0.0000,0.0000,0.0000,0.0000,0.0000,0.0000,0,0,,,,,,,0,0,0,0,0,0,0,0,0,0,0,0,0,0,0,0,0,0,0,0,0,0,0,0,0,0,0,0,0,0,0,0,0,0,0,0,0,0,0,0,0,0,0,0,0,0,0,0,0,0,0,
1,8_4,10_51_22,2.7037,0,0,0,2.703709,,2.337,0.992,-1.001778,2.821078,18.10554,5.34256E-08,0.0000,0.0000,0.0000,0.0000,0.0000,0.0000,0,0,,,,,,,0,0,0,0,0,0,0,0,0,0,0,0,0,0,0,0,0,0,0,0,0,0,0,0,0,0,0,0,0,0,0,0,0,0,0,0,0,0,0,0,0,0,0,0,0,0,0,0,0,0,0,
1,8_4,10_51_22,2.7075,0,0,0,2.707504,,2.337,0.992,-1.001778,2.650303,18.16247,0,0.0000,0.0000,0.0000,0.0000,0.0000,0.0000,0,0,,,,,,,0,0,0,0,0,0,0,0,0,0,0,0,0,0,0,0,0,0,0,0,0,0,0,0,0,0,0,0,0,0,0,0,0,0,0,0,0,0,0,0,0,0,0,0,0,0,0,0,0,0,0,
1,8_4,10_51_22,2.7113,0,0,0,2.71126,,2.337,0.992,-1.001778,2.518857,18.20002,2.670623E-08,0.0000,0.0000,0.0000,0.0000,0.0000,0.0000,0,0,,,,,,,0,0,0,0,0,0,0,0,0,0,0,0,0,0,0,0,0,0,0,0,0,0,0,0,0,0,0,0,0,0,0,0,0,0,0,0,0,0,0,0,0,0,0,0,0,0,0,0,0,0,0,
1,8_4,10_51_22,2.7178,0,0,0,2.717775,,2.337,0.992,-1.001778,2.127958,18.3629,2.669884E-08,0.0000,0.0000,0.0000,0.0000,0.0000,0.0000,0,0,,,,,,,0,0,0,0,0,0,0,0,0,0,0,0,0,0,0,0,0,0,0,0,0,0,0,0,0,0,0,0,0,0,0,0,0,0,0,0,0,0,0,0,0,0,0,0,0,0,0,0,0,0,0,
1,8_4,10_51_22,2.7240,0,0,0,2.723966,,2.337,0.992,-1.001778,1.849358,18.42481,0,0.0000,0.0000,0.0000,0.0000,0.0000,0.0000,0,0,,,,,,,0,0,0,0,0,0,0,0,0,0,0,0,0,0,0,0,0,0,0,0,0,0,0,0,0,0,0,0,0,0,0,0,0,0,0,0,0,0,0,0,0,0,0,0,0,0,0,0,0,0,0,
1,8_4,10_51_22,2.7278,0,0,0,2.727765,,2.337,0.992,-1.001778,1.773378,18.4628,0,0.0000,0.0000,0.0000,0.0000,0.0000,0.0000,0,0,,,,,,,0,0,0,0,0,0,0,0,0,0,0,0,0,0,0,0,0,0,0,0,0,0,0,0,0,0,0,0,0,0,0,0,0,0,0,0,0,0,0,0,0,0,0,0,0,0,0,0,0,0,0,
1,8_4,10_51_22,2.7318,0,0,0,2.731779,,2.337,0.992,-1.001778,1.713163,18.48287,2.669236E-08,0.0000,0.0000,0.0000,0.0000,0.0000,0.0000,0,0,,,,,,,0,0,0,0,0,0,0,0,0,0,0,0,0,0,0,0,0,0,0,0,0,0,0,0,0,0,0,0,0,0,0,0,0,0,0,0,0,0,0,0,0,0,0,0,0,0,0,0,0,0,0,
1,8_4,10_51_22,2.7354,0,0,0,2.735436,,2.337,0.992,-1.001778,1.694879,18.50115,0,0.0000,0.0000,0.0000,0.0000,0.0000,0.0000,0,0,,,,,,,0,0,0,0,0,0,0,0,0,0,0,0,0,0,0,0,0,0,0,0,0,0,0,0,0,0,0,0,0,0,0,0,0,0,0,0,0,0,0,0,0,0,0,0,0,0,0,0,0,0,0,
1,8_4,10_51_22,2.7394,0,0,0,2.739382,,2.337,0.992,-1.001778,1.655421,18.50115,-2.669156E-08,0.0000,0.0000,0.0000,0.0000,0.0000,0.0000,0,0,,,,,,,0,0,0,0,0,0,0,0,0,0,0,0,0,0,0,0,0,0,0,0,0,0,0,0,0,0,0,0,0,0,0,0,0,0,0,0,0,0,0,0,0,0,0,0,0,0,0,0,0,0,0,
1,8_4,10_51_22,2.7426,0,0,0,2.74263,,2.337,0.992,-1.001778,1.655421,18.50115,-2.669156E-08,0.0000,0.0000,0.0000,0.0000,0.0000,0.0000,0,0,,,,,,,0,0,0,0,0,0,0,0,0,0,0,0,0,0,0,0,0,0,0,0,0,0,0,0,0,0,0,0,0,0,0,0,0,0,0,0,0,0,0,0,0,0,0,0,0,0,0,0,0,0,0,
1,8_4,10_51_22,2.7461,0,0,0,2.746121,,2.337,0.992,-1.001778,1.655421,18.50115,-2.669156E-08,0.0000,0.0000,0.0000,0.0000,0.0000,0.0000,0,0,,,,,,,0,0,0,0,0,0,0,0,0,0,0,0,0,0,0,0,0,0,0,0,0,0,0,0,0,0,0,0,0,0,0,0,0,0,0,0,0,0,0,0,0,0,0,0,0,0,0,0,0,0,0,
1,8_4,10_51_22,2.7493,0,0,0,2.749269,,2.337,0.992,-1.001778,1.655421,18.50115,-2.669156E-08,0.0000,0.0000,0.0000,0.0000,0.0000,0.0000,0,0,,,,,,,0,0,0,0,0,0,0,0,0,0,0,0,0,0,0,0,0,0,0,0,0,0,0,0,0,0,0,0,0,0,0,0,0,0,0,0,0,0,0,0,0,0,0,0,0,0,0,0,0,0,0,
1,8_4,10_51_22,2.7526,0,0,0,2.752563,,2.337,0.992,-1.001778,1.655421,18.50115,-2.669156E-08,0.0000,0.0000,0.0000,0.0000,0.0000,0.0000,0,0,,,,,,,0,0,0,0,0,0,0,0,0,0,0,0,0,0,0,0,0,0,0,0,0,0,0,0,0,0,0,0,0,0,0,0,0,0,0,0,0,0,0,0,0,0,0,0,0,0,0,0,0,0,0,
1,8_4,10_51_22,2.7559,0,0,0,2.755897,,2.337,0.992,-1.001778,1.655421,18.50115,-2.669156E-08,0.0000,0.0000,0.0000,0.0000,0.0000,0.0000,0,0,,,,,,,0,0,0,0,0,0,0,0,0,0,0,0,0,0,0,0,0,0,0,0,0,0,0,0,0,0,0,0,0,0,0,0,0,0,0,0,0,0,0,0,0,0,0,0,0,0,0,0,0,0,0,
1,8_4,10_51_22,2.7591,0,0,0,2.759097,,2.337,0.992,-1.001778,1.655421,18.50115,-2.669156E-08,0.0000,0.0000,0.0000,0.0000,0.0000,0.0000,0,0,,,,,,,0,0,0,0,0,0,0,0,0,0,0,0,0,0,0,0,0,0,0,0,0,0,0,0,0,0,0,0,0,0,0,0,0,0,0,0,0,0,0,0,0,0,0,0,0,0,0,0,0,0,0,
1,8_4,10_51_22,2.7630,0,0,0,2.762989,,2.337,0.992,-1.001778,1.655421,18.50115,-2.669156E-08,0.0000,0.0000,0.0000,0.0000,0.0000,0.0000,0,0,,,,,,,0,0,0,0,0,0,0,0,0,0,0,0,0,0,0,0,0,0,0,0,0,0,0,0,0,0,0,0,0,0,0,0,0,0,0,0,0,0,0,0,0,0,0,0,0,0,0,0,0,0,0,
1,8_4,10_51_22,2.7686,0,0,0,2.768559,,2.337,0.992,-1.001778,1.655421,18.50115,-2.669156E-08,0.0000,0.0000,0.0000,0.0000,0.0000,0.0000,0,0,,,,,,,0,0,0,0,0,0,0,0,0,0,0,0,0,0,0,0,0,0,0,0,0,0,0,0,0,0,0,0,0,0,0,0,0,0,0,0,0,0,0,0,0,0,0,0,0,0,0,0,0,0,0,
1,8_4,10_51_22,2.7718,0,0,0,2.771837,,2.337,0.992,-1.001778,1.655421,18.50115,-2.669156E-08,0.0000,0.0000,0.0000,0.0000,0.0000,0.0000,0,0,,,,,,,0,0,0,0,0,0,0,0,0,0,0,0,0,0,0,0,0,0,0,0,0,0,0,0,0,0,0,0,0,0,0,0,0,0,0,0,0,0,0,0,0,0,0,0,0,0,0,0,0,0,0,
1,8_4,10_51_22,2.7781,0,0,0,2.7781,,2.337,0.992,-1.001778,1.68674,18.50115,0,0.0000,0.0000,0.0000,0.0000,0.0000,0.0000,0,0,,,,,,,0,0,0,0,0,0,0,0,0,0,0,0,0,0,0,0,0,0,0,0,0,0,0,0,0,0,0,0,0,0,0,0,0,0,0,0,0,0,0,0,0,0,0,0,0,0,0,0,0,0,0,
1,8_4,10_51_22,2.7818,0,0,0,2.781847,,2.337,0.992,-1.001778,1.724202,18.50115,-2.669251E-08,0.0000,0.0000,0.0000,0.0000,0.0000,0.0000,0,0,,,,,,,0,0,0,0,0,0,0,0,0,0,0,0,0,0,0,0,0,0,0,0,0,0,0,0,0,0,0,0,0,0,0,0,0,0,0,0,0,0,0,0,0,0,0,0,0,0,0,0,0,0,0,
1,8_4,10_51_22,2.7858,0,0,0,2.785784,,2.337,0.992,-1.001778,1.802944,18.48147,0,0.0000,0.0000,0.0000,0.0000,0.0000,0.0000,0,0,,,,,,,0,0,0,0,0,0,0,0,0,0,0,0,0,0,0,0,0,0,0,0,0,0,0,0,0,0,0,0,0,0,0,0,0,0,0,0,0,0,0,0,0,0,0,0,0,0,0,0,0,0,0,
1,8_4,10_51_22,2.7897,0,0,0,2.78966,,2.337,0.992,-1.001778,1.938614,18.48147,0,0.0000,0.0000,0.0000,0.0000,0.0000,0.0000,0,0,,,,,,,0,0,0,0,0,0,0,0,0,0,0,0,0,0,0,0,0,0,0,0,0,0,0,0,0,0,0,0,0,0,0,0,0,0,0,0,0,0,0,0,0,0,0,0,0,0,0,0,0,0,0,
1,8_4,10_51_22,2.7942,0,0,0,2.794195,,2.337,0.992,-1.001778,2.256057,18.41344,-2.670112E-08,0.0000,0.0000,0.0000,0.0000,0.0000,0.0000,0,0,,,,,,,0,0,0,0,0,0,0,0,0,0,0,0,0,0,0,0,0,0,0,0,0,0,0,0,0,0,0,0,0,0,0,0,0,0,0,0,0,0,0,0,0,0,0,0,0,0,0,0,0,0,0,
1,8_4,10_51_22,2.8007,0,0,0,2.800701,,2.337,0.992,-1.001778,2.84158,18.31586,0,0.0000,0.0000,0.0000,0.0000,0.0000,0.0000,0,0,,,,,,,0,0,0,0,0,0,0,0,0,0,0,0,0,0,0,0,0,0,0,0,0,0,0,0,0,0,0,0,0,0,0,0,0,0,0,0,0,0,0,0,0,0,0,0,0,0,0,0,0,0,0,
1,8_4,10_51_22,2.8078,0,0,0,2.807753,,2.337,0.992,-1.001778,3.687855,18.24533,-5.347158E-08,0.0000,0.0000,0.0000,0.0000,0.0000,0.0000,0,0,,,,,,,0,0,0,0,0,0,0,0,0,0,0,0,0,0,0,0,0,0,0,0,0,0,0,0,0,0,0,0,0,0,0,0,0,0,0,0,0,0,0,0,0,0,0,0,0,0,0,0,0,0,0,
1,8_4,10_51_22,2.8136,0,0,0,2.813621,,2.337,0.992,-1.001778,4.392015,18.18665,0,0.0000,0.0000,0.0000,0.0000,0.0000,0.0000,0,0,,,,,,,0,0,0,0,0,0,0,0,0,0,0,0,0,0,0,0,0,0,0,0,0,0,0,0,0,0,0,0,0,0,0,0,0,0,0,0,0,0,0,0,0,0,0,0,0,0,0,0,0,0,0,
1,8_4,10_51_22,2.8203,0,0,0,2.820305,,2.337,0.992,-1.001778,5.127255,18.11982,1.071504E-07,0.0000,0.0000,0.0000,0.0000,0.0000,0.0000,0,0,,,,,,,0,0,0,0,0,0,0,0,0,0,0,0,0,0,0,0,0,0,0,0,0,0,0,0,0,0,0,0,0,0,0,0,0,0,0,0,0,0,0,0,0,0,0,0,0,0,0,0,0,0,0,
1,8_4,10_51_22,2.8260,0,0,0,2.826004,,2.337,0.992,-1.001778,5.754101,18.06283,5.363109E-08,0.0000,0.0000,0.0000,0.0000,0.0000,0.0000,0,0,,,,,,,0,0,0,0,0,0,0,0,0,0,0,0,0,0,0,0,0,0,0,0,0,0,0,0,0,0,0,0,0,0,0,0,0,0,0,0,0,0,0,0,0,0,0,0,0,0,0,0,0,0,0,
1,8_4,10_51_22,2.8324,0,0,0,2.832431,,2.337,0.992,-1.001778,6.653953,18.03069,1.074454E-07,0.0000,0.0000,0.0000,0.0000,0.0000,0.0000,0,0,,,,,,,0,0,0,0,0,0,0,0,0,0,0,0,0,0,0,0,0,0,0,0,0,0,0,0,0,0,0,0,0,0,0,0,0,0,0,0,0,0,0,0,0,0,0,0,0,0,0,0,0,0,0,
1,8_4,10_51_22,2.8391,0,0,0,2.839074,,2.337,0.992,-1.001778,7.484303,17.99748,2.152775E-07,0.0000,0.0000,0.0000,0.0000,0.0000,0.0000,0,0,,,,,,,0,0,0,0,0,0,0,0,0,0,0,0,0,0,0,0,0,0,0,0,0,0,0,0,0,0,0,0,0,0,0,0,0,0,0,0,0,0,0,0,0,0,0,0,0,0,0,0,0,0,0,
1,8_4,10_51_22,2.8428,0,0,0,2.842806,,2.337,0.992,-1.001778,7.801488,17.99748,-1.077187E-07,0.0000,0.0000,0.0000,0.0000,0.0000,0.0000,0,0,,,,,,,0,0,0,0,0,0,0,0,0,0,0,0,0,0,0,0,0,0,0,0,0,0,0,0,0,0,0,0,0,0,0,0,0,0,0,0,0,0,0,0,0,0,0,0,0,0,0,0,0,0,0,
1,8_4,10_51_22,2.8488,0,0,0,2.848787,,2.337,0.992,-1.001778,7.801488,17.99748,-1.077187E-07,0.0000,0.0000,0.0000,0.0000,0.0000,0.0000,0,0,,,,,,,0,0,0,0,0,0,0,0,0,0,0,0,0,0,0,0,0,0,0,0,0,0,0,0,0,0,0,0,0,0,0,0,0,0,0,0,0,0,0,0,0,0,0,0,0,0,0,0,0,0,0,
1,8_4,10_51_22,2.8538,0,0,0,2.853757,,2.337,0.992,-1.001778,8.845081,17.97263,-1.080061E-07,0.0000,0.0000,0.0000,0.0000,0.0000,0.0000,0,0,,,,,,,0,0,0,0,0,0,0,0,0,0,0,0,0,0,0,0,0,0,0,0,0,0,0,0,0,0,0,0,0,0,0,0,0,0,0,0,0,0,0,0,0,0,0,0,0,0,0,0,0,0,0,
1,8_4,10_51_22,2.8607,0,0,0,2.860744,,2.337,0.992,-1.001778,9.718408,17.9377,2.165511E-07,0.0000,0.0000,0.0000,0.0000,0.0000,0.0000,0,0,,,,,,,0,0,0,0,0,0,0,0,0,0,0,0,0,0,0,0,0,0,0,0,0,0,0,0,0,0,0,0,0,0,0,0,0,0,0,0,0,0,0,0,0,0,0,0,0,0,0,0,0,0,0,
1,8_4,10_51_22,2.8676,0,0,0,2.867609,,2.337,0.992,-1.001778,10.50794,17.83471,-1.08542E-07,0.0000,0.0000,0.0000,0.0000,0.0000,0.0000,0,0,,,,,,,0,0,0,0,0,0,0,0,0,0,0,0,0,0,0,0,0,0,0,0,0,0,0,0,0,0,0,0,0,0,0,0,0,0,0,0,0,0,0,0,0,0,0,0,0,0,0,0,0,0,0,
1,8_4,10_51_22,2.8736,0,0,0,2.873616,,2.337,0.992,-1.001778,11.01852,17.80468,0,0.0000,0.0000,0.0000,0.0000,0.0000,0.0000,0,0,,,,,,,0,0,0,0,0,0,0,0,0,0,0,0,0,0,0,0,0,0,0,0,0,0,0,0,0,0,0,0,0,0,0,0,0,0,0,0,0,0,0,0,0,0,0,0,0,0,0,0,0,0,0,
1,8_4,10_51_22,2.8801,0,0,0,2.88007,,2.337,0.992,-1.001778,11.56711,17.77241,0,0.0000,0.0000,0.0000,0.0000,0.0000,0.0000,0,0,,,,,,,0,0,0,0,0,0,0,0,0,0,0,0,0,0,0,0,0,0,0,0,0,0,0,0,0,0,0,0,0,0,0,0,0,0,0,0,0,0,0,0,0,0,0,0,0,0,0,0,0,0,0,
1,8_4,10_51_22,2.8846,0,0,0,2.88464,,2.337,0.992,-1.001778,11.86413,17.77241,-2.181025E-07,0.0000,0.0000,0.0000,0.0000,0.0000,0.0000,0,0,,,,,,,0,0,0,0,0,0,0,0,0,0,0,0,0,0,0,0,0,0,0,0,0,0,0,0,0,0,0,0,0,0,0,0,0,0,0,0,0,0,0,0,0,0,0,0,0,0,0,0,0,0,0,
1,8_4,10_51_22,2.8907,0,0,0,2.890661,,2.337,0.992,-1.001778,12.25552,17.7423,0,0.0000,0.0000,0.0000,0.0000,0.0000,0.0000,0,0,,,,,,,0,0,0,0,0,0,0,0,0,0,0,0,0,0,0,0,0,0,0,0,0,0,0,0,0,0,0,0,0,0,0,0,0,0,0,0,0,0,0,0,0,0,0,0,0,0,0,0,0,0,0,
1,8_4,10_51_22,2.8948,0,0,0,2.894803,,2.337,0.992,-1.001778,12.4212,17.7216,0,0.0000,0.0000,0.0000,0.0000,0.0000,0.0000,0,0,,,,,,,0,0,0,0,0,0,0,0,0,0,0,0,0,0,0,0,0,0,0,0,0,0,0,0,0,0,0,0,0,0,0,0,0,0,0,0,0,0,0,0,0,0,0,0,0,0,0,0,0,0,0,
1,8_4,10_51_22,2.9010,0,0,0,2.90098,,2.337,0.992,-1.001778,12.76094,17.69071,0,0.0000,0.0000,0.0000,0.0000,0.0000,0.0000,0,0,,,,,,,0,0,0,0,0,0,0,0,0,0,0,0,0,0,0,0,0,0,0,0,0,0,0,0,0,0,0,0,0,0,0,0,0,0,0,0,0,0,0,0,0,0,0,0,0,0,0,0,0,0,0,
1,8_4,10_51_22,2.9069,0,0,0,2.906899,,2.337,0.992,-1.001778,12.99772,17.66111,0,0.0000,0.0000,0.0000,0.0000,0.0000,0.0000,0,0,,,,,,,0,0,0,0,0,0,0,0,0,0,0,0,0,0,0,0,0,0,0,0,0,0,0,0,0,0,0,0,0,0,0,0,0,0,0,0,0,0,0,0,0,0,0,0,0,0,0,0,0,0,0,
1,8_4,10_51_22,2.9106,0,0,0,2.91063,,2.337,0.992,-1.001778,13.05367,17.66111,-2.191053E-07,0.0000,0.0000,0.0000,0.0000,0.0000,0.0000,0,0,,,,,,,0,0,0,0,0,0,0,0,0,0,0,0,0,0,0,0,0,0,0,0,0,0,0,0,0,0,0,0,0,0,0,0,0,0,0,0,0,0,0,0,0,0,0,0,0,0,0,0,0,0,0,
1,8_4,10_51_22,2.9148,0,0,0,2.914794,,2.337,0.992,-1.001778,13.0745,17.66111,-2.191238E-07,0.0000,0.0000,0.0000,0.0000,0.0000,0.0000,0,0,,,,,,,0,0,0,0,0,0,0,0,0,0,0,0,0,0,0,0,0,0,0,0,0,0,0,0,0,0,0,0,0,0,0,0,0,0,0,0,0,0,0,0,0,0,0,0,0,0,0,0,0,0,0,
1,8_4,10_51_22,2.9182,0,0,0,2.918192,,2.337,0.992,-1.001778,13.0745,17.66111,-2.191238E-07,0.0000,0.0000,0.0000,0.0000,0.0000,0.0000,0,0,,,,,,,0,0,0,0,0,0,0,0,0,0,0,0,0,0,0,0,0,0,0,0,0,0,0,0,0,0,0,0,0,0,0,0,0,0,0,0,0,0,0,0,0,0,0,0,0,0,0,0,0,0,0,
1,8_4,10_51_22,2.9215,0,0,0,2.92147,,2.337,0.992,-1.001778,13.0745,17.66111,-2.191238E-07,0.0000,0.0000,0.0000,0.0000,0.0000,0.0000,0,0,,,,,,,0,0,0,0,0,0,0,0,0,0,0,0,0,0,0,0,0,0,0,0,0,0,0,0,0,0,0,0,0,0,0,0,0,0,0,0,0,0,0,0,0,0,0,0,0,0,0,0,0,0,0,
1,8_4,10_51_22,2.9248,0,0,0,2.924819,,2.337,0.992,-1.001778,13.0745,17.66111,-2.191238E-07,0.0000,0.0000,0.0000,0.0000,0.0000,0.0000,0,0,,,,,,,0,0,0,0,0,0,0,0,0,0,0,0,0,0,0,0,0,0,0,0,0,0,0,0,0,0,0,0,0,0,0,0,0,0,0,0,0,0,0,0,0,0,0,0,0,0,0,0,0,0,0,
1,8_4,10_51_22,2.9280,0,0,0,2.928012,,2.337,0.992,-1.001778,13.0745,17.66111,-2.191238E-07,0.0000,0.0000,0.0000,0.0000,0.0000,0.0000,0,0,,,,,,,0,0,0,0,0,0,0,0,0,0,0,0,0,0,0,0,0,0,0,0,0,0,0,0,0,0,0,0,0,0,0,0,0,0,0,0,0,0,0,0,0,0,0,0,0,0,0,0,0,0,0,
1,8_4,10_51_22,2.9312,0,0,0,2.931225,,2.337,0.992,-1.001778,13.0745,17.66111,-2.191238E-07,0.0000,0.0000,0.0000,0.0000,0.0000,0.0000,0,0,,,,,,,0,0,0,0,0,0,0,0,0,0,0,0,0,0,0,0,0,0,0,0,0,0,0,0,0,0,0,0,0,0,0,0,0,0,0,0,0,0,0,0,0,0,0,0,0,0,0,0,0,0,0,
1,8_4,10_51_22,2.9345,0,0,0,2.934464,,2.337,0.992,-1.001778,13.0745,17.66111,-2.191238E-07,0.0000,0.0000,0.0000,0.0000,0.0000,0.0000,0,0,,,,,,,0,0,0,0,0,0,0,0,0,0,0,0,0,0,0,0,0,0,0,0,0,0,0,0,0,0,0,0,0,0,0,0,0,0,0,0,0,0,0,0,0,0,0,0,0,0,0,0,0,0,0,
1,8_4,10_51_22,2.9379,0,0,0,2.937935,,2.337,0.992,-1.001778,13.0745,17.66111,-2.191238E-07,0.0000,0.0000,0.0000,0.0000,0.0000,0.0000,0,0,,,,,,,0,0,0,0,0,0,0,0,0,0,0,0,0,0,0,0,0,0,0,0,0,0,0,0,0,0,0,0,0,0,0,0,0,0,0,0,0,0,0,0,0,0,0,0,0,0,0,0,0,0,0,
1,8_4,10_51_22,2.9413,0,0,0,2.941297,,2.337,0.992,-1.001778,13.0745,17.66111,-2.191238E-07,0.0000,0.0000,0.0000,0.0000,0.0000,0.0000,0,0,,,,,,,0,0,0,0,0,0,0,0,0,0,0,0,0,0,0,0,0,0,0,0,0,0,0,0,0,0,0,0,0,0,0,0,0,0,0,0,0,0,0,0,0,0,0,0,0,0,0,0,0,0,0,
1,8_4,10_51_22,2.9446,0,0,0,2.944569,,2.337,0.992,-1.001778,13.0745,17.66111,-2.191238E-07,0.0000,0.0000,0.0000,0.0000,0.0000,0.0000,0,0,,,,,,,0,0,0,0,0,0,0,0,0,0,0,0,0,0,0,0,0,0,0,0,0,0,0,0,0,0,0,0,0,0,0,0,0,0,0,0,0,0,0,0,0,0,0,0,0,0,0,0,0,0,0,
1,8_4,10_51_22,2.9479,0,0,0,2.9479,,2.337,0.992,-1.001778,13.05785,17.67776,0,0.0000,0.0000,0.0000,0.0000,0.0000,0.0000,0,0,,,,,,,0,0,0,0,0,0,0,0,0,0,0,0,0,0,0,0,0,0,0,0,0,0,0,0,0,0,0,0,0,0,0,0,0,0,0,0,0,0,0,0,0,0,0,0,0,0,0,0,0,0,0,
1,8_4,10_51_22,2.9520,0,0,0,2.951977,,2.337,0.992,-1.001778,12.9559,17.71854,-2.19019E-07,0.0000,0.0000,0.0000,0.0000,0.0000,0.0000,0,0,,,,,,,0,0,0,0,0,0,0,0,0,0,0,0,0,0,0,0,0,0,0,0,0,0,0,0,0,0,0,0,0,0,0,0,0,0,0,0,0,0,0,0,0,0,0,0,0,0,0,0,0,0,0,
1,8_4,10_51_22,2.9557,0,0,0,2.955699,,2.337,0.992,-1.001778,12.88146,17.77436,0,0.0000,0.0000,0.0000,0.0000,0.0000,0.0000,0,0,,,,,,,0,0,0,0,0,0,0,0,0,0,0,0,0,0,0,0,0,0,0,0,0,0,0,0,0,0,0,0,0,0,0,0,0,0,0,0,0,0,0,0,0,0,0,0,0,0,0,0,0,0,0,
1,8_4,10_51_22,2.9594,0,0,0,2.959438,,2.337,0.992,-1.001778,12.73192,17.84914,0,0.0000,0.0000,0.0000,0.0000,0.0000,0.0000,0,0,,,,,,,0,0,0,0,0,0,0,0,0,0,0,0,0,0,0,0,0,0,0,0,0,0,0,0,0,0,0,0,0,0,0,0,0,0,0,0,0,0,0,0,0,0,0,0,0,0,0,0,0,0,0,
1,8_4,10_51_22,2.9637,0,0,0,2.963681,,2.337,0.992,-1.001778,12.56219,17.91279,0,0.0000,0.0000,0.0000,0.0000,0.0000,0.0000,0,0,,,,,,,0,0,0,0,0,0,0,0,0,0,0,0,0,0,0,0,0,0,0,0,0,0,0,0,0,0,0,0,0,0,0,0,0,0,0,0,0,0,0,0,0,0,0,0,0,0,0,0,0,0,0,
1,8_4,10_51_22,2.9697,0,0,0,2.969677,,2.337,0.992,-1.001778,12.14246,18.09267,0,0.0000,0.0000,0.0000,0.0000,0.0000,0.0000,0,0,,,,,,,0,0,0,0,0,0,0,0,0,0,0,0,0,0,0,0,0,0,0,0,0,0,0,0,0,0,0,0,0,0,0,0,0,0,0,0,0,0,0,0,0,0,0,0,0,0,0,0,0,0,0,
1,8_4,10_51_22,2.9735,0,0,0,2.973457,,2.337,0.992,-1.001778,11.93458,18.13047,0,0.0000,0.0000,0.0000,0.0000,0.0000,0.0000,0,0,,,,,,,0,0,0,0,0,0,0,0,0,0,0,0,0,0,0,0,0,0,0,0,0,0,0,0,0,0,0,0,0,0,0,0,0,0,0,0,0,0,0,0,0,0,0,0,0,0,0,0,0,0,0,
1,8_4,10_51_22,2.9795,0,0,0,2.97947,,2.337,0.992,-1.001778,11.42343,18.34094,-1.088786E-07,0.0000,0.0000,0.0000,0.0000,0.0000,0.0000,0,0,,,,,,,0,0,0,0,0,0,0,0,0,0,0,0,0,0,0,0,0,0,0,0,0,0,0,0,0,0,0,0,0,0,0,0,0,0,0,0,0,0,0,0,0,0,0,0,0,0,0,0,0,0,0,
1,8_4,10_51_22,2.9855,0,0,0,2.985516,,2.337,0.992,-1.001778,10.93979,18.43162,1.08697E-07,0.0000,0.0000,0.0000,0.0000,0.0000,0.0000,0,0,,,,,,,0,0,0,0,0,0,0,0,0,0,0,0,0,0,0,0,0,0,0,0,0,0,0,0,0,0,0,0,0,0,0,0,0,0,0,0,0,0,0,0,0,0,0,0,0,0,0,0,0,0,0,
1,8_4,10_51_22,2.9915,0,0,0,2.991494,,2.337,0.992,-1.001778,10.31208,18.49141,1.084738E-07,0.0000,0.0000,0.0000,0.0000,0.0000,0.0000,0,0,,,,,,,0,0,0,0,0,0,0,0,0,0,0,0,0,0,0,0,0,0,0,0,0,0,0,0,0,0,0,0,0,0,0,0,0,0,0,0,0,0,0,0,0,0,0,0,0,0,0,0,0,0,0,
1,8_4,10_51_22,2.9957,0,0,0,2.995699,,2.337,0.992,-1.001778,10.05974,18.53346,1.08388E-07,0.0000,0.0000,0.0000,0.0000,0.0000,0.0000,0,0,,,,,,,0,0,0,0,0,0,0,0,0,0,0,0,0,0,0,0,0,0,0,0,0,0,0,0,0,0,0,0,0,0,0,0,0,0,0,0,0,0,0,0,0,0,0,0,0,0,0,0,0,0,0,
1,8_4,10_51_22,3.0019,0,0,0,3.001856,,2.337,0.992,-1.001778,9.444052,18.62581,0,0.0000,0.0000,0.0000,0.0000,0.0000,0.0000,0,0,,,,,,,0,0,0,0,0,0,0,0,0,0,0,0,0,0,0,0,0,0,0,0,0,0,0,0,0,0,0,0,0,0,0,0,0,0,0,0,0,0,0,0,0,0,0,0,0,0,0,0,0,0,0,
1,8_4,10_51_22,3.0099,0,0,0,3.00992,,2.337,0.992,-1.001778,8.395746,18.66613,0,0.0000,0.0000,0.0000,0.0000,0.0000,0.0000,0,0,,,,,,,0,0,0,0,0,0,0,0,0,0,0,0,0,0,0,0,0,0,0,0,0,0,0,0,0,0,0,0,0,0,0,0,0,0,0,0,0,0,0,0,0,0,0,0,0,0,0,0,0,0,0,
1,8_4,10_51_22,3.0167,0,0,0,3.016696,,2.337,0.992,-1.001778,7.616493,18.73389,0,0.0000,0.0000,0.0000,0.0000,0.0000,0.0000,0,0,,,,,,,0,0,0,0,0,0,0,0,0,0,0,0,0,0,0,0,0,0,0,0,0,0,0,0,0,0,0,0,0,0,0,0,0,0,0,0,0,0,0,0,0,0,0,0,0,0,0,0,0,0,0,
1,8_4,10_51_22,3.0237,0,0,0,3.023671,,2.337,0.992,-1.001778,6.779494,18.73389,-1.074732E-07,0.0000,0.0000,0.0000,0.0000,0.0000,0.0000,0,0,,,,,,,0,0,0,0,0,0,0,0,0,0,0,0,0,0,0,0,0,0,0,0,0,0,0,0,0,0,0,0,0,0,0,0,0,0,0,0,0,0,0,0,0,0,0,0,0,0,0,0,0,0,0,
1,8_4,10_51_22,3.0312,0,0,0,3.031157,,2.337,0.992,-1.001778,5.881186,18.80875,0,0.0000,0.0000,0.0000,0.0000,0.0000,0.0000,0,0,,,,,,,0,0,0,0,0,0,0,0,0,0,0,0,0,0,0,0,0,0,0,0,0,0,0,0,0,0,0,0,0,0,0,0,0,0,0,0,0,0,0,0,0,0,0,0,0,0,0,0,0,0,0,
1,8_4,10_51_22,3.0377,0,0,0,3.037669,,2.337,0.992,-1.001778,5.262547,18.87387,5.358673E-08,0.0000,0.0000,0.0000,0.0000,0.0000,0.0000,0,0,,,,,,,0,0,0,0,0,0,0,0,0,0,0,0,0,0,0,0,0,0,0,0,0,0,0,0,0,0,0,0,0,0,0,0,0,0,0,0,0,0,0,0,0,0,0,0,0,0,0,0,0,0,0,
1,8_4,10_51_22,3.0437,0,0,0,3.043732,,2.337,0.992,-1.001778,4.716939,18.90418,0,0.0000,0.0000,0.0000,0.0000,0.0000,0.0000,0,0,,,,,,,0,0,0,0,0,0,0,0,0,0,0,0,0,0,0,0,0,0,0,0,0,0,0,0,0,0,0,0,0,0,0,0,0,0,0,0,0,0,0,0,0,0,0,0,0,0,0,0,0,0,0,
1,8_4,10_51_22,3.0506,0,0,0,3.050646,,2.337,0.992,-1.001778,3.990938,18.97333,0,0.0000,0.0000,0.0000,0.0000,0.0000,0.0000,0,0,,,,,,,0,0,0,0,0,0,0,0,0,0,0,0,0,0,0,0,0,0,0,0,0,0,0,0,0,0,0,0,0,0,0,0,0,0,0,0,0,0,0,0,0,0,0,0,0,0,0,0,0,0,0,
1,8_4,10_51_22,3.0567,0,0,0,3.056679,,2.337,0.992,-1.001778,3.56862,18.97333,0,0.0000,0.0000,0.0000,0.0000,0.0000,0.0000,0,0,,,,,,,0,0,0,0,0,0,0,0,0,0,0,0,0,0,0,0,0,0,0,0,0,0,0,0,0,0,0,0,0,0,0,0,0,0,0,0,0,0,0,0,0,0,0,0,0,0,0,0,0,0,0,
1,8_4,10_51_22,3.0632,0,0,0,3.063212,,2.337,0.992,-1.001778,3.078668,18.97333,5.343798E-08,0.0000,0.0000,0.0000,0.0000,0.0000,0.0000,0,0,,,,,,,0,0,0,0,0,0,0,0,0,0,0,0,0,0,0,0,0,0,0,0,0,0,0,0,0,0,0,0,0,0,0,0,0,0,0,0,0,0,0,0,0,0,0,0,0,0,0,0,0,0,0,
1,8_4,10_51_22,3.0702,0,0,0,3.070217,,2.337,0.992,-1.001778,2.658326,18.90327,0,0.0000,0.0000,0.0000,0.0000,0.0000,0.0000,0,0,,,,,,,0,0,0,0,0,0,0,0,0,0,0,0,0,0,0,0,0,0,0,0,0,0,0,0,0,0,0,0,0,0,0,0,0,0,0,0,0,0,0,0,0,0,0,0,0,0,0,0,0,0,0,
1,8_4,10_51_22,3.0747,0,0,0,3.07473,,2.337,0.992,-1.001778,2.522933,18.83558,0,0.0000,0.0000,0.0000,0.0000,0.0000,0.0000,0,0,,,,,,,0,0,0,0,0,0,0,0,0,0,0,0,0,0,0,0,0,0,0,0,0,0,0,0,0,0,0,0,0,0,0,0,0,0,0,0,0,0,0,0,0,0,0,0,0,0,0,0,0,0,0,
1,8_4,10_51_22,3.0811,0,0,0,3.081115,,2.337,0.992,-1.001778,2.299486,18.77173,0,0.0000,0.0000,0.0000,0.0000,0.0000,0.0000,0,0,,,,,,,0,0,0,0,0,0,0,0,0,0,0,0,0,0,0,0,0,0,0,0,0,0,0,0,0,0,0,0,0,0,0,0,0,0,0,0,0,0,0,0,0,0,0,0,0,0,0,0,0,0,0,
1,8_4,10_51_22,3.0876,0,0,0,3.087637,,2.337,0.992,-1.001778,2.071206,18.64129,2.669787E-08,0.0000,0.0000,0.0000,0.0000,0.0000,0.0000,0,0,,,,,,,0,0,0,0,0,0,0,0,0,0,0,0,0,0,0,0,0,0,0,0,0,0,0,0,0,0,0,0,0,0,0,0,0,0,0,0,0,0,0,0,0,0,0,0,0,0,0,0,0,0,0,
1,8_4,10_51_22,3.0915,0,0,0,3.091454,,2.337,0.992,-1.001778,1.994871,18.56495,-2.669661E-08,0.0000,0.0000,0.0000,0.0000,0.0000,0.0000,0,0,,,,,,,0,0,0,0,0,0,0,0,0,0,0,0,0,0,0,0,0,0,0,0,0,0,0,0,0,0,0,0,0,0,0,0,0,0,0,0,0,0,0,0,0,0,0,0,0,0,0,0,0,0,0,
1,8_4,10_51_22,3.0951,0,0,0,3.095116,,2.337,0.992,-1.001778,1.958246,18.51002,0,0.0000,0.0000,0.0000,0.0000,0.0000,0.0000,0,0,,,,,,,0,0,0,0,0,0,0,0,0,0,0,0,0,0,0,0,0,0,0,0,0,0,0,0,0,0,0,0,0,0,0,0,0,0,0,0,0,0,0,0,0,0,0,0,0,0,0,0,0,0,0,
1,8_4,10_51_22,3.0987,0,0,0,3.098713,,2.337,0.992,-1.001778,1.922277,18.45606,2.669545E-08,0.0000,0.0000,0.0000,0.0000,0.0000,0.0000,0,0,,,,,,,0,0,0,0,0,0,0,0,0,0,0,0,0,0,0,0,0,0,0,0,0,0,0,0,0,0,0,0,0,0,0,0,0,0,0,0,0,0,0,0,0,0,0,0,0,0,0,0,0,0,0,
1,8_4,10_51_22,3.1024,0,0,0,3.102443,,2.337,0.992,-1.001778,1.884979,18.40011,0,0.0000,0.0000,0.0000,0.0000,0.0000,0.0000,0,0,,,,,,,0,0,0,0,0,0,0,0,0,0,0,0,0,0,0,0,0,0,0,0,0,0,0,0,0,0,0,0,0,0,0,0,0,0,0,0,0,0,0,0,0,0,0,0,0,0,0,0,0,0,0,
1,8_4,10_51_22,3.1059,0,0,0,3.105933,,2.337,0.992,-1.001778,1.867526,18.38266,-2.66946E-08,0.0000,0.0000,0.0000,0.0000,0.0000,0.0000,0,0,,,,,,,0,0,0,0,0,0,0,0,0,0,0,0,0,0,0,0,0,0,0,0,0,0,0,0,0,0,0,0,0,0,0,0,0,0,0,0,0,0,0,0,0,0,0,0,0,0,0,0,0,0,0,
1,8_4,10_51_22,3.1108,0,0,0,3.110838,,2.337,0.992,-1.001778,1.843001,18.28456,0,0.0000,0.0000,0.0000,0.0000,0.0000,0.0000,0,0,,,,,,,0,0,0,0,0,0,0,0,0,0,0,0,0,0,0,0,0,0,0,0,0,0,0,0,0,0,0,0,0,0,0,0,0,0,0,0,0,0,0,0,0,0,0,0,0,0,0,0,0,0,0,
1,8_4,10_51_22,3.1147,0,0,0,3.114654,,2.337,0.992,-1.001778,1.804846,18.24641,0,0.0000,0.0000,0.0000,0.0000,0.0000,0.0000,0,0,,,,,,,0,0,0,0,0,0,0,0,0,0,0,0,0,0,0,0,0,0,0,0,0,0,0,0,0,0,0,0,0,0,0,0,0,0,0,0,0,0,0,0,0,0,0,0,0,0,0,0,0,0,0,
1,8_4,10_51_22,3.1184,0,0,0,3.118441,,2.337,0.992,-1.001778,1.804846,18.15172,2.669367E-08,0.0000,0.0000,0.0000,0.0000,0.0000,0.0000,0,0,,,,,,,0,0,0,0,0,0,0,0,0,0,0,0,0,0,0,0,0,0,0,0,0,0,0,0,0,0,0,0,0,0,0,0,0,0,0,0,0,0,0,0,0,0,0,0,0,0,0,0,0,0,0,
1,8_4,10_51_22,3.1226,0,0,0,3.12255,,2.337,0.992,-1.001778,1.784301,18.06954,-2.669337E-08,0.0000,0.0000,0.0000,0.0000,0.0000,0.0000,0,0,,,,,,,0,0,0,0,0,0,0,0,0,0,0,0,0,0,0,0,0,0,0,0,0,0,0,0,0,0,0,0,0,0,0,0,0,0,0,0,0,0,0,0,0,0,0,0,0,0,0,0,0,0,0,
1,8_4,10_51_22,3.1265,0,0,0,3.126451,,2.337,0.992,-1.001778,1.784301,17.99152,0,0.0000,0.0000,0.0000,0.0000,0.0000,0.0000,0,0,,,,,,,0,0,0,0,0,0,0,0,0,0,0,0,0,0,0,0,0,0,0,0,0,0,0,0,0,0,0,0,0,0,0,0,0,0,0,0,0,0,0,0,0,0,0,0,0,0,0,0,0,0,0,
1,8_4,10_51_22,3.1305,0,0,0,3.130474,,2.337,0.992,-1.001778,1.784301,17.91106,0,0.0000,0.0000,0.0000,0.0000,0.0000,0.0000,0,0,,,,,,,0,0,0,0,0,0,0,0,0,0,0,0,0,0,0,0,0,0,0,0,0,0,0,0,0,0,0,0,0,0,0,0,0,0,0,0,0,0,0,0,0,0,0,0,0,0,0,0,0,0,0,
1,8_4,10_51_22,3.1341,0,0,0,3.134084,,2.337,0.992,-1.001778,1.784301,17.91106,0,0.0000,0.0000,0.0000,0.0000,0.0000,0.0000,0,0,,,,,,,0,0,0,0,0,0,0,0,0,0,0,0,0,0,0,0,0,0,0,0,0,0,0,0,0,0,0,0,0,0,0,0,0,0,0,0,0,0,0,0,0,0,0,0,0,0,0,0,0,0,0,
1,8_4,10_51_22,3.1378,0,0,0,3.137783,,2.337,0.992,-1.001778,1.784301,17.76309,2.669337E-08,0.0000,0.0000,0.0000,0.0000,0.0000,0.0000,0,0,,,,,,,0,0,0,0,0,0,0,0,0,0,0,0,0,0,0,0,0,0,0,0,0,0,0,0,0,0,0,0,0,0,0,0,0,0,0,0,0,0,0,0,0,0,0,0,0,0,0,0,0,0,0,
1,8_4,10_51_22,3.1412,0,0,0,3.141174,,2.337,0.992,-1.001778,1.784301,17.76309,2.669337E-08,0.0000,0.0000,0.0000,0.0000,0.0000,0.0000,0,0,,,,,,,0,0,0,0,0,0,0,0,0,0,0,0,0,0,0,0,0,0,0,0,0,0,0,0,0,0,0,0,0,0,0,0,0,0,0,0,0,0,0,0,0,0,0,0,0,0,0,0,0,0,0,
1,8_4,10_51_22,3.1456,0,0,0,3.145554,,2.337,0.992,-1.001778,1.871903,17.50029,-2.669467E-08,0.0000,0.0000,0.0000,0.0000,0.0000,0.0000,0,0,,,,,,,0,0,0,0,0,0,0,0,0,0,0,0,0,0,0,0,0,0,0,0,0,0,0,0,0,0,0,0,0,0,0,0,0,0,0,0,0,0,0,0,0,0,0,0,0,0,0,0,0,0,0,
1,8_4,10_51_22,3.1497,0,0,0,3.149663,,2.337,0.992,-1.001778,1.954073,17.37703,-2.669595E-08,0.0000,0.0000,0.0000,0.0000,0.0000,0.0000,0,0,,,,,,,0,0,0,0,0,0,0,0,0,0,0,0,0,0,0,0,0,0,0,0,0,0,0,0,0,0,0,0,0,0,0,0,0,0,0,0,0,0,0,0,0,0,0,0,0,0,0,0,0,0,0,
1,8_4,10_51_22,3.1533,0,0,0,3.153258,,2.337,0.992,-1.001778,1.954073,17.37703,-2.669595E-08,0.0000,0.0000,0.0000,0.0000,0.0000,0.0000,0,0,,,,,,,0,0,0,0,0,0,0,0,0,0,0,0,0,0,0,0,0,0,0,0,0,0,0,0,0,0,0,0,0,0,0,0,0,0,0,0,0,0,0,0,0,0,0,0,0,0,0,0,0,0,0,
1,8_4,10_51_22,3.1569,0,0,0,3.156881,,2.337,0.992,-1.001778,2.062754,17.15967,0,0.0000,0.0000,0.0000,0.0000,0.0000,0.0000,0,0,,,,,,,0,0,0,0,0,0,0,0,0,0,0,0,0,0,0,0,0,0,0,0,0,0,0,0,0,0,0,0,0,0,0,0,0,0,0,0,0,0,0,0,0,0,0,0,0,0,0,0,0,0,0,
1,8_4,10_51_22,3.1603,0,0,0,3.160291,,2.337,0.992,-1.001778,2.062754,17.15967,0,0.0000,0.0000,0.0000,0.0000,0.0000,0.0000,0,0,,,,,,,0,0,0,0,0,0,0,0,0,0,0,0,0,0,0,0,0,0,0,0,0,0,0,0,0,0,0,0,0,0,0,0,0,0,0,0,0,0,0,0,0,0,0,0,0,0,0,0,0,0,0,
1,8_4,10_51_22,3.1646,0,0,0,3.164642,,2.337,0.992,-1.001778,2.302031,16.83339,0,0.0000,0.0000,0.0000,0.0000,0.0000,0.0000,0,0,,,,,,,0,0,0,0,0,0,0,0,0,0,0,0,0,0,0,0,0,0,0,0,0,0,0,0,0,0,0,0,0,0,0,0,0,0,0,0,0,0,0,0,0,0,0,0,0,0,0,0,0,0,0,
1,8_4,10_51_22,3.1687,0,0,0,3.16867,,2.337,0.992,-1.001778,2.443015,16.65212,2.670469E-08,0.0000,0.0000,0.0000,0.0000,0.0000,0.0000,0,0,,,,,,,0,0,0,0,0,0,0,0,0,0,0,0,0,0,0,0,0,0,0,0,0,0,0,0,0,0,0,0,0,0,0,0,0,0,0,0,0,0,0,0,0,0,0,0,0,0,0,0,0,0,0,
1,8_4,10_51_22,3.1756,0,0,0,3.175593,,2.337,0.992,-1.001778,2.9623,16.20207,2.671612E-08,0.0000,0.0000,0.0000,0.0000,0.0000,0.0000,0,0,,,,,,,0,0,0,0,0,0,0,0,0,0,0,0,0,0,0,0,0,0,0,0,0,0,0,0,0,0,0,0,0,0,0,0,0,0,0,0,0,0,0,0,0,0,0,0,0,0,0,0,0,0,0,
1,8_4,10_51_22,3.1796,0,0,0,3.179574,,2.337,0.992,-1.001778,3.161335,16.02294,-2.672109E-08,0.0000,0.0000,0.0000,0.0000,0.0000,0.0000,0,0,,,,,,,0,0,0,0,0,0,0,0,0,0,0,0,0,0,0,0,0,0,0,0,0,0,0,0,0,0,0,0,0,0,0,0,0,0,0,0,0,0,0,0,0,0,0,0,0,0,0,0,0,0,0,
1,8_4,10_51_22,3.1856,0,0,0,3.185595,,2.337,0.992,-1.001778,3.582762,15.66172,5.346535E-08,0.0000,0.0000,0.0000,0.0000,0.0000,0.0000,0,0,,,,,,,0,0,0,0,0,0,0,0,0,0,0,0,0,0,0,0,0,0,0,0,0,0,0,0,0,0,0,0,0,0,0,0,0,0,0,0,0,0,0,0,0,0,0,0,0,0,0,0,0,0,0,
1,8_4,10_51_22,3.1917,0,0,0,3.191693,,2.337,0.992,-1.001778,4.131654,15.32628,0,0.0000,0.0000,0.0000,0.0000,0.0000,0.0000,0,0,,,,,,,0,0,0,0,0,0,0,0,0,0,0,0,0,0,0,0,0,0,0,0,0,0,0,0,0,0,0,0,0,0,0,0,0,0,0,0,0,0,0,0,0,0,0,0,0,0,0,0,0,0,0,
1,8_4,10_51_22,3.1978,0,0,0,3.197839,,2.337,0.992,-1.001778,4.715486,15.04973,-5.354208E-08,0.0000,0.0000,0.0000,0.0000,0.0000,0.0000,0,0,,,,,,,0,0,0,0,0,0,0,0,0,0,0,0,0,0,0,0,0,0,0,0,0,0,0,0,0,0,0,0,0,0,0,0,0,0,0,0,0,0,0,0,0,0,0,0,0,0,0,0,0,0,0,
1,8_4,10_51_22,3.2037,0,0,0,3.203728,,2.337,0.992,-1.001778,5.274913,14.7553,0,0.0000,0.0000,0.0000,0.0000,0.0000,0.0000,0,0,,,,,,,0,0,0,0,0,0,0,0,0,0,0,0,0,0,0,0,0,0,0,0,0,0,0,0,0,0,0,0,0,0,0,0,0,0,0,0,0,0,0,0,0,0,0,0,0,0,0,0,0,0,0,
1,8_4,10_51_22,3.2106,0,0,0,3.210644,,2.337,0.992,-1.001778,6.104809,14.47866,5.366518E-08,0.0000,0.0000,0.0000,0.0000,0.0000,0.0000,0,0,,,,,,,0,0,0,0,0,0,0,0,0,0,0,0,0,0,0,0,0,0,0,0,0,0,0,0,0,0,0,0,0,0,0,0,0,0,0,0,0,0,0,0,0,0,0,0,0,0,0,0,0,0,0,
1,8_4,10_51_22,3.2172,0,0,0,3.217189,,2.337,0.992,-1.001778,6.104809,14.47866,5.366518E-08,0.0000,0.0000,0.0000,0.0000,0.0000,0.0000,0,0,,,,,,,0,0,0,0,0,0,0,0,0,0,0,0,0,0,0,0,0,0,0,0,0,0,0,0,0,0,0,0,0,0,0,0,0,0,0,0,0,0,0,0,0,0,0,0,0,0,0,0,0,0,0,
1,8_4,10_51_22,3.2216,0,0,0,3.221613,,2.337,0.992,-1.001778,6.945521,14.27955,0,0.0000,0.0000,0.0000,0.0000,0.0000,0.0000,0,0,,,,,,,0,0,0,0,0,0,0,0,0,0,0,0,0,0,0,0,0,0,0,0,0,0,0,0,0,0,0,0,0,0,0,0,0,0,0,0,0,0,0,0,0,0,0,0,0,0,0,0,0,0,0,
1,8_4,10_51_22,3.2278,0,0,0,3.227777,,2.337,0.992,-1.001778,7.561931,14.12545,1.07658E-07,0.0000,0.0000,0.0000,0.0000,0.0000,0.0000,0,0,,,,,,,0,0,0,0,0,0,0,0,0,0,0,0,0,0,0,0,0,0,0,0,0,0,0,0,0,0,0,0,0,0,0,0,0,0,0,0,0,0,0,0,0,0,0,0,0,0,0,0,0,0,0,
1,8_4,10_51_22,3.2349,0,0,0,3.234929,,2.337,0.992,-1.001778,8.455893,13.98241,0,0.0000,0.0000,0.0000,0.0000,0.0000,0.0000,0,0,,,,,,,0,0,0,0,0,0,0,0,0,0,0,0,0,0,0,0,0,0,0,0,0,0,0,0,0,0,0,0,0,0,0,0,0,0,0,0,0,0,0,0,0,0,0,0,0,0,0,0,0,0,0,
1,8_4,10_51_22,3.2408,0,0,0,3.240813,,2.337,0.992,-1.001778,9.014883,13.95299,1.080564E-07,0.0000,0.0000,0.0000,0.0000,0.0000,0.0000,0,0,,,,,,,0,0,0,0,0,0,0,0,0,0,0,0,0,0,0,0,0,0,0,0,0,0,0,0,0,0,0,0,0,0,0,0,0,0,0,0,0,0,0,0,0,0,0,0,0,0,0,0,0,0,0,
1,8_4,10_51_22,3.2471,0,0,0,3.247107,,2.337,0.992,-1.001778,9.644234,13.92152,-1.082516E-07,0.0000,0.0000,0.0000,0.0000,0.0000,0.0000,0,0,,,,,,,0,0,0,0,0,0,0,0,0,0,0,0,0,0,0,0,0,0,0,0,0,0,0,0,0,0,0,0,0,0,0,0,0,0,0,0,0,0,0,0,0,0,0,0,0,0,0,0,0,0,0,
1,8_4,10_51_22,3.2516,0,0,0,3.251643,,2.337,0.992,-1.001778,9.984472,13.89884,-1.083629E-07,0.0000,0.0000,0.0000,0.0000,0.0000,0.0000,0,0,,,,,,,0,0,0,0,0,0,0,0,0,0,0,0,0,0,0,0,0,0,0,0,0,0,0,0,0,0,0,0,0,0,0,0,0,0,0,0,0,0,0,0,0,0,0,0,0,0,0,0,0,0,0,
1,8_4,10_51_22,3.2586,0,0,0,3.258557,,2.337,0.992,-1.001778,10.64128,13.93341,-1.085891E-07,0.0000,0.0000,0.0000,0.0000,0.0000,0.0000,0,0,,,,,,,0,0,0,0,0,0,0,0,0,0,0,0,0,0,0,0,0,0,0,0,0,0,0,0,0,0,0,0,0,0,0,0,0,0,0,0,0,0,0,0,0,0,0,0,0,0,0,0,0,0,0,
1,8_4,10_51_22,3.2655,0,0,0,3.265545,,2.337,0.992,-1.001778,11.27023,14.00329,1.088202E-07,0.0000,0.0000,0.0000,0.0000,0.0000,0.0000,0,0,,,,,,,0,0,0,0,0,0,0,0,0,0,0,0,0,0,0,0,0,0,0,0,0,0,0,0,0,0,0,0,0,0,0,0,0,0,0,0,0,0,0,0,0,0,0,0,0,0,0,0,0,0,0,
1,8_4,10_51_22,3.2695,0,0,0,3.269521,,2.337,0.992,-1.001778,11.42926,14.02317,-1.088808E-07,0.0000,0.0000,0.0000,0.0000,0.0000,0.0000,0,0,,,,,,,0,0,0,0,0,0,0,0,0,0,0,0,0,0,0,0,0,0,0,0,0,0,0,0,0,0,0,0,0,0,0,0,0,0,0,0,0,0,0,0,0,0,0,0,0,0,0,0,0,0,0,
1,8_4,10_51_22,3.2761,0,0,0,3.276133,,2.337,0.992,-1.001778,11.92517,14.0893,1.090757E-07,0.0000,0.0000,0.0000,0.0000,0.0000,0.0000,0,0,,,,,,,0,0,0,0,0,0,0,0,0,0,0,0,0,0,0,0,0,0,0,0,0,0,0,0,0,0,0,0,0,0,0,0,0,0,0,0,0,0,0,0,0,0,0,0,0,0,0,0,0,0,0,
1,8_4,10_51_22,3.2830,0,0,0,3.282988,,2.337,0.992,-1.001778,12.30219,14.12357,-1.092299E-07,0.0000,0.0000,0.0000,0.0000,0.0000,0.0000,0,0,,,,,,,0,0,0,0,0,0,0,0,0,0,0,0,0,0,0,0,0,0,0,0,0,0,0,0,0,0,0,0,0,0,0,0,0,0,0,0,0,0,0,0,0,0,0,0,0,0,0,0,0,0,0,
1,8_4,10_51_22,3.2873,0,0,0,3.28729,,2.337,0.992,-1.001778,12.49576,14.14508,1.093111E-07,0.0000,0.0000,0.0000,0.0000,0.0000,0.0000,0,0,,,,,,,0,0,0,0,0,0,0,0,0,0,0,0,0,0,0,0,0,0,0,0,0,0,0,0,0,0,0,0,0,0,0,0,0,0,0,0,0,0,0,0,0,0,0,0,0,0,0,0,0,0,0,
1,8_4,10_51_22,3.2938,0,0,0,3.293789,,2.337,0.992,-1.001778,12.78823,14.14508,0,0.0000,0.0000,0.0000,0.0000,0.0000,0.0000,0,0,,,,,,,0,0,0,0,0,0,0,0,0,0,0,0,0,0,0,0,0,0,0,0,0,0,0,0,0,0,0,0,0,0,0,0,0,0,0,0,0,0,0,0,0,0,0,0,0,0,0,0,0,0,0,
1,8_4,10_51_22,3.2987,0,0,0,3.298652,,2.337,0.992,-1.001778,12.95844,14.14508,1.095106E-07,0.0000,0.0000,0.0000,0.0000,0.0000,0.0000,0,0,,,,,,,0,0,0,0,0,0,0,0,0,0,0,0,0,0,0,0,0,0,0,0,0,0,0,0,0,0,0,0,0,0,0,0,0,0,0,0,0,0,0,0,0,0,0,0,0,0,0,0,0,0,0,
1,8_4,10_51_22,3.3026,0,0,0,3.302618,,2.337,0.992,-1.001778,13.03776,14.10542,0,0.0000,0.0000,0.0000,0.0000,0.0000,0.0000,0,0,,,,,,,0,0,0,0,0,0,0,0,0,0,0,0,0,0,0,0,0,0,0,0,0,0,0,0,0,0,0,0,0,0,0,0,0,0,0,0,0,0,0,0,0,0,0,0,0,0,0,0,0,0,0,
1,8_4,10_51_22,3.3071,0,0,0,3.307069,,2.337,0.992,-1.001778,13.14902,14.03866,0,0.0000,0.0000,0.0000,0.0000,0.0000,0.0000,0,0,,,,,,,0,0,0,0,0,0,0,0,0,0,0,0,0,0,0,0,0,0,0,0,0,0,0,0,0,0,0,0,0,0,0,0,0,0,0,0,0,0,0,0,0,0,0,0,0,0,0,0,0,0,0,
1,8_4,10_51_22,3.3117,0,0,0,3.311743,,2.337,0.992,-1.001778,13.24251,13.9218,0,0.0000,0.0000,0.0000,0.0000,0.0000,0.0000,0,0,,,,,,,0,0,0,0,0,0,0,0,0,0,0,0,0,0,0,0,0,0,0,0,0,0,0,0,0,0,0,0,0,0,0,0,0,0,0,0,0,0,0,0,0,0,0,0,0,0,0,0,0,0,0,
1,8_4,10_51_22,3.3186,0,0,0,3.318584,,2.337,0.992,-1.001778,13.51616,13.61395,0,0.0000,0.0000,0.0000,0.0000,0.0000,0.0000,0,0,,,,,,,0,0,0,0,0,0,0,0,0,0,0,0,0,0,0,0,0,0,0,0,0,0,0,0,0,0,0,0,0,0,0,0,0,0,0,0,0,0,0,0,0,0,0,0,0,0,0,0,0,0,0,
1,8_4,10_51_22,3.3228,0,0,0,3.322811,,2.337,0.992,-1.001778,13.62182,13.46601,-1.098105E-07,0.0000,0.0000,0.0000,0.0000,0.0000,0.0000,0,0,,,,,,,0,0,0,0,0,0,0,0,0,0,0,0,0,0,0,0,0,0,0,0,0,0,0,0,0,0,0,0,0,0,0,0,0,0,0,0,0,0,0,0,0,0,0,0,0,0,0,0,0,0,0,
1,8_4,10_51_22,3.3296,0,0,0,3.32957,,2.337,0.992,-1.001778,13.8246,12.92528,0,0.0000,0.0000,0.0000,0.0000,0.0000,0.0000,0,0,,,,,,,0,0,0,0,0,0,0,0,0,0,0,0,0,0,0,0,0,0,0,0,0,0,0,0,0,0,0,0,0,0,0,0,0,0,0,0,0,0,0,0,0,0,0,0,0,0,0,0,0,0,0,
1,8_4,10_51_22,3.3337,0,0,0,3.333674,,2.337,0.992,-1.001778,13.92719,12.65854,0,0.0000,0.0000,0.0000,0.0000,0.0000,0.0000,0,0,,,,,,,0,0,0,0,0,0,0,0,0,0,0,0,0,0,0,0,0,0,0,0,0,0,0,0,0,0,0,0,0,0,0,0,0,0,0,0,0,0,0,0,0,0,0,0,0,0,0,0,0,0,0,
1,8_4,10_51_22,3.3375,0,0,0,3.33754,,2.337,0.992,-1.001778,14.00453,12.4072,1.09991E-07,0.0000,0.0000,0.0000,0.0000,0.0000,0.0000,0,0,,,,,,,0,0,0,0,0,0,0,0,0,0,0,0,0,0,0,0,0,0,0,0,0,0,0,0,0,0,0,0,0,0,0,0,0,0,0,0,0,0,0,0,0,0,0,0,0,0,0,0,0,0,0,
1,8_4,10_51_22,3.3415,0,0,0,3.341531,,2.337,0.992,-1.001778,14.08433,12.1279,0,0.0000,0.0000,0.0000,0.0000,0.0000,0.0000,0,0,,,,,,,0,0,0,0,0,0,0,0,0,0,0,0,0,0,0,0,0,0,0,0,0,0,0,0,0,0,0,0,0,0,0,0,0,0,0,0,0,0,0,0,0,0,0,0,0,0,0,0,0,0,0,
1,8_4,10_51_22,3.3456,0,0,0,3.345634,,2.337,0.992,-1.001778,14.1664,11.77908,0,0.0000,0.0000,0.0000,0.0000,0.0000,0.0000,0,0,,,,,,,0,0,0,0,0,0,0,0,0,0,0,0,0,0,0,0,0,0,0,0,0,0,0,0,0,0,0,0,0,0,0,0,0,0,0,0,0,0,0,0,0,0,0,0,0,0,0,0,0,0,0,
1,8_4,10_51_22,3.3499,0,0,0,3.349932,,2.337,0.992,-1.001778,14.27385,11.41375,1.101213E-07,0.0000,0.0000,0.0000,0.0000,0.0000,0.0000,0,0,,,,,,,0,0,0,0,0,0,0,0,0,0,0,0,0,0,0,0,0,0,0,0,0,0,0,0,0,0,0,0,0,0,0,0,0,0,0,0,0,0,0,0,0,0,0,0,0,0,0,0,0,0,0,
1,8_4,10_51_22,3.3541,0,0,0,3.354056,,2.337,0.992,-1.001778,14.3357,11.04263,0,0.0000,0.0000,0.0000,0.0000,0.0000,0.0000,0,0,,,,,,,0,0,0,0,0,0,0,0,0,0,0,0,0,0,0,0,0,0,0,0,0,0,0,0,0,0,0,0,0,0,0,0,0,0,0,0,0,0,0,0,0,0,0,0,0,0,0,0,0,0,0,
1,8_4,10_51_22,3.3615,0,0,0,3.361511,,2.337,0.992,-1.001778,14.59663,9.477077,-1.102811E-07,0.0000,0.0000,0.0000,0.0000,0.0000,0.0000,0,0,,,,,,,0,0,0,0,0,0,0,0,0,0,0,0,0,0,0,0,0,0,0,0,0,0,0,0,0,0,0,0,0,0,0,0,0,0,0,0,0,0,0,0,0,0,0,0,0,0,0,0,0,0,0,
1,8_4,10_51_22,3.3656,0,0,0,3.365557,,2.337,0.992,-1.001778,14.65732,9.011789,1.103116E-07,0.0000,0.0000,0.0000,0.0000,0.0000,0.0000,0,0,,,,,,,0,0,0,0,0,0,0,0,0,0,0,0,0,0,0,0,0,0,0,0,0,0,0,0,0,0,0,0,0,0,0,0,0,0,0,0,0,0,0,0,0,0,0,0,0,0,0,0,0,0,0,
1,8_4,10_51_22,3.3725,0,0,0,3.372532,,2.337,0.992,-1.001778,14.83169,7.581955,-1.104E-07,0.0000,0.0000,0.0000,0.0000,0.0000,0.0000,0,0,,,,,,,0,0,0,0,0,0,0,0,0,0,0,0,0,0,0,0,0,0,0,0,0,0,0,0,0,0,0,0,0,0,0,0,0,0,0,0,0,0,0,0,0,0,0,0,0,0,0,0,0,0,0,
1,8_4,10_51_22,3.3816,0,0,0,3.381607,,2.337,0.992,-1.001778,14.96782,4.90483,-5.523491E-08,0.0000,0.0000,0.0000,0.0000,0.0000,0.0000,0,0,,,,,,,0,0,0,0,0,0,0,0,0,0,0,0,0,0,0,0,0,0,0,0,0,0,0,0,0,0,0,0,0,0,0,0,0,0,0,0,0,0,0,0,0,0,0,0,0,0,0,0,0,0,0,
1,8_4,10_51_22,3.3877,0,0,0,3.387717,,2.337,0.992,-1.001778,14.99837,3.713204,-5.52428E-08,0.0000,0.0000,0.0000,0.0000,0.0000,0.0000,0,0,,,,,,,0,0,0,0,0,0,0,0,0,0,0,0,0,0,0,0,0,0,0,0,0,0,0,0,0,0,0,0,0,0,0,0,0,0,0,0,0,0,0,0,0,0,0,0,0,0,0,0,0,0,0,
1,8_4,10_51_22,3.3936,0,0,0,3.393621,,2.337,0.992,-1.001778,14.99837,2.473553,2.76214E-08,0.0000,0.0000,0.0000,0.0000,0.0000,0.0000,0,0,,,,,,,0,0,0,0,0,0,0,0,0,0,0,0,0,0,0,0,0,0,0,0,0,0,0,0,0,0,0,0,0,0,0,0,0,0,0,0,0,0,0,0,0,0,0,0,0,0,0,0,0,0,0,
1,8_4,10_51_22,3.3990,0,0,0,3.399048,,2.337,0.992,-1.001778,14.9441,1.550877,0,0.0000,0.0000,0.0000,0.0000,0.0000,0.0000,0,0,,,,,,,0,0,0,0,0,0,0,0,0,0,0,0,0,0,0,0,0,0,0,0,0,0,0,0,0,0,0,0,0,0,0,0,0,0,0,0,0,0,0,0,0,0,0,0,0,0,0,0,0,0,0,
1,8_4,10_51_22,3.4045,0,0,0,3.404493,,2.337,0.992,-1.001778,14.83519,0.3257085,-3.450056E-09,0.0000,0.0000,0.0000,0.0000,0.0000,0.0000,0,0,,,,,,,0,0,0,0,0,0,0,0,0,0,0,0,0,0,0,0,0,0,0,0,0,0,0,0,0,0,0,0,0,0,0,0,0,0,0,0,0,0,0,0,0,0,0,0,0,0,0,0,0,0,0,
1,8_4,10_51_22,3.4088,0,0,0,3.408786,,2.337,0.992,-1.001778,14.74933,359.6603,-3.448691E-09,0.0000,0.0000,0.0000,0.0000,0.0000,0.0000,0,0,,,,,,,0,0,0,0,0,0,0,0,0,0,0,0,0,0,0,0,0,0,0,0,0,0,0,0,0,0,0,0,0,0,0,0,0,0,0,0,0,0,0,0,0,0,0,0,0,0,0,0,0,0,0,
1,8_4,10_51_22,3.4146,0,0,0,3.414581,,2.337,0.992,-1.001778,14.51754,358.2985,0,0.0000,0.0000,0.0000,0.0000,0.0000,0.0000,0,0,,,,,,,0,0,0,0,0,0,0,0,0,0,0,0,0,0,0,0,0,0,0,0,0,0,0,0,0,0,0,0,0,0,0,0,0,0,0,0,0,0,0,0,0,0,0,0,0,0,0,0,0,0,0,
1,8_4,10_51_22,3.4188,0,0,0,3.418831,,2.337,0.992,-1.001778,14.39004,357.6398,-2.75446E-08,0.0000,0.0000,0.0000,0.0000,0.0000,0.0000,0,0,,,,,,,0,0,0,0,0,0,0,0,0,0,0,0,0,0,0,0,0,0,0,0,0,0,0,0,0,0,0,0,0,0,0,0,0,0,0,0,0,0,0,0,0,0,0,0,0,0,0,0,0,0,0,
1,8_4,10_51_22,3.4226,0,0,0,3.42264,,2.337,0.992,-1.001778,14.29482,357.0113,0,0.0000,0.0000,0.0000,0.0000,0.0000,0.0000,0,0,,,,,,,0,0,0,0,0,0,0,0,0,0,0,0,0,0,0,0,0,0,0,0,0,0,0,0,0,0,0,0,0,0,0,0,0,0,0,0,0,0,0,0,0,0,0,0,0,0,0,0,0,0,0,
1,8_4,10_51_22,3.4275,0,0,0,3.42748,,2.337,0.992,-1.001778,14.07704,356.0434,0,0.0000,0.0000,0.0000,0.0000,0.0000,0.0000,0,0,,,,,,,0,0,0,0,0,0,0,0,0,0,0,0,0,0,0,0,0,0,0,0,0,0,0,0,0,0,0,0,0,0,0,0,0,0,0,0,0,0,0,0,0,0,0,0,0,0,0,0,0,0,0,
1,8_4,10_51_22,3.4347,0,0,0,3.434705,,2.337,0.992,-1.001778,13.64354,354.0565,0,0.0000,0.0000,0.0000,0.0000,0.0000,0.0000,0,0,,,,,,,0,0,0,0,0,0,0,0,0,0,0,0,0,0,0,0,0,0,0,0,0,0,0,0,0,0,0,0,0,0,0,0,0,0,0,0,0,0,0,0,0,0,0,0,0,0,0,0,0,0,0,
1,8_4,10_51_22,3.4397,0,0,0,3.439657,,2.337,0.992,-1.001778,13.64354,354.0565,0,0.0000,0.0000,0.0000,0.0000,0.0000,0.0000,0,0,,,,,,,0,0,0,0,0,0,0,0,0,0,0,0,0,0,0,0,0,0,0,0,0,0,0,0,0,0,0,0,0,0,0,0,0,0,0,0,0,0,0,0,0,0,0,0,0,0,0,0,0,0,0,
1,8_4,10_51_22,3.4438,0,0,0,3.443829,,2.337,0.992,-1.001778,13.26811,352.68,0,0.0000,0.0000,0.0000,0.0000,0.0000,0.0000,0,0,,,,,,,0,0,0,0,0,0,0,0,0,0,0,0,0,0,0,0,0,0,0,0,0,0,0,0,0,0,0,0,0,0,0,0,0,0,0,0,0,0,0,0,0,0,0,0,0,0,0,0,0,0,0,
1,8_4,10_51_22,3.4473,0,0,0,3.447333,,2.337,0.992,-1.001778,13.26811,352.68,0,0.0000,0.0000,0.0000,0.0000,0.0000,0.0000,0,0,,,,,,,0,0,0,0,0,0,0,0,0,0,0,0,0,0,0,0,0,0,0,0,0,0,0,0,0,0,0,0,0,0,0,0,0,0,0,0,0,0,0,0,0,0,0,0,0,0,0,0,0,0,0,
1,8_4,10_51_22,3.4511,0,0,0,3.451066,,2.337,0.992,-1.001778,13.02546,351.7654,0,0.0000,0.0000,0.0000,0.0000,0.0000,0.0000,0,0,,,,,,,0,0,0,0,0,0,0,0,0,0,0,0,0,0,0,0,0,0,0,0,0,0,0,0,0,0,0,0,0,0,0,0,0,0,0,0,0,0,0,0,0,0,0,0,0,0,0,0,0,0,0,
1,8_4,10_51_22,3.4548,0,0,0,3.454815,,2.337,0.992,-1.001778,12.85677,351.2405,0,0.0000,0.0000,0.0000,0.0000,0.0000,0.0000,0,0,,,,,,,0,0,0,0,0,0,0,0,0,0,0,0,0,0,0,0,0,0,0,0,0,0,0,0,0,0,0,0,0,0,0,0,0,0,0,0,0,0,0,0,0,0,0,0,0,0,0,0,0,0,0,
1,8_4,10_51_22,3.4587,0,0,0,3.458709,,2.337,0.992,-1.001778,12.68156,350.676,0,0.0000,0.0000,0.0000,0.0000,0.0000,0.0000,0,0,,,,,,,0,0,0,0,0,0,0,0,0,0,0,0,0,0,0,0,0,0,0,0,0,0,0,0,0,0,0,0,0,0,0,0,0,0,0,0,0,0,0,0,0,0,0,0,0,0,0,0,0,0,0,
1,8_4,10_51_22,3.4627,0,0,0,3.462733,,2.337,0.992,-1.001778,12.54069,350.1326,0,0.0000,0.0000,0.0000,0.0000,0.0000,0.0000,0,0,,,,,,,0,0,0,0,0,0,0,0,0,0,0,0,0,0,0,0,0,0,0,0,0,0,0,0,0,0,0,0,0,0,0,0,0,0,0,0,0,0,0,0,0,0,0,0,0,0,0,0,0,0,0,
1,8_4,10_51_22,3.4668,0,0,0,3.466799,,2.337,0.992,-1.001778,12.35774,349.5431,0,0.0000,0.0000,0.0000,0.0000,0.0000,0.0000,0,0,,,,,,,0,0,0,0,0,0,0,0,0,0,0,0,0,0,0,0,0,0,0,0,0,0,0,0,0,0,0,0,0,0,0,0,0,0,0,0,0,0,0,0,0,0,0,0,0,0,0,0,0,0,0,
1,8_4,10_51_22,3.4710,0,0,0,3.470962,,2.337,0.992,-1.001778,12.17039,348.9603,0,0.0000,0.0000,0.0000,0.0000,0.0000,0.0000,0,0,,,,,,,0,0,0,0,0,0,0,0,0,0,0,0,0,0,0,0,0,0,0,0,0,0,0,0,0,0,0,0,0,0,0,0,0,0,0,0,0,0,0,0,0,0,0,0,0,0,0,0,0,0,0,
1,8_4,10_51_22,3.4765,0,0,0,3.476535,,2.337,0.992,-1.001778,11.80819,347.8736,1.090289E-07,0.0000,0.0000,0.0000,0.0000,0.0000,0.0000,0,0,,,,,,,0,0,0,0,0,0,0,0,0,0,0,0,0,0,0,0,0,0,0,0,0,0,0,0,0,0,0,0,0,0,0,0,0,0,0,0,0,0,0,0,0,0,0,0,0,0,0,0,0,0,0,
1,8_4,10_51_22,3.4808,0,0,0,3.480844,,2.337,0.992,-1.001778,11.61424,347.2702,0,0.0000,0.0000,0.0000,0.0000,0.0000,0.0000,0,0,,,,,,,0,0,0,0,0,0,0,0,0,0,0,0,0,0,0,0,0,0,0,0,0,0,0,0,0,0,0,0,0,0,0,0,0,0,0,0,0,0,0,0,0,0,0,0,0,0,0,0,0,0,0,
1,8_4,10_51_22,3.4859,0,0,0,3.485892,,2.337,0.992,-1.001778,11.33665,346.387,0,0.0000,0.0000,0.0000,0.0000,0.0000,0.0000,0,0,,,,,,,0,0,0,0,0,0,0,0,0,0,0,0,0,0,0,0,0,0,0,0,0,0,0,0,0,0,0,0,0,0,0,0,0,0,0,0,0,0,0,0,0,0,0,0,0,0,0,0,0,0,0,
1,8_4,10_51_22,3.4903,0,0,0,3.490311,,2.337,0.992,-1.001778,11.07148,345.6136,0,0.0000,0.0000,0.0000,0.0000,0.0000,0.0000,0,0,,,,,,,0,0,0,0,0,0,0,0,0,0,0,0,0,0,0,0,0,0,0,0,0,0,0,0,0,0,0,0,0,0,0,0,0,0,0,0,0,0,0,0,0,0,0,0,0,0,0,0,0,0,0,
1,8_4,10_51_22,3.4946,0,0,0,3.494602,,2.337,0.992,-1.001778,10.89985,345.0343,0,0.0000,0.0000,0.0000,0.0000,0.0000,0.0000,0,0,,,,,,,0,0,0,0,0,0,0,0,0,0,0,0,0,0,0,0,0,0,0,0,0,0,0,0,0,0,0,0,0,0,0,0,0,0,0,0,0,0,0,0,0,0,0,0,0,0,0,0,0,0,0,
1,8_4,10_51_22,3.4990,0,0,0,3.498964,,2.337,0.992,-1.001778,10.70357,344.4237,0,0.0000,0.0000,0.0000,0.0000,0.0000,0.0000,0,0,,,,,,,0,0,0,0,0,0,0,0,0,0,0,0,0,0,0,0,0,0,0,0,0,0,0,0,0,0,0,0,0,0,0,0,0,0,0,0,0,0,0,0,0,0,0,0,0,0,0,0,0,0,0,
1,8_4,10_51_22,3.5033,0,0,0,3.503321,,2.337,0.992,-1.001778,10.46391,343.6829,-2.170531E-07,0.0000,0.0000,0.0000,0.0000,0.0000,0.0000,0,0,,,,,,,0,0,0,0,0,0,0,0,0,0,0,0,0,0,0,0,0,0,0,0,0,0,0,0,0,0,0,0,0,0,0,0,0,0,0,0,0,0,0,0,0,0,0,0,0,0,0,0,0,0,0,
1,8_4,10_51_22,3.5077,0,0,0,3.50766,,2.337,0.992,-1.001778,10.29036,343.0755,-1.084664E-07,0.0000,0.0000,0.0000,0.0000,0.0000,0.0000,0,0,,,,,,,0,0,0,0,0,0,0,0,0,0,0,0,0,0,0,0,0,0,0,0,0,0,0,0,0,0,0,0,0,0,0,0,0,0,0,0,0,0,0,0,0,0,0,0,0,0,0,0,0,0,0,
1,8_4,10_51_22,3.5116,0,0,0,3.511558,,2.337,0.992,-1.001778,10.17342,342.5883,-1.084264E-07,0.0000,0.0000,0.0000,0.0000,0.0000,0.0000,0,0,,,,,,,0,0,0,0,0,0,0,0,0,0,0,0,0,0,0,0,0,0,0,0,0,0,0,0,0,0,0,0,0,0,0,0,0,0,0,0,0,0,0,0,0,0,0,0,0,0,0,0,0,0,0,
1,8_4,10_51_22,3.5160,0,0,0,3.51604,,2.337,0.992,-1.001778,10.06137,342.0056,-1.083886E-07,0.0000,0.0000,0.0000,0.0000,0.0000,0.0000,0,0,,,,,,,0,0,0,0,0,0,0,0,0,0,0,0,0,0,0,0,0,0,0,0,0,0,0,0,0,0,0,0,0,0,0,0,0,0,0,0,0,0,0,0,0,0,0,0,0,0,0,0,0,0,0,
1,8_4,10_51_22,3.5202,0,0,0,3.520199,,2.337,0.992,-1.001778,10.01978,341.4857,1.083747E-07,0.0000,0.0000,0.0000,0.0000,0.0000,0.0000,0,0,,,,,,,0,0,0,0,0,0,0,0,0,0,0,0,0,0,0,0,0,0,0,0,0,0,0,0,0,0,0,0,0,0,0,0,0,0,0,0,0,0,0,0,0,0,0,0,0,0,0,0,0,0,0,
1,8_4,10_51_22,3.5243,0,0,0,3.524262,,2.337,0.992,-1.001778,9.938518,341.0388,-1.083476E-07,0.0000,0.0000,0.0000,0.0000,0.0000,0.0000,0,0,,,,,,,0,0,0,0,0,0,0,0,0,0,0,0,0,0,0,0,0,0,0,0,0,0,0,0,0,0,0,0,0,0,0,0,0,0,0,0,0,0,0,0,0,0,0,0,0,0,0,0,0,0,0,
1,8_4,10_51_22,3.5289,0,0,0,3.528862,,2.337,0.992,-1.001778,9.915517,340.3717,0,0.0000,0.0000,0.0000,0.0000,0.0000,0.0000,0,0,,,,,,,0,0,0,0,0,0,0,0,0,0,0,0,0,0,0,0,0,0,0,0,0,0,0,0,0,0,0,0,0,0,0,0,0,0,0,0,0,0,0,0,0,0,0,0,0,0,0,0,0,0,0,
1,8_4,10_51_22,3.5327,0,0,0,3.532711,,2.337,0.992,-1.001778,9.896274,340.0061,-1.083337E-07,0.0000,0.0000,0.0000,0.0000,0.0000,0.0000,0,0,,,,,,,0,0,0,0,0,0,0,0,0,0,0,0,0,0,0,0,0,0,0,0,0,0,0,0,0,0,0,0,0,0,0,0,0,0,0,0,0,0,0,0,0,0,0,0,0,0,0,0,0,0,0,
1,8_4,10_51_22,3.5367,0,0,0,3.536715,,2.337,0.992,-1.001778,9.91629,339.6458,-1.083403E-07,0.0000,0.0000,0.0000,0.0000,0.0000,0.0000,0,0,,,,,,,0,0,0,0,0,0,0,0,0,0,0,0,0,0,0,0,0,0,0,0,0,0,0,0,0,0,0,0,0,0,0,0,0,0,0,0,0,0,0,0,0,0,0,0,0,0,0,0,0,0,0,
1,8_4,10_51_22,3.5406,0,0,0,3.54057,,2.337,0.992,-1.001778,9.954847,339.3373,-1.08353E-07,0.0000,0.0000,0.0000,0.0000,0.0000,0.0000,0,0,,,,,,,0,0,0,0,0,0,0,0,0,0,0,0,0,0,0,0,0,0,0,0,0,0,0,0,0,0,0,0,0,0,0,0,0,0,0,0,0,0,0,0,0,0,0,0,0,0,0,0,0,0,0,
1,8_4,10_51_22,3.5448,0,0,0,3.544805,,2.337,0.992,-1.001778,10.06071,338.9986,0,0.0000,0.0000,0.0000,0.0000,0.0000,0.0000,0,0,,,,,,,0,0,0,0,0,0,0,0,0,0,0,0,0,0,0,0,0,0,0,0,0,0,0,0,0,0,0,0,0,0,0,0,0,0,0,0,0,0,0,0,0,0,0,0,0,0,0,0,0,0,0,
1,8_4,10_51_22,3.5486,0,0,0,3.548578,,2.337,0.992,-1.001778,10.06071,338.9986,0,0.0000,0.0000,0.0000,0.0000,0.0000,0.0000,0,0,,,,,,,0,0,0,0,0,0,0,0,0,0,0,0,0,0,0,0,0,0,0,0,0,0,0,0,0,0,0,0,0,0,0,0,0,0,0,0,0,0,0,0,0,0,0,0,0,0,0,0,0,0,0,
1,8_4,10_51_22,3.5531,0,0,0,3.553078,,2.337,0.992,-1.001778,10.28571,338.3686,0,0.0000,0.0000,0.0000,0.0000,0.0000,0.0000,0,0,,,,,,,0,0,0,0,0,0,0,0,0,0,0,0,0,0,0,0,0,0,0,0,0,0,0,0,0,0,0,0,0,0,0,0,0,0,0,0,0,0,0,0,0,0,0,0,0,0,0,0,0,0,0,
1,8_4,10_51_22,3.5570,0,0,0,3.556999,,2.337,0.992,-1.001778,10.44255,338.1333,2.170382E-07,0.0000,0.0000,0.0000,0.0000,0.0000,0.0000,0,0,,,,,,,0,0,0,0,0,0,0,0,0,0,0,0,0,0,0,0,0,0,0,0,0,0,0,0,0,0,0,0,0,0,0,0,0,0,0,0,0,0,0,0,0,0,0,0,0,0,0,0,0,0,0,
1,8_4,10_51_22,3.5605,0,0,0,3.56046,,2.337,0.992,-1.001778,10.581,337.891,-2.171355E-07,0.0000,0.0000,0.0000,0.0000,0.0000,0.0000,0,0,,,,,,,0,0,0,0,0,0,0,0,0,0,0,0,0,0,0,0,0,0,0,0,0,0,0,0,0,0,0,0,0,0,0,0,0,0,0,0,0,0,0,0,0,0,0,0,0,0,0,0,0,0,0,
1,8_4,10_51_22,3.5650,0,0,0,3.564979,,2.337,0.992,-1.001778,10.78437,337.5746,0,0.0000,0.0000,0.0000,0.0000,0.0000,0.0000,0,0,,,,,,,0,0,0,0,0,0,0,0,0,0,0,0,0,0,0,0,0,0,0,0,0,0,0,0,0,0,0,0,0,0,0,0,0,0,0,0,0,0,0,0,0,0,0,0,0,0,0,0,0,0,0,
1,8_4,10_51_22,3.5697,0,0,0,3.569651,,2.337,0.992,-1.001778,11.08803,337.2243,0,0.0000,0.0000,0.0000,0.0000,0.0000,0.0000,0,0,,,,,,,0,0,0,0,0,0,0,0,0,0,0,0,0,0,0,0,0,0,0,0,0,0,0,0,0,0,0,0,0,0,0,0,0,0,0,0,0,0,0,0,0,0,0,0,0,0,0,0,0,0,0,
1,8_4,10_51_22,3.5738,0,0,0,3.573789,,2.337,0.992,-1.001778,11.33633,336.976,-2.176905E-07,0.0000,0.0000,0.0000,0.0000,0.0000,0.0000,0,0,,,,,,,0,0,0,0,0,0,0,0,0,0,0,0,0,0,0,0,0,0,0,0,0,0,0,0,0,0,0,0,0,0,0,0,0,0,0,0,0,0,0,0,0,0,0,0,0,0,0,0,0,0,0,
1,8_4,10_51_22,3.5780,0,0,0,3.578038,,2.337,0.992,-1.001778,11.59129,336.7423,0,0.0000,0.0000,0.0000,0.0000,0.0000,0.0000,0,0,,,,,,,0,0,0,0,0,0,0,0,0,0,0,0,0,0,0,0,0,0,0,0,0,0,0,0,0,0,0,0,0,0,0,0,0,0,0,0,0,0,0,0,0,0,0,0,0,0,0,0,0,0,0,
1,8_4,10_51_22,3.5830,0,0,0,3.583026,,2.337,0.992,-1.001778,11.99028,336.4181,0,0.0000,0.0000,0.0000,0.0000,0.0000,0.0000,0,0,,,,,,,0,0,0,0,0,0,0,0,0,0,0,0,0,0,0,0,0,0,0,0,0,0,0,0,0,0,0,0,0,0,0,0,0,0,0,0,0,0,0,0,0,0,0,0,0,0,0,0,0,0,0,
1,8_4,10_51_22,3.5870,0,0,0,3.586973,,2.337,0.992,-1.001778,12.2863,336.2207,-2.184466E-07,0.0000,0.0000,0.0000,0.0000,0.0000,0.0000,0,0,,,,,,,0,0,0,0,0,0,0,0,0,0,0,0,0,0,0,0,0,0,0,0,0,0,0,0,0,0,0,0,0,0,0,0,0,0,0,0,0,0,0,0,0,0,0,0,0,0,0,0,0,0,0,
1,8_4,10_51_22,3.5908,0,0,0,3.590828,,2.337,0.992,-1.001778,12.55613,336.0473,2.186733E-07,0.0000,0.0000,0.0000,0.0000,0.0000,0.0000,0,0,,,,,,,0,0,0,0,0,0,0,0,0,0,0,0,0,0,0,0,0,0,0,0,0,0,0,0,0,0,0,0,0,0,0,0,0,0,0,0,0,0,0,0,0,0,0,0,0,0,0,0,0,0,0,
1,8_4,10_51_22,3.5950,0,0,0,3.594995,,2.337,0.992,-1.001778,12.86868,335.8597,-2.189425E-07,0.0000,0.0000,0.0000,0.0000,0.0000,0.0000,0,0,,,,,,,0,0,0,0,0,0,0,0,0,0,0,0,0,0,0,0,0,0,0,0,0,0,0,0,0,0,0,0,0,0,0,0,0,0,0,0,0,0,0,0,0,0,0,0,0,0,0,0,0,0,0,
1,8_4,10_51_22,3.5989,0,0,0,3.598908,,2.337,0.992,-1.001778,13.16217,335.7423,2.19202E-07,0.0000,0.0000,0.0000,0.0000,0.0000,0.0000,0,0,,,,,,,0,0,0,0,0,0,0,0,0,0,0,0,0,0,0,0,0,0,0,0,0,0,0,0,0,0,0,0,0,0,0,0,0,0,0,0,0,0,0,0,0,0,0,0,0,0,0,0,0,0,0,
1,8_4,10_51_22,3.6030,0,0,0,3.602968,,2.337,0.992,-1.001778,13.46663,335.6612,0,0.0000,0.0000,0.0000,0.0000,0.0000,0.0000,0,0,,,,,,,0,0,0,0,0,0,0,0,0,0,0,0,0,0,0,0,0,0,0,0,0,0,0,0,0,0,0,0,0,0,0,0,0,0,0,0,0,0,0,0,0,0,0,0,0,0,0,0,0,0,0,
1,8_4,10_51_22,3.6079,0,0,0,3.60785,,2.337,0.992,-1.001778,13.9305,335.5147,2.199113E-07,0.0000,0.0000,0.0000,0.0000,0.0000,0.0000,0,0,,,,,,,0,0,0,0,0,0,0,0,0,0,0,0,0,0,0,0,0,0,0,0,0,0,0,0,0,0,0,0,0,0,0,0,0,0,0,0,0,0,0,0,0,0,0,0,0,0,0,0,0,0,0,
1,8_4,10_51_22,3.6120,0,0,0,3.61197,,2.337,0.992,-1.001778,14.26011,335.4941,-2.202292E-07,0.0000,0.0000,0.0000,0.0000,0.0000,0.0000,0,0,,,,,,,0,0,0,0,0,0,0,0,0,0,0,0,0,0,0,0,0,0,0,0,0,0,0,0,0,0,0,0,0,0,0,0,0,0,0,0,0,0,0,0,0,0,0,0,0,0,0,0,0,0,0,
1,8_4,10_51_22,3.6159,0,0,0,3.615898,,2.337,0.992,-1.001778,14.57428,335.4548,2.205399E-07,0.0000,0.0000,0.0000,0.0000,0.0000,0.0000,0,0,,,,,,,0,0,0,0,0,0,0,0,0,0,0,0,0,0,0,0,0,0,0,0,0,0,0,0,0,0,0,0,0,0,0,0,0,0,0,0,0,0,0,0,0,0,0,0,0,0,0,0,0,0,0,
1,8_4,10_51_22,3.6204,0,0,0,3.620372,,2.337,0.992,-1.001778,15.02169,335.4548,2.209953E-07,0.0000,0.0000,0.0000,0.0000,0.0000,0.0000,0,0,,,,,,,0,0,0,0,0,0,0,0,0,0,0,0,0,0,0,0,0,0,0,0,0,0,0,0,0,0,0,0,0,0,0,0,0,0,0,0,0,0,0,0,0,0,0,0,0,0,0,0,0,0,0,
1,8_4,10_51_22,3.6256,0,0,0,3.625645,,2.337,0.992,-1.001778,15.57536,335.4812,-2.215802E-07,0.0000,0.0000,0.0000,0.0000,0.0000,0.0000,0,0,,,,,,,0,0,0,0,0,0,0,0,0,0,0,0,0,0,0,0,0,0,0,0,0,0,0,0,0,0,0,0,0,0,0,0,0,0,0,0,0,0,0,0,0,0,0,0,0,0,0,0,0,0,0,
1,8_4,10_51_22,3.6302,0,0,0,3.630224,,2.337,0.992,-1.001778,16.01039,335.5728,2.220566E-07,0.0000,0.0000,0.0000,0.0000,0.0000,0.0000,0,0,,,,,,,0,0,0,0,0,0,0,0,0,0,0,0,0,0,0,0,0,0,0,0,0,0,0,0,0,0,0,0,0,0,0,0,0,0,0,0,0,0,0,0,0,0,0,0,0,0,0,0,0,0,0,
1,8_4,10_51_22,3.6345,0,0,0,3.634522,,2.337,0.992,-1.001778,16.31122,335.7017,-4.447895E-07,0.0000,0.0000,0.0000,0.0000,0.0000,0.0000,0,0,,,,,,,0,0,0,0,0,0,0,0,0,0,0,0,0,0,0,0,0,0,0,0,0,0,0,0,0,0,0,0,0,0,0,0,0,0,0,0,0,0,0,0,0,0,0,0,0,0,0,0,0,0,0,
1,8_4,10_51_22,3.6387,0,0,0,3.638686,,2.337,0.992,-1.001778,16.62358,335.8266,2.227534E-07,0.0000,0.0000,0.0000,0.0000,0.0000,0.0000,0,0,,,,,,,0,0,0,0,0,0,0,0,0,0,0,0,0,0,0,0,0,0,0,0,0,0,0,0,0,0,0,0,0,0,0,0,0,0,0,0,0,0,0,0,0,0,0,0,0,0,0,0,0,0,0,
1,8_4,10_51_23,3.6438,0,0,0,3.64378,,2.337,0.992,-1.001778,17.05652,336.1068,0,0.0000,0.0000,0.0000,0.0000,0.0000,0.0000,0,0,,,,,,,0,0,0,0,0,0,0,0,0,0,0,0,0,0,0,0,0,0,0,0,0,0,0,0,0,0,0,0,0,0,0,0,0,0,0,0,0,0,0,0,0,0,0,0,0,0,0,0,0,0,0,
1,8_4,10_51_23,3.6477,0,0,0,3.647671,,2.337,0.992,-1.001778,17.28999,336.2624,-2.235448E-07,0.0000,0.0000,0.0000,0.0000,0.0000,0.0000,0,0,,,,,,,0,0,0,0,0,0,0,0,0,0,0,0,0,0,0,0,0,0,0,0,0,0,0,0,0,0,0,0,0,0,0,0,0,0,0,0,0,0,0,0,0,0,0,0,0,0,0,0,0,0,0,
1,8_4,10_51_23,3.6516,0,0,0,3.651618,,2.337,0.992,-1.001778,17.56632,336.4993,0,0.0000,0.0000,0.0000,0.0000,0.0000,0.0000,0,0,,,,,,,0,0,0,0,0,0,0,0,0,0,0,0,0,0,0,0,0,0,0,0,0,0,0,0,0,0,0,0,0,0,0,0,0,0,0,0,0,0,0,0,0,0,0,0,0,0,0,0,0,0,0,
1,8_4,10_51_23,3.6557,0,0,0,3.655699,,2.337,0.992,-1.001778,17.83156,336.7645,0,0.0000,0.0000,0.0000,0.0000,0.0000,0.0000,0,0,,,,,,,0,0,0,0,0,0,0,0,0,0,0,0,0,0,0,0,0,0,0,0,0,0,0,0,0,0,0,0,0,0,0,0,0,0,0,0,0,0,0,0,0,0,0,0,0,0,0,0,0,0,0,
1,8_4,10_51_23,3.6598,0,0,0,3.659775,,2.337,0.992,-1.001778,18.05575,337.0702,0,0.0000,0.0000,0.0000,0.0000,0.0000,0.0000,0,0,,,,,,,0,0,0,0,0,0,0,0,0,0,0,0,0,0,0,0,0,0,0,0,0,0,0,0,0,0,0,0,0,0,0,0,0,0,0,0,0,0,0,0,0,0,0,0,0,0,0,0,0,0,0,
1,8_4,10_51_23,3.6635,0,0,0,3.663462,,2.337,0.992,-1.001778,18.29537,337.3467,0,0.0000,0.0000,0.0000,0.0000,0.0000,0.0000,0,0,,,,,,,0,0,0,0,0,0,0,0,0,0,0,0,0,0,0,0,0,0,0,0,0,0,0,0,0,0,0,0,0,0,0,0,0,0,0,0,0,0,0,0,0,0,0,0,0,0,0,0,0,0,0,
1,8_4,10_51_23,3.6677,0,0,0,3.667707,,2.337,0.992,-1.001778,18.52888,337.7288,-2.251124E-07,0.0000,0.0000,0.0000,0.0000,0.0000,0.0000,0,0,,,,,,,0,0,0,0,0,0,0,0,0,0,0,0,0,0,0,0,0,0,0,0,0,0,0,0,0,0,0,0,0,0,0,0,0,0,0,0,0,0,0,0,0,0,0,0,0,0,0,0,0,0,0,
1,8_4,10_51_23,3.6716,0,0,0,3.671608,,2.337,0.992,-1.001778,18.74343,338.0799,0,0.0000,0.0000,0.0000,0.0000,0.0000,0.0000,0,0,,,,,,,0,0,0,0,0,0,0,0,0,0,0,0,0,0,0,0,0,0,0,0,0,0,0,0,0,0,0,0,0,0,0,0,0,0,0,0,0,0,0,0,0,0,0,0,0,0,0,0,0,0,0,
1,8_4,10_51_23,3.6798,0,0,0,3.679767,,2.337,0.992,-1.001778,19.55934,339.7525,0,0.0000,0.0000,0.0000,0.0000,0.0000,0.0000,0,0,,,,,,,0,0,0,0,0,0,0,0,0,0,0,0,0,0,0,0,0,0,0,0,0,0,0,0,0,0,0,0,0,0,0,0,0,0,0,0,0,0,0,0,0,0,0,0,0,0,0,0,0,0,0,
1,8_4,10_51_23,3.6837,0,0,0,3.683659,,2.337,0.992,-1.001778,19.73447,340.2,0,0.0000,0.0000,0.0000,0.0000,0.0000,0.0000,0,0,,,,,,,0,0,0,0,0,0,0,0,0,0,0,0,0,0,0,0,0,0,0,0,0,0,0,0,0,0,0,0,0,0,0,0,0,0,0,0,0,0,0,0,0,0,0,0,0,0,0,0,0,0,0,
1,8_4,10_51_23,3.6875,0,0,0,3.687492,,2.337,0.992,-1.001778,19.90696,340.6217,-2.270078E-07,0.0000,0.0000,0.0000,0.0000,0.0000,0.0000,0,0,,,,,,,0,0,0,0,0,0,0,0,0,0,0,0,0,0,0,0,0,0,0,0,0,0,0,0,0,0,0,0,0,0,0,0,0,0,0,0,0,0,0,0,0,0,0,0,0,0,0,0,0,0,0,
1,8_4,10_51_23,3.6914,0,0,0,3.691393,,2.337,0.992,-1.001778,20.06297,341.1288,-2.272327E-07,0.0000,0.0000,0.0000,0.0000,0.0000,0.0000,0,0,,,,,,,0,0,0,0,0,0,0,0,0,0,0,0,0,0,0,0,0,0,0,0,0,0,0,0,0,0,0,0,0,0,0,0,0,0,0,0,0,0,0,0,0,0,0,0,0,0,0,0,0,0,0,
1,8_4,10_51_23,3.6957,0,0,0,3.695669,,2.337,0.992,-1.001778,20.21265,341.6633,0,0.0000,0.0000,0.0000,0.0000,0.0000,0.0000,0,0,,,,,,,0,0,0,0,0,0,0,0,0,0,0,0,0,0,0,0,0,0,0,0,0,0,0,0,0,0,0,0,0,0,0,0,0,0,0,0,0,0,0,0,0,0,0,0,0,0,0,0,0,0,0,
1,8_4,10_51_23,3.6998,0,0,0,3.699839,,2.337,0.992,-1.001778,20.3169,342.2471,-2.276034E-07,0.0000,0.0000,0.0000,0.0000,0.0000,0.0000,0,0,,,,,,,0,0,0,0,0,0,0,0,0,0,0,0,0,0,0,0,0,0,0,0,0,0,0,0,0,0,0,0,0,0,0,0,0,0,0,0,0,0,0,0,0,0,0,0,0,0,0,0,0,0,0,
1,8_4,10_51_23,3.7043,0,0,0,3.70434,,2.337,0.992,-1.001778,20.42942,343.0347,-2.277694E-07,0.0000,0.0000,0.0000,0.0000,0.0000,0.0000,0,0,,,,,,,0,0,0,0,0,0,0,0,0,0,0,0,0,0,0,0,0,0,0,0,0,0,0,0,0,0,0,0,0,0,0,0,0,0,0,0,0,0,0,0,0,0,0,0,0,0,0,0,0,0,0,
1,8_4,10_51_23,3.7089,0,0,0,3.70885,,2.337,0.992,-1.001778,20.45197,343.6436,-2.278029E-07,0.0000,0.0000,0.0000,0.0000,0.0000,0.0000,0,0,,,,,,,0,0,0,0,0,0,0,0,0,0,0,0,0,0,0,0,0,0,0,0,0,0,0,0,0,0,0,0,0,0,0,0,0,0,0,0,0,0,0,0,0,0,0,0,0,0,0,0,0,0,0,
1,8_4,10_51_23,3.7128,0,0,0,3.712782,,2.337,0.992,-1.001778,20.47163,344.2138,0,0.0000,0.0000,0.0000,0.0000,0.0000,0.0000,0,0,,,,,,,0,0,0,0,0,0,0,0,0,0,0,0,0,0,0,0,0,0,0,0,0,0,0,0,0,0,0,0,0,0,0,0,0,0,0,0,0,0,0,0,0,0,0,0,0,0,0,0,0,0,0,
1,8_4,10_51_23,3.7168,0,0,0,3.716797,,2.337,0.992,-1.001778,20.47163,344.7959,0,0.0000,0.0000,0.0000,0.0000,0.0000,0.0000,0,0,,,,,,,0,0,0,0,0,0,0,0,0,0,0,0,0,0,0,0,0,0,0,0,0,0,0,0,0,0,0,0,0,0,0,0,0,0,0,0,0,0,0,0,0,0,0,0,0,0,0,0,0,0,0,
1,8_4,10_51_23,3.7208,0,0,0,3.720823,,2.337,0.992,-1.001778,20.4515,345.3394,2.278022E-07,0.0000,0.0000,0.0000,0.0000,0.0000,0.0000,0,0,,,,,,,0,0,0,0,0,0,0,0,0,0,0,0,0,0,0,0,0,0,0,0,0,0,0,0,0,0,0,0,0,0,0,0,0,0,0,0,0,0,0,0,0,0,0,0,0,0,0,0,0,0,0,
1,8_4,10_51_23,3.7248,0,0,0,3.724763,,2.337,0.992,-1.001778,20.39241,345.8516,0,0.0000,0.0000,0.0000,0.0000,0.0000,0.0000,0,0,,,,,,,0,0,0,0,0,0,0,0,0,0,0,0,0,0,0,0,0,0,0,0,0,0,0,0,0,0,0,0,0,0,0,0,0,0,0,0,0,0,0,0,0,0,0,0,0,0,0,0,0,0,0,
1,8_4,10_51_23,3.7286,0,0,0,3.728648,,2.337,0.992,-1.001778,20.33414,346.3566,2.276287E-07,0.0000,0.0000,0.0000,0.0000,0.0000,0.0000,0,0,,,,,,,0,0,0,0,0,0,0,0,0,0,0,0,0,0,0,0,0,0,0,0,0,0,0,0,0,0,0,0,0,0,0,0,0,0,0,0,0,0,0,0,0,0,0,0,0,0,0,0,0,0,0,
1,8_4,10_51_23,3.7328,0,0,0,3.73279,,2.337,0.992,-1.001778,20.27201,346.833,2.275374E-07,0.0000,0.0000,0.0000,0.0000,0.0000,0.0000,0,0,,,,,,,0,0,0,0,0,0,0,0,0,0,0,0,0,0,0,0,0,0,0,0,0,0,0,0,0,0,0,0,0,0,0,0,0,0,0,0,0,0,0,0,0,0,0,0,0,0,0,0,0,0,0,
1,8_4,10_51_23,3.7366,0,0,0,3.736589,,2.337,0.992,-1.001778,20.15803,347.2698,2.273709E-07,0.0000,0.0000,0.0000,0.0000,0.0000,0.0000,0,0,,,,,,,0,0,0,0,0,0,0,0,0,0,0,0,0,0,0,0,0,0,0,0,0,0,0,0,0,0,0,0,0,0,0,0,0,0,0,0,0,0,0,0,0,0,0,0,0,0,0,0,0,0,0,
1,8_4,10_51_23,3.7407,0,0,0,3.740684,,2.337,0.992,-1.001778,20.07613,347.6998,0,0.0000,0.0000,0.0000,0.0000,0.0000,0.0000,0,0,,,,,,,0,0,0,0,0,0,0,0,0,0,0,0,0,0,0,0,0,0,0,0,0,0,0,0,0,0,0,0,0,0,0,0,0,0,0,0,0,0,0,0,0,0,0,0,0,0,0,0,0,0,0,
1,8_4,10_51_23,3.7446,0,0,0,3.744622,,2.337,0.992,-1.001778,19.9383,348.0936,0,0.0000,0.0000,0.0000,0.0000,0.0000,0.0000,0,0,,,,,,,0,0,0,0,0,0,0,0,0,0,0,0,0,0,0,0,0,0,0,0,0,0,0,0,0,0,0,0,0,0,0,0,0,0,0,0,0,0,0,0,0,0,0,0,0,0,0,0,0,0,0,
1,8_4,10_51_23,3.7486,0,0,0,3.748597,,2.337,0.992,-1.001778,19.79916,348.4912,2.268537E-07,0.0000,0.0000,0.0000,0.0000,0.0000,0.0000,0,0,,,,,,,0,0,0,0,0,0,0,0,0,0,0,0,0,0,0,0,0,0,0,0,0,0,0,0,0,0,0,0,0,0,0,0,0,0,0,0,0,0,0,0,0,0,0,0,0,0,0,0,0,0,0,
1,8_4,10_51_23,3.7525,0,0,0,3.75246,,2.337,0.992,-1.001778,19.68327,348.8195,0,0.0000,0.0000,0.0000,0.0000,0.0000,0.0000,0,0,,,,,,,0,0,0,0,0,0,0,0,0,0,0,0,0,0,0,0,0,0,0,0,0,0,0,0,0,0,0,0,0,0,0,0,0,0,0,0,0,0,0,0,0,0,0,0,0,0,0,0,0,0,0,
1,8_4,10_51_23,3.7564,0,0,0,3.75637,,2.337,0.992,-1.001778,19.54642,349.1128,0,0.0000,0.0000,0.0000,0.0000,0.0000,0.0000,0,0,,,,,,,0,0,0,0,0,0,0,0,0,0,0,0,0,0,0,0,0,0,0,0,0,0,0,0,0,0,0,0,0,0,0,0,0,0,0,0,0,0,0,0,0,0,0,0,0,0,0,0,0,0,0,
1,8_4,10_51_23,3.7617,0,0,0,3.761674,,2.337,0.992,-1.001778,19.54642,349.1128,0,0.0000,0.0000,0.0000,0.0000,0.0000,0.0000,0,0,,,,,,,0,0,0,0,0,0,0,0,0,0,0,0,0,0,0,0,0,0,0,0,0,0,0,0,0,0,0,0,0,0,0,0,0,0,0,0,0,0,0,0,0,0,0,0,0,0,0,0,0,0,0,
1,8_4,10_51_23,3.7659,0,0,0,3.765944,,2.337,0.992,-1.001778,19.18345,349.796,-1.129962E-07,0.0000,0.0000,0.0000,0.0000,0.0000,0.0000,0,0,,,,,,,0,0,0,0,0,0,0,0,0,0,0,0,0,0,0,0,0,0,0,0,0,0,0,0,0,0,0,0,0,0,0,0,0,0,0,0,0,0,0,0,0,0,0,0,0,0,0,0,0,0,0,
1,8_4,10_51_23,3.7693,0,0,0,3.769265,,2.337,0.992,-1.001778,19.18345,349.796,-1.129962E-07,0.0000,0.0000,0.0000,0.0000,0.0000,0.0000,0,0,,,,,,,0,0,0,0,0,0,0,0,0,0,0,0,0,0,0,0,0,0,0,0,0,0,0,0,0,0,0,0,0,0,0,0,0,0,0,0,0,0,0,0,0,0,0,0,0,0,0,0,0,0,0,
1,8_4,10_51_23,3.7729,0,0,0,3.772872,,2.337,0.992,-1.001778,18.94898,350.1207,0,0.0000,0.0000,0.0000,0.0000,0.0000,0.0000,0,0,,,,,,,0,0,0,0,0,0,0,0,0,0,0,0,0,0,0,0,0,0,0,0,0,0,0,0,0,0,0,0,0,0,0,0,0,0,0,0,0,0,0,0,0,0,0,0,0,0,0,0,0,0,0,
1,8_4,10_51_23,3.7763,0,0,0,3.776314,,2.337,0.992,-1.001778,18.94898,350.1207,0,0.0000,0.0000,0.0000,0.0000,0.0000,0.0000,0,0,,,,,,,0,0,0,0,0,0,0,0,0,0,0,0,0,0,0,0,0,0,0,0,0,0,0,0,0,0,0,0,0,0,0,0,0,0,0,0,0,0,0,0,0,0,0,0,0,0,0,0,0,0,0,
1,8_4,10_51_23,3.7804,0,0,0,3.78044,,2.337,0.992,-1.001778,18.61888,350.4508,0,0.0000,0.0000,0.0000,0.0000,0.0000,0.0000,0,0,,,,,,,0,0,0,0,0,0,0,0,0,0,0,0,0,0,0,0,0,0,0,0,0,0,0,0,0,0,0,0,0,0,0,0,0,0,0,0,0,0,0,0,0,0,0,0,0,0,0,0,0,0,0,
1,8_4,10_51_23,3.7846,0,0,0,3.784609,,2.337,0.992,-1.001778,18.43129,350.5758,0,0.0000,0.0000,0.0000,0.0000,0.0000,0.0000,0,0,,,,,,,0,0,0,0,0,0,0,0,0,0,0,0,0,0,0,0,0,0,0,0,0,0,0,0,0,0,0,0,0,0,0,0,0,0,0,0,0,0,0,0,0,0,0,0,0,0,0,0,0,0,0,
1,8_4,10_51_23,3.7887,0,0,0,3.788659,,2.337,0.992,-1.001778,18.24903,350.6366,0,0.0000,0.0000,0.0000,0.0000,0.0000,0.0000,0,0,,,,,,,0,0,0,0,0,0,0,0,0,0,0,0,0,0,0,0,0,0,0,0,0,0,0,0,0,0,0,0,0,0,0,0,0,0,0,0,0,0,0,0,0,0,0,0,0,0,0,0,0,0,0,
1,8_4,10_51_23,3.7925,0,0,0,3.792496,,2.337,0.992,-1.001778,18.03801,350.675,-1.122381E-07,0.0000,0.0000,0.0000,0.0000,0.0000,0.0000,0,0,,,,,,,0,0,0,0,0,0,0,0,0,0,0,0,0,0,0,0,0,0,0,0,0,0,0,0,0,0,0,0,0,0,0,0,0,0,0,0,0,0,0,0,0,0,0,0,0,0,0,0,0,0,0,
1,8_4,10_51_23,3.7958,0,0,0,3.795784,,2.337,0.992,-1.001778,18.03801,350.675,-1.122381E-07,0.0000,0.0000,0.0000,0.0000,0.0000,0.0000,0,0,,,,,,,0,0,0,0,0,0,0,0,0,0,0,0,0,0,0,0,0,0,0,0,0,0,0,0,0,0,0,0,0,0,0,0,0,0,0,0,0,0,0,0,0,0,0,0,0,0,0,0,0,0,0,
1,8_4,10_51_23,3.7996,0,0,0,3.799628,,2.337,0.992,-1.001778,17.69205,350.6942,1.120198E-07,0.0000,0.0000,0.0000,0.0000,0.0000,0.0000,0,0,,,,,,,0,0,0,0,0,0,0,0,0,0,0,0,0,0,0,0,0,0,0,0,0,0,0,0,0,0,0,0,0,0,0,0,0,0,0,0,0,0,0,0,0,0,0,0,0,0,0,0,0,0,0,
1,8_4,10_51_23,3.8034,0,0,0,3.803403,,2.337,0.992,-1.001778,17.69205,350.6942,1.120198E-07,0.0000,0.0000,0.0000,0.0000,0.0000,0.0000,0,0,,,,,,,0,0,0,0,0,0,0,0,0,0,0,0,0,0,0,0,0,0,0,0,0,0,0,0,0,0,0,0,0,0,0,0,0,0,0,0,0,0,0,0,0,0,0,0,0,0,0,0,0,0,0,
1,8_4,10_51_23,3.8072,0,0,0,3.807218,,2.337,0.992,-1.001778,17.19602,350.5797,0,0.0000,0.0000,0.0000,0.0000,0.0000,0.0000,0,0,,,,,,,0,0,0,0,0,0,0,0,0,0,0,0,0,0,0,0,0,0,0,0,0,0,0,0,0,0,0,0,0,0,0,0,0,0,0,0,0,0,0,0,0,0,0,0,0,0,0,0,0,0,0,
1,8_4,10_51_23,3.8111,0,0,0,3.811082,,2.337,0.992,-1.001778,16.98352,350.5024,-1.115882E-07,0.0000,0.0000,0.0000,0.0000,0.0000,0.0000,0,0,,,,,,,0,0,0,0,0,0,0,0,0,0,0,0,0,0,0,0,0,0,0,0,0,0,0,0,0,0,0,0,0,0,0,0,0,0,0,0,0,0,0,0,0,0,0,0,0,0,0,0,0,0,0,
1,8_4,10_51_23,3.8149,0,0,0,3.814864,,2.337,0.992,-1.001778,16.71875,350.3889,2.228642E-07,0.0000,0.0000,0.0000,0.0000,0.0000,0.0000,0,0,,,,,,,0,0,0,0,0,0,0,0,0,0,0,0,0,0,0,0,0,0,0,0,0,0,0,0,0,0,0,0,0,0,0,0,0,0,0,0,0,0,0,0,0,0,0,0,0,0,0,0,0,0,0,
1,8_4,10_51_23,3.8187,0,0,0,3.818657,,2.337,0.992,-1.001778,16.45329,350.2562,-1.112785E-07,0.0000,0.0000,0.0000,0.0000,0.0000,0.0000,0,0,,,,,,,0,0,0,0,0,0,0,0,0,0,0,0,0,0,0,0,0,0,0,0,0,0,0,0,0,0,0,0,0,0,0,0,0,0,0,0,0,0,0,0,0,0,0,0,0,0,0,0,0,0,0,
1,8_4,10_51_23,3.8225,0,0,0,3.82252,,2.337,0.992,-1.001778,16.16356,350.0824,-1.111139E-07,0.0000,0.0000,0.0000,0.0000,0.0000,0.0000,0,0,,,,,,,0,0,0,0,0,0,0,0,0,0,0,0,0,0,0,0,0,0,0,0,0,0,0,0,0,0,0,0,0,0,0,0,0,0,0,0,0,0,0,0,0,0,0,0,0,0,0,0,0,0,0,
1,8_4,10_51_23,3.8268,0,0,0,3.826842,,2.337,0.992,-1.001778,15.86102,349.8663,0,0.0000,0.0000,0.0000,0.0000,0.0000,0.0000,0,0,,,,,,,0,0,0,0,0,0,0,0,0,0,0,0,0,0,0,0,0,0,0,0,0,0,0,0,0,0,0,0,0,0,0,0,0,0,0,0,0,0,0,0,0,0,0,0,0,0,0,0,0,0,0,
1,8_4,10_51_23,3.8329,0,0,0,3.832948,,2.337,0.992,-1.001778,15.15882,349.3778,0,0.0000,0.0000,0.0000,0.0000,0.0000,0.0000,0,0,,,,,,,0,0,0,0,0,0,0,0,0,0,0,0,0,0,0,0,0,0,0,0,0,0,0,0,0,0,0,0,0,0,0,0,0,0,0,0,0,0,0,0,0,0,0,0,0,0,0,0,0,0,0,
1,8_4,10_51_23,3.8391,0,0,0,3.839076,,2.337,0.992,-1.001778,14.51541,348.8263,-1.102405E-07,0.0000,0.0000,0.0000,0.0000,0.0000,0.0000,0,0,,,,,,,0,0,0,0,0,0,0,0,0,0,0,0,0,0,0,0,0,0,0,0,0,0,0,0,0,0,0,0,0,0,0,0,0,0,0,0,0,0,0,0,0,0,0,0,0,0,0,0,0,0,0,
1,8_4,10_51_23,3.8467,0,0,0,3.846665,,2.337,0.992,-1.001778,13.49087,347.7638,0,0.0000,0.0000,0.0000,0.0000,0.0000,0.0000,0,0,,,,,,,0,0,0,0,0,0,0,0,0,0,0,0,0,0,0,0,0,0,0,0,0,0,0,0,0,0,0,0,0,0,0,0,0,0,0,0,0,0,0,0,0,0,0,0,0,0,0,0,0,0,0,
1,8_4,10_51_23,3.8520,0,0,0,3.852047,,2.337,0.992,-1.001778,13.1141,347.3063,0,0.0000,0.0000,0.0000,0.0000,0.0000,0.0000,0,0,,,,,,,0,0,0,0,0,0,0,0,0,0,0,0,0,0,0,0,0,0,0,0,0,0,0,0,0,0,0,0,0,0,0,0,0,0,0,0,0,0,0,0,0,0,0,0,0,0,0,0,0,0,0,
1,8_4,10_51_23,3.8568,0,0,0,3.856756,,2.337,0.992,-1.001778,12.7609,346.8589,-1.094245E-07,0.0000,0.0000,0.0000,0.0000,0.0000,0.0000,0,0,,,,,,,0,0,0,0,0,0,0,0,0,0,0,0,0,0,0,0,0,0,0,0,0,0,0,0,0,0,0,0,0,0,0,0,0,0,0,0,0,0,0,0,0,0,0,0,0,0,0,0,0,0,0,
1,8_4,10_51_23,3.8611,0,0,0,3.861075,,2.337,0.992,-1.001778,12.5234,346.5351,-1.093228E-07,0.0000,0.0000,0.0000,0.0000,0.0000,0.0000,0,0,,,,,,,0,0,0,0,0,0,0,0,0,0,0,0,0,0,0,0,0,0,0,0,0,0,0,0,0,0,0,0,0,0,0,0,0,0,0,0,0,0,0,0,0,0,0,0,0,0,0,0,0,0,0,
1,8_4,10_51_23,3.8649,0,0,0,3.864943,,2.337,0.992,-1.001778,12.31063,346.2256,0,0.0000,0.0000,0.0000,0.0000,0.0000,0.0000,0,0,,,,,,,0,0,0,0,0,0,0,0,0,0,0,0,0,0,0,0,0,0,0,0,0,0,0,0,0,0,0,0,0,0,0,0,0,0,0,0,0,0,0,0,0,0,0,0,0,0,0,0,0,0,0,
1,8_4,10_51_23,3.8683,0,0,0,3.868285,,2.337,0.992,-1.001778,12.31063,346.2256,0,0.0000,0.0000,0.0000,0.0000,0.0000,0.0000,0,0,,,,,,,0,0,0,0,0,0,0,0,0,0,0,0,0,0,0,0,0,0,0,0,0,0,0,0,0,0,0,0,0,0,0,0,0,0,0,0,0,0,0,0,0,0,0,0,0,0,0,0,0,0,0,
1,8_4,10_51_23,3.8721,0,0,0,3.87208,,2.337,0.992,-1.001778,11.96906,345.7322,-1.090934E-07,0.0000,0.0000,0.0000,0.0000,0.0000,0.0000,0,0,,,,,,,0,0,0,0,0,0,0,0,0,0,0,0,0,0,0,0,0,0,0,0,0,0,0,0,0,0,0,0,0,0,0,0,0,0,0,0,0,0,0,0,0,0,0,0,0,0,0,0,0,0,0,
1,8_4,10_51_23,3.8761,0,0,0,3.876078,,2.337,0.992,-1.001778,11.80913,345.4323,1.090293E-07,0.0000,0.0000,0.0000,0.0000,0.0000,0.0000,0,0,,,,,,,0,0,0,0,0,0,0,0,0,0,0,0,0,0,0,0,0,0,0,0,0,0,0,0,0,0,0,0,0,0,0,0,0,0,0,0,0,0,0,0,0,0,0,0,0,0,0,0,0,0,0,
1,8_4,10_51_23,3.8794,0,0,0,3.8794,,2.337,0.992,-1.001778,11.65966,345.1998,1.089703E-07,0.0000,0.0000,0.0000,0.0000,0.0000,0.0000,0,0,,,,,,,0,0,0,0,0,0,0,0,0,0,0,0,0,0,0,0,0,0,0,0,0,0,0,0,0,0,0,0,0,0,0,0,0,0,0,0,0,0,0,0,0,0,0,0,0,0,0,0,0,0,0,
1,8_4,10_51_23,3.8839,0,0,0,3.883914,,2.337,0.992,-1.001778,11.50166,344.8838,0,0.0000,0.0000,0.0000,0.0000,0.0000,0.0000,0,0,,,,,,,0,0,0,0,0,0,0,0,0,0,0,0,0,0,0,0,0,0,0,0,0,0,0,0,0,0,0,0,0,0,0,0,0,0,0,0,0,0,0,0,0,0,0,0,0,0,0,0,0,0,0,
1,8_4,10_51_23,3.8881,0,0,0,3.888145,,2.337,0.992,-1.001778,11.37474,344.6088,0,0.0000,0.0000,0.0000,0.0000,0.0000,0.0000,0,0,,,,,,,0,0,0,0,0,0,0,0,0,0,0,0,0,0,0,0,0,0,0,0,0,0,0,0,0,0,0,0,0,0,0,0,0,0,0,0,0,0,0,0,0,0,0,0,0,0,0,0,0,0,0,
1,8_4,10_51_23,3.8922,0,0,0,3.89218,,2.337,0.992,-1.001778,11.29403,344.3869,1.088292E-07,0.0000,0.0000,0.0000,0.0000,0.0000,0.0000,0,0,,,,,,,0,0,0,0,0,0,0,0,0,0,0,0,0,0,0,0,0,0,0,0,0,0,0,0,0,0,0,0,0,0,0,0,0,0,0,0,0,0,0,0,0,0,0,0,0,0,0,0,0,0,0,
1,8_4,10_51_23,3.8960,0,0,0,3.895956,,2.337,0.992,-1.001778,11.21851,344.1792,0,0.0000,0.0000,0.0000,0.0000,0.0000,0.0000,0,0,,,,,,,0,0,0,0,0,0,0,0,0,0,0,0,0,0,0,0,0,0,0,0,0,0,0,0,0,0,0,0,0,0,0,0,0,0,0,0,0,0,0,0,0,0,0,0,0,0,0,0,0,0,0,
1,8_4,10_51_23,3.8998,0,0,0,3.899843,,2.337,0.992,-1.001778,11.14078,344.0043,0,0.0000,0.0000,0.0000,0.0000,0.0000,0.0000,0,0,,,,,,,0,0,0,0,0,0,0,0,0,0,0,0,0,0,0,0,0,0,0,0,0,0,0,0,0,0,0,0,0,0,0,0,0,0,0,0,0,0,0,0,0,0,0,0,0,0,0,0,0,0,0,
1,8_4,10_51_23,3.9037,0,0,0,3.903749,,2.337,0.992,-1.001778,11.10171,343.8285,-1.087569E-07,0.0000,0.0000,0.0000,0.0000,0.0000,0.0000,0,0,,,,,,,0,0,0,0,0,0,0,0,0,0,0,0,0,0,0,0,0,0,0,0,0,0,0,0,0,0,0,0,0,0,0,0,0,0,0,0,0,0,0,0,0,0,0,0,0,0,0,0,0,0,0,
1,8_4,10_51_23,3.9078,0,0,0,3.907782,,2.337,0.992,-1.001778,11.08155,343.7076,-1.087494E-07,0.0000,0.0000,0.0000,0.0000,0.0000,0.0000,0,0,,,,,,,0,0,0,0,0,0,0,0,0,0,0,0,0,0,0,0,0,0,0,0,0,0,0,0,0,0,0,0,0,0,0,0,0,0,0,0,0,0,0,0,0,0,0,0,0,0,0,0,0,0,0,
1,8_4,10_51_23,3.9116,0,0,0,3.911601,,2.337,0.992,-1.001778,11.06246,343.6121,-1.087423E-07,0.0000,0.0000,0.0000,0.0000,0.0000,0.0000,0,0,,,,,,,0,0,0,0,0,0,0,0,0,0,0,0,0,0,0,0,0,0,0,0,0,0,0,0,0,0,0,0,0,0,0,0,0,0,0,0,0,0,0,0,0,0,0,0,0,0,0,0,0,0,0,
1,8_4,10_51_23,3.9156,0,0,0,3.915594,,2.337,0.992,-1.001778,11.06246,343.5122,-2.174846E-07,0.0000,0.0000,0.0000,0.0000,0.0000,0.0000,0,0,,,,,,,0,0,0,0,0,0,0,0,0,0,0,0,0,0,0,0,0,0,0,0,0,0,0,0,0,0,0,0,0,0,0,0,0,0,0,0,0,0,0,0,0,0,0,0,0,0,0,0,0,0,0,
1,8_4,10_51_23,3.9198,0,0,0,3.919819,,2.337,0.992,-1.001778,11.04133,343.4489,-1.087345E-07,0.0000,0.0000,0.0000,0.0000,0.0000,0.0000,0,0,,,,,,,0,0,0,0,0,0,0,0,0,0,0,0,0,0,0,0,0,0,0,0,0,0,0,0,0,0,0,0,0,0,0,0,0,0,0,0,0,0,0,0,0,0,0,0,0,0,0,0,0,0,0,
1,8_4,10_51_23,3.9242,0,0,0,3.924202,,2.337,0.992,-1.001778,11.04133,343.3831,1.087345E-07,0.0000,0.0000,0.0000,0.0000,0.0000,0.0000,0,0,,,,,,,0,0,0,0,0,0,0,0,0,0,0,0,0,0,0,0,0,0,0,0,0,0,0,0,0,0,0,0,0,0,0,0,0,0,0,0,0,0,0,0,0,0,0,0,0,0,0,0,0,0,0,
1,8_4,10_51_23,3.9281,0,0,0,3.928129,,2.337,0.992,-1.001778,11.04133,343.3438,0,0.0000,0.0000,0.0000,0.0000,0.0000,0.0000,0,0,,,,,,,0,0,0,0,0,0,0,0,0,0,0,0,0,0,0,0,0,0,0,0,0,0,0,0,0,0,0,0,0,0,0,0,0,0,0,0,0,0,0,0,0,0,0,0,0,0,0,0,0,0,0,
1,8_4,10_51_23,3.9315,0,0,0,3.931511,,2.337,0.992,-1.001778,11.04133,343.3269,-1.087345E-07,0.0000,0.0000,0.0000,0.0000,0.0000,0.0000,0,0,,,,,,,0,0,0,0,0,0,0,0,0,0,0,0,0,0,0,0,0,0,0,0,0,0,0,0,0,0,0,0,0,0,0,0,0,0,0,0,0,0,0,0,0,0,0,0,0,0,0,0,0,0,0,
1,8_4,10_51_23,3.9347,0,0,0,3.934743,,2.337,0.992,-1.001778,11.04133,343.3269,-1.087345E-07,0.0000,0.0000,0.0000,0.0000,0.0000,0.0000,0,0,,,,,,,0,0,0,0,0,0,0,0,0,0,0,0,0,0,0,0,0,0,0,0,0,0,0,0,0,0,0,0,0,0,0,0,0,0,0,0,0,0,0,0,0,0,0,0,0,0,0,0,0,0,0,
1,8_4,10_51_23,3.9385,0,0,0,3.938529,,2.337,0.992,-1.001778,11.04133,343.308,-1.087345E-07,0.0000,0.0000,0.0000,0.0000,0.0000,0.0000,0,0,,,,,,,0,0,0,0,0,0,0,0,0,0,0,0,0,0,0,0,0,0,0,0,0,0,0,0,0,0,0,0,0,0,0,0,0,0,0,0,0,0,0,0,0,0,0,0,0,0,0,0,0,0,0,
1,8_4,10_51_23,3.9418,0,0,0,3.941767,,2.337,0.992,-1.001778,11.04133,343.308,-1.087345E-07,0.0000,0.0000,0.0000,0.0000,0.0000,0.0000,0,0,,,,,,,0,0,0,0,0,0,0,0,0,0,0,0,0,0,0,0,0,0,0,0,0,0,0,0,0,0,0,0,0,0,0,0,0,0,0,0,0,0,0,0,0,0,0,0,0,0,0,0,0,0,0,
1,8_4,10_51_23,3.9451,0,0,0,3.94511,,2.337,0.992,-1.001778,11.04133,343.308,-1.087345E-07,0.0000,0.0000,0.0000,0.0000,0.0000,0.0000,0,0,,,,,,,0,0,0,0,0,0,0,0,0,0,0,0,0,0,0,0,0,0,0,0,0,0,0,0,0,0,0,0,0,0,0,0,0,0,0,0,0,0,0,0,0,0,0,0,0,0,0,0,0,0,0,
1,8_4,10_51_23,3.9491,0,0,0,3.94907,,2.337,0.992,-1.001778,11.04133,343.308,-1.087345E-07,0.0000,0.0000,0.0000,0.0000,0.0000,0.0000,0,0,,,,,,,0,0,0,0,0,0,0,0,0,0,0,0,0,0,0,0,0,0,0,0,0,0,0,0,0,0,0,0,0,0,0,0,0,0,0,0,0,0,0,0,0,0,0,0,0,0,0,0,0,0,0,
1,8_4,10_51_23,3.9523,0,0,0,3.952296,,2.337,0.992,-1.001778,11.04133,343.308,-1.087345E-07,0.0000,0.0000,0.0000,0.0000,0.0000,0.0000,0,0,,,,,,,0,0,0,0,0,0,0,0,0,0,0,0,0,0,0,0,0,0,0,0,0,0,0,0,0,0,0,0,0,0,0,0,0,0,0,0,0,0,0,0,0,0,0,0,0,0,0,0,0,0,0,
1,8_4,10_51_23,3.9556,0,0,0,3.955642,,2.337,0.992,-1.001778,11.04133,343.308,-1.087345E-07,0.0000,0.0000,0.0000,0.0000,0.0000,0.0000,0,0,,,,,,,0,0,0,0,0,0,0,0,0,0,0,0,0,0,0,0,0,0,0,0,0,0,0,0,0,0,0,0,0,0,0,0,0,0,0,0,0,0,0,0,0,0,0,0,0,0,0,0,0,0,0,
1,8_4,10_51_23,3.9593,0,0,0,3.959282,,2.337,0.992,-1.001778,11.04133,343.308,-1.087345E-07,0.0000,0.0000,0.0000,0.0000,0.0000,0.0000,0,0,,,,,,,0,0,0,0,0,0,0,0,0,0,0,0,0,0,0,0,0,0,0,0,0,0,0,0,0,0,0,0,0,0,0,0,0,0,0,0,0,0,0,0,0,0,0,0,0,0,0,0,0,0,0,
1,8_4,10_51_23,3.9627,0,0,0,3.962687,,2.337,0.992,-1.001778,11.04133,343.308,-1.087345E-07,0.0000,0.0000,0.0000,0.0000,0.0000,0.0000,0,0,,,,,,,0,0,0,0,0,0,0,0,0,0,0,0,0,0,0,0,0,0,0,0,0,0,0,0,0,0,0,0,0,0,0,0,0,0,0,0,0,0,0,0,0,0,0,0,0,0,0,0,0,0,0,
1,8_4,10_51_23,3.9660,0,0,0,3.965981,,2.337,0.992,-1.001778,11.04133,343.308,-1.087345E-07,0.0000,0.0000,0.0000,0.0000,0.0000,0.0000,0,0,,,,,,,0,0,0,0,0,0,0,0,0,0,0,0,0,0,0,0,0,0,0,0,0,0,0,0,0,0,0,0,0,0,0,0,0,0,0,0,0,0,0,0,0,0,0,0,0,0,0,0,0,0,0,
1,8_4,10_51_23,3.9692,0,0,0,3.969208,,2.337,0.992,-1.001778,11.04133,343.308,-1.087345E-07,0.0000,0.0000,0.0000,0.0000,0.0000,0.0000,0,0,,,,,,,0,0,0,0,0,0,0,0,0,0,0,0,0,0,0,0,0,0,0,0,0,0,0,0,0,0,0,0,0,0,0,0,0,0,0,0,0,0,0,0,0,0,0,0,0,0,0,0,0,0,0,
1,8_4,10_51_23,3.9729,0,0,0,3.972919,,2.337,0.992,-1.001778,11.04133,343.308,-1.087345E-07,0.0000,0.0000,0.0000,0.0000,0.0000,0.0000,0,0,,,,,,,0,0,0,0,0,0,0,0,0,0,0,0,0,0,0,0,0,0,0,0,0,0,0,0,0,0,0,0,0,0,0,0,0,0,0,0,0,0,0,0,0,0,0,0,0,0,0,0,0,0,0,
1,8_4,10_51_23,3.9762,0,0,0,3.976243,,2.337,0.992,-1.001778,11.04133,343.308,-1.087345E-07,0.0000,0.0000,0.0000,0.0000,0.0000,0.0000,0,0,,,,,,,0,0,0,0,0,0,0,0,0,0,0,0,0,0,0,0,0,0,0,0,0,0,0,0,0,0,0,0,0,0,0,0,0,0,0,0,0,0,0,0,0,0,0,0,0,0,0,0,0,0,0,
1,8_4,10_51_23,3.9841,0,0,0,3.984114,,2.337,0.992,-1.001778,11.08069,343.3474,-1.087491E-07,0.0000,0.0000,0.0000,0.0000,0.0000,0.0000,0,0,,,,,,,0,0,0,0,0,0,0,0,0,0,0,0,0,0,0,0,0,0,0,0,0,0,0,0,0,0,0,0,0,0,0,0,0,0,0,0,0,0,0,0,0,0,0,0,0,0,0,0,0,0,0,
1,8_4,10_51_23,3.9881,0,0,0,3.988129,,2.337,0.992,-1.001778,11.14092,343.3674,1.087715E-07,0.0000,0.0000,0.0000,0.0000,0.0000,0.0000,0,0,,,,,,,0,0,0,0,0,0,0,0,0,0,0,0,0,0,0,0,0,0,0,0,0,0,0,0,0,0,0,0,0,0,0,0,0,0,0,0,0,0,0,0,0,0,0,0,0,0,0,0,0,0,0,
1,8_4,10_51_23,3.9921,0,0,0,3.992089,,2.337,0.992,-1.001778,11.18052,343.407,0,0.0000,0.0000,0.0000,0.0000,0.0000,0.0000,0,0,,,,,,,0,0,0,0,0,0,0,0,0,0,0,0,0,0,0,0,0,0,0,0,0,0,0,0,0,0,0,0,0,0,0,0,0,0,0,0,0,0,0,0,0,0,0,0,0,0,0,0,0,0,0,
1,8_4,10_51_23,3.9960,0,0,0,3.995964,,2.337,0.992,-1.001778,11.23865,343.4652,0,0.0000,0.0000,0.0000,0.0000,0.0000,0.0000,0,0,,,,,,,0,0,0,0,0,0,0,0,0,0,0,0,0,0,0,0,0,0,0,0,0,0,0,0,0,0,0,0,0,0,0,0,0,0,0,0,0,0,0,0,0,0,0,0,0,0,0,0,0,0,0,
1,8_4,10_51_23,3.9999,0,0,0,3.999853,,2.337,0.992,-1.001778,11.33586,343.5235,-1.088451E-07,0.0000,0.0000,0.0000,0.0000,0.0000,0.0000,0,0,,,,,,,0,0,0,0,0,0,0,0,0,0,0,0,0,0,0,0,0,0,0,0,0,0,0,0,0,0,0,0,0,0,0,0,0,0,0,0,0,0,0,0,0,0,0,0,0,0,0,0,0,0,0,
1,8_4,10_51_23,4.0037,0,0,0,4.003707,,2.337,0.992,-1.001778,11.43222,343.6199,0,0.0000,0.0000,0.0000,0.0000,0.0000,0.0000,0,0,,,,,,,0,0,0,0,0,0,0,0,0,0,0,0,0,0,0,0,0,0,0,0,0,0,0,0,0,0,0,0,0,0,0,0,0,0,0,0,0,0,0,0,0,0,0,0,0,0,0,0,0,0,0,
1,8_4,10_51_23,4.0078,0,0,0,4.007827,,2.337,0.992,-1.001778,11.53521,343.7434,1.089217E-07,0.0000,0.0000,0.0000,0.0000,0.0000,0.0000,0,0,,,,,,,0,0,0,0,0,0,0,0,0,0,0,0,0,0,0,0,0,0,0,0,0,0,0,0,0,0,0,0,0,0,0,0,0,0,0,0,0,0,0,0,0,0,0,0,0,0,0,0,0,0,0,
1,8_4,10_51_23,4.0117,0,0,0,4.011726,,2.337,0.992,-1.001778,11.63269,343.8604,-1.089597E-07,0.0000,0.0000,0.0000,0.0000,0.0000,0.0000,0,0,,,,,,,0,0,0,0,0,0,0,0,0,0,0,0,0,0,0,0,0,0,0,0,0,0,0,0,0,0,0,0,0,0,0,0,0,0,0,0,0,0,0,0,0,0,0,0,0,0,0,0,0,0,0,
1,8_4,10_51_23,4.0158,0,0,0,4.015764,,2.337,0.992,-1.001778,11.75383,343.9614,1.090074E-07,0.0000,0.0000,0.0000,0.0000,0.0000,0.0000,0,0,,,,,,,0,0,0,0,0,0,0,0,0,0,0,0,0,0,0,0,0,0,0,0,0,0,0,0,0,0,0,0,0,0,0,0,0,0,0,0,0,0,0,0,0,0,0,0,0,0,0,0,0,0,0,
1,8_4,10_51_23,4.0197,0,0,0,4.01972,,2.337,0.992,-1.001778,11.8725,344.1196,0,0.0000,0.0000,0.0000,0.0000,0.0000,0.0000,0,0,,,,,,,0,0,0,0,0,0,0,0,0,0,0,0,0,0,0,0,0,0,0,0,0,0,0,0,0,0,0,0,0,0,0,0,0,0,0,0,0,0,0,0,0,0,0,0,0,0,0,0,0,0,0,
1,8_4,10_51_23,4.0237,0,0,0,4.023668,,2.337,0.992,-1.001778,11.9712,344.238,0,0.0000,0.0000,0.0000,0.0000,0.0000,0.0000,0,0,,,,,,,0,0,0,0,0,0,0,0,0,0,0,0,0,0,0,0,0,0,0,0,0,0,0,0,0,0,0,0,0,0,0,0,0,0,0,0,0,0,0,0,0,0,0,0,0,0,0,0,0,0,0,
1,8_4,10_51_23,4.0278,0,0,0,4.027848,,2.337,0.992,-1.001778,12.09661,344.4052,0,0.0000,0.0000,0.0000,0.0000,0.0000,0.0000,0,0,,,,,,,0,0,0,0,0,0,0,0,0,0,0,0,0,0,0,0,0,0,0,0,0,0,0,0,0,0,0,0,0,0,0,0,0,0,0,0,0,0,0,0,0,0,0,0,0,0,0,0,0,0,0,
1,8_4,10_51_23,4.0318,0,0,0,4.031775,,2.337,0.992,-1.001778,12.17515,344.5427,0,0.0000,0.0000,0.0000,0.0000,0.0000,0.0000,0,0,,,,,,,0,0,0,0,0,0,0,0,0,0,0,0,0,0,0,0,0,0,0,0,0,0,0,0,0,0,0,0,0,0,0,0,0,0,0,0,0,0,0,0,0,0,0,0,0,0,0,0,0,0,0,
1,8_4,10_51_23,4.0356,0,0,0,4.035592,,2.337,0.992,-1.001778,12.28965,344.7144,0,0.0000,0.0000,0.0000,0.0000,0.0000,0.0000,0,0,,,,,,,0,0,0,0,0,0,0,0,0,0,0,0,0,0,0,0,0,0,0,0,0,0,0,0,0,0,0,0,0,0,0,0,0,0,0,0,0,0,0,0,0,0,0,0,0,0,0,0,0,0,0,
1,8_4,10_51_23,4.0396,0,0,0,4.039644,,2.337,0.992,-1.001778,12.37069,344.8968,1.092585E-07,0.0000,0.0000,0.0000,0.0000,0.0000,0.0000,0,0,,,,,,,0,0,0,0,0,0,0,0,0,0,0,0,0,0,0,0,0,0,0,0,0,0,0,0,0,0,0,0,0,0,0,0,0,0,0,0,0,0,0,0,0,0,0,0,0,0,0,0,0,0,0,
1,8_4,10_51_23,4.0443,0,0,0,4.04427,,2.337,0.992,-1.001778,12.37069,344.8968,1.092585E-07,0.0000,0.0000,0.0000,0.0000,0.0000,0.0000,0,0,,,,,,,0,0,0,0,0,0,0,0,0,0,0,0,0,0,0,0,0,0,0,0,0,0,0,0,0,0,0,0,0,0,0,0,0,0,0,0,0,0,0,0,0,0,0,0,0,0,0,0,0,0,0,
1,8_4,10_51_23,4.0483,0,0,0,4.048254,,2.337,0.992,-1.001778,12.5699,345.2554,0,0.0000,0.0000,0.0000,0.0000,0.0000,0.0000,0,0,,,,,,,0,0,0,0,0,0,0,0,0,0,0,0,0,0,0,0,0,0,0,0,0,0,0,0,0,0,0,0,0,0,0,0,0,0,0,0,0,0,0,0,0,0,0,0,0,0,0,0,0,0,0,
1,8_4,10_51_23,4.0526,0,0,0,4.052566,,2.337,0.992,-1.001778,12.6777,345.4494,0,0.0000,0.0000,0.0000,0.0000,0.0000,0.0000,0,0,,,,,,,0,0,0,0,0,0,0,0,0,0,0,0,0,0,0,0,0,0,0,0,0,0,0,0,0,0,0,0,0,0,0,0,0,0,0,0,0,0,0,0,0,0,0,0,0,0,0,0,0,0,0,
1,8_4,10_51_23,4.0572,0,0,0,4.057163,,2.337,0.992,-1.001778,12.74667,345.6563,-1.094183E-07,0.0000,0.0000,0.0000,0.0000,0.0000,0.0000,0,0,,,,,,,0,0,0,0,0,0,0,0,0,0,0,0,0,0,0,0,0,0,0,0,0,0,0,0,0,0,0,0,0,0,0,0,0,0,0,0,0,0,0,0,0,0,0,0,0,0,0,0,0,0,0,
1,8_4,10_51_23,4.0610,0,0,0,4.061022,,2.337,0.992,-1.001778,12.80455,345.8492,0,0.0000,0.0000,0.0000,0.0000,0.0000,0.0000,0,0,,,,,,,0,0,0,0,0,0,0,0,0,0,0,0,0,0,0,0,0,0,0,0,0,0,0,0,0,0,0,0,0,0,0,0,0,0,0,0,0,0,0,0,0,0,0,0,0,0,0,0,0,0,0,
1,8_4,10_51_23,4.0657,0,0,0,4.065705,,2.337,0.992,-1.001778,12.87479,346.1302,0,0.0000,0.0000,0.0000,0.0000,0.0000,0.0000,0,0,,,,,,,0,0,0,0,0,0,0,0,0,0,0,0,0,0,0,0,0,0,0,0,0,0,0,0,0,0,0,0,0,0,0,0,0,0,0,0,0,0,0,0,0,0,0,0,0,0,0,0,0,0,0,
1,8_4,10_51_23,4.0699,0,0,0,4.069852,,2.337,0.992,-1.001778,12.91627,346.3376,0,0.0000,0.0000,0.0000,0.0000,0.0000,0.0000,0,0,,,,,,,0,0,0,0,0,0,0,0,0,0,0,0,0,0,0,0,0,0,0,0,0,0,0,0,0,0,0,0,0,0,0,0,0,0,0,0,0,0,0,0,0,0,0,0,0,0,0,0,0,0,0,
1,8_4,10_51_23,4.0737,0,0,0,4.0737,,2.337,0.992,-1.001778,12.9355,346.53,0,0.0000,0.0000,0.0000,0.0000,0.0000,0.0000,0,0,,,,,,,0,0,0,0,0,0,0,0,0,0,0,0,0,0,0,0,0,0,0,0,0,0,0,0,0,0,0,0,0,0,0,0,0,0,0,0,0,0,0,0,0,0,0,0,0,0,0,0,0,0,0,
1,8_4,10_51_23,4.0778,0,0,0,4.07781,,2.337,0.992,-1.001778,12.9355,346.7149,1.095005E-07,0.0000,0.0000,0.0000,0.0000,0.0000,0.0000,0,0,,,,,,,0,0,0,0,0,0,0,0,0,0,0,0,0,0,0,0,0,0,0,0,0,0,0,0,0,0,0,0,0,0,0,0,0,0,0,0,0,0,0,0,0,0,0,0,0,0,0,0,0,0,0,
1,8_4,10_51_23,4.0816,0,0,0,4.081634,,2.337,0.992,-1.001778,12.95462,346.9061,-1.095089E-07,0.0000,0.0000,0.0000,0.0000,0.0000,0.0000,0,0,,,,,,,0,0,0,0,0,0,0,0,0,0,0,0,0,0,0,0,0,0,0,0,0,0,0,0,0,0,0,0,0,0,0,0,0,0,0,0,0,0,0,0,0,0,0,0,0,0,0,0,0,0,0,
1,8_4,10_51_23,4.0863,0,0,0,4.086304,,2.337,0.992,-1.001778,12.95462,347.2096,-1.095089E-07,0.0000,0.0000,0.0000,0.0000,0.0000,0.0000,0,0,,,,,,,0,0,0,0,0,0,0,0,0,0,0,0,0,0,0,0,0,0,0,0,0,0,0,0,0,0,0,0,0,0,0,0,0,0,0,0,0,0,0,0,0,0,0,0,0,0,0,0,0,0,0,
1,8_4,10_51_23,4.0908,0,0,0,4.090824,,2.337,0.992,-1.001778,12.95462,347.4357,1.095089E-07,0.0000,0.0000,0.0000,0.0000,0.0000,0.0000,0,0,,,,,,,0,0,0,0,0,0,0,0,0,0,0,0,0,0,0,0,0,0,0,0,0,0,0,0,0,0,0,0,0,0,0,0,0,0,0,0,0,0,0,0,0,0,0,0,0,0,0,0,0,0,0,
1,8_4,10_51_23,4.0960,0,0,0,4.096046,,2.337,0.992,-1.001778,12.85019,347.6967,0,0.0000,0.0000,0.0000,0.0000,0.0000,0.0000,0,0,,,,,,,0,0,0,0,0,0,0,0,0,0,0,0,0,0,0,0,0,0,0,0,0,0,0,0,0,0,0,0,0,0,0,0,0,0,0,0,0,0,0,0,0,0,0,0,0,0,0,0,0,0,0,
1,8_4,10_51_23,4.1000,0,0,0,4.099978,,2.337,0.992,-1.001778,12.83053,347.854,1.094547E-07,0.0000,0.0000,0.0000,0.0000,0.0000,0.0000,0,0,,,,,,,0,0,0,0,0,0,0,0,0,0,0,0,0,0,0,0,0,0,0,0,0,0,0,0,0,0,0,0,0,0,0,0,0,0,0,0,0,0,0,0,0,0,0,0,0,0,0,0,0,0,0,
1,8_4,10_51_23,4.1040,0,0,0,4.103956,,2.337,0.992,-1.001778,12.79075,347.9933,1.094374E-07,0.0000,0.0000,0.0000,0.0000,0.0000,0.0000,0,0,,,,,,,0,0,0,0,0,0,0,0,0,0,0,0,0,0,0,0,0,0,0,0,0,0,0,0,0,0,0,0,0,0,0,0,0,0,0,0,0,0,0,0,0,0,0,0,0,0,0,0,0,0,0,
1,8_4,10_51_23,4.1080,0,0,0,4.107983,,2.337,0.992,-1.001778,12.73035,348.1141,-1.094112E-07,0.0000,0.0000,0.0000,0.0000,0.0000,0.0000,0,0,,,,,,,0,0,0,0,0,0,0,0,0,0,0,0,0,0,0,0,0,0,0,0,0,0,0,0,0,0,0,0,0,0,0,0,0,0,0,0,0,0,0,0,0,0,0,0,0,0,0,0,0,0,0,
1,8_4,10_51_23,4.1118,0,0,0,4.11176,,2.337,0.992,-1.001778,12.6548,348.1896,0,0.0000,0.0000,0.0000,0.0000,0.0000,0.0000,0,0,,,,,,,0,0,0,0,0,0,0,0,0,0,0,0,0,0,0,0,0,0,0,0,0,0,0,0,0,0,0,0,0,0,0,0,0,0,0,0,0,0,0,0,0,0,0,0,0,0,0,0,0,0,0,
1,8_4,10_51_23,4.1163,0,0,0,4.116302,,2.337,0.992,-1.001778,12.58667,348.2805,0,0.0000,0.0000,0.0000,0.0000,0.0000,0.0000,0,0,,,,,,,0,0,0,0,0,0,0,0,0,0,0,0,0,0,0,0,0,0,0,0,0,0,0,0,0,0,0,0,0,0,0,0,0,0,0,0,0,0,0,0,0,0,0,0,0,0,0,0,0,0,0,
1,8_4,10_51_23,4.1206,0,0,0,4.120635,,2.337,0.992,-1.001778,12.47836,348.3238,0,0.0000,0.0000,0.0000,0.0000,0.0000,0.0000,0,0,,,,,,,0,0,0,0,0,0,0,0,0,0,0,0,0,0,0,0,0,0,0,0,0,0,0,0,0,0,0,0,0,0,0,0,0,0,0,0,0,0,0,0,0,0,0,0,0,0,0,0,0,0,0,
1,8_4,10_51_23,4.1252,0,0,0,4.125246,,2.337,0.992,-1.001778,12.43225,348.3699,0,0.0000,0.0000,0.0000,0.0000,0.0000,0.0000,0,0,,,,,,,0,0,0,0,0,0,0,0,0,0,0,0,0,0,0,0,0,0,0,0,0,0,0,0,0,0,0,0,0,0,0,0,0,0,0,0,0,0,0,0,0,0,0,0,0,0,0,0,0,0,0,
1,8_4,10_51_23,4.1292,0,0,0,4.129182,,2.337,0.992,-1.001778,12.35352,348.3896,0,0.0000,0.0000,0.0000,0.0000,0.0000,0.0000,0,0,,,,,,,0,0,0,0,0,0,0,0,0,0,0,0,0,0,0,0,0,0,0,0,0,0,0,0,0,0,0,0,0,0,0,0,0,0,0,0,0,0,0,0,0,0,0,0,0,0,0,0,0,0,0,
1,8_4,10_51_23,4.1330,0,0,0,4.133046,,2.337,0.992,-1.001778,12.27625,348.3896,0,0.0000,0.0000,0.0000,0.0000,0.0000,0.0000,0,0,,,,,,,0,0,0,0,0,0,0,0,0,0,0,0,0,0,0,0,0,0,0,0,0,0,0,0,0,0,0,0,0,0,0,0,0,0,0,0,0,0,0,0,0,0,0,0,0,0,0,0,0,0,0,
1,8_4,10_51_23,4.1382,0,0,0,4.138156,,2.337,0.992,-1.001778,12.17403,348.4407,0,0.0000,0.0000,0.0000,0.0000,0.0000,0.0000,0,0,,,,,,,0,0,0,0,0,0,0,0,0,0,0,0,0,0,0,0,0,0,0,0,0,0,0,0,0,0,0,0,0,0,0,0,0,0,0,0,0,0,0,0,0,0,0,0,0,0,0,0,0,0,0,
1,8_4,10_51_23,4.1420,0,0,0,4.142047,,2.337,0.992,-1.001778,12.05732,348.4407,0,0.0000,0.0000,0.0000,0.0000,0.0000,0.0000,0,0,,,,,,,0,0,0,0,0,0,0,0,0,0,0,0,0,0,0,0,0,0,0,0,0,0,0,0,0,0,0,0,0,0,0,0,0,0,0,0,0,0,0,0,0,0,0,0,0,0,0,0,0,0,0,
1,8_4,10_51_23,4.1455,0,0,0,4.145452,,2.337,0.992,-1.001778,12.05732,348.4407,0,0.0000,0.0000,0.0000,0.0000,0.0000,0.0000,0,0,,,,,,,0,0,0,0,0,0,0,0,0,0,0,0,0,0,0,0,0,0,0,0,0,0,0,0,0,0,0,0,0,0,0,0,0,0,0,0,0,0,0,0,0,0,0,0,0,0,0,0,0,0,0,
1,8_4,10_51_23,4.1493,0,0,0,4.149309,,2.337,0.992,-1.001778,11.86447,348.4407,0,0.0000,0.0000,0.0000,0.0000,0.0000,0.0000,0,0,,,,,,,0,0,0,0,0,0,0,0,0,0,0,0,0,0,0,0,0,0,0,0,0,0,0,0,0,0,0,0,0,0,0,0,0,0,0,0,0,0,0,0,0,0,0,0,0,0,0,0,0,0,0,
1,8_4,10_51_23,4.1538,0,0,0,4.153751,,2.337,0.992,-1.001778,11.709,348.4407,1.089897E-07,0.0000,0.0000,0.0000,0.0000,0.0000,0.0000,0,0,,,,,,,0,0,0,0,0,0,0,0,0,0,0,0,0,0,0,0,0,0,0,0,0,0,0,0,0,0,0,0,0,0,0,0,0,0,0,0,0,0,0,0,0,0,0,0,0,0,0,0,0,0,0,
1,8_4,10_51_23,4.1577,0,0,0,4.157693,,2.337,0.992,-1.001778,11.61045,348.4407,0,0.0000,0.0000,0.0000,0.0000,0.0000,0.0000,0,0,,,,,,,0,0,0,0,0,0,0,0,0,0,0,0,0,0,0,0,0,0,0,0,0,0,0,0,0,0,0,0,0,0,0,0,0,0,0,0,0,0,0,0,0,0,0,0,0,0,0,0,0,0,0,
1,8_4,10_51_23,4.1616,0,0,0,4.161608,,2.337,0.992,-1.001778,11.47343,348.4407,1.088978E-07,0.0000,0.0000,0.0000,0.0000,0.0000,0.0000,0,0,,,,,,,0,0,0,0,0,0,0,0,0,0,0,0,0,0,0,0,0,0,0,0,0,0,0,0,0,0,0,0,0,0,0,0,0,0,0,0,0,0,0,0,0,0,0,0,0,0,0,0,0,0,0,
1,8_4,10_51_23,4.1656,0,0,0,4.165622,,2.337,0.992,-1.001778,11.33294,348.4407,0,0.0000,0.0000,0.0000,0.0000,0.0000,0.0000,0,0,,,,,,,0,0,0,0,0,0,0,0,0,0,0,0,0,0,0,0,0,0,0,0,0,0,0,0,0,0,0,0,0,0,0,0,0,0,0,0,0,0,0,0,0,0,0,0,0,0,0,0,0,0,0,
1,8_4,10_51_23,4.1696,0,0,0,4.169645,,2.337,0.992,-1.001778,11.19213,348.4608,-1.087907E-07,0.0000,0.0000,0.0000,0.0000,0.0000,0.0000,0,0,,,,,,,0,0,0,0,0,0,0,0,0,0,0,0,0,0,0,0,0,0,0,0,0,0,0,0,0,0,0,0,0,0,0,0,0,0,0,0,0,0,0,0,0,0,0,0,0,0,0,0,0,0,0,
1,8_4,10_51_23,4.1734,0,0,0,4.17342,,2.337,0.992,-1.001778,11.19213,348.4608,-1.087907E-07,0.0000,0.0000,0.0000,0.0000,0.0000,0.0000,0,0,,,,,,,0,0,0,0,0,0,0,0,0,0,0,0,0,0,0,0,0,0,0,0,0,0,0,0,0,0,0,0,0,0,0,0,0,0,0,0,0,0,0,0,0,0,0,0,0,0,0,0,0,0,0,
1,8_4,10_51_23,4.1776,0,0,0,4.177595,,2.337,0.992,-1.001778,10.89994,348.5025,1.086825E-07,0.0000,0.0000,0.0000,0.0000,0.0000,0.0000,0,0,,,,,,,0,0,0,0,0,0,0,0,0,0,0,0,0,0,0,0,0,0,0,0,0,0,0,0,0,0,0,0,0,0,0,0,0,0,0,0,0,0,0,0,0,0,0,0,0,0,0,0,0,0,0,
1,8_4,10_51_23,4.1819,0,0,0,4.181864,,2.337,0.992,-1.001778,10.72917,348.5239,0,0.0000,0.0000,0.0000,0.0000,0.0000,0.0000,0,0,,,,,,,0,0,0,0,0,0,0,0,0,0,0,0,0,0,0,0,0,0,0,0,0,0,0,0,0,0,0,0,0,0,0,0,0,0,0,0,0,0,0,0,0,0,0,0,0,0,0,0,0,0,0,
1,8_4,10_51_23,4.1857,0,0,0,4.185737,,2.337,0.992,-1.001778,10.57424,348.5432,0,0.0000,0.0000,0.0000,0.0000,0.0000,0.0000,0,0,,,,,,,0,0,0,0,0,0,0,0,0,0,0,0,0,0,0,0,0,0,0,0,0,0,0,0,0,0,0,0,0,0,0,0,0,0,0,0,0,0,0,0,0,0,0,0,0,0,0,0,0,0,0,
1,8_4,10_51_23,4.1898,0,0,0,4.189777,,2.337,0.992,-1.001778,10.43283,348.5634,1.085157E-07,0.0000,0.0000,0.0000,0.0000,0.0000,0.0000,0,0,,,,,,,0,0,0,0,0,0,0,0,0,0,0,0,0,0,0,0,0,0,0,0,0,0,0,0,0,0,0,0,0,0,0,0,0,0,0,0,0,0,0,0,0,0,0,0,0,0,0,0,0,0,0,
1,8_4,10_51_23,4.1937,0,0,0,4.193714,,2.337,0.992,-1.001778,10.27538,348.6028,0,0.0000,0.0000,0.0000,0.0000,0.0000,0.0000,0,0,,,,,,,0,0,0,0,0,0,0,0,0,0,0,0,0,0,0,0,0,0,0,0,0,0,0,0,0,0,0,0,0,0,0,0,0,0,0,0,0,0,0,0,0,0,0,0,0,0,0,0,0,0,0,
1,8_4,10_51_23,4.1978,0,0,0,4.197764,,2.337,0.992,-1.001778,10.13362,348.623,0,0.0000,0.0000,0.0000,0.0000,0.0000,0.0000,0,0,,,,,,,0,0,0,0,0,0,0,0,0,0,0,0,0,0,0,0,0,0,0,0,0,0,0,0,0,0,0,0,0,0,0,0,0,0,0,0,0,0,0,0,0,0,0,0,0,0,0,0,0,0,0,
1,8_4,10_51_23,4.2019,0,0,0,4.201936,,2.337,0.992,-1.001778,9.987587,348.6648,0,0.0000,0.0000,0.0000,0.0000,0.0000,0.0000,0,0,,,,,,,0,0,0,0,0,0,0,0,0,0,0,0,0,0,0,0,0,0,0,0,0,0,0,0,0,0,0,0,0,0,0,0,0,0,0,0,0,0,0,0,0,0,0,0,0,0,0,0,0,0,0,
1,8_4,10_51_23,4.2065,0,0,0,4.206454,,2.337,0.992,-1.001778,9.806867,348.71,0,0.0000,0.0000,0.0000,0.0000,0.0000,0.0000,0,0,,,,,,,0,0,0,0,0,0,0,0,0,0,0,0,0,0,0,0,0,0,0,0,0,0,0,0,0,0,0,0,0,0,0,0,0,0,0,0,0,0,0,0,0,0,0,0,0,0,0,0,0,0,0,
1,8_4,10_51_23,4.2108,0,0,0,4.210818,,2.337,0.992,-1.001778,9.675945,348.7972,0,0.0000,0.0000,0.0000,0.0000,0.0000,0.0000,0,0,,,,,,,0,0,0,0,0,0,0,0,0,0,0,0,0,0,0,0,0,0,0,0,0,0,0,0,0,0,0,0,0,0,0,0,0,0,0,0,0,0,0,0,0,0,0,0,0,0,0,0,0,0,0,
1,8_4,10_51_23,4.2150,0,0,0,4.214956,,2.337,0.992,-1.001778,9.551816,348.8386,0,0.0000,0.0000,0.0000,0.0000,0.0000,0.0000,0,0,,,,,,,0,0,0,0,0,0,0,0,0,0,0,0,0,0,0,0,0,0,0,0,0,0,0,0,0,0,0,0,0,0,0,0,0,0,0,0,0,0,0,0,0,0,0,0,0,0,0,0,0,0,0,
1,8_4,10_51_23,4.2189,0,0,0,4.218919,,2.337,0.992,-1.001778,9.492372,348.8981,0,0.0000,0.0000,0.0000,0.0000,0.0000,0.0000,0,0,,,,,,,0,0,0,0,0,0,0,0,0,0,0,0,0,0,0,0,0,0,0,0,0,0,0,0,0,0,0,0,0,0,0,0,0,0,0,0,0,0,0,0,0,0,0,0,0,0,0,0,0,0,0,
1,8_4,10_51_23,4.2234,0,0,0,4.223415,,2.337,0.992,-1.001778,9.357486,348.988,0,0.0000,0.0000,0.0000,0.0000,0.0000,0.0000,0,0,,,,,,,0,0,0,0,0,0,0,0,0,0,0,0,0,0,0,0,0,0,0,0,0,0,0,0,0,0,0,0,0,0,0,0,0,0,0,0,0,0,0,0,0,0,0,0,0,0,0,0,0,0,0,
1,8_4,10_51_23,4.2288,0,0,0,4.228802,,2.337,0.992,-1.001778,9.249749,349.1227,-5.406384E-08,0.0000,0.0000,0.0000,0.0000,0.0000,0.0000,0,0,,,,,,,0,0,0,0,0,0,0,0,0,0,0,0,0,0,0,0,0,0,0,0,0,0,0,0,0,0,0,0,0,0,0,0,0,0,0,0,0,0,0,0,0,0,0,0,0,0,0,0,0,0,0,
1,8_4,10_51_23,4.2328,0,0,0,4.23276,,2.337,0.992,-1.001778,9.190377,349.182,-5.405475E-08,0.0000,0.0000,0.0000,0.0000,0.0000,0.0000,0,0,,,,,,,0,0,0,0,0,0,0,0,0,0,0,0,0,0,0,0,0,0,0,0,0,0,0,0,0,0,0,0,0,0,0,0,0,0,0,0,0,0,0,0,0,0,0,0,0,0,0,0,0,0,0,
1,8_4,10_51_23,4.2369,0,0,0,4.236906,,2.337,0.992,-1.001778,9.148921,349.265,-5.404843E-08,0.0000,0.0000,0.0000,0.0000,0.0000,0.0000,0,0,,,,,,,0,0,0,0,0,0,0,0,0,0,0,0,0,0,0,0,0,0,0,0,0,0,0,0,0,0,0,0,0,0,0,0,0,0,0,0,0,0,0,0,0,0,0,0,0,0,0,0,0,0,0,
1,8_4,10_51_23,4.2406,0,0,0,4.240601,,2.337,0.992,-1.001778,9.111968,349.3204,-5.404284E-08,0.0000,0.0000,0.0000,0.0000,0.0000,0.0000,0,0,,,,,,,0,0,0,0,0,0,0,0,0,0,0,0,0,0,0,0,0,0,0,0,0,0,0,0,0,0,0,0,0,0,0,0,0,0,0,0,0,0,0,0,0,0,0,0,0,0,0,0,0,0,0,
1,8_4,10_51_23,4.2456,0,0,0,4.245577,,2.337,0.992,-1.001778,9.062209,349.4448,-5.403532E-08,0.0000,0.0000,0.0000,0.0000,0.0000,0.0000,0,0,,,,,,,0,0,0,0,0,0,0,0,0,0,0,0,0,0,0,0,0,0,0,0,0,0,0,0,0,0,0,0,0,0,0,0,0,0,0,0,0,0,0,0,0,0,0,0,0,0,0,0,0,0,0,
1,8_4,10_51_23,4.2497,0,0,0,4.249698,,2.337,0.992,-1.001778,9.000398,349.5272,-5.402607E-08,0.0000,0.0000,0.0000,0.0000,0.0000,0.0000,0,0,,,,,,,0,0,0,0,0,0,0,0,0,0,0,0,0,0,0,0,0,0,0,0,0,0,0,0,0,0,0,0,0,0,0,0,0,0,0,0,0,0,0,0,0,0,0,0,0,0,0,0,0,0,0,
1,8_4,10_51_23,4.2534,0,0,0,4.253395,,2.337,0.992,-1.001778,9.000398,349.6011,0,0.0000,0.0000,0.0000,0.0000,0.0000,0.0000,0,0,,,,,,,0,0,0,0,0,0,0,0,0,0,0,0,0,0,0,0,0,0,0,0,0,0,0,0,0,0,0,0,0,0,0,0,0,0,0,0,0,0,0,0,0,0,0,0,0,0,0,0,0,0,0,
1,8_4,10_51_23,4.2572,0,0,0,4.257161,,2.337,0.992,-1.001778,8.96273,349.6765,-5.402044E-08,0.0000,0.0000,0.0000,0.0000,0.0000,0.0000,0,0,,,,,,,0,0,0,0,0,0,0,0,0,0,0,0,0,0,0,0,0,0,0,0,0,0,0,0,0,0,0,0,0,0,0,0,0,0,0,0,0,0,0,0,0,0,0,0,0,0,0,0,0,0,0,
1,8_4,10_51_23,4.2611,0,0,0,4.261143,,2.337,0.992,-1.001778,8.942822,349.776,-5.401749E-08,0.0000,0.0000,0.0000,0.0000,0.0000,0.0000,0,0,,,,,,,0,0,0,0,0,0,0,0,0,0,0,0,0,0,0,0,0,0,0,0,0,0,0,0,0,0,0,0,0,0,0,0,0,0,0,0,0,0,0,0,0,0,0,0,0,0,0,0,0,0,0,
1,8_4,10_51_23,4.2652,0,0,0,4.265154,,2.337,0.992,-1.001778,8.922765,349.8763,0,0.0000,0.0000,0.0000,0.0000,0.0000,0.0000,0,0,,,,,,,0,0,0,0,0,0,0,0,0,0,0,0,0,0,0,0,0,0,0,0,0,0,0,0,0,0,0,0,0,0,0,0,0,0,0,0,0,0,0,0,0,0,0,0,0,0,0,0,0,0,0,
1,8_4,10_51_23,4.2695,0,0,0,4.26949,,2.337,0.992,-1.001778,8.922764,349.963,-5.401451E-08,0.0000,0.0000,0.0000,0.0000,0.0000,0.0000,0,0,,,,,,,0,0,0,0,0,0,0,0,0,0,0,0,0,0,0,0,0,0,0,0,0,0,0,0,0,0,0,0,0,0,0,0,0,0,0,0,0,0,0,0,0,0,0,0,0,0,0,0,0,0,0,
1,8_4,10_51_23,4.2736,0,0,0,4.273603,,2.337,0.992,-1.001778,8.902202,350.0864,-5.401147E-08,0.0000,0.0000,0.0000,0.0000,0.0000,0.0000,0,0,,,,,,,0,0,0,0,0,0,0,0,0,0,0,0,0,0,0,0,0,0,0,0,0,0,0,0,0,0,0,0,0,0,0,0,0,0,0,0,0,0,0,0,0,0,0,0,0,0,0,0,0,0,0,
1,8_4,10_51_23,4.2775,0,0,0,4.277542,,2.337,0.992,-1.001778,8.882507,350.1848,0,0.0000,0.0000,0.0000,0.0000,0.0000,0.0000,0,0,,,,,,,0,0,0,0,0,0,0,0,0,0,0,0,0,0,0,0,0,0,0,0,0,0,0,0,0,0,0,0,0,0,0,0,0,0,0,0,0,0,0,0,0,0,0,0,0,0,0,0,0,0,0,
1,8_4,10_51_23,4.2813,0,0,0,4.281327,,2.337,0.992,-1.001778,8.882507,350.1848,0,0.0000,0.0000,0.0000,0.0000,0.0000,0.0000,0,0,,,,,,,0,0,0,0,0,0,0,0,0,0,0,0,0,0,0,0,0,0,0,0,0,0,0,0,0,0,0,0,0,0,0,0,0,0,0,0,0,0,0,0,0,0,0,0,0,0,0,0,0,0,0,
1,8_4,10_51_23,4.2855,0,0,0,4.285482,,2.337,0.992,-1.001778,8.861733,350.4549,0,0.0000,0.0000,0.0000,0.0000,0.0000,0.0000,0,0,,,,,,,0,0,0,0,0,0,0,0,0,0,0,0,0,0,0,0,0,0,0,0,0,0,0,0,0,0,0,0,0,0,0,0,0,0,0,0,0,0,0,0,0,0,0,0,0,0,0,0,0,0,0,
1,8_4,10_51_23,4.2893,0,0,0,4.28927,,2.337,0.992,-1.001778,8.861733,350.4549,0,0.0000,0.0000,0.0000,0.0000,0.0000,0.0000,0,0,,,,,,,0,0,0,0,0,0,0,0,0,0,0,0,0,0,0,0,0,0,0,0,0,0,0,0,0,0,0,0,0,0,0,0,0,0,0,0,0,0,0,0,0,0,0,0,0,0,0,0,0,0,0,
1,8_4,10_51_23,4.2935,0,0,0,4.293465,,2.337,0.992,-1.001778,8.840765,350.7275,-5.400244E-08,0.0000,0.0000,0.0000,0.0000,0.0000,0.0000,0,0,,,,,,,0,0,0,0,0,0,0,0,0,0,0,0,0,0,0,0,0,0,0,0,0,0,0,0,0,0,0,0,0,0,0,0,0,0,0,0,0,0,0,0,0,0,0,0,0,0,0,0,0,0,0,
1,8_4,10_51_23,4.2968,0,0,0,4.296758,,2.337,0.992,-1.001778,8.840765,350.7275,-5.400244E-08,0.0000,0.0000,0.0000,0.0000,0.0000,0.0000,0,0,,,,,,,0,0,0,0,0,0,0,0,0,0,0,0,0,0,0,0,0,0,0,0,0,0,0,0,0,0,0,0,0,0,0,0,0,0,0,0,0,0,0,0,0,0,0,0,0,0,0,0,0,0,0,
1,8_4,10_51_23,4.3006,0,0,0,4.300587,,2.337,0.992,-1.001778,8.802472,350.9573,0,0.0000,0.0000,0.0000,0.0000,0.0000,0.0000,0,0,,,,,,,0,0,0,0,0,0,0,0,0,0,0,0,0,0,0,0,0,0,0,0,0,0,0,0,0,0,0,0,0,0,0,0,0,0,0,0,0,0,0,0,0,0,0,0,0,0,0,0,0,0,0,
1,8_4,10_51_23,4.3041,0,0,0,4.304091,,2.337,0.992,-1.001778,8.802472,350.9573,0,0.0000,0.0000,0.0000,0.0000,0.0000,0.0000,0,0,,,,,,,0,0,0,0,0,0,0,0,0,0,0,0,0,0,0,0,0,0,0,0,0,0,0,0,0,0,0,0,0,0,0,0,0,0,0,0,0,0,0,0,0,0,0,0,0,0,0,0,0,0,0,
1,8_4,10_51_23,4.3086,0,0,0,4.308601,,2.337,0.992,-1.001778,8.75738,351.2955,-5.399028E-08,0.0000,0.0000,0.0000,0.0000,0.0000,0.0000,0,0,,,,,,,0,0,0,0,0,0,0,0,0,0,0,0,0,0,0,0,0,0,0,0,0,0,0,0,0,0,0,0,0,0,0,0,0,0,0,0,0,0,0,0,0,0,0,0,0,0,0,0,0,0,0,
1,8_4,10_51_23,4.3130,0,0,0,4.312987,,2.337,0.992,-1.001778,8.735448,351.449,5.398709E-08,0.0000,0.0000,0.0000,0.0000,0.0000,0.0000,0,0,,,,,,,0,0,0,0,0,0,0,0,0,0,0,0,0,0,0,0,0,0,0,0,0,0,0,0,0,0,0,0,0,0,0,0,0,0,0,0,0,0,0,0,0,0,0,0,0,0,0,0,0,0,0,
1,8_4,10_51_23,4.3168,0,0,0,4.316834,,2.337,0.992,-1.001778,8.735448,351.5836,-1.079742E-07,0.0000,0.0000,0.0000,0.0000,0.0000,0.0000,0,0,,,,,,,0,0,0,0,0,0,0,0,0,0,0,0,0,0,0,0,0,0,0,0,0,0,0,0,0,0,0,0,0,0,0,0,0,0,0,0,0,0,0,0,0,0,0,0,0,0,0,0,0,0,0,
1,8_4,10_51_23,4.3206,0,0,0,4.32057,,2.337,0.992,-1.001778,8.71677,351.7144,-5.398439E-08,0.0000,0.0000,0.0000,0.0000,0.0000,0.0000,0,0,,,,,,,0,0,0,0,0,0,0,0,0,0,0,0,0,0,0,0,0,0,0,0,0,0,0,0,0,0,0,0,0,0,0,0,0,0,0,0,0,0,0,0,0,0,0,0,0,0,0,0,0,0,0,
1,8_4,10_51_23,4.3245,0,0,0,4.324521,,2.337,0.992,-1.001778,8.697017,351.8329,-5.398154E-08,0.0000,0.0000,0.0000,0.0000,0.0000,0.0000,0,0,,,,,,,0,0,0,0,0,0,0,0,0,0,0,0,0,0,0,0,0,0,0,0,0,0,0,0,0,0,0,0,0,0,0,0,0,0,0,0,0,0,0,0,0,0,0,0,0,0,0,0,0,0,0,
1,8_4,10_51_23,4.3283,0,0,0,4.328319,,2.337,0.992,-1.001778,8.678025,351.9659,5.397882E-08,0.0000,0.0000,0.0000,0.0000,0.0000,0.0000,0,0,,,,,,,0,0,0,0,0,0,0,0,0,0,0,0,0,0,0,0,0,0,0,0,0,0,0,0,0,0,0,0,0,0,0,0,0,0,0,0,0,0,0,0,0,0,0,0,0,0,0,0,0,0,0,
1,8_4,10_51_23,4.3320,0,0,0,4.33197,,2.337,0.992,-1.001778,8.678026,352.0571,-1.079576E-07,0.0000,0.0000,0.0000,0.0000,0.0000,0.0000,0,0,,,,,,,0,0,0,0,0,0,0,0,0,0,0,0,0,0,0,0,0,0,0,0,0,0,0,0,0,0,0,0,0,0,0,0,0,0,0,0,0,0,0,0,0,0,0,0,0,0,0,0,0,0,0,
1,8_4,10_51_23,4.3357,0,0,0,4.335679,,2.337,0.992,-1.001778,8.659479,352.187,-5.397614E-08,0.0000,0.0000,0.0000,0.0000,0.0000,0.0000,0,0,,,,,,,0,0,0,0,0,0,0,0,0,0,0,0,0,0,0,0,0,0,0,0,0,0,0,0,0,0,0,0,0,0,0,0,0,0,0,0,0,0,0,0,0,0,0,0,0,0,0,0,0,0,0,
1,8_4,10_51_23,4.3395,0,0,0,4.33954,,2.337,0.992,-1.001778,8.620872,352.3221,-5.397062E-08,0.0000,0.0000,0.0000,0.0000,0.0000,0.0000,0,0,,,,,,,0,0,0,0,0,0,0,0,0,0,0,0,0,0,0,0,0,0,0,0,0,0,0,0,0,0,0,0,0,0,0,0,0,0,0,0,0,0,0,0,0,0,0,0,0,0,0,0,0,0,0,
1,8_4,10_51_23,4.3437,0,0,0,4.343728,,2.337,0.992,-1.001778,8.578992,352.4686,0,0.0000,0.0000,0.0000,0.0000,0.0000,0.0000,0,0,,,,,,,0,0,0,0,0,0,0,0,0,0,0,0,0,0,0,0,0,0,0,0,0,0,0,0,0,0,0,0,0,0,0,0,0,0,0,0,0,0,0,0,0,0,0,0,0,0,0,0,0,0,0,
1,8_4,10_51_23,4.3475,0,0,0,4.347465,,2.337,0.992,-1.001778,8.54162,352.5995,0,0.0000,0.0000,0.0000,0.0000,0.0000,0.0000,0,0,,,,,,,0,0,0,0,0,0,0,0,0,0,0,0,0,0,0,0,0,0,0,0,0,0,0,0,0,0,0,0,0,0,0,0,0,0,0,0,0,0,0,0,0,0,0,0,0,0,0,0,0,0,0,
1,8_4,10_51_23,4.3516,0,0,0,4.351648,,2.337,0.992,-1.001778,8.499784,352.7668,-1.079069E-07,0.0000,0.0000,0.0000,0.0000,0.0000,0.0000,0,0,,,,,,,0,0,0,0,0,0,0,0,0,0,0,0,0,0,0,0,0,0,0,0,0,0,0,0,0,0,0,0,0,0,0,0,0,0,0,0,0,0,0,0,0,0,0,0,0,0,0,0,0,0,0,
1,8_4,10_51_23,4.3568,0,0,0,4.356758,,2.337,0.992,-1.001778,8.423141,352.9967,5.394272E-08,0.0000,0.0000,0.0000,0.0000,0.0000,0.0000,0,0,,,,,,,0,0,0,0,0,0,0,0,0,0,0,0,0,0,0,0,0,0,0,0,0,0,0,0,0,0,0,0,0,0,0,0,0,0,0,0,0,0,0,0,0,0,0,0,0,0,0,0,0,0,0,
1,8_4,10_51_23,4.3614,0,0,0,4.361396,,2.337,0.992,-1.001778,8.353569,353.2054,0,0.0000,0.0000,0.0000,0.0000,0.0000,0.0000,0,0,,,,,,,0,0,0,0,0,0,0,0,0,0,0,0,0,0,0,0,0,0,0,0,0,0,0,0,0,0,0,0,0,0,0,0,0,0,0,0,0,0,0,0,0,0,0,0,0,0,0,0,0,0,0,
1,8_4,10_51_23,4.3652,0,0,0,4.365176,,2.337,0.992,-1.001778,8.315772,353.3377,0,0.0000,0.0000,0.0000,0.0000,0.0000,0.0000,0,0,,,,,,,0,0,0,0,0,0,0,0,0,0,0,0,0,0,0,0,0,0,0,0,0,0,0,0,0,0,0,0,0,0,0,0,0,0,0,0,0,0,0,0,0,0,0,0,0,0,0,0,0,0,0,
1,8_4,10_51_23,4.3694,0,0,0,4.369425,,2.337,0.992,-1.001778,8.273282,353.5077,-5.392202E-08,0.0000,0.0000,0.0000,0.0000,0.0000,0.0000,0,0,,,,,,,0,0,0,0,0,0,0,0,0,0,0,0,0,0,0,0,0,0,0,0,0,0,0,0,0,0,0,0,0,0,0,0,0,0,0,0,0,0,0,0,0,0,0,0,0,0,0,0,0,0,0,
1,8_4,10_51_23,4.3747,0,0,0,4.374662,,2.337,0.992,-1.001778,8.168546,353.691,0,0.0000,0.0000,0.0000,0.0000,0.0000,0.0000,0,0,,,,,,,0,0,0,0,0,0,0,0,0,0,0,0,0,0,0,0,0,0,0,0,0,0,0,0,0,0,0,0,0,0,0,0,0,0,0,0,0,0,0,0,0,0,0,0,0,0,0,0,0,0,0,
1,8_4,10_51_23,4.3791,0,0,0,4.379052,,2.337,0.992,-1.001778,8.124648,353.8446,0,0.0000,0.0000,0.0000,0.0000,0.0000,0.0000,0,0,,,,,,,0,0,0,0,0,0,0,0,0,0,0,0,0,0,0,0,0,0,0,0,0,0,0,0,0,0,0,0,0,0,0,0,0,0,0,0,0,0,0,0,0,0,0,0,0,0,0,0,0,0,0,
1,8_4,10_51_23,4.3828,0,0,0,4.382829,,2.337,0.992,-1.001778,8.067992,353.9579,0,0.0000,0.0000,0.0000,0.0000,0.0000,0.0000,0,0,,,,,,,0,0,0,0,0,0,0,0,0,0,0,0,0,0,0,0,0,0,0,0,0,0,0,0,0,0,0,0,0,0,0,0,0,0,0,0,0,0,0,0,0,0,0,0,0,0,0,0,0,0,0,
1,8_4,10_51_23,4.3867,0,0,0,4.386691,,2.337,0.992,-1.001778,8.010063,354.0738,0,0.0000,0.0000,0.0000,0.0000,0.0000,0.0000,0,0,,,,,,,0,0,0,0,0,0,0,0,0,0,0,0,0,0,0,0,0,0,0,0,0,0,0,0,0,0,0,0,0,0,0,0,0,0,0,0,0,0,0,0,0,0,0,0,0,0,0,0,0,0,0,
1,8_4,10_51_23,4.3906,0,0,0,4.390641,,2.337,0.992,-1.001778,7.970558,354.1528,-2.694069E-08,0.0000,0.0000,0.0000,0.0000,0.0000,0.0000,0,0,,,,,,,0,0,0,0,0,0,0,0,0,0,0,0,0,0,0,0,0,0,0,0,0,0,0,0,0,0,0,0,0,0,0,0,0,0,0,0,0,0,0,0,0,0,0,0,0,0,0,0,0,0,0,
1,8_4,10_51_23,4.3943,0,0,0,4.394324,,2.337,0.992,-1.001778,7.933729,354.208,-2.693827E-08,0.0000,0.0000,0.0000,0.0000,0.0000,0.0000,0,0,,,,,,,0,0,0,0,0,0,0,0,0,0,0,0,0,0,0,0,0,0,0,0,0,0,0,0,0,0,0,0,0,0,0,0,0,0,0,0,0,0,0,0,0,0,0,0,0,0,0,0,0,0,0,
1,8_4,10_51_23,4.3982,0,0,0,4.398184,,2.337,0.992,-1.001778,7.895124,354.2852,-2.693574E-08,0.0000,0.0000,0.0000,0.0000,0.0000,0.0000,0,0,,,,,,,0,0,0,0,0,0,0,0,0,0,0,0,0,0,0,0,0,0,0,0,0,0,0,0,0,0,0,0,0,0,0,0,0,0,0,0,0,0,0,0,0,0,0,0,0,0,0,0,0,0,0,
1,8_4,10_51_23,4.4021,0,0,0,4.402149,,2.337,0.992,-1.001778,7.835662,354.3249,2.693188E-08,0.0000,0.0000,0.0000,0.0000,0.0000,0.0000,0,0,,,,,,,0,0,0,0,0,0,0,0,0,0,0,0,0,0,0,0,0,0,0,0,0,0,0,0,0,0,0,0,0,0,0,0,0,0,0,0,0,0,0,0,0,0,0,0,0,0,0,0,0,0,0,
1,8_4,10_51_23,4.4061,0,0,0,4.406073,,2.337,0.992,-1.001778,7.816042,354.3838,0,0.0000,0.0000,0.0000,0.0000,0.0000,0.0000,0,0,,,,,,,0,0,0,0,0,0,0,0,0,0,0,0,0,0,0,0,0,0,0,0,0,0,0,0,0,0,0,0,0,0,0,0,0,0,0,0,0,0,0,0,0,0,0,0,0,0,0,0,0,0,0,
1,8_4,10_51_23,4.4099,0,0,0,4.40992,,2.337,0.992,-1.001778,7.777572,354.4222,0,0.0000,0.0000,0.0000,0.0000,0.0000,0.0000,0,0,,,,,,,0,0,0,0,0,0,0,0,0,0,0,0,0,0,0,0,0,0,0,0,0,0,0,0,0,0,0,0,0,0,0,0,0,0,0,0,0,0,0,0,0,0,0,0,0,0,0,0,0,0,0,
1,8_4,10_51_23,4.4145,0,0,0,4.414458,,2.337,0.992,-1.001778,7.754878,354.4449,0,0.0000,0.0000,0.0000,0.0000,0.0000,0.0000,0,0,,,,,,,0,0,0,0,0,0,0,0,0,0,0,0,0,0,0,0,0,0,0,0,0,0,0,0,0,0,0,0,0,0,0,0,0,0,0,0,0,0,0,0,0,0,0,0,0,0,0,0,0,0,0,
1,8_4,10_51_23,4.4184,0,0,0,4.41836,,2.337,0.992,-1.001778,7.715863,354.4644,-2.69242E-08,0.0000,0.0000,0.0000,0.0000,0.0000,0.0000,0,0,,,,,,,0,0,0,0,0,0,0,0,0,0,0,0,0,0,0,0,0,0,0,0,0,0,0,0,0,0,0,0,0,0,0,0,0,0,0,0,0,0,0,0,0,0,0,0,0,0,0,0,0,0,0,
1,8_4,10_51_23,4.4235,0,0,0,4.423473,,2.337,0.992,-1.001778,7.690297,354.5156,-2.692257E-08,0.0000,0.0000,0.0000,0.0000,0.0000,0.0000,0,0,,,,,,,0,0,0,0,0,0,0,0,0,0,0,0,0,0,0,0,0,0,0,0,0,0,0,0,0,0,0,0,0,0,0,0,0,0,0,0,0,0,0,0,0,0,0,0,0,0,0,0,0,0,0,
1,8_4,10_51_23,4.4277,0,0,0,4.427705,,2.337,0.992,-1.001778,7.690297,354.5156,-2.692257E-08,0.0000,0.0000,0.0000,0.0000,0.0000,0.0000,0,0,,,,,,,0,0,0,0,0,0,0,0,0,0,0,0,0,0,0,0,0,0,0,0,0,0,0,0,0,0,0,0,0,0,0,0,0,0,0,0,0,0,0,0,0,0,0,0,0,0,0,0,0,0,0,
1,8_4,10_51_23,4.4315,0,0,0,4.431469,,2.337,0.992,-1.001778,7.671476,354.5344,0,0.0000,0.0000,0.0000,0.0000,0.0000,0.0000,0,0,,,,,,,0,0,0,0,0,0,0,0,0,0,0,0,0,0,0,0,0,0,0,0,0,0,0,0,0,0,0,0,0,0,0,0,0,0,0,0,0,0,0,0,0,0,0,0,0,0,0,0,0,0,0,
1,8_4,10_51_23,4.4360,0,0,0,4.436007,,2.337,0.992,-1.001778,7.603404,354.5344,2.691709E-08,0.0000,0.0000,0.0000,0.0000,0.0000,0.0000,0,0,,,,,,,0,0,0,0,0,0,0,0,0,0,0,0,0,0,0,0,0,0,0,0,0,0,0,0,0,0,0,0,0,0,0,0,0,0,0,0,0,0,0,0,0,0,0,0,0,0,0,0,0,0,0,
1,8_4,10_51_23,4.4406,0,0,0,4.440631,,2.337,0.992,-1.001778,7.580284,354.5575,0,0.0000,0.0000,0.0000,0.0000,0.0000,0.0000,0,0,,,,,,,0,0,0,0,0,0,0,0,0,0,0,0,0,0,0,0,0,0,0,0,0,0,0,0,0,0,0,0,0,0,0,0,0,0,0,0,0,0,0,0,0,0,0,0,0,0,0,0,0,0,0,
1,8_4,10_51_23,4.4461,0,0,0,4.446062,,2.337,0.992,-1.001778,7.55313,354.5847,0,0.0000,0.0000,0.0000,0.0000,0.0000,0.0000,0,0,,,,,,,0,0,0,0,0,0,0,0,0,0,0,0,0,0,0,0,0,0,0,0,0,0,0,0,0,0,0,0,0,0,0,0,0,0,0,0,0,0,0,0,0,0,0,0,0,0,0,0,0,0,0,
1,8_4,10_51_23,4.4496,0,0,0,4.449625,,2.337,0.992,-1.001778,7.535312,354.5847,0,0.0000,0.0000,0.0000,0.0000,0.0000,0.0000,0,0,,,,,,,0,0,0,0,0,0,0,0,0,0,0,0,0,0,0,0,0,0,0,0,0,0,0,0,0,0,0,0,0,0,0,0,0,0,0,0,0,0,0,0,0,0,0,0,0,0,0,0,0,0,0,
1,8_4,10_51_23,4.4533,0,0,0,4.453297,,2.337,0.992,-1.001778,7.516955,354.603,-2.69117E-08,0.0000,0.0000,0.0000,0.0000,0.0000,0.0000,0,0,,,,,,,0,0,0,0,0,0,0,0,0,0,0,0,0,0,0,0,0,0,0,0,0,0,0,0,0,0,0,0,0,0,0,0,0,0,0,0,0,0,0,0,0,0,0,0,0,0,0,0,0,0,0,
1,8_4,10_51_23,4.4570,0,0,0,4.456951,,2.337,0.992,-1.001778,7.498683,354.6213,0,0.0000,0.0000,0.0000,0.0000,0.0000,0.0000,0,0,,,,,,,0,0,0,0,0,0,0,0,0,0,0,0,0,0,0,0,0,0,0,0,0,0,0,0,0,0,0,0,0,0,0,0,0,0,0,0,0,0,0,0,0,0,0,0,0,0,0,0,0,0,0,
1,8_4,10_51_23,4.4604,0,0,0,4.46043,,2.337,0.992,-1.001778,7.481287,354.6213,-2.690949E-08,0.0000,0.0000,0.0000,0.0000,0.0000,0.0000,0,0,,,,,,,0,0,0,0,0,0,0,0,0,0,0,0,0,0,0,0,0,0,0,0,0,0,0,0,0,0,0,0,0,0,0,0,0,0,0,0,0,0,0,0,0,0,0,0,0,0,0,0,0,0,0,
1,8_4,10_51_23,4.4642,0,0,0,4.464216,,2.337,0.992,-1.001778,7.443432,354.6402,-2.690716E-08,0.0000,0.0000,0.0000,0.0000,0.0000,0.0000,0,0,,,,,,,0,0,0,0,0,0,0,0,0,0,0,0,0,0,0,0,0,0,0,0,0,0,0,0,0,0,0,0,0,0,0,0,0,0,0,0,0,0,0,0,0,0,0,0,0,0,0,0,0,0,0,
1,8_4,10_51_23,4.4680,0,0,0,4.468009,,2.337,0.992,-1.001778,7.405503,354.6402,0,0.0000,0.0000,0.0000,0.0000,0.0000,0.0000,0,0,,,,,,,0,0,0,0,0,0,0,0,0,0,0,0,0,0,0,0,0,0,0,0,0,0,0,0,0,0,0,0,0,0,0,0,0,0,0,0,0,0,0,0,0,0,0,0,0,0,0,0,0,0,0,
1,8_4,10_51_23,4.4723,0,0,0,4.472254,,2.337,0.992,-1.001778,7.384279,354.6826,-2.690355E-08,0.0000,0.0000,0.0000,0.0000,0.0000,0.0000,0,0,,,,,,,0,0,0,0,0,0,0,0,0,0,0,0,0,0,0,0,0,0,0,0,0,0,0,0,0,0,0,0,0,0,0,0,0,0,0,0,0,0,0,0,0,0,0,0,0,0,0,0,0,0,0,
1,8_4,10_51_23,4.4761,0,0,0,4.476111,,2.337,0.992,-1.001778,7.345701,354.6826,0,0.0000,0.0000,0.0000,0.0000,0.0000,0.0000,0,0,,,,,,,0,0,0,0,0,0,0,0,0,0,0,0,0,0,0,0,0,0,0,0,0,0,0,0,0,0,0,0,0,0,0,0,0,0,0,0,0,0,0,0,0,0,0,0,0,0,0,0,0,0,0,
1,8_4,10_51_23,4.4796,0,0,0,4.479603,,2.337,0.992,-1.001778,7.328241,354.7001,2.690015E-08,0.0000,0.0000,0.0000,0.0000,0.0000,0.0000,0,0,,,,,,,0,0,0,0,0,0,0,0,0,0,0,0,0,0,0,0,0,0,0,0,0,0,0,0,0,0,0,0,0,0,0,0,0,0,0,0,0,0,0,0,0,0,0,0,0,0,0,0,0,0,0,
1,8_4,10_51_23,4.4839,0,0,0,4.48388,,2.337,0.992,-1.001778,7.264098,354.7001,0,0.0000,0.0000,0.0000,0.0000,0.0000,0.0000,0,0,,,,,,,0,0,0,0,0,0,0,0,0,0,0,0,0,0,0,0,0,0,0,0,0,0,0,0,0,0,0,0,0,0,0,0,0,0,0,0,0,0,0,0,0,0,0,0,0,0,0,0,0,0,0,
1,8_4,10_51_23,4.4878,0,0,0,4.487817,,2.337,0.992,-1.001778,7.224724,354.7198,-2.689395E-08,0.0000,0.0000,0.0000,0.0000,0.0000,0.0000,0,0,,,,,,,0,0,0,0,0,0,0,0,0,0,0,0,0,0,0,0,0,0,0,0,0,0,0,0,0,0,0,0,0,0,0,0,0,0,0,0,0,0,0,0,0,0,0,0,0,0,0,0,0,0,0,
1,8_4,10_51_23,4.4915,0,0,0,4.491471,,2.337,0.992,-1.001778,7.206453,354.7198,-2.689286E-08,0.0000,0.0000,0.0000,0.0000,0.0000,0.0000,0,0,,,,,,,0,0,0,0,0,0,0,0,0,0,0,0,0,0,0,0,0,0,0,0,0,0,0,0,0,0,0,0,0,0,0,0,0,0,0,0,0,0,0,0,0,0,0,0,0,0,0,0,0,0,0,
1,8_4,10_51_23,4.4947,0,0,0,4.494724,,2.337,0.992,-1.001778,7.190189,354.7198,0,0.0000,0.0000,0.0000,0.0000,0.0000,0.0000,0,0,,,,,,,0,0,0,0,0,0,0,0,0,0,0,0,0,0,0,0,0,0,0,0,0,0,0,0,0,0,0,0,0,0,0,0,0,0,0,0,0,0,0,0,0,0,0,0,0,0,0,0,0,0,0,
1,8_4,10_51_23,4.4984,0,0,0,4.498428,,2.337,0.992,-1.001778,7.153142,354.7383,-2.688971E-08,0.0000,0.0000,0.0000,0.0000,0.0000,0.0000,0,0,,,,,,,0,0,0,0,0,0,0,0,0,0,0,0,0,0,0,0,0,0,0,0,0,0,0,0,0,0,0,0,0,0,0,0,0,0,0,0,0,0,0,0,0,0,0,0,0,0,0,0,0,0,0,
1,8_4,10_51_23,4.5036,0,0,0,4.503591,,2.337,0.992,-1.001778,7.127329,354.7383,0,0.0000,0.0000,0.0000,0.0000,0.0000,0.0000,0,0,,,,,,,0,0,0,0,0,0,0,0,0,0,0,0,0,0,0,0,0,0,0,0,0,0,0,0,0,0,0,0,0,0,0,0,0,0,0,0,0,0,0,0,0,0,0,0,0,0,0,0,0,0,0,
1,8_4,10_51_23,4.5070,0,0,0,4.506953,,2.337,0.992,-1.001778,7.11052,354.7383,0,0.0000,0.0000,0.0000,0.0000,0.0000,0.0000,0,0,,,,,,,0,0,0,0,0,0,0,0,0,0,0,0,0,0,0,0,0,0,0,0,0,0,0,0,0,0,0,0,0,0,0,0,0,0,0,0,0,0,0,0,0,0,0,0,0,0,0,0,0,0,0,
1,8_4,10_51_23,4.5106,0,0,0,4.510582,,2.337,0.992,-1.001778,7.074225,354.7383,0,0.0000,0.0000,0.0000,0.0000,0.0000,0.0000,0,0,,,,,,,0,0,0,0,0,0,0,0,0,0,0,0,0,0,0,0,0,0,0,0,0,0,0,0,0,0,0,0,0,0,0,0,0,0,0,0,0,0,0,0,0,0,0,0,0,0,0,0,0,0,0,
1,8_4,10_51_23,4.5143,0,0,0,4.514295,,2.337,0.992,-1.001778,7.074225,354.7383,0,0.0000,0.0000,0.0000,0.0000,0.0000,0.0000,0,0,,,,,,,0,0,0,0,0,0,0,0,0,0,0,0,0,0,0,0,0,0,0,0,0,0,0,0,0,0,0,0,0,0,0,0,0,0,0,0,0,0,0,0,0,0,0,0,0,0,0,0,0,0,0,
1,8_4,10_51_23,4.5180,0,0,0,4.51802,,2.337,0.992,-1.001778,7.074225,354.7383,0,0.0000,0.0000,0.0000,0.0000,0.0000,0.0000,0,0,,,,,,,0,0,0,0,0,0,0,0,0,0,0,0,0,0,0,0,0,0,0,0,0,0,0,0,0,0,0,0,0,0,0,0,0,0,0,0,0,0,0,0,0,0,0,0,0,0,0,0,0,0,0,
1,8_4,10_51_23,4.5219,0,0,0,4.521872,,2.337,0.992,-1.001778,7.054965,354.7383,0,0.0000,0.0000,0.0000,0.0000,0.0000,0.0000,0,0,,,,,,,0,0,0,0,0,0,0,0,0,0,0,0,0,0,0,0,0,0,0,0,0,0,0,0,0,0,0,0,0,0,0,0,0,0,0,0,0,0,0,0,0,0,0,0,0,0,0,0,0,0,0,
1,8_4,10_51_23,4.5253,0,0,0,4.525288,,2.337,0.992,-1.001778,7.054965,354.7383,0,0.0000,0.0000,0.0000,0.0000,0.0000,0.0000,0,0,,,,,,,0,0,0,0,0,0,0,0,0,0,0,0,0,0,0,0,0,0,0,0,0,0,0,0,0,0,0,0,0,0,0,0,0,0,0,0,0,0,0,0,0,0,0,0,0,0,0,0,0,0,0,
1,8_4,10_51_23,4.5286,0,0,0,4.528562,,2.337,0.992,-1.001778,7.054965,354.7383,0,0.0000,0.0000,0.0000,0.0000,0.0000,0.0000,0,0,,,,,,,0,0,0,0,0,0,0,0,0,0,0,0,0,0,0,0,0,0,0,0,0,0,0,0,0,0,0,0,0,0,0,0,0,0,0,0,0,0,0,0,0,0,0,0,0,0,0,0,0,0,0,
1,8_4,10_51_23,4.5324,0,0,0,4.532362,,2.337,0.992,-1.001778,7.035969,354.7193,0,0.0000,0.0000,0.0000,0.0000,0.0000,0.0000,0,0,,,,,,,0,0,0,0,0,0,0,0,0,0,0,0,0,0,0,0,0,0,0,0,0,0,0,0,0,0,0,0,0,0,0,0,0,0,0,0,0,0,0,0,0,0,0,0,0,0,0,0,0,0,0,
1,8_4,10_51_23,4.5357,0,0,0,4.535654,,2.337,0.992,-1.001778,7.035969,354.7193,0,0.0000,0.0000,0.0000,0.0000,0.0000,0.0000,0,0,,,,,,,0,0,0,0,0,0,0,0,0,0,0,0,0,0,0,0,0,0,0,0,0,0,0,0,0,0,0,0,0,0,0,0,0,0,0,0,0,0,0,0,0,0,0,0,0,0,0,0,0,0,0,
1,8_4,10_51_23,4.5392,0,0,0,4.539233,,2.337,0.992,-1.001778,7.018074,354.7193,-2.688184E-08,0.0000,0.0000,0.0000,0.0000,0.0000,0.0000,0,0,,,,,,,0,0,0,0,0,0,0,0,0,0,0,0,0,0,0,0,0,0,0,0,0,0,0,0,0,0,0,0,0,0,0,0,0,0,0,0,0,0,0,0,0,0,0,0,0,0,0,0,0,0,0,
1,8_4,10_51_23,4.5425,0,0,0,4.542549,,2.337,0.992,-1.001778,7.018073,354.7028,0,0.0000,0.0000,0.0000,0.0000,0.0000,0.0000,0,0,,,,,,,0,0,0,0,0,0,0,0,0,0,0,0,0,0,0,0,0,0,0,0,0,0,0,0,0,0,0,0,0,0,0,0,0,0,0,0,0,0,0,0,0,0,0,0,0,0,0,0,0,0,0,
1,8_4,10_51_23,4.5459,0,0,0,4.545877,,2.337,0.992,-1.001778,7.018073,354.6861,0,0.0000,0.0000,0.0000,0.0000,0.0000,0.0000,0,0,,,,,,,0,0,0,0,0,0,0,0,0,0,0,0,0,0,0,0,0,0,0,0,0,0,0,0,0,0,0,0,0,0,0,0,0,0,0,0,0,0,0,0,0,0,0,0,0,0,0,0,0,0,0,
1,8_4,10_51_23,4.5495,0,0,0,4.549539,,2.337,0.992,-1.001778,6.999763,354.6678,0,0.0000,0.0000,0.0000,0.0000,0.0000,0.0000,0,0,,,,,,,0,0,0,0,0,0,0,0,0,0,0,0,0,0,0,0,0,0,0,0,0,0,0,0,0,0,0,0,0,0,0,0,0,0,0,0,0,0,0,0,0,0,0,0,0,0,0,0,0,0,0,
1,8_4,10_51_23,4.5532,0,0,0,4.553197,,2.337,0.992,-1.001778,6.999764,354.6495,0,0.0000,0.0000,0.0000,0.0000,0.0000,0.0000,0,0,,,,,,,0,0,0,0,0,0,0,0,0,0,0,0,0,0,0,0,0,0,0,0,0,0,0,0,0,0,0,0,0,0,0,0,0,0,0,0,0,0,0,0,0,0,0,0,0,0,0,0,0,0,0,
1,8_4,10_51_23,4.5566,0,0,0,4.556646,,2.337,0.992,-1.001778,6.999764,354.6323,0,0.0000,0.0000,0.0000,0.0000,0.0000,0.0000,0,0,,,,,,,0,0,0,0,0,0,0,0,0,0,0,0,0,0,0,0,0,0,0,0,0,0,0,0,0,0,0,0,0,0,0,0,0,0,0,0,0,0,0,0,0,0,0,0,0,0,0,0,0,0,0,
1,8_4,10_51_23,4.5600,0,0,0,4.55999,,2.337,0.992,-1.001778,6.999764,354.6323,0,0.0000,0.0000,0.0000,0.0000,0.0000,0.0000,0,0,,,,,,,0,0,0,0,0,0,0,0,0,0,0,0,0,0,0,0,0,0,0,0,0,0,0,0,0,0,0,0,0,0,0,0,0,0,0,0,0,0,0,0,0,0,0,0,0,0,0,0,0,0,0,
1,8_4,10_51_23,4.5639,0,0,0,4.563911,,2.337,0.992,-1.001778,6.980157,354.6127,-2.687965E-08,0.0000,0.0000,0.0000,0.0000,0.0000,0.0000,0,0,,,,,,,0,0,0,0,0,0,0,0,0,0,0,0,0,0,0,0,0,0,0,0,0,0,0,0,0,0,0,0,0,0,0,0,0,0,0,0,0,0,0,0,0,0,0,0,0,0,0,0,0,0,0,
1,8_4,10_51_23,4.5673,0,0,0,4.567332,,2.337,0.992,-1.001778,6.980157,354.6127,-2.687965E-08,0.0000,0.0000,0.0000,0.0000,0.0000,0.0000,0,0,,,,,,,0,0,0,0,0,0,0,0,0,0,0,0,0,0,0,0,0,0,0,0,0,0,0,0,0,0,0,0,0,0,0,0,0,0,0,0,0,0,0,0,0,0,0,0,0,0,0,0,0,0,0,
1,8_4,10_51_23,4.5706,0,0,0,4.570599,,2.337,0.992,-1.001778,6.980157,354.6127,-2.687965E-08,0.0000,0.0000,0.0000,0.0000,0.0000,0.0000,0,0,,,,,,,0,0,0,0,0,0,0,0,0,0,0,0,0,0,0,0,0,0,0,0,0,0,0,0,0,0,0,0,0,0,0,0,0,0,0,0,0,0,0,0,0,0,0,0,0,0,0,0,0,0,0,
1,8_4,10_51_23,4.5738,0,0,0,4.573755,,2.337,0.992,-1.001778,6.980157,354.6127,-2.687965E-08,0.0000,0.0000,0.0000,0.0000,0.0000,0.0000,0,0,,,,,,,0,0,0,0,0,0,0,0,0,0,0,0,0,0,0,0,0,0,0,0,0,0,0,0,0,0,0,0,0,0,0,0,0,0,0,0,0,0,0,0,0,0,0,0,0,0,0,0,0,0,0,
1,8_4,10_51_23,4.5770,0,0,0,4.577046,,2.337,0.992,-1.001778,6.980157,354.6127,-2.687965E-08,0.0000,0.0000,0.0000,0.0000,0.0000,0.0000,0,0,,,,,,,0,0,0,0,0,0,0,0,0,0,0,0,0,0,0,0,0,0,0,0,0,0,0,0,0,0,0,0,0,0,0,0,0,0,0,0,0,0,0,0,0,0,0,0,0,0,0,0,0,0,0,
1,8_4,10_51_23,4.5804,0,0,0,4.580373,,2.337,0.992,-1.001778,6.980157,354.6127,-2.687965E-08,0.0000,0.0000,0.0000,0.0000,0.0000,0.0000,0,0,,,,,,,0,0,0,0,0,0,0,0,0,0,0,0,0,0,0,0,0,0,0,0,0,0,0,0,0,0,0,0,0,0,0,0,0,0,0,0,0,0,0,0,0,0,0,0,0,0,0,0,0,0,0,
1,8_4,10_51_23,4.5836,0,0,0,4.583635,,2.337,0.992,-1.001778,6.980157,354.6127,-2.687965E-08,0.0000,0.0000,0.0000,0.0000,0.0000,0.0000,0,0,,,,,,,0,0,0,0,0,0,0,0,0,0,0,0,0,0,0,0,0,0,0,0,0,0,0,0,0,0,0,0,0,0,0,0,0,0,0,0,0,0,0,0,0,0,0,0,0,0,0,0,0,0,0,
1,8_4,10_51_23,4.5868,0,0,0,4.586827,,2.337,0.992,-1.001778,6.980157,354.6127,-2.687965E-08,0.0000,0.0000,0.0000,0.0000,0.0000,0.0000,0,0,,,,,,,0,0,0,0,0,0,0,0,0,0,0,0,0,0,0,0,0,0,0,0,0,0,0,0,0,0,0,0,0,0,0,0,0,0,0,0,0,0,0,0,0,0,0,0,0,0,0,0,0,0,0,
1,8_4,10_51_23,4.5900,0,0,0,4.590014,,2.337,0.992,-1.001778,6.980157,354.6127,-2.687965E-08,0.0000,0.0000,0.0000,0.0000,0.0000,0.0000,0,0,,,,,,,0,0,0,0,0,0,0,0,0,0,0,0,0,0,0,0,0,0,0,0,0,0,0,0,0,0,0,0,0,0,0,0,0,0,0,0,0,0,0,0,0,0,0,0,0,0,0,0,0,0,0,
1,8_4,10_51_23,4.5933,0,0,0,4.593265,,2.337,0.992,-1.001778,6.980157,354.6127,-2.687965E-08,0.0000,0.0000,0.0000,0.0000,0.0000,0.0000,0,0,,,,,,,0,0,0,0,0,0,0,0,0,0,0,0,0,0,0,0,0,0,0,0,0,0,0,0,0,0,0,0,0,0,0,0,0,0,0,0,0,0,0,0,0,0,0,0,0,0,0,0,0,0,0,
1,8_4,10_51_23,4.5965,0,0,0,4.596476,,2.337,0.992,-1.001778,6.980157,354.6127,-2.687965E-08,0.0000,0.0000,0.0000,0.0000,0.0000,0.0000,0,0,,,,,,,0,0,0,0,0,0,0,0,0,0,0,0,0,0,0,0,0,0,0,0,0,0,0,0,0,0,0,0,0,0,0,0,0,0,0,0,0,0,0,0,0,0,0,0,0,0,0,0,0,0,0,
1,8_4,10_51_23,4.5997,0,0,0,4.599693,,2.337,0.992,-1.001778,6.980157,354.5966,0,0.0000,0.0000,0.0000,0.0000,0.0000,0.0000,0,0,,,,,,,0,0,0,0,0,0,0,0,0,0,0,0,0,0,0,0,0,0,0,0,0,0,0,0,0,0,0,0,0,0,0,0,0,0,0,0,0,0,0,0,0,0,0,0,0,0,0,0,0,0,0,
1,8_4,10_51_23,4.6029,0,0,0,4.602889,,2.337,0.992,-1.001778,6.980157,354.5966,0,0.0000,0.0000,0.0000,0.0000,0.0000,0.0000,0,0,,,,,,,0,0,0,0,0,0,0,0,0,0,0,0,0,0,0,0,0,0,0,0,0,0,0,0,0,0,0,0,0,0,0,0,0,0,0,0,0,0,0,0,0,0,0,0,0,0,0,0,0,0,0,
1,8_4,10_51_23,4.6062,0,0,0,4.606217,,2.337,0.992,-1.001778,6.980157,354.5966,0,0.0000,0.0000,0.0000,0.0000,0.0000,0.0000,0,0,,,,,,,0,0,0,0,0,0,0,0,0,0,0,0,0,0,0,0,0,0,0,0,0,0,0,0,0,0,0,0,0,0,0,0,0,0,0,0,0,0,0,0,0,0,0,0,0,0,0,0,0,0,0,
1,8_4,10_51_23,4.6093,0,0,0,4.609324,,2.337,0.992,-1.001778,6.980157,354.5966,0,0.0000,0.0000,0.0000,0.0000,0.0000,0.0000,0,0,,,,,,,0,0,0,0,0,0,0,0,0,0,0,0,0,0,0,0,0,0,0,0,0,0,0,0,0,0,0,0,0,0,0,0,0,0,0,0,0,0,0,0,0,0,0,0,0,0,0,0,0,0,0,
1,8_4,10_51_23,4.6125,0,0,0,4.612454,,2.337,0.992,-1.001778,6.980157,354.5966,0,0.0000,0.0000,0.0000,0.0000,0.0000,0.0000,0,0,,,,,,,0,0,0,0,0,0,0,0,0,0,0,0,0,0,0,0,0,0,0,0,0,0,0,0,0,0,0,0,0,0,0,0,0,0,0,0,0,0,0,0,0,0,0,0,0,0,0,0,0,0,0,
1,8_4,10_51_23,4.6156,0,0,0,4.615582,,2.337,0.992,-1.001778,6.980157,354.5966,0,0.0000,0.0000,0.0000,0.0000,0.0000,0.0000,0,0,,,,,,,0,0,0,0,0,0,0,0,0,0,0,0,0,0,0,0,0,0,0,0,0,0,0,0,0,0,0,0,0,0,0,0,0,0,0,0,0,0,0,0,0,0,0,0,0,0,0,0,0,0,0,
1,8_4,10_51_23,4.6189,0,0,0,4.61885,,2.337,0.992,-1.001778,6.980157,354.5966,0,0.0000,0.0000,0.0000,0.0000,0.0000,0.0000,0,0,,,,,,,0,0,0,0,0,0,0,0,0,0,0,0,0,0,0,0,0,0,0,0,0,0,0,0,0,0,0,0,0,0,0,0,0,0,0,0,0,0,0,0,0,0,0,0,0,0,0,0,0,0,0,
1,8_4,10_51_23,4.6220,0,0,0,4.622001,,2.337,0.992,-1.001778,6.980157,354.5966,0,0.0000,0.0000,0.0000,0.0000,0.0000,0.0000,0,0,,,,,,,0,0,0,0,0,0,0,0,0,0,0,0,0,0,0,0,0,0,0,0,0,0,0,0,0,0,0,0,0,0,0,0,0,0,0,0,0,0,0,0,0,0,0,0,0,0,0,0,0,0,0,
1,8_4,10_51_23,4.6252,0,0,0,4.625181,,2.337,0.992,-1.001778,6.980157,354.5966,0,0.0000,0.0000,0.0000,0.0000,0.0000,0.0000,0,0,,,,,,,0,0,0,0,0,0,0,0,0,0,0,0,0,0,0,0,0,0,0,0,0,0,0,0,0,0,0,0,0,0,0,0,0,0,0,0,0,0,0,0,0,0,0,0,0,0,0,0,0,0,0,
1,8_4,10_51_23,4.6284,0,0,0,4.628375,,2.337,0.992,-1.001778,6.980157,354.5966,0,0.0000,0.0000,0.0000,0.0000,0.0000,0.0000,0,0,,,,,,,0,0,0,0,0,0,0,0,0,0,0,0,0,0,0,0,0,0,0,0,0,0,0,0,0,0,0,0,0,0,0,0,0,0,0,0,0,0,0,0,0,0,0,0,0,0,0,0,0,0,0,
1,8_4,10_51_23,4.6315,0,0,0,4.63152,,2.337,0.992,-1.001778,6.980157,354.5966,0,0.0000,0.0000,0.0000,0.0000,0.0000,0.0000,0,0,,,,,,,0,0,0,0,0,0,0,0,0,0,0,0,0,0,0,0,0,0,0,0,0,0,0,0,0,0,0,0,0,0,0,0,0,0,0,0,0,0,0,0,0,0,0,0,0,0,0,0,0,0,0,
1,8_4,10_51_23,4.6349,0,0,0,4.634866,,2.337,0.992,-1.001778,6.980157,354.5966,0,0.0000,0.0000,0.0000,0.0000,0.0000,0.0000,0,0,,,,,,,0,0,0,0,0,0,0,0,0,0,0,0,0,0,0,0,0,0,0,0,0,0,0,0,0,0,0,0,0,0,0,0,0,0,0,0,0,0,0,0,0,0,0,0,0,0,0,0,0,0,0,
1,8_4,10_51_23,4.6381,0,0,0,4.63806,,2.337,0.992,-1.001778,6.980157,354.5966,0,0.0000,0.0000,0.0000,0.0000,0.0000,0.0000,0,0,,,,,,,0,0,0,0,0,0,0,0,0,0,0,0,0,0,0,0,0,0,0,0,0,0,0,0,0,0,0,0,0,0,0,0,0,0,0,0,0,0,0,0,0,0,0,0,0,0,0,0,0,0,0,
1,8_4,10_51_23,4.6413,0,0,0,4.641268,,2.337,0.992,-1.001778,6.980157,354.5966,0,0.0000,0.0000,0.0000,0.0000,0.0000,0.0000,0,0,,,,,,,0,0,0,0,0,0,0,0,0,0,0,0,0,0,0,0,0,0,0,0,0,0,0,0,0,0,0,0,0,0,0,0,0,0,0,0,0,0,0,0,0,0,0,0,0,0,0,0,0,0,0,
1,8_4,10_51_24,4.6461,0,0,0,4.646135,,2.337,0.992,-1.001778,6.980157,354.5966,0,0.0000,0.0000,0.0000,0.0000,0.0000,0.0000,0,0,,,,,,,0,0,0,0,0,0,0,0,0,0,0,0,0,0,0,0,0,0,0,0,0,0,0,0,0,0,0,0,0,0,0,0,0,0,0,0,0,0,0,0,0,0,0,0,0,0,0,0,0,0,0,
1,8_4,10_51_24,4.6496,0,0,0,4.649637,,2.337,0.992,-1.001778,6.980157,354.5966,0,0.0000,0.0000,0.0000,0.0000,0.0000,0.0000,0,0,,,,,,,0,0,0,0,0,0,0,0,0,0,0,0,0,0,0,0,0,0,0,0,0,0,0,0,0,0,0,0,0,0,0,0,0,0,0,0,0,0,0,0,0,0,0,0,0,0,0,0,0,0,0,
1,8_4,10_51_24,4.6528,0,0,0,4.652805,,2.337,0.992,-1.001778,6.980157,354.5966,0,0.0000,0.0000,0.0000,0.0000,0.0000,0.0000,0,0,,,,,,,0,0,0,0,0,0,0,0,0,0,0,0,0,0,0,0,0,0,0,0,0,0,0,0,0,0,0,0,0,0,0,0,0,0,0,0,0,0,0,0,0,0,0,0,0,0,0,0,0,0,0,
1,8_4,10_51_24,4.6562,0,0,0,4.656185,,2.337,0.992,-1.001778,6.980157,354.5966,0,0.0000,0.0000,0.0000,0.0000,0.0000,0.0000,0,0,,,,,,,0,0,0,0,0,0,0,0,0,0,0,0,0,0,0,0,0,0,0,0,0,0,0,0,0,0,0,0,0,0,0,0,0,0,0,0,0,0,0,0,0,0,0,0,0,0,0,0,0,0,0,
1,8_4,10_51_24,4.6593,0,0,0,4.659317,,2.337,0.992,-1.001778,6.980157,354.5966,0,0.0000,0.0000,0.0000,0.0000,0.0000,0.0000,0,0,,,,,,,0,0,0,0,0,0,0,0,0,0,0,0,0,0,0,0,0,0,0,0,0,0,0,0,0,0,0,0,0,0,0,0,0,0,0,0,0,0,0,0,0,0,0,0,0,0,0,0,0,0,0,
1,8_4,10_51_24,4.6628,0,0,0,4.662798,,2.337,0.992,-1.001778,6.980157,354.5966,0,0.0000,0.0000,0.0000,0.0000,0.0000,0.0000,0,0,,,,,,,0,0,0,0,0,0,0,0,0,0,0,0,0,0,0,0,0,0,0,0,0,0,0,0,0,0,0,0,0,0,0,0,0,0,0,0,0,0,0,0,0,0,0,0,0,0,0,0,0,0,0,
1,8_4,10_51_24,4.6663,0,0,0,4.666275,,2.337,0.992,-1.001778,6.980157,354.5966,0,0.0000,0.0000,0.0000,0.0000,0.0000,0.0000,0,0,,,,,,,0,0,0,0,0,0,0,0,0,0,0,0,0,0,0,0,0,0,0,0,0,0,0,0,0,0,0,0,0,0,0,0,0,0,0,0,0,0,0,0,0,0,0,0,0,0,0,0,0,0,0,
1,8_4,10_51_24,4.6694,0,0,0,4.669379,,2.337,0.992,-1.001778,6.980157,354.5966,0,0.0000,0.0000,0.0000,0.0000,0.0000,0.0000,0,0,,,,,,,0,0,0,0,0,0,0,0,0,0,0,0,0,0,0,0,0,0,0,0,0,0,0,0,0,0,0,0,0,0,0,0,0,0,0,0,0,0,0,0,0,0,0,0,0,0,0,0,0,0,0,
1,8_4,10_51_24,4.6727,0,0,0,4.672736,,2.337,0.992,-1.001778,6.980157,354.5966,0,0.0000,0.0000,0.0000,0.0000,0.0000,0.0000,0,0,,,,,,,0,0,0,0,0,0,0,0,0,0,0,0,0,0,0,0,0,0,0,0,0,0,0,0,0,0,0,0,0,0,0,0,0,0,0,0,0,0,0,0,0,0,0,0,0,0,0,0,0,0,0,
1,8_4,10_51_24,4.6761,0,0,0,4.676136,,2.337,0.992,-1.001778,6.980157,354.5966,0,0.0000,0.0000,0.0000,0.0000,0.0000,0.0000,0,0,,,,,,,0,0,0,0,0,0,0,0,0,0,0,0,0,0,0,0,0,0,0,0,0,0,0,0,0,0,0,0,0,0,0,0,0,0,0,0,0,0,0,0,0,0,0,0,0,0,0,0,0,0,0,
1,8_4,10_51_24,4.6795,0,0,0,4.679494,,2.337,0.992,-1.001778,6.980157,354.5966,0,0.0000,0.0000,0.0000,0.0000,0.0000,0.0000,0,0,,,,,,,0,0,0,0,0,0,0,0,0,0,0,0,0,0,0,0,0,0,0,0,0,0,0,0,0,0,0,0,0,0,0,0,0,0,0,0,0,0,0,0,0,0,0,0,0,0,0,0,0,0,0,
1,8_4,10_51_24,4.6827,0,0,0,4.682678,,2.337,0.992,-1.001778,6.980157,354.5966,0,0.0000,0.0000,0.0000,0.0000,0.0000,0.0000,0,0,,,,,,,0,0,0,0,0,0,0,0,0,0,0,0,0,0,0,0,0,0,0,0,0,0,0,0,0,0,0,0,0,0,0,0,0,0,0,0,0,0,0,0,0,0,0,0,0,0,0,0,0,0,0,
1,8_4,10_51_24,4.6863,0,0,0,4.686333,,2.337,0.992,-1.001778,6.980157,354.5966,0,0.0000,0.0000,0.0000,0.0000,0.0000,0.0000,0,0,,,,,,,0,0,0,0,0,0,0,0,0,0,0,0,0,0,0,0,0,0,0,0,0,0,0,0,0,0,0,0,0,0,0,0,0,0,0,0,0,0,0,0,0,0,0,0,0,0,0,0,0,0,0,
1,8_4,10_51_24,4.6898,0,0,0,4.689786,,2.337,0.992,-1.001778,6.980157,354.5966,0,0.0000,0.0000,0.0000,0.0000,0.0000,0.0000,0,0,,,,,,,0,0,0,0,0,0,0,0,0,0,0,0,0,0,0,0,0,0,0,0,0,0,0,0,0,0,0,0,0,0,0,0,0,0,0,0,0,0,0,0,0,0,0,0,0,0,0,0,0,0,0,
1,8_4,10_51_24,4.6932,0,0,0,4.693209,,2.337,0.992,-1.001778,6.980157,354.5966,0,0.0000,0.0000,0.0000,0.0000,0.0000,0.0000,0,0,,,,,,,0,0,0,0,0,0,0,0,0,0,0,0,0,0,0,0,0,0,0,0,0,0,0,0,0,0,0,0,0,0,0,0,0,0,0,0,0,0,0,0,0,0,0,0,0,0,0,0,0,0,0,
1,8_4,10_51_24,4.6969,0,0,0,4.696851,,2.337,0.992,-1.001778,6.980157,354.5966,0,0.0000,0.0000,0.0000,0.0000,0.0000,0.0000,0,0,,,,,,,0,0,0,0,0,0,0,0,0,0,0,0,0,0,0,0,0,0,0,0,0,0,0,0,0,0,0,0,0,0,0,0,0,0,0,0,0,0,0,0,0,0,0,0,0,0,0,0,0,0,0,
1,8_4,10_51_24,4.7001,0,0,0,4.700062,,2.337,0.992,-1.001778,6.980157,354.5966,0,0.0000,0.0000,0.0000,0.0000,0.0000,0.0000,0,0,,,,,,,0,0,0,0,0,0,0,0,0,0,0,0,0,0,0,0,0,0,0,0,0,0,0,0,0,0,0,0,0,0,0,0,0,0,0,0,0,0,0,0,0,0,0,0,0,0,0,0,0,0,0,
1,8_4,10_51_24,4.7034,0,0,0,4.703413,,2.337,0.992,-1.001778,6.980157,354.5966,0,0.0000,0.0000,0.0000,0.0000,0.0000,0.0000,0,0,,,,,,,0,0,0,0,0,0,0,0,0,0,0,0,0,0,0,0,0,0,0,0,0,0,0,0,0,0,0,0,0,0,0,0,0,0,0,0,0,0,0,0,0,0,0,0,0,0,0,0,0,0,0,
1,8_4,10_51_24,4.7065,0,0,0,4.706477,,2.337,0.992,-1.001778,6.980157,354.5966,0,0.0000,0.0000,0.0000,0.0000,0.0000,0.0000,0,0,,,,,,,0,0,0,0,0,0,0,0,0,0,0,0,0,0,0,0,0,0,0,0,0,0,0,0,0,0,0,0,0,0,0,0,0,0,0,0,0,0,0,0,0,0,0,0,0,0,0,0,0,0,0,
1,8_4,10_51_24,4.7100,0,0,0,4.710014,,2.337,0.992,-1.001778,6.980157,354.5966,0,0.0000,0.0000,0.0000,0.0000,0.0000,0.0000,0,0,,,,,,,0,0,0,0,0,0,0,0,0,0,0,0,0,0,0,0,0,0,0,0,0,0,0,0,0,0,0,0,0,0,0,0,0,0,0,0,0,0,0,0,0,0,0,0,0,0,0,0,0,0,0,
1,8_4,10_51_24,4.7135,0,0,0,4.713471,,2.337,0.992,-1.001778,6.980157,354.5966,0,0.0000,0.0000,0.0000,0.0000,0.0000,0.0000,0,0,,,,,,,0,0,0,0,0,0,0,0,0,0,0,0,0,0,0,0,0,0,0,0,0,0,0,0,0,0,0,0,0,0,0,0,0,0,0,0,0,0,0,0,0,0,0,0,0,0,0,0,0,0,0,
1,8_4,10_51_24,4.7167,0,0,0,4.7167,,2.337,0.992,-1.001778,6.980157,354.5966,0,0.0000,0.0000,0.0000,0.0000,0.0000,0.0000,0,0,,,,,,,0,0,0,0,0,0,0,0,0,0,0,0,0,0,0,0,0,0,0,0,0,0,0,0,0,0,0,0,0,0,0,0,0,0,0,0,0,0,0,0,0,0,0,0,0,0,0,0,0,0,0,
1,8_4,10_51_24,4.7201,0,0,0,4.720062,,2.337,0.992,-1.001778,6.980157,354.5966,0,0.0000,0.0000,0.0000,0.0000,0.0000,0.0000,0,0,,,,,,,0,0,0,0,0,0,0,0,0,0,0,0,0,0,0,0,0,0,0,0,0,0,0,0,0,0,0,0,0,0,0,0,0,0,0,0,0,0,0,0,0,0,0,0,0,0,0,0,0,0,0,
1,8_4,10_51_24,4.7236,0,0,0,4.723596,,2.337,0.992,-1.001778,6.980157,354.5966,0,0.0000,0.0000,0.0000,0.0000,0.0000,0.0000,0,0,,,,,,,0,0,0,0,0,0,0,0,0,0,0,0,0,0,0,0,0,0,0,0,0,0,0,0,0,0,0,0,0,0,0,0,0,0,0,0,0,0,0,0,0,0,0,0,0,0,0,0,0,0,0,
1,8_4,10_51_24,4.7270,0,0,0,4.726952,,2.337,0.992,-1.001778,6.980157,354.5966,0,0.0000,0.0000,0.0000,0.0000,0.0000,0.0000,0,0,,,,,,,0,0,0,0,0,0,0,0,0,0,0,0,0,0,0,0,0,0,0,0,0,0,0,0,0,0,0,0,0,0,0,0,0,0,0,0,0,0,0,0,0,0,0,0,0,0,0,0,0,0,0,
1,8_4,10_51_24,4.7309,0,0,0,4.730854,,2.337,0.992,-1.001778,6.980157,354.5966,0,0.0000,0.0000,0.0000,0.0000,0.0000,0.0000,0,0,,,,,,,0,0,0,0,0,0,0,0,0,0,0,0,0,0,0,0,0,0,0,0,0,0,0,0,0,0,0,0,0,0,0,0,0,0,0,0,0,0,0,0,0,0,0,0,0,0,0,0,0,0,0,
1,8_4,10_51_24,4.7341,0,0,0,4.73408,,2.337,0.992,-1.001778,6.980157,354.5966,0,0.0000,0.0000,0.0000,0.0000,0.0000,0.0000,0,0,,,,,,,0,0,0,0,0,0,0,0,0,0,0,0,0,0,0,0,0,0,0,0,0,0,0,0,0,0,0,0,0,0,0,0,0,0,0,0,0,0,0,0,0,0,0,0,0,0,0,0,0,0,0,
1,8_4,10_51_24,4.7373,0,0,0,4.737307,,2.337,0.992,-1.001778,6.980157,354.5966,0,0.0000,0.0000,0.0000,0.0000,0.0000,0.0000,0,0,,,,,,,0,0,0,0,0,0,0,0,0,0,0,0,0,0,0,0,0,0,0,0,0,0,0,0,0,0,0,0,0,0,0,0,0,0,0,0,0,0,0,0,0,0,0,0,0,0,0,0,0,0,0,
1,8_4,10_51_24,4.7405,0,0,0,4.740495,,2.337,0.992,-1.001778,6.980157,354.5966,0,0.0000,0.0000,0.0000,0.0000,0.0000,0.0000,0,0,,,,,,,0,0,0,0,0,0,0,0,0,0,0,0,0,0,0,0,0,0,0,0,0,0,0,0,0,0,0,0,0,0,0,0,0,0,0,0,0,0,0,0,0,0,0,0,0,0,0,0,0,0,0,
1,8_4,10_51_24,4.7438,0,0,0,4.743823,,2.337,0.992,-1.001778,6.980157,354.5966,0,0.0000,0.0000,0.0000,0.0000,0.0000,0.0000,0,0,,,,,,,0,0,0,0,0,0,0,0,0,0,0,0,0,0,0,0,0,0,0,0,0,0,0,0,0,0,0,0,0,0,0,0,0,0,0,0,0,0,0,0,0,0,0,0,0,0,0,0,0,0,0,
1,8_4,10_51_24,4.7473,0,0,0,4.747255,,2.337,0.992,-1.001778,6.980157,354.5966,0,0.0000,0.0000,0.0000,0.0000,0.0000,0.0000,0,0,,,,,,,0,0,0,0,0,0,0,0,0,0,0,0,0,0,0,0,0,0,0,0,0,0,0,0,0,0,0,0,0,0,0,0,0,0,0,0,0,0,0,0,0,0,0,0,0,0,0,0,0,0,0,
1,8_4,10_51_24,4.7506,0,0,0,4.75056,,2.337,0.992,-1.001778,6.980157,354.5966,0,0.0000,0.0000,0.0000,0.0000,0.0000,0.0000,0,0,,,,,,,0,0,0,0,0,0,0,0,0,0,0,0,0,0,0,0,0,0,0,0,0,0,0,0,0,0,0,0,0,0,0,0,0,0,0,0,0,0,0,0,0,0,0,0,0,0,0,0,0,0,0,
1,8_4,10_51_24,4.7537,0,0,0,4.75374,,2.337,0.992,-1.001778,6.980157,354.5966,0,0.0000,0.0000,0.0000,0.0000,0.0000,0.0000,0,0,,,,,,,0,0,0,0,0,0,0,0,0,0,0,0,0,0,0,0,0,0,0,0,0,0,0,0,0,0,0,0,0,0,0,0,0,0,0,0,0,0,0,0,0,0,0,0,0,0,0,0,0,0,0,
1,8_4,10_51_24,4.7569,0,0,0,4.756865,,2.337,0.992,-1.001778,6.980157,354.5966,0,0.0000,0.0000,0.0000,0.0000,0.0000,0.0000,0,0,,,,,,,0,0,0,0,0,0,0,0,0,0,0,0,0,0,0,0,0,0,0,0,0,0,0,0,0,0,0,0,0,0,0,0,0,0,0,0,0,0,0,0,0,0,0,0,0,0,0,0,0,0,0,
1,8_4,10_51_24,4.7601,0,0,0,4.760068,,2.337,0.992,-1.001778,6.980157,354.5966,0,0.0000,0.0000,0.0000,0.0000,0.0000,0.0000,0,0,,,,,,,0,0,0,0,0,0,0,0,0,0,0,0,0,0,0,0,0,0,0,0,0,0,0,0,0,0,0,0,0,0,0,0,0,0,0,0,0,0,0,0,0,0,0,0,0,0,0,0,0,0,0,
1,8_4,10_51_24,4.7634,0,0,0,4.763377,,2.337,0.992,-1.001778,6.980157,354.5966,0,0.0000,0.0000,0.0000,0.0000,0.0000,0.0000,0,0,,,,,,,0,0,0,0,0,0,0,0,0,0,0,0,0,0,0,0,0,0,0,0,0,0,0,0,0,0,0,0,0,0,0,0,0,0,0,0,0,0,0,0,0,0,0,0,0,0,0,0,0,0,0,
1,8_4,10_51_24,4.7667,0,0,0,4.766702,,2.337,0.992,-1.001778,6.980157,354.5966,0,0.0000,0.0000,0.0000,0.0000,0.0000,0.0000,0,0,,,,,,,0,0,0,0,0,0,0,0,0,0,0,0,0,0,0,0,0,0,0,0,0,0,0,0,0,0,0,0,0,0,0,0,0,0,0,0,0,0,0,0,0,0,0,0,0,0,0,0,0,0,0,
1,8_4,10_51_24,4.7706,0,0,0,4.770612,,2.337,0.992,-1.001778,6.980157,354.5966,0,0.0000,0.0000,0.0000,0.0000,0.0000,0.0000,0,0,,,,,,,0,0,0,0,0,0,0,0,0,0,0,0,0,0,0,0,0,0,0,0,0,0,0,0,0,0,0,0,0,0,0,0,0,0,0,0,0,0,0,0,0,0,0,0,0,0,0,0,0,0,0,
1,8_4,10_51_24,4.7740,0,0,0,4.774,,2.337,0.992,-1.001778,6.980157,354.5966,0,0.0000,0.0000,0.0000,0.0000,0.0000,0.0000,0,0,,,,,,,0,0,0,0,0,0,0,0,0,0,0,0,0,0,0,0,0,0,0,0,0,0,0,0,0,0,0,0,0,0,0,0,0,0,0,0,0,0,0,0,0,0,0,0,0,0,0,0,0,0,0,
1,8_4,10_51_24,4.7778,0,0,0,4.777804,,2.337,0.992,-1.001778,6.980157,354.5966,0,0.0000,0.0000,0.0000,0.0000,0.0000,0.0000,0,0,,,,,,,0,0,0,0,0,0,0,0,0,0,0,0,0,0,0,0,0,0,0,0,0,0,0,0,0,0,0,0,0,0,0,0,0,0,0,0,0,0,0,0,0,0,0,0,0,0,0,0,0,0,0,
1,8_4,10_51_24,4.7811,0,0,0,4.781102,,2.337,0.992,-1.001778,6.980157,354.5966,0,0.0000,0.0000,0.0000,0.0000,0.0000,0.0000,0,0,,,,,,,0,0,0,0,0,0,0,0,0,0,0,0,0,0,0,0,0,0,0,0,0,0,0,0,0,0,0,0,0,0,0,0,0,0,0,0,0,0,0,0,0,0,0,0,0,0,0,0,0,0,0,
1,8_4,10_51_24,4.7844,0,0,0,4.784414,,2.337,0.992,-1.001778,6.980157,354.5966,0,0.0000,0.0000,0.0000,0.0000,0.0000,0.0000,0,0,,,,,,,0,0,0,0,0,0,0,0,0,0,0,0,0,0,0,0,0,0,0,0,0,0,0,0,0,0,0,0,0,0,0,0,0,0,0,0,0,0,0,0,0,0,0,0,0,0,0,0,0,0,0,
1,8_4,10_51_24,4.7876,0,0,0,4.787597,,2.337,0.992,-1.001778,6.980157,354.5966,0,0.0000,0.0000,0.0000,0.0000,0.0000,0.0000,0,0,,,,,,,0,0,0,0,0,0,0,0,0,0,0,0,0,0,0,0,0,0,0,0,0,0,0,0,0,0,0,0,0,0,0,0,0,0,0,0,0,0,0,0,0,0,0,0,0,0,0,0,0,0,0,
1,8_4,10_51_24,4.7908,0,0,0,4.790754,,2.337,0.992,-1.001778,6.980157,354.5966,0,0.0000,0.0000,0.0000,0.0000,0.0000,0.0000,0,0,,,,,,,0,0,0,0,0,0,0,0,0,0,0,0,0,0,0,0,0,0,0,0,0,0,0,0,0,0,0,0,0,0,0,0,0,0,0,0,0,0,0,0,0,0,0,0,0,0,0,0,0,0,0,
1,8_4,10_51_24,4.7944,0,0,0,4.794392,,2.337,0.992,-1.001778,6.980157,354.5966,0,0.0000,0.0000,0.0000,0.0000,0.0000,0.0000,0,0,,,,,,,0,0,0,0,0,0,0,0,0,0,0,0,0,0,0,0,0,0,0,0,0,0,0,0,0,0,0,0,0,0,0,0,0,0,0,0,0,0,0,0,0,0,0,0,0,0,0,0,0,0,0,
1,8_4,10_51_24,4.7976,0,0,0,4.797576,,2.337,0.992,-1.001778,6.980157,354.5966,0,0.0000,0.0000,0.0000,0.0000,0.0000,0.0000,0,0,,,,,,,0,0,0,0,0,0,0,0,0,0,0,0,0,0,0,0,0,0,0,0,0,0,0,0,0,0,0,0,0,0,0,0,0,0,0,0,0,0,0,0,0,0,0,0,0,0,0,0,0,0,0,
1,8_4,10_51_24,4.8008,0,0,0,4.800766,,2.337,0.992,-1.001778,6.980157,354.5966,0,0.0000,0.0000,0.0000,0.0000,0.0000,0.0000,0,0,,,,,,,0,0,0,0,0,0,0,0,0,0,0,0,0,0,0,0,0,0,0,0,0,0,0,0,0,0,0,0,0,0,0,0,0,0,0,0,0,0,0,0,0,0,0,0,0,0,0,0,0,0,0,
1,8_4,10_51_24,4.8040,0,0,0,4.803965,,2.337,0.992,-1.001778,6.980157,354.5966,0,0.0000,0.0000,0.0000,0.0000,0.0000,0.0000,0,0,,,,,,,0,0,0,0,0,0,0,0,0,0,0,0,0,0,0,0,0,0,0,0,0,0,0,0,0,0,0,0,0,0,0,0,0,0,0,0,0,0,0,0,0,0,0,0,0,0,0,0,0,0,0,
1,8_4,10_51_24,4.8072,0,0,0,4.807228,,2.337,0.992,-1.001778,6.980157,354.5966,0,0.0000,0.0000,0.0000,0.0000,0.0000,0.0000,0,0,,,,,,,0,0,0,0,0,0,0,0,0,0,0,0,0,0,0,0,0,0,0,0,0,0,0,0,0,0,0,0,0,0,0,0,0,0,0,0,0,0,0,0,0,0,0,0,0,0,0,0,0,0,0,
1,8_4,10_51_24,4.8104,0,0,0,4.810421,,2.337,0.992,-1.001778,6.980157,354.5966,0,0.0000,0.0000,0.0000,0.0000,0.0000,0.0000,0,0,,,,,,,0,0,0,0,0,0,0,0,0,0,0,0,0,0,0,0,0,0,0,0,0,0,0,0,0,0,0,0,0,0,0,0,0,0,0,0,0,0,0,0,0,0,0,0,0,0,0,0,0,0,0,
1,8_4,10_51_24,4.8135,0,0,0,4.81354,,2.337,0.992,-1.001778,6.980157,354.5966,0,0.0000,0.0000,0.0000,0.0000,0.0000,0.0000,0,0,,,,,,,0,0,0,0,0,0,0,0,0,0,0,0,0,0,0,0,0,0,0,0,0,0,0,0,0,0,0,0,0,0,0,0,0,0,0,0,0,0,0,0,0,0,0,0,0,0,0,0,0,0,0,
1,8_4,10_51_24,4.8168,0,0,0,4.816823,,2.337,0.992,-1.001778,6.980157,354.5966,0,0.0000,0.0000,0.0000,0.0000,0.0000,0.0000,0,0,,,,,,,0,0,0,0,0,0,0,0,0,0,0,0,0,0,0,0,0,0,0,0,0,0,0,0,0,0,0,0,0,0,0,0,0,0,0,0,0,0,0,0,0,0,0,0,0,0,0,0,0,0,0,
1,8_4,10_51_24,4.8200,0,0,0,4.820019,,2.337,0.992,-1.001778,6.980157,354.5966,0,0.0000,0.0000,0.0000,0.0000,0.0000,0.0000,0,0,,,,,,,0,0,0,0,0,0,0,0,0,0,0,0,0,0,0,0,0,0,0,0,0,0,0,0,0,0,0,0,0,0,0,0,0,0,0,0,0,0,0,0,0,0,0,0,0,0,0,0,0,0,0,
1,8_4,10_51_24,4.8235,0,0,0,4.823542,,2.337,0.992,-1.001778,6.980157,354.5966,0,0.0000,0.0000,0.0000,0.0000,0.0000,0.0000,0,0,,,,,,,0,0,0,0,0,0,0,0,0,0,0,0,0,0,0,0,0,0,0,0,0,0,0,0,0,0,0,0,0,0,0,0,0,0,0,0,0,0,0,0,0,0,0,0,0,0,0,0,0,0,0,
1,8_4,10_51_24,4.8268,0,0,0,4.826831,,2.337,0.992,-1.001778,6.980157,354.5966,0,0.0000,0.0000,0.0000,0.0000,0.0000,0.0000,0,0,,,,,,,0,0,0,0,0,0,0,0,0,0,0,0,0,0,0,0,0,0,0,0,0,0,0,0,0,0,0,0,0,0,0,0,0,0,0,0,0,0,0,0,0,0,0,0,0,0,0,0,0,0,0,
1,8_4,10_51_24,4.8310,0,0,0,4.831013,,2.337,0.992,-1.001778,6.896527,354.6802,0,0.0000,0.0000,0.0000,0.0000,0.0000,0.0000,0,0,,,,,,,0,0,0,0,0,0,0,0,0,0,0,0,0,0,0,0,0,0,0,0,0,0,0,0,0,0,0,0,0,0,0,0,0,0,0,0,0,0,0,0,0,0,0,0,0,0,0,0,0,0,0,
1,8_4,10_51_24,4.8347,0,0,0,4.834651,,2.337,0.992,-1.001778,6.805557,354.7348,0,0.0000,0.0000,0.0000,0.0000,0.0000,0.0000,0,0,,,,,,,0,0,0,0,0,0,0,0,0,0,0,0,0,0,0,0,0,0,0,0,0,0,0,0,0,0,0,0,0,0,0,0,0,0,0,0,0,0,0,0,0,0,0,0,0,0,0,0,0,0,0,
1,8_4,10_51_24,4.8383,0,0,0,4.838296,,2.337,0.992,-1.001778,6.714434,354.8077,0,0.0000,0.0000,0.0000,0.0000,0.0000,0.0000,0,0,,,,,,,0,0,0,0,0,0,0,0,0,0,0,0,0,0,0,0,0,0,0,0,0,0,0,0,0,0,0,0,0,0,0,0,0,0,0,0,0,0,0,0,0,0,0,0,0,0,0,0,0,0,0,
1,8_4,10_51_24,4.8420,0,0,0,4.841978,,2.337,0.992,-1.001778,6.640805,354.8629,0,0.0000,0.0000,0.0000,0.0000,0.0000,0.0000,0,0,,,,,,,0,0,0,0,0,0,0,0,0,0,0,0,0,0,0,0,0,0,0,0,0,0,0,0,0,0,0,0,0,0,0,0,0,0,0,0,0,0,0,0,0,0,0,0,0,0,0,0,0,0,0,
1,8_4,10_51_24,4.8491,0,0,0,4.849096,,2.337,0.992,-1.001778,6.320481,355.0409,0,0.0000,0.0000,0.0000,0.0000,0.0000,0.0000,0,0,,,,,,,0,0,0,0,0,0,0,0,0,0,0,0,0,0,0,0,0,0,0,0,0,0,0,0,0,0,0,0,0,0,0,0,0,0,0,0,0,0,0,0,0,0,0,0,0,0,0,0,0,0,0,
1,8_4,10_51_24,4.8529,0,0,0,4.852913,,2.337,0.992,-1.001778,6.282312,355.0409,2.684161E-08,0.0000,0.0000,0.0000,0.0000,0.0000,0.0000,0,0,,,,,,,0,0,0,0,0,0,0,0,0,0,0,0,0,0,0,0,0,0,0,0,0,0,0,0,0,0,0,0,0,0,0,0,0,0,0,0,0,0,0,0,0,0,0,0,0,0,0,0,0,0,0,
1,8_4,10_51_24,4.8563,0,0,0,4.856258,,2.337,0.992,-1.001778,6.282312,355.0409,2.684161E-08,0.0000,0.0000,0.0000,0.0000,0.0000,0.0000,0,0,,,,,,,0,0,0,0,0,0,0,0,0,0,0,0,0,0,0,0,0,0,0,0,0,0,0,0,0,0,0,0,0,0,0,0,0,0,0,0,0,0,0,0,0,0,0,0,0,0,0,0,0,0,0,
1,8_4,10_51_24,4.8596,0,0,0,4.859593,,2.337,0.992,-1.001778,6.282312,355.0409,2.684161E-08,0.0000,0.0000,0.0000,0.0000,0.0000,0.0000,0,0,,,,,,,0,0,0,0,0,0,0,0,0,0,0,0,0,0,0,0,0,0,0,0,0,0,0,0,0,0,0,0,0,0,0,0,0,0,0,0,0,0,0,0,0,0,0,0,0,0,0,0,0,0,0,
1,8_4,10_51_24,4.8632,0,0,0,4.863176,,2.337,0.992,-1.001778,6.282312,355.0409,2.684161E-08,0.0000,0.0000,0.0000,0.0000,0.0000,0.0000,0,0,,,,,,,0,0,0,0,0,0,0,0,0,0,0,0,0,0,0,0,0,0,0,0,0,0,0,0,0,0,0,0,0,0,0,0,0,0,0,0,0,0,0,0,0,0,0,0,0,0,0,0,0,0,0,
1,8_4,10_51_24,4.8667,0,0,0,4.866674,,2.337,0.992,-1.001778,6.282312,355.0409,2.684161E-08,0.0000,0.0000,0.0000,0.0000,0.0000,0.0000,0,0,,,,,,,0,0,0,0,0,0,0,0,0,0,0,0,0,0,0,0,0,0,0,0,0,0,0,0,0,0,0,0,0,0,0,0,0,0,0,0,0,0,0,0,0,0,0,0,0,0,0,0,0,0,0,
1,8_4,10_51_24,4.8704,0,0,0,4.870428,,2.337,0.992,-1.001778,6.282312,355.0409,2.684161E-08,0.0000,0.0000,0.0000,0.0000,0.0000,0.0000,0,0,,,,,,,0,0,0,0,0,0,0,0,0,0,0,0,0,0,0,0,0,0,0,0,0,0,0,0,0,0,0,0,0,0,0,0,0,0,0,0,0,0,0,0,0,0,0,0,0,0,0,0,0,0,0,
1,8_4,10_51_24,4.8736,0,0,0,4.873636,,2.337,0.992,-1.001778,6.282312,355.0409,2.684161E-08,0.0000,0.0000,0.0000,0.0000,0.0000,0.0000,0,0,,,,,,,0,0,0,0,0,0,0,0,0,0,0,0,0,0,0,0,0,0,0,0,0,0,0,0,0,0,0,0,0,0,0,0,0,0,0,0,0,0,0,0,0,0,0,0,0,0,0,0,0,0,0,
1,8_4,10_51_24,4.8769,0,0,0,4.876935,,2.337,0.992,-1.001778,6.282312,355.0409,2.684161E-08,0.0000,0.0000,0.0000,0.0000,0.0000,0.0000,0,0,,,,,,,0,0,0,0,0,0,0,0,0,0,0,0,0,0,0,0,0,0,0,0,0,0,0,0,0,0,0,0,0,0,0,0,0,0,0,0,0,0,0,0,0,0,0,0,0,0,0,0,0,0,0,
1,8_4,10_51_24,4.8802,0,0,0,4.880167,,2.337,0.992,-1.001778,6.282312,355.0409,2.684161E-08,0.0000,0.0000,0.0000,0.0000,0.0000,0.0000,0,0,,,,,,,0,0,0,0,0,0,0,0,0,0,0,0,0,0,0,0,0,0,0,0,0,0,0,0,0,0,0,0,0,0,0,0,0,0,0,0,0,0,0,0,0,0,0,0,0,0,0,0,0,0,0,
1,8_4,10_51_24,4.8839,0,0,0,4.883852,,2.337,0.992,-1.001778,6.282312,355.0593,-2.684162E-08,0.0000,0.0000,0.0000,0.0000,0.0000,0.0000,0,0,,,,,,,0,0,0,0,0,0,0,0,0,0,0,0,0,0,0,0,0,0,0,0,0,0,0,0,0,0,0,0,0,0,0,0,0,0,0,0,0,0,0,0,0,0,0,0,0,0,0,0,0,0,0,
1,8_4,10_51_24,4.8875,0,0,0,4.88746,,2.337,0.992,-1.001778,6.282312,355.0593,-2.684162E-08,0.0000,0.0000,0.0000,0.0000,0.0000,0.0000,0,0,,,,,,,0,0,0,0,0,0,0,0,0,0,0,0,0,0,0,0,0,0,0,0,0,0,0,0,0,0,0,0,0,0,0,0,0,0,0,0,0,0,0,0,0,0,0,0,0,0,0,0,0,0,0,
1,8_4,10_51_24,4.8908,0,0,0,4.890787,,2.337,0.992,-1.001778,6.282312,355.0593,-2.684162E-08,0.0000,0.0000,0.0000,0.0000,0.0000,0.0000,0,0,,,,,,,0,0,0,0,0,0,0,0,0,0,0,0,0,0,0,0,0,0,0,0,0,0,0,0,0,0,0,0,0,0,0,0,0,0,0,0,0,0,0,0,0,0,0,0,0,0,0,0,0,0,0,
1,8_4,10_51_24,4.8946,0,0,0,4.894597,,2.337,0.992,-1.001778,6.282312,355.0593,-2.684162E-08,0.0000,0.0000,0.0000,0.0000,0.0000,0.0000,0,0,,,,,,,0,0,0,0,0,0,0,0,0,0,0,0,0,0,0,0,0,0,0,0,0,0,0,0,0,0,0,0,0,0,0,0,0,0,0,0,0,0,0,0,0,0,0,0,0,0,0,0,0,0,0,
1,8_4,10_51_24,4.8983,0,0,0,4.898285,,2.337,0.992,-1.001778,6.282312,355.0593,-2.684162E-08,0.0000,0.0000,0.0000,0.0000,0.0000,0.0000,0,0,,,,,,,0,0,0,0,0,0,0,0,0,0,0,0,0,0,0,0,0,0,0,0,0,0,0,0,0,0,0,0,0,0,0,0,0,0,0,0,0,0,0,0,0,0,0,0,0,0,0,0,0,0,0,
1,8_4,10_51_24,4.9015,0,0,0,4.901504,,2.337,0.992,-1.001778,6.282312,355.0593,-2.684162E-08,0.0000,0.0000,0.0000,0.0000,0.0000,0.0000,0,0,,,,,,,0,0,0,0,0,0,0,0,0,0,0,0,0,0,0,0,0,0,0,0,0,0,0,0,0,0,0,0,0,0,0,0,0,0,0,0,0,0,0,0,0,0,0,0,0,0,0,0,0,0,0,
1,8_4,10_51_24,4.9049,0,0,0,4.904923,,2.337,0.992,-1.001778,6.282312,355.0593,-2.684162E-08,0.0000,0.0000,0.0000,0.0000,0.0000,0.0000,0,0,,,,,,,0,0,0,0,0,0,0,0,0,0,0,0,0,0,0,0,0,0,0,0,0,0,0,0,0,0,0,0,0,0,0,0,0,0,0,0,0,0,0,0,0,0,0,0,0,0,0,0,0,0,0,
1,8_4,10_51_24,4.9081,0,0,0,4.908094,,2.337,0.992,-1.001778,6.282312,355.0593,-2.684162E-08,0.0000,0.0000,0.0000,0.0000,0.0000,0.0000,0,0,,,,,,,0,0,0,0,0,0,0,0,0,0,0,0,0,0,0,0,0,0,0,0,0,0,0,0,0,0,0,0,0,0,0,0,0,0,0,0,0,0,0,0,0,0,0,0,0,0,0,0,0,0,0,
1,8_4,10_51_24,4.9116,0,0,0,4.911592,,2.337,0.992,-1.001778,6.282312,355.0593,-2.684162E-08,0.0000,0.0000,0.0000,0.0000,0.0000,0.0000,0,0,,,,,,,0,0,0,0,0,0,0,0,0,0,0,0,0,0,0,0,0,0,0,0,0,0,0,0,0,0,0,0,0,0,0,0,0,0,0,0,0,0,0,0,0,0,0,0,0,0,0,0,0,0,0,
1,8_4,10_51_24,4.9149,0,0,0,4.914852,,2.337,0.992,-1.001778,6.282312,355.0593,-2.684162E-08,0.0000,0.0000,0.0000,0.0000,0.0000,0.0000,0,0,,,,,,,0,0,0,0,0,0,0,0,0,0,0,0,0,0,0,0,0,0,0,0,0,0,0,0,0,0,0,0,0,0,0,0,0,0,0,0,0,0,0,0,0,0,0,0,0,0,0,0,0,0,0,
1,8_4,10_51_24,4.9180,0,0,0,4.918044,,2.337,0.992,-1.001778,6.282312,355.0593,-2.684162E-08,0.0000,0.0000,0.0000,0.0000,0.0000,0.0000,0,0,,,,,,,0,0,0,0,0,0,0,0,0,0,0,0,0,0,0,0,0,0,0,0,0,0,0,0,0,0,0,0,0,0,0,0,0,0,0,0,0,0,0,0,0,0,0,0,0,0,0,0,0,0,0,
1,8_4,10_51_24,4.9213,0,0,0,4.921333,,2.337,0.992,-1.001778,6.282312,355.0593,-2.684162E-08,0.0000,0.0000,0.0000,0.0000,0.0000,0.0000,0,0,,,,,,,0,0,0,0,0,0,0,0,0,0,0,0,0,0,0,0,0,0,0,0,0,0,0,0,0,0,0,0,0,0,0,0,0,0,0,0,0,0,0,0,0,0,0,0,0,0,0,0,0,0,0,
1,8_4,10_51_24,4.9246,0,0,0,4.924556,,2.337,0.992,-1.001778,6.282312,355.0593,-2.684162E-08,0.0000,0.0000,0.0000,0.0000,0.0000,0.0000,0,0,,,,,,,0,0,0,0,0,0,0,0,0,0,0,0,0,0,0,0,0,0,0,0,0,0,0,0,0,0,0,0,0,0,0,0,0,0,0,0,0,0,0,0,0,0,0,0,0,0,0,0,0,0,0,
1,8_4,10_51_24,4.9277,0,0,0,4.927687,,2.337,0.992,-1.001778,6.282312,355.0593,-2.684162E-08,0.0000,0.0000,0.0000,0.0000,0.0000,0.0000,0,0,,,,,,,0,0,0,0,0,0,0,0,0,0,0,0,0,0,0,0,0,0,0,0,0,0,0,0,0,0,0,0,0,0,0,0,0,0,0,0,0,0,0,0,0,0,0,0,0,0,0,0,0,0,0,
1,8_4,10_51_24,4.9310,0,0,0,4.931015,,2.337,0.992,-1.001778,6.282312,355.0593,-2.684162E-08,0.0000,0.0000,0.0000,0.0000,0.0000,0.0000,0,0,,,,,,,0,0,0,0,0,0,0,0,0,0,0,0,0,0,0,0,0,0,0,0,0,0,0,0,0,0,0,0,0,0,0,0,0,0,0,0,0,0,0,0,0,0,0,0,0,0,0,0,0,0,0,
1,8_4,10_51_24,4.9341,0,0,0,4.934132,,2.337,0.992,-1.001778,6.282312,355.0593,-2.684162E-08,0.0000,0.0000,0.0000,0.0000,0.0000,0.0000,0,0,,,,,,,0,0,0,0,0,0,0,0,0,0,0,0,0,0,0,0,0,0,0,0,0,0,0,0,0,0,0,0,0,0,0,0,0,0,0,0,0,0,0,0,0,0,0,0,0,0,0,0,0,0,0,
1,8_4,10_51_24,4.9374,0,0,0,4.937381,,2.337,0.992,-1.001778,6.282312,355.0593,-2.684162E-08,0.0000,0.0000,0.0000,0.0000,0.0000,0.0000,0,0,,,,,,,0,0,0,0,0,0,0,0,0,0,0,0,0,0,0,0,0,0,0,0,0,0,0,0,0,0,0,0,0,0,0,0,0,0,0,0,0,0,0,0,0,0,0,0,0,0,0,0,0,0,0,
1,8_4,10_51_24,4.9406,0,0,0,4.940581,,2.337,0.992,-1.001778,6.282312,355.0593,-2.684162E-08,0.0000,0.0000,0.0000,0.0000,0.0000,0.0000,0,0,,,,,,,0,0,0,0,0,0,0,0,0,0,0,0,0,0,0,0,0,0,0,0,0,0,0,0,0,0,0,0,0,0,0,0,0,0,0,0,0,0,0,0,0,0,0,0,0,0,0,0,0,0,0,
1,8_4,10_51_24,4.9440,0,0,0,4.944039,,2.337,0.992,-1.001778,6.282312,355.0593,-2.684162E-08,0.0000,0.0000,0.0000,0.0000,0.0000,0.0000,0,0,,,,,,,0,0,0,0,0,0,0,0,0,0,0,0,0,0,0,0,0,0,0,0,0,0,0,0,0,0,0,0,0,0,0,0,0,0,0,0,0,0,0,0,0,0,0,0,0,0,0,0,0,0,0,
1,8_4,10_51_24,4.9473,0,0,0,4.947348,,2.337,0.992,-1.001778,6.282312,355.0593,-2.684162E-08,0.0000,0.0000,0.0000,0.0000,0.0000,0.0000,0,0,,,,,,,0,0,0,0,0,0,0,0,0,0,0,0,0,0,0,0,0,0,0,0,0,0,0,0,0,0,0,0,0,0,0,0,0,0,0,0,0,0,0,0,0,0,0,0,0,0,0,0,0,0,0,
1,8_4,10_51_24,4.9506,0,0,0,4.950603,,2.337,0.992,-1.001778,6.282312,355.0593,-2.684162E-08,0.0000,0.0000,0.0000,0.0000,0.0000,0.0000,0,0,,,,,,,0,0,0,0,0,0,0,0,0,0,0,0,0,0,0,0,0,0,0,0,0,0,0,0,0,0,0,0,0,0,0,0,0,0,0,0,0,0,0,0,0,0,0,0,0,0,0,0,0,0,0,
1,8_4,10_51_24,4.9538,0,0,0,4.953788,,2.337,0.992,-1.001778,6.282312,355.0593,-2.684162E-08,0.0000,0.0000,0.0000,0.0000,0.0000,0.0000,0,0,,,,,,,0,0,0,0,0,0,0,0,0,0,0,0,0,0,0,0,0,0,0,0,0,0,0,0,0,0,0,0,0,0,0,0,0,0,0,0,0,0,0,0,0,0,0,0,0,0,0,0,0,0,0,
1,8_4,10_51_24,4.9570,0,0,0,4.957006,,2.337,0.992,-1.001778,6.282312,355.0593,-2.684162E-08,0.0000,0.0000,0.0000,0.0000,0.0000,0.0000,0,0,,,,,,,0,0,0,0,0,0,0,0,0,0,0,0,0,0,0,0,0,0,0,0,0,0,0,0,0,0,0,0,0,0,0,0,0,0,0,0,0,0,0,0,0,0,0,0,0,0,0,0,0,0,0,
1,8_4,10_51_24,4.9647,0,0,0,4.964725,,2.337,0.992,-1.001778,6.282312,355.0593,-2.684162E-08,0.0000,0.0000,0.0000,0.0000,0.0000,0.0000,0,0,,,,,,,0,0,0,0,0,0,0,0,0,0,0,0,0,0,0,0,0,0,0,0,0,0,0,0,0,0,0,0,0,0,0,0,0,0,0,0,0,0,0,0,0,0,0,0,0,0,0,0,0,0,0,
1,8_4,10_51_24,4.9681,0,0,0,4.968137,,2.337,0.992,-1.001778,6.282312,355.0593,-2.684162E-08,0.0000,0.0000,0.0000,0.0000,0.0000,0.0000,0,0,,,,,,,0,0,0,0,0,0,0,0,0,0,0,0,0,0,0,0,0,0,0,0,0,0,0,0,0,0,0,0,0,0,0,0,0,0,0,0,0,0,0,0,0,0,0,0,0,0,0,0,0,0,0,
1,8_4,10_51_24,4.9713,0,0,0,4.971318,,2.337,0.992,-1.001778,6.282312,355.0593,-2.684162E-08,0.0000,0.0000,0.0000,0.0000,0.0000,0.0000,0,0,,,,,,,0,0,0,0,0,0,0,0,0,0,0,0,0,0,0,0,0,0,0,0,0,0,0,0,0,0,0,0,0,0,0,0,0,0,0,0,0,0,0,0,0,0,0,0,0,0,0,0,0,0,0,
1,8_4,10_51_24,4.9745,0,0,0,4.97454,,2.337,0.992,-1.001778,6.282312,355.0593,-2.684162E-08,0.0000,0.0000,0.0000,0.0000,0.0000,0.0000,0,0,,,,,,,0,0,0,0,0,0,0,0,0,0,0,0,0,0,0,0,0,0,0,0,0,0,0,0,0,0,0,0,0,0,0,0,0,0,0,0,0,0,0,0,0,0,0,0,0,0,0,0,0,0,0,
1,8_4,10_51_24,4.9780,0,0,0,4.977971,,2.337,0.992,-1.001778,6.282312,355.0593,-2.684162E-08,0.0000,0.0000,0.0000,0.0000,0.0000,0.0000,0,0,,,,,,,0,0,0,0,0,0,0,0,0,0,0,0,0,0,0,0,0,0,0,0,0,0,0,0,0,0,0,0,0,0,0,0,0,0,0,0,0,0,0,0,0,0,0,0,0,0,0,0,0,0,0,
1,8_4,10_51_24,4.9821,0,0,0,4.982113,,2.337,0.992,-1.001778,6.282312,355.0593,-2.684162E-08,0.0000,0.0000,0.0000,0.0000,0.0000,0.0000,0,0,,,,,,,0,0,0,0,0,0,0,0,0,0,0,0,0,0,0,0,0,0,0,0,0,0,0,0,0,0,0,0,0,0,0,0,0,0,0,0,0,0,0,0,0,0,0,0,0,0,0,0,0,0,0,
1,8_4,10_51_24,4.9897,0,0,0,4.989652,,2.337,0.992,-1.001778,6.282312,355.0593,-2.684162E-08,0.0000,0.0000,0.0000,0.0000,0.0000,0.0000,0,0,,,,,,,0,0,0,0,0,0,0,0,0,0,0,0,0,0,0,0,0,0,0,0,0,0,0,0,0,0,0,0,0,0,0,0,0,0,0,0,0,0,0,0,0,0,0,0,0,0,0,0,0,0,0,
1,8_4,10_51_24,4.9931,0,0,0,4.993131,,2.337,0.992,-1.001778,6.282312,355.0593,-2.684162E-08,0.0000,0.0000,0.0000,0.0000,0.0000,0.0000,0,0,,,,,,,0,0,0,0,0,0,0,0,0,0,0,0,0,0,0,0,0,0,0,0,0,0,0,0,0,0,0,0,0,0,0,0,0,0,0,0,0,0,0,0,0,0,0,0,0,0,0,0,0,0,0,
1,8_4,10_51_24,4.9969,0,0,0,4.99688,,2.337,0.992,-1.001778,6.282312,355.0593,-2.684162E-08,0.0000,0.0000,0.0000,0.0000,0.0000,0.0000,0,0,,,,,,,0,0,0,0,0,0,0,0,0,0,0,0,0,0,0,0,0,0,0,0,0,0,0,0,0,0,0,0,0,0,0,0,0,0,0,0,0,0,0,0,0,0,0,0,0,0,0,0,0,0,0,
1,8_4,10_51_24,5.0004,0,0,0,5.000446,,2.337,0.992,-1.001778,6.282312,355.0593,-2.684162E-08,0.0000,0.0000,0.0000,0.0000,0.0000,0.0000,0,0,,,,,,,0,0,0,0,0,0,0,0,0,0,0,0,0,0,0,0,0,0,0,0,0,0,0,0,0,0,0,0,0,0,0,0,0,0,0,0,0,0,0,0,0,0,0,0,0,0,0,0,0,0,0,
1,8_4,10_51_24,5.0158,0,1,0,0.01539564,Baseline,2.337,0.992,-1.001778,6.282312,355.0593,-2.684162E-08,0.0000,0.0000,0.0000,0.0000,0.0000,0.0000,0,0,,,,,,,0,0,0,0,0,0,0,0,0,0,0,0,0,0,0,0,0,0,0,0,0,0,0,0,0,0,0,0,0,0,0,0,0,0,0,0,0,0,0,0,0,0,0,0,0,0,0,0,0,0,0,
1,8_4,10_51_24,5.0201,0,1,0,0.01961184,Baseline,2.337,0.992,-1.001778,6.282312,355.0593,-2.684162E-08,0.0000,0.0000,0.0000,0.0000,0.0000,0.0000,0,0,,,,,,,0,0,0,0,0,0,0,0,0,0,0,0,0,0,0,0,0,0,0,0,0,0,0,0,0,0,0,0,0,0,0,0,0,0,0,0,0,0,0,0,0,0,0,0,0,0,0,0,0,0,0,
1,8_4,10_51_24,5.0234,0,1,0,0.02298737,Baseline,2.337,0.992,-1.001778,6.282312,355.0593,-2.684162E-08,0.0000,0.0000,0.0000,0.0000,0.0000,0.0000,0,0,,,,,,,0,0,0,0,0,0,0,0,0,0,0,0,0,0,0,0,0,0,0,0,0,0,0,0,0,0,0,0,0,0,0,0,0,0,0,0,0,0,0,0,0,0,0,0,0,0,0,0,0,0,0,
1,8_4,10_51_24,5.0270,0,1,0,0.02650785,Baseline,2.337,0.992,-1.001778,6.282312,355.0593,-2.684162E-08,0.0000,0.0000,0.0000,0.0000,0.0000,0.0000,0,0,,,,,,,0,0,0,0,0,0,0,0,0,0,0,0,0,0,0,0,0,0,0,0,0,0,0,0,0,0,0,0,0,0,0,0,0,0,0,0,0,0,0,0,0,0,0,0,0,0,0,0,0,0,0,
1,8_4,10_51_24,5.0304,0,1,0,0.02992153,Baseline,2.337,0.992,-1.001778,6.282312,355.0593,-2.684162E-08,0.0000,0.0000,0.0000,0.0000,0.0000,0.0000,0,0,,,,,,,0,0,0,0,0,0,0,0,0,0,0,0,0,0,0,0,0,0,0,0,0,0,0,0,0,0,0,0,0,0,0,0,0,0,0,0,0,0,0,0,0,0,0,0,0,0,0,0,0,0,0,
1,8_4,10_51_24,5.0336,0,1,0,0.03310728,Baseline,2.337,0.992,-1.001778,6.282312,355.0593,-2.684162E-08,0.0000,0.0000,0.0000,0.0000,0.0000,0.0000,0,0,,,,,,,0,0,0,0,0,0,0,0,0,0,0,0,0,0,0,0,0,0,0,0,0,0,0,0,0,0,0,0,0,0,0,0,0,0,0,0,0,0,0,0,0,0,0,0,0,0,0,0,0,0,0,
1,8_4,10_51_24,5.0367,0,1,0,0.03625154,Baseline,2.337,0.992,-1.001778,6.282312,355.0593,-2.684162E-08,0.0000,0.0000,0.0000,0.0000,0.0000,0.0000,0,0,,,,,,,0,0,0,0,0,0,0,0,0,0,0,0,0,0,0,0,0,0,0,0,0,0,0,0,0,0,0,0,0,0,0,0,0,0,0,0,0,0,0,0,0,0,0,0,0,0,0,0,0,0,0,
1,8_4,10_51_24,5.0401,0,1,0,0.03961325,Baseline,2.337,0.992,-1.001778,6.282312,355.0593,-2.684162E-08,0.0000,0.0000,0.0000,0.0000,0.0000,0.0000,0,0,,,,,,,0,0,0,0,0,0,0,0,0,0,0,0,0,0,0,0,0,0,0,0,0,0,0,0,0,0,0,0,0,0,0,0,0,0,0,0,0,0,0,0,0,0,0,0,0,0,0,0,0,0,0,
1,8_4,10_51_24,5.0436,0,1,0,0.04311466,Baseline,2.337,0.992,-1.001778,6.282312,355.0593,-2.684162E-08,0.0000,0.0000,0.0000,0.0000,0.0000,0.0000,0,0,,,,,,,0,0,0,0,0,0,0,0,0,0,0,0,0,0,0,0,0,0,0,0,0,0,0,0,0,0,0,0,0,0,0,0,0,0,0,0,0,0,0,0,0,0,0,0,0,0,0,0,0,0,0,
1,8_4,10_51_24,5.0482,0,1,0,0.04771852,Baseline,2.337,0.992,-1.001778,6.282312,355.0593,-2.684162E-08,0.0000,0.0000,0.0000,0.0000,0.0000,0.0000,0,0,,,,,,,0,0,0,0,0,0,0,0,0,0,0,0,0,0,0,0,0,0,0,0,0,0,0,0,0,0,0,0,0,0,0,0,0,0,0,0,0,0,0,0,0,0,0,0,0,0,0,0,0,0,0,
1,8_4,10_51_24,5.0514,0,1,0,0.05094147,Baseline,2.337,0.992,-1.001778,6.282312,355.0593,-2.684162E-08,0.0000,0.0000,0.0000,0.0000,0.0000,0.0000,0,0,,,,,,,0,0,0,0,0,0,0,0,0,0,0,0,0,0,0,0,0,0,0,0,0,0,0,0,0,0,0,0,0,0,0,0,0,0,0,0,0,0,0,0,0,0,0,0,0,0,0,0,0,0,0,
1,8_4,10_51_24,5.0547,0,1,0,0.05428457,Baseline,2.337,0.992,-1.001778,6.282312,355.0593,-2.684162E-08,0.0000,0.0000,0.0000,0.0000,0.0000,0.0000,0,0,,,,,,,0,0,0,0,0,0,0,0,0,0,0,0,0,0,0,0,0,0,0,0,0,0,0,0,0,0,0,0,0,0,0,0,0,0,0,0,0,0,0,0,0,0,0,0,0,0,0,0,0,0,0,
1,8_4,10_51_24,5.0579,0,1,0,0.05747318,Baseline,2.337,0.992,-1.001778,6.282312,355.0593,-2.684162E-08,0.0000,0.0000,0.0000,0.0000,0.0000,0.0000,0,0,,,,,,,0,0,0,0,0,0,0,0,0,0,0,0,0,0,0,0,0,0,0,0,0,0,0,0,0,0,0,0,0,0,0,0,0,0,0,0,0,0,0,0,0,0,0,0,0,0,0,0,0,0,0,
1,8_4,10_51_24,5.0612,0,1,0,0.06071568,Baseline,2.337,0.992,-1.001778,6.282312,355.0593,-2.684162E-08,0.0000,0.0000,0.0000,0.0000,0.0000,0.0000,0,0,,,,,,,0,0,0,0,0,0,0,0,0,0,0,0,0,0,0,0,0,0,0,0,0,0,0,0,0,0,0,0,0,0,0,0,0,0,0,0,0,0,0,0,0,0,0,0,0,0,0,0,0,0,0,
1,8_4,10_51_24,5.0644,0,1,0,0.0639596,Baseline,2.337,0.992,-1.001778,6.282312,355.0593,-2.684162E-08,0.0000,0.0000,0.0000,0.0000,0.0000,0.0000,0,0,,,,,,,0,0,0,0,0,0,0,0,0,0,0,0,0,0,0,0,0,0,0,0,0,0,0,0,0,0,0,0,0,0,0,0,0,0,0,0,0,0,0,0,0,0,0,0,0,0,0,0,0,0,0,
1,8_4,10_51_24,5.0676,0,1,0,0.0671587,Baseline,2.337,0.992,-1.001778,6.282312,355.0593,-2.684162E-08,0.0000,0.0000,0.0000,0.0000,0.0000,0.0000,0,0,,,,,,,0,0,0,0,0,0,0,0,0,0,0,0,0,0,0,0,0,0,0,0,0,0,0,0,0,0,0,0,0,0,0,0,0,0,0,0,0,0,0,0,0,0,0,0,0,0,0,0,0,0,0,
1,8_4,10_51_24,5.0708,0,1,0,0.07035017,Baseline,2.337,0.992,-1.001778,6.282312,355.0593,-2.684162E-08,0.0000,0.0000,0.0000,0.0000,0.0000,0.0000,0,0,,,,,,,0,0,0,0,0,0,0,0,0,0,0,0,0,0,0,0,0,0,0,0,0,0,0,0,0,0,0,0,0,0,0,0,0,0,0,0,0,0,0,0,0,0,0,0,0,0,0,0,0,0,0,
1,8_4,10_51_24,5.0740,0,1,0,0.07354975,Baseline,2.337,0.992,-1.001778,6.282312,355.0593,-2.684162E-08,0.0000,0.0000,0.0000,0.0000,0.0000,0.0000,0,0,,,,,,,0,0,0,0,0,0,0,0,0,0,0,0,0,0,0,0,0,0,0,0,0,0,0,0,0,0,0,0,0,0,0,0,0,0,0,0,0,0,0,0,0,0,0,0,0,0,0,0,0,0,0,
1,8_4,10_51_24,5.0773,0,1,0,0.07685041,Baseline,2.337,0.992,-1.001778,6.282312,355.0593,-2.684162E-08,0.0000,0.0000,0.0000,0.0000,0.0000,0.0000,0,0,,,,,,,0,0,0,0,0,0,0,0,0,0,0,0,0,0,0,0,0,0,0,0,0,0,0,0,0,0,0,0,0,0,0,0,0,0,0,0,0,0,0,0,0,0,0,0,0,0,0,0,0,0,0,
1,8_4,10_51_24,5.0805,0,1,0,0.0800066,Baseline,2.337,0.992,-1.001778,6.282312,355.0593,-2.684162E-08,0.0000,0.0000,0.0000,0.0000,0.0000,0.0000,0,0,,,,,,,0,0,0,0,0,0,0,0,0,0,0,0,0,0,0,0,0,0,0,0,0,0,0,0,0,0,0,0,0,0,0,0,0,0,0,0,0,0,0,0,0,0,0,0,0,0,0,0,0,0,0,
1,8_4,10_51_24,5.0840,0,1,0,0.08353424,Baseline,2.337,0.992,-1.001778,6.282312,355.0593,-2.684162E-08,0.0000,0.0000,0.0000,0.0000,0.0000,0.0000,0,0,,,,,,,0,0,0,0,0,0,0,0,0,0,0,0,0,0,0,0,0,0,0,0,0,0,0,0,0,0,0,0,0,0,0,0,0,0,0,0,0,0,0,0,0,0,0,0,0,0,0,0,0,0,0,
1,8_4,10_51_24,5.0871,0,1,0,0.08668756,Baseline,2.337,0.992,-1.001778,6.282312,355.0593,-2.684162E-08,0.0000,0.0000,0.0000,0.0000,0.0000,0.0000,0,0,,,,,,,0,0,0,0,0,0,0,0,0,0,0,0,0,0,0,0,0,0,0,0,0,0,0,0,0,0,0,0,0,0,0,0,0,0,0,0,0,0,0,0,0,0,0,0,0,0,0,0,0,0,0,
1,8_4,10_51_24,5.0904,0,1,0,0.08996201,Baseline,2.337,0.992,-1.001778,6.282312,355.0593,-2.684162E-08,0.0000,0.0000,0.0000,0.0000,0.0000,0.0000,0,0,,,,,,,0,0,0,0,0,0,0,0,0,0,0,0,0,0,0,0,0,0,0,0,0,0,0,0,0,0,0,0,0,0,0,0,0,0,0,0,0,0,0,0,0,0,0,0,0,0,0,0,0,0,0,
1,8_4,10_51_24,5.0936,0,1,0,0.09318018,Baseline,2.337,0.992,-1.001778,6.282312,355.0593,-2.684162E-08,0.0000,0.0000,0.0000,0.0000,0.0000,0.0000,0,0,,,,,,,0,0,0,0,0,0,0,0,0,0,0,0,0,0,0,0,0,0,0,0,0,0,0,0,0,0,0,0,0,0,0,0,0,0,0,0,0,0,0,0,0,0,0,0,0,0,0,0,0,0,0,
1,8_4,10_51_24,5.0970,0,1,0,0.09654856,Baseline,2.337,0.992,-1.001778,6.282312,355.0593,-2.684162E-08,0.0000,0.0000,0.0000,0.0000,0.0000,0.0000,0,0,,,,,,,0,0,0,0,0,0,0,0,0,0,0,0,0,0,0,0,0,0,0,0,0,0,0,0,0,0,0,0,0,0,0,0,0,0,0,0,0,0,0,0,0,0,0,0,0,0,0,0,0,0,0,
1,8_4,10_51_24,5.1004,0,1,0,0.09999323,Baseline,2.337,0.992,-1.001778,6.282312,355.0593,-2.684162E-08,0.0000,0.0000,0.0000,0.0000,0.0000,0.0000,0,0,,,,,,,0,0,0,0,0,0,0,0,0,0,0,0,0,0,0,0,0,0,0,0,0,0,0,0,0,0,0,0,0,0,0,0,0,0,0,0,0,0,0,0,0,0,0,0,0,0,0,0,0,0,0,
1,8_4,10_51_24,5.1047,0,1,0,0.1042171,Baseline,2.337,0.992,-1.001778,6.282312,355.0593,-2.684162E-08,0.0000,0.0000,0.0000,0.0000,0.0000,0.0000,0,0,,,,,,,0,0,0,0,0,0,0,0,0,0,0,0,0,0,0,0,0,0,0,0,0,0,0,0,0,0,0,0,0,0,0,0,0,0,0,0,0,0,0,0,0,0,0,0,0,0,0,0,0,0,0,
1,8_4,10_51_24,5.1079,0,1,0,0.1074729,Baseline,2.337,0.992,-1.001778,6.282312,355.0593,-2.684162E-08,0.0000,0.0000,0.0000,0.0000,0.0000,0.0000,0,0,,,,,,,0,0,0,0,0,0,0,0,0,0,0,0,0,0,0,0,0,0,0,0,0,0,0,0,0,0,0,0,0,0,0,0,0,0,0,0,0,0,0,0,0,0,0,0,0,0,0,0,0,0,0,
1,8_4,10_51_24,5.1113,0,1,0,0.1108098,Baseline,2.337,0.992,-1.001778,6.282312,355.0593,-2.684162E-08,0.0000,0.0000,0.0000,0.0000,0.0000,0.0000,0,0,,,,,,,0,0,0,0,0,0,0,0,0,0,0,0,0,0,0,0,0,0,0,0,0,0,0,0,0,0,0,0,0,0,0,0,0,0,0,0,0,0,0,0,0,0,0,0,0,0,0,0,0,0,0,
1,8_4,10_51_24,5.1144,0,1,0,0.1139703,Baseline,2.337,0.992,-1.001778,6.282312,355.0593,-2.684162E-08,0.0000,0.0000,0.0000,0.0000,0.0000,0.0000,0,0,,,,,,,0,0,0,0,0,0,0,0,0,0,0,0,0,0,0,0,0,0,0,0,0,0,0,0,0,0,0,0,0,0,0,0,0,0,0,0,0,0,0,0,0,0,0,0,0,0,0,0,0,0,0,
1,8_4,10_51_24,5.1175,0,1,0,0.1171017,Baseline,2.337,0.992,-1.001778,6.282312,355.0593,-2.684162E-08,0.0000,0.0000,0.0000,0.0000,0.0000,0.0000,0,0,,,,,,,0,0,0,0,0,0,0,0,0,0,0,0,0,0,0,0,0,0,0,0,0,0,0,0,0,0,0,0,0,0,0,0,0,0,0,0,0,0,0,0,0,0,0,0,0,0,0,0,0,0,0,
1,8_4,10_51_24,5.1207,0,1,0,0.1202674,Baseline,2.337,0.992,-1.001778,6.282312,355.0593,-2.684162E-08,0.0000,0.0000,0.0000,0.0000,0.0000,0.0000,0,0,,,,,,,0,0,0,0,0,0,0,0,0,0,0,0,0,0,0,0,0,0,0,0,0,0,0,0,0,0,0,0,0,0,0,0,0,0,0,0,0,0,0,0,0,0,0,0,0,0,0,0,0,0,0,
1,8_4,10_51_24,5.1241,0,1,0,0.1236391,Baseline,2.337,0.992,-1.001778,6.282312,355.0593,-2.684162E-08,0.0000,0.0000,0.0000,0.0000,0.0000,0.0000,0,0,,,,,,,0,0,0,0,0,0,0,0,0,0,0,0,0,0,0,0,0,0,0,0,0,0,0,0,0,0,0,0,0,0,0,0,0,0,0,0,0,0,0,0,0,0,0,0,0,0,0,0,0,0,0,
1,8_4,10_51_24,5.1273,0,1,0,0.1268539,Baseline,2.337,0.992,-1.001778,6.282312,355.0593,-2.684162E-08,0.0000,0.0000,0.0000,0.0000,0.0000,0.0000,0,0,,,,,,,0,0,0,0,0,0,0,0,0,0,0,0,0,0,0,0,0,0,0,0,0,0,0,0,0,0,0,0,0,0,0,0,0,0,0,0,0,0,0,0,0,0,0,0,0,0,0,0,0,0,0,
1,8_4,10_51_24,5.1306,0,1,0,0.1301098,Baseline,2.337,0.992,-1.001778,6.282312,355.0593,-2.684162E-08,0.0000,0.0000,0.0000,0.0000,0.0000,0.0000,0,0,,,,,,,0,0,0,0,0,0,0,0,0,0,0,0,0,0,0,0,0,0,0,0,0,0,0,0,0,0,0,0,0,0,0,0,0,0,0,0,0,0,0,0,0,0,0,0,0,0,0,0,0,0,0,
1,8_4,10_51_24,5.1338,0,1,0,0.1333132,Baseline,2.337,0.992,-1.001778,6.282312,355.0593,-2.684162E-08,0.0000,0.0000,0.0000,0.0000,0.0000,0.0000,0,0,,,,,,,0,0,0,0,0,0,0,0,0,0,0,0,0,0,0,0,0,0,0,0,0,0,0,0,0,0,0,0,0,0,0,0,0,0,0,0,0,0,0,0,0,0,0,0,0,0,0,0,0,0,0,
1,8_4,10_51_24,5.1370,0,1,0,0.1365504,Baseline,2.337,0.992,-1.001778,6.282312,355.0593,-2.684162E-08,0.0000,0.0000,0.0000,0.0000,0.0000,0.0000,0,0,,,,,,,0,0,0,0,0,0,0,0,0,0,0,0,0,0,0,0,0,0,0,0,0,0,0,0,0,0,0,0,0,0,0,0,0,0,0,0,0,0,0,0,0,0,0,0,0,0,0,0,0,0,0,
1,8_4,10_51_24,5.1402,0,1,0,0.1397614,Baseline,2.337,0.992,-1.001778,6.282312,355.0593,-2.684162E-08,0.0000,0.0000,0.0000,0.0000,0.0000,0.0000,0,0,,,,,,,0,0,0,0,0,0,0,0,0,0,0,0,0,0,0,0,0,0,0,0,0,0,0,0,0,0,0,0,0,0,0,0,0,0,0,0,0,0,0,0,0,0,0,0,0,0,0,0,0,0,0,
1,8_4,10_51_24,5.1437,0,1,0,0.1432858,Baseline,2.337,0.992,-1.001778,6.282312,355.0593,-2.684162E-08,0.0000,0.0000,0.0000,0.0000,0.0000,0.0000,0,0,,,,,,,0,0,0,0,0,0,0,0,0,0,0,0,0,0,0,0,0,0,0,0,0,0,0,0,0,0,0,0,0,0,0,0,0,0,0,0,0,0,0,0,0,0,0,0,0,0,0,0,0,0,0,
1,8_4,10_51_24,5.1469,0,1,0,0.1464686,Baseline,2.337,0.992,-1.001778,6.282312,355.0593,-2.684162E-08,0.0000,0.0000,0.0000,0.0000,0.0000,0.0000,0,0,,,,,,,0,0,0,0,0,0,0,0,0,0,0,0,0,0,0,0,0,0,0,0,0,0,0,0,0,0,0,0,0,0,0,0,0,0,0,0,0,0,0,0,0,0,0,0,0,0,0,0,0,0,0,
1,8_4,10_51_24,5.1501,0,1,0,0.149684,Baseline,2.337,0.992,-1.001778,6.282312,355.0593,-2.684162E-08,0.0000,0.0000,0.0000,0.0000,0.0000,0.0000,0,0,,,,,,,0,0,0,0,0,0,0,0,0,0,0,0,0,0,0,0,0,0,0,0,0,0,0,0,0,0,0,0,0,0,0,0,0,0,0,0,0,0,0,0,0,0,0,0,0,0,0,0,0,0,0,
1,8_4,10_51_24,5.1535,0,1,0,0.1530476,Baseline,2.337,0.992,-1.001778,6.282312,355.0593,-2.684162E-08,0.0000,0.0000,0.0000,0.0000,0.0000,0.0000,0,0,,,,,,,0,0,0,0,0,0,0,0,0,0,0,0,0,0,0,0,0,0,0,0,0,0,0,0,0,0,0,0,0,0,0,0,0,0,0,0,0,0,0,0,0,0,0,0,0,0,0,0,0,0,0,
1,8_4,10_51_24,5.1568,0,1,0,0.1563802,Baseline,2.337,0.992,-1.001778,6.282312,355.0593,-2.684162E-08,0.0000,0.0000,0.0000,0.0000,0.0000,0.0000,0,0,,,,,,,0,0,0,0,0,0,0,0,0,0,0,0,0,0,0,0,0,0,0,0,0,0,0,0,0,0,0,0,0,0,0,0,0,0,0,0,0,0,0,0,0,0,0,0,0,0,0,0,0,0,0,
1,8_4,10_51_24,5.1603,0,1,0,0.1598206,Baseline,2.337,0.992,-1.001778,6.282312,355.0593,-2.684162E-08,0.0000,0.0000,0.0000,0.0000,0.0000,0.0000,0,0,,,,,,,0,0,0,0,0,0,0,0,0,0,0,0,0,0,0,0,0,0,0,0,0,0,0,0,0,0,0,0,0,0,0,0,0,0,0,0,0,0,0,0,0,0,0,0,0,0,0,0,0,0,0,
1,8_4,10_51_24,5.1635,0,1,0,0.163094,Baseline,2.337,0.992,-1.001778,6.282312,355.0593,-2.684162E-08,0.0000,0.0000,0.0000,0.0000,0.0000,0.0000,0,0,,,,,,,0,0,0,0,0,0,0,0,0,0,0,0,0,0,0,0,0,0,0,0,0,0,0,0,0,0,0,0,0,0,0,0,0,0,0,0,0,0,0,0,0,0,0,0,0,0,0,0,0,0,0,
1,8_4,10_51_24,5.1667,0,1,0,0.1662512,Baseline,2.337,0.992,-1.001778,6.282312,355.0593,-2.684162E-08,0.0000,0.0000,0.0000,0.0000,0.0000,0.0000,0,0,,,,,,,0,0,0,0,0,0,0,0,0,0,0,0,0,0,0,0,0,0,0,0,0,0,0,0,0,0,0,0,0,0,0,0,0,0,0,0,0,0,0,0,0,0,0,0,0,0,0,0,0,0,0,
1,8_4,10_51_24,5.1699,0,1,0,0.1694298,Baseline,2.337,0.992,-1.001778,6.282312,355.0593,-2.684162E-08,0.0000,0.0000,0.0000,0.0000,0.0000,0.0000,0,0,,,,,,,0,0,0,0,0,0,0,0,0,0,0,0,0,0,0,0,0,0,0,0,0,0,0,0,0,0,0,0,0,0,0,0,0,0,0,0,0,0,0,0,0,0,0,0,0,0,0,0,0,0,0,
1,8_4,10_51_24,5.1731,0,1,0,0.1726871,Baseline,2.337,0.992,-1.001778,6.282312,355.0593,-2.684162E-08,0.0000,0.0000,0.0000,0.0000,0.0000,0.0000,0,0,,,,,,,0,0,0,0,0,0,0,0,0,0,0,0,0,0,0,0,0,0,0,0,0,0,0,0,0,0,0,0,0,0,0,0,0,0,0,0,0,0,0,0,0,0,0,0,0,0,0,0,0,0,0,
1,8_4,10_51_24,5.1765,0,1,0,0.1760859,Baseline,2.337,0.992,-1.001778,6.282312,355.0593,-2.684162E-08,0.0000,0.0000,0.0000,0.0000,0.0000,0.0000,0,0,,,,,,,0,0,0,0,0,0,0,0,0,0,0,0,0,0,0,0,0,0,0,0,0,0,0,0,0,0,0,0,0,0,0,0,0,0,0,0,0,0,0,0,0,0,0,0,0,0,0,0,0,0,0,
1,8_4,10_51_24,5.1812,0,1,0,0.1807203,Baseline,2.337,0.992,-1.001778,6.282312,355.0593,-2.684162E-08,0.0000,0.0000,0.0000,0.0000,0.0000,0.0000,0,0,,,,,,,0,0,0,0,0,0,0,0,0,0,0,0,0,0,0,0,0,0,0,0,0,0,0,0,0,0,0,0,0,0,0,0,0,0,0,0,0,0,0,0,0,0,0,0,0,0,0,0,0,0,0,
1,8_4,10_51_24,5.1856,0,1,0,0.1851077,Baseline,2.337,0.992,-1.001778,6.282312,355.0593,-2.684162E-08,0.0000,0.0000,0.0000,0.0000,0.0000,0.0000,0,0,,,,,,,0,0,0,0,0,0,0,0,0,0,0,0,0,0,0,0,0,0,0,0,0,0,0,0,0,0,0,0,0,0,0,0,0,0,0,0,0,0,0,0,0,0,0,0,0,0,0,0,0,0,0,
1,8_4,10_51_24,5.1891,0,1,0,0.1886835,Baseline,2.337,0.992,-1.001778,6.282312,355.0593,-2.684162E-08,0.0000,0.0000,0.0000,0.0000,0.0000,0.0000,0,0,,,,,,,0,0,0,0,0,0,0,0,0,0,0,0,0,0,0,0,0,0,0,0,0,0,0,0,0,0,0,0,0,0,0,0,0,0,0,0,0,0,0,0,0,0,0,0,0,0,0,0,0,0,0,
1,8_4,10_51_24,5.1926,0,1,0,0.1921906,Baseline,2.337,0.992,-1.001778,6.282312,355.0593,-2.684162E-08,0.0000,0.0000,0.0000,0.0000,0.0000,0.0000,0,0,,,,,,,0,0,0,0,0,0,0,0,0,0,0,0,0,0,0,0,0,0,0,0,0,0,0,0,0,0,0,0,0,0,0,0,0,0,0,0,0,0,0,0,0,0,0,0,0,0,0,0,0,0,0,
1,8_4,10_51_24,5.1965,0,1,0,0.196075,Baseline,2.337,0.992,-1.001778,6.282312,355.0593,-2.684162E-08,0.0000,0.0000,0.0000,0.0000,0.0000,0.0000,0,0,,,,,,,0,0,0,0,0,0,0,0,0,0,0,0,0,0,0,0,0,0,0,0,0,0,0,0,0,0,0,0,0,0,0,0,0,0,0,0,0,0,0,0,0,0,0,0,0,0,0,0,0,0,0,
1,8_4,10_51_24,5.1998,0,1,0,0.1993637,Baseline,2.337,0.992,-1.001778,6.282312,355.0593,-2.684162E-08,0.0000,0.0000,0.0000,0.0000,0.0000,0.0000,0,0,,,,,,,0,0,0,0,0,0,0,0,0,0,0,0,0,0,0,0,0,0,0,0,0,0,0,0,0,0,0,0,0,0,0,0,0,0,0,0,0,0,0,0,0,0,0,0,0,0,0,0,0,0,0,
1,8_4,10_51_24,5.2036,0,1,0,0.2031364,Baseline,2.337,0.992,-1.001778,6.282312,355.0593,-2.684162E-08,0.0000,0.0000,0.0000,0.0000,0.0000,0.0000,0,0,,,,,,,0,0,0,0,0,0,0,0,0,0,0,0,0,0,0,0,0,0,0,0,0,0,0,0,0,0,0,0,0,0,0,0,0,0,0,0,0,0,0,0,0,0,0,0,0,0,0,0,0,0,0,
1,8_4,10_51_24,5.2069,0,1,0,0.2064481,Baseline,2.337,0.992,-1.001778,6.282312,355.0593,-2.684162E-08,0.0000,0.0000,0.0000,0.0000,0.0000,0.0000,0,0,,,,,,,0,0,0,0,0,0,0,0,0,0,0,0,0,0,0,0,0,0,0,0,0,0,0,0,0,0,0,0,0,0,0,0,0,0,0,0,0,0,0,0,0,0,0,0,0,0,0,0,0,0,0,
1,8_4,10_51_24,5.2102,0,1,0,0.2097144,Baseline,2.337,0.992,-1.001778,6.282312,355.0593,-2.684162E-08,0.0000,0.0000,0.0000,0.0000,0.0000,0.0000,0,0,,,,,,,0,0,0,0,0,0,0,0,0,0,0,0,0,0,0,0,0,0,0,0,0,0,0,0,0,0,0,0,0,0,0,0,0,0,0,0,0,0,0,0,0,0,0,0,0,0,0,0,0,0,0,
1,8_4,10_51_24,5.2133,0,1,0,0.2128901,Baseline,2.337,0.992,-1.001778,6.282312,355.0593,-2.684162E-08,0.0000,0.0000,0.0000,0.0000,0.0000,0.0000,0,0,,,,,,,0,0,0,0,0,0,0,0,0,0,0,0,0,0,0,0,0,0,0,0,0,0,0,0,0,0,0,0,0,0,0,0,0,0,0,0,0,0,0,0,0,0,0,0,0,0,0,0,0,0,0,
1,8_4,10_51_24,5.2165,0,1,0,0.2160811,Baseline,2.337,0.992,-1.001778,6.282312,355.0593,-2.684162E-08,0.0000,0.0000,0.0000,0.0000,0.0000,0.0000,0,0,,,,,,,0,0,0,0,0,0,0,0,0,0,0,0,0,0,0,0,0,0,0,0,0,0,0,0,0,0,0,0,0,0,0,0,0,0,0,0,0,0,0,0,0,0,0,0,0,0,0,0,0,0,0,
1,8_4,10_51_24,5.2197,0,1,0,0.2192807,Baseline,2.337,0.992,-1.001778,6.282312,355.0593,-2.684162E-08,0.0000,0.0000,0.0000,0.0000,0.0000,0.0000,0,0,,,,,,,0,0,0,0,0,0,0,0,0,0,0,0,0,0,0,0,0,0,0,0,0,0,0,0,0,0,0,0,0,0,0,0,0,0,0,0,0,0,0,0,0,0,0,0,0,0,0,0,0,0,0,
1,8_4,10_51_24,5.2229,0,1,0,0.2224164,Baseline,2.337,0.992,-1.001778,6.282312,355.0593,-2.684162E-08,0.0000,0.0000,0.0000,0.0000,0.0000,0.0000,0,0,,,,,,,0,0,0,0,0,0,0,0,0,0,0,0,0,0,0,0,0,0,0,0,0,0,0,0,0,0,0,0,0,0,0,0,0,0,0,0,0,0,0,0,0,0,0,0,0,0,0,0,0,0,0,
1,8_4,10_51_24,5.2261,0,1,0,0.2256918,Baseline,2.337,0.992,-1.001778,6.282312,355.0593,-2.684162E-08,0.0000,0.0000,0.0000,0.0000,0.0000,0.0000,0,0,,,,,,,0,0,0,0,0,0,0,0,0,0,0,0,0,0,0,0,0,0,0,0,0,0,0,0,0,0,0,0,0,0,0,0,0,0,0,0,0,0,0,0,0,0,0,0,0,0,0,0,0,0,0,
1,8_4,10_51_24,5.2293,0,1,0,0.2288465,Baseline,2.337,0.992,-1.001778,6.282312,355.0593,-2.684162E-08,0.0000,0.0000,0.0000,0.0000,0.0000,0.0000,0,0,,,,,,,0,0,0,0,0,0,0,0,0,0,0,0,0,0,0,0,0,0,0,0,0,0,0,0,0,0,0,0,0,0,0,0,0,0,0,0,0,0,0,0,0,0,0,0,0,0,0,0,0,0,0,
1,8_4,10_51_24,5.2325,0,1,0,0.2320466,Baseline,2.337,0.992,-1.001778,6.282312,355.0593,-2.684162E-08,0.0000,0.0000,0.0000,0.0000,0.0000,0.0000,0,0,,,,,,,0,0,0,0,0,0,0,0,0,0,0,0,0,0,0,0,0,0,0,0,0,0,0,0,0,0,0,0,0,0,0,0,0,0,0,0,0,0,0,0,0,0,0,0,0,0,0,0,0,0,0,
1,8_4,10_51_24,5.2357,0,1,0,0.2353005,Baseline,2.337,0.992,-1.001778,6.282312,355.0593,-2.684162E-08,0.0000,0.0000,0.0000,0.0000,0.0000,0.0000,0,0,,,,,,,0,0,0,0,0,0,0,0,0,0,0,0,0,0,0,0,0,0,0,0,0,0,0,0,0,0,0,0,0,0,0,0,0,0,0,0,0,0,0,0,0,0,0,0,0,0,0,0,0,0,0,
1,8_4,10_51_24,5.2389,0,1,0,0.2384887,Baseline,2.337,0.992,-1.001778,6.282312,355.0593,-2.684162E-08,0.0000,0.0000,0.0000,0.0000,0.0000,0.0000,0,0,,,,,,,0,0,0,0,0,0,0,0,0,0,0,0,0,0,0,0,0,0,0,0,0,0,0,0,0,0,0,0,0,0,0,0,0,0,0,0,0,0,0,0,0,0,0,0,0,0,0,0,0,0,0,
1,8_4,10_51_24,5.2422,0,1,0,0.2417188,Baseline,2.337,0.992,-1.001778,6.282312,355.0593,-2.684162E-08,0.0000,0.0000,0.0000,0.0000,0.0000,0.0000,0,0,,,,,,,0,0,0,0,0,0,0,0,0,0,0,0,0,0,0,0,0,0,0,0,0,0,0,0,0,0,0,0,0,0,0,0,0,0,0,0,0,0,0,0,0,0,0,0,0,0,0,0,0,0,0,
1,8_4,10_51_24,5.2457,0,1,0,0.2453022,Baseline,2.337,0.992,-1.001778,6.282312,355.0593,-2.684162E-08,0.0000,0.0000,0.0000,0.0000,0.0000,0.0000,0,0,,,,,,,0,0,0,0,0,0,0,0,0,0,0,0,0,0,0,0,0,0,0,0,0,0,0,0,0,0,0,0,0,0,0,0,0,0,0,0,0,0,0,0,0,0,0,0,0,0,0,0,0,0,0,
1,8_4,10_51_24,5.2501,0,1,0,0.2496099,Baseline,2.337,0.992,-1.001778,6.282312,355.0593,-2.684162E-08,0.0000,0.0000,0.0000,0.0000,0.0000,0.0000,0,0,,,,,,,0,0,0,0,0,0,0,0,0,0,0,0,0,0,0,0,0,0,0,0,0,0,0,0,0,0,0,0,0,0,0,0,0,0,0,0,0,0,0,0,0,0,0,0,0,0,0,0,0,0,0,
1,8_4,10_51_24,5.2533,0,1,0,0.2528696,Baseline,2.337,0.992,-1.001778,6.282312,355.0593,-2.684162E-08,0.0000,0.0000,0.0000,0.0000,0.0000,0.0000,0,0,,,,,,,0,0,0,0,0,0,0,0,0,0,0,0,0,0,0,0,0,0,0,0,0,0,0,0,0,0,0,0,0,0,0,0,0,0,0,0,0,0,0,0,0,0,0,0,0,0,0,0,0,0,0,
1,8_4,10_51_24,5.2566,0,1,0,0.2561493,Baseline,2.337,0.992,-1.001778,6.282312,355.0593,-2.684162E-08,0.0000,0.0000,0.0000,0.0000,0.0000,0.0000,0,0,,,,,,,0,0,0,0,0,0,0,0,0,0,0,0,0,0,0,0,0,0,0,0,0,0,0,0,0,0,0,0,0,0,0,0,0,0,0,0,0,0,0,0,0,0,0,0,0,0,0,0,0,0,0,
1,8_4,10_51_24,5.2598,0,1,0,0.2593431,Baseline,2.337,0.992,-1.001778,6.282312,355.0593,-2.684162E-08,0.0000,0.0000,0.0000,0.0000,0.0000,0.0000,0,0,,,,,,,0,0,0,0,0,0,0,0,0,0,0,0,0,0,0,0,0,0,0,0,0,0,0,0,0,0,0,0,0,0,0,0,0,0,0,0,0,0,0,0,0,0,0,0,0,0,0,0,0,0,0,
1,8_4,10_51_24,5.2629,0,1,0,0.2624931,Baseline,2.337,0.992,-1.001778,6.282312,355.0593,-2.684162E-08,0.0000,0.0000,0.0000,0.0000,0.0000,0.0000,0,0,,,,,,,0,0,0,0,0,0,0,0,0,0,0,0,0,0,0,0,0,0,0,0,0,0,0,0,0,0,0,0,0,0,0,0,0,0,0,0,0,0,0,0,0,0,0,0,0,0,0,0,0,0,0,
1,8_4,10_51_24,5.2663,0,1,0,0.2658415,Baseline,2.337,0.992,-1.001778,6.282312,355.0593,-2.684162E-08,0.0000,0.0000,0.0000,0.0000,0.0000,0.0000,0,0,,,,,,,0,0,0,0,0,0,0,0,0,0,0,0,0,0,0,0,0,0,0,0,0,0,0,0,0,0,0,0,0,0,0,0,0,0,0,0,0,0,0,0,0,0,0,0,0,0,0,0,0,0,0,
1,8_4,10_51_24,5.2695,0,1,0,0.2690105,Baseline,2.337,0.992,-1.001778,6.282312,355.0593,-2.684162E-08,0.0000,0.0000,0.0000,0.0000,0.0000,0.0000,0,0,,,,,,,0,0,0,0,0,0,0,0,0,0,0,0,0,0,0,0,0,0,0,0,0,0,0,0,0,0,0,0,0,0,0,0,0,0,0,0,0,0,0,0,0,0,0,0,0,0,0,0,0,0,0,
1,8_4,10_51_24,5.2727,0,1,0,0.2722192,Baseline,2.337,0.992,-1.001778,6.282312,355.0593,-2.684162E-08,0.0000,0.0000,0.0000,0.0000,0.0000,0.0000,0,0,,,,,,,0,0,0,0,0,0,0,0,0,0,0,0,0,0,0,0,0,0,0,0,0,0,0,0,0,0,0,0,0,0,0,0,0,0,0,0,0,0,0,0,0,0,0,0,0,0,0,0,0,0,0,
1,8_4,10_51_24,5.2759,0,1,0,0.2754602,Baseline,2.337,0.992,-1.001778,6.282312,355.0593,-2.684162E-08,0.0000,0.0000,0.0000,0.0000,0.0000,0.0000,0,0,,,,,,,0,0,0,0,0,0,0,0,0,0,0,0,0,0,0,0,0,0,0,0,0,0,0,0,0,0,0,0,0,0,0,0,0,0,0,0,0,0,0,0,0,0,0,0,0,0,0,0,0,0,0,
1,8_4,10_51_24,5.2791,0,1,0,0.2786412,Baseline,2.337,0.992,-1.001778,6.282312,355.0593,-2.684162E-08,0.0000,0.0000,0.0000,0.0000,0.0000,0.0000,0,0,,,,,,,0,0,0,0,0,0,0,0,0,0,0,0,0,0,0,0,0,0,0,0,0,0,0,0,0,0,0,0,0,0,0,0,0,0,0,0,0,0,0,0,0,0,0,0,0,0,0,0,0,0,0,
1,8_4,10_51_24,5.2823,0,1,0,0.2818751,Baseline,2.337,0.992,-1.001778,6.282312,355.0593,-2.684162E-08,0.0000,0.0000,0.0000,0.0000,0.0000,0.0000,0,0,,,,,,,0,0,0,0,0,0,0,0,0,0,0,0,0,0,0,0,0,0,0,0,0,0,0,0,0,0,0,0,0,0,0,0,0,0,0,0,0,0,0,0,0,0,0,0,0,0,0,0,0,0,0,
1,8_4,10_51_24,5.2858,0,1,0,0.2853136,Baseline,2.337,0.992,-1.001778,6.282312,355.0593,-2.684162E-08,0.0000,0.0000,0.0000,0.0000,0.0000,0.0000,0,0,,,,,,,0,0,0,0,0,0,0,0,0,0,0,0,0,0,0,0,0,0,0,0,0,0,0,0,0,0,0,0,0,0,0,0,0,0,0,0,0,0,0,0,0,0,0,0,0,0,0,0,0,0,0,
1,8_4,10_51_24,5.2892,0,1,0,0.2887073,Baseline,2.337,0.992,-1.001778,6.282312,355.0593,-2.684162E-08,0.0000,0.0000,0.0000,0.0000,0.0000,0.0000,0,0,,,,,,,0,0,0,0,0,0,0,0,0,0,0,0,0,0,0,0,0,0,0,0,0,0,0,0,0,0,0,0,0,0,0,0,0,0,0,0,0,0,0,0,0,0,0,0,0,0,0,0,0,0,0,
1,8_4,10_51_24,5.2924,0,1,0,0.2919354,Baseline,2.337,0.992,-1.001778,6.282312,355.0593,-2.684162E-08,0.0000,0.0000,0.0000,0.0000,0.0000,0.0000,0,0,,,,,,,0,0,0,0,0,0,0,0,0,0,0,0,0,0,0,0,0,0,0,0,0,0,0,0,0,0,0,0,0,0,0,0,0,0,0,0,0,0,0,0,0,0,0,0,0,0,0,0,0,0,0,
1,8_4,10_51_24,5.2957,0,1,0,0.2952161,Baseline,2.337,0.992,-1.001778,6.282312,355.0593,-2.684162E-08,0.0000,0.0000,0.0000,0.0000,0.0000,0.0000,0,0,,,,,,,0,0,0,0,0,0,0,0,0,0,0,0,0,0,0,0,0,0,0,0,0,0,0,0,0,0,0,0,0,0,0,0,0,0,0,0,0,0,0,0,0,0,0,0,0,0,0,0,0,0,0,
1,8_4,10_51_24,5.2989,0,1,0,0.2984815,Baseline,2.337,0.992,-1.001778,6.282312,355.0593,-2.684162E-08,0.0000,0.0000,0.0000,0.0000,0.0000,0.0000,0,0,,,,,,,0,0,0,0,0,0,0,0,0,0,0,0,0,0,0,0,0,0,0,0,0,0,0,0,0,0,0,0,0,0,0,0,0,0,0,0,0,0,0,0,0,0,0,0,0,0,0,0,0,0,0,
1,8_4,10_51_24,5.3023,0,1,0,0.3018808,Baseline,2.337,0.992,-1.001778,6.282312,355.0593,-2.684162E-08,0.0000,0.0000,0.0000,0.0000,0.0000,0.0000,0,0,,,,,,,0,0,0,0,0,0,0,0,0,0,0,0,0,0,0,0,0,0,0,0,0,0,0,0,0,0,0,0,0,0,0,0,0,0,0,0,0,0,0,0,0,0,0,0,0,0,0,0,0,0,0,
1,8_4,10_51_24,5.3063,0,1,0,0.3058805,Baseline,2.337,0.992,-1.001778,6.282312,355.0593,-2.684162E-08,0.0000,0.0000,0.0000,0.0000,0.0000,0.0000,0,0,,,,,,,0,0,0,0,0,0,0,0,0,0,0,0,0,0,0,0,0,0,0,0,0,0,0,0,0,0,0,0,0,0,0,0,0,0,0,0,0,0,0,0,0,0,0,0,0,0,0,0,0,0,0,
1,8_4,10_51_24,5.3098,0,1,0,0.3093224,Baseline,2.337,0.992,-1.001778,6.282312,355.0593,-2.684162E-08,0.0000,0.0000,0.0000,0.0000,0.0000,0.0000,0,0,,,,,,,0,0,0,0,0,0,0,0,0,0,0,0,0,0,0,0,0,0,0,0,0,0,0,0,0,0,0,0,0,0,0,0,0,0,0,0,0,0,0,0,0,0,0,0,0,0,0,0,0,0,0,
1,8_4,10_51_24,5.3131,0,1,0,0.3126378,Baseline,2.337,0.992,-1.001778,6.282312,355.0593,-2.684162E-08,0.0000,0.0000,0.0000,0.0000,0.0000,0.0000,0,0,,,,,,,0,0,0,0,0,0,0,0,0,0,0,0,0,0,0,0,0,0,0,0,0,0,0,0,0,0,0,0,0,0,0,0,0,0,0,0,0,0,0,0,0,0,0,0,0,0,0,0,0,0,0,
1,8_4,10_51_24,5.3164,0,1,0,0.3159294,Baseline,2.337,0.992,-1.001778,6.282312,355.0593,-2.684162E-08,0.0000,0.0000,0.0000,0.0000,0.0000,0.0000,0,0,,,,,,,0,0,0,0,0,0,0,0,0,0,0,0,0,0,0,0,0,0,0,0,0,0,0,0,0,0,0,0,0,0,0,0,0,0,0,0,0,0,0,0,0,0,0,0,0,0,0,0,0,0,0,
1,8_4,10_51_24,5.3196,0,1,0,0.3191061,Baseline,2.337,0.992,-1.001778,6.282312,355.0593,-2.684162E-08,0.0000,0.0000,0.0000,0.0000,0.0000,0.0000,0,0,,,,,,,0,0,0,0,0,0,0,0,0,0,0,0,0,0,0,0,0,0,0,0,0,0,0,0,0,0,0,0,0,0,0,0,0,0,0,0,0,0,0,0,0,0,0,0,0,0,0,0,0,0,0,
1,8_4,10_51_24,5.3229,0,1,0,0.322454,Baseline,2.337,0.992,-1.001778,6.282312,355.0593,-2.684162E-08,0.0000,0.0000,0.0000,0.0000,0.0000,0.0000,0,0,,,,,,,0,0,0,0,0,0,0,0,0,0,0,0,0,0,0,0,0,0,0,0,0,0,0,0,0,0,0,0,0,0,0,0,0,0,0,0,0,0,0,0,0,0,0,0,0,0,0,0,0,0,0,
1,8_4,10_51_24,5.3265,0,1,0,0.3260407,Baseline,2.337,0.992,-1.001778,6.282312,355.0593,-2.684162E-08,0.0000,0.0000,0.0000,0.0000,0.0000,0.0000,0,0,,,,,,,0,0,0,0,0,0,0,0,0,0,0,0,0,0,0,0,0,0,0,0,0,0,0,0,0,0,0,0,0,0,0,0,0,0,0,0,0,0,0,0,0,0,0,0,0,0,0,0,0,0,0,
1,8_4,10_51_24,5.3303,0,1,0,0.3298473,Baseline,2.337,0.992,-1.001778,6.282312,355.0593,-2.684162E-08,0.0000,0.0000,0.0000,0.0000,0.0000,0.0000,0,0,,,,,,,0,0,0,0,0,0,0,0,0,0,0,0,0,0,0,0,0,0,0,0,0,0,0,0,0,0,0,0,0,0,0,0,0,0,0,0,0,0,0,0,0,0,0,0,0,0,0,0,0,0,0,
1,8_4,10_51_24,5.3335,0,1,0,0.3330283,Baseline,2.337,0.992,-1.001778,6.282312,355.0593,-2.684162E-08,0.0000,0.0000,0.0000,0.0000,0.0000,0.0000,0,0,,,,,,,0,0,0,0,0,0,0,0,0,0,0,0,0,0,0,0,0,0,0,0,0,0,0,0,0,0,0,0,0,0,0,0,0,0,0,0,0,0,0,0,0,0,0,0,0,0,0,0,0,0,0,
1,8_4,10_51_24,5.3374,0,1,0,0.3369036,Baseline,2.337,0.992,-1.001778,6.262936,355.1174,0,0.0000,0.0000,0.0000,0.0000,0.0000,0.0000,0,0,,,,,,,0,0,0,0,0,0,0,0,0,0,0,0,0,0,0,0,0,0,0,0,0,0,0,0,0,0,0,0,0,0,0,0,0,0,0,0,0,0,0,0,0,0,0,0,0,0,0,0,0,0,0,
1,8_4,10_51_24,5.3407,0,1,0,0.3402076,Baseline,2.337,0.992,-1.001778,6.262936,355.1174,0,0.0000,0.0000,0.0000,0.0000,0.0000,0.0000,0,0,,,,,,,0,0,0,0,0,0,0,0,0,0,0,0,0,0,0,0,0,0,0,0,0,0,0,0,0,0,0,0,0,0,0,0,0,0,0,0,0,0,0,0,0,0,0,0,0,0,0,0,0,0,0,
1,8_4,10_51_24,5.3440,0,1,0,0.3435116,Baseline,2.337,0.992,-1.001778,6.262936,355.1174,0,0.0000,0.0000,0.0000,0.0000,0.0000,0.0000,0,0,,,,,,,0,0,0,0,0,0,0,0,0,0,0,0,0,0,0,0,0,0,0,0,0,0,0,0,0,0,0,0,0,0,0,0,0,0,0,0,0,0,0,0,0,0,0,0,0,0,0,0,0,0,0,
1,8_4,10_51_24,5.3476,0,1,0,0.3471756,Baseline,2.337,0.992,-1.001778,6.262936,355.1357,0,0.0000,0.0000,0.0000,0.0000,0.0000,0.0000,0,0,,,,,,,0,0,0,0,0,0,0,0,0,0,0,0,0,0,0,0,0,0,0,0,0,0,0,0,0,0,0,0,0,0,0,0,0,0,0,0,0,0,0,0,0,0,0,0,0,0,0,0,0,0,0,
1,8_4,10_51_24,5.3508,0,1,0,0.35039,Baseline,2.337,0.992,-1.001778,6.262936,355.1357,0,0.0000,0.0000,0.0000,0.0000,0.0000,0.0000,0,0,,,,,,,0,0,0,0,0,0,0,0,0,0,0,0,0,0,0,0,0,0,0,0,0,0,0,0,0,0,0,0,0,0,0,0,0,0,0,0,0,0,0,0,0,0,0,0,0,0,0,0,0,0,0,
1,8_4,10_51_24,5.3545,0,1,0,0.3541026,Baseline,2.337,0.992,-1.001778,6.262936,355.1357,0,0.0000,0.0000,0.0000,0.0000,0.0000,0.0000,0,0,,,,,,,0,0,0,0,0,0,0,0,0,0,0,0,0,0,0,0,0,0,0,0,0,0,0,0,0,0,0,0,0,0,0,0,0,0,0,0,0,0,0,0,0,0,0,0,0,0,0,0,0,0,0,
1,8_4,10_51_24,5.3578,0,1,0,0.3573422,Baseline,2.337,0.992,-1.001778,6.262936,355.1357,0,0.0000,0.0000,0.0000,0.0000,0.0000,0.0000,0,0,,,,,,,0,0,0,0,0,0,0,0,0,0,0,0,0,0,0,0,0,0,0,0,0,0,0,0,0,0,0,0,0,0,0,0,0,0,0,0,0,0,0,0,0,0,0,0,0,0,0,0,0,0,0,
1,8_4,10_51_24,5.3610,0,1,0,0.3605266,Baseline,2.337,0.992,-1.001778,6.262936,355.1357,0,0.0000,0.0000,0.0000,0.0000,0.0000,0.0000,0,0,,,,,,,0,0,0,0,0,0,0,0,0,0,0,0,0,0,0,0,0,0,0,0,0,0,0,0,0,0,0,0,0,0,0,0,0,0,0,0,0,0,0,0,0,0,0,0,0,0,0,0,0,0,0,
1,8_4,10_51_24,5.3642,0,1,0,0.3637562,Baseline,2.337,0.992,-1.001778,6.262936,355.1357,0,0.0000,0.0000,0.0000,0.0000,0.0000,0.0000,0,0,,,,,,,0,0,0,0,0,0,0,0,0,0,0,0,0,0,0,0,0,0,0,0,0,0,0,0,0,0,0,0,0,0,0,0,0,0,0,0,0,0,0,0,0,0,0,0,0,0,0,0,0,0,0,
1,8_4,10_51_24,5.3674,0,1,0,0.3669133,Baseline,2.337,0.992,-1.001778,6.262936,355.1357,0,0.0000,0.0000,0.0000,0.0000,0.0000,0.0000,0,0,,,,,,,0,0,0,0,0,0,0,0,0,0,0,0,0,0,0,0,0,0,0,0,0,0,0,0,0,0,0,0,0,0,0,0,0,0,0,0,0,0,0,0,0,0,0,0,0,0,0,0,0,0,0,
1,8_4,10_51_24,5.3708,0,1,0,0.3703589,Baseline,2.337,0.992,-1.001778,6.262936,355.1357,0,0.0000,0.0000,0.0000,0.0000,0.0000,0.0000,0,0,,,,,,,0,0,0,0,0,0,0,0,0,0,0,0,0,0,0,0,0,0,0,0,0,0,0,0,0,0,0,0,0,0,0,0,0,0,0,0,0,0,0,0,0,0,0,0,0,0,0,0,0,0,0,
1,8_4,10_51_24,5.3744,0,1,0,0.3739038,Baseline,2.337,0.992,-1.001778,6.262936,355.1357,0,0.0000,0.0000,0.0000,0.0000,0.0000,0.0000,0,0,,,,,,,0,0,0,0,0,0,0,0,0,0,0,0,0,0,0,0,0,0,0,0,0,0,0,0,0,0,0,0,0,0,0,0,0,0,0,0,0,0,0,0,0,0,0,0,0,0,0,0,0,0,0,
1,8_4,10_51_24,5.3777,0,1,0,0.3772235,Baseline,2.337,0.992,-1.001778,6.262936,355.1523,0,0.0000,0.0000,0.0000,0.0000,0.0000,0.0000,0,0,,,,,,,0,0,0,0,0,0,0,0,0,0,0,0,0,0,0,0,0,0,0,0,0,0,0,0,0,0,0,0,0,0,0,0,0,0,0,0,0,0,0,0,0,0,0,0,0,0,0,0,0,0,0,
1,8_4,10_51_24,5.3813,0,1,0,0.3808846,Baseline,2.337,0.992,-1.001778,6.226326,355.1706,-2.683874E-08,0.0000,0.0000,0.0000,0.0000,0.0000,0.0000,0,0,,,,,,,0,0,0,0,0,0,0,0,0,0,0,0,0,0,0,0,0,0,0,0,0,0,0,0,0,0,0,0,0,0,0,0,0,0,0,0,0,0,0,0,0,0,0,0,0,0,0,0,0,0,0,
1,8_4,10_51_24,5.3852,0,1,0,0.3847237,Baseline,2.337,0.992,-1.001778,6.207131,355.2282,0,0.0000,0.0000,0.0000,0.0000,0.0000,0.0000,0,0,,,,,,,0,0,0,0,0,0,0,0,0,0,0,0,0,0,0,0,0,0,0,0,0,0,0,0,0,0,0,0,0,0,0,0,0,0,0,0,0,0,0,0,0,0,0,0,0,0,0,0,0,0,0,
1,8_4,10_51_24,5.3890,0,1,0,0.3885813,Baseline,2.337,0.992,-1.001778,6.149263,355.2668,0,0.0000,0.0000,0.0000,0.0000,0.0000,0.0000,0,0,,,,,,,0,0,0,0,0,0,0,0,0,0,0,0,0,0,0,0,0,0,0,0,0,0,0,0,0,0,0,0,0,0,0,0,0,0,0,0,0,0,0,0,0,0,0,0,0,0,0,0,0,0,0,
1,8_4,10_51_24,5.3929,0,1,0,0.3924909,Baseline,2.337,0.992,-1.001778,6.129716,355.3645,0,0.0000,0.0000,0.0000,0.0000,0.0000,0.0000,0,0,,,,,,,0,0,0,0,0,0,0,0,0,0,0,0,0,0,0,0,0,0,0,0,0,0,0,0,0,0,0,0,0,0,0,0,0,0,0,0,0,0,0,0,0,0,0,0,0,0,0,0,0,0,0,
1,8_4,10_51_24,5.3966,0,1,0,0.3961563,Baseline,2.337,0.992,-1.001778,6.056408,355.4562,0,0.0000,0.0000,0.0000,0.0000,0.0000,0.0000,0,0,,,,,,,0,0,0,0,0,0,0,0,0,0,0,0,0,0,0,0,0,0,0,0,0,0,0,0,0,0,0,0,0,0,0,0,0,0,0,0,0,0,0,0,0,0,0,0,0,0,0,0,0,0,0,
1,8_4,10_51_24,5.4006,0,1,0,0.4001956,Baseline,2.337,0.992,-1.001778,5.995825,355.5572,0,0.0000,0.0000,0.0000,0.0000,0.0000,0.0000,0,0,,,,,,,0,0,0,0,0,0,0,0,0,0,0,0,0,0,0,0,0,0,0,0,0,0,0,0,0,0,0,0,0,0,0,0,0,0,0,0,0,0,0,0,0,0,0,0,0,0,0,0,0,0,0,
1,8_4,10_51_24,5.4055,0,1,0,0.4050155,Baseline,2.337,0.992,-1.001778,5.899422,355.774,1.341124E-08,0.0000,0.0000,0.0000,0.0000,0.0000,0.0000,0,0,,,,,,,0,0,0,0,0,0,0,0,0,0,0,0,0,0,0,0,0,0,0,0,0,0,0,0,0,0,0,0,0,0,0,0,0,0,0,0,0,0,0,0,0,0,0,0,0,0,0,0,0,0,0,
1,8_4,10_51_24,5.4092,0,1,0,0.4087915,Baseline,2.337,0.992,-1.001778,5.786136,355.9062,0,0.0000,0.0000,0.0000,0.0000,0.0000,0.0000,0,0,,,,,,,0,0,0,0,0,0,0,0,0,0,0,0,0,0,0,0,0,0,0,0,0,0,0,0,0,0,0,0,0,0,0,0,0,0,0,0,0,0,0,0,0,0,0,0,0,0,0,0,0,0,0,
1,8_4,10_51_24,5.4132,0,1,0,0.4127226,Baseline,2.337,0.992,-1.001778,5.727175,356.0634,0,0.0000,0.0000,0.0000,0.0000,0.0000,0.0000,0,0,,,,,,,0,0,0,0,0,0,0,0,0,0,0,0,0,0,0,0,0,0,0,0,0,0,0,0,0,0,0,0,0,0,0,0,0,0,0,0,0,0,0,0,0,0,0,0,0,0,0,0,0,0,0,
1,8_4,10_51_24,5.4178,0,1,0,0.4173288,Baseline,2.337,0.992,-1.001778,5.588986,356.2247,1.340393E-08,0.0000,0.0000,0.0000,0.0000,0.0000,0.0000,0,0,,,,,,,0,0,0,0,0,0,0,0,0,0,0,0,0,0,0,0,0,0,0,0,0,0,0,0,0,0,0,0,0,0,0,0,0,0,0,0,0,0,0,0,0,0,0,0,0,0,0,0,0,0,0,
1,8_4,10_51_24,5.4217,0,1,0,0.4212422,Baseline,2.337,0.992,-1.001778,5.510719,356.3812,1.340215E-08,0.0000,0.0000,0.0000,0.0000,0.0000,0.0000,0,0,,,,,,,0,0,0,0,0,0,0,0,0,0,0,0,0,0,0,0,0,0,0,0,0,0,0,0,0,0,0,0,0,0,0,0,0,0,0,0,0,0,0,0,0,0,0,0,0,0,0,0,0,0,0,
1,8_4,10_51_24,5.4255,0,1,0,0.4250836,Baseline,2.337,0.992,-1.001778,5.414683,356.5157,1.34E-08,0.0000,0.0000,0.0000,0.0000,0.0000,0.0000,0,0,,,,,,,0,0,0,0,0,0,0,0,0,0,0,0,0,0,0,0,0,0,0,0,0,0,0,0,0,0,0,0,0,0,0,0,0,0,0,0,0,0,0,0,0,0,0,0,0,0,0,0,0,0,0,
1,8_4,10_51_24,5.4307,0,1,0,0.4302092,Baseline,2.337,0.992,-1.001778,5.286544,356.7719,0,0.0000,0.0000,0.0000,0.0000,0.0000,0.0000,0,0,,,,,,,0,0,0,0,0,0,0,0,0,0,0,0,0,0,0,0,0,0,0,0,0,0,0,0,0,0,0,0,0,0,0,0,0,0,0,0,0,0,0,0,0,0,0,0,0,0,0,0,0,0,0,
1,8_4,10_51_24,5.4348,0,1,0,0.4343605,Baseline,2.337,0.992,-1.001778,5.161996,356.938,0,0.0000,0.0000,0.0000,0.0000,0.0000,0.0000,0,0,,,,,,,0,0,0,0,0,0,0,0,0,0,0,0,0,0,0,0,0,0,0,0,0,0,0,0,0,0,0,0,0,0,0,0,0,0,0,0,0,0,0,0,0,0,0,0,0,0,0,0,0,0,0,
1,8_4,10_51_24,5.4387,0,1,0,0.4382935,Baseline,2.337,0.992,-1.001778,5.044009,357.0757,-1.339207E-08,0.0000,0.0000,0.0000,0.0000,0.0000,0.0000,0,0,,,,,,,0,0,0,0,0,0,0,0,0,0,0,0,0,0,0,0,0,0,0,0,0,0,0,0,0,0,0,0,0,0,0,0,0,0,0,0,0,0,0,0,0,0,0,0,0,0,0,0,0,0,0,
1,8_4,10_51_24,5.4424,0,1,0,0.4419751,Baseline,2.337,0.992,-1.001778,4.970378,357.2045,0,0.0000,0.0000,0.0000,0.0000,0.0000,0.0000,0,0,,,,,,,0,0,0,0,0,0,0,0,0,0,0,0,0,0,0,0,0,0,0,0,0,0,0,0,0,0,0,0,0,0,0,0,0,0,0,0,0,0,0,0,0,0,0,0,0,0,0,0,0,0,0,
1,8_4,10_51_24,5.4476,0,1,0,0.4471464,Baseline,2.337,0.992,-1.001778,4.815237,357.4113,0,0.0000,0.0000,0.0000,0.0000,0.0000,0.0000,0,0,,,,,,,0,0,0,0,0,0,0,0,0,0,0,0,0,0,0,0,0,0,0,0,0,0,0,0,0,0,0,0,0,0,0,0,0,0,0,0,0,0,0,0,0,0,0,0,0,0,0,0,0,0,0,
1,8_4,10_51_24,5.4536,0,1,0,0.4531565,Baseline,2.337,0.992,-1.001778,4.634943,357.6818,0,0.0000,0.0000,0.0000,0.0000,0.0000,0.0000,0,0,,,,,,,0,0,0,0,0,0,0,0,0,0,0,0,0,0,0,0,0,0,0,0,0,0,0,0,0,0,0,0,0,0,0,0,0,0,0,0,0,0,0,0,0,0,0,0,0,0,0,0,0,0,0,
1,8_4,10_51_24,5.4575,0,1,0,0.4570537,Baseline,2.337,0.992,-1.001778,4.537503,357.7598,6.691077E-09,0.0000,0.0000,0.0000,0.0000,0.0000,0.0000,0,0,,,,,,,0,0,0,0,0,0,0,0,0,0,0,0,0,0,0,0,0,0,0,0,0,0,0,0,0,0,0,0,0,0,0,0,0,0,0,0,0,0,0,0,0,0,0,0,0,0,0,0,0,0,0,
1,8_4,10_51_24,5.4616,0,1,0,0.4611087,Baseline,2.337,0.992,-1.001778,4.476678,357.8611,-6.690518E-09,0.0000,0.0000,0.0000,0.0000,0.0000,0.0000,0,0,,,,,,,0,0,0,0,0,0,0,0,0,0,0,0,0,0,0,0,0,0,0,0,0,0,0,0,0,0,0,0,0,0,0,0,0,0,0,0,0,0,0,0,0,0,0,0,0,0,0,0,0,0,0,
1,8_4,10_51_24,5.4657,0,1,0,0.4652972,Baseline,2.337,0.992,-1.001778,4.392914,357.9449,-1.337952E-08,0.0000,0.0000,0.0000,0.0000,0.0000,0.0000,0,0,,,,,,,0,0,0,0,0,0,0,0,0,0,0,0,0,0,0,0,0,0,0,0,0,0,0,0,0,0,0,0,0,0,0,0,0,0,0,0,0,0,0,0,0,0,0,0,0,0,0,0,0,0,0,
1,8_4,10_51_24,5.4694,0,1,0,0.4689865,Baseline,2.337,0.992,-1.001778,4.337572,358.0002,6.689266E-09,0.0000,0.0000,0.0000,0.0000,0.0000,0.0000,0,0,,,,,,,0,0,0,0,0,0,0,0,0,0,0,0,0,0,0,0,0,0,0,0,0,0,0,0,0,0,0,0,0,0,0,0,0,0,0,0,0,0,0,0,0,0,0,0,0,0,0,0,0,0,0,
1,8_4,10_51_24,5.4743,0,1,0,0.4738846,Baseline,2.337,0.992,-1.001778,4.264104,358.0737,0,0.0000,0.0000,0.0000,0.0000,0.0000,0.0000,0,0,,,,,,,0,0,0,0,0,0,0,0,0,0,0,0,0,0,0,0,0,0,0,0,0,0,0,0,0,0,0,0,0,0,0,0,0,0,0,0,0,0,0,0,0,0,0,0,0,0,0,0,0,0,0,
1,8_4,10_51_24,5.4781,0,1,0,0.4776068,Baseline,2.337,0.992,-1.001778,4.208268,358.0923,0,0.0000,0.0000,0.0000,0.0000,0.0000,0.0000,0,0,,,,,,,0,0,0,0,0,0,0,0,0,0,0,0,0,0,0,0,0,0,0,0,0,0,0,0,0,0,0,0,0,0,0,0,0,0,0,0,0,0,0,0,0,0,0,0,0,0,0,0,0,0,0,
1,8_4,10_51_24,5.4826,0,1,0,0.4821424,Baseline,2.337,0.992,-1.001778,4.140234,358.1603,0,0.0000,0.0000,0.0000,0.0000,0.0000,0.0000,0,0,,,,,,,0,0,0,0,0,0,0,0,0,0,0,0,0,0,0,0,0,0,0,0,0,0,0,0,0,0,0,0,0,0,0,0,0,0,0,0,0,0,0,0,0,0,0,0,0,0,0,0,0,0,0,
1,8_4,10_51_24,5.4864,0,1,0,0.4859333,Baseline,2.337,0.992,-1.001778,4.102327,358.1982,-6.687241E-09,0.0000,0.0000,0.0000,0.0000,0.0000,0.0000,0,0,,,,,,,0,0,0,0,0,0,0,0,0,0,0,0,0,0,0,0,0,0,0,0,0,0,0,0,0,0,0,0,0,0,0,0,0,0,0,0,0,0,0,0,0,0,0,0,0,0,0,0,0,0,0,
1,8_4,10_51_24,5.4907,0,1,0,0.4902258,Baseline,2.337,0.992,-1.001778,4.059399,358.2626,6.686883E-09,0.0000,0.0000,0.0000,0.0000,0.0000,0.0000,0,0,,,,,,,0,0,0,0,0,0,0,0,0,0,0,0,0,0,0,0,0,0,0,0,0,0,0,0,0,0,0,0,0,0,0,0,0,0,0,0,0,0,0,0,0,0,0,0,0,0,0,0,0,0,0,
1,8_4,10_51_24,5.4946,0,1,0,0.4941511,Baseline,2.337,0.992,-1.001778,4.020146,358.2823,0,0.0000,0.0000,0.0000,0.0000,0.0000,0.0000,0,0,,,,,,,0,0,0,0,0,0,0,0,0,0,0,0,0,0,0,0,0,0,0,0,0,0,0,0,0,0,0,0,0,0,0,0,0,0,0,0,0,0,0,0,0,0,0,0,0,0,0,0,0,0,0,
1,8_4,10_51_24,5.4985,0,1,0,0.498033,Baseline,2.337,0.992,-1.001778,3.981329,358.3017,0,0.0000,0.0000,0.0000,0.0000,0.0000,0.0000,0,0,,,,,,,0,0,0,0,0,0,0,0,0,0,0,0,0,0,0,0,0,0,0,0,0,0,0,0,0,0,0,0,0,0,0,0,0,0,0,0,0,0,0,0,0,0,0,0,0,0,0,0,0,0,0,
1,8_4,10_51_24,5.5025,0,1,0,0.5020723,Baseline,2.337,0.992,-1.001778,3.961131,358.3421,0,0.0000,0.0000,0.0000,0.0000,0.0000,0.0000,0,0,,,,,,,0,0,0,0,0,0,0,0,0,0,0,0,0,0,0,0,0,0,0,0,0,0,0,0,0,0,0,0,0,0,0,0,0,0,0,0,0,0,0,0,0,0,0,0,0,0,0,0,0,0,0,
1,8_4,10_51_24,5.5065,0,1,0,0.5060716,Baseline,2.337,0.992,-1.001778,3.921141,358.3621,6.685757E-09,0.0000,0.0000,0.0000,0.0000,0.0000,0.0000,0,0,,,,,,,0,0,0,0,0,0,0,0,0,0,0,0,0,0,0,0,0,0,0,0,0,0,0,0,0,0,0,0,0,0,0,0,0,0,0,0,0,0,0,0,0,0,0,0,0,0,0,0,0,0,0,
1,8_4,10_51_24,5.5107,0,1,0,0.5102129,Baseline,2.337,0.992,-1.001778,3.900435,358.3828,0,0.0000,0.0000,0.0000,0.0000,0.0000,0.0000,0,0,,,,,,,0,0,0,0,0,0,0,0,0,0,0,0,0,0,0,0,0,0,0,0,0,0,0,0,0,0,0,0,0,0,0,0,0,0,0,0,0,0,0,0,0,0,0,0,0,0,0,0,0,0,0,
1,8_4,10_51_24,5.5142,0,1,0,0.5137272,Baseline,2.337,0.992,-1.001778,3.882863,358.4004,0,0.0000,0.0000,0.0000,0.0000,0.0000,0.0000,0,0,,,,,,,0,0,0,0,0,0,0,0,0,0,0,0,0,0,0,0,0,0,0,0,0,0,0,0,0,0,0,0,0,0,0,0,0,0,0,0,0,0,0,0,0,0,0,0,0,0,0,0,0,0,0,
1,8_4,10_51_24,5.5183,0,1,0,0.517879,Baseline,2.337,0.992,-1.001778,3.820585,358.4211,3.342482E-09,0.0000,0.0000,0.0000,0.0000,0.0000,0.0000,0,0,,,,,,,0,0,0,0,0,0,0,0,0,0,0,0,0,0,0,0,0,0,0,0,0,0,0,0,0,0,0,0,0,0,0,0,0,0,0,0,0,0,0,0,0,0,0,0,0,0,0,0,0,0,0,
1,8_4,10_51_24,5.5226,0,1,0,0.5221233,Baseline,2.337,0.992,-1.001778,3.799362,358.4211,0,0.0000,0.0000,0.0000,0.0000,0.0000,0.0000,0,0,,,,,,,0,0,0,0,0,0,0,0,0,0,0,0,0,0,0,0,0,0,0,0,0,0,0,0,0,0,0,0,0,0,0,0,0,0,0,0,0,0,0,0,0,0,0,0,0,0,0,0,0,0,0,
1,8_4,10_51_24,5.5265,0,1,0,0.5260553,Baseline,2.337,0.992,-1.001778,3.779704,358.4604,0,0.0000,0.0000,0.0000,0.0000,0.0000,0.0000,0,0,,,,,,,0,0,0,0,0,0,0,0,0,0,0,0,0,0,0,0,0,0,0,0,0,0,0,0,0,0,0,0,0,0,0,0,0,0,0,0,0,0,0,0,0,0,0,0,0,0,0,0,0,0,0,
1,8_4,10_51_24,5.5299,0,1,0,0.5294237,Baseline,2.337,0.992,-1.001778,3.779704,358.4604,0,0.0000,0.0000,0.0000,0.0000,0.0000,0.0000,0,0,,,,,,,0,0,0,0,0,0,0,0,0,0,0,0,0,0,0,0,0,0,0,0,0,0,0,0,0,0,0,0,0,0,0,0,0,0,0,0,0,0,0,0,0,0,0,0,0,0,0,0,0,0,0,
1,8_4,10_51_24,5.5334,0,1,0,0.5329518,Baseline,2.337,0.992,-1.001778,3.726783,358.4781,-3.342121E-09,0.0000,0.0000,0.0000,0.0000,0.0000,0.0000,0,0,,,,,,,0,0,0,0,0,0,0,0,0,0,0,0,0,0,0,0,0,0,0,0,0,0,0,0,0,0,0,0,0,0,0,0,0,0,0,0,0,0,0,0,0,0,0,0,0,0,0,0,0,0,0,
1,8_4,10_51_24,5.5368,0,1,0,0.5363526,Baseline,2.337,0.992,-1.001778,3.726783,358.4781,-3.342121E-09,0.0000,0.0000,0.0000,0.0000,0.0000,0.0000,0,0,,,,,,,0,0,0,0,0,0,0,0,0,0,0,0,0,0,0,0,0,0,0,0,0,0,0,0,0,0,0,0,0,0,0,0,0,0,0,0,0,0,0,0,0,0,0,0,0,0,0,0,0,0,0,
1,8_4,10_51_24,5.5404,0,1,0,0.5399528,Baseline,2.337,0.992,-1.001778,3.654775,358.5501,-3.341849E-09,0.0000,0.0000,0.0000,0.0000,0.0000,0.0000,0,0,,,,,,,0,0,0,0,0,0,0,0,0,0,0,0,0,0,0,0,0,0,0,0,0,0,0,0,0,0,0,0,0,0,0,0,0,0,0,0,0,0,0,0,0,0,0,0,0,0,0,0,0,0,0,
1,8_4,10_51_24,5.5447,0,1,0,0.5442491,Baseline,2.337,0.992,-1.001778,3.611814,358.5716,3.34169E-09,0.0000,0.0000,0.0000,0.0000,0.0000,0.0000,0,0,,,,,,,0,0,0,0,0,0,0,0,0,0,0,0,0,0,0,0,0,0,0,0,0,0,0,0,0,0,0,0,0,0,0,0,0,0,0,0,0,0,0,0,0,0,0,0,0,0,0,0,0,0,0,
1,8_4,10_51_24,5.5486,0,1,0,0.5481367,Baseline,2.337,0.992,-1.001778,3.572934,358.591,0,0.0000,0.0000,0.0000,0.0000,0.0000,0.0000,0,0,,,,,,,0,0,0,0,0,0,0,0,0,0,0,0,0,0,0,0,0,0,0,0,0,0,0,0,0,0,0,0,0,0,0,0,0,0,0,0,0,0,0,0,0,0,0,0,0,0,0,0,0,0,0,
1,8_4,10_51_24,5.5523,0,1,0,0.5519009,Baseline,2.337,0.992,-1.001778,3.516477,358.6286,3.341344E-09,0.0000,0.0000,0.0000,0.0000,0.0000,0.0000,0,0,,,,,,,0,0,0,0,0,0,0,0,0,0,0,0,0,0,0,0,0,0,0,0,0,0,0,0,0,0,0,0,0,0,0,0,0,0,0,0,0,0,0,0,0,0,0,0,0,0,0,0,0,0,0,
1,8_4,10_51_24,5.5565,0,1,0,0.5560346,Baseline,2.337,0.992,-1.001778,3.454469,358.67,0,0.0000,0.0000,0.0000,0.0000,0.0000,0.0000,0,0,,,,,,,0,0,0,0,0,0,0,0,0,0,0,0,0,0,0,0,0,0,0,0,0,0,0,0,0,0,0,0,0,0,0,0,0,0,0,0,0,0,0,0,0,0,0,0,0,0,0,0,0,0,0,
1,8_4,10_51_24,5.5605,0,1,0,0.5600376,Baseline,2.337,0.992,-1.001778,3.414437,358.73,0,0.0000,0.0000,0.0000,0.0000,0.0000,0.0000,0,0,,,,,,,0,0,0,0,0,0,0,0,0,0,0,0,0,0,0,0,0,0,0,0,0,0,0,0,0,0,0,0,0,0,0,0,0,0,0,0,0,0,0,0,0,0,0,0,0,0,0,0,0,0,0,
1,8_4,10_51_24,5.5638,0,1,0,0.5633564,Baseline,2.337,0.992,-1.001778,3.414437,358.73,0,0.0000,0.0000,0.0000,0.0000,0.0000,0.0000,0,0,,,,,,,0,0,0,0,0,0,0,0,0,0,0,0,0,0,0,0,0,0,0,0,0,0,0,0,0,0,0,0,0,0,0,0,0,0,0,0,0,0,0,0,0,0,0,0,0,0,0,0,0,0,0,
1,8_4,10_51_24,5.5677,0,1,0,0.567225,Baseline,2.337,0.992,-1.001778,3.298378,358.8461,0,0.0000,0.0000,0.0000,0.0000,0.0000,0.0000,0,0,,,,,,,0,0,0,0,0,0,0,0,0,0,0,0,0,0,0,0,0,0,0,0,0,0,0,0,0,0,0,0,0,0,0,0,0,0,0,0,0,0,0,0,0,0,0,0,0,0,0,0,0,0,0,
1,8_4,10_51_24,5.5710,0,1,0,0.57056,Baseline,2.337,0.992,-1.001778,3.298378,358.8461,0,0.0000,0.0000,0.0000,0.0000,0.0000,0.0000,0,0,,,,,,,0,0,0,0,0,0,0,0,0,0,0,0,0,0,0,0,0,0,0,0,0,0,0,0,0,0,0,0,0,0,0,0,0,0,0,0,0,0,0,0,0,0,0,0,0,0,0,0,0,0,0,
1,8_4,10_51_24,5.5745,0,1,0,0.5740976,Baseline,2.337,0.992,-1.001778,3.227621,358.9168,0,0.0000,0.0000,0.0000,0.0000,0.0000,0.0000,0,0,,,,,,,0,0,0,0,0,0,0,0,0,0,0,0,0,0,0,0,0,0,0,0,0,0,0,0,0,0,0,0,0,0,0,0,0,0,0,0,0,0,0,0,0,0,0,0,0,0,0,0,0,0,0,
1,8_4,10_51_24,5.5786,0,1,0,0.5781713,Baseline,2.337,0.992,-1.001778,3.166519,358.9576,0,0.0000,0.0000,0.0000,0.0000,0.0000,0.0000,0,0,,,,,,,0,0,0,0,0,0,0,0,0,0,0,0,0,0,0,0,0,0,0,0,0,0,0,0,0,0,0,0,0,0,0,0,0,0,0,0,0,0,0,0,0,0,0,0,0,0,0,0,0,0,0,
1,8_4,10_51_24,5.5829,0,1,0,0.5824924,Baseline,2.337,0.992,-1.001778,3.101703,359.0224,0,0.0000,0.0000,0.0000,0.0000,0.0000,0.0000,0,0,,,,,,,0,0,0,0,0,0,0,0,0,0,0,0,0,0,0,0,0,0,0,0,0,0,0,0,0,0,0,0,0,0,0,0,0,0,0,0,0,0,0,0,0,0,0,0,0,0,0,0,0,0,0,
1,8_4,10_51_24,5.5875,0,1,0,0.5870919,Baseline,2.337,0.992,-1.001778,3.055704,359.0914,0,0.0000,0.0000,0.0000,0.0000,0.0000,0.0000,0,0,,,,,,,0,0,0,0,0,0,0,0,0,0,0,0,0,0,0,0,0,0,0,0,0,0,0,0,0,0,0,0,0,0,0,0,0,0,0,0,0,0,0,0,0,0,0,0,0,0,0,0,0,0,0,
1,8_4,10_51_24,5.5909,0,1,0,0.5904241,Baseline,2.337,0.992,-1.001778,3.039044,359.108,-1.669875E-09,0.0000,0.0000,0.0000,0.0000,0.0000,0.0000,0,0,,,,,,,0,0,0,0,0,0,0,0,0,0,0,0,0,0,0,0,0,0,0,0,0,0,0,0,0,0,0,0,0,0,0,0,0,0,0,0,0,0,0,0,0,0,0,0,0,0,0,0,0,0,0,
1,8_4,10_51_24,5.5946,0,1,0,0.5941291,Baseline,2.337,0.992,-1.001778,3.001994,359.1636,-1.669818E-09,0.0000,0.0000,0.0000,0.0000,0.0000,0.0000,0,0,,,,,,,0,0,0,0,0,0,0,0,0,0,0,0,0,0,0,0,0,0,0,0,0,0,0,0,0,0,0,0,0,0,0,0,0,0,0,0,0,0,0,0,0,0,0,0,0,0,0,0,0,0,0,
1,8_4,10_51_24,5.5982,0,1,0,0.5977931,Baseline,2.337,0.992,-1.001778,2.965354,359.1819,0,0.0000,0.0000,0.0000,0.0000,0.0000,0.0000,0,0,,,,,,,0,0,0,0,0,0,0,0,0,0,0,0,0,0,0,0,0,0,0,0,0,0,0,0,0,0,0,0,0,0,0,0,0,0,0,0,0,0,0,0,0,0,0,0,0,0,0,0,0,0,0,
1,8_4,10_51_24,5.6016,0,1,0,0.6011963,Baseline,2.337,0.992,-1.001778,2.965353,359.1989,0,0.0000,0.0000,0.0000,0.0000,0.0000,0.0000,0,0,,,,,,,0,0,0,0,0,0,0,0,0,0,0,0,0,0,0,0,0,0,0,0,0,0,0,0,0,0,0,0,0,0,0,0,0,0,0,0,0,0,0,0,0,0,0,0,0,0,0,0,0,0,0,
1,8_4,10_51_24,5.6054,0,1,0,0.6049747,Baseline,2.337,0.992,-1.001778,2.92757,359.2178,-1.669706E-09,0.0000,0.0000,0.0000,0.0000,0.0000,0.0000,0,0,,,,,,,0,0,0,0,0,0,0,0,0,0,0,0,0,0,0,0,0,0,0,0,0,0,0,0,0,0,0,0,0,0,0,0,0,0,0,0,0,0,0,0,0,0,0,0,0,0,0,0,0,0,0,
1,8_4,10_51_24,5.6088,0,1,0,0.6083999,Baseline,2.337,0.992,-1.001778,2.910445,359.235,0,0.0000,0.0000,0.0000,0.0000,0.0000,0.0000,0,0,,,,,,,0,0,0,0,0,0,0,0,0,0,0,0,0,0,0,0,0,0,0,0,0,0,0,0,0,0,0,0,0,0,0,0,0,0,0,0,0,0,0,0,0,0,0,0,0,0,0,0,0,0,0,
1,8_4,10_51_24,5.6121,0,1,0,0.6116819,Baseline,2.337,0.992,-1.001778,2.910445,359.235,0,0.0000,0.0000,0.0000,0.0000,0.0000,0.0000,0,0,,,,,,,0,0,0,0,0,0,0,0,0,0,0,0,0,0,0,0,0,0,0,0,0,0,0,0,0,0,0,0,0,0,0,0,0,0,0,0,0,0,0,0,0,0,0,0,0,0,0,0,0,0,0,
1,8_4,10_51_24,5.6157,0,1,0,0.6152902,Baseline,2.337,0.992,-1.001778,2.892404,359.235,0,0.0000,0.0000,0.0000,0.0000,0.0000,0.0000,0,0,,,,,,,0,0,0,0,0,0,0,0,0,0,0,0,0,0,0,0,0,0,0,0,0,0,0,0,0,0,0,0,0,0,0,0,0,0,0,0,0,0,0,0,0,0,0,0,0,0,0,0,0,0,0,
1,8_4,10_51_24,5.6191,0,1,0,0.6186705,Baseline,2.337,0.992,-1.001778,2.892404,359.235,0,0.0000,0.0000,0.0000,0.0000,0.0000,0.0000,0,0,,,,,,,0,0,0,0,0,0,0,0,0,0,0,0,0,0,0,0,0,0,0,0,0,0,0,0,0,0,0,0,0,0,0,0,0,0,0,0,0,0,0,0,0,0,0,0,0,0,0,0,0,0,0,
1,8_4,10_51_24,5.6225,0,1,0,0.6220551,Baseline,2.337,0.992,-1.001778,2.892404,359.235,0,0.0000,0.0000,0.0000,0.0000,0.0000,0.0000,0,0,,,,,,,0,0,0,0,0,0,0,0,0,0,0,0,0,0,0,0,0,0,0,0,0,0,0,0,0,0,0,0,0,0,0,0,0,0,0,0,0,0,0,0,0,0,0,0,0,0,0,0,0,0,0,
1,8_4,10_51_24,5.6260,0,1,0,0.625524,Baseline,2.337,0.992,-1.001778,2.892404,359.235,0,0.0000,0.0000,0.0000,0.0000,0.0000,0.0000,0,0,,,,,,,0,0,0,0,0,0,0,0,0,0,0,0,0,0,0,0,0,0,0,0,0,0,0,0,0,0,0,0,0,0,0,0,0,0,0,0,0,0,0,0,0,0,0,0,0,0,0,0,0,0,0,
1,8_4,10_51_24,5.6292,0,1,0,0.6287394,Baseline,2.337,0.992,-1.001778,2.892404,359.235,0,0.0000,0.0000,0.0000,0.0000,0.0000,0.0000,0,0,,,,,,,0,0,0,0,0,0,0,0,0,0,0,0,0,0,0,0,0,0,0,0,0,0,0,0,0,0,0,0,0,0,0,0,0,0,0,0,0,0,0,0,0,0,0,0,0,0,0,0,0,0,0,
1,8_4,10_51_24,5.6324,0,1,0,0.631959,Baseline,2.337,0.992,-1.001778,2.892404,359.235,0,0.0000,0.0000,0.0000,0.0000,0.0000,0.0000,0,0,,,,,,,0,0,0,0,0,0,0,0,0,0,0,0,0,0,0,0,0,0,0,0,0,0,0,0,0,0,0,0,0,0,0,0,0,0,0,0,0,0,0,0,0,0,0,0,0,0,0,0,0,0,0,
1,8_4,10_51_24,5.6361,0,1,0,0.6356878,Baseline,2.337,0.992,-1.001778,2.892404,359.235,0,0.0000,0.0000,0.0000,0.0000,0.0000,0.0000,0,0,,,,,,,0,0,0,0,0,0,0,0,0,0,0,0,0,0,0,0,0,0,0,0,0,0,0,0,0,0,0,0,0,0,0,0,0,0,0,0,0,0,0,0,0,0,0,0,0,0,0,0,0,0,0,
1,8_4,10_51_24,5.6397,0,1,0,0.6392579,Baseline,2.337,0.992,-1.001778,2.892404,359.235,0,0.0000,0.0000,0.0000,0.0000,0.0000,0.0000,0,0,,,,,,,0,0,0,0,0,0,0,0,0,0,0,0,0,0,0,0,0,0,0,0,0,0,0,0,0,0,0,0,0,0,0,0,0,0,0,0,0,0,0,0,0,0,0,0,0,0,0,0,0,0,0,
1,8_4,10_51_25,5.6432,0,1,0,0.6427746,Baseline,2.337,0.992,-1.001778,2.892404,359.235,0,0.0000,0.0000,0.0000,0.0000,0.0000,0.0000,0,0,,,,,,,0,0,0,0,0,0,0,0,0,0,0,0,0,0,0,0,0,0,0,0,0,0,0,0,0,0,0,0,0,0,0,0,0,0,0,0,0,0,0,0,0,0,0,0,0,0,0,0,0,0,0,
1,8_4,10_51_25,5.6465,0,1,0,0.6460981,Baseline,2.337,0.992,-1.001778,2.892404,359.235,0,0.0000,0.0000,0.0000,0.0000,0.0000,0.0000,0,0,,,,,,,0,0,0,0,0,0,0,0,0,0,0,0,0,0,0,0,0,0,0,0,0,0,0,0,0,0,0,0,0,0,0,0,0,0,0,0,0,0,0,0,0,0,0,0,0,0,0,0,0,0,0,
1,8_4,10_51_25,5.6498,0,1,0,0.6493077,Baseline,2.337,0.992,-1.001778,2.892404,359.235,0,0.0000,0.0000,0.0000,0.0000,0.0000,0.0000,0,0,,,,,,,0,0,0,0,0,0,0,0,0,0,0,0,0,0,0,0,0,0,0,0,0,0,0,0,0,0,0,0,0,0,0,0,0,0,0,0,0,0,0,0,0,0,0,0,0,0,0,0,0,0,0,
1,8_4,10_51_25,5.6544,0,1,0,0.6539168,Baseline,2.337,0.992,-1.001778,2.892404,359.235,0,0.0000,0.0000,0.0000,0.0000,0.0000,0.0000,0,0,,,,,,,0,0,0,0,0,0,0,0,0,0,0,0,0,0,0,0,0,0,0,0,0,0,0,0,0,0,0,0,0,0,0,0,0,0,0,0,0,0,0,0,0,0,0,0,0,0,0,0,0,0,0,
1,8_4,10_51_25,5.6576,0,1,0,0.6571689,Baseline,2.337,0.992,-1.001778,2.892404,359.235,0,0.0000,0.0000,0.0000,0.0000,0.0000,0.0000,0,0,,,,,,,0,0,0,0,0,0,0,0,0,0,0,0,0,0,0,0,0,0,0,0,0,0,0,0,0,0,0,0,0,0,0,0,0,0,0,0,0,0,0,0,0,0,0,0,0,0,0,0,0,0,0,
1,8_4,10_51_25,5.6609,0,1,0,0.6604538,Baseline,2.337,0.992,-1.001778,2.892404,359.235,0,0.0000,0.0000,0.0000,0.0000,0.0000,0.0000,0,0,,,,,,,0,0,0,0,0,0,0,0,0,0,0,0,0,0,0,0,0,0,0,0,0,0,0,0,0,0,0,0,0,0,0,0,0,0,0,0,0,0,0,0,0,0,0,0,0,0,0,0,0,0,0,
1,8_4,10_51_25,5.6644,0,1,0,0.6639729,Baseline,2.337,0.992,-1.001778,2.892404,359.235,0,0.0000,0.0000,0.0000,0.0000,0.0000,0.0000,0,0,,,,,,,0,0,0,0,0,0,0,0,0,0,0,0,0,0,0,0,0,0,0,0,0,0,0,0,0,0,0,0,0,0,0,0,0,0,0,0,0,0,0,0,0,0,0,0,0,0,0,0,0,0,0,
1,8_4,10_51_25,5.6682,0,1,0,0.667789,Baseline,2.337,0.992,-1.001778,2.892404,359.235,0,0.0000,0.0000,0.0000,0.0000,0.0000,0.0000,0,0,,,,,,,0,0,0,0,0,0,0,0,0,0,0,0,0,0,0,0,0,0,0,0,0,0,0,0,0,0,0,0,0,0,0,0,0,0,0,0,0,0,0,0,0,0,0,0,0,0,0,0,0,0,0,
1,8_4,10_51_25,5.6717,0,1,0,0.6712103,Baseline,2.337,0.992,-1.001778,2.892404,359.235,0,0.0000,0.0000,0.0000,0.0000,0.0000,0.0000,0,0,,,,,,,0,0,0,0,0,0,0,0,0,0,0,0,0,0,0,0,0,0,0,0,0,0,0,0,0,0,0,0,0,0,0,0,0,0,0,0,0,0,0,0,0,0,0,0,0,0,0,0,0,0,0,
1,8_4,10_51_25,5.6750,0,1,0,0.6745892,Baseline,2.337,0.992,-1.001778,2.892404,359.235,0,0.0000,0.0000,0.0000,0.0000,0.0000,0.0000,0,0,,,,,,,0,0,0,0,0,0,0,0,0,0,0,0,0,0,0,0,0,0,0,0,0,0,0,0,0,0,0,0,0,0,0,0,0,0,0,0,0,0,0,0,0,0,0,0,0,0,0,0,0,0,0,
1,8_4,10_51_25,5.6783,0,1,0,0.677846,Baseline,2.337,0.992,-1.001778,2.892404,359.235,0,0.0000,0.0000,0.0000,0.0000,0.0000,0.0000,0,0,,,,,,,0,0,0,0,0,0,0,0,0,0,0,0,0,0,0,0,0,0,0,0,0,0,0,0,0,0,0,0,0,0,0,0,0,0,0,0,0,0,0,0,0,0,0,0,0,0,0,0,0,0,0,
1,8_4,10_51_25,5.6818,0,1,0,0.6813498,Baseline,2.337,0.992,-1.001778,2.892404,359.235,0,0.0000,0.0000,0.0000,0.0000,0.0000,0.0000,0,0,,,,,,,0,0,0,0,0,0,0,0,0,0,0,0,0,0,0,0,0,0,0,0,0,0,0,0,0,0,0,0,0,0,0,0,0,0,0,0,0,0,0,0,0,0,0,0,0,0,0,0,0,0,0,
1,8_4,10_51_25,5.6852,0,1,0,0.6847725,Baseline,2.337,0.992,-1.001778,2.892404,359.235,0,0.0000,0.0000,0.0000,0.0000,0.0000,0.0000,0,0,,,,,,,0,0,0,0,0,0,0,0,0,0,0,0,0,0,0,0,0,0,0,0,0,0,0,0,0,0,0,0,0,0,0,0,0,0,0,0,0,0,0,0,0,0,0,0,0,0,0,0,0,0,0,
1,8_4,10_51_25,5.6884,0,1,0,0.6879697,Baseline,2.337,0.992,-1.001778,2.892404,359.235,0,0.0000,0.0000,0.0000,0.0000,0.0000,0.0000,0,0,,,,,,,0,0,0,0,0,0,0,0,0,0,0,0,0,0,0,0,0,0,0,0,0,0,0,0,0,0,0,0,0,0,0,0,0,0,0,0,0,0,0,0,0,0,0,0,0,0,0,0,0,0,0,
1,8_4,10_51_25,5.6917,0,1,0,0.6912055,Baseline,2.337,0.992,-1.001778,2.892404,359.235,0,0.0000,0.0000,0.0000,0.0000,0.0000,0.0000,0,0,,,,,,,0,0,0,0,0,0,0,0,0,0,0,0,0,0,0,0,0,0,0,0,0,0,0,0,0,0,0,0,0,0,0,0,0,0,0,0,0,0,0,0,0,0,0,0,0,0,0,0,0,0,0,
1,8_4,10_51_25,5.6949,0,1,0,0.6944246,Baseline,2.337,0.992,-1.001778,2.892404,359.235,0,0.0000,0.0000,0.0000,0.0000,0.0000,0.0000,0,0,,,,,,,0,0,0,0,0,0,0,0,0,0,0,0,0,0,0,0,0,0,0,0,0,0,0,0,0,0,0,0,0,0,0,0,0,0,0,0,0,0,0,0,0,0,0,0,0,0,0,0,0,0,0,
1,8_4,10_51_25,5.6984,0,1,0,0.6979747,Baseline,2.337,0.992,-1.001778,2.892404,359.235,0,0.0000,0.0000,0.0000,0.0000,0.0000,0.0000,0,0,,,,,,,0,0,0,0,0,0,0,0,0,0,0,0,0,0,0,0,0,0,0,0,0,0,0,0,0,0,0,0,0,0,0,0,0,0,0,0,0,0,0,0,0,0,0,0,0,0,0,0,0,0,0,
1,8_4,10_51_25,5.7017,0,1,0,0.7012286,Baseline,2.337,0.992,-1.001778,2.892404,359.235,0,0.0000,0.0000,0.0000,0.0000,0.0000,0.0000,0,0,,,,,,,0,0,0,0,0,0,0,0,0,0,0,0,0,0,0,0,0,0,0,0,0,0,0,0,0,0,0,0,0,0,0,0,0,0,0,0,0,0,0,0,0,0,0,0,0,0,0,0,0,0,0,
1,8_4,10_51_25,5.7051,0,1,0,0.7046056,Baseline,2.337,0.992,-1.001778,2.892404,359.235,0,0.0000,0.0000,0.0000,0.0000,0.0000,0.0000,0,0,,,,,,,0,0,0,0,0,0,0,0,0,0,0,0,0,0,0,0,0,0,0,0,0,0,0,0,0,0,0,0,0,0,0,0,0,0,0,0,0,0,0,0,0,0,0,0,0,0,0,0,0,0,0,
1,8_4,10_51_25,5.7086,0,1,0,0.7081451,Baseline,2.337,0.992,-1.001778,2.892404,359.235,0,0.0000,0.0000,0.0000,0.0000,0.0000,0.0000,0,0,,,,,,,0,0,0,0,0,0,0,0,0,0,0,0,0,0,0,0,0,0,0,0,0,0,0,0,0,0,0,0,0,0,0,0,0,0,0,0,0,0,0,0,0,0,0,0,0,0,0,0,0,0,0,
1,8_4,10_51_25,5.7119,0,1,0,0.7114878,Baseline,2.337,0.992,-1.001778,2.892404,359.235,0,0.0000,0.0000,0.0000,0.0000,0.0000,0.0000,0,0,,,,,,,0,0,0,0,0,0,0,0,0,0,0,0,0,0,0,0,0,0,0,0,0,0,0,0,0,0,0,0,0,0,0,0,0,0,0,0,0,0,0,0,0,0,0,0,0,0,0,0,0,0,0,
1,8_4,10_51_25,5.7155,0,1,0,0.715086,Baseline,2.337,0.992,-1.001778,2.892404,359.235,0,0.0000,0.0000,0.0000,0.0000,0.0000,0.0000,0,0,,,,,,,0,0,0,0,0,0,0,0,0,0,0,0,0,0,0,0,0,0,0,0,0,0,0,0,0,0,0,0,0,0,0,0,0,0,0,0,0,0,0,0,0,0,0,0,0,0,0,0,0,0,0,
1,8_4,10_51_25,5.7189,0,1,0,0.7184615,Baseline,2.337,0.992,-1.001778,2.892404,359.235,0,0.0000,0.0000,0.0000,0.0000,0.0000,0.0000,0,0,,,,,,,0,0,0,0,0,0,0,0,0,0,0,0,0,0,0,0,0,0,0,0,0,0,0,0,0,0,0,0,0,0,0,0,0,0,0,0,0,0,0,0,0,0,0,0,0,0,0,0,0,0,0,
1,8_4,10_51_25,5.7222,0,1,0,0.7217307,Baseline,2.337,0.992,-1.001778,2.892404,359.235,0,0.0000,0.0000,0.0000,0.0000,0.0000,0.0000,0,0,,,,,,,0,0,0,0,0,0,0,0,0,0,0,0,0,0,0,0,0,0,0,0,0,0,0,0,0,0,0,0,0,0,0,0,0,0,0,0,0,0,0,0,0,0,0,0,0,0,0,0,0,0,0,
1,8_4,10_51_25,5.7255,0,1,0,0.7250862,Baseline,2.337,0.992,-1.001778,2.892404,359.235,0,0.0000,0.0000,0.0000,0.0000,0.0000,0.0000,0,0,,,,,,,0,0,0,0,0,0,0,0,0,0,0,0,0,0,0,0,0,0,0,0,0,0,0,0,0,0,0,0,0,0,0,0,0,0,0,0,0,0,0,0,0,0,0,0,0,0,0,0,0,0,0,
1,8_4,10_51_25,5.7287,0,1,0,0.7282901,Baseline,2.337,0.992,-1.001778,2.892404,359.235,0,0.0000,0.0000,0.0000,0.0000,0.0000,0.0000,0,0,,,,,,,0,0,0,0,0,0,0,0,0,0,0,0,0,0,0,0,0,0,0,0,0,0,0,0,0,0,0,0,0,0,0,0,0,0,0,0,0,0,0,0,0,0,0,0,0,0,0,0,0,0,0,
1,8_4,10_51_25,5.7324,0,1,0,0.731914,Baseline,2.337,0.992,-1.001778,2.892404,359.235,0,0.0000,0.0000,0.0000,0.0000,0.0000,0.0000,0,0,,,,,,,0,0,0,0,0,0,0,0,0,0,0,0,0,0,0,0,0,0,0,0,0,0,0,0,0,0,0,0,0,0,0,0,0,0,0,0,0,0,0,0,0,0,0,0,0,0,0,0,0,0,0,
1,8_4,10_51_25,5.7356,0,1,0,0.7351713,Baseline,2.337,0.992,-1.001778,2.892404,359.235,0,0.0000,0.0000,0.0000,0.0000,0.0000,0.0000,0,0,,,,,,,0,0,0,0,0,0,0,0,0,0,0,0,0,0,0,0,0,0,0,0,0,0,0,0,0,0,0,0,0,0,0,0,0,0,0,0,0,0,0,0,0,0,0,0,0,0,0,0,0,0,0,
1,8_4,10_51_25,5.7388,0,1,0,0.7383442,Baseline,2.337,0.992,-1.001778,2.892404,359.235,0,0.0000,0.0000,0.0000,0.0000,0.0000,0.0000,0,0,,,,,,,0,0,0,0,0,0,0,0,0,0,0,0,0,0,0,0,0,0,0,0,0,0,0,0,0,0,0,0,0,0,0,0,0,0,0,0,0,0,0,0,0,0,0,0,0,0,0,0,0,0,0,
1,8_4,10_51_25,5.7420,0,1,0,0.7415705,Baseline,2.337,0.992,-1.001778,2.892404,359.235,0,0.0000,0.0000,0.0000,0.0000,0.0000,0.0000,0,0,,,,,,,0,0,0,0,0,0,0,0,0,0,0,0,0,0,0,0,0,0,0,0,0,0,0,0,0,0,0,0,0,0,0,0,0,0,0,0,0,0,0,0,0,0,0,0,0,0,0,0,0,0,0,
1,8_4,10_51_25,5.7453,0,1,0,0.744885,Baseline,2.337,0.992,-1.001778,2.892404,359.235,0,0.0000,0.0000,0.0000,0.0000,0.0000,0.0000,0,0,,,,,,,0,0,0,0,0,0,0,0,0,0,0,0,0,0,0,0,0,0,0,0,0,0,0,0,0,0,0,0,0,0,0,0,0,0,0,0,0,0,0,0,0,0,0,0,0,0,0,0,0,0,0,
1,8_4,10_51_25,5.7485,0,1,0,0.7480893,Baseline,2.337,0.992,-1.001778,2.892404,359.235,0,0.0000,0.0000,0.0000,0.0000,0.0000,0.0000,0,0,,,,,,,0,0,0,0,0,0,0,0,0,0,0,0,0,0,0,0,0,0,0,0,0,0,0,0,0,0,0,0,0,0,0,0,0,0,0,0,0,0,0,0,0,0,0,0,0,0,0,0,0,0,0,
1,8_4,10_51_25,5.7520,0,1,0,0.7515574,Baseline,2.337,0.992,-1.001778,2.892404,359.235,0,0.0000,0.0000,0.0000,0.0000,0.0000,0.0000,0,0,,,,,,,0,0,0,0,0,0,0,0,0,0,0,0,0,0,0,0,0,0,0,0,0,0,0,0,0,0,0,0,0,0,0,0,0,0,0,0,0,0,0,0,0,0,0,0,0,0,0,0,0,0,0,
1,8_4,10_51_25,5.7552,0,1,0,0.7547927,Baseline,2.337,0.992,-1.001778,2.892404,359.235,0,0.0000,0.0000,0.0000,0.0000,0.0000,0.0000,0,0,,,,,,,0,0,0,0,0,0,0,0,0,0,0,0,0,0,0,0,0,0,0,0,0,0,0,0,0,0,0,0,0,0,0,0,0,0,0,0,0,0,0,0,0,0,0,0,0,0,0,0,0,0,0,
1,8_4,10_51_25,5.7584,0,1,0,0.7579875,Baseline,2.337,0.992,-1.001778,2.892404,359.235,0,0.0000,0.0000,0.0000,0.0000,0.0000,0.0000,0,0,,,,,,,0,0,0,0,0,0,0,0,0,0,0,0,0,0,0,0,0,0,0,0,0,0,0,0,0,0,0,0,0,0,0,0,0,0,0,0,0,0,0,0,0,0,0,0,0,0,0,0,0,0,0,
1,8_4,10_51_25,5.7616,0,1,0,0.7611947,Baseline,2.337,0.992,-1.001778,2.892404,359.235,0,0.0000,0.0000,0.0000,0.0000,0.0000,0.0000,0,0,,,,,,,0,0,0,0,0,0,0,0,0,0,0,0,0,0,0,0,0,0,0,0,0,0,0,0,0,0,0,0,0,0,0,0,0,0,0,0,0,0,0,0,0,0,0,0,0,0,0,0,0,0,0,
1,8_4,10_51_25,5.7651,0,1,0,0.7646432,Baseline,2.337,0.992,-1.001778,2.892404,359.235,0,0.0000,0.0000,0.0000,0.0000,0.0000,0.0000,0,0,,,,,,,0,0,0,0,0,0,0,0,0,0,0,0,0,0,0,0,0,0,0,0,0,0,0,0,0,0,0,0,0,0,0,0,0,0,0,0,0,0,0,0,0,0,0,0,0,0,0,0,0,0,0,
1,8_4,10_51_25,5.7686,0,1,0,0.7681689,Baseline,2.337,0.992,-1.001778,2.892404,359.235,0,0.0000,0.0000,0.0000,0.0000,0.0000,0.0000,0,0,,,,,,,0,0,0,0,0,0,0,0,0,0,0,0,0,0,0,0,0,0,0,0,0,0,0,0,0,0,0,0,0,0,0,0,0,0,0,0,0,0,0,0,0,0,0,0,0,0,0,0,0,0,0,
1,8_4,10_51_25,5.7718,0,1,0,0.771368,Baseline,2.337,0.992,-1.001778,2.892404,359.235,0,0.0000,0.0000,0.0000,0.0000,0.0000,0.0000,0,0,,,,,,,0,0,0,0,0,0,0,0,0,0,0,0,0,0,0,0,0,0,0,0,0,0,0,0,0,0,0,0,0,0,0,0,0,0,0,0,0,0,0,0,0,0,0,0,0,0,0,0,0,0,0,
1,8_4,10_51_25,5.7751,0,1,0,0.7746544,Baseline,2.337,0.992,-1.001778,2.892404,359.235,0,0.0000,0.0000,0.0000,0.0000,0.0000,0.0000,0,0,,,,,,,0,0,0,0,0,0,0,0,0,0,0,0,0,0,0,0,0,0,0,0,0,0,0,0,0,0,0,0,0,0,0,0,0,0,0,0,0,0,0,0,0,0,0,0,0,0,0,0,0,0,0,
1,8_4,10_51_25,5.7783,0,1,0,0.777863,Baseline,2.337,0.992,-1.001778,2.892404,359.235,0,0.0000,0.0000,0.0000,0.0000,0.0000,0.0000,0,0,,,,,,,0,0,0,0,0,0,0,0,0,0,0,0,0,0,0,0,0,0,0,0,0,0,0,0,0,0,0,0,0,0,0,0,0,0,0,0,0,0,0,0,0,0,0,0,0,0,0,0,0,0,0,
1,8_4,10_51_25,5.7820,0,1,0,0.7815738,Baseline,2.337,0.992,-1.001778,2.873851,359.235,0,0.0000,0.0000,0.0000,0.0000,0.0000,0.0000,0,0,,,,,,,0,0,0,0,0,0,0,0,0,0,0,0,0,0,0,0,0,0,0,0,0,0,0,0,0,0,0,0,0,0,0,0,0,0,0,0,0,0,0,0,0,0,0,0,0,0,0,0,0,0,0,
1,8_4,10_51_25,5.7856,0,1,0,0.7851181,Baseline,2.337,0.992,-1.001778,2.873851,359.235,0,0.0000,0.0000,0.0000,0.0000,0.0000,0.0000,0,0,,,,,,,0,0,0,0,0,0,0,0,0,0,0,0,0,0,0,0,0,0,0,0,0,0,0,0,0,0,0,0,0,0,0,0,0,0,0,0,0,0,0,0,0,0,0,0,0,0,0,0,0,0,0,
1,8_4,10_51_25,5.7889,0,1,0,0.7884531,Baseline,2.337,0.992,-1.001778,2.873851,359.235,0,0.0000,0.0000,0.0000,0.0000,0.0000,0.0000,0,0,,,,,,,0,0,0,0,0,0,0,0,0,0,0,0,0,0,0,0,0,0,0,0,0,0,0,0,0,0,0,0,0,0,0,0,0,0,0,0,0,0,0,0,0,0,0,0,0,0,0,0,0,0,0,
1,8_4,10_51_25,5.7921,0,1,0,0.7916393,Baseline,2.337,0.992,-1.001778,2.873851,359.235,0,0.0000,0.0000,0.0000,0.0000,0.0000,0.0000,0,0,,,,,,,0,0,0,0,0,0,0,0,0,0,0,0,0,0,0,0,0,0,0,0,0,0,0,0,0,0,0,0,0,0,0,0,0,0,0,0,0,0,0,0,0,0,0,0,0,0,0,0,0,0,0,
1,8_4,10_51_25,5.7952,0,1,0,0.7947979,Baseline,2.337,0.992,-1.001778,2.873851,359.235,0,0.0000,0.0000,0.0000,0.0000,0.0000,0.0000,0,0,,,,,,,0,0,0,0,0,0,0,0,0,0,0,0,0,0,0,0,0,0,0,0,0,0,0,0,0,0,0,0,0,0,0,0,0,0,0,0,0,0,0,0,0,0,0,0,0,0,0,0,0,0,0,
1,8_4,10_51_25,5.7987,0,1,0,0.7982273,Baseline,2.337,0.992,-1.001778,2.873851,359.235,0,0.0000,0.0000,0.0000,0.0000,0.0000,0.0000,0,0,,,,,,,0,0,0,0,0,0,0,0,0,0,0,0,0,0,0,0,0,0,0,0,0,0,0,0,0,0,0,0,0,0,0,0,0,0,0,0,0,0,0,0,0,0,0,0,0,0,0,0,0,0,0,
1,8_4,10_51_25,5.8021,0,1,0,0.8016186,Baseline,2.337,0.992,-1.001778,2.873851,359.235,0,0.0000,0.0000,0.0000,0.0000,0.0000,0.0000,0,0,,,,,,,0,0,0,0,0,0,0,0,0,0,0,0,0,0,0,0,0,0,0,0,0,0,0,0,0,0,0,0,0,0,0,0,0,0,0,0,0,0,0,0,0,0,0,0,0,0,0,0,0,0,0,
1,8_4,10_51_25,5.8054,0,1,0,0.8049994,Baseline,2.337,0.992,-1.001778,2.873851,359.235,0,0.0000,0.0000,0.0000,0.0000,0.0000,0.0000,0,0,,,,,,,0,0,0,0,0,0,0,0,0,0,0,0,0,0,0,0,0,0,0,0,0,0,0,0,0,0,0,0,0,0,0,0,0,0,0,0,0,0,0,0,0,0,0,0,0,0,0,0,0,0,0,
1,8_4,10_51_25,5.8087,0,1,0,0.8082094,Baseline,2.337,0.992,-1.001778,2.873851,359.235,0,0.0000,0.0000,0.0000,0.0000,0.0000,0.0000,0,0,,,,,,,0,0,0,0,0,0,0,0,0,0,0,0,0,0,0,0,0,0,0,0,0,0,0,0,0,0,0,0,0,0,0,0,0,0,0,0,0,0,0,0,0,0,0,0,0,0,0,0,0,0,0,
1,8_4,10_51_25,5.8118,0,1,0,0.8113842,Baseline,2.337,0.992,-1.001778,2.873851,359.235,0,0.0000,0.0000,0.0000,0.0000,0.0000,0.0000,0,0,,,,,,,0,0,0,0,0,0,0,0,0,0,0,0,0,0,0,0,0,0,0,0,0,0,0,0,0,0,0,0,0,0,0,0,0,0,0,0,0,0,0,0,0,0,0,0,0,0,0,0,0,0,0,
1,8_4,10_51_25,5.8155,0,1,0,0.8150592,Baseline,2.337,0.992,-1.001778,2.873851,359.235,0,0.0000,0.0000,0.0000,0.0000,0.0000,0.0000,0,0,,,,,,,0,0,0,0,0,0,0,0,0,0,0,0,0,0,0,0,0,0,0,0,0,0,0,0,0,0,0,0,0,0,0,0,0,0,0,0,0,0,0,0,0,0,0,0,0,0,0,0,0,0,0,
1,8_4,10_51_25,5.8188,0,1,0,0.8183498,Baseline,2.337,0.992,-1.001778,2.873851,359.235,0,0.0000,0.0000,0.0000,0.0000,0.0000,0.0000,0,0,,,,,,,0,0,0,0,0,0,0,0,0,0,0,0,0,0,0,0,0,0,0,0,0,0,0,0,0,0,0,0,0,0,0,0,0,0,0,0,0,0,0,0,0,0,0,0,0,0,0,0,0,0,0,
1,8_4,10_51_25,5.8221,0,1,0,0.8216329,Baseline,2.337,0.992,-1.001778,2.873851,359.235,0,0.0000,0.0000,0.0000,0.0000,0.0000,0.0000,0,0,,,,,,,0,0,0,0,0,0,0,0,0,0,0,0,0,0,0,0,0,0,0,0,0,0,0,0,0,0,0,0,0,0,0,0,0,0,0,0,0,0,0,0,0,0,0,0,0,0,0,0,0,0,0,
1,8_4,10_51_25,5.8263,0,1,0,0.8258071,Baseline,2.337,0.992,-1.001778,2.832107,359.235,0,0.0000,0.0000,0.0000,0.0000,0.0000,0.0000,0,0,,,,,,,0,0,0,0,0,0,0,0,0,0,0,0,0,0,0,0,0,0,0,0,0,0,0,0,0,0,0,0,0,0,0,0,0,0,0,0,0,0,0,0,0,0,0,0,0,0,0,0,0,0,0,
1,8_4,10_51_25,5.8305,0,1,0,0.8301015,Baseline,2.337,0.992,-1.001778,2.810634,359.192,0,0.0000,0.0000,0.0000,0.0000,0.0000,0.0000,0,0,,,,,,,0,0,0,0,0,0,0,0,0,0,0,0,0,0,0,0,0,0,0,0,0,0,0,0,0,0,0,0,0,0,0,0,0,0,0,0,0,0,0,0,0,0,0,0,0,0,0,0,0,0,0,
1,8_4,10_51_25,5.8357,0,1,0,0.8352184,Baseline,2.337,0.992,-1.001778,2.733882,359.1664,0,0.0000,0.0000,0.0000,0.0000,0.0000,0.0000,0,0,,,,,,,0,0,0,0,0,0,0,0,0,0,0,0,0,0,0,0,0,0,0,0,0,0,0,0,0,0,0,0,0,0,0,0,0,0,0,0,0,0,0,0,0,0,0,0,0,0,0,0,0,0,0,
1,8_4,10_51_25,5.8393,0,1,0,0.8388853,Baseline,2.337,0.992,-1.001778,2.733882,359.1664,0,0.0000,0.0000,0.0000,0.0000,0.0000,0.0000,0,0,,,,,,,0,0,0,0,0,0,0,0,0,0,0,0,0,0,0,0,0,0,0,0,0,0,0,0,0,0,0,0,0,0,0,0,0,0,0,0,0,0,0,0,0,0,0,0,0,0,0,0,0,0,0,
1,8_4,10_51_25,5.8428,0,1,0,0.8423443,Baseline,2.337,0.992,-1.001778,2.716585,359.1664,0,0.0000,0.0000,0.0000,0.0000,0.0000,0.0000,0,0,,,,,,,0,0,0,0,0,0,0,0,0,0,0,0,0,0,0,0,0,0,0,0,0,0,0,0,0,0,0,0,0,0,0,0,0,0,0,0,0,0,0,0,0,0,0,0,0,0,0,0,0,0,0,
1,8_4,10_51_25,5.8467,0,1,0,0.8462586,Baseline,2.337,0.992,-1.001778,2.716585,359.1664,0,0.0000,0.0000,0.0000,0.0000,0.0000,0.0000,0,0,,,,,,,0,0,0,0,0,0,0,0,0,0,0,0,0,0,0,0,0,0,0,0,0,0,0,0,0,0,0,0,0,0,0,0,0,0,0,0,0,0,0,0,0,0,0,0,0,0,0,0,0,0,0,
1,8_4,10_51_25,5.8505,0,1,0,0.8500328,Baseline,2.337,0.992,-1.001778,2.697714,359.1476,0,0.0000,0.0000,0.0000,0.0000,0.0000,0.0000,0,0,,,,,,,0,0,0,0,0,0,0,0,0,0,0,0,0,0,0,0,0,0,0,0,0,0,0,0,0,0,0,0,0,0,0,0,0,0,0,0,0,0,0,0,0,0,0,0,0,0,0,0,0,0,0,
1,8_4,10_51_25,5.8551,0,1,0,0.8546643,Baseline,2.337,0.992,-1.001778,2.674557,359.1476,0,0.0000,0.0000,0.0000,0.0000,0.0000,0.0000,0,0,,,,,,,0,0,0,0,0,0,0,0,0,0,0,0,0,0,0,0,0,0,0,0,0,0,0,0,0,0,0,0,0,0,0,0,0,0,0,0,0,0,0,0,0,0,0,0,0,0,0,0,0,0,0,
1,8_4,10_51_25,5.8586,0,1,0,0.8581171,Baseline,2.337,0.992,-1.001778,2.657293,359.1476,-1.669321E-09,0.0000,0.0000,0.0000,0.0000,0.0000,0.0000,0,0,,,,,,,0,0,0,0,0,0,0,0,0,0,0,0,0,0,0,0,0,0,0,0,0,0,0,0,0,0,0,0,0,0,0,0,0,0,0,0,0,0,0,0,0,0,0,0,0,0,0,0,0,0,0,
1,8_4,10_51_25,5.8619,0,1,0,0.8614693,Baseline,2.337,0.992,-1.001778,2.657293,359.1308,0,0.0000,0.0000,0.0000,0.0000,0.0000,0.0000,0,0,,,,,,,0,0,0,0,0,0,0,0,0,0,0,0,0,0,0,0,0,0,0,0,0,0,0,0,0,0,0,0,0,0,0,0,0,0,0,0,0,0,0,0,0,0,0,0,0,0,0,0,0,0,0,
1,8_4,10_51_25,5.8659,0,1,0,0.8654494,Baseline,2.337,0.992,-1.001778,2.617489,359.1308,0,0.0000,0.0000,0.0000,0.0000,0.0000,0.0000,0,0,,,,,,,0,0,0,0,0,0,0,0,0,0,0,0,0,0,0,0,0,0,0,0,0,0,0,0,0,0,0,0,0,0,0,0,0,0,0,0,0,0,0,0,0,0,0,0,0,0,0,0,0,0,0,
1,8_4,10_51_25,5.8748,0,1,0,0.8743086,Baseline,2.337,0.992,-1.001778,2.440309,359.0865,1.66904E-09,0.0000,0.0000,0.0000,0.0000,0.0000,0.0000,0,0,,,,,,,0,0,0,0,0,0,0,0,0,0,0,0,0,0,0,0,0,0,0,0,0,0,0,0,0,0,0,0,0,0,0,0,0,0,0,0,0,0,0,0,0,0,0,0,0,0,0,0,0,0,0,
1,8_4,10_51_25,5.8797,0,1,0,0.879281,Baseline,2.337,0.992,-1.001778,2.415446,359.0616,0,0.0000,0.0000,0.0000,0.0000,0.0000,0.0000,0,0,,,,,,,0,0,0,0,0,0,0,0,0,0,0,0,0,0,0,0,0,0,0,0,0,0,0,0,0,0,0,0,0,0,0,0,0,0,0,0,0,0,0,0,0,0,0,0,0,0,0,0,0,0,0,
1,8_4,10_51_25,5.8838,0,1,0,0.883347,Baseline,2.337,0.992,-1.001778,2.395116,359.0616,1.668985E-09,0.0000,0.0000,0.0000,0.0000,0.0000,0.0000,0,0,,,,,,,0,0,0,0,0,0,0,0,0,0,0,0,0,0,0,0,0,0,0,0,0,0,0,0,0,0,0,0,0,0,0,0,0,0,0,0,0,0,0,0,0,0,0,0,0,0,0,0,0,0,0,
1,8_4,10_51_25,5.8875,0,1,0,0.8871002,Baseline,2.337,0.992,-1.001778,2.376349,359.0616,-1.668962E-09,0.0000,0.0000,0.0000,0.0000,0.0000,0.0000,0,0,,,,,,,0,0,0,0,0,0,0,0,0,0,0,0,0,0,0,0,0,0,0,0,0,0,0,0,0,0,0,0,0,0,0,0,0,0,0,0,0,0,0,0,0,0,0,0,0,0,0,0,0,0,0,
1,8_4,10_51_25,5.8918,0,1,0,0.8913426,Baseline,2.337,0.992,-1.001778,2.355139,359.0616,0,0.0000,0.0000,0.0000,0.0000,0.0000,0.0000,0,0,,,,,,,0,0,0,0,0,0,0,0,0,0,0,0,0,0,0,0,0,0,0,0,0,0,0,0,0,0,0,0,0,0,0,0,0,0,0,0,0,0,0,0,0,0,0,0,0,0,0,0,0,0,0,
1,8_4,10_51_25,5.8960,0,1,0,0.8955598,Baseline,2.337,0.992,-1.001778,2.312964,359.0406,0,0.0000,0.0000,0.0000,0.0000,0.0000,0.0000,0,0,,,,,,,0,0,0,0,0,0,0,0,0,0,0,0,0,0,0,0,0,0,0,0,0,0,0,0,0,0,0,0,0,0,0,0,0,0,0,0,0,0,0,0,0,0,0,0,0,0,0,0,0,0,0,
1,8_4,10_51_25,5.8997,0,1,0,0.8992519,Baseline,2.337,0.992,-1.001778,2.294504,359.0406,0,0.0000,0.0000,0.0000,0.0000,0.0000,0.0000,0,0,,,,,,,0,0,0,0,0,0,0,0,0,0,0,0,0,0,0,0,0,0,0,0,0,0,0,0,0,0,0,0,0,0,0,0,0,0,0,0,0,0,0,0,0,0,0,0,0,0,0,0,0,0,0,
1,8_4,10_51_25,5.9030,0,1,0,0.9025908,Baseline,2.337,0.992,-1.001778,2.294504,359.0406,0,0.0000,0.0000,0.0000,0.0000,0.0000,0.0000,0,0,,,,,,,0,0,0,0,0,0,0,0,0,0,0,0,0,0,0,0,0,0,0,0,0,0,0,0,0,0,0,0,0,0,0,0,0,0,0,0,0,0,0,0,0,0,0,0,0,0,0,0,0,0,0,
1,8_4,10_51_25,5.9073,0,1,0,0.9068599,Baseline,2.337,0.992,-1.001778,2.251812,359.0406,0,0.0000,0.0000,0.0000,0.0000,0.0000,0.0000,0,0,,,,,,,0,0,0,0,0,0,0,0,0,0,0,0,0,0,0,0,0,0,0,0,0,0,0,0,0,0,0,0,0,0,0,0,0,0,0,0,0,0,0,0,0,0,0,0,0,0,0,0,0,0,0,
1,8_4,10_51_25,5.9109,0,1,0,0.9104729,Baseline,2.337,0.992,-1.001778,2.233747,359.0406,1.668795E-09,0.0000,0.0000,0.0000,0.0000,0.0000,0.0000,0,0,,,,,,,0,0,0,0,0,0,0,0,0,0,0,0,0,0,0,0,0,0,0,0,0,0,0,0,0,0,0,0,0,0,0,0,0,0,0,0,0,0,0,0,0,0,0,0,0,0,0,0,0,0,0,
1,8_4,10_51_25,5.9142,0,1,0,0.9137201,Baseline,2.337,0.992,-1.001778,2.233747,359.0406,1.668795E-09,0.0000,0.0000,0.0000,0.0000,0.0000,0.0000,0,0,,,,,,,0,0,0,0,0,0,0,0,0,0,0,0,0,0,0,0,0,0,0,0,0,0,0,0,0,0,0,0,0,0,0,0,0,0,0,0,0,0,0,0,0,0,0,0,0,0,0,0,0,0,0,
1,8_4,10_51_25,5.9177,0,1,0,0.9172244,Baseline,2.337,0.992,-1.001778,2.233747,359.0406,1.668795E-09,0.0000,0.0000,0.0000,0.0000,0.0000,0.0000,0,0,,,,,,,0,0,0,0,0,0,0,0,0,0,0,0,0,0,0,0,0,0,0,0,0,0,0,0,0,0,0,0,0,0,0,0,0,0,0,0,0,0,0,0,0,0,0,0,0,0,0,0,0,0,0,
1,8_4,10_51_25,5.9215,0,1,0,0.9210548,Baseline,2.337,0.992,-1.001778,2.233747,359.0023,0,0.0000,0.0000,0.0000,0.0000,0.0000,0.0000,0,0,,,,,,,0,0,0,0,0,0,0,0,0,0,0,0,0,0,0,0,0,0,0,0,0,0,0,0,0,0,0,0,0,0,0,0,0,0,0,0,0,0,0,0,0,0,0,0,0,0,0,0,0,0,0,
1,8_4,10_51_25,5.9254,0,1,0,0.9249573,Baseline,2.337,0.992,-1.001778,2.214235,359.0023,-1.668773E-09,0.0000,0.0000,0.0000,0.0000,0.0000,0.0000,0,0,,,,,,,0,0,0,0,0,0,0,0,0,0,0,0,0,0,0,0,0,0,0,0,0,0,0,0,0,0,0,0,0,0,0,0,0,0,0,0,0,0,0,0,0,0,0,0,0,0,0,0,0,0,0,
1,8_4,10_51_25,5.9287,0,1,0,0.9283013,Baseline,2.337,0.992,-1.001778,2.214235,359.0023,-1.668773E-09,0.0000,0.0000,0.0000,0.0000,0.0000,0.0000,0,0,,,,,,,0,0,0,0,0,0,0,0,0,0,0,0,0,0,0,0,0,0,0,0,0,0,0,0,0,0,0,0,0,0,0,0,0,0,0,0,0,0,0,0,0,0,0,0,0,0,0,0,0,0,0,
1,8_4,10_51_25,5.9325,0,1,0,0.9320626,Baseline,2.337,0.992,-1.001778,2.214235,359.0023,-1.668773E-09,0.0000,0.0000,0.0000,0.0000,0.0000,0.0000,0,0,,,,,,,0,0,0,0,0,0,0,0,0,0,0,0,0,0,0,0,0,0,0,0,0,0,0,0,0,0,0,0,0,0,0,0,0,0,0,0,0,0,0,0,0,0,0,0,0,0,0,0,0,0,0,
1,8_4,10_51_25,5.9363,0,1,0,0.9358768,Baseline,2.337,0.992,-1.001778,2.214235,359.0023,-1.668773E-09,0.0000,0.0000,0.0000,0.0000,0.0000,0.0000,0,0,,,,,,,0,0,0,0,0,0,0,0,0,0,0,0,0,0,0,0,0,0,0,0,0,0,0,0,0,0,0,0,0,0,0,0,0,0,0,0,0,0,0,0,0,0,0,0,0,0,0,0,0,0,0,
1,8_4,10_51_25,5.9398,0,1,0,0.9393101,Baseline,2.337,0.992,-1.001778,2.214235,359.0023,-1.668773E-09,0.0000,0.0000,0.0000,0.0000,0.0000,0.0000,0,0,,,,,,,0,0,0,0,0,0,0,0,0,0,0,0,0,0,0,0,0,0,0,0,0,0,0,0,0,0,0,0,0,0,0,0,0,0,0,0,0,0,0,0,0,0,0,0,0,0,0,0,0,0,0,
1,8_4,10_51_25,5.9430,0,1,0,0.9425282,Baseline,2.337,0.992,-1.001778,2.214235,359.0023,-1.668773E-09,0.0000,0.0000,0.0000,0.0000,0.0000,0.0000,0,0,,,,,,,0,0,0,0,0,0,0,0,0,0,0,0,0,0,0,0,0,0,0,0,0,0,0,0,0,0,0,0,0,0,0,0,0,0,0,0,0,0,0,0,0,0,0,0,0,0,0,0,0,0,0,
1,8_4,10_51_25,5.9463,0,1,0,0.9458294,Baseline,2.337,0.992,-1.001778,2.214235,359.0023,-1.668773E-09,0.0000,0.0000,0.0000,0.0000,0.0000,0.0000,0,0,,,,,,,0,0,0,0,0,0,0,0,0,0,0,0,0,0,0,0,0,0,0,0,0,0,0,0,0,0,0,0,0,0,0,0,0,0,0,0,0,0,0,0,0,0,0,0,0,0,0,0,0,0,0,
1,8_4,10_51_25,5.9494,0,1,0,0.9489155,Baseline,2.337,0.992,-1.001778,2.214235,359.0023,-1.668773E-09,0.0000,0.0000,0.0000,0.0000,0.0000,0.0000,0,0,,,,,,,0,0,0,0,0,0,0,0,0,0,0,0,0,0,0,0,0,0,0,0,0,0,0,0,0,0,0,0,0,0,0,0,0,0,0,0,0,0,0,0,0,0,0,0,0,0,0,0,0,0,0,
1,8_4,10_51_25,5.9526,0,1,0,0.9521365,Baseline,2.337,0.992,-1.001778,2.214235,359.0023,-1.668773E-09,0.0000,0.0000,0.0000,0.0000,0.0000,0.0000,0,0,,,,,,,0,0,0,0,0,0,0,0,0,0,0,0,0,0,0,0,0,0,0,0,0,0,0,0,0,0,0,0,0,0,0,0,0,0,0,0,0,0,0,0,0,0,0,0,0,0,0,0,0,0,0,
1,8_4,10_51_25,5.9570,0,1,0,0.9565334,Baseline,2.337,0.992,-1.001778,2.214235,359.0023,-1.668773E-09,0.0000,0.0000,0.0000,0.0000,0.0000,0.0000,0,0,,,,,,,0,0,0,0,0,0,0,0,0,0,0,0,0,0,0,0,0,0,0,0,0,0,0,0,0,0,0,0,0,0,0,0,0,0,0,0,0,0,0,0,0,0,0,0,0,0,0,0,0,0,0,
1,8_4,10_51_25,5.9608,0,1,0,0.9603848,Baseline,2.337,0.992,-1.001778,2.214235,359.0023,-1.668773E-09,0.0000,0.0000,0.0000,0.0000,0.0000,0.0000,0,0,,,,,,,0,0,0,0,0,0,0,0,0,0,0,0,0,0,0,0,0,0,0,0,0,0,0,0,0,0,0,0,0,0,0,0,0,0,0,0,0,0,0,0,0,0,0,0,0,0,0,0,0,0,0,
1,8_4,10_51_25,5.9643,0,1,0,0.9638319,Baseline,2.337,0.992,-1.001778,2.214235,359.0023,-1.668773E-09,0.0000,0.0000,0.0000,0.0000,0.0000,0.0000,0,0,,,,,,,0,0,0,0,0,0,0,0,0,0,0,0,0,0,0,0,0,0,0,0,0,0,0,0,0,0,0,0,0,0,0,0,0,0,0,0,0,0,0,0,0,0,0,0,0,0,0,0,0,0,0,
1,8_4,10_51_25,5.9675,0,1,0,0.9670277,Baseline,2.337,0.992,-1.001778,2.214235,359.0023,-1.668773E-09,0.0000,0.0000,0.0000,0.0000,0.0000,0.0000,0,0,,,,,,,0,0,0,0,0,0,0,0,0,0,0,0,0,0,0,0,0,0,0,0,0,0,0,0,0,0,0,0,0,0,0,0,0,0,0,0,0,0,0,0,0,0,0,0,0,0,0,0,0,0,0,
1,8_4,10_51_25,5.9707,0,1,0,0.9702287,Baseline,2.337,0.992,-1.001778,2.214235,359.0023,-1.668773E-09,0.0000,0.0000,0.0000,0.0000,0.0000,0.0000,0,0,,,,,,,0,0,0,0,0,0,0,0,0,0,0,0,0,0,0,0,0,0,0,0,0,0,0,0,0,0,0,0,0,0,0,0,0,0,0,0,0,0,0,0,0,0,0,0,0,0,0,0,0,0,0,
1,8_4,10_51_25,5.9739,0,1,0,0.9734092,Baseline,2.337,0.992,-1.001778,2.214235,359.0023,-1.668773E-09,0.0000,0.0000,0.0000,0.0000,0.0000,0.0000,0,0,,,,,,,0,0,0,0,0,0,0,0,0,0,0,0,0,0,0,0,0,0,0,0,0,0,0,0,0,0,0,0,0,0,0,0,0,0,0,0,0,0,0,0,0,0,0,0,0,0,0,0,0,0,0,
1,8_4,10_51_25,5.9771,0,1,0,0.9766493,Baseline,2.337,0.992,-1.001778,2.214235,359.0023,-1.668773E-09,0.0000,0.0000,0.0000,0.0000,0.0000,0.0000,0,0,,,,,,,0,0,0,0,0,0,0,0,0,0,0,0,0,0,0,0,0,0,0,0,0,0,0,0,0,0,0,0,0,0,0,0,0,0,0,0,0,0,0,0,0,0,0,0,0,0,0,0,0,0,0,
1,8_4,10_51_25,5.9805,0,1,0,0.9800119,Baseline,2.337,0.992,-1.001778,2.214235,359.0023,-1.668773E-09,0.0000,0.0000,0.0000,0.0000,0.0000,0.0000,0,0,,,,,,,0,0,0,0,0,0,0,0,0,0,0,0,0,0,0,0,0,0,0,0,0,0,0,0,0,0,0,0,0,0,0,0,0,0,0,0,0,0,0,0,0,0,0,0,0,0,0,0,0,0,0,
1,8_4,10_51_25,5.9838,0,1,0,0.9833384,Baseline,2.337,0.992,-1.001778,2.214235,359.0023,-1.668773E-09,0.0000,0.0000,0.0000,0.0000,0.0000,0.0000,0,0,,,,,,,0,0,0,0,0,0,0,0,0,0,0,0,0,0,0,0,0,0,0,0,0,0,0,0,0,0,0,0,0,0,0,0,0,0,0,0,0,0,0,0,0,0,0,0,0,0,0,0,0,0,0,
1,8_4,10_51_25,5.9869,0,1,0,0.9864779,Baseline,2.337,0.992,-1.001778,2.214235,359.0023,-1.668773E-09,0.0000,0.0000,0.0000,0.0000,0.0000,0.0000,0,0,,,,,,,0,0,0,0,0,0,0,0,0,0,0,0,0,0,0,0,0,0,0,0,0,0,0,0,0,0,0,0,0,0,0,0,0,0,0,0,0,0,0,0,0,0,0,0,0,0,0,0,0,0,0,
1,8_4,10_51_25,5.9901,0,1,0,0.9896975,Baseline,2.337,0.992,-1.001778,2.214235,359.0023,-1.668773E-09,0.0000,0.0000,0.0000,0.0000,0.0000,0.0000,0,0,,,,,,,0,0,0,0,0,0,0,0,0,0,0,0,0,0,0,0,0,0,0,0,0,0,0,0,0,0,0,0,0,0,0,0,0,0,0,0,0,0,0,0,0,0,0,0,0,0,0,0,0,0,0,
1,8_4,10_51_25,5.9933,0,1,0,0.992877,Baseline,2.337,0.992,-1.001778,2.214235,359.0023,-1.668773E-09,0.0000,0.0000,0.0000,0.0000,0.0000,0.0000,0,0,,,,,,,0,0,0,0,0,0,0,0,0,0,0,0,0,0,0,0,0,0,0,0,0,0,0,0,0,0,0,0,0,0,0,0,0,0,0,0,0,0,0,0,0,0,0,0,0,0,0,0,0,0,0,
1,8_4,10_51_25,5.9965,0,1,0,0.9960251,Baseline,2.337,0.992,-1.001778,2.214235,359.0023,-1.668773E-09,0.0000,0.0000,0.0000,0.0000,0.0000,0.0000,0,0,,,,,,,0,0,0,0,0,0,0,0,0,0,0,0,0,0,0,0,0,0,0,0,0,0,0,0,0,0,0,0,0,0,0,0,0,0,0,0,0,0,0,0,0,0,0,0,0,0,0,0,0,0,0,
1,8_4,10_51_25,5.9997,0,1,0,0.999269,Baseline,2.337,0.992,-1.001778,2.214235,359.0023,-1.668773E-09,0.0000,0.0000,0.0000,0.0000,0.0000,0.0000,0,0,,,,,,,0,0,0,0,0,0,0,0,0,0,0,0,0,0,0,0,0,0,0,0,0,0,0,0,0,0,0,0,0,0,0,0,0,0,0,0,0,0,0,0,0,0,0,0,0,0,0,0,0,0,0,
1,8_4,10_51_25,6.0029,0,1,0,1.00247,Baseline,2.337,0.992,-1.001778,2.214235,359.0023,-1.668773E-09,0.0000,0.0000,0.0000,0.0000,0.0000,0.0000,0,0,,,,,,,0,0,0,0,0,0,0,0,0,0,0,0,0,0,0,0,0,0,0,0,0,0,0,0,0,0,0,0,0,0,0,0,0,0,0,0,0,0,0,0,0,0,0,0,0,0,0,0,0,0,0,
1,8_4,10_51_25,6.0064,0,1,0,1.005944,Baseline,2.337,0.992,-1.001778,2.214235,359.0023,-1.668773E-09,0.0000,0.0000,0.0000,0.0000,0.0000,0.0000,0,0,,,,,,,0,0,0,0,0,0,0,0,0,0,0,0,0,0,0,0,0,0,0,0,0,0,0,0,0,0,0,0,0,0,0,0,0,0,0,0,0,0,0,0,0,0,0,0,0,0,0,0,0,0,0,
1,8_4,10_51_25,6.0101,0,1,0,1.00966,Baseline,2.337,0.992,-1.001778,2.214235,359.0023,-1.668773E-09,0.0000,0.0000,0.0000,0.0000,0.0000,0.0000,0,0,,,,,,,0,0,0,0,0,0,0,0,0,0,0,0,0,0,0,0,0,0,0,0,0,0,0,0,0,0,0,0,0,0,0,0,0,0,0,0,0,0,0,0,0,0,0,0,0,0,0,0,0,0,0,
1,8_4,10_51_25,6.0139,0,1,0,1.013418,Baseline,2.337,0.992,-1.001778,2.214235,359.0023,-1.668773E-09,0.0000,0.0000,0.0000,0.0000,0.0000,0.0000,0,0,,,,,,,0,0,0,0,0,0,0,0,0,0,0,0,0,0,0,0,0,0,0,0,0,0,0,0,0,0,0,0,0,0,0,0,0,0,0,0,0,0,0,0,0,0,0,0,0,0,0,0,0,0,0,
1,8_4,10_51_25,6.0177,0,1,0,1.017281,Baseline,2.337,0.992,-1.001778,2.214235,359.0023,-1.668773E-09,0.0000,0.0000,0.0000,0.0000,0.0000,0.0000,0,0,,,,,,,0,0,0,0,0,0,0,0,0,0,0,0,0,0,0,0,0,0,0,0,0,0,0,0,0,0,0,0,0,0,0,0,0,0,0,0,0,0,0,0,0,0,0,0,0,0,0,0,0,0,0,
1,8_4,10_51_25,6.0219,0,1,0,1.021497,Baseline,2.337,0.992,-1.001778,2.214235,359.0023,-1.668773E-09,0.0000,0.0000,0.0000,0.0000,0.0000,0.0000,0,0,,,,,,,0,0,0,0,0,0,0,0,0,0,0,0,0,0,0,0,0,0,0,0,0,0,0,0,0,0,0,0,0,0,0,0,0,0,0,0,0,0,0,0,0,0,0,0,0,0,0,0,0,0,0,
1,8_4,10_51_25,6.0257,0,1,0,1.025252,Baseline,2.337,0.992,-1.001778,2.214235,359.0023,-1.668773E-09,0.0000,0.0000,0.0000,0.0000,0.0000,0.0000,0,0,,,,,,,0,0,0,0,0,0,0,0,0,0,0,0,0,0,0,0,0,0,0,0,0,0,0,0,0,0,0,0,0,0,0,0,0,0,0,0,0,0,0,0,0,0,0,0,0,0,0,0,0,0,0,
1,8_4,10_51_25,6.0291,0,1,0,1.028655,Baseline,2.337,0.992,-1.001778,2.214235,359.0023,-1.668773E-09,0.0000,0.0000,0.0000,0.0000,0.0000,0.0000,0,0,,,,,,,0,0,0,0,0,0,0,0,0,0,0,0,0,0,0,0,0,0,0,0,0,0,0,0,0,0,0,0,0,0,0,0,0,0,0,0,0,0,0,0,0,0,0,0,0,0,0,0,0,0,0,
1,8_4,10_51_25,6.0324,0,1,0,1.032,Baseline,2.337,0.992,-1.001778,2.214235,359.0023,-1.668773E-09,0.0000,0.0000,0.0000,0.0000,0.0000,0.0000,0,0,,,,,,,0,0,0,0,0,0,0,0,0,0,0,0,0,0,0,0,0,0,0,0,0,0,0,0,0,0,0,0,0,0,0,0,0,0,0,0,0,0,0,0,0,0,0,0,0,0,0,0,0,0,0,
1,8_4,10_51_25,6.0361,0,1,0,1.03567,Baseline,2.337,0.992,-1.001778,2.214235,359.0023,-1.668773E-09,0.0000,0.0000,0.0000,0.0000,0.0000,0.0000,0,0,,,,,,,0,0,0,0,0,0,0,0,0,0,0,0,0,0,0,0,0,0,0,0,0,0,0,0,0,0,0,0,0,0,0,0,0,0,0,0,0,0,0,0,0,0,0,0,0,0,0,0,0,0,0,
1,8_4,10_51_25,6.0393,0,1,0,1.038828,Baseline,2.337,0.992,-1.001778,2.214235,359.0023,-1.668773E-09,0.0000,0.0000,0.0000,0.0000,0.0000,0.0000,0,0,,,,,,,0,0,0,0,0,0,0,0,0,0,0,0,0,0,0,0,0,0,0,0,0,0,0,0,0,0,0,0,0,0,0,0,0,0,0,0,0,0,0,0,0,0,0,0,0,0,0,0,0,0,0,
1,8_4,10_51_25,6.0426,0,1,0,1.042185,Baseline,2.337,0.992,-1.001778,2.214235,359.0023,-1.668773E-09,0.0000,0.0000,0.0000,0.0000,0.0000,0.0000,0,0,,,,,,,0,0,0,0,0,0,0,0,0,0,0,0,0,0,0,0,0,0,0,0,0,0,0,0,0,0,0,0,0,0,0,0,0,0,0,0,0,0,0,0,0,0,0,0,0,0,0,0,0,0,0,
1,8_4,10_51_25,6.0460,0,1,0,1.045593,Baseline,2.337,0.992,-1.001778,2.214235,359.0023,-1.668773E-09,0.0000,0.0000,0.0000,0.0000,0.0000,0.0000,0,0,,,,,,,0,0,0,0,0,0,0,0,0,0,0,0,0,0,0,0,0,0,0,0,0,0,0,0,0,0,0,0,0,0,0,0,0,0,0,0,0,0,0,0,0,0,0,0,0,0,0,0,0,0,0,
1,8_4,10_51_25,6.0492,0,1,0,1.04875,Baseline,2.337,0.992,-1.001778,2.214235,359.0023,-1.668773E-09,0.0000,0.0000,0.0000,0.0000,0.0000,0.0000,0,0,,,,,,,0,0,0,0,0,0,0,0,0,0,0,0,0,0,0,0,0,0,0,0,0,0,0,0,0,0,0,0,0,0,0,0,0,0,0,0,0,0,0,0,0,0,0,0,0,0,0,0,0,0,0,
1,8_4,10_51_25,6.0524,0,1,0,1.051953,Baseline,2.337,0.992,-1.001778,2.214235,359.0023,-1.668773E-09,0.0000,0.0000,0.0000,0.0000,0.0000,0.0000,0,0,,,,,,,0,0,0,0,0,0,0,0,0,0,0,0,0,0,0,0,0,0,0,0,0,0,0,0,0,0,0,0,0,0,0,0,0,0,0,0,0,0,0,0,0,0,0,0,0,0,0,0,0,0,0,
1,8_4,10_51_25,6.0568,0,1,0,1.056333,Baseline,2.337,0.992,-1.001778,2.214235,359.0023,-1.668773E-09,0.0000,0.0000,0.0000,0.0000,0.0000,0.0000,0,0,,,,,,,0,0,0,0,0,0,0,0,0,0,0,0,0,0,0,0,0,0,0,0,0,0,0,0,0,0,0,0,0,0,0,0,0,0,0,0,0,0,0,0,0,0,0,0,0,0,0,0,0,0,0,
1,8_4,10_51_25,6.0600,0,1,0,1.059575,Baseline,2.337,0.992,-1.001778,2.214235,359.0023,-1.668773E-09,0.0000,0.0000,0.0000,0.0000,0.0000,0.0000,0,0,,,,,,,0,0,0,0,0,0,0,0,0,0,0,0,0,0,0,0,0,0,0,0,0,0,0,0,0,0,0,0,0,0,0,0,0,0,0,0,0,0,0,0,0,0,0,0,0,0,0,0,0,0,0,
1,8_4,10_51_25,6.0634,0,1,0,1.062966,Baseline,2.337,0.992,-1.001778,2.214235,359.0023,-1.668773E-09,0.0000,0.0000,0.0000,0.0000,0.0000,0.0000,0,0,,,,,,,0,0,0,0,0,0,0,0,0,0,0,0,0,0,0,0,0,0,0,0,0,0,0,0,0,0,0,0,0,0,0,0,0,0,0,0,0,0,0,0,0,0,0,0,0,0,0,0,0,0,0,
1,8_4,10_51_25,6.0666,0,1,0,1.066196,Baseline,2.337,0.992,-1.001778,2.214235,359.0023,-1.668773E-09,0.0000,0.0000,0.0000,0.0000,0.0000,0.0000,0,0,,,,,,,0,0,0,0,0,0,0,0,0,0,0,0,0,0,0,0,0,0,0,0,0,0,0,0,0,0,0,0,0,0,0,0,0,0,0,0,0,0,0,0,0,0,0,0,0,0,0,0,0,0,0,
1,8_4,10_51_25,6.0699,0,1,0,1.06946,Baseline,2.337,0.992,-1.001778,2.214235,359.0023,-1.668773E-09,0.0000,0.0000,0.0000,0.0000,0.0000,0.0000,0,0,,,,,,,0,0,0,0,0,0,0,0,0,0,0,0,0,0,0,0,0,0,0,0,0,0,0,0,0,0,0,0,0,0,0,0,0,0,0,0,0,0,0,0,0,0,0,0,0,0,0,0,0,0,0,
1,8_4,10_51_25,6.0732,0,1,0,1.072769,Baseline,2.337,0.992,-1.001778,2.214235,359.0023,-1.668773E-09,0.0000,0.0000,0.0000,0.0000,0.0000,0.0000,0,0,,,,,,,0,0,0,0,0,0,0,0,0,0,0,0,0,0,0,0,0,0,0,0,0,0,0,0,0,0,0,0,0,0,0,0,0,0,0,0,0,0,0,0,0,0,0,0,0,0,0,0,0,0,0,
1,8_4,10_51_25,6.0765,0,1,0,1.076038,Baseline,2.337,0.992,-1.001778,2.214235,359.0023,-1.668773E-09,0.0000,0.0000,0.0000,0.0000,0.0000,0.0000,0,0,,,,,,,0,0,0,0,0,0,0,0,0,0,0,0,0,0,0,0,0,0,0,0,0,0,0,0,0,0,0,0,0,0,0,0,0,0,0,0,0,0,0,0,0,0,0,0,0,0,0,0,0,0,0,
1,8_4,10_51_25,6.0803,0,1,0,1.079844,Baseline,2.337,0.992,-1.001778,2.214235,359.0023,-1.668773E-09,0.0000,0.0000,0.0000,0.0000,0.0000,0.0000,0,0,,,,,,,0,0,0,0,0,0,0,0,0,0,0,0,0,0,0,0,0,0,0,0,0,0,0,0,0,0,0,0,0,0,0,0,0,0,0,0,0,0,0,0,0,0,0,0,0,0,0,0,0,0,0,
1,8_4,10_51_25,6.0836,0,1,0,1.08311,Baseline,2.337,0.992,-1.001778,2.214235,359.0023,-1.668773E-09,0.0000,0.0000,0.0000,0.0000,0.0000,0.0000,0,0,,,,,,,0,0,0,0,0,0,0,0,0,0,0,0,0,0,0,0,0,0,0,0,0,0,0,0,0,0,0,0,0,0,0,0,0,0,0,0,0,0,0,0,0,0,0,0,0,0,0,0,0,0,0,
1,8_4,10_51_25,6.0867,0,1,0,1.086246,Baseline,2.337,0.992,-1.001778,2.214235,359.0023,-1.668773E-09,0.0000,0.0000,0.0000,0.0000,0.0000,0.0000,0,0,,,,,,,0,0,0,0,0,0,0,0,0,0,0,0,0,0,0,0,0,0,0,0,0,0,0,0,0,0,0,0,0,0,0,0,0,0,0,0,0,0,0,0,0,0,0,0,0,0,0,0,0,0,0,
1,8_4,10_51_25,6.0902,0,1,0,1.089733,Baseline,2.337,0.992,-1.001778,2.214235,359.0023,-1.668773E-09,0.0000,0.0000,0.0000,0.0000,0.0000,0.0000,0,0,,,,,,,0,0,0,0,0,0,0,0,0,0,0,0,0,0,0,0,0,0,0,0,0,0,0,0,0,0,0,0,0,0,0,0,0,0,0,0,0,0,0,0,0,0,0,0,0,0,0,0,0,0,0,
1,8_4,10_51_25,6.0935,0,1,0,1.093074,Baseline,2.337,0.992,-1.001778,2.214235,359.0023,-1.668773E-09,0.0000,0.0000,0.0000,0.0000,0.0000,0.0000,0,0,,,,,,,0,0,0,0,0,0,0,0,0,0,0,0,0,0,0,0,0,0,0,0,0,0,0,0,0,0,0,0,0,0,0,0,0,0,0,0,0,0,0,0,0,0,0,0,0,0,0,0,0,0,0,
1,8_4,10_51_25,6.0968,0,1,0,1.096309,Baseline,2.337,0.992,-1.001778,2.214235,359.0023,-1.668773E-09,0.0000,0.0000,0.0000,0.0000,0.0000,0.0000,0,0,,,,,,,0,0,0,0,0,0,0,0,0,0,0,0,0,0,0,0,0,0,0,0,0,0,0,0,0,0,0,0,0,0,0,0,0,0,0,0,0,0,0,0,0,0,0,0,0,0,0,0,0,0,0,
1,8_4,10_51_25,6.1000,0,1,0,1.099523,Baseline,2.337,0.992,-1.001778,2.214235,359.0023,-1.668773E-09,0.0000,0.0000,0.0000,0.0000,0.0000,0.0000,0,0,,,,,,,0,0,0,0,0,0,0,0,0,0,0,0,0,0,0,0,0,0,0,0,0,0,0,0,0,0,0,0,0,0,0,0,0,0,0,0,0,0,0,0,0,0,0,0,0,0,0,0,0,0,0,
1,8_4,10_51_25,6.1032,0,1,0,1.102732,Baseline,2.337,0.992,-1.001778,2.214235,359.0023,-1.668773E-09,0.0000,0.0000,0.0000,0.0000,0.0000,0.0000,0,0,,,,,,,0,0,0,0,0,0,0,0,0,0,0,0,0,0,0,0,0,0,0,0,0,0,0,0,0,0,0,0,0,0,0,0,0,0,0,0,0,0,0,0,0,0,0,0,0,0,0,0,0,0,0,
1,8_4,10_51_25,6.1065,0,1,0,1.106045,Baseline,2.337,0.992,-1.001778,2.214235,359.0023,-1.668773E-09,0.0000,0.0000,0.0000,0.0000,0.0000,0.0000,0,0,,,,,,,0,0,0,0,0,0,0,0,0,0,0,0,0,0,0,0,0,0,0,0,0,0,0,0,0,0,0,0,0,0,0,0,0,0,0,0,0,0,0,0,0,0,0,0,0,0,0,0,0,0,0,
1,8_4,10_51_25,6.1097,0,1,0,1.109265,Baseline,2.337,0.992,-1.001778,2.214235,359.0023,-1.668773E-09,0.0000,0.0000,0.0000,0.0000,0.0000,0.0000,0,0,,,,,,,0,0,0,0,0,0,0,0,0,0,0,0,0,0,0,0,0,0,0,0,0,0,0,0,0,0,0,0,0,0,0,0,0,0,0,0,0,0,0,0,0,0,0,0,0,0,0,0,0,0,0,
1,8_4,10_51_25,6.1129,0,1,0,1.112439,Baseline,2.337,0.992,-1.001778,2.214235,359.0023,-1.668773E-09,0.0000,0.0000,0.0000,0.0000,0.0000,0.0000,0,0,,,,,,,0,0,0,0,0,0,0,0,0,0,0,0,0,0,0,0,0,0,0,0,0,0,0,0,0,0,0,0,0,0,0,0,0,0,0,0,0,0,0,0,0,0,0,0,0,0,0,0,0,0,0,
1,8_4,10_51_25,6.1161,0,1,0,1.115635,Baseline,2.337,0.992,-1.001778,2.214235,359.0023,-1.668773E-09,0.0000,0.0000,0.0000,0.0000,0.0000,0.0000,0,0,,,,,,,0,0,0,0,0,0,0,0,0,0,0,0,0,0,0,0,0,0,0,0,0,0,0,0,0,0,0,0,0,0,0,0,0,0,0,0,0,0,0,0,0,0,0,0,0,0,0,0,0,0,0,
1,8_4,10_51_25,6.1194,0,1,0,1.118922,Baseline,2.337,0.992,-1.001778,2.214235,359.0023,-1.668773E-09,0.0000,0.0000,0.0000,0.0000,0.0000,0.0000,0,0,,,,,,,0,0,0,0,0,0,0,0,0,0,0,0,0,0,0,0,0,0,0,0,0,0,0,0,0,0,0,0,0,0,0,0,0,0,0,0,0,0,0,0,0,0,0,0,0,0,0,0,0,0,0,
1,8_4,10_51_25,6.1225,0,1,0,1.12209,Baseline,2.337,0.992,-1.001778,2.214235,359.0023,-1.668773E-09,0.0000,0.0000,0.0000,0.0000,0.0000,0.0000,0,0,,,,,,,0,0,0,0,0,0,0,0,0,0,0,0,0,0,0,0,0,0,0,0,0,0,0,0,0,0,0,0,0,0,0,0,0,0,0,0,0,0,0,0,0,0,0,0,0,0,0,0,0,0,0,
1,8_4,10_51_25,6.1261,0,1,0,1.125695,Baseline,2.337,0.992,-1.001778,2.214235,359.0023,-1.668773E-09,0.0000,0.0000,0.0000,0.0000,0.0000,0.0000,0,0,,,,,,,0,0,0,0,0,0,0,0,0,0,0,0,0,0,0,0,0,0,0,0,0,0,0,0,0,0,0,0,0,0,0,0,0,0,0,0,0,0,0,0,0,0,0,0,0,0,0,0,0,0,0,
1,8_4,10_51_25,6.1294,0,1,0,1.128931,Baseline,2.337,0.992,-1.001778,2.214235,359.0023,-1.668773E-09,0.0000,0.0000,0.0000,0.0000,0.0000,0.0000,0,0,,,,,,,0,0,0,0,0,0,0,0,0,0,0,0,0,0,0,0,0,0,0,0,0,0,0,0,0,0,0,0,0,0,0,0,0,0,0,0,0,0,0,0,0,0,0,0,0,0,0,0,0,0,0,
1,8_4,10_51_25,6.1326,0,1,0,1.132122,Baseline,2.337,0.992,-1.001778,2.214235,359.0023,-1.668773E-09,0.0000,0.0000,0.0000,0.0000,0.0000,0.0000,0,0,,,,,,,0,0,0,0,0,0,0,0,0,0,0,0,0,0,0,0,0,0,0,0,0,0,0,0,0,0,0,0,0,0,0,0,0,0,0,0,0,0,0,0,0,0,0,0,0,0,0,0,0,0,0,
1,8_4,10_51_25,6.1358,0,1,0,1.135321,Baseline,2.337,0.992,-1.001778,2.214235,359.0023,-1.668773E-09,0.0000,0.0000,0.0000,0.0000,0.0000,0.0000,0,0,,,,,,,0,0,0,0,0,0,0,0,0,0,0,0,0,0,0,0,0,0,0,0,0,0,0,0,0,0,0,0,0,0,0,0,0,0,0,0,0,0,0,0,0,0,0,0,0,0,0,0,0,0,0,
1,8_4,10_51_25,6.1390,0,1,0,1.138561,Baseline,2.337,0.992,-1.001778,2.214235,359.0023,-1.668773E-09,0.0000,0.0000,0.0000,0.0000,0.0000,0.0000,0,0,,,,,,,0,0,0,0,0,0,0,0,0,0,0,0,0,0,0,0,0,0,0,0,0,0,0,0,0,0,0,0,0,0,0,0,0,0,0,0,0,0,0,0,0,0,0,0,0,0,0,0,0,0,0,
1,8_4,10_51_25,6.1422,0,1,0,1.141742,Baseline,2.337,0.992,-1.001778,2.214235,359.0023,-1.668773E-09,0.0000,0.0000,0.0000,0.0000,0.0000,0.0000,0,0,,,,,,,0,0,0,0,0,0,0,0,0,0,0,0,0,0,0,0,0,0,0,0,0,0,0,0,0,0,0,0,0,0,0,0,0,0,0,0,0,0,0,0,0,0,0,0,0,0,0,0,0,0,0,
1,8_4,10_51_25,6.1457,0,1,0,1.145272,Baseline,2.337,0.992,-1.001778,2.214235,359.0023,-1.668773E-09,0.0000,0.0000,0.0000,0.0000,0.0000,0.0000,0,0,,,,,,,0,0,0,0,0,0,0,0,0,0,0,0,0,0,0,0,0,0,0,0,0,0,0,0,0,0,0,0,0,0,0,0,0,0,0,0,0,0,0,0,0,0,0,0,0,0,0,0,0,0,0,
1,8_4,10_51_25,6.1489,0,1,0,1.148488,Baseline,2.337,0.992,-1.001778,2.214235,359.0023,-1.668773E-09,0.0000,0.0000,0.0000,0.0000,0.0000,0.0000,0,0,,,,,,,0,0,0,0,0,0,0,0,0,0,0,0,0,0,0,0,0,0,0,0,0,0,0,0,0,0,0,0,0,0,0,0,0,0,0,0,0,0,0,0,0,0,0,0,0,0,0,0,0,0,0,
1,8_4,10_51_25,6.1522,0,1,0,1.151799,Baseline,2.337,0.992,-1.001778,2.214235,359.0023,-1.668773E-09,0.0000,0.0000,0.0000,0.0000,0.0000,0.0000,0,0,,,,,,,0,0,0,0,0,0,0,0,0,0,0,0,0,0,0,0,0,0,0,0,0,0,0,0,0,0,0,0,0,0,0,0,0,0,0,0,0,0,0,0,0,0,0,0,0,0,0,0,0,0,0,
1,8_4,10_51_25,6.1555,0,1,0,1.155071,Baseline,2.337,0.992,-1.001778,2.214235,359.0023,-1.668773E-09,0.0000,0.0000,0.0000,0.0000,0.0000,0.0000,0,0,,,,,,,0,0,0,0,0,0,0,0,0,0,0,0,0,0,0,0,0,0,0,0,0,0,0,0,0,0,0,0,0,0,0,0,0,0,0,0,0,0,0,0,0,0,0,0,0,0,0,0,0,0,0,
1,8_4,10_51_25,6.1587,0,1,0,1.158257,Baseline,2.337,0.992,-1.001778,2.214235,359.0023,-1.668773E-09,0.0000,0.0000,0.0000,0.0000,0.0000,0.0000,0,0,,,,,,,0,0,0,0,0,0,0,0,0,0,0,0,0,0,0,0,0,0,0,0,0,0,0,0,0,0,0,0,0,0,0,0,0,0,0,0,0,0,0,0,0,0,0,0,0,0,0,0,0,0,0,
1,8_4,10_51_25,6.1619,0,1,0,1.161469,Baseline,2.337,0.992,-1.001778,2.214235,359.0023,-1.668773E-09,0.0000,0.0000,0.0000,0.0000,0.0000,0.0000,0,0,,,,,,,0,0,0,0,0,0,0,0,0,0,0,0,0,0,0,0,0,0,0,0,0,0,0,0,0,0,0,0,0,0,0,0,0,0,0,0,0,0,0,0,0,0,0,0,0,0,0,0,0,0,0,
1,8_4,10_51_25,6.1652,0,1,0,1.164722,Baseline,2.337,0.992,-1.001778,2.214235,359.0023,-1.668773E-09,0.0000,0.0000,0.0000,0.0000,0.0000,0.0000,0,0,,,,,,,0,0,0,0,0,0,0,0,0,0,0,0,0,0,0,0,0,0,0,0,0,0,0,0,0,0,0,0,0,0,0,0,0,0,0,0,0,0,0,0,0,0,0,0,0,0,0,0,0,0,0,
1,8_4,10_51_25,6.1684,0,1,0,1.167992,Baseline,2.337,0.992,-1.001778,2.214235,359.0023,-1.668773E-09,0.0000,0.0000,0.0000,0.0000,0.0000,0.0000,0,0,,,,,,,0,0,0,0,0,0,0,0,0,0,0,0,0,0,0,0,0,0,0,0,0,0,0,0,0,0,0,0,0,0,0,0,0,0,0,0,0,0,0,0,0,0,0,0,0,0,0,0,0,0,0,
1,8_4,10_51_25,6.1716,0,1,0,1.171151,Baseline,2.337,0.992,-1.001778,2.214235,359.0023,-1.668773E-09,0.0000,0.0000,0.0000,0.0000,0.0000,0.0000,0,0,,,,,,,0,0,0,0,0,0,0,0,0,0,0,0,0,0,0,0,0,0,0,0,0,0,0,0,0,0,0,0,0,0,0,0,0,0,0,0,0,0,0,0,0,0,0,0,0,0,0,0,0,0,0,
1,8_4,10_51_25,6.1753,0,1,0,1.174876,Baseline,2.337,0.992,-1.001778,2.214235,359.0023,-1.668773E-09,0.0000,0.0000,0.0000,0.0000,0.0000,0.0000,0,0,,,,,,,0,0,0,0,0,0,0,0,0,0,0,0,0,0,0,0,0,0,0,0,0,0,0,0,0,0,0,0,0,0,0,0,0,0,0,0,0,0,0,0,0,0,0,0,0,0,0,0,0,0,0,
1,8_4,10_51_25,6.1786,0,1,0,1.1782,Baseline,2.337,0.992,-1.001778,2.214235,359.0023,-1.668773E-09,0.0000,0.0000,0.0000,0.0000,0.0000,0.0000,0,0,,,,,,,0,0,0,0,0,0,0,0,0,0,0,0,0,0,0,0,0,0,0,0,0,0,0,0,0,0,0,0,0,0,0,0,0,0,0,0,0,0,0,0,0,0,0,0,0,0,0,0,0,0,0,
1,8_4,10_51_25,6.1819,0,1,0,1.181467,Baseline,2.337,0.992,-1.001778,2.214235,359.0023,-1.668773E-09,0.0000,0.0000,0.0000,0.0000,0.0000,0.0000,0,0,,,,,,,0,0,0,0,0,0,0,0,0,0,0,0,0,0,0,0,0,0,0,0,0,0,0,0,0,0,0,0,0,0,0,0,0,0,0,0,0,0,0,0,0,0,0,0,0,0,0,0,0,0,0,
1,8_4,10_51_25,6.1853,0,1,0,1.184903,Baseline,2.337,0.992,-1.001778,2.214235,359.0023,-1.668773E-09,0.0000,0.0000,0.0000,0.0000,0.0000,0.0000,0,0,,,,,,,0,0,0,0,0,0,0,0,0,0,0,0,0,0,0,0,0,0,0,0,0,0,0,0,0,0,0,0,0,0,0,0,0,0,0,0,0,0,0,0,0,0,0,0,0,0,0,0,0,0,0,
1,8_4,10_51_25,6.1887,0,1,0,1.188255,Baseline,2.337,0.992,-1.001778,2.214235,359.0023,-1.668773E-09,0.0000,0.0000,0.0000,0.0000,0.0000,0.0000,0,0,,,,,,,0,0,0,0,0,0,0,0,0,0,0,0,0,0,0,0,0,0,0,0,0,0,0,0,0,0,0,0,0,0,0,0,0,0,0,0,0,0,0,0,0,0,0,0,0,0,0,0,0,0,0,
1,8_4,10_51_25,6.1923,0,1,0,1.191825,Baseline,2.337,0.992,-1.001778,2.214235,359.0023,-1.668773E-09,0.0000,0.0000,0.0000,0.0000,0.0000,0.0000,0,0,,,,,,,0,0,0,0,0,0,0,0,0,0,0,0,0,0,0,0,0,0,0,0,0,0,0,0,0,0,0,0,0,0,0,0,0,0,0,0,0,0,0,0,0,0,0,0,0,0,0,0,0,0,0,
1,8_4,10_51_25,6.1955,0,1,0,1.195042,Baseline,2.337,0.992,-1.001778,2.214235,359.0023,-1.668773E-09,0.0000,0.0000,0.0000,0.0000,0.0000,0.0000,0,0,,,,,,,0,0,0,0,0,0,0,0,0,0,0,0,0,0,0,0,0,0,0,0,0,0,0,0,0,0,0,0,0,0,0,0,0,0,0,0,0,0,0,0,0,0,0,0,0,0,0,0,0,0,0,
1,8_4,10_51_25,6.1987,0,1,0,1.198267,Baseline,2.337,0.992,-1.001778,2.214235,359.0023,-1.668773E-09,0.0000,0.0000,0.0000,0.0000,0.0000,0.0000,0,0,,,,,,,0,0,0,0,0,0,0,0,0,0,0,0,0,0,0,0,0,0,0,0,0,0,0,0,0,0,0,0,0,0,0,0,0,0,0,0,0,0,0,0,0,0,0,0,0,0,0,0,0,0,0,
1,8_4,10_51_25,6.2019,0,1,0,1.20145,Baseline,2.337,0.992,-1.001778,2.214235,359.0023,-1.668773E-09,0.0000,0.0000,0.0000,0.0000,0.0000,0.0000,0,0,,,,,,,0,0,0,0,0,0,0,0,0,0,0,0,0,0,0,0,0,0,0,0,0,0,0,0,0,0,0,0,0,0,0,0,0,0,0,0,0,0,0,0,0,0,0,0,0,0,0,0,0,0,0,
1,8_4,10_51_25,6.2052,0,1,0,1.204729,Baseline,2.337,0.992,-1.001778,2.214235,359.0023,-1.668773E-09,0.0000,0.0000,0.0000,0.0000,0.0000,0.0000,0,0,,,,,,,0,0,0,0,0,0,0,0,0,0,0,0,0,0,0,0,0,0,0,0,0,0,0,0,0,0,0,0,0,0,0,0,0,0,0,0,0,0,0,0,0,0,0,0,0,0,0,0,0,0,0,
1,8_4,10_51_25,6.2084,0,1,0,1.207982,Baseline,2.337,0.992,-1.001778,2.214235,359.0023,-1.668773E-09,0.0000,0.0000,0.0000,0.0000,0.0000,0.0000,0,0,,,,,,,0,0,0,0,0,0,0,0,0,0,0,0,0,0,0,0,0,0,0,0,0,0,0,0,0,0,0,0,0,0,0,0,0,0,0,0,0,0,0,0,0,0,0,0,0,0,0,0,0,0,0,
1,8_4,10_51_25,6.2116,0,1,0,1.211185,Baseline,2.337,0.992,-1.001778,2.214235,359.0023,-1.668773E-09,0.0000,0.0000,0.0000,0.0000,0.0000,0.0000,0,0,,,,,,,0,0,0,0,0,0,0,0,0,0,0,0,0,0,0,0,0,0,0,0,0,0,0,0,0,0,0,0,0,0,0,0,0,0,0,0,0,0,0,0,0,0,0,0,0,0,0,0,0,0,0,
1,8_4,10_51_25,6.2148,0,1,0,1.214324,Baseline,2.337,0.992,-1.001778,2.214235,359.0023,-1.668773E-09,0.0000,0.0000,0.0000,0.0000,0.0000,0.0000,0,0,,,,,,,0,0,0,0,0,0,0,0,0,0,0,0,0,0,0,0,0,0,0,0,0,0,0,0,0,0,0,0,0,0,0,0,0,0,0,0,0,0,0,0,0,0,0,0,0,0,0,0,0,0,0,
1,8_4,10_51_25,6.2183,0,1,0,1.217877,Baseline,2.337,0.992,-1.001778,2.214235,359.0023,-1.668773E-09,0.0000,0.0000,0.0000,0.0000,0.0000,0.0000,0,0,,,,,,,0,0,0,0,0,0,0,0,0,0,0,0,0,0,0,0,0,0,0,0,0,0,0,0,0,0,0,0,0,0,0,0,0,0,0,0,0,0,0,0,0,0,0,0,0,0,0,0,0,0,0,
1,8_4,10_51_25,6.2216,0,1,0,1.221106,Baseline,2.337,0.992,-1.001778,2.214235,359.0023,-1.668773E-09,0.0000,0.0000,0.0000,0.0000,0.0000,0.0000,0,0,,,,,,,0,0,0,0,0,0,0,0,0,0,0,0,0,0,0,0,0,0,0,0,0,0,0,0,0,0,0,0,0,0,0,0,0,0,0,0,0,0,0,0,0,0,0,0,0,0,0,0,0,0,0,
1,8_4,10_51_25,6.2248,0,1,0,1.224334,Baseline,2.337,0.992,-1.001778,2.214235,359.0023,-1.668773E-09,0.0000,0.0000,0.0000,0.0000,0.0000,0.0000,0,0,,,,,,,0,0,0,0,0,0,0,0,0,0,0,0,0,0,0,0,0,0,0,0,0,0,0,0,0,0,0,0,0,0,0,0,0,0,0,0,0,0,0,0,0,0,0,0,0,0,0,0,0,0,0,
1,8_4,10_51_25,6.2280,0,1,0,1.227571,Baseline,2.337,0.992,-1.001778,2.214235,359.0023,-1.668773E-09,0.0000,0.0000,0.0000,0.0000,0.0000,0.0000,0,0,,,,,,,0,0,0,0,0,0,0,0,0,0,0,0,0,0,0,0,0,0,0,0,0,0,0,0,0,0,0,0,0,0,0,0,0,0,0,0,0,0,0,0,0,0,0,0,0,0,0,0,0,0,0,
1,8_4,10_51_25,6.2312,0,1,0,1.230762,Baseline,2.337,0.992,-1.001778,2.214235,359.0023,-1.668773E-09,0.0000,0.0000,0.0000,0.0000,0.0000,0.0000,0,0,,,,,,,0,0,0,0,0,0,0,0,0,0,0,0,0,0,0,0,0,0,0,0,0,0,0,0,0,0,0,0,0,0,0,0,0,0,0,0,0,0,0,0,0,0,0,0,0,0,0,0,0,0,0,
1,8_4,10_51_25,6.2344,0,1,0,1.233947,Baseline,2.337,0.992,-1.001778,2.214235,359.0023,-1.668773E-09,0.0000,0.0000,0.0000,0.0000,0.0000,0.0000,0,0,,,,,,,0,0,0,0,0,0,0,0,0,0,0,0,0,0,0,0,0,0,0,0,0,0,0,0,0,0,0,0,0,0,0,0,0,0,0,0,0,0,0,0,0,0,0,0,0,0,0,0,0,0,0,
1,8_4,10_51_25,6.2377,0,1,0,1.237221,Baseline,2.337,0.992,-1.001778,2.214235,359.0023,-1.668773E-09,0.0000,0.0000,0.0000,0.0000,0.0000,0.0000,0,0,,,,,,,0,0,0,0,0,0,0,0,0,0,0,0,0,0,0,0,0,0,0,0,0,0,0,0,0,0,0,0,0,0,0,0,0,0,0,0,0,0,0,0,0,0,0,0,0,0,0,0,0,0,0,
1,8_4,10_51_25,6.2410,0,1,0,1.240524,Baseline,2.337,0.992,-1.001778,2.214235,359.0023,-1.668773E-09,0.0000,0.0000,0.0000,0.0000,0.0000,0.0000,0,0,,,,,,,0,0,0,0,0,0,0,0,0,0,0,0,0,0,0,0,0,0,0,0,0,0,0,0,0,0,0,0,0,0,0,0,0,0,0,0,0,0,0,0,0,0,0,0,0,0,0,0,0,0,0,
1,8_4,10_51_25,6.2445,0,1,0,1.244008,Baseline,2.337,0.992,-1.001778,2.214235,359.0023,-1.668773E-09,0.0000,0.0000,0.0000,0.0000,0.0000,0.0000,0,0,,,,,,,0,0,0,0,0,0,0,0,0,0,0,0,0,0,0,0,0,0,0,0,0,0,0,0,0,0,0,0,0,0,0,0,0,0,0,0,0,0,0,0,0,0,0,0,0,0,0,0,0,0,0,
1,8_4,10_51_25,6.2477,0,1,0,1.24721,Baseline,2.337,0.992,-1.001778,2.214235,359.0023,-1.668773E-09,0.0000,0.0000,0.0000,0.0000,0.0000,0.0000,0,0,,,,,,,0,0,0,0,0,0,0,0,0,0,0,0,0,0,0,0,0,0,0,0,0,0,0,0,0,0,0,0,0,0,0,0,0,0,0,0,0,0,0,0,0,0,0,0,0,0,0,0,0,0,0,
1,8_4,10_51_25,6.2509,0,1,0,1.250477,Baseline,2.337,0.992,-1.001778,2.214235,359.0023,-1.668773E-09,0.0000,0.0000,0.0000,0.0000,0.0000,0.0000,0,0,,,,,,,0,0,0,0,0,0,0,0,0,0,0,0,0,0,0,0,0,0,0,0,0,0,0,0,0,0,0,0,0,0,0,0,0,0,0,0,0,0,0,0,0,0,0,0,0,0,0,0,0,0,0,
1,8_4,10_51_25,6.2543,0,1,0,1.253845,Baseline,2.337,0.992,-1.001778,2.214235,359.0023,-1.668773E-09,0.0000,0.0000,0.0000,0.0000,0.0000,0.0000,0,0,,,,,,,0,0,0,0,0,0,0,0,0,0,0,0,0,0,0,0,0,0,0,0,0,0,0,0,0,0,0,0,0,0,0,0,0,0,0,0,0,0,0,0,0,0,0,0,0,0,0,0,0,0,0,
1,8_4,10_51_25,6.2593,0,1,0,1.258826,Baseline,2.337,0.992,-1.001778,2.214235,359.0023,-1.668773E-09,0.0000,0.0000,0.0000,0.0000,0.0000,0.0000,0,0,,,,,,,0,0,0,0,0,0,0,0,0,0,0,0,0,0,0,0,0,0,0,0,0,0,0,0,0,0,0,0,0,0,0,0,0,0,0,0,0,0,0,0,0,0,0,0,0,0,0,0,0,0,0,
1,8_4,10_51_25,6.2627,0,1,0,1.262271,Baseline,2.337,0.992,-1.001778,2.214235,359.0023,-1.668773E-09,0.0000,0.0000,0.0000,0.0000,0.0000,0.0000,0,0,,,,,,,0,0,0,0,0,0,0,0,0,0,0,0,0,0,0,0,0,0,0,0,0,0,0,0,0,0,0,0,0,0,0,0,0,0,0,0,0,0,0,0,0,0,0,0,0,0,0,0,0,0,0,
1,8_4,10_51_25,6.2663,0,1,0,1.26585,Baseline,2.337,0.992,-1.001778,2.214235,359.0023,-1.668773E-09,0.0000,0.0000,0.0000,0.0000,0.0000,0.0000,0,0,,,,,,,0,0,0,0,0,0,0,0,0,0,0,0,0,0,0,0,0,0,0,0,0,0,0,0,0,0,0,0,0,0,0,0,0,0,0,0,0,0,0,0,0,0,0,0,0,0,0,0,0,0,0,
1,8_4,10_51_25,6.2695,0,1,0,1.26908,Baseline,2.337,0.992,-1.001778,2.214235,359.0023,-1.668773E-09,0.0000,0.0000,0.0000,0.0000,0.0000,0.0000,0,0,,,,,,,0,0,0,0,0,0,0,0,0,0,0,0,0,0,0,0,0,0,0,0,0,0,0,0,0,0,0,0,0,0,0,0,0,0,0,0,0,0,0,0,0,0,0,0,0,0,0,0,0,0,0,
1,8_4,10_51_25,6.2731,0,1,0,1.272616,Baseline,2.337,0.992,-1.001778,2.214235,359.0023,-1.668773E-09,0.0000,0.0000,0.0000,0.0000,0.0000,0.0000,0,0,,,,,,,0,0,0,0,0,0,0,0,0,0,0,0,0,0,0,0,0,0,0,0,0,0,0,0,0,0,0,0,0,0,0,0,0,0,0,0,0,0,0,0,0,0,0,0,0,0,0,0,0,0,0,
1,8_4,10_51_25,6.2765,0,1,0,1.276047,Baseline,2.337,0.992,-1.001778,2.214235,359.0023,-1.668773E-09,0.0000,0.0000,0.0000,0.0000,0.0000,0.0000,0,0,,,,,,,0,0,0,0,0,0,0,0,0,0,0,0,0,0,0,0,0,0,0,0,0,0,0,0,0,0,0,0,0,0,0,0,0,0,0,0,0,0,0,0,0,0,0,0,0,0,0,0,0,0,0,
1,8_4,10_51_25,6.2798,0,1,0,1.279323,Baseline,2.337,0.992,-1.001778,2.214235,359.0023,-1.668773E-09,0.0000,0.0000,0.0000,0.0000,0.0000,0.0000,0,0,,,,,,,0,0,0,0,0,0,0,0,0,0,0,0,0,0,0,0,0,0,0,0,0,0,0,0,0,0,0,0,0,0,0,0,0,0,0,0,0,0,0,0,0,0,0,0,0,0,0,0,0,0,0,
1,8_4,10_51_25,6.2830,0,1,0,1.282578,Baseline,2.337,0.992,-1.001778,2.214235,359.0023,-1.668773E-09,0.0000,0.0000,0.0000,0.0000,0.0000,0.0000,0,0,,,,,,,0,0,0,0,0,0,0,0,0,0,0,0,0,0,0,0,0,0,0,0,0,0,0,0,0,0,0,0,0,0,0,0,0,0,0,0,0,0,0,0,0,0,0,0,0,0,0,0,0,0,0,
1,8_4,10_51_25,6.2864,0,1,0,1.285962,Baseline,2.337,0.992,-1.001778,2.214235,359.0023,-1.668773E-09,0.0000,0.0000,0.0000,0.0000,0.0000,0.0000,0,0,,,,,,,0,0,0,0,0,0,0,0,0,0,0,0,0,0,0,0,0,0,0,0,0,0,0,0,0,0,0,0,0,0,0,0,0,0,0,0,0,0,0,0,0,0,0,0,0,0,0,0,0,0,0,
1,8_4,10_51_25,6.2899,0,1,0,1.289423,Baseline,2.337,0.992,-1.001778,2.214235,359.0023,-1.668773E-09,0.0000,0.0000,0.0000,0.0000,0.0000,0.0000,0,0,,,,,,,0,0,0,0,0,0,0,0,0,0,0,0,0,0,0,0,0,0,0,0,0,0,0,0,0,0,0,0,0,0,0,0,0,0,0,0,0,0,0,0,0,0,0,0,0,0,0,0,0,0,0,
1,8_4,10_51_25,6.2932,0,1,0,1.292759,Baseline,2.337,0.992,-1.001778,2.214235,359.0023,-1.668773E-09,0.0000,0.0000,0.0000,0.0000,0.0000,0.0000,0,0,,,,,,,0,0,0,0,0,0,0,0,0,0,0,0,0,0,0,0,0,0,0,0,0,0,0,0,0,0,0,0,0,0,0,0,0,0,0,0,0,0,0,0,0,0,0,0,0,0,0,0,0,0,0,
1,8_4,10_51_25,6.2964,0,1,0,1.295969,Baseline,2.337,0.992,-1.001778,2.214235,359.0023,-1.668773E-09,0.0000,0.0000,0.0000,0.0000,0.0000,0.0000,0,0,,,,,,,0,0,0,0,0,0,0,0,0,0,0,0,0,0,0,0,0,0,0,0,0,0,0,0,0,0,0,0,0,0,0,0,0,0,0,0,0,0,0,0,0,0,0,0,0,0,0,0,0,0,0,
1,8_4,10_51_25,6.2998,0,1,0,1.299318,Baseline,2.337,0.992,-1.001778,2.214235,359.0023,-1.668773E-09,0.0000,0.0000,0.0000,0.0000,0.0000,0.0000,0,0,,,,,,,0,0,0,0,0,0,0,0,0,0,0,0,0,0,0,0,0,0,0,0,0,0,0,0,0,0,0,0,0,0,0,0,0,0,0,0,0,0,0,0,0,0,0,0,0,0,0,0,0,0,0,
1,8_4,10_51_25,6.3033,0,1,0,1.302829,Baseline,2.337,0.992,-1.001778,2.214235,359.0023,-1.668773E-09,0.0000,0.0000,0.0000,0.0000,0.0000,0.0000,0,0,,,,,,,0,0,0,0,0,0,0,0,0,0,0,0,0,0,0,0,0,0,0,0,0,0,0,0,0,0,0,0,0,0,0,0,0,0,0,0,0,0,0,0,0,0,0,0,0,0,0,0,0,0,0,
1,8_4,10_51_25,6.3068,0,1,0,1.306355,Baseline,2.337,0.992,-1.001778,2.214235,359.0023,-1.668773E-09,0.0000,0.0000,0.0000,0.0000,0.0000,0.0000,0,0,,,,,,,0,0,0,0,0,0,0,0,0,0,0,0,0,0,0,0,0,0,0,0,0,0,0,0,0,0,0,0,0,0,0,0,0,0,0,0,0,0,0,0,0,0,0,0,0,0,0,0,0,0,0,
1,8_4,10_51_25,6.3101,0,1,0,1.309641,Baseline,2.337,0.992,-1.001778,2.214235,359.0023,-1.668773E-09,0.0000,0.0000,0.0000,0.0000,0.0000,0.0000,0,0,,,,,,,0,0,0,0,0,0,0,0,0,0,0,0,0,0,0,0,0,0,0,0,0,0,0,0,0,0,0,0,0,0,0,0,0,0,0,0,0,0,0,0,0,0,0,0,0,0,0,0,0,0,0,
1,8_4,10_51_25,6.3135,0,1,0,1.313021,Baseline,2.337,0.992,-1.001778,2.214235,359.0023,-1.668773E-09,0.0000,0.0000,0.0000,0.0000,0.0000,0.0000,0,0,,,,,,,0,0,0,0,0,0,0,0,0,0,0,0,0,0,0,0,0,0,0,0,0,0,0,0,0,0,0,0,0,0,0,0,0,0,0,0,0,0,0,0,0,0,0,0,0,0,0,0,0,0,0,
1,8_4,10_51_25,6.3168,0,1,0,1.31637,Baseline,2.337,0.992,-1.001778,2.214235,359.0023,-1.668773E-09,0.0000,0.0000,0.0000,0.0000,0.0000,0.0000,0,0,,,,,,,0,0,0,0,0,0,0,0,0,0,0,0,0,0,0,0,0,0,0,0,0,0,0,0,0,0,0,0,0,0,0,0,0,0,0,0,0,0,0,0,0,0,0,0,0,0,0,0,0,0,0,
1,8_4,10_51_25,6.3201,0,1,0,1.319606,Baseline,2.337,0.992,-1.001778,2.214235,359.0023,-1.668773E-09,0.0000,0.0000,0.0000,0.0000,0.0000,0.0000,0,0,,,,,,,0,0,0,0,0,0,0,0,0,0,0,0,0,0,0,0,0,0,0,0,0,0,0,0,0,0,0,0,0,0,0,0,0,0,0,0,0,0,0,0,0,0,0,0,0,0,0,0,0,0,0,
1,8_4,10_51_25,6.3237,0,1,0,1.323253,Baseline,2.337,0.992,-1.001778,2.214235,359.0023,-1.668773E-09,0.0000,0.0000,0.0000,0.0000,0.0000,0.0000,0,0,,,,,,,0,0,0,0,0,0,0,0,0,0,0,0,0,0,0,0,0,0,0,0,0,0,0,0,0,0,0,0,0,0,0,0,0,0,0,0,0,0,0,0,0,0,0,0,0,0,0,0,0,0,0,
1,8_4,10_51_25,6.3269,0,1,0,1.326457,Baseline,2.337,0.992,-1.001778,2.214235,359.0023,-1.668773E-09,0.0000,0.0000,0.0000,0.0000,0.0000,0.0000,0,0,,,,,,,0,0,0,0,0,0,0,0,0,0,0,0,0,0,0,0,0,0,0,0,0,0,0,0,0,0,0,0,0,0,0,0,0,0,0,0,0,0,0,0,0,0,0,0,0,0,0,0,0,0,0,
1,8_4,10_51_25,6.3302,0,1,0,1.329723,Baseline,2.337,0.992,-1.001778,2.214235,359.0023,-1.668773E-09,0.0000,0.0000,0.0000,0.0000,0.0000,0.0000,0,0,,,,,,,0,0,0,0,0,0,0,0,0,0,0,0,0,0,0,0,0,0,0,0,0,0,0,0,0,0,0,0,0,0,0,0,0,0,0,0,0,0,0,0,0,0,0,0,0,0,0,0,0,0,0,
1,8_4,10_51_25,6.3333,0,1,0,1.33287,Baseline,2.337,0.992,-1.001778,2.214235,359.0023,-1.668773E-09,0.0000,0.0000,0.0000,0.0000,0.0000,0.0000,0,0,,,,,,,0,0,0,0,0,0,0,0,0,0,0,0,0,0,0,0,0,0,0,0,0,0,0,0,0,0,0,0,0,0,0,0,0,0,0,0,0,0,0,0,0,0,0,0,0,0,0,0,0,0,0,
1,8_4,10_51_25,6.3365,0,1,0,1.336064,Baseline,2.337,0.992,-1.001778,2.214235,359.0023,-1.668773E-09,0.0000,0.0000,0.0000,0.0000,0.0000,0.0000,0,0,,,,,,,0,0,0,0,0,0,0,0,0,0,0,0,0,0,0,0,0,0,0,0,0,0,0,0,0,0,0,0,0,0,0,0,0,0,0,0,0,0,0,0,0,0,0,0,0,0,0,0,0,0,0,
1,8_4,10_51_25,6.3398,0,1,0,1.339337,Baseline,2.337,0.992,-1.001778,2.214235,359.0023,-1.668773E-09,0.0000,0.0000,0.0000,0.0000,0.0000,0.0000,0,0,,,,,,,0,0,0,0,0,0,0,0,0,0,0,0,0,0,0,0,0,0,0,0,0,0,0,0,0,0,0,0,0,0,0,0,0,0,0,0,0,0,0,0,0,0,0,0,0,0,0,0,0,0,0,
1,8_4,10_51_25,6.3429,0,1,0,1.34241,Baseline,2.337,0.992,-1.001778,2.214235,359.0023,-1.668773E-09,0.0000,0.0000,0.0000,0.0000,0.0000,0.0000,0,0,,,,,,,0,0,0,0,0,0,0,0,0,0,0,0,0,0,0,0,0,0,0,0,0,0,0,0,0,0,0,0,0,0,0,0,0,0,0,0,0,0,0,0,0,0,0,0,0,0,0,0,0,0,0,
1,8_4,10_51_25,6.3462,0,1,0,1.345707,Baseline,2.337,0.992,-1.001778,2.214235,359.0023,-1.668773E-09,0.0000,0.0000,0.0000,0.0000,0.0000,0.0000,0,0,,,,,,,0,0,0,0,0,0,0,0,0,0,0,0,0,0,0,0,0,0,0,0,0,0,0,0,0,0,0,0,0,0,0,0,0,0,0,0,0,0,0,0,0,0,0,0,0,0,0,0,0,0,0,
1,8_4,10_51_25,6.3494,0,1,0,1.348904,Baseline,2.337,0.992,-1.001778,2.214235,359.0023,-1.668773E-09,0.0000,0.0000,0.0000,0.0000,0.0000,0.0000,0,0,,,,,,,0,0,0,0,0,0,0,0,0,0,0,0,0,0,0,0,0,0,0,0,0,0,0,0,0,0,0,0,0,0,0,0,0,0,0,0,0,0,0,0,0,0,0,0,0,0,0,0,0,0,0,
1,8_4,10_51_25,6.3526,0,1,0,1.352152,Baseline,2.337,0.992,-1.001778,2.214235,359.0023,-1.668773E-09,0.0000,0.0000,0.0000,0.0000,0.0000,0.0000,0,0,,,,,,,0,0,0,0,0,0,0,0,0,0,0,0,0,0,0,0,0,0,0,0,0,0,0,0,0,0,0,0,0,0,0,0,0,0,0,0,0,0,0,0,0,0,0,0,0,0,0,0,0,0,0,
1,8_4,10_51_25,6.3560,0,1,0,1.355526,Baseline,2.337,0.992,-1.001778,2.214235,359.0023,-1.668773E-09,0.0000,0.0000,0.0000,0.0000,0.0000,0.0000,0,0,,,,,,,0,0,0,0,0,0,0,0,0,0,0,0,0,0,0,0,0,0,0,0,0,0,0,0,0,0,0,0,0,0,0,0,0,0,0,0,0,0,0,0,0,0,0,0,0,0,0,0,0,0,0,
1,8_4,10_51_25,6.3602,0,1,0,1.359786,Baseline,2.337,0.992,-1.001778,2.214235,359.0023,-1.668773E-09,0.0000,0.0000,0.0000,0.0000,0.0000,0.0000,0,0,,,,,,,0,0,0,0,0,0,0,0,0,0,0,0,0,0,0,0,0,0,0,0,0,0,0,0,0,0,0,0,0,0,0,0,0,0,0,0,0,0,0,0,0,0,0,0,0,0,0,0,0,0,0,
1,8_4,10_51_25,6.3636,0,1,0,1.363152,Baseline,2.337,0.992,-1.001778,2.214235,359.0023,-1.668773E-09,0.0000,0.0000,0.0000,0.0000,0.0000,0.0000,0,0,,,,,,,0,0,0,0,0,0,0,0,0,0,0,0,0,0,0,0,0,0,0,0,0,0,0,0,0,0,0,0,0,0,0,0,0,0,0,0,0,0,0,0,0,0,0,0,0,0,0,0,0,0,0,
1,8_4,10_51_25,6.3670,0,1,0,1.366533,Baseline,2.337,0.992,-1.001778,2.214235,359.0023,-1.668773E-09,0.0000,0.0000,0.0000,0.0000,0.0000,0.0000,0,0,,,,,,,0,0,0,0,0,0,0,0,0,0,0,0,0,0,0,0,0,0,0,0,0,0,0,0,0,0,0,0,0,0,0,0,0,0,0,0,0,0,0,0,0,0,0,0,0,0,0,0,0,0,0,
1,8_4,10_51_25,6.3701,0,1,0,1.369627,Baseline,2.337,0.992,-1.001778,2.214235,359.0023,-1.668773E-09,0.0000,0.0000,0.0000,0.0000,0.0000,0.0000,0,0,,,,,,,0,0,0,0,0,0,0,0,0,0,0,0,0,0,0,0,0,0,0,0,0,0,0,0,0,0,0,0,0,0,0,0,0,0,0,0,0,0,0,0,0,0,0,0,0,0,0,0,0,0,0,
1,8_4,10_51_25,6.3733,0,1,0,1.372893,Baseline,2.337,0.992,-1.001778,2.214235,359.0023,-1.668773E-09,0.0000,0.0000,0.0000,0.0000,0.0000,0.0000,0,0,,,,,,,0,0,0,0,0,0,0,0,0,0,0,0,0,0,0,0,0,0,0,0,0,0,0,0,0,0,0,0,0,0,0,0,0,0,0,0,0,0,0,0,0,0,0,0,0,0,0,0,0,0,0,
1,8_4,10_51_25,6.3765,0,1,0,1.376069,Baseline,2.337,0.992,-1.001778,2.214235,359.0023,-1.668773E-09,0.0000,0.0000,0.0000,0.0000,0.0000,0.0000,0,0,,,,,,,0,0,0,0,0,0,0,0,0,0,0,0,0,0,0,0,0,0,0,0,0,0,0,0,0,0,0,0,0,0,0,0,0,0,0,0,0,0,0,0,0,0,0,0,0,0,0,0,0,0,0,
1,8_4,10_51_25,6.3798,0,1,0,1.379305,Baseline,2.337,0.992,-1.001778,2.214235,359.0023,-1.668773E-09,0.0000,0.0000,0.0000,0.0000,0.0000,0.0000,0,0,,,,,,,0,0,0,0,0,0,0,0,0,0,0,0,0,0,0,0,0,0,0,0,0,0,0,0,0,0,0,0,0,0,0,0,0,0,0,0,0,0,0,0,0,0,0,0,0,0,0,0,0,0,0,
1,8_4,10_51_25,6.3830,0,1,0,1.382518,Baseline,2.337,0.992,-1.001778,2.214235,359.0023,-1.668773E-09,0.0000,0.0000,0.0000,0.0000,0.0000,0.0000,0,0,,,,,,,0,0,0,0,0,0,0,0,0,0,0,0,0,0,0,0,0,0,0,0,0,0,0,0,0,0,0,0,0,0,0,0,0,0,0,0,0,0,0,0,0,0,0,0,0,0,0,0,0,0,0,
1,8_4,10_51_25,6.3863,0,1,0,1.385882,Baseline,2.337,0.992,-1.001778,2.214235,359.0023,-1.668773E-09,0.0000,0.0000,0.0000,0.0000,0.0000,0.0000,0,0,,,,,,,0,0,0,0,0,0,0,0,0,0,0,0,0,0,0,0,0,0,0,0,0,0,0,0,0,0,0,0,0,0,0,0,0,0,0,0,0,0,0,0,0,0,0,0,0,0,0,0,0,0,0,
1,8_4,10_51_25,6.3895,0,1,0,1.389043,Baseline,2.337,0.992,-1.001778,2.214235,359.0023,-1.668773E-09,0.0000,0.0000,0.0000,0.0000,0.0000,0.0000,0,0,,,,,,,0,0,0,0,0,0,0,0,0,0,0,0,0,0,0,0,0,0,0,0,0,0,0,0,0,0,0,0,0,0,0,0,0,0,0,0,0,0,0,0,0,0,0,0,0,0,0,0,0,0,0,
1,8_4,10_51_25,6.3928,0,1,0,1.392384,Baseline,2.337,0.992,-1.001778,2.214235,359.0023,-1.668773E-09,0.0000,0.0000,0.0000,0.0000,0.0000,0.0000,0,0,,,,,,,0,0,0,0,0,0,0,0,0,0,0,0,0,0,0,0,0,0,0,0,0,0,0,0,0,0,0,0,0,0,0,0,0,0,0,0,0,0,0,0,0,0,0,0,0,0,0,0,0,0,0,
1,8_4,10_51_25,6.3960,0,1,0,1.395566,Baseline,2.337,0.992,-1.001778,2.214235,359.0023,-1.668773E-09,0.0000,0.0000,0.0000,0.0000,0.0000,0.0000,0,0,,,,,,,0,0,0,0,0,0,0,0,0,0,0,0,0,0,0,0,0,0,0,0,0,0,0,0,0,0,0,0,0,0,0,0,0,0,0,0,0,0,0,0,0,0,0,0,0,0,0,0,0,0,0,
1,8_4,10_51_25,6.3992,0,1,0,1.398716,Baseline,2.337,0.992,-1.001778,2.214235,359.0023,-1.668773E-09,0.0000,0.0000,0.0000,0.0000,0.0000,0.0000,0,0,,,,,,,0,0,0,0,0,0,0,0,0,0,0,0,0,0,0,0,0,0,0,0,0,0,0,0,0,0,0,0,0,0,0,0,0,0,0,0,0,0,0,0,0,0,0,0,0,0,0,0,0,0,0,
1,8_4,10_51_25,6.4023,0,1,0,1.401872,Baseline,2.337,0.992,-1.001778,2.214235,359.0023,-1.668773E-09,0.0000,0.0000,0.0000,0.0000,0.0000,0.0000,0,0,,,,,,,0,0,0,0,0,0,0,0,0,0,0,0,0,0,0,0,0,0,0,0,0,0,0,0,0,0,0,0,0,0,0,0,0,0,0,0,0,0,0,0,0,0,0,0,0,0,0,0,0,0,0,
1,8_4,10_51_25,6.4059,0,1,0,1.40541,Baseline,2.337,0.992,-1.001778,2.214235,359.0023,-1.668773E-09,0.0000,0.0000,0.0000,0.0000,0.0000,0.0000,0,0,,,,,,,0,0,0,0,0,0,0,0,0,0,0,0,0,0,0,0,0,0,0,0,0,0,0,0,0,0,0,0,0,0,0,0,0,0,0,0,0,0,0,0,0,0,0,0,0,0,0,0,0,0,0,
1,8_4,10_51_25,6.4093,0,1,0,1.408831,Baseline,2.337,0.992,-1.001778,2.214235,359.0023,-1.668773E-09,0.0000,0.0000,0.0000,0.0000,0.0000,0.0000,0,0,,,,,,,0,0,0,0,0,0,0,0,0,0,0,0,0,0,0,0,0,0,0,0,0,0,0,0,0,0,0,0,0,0,0,0,0,0,0,0,0,0,0,0,0,0,0,0,0,0,0,0,0,0,0,
1,8_4,10_51_25,6.4125,0,1,0,1.412008,Baseline,2.337,0.992,-1.001778,2.214235,359.0023,-1.668773E-09,0.0000,0.0000,0.0000,0.0000,0.0000,0.0000,0,0,,,,,,,0,0,0,0,0,0,0,0,0,0,0,0,0,0,0,0,0,0,0,0,0,0,0,0,0,0,0,0,0,0,0,0,0,0,0,0,0,0,0,0,0,0,0,0,0,0,0,0,0,0,0,
1,8_4,10_51_25,6.4157,0,1,0,1.415214,Baseline,2.337,0.992,-1.001778,2.214235,359.0023,-1.668773E-09,0.0000,0.0000,0.0000,0.0000,0.0000,0.0000,0,0,,,,,,,0,0,0,0,0,0,0,0,0,0,0,0,0,0,0,0,0,0,0,0,0,0,0,0,0,0,0,0,0,0,0,0,0,0,0,0,0,0,0,0,0,0,0,0,0,0,0,0,0,0,0,
1,8_4,10_51_25,6.4189,0,1,0,1.418466,Baseline,2.337,0.992,-1.001778,2.214235,359.0023,-1.668773E-09,0.0000,0.0000,0.0000,0.0000,0.0000,0.0000,0,0,,,,,,,0,0,0,0,0,0,0,0,0,0,0,0,0,0,0,0,0,0,0,0,0,0,0,0,0,0,0,0,0,0,0,0,0,0,0,0,0,0,0,0,0,0,0,0,0,0,0,0,0,0,0,
1,8_4,10_51_25,6.4223,0,1,0,1.421813,Baseline,2.337,0.992,-1.001778,2.214235,359.0023,-1.668773E-09,0.0000,0.0000,0.0000,0.0000,0.0000,0.0000,0,0,,,,,,,0,0,0,0,0,0,0,0,0,0,0,0,0,0,0,0,0,0,0,0,0,0,0,0,0,0,0,0,0,0,0,0,0,0,0,0,0,0,0,0,0,0,0,0,0,0,0,0,0,0,0,
1,8_4,10_51_25,6.4258,0,1,0,1.425336,Baseline,2.337,0.992,-1.001778,2.214235,359.0023,-1.668773E-09,0.0000,0.0000,0.0000,0.0000,0.0000,0.0000,0,0,,,,,,,0,0,0,0,0,0,0,0,0,0,0,0,0,0,0,0,0,0,0,0,0,0,0,0,0,0,0,0,0,0,0,0,0,0,0,0,0,0,0,0,0,0,0,0,0,0,0,0,0,0,0,
1,8_4,10_51_25,6.4291,0,1,0,1.428626,Baseline,2.337,0.992,-1.001778,2.214235,359.0023,-1.668773E-09,0.0000,0.0000,0.0000,0.0000,0.0000,0.0000,0,0,,,,,,,0,0,0,0,0,0,0,0,0,0,0,0,0,0,0,0,0,0,0,0,0,0,0,0,0,0,0,0,0,0,0,0,0,0,0,0,0,0,0,0,0,0,0,0,0,0,0,0,0,0,0,
1,8_4,10_51_25,6.4323,0,1,0,1.431833,Baseline,2.337,0.992,-1.001778,2.214235,359.0023,-1.668773E-09,0.0000,0.0000,0.0000,0.0000,0.0000,0.0000,0,0,,,,,,,0,0,0,0,0,0,0,0,0,0,0,0,0,0,0,0,0,0,0,0,0,0,0,0,0,0,0,0,0,0,0,0,0,0,0,0,0,0,0,0,0,0,0,0,0,0,0,0,0,0,0,
1,8_4,10_51_25,6.4355,0,1,0,1.435037,Baseline,2.337,0.992,-1.001778,2.214235,359.0023,-1.668773E-09,0.0000,0.0000,0.0000,0.0000,0.0000,0.0000,0,0,,,,,,,0,0,0,0,0,0,0,0,0,0,0,0,0,0,0,0,0,0,0,0,0,0,0,0,0,0,0,0,0,0,0,0,0,0,0,0,0,0,0,0,0,0,0,0,0,0,0,0,0,0,0,
1,8_4,10_51_25,6.4388,0,1,0,1.438329,Baseline,2.337,0.992,-1.001778,2.214235,359.0023,-1.668773E-09,0.0000,0.0000,0.0000,0.0000,0.0000,0.0000,0,0,,,,,,,0,0,0,0,0,0,0,0,0,0,0,0,0,0,0,0,0,0,0,0,0,0,0,0,0,0,0,0,0,0,0,0,0,0,0,0,0,0,0,0,0,0,0,0,0,0,0,0,0,0,0,
1,8_4,10_51_25,6.4420,0,1,0,1.441535,Baseline,2.337,0.992,-1.001778,2.214235,359.0023,-1.668773E-09,0.0000,0.0000,0.0000,0.0000,0.0000,0.0000,0,0,,,,,,,0,0,0,0,0,0,0,0,0,0,0,0,0,0,0,0,0,0,0,0,0,0,0,0,0,0,0,0,0,0,0,0,0,0,0,0,0,0,0,0,0,0,0,0,0,0,0,0,0,0,0,
1,8_4,10_51_25,6.4453,0,1,0,1.444822,Baseline,2.337,0.992,-1.001778,2.214235,359.0023,-1.668773E-09,0.0000,0.0000,0.0000,0.0000,0.0000,0.0000,0,0,,,,,,,0,0,0,0,0,0,0,0,0,0,0,0,0,0,0,0,0,0,0,0,0,0,0,0,0,0,0,0,0,0,0,0,0,0,0,0,0,0,0,0,0,0,0,0,0,0,0,0,0,0,0,
1,8_4,10_51_25,6.4484,0,1,0,1.447981,Baseline,2.337,0.992,-1.001778,2.214235,359.0023,-1.668773E-09,0.0000,0.0000,0.0000,0.0000,0.0000,0.0000,0,0,,,,,,,0,0,0,0,0,0,0,0,0,0,0,0,0,0,0,0,0,0,0,0,0,0,0,0,0,0,0,0,0,0,0,0,0,0,0,0,0,0,0,0,0,0,0,0,0,0,0,0,0,0,0,
1,8_4,10_51_25,6.4516,0,1,0,1.451179,Baseline,2.337,0.992,-1.001778,2.214235,359.0023,-1.668773E-09,0.0000,0.0000,0.0000,0.0000,0.0000,0.0000,0,0,,,,,,,0,0,0,0,0,0,0,0,0,0,0,0,0,0,0,0,0,0,0,0,0,0,0,0,0,0,0,0,0,0,0,0,0,0,0,0,0,0,0,0,0,0,0,0,0,0,0,0,0,0,0,
1,8_4,10_51_25,6.4551,0,1,0,1.454614,Baseline,2.337,0.992,-1.001778,2.214235,359.0023,-1.668773E-09,0.0000,0.0000,0.0000,0.0000,0.0000,0.0000,0,0,,,,,,,0,0,0,0,0,0,0,0,0,0,0,0,0,0,0,0,0,0,0,0,0,0,0,0,0,0,0,0,0,0,0,0,0,0,0,0,0,0,0,0,0,0,0,0,0,0,0,0,0,0,0,
1,8_4,10_51_25,6.4594,0,1,0,1.458924,Baseline,2.337,0.992,-1.001778,2.214235,359.0023,-1.668773E-09,0.0000,0.0000,0.0000,0.0000,0.0000,0.0000,0,0,,,,,,,0,0,0,0,0,0,0,0,0,0,0,0,0,0,0,0,0,0,0,0,0,0,0,0,0,0,0,0,0,0,0,0,0,0,0,0,0,0,0,0,0,0,0,0,0,0,0,0,0,0,0,
1,8_4,10_51_25,6.4625,0,1,0,1.462099,Baseline,2.337,0.992,-1.001778,2.214235,359.0023,-1.668773E-09,0.0000,0.0000,0.0000,0.0000,0.0000,0.0000,0,0,,,,,,,0,0,0,0,0,0,0,0,0,0,0,0,0,0,0,0,0,0,0,0,0,0,0,0,0,0,0,0,0,0,0,0,0,0,0,0,0,0,0,0,0,0,0,0,0,0,0,0,0,0,0,
1,8_4,10_51_25,6.4657,0,1,0,1.465292,Baseline,2.337,0.992,-1.001778,2.214235,359.0023,-1.668773E-09,0.0000,0.0000,0.0000,0.0000,0.0000,0.0000,0,0,,,,,,,0,0,0,0,0,0,0,0,0,0,0,0,0,0,0,0,0,0,0,0,0,0,0,0,0,0,0,0,0,0,0,0,0,0,0,0,0,0,0,0,0,0,0,0,0,0,0,0,0,0,0,
1,8_4,10_51_25,6.4690,0,1,0,1.468534,Baseline,2.337,0.992,-1.001778,2.214235,359.0023,-1.668773E-09,0.0000,0.0000,0.0000,0.0000,0.0000,0.0000,0,0,,,,,,,0,0,0,0,0,0,0,0,0,0,0,0,0,0,0,0,0,0,0,0,0,0,0,0,0,0,0,0,0,0,0,0,0,0,0,0,0,0,0,0,0,0,0,0,0,0,0,0,0,0,0,
1,8_4,10_51_25,6.4724,0,1,0,1.471914,Baseline,2.337,0.992,-1.001778,2.214235,359.0023,-1.668773E-09,0.0000,0.0000,0.0000,0.0000,0.0000,0.0000,0,0,,,,,,,0,0,0,0,0,0,0,0,0,0,0,0,0,0,0,0,0,0,0,0,0,0,0,0,0,0,0,0,0,0,0,0,0,0,0,0,0,0,0,0,0,0,0,0,0,0,0,0,0,0,0,
1,8_4,10_51_25,6.4755,0,1,0,1.475088,Baseline,2.337,0.992,-1.001778,2.214235,359.0023,-1.668773E-09,0.0000,0.0000,0.0000,0.0000,0.0000,0.0000,0,0,,,,,,,0,0,0,0,0,0,0,0,0,0,0,0,0,0,0,0,0,0,0,0,0,0,0,0,0,0,0,0,0,0,0,0,0,0,0,0,0,0,0,0,0,0,0,0,0,0,0,0,0,0,0,
1,8_4,10_51_25,6.4788,0,1,0,1.478362,Baseline,2.337,0.992,-1.001778,2.214235,359.0023,-1.668773E-09,0.0000,0.0000,0.0000,0.0000,0.0000,0.0000,0,0,,,,,,,0,0,0,0,0,0,0,0,0,0,0,0,0,0,0,0,0,0,0,0,0,0,0,0,0,0,0,0,0,0,0,0,0,0,0,0,0,0,0,0,0,0,0,0,0,0,0,0,0,0,0,
1,8_4,10_51_25,6.4820,0,1,0,1.481506,Baseline,2.337,0.992,-1.001778,2.214235,359.0023,-1.668773E-09,0.0000,0.0000,0.0000,0.0000,0.0000,0.0000,0,0,,,,,,,0,0,0,0,0,0,0,0,0,0,0,0,0,0,0,0,0,0,0,0,0,0,0,0,0,0,0,0,0,0,0,0,0,0,0,0,0,0,0,0,0,0,0,0,0,0,0,0,0,0,0,
1,8_4,10_51_25,6.4853,0,1,0,1.484829,Baseline,2.337,0.992,-1.001778,2.214235,359.0023,-1.668773E-09,0.0000,0.0000,0.0000,0.0000,0.0000,0.0000,0,0,,,,,,,0,0,0,0,0,0,0,0,0,0,0,0,0,0,0,0,0,0,0,0,0,0,0,0,0,0,0,0,0,0,0,0,0,0,0,0,0,0,0,0,0,0,0,0,0,0,0,0,0,0,0,
1,8_4,10_51_25,6.4886,0,1,0,1.488149,Baseline,2.337,0.992,-1.001778,2.214235,359.0023,-1.668773E-09,0.0000,0.0000,0.0000,0.0000,0.0000,0.0000,0,0,,,,,,,0,0,0,0,0,0,0,0,0,0,0,0,0,0,0,0,0,0,0,0,0,0,0,0,0,0,0,0,0,0,0,0,0,0,0,0,0,0,0,0,0,0,0,0,0,0,0,0,0,0,0,
1,8_4,10_51_25,6.4918,0,1,0,1.491342,Baseline,2.337,0.992,-1.001778,2.214235,359.0023,-1.668773E-09,0.0000,0.0000,0.0000,0.0000,0.0000,0.0000,0,0,,,,,,,0,0,0,0,0,0,0,0,0,0,0,0,0,0,0,0,0,0,0,0,0,0,0,0,0,0,0,0,0,0,0,0,0,0,0,0,0,0,0,0,0,0,0,0,0,0,0,0,0,0,0,
1,8_4,10_51_25,6.4952,0,1,0,1.49471,Baseline,2.337,0.992,-1.001778,2.214235,359.0023,-1.668773E-09,0.0000,0.0000,0.0000,0.0000,0.0000,0.0000,0,0,,,,,,,0,0,0,0,0,0,0,0,0,0,0,0,0,0,0,0,0,0,0,0,0,0,0,0,0,0,0,0,0,0,0,0,0,0,0,0,0,0,0,0,0,0,0,0,0,0,0,0,0,0,0,
1,8_4,10_51_25,6.4983,0,1,0,1.497887,Baseline,2.337,0.992,-1.001778,2.214235,359.0023,-1.668773E-09,0.0000,0.0000,0.0000,0.0000,0.0000,0.0000,0,0,,,,,,,0,0,0,0,0,0,0,0,0,0,0,0,0,0,0,0,0,0,0,0,0,0,0,0,0,0,0,0,0,0,0,0,0,0,0,0,0,0,0,0,0,0,0,0,0,0,0,0,0,0,0,
1,8_4,10_51_25,6.5014,0,1,0,1.500996,Baseline,2.337,0.992,-1.001778,2.214235,359.0023,-1.668773E-09,0.0000,0.0000,0.0000,0.0000,0.0000,0.0000,0,0,,,,,,,0,0,0,0,0,0,0,0,0,0,0,0,0,0,0,0,0,0,0,0,0,0,0,0,0,0,0,0,0,0,0,0,0,0,0,0,0,0,0,0,0,0,0,0,0,0,0,0,0,0,0,
1,8_4,10_51_25,6.5050,0,1,0,1.504559,Baseline,2.337,0.992,-1.001778,2.214235,359.0023,-1.668773E-09,0.0000,0.0000,0.0000,0.0000,0.0000,0.0000,0,0,,,,,,,0,0,0,0,0,0,0,0,0,0,0,0,0,0,0,0,0,0,0,0,0,0,0,0,0,0,0,0,0,0,0,0,0,0,0,0,0,0,0,0,0,0,0,0,0,0,0,0,0,0,0,
1,8_4,10_51_25,6.5082,0,1,0,1.507767,Baseline,2.337,0.992,-1.001778,2.214235,359.0023,-1.668773E-09,0.0000,0.0000,0.0000,0.0000,0.0000,0.0000,0,0,,,,,,,0,0,0,0,0,0,0,0,0,0,0,0,0,0,0,0,0,0,0,0,0,0,0,0,0,0,0,0,0,0,0,0,0,0,0,0,0,0,0,0,0,0,0,0,0,0,0,0,0,0,0,
1,8_4,10_51_25,6.5114,0,1,0,1.510964,Baseline,2.337,0.992,-1.001778,2.214235,359.0023,-1.668773E-09,0.0000,0.0000,0.0000,0.0000,0.0000,0.0000,0,0,,,,,,,0,0,0,0,0,0,0,0,0,0,0,0,0,0,0,0,0,0,0,0,0,0,0,0,0,0,0,0,0,0,0,0,0,0,0,0,0,0,0,0,0,0,0,0,0,0,0,0,0,0,0,
1,8_4,10_51_25,6.5145,0,1,0,1.514041,Baseline,2.337,0.992,-1.001778,2.214235,359.0023,-1.668773E-09,0.0000,0.0000,0.0000,0.0000,0.0000,0.0000,0,0,,,,,,,0,0,0,0,0,0,0,0,0,0,0,0,0,0,0,0,0,0,0,0,0,0,0,0,0,0,0,0,0,0,0,0,0,0,0,0,0,0,0,0,0,0,0,0,0,0,0,0,0,0,0,
1,8_4,10_51_25,6.5177,0,1,0,1.517208,Baseline,2.337,0.992,-1.001778,2.214235,359.0023,-1.668773E-09,0.0000,0.0000,0.0000,0.0000,0.0000,0.0000,0,0,,,,,,,0,0,0,0,0,0,0,0,0,0,0,0,0,0,0,0,0,0,0,0,0,0,0,0,0,0,0,0,0,0,0,0,0,0,0,0,0,0,0,0,0,0,0,0,0,0,0,0,0,0,0,
1,8_4,10_51_25,6.5208,0,1,0,1.520342,Baseline,2.337,0.992,-1.001778,2.214235,359.0023,-1.668773E-09,0.0000,0.0000,0.0000,0.0000,0.0000,0.0000,0,0,,,,,,,0,0,0,0,0,0,0,0,0,0,0,0,0,0,0,0,0,0,0,0,0,0,0,0,0,0,0,0,0,0,0,0,0,0,0,0,0,0,0,0,0,0,0,0,0,0,0,0,0,0,0,
1,8_4,10_51_25,6.5241,0,1,0,1.523654,Baseline,2.337,0.992,-1.001778,2.214235,359.0023,-1.668773E-09,0.0000,0.0000,0.0000,0.0000,0.0000,0.0000,0,0,,,,,,,0,0,0,0,0,0,0,0,0,0,0,0,0,0,0,0,0,0,0,0,0,0,0,0,0,0,0,0,0,0,0,0,0,0,0,0,0,0,0,0,0,0,0,0,0,0,0,0,0,0,0,
1,8_4,10_51_25,6.5274,0,1,0,1.526932,Baseline,2.337,0.992,-1.001778,2.214235,359.0023,-1.668773E-09,0.0000,0.0000,0.0000,0.0000,0.0000,0.0000,0,0,,,,,,,0,0,0,0,0,0,0,0,0,0,0,0,0,0,0,0,0,0,0,0,0,0,0,0,0,0,0,0,0,0,0,0,0,0,0,0,0,0,0,0,0,0,0,0,0,0,0,0,0,0,0,
1,8_4,10_51_25,6.5306,0,1,0,1.530168,Baseline,2.337,0.992,-1.001778,2.214235,359.0023,-1.668773E-09,0.0000,0.0000,0.0000,0.0000,0.0000,0.0000,0,0,,,,,,,0,0,0,0,0,0,0,0,0,0,0,0,0,0,0,0,0,0,0,0,0,0,0,0,0,0,0,0,0,0,0,0,0,0,0,0,0,0,0,0,0,0,0,0,0,0,0,0,0,0,0,
1,8_4,10_51_25,6.5338,0,1,0,1.53335,Baseline,2.337,0.992,-1.001778,2.214235,359.0023,-1.668773E-09,0.0000,0.0000,0.0000,0.0000,0.0000,0.0000,0,0,,,,,,,0,0,0,0,0,0,0,0,0,0,0,0,0,0,0,0,0,0,0,0,0,0,0,0,0,0,0,0,0,0,0,0,0,0,0,0,0,0,0,0,0,0,0,0,0,0,0,0,0,0,0,
1,8_4,10_51_25,6.5371,0,1,0,1.536607,Baseline,2.337,0.992,-1.001778,2.214235,359.0023,-1.668773E-09,0.0000,0.0000,0.0000,0.0000,0.0000,0.0000,0,0,,,,,,,0,0,0,0,0,0,0,0,0,0,0,0,0,0,0,0,0,0,0,0,0,0,0,0,0,0,0,0,0,0,0,0,0,0,0,0,0,0,0,0,0,0,0,0,0,0,0,0,0,0,0,
1,8_4,10_51_25,6.5407,0,1,0,1.540255,Baseline,2.337,0.992,-1.001778,2.214235,359.0023,-1.668773E-09,0.0000,0.0000,0.0000,0.0000,0.0000,0.0000,0,0,,,,,,,0,0,0,0,0,0,0,0,0,0,0,0,0,0,0,0,0,0,0,0,0,0,0,0,0,0,0,0,0,0,0,0,0,0,0,0,0,0,0,0,0,0,0,0,0,0,0,0,0,0,0,
1,8_4,10_51_25,6.5440,0,1,0,1.543601,Baseline,2.337,0.992,-1.001778,2.214235,359.0023,-1.668773E-09,0.0000,0.0000,0.0000,0.0000,0.0000,0.0000,0,0,,,,,,,0,0,0,0,0,0,0,0,0,0,0,0,0,0,0,0,0,0,0,0,0,0,0,0,0,0,0,0,0,0,0,0,0,0,0,0,0,0,0,0,0,0,0,0,0,0,0,0,0,0,0,
1,8_4,10_51_25,6.5473,0,1,0,1.54684,Baseline,2.337,0.992,-1.001778,2.214235,359.0023,-1.668773E-09,0.0000,0.0000,0.0000,0.0000,0.0000,0.0000,0,0,,,,,,,0,0,0,0,0,0,0,0,0,0,0,0,0,0,0,0,0,0,0,0,0,0,0,0,0,0,0,0,0,0,0,0,0,0,0,0,0,0,0,0,0,0,0,0,0,0,0,0,0,0,0,
1,8_4,10_51_25,6.5504,0,1,0,1.549995,Baseline,2.337,0.992,-1.001778,2.214235,359.0023,-1.668773E-09,0.0000,0.0000,0.0000,0.0000,0.0000,0.0000,0,0,,,,,,,0,0,0,0,0,0,0,0,0,0,0,0,0,0,0,0,0,0,0,0,0,0,0,0,0,0,0,0,0,0,0,0,0,0,0,0,0,0,0,0,0,0,0,0,0,0,0,0,0,0,0,
1,8_4,10_51_25,6.5538,0,1,0,1.553341,Baseline,2.337,0.992,-1.001778,2.214235,359.0023,-1.668773E-09,0.0000,0.0000,0.0000,0.0000,0.0000,0.0000,0,0,,,,,,,0,0,0,0,0,0,0,0,0,0,0,0,0,0,0,0,0,0,0,0,0,0,0,0,0,0,0,0,0,0,0,0,0,0,0,0,0,0,0,0,0,0,0,0,0,0,0,0,0,0,0,
1,8_4,10_51_25,6.5570,0,1,0,1.556552,Baseline,2.337,0.992,-1.001778,2.214235,359.0023,-1.668773E-09,0.0000,0.0000,0.0000,0.0000,0.0000,0.0000,0,0,,,,,,,0,0,0,0,0,0,0,0,0,0,0,0,0,0,0,0,0,0,0,0,0,0,0,0,0,0,0,0,0,0,0,0,0,0,0,0,0,0,0,0,0,0,0,0,0,0,0,0,0,0,0,
1,8_4,10_51_25,6.5605,0,1,0,1.56003,Baseline,2.337,0.992,-1.001778,2.214235,359.0023,-1.668773E-09,0.0000,0.0000,0.0000,0.0000,0.0000,0.0000,0,0,,,,,,,0,0,0,0,0,0,0,0,0,0,0,0,0,0,0,0,0,0,0,0,0,0,0,0,0,0,0,0,0,0,0,0,0,0,0,0,0,0,0,0,0,0,0,0,0,0,0,0,0,0,0,
1,8_4,10_51_25,6.5638,0,1,0,1.563369,Baseline,2.337,0.992,-1.001778,2.214235,359.0023,-1.668773E-09,0.0000,0.0000,0.0000,0.0000,0.0000,0.0000,0,0,,,,,,,0,0,0,0,0,0,0,0,0,0,0,0,0,0,0,0,0,0,0,0,0,0,0,0,0,0,0,0,0,0,0,0,0,0,0,0,0,0,0,0,0,0,0,0,0,0,0,0,0,0,0,
1,8_4,10_51_25,6.5670,0,1,0,1.566603,Baseline,2.337,0.992,-1.001778,2.214235,359.0023,-1.668773E-09,0.0000,0.0000,0.0000,0.0000,0.0000,0.0000,0,0,,,,,,,0,0,0,0,0,0,0,0,0,0,0,0,0,0,0,0,0,0,0,0,0,0,0,0,0,0,0,0,0,0,0,0,0,0,0,0,0,0,0,0,0,0,0,0,0,0,0,0,0,0,0,
1,8_4,10_51_25,6.5703,0,1,0,1.569884,Baseline,2.337,0.992,-1.001778,2.214235,359.0023,-1.668773E-09,0.0000,0.0000,0.0000,0.0000,0.0000,0.0000,0,0,,,,,,,0,0,0,0,0,0,0,0,0,0,0,0,0,0,0,0,0,0,0,0,0,0,0,0,0,0,0,0,0,0,0,0,0,0,0,0,0,0,0,0,0,0,0,0,0,0,0,0,0,0,0,
1,8_4,10_51_25,6.5740,0,1,0,1.573508,Baseline,2.337,0.992,-1.001778,2.214235,359.0023,-1.668773E-09,0.0000,0.0000,0.0000,0.0000,0.0000,0.0000,0,0,,,,,,,0,0,0,0,0,0,0,0,0,0,0,0,0,0,0,0,0,0,0,0,0,0,0,0,0,0,0,0,0,0,0,0,0,0,0,0,0,0,0,0,0,0,0,0,0,0,0,0,0,0,0,
1,8_4,10_51_25,6.5773,0,1,0,1.576863,Baseline,2.337,0.992,-1.001778,2.214235,359.0023,-1.668773E-09,0.0000,0.0000,0.0000,0.0000,0.0000,0.0000,0,0,,,,,,,0,0,0,0,0,0,0,0,0,0,0,0,0,0,0,0,0,0,0,0,0,0,0,0,0,0,0,0,0,0,0,0,0,0,0,0,0,0,0,0,0,0,0,0,0,0,0,0,0,0,0,
1,8_4,10_51_25,6.5805,0,1,0,1.580027,Baseline,2.337,0.992,-1.001778,2.214235,359.0023,-1.668773E-09,0.0000,0.0000,0.0000,0.0000,0.0000,0.0000,0,0,,,,,,,0,0,0,0,0,0,0,0,0,0,0,0,0,0,0,0,0,0,0,0,0,0,0,0,0,0,0,0,0,0,0,0,0,0,0,0,0,0,0,0,0,0,0,0,0,0,0,0,0,0,0,
1,8_4,10_51_25,6.5837,0,1,0,1.583275,Baseline,2.337,0.992,-1.001778,2.214235,359.0023,-1.668773E-09,0.0000,0.0000,0.0000,0.0000,0.0000,0.0000,0,0,,,,,,,0,0,0,0,0,0,0,0,0,0,0,0,0,0,0,0,0,0,0,0,0,0,0,0,0,0,0,0,0,0,0,0,0,0,0,0,0,0,0,0,0,0,0,0,0,0,0,0,0,0,0,
1,8_4,10_51_25,6.5870,0,1,0,1.586526,Baseline,2.337,0.992,-1.001778,2.214235,359.0023,-1.668773E-09,0.0000,0.0000,0.0000,0.0000,0.0000,0.0000,0,0,,,,,,,0,0,0,0,0,0,0,0,0,0,0,0,0,0,0,0,0,0,0,0,0,0,0,0,0,0,0,0,0,0,0,0,0,0,0,0,0,0,0,0,0,0,0,0,0,0,0,0,0,0,0,
1,8_4,10_51_25,6.5902,0,1,0,1.589712,Baseline,2.337,0.992,-1.001778,2.214235,359.0023,-1.668773E-09,0.0000,0.0000,0.0000,0.0000,0.0000,0.0000,0,0,,,,,,,0,0,0,0,0,0,0,0,0,0,0,0,0,0,0,0,0,0,0,0,0,0,0,0,0,0,0,0,0,0,0,0,0,0,0,0,0,0,0,0,0,0,0,0,0,0,0,0,0,0,0,
1,8_4,10_51_25,6.5934,0,1,0,1.593001,Baseline,2.337,0.992,-1.001778,2.214235,359.0023,-1.668773E-09,0.0000,0.0000,0.0000,0.0000,0.0000,0.0000,0,0,,,,,,,0,0,0,0,0,0,0,0,0,0,0,0,0,0,0,0,0,0,0,0,0,0,0,0,0,0,0,0,0,0,0,0,0,0,0,0,0,0,0,0,0,0,0,0,0,0,0,0,0,0,0,
1,8_4,10_51_25,6.5968,0,1,0,1.596345,Baseline,2.337,0.992,-1.001778,2.214235,359.0023,-1.668773E-09,0.0000,0.0000,0.0000,0.0000,0.0000,0.0000,0,0,,,,,,,0,0,0,0,0,0,0,0,0,0,0,0,0,0,0,0,0,0,0,0,0,0,0,0,0,0,0,0,0,0,0,0,0,0,0,0,0,0,0,0,0,0,0,0,0,0,0,0,0,0,0,
1,8_4,10_51_25,6.6000,0,1,0,1.599537,Baseline,2.337,0.992,-1.001778,2.214235,359.0023,-1.668773E-09,0.0000,0.0000,0.0000,0.0000,0.0000,0.0000,0,0,,,,,,,0,0,0,0,0,0,0,0,0,0,0,0,0,0,0,0,0,0,0,0,0,0,0,0,0,0,0,0,0,0,0,0,0,0,0,0,0,0,0,0,0,0,0,0,0,0,0,0,0,0,0,
1,8_4,10_51_25,6.6031,0,1,0,1.602682,Baseline,2.337,0.992,-1.001778,2.214235,359.0023,-1.668773E-09,0.0000,0.0000,0.0000,0.0000,0.0000,0.0000,0,0,,,,,,,0,0,0,0,0,0,0,0,0,0,0,0,0,0,0,0,0,0,0,0,0,0,0,0,0,0,0,0,0,0,0,0,0,0,0,0,0,0,0,0,0,0,0,0,0,0,0,0,0,0,0,
1,8_4,10_51_25,6.6063,0,1,0,1.605892,Baseline,2.337,0.992,-1.001778,2.214235,359.0023,-1.668773E-09,0.0000,0.0000,0.0000,0.0000,0.0000,0.0000,0,0,,,,,,,0,0,0,0,0,0,0,0,0,0,0,0,0,0,0,0,0,0,0,0,0,0,0,0,0,0,0,0,0,0,0,0,0,0,0,0,0,0,0,0,0,0,0,0,0,0,0,0,0,0,0,
1,8_4,10_51_25,6.6095,0,1,0,1.609081,Baseline,2.337,0.992,-1.001778,2.214235,359.0023,-1.668773E-09,0.0000,0.0000,0.0000,0.0000,0.0000,0.0000,0,0,,,,,,,0,0,0,0,0,0,0,0,0,0,0,0,0,0,0,0,0,0,0,0,0,0,0,0,0,0,0,0,0,0,0,0,0,0,0,0,0,0,0,0,0,0,0,0,0,0,0,0,0,0,0,
1,8_4,10_51_25,6.6127,0,1,0,1.612245,Baseline,2.337,0.992,-1.001778,2.214235,359.0023,-1.668773E-09,0.0000,0.0000,0.0000,0.0000,0.0000,0.0000,0,0,,,,,,,0,0,0,0,0,0,0,0,0,0,0,0,0,0,0,0,0,0,0,0,0,0,0,0,0,0,0,0,0,0,0,0,0,0,0,0,0,0,0,0,0,0,0,0,0,0,0,0,0,0,0,
1,8_4,10_51_25,6.6159,0,1,0,1.615471,Baseline,2.337,0.992,-1.001778,2.214235,359.0023,-1.668773E-09,0.0000,0.0000,0.0000,0.0000,0.0000,0.0000,0,0,,,,,,,0,0,0,0,0,0,0,0,0,0,0,0,0,0,0,0,0,0,0,0,0,0,0,0,0,0,0,0,0,0,0,0,0,0,0,0,0,0,0,0,0,0,0,0,0,0,0,0,0,0,0,
1,8_4,10_51_25,6.6191,0,1,0,1.61868,Baseline,2.337,0.992,-1.001778,2.214235,359.0023,-1.668773E-09,0.0000,0.0000,0.0000,0.0000,0.0000,0.0000,0,0,,,,,,,0,0,0,0,0,0,0,0,0,0,0,0,0,0,0,0,0,0,0,0,0,0,0,0,0,0,0,0,0,0,0,0,0,0,0,0,0,0,0,0,0,0,0,0,0,0,0,0,0,0,0,
1,8_4,10_51_25,6.6223,0,1,0,1.621888,Baseline,2.337,0.992,-1.001778,2.214235,359.0023,-1.668773E-09,0.0000,0.0000,0.0000,0.0000,0.0000,0.0000,0,0,,,,,,,0,0,0,0,0,0,0,0,0,0,0,0,0,0,0,0,0,0,0,0,0,0,0,0,0,0,0,0,0,0,0,0,0,0,0,0,0,0,0,0,0,0,0,0,0,0,0,0,0,0,0,
1,8_4,10_51_25,6.6258,0,1,0,1.625331,Baseline,2.337,0.992,-1.001778,2.214235,359.0023,-1.668773E-09,0.0000,0.0000,0.0000,0.0000,0.0000,0.0000,0,0,,,,,,,0,0,0,0,0,0,0,0,0,0,0,0,0,0,0,0,0,0,0,0,0,0,0,0,0,0,0,0,0,0,0,0,0,0,0,0,0,0,0,0,0,0,0,0,0,0,0,0,0,0,0,
1,8_4,10_51_25,6.6290,0,1,0,1.628524,Baseline,2.337,0.992,-1.001778,2.214235,359.0023,-1.668773E-09,0.0000,0.0000,0.0000,0.0000,0.0000,0.0000,0,0,,,,,,,0,0,0,0,0,0,0,0,0,0,0,0,0,0,0,0,0,0,0,0,0,0,0,0,0,0,0,0,0,0,0,0,0,0,0,0,0,0,0,0,0,0,0,0,0,0,0,0,0,0,0,
1,8_4,10_51_25,6.6323,0,1,0,1.631828,Baseline,2.337,0.992,-1.001778,2.214235,359.0023,-1.668773E-09,0.0000,0.0000,0.0000,0.0000,0.0000,0.0000,0,0,,,,,,,0,0,0,0,0,0,0,0,0,0,0,0,0,0,0,0,0,0,0,0,0,0,0,0,0,0,0,0,0,0,0,0,0,0,0,0,0,0,0,0,0,0,0,0,0,0,0,0,0,0,0,
1,8_4,10_51_25,6.6354,0,1,0,1.634973,Baseline,2.337,0.992,-1.001778,2.214235,359.0023,-1.668773E-09,0.0000,0.0000,0.0000,0.0000,0.0000,0.0000,0,0,,,,,,,0,0,0,0,0,0,0,0,0,0,0,0,0,0,0,0,0,0,0,0,0,0,0,0,0,0,0,0,0,0,0,0,0,0,0,0,0,0,0,0,0,0,0,0,0,0,0,0,0,0,0,
1,8_4,10_51_25,6.6386,0,1,0,1.638177,Baseline,2.337,0.992,-1.001778,2.214235,359.0023,-1.668773E-09,0.0000,0.0000,0.0000,0.0000,0.0000,0.0000,0,0,,,,,,,0,0,0,0,0,0,0,0,0,0,0,0,0,0,0,0,0,0,0,0,0,0,0,0,0,0,0,0,0,0,0,0,0,0,0,0,0,0,0,0,0,0,0,0,0,0,0,0,0,0,0,
1,8_4,10_51_25,6.6419,0,1,0,1.641431,Baseline,2.337,0.992,-1.001778,2.214235,359.0023,-1.668773E-09,0.0000,0.0000,0.0000,0.0000,0.0000,0.0000,0,0,,,,,,,0,0,0,0,0,0,0,0,0,0,0,0,0,0,0,0,0,0,0,0,0,0,0,0,0,0,0,0,0,0,0,0,0,0,0,0,0,0,0,0,0,0,0,0,0,0,0,0,0,0,0,
1,8_4,10_51_26,6.6453,0,1,0,1.644814,Baseline,2.337,0.992,-1.001778,2.214235,359.0023,-1.668773E-09,0.0000,0.0000,0.0000,0.0000,0.0000,0.0000,0,0,,,,,,,0,0,0,0,0,0,0,0,0,0,0,0,0,0,0,0,0,0,0,0,0,0,0,0,0,0,0,0,0,0,0,0,0,0,0,0,0,0,0,0,0,0,0,0,0,0,0,0,0,0,0,
1,8_4,10_51_26,6.6490,0,1,0,1.648583,Baseline,2.337,0.992,-1.001778,2.214235,359.0023,-1.668773E-09,0.0000,0.0000,0.0000,0.0000,0.0000,0.0000,0,0,,,,,,,0,0,0,0,0,0,0,0,0,0,0,0,0,0,0,0,0,0,0,0,0,0,0,0,0,0,0,0,0,0,0,0,0,0,0,0,0,0,0,0,0,0,0,0,0,0,0,0,0,0,0,
1,8_4,10_51_26,6.6522,0,1,0,1.65173,Baseline,2.337,0.992,-1.001778,2.214235,359.0023,-1.668773E-09,0.0000,0.0000,0.0000,0.0000,0.0000,0.0000,0,0,,,,,,,0,0,0,0,0,0,0,0,0,0,0,0,0,0,0,0,0,0,0,0,0,0,0,0,0,0,0,0,0,0,0,0,0,0,0,0,0,0,0,0,0,0,0,0,0,0,0,0,0,0,0,
1,8_4,10_51_26,6.6556,0,1,0,1.655188,Baseline,2.337,0.992,-1.001778,2.214235,359.0023,-1.668773E-09,0.0000,0.0000,0.0000,0.0000,0.0000,0.0000,0,0,,,,,,,0,0,0,0,0,0,0,0,0,0,0,0,0,0,0,0,0,0,0,0,0,0,0,0,0,0,0,0,0,0,0,0,0,0,0,0,0,0,0,0,0,0,0,0,0,0,0,0,0,0,0,
1,8_4,10_51_26,6.6606,0,1,0,1.660104,Baseline,2.337,0.992,-1.001778,2.214235,359.0023,-1.668773E-09,0.0000,0.0000,0.0000,0.0000,0.0000,0.0000,0,0,,,,,,,0,0,0,0,0,0,0,0,0,0,0,0,0,0,0,0,0,0,0,0,0,0,0,0,0,0,0,0,0,0,0,0,0,0,0,0,0,0,0,0,0,0,0,0,0,0,0,0,0,0,0,
1,8_4,10_51_26,6.6638,0,1,0,1.66333,Baseline,2.337,0.992,-1.001778,2.214235,359.0023,-1.668773E-09,0.0000,0.0000,0.0000,0.0000,0.0000,0.0000,0,0,,,,,,,0,0,0,0,0,0,0,0,0,0,0,0,0,0,0,0,0,0,0,0,0,0,0,0,0,0,0,0,0,0,0,0,0,0,0,0,0,0,0,0,0,0,0,0,0,0,0,0,0,0,0,
1,8_4,10_51_26,6.6670,0,1,0,1.66652,Baseline,2.337,0.992,-1.001778,2.214235,359.0023,-1.668773E-09,0.0000,0.0000,0.0000,0.0000,0.0000,0.0000,0,0,,,,,,,0,0,0,0,0,0,0,0,0,0,0,0,0,0,0,0,0,0,0,0,0,0,0,0,0,0,0,0,0,0,0,0,0,0,0,0,0,0,0,0,0,0,0,0,0,0,0,0,0,0,0,
1,8_4,10_51_26,6.6702,0,1,0,1.669714,Baseline,2.337,0.992,-1.001778,2.214235,359.0023,-1.668773E-09,0.0000,0.0000,0.0000,0.0000,0.0000,0.0000,0,0,,,,,,,0,0,0,0,0,0,0,0,0,0,0,0,0,0,0,0,0,0,0,0,0,0,0,0,0,0,0,0,0,0,0,0,0,0,0,0,0,0,0,0,0,0,0,0,0,0,0,0,0,0,0,
1,8_4,10_51_26,6.6735,0,1,0,1.673039,Baseline,2.337,0.992,-1.001778,2.214235,359.0023,-1.668773E-09,0.0000,0.0000,0.0000,0.0000,0.0000,0.0000,0,0,,,,,,,0,0,0,0,0,0,0,0,0,0,0,0,0,0,0,0,0,0,0,0,0,0,0,0,0,0,0,0,0,0,0,0,0,0,0,0,0,0,0,0,0,0,0,0,0,0,0,0,0,0,0,
1,8_4,10_51_26,6.6768,0,1,0,1.676365,Baseline,2.337,0.992,-1.001778,2.214235,359.0023,-1.668773E-09,0.0000,0.0000,0.0000,0.0000,0.0000,0.0000,0,0,,,,,,,0,0,0,0,0,0,0,0,0,0,0,0,0,0,0,0,0,0,0,0,0,0,0,0,0,0,0,0,0,0,0,0,0,0,0,0,0,0,0,0,0,0,0,0,0,0,0,0,0,0,0,
1,8_4,10_51_26,6.6800,0,1,0,1.67952,Baseline,2.337,0.992,-1.001778,2.214235,359.0023,-1.668773E-09,0.0000,0.0000,0.0000,0.0000,0.0000,0.0000,0,0,,,,,,,0,0,0,0,0,0,0,0,0,0,0,0,0,0,0,0,0,0,0,0,0,0,0,0,0,0,0,0,0,0,0,0,0,0,0,0,0,0,0,0,0,0,0,0,0,0,0,0,0,0,0,
1,8_4,10_51_26,6.6831,0,1,0,1.682698,Baseline,2.337,0.992,-1.001778,2.214235,359.0023,-1.668773E-09,0.0000,0.0000,0.0000,0.0000,0.0000,0.0000,0,0,,,,,,,0,0,0,0,0,0,0,0,0,0,0,0,0,0,0,0,0,0,0,0,0,0,0,0,0,0,0,0,0,0,0,0,0,0,0,0,0,0,0,0,0,0,0,0,0,0,0,0,0,0,0,
1,8_4,10_51_26,6.6865,0,1,0,1.686087,Baseline,2.337,0.992,-1.001778,2.214235,359.0023,-1.668773E-09,0.0000,0.0000,0.0000,0.0000,0.0000,0.0000,0,0,,,,,,,0,0,0,0,0,0,0,0,0,0,0,0,0,0,0,0,0,0,0,0,0,0,0,0,0,0,0,0,0,0,0,0,0,0,0,0,0,0,0,0,0,0,0,0,0,0,0,0,0,0,0,
1,8_4,10_51_26,6.6898,0,1,0,1.689321,Baseline,2.337,0.992,-1.001778,2.214235,359.0023,-1.668773E-09,0.0000,0.0000,0.0000,0.0000,0.0000,0.0000,0,0,,,,,,,0,0,0,0,0,0,0,0,0,0,0,0,0,0,0,0,0,0,0,0,0,0,0,0,0,0,0,0,0,0,0,0,0,0,0,0,0,0,0,0,0,0,0,0,0,0,0,0,0,0,0,
1,8_4,10_51_26,6.6930,0,1,0,1.69251,Baseline,2.337,0.992,-1.001778,2.214235,359.0023,-1.668773E-09,0.0000,0.0000,0.0000,0.0000,0.0000,0.0000,0,0,,,,,,,0,0,0,0,0,0,0,0,0,0,0,0,0,0,0,0,0,0,0,0,0,0,0,0,0,0,0,0,0,0,0,0,0,0,0,0,0,0,0,0,0,0,0,0,0,0,0,0,0,0,0,
1,8_4,10_51_26,6.6963,0,1,0,1.695861,Baseline,2.337,0.992,-1.001778,2.214235,359.0023,-1.668773E-09,0.0000,0.0000,0.0000,0.0000,0.0000,0.0000,0,0,,,,,,,0,0,0,0,0,0,0,0,0,0,0,0,0,0,0,0,0,0,0,0,0,0,0,0,0,0,0,0,0,0,0,0,0,0,0,0,0,0,0,0,0,0,0,0,0,0,0,0,0,0,0,
1,8_4,10_51_26,6.6995,0,1,0,1.699023,Baseline,2.337,0.992,-1.001778,2.214235,359.0023,-1.668773E-09,0.0000,0.0000,0.0000,0.0000,0.0000,0.0000,0,0,,,,,,,0,0,0,0,0,0,0,0,0,0,0,0,0,0,0,0,0,0,0,0,0,0,0,0,0,0,0,0,0,0,0,0,0,0,0,0,0,0,0,0,0,0,0,0,0,0,0,0,0,0,0,
1,8_4,10_51_26,6.7027,0,1,0,1.702284,Baseline,2.337,0.992,-1.001778,2.214235,359.0023,-1.668773E-09,0.0000,0.0000,0.0000,0.0000,0.0000,0.0000,0,0,,,,,,,0,0,0,0,0,0,0,0,0,0,0,0,0,0,0,0,0,0,0,0,0,0,0,0,0,0,0,0,0,0,0,0,0,0,0,0,0,0,0,0,0,0,0,0,0,0,0,0,0,0,0,
1,8_4,10_51_26,6.7062,0,1,0,1.705707,Baseline,2.337,0.992,-1.001778,2.214235,359.0023,-1.668773E-09,0.0000,0.0000,0.0000,0.0000,0.0000,0.0000,0,0,,,,,,,0,0,0,0,0,0,0,0,0,0,0,0,0,0,0,0,0,0,0,0,0,0,0,0,0,0,0,0,0,0,0,0,0,0,0,0,0,0,0,0,0,0,0,0,0,0,0,0,0,0,0,
1,8_4,10_51_26,6.7095,0,1,0,1.70904,Baseline,2.337,0.992,-1.001778,2.214235,359.0023,-1.668773E-09,0.0000,0.0000,0.0000,0.0000,0.0000,0.0000,0,0,,,,,,,0,0,0,0,0,0,0,0,0,0,0,0,0,0,0,0,0,0,0,0,0,0,0,0,0,0,0,0,0,0,0,0,0,0,0,0,0,0,0,0,0,0,0,0,0,0,0,0,0,0,0,
1,8_4,10_51_26,6.7127,0,1,0,1.712222,Baseline,2.337,0.992,-1.001778,2.214235,359.0023,-1.668773E-09,0.0000,0.0000,0.0000,0.0000,0.0000,0.0000,0,0,,,,,,,0,0,0,0,0,0,0,0,0,0,0,0,0,0,0,0,0,0,0,0,0,0,0,0,0,0,0,0,0,0,0,0,0,0,0,0,0,0,0,0,0,0,0,0,0,0,0,0,0,0,0,
1,8_4,10_51_26,6.7160,0,1,0,1.715589,Baseline,2.337,0.992,-1.001778,2.214235,359.0023,-1.668773E-09,0.0000,0.0000,0.0000,0.0000,0.0000,0.0000,0,0,,,,,,,0,0,0,0,0,0,0,0,0,0,0,0,0,0,0,0,0,0,0,0,0,0,0,0,0,0,0,0,0,0,0,0,0,0,0,0,0,0,0,0,0,0,0,0,0,0,0,0,0,0,0,
1,8_4,10_51_26,6.7192,0,1,0,1.718739,Baseline,2.337,0.992,-1.001778,2.214235,359.0023,-1.668773E-09,0.0000,0.0000,0.0000,0.0000,0.0000,0.0000,0,0,,,,,,,0,0,0,0,0,0,0,0,0,0,0,0,0,0,0,0,0,0,0,0,0,0,0,0,0,0,0,0,0,0,0,0,0,0,0,0,0,0,0,0,0,0,0,0,0,0,0,0,0,0,0,
1,8_4,10_51_26,6.7224,0,1,0,1.722003,Baseline,2.337,0.992,-1.001778,2.214235,359.0023,-1.668773E-09,0.0000,0.0000,0.0000,0.0000,0.0000,0.0000,0,0,,,,,,,0,0,0,0,0,0,0,0,0,0,0,0,0,0,0,0,0,0,0,0,0,0,0,0,0,0,0,0,0,0,0,0,0,0,0,0,0,0,0,0,0,0,0,0,0,0,0,0,0,0,0,
1,8_4,10_51_26,6.7259,0,1,0,1.725416,Baseline,2.337,0.992,-1.001778,2.214235,359.0023,-1.668773E-09,0.0000,0.0000,0.0000,0.0000,0.0000,0.0000,0,0,,,,,,,0,0,0,0,0,0,0,0,0,0,0,0,0,0,0,0,0,0,0,0,0,0,0,0,0,0,0,0,0,0,0,0,0,0,0,0,0,0,0,0,0,0,0,0,0,0,0,0,0,0,0,
1,8_4,10_51_26,6.7290,0,1,0,1.728602,Baseline,2.337,0.992,-1.001778,2.214235,359.0023,-1.668773E-09,0.0000,0.0000,0.0000,0.0000,0.0000,0.0000,0,0,,,,,,,0,0,0,0,0,0,0,0,0,0,0,0,0,0,0,0,0,0,0,0,0,0,0,0,0,0,0,0,0,0,0,0,0,0,0,0,0,0,0,0,0,0,0,0,0,0,0,0,0,0,0,
1,8_4,10_51_26,6.7324,0,1,0,1.731979,Baseline,2.337,0.992,-1.001778,2.214235,359.0023,-1.668773E-09,0.0000,0.0000,0.0000,0.0000,0.0000,0.0000,0,0,,,,,,,0,0,0,0,0,0,0,0,0,0,0,0,0,0,0,0,0,0,0,0,0,0,0,0,0,0,0,0,0,0,0,0,0,0,0,0,0,0,0,0,0,0,0,0,0,0,0,0,0,0,0,
1,8_4,10_51_26,6.7364,0,1,0,1.735991,Baseline,2.337,0.992,-1.001778,2.214235,359.0023,-1.668773E-09,0.0000,0.0000,0.0000,0.0000,0.0000,0.0000,0,0,,,,,,,0,0,0,0,0,0,0,0,0,0,0,0,0,0,0,0,0,0,0,0,0,0,0,0,0,0,0,0,0,0,0,0,0,0,0,0,0,0,0,0,0,0,0,0,0,0,0,0,0,0,0,
1,8_4,10_51_26,6.7397,0,1,0,1.73922,Baseline,2.337,0.992,-1.001778,2.214235,359.0023,-1.668773E-09,0.0000,0.0000,0.0000,0.0000,0.0000,0.0000,0,0,,,,,,,0,0,0,0,0,0,0,0,0,0,0,0,0,0,0,0,0,0,0,0,0,0,0,0,0,0,0,0,0,0,0,0,0,0,0,0,0,0,0,0,0,0,0,0,0,0,0,0,0,0,0,
1,8_4,10_51_26,6.7429,0,1,0,1.742455,Baseline,2.337,0.992,-1.001778,2.214235,359.0023,-1.668773E-09,0.0000,0.0000,0.0000,0.0000,0.0000,0.0000,0,0,,,,,,,0,0,0,0,0,0,0,0,0,0,0,0,0,0,0,0,0,0,0,0,0,0,0,0,0,0,0,0,0,0,0,0,0,0,0,0,0,0,0,0,0,0,0,0,0,0,0,0,0,0,0,
1,8_4,10_51_26,6.7463,0,1,0,1.745823,Baseline,2.337,0.992,-1.001778,2.214235,359.0023,-1.668773E-09,0.0000,0.0000,0.0000,0.0000,0.0000,0.0000,0,0,,,,,,,0,0,0,0,0,0,0,0,0,0,0,0,0,0,0,0,0,0,0,0,0,0,0,0,0,0,0,0,0,0,0,0,0,0,0,0,0,0,0,0,0,0,0,0,0,0,0,0,0,0,0,
1,8_4,10_51_26,6.7496,0,1,0,1.749174,Baseline,2.337,0.992,-1.001778,2.214235,359.0023,-1.668773E-09,0.0000,0.0000,0.0000,0.0000,0.0000,0.0000,0,0,,,,,,,0,0,0,0,0,0,0,0,0,0,0,0,0,0,0,0,0,0,0,0,0,0,0,0,0,0,0,0,0,0,0,0,0,0,0,0,0,0,0,0,0,0,0,0,0,0,0,0,0,0,0,
1,8_4,10_51_26,6.7529,0,1,0,1.752438,Baseline,2.337,0.992,-1.001778,2.214235,359.0023,-1.668773E-09,0.0000,0.0000,0.0000,0.0000,0.0000,0.0000,0,0,,,,,,,0,0,0,0,0,0,0,0,0,0,0,0,0,0,0,0,0,0,0,0,0,0,0,0,0,0,0,0,0,0,0,0,0,0,0,0,0,0,0,0,0,0,0,0,0,0,0,0,0,0,0,
1,8_4,10_51_26,6.7561,0,1,0,1.755691,Baseline,2.337,0.992,-1.001778,2.214235,359.0023,-1.668773E-09,0.0000,0.0000,0.0000,0.0000,0.0000,0.0000,0,0,,,,,,,0,0,0,0,0,0,0,0,0,0,0,0,0,0,0,0,0,0,0,0,0,0,0,0,0,0,0,0,0,0,0,0,0,0,0,0,0,0,0,0,0,0,0,0,0,0,0,0,0,0,0,
1,8_4,10_51_26,6.7593,0,1,0,1.758853,Baseline,2.337,0.992,-1.001778,2.214235,359.0023,-1.668773E-09,0.0000,0.0000,0.0000,0.0000,0.0000,0.0000,0,0,,,,,,,0,0,0,0,0,0,0,0,0,0,0,0,0,0,0,0,0,0,0,0,0,0,0,0,0,0,0,0,0,0,0,0,0,0,0,0,0,0,0,0,0,0,0,0,0,0,0,0,0,0,0,
1,8_4,10_51_26,6.7625,0,1,0,1.762092,Baseline,2.337,0.992,-1.001778,2.214235,359.0023,-1.668773E-09,0.0000,0.0000,0.0000,0.0000,0.0000,0.0000,0,0,,,,,,,0,0,0,0,0,0,0,0,0,0,0,0,0,0,0,0,0,0,0,0,0,0,0,0,0,0,0,0,0,0,0,0,0,0,0,0,0,0,0,0,0,0,0,0,0,0,0,0,0,0,0,
1,8_4,10_51_26,6.7659,0,1,0,1.765461,Baseline,2.337,0.992,-1.001778,2.214235,359.0023,-1.668773E-09,0.0000,0.0000,0.0000,0.0000,0.0000,0.0000,0,0,,,,,,,0,0,0,0,0,0,0,0,0,0,0,0,0,0,0,0,0,0,0,0,0,0,0,0,0,0,0,0,0,0,0,0,0,0,0,0,0,0,0,0,0,0,0,0,0,0,0,0,0,0,0,
1,8_4,10_51_26,6.7740,0,1,0,1.773602,Baseline,2.337,0.992,-1.001778,2.214235,359.0023,-1.668773E-09,0.0000,0.0000,0.0000,0.0000,0.0000,0.0000,0,0,,,,,,,0,0,0,0,0,0,0,0,0,0,0,0,0,0,0,0,0,0,0,0,0,0,0,0,0,0,0,0,0,0,0,0,0,0,0,0,0,0,0,0,0,0,0,0,0,0,0,0,0,0,0,
1,8_4,10_51_26,6.7773,0,1,0,1.776811,Baseline,2.337,0.992,-1.001778,2.214235,359.0023,-1.668773E-09,0.0000,0.0000,0.0000,0.0000,0.0000,0.0000,0,0,,,,,,,0,0,0,0,0,0,0,0,0,0,0,0,0,0,0,0,0,0,0,0,0,0,0,0,0,0,0,0,0,0,0,0,0,0,0,0,0,0,0,0,0,0,0,0,0,0,0,0,0,0,0,
1,8_4,10_51_26,6.7806,0,1,0,1.780115,Baseline,2.337,0.992,-1.001778,2.214235,359.0023,-1.668773E-09,0.0000,0.0000,0.0000,0.0000,0.0000,0.0000,0,0,,,,,,,0,0,0,0,0,0,0,0,0,0,0,0,0,0,0,0,0,0,0,0,0,0,0,0,0,0,0,0,0,0,0,0,0,0,0,0,0,0,0,0,0,0,0,0,0,0,0,0,0,0,0,
1,8_4,10_51_26,6.7838,0,1,0,1.783365,Baseline,2.337,0.992,-1.001778,2.214235,359.0023,-1.668773E-09,0.0000,0.0000,0.0000,0.0000,0.0000,0.0000,0,0,,,,,,,0,0,0,0,0,0,0,0,0,0,0,0,0,0,0,0,0,0,0,0,0,0,0,0,0,0,0,0,0,0,0,0,0,0,0,0,0,0,0,0,0,0,0,0,0,0,0,0,0,0,0,
1,8_4,10_51_26,6.7871,0,1,0,1.786628,Baseline,2.337,0.992,-1.001778,2.214235,359.0023,-1.668773E-09,0.0000,0.0000,0.0000,0.0000,0.0000,0.0000,0,0,,,,,,,0,0,0,0,0,0,0,0,0,0,0,0,0,0,0,0,0,0,0,0,0,0,0,0,0,0,0,0,0,0,0,0,0,0,0,0,0,0,0,0,0,0,0,0,0,0,0,0,0,0,0,
1,8_4,10_51_26,6.7903,0,1,0,1.789827,Baseline,2.337,0.992,-1.001778,2.214235,359.0023,-1.668773E-09,0.0000,0.0000,0.0000,0.0000,0.0000,0.0000,0,0,,,,,,,0,0,0,0,0,0,0,0,0,0,0,0,0,0,0,0,0,0,0,0,0,0,0,0,0,0,0,0,0,0,0,0,0,0,0,0,0,0,0,0,0,0,0,0,0,0,0,0,0,0,0,
1,8_4,10_51_26,6.7935,0,1,0,1.793076,Baseline,2.337,0.992,-1.001778,2.214235,359.0023,-1.668773E-09,0.0000,0.0000,0.0000,0.0000,0.0000,0.0000,0,0,,,,,,,0,0,0,0,0,0,0,0,0,0,0,0,0,0,0,0,0,0,0,0,0,0,0,0,0,0,0,0,0,0,0,0,0,0,0,0,0,0,0,0,0,0,0,0,0,0,0,0,0,0,0,
1,8_4,10_51_26,6.7967,0,1,0,1.79627,Baseline,2.337,0.992,-1.001778,2.214235,359.0023,-1.668773E-09,0.0000,0.0000,0.0000,0.0000,0.0000,0.0000,0,0,,,,,,,0,0,0,0,0,0,0,0,0,0,0,0,0,0,0,0,0,0,0,0,0,0,0,0,0,0,0,0,0,0,0,0,0,0,0,0,0,0,0,0,0,0,0,0,0,0,0,0,0,0,0,
1,8_4,10_51_26,6.7999,0,1,0,1.799415,Baseline,2.337,0.992,-1.001778,2.214235,359.0023,-1.668773E-09,0.0000,0.0000,0.0000,0.0000,0.0000,0.0000,0,0,,,,,,,0,0,0,0,0,0,0,0,0,0,0,0,0,0,0,0,0,0,0,0,0,0,0,0,0,0,0,0,0,0,0,0,0,0,0,0,0,0,0,0,0,0,0,0,0,0,0,0,0,0,0,
1,8_4,10_51_26,6.8030,0,1,0,1.8026,Baseline,2.337,0.992,-1.001778,2.214235,359.0023,-1.668773E-09,0.0000,0.0000,0.0000,0.0000,0.0000,0.0000,0,0,,,,,,,0,0,0,0,0,0,0,0,0,0,0,0,0,0,0,0,0,0,0,0,0,0,0,0,0,0,0,0,0,0,0,0,0,0,0,0,0,0,0,0,0,0,0,0,0,0,0,0,0,0,0,
1,8_4,10_51_26,6.8063,0,1,0,1.805843,Baseline,2.337,0.992,-1.001778,2.214235,359.0023,-1.668773E-09,0.0000,0.0000,0.0000,0.0000,0.0000,0.0000,0,0,,,,,,,0,0,0,0,0,0,0,0,0,0,0,0,0,0,0,0,0,0,0,0,0,0,0,0,0,0,0,0,0,0,0,0,0,0,0,0,0,0,0,0,0,0,0,0,0,0,0,0,0,0,0,
1,8_4,10_51_26,6.8095,0,1,0,1.809062,Baseline,2.337,0.992,-1.001778,2.214235,359.0023,-1.668773E-09,0.0000,0.0000,0.0000,0.0000,0.0000,0.0000,0,0,,,,,,,0,0,0,0,0,0,0,0,0,0,0,0,0,0,0,0,0,0,0,0,0,0,0,0,0,0,0,0,0,0,0,0,0,0,0,0,0,0,0,0,0,0,0,0,0,0,0,0,0,0,0,
1,8_4,10_51_26,6.8129,0,1,0,1.812421,Baseline,2.337,0.992,-1.001778,2.214235,359.0023,-1.668773E-09,0.0000,0.0000,0.0000,0.0000,0.0000,0.0000,0,0,,,,,,,0,0,0,0,0,0,0,0,0,0,0,0,0,0,0,0,0,0,0,0,0,0,0,0,0,0,0,0,0,0,0,0,0,0,0,0,0,0,0,0,0,0,0,0,0,0,0,0,0,0,0,
1,8_4,10_51_26,6.8161,0,1,0,1.815659,Baseline,2.337,0.992,-1.001778,2.214235,359.0023,-1.668773E-09,0.0000,0.0000,0.0000,0.0000,0.0000,0.0000,0,0,,,,,,,0,0,0,0,0,0,0,0,0,0,0,0,0,0,0,0,0,0,0,0,0,0,0,0,0,0,0,0,0,0,0,0,0,0,0,0,0,0,0,0,0,0,0,0,0,0,0,0,0,0,0,
1,8_4,10_51_26,6.8201,0,1,0,1.819647,Baseline,2.337,0.992,-1.001778,2.214235,359.0023,-1.668773E-09,0.0000,0.0000,0.0000,0.0000,0.0000,0.0000,0,0,,,,,,,0,0,0,0,0,0,0,0,0,0,0,0,0,0,0,0,0,0,0,0,0,0,0,0,0,0,0,0,0,0,0,0,0,0,0,0,0,0,0,0,0,0,0,0,0,0,0,0,0,0,0,
1,8_4,10_51_26,6.8235,0,1,0,1.823078,Baseline,2.337,0.992,-1.001778,2.214235,359.0023,-1.668773E-09,0.0000,0.0000,0.0000,0.0000,0.0000,0.0000,0,0,,,,,,,0,0,0,0,0,0,0,0,0,0,0,0,0,0,0,0,0,0,0,0,0,0,0,0,0,0,0,0,0,0,0,0,0,0,0,0,0,0,0,0,0,0,0,0,0,0,0,0,0,0,0,
1,8_4,10_51_26,6.8267,0,1,0,1.826278,Baseline,2.337,0.992,-1.001778,2.214235,359.0023,-1.668773E-09,0.0000,0.0000,0.0000,0.0000,0.0000,0.0000,0,0,,,,,,,0,0,0,0,0,0,0,0,0,0,0,0,0,0,0,0,0,0,0,0,0,0,0,0,0,0,0,0,0,0,0,0,0,0,0,0,0,0,0,0,0,0,0,0,0,0,0,0,0,0,0,
1,8_4,10_51_26,6.8300,0,1,0,1.829538,Baseline,2.337,0.992,-1.001778,2.214235,359.0023,-1.668773E-09,0.0000,0.0000,0.0000,0.0000,0.0000,0.0000,0,0,,,,,,,0,0,0,0,0,0,0,0,0,0,0,0,0,0,0,0,0,0,0,0,0,0,0,0,0,0,0,0,0,0,0,0,0,0,0,0,0,0,0,0,0,0,0,0,0,0,0,0,0,0,0,
1,8_4,10_51_26,6.8334,0,1,0,1.832931,Baseline,2.337,0.992,-1.001778,2.214235,359.0023,-1.668773E-09,0.0000,0.0000,0.0000,0.0000,0.0000,0.0000,0,0,,,,,,,0,0,0,0,0,0,0,0,0,0,0,0,0,0,0,0,0,0,0,0,0,0,0,0,0,0,0,0,0,0,0,0,0,0,0,0,0,0,0,0,0,0,0,0,0,0,0,0,0,0,0,
1,8_4,10_51_26,6.8366,0,1,0,1.836172,Baseline,2.337,0.992,-1.001778,2.214235,359.0023,-1.668773E-09,0.0000,0.0000,0.0000,0.0000,0.0000,0.0000,0,0,,,,,,,0,0,0,0,0,0,0,0,0,0,0,0,0,0,0,0,0,0,0,0,0,0,0,0,0,0,0,0,0,0,0,0,0,0,0,0,0,0,0,0,0,0,0,0,0,0,0,0,0,0,0,
1,8_4,10_51_26,6.8398,0,1,0,1.839367,Baseline,2.337,0.992,-1.001778,2.214235,359.0023,-1.668773E-09,0.0000,0.0000,0.0000,0.0000,0.0000,0.0000,0,0,,,,,,,0,0,0,0,0,0,0,0,0,0,0,0,0,0,0,0,0,0,0,0,0,0,0,0,0,0,0,0,0,0,0,0,0,0,0,0,0,0,0,0,0,0,0,0,0,0,0,0,0,0,0,
1,8_4,10_51_26,6.8431,0,1,0,1.842663,Baseline,2.337,0.992,-1.001778,2.214235,359.0023,-1.668773E-09,0.0000,0.0000,0.0000,0.0000,0.0000,0.0000,0,0,,,,,,,0,0,0,0,0,0,0,0,0,0,0,0,0,0,0,0,0,0,0,0,0,0,0,0,0,0,0,0,0,0,0,0,0,0,0,0,0,0,0,0,0,0,0,0,0,0,0,0,0,0,0,
1,8_4,10_51_26,6.8465,0,1,0,1.846099,Baseline,2.337,0.992,-1.001778,2.214235,359.0023,-1.668773E-09,0.0000,0.0000,0.0000,0.0000,0.0000,0.0000,0,0,,,,,,,0,0,0,0,0,0,0,0,0,0,0,0,0,0,0,0,0,0,0,0,0,0,0,0,0,0,0,0,0,0,0,0,0,0,0,0,0,0,0,0,0,0,0,0,0,0,0,0,0,0,0,
1,8_4,10_51_26,6.8499,0,1,0,1.849427,Baseline,2.337,0.992,-1.001778,2.214235,359.0023,-1.668773E-09,0.0000,0.0000,0.0000,0.0000,0.0000,0.0000,0,0,,,,,,,0,0,0,0,0,0,0,0,0,0,0,0,0,0,0,0,0,0,0,0,0,0,0,0,0,0,0,0,0,0,0,0,0,0,0,0,0,0,0,0,0,0,0,0,0,0,0,0,0,0,0,
1,8_4,10_51_26,6.8533,0,1,0,1.852872,Baseline,2.337,0.992,-1.001778,2.214235,359.0023,-1.668773E-09,0.0000,0.0000,0.0000,0.0000,0.0000,0.0000,0,0,,,,,,,0,0,0,0,0,0,0,0,0,0,0,0,0,0,0,0,0,0,0,0,0,0,0,0,0,0,0,0,0,0,0,0,0,0,0,0,0,0,0,0,0,0,0,0,0,0,0,0,0,0,0,
1,8_4,10_51_26,6.8565,0,1,0,1.856048,Baseline,2.337,0.992,-1.001778,2.214235,359.0023,-1.668773E-09,0.0000,0.0000,0.0000,0.0000,0.0000,0.0000,0,0,,,,,,,0,0,0,0,0,0,0,0,0,0,0,0,0,0,0,0,0,0,0,0,0,0,0,0,0,0,0,0,0,0,0,0,0,0,0,0,0,0,0,0,0,0,0,0,0,0,0,0,0,0,0,
1,8_4,10_51_26,6.8609,0,1,0,1.860423,Baseline,2.337,0.992,-1.001778,2.214235,359.0023,-1.668773E-09,0.0000,0.0000,0.0000,0.0000,0.0000,0.0000,0,0,,,,,,,0,0,0,0,0,0,0,0,0,0,0,0,0,0,0,0,0,0,0,0,0,0,0,0,0,0,0,0,0,0,0,0,0,0,0,0,0,0,0,0,0,0,0,0,0,0,0,0,0,0,0,
1,8_4,10_51_26,6.8641,0,1,0,1.863639,Baseline,2.337,0.992,-1.001778,2.214235,359.0023,-1.668773E-09,0.0000,0.0000,0.0000,0.0000,0.0000,0.0000,0,0,,,,,,,0,0,0,0,0,0,0,0,0,0,0,0,0,0,0,0,0,0,0,0,0,0,0,0,0,0,0,0,0,0,0,0,0,0,0,0,0,0,0,0,0,0,0,0,0,0,0,0,0,0,0,
1,8_4,10_51_26,6.8673,0,1,0,1.866817,Baseline,2.337,0.992,-1.001778,2.214235,359.0023,-1.668773E-09,0.0000,0.0000,0.0000,0.0000,0.0000,0.0000,0,0,,,,,,,0,0,0,0,0,0,0,0,0,0,0,0,0,0,0,0,0,0,0,0,0,0,0,0,0,0,0,0,0,0,0,0,0,0,0,0,0,0,0,0,0,0,0,0,0,0,0,0,0,0,0,
1,8_4,10_51_26,6.8704,0,1,0,1.869933,Baseline,2.337,0.992,-1.001778,2.214235,359.0023,-1.668773E-09,0.0000,0.0000,0.0000,0.0000,0.0000,0.0000,0,0,,,,,,,0,0,0,0,0,0,0,0,0,0,0,0,0,0,0,0,0,0,0,0,0,0,0,0,0,0,0,0,0,0,0,0,0,0,0,0,0,0,0,0,0,0,0,0,0,0,0,0,0,0,0,
1,8_4,10_51_26,6.8736,0,1,0,1.873193,Baseline,2.337,0.992,-1.001778,2.214235,359.0023,-1.668773E-09,0.0000,0.0000,0.0000,0.0000,0.0000,0.0000,0,0,,,,,,,0,0,0,0,0,0,0,0,0,0,0,0,0,0,0,0,0,0,0,0,0,0,0,0,0,0,0,0,0,0,0,0,0,0,0,0,0,0,0,0,0,0,0,0,0,0,0,0,0,0,0,
1,8_4,10_51_26,6.8768,0,1,0,1.87632,Baseline,2.337,0.992,-1.001778,2.214235,359.0023,-1.668773E-09,0.0000,0.0000,0.0000,0.0000,0.0000,0.0000,0,0,,,,,,,0,0,0,0,0,0,0,0,0,0,0,0,0,0,0,0,0,0,0,0,0,0,0,0,0,0,0,0,0,0,0,0,0,0,0,0,0,0,0,0,0,0,0,0,0,0,0,0,0,0,0,
1,8_4,10_51_26,6.8799,0,1,0,1.879476,Baseline,2.337,0.992,-1.001778,2.214235,359.0023,-1.668773E-09,0.0000,0.0000,0.0000,0.0000,0.0000,0.0000,0,0,,,,,,,0,0,0,0,0,0,0,0,0,0,0,0,0,0,0,0,0,0,0,0,0,0,0,0,0,0,0,0,0,0,0,0,0,0,0,0,0,0,0,0,0,0,0,0,0,0,0,0,0,0,0,
1,8_4,10_51_26,6.8832,0,1,0,1.882753,Baseline,2.337,0.992,-1.001778,2.214235,359.0023,-1.668773E-09,0.0000,0.0000,0.0000,0.0000,0.0000,0.0000,0,0,,,,,,,0,0,0,0,0,0,0,0,0,0,0,0,0,0,0,0,0,0,0,0,0,0,0,0,0,0,0,0,0,0,0,0,0,0,0,0,0,0,0,0,0,0,0,0,0,0,0,0,0,0,0,
1,8_4,10_51_26,6.8865,0,1,0,1.886079,Baseline,2.337,0.992,-1.001778,2.214235,359.0023,-1.668773E-09,0.0000,0.0000,0.0000,0.0000,0.0000,0.0000,0,0,,,,,,,0,0,0,0,0,0,0,0,0,0,0,0,0,0,0,0,0,0,0,0,0,0,0,0,0,0,0,0,0,0,0,0,0,0,0,0,0,0,0,0,0,0,0,0,0,0,0,0,0,0,0,
1,8_4,10_51_26,6.8900,0,1,0,1.889545,Baseline,2.337,0.992,-1.001778,2.214235,359.0023,-1.668773E-09,0.0000,0.0000,0.0000,0.0000,0.0000,0.0000,0,0,,,,,,,0,0,0,0,0,0,0,0,0,0,0,0,0,0,0,0,0,0,0,0,0,0,0,0,0,0,0,0,0,0,0,0,0,0,0,0,0,0,0,0,0,0,0,0,0,0,0,0,0,0,0,
1,8_4,10_51_26,6.8935,0,1,0,1.893092,Baseline,2.337,0.992,-1.001778,2.214235,359.0023,-1.668773E-09,0.0000,0.0000,0.0000,0.0000,0.0000,0.0000,0,0,,,,,,,0,0,0,0,0,0,0,0,0,0,0,0,0,0,0,0,0,0,0,0,0,0,0,0,0,0,0,0,0,0,0,0,0,0,0,0,0,0,0,0,0,0,0,0,0,0,0,0,0,0,0,
1,8_4,10_51_26,6.8968,0,1,0,1.896331,Baseline,2.337,0.992,-1.001778,2.214235,359.0023,-1.668773E-09,0.0000,0.0000,0.0000,0.0000,0.0000,0.0000,0,0,,,,,,,0,0,0,0,0,0,0,0,0,0,0,0,0,0,0,0,0,0,0,0,0,0,0,0,0,0,0,0,0,0,0,0,0,0,0,0,0,0,0,0,0,0,0,0,0,0,0,0,0,0,0,
1,8_4,10_51_26,6.9002,0,1,0,1.899717,Baseline,2.337,0.992,-1.001778,2.214235,359.0023,-1.668773E-09,0.0000,0.0000,0.0000,0.0000,0.0000,0.0000,0,0,,,,,,,0,0,0,0,0,0,0,0,0,0,0,0,0,0,0,0,0,0,0,0,0,0,0,0,0,0,0,0,0,0,0,0,0,0,0,0,0,0,0,0,0,0,0,0,0,0,0,0,0,0,0,
1,8_4,10_51_26,6.9037,0,1,0,1.903235,Baseline,2.337,0.992,-1.001778,2.214235,359.0023,-1.668773E-09,0.0000,0.0000,0.0000,0.0000,0.0000,0.0000,0,0,,,,,,,0,0,0,0,0,0,0,0,0,0,0,0,0,0,0,0,0,0,0,0,0,0,0,0,0,0,0,0,0,0,0,0,0,0,0,0,0,0,0,0,0,0,0,0,0,0,0,0,0,0,0,
1,8_4,10_51_26,6.9069,0,1,0,1.906466,Baseline,2.337,0.992,-1.001778,2.214235,359.0023,-1.668773E-09,0.0000,0.0000,0.0000,0.0000,0.0000,0.0000,0,0,,,,,,,0,0,0,0,0,0,0,0,0,0,0,0,0,0,0,0,0,0,0,0,0,0,0,0,0,0,0,0,0,0,0,0,0,0,0,0,0,0,0,0,0,0,0,0,0,0,0,0,0,0,0,
1,8_4,10_51_26,6.9101,0,1,0,1.909609,Baseline,2.337,0.992,-1.001778,2.214235,359.0023,-1.668773E-09,0.0000,0.0000,0.0000,0.0000,0.0000,0.0000,0,0,,,,,,,0,0,0,0,0,0,0,0,0,0,0,0,0,0,0,0,0,0,0,0,0,0,0,0,0,0,0,0,0,0,0,0,0,0,0,0,0,0,0,0,0,0,0,0,0,0,0,0,0,0,0,
1,8_4,10_51_26,6.9133,0,1,0,1.912847,Baseline,2.337,0.992,-1.001778,2.214235,359.0023,-1.668773E-09,0.0000,0.0000,0.0000,0.0000,0.0000,0.0000,0,0,,,,,,,0,0,0,0,0,0,0,0,0,0,0,0,0,0,0,0,0,0,0,0,0,0,0,0,0,0,0,0,0,0,0,0,0,0,0,0,0,0,0,0,0,0,0,0,0,0,0,0,0,0,0,
1,8_4,10_51_26,6.9170,0,1,0,1.916552,Baseline,2.337,0.992,-1.001778,2.214235,359.0023,-1.668773E-09,0.0000,0.0000,0.0000,0.0000,0.0000,0.0000,0,0,,,,,,,0,0,0,0,0,0,0,0,0,0,0,0,0,0,0,0,0,0,0,0,0,0,0,0,0,0,0,0,0,0,0,0,0,0,0,0,0,0,0,0,0,0,0,0,0,0,0,0,0,0,0,
1,8_4,10_51_26,6.9203,0,1,0,1.919896,Baseline,2.337,0.992,-1.001778,2.214235,359.0023,-1.668773E-09,0.0000,0.0000,0.0000,0.0000,0.0000,0.0000,0,0,,,,,,,0,0,0,0,0,0,0,0,0,0,0,0,0,0,0,0,0,0,0,0,0,0,0,0,0,0,0,0,0,0,0,0,0,0,0,0,0,0,0,0,0,0,0,0,0,0,0,0,0,0,0,
1,8_4,10_51_26,6.9244,0,1,0,1.923943,Baseline,2.337,0.992,-1.001778,2.214235,359.0023,-1.668773E-09,0.0000,0.0000,0.0000,0.0000,0.0000,0.0000,0,0,,,,,,,0,0,0,0,0,0,0,0,0,0,0,0,0,0,0,0,0,0,0,0,0,0,0,0,0,0,0,0,0,0,0,0,0,0,0,0,0,0,0,0,0,0,0,0,0,0,0,0,0,0,0,
1,8_4,10_51_26,6.9277,0,1,0,1.92726,Baseline,2.337,0.992,-1.001778,2.214235,359.0023,-1.668773E-09,0.0000,0.0000,0.0000,0.0000,0.0000,0.0000,0,0,,,,,,,0,0,0,0,0,0,0,0,0,0,0,0,0,0,0,0,0,0,0,0,0,0,0,0,0,0,0,0,0,0,0,0,0,0,0,0,0,0,0,0,0,0,0,0,0,0,0,0,0,0,0,
1,8_4,10_51_26,6.9309,0,1,0,1.930499,Baseline,2.337,0.992,-1.001778,2.214235,359.0023,-1.668773E-09,0.0000,0.0000,0.0000,0.0000,0.0000,0.0000,0,0,,,,,,,0,0,0,0,0,0,0,0,0,0,0,0,0,0,0,0,0,0,0,0,0,0,0,0,0,0,0,0,0,0,0,0,0,0,0,0,0,0,0,0,0,0,0,0,0,0,0,0,0,0,0,
1,8_4,10_51_26,6.9345,0,1,0,1.934011,Baseline,2.337,0.992,-1.001778,2.214235,359.0023,-1.668773E-09,0.0000,0.0000,0.0000,0.0000,0.0000,0.0000,0,0,,,,,,,0,0,0,0,0,0,0,0,0,0,0,0,0,0,0,0,0,0,0,0,0,0,0,0,0,0,0,0,0,0,0,0,0,0,0,0,0,0,0,0,0,0,0,0,0,0,0,0,0,0,0,
1,8_4,10_51_26,6.9377,0,1,0,1.937257,Baseline,2.337,0.992,-1.001778,2.214235,359.0023,-1.668773E-09,0.0000,0.0000,0.0000,0.0000,0.0000,0.0000,0,0,,,,,,,0,0,0,0,0,0,0,0,0,0,0,0,0,0,0,0,0,0,0,0,0,0,0,0,0,0,0,0,0,0,0,0,0,0,0,0,0,0,0,0,0,0,0,0,0,0,0,0,0,0,0,
1,8_4,10_51_26,6.9412,0,1,0,1.94073,Baseline,2.337,0.992,-1.001778,2.214235,359.0023,-1.668773E-09,0.0000,0.0000,0.0000,0.0000,0.0000,0.0000,0,0,,,,,,,0,0,0,0,0,0,0,0,0,0,0,0,0,0,0,0,0,0,0,0,0,0,0,0,0,0,0,0,0,0,0,0,0,0,0,0,0,0,0,0,0,0,0,0,0,0,0,0,0,0,0,
1,8_4,10_51_26,6.9447,0,1,0,1.944217,Baseline,2.337,0.992,-1.001778,2.214235,359.0023,-1.668773E-09,0.0000,0.0000,0.0000,0.0000,0.0000,0.0000,0,0,,,,,,,0,0,0,0,0,0,0,0,0,0,0,0,0,0,0,0,0,0,0,0,0,0,0,0,0,0,0,0,0,0,0,0,0,0,0,0,0,0,0,0,0,0,0,0,0,0,0,0,0,0,0,
1,8_4,10_51_26,6.9478,0,1,0,1.947385,Baseline,2.337,0.992,-1.001778,2.214235,359.0023,-1.668773E-09,0.0000,0.0000,0.0000,0.0000,0.0000,0.0000,0,0,,,,,,,0,0,0,0,0,0,0,0,0,0,0,0,0,0,0,0,0,0,0,0,0,0,0,0,0,0,0,0,0,0,0,0,0,0,0,0,0,0,0,0,0,0,0,0,0,0,0,0,0,0,0,
1,8_4,10_51_26,6.9512,0,1,0,1.950768,Baseline,2.337,0.992,-1.001778,2.214235,359.0023,-1.668773E-09,0.0000,0.0000,0.0000,0.0000,0.0000,0.0000,0,0,,,,,,,0,0,0,0,0,0,0,0,0,0,0,0,0,0,0,0,0,0,0,0,0,0,0,0,0,0,0,0,0,0,0,0,0,0,0,0,0,0,0,0,0,0,0,0,0,0,0,0,0,0,0,
1,8_4,10_51_26,6.9545,0,1,0,1.954013,Baseline,2.337,0.992,-1.001778,2.214235,359.0023,-1.668773E-09,0.0000,0.0000,0.0000,0.0000,0.0000,0.0000,0,0,,,,,,,0,0,0,0,0,0,0,0,0,0,0,0,0,0,0,0,0,0,0,0,0,0,0,0,0,0,0,0,0,0,0,0,0,0,0,0,0,0,0,0,0,0,0,0,0,0,0,0,0,0,0,
1,8_4,10_51_26,6.9580,0,1,0,1.95753,Baseline,2.337,0.992,-1.001778,2.214235,359.0023,-1.668773E-09,0.0000,0.0000,0.0000,0.0000,0.0000,0.0000,0,0,,,,,,,0,0,0,0,0,0,0,0,0,0,0,0,0,0,0,0,0,0,0,0,0,0,0,0,0,0,0,0,0,0,0,0,0,0,0,0,0,0,0,0,0,0,0,0,0,0,0,0,0,0,0,
1,8_4,10_51_26,6.9613,0,1,0,1.960845,Baseline,2.337,0.992,-1.001778,2.214235,359.0023,-1.668773E-09,0.0000,0.0000,0.0000,0.0000,0.0000,0.0000,0,0,,,,,,,0,0,0,0,0,0,0,0,0,0,0,0,0,0,0,0,0,0,0,0,0,0,0,0,0,0,0,0,0,0,0,0,0,0,0,0,0,0,0,0,0,0,0,0,0,0,0,0,0,0,0,
1,8_4,10_51_26,6.9647,0,1,0,1.964237,Baseline,2.337,0.992,-1.001778,2.214235,359.0023,-1.668773E-09,0.0000,0.0000,0.0000,0.0000,0.0000,0.0000,0,0,,,,,,,0,0,0,0,0,0,0,0,0,0,0,0,0,0,0,0,0,0,0,0,0,0,0,0,0,0,0,0,0,0,0,0,0,0,0,0,0,0,0,0,0,0,0,0,0,0,0,0,0,0,0,
1,8_4,10_51_26,6.9679,0,1,0,1.967488,Baseline,2.337,0.992,-1.001778,2.214235,359.0023,-1.668773E-09,0.0000,0.0000,0.0000,0.0000,0.0000,0.0000,0,0,,,,,,,0,0,0,0,0,0,0,0,0,0,0,0,0,0,0,0,0,0,0,0,0,0,0,0,0,0,0,0,0,0,0,0,0,0,0,0,0,0,0,0,0,0,0,0,0,0,0,0,0,0,0,
1,8_4,10_51_26,6.9711,0,1,0,1.970656,Baseline,2.337,0.992,-1.001778,2.214235,359.0023,-1.668773E-09,0.0000,0.0000,0.0000,0.0000,0.0000,0.0000,0,0,,,,,,,0,0,0,0,0,0,0,0,0,0,0,0,0,0,0,0,0,0,0,0,0,0,0,0,0,0,0,0,0,0,0,0,0,0,0,0,0,0,0,0,0,0,0,0,0,0,0,0,0,0,0,
1,8_4,10_51_26,6.9742,0,1,0,1.973793,Baseline,2.337,0.992,-1.001778,2.214235,359.0023,-1.668773E-09,0.0000,0.0000,0.0000,0.0000,0.0000,0.0000,0,0,,,,,,,0,0,0,0,0,0,0,0,0,0,0,0,0,0,0,0,0,0,0,0,0,0,0,0,0,0,0,0,0,0,0,0,0,0,0,0,0,0,0,0,0,0,0,0,0,0,0,0,0,0,0,
1,8_4,10_51_26,6.9776,0,1,0,1.977133,Baseline,2.337,0.992,-1.001778,2.214235,359.0023,-1.668773E-09,0.0000,0.0000,0.0000,0.0000,0.0000,0.0000,0,0,,,,,,,0,0,0,0,0,0,0,0,0,0,0,0,0,0,0,0,0,0,0,0,0,0,0,0,0,0,0,0,0,0,0,0,0,0,0,0,0,0,0,0,0,0,0,0,0,0,0,0,0,0,0,
1,8_4,10_51_26,6.9807,0,1,0,1.980293,Baseline,2.337,0.992,-1.001778,2.214235,359.0023,-1.668773E-09,0.0000,0.0000,0.0000,0.0000,0.0000,0.0000,0,0,,,,,,,0,0,0,0,0,0,0,0,0,0,0,0,0,0,0,0,0,0,0,0,0,0,0,0,0,0,0,0,0,0,0,0,0,0,0,0,0,0,0,0,0,0,0,0,0,0,0,0,0,0,0,
1,8_4,10_51_26,6.9842,0,1,0,1.983756,Baseline,2.337,0.992,-1.001778,2.214235,359.0023,-1.668773E-09,0.0000,0.0000,0.0000,0.0000,0.0000,0.0000,0,0,,,,,,,0,0,0,0,0,0,0,0,0,0,0,0,0,0,0,0,0,0,0,0,0,0,0,0,0,0,0,0,0,0,0,0,0,0,0,0,0,0,0,0,0,0,0,0,0,0,0,0,0,0,0,
1,8_4,10_51_26,6.9874,0,1,0,1.986908,Baseline,2.337,0.992,-1.001778,2.214235,359.0023,-1.668773E-09,0.0000,0.0000,0.0000,0.0000,0.0000,0.0000,0,0,,,,,,,0,0,0,0,0,0,0,0,0,0,0,0,0,0,0,0,0,0,0,0,0,0,0,0,0,0,0,0,0,0,0,0,0,0,0,0,0,0,0,0,0,0,0,0,0,0,0,0,0,0,0,
1,8_4,10_51_26,6.9907,0,1,0,1.990227,Baseline,2.337,0.992,-1.001778,2.214235,359.0023,-1.668773E-09,0.0000,0.0000,0.0000,0.0000,0.0000,0.0000,0,0,,,,,,,0,0,0,0,0,0,0,0,0,0,0,0,0,0,0,0,0,0,0,0,0,0,0,0,0,0,0,0,0,0,0,0,0,0,0,0,0,0,0,0,0,0,0,0,0,0,0,0,0,0,0,
1,8_4,10_51_26,6.9943,0,1,0,1.993888,Baseline,2.337,0.992,-1.001778,2.214235,359.0023,-1.668773E-09,0.0000,0.0000,0.0000,0.0000,0.0000,0.0000,0,0,,,,,,,0,0,0,0,0,0,0,0,0,0,0,0,0,0,0,0,0,0,0,0,0,0,0,0,0,0,0,0,0,0,0,0,0,0,0,0,0,0,0,0,0,0,0,0,0,0,0,0,0,0,0,
1,8_4,10_51_26,6.9978,0,1,0,1.997388,Baseline,2.337,0.992,-1.001778,2.214235,359.0023,-1.668773E-09,0.0000,0.0000,0.0000,0.0000,0.0000,0.0000,0,0,,,,,,,0,0,0,0,0,0,0,0,0,0,0,0,0,0,0,0,0,0,0,0,0,0,0,0,0,0,0,0,0,0,0,0,0,0,0,0,0,0,0,0,0,0,0,0,0,0,0,0,0,0,0,
1,8_4,10_51_26,7.0012,0,1,0,2.000776,Baseline,2.337,0.992,-1.001778,2.214235,359.0023,-1.668773E-09,0.0000,0.0000,0.0000,0.0000,0.0000,0.0000,0,0,,,,,,,0,0,0,0,0,0,0,0,0,0,0,0,0,0,0,0,0,0,0,0,0,0,0,0,0,0,0,0,0,0,0,0,0,0,0,0,0,0,0,0,0,0,0,0,0,0,0,0,0,0,0,
1,8_4,10_51_26,7.0054,0,1,0,2.004952,Baseline,2.337,0.992,-1.001778,2.214235,359.0023,-1.668773E-09,0.0000,0.0000,0.0000,0.0000,0.0000,0.0000,0,0,,,,,,,0,0,0,0,0,0,0,0,0,0,0,0,0,0,0,0,0,0,0,0,0,0,0,0,0,0,0,0,0,0,0,0,0,0,0,0,0,0,0,0,0,0,0,0,0,0,0,0,0,0,0,
1,8_4,10_51_26,7.0086,0,1,0,2.008112,Baseline,2.337,0.992,-1.001778,2.214235,359.0023,-1.668773E-09,0.0000,0.0000,0.0000,0.0000,0.0000,0.0000,0,0,,,,,,,0,0,0,0,0,0,0,0,0,0,0,0,0,0,0,0,0,0,0,0,0,0,0,0,0,0,0,0,0,0,0,0,0,0,0,0,0,0,0,0,0,0,0,0,0,0,0,0,0,0,0,
1,8_4,10_51_26,7.0118,0,1,0,2.011403,Baseline,2.337,0.992,-1.001778,2.214235,359.0023,-1.668773E-09,0.0000,0.0000,0.0000,0.0000,0.0000,0.0000,0,0,,,,,,,0,0,0,0,0,0,0,0,0,0,0,0,0,0,0,0,0,0,0,0,0,0,0,0,0,0,0,0,0,0,0,0,0,0,0,0,0,0,0,0,0,0,0,0,0,0,0,0,0,0,0,
1,8_4,10_51_26,7.0156,0,1,0,2.01514,Baseline,2.337,0.992,-1.001778,2.214235,359.0023,-1.668773E-09,0.0000,0.0000,0.0000,0.0000,0.0000,0.0000,0,0,,,,,,,0,0,0,0,0,0,0,0,0,0,0,0,0,0,0,0,0,0,0,0,0,0,0,0,0,0,0,0,0,0,0,0,0,0,0,0,0,0,0,0,0,0,0,0,0,0,0,0,0,0,0,
1,8_4,10_51_26,7.0188,0,1,0,2.018342,Baseline,2.337,0.992,-1.001778,2.214235,359.0023,-1.668773E-09,0.0000,0.0000,0.0000,0.0000,0.0000,0.0000,0,0,,,,,,,0,0,0,0,0,0,0,0,0,0,0,0,0,0,0,0,0,0,0,0,0,0,0,0,0,0,0,0,0,0,0,0,0,0,0,0,0,0,0,0,0,0,0,0,0,0,0,0,0,0,0,
1,8_4,10_51_26,7.0223,0,1,0,2.021806,Baseline,2.337,0.992,-1.001778,2.214235,359.0023,-1.668773E-09,0.0000,0.0000,0.0000,0.0000,0.0000,0.0000,0,0,,,,,,,0,0,0,0,0,0,0,0,0,0,0,0,0,0,0,0,0,0,0,0,0,0,0,0,0,0,0,0,0,0,0,0,0,0,0,0,0,0,0,0,0,0,0,0,0,0,0,0,0,0,0,
1,8_4,10_51_26,7.0256,0,1,0,2.025194,Baseline,2.337,0.992,-1.001778,2.214235,359.0023,-1.668773E-09,0.0000,0.0000,0.0000,0.0000,0.0000,0.0000,0,0,,,,,,,0,0,0,0,0,0,0,0,0,0,0,0,0,0,0,0,0,0,0,0,0,0,0,0,0,0,0,0,0,0,0,0,0,0,0,0,0,0,0,0,0,0,0,0,0,0,0,0,0,0,0,
1,8_4,10_51_26,7.0290,0,1,0,2.028587,Baseline,2.337,0.992,-1.001778,2.214235,359.0023,-1.668773E-09,0.0000,0.0000,0.0000,0.0000,0.0000,0.0000,0,0,,,,,,,0,0,0,0,0,0,0,0,0,0,0,0,0,0,0,0,0,0,0,0,0,0,0,0,0,0,0,0,0,0,0,0,0,0,0,0,0,0,0,0,0,0,0,0,0,0,0,0,0,0,0,
1,8_4,10_51_26,7.0324,0,1,0,2.031922,Baseline,2.337,0.992,-1.001778,2.214235,359.0023,-1.668773E-09,0.0000,0.0000,0.0000,0.0000,0.0000,0.0000,0,0,,,,,,,0,0,0,0,0,0,0,0,0,0,0,0,0,0,0,0,0,0,0,0,0,0,0,0,0,0,0,0,0,0,0,0,0,0,0,0,0,0,0,0,0,0,0,0,0,0,0,0,0,0,0,
1,8_4,10_51_26,7.0357,0,1,0,2.035269,Baseline,2.337,0.992,-1.001778,2.214235,359.0023,-1.668773E-09,0.0000,0.0000,0.0000,0.0000,0.0000,0.0000,0,0,,,,,,,0,0,0,0,0,0,0,0,0,0,0,0,0,0,0,0,0,0,0,0,0,0,0,0,0,0,0,0,0,0,0,0,0,0,0,0,0,0,0,0,0,0,0,0,0,0,0,0,0,0,0,
1,8_4,10_51_26,7.0395,0,1,0,2.03902,Baseline,2.337,0.992,-1.001778,2.214235,359.0023,-1.668773E-09,0.0000,0.0000,0.0000,0.0000,0.0000,0.0000,0,0,,,,,,,0,0,0,0,0,0,0,0,0,0,0,0,0,0,0,0,0,0,0,0,0,0,0,0,0,0,0,0,0,0,0,0,0,0,0,0,0,0,0,0,0,0,0,0,0,0,0,0,0,0,0,
1,8_4,10_51_26,7.0428,0,1,0,2.04239,Baseline,2.337,0.992,-1.001778,2.214235,359.0023,-1.668773E-09,0.0000,0.0000,0.0000,0.0000,0.0000,0.0000,0,0,,,,,,,0,0,0,0,0,0,0,0,0,0,0,0,0,0,0,0,0,0,0,0,0,0,0,0,0,0,0,0,0,0,0,0,0,0,0,0,0,0,0,0,0,0,0,0,0,0,0,0,0,0,0,
1,8_4,10_51_26,7.0463,0,1,0,2.045827,Baseline,2.337,0.992,-1.001778,2.214235,359.0023,-1.668773E-09,0.0000,0.0000,0.0000,0.0000,0.0000,0.0000,0,0,,,,,,,0,0,0,0,0,0,0,0,0,0,0,0,0,0,0,0,0,0,0,0,0,0,0,0,0,0,0,0,0,0,0,0,0,0,0,0,0,0,0,0,0,0,0,0,0,0,0,0,0,0,0,
1,8_4,10_51_26,7.0496,0,1,0,2.04918,Baseline,2.337,0.992,-1.001778,2.214235,359.0023,-1.668773E-09,0.0000,0.0000,0.0000,0.0000,0.0000,0.0000,0,0,,,,,,,0,0,0,0,0,0,0,0,0,0,0,0,0,0,0,0,0,0,0,0,0,0,0,0,0,0,0,0,0,0,0,0,0,0,0,0,0,0,0,0,0,0,0,0,0,0,0,0,0,0,0,
1,8_4,10_51_26,7.0533,0,1,0,2.052828,Baseline,2.337,0.992,-1.001778,2.214235,359.0023,-1.668773E-09,0.0000,0.0000,0.0000,0.0000,0.0000,0.0000,0,0,,,,,,,0,0,0,0,0,0,0,0,0,0,0,0,0,0,0,0,0,0,0,0,0,0,0,0,0,0,0,0,0,0,0,0,0,0,0,0,0,0,0,0,0,0,0,0,0,0,0,0,0,0,0,
1,8_4,10_51_26,7.0566,0,1,0,2.056107,Baseline,2.337,0.992,-1.001778,2.214235,359.0023,-1.668773E-09,0.0000,0.0000,0.0000,0.0000,0.0000,0.0000,0,0,,,,,,,0,0,0,0,0,0,0,0,0,0,0,0,0,0,0,0,0,0,0,0,0,0,0,0,0,0,0,0,0,0,0,0,0,0,0,0,0,0,0,0,0,0,0,0,0,0,0,0,0,0,0,
1,8_4,10_51_26,7.0611,0,1,0,2.060635,Baseline,2.337,0.992,-1.001778,2.214235,359.0023,-1.668773E-09,0.0000,0.0000,0.0000,0.0000,0.0000,0.0000,0,0,,,,,,,0,0,0,0,0,0,0,0,0,0,0,0,0,0,0,0,0,0,0,0,0,0,0,0,0,0,0,0,0,0,0,0,0,0,0,0,0,0,0,0,0,0,0,0,0,0,0,0,0,0,0,
1,8_4,10_51_26,7.0646,0,1,0,2.064146,Baseline,2.337,0.992,-1.001778,2.214235,359.0023,-1.668773E-09,0.0000,0.0000,0.0000,0.0000,0.0000,0.0000,0,0,,,,,,,0,0,0,0,0,0,0,0,0,0,0,0,0,0,0,0,0,0,0,0,0,0,0,0,0,0,0,0,0,0,0,0,0,0,0,0,0,0,0,0,0,0,0,0,0,0,0,0,0,0,0,
1,8_4,10_51_26,7.0680,0,1,0,2.067557,Baseline,2.337,0.992,-1.001778,2.214235,359.0023,-1.668773E-09,0.0000,0.0000,0.0000,0.0000,0.0000,0.0000,0,0,,,,,,,0,0,0,0,0,0,0,0,0,0,0,0,0,0,0,0,0,0,0,0,0,0,0,0,0,0,0,0,0,0,0,0,0,0,0,0,0,0,0,0,0,0,0,0,0,0,0,0,0,0,0,
1,8_4,10_51_26,7.0712,0,1,0,2.070763,Baseline,2.337,0.992,-1.001778,2.214235,359.0023,-1.668773E-09,0.0000,0.0000,0.0000,0.0000,0.0000,0.0000,0,0,,,,,,,0,0,0,0,0,0,0,0,0,0,0,0,0,0,0,0,0,0,0,0,0,0,0,0,0,0,0,0,0,0,0,0,0,0,0,0,0,0,0,0,0,0,0,0,0,0,0,0,0,0,0,
1,8_4,10_51_26,7.0745,0,1,0,2.074092,Baseline,2.337,0.992,-1.001778,2.214235,359.0023,-1.668773E-09,0.0000,0.0000,0.0000,0.0000,0.0000,0.0000,0,0,,,,,,,0,0,0,0,0,0,0,0,0,0,0,0,0,0,0,0,0,0,0,0,0,0,0,0,0,0,0,0,0,0,0,0,0,0,0,0,0,0,0,0,0,0,0,0,0,0,0,0,0,0,0,
1,8_4,10_51_26,7.0779,0,1,0,2.077459,Baseline,2.337,0.992,-1.001778,2.214235,359.0023,-1.668773E-09,0.0000,0.0000,0.0000,0.0000,0.0000,0.0000,0,0,,,,,,,0,0,0,0,0,0,0,0,0,0,0,0,0,0,0,0,0,0,0,0,0,0,0,0,0,0,0,0,0,0,0,0,0,0,0,0,0,0,0,0,0,0,0,0,0,0,0,0,0,0,0,
1,8_4,10_51_26,7.0812,0,1,0,2.080725,Baseline,2.337,0.992,-1.001778,2.214235,359.0023,-1.668773E-09,0.0000,0.0000,0.0000,0.0000,0.0000,0.0000,0,0,,,,,,,0,0,0,0,0,0,0,0,0,0,0,0,0,0,0,0,0,0,0,0,0,0,0,0,0,0,0,0,0,0,0,0,0,0,0,0,0,0,0,0,0,0,0,0,0,0,0,0,0,0,0,
1,8_4,10_51_26,7.0846,0,1,0,2.084175,Baseline,2.337,0.992,-1.001778,2.214235,359.0023,-1.668773E-09,0.0000,0.0000,0.0000,0.0000,0.0000,0.0000,0,0,,,,,,,0,0,0,0,0,0,0,0,0,0,0,0,0,0,0,0,0,0,0,0,0,0,0,0,0,0,0,0,0,0,0,0,0,0,0,0,0,0,0,0,0,0,0,0,0,0,0,0,0,0,0,
1,8_4,10_51_26,7.0880,0,1,0,2.08756,Baseline,2.337,0.992,-1.001778,2.214235,359.0023,-1.668773E-09,0.0000,0.0000,0.0000,0.0000,0.0000,0.0000,0,0,,,,,,,0,0,0,0,0,0,0,0,0,0,0,0,0,0,0,0,0,0,0,0,0,0,0,0,0,0,0,0,0,0,0,0,0,0,0,0,0,0,0,0,0,0,0,0,0,0,0,0,0,0,0,
1,8_4,10_51_26,7.0913,0,1,0,2.090892,Baseline,2.337,0.992,-1.001778,2.214235,359.0023,-1.668773E-09,0.0000,0.0000,0.0000,0.0000,0.0000,0.0000,0,0,,,,,,,0,0,0,0,0,0,0,0,0,0,0,0,0,0,0,0,0,0,0,0,0,0,0,0,0,0,0,0,0,0,0,0,0,0,0,0,0,0,0,0,0,0,0,0,0,0,0,0,0,0,0,
1,8_4,10_51_26,7.0947,0,1,0,2.094229,Baseline,2.337,0.992,-1.001778,2.214235,359.0023,-1.668773E-09,0.0000,0.0000,0.0000,0.0000,0.0000,0.0000,0,0,,,,,,,0,0,0,0,0,0,0,0,0,0,0,0,0,0,0,0,0,0,0,0,0,0,0,0,0,0,0,0,0,0,0,0,0,0,0,0,0,0,0,0,0,0,0,0,0,0,0,0,0,0,0,
1,8_4,10_51_26,7.0981,0,1,0,2.097662,Baseline,2.337,0.992,-1.001778,2.214235,359.0023,-1.668773E-09,0.0000,0.0000,0.0000,0.0000,0.0000,0.0000,0,0,,,,,,,0,0,0,0,0,0,0,0,0,0,0,0,0,0,0,0,0,0,0,0,0,0,0,0,0,0,0,0,0,0,0,0,0,0,0,0,0,0,0,0,0,0,0,0,0,0,0,0,0,0,0,
1,8_4,10_51_26,7.1013,0,1,0,2.100863,Baseline,2.337,0.992,-1.001778,2.214235,359.0023,-1.668773E-09,0.0000,0.0000,0.0000,0.0000,0.0000,0.0000,0,0,,,,,,,0,0,0,0,0,0,0,0,0,0,0,0,0,0,0,0,0,0,0,0,0,0,0,0,0,0,0,0,0,0,0,0,0,0,0,0,0,0,0,0,0,0,0,0,0,0,0,0,0,0,0,
1,8_4,10_51_26,7.1049,0,1,0,2.10445,Baseline,2.337,0.992,-1.001778,2.214235,359.0023,-1.668773E-09,0.0000,0.0000,0.0000,0.0000,0.0000,0.0000,0,0,,,,,,,0,0,0,0,0,0,0,0,0,0,0,0,0,0,0,0,0,0,0,0,0,0,0,0,0,0,0,0,0,0,0,0,0,0,0,0,0,0,0,0,0,0,0,0,0,0,0,0,0,0,0,
1,8_4,10_51_26,7.1086,0,1,0,2.108143,Baseline,2.337,0.992,-1.001778,2.214235,359.0023,-1.668773E-09,0.0000,0.0000,0.0000,0.0000,0.0000,0.0000,0,0,,,,,,,0,0,0,0,0,0,0,0,0,0,0,0,0,0,0,0,0,0,0,0,0,0,0,0,0,0,0,0,0,0,0,0,0,0,0,0,0,0,0,0,0,0,0,0,0,0,0,0,0,0,0,
1,8_4,10_51_26,7.1117,0,1,0,2.111241,Baseline,2.337,0.992,-1.001778,2.214235,359.0023,-1.668773E-09,0.0000,0.0000,0.0000,0.0000,0.0000,0.0000,0,0,,,,,,,0,0,0,0,0,0,0,0,0,0,0,0,0,0,0,0,0,0,0,0,0,0,0,0,0,0,0,0,0,0,0,0,0,0,0,0,0,0,0,0,0,0,0,0,0,0,0,0,0,0,0,
1,8_4,10_51_26,7.1148,0,1,0,2.114326,Baseline,2.337,0.992,-1.001778,2.214235,359.0023,-1.668773E-09,0.0000,0.0000,0.0000,0.0000,0.0000,0.0000,0,0,,,,,,,0,0,0,0,0,0,0,0,0,0,0,0,0,0,0,0,0,0,0,0,0,0,0,0,0,0,0,0,0,0,0,0,0,0,0,0,0,0,0,0,0,0,0,0,0,0,0,0,0,0,0,
1,8_4,10_51_26,7.1181,0,1,0,2.117637,Baseline,2.337,0.992,-1.001778,2.214235,359.0023,-1.668773E-09,0.0000,0.0000,0.0000,0.0000,0.0000,0.0000,0,0,,,,,,,0,0,0,0,0,0,0,0,0,0,0,0,0,0,0,0,0,0,0,0,0,0,0,0,0,0,0,0,0,0,0,0,0,0,0,0,0,0,0,0,0,0,0,0,0,0,0,0,0,0,0,
1,8_4,10_51_26,7.1215,0,1,0,2.121006,Baseline,2.337,0.992,-1.001778,2.214235,359.0023,-1.668773E-09,0.0000,0.0000,0.0000,0.0000,0.0000,0.0000,0,0,,,,,,,0,0,0,0,0,0,0,0,0,0,0,0,0,0,0,0,0,0,0,0,0,0,0,0,0,0,0,0,0,0,0,0,0,0,0,0,0,0,0,0,0,0,0,0,0,0,0,0,0,0,0,
1,8_4,10_51_26,7.1252,0,1,0,2.124731,Baseline,2.337,0.992,-1.001778,2.214235,359.0023,-1.668773E-09,0.0000,0.0000,0.0000,0.0000,0.0000,0.0000,0,0,,,,,,,0,0,0,0,0,0,0,0,0,0,0,0,0,0,0,0,0,0,0,0,0,0,0,0,0,0,0,0,0,0,0,0,0,0,0,0,0,0,0,0,0,0,0,0,0,0,0,0,0,0,0,
1,8_4,10_51_26,7.1285,0,1,0,2.128012,Baseline,2.337,0.992,-1.001778,2.214235,359.0023,-1.668773E-09,0.0000,0.0000,0.0000,0.0000,0.0000,0.0000,0,0,,,,,,,0,0,0,0,0,0,0,0,0,0,0,0,0,0,0,0,0,0,0,0,0,0,0,0,0,0,0,0,0,0,0,0,0,0,0,0,0,0,0,0,0,0,0,0,0,0,0,0,0,0,0,
1,8_4,10_51_26,7.1318,0,1,0,2.131336,Baseline,2.337,0.992,-1.001778,2.214235,359.0023,-1.668773E-09,0.0000,0.0000,0.0000,0.0000,0.0000,0.0000,0,0,,,,,,,0,0,0,0,0,0,0,0,0,0,0,0,0,0,0,0,0,0,0,0,0,0,0,0,0,0,0,0,0,0,0,0,0,0,0,0,0,0,0,0,0,0,0,0,0,0,0,0,0,0,0,
1,8_4,10_51_26,7.1350,0,1,0,2.134559,Baseline,2.337,0.992,-1.001778,2.214235,359.0023,-1.668773E-09,0.0000,0.0000,0.0000,0.0000,0.0000,0.0000,0,0,,,,,,,0,0,0,0,0,0,0,0,0,0,0,0,0,0,0,0,0,0,0,0,0,0,0,0,0,0,0,0,0,0,0,0,0,0,0,0,0,0,0,0,0,0,0,0,0,0,0,0,0,0,0,
1,8_4,10_51_26,7.1384,0,1,0,2.13797,Baseline,2.337,0.992,-1.001778,2.214235,359.0023,-1.668773E-09,0.0000,0.0000,0.0000,0.0000,0.0000,0.0000,0,0,,,,,,,0,0,0,0,0,0,0,0,0,0,0,0,0,0,0,0,0,0,0,0,0,0,0,0,0,0,0,0,0,0,0,0,0,0,0,0,0,0,0,0,0,0,0,0,0,0,0,0,0,0,0,
1,8_4,10_51_26,7.1419,0,1,0,2.141432,Baseline,2.337,0.992,-1.001778,2.214235,359.0023,-1.668773E-09,0.0000,0.0000,0.0000,0.0000,0.0000,0.0000,0,0,,,,,,,0,0,0,0,0,0,0,0,0,0,0,0,0,0,0,0,0,0,0,0,0,0,0,0,0,0,0,0,0,0,0,0,0,0,0,0,0,0,0,0,0,0,0,0,0,0,0,0,0,0,0,
1,8_4,10_51_26,7.1451,0,1,0,2.144671,Baseline,2.337,0.992,-1.001778,2.214235,359.0023,-1.668773E-09,0.0000,0.0000,0.0000,0.0000,0.0000,0.0000,0,0,,,,,,,0,0,0,0,0,0,0,0,0,0,0,0,0,0,0,0,0,0,0,0,0,0,0,0,0,0,0,0,0,0,0,0,0,0,0,0,0,0,0,0,0,0,0,0,0,0,0,0,0,0,0,
1,8_4,10_51_26,7.1487,0,1,0,2.148277,Baseline,2.337,0.992,-1.001778,2.214235,359.0023,-1.668773E-09,0.0000,0.0000,0.0000,0.0000,0.0000,0.0000,0,0,,,,,,,0,0,0,0,0,0,0,0,0,0,0,0,0,0,0,0,0,0,0,0,0,0,0,0,0,0,0,0,0,0,0,0,0,0,0,0,0,0,0,0,0,0,0,0,0,0,0,0,0,0,0,
1,8_4,10_51_26,7.1520,0,1,0,2.151584,Baseline,2.337,0.992,-1.001778,2.214235,359.0023,-1.668773E-09,0.0000,0.0000,0.0000,0.0000,0.0000,0.0000,0,0,,,,,,,0,0,0,0,0,0,0,0,0,0,0,0,0,0,0,0,0,0,0,0,0,0,0,0,0,0,0,0,0,0,0,0,0,0,0,0,0,0,0,0,0,0,0,0,0,0,0,0,0,0,0,
1,8_4,10_51_26,7.1552,0,1,0,2.154785,Baseline,2.337,0.992,-1.001778,2.214235,359.0023,-1.668773E-09,0.0000,0.0000,0.0000,0.0000,0.0000,0.0000,0,0,,,,,,,0,0,0,0,0,0,0,0,0,0,0,0,0,0,0,0,0,0,0,0,0,0,0,0,0,0,0,0,0,0,0,0,0,0,0,0,0,0,0,0,0,0,0,0,0,0,0,0,0,0,0,
1,8_4,10_51_26,7.1585,0,1,0,2.15804,Baseline,2.337,0.992,-1.001778,2.214235,359.0023,-1.668773E-09,0.0000,0.0000,0.0000,0.0000,0.0000,0.0000,0,0,,,,,,,0,0,0,0,0,0,0,0,0,0,0,0,0,0,0,0,0,0,0,0,0,0,0,0,0,0,0,0,0,0,0,0,0,0,0,0,0,0,0,0,0,0,0,0,0,0,0,0,0,0,0,
1,8_4,10_51_26,7.1619,0,1,0,2.161486,Baseline,2.337,0.992,-1.001778,2.214235,359.0023,-1.668773E-09,0.0000,0.0000,0.0000,0.0000,0.0000,0.0000,0,0,,,,,,,0,0,0,0,0,0,0,0,0,0,0,0,0,0,0,0,0,0,0,0,0,0,0,0,0,0,0,0,0,0,0,0,0,0,0,0,0,0,0,0,0,0,0,0,0,0,0,0,0,0,0,
1,8_4,10_51_26,7.1652,0,1,0,2.164783,Baseline,2.337,0.992,-1.001778,2.214235,359.0023,-1.668773E-09,0.0000,0.0000,0.0000,0.0000,0.0000,0.0000,0,0,,,,,,,0,0,0,0,0,0,0,0,0,0,0,0,0,0,0,0,0,0,0,0,0,0,0,0,0,0,0,0,0,0,0,0,0,0,0,0,0,0,0,0,0,0,0,0,0,0,0,0,0,0,0,
1,8_4,10_51_26,7.1684,0,1,0,2.167984,Baseline,2.337,0.992,-1.001778,2.214235,359.0023,-1.668773E-09,0.0000,0.0000,0.0000,0.0000,0.0000,0.0000,0,0,,,,,,,0,0,0,0,0,0,0,0,0,0,0,0,0,0,0,0,0,0,0,0,0,0,0,0,0,0,0,0,0,0,0,0,0,0,0,0,0,0,0,0,0,0,0,0,0,0,0,0,0,0,0,
1,8_4,10_51_26,7.1716,0,1,0,2.171173,Baseline,2.337,0.992,-1.001778,2.214235,359.0023,-1.668773E-09,0.0000,0.0000,0.0000,0.0000,0.0000,0.0000,0,0,,,,,,,0,0,0,0,0,0,0,0,0,0,0,0,0,0,0,0,0,0,0,0,0,0,0,0,0,0,0,0,0,0,0,0,0,0,0,0,0,0,0,0,0,0,0,0,0,0,0,0,0,0,0,
1,8_4,10_51_26,7.1749,0,1,0,2.174488,Baseline,2.337,0.992,-1.001778,2.214235,359.0023,-1.668773E-09,0.0000,0.0000,0.0000,0.0000,0.0000,0.0000,0,0,,,,,,,0,0,0,0,0,0,0,0,0,0,0,0,0,0,0,0,0,0,0,0,0,0,0,0,0,0,0,0,0,0,0,0,0,0,0,0,0,0,0,0,0,0,0,0,0,0,0,0,0,0,0,
1,8_4,10_51_26,7.1781,0,1,0,2.177683,Baseline,2.337,0.992,-1.001778,2.214235,359.0023,-1.668773E-09,0.0000,0.0000,0.0000,0.0000,0.0000,0.0000,0,0,,,,,,,0,0,0,0,0,0,0,0,0,0,0,0,0,0,0,0,0,0,0,0,0,0,0,0,0,0,0,0,0,0,0,0,0,0,0,0,0,0,0,0,0,0,0,0,0,0,0,0,0,0,0,
1,8_4,10_51_26,7.1813,0,1,0,2.180809,Baseline,2.337,0.992,-1.001778,2.214235,359.0023,-1.668773E-09,0.0000,0.0000,0.0000,0.0000,0.0000,0.0000,0,0,,,,,,,0,0,0,0,0,0,0,0,0,0,0,0,0,0,0,0,0,0,0,0,0,0,0,0,0,0,0,0,0,0,0,0,0,0,0,0,0,0,0,0,0,0,0,0,0,0,0,0,0,0,0,
1,8_4,10_51_26,7.1844,0,1,0,2.183989,Baseline,2.337,0.992,-1.001778,2.214235,359.0023,-1.668773E-09,0.0000,0.0000,0.0000,0.0000,0.0000,0.0000,0,0,,,,,,,0,0,0,0,0,0,0,0,0,0,0,0,0,0,0,0,0,0,0,0,0,0,0,0,0,0,0,0,0,0,0,0,0,0,0,0,0,0,0,0,0,0,0,0,0,0,0,0,0,0,0,
1,8_4,10_51_26,7.1877,0,1,0,2.187206,Baseline,2.337,0.992,-1.001778,2.214235,359.0023,-1.668773E-09,0.0000,0.0000,0.0000,0.0000,0.0000,0.0000,0,0,,,,,,,0,0,0,0,0,0,0,0,0,0,0,0,0,0,0,0,0,0,0,0,0,0,0,0,0,0,0,0,0,0,0,0,0,0,0,0,0,0,0,0,0,0,0,0,0,0,0,0,0,0,0,
1,8_4,10_51_26,7.1909,0,1,0,2.190416,Baseline,2.337,0.992,-1.001778,2.214235,359.0023,-1.668773E-09,0.0000,0.0000,0.0000,0.0000,0.0000,0.0000,0,0,,,,,,,0,0,0,0,0,0,0,0,0,0,0,0,0,0,0,0,0,0,0,0,0,0,0,0,0,0,0,0,0,0,0,0,0,0,0,0,0,0,0,0,0,0,0,0,0,0,0,0,0,0,0,
1,8_4,10_51_26,7.1940,0,1,0,2.1936,Baseline,2.337,0.992,-1.001778,2.214235,359.0023,-1.668773E-09,0.0000,0.0000,0.0000,0.0000,0.0000,0.0000,0,0,,,,,,,0,0,0,0,0,0,0,0,0,0,0,0,0,0,0,0,0,0,0,0,0,0,0,0,0,0,0,0,0,0,0,0,0,0,0,0,0,0,0,0,0,0,0,0,0,0,0,0,0,0,0,
1,8_4,10_51_26,7.1972,0,1,0,2.196802,Baseline,2.337,0.992,-1.001778,2.214235,359.0023,-1.668773E-09,0.0000,0.0000,0.0000,0.0000,0.0000,0.0000,0,0,,,,,,,0,0,0,0,0,0,0,0,0,0,0,0,0,0,0,0,0,0,0,0,0,0,0,0,0,0,0,0,0,0,0,0,0,0,0,0,0,0,0,0,0,0,0,0,0,0,0,0,0,0,0,
1,8_4,10_51_26,7.2004,0,1,0,2.199974,Baseline,2.337,0.992,-1.001778,2.214235,359.0023,-1.668773E-09,0.0000,0.0000,0.0000,0.0000,0.0000,0.0000,0,0,,,,,,,0,0,0,0,0,0,0,0,0,0,0,0,0,0,0,0,0,0,0,0,0,0,0,0,0,0,0,0,0,0,0,0,0,0,0,0,0,0,0,0,0,0,0,0,0,0,0,0,0,0,0,
1,8_4,10_51_26,7.2038,0,1,0,2.203341,Baseline,2.337,0.992,-1.001778,2.214235,359.0023,-1.668773E-09,0.0000,0.0000,0.0000,0.0000,0.0000,0.0000,0,0,,,,,,,0,0,0,0,0,0,0,0,0,0,0,0,0,0,0,0,0,0,0,0,0,0,0,0,0,0,0,0,0,0,0,0,0,0,0,0,0,0,0,0,0,0,0,0,0,0,0,0,0,0,0,
1,8_4,10_51_26,7.2076,0,1,0,2.20712,Baseline,2.337,0.992,-1.001778,2.214235,359.0023,-1.668773E-09,0.0000,0.0000,0.0000,0.0000,0.0000,0.0000,0,0,,,,,,,0,0,0,0,0,0,0,0,0,0,0,0,0,0,0,0,0,0,0,0,0,0,0,0,0,0,0,0,0,0,0,0,0,0,0,0,0,0,0,0,0,0,0,0,0,0,0,0,0,0,0,
1,8_4,10_51_26,7.2108,0,1,0,2.21037,Baseline,2.337,0.992,-1.001778,2.214235,359.0023,-1.668773E-09,0.0000,0.0000,0.0000,0.0000,0.0000,0.0000,0,0,,,,,,,0,0,0,0,0,0,0,0,0,0,0,0,0,0,0,0,0,0,0,0,0,0,0,0,0,0,0,0,0,0,0,0,0,0,0,0,0,0,0,0,0,0,0,0,0,0,0,0,0,0,0,
1,8_4,10_51_26,7.2142,0,1,0,2.213748,Baseline,2.337,0.992,-1.001778,2.214235,359.0023,-1.668773E-09,0.0000,0.0000,0.0000,0.0000,0.0000,0.0000,0,0,,,,,,,0,0,0,0,0,0,0,0,0,0,0,0,0,0,0,0,0,0,0,0,0,0,0,0,0,0,0,0,0,0,0,0,0,0,0,0,0,0,0,0,0,0,0,0,0,0,0,0,0,0,0,
1,8_4,10_51_26,7.2174,0,1,0,2.216913,Baseline,2.337,0.992,-1.001778,2.214235,359.0023,-1.668773E-09,0.0000,0.0000,0.0000,0.0000,0.0000,0.0000,0,0,,,,,,,0,0,0,0,0,0,0,0,0,0,0,0,0,0,0,0,0,0,0,0,0,0,0,0,0,0,0,0,0,0,0,0,0,0,0,0,0,0,0,0,0,0,0,0,0,0,0,0,0,0,0,
1,8_4,10_51_26,7.2207,0,1,0,2.220256,Baseline,2.337,0.992,-1.001778,2.214235,359.0023,-1.668773E-09,0.0000,0.0000,0.0000,0.0000,0.0000,0.0000,0,0,,,,,,,0,0,0,0,0,0,0,0,0,0,0,0,0,0,0,0,0,0,0,0,0,0,0,0,0,0,0,0,0,0,0,0,0,0,0,0,0,0,0,0,0,0,0,0,0,0,0,0,0,0,0,
1,8_4,10_51_26,7.2240,0,1,0,2.22353,Baseline,2.337,0.992,-1.001778,2.214235,359.0023,-1.668773E-09,0.0000,0.0000,0.0000,0.0000,0.0000,0.0000,0,0,,,,,,,0,0,0,0,0,0,0,0,0,0,0,0,0,0,0,0,0,0,0,0,0,0,0,0,0,0,0,0,0,0,0,0,0,0,0,0,0,0,0,0,0,0,0,0,0,0,0,0,0,0,0,
1,8_4,10_51_26,7.2274,0,1,0,2.226943,Baseline,2.337,0.992,-1.001778,2.214235,359.0023,-1.668773E-09,0.0000,0.0000,0.0000,0.0000,0.0000,0.0000,0,0,,,,,,,0,0,0,0,0,0,0,0,0,0,0,0,0,0,0,0,0,0,0,0,0,0,0,0,0,0,0,0,0,0,0,0,0,0,0,0,0,0,0,0,0,0,0,0,0,0,0,0,0,0,0,
1,8_4,10_51_26,7.2307,0,1,0,2.23021,Baseline,2.337,0.992,-1.001778,2.214235,359.0023,-1.668773E-09,0.0000,0.0000,0.0000,0.0000,0.0000,0.0000,0,0,,,,,,,0,0,0,0,0,0,0,0,0,0,0,0,0,0,0,0,0,0,0,0,0,0,0,0,0,0,0,0,0,0,0,0,0,0,0,0,0,0,0,0,0,0,0,0,0,0,0,0,0,0,0,
1,8_4,10_51_26,7.2339,0,1,0,2.233412,Baseline,2.337,0.992,-1.001778,2.214235,359.0023,-1.668773E-09,0.0000,0.0000,0.0000,0.0000,0.0000,0.0000,0,0,,,,,,,0,0,0,0,0,0,0,0,0,0,0,0,0,0,0,0,0,0,0,0,0,0,0,0,0,0,0,0,0,0,0,0,0,0,0,0,0,0,0,0,0,0,0,0,0,0,0,0,0,0,0,
1,8_4,10_51_26,7.2371,0,1,0,2.236649,Baseline,2.337,0.992,-1.001778,2.214235,359.0023,-1.668773E-09,0.0000,0.0000,0.0000,0.0000,0.0000,0.0000,0,0,,,,,,,0,0,0,0,0,0,0,0,0,0,0,0,0,0,0,0,0,0,0,0,0,0,0,0,0,0,0,0,0,0,0,0,0,0,0,0,0,0,0,0,0,0,0,0,0,0,0,0,0,0,0,
1,8_4,10_51_26,7.2404,0,1,0,2.239907,Baseline,2.337,0.992,-1.001778,2.214235,359.0023,-1.668773E-09,0.0000,0.0000,0.0000,0.0000,0.0000,0.0000,0,0,,,,,,,0,0,0,0,0,0,0,0,0,0,0,0,0,0,0,0,0,0,0,0,0,0,0,0,0,0,0,0,0,0,0,0,0,0,0,0,0,0,0,0,0,0,0,0,0,0,0,0,0,0,0,
1,8_4,10_51_26,7.2437,0,1,0,2.243281,Baseline,2.337,0.992,-1.001778,2.214235,359.0023,-1.668773E-09,0.0000,0.0000,0.0000,0.0000,0.0000,0.0000,0,0,,,,,,,0,0,0,0,0,0,0,0,0,0,0,0,0,0,0,0,0,0,0,0,0,0,0,0,0,0,0,0,0,0,0,0,0,0,0,0,0,0,0,0,0,0,0,0,0,0,0,0,0,0,0,
1,8_4,10_51_26,7.2468,0,1,0,2.246381,Baseline,2.337,0.992,-1.001778,2.214235,359.0023,-1.668773E-09,0.0000,0.0000,0.0000,0.0000,0.0000,0.0000,0,0,,,,,,,0,0,0,0,0,0,0,0,0,0,0,0,0,0,0,0,0,0,0,0,0,0,0,0,0,0,0,0,0,0,0,0,0,0,0,0,0,0,0,0,0,0,0,0,0,0,0,0,0,0,0,
1,8_4,10_51_26,7.2500,0,1,0,2.249558,Baseline,2.337,0.992,-1.001778,2.214235,359.0023,-1.668773E-09,0.0000,0.0000,0.0000,0.0000,0.0000,0.0000,0,0,,,,,,,0,0,0,0,0,0,0,0,0,0,0,0,0,0,0,0,0,0,0,0,0,0,0,0,0,0,0,0,0,0,0,0,0,0,0,0,0,0,0,0,0,0,0,0,0,0,0,0,0,0,0,
1,8_4,10_51_26,7.2532,0,1,0,2.252777,Baseline,2.337,0.992,-1.001778,2.214235,359.0023,-1.668773E-09,0.0000,0.0000,0.0000,0.0000,0.0000,0.0000,0,0,,,,,,,0,0,0,0,0,0,0,0,0,0,0,0,0,0,0,0,0,0,0,0,0,0,0,0,0,0,0,0,0,0,0,0,0,0,0,0,0,0,0,0,0,0,0,0,0,0,0,0,0,0,0,
1,8_4,10_51_26,7.2568,0,1,0,2.256387,Baseline,2.337,0.992,-1.001778,2.214235,359.0023,-1.668773E-09,0.0000,0.0000,0.0000,0.0000,0.0000,0.0000,0,0,,,,,,,0,0,0,0,0,0,0,0,0,0,0,0,0,0,0,0,0,0,0,0,0,0,0,0,0,0,0,0,0,0,0,0,0,0,0,0,0,0,0,0,0,0,0,0,0,0,0,0,0,0,0,
1,8_4,10_51_26,7.2614,0,1,0,2.260943,Baseline,2.337,0.992,-1.001778,2.214235,359.0023,-1.668773E-09,0.0000,0.0000,0.0000,0.0000,0.0000,0.0000,0,0,,,,,,,0,0,0,0,0,0,0,0,0,0,0,0,0,0,0,0,0,0,0,0,0,0,0,0,0,0,0,0,0,0,0,0,0,0,0,0,0,0,0,0,0,0,0,0,0,0,0,0,0,0,0,
1,8_4,10_51_26,7.2648,0,1,0,2.264338,Baseline,2.337,0.992,-1.001778,2.214235,359.0023,-1.668773E-09,0.0000,0.0000,0.0000,0.0000,0.0000,0.0000,0,0,,,,,,,0,0,0,0,0,0,0,0,0,0,0,0,0,0,0,0,0,0,0,0,0,0,0,0,0,0,0,0,0,0,0,0,0,0,0,0,0,0,0,0,0,0,0,0,0,0,0,0,0,0,0,
1,8_4,10_51_26,7.2679,0,1,0,2.267483,Baseline,2.337,0.992,-1.001778,2.214235,359.0023,-1.668773E-09,0.0000,0.0000,0.0000,0.0000,0.0000,0.0000,0,0,,,,,,,0,0,0,0,0,0,0,0,0,0,0,0,0,0,0,0,0,0,0,0,0,0,0,0,0,0,0,0,0,0,0,0,0,0,0,0,0,0,0,0,0,0,0,0,0,0,0,0,0,0,0,
1,8_4,10_51_26,7.2711,0,1,0,2.270673,Baseline,2.337,0.992,-1.001778,2.214235,359.0023,-1.668773E-09,0.0000,0.0000,0.0000,0.0000,0.0000,0.0000,0,0,,,,,,,0,0,0,0,0,0,0,0,0,0,0,0,0,0,0,0,0,0,0,0,0,0,0,0,0,0,0,0,0,0,0,0,0,0,0,0,0,0,0,0,0,0,0,0,0,0,0,0,0,0,0,
1,8_4,10_51_26,7.2743,0,1,0,2.27384,Baseline,2.337,0.992,-1.001778,2.214235,359.0023,-1.668773E-09,0.0000,0.0000,0.0000,0.0000,0.0000,0.0000,0,0,,,,,,,0,0,0,0,0,0,0,0,0,0,0,0,0,0,0,0,0,0,0,0,0,0,0,0,0,0,0,0,0,0,0,0,0,0,0,0,0,0,0,0,0,0,0,0,0,0,0,0,0,0,0,
1,8_4,10_51_26,7.2777,0,1,0,2.277273,Baseline,2.337,0.992,-1.001778,2.214235,359.0023,-1.668773E-09,0.0000,0.0000,0.0000,0.0000,0.0000,0.0000,0,0,,,,,,,0,0,0,0,0,0,0,0,0,0,0,0,0,0,0,0,0,0,0,0,0,0,0,0,0,0,0,0,0,0,0,0,0,0,0,0,0,0,0,0,0,0,0,0,0,0,0,0,0,0,0,
1,8_4,10_51_26,7.2811,0,1,0,2.280606,Baseline,2.337,0.992,-1.001778,2.214235,359.0023,-1.668773E-09,0.0000,0.0000,0.0000,0.0000,0.0000,0.0000,0,0,,,,,,,0,0,0,0,0,0,0,0,0,0,0,0,0,0,0,0,0,0,0,0,0,0,0,0,0,0,0,0,0,0,0,0,0,0,0,0,0,0,0,0,0,0,0,0,0,0,0,0,0,0,0,
1,8_4,10_51_26,7.2845,0,1,0,2.284075,Baseline,2.337,0.992,-1.001778,2.214235,359.0023,-1.668773E-09,0.0000,0.0000,0.0000,0.0000,0.0000,0.0000,0,0,,,,,,,0,0,0,0,0,0,0,0,0,0,0,0,0,0,0,0,0,0,0,0,0,0,0,0,0,0,0,0,0,0,0,0,0,0,0,0,0,0,0,0,0,0,0,0,0,0,0,0,0,0,0,
1,8_4,10_51_26,7.2877,0,1,0,2.287267,Baseline,2.337,0.992,-1.001778,2.214235,359.0023,-1.668773E-09,0.0000,0.0000,0.0000,0.0000,0.0000,0.0000,0,0,,,,,,,0,0,0,0,0,0,0,0,0,0,0,0,0,0,0,0,0,0,0,0,0,0,0,0,0,0,0,0,0,0,0,0,0,0,0,0,0,0,0,0,0,0,0,0,0,0,0,0,0,0,0,
1,8_4,10_51_26,7.2909,0,1,0,2.29046,Baseline,2.337,0.992,-1.001778,2.214235,359.0023,-1.668773E-09,0.0000,0.0000,0.0000,0.0000,0.0000,0.0000,0,0,,,,,,,0,0,0,0,0,0,0,0,0,0,0,0,0,0,0,0,0,0,0,0,0,0,0,0,0,0,0,0,0,0,0,0,0,0,0,0,0,0,0,0,0,0,0,0,0,0,0,0,0,0,0,
1,8_4,10_51_26,7.2944,0,1,0,2.293919,Baseline,2.337,0.992,-1.001778,2.214235,359.0023,-1.668773E-09,0.0000,0.0000,0.0000,0.0000,0.0000,0.0000,0,0,,,,,,,0,0,0,0,0,0,0,0,0,0,0,0,0,0,0,0,0,0,0,0,0,0,0,0,0,0,0,0,0,0,0,0,0,0,0,0,0,0,0,0,0,0,0,0,0,0,0,0,0,0,0,
1,8_4,10_51_26,7.2978,0,1,0,2.297315,Baseline,2.337,0.992,-1.001778,2.214235,359.0023,-1.668773E-09,0.0000,0.0000,0.0000,0.0000,0.0000,0.0000,0,0,,,,,,,0,0,0,0,0,0,0,0,0,0,0,0,0,0,0,0,0,0,0,0,0,0,0,0,0,0,0,0,0,0,0,0,0,0,0,0,0,0,0,0,0,0,0,0,0,0,0,0,0,0,0,
1,8_4,10_51_26,7.3010,0,1,0,2.300526,Baseline,2.337,0.992,-1.001778,2.214235,359.0023,-1.668773E-09,0.0000,0.0000,0.0000,0.0000,0.0000,0.0000,0,0,,,,,,,0,0,0,0,0,0,0,0,0,0,0,0,0,0,0,0,0,0,0,0,0,0,0,0,0,0,0,0,0,0,0,0,0,0,0,0,0,0,0,0,0,0,0,0,0,0,0,0,0,0,0,
1,8_4,10_51_26,7.3043,0,1,0,2.303874,Baseline,2.337,0.992,-1.001778,2.214235,359.0023,-1.668773E-09,0.0000,0.0000,0.0000,0.0000,0.0000,0.0000,0,0,,,,,,,0,0,0,0,0,0,0,0,0,0,0,0,0,0,0,0,0,0,0,0,0,0,0,0,0,0,0,0,0,0,0,0,0,0,0,0,0,0,0,0,0,0,0,0,0,0,0,0,0,0,0,
1,8_4,10_51_26,7.3076,0,1,0,2.307135,Baseline,2.337,0.992,-1.001778,2.214235,359.0023,-1.668773E-09,0.0000,0.0000,0.0000,0.0000,0.0000,0.0000,0,0,,,,,,,0,0,0,0,0,0,0,0,0,0,0,0,0,0,0,0,0,0,0,0,0,0,0,0,0,0,0,0,0,0,0,0,0,0,0,0,0,0,0,0,0,0,0,0,0,0,0,0,0,0,0,
1,8_4,10_51_26,7.3110,0,1,0,2.31057,Baseline,2.337,0.992,-1.001778,2.214235,359.0023,-1.668773E-09,0.0000,0.0000,0.0000,0.0000,0.0000,0.0000,0,0,,,,,,,0,0,0,0,0,0,0,0,0,0,0,0,0,0,0,0,0,0,0,0,0,0,0,0,0,0,0,0,0,0,0,0,0,0,0,0,0,0,0,0,0,0,0,0,0,0,0,0,0,0,0,
1,8_4,10_51_26,7.3143,0,1,0,2.313872,Baseline,2.337,0.992,-1.001778,2.214235,359.0023,-1.668773E-09,0.0000,0.0000,0.0000,0.0000,0.0000,0.0000,0,0,,,,,,,0,0,0,0,0,0,0,0,0,0,0,0,0,0,0,0,0,0,0,0,0,0,0,0,0,0,0,0,0,0,0,0,0,0,0,0,0,0,0,0,0,0,0,0,0,0,0,0,0,0,0,
1,8_4,10_51_26,7.3177,0,1,0,2.3173,Baseline,2.337,0.992,-1.001778,2.214235,359.0023,-1.668773E-09,0.0000,0.0000,0.0000,0.0000,0.0000,0.0000,0,0,,,,,,,0,0,0,0,0,0,0,0,0,0,0,0,0,0,0,0,0,0,0,0,0,0,0,0,0,0,0,0,0,0,0,0,0,0,0,0,0,0,0,0,0,0,0,0,0,0,0,0,0,0,0,
1,8_4,10_51_26,7.3209,0,1,0,2.320446,Baseline,2.337,0.992,-1.001778,2.214235,359.0023,-1.668773E-09,0.0000,0.0000,0.0000,0.0000,0.0000,0.0000,0,0,,,,,,,0,0,0,0,0,0,0,0,0,0,0,0,0,0,0,0,0,0,0,0,0,0,0,0,0,0,0,0,0,0,0,0,0,0,0,0,0,0,0,0,0,0,0,0,0,0,0,0,0,0,0,
1,8_4,10_51_26,7.3246,0,1,0,2.32417,Baseline,2.337,0.992,-1.001778,2.214235,359.0023,-1.668773E-09,0.0000,0.0000,0.0000,0.0000,0.0000,0.0000,0,0,,,,,,,0,0,0,0,0,0,0,0,0,0,0,0,0,0,0,0,0,0,0,0,0,0,0,0,0,0,0,0,0,0,0,0,0,0,0,0,0,0,0,0,0,0,0,0,0,0,0,0,0,0,0,
1,8_4,10_51_26,7.3278,0,1,0,2.327325,Baseline,2.337,0.992,-1.001778,2.214235,359.0023,-1.668773E-09,0.0000,0.0000,0.0000,0.0000,0.0000,0.0000,0,0,,,,,,,0,0,0,0,0,0,0,0,0,0,0,0,0,0,0,0,0,0,0,0,0,0,0,0,0,0,0,0,0,0,0,0,0,0,0,0,0,0,0,0,0,0,0,0,0,0,0,0,0,0,0,
1,8_4,10_51_26,7.3311,0,1,0,2.330609,Baseline,2.337,0.992,-1.001778,2.214235,359.0023,-1.668773E-09,0.0000,0.0000,0.0000,0.0000,0.0000,0.0000,0,0,,,,,,,0,0,0,0,0,0,0,0,0,0,0,0,0,0,0,0,0,0,0,0,0,0,0,0,0,0,0,0,0,0,0,0,0,0,0,0,0,0,0,0,0,0,0,0,0,0,0,0,0,0,0,
1,8_4,10_51_26,7.3343,0,1,0,2.333804,Baseline,2.337,0.992,-1.001778,2.214235,359.0023,-1.668773E-09,0.0000,0.0000,0.0000,0.0000,0.0000,0.0000,0,0,,,,,,,0,0,0,0,0,0,0,0,0,0,0,0,0,0,0,0,0,0,0,0,0,0,0,0,0,0,0,0,0,0,0,0,0,0,0,0,0,0,0,0,0,0,0,0,0,0,0,0,0,0,0,
1,8_4,10_51_26,7.3375,0,1,0,2.337046,Baseline,2.337,0.992,-1.001778,2.214235,359.0023,-1.668773E-09,0.0000,0.0000,0.0000,0.0000,0.0000,0.0000,0,0,,,,,,,0,0,0,0,0,0,0,0,0,0,0,0,0,0,0,0,0,0,0,0,0,0,0,0,0,0,0,0,0,0,0,0,0,0,0,0,0,0,0,0,0,0,0,0,0,0,0,0,0,0,0,
1,8_4,10_51_26,7.3412,0,1,0,2.340797,Baseline,2.337,0.992,-1.001778,2.214235,359.0023,-1.668773E-09,0.0000,0.0000,0.0000,0.0000,0.0000,0.0000,0,0,,,,,,,0,0,0,0,0,0,0,0,0,0,0,0,0,0,0,0,0,0,0,0,0,0,0,0,0,0,0,0,0,0,0,0,0,0,0,0,0,0,0,0,0,0,0,0,0,0,0,0,0,0,0,
1,8_4,10_51_26,7.3446,0,1,0,2.344161,Baseline,2.337,0.992,-1.001778,2.214235,359.0023,-1.668773E-09,0.0000,0.0000,0.0000,0.0000,0.0000,0.0000,0,0,,,,,,,0,0,0,0,0,0,0,0,0,0,0,0,0,0,0,0,0,0,0,0,0,0,0,0,0,0,0,0,0,0,0,0,0,0,0,0,0,0,0,0,0,0,0,0,0,0,0,0,0,0,0,
1,8_4,10_51_26,7.3478,0,1,0,2.347376,Baseline,2.337,0.992,-1.001778,2.214235,359.0023,-1.668773E-09,0.0000,0.0000,0.0000,0.0000,0.0000,0.0000,0,0,,,,,,,0,0,0,0,0,0,0,0,0,0,0,0,0,0,0,0,0,0,0,0,0,0,0,0,0,0,0,0,0,0,0,0,0,0,0,0,0,0,0,0,0,0,0,0,0,0,0,0,0,0,0,
1,8_4,10_51_26,7.3511,0,1,0,2.350607,Baseline,2.337,0.992,-1.001778,2.214235,359.0023,-1.668773E-09,0.0000,0.0000,0.0000,0.0000,0.0000,0.0000,0,0,,,,,,,0,0,0,0,0,0,0,0,0,0,0,0,0,0,0,0,0,0,0,0,0,0,0,0,0,0,0,0,0,0,0,0,0,0,0,0,0,0,0,0,0,0,0,0,0,0,0,0,0,0,0,
1,8_4,10_51_26,7.3545,0,1,0,2.354069,Baseline,2.337,0.992,-1.001778,2.214235,359.0023,-1.668773E-09,0.0000,0.0000,0.0000,0.0000,0.0000,0.0000,0,0,,,,,,,0,0,0,0,0,0,0,0,0,0,0,0,0,0,0,0,0,0,0,0,0,0,0,0,0,0,0,0,0,0,0,0,0,0,0,0,0,0,0,0,0,0,0,0,0,0,0,0,0,0,0,
1,8_4,10_51_26,7.3583,0,1,0,2.357892,Baseline,2.337,0.992,-1.001778,2.214235,359.0023,-1.668773E-09,0.0000,0.0000,0.0000,0.0000,0.0000,0.0000,0,0,,,,,,,0,0,0,0,0,0,0,0,0,0,0,0,0,0,0,0,0,0,0,0,0,0,0,0,0,0,0,0,0,0,0,0,0,0,0,0,0,0,0,0,0,0,0,0,0,0,0,0,0,0,0,
1,8_4,10_51_26,7.3616,0,1,0,2.361141,Baseline,2.337,0.992,-1.001778,2.214235,359.0023,-1.668773E-09,0.0000,0.0000,0.0000,0.0000,0.0000,0.0000,0,0,,,,,,,0,0,0,0,0,0,0,0,0,0,0,0,0,0,0,0,0,0,0,0,0,0,0,0,0,0,0,0,0,0,0,0,0,0,0,0,0,0,0,0,0,0,0,0,0,0,0,0,0,0,0,
1,8_4,10_51_26,7.3649,0,1,0,2.364421,Baseline,2.337,0.992,-1.001778,2.214235,359.0023,-1.668773E-09,0.0000,0.0000,0.0000,0.0000,0.0000,0.0000,0,0,,,,,,,0,0,0,0,0,0,0,0,0,0,0,0,0,0,0,0,0,0,0,0,0,0,0,0,0,0,0,0,0,0,0,0,0,0,0,0,0,0,0,0,0,0,0,0,0,0,0,0,0,0,0,
1,8_4,10_51_26,7.3681,0,1,0,2.36764,Baseline,2.337,0.992,-1.001778,2.214235,359.0023,-1.668773E-09,0.0000,0.0000,0.0000,0.0000,0.0000,0.0000,0,0,,,,,,,0,0,0,0,0,0,0,0,0,0,0,0,0,0,0,0,0,0,0,0,0,0,0,0,0,0,0,0,0,0,0,0,0,0,0,0,0,0,0,0,0,0,0,0,0,0,0,0,0,0,0,
1,8_4,10_51_26,7.3717,0,1,0,2.371279,Baseline,2.337,0.992,-1.001778,2.214235,359.0023,-1.668773E-09,0.0000,0.0000,0.0000,0.0000,0.0000,0.0000,0,0,,,,,,,0,0,0,0,0,0,0,0,0,0,0,0,0,0,0,0,0,0,0,0,0,0,0,0,0,0,0,0,0,0,0,0,0,0,0,0,0,0,0,0,0,0,0,0,0,0,0,0,0,0,0,
1,8_4,10_51_26,7.3749,0,1,0,2.374421,Baseline,2.337,0.992,-1.001778,2.214235,359.0023,-1.668773E-09,0.0000,0.0000,0.0000,0.0000,0.0000,0.0000,0,0,,,,,,,0,0,0,0,0,0,0,0,0,0,0,0,0,0,0,0,0,0,0,0,0,0,0,0,0,0,0,0,0,0,0,0,0,0,0,0,0,0,0,0,0,0,0,0,0,0,0,0,0,0,0,
1,8_4,10_51_26,7.3780,0,1,0,2.377591,Baseline,2.337,0.992,-1.001778,2.214235,359.0023,-1.668773E-09,0.0000,0.0000,0.0000,0.0000,0.0000,0.0000,0,0,,,,,,,0,0,0,0,0,0,0,0,0,0,0,0,0,0,0,0,0,0,0,0,0,0,0,0,0,0,0,0,0,0,0,0,0,0,0,0,0,0,0,0,0,0,0,0,0,0,0,0,0,0,0,
1,8_4,10_51_26,7.3812,0,1,0,2.380782,Baseline,2.337,0.992,-1.001778,2.214235,359.0023,-1.668773E-09,0.0000,0.0000,0.0000,0.0000,0.0000,0.0000,0,0,,,,,,,0,0,0,0,0,0,0,0,0,0,0,0,0,0,0,0,0,0,0,0,0,0,0,0,0,0,0,0,0,0,0,0,0,0,0,0,0,0,0,0,0,0,0,0,0,0,0,0,0,0,0,
1,8_4,10_51_26,7.3847,0,1,0,2.384219,Baseline,2.337,0.992,-1.001778,2.214235,359.0023,-1.668773E-09,0.0000,0.0000,0.0000,0.0000,0.0000,0.0000,0,0,,,,,,,0,0,0,0,0,0,0,0,0,0,0,0,0,0,0,0,0,0,0,0,0,0,0,0,0,0,0,0,0,0,0,0,0,0,0,0,0,0,0,0,0,0,0,0,0,0,0,0,0,0,0,
1,8_4,10_51_26,7.3879,0,1,0,2.387436,Baseline,2.337,0.992,-1.001778,2.214235,359.0023,-1.668773E-09,0.0000,0.0000,0.0000,0.0000,0.0000,0.0000,0,0,,,,,,,0,0,0,0,0,0,0,0,0,0,0,0,0,0,0,0,0,0,0,0,0,0,0,0,0,0,0,0,0,0,0,0,0,0,0,0,0,0,0,0,0,0,0,0,0,0,0,0,0,0,0,
1,8_4,10_51_26,7.3910,0,1,0,2.390602,Baseline,2.337,0.992,-1.001778,2.214235,359.0023,-1.668773E-09,0.0000,0.0000,0.0000,0.0000,0.0000,0.0000,0,0,,,,,,,0,0,0,0,0,0,0,0,0,0,0,0,0,0,0,0,0,0,0,0,0,0,0,0,0,0,0,0,0,0,0,0,0,0,0,0,0,0,0,0,0,0,0,0,0,0,0,0,0,0,0,
1,8_4,10_51_26,7.3944,0,1,0,2.393933,Baseline,2.337,0.992,-1.001778,2.214235,359.0023,-1.668773E-09,0.0000,0.0000,0.0000,0.0000,0.0000,0.0000,0,0,,,,,,,0,0,0,0,0,0,0,0,0,0,0,0,0,0,0,0,0,0,0,0,0,0,0,0,0,0,0,0,0,0,0,0,0,0,0,0,0,0,0,0,0,0,0,0,0,0,0,0,0,0,0,
1,8_4,10_51_26,7.3976,0,1,0,2.397184,Baseline,2.337,0.992,-1.001778,2.214235,359.0023,-1.668773E-09,0.0000,0.0000,0.0000,0.0000,0.0000,0.0000,0,0,,,,,,,0,0,0,0,0,0,0,0,0,0,0,0,0,0,0,0,0,0,0,0,0,0,0,0,0,0,0,0,0,0,0,0,0,0,0,0,0,0,0,0,0,0,0,0,0,0,0,0,0,0,0,
1,8_4,10_51_26,7.4012,0,1,0,2.400747,Baseline,2.337,0.992,-1.001778,2.214235,359.0023,-1.668773E-09,0.0000,0.0000,0.0000,0.0000,0.0000,0.0000,0,0,,,,,,,0,0,0,0,0,0,0,0,0,0,0,0,0,0,0,0,0,0,0,0,0,0,0,0,0,0,0,0,0,0,0,0,0,0,0,0,0,0,0,0,0,0,0,0,0,0,0,0,0,0,0,
1,8_4,10_51_26,7.4046,0,1,0,2.404137,Baseline,2.337,0.992,-1.001778,2.214235,359.0023,-1.668773E-09,0.0000,0.0000,0.0000,0.0000,0.0000,0.0000,0,0,,,,,,,0,0,0,0,0,0,0,0,0,0,0,0,0,0,0,0,0,0,0,0,0,0,0,0,0,0,0,0,0,0,0,0,0,0,0,0,0,0,0,0,0,0,0,0,0,0,0,0,0,0,0,
1,8_4,10_51_26,7.4078,0,1,0,2.407336,Baseline,2.337,0.992,-1.001778,2.214235,359.0023,-1.668773E-09,0.0000,0.0000,0.0000,0.0000,0.0000,0.0000,0,0,,,,,,,0,0,0,0,0,0,0,0,0,0,0,0,0,0,0,0,0,0,0,0,0,0,0,0,0,0,0,0,0,0,0,0,0,0,0,0,0,0,0,0,0,0,0,0,0,0,0,0,0,0,0,
1,8_4,10_51_26,7.4109,0,1,0,2.410447,Baseline,2.337,0.992,-1.001778,2.214235,359.0023,-1.668773E-09,0.0000,0.0000,0.0000,0.0000,0.0000,0.0000,0,0,,,,,,,0,0,0,0,0,0,0,0,0,0,0,0,0,0,0,0,0,0,0,0,0,0,0,0,0,0,0,0,0,0,0,0,0,0,0,0,0,0,0,0,0,0,0,0,0,0,0,0,0,0,0,
1,8_4,10_51_26,7.4142,0,1,0,2.413781,Baseline,2.337,0.992,-1.001778,2.214235,359.0023,-1.668773E-09,0.0000,0.0000,0.0000,0.0000,0.0000,0.0000,0,0,,,,,,,0,0,0,0,0,0,0,0,0,0,0,0,0,0,0,0,0,0,0,0,0,0,0,0,0,0,0,0,0,0,0,0,0,0,0,0,0,0,0,0,0,0,0,0,0,0,0,0,0,0,0,
1,8_4,10_51_26,7.4176,0,1,0,2.41717,Baseline,2.337,0.992,-1.001778,2.214235,359.0023,-1.668773E-09,0.0000,0.0000,0.0000,0.0000,0.0000,0.0000,0,0,,,,,,,0,0,0,0,0,0,0,0,0,0,0,0,0,0,0,0,0,0,0,0,0,0,0,0,0,0,0,0,0,0,0,0,0,0,0,0,0,0,0,0,0,0,0,0,0,0,0,0,0,0,0,
1,8_4,10_51_26,7.4211,0,1,0,2.420687,Baseline,2.337,0.992,-1.001778,2.214235,359.0023,-1.668773E-09,0.0000,0.0000,0.0000,0.0000,0.0000,0.0000,0,0,,,,,,,0,0,0,0,0,0,0,0,0,0,0,0,0,0,0,0,0,0,0,0,0,0,0,0,0,0,0,0,0,0,0,0,0,0,0,0,0,0,0,0,0,0,0,0,0,0,0,0,0,0,0,
1,8_4,10_51_26,7.4245,0,1,0,2.424026,Baseline,2.337,0.992,-1.001778,2.214235,359.0023,-1.668773E-09,0.0000,0.0000,0.0000,0.0000,0.0000,0.0000,0,0,,,,,,,0,0,0,0,0,0,0,0,0,0,0,0,0,0,0,0,0,0,0,0,0,0,0,0,0,0,0,0,0,0,0,0,0,0,0,0,0,0,0,0,0,0,0,0,0,0,0,0,0,0,0,
1,8_4,10_51_26,7.4276,0,1,0,2.427181,Baseline,2.337,0.992,-1.001778,2.214235,359.0023,-1.668773E-09,0.0000,0.0000,0.0000,0.0000,0.0000,0.0000,0,0,,,,,,,0,0,0,0,0,0,0,0,0,0,0,0,0,0,0,0,0,0,0,0,0,0,0,0,0,0,0,0,0,0,0,0,0,0,0,0,0,0,0,0,0,0,0,0,0,0,0,0,0,0,0,
1,8_4,10_51_26,7.4309,0,1,0,2.430426,Baseline,2.337,0.992,-1.001778,2.214235,359.0023,-1.668773E-09,0.0000,0.0000,0.0000,0.0000,0.0000,0.0000,0,0,,,,,,,0,0,0,0,0,0,0,0,0,0,0,0,0,0,0,0,0,0,0,0,0,0,0,0,0,0,0,0,0,0,0,0,0,0,0,0,0,0,0,0,0,0,0,0,0,0,0,0,0,0,0,
1,8_4,10_51_26,7.4341,0,1,0,2.433659,Baseline,2.337,0.992,-1.001778,2.214235,359.0023,-1.668773E-09,0.0000,0.0000,0.0000,0.0000,0.0000,0.0000,0,0,,,,,,,0,0,0,0,0,0,0,0,0,0,0,0,0,0,0,0,0,0,0,0,0,0,0,0,0,0,0,0,0,0,0,0,0,0,0,0,0,0,0,0,0,0,0,0,0,0,0,0,0,0,0,
1,8_4,10_51_26,7.4373,0,1,0,2.436875,Baseline,2.337,0.992,-1.001778,2.214235,359.0023,-1.668773E-09,0.0000,0.0000,0.0000,0.0000,0.0000,0.0000,0,0,,,,,,,0,0,0,0,0,0,0,0,0,0,0,0,0,0,0,0,0,0,0,0,0,0,0,0,0,0,0,0,0,0,0,0,0,0,0,0,0,0,0,0,0,0,0,0,0,0,0,0,0,0,0,
1,8_4,10_51_26,7.4405,0,1,0,2.44004,Baseline,2.337,0.992,-1.001778,2.214235,359.0023,-1.668773E-09,0.0000,0.0000,0.0000,0.0000,0.0000,0.0000,0,0,,,,,,,0,0,0,0,0,0,0,0,0,0,0,0,0,0,0,0,0,0,0,0,0,0,0,0,0,0,0,0,0,0,0,0,0,0,0,0,0,0,0,0,0,0,0,0,0,0,0,0,0,0,0,
1,8_4,10_51_26,7.4439,0,1,0,2.443462,Baseline,2.337,0.992,-1.001778,2.214235,359.0023,-1.668773E-09,0.0000,0.0000,0.0000,0.0000,0.0000,0.0000,0,0,,,,,,,0,0,0,0,0,0,0,0,0,0,0,0,0,0,0,0,0,0,0,0,0,0,0,0,0,0,0,0,0,0,0,0,0,0,0,0,0,0,0,0,0,0,0,0,0,0,0,0,0,0,0,
1,8_4,10_51_26,7.4472,0,1,0,2.446711,Baseline,2.337,0.992,-1.001778,2.214235,359.0023,-1.668773E-09,0.0000,0.0000,0.0000,0.0000,0.0000,0.0000,0,0,,,,,,,0,0,0,0,0,0,0,0,0,0,0,0,0,0,0,0,0,0,0,0,0,0,0,0,0,0,0,0,0,0,0,0,0,0,0,0,0,0,0,0,0,0,0,0,0,0,0,0,0,0,0,
1,8_4,10_51_26,7.4503,0,1,0,2.449808,Baseline,2.337,0.992,-1.001778,2.214235,359.0023,-1.668773E-09,0.0000,0.0000,0.0000,0.0000,0.0000,0.0000,0,0,,,,,,,0,0,0,0,0,0,0,0,0,0,0,0,0,0,0,0,0,0,0,0,0,0,0,0,0,0,0,0,0,0,0,0,0,0,0,0,0,0,0,0,0,0,0,0,0,0,0,0,0,0,0,
1,8_4,10_51_26,7.4536,0,1,0,2.453164,Baseline,2.337,0.992,-1.001778,2.214235,359.0023,-1.668773E-09,0.0000,0.0000,0.0000,0.0000,0.0000,0.0000,0,0,,,,,,,0,0,0,0,0,0,0,0,0,0,0,0,0,0,0,0,0,0,0,0,0,0,0,0,0,0,0,0,0,0,0,0,0,0,0,0,0,0,0,0,0,0,0,0,0,0,0,0,0,0,0,
1,8_4,10_51_26,7.4568,0,1,0,2.456344,Baseline,2.337,0.992,-1.001778,2.214235,359.0023,-1.668773E-09,0.0000,0.0000,0.0000,0.0000,0.0000,0.0000,0,0,,,,,,,0,0,0,0,0,0,0,0,0,0,0,0,0,0,0,0,0,0,0,0,0,0,0,0,0,0,0,0,0,0,0,0,0,0,0,0,0,0,0,0,0,0,0,0,0,0,0,0,0,0,0,
1,8_4,10_51_26,7.4601,0,1,0,2.459638,Baseline,2.337,0.992,-1.001778,2.214235,359.0023,-1.668773E-09,0.0000,0.0000,0.0000,0.0000,0.0000,0.0000,0,0,,,,,,,0,0,0,0,0,0,0,0,0,0,0,0,0,0,0,0,0,0,0,0,0,0,0,0,0,0,0,0,0,0,0,0,0,0,0,0,0,0,0,0,0,0,0,0,0,0,0,0,0,0,0,
1,8_4,10_51_26,7.4647,0,1,0,2.464292,Baseline,2.337,0.992,-1.001778,2.214235,359.0023,-1.668773E-09,0.0000,0.0000,0.0000,0.0000,0.0000,0.0000,0,0,,,,,,,0,0,0,0,0,0,0,0,0,0,0,0,0,0,0,0,0,0,0,0,0,0,0,0,0,0,0,0,0,0,0,0,0,0,0,0,0,0,0,0,0,0,0,0,0,0,0,0,0,0,0,
1,8_4,10_51_26,7.4679,0,1,0,2.467419,Baseline,2.337,0.992,-1.001778,2.214235,359.0023,-1.668773E-09,0.0000,0.0000,0.0000,0.0000,0.0000,0.0000,0,0,,,,,,,0,0,0,0,0,0,0,0,0,0,0,0,0,0,0,0,0,0,0,0,0,0,0,0,0,0,0,0,0,0,0,0,0,0,0,0,0,0,0,0,0,0,0,0,0,0,0,0,0,0,0,
1,8_4,10_51_26,7.4713,0,1,0,2.470828,Baseline,2.337,0.992,-1.001778,2.214235,359.0023,-1.668773E-09,0.0000,0.0000,0.0000,0.0000,0.0000,0.0000,0,0,,,,,,,0,0,0,0,0,0,0,0,0,0,0,0,0,0,0,0,0,0,0,0,0,0,0,0,0,0,0,0,0,0,0,0,0,0,0,0,0,0,0,0,0,0,0,0,0,0,0,0,0,0,0,
1,8_4,10_51_26,7.4745,0,1,0,2.47408,Baseline,2.337,0.992,-1.001778,2.214235,359.0023,-1.668773E-09,0.0000,0.0000,0.0000,0.0000,0.0000,0.0000,0,0,,,,,,,0,0,0,0,0,0,0,0,0,0,0,0,0,0,0,0,0,0,0,0,0,0,0,0,0,0,0,0,0,0,0,0,0,0,0,0,0,0,0,0,0,0,0,0,0,0,0,0,0,0,0,
1,8_4,10_51_26,7.4779,0,1,0,2.477487,Baseline,2.337,0.992,-1.001778,2.214235,359.0023,-1.668773E-09,0.0000,0.0000,0.0000,0.0000,0.0000,0.0000,0,0,,,,,,,0,0,0,0,0,0,0,0,0,0,0,0,0,0,0,0,0,0,0,0,0,0,0,0,0,0,0,0,0,0,0,0,0,0,0,0,0,0,0,0,0,0,0,0,0,0,0,0,0,0,0,
1,8_4,10_51_26,7.4813,0,1,0,2.480851,Baseline,2.337,0.992,-1.001778,2.214235,359.0023,-1.668773E-09,0.0000,0.0000,0.0000,0.0000,0.0000,0.0000,0,0,,,,,,,0,0,0,0,0,0,0,0,0,0,0,0,0,0,0,0,0,0,0,0,0,0,0,0,0,0,0,0,0,0,0,0,0,0,0,0,0,0,0,0,0,0,0,0,0,0,0,0,0,0,0,
1,8_4,10_51_26,7.4847,0,1,0,2.484251,Baseline,2.337,0.992,-1.001778,2.214235,359.0023,-1.668773E-09,0.0000,0.0000,0.0000,0.0000,0.0000,0.0000,0,0,,,,,,,0,0,0,0,0,0,0,0,0,0,0,0,0,0,0,0,0,0,0,0,0,0,0,0,0,0,0,0,0,0,0,0,0,0,0,0,0,0,0,0,0,0,0,0,0,0,0,0,0,0,0,
1,8_4,10_51_26,7.4879,0,1,0,2.48747,Baseline,2.337,0.992,-1.001778,2.214235,359.0023,-1.668773E-09,0.0000,0.0000,0.0000,0.0000,0.0000,0.0000,0,0,,,,,,,0,0,0,0,0,0,0,0,0,0,0,0,0,0,0,0,0,0,0,0,0,0,0,0,0,0,0,0,0,0,0,0,0,0,0,0,0,0,0,0,0,0,0,0,0,0,0,0,0,0,0,
1,8_4,10_51_26,7.4915,0,1,0,2.491021,Baseline,2.337,0.992,-1.001778,2.214235,359.0023,-1.668773E-09,0.0000,0.0000,0.0000,0.0000,0.0000,0.0000,0,0,,,,,,,0,0,0,0,0,0,0,0,0,0,0,0,0,0,0,0,0,0,0,0,0,0,0,0,0,0,0,0,0,0,0,0,0,0,0,0,0,0,0,0,0,0,0,0,0,0,0,0,0,0,0,
1,8_4,10_51_26,7.4947,0,1,0,2.494208,Baseline,2.337,0.992,-1.001778,2.214235,359.0023,-1.668773E-09,0.0000,0.0000,0.0000,0.0000,0.0000,0.0000,0,0,,,,,,,0,0,0,0,0,0,0,0,0,0,0,0,0,0,0,0,0,0,0,0,0,0,0,0,0,0,0,0,0,0,0,0,0,0,0,0,0,0,0,0,0,0,0,0,0,0,0,0,0,0,0,
1,8_4,10_51_26,7.4979,0,1,0,2.497468,Baseline,2.337,0.992,-1.001778,2.214235,359.0023,-1.668773E-09,0.0000,0.0000,0.0000,0.0000,0.0000,0.0000,0,0,,,,,,,0,0,0,0,0,0,0,0,0,0,0,0,0,0,0,0,0,0,0,0,0,0,0,0,0,0,0,0,0,0,0,0,0,0,0,0,0,0,0,0,0,0,0,0,0,0,0,0,0,0,0,
1,8_4,10_51_26,7.5011,0,1,0,2.500694,Baseline,2.337,0.992,-1.001778,2.214235,359.0023,-1.668773E-09,0.0000,0.0000,0.0000,0.0000,0.0000,0.0000,0,0,,,,,,,0,0,0,0,0,0,0,0,0,0,0,0,0,0,0,0,0,0,0,0,0,0,0,0,0,0,0,0,0,0,0,0,0,0,0,0,0,0,0,0,0,0,0,0,0,0,0,0,0,0,0,
1,8_4,10_51_26,7.5046,0,1,0,2.504195,Baseline,2.337,0.992,-1.001778,2.214235,359.0023,-1.668773E-09,0.0000,0.0000,0.0000,0.0000,0.0000,0.0000,0,0,,,,,,,0,0,0,0,0,0,0,0,0,0,0,0,0,0,0,0,0,0,0,0,0,0,0,0,0,0,0,0,0,0,0,0,0,0,0,0,0,0,0,0,0,0,0,0,0,0,0,0,0,0,0,
1,8_4,10_51_26,7.5079,0,1,0,2.507436,Baseline,2.337,0.992,-1.001778,2.214235,359.0023,-1.668773E-09,0.0000,0.0000,0.0000,0.0000,0.0000,0.0000,0,0,,,,,,,0,0,0,0,0,0,0,0,0,0,0,0,0,0,0,0,0,0,0,0,0,0,0,0,0,0,0,0,0,0,0,0,0,0,0,0,0,0,0,0,0,0,0,0,0,0,0,0,0,0,0,
1,8_4,10_51_26,7.5114,0,1,0,2.510915,Baseline,2.337,0.992,-1.001778,2.214235,359.0023,-1.668773E-09,0.0000,0.0000,0.0000,0.0000,0.0000,0.0000,0,0,,,,,,,0,0,0,0,0,0,0,0,0,0,0,0,0,0,0,0,0,0,0,0,0,0,0,0,0,0,0,0,0,0,0,0,0,0,0,0,0,0,0,0,0,0,0,0,0,0,0,0,0,0,0,
1,8_4,10_51_26,7.5145,0,1,0,2.51405,Baseline,2.337,0.992,-1.001778,2.214235,359.0023,-1.668773E-09,0.0000,0.0000,0.0000,0.0000,0.0000,0.0000,0,0,,,,,,,0,0,0,0,0,0,0,0,0,0,0,0,0,0,0,0,0,0,0,0,0,0,0,0,0,0,0,0,0,0,0,0,0,0,0,0,0,0,0,0,0,0,0,0,0,0,0,0,0,0,0,
1,8_4,10_51_26,7.5177,0,1,0,2.517286,Baseline,2.337,0.992,-1.001778,2.214235,359.0023,-1.668773E-09,0.0000,0.0000,0.0000,0.0000,0.0000,0.0000,0,0,,,,,,,0,0,0,0,0,0,0,0,0,0,0,0,0,0,0,0,0,0,0,0,0,0,0,0,0,0,0,0,0,0,0,0,0,0,0,0,0,0,0,0,0,0,0,0,0,0,0,0,0,0,0,
1,8_4,10_51_26,7.5211,0,1,0,2.520668,Baseline,2.337,0.992,-1.001778,2.214235,359.0023,-1.668773E-09,0.0000,0.0000,0.0000,0.0000,0.0000,0.0000,0,0,,,,,,,0,0,0,0,0,0,0,0,0,0,0,0,0,0,0,0,0,0,0,0,0,0,0,0,0,0,0,0,0,0,0,0,0,0,0,0,0,0,0,0,0,0,0,0,0,0,0,0,0,0,0,
1,8_4,10_51_26,7.5245,0,1,0,2.524004,Baseline,2.337,0.992,-1.001778,2.214235,359.0023,-1.668773E-09,0.0000,0.0000,0.0000,0.0000,0.0000,0.0000,0,0,,,,,,,0,0,0,0,0,0,0,0,0,0,0,0,0,0,0,0,0,0,0,0,0,0,0,0,0,0,0,0,0,0,0,0,0,0,0,0,0,0,0,0,0,0,0,0,0,0,0,0,0,0,0,
1,8_4,10_51_26,7.5277,0,1,0,2.527236,Baseline,2.337,0.992,-1.001778,2.214235,359.0023,-1.668773E-09,0.0000,0.0000,0.0000,0.0000,0.0000,0.0000,0,0,,,,,,,0,0,0,0,0,0,0,0,0,0,0,0,0,0,0,0,0,0,0,0,0,0,0,0,0,0,0,0,0,0,0,0,0,0,0,0,0,0,0,0,0,0,0,0,0,0,0,0,0,0,0,
1,8_4,10_51_26,7.5309,0,1,0,2.530429,Baseline,2.337,0.992,-1.001778,2.214235,359.0023,-1.668773E-09,0.0000,0.0000,0.0000,0.0000,0.0000,0.0000,0,0,,,,,,,0,0,0,0,0,0,0,0,0,0,0,0,0,0,0,0,0,0,0,0,0,0,0,0,0,0,0,0,0,0,0,0,0,0,0,0,0,0,0,0,0,0,0,0,0,0,0,0,0,0,0,
1,8_4,10_51_26,7.5354,0,1,0,2.534945,Baseline,2.337,0.992,-1.001778,2.214235,359.0023,-1.668773E-09,0.0000,0.0000,0.0000,0.0000,0.0000,0.0000,0,0,,,,,,,0,0,0,0,0,0,0,0,0,0,0,0,0,0,0,0,0,0,0,0,0,0,0,0,0,0,0,0,0,0,0,0,0,0,0,0,0,0,0,0,0,0,0,0,0,0,0,0,0,0,0,
1,8_4,10_51_26,7.5387,0,1,0,2.538272,Baseline,2.337,0.992,-1.001778,2.214235,359.0023,-1.668773E-09,0.0000,0.0000,0.0000,0.0000,0.0000,0.0000,0,0,,,,,,,0,0,0,0,0,0,0,0,0,0,0,0,0,0,0,0,0,0,0,0,0,0,0,0,0,0,0,0,0,0,0,0,0,0,0,0,0,0,0,0,0,0,0,0,0,0,0,0,0,0,0,
1,8_4,10_51_26,7.5419,0,1,0,2.541429,Baseline,2.337,0.992,-1.001778,2.214235,359.0023,-1.668773E-09,0.0000,0.0000,0.0000,0.0000,0.0000,0.0000,0,0,,,,,,,0,0,0,0,0,0,0,0,0,0,0,0,0,0,0,0,0,0,0,0,0,0,0,0,0,0,0,0,0,0,0,0,0,0,0,0,0,0,0,0,0,0,0,0,0,0,0,0,0,0,0,
1,8_4,10_51_26,7.5452,0,1,0,2.544711,Baseline,2.337,0.992,-1.001778,2.214235,359.0023,-1.668773E-09,0.0000,0.0000,0.0000,0.0000,0.0000,0.0000,0,0,,,,,,,0,0,0,0,0,0,0,0,0,0,0,0,0,0,0,0,0,0,0,0,0,0,0,0,0,0,0,0,0,0,0,0,0,0,0,0,0,0,0,0,0,0,0,0,0,0,0,0,0,0,0,
1,8_4,10_51_26,7.5484,0,1,0,2.547908,Baseline,2.337,0.992,-1.001778,2.214235,359.0023,-1.668773E-09,0.0000,0.0000,0.0000,0.0000,0.0000,0.0000,0,0,,,,,,,0,0,0,0,0,0,0,0,0,0,0,0,0,0,0,0,0,0,0,0,0,0,0,0,0,0,0,0,0,0,0,0,0,0,0,0,0,0,0,0,0,0,0,0,0,0,0,0,0,0,0,
1,8_4,10_51_26,7.5515,0,1,0,2.55107,Baseline,2.337,0.992,-1.001778,2.214235,359.0023,-1.668773E-09,0.0000,0.0000,0.0000,0.0000,0.0000,0.0000,0,0,,,,,,,0,0,0,0,0,0,0,0,0,0,0,0,0,0,0,0,0,0,0,0,0,0,0,0,0,0,0,0,0,0,0,0,0,0,0,0,0,0,0,0,0,0,0,0,0,0,0,0,0,0,0,
1,8_4,10_51_26,7.5548,0,1,0,2.554391,Baseline,2.337,0.992,-1.001778,2.214235,359.0023,-1.668773E-09,0.0000,0.0000,0.0000,0.0000,0.0000,0.0000,0,0,,,,,,,0,0,0,0,0,0,0,0,0,0,0,0,0,0,0,0,0,0,0,0,0,0,0,0,0,0,0,0,0,0,0,0,0,0,0,0,0,0,0,0,0,0,0,0,0,0,0,0,0,0,0,
1,8_4,10_51_26,7.5581,0,1,0,2.557628,Baseline,2.337,0.992,-1.001778,2.214235,359.0023,-1.668773E-09,0.0000,0.0000,0.0000,0.0000,0.0000,0.0000,0,0,,,,,,,0,0,0,0,0,0,0,0,0,0,0,0,0,0,0,0,0,0,0,0,0,0,0,0,0,0,0,0,0,0,0,0,0,0,0,0,0,0,0,0,0,0,0,0,0,0,0,0,0,0,0,
1,8_4,10_51_26,7.5613,0,1,0,2.560847,Baseline,2.337,0.992,-1.001778,2.214235,359.0023,-1.668773E-09,0.0000,0.0000,0.0000,0.0000,0.0000,0.0000,0,0,,,,,,,0,0,0,0,0,0,0,0,0,0,0,0,0,0,0,0,0,0,0,0,0,0,0,0,0,0,0,0,0,0,0,0,0,0,0,0,0,0,0,0,0,0,0,0,0,0,0,0,0,0,0,
1,8_4,10_51_26,7.5647,0,1,0,2.564267,Baseline,2.337,0.992,-1.001778,2.214235,359.0023,-1.668773E-09,0.0000,0.0000,0.0000,0.0000,0.0000,0.0000,0,0,,,,,,,0,0,0,0,0,0,0,0,0,0,0,0,0,0,0,0,0,0,0,0,0,0,0,0,0,0,0,0,0,0,0,0,0,0,0,0,0,0,0,0,0,0,0,0,0,0,0,0,0,0,0,
1,8_4,10_51_26,7.5678,0,1,0,2.567363,Baseline,2.337,0.992,-1.001778,2.214235,359.0023,-1.668773E-09,0.0000,0.0000,0.0000,0.0000,0.0000,0.0000,0,0,,,,,,,0,0,0,0,0,0,0,0,0,0,0,0,0,0,0,0,0,0,0,0,0,0,0,0,0,0,0,0,0,0,0,0,0,0,0,0,0,0,0,0,0,0,0,0,0,0,0,0,0,0,0,
1,8_4,10_51_26,7.5710,0,1,0,2.570597,Baseline,2.337,0.992,-1.001778,2.214235,359.0023,-1.668773E-09,0.0000,0.0000,0.0000,0.0000,0.0000,0.0000,0,0,,,,,,,0,0,0,0,0,0,0,0,0,0,0,0,0,0,0,0,0,0,0,0,0,0,0,0,0,0,0,0,0,0,0,0,0,0,0,0,0,0,0,0,0,0,0,0,0,0,0,0,0,0,0,
1,8_4,10_51_26,7.5742,0,1,0,2.573751,Baseline,2.337,0.992,-1.001778,2.214235,359.0023,-1.668773E-09,0.0000,0.0000,0.0000,0.0000,0.0000,0.0000,0,0,,,,,,,0,0,0,0,0,0,0,0,0,0,0,0,0,0,0,0,0,0,0,0,0,0,0,0,0,0,0,0,0,0,0,0,0,0,0,0,0,0,0,0,0,0,0,0,0,0,0,0,0,0,0,
1,8_4,10_51_26,7.5775,0,1,0,2.577037,Baseline,2.337,0.992,-1.001778,2.214235,359.0023,-1.668773E-09,0.0000,0.0000,0.0000,0.0000,0.0000,0.0000,0,0,,,,,,,0,0,0,0,0,0,0,0,0,0,0,0,0,0,0,0,0,0,0,0,0,0,0,0,0,0,0,0,0,0,0,0,0,0,0,0,0,0,0,0,0,0,0,0,0,0,0,0,0,0,0,
1,8_4,10_51_26,7.5808,0,1,0,2.580306,Baseline,2.337,0.992,-1.001778,2.214235,359.0023,-1.668773E-09,0.0000,0.0000,0.0000,0.0000,0.0000,0.0000,0,0,,,,,,,0,0,0,0,0,0,0,0,0,0,0,0,0,0,0,0,0,0,0,0,0,0,0,0,0,0,0,0,0,0,0,0,0,0,0,0,0,0,0,0,0,0,0,0,0,0,0,0,0,0,0,
1,8_4,10_51_26,7.5839,0,1,0,2.583454,Baseline,2.337,0.992,-1.001778,2.214235,359.0023,-1.668773E-09,0.0000,0.0000,0.0000,0.0000,0.0000,0.0000,0,0,,,,,,,0,0,0,0,0,0,0,0,0,0,0,0,0,0,0,0,0,0,0,0,0,0,0,0,0,0,0,0,0,0,0,0,0,0,0,0,0,0,0,0,0,0,0,0,0,0,0,0,0,0,0,
1,8_4,10_51_26,7.5870,0,1,0,2.586584,Baseline,2.337,0.992,-1.001778,2.214235,359.0023,-1.668773E-09,0.0000,0.0000,0.0000,0.0000,0.0000,0.0000,0,0,,,,,,,0,0,0,0,0,0,0,0,0,0,0,0,0,0,0,0,0,0,0,0,0,0,0,0,0,0,0,0,0,0,0,0,0,0,0,0,0,0,0,0,0,0,0,0,0,0,0,0,0,0,0,
1,8_4,10_51_26,7.5904,0,1,0,2.589936,Baseline,2.337,0.992,-1.001778,2.214235,359.0023,-1.668773E-09,0.0000,0.0000,0.0000,0.0000,0.0000,0.0000,0,0,,,,,,,0,0,0,0,0,0,0,0,0,0,0,0,0,0,0,0,0,0,0,0,0,0,0,0,0,0,0,0,0,0,0,0,0,0,0,0,0,0,0,0,0,0,0,0,0,0,0,0,0,0,0,
1,8_4,10_51_26,7.5937,0,1,0,2.593275,Baseline,2.337,0.992,-1.001778,2.214235,359.0023,-1.668773E-09,0.0000,0.0000,0.0000,0.0000,0.0000,0.0000,0,0,,,,,,,0,0,0,0,0,0,0,0,0,0,0,0,0,0,0,0,0,0,0,0,0,0,0,0,0,0,0,0,0,0,0,0,0,0,0,0,0,0,0,0,0,0,0,0,0,0,0,0,0,0,0,
1,8_4,10_51_26,7.5969,0,1,0,2.596427,Baseline,2.337,0.992,-1.001778,2.214235,359.0023,-1.668773E-09,0.0000,0.0000,0.0000,0.0000,0.0000,0.0000,0,0,,,,,,,0,0,0,0,0,0,0,0,0,0,0,0,0,0,0,0,0,0,0,0,0,0,0,0,0,0,0,0,0,0,0,0,0,0,0,0,0,0,0,0,0,0,0,0,0,0,0,0,0,0,0,
1,8_4,10_51_26,7.6005,0,1,0,2.600007,Baseline,2.337,0.992,-1.001778,2.214235,359.0023,-1.668773E-09,0.0000,0.0000,0.0000,0.0000,0.0000,0.0000,0,0,,,,,,,0,0,0,0,0,0,0,0,0,0,0,0,0,0,0,0,0,0,0,0,0,0,0,0,0,0,0,0,0,0,0,0,0,0,0,0,0,0,0,0,0,0,0,0,0,0,0,0,0,0,0,
1,8_4,10_51_26,7.6039,0,1,0,2.603477,Baseline,2.337,0.992,-1.001778,2.214235,359.0023,-1.668773E-09,0.0000,0.0000,0.0000,0.0000,0.0000,0.0000,0,0,,,,,,,0,0,0,0,0,0,0,0,0,0,0,0,0,0,0,0,0,0,0,0,0,0,0,0,0,0,0,0,0,0,0,0,0,0,0,0,0,0,0,0,0,0,0,0,0,0,0,0,0,0,0,
1,8_4,10_51_26,7.6072,0,1,0,2.60674,Baseline,2.337,0.992,-1.001778,2.214235,359.0023,-1.668773E-09,0.0000,0.0000,0.0000,0.0000,0.0000,0.0000,0,0,,,,,,,0,0,0,0,0,0,0,0,0,0,0,0,0,0,0,0,0,0,0,0,0,0,0,0,0,0,0,0,0,0,0,0,0,0,0,0,0,0,0,0,0,0,0,0,0,0,0,0,0,0,0,
1,8_4,10_51_26,7.6103,0,1,0,2.609859,Baseline,2.337,0.992,-1.001778,2.214235,359.0023,-1.668773E-09,0.0000,0.0000,0.0000,0.0000,0.0000,0.0000,0,0,,,,,,,0,0,0,0,0,0,0,0,0,0,0,0,0,0,0,0,0,0,0,0,0,0,0,0,0,0,0,0,0,0,0,0,0,0,0,0,0,0,0,0,0,0,0,0,0,0,0,0,0,0,0,
1,8_4,10_51_26,7.6135,0,1,0,2.613004,Baseline,2.337,0.992,-1.001778,2.214235,359.0023,-1.668773E-09,0.0000,0.0000,0.0000,0.0000,0.0000,0.0000,0,0,,,,,,,0,0,0,0,0,0,0,0,0,0,0,0,0,0,0,0,0,0,0,0,0,0,0,0,0,0,0,0,0,0,0,0,0,0,0,0,0,0,0,0,0,0,0,0,0,0,0,0,0,0,0,
1,8_4,10_51_26,7.6167,0,1,0,2.616297,Baseline,2.337,0.992,-1.001778,2.214235,359.0023,-1.668773E-09,0.0000,0.0000,0.0000,0.0000,0.0000,0.0000,0,0,,,,,,,0,0,0,0,0,0,0,0,0,0,0,0,0,0,0,0,0,0,0,0,0,0,0,0,0,0,0,0,0,0,0,0,0,0,0,0,0,0,0,0,0,0,0,0,0,0,0,0,0,0,0,
1,8_4,10_51_26,7.6200,0,1,0,2.619601,Baseline,2.337,0.992,-1.001778,2.214235,359.0023,-1.668773E-09,0.0000,0.0000,0.0000,0.0000,0.0000,0.0000,0,0,,,,,,,0,0,0,0,0,0,0,0,0,0,0,0,0,0,0,0,0,0,0,0,0,0,0,0,0,0,0,0,0,0,0,0,0,0,0,0,0,0,0,0,0,0,0,0,0,0,0,0,0,0,0,
1,8_4,10_51_26,7.6234,0,1,0,2.622925,Baseline,2.337,0.992,-1.001778,2.214235,359.0023,-1.668773E-09,0.0000,0.0000,0.0000,0.0000,0.0000,0.0000,0,0,,,,,,,0,0,0,0,0,0,0,0,0,0,0,0,0,0,0,0,0,0,0,0,0,0,0,0,0,0,0,0,0,0,0,0,0,0,0,0,0,0,0,0,0,0,0,0,0,0,0,0,0,0,0,
1,8_4,10_51_26,7.6265,0,1,0,2.6261,Baseline,2.337,0.992,-1.001778,2.214235,359.0023,-1.668773E-09,0.0000,0.0000,0.0000,0.0000,0.0000,0.0000,0,0,,,,,,,0,0,0,0,0,0,0,0,0,0,0,0,0,0,0,0,0,0,0,0,0,0,0,0,0,0,0,0,0,0,0,0,0,0,0,0,0,0,0,0,0,0,0,0,0,0,0,0,0,0,0,
1,8_4,10_51_26,7.6297,0,1,0,2.629219,Baseline,2.337,0.992,-1.001778,2.214235,359.0023,-1.668773E-09,0.0000,0.0000,0.0000,0.0000,0.0000,0.0000,0,0,,,,,,,0,0,0,0,0,0,0,0,0,0,0,0,0,0,0,0,0,0,0,0,0,0,0,0,0,0,0,0,0,0,0,0,0,0,0,0,0,0,0,0,0,0,0,0,0,0,0,0,0,0,0,
1,8_4,10_51_26,7.6329,0,1,0,2.632475,Baseline,2.337,0.992,-1.001778,2.214235,359.0023,-1.668773E-09,0.0000,0.0000,0.0000,0.0000,0.0000,0.0000,0,0,,,,,,,0,0,0,0,0,0,0,0,0,0,0,0,0,0,0,0,0,0,0,0,0,0,0,0,0,0,0,0,0,0,0,0,0,0,0,0,0,0,0,0,0,0,0,0,0,0,0,0,0,0,0,
1,8_4,10_51_26,7.6361,0,1,0,2.635682,Baseline,2.337,0.992,-1.001778,2.214235,359.0023,-1.668773E-09,0.0000,0.0000,0.0000,0.0000,0.0000,0.0000,0,0,,,,,,,0,0,0,0,0,0,0,0,0,0,0,0,0,0,0,0,0,0,0,0,0,0,0,0,0,0,0,0,0,0,0,0,0,0,0,0,0,0,0,0,0,0,0,0,0,0,0,0,0,0,0,
1,8_4,10_51_26,7.6393,0,1,0,2.638887,Baseline,2.337,0.992,-1.001778,2.214235,359.0023,-1.668773E-09,0.0000,0.0000,0.0000,0.0000,0.0000,0.0000,0,0,,,,,,,0,0,0,0,0,0,0,0,0,0,0,0,0,0,0,0,0,0,0,0,0,0,0,0,0,0,0,0,0,0,0,0,0,0,0,0,0,0,0,0,0,0,0,0,0,0,0,0,0,0,0,
1,8_4,10_51_26,7.6426,0,1,0,2.642121,Baseline,2.337,0.992,-1.001778,2.214235,359.0023,-1.668773E-09,0.0000,0.0000,0.0000,0.0000,0.0000,0.0000,0,0,,,,,,,0,0,0,0,0,0,0,0,0,0,0,0,0,0,0,0,0,0,0,0,0,0,0,0,0,0,0,0,0,0,0,0,0,0,0,0,0,0,0,0,0,0,0,0,0,0,0,0,0,0,0,
1,8_4,10_51_27,7.6461,0,1,0,2.645627,Baseline,2.337,0.992,-1.001778,2.214235,359.0023,-1.668773E-09,0.0000,0.0000,0.0000,0.0000,0.0000,0.0000,0,0,,,,,,,0,0,0,0,0,0,0,0,0,0,0,0,0,0,0,0,0,0,0,0,0,0,0,0,0,0,0,0,0,0,0,0,0,0,0,0,0,0,0,0,0,0,0,0,0,0,0,0,0,0,0,
1,8_4,10_51_27,7.6495,0,1,0,2.649062,Baseline,2.337,0.992,-1.001778,2.214235,359.0023,-1.668773E-09,0.0000,0.0000,0.0000,0.0000,0.0000,0.0000,0,0,,,,,,,0,0,0,0,0,0,0,0,0,0,0,0,0,0,0,0,0,0,0,0,0,0,0,0,0,0,0,0,0,0,0,0,0,0,0,0,0,0,0,0,0,0,0,0,0,0,0,0,0,0,0,
1,8_4,10_51_27,7.6527,0,1,0,2.65223,Baseline,2.337,0.992,-1.001778,2.214235,359.0023,-1.668773E-09,0.0000,0.0000,0.0000,0.0000,0.0000,0.0000,0,0,,,,,,,0,0,0,0,0,0,0,0,0,0,0,0,0,0,0,0,0,0,0,0,0,0,0,0,0,0,0,0,0,0,0,0,0,0,0,0,0,0,0,0,0,0,0,0,0,0,0,0,0,0,0,
1,8_4,10_51_27,7.6564,0,1,0,2.655954,Baseline,2.337,0.992,-1.001778,2.214235,359.0023,-1.668773E-09,0.0000,0.0000,0.0000,0.0000,0.0000,0.0000,0,0,,,,,,,0,0,0,0,0,0,0,0,0,0,0,0,0,0,0,0,0,0,0,0,0,0,0,0,0,0,0,0,0,0,0,0,0,0,0,0,0,0,0,0,0,0,0,0,0,0,0,0,0,0,0,
1,8_4,10_51_27,7.6599,0,1,0,2.65945,Baseline,2.337,0.992,-1.001778,2.214235,359.0023,-1.668773E-09,0.0000,0.0000,0.0000,0.0000,0.0000,0.0000,0,0,,,,,,,0,0,0,0,0,0,0,0,0,0,0,0,0,0,0,0,0,0,0,0,0,0,0,0,0,0,0,0,0,0,0,0,0,0,0,0,0,0,0,0,0,0,0,0,0,0,0,0,0,0,0,
1,8_4,10_51_27,7.6632,0,1,0,2.662729,Baseline,2.337,0.992,-1.001778,2.214235,359.0023,-1.668773E-09,0.0000,0.0000,0.0000,0.0000,0.0000,0.0000,0,0,,,,,,,0,0,0,0,0,0,0,0,0,0,0,0,0,0,0,0,0,0,0,0,0,0,0,0,0,0,0,0,0,0,0,0,0,0,0,0,0,0,0,0,0,0,0,0,0,0,0,0,0,0,0,
1,8_4,10_51_27,7.6681,0,1,0,2.667619,Baseline,2.337,0.992,-1.001778,2.214235,359.0023,-1.668773E-09,0.0000,0.0000,0.0000,0.0000,0.0000,0.0000,0,0,,,,,,,0,0,0,0,0,0,0,0,0,0,0,0,0,0,0,0,0,0,0,0,0,0,0,0,0,0,0,0,0,0,0,0,0,0,0,0,0,0,0,0,0,0,0,0,0,0,0,0,0,0,0,
1,8_4,10_51_27,7.6714,0,1,0,2.670962,Baseline,2.337,0.992,-1.001778,2.214235,359.0023,-1.668773E-09,0.0000,0.0000,0.0000,0.0000,0.0000,0.0000,0,0,,,,,,,0,0,0,0,0,0,0,0,0,0,0,0,0,0,0,0,0,0,0,0,0,0,0,0,0,0,0,0,0,0,0,0,0,0,0,0,0,0,0,0,0,0,0,0,0,0,0,0,0,0,0,
1,8_4,10_51_27,7.6747,0,1,0,2.674235,Baseline,2.337,0.992,-1.001778,2.214235,359.0023,-1.668773E-09,0.0000,0.0000,0.0000,0.0000,0.0000,0.0000,0,0,,,,,,,0,0,0,0,0,0,0,0,0,0,0,0,0,0,0,0,0,0,0,0,0,0,0,0,0,0,0,0,0,0,0,0,0,0,0,0,0,0,0,0,0,0,0,0,0,0,0,0,0,0,0,
1,8_4,10_51_27,7.6781,0,1,0,2.677681,Baseline,2.337,0.992,-1.001778,2.214235,359.0023,-1.668773E-09,0.0000,0.0000,0.0000,0.0000,0.0000,0.0000,0,0,,,,,,,0,0,0,0,0,0,0,0,0,0,0,0,0,0,0,0,0,0,0,0,0,0,0,0,0,0,0,0,0,0,0,0,0,0,0,0,0,0,0,0,0,0,0,0,0,0,0,0,0,0,0,
1,8_4,10_51_27,7.6816,0,1,0,2.681114,Baseline,2.337,0.992,-1.001778,2.214235,359.0023,-1.668773E-09,0.0000,0.0000,0.0000,0.0000,0.0000,0.0000,0,0,,,,,,,0,0,0,0,0,0,0,0,0,0,0,0,0,0,0,0,0,0,0,0,0,0,0,0,0,0,0,0,0,0,0,0,0,0,0,0,0,0,0,0,0,0,0,0,0,0,0,0,0,0,0,
1,8_4,10_51_27,7.6850,0,1,0,2.684586,Baseline,2.337,0.992,-1.001778,2.214235,359.0023,-1.668773E-09,0.0000,0.0000,0.0000,0.0000,0.0000,0.0000,0,0,,,,,,,0,0,0,0,0,0,0,0,0,0,0,0,0,0,0,0,0,0,0,0,0,0,0,0,0,0,0,0,0,0,0,0,0,0,0,0,0,0,0,0,0,0,0,0,0,0,0,0,0,0,0,
1,8_4,10_51_27,7.6882,0,1,0,2.687765,Baseline,2.337,0.992,-1.001778,2.214235,359.0023,-1.668773E-09,0.0000,0.0000,0.0000,0.0000,0.0000,0.0000,0,0,,,,,,,0,0,0,0,0,0,0,0,0,0,0,0,0,0,0,0,0,0,0,0,0,0,0,0,0,0,0,0,0,0,0,0,0,0,0,0,0,0,0,0,0,0,0,0,0,0,0,0,0,0,0,
1,8_4,10_51_27,7.6916,0,1,0,2.691122,Baseline,2.337,0.992,-1.001778,2.214235,359.0023,-1.668773E-09,0.0000,0.0000,0.0000,0.0000,0.0000,0.0000,0,0,,,,,,,0,0,0,0,0,0,0,0,0,0,0,0,0,0,0,0,0,0,0,0,0,0,0,0,0,0,0,0,0,0,0,0,0,0,0,0,0,0,0,0,0,0,0,0,0,0,0,0,0,0,0,
1,8_4,10_51_27,7.6950,0,1,0,2.694511,Baseline,2.337,0.992,-1.001778,2.214235,359.0023,-1.668773E-09,0.0000,0.0000,0.0000,0.0000,0.0000,0.0000,0,0,,,,,,,0,0,0,0,0,0,0,0,0,0,0,0,0,0,0,0,0,0,0,0,0,0,0,0,0,0,0,0,0,0,0,0,0,0,0,0,0,0,0,0,0,0,0,0,0,0,0,0,0,0,0,
1,8_4,10_51_27,7.6981,0,1,0,2.697684,Baseline,2.337,0.992,-1.001778,2.214235,359.0023,-1.668773E-09,0.0000,0.0000,0.0000,0.0000,0.0000,0.0000,0,0,,,,,,,0,0,0,0,0,0,0,0,0,0,0,0,0,0,0,0,0,0,0,0,0,0,0,0,0,0,0,0,0,0,0,0,0,0,0,0,0,0,0,0,0,0,0,0,0,0,0,0,0,0,0,
1,8_4,10_51_27,7.7013,0,1,0,2.700894,Baseline,2.337,0.992,-1.001778,2.214235,359.0023,-1.668773E-09,0.0000,0.0000,0.0000,0.0000,0.0000,0.0000,0,0,,,,,,,0,0,0,0,0,0,0,0,0,0,0,0,0,0,0,0,0,0,0,0,0,0,0,0,0,0,0,0,0,0,0,0,0,0,0,0,0,0,0,0,0,0,0,0,0,0,0,0,0,0,0,
1,8_4,10_51_27,7.7046,0,1,0,2.704133,Baseline,2.337,0.992,-1.001778,2.214235,359.0023,-1.668773E-09,0.0000,0.0000,0.0000,0.0000,0.0000,0.0000,0,0,,,,,,,0,0,0,0,0,0,0,0,0,0,0,0,0,0,0,0,0,0,0,0,0,0,0,0,0,0,0,0,0,0,0,0,0,0,0,0,0,0,0,0,0,0,0,0,0,0,0,0,0,0,0,
1,8_4,10_51_27,7.7077,0,1,0,2.707284,Baseline,2.337,0.992,-1.001778,2.214235,359.0023,-1.668773E-09,0.0000,0.0000,0.0000,0.0000,0.0000,0.0000,0,0,,,,,,,0,0,0,0,0,0,0,0,0,0,0,0,0,0,0,0,0,0,0,0,0,0,0,0,0,0,0,0,0,0,0,0,0,0,0,0,0,0,0,0,0,0,0,0,0,0,0,0,0,0,0,
1,8_4,10_51_27,7.7110,0,1,0,2.710524,Baseline,2.337,0.992,-1.001778,2.214235,359.0023,-1.668773E-09,0.0000,0.0000,0.0000,0.0000,0.0000,0.0000,0,0,,,,,,,0,0,0,0,0,0,0,0,0,0,0,0,0,0,0,0,0,0,0,0,0,0,0,0,0,0,0,0,0,0,0,0,0,0,0,0,0,0,0,0,0,0,0,0,0,0,0,0,0,0,0,
1,8_4,10_51_27,7.7141,0,1,0,2.713631,Baseline,2.337,0.992,-1.001778,2.214235,359.0023,-1.668773E-09,0.0000,0.0000,0.0000,0.0000,0.0000,0.0000,0,0,,,,,,,0,0,0,0,0,0,0,0,0,0,0,0,0,0,0,0,0,0,0,0,0,0,0,0,0,0,0,0,0,0,0,0,0,0,0,0,0,0,0,0,0,0,0,0,0,0,0,0,0,0,0,
1,8_4,10_51_27,7.7173,0,1,0,2.716875,Baseline,2.337,0.992,-1.001778,2.214235,359.0023,-1.668773E-09,0.0000,0.0000,0.0000,0.0000,0.0000,0.0000,0,0,,,,,,,0,0,0,0,0,0,0,0,0,0,0,0,0,0,0,0,0,0,0,0,0,0,0,0,0,0,0,0,0,0,0,0,0,0,0,0,0,0,0,0,0,0,0,0,0,0,0,0,0,0,0,
1,8_4,10_51_27,7.7207,0,1,0,2.72021,Baseline,2.337,0.992,-1.001778,2.214235,359.0023,-1.668773E-09,0.0000,0.0000,0.0000,0.0000,0.0000,0.0000,0,0,,,,,,,0,0,0,0,0,0,0,0,0,0,0,0,0,0,0,0,0,0,0,0,0,0,0,0,0,0,0,0,0,0,0,0,0,0,0,0,0,0,0,0,0,0,0,0,0,0,0,0,0,0,0,
1,8_4,10_51_27,7.7246,0,1,0,2.72411,Baseline,2.337,0.992,-1.001778,2.214235,359.0023,-1.668773E-09,0.0000,0.0000,0.0000,0.0000,0.0000,0.0000,0,0,,,,,,,0,0,0,0,0,0,0,0,0,0,0,0,0,0,0,0,0,0,0,0,0,0,0,0,0,0,0,0,0,0,0,0,0,0,0,0,0,0,0,0,0,0,0,0,0,0,0,0,0,0,0,
1,8_4,10_51_27,7.7281,0,1,0,2.727636,Baseline,2.337,0.992,-1.001778,2.214235,359.0023,-1.668773E-09,0.0000,0.0000,0.0000,0.0000,0.0000,0.0000,0,0,,,,,,,0,0,0,0,0,0,0,0,0,0,0,0,0,0,0,0,0,0,0,0,0,0,0,0,0,0,0,0,0,0,0,0,0,0,0,0,0,0,0,0,0,0,0,0,0,0,0,0,0,0,0,
1,8_4,10_51_27,7.7313,0,1,0,2.730851,Baseline,2.337,0.992,-1.001778,2.214235,359.0023,-1.668773E-09,0.0000,0.0000,0.0000,0.0000,0.0000,0.0000,0,0,,,,,,,0,0,0,0,0,0,0,0,0,0,0,0,0,0,0,0,0,0,0,0,0,0,0,0,0,0,0,0,0,0,0,0,0,0,0,0,0,0,0,0,0,0,0,0,0,0,0,0,0,0,0,
1,8_4,10_51_27,7.7345,0,1,0,2.734078,Baseline,2.337,0.992,-1.001778,2.214235,359.0023,-1.668773E-09,0.0000,0.0000,0.0000,0.0000,0.0000,0.0000,0,0,,,,,,,0,0,0,0,0,0,0,0,0,0,0,0,0,0,0,0,0,0,0,0,0,0,0,0,0,0,0,0,0,0,0,0,0,0,0,0,0,0,0,0,0,0,0,0,0,0,0,0,0,0,0,
1,8_4,10_51_27,7.7379,0,1,0,2.737478,Baseline,2.337,0.992,-1.001778,2.214235,359.0023,-1.668773E-09,0.0000,0.0000,0.0000,0.0000,0.0000,0.0000,0,0,,,,,,,0,0,0,0,0,0,0,0,0,0,0,0,0,0,0,0,0,0,0,0,0,0,0,0,0,0,0,0,0,0,0,0,0,0,0,0,0,0,0,0,0,0,0,0,0,0,0,0,0,0,0,
1,8_4,10_51_27,7.7412,0,1,0,2.740712,Baseline,2.337,0.992,-1.001778,2.214235,359.0023,-1.668773E-09,0.0000,0.0000,0.0000,0.0000,0.0000,0.0000,0,0,,,,,,,0,0,0,0,0,0,0,0,0,0,0,0,0,0,0,0,0,0,0,0,0,0,0,0,0,0,0,0,0,0,0,0,0,0,0,0,0,0,0,0,0,0,0,0,0,0,0,0,0,0,0,
1,8_4,10_51_27,7.7445,0,1,0,2.744057,Baseline,2.337,0.992,-1.001778,2.214235,359.0023,-1.668773E-09,0.0000,0.0000,0.0000,0.0000,0.0000,0.0000,0,0,,,,,,,0,0,0,0,0,0,0,0,0,0,0,0,0,0,0,0,0,0,0,0,0,0,0,0,0,0,0,0,0,0,0,0,0,0,0,0,0,0,0,0,0,0,0,0,0,0,0,0,0,0,0,
1,8_4,10_51_27,7.7478,0,1,0,2.747358,Baseline,2.337,0.992,-1.001778,2.214235,359.0023,-1.668773E-09,0.0000,0.0000,0.0000,0.0000,0.0000,0.0000,0,0,,,,,,,0,0,0,0,0,0,0,0,0,0,0,0,0,0,0,0,0,0,0,0,0,0,0,0,0,0,0,0,0,0,0,0,0,0,0,0,0,0,0,0,0,0,0,0,0,0,0,0,0,0,0,
1,8_4,10_51_27,7.7511,0,1,0,2.750648,Baseline,2.337,0.992,-1.001778,2.214235,359.0023,-1.668773E-09,0.0000,0.0000,0.0000,0.0000,0.0000,0.0000,0,0,,,,,,,0,0,0,0,0,0,0,0,0,0,0,0,0,0,0,0,0,0,0,0,0,0,0,0,0,0,0,0,0,0,0,0,0,0,0,0,0,0,0,0,0,0,0,0,0,0,0,0,0,0,0,
1,8_4,10_51_27,7.7543,0,1,0,2.753887,Baseline,2.337,0.992,-1.001778,2.214235,359.0023,-1.668773E-09,0.0000,0.0000,0.0000,0.0000,0.0000,0.0000,0,0,,,,,,,0,0,0,0,0,0,0,0,0,0,0,0,0,0,0,0,0,0,0,0,0,0,0,0,0,0,0,0,0,0,0,0,0,0,0,0,0,0,0,0,0,0,0,0,0,0,0,0,0,0,0,
1,8_4,10_51_27,7.7575,0,1,0,2.757063,Baseline,2.337,0.992,-1.001778,2.214235,359.0023,-1.668773E-09,0.0000,0.0000,0.0000,0.0000,0.0000,0.0000,0,0,,,,,,,0,0,0,0,0,0,0,0,0,0,0,0,0,0,0,0,0,0,0,0,0,0,0,0,0,0,0,0,0,0,0,0,0,0,0,0,0,0,0,0,0,0,0,0,0,0,0,0,0,0,0,
1,8_4,10_51_27,7.7608,0,1,0,2.760337,Baseline,2.337,0.992,-1.001778,2.214235,359.0023,-1.668773E-09,0.0000,0.0000,0.0000,0.0000,0.0000,0.0000,0,0,,,,,,,0,0,0,0,0,0,0,0,0,0,0,0,0,0,0,0,0,0,0,0,0,0,0,0,0,0,0,0,0,0,0,0,0,0,0,0,0,0,0,0,0,0,0,0,0,0,0,0,0,0,0,
1,8_4,10_51_27,7.7641,0,1,0,2.76366,Baseline,2.337,0.992,-1.001778,2.214235,359.0023,-1.668773E-09,0.0000,0.0000,0.0000,0.0000,0.0000,0.0000,0,0,,,,,,,0,0,0,0,0,0,0,0,0,0,0,0,0,0,0,0,0,0,0,0,0,0,0,0,0,0,0,0,0,0,0,0,0,0,0,0,0,0,0,0,0,0,0,0,0,0,0,0,0,0,0,
1,8_4,10_51_27,7.7672,0,1,0,2.766762,Baseline,2.337,0.992,-1.001778,2.214235,359.0023,-1.668773E-09,0.0000,0.0000,0.0000,0.0000,0.0000,0.0000,0,0,,,,,,,0,0,0,0,0,0,0,0,0,0,0,0,0,0,0,0,0,0,0,0,0,0,0,0,0,0,0,0,0,0,0,0,0,0,0,0,0,0,0,0,0,0,0,0,0,0,0,0,0,0,0,
1,8_4,10_51_27,7.7704,0,1,0,2.769916,Baseline,2.337,0.992,-1.001778,2.214235,359.0023,-1.668773E-09,0.0000,0.0000,0.0000,0.0000,0.0000,0.0000,0,0,,,,,,,0,0,0,0,0,0,0,0,0,0,0,0,0,0,0,0,0,0,0,0,0,0,0,0,0,0,0,0,0,0,0,0,0,0,0,0,0,0,0,0,0,0,0,0,0,0,0,0,0,0,0,
1,8_4,10_51_27,7.7736,0,1,0,2.773137,Baseline,2.337,0.992,-1.001778,2.214235,359.0023,-1.668773E-09,0.0000,0.0000,0.0000,0.0000,0.0000,0.0000,0,0,,,,,,,0,0,0,0,0,0,0,0,0,0,0,0,0,0,0,0,0,0,0,0,0,0,0,0,0,0,0,0,0,0,0,0,0,0,0,0,0,0,0,0,0,0,0,0,0,0,0,0,0,0,0,
1,8_4,10_51_27,7.7770,0,1,0,2.776558,Baseline,2.337,0.992,-1.001778,2.214235,359.0023,-1.668773E-09,0.0000,0.0000,0.0000,0.0000,0.0000,0.0000,0,0,,,,,,,0,0,0,0,0,0,0,0,0,0,0,0,0,0,0,0,0,0,0,0,0,0,0,0,0,0,0,0,0,0,0,0,0,0,0,0,0,0,0,0,0,0,0,0,0,0,0,0,0,0,0,
1,8_4,10_51_27,7.7803,0,1,0,2.779825,Baseline,2.337,0.992,-1.001778,2.214235,359.0023,-1.668773E-09,0.0000,0.0000,0.0000,0.0000,0.0000,0.0000,0,0,,,,,,,0,0,0,0,0,0,0,0,0,0,0,0,0,0,0,0,0,0,0,0,0,0,0,0,0,0,0,0,0,0,0,0,0,0,0,0,0,0,0,0,0,0,0,0,0,0,0,0,0,0,0,
1,8_4,10_51_27,7.7838,0,1,0,2.783328,Baseline,2.337,0.992,-1.001778,2.214235,359.0023,-1.668773E-09,0.0000,0.0000,0.0000,0.0000,0.0000,0.0000,0,0,,,,,,,0,0,0,0,0,0,0,0,0,0,0,0,0,0,0,0,0,0,0,0,0,0,0,0,0,0,0,0,0,0,0,0,0,0,0,0,0,0,0,0,0,0,0,0,0,0,0,0,0,0,0,
1,8_4,10_51_27,7.7869,0,1,0,2.786444,Baseline,2.337,0.992,-1.001778,2.214235,359.0023,-1.668773E-09,0.0000,0.0000,0.0000,0.0000,0.0000,0.0000,0,0,,,,,,,0,0,0,0,0,0,0,0,0,0,0,0,0,0,0,0,0,0,0,0,0,0,0,0,0,0,0,0,0,0,0,0,0,0,0,0,0,0,0,0,0,0,0,0,0,0,0,0,0,0,0,
1,8_4,10_51_27,7.7901,0,1,0,2.789682,Baseline,2.337,0.992,-1.001778,2.214235,359.0023,-1.668773E-09,0.0000,0.0000,0.0000,0.0000,0.0000,0.0000,0,0,,,,,,,0,0,0,0,0,0,0,0,0,0,0,0,0,0,0,0,0,0,0,0,0,0,0,0,0,0,0,0,0,0,0,0,0,0,0,0,0,0,0,0,0,0,0,0,0,0,0,0,0,0,0,
1,8_4,10_51_27,7.7935,0,1,0,2.793048,Baseline,2.337,0.992,-1.001778,2.214235,359.0023,-1.668773E-09,0.0000,0.0000,0.0000,0.0000,0.0000,0.0000,0,0,,,,,,,0,0,0,0,0,0,0,0,0,0,0,0,0,0,0,0,0,0,0,0,0,0,0,0,0,0,0,0,0,0,0,0,0,0,0,0,0,0,0,0,0,0,0,0,0,0,0,0,0,0,0,
1,8_4,10_51_27,7.7967,0,1,0,2.796268,Baseline,2.337,0.992,-1.001778,2.214235,359.0023,-1.668773E-09,0.0000,0.0000,0.0000,0.0000,0.0000,0.0000,0,0,,,,,,,0,0,0,0,0,0,0,0,0,0,0,0,0,0,0,0,0,0,0,0,0,0,0,0,0,0,0,0,0,0,0,0,0,0,0,0,0,0,0,0,0,0,0,0,0,0,0,0,0,0,0,
1,8_4,10_51_27,7.8001,0,1,0,2.79969,Baseline,2.337,0.992,-1.001778,2.214235,359.0023,-1.668773E-09,0.0000,0.0000,0.0000,0.0000,0.0000,0.0000,0,0,,,,,,,0,0,0,0,0,0,0,0,0,0,0,0,0,0,0,0,0,0,0,0,0,0,0,0,0,0,0,0,0,0,0,0,0,0,0,0,0,0,0,0,0,0,0,0,0,0,0,0,0,0,0,
1,8_4,10_51_27,7.8037,0,1,0,2.80328,Baseline,2.337,0.992,-1.001778,2.214235,359.0023,-1.668773E-09,0.0000,0.0000,0.0000,0.0000,0.0000,0.0000,0,0,,,,,,,0,0,0,0,0,0,0,0,0,0,0,0,0,0,0,0,0,0,0,0,0,0,0,0,0,0,0,0,0,0,0,0,0,0,0,0,0,0,0,0,0,0,0,0,0,0,0,0,0,0,0,
1,8_4,10_51_27,7.8069,0,1,0,2.806498,Baseline,2.337,0.992,-1.001778,2.214235,359.0023,-1.668773E-09,0.0000,0.0000,0.0000,0.0000,0.0000,0.0000,0,0,,,,,,,0,0,0,0,0,0,0,0,0,0,0,0,0,0,0,0,0,0,0,0,0,0,0,0,0,0,0,0,0,0,0,0,0,0,0,0,0,0,0,0,0,0,0,0,0,0,0,0,0,0,0,
1,8_4,10_51_27,7.8102,0,1,0,2.809793,Baseline,2.337,0.992,-1.001778,2.214235,359.0023,-1.668773E-09,0.0000,0.0000,0.0000,0.0000,0.0000,0.0000,0,0,,,,,,,0,0,0,0,0,0,0,0,0,0,0,0,0,0,0,0,0,0,0,0,0,0,0,0,0,0,0,0,0,0,0,0,0,0,0,0,0,0,0,0,0,0,0,0,0,0,0,0,0,0,0,
1,8_4,10_51_27,7.8134,0,1,0,2.812994,Baseline,2.337,0.992,-1.001778,2.214235,359.0023,-1.668773E-09,0.0000,0.0000,0.0000,0.0000,0.0000,0.0000,0,0,,,,,,,0,0,0,0,0,0,0,0,0,0,0,0,0,0,0,0,0,0,0,0,0,0,0,0,0,0,0,0,0,0,0,0,0,0,0,0,0,0,0,0,0,0,0,0,0,0,0,0,0,0,0,
1,8_4,10_51_27,7.8166,0,1,0,2.816133,Baseline,2.337,0.992,-1.001778,2.214235,359.0023,-1.668773E-09,0.0000,0.0000,0.0000,0.0000,0.0000,0.0000,0,0,,,,,,,0,0,0,0,0,0,0,0,0,0,0,0,0,0,0,0,0,0,0,0,0,0,0,0,0,0,0,0,0,0,0,0,0,0,0,0,0,0,0,0,0,0,0,0,0,0,0,0,0,0,0,
1,8_4,10_51_27,7.8198,0,1,0,2.81935,Baseline,2.337,0.992,-1.001778,2.214235,359.0023,-1.668773E-09,0.0000,0.0000,0.0000,0.0000,0.0000,0.0000,0,0,,,,,,,0,0,0,0,0,0,0,0,0,0,0,0,0,0,0,0,0,0,0,0,0,0,0,0,0,0,0,0,0,0,0,0,0,0,0,0,0,0,0,0,0,0,0,0,0,0,0,0,0,0,0,
1,8_4,10_51_27,7.8230,0,1,0,2.822515,Baseline,2.337,0.992,-1.001778,2.214235,359.0023,-1.668773E-09,0.0000,0.0000,0.0000,0.0000,0.0000,0.0000,0,0,,,,,,,0,0,0,0,0,0,0,0,0,0,0,0,0,0,0,0,0,0,0,0,0,0,0,0,0,0,0,0,0,0,0,0,0,0,0,0,0,0,0,0,0,0,0,0,0,0,0,0,0,0,0,
1,8_4,10_51_27,7.8262,0,1,0,2.825801,Baseline,2.337,0.992,-1.001778,2.214235,359.0023,-1.668773E-09,0.0000,0.0000,0.0000,0.0000,0.0000,0.0000,0,0,,,,,,,0,0,0,0,0,0,0,0,0,0,0,0,0,0,0,0,0,0,0,0,0,0,0,0,0,0,0,0,0,0,0,0,0,0,0,0,0,0,0,0,0,0,0,0,0,0,0,0,0,0,0,
1,8_4,10_51_27,7.8294,0,1,0,2.828933,Baseline,2.337,0.992,-1.001778,2.214235,359.0023,-1.668773E-09,0.0000,0.0000,0.0000,0.0000,0.0000,0.0000,0,0,,,,,,,0,0,0,0,0,0,0,0,0,0,0,0,0,0,0,0,0,0,0,0,0,0,0,0,0,0,0,0,0,0,0,0,0,0,0,0,0,0,0,0,0,0,0,0,0,0,0,0,0,0,0,
1,8_4,10_51_27,7.8327,0,1,0,2.832211,Baseline,2.337,0.992,-1.001778,2.214235,359.0023,-1.668773E-09,0.0000,0.0000,0.0000,0.0000,0.0000,0.0000,0,0,,,,,,,0,0,0,0,0,0,0,0,0,0,0,0,0,0,0,0,0,0,0,0,0,0,0,0,0,0,0,0,0,0,0,0,0,0,0,0,0,0,0,0,0,0,0,0,0,0,0,0,0,0,0,
1,8_4,10_51_27,7.8361,0,1,0,2.83566,Baseline,2.337,0.992,-1.001778,2.214235,359.0023,-1.668773E-09,0.0000,0.0000,0.0000,0.0000,0.0000,0.0000,0,0,,,,,,,0,0,0,0,0,0,0,0,0,0,0,0,0,0,0,0,0,0,0,0,0,0,0,0,0,0,0,0,0,0,0,0,0,0,0,0,0,0,0,0,0,0,0,0,0,0,0,0,0,0,0,
1,8_4,10_51_27,7.8393,0,1,0,2.838902,Baseline,2.337,0.992,-1.001778,2.214235,359.0023,-1.668773E-09,0.0000,0.0000,0.0000,0.0000,0.0000,0.0000,0,0,,,,,,,0,0,0,0,0,0,0,0,0,0,0,0,0,0,0,0,0,0,0,0,0,0,0,0,0,0,0,0,0,0,0,0,0,0,0,0,0,0,0,0,0,0,0,0,0,0,0,0,0,0,0,
1,8_4,10_51_27,7.8425,0,1,0,2.842072,Baseline,2.337,0.992,-1.001778,2.214235,359.0023,-1.668773E-09,0.0000,0.0000,0.0000,0.0000,0.0000,0.0000,0,0,,,,,,,0,0,0,0,0,0,0,0,0,0,0,0,0,0,0,0,0,0,0,0,0,0,0,0,0,0,0,0,0,0,0,0,0,0,0,0,0,0,0,0,0,0,0,0,0,0,0,0,0,0,0,
1,8_4,10_51_27,7.8459,0,1,0,2.845417,Baseline,2.337,0.992,-1.001778,2.214235,359.0023,-1.668773E-09,0.0000,0.0000,0.0000,0.0000,0.0000,0.0000,0,0,,,,,,,0,0,0,0,0,0,0,0,0,0,0,0,0,0,0,0,0,0,0,0,0,0,0,0,0,0,0,0,0,0,0,0,0,0,0,0,0,0,0,0,0,0,0,0,0,0,0,0,0,0,0,
1,8_4,10_51_27,7.8491,0,1,0,2.848661,Baseline,2.337,0.992,-1.001778,2.214235,359.0023,-1.668773E-09,0.0000,0.0000,0.0000,0.0000,0.0000,0.0000,0,0,,,,,,,0,0,0,0,0,0,0,0,0,0,0,0,0,0,0,0,0,0,0,0,0,0,0,0,0,0,0,0,0,0,0,0,0,0,0,0,0,0,0,0,0,0,0,0,0,0,0,0,0,0,0,
1,8_4,10_51_27,7.8525,0,1,0,2.852101,Baseline,2.337,0.992,-1.001778,2.214235,359.0023,-1.668773E-09,0.0000,0.0000,0.0000,0.0000,0.0000,0.0000,0,0,,,,,,,0,0,0,0,0,0,0,0,0,0,0,0,0,0,0,0,0,0,0,0,0,0,0,0,0,0,0,0,0,0,0,0,0,0,0,0,0,0,0,0,0,0,0,0,0,0,0,0,0,0,0,
1,8_4,10_51_27,7.8557,0,1,0,2.855291,Baseline,2.337,0.992,-1.001778,2.214235,359.0023,-1.668773E-09,0.0000,0.0000,0.0000,0.0000,0.0000,0.0000,0,0,,,,,,,0,0,0,0,0,0,0,0,0,0,0,0,0,0,0,0,0,0,0,0,0,0,0,0,0,0,0,0,0,0,0,0,0,0,0,0,0,0,0,0,0,0,0,0,0,0,0,0,0,0,0,
1,8_4,10_51_27,7.8589,0,1,0,2.858428,Baseline,2.337,0.992,-1.001778,2.214235,359.0023,-1.668773E-09,0.0000,0.0000,0.0000,0.0000,0.0000,0.0000,0,0,,,,,,,0,0,0,0,0,0,0,0,0,0,0,0,0,0,0,0,0,0,0,0,0,0,0,0,0,0,0,0,0,0,0,0,0,0,0,0,0,0,0,0,0,0,0,0,0,0,0,0,0,0,0,
1,8_4,10_51_27,7.8620,0,1,0,2.861585,Baseline,2.337,0.992,-1.001778,2.214235,359.0023,-1.668773E-09,0.0000,0.0000,0.0000,0.0000,0.0000,0.0000,0,0,,,,,,,0,0,0,0,0,0,0,0,0,0,0,0,0,0,0,0,0,0,0,0,0,0,0,0,0,0,0,0,0,0,0,0,0,0,0,0,0,0,0,0,0,0,0,0,0,0,0,0,0,0,0,
1,8_4,10_51_27,7.8652,0,1,0,2.864775,Baseline,2.337,0.992,-1.001778,2.214235,359.0023,-1.668773E-09,0.0000,0.0000,0.0000,0.0000,0.0000,0.0000,0,0,,,,,,,0,0,0,0,0,0,0,0,0,0,0,0,0,0,0,0,0,0,0,0,0,0,0,0,0,0,0,0,0,0,0,0,0,0,0,0,0,0,0,0,0,0,0,0,0,0,0,0,0,0,0,
1,8_4,10_51_27,7.8695,0,1,0,2.869096,Baseline,2.337,0.992,-1.001778,2.214235,359.0023,-1.668773E-09,0.0000,0.0000,0.0000,0.0000,0.0000,0.0000,0,0,,,,,,,0,0,0,0,0,0,0,0,0,0,0,0,0,0,0,0,0,0,0,0,0,0,0,0,0,0,0,0,0,0,0,0,0,0,0,0,0,0,0,0,0,0,0,0,0,0,0,0,0,0,0,
1,8_4,10_51_27,7.8730,0,1,0,2.872571,Baseline,2.337,0.992,-1.001778,2.214235,359.0023,-1.668773E-09,0.0000,0.0000,0.0000,0.0000,0.0000,0.0000,0,0,,,,,,,0,0,0,0,0,0,0,0,0,0,0,0,0,0,0,0,0,0,0,0,0,0,0,0,0,0,0,0,0,0,0,0,0,0,0,0,0,0,0,0,0,0,0,0,0,0,0,0,0,0,0,
1,8_4,10_51_27,7.8764,0,1,0,2.875972,Baseline,2.337,0.992,-1.001778,2.214235,359.0023,-1.668773E-09,0.0000,0.0000,0.0000,0.0000,0.0000,0.0000,0,0,,,,,,,0,0,0,0,0,0,0,0,0,0,0,0,0,0,0,0,0,0,0,0,0,0,0,0,0,0,0,0,0,0,0,0,0,0,0,0,0,0,0,0,0,0,0,0,0,0,0,0,0,0,0,
1,8_4,10_51_27,7.8796,0,1,0,2.879151,Baseline,2.337,0.992,-1.001778,2.214235,359.0023,-1.668773E-09,0.0000,0.0000,0.0000,0.0000,0.0000,0.0000,0,0,,,,,,,0,0,0,0,0,0,0,0,0,0,0,0,0,0,0,0,0,0,0,0,0,0,0,0,0,0,0,0,0,0,0,0,0,0,0,0,0,0,0,0,0,0,0,0,0,0,0,0,0,0,0,
1,8_4,10_51_27,7.8827,0,1,0,2.88229,Baseline,2.337,0.992,-1.001778,2.214235,359.0023,-1.668773E-09,0.0000,0.0000,0.0000,0.0000,0.0000,0.0000,0,0,,,,,,,0,0,0,0,0,0,0,0,0,0,0,0,0,0,0,0,0,0,0,0,0,0,0,0,0,0,0,0,0,0,0,0,0,0,0,0,0,0,0,0,0,0,0,0,0,0,0,0,0,0,0,
1,8_4,10_51_27,7.8861,0,1,0,2.885678,Baseline,2.337,0.992,-1.001778,2.214235,359.0023,-1.668773E-09,0.0000,0.0000,0.0000,0.0000,0.0000,0.0000,0,0,,,,,,,0,0,0,0,0,0,0,0,0,0,0,0,0,0,0,0,0,0,0,0,0,0,0,0,0,0,0,0,0,0,0,0,0,0,0,0,0,0,0,0,0,0,0,0,0,0,0,0,0,0,0,
1,8_4,10_51_27,7.8893,0,1,0,2.888875,Baseline,2.337,0.992,-1.001778,2.214235,359.0023,-1.668773E-09,0.0000,0.0000,0.0000,0.0000,0.0000,0.0000,0,0,,,,,,,0,0,0,0,0,0,0,0,0,0,0,0,0,0,0,0,0,0,0,0,0,0,0,0,0,0,0,0,0,0,0,0,0,0,0,0,0,0,0,0,0,0,0,0,0,0,0,0,0,0,0,
1,8_4,10_51_27,7.8925,0,1,0,2.892023,Baseline,2.337,0.992,-1.001778,2.214235,359.0023,-1.668773E-09,0.0000,0.0000,0.0000,0.0000,0.0000,0.0000,0,0,,,,,,,0,0,0,0,0,0,0,0,0,0,0,0,0,0,0,0,0,0,0,0,0,0,0,0,0,0,0,0,0,0,0,0,0,0,0,0,0,0,0,0,0,0,0,0,0,0,0,0,0,0,0,
1,8_4,10_51_27,7.8957,0,1,0,2.895289,Baseline,2.337,0.992,-1.001778,2.214235,359.0023,-1.668773E-09,0.0000,0.0000,0.0000,0.0000,0.0000,0.0000,0,0,,,,,,,0,0,0,0,0,0,0,0,0,0,0,0,0,0,0,0,0,0,0,0,0,0,0,0,0,0,0,0,0,0,0,0,0,0,0,0,0,0,0,0,0,0,0,0,0,0,0,0,0,0,0,
1,8_4,10_51_27,7.8989,0,1,0,2.898494,Baseline,2.337,0.992,-1.001778,2.214235,359.0023,-1.668773E-09,0.0000,0.0000,0.0000,0.0000,0.0000,0.0000,0,0,,,,,,,0,0,0,0,0,0,0,0,0,0,0,0,0,0,0,0,0,0,0,0,0,0,0,0,0,0,0,0,0,0,0,0,0,0,0,0,0,0,0,0,0,0,0,0,0,0,0,0,0,0,0,
1,8_4,10_51_27,7.9023,0,1,0,2.901895,Baseline,2.337,0.992,-1.001778,2.214235,359.0023,-1.668773E-09,0.0000,0.0000,0.0000,0.0000,0.0000,0.0000,0,0,,,,,,,0,0,0,0,0,0,0,0,0,0,0,0,0,0,0,0,0,0,0,0,0,0,0,0,0,0,0,0,0,0,0,0,0,0,0,0,0,0,0,0,0,0,0,0,0,0,0,0,0,0,0,
1,8_4,10_51_27,7.9056,0,1,0,2.905148,Baseline,2.337,0.992,-1.001778,2.214235,359.0023,-1.668773E-09,0.0000,0.0000,0.0000,0.0000,0.0000,0.0000,0,0,,,,,,,0,0,0,0,0,0,0,0,0,0,0,0,0,0,0,0,0,0,0,0,0,0,0,0,0,0,0,0,0,0,0,0,0,0,0,0,0,0,0,0,0,0,0,0,0,0,0,0,0,0,0,
1,8_4,10_51_27,7.9130,0,1,0,2.912602,Baseline,2.337,0.992,-1.001778,2.214235,359.0023,-1.668773E-09,0.0000,0.0000,0.0000,0.0000,0.0000,0.0000,0,0,,,,,,,0,0,0,0,0,0,0,0,0,0,0,0,0,0,0,0,0,0,0,0,0,0,0,0,0,0,0,0,0,0,0,0,0,0,0,0,0,0,0,0,0,0,0,0,0,0,0,0,0,0,0,
1,8_4,10_51_27,7.9165,0,1,0,2.916028,Baseline,2.337,0.992,-1.001778,2.214235,359.0023,-1.668773E-09,0.0000,0.0000,0.0000,0.0000,0.0000,0.0000,0,0,,,,,,,0,0,0,0,0,0,0,0,0,0,0,0,0,0,0,0,0,0,0,0,0,0,0,0,0,0,0,0,0,0,0,0,0,0,0,0,0,0,0,0,0,0,0,0,0,0,0,0,0,0,0,
1,8_4,10_51_27,7.9196,0,1,0,2.919173,Baseline,2.337,0.992,-1.001778,2.214235,359.0023,-1.668773E-09,0.0000,0.0000,0.0000,0.0000,0.0000,0.0000,0,0,,,,,,,0,0,0,0,0,0,0,0,0,0,0,0,0,0,0,0,0,0,0,0,0,0,0,0,0,0,0,0,0,0,0,0,0,0,0,0,0,0,0,0,0,0,0,0,0,0,0,0,0,0,0,
1,8_4,10_51_27,7.9228,0,1,0,2.922373,Baseline,2.337,0.992,-1.001778,2.214235,359.0023,-1.668773E-09,0.0000,0.0000,0.0000,0.0000,0.0000,0.0000,0,0,,,,,,,0,0,0,0,0,0,0,0,0,0,0,0,0,0,0,0,0,0,0,0,0,0,0,0,0,0,0,0,0,0,0,0,0,0,0,0,0,0,0,0,0,0,0,0,0,0,0,0,0,0,0,
1,8_4,10_51_27,7.9270,0,1,0,2.926559,Baseline,2.337,0.992,-1.001778,2.214235,359.0023,-1.668773E-09,0.0000,0.0000,0.0000,0.0000,0.0000,0.0000,0,0,,,,,,,0,0,0,0,0,0,0,0,0,0,0,0,0,0,0,0,0,0,0,0,0,0,0,0,0,0,0,0,0,0,0,0,0,0,0,0,0,0,0,0,0,0,0,0,0,0,0,0,0,0,0,
1,8_4,10_51_27,7.9305,0,1,0,2.930017,Baseline,2.337,0.992,-1.001778,2.214235,359.0023,-1.668773E-09,0.0000,0.0000,0.0000,0.0000,0.0000,0.0000,0,0,,,,,,,0,0,0,0,0,0,0,0,0,0,0,0,0,0,0,0,0,0,0,0,0,0,0,0,0,0,0,0,0,0,0,0,0,0,0,0,0,0,0,0,0,0,0,0,0,0,0,0,0,0,0,
1,8_4,10_51_27,7.9337,0,1,0,2.93322,Baseline,2.337,0.992,-1.001778,2.214235,359.0023,-1.668773E-09,0.0000,0.0000,0.0000,0.0000,0.0000,0.0000,0,0,,,,,,,0,0,0,0,0,0,0,0,0,0,0,0,0,0,0,0,0,0,0,0,0,0,0,0,0,0,0,0,0,0,0,0,0,0,0,0,0,0,0,0,0,0,0,0,0,0,0,0,0,0,0,
1,8_4,10_51_27,7.9370,0,1,0,2.936602,Baseline,2.337,0.992,-1.001778,2.214235,359.0023,-1.668773E-09,0.0000,0.0000,0.0000,0.0000,0.0000,0.0000,0,0,,,,,,,0,0,0,0,0,0,0,0,0,0,0,0,0,0,0,0,0,0,0,0,0,0,0,0,0,0,0,0,0,0,0,0,0,0,0,0,0,0,0,0,0,0,0,0,0,0,0,0,0,0,0,
1,8_4,10_51_27,7.9401,0,1,0,2.939701,Baseline,2.337,0.992,-1.001778,2.214235,359.0023,-1.668773E-09,0.0000,0.0000,0.0000,0.0000,0.0000,0.0000,0,0,,,,,,,0,0,0,0,0,0,0,0,0,0,0,0,0,0,0,0,0,0,0,0,0,0,0,0,0,0,0,0,0,0,0,0,0,0,0,0,0,0,0,0,0,0,0,0,0,0,0,0,0,0,0,
1,8_4,10_51_27,7.9436,0,1,0,2.943115,Baseline,2.337,0.992,-1.001778,2.214235,359.0023,-1.668773E-09,0.0000,0.0000,0.0000,0.0000,0.0000,0.0000,0,0,,,,,,,0,0,0,0,0,0,0,0,0,0,0,0,0,0,0,0,0,0,0,0,0,0,0,0,0,0,0,0,0,0,0,0,0,0,0,0,0,0,0,0,0,0,0,0,0,0,0,0,0,0,0,
1,8_4,10_51_27,7.9470,0,1,0,2.946516,Baseline,2.337,0.992,-1.001778,2.214235,359.0023,-1.668773E-09,0.0000,0.0000,0.0000,0.0000,0.0000,0.0000,0,0,,,,,,,0,0,0,0,0,0,0,0,0,0,0,0,0,0,0,0,0,0,0,0,0,0,0,0,0,0,0,0,0,0,0,0,0,0,0,0,0,0,0,0,0,0,0,0,0,0,0,0,0,0,0,
1,8_4,10_51_27,7.9505,0,1,0,2.950028,Baseline,2.337,0.992,-1.001778,2.214235,359.0023,-1.668773E-09,0.0000,0.0000,0.0000,0.0000,0.0000,0.0000,0,0,,,,,,,0,0,0,0,0,0,0,0,0,0,0,0,0,0,0,0,0,0,0,0,0,0,0,0,0,0,0,0,0,0,0,0,0,0,0,0,0,0,0,0,0,0,0,0,0,0,0,0,0,0,0,
1,8_4,10_51_27,7.9552,0,1,0,2.954803,Baseline,2.337,0.992,-1.001778,2.214235,359.0023,-1.668773E-09,0.0000,0.0000,0.0000,0.0000,0.0000,0.0000,0,0,,,,,,,0,0,0,0,0,0,0,0,0,0,0,0,0,0,0,0,0,0,0,0,0,0,0,0,0,0,0,0,0,0,0,0,0,0,0,0,0,0,0,0,0,0,0,0,0,0,0,0,0,0,0,
1,8_4,10_51_27,7.9585,0,1,0,2.958091,Baseline,2.337,0.992,-1.001778,2.214235,359.0023,-1.668773E-09,0.0000,0.0000,0.0000,0.0000,0.0000,0.0000,0,0,,,,,,,0,0,0,0,0,0,0,0,0,0,0,0,0,0,0,0,0,0,0,0,0,0,0,0,0,0,0,0,0,0,0,0,0,0,0,0,0,0,0,0,0,0,0,0,0,0,0,0,0,0,0,
1,8_4,10_51_27,7.9622,0,1,0,2.961774,Baseline,2.337,0.992,-1.001778,2.214235,359.0023,-1.668773E-09,0.0000,0.0000,0.0000,0.0000,0.0000,0.0000,0,0,,,,,,,0,0,0,0,0,0,0,0,0,0,0,0,0,0,0,0,0,0,0,0,0,0,0,0,0,0,0,0,0,0,0,0,0,0,0,0,0,0,0,0,0,0,0,0,0,0,0,0,0,0,0,
1,8_4,10_51_27,7.9658,0,1,0,2.965384,Baseline,2.337,0.992,-1.001778,2.214235,359.0023,-1.668773E-09,0.0000,0.0000,0.0000,0.0000,0.0000,0.0000,0,0,,,,,,,0,0,0,0,0,0,0,0,0,0,0,0,0,0,0,0,0,0,0,0,0,0,0,0,0,0,0,0,0,0,0,0,0,0,0,0,0,0,0,0,0,0,0,0,0,0,0,0,0,0,0,
1,8_4,10_51_27,7.9692,0,1,0,2.968719,Baseline,2.337,0.992,-1.001778,2.214235,359.0023,-1.668773E-09,0.0000,0.0000,0.0000,0.0000,0.0000,0.0000,0,0,,,,,,,0,0,0,0,0,0,0,0,0,0,0,0,0,0,0,0,0,0,0,0,0,0,0,0,0,0,0,0,0,0,0,0,0,0,0,0,0,0,0,0,0,0,0,0,0,0,0,0,0,0,0,
1,8_4,10_51_27,7.9725,0,1,0,2.972051,Baseline,2.337,0.992,-1.001778,2.214235,359.0023,-1.668773E-09,0.0000,0.0000,0.0000,0.0000,0.0000,0.0000,0,0,,,,,,,0,0,0,0,0,0,0,0,0,0,0,0,0,0,0,0,0,0,0,0,0,0,0,0,0,0,0,0,0,0,0,0,0,0,0,0,0,0,0,0,0,0,0,0,0,0,0,0,0,0,0,
1,8_4,10_51_27,7.9757,0,1,0,2.975247,Baseline,2.337,0.992,-1.001778,2.214235,359.0023,-1.668773E-09,0.0000,0.0000,0.0000,0.0000,0.0000,0.0000,0,0,,,,,,,0,0,0,0,0,0,0,0,0,0,0,0,0,0,0,0,0,0,0,0,0,0,0,0,0,0,0,0,0,0,0,0,0,0,0,0,0,0,0,0,0,0,0,0,0,0,0,0,0,0,0,
1,8_4,10_51_27,7.9791,0,1,0,2.978634,Baseline,2.337,0.992,-1.001778,2.214235,359.0023,-1.668773E-09,0.0000,0.0000,0.0000,0.0000,0.0000,0.0000,0,0,,,,,,,0,0,0,0,0,0,0,0,0,0,0,0,0,0,0,0,0,0,0,0,0,0,0,0,0,0,0,0,0,0,0,0,0,0,0,0,0,0,0,0,0,0,0,0,0,0,0,0,0,0,0,
1,8_4,10_51_27,7.9824,0,1,0,2.981997,Baseline,2.337,0.992,-1.001778,2.214235,359.0023,-1.668773E-09,0.0000,0.0000,0.0000,0.0000,0.0000,0.0000,0,0,,,,,,,0,0,0,0,0,0,0,0,0,0,0,0,0,0,0,0,0,0,0,0,0,0,0,0,0,0,0,0,0,0,0,0,0,0,0,0,0,0,0,0,0,0,0,0,0,0,0,0,0,0,0,
1,8_4,10_51_27,7.9857,0,1,0,2.98529,Baseline,2.337,0.992,-1.001778,2.214235,359.0023,-1.668773E-09,0.0000,0.0000,0.0000,0.0000,0.0000,0.0000,0,0,,,,,,,0,0,0,0,0,0,0,0,0,0,0,0,0,0,0,0,0,0,0,0,0,0,0,0,0,0,0,0,0,0,0,0,0,0,0,0,0,0,0,0,0,0,0,0,0,0,0,0,0,0,0,
1,8_4,10_51_27,7.9890,0,1,0,2.988602,Baseline,2.337,0.992,-1.001778,2.214235,359.0023,-1.668773E-09,0.0000,0.0000,0.0000,0.0000,0.0000,0.0000,0,0,,,,,,,0,0,0,0,0,0,0,0,0,0,0,0,0,0,0,0,0,0,0,0,0,0,0,0,0,0,0,0,0,0,0,0,0,0,0,0,0,0,0,0,0,0,0,0,0,0,0,0,0,0,0,
1,8_4,10_51_27,7.9925,0,1,0,2.992007,Baseline,2.337,0.992,-1.001778,2.214235,359.0023,-1.668773E-09,0.0000,0.0000,0.0000,0.0000,0.0000,0.0000,0,0,,,,,,,0,0,0,0,0,0,0,0,0,0,0,0,0,0,0,0,0,0,0,0,0,0,0,0,0,0,0,0,0,0,0,0,0,0,0,0,0,0,0,0,0,0,0,0,0,0,0,0,0,0,0,
1,8_4,10_51_27,7.9958,0,1,0,2.995398,Baseline,2.337,0.992,-1.001778,2.214235,359.0023,-1.668773E-09,0.0000,0.0000,0.0000,0.0000,0.0000,0.0000,0,0,,,,,,,0,0,0,0,0,0,0,0,0,0,0,0,0,0,0,0,0,0,0,0,0,0,0,0,0,0,0,0,0,0,0,0,0,0,0,0,0,0,0,0,0,0,0,0,0,0,0,0,0,0,0,
1,8_4,10_51_27,7.9992,0,1,0,2.998798,Baseline,2.337,0.992,-1.001778,2.214235,359.0023,-1.668773E-09,0.0000,0.0000,0.0000,0.0000,0.0000,0.0000,0,0,,,,,,,0,0,0,0,0,0,0,0,0,0,0,0,0,0,0,0,0,0,0,0,0,0,0,0,0,0,0,0,0,0,0,0,0,0,0,0,0,0,0,0,0,0,0,0,0,0,0,0,0,0,0,
1,8_4,10_51_27,8.0026,0,1,0,3.002181,Baseline,2.337,0.992,-1.001778,2.214235,359.0023,-1.668773E-09,0.0000,0.0000,0.0000,0.0000,0.0000,0.0000,0,0,,,,,,,0,0,0,0,0,0,0,0,0,0,0,0,0,0,0,0,0,0,0,0,0,0,0,0,0,0,0,0,0,0,0,0,0,0,0,0,0,0,0,0,0,0,0,0,0,0,0,0,0,0,0,
1,8_4,10_51_27,8.0060,0,1,0,3.005536,Baseline,2.337,0.992,-1.001778,2.214235,359.0023,-1.668773E-09,0.0000,0.0000,0.0000,0.0000,0.0000,0.0000,0,0,,,,,,,0,0,0,0,0,0,0,0,0,0,0,0,0,0,0,0,0,0,0,0,0,0,0,0,0,0,0,0,0,0,0,0,0,0,0,0,0,0,0,0,0,0,0,0,0,0,0,0,0,0,0,
1,8_4,10_51_27,8.0093,0,1,0,3.008809,Baseline,2.337,0.992,-1.001778,2.214235,359.0023,-1.668773E-09,0.0000,0.0000,0.0000,0.0000,0.0000,0.0000,0,0,,,,,,,0,0,0,0,0,0,0,0,0,0,0,0,0,0,0,0,0,0,0,0,0,0,0,0,0,0,0,0,0,0,0,0,0,0,0,0,0,0,0,0,0,0,0,0,0,0,0,0,0,0,0,
1,8_4,10_51_27,8.0125,0,1,0,3.012007,Baseline,2.337,0.992,-1.001778,2.214235,359.0023,-1.668773E-09,0.0000,0.0000,0.0000,0.0000,0.0000,0.0000,0,0,,,,,,,0,0,0,0,0,0,0,0,0,0,0,0,0,0,0,0,0,0,0,0,0,0,0,0,0,0,0,0,0,0,0,0,0,0,0,0,0,0,0,0,0,0,0,0,0,0,0,0,0,0,0,
1,8_4,10_51_27,8.0160,0,1,0,3.015542,Baseline,2.337,0.992,-1.001778,2.214235,359.0023,-1.668773E-09,0.0000,0.0000,0.0000,0.0000,0.0000,0.0000,0,0,,,,,,,0,0,0,0,0,0,0,0,0,0,0,0,0,0,0,0,0,0,0,0,0,0,0,0,0,0,0,0,0,0,0,0,0,0,0,0,0,0,0,0,0,0,0,0,0,0,0,0,0,0,0,
1,8_4,10_51_27,8.0194,0,1,0,3.018929,Baseline,2.337,0.992,-1.001778,2.214235,359.0023,-1.668773E-09,0.0000,0.0000,0.0000,0.0000,0.0000,0.0000,0,0,,,,,,,0,0,0,0,0,0,0,0,0,0,0,0,0,0,0,0,0,0,0,0,0,0,0,0,0,0,0,0,0,0,0,0,0,0,0,0,0,0,0,0,0,0,0,0,0,0,0,0,0,0,0,
1,8_4,10_51_27,8.0230,0,1,0,3.022558,Baseline,2.337,0.992,-1.001778,2.214235,359.0023,-1.668773E-09,0.0000,0.0000,0.0000,0.0000,0.0000,0.0000,0,0,,,,,,,0,0,0,0,0,0,0,0,0,0,0,0,0,0,0,0,0,0,0,0,0,0,0,0,0,0,0,0,0,0,0,0,0,0,0,0,0,0,0,0,0,0,0,0,0,0,0,0,0,0,0,
1,8_4,10_51_27,8.0263,0,1,0,3.025864,Baseline,2.337,0.992,-1.001778,2.214235,359.0023,-1.668773E-09,0.0000,0.0000,0.0000,0.0000,0.0000,0.0000,0,0,,,,,,,0,0,0,0,0,0,0,0,0,0,0,0,0,0,0,0,0,0,0,0,0,0,0,0,0,0,0,0,0,0,0,0,0,0,0,0,0,0,0,0,0,0,0,0,0,0,0,0,0,0,0,
1,8_4,10_51_27,8.0297,0,1,0,3.029218,Baseline,2.337,0.992,-1.001778,2.214235,359.0023,-1.668773E-09,0.0000,0.0000,0.0000,0.0000,0.0000,0.0000,0,0,,,,,,,0,0,0,0,0,0,0,0,0,0,0,0,0,0,0,0,0,0,0,0,0,0,0,0,0,0,0,0,0,0,0,0,0,0,0,0,0,0,0,0,0,0,0,0,0,0,0,0,0,0,0,
1,8_4,10_51_27,8.0331,0,1,0,3.032691,Baseline,2.337,0.992,-1.001778,2.214235,359.0023,-1.668773E-09,0.0000,0.0000,0.0000,0.0000,0.0000,0.0000,0,0,,,,,,,0,0,0,0,0,0,0,0,0,0,0,0,0,0,0,0,0,0,0,0,0,0,0,0,0,0,0,0,0,0,0,0,0,0,0,0,0,0,0,0,0,0,0,0,0,0,0,0,0,0,0,
1,8_4,10_51_27,8.0366,0,1,0,3.03616,Baseline,2.337,0.992,-1.001778,2.214235,359.0023,-1.668773E-09,0.0000,0.0000,0.0000,0.0000,0.0000,0.0000,0,0,,,,,,,0,0,0,0,0,0,0,0,0,0,0,0,0,0,0,0,0,0,0,0,0,0,0,0,0,0,0,0,0,0,0,0,0,0,0,0,0,0,0,0,0,0,0,0,0,0,0,0,0,0,0,
1,8_4,10_51_27,8.0400,0,1,0,3.03953,Baseline,2.337,0.992,-1.001778,2.214235,359.0023,-1.668773E-09,0.0000,0.0000,0.0000,0.0000,0.0000,0.0000,0,0,,,,,,,0,0,0,0,0,0,0,0,0,0,0,0,0,0,0,0,0,0,0,0,0,0,0,0,0,0,0,0,0,0,0,0,0,0,0,0,0,0,0,0,0,0,0,0,0,0,0,0,0,0,0,
1,8_4,10_51_27,8.0434,0,1,0,3.042907,Baseline,2.337,0.992,-1.001778,2.214235,359.0023,-1.668773E-09,0.0000,0.0000,0.0000,0.0000,0.0000,0.0000,0,0,,,,,,,0,0,0,0,0,0,0,0,0,0,0,0,0,0,0,0,0,0,0,0,0,0,0,0,0,0,0,0,0,0,0,0,0,0,0,0,0,0,0,0,0,0,0,0,0,0,0,0,0,0,0,
1,8_4,10_51_27,8.0467,0,1,0,3.046262,Baseline,2.337,0.992,-1.001778,2.214235,359.0023,-1.668773E-09,0.0000,0.0000,0.0000,0.0000,0.0000,0.0000,0,0,,,,,,,0,0,0,0,0,0,0,0,0,0,0,0,0,0,0,0,0,0,0,0,0,0,0,0,0,0,0,0,0,0,0,0,0,0,0,0,0,0,0,0,0,0,0,0,0,0,0,0,0,0,0,
1,8_4,10_51_27,8.0501,0,1,0,3.049699,Baseline,2.337,0.992,-1.001778,2.214235,359.0023,-1.668773E-09,0.0000,0.0000,0.0000,0.0000,0.0000,0.0000,0,0,,,,,,,0,0,0,0,0,0,0,0,0,0,0,0,0,0,0,0,0,0,0,0,0,0,0,0,0,0,0,0,0,0,0,0,0,0,0,0,0,0,0,0,0,0,0,0,0,0,0,0,0,0,0,
1,8_4,10_51_27,8.0534,0,1,0,3.052937,Baseline,2.337,0.992,-1.001778,2.214235,359.0023,-1.668773E-09,0.0000,0.0000,0.0000,0.0000,0.0000,0.0000,0,0,,,,,,,0,0,0,0,0,0,0,0,0,0,0,0,0,0,0,0,0,0,0,0,0,0,0,0,0,0,0,0,0,0,0,0,0,0,0,0,0,0,0,0,0,0,0,0,0,0,0,0,0,0,0,
1,8_4,10_51_27,8.0567,0,1,0,3.056245,Baseline,2.337,0.992,-1.001778,2.214235,359.0023,-1.668773E-09,0.0000,0.0000,0.0000,0.0000,0.0000,0.0000,0,0,,,,,,,0,0,0,0,0,0,0,0,0,0,0,0,0,0,0,0,0,0,0,0,0,0,0,0,0,0,0,0,0,0,0,0,0,0,0,0,0,0,0,0,0,0,0,0,0,0,0,0,0,0,0,
1,8_4,10_51_27,8.0598,0,1,0,3.059392,Baseline,2.337,0.992,-1.001778,2.214235,359.0023,-1.668773E-09,0.0000,0.0000,0.0000,0.0000,0.0000,0.0000,0,0,,,,,,,0,0,0,0,0,0,0,0,0,0,0,0,0,0,0,0,0,0,0,0,0,0,0,0,0,0,0,0,0,0,0,0,0,0,0,0,0,0,0,0,0,0,0,0,0,0,0,0,0,0,0,
1,8_4,10_51_27,8.0631,0,1,0,3.06269,Baseline,2.337,0.992,-1.001778,2.214235,359.0023,-1.668773E-09,0.0000,0.0000,0.0000,0.0000,0.0000,0.0000,0,0,,,,,,,0,0,0,0,0,0,0,0,0,0,0,0,0,0,0,0,0,0,0,0,0,0,0,0,0,0,0,0,0,0,0,0,0,0,0,0,0,0,0,0,0,0,0,0,0,0,0,0,0,0,0,
1,8_4,10_51_27,8.0665,0,1,0,3.066051,Baseline,2.337,0.992,-1.001778,2.214235,359.0023,-1.668773E-09,0.0000,0.0000,0.0000,0.0000,0.0000,0.0000,0,0,,,,,,,0,0,0,0,0,0,0,0,0,0,0,0,0,0,0,0,0,0,0,0,0,0,0,0,0,0,0,0,0,0,0,0,0,0,0,0,0,0,0,0,0,0,0,0,0,0,0,0,0,0,0,
1,8_4,10_51_27,8.0711,0,1,0,3.070657,Baseline,2.337,0.992,-1.001778,2.214235,359.0023,-1.668773E-09,0.0000,0.0000,0.0000,0.0000,0.0000,0.0000,0,0,,,,,,,0,0,0,0,0,0,0,0,0,0,0,0,0,0,0,0,0,0,0,0,0,0,0,0,0,0,0,0,0,0,0,0,0,0,0,0,0,0,0,0,0,0,0,0,0,0,0,0,0,0,0,
1,8_4,10_51_27,8.0743,0,1,0,3.073868,Baseline,2.337,0.992,-1.001778,2.214235,359.0023,-1.668773E-09,0.0000,0.0000,0.0000,0.0000,0.0000,0.0000,0,0,,,,,,,0,0,0,0,0,0,0,0,0,0,0,0,0,0,0,0,0,0,0,0,0,0,0,0,0,0,0,0,0,0,0,0,0,0,0,0,0,0,0,0,0,0,0,0,0,0,0,0,0,0,0,
1,8_4,10_51_27,8.0775,0,1,0,3.077074,Baseline,2.337,0.992,-1.001778,2.214235,359.0023,-1.668773E-09,0.0000,0.0000,0.0000,0.0000,0.0000,0.0000,0,0,,,,,,,0,0,0,0,0,0,0,0,0,0,0,0,0,0,0,0,0,0,0,0,0,0,0,0,0,0,0,0,0,0,0,0,0,0,0,0,0,0,0,0,0,0,0,0,0,0,0,0,0,0,0,
1,8_4,10_51_27,8.0810,0,1,0,3.080523,Baseline,2.337,0.992,-1.001778,2.214235,359.0023,-1.668773E-09,0.0000,0.0000,0.0000,0.0000,0.0000,0.0000,0,0,,,,,,,0,0,0,0,0,0,0,0,0,0,0,0,0,0,0,0,0,0,0,0,0,0,0,0,0,0,0,0,0,0,0,0,0,0,0,0,0,0,0,0,0,0,0,0,0,0,0,0,0,0,0,
1,8_4,10_51_27,8.0844,0,1,0,3.08396,Baseline,2.337,0.992,-1.001778,2.214235,359.0023,-1.668773E-09,0.0000,0.0000,0.0000,0.0000,0.0000,0.0000,0,0,,,,,,,0,0,0,0,0,0,0,0,0,0,0,0,0,0,0,0,0,0,0,0,0,0,0,0,0,0,0,0,0,0,0,0,0,0,0,0,0,0,0,0,0,0,0,0,0,0,0,0,0,0,0,
1,8_4,10_51_27,8.0876,0,1,0,3.087138,Baseline,2.337,0.992,-1.001778,2.214235,359.0023,-1.668773E-09,0.0000,0.0000,0.0000,0.0000,0.0000,0.0000,0,0,,,,,,,0,0,0,0,0,0,0,0,0,0,0,0,0,0,0,0,0,0,0,0,0,0,0,0,0,0,0,0,0,0,0,0,0,0,0,0,0,0,0,0,0,0,0,0,0,0,0,0,0,0,0,
1,8_4,10_51_27,8.0909,0,1,0,3.090478,Baseline,2.337,0.992,-1.001778,2.214235,359.0023,-1.668773E-09,0.0000,0.0000,0.0000,0.0000,0.0000,0.0000,0,0,,,,,,,0,0,0,0,0,0,0,0,0,0,0,0,0,0,0,0,0,0,0,0,0,0,0,0,0,0,0,0,0,0,0,0,0,0,0,0,0,0,0,0,0,0,0,0,0,0,0,0,0,0,0,
1,8_4,10_51_27,8.0942,0,1,0,3.093781,Baseline,2.337,0.992,-1.001778,2.214235,359.0023,-1.668773E-09,0.0000,0.0000,0.0000,0.0000,0.0000,0.0000,0,0,,,,,,,0,0,0,0,0,0,0,0,0,0,0,0,0,0,0,0,0,0,0,0,0,0,0,0,0,0,0,0,0,0,0,0,0,0,0,0,0,0,0,0,0,0,0,0,0,0,0,0,0,0,0,
1,8_4,10_51_27,8.0976,0,1,0,3.097126,Baseline,2.337,0.992,-1.001778,2.214235,359.0023,-1.668773E-09,0.0000,0.0000,0.0000,0.0000,0.0000,0.0000,0,0,,,,,,,0,0,0,0,0,0,0,0,0,0,0,0,0,0,0,0,0,0,0,0,0,0,0,0,0,0,0,0,0,0,0,0,0,0,0,0,0,0,0,0,0,0,0,0,0,0,0,0,0,0,0,
1,8_4,10_51_27,8.1010,0,1,0,3.100598,Baseline,2.337,0.992,-1.001778,2.214235,359.0023,-1.668773E-09,0.0000,0.0000,0.0000,0.0000,0.0000,0.0000,0,0,,,,,,,0,0,0,0,0,0,0,0,0,0,0,0,0,0,0,0,0,0,0,0,0,0,0,0,0,0,0,0,0,0,0,0,0,0,0,0,0,0,0,0,0,0,0,0,0,0,0,0,0,0,0,
1,8_4,10_51_27,8.1046,0,1,0,3.104149,Baseline,2.337,0.992,-1.001778,2.214235,359.0023,-1.668773E-09,0.0000,0.0000,0.0000,0.0000,0.0000,0.0000,0,0,,,,,,,0,0,0,0,0,0,0,0,0,0,0,0,0,0,0,0,0,0,0,0,0,0,0,0,0,0,0,0,0,0,0,0,0,0,0,0,0,0,0,0,0,0,0,0,0,0,0,0,0,0,0,
1,8_4,10_51_27,8.1081,0,1,0,3.107675,Baseline,2.337,0.992,-1.001778,2.214235,359.0023,-1.668773E-09,0.0000,0.0000,0.0000,0.0000,0.0000,0.0000,0,0,,,,,,,0,0,0,0,0,0,0,0,0,0,0,0,0,0,0,0,0,0,0,0,0,0,0,0,0,0,0,0,0,0,0,0,0,0,0,0,0,0,0,0,0,0,0,0,0,0,0,0,0,0,0,
1,8_4,10_51_27,8.1119,0,1,0,3.111495,Baseline,2.337,0.992,-1.001778,2.214235,359.0023,-1.668773E-09,0.0000,0.0000,0.0000,0.0000,0.0000,0.0000,0,0,,,,,,,0,0,0,0,0,0,0,0,0,0,0,0,0,0,0,0,0,0,0,0,0,0,0,0,0,0,0,0,0,0,0,0,0,0,0,0,0,0,0,0,0,0,0,0,0,0,0,0,0,0,0,
1,8_4,10_51_27,8.1160,0,1,0,3.11555,Baseline,2.337,0.992,-1.001778,2.214235,359.0023,-1.668773E-09,0.0000,0.0000,0.0000,0.0000,0.0000,0.0000,0,0,,,,,,,0,0,0,0,0,0,0,0,0,0,0,0,0,0,0,0,0,0,0,0,0,0,0,0,0,0,0,0,0,0,0,0,0,0,0,0,0,0,0,0,0,0,0,0,0,0,0,0,0,0,0,
1,8_4,10_51_27,8.1192,0,1,0,3.118743,Baseline,2.337,0.992,-1.001778,2.214235,359.0023,-1.668773E-09,0.0000,0.0000,0.0000,0.0000,0.0000,0.0000,0,0,,,,,,,0,0,0,0,0,0,0,0,0,0,0,0,0,0,0,0,0,0,0,0,0,0,0,0,0,0,0,0,0,0,0,0,0,0,0,0,0,0,0,0,0,0,0,0,0,0,0,0,0,0,0,
1,8_4,10_51_27,8.1224,0,1,0,3.12199,Baseline,2.337,0.992,-1.001778,2.214235,359.0023,-1.668773E-09,0.0000,0.0000,0.0000,0.0000,0.0000,0.0000,0,0,,,,,,,0,0,0,0,0,0,0,0,0,0,0,0,0,0,0,0,0,0,0,0,0,0,0,0,0,0,0,0,0,0,0,0,0,0,0,0,0,0,0,0,0,0,0,0,0,0,0,0,0,0,0,
1,8_4,10_51_27,8.1258,0,1,0,3.125312,Baseline,2.337,0.992,-1.001778,2.214235,359.0023,-1.668773E-09,0.0000,0.0000,0.0000,0.0000,0.0000,0.0000,0,0,,,,,,,0,0,0,0,0,0,0,0,0,0,0,0,0,0,0,0,0,0,0,0,0,0,0,0,0,0,0,0,0,0,0,0,0,0,0,0,0,0,0,0,0,0,0,0,0,0,0,0,0,0,0,
1,8_4,10_51_27,8.1292,0,1,0,3.128704,Baseline,2.337,0.992,-1.001778,2.214235,359.0023,-1.668773E-09,0.0000,0.0000,0.0000,0.0000,0.0000,0.0000,0,0,,,,,,,0,0,0,0,0,0,0,0,0,0,0,0,0,0,0,0,0,0,0,0,0,0,0,0,0,0,0,0,0,0,0,0,0,0,0,0,0,0,0,0,0,0,0,0,0,0,0,0,0,0,0,
1,8_4,10_51_27,8.1325,0,1,0,3.132051,Baseline,2.337,0.992,-1.001778,2.214235,359.0023,-1.668773E-09,0.0000,0.0000,0.0000,0.0000,0.0000,0.0000,0,0,,,,,,,0,0,0,0,0,0,0,0,0,0,0,0,0,0,0,0,0,0,0,0,0,0,0,0,0,0,0,0,0,0,0,0,0,0,0,0,0,0,0,0,0,0,0,0,0,0,0,0,0,0,0,
1,8_4,10_51_27,8.1356,0,1,0,3.135169,Baseline,2.337,0.992,-1.001778,2.214235,359.0023,-1.668773E-09,0.0000,0.0000,0.0000,0.0000,0.0000,0.0000,0,0,,,,,,,0,0,0,0,0,0,0,0,0,0,0,0,0,0,0,0,0,0,0,0,0,0,0,0,0,0,0,0,0,0,0,0,0,0,0,0,0,0,0,0,0,0,0,0,0,0,0,0,0,0,0,
1,8_4,10_51_27,8.1388,0,1,0,3.138376,Baseline,2.337,0.992,-1.001778,2.214235,359.0023,-1.668773E-09,0.0000,0.0000,0.0000,0.0000,0.0000,0.0000,0,0,,,,,,,0,0,0,0,0,0,0,0,0,0,0,0,0,0,0,0,0,0,0,0,0,0,0,0,0,0,0,0,0,0,0,0,0,0,0,0,0,0,0,0,0,0,0,0,0,0,0,0,0,0,0,
1,8_4,10_51_27,8.1421,0,1,0,3.141683,Baseline,2.337,0.992,-1.001778,2.214235,359.0023,-1.668773E-09,0.0000,0.0000,0.0000,0.0000,0.0000,0.0000,0,0,,,,,,,0,0,0,0,0,0,0,0,0,0,0,0,0,0,0,0,0,0,0,0,0,0,0,0,0,0,0,0,0,0,0,0,0,0,0,0,0,0,0,0,0,0,0,0,0,0,0,0,0,0,0,
1,8_4,10_51_27,8.1456,0,1,0,3.145195,Baseline,2.337,0.992,-1.001778,2.214235,359.0023,-1.668773E-09,0.0000,0.0000,0.0000,0.0000,0.0000,0.0000,0,0,,,,,,,0,0,0,0,0,0,0,0,0,0,0,0,0,0,0,0,0,0,0,0,0,0,0,0,0,0,0,0,0,0,0,0,0,0,0,0,0,0,0,0,0,0,0,0,0,0,0,0,0,0,0,
1,8_4,10_51_27,8.1488,0,1,0,3.148388,Baseline,2.337,0.992,-1.001778,2.214235,359.0023,-1.668773E-09,0.0000,0.0000,0.0000,0.0000,0.0000,0.0000,0,0,,,,,,,0,0,0,0,0,0,0,0,0,0,0,0,0,0,0,0,0,0,0,0,0,0,0,0,0,0,0,0,0,0,0,0,0,0,0,0,0,0,0,0,0,0,0,0,0,0,0,0,0,0,0,
1,8_4,10_51_27,8.1520,0,1,0,3.151603,Baseline,2.337,0.992,-1.001778,2.214235,359.0023,-1.668773E-09,0.0000,0.0000,0.0000,0.0000,0.0000,0.0000,0,0,,,,,,,0,0,0,0,0,0,0,0,0,0,0,0,0,0,0,0,0,0,0,0,0,0,0,0,0,0,0,0,0,0,0,0,0,0,0,0,0,0,0,0,0,0,0,0,0,0,0,0,0,0,0,
1,8_4,10_51_27,8.1552,0,1,0,3.154778,Baseline,2.337,0.992,-1.001778,2.214235,359.0023,-1.668773E-09,0.0000,0.0000,0.0000,0.0000,0.0000,0.0000,0,0,,,,,,,0,0,0,0,0,0,0,0,0,0,0,0,0,0,0,0,0,0,0,0,0,0,0,0,0,0,0,0,0,0,0,0,0,0,0,0,0,0,0,0,0,0,0,0,0,0,0,0,0,0,0,
1,8_4,10_51_27,8.1586,0,1,0,3.158113,Baseline,2.337,0.992,-1.001778,2.214235,359.0023,-1.668773E-09,0.0000,0.0000,0.0000,0.0000,0.0000,0.0000,0,0,,,,,,,0,0,0,0,0,0,0,0,0,0,0,0,0,0,0,0,0,0,0,0,0,0,0,0,0,0,0,0,0,0,0,0,0,0,0,0,0,0,0,0,0,0,0,0,0,0,0,0,0,0,0,
1,8_4,10_51_27,8.1618,0,1,0,3.161351,Baseline,2.337,0.992,-1.001778,2.214235,359.0023,-1.668773E-09,0.0000,0.0000,0.0000,0.0000,0.0000,0.0000,0,0,,,,,,,0,0,0,0,0,0,0,0,0,0,0,0,0,0,0,0,0,0,0,0,0,0,0,0,0,0,0,0,0,0,0,0,0,0,0,0,0,0,0,0,0,0,0,0,0,0,0,0,0,0,0,
1,8_4,10_51_27,8.1649,0,1,0,3.16448,Baseline,2.337,0.992,-1.001778,2.214235,359.0023,-1.668773E-09,0.0000,0.0000,0.0000,0.0000,0.0000,0.0000,0,0,,,,,,,0,0,0,0,0,0,0,0,0,0,0,0,0,0,0,0,0,0,0,0,0,0,0,0,0,0,0,0,0,0,0,0,0,0,0,0,0,0,0,0,0,0,0,0,0,0,0,0,0,0,0,
1,8_4,10_51_27,8.1680,0,1,0,3.167583,Baseline,2.337,0.992,-1.001778,2.214235,359.0023,-1.668773E-09,0.0000,0.0000,0.0000,0.0000,0.0000,0.0000,0,0,,,,,,,0,0,0,0,0,0,0,0,0,0,0,0,0,0,0,0,0,0,0,0,0,0,0,0,0,0,0,0,0,0,0,0,0,0,0,0,0,0,0,0,0,0,0,0,0,0,0,0,0,0,0,
1,8_4,10_51_27,8.1712,0,1,0,3.170773,Baseline,2.337,0.992,-1.001778,2.214235,359.0023,-1.668773E-09,0.0000,0.0000,0.0000,0.0000,0.0000,0.0000,0,0,,,,,,,0,0,0,0,0,0,0,0,0,0,0,0,0,0,0,0,0,0,0,0,0,0,0,0,0,0,0,0,0,0,0,0,0,0,0,0,0,0,0,0,0,0,0,0,0,0,0,0,0,0,0,
1,8_4,10_51_27,8.1747,0,1,0,3.174247,Baseline,2.337,0.992,-1.001778,2.214235,359.0023,-1.668773E-09,0.0000,0.0000,0.0000,0.0000,0.0000,0.0000,0,0,,,,,,,0,0,0,0,0,0,0,0,0,0,0,0,0,0,0,0,0,0,0,0,0,0,0,0,0,0,0,0,0,0,0,0,0,0,0,0,0,0,0,0,0,0,0,0,0,0,0,0,0,0,0,
1,8_4,10_51_27,8.1784,0,1,0,3.17796,Baseline,2.337,0.992,-1.001778,2.214235,359.0023,-1.668773E-09,0.0000,0.0000,0.0000,0.0000,0.0000,0.0000,0,0,,,,,,,0,0,0,0,0,0,0,0,0,0,0,0,0,0,0,0,0,0,0,0,0,0,0,0,0,0,0,0,0,0,0,0,0,0,0,0,0,0,0,0,0,0,0,0,0,0,0,0,0,0,0,
1,8_4,10_51_27,8.1816,0,1,0,3.181165,Baseline,2.337,0.992,-1.001778,2.214235,359.0023,-1.668773E-09,0.0000,0.0000,0.0000,0.0000,0.0000,0.0000,0,0,,,,,,,0,0,0,0,0,0,0,0,0,0,0,0,0,0,0,0,0,0,0,0,0,0,0,0,0,0,0,0,0,0,0,0,0,0,0,0,0,0,0,0,0,0,0,0,0,0,0,0,0,0,0,
1,8_4,10_51_27,8.1850,0,1,0,3.18458,Baseline,2.337,0.992,-1.001778,2.214235,359.0023,-1.668773E-09,0.0000,0.0000,0.0000,0.0000,0.0000,0.0000,0,0,,,,,,,0,0,0,0,0,0,0,0,0,0,0,0,0,0,0,0,0,0,0,0,0,0,0,0,0,0,0,0,0,0,0,0,0,0,0,0,0,0,0,0,0,0,0,0,0,0,0,0,0,0,0,
1,8_4,10_51_27,8.1883,0,1,0,3.187856,Baseline,2.337,0.992,-1.001778,2.214235,359.0023,-1.668773E-09,0.0000,0.0000,0.0000,0.0000,0.0000,0.0000,0,0,,,,,,,0,0,0,0,0,0,0,0,0,0,0,0,0,0,0,0,0,0,0,0,0,0,0,0,0,0,0,0,0,0,0,0,0,0,0,0,0,0,0,0,0,0,0,0,0,0,0,0,0,0,0,
1,8_4,10_51_27,8.1915,0,1,0,3.191051,Baseline,2.337,0.992,-1.001778,2.214235,359.0023,-1.668773E-09,0.0000,0.0000,0.0000,0.0000,0.0000,0.0000,0,0,,,,,,,0,0,0,0,0,0,0,0,0,0,0,0,0,0,0,0,0,0,0,0,0,0,0,0,0,0,0,0,0,0,0,0,0,0,0,0,0,0,0,0,0,0,0,0,0,0,0,0,0,0,0,
1,8_4,10_51_27,8.1948,0,1,0,3.194384,Baseline,2.337,0.992,-1.001778,2.214235,359.0023,-1.668773E-09,0.0000,0.0000,0.0000,0.0000,0.0000,0.0000,0,0,,,,,,,0,0,0,0,0,0,0,0,0,0,0,0,0,0,0,0,0,0,0,0,0,0,0,0,0,0,0,0,0,0,0,0,0,0,0,0,0,0,0,0,0,0,0,0,0,0,0,0,0,0,0,
1,8_4,10_51_27,8.1981,0,1,0,3.197608,Baseline,2.337,0.992,-1.001778,2.214235,359.0023,-1.668773E-09,0.0000,0.0000,0.0000,0.0000,0.0000,0.0000,0,0,,,,,,,0,0,0,0,0,0,0,0,0,0,0,0,0,0,0,0,0,0,0,0,0,0,0,0,0,0,0,0,0,0,0,0,0,0,0,0,0,0,0,0,0,0,0,0,0,0,0,0,0,0,0,
1,8_4,10_51_27,8.2011,0,1,0,3.200686,Baseline,2.337,0.992,-1.001778,2.214235,359.0023,-1.668773E-09,0.0000,0.0000,0.0000,0.0000,0.0000,0.0000,0,0,,,,,,,0,0,0,0,0,0,0,0,0,0,0,0,0,0,0,0,0,0,0,0,0,0,0,0,0,0,0,0,0,0,0,0,0,0,0,0,0,0,0,0,0,0,0,0,0,0,0,0,0,0,0,
1,8_4,10_51_27,8.2044,0,1,0,3.20397,Baseline,2.337,0.992,-1.001778,2.214235,359.0023,-1.668773E-09,0.0000,0.0000,0.0000,0.0000,0.0000,0.0000,0,0,,,,,,,0,0,0,0,0,0,0,0,0,0,0,0,0,0,0,0,0,0,0,0,0,0,0,0,0,0,0,0,0,0,0,0,0,0,0,0,0,0,0,0,0,0,0,0,0,0,0,0,0,0,0,
1,8_4,10_51_27,8.2079,0,1,0,3.207496,Baseline,2.337,0.992,-1.001778,2.214235,359.0023,-1.668773E-09,0.0000,0.0000,0.0000,0.0000,0.0000,0.0000,0,0,,,,,,,0,0,0,0,0,0,0,0,0,0,0,0,0,0,0,0,0,0,0,0,0,0,0,0,0,0,0,0,0,0,0,0,0,0,0,0,0,0,0,0,0,0,0,0,0,0,0,0,0,0,0,
1,8_4,10_51_27,8.2112,0,1,0,3.210711,Baseline,2.337,0.992,-1.001778,2.214235,359.0023,-1.668773E-09,0.0000,0.0000,0.0000,0.0000,0.0000,0.0000,0,0,,,,,,,0,0,0,0,0,0,0,0,0,0,0,0,0,0,0,0,0,0,0,0,0,0,0,0,0,0,0,0,0,0,0,0,0,0,0,0,0,0,0,0,0,0,0,0,0,0,0,0,0,0,0,
1,8_4,10_51_27,8.2143,0,1,0,3.213862,Baseline,2.337,0.992,-1.001778,2.214235,359.0023,-1.668773E-09,0.0000,0.0000,0.0000,0.0000,0.0000,0.0000,0,0,,,,,,,0,0,0,0,0,0,0,0,0,0,0,0,0,0,0,0,0,0,0,0,0,0,0,0,0,0,0,0,0,0,0,0,0,0,0,0,0,0,0,0,0,0,0,0,0,0,0,0,0,0,0,
1,8_4,10_51_27,8.2174,0,1,0,3.216999,Baseline,2.337,0.992,-1.001778,2.214235,359.0023,-1.668773E-09,0.0000,0.0000,0.0000,0.0000,0.0000,0.0000,0,0,,,,,,,0,0,0,0,0,0,0,0,0,0,0,0,0,0,0,0,0,0,0,0,0,0,0,0,0,0,0,0,0,0,0,0,0,0,0,0,0,0,0,0,0,0,0,0,0,0,0,0,0,0,0,
1,8_4,10_51_27,8.2206,0,1,0,3.220169,Baseline,2.337,0.992,-1.001778,2.214235,359.0023,-1.668773E-09,0.0000,0.0000,0.0000,0.0000,0.0000,0.0000,0,0,,,,,,,0,0,0,0,0,0,0,0,0,0,0,0,0,0,0,0,0,0,0,0,0,0,0,0,0,0,0,0,0,0,0,0,0,0,0,0,0,0,0,0,0,0,0,0,0,0,0,0,0,0,0,
1,8_4,10_51_27,8.2242,0,1,0,3.22374,Baseline,2.337,0.992,-1.001778,2.214235,359.0023,-1.668773E-09,0.0000,0.0000,0.0000,0.0000,0.0000,0.0000,0,0,,,,,,,0,0,0,0,0,0,0,0,0,0,0,0,0,0,0,0,0,0,0,0,0,0,0,0,0,0,0,0,0,0,0,0,0,0,0,0,0,0,0,0,0,0,0,0,0,0,0,0,0,0,0,
1,8_4,10_51_27,8.2275,0,1,0,3.227091,Baseline,2.337,0.992,-1.001778,2.214235,359.0023,-1.668773E-09,0.0000,0.0000,0.0000,0.0000,0.0000,0.0000,0,0,,,,,,,0,0,0,0,0,0,0,0,0,0,0,0,0,0,0,0,0,0,0,0,0,0,0,0,0,0,0,0,0,0,0,0,0,0,0,0,0,0,0,0,0,0,0,0,0,0,0,0,0,0,0,
1,8_4,10_51_27,8.2308,0,1,0,3.230313,Baseline,2.337,0.992,-1.001778,2.214235,359.0023,-1.668773E-09,0.0000,0.0000,0.0000,0.0000,0.0000,0.0000,0,0,,,,,,,0,0,0,0,0,0,0,0,0,0,0,0,0,0,0,0,0,0,0,0,0,0,0,0,0,0,0,0,0,0,0,0,0,0,0,0,0,0,0,0,0,0,0,0,0,0,0,0,0,0,0,
1,8_4,10_51_27,8.2339,0,1,0,3.233435,Baseline,2.337,0.992,-1.001778,2.214235,359.0023,-1.668773E-09,0.0000,0.0000,0.0000,0.0000,0.0000,0.0000,0,0,,,,,,,0,0,0,0,0,0,0,0,0,0,0,0,0,0,0,0,0,0,0,0,0,0,0,0,0,0,0,0,0,0,0,0,0,0,0,0,0,0,0,0,0,0,0,0,0,0,0,0,0,0,0,
1,8_4,10_51_27,8.2371,0,1,0,3.236632,Baseline,2.337,0.992,-1.001778,2.214235,359.0023,-1.668773E-09,0.0000,0.0000,0.0000,0.0000,0.0000,0.0000,0,0,,,,,,,0,0,0,0,0,0,0,0,0,0,0,0,0,0,0,0,0,0,0,0,0,0,0,0,0,0,0,0,0,0,0,0,0,0,0,0,0,0,0,0,0,0,0,0,0,0,0,0,0,0,0,
1,8_4,10_51_27,8.2402,0,1,0,3.23978,Baseline,2.337,0.992,-1.001778,2.214235,359.0023,-1.668773E-09,0.0000,0.0000,0.0000,0.0000,0.0000,0.0000,0,0,,,,,,,0,0,0,0,0,0,0,0,0,0,0,0,0,0,0,0,0,0,0,0,0,0,0,0,0,0,0,0,0,0,0,0,0,0,0,0,0,0,0,0,0,0,0,0,0,0,0,0,0,0,0,
1,8_4,10_51_27,8.2435,0,1,0,3.243032,Baseline,2.337,0.992,-1.001778,2.214235,359.0023,-1.668773E-09,0.0000,0.0000,0.0000,0.0000,0.0000,0.0000,0,0,,,,,,,0,0,0,0,0,0,0,0,0,0,0,0,0,0,0,0,0,0,0,0,0,0,0,0,0,0,0,0,0,0,0,0,0,0,0,0,0,0,0,0,0,0,0,0,0,0,0,0,0,0,0,
1,8_4,10_51_27,8.2466,0,1,0,3.246171,Baseline,2.337,0.992,-1.001778,2.214235,359.0023,-1.668773E-09,0.0000,0.0000,0.0000,0.0000,0.0000,0.0000,0,0,,,,,,,0,0,0,0,0,0,0,0,0,0,0,0,0,0,0,0,0,0,0,0,0,0,0,0,0,0,0,0,0,0,0,0,0,0,0,0,0,0,0,0,0,0,0,0,0,0,0,0,0,0,0,
1,8_4,10_51_27,8.2499,0,1,0,3.249454,Baseline,2.337,0.992,-1.001778,2.214235,359.0023,-1.668773E-09,0.0000,0.0000,0.0000,0.0000,0.0000,0.0000,0,0,,,,,,,0,0,0,0,0,0,0,0,0,0,0,0,0,0,0,0,0,0,0,0,0,0,0,0,0,0,0,0,0,0,0,0,0,0,0,0,0,0,0,0,0,0,0,0,0,0,0,0,0,0,0,
1,8_4,10_51_27,8.2531,0,1,0,3.252649,Baseline,2.337,0.992,-1.001778,2.214235,359.0023,-1.668773E-09,0.0000,0.0000,0.0000,0.0000,0.0000,0.0000,0,0,,,,,,,0,0,0,0,0,0,0,0,0,0,0,0,0,0,0,0,0,0,0,0,0,0,0,0,0,0,0,0,0,0,0,0,0,0,0,0,0,0,0,0,0,0,0,0,0,0,0,0,0,0,0,
1,8_4,10_51_27,8.2563,0,1,0,3.255852,Baseline,2.337,0.992,-1.001778,2.214235,359.0023,-1.668773E-09,0.0000,0.0000,0.0000,0.0000,0.0000,0.0000,0,0,,,,,,,0,0,0,0,0,0,0,0,0,0,0,0,0,0,0,0,0,0,0,0,0,0,0,0,0,0,0,0,0,0,0,0,0,0,0,0,0,0,0,0,0,0,0,0,0,0,0,0,0,0,0,
1,8_4,10_51_27,8.2594,0,1,0,3.258997,Baseline,2.337,0.992,-1.001778,2.214235,359.0023,-1.668773E-09,0.0000,0.0000,0.0000,0.0000,0.0000,0.0000,0,0,,,,,,,0,0,0,0,0,0,0,0,0,0,0,0,0,0,0,0,0,0,0,0,0,0,0,0,0,0,0,0,0,0,0,0,0,0,0,0,0,0,0,0,0,0,0,0,0,0,0,0,0,0,0,
1,8_4,10_51_27,8.2626,0,1,0,3.26218,Baseline,2.337,0.992,-1.001778,2.214235,359.0023,-1.668773E-09,0.0000,0.0000,0.0000,0.0000,0.0000,0.0000,0,0,,,,,,,0,0,0,0,0,0,0,0,0,0,0,0,0,0,0,0,0,0,0,0,0,0,0,0,0,0,0,0,0,0,0,0,0,0,0,0,0,0,0,0,0,0,0,0,0,0,0,0,0,0,0,
1,8_4,10_51_27,8.2660,0,1,0,3.265525,Baseline,2.337,0.992,-1.001778,2.214235,359.0023,-1.668773E-09,0.0000,0.0000,0.0000,0.0000,0.0000,0.0000,0,0,,,,,,,0,0,0,0,0,0,0,0,0,0,0,0,0,0,0,0,0,0,0,0,0,0,0,0,0,0,0,0,0,0,0,0,0,0,0,0,0,0,0,0,0,0,0,0,0,0,0,0,0,0,0,
1,8_4,10_51_27,8.2691,0,1,0,3.268684,Baseline,2.337,0.992,-1.001778,2.214235,359.0023,-1.668773E-09,0.0000,0.0000,0.0000,0.0000,0.0000,0.0000,0,0,,,,,,,0,0,0,0,0,0,0,0,0,0,0,0,0,0,0,0,0,0,0,0,0,0,0,0,0,0,0,0,0,0,0,0,0,0,0,0,0,0,0,0,0,0,0,0,0,0,0,0,0,0,0,
1,8_4,10_51_27,8.2736,0,1,0,3.273135,Baseline,2.337,0.992,-1.001778,2.214235,359.0023,-1.668773E-09,0.0000,0.0000,0.0000,0.0000,0.0000,0.0000,0,0,,,,,,,0,0,0,0,0,0,0,0,0,0,0,0,0,0,0,0,0,0,0,0,0,0,0,0,0,0,0,0,0,0,0,0,0,0,0,0,0,0,0,0,0,0,0,0,0,0,0,0,0,0,0,
1,8_4,10_51_27,8.2770,0,1,0,3.2766,Baseline,2.337,0.992,-1.001778,2.214235,359.0023,-1.668773E-09,0.0000,0.0000,0.0000,0.0000,0.0000,0.0000,0,0,,,,,,,0,0,0,0,0,0,0,0,0,0,0,0,0,0,0,0,0,0,0,0,0,0,0,0,0,0,0,0,0,0,0,0,0,0,0,0,0,0,0,0,0,0,0,0,0,0,0,0,0,0,0,
1,8_4,10_51_27,8.2802,0,1,0,3.27976,Baseline,2.337,0.992,-1.001778,2.214235,359.0023,-1.668773E-09,0.0000,0.0000,0.0000,0.0000,0.0000,0.0000,0,0,,,,,,,0,0,0,0,0,0,0,0,0,0,0,0,0,0,0,0,0,0,0,0,0,0,0,0,0,0,0,0,0,0,0,0,0,0,0,0,0,0,0,0,0,0,0,0,0,0,0,0,0,0,0,
1,8_4,10_51_27,8.2835,0,1,0,3.28301,Baseline,2.337,0.992,-1.001778,2.214235,359.0023,-1.668773E-09,0.0000,0.0000,0.0000,0.0000,0.0000,0.0000,0,0,,,,,,,0,0,0,0,0,0,0,0,0,0,0,0,0,0,0,0,0,0,0,0,0,0,0,0,0,0,0,0,0,0,0,0,0,0,0,0,0,0,0,0,0,0,0,0,0,0,0,0,0,0,0,
1,8_4,10_51_27,8.2866,0,1,0,3.286135,Baseline,2.337,0.992,-1.001778,2.214235,359.0023,-1.668773E-09,0.0000,0.0000,0.0000,0.0000,0.0000,0.0000,0,0,,,,,,,0,0,0,0,0,0,0,0,0,0,0,0,0,0,0,0,0,0,0,0,0,0,0,0,0,0,0,0,0,0,0,0,0,0,0,0,0,0,0,0,0,0,0,0,0,0,0,0,0,0,0,
1,8_4,10_51_27,8.2899,0,1,0,3.289447,Baseline,2.337,0.992,-1.001778,2.214235,359.0023,-1.668773E-09,0.0000,0.0000,0.0000,0.0000,0.0000,0.0000,0,0,,,,,,,0,0,0,0,0,0,0,0,0,0,0,0,0,0,0,0,0,0,0,0,0,0,0,0,0,0,0,0,0,0,0,0,0,0,0,0,0,0,0,0,0,0,0,0,0,0,0,0,0,0,0,
1,8_4,10_51_27,8.2931,0,1,0,3.29265,Baseline,2.337,0.992,-1.001778,2.214235,359.0023,-1.668773E-09,0.0000,0.0000,0.0000,0.0000,0.0000,0.0000,0,0,,,,,,,0,0,0,0,0,0,0,0,0,0,0,0,0,0,0,0,0,0,0,0,0,0,0,0,0,0,0,0,0,0,0,0,0,0,0,0,0,0,0,0,0,0,0,0,0,0,0,0,0,0,0,
1,8_4,10_51_27,8.2962,0,1,0,3.295759,Baseline,2.337,0.992,-1.001778,2.214235,359.0023,-1.668773E-09,0.0000,0.0000,0.0000,0.0000,0.0000,0.0000,0,0,,,,,,,0,0,0,0,0,0,0,0,0,0,0,0,0,0,0,0,0,0,0,0,0,0,0,0,0,0,0,0,0,0,0,0,0,0,0,0,0,0,0,0,0,0,0,0,0,0,0,0,0,0,0,
1,8_4,10_51_27,8.2995,0,1,0,3.299069,Baseline,2.337,0.992,-1.001778,2.214235,359.0023,-1.668773E-09,0.0000,0.0000,0.0000,0.0000,0.0000,0.0000,0,0,,,,,,,0,0,0,0,0,0,0,0,0,0,0,0,0,0,0,0,0,0,0,0,0,0,0,0,0,0,0,0,0,0,0,0,0,0,0,0,0,0,0,0,0,0,0,0,0,0,0,0,0,0,0,
1,8_4,10_51_27,8.3029,0,1,0,3.302502,Baseline,2.337,0.992,-1.001778,2.214235,359.0023,-1.668773E-09,0.0000,0.0000,0.0000,0.0000,0.0000,0.0000,0,0,,,,,,,0,0,0,0,0,0,0,0,0,0,0,0,0,0,0,0,0,0,0,0,0,0,0,0,0,0,0,0,0,0,0,0,0,0,0,0,0,0,0,0,0,0,0,0,0,0,0,0,0,0,0,
1,8_4,10_51_27,8.3063,0,1,0,3.305825,Baseline,2.337,0.992,-1.001778,2.214235,359.0023,-1.668773E-09,0.0000,0.0000,0.0000,0.0000,0.0000,0.0000,0,0,,,,,,,0,0,0,0,0,0,0,0,0,0,0,0,0,0,0,0,0,0,0,0,0,0,0,0,0,0,0,0,0,0,0,0,0,0,0,0,0,0,0,0,0,0,0,0,0,0,0,0,0,0,0,
1,8_4,10_51_27,8.3094,0,1,0,3.308943,Baseline,2.337,0.992,-1.001778,2.214235,359.0023,-1.668773E-09,0.0000,0.0000,0.0000,0.0000,0.0000,0.0000,0,0,,,,,,,0,0,0,0,0,0,0,0,0,0,0,0,0,0,0,0,0,0,0,0,0,0,0,0,0,0,0,0,0,0,0,0,0,0,0,0,0,0,0,0,0,0,0,0,0,0,0,0,0,0,0,
1,8_4,10_51_27,8.3127,0,1,0,3.31229,Baseline,2.337,0.992,-1.001778,2.214235,359.0023,-1.668773E-09,0.0000,0.0000,0.0000,0.0000,0.0000,0.0000,0,0,,,,,,,0,0,0,0,0,0,0,0,0,0,0,0,0,0,0,0,0,0,0,0,0,0,0,0,0,0,0,0,0,0,0,0,0,0,0,0,0,0,0,0,0,0,0,0,0,0,0,0,0,0,0,
1,8_4,10_51_27,8.3161,0,1,0,3.315659,Baseline,2.337,0.992,-1.001778,2.214235,359.0023,-1.668773E-09,0.0000,0.0000,0.0000,0.0000,0.0000,0.0000,0,0,,,,,,,0,0,0,0,0,0,0,0,0,0,0,0,0,0,0,0,0,0,0,0,0,0,0,0,0,0,0,0,0,0,0,0,0,0,0,0,0,0,0,0,0,0,0,0,0,0,0,0,0,0,0,
1,8_4,10_51_27,8.3193,0,1,0,3.318866,Baseline,2.337,0.992,-1.001778,2.214235,359.0023,-1.668773E-09,0.0000,0.0000,0.0000,0.0000,0.0000,0.0000,0,0,,,,,,,0,0,0,0,0,0,0,0,0,0,0,0,0,0,0,0,0,0,0,0,0,0,0,0,0,0,0,0,0,0,0,0,0,0,0,0,0,0,0,0,0,0,0,0,0,0,0,0,0,0,0,
1,8_4,10_51_27,8.3225,0,1,0,3.322018,Baseline,2.337,0.992,-1.001778,2.214235,359.0023,-1.668773E-09,0.0000,0.0000,0.0000,0.0000,0.0000,0.0000,0,0,,,,,,,0,0,0,0,0,0,0,0,0,0,0,0,0,0,0,0,0,0,0,0,0,0,0,0,0,0,0,0,0,0,0,0,0,0,0,0,0,0,0,0,0,0,0,0,0,0,0,0,0,0,0,
1,8_4,10_51_27,8.3257,0,1,0,3.325294,Baseline,2.337,0.992,-1.001778,2.214235,359.0023,-1.668773E-09,0.0000,0.0000,0.0000,0.0000,0.0000,0.0000,0,0,,,,,,,0,0,0,0,0,0,0,0,0,0,0,0,0,0,0,0,0,0,0,0,0,0,0,0,0,0,0,0,0,0,0,0,0,0,0,0,0,0,0,0,0,0,0,0,0,0,0,0,0,0,0,
1,8_4,10_51_27,8.3290,0,1,0,3.328546,Baseline,2.337,0.992,-1.001778,2.214235,359.0023,-1.668773E-09,0.0000,0.0000,0.0000,0.0000,0.0000,0.0000,0,0,,,,,,,0,0,0,0,0,0,0,0,0,0,0,0,0,0,0,0,0,0,0,0,0,0,0,0,0,0,0,0,0,0,0,0,0,0,0,0,0,0,0,0,0,0,0,0,0,0,0,0,0,0,0,
1,8_4,10_51_27,8.3321,0,1,0,3.331684,Baseline,2.337,0.992,-1.001778,2.214235,359.0023,-1.668773E-09,0.0000,0.0000,0.0000,0.0000,0.0000,0.0000,0,0,,,,,,,0,0,0,0,0,0,0,0,0,0,0,0,0,0,0,0,0,0,0,0,0,0,0,0,0,0,0,0,0,0,0,0,0,0,0,0,0,0,0,0,0,0,0,0,0,0,0,0,0,0,0,
1,8_4,10_51_27,8.3355,0,1,0,3.335013,Baseline,2.337,0.992,-1.001778,2.214235,359.0023,-1.668773E-09,0.0000,0.0000,0.0000,0.0000,0.0000,0.0000,0,0,,,,,,,0,0,0,0,0,0,0,0,0,0,0,0,0,0,0,0,0,0,0,0,0,0,0,0,0,0,0,0,0,0,0,0,0,0,0,0,0,0,0,0,0,0,0,0,0,0,0,0,0,0,0,
1,8_4,10_51_27,8.3386,0,1,0,3.338196,Baseline,2.337,0.992,-1.001778,2.214235,359.0023,-1.668773E-09,0.0000,0.0000,0.0000,0.0000,0.0000,0.0000,0,0,,,,,,,0,0,0,0,0,0,0,0,0,0,0,0,0,0,0,0,0,0,0,0,0,0,0,0,0,0,0,0,0,0,0,0,0,0,0,0,0,0,0,0,0,0,0,0,0,0,0,0,0,0,0,
1,8_4,10_51_27,8.3419,0,1,0,3.341464,Baseline,2.337,0.992,-1.001778,2.214235,359.0023,-1.668773E-09,0.0000,0.0000,0.0000,0.0000,0.0000,0.0000,0,0,,,,,,,0,0,0,0,0,0,0,0,0,0,0,0,0,0,0,0,0,0,0,0,0,0,0,0,0,0,0,0,0,0,0,0,0,0,0,0,0,0,0,0,0,0,0,0,0,0,0,0,0,0,0,
1,8_4,10_51_27,8.3454,0,1,0,3.344971,Baseline,2.337,0.992,-1.001778,2.214235,359.0023,-1.668773E-09,0.0000,0.0000,0.0000,0.0000,0.0000,0.0000,0,0,,,,,,,0,0,0,0,0,0,0,0,0,0,0,0,0,0,0,0,0,0,0,0,0,0,0,0,0,0,0,0,0,0,0,0,0,0,0,0,0,0,0,0,0,0,0,0,0,0,0,0,0,0,0,
1,8_4,10_51_27,8.3495,0,1,0,3.349102,Baseline,2.337,0.992,-1.001778,2.214235,359.0023,-1.668773E-09,0.0000,0.0000,0.0000,0.0000,0.0000,0.0000,0,0,,,,,,,0,0,0,0,0,0,0,0,0,0,0,0,0,0,0,0,0,0,0,0,0,0,0,0,0,0,0,0,0,0,0,0,0,0,0,0,0,0,0,0,0,0,0,0,0,0,0,0,0,0,0,
1,8_4,10_51_27,8.3527,0,1,0,3.352254,Baseline,2.337,0.992,-1.001778,2.214235,359.0023,-1.668773E-09,0.0000,0.0000,0.0000,0.0000,0.0000,0.0000,0,0,,,,,,,0,0,0,0,0,0,0,0,0,0,0,0,0,0,0,0,0,0,0,0,0,0,0,0,0,0,0,0,0,0,0,0,0,0,0,0,0,0,0,0,0,0,0,0,0,0,0,0,0,0,0,
1,8_4,10_51_27,8.3559,0,1,0,3.355449,Baseline,2.337,0.992,-1.001778,2.214235,359.0023,-1.668773E-09,0.0000,0.0000,0.0000,0.0000,0.0000,0.0000,0,0,,,,,,,0,0,0,0,0,0,0,0,0,0,0,0,0,0,0,0,0,0,0,0,0,0,0,0,0,0,0,0,0,0,0,0,0,0,0,0,0,0,0,0,0,0,0,0,0,0,0,0,0,0,0,
1,8_4,10_51_27,8.3592,0,1,0,3.358738,Baseline,2.337,0.992,-1.001778,2.214235,359.0023,-1.668773E-09,0.0000,0.0000,0.0000,0.0000,0.0000,0.0000,0,0,,,,,,,0,0,0,0,0,0,0,0,0,0,0,0,0,0,0,0,0,0,0,0,0,0,0,0,0,0,0,0,0,0,0,0,0,0,0,0,0,0,0,0,0,0,0,0,0,0,0,0,0,0,0,
1,8_4,10_51_27,8.3624,0,1,0,3.361932,Baseline,2.337,0.992,-1.001778,2.214235,359.0023,-1.668773E-09,0.0000,0.0000,0.0000,0.0000,0.0000,0.0000,0,0,,,,,,,0,0,0,0,0,0,0,0,0,0,0,0,0,0,0,0,0,0,0,0,0,0,0,0,0,0,0,0,0,0,0,0,0,0,0,0,0,0,0,0,0,0,0,0,0,0,0,0,0,0,0,
1,8_4,10_51_27,8.3656,0,1,0,3.365148,Baseline,2.337,0.992,-1.001778,2.214235,359.0023,-1.668773E-09,0.0000,0.0000,0.0000,0.0000,0.0000,0.0000,0,0,,,,,,,0,0,0,0,0,0,0,0,0,0,0,0,0,0,0,0,0,0,0,0,0,0,0,0,0,0,0,0,0,0,0,0,0,0,0,0,0,0,0,0,0,0,0,0,0,0,0,0,0,0,0,
1,8_4,10_51_27,8.3687,0,1,0,3.368269,Baseline,2.337,0.992,-1.001778,2.214235,359.0023,-1.668773E-09,0.0000,0.0000,0.0000,0.0000,0.0000,0.0000,0,0,,,,,,,0,0,0,0,0,0,0,0,0,0,0,0,0,0,0,0,0,0,0,0,0,0,0,0,0,0,0,0,0,0,0,0,0,0,0,0,0,0,0,0,0,0,0,0,0,0,0,0,0,0,0,
1,8_4,10_51_27,8.3718,0,1,0,3.371329,Baseline,2.337,0.992,-1.001778,2.214235,359.0023,-1.668773E-09,0.0000,0.0000,0.0000,0.0000,0.0000,0.0000,0,0,,,,,,,0,0,0,0,0,0,0,0,0,0,0,0,0,0,0,0,0,0,0,0,0,0,0,0,0,0,0,0,0,0,0,0,0,0,0,0,0,0,0,0,0,0,0,0,0,0,0,0,0,0,0,
1,8_4,10_51_27,8.3748,0,1,0,3.374371,Baseline,2.337,0.992,-1.001778,2.214235,359.0023,-1.668773E-09,0.0000,0.0000,0.0000,0.0000,0.0000,0.0000,0,0,,,,,,,0,0,0,0,0,0,0,0,0,0,0,0,0,0,0,0,0,0,0,0,0,0,0,0,0,0,0,0,0,0,0,0,0,0,0,0,0,0,0,0,0,0,0,0,0,0,0,0,0,0,0,
1,8_4,10_51_27,8.3780,0,1,0,3.377552,Baseline,2.337,0.992,-1.001778,2.214235,359.0023,-1.668773E-09,0.0000,0.0000,0.0000,0.0000,0.0000,0.0000,0,0,,,,,,,0,0,0,0,0,0,0,0,0,0,0,0,0,0,0,0,0,0,0,0,0,0,0,0,0,0,0,0,0,0,0,0,0,0,0,0,0,0,0,0,0,0,0,0,0,0,0,0,0,0,0,
1,8_4,10_51_27,8.3812,0,1,0,3.380796,Baseline,2.337,0.992,-1.001778,2.214235,359.0023,-1.668773E-09,0.0000,0.0000,0.0000,0.0000,0.0000,0.0000,0,0,,,,,,,0,0,0,0,0,0,0,0,0,0,0,0,0,0,0,0,0,0,0,0,0,0,0,0,0,0,0,0,0,0,0,0,0,0,0,0,0,0,0,0,0,0,0,0,0,0,0,0,0,0,0,
1,8_4,10_51_27,8.3846,0,1,0,3.384164,Baseline,2.337,0.992,-1.001778,2.214235,359.0023,-1.668773E-09,0.0000,0.0000,0.0000,0.0000,0.0000,0.0000,0,0,,,,,,,0,0,0,0,0,0,0,0,0,0,0,0,0,0,0,0,0,0,0,0,0,0,0,0,0,0,0,0,0,0,0,0,0,0,0,0,0,0,0,0,0,0,0,0,0,0,0,0,0,0,0,
1,8_4,10_51_27,8.3880,0,1,0,3.387542,Baseline,2.337,0.992,-1.001778,2.214235,359.0023,-1.668773E-09,0.0000,0.0000,0.0000,0.0000,0.0000,0.0000,0,0,,,,,,,0,0,0,0,0,0,0,0,0,0,0,0,0,0,0,0,0,0,0,0,0,0,0,0,0,0,0,0,0,0,0,0,0,0,0,0,0,0,0,0,0,0,0,0,0,0,0,0,0,0,0,
1,8_4,10_51_27,8.3921,0,1,0,3.39162,Baseline,2.337,0.992,-1.001778,2.214235,359.0023,-1.668773E-09,0.0000,0.0000,0.0000,0.0000,0.0000,0.0000,0,0,,,,,,,0,0,0,0,0,0,0,0,0,0,0,0,0,0,0,0,0,0,0,0,0,0,0,0,0,0,0,0,0,0,0,0,0,0,0,0,0,0,0,0,0,0,0,0,0,0,0,0,0,0,0,
1,8_4,10_51_27,8.3955,0,1,0,3.39504,Baseline,2.337,0.992,-1.001778,2.214235,359.0023,-1.668773E-09,0.0000,0.0000,0.0000,0.0000,0.0000,0.0000,0,0,,,,,,,0,0,0,0,0,0,0,0,0,0,0,0,0,0,0,0,0,0,0,0,0,0,0,0,0,0,0,0,0,0,0,0,0,0,0,0,0,0,0,0,0,0,0,0,0,0,0,0,0,0,0,
1,8_4,10_51_27,8.3987,0,1,0,3.398235,Baseline,2.337,0.992,-1.001778,2.214235,359.0023,-1.668773E-09,0.0000,0.0000,0.0000,0.0000,0.0000,0.0000,0,0,,,,,,,0,0,0,0,0,0,0,0,0,0,0,0,0,0,0,0,0,0,0,0,0,0,0,0,0,0,0,0,0,0,0,0,0,0,0,0,0,0,0,0,0,0,0,0,0,0,0,0,0,0,0,
1,8_4,10_51_27,8.4064,0,1,0,3.405987,Baseline,2.337,0.992,-1.001778,2.214235,359.0023,-1.668773E-09,0.0000,0.0000,0.0000,0.0000,0.0000,0.0000,0,0,,,,,,,0,0,0,0,0,0,0,0,0,0,0,0,0,0,0,0,0,0,0,0,0,0,0,0,0,0,0,0,0,0,0,0,0,0,0,0,0,0,0,0,0,0,0,0,0,0,0,0,0,0,0,
1,8_4,10_51_27,8.4097,0,1,0,3.409225,Baseline,2.337,0.992,-1.001778,2.214235,359.0023,-1.668773E-09,0.0000,0.0000,0.0000,0.0000,0.0000,0.0000,0,0,,,,,,,0,0,0,0,0,0,0,0,0,0,0,0,0,0,0,0,0,0,0,0,0,0,0,0,0,0,0,0,0,0,0,0,0,0,0,0,0,0,0,0,0,0,0,0,0,0,0,0,0,0,0,
1,8_4,10_51_27,8.4128,0,1,0,3.412361,Baseline,2.337,0.992,-1.001778,2.214235,359.0023,-1.668773E-09,0.0000,0.0000,0.0000,0.0000,0.0000,0.0000,0,0,,,,,,,0,0,0,0,0,0,0,0,0,0,0,0,0,0,0,0,0,0,0,0,0,0,0,0,0,0,0,0,0,0,0,0,0,0,0,0,0,0,0,0,0,0,0,0,0,0,0,0,0,0,0,
1,8_4,10_51_27,8.4160,0,1,0,3.415573,Baseline,2.337,0.992,-1.001778,2.214235,359.0023,-1.668773E-09,0.0000,0.0000,0.0000,0.0000,0.0000,0.0000,0,0,,,,,,,0,0,0,0,0,0,0,0,0,0,0,0,0,0,0,0,0,0,0,0,0,0,0,0,0,0,0,0,0,0,0,0,0,0,0,0,0,0,0,0,0,0,0,0,0,0,0,0,0,0,0,
1,8_4,10_51_27,8.4193,0,1,0,3.418825,Baseline,2.337,0.992,-1.001778,2.214235,359.0023,-1.668773E-09,0.0000,0.0000,0.0000,0.0000,0.0000,0.0000,0,0,,,,,,,0,0,0,0,0,0,0,0,0,0,0,0,0,0,0,0,0,0,0,0,0,0,0,0,0,0,0,0,0,0,0,0,0,0,0,0,0,0,0,0,0,0,0,0,0,0,0,0,0,0,0,
1,8_4,10_51_27,8.4225,0,1,0,3.422008,Baseline,2.337,0.992,-1.001778,2.214235,359.0023,-1.668773E-09,0.0000,0.0000,0.0000,0.0000,0.0000,0.0000,0,0,,,,,,,0,0,0,0,0,0,0,0,0,0,0,0,0,0,0,0,0,0,0,0,0,0,0,0,0,0,0,0,0,0,0,0,0,0,0,0,0,0,0,0,0,0,0,0,0,0,0,0,0,0,0,
1,8_4,10_51_27,8.4259,0,1,0,3.425443,Baseline,2.337,0.992,-1.001778,2.214235,359.0023,-1.668773E-09,0.0000,0.0000,0.0000,0.0000,0.0000,0.0000,0,0,,,,,,,0,0,0,0,0,0,0,0,0,0,0,0,0,0,0,0,0,0,0,0,0,0,0,0,0,0,0,0,0,0,0,0,0,0,0,0,0,0,0,0,0,0,0,0,0,0,0,0,0,0,0,
1,8_4,10_51_27,8.4291,0,1,0,3.428702,Baseline,2.337,0.992,-1.001778,2.214235,359.0023,-1.668773E-09,0.0000,0.0000,0.0000,0.0000,0.0000,0.0000,0,0,,,,,,,0,0,0,0,0,0,0,0,0,0,0,0,0,0,0,0,0,0,0,0,0,0,0,0,0,0,0,0,0,0,0,0,0,0,0,0,0,0,0,0,0,0,0,0,0,0,0,0,0,0,0,
1,8_4,10_51_27,8.4325,0,1,0,3.432071,Baseline,2.337,0.992,-1.001778,2.214235,359.0023,-1.668773E-09,0.0000,0.0000,0.0000,0.0000,0.0000,0.0000,0,0,,,,,,,0,0,0,0,0,0,0,0,0,0,0,0,0,0,0,0,0,0,0,0,0,0,0,0,0,0,0,0,0,0,0,0,0,0,0,0,0,0,0,0,0,0,0,0,0,0,0,0,0,0,0,
1,8_4,10_51_27,8.4357,0,1,0,3.435216,Baseline,2.337,0.992,-1.001778,2.214235,359.0023,-1.668773E-09,0.0000,0.0000,0.0000,0.0000,0.0000,0.0000,0,0,,,,,,,0,0,0,0,0,0,0,0,0,0,0,0,0,0,0,0,0,0,0,0,0,0,0,0,0,0,0,0,0,0,0,0,0,0,0,0,0,0,0,0,0,0,0,0,0,0,0,0,0,0,0,
1,8_4,10_51_27,8.4389,0,1,0,3.43846,Baseline,2.337,0.992,-1.001778,2.214235,359.0023,-1.668773E-09,0.0000,0.0000,0.0000,0.0000,0.0000,0.0000,0,0,,,,,,,0,0,0,0,0,0,0,0,0,0,0,0,0,0,0,0,0,0,0,0,0,0,0,0,0,0,0,0,0,0,0,0,0,0,0,0,0,0,0,0,0,0,0,0,0,0,0,0,0,0,0,
1,8_4,10_51_27,8.4541,0,1,0,3.453659,Baseline,2.337,0.992,-1.001778,2.214235,359.0023,-1.668773E-09,0.0000,0.0000,0.0000,0.0000,0.0000,0.0000,0,0,,,,,,,0,0,0,0,0,0,0,0,0,0,0,0,0,0,0,0,0,0,0,0,0,0,0,0,0,0,0,0,0,0,0,0,0,0,0,0,0,0,0,0,0,0,0,0,0,0,0,0,0,0,0,
1,8_4,10_51_27,8.4591,0,1,0,3.458673,Baseline,2.337,0.992,-1.001778,2.214235,359.0023,-1.668773E-09,0.0000,0.0000,0.0000,0.0000,0.0000,0.0000,0,0,,,,,,,0,0,0,0,0,0,0,0,0,0,0,0,0,0,0,0,0,0,0,0,0,0,0,0,0,0,0,0,0,0,0,0,0,0,0,0,0,0,0,0,0,0,0,0,0,0,0,0,0,0,0,
1,8_4,10_51_27,8.4627,0,1,0,3.462288,Baseline,2.337,0.992,-1.001778,2.214235,359.0023,-1.668773E-09,0.0000,0.0000,0.0000,0.0000,0.0000,0.0000,0,0,,,,,,,0,0,0,0,0,0,0,0,0,0,0,0,0,0,0,0,0,0,0,0,0,0,0,0,0,0,0,0,0,0,0,0,0,0,0,0,0,0,0,0,0,0,0,0,0,0,0,0,0,0,0,
1,8_4,10_51_27,8.4661,0,1,0,3.465683,Baseline,2.337,0.992,-1.001778,2.214235,359.0023,-1.668773E-09,0.0000,0.0000,0.0000,0.0000,0.0000,0.0000,0,0,,,,,,,0,0,0,0,0,0,0,0,0,0,0,0,0,0,0,0,0,0,0,0,0,0,0,0,0,0,0,0,0,0,0,0,0,0,0,0,0,0,0,0,0,0,0,0,0,0,0,0,0,0,0,
1,8_4,10_51_27,8.4696,0,1,0,3.469124,Baseline,2.337,0.992,-1.001778,2.214235,359.0023,-1.668773E-09,0.0000,0.0000,0.0000,0.0000,0.0000,0.0000,0,0,,,,,,,0,0,0,0,0,0,0,0,0,0,0,0,0,0,0,0,0,0,0,0,0,0,0,0,0,0,0,0,0,0,0,0,0,0,0,0,0,0,0,0,0,0,0,0,0,0,0,0,0,0,0,
1,8_4,10_51_27,8.4748,0,1,0,3.47438,Baseline,2.337,0.992,-1.001778,2.214235,359.0023,-1.668773E-09,0.0000,0.0000,0.0000,0.0000,0.0000,0.0000,0,0,,,,,,,0,0,0,0,0,0,0,0,0,0,0,0,0,0,0,0,0,0,0,0,0,0,0,0,0,0,0,0,0,0,0,0,0,0,0,0,0,0,0,0,0,0,0,0,0,0,0,0,0,0,0,
1,8_4,10_51_27,8.4781,0,1,0,3.477611,Baseline,2.337,0.992,-1.001778,2.214235,359.0023,-1.668773E-09,0.0000,0.0000,0.0000,0.0000,0.0000,0.0000,0,0,,,,,,,0,0,0,0,0,0,0,0,0,0,0,0,0,0,0,0,0,0,0,0,0,0,0,0,0,0,0,0,0,0,0,0,0,0,0,0,0,0,0,0,0,0,0,0,0,0,0,0,0,0,0,
1,8_4,10_51_27,8.4813,0,1,0,3.480847,Baseline,2.337,0.992,-1.001778,2.214235,359.0023,-1.668773E-09,0.0000,0.0000,0.0000,0.0000,0.0000,0.0000,0,0,,,,,,,0,0,0,0,0,0,0,0,0,0,0,0,0,0,0,0,0,0,0,0,0,0,0,0,0,0,0,0,0,0,0,0,0,0,0,0,0,0,0,0,0,0,0,0,0,0,0,0,0,0,0,
1,8_4,10_51_27,8.4847,0,1,0,3.484225,Baseline,2.337,0.992,-1.001778,2.214235,359.0023,-1.668773E-09,0.0000,0.0000,0.0000,0.0000,0.0000,0.0000,0,0,,,,,,,0,0,0,0,0,0,0,0,0,0,0,0,0,0,0,0,0,0,0,0,0,0,0,0,0,0,0,0,0,0,0,0,0,0,0,0,0,0,0,0,0,0,0,0,0,0,0,0,0,0,0,
1,8_4,10_51_27,8.4889,0,1,0,3.488414,Baseline,2.337,0.992,-1.001778,2.214235,359.0023,-1.668773E-09,0.0000,0.0000,0.0000,0.0000,0.0000,0.0000,0,0,,,,,,,0,0,0,0,0,0,0,0,0,0,0,0,0,0,0,0,0,0,0,0,0,0,0,0,0,0,0,0,0,0,0,0,0,0,0,0,0,0,0,0,0,0,0,0,0,0,0,0,0,0,0,
1,8_4,10_51_27,8.4926,0,1,0,3.492172,Baseline,2.337,0.992,-1.001778,2.214235,359.0023,-1.668773E-09,0.0000,0.0000,0.0000,0.0000,0.0000,0.0000,0,0,,,,,,,0,0,0,0,0,0,0,0,0,0,0,0,0,0,0,0,0,0,0,0,0,0,0,0,0,0,0,0,0,0,0,0,0,0,0,0,0,0,0,0,0,0,0,0,0,0,0,0,0,0,0,
1,8_4,10_51_27,8.4958,0,1,0,3.495376,Baseline,2.337,0.992,-1.001778,2.214235,359.0023,-1.668773E-09,0.0000,0.0000,0.0000,0.0000,0.0000,0.0000,0,0,,,,,,,0,0,0,0,0,0,0,0,0,0,0,0,0,0,0,0,0,0,0,0,0,0,0,0,0,0,0,0,0,0,0,0,0,0,0,0,0,0,0,0,0,0,0,0,0,0,0,0,0,0,0,
1,8_4,10_51_27,8.4990,0,1,0,3.498568,Baseline,2.337,0.992,-1.001778,2.214235,359.0023,-1.668773E-09,0.0000,0.0000,0.0000,0.0000,0.0000,0.0000,0,0,,,,,,,0,0,0,0,0,0,0,0,0,0,0,0,0,0,0,0,0,0,0,0,0,0,0,0,0,0,0,0,0,0,0,0,0,0,0,0,0,0,0,0,0,0,0,0,0,0,0,0,0,0,0,
1,8_4,10_51_27,8.5021,0,1,0,3.501702,Baseline,2.337,0.992,-1.001778,2.214235,359.0023,-1.668773E-09,0.0000,0.0000,0.0000,0.0000,0.0000,0.0000,0,0,,,,,,,0,0,0,0,0,0,0,0,0,0,0,0,0,0,0,0,0,0,0,0,0,0,0,0,0,0,0,0,0,0,0,0,0,0,0,0,0,0,0,0,0,0,0,0,0,0,0,0,0,0,0,
1,8_4,10_51_27,8.5054,0,1,0,3.504982,Baseline,2.337,0.992,-1.001778,2.214235,359.0023,-1.668773E-09,0.0000,0.0000,0.0000,0.0000,0.0000,0.0000,0,0,,,,,,,0,0,0,0,0,0,0,0,0,0,0,0,0,0,0,0,0,0,0,0,0,0,0,0,0,0,0,0,0,0,0,0,0,0,0,0,0,0,0,0,0,0,0,0,0,0,0,0,0,0,0,
1,8_4,10_51_27,8.5085,0,1,0,3.508101,Baseline,2.337,0.992,-1.001778,2.214235,359.0023,-1.668773E-09,0.0000,0.0000,0.0000,0.0000,0.0000,0.0000,0,0,,,,,,,0,0,0,0,0,0,0,0,0,0,0,0,0,0,0,0,0,0,0,0,0,0,0,0,0,0,0,0,0,0,0,0,0,0,0,0,0,0,0,0,0,0,0,0,0,0,0,0,0,0,0,
1,8_4,10_51_27,8.5118,0,1,0,3.511346,Baseline,2.337,0.992,-1.001778,2.214235,359.0023,-1.668773E-09,0.0000,0.0000,0.0000,0.0000,0.0000,0.0000,0,0,,,,,,,0,0,0,0,0,0,0,0,0,0,0,0,0,0,0,0,0,0,0,0,0,0,0,0,0,0,0,0,0,0,0,0,0,0,0,0,0,0,0,0,0,0,0,0,0,0,0,0,0,0,0,
1,8_4,10_51_27,8.5149,0,1,0,3.51447,Baseline,2.337,0.992,-1.001778,2.214235,359.0023,-1.668773E-09,0.0000,0.0000,0.0000,0.0000,0.0000,0.0000,0,0,,,,,,,0,0,0,0,0,0,0,0,0,0,0,0,0,0,0,0,0,0,0,0,0,0,0,0,0,0,0,0,0,0,0,0,0,0,0,0,0,0,0,0,0,0,0,0,0,0,0,0,0,0,0,
1,8_4,10_51_27,8.5181,0,1,0,3.517648,Baseline,2.337,0.992,-1.001778,2.214235,359.0023,-1.668773E-09,0.0000,0.0000,0.0000,0.0000,0.0000,0.0000,0,0,,,,,,,0,0,0,0,0,0,0,0,0,0,0,0,0,0,0,0,0,0,0,0,0,0,0,0,0,0,0,0,0,0,0,0,0,0,0,0,0,0,0,0,0,0,0,0,0,0,0,0,0,0,0,
1,8_4,10_51_27,8.5212,0,1,0,3.520792,Baseline,2.337,0.992,-1.001778,2.214235,359.0023,-1.668773E-09,0.0000,0.0000,0.0000,0.0000,0.0000,0.0000,0,0,,,,,,,0,0,0,0,0,0,0,0,0,0,0,0,0,0,0,0,0,0,0,0,0,0,0,0,0,0,0,0,0,0,0,0,0,0,0,0,0,0,0,0,0,0,0,0,0,0,0,0,0,0,0,
1,8_4,10_51_27,8.5245,0,1,0,3.524034,Baseline,2.337,0.992,-1.001778,2.214235,359.0023,-1.668773E-09,0.0000,0.0000,0.0000,0.0000,0.0000,0.0000,0,0,,,,,,,0,0,0,0,0,0,0,0,0,0,0,0,0,0,0,0,0,0,0,0,0,0,0,0,0,0,0,0,0,0,0,0,0,0,0,0,0,0,0,0,0,0,0,0,0,0,0,0,0,0,0,
1,8_4,10_51_27,8.5277,0,1,0,3.527209,Baseline,2.337,0.992,-1.001778,2.214235,359.0023,-1.668773E-09,0.0000,0.0000,0.0000,0.0000,0.0000,0.0000,0,0,,,,,,,0,0,0,0,0,0,0,0,0,0,0,0,0,0,0,0,0,0,0,0,0,0,0,0,0,0,0,0,0,0,0,0,0,0,0,0,0,0,0,0,0,0,0,0,0,0,0,0,0,0,0,
1,8_4,10_51_28,8.6853,0,1,0,3.6849,Baseline,2.337,0.992,-1.001778,2.214235,359.0023,-1.668773E-09,0.0000,0.0000,0.0000,0.0000,0.0000,0.0000,0,0,,,,,,,0,0,0,0,0,0,0,0,0,0,0,0,0,0,0,0,0,0,0,0,0,0,0,0,0,0,0,0,0,0,0,0,0,0,0,0,0,0,0,0,0,0,0,0,0,0,0,0,0,0,0,
