SubjectID,Date,LocalTime,UnityTime,Phase,Trial,Step,TrialTimePassed,gazeOriginX,gazeOriginY,gazeOriginZ,gazeDirectionX,gazeDirectionY,gazeDirectionZ,leftPupil,rightPupil,combinedPupil,baselineCorrected,eventBaselineCorrected,hitX,hitY,hitZ,objectName,XR_EYE_EXPRESSION_LEFT_BLINK_HTC,XR_EYE_EXPRESSION_LEFT_WIDE_HTC,XR_EYE_EXPRESSION_RIGHT_BLINK_HTC,XR_EYE_EXPRESSION_RIGHT_WIDE_HTC,XR_EYE_EXPRESSION_LEFT_SQUEEZE_HTC,XR_EYE_EXPRESSION_RIGHT_SQUEEZE_HTC,XR_EYE_EXPRESSION_LEFT_DOWN_HTC,XR_EYE_EXPRESSION_RIGHT_DOWN_HTC,XR_EYE_EXPRESSION_LEFT_OUT_HTC,XR_EYE_EXPRESSION_RIGHT_IN_HTC,XR_EYE_EXPRESSION_LEFT_IN_HTC,XR_EYE_EXPRESSION_RIGHT_OUT_HTC,XR_EYE_EXPRESSION_LEFT_UP_HTC,XR_EYE_EXPRESSION_RIGHT_UP_HTC,XR_LIP_EXPRESSION_JAW_RIGHT_HTC,XR_LIP_EXPRESSION_JAW_LEFT_HTC,XR_LIP_EXPRESSION_JAW_FORWARD_HTC,XR_LIP_EXPRESSION_JAW_OPEN_HTC,XR_LIP_EXPRESSION_MOUTH_APE_SHAPE_HTC,XR_LIP_EXPRESSION_MOUTH_UPPER_RIGHT_HTC,XR_LIP_EXPRESSION_MOUTH_UPPER_LEFT_HTC,XR_LIP_EXPRESSION_MOUTH_LOWER_RIGHT_HTC,XR_LIP_EXPRESSION_MOUTH_LOWER_LEFT_HTC,XR_LIP_EXPRESSION_MOUTH_UPPER_OVERTURN_HTC,XR_LIP_EXPRESSION_MOUTH_LOWER_OVERTURN_HTC,XR_LIP_EXPRESSION_MOUTH_POUT_HTC,XR_LIP_EXPRESSION_MOUTH_RAISER_RIGHT_HTC,XR_LIP_EXPRESSION_MOUTH_RAISER_LEFT_HTC,XR_LIP_EXPRESSION_MOUTH_STRETCHER_RIGHT_HTC,XR_LIP_EXPRESSION_MOUTH_STRETCHER_LEFT_HTC,XR_LIP_EXPRESSION_CHEEK_PUFF_RIGHT_HTC,XR_LIP_EXPRESSION_CHEEK_PUFF_LEFT_HTC,XR_LIP_EXPRESSION_CHEEK_SUCK_HTC,XR_LIP_EXPRESSION_MOUTH_UPPER_UPRIGHT_HTC,XR_LIP_EXPRESSION_MOUTH_UPPER_UPLEFT_HTC,XR_LIP_EXPRESSION_MOUTH_LOWER_DOWNRIGHT_HTC,XR_LIP_EXPRESSION_MOUTH_LOWER_DOWNLEFT_HTC,XR_LIP_EXPRESSION_MOUTH_UPPER_INSIDE_HTC,XR_LIP_EXPRESSION_MOUTH_LOWER_INSIDE_HTC,XR_LIP_EXPRESSION_MOUTH_LOWER_OVERLAY_HTC,XR_LIP_EXPRESSION_TONGUE_LONGSTEP1_HTC,XR_LIP_EXPRESSION_TONGUE_LEFT_HTC,XR_LIP_EXPRESSION_TONGUE_RIGHT_HTC,XR_LIP_EXPRESSION_TONGUE_UP_HTC,XR_LIP_EXPRESSION_TONGUE_DOWN_HTC,XR_LIP_EXPRESSION_TONGUE_ROLL_HTC,XR_LIP_EXPRESSION_TONGUE_LONGSTEP2_HTC,XR_LIP_EXPRESSION_TONGUE_UPRIGHT_MORPH_HTC,XR_LIP_EXPRESSION_TONGUE_UPLEFT_MORPH_HTC,XR_LIP_EXPRESSION_TONGUE_DOWNRIGHT_MORPH_HTC,XR_LIP_EXPRESSION_TONGUE_DOWNLEFT_MORPH_HTC,
hello,6_30,11_17_32,0.0000,0,0,0,0,0.0000,0.0000,0.0000,0.0000,0.0000,0.0000,0,0,,,,,,,,0,0,0,0,0,0,0,0,0,0,0,0,0,0,0,0,0,0,0,0,0,0,0,0,0,0,0,0,0,0,0,0,0,0,0,0,0,0,0,0,0,0,0,0,0,0,0,0,0,0,0,
hello,6_30,11_17_33,0.0200,0,0,0,0.01999999,0.0000,0.0000,0.0000,0.0000,0.0000,0.0000,0,0,,,,,,,,0,0,0,0,0,0,0,0,0,0,0,0,0,0,0,0,0,0,0,0,0,0,0,0,0,0,0,0,0,0,0,0,0,0,0,0,0,0,0,0,0,0,0,0,0,0,0,0,0,0,0,
hello,6_30,11_17_33,0.0761,0,0,0,0.07607599,0.0000,0.0000,0.0000,0.0000,0.0000,0.0000,0,0,,,,,,,,0,0,0,0,0,0,0,0,0,0,0,0,0,0,0,0,0,0,0,0,0,0,0,0,0,0,0,0,0,0,0,0,0,0,0,0,0,0,0,0,0,0,0,0,0,0,0,0,0,0,0,
hello,6_30,11_17_33,0.0846,0,0,0,0.08461329,0.0000,0.0000,0.0000,0.0000,0.0000,0.0000,0,0,,,,,,,,0,0,0,0,0,0,0,0,0,0,0,0,0,0,0,0,0,0,0,0,0,0,0,0,0,0,0,0,0,0,0,0,0,0,0,0,0,0,0,0,0,0,0,0,0,0,0,0,0,0,0,
hello,6_30,11_17_33,0.0896,0,0,0,0.08958399,0.0000,0.0000,0.0000,0.0000,0.0000,0.0000,0,0,,,,,,,,0,0,0,0,0,0,0,0,0,0,0,0,0,0,0,0,0,0,0,0,0,0,0,0,0,0,0,0,0,0,0,0,0,0,0,0,0,0,0,0,0,0,0,0,0,0,0,0,0,0,0,
hello,6_30,11_17_33,0.0932,0,0,0,0.09317509,0.0000,0.0000,0.0000,0.0000,0.0000,0.0000,0,0,,,,,,,,0,0,0,0,0,0,0,0,0,0,0,0,0,0,0,0,0,0,0,0,0,0,0,0,0,0,0,0,0,0,0,0,0,0,0,0,0,0,0,0,0,0,0,0,0,0,0,0,0,0,0,
hello,6_30,11_17_33,0.0963,0,0,0,0.09632959,0.0000,0.0000,0.0000,0.0000,0.0000,0.0000,0,0,,,,,,,,0,0,0,0,0,0,0,0,0,0,0,0,0,0,0,0,0,0,0,0,0,0,0,0,0,0,0,0,0,0,0,0,0,0,0,0,0,0,0,0,0,0,0,0,0,0,0,0,0,0,0,
hello,6_30,11_17_33,0.0998,0,0,0,0.09976719,0.0000,0.0000,0.0000,0.0000,0.0000,0.0000,0,0,,,,,,,,0,0,0,0,0,0,0,0,0,0,0,0,0,0,0,0,0,0,0,0,0,0,0,0,0,0,0,0,0,0,0,0,0,0,0,0,0,0,0,0,0,0,0,0,0,0,0,0,0,0,0,
hello,6_30,11_17_33,0.1034,0,0,0,0.103359,0.0000,0.0000,0.0000,0.0000,0.0000,0.0000,0,0,,,,,,,,0,0,0,0,0,0,0,0,0,0,0,0,0,0,0,0,0,0,0,0,0,0,0,0,0,0,0,0,0,0,0,0,0,0,0,0,0,0,0,0,0,0,0,0,0,0,0,0,0,0,0,
hello,6_30,11_17_33,0.1073,0,0,0,0.1073023,0.0000,0.0000,0.0000,0.0000,0.0000,0.0000,0,0,,,,,,,,0,0,0,0,0,0,0,0,0,0,0,0,0,0,0,0,0,0,0,0,0,0,0,0,0,0,0,0,0,0,0,0,0,0,0,0,0,0,0,0,0,0,0,0,0,0,0,0,0,0,0,
hello,6_30,11_17_33,0.1109,0,0,0,0.1108807,0.0000,0.0000,0.0000,0.0000,0.0000,0.0000,0,0,,,,,,,,0,0,0,0,0,0,0,0,0,0,0,0,0,0,0,0,0,0,0,0,0,0,0,0,0,0,0,0,0,0,0,0,0,0,0,0,0,0,0,0,0,0,0,0,0,0,0,0,0,0,0,
hello,6_30,11_17_33,0.1141,0,0,0,0.1141231,0.0000,0.0000,0.0000,0.0000,0.0000,0.0000,0,0,,,,,,,,0,0,0,0,0,0,0,0,0,0,0,0,0,0,0,0,0,0,0,0,0,0,0,0,0,0,0,0,0,0,0,0,0,0,0,0,0,0,0,0,0,0,0,0,0,0,0,0,0,0,0,
hello,6_30,11_17_33,0.1174,0,0,0,0.1173936,0.0000,0.0000,0.0000,0.0000,0.0000,0.0000,0,0,,,,,,,,0,0,0,0,0,0,0,0,0,0,0,0,0,0,0,0,0,0,0,0,0,0,0,0,0,0,0,0,0,0,0,0,0,0,0,0,0,0,0,0,0,0,0,0,0,0,0,0,0,0,0,
hello,6_30,11_17_33,0.1208,0,0,0,0.1208312,0.0000,0.0000,0.0000,0.0000,0.0000,0.0000,0,0,,,,,,,,0,0,0,0,0,0,0,0,0,0,0,0,0,0,0,0,0,0,0,0,0,0,0,0,0,0,0,0,0,0,0,0,0,0,0,0,0,0,0,0,0,0,0,0,0,0,0,0,0,0,0,
hello,6_30,11_17_33,0.1243,0,0,0,0.1242998,0.0000,0.0000,0.0000,0.0000,0.0000,0.0000,0,0,,,,,,,,0,0,0,0,0,0,0,0,0,0,0,0,0,0,0,0,0,0,0,0,0,0,0,0,0,0,0,0,0,0,0,0,0,0,0,0,0,0,0,0,0,0,0,0,0,0,0,0,0,0,0,
hello,6_30,11_17_33,0.1275,0,0,0,0.1275304,0.0000,0.0000,0.0000,0.0000,0.0000,0.0000,0,0,,,,,,,,0,0,0,0,0,0,0,0,0,0,0,0,0,0,0,0,0,0,0,0,0,0,0,0,0,0,0,0,0,0,0,0,0,0,0,0,0,0,0,0,0,0,0,0,0,0,0,0,0,0,0,
hello,6_30,11_17_33,0.1308,0,0,0,0.130765,0.0000,0.0000,0.0000,0.0000,0.0000,0.0000,0,0,,,,,,,,0,0,0,0,0,0,0,0,0,0,0,0,0,0,0,0,0,0,0,0,0,0,0,0,0,0,0,0,0,0,0,0,0,0,0,0,0,0,0,0,0,0,0,0,0,0,0,0,0,0,0,
hello,6_30,11_17_33,0.1340,0,0,0,0.1340107,0.0000,0.0000,0.0000,0.0000,0.0000,0.0000,0,0,,,,,,,,0,0,0,0,0,0,0,0,0,0,0,0,0,0,0,0,0,0,0,0,0,0,0,0,0,0,0,0,0,0,0,0,0,0,0,0,0,0,0,0,0,0,0,0,0,0,0,0,0,0,0,
hello,6_30,11_17_33,0.1373,0,0,0,0.1372774,0.0000,0.0000,0.0000,0.0000,0.0000,0.0000,0,0,,,,,,,,0,0,0,0,0,0,0,0,0,0,0,0,0,0,0,0,0,0,0,0,0,0,0,0,0,0,0,0,0,0,0,0,0,0,0,0,0,0,0,0,0,0,0,0,0,0,0,0,0,0,0,
hello,6_30,11_17_33,0.1406,0,0,0,0.1406173,0.0000,0.0000,0.0000,0.0000,0.0000,0.0000,0,0,,,,,,,,0,0,0,0,0,0,0,0,0,0,0,0,0,0,0,0,0,0,0,0,0,0,0,0,0,0,0,0,0,0,0,0,0,0,0,0,0,0,0,0,0,0,0,0,0,0,0,0,0,0,0,
hello,6_30,11_17_33,0.1444,0,0,0,0.1443936,0.0000,0.0000,0.0000,0.0000,0.0000,0.0000,0,0,,,,,,,,0,0,0,0,0,0,0,0,0,0,0,0,0,0,0,0,0,0,0,0,0,0,0,0,0,0,0,0,0,0,0,0,0,0,0,0,0,0,0,0,0,0,0,0,0,0,0,0,0,0,0,
hello,6_30,11_17_33,0.1477,0,0,0,0.1477034,0.0000,0.0000,0.0000,0.0000,0.0000,0.0000,0,0,,,,,,,,0,0,0,0,0,0,0,0,0,0,0,0,0,0,0,0,0,0,0,0,0,0,0,0,0,0,0,0,0,0,0,0,0,0,0,0,0,0,0,0,0,0,0,0,0,0,0,0,0,0,0,
hello,6_30,11_17_33,0.1511,0,0,0,0.1510731,0.0000,0.0000,0.0000,0.0000,0.0000,0.0000,0,0,,,,,,,,0,0,0,0,0,0,0,0,0,0,0,0,0,0,0,0,0,0,0,0,0,0,0,0,0,0,0,0,0,0,0,0,0,0,0,0,0,0,0,0,0,0,0,0,0,0,0,0,0,0,0,
hello,6_30,11_17_33,0.1543,0,0,0,0.1543065,0.0000,0.0000,0.0000,0.0000,0.0000,0.0000,0,0,,,,,,,,0,0,0,0,0,0,0,0,0,0,0,0,0,0,0,0,0,0,0,0,0,0,0,0,0,0,0,0,0,0,0,0,0,0,0,0,0,0,0,0,0,0,0,0,0,0,0,0,0,0,0,
hello,6_30,11_17_33,0.1577,0,0,0,0.1576614,0.0000,0.0000,0.0000,0.0000,0.0000,0.0000,0,0,,,,,,,,0,0,0,0,0,0,0,0,0,0,0,0,0,0,0,0,0,0,0,0,0,0,0,0,0,0,0,0,0,0,0,0,0,0,0,0,0,0,0,0,0,0,0,0,0,0,0,0,0,0,0,
hello,6_30,11_17_33,0.1614,0,0,0,0.1613666,0.0000,0.0000,0.0000,0.0000,0.0000,0.0000,0,0,,,,,,,,0,0,0,0,0,0,0,0,0,0,0,0,0,0,0,0,0,0,0,0,0,0,0,0,0,0,0,0,0,0,0,0,0,0,0,0,0,0,0,0,0,0,0,0,0,0,0,0,0,0,0,
hello,6_30,11_17_33,0.1649,0,0,0,0.1649457,0.0000,0.0000,0.0000,0.0000,0.0000,0.0000,0,0,,,,,,,,0,0,0,0,0,0,0,0,0,0,0,0,0,0,0,0,0,0,0,0,0,0,0,0,0,0,0,0,0,0,0,0,0,0,0,0,0,0,0,0,0,0,0,0,0,0,0,0,0,0,0,
hello,6_30,11_17_33,0.1683,0,0,0,0.1682936,0.0000,0.0000,0.0000,0.0000,0.0000,0.0000,0,0,,,,,,,,0,0,0,0,0,0,0,0,0,0,0,0,0,0,0,0,0,0,0,0,0,0,0,0,0,0,0,0,0,0,0,0,0,0,0,0,0,0,0,0,0,0,0,0,0,0,0,0,0,0,0,
hello,6_30,11_17_33,0.1716,0,0,0,0.1716296,0.0000,0.0000,0.0000,0.0000,0.0000,0.0000,0,0,,,,,,,,0,0,0,0,0,0,0,0,0,0,0,0,0,0,0,0,0,0,0,0,0,0,0,0,0,0,0,0,0,0,0,0,0,0,0,0,0,0,0,0,0,0,0,0,0,0,0,0,0,0,0,
hello,6_30,11_17_33,0.1749,0,0,0,0.1748977,0.0000,0.0000,0.0000,0.0000,0.0000,0.0000,0,0,,,,,,,,0,0,0,0,0,0,0,0,0,0,0,0,0,0,0,0,0,0,0,0,0,0,0,0,0,0,0,0,0,0,0,0,0,0,0,0,0,0,0,0,0,0,0,0,0,0,0,0,0,0,0,
hello,6_30,11_17_33,0.1785,0,0,0,0.1784765,0.0000,0.0000,0.0000,0.0000,0.0000,0.0000,0,0,,,,,,,,0,0,0,0,0,0,0,0,0,0,0,0,0,0,0,0,0,0,0,0,0,0,0,0,0,0,0,0,0,0,0,0,0,0,0,0,0,0,0,0,0,0,0,0,0,0,0,0,0,0,0,
hello,6_30,11_17_33,0.1821,0,0,0,0.1821139,0.0000,0.0000,0.0000,0.0000,0.0000,0.0000,0,0,,,,,,,,0,0,0,0,0,0,0,0,0,0,0,0,0,0,0,0,0,0,0,0,0,0,0,0,0,0,0,0,0,0,0,0,0,0,0,0,0,0,0,0,0,0,0,0,0,0,0,0,0,0,0,
hello,6_30,11_17_33,0.1858,0,0,0,0.1857702,0.0000,0.0000,0.0000,0.0000,0.0000,0.0000,0,0,,,,,,,,0,0,0,0,0,0,0,0,0,0,0,0,0,0,0,0,0,0,0,0,0,0,0,0,0,0,0,0,0,0,0,0,0,0,0,0,0,0,0,0,0,0,0,0,0,0,0,0,0,0,0,
hello,6_30,11_17_33,0.1890,0,0,0,0.1889682,0.0000,0.0000,0.0000,0.0000,0.0000,0.0000,0,0,,,,,,,,0,0,0,0,0,0,0,0,0,0,0,0,0,0,0,0,0,0,0,0,0,0,0,0,0,0,0,0,0,0,0,0,0,0,0,0,0,0,0,0,0,0,0,0,0,0,0,0,0,0,0,
hello,6_30,11_17_33,0.1922,0,0,0,0.1921965,0.0000,0.0000,0.0000,0.0000,0.0000,0.0000,0,0,,,,,,,,0,0,0,0,0,0,0,0,0,0,0,0,0,0,0,0,0,0,0,0,0,0,0,0,0,0,0,0,0,0,0,0,0,0,0,0,0,0,0,0,0,0,0,0,0,0,0,0,0,0,0,
hello,6_30,11_17_33,0.1954,0,0,0,0.1953563,0.0000,0.0000,0.0000,0.0000,0.0000,0.0000,0,0,,,,,,,,0,0,0,0,0,0,0,0,0,0,0,0,0,0,0,0,0,0,0,0,0,0,0,0,0,0,0,0,0,0,0,0,0,0,0,0,0,0,0,0,0,0,0,0,0,0,0,0,0,0,0,
hello,6_30,11_17_33,0.1990,0,0,0,0.1990253,0.0000,0.0000,0.0000,0.0000,0.0000,0.0000,0,0,,,,,,,,0,0,0,0,0,0,0,0,0,0,0,0,0,0,0,0,0,0,0,0,0,0,0,0,0,0,0,0,0,0,0,0,0,0,0,0,0,0,0,0,0,0,0,0,0,0,0,0,0,0,0,
hello,6_30,11_17_33,0.2047,0,0,0,0.2047088,0.0000,0.0000,0.0000,0.0000,0.0000,0.0000,0,0,,,,,,,,0,0,0,0,0,0,0,0,0,0,0,0,0,0,0,0,0,0,0,0,0,0,0,0,0,0,0,0,0,0,0,0,0,0,0,0,0,0,0,0,0,0,0,0,0,0,0,0,0,0,0,
hello,6_30,11_17_33,0.2083,0,0,0,0.2083296,0.0000,0.0000,0.0000,0.0000,0.0000,0.0000,0,0,,,,,,,,0,0,0,0,0,0,0,0,0,0,0,0,0,0,0,0,0,0,0,0,0,0,0,0,0,0,0,0,0,0,0,0,0,0,0,0,0,0,0,0,0,0,0,0,0,0,0,0,0,0,0,
hello,6_30,11_17_33,0.2119,0,0,0,0.2118771,0.0000,0.0000,0.0000,0.0000,0.0000,0.0000,0,0,,,,,,,,0,0,0,0,0,0,0,0,0,0,0,0,0,0,0,0,0,0,0,0,0,0,0,0,0,0,0,0,0,0,0,0,0,0,0,0,0,0,0,0,0,0,0,0,0,0,0,0,0,0,0,
hello,6_30,11_17_33,0.2151,0,0,0,0.2151214,0.0000,0.0000,0.0000,0.0000,0.0000,0.0000,0,0,,,,,,,,0,0,0,0,0,0,0,0,0,0,0,0,0,0,0,0,0,0,0,0,0,0,0,0,0,0,0,0,0,0,0,0,0,0,0,0,0,0,0,0,0,0,0,0,0,0,0,0,0,0,0,
hello,6_30,11_17_33,0.2183,0,0,0,0.2182715,0.0000,0.0000,0.0000,0.0000,0.0000,0.0000,0,0,,,,,,,,0,0,0,0,0,0,0,0,0,0,0,0,0,0,0,0,0,0,0,0,0,0,0,0,0,0,0,0,0,0,0,0,0,0,0,0,0,0,0,0,0,0,0,0,0,0,0,0,0,0,0,
hello,6_30,11_17_33,0.2216,0,0,0,0.2216019,0.0000,0.0000,0.0000,0.0000,0.0000,0.0000,0,0,,,,,,,,0,0,0,0,0,0,0,0,0,0,0,0,0,0,0,0,0,0,0,0,0,0,0,0,0,0,0,0,0,0,0,0,0,0,0,0,0,0,0,0,0,0,0,0,0,0,0,0,0,0,0,
hello,6_30,11_17_33,0.2252,0,0,0,0.2251652,0.0000,0.0000,0.0000,0.0000,0.0000,0.0000,0,0,,,,,,,,0,0,0,0,0,0,0,0,0,0,0,0,0,0,0,0,0,0,0,0,0,0,0,0,0,0,0,0,0,0,0,0,0,0,0,0,0,0,0,0,0,0,0,0,0,0,0,0,0,0,0,
hello,6_30,11_17_33,0.2286,0,0,0,0.2286275,0.0000,0.0000,0.0000,0.0000,0.0000,0.0000,0,0,,,,,,,,0,0,0,0,0,0,0,0,0,0,0,0,0,0,0,0,0,0,0,0,0,0,0,0,0,0,0,0,0,0,0,0,0,0,0,0,0,0,0,0,0,0,0,0,0,0,0,0,0,0,0,
hello,6_30,11_17_33,0.2319,0,0,0,0.2319228,0.0000,0.0000,0.0000,0.0000,0.0000,0.0000,0,0,,,,,,,,0,0,0,0,0,0,0,0,0,0,0,0,0,0,0,0,0,0,0,0,0,0,0,0,0,0,0,0,0,0,0,0,0,0,0,0,0,0,0,0,0,0,0,0,0,0,0,0,0,0,0,
hello,6_30,11_17_33,0.2351,0,0,0,0.2351325,0.0000,0.0000,0.0000,0.0000,0.0000,0.0000,0,0,,,,,,,,0,0,0,0,0,0,0,0,0,0,0,0,0,0,0,0,0,0,0,0,0,0,0,0,0,0,0,0,0,0,0,0,0,0,0,0,0,0,0,0,0,0,0,0,0,0,0,0,0,0,0,
hello,6_30,11_17_33,0.2384,0,0,0,0.2383902,0.0000,0.0000,0.0000,0.0000,0.0000,0.0000,0,0,,,,,,,,0,0,0,0,0,0,0,0,0,0,0,0,0,0,0,0,0,0,0,0,0,0,0,0,0,0,0,0,0,0,0,0,0,0,0,0,0,0,0,0,0,0,0,0,0,0,0,0,0,0,0,
hello,6_30,11_17_33,0.2416,0,0,0,0.2416478,0.0000,0.0000,0.0000,0.0000,0.0000,0.0000,0,0,,,,,,,,0,0,0,0,0,0,0,0,0,0,0,0,0,0,0,0,0,0,0,0,0,0,0,0,0,0,0,0,0,0,0,0,0,0,0,0,0,0,0,0,0,0,0,0,0,0,0,0,0,0,0,
hello,6_30,11_17_33,0.2457,0,0,0,0.2456672,0.0000,0.0000,0.0000,0.0000,0.0000,0.0000,0,0,,,,,,,,0,0,0,0,0,0,0,0,0,0,0,0,0,0,0,0,0,0,0,0,0,0,0,0,0,0,0,0,0,0,0,0,0,0,0,0,0,0,0,0,0,0,0,0,0,0,0,0,0,0,0,
hello,6_30,11_17_33,0.2490,0,0,0,0.248969,0.0000,0.0000,0.0000,0.0000,0.0000,0.0000,0,0,,,,,,,,0,0,0,0,0,0,0,0,0,0,0,0,0,0,0,0,0,0,0,0,0,0,0,0,0,0,0,0,0,0,0,0,0,0,0,0,0,0,0,0,0,0,0,0,0,0,0,0,0,0,0,
hello,6_30,11_17_33,0.2521,0,0,0,0.2521068,0.0000,0.0000,0.0000,0.0000,0.0000,0.0000,0,0,,,,,,,,0,0,0,0,0,0,0,0,0,0,0,0,0,0,0,0,0,0,0,0,0,0,0,0,0,0,0,0,0,0,0,0,0,0,0,0,0,0,0,0,0,0,0,0,0,0,0,0,0,0,0,
hello,6_30,11_17_33,0.2554,0,0,0,0.2554031,0.0000,0.0000,0.0000,0.0000,0.0000,0.0000,0,0,,,,,,,,0,0,0,0,0,0,0,0,0,0,0,0,0,0,0,0,0,0,0,0,0,0,0,0,0,0,0,0,0,0,0,0,0,0,0,0,0,0,0,0,0,0,0,0,0,0,0,0,0,0,0,
hello,6_30,11_17_33,0.2586,0,0,0,0.2586189,0.0000,0.0000,0.0000,0.0000,0.0000,0.0000,0,0,,,,,,,,0,0,0,0,0,0,0,0,0,0,0,0,0,0,0,0,0,0,0,0,0,0,0,0,0,0,0,0,0,0,0,0,0,0,0,0,0,0,0,0,0,0,0,0,0,0,0,0,0,0,0,
hello,6_30,11_17_33,0.2618,0,0,0,0.2617971,0.0000,0.0000,0.0000,0.0000,0.0000,0.0000,0,0,,,,,,,,0,0,0,0,0,0,0,0,0,0,0,0,0,0,0,0,0,0,0,0,0,0,0,0,0,0,0,0,0,0,0,0,0,0,0,0,0,0,0,0,0,0,0,0,0,0,0,0,0,0,0,
hello,6_30,11_17_33,0.2653,0,0,0,0.2653138,0.0000,0.0000,0.0000,0.0000,0.0000,0.0000,0,0,,,,,,,,0,0,0,0,0,0,0,0,0,0,0,0,0,0,0,0,0,0,0,0,0,0,0,0,0,0,0,0,0,0,0,0,0,0,0,0,0,0,0,0,0,0,0,0,0,0,0,0,0,0,0,
hello,6_30,11_17_33,0.2686,0,0,0,0.268607,0.0000,0.0000,0.0000,0.0000,0.0000,0.0000,0,0,,,,,,,,0,0,0,0,0,0,0,0,0,0,0,0,0,0,0,0,0,0,0,0,0,0,0,0,0,0,0,0,0,0,0,0,0,0,0,0,0,0,0,0,0,0,0,0,0,0,0,0,0,0,0,
hello,6_30,11_17_33,0.2720,0,0,0,0.2719636,0.0000,0.0000,0.0000,0.0000,0.0000,0.0000,0,0,,,,,,,,0,0,0,0,0,0,0,0,0,0,0,0,0,0,0,0,0,0,0,0,0,0,0,0,0,0,0,0,0,0,0,0,0,0,0,0,0,0,0,0,0,0,0,0,0,0,0,0,0,0,0,
hello,6_30,11_17_33,0.2752,0,0,0,0.2751832,0.0000,0.0000,0.0000,0.0000,0.0000,0.0000,0,0,,,,,,,,0,0,0,0,0,0,0,0,0,0,0,0,0,0,0,0,0,0,0,0,0,0,0,0,0,0,0,0,0,0,0,0,0,0,0,0,0,0,0,0,0,0,0,0,0,0,0,0,0,0,0,
hello,6_30,11_17_33,0.2783,0,0,0,0.2783285,0.0000,0.0000,0.0000,0.0000,0.0000,0.0000,0,0,,,,,,,,0,0,0,0,0,0,0,0,0,0,0,0,0,0,0,0,0,0,0,0,0,0,0,0,0,0,0,0,0,0,0,0,0,0,0,0,0,0,0,0,0,0,0,0,0,0,0,0,0,0,0,
hello,6_30,11_17_33,0.2814,0,0,0,0.2814363,0.0000,0.0000,0.0000,0.0000,0.0000,0.0000,0,0,,,,,,,,0,0,0,0,0,0,0,0,0,0,0,0,0,0,0,0,0,0,0,0,0,0,0,0,0,0,0,0,0,0,0,0,0,0,0,0,0,0,0,0,0,0,0,0,0,0,0,0,0,0,0,
hello,6_30,11_17_33,0.2849,0,0,0,0.2849125,0.0000,0.0000,0.0000,0.0000,0.0000,0.0000,0,0,,,,,,,,0,0,0,0,0,0,0,0,0,0,0,0,0,0,0,0,0,0,0,0,0,0,0,0,0,0,0,0,0,0,0,0,0,0,0,0,0,0,0,0,0,0,0,0,0,0,0,0,0,0,0,
hello,6_30,11_17_33,0.2881,0,0,0,0.2881306,0.0000,0.0000,0.0000,0.0000,0.0000,0.0000,0,0,,,,,,,,0,0,0,0,0,0,0,0,0,0,0,0,0,0,0,0,0,0,0,0,0,0,0,0,0,0,0,0,0,0,0,0,0,0,0,0,0,0,0,0,0,0,0,0,0,0,0,0,0,0,0,
hello,6_30,11_17_33,0.2916,0,0,0,0.2915779,0.0000,0.0000,0.0000,0.0000,0.0000,0.0000,0,0,,,,,,,,0,0,0,0,0,0,0,0,0,0,0,0,0,0,0,0,0,0,0,0,0,0,0,0,0,0,0,0,0,0,0,0,0,0,0,0,0,0,0,0,0,0,0,0,0,0,0,0,0,0,0,
hello,6_30,11_17_33,0.2947,0,0,0,0.2947386,0.0000,0.0000,0.0000,0.0000,0.0000,0.0000,0,0,,,,,,,,0,0,0,0,0,0,0,0,0,0,0,0,0,0,0,0,0,0,0,0,0,0,0,0,0,0,0,0,0,0,0,0,0,0,0,0,0,0,0,0,0,0,0,0,0,0,0,0,0,0,0,
hello,6_30,11_17_33,0.2980,0,0,0,0.297978,0.0000,0.0000,0.0000,0.0000,0.0000,0.0000,0,0,,,,,,,,0,0,0,0,0,0,0,0,0,0,0,0,0,0,0,0,0,0,0,0,0,0,0,0,0,0,0,0,0,0,0,0,0,0,0,0,0,0,0,0,0,0,0,0,0,0,0,0,0,0,0,
hello,6_30,11_17_33,0.3015,0,0,0,0.3015061,0.0000,0.0000,0.0000,0.0000,0.0000,0.0000,0,0,,,,,,,,0,0,0,0,0,0,0,0,0,0,0,0,0,0,0,0,0,0,0,0,0,0,0,0,0,0,0,0,0,0,0,0,0,0,0,0,0,0,0,0,0,0,0,0,0,0,0,0,0,0,0,
hello,6_30,11_17_33,0.3051,0,0,0,0.3051415,0.0000,0.0000,0.0000,0.0000,0.0000,0.0000,0,0,,,,,,,,0,0,0,0,0,0,0,0,0,0,0,0,0,0,0,0,0,0,0,0,0,0,0,0,0,0,0,0,0,0,0,0,0,0,0,0,0,0,0,0,0,0,0,0,0,0,0,0,0,0,0,
hello,6_30,11_17_33,0.3084,0,0,0,0.3084235,0.0000,0.0000,0.0000,0.0000,0.0000,0.0000,0,0,,,,,,,,0,0,0,0,0,0,0,0,0,0,0,0,0,0,0,0,0,0,0,0,0,0,0,0,0,0,0,0,0,0,0,0,0,0,0,0,0,0,0,0,0,0,0,0,0,0,0,0,0,0,0,
hello,6_30,11_17_33,0.3119,0,0,0,0.3118967,0.0000,0.0000,0.0000,0.0000,0.0000,0.0000,0,0,,,,,,,,0,0,0,0,0,0,0,0,0,0,0,0,0,0,0,0,0,0,0,0,0,0,0,0,0,0,0,0,0,0,0,0,0,0,0,0,0,0,0,0,0,0,0,0,0,0,0,0,0,0,0,
hello,6_30,11_17_33,0.3151,0,0,0,0.3150908,0.0000,0.0000,0.0000,0.0000,0.0000,0.0000,0,0,,,,,,,,0,0,0,0,0,0,0,0,0,0,0,0,0,0,0,0,0,0,0,0,0,0,0,0,0,0,0,0,0,0,0,0,0,0,0,0,0,0,0,0,0,0,0,0,0,0,0,0,0,0,0,
hello,6_30,11_17_33,0.3183,0,0,0,0.3183445,0.0000,0.0000,0.0000,0.0000,0.0000,0.0000,0,0,,,,,,,,0,0,0,0,0,0,0,0,0,0,0,0,0,0,0,0,0,0,0,0,0,0,0,0,0,0,0,0,0,0,0,0,0,0,0,0,0,0,0,0,0,0,0,0,0,0,0,0,0,0,0,
hello,6_30,11_17_33,0.3216,0,0,0,0.3216017,0.0000,0.0000,0.0000,0.0000,0.0000,0.0000,0,0,,,,,,,,0,0,0,0,0,0,0,0,0,0,0,0,0,0,0,0,0,0,0,0,0,0,0,0,0,0,0,0,0,0,0,0,0,0,0,0,0,0,0,0,0,0,0,0,0,0,0,0,0,0,0,
hello,6_30,11_17_33,0.3251,0,0,0,0.3250871,0.0000,0.0000,0.0000,0.0000,0.0000,0.0000,0,0,,,,,,,,0,0,0,0,0,0,0,0,0,0,0,0,0,0,0,0,0,0,0,0,0,0,0,0,0,0,0,0,0,0,0,0,0,0,0,0,0,0,0,0,0,0,0,0,0,0,0,0,0,0,0,
hello,6_30,11_17_33,0.3286,0,0,0,0.3285656,0.0000,0.0000,0.0000,0.0000,0.0000,0.0000,0,0,,,,,,,,0,0,0,0,0,0,0,0,0,0,0,0,0,0,0,0,0,0,0,0,0,0,0,0,0,0,0,0,0,0,0,0,0,0,0,0,0,0,0,0,0,0,0,0,0,0,0,0,0,0,0,
hello,6_30,11_17_33,0.3317,0,0,0,0.3317017,0.0000,0.0000,0.0000,0.0000,0.0000,0.0000,0,0,,,,,,,,0,0,0,0,0,0,0,0,0,0,0,0,0,0,0,0,0,0,0,0,0,0,0,0,0,0,0,0,0,0,0,0,0,0,0,0,0,0,0,0,0,0,0,0,0,0,0,0,0,0,0,
hello,6_30,11_17_33,0.3350,0,0,0,0.3349762,0.0000,0.0000,0.0000,0.0000,0.0000,0.0000,0,0,,,,,,,,0,0,0,0,0,0,0,0,0,0,0,0,0,0,0,0,0,0,0,0,0,0,0,0,0,0,0,0,0,0,0,0,0,0,0,0,0,0,0,0,0,0,0,0,0,0,0,0,0,0,0,
hello,6_30,11_17_33,0.3382,0,0,0,0.3381739,0.0000,0.0000,0.0000,0.0000,0.0000,0.0000,0,0,,,,,,,,0,0,0,0,0,0,0,0,0,0,0,0,0,0,0,0,0,0,0,0,0,0,0,0,0,0,0,0,0,0,0,0,0,0,0,0,0,0,0,0,0,0,0,0,0,0,0,0,0,0,0,
hello,6_30,11_17_33,0.3414,0,0,0,0.3413651,0.0000,0.0000,0.0000,0.0000,0.0000,0.0000,0,0,,,,,,,,0,0,0,0,0,0,0,0,0,0,0,0,0,0,0,0,0,0,0,0,0,0,0,0,0,0,0,0,0,0,0,0,0,0,0,0,0,0,0,0,0,0,0,0,0,0,0,0,0,0,0,
hello,6_30,11_17_33,0.3448,0,0,0,0.3447897,0.0000,0.0000,0.0000,0.0000,0.0000,0.0000,0,0,,,,,,,,0,0,0,0,0,0,0,0,0,0,0,0,0,0,0,0,0,0,0,0,0,0,0,0,0,0,0,0,0,0,0,0,0,0,0,0,0,0,0,0,0,0,0,0,0,0,0,0,0,0,0,
hello,6_30,11_17_33,0.3480,0,0,0,0.3479907,0.0000,0.0000,0.0000,0.0000,0.0000,0.0000,0,0,,,,,,,,0,0,0,0,0,0,0,0,0,0,0,0,0,0,0,0,0,0,0,0,0,0,0,0,0,0,0,0,0,0,0,0,0,0,0,0,0,0,0,0,0,0,0,0,0,0,0,0,0,0,0,
hello,6_30,11_17_33,0.3511,0,0,0,0.3510783,0.0000,0.0000,0.0000,0.0000,0.0000,0.0000,0,0,,,,,,,,0,0,0,0,0,0,0,0,0,0,0,0,0,0,0,0,0,0,0,0,0,0,0,0,0,0,0,0,0,0,0,0,0,0,0,0,0,0,0,0,0,0,0,0,0,0,0,0,0,0,0,
hello,6_30,11_17_33,0.3542,0,0,0,0.3542043,0.0000,0.0000,0.0000,0.0000,0.0000,0.0000,0,0,,,,,,,,0,0,0,0,0,0,0,0,0,0,0,0,0,0,0,0,0,0,0,0,0,0,0,0,0,0,0,0,0,0,0,0,0,0,0,0,0,0,0,0,0,0,0,0,0,0,0,0,0,0,0,
hello,6_30,11_17_33,0.3574,0,0,0,0.3574477,0.0000,0.0000,0.0000,0.0000,0.0000,0.0000,0,0,,,,,,,,0,0,0,0,0,0,0,0,0,0,0,0,0,0,0,0,0,0,0,0,0,0,0,0,0,0,0,0,0,0,0,0,0,0,0,0,0,0,0,0,0,0,0,0,0,0,0,0,0,0,0,
hello,6_30,11_17_33,0.3609,0,0,0,0.3609003,0.0000,0.0000,0.0000,0.0000,0.0000,0.0000,0,0,,,,,,,,0,0,0,0,0,0,0,0,0,0,0,0,0,0,0,0,0,0,0,0,0,0,0,0,0,0,0,0,0,0,0,0,0,0,0,0,0,0,0,0,0,0,0,0,0,0,0,0,0,0,0,
hello,6_30,11_17_33,0.3645,0,0,0,0.3644522,0.0000,0.0000,0.0000,0.0000,0.0000,0.0000,0,0,,,,,,,,0,0,0,0,0,0,0,0,0,0,0,0,0,0,0,0,0,0,0,0,0,0,0,0,0,0,0,0,0,0,0,0,0,0,0,0,0,0,0,0,0,0,0,0,0,0,0,0,0,0,0,
hello,6_30,11_17_33,0.3677,0,0,0,0.3677002,0.0000,0.0000,0.0000,0.0000,0.0000,0.0000,0,0,,,,,,,,0,0,0,0,0,0,0,0,0,0,0,0,0,0,0,0,0,0,0,0,0,0,0,0,0,0,0,0,0,0,0,0,0,0,0,0,0,0,0,0,0,0,0,0,0,0,0,0,0,0,0,
hello,6_30,11_17_33,0.3709,0,0,0,0.3709153,0.0000,0.0000,0.0000,0.0000,0.0000,0.0000,0,0,,,,,,,,0,0,0,0,0,0,0,0,0,0,0,0,0,0,0,0,0,0,0,0,0,0,0,0,0,0,0,0,0,0,0,0,0,0,0,0,0,0,0,0,0,0,0,0,0,0,0,0,0,0,0,
hello,6_30,11_17_33,0.3742,0,0,0,0.3741789,0.0000,0.0000,0.0000,0.0000,0.0000,0.0000,0,0,,,,,,,,0,0,0,0,0,0,0,0,0,0,0,0,0,0,0,0,0,0,0,0,0,0,0,0,0,0,0,0,0,0,0,0,0,0,0,0,0,0,0,0,0,0,0,0,0,0,0,0,0,0,0,
hello,6_30,11_17_33,0.3775,0,0,0,0.3775076,0.0000,0.0000,0.0000,0.0000,0.0000,0.0000,0,0,,,,,,,,0,0,0,0,0,0,0,0,0,0,0,0,0,0,0,0,0,0,0,0,0,0,0,0,0,0,0,0,0,0,0,0,0,0,0,0,0,0,0,0,0,0,0,0,0,0,0,0,0,0,0,
hello,6_30,11_17_33,0.3807,0,0,0,0.380671,0.0000,0.0000,0.0000,0.0000,0.0000,0.0000,0,0,,,,,,,,0,0,0,0,0,0,0,0,0,0,0,0,0,0,0,0,0,0,0,0,0,0,0,0,0,0,0,0,0,0,0,0,0,0,0,0,0,0,0,0,0,0,0,0,0,0,0,0,0,0,0,
hello,6_30,11_17_33,0.3841,0,0,0,0.3840747,0.0000,0.0000,0.0000,0.0000,0.0000,0.0000,0,0,,,,,,,,0,0,0,0,0,0,0,0,0,0,0,0,0,0,0,0,0,0,0,0,0,0,0,0,0,0,0,0,0,0,0,0,0,0,0,0,0,0,0,0,0,0,0,0,0,0,0,0,0,0,0,
hello,6_30,11_17_33,0.3873,0,0,0,0.3873116,0.0000,0.0000,0.0000,0.0000,0.0000,0.0000,0,0,,,,,,,,0,0,0,0,0,0,0,0,0,0,0,0,0,0,0,0,0,0,0,0,0,0,0,0,0,0,0,0,0,0,0,0,0,0,0,0,0,0,0,0,0,0,0,0,0,0,0,0,0,0,0,
hello,6_30,11_17_33,0.3980,0,0,0,0.3979536,0.0000,0.0000,0.0000,0.0000,0.0000,0.0000,0,0,,,,,,,,0,0,0,0,0,0,0,0,0,0,0,0,0,0,0,0,0,0,0,0,0,0,0,0,0,0,0,0,0,0,0,0,0,0,0,0,0,0,0,0,0,0,0,0,0,0,0,0,0,0,0,
hello,6_30,11_17_33,0.4027,0,0,0,0.4027488,0.0000,0.0000,0.0000,0.0000,0.0000,0.0000,0,0,,,,,,,,0,0,0,0,0,0,0,0,0,0,0,0,0,0,0,0,0,0,0,0,0,0,0,0,0,0,0,0,0,0,0,0,0,0,0,0,0,0,0,0,0,0,0,0,0,0,0,0,0,0,0,
hello,6_30,11_17_33,0.4082,0,0,0,0.4081989,0.0000,0.0000,0.0000,0.0000,0.0000,0.0000,0,0,,,,,,,,0,0,0,0,0,0,0,0,0,0,0,0,0,0,0,0,0,0,0,0,0,0,0,0,0,0,0,0,0,0,0,0,0,0,0,0,0,0,0,0,0,0,0,0,0,0,0,0,0,0,0,
hello,6_30,11_17_33,0.4116,0,0,0,0.4115635,0.0000,0.0000,0.0000,0.0000,0.0000,0.0000,0,0,,,,,,,,0,0,0,0,0,0,0,0,0,0,0,0,0,0,0,0,0,0,0,0,0,0,0,0,0,0,0,0,0,0,0,0,0,0,0,0,0,0,0,0,0,0,0,0,0,0,0,0,0,0,0,
hello,6_30,11_17_33,0.4148,0,0,0,0.4148067,0.0000,0.0000,0.0000,0.0000,0.0000,0.0000,0,0,,,,,,,,0,0,0,0,0,0,0,0,0,0,0,0,0,0,0,0,0,0,0,0,0,0,0,0,0,0,0,0,0,0,0,0,0,0,0,0,0,0,0,0,0,0,0,0,0,0,0,0,0,0,0,
hello,6_30,11_17_33,0.4181,0,0,0,0.4180971,0.0000,0.0000,0.0000,0.0000,0.0000,0.0000,0,0,,,,,,,,0,0,0,0,0,0,0,0,0,0,0,0,0,0,0,0,0,0,0,0,0,0,0,0,0,0,0,0,0,0,0,0,0,0,0,0,0,0,0,0,0,0,0,0,0,0,0,0,0,0,0,
hello,6_30,11_17_33,0.4215,0,0,0,0.4214753,0.0000,0.0000,0.0000,0.0000,0.0000,0.0000,0,0,,,,,,,,0,0,0,0,0,0,0,0,0,0,0,0,0,0,0,0,0,0,0,0,0,0,0,0,0,0,0,0,0,0,0,0,0,0,0,0,0,0,0,0,0,0,0,0,0,0,0,0,0,0,0,
hello,6_30,11_17_33,0.4251,0,0,0,0.4250876,0.0000,0.0000,0.0000,0.0000,0.0000,0.0000,0,0,,,,,,,,0,0,0,0,0,0,0,0,0,0,0,0,0,0,0,0,0,0,0,0,0,0,0,0,0,0,0,0,0,0,0,0,0,0,0,0,0,0,0,0,0,0,0,0,0,0,0,0,0,0,0,
hello,6_30,11_17_33,0.4283,0,0,0,0.4282514,0.0000,0.0000,0.0000,0.0000,0.0000,0.0000,0,0,,,,,,,,0,0,0,0,0,0,0,0,0,0,0,0,0,0,0,0,0,0,0,0,0,0,0,0,0,0,0,0,0,0,0,0,0,0,0,0,0,0,0,0,0,0,0,0,0,0,0,0,0,0,0,
hello,6_30,11_17_33,0.4316,0,0,0,0.4316132,0.0000,0.0000,0.0000,0.0000,0.0000,0.0000,0,0,,,,,,,,0,0,0,0,0,0,0,0,0,0,0,0,0,0,0,0,0,0,0,0,0,0,0,0,0,0,0,0,0,0,0,0,0,0,0,0,0,0,0,0,0,0,0,0,0,0,0,0,0,0,0,
hello,6_30,11_17_33,0.4348,0,0,0,0.4348456,0.0000,0.0000,0.0000,0.0000,0.0000,0.0000,0,0,,,,,,,,0,0,0,0,0,0,0,0,0,0,0,0,0,0,0,0,0,0,0,0,0,0,0,0,0,0,0,0,0,0,0,0,0,0,0,0,0,0,0,0,0,0,0,0,0,0,0,0,0,0,0,
hello,6_30,11_17_33,0.4380,0,0,0,0.4380341,0.0000,0.0000,0.0000,0.0000,0.0000,0.0000,0,0,,,,,,,,0,0,0,0,0,0,0,0,0,0,0,0,0,0,0,0,0,0,0,0,0,0,0,0,0,0,0,0,0,0,0,0,0,0,0,0,0,0,0,0,0,0,0,0,0,0,0,0,0,0,0,
hello,6_30,11_17_33,0.4412,0,0,0,0.4412019,0.0000,0.0000,0.0000,0.0000,0.0000,0.0000,0,0,,,,,,,,0,0,0,0,0,0,0,0,0,0,0,0,0,0,0,0,0,0,0,0,0,0,0,0,0,0,0,0,0,0,0,0,0,0,0,0,0,0,0,0,0,0,0,0,0,0,0,0,0,0,0,
hello,6_30,11_17_33,0.4448,0,0,0,0.4448311,0.0000,0.0000,0.0000,0.0000,0.0000,0.0000,0,0,,,,,,,,0,0,0,0,0,0,0,0,0,0,0,0,0,0,0,0,0,0,0,0,0,0,0,0,0,0,0,0,0,0,0,0,0,0,0,0,0,0,0,0,0,0,0,0,0,0,0,0,0,0,0,
hello,6_30,11_17_33,0.4480,0,0,0,0.4479932,0.0000,0.0000,0.0000,0.0000,0.0000,0.0000,0,0,,,,,,,,0,0,0,0,0,0,0,0,0,0,0,0,0,0,0,0,0,0,0,0,0,0,0,0,0,0,0,0,0,0,0,0,0,0,0,0,0,0,0,0,0,0,0,0,0,0,0,0,0,0,0,
hello,6_30,11_17_33,0.4513,0,0,0,0.4513014,0.0000,0.0000,0.0000,0.0000,0.0000,0.0000,0,0,,,,,,,,0,0,0,0,0,0,0,0,0,0,0,0,0,0,0,0,0,0,0,0,0,0,0,0,0,0,0,0,0,0,0,0,0,0,0,0,0,0,0,0,0,0,0,0,0,0,0,0,0,0,0,
hello,6_30,11_17_33,0.4548,0,0,0,0.4548109,0.0000,0.0000,0.0000,0.0000,0.0000,0.0000,0,0,,,,,,,,0,0,0,0,0,0,0,0,0,0,0,0,0,0,0,0,0,0,0,0,0,0,0,0,0,0,0,0,0,0,0,0,0,0,0,0,0,0,0,0,0,0,0,0,0,0,0,0,0,0,0,
hello,6_30,11_17_33,0.4581,0,0,0,0.4580777,0.0000,0.0000,0.0000,0.0000,0.0000,0.0000,0,0,,,,,,,,0,0,0,0,0,0,0,0,0,0,0,0,0,0,0,0,0,0,0,0,0,0,0,0,0,0,0,0,0,0,0,0,0,0,0,0,0,0,0,0,0,0,0,0,0,0,0,0,0,0,0,
hello,6_30,11_17_33,0.4617,0,0,0,0.4616518,0.0000,0.0000,0.0000,0.0000,0.0000,0.0000,0,0,,,,,,,,0,0,0,0,0,0,0,0,0,0,0,0,0,0,0,0,0,0,0,0,0,0,0,0,0,0,0,0,0,0,0,0,0,0,0,0,0,0,0,0,0,0,0,0,0,0,0,0,0,0,0,
hello,6_30,11_17_33,0.4652,0,0,0,0.465156,0.0000,0.0000,0.0000,0.0000,0.0000,0.0000,0,0,,,,,,,,0,0,0,0,0,0,0,0,0,0,0,0,0,0,0,0,0,0,0,0,0,0,0,0,0,0,0,0,0,0,0,0,0,0,0,0,0,0,0,0,0,0,0,0,0,0,0,0,0,0,0,
hello,6_30,11_17_33,0.4686,0,0,0,0.4685685,0.0000,0.0000,0.0000,0.0000,0.0000,0.0000,0,0,,,,,,,,0,0,0,0,0,0,0,0,0,0,0,0,0,0,0,0,0,0,0,0,0,0,0,0,0,0,0,0,0,0,0,0,0,0,0,0,0,0,0,0,0,0,0,0,0,0,0,0,0,0,0,
hello,6_30,11_17_33,0.4720,0,0,0,0.4719887,0.0000,0.0000,0.0000,0.0000,0.0000,0.0000,0,0,,,,,,,,0,0,0,0,0,0,0,0,0,0,0,0,0,0,0,0,0,0,0,0,0,0,0,0,0,0,0,0,0,0,0,0,0,0,0,0,0,0,0,0,0,0,0,0,0,0,0,0,0,0,0,
hello,6_30,11_17_33,0.4754,0,0,0,0.4753707,0.0000,0.0000,0.0000,0.0000,0.0000,0.0000,0,0,,,,,,,,0,0,0,0,0,0,0,0,0,0,0,0,0,0,0,0,0,0,0,0,0,0,0,0,0,0,0,0,0,0,0,0,0,0,0,0,0,0,0,0,0,0,0,0,0,0,0,0,0,0,0,
hello,6_30,11_17_33,0.4786,0,0,0,0.4785752,0.0000,0.0000,0.0000,0.0000,0.0000,0.0000,0,0,,,,,,,,0,0,0,0,0,0,0,0,0,0,0,0,0,0,0,0,0,0,0,0,0,0,0,0,0,0,0,0,0,0,0,0,0,0,0,0,0,0,0,0,0,0,0,0,0,0,0,0,0,0,0,
hello,6_30,11_17_33,0.4819,0,0,0,0.4818888,0.0000,0.0000,0.0000,0.0000,0.0000,0.0000,0,0,,,,,,,,0,0,0,0,0,0,0,0,0,0,0,0,0,0,0,0,0,0,0,0,0,0,0,0,0,0,0,0,0,0,0,0,0,0,0,0,0,0,0,0,0,0,0,0,0,0,0,0,0,0,0,
hello,6_30,11_17_33,0.4853,0,0,0,0.4853485,0.0000,0.0000,0.0000,0.0000,0.0000,0.0000,0,0,,,,,,,,0,0,0,0,0,0,0,0,0,0,0,0,0,0,0,0,0,0,0,0,0,0,0,0,0,0,0,0,0,0,0,0,0,0,0,0,0,0,0,0,0,0,0,0,0,0,0,0,0,0,0,
hello,6_30,11_17_33,0.4885,0,0,0,0.4885273,0.0000,0.0000,0.0000,0.0000,0.0000,0.0000,0,0,,,,,,,,0,0,0,0,0,0,0,0,0,0,0,0,0,0,0,0,0,0,0,0,0,0,0,0,0,0,0,0,0,0,0,0,0,0,0,0,0,0,0,0,0,0,0,0,0,0,0,0,0,0,0,
hello,6_30,11_17_33,0.4919,0,0,0,0.4919069,0.0000,0.0000,0.0000,0.0000,0.0000,0.0000,0,0,,,,,,,,0,0,0,0,0,0,0,0,0,0,0,0,0,0,0,0,0,0,0,0,0,0,0,0,0,0,0,0,0,0,0,0,0,0,0,0,0,0,0,0,0,0,0,0,0,0,0,0,0,0,0,
hello,6_30,11_17_33,0.4955,0,0,0,0.4955275,0.0000,0.0000,0.0000,0.0000,0.0000,0.0000,0,0,,,,,,,,0,0,0,0,0,0,0,0,0,0,0,0,0,0,0,0,0,0,0,0,0,0,0,0,0,0,0,0,0,0,0,0,0,0,0,0,0,0,0,0,0,0,0,0,0,0,0,0,0,0,0,
hello,6_30,11_17_33,0.4988,0,0,0,0.4988025,0.0000,0.0000,0.0000,0.0000,0.0000,0.0000,0,0,,,,,,,,0,0,0,0,0,0,0,0,0,0,0,0,0,0,0,0,0,0,0,0,0,0,0,0,0,0,0,0,0,0,0,0,0,0,0,0,0,0,0,0,0,0,0,0,0,0,0,0,0,0,0,
hello,6_30,11_17_33,0.5023,0,0,0,0.5023043,0.0000,0.0000,0.0000,0.0000,0.0000,0.0000,0,0,,,,,,,,0,0,0,0,0,0,0,0,0,0,0,0,0,0,0,0,0,0,0,0,0,0,0,0,0,0,0,0,0,0,0,0,0,0,0,0,0,0,0,0,0,0,0,0,0,0,0,0,0,0,0,
hello,6_30,11_17_33,0.5057,0,0,0,0.5056761,0.0000,0.0000,0.0000,0.0000,0.0000,0.0000,0,0,,,,,,,,0,0,0,0,0,0,0,0,0,0,0,0,0,0,0,0,0,0,0,0,0,0,0,0,0,0,0,0,0,0,0,0,0,0,0,0,0,0,0,0,0,0,0,0,0,0,0,0,0,0,0,
hello,6_30,11_17_33,0.5088,0,0,0,0.5087932,0.0000,0.0000,0.0000,0.0000,0.0000,0.0000,0,0,,,,,,,,0,0,0,0,0,0,0,0,0,0,0,0,0,0,0,0,0,0,0,0,0,0,0,0,0,0,0,0,0,0,0,0,0,0,0,0,0,0,0,0,0,0,0,0,0,0,0,0,0,0,0,
hello,6_30,11_17_33,0.5119,0,0,0,0.5118729,0.0000,0.0000,0.0000,0.0000,0.0000,0.0000,0,0,,,,,,,,0,0,0,0,0,0,0,0,0,0,0,0,0,0,0,0,0,0,0,0,0,0,0,0,0,0,0,0,0,0,0,0,0,0,0,0,0,0,0,0,0,0,0,0,0,0,0,0,0,0,0,
hello,6_30,11_17_33,0.5150,0,0,0,0.5150285,0.0000,0.0000,0.0000,0.0000,0.0000,0.0000,0,0,,,,,,,,0,0,0,0,0,0,0,0,0,0,0,0,0,0,0,0,0,0,0,0,0,0,0,0,0,0,0,0,0,0,0,0,0,0,0,0,0,0,0,0,0,0,0,0,0,0,0,0,0,0,0,
hello,6_30,11_17_33,0.5183,0,0,0,0.518329,0.0000,0.0000,0.0000,0.0000,0.0000,0.0000,0,0,,,,,,,,0,0,0,0,0,0,0,0,0,0,0,0,0,0,0,0,0,0,0,0,0,0,0,0,0,0,0,0,0,0,0,0,0,0,0,0,0,0,0,0,0,0,0,0,0,0,0,0,0,0,0,
hello,6_30,11_17_33,0.5214,0,0,0,0.5214382,0.0000,0.0000,0.0000,0.0000,0.0000,0.0000,0,0,,,,,,,,0,0,0,0,0,0,0,0,0,0,0,0,0,0,0,0,0,0,0,0,0,0,0,0,0,0,0,0,0,0,0,0,0,0,0,0,0,0,0,0,0,0,0,0,0,0,0,0,0,0,0,
hello,6_30,11_17_33,0.5252,0,0,0,0.5251666,0.0000,0.0000,0.0000,0.0000,0.0000,0.0000,0,0,,,,,,,,0,0,0,0,0,0,0,0,0,0,0,0,0,0,0,0,0,0,0,0,0,0,0,0,0,0,0,0,0,0,0,0,0,0,0,0,0,0,0,0,0,0,0,0,0,0,0,0,0,0,0,
hello,6_30,11_17_33,0.5284,0,0,0,0.528373,0.0000,0.0000,0.0000,0.0000,0.0000,0.0000,0,0,,,,,,,,0,0,0,0,0,0,0,0,0,0,0,0,0,0,0,0,0,0,0,0,0,0,0,0,0,0,0,0,0,0,0,0,0,0,0,0,0,0,0,0,0,0,0,0,0,0,0,0,0,0,0,
hello,6_30,11_17_33,0.5318,0,0,0,0.5318444,0.0000,0.0000,0.0000,0.0000,0.0000,0.0000,0,0,,,,,,,,0,0,0,0,0,0,0,0,0,0,0,0,0,0,0,0,0,0,0,0,0,0,0,0,0,0,0,0,0,0,0,0,0,0,0,0,0,0,0,0,0,0,0,0,0,0,0,0,0,0,0,
hello,6_30,11_17_33,0.5350,0,0,0,0.5350208,0.0000,0.0000,0.0000,0.0000,0.0000,0.0000,0,0,,,,,,,,0,0,0,0,0,0,0,0,0,0,0,0,0,0,0,0,0,0,0,0,0,0,0,0,0,0,0,0,0,0,0,0,0,0,0,0,0,0,0,0,0,0,0,0,0,0,0,0,0,0,0,
hello,6_30,11_17_33,0.5384,0,0,0,0.5384186,0.0000,0.0000,0.0000,0.0000,0.0000,0.0000,0,0,,,,,,,,0,0,0,0,0,0,0,0,0,0,0,0,0,0,0,0,0,0,0,0,0,0,0,0,0,0,0,0,0,0,0,0,0,0,0,0,0,0,0,0,0,0,0,0,0,0,0,0,0,0,0,
hello,6_30,11_17_33,0.5417,0,0,0,0.5417193,0.0000,0.0000,0.0000,0.0000,0.0000,0.0000,0,0,,,,,,,,0,0,0,0,0,0,0,0,0,0,0,0,0,0,0,0,0,0,0,0,0,0,0,0,0,0,0,0,0,0,0,0,0,0,0,0,0,0,0,0,0,0,0,0,0,0,0,0,0,0,0,
hello,6_30,11_17_33,0.5457,0,0,0,0.5456614,0.0000,0.0000,0.0000,0.0000,0.0000,0.0000,0,0,,,,,,,,0,0,0,0,0,0,0,0,0,0,0,0,0,0,0,0,0,0,0,0,0,0,0,0,0,0,0,0,0,0,0,0,0,0,0,0,0,0,0,0,0,0,0,0,0,0,0,0,0,0,0,
hello,6_30,11_17_33,0.5488,0,0,0,0.548845,0.0000,0.0000,0.0000,0.0000,0.0000,0.0000,0,0,,,,,,,,0,0,0,0,0,0,0,0,0,0,0,0,0,0,0,0,0,0,0,0,0,0,0,0,0,0,0,0,0,0,0,0,0,0,0,0,0,0,0,0,0,0,0,0,0,0,0,0,0,0,0,
hello,6_30,11_17_33,0.5521,0,0,0,0.5520983,0.0000,0.0000,0.0000,0.0000,0.0000,0.0000,0,0,,,,,,,,0,0,0,0,0,0,0,0,0,0,0,0,0,0,0,0,0,0,0,0,0,0,0,0,0,0,0,0,0,0,0,0,0,0,0,0,0,0,0,0,0,0,0,0,0,0,0,0,0,0,0,
hello,6_30,11_17_33,0.5554,0,0,0,0.5553612,0.0000,0.0000,0.0000,0.0000,0.0000,0.0000,0,0,,,,,,,,0,0,0,0,0,0,0,0,0,0,0,0,0,0,0,0,0,0,0,0,0,0,0,0,0,0,0,0,0,0,0,0,0,0,0,0,0,0,0,0,0,0,0,0,0,0,0,0,0,0,0,
hello,6_30,11_17_33,0.5586,0,0,0,0.5585757,0.0000,0.0000,0.0000,0.0000,0.0000,0.0000,0,0,,,,,,,,0,0,0,0,0,0,0,0,0,0,0,0,0,0,0,0,0,0,0,0,0,0,0,0,0,0,0,0,0,0,0,0,0,0,0,0,0,0,0,0,0,0,0,0,0,0,0,0,0,0,0,
hello,6_30,11_17_33,0.5618,0,0,0,0.5617996,0.0000,0.0000,0.0000,0.0000,0.0000,0.0000,0,0,,,,,,,,0,0,0,0,0,0,0,0,0,0,0,0,0,0,0,0,0,0,0,0,0,0,0,0,0,0,0,0,0,0,0,0,0,0,0,0,0,0,0,0,0,0,0,0,0,0,0,0,0,0,0,
hello,6_30,11_17_33,0.5652,0,0,0,0.5652039,0.0000,0.0000,0.0000,0.0000,0.0000,0.0000,0,0,,,,,,,,0,0,0,0,0,0,0,0,0,0,0,0,0,0,0,0,0,0,0,0,0,0,0,0,0,0,0,0,0,0,0,0,0,0,0,0,0,0,0,0,0,0,0,0,0,0,0,0,0,0,0,
hello,6_30,11_17_33,0.5684,0,0,0,0.5683605,0.0000,0.0000,0.0000,0.0000,0.0000,0.0000,0,0,,,,,,,,0,0,0,0,0,0,0,0,0,0,0,0,0,0,0,0,0,0,0,0,0,0,0,0,0,0,0,0,0,0,0,0,0,0,0,0,0,0,0,0,0,0,0,0,0,0,0,0,0,0,0,
hello,6_30,11_17_33,0.5717,0,0,0,0.5717093,0.0000,0.0000,0.0000,0.0000,0.0000,0.0000,0,0,,,,,,,,0,0,0,0,0,0,0,0,0,0,0,0,0,0,0,0,0,0,0,0,0,0,0,0,0,0,0,0,0,0,0,0,0,0,0,0,0,0,0,0,0,0,0,0,0,0,0,0,0,0,0,
hello,6_30,11_17_33,0.5751,0,0,0,0.5750581,0.0000,0.0000,0.0000,0.0000,0.0000,0.0000,0,0,,,,,,,,0,0,0,0,0,0,0,0,0,0,0,0,0,0,0,0,0,0,0,0,0,0,0,0,0,0,0,0,0,0,0,0,0,0,0,0,0,0,0,0,0,0,0,0,0,0,0,0,0,0,0,
hello,6_30,11_17_33,0.5786,0,0,0,0.5785782,0.0000,0.0000,0.0000,0.0000,0.0000,0.0000,0,0,,,,,,,,0,0,0,0,0,0,0,0,0,0,0,0,0,0,0,0,0,0,0,0,0,0,0,0,0,0,0,0,0,0,0,0,0,0,0,0,0,0,0,0,0,0,0,0,0,0,0,0,0,0,0,
hello,6_30,11_17_33,0.5818,0,0,0,0.5818457,0.0000,0.0000,0.0000,0.0000,0.0000,0.0000,0,0,,,,,,,,0,0,0,0,0,0,0,0,0,0,0,0,0,0,0,0,0,0,0,0,0,0,0,0,0,0,0,0,0,0,0,0,0,0,0,0,0,0,0,0,0,0,0,0,0,0,0,0,0,0,0,
hello,6_30,11_17_33,0.5854,0,0,0,0.5853924,0.0000,0.0000,0.0000,0.0000,0.0000,0.0000,0,0,,,,,,,,0,0,0,0,0,0,0,0,0,0,0,0,0,0,0,0,0,0,0,0,0,0,0,0,0,0,0,0,0,0,0,0,0,0,0,0,0,0,0,0,0,0,0,0,0,0,0,0,0,0,0,
hello,6_30,11_17_33,0.5888,0,0,0,0.5887689,0.0000,0.0000,0.0000,0.0000,0.0000,0.0000,0,0,,,,,,,,0,0,0,0,0,0,0,0,0,0,0,0,0,0,0,0,0,0,0,0,0,0,0,0,0,0,0,0,0,0,0,0,0,0,0,0,0,0,0,0,0,0,0,0,0,0,0,0,0,0,0,
hello,6_30,11_17_33,0.5920,0,0,0,0.5919917,0.0000,0.0000,0.0000,0.0000,0.0000,0.0000,0,0,,,,,,,,0,0,0,0,0,0,0,0,0,0,0,0,0,0,0,0,0,0,0,0,0,0,0,0,0,0,0,0,0,0,0,0,0,0,0,0,0,0,0,0,0,0,0,0,0,0,0,0,0,0,0,
hello,6_30,11_17_33,0.5980,0,0,0,0.5980013,0.0000,0.0000,0.0000,0.0000,0.0000,0.0000,0,0,,,,,,,,0,0,0,0,0,0,0,0,0,0,0,0,0,0,0,0,0,0,0,0,0,0,0,0,0,0,0,0,0,0,0,0,0,0,0,0,0,0,0,0,0,0,0,0,0,0,0,0,0,0,0,
hello,6_30,11_17_33,0.6013,0,0,0,0.6012695,0.0000,0.0000,0.0000,0.0000,0.0000,0.0000,0,0,,,,,,,,0,0,0,0,0,0,0,0,0,0,0,0,0,0,0,0,0,0,0,0,0,0,0,0,0,0,0,0,0,0,0,0,0,0,0,0,0,0,0,0,0,0,0,0,0,0,0,0,0,0,0,
hello,6_30,11_17_33,0.6048,0,0,0,0.604807,0.0000,0.0000,0.0000,0.0000,0.0000,0.0000,0,0,,,,,,,,0,0,0,0,0,0,0,0,0,0,0,0,0,0,0,0,0,0,0,0,0,0,0,0,0,0,0,0,0,0,0,0,0,0,0,0,0,0,0,0,0,0,0,0,0,0,0,0,0,0,0,
hello,6_30,11_17_33,0.6104,0,0,0,0.610439,0.0000,0.0000,0.0000,0.0000,0.0000,0.0000,0,0,,,,,,,,0,0,0,0,0,0,0,0,0,0,0,0,0,0,0,0,0,0,0,0,0,0,0,0,0,0,0,0,0,0,0,0,0,0,0,0,0,0,0,0,0,0,0,0,0,0,0,0,0,0,0,
hello,6_30,11_17_33,0.6140,0,0,0,0.6140247,0.0000,0.0000,0.0000,0.0000,0.0000,0.0000,0,0,,,,,,,,0,0,0,0,0,0,0,0,0,0,0,0,0,0,0,0,0,0,0,0,0,0,0,0,0,0,0,0,0,0,0,0,0,0,0,0,0,0,0,0,0,0,0,0,0,0,0,0,0,0,0,
hello,6_30,11_17_33,0.6173,0,0,0,0.6172811,0.0000,0.0000,0.0000,0.0000,0.0000,0.0000,0,0,,,,,,,,0,0,0,0,0,0,0,0,0,0,0,0,0,0,0,0,0,0,0,0,0,0,0,0,0,0,0,0,0,0,0,0,0,0,0,0,0,0,0,0,0,0,0,0,0,0,0,0,0,0,0,
hello,6_30,11_17_33,0.6206,0,0,0,0.6206142,0.0000,0.0000,0.0000,0.0000,0.0000,0.0000,0,0,,,,,,,,0,0,0,0,0,0,0,0,0,0,0,0,0,0,0,0,0,0,0,0,0,0,0,0,0,0,0,0,0,0,0,0,0,0,0,0,0,0,0,0,0,0,0,0,0,0,0,0,0,0,0,
hello,6_30,11_17_33,0.6242,0,0,0,0.6242081,0.0000,0.0000,0.0000,0.0000,0.0000,0.0000,0,0,,,,,,,,0,0,0,0,0,0,0,0,0,0,0,0,0,0,0,0,0,0,0,0,0,0,0,0,0,0,0,0,0,0,0,0,0,0,0,0,0,0,0,0,0,0,0,0,0,0,0,0,0,0,0,
hello,6_30,11_17_33,0.6277,0,0,0,0.6277419,0.0000,0.0000,0.0000,0.0000,0.0000,0.0000,0,0,,,,,,,,0,0,0,0,0,0,0,0,0,0,0,0,0,0,0,0,0,0,0,0,0,0,0,0,0,0,0,0,0,0,0,0,0,0,0,0,0,0,0,0,0,0,0,0,0,0,0,0,0,0,0,
hello,6_30,11_17_33,0.6309,0,0,0,0.6308605,0.0000,0.0000,0.0000,0.0000,0.0000,0.0000,0,0,,,,,,,,0,0,0,0,0,0,0,0,0,0,0,0,0,0,0,0,0,0,0,0,0,0,0,0,0,0,0,0,0,0,0,0,0,0,0,0,0,0,0,0,0,0,0,0,0,0,0,0,0,0,0,
hello,6_30,11_17_33,0.6342,0,0,0,0.6341529,0.0000,0.0000,0.0000,0.0000,0.0000,0.0000,0,0,,,,,,,,0,0,0,0,0,0,0,0,0,0,0,0,0,0,0,0,0,0,0,0,0,0,0,0,0,0,0,0,0,0,0,0,0,0,0,0,0,0,0,0,0,0,0,0,0,0,0,0,0,0,0,
hello,6_30,11_17_33,0.6374,0,0,0,0.6373851,0.0000,0.0000,0.0000,0.0000,0.0000,0.0000,0,0,,,,,,,,0,0,0,0,0,0,0,0,0,0,0,0,0,0,0,0,0,0,0,0,0,0,0,0,0,0,0,0,0,0,0,0,0,0,0,0,0,0,0,0,0,0,0,0,0,0,0,0,0,0,0,
hello,6_30,11_17_33,0.6408,0,0,0,0.6407691,0.0000,0.0000,0.0000,0.0000,0.0000,0.0000,0,0,,,,,,,,0,0,0,0,0,0,0,0,0,0,0,0,0,0,0,0,0,0,0,0,0,0,0,0,0,0,0,0,0,0,0,0,0,0,0,0,0,0,0,0,0,0,0,0,0,0,0,0,0,0,0,
hello,6_30,11_17_33,0.6446,0,0,0,0.6446011,0.0000,0.0000,0.0000,0.0000,0.0000,0.0000,0,0,,,,,,,,0,0,0,0,0,0,0,0,0,0,0,0,0,0,0,0,0,0,0,0,0,0,0,0,0,0,0,0,0,0,0,0,0,0,0,0,0,0,0,0,0,0,0,0,0,0,0,0,0,0,0,
hello,6_30,11_17_33,0.6480,0,0,0,0.6479922,0.0000,0.0000,0.0000,0.0000,0.0000,0.0000,0,0,,,,,,,,0,0,0,0,0,0,0,0,0,0,0,0,0,0,0,0,0,0,0,0,0,0,0,0,0,0,0,0,0,0,0,0,0,0,0,0,0,0,0,0,0,0,0,0,0,0,0,0,0,0,0,
hello,6_30,11_17_33,0.6514,0,0,0,0.6513899,0.0000,0.0000,0.0000,0.0000,0.0000,0.0000,0,0,,,,,,,,0,0,0,0,0,0,0,0,0,0,0,0,0,0,0,0,0,0,0,0,0,0,0,0,0,0,0,0,0,0,0,0,0,0,0,0,0,0,0,0,0,0,0,0,0,0,0,0,0,0,0,
hello,6_30,11_17_33,0.6549,0,0,0,0.654909,0.0000,0.0000,0.0000,0.0000,0.0000,0.0000,0,0,,,,,,,,0,0,0,0,0,0,0,0,0,0,0,0,0,0,0,0,0,0,0,0,0,0,0,0,0,0,0,0,0,0,0,0,0,0,0,0,0,0,0,0,0,0,0,0,0,0,0,0,0,0,0,
hello,6_30,11_17_33,0.6582,0,0,0,0.6582131,0.0000,0.0000,0.0000,0.0000,0.0000,0.0000,0,0,,,,,,,,0,0,0,0,0,0,0,0,0,0,0,0,0,0,0,0,0,0,0,0,0,0,0,0,0,0,0,0,0,0,0,0,0,0,0,0,0,0,0,0,0,0,0,0,0,0,0,0,0,0,0,
hello,6_30,11_17_33,0.6618,0,0,0,0.6618158,0.0000,0.0000,0.0000,0.0000,0.0000,0.0000,0,0,,,,,,,,0,0,0,0,0,0,0,0,0,0,0,0,0,0,0,0,0,0,0,0,0,0,0,0,0,0,0,0,0,0,0,0,0,0,0,0,0,0,0,0,0,0,0,0,0,0,0,0,0,0,0,
hello,6_30,11_17_33,0.6655,0,0,0,0.6654761,0.0000,0.0000,0.0000,0.0000,0.0000,0.0000,0,0,,,,,,,,0,0,0,0,0,0,0,0,0,0,0,0,0,0,0,0,0,0,0,0,0,0,0,0,0,0,0,0,0,0,0,0,0,0,0,0,0,0,0,0,0,0,0,0,0,0,0,0,0,0,0,
hello,6_30,11_17_33,0.6692,0,0,0,0.6691567,0.0000,0.0000,0.0000,0.0000,0.0000,0.0000,0,0,,,,,,,,0,0,0,0,0,0,0,0,0,0,0,0,0,0,0,0,0,0,0,0,0,0,0,0,0,0,0,0,0,0,0,0,0,0,0,0,0,0,0,0,0,0,0,0,0,0,0,0,0,0,0,
hello,6_30,11_17_33,0.6724,0,0,0,0.672362,0.0000,0.0000,0.0000,0.0000,0.0000,0.0000,0,0,,,,,,,,0,0,0,0,0,0,0,0,0,0,0,0,0,0,0,0,0,0,0,0,0,0,0,0,0,0,0,0,0,0,0,0,0,0,0,0,0,0,0,0,0,0,0,0,0,0,0,0,0,0,0,
hello,6_30,11_17_33,0.6762,0,0,0,0.6762258,0.0000,0.0000,0.0000,0.0000,0.0000,0.0000,0,0,,,,,,,,0,0,0,0,0,0,0,0,0,0,0,0,0,0,0,0,0,0,0,0,0,0,0,0,0,0,0,0,0,0,0,0,0,0,0,0,0,0,0,0,0,0,0,0,0,0,0,0,0,0,0,
hello,6_30,11_17_33,0.6796,0,0,0,0.6796101,0.0000,0.0000,0.0000,0.0000,0.0000,0.0000,0,0,,,,,,,,0,0,0,0,0,0,0,0,0,0,0,0,0,0,0,0,0,0,0,0,0,0,0,0,0,0,0,0,0,0,0,0,0,0,0,0,0,0,0,0,0,0,0,0,0,0,0,0,0,0,0,
hello,6_30,11_17_33,0.6831,0,0,0,0.683133,0.0000,0.0000,0.0000,0.0000,0.0000,0.0000,0,0,,,,,,,,0,0,0,0,0,0,0,0,0,0,0,0,0,0,0,0,0,0,0,0,0,0,0,0,0,0,0,0,0,0,0,0,0,0,0,0,0,0,0,0,0,0,0,0,0,0,0,0,0,0,0,
hello,6_30,11_17_33,0.6871,0,0,0,0.6870752,0.0000,0.0000,0.0000,0.0000,0.0000,0.0000,0,0,,,,,,,,0,0,0,0,0,0,0,0,0,0,0,0,0,0,0,0,0,0,0,0,0,0,0,0,0,0,0,0,0,0,0,0,0,0,0,0,0,0,0,0,0,0,0,0,0,0,0,0,0,0,0,
hello,6_30,11_17_33,0.6902,0,0,0,0.690219,0.0000,0.0000,0.0000,0.0000,0.0000,0.0000,0,0,,,,,,,,0,0,0,0,0,0,0,0,0,0,0,0,0,0,0,0,0,0,0,0,0,0,0,0,0,0,0,0,0,0,0,0,0,0,0,0,0,0,0,0,0,0,0,0,0,0,0,0,0,0,0,
hello,6_30,11_17_33,0.6937,0,0,0,0.6937444,0.0000,0.0000,0.0000,0.0000,0.0000,0.0000,0,0,,,,,,,,0,0,0,0,0,0,0,0,0,0,0,0,0,0,0,0,0,0,0,0,0,0,0,0,0,0,0,0,0,0,0,0,0,0,0,0,0,0,0,0,0,0,0,0,0,0,0,0,0,0,0,
hello,6_30,11_17_33,0.6976,0,0,0,0.6976378,0.0000,0.0000,0.0000,0.0000,0.0000,0.0000,0,0,,,,,,,,0,0,0,0,0,0,0,0,0,0,0,0,0,0,0,0,0,0,0,0,0,0,0,0,0,0,0,0,0,0,0,0,0,0,0,0,0,0,0,0,0,0,0,0,0,0,0,0,0,0,0,
hello,6_30,11_17_33,0.7012,0,0,0,0.7012325,0.0000,0.0000,0.0000,0.0000,0.0000,0.0000,0,0,,,,,,,,0,0,0,0,0,0,0,0,0,0,0,0,0,0,0,0,0,0,0,0,0,0,0,0,0,0,0,0,0,0,0,0,0,0,0,0,0,0,0,0,0,0,0,0,0,0,0,0,0,0,0,
hello,6_30,11_17_33,0.7047,0,0,0,0.7047289,0.0000,0.0000,0.0000,0.0000,0.0000,0.0000,0,0,,,,,,,,0,0,0,0,0,0,0,0,0,0,0,0,0,0,0,0,0,0,0,0,0,0,0,0,0,0,0,0,0,0,0,0,0,0,0,0,0,0,0,0,0,0,0,0,0,0,0,0,0,0,0,
hello,6_30,11_17_33,0.7086,0,0,0,0.7086352,0.0000,0.0000,0.0000,0.0000,0.0000,0.0000,0,0,,,,,,,,0,0,0,0,0,0,0,0,0,0,0,0,0,0,0,0,0,0,0,0,0,0,0,0,0,0,0,0,0,0,0,0,0,0,0,0,0,0,0,0,0,0,0,0,0,0,0,0,0,0,0,
hello,6_30,11_17_33,0.7122,0,0,0,0.7121602,0.0000,0.0000,0.0000,0.0000,0.0000,0.0000,0,0,,,,,,,,0,0,0,0,0,0,0,0,0,0,0,0,0,0,0,0,0,0,0,0,0,0,0,0,0,0,0,0,0,0,0,0,0,0,0,0,0,0,0,0,0,0,0,0,0,0,0,0,0,0,0,
hello,6_30,11_17_33,0.7155,0,0,0,0.7154809,0.0000,0.0000,0.0000,0.0000,0.0000,0.0000,0,0,,,,,,,,0,0,0,0,0,0,0,0,0,0,0,0,0,0,0,0,0,0,0,0,0,0,0,0,0,0,0,0,0,0,0,0,0,0,0,0,0,0,0,0,0,0,0,0,0,0,0,0,0,0,0,
hello,6_30,11_17_33,0.7190,0,0,0,0.7190437,0.0000,0.0000,0.0000,0.0000,0.0000,0.0000,0,0,,,,,,,,0,0,0,0,0,0,0,0,0,0,0,0,0,0,0,0,0,0,0,0,0,0,0,0,0,0,0,0,0,0,0,0,0,0,0,0,0,0,0,0,0,0,0,0,0,0,0,0,0,0,0,
hello,6_30,11_17_33,0.7228,0,0,0,0.7228192,0.0000,0.0000,0.0000,0.0000,0.0000,0.0000,0,0,,,,,,,,0,0,0,0,0,0,0,0,0,0,0,0,0,0,0,0,0,0,0,0,0,0,0,0,0,0,0,0,0,0,0,0,0,0,0,0,0,0,0,0,0,0,0,0,0,0,0,0,0,0,0,
hello,6_30,11_17_33,0.7265,0,0,0,0.7265059,0.0000,0.0000,0.0000,0.0000,0.0000,0.0000,0,0,,,,,,,,0,0,0,0,0,0,0,0,0,0,0,0,0,0,0,0,0,0,0,0,0,0,0,0,0,0,0,0,0,0,0,0,0,0,0,0,0,0,0,0,0,0,0,0,0,0,0,0,0,0,0,
hello,6_30,11_17_33,0.7300,0,0,0,0.7300066,0.0000,0.0000,0.0000,0.0000,0.0000,0.0000,0,0,,,,,,,,0,0,0,0,0,0,0,0,0,0,0,0,0,0,0,0,0,0,0,0,0,0,0,0,0,0,0,0,0,0,0,0,0,0,0,0,0,0,0,0,0,0,0,0,0,0,0,0,0,0,0,
hello,6_30,11_17_33,0.7335,0,0,0,0.7334839,0.0000,0.0000,0.0000,0.0000,0.0000,0.0000,0,0,,,,,,,,0,0,0,0,0,0,0,0,0,0,0,0,0,0,0,0,0,0,0,0,0,0,0,0,0,0,0,0,0,0,0,0,0,0,0,0,0,0,0,0,0,0,0,0,0,0,0,0,0,0,0,
hello,6_30,11_17_33,0.7376,0,0,0,0.7376093,0.0000,0.0000,0.0000,0.0000,0.0000,0.0000,0,0,,,,,,,,0,0,0,0,0,0,0,0,0,0,0,0,0,0,0,0,0,0,0,0,0,0,0,0,0,0,0,0,0,0,0,0,0,0,0,0,0,0,0,0,0,0,0,0,0,0,0,0,0,0,0,
hello,6_30,11_17_33,0.7412,0,0,0,0.7412376,0.0000,0.0000,0.0000,0.0000,0.0000,0.0000,0,0,,,,,,,,0,0,0,0,0,0,0,0,0,0,0,0,0,0,0,0,0,0,0,0,0,0,0,0,0,0,0,0,0,0,0,0,0,0,0,0,0,0,0,0,0,0,0,0,0,0,0,0,0,0,0,
hello,6_30,11_17_33,0.7451,0,0,0,0.7450674,0.0000,0.0000,0.0000,0.0000,0.0000,0.0000,0,0,,,,,,,,0,0,0,0,0,0,0,0,0,0,0,0,0,0,0,0,0,0,0,0,0,0,0,0,0,0,0,0,0,0,0,0,0,0,0,0,0,0,0,0,0,0,0,0,0,0,0,0,0,0,0,
hello,6_30,11_17_33,0.7489,0,0,0,0.7488731,0.0000,0.0000,0.0000,0.0000,0.0000,0.0000,0,0,,,,,,,,0,0,0,0,0,0,0,0,0,0,0,0,0,0,0,0,0,0,0,0,0,0,0,0,0,0,0,0,0,0,0,0,0,0,0,0,0,0,0,0,0,0,0,0,0,0,0,0,0,0,0,
hello,6_30,11_17_33,0.7525,0,0,0,0.7524951,0.0000,0.0000,0.0000,0.0000,0.0000,0.0000,0,0,,,,,,,,0,0,0,0,0,0,0,0,0,0,0,0,0,0,0,0,0,0,0,0,0,0,0,0,0,0,0,0,0,0,0,0,0,0,0,0,0,0,0,0,0,0,0,0,0,0,0,0,0,0,0,
hello,6_30,11_17_33,0.7562,0,0,0,0.756168,0.0000,0.0000,0.0000,0.0000,0.0000,0.0000,0,0,,,,,,,,0,0,0,0,0,0,0,0,0,0,0,0,0,0,0,0,0,0,0,0,0,0,0,0,0,0,0,0,0,0,0,0,0,0,0,0,0,0,0,0,0,0,0,0,0,0,0,0,0,0,0,
hello,6_30,11_17_34,0.7596,0,0,0,0.7595762,0.0000,0.0000,0.0000,0.0000,0.0000,0.0000,0,0,,,,,,,,0,0,0,0,0,0,0,0,0,0,0,0,0,0,0,0,0,0,0,0,0,0,0,0,0,0,0,0,0,0,0,0,0,0,0,0,0,0,0,0,0,0,0,0,0,0,0,0,0,0,0,
hello,6_30,11_17_34,0.7628,0,0,0,0.762755,0.0000,0.0000,0.0000,0.0000,0.0000,0.0000,0,0,,,,,,,,0,0,0,0,0,0,0,0,0,0,0,0,0,0,0,0,0,0,0,0,0,0,0,0,0,0,0,0,0,0,0,0,0,0,0,0,0,0,0,0,0,0,0,0,0,0,0,0,0,0,0,
hello,6_30,11_17_34,0.7662,0,0,0,0.7662477,0.0000,0.0000,0.0000,0.0000,0.0000,0.0000,0,0,,,,,,,,0,0,0,0,0,0,0,0,0,0,0,0,0,0,0,0,0,0,0,0,0,0,0,0,0,0,0,0,0,0,0,0,0,0,0,0,0,0,0,0,0,0,0,0,0,0,0,0,0,0,0,
hello,6_30,11_17_34,0.7705,0,0,0,0.7704593,0.0000,0.0000,0.0000,0.0000,0.0000,0.0000,0,0,,,,,,,,0,0,0,0,0,0,0,0,0,0,0,0,0,0,0,0,0,0,0,0,0,0,0,0,0,0,0,0,0,0,0,0,0,0,0,0,0,0,0,0,0,0,0,0,0,0,0,0,0,0,0,
hello,6_30,11_17_34,0.7738,0,0,0,0.7737796,0.0000,0.0000,0.0000,0.0000,0.0000,0.0000,0,0,,,,,,,,0,0,0,0,0,0,0,0,0,0,0,0,0,0,0,0,0,0,0,0,0,0,0,0,0,0,0,0,0,0,0,0,0,0,0,0,0,0,0,0,0,0,0,0,0,0,0,0,0,0,0,
hello,6_30,11_17_34,0.7771,0,0,0,0.7771454,0.0000,0.0000,0.0000,0.0000,0.0000,0.0000,0,0,,,,,,,,0,0,0,0,0,0,0,0,0,0,0,0,0,0,0,0,0,0,0,0,0,0,0,0,0,0,0,0,0,0,0,0,0,0,0,0,0,0,0,0,0,0,0,0,0,0,0,0,0,0,0,
hello,6_30,11_17_34,0.7807,0,0,0,0.7807226,0.0000,0.0000,0.0000,0.0000,0.0000,0.0000,0,0,,,,,,,,0,0,0,0,0,0,0,0,0,0,0,0,0,0,0,0,0,0,0,0,0,0,0,0,0,0,0,0,0,0,0,0,0,0,0,0,0,0,0,0,0,0,0,0,0,0,0,0,0,0,0,
hello,6_30,11_17_34,0.7843,0,0,0,0.7842821,0.0000,0.0000,0.0000,0.0000,0.0000,0.0000,0,0,,,,,,,,0,0,0,0,0,0,0,0,0,0,0,0,0,0,0,0,0,0,0,0,0,0,0,0,0,0,0,0,0,0,0,0,0,0,0,0,0,0,0,0,0,0,0,0,0,0,0,0,0,0,0,
hello,6_30,11_17_34,0.7874,0,0,0,0.7873687,0.0000,0.0000,0.0000,0.0000,0.0000,0.0000,0,0,,,,,,,,0,0,0,0,0,0,0,0,0,0,0,0,0,0,0,0,0,0,0,0,0,0,0,0,0,0,0,0,0,0,0,0,0,0,0,0,0,0,0,0,0,0,0,0,0,0,0,0,0,0,0,
hello,6_30,11_17_34,0.7910,0,0,0,0.7909887,0.0000,0.0000,0.0000,0.0000,0.0000,0.0000,0,0,,,,,,,,0,0,0,0,0,0,0,0,0,0,0,0,0,0,0,0,0,0,0,0,0,0,0,0,0,0,0,0,0,0,0,0,0,0,0,0,0,0,0,0,0,0,0,0,0,0,0,0,0,0,0,
hello,6_30,11_17_34,0.7943,0,0,0,0.794268,0.0000,0.0000,0.0000,0.0000,0.0000,0.0000,0,0,,,,,,,,0,0,0,0,0,0,0,0,0,0,0,0,0,0,0,0,0,0,0,0,0,0,0,0,0,0,0,0,0,0,0,0,0,0,0,0,0,0,0,0,0,0,0,0,0,0,0,0,0,0,0,
hello,6_30,11_17_34,0.7981,0,0,0,0.7980661,0.0000,0.0000,0.0000,0.0000,0.0000,0.0000,0,0,,,,,,,,0,0,0,0,0,0,0,0,0,0,0,0,0,0,0,0,0,0,0,0,0,0,0,0,0,0,0,0,0,0,0,0,0,0,0,0,0,0,0,0,0,0,0,0,0,0,0,0,0,0,0,
hello,6_30,11_17_34,0.8013,0,0,0,0.8012984,0.0000,0.0000,0.0000,0.0000,0.0000,0.0000,0,0,,,,,,,,0,0,0,0,0,0,0,0,0,0,0,0,0,0,0,0,0,0,0,0,0,0,0,0,0,0,0,0,0,0,0,0,0,0,0,0,0,0,0,0,0,0,0,0,0,0,0,0,0,0,0,
hello,6_30,11_17_34,0.8048,0,0,0,0.8047999,0.0000,0.0000,0.0000,0.0000,0.0000,0.0000,0,0,,,,,,,,0,0,0,0,0,0,0,0,0,0,0,0,0,0,0,0,0,0,0,0,0,0,0,0,0,0,0,0,0,0,0,0,0,0,0,0,0,0,0,0,0,0,0,0,0,0,0,0,0,0,0,
hello,6_30,11_17_34,0.8115,0,0,0,0.811466,0.0000,0.0000,0.0000,0.0000,0.0000,0.0000,0,0,,,,,,,,0,0,0,0,0,0,0,0,0,0,0,0,0,0,0,0,0,0,0,0,0,0,0,0,0,0,0,0,0,0,0,0,0,0,0,0,0,0,0,0,0,0,0,0,0,0,0,0,0,0,0,
hello,6_30,11_17_34,0.8147,0,0,0,0.8147023,0.0000,0.0000,0.0000,0.0000,0.0000,0.0000,0,0,,,,,,,,0,0,0,0,0,0,0,0,0,0,0,0,0,0,0,0,0,0,0,0,0,0,0,0,0,0,0,0,0,0,0,0,0,0,0,0,0,0,0,0,0,0,0,0,0,0,0,0,0,0,0,
hello,6_30,11_17_34,0.8179,0,0,0,0.8179309,0.0000,0.0000,0.0000,0.0000,0.0000,0.0000,0,0,,,,,,,,0,0,0,0,0,0,0,0,0,0,0,0,0,0,0,0,0,0,0,0,0,0,0,0,0,0,0,0,0,0,0,0,0,0,0,0,0,0,0,0,0,0,0,0,0,0,0,0,0,0,0,
hello,6_30,11_17_34,0.8212,0,0,0,0.8211642,0.0000,0.0000,0.0000,0.0000,0.0000,0.0000,0,0,,,,,,,,0,0,0,0,0,0,0,0,0,0,0,0,0,0,0,0,0,0,0,0,0,0,0,0,0,0,0,0,0,0,0,0,0,0,0,0,0,0,0,0,0,0,0,0,0,0,0,0,0,0,0,
hello,6_30,11_17_34,0.8247,0,0,0,0.8247003,0.0000,0.0000,0.0000,0.0000,0.0000,0.0000,0,0,,,,,,,,0,0,0,0,0,0,0,0,0,0,0,0,0,0,0,0,0,0,0,0,0,0,0,0,0,0,0,0,0,0,0,0,0,0,0,0,0,0,0,0,0,0,0,0,0,0,0,0,0,0,0,
hello,6_30,11_17_34,0.8281,0,0,0,0.8281212,0.0000,0.0000,0.0000,0.0000,0.0000,0.0000,0,0,,,,,,,,0,0,0,0,0,0,0,0,0,0,0,0,0,0,0,0,0,0,0,0,0,0,0,0,0,0,0,0,0,0,0,0,0,0,0,0,0,0,0,0,0,0,0,0,0,0,0,0,0,0,0,
hello,6_30,11_17_34,0.8317,0,0,0,0.8317102,0.0000,0.0000,0.0000,0.0000,0.0000,0.0000,0,0,,,,,,,,0,0,0,0,0,0,0,0,0,0,0,0,0,0,0,0,0,0,0,0,0,0,0,0,0,0,0,0,0,0,0,0,0,0,0,0,0,0,0,0,0,0,0,0,0,0,0,0,0,0,0,
hello,6_30,11_17_34,0.8350,0,0,0,0.8349647,0.0000,0.0000,0.0000,0.0000,0.0000,0.0000,0,0,,,,,,,,0,0,0,0,0,0,0,0,0,0,0,0,0,0,0,0,0,0,0,0,0,0,0,0,0,0,0,0,0,0,0,0,0,0,0,0,0,0,0,0,0,0,0,0,0,0,0,0,0,0,0,
hello,6_30,11_17_34,0.8382,0,0,0,0.8382109,0.0000,0.0000,0.0000,0.0000,0.0000,0.0000,0,0,,,,,,,,0,0,0,0,0,0,0,0,0,0,0,0,0,0,0,0,0,0,0,0,0,0,0,0,0,0,0,0,0,0,0,0,0,0,0,0,0,0,0,0,0,0,0,0,0,0,0,0,0,0,0,
hello,6_30,11_17_34,0.8419,0,0,0,0.8419094,0.0000,0.0000,0.0000,0.0000,0.0000,0.0000,0,0,,,,,,,,0,0,0,0,0,0,0,0,0,0,0,0,0,0,0,0,0,0,0,0,0,0,0,0,0,0,0,0,0,0,0,0,0,0,0,0,0,0,0,0,0,0,0,0,0,0,0,0,0,0,0,
hello,6_30,11_17_34,0.8456,0,0,0,0.8456362,0.0000,0.0000,0.0000,0.0000,0.0000,0.0000,0,0,,,,,,,,0,0,0,0,0,0,0,0,0,0,0,0,0,0,0,0,0,0,0,0,0,0,0,0,0,0,0,0,0,0,0,0,0,0,0,0,0,0,0,0,0,0,0,0,0,0,0,0,0,0,0,
hello,6_30,11_17_34,0.8489,0,0,0,0.8488796,0.0000,0.0000,0.0000,0.0000,0.0000,0.0000,0,0,,,,,,,,0,0,0,0,0,0,0,0,0,0,0,0,0,0,0,0,0,0,0,0,0,0,0,0,0,0,0,0,0,0,0,0,0,0,0,0,0,0,0,0,0,0,0,0,0,0,0,0,0,0,0,
hello,6_30,11_17_34,0.8522,0,0,0,0.8522248,0.0000,0.0000,0.0000,0.0000,0.0000,0.0000,0,0,,,,,,,,0,0,0,0,0,0,0,0,0,0,0,0,0,0,0,0,0,0,0,0,0,0,0,0,0,0,0,0,0,0,0,0,0,0,0,0,0,0,0,0,0,0,0,0,0,0,0,0,0,0,0,
hello,6_30,11_17_34,0.8555,0,0,0,0.8554695,0.0000,0.0000,0.0000,0.0000,0.0000,0.0000,0,0,,,,,,,,0,0,0,0,0,0,0,0,0,0,0,0,0,0,0,0,0,0,0,0,0,0,0,0,0,0,0,0,0,0,0,0,0,0,0,0,0,0,0,0,0,0,0,0,0,0,0,0,0,0,0,
hello,6_30,11_17_34,0.8590,0,0,0,0.8590177,0.0000,0.0000,0.0000,0.0000,0.0000,0.0000,0,0,,,,,,,,0,0,0,0,0,0,0,0,0,0,0,0,0,0,0,0,0,0,0,0,0,0,0,0,0,0,0,0,0,0,0,0,0,0,0,0,0,0,0,0,0,0,0,0,0,0,0,0,0,0,0,
hello,6_30,11_17_34,0.8621,0,0,0,0.8621404,0.0000,0.0000,0.0000,0.0000,0.0000,0.0000,0,0,,,,,,,,0,0,0,0,0,0,0,0,0,0,0,0,0,0,0,0,0,0,0,0,0,0,0,0,0,0,0,0,0,0,0,0,0,0,0,0,0,0,0,0,0,0,0,0,0,0,0,0,0,0,0,
hello,6_30,11_17_34,0.8660,0,0,0,0.8659755,0.0000,0.0000,0.0000,0.0000,0.0000,0.0000,0,0,,,,,,,,0,0,0,0,0,0,0,0,0,0,0,0,0,0,0,0,0,0,0,0,0,0,0,0,0,0,0,0,0,0,0,0,0,0,0,0,0,0,0,0,0,0,0,0,0,0,0,0,0,0,0,
hello,6_30,11_17_34,0.8695,0,0,0,0.8695038,0.0000,0.0000,0.0000,0.0000,0.0000,0.0000,0,0,,,,,,,,0,0,0,0,0,0,0,0,0,0,0,0,0,0,0,0,0,0,0,0,0,0,0,0,0,0,0,0,0,0,0,0,0,0,0,0,0,0,0,0,0,0,0,0,0,0,0,0,0,0,0,
hello,6_30,11_17_34,0.8730,0,0,0,0.8729982,0.0000,0.0000,0.0000,0.0000,0.0000,0.0000,0,0,,,,,,,,0,0,0,0,0,0,0,0,0,0,0,0,0,0,0,0,0,0,0,0,0,0,0,0,0,0,0,0,0,0,0,0,0,0,0,0,0,0,0,0,0,0,0,0,0,0,0,0,0,0,0,
hello,6_30,11_17_34,0.8762,0,0,0,0.8762449,0.0000,0.0000,0.0000,0.0000,0.0000,0.0000,0,0,,,,,,,,0,0,0,0,0,0,0,0,0,0,0,0,0,0,0,0,0,0,0,0,0,0,0,0,0,0,0,0,0,0,0,0,0,0,0,0,0,0,0,0,0,0,0,0,0,0,0,0,0,0,0,
hello,6_30,11_17_34,0.8794,0,0,0,0.8793766,0.0000,0.0000,0.0000,0.0000,0.0000,0.0000,0,0,,,,,,,,0,0,0,0,0,0,0,0,0,0,0,0,0,0,0,0,0,0,0,0,0,0,0,0,0,0,0,0,0,0,0,0,0,0,0,0,0,0,0,0,0,0,0,0,0,0,0,0,0,0,0,
hello,6_30,11_17_34,0.8825,0,0,0,0.8824879,0.0000,0.0000,0.0000,0.0000,0.0000,0.0000,0,0,,,,,,,,0,0,0,0,0,0,0,0,0,0,0,0,0,0,0,0,0,0,0,0,0,0,0,0,0,0,0,0,0,0,0,0,0,0,0,0,0,0,0,0,0,0,0,0,0,0,0,0,0,0,0,
hello,6_30,11_17_34,0.8863,0,0,0,0.8863274,0.0000,0.0000,0.0000,0.0000,0.0000,0.0000,0,0,,,,,,,,0,0,0,0,0,0,0,0,0,0,0,0,0,0,0,0,0,0,0,0,0,0,0,0,0,0,0,0,0,0,0,0,0,0,0,0,0,0,0,0,0,0,0,0,0,0,0,0,0,0,0,
hello,6_30,11_17_34,0.8896,0,0,0,0.8896344,0.0000,0.0000,0.0000,0.0000,0.0000,0.0000,0,0,,,,,,,,0,0,0,0,0,0,0,0,0,0,0,0,0,0,0,0,0,0,0,0,0,0,0,0,0,0,0,0,0,0,0,0,0,0,0,0,0,0,0,0,0,0,0,0,0,0,0,0,0,0,0,
hello,6_30,11_17_34,0.8929,0,0,0,0.8928566,0.0000,0.0000,0.0000,0.0000,0.0000,0.0000,0,0,,,,,,,,0,0,0,0,0,0,0,0,0,0,0,0,0,0,0,0,0,0,0,0,0,0,0,0,0,0,0,0,0,0,0,0,0,0,0,0,0,0,0,0,0,0,0,0,0,0,0,0,0,0,0,
hello,6_30,11_17_34,0.8963,0,0,0,0.8962501,0.0000,0.0000,0.0000,0.0000,0.0000,0.0000,0,0,,,,,,,,0,0,0,0,0,0,0,0,0,0,0,0,0,0,0,0,0,0,0,0,0,0,0,0,0,0,0,0,0,0,0,0,0,0,0,0,0,0,0,0,0,0,0,0,0,0,0,0,0,0,0,
hello,6_30,11_17_34,0.8995,0,0,0,0.8995093,0.0000,0.0000,0.0000,0.0000,0.0000,0.0000,0,0,,,,,,,,0,0,0,0,0,0,0,0,0,0,0,0,0,0,0,0,0,0,0,0,0,0,0,0,0,0,0,0,0,0,0,0,0,0,0,0,0,0,0,0,0,0,0,0,0,0,0,0,0,0,0,
hello,6_30,11_17_34,0.9030,0,0,0,0.9029904,0.0000,0.0000,0.0000,0.0000,0.0000,0.0000,0,0,,,,,,,,0,0,0,0,0,0,0,0,0,0,0,0,0,0,0,0,0,0,0,0,0,0,0,0,0,0,0,0,0,0,0,0,0,0,0,0,0,0,0,0,0,0,0,0,0,0,0,0,0,0,0,
hello,6_30,11_17_34,0.9069,0,0,0,0.9068656,0.0000,0.0000,0.0000,0.0000,0.0000,0.0000,0,0,,,,,,,,0,0,0,0,0,0,0,0,0,0,0,0,0,0,0,0,0,0,0,0,0,0,0,0,0,0,0,0,0,0,0,0,0,0,0,0,0,0,0,0,0,0,0,0,0,0,0,0,0,0,0,
hello,6_30,11_17_34,0.9101,0,0,0,0.9101315,0.0000,0.0000,0.0000,0.0000,0.0000,0.0000,0,0,,,,,,,,0,0,0,0,0,0,0,0,0,0,0,0,0,0,0,0,0,0,0,0,0,0,0,0,0,0,0,0,0,0,0,0,0,0,0,0,0,0,0,0,0,0,0,0,0,0,0,0,0,0,0,
hello,6_30,11_17_34,0.9135,0,0,0,0.9135187,0.0000,0.0000,0.0000,0.0000,0.0000,0.0000,0,0,,,,,,,,0,0,0,0,0,0,0,0,0,0,0,0,0,0,0,0,0,0,0,0,0,0,0,0,0,0,0,0,0,0,0,0,0,0,0,0,0,0,0,0,0,0,0,0,0,0,0,0,0,0,0,
hello,6_30,11_17_34,0.9171,0,0,0,0.9171205,0.0000,0.0000,0.0000,0.0000,0.0000,0.0000,0,0,,,,,,,,0,0,0,0,0,0,0,0,0,0,0,0,0,0,0,0,0,0,0,0,0,0,0,0,0,0,0,0,0,0,0,0,0,0,0,0,0,0,0,0,0,0,0,0,0,0,0,0,0,0,0,
hello,6_30,11_17_34,0.9207,0,0,0,0.9207346,0.0000,0.0000,0.0000,0.0000,0.0000,0.0000,0,0,,,,,,,,0,0,0,0,0,0,0,0,0,0,0,0,0,0,0,0,0,0,0,0,0,0,0,0,0,0,0,0,0,0,0,0,0,0,0,0,0,0,0,0,0,0,0,0,0,0,0,0,0,0,0,
hello,6_30,11_17_34,0.9246,0,0,0,0.9246089,0.0000,0.0000,0.0000,0.0000,0.0000,0.0000,0,0,,,,,,,,0,0,0,0,0,0,0,0,0,0,0,0,0,0,0,0,0,0,0,0,0,0,0,0,0,0,0,0,0,0,0,0,0,0,0,0,0,0,0,0,0,0,0,0,0,0,0,0,0,0,0,
hello,6_30,11_17_34,0.9282,0,0,0,0.9281895,0.0000,0.0000,0.0000,0.0000,0.0000,0.0000,0,0,,,,,,,,0,0,0,0,0,0,0,0,0,0,0,0,0,0,0,0,0,0,0,0,0,0,0,0,0,0,0,0,0,0,0,0,0,0,0,0,0,0,0,0,0,0,0,0,0,0,0,0,0,0,0,
hello,6_30,11_17_34,0.9319,0,0,0,0.9318534,0.0000,0.0000,0.0000,0.0000,0.0000,0.0000,0,0,,,,,,,,0,0,0,0,0,0,0,0,0,0,0,0,0,0,0,0,0,0,0,0,0,0,0,0,0,0,0,0,0,0,0,0,0,0,0,0,0,0,0,0,0,0,0,0,0,0,0,0,0,0,0,
hello,6_30,11_17_34,0.9352,0,0,0,0.9352395,0.0000,0.0000,0.0000,0.0000,0.0000,0.0000,0,0,,,,,,,,0,0,0,0,0,0,0,0,0,0,0,0,0,0,0,0,0,0,0,0,0,0,0,0,0,0,0,0,0,0,0,0,0,0,0,0,0,0,0,0,0,0,0,0,0,0,0,0,0,0,0,
hello,6_30,11_17_34,0.9384,0,0,0,0.9384202,0.0000,0.0000,0.0000,0.0000,0.0000,0.0000,0,0,,,,,,,,0,0,0,0,0,0,0,0,0,0,0,0,0,0,0,0,0,0,0,0,0,0,0,0,0,0,0,0,0,0,0,0,0,0,0,0,0,0,0,0,0,0,0,0,0,0,0,0,0,0,0,
hello,6_30,11_17_34,0.9415,0,0,0,0.9415308,0.0000,0.0000,0.0000,0.0000,0.0000,0.0000,0,0,,,,,,,,0,0,0,0,0,0,0,0,0,0,0,0,0,0,0,0,0,0,0,0,0,0,0,0,0,0,0,0,0,0,0,0,0,0,0,0,0,0,0,0,0,0,0,0,0,0,0,0,0,0,0,
hello,6_30,11_17_34,0.9455,0,0,0,0.9454962,0.0000,0.0000,0.0000,0.0000,0.0000,0.0000,0,0,,,,,,,,0,0,0,0,0,0,0,0,0,0,0,0,0,0,0,0,0,0,0,0,0,0,0,0,0,0,0,0,0,0,0,0,0,0,0,0,0,0,0,0,0,0,0,0,0,0,0,0,0,0,0,
hello,6_30,11_17_34,0.9493,0,0,0,0.9492692,0.0000,0.0000,0.0000,0.0000,0.0000,0.0000,0,0,,,,,,,,0,0,0,0,0,0,0,0,0,0,0,0,0,0,0,0,0,0,0,0,0,0,0,0,0,0,0,0,0,0,0,0,0,0,0,0,0,0,0,0,0,0,0,0,0,0,0,0,0,0,0,
hello,6_30,11_17_34,0.9527,0,0,0,0.9526691,0.0000,0.0000,0.0000,0.0000,0.0000,0.0000,0,0,,,,,,,,0,0,0,0,0,0,0,0,0,0,0,0,0,0,0,0,0,0,0,0,0,0,0,0,0,0,0,0,0,0,0,0,0,0,0,0,0,0,0,0,0,0,0,0,0,0,0,0,0,0,0,
hello,6_30,11_17_34,0.9558,0,0,0,0.9558472,0.0000,0.0000,0.0000,0.0000,0.0000,0.0000,0,0,,,,,,,,0,0,0,0,0,0,0,0,0,0,0,0,0,0,0,0,0,0,0,0,0,0,0,0,0,0,0,0,0,0,0,0,0,0,0,0,0,0,0,0,0,0,0,0,0,0,0,0,0,0,0,
hello,6_30,11_17_34,0.9594,0,0,0,0.9594144,0.0000,0.0000,0.0000,0.0000,0.0000,0.0000,0,0,,,,,,,,0,0,0,0,0,0,0,0,0,0,0,0,0,0,0,0,0,0,0,0,0,0,0,0,0,0,0,0,0,0,0,0,0,0,0,0,0,0,0,0,0,0,0,0,0,0,0,0,0,0,0,
hello,6_30,11_17_34,0.9633,0,0,0,0.9633168,0.0000,0.0000,0.0000,0.0000,0.0000,0.0000,0,0,,,,,,,,0,0,0,0,0,0,0,0,0,0,0,0,0,0,0,0,0,0,0,0,0,0,0,0,0,0,0,0,0,0,0,0,0,0,0,0,0,0,0,0,0,0,0,0,0,0,0,0,0,0,0,
hello,6_30,11_17_34,0.9668,0,0,0,0.9668041,0.0000,0.0000,0.0000,0.0000,0.0000,0.0000,0,0,,,,,,,,0,0,0,0,0,0,0,0,0,0,0,0,0,0,0,0,0,0,0,0,0,0,0,0,0,0,0,0,0,0,0,0,0,0,0,0,0,0,0,0,0,0,0,0,0,0,0,0,0,0,0,
hello,6_30,11_17_34,0.9699,0,0,0,0.9698951,0.0000,0.0000,0.0000,0.0000,0.0000,0.0000,0,0,,,,,,,,0,0,0,0,0,0,0,0,0,0,0,0,0,0,0,0,0,0,0,0,0,0,0,0,0,0,0,0,0,0,0,0,0,0,0,0,0,0,0,0,0,0,0,0,0,0,0,0,0,0,0,
hello,6_30,11_17_34,0.9734,0,0,0,0.9733916,0.0000,0.0000,0.0000,0.0000,0.0000,0.0000,0,0,,,,,,,,0,0,0,0,0,0,0,0,0,0,0,0,0,0,0,0,0,0,0,0,0,0,0,0,0,0,0,0,0,0,0,0,0,0,0,0,0,0,0,0,0,0,0,0,0,0,0,0,0,0,0,
hello,6_30,11_17_34,0.9770,0,0,0,0.9769579,0.0000,0.0000,0.0000,0.0000,0.0000,0.0000,0,0,,,,,,,,0,0,0,0,0,0,0,0,0,0,0,0,0,0,0,0,0,0,0,0,0,0,0,0,0,0,0,0,0,0,0,0,0,0,0,0,0,0,0,0,0,0,0,0,0,0,0,0,0,0,0,
hello,6_30,11_17_34,0.9803,0,0,0,0.9802551,0.0000,0.0000,0.0000,0.0000,0.0000,0.0000,0,0,,,,,,,,0,0,0,0,0,0,0,0,0,0,0,0,0,0,0,0,0,0,0,0,0,0,0,0,0,0,0,0,0,0,0,0,0,0,0,0,0,0,0,0,0,0,0,0,0,0,0,0,0,0,0,
hello,6_30,11_17_34,0.9842,0,0,0,0.9841749,0.0000,0.0000,0.0000,0.0000,0.0000,0.0000,0,0,,,,,,,,0,0,0,0,0,0,0,0,0,0,0,0,0,0,0,0,0,0,0,0,0,0,0,0,0,0,0,0,0,0,0,0,0,0,0,0,0,0,0,0,0,0,0,0,0,0,0,0,0,0,0,
hello,6_30,11_17_34,0.9873,0,0,0,0.9873353,0.0000,0.0000,0.0000,0.0000,0.0000,0.0000,0,0,,,,,,,,0,0,0,0,0,0,0,0,0,0,0,0,0,0,0,0,0,0,0,0,0,0,0,0,0,0,0,0,0,0,0,0,0,0,0,0,0,0,0,0,0,0,0,0,0,0,0,0,0,0,0,
hello,6_30,11_17_34,0.9914,0,0,0,0.9914384,0.0000,0.0000,0.0000,0.0000,0.0000,0.0000,0,0,,,,,,,,0,0,0,0,0,0,0,0,0,0,0,0,0,0,0,0,0,0,0,0,0,0,0,0,0,0,0,0,0,0,0,0,0,0,0,0,0,0,0,0,0,0,0,0,0,0,0,0,0,0,0,
hello,6_30,11_17_34,0.9952,0,0,0,0.9951514,0.0000,0.0000,0.0000,0.0000,0.0000,0.0000,0,0,,,,,,,,0,0,0,0,0,0,0,0,0,0,0,0,0,0,0,0,0,0,0,0,0,0,0,0,0,0,0,0,0,0,0,0,0,0,0,0,0,0,0,0,0,0,0,0,0,0,0,0,0,0,0,
hello,6_30,11_17_34,0.9990,0,0,0,0.9990059,0.0000,0.0000,0.0000,0.0000,0.0000,0.0000,0,0,,,,,,,,0,0,0,0,0,0,0,0,0,0,0,0,0,0,0,0,0,0,0,0,0,0,0,0,0,0,0,0,0,0,0,0,0,0,0,0,0,0,0,0,0,0,0,0,0,0,0,0,0,0,0,
hello,6_30,11_17_34,1.0038,0,0,0,1.003816,0.0000,0.0000,0.0000,0.0000,0.0000,0.0000,0,0,,,,,,,,0,0,0,0,0,0,0,0,0,0,0,0,0,0,0,0,0,0,0,0,0,0,0,0,0,0,0,0,0,0,0,0,0,0,0,0,0,0,0,0,0,0,0,0,0,0,0,0,0,0,0,
hello,6_30,11_17_34,1.0075,0,0,0,1.00753,0.0000,0.0000,0.0000,0.0000,0.0000,0.0000,0,0,,,,,,,,0,0,0,0,0,0,0,0,0,0,0,0,0,0,0,0,0,0,0,0,0,0,0,0,0,0,0,0,0,0,0,0,0,0,0,0,0,0,0,0,0,0,0,0,0,0,0,0,0,0,0,
hello,6_30,11_17_34,1.0140,0,0,0,1.014005,0.0000,0.0000,0.0000,0.0000,0.0000,0.0000,0,0,,,,,,,,0,0,0,0,0,0,0,0,0,0,0,0,0,0,0,0,0,0,0,0,0,0,0,0,0,0,0,0,0,0,0,0,0,0,0,0,0,0,0,0,0,0,0,0,0,0,0,0,0,0,0,
hello,6_30,11_17_34,1.0173,0,0,0,1.017321,0.0000,0.0000,0.0000,0.0000,0.0000,0.0000,0,0,,,,,,,,0,0,0,0,0,0,0,0,0,0,0,0,0,0,0,0,0,0,0,0,0,0,0,0,0,0,0,0,0,0,0,0,0,0,0,0,0,0,0,0,0,0,0,0,0,0,0,0,0,0,0,
hello,6_30,11_17_34,1.0204,0,0,0,1.02044,0.0000,0.0000,0.0000,0.0000,0.0000,0.0000,0,0,,,,,,,,0,0,0,0,0,0,0,0,0,0,0,0,0,0,0,0,0,0,0,0,0,0,0,0,0,0,0,0,0,0,0,0,0,0,0,0,0,0,0,0,0,0,0,0,0,0,0,0,0,0,0,
hello,6_30,11_17_34,1.0244,0,0,0,1.024372,0.0000,0.0000,0.0000,0.0000,0.0000,0.0000,0,0,,,,,,,,0,0,0,0,0,0,0,0,0,0,0,0,0,0,0,0,0,0,0,0,0,0,0,0,0,0,0,0,0,0,0,0,0,0,0,0,0,0,0,0,0,0,0,0,0,0,0,0,0,0,0,
hello,6_30,11_17_34,1.0280,0,0,0,1.027969,0.0000,0.0000,0.0000,0.0000,0.0000,0.0000,0,0,,,,,,,,0,0,0,0,0,0,0,0,0,0,0,0,0,0,0,0,0,0,0,0,0,0,0,0,0,0,0,0,0,0,0,0,0,0,0,0,0,0,0,0,0,0,0,0,0,0,0,0,0,0,0,
hello,6_30,11_17_34,1.0312,0,0,0,1.031199,0.0000,0.0000,0.0000,0.0000,0.0000,0.0000,0,0,,,,,,,,0,0,0,0,0,0,0,0,0,0,0,0,0,0,0,0,0,0,0,0,0,0,0,0,0,0,0,0,0,0,0,0,0,0,0,0,0,0,0,0,0,0,0,0,0,0,0,0,0,0,0,
hello,6_30,11_17_34,1.0346,0,0,0,1.03457,0.0000,0.0000,0.0000,0.0000,0.0000,0.0000,0,0,,,,,,,,0,0,0,0,0,0,0,0,0,0,0,0,0,0,0,0,0,0,0,0,0,0,0,0,0,0,0,0,0,0,0,0,0,0,0,0,0,0,0,0,0,0,0,0,0,0,0,0,0,0,0,
hello,6_30,11_17_34,1.0380,0,0,0,1.038041,0.0000,0.0000,0.0000,0.0000,0.0000,0.0000,0,0,,,,,,,,0,0,0,0,0,0,0,0,0,0,0,0,0,0,0,0,0,0,0,0,0,0,0,0,0,0,0,0,0,0,0,0,0,0,0,0,0,0,0,0,0,0,0,0,0,0,0,0,0,0,0,
hello,6_30,11_17_34,1.0416,0,0,0,1.041621,0.0000,0.0000,0.0000,0.0000,0.0000,0.0000,0,0,,,,,,,,0,0,0,0,0,0,0,0,0,0,0,0,0,0,0,0,0,0,0,0,0,0,0,0,0,0,0,0,0,0,0,0,0,0,0,0,0,0,0,0,0,0,0,0,0,0,0,0,0,0,0,
hello,6_30,11_17_34,1.0450,0,0,0,1.045035,0.0000,0.0000,0.0000,0.0000,0.0000,0.0000,0,0,,,,,,,,0,0,0,0,0,0,0,0,0,0,0,0,0,0,0,0,0,0,0,0,0,0,0,0,0,0,0,0,0,0,0,0,0,0,0,0,0,0,0,0,0,0,0,0,0,0,0,0,0,0,0,
hello,6_30,11_17_34,1.0484,0,0,0,1.048367,0.0000,0.0000,0.0000,0.0000,0.0000,0.0000,0,0,,,,,,,,0,0,0,0,0,0,0,0,0,0,0,0,0,0,0,0,0,0,0,0,0,0,0,0,0,0,0,0,0,0,0,0,0,0,0,0,0,0,0,0,0,0,0,0,0,0,0,0,0,0,0,
hello,6_30,11_17_34,1.0517,0,0,0,1.051658,0.0000,0.0000,0.0000,0.0000,0.0000,0.0000,0,0,,,,,,,,0,0,0,0,0,0,0,0,0,0,0,0,0,0,0,0,0,0,0,0,0,0,0,0,0,0,0,0,0,0,0,0,0,0,0,0,0,0,0,0,0,0,0,0,0,0,0,0,0,0,0,
hello,6_30,11_17_34,1.0550,0,0,0,1.055021,0.0000,0.0000,0.0000,0.0000,0.0000,0.0000,0,0,,,,,,,,0,0,0,0,0,0,0,0,0,0,0,0,0,0,0,0,0,0,0,0,0,0,0,0,0,0,0,0,0,0,0,0,0,0,0,0,0,0,0,0,0,0,0,0,0,0,0,0,0,0,0,
hello,6_30,11_17_34,1.0583,0,0,0,1.058283,0.0000,0.0000,0.0000,0.0000,0.0000,0.0000,0,0,,,,,,,,0,0,0,0,0,0,0,0,0,0,0,0,0,0,0,0,0,0,0,0,0,0,0,0,0,0,0,0,0,0,0,0,0,0,0,0,0,0,0,0,0,0,0,0,0,0,0,0,0,0,0,
hello,6_30,11_17_34,1.0614,0,0,0,1.061429,0.0000,0.0000,0.0000,0.0000,0.0000,0.0000,0,0,,,,,,,,0,0,0,0,0,0,0,0,0,0,0,0,0,0,0,0,0,0,0,0,0,0,0,0,0,0,0,0,0,0,0,0,0,0,0,0,0,0,0,0,0,0,0,0,0,0,0,0,0,0,0,
hello,6_30,11_17_34,1.0652,0,0,0,1.065153,0.0000,0.0000,0.0000,0.0000,0.0000,0.0000,0,0,,,,,,,,0,0,0,0,0,0,0,0,0,0,0,0,0,0,0,0,0,0,0,0,0,0,0,0,0,0,0,0,0,0,0,0,0,0,0,0,0,0,0,0,0,0,0,0,0,0,0,0,0,0,0,
hello,6_30,11_17_34,1.0744,0,0,0,1.07442,0.0000,0.0000,0.0000,0.0000,0.0000,0.0000,0,0,,,,,,,,0,0,0,0,0,0,0,0,0,0,0,0,0,0,0,0,0,0,0,0,0,0,0,0,0,0,0,0,0,0,0,0,0,0,0,0,0,0,0,0,0,0,0,0,0,0,0,0,0,0,0,
hello,6_30,11_17_34,1.0776,0,0,0,1.077613,0.0000,0.0000,0.0000,0.0000,0.0000,0.0000,0,0,,,,,,,,0,0,0,0,0,0,0,0,0,0,0,0,0,0,0,0,0,0,0,0,0,0,0,0,0,0,0,0,0,0,0,0,0,0,0,0,0,0,0,0,0,0,0,0,0,0,0,0,0,0,0,
hello,6_30,11_17_34,1.0814,0,0,0,1.081435,0.0000,0.0000,0.0000,0.0000,0.0000,0.0000,0,0,,,,,,,,0,0,0,0,0,0,0,0,0,0,0,0,0,0,0,0,0,0,0,0,0,0,0,0,0,0,0,0,0,0,0,0,0,0,0,0,0,0,0,0,0,0,0,0,0,0,0,0,0,0,0,
hello,6_30,11_17_34,1.0849,0,0,0,1.084879,0.0000,0.0000,0.0000,0.0000,0.0000,0.0000,0,0,,,,,,,,0,0,0,0,0,0,0,0,0,0,0,0,0,0,0,0,0,0,0,0,0,0,0,0,0,0,0,0,0,0,0,0,0,0,0,0,0,0,0,0,0,0,0,0,0,0,0,0,0,0,0,
hello,6_30,11_17_34,1.0882,0,0,0,1.088217,0.0000,0.0000,0.0000,0.0000,0.0000,0.0000,0,0,,,,,,,,0,0,0,0,0,0,0,0,0,0,0,0,0,0,0,0,0,0,0,0,0,0,0,0,0,0,0,0,0,0,0,0,0,0,0,0,0,0,0,0,0,0,0,0,0,0,0,0,0,0,0,
hello,6_30,11_17_34,1.0918,0,0,0,1.09178,0.0000,0.0000,0.0000,0.0000,0.0000,0.0000,0,0,,,,,,,,0,0,0,0,0,0,0,0,0,0,0,0,0,0,0,0,0,0,0,0,0,0,0,0,0,0,0,0,0,0,0,0,0,0,0,0,0,0,0,0,0,0,0,0,0,0,0,0,0,0,0,
hello,6_30,11_17_34,1.0950,0,0,0,1.095042,0.0000,0.0000,0.0000,0.0000,0.0000,0.0000,0,0,,,,,,,,0,0,0,0,0,0,0,0,0,0,0,0,0,0,0,0,0,0,0,0,0,0,0,0,0,0,0,0,0,0,0,0,0,0,0,0,0,0,0,0,0,0,0,0,0,0,0,0,0,0,0,
hello,6_30,11_17_34,1.0983,0,0,0,1.098272,0.0000,0.0000,0.0000,0.0000,0.0000,0.0000,0,0,,,,,,,,0,0,0,0,0,0,0,0,0,0,0,0,0,0,0,0,0,0,0,0,0,0,0,0,0,0,0,0,0,0,0,0,0,0,0,0,0,0,0,0,0,0,0,0,0,0,0,0,0,0,0,
hello,6_30,11_17_34,1.1015,0,0,0,1.101546,0.0000,0.0000,0.0000,0.0000,0.0000,0.0000,0,0,,,,,,,,0,0,0,0,0,0,0,0,0,0,0,0,0,0,0,0,0,0,0,0,0,0,0,0,0,0,0,0,0,0,0,0,0,0,0,0,0,0,0,0,0,0,0,0,0,0,0,0,0,0,0,
hello,6_30,11_17_34,1.1049,0,0,0,1.104899,0.0000,0.0000,0.0000,0.0000,0.0000,0.0000,0,0,,,,,,,,0,0,0,0,0,0,0,0,0,0,0,0,0,0,0,0,0,0,0,0,0,0,0,0,0,0,0,0,0,0,0,0,0,0,0,0,0,0,0,0,0,0,0,0,0,0,0,0,0,0,0,
hello,6_30,11_17_34,1.1083,0,0,0,1.108272,0.0000,0.0000,0.0000,0.0000,0.0000,0.0000,0,0,,,,,,,,0,0,0,0,0,0,0,0,0,0,0,0,0,0,0,0,0,0,0,0,0,0,0,0,0,0,0,0,0,0,0,0,0,0,0,0,0,0,0,0,0,0,0,0,0,0,0,0,0,0,0,
hello,6_30,11_17_34,1.1115,0,0,0,1.111464,0.0000,0.0000,0.0000,0.0000,0.0000,0.0000,0,0,,,,,,,,0,0,0,0,0,0,0,0,0,0,0,0,0,0,0,0,0,0,0,0,0,0,0,0,0,0,0,0,0,0,0,0,0,0,0,0,0,0,0,0,0,0,0,0,0,0,0,0,0,0,0,
hello,6_30,11_17_34,1.1146,0,0,0,1.11462,0.0000,0.0000,0.0000,0.0000,0.0000,0.0000,0,0,,,,,,,,0,0,0,0,0,0,0,0,0,0,0,0,0,0,0,0,0,0,0,0,0,0,0,0,0,0,0,0,0,0,0,0,0,0,0,0,0,0,0,0,0,0,0,0,0,0,0,0,0,0,0,
hello,6_30,11_17_34,1.1182,0,0,0,1.118185,0.0000,0.0000,0.0000,0.0000,0.0000,0.0000,0,0,,,,,,,,0,0,0,0,0,0,0,0,0,0,0,0,0,0,0,0,0,0,0,0,0,0,0,0,0,0,0,0,0,0,0,0,0,0,0,0,0,0,0,0,0,0,0,0,0,0,0,0,0,0,0,
hello,6_30,11_17_34,1.1215,0,0,0,1.121474,0.0000,0.0000,0.0000,0.0000,0.0000,0.0000,0,0,,,,,,,,0,0,0,0,0,0,0,0,0,0,0,0,0,0,0,0,0,0,0,0,0,0,0,0,0,0,0,0,0,0,0,0,0,0,0,0,0,0,0,0,0,0,0,0,0,0,0,0,0,0,0,
hello,6_30,11_17_34,1.1250,0,0,0,1.124973,0.0000,0.0000,0.0000,0.0000,0.0000,0.0000,0,0,,,,,,,,0,0,0,0,0,0,0,0,0,0,0,0,0,0,0,0,0,0,0,0,0,0,0,0,0,0,0,0,0,0,0,0,0,0,0,0,0,0,0,0,0,0,0,0,0,0,0,0,0,0,0,
hello,6_30,11_17_34,1.1283,0,0,0,1.128294,0.0000,0.0000,0.0000,0.0000,0.0000,0.0000,0,0,,,,,,,,0,0,0,0,0,0,0,0,0,0,0,0,0,0,0,0,0,0,0,0,0,0,0,0,0,0,0,0,0,0,0,0,0,0,0,0,0,0,0,0,0,0,0,0,0,0,0,0,0,0,0,
hello,6_30,11_17_34,1.1318,0,0,0,1.131825,0.0000,0.0000,0.0000,0.0000,0.0000,0.0000,0,0,,,,,,,,0,0,0,0,0,0,0,0,0,0,0,0,0,0,0,0,0,0,0,0,0,0,0,0,0,0,0,0,0,0,0,0,0,0,0,0,0,0,0,0,0,0,0,0,0,0,0,0,0,0,0,
hello,6_30,11_17_34,1.1350,0,0,0,1.134975,0.0000,0.0000,0.0000,0.0000,0.0000,0.0000,0,0,,,,,,,,0,0,0,0,0,0,0,0,0,0,0,0,0,0,0,0,0,0,0,0,0,0,0,0,0,0,0,0,0,0,0,0,0,0,0,0,0,0,0,0,0,0,0,0,0,0,0,0,0,0,0,
hello,6_30,11_17_34,1.1382,0,0,0,1.138214,0.0000,0.0000,0.0000,0.0000,0.0000,0.0000,0,0,,,,,,,,0,0,0,0,0,0,0,0,0,0,0,0,0,0,0,0,0,0,0,0,0,0,0,0,0,0,0,0,0,0,0,0,0,0,0,0,0,0,0,0,0,0,0,0,0,0,0,0,0,0,0,
hello,6_30,11_17_34,1.1414,0,0,0,1.141407,0.0000,0.0000,0.0000,0.0000,0.0000,0.0000,0,0,,,,,,,,0,0,0,0,0,0,0,0,0,0,0,0,0,0,0,0,0,0,0,0,0,0,0,0,0,0,0,0,0,0,0,0,0,0,0,0,0,0,0,0,0,0,0,0,0,0,0,0,0,0,0,
hello,6_30,11_17_34,1.1450,0,0,0,1.14496,0.0000,0.0000,0.0000,0.0000,0.0000,0.0000,0,0,,,,,,,,0,0,0,0,0,0,0,0,0,0,0,0,0,0,0,0,0,0,0,0,0,0,0,0,0,0,0,0,0,0,0,0,0,0,0,0,0,0,0,0,0,0,0,0,0,0,0,0,0,0,0,
hello,6_30,11_17_34,1.1486,0,0,0,1.148628,0.0000,0.0000,0.0000,0.0000,0.0000,0.0000,0,0,,,,,,,,0,0,0,0,0,0,0,0,0,0,0,0,0,0,0,0,0,0,0,0,0,0,0,0,0,0,0,0,0,0,0,0,0,0,0,0,0,0,0,0,0,0,0,0,0,0,0,0,0,0,0,
hello,6_30,11_17_34,1.1521,0,0,0,1.152071,0.0000,0.0000,0.0000,0.0000,0.0000,0.0000,0,0,,,,,,,,0,0,0,0,0,0,0,0,0,0,0,0,0,0,0,0,0,0,0,0,0,0,0,0,0,0,0,0,0,0,0,0,0,0,0,0,0,0,0,0,0,0,0,0,0,0,0,0,0,0,0,
hello,6_30,11_17_34,1.1553,0,0,0,1.155298,0.0000,0.0000,0.0000,0.0000,0.0000,0.0000,0,0,,,,,,,,0,0,0,0,0,0,0,0,0,0,0,0,0,0,0,0,0,0,0,0,0,0,0,0,0,0,0,0,0,0,0,0,0,0,0,0,0,0,0,0,0,0,0,0,0,0,0,0,0,0,0,
hello,6_30,11_17_34,1.1584,0,0,0,1.158447,0.0000,0.0000,0.0000,0.0000,0.0000,0.0000,0,0,,,,,,,,0,0,0,0,0,0,0,0,0,0,0,0,0,0,0,0,0,0,0,0,0,0,0,0,0,0,0,0,0,0,0,0,0,0,0,0,0,0,0,0,0,0,0,0,0,0,0,0,0,0,0,
hello,6_30,11_17_34,1.1617,0,0,0,1.16165,0.0000,0.0000,0.0000,0.0000,0.0000,0.0000,0,0,,,,,,,,0,0,0,0,0,0,0,0,0,0,0,0,0,0,0,0,0,0,0,0,0,0,0,0,0,0,0,0,0,0,0,0,0,0,0,0,0,0,0,0,0,0,0,0,0,0,0,0,0,0,0,
hello,6_30,11_17_34,1.1654,0,0,0,1.165383,0.0000,0.0000,0.0000,0.0000,0.0000,0.0000,0,0,,,,,,,,0,0,0,0,0,0,0,0,0,0,0,0,0,0,0,0,0,0,0,0,0,0,0,0,0,0,0,0,0,0,0,0,0,0,0,0,0,0,0,0,0,0,0,0,0,0,0,0,0,0,0,
hello,6_30,11_17_34,1.1686,0,0,0,1.168615,0.0000,0.0000,0.0000,0.0000,0.0000,0.0000,0,0,,,,,,,,0,0,0,0,0,0,0,0,0,0,0,0,0,0,0,0,0,0,0,0,0,0,0,0,0,0,0,0,0,0,0,0,0,0,0,0,0,0,0,0,0,0,0,0,0,0,0,0,0,0,0,
hello,6_30,11_17_34,1.1718,0,0,0,1.171841,0.0000,0.0000,0.0000,0.0000,0.0000,0.0000,0,0,,,,,,,,0,0,0,0,0,0,0,0,0,0,0,0,0,0,0,0,0,0,0,0,0,0,0,0,0,0,0,0,0,0,0,0,0,0,0,0,0,0,0,0,0,0,0,0,0,0,0,0,0,0,0,
hello,6_30,11_17_34,1.1752,0,0,0,1.175176,0.0000,0.0000,0.0000,0.0000,0.0000,0.0000,0,0,,,,,,,,0,0,0,0,0,0,0,0,0,0,0,0,0,0,0,0,0,0,0,0,0,0,0,0,0,0,0,0,0,0,0,0,0,0,0,0,0,0,0,0,0,0,0,0,0,0,0,0,0,0,0,
hello,6_30,11_17_34,1.1784,0,0,0,1.178423,0.0000,0.0000,0.0000,0.0000,0.0000,0.0000,0,0,,,,,,,,0,0,0,0,0,0,0,0,0,0,0,0,0,0,0,0,0,0,0,0,0,0,0,0,0,0,0,0,0,0,0,0,0,0,0,0,0,0,0,0,0,0,0,0,0,0,0,0,0,0,0,
hello,6_30,11_17_34,1.1820,0,0,0,1.181974,0.0000,0.0000,0.0000,0.0000,0.0000,0.0000,0,0,,,,,,,,0,0,0,0,0,0,0,0,0,0,0,0,0,0,0,0,0,0,0,0,0,0,0,0,0,0,0,0,0,0,0,0,0,0,0,0,0,0,0,0,0,0,0,0,0,0,0,0,0,0,0,
hello,6_30,11_17_34,1.1860,0,0,0,1.185962,0.0000,0.0000,0.0000,0.0000,0.0000,0.0000,0,0,,,,,,,,0,0,0,0,0,0,0,0,0,0,0,0,0,0,0,0,0,0,0,0,0,0,0,0,0,0,0,0,0,0,0,0,0,0,0,0,0,0,0,0,0,0,0,0,0,0,0,0,0,0,0,
hello,6_30,11_17_34,1.1893,0,0,0,1.189265,0.0000,0.0000,0.0000,0.0000,0.0000,0.0000,0,0,,,,,,,,0,0,0,0,0,0,0,0,0,0,0,0,0,0,0,0,0,0,0,0,0,0,0,0,0,0,0,0,0,0,0,0,0,0,0,0,0,0,0,0,0,0,0,0,0,0,0,0,0,0,0,
hello,6_30,11_17_34,1.1928,0,0,0,1.192781,0.0000,0.0000,0.0000,0.0000,0.0000,0.0000,0,0,,,,,,,,0,0,0,0,0,0,0,0,0,0,0,0,0,0,0,0,0,0,0,0,0,0,0,0,0,0,0,0,0,0,0,0,0,0,0,0,0,0,0,0,0,0,0,0,0,0,0,0,0,0,0,
hello,6_30,11_17_34,1.1964,0,0,0,1.196387,0.0000,0.0000,0.0000,0.0000,0.0000,0.0000,0,0,,,,,,,,0,0,0,0,0,0,0,0,0,0,0,0,0,0,0,0,0,0,0,0,0,0,0,0,0,0,0,0,0,0,0,0,0,0,0,0,0,0,0,0,0,0,0,0,0,0,0,0,0,0,0,
hello,6_30,11_17_34,1.2003,0,0,0,1.20029,0.0000,0.0000,0.0000,0.0000,0.0000,0.0000,0,0,,,,,,,,0,0,0,0,0,0,0,0,0,0,0,0,0,0,0,0,0,0,0,0,0,0,0,0,0,0,0,0,0,0,0,0,0,0,0,0,0,0,0,0,0,0,0,0,0,0,0,0,0,0,0,
hello,6_30,11_17_34,1.2046,0,0,0,1.204574,0.0000,0.0000,0.0000,0.0000,0.0000,0.0000,0,0,,,,,,,,0,0,0,0,0,0,0,0,0,0,0,0,0,0,0,0,0,0,0,0,0,0,0,0,0,0,0,0,0,0,0,0,0,0,0,0,0,0,0,0,0,0,0,0,0,0,0,0,0,0,0,
hello,6_30,11_17_34,1.2082,0,0,0,1.2082,0.0000,0.0000,0.0000,0.0000,0.0000,0.0000,0,0,,,,,,,,0,0,0,0,0,0,0,0,0,0,0,0,0,0,0,0,0,0,0,0,0,0,0,0,0,0,0,0,0,0,0,0,0,0,0,0,0,0,0,0,0,0,0,0,0,0,0,0,0,0,0,
hello,6_30,11_17_34,1.2153,0,0,0,1.215334,0.0000,0.0000,0.0000,0.0000,0.0000,0.0000,0,0,,,,,,,,0,0,0,0,0,0,0,0,0,0,0,0,0,0,0,0,0,0,0,0,0,0,0,0,0,0,0,0,0,0,0,0,0,0,0,0,0,0,0,0,0,0,0,0,0,0,0,0,0,0,0,
hello,6_30,11_17_34,1.2188,0,0,0,1.218759,0.0000,0.0000,0.0000,0.0000,0.0000,0.0000,0,0,,,,,,,,0,0,0,0,0,0,0,0,0,0,0,0,0,0,0,0,0,0,0,0,0,0,0,0,0,0,0,0,0,0,0,0,0,0,0,0,0,0,0,0,0,0,0,0,0,0,0,0,0,0,0,
hello,6_30,11_17_34,1.2220,0,0,0,1.221982,0.0000,0.0000,0.0000,0.0000,0.0000,0.0000,0,0,,,,,,,,0,0,0,0,0,0,0,0,0,0,0,0,0,0,0,0,0,0,0,0,0,0,0,0,0,0,0,0,0,0,0,0,0,0,0,0,0,0,0,0,0,0,0,0,0,0,0,0,0,0,0,
hello,6_30,11_17_34,1.2255,0,0,0,1.225523,0.0000,0.0000,0.0000,0.0000,0.0000,0.0000,0,0,,,,,,,,0,0,0,0,0,0,0,0,0,0,0,0,0,0,0,0,0,0,0,0,0,0,0,0,0,0,0,0,0,0,0,0,0,0,0,0,0,0,0,0,0,0,0,0,0,0,0,0,0,0,0,
hello,6_30,11_17_34,1.2291,0,0,0,1.229094,0.0000,0.0000,0.0000,0.0000,0.0000,0.0000,0,0,,,,,,,,0,0,0,0,0,0,0,0,0,0,0,0,0,0,0,0,0,0,0,0,0,0,0,0,0,0,0,0,0,0,0,0,0,0,0,0,0,0,0,0,0,0,0,0,0,0,0,0,0,0,0,
hello,6_30,11_17_34,1.2329,0,0,0,1.23288,0.0000,0.0000,0.0000,0.0000,0.0000,0.0000,0,0,,,,,,,,0,0,0,0,0,0,0,0,0,0,0,0,0,0,0,0,0,0,0,0,0,0,0,0,0,0,0,0,0,0,0,0,0,0,0,0,0,0,0,0,0,0,0,0,0,0,0,0,0,0,0,
hello,6_30,11_17_34,1.2365,0,0,0,1.236494,0.0000,0.0000,0.0000,0.0000,0.0000,0.0000,0,0,,,,,,,,0,0,0,0,0,0,0,0,0,0,0,0,0,0,0,0,0,0,0,0,0,0,0,0,0,0,0,0,0,0,0,0,0,0,0,0,0,0,0,0,0,0,0,0,0,0,0,0,0,0,0,
hello,6_30,11_17_34,1.2398,0,0,0,1.239786,0.0000,0.0000,0.0000,0.0000,0.0000,0.0000,0,0,,,,,,,,0,0,0,0,0,0,0,0,0,0,0,0,0,0,0,0,0,0,0,0,0,0,0,0,0,0,0,0,0,0,0,0,0,0,0,0,0,0,0,0,0,0,0,0,0,0,0,0,0,0,0,
hello,6_30,11_17_34,1.2429,0,0,0,1.242863,0.0000,0.0000,0.0000,0.0000,0.0000,0.0000,0,0,,,,,,,,0,0,0,0,0,0,0,0,0,0,0,0,0,0,0,0,0,0,0,0,0,0,0,0,0,0,0,0,0,0,0,0,0,0,0,0,0,0,0,0,0,0,0,0,0,0,0,0,0,0,0,
hello,6_30,11_17_34,1.2469,0,0,0,1.246909,0.0000,0.0000,0.0000,0.0000,0.0000,0.0000,0,0,,,,,,,,0,0,0,0,0,0,0,0,0,0,0,0,0,0,0,0,0,0,0,0,0,0,0,0,0,0,0,0,0,0,0,0,0,0,0,0,0,0,0,0,0,0,0,0,0,0,0,0,0,0,0,
hello,6_30,11_17_34,1.2500,0,0,0,1.250021,0.0000,0.0000,0.0000,0.0000,0.0000,0.0000,0,0,,,,,,,,0,0,0,0,0,0,0,0,0,0,0,0,0,0,0,0,0,0,0,0,0,0,0,0,0,0,0,0,0,0,0,0,0,0,0,0,0,0,0,0,0,0,0,0,0,0,0,0,0,0,0,
hello,6_30,11_17_34,1.2535,0,0,0,1.253526,0.0000,0.0000,0.0000,0.0000,0.0000,0.0000,0,0,,,,,,,,0,0,0,0,0,0,0,0,0,0,0,0,0,0,0,0,0,0,0,0,0,0,0,0,0,0,0,0,0,0,0,0,0,0,0,0,0,0,0,0,0,0,0,0,0,0,0,0,0,0,0,
hello,6_30,11_17_34,1.2568,0,0,0,1.256806,0.0000,0.0000,0.0000,0.0000,0.0000,0.0000,0,0,,,,,,,,0,0,0,0,0,0,0,0,0,0,0,0,0,0,0,0,0,0,0,0,0,0,0,0,0,0,0,0,0,0,0,0,0,0,0,0,0,0,0,0,0,0,0,0,0,0,0,0,0,0,0,
hello,6_30,11_17_34,1.2605,0,0,0,1.260468,0.0000,0.0000,0.0000,0.0000,0.0000,0.0000,0,0,,,,,,,,0,0,0,0,0,0,0,0,0,0,0,0,0,0,0,0,0,0,0,0,0,0,0,0,0,0,0,0,0,0,0,0,0,0,0,0,0,0,0,0,0,0,0,0,0,0,0,0,0,0,0,
hello,6_30,11_17_34,1.2643,0,0,0,1.264285,0.0000,0.0000,0.0000,0.0000,0.0000,0.0000,0,0,,,,,,,,0,0,0,0,0,0,0,0,0,0,0,0,0,0,0,0,0,0,0,0,0,0,0,0,0,0,0,0,0,0,0,0,0,0,0,0,0,0,0,0,0,0,0,0,0,0,0,0,0,0,0,
hello,6_30,11_17_34,1.2682,0,0,0,1.268223,0.0000,0.0000,0.0000,0.0000,0.0000,0.0000,0,0,,,,,,,,0,0,0,0,0,0,0,0,0,0,0,0,0,0,0,0,0,0,0,0,0,0,0,0,0,0,0,0,0,0,0,0,0,0,0,0,0,0,0,0,0,0,0,0,0,0,0,0,0,0,0,
hello,6_30,11_17_34,1.2717,0,0,0,1.271659,0.0000,0.0000,0.0000,0.0000,0.0000,0.0000,0,0,,,,,,,,0,0,0,0,0,0,0,0,0,0,0,0,0,0,0,0,0,0,0,0,0,0,0,0,0,0,0,0,0,0,0,0,0,0,0,0,0,0,0,0,0,0,0,0,0,0,0,0,0,0,0,
hello,6_30,11_17_34,1.2750,0,0,0,1.274961,0.0000,0.0000,0.0000,0.0000,0.0000,0.0000,0,0,,,,,,,,0,0,0,0,0,0,0,0,0,0,0,0,0,0,0,0,0,0,0,0,0,0,0,0,0,0,0,0,0,0,0,0,0,0,0,0,0,0,0,0,0,0,0,0,0,0,0,0,0,0,0,
hello,6_30,11_17_34,1.2787,0,0,0,1.278701,0.0000,0.0000,0.0000,0.0000,0.0000,0.0000,0,0,,,,,,,,0,0,0,0,0,0,0,0,0,0,0,0,0,0,0,0,0,0,0,0,0,0,0,0,0,0,0,0,0,0,0,0,0,0,0,0,0,0,0,0,0,0,0,0,0,0,0,0,0,0,0,
hello,6_30,11_17_34,1.2823,0,0,0,1.282334,0.0000,0.0000,0.0000,0.0000,0.0000,0.0000,0,0,,,,,,,,0,0,0,0,0,0,0,0,0,0,0,0,0,0,0,0,0,0,0,0,0,0,0,0,0,0,0,0,0,0,0,0,0,0,0,0,0,0,0,0,0,0,0,0,0,0,0,0,0,0,0,
hello,6_30,11_17_34,1.2858,0,0,0,1.285798,0.0000,0.0000,0.0000,0.0000,0.0000,0.0000,0,0,,,,,,,,0,0,0,0,0,0,0,0,0,0,0,0,0,0,0,0,0,0,0,0,0,0,0,0,0,0,0,0,0,0,0,0,0,0,0,0,0,0,0,0,0,0,0,0,0,0,0,0,0,0,0,
hello,6_30,11_17_34,1.2890,0,0,0,1.289007,0.0000,0.0000,0.0000,0.0000,0.0000,0.0000,0,0,,,,,,,,0,0,0,0,0,0,0,0,0,0,0,0,0,0,0,0,0,0,0,0,0,0,0,0,0,0,0,0,0,0,0,0,0,0,0,0,0,0,0,0,0,0,0,0,0,0,0,0,0,0,0,
hello,6_30,11_17_34,1.2925,0,0,0,1.292528,0.0000,0.0000,0.0000,0.0000,0.0000,0.0000,0,0,,,,,,,,0,0,0,0,0,0,0,0,0,0,0,0,0,0,0,0,0,0,0,0,0,0,0,0,0,0,0,0,0,0,0,0,0,0,0,0,0,0,0,0,0,0,0,0,0,0,0,0,0,0,0,
hello,6_30,11_17_34,1.2962,0,0,0,1.296179,0.0000,0.0000,0.0000,0.0000,0.0000,0.0000,0,0,,,,,,,,0,0,0,0,0,0,0,0,0,0,0,0,0,0,0,0,0,0,0,0,0,0,0,0,0,0,0,0,0,0,0,0,0,0,0,0,0,0,0,0,0,0,0,0,0,0,0,0,0,0,0,
hello,6_30,11_17_34,1.3000,0,0,0,1.300049,0.0000,0.0000,0.0000,0.0000,0.0000,0.0000,0,0,,,,,,,,0,0,0,0,0,0,0,0,0,0,0,0,0,0,0,0,0,0,0,0,0,0,0,0,0,0,0,0,0,0,0,0,0,0,0,0,0,0,0,0,0,0,0,0,0,0,0,0,0,0,0,
hello,6_30,11_17_34,1.3036,0,0,0,1.303587,0.0000,0.0000,0.0000,0.0000,0.0000,0.0000,0,0,,,,,,,,0,0,0,0,0,0,0,0,0,0,0,0,0,0,0,0,0,0,0,0,0,0,0,0,0,0,0,0,0,0,0,0,0,0,0,0,0,0,0,0,0,0,0,0,0,0,0,0,0,0,0,
hello,6_30,11_17_34,1.3072,0,0,0,1.307169,0.0000,0.0000,0.0000,0.0000,0.0000,0.0000,0,0,,,,,,,,0,0,0,0,0,0,0,0,0,0,0,0,0,0,0,0,0,0,0,0,0,0,0,0,0,0,0,0,0,0,0,0,0,0,0,0,0,0,0,0,0,0,0,0,0,0,0,0,0,0,0,
hello,6_30,11_17_34,1.3103,0,0,0,1.310319,0.0000,0.0000,0.0000,0.0000,0.0000,0.0000,0,0,,,,,,,,0,0,0,0,0,0,0,0,0,0,0,0,0,0,0,0,0,0,0,0,0,0,0,0,0,0,0,0,0,0,0,0,0,0,0,0,0,0,0,0,0,0,0,0,0,0,0,0,0,0,0,
hello,6_30,11_17_34,1.3135,0,0,0,1.313476,0.0000,0.0000,0.0000,0.0000,0.0000,0.0000,0,0,,,,,,,,0,0,0,0,0,0,0,0,0,0,0,0,0,0,0,0,0,0,0,0,0,0,0,0,0,0,0,0,0,0,0,0,0,0,0,0,0,0,0,0,0,0,0,0,0,0,0,0,0,0,0,
hello,6_30,11_17_34,1.3166,0,0,0,1.316584,0.0000,0.0000,0.0000,0.0000,0.0000,0.0000,0,0,,,,,,,,0,0,0,0,0,0,0,0,0,0,0,0,0,0,0,0,0,0,0,0,0,0,0,0,0,0,0,0,0,0,0,0,0,0,0,0,0,0,0,0,0,0,0,0,0,0,0,0,0,0,0,
hello,6_30,11_17_34,1.3203,0,0,0,1.320347,0.0000,0.0000,0.0000,0.0000,0.0000,0.0000,0,0,,,,,,,,0,0,0,0,0,0,0,0,0,0,0,0,0,0,0,0,0,0,0,0,0,0,0,0,0,0,0,0,0,0,0,0,0,0,0,0,0,0,0,0,0,0,0,0,0,0,0,0,0,0,0,
hello,6_30,11_17_34,1.3238,0,0,0,1.323838,0.0000,0.0000,0.0000,0.0000,0.0000,0.0000,0,0,,,,,,,,0,0,0,0,0,0,0,0,0,0,0,0,0,0,0,0,0,0,0,0,0,0,0,0,0,0,0,0,0,0,0,0,0,0,0,0,0,0,0,0,0,0,0,0,0,0,0,0,0,0,0,
hello,6_30,11_17_34,1.3271,0,0,0,1.327066,0.0000,0.0000,0.0000,0.0000,0.0000,0.0000,0,0,,,,,,,,0,0,0,0,0,0,0,0,0,0,0,0,0,0,0,0,0,0,0,0,0,0,0,0,0,0,0,0,0,0,0,0,0,0,0,0,0,0,0,0,0,0,0,0,0,0,0,0,0,0,0,
hello,6_30,11_17_34,1.3303,0,0,0,1.330253,0.0000,0.0000,0.0000,0.0000,0.0000,0.0000,0,0,,,,,,,,0,0,0,0,0,0,0,0,0,0,0,0,0,0,0,0,0,0,0,0,0,0,0,0,0,0,0,0,0,0,0,0,0,0,0,0,0,0,0,0,0,0,0,0,0,0,0,0,0,0,0,
hello,6_30,11_17_34,1.3335,0,0,0,1.333513,0.0000,0.0000,0.0000,0.0000,0.0000,0.0000,0,0,,,,,,,,0,0,0,0,0,0,0,0,0,0,0,0,0,0,0,0,0,0,0,0,0,0,0,0,0,0,0,0,0,0,0,0,0,0,0,0,0,0,0,0,0,0,0,0,0,0,0,0,0,0,0,
hello,6_30,11_17_34,1.3371,0,0,0,1.337127,0.0000,0.0000,0.0000,0.0000,0.0000,0.0000,0,0,,,,,,,,0,0,0,0,0,0,0,0,0,0,0,0,0,0,0,0,0,0,0,0,0,0,0,0,0,0,0,0,0,0,0,0,0,0,0,0,0,0,0,0,0,0,0,0,0,0,0,0,0,0,0,
hello,6_30,11_17_34,1.3407,0,0,0,1.340661,0.0000,0.0000,0.0000,0.0000,0.0000,0.0000,0,0,,,,,,,,0,0,0,0,0,0,0,0,0,0,0,0,0,0,0,0,0,0,0,0,0,0,0,0,0,0,0,0,0,0,0,0,0,0,0,0,0,0,0,0,0,0,0,0,0,0,0,0,0,0,0,
hello,6_30,11_17_34,1.3441,0,0,0,1.344144,0.0000,0.0000,0.0000,0.0000,0.0000,0.0000,0,0,,,,,,,,0,0,0,0,0,0,0,0,0,0,0,0,0,0,0,0,0,0,0,0,0,0,0,0,0,0,0,0,0,0,0,0,0,0,0,0,0,0,0,0,0,0,0,0,0,0,0,0,0,0,0,
hello,6_30,11_17_34,1.3478,0,0,0,1.347833,0.0000,0.0000,0.0000,0.0000,0.0000,0.0000,0,0,,,,,,,,0,0,0,0,0,0,0,0,0,0,0,0,0,0,0,0,0,0,0,0,0,0,0,0,0,0,0,0,0,0,0,0,0,0,0,0,0,0,0,0,0,0,0,0,0,0,0,0,0,0,0,
hello,6_30,11_17_34,1.3510,0,0,0,1.351024,0.0000,0.0000,0.0000,0.0000,0.0000,0.0000,0,0,,,,,,,,0,0,0,0,0,0,0,0,0,0,0,0,0,0,0,0,0,0,0,0,0,0,0,0,0,0,0,0,0,0,0,0,0,0,0,0,0,0,0,0,0,0,0,0,0,0,0,0,0,0,0,
hello,6_30,11_17_34,1.3541,0,0,0,1.354071,0.0000,0.0000,0.0000,0.0000,0.0000,0.0000,0,0,,,,,,,,0,0,0,0,0,0,0,0,0,0,0,0,0,0,0,0,0,0,0,0,0,0,0,0,0,0,0,0,0,0,0,0,0,0,0,0,0,0,0,0,0,0,0,0,0,0,0,0,0,0,0,
hello,6_30,11_17_34,1.3572,0,0,0,1.35723,0.0000,0.0000,0.0000,0.0000,0.0000,0.0000,0,0,,,,,,,,0,0,0,0,0,0,0,0,0,0,0,0,0,0,0,0,0,0,0,0,0,0,0,0,0,0,0,0,0,0,0,0,0,0,0,0,0,0,0,0,0,0,0,0,0,0,0,0,0,0,0,
hello,6_30,11_17_34,1.3604,0,0,0,1.360441,0.0000,0.0000,0.0000,0.0000,0.0000,0.0000,0,0,,,,,,,,0,0,0,0,0,0,0,0,0,0,0,0,0,0,0,0,0,0,0,0,0,0,0,0,0,0,0,0,0,0,0,0,0,0,0,0,0,0,0,0,0,0,0,0,0,0,0,0,0,0,0,
hello,6_30,11_17_34,1.3638,0,0,0,1.36378,0.0000,0.0000,0.0000,0.0000,0.0000,0.0000,0,0,,,,,,,,0,0,0,0,0,0,0,0,0,0,0,0,0,0,0,0,0,0,0,0,0,0,0,0,0,0,0,0,0,0,0,0,0,0,0,0,0,0,0,0,0,0,0,0,0,0,0,0,0,0,0,
hello,6_30,11_17_34,1.3670,0,0,0,1.366999,0.0000,0.0000,0.0000,0.0000,0.0000,0.0000,0,0,,,,,,,,0,0,0,0,0,0,0,0,0,0,0,0,0,0,0,0,0,0,0,0,0,0,0,0,0,0,0,0,0,0,0,0,0,0,0,0,0,0,0,0,0,0,0,0,0,0,0,0,0,0,0,
hello,6_30,11_17_34,1.3705,0,0,0,1.370544,0.0000,0.0000,0.0000,0.0000,0.0000,0.0000,0,0,,,,,,,,0,0,0,0,0,0,0,0,0,0,0,0,0,0,0,0,0,0,0,0,0,0,0,0,0,0,0,0,0,0,0,0,0,0,0,0,0,0,0,0,0,0,0,0,0,0,0,0,0,0,0,
hello,6_30,11_17_34,1.3741,0,0,0,1.374134,0.0000,0.0000,0.0000,0.0000,0.0000,0.0000,0,0,,,,,,,,0,0,0,0,0,0,0,0,0,0,0,0,0,0,0,0,0,0,0,0,0,0,0,0,0,0,0,0,0,0,0,0,0,0,0,0,0,0,0,0,0,0,0,0,0,0,0,0,0,0,0,
hello,6_30,11_17_34,1.3778,0,0,0,1.377774,0.0000,0.0000,0.0000,0.0000,0.0000,0.0000,0,0,,,,,,,,0,0,0,0,0,0,0,0,0,0,0,0,0,0,0,0,0,0,0,0,0,0,0,0,0,0,0,0,0,0,0,0,0,0,0,0,0,0,0,0,0,0,0,0,0,0,0,0,0,0,0,
hello,6_30,11_17_34,1.3810,0,0,0,1.380971,0.0000,0.0000,0.0000,0.0000,0.0000,0.0000,0,0,,,,,,,,0,0,0,0,0,0,0,0,0,0,0,0,0,0,0,0,0,0,0,0,0,0,0,0,0,0,0,0,0,0,0,0,0,0,0,0,0,0,0,0,0,0,0,0,0,0,0,0,0,0,0,
hello,6_30,11_17_34,1.3845,0,0,0,1.384454,0.0000,0.0000,0.0000,0.0000,0.0000,0.0000,0,0,,,,,,,,0,0,0,0,0,0,0,0,0,0,0,0,0,0,0,0,0,0,0,0,0,0,0,0,0,0,0,0,0,0,0,0,0,0,0,0,0,0,0,0,0,0,0,0,0,0,0,0,0,0,0,
hello,6_30,11_17_34,1.3876,0,0,0,1.387558,0.0000,0.0000,0.0000,0.0000,0.0000,0.0000,0,0,,,,,,,,0,0,0,0,0,0,0,0,0,0,0,0,0,0,0,0,0,0,0,0,0,0,0,0,0,0,0,0,0,0,0,0,0,0,0,0,0,0,0,0,0,0,0,0,0,0,0,0,0,0,0,
hello,6_30,11_17_34,1.3911,0,0,0,1.391072,0.0000,0.0000,0.0000,0.0000,0.0000,0.0000,0,0,,,,,,,,0,0,0,0,0,0,0,0,0,0,0,0,0,0,0,0,0,0,0,0,0,0,0,0,0,0,0,0,0,0,0,0,0,0,0,0,0,0,0,0,0,0,0,0,0,0,0,0,0,0,0,
hello,6_30,11_17_34,1.3950,0,0,0,1.394973,0.0000,0.0000,0.0000,0.0000,0.0000,0.0000,0,0,,,,,,,,0,0,0,0,0,0,0,0,0,0,0,0,0,0,0,0,0,0,0,0,0,0,0,0,0,0,0,0,0,0,0,0,0,0,0,0,0,0,0,0,0,0,0,0,0,0,0,0,0,0,0,
hello,6_30,11_17_34,1.3988,0,0,0,1.398823,0.0000,0.0000,0.0000,0.0000,0.0000,0.0000,0,0,,,,,,,,0,0,0,0,0,0,0,0,0,0,0,0,0,0,0,0,0,0,0,0,0,0,0,0,0,0,0,0,0,0,0,0,0,0,0,0,0,0,0,0,0,0,0,0,0,0,0,0,0,0,0,
hello,6_30,11_17_34,1.4025,0,0,0,1.402507,0.0000,0.0000,0.0000,0.0000,0.0000,0.0000,0,0,,,,,,,,0,0,0,0,0,0,0,0,0,0,0,0,0,0,0,0,0,0,0,0,0,0,0,0,0,0,0,0,0,0,0,0,0,0,0,0,0,0,0,0,0,0,0,0,0,0,0,0,0,0,0,
hello,6_30,11_17_34,1.4063,0,0,0,1.406333,0.0000,0.0000,0.0000,0.0000,0.0000,0.0000,0,0,,,,,,,,0,0,0,0,0,0,0,0,0,0,0,0,0,0,0,0,0,0,0,0,0,0,0,0,0,0,0,0,0,0,0,0,0,0,0,0,0,0,0,0,0,0,0,0,0,0,0,0,0,0,0,
hello,6_30,11_17_34,1.4099,0,0,0,1.409938,0.0000,0.0000,0.0000,0.0000,0.0000,0.0000,0,0,,,,,,,,0,0,0,0,0,0,0,0,0,0,0,0,0,0,0,0,0,0,0,0,0,0,0,0,0,0,0,0,0,0,0,0,0,0,0,0,0,0,0,0,0,0,0,0,0,0,0,0,0,0,0,
hello,6_30,11_17_34,1.4168,0,0,0,1.416832,0.0000,0.0000,0.0000,0.0000,0.0000,0.0000,0,0,,,,,,,,0,0,0,0,0,0,0,0,0,0,0,0,0,0,0,0,0,0,0,0,0,0,0,0,0,0,0,0,0,0,0,0,0,0,0,0,0,0,0,0,0,0,0,0,0,0,0,0,0,0,0,
hello,6_30,11_17_34,1.4211,0,0,0,1.421069,0.0000,0.0000,0.0000,0.0000,0.0000,0.0000,0,0,,,,,,,,0,0,0,0,0,0,0,0,0,0,0,0,0,0,0,0,0,0,0,0,0,0,0,0,0,0,0,0,0,0,0,0,0,0,0,0,0,0,0,0,0,0,0,0,0,0,0,0,0,0,0,
hello,6_30,11_17_34,1.4253,0,0,0,1.425257,0.0000,0.0000,0.0000,0.0000,0.0000,0.0000,0,0,,,,,,,,0,0,0,0,0,0,0,0,0,0,0,0,0,0,0,0,0,0,0,0,0,0,0,0,0,0,0,0,0,0,0,0,0,0,0,0,0,0,0,0,0,0,0,0,0,0,0,0,0,0,0,
hello,6_30,11_17_34,1.4292,0,0,0,1.429217,0.0000,0.0000,0.0000,0.0000,0.0000,0.0000,0,0,,,,,,,,0,0,0,0,0,0,0,0,0,0,0,0,0,0,0,0,0,0,0,0,0,0,0,0,0,0,0,0,0,0,0,0,0,0,0,0,0,0,0,0,0,0,0,0,0,0,0,0,0,0,0,
hello,6_30,11_17_34,1.4334,0,0,0,1.433356,0.0000,0.0000,0.0000,0.0000,0.0000,0.0000,0,0,,,,,,,,0,0,0,0,0,0,0,0,0,0,0,0,0,0,0,0,0,0,0,0,0,0,0,0,0,0,0,0,0,0,0,0,0,0,0,0,0,0,0,0,0,0,0,0,0,0,0,0,0,0,0,
hello,6_30,11_17_34,1.4374,0,0,0,1.43742,0.0000,0.0000,0.0000,0.0000,0.0000,0.0000,0,0,,,,,,,,0,0,0,0,0,0,0,0,0,0,0,0,0,0,0,0,0,0,0,0,0,0,0,0,0,0,0,0,0,0,0,0,0,0,0,0,0,0,0,0,0,0,0,0,0,0,0,0,0,0,0,
hello,6_30,11_17_34,1.4412,0,0,0,1.441243,0.0000,0.0000,0.0000,0.0000,0.0000,0.0000,0,0,,,,,,,,0,0,0,0,0,0,0,0,0,0,0,0,0,0,0,0,0,0,0,0,0,0,0,0,0,0,0,0,0,0,0,0,0,0,0,0,0,0,0,0,0,0,0,0,0,0,0,0,0,0,0,
hello,6_30,11_17_34,1.4454,0,0,0,1.445363,0.0000,0.0000,0.0000,0.0000,0.0000,0.0000,0,0,,,,,,,,0,0,0,0,0,0,0,0,0,0,0,0,0,0,0,0,0,0,0,0,0,0,0,0,0,0,0,0,0,0,0,0,0,0,0,0,0,0,0,0,0,0,0,0,0,0,0,0,0,0,0,
hello,6_30,11_17_34,1.4487,0,0,0,1.448725,0.0000,0.0000,0.0000,0.0000,0.0000,0.0000,0,0,,,,,,,,0,0,0,0,0,0,0,0,0,0,0,0,0,0,0,0,0,0,0,0,0,0,0,0,0,0,0,0,0,0,0,0,0,0,0,0,0,0,0,0,0,0,0,0,0,0,0,0,0,0,0,
hello,6_30,11_17_34,1.4523,0,0,0,1.452274,0.0000,0.0000,0.0000,0.0000,0.0000,0.0000,0,0,,,,,,,,0,0,0,0,0,0,0,0,0,0,0,0,0,0,0,0,0,0,0,0,0,0,0,0,0,0,0,0,0,0,0,0,0,0,0,0,0,0,0,0,0,0,0,0,0,0,0,0,0,0,0,
hello,6_30,11_17_34,1.4555,0,0,0,1.45546,0.0000,0.0000,0.0000,0.0000,0.0000,0.0000,0,0,,,,,,,,0,0,0,0,0,0,0,0,0,0,0,0,0,0,0,0,0,0,0,0,0,0,0,0,0,0,0,0,0,0,0,0,0,0,0,0,0,0,0,0,0,0,0,0,0,0,0,0,0,0,0,
hello,6_30,11_17_34,1.4590,0,0,0,1.458993,0.0000,0.0000,0.0000,0.0000,0.0000,0.0000,0,0,,,,,,,,0,0,0,0,0,0,0,0,0,0,0,0,0,0,0,0,0,0,0,0,0,0,0,0,0,0,0,0,0,0,0,0,0,0,0,0,0,0,0,0,0,0,0,0,0,0,0,0,0,0,0,
hello,6_30,11_17_34,1.4631,0,0,0,1.463101,0.0000,0.0000,0.0000,0.0000,0.0000,0.0000,0,0,,,,,,,,0,0,0,0,0,0,0,0,0,0,0,0,0,0,0,0,0,0,0,0,0,0,0,0,0,0,0,0,0,0,0,0,0,0,0,0,0,0,0,0,0,0,0,0,0,0,0,0,0,0,0,
hello,6_30,11_17_34,1.4670,0,0,0,1.467021,0.0000,0.0000,0.0000,0.0000,0.0000,0.0000,0,0,,,,,,,,0,0,0,0,0,0,0,0,0,0,0,0,0,0,0,0,0,0,0,0,0,0,0,0,0,0,0,0,0,0,0,0,0,0,0,0,0,0,0,0,0,0,0,0,0,0,0,0,0,0,0,
hello,6_30,11_17_34,1.4709,0,0,0,1.470904,0.0000,0.0000,0.0000,0.0000,0.0000,0.0000,0,0,,,,,,,,0,0,0,0,0,0,0,0,0,0,0,0,0,0,0,0,0,0,0,0,0,0,0,0,0,0,0,0,0,0,0,0,0,0,0,0,0,0,0,0,0,0,0,0,0,0,0,0,0,0,0,
hello,6_30,11_17_34,1.4745,0,0,0,1.47445,0.0000,0.0000,0.0000,0.0000,0.0000,0.0000,0,0,,,,,,,,0,0,0,0,0,0,0,0,0,0,0,0,0,0,0,0,0,0,0,0,0,0,0,0,0,0,0,0,0,0,0,0,0,0,0,0,0,0,0,0,0,0,0,0,0,0,0,0,0,0,0,
hello,6_30,11_17_34,1.4779,0,0,0,1.477928,0.0000,0.0000,0.0000,0.0000,0.0000,0.0000,0,0,,,,,,,,0,0,0,0,0,0,0,0,0,0,0,0,0,0,0,0,0,0,0,0,0,0,0,0,0,0,0,0,0,0,0,0,0,0,0,0,0,0,0,0,0,0,0,0,0,0,0,0,0,0,0,
hello,6_30,11_17_34,1.4815,0,0,0,1.481548,0.0000,0.0000,0.0000,0.0000,0.0000,0.0000,0,0,,,,,,,,0,0,0,0,0,0,0,0,0,0,0,0,0,0,0,0,0,0,0,0,0,0,0,0,0,0,0,0,0,0,0,0,0,0,0,0,0,0,0,0,0,0,0,0,0,0,0,0,0,0,0,
hello,6_30,11_17_34,1.4851,0,0,0,1.485121,0.0000,0.0000,0.0000,0.0000,0.0000,0.0000,0,0,,,,,,,,0,0,0,0,0,0,0,0,0,0,0,0,0,0,0,0,0,0,0,0,0,0,0,0,0,0,0,0,0,0,0,0,0,0,0,0,0,0,0,0,0,0,0,0,0,0,0,0,0,0,0,
hello,6_30,11_17_34,1.4887,0,0,0,1.488711,0.0000,0.0000,0.0000,0.0000,0.0000,0.0000,0,0,,,,,,,,0,0,0,0,0,0,0,0,0,0,0,0,0,0,0,0,0,0,0,0,0,0,0,0,0,0,0,0,0,0,0,0,0,0,0,0,0,0,0,0,0,0,0,0,0,0,0,0,0,0,0,
hello,6_30,11_17_34,1.4923,0,0,0,1.492263,0.0000,0.0000,0.0000,0.0000,0.0000,0.0000,0,0,,,,,,,,0,0,0,0,0,0,0,0,0,0,0,0,0,0,0,0,0,0,0,0,0,0,0,0,0,0,0,0,0,0,0,0,0,0,0,0,0,0,0,0,0,0,0,0,0,0,0,0,0,0,0,
hello,6_30,11_17_34,1.4958,0,0,0,1.49581,0.0000,0.0000,0.0000,0.0000,0.0000,0.0000,0,0,,,,,,,,0,0,0,0,0,0,0,0,0,0,0,0,0,0,0,0,0,0,0,0,0,0,0,0,0,0,0,0,0,0,0,0,0,0,0,0,0,0,0,0,0,0,0,0,0,0,0,0,0,0,0,
hello,6_30,11_17_34,1.4996,0,0,0,1.499637,0.0000,0.0000,0.0000,0.0000,0.0000,0.0000,0,0,,,,,,,,0,0,0,0,0,0,0,0,0,0,0,0,0,0,0,0,0,0,0,0,0,0,0,0,0,0,0,0,0,0,0,0,0,0,0,0,0,0,0,0,0,0,0,0,0,0,0,0,0,0,0,
hello,6_30,11_17_34,1.5031,0,0,0,1.503089,0.0000,0.0000,0.0000,0.0000,0.0000,0.0000,0,0,,,,,,,,0,0,0,0,0,0,0,0,0,0,0,0,0,0,0,0,0,0,0,0,0,0,0,0,0,0,0,0,0,0,0,0,0,0,0,0,0,0,0,0,0,0,0,0,0,0,0,0,0,0,0,
hello,6_30,11_17_34,1.5065,0,0,0,1.506509,0.0000,0.0000,0.0000,0.0000,0.0000,0.0000,0,0,,,,,,,,0,0,0,0,0,0,0,0,0,0,0,0,0,0,0,0,0,0,0,0,0,0,0,0,0,0,0,0,0,0,0,0,0,0,0,0,0,0,0,0,0,0,0,0,0,0,0,0,0,0,0,
hello,6_30,11_17_34,1.5125,0,0,0,1.512528,0.0000,0.0000,0.0000,0.0000,0.0000,0.0000,0,0,,,,,,,,0,0,0,0,0,0,0,0,0,0,0,0,0,0,0,0,0,0,0,0,0,0,0,0,0,0,0,0,0,0,0,0,0,0,0,0,0,0,0,0,0,0,0,0,0,0,0,0,0,0,0,
hello,6_30,11_17_34,1.5163,0,0,0,1.516287,0.0000,0.0000,0.0000,0.0000,0.0000,0.0000,0,0,,,,,,,,0,0,0,0,0,0,0,0,0,0,0,0,0,0,0,0,0,0,0,0,0,0,0,0,0,0,0,0,0,0,0,0,0,0,0,0,0,0,0,0,0,0,0,0,0,0,0,0,0,0,0,
hello,6_30,11_17_34,1.5201,0,0,0,1.520126,0.0000,0.0000,0.0000,0.0000,0.0000,0.0000,0,0,,,,,,,,0,0,0,0,0,0,0,0,0,0,0,0,0,0,0,0,0,0,0,0,0,0,0,0,0,0,0,0,0,0,0,0,0,0,0,0,0,0,0,0,0,0,0,0,0,0,0,0,0,0,0,
hello,6_30,11_17_34,1.5235,0,0,0,1.523539,0.0000,0.0000,0.0000,0.0000,0.0000,0.0000,0,0,,,,,,,,0,0,0,0,0,0,0,0,0,0,0,0,0,0,0,0,0,0,0,0,0,0,0,0,0,0,0,0,0,0,0,0,0,0,0,0,0,0,0,0,0,0,0,0,0,0,0,0,0,0,0,
hello,6_30,11_17_34,1.5273,0,0,0,1.527298,0.0000,0.0000,0.0000,0.0000,0.0000,0.0000,0,0,,,,,,,,0,0,0,0,0,0,0,0,0,0,0,0,0,0,0,0,0,0,0,0,0,0,0,0,0,0,0,0,0,0,0,0,0,0,0,0,0,0,0,0,0,0,0,0,0,0,0,0,0,0,0,
hello,6_30,11_17_34,1.5304,0,0,0,1.53044,0.0000,0.0000,0.0000,0.0000,0.0000,0.0000,0,0,,,,,,,,0,0,0,0,0,0,0,0,0,0,0,0,0,0,0,0,0,0,0,0,0,0,0,0,0,0,0,0,0,0,0,0,0,0,0,0,0,0,0,0,0,0,0,0,0,0,0,0,0,0,0,
hello,6_30,11_17_34,1.5341,0,0,0,1.534115,0.0000,0.0000,0.0000,0.0000,0.0000,0.0000,0,0,,,,,,,,0,0,0,0,0,0,0,0,0,0,0,0,0,0,0,0,0,0,0,0,0,0,0,0,0,0,0,0,0,0,0,0,0,0,0,0,0,0,0,0,0,0,0,0,0,0,0,0,0,0,0,
hello,6_30,11_17_34,1.5374,0,0,0,1.537392,0.0000,0.0000,0.0000,0.0000,0.0000,0.0000,0,0,,,,,,,,0,0,0,0,0,0,0,0,0,0,0,0,0,0,0,0,0,0,0,0,0,0,0,0,0,0,0,0,0,0,0,0,0,0,0,0,0,0,0,0,0,0,0,0,0,0,0,0,0,0,0,
hello,6_30,11_17_34,1.5414,0,0,0,1.541402,0.0000,0.0000,0.0000,0.0000,0.0000,0.0000,0,0,,,,,,,,0,0,0,0,0,0,0,0,0,0,0,0,0,0,0,0,0,0,0,0,0,0,0,0,0,0,0,0,0,0,0,0,0,0,0,0,0,0,0,0,0,0,0,0,0,0,0,0,0,0,0,
hello,6_30,11_17_34,1.5452,0,0,0,1.545187,0.0000,0.0000,0.0000,0.0000,0.0000,0.0000,0,0,,,,,,,,0,0,0,0,0,0,0,0,0,0,0,0,0,0,0,0,0,0,0,0,0,0,0,0,0,0,0,0,0,0,0,0,0,0,0,0,0,0,0,0,0,0,0,0,0,0,0,0,0,0,0,
hello,6_30,11_17_34,1.5484,0,0,0,1.548366,0.0000,0.0000,0.0000,0.0000,0.0000,0.0000,0,0,,,,,,,,0,0,0,0,0,0,0,0,0,0,0,0,0,0,0,0,0,0,0,0,0,0,0,0,0,0,0,0,0,0,0,0,0,0,0,0,0,0,0,0,0,0,0,0,0,0,0,0,0,0,0,
hello,6_30,11_17_34,1.5515,0,0,0,1.551518,0.0000,0.0000,0.0000,0.0000,0.0000,0.0000,0,0,,,,,,,,0,0,0,0,0,0,0,0,0,0,0,0,0,0,0,0,0,0,0,0,0,0,0,0,0,0,0,0,0,0,0,0,0,0,0,0,0,0,0,0,0,0,0,0,0,0,0,0,0,0,0,
hello,6_30,11_17_34,1.5551,0,0,0,1.555105,0.0000,0.0000,0.0000,0.0000,0.0000,0.0000,0,0,,,,,,,,0,0,0,0,0,0,0,0,0,0,0,0,0,0,0,0,0,0,0,0,0,0,0,0,0,0,0,0,0,0,0,0,0,0,0,0,0,0,0,0,0,0,0,0,0,0,0,0,0,0,0,
hello,6_30,11_17_34,1.5583,0,0,0,1.558253,0.0000,0.0000,0.0000,0.0000,0.0000,0.0000,0,0,,,,,,,,0,0,0,0,0,0,0,0,0,0,0,0,0,0,0,0,0,0,0,0,0,0,0,0,0,0,0,0,0,0,0,0,0,0,0,0,0,0,0,0,0,0,0,0,0,0,0,0,0,0,0,
hello,6_30,11_17_34,1.5618,0,0,0,1.561834,0.0000,0.0000,0.0000,0.0000,0.0000,0.0000,0,0,,,,,,,,0,0,0,0,0,0,0,0,0,0,0,0,0,0,0,0,0,0,0,0,0,0,0,0,0,0,0,0,0,0,0,0,0,0,0,0,0,0,0,0,0,0,0,0,0,0,0,0,0,0,0,
hello,6_30,11_17_34,1.5656,0,0,0,1.565573,0.0000,0.0000,0.0000,0.0000,0.0000,0.0000,0,0,,,,,,,,0,0,0,0,0,0,0,0,0,0,0,0,0,0,0,0,0,0,0,0,0,0,0,0,0,0,0,0,0,0,0,0,0,0,0,0,0,0,0,0,0,0,0,0,0,0,0,0,0,0,0,
hello,6_30,11_17_34,1.5697,0,0,0,1.569652,0.0000,0.0000,0.0000,0.0000,0.0000,0.0000,0,0,,,,,,,,0,0,0,0,0,0,0,0,0,0,0,0,0,0,0,0,0,0,0,0,0,0,0,0,0,0,0,0,0,0,0,0,0,0,0,0,0,0,0,0,0,0,0,0,0,0,0,0,0,0,0,
hello,6_30,11_17_34,1.5733,0,0,0,1.573275,0.0000,0.0000,0.0000,0.0000,0.0000,0.0000,0,0,,,,,,,,0,0,0,0,0,0,0,0,0,0,0,0,0,0,0,0,0,0,0,0,0,0,0,0,0,0,0,0,0,0,0,0,0,0,0,0,0,0,0,0,0,0,0,0,0,0,0,0,0,0,0,
hello,6_30,11_17_34,1.5764,0,0,0,1.576409,0.0000,0.0000,0.0000,0.0000,0.0000,0.0000,0,0,,,,,,,,0,0,0,0,0,0,0,0,0,0,0,0,0,0,0,0,0,0,0,0,0,0,0,0,0,0,0,0,0,0,0,0,0,0,0,0,0,0,0,0,0,0,0,0,0,0,0,0,0,0,0,
hello,6_30,11_17_34,1.5795,0,0,0,1.57954,0.0000,0.0000,0.0000,0.0000,0.0000,0.0000,0,0,,,,,,,,0,0,0,0,0,0,0,0,0,0,0,0,0,0,0,0,0,0,0,0,0,0,0,0,0,0,0,0,0,0,0,0,0,0,0,0,0,0,0,0,0,0,0,0,0,0,0,0,0,0,0,
hello,6_30,11_17_34,1.5833,0,0,0,1.58325,0.0000,0.0000,0.0000,0.0000,0.0000,0.0000,0,0,,,,,,,,0,0,0,0,0,0,0,0,0,0,0,0,0,0,0,0,0,0,0,0,0,0,0,0,0,0,0,0,0,0,0,0,0,0,0,0,0,0,0,0,0,0,0,0,0,0,0,0,0,0,0,
hello,6_30,11_17_34,1.5868,0,0,0,1.586809,0.0000,0.0000,0.0000,0.0000,0.0000,0.0000,0,0,,,,,,,,0,0,0,0,0,0,0,0,0,0,0,0,0,0,0,0,0,0,0,0,0,0,0,0,0,0,0,0,0,0,0,0,0,0,0,0,0,0,0,0,0,0,0,0,0,0,0,0,0,0,0,
hello,6_30,11_17_34,1.5905,0,0,0,1.590538,0.0000,0.0000,0.0000,0.0000,0.0000,0.0000,0,0,,,,,,,,0,0,0,0,0,0,0,0,0,0,0,0,0,0,0,0,0,0,0,0,0,0,0,0,0,0,0,0,0,0,0,0,0,0,0,0,0,0,0,0,0,0,0,0,0,0,0,0,0,0,0,
hello,6_30,11_17_34,1.5938,0,0,0,1.593814,0.0000,0.0000,0.0000,0.0000,0.0000,0.0000,0,0,,,,,,,,0,0,0,0,0,0,0,0,0,0,0,0,0,0,0,0,0,0,0,0,0,0,0,0,0,0,0,0,0,0,0,0,0,0,0,0,0,0,0,0,0,0,0,0,0,0,0,0,0,0,0,
hello,6_30,11_17_34,1.5979,0,0,0,1.597865,0.0000,0.0000,0.0000,0.0000,0.0000,0.0000,0,0,,,,,,,,0,0,0,0,0,0,0,0,0,0,0,0,0,0,0,0,0,0,0,0,0,0,0,0,0,0,0,0,0,0,0,0,0,0,0,0,0,0,0,0,0,0,0,0,0,0,0,0,0,0,0,
hello,6_30,11_17_34,1.6014,0,0,0,1.601408,0.0000,0.0000,0.0000,0.0000,0.0000,0.0000,0,0,,,,,,,,0,0,0,0,0,0,0,0,0,0,0,0,0,0,0,0,0,0,0,0,0,0,0,0,0,0,0,0,0,0,0,0,0,0,0,0,0,0,0,0,0,0,0,0,0,0,0,0,0,0,0,
hello,6_30,11_17_34,1.6047,0,0,0,1.604688,0.0000,0.0000,0.0000,0.0000,0.0000,0.0000,0,0,,,,,,,,0,0,0,0,0,0,0,0,0,0,0,0,0,0,0,0,0,0,0,0,0,0,0,0,0,0,0,0,0,0,0,0,0,0,0,0,0,0,0,0,0,0,0,0,0,0,0,0,0,0,0,
hello,6_30,11_17_34,1.6082,0,0,0,1.608168,0.0000,0.0000,0.0000,0.0000,0.0000,0.0000,0,0,,,,,,,,0,0,0,0,0,0,0,0,0,0,0,0,0,0,0,0,0,0,0,0,0,0,0,0,0,0,0,0,0,0,0,0,0,0,0,0,0,0,0,0,0,0,0,0,0,0,0,0,0,0,0,
hello,6_30,11_17_34,1.6117,0,0,0,1.611723,0.0000,0.0000,0.0000,0.0000,0.0000,0.0000,0,0,,,,,,,,0,0,0,0,0,0,0,0,0,0,0,0,0,0,0,0,0,0,0,0,0,0,0,0,0,0,0,0,0,0,0,0,0,0,0,0,0,0,0,0,0,0,0,0,0,0,0,0,0,0,0,
hello,6_30,11_17_34,1.6184,0,0,0,1.61836,0.0000,0.0000,0.0000,0.0000,0.0000,0.0000,0,0,,,,,,,,0,0,0,0,0,0,0,0,0,0,0,0,0,0,0,0,0,0,0,0,0,0,0,0,0,0,0,0,0,0,0,0,0,0,0,0,0,0,0,0,0,0,0,0,0,0,0,0,0,0,0,
hello,6_30,11_17_34,1.6217,0,0,0,1.621675,0.0000,0.0000,0.0000,0.0000,0.0000,0.0000,0,0,,,,,,,,0,0,0,0,0,0,0,0,0,0,0,0,0,0,0,0,0,0,0,0,0,0,0,0,0,0,0,0,0,0,0,0,0,0,0,0,0,0,0,0,0,0,0,0,0,0,0,0,0,0,0,
hello,6_30,11_17_34,1.6255,0,0,0,1.625516,0.0000,0.0000,0.0000,0.0000,0.0000,0.0000,0,0,,,,,,,,0,0,0,0,0,0,0,0,0,0,0,0,0,0,0,0,0,0,0,0,0,0,0,0,0,0,0,0,0,0,0,0,0,0,0,0,0,0,0,0,0,0,0,0,0,0,0,0,0,0,0,
hello,6_30,11_17_34,1.6291,0,0,0,1.629135,0.0000,0.0000,0.0000,0.0000,0.0000,0.0000,0,0,,,,,,,,0,0,0,0,0,0,0,0,0,0,0,0,0,0,0,0,0,0,0,0,0,0,0,0,0,0,0,0,0,0,0,0,0,0,0,0,0,0,0,0,0,0,0,0,0,0,0,0,0,0,0,
hello,6_30,11_17_34,1.6332,0,0,0,1.633243,0.0000,0.0000,0.0000,0.0000,0.0000,0.0000,0,0,,,,,,,,0,0,0,0,0,0,0,0,0,0,0,0,0,0,0,0,0,0,0,0,0,0,0,0,0,0,0,0,0,0,0,0,0,0,0,0,0,0,0,0,0,0,0,0,0,0,0,0,0,0,0,
hello,6_30,11_17_34,1.6366,0,0,0,1.636628,0.0000,0.0000,0.0000,0.0000,0.0000,0.0000,0,0,,,,,,,,0,0,0,0,0,0,0,0,0,0,0,0,0,0,0,0,0,0,0,0,0,0,0,0,0,0,0,0,0,0,0,0,0,0,0,0,0,0,0,0,0,0,0,0,0,0,0,0,0,0,0,
hello,6_30,11_17_34,1.6398,0,0,0,1.639801,0.0000,0.0000,0.0000,0.0000,0.0000,0.0000,0,0,,,,,,,,0,0,0,0,0,0,0,0,0,0,0,0,0,0,0,0,0,0,0,0,0,0,0,0,0,0,0,0,0,0,0,0,0,0,0,0,0,0,0,0,0,0,0,0,0,0,0,0,0,0,0,
hello,6_30,11_17_34,1.6429,0,0,0,1.642893,0.0000,0.0000,0.0000,0.0000,0.0000,0.0000,0,0,,,,,,,,0,0,0,0,0,0,0,0,0,0,0,0,0,0,0,0,0,0,0,0,0,0,0,0,0,0,0,0,0,0,0,0,0,0,0,0,0,0,0,0,0,0,0,0,0,0,0,0,0,0,0,
hello,6_30,11_17_34,1.6470,0,0,0,1.647039,0.0000,0.0000,0.0000,0.0000,0.0000,0.0000,0,0,,,,,,,,0,0,0,0,0,0,0,0,0,0,0,0,0,0,0,0,0,0,0,0,0,0,0,0,0,0,0,0,0,0,0,0,0,0,0,0,0,0,0,0,0,0,0,0,0,0,0,0,0,0,0,
hello,6_30,11_17_34,1.6501,0,0,0,1.650147,0.0000,0.0000,0.0000,0.0000,0.0000,0.0000,0,0,,,,,,,,0,0,0,0,0,0,0,0,0,0,0,0,0,0,0,0,0,0,0,0,0,0,0,0,0,0,0,0,0,0,0,0,0,0,0,0,0,0,0,0,0,0,0,0,0,0,0,0,0,0,0,
hello,6_30,11_17_34,1.6535,0,0,0,1.653482,0.0000,0.0000,0.0000,0.0000,0.0000,0.0000,0,0,,,,,,,,0,0,0,0,0,0,0,0,0,0,0,0,0,0,0,0,0,0,0,0,0,0,0,0,0,0,0,0,0,0,0,0,0,0,0,0,0,0,0,0,0,0,0,0,0,0,0,0,0,0,0,
hello,6_30,11_17_34,1.6572,0,0,0,1.657153,0.0000,0.0000,0.0000,0.0000,0.0000,0.0000,0,0,,,,,,,,0,0,0,0,0,0,0,0,0,0,0,0,0,0,0,0,0,0,0,0,0,0,0,0,0,0,0,0,0,0,0,0,0,0,0,0,0,0,0,0,0,0,0,0,0,0,0,0,0,0,0,
hello,6_30,11_17_34,1.6609,0,0,0,1.660905,0.0000,0.0000,0.0000,0.0000,0.0000,0.0000,0,0,,,,,,,,0,0,0,0,0,0,0,0,0,0,0,0,0,0,0,0,0,0,0,0,0,0,0,0,0,0,0,0,0,0,0,0,0,0,0,0,0,0,0,0,0,0,0,0,0,0,0,0,0,0,0,
hello,6_30,11_17_34,1.6651,0,0,0,1.665059,0.0000,0.0000,0.0000,0.0000,0.0000,0.0000,0,0,,,,,,,,0,0,0,0,0,0,0,0,0,0,0,0,0,0,0,0,0,0,0,0,0,0,0,0,0,0,0,0,0,0,0,0,0,0,0,0,0,0,0,0,0,0,0,0,0,0,0,0,0,0,0,
hello,6_30,11_17_34,1.6683,0,0,0,1.668327,0.0000,0.0000,0.0000,0.0000,0.0000,0.0000,0,0,,,,,,,,0,0,0,0,0,0,0,0,0,0,0,0,0,0,0,0,0,0,0,0,0,0,0,0,0,0,0,0,0,0,0,0,0,0,0,0,0,0,0,0,0,0,0,0,0,0,0,0,0,0,0,
hello,6_30,11_17_34,1.6716,0,0,0,1.67156,0.0000,0.0000,0.0000,0.0000,0.0000,0.0000,0,0,,,,,,,,0,0,0,0,0,0,0,0,0,0,0,0,0,0,0,0,0,0,0,0,0,0,0,0,0,0,0,0,0,0,0,0,0,0,0,0,0,0,0,0,0,0,0,0,0,0,0,0,0,0,0,
hello,6_30,11_17_34,1.6752,0,0,0,1.675161,0.0000,0.0000,0.0000,0.0000,0.0000,0.0000,0,0,,,,,,,,0,0,0,0,0,0,0,0,0,0,0,0,0,0,0,0,0,0,0,0,0,0,0,0,0,0,0,0,0,0,0,0,0,0,0,0,0,0,0,0,0,0,0,0,0,0,0,0,0,0,0,
hello,6_30,11_17_34,1.6787,0,0,0,1.678712,0.0000,0.0000,0.0000,0.0000,0.0000,0.0000,0,0,,,,,,,,0,0,0,0,0,0,0,0,0,0,0,0,0,0,0,0,0,0,0,0,0,0,0,0,0,0,0,0,0,0,0,0,0,0,0,0,0,0,0,0,0,0,0,0,0,0,0,0,0,0,0,
hello,6_30,11_17_34,1.6819,0,0,0,1.681922,0.0000,0.0000,0.0000,0.0000,0.0000,0.0000,0,0,,,,,,,,0,0,0,0,0,0,0,0,0,0,0,0,0,0,0,0,0,0,0,0,0,0,0,0,0,0,0,0,0,0,0,0,0,0,0,0,0,0,0,0,0,0,0,0,0,0,0,0,0,0,0,
hello,6_30,11_17_34,1.6854,0,0,0,1.685394,0.0000,0.0000,0.0000,0.0000,0.0000,0.0000,0,0,,,,,,,,0,0,0,0,0,0,0,0,0,0,0,0,0,0,0,0,0,0,0,0,0,0,0,0,0,0,0,0,0,0,0,0,0,0,0,0,0,0,0,0,0,0,0,0,0,0,0,0,0,0,0,
hello,6_30,11_17_34,1.6889,0,0,0,1.688903,0.0000,0.0000,0.0000,0.0000,0.0000,0.0000,0,0,,,,,,,,0,0,0,0,0,0,0,0,0,0,0,0,0,0,0,0,0,0,0,0,0,0,0,0,0,0,0,0,0,0,0,0,0,0,0,0,0,0,0,0,0,0,0,0,0,0,0,0,0,0,0,
hello,6_30,11_17_34,1.6921,0,0,0,1.692088,0.0000,0.0000,0.0000,0.0000,0.0000,0.0000,0,0,,,,,,,,0,0,0,0,0,0,0,0,0,0,0,0,0,0,0,0,0,0,0,0,0,0,0,0,0,0,0,0,0,0,0,0,0,0,0,0,0,0,0,0,0,0,0,0,0,0,0,0,0,0,0,
hello,6_30,11_17_34,1.6953,0,0,0,1.695271,0.0000,0.0000,0.0000,0.0000,0.0000,0.0000,0,0,,,,,,,,0,0,0,0,0,0,0,0,0,0,0,0,0,0,0,0,0,0,0,0,0,0,0,0,0,0,0,0,0,0,0,0,0,0,0,0,0,0,0,0,0,0,0,0,0,0,0,0,0,0,0,
hello,6_30,11_17_34,1.6985,0,0,0,1.698469,0.0000,0.0000,0.0000,0.0000,0.0000,0.0000,0,0,,,,,,,,0,0,0,0,0,0,0,0,0,0,0,0,0,0,0,0,0,0,0,0,0,0,0,0,0,0,0,0,0,0,0,0,0,0,0,0,0,0,0,0,0,0,0,0,0,0,0,0,0,0,0,
hello,6_30,11_17_34,1.7016,0,0,0,1.701578,0.0000,0.0000,0.0000,0.0000,0.0000,0.0000,0,0,,,,,,,,0,0,0,0,0,0,0,0,0,0,0,0,0,0,0,0,0,0,0,0,0,0,0,0,0,0,0,0,0,0,0,0,0,0,0,0,0,0,0,0,0,0,0,0,0,0,0,0,0,0,0,
hello,6_30,11_17_34,1.7051,0,0,0,1.705128,0.0000,0.0000,0.0000,0.0000,0.0000,0.0000,0,0,,,,,,,,0,0,0,0,0,0,0,0,0,0,0,0,0,0,0,0,0,0,0,0,0,0,0,0,0,0,0,0,0,0,0,0,0,0,0,0,0,0,0,0,0,0,0,0,0,0,0,0,0,0,0,
hello,6_30,11_17_34,1.7086,0,0,0,1.708636,0.0000,0.0000,0.0000,0.0000,0.0000,0.0000,0,0,,,,,,,,0,0,0,0,0,0,0,0,0,0,0,0,0,0,0,0,0,0,0,0,0,0,0,0,0,0,0,0,0,0,0,0,0,0,0,0,0,0,0,0,0,0,0,0,0,0,0,0,0,0,0,
hello,6_30,11_17_34,1.7122,0,0,0,1.712158,0.0000,0.0000,0.0000,0.0000,0.0000,0.0000,0,0,,,,,,,,0,0,0,0,0,0,0,0,0,0,0,0,0,0,0,0,0,0,0,0,0,0,0,0,0,0,0,0,0,0,0,0,0,0,0,0,0,0,0,0,0,0,0,0,0,0,0,0,0,0,0,
hello,6_30,11_17_34,1.7155,0,0,0,1.715486,0.0000,0.0000,0.0000,0.0000,0.0000,0.0000,0,0,,,,,,,,0,0,0,0,0,0,0,0,0,0,0,0,0,0,0,0,0,0,0,0,0,0,0,0,0,0,0,0,0,0,0,0,0,0,0,0,0,0,0,0,0,0,0,0,0,0,0,0,0,0,0,
hello,6_30,11_17_34,1.7191,0,0,0,1.719093,0.0000,0.0000,0.0000,0.0000,0.0000,0.0000,0,0,,,,,,,,0,0,0,0,0,0,0,0,0,0,0,0,0,0,0,0,0,0,0,0,0,0,0,0,0,0,0,0,0,0,0,0,0,0,0,0,0,0,0,0,0,0,0,0,0,0,0,0,0,0,0,
hello,6_30,11_17_34,1.7223,0,0,0,1.722311,0.0000,0.0000,0.0000,0.0000,0.0000,0.0000,0,0,,,,,,,,0,0,0,0,0,0,0,0,0,0,0,0,0,0,0,0,0,0,0,0,0,0,0,0,0,0,0,0,0,0,0,0,0,0,0,0,0,0,0,0,0,0,0,0,0,0,0,0,0,0,0,
hello,6_30,11_17_34,1.7260,0,0,0,1.726001,0.0000,0.0000,0.0000,0.0000,0.0000,0.0000,0,0,,,,,,,,0,0,0,0,0,0,0,0,0,0,0,0,0,0,0,0,0,0,0,0,0,0,0,0,0,0,0,0,0,0,0,0,0,0,0,0,0,0,0,0,0,0,0,0,0,0,0,0,0,0,0,
hello,6_30,11_17_34,1.7298,0,0,0,1.729754,0.0000,0.0000,0.0000,0.0000,0.0000,0.0000,0,0,,,,,,,,0,0,0,0,0,0,0,0,0,0,0,0,0,0,0,0,0,0,0,0,0,0,0,0,0,0,0,0,0,0,0,0,0,0,0,0,0,0,0,0,0,0,0,0,0,0,0,0,0,0,0,
hello,6_30,11_17_34,1.7330,0,0,0,1.732984,0.0000,0.0000,0.0000,0.0000,0.0000,0.0000,0,0,,,,,,,,0,0,0,0,0,0,0,0,0,0,0,0,0,0,0,0,0,0,0,0,0,0,0,0,0,0,0,0,0,0,0,0,0,0,0,0,0,0,0,0,0,0,0,0,0,0,0,0,0,0,0,
hello,6_30,11_17_34,1.7366,0,0,0,1.736587,0.0000,0.0000,0.0000,0.0000,0.0000,0.0000,0,0,,,,,,,,0,0,0,0,0,0,0,0,0,0,0,0,0,0,0,0,0,0,0,0,0,0,0,0,0,0,0,0,0,0,0,0,0,0,0,0,0,0,0,0,0,0,0,0,0,0,0,0,0,0,0,
hello,6_30,11_17_34,1.7398,0,0,0,1.739825,0.0000,0.0000,0.0000,0.0000,0.0000,0.0000,0,0,,,,,,,,0,0,0,0,0,0,0,0,0,0,0,0,0,0,0,0,0,0,0,0,0,0,0,0,0,0,0,0,0,0,0,0,0,0,0,0,0,0,0,0,0,0,0,0,0,0,0,0,0,0,0,
hello,6_30,11_17_34,1.7432,0,0,0,1.743155,0.0000,0.0000,0.0000,0.0000,0.0000,0.0000,0,0,,,,,,,,0,0,0,0,0,0,0,0,0,0,0,0,0,0,0,0,0,0,0,0,0,0,0,0,0,0,0,0,0,0,0,0,0,0,0,0,0,0,0,0,0,0,0,0,0,0,0,0,0,0,0,
hello,6_30,11_17_34,1.7466,0,0,0,1.746594,0.0000,0.0000,0.0000,0.0000,0.0000,0.0000,0,0,,,,,,,,0,0,0,0,0,0,0,0,0,0,0,0,0,0,0,0,0,0,0,0,0,0,0,0,0,0,0,0,0,0,0,0,0,0,0,0,0,0,0,0,0,0,0,0,0,0,0,0,0,0,0,
hello,6_30,11_17_34,1.7503,0,0,0,1.750311,0.0000,0.0000,0.0000,0.0000,0.0000,0.0000,0,0,,,,,,,,0,0,0,0,0,0,0,0,0,0,0,0,0,0,0,0,0,0,0,0,0,0,0,0,0,0,0,0,0,0,0,0,0,0,0,0,0,0,0,0,0,0,0,0,0,0,0,0,0,0,0,
hello,6_30,11_17_35,1.7597,0,0,0,1.759664,0.0000,0.0000,0.0000,0.0000,0.0000,0.0000,0,0,,,,,,,,0,0,0,0,0,0,0,0,0,0,0,0,0,0,0,0,0,0,0,0,0,0,0,0,0,0,0,0,0,0,0,0,0,0,0,0,0,0,0,0,0,0,0,0,0,0,0,0,0,0,0,
hello,6_30,11_17_35,1.7632,0,0,0,1.763224,0.0000,0.0000,0.0000,0.0000,0.0000,0.0000,0,0,,,,,,,,0,0,0,0,0,0,0,0,0,0,0,0,0,0,0,0,0,0,0,0,0,0,0,0,0,0,0,0,0,0,0,0,0,0,0,0,0,0,0,0,0,0,0,0,0,0,0,0,0,0,0,
hello,6_30,11_17_35,1.7672,0,0,0,1.767153,0.0000,0.0000,0.0000,0.0000,0.0000,0.0000,0,0,,,,,,,,0,0,0,0,0,0,0,0,0,0,0,0,0,0,0,0,0,0,0,0,0,0,0,0,0,0,0,0,0,0,0,0,0,0,0,0,0,0,0,0,0,0,0,0,0,0,0,0,0,0,0,
hello,6_30,11_17_35,1.7707,0,0,0,1.77067,0.0000,0.0000,0.0000,0.0000,0.0000,0.0000,0,0,,,,,,,,0,0,0,0,0,0,0,0,0,0,0,0,0,0,0,0,0,0,0,0,0,0,0,0,0,0,0,0,0,0,0,0,0,0,0,0,0,0,0,0,0,0,0,0,0,0,0,0,0,0,0,
hello,6_30,11_17_35,1.7741,0,0,0,1.774135,0.0000,0.0000,0.0000,0.0000,0.0000,0.0000,0,0,,,,,,,,0,0,0,0,0,0,0,0,0,0,0,0,0,0,0,0,0,0,0,0,0,0,0,0,0,0,0,0,0,0,0,0,0,0,0,0,0,0,0,0,0,0,0,0,0,0,0,0,0,0,0,
hello,6_30,11_17_35,1.7773,0,0,0,1.777287,0.0000,0.0000,0.0000,0.0000,0.0000,0.0000,0,0,,,,,,,,0,0,0,0,0,0,0,0,0,0,0,0,0,0,0,0,0,0,0,0,0,0,0,0,0,0,0,0,0,0,0,0,0,0,0,0,0,0,0,0,0,0,0,0,0,0,0,0,0,0,0,
hello,6_30,11_17_35,1.7805,0,0,0,1.780497,0.0000,0.0000,0.0000,0.0000,0.0000,0.0000,0,0,,,,,,,,0,0,0,0,0,0,0,0,0,0,0,0,0,0,0,0,0,0,0,0,0,0,0,0,0,0,0,0,0,0,0,0,0,0,0,0,0,0,0,0,0,0,0,0,0,0,0,0,0,0,0,
hello,6_30,11_17_35,1.7839,0,0,0,1.783858,0.0000,0.0000,0.0000,0.0000,0.0000,0.0000,0,0,,,,,,,,0,0,0,0,0,0,0,0,0,0,0,0,0,0,0,0,0,0,0,0,0,0,0,0,0,0,0,0,0,0,0,0,0,0,0,0,0,0,0,0,0,0,0,0,0,0,0,0,0,0,0,
hello,6_30,11_17_35,1.7873,0,0,0,1.787329,0.0000,0.0000,0.0000,0.0000,0.0000,0.0000,0,0,,,,,,,,0,0,0,0,0,0,0,0,0,0,0,0,0,0,0,0,0,0,0,0,0,0,0,0,0,0,0,0,0,0,0,0,0,0,0,0,0,0,0,0,0,0,0,0,0,0,0,0,0,0,0,
hello,6_30,11_17_35,1.7907,0,0,0,1.790678,0.0000,0.0000,0.0000,0.0000,0.0000,0.0000,0,0,,,,,,,,0,0,0,0,0,0,0,0,0,0,0,0,0,0,0,0,0,0,0,0,0,0,0,0,0,0,0,0,0,0,0,0,0,0,0,0,0,0,0,0,0,0,0,0,0,0,0,0,0,0,0,
hello,6_30,11_17_35,1.7943,0,0,0,1.794289,0.0000,0.0000,0.0000,0.0000,0.0000,0.0000,0,0,,,,,,,,0,0,0,0,0,0,0,0,0,0,0,0,0,0,0,0,0,0,0,0,0,0,0,0,0,0,0,0,0,0,0,0,0,0,0,0,0,0,0,0,0,0,0,0,0,0,0,0,0,0,0,
hello,6_30,11_17_35,1.7977,0,0,0,1.797736,0.0000,0.0000,0.0000,0.0000,0.0000,0.0000,0,0,,,,,,,,0,0,0,0,0,0,0,0,0,0,0,0,0,0,0,0,0,0,0,0,0,0,0,0,0,0,0,0,0,0,0,0,0,0,0,0,0,0,0,0,0,0,0,0,0,0,0,0,0,0,0,
hello,6_30,11_17_35,1.8012,0,0,0,1.801172,0.0000,0.0000,0.0000,0.0000,0.0000,0.0000,0,0,,,,,,,,0,0,0,0,0,0,0,0,0,0,0,0,0,0,0,0,0,0,0,0,0,0,0,0,0,0,0,0,0,0,0,0,0,0,0,0,0,0,0,0,0,0,0,0,0,0,0,0,0,0,0,
hello,6_30,11_17_35,1.8046,0,0,0,1.804636,0.0000,0.0000,0.0000,0.0000,0.0000,0.0000,0,0,,,,,,,,0,0,0,0,0,0,0,0,0,0,0,0,0,0,0,0,0,0,0,0,0,0,0,0,0,0,0,0,0,0,0,0,0,0,0,0,0,0,0,0,0,0,0,0,0,0,0,0,0,0,0,
hello,6_30,11_17_35,1.8083,0,0,0,1.808285,0.0000,0.0000,0.0000,0.0000,0.0000,0.0000,0,0,,,,,,,,0,0,0,0,0,0,0,0,0,0,0,0,0,0,0,0,0,0,0,0,0,0,0,0,0,0,0,0,0,0,0,0,0,0,0,0,0,0,0,0,0,0,0,0,0,0,0,0,0,0,0,
hello,6_30,11_17_35,1.8118,0,0,0,1.811768,0.0000,0.0000,0.0000,0.0000,0.0000,0.0000,0,0,,,,,,,,0,0,0,0,0,0,0,0,0,0,0,0,0,0,0,0,0,0,0,0,0,0,0,0,0,0,0,0,0,0,0,0,0,0,0,0,0,0,0,0,0,0,0,0,0,0,0,0,0,0,0,
hello,6_30,11_17_35,1.8192,0,0,0,1.819154,0.0000,0.0000,0.0000,0.0000,0.0000,0.0000,0,0,,,,,,,,0,0,0,0,0,0,0,0,0,0,0,0,0,0,0,0,0,0,0,0,0,0,0,0,0,0,0,0,0,0,0,0,0,0,0,0,0,0,0,0,0,0,0,0,0,0,0,0,0,0,0,
hello,6_30,11_17_35,1.8224,0,0,0,1.822435,0.0000,0.0000,0.0000,0.0000,0.0000,0.0000,0,0,,,,,,,,0,0,0,0,0,0,0,0,0,0,0,0,0,0,0,0,0,0,0,0,0,0,0,0,0,0,0,0,0,0,0,0,0,0,0,0,0,0,0,0,0,0,0,0,0,0,0,0,0,0,0,
hello,6_30,11_17_35,1.8263,0,0,0,1.82625,0.0000,0.0000,0.0000,0.0000,0.0000,0.0000,0,0,,,,,,,,0,0,0,0,0,0,0,0,0,0,0,0,0,0,0,0,0,0,0,0,0,0,0,0,0,0,0,0,0,0,0,0,0,0,0,0,0,0,0,0,0,0,0,0,0,0,0,0,0,0,0,
hello,6_30,11_17_35,1.8294,0,0,0,1.829436,0.0000,0.0000,0.0000,0.0000,0.0000,0.0000,0,0,,,,,,,,0,0,0,0,0,0,0,0,0,0,0,0,0,0,0,0,0,0,0,0,0,0,0,0,0,0,0,0,0,0,0,0,0,0,0,0,0,0,0,0,0,0,0,0,0,0,0,0,0,0,0,
hello,6_30,11_17_35,1.8330,0,0,0,1.833,0.0000,0.0000,0.0000,0.0000,0.0000,0.0000,0,0,,,,,,,,0,0,0,0,0,0,0,0,0,0,0,0,0,0,0,0,0,0,0,0,0,0,0,0,0,0,0,0,0,0,0,0,0,0,0,0,0,0,0,0,0,0,0,0,0,0,0,0,0,0,0,
hello,6_30,11_17_35,1.8366,0,0,0,1.83663,0.0000,0.0000,0.0000,0.0000,0.0000,0.0000,0,0,,,,,,,,0,0,0,0,0,0,0,0,0,0,0,0,0,0,0,0,0,0,0,0,0,0,0,0,0,0,0,0,0,0,0,0,0,0,0,0,0,0,0,0,0,0,0,0,0,0,0,0,0,0,0,
hello,6_30,11_17_35,1.8402,0,0,0,1.840227,0.0000,0.0000,0.0000,0.0000,0.0000,0.0000,0,0,,,,,,,,0,0,0,0,0,0,0,0,0,0,0,0,0,0,0,0,0,0,0,0,0,0,0,0,0,0,0,0,0,0,0,0,0,0,0,0,0,0,0,0,0,0,0,0,0,0,0,0,0,0,0,
hello,6_30,11_17_35,1.8437,0,0,0,1.843652,0.0000,0.0000,0.0000,0.0000,0.0000,0.0000,0,0,,,,,,,,0,0,0,0,0,0,0,0,0,0,0,0,0,0,0,0,0,0,0,0,0,0,0,0,0,0,0,0,0,0,0,0,0,0,0,0,0,0,0,0,0,0,0,0,0,0,0,0,0,0,0,
hello,6_30,11_17_35,1.8469,0,0,0,1.846908,0.0000,0.0000,0.0000,0.0000,0.0000,0.0000,0,0,,,,,,,,0,0,0,0,0,0,0,0,0,0,0,0,0,0,0,0,0,0,0,0,0,0,0,0,0,0,0,0,0,0,0,0,0,0,0,0,0,0,0,0,0,0,0,0,0,0,0,0,0,0,0,
hello,6_30,11_17_35,1.8506,0,0,0,1.850628,0.0000,0.0000,0.0000,0.0000,0.0000,0.0000,0,0,,,,,,,,0,0,0,0,0,0,0,0,0,0,0,0,0,0,0,0,0,0,0,0,0,0,0,0,0,0,0,0,0,0,0,0,0,0,0,0,0,0,0,0,0,0,0,0,0,0,0,0,0,0,0,
hello,6_30,11_17_35,1.8538,0,0,0,1.853833,0.0000,0.0000,0.0000,0.0000,0.0000,0.0000,0,0,,,,,,,,0,0,0,0,0,0,0,0,0,0,0,0,0,0,0,0,0,0,0,0,0,0,0,0,0,0,0,0,0,0,0,0,0,0,0,0,0,0,0,0,0,0,0,0,0,0,0,0,0,0,0,
hello,6_30,11_17_35,1.8571,0,0,0,1.857056,0.0000,0.0000,0.0000,0.0000,0.0000,0.0000,0,0,,,,,,,,0,0,0,0,0,0,0,0,0,0,0,0,0,0,0,0,0,0,0,0,0,0,0,0,0,0,0,0,0,0,0,0,0,0,0,0,0,0,0,0,0,0,0,0,0,0,0,0,0,0,0,
hello,6_30,11_17_35,1.8603,0,0,0,1.860252,0.0000,0.0000,0.0000,0.0000,0.0000,0.0000,0,0,,,,,,,,0,0,0,0,0,0,0,0,0,0,0,0,0,0,0,0,0,0,0,0,0,0,0,0,0,0,0,0,0,0,0,0,0,0,0,0,0,0,0,0,0,0,0,0,0,0,0,0,0,0,0,
hello,6_30,11_17_35,1.8638,0,0,0,1.86379,0.0000,0.0000,0.0000,0.0000,0.0000,0.0000,0,0,,,,,,,,0,0,0,0,0,0,0,0,0,0,0,0,0,0,0,0,0,0,0,0,0,0,0,0,0,0,0,0,0,0,0,0,0,0,0,0,0,0,0,0,0,0,0,0,0,0,0,0,0,0,0,
hello,6_30,11_17_35,1.8669,0,0,0,1.866868,0.0000,0.0000,0.0000,0.0000,0.0000,0.0000,0,0,,,,,,,,0,0,0,0,0,0,0,0,0,0,0,0,0,0,0,0,0,0,0,0,0,0,0,0,0,0,0,0,0,0,0,0,0,0,0,0,0,0,0,0,0,0,0,0,0,0,0,0,0,0,0,
hello,6_30,11_17_35,1.8701,0,0,0,1.870116,0.0000,0.0000,0.0000,0.0000,0.0000,0.0000,0,0,,,,,,,,0,0,0,0,0,0,0,0,0,0,0,0,0,0,0,0,0,0,0,0,0,0,0,0,0,0,0,0,0,0,0,0,0,0,0,0,0,0,0,0,0,0,0,0,0,0,0,0,0,0,0,
hello,6_30,11_17_35,1.8733,0,0,0,1.873334,0.0000,0.0000,0.0000,0.0000,0.0000,0.0000,0,0,,,,,,,,0,0,0,0,0,0,0,0,0,0,0,0,0,0,0,0,0,0,0,0,0,0,0,0,0,0,0,0,0,0,0,0,0,0,0,0,0,0,0,0,0,0,0,0,0,0,0,0,0,0,0,
hello,6_30,11_17_35,1.8767,0,0,0,1.876655,0.0000,0.0000,0.0000,0.0000,0.0000,0.0000,0,0,,,,,,,,0,0,0,0,0,0,0,0,0,0,0,0,0,0,0,0,0,0,0,0,0,0,0,0,0,0,0,0,0,0,0,0,0,0,0,0,0,0,0,0,0,0,0,0,0,0,0,0,0,0,0,
hello,6_30,11_17_35,1.8798,0,0,0,1.879845,0.0000,0.0000,0.0000,0.0000,0.0000,0.0000,0,0,,,,,,,,0,0,0,0,0,0,0,0,0,0,0,0,0,0,0,0,0,0,0,0,0,0,0,0,0,0,0,0,0,0,0,0,0,0,0,0,0,0,0,0,0,0,0,0,0,0,0,0,0,0,0,
hello,6_30,11_17_35,1.8830,0,0,0,1.883042,0.0000,0.0000,0.0000,0.0000,0.0000,0.0000,0,0,,,,,,,,0,0,0,0,0,0,0,0,0,0,0,0,0,0,0,0,0,0,0,0,0,0,0,0,0,0,0,0,0,0,0,0,0,0,0,0,0,0,0,0,0,0,0,0,0,0,0,0,0,0,0,
hello,6_30,11_17_35,1.8864,0,0,0,1.886445,0.0000,0.0000,0.0000,0.0000,0.0000,0.0000,0,0,,,,,,,,0,0,0,0,0,0,0,0,0,0,0,0,0,0,0,0,0,0,0,0,0,0,0,0,0,0,0,0,0,0,0,0,0,0,0,0,0,0,0,0,0,0,0,0,0,0,0,0,0,0,0,
hello,6_30,11_17_35,1.8896,0,0,0,1.8896,0.0000,0.0000,0.0000,0.0000,0.0000,0.0000,0,0,,,,,,,,0,0,0,0,0,0,0,0,0,0,0,0,0,0,0,0,0,0,0,0,0,0,0,0,0,0,0,0,0,0,0,0,0,0,0,0,0,0,0,0,0,0,0,0,0,0,0,0,0,0,0,
hello,6_30,11_17_35,1.8928,0,0,0,1.892832,0.0000,0.0000,0.0000,0.0000,0.0000,0.0000,0,0,,,,,,,,0,0,0,0,0,0,0,0,0,0,0,0,0,0,0,0,0,0,0,0,0,0,0,0,0,0,0,0,0,0,0,0,0,0,0,0,0,0,0,0,0,0,0,0,0,0,0,0,0,0,0,
hello,6_30,11_17_35,1.8961,0,0,0,1.896142,0.0000,0.0000,0.0000,0.0000,0.0000,0.0000,0,0,,,,,,,,0,0,0,0,0,0,0,0,0,0,0,0,0,0,0,0,0,0,0,0,0,0,0,0,0,0,0,0,0,0,0,0,0,0,0,0,0,0,0,0,0,0,0,0,0,0,0,0,0,0,0,
hello,6_30,11_17_35,1.8997,0,0,0,1.899735,0.0000,0.0000,0.0000,0.0000,0.0000,0.0000,0,0,,,,,,,,0,0,0,0,0,0,0,0,0,0,0,0,0,0,0,0,0,0,0,0,0,0,0,0,0,0,0,0,0,0,0,0,0,0,0,0,0,0,0,0,0,0,0,0,0,0,0,0,0,0,0,
hello,6_30,11_17_35,1.9029,0,0,0,1.90294,0.0000,0.0000,0.0000,0.0000,0.0000,0.0000,0,0,,,,,,,,0,0,0,0,0,0,0,0,0,0,0,0,0,0,0,0,0,0,0,0,0,0,0,0,0,0,0,0,0,0,0,0,0,0,0,0,0,0,0,0,0,0,0,0,0,0,0,0,0,0,0,
hello,6_30,11_17_35,1.9065,0,0,0,1.906454,0.0000,0.0000,0.0000,0.0000,0.0000,0.0000,0,0,,,,,,,,0,0,0,0,0,0,0,0,0,0,0,0,0,0,0,0,0,0,0,0,0,0,0,0,0,0,0,0,0,0,0,0,0,0,0,0,0,0,0,0,0,0,0,0,0,0,0,0,0,0,0,
hello,6_30,11_17_35,1.9098,0,0,0,1.909829,0.0000,0.0000,0.0000,0.0000,0.0000,0.0000,0,0,,,,,,,,0,0,0,0,0,0,0,0,0,0,0,0,0,0,0,0,0,0,0,0,0,0,0,0,0,0,0,0,0,0,0,0,0,0,0,0,0,0,0,0,0,0,0,0,0,0,0,0,0,0,0,
hello,6_30,11_17_35,1.9131,0,0,0,1.913066,0.0000,0.0000,0.0000,0.0000,0.0000,0.0000,0,0,,,,,,,,0,0,0,0,0,0,0,0,0,0,0,0,0,0,0,0,0,0,0,0,0,0,0,0,0,0,0,0,0,0,0,0,0,0,0,0,0,0,0,0,0,0,0,0,0,0,0,0,0,0,0,
hello,6_30,11_17_35,1.9166,0,0,0,1.916612,0.0000,0.0000,0.0000,0.0000,0.0000,0.0000,0,0,,,,,,,,0,0,0,0,0,0,0,0,0,0,0,0,0,0,0,0,0,0,0,0,0,0,0,0,0,0,0,0,0,0,0,0,0,0,0,0,0,0,0,0,0,0,0,0,0,0,0,0,0,0,0,
hello,6_30,11_17_35,1.9198,0,0,0,1.919795,0.0000,0.0000,0.0000,0.0000,0.0000,0.0000,0,0,,,,,,,,0,0,0,0,0,0,0,0,0,0,0,0,0,0,0,0,0,0,0,0,0,0,0,0,0,0,0,0,0,0,0,0,0,0,0,0,0,0,0,0,0,0,0,0,0,0,0,0,0,0,0,
hello,6_30,11_17_35,1.9229,0,0,0,1.922896,0.0000,0.0000,0.0000,0.0000,0.0000,0.0000,0,0,,,,,,,,0,0,0,0,0,0,0,0,0,0,0,0,0,0,0,0,0,0,0,0,0,0,0,0,0,0,0,0,0,0,0,0,0,0,0,0,0,0,0,0,0,0,0,0,0,0,0,0,0,0,0,
hello,6_30,11_17_35,1.9262,0,0,0,1.926236,0.0000,0.0000,0.0000,0.0000,0.0000,0.0000,0,0,,,,,,,,0,0,0,0,0,0,0,0,0,0,0,0,0,0,0,0,0,0,0,0,0,0,0,0,0,0,0,0,0,0,0,0,0,0,0,0,0,0,0,0,0,0,0,0,0,0,0,0,0,0,0,
hello,6_30,11_17_35,1.9295,0,0,0,1.929495,0.0000,0.0000,0.0000,0.0000,0.0000,0.0000,0,0,,,,,,,,0,0,0,0,0,0,0,0,0,0,0,0,0,0,0,0,0,0,0,0,0,0,0,0,0,0,0,0,0,0,0,0,0,0,0,0,0,0,0,0,0,0,0,0,0,0,0,0,0,0,0,
hello,6_30,11_17_35,1.9328,0,0,0,1.932781,0.0000,0.0000,0.0000,0.0000,0.0000,0.0000,0,0,,,,,,,,0,0,0,0,0,0,0,0,0,0,0,0,0,0,0,0,0,0,0,0,0,0,0,0,0,0,0,0,0,0,0,0,0,0,0,0,0,0,0,0,0,0,0,0,0,0,0,0,0,0,0,
hello,6_30,11_17_35,1.9361,0,0,0,1.936108,0.0000,0.0000,0.0000,0.0000,0.0000,0.0000,0,0,,,,,,,,0,0,0,0,0,0,0,0,0,0,0,0,0,0,0,0,0,0,0,0,0,0,0,0,0,0,0,0,0,0,0,0,0,0,0,0,0,0,0,0,0,0,0,0,0,0,0,0,0,0,0,
hello,6_30,11_17_35,1.9393,0,0,0,1.939314,0.0000,0.0000,0.0000,0.0000,0.0000,0.0000,0,0,,,,,,,,0,0,0,0,0,0,0,0,0,0,0,0,0,0,0,0,0,0,0,0,0,0,0,0,0,0,0,0,0,0,0,0,0,0,0,0,0,0,0,0,0,0,0,0,0,0,0,0,0,0,0,
hello,6_30,11_17_35,1.9425,0,0,0,1.942507,0.0000,0.0000,0.0000,0.0000,0.0000,0.0000,0,0,,,,,,,,0,0,0,0,0,0,0,0,0,0,0,0,0,0,0,0,0,0,0,0,0,0,0,0,0,0,0,0,0,0,0,0,0,0,0,0,0,0,0,0,0,0,0,0,0,0,0,0,0,0,0,
hello,6_30,11_17_35,1.9459,0,0,0,1.945885,0.0000,0.0000,0.0000,0.0000,0.0000,0.0000,0,0,,,,,,,,0,0,0,0,0,0,0,0,0,0,0,0,0,0,0,0,0,0,0,0,0,0,0,0,0,0,0,0,0,0,0,0,0,0,0,0,0,0,0,0,0,0,0,0,0,0,0,0,0,0,0,
hello,6_30,11_17_35,1.9493,0,0,0,1.949289,0.0000,0.0000,0.0000,0.0000,0.0000,0.0000,0,0,,,,,,,,0,0,0,0,0,0,0,0,0,0,0,0,0,0,0,0,0,0,0,0,0,0,0,0,0,0,0,0,0,0,0,0,0,0,0,0,0,0,0,0,0,0,0,0,0,0,0,0,0,0,0,
hello,6_30,11_17_35,1.9525,0,0,0,1.952479,0.0000,0.0000,0.0000,0.0000,0.0000,0.0000,0,0,,,,,,,,0,0,0,0,0,0,0,0,0,0,0,0,0,0,0,0,0,0,0,0,0,0,0,0,0,0,0,0,0,0,0,0,0,0,0,0,0,0,0,0,0,0,0,0,0,0,0,0,0,0,0,
hello,6_30,11_17_35,1.9556,0,0,0,1.955575,0.0000,0.0000,0.0000,0.0000,0.0000,0.0000,0,0,,,,,,,,0,0,0,0,0,0,0,0,0,0,0,0,0,0,0,0,0,0,0,0,0,0,0,0,0,0,0,0,0,0,0,0,0,0,0,0,0,0,0,0,0,0,0,0,0,0,0,0,0,0,0,
hello,6_30,11_17_35,1.9588,0,0,0,1.958775,0.0000,0.0000,0.0000,0.0000,0.0000,0.0000,0,0,,,,,,,,0,0,0,0,0,0,0,0,0,0,0,0,0,0,0,0,0,0,0,0,0,0,0,0,0,0,0,0,0,0,0,0,0,0,0,0,0,0,0,0,0,0,0,0,0,0,0,0,0,0,0,
hello,6_30,11_17_35,1.9623,0,0,0,1.962316,0.0000,0.0000,0.0000,0.0000,0.0000,0.0000,0,0,,,,,,,,0,0,0,0,0,0,0,0,0,0,0,0,0,0,0,0,0,0,0,0,0,0,0,0,0,0,0,0,0,0,0,0,0,0,0,0,0,0,0,0,0,0,0,0,0,0,0,0,0,0,0,
hello,6_30,11_17_35,1.9661,0,0,0,1.966079,0.0000,0.0000,0.0000,0.0000,0.0000,0.0000,0,0,,,,,,,,0,0,0,0,0,0,0,0,0,0,0,0,0,0,0,0,0,0,0,0,0,0,0,0,0,0,0,0,0,0,0,0,0,0,0,0,0,0,0,0,0,0,0,0,0,0,0,0,0,0,0,
hello,6_30,11_17_35,1.9693,0,0,0,1.969298,0.0000,0.0000,0.0000,0.0000,0.0000,0.0000,0,0,,,,,,,,0,0,0,0,0,0,0,0,0,0,0,0,0,0,0,0,0,0,0,0,0,0,0,0,0,0,0,0,0,0,0,0,0,0,0,0,0,0,0,0,0,0,0,0,0,0,0,0,0,0,0,
hello,6_30,11_17_35,1.9727,0,0,0,1.972687,0.0000,0.0000,0.0000,0.0000,0.0000,0.0000,0,0,,,,,,,,0,0,0,0,0,0,0,0,0,0,0,0,0,0,0,0,0,0,0,0,0,0,0,0,0,0,0,0,0,0,0,0,0,0,0,0,0,0,0,0,0,0,0,0,0,0,0,0,0,0,0,
hello,6_30,11_17_35,1.9760,0,0,0,1.976031,0.0000,0.0000,0.0000,0.0000,0.0000,0.0000,0,0,,,,,,,,0,0,0,0,0,0,0,0,0,0,0,0,0,0,0,0,0,0,0,0,0,0,0,0,0,0,0,0,0,0,0,0,0,0,0,0,0,0,0,0,0,0,0,0,0,0,0,0,0,0,0,
hello,6_30,11_17_35,1.9793,0,0,0,1.979314,0.0000,0.0000,0.0000,0.0000,0.0000,0.0000,0,0,,,,,,,,0,0,0,0,0,0,0,0,0,0,0,0,0,0,0,0,0,0,0,0,0,0,0,0,0,0,0,0,0,0,0,0,0,0,0,0,0,0,0,0,0,0,0,0,0,0,0,0,0,0,0,
hello,6_30,11_17_35,1.9827,0,0,0,1.982741,0.0000,0.0000,0.0000,0.0000,0.0000,0.0000,0,0,,,,,,,,0,0,0,0,0,0,0,0,0,0,0,0,0,0,0,0,0,0,0,0,0,0,0,0,0,0,0,0,0,0,0,0,0,0,0,0,0,0,0,0,0,0,0,0,0,0,0,0,0,0,0,
hello,6_30,11_17_35,1.9861,0,0,0,1.986136,0.0000,0.0000,0.0000,0.0000,0.0000,0.0000,0,0,,,,,,,,0,0,0,0,0,0,0,0,0,0,0,0,0,0,0,0,0,0,0,0,0,0,0,0,0,0,0,0,0,0,0,0,0,0,0,0,0,0,0,0,0,0,0,0,0,0,0,0,0,0,0,
hello,6_30,11_17_35,1.9893,0,0,0,1.989316,0.0000,0.0000,0.0000,0.0000,0.0000,0.0000,0,0,,,,,,,,0,0,0,0,0,0,0,0,0,0,0,0,0,0,0,0,0,0,0,0,0,0,0,0,0,0,0,0,0,0,0,0,0,0,0,0,0,0,0,0,0,0,0,0,0,0,0,0,0,0,0,
hello,6_30,11_17_35,1.9927,0,0,0,1.992728,0.0000,0.0000,0.0000,0.0000,0.0000,0.0000,0,0,,,,,,,,0,0,0,0,0,0,0,0,0,0,0,0,0,0,0,0,0,0,0,0,0,0,0,0,0,0,0,0,0,0,0,0,0,0,0,0,0,0,0,0,0,0,0,0,0,0,0,0,0,0,0,
hello,6_30,11_17_35,1.9960,0,0,0,1.996018,0.0000,0.0000,0.0000,0.0000,0.0000,0.0000,0,0,,,,,,,,0,0,0,0,0,0,0,0,0,0,0,0,0,0,0,0,0,0,0,0,0,0,0,0,0,0,0,0,0,0,0,0,0,0,0,0,0,0,0,0,0,0,0,0,0,0,0,0,0,0,0,
hello,6_30,11_17_35,1.9995,0,0,0,1.999545,0.0000,0.0000,0.0000,0.0000,0.0000,0.0000,0,0,,,,,,,,0,0,0,0,0,0,0,0,0,0,0,0,0,0,0,0,0,0,0,0,0,0,0,0,0,0,0,0,0,0,0,0,0,0,0,0,0,0,0,0,0,0,0,0,0,0,0,0,0,0,0,
hello,6_30,11_17_35,2.0028,0,0,0,2.002789,0.0000,0.0000,0.0000,0.0000,0.0000,0.0000,0,0,,,,,,,,0,0,0,0,0,0,0,0,0,0,0,0,0,0,0,0,0,0,0,0,0,0,0,0,0,0,0,0,0,0,0,0,0,0,0,0,0,0,0,0,0,0,0,0,0,0,0,0,0,0,0,
hello,6_30,11_17_35,2.0063,0,0,0,2.006262,0.0000,0.0000,0.0000,0.0000,0.0000,0.0000,0,0,,,,,,,,0,0,0,0,0,0,0,0,0,0,0,0,0,0,0,0,0,0,0,0,0,0,0,0,0,0,0,0,0,0,0,0,0,0,0,0,0,0,0,0,0,0,0,0,0,0,0,0,0,0,0,
hello,6_30,11_17_35,2.0095,0,0,0,2.009453,0.0000,0.0000,0.0000,0.0000,0.0000,0.0000,0,0,,,,,,,,0,0,0,0,0,0,0,0,0,0,0,0,0,0,0,0,0,0,0,0,0,0,0,0,0,0,0,0,0,0,0,0,0,0,0,0,0,0,0,0,0,0,0,0,0,0,0,0,0,0,0,
hello,6_30,11_17_35,2.0128,0,0,0,2.012782,0.0000,0.0000,0.0000,0.0000,0.0000,0.0000,0,0,,,,,,,,0,0,0,0,0,0,0,0,0,0,0,0,0,0,0,0,0,0,0,0,0,0,0,0,0,0,0,0,0,0,0,0,0,0,0,0,0,0,0,0,0,0,0,0,0,0,0,0,0,0,0,
hello,6_30,11_17_35,2.0203,0,0,0,2.020313,0.0000,0.0000,0.0000,0.0000,0.0000,0.0000,0,0,,,,,,,,0,0,0,0,0,0,0,0,0,0,0,0,0,0,0,0,0,0,0,0,0,0,0,0,0,0,0,0,0,0,0,0,0,0,0,0,0,0,0,0,0,0,0,0,0,0,0,0,0,0,0,
hello,6_30,11_17_35,2.0237,0,0,0,2.023692,0.0000,0.0000,0.0000,0.0000,0.0000,0.0000,0,0,,,,,,,,0,0,0,0,0,0,0,0,0,0,0,0,0,0,0,0,0,0,0,0,0,0,0,0,0,0,0,0,0,0,0,0,0,0,0,0,0,0,0,0,0,0,0,0,0,0,0,0,0,0,0,
hello,6_30,11_17_35,2.0270,0,0,0,2.026981,0.0000,0.0000,0.0000,0.0000,0.0000,0.0000,0,0,,,,,,,,0,0,0,0,0,0,0,0,0,0,0,0,0,0,0,0,0,0,0,0,0,0,0,0,0,0,0,0,0,0,0,0,0,0,0,0,0,0,0,0,0,0,0,0,0,0,0,0,0,0,0,
hello,6_30,11_17_35,2.0304,0,0,0,2.030351,0.0000,0.0000,0.0000,0.0000,0.0000,0.0000,0,0,,,,,,,,0,0,0,0,0,0,0,0,0,0,0,0,0,0,0,0,0,0,0,0,0,0,0,0,0,0,0,0,0,0,0,0,0,0,0,0,0,0,0,0,0,0,0,0,0,0,0,0,0,0,0,
hello,6_30,11_17_35,2.0334,0,0,0,2.033438,0.0000,0.0000,0.0000,0.0000,0.0000,0.0000,0,0,,,,,,,,0,0,0,0,0,0,0,0,0,0,0,0,0,0,0,0,0,0,0,0,0,0,0,0,0,0,0,0,0,0,0,0,0,0,0,0,0,0,0,0,0,0,0,0,0,0,0,0,0,0,0,
hello,6_30,11_17_35,2.0366,0,0,0,2.036649,0.0000,0.0000,0.0000,0.0000,0.0000,0.0000,0,0,,,,,,,,0,0,0,0,0,0,0,0,0,0,0,0,0,0,0,0,0,0,0,0,0,0,0,0,0,0,0,0,0,0,0,0,0,0,0,0,0,0,0,0,0,0,0,0,0,0,0,0,0,0,0,
hello,6_30,11_17_35,2.0398,0,0,0,2.0398,0.0000,0.0000,0.0000,0.0000,0.0000,0.0000,0,0,,,,,,,,0,0,0,0,0,0,0,0,0,0,0,0,0,0,0,0,0,0,0,0,0,0,0,0,0,0,0,0,0,0,0,0,0,0,0,0,0,0,0,0,0,0,0,0,0,0,0,0,0,0,0,
hello,6_30,11_17_35,2.0430,0,0,0,2.042972,0.0000,0.0000,0.0000,0.0000,0.0000,0.0000,0,0,,,,,,,,0,0,0,0,0,0,0,0,0,0,0,0,0,0,0,0,0,0,0,0,0,0,0,0,0,0,0,0,0,0,0,0,0,0,0,0,0,0,0,0,0,0,0,0,0,0,0,0,0,0,0,
hello,6_30,11_17_35,2.0469,0,0,0,2.046926,0.0000,0.0000,0.0000,0.0000,0.0000,0.0000,0,0,,,,,,,,0,0,0,0,0,0,0,0,0,0,0,0,0,0,0,0,0,0,0,0,0,0,0,0,0,0,0,0,0,0,0,0,0,0,0,0,0,0,0,0,0,0,0,0,0,0,0,0,0,0,0,
hello,6_30,11_17_35,2.0506,0,0,0,2.050554,0.0000,0.0000,0.0000,0.0000,0.0000,0.0000,0,0,,,,,,,,0,0,0,0,0,0,0,0,0,0,0,0,0,0,0,0,0,0,0,0,0,0,0,0,0,0,0,0,0,0,0,0,0,0,0,0,0,0,0,0,0,0,0,0,0,0,0,0,0,0,0,
hello,6_30,11_17_35,2.0538,0,0,0,2.053801,0.0000,0.0000,0.0000,0.0000,0.0000,0.0000,0,0,,,,,,,,0,0,0,0,0,0,0,0,0,0,0,0,0,0,0,0,0,0,0,0,0,0,0,0,0,0,0,0,0,0,0,0,0,0,0,0,0,0,0,0,0,0,0,0,0,0,0,0,0,0,0,
hello,6_30,11_17_35,2.0569,0,0,0,2.056945,0.0000,0.0000,0.0000,0.0000,0.0000,0.0000,0,0,,,,,,,,0,0,0,0,0,0,0,0,0,0,0,0,0,0,0,0,0,0,0,0,0,0,0,0,0,0,0,0,0,0,0,0,0,0,0,0,0,0,0,0,0,0,0,0,0,0,0,0,0,0,0,
hello,6_30,11_17_35,2.0601,0,0,0,2.060088,0.0000,0.0000,0.0000,0.0000,0.0000,0.0000,0,0,,,,,,,,0,0,0,0,0,0,0,0,0,0,0,0,0,0,0,0,0,0,0,0,0,0,0,0,0,0,0,0,0,0,0,0,0,0,0,0,0,0,0,0,0,0,0,0,0,0,0,0,0,0,0,
hello,6_30,11_17_35,2.0637,0,0,0,2.063711,0.0000,0.0000,0.0000,0.0000,0.0000,0.0000,0,0,,,,,,,,0,0,0,0,0,0,0,0,0,0,0,0,0,0,0,0,0,0,0,0,0,0,0,0,0,0,0,0,0,0,0,0,0,0,0,0,0,0,0,0,0,0,0,0,0,0,0,0,0,0,0,
hello,6_30,11_17_35,2.0669,0,0,0,2.066851,0.0000,0.0000,0.0000,0.0000,0.0000,0.0000,0,0,,,,,,,,0,0,0,0,0,0,0,0,0,0,0,0,0,0,0,0,0,0,0,0,0,0,0,0,0,0,0,0,0,0,0,0,0,0,0,0,0,0,0,0,0,0,0,0,0,0,0,0,0,0,0,
hello,6_30,11_17_35,2.0702,0,0,0,2.070172,0.0000,0.0000,0.0000,0.0000,0.0000,0.0000,0,0,,,,,,,,0,0,0,0,0,0,0,0,0,0,0,0,0,0,0,0,0,0,0,0,0,0,0,0,0,0,0,0,0,0,0,0,0,0,0,0,0,0,0,0,0,0,0,0,0,0,0,0,0,0,0,
hello,6_30,11_17_35,2.0735,0,0,0,2.073467,0.0000,0.0000,0.0000,0.0000,0.0000,0.0000,0,0,,,,,,,,0,0,0,0,0,0,0,0,0,0,0,0,0,0,0,0,0,0,0,0,0,0,0,0,0,0,0,0,0,0,0,0,0,0,0,0,0,0,0,0,0,0,0,0,0,0,0,0,0,0,0,
hello,6_30,11_17_35,2.0768,0,0,0,2.076764,0.0000,0.0000,0.0000,0.0000,0.0000,0.0000,0,0,,,,,,,,0,0,0,0,0,0,0,0,0,0,0,0,0,0,0,0,0,0,0,0,0,0,0,0,0,0,0,0,0,0,0,0,0,0,0,0,0,0,0,0,0,0,0,0,0,0,0,0,0,0,0,
hello,6_30,11_17_35,2.0800,0,0,0,2.079961,0.0000,0.0000,0.0000,0.0000,0.0000,0.0000,0,0,,,,,,,,0,0,0,0,0,0,0,0,0,0,0,0,0,0,0,0,0,0,0,0,0,0,0,0,0,0,0,0,0,0,0,0,0,0,0,0,0,0,0,0,0,0,0,0,0,0,0,0,0,0,0,
hello,6_30,11_17_35,2.0831,0,0,0,2.083126,0.0000,0.0000,0.0000,0.0000,0.0000,0.0000,0,0,,,,,,,,0,0,0,0,0,0,0,0,0,0,0,0,0,0,0,0,0,0,0,0,0,0,0,0,0,0,0,0,0,0,0,0,0,0,0,0,0,0,0,0,0,0,0,0,0,0,0,0,0,0,0,
hello,6_30,11_17_35,2.0867,0,0,0,2.086737,0.0000,0.0000,0.0000,0.0000,0.0000,0.0000,0,0,,,,,,,,0,0,0,0,0,0,0,0,0,0,0,0,0,0,0,0,0,0,0,0,0,0,0,0,0,0,0,0,0,0,0,0,0,0,0,0,0,0,0,0,0,0,0,0,0,0,0,0,0,0,0,
hello,6_30,11_17_35,2.0900,0,0,0,2.089954,0.0000,0.0000,0.0000,0.0000,0.0000,0.0000,0,0,,,,,,,,0,0,0,0,0,0,0,0,0,0,0,0,0,0,0,0,0,0,0,0,0,0,0,0,0,0,0,0,0,0,0,0,0,0,0,0,0,0,0,0,0,0,0,0,0,0,0,0,0,0,0,
hello,6_30,11_17_35,2.0931,0,0,0,2.093149,0.0000,0.0000,0.0000,0.0000,0.0000,0.0000,0,0,,,,,,,,0,0,0,0,0,0,0,0,0,0,0,0,0,0,0,0,0,0,0,0,0,0,0,0,0,0,0,0,0,0,0,0,0,0,0,0,0,0,0,0,0,0,0,0,0,0,0,0,0,0,0,
hello,6_30,11_17_35,2.0964,0,0,0,2.096405,0.0000,0.0000,0.0000,0.0000,0.0000,0.0000,0,0,,,,,,,,0,0,0,0,0,0,0,0,0,0,0,0,0,0,0,0,0,0,0,0,0,0,0,0,0,0,0,0,0,0,0,0,0,0,0,0,0,0,0,0,0,0,0,0,0,0,0,0,0,0,0,
hello,6_30,11_17_35,2.0997,0,0,0,2.099703,0.0000,0.0000,0.0000,0.0000,0.0000,0.0000,0,0,,,,,,,,0,0,0,0,0,0,0,0,0,0,0,0,0,0,0,0,0,0,0,0,0,0,0,0,0,0,0,0,0,0,0,0,0,0,0,0,0,0,0,0,0,0,0,0,0,0,0,0,0,0,0,
hello,6_30,11_17_35,2.1029,0,0,0,2.102862,0.0000,0.0000,0.0000,0.0000,0.0000,0.0000,0,0,,,,,,,,0,0,0,0,0,0,0,0,0,0,0,0,0,0,0,0,0,0,0,0,0,0,0,0,0,0,0,0,0,0,0,0,0,0,0,0,0,0,0,0,0,0,0,0,0,0,0,0,0,0,0,
hello,6_30,11_17_35,2.1063,0,0,0,2.106292,0.0000,0.0000,0.0000,0.0000,0.0000,0.0000,0,0,,,,,,,,0,0,0,0,0,0,0,0,0,0,0,0,0,0,0,0,0,0,0,0,0,0,0,0,0,0,0,0,0,0,0,0,0,0,0,0,0,0,0,0,0,0,0,0,0,0,0,0,0,0,0,
hello,6_30,11_17_35,2.1096,0,0,0,2.109571,0.0000,0.0000,0.0000,0.0000,0.0000,0.0000,0,0,,,,,,,,0,0,0,0,0,0,0,0,0,0,0,0,0,0,0,0,0,0,0,0,0,0,0,0,0,0,0,0,0,0,0,0,0,0,0,0,0,0,0,0,0,0,0,0,0,0,0,0,0,0,0,
hello,6_30,11_17_35,2.1128,0,0,0,2.112762,0.0000,0.0000,0.0000,0.0000,0.0000,0.0000,0,0,,,,,,,,0,0,0,0,0,0,0,0,0,0,0,0,0,0,0,0,0,0,0,0,0,0,0,0,0,0,0,0,0,0,0,0,0,0,0,0,0,0,0,0,0,0,0,0,0,0,0,0,0,0,0,
hello,6_30,11_17_35,2.1160,0,0,0,2.115977,0.0000,0.0000,0.0000,0.0000,0.0000,0.0000,0,0,,,,,,,,0,0,0,0,0,0,0,0,0,0,0,0,0,0,0,0,0,0,0,0,0,0,0,0,0,0,0,0,0,0,0,0,0,0,0,0,0,0,0,0,0,0,0,0,0,0,0,0,0,0,0,
hello,6_30,11_17_35,2.1192,0,0,0,2.119186,0.0000,0.0000,0.0000,0.0000,0.0000,0.0000,0,0,,,,,,,,0,0,0,0,0,0,0,0,0,0,0,0,0,0,0,0,0,0,0,0,0,0,0,0,0,0,0,0,0,0,0,0,0,0,0,0,0,0,0,0,0,0,0,0,0,0,0,0,0,0,0,
hello,6_30,11_17_35,2.1224,0,0,0,2.122352,0.0000,0.0000,0.0000,0.0000,0.0000,0.0000,0,0,,,,,,,,0,0,0,0,0,0,0,0,0,0,0,0,0,0,0,0,0,0,0,0,0,0,0,0,0,0,0,0,0,0,0,0,0,0,0,0,0,0,0,0,0,0,0,0,0,0,0,0,0,0,0,
hello,6_30,11_17_35,2.1258,0,0,0,2.125798,0.0000,0.0000,0.0000,0.0000,0.0000,0.0000,0,0,,,,,,,,0,0,0,0,0,0,0,0,0,0,0,0,0,0,0,0,0,0,0,0,0,0,0,0,0,0,0,0,0,0,0,0,0,0,0,0,0,0,0,0,0,0,0,0,0,0,0,0,0,0,0,
hello,6_30,11_17_35,2.1290,0,0,0,2.129005,0.0000,0.0000,0.0000,0.0000,0.0000,0.0000,0,0,,,,,,,,0,0,0,0,0,0,0,0,0,0,0,0,0,0,0,0,0,0,0,0,0,0,0,0,0,0,0,0,0,0,0,0,0,0,0,0,0,0,0,0,0,0,0,0,0,0,0,0,0,0,0,
hello,6_30,11_17_35,2.1324,0,0,0,2.132404,0.0000,0.0000,0.0000,0.0000,0.0000,0.0000,0,0,,,,,,,,0,0,0,0,0,0,0,0,0,0,0,0,0,0,0,0,0,0,0,0,0,0,0,0,0,0,0,0,0,0,0,0,0,0,0,0,0,0,0,0,0,0,0,0,0,0,0,0,0,0,0,
hello,6_30,11_17_35,2.1357,0,0,0,2.135691,0.0000,0.0000,0.0000,0.0000,0.0000,0.0000,0,0,,,,,,,,0,0,0,0,0,0,0,0,0,0,0,0,0,0,0,0,0,0,0,0,0,0,0,0,0,0,0,0,0,0,0,0,0,0,0,0,0,0,0,0,0,0,0,0,0,0,0,0,0,0,0,
hello,6_30,11_17_35,2.1389,0,0,0,2.138922,0.0000,0.0000,0.0000,0.0000,0.0000,0.0000,0,0,,,,,,,,0,0,0,0,0,0,0,0,0,0,0,0,0,0,0,0,0,0,0,0,0,0,0,0,0,0,0,0,0,0,0,0,0,0,0,0,0,0,0,0,0,0,0,0,0,0,0,0,0,0,0,
hello,6_30,11_17_35,2.1423,0,0,0,2.142266,0.0000,0.0000,0.0000,0.0000,0.0000,0.0000,0,0,,,,,,,,0,0,0,0,0,0,0,0,0,0,0,0,0,0,0,0,0,0,0,0,0,0,0,0,0,0,0,0,0,0,0,0,0,0,0,0,0,0,0,0,0,0,0,0,0,0,0,0,0,0,0,
hello,6_30,11_17_35,2.1458,0,0,0,2.145815,0.0000,0.0000,0.0000,0.0000,0.0000,0.0000,0,0,,,,,,,,0,0,0,0,0,0,0,0,0,0,0,0,0,0,0,0,0,0,0,0,0,0,0,0,0,0,0,0,0,0,0,0,0,0,0,0,0,0,0,0,0,0,0,0,0,0,0,0,0,0,0,
hello,6_30,11_17_35,2.1494,0,0,0,2.149397,0.0000,0.0000,0.0000,0.0000,0.0000,0.0000,0,0,,,,,,,,0,0,0,0,0,0,0,0,0,0,0,0,0,0,0,0,0,0,0,0,0,0,0,0,0,0,0,0,0,0,0,0,0,0,0,0,0,0,0,0,0,0,0,0,0,0,0,0,0,0,0,
hello,6_30,11_17_35,2.1527,0,0,0,2.152738,0.0000,0.0000,0.0000,0.0000,0.0000,0.0000,0,0,,,,,,,,0,0,0,0,0,0,0,0,0,0,0,0,0,0,0,0,0,0,0,0,0,0,0,0,0,0,0,0,0,0,0,0,0,0,0,0,0,0,0,0,0,0,0,0,0,0,0,0,0,0,0,
hello,6_30,11_17_35,2.1560,0,0,0,2.15596,0.0000,0.0000,0.0000,0.0000,0.0000,0.0000,0,0,,,,,,,,0,0,0,0,0,0,0,0,0,0,0,0,0,0,0,0,0,0,0,0,0,0,0,0,0,0,0,0,0,0,0,0,0,0,0,0,0,0,0,0,0,0,0,0,0,0,0,0,0,0,0,
hello,6_30,11_17_35,2.1592,0,0,0,2.159191,0.0000,0.0000,0.0000,0.0000,0.0000,0.0000,0,0,,,,,,,,0,0,0,0,0,0,0,0,0,0,0,0,0,0,0,0,0,0,0,0,0,0,0,0,0,0,0,0,0,0,0,0,0,0,0,0,0,0,0,0,0,0,0,0,0,0,0,0,0,0,0,
hello,6_30,11_17_35,2.1625,0,0,0,2.162465,0.0000,0.0000,0.0000,0.0000,0.0000,0.0000,0,0,,,,,,,,0,0,0,0,0,0,0,0,0,0,0,0,0,0,0,0,0,0,0,0,0,0,0,0,0,0,0,0,0,0,0,0,0,0,0,0,0,0,0,0,0,0,0,0,0,0,0,0,0,0,0,
hello,6_30,11_17_35,2.1660,0,0,0,2.165967,0.0000,0.0000,0.0000,0.0000,0.0000,0.0000,0,0,,,,,,,,0,0,0,0,0,0,0,0,0,0,0,0,0,0,0,0,0,0,0,0,0,0,0,0,0,0,0,0,0,0,0,0,0,0,0,0,0,0,0,0,0,0,0,0,0,0,0,0,0,0,0,
hello,6_30,11_17_35,2.1692,0,0,0,2.16921,0.0000,0.0000,0.0000,0.0000,0.0000,0.0000,0,0,,,,,,,,0,0,0,0,0,0,0,0,0,0,0,0,0,0,0,0,0,0,0,0,0,0,0,0,0,0,0,0,0,0,0,0,0,0,0,0,0,0,0,0,0,0,0,0,0,0,0,0,0,0,0,
hello,6_30,11_17_35,2.1728,0,0,0,2.17276,0.0000,0.0000,0.0000,0.0000,0.0000,0.0000,0,0,,,,,,,,0,0,0,0,0,0,0,0,0,0,0,0,0,0,0,0,0,0,0,0,0,0,0,0,0,0,0,0,0,0,0,0,0,0,0,0,0,0,0,0,0,0,0,0,0,0,0,0,0,0,0,
hello,6_30,11_17_35,2.1760,0,0,0,2.175986,0.0000,0.0000,0.0000,0.0000,0.0000,0.0000,0,0,,,,,,,,0,0,0,0,0,0,0,0,0,0,0,0,0,0,0,0,0,0,0,0,0,0,0,0,0,0,0,0,0,0,0,0,0,0,0,0,0,0,0,0,0,0,0,0,0,0,0,0,0,0,0,
hello,6_30,11_17_35,2.1792,0,0,0,2.179222,0.0000,0.0000,0.0000,0.0000,0.0000,0.0000,0,0,,,,,,,,0,0,0,0,0,0,0,0,0,0,0,0,0,0,0,0,0,0,0,0,0,0,0,0,0,0,0,0,0,0,0,0,0,0,0,0,0,0,0,0,0,0,0,0,0,0,0,0,0,0,0,
hello,6_30,11_17_35,2.1827,0,0,0,2.182712,0.0000,0.0000,0.0000,0.0000,0.0000,0.0000,0,0,,,,,,,,0,0,0,0,0,0,0,0,0,0,0,0,0,0,0,0,0,0,0,0,0,0,0,0,0,0,0,0,0,0,0,0,0,0,0,0,0,0,0,0,0,0,0,0,0,0,0,0,0,0,0,
hello,6_30,11_17_35,2.1860,0,0,0,2.186047,0.0000,0.0000,0.0000,0.0000,0.0000,0.0000,0,0,,,,,,,,0,0,0,0,0,0,0,0,0,0,0,0,0,0,0,0,0,0,0,0,0,0,0,0,0,0,0,0,0,0,0,0,0,0,0,0,0,0,0,0,0,0,0,0,0,0,0,0,0,0,0,
hello,6_30,11_17_35,2.1893,0,0,0,2.189264,0.0000,0.0000,0.0000,0.0000,0.0000,0.0000,0,0,,,,,,,,0,0,0,0,0,0,0,0,0,0,0,0,0,0,0,0,0,0,0,0,0,0,0,0,0,0,0,0,0,0,0,0,0,0,0,0,0,0,0,0,0,0,0,0,0,0,0,0,0,0,0,
hello,6_30,11_17_35,2.1929,0,0,0,2.192862,0.0000,0.0000,0.0000,0.0000,0.0000,0.0000,0,0,,,,,,,,0,0,0,0,0,0,0,0,0,0,0,0,0,0,0,0,0,0,0,0,0,0,0,0,0,0,0,0,0,0,0,0,0,0,0,0,0,0,0,0,0,0,0,0,0,0,0,0,0,0,0,
hello,6_30,11_17_35,2.1961,0,0,0,2.196091,0.0000,0.0000,0.0000,0.0000,0.0000,0.0000,0,0,,,,,,,,0,0,0,0,0,0,0,0,0,0,0,0,0,0,0,0,0,0,0,0,0,0,0,0,0,0,0,0,0,0,0,0,0,0,0,0,0,0,0,0,0,0,0,0,0,0,0,0,0,0,0,
hello,6_30,11_17_35,2.1994,0,0,0,2.19938,0.0000,0.0000,0.0000,0.0000,0.0000,0.0000,0,0,,,,,,,,0,0,0,0,0,0,0,0,0,0,0,0,0,0,0,0,0,0,0,0,0,0,0,0,0,0,0,0,0,0,0,0,0,0,0,0,0,0,0,0,0,0,0,0,0,0,0,0,0,0,0,
hello,6_30,11_17_35,2.2028,0,0,0,2.202841,0.0000,0.0000,0.0000,0.0000,0.0000,0.0000,0,0,,,,,,,,0,0,0,0,0,0,0,0,0,0,0,0,0,0,0,0,0,0,0,0,0,0,0,0,0,0,0,0,0,0,0,0,0,0,0,0,0,0,0,0,0,0,0,0,0,0,0,0,0,0,0,
hello,6_30,11_17_35,2.2064,0,0,0,2.206368,0.0000,0.0000,0.0000,0.0000,0.0000,0.0000,0,0,,,,,,,,0,0,0,0,0,0,0,0,0,0,0,0,0,0,0,0,0,0,0,0,0,0,0,0,0,0,0,0,0,0,0,0,0,0,0,0,0,0,0,0,0,0,0,0,0,0,0,0,0,0,0,
hello,6_30,11_17_35,2.2096,0,0,0,2.209614,0.0000,0.0000,0.0000,0.0000,0.0000,0.0000,0,0,,,,,,,,0,0,0,0,0,0,0,0,0,0,0,0,0,0,0,0,0,0,0,0,0,0,0,0,0,0,0,0,0,0,0,0,0,0,0,0,0,0,0,0,0,0,0,0,0,0,0,0,0,0,0,
hello,6_30,11_17_35,2.2130,0,0,0,2.212962,0.0000,0.0000,0.0000,0.0000,0.0000,0.0000,0,0,,,,,,,,0,0,0,0,0,0,0,0,0,0,0,0,0,0,0,0,0,0,0,0,0,0,0,0,0,0,0,0,0,0,0,0,0,0,0,0,0,0,0,0,0,0,0,0,0,0,0,0,0,0,0,
hello,6_30,11_17_35,2.2204,0,0,0,2.220385,0.0000,0.0000,0.0000,0.0000,0.0000,0.0000,0,0,,,,,,,,0,0,0,0,0,0,0,0,0,0,0,0,0,0,0,0,0,0,0,0,0,0,0,0,0,0,0,0,0,0,0,0,0,0,0,0,0,0,0,0,0,0,0,0,0,0,0,0,0,0,0,
hello,6_30,11_17_35,2.2237,0,0,0,2.223716,0.0000,0.0000,0.0000,0.0000,0.0000,0.0000,0,0,,,,,,,,0,0,0,0,0,0,0,0,0,0,0,0,0,0,0,0,0,0,0,0,0,0,0,0,0,0,0,0,0,0,0,0,0,0,0,0,0,0,0,0,0,0,0,0,0,0,0,0,0,0,0,
hello,6_30,11_17_35,2.2269,0,0,0,2.226898,0.0000,0.0000,0.0000,0.0000,0.0000,0.0000,0,0,,,,,,,,0,0,0,0,0,0,0,0,0,0,0,0,0,0,0,0,0,0,0,0,0,0,0,0,0,0,0,0,0,0,0,0,0,0,0,0,0,0,0,0,0,0,0,0,0,0,0,0,0,0,0,
hello,6_30,11_17_35,2.2300,0,0,0,2.229998,0.0000,0.0000,0.0000,0.0000,0.0000,0.0000,0,0,,,,,,,,0,0,0,0,0,0,0,0,0,0,0,0,0,0,0,0,0,0,0,0,0,0,0,0,0,0,0,0,0,0,0,0,0,0,0,0,0,0,0,0,0,0,0,0,0,0,0,0,0,0,0,
hello,6_30,11_17_35,2.2336,0,0,0,2.233595,0.0000,0.0000,0.0000,0.0000,0.0000,0.0000,0,0,,,,,,,,0,0,0,0,0,0,0,0,0,0,0,0,0,0,0,0,0,0,0,0,0,0,0,0,0,0,0,0,0,0,0,0,0,0,0,0,0,0,0,0,0,0,0,0,0,0,0,0,0,0,0,
hello,6_30,11_17_35,2.2369,0,0,0,2.236894,0.0000,0.0000,0.0000,0.0000,0.0000,0.0000,0,0,,,,,,,,0,0,0,0,0,0,0,0,0,0,0,0,0,0,0,0,0,0,0,0,0,0,0,0,0,0,0,0,0,0,0,0,0,0,0,0,0,0,0,0,0,0,0,0,0,0,0,0,0,0,0,
hello,6_30,11_17_35,2.2402,0,0,0,2.240177,0.0000,0.0000,0.0000,0.0000,0.0000,0.0000,0,0,,,,,,,,0,0,0,0,0,0,0,0,0,0,0,0,0,0,0,0,0,0,0,0,0,0,0,0,0,0,0,0,0,0,0,0,0,0,0,0,0,0,0,0,0,0,0,0,0,0,0,0,0,0,0,
hello,6_30,11_17_35,2.2437,0,0,0,2.243709,0.0000,0.0000,0.0000,0.0000,0.0000,0.0000,0,0,,,,,,,,0,0,0,0,0,0,0,0,0,0,0,0,0,0,0,0,0,0,0,0,0,0,0,0,0,0,0,0,0,0,0,0,0,0,0,0,0,0,0,0,0,0,0,0,0,0,0,0,0,0,0,
hello,6_30,11_17_35,2.2468,0,0,0,2.246818,0.0000,0.0000,0.0000,0.0000,0.0000,0.0000,0,0,,,,,,,,0,0,0,0,0,0,0,0,0,0,0,0,0,0,0,0,0,0,0,0,0,0,0,0,0,0,0,0,0,0,0,0,0,0,0,0,0,0,0,0,0,0,0,0,0,0,0,0,0,0,0,
hello,6_30,11_17_35,2.2503,0,0,0,2.250311,0.0000,0.0000,0.0000,0.0000,0.0000,0.0000,0,0,,,,,,,,0,0,0,0,0,0,0,0,0,0,0,0,0,0,0,0,0,0,0,0,0,0,0,0,0,0,0,0,0,0,0,0,0,0,0,0,0,0,0,0,0,0,0,0,0,0,0,0,0,0,0,
hello,6_30,11_17_35,2.2535,0,0,0,2.253475,0.0000,0.0000,0.0000,0.0000,0.0000,0.0000,0,0,,,,,,,,0,0,0,0,0,0,0,0,0,0,0,0,0,0,0,0,0,0,0,0,0,0,0,0,0,0,0,0,0,0,0,0,0,0,0,0,0,0,0,0,0,0,0,0,0,0,0,0,0,0,0,
hello,6_30,11_17_35,2.2566,0,0,0,2.256598,0.0000,0.0000,0.0000,0.0000,0.0000,0.0000,0,0,,,,,,,,0,0,0,0,0,0,0,0,0,0,0,0,0,0,0,0,0,0,0,0,0,0,0,0,0,0,0,0,0,0,0,0,0,0,0,0,0,0,0,0,0,0,0,0,0,0,0,0,0,0,0,
hello,6_30,11_17_35,2.2599,0,0,0,2.259859,0.0000,0.0000,0.0000,0.0000,0.0000,0.0000,0,0,,,,,,,,0,0,0,0,0,0,0,0,0,0,0,0,0,0,0,0,0,0,0,0,0,0,0,0,0,0,0,0,0,0,0,0,0,0,0,0,0,0,0,0,0,0,0,0,0,0,0,0,0,0,0,
hello,6_30,11_17_35,2.2632,0,0,0,2.263172,0.0000,0.0000,0.0000,0.0000,0.0000,0.0000,0,0,,,,,,,,0,0,0,0,0,0,0,0,0,0,0,0,0,0,0,0,0,0,0,0,0,0,0,0,0,0,0,0,0,0,0,0,0,0,0,0,0,0,0,0,0,0,0,0,0,0,0,0,0,0,0,
hello,6_30,11_17_35,2.2670,0,0,0,2.267002,0.0000,0.0000,0.0000,0.0000,0.0000,0.0000,0,0,,,,,,,,0,0,0,0,0,0,0,0,0,0,0,0,0,0,0,0,0,0,0,0,0,0,0,0,0,0,0,0,0,0,0,0,0,0,0,0,0,0,0,0,0,0,0,0,0,0,0,0,0,0,0,
hello,6_30,11_17_35,2.2701,0,0,0,2.270149,0.0000,0.0000,0.0000,0.0000,0.0000,0.0000,0,0,,,,,,,,0,0,0,0,0,0,0,0,0,0,0,0,0,0,0,0,0,0,0,0,0,0,0,0,0,0,0,0,0,0,0,0,0,0,0,0,0,0,0,0,0,0,0,0,0,0,0,0,0,0,0,
hello,6_30,11_17_35,2.2733,0,0,0,2.273343,0.0000,0.0000,0.0000,0.0000,0.0000,0.0000,0,0,,,,,,,,0,0,0,0,0,0,0,0,0,0,0,0,0,0,0,0,0,0,0,0,0,0,0,0,0,0,0,0,0,0,0,0,0,0,0,0,0,0,0,0,0,0,0,0,0,0,0,0,0,0,0,
hello,6_30,11_17_35,2.2765,0,0,0,2.276496,0.0000,0.0000,0.0000,0.0000,0.0000,0.0000,0,0,,,,,,,,0,0,0,0,0,0,0,0,0,0,0,0,0,0,0,0,0,0,0,0,0,0,0,0,0,0,0,0,0,0,0,0,0,0,0,0,0,0,0,0,0,0,0,0,0,0,0,0,0,0,0,
hello,6_30,11_17_35,2.2797,0,0,0,2.279693,0.0000,0.0000,0.0000,0.0000,0.0000,0.0000,0,0,,,,,,,,0,0,0,0,0,0,0,0,0,0,0,0,0,0,0,0,0,0,0,0,0,0,0,0,0,0,0,0,0,0,0,0,0,0,0,0,0,0,0,0,0,0,0,0,0,0,0,0,0,0,0,
hello,6_30,11_17_35,2.2833,0,0,0,2.283295,0.0000,0.0000,0.0000,0.0000,0.0000,0.0000,0,0,,,,,,,,0,0,0,0,0,0,0,0,0,0,0,0,0,0,0,0,0,0,0,0,0,0,0,0,0,0,0,0,0,0,0,0,0,0,0,0,0,0,0,0,0,0,0,0,0,0,0,0,0,0,0,
hello,6_30,11_17_35,2.2867,0,0,0,2.286724,0.0000,0.0000,0.0000,0.0000,0.0000,0.0000,0,0,,,,,,,,0,0,0,0,0,0,0,0,0,0,0,0,0,0,0,0,0,0,0,0,0,0,0,0,0,0,0,0,0,0,0,0,0,0,0,0,0,0,0,0,0,0,0,0,0,0,0,0,0,0,0,
hello,6_30,11_17_35,2.2901,0,0,0,2.290064,0.0000,0.0000,0.0000,0.0000,0.0000,0.0000,0,0,,,,,,,,0,0,0,0,0,0,0,0,0,0,0,0,0,0,0,0,0,0,0,0,0,0,0,0,0,0,0,0,0,0,0,0,0,0,0,0,0,0,0,0,0,0,0,0,0,0,0,0,0,0,0,
hello,6_30,11_17_35,2.2933,0,0,0,2.293275,0.0000,0.0000,0.0000,0.0000,0.0000,0.0000,0,0,,,,,,,,0,0,0,0,0,0,0,0,0,0,0,0,0,0,0,0,0,0,0,0,0,0,0,0,0,0,0,0,0,0,0,0,0,0,0,0,0,0,0,0,0,0,0,0,0,0,0,0,0,0,0,
hello,6_30,11_17_35,2.2965,0,0,0,2.296514,0.0000,0.0000,0.0000,0.0000,0.0000,0.0000,0,0,,,,,,,,0,0,0,0,0,0,0,0,0,0,0,0,0,0,0,0,0,0,0,0,0,0,0,0,0,0,0,0,0,0,0,0,0,0,0,0,0,0,0,0,0,0,0,0,0,0,0,0,0,0,0,
hello,6_30,11_17_35,2.2998,0,0,0,2.299801,0.0000,0.0000,0.0000,0.0000,0.0000,0.0000,0,0,,,,,,,,0,0,0,0,0,0,0,0,0,0,0,0,0,0,0,0,0,0,0,0,0,0,0,0,0,0,0,0,0,0,0,0,0,0,0,0,0,0,0,0,0,0,0,0,0,0,0,0,0,0,0,
hello,6_30,11_17_35,2.3031,0,0,0,2.303069,0.0000,0.0000,0.0000,0.0000,0.0000,0.0000,0,0,,,,,,,,0,0,0,0,0,0,0,0,0,0,0,0,0,0,0,0,0,0,0,0,0,0,0,0,0,0,0,0,0,0,0,0,0,0,0,0,0,0,0,0,0,0,0,0,0,0,0,0,0,0,0,
hello,6_30,11_17_35,2.3065,0,0,0,2.306471,0.0000,0.0000,0.0000,0.0000,0.0000,0.0000,0,0,,,,,,,,0,0,0,0,0,0,0,0,0,0,0,0,0,0,0,0,0,0,0,0,0,0,0,0,0,0,0,0,0,0,0,0,0,0,0,0,0,0,0,0,0,0,0,0,0,0,0,0,0,0,0,
hello,6_30,11_17_35,2.3096,0,0,0,2.309623,0.0000,0.0000,0.0000,0.0000,0.0000,0.0000,0,0,,,,,,,,0,0,0,0,0,0,0,0,0,0,0,0,0,0,0,0,0,0,0,0,0,0,0,0,0,0,0,0,0,0,0,0,0,0,0,0,0,0,0,0,0,0,0,0,0,0,0,0,0,0,0,
hello,6_30,11_17_35,2.3128,0,0,0,2.312756,0.0000,0.0000,0.0000,0.0000,0.0000,0.0000,0,0,,,,,,,,0,0,0,0,0,0,0,0,0,0,0,0,0,0,0,0,0,0,0,0,0,0,0,0,0,0,0,0,0,0,0,0,0,0,0,0,0,0,0,0,0,0,0,0,0,0,0,0,0,0,0,
hello,6_30,11_17_35,2.3159,0,0,0,2.315945,0.0000,0.0000,0.0000,0.0000,0.0000,0.0000,0,0,,,,,,,,0,0,0,0,0,0,0,0,0,0,0,0,0,0,0,0,0,0,0,0,0,0,0,0,0,0,0,0,0,0,0,0,0,0,0,0,0,0,0,0,0,0,0,0,0,0,0,0,0,0,0,
hello,6_30,11_17_35,2.3191,0,0,0,2.319142,0.0000,0.0000,0.0000,0.0000,0.0000,0.0000,0,0,,,,,,,,0,0,0,0,0,0,0,0,0,0,0,0,0,0,0,0,0,0,0,0,0,0,0,0,0,0,0,0,0,0,0,0,0,0,0,0,0,0,0,0,0,0,0,0,0,0,0,0,0,0,0,
hello,6_30,11_17_35,2.3223,0,0,0,2.322322,0.0000,0.0000,0.0000,0.0000,0.0000,0.0000,0,0,,,,,,,,0,0,0,0,0,0,0,0,0,0,0,0,0,0,0,0,0,0,0,0,0,0,0,0,0,0,0,0,0,0,0,0,0,0,0,0,0,0,0,0,0,0,0,0,0,0,0,0,0,0,0,
hello,6_30,11_17_35,2.3257,0,0,0,2.325735,0.0000,0.0000,0.0000,0.0000,0.0000,0.0000,0,0,,,,,,,,0,0,0,0,0,0,0,0,0,0,0,0,0,0,0,0,0,0,0,0,0,0,0,0,0,0,0,0,0,0,0,0,0,0,0,0,0,0,0,0,0,0,0,0,0,0,0,0,0,0,0,
hello,6_30,11_17_35,2.3290,0,0,0,2.32899,0.0000,0.0000,0.0000,0.0000,0.0000,0.0000,0,0,,,,,,,,0,0,0,0,0,0,0,0,0,0,0,0,0,0,0,0,0,0,0,0,0,0,0,0,0,0,0,0,0,0,0,0,0,0,0,0,0,0,0,0,0,0,0,0,0,0,0,0,0,0,0,
hello,6_30,11_17_35,2.3324,0,0,0,2.332368,0.0000,0.0000,0.0000,0.0000,0.0000,0.0000,0,0,,,,,,,,0,0,0,0,0,0,0,0,0,0,0,0,0,0,0,0,0,0,0,0,0,0,0,0,0,0,0,0,0,0,0,0,0,0,0,0,0,0,0,0,0,0,0,0,0,0,0,0,0,0,0,
hello,6_30,11_17_35,2.3357,0,0,0,2.335683,0.0000,0.0000,0.0000,0.0000,0.0000,0.0000,0,0,,,,,,,,0,0,0,0,0,0,0,0,0,0,0,0,0,0,0,0,0,0,0,0,0,0,0,0,0,0,0,0,0,0,0,0,0,0,0,0,0,0,0,0,0,0,0,0,0,0,0,0,0,0,0,
hello,6_30,11_17_35,2.3389,0,0,0,2.338892,0.0000,0.0000,0.0000,0.0000,0.0000,0.0000,0,0,,,,,,,,0,0,0,0,0,0,0,0,0,0,0,0,0,0,0,0,0,0,0,0,0,0,0,0,0,0,0,0,0,0,0,0,0,0,0,0,0,0,0,0,0,0,0,0,0,0,0,0,0,0,0,
hello,6_30,11_17_35,2.3421,0,0,0,2.342099,0.0000,0.0000,0.0000,0.0000,0.0000,0.0000,0,0,,,,,,,,0,0,0,0,0,0,0,0,0,0,0,0,0,0,0,0,0,0,0,0,0,0,0,0,0,0,0,0,0,0,0,0,0,0,0,0,0,0,0,0,0,0,0,0,0,0,0,0,0,0,0,
hello,6_30,11_17_35,2.3455,0,0,0,2.345515,0.0000,0.0000,0.0000,0.0000,0.0000,0.0000,0,0,,,,,,,,0,0,0,0,0,0,0,0,0,0,0,0,0,0,0,0,0,0,0,0,0,0,0,0,0,0,0,0,0,0,0,0,0,0,0,0,0,0,0,0,0,0,0,0,0,0,0,0,0,0,0,
hello,6_30,11_17_35,2.3487,0,0,0,2.348662,0.0000,0.0000,0.0000,0.0000,0.0000,0.0000,0,0,,,,,,,,0,0,0,0,0,0,0,0,0,0,0,0,0,0,0,0,0,0,0,0,0,0,0,0,0,0,0,0,0,0,0,0,0,0,0,0,0,0,0,0,0,0,0,0,0,0,0,0,0,0,0,
hello,6_30,11_17_35,2.3518,0,0,0,2.351828,0.0000,0.0000,0.0000,0.0000,0.0000,0.0000,0,0,,,,,,,,0,0,0,0,0,0,0,0,0,0,0,0,0,0,0,0,0,0,0,0,0,0,0,0,0,0,0,0,0,0,0,0,0,0,0,0,0,0,0,0,0,0,0,0,0,0,0,0,0,0,0,
hello,6_30,11_17_35,2.3550,0,0,0,2.354976,0.0000,0.0000,0.0000,0.0000,0.0000,0.0000,0,0,,,,,,,,0,0,0,0,0,0,0,0,0,0,0,0,0,0,0,0,0,0,0,0,0,0,0,0,0,0,0,0,0,0,0,0,0,0,0,0,0,0,0,0,0,0,0,0,0,0,0,0,0,0,0,
hello,6_30,11_17_35,2.3582,0,0,0,2.358164,0.0000,0.0000,0.0000,0.0000,0.0000,0.0000,0,0,,,,,,,,0,0,0,0,0,0,0,0,0,0,0,0,0,0,0,0,0,0,0,0,0,0,0,0,0,0,0,0,0,0,0,0,0,0,0,0,0,0,0,0,0,0,0,0,0,0,0,0,0,0,0,
hello,6_30,11_17_35,2.3613,0,0,0,2.361266,0.0000,0.0000,0.0000,0.0000,0.0000,0.0000,0,0,,,,,,,,0,0,0,0,0,0,0,0,0,0,0,0,0,0,0,0,0,0,0,0,0,0,0,0,0,0,0,0,0,0,0,0,0,0,0,0,0,0,0,0,0,0,0,0,0,0,0,0,0,0,0,
hello,6_30,11_17_35,2.3647,0,0,0,2.36465,0.0000,0.0000,0.0000,0.0000,0.0000,0.0000,0,0,,,,,,,,0,0,0,0,0,0,0,0,0,0,0,0,0,0,0,0,0,0,0,0,0,0,0,0,0,0,0,0,0,0,0,0,0,0,0,0,0,0,0,0,0,0,0,0,0,0,0,0,0,0,0,
hello,6_30,11_17_35,2.3678,0,0,0,2.367754,0.0000,0.0000,0.0000,0.0000,0.0000,0.0000,0,0,,,,,,,,0,0,0,0,0,0,0,0,0,0,0,0,0,0,0,0,0,0,0,0,0,0,0,0,0,0,0,0,0,0,0,0,0,0,0,0,0,0,0,0,0,0,0,0,0,0,0,0,0,0,0,
hello,6_30,11_17_35,2.3710,0,0,0,2.371013,0.0000,0.0000,0.0000,0.0000,0.0000,0.0000,0,0,,,,,,,,0,0,0,0,0,0,0,0,0,0,0,0,0,0,0,0,0,0,0,0,0,0,0,0,0,0,0,0,0,0,0,0,0,0,0,0,0,0,0,0,0,0,0,0,0,0,0,0,0,0,0,
hello,6_30,11_17_35,2.3744,0,0,0,2.374377,0.0000,0.0000,0.0000,0.0000,0.0000,0.0000,0,0,,,,,,,,0,0,0,0,0,0,0,0,0,0,0,0,0,0,0,0,0,0,0,0,0,0,0,0,0,0,0,0,0,0,0,0,0,0,0,0,0,0,0,0,0,0,0,0,0,0,0,0,0,0,0,
hello,6_30,11_17_35,2.3779,0,0,0,2.377883,0.0000,0.0000,0.0000,0.0000,0.0000,0.0000,0,0,,,,,,,,0,0,0,0,0,0,0,0,0,0,0,0,0,0,0,0,0,0,0,0,0,0,0,0,0,0,0,0,0,0,0,0,0,0,0,0,0,0,0,0,0,0,0,0,0,0,0,0,0,0,0,
hello,6_30,11_17_35,2.3812,0,0,0,2.381178,0.0000,0.0000,0.0000,0.0000,0.0000,0.0000,0,0,,,,,,,,0,0,0,0,0,0,0,0,0,0,0,0,0,0,0,0,0,0,0,0,0,0,0,0,0,0,0,0,0,0,0,0,0,0,0,0,0,0,0,0,0,0,0,0,0,0,0,0,0,0,0,
hello,6_30,11_17_35,2.3846,0,0,0,2.384578,0.0000,0.0000,0.0000,0.0000,0.0000,0.0000,0,0,,,,,,,,0,0,0,0,0,0,0,0,0,0,0,0,0,0,0,0,0,0,0,0,0,0,0,0,0,0,0,0,0,0,0,0,0,0,0,0,0,0,0,0,0,0,0,0,0,0,0,0,0,0,0,
hello,6_30,11_17_35,2.3877,0,0,0,2.387665,0.0000,0.0000,0.0000,0.0000,0.0000,0.0000,0,0,,,,,,,,0,0,0,0,0,0,0,0,0,0,0,0,0,0,0,0,0,0,0,0,0,0,0,0,0,0,0,0,0,0,0,0,0,0,0,0,0,0,0,0,0,0,0,0,0,0,0,0,0,0,0,
hello,6_30,11_17_35,2.3908,0,0,0,2.390788,0.0000,0.0000,0.0000,0.0000,0.0000,0.0000,0,0,,,,,,,,0,0,0,0,0,0,0,0,0,0,0,0,0,0,0,0,0,0,0,0,0,0,0,0,0,0,0,0,0,0,0,0,0,0,0,0,0,0,0,0,0,0,0,0,0,0,0,0,0,0,0,
hello,6_30,11_17_35,2.3940,0,0,0,2.393953,0.0000,0.0000,0.0000,0.0000,0.0000,0.0000,0,0,,,,,,,,0,0,0,0,0,0,0,0,0,0,0,0,0,0,0,0,0,0,0,0,0,0,0,0,0,0,0,0,0,0,0,0,0,0,0,0,0,0,0,0,0,0,0,0,0,0,0,0,0,0,0,
hello,6_30,11_17_35,2.3975,0,0,0,2.397498,0.0000,0.0000,0.0000,0.0000,0.0000,0.0000,0,0,,,,,,,,0,0,0,0,0,0,0,0,0,0,0,0,0,0,0,0,0,0,0,0,0,0,0,0,0,0,0,0,0,0,0,0,0,0,0,0,0,0,0,0,0,0,0,0,0,0,0,0,0,0,0,
hello,6_30,11_17_35,2.4064,0,0,0,2.406407,0.0000,0.0000,0.0000,0.0000,0.0000,0.0000,0,0,,,,,,,,0,0,0,0,0,0,0,0,0,0,0,0,0,0,0,0,0,0,0,0,0,0,0,0,0,0,0,0,0,0,0,0,0,0,0,0,0,0,0,0,0,0,0,0,0,0,0,0,0,0,0,
hello,6_30,11_17_35,2.4099,0,0,0,2.409924,0.0000,0.0000,0.0000,0.0000,0.0000,0.0000,0,0,,,,,,,,0,0,0,0,0,0,0,0,0,0,0,0,0,0,0,0,0,0,0,0,0,0,0,0,0,0,0,0,0,0,0,0,0,0,0,0,0,0,0,0,0,0,0,0,0,0,0,0,0,0,0,
hello,6_30,11_17_35,2.4132,0,0,0,2.413177,0.0000,0.0000,0.0000,0.0000,0.0000,0.0000,0,0,,,,,,,,0,0,0,0,0,0,0,0,0,0,0,0,0,0,0,0,0,0,0,0,0,0,0,0,0,0,0,0,0,0,0,0,0,0,0,0,0,0,0,0,0,0,0,0,0,0,0,0,0,0,0,
hello,6_30,11_17_35,2.4217,0,0,0,2.421677,0.0000,0.0000,0.0000,0.0000,0.0000,0.0000,0,0,,,,,,,,0,0,0,0,0,0,0,0,0,0,0,0,0,0,0,0,0,0,0,0,0,0,0,0,0,0,0,0,0,0,0,0,0,0,0,0,0,0,0,0,0,0,0,0,0,0,0,0,0,0,0,
hello,6_30,11_17_35,2.4252,0,0,0,2.425201,0.0000,0.0000,0.0000,0.0000,0.0000,0.0000,0,0,,,,,,,,0,0,0,0,0,0,0,0,0,0,0,0,0,0,0,0,0,0,0,0,0,0,0,0,0,0,0,0,0,0,0,0,0,0,0,0,0,0,0,0,0,0,0,0,0,0,0,0,0,0,0,
hello,6_30,11_17_35,2.4284,0,0,0,2.428448,0.0000,0.0000,0.0000,0.0000,0.0000,0.0000,0,0,,,,,,,,0,0,0,0,0,0,0,0,0,0,0,0,0,0,0,0,0,0,0,0,0,0,0,0,0,0,0,0,0,0,0,0,0,0,0,0,0,0,0,0,0,0,0,0,0,0,0,0,0,0,0,
hello,6_30,11_17_35,2.4321,0,0,0,2.432126,0.0000,0.0000,0.0000,0.0000,0.0000,0.0000,0,0,,,,,,,,0,0,0,0,0,0,0,0,0,0,0,0,0,0,0,0,0,0,0,0,0,0,0,0,0,0,0,0,0,0,0,0,0,0,0,0,0,0,0,0,0,0,0,0,0,0,0,0,0,0,0,
hello,6_30,11_17_35,2.4354,0,0,0,2.435427,0.0000,0.0000,0.0000,0.0000,0.0000,0.0000,0,0,,,,,,,,0,0,0,0,0,0,0,0,0,0,0,0,0,0,0,0,0,0,0,0,0,0,0,0,0,0,0,0,0,0,0,0,0,0,0,0,0,0,0,0,0,0,0,0,0,0,0,0,0,0,0,
hello,6_30,11_17_35,2.4387,0,0,0,2.438731,0.0000,0.0000,0.0000,0.0000,0.0000,0.0000,0,0,,,,,,,,0,0,0,0,0,0,0,0,0,0,0,0,0,0,0,0,0,0,0,0,0,0,0,0,0,0,0,0,0,0,0,0,0,0,0,0,0,0,0,0,0,0,0,0,0,0,0,0,0,0,0,
hello,6_30,11_17_35,2.4420,0,0,0,2.441958,0.0000,0.0000,0.0000,0.0000,0.0000,0.0000,0,0,,,,,,,,0,0,0,0,0,0,0,0,0,0,0,0,0,0,0,0,0,0,0,0,0,0,0,0,0,0,0,0,0,0,0,0,0,0,0,0,0,0,0,0,0,0,0,0,0,0,0,0,0,0,0,
hello,6_30,11_17_35,2.4454,0,0,0,2.445377,0.0000,0.0000,0.0000,0.0000,0.0000,0.0000,0,0,,,,,,,,0,0,0,0,0,0,0,0,0,0,0,0,0,0,0,0,0,0,0,0,0,0,0,0,0,0,0,0,0,0,0,0,0,0,0,0,0,0,0,0,0,0,0,0,0,0,0,0,0,0,0,
hello,6_30,11_17_35,2.4487,0,0,0,2.448711,0.0000,0.0000,0.0000,0.0000,0.0000,0.0000,0,0,,,,,,,,0,0,0,0,0,0,0,0,0,0,0,0,0,0,0,0,0,0,0,0,0,0,0,0,0,0,0,0,0,0,0,0,0,0,0,0,0,0,0,0,0,0,0,0,0,0,0,0,0,0,0,
hello,6_30,11_17_35,2.4518,0,0,0,2.451811,0.0000,0.0000,0.0000,0.0000,0.0000,0.0000,0,0,,,,,,,,0,0,0,0,0,0,0,0,0,0,0,0,0,0,0,0,0,0,0,0,0,0,0,0,0,0,0,0,0,0,0,0,0,0,0,0,0,0,0,0,0,0,0,0,0,0,0,0,0,0,0,
hello,6_30,11_17_35,2.4549,0,0,0,2.454881,0.0000,0.0000,0.0000,0.0000,0.0000,0.0000,0,0,,,,,,,,0,0,0,0,0,0,0,0,0,0,0,0,0,0,0,0,0,0,0,0,0,0,0,0,0,0,0,0,0,0,0,0,0,0,0,0,0,0,0,0,0,0,0,0,0,0,0,0,0,0,0,
hello,6_30,11_17_35,2.4581,0,0,0,2.458127,0.0000,0.0000,0.0000,0.0000,0.0000,0.0000,0,0,,,,,,,,0,0,0,0,0,0,0,0,0,0,0,0,0,0,0,0,0,0,0,0,0,0,0,0,0,0,0,0,0,0,0,0,0,0,0,0,0,0,0,0,0,0,0,0,0,0,0,0,0,0,0,
hello,6_30,11_17_35,2.4614,0,0,0,2.461428,0.0000,0.0000,0.0000,0.0000,0.0000,0.0000,0,0,,,,,,,,0,0,0,0,0,0,0,0,0,0,0,0,0,0,0,0,0,0,0,0,0,0,0,0,0,0,0,0,0,0,0,0,0,0,0,0,0,0,0,0,0,0,0,0,0,0,0,0,0,0,0,
hello,6_30,11_17_35,2.4649,0,0,0,2.464868,0.0000,0.0000,0.0000,0.0000,0.0000,0.0000,0,0,,,,,,,,0,0,0,0,0,0,0,0,0,0,0,0,0,0,0,0,0,0,0,0,0,0,0,0,0,0,0,0,0,0,0,0,0,0,0,0,0,0,0,0,0,0,0,0,0,0,0,0,0,0,0,
hello,6_30,11_17_35,2.4680,0,0,0,2.468013,0.0000,0.0000,0.0000,0.0000,0.0000,0.0000,0,0,,,,,,,,0,0,0,0,0,0,0,0,0,0,0,0,0,0,0,0,0,0,0,0,0,0,0,0,0,0,0,0,0,0,0,0,0,0,0,0,0,0,0,0,0,0,0,0,0,0,0,0,0,0,0,
hello,6_30,11_17_35,2.4711,0,0,0,2.471116,0.0000,0.0000,0.0000,0.0000,0.0000,0.0000,0,0,,,,,,,,0,0,0,0,0,0,0,0,0,0,0,0,0,0,0,0,0,0,0,0,0,0,0,0,0,0,0,0,0,0,0,0,0,0,0,0,0,0,0,0,0,0,0,0,0,0,0,0,0,0,0,
hello,6_30,11_17_35,2.4742,0,0,0,2.474204,0.0000,0.0000,0.0000,0.0000,0.0000,0.0000,0,0,,,,,,,,0,0,0,0,0,0,0,0,0,0,0,0,0,0,0,0,0,0,0,0,0,0,0,0,0,0,0,0,0,0,0,0,0,0,0,0,0,0,0,0,0,0,0,0,0,0,0,0,0,0,0,
hello,6_30,11_17_35,2.4775,0,0,0,2.477491,0.0000,0.0000,0.0000,0.0000,0.0000,0.0000,0,0,,,,,,,,0,0,0,0,0,0,0,0,0,0,0,0,0,0,0,0,0,0,0,0,0,0,0,0,0,0,0,0,0,0,0,0,0,0,0,0,0,0,0,0,0,0,0,0,0,0,0,0,0,0,0,
hello,6_30,11_17_35,2.4808,0,0,0,2.480802,0.0000,0.0000,0.0000,0.0000,0.0000,0.0000,0,0,,,,,,,,0,0,0,0,0,0,0,0,0,0,0,0,0,0,0,0,0,0,0,0,0,0,0,0,0,0,0,0,0,0,0,0,0,0,0,0,0,0,0,0,0,0,0,0,0,0,0,0,0,0,0,
hello,6_30,11_17_35,2.4842,0,0,0,2.484214,0.0000,0.0000,0.0000,0.0000,0.0000,0.0000,0,0,,,,,,,,0,0,0,0,0,0,0,0,0,0,0,0,0,0,0,0,0,0,0,0,0,0,0,0,0,0,0,0,0,0,0,0,0,0,0,0,0,0,0,0,0,0,0,0,0,0,0,0,0,0,0,
hello,6_30,11_17_35,2.4875,0,0,0,2.487514,0.0000,0.0000,0.0000,0.0000,0.0000,0.0000,0,0,,,,,,,,0,0,0,0,0,0,0,0,0,0,0,0,0,0,0,0,0,0,0,0,0,0,0,0,0,0,0,0,0,0,0,0,0,0,0,0,0,0,0,0,0,0,0,0,0,0,0,0,0,0,0,
hello,6_30,11_17_35,2.4907,0,0,0,2.490729,0.0000,0.0000,0.0000,0.0000,0.0000,0.0000,0,0,,,,,,,,0,0,0,0,0,0,0,0,0,0,0,0,0,0,0,0,0,0,0,0,0,0,0,0,0,0,0,0,0,0,0,0,0,0,0,0,0,0,0,0,0,0,0,0,0,0,0,0,0,0,0,
hello,6_30,11_17_35,2.4940,0,0,0,2.494039,0.0000,0.0000,0.0000,0.0000,0.0000,0.0000,0,0,,,,,,,,0,0,0,0,0,0,0,0,0,0,0,0,0,0,0,0,0,0,0,0,0,0,0,0,0,0,0,0,0,0,0,0,0,0,0,0,0,0,0,0,0,0,0,0,0,0,0,0,0,0,0,
hello,6_30,11_17_35,2.4975,0,0,0,2.497533,0.0000,0.0000,0.0000,0.0000,0.0000,0.0000,0,0,,,,,,,,0,0,0,0,0,0,0,0,0,0,0,0,0,0,0,0,0,0,0,0,0,0,0,0,0,0,0,0,0,0,0,0,0,0,0,0,0,0,0,0,0,0,0,0,0,0,0,0,0,0,0,
hello,6_30,11_17_35,2.5013,0,0,0,2.501341,0.0000,0.0000,0.0000,0.0000,0.0000,0.0000,0,0,,,,,,,,0,0,0,0,0,0,0,0,0,0,0,0,0,0,0,0,0,0,0,0,0,0,0,0,0,0,0,0,0,0,0,0,0,0,0,0,0,0,0,0,0,0,0,0,0,0,0,0,0,0,0,
hello,6_30,11_17_35,2.5050,0,0,0,2.505026,0.0000,0.0000,0.0000,0.0000,0.0000,0.0000,0,0,,,,,,,,0,0,0,0,0,0,0,0,0,0,0,0,0,0,0,0,0,0,0,0,0,0,0,0,0,0,0,0,0,0,0,0,0,0,0,0,0,0,0,0,0,0,0,0,0,0,0,0,0,0,0,
hello,6_30,11_17_35,2.5083,0,0,0,2.508289,0.0000,0.0000,0.0000,0.0000,0.0000,0.0000,0,0,,,,,,,,0,0,0,0,0,0,0,0,0,0,0,0,0,0,0,0,0,0,0,0,0,0,0,0,0,0,0,0,0,0,0,0,0,0,0,0,0,0,0,0,0,0,0,0,0,0,0,0,0,0,0,
hello,6_30,11_17_35,2.5118,0,0,0,2.511842,0.0000,0.0000,0.0000,0.0000,0.0000,0.0000,0,0,,,,,,,,0,0,0,0,0,0,0,0,0,0,0,0,0,0,0,0,0,0,0,0,0,0,0,0,0,0,0,0,0,0,0,0,0,0,0,0,0,0,0,0,0,0,0,0,0,0,0,0,0,0,0,
hello,6_30,11_17_35,2.5153,0,0,0,2.515323,0.0000,0.0000,0.0000,0.0000,0.0000,0.0000,0,0,,,,,,,,0,0,0,0,0,0,0,0,0,0,0,0,0,0,0,0,0,0,0,0,0,0,0,0,0,0,0,0,0,0,0,0,0,0,0,0,0,0,0,0,0,0,0,0,0,0,0,0,0,0,0,
hello,6_30,11_17_35,2.5186,0,0,0,2.518557,0.0000,0.0000,0.0000,0.0000,0.0000,0.0000,0,0,,,,,,,,0,0,0,0,0,0,0,0,0,0,0,0,0,0,0,0,0,0,0,0,0,0,0,0,0,0,0,0,0,0,0,0,0,0,0,0,0,0,0,0,0,0,0,0,0,0,0,0,0,0,0,
hello,6_30,11_17_35,2.5217,0,0,0,2.521688,0.0000,0.0000,0.0000,0.0000,0.0000,0.0000,0,0,,,,,,,,0,0,0,0,0,0,0,0,0,0,0,0,0,0,0,0,0,0,0,0,0,0,0,0,0,0,0,0,0,0,0,0,0,0,0,0,0,0,0,0,0,0,0,0,0,0,0,0,0,0,0,
hello,6_30,11_17_35,2.5252,0,0,0,2.525156,0.0000,0.0000,0.0000,0.0000,0.0000,0.0000,0,0,,,,,,,,0,0,0,0,0,0,0,0,0,0,0,0,0,0,0,0,0,0,0,0,0,0,0,0,0,0,0,0,0,0,0,0,0,0,0,0,0,0,0,0,0,0,0,0,0,0,0,0,0,0,0,
hello,6_30,11_17_35,2.5283,0,0,0,2.528314,0.0000,0.0000,0.0000,0.0000,0.0000,0.0000,0,0,,,,,,,,0,0,0,0,0,0,0,0,0,0,0,0,0,0,0,0,0,0,0,0,0,0,0,0,0,0,0,0,0,0,0,0,0,0,0,0,0,0,0,0,0,0,0,0,0,0,0,0,0,0,0,
hello,6_30,11_17_35,2.5316,0,0,0,2.531625,0.0000,0.0000,0.0000,0.0000,0.0000,0.0000,0,0,,,,,,,,0,0,0,0,0,0,0,0,0,0,0,0,0,0,0,0,0,0,0,0,0,0,0,0,0,0,0,0,0,0,0,0,0,0,0,0,0,0,0,0,0,0,0,0,0,0,0,0,0,0,0,
hello,6_30,11_17_35,2.5347,0,0,0,2.53471,0.0000,0.0000,0.0000,0.0000,0.0000,0.0000,0,0,,,,,,,,0,0,0,0,0,0,0,0,0,0,0,0,0,0,0,0,0,0,0,0,0,0,0,0,0,0,0,0,0,0,0,0,0,0,0,0,0,0,0,0,0,0,0,0,0,0,0,0,0,0,0,
hello,6_30,11_17_35,2.5378,0,0,0,2.537828,0.0000,0.0000,0.0000,0.0000,0.0000,0.0000,0,0,,,,,,,,0,0,0,0,0,0,0,0,0,0,0,0,0,0,0,0,0,0,0,0,0,0,0,0,0,0,0,0,0,0,0,0,0,0,0,0,0,0,0,0,0,0,0,0,0,0,0,0,0,0,0,
hello,6_30,11_17_35,2.5410,0,0,0,2.541029,0.0000,0.0000,0.0000,0.0000,0.0000,0.0000,0,0,,,,,,,,0,0,0,0,0,0,0,0,0,0,0,0,0,0,0,0,0,0,0,0,0,0,0,0,0,0,0,0,0,0,0,0,0,0,0,0,0,0,0,0,0,0,0,0,0,0,0,0,0,0,0,
hello,6_30,11_17_35,2.5445,0,0,0,2.544458,0.0000,0.0000,0.0000,0.0000,0.0000,0.0000,0,0,,,,,,,,0,0,0,0,0,0,0,0,0,0,0,0,0,0,0,0,0,0,0,0,0,0,0,0,0,0,0,0,0,0,0,0,0,0,0,0,0,0,0,0,0,0,0,0,0,0,0,0,0,0,0,
hello,6_30,11_17_35,2.5478,0,0,0,2.547759,0.0000,0.0000,0.0000,0.0000,0.0000,0.0000,0,0,,,,,,,,0,0,0,0,0,0,0,0,0,0,0,0,0,0,0,0,0,0,0,0,0,0,0,0,0,0,0,0,0,0,0,0,0,0,0,0,0,0,0,0,0,0,0,0,0,0,0,0,0,0,0,
hello,6_30,11_17_35,2.5516,0,0,0,2.551587,0.0000,0.0000,0.0000,0.0000,0.0000,0.0000,0,0,,,,,,,,0,0,0,0,0,0,0,0,0,0,0,0,0,0,0,0,0,0,0,0,0,0,0,0,0,0,0,0,0,0,0,0,0,0,0,0,0,0,0,0,0,0,0,0,0,0,0,0,0,0,0,
hello,6_30,11_17_35,2.5551,0,0,0,2.555126,0.0000,0.0000,0.0000,0.0000,0.0000,0.0000,0,0,,,,,,,,0,0,0,0,0,0,0,0,0,0,0,0,0,0,0,0,0,0,0,0,0,0,0,0,0,0,0,0,0,0,0,0,0,0,0,0,0,0,0,0,0,0,0,0,0,0,0,0,0,0,0,
hello,6_30,11_17_35,2.5583,0,0,0,2.558342,0.0000,0.0000,0.0000,0.0000,0.0000,0.0000,0,0,,,,,,,,0,0,0,0,0,0,0,0,0,0,0,0,0,0,0,0,0,0,0,0,0,0,0,0,0,0,0,0,0,0,0,0,0,0,0,0,0,0,0,0,0,0,0,0,0,0,0,0,0,0,0,
hello,6_30,11_17_35,2.5615,0,0,0,2.561458,0.0000,0.0000,0.0000,0.0000,0.0000,0.0000,0,0,,,,,,,,0,0,0,0,0,0,0,0,0,0,0,0,0,0,0,0,0,0,0,0,0,0,0,0,0,0,0,0,0,0,0,0,0,0,0,0,0,0,0,0,0,0,0,0,0,0,0,0,0,0,0,
hello,6_30,11_17_35,2.5649,0,0,0,2.564931,0.0000,0.0000,0.0000,0.0000,0.0000,0.0000,0,0,,,,,,,,0,0,0,0,0,0,0,0,0,0,0,0,0,0,0,0,0,0,0,0,0,0,0,0,0,0,0,0,0,0,0,0,0,0,0,0,0,0,0,0,0,0,0,0,0,0,0,0,0,0,0,
hello,6_30,11_17_35,2.5685,0,0,0,2.56848,0.0000,0.0000,0.0000,0.0000,0.0000,0.0000,0,0,,,,,,,,0,0,0,0,0,0,0,0,0,0,0,0,0,0,0,0,0,0,0,0,0,0,0,0,0,0,0,0,0,0,0,0,0,0,0,0,0,0,0,0,0,0,0,0,0,0,0,0,0,0,0,
hello,6_30,11_17_35,2.5721,0,0,0,2.572108,0.0000,0.0000,0.0000,0.0000,0.0000,0.0000,0,0,,,,,,,,0,0,0,0,0,0,0,0,0,0,0,0,0,0,0,0,0,0,0,0,0,0,0,0,0,0,0,0,0,0,0,0,0,0,0,0,0,0,0,0,0,0,0,0,0,0,0,0,0,0,0,
hello,6_30,11_17_35,2.5757,0,0,0,2.575715,0.0000,0.0000,0.0000,0.0000,0.0000,0.0000,0,0,,,,,,,,0,0,0,0,0,0,0,0,0,0,0,0,0,0,0,0,0,0,0,0,0,0,0,0,0,0,0,0,0,0,0,0,0,0,0,0,0,0,0,0,0,0,0,0,0,0,0,0,0,0,0,
hello,6_30,11_17_35,2.5792,0,0,0,2.579238,0.0000,0.0000,0.0000,0.0000,0.0000,0.0000,0,0,,,,,,,,0,0,0,0,0,0,0,0,0,0,0,0,0,0,0,0,0,0,0,0,0,0,0,0,0,0,0,0,0,0,0,0,0,0,0,0,0,0,0,0,0,0,0,0,0,0,0,0,0,0,0,
hello,6_30,11_17_35,2.5825,0,0,0,2.582486,0.0000,0.0000,0.0000,0.0000,0.0000,0.0000,0,0,,,,,,,,0,0,0,0,0,0,0,0,0,0,0,0,0,0,0,0,0,0,0,0,0,0,0,0,0,0,0,0,0,0,0,0,0,0,0,0,0,0,0,0,0,0,0,0,0,0,0,0,0,0,0,
hello,6_30,11_17_35,2.5862,0,0,0,2.586221,0.0000,0.0000,0.0000,0.0000,0.0000,0.0000,0,0,,,,,,,,0,0,0,0,0,0,0,0,0,0,0,0,0,0,0,0,0,0,0,0,0,0,0,0,0,0,0,0,0,0,0,0,0,0,0,0,0,0,0,0,0,0,0,0,0,0,0,0,0,0,0,
hello,6_30,11_17_35,2.5894,0,0,0,2.589438,0.0000,0.0000,0.0000,0.0000,0.0000,0.0000,0,0,,,,,,,,0,0,0,0,0,0,0,0,0,0,0,0,0,0,0,0,0,0,0,0,0,0,0,0,0,0,0,0,0,0,0,0,0,0,0,0,0,0,0,0,0,0,0,0,0,0,0,0,0,0,0,
hello,6_30,11_17_35,2.5930,0,0,0,2.593011,0.0000,0.0000,0.0000,0.0000,0.0000,0.0000,0,0,,,,,,,,0,0,0,0,0,0,0,0,0,0,0,0,0,0,0,0,0,0,0,0,0,0,0,0,0,0,0,0,0,0,0,0,0,0,0,0,0,0,0,0,0,0,0,0,0,0,0,0,0,0,0,
hello,6_30,11_17_35,2.5962,0,0,0,2.59617,0.0000,0.0000,0.0000,0.0000,0.0000,0.0000,0,0,,,,,,,,0,0,0,0,0,0,0,0,0,0,0,0,0,0,0,0,0,0,0,0,0,0,0,0,0,0,0,0,0,0,0,0,0,0,0,0,0,0,0,0,0,0,0,0,0,0,0,0,0,0,0,
hello,6_30,11_17_35,2.6002,0,0,0,2.60023,0.0000,0.0000,0.0000,0.0000,0.0000,0.0000,0,0,,,,,,,,0,0,0,0,0,0,0,0,0,0,0,0,0,0,0,0,0,0,0,0,0,0,0,0,0,0,0,0,0,0,0,0,0,0,0,0,0,0,0,0,0,0,0,0,0,0,0,0,0,0,0,
hello,6_30,11_17_35,2.6040,0,0,0,2.604003,0.0000,0.0000,0.0000,0.0000,0.0000,0.0000,0,0,,,,,,,,0,0,0,0,0,0,0,0,0,0,0,0,0,0,0,0,0,0,0,0,0,0,0,0,0,0,0,0,0,0,0,0,0,0,0,0,0,0,0,0,0,0,0,0,0,0,0,0,0,0,0,
hello,6_30,11_17_35,2.6075,0,0,0,2.607489,0.0000,0.0000,0.0000,0.0000,0.0000,0.0000,0,0,,,,,,,,0,0,0,0,0,0,0,0,0,0,0,0,0,0,0,0,0,0,0,0,0,0,0,0,0,0,0,0,0,0,0,0,0,0,0,0,0,0,0,0,0,0,0,0,0,0,0,0,0,0,0,
hello,6_30,11_17_35,2.6112,0,0,0,2.611205,0.0000,0.0000,0.0000,0.0000,0.0000,0.0000,0,0,,,,,,,,0,0,0,0,0,0,0,0,0,0,0,0,0,0,0,0,0,0,0,0,0,0,0,0,0,0,0,0,0,0,0,0,0,0,0,0,0,0,0,0,0,0,0,0,0,0,0,0,0,0,0,
hello,6_30,11_17_35,2.6145,0,0,0,2.614479,0.0000,0.0000,0.0000,0.0000,0.0000,0.0000,0,0,,,,,,,,0,0,0,0,0,0,0,0,0,0,0,0,0,0,0,0,0,0,0,0,0,0,0,0,0,0,0,0,0,0,0,0,0,0,0,0,0,0,0,0,0,0,0,0,0,0,0,0,0,0,0,
hello,6_30,11_17_35,2.6231,0,0,0,2.623091,0.0000,0.0000,0.0000,0.0000,0.0000,0.0000,0,0,,,,,,,,0,0,0,0,0,0,0,0,0,0,0,0,0,0,0,0,0,0,0,0,0,0,0,0,0,0,0,0,0,0,0,0,0,0,0,0,0,0,0,0,0,0,0,0,0,0,0,0,0,0,0,
hello,6_30,11_17_35,2.6292,0,0,0,2.629177,0.0000,0.0000,0.0000,0.0000,0.0000,0.0000,0,0,,,,,,,,0,0,0,0,0,0,0,0,0,0,0,0,0,0,0,0,0,0,0,0,0,0,0,0,0,0,0,0,0,0,0,0,0,0,0,0,0,0,0,0,0,0,0,0,0,0,0,0,0,0,0,
hello,6_30,11_17_35,2.6330,0,0,0,2.633011,0.0000,0.0000,0.0000,0.0000,0.0000,0.0000,0,0,,,,,,,,0,0,0,0,0,0,0,0,0,0,0,0,0,0,0,0,0,0,0,0,0,0,0,0,0,0,0,0,0,0,0,0,0,0,0,0,0,0,0,0,0,0,0,0,0,0,0,0,0,0,0,
hello,6_30,11_17_35,2.6367,0,0,0,2.636696,0.0000,0.0000,0.0000,0.0000,0.0000,0.0000,0,0,,,,,,,,0,0,0,0,0,0,0,0,0,0,0,0,0,0,0,0,0,0,0,0,0,0,0,0,0,0,0,0,0,0,0,0,0,0,0,0,0,0,0,0,0,0,0,0,0,0,0,0,0,0,0,
hello,6_30,11_17_35,2.6403,0,0,0,2.6403,0.0000,0.0000,0.0000,0.0000,0.0000,0.0000,0,0,,,,,,,,0,0,0,0,0,0,0,0,0,0,0,0,0,0,0,0,0,0,0,0,0,0,0,0,0,0,0,0,0,0,0,0,0,0,0,0,0,0,0,0,0,0,0,0,0,0,0,0,0,0,0,
hello,6_30,11_17_35,2.6437,0,0,0,2.643707,0.0000,0.0000,0.0000,0.0000,0.0000,0.0000,0,0,,,,,,,,0,0,0,0,0,0,0,0,0,0,0,0,0,0,0,0,0,0,0,0,0,0,0,0,0,0,0,0,0,0,0,0,0,0,0,0,0,0,0,0,0,0,0,0,0,0,0,0,0,0,0,
hello,6_30,11_17_35,2.6476,0,0,0,2.647628,0.0000,0.0000,0.0000,0.0000,0.0000,0.0000,0,0,,,,,,,,0,0,0,0,0,0,0,0,0,0,0,0,0,0,0,0,0,0,0,0,0,0,0,0,0,0,0,0,0,0,0,0,0,0,0,0,0,0,0,0,0,0,0,0,0,0,0,0,0,0,0,
hello,6_30,11_17_35,2.6515,0,0,0,2.65145,0.0000,0.0000,0.0000,0.0000,0.0000,0.0000,0,0,,,,,,,,0,0,0,0,0,0,0,0,0,0,0,0,0,0,0,0,0,0,0,0,0,0,0,0,0,0,0,0,0,0,0,0,0,0,0,0,0,0,0,0,0,0,0,0,0,0,0,0,0,0,0,
hello,6_30,11_17_35,2.6551,0,0,0,2.655084,0.0000,0.0000,0.0000,0.0000,0.0000,0.0000,0,0,,,,,,,,0,0,0,0,0,0,0,0,0,0,0,0,0,0,0,0,0,0,0,0,0,0,0,0,0,0,0,0,0,0,0,0,0,0,0,0,0,0,0,0,0,0,0,0,0,0,0,0,0,0,0,
hello,6_30,11_17_35,2.6587,0,0,0,2.658689,0.0000,0.0000,0.0000,0.0000,0.0000,0.0000,0,0,,,,,,,,0,0,0,0,0,0,0,0,0,0,0,0,0,0,0,0,0,0,0,0,0,0,0,0,0,0,0,0,0,0,0,0,0,0,0,0,0,0,0,0,0,0,0,0,0,0,0,0,0,0,0,
hello,6_30,11_17_35,2.6625,0,0,0,2.662512,0.0000,0.0000,0.0000,0.0000,0.0000,0.0000,0,0,,,,,,,,0,0,0,0,0,0,0,0,0,0,0,0,0,0,0,0,0,0,0,0,0,0,0,0,0,0,0,0,0,0,0,0,0,0,0,0,0,0,0,0,0,0,0,0,0,0,0,0,0,0,0,
hello,6_30,11_17_35,2.6665,0,0,0,2.666529,0.0000,0.0000,0.0000,0.0000,0.0000,0.0000,0,0,,,,,,,,0,0,0,0,0,0,0,0,0,0,0,0,0,0,0,0,0,0,0,0,0,0,0,0,0,0,0,0,0,0,0,0,0,0,0,0,0,0,0,0,0,0,0,0,0,0,0,0,0,0,0,
hello,6_30,11_17_35,2.6700,0,0,0,2.669961,0.0000,0.0000,0.0000,0.0000,0.0000,0.0000,0,0,,,,,,,,0,0,0,0,0,0,0,0,0,0,0,0,0,0,0,0,0,0,0,0,0,0,0,0,0,0,0,0,0,0,0,0,0,0,0,0,0,0,0,0,0,0,0,0,0,0,0,0,0,0,0,
hello,6_30,11_17_35,2.6740,0,0,0,2.67401,0.0000,0.0000,0.0000,0.0000,0.0000,0.0000,0,0,,,,,,,,0,0,0,0,0,0,0,0,0,0,0,0,0,0,0,0,0,0,0,0,0,0,0,0,0,0,0,0,0,0,0,0,0,0,0,0,0,0,0,0,0,0,0,0,0,0,0,0,0,0,0,
hello,6_30,11_17_35,2.6778,0,0,0,2.677777,0.0000,0.0000,0.0000,0.0000,0.0000,0.0000,0,0,,,,,,,,0,0,0,0,0,0,0,0,0,0,0,0,0,0,0,0,0,0,0,0,0,0,0,0,0,0,0,0,0,0,0,0,0,0,0,0,0,0,0,0,0,0,0,0,0,0,0,0,0,0,0,
hello,6_30,11_17_35,2.6817,0,0,0,2.681717,0.0000,0.0000,0.0000,0.0000,0.0000,0.0000,0,0,,,,,,,,0,0,0,0,0,0,0,0,0,0,0,0,0,0,0,0,0,0,0,0,0,0,0,0,0,0,0,0,0,0,0,0,0,0,0,0,0,0,0,0,0,0,0,0,0,0,0,0,0,0,0,
hello,6_30,11_17_35,2.6857,0,0,0,2.68568,0.0000,0.0000,0.0000,0.0000,0.0000,0.0000,0,0,,,,,,,,0,0,0,0,0,0,0,0,0,0,0,0,0,0,0,0,0,0,0,0,0,0,0,0,0,0,0,0,0,0,0,0,0,0,0,0,0,0,0,0,0,0,0,0,0,0,0,0,0,0,0,
hello,6_30,11_17_35,2.6895,0,0,0,2.689452,0.0000,0.0000,0.0000,0.0000,0.0000,0.0000,0,0,,,,,,,,0,0,0,0,0,0,0,0,0,0,0,0,0,0,0,0,0,0,0,0,0,0,0,0,0,0,0,0,0,0,0,0,0,0,0,0,0,0,0,0,0,0,0,0,0,0,0,0,0,0,0,
hello,6_30,11_17_35,2.6930,0,0,0,2.692976,0.0000,0.0000,0.0000,0.0000,0.0000,0.0000,0,0,,,,,,,,0,0,0,0,0,0,0,0,0,0,0,0,0,0,0,0,0,0,0,0,0,0,0,0,0,0,0,0,0,0,0,0,0,0,0,0,0,0,0,0,0,0,0,0,0,0,0,0,0,0,0,
hello,6_30,11_17_35,2.6966,0,0,0,2.696609,0.0000,0.0000,0.0000,0.0000,0.0000,0.0000,0,0,,,,,,,,0,0,0,0,0,0,0,0,0,0,0,0,0,0,0,0,0,0,0,0,0,0,0,0,0,0,0,0,0,0,0,0,0,0,0,0,0,0,0,0,0,0,0,0,0,0,0,0,0,0,0,
hello,6_30,11_17_35,2.7013,0,0,0,2.701317,0.0000,0.0000,0.0000,0.0000,0.0000,0.0000,0,0,,,,,,,,0,0,0,0,0,0,0,0,0,0,0,0,0,0,0,0,0,0,0,0,0,0,0,0,0,0,0,0,0,0,0,0,0,0,0,0,0,0,0,0,0,0,0,0,0,0,0,0,0,0,0,
hello,6_30,11_17_35,2.7057,0,0,0,2.705702,0.0000,0.0000,0.0000,0.0000,0.0000,0.0000,0,0,,,,,,,,0,0,0,0,0,0,0,0,0,0,0,0,0,0,0,0,0,0,0,0,0,0,0,0,0,0,0,0,0,0,0,0,0,0,0,0,0,0,0,0,0,0,0,0,0,0,0,0,0,0,0,
hello,6_30,11_17_35,2.7093,0,0,0,2.709282,0.0000,0.0000,0.0000,0.0000,0.0000,0.0000,0,0,,,,,,,,0,0,0,0,0,0,0,0,0,0,0,0,0,0,0,0,0,0,0,0,0,0,0,0,0,0,0,0,0,0,0,0,0,0,0,0,0,0,0,0,0,0,0,0,0,0,0,0,0,0,0,
hello,6_30,11_17_35,2.7130,0,0,0,2.712962,0.0000,0.0000,0.0000,0.0000,0.0000,0.0000,0,0,,,,,,,,0,0,0,0,0,0,0,0,0,0,0,0,0,0,0,0,0,0,0,0,0,0,0,0,0,0,0,0,0,0,0,0,0,0,0,0,0,0,0,0,0,0,0,0,0,0,0,0,0,0,0,
hello,6_30,11_17_35,2.7173,0,0,0,2.717268,0.0000,0.0000,0.0000,0.0000,0.0000,0.0000,0,0,,,,,,,,0,0,0,0,0,0,0,0,0,0,0,0,0,0,0,0,0,0,0,0,0,0,0,0,0,0,0,0,0,0,0,0,0,0,0,0,0,0,0,0,0,0,0,0,0,0,0,0,0,0,0,
hello,6_30,11_17_35,2.7211,0,0,0,2.721141,0.0000,0.0000,0.0000,0.0000,0.0000,0.0000,0,0,,,,,,,,0,0,0,0,0,0,0,0,0,0,0,0,0,0,0,0,0,0,0,0,0,0,0,0,0,0,0,0,0,0,0,0,0,0,0,0,0,0,0,0,0,0,0,0,0,0,0,0,0,0,0,
hello,6_30,11_17_35,2.7252,0,0,0,2.725182,0.0000,0.0000,0.0000,0.0000,0.0000,0.0000,0,0,,,,,,,,0,0,0,0,0,0,0,0,0,0,0,0,0,0,0,0,0,0,0,0,0,0,0,0,0,0,0,0,0,0,0,0,0,0,0,0,0,0,0,0,0,0,0,0,0,0,0,0,0,0,0,
hello,6_30,11_17_35,2.7286,0,0,0,2.72855,0.0000,0.0000,0.0000,0.0000,0.0000,0.0000,0,0,,,,,,,,0,0,0,0,0,0,0,0,0,0,0,0,0,0,0,0,0,0,0,0,0,0,0,0,0,0,0,0,0,0,0,0,0,0,0,0,0,0,0,0,0,0,0,0,0,0,0,0,0,0,0,
hello,6_30,11_17_35,2.7329,0,0,0,2.732861,0.0000,0.0000,0.0000,0.0000,0.0000,0.0000,0,0,,,,,,,,0,0,0,0,0,0,0,0,0,0,0,0,0,0,0,0,0,0,0,0,0,0,0,0,0,0,0,0,0,0,0,0,0,0,0,0,0,0,0,0,0,0,0,0,0,0,0,0,0,0,0,
hello,6_30,11_17_35,2.7370,0,0,0,2.736956,0.0000,0.0000,0.0000,0.0000,0.0000,0.0000,0,0,,,,,,,,0,0,0,0,0,0,0,0,0,0,0,0,0,0,0,0,0,0,0,0,0,0,0,0,0,0,0,0,0,0,0,0,0,0,0,0,0,0,0,0,0,0,0,0,0,0,0,0,0,0,0,
hello,6_30,11_17_35,2.7401,0,0,0,2.740117,0.0000,0.0000,0.0000,0.0000,0.0000,0.0000,0,0,,,,,,,,0,0,0,0,0,0,0,0,0,0,0,0,0,0,0,0,0,0,0,0,0,0,0,0,0,0,0,0,0,0,0,0,0,0,0,0,0,0,0,0,0,0,0,0,0,0,0,0,0,0,0,
hello,6_30,11_17_35,2.7440,0,0,0,2.744014,0.0000,0.0000,0.0000,0.0000,0.0000,0.0000,0,0,,,,,,,,0,0,0,0,0,0,0,0,0,0,0,0,0,0,0,0,0,0,0,0,0,0,0,0,0,0,0,0,0,0,0,0,0,0,0,0,0,0,0,0,0,0,0,0,0,0,0,0,0,0,0,
hello,6_30,11_17_35,2.7475,0,0,0,2.747519,0.0000,0.0000,0.0000,0.0000,0.0000,0.0000,0,0,,,,,,,,0,0,0,0,0,0,0,0,0,0,0,0,0,0,0,0,0,0,0,0,0,0,0,0,0,0,0,0,0,0,0,0,0,0,0,0,0,0,0,0,0,0,0,0,0,0,0,0,0,0,0,
hello,6_30,11_17_35,2.7506,0,0,0,2.750647,0.0000,0.0000,0.0000,0.0000,0.0000,0.0000,0,0,,,,,,,,0,0,0,0,0,0,0,0,0,0,0,0,0,0,0,0,0,0,0,0,0,0,0,0,0,0,0,0,0,0,0,0,0,0,0,0,0,0,0,0,0,0,0,0,0,0,0,0,0,0,0,
hello,6_30,11_17_35,2.7545,0,0,0,2.754535,0.0000,0.0000,0.0000,0.0000,0.0000,0.0000,0,0,,,,,,,,0,0,0,0,0,0,0,0,0,0,0,0,0,0,0,0,0,0,0,0,0,0,0,0,0,0,0,0,0,0,0,0,0,0,0,0,0,0,0,0,0,0,0,0,0,0,0,0,0,0,0,
hello,6_30,11_17_36,2.7583,0,0,0,2.758264,0.0000,0.0000,0.0000,0.0000,0.0000,0.0000,0,0,,,,,,,,0,0,0,0,0,0,0,0,0,0,0,0,0,0,0,0,0,0,0,0,0,0,0,0,0,0,0,0,0,0,0,0,0,0,0,0,0,0,0,0,0,0,0,0,0,0,0,0,0,0,0,
hello,6_30,11_17_36,2.7622,0,0,0,2.762192,0.0000,0.0000,0.0000,0.0000,0.0000,0.0000,0,0,,,,,,,,0,0,0,0,0,0,0,0,0,0,0,0,0,0,0,0,0,0,0,0,0,0,0,0,0,0,0,0,0,0,0,0,0,0,0,0,0,0,0,0,0,0,0,0,0,0,0,0,0,0,0,
hello,6_30,11_17_36,2.7660,0,0,0,2.766012,0.0000,0.0000,0.0000,0.0000,0.0000,0.0000,0,0,,,,,,,,0,0,0,0,0,0,0,0,0,0,0,0,0,0,0,0,0,0,0,0,0,0,0,0,0,0,0,0,0,0,0,0,0,0,0,0,0,0,0,0,0,0,0,0,0,0,0,0,0,0,0,
hello,6_30,11_17_36,2.7692,0,0,0,2.769238,0.0000,0.0000,0.0000,0.0000,0.0000,0.0000,0,0,,,,,,,,0,0,0,0,0,0,0,0,0,0,0,0,0,0,0,0,0,0,0,0,0,0,0,0,0,0,0,0,0,0,0,0,0,0,0,0,0,0,0,0,0,0,0,0,0,0,0,0,0,0,0,
hello,6_30,11_17_36,2.7730,0,0,0,2.772987,0.0000,0.0000,0.0000,0.0000,0.0000,0.0000,0,0,,,,,,,,0,0,0,0,0,0,0,0,0,0,0,0,0,0,0,0,0,0,0,0,0,0,0,0,0,0,0,0,0,0,0,0,0,0,0,0,0,0,0,0,0,0,0,0,0,0,0,0,0,0,0,
hello,6_30,11_17_36,2.7775,0,0,0,2.777489,0.0000,0.0000,0.0000,0.0000,0.0000,0.0000,0,0,,,,,,,,0,0,0,0,0,0,0,0,0,0,0,0,0,0,0,0,0,0,0,0,0,0,0,0,0,0,0,0,0,0,0,0,0,0,0,0,0,0,0,0,0,0,0,0,0,0,0,0,0,0,0,
hello,6_30,11_17_36,2.7812,0,0,0,2.781231,0.0000,0.0000,0.0000,0.0000,0.0000,0.0000,0,0,,,,,,,,0,0,0,0,0,0,0,0,0,0,0,0,0,0,0,0,0,0,0,0,0,0,0,0,0,0,0,0,0,0,0,0,0,0,0,0,0,0,0,0,0,0,0,0,0,0,0,0,0,0,0,
hello,6_30,11_17_36,2.7852,0,0,0,2.785158,0.0000,0.0000,0.0000,0.0000,0.0000,0.0000,0,0,,,,,,,,0,0,0,0,0,0,0,0,0,0,0,0,0,0,0,0,0,0,0,0,0,0,0,0,0,0,0,0,0,0,0,0,0,0,0,0,0,0,0,0,0,0,0,0,0,0,0,0,0,0,0,
hello,6_30,11_17_36,2.7883,0,0,0,2.788333,0.0000,0.0000,0.0000,0.0000,0.0000,0.0000,0,0,,,,,,,,0,0,0,0,0,0,0,0,0,0,0,0,0,0,0,0,0,0,0,0,0,0,0,0,0,0,0,0,0,0,0,0,0,0,0,0,0,0,0,0,0,0,0,0,0,0,0,0,0,0,0,
hello,6_30,11_17_36,2.7923,0,0,0,2.792261,0.0000,0.0000,0.0000,0.0000,0.0000,0.0000,0,0,,,,,,,,0,0,0,0,0,0,0,0,0,0,0,0,0,0,0,0,0,0,0,0,0,0,0,0,0,0,0,0,0,0,0,0,0,0,0,0,0,0,0,0,0,0,0,0,0,0,0,0,0,0,0,
hello,6_30,11_17_36,2.7958,0,0,0,2.795765,0.0000,0.0000,0.0000,0.0000,0.0000,0.0000,0,0,,,,,,,,0,0,0,0,0,0,0,0,0,0,0,0,0,0,0,0,0,0,0,0,0,0,0,0,0,0,0,0,0,0,0,0,0,0,0,0,0,0,0,0,0,0,0,0,0,0,0,0,0,0,0,
hello,6_30,11_17_36,2.7991,0,0,0,2.799079,0.0000,0.0000,0.0000,0.0000,0.0000,0.0000,0,0,,,,,,,,0,0,0,0,0,0,0,0,0,0,0,0,0,0,0,0,0,0,0,0,0,0,0,0,0,0,0,0,0,0,0,0,0,0,0,0,0,0,0,0,0,0,0,0,0,0,0,0,0,0,0,
hello,6_30,11_17_36,2.8030,0,0,0,2.803001,0.0000,0.0000,0.0000,0.0000,0.0000,0.0000,0,0,,,,,,,,0,0,0,0,0,0,0,0,0,0,0,0,0,0,0,0,0,0,0,0,0,0,0,0,0,0,0,0,0,0,0,0,0,0,0,0,0,0,0,0,0,0,0,0,0,0,0,0,0,0,0,
hello,6_30,11_17_36,2.8071,0,0,0,2.807112,0.0000,0.0000,0.0000,0.0000,0.0000,0.0000,0,0,,,,,,,,0,0,0,0,0,0,0,0,0,0,0,0,0,0,0,0,0,0,0,0,0,0,0,0,0,0,0,0,0,0,0,0,0,0,0,0,0,0,0,0,0,0,0,0,0,0,0,0,0,0,0,
hello,6_30,11_17_36,2.8103,0,0,0,2.810308,0.0000,0.0000,0.0000,0.0000,0.0000,0.0000,0,0,,,,,,,,0,0,0,0,0,0,0,0,0,0,0,0,0,0,0,0,0,0,0,0,0,0,0,0,0,0,0,0,0,0,0,0,0,0,0,0,0,0,0,0,0,0,0,0,0,0,0,0,0,0,0,
hello,6_30,11_17_36,2.8139,0,0,0,2.813872,0.0000,0.0000,0.0000,0.0000,0.0000,0.0000,0,0,,,,,,,,0,0,0,0,0,0,0,0,0,0,0,0,0,0,0,0,0,0,0,0,0,0,0,0,0,0,0,0,0,0,0,0,0,0,0,0,0,0,0,0,0,0,0,0,0,0,0,0,0,0,0,
hello,6_30,11_17_36,2.8174,0,0,0,2.817352,0.0000,0.0000,0.0000,0.0000,0.0000,0.0000,0,0,,,,,,,,0,0,0,0,0,0,0,0,0,0,0,0,0,0,0,0,0,0,0,0,0,0,0,0,0,0,0,0,0,0,0,0,0,0,0,0,0,0,0,0,0,0,0,0,0,0,0,0,0,0,0,
hello,6_30,11_17_36,2.8273,0,0,0,2.82732,0.0000,0.0000,0.0000,0.0000,0.0000,0.0000,0,0,,,,,,,,0,0,0,0,0,0,0,0,0,0,0,0,0,0,0,0,0,0,0,0,0,0,0,0,0,0,0,0,0,0,0,0,0,0,0,0,0,0,0,0,0,0,0,0,0,0,0,0,0,0,0,
hello,6_30,11_17_36,2.8311,0,0,0,2.831134,0.0000,0.0000,0.0000,0.0000,0.0000,0.0000,0,0,,,,,,,,0,0,0,0,0,0,0,0,0,0,0,0,0,0,0,0,0,0,0,0,0,0,0,0,0,0,0,0,0,0,0,0,0,0,0,0,0,0,0,0,0,0,0,0,0,0,0,0,0,0,0,
hello,6_30,11_17_36,2.8347,0,0,0,2.834714,0.0000,0.0000,0.0000,0.0000,0.0000,0.0000,0,0,,,,,,,,0,0,0,0,0,0,0,0,0,0,0,0,0,0,0,0,0,0,0,0,0,0,0,0,0,0,0,0,0,0,0,0,0,0,0,0,0,0,0,0,0,0,0,0,0,0,0,0,0,0,0,
hello,6_30,11_17_36,2.8383,0,0,0,2.838332,0.0000,0.0000,0.0000,0.0000,0.0000,0.0000,0,0,,,,,,,,0,0,0,0,0,0,0,0,0,0,0,0,0,0,0,0,0,0,0,0,0,0,0,0,0,0,0,0,0,0,0,0,0,0,0,0,0,0,0,0,0,0,0,0,0,0,0,0,0,0,0,
hello,6_30,11_17_36,2.8418,0,0,0,2.84178,0.0000,0.0000,0.0000,0.0000,0.0000,0.0000,0,0,,,,,,,,0,0,0,0,0,0,0,0,0,0,0,0,0,0,0,0,0,0,0,0,0,0,0,0,0,0,0,0,0,0,0,0,0,0,0,0,0,0,0,0,0,0,0,0,0,0,0,0,0,0,0,
hello,6_30,11_17_36,2.8461,0,0,0,2.846073,0.0000,0.0000,0.0000,0.0000,0.0000,0.0000,0,0,,,,,,,,0,0,0,0,0,0,0,0,0,0,0,0,0,0,0,0,0,0,0,0,0,0,0,0,0,0,0,0,0,0,0,0,0,0,0,0,0,0,0,0,0,0,0,0,0,0,0,0,0,0,0,
hello,6_30,11_17_36,2.8513,0,0,0,2.851295,0.0000,0.0000,0.0000,0.0000,0.0000,0.0000,0,0,,,,,,,,0,0,0,0,0,0,0,0,0,0,0,0,0,0,0,0,0,0,0,0,0,0,0,0,0,0,0,0,0,0,0,0,0,0,0,0,0,0,0,0,0,0,0,0,0,0,0,0,0,0,0,
hello,6_30,11_17_36,2.8553,0,0,0,2.85528,0.0000,0.0000,0.0000,0.0000,0.0000,0.0000,0,0,,,,,,,,0,0,0,0,0,0,0,0,0,0,0,0,0,0,0,0,0,0,0,0,0,0,0,0,0,0,0,0,0,0,0,0,0,0,0,0,0,0,0,0,0,0,0,0,0,0,0,0,0,0,0,
hello,6_30,11_17_36,2.8593,0,0,0,2.859283,0.0000,0.0000,0.0000,0.0000,0.0000,0.0000,0,0,,,,,,,,0,0,0,0,0,0,0,0,0,0,0,0,0,0,0,0,0,0,0,0,0,0,0,0,0,0,0,0,0,0,0,0,0,0,0,0,0,0,0,0,0,0,0,0,0,0,0,0,0,0,0,
hello,6_30,11_17_36,2.8632,0,0,0,2.863237,0.0000,0.0000,0.0000,0.0000,0.0000,0.0000,0,0,,,,,,,,0,0,0,0,0,0,0,0,0,0,0,0,0,0,0,0,0,0,0,0,0,0,0,0,0,0,0,0,0,0,0,0,0,0,0,0,0,0,0,0,0,0,0,0,0,0,0,0,0,0,0,
hello,6_30,11_17_36,2.8678,0,0,0,2.867824,0.0000,0.0000,0.0000,0.0000,0.0000,0.0000,0,0,,,,,,,,0,0,0,0,0,0,0,0,0,0,0,0,0,0,0,0,0,0,0,0,0,0,0,0,0,0,0,0,0,0,0,0,0,0,0,0,0,0,0,0,0,0,0,0,0,0,0,0,0,0,0,
hello,6_30,11_17_36,2.8718,0,0,0,2.87184,0.0000,0.0000,0.0000,0.0000,0.0000,0.0000,0,0,,,,,,,,0,0,0,0,0,0,0,0,0,0,0,0,0,0,0,0,0,0,0,0,0,0,0,0,0,0,0,0,0,0,0,0,0,0,0,0,0,0,0,0,0,0,0,0,0,0,0,0,0,0,0,
hello,6_30,11_17_36,2.8753,0,0,0,2.875311,0.0000,0.0000,0.0000,0.0000,0.0000,0.0000,0,0,,,,,,,,0,0,0,0,0,0,0,0,0,0,0,0,0,0,0,0,0,0,0,0,0,0,0,0,0,0,0,0,0,0,0,0,0,0,0,0,0,0,0,0,0,0,0,0,0,0,0,0,0,0,0,
hello,6_30,11_17_36,2.8791,0,0,0,2.879139,0.0000,0.0000,0.0000,0.0000,0.0000,0.0000,0,0,,,,,,,,0,0,0,0,0,0,0,0,0,0,0,0,0,0,0,0,0,0,0,0,0,0,0,0,0,0,0,0,0,0,0,0,0,0,0,0,0,0,0,0,0,0,0,0,0,0,0,0,0,0,0,
hello,6_30,11_17_36,2.8828,0,0,0,2.882778,0.0000,0.0000,0.0000,0.0000,0.0000,0.0000,0,0,,,,,,,,0,0,0,0,0,0,0,0,0,0,0,0,0,0,0,0,0,0,0,0,0,0,0,0,0,0,0,0,0,0,0,0,0,0,0,0,0,0,0,0,0,0,0,0,0,0,0,0,0,0,0,
hello,6_30,11_17_36,2.8867,0,0,0,2.886687,0.0000,0.0000,0.0000,0.0000,0.0000,0.0000,0,0,,,,,,,,0,0,0,0,0,0,0,0,0,0,0,0,0,0,0,0,0,0,0,0,0,0,0,0,0,0,0,0,0,0,0,0,0,0,0,0,0,0,0,0,0,0,0,0,0,0,0,0,0,0,0,
hello,6_30,11_17_36,2.8903,0,0,0,2.890312,0.0000,0.0000,0.0000,0.0000,0.0000,0.0000,0,0,,,,,,,,0,0,0,0,0,0,0,0,0,0,0,0,0,0,0,0,0,0,0,0,0,0,0,0,0,0,0,0,0,0,0,0,0,0,0,0,0,0,0,0,0,0,0,0,0,0,0,0,0,0,0,
hello,6_30,11_17_36,2.8940,0,0,0,2.893993,0.0000,0.0000,0.0000,0.0000,0.0000,0.0000,0,0,,,,,,,,0,0,0,0,0,0,0,0,0,0,0,0,0,0,0,0,0,0,0,0,0,0,0,0,0,0,0,0,0,0,0,0,0,0,0,0,0,0,0,0,0,0,0,0,0,0,0,0,0,0,0,
hello,6_30,11_17_36,2.8992,0,0,0,2.899178,0.0000,0.0000,0.0000,0.0000,0.0000,0.0000,0,0,,,,,,,,0,0,0,0,0,0,0,0,0,0,0,0,0,0,0,0,0,0,0,0,0,0,0,0,0,0,0,0,0,0,0,0,0,0,0,0,0,0,0,0,0,0,0,0,0,0,0,0,0,0,0,
hello,6_30,11_17_36,2.9029,0,0,0,2.902932,0.0000,0.0000,0.0000,0.0000,0.0000,0.0000,0,0,,,,,,,,0,0,0,0,0,0,0,0,0,0,0,0,0,0,0,0,0,0,0,0,0,0,0,0,0,0,0,0,0,0,0,0,0,0,0,0,0,0,0,0,0,0,0,0,0,0,0,0,0,0,0,
hello,6_30,11_17_36,2.9070,0,0,0,2.907036,0.0000,0.0000,0.0000,0.0000,0.0000,0.0000,0,0,,,,,,,,0,0,0,0,0,0,0,0,0,0,0,0,0,0,0,0,0,0,0,0,0,0,0,0,0,0,0,0,0,0,0,0,0,0,0,0,0,0,0,0,0,0,0,0,0,0,0,0,0,0,0,
hello,6_30,11_17_36,2.9108,0,0,0,2.910831,0.0000,0.0000,0.0000,0.0000,0.0000,0.0000,0,0,,,,,,,,0,0,0,0,0,0,0,0,0,0,0,0,0,0,0,0,0,0,0,0,0,0,0,0,0,0,0,0,0,0,0,0,0,0,0,0,0,0,0,0,0,0,0,0,0,0,0,0,0,0,0,
hello,6_30,11_17_36,2.9143,0,0,0,2.914332,0.0000,0.0000,0.0000,0.0000,0.0000,0.0000,0,0,,,,,,,,0,0,0,0,0,0,0,0,0,0,0,0,0,0,0,0,0,0,0,0,0,0,0,0,0,0,0,0,0,0,0,0,0,0,0,0,0,0,0,0,0,0,0,0,0,0,0,0,0,0,0,
hello,6_30,11_17_36,2.9180,0,0,0,2.917986,0.0000,0.0000,0.0000,0.0000,0.0000,0.0000,0,0,,,,,,,,0,0,0,0,0,0,0,0,0,0,0,0,0,0,0,0,0,0,0,0,0,0,0,0,0,0,0,0,0,0,0,0,0,0,0,0,0,0,0,0,0,0,0,0,0,0,0,0,0,0,0,
hello,6_30,11_17_36,2.9212,0,0,0,2.921168,0.0000,0.0000,0.0000,0.0000,0.0000,0.0000,0,0,,,,,,,,0,0,0,0,0,0,0,0,0,0,0,0,0,0,0,0,0,0,0,0,0,0,0,0,0,0,0,0,0,0,0,0,0,0,0,0,0,0,0,0,0,0,0,0,0,0,0,0,0,0,0,
hello,6_30,11_17_36,2.9253,0,0,0,2.925307,0.0000,0.0000,0.0000,0.0000,0.0000,0.0000,0,0,,,,,,,,0,0,0,0,0,0,0,0,0,0,0,0,0,0,0,0,0,0,0,0,0,0,0,0,0,0,0,0,0,0,0,0,0,0,0,0,0,0,0,0,0,0,0,0,0,0,0,0,0,0,0,
hello,6_30,11_17_36,2.9292,0,0,0,2.929228,0.0000,0.0000,0.0000,0.0000,0.0000,0.0000,0,0,,,,,,,,0,0,0,0,0,0,0,0,0,0,0,0,0,0,0,0,0,0,0,0,0,0,0,0,0,0,0,0,0,0,0,0,0,0,0,0,0,0,0,0,0,0,0,0,0,0,0,0,0,0,0,
hello,6_30,11_17_36,2.9332,0,0,0,2.933228,0.0000,0.0000,0.0000,0.0000,0.0000,0.0000,0,0,,,,,,,,0,0,0,0,0,0,0,0,0,0,0,0,0,0,0,0,0,0,0,0,0,0,0,0,0,0,0,0,0,0,0,0,0,0,0,0,0,0,0,0,0,0,0,0,0,0,0,0,0,0,0,
hello,6_30,11_17_36,2.9364,0,0,0,2.936409,0.0000,0.0000,0.0000,0.0000,0.0000,0.0000,0,0,,,,,,,,0,0,0,0,0,0,0,0,0,0,0,0,0,0,0,0,0,0,0,0,0,0,0,0,0,0,0,0,0,0,0,0,0,0,0,0,0,0,0,0,0,0,0,0,0,0,0,0,0,0,0,
hello,6_30,11_17_36,2.9401,0,0,0,2.940105,0.0000,0.0000,0.0000,0.0000,0.0000,0.0000,0,0,,,,,,,,0,0,0,0,0,0,0,0,0,0,0,0,0,0,0,0,0,0,0,0,0,0,0,0,0,0,0,0,0,0,0,0,0,0,0,0,0,0,0,0,0,0,0,0,0,0,0,0,0,0,0,
hello,6_30,11_17_36,2.9440,0,0,0,2.943968,0.0000,0.0000,0.0000,0.0000,0.0000,0.0000,0,0,,,,,,,,0,0,0,0,0,0,0,0,0,0,0,0,0,0,0,0,0,0,0,0,0,0,0,0,0,0,0,0,0,0,0,0,0,0,0,0,0,0,0,0,0,0,0,0,0,0,0,0,0,0,0,
hello,6_30,11_17_36,2.9475,0,0,0,2.947517,0.0000,0.0000,0.0000,0.0000,0.0000,0.0000,0,0,,,,,,,,0,0,0,0,0,0,0,0,0,0,0,0,0,0,0,0,0,0,0,0,0,0,0,0,0,0,0,0,0,0,0,0,0,0,0,0,0,0,0,0,0,0,0,0,0,0,0,0,0,0,0,
hello,6_30,11_17_36,2.9523,0,0,0,2.952318,0.0000,0.0000,0.0000,0.0000,0.0000,0.0000,0,0,,,,,,,,0,0,0,0,0,0,0,0,0,0,0,0,0,0,0,0,0,0,0,0,0,0,0,0,0,0,0,0,0,0,0,0,0,0,0,0,0,0,0,0,0,0,0,0,0,0,0,0,0,0,0,
hello,6_30,11_17_36,2.9560,0,0,0,2.955954,0.0000,0.0000,0.0000,0.0000,0.0000,0.0000,0,0,,,,,,,,0,0,0,0,0,0,0,0,0,0,0,0,0,0,0,0,0,0,0,0,0,0,0,0,0,0,0,0,0,0,0,0,0,0,0,0,0,0,0,0,0,0,0,0,0,0,0,0,0,0,0,
hello,6_30,11_17_36,2.9595,0,0,0,2.959494,0.0000,0.0000,0.0000,0.0000,0.0000,0.0000,0,0,,,,,,,,0,0,0,0,0,0,0,0,0,0,0,0,0,0,0,0,0,0,0,0,0,0,0,0,0,0,0,0,0,0,0,0,0,0,0,0,0,0,0,0,0,0,0,0,0,0,0,0,0,0,0,
hello,6_30,11_17_36,2.9630,0,0,0,2.962989,0.0000,0.0000,0.0000,0.0000,0.0000,0.0000,0,0,,,,,,,,0,0,0,0,0,0,0,0,0,0,0,0,0,0,0,0,0,0,0,0,0,0,0,0,0,0,0,0,0,0,0,0,0,0,0,0,0,0,0,0,0,0,0,0,0,0,0,0,0,0,0,
hello,6_30,11_17_36,2.9668,0,0,0,2.966766,0.0000,0.0000,0.0000,0.0000,0.0000,0.0000,0,0,,,,,,,,0,0,0,0,0,0,0,0,0,0,0,0,0,0,0,0,0,0,0,0,0,0,0,0,0,0,0,0,0,0,0,0,0,0,0,0,0,0,0,0,0,0,0,0,0,0,0,0,0,0,0,
hello,6_30,11_17_36,2.9703,0,0,0,2.970257,0.0000,0.0000,0.0000,0.0000,0.0000,0.0000,0,0,,,,,,,,0,0,0,0,0,0,0,0,0,0,0,0,0,0,0,0,0,0,0,0,0,0,0,0,0,0,0,0,0,0,0,0,0,0,0,0,0,0,0,0,0,0,0,0,0,0,0,0,0,0,0,
hello,6_30,11_17_36,2.9740,0,0,0,2.974033,0.0000,0.0000,0.0000,0.0000,0.0000,0.0000,0,0,,,,,,,,0,0,0,0,0,0,0,0,0,0,0,0,0,0,0,0,0,0,0,0,0,0,0,0,0,0,0,0,0,0,0,0,0,0,0,0,0,0,0,0,0,0,0,0,0,0,0,0,0,0,0,
hello,6_30,11_17_36,2.9776,0,0,0,2.977647,0.0000,0.0000,0.0000,0.0000,0.0000,0.0000,0,0,,,,,,,,0,0,0,0,0,0,0,0,0,0,0,0,0,0,0,0,0,0,0,0,0,0,0,0,0,0,0,0,0,0,0,0,0,0,0,0,0,0,0,0,0,0,0,0,0,0,0,0,0,0,0,
hello,6_30,11_17_36,2.9813,0,0,0,2.981279,0.0000,0.0000,0.0000,0.0000,0.0000,0.0000,0,0,,,,,,,,0,0,0,0,0,0,0,0,0,0,0,0,0,0,0,0,0,0,0,0,0,0,0,0,0,0,0,0,0,0,0,0,0,0,0,0,0,0,0,0,0,0,0,0,0,0,0,0,0,0,0,
hello,6_30,11_17_36,2.9851,0,0,0,2.985057,0.0000,0.0000,0.0000,0.0000,0.0000,0.0000,0,0,,,,,,,,0,0,0,0,0,0,0,0,0,0,0,0,0,0,0,0,0,0,0,0,0,0,0,0,0,0,0,0,0,0,0,0,0,0,0,0,0,0,0,0,0,0,0,0,0,0,0,0,0,0,0,
hello,6_30,11_17_36,2.9885,0,0,0,2.988509,0.0000,0.0000,0.0000,0.0000,0.0000,0.0000,0,0,,,,,,,,0,0,0,0,0,0,0,0,0,0,0,0,0,0,0,0,0,0,0,0,0,0,0,0,0,0,0,0,0,0,0,0,0,0,0,0,0,0,0,0,0,0,0,0,0,0,0,0,0,0,0,
hello,6_30,11_17_36,2.9918,0,0,0,2.991753,0.0000,0.0000,0.0000,0.0000,0.0000,0.0000,0,0,,,,,,,,0,0,0,0,0,0,0,0,0,0,0,0,0,0,0,0,0,0,0,0,0,0,0,0,0,0,0,0,0,0,0,0,0,0,0,0,0,0,0,0,0,0,0,0,0,0,0,0,0,0,0,
hello,6_30,11_17_36,2.9950,0,0,0,2.995013,0.0000,0.0000,0.0000,0.0000,0.0000,0.0000,0,0,,,,,,,,0,0,0,0,0,0,0,0,0,0,0,0,0,0,0,0,0,0,0,0,0,0,0,0,0,0,0,0,0,0,0,0,0,0,0,0,0,0,0,0,0,0,0,0,0,0,0,0,0,0,0,
hello,6_30,11_17_36,2.9986,0,0,0,2.998592,0.0000,0.0000,0.0000,0.0000,0.0000,0.0000,0,0,,,,,,,,0,0,0,0,0,0,0,0,0,0,0,0,0,0,0,0,0,0,0,0,0,0,0,0,0,0,0,0,0,0,0,0,0,0,0,0,0,0,0,0,0,0,0,0,0,0,0,0,0,0,0,
hello,6_30,11_17_36,3.0022,0,0,0,3.002171,0.0000,0.0000,0.0000,0.0000,0.0000,0.0000,0,0,,,,,,,,0,0,0,0,0,0,0,0,0,0,0,0,0,0,0,0,0,0,0,0,0,0,0,0,0,0,0,0,0,0,0,0,0,0,0,0,0,0,0,0,0,0,0,0,0,0,0,0,0,0,0,
hello,6_30,11_17_36,3.0073,0,0,0,3.007306,0.0000,0.0000,0.0000,0.0000,0.0000,0.0000,0,0,,,,,,,,0,0,0,0,0,0,0,0,0,0,0,0,0,0,0,0,0,0,0,0,0,0,0,0,0,0,0,0,0,0,0,0,0,0,0,0,0,0,0,0,0,0,0,0,0,0,0,0,0,0,0,
hello,6_30,11_17_36,3.0104,0,0,0,3.010442,0.0000,0.0000,0.0000,0.0000,0.0000,0.0000,0,0,,,,,,,,0,0,0,0,0,0,0,0,0,0,0,0,0,0,0,0,0,0,0,0,0,0,0,0,0,0,0,0,0,0,0,0,0,0,0,0,0,0,0,0,0,0,0,0,0,0,0,0,0,0,0,
hello,6_30,11_17_36,3.0137,0,0,0,3.013698,0.0000,0.0000,0.0000,0.0000,0.0000,0.0000,0,0,,,,,,,,0,0,0,0,0,0,0,0,0,0,0,0,0,0,0,0,0,0,0,0,0,0,0,0,0,0,0,0,0,0,0,0,0,0,0,0,0,0,0,0,0,0,0,0,0,0,0,0,0,0,0,
hello,6_30,11_17_36,3.0173,0,0,0,3.017297,0.0000,0.0000,0.0000,0.0000,0.0000,0.0000,0,0,,,,,,,,0,0,0,0,0,0,0,0,0,0,0,0,0,0,0,0,0,0,0,0,0,0,0,0,0,0,0,0,0,0,0,0,0,0,0,0,0,0,0,0,0,0,0,0,0,0,0,0,0,0,0,
hello,6_30,11_17_36,3.0210,0,0,0,3.021008,0.0000,0.0000,0.0000,0.0000,0.0000,0.0000,0,0,,,,,,,,0,0,0,0,0,0,0,0,0,0,0,0,0,0,0,0,0,0,0,0,0,0,0,0,0,0,0,0,0,0,0,0,0,0,0,0,0,0,0,0,0,0,0,0,0,0,0,0,0,0,0,
hello,6_30,11_17_36,3.0304,0,0,0,3.030446,0.0000,0.0000,0.0000,0.0000,0.0000,0.0000,0,0,,,,,,,,0,0,0,0,0,0,0,0,0,0,0,0,0,0,0,0,0,0,0,0,0,0,0,0,0,0,0,0,0,0,0,0,0,0,0,0,0,0,0,0,0,0,0,0,0,0,0,0,0,0,0,
hello,6_30,11_17_36,3.0339,0,0,0,3.03386,0.0000,0.0000,0.0000,0.0000,0.0000,0.0000,0,0,,,,,,,,0,0,0,0,0,0,0,0,0,0,0,0,0,0,0,0,0,0,0,0,0,0,0,0,0,0,0,0,0,0,0,0,0,0,0,0,0,0,0,0,0,0,0,0,0,0,0,0,0,0,0,
hello,6_30,11_17_36,3.0376,0,0,0,3.037586,0.0000,0.0000,0.0000,0.0000,0.0000,0.0000,0,0,,,,,,,,0,0,0,0,0,0,0,0,0,0,0,0,0,0,0,0,0,0,0,0,0,0,0,0,0,0,0,0,0,0,0,0,0,0,0,0,0,0,0,0,0,0,0,0,0,0,0,0,0,0,0,
hello,6_30,11_17_36,3.0408,0,0,0,3.040838,0.0000,0.0000,0.0000,0.0000,0.0000,0.0000,0,0,,,,,,,,0,0,0,0,0,0,0,0,0,0,0,0,0,0,0,0,0,0,0,0,0,0,0,0,0,0,0,0,0,0,0,0,0,0,0,0,0,0,0,0,0,0,0,0,0,0,0,0,0,0,0,
hello,6_30,11_17_36,3.0448,0,0,0,3.044808,0.0000,0.0000,0.0000,0.0000,0.0000,0.0000,0,0,,,,,,,,0,0,0,0,0,0,0,0,0,0,0,0,0,0,0,0,0,0,0,0,0,0,0,0,0,0,0,0,0,0,0,0,0,0,0,0,0,0,0,0,0,0,0,0,0,0,0,0,0,0,0,
hello,6_30,11_17_36,3.0483,0,0,0,3.048265,0.0000,0.0000,0.0000,0.0000,0.0000,0.0000,0,0,,,,,,,,0,0,0,0,0,0,0,0,0,0,0,0,0,0,0,0,0,0,0,0,0,0,0,0,0,0,0,0,0,0,0,0,0,0,0,0,0,0,0,0,0,0,0,0,0,0,0,0,0,0,0,
hello,6_30,11_17_36,3.0518,0,0,0,3.051762,0.0000,0.0000,0.0000,0.0000,0.0000,0.0000,0,0,,,,,,,,0,0,0,0,0,0,0,0,0,0,0,0,0,0,0,0,0,0,0,0,0,0,0,0,0,0,0,0,0,0,0,0,0,0,0,0,0,0,0,0,0,0,0,0,0,0,0,0,0,0,0,
hello,6_30,11_17_36,3.0552,0,0,0,3.055238,0.0000,0.0000,0.0000,0.0000,0.0000,0.0000,0,0,,,,,,,,0,0,0,0,0,0,0,0,0,0,0,0,0,0,0,0,0,0,0,0,0,0,0,0,0,0,0,0,0,0,0,0,0,0,0,0,0,0,0,0,0,0,0,0,0,0,0,0,0,0,0,
hello,6_30,11_17_36,3.0584,0,0,0,3.058356,0.0000,0.0000,0.0000,0.0000,0.0000,0.0000,0,0,,,,,,,,0,0,0,0,0,0,0,0,0,0,0,0,0,0,0,0,0,0,0,0,0,0,0,0,0,0,0,0,0,0,0,0,0,0,0,0,0,0,0,0,0,0,0,0,0,0,0,0,0,0,0,
hello,6_30,11_17_36,3.0616,0,0,0,3.061604,0.0000,0.0000,0.0000,0.0000,0.0000,0.0000,0,0,,,,,,,,0,0,0,0,0,0,0,0,0,0,0,0,0,0,0,0,0,0,0,0,0,0,0,0,0,0,0,0,0,0,0,0,0,0,0,0,0,0,0,0,0,0,0,0,0,0,0,0,0,0,0,
hello,6_30,11_17_36,3.0651,0,0,0,3.065076,0.0000,0.0000,0.0000,0.0000,0.0000,0.0000,0,0,,,,,,,,0,0,0,0,0,0,0,0,0,0,0,0,0,0,0,0,0,0,0,0,0,0,0,0,0,0,0,0,0,0,0,0,0,0,0,0,0,0,0,0,0,0,0,0,0,0,0,0,0,0,0,
hello,6_30,11_17_36,3.0683,0,0,0,3.068327,0.0000,0.0000,0.0000,0.0000,0.0000,0.0000,0,0,,,,,,,,0,0,0,0,0,0,0,0,0,0,0,0,0,0,0,0,0,0,0,0,0,0,0,0,0,0,0,0,0,0,0,0,0,0,0,0,0,0,0,0,0,0,0,0,0,0,0,0,0,0,0,
hello,6_30,11_17_36,3.0716,0,0,0,3.071562,0.0000,0.0000,0.0000,0.0000,0.0000,0.0000,0,0,,,,,,,,0,0,0,0,0,0,0,0,0,0,0,0,0,0,0,0,0,0,0,0,0,0,0,0,0,0,0,0,0,0,0,0,0,0,0,0,0,0,0,0,0,0,0,0,0,0,0,0,0,0,0,
hello,6_30,11_17_36,3.0748,0,0,0,3.074841,0.0000,0.0000,0.0000,0.0000,0.0000,0.0000,0,0,,,,,,,,0,0,0,0,0,0,0,0,0,0,0,0,0,0,0,0,0,0,0,0,0,0,0,0,0,0,0,0,0,0,0,0,0,0,0,0,0,0,0,0,0,0,0,0,0,0,0,0,0,0,0,
hello,6_30,11_17_36,3.0784,0,0,0,3.07841,0.0000,0.0000,0.0000,0.0000,0.0000,0.0000,0,0,,,,,,,,0,0,0,0,0,0,0,0,0,0,0,0,0,0,0,0,0,0,0,0,0,0,0,0,0,0,0,0,0,0,0,0,0,0,0,0,0,0,0,0,0,0,0,0,0,0,0,0,0,0,0,
hello,6_30,11_17_36,3.0817,0,0,0,3.081744,0.0000,0.0000,0.0000,0.0000,0.0000,0.0000,0,0,,,,,,,,0,0,0,0,0,0,0,0,0,0,0,0,0,0,0,0,0,0,0,0,0,0,0,0,0,0,0,0,0,0,0,0,0,0,0,0,0,0,0,0,0,0,0,0,0,0,0,0,0,0,0,
hello,6_30,11_17_36,3.0851,0,0,0,3.085071,0.0000,0.0000,0.0000,0.0000,0.0000,0.0000,0,0,,,,,,,,0,0,0,0,0,0,0,0,0,0,0,0,0,0,0,0,0,0,0,0,0,0,0,0,0,0,0,0,0,0,0,0,0,0,0,0,0,0,0,0,0,0,0,0,0,0,0,0,0,0,0,
hello,6_30,11_17_36,3.0883,0,0,0,3.088339,0.0000,0.0000,0.0000,0.0000,0.0000,0.0000,0,0,,,,,,,,0,0,0,0,0,0,0,0,0,0,0,0,0,0,0,0,0,0,0,0,0,0,0,0,0,0,0,0,0,0,0,0,0,0,0,0,0,0,0,0,0,0,0,0,0,0,0,0,0,0,0,
hello,6_30,11_17_36,3.0920,0,0,0,3.091973,0.0000,0.0000,0.0000,0.0000,0.0000,0.0000,0,0,,,,,,,,0,0,0,0,0,0,0,0,0,0,0,0,0,0,0,0,0,0,0,0,0,0,0,0,0,0,0,0,0,0,0,0,0,0,0,0,0,0,0,0,0,0,0,0,0,0,0,0,0,0,0,
hello,6_30,11_17_36,3.0953,0,0,0,3.095278,0.0000,0.0000,0.0000,0.0000,0.0000,0.0000,0,0,,,,,,,,0,0,0,0,0,0,0,0,0,0,0,0,0,0,0,0,0,0,0,0,0,0,0,0,0,0,0,0,0,0,0,0,0,0,0,0,0,0,0,0,0,0,0,0,0,0,0,0,0,0,0,
hello,6_30,11_17_36,3.0985,0,0,0,3.098521,0.0000,0.0000,0.0000,0.0000,0.0000,0.0000,0,0,,,,,,,,0,0,0,0,0,0,0,0,0,0,0,0,0,0,0,0,0,0,0,0,0,0,0,0,0,0,0,0,0,0,0,0,0,0,0,0,0,0,0,0,0,0,0,0,0,0,0,0,0,0,0,
hello,6_30,11_17_36,3.1017,0,0,0,3.101696,0.0000,0.0000,0.0000,0.0000,0.0000,0.0000,0,0,,,,,,,,0,0,0,0,0,0,0,0,0,0,0,0,0,0,0,0,0,0,0,0,0,0,0,0,0,0,0,0,0,0,0,0,0,0,0,0,0,0,0,0,0,0,0,0,0,0,0,0,0,0,0,
hello,6_30,11_17_36,3.1115,0,0,0,3.111503,0.0000,0.0000,0.0000,0.0000,0.0000,0.0000,0,0,,,,,,,,0,0,0,0,0,0,0,0,0,0,0,0,0,0,0,0,0,0,0,0,0,0,0,0,0,0,0,0,0,0,0,0,0,0,0,0,0,0,0,0,0,0,0,0,0,0,0,0,0,0,0,
hello,6_30,11_17_36,3.1146,0,0,0,3.114645,0.0000,0.0000,0.0000,0.0000,0.0000,0.0000,0,0,,,,,,,,0,0,0,0,0,0,0,0,0,0,0,0,0,0,0,0,0,0,0,0,0,0,0,0,0,0,0,0,0,0,0,0,0,0,0,0,0,0,0,0,0,0,0,0,0,0,0,0,0,0,0,
hello,6_30,11_17_36,3.1180,0,0,0,3.118008,0.0000,0.0000,0.0000,0.0000,0.0000,0.0000,0,0,,,,,,,,0,0,0,0,0,0,0,0,0,0,0,0,0,0,0,0,0,0,0,0,0,0,0,0,0,0,0,0,0,0,0,0,0,0,0,0,0,0,0,0,0,0,0,0,0,0,0,0,0,0,0,
hello,6_30,11_17_36,3.1212,0,0,0,3.121171,0.0000,0.0000,0.0000,0.0000,0.0000,0.0000,0,0,,,,,,,,0,0,0,0,0,0,0,0,0,0,0,0,0,0,0,0,0,0,0,0,0,0,0,0,0,0,0,0,0,0,0,0,0,0,0,0,0,0,0,0,0,0,0,0,0,0,0,0,0,0,0,
hello,6_30,11_17_36,3.1249,0,0,0,3.124904,0.0000,0.0000,0.0000,0.0000,0.0000,0.0000,0,0,,,,,,,,0,0,0,0,0,0,0,0,0,0,0,0,0,0,0,0,0,0,0,0,0,0,0,0,0,0,0,0,0,0,0,0,0,0,0,0,0,0,0,0,0,0,0,0,0,0,0,0,0,0,0,
hello,6_30,11_17_36,3.1286,0,0,0,3.128578,0.0000,0.0000,0.0000,0.0000,0.0000,0.0000,0,0,,,,,,,,0,0,0,0,0,0,0,0,0,0,0,0,0,0,0,0,0,0,0,0,0,0,0,0,0,0,0,0,0,0,0,0,0,0,0,0,0,0,0,0,0,0,0,0,0,0,0,0,0,0,0,
hello,6_30,11_17_36,3.1319,0,0,0,3.131919,0.0000,0.0000,0.0000,0.0000,0.0000,0.0000,0,0,,,,,,,,0,0,0,0,0,0,0,0,0,0,0,0,0,0,0,0,0,0,0,0,0,0,0,0,0,0,0,0,0,0,0,0,0,0,0,0,0,0,0,0,0,0,0,0,0,0,0,0,0,0,0,
hello,6_30,11_17_36,3.1351,0,0,0,3.135147,0.0000,0.0000,0.0000,0.0000,0.0000,0.0000,0,0,,,,,,,,0,0,0,0,0,0,0,0,0,0,0,0,0,0,0,0,0,0,0,0,0,0,0,0,0,0,0,0,0,0,0,0,0,0,0,0,0,0,0,0,0,0,0,0,0,0,0,0,0,0,0,
hello,6_30,11_17_36,3.1382,0,0,0,3.138213,0.0000,0.0000,0.0000,0.0000,0.0000,0.0000,0,0,,,,,,,,0,0,0,0,0,0,0,0,0,0,0,0,0,0,0,0,0,0,0,0,0,0,0,0,0,0,0,0,0,0,0,0,0,0,0,0,0,0,0,0,0,0,0,0,0,0,0,0,0,0,0,
hello,6_30,11_17_36,3.1414,0,0,0,3.141388,0.0000,0.0000,0.0000,0.0000,0.0000,0.0000,0,0,,,,,,,,0,0,0,0,0,0,0,0,0,0,0,0,0,0,0,0,0,0,0,0,0,0,0,0,0,0,0,0,0,0,0,0,0,0,0,0,0,0,0,0,0,0,0,0,0,0,0,0,0,0,0,
hello,6_30,11_17_36,3.1448,0,0,0,3.144817,0.0000,0.0000,0.0000,0.0000,0.0000,0.0000,0,0,,,,,,,,0,0,0,0,0,0,0,0,0,0,0,0,0,0,0,0,0,0,0,0,0,0,0,0,0,0,0,0,0,0,0,0,0,0,0,0,0,0,0,0,0,0,0,0,0,0,0,0,0,0,0,
hello,6_30,11_17_36,3.1480,0,0,0,3.147974,0.0000,0.0000,0.0000,0.0000,0.0000,0.0000,0,0,,,,,,,,0,0,0,0,0,0,0,0,0,0,0,0,0,0,0,0,0,0,0,0,0,0,0,0,0,0,0,0,0,0,0,0,0,0,0,0,0,0,0,0,0,0,0,0,0,0,0,0,0,0,0,
hello,6_30,11_17_36,3.1512,0,0,0,3.151229,0.0000,0.0000,0.0000,0.0000,0.0000,0.0000,0,0,,,,,,,,0,0,0,0,0,0,0,0,0,0,0,0,0,0,0,0,0,0,0,0,0,0,0,0,0,0,0,0,0,0,0,0,0,0,0,0,0,0,0,0,0,0,0,0,0,0,0,0,0,0,0,
hello,6_30,11_17_36,3.1548,0,0,0,3.154841,0.0000,0.0000,0.0000,0.0000,0.0000,0.0000,0,0,,,,,,,,0,0,0,0,0,0,0,0,0,0,0,0,0,0,0,0,0,0,0,0,0,0,0,0,0,0,0,0,0,0,0,0,0,0,0,0,0,0,0,0,0,0,0,0,0,0,0,0,0,0,0,
hello,6_30,11_17_36,3.1581,0,0,0,3.158128,0.0000,0.0000,0.0000,0.0000,0.0000,0.0000,0,0,,,,,,,,0,0,0,0,0,0,0,0,0,0,0,0,0,0,0,0,0,0,0,0,0,0,0,0,0,0,0,0,0,0,0,0,0,0,0,0,0,0,0,0,0,0,0,0,0,0,0,0,0,0,0,
hello,6_30,11_17_36,3.1618,0,0,0,3.161771,0.0000,0.0000,0.0000,0.0000,0.0000,0.0000,0,0,,,,,,,,0,0,0,0,0,0,0,0,0,0,0,0,0,0,0,0,0,0,0,0,0,0,0,0,0,0,0,0,0,0,0,0,0,0,0,0,0,0,0,0,0,0,0,0,0,0,0,0,0,0,0,
hello,6_30,11_17_36,3.1652,0,0,0,3.165215,0.0000,0.0000,0.0000,0.0000,0.0000,0.0000,0,0,,,,,,,,0,0,0,0,0,0,0,0,0,0,0,0,0,0,0,0,0,0,0,0,0,0,0,0,0,0,0,0,0,0,0,0,0,0,0,0,0,0,0,0,0,0,0,0,0,0,0,0,0,0,0,
hello,6_30,11_17_36,3.1683,0,0,0,3.16834,0.0000,0.0000,0.0000,0.0000,0.0000,0.0000,0,0,,,,,,,,0,0,0,0,0,0,0,0,0,0,0,0,0,0,0,0,0,0,0,0,0,0,0,0,0,0,0,0,0,0,0,0,0,0,0,0,0,0,0,0,0,0,0,0,0,0,0,0,0,0,0,
hello,6_30,11_17_36,3.1717,0,0,0,3.17169,0.0000,0.0000,0.0000,0.0000,0.0000,0.0000,0,0,,,,,,,,0,0,0,0,0,0,0,0,0,0,0,0,0,0,0,0,0,0,0,0,0,0,0,0,0,0,0,0,0,0,0,0,0,0,0,0,0,0,0,0,0,0,0,0,0,0,0,0,0,0,0,
hello,6_30,11_17_36,3.1749,0,0,0,3.174931,0.0000,0.0000,0.0000,0.0000,0.0000,0.0000,0,0,,,,,,,,0,0,0,0,0,0,0,0,0,0,0,0,0,0,0,0,0,0,0,0,0,0,0,0,0,0,0,0,0,0,0,0,0,0,0,0,0,0,0,0,0,0,0,0,0,0,0,0,0,0,0,
hello,6_30,11_17_36,3.1780,0,0,0,3.178023,0.0000,0.0000,0.0000,0.0000,0.0000,0.0000,0,0,,,,,,,,0,0,0,0,0,0,0,0,0,0,0,0,0,0,0,0,0,0,0,0,0,0,0,0,0,0,0,0,0,0,0,0,0,0,0,0,0,0,0,0,0,0,0,0,0,0,0,0,0,0,0,
hello,6_30,11_17_36,3.1813,0,0,0,3.181299,0.0000,0.0000,0.0000,0.0000,0.0000,0.0000,0,0,,,,,,,,0,0,0,0,0,0,0,0,0,0,0,0,0,0,0,0,0,0,0,0,0,0,0,0,0,0,0,0,0,0,0,0,0,0,0,0,0,0,0,0,0,0,0,0,0,0,0,0,0,0,0,
hello,6_30,11_17_36,3.1848,0,0,0,3.184833,0.0000,0.0000,0.0000,0.0000,0.0000,0.0000,0,0,,,,,,,,0,0,0,0,0,0,0,0,0,0,0,0,0,0,0,0,0,0,0,0,0,0,0,0,0,0,0,0,0,0,0,0,0,0,0,0,0,0,0,0,0,0,0,0,0,0,0,0,0,0,0,
hello,6_30,11_17_36,3.1887,0,0,0,3.188682,0.0000,0.0000,0.0000,0.0000,0.0000,0.0000,0,0,,,,,,,,0,0,0,0,0,0,0,0,0,0,0,0,0,0,0,0,0,0,0,0,0,0,0,0,0,0,0,0,0,0,0,0,0,0,0,0,0,0,0,0,0,0,0,0,0,0,0,0,0,0,0,
hello,6_30,11_17_36,3.1918,0,0,0,3.191803,0.0000,0.0000,0.0000,0.0000,0.0000,0.0000,0,0,,,,,,,,0,0,0,0,0,0,0,0,0,0,0,0,0,0,0,0,0,0,0,0,0,0,0,0,0,0,0,0,0,0,0,0,0,0,0,0,0,0,0,0,0,0,0,0,0,0,0,0,0,0,0,
hello,6_30,11_17_36,3.1951,0,0,0,3.195093,0.0000,0.0000,0.0000,0.0000,0.0000,0.0000,0,0,,,,,,,,0,0,0,0,0,0,0,0,0,0,0,0,0,0,0,0,0,0,0,0,0,0,0,0,0,0,0,0,0,0,0,0,0,0,0,0,0,0,0,0,0,0,0,0,0,0,0,0,0,0,0,
hello,6_30,11_17_36,3.1983,0,0,0,3.198278,0.0000,0.0000,0.0000,0.0000,0.0000,0.0000,0,0,,,,,,,,0,0,0,0,0,0,0,0,0,0,0,0,0,0,0,0,0,0,0,0,0,0,0,0,0,0,0,0,0,0,0,0,0,0,0,0,0,0,0,0,0,0,0,0,0,0,0,0,0,0,0,
hello,6_30,11_17_36,3.2015,0,0,0,3.201514,0.0000,0.0000,0.0000,0.0000,0.0000,0.0000,0,0,,,,,,,,0,0,0,0,0,0,0,0,0,0,0,0,0,0,0,0,0,0,0,0,0,0,0,0,0,0,0,0,0,0,0,0,0,0,0,0,0,0,0,0,0,0,0,0,0,0,0,0,0,0,0,
hello,6_30,11_17_36,3.2054,0,0,0,3.205354,0.0000,0.0000,0.0000,0.0000,0.0000,0.0000,0,0,,,,,,,,0,0,0,0,0,0,0,0,0,0,0,0,0,0,0,0,0,0,0,0,0,0,0,0,0,0,0,0,0,0,0,0,0,0,0,0,0,0,0,0,0,0,0,0,0,0,0,0,0,0,0,
hello,6_30,11_17_36,3.2086,0,0,0,3.208595,0.0000,0.0000,0.0000,0.0000,0.0000,0.0000,0,0,,,,,,,,0,0,0,0,0,0,0,0,0,0,0,0,0,0,0,0,0,0,0,0,0,0,0,0,0,0,0,0,0,0,0,0,0,0,0,0,0,0,0,0,0,0,0,0,0,0,0,0,0,0,0,
hello,6_30,11_17_36,3.2117,0,0,0,3.211718,0.0000,0.0000,0.0000,0.0000,0.0000,0.0000,0,0,,,,,,,,0,0,0,0,0,0,0,0,0,0,0,0,0,0,0,0,0,0,0,0,0,0,0,0,0,0,0,0,0,0,0,0,0,0,0,0,0,0,0,0,0,0,0,0,0,0,0,0,0,0,0,
hello,6_30,11_17_36,3.2149,0,0,0,3.214878,0.0000,0.0000,0.0000,0.0000,0.0000,0.0000,0,0,,,,,,,,0,0,0,0,0,0,0,0,0,0,0,0,0,0,0,0,0,0,0,0,0,0,0,0,0,0,0,0,0,0,0,0,0,0,0,0,0,0,0,0,0,0,0,0,0,0,0,0,0,0,0,
hello,6_30,11_17_36,3.2182,0,0,0,3.218176,0.0000,0.0000,0.0000,0.0000,0.0000,0.0000,0,0,,,,,,,,0,0,0,0,0,0,0,0,0,0,0,0,0,0,0,0,0,0,0,0,0,0,0,0,0,0,0,0,0,0,0,0,0,0,0,0,0,0,0,0,0,0,0,0,0,0,0,0,0,0,0,
hello,6_30,11_17_36,3.2218,0,0,0,3.221808,0.0000,0.0000,0.0000,0.0000,0.0000,0.0000,0,0,,,,,,,,0,0,0,0,0,0,0,0,0,0,0,0,0,0,0,0,0,0,0,0,0,0,0,0,0,0,0,0,0,0,0,0,0,0,0,0,0,0,0,0,0,0,0,0,0,0,0,0,0,0,0,
hello,6_30,11_17_36,3.2307,0,0,0,3.230654,0.0000,0.0000,0.0000,0.0000,0.0000,0.0000,0,0,,,,,,,,0,0,0,0,0,0,0,0,0,0,0,0,0,0,0,0,0,0,0,0,0,0,0,0,0,0,0,0,0,0,0,0,0,0,0,0,0,0,0,0,0,0,0,0,0,0,0,0,0,0,0,
hello,6_30,11_17_36,3.2340,0,0,0,3.234001,0.0000,0.0000,0.0000,0.0000,0.0000,0.0000,0,0,,,,,,,,0,0,0,0,0,0,0,0,0,0,0,0,0,0,0,0,0,0,0,0,0,0,0,0,0,0,0,0,0,0,0,0,0,0,0,0,0,0,0,0,0,0,0,0,0,0,0,0,0,0,0,
hello,6_30,11_17_36,3.2372,0,0,0,3.23719,0.0000,0.0000,0.0000,0.0000,0.0000,0.0000,0,0,,,,,,,,0,0,0,0,0,0,0,0,0,0,0,0,0,0,0,0,0,0,0,0,0,0,0,0,0,0,0,0,0,0,0,0,0,0,0,0,0,0,0,0,0,0,0,0,0,0,0,0,0,0,0,
hello,6_30,11_17_36,3.2404,0,0,0,3.240445,0.0000,0.0000,0.0000,0.0000,0.0000,0.0000,0,0,,,,,,,,0,0,0,0,0,0,0,0,0,0,0,0,0,0,0,0,0,0,0,0,0,0,0,0,0,0,0,0,0,0,0,0,0,0,0,0,0,0,0,0,0,0,0,0,0,0,0,0,0,0,0,
hello,6_30,11_17_36,3.2440,0,0,0,3.24399,0.0000,0.0000,0.0000,0.0000,0.0000,0.0000,0,0,,,,,,,,0,0,0,0,0,0,0,0,0,0,0,0,0,0,0,0,0,0,0,0,0,0,0,0,0,0,0,0,0,0,0,0,0,0,0,0,0,0,0,0,0,0,0,0,0,0,0,0,0,0,0,
hello,6_30,11_17_36,3.2473,0,0,0,3.247305,0.0000,0.0000,0.0000,0.0000,0.0000,0.0000,0,0,,,,,,,,0,0,0,0,0,0,0,0,0,0,0,0,0,0,0,0,0,0,0,0,0,0,0,0,0,0,0,0,0,0,0,0,0,0,0,0,0,0,0,0,0,0,0,0,0,0,0,0,0,0,0,
hello,6_30,11_17_36,3.2507,0,0,0,3.250666,0.0000,0.0000,0.0000,0.0000,0.0000,0.0000,0,0,,,,,,,,0,0,0,0,0,0,0,0,0,0,0,0,0,0,0,0,0,0,0,0,0,0,0,0,0,0,0,0,0,0,0,0,0,0,0,0,0,0,0,0,0,0,0,0,0,0,0,0,0,0,0,
hello,6_30,11_17_36,3.2540,0,0,0,3.254034,0.0000,0.0000,0.0000,0.0000,0.0000,0.0000,0,0,,,,,,,,0,0,0,0,0,0,0,0,0,0,0,0,0,0,0,0,0,0,0,0,0,0,0,0,0,0,0,0,0,0,0,0,0,0,0,0,0,0,0,0,0,0,0,0,0,0,0,0,0,0,0,
hello,6_30,11_17_36,3.2574,0,0,0,3.257417,0.0000,0.0000,0.0000,0.0000,0.0000,0.0000,0,0,,,,,,,,0,0,0,0,0,0,0,0,0,0,0,0,0,0,0,0,0,0,0,0,0,0,0,0,0,0,0,0,0,0,0,0,0,0,0,0,0,0,0,0,0,0,0,0,0,0,0,0,0,0,0,
hello,6_30,11_17_36,3.2607,0,0,0,3.260676,0.0000,0.0000,0.0000,0.0000,0.0000,0.0000,0,0,,,,,,,,0,0,0,0,0,0,0,0,0,0,0,0,0,0,0,0,0,0,0,0,0,0,0,0,0,0,0,0,0,0,0,0,0,0,0,0,0,0,0,0,0,0,0,0,0,0,0,0,0,0,0,
hello,6_30,11_17_36,3.2642,0,0,0,3.264192,0.0000,0.0000,0.0000,0.0000,0.0000,0.0000,0,0,,,,,,,,0,0,0,0,0,0,0,0,0,0,0,0,0,0,0,0,0,0,0,0,0,0,0,0,0,0,0,0,0,0,0,0,0,0,0,0,0,0,0,0,0,0,0,0,0,0,0,0,0,0,0,
hello,6_30,11_17_36,3.2674,0,0,0,3.267419,0.0000,0.0000,0.0000,0.0000,0.0000,0.0000,0,0,,,,,,,,0,0,0,0,0,0,0,0,0,0,0,0,0,0,0,0,0,0,0,0,0,0,0,0,0,0,0,0,0,0,0,0,0,0,0,0,0,0,0,0,0,0,0,0,0,0,0,0,0,0,0,
hello,6_30,11_17_36,3.2710,0,0,0,3.270995,0.0000,0.0000,0.0000,0.0000,0.0000,0.0000,0,0,,,,,,,,0,0,0,0,0,0,0,0,0,0,0,0,0,0,0,0,0,0,0,0,0,0,0,0,0,0,0,0,0,0,0,0,0,0,0,0,0,0,0,0,0,0,0,0,0,0,0,0,0,0,0,
hello,6_30,11_17_36,3.2743,0,0,0,3.274289,0.0000,0.0000,0.0000,0.0000,0.0000,0.0000,0,0,,,,,,,,0,0,0,0,0,0,0,0,0,0,0,0,0,0,0,0,0,0,0,0,0,0,0,0,0,0,0,0,0,0,0,0,0,0,0,0,0,0,0,0,0,0,0,0,0,0,0,0,0,0,0,
hello,6_30,11_17_36,3.2775,0,0,0,3.277479,0.0000,0.0000,0.0000,0.0000,0.0000,0.0000,0,0,,,,,,,,0,0,0,0,0,0,0,0,0,0,0,0,0,0,0,0,0,0,0,0,0,0,0,0,0,0,0,0,0,0,0,0,0,0,0,0,0,0,0,0,0,0,0,0,0,0,0,0,0,0,0,
hello,6_30,11_17_36,3.2807,0,0,0,3.280673,0.0000,0.0000,0.0000,0.0000,0.0000,0.0000,0,0,,,,,,,,0,0,0,0,0,0,0,0,0,0,0,0,0,0,0,0,0,0,0,0,0,0,0,0,0,0,0,0,0,0,0,0,0,0,0,0,0,0,0,0,0,0,0,0,0,0,0,0,0,0,0,
hello,6_30,11_17_36,3.2842,0,0,0,3.284187,0.0000,0.0000,0.0000,0.0000,0.0000,0.0000,0,0,,,,,,,,0,0,0,0,0,0,0,0,0,0,0,0,0,0,0,0,0,0,0,0,0,0,0,0,0,0,0,0,0,0,0,0,0,0,0,0,0,0,0,0,0,0,0,0,0,0,0,0,0,0,0,
hello,6_30,11_17_36,3.2879,0,0,0,3.287855,0.0000,0.0000,0.0000,0.0000,0.0000,0.0000,0,0,,,,,,,,0,0,0,0,0,0,0,0,0,0,0,0,0,0,0,0,0,0,0,0,0,0,0,0,0,0,0,0,0,0,0,0,0,0,0,0,0,0,0,0,0,0,0,0,0,0,0,0,0,0,0,
hello,6_30,11_17_36,3.2912,0,0,0,3.291196,0.0000,0.0000,0.0000,0.0000,0.0000,0.0000,0,0,,,,,,,,0,0,0,0,0,0,0,0,0,0,0,0,0,0,0,0,0,0,0,0,0,0,0,0,0,0,0,0,0,0,0,0,0,0,0,0,0,0,0,0,0,0,0,0,0,0,0,0,0,0,0,
hello,6_30,11_17_36,3.2949,0,0,0,3.294892,0.0000,0.0000,0.0000,0.0000,0.0000,0.0000,0,0,,,,,,,,0,0,0,0,0,0,0,0,0,0,0,0,0,0,0,0,0,0,0,0,0,0,0,0,0,0,0,0,0,0,0,0,0,0,0,0,0,0,0,0,0,0,0,0,0,0,0,0,0,0,0,
hello,6_30,11_17_36,3.2982,0,0,0,3.298161,0.0000,0.0000,0.0000,0.0000,0.0000,0.0000,0,0,,,,,,,,0,0,0,0,0,0,0,0,0,0,0,0,0,0,0,0,0,0,0,0,0,0,0,0,0,0,0,0,0,0,0,0,0,0,0,0,0,0,0,0,0,0,0,0,0,0,0,0,0,0,0,
hello,6_30,11_17_36,3.3014,0,0,0,3.301434,0.0000,0.0000,0.0000,0.0000,0.0000,0.0000,0,0,,,,,,,,0,0,0,0,0,0,0,0,0,0,0,0,0,0,0,0,0,0,0,0,0,0,0,0,0,0,0,0,0,0,0,0,0,0,0,0,0,0,0,0,0,0,0,0,0,0,0,0,0,0,0,
hello,6_30,11_17_36,3.3060,0,0,0,3.306008,0.0000,0.0000,0.0000,0.0000,0.0000,0.0000,0,0,,,,,,,,0,0,0,0,0,0,0,0,0,0,0,0,0,0,0,0,0,0,0,0,0,0,0,0,0,0,0,0,0,0,0,0,0,0,0,0,0,0,0,0,0,0,0,0,0,0,0,0,0,0,0,
hello,6_30,11_17_36,3.3098,0,0,0,3.309844,0.0000,0.0000,0.0000,0.0000,0.0000,0.0000,0,0,,,,,,,,0,0,0,0,0,0,0,0,0,0,0,0,0,0,0,0,0,0,0,0,0,0,0,0,0,0,0,0,0,0,0,0,0,0,0,0,0,0,0,0,0,0,0,0,0,0,0,0,0,0,0,
hello,6_30,11_17_36,3.3131,0,0,0,3.313145,0.0000,0.0000,0.0000,0.0000,0.0000,0.0000,0,0,,,,,,,,0,0,0,0,0,0,0,0,0,0,0,0,0,0,0,0,0,0,0,0,0,0,0,0,0,0,0,0,0,0,0,0,0,0,0,0,0,0,0,0,0,0,0,0,0,0,0,0,0,0,0,
hello,6_30,11_17_36,3.3163,0,0,0,3.316334,0.0000,0.0000,0.0000,0.0000,0.0000,0.0000,0,0,,,,,,,,0,0,0,0,0,0,0,0,0,0,0,0,0,0,0,0,0,0,0,0,0,0,0,0,0,0,0,0,0,0,0,0,0,0,0,0,0,0,0,0,0,0,0,0,0,0,0,0,0,0,0,
hello,6_30,11_17_36,3.3199,0,0,0,3.319856,0.0000,0.0000,0.0000,0.0000,0.0000,0.0000,0,0,,,,,,,,0,0,0,0,0,0,0,0,0,0,0,0,0,0,0,0,0,0,0,0,0,0,0,0,0,0,0,0,0,0,0,0,0,0,0,0,0,0,0,0,0,0,0,0,0,0,0,0,0,0,0,
hello,6_30,11_17_36,3.3281,0,0,0,3.328125,0.0000,0.0000,0.0000,0.0000,0.0000,0.0000,0,0,,,,,,,,0,0,0,0,0,0,0,0,0,0,0,0,0,0,0,0,0,0,0,0,0,0,0,0,0,0,0,0,0,0,0,0,0,0,0,0,0,0,0,0,0,0,0,0,0,0,0,0,0,0,0,
hello,6_30,11_17_36,3.3315,0,0,0,3.331503,0.0000,0.0000,0.0000,0.0000,0.0000,0.0000,0,0,,,,,,,,0,0,0,0,0,0,0,0,0,0,0,0,0,0,0,0,0,0,0,0,0,0,0,0,0,0,0,0,0,0,0,0,0,0,0,0,0,0,0,0,0,0,0,0,0,0,0,0,0,0,0,
hello,6_30,11_17_36,3.3346,0,0,0,3.334636,0.0000,0.0000,0.0000,0.0000,0.0000,0.0000,0,0,,,,,,,,0,0,0,0,0,0,0,0,0,0,0,0,0,0,0,0,0,0,0,0,0,0,0,0,0,0,0,0,0,0,0,0,0,0,0,0,0,0,0,0,0,0,0,0,0,0,0,0,0,0,0,
hello,6_30,11_17_36,3.3380,0,0,0,3.33796,0.0000,0.0000,0.0000,0.0000,0.0000,0.0000,0,0,,,,,,,,0,0,0,0,0,0,0,0,0,0,0,0,0,0,0,0,0,0,0,0,0,0,0,0,0,0,0,0,0,0,0,0,0,0,0,0,0,0,0,0,0,0,0,0,0,0,0,0,0,0,0,
hello,6_30,11_17_36,3.3415,0,0,0,3.341491,0.0000,0.0000,0.0000,0.0000,0.0000,0.0000,0,0,,,,,,,,0,0,0,0,0,0,0,0,0,0,0,0,0,0,0,0,0,0,0,0,0,0,0,0,0,0,0,0,0,0,0,0,0,0,0,0,0,0,0,0,0,0,0,0,0,0,0,0,0,0,0,
hello,6_30,11_17_36,3.3454,0,0,0,3.345392,0.0000,0.0000,0.0000,0.0000,0.0000,0.0000,0,0,,,,,,,,0,0,0,0,0,0,0,0,0,0,0,0,0,0,0,0,0,0,0,0,0,0,0,0,0,0,0,0,0,0,0,0,0,0,0,0,0,0,0,0,0,0,0,0,0,0,0,0,0,0,0,
hello,6_30,11_17_36,3.3487,0,0,0,3.348711,0.0000,0.0000,0.0000,0.0000,0.0000,0.0000,0,0,,,,,,,,0,0,0,0,0,0,0,0,0,0,0,0,0,0,0,0,0,0,0,0,0,0,0,0,0,0,0,0,0,0,0,0,0,0,0,0,0,0,0,0,0,0,0,0,0,0,0,0,0,0,0,
hello,6_30,11_17_36,3.3519,0,0,0,3.351851,0.0000,0.0000,0.0000,0.0000,0.0000,0.0000,0,0,,,,,,,,0,0,0,0,0,0,0,0,0,0,0,0,0,0,0,0,0,0,0,0,0,0,0,0,0,0,0,0,0,0,0,0,0,0,0,0,0,0,0,0,0,0,0,0,0,0,0,0,0,0,0,
hello,6_30,11_17_36,3.3551,0,0,0,3.355085,0.0000,0.0000,0.0000,0.0000,0.0000,0.0000,0,0,,,,,,,,0,0,0,0,0,0,0,0,0,0,0,0,0,0,0,0,0,0,0,0,0,0,0,0,0,0,0,0,0,0,0,0,0,0,0,0,0,0,0,0,0,0,0,0,0,0,0,0,0,0,0,
hello,6_30,11_17_36,3.3587,0,0,0,3.358668,0.0000,0.0000,0.0000,0.0000,0.0000,0.0000,0,0,,,,,,,,0,0,0,0,0,0,0,0,0,0,0,0,0,0,0,0,0,0,0,0,0,0,0,0,0,0,0,0,0,0,0,0,0,0,0,0,0,0,0,0,0,0,0,0,0,0,0,0,0,0,0,
hello,6_30,11_17_36,3.3619,0,0,0,3.36188,0.0000,0.0000,0.0000,0.0000,0.0000,0.0000,0,0,,,,,,,,0,0,0,0,0,0,0,0,0,0,0,0,0,0,0,0,0,0,0,0,0,0,0,0,0,0,0,0,0,0,0,0,0,0,0,0,0,0,0,0,0,0,0,0,0,0,0,0,0,0,0,
hello,6_30,11_17_36,3.3653,0,0,0,3.365274,0.0000,0.0000,0.0000,0.0000,0.0000,0.0000,0,0,,,,,,,,0,0,0,0,0,0,0,0,0,0,0,0,0,0,0,0,0,0,0,0,0,0,0,0,0,0,0,0,0,0,0,0,0,0,0,0,0,0,0,0,0,0,0,0,0,0,0,0,0,0,0,
hello,6_30,11_17_36,3.3688,0,0,0,3.368829,0.0000,0.0000,0.0000,0.0000,0.0000,0.0000,0,0,,,,,,,,0,0,0,0,0,0,0,0,0,0,0,0,0,0,0,0,0,0,0,0,0,0,0,0,0,0,0,0,0,0,0,0,0,0,0,0,0,0,0,0,0,0,0,0,0,0,0,0,0,0,0,
hello,6_30,11_17_36,3.3720,0,0,0,3.371969,0.0000,0.0000,0.0000,0.0000,0.0000,0.0000,0,0,,,,,,,,0,0,0,0,0,0,0,0,0,0,0,0,0,0,0,0,0,0,0,0,0,0,0,0,0,0,0,0,0,0,0,0,0,0,0,0,0,0,0,0,0,0,0,0,0,0,0,0,0,0,0,
hello,6_30,11_17_36,3.3752,0,0,0,3.375174,0.0000,0.0000,0.0000,0.0000,0.0000,0.0000,0,0,,,,,,,,0,0,0,0,0,0,0,0,0,0,0,0,0,0,0,0,0,0,0,0,0,0,0,0,0,0,0,0,0,0,0,0,0,0,0,0,0,0,0,0,0,0,0,0,0,0,0,0,0,0,0,
hello,6_30,11_17_36,3.3791,0,0,0,3.379054,0.0000,0.0000,0.0000,0.0000,0.0000,0.0000,0,0,,,,,,,,0,0,0,0,0,0,0,0,0,0,0,0,0,0,0,0,0,0,0,0,0,0,0,0,0,0,0,0,0,0,0,0,0,0,0,0,0,0,0,0,0,0,0,0,0,0,0,0,0,0,0,
hello,6_30,11_17_36,3.3823,0,0,0,3.382327,0.0000,0.0000,0.0000,0.0000,0.0000,0.0000,0,0,,,,,,,,0,0,0,0,0,0,0,0,0,0,0,0,0,0,0,0,0,0,0,0,0,0,0,0,0,0,0,0,0,0,0,0,0,0,0,0,0,0,0,0,0,0,0,0,0,0,0,0,0,0,0,
hello,6_30,11_17_36,3.3861,0,0,0,3.386112,0.0000,0.0000,0.0000,0.0000,0.0000,0.0000,0,0,,,,,,,,0,0,0,0,0,0,0,0,0,0,0,0,0,0,0,0,0,0,0,0,0,0,0,0,0,0,0,0,0,0,0,0,0,0,0,0,0,0,0,0,0,0,0,0,0,0,0,0,0,0,0,
hello,6_30,11_17_36,3.3897,0,0,0,3.389712,0.0000,0.0000,0.0000,0.0000,0.0000,0.0000,0,0,,,,,,,,0,0,0,0,0,0,0,0,0,0,0,0,0,0,0,0,0,0,0,0,0,0,0,0,0,0,0,0,0,0,0,0,0,0,0,0,0,0,0,0,0,0,0,0,0,0,0,0,0,0,0,
hello,6_30,11_17_36,3.3929,0,0,0,3.392892,0.0000,0.0000,0.0000,0.0000,0.0000,0.0000,0,0,,,,,,,,0,0,0,0,0,0,0,0,0,0,0,0,0,0,0,0,0,0,0,0,0,0,0,0,0,0,0,0,0,0,0,0,0,0,0,0,0,0,0,0,0,0,0,0,0,0,0,0,0,0,0,
hello,6_30,11_17_36,3.3963,0,0,0,3.396337,0.0000,0.0000,0.0000,0.0000,0.0000,0.0000,0,0,,,,,,,,0,0,0,0,0,0,0,0,0,0,0,0,0,0,0,0,0,0,0,0,0,0,0,0,0,0,0,0,0,0,0,0,0,0,0,0,0,0,0,0,0,0,0,0,0,0,0,0,0,0,0,
hello,6_30,11_17_36,3.3999,0,0,0,3.399879,0.0000,0.0000,0.0000,0.0000,0.0000,0.0000,0,0,,,,,,,,0,0,0,0,0,0,0,0,0,0,0,0,0,0,0,0,0,0,0,0,0,0,0,0,0,0,0,0,0,0,0,0,0,0,0,0,0,0,0,0,0,0,0,0,0,0,0,0,0,0,0,
hello,6_30,11_17_36,3.4037,0,0,0,3.403704,0.0000,0.0000,0.0000,0.0000,0.0000,0.0000,0,0,,,,,,,,0,0,0,0,0,0,0,0,0,0,0,0,0,0,0,0,0,0,0,0,0,0,0,0,0,0,0,0,0,0,0,0,0,0,0,0,0,0,0,0,0,0,0,0,0,0,0,0,0,0,0,
hello,6_30,11_17_36,3.4072,0,0,0,3.407153,0.0000,0.0000,0.0000,0.0000,0.0000,0.0000,0,0,,,,,,,,0,0,0,0,0,0,0,0,0,0,0,0,0,0,0,0,0,0,0,0,0,0,0,0,0,0,0,0,0,0,0,0,0,0,0,0,0,0,0,0,0,0,0,0,0,0,0,0,0,0,0,
hello,6_30,11_17_36,3.4104,0,0,0,3.410381,0.0000,0.0000,0.0000,0.0000,0.0000,0.0000,0,0,,,,,,,,0,0,0,0,0,0,0,0,0,0,0,0,0,0,0,0,0,0,0,0,0,0,0,0,0,0,0,0,0,0,0,0,0,0,0,0,0,0,0,0,0,0,0,0,0,0,0,0,0,0,0,
hello,6_30,11_17_36,3.4137,0,0,0,3.413666,0.0000,0.0000,0.0000,0.0000,0.0000,0.0000,0,0,,,,,,,,0,0,0,0,0,0,0,0,0,0,0,0,0,0,0,0,0,0,0,0,0,0,0,0,0,0,0,0,0,0,0,0,0,0,0,0,0,0,0,0,0,0,0,0,0,0,0,0,0,0,0,
hello,6_30,11_17_36,3.4173,0,0,0,3.41732,0.0000,0.0000,0.0000,0.0000,0.0000,0.0000,0,0,,,,,,,,0,0,0,0,0,0,0,0,0,0,0,0,0,0,0,0,0,0,0,0,0,0,0,0,0,0,0,0,0,0,0,0,0,0,0,0,0,0,0,0,0,0,0,0,0,0,0,0,0,0,0,
hello,6_30,11_17_36,3.4206,0,0,0,3.420618,0.0000,0.0000,0.0000,0.0000,0.0000,0.0000,0,0,,,,,,,,0,0,0,0,0,0,0,0,0,0,0,0,0,0,0,0,0,0,0,0,0,0,0,0,0,0,0,0,0,0,0,0,0,0,0,0,0,0,0,0,0,0,0,0,0,0,0,0,0,0,0,
hello,6_30,11_17_36,3.4244,0,0,0,3.424404,0.0000,0.0000,0.0000,0.0000,0.0000,0.0000,0,0,,,,,,,,0,0,0,0,0,0,0,0,0,0,0,0,0,0,0,0,0,0,0,0,0,0,0,0,0,0,0,0,0,0,0,0,0,0,0,0,0,0,0,0,0,0,0,0,0,0,0,0,0,0,0,
hello,6_30,11_17_36,3.4339,0,0,0,3.433949,0.0000,0.0000,0.0000,0.0000,0.0000,0.0000,0,0,,,,,,,,0,0,0,0,0,0,0,0,0,0,0,0,0,0,0,0,0,0,0,0,0,0,0,0,0,0,0,0,0,0,0,0,0,0,0,0,0,0,0,0,0,0,0,0,0,0,0,0,0,0,0,
hello,6_30,11_17_36,3.4377,0,0,0,3.43773,0.0000,0.0000,0.0000,0.0000,0.0000,0.0000,0,0,,,,,,,,0,0,0,0,0,0,0,0,0,0,0,0,0,0,0,0,0,0,0,0,0,0,0,0,0,0,0,0,0,0,0,0,0,0,0,0,0,0,0,0,0,0,0,0,0,0,0,0,0,0,0,
hello,6_30,11_17_36,3.4410,0,0,0,3.441015,0.0000,0.0000,0.0000,0.0000,0.0000,0.0000,0,0,,,,,,,,0,0,0,0,0,0,0,0,0,0,0,0,0,0,0,0,0,0,0,0,0,0,0,0,0,0,0,0,0,0,0,0,0,0,0,0,0,0,0,0,0,0,0,0,0,0,0,0,0,0,0,
hello,6_30,11_17_36,3.4443,0,0,0,3.444328,0.0000,0.0000,0.0000,0.0000,0.0000,0.0000,0,0,,,,,,,,0,0,0,0,0,0,0,0,0,0,0,0,0,0,0,0,0,0,0,0,0,0,0,0,0,0,0,0,0,0,0,0,0,0,0,0,0,0,0,0,0,0,0,0,0,0,0,0,0,0,0,
hello,6_30,11_17_36,3.4479,0,0,0,3.447863,0.0000,0.0000,0.0000,0.0000,0.0000,0.0000,0,0,,,,,,,,0,0,0,0,0,0,0,0,0,0,0,0,0,0,0,0,0,0,0,0,0,0,0,0,0,0,0,0,0,0,0,0,0,0,0,0,0,0,0,0,0,0,0,0,0,0,0,0,0,0,0,
hello,6_30,11_17_36,3.4511,0,0,0,3.451107,0.0000,0.0000,0.0000,0.0000,0.0000,0.0000,0,0,,,,,,,,0,0,0,0,0,0,0,0,0,0,0,0,0,0,0,0,0,0,0,0,0,0,0,0,0,0,0,0,0,0,0,0,0,0,0,0,0,0,0,0,0,0,0,0,0,0,0,0,0,0,0,
hello,6_30,11_17_36,3.4542,0,0,0,3.454244,0.0000,0.0000,0.0000,0.0000,0.0000,0.0000,0,0,,,,,,,,0,0,0,0,0,0,0,0,0,0,0,0,0,0,0,0,0,0,0,0,0,0,0,0,0,0,0,0,0,0,0,0,0,0,0,0,0,0,0,0,0,0,0,0,0,0,0,0,0,0,0,
hello,6_30,11_17_36,3.4578,0,0,0,3.45777,0.0000,0.0000,0.0000,0.0000,0.0000,0.0000,0,0,,,,,,,,0,0,0,0,0,0,0,0,0,0,0,0,0,0,0,0,0,0,0,0,0,0,0,0,0,0,0,0,0,0,0,0,0,0,0,0,0,0,0,0,0,0,0,0,0,0,0,0,0,0,0,
hello,6_30,11_17_36,3.4614,0,0,0,3.461372,0.0000,0.0000,0.0000,0.0000,0.0000,0.0000,0,0,,,,,,,,0,0,0,0,0,0,0,0,0,0,0,0,0,0,0,0,0,0,0,0,0,0,0,0,0,0,0,0,0,0,0,0,0,0,0,0,0,0,0,0,0,0,0,0,0,0,0,0,0,0,0,
hello,6_30,11_17_36,3.4650,0,0,0,3.464986,0.0000,0.0000,0.0000,0.0000,0.0000,0.0000,0,0,,,,,,,,0,0,0,0,0,0,0,0,0,0,0,0,0,0,0,0,0,0,0,0,0,0,0,0,0,0,0,0,0,0,0,0,0,0,0,0,0,0,0,0,0,0,0,0,0,0,0,0,0,0,0,
hello,6_30,11_17_36,3.4684,0,0,0,3.468431,0.0000,0.0000,0.0000,0.0000,0.0000,0.0000,0,0,,,,,,,,0,0,0,0,0,0,0,0,0,0,0,0,0,0,0,0,0,0,0,0,0,0,0,0,0,0,0,0,0,0,0,0,0,0,0,0,0,0,0,0,0,0,0,0,0,0,0,0,0,0,0,
hello,6_30,11_17_36,3.4719,0,0,0,3.471924,0.0000,0.0000,0.0000,0.0000,0.0000,0.0000,0,0,,,,,,,,0,0,0,0,0,0,0,0,0,0,0,0,0,0,0,0,0,0,0,0,0,0,0,0,0,0,0,0,0,0,0,0,0,0,0,0,0,0,0,0,0,0,0,0,0,0,0,0,0,0,0,
hello,6_30,11_17_36,3.4751,0,0,0,3.475131,0.0000,0.0000,0.0000,0.0000,0.0000,0.0000,0,0,,,,,,,,0,0,0,0,0,0,0,0,0,0,0,0,0,0,0,0,0,0,0,0,0,0,0,0,0,0,0,0,0,0,0,0,0,0,0,0,0,0,0,0,0,0,0,0,0,0,0,0,0,0,0,
hello,6_30,11_17_36,3.4782,0,0,0,3.478222,0.0000,0.0000,0.0000,0.0000,0.0000,0.0000,0,0,,,,,,,,0,0,0,0,0,0,0,0,0,0,0,0,0,0,0,0,0,0,0,0,0,0,0,0,0,0,0,0,0,0,0,0,0,0,0,0,0,0,0,0,0,0,0,0,0,0,0,0,0,0,0,
hello,6_30,11_17_36,3.4813,0,0,0,3.481327,0.0000,0.0000,0.0000,0.0000,0.0000,0.0000,0,0,,,,,,,,0,0,0,0,0,0,0,0,0,0,0,0,0,0,0,0,0,0,0,0,0,0,0,0,0,0,0,0,0,0,0,0,0,0,0,0,0,0,0,0,0,0,0,0,0,0,0,0,0,0,0,
hello,6_30,11_17_36,3.4847,0,0,0,3.484712,0.0000,0.0000,0.0000,0.0000,0.0000,0.0000,0,0,,,,,,,,0,0,0,0,0,0,0,0,0,0,0,0,0,0,0,0,0,0,0,0,0,0,0,0,0,0,0,0,0,0,0,0,0,0,0,0,0,0,0,0,0,0,0,0,0,0,0,0,0,0,0,
hello,6_30,11_17_36,3.4879,0,0,0,3.487942,0.0000,0.0000,0.0000,0.0000,0.0000,0.0000,0,0,,,,,,,,0,0,0,0,0,0,0,0,0,0,0,0,0,0,0,0,0,0,0,0,0,0,0,0,0,0,0,0,0,0,0,0,0,0,0,0,0,0,0,0,0,0,0,0,0,0,0,0,0,0,0,
hello,6_30,11_17_36,3.4913,0,0,0,3.491336,0.0000,0.0000,0.0000,0.0000,0.0000,0.0000,0,0,,,,,,,,0,0,0,0,0,0,0,0,0,0,0,0,0,0,0,0,0,0,0,0,0,0,0,0,0,0,0,0,0,0,0,0,0,0,0,0,0,0,0,0,0,0,0,0,0,0,0,0,0,0,0,
hello,6_30,11_17_36,3.4948,0,0,0,3.494824,0.0000,0.0000,0.0000,0.0000,0.0000,0.0000,0,0,,,,,,,,0,0,0,0,0,0,0,0,0,0,0,0,0,0,0,0,0,0,0,0,0,0,0,0,0,0,0,0,0,0,0,0,0,0,0,0,0,0,0,0,0,0,0,0,0,0,0,0,0,0,0,
hello,6_30,11_17_36,3.4982,0,0,0,3.498166,0.0000,0.0000,0.0000,0.0000,0.0000,0.0000,0,0,,,,,,,,0,0,0,0,0,0,0,0,0,0,0,0,0,0,0,0,0,0,0,0,0,0,0,0,0,0,0,0,0,0,0,0,0,0,0,0,0,0,0,0,0,0,0,0,0,0,0,0,0,0,0,
hello,6_30,11_17_36,3.5015,0,0,0,3.501539,0.0000,0.0000,0.0000,0.0000,0.0000,0.0000,0,0,,,,,,,,0,0,0,0,0,0,0,0,0,0,0,0,0,0,0,0,0,0,0,0,0,0,0,0,0,0,0,0,0,0,0,0,0,0,0,0,0,0,0,0,0,0,0,0,0,0,0,0,0,0,0,
hello,6_30,11_17_36,3.5050,0,0,0,3.50495,0.0000,0.0000,0.0000,0.0000,0.0000,0.0000,0,0,,,,,,,,0,0,0,0,0,0,0,0,0,0,0,0,0,0,0,0,0,0,0,0,0,0,0,0,0,0,0,0,0,0,0,0,0,0,0,0,0,0,0,0,0,0,0,0,0,0,0,0,0,0,0,
hello,6_30,11_17_36,3.5082,0,0,0,3.508225,0.0000,0.0000,0.0000,0.0000,0.0000,0.0000,0,0,,,,,,,,0,0,0,0,0,0,0,0,0,0,0,0,0,0,0,0,0,0,0,0,0,0,0,0,0,0,0,0,0,0,0,0,0,0,0,0,0,0,0,0,0,0,0,0,0,0,0,0,0,0,0,
hello,6_30,11_17_36,3.5114,0,0,0,3.51136,0.0000,0.0000,0.0000,0.0000,0.0000,0.0000,0,0,,,,,,,,0,0,0,0,0,0,0,0,0,0,0,0,0,0,0,0,0,0,0,0,0,0,0,0,0,0,0,0,0,0,0,0,0,0,0,0,0,0,0,0,0,0,0,0,0,0,0,0,0,0,0,
hello,6_30,11_17_36,3.5145,0,0,0,3.514513,0.0000,0.0000,0.0000,0.0000,0.0000,0.0000,0,0,,,,,,,,0,0,0,0,0,0,0,0,0,0,0,0,0,0,0,0,0,0,0,0,0,0,0,0,0,0,0,0,0,0,0,0,0,0,0,0,0,0,0,0,0,0,0,0,0,0,0,0,0,0,0,
hello,6_30,11_17_36,3.5176,0,0,0,3.517561,0.0000,0.0000,0.0000,0.0000,0.0000,0.0000,0,0,,,,,,,,0,0,0,0,0,0,0,0,0,0,0,0,0,0,0,0,0,0,0,0,0,0,0,0,0,0,0,0,0,0,0,0,0,0,0,0,0,0,0,0,0,0,0,0,0,0,0,0,0,0,0,
hello,6_30,11_17_36,3.5209,0,0,0,3.52088,0.0000,0.0000,0.0000,0.0000,0.0000,0.0000,0,0,,,,,,,,0,0,0,0,0,0,0,0,0,0,0,0,0,0,0,0,0,0,0,0,0,0,0,0,0,0,0,0,0,0,0,0,0,0,0,0,0,0,0,0,0,0,0,0,0,0,0,0,0,0,0,
hello,6_30,11_17_36,3.5242,0,0,0,3.524175,0.0000,0.0000,0.0000,0.0000,0.0000,0.0000,0,0,,,,,,,,0,0,0,0,0,0,0,0,0,0,0,0,0,0,0,0,0,0,0,0,0,0,0,0,0,0,0,0,0,0,0,0,0,0,0,0,0,0,0,0,0,0,0,0,0,0,0,0,0,0,0,
hello,6_30,11_17_36,3.5273,0,0,0,3.52733,0.0000,0.0000,0.0000,0.0000,0.0000,0.0000,0,0,,,,,,,,0,0,0,0,0,0,0,0,0,0,0,0,0,0,0,0,0,0,0,0,0,0,0,0,0,0,0,0,0,0,0,0,0,0,0,0,0,0,0,0,0,0,0,0,0,0,0,0,0,0,0,
hello,6_30,11_17_36,3.5305,0,0,0,3.530534,0.0000,0.0000,0.0000,0.0000,0.0000,0.0000,0,0,,,,,,,,0,0,0,0,0,0,0,0,0,0,0,0,0,0,0,0,0,0,0,0,0,0,0,0,0,0,0,0,0,0,0,0,0,0,0,0,0,0,0,0,0,0,0,0,0,0,0,0,0,0,0,
hello,6_30,11_17_36,3.5337,0,0,0,3.533655,0.0000,0.0000,0.0000,0.0000,0.0000,0.0000,0,0,,,,,,,,0,0,0,0,0,0,0,0,0,0,0,0,0,0,0,0,0,0,0,0,0,0,0,0,0,0,0,0,0,0,0,0,0,0,0,0,0,0,0,0,0,0,0,0,0,0,0,0,0,0,0,
hello,6_30,11_17_36,3.5371,0,0,0,3.537128,0.0000,0.0000,0.0000,0.0000,0.0000,0.0000,0,0,,,,,,,,0,0,0,0,0,0,0,0,0,0,0,0,0,0,0,0,0,0,0,0,0,0,0,0,0,0,0,0,0,0,0,0,0,0,0,0,0,0,0,0,0,0,0,0,0,0,0,0,0,0,0,
hello,6_30,11_17_36,3.5406,0,0,0,3.540582,0.0000,0.0000,0.0000,0.0000,0.0000,0.0000,0,0,,,,,,,,0,0,0,0,0,0,0,0,0,0,0,0,0,0,0,0,0,0,0,0,0,0,0,0,0,0,0,0,0,0,0,0,0,0,0,0,0,0,0,0,0,0,0,0,0,0,0,0,0,0,0,
hello,6_30,11_17_36,3.5442,0,0,0,3.544246,0.0000,0.0000,0.0000,0.0000,0.0000,0.0000,0,0,,,,,,,,0,0,0,0,0,0,0,0,0,0,0,0,0,0,0,0,0,0,0,0,0,0,0,0,0,0,0,0,0,0,0,0,0,0,0,0,0,0,0,0,0,0,0,0,0,0,0,0,0,0,0,
hello,6_30,11_17_36,3.5478,0,0,0,3.547848,0.0000,0.0000,0.0000,0.0000,0.0000,0.0000,0,0,,,,,,,,0,0,0,0,0,0,0,0,0,0,0,0,0,0,0,0,0,0,0,0,0,0,0,0,0,0,0,0,0,0,0,0,0,0,0,0,0,0,0,0,0,0,0,0,0,0,0,0,0,0,0,
hello,6_30,11_17_36,3.5513,0,0,0,3.551323,0.0000,0.0000,0.0000,0.0000,0.0000,0.0000,0,0,,,,,,,,0,0,0,0,0,0,0,0,0,0,0,0,0,0,0,0,0,0,0,0,0,0,0,0,0,0,0,0,0,0,0,0,0,0,0,0,0,0,0,0,0,0,0,0,0,0,0,0,0,0,0,
hello,6_30,11_17_36,3.5546,0,0,0,3.554564,0.0000,0.0000,0.0000,0.0000,0.0000,0.0000,0,0,,,,,,,,0,0,0,0,0,0,0,0,0,0,0,0,0,0,0,0,0,0,0,0,0,0,0,0,0,0,0,0,0,0,0,0,0,0,0,0,0,0,0,0,0,0,0,0,0,0,0,0,0,0,0,
hello,6_30,11_17_36,3.5578,0,0,0,3.55778,0.0000,0.0000,0.0000,0.0000,0.0000,0.0000,0,0,,,,,,,,0,0,0,0,0,0,0,0,0,0,0,0,0,0,0,0,0,0,0,0,0,0,0,0,0,0,0,0,0,0,0,0,0,0,0,0,0,0,0,0,0,0,0,0,0,0,0,0,0,0,0,
hello,6_30,11_17_36,3.5610,0,0,0,3.560989,0.0000,0.0000,0.0000,0.0000,0.0000,0.0000,0,0,,,,,,,,0,0,0,0,0,0,0,0,0,0,0,0,0,0,0,0,0,0,0,0,0,0,0,0,0,0,0,0,0,0,0,0,0,0,0,0,0,0,0,0,0,0,0,0,0,0,0,0,0,0,0,
hello,6_30,11_17_36,3.5645,0,0,0,3.564493,0.0000,0.0000,0.0000,0.0000,0.0000,0.0000,0,0,,,,,,,,0,0,0,0,0,0,0,0,0,0,0,0,0,0,0,0,0,0,0,0,0,0,0,0,0,0,0,0,0,0,0,0,0,0,0,0,0,0,0,0,0,0,0,0,0,0,0,0,0,0,0,
hello,6_30,11_17_36,3.5680,0,0,0,3.568,0.0000,0.0000,0.0000,0.0000,0.0000,0.0000,0,0,,,,,,,,0,0,0,0,0,0,0,0,0,0,0,0,0,0,0,0,0,0,0,0,0,0,0,0,0,0,0,0,0,0,0,0,0,0,0,0,0,0,0,0,0,0,0,0,0,0,0,0,0,0,0,
hello,6_30,11_17_36,3.5713,0,0,0,3.571303,0.0000,0.0000,0.0000,0.0000,0.0000,0.0000,0,0,,,,,,,,0,0,0,0,0,0,0,0,0,0,0,0,0,0,0,0,0,0,0,0,0,0,0,0,0,0,0,0,0,0,0,0,0,0,0,0,0,0,0,0,0,0,0,0,0,0,0,0,0,0,0,
hello,6_30,11_17_36,3.5746,0,0,0,3.574574,0.0000,0.0000,0.0000,0.0000,0.0000,0.0000,0,0,,,,,,,,0,0,0,0,0,0,0,0,0,0,0,0,0,0,0,0,0,0,0,0,0,0,0,0,0,0,0,0,0,0,0,0,0,0,0,0,0,0,0,0,0,0,0,0,0,0,0,0,0,0,0,
hello,6_30,11_17_36,3.5777,0,0,0,3.577721,0.0000,0.0000,0.0000,0.0000,0.0000,0.0000,0,0,,,,,,,,0,0,0,0,0,0,0,0,0,0,0,0,0,0,0,0,0,0,0,0,0,0,0,0,0,0,0,0,0,0,0,0,0,0,0,0,0,0,0,0,0,0,0,0,0,0,0,0,0,0,0,
hello,6_30,11_17_36,3.5808,0,0,0,3.580843,0.0000,0.0000,0.0000,0.0000,0.0000,0.0000,0,0,,,,,,,,0,0,0,0,0,0,0,0,0,0,0,0,0,0,0,0,0,0,0,0,0,0,0,0,0,0,0,0,0,0,0,0,0,0,0,0,0,0,0,0,0,0,0,0,0,0,0,0,0,0,0,
hello,6_30,11_17_36,3.5842,0,0,0,3.584193,0.0000,0.0000,0.0000,0.0000,0.0000,0.0000,0,0,,,,,,,,0,0,0,0,0,0,0,0,0,0,0,0,0,0,0,0,0,0,0,0,0,0,0,0,0,0,0,0,0,0,0,0,0,0,0,0,0,0,0,0,0,0,0,0,0,0,0,0,0,0,0,
hello,6_30,11_17_36,3.5873,0,0,0,3.587305,0.0000,0.0000,0.0000,0.0000,0.0000,0.0000,0,0,,,,,,,,0,0,0,0,0,0,0,0,0,0,0,0,0,0,0,0,0,0,0,0,0,0,0,0,0,0,0,0,0,0,0,0,0,0,0,0,0,0,0,0,0,0,0,0,0,0,0,0,0,0,0,
hello,6_30,11_17_36,3.5905,0,0,0,3.590548,0.0000,0.0000,0.0000,0.0000,0.0000,0.0000,0,0,,,,,,,,0,0,0,0,0,0,0,0,0,0,0,0,0,0,0,0,0,0,0,0,0,0,0,0,0,0,0,0,0,0,0,0,0,0,0,0,0,0,0,0,0,0,0,0,0,0,0,0,0,0,0,
hello,6_30,11_17_36,3.5938,0,0,0,3.593805,0.0000,0.0000,0.0000,0.0000,0.0000,0.0000,0,0,,,,,,,,0,0,0,0,0,0,0,0,0,0,0,0,0,0,0,0,0,0,0,0,0,0,0,0,0,0,0,0,0,0,0,0,0,0,0,0,0,0,0,0,0,0,0,0,0,0,0,0,0,0,0,
hello,6_30,11_17_36,3.5969,0,0,0,3.596886,0.0000,0.0000,0.0000,0.0000,0.0000,0.0000,0,0,,,,,,,,0,0,0,0,0,0,0,0,0,0,0,0,0,0,0,0,0,0,0,0,0,0,0,0,0,0,0,0,0,0,0,0,0,0,0,0,0,0,0,0,0,0,0,0,0,0,0,0,0,0,0,
hello,6_30,11_17_36,3.6000,0,0,0,3.599954,0.0000,0.0000,0.0000,0.0000,0.0000,0.0000,0,0,,,,,,,,0,0,0,0,0,0,0,0,0,0,0,0,0,0,0,0,0,0,0,0,0,0,0,0,0,0,0,0,0,0,0,0,0,0,0,0,0,0,0,0,0,0,0,0,0,0,0,0,0,0,0,
hello,6_30,11_17_36,3.6030,0,0,0,3.603025,0.0000,0.0000,0.0000,0.0000,0.0000,0.0000,0,0,,,,,,,,0,0,0,0,0,0,0,0,0,0,0,0,0,0,0,0,0,0,0,0,0,0,0,0,0,0,0,0,0,0,0,0,0,0,0,0,0,0,0,0,0,0,0,0,0,0,0,0,0,0,0,
hello,6_30,11_17_36,3.6065,0,0,0,3.60647,0.0000,0.0000,0.0000,0.0000,0.0000,0.0000,0,0,,,,,,,,0,0,0,0,0,0,0,0,0,0,0,0,0,0,0,0,0,0,0,0,0,0,0,0,0,0,0,0,0,0,0,0,0,0,0,0,0,0,0,0,0,0,0,0,0,0,0,0,0,0,0,
hello,6_30,11_17_36,3.6099,0,0,0,3.609851,0.0000,0.0000,0.0000,0.0000,0.0000,0.0000,0,0,,,,,,,,0,0,0,0,0,0,0,0,0,0,0,0,0,0,0,0,0,0,0,0,0,0,0,0,0,0,0,0,0,0,0,0,0,0,0,0,0,0,0,0,0,0,0,0,0,0,0,0,0,0,0,
hello,6_30,11_17_36,3.6134,0,0,0,3.613446,0.0000,0.0000,0.0000,0.0000,0.0000,0.0000,0,0,,,,,,,,0,0,0,0,0,0,0,0,0,0,0,0,0,0,0,0,0,0,0,0,0,0,0,0,0,0,0,0,0,0,0,0,0,0,0,0,0,0,0,0,0,0,0,0,0,0,0,0,0,0,0,
hello,6_30,11_17_36,3.6168,0,0,0,3.616786,0.0000,0.0000,0.0000,0.0000,0.0000,0.0000,0,0,,,,,,,,0,0,0,0,0,0,0,0,0,0,0,0,0,0,0,0,0,0,0,0,0,0,0,0,0,0,0,0,0,0,0,0,0,0,0,0,0,0,0,0,0,0,0,0,0,0,0,0,0,0,0,
hello,6_30,11_17_36,3.6201,0,0,0,3.620065,0.0000,0.0000,0.0000,0.0000,0.0000,0.0000,0,0,,,,,,,,0,0,0,0,0,0,0,0,0,0,0,0,0,0,0,0,0,0,0,0,0,0,0,0,0,0,0,0,0,0,0,0,0,0,0,0,0,0,0,0,0,0,0,0,0,0,0,0,0,0,0,
hello,6_30,11_17_36,3.6234,0,0,0,3.623402,0.0000,0.0000,0.0000,0.0000,0.0000,0.0000,0,0,,,,,,,,0,0,0,0,0,0,0,0,0,0,0,0,0,0,0,0,0,0,0,0,0,0,0,0,0,0,0,0,0,0,0,0,0,0,0,0,0,0,0,0,0,0,0,0,0,0,0,0,0,0,0,
hello,6_30,11_17_36,3.6266,0,0,0,3.626598,0.0000,0.0000,0.0000,0.0000,0.0000,0.0000,0,0,,,,,,,,0,0,0,0,0,0,0,0,0,0,0,0,0,0,0,0,0,0,0,0,0,0,0,0,0,0,0,0,0,0,0,0,0,0,0,0,0,0,0,0,0,0,0,0,0,0,0,0,0,0,0,
hello,6_30,11_17_36,3.6358,0,0,0,3.635758,0.0000,0.0000,0.0000,0.0000,0.0000,0.0000,0,0,,,,,,,,0,0,0,0,0,0,0,0,0,0,0,0,0,0,0,0,0,0,0,0,0,0,0,0,0,0,0,0,0,0,0,0,0,0,0,0,0,0,0,0,0,0,0,0,0,0,0,0,0,0,0,
hello,6_30,11_17_36,3.6391,0,0,0,3.639115,0.0000,0.0000,0.0000,0.0000,0.0000,0.0000,0,0,,,,,,,,0,0,0,0,0,0,0,0,0,0,0,0,0,0,0,0,0,0,0,0,0,0,0,0,0,0,0,0,0,0,0,0,0,0,0,0,0,0,0,0,0,0,0,0,0,0,0,0,0,0,0,
hello,6_30,11_17_36,3.6423,0,0,0,3.642282,0.0000,0.0000,0.0000,0.0000,0.0000,0.0000,0,0,,,,,,,,0,0,0,0,0,0,0,0,0,0,0,0,0,0,0,0,0,0,0,0,0,0,0,0,0,0,0,0,0,0,0,0,0,0,0,0,0,0,0,0,0,0,0,0,0,0,0,0,0,0,0,
hello,6_30,11_17_36,3.6461,0,0,0,3.64607,0.0000,0.0000,0.0000,0.0000,0.0000,0.0000,0,0,,,,,,,,0,0,0,0,0,0,0,0,0,0,0,0,0,0,0,0,0,0,0,0,0,0,0,0,0,0,0,0,0,0,0,0,0,0,0,0,0,0,0,0,0,0,0,0,0,0,0,0,0,0,0,
hello,6_30,11_17_36,3.6494,0,0,0,3.649352,0.0000,0.0000,0.0000,0.0000,0.0000,0.0000,0,0,,,,,,,,0,0,0,0,0,0,0,0,0,0,0,0,0,0,0,0,0,0,0,0,0,0,0,0,0,0,0,0,0,0,0,0,0,0,0,0,0,0,0,0,0,0,0,0,0,0,0,0,0,0,0,
hello,6_30,11_17_36,3.6528,0,0,0,3.652766,0.0000,0.0000,0.0000,0.0000,0.0000,0.0000,0,0,,,,,,,,0,0,0,0,0,0,0,0,0,0,0,0,0,0,0,0,0,0,0,0,0,0,0,0,0,0,0,0,0,0,0,0,0,0,0,0,0,0,0,0,0,0,0,0,0,0,0,0,0,0,0,
hello,6_30,11_17_36,3.6560,0,0,0,3.65596,0.0000,0.0000,0.0000,0.0000,0.0000,0.0000,0,0,,,,,,,,0,0,0,0,0,0,0,0,0,0,0,0,0,0,0,0,0,0,0,0,0,0,0,0,0,0,0,0,0,0,0,0,0,0,0,0,0,0,0,0,0,0,0,0,0,0,0,0,0,0,0,
hello,6_30,11_17_36,3.6594,0,0,0,3.659383,0.0000,0.0000,0.0000,0.0000,0.0000,0.0000,0,0,,,,,,,,0,0,0,0,0,0,0,0,0,0,0,0,0,0,0,0,0,0,0,0,0,0,0,0,0,0,0,0,0,0,0,0,0,0,0,0,0,0,0,0,0,0,0,0,0,0,0,0,0,0,0,
hello,6_30,11_17_36,3.6630,0,0,0,3.662995,0.0000,0.0000,0.0000,0.0000,0.0000,0.0000,0,0,,,,,,,,0,0,0,0,0,0,0,0,0,0,0,0,0,0,0,0,0,0,0,0,0,0,0,0,0,0,0,0,0,0,0,0,0,0,0,0,0,0,0,0,0,0,0,0,0,0,0,0,0,0,0,
hello,6_30,11_17_36,3.6665,0,0,0,3.666494,0.0000,0.0000,0.0000,0.0000,0.0000,0.0000,0,0,,,,,,,,0,0,0,0,0,0,0,0,0,0,0,0,0,0,0,0,0,0,0,0,0,0,0,0,0,0,0,0,0,0,0,0,0,0,0,0,0,0,0,0,0,0,0,0,0,0,0,0,0,0,0,
hello,6_30,11_17_36,3.6697,0,0,0,3.669686,0.0000,0.0000,0.0000,0.0000,0.0000,0.0000,0,0,,,,,,,,0,0,0,0,0,0,0,0,0,0,0,0,0,0,0,0,0,0,0,0,0,0,0,0,0,0,0,0,0,0,0,0,0,0,0,0,0,0,0,0,0,0,0,0,0,0,0,0,0,0,0,
hello,6_30,11_17_36,3.6729,0,0,0,3.672854,0.0000,0.0000,0.0000,0.0000,0.0000,0.0000,0,0,,,,,,,,0,0,0,0,0,0,0,0,0,0,0,0,0,0,0,0,0,0,0,0,0,0,0,0,0,0,0,0,0,0,0,0,0,0,0,0,0,0,0,0,0,0,0,0,0,0,0,0,0,0,0,
hello,6_30,11_17_36,3.6760,0,0,0,3.675956,0.0000,0.0000,0.0000,0.0000,0.0000,0.0000,0,0,,,,,,,,0,0,0,0,0,0,0,0,0,0,0,0,0,0,0,0,0,0,0,0,0,0,0,0,0,0,0,0,0,0,0,0,0,0,0,0,0,0,0,0,0,0,0,0,0,0,0,0,0,0,0,
hello,6_30,11_17_36,3.6795,0,0,0,3.679498,0.0000,0.0000,0.0000,0.0000,0.0000,0.0000,0,0,,,,,,,,0,0,0,0,0,0,0,0,0,0,0,0,0,0,0,0,0,0,0,0,0,0,0,0,0,0,0,0,0,0,0,0,0,0,0,0,0,0,0,0,0,0,0,0,0,0,0,0,0,0,0,
hello,6_30,11_17_36,3.6827,0,0,0,3.682698,0.0000,0.0000,0.0000,0.0000,0.0000,0.0000,0,0,,,,,,,,0,0,0,0,0,0,0,0,0,0,0,0,0,0,0,0,0,0,0,0,0,0,0,0,0,0,0,0,0,0,0,0,0,0,0,0,0,0,0,0,0,0,0,0,0,0,0,0,0,0,0,
hello,6_30,11_17_36,3.6860,0,0,0,3.686048,0.0000,0.0000,0.0000,0.0000,0.0000,0.0000,0,0,,,,,,,,0,0,0,0,0,0,0,0,0,0,0,0,0,0,0,0,0,0,0,0,0,0,0,0,0,0,0,0,0,0,0,0,0,0,0,0,0,0,0,0,0,0,0,0,0,0,0,0,0,0,0,
hello,6_30,11_17_36,3.6891,0,0,0,3.689108,0.0000,0.0000,0.0000,0.0000,0.0000,0.0000,0,0,,,,,,,,0,0,0,0,0,0,0,0,0,0,0,0,0,0,0,0,0,0,0,0,0,0,0,0,0,0,0,0,0,0,0,0,0,0,0,0,0,0,0,0,0,0,0,0,0,0,0,0,0,0,0,
hello,6_30,11_17_36,3.6923,0,0,0,3.692331,0.0000,0.0000,0.0000,0.0000,0.0000,0.0000,0,0,,,,,,,,0,0,0,0,0,0,0,0,0,0,0,0,0,0,0,0,0,0,0,0,0,0,0,0,0,0,0,0,0,0,0,0,0,0,0,0,0,0,0,0,0,0,0,0,0,0,0,0,0,0,0,
hello,6_30,11_17_36,3.6956,0,0,0,3.695637,0.0000,0.0000,0.0000,0.0000,0.0000,0.0000,0,0,,,,,,,,0,0,0,0,0,0,0,0,0,0,0,0,0,0,0,0,0,0,0,0,0,0,0,0,0,0,0,0,0,0,0,0,0,0,0,0,0,0,0,0,0,0,0,0,0,0,0,0,0,0,0,
hello,6_30,11_17_36,3.6987,0,0,0,3.698697,0.0000,0.0000,0.0000,0.0000,0.0000,0.0000,0,0,,,,,,,,0,0,0,0,0,0,0,0,0,0,0,0,0,0,0,0,0,0,0,0,0,0,0,0,0,0,0,0,0,0,0,0,0,0,0,0,0,0,0,0,0,0,0,0,0,0,0,0,0,0,0,
hello,6_30,11_17_36,3.7019,0,0,0,3.701911,0.0000,0.0000,0.0000,0.0000,0.0000,0.0000,0,0,,,,,,,,0,0,0,0,0,0,0,0,0,0,0,0,0,0,0,0,0,0,0,0,0,0,0,0,0,0,0,0,0,0,0,0,0,0,0,0,0,0,0,0,0,0,0,0,0,0,0,0,0,0,0,
hello,6_30,11_17_36,3.7053,0,0,0,3.705336,0.0000,0.0000,0.0000,0.0000,0.0000,0.0000,0,0,,,,,,,,0,0,0,0,0,0,0,0,0,0,0,0,0,0,0,0,0,0,0,0,0,0,0,0,0,0,0,0,0,0,0,0,0,0,0,0,0,0,0,0,0,0,0,0,0,0,0,0,0,0,0,
hello,6_30,11_17_36,3.7087,0,0,0,3.708726,0.0000,0.0000,0.0000,0.0000,0.0000,0.0000,0,0,,,,,,,,0,0,0,0,0,0,0,0,0,0,0,0,0,0,0,0,0,0,0,0,0,0,0,0,0,0,0,0,0,0,0,0,0,0,0,0,0,0,0,0,0,0,0,0,0,0,0,0,0,0,0,
hello,6_30,11_17_36,3.7120,0,0,0,3.711977,0.0000,0.0000,0.0000,0.0000,0.0000,0.0000,0,0,,,,,,,,0,0,0,0,0,0,0,0,0,0,0,0,0,0,0,0,0,0,0,0,0,0,0,0,0,0,0,0,0,0,0,0,0,0,0,0,0,0,0,0,0,0,0,0,0,0,0,0,0,0,0,
hello,6_30,11_17_36,3.7153,0,0,0,3.715261,0.0000,0.0000,0.0000,0.0000,0.0000,0.0000,0,0,,,,,,,,0,0,0,0,0,0,0,0,0,0,0,0,0,0,0,0,0,0,0,0,0,0,0,0,0,0,0,0,0,0,0,0,0,0,0,0,0,0,0,0,0,0,0,0,0,0,0,0,0,0,0,
hello,6_30,11_17_36,3.7185,0,0,0,3.718477,0.0000,0.0000,0.0000,0.0000,0.0000,0.0000,0,0,,,,,,,,0,0,0,0,0,0,0,0,0,0,0,0,0,0,0,0,0,0,0,0,0,0,0,0,0,0,0,0,0,0,0,0,0,0,0,0,0,0,0,0,0,0,0,0,0,0,0,0,0,0,0,
hello,6_30,11_17_36,3.7217,0,0,0,3.721697,0.0000,0.0000,0.0000,0.0000,0.0000,0.0000,0,0,,,,,,,,0,0,0,0,0,0,0,0,0,0,0,0,0,0,0,0,0,0,0,0,0,0,0,0,0,0,0,0,0,0,0,0,0,0,0,0,0,0,0,0,0,0,0,0,0,0,0,0,0,0,0,
hello,6_30,11_17_36,3.7251,0,0,0,3.725081,0.0000,0.0000,0.0000,0.0000,0.0000,0.0000,0,0,,,,,,,,0,0,0,0,0,0,0,0,0,0,0,0,0,0,0,0,0,0,0,0,0,0,0,0,0,0,0,0,0,0,0,0,0,0,0,0,0,0,0,0,0,0,0,0,0,0,0,0,0,0,0,
hello,6_30,11_17_36,3.7282,0,0,0,3.728191,0.0000,0.0000,0.0000,0.0000,0.0000,0.0000,0,0,,,,,,,,0,0,0,0,0,0,0,0,0,0,0,0,0,0,0,0,0,0,0,0,0,0,0,0,0,0,0,0,0,0,0,0,0,0,0,0,0,0,0,0,0,0,0,0,0,0,0,0,0,0,0,
hello,6_30,11_17_36,3.7313,0,0,0,3.731313,0.0000,0.0000,0.0000,0.0000,0.0000,0.0000,0,0,,,,,,,,0,0,0,0,0,0,0,0,0,0,0,0,0,0,0,0,0,0,0,0,0,0,0,0,0,0,0,0,0,0,0,0,0,0,0,0,0,0,0,0,0,0,0,0,0,0,0,0,0,0,0,
hello,6_30,11_17_36,3.7344,0,0,0,3.734419,0.0000,0.0000,0.0000,0.0000,0.0000,0.0000,0,0,,,,,,,,0,0,0,0,0,0,0,0,0,0,0,0,0,0,0,0,0,0,0,0,0,0,0,0,0,0,0,0,0,0,0,0,0,0,0,0,0,0,0,0,0,0,0,0,0,0,0,0,0,0,0,
hello,6_30,11_17_36,3.7380,0,0,0,3.737951,0.0000,0.0000,0.0000,0.0000,0.0000,0.0000,0,0,,,,,,,,0,0,0,0,0,0,0,0,0,0,0,0,0,0,0,0,0,0,0,0,0,0,0,0,0,0,0,0,0,0,0,0,0,0,0,0,0,0,0,0,0,0,0,0,0,0,0,0,0,0,0,
hello,6_30,11_17_36,3.7410,0,0,0,3.741035,0.0000,0.0000,0.0000,0.0000,0.0000,0.0000,0,0,,,,,,,,0,0,0,0,0,0,0,0,0,0,0,0,0,0,0,0,0,0,0,0,0,0,0,0,0,0,0,0,0,0,0,0,0,0,0,0,0,0,0,0,0,0,0,0,0,0,0,0,0,0,0,
hello,6_30,11_17_36,3.7445,0,0,0,3.744541,0.0000,0.0000,0.0000,0.0000,0.0000,0.0000,0,0,,,,,,,,0,0,0,0,0,0,0,0,0,0,0,0,0,0,0,0,0,0,0,0,0,0,0,0,0,0,0,0,0,0,0,0,0,0,0,0,0,0,0,0,0,0,0,0,0,0,0,0,0,0,0,
hello,6_30,11_17_36,3.7478,0,0,0,3.747811,0.0000,0.0000,0.0000,0.0000,0.0000,0.0000,0,0,,,,,,,,0,0,0,0,0,0,0,0,0,0,0,0,0,0,0,0,0,0,0,0,0,0,0,0,0,0,0,0,0,0,0,0,0,0,0,0,0,0,0,0,0,0,0,0,0,0,0,0,0,0,0,
hello,6_30,11_17_36,3.7510,0,0,0,3.751016,0.0000,0.0000,0.0000,0.0000,0.0000,0.0000,0,0,,,,,,,,0,0,0,0,0,0,0,0,0,0,0,0,0,0,0,0,0,0,0,0,0,0,0,0,0,0,0,0,0,0,0,0,0,0,0,0,0,0,0,0,0,0,0,0,0,0,0,0,0,0,0,
hello,6_30,11_17_36,3.7541,0,0,0,3.754116,0.0000,0.0000,0.0000,0.0000,0.0000,0.0000,0,0,,,,,,,,0,0,0,0,0,0,0,0,0,0,0,0,0,0,0,0,0,0,0,0,0,0,0,0,0,0,0,0,0,0,0,0,0,0,0,0,0,0,0,0,0,0,0,0,0,0,0,0,0,0,0,
hello,6_30,11_17_37,3.7573,0,0,0,3.757317,0.0000,0.0000,0.0000,0.0000,0.0000,0.0000,0,0,,,,,,,,0,0,0,0,0,0,0,0,0,0,0,0,0,0,0,0,0,0,0,0,0,0,0,0,0,0,0,0,0,0,0,0,0,0,0,0,0,0,0,0,0,0,0,0,0,0,0,0,0,0,0,
hello,6_30,11_17_37,3.7607,0,0,0,3.760651,0.0000,0.0000,0.0000,0.0000,0.0000,0.0000,0,0,,,,,,,,0,0,0,0,0,0,0,0,0,0,0,0,0,0,0,0,0,0,0,0,0,0,0,0,0,0,0,0,0,0,0,0,0,0,0,0,0,0,0,0,0,0,0,0,0,0,0,0,0,0,0,
hello,6_30,11_17_37,3.7642,0,0,0,3.764174,0.0000,0.0000,0.0000,0.0000,0.0000,0.0000,0,0,,,,,,,,0,0,0,0,0,0,0,0,0,0,0,0,0,0,0,0,0,0,0,0,0,0,0,0,0,0,0,0,0,0,0,0,0,0,0,0,0,0,0,0,0,0,0,0,0,0,0,0,0,0,0,
hello,6_30,11_17_37,3.7675,0,0,0,3.767544,0.0000,0.0000,0.0000,0.0000,0.0000,0.0000,0,0,,,,,,,,0,0,0,0,0,0,0,0,0,0,0,0,0,0,0,0,0,0,0,0,0,0,0,0,0,0,0,0,0,0,0,0,0,0,0,0,0,0,0,0,0,0,0,0,0,0,0,0,0,0,0,
hello,6_30,11_17_37,3.7707,0,0,0,3.770727,0.0000,0.0000,0.0000,0.0000,0.0000,0.0000,0,0,,,,,,,,0,0,0,0,0,0,0,0,0,0,0,0,0,0,0,0,0,0,0,0,0,0,0,0,0,0,0,0,0,0,0,0,0,0,0,0,0,0,0,0,0,0,0,0,0,0,0,0,0,0,0,
hello,6_30,11_17_37,3.7738,0,0,0,3.773835,0.0000,0.0000,0.0000,0.0000,0.0000,0.0000,0,0,,,,,,,,0,0,0,0,0,0,0,0,0,0,0,0,0,0,0,0,0,0,0,0,0,0,0,0,0,0,0,0,0,0,0,0,0,0,0,0,0,0,0,0,0,0,0,0,0,0,0,0,0,0,0,
hello,6_30,11_17_37,3.7769,0,0,0,3.776897,0.0000,0.0000,0.0000,0.0000,0.0000,0.0000,0,0,,,,,,,,0,0,0,0,0,0,0,0,0,0,0,0,0,0,0,0,0,0,0,0,0,0,0,0,0,0,0,0,0,0,0,0,0,0,0,0,0,0,0,0,0,0,0,0,0,0,0,0,0,0,0,
hello,6_30,11_17_37,3.7862,0,0,0,3.78623,0.0000,0.0000,0.0000,0.0000,0.0000,0.0000,0,0,,,,,,,,0,0,0,0,0,0,0,0,0,0,0,0,0,0,0,0,0,0,0,0,0,0,0,0,0,0,0,0,0,0,0,0,0,0,0,0,0,0,0,0,0,0,0,0,0,0,0,0,0,0,0,
hello,6_30,11_17_37,3.7897,0,0,0,3.789697,0.0000,0.0000,0.0000,0.0000,0.0000,0.0000,0,0,,,,,,,,0,0,0,0,0,0,0,0,0,0,0,0,0,0,0,0,0,0,0,0,0,0,0,0,0,0,0,0,0,0,0,0,0,0,0,0,0,0,0,0,0,0,0,0,0,0,0,0,0,0,0,
hello,6_30,11_17_37,3.7930,0,0,0,3.792952,0.0000,0.0000,0.0000,0.0000,0.0000,0.0000,0,0,,,,,,,,0,0,0,0,0,0,0,0,0,0,0,0,0,0,0,0,0,0,0,0,0,0,0,0,0,0,0,0,0,0,0,0,0,0,0,0,0,0,0,0,0,0,0,0,0,0,0,0,0,0,0,
hello,6_30,11_17_37,3.7965,0,0,0,3.796534,0.0000,0.0000,0.0000,0.0000,0.0000,0.0000,0,0,,,,,,,,0,0,0,0,0,0,0,0,0,0,0,0,0,0,0,0,0,0,0,0,0,0,0,0,0,0,0,0,0,0,0,0,0,0,0,0,0,0,0,0,0,0,0,0,0,0,0,0,0,0,0,
hello,6_30,11_17_37,3.7998,0,0,0,3.799754,0.0000,0.0000,0.0000,0.0000,0.0000,0.0000,0,0,,,,,,,,0,0,0,0,0,0,0,0,0,0,0,0,0,0,0,0,0,0,0,0,0,0,0,0,0,0,0,0,0,0,0,0,0,0,0,0,0,0,0,0,0,0,0,0,0,0,0,0,0,0,0,
hello,6_30,11_17_37,3.8029,0,0,0,3.802875,0.0000,0.0000,0.0000,0.0000,0.0000,0.0000,0,0,,,,,,,,0,0,0,0,0,0,0,0,0,0,0,0,0,0,0,0,0,0,0,0,0,0,0,0,0,0,0,0,0,0,0,0,0,0,0,0,0,0,0,0,0,0,0,0,0,0,0,0,0,0,0,
hello,6_30,11_17_37,3.8062,0,0,0,3.806249,0.0000,0.0000,0.0000,0.0000,0.0000,0.0000,0,0,,,,,,,,0,0,0,0,0,0,0,0,0,0,0,0,0,0,0,0,0,0,0,0,0,0,0,0,0,0,0,0,0,0,0,0,0,0,0,0,0,0,0,0,0,0,0,0,0,0,0,0,0,0,0,
hello,6_30,11_17_37,3.8094,0,0,0,3.809422,0.0000,0.0000,0.0000,0.0000,0.0000,0.0000,0,0,,,,,,,,0,0,0,0,0,0,0,0,0,0,0,0,0,0,0,0,0,0,0,0,0,0,0,0,0,0,0,0,0,0,0,0,0,0,0,0,0,0,0,0,0,0,0,0,0,0,0,0,0,0,0,
hello,6_30,11_17_37,3.8132,0,0,0,3.813157,0.0000,0.0000,0.0000,0.0000,0.0000,0.0000,0,0,,,,,,,,0,0,0,0,0,0,0,0,0,0,0,0,0,0,0,0,0,0,0,0,0,0,0,0,0,0,0,0,0,0,0,0,0,0,0,0,0,0,0,0,0,0,0,0,0,0,0,0,0,0,0,
hello,6_30,11_17_37,3.8164,0,0,0,3.816431,0.0000,0.0000,0.0000,0.0000,0.0000,0.0000,0,0,,,,,,,,0,0,0,0,0,0,0,0,0,0,0,0,0,0,0,0,0,0,0,0,0,0,0,0,0,0,0,0,0,0,0,0,0,0,0,0,0,0,0,0,0,0,0,0,0,0,0,0,0,0,0,
hello,6_30,11_17_37,3.8197,0,0,0,3.819668,0.0000,0.0000,0.0000,0.0000,0.0000,0.0000,0,0,,,,,,,,0,0,0,0,0,0,0,0,0,0,0,0,0,0,0,0,0,0,0,0,0,0,0,0,0,0,0,0,0,0,0,0,0,0,0,0,0,0,0,0,0,0,0,0,0,0,0,0,0,0,0,
hello,6_30,11_17_37,3.8229,0,0,0,3.822903,0.0000,0.0000,0.0000,0.0000,0.0000,0.0000,0,0,,,,,,,,0,0,0,0,0,0,0,0,0,0,0,0,0,0,0,0,0,0,0,0,0,0,0,0,0,0,0,0,0,0,0,0,0,0,0,0,0,0,0,0,0,0,0,0,0,0,0,0,0,0,0,
hello,6_30,11_17_37,3.8265,0,0,0,3.826496,0.0000,0.0000,0.0000,0.0000,0.0000,0.0000,0,0,,,,,,,,0,0,0,0,0,0,0,0,0,0,0,0,0,0,0,0,0,0,0,0,0,0,0,0,0,0,0,0,0,0,0,0,0,0,0,0,0,0,0,0,0,0,0,0,0,0,0,0,0,0,0,
hello,6_30,11_17_37,3.8297,0,0,0,3.829709,0.0000,0.0000,0.0000,0.0000,0.0000,0.0000,0,0,,,,,,,,0,0,0,0,0,0,0,0,0,0,0,0,0,0,0,0,0,0,0,0,0,0,0,0,0,0,0,0,0,0,0,0,0,0,0,0,0,0,0,0,0,0,0,0,0,0,0,0,0,0,0,
hello,6_30,11_17_37,3.8399,0,0,0,3.839861,0.0000,0.0000,0.0000,0.0000,0.0000,0.0000,0,0,,,,,,,,0,0,0,0,0,0,0,0,0,0,0,0,0,0,0,0,0,0,0,0,0,0,0,0,0,0,0,0,0,0,0,0,0,0,0,0,0,0,0,0,0,0,0,0,0,0,0,0,0,0,0,
hello,6_30,11_17_37,3.8431,0,0,0,3.843059,0.0000,0.0000,0.0000,0.0000,0.0000,0.0000,0,0,,,,,,,,0,0,0,0,0,0,0,0,0,0,0,0,0,0,0,0,0,0,0,0,0,0,0,0,0,0,0,0,0,0,0,0,0,0,0,0,0,0,0,0,0,0,0,0,0,0,0,0,0,0,0,
hello,6_30,11_17_37,3.8469,0,0,0,3.846907,0.0000,0.0000,0.0000,0.0000,0.0000,0.0000,0,0,,,,,,,,0,0,0,0,0,0,0,0,0,0,0,0,0,0,0,0,0,0,0,0,0,0,0,0,0,0,0,0,0,0,0,0,0,0,0,0,0,0,0,0,0,0,0,0,0,0,0,0,0,0,0,
hello,6_30,11_17_37,3.8500,0,0,0,3.850042,0.0000,0.0000,0.0000,0.0000,0.0000,0.0000,0,0,,,,,,,,0,0,0,0,0,0,0,0,0,0,0,0,0,0,0,0,0,0,0,0,0,0,0,0,0,0,0,0,0,0,0,0,0,0,0,0,0,0,0,0,0,0,0,0,0,0,0,0,0,0,0,
hello,6_30,11_17_37,3.8533,0,0,0,3.853281,0.0000,0.0000,0.0000,0.0000,0.0000,0.0000,0,0,,,,,,,,0,0,0,0,0,0,0,0,0,0,0,0,0,0,0,0,0,0,0,0,0,0,0,0,0,0,0,0,0,0,0,0,0,0,0,0,0,0,0,0,0,0,0,0,0,0,0,0,0,0,0,
hello,6_30,11_17_37,3.8567,0,0,0,3.856654,0.0000,0.0000,0.0000,0.0000,0.0000,0.0000,0,0,,,,,,,,0,0,0,0,0,0,0,0,0,0,0,0,0,0,0,0,0,0,0,0,0,0,0,0,0,0,0,0,0,0,0,0,0,0,0,0,0,0,0,0,0,0,0,0,0,0,0,0,0,0,0,
hello,6_30,11_17_37,3.8598,0,0,0,3.859798,0.0000,0.0000,0.0000,0.0000,0.0000,0.0000,0,0,,,,,,,,0,0,0,0,0,0,0,0,0,0,0,0,0,0,0,0,0,0,0,0,0,0,0,0,0,0,0,0,0,0,0,0,0,0,0,0,0,0,0,0,0,0,0,0,0,0,0,0,0,0,0,
hello,6_30,11_17_37,3.8630,0,0,0,3.862952,0.0000,0.0000,0.0000,0.0000,0.0000,0.0000,0,0,,,,,,,,0,0,0,0,0,0,0,0,0,0,0,0,0,0,0,0,0,0,0,0,0,0,0,0,0,0,0,0,0,0,0,0,0,0,0,0,0,0,0,0,0,0,0,0,0,0,0,0,0,0,0,
hello,6_30,11_17_37,3.8663,0,0,0,3.866273,0.0000,0.0000,0.0000,0.0000,0.0000,0.0000,0,0,,,,,,,,0,0,0,0,0,0,0,0,0,0,0,0,0,0,0,0,0,0,0,0,0,0,0,0,0,0,0,0,0,0,0,0,0,0,0,0,0,0,0,0,0,0,0,0,0,0,0,0,0,0,0,
hello,6_30,11_17_37,3.8694,0,0,0,3.869372,0.0000,0.0000,0.0000,0.0000,0.0000,0.0000,0,0,,,,,,,,0,0,0,0,0,0,0,0,0,0,0,0,0,0,0,0,0,0,0,0,0,0,0,0,0,0,0,0,0,0,0,0,0,0,0,0,0,0,0,0,0,0,0,0,0,0,0,0,0,0,0,
hello,6_30,11_17_37,3.8725,0,0,0,3.872501,0.0000,0.0000,0.0000,0.0000,0.0000,0.0000,0,0,,,,,,,,0,0,0,0,0,0,0,0,0,0,0,0,0,0,0,0,0,0,0,0,0,0,0,0,0,0,0,0,0,0,0,0,0,0,0,0,0,0,0,0,0,0,0,0,0,0,0,0,0,0,0,
hello,6_30,11_17_37,3.8757,0,0,0,3.875684,0.0000,0.0000,0.0000,0.0000,0.0000,0.0000,0,0,,,,,,,,0,0,0,0,0,0,0,0,0,0,0,0,0,0,0,0,0,0,0,0,0,0,0,0,0,0,0,0,0,0,0,0,0,0,0,0,0,0,0,0,0,0,0,0,0,0,0,0,0,0,0,
hello,6_30,11_17_37,3.8792,0,0,0,3.879179,0.0000,0.0000,0.0000,0.0000,0.0000,0.0000,0,0,,,,,,,,0,0,0,0,0,0,0,0,0,0,0,0,0,0,0,0,0,0,0,0,0,0,0,0,0,0,0,0,0,0,0,0,0,0,0,0,0,0,0,0,0,0,0,0,0,0,0,0,0,0,0,
hello,6_30,11_17_37,3.8824,0,0,0,3.882432,0.0000,0.0000,0.0000,0.0000,0.0000,0.0000,0,0,,,,,,,,0,0,0,0,0,0,0,0,0,0,0,0,0,0,0,0,0,0,0,0,0,0,0,0,0,0,0,0,0,0,0,0,0,0,0,0,0,0,0,0,0,0,0,0,0,0,0,0,0,0,0,
hello,6_30,11_17_37,3.8859,0,0,0,3.885911,0.0000,0.0000,0.0000,0.0000,0.0000,0.0000,0,0,,,,,,,,0,0,0,0,0,0,0,0,0,0,0,0,0,0,0,0,0,0,0,0,0,0,0,0,0,0,0,0,0,0,0,0,0,0,0,0,0,0,0,0,0,0,0,0,0,0,0,0,0,0,0,
hello,6_30,11_17_37,3.8891,0,0,0,3.889074,0.0000,0.0000,0.0000,0.0000,0.0000,0.0000,0,0,,,,,,,,0,0,0,0,0,0,0,0,0,0,0,0,0,0,0,0,0,0,0,0,0,0,0,0,0,0,0,0,0,0,0,0,0,0,0,0,0,0,0,0,0,0,0,0,0,0,0,0,0,0,0,
hello,6_30,11_17_37,3.8923,0,0,0,3.892335,0.0000,0.0000,0.0000,0.0000,0.0000,0.0000,0,0,,,,,,,,0,0,0,0,0,0,0,0,0,0,0,0,0,0,0,0,0,0,0,0,0,0,0,0,0,0,0,0,0,0,0,0,0,0,0,0,0,0,0,0,0,0,0,0,0,0,0,0,0,0,0,
hello,6_30,11_17_37,3.8957,0,0,0,3.895727,0.0000,0.0000,0.0000,0.0000,0.0000,0.0000,0,0,,,,,,,,0,0,0,0,0,0,0,0,0,0,0,0,0,0,0,0,0,0,0,0,0,0,0,0,0,0,0,0,0,0,0,0,0,0,0,0,0,0,0,0,0,0,0,0,0,0,0,0,0,0,0,
hello,6_30,11_17_37,3.8990,0,0,0,3.899004,0.0000,0.0000,0.0000,0.0000,0.0000,0.0000,0,0,,,,,,,,0,0,0,0,0,0,0,0,0,0,0,0,0,0,0,0,0,0,0,0,0,0,0,0,0,0,0,0,0,0,0,0,0,0,0,0,0,0,0,0,0,0,0,0,0,0,0,0,0,0,0,
hello,6_30,11_17_37,3.9021,0,0,0,3.902107,0.0000,0.0000,0.0000,0.0000,0.0000,0.0000,0,0,,,,,,,,0,0,0,0,0,0,0,0,0,0,0,0,0,0,0,0,0,0,0,0,0,0,0,0,0,0,0,0,0,0,0,0,0,0,0,0,0,0,0,0,0,0,0,0,0,0,0,0,0,0,0,
hello,6_30,11_17_37,3.9056,0,0,0,3.905573,0.0000,0.0000,0.0000,0.0000,0.0000,0.0000,0,0,,,,,,,,0,0,0,0,0,0,0,0,0,0,0,0,0,0,0,0,0,0,0,0,0,0,0,0,0,0,0,0,0,0,0,0,0,0,0,0,0,0,0,0,0,0,0,0,0,0,0,0,0,0,0,
hello,6_30,11_17_37,3.9089,0,0,0,3.908861,0.0000,0.0000,0.0000,0.0000,0.0000,0.0000,0,0,,,,,,,,0,0,0,0,0,0,0,0,0,0,0,0,0,0,0,0,0,0,0,0,0,0,0,0,0,0,0,0,0,0,0,0,0,0,0,0,0,0,0,0,0,0,0,0,0,0,0,0,0,0,0,
hello,6_30,11_17_37,3.9122,0,0,0,3.912175,0.0000,0.0000,0.0000,0.0000,0.0000,0.0000,0,0,,,,,,,,0,0,0,0,0,0,0,0,0,0,0,0,0,0,0,0,0,0,0,0,0,0,0,0,0,0,0,0,0,0,0,0,0,0,0,0,0,0,0,0,0,0,0,0,0,0,0,0,0,0,0,
hello,6_30,11_17_37,3.9154,0,0,0,3.915353,0.0000,0.0000,0.0000,0.0000,0.0000,0.0000,0,0,,,,,,,,0,0,0,0,0,0,0,0,0,0,0,0,0,0,0,0,0,0,0,0,0,0,0,0,0,0,0,0,0,0,0,0,0,0,0,0,0,0,0,0,0,0,0,0,0,0,0,0,0,0,0,
hello,6_30,11_17_37,3.9186,0,0,0,3.918628,0.0000,0.0000,0.0000,0.0000,0.0000,0.0000,0,0,,,,,,,,0,0,0,0,0,0,0,0,0,0,0,0,0,0,0,0,0,0,0,0,0,0,0,0,0,0,0,0,0,0,0,0,0,0,0,0,0,0,0,0,0,0,0,0,0,0,0,0,0,0,0,
hello,6_30,11_17_37,3.9219,0,0,0,3.921901,0.0000,0.0000,0.0000,0.0000,0.0000,0.0000,0,0,,,,,,,,0,0,0,0,0,0,0,0,0,0,0,0,0,0,0,0,0,0,0,0,0,0,0,0,0,0,0,0,0,0,0,0,0,0,0,0,0,0,0,0,0,0,0,0,0,0,0,0,0,0,0,
hello,6_30,11_17_37,3.9254,0,0,0,3.925392,0.0000,0.0000,0.0000,0.0000,0.0000,0.0000,0,0,,,,,,,,0,0,0,0,0,0,0,0,0,0,0,0,0,0,0,0,0,0,0,0,0,0,0,0,0,0,0,0,0,0,0,0,0,0,0,0,0,0,0,0,0,0,0,0,0,0,0,0,0,0,0,
hello,6_30,11_17_37,3.9290,0,0,0,3.92903,0.0000,0.0000,0.0000,0.0000,0.0000,0.0000,0,0,,,,,,,,0,0,0,0,0,0,0,0,0,0,0,0,0,0,0,0,0,0,0,0,0,0,0,0,0,0,0,0,0,0,0,0,0,0,0,0,0,0,0,0,0,0,0,0,0,0,0,0,0,0,0,
hello,6_30,11_17_37,3.9324,0,0,0,3.932398,0.0000,0.0000,0.0000,0.0000,0.0000,0.0000,0,0,,,,,,,,0,0,0,0,0,0,0,0,0,0,0,0,0,0,0,0,0,0,0,0,0,0,0,0,0,0,0,0,0,0,0,0,0,0,0,0,0,0,0,0,0,0,0,0,0,0,0,0,0,0,0,
hello,6_30,11_17_37,3.9357,0,0,0,3.93566,0.0000,0.0000,0.0000,0.0000,0.0000,0.0000,0,0,,,,,,,,0,0,0,0,0,0,0,0,0,0,0,0,0,0,0,0,0,0,0,0,0,0,0,0,0,0,0,0,0,0,0,0,0,0,0,0,0,0,0,0,0,0,0,0,0,0,0,0,0,0,0,
hello,6_30,11_17_37,3.9389,0,0,0,3.938871,0.0000,0.0000,0.0000,0.0000,0.0000,0.0000,0,0,,,,,,,,0,0,0,0,0,0,0,0,0,0,0,0,0,0,0,0,0,0,0,0,0,0,0,0,0,0,0,0,0,0,0,0,0,0,0,0,0,0,0,0,0,0,0,0,0,0,0,0,0,0,0,
hello,6_30,11_17_37,3.9420,0,0,0,3.942033,0.0000,0.0000,0.0000,0.0000,0.0000,0.0000,0,0,,,,,,,,0,0,0,0,0,0,0,0,0,0,0,0,0,0,0,0,0,0,0,0,0,0,0,0,0,0,0,0,0,0,0,0,0,0,0,0,0,0,0,0,0,0,0,0,0,0,0,0,0,0,0,
hello,6_30,11_17_37,3.9456,0,0,0,3.94561,0.0000,0.0000,0.0000,0.0000,0.0000,0.0000,0,0,,,,,,,,0,0,0,0,0,0,0,0,0,0,0,0,0,0,0,0,0,0,0,0,0,0,0,0,0,0,0,0,0,0,0,0,0,0,0,0,0,0,0,0,0,0,0,0,0,0,0,0,0,0,0,
hello,6_30,11_17_37,3.9489,0,0,0,3.948906,0.0000,0.0000,0.0000,0.0000,0.0000,0.0000,0,0,,,,,,,,0,0,0,0,0,0,0,0,0,0,0,0,0,0,0,0,0,0,0,0,0,0,0,0,0,0,0,0,0,0,0,0,0,0,0,0,0,0,0,0,0,0,0,0,0,0,0,0,0,0,0,
hello,6_30,11_17_37,3.9523,0,0,0,3.952253,0.0000,0.0000,0.0000,0.0000,0.0000,0.0000,0,0,,,,,,,,0,0,0,0,0,0,0,0,0,0,0,0,0,0,0,0,0,0,0,0,0,0,0,0,0,0,0,0,0,0,0,0,0,0,0,0,0,0,0,0,0,0,0,0,0,0,0,0,0,0,0,
hello,6_30,11_17_37,3.9557,0,0,0,3.95565,0.0000,0.0000,0.0000,0.0000,0.0000,0.0000,0,0,,,,,,,,0,0,0,0,0,0,0,0,0,0,0,0,0,0,0,0,0,0,0,0,0,0,0,0,0,0,0,0,0,0,0,0,0,0,0,0,0,0,0,0,0,0,0,0,0,0,0,0,0,0,0,
hello,6_30,11_17_37,3.9590,0,0,0,3.959011,0.0000,0.0000,0.0000,0.0000,0.0000,0.0000,0,0,,,,,,,,0,0,0,0,0,0,0,0,0,0,0,0,0,0,0,0,0,0,0,0,0,0,0,0,0,0,0,0,0,0,0,0,0,0,0,0,0,0,0,0,0,0,0,0,0,0,0,0,0,0,0,
hello,6_30,11_17_37,3.9622,0,0,0,3.96223,0.0000,0.0000,0.0000,0.0000,0.0000,0.0000,0,0,,,,,,,,0,0,0,0,0,0,0,0,0,0,0,0,0,0,0,0,0,0,0,0,0,0,0,0,0,0,0,0,0,0,0,0,0,0,0,0,0,0,0,0,0,0,0,0,0,0,0,0,0,0,0,
hello,6_30,11_17_37,3.9657,0,0,0,3.965655,0.0000,0.0000,0.0000,0.0000,0.0000,0.0000,0,0,,,,,,,,0,0,0,0,0,0,0,0,0,0,0,0,0,0,0,0,0,0,0,0,0,0,0,0,0,0,0,0,0,0,0,0,0,0,0,0,0,0,0,0,0,0,0,0,0,0,0,0,0,0,0,
hello,6_30,11_17_37,3.9688,0,0,0,3.968839,0.0000,0.0000,0.0000,0.0000,0.0000,0.0000,0,0,,,,,,,,0,0,0,0,0,0,0,0,0,0,0,0,0,0,0,0,0,0,0,0,0,0,0,0,0,0,0,0,0,0,0,0,0,0,0,0,0,0,0,0,0,0,0,0,0,0,0,0,0,0,0,
hello,6_30,11_17_37,3.9720,0,0,0,3.971976,0.0000,0.0000,0.0000,0.0000,0.0000,0.0000,0,0,,,,,,,,0,0,0,0,0,0,0,0,0,0,0,0,0,0,0,0,0,0,0,0,0,0,0,0,0,0,0,0,0,0,0,0,0,0,0,0,0,0,0,0,0,0,0,0,0,0,0,0,0,0,0,
hello,6_30,11_17_37,3.9752,0,0,0,3.97524,0.0000,0.0000,0.0000,0.0000,0.0000,0.0000,0,0,,,,,,,,0,0,0,0,0,0,0,0,0,0,0,0,0,0,0,0,0,0,0,0,0,0,0,0,0,0,0,0,0,0,0,0,0,0,0,0,0,0,0,0,0,0,0,0,0,0,0,0,0,0,0,
hello,6_30,11_17_37,3.9784,0,0,0,3.978424,0.0000,0.0000,0.0000,0.0000,0.0000,0.0000,0,0,,,,,,,,0,0,0,0,0,0,0,0,0,0,0,0,0,0,0,0,0,0,0,0,0,0,0,0,0,0,0,0,0,0,0,0,0,0,0,0,0,0,0,0,0,0,0,0,0,0,0,0,0,0,0,
hello,6_30,11_17_37,3.9815,0,0,0,3.981537,0.0000,0.0000,0.0000,0.0000,0.0000,0.0000,0,0,,,,,,,,0,0,0,0,0,0,0,0,0,0,0,0,0,0,0,0,0,0,0,0,0,0,0,0,0,0,0,0,0,0,0,0,0,0,0,0,0,0,0,0,0,0,0,0,0,0,0,0,0,0,0,
hello,6_30,11_17_37,3.9850,0,0,0,3.984982,0.0000,0.0000,0.0000,0.0000,0.0000,0.0000,0,0,,,,,,,,0,0,0,0,0,0,0,0,0,0,0,0,0,0,0,0,0,0,0,0,0,0,0,0,0,0,0,0,0,0,0,0,0,0,0,0,0,0,0,0,0,0,0,0,0,0,0,0,0,0,0,
hello,6_30,11_17_37,3.9881,0,0,0,3.988071,0.0000,0.0000,0.0000,0.0000,0.0000,0.0000,0,0,,,,,,,,0,0,0,0,0,0,0,0,0,0,0,0,0,0,0,0,0,0,0,0,0,0,0,0,0,0,0,0,0,0,0,0,0,0,0,0,0,0,0,0,0,0,0,0,0,0,0,0,0,0,0,
hello,6_30,11_17_37,3.9912,0,0,0,3.991223,0.0000,0.0000,0.0000,0.0000,0.0000,0.0000,0,0,,,,,,,,0,0,0,0,0,0,0,0,0,0,0,0,0,0,0,0,0,0,0,0,0,0,0,0,0,0,0,0,0,0,0,0,0,0,0,0,0,0,0,0,0,0,0,0,0,0,0,0,0,0,0,
hello,6_30,11_17_37,3.9945,0,0,0,3.99449,0.0000,0.0000,0.0000,0.0000,0.0000,0.0000,0,0,,,,,,,,0,0,0,0,0,0,0,0,0,0,0,0,0,0,0,0,0,0,0,0,0,0,0,0,0,0,0,0,0,0,0,0,0,0,0,0,0,0,0,0,0,0,0,0,0,0,0,0,0,0,0,
hello,6_30,11_17_37,3.9977,0,0,0,3.997715,0.0000,0.0000,0.0000,0.0000,0.0000,0.0000,0,0,,,,,,,,0,0,0,0,0,0,0,0,0,0,0,0,0,0,0,0,0,0,0,0,0,0,0,0,0,0,0,0,0,0,0,0,0,0,0,0,0,0,0,0,0,0,0,0,0,0,0,0,0,0,0,
hello,6_30,11_17_37,4.0009,0,0,0,4.000873,0.0000,0.0000,0.0000,0.0000,0.0000,0.0000,0,0,,,,,,,,0,0,0,0,0,0,0,0,0,0,0,0,0,0,0,0,0,0,0,0,0,0,0,0,0,0,0,0,0,0,0,0,0,0,0,0,0,0,0,0,0,0,0,0,0,0,0,0,0,0,0,
hello,6_30,11_17_37,4.0042,0,0,0,4.004185,0.0000,0.0000,0.0000,0.0000,0.0000,0.0000,0,0,,,,,,,,0,0,0,0,0,0,0,0,0,0,0,0,0,0,0,0,0,0,0,0,0,0,0,0,0,0,0,0,0,0,0,0,0,0,0,0,0,0,0,0,0,0,0,0,0,0,0,0,0,0,0,
hello,6_30,11_17_37,4.0074,0,0,0,4.007368,0.0000,0.0000,0.0000,0.0000,0.0000,0.0000,0,0,,,,,,,,0,0,0,0,0,0,0,0,0,0,0,0,0,0,0,0,0,0,0,0,0,0,0,0,0,0,0,0,0,0,0,0,0,0,0,0,0,0,0,0,0,0,0,0,0,0,0,0,0,0,0,
hello,6_30,11_17_37,4.0107,0,0,0,4.010663,0.0000,0.0000,0.0000,0.0000,0.0000,0.0000,0,0,,,,,,,,0,0,0,0,0,0,0,0,0,0,0,0,0,0,0,0,0,0,0,0,0,0,0,0,0,0,0,0,0,0,0,0,0,0,0,0,0,0,0,0,0,0,0,0,0,0,0,0,0,0,0,
hello,6_30,11_17_37,4.0139,0,0,0,4.013905,0.0000,0.0000,0.0000,0.0000,0.0000,0.0000,0,0,,,,,,,,0,0,0,0,0,0,0,0,0,0,0,0,0,0,0,0,0,0,0,0,0,0,0,0,0,0,0,0,0,0,0,0,0,0,0,0,0,0,0,0,0,0,0,0,0,0,0,0,0,0,0,
hello,6_30,11_17_37,4.0170,0,0,0,4.016954,0.0000,0.0000,0.0000,0.0000,0.0000,0.0000,0,0,,,,,,,,0,0,0,0,0,0,0,0,0,0,0,0,0,0,0,0,0,0,0,0,0,0,0,0,0,0,0,0,0,0,0,0,0,0,0,0,0,0,0,0,0,0,0,0,0,0,0,0,0,0,0,
hello,6_30,11_17_37,4.0200,0,0,0,4.019995,0.0000,0.0000,0.0000,0.0000,0.0000,0.0000,0,0,,,,,,,,0,0,0,0,0,0,0,0,0,0,0,0,0,0,0,0,0,0,0,0,0,0,0,0,0,0,0,0,0,0,0,0,0,0,0,0,0,0,0,0,0,0,0,0,0,0,0,0,0,0,0,
hello,6_30,11_17_37,4.0231,0,0,0,4.02312,0.0000,0.0000,0.0000,0.0000,0.0000,0.0000,0,0,,,,,,,,0,0,0,0,0,0,0,0,0,0,0,0,0,0,0,0,0,0,0,0,0,0,0,0,0,0,0,0,0,0,0,0,0,0,0,0,0,0,0,0,0,0,0,0,0,0,0,0,0,0,0,
hello,6_30,11_17_37,4.0265,0,0,0,4.026494,0.0000,0.0000,0.0000,0.0000,0.0000,0.0000,0,0,,,,,,,,0,0,0,0,0,0,0,0,0,0,0,0,0,0,0,0,0,0,0,0,0,0,0,0,0,0,0,0,0,0,0,0,0,0,0,0,0,0,0,0,0,0,0,0,0,0,0,0,0,0,0,
hello,6_30,11_17_37,4.0296,0,0,0,4.029566,0.0000,0.0000,0.0000,0.0000,0.0000,0.0000,0,0,,,,,,,,0,0,0,0,0,0,0,0,0,0,0,0,0,0,0,0,0,0,0,0,0,0,0,0,0,0,0,0,0,0,0,0,0,0,0,0,0,0,0,0,0,0,0,0,0,0,0,0,0,0,0,
hello,6_30,11_17_37,4.0328,0,0,0,4.032756,0.0000,0.0000,0.0000,0.0000,0.0000,0.0000,0,0,,,,,,,,0,0,0,0,0,0,0,0,0,0,0,0,0,0,0,0,0,0,0,0,0,0,0,0,0,0,0,0,0,0,0,0,0,0,0,0,0,0,0,0,0,0,0,0,0,0,0,0,0,0,0,
hello,6_30,11_17_37,4.0422,0,0,0,4.04217,0.0000,0.0000,0.0000,0.0000,0.0000,0.0000,0,0,,,,,,,,0,0,0,0,0,0,0,0,0,0,0,0,0,0,0,0,0,0,0,0,0,0,0,0,0,0,0,0,0,0,0,0,0,0,0,0,0,0,0,0,0,0,0,0,0,0,0,0,0,0,0,
hello,6_30,11_17_37,4.0456,0,0,0,4.04564,0.0000,0.0000,0.0000,0.0000,0.0000,0.0000,0,0,,,,,,,,0,0,0,0,0,0,0,0,0,0,0,0,0,0,0,0,0,0,0,0,0,0,0,0,0,0,0,0,0,0,0,0,0,0,0,0,0,0,0,0,0,0,0,0,0,0,0,0,0,0,0,
hello,6_30,11_17_37,4.0488,0,0,0,4.048757,0.0000,0.0000,0.0000,0.0000,0.0000,0.0000,0,0,,,,,,,,0,0,0,0,0,0,0,0,0,0,0,0,0,0,0,0,0,0,0,0,0,0,0,0,0,0,0,0,0,0,0,0,0,0,0,0,0,0,0,0,0,0,0,0,0,0,0,0,0,0,0,
hello,6_30,11_17_37,4.0522,0,0,0,4.052152,0.0000,0.0000,0.0000,0.0000,0.0000,0.0000,0,0,,,,,,,,0,0,0,0,0,0,0,0,0,0,0,0,0,0,0,0,0,0,0,0,0,0,0,0,0,0,0,0,0,0,0,0,0,0,0,0,0,0,0,0,0,0,0,0,0,0,0,0,0,0,0,
hello,6_30,11_17_37,4.0554,0,0,0,4.055387,0.0000,0.0000,0.0000,0.0000,0.0000,0.0000,0,0,,,,,,,,0,0,0,0,0,0,0,0,0,0,0,0,0,0,0,0,0,0,0,0,0,0,0,0,0,0,0,0,0,0,0,0,0,0,0,0,0,0,0,0,0,0,0,0,0,0,0,0,0,0,0,
hello,6_30,11_17_37,4.0586,0,0,0,4.058586,0.0000,0.0000,0.0000,0.0000,0.0000,0.0000,0,0,,,,,,,,0,0,0,0,0,0,0,0,0,0,0,0,0,0,0,0,0,0,0,0,0,0,0,0,0,0,0,0,0,0,0,0,0,0,0,0,0,0,0,0,0,0,0,0,0,0,0,0,0,0,0,
hello,6_30,11_17_37,4.0618,0,0,0,4.06177,0.0000,0.0000,0.0000,0.0000,0.0000,0.0000,0,0,,,,,,,,0,0,0,0,0,0,0,0,0,0,0,0,0,0,0,0,0,0,0,0,0,0,0,0,0,0,0,0,0,0,0,0,0,0,0,0,0,0,0,0,0,0,0,0,0,0,0,0,0,0,0,
hello,6_30,11_17_37,4.0652,0,0,0,4.065159,0.0000,0.0000,0.0000,0.0000,0.0000,0.0000,0,0,,,,,,,,0,0,0,0,0,0,0,0,0,0,0,0,0,0,0,0,0,0,0,0,0,0,0,0,0,0,0,0,0,0,0,0,0,0,0,0,0,0,0,0,0,0,0,0,0,0,0,0,0,0,0,
hello,6_30,11_17_37,4.0686,0,0,0,4.06863,0.0000,0.0000,0.0000,0.0000,0.0000,0.0000,0,0,,,,,,,,0,0,0,0,0,0,0,0,0,0,0,0,0,0,0,0,0,0,0,0,0,0,0,0,0,0,0,0,0,0,0,0,0,0,0,0,0,0,0,0,0,0,0,0,0,0,0,0,0,0,0,
hello,6_30,11_17_37,4.0719,0,0,0,4.071863,0.0000,0.0000,0.0000,0.0000,0.0000,0.0000,0,0,,,,,,,,0,0,0,0,0,0,0,0,0,0,0,0,0,0,0,0,0,0,0,0,0,0,0,0,0,0,0,0,0,0,0,0,0,0,0,0,0,0,0,0,0,0,0,0,0,0,0,0,0,0,0,
hello,6_30,11_17_37,4.0751,0,0,0,4.075147,0.0000,0.0000,0.0000,0.0000,0.0000,0.0000,0,0,,,,,,,,0,0,0,0,0,0,0,0,0,0,0,0,0,0,0,0,0,0,0,0,0,0,0,0,0,0,0,0,0,0,0,0,0,0,0,0,0,0,0,0,0,0,0,0,0,0,0,0,0,0,0,
hello,6_30,11_17_37,4.0784,0,0,0,4.07836,0.0000,0.0000,0.0000,0.0000,0.0000,0.0000,0,0,,,,,,,,0,0,0,0,0,0,0,0,0,0,0,0,0,0,0,0,0,0,0,0,0,0,0,0,0,0,0,0,0,0,0,0,0,0,0,0,0,0,0,0,0,0,0,0,0,0,0,0,0,0,0,
hello,6_30,11_17_37,4.0815,0,0,0,4.081493,0.0000,0.0000,0.0000,0.0000,0.0000,0.0000,0,0,,,,,,,,0,0,0,0,0,0,0,0,0,0,0,0,0,0,0,0,0,0,0,0,0,0,0,0,0,0,0,0,0,0,0,0,0,0,0,0,0,0,0,0,0,0,0,0,0,0,0,0,0,0,0,
hello,6_30,11_17_37,4.0850,0,0,0,4.085023,0.0000,0.0000,0.0000,0.0000,0.0000,0.0000,0,0,,,,,,,,0,0,0,0,0,0,0,0,0,0,0,0,0,0,0,0,0,0,0,0,0,0,0,0,0,0,0,0,0,0,0,0,0,0,0,0,0,0,0,0,0,0,0,0,0,0,0,0,0,0,0,
hello,6_30,11_17_37,4.0883,0,0,0,4.088329,0.0000,0.0000,0.0000,0.0000,0.0000,0.0000,0,0,,,,,,,,0,0,0,0,0,0,0,0,0,0,0,0,0,0,0,0,0,0,0,0,0,0,0,0,0,0,0,0,0,0,0,0,0,0,0,0,0,0,0,0,0,0,0,0,0,0,0,0,0,0,0,
hello,6_30,11_17_37,4.0916,0,0,0,4.091606,0.0000,0.0000,0.0000,0.0000,0.0000,0.0000,0,0,,,,,,,,0,0,0,0,0,0,0,0,0,0,0,0,0,0,0,0,0,0,0,0,0,0,0,0,0,0,0,0,0,0,0,0,0,0,0,0,0,0,0,0,0,0,0,0,0,0,0,0,0,0,0,
hello,6_30,11_17_37,4.1058,0,0,0,4.105768,0.0000,0.0000,0.0000,0.0000,0.0000,0.0000,0,0,,,,,,,,0,0,0,0,0,0,0,0,0,0,0,0,0,0,0,0,0,0,0,0,0,0,0,0,0,0,0,0,0,0,0,0,0,0,0,0,0,0,0,0,0,0,0,0,0,0,0,0,0,0,0,
hello,6_30,11_17_37,4.1118,0,0,0,4.111763,0.0000,0.0000,0.0000,0.0000,0.0000,0.0000,0,0,,,,,,,,0,0,0,0,0,0,0,0,0,0,0,0,0,0,0,0,0,0,0,0,0,0,0,0,0,0,0,0,0,0,0,0,0,0,0,0,0,0,0,0,0,0,0,0,0,0,0,0,0,0,0,
hello,6_30,11_17_37,4.1151,0,0,0,4.115088,0.0000,0.0000,0.0000,0.0000,0.0000,0.0000,0,0,,,,,,,,0,0,0,0,0,0,0,0,0,0,0,0,0,0,0,0,0,0,0,0,0,0,0,0,0,0,0,0,0,0,0,0,0,0,0,0,0,0,0,0,0,0,0,0,0,0,0,0,0,0,0,
hello,6_30,11_17_37,4.1183,0,0,0,4.118301,0.0000,0.0000,0.0000,0.0000,0.0000,0.0000,0,0,,,,,,,,0,0,0,0,0,0,0,0,0,0,0,0,0,0,0,0,0,0,0,0,0,0,0,0,0,0,0,0,0,0,0,0,0,0,0,0,0,0,0,0,0,0,0,0,0,0,0,0,0,0,0,
hello,6_30,11_17_37,4.1214,0,0,0,4.121411,0.0000,0.0000,0.0000,0.0000,0.0000,0.0000,0,0,,,,,,,,0,0,0,0,0,0,0,0,0,0,0,0,0,0,0,0,0,0,0,0,0,0,0,0,0,0,0,0,0,0,0,0,0,0,0,0,0,0,0,0,0,0,0,0,0,0,0,0,0,0,0,
hello,6_30,11_17_37,4.1248,0,0,0,4.124804,0.0000,0.0000,0.0000,0.0000,0.0000,0.0000,0,0,,,,,,,,0,0,0,0,0,0,0,0,0,0,0,0,0,0,0,0,0,0,0,0,0,0,0,0,0,0,0,0,0,0,0,0,0,0,0,0,0,0,0,0,0,0,0,0,0,0,0,0,0,0,0,
hello,6_30,11_17_37,4.1282,0,0,0,4.128226,0.0000,0.0000,0.0000,0.0000,0.0000,0.0000,0,0,,,,,,,,0,0,0,0,0,0,0,0,0,0,0,0,0,0,0,0,0,0,0,0,0,0,0,0,0,0,0,0,0,0,0,0,0,0,0,0,0,0,0,0,0,0,0,0,0,0,0,0,0,0,0,
hello,6_30,11_17_37,4.1314,0,0,0,4.131408,0.0000,0.0000,0.0000,0.0000,0.0000,0.0000,0,0,,,,,,,,0,0,0,0,0,0,0,0,0,0,0,0,0,0,0,0,0,0,0,0,0,0,0,0,0,0,0,0,0,0,0,0,0,0,0,0,0,0,0,0,0,0,0,0,0,0,0,0,0,0,0,
hello,6_30,11_17_37,4.1347,0,0,0,4.13472,0.0000,0.0000,0.0000,0.0000,0.0000,0.0000,0,0,,,,,,,,0,0,0,0,0,0,0,0,0,0,0,0,0,0,0,0,0,0,0,0,0,0,0,0,0,0,0,0,0,0,0,0,0,0,0,0,0,0,0,0,0,0,0,0,0,0,0,0,0,0,0,
hello,6_30,11_17_37,4.1380,0,0,0,4.137995,0.0000,0.0000,0.0000,0.0000,0.0000,0.0000,0,0,,,,,,,,0,0,0,0,0,0,0,0,0,0,0,0,0,0,0,0,0,0,0,0,0,0,0,0,0,0,0,0,0,0,0,0,0,0,0,0,0,0,0,0,0,0,0,0,0,0,0,0,0,0,0,
hello,6_30,11_17_37,4.1412,0,0,0,4.14123,0.0000,0.0000,0.0000,0.0000,0.0000,0.0000,0,0,,,,,,,,0,0,0,0,0,0,0,0,0,0,0,0,0,0,0,0,0,0,0,0,0,0,0,0,0,0,0,0,0,0,0,0,0,0,0,0,0,0,0,0,0,0,0,0,0,0,0,0,0,0,0,
hello,6_30,11_17_37,4.1451,0,0,0,4.145075,0.0000,0.0000,0.0000,0.0000,0.0000,0.0000,0,0,,,,,,,,0,0,0,0,0,0,0,0,0,0,0,0,0,0,0,0,0,0,0,0,0,0,0,0,0,0,0,0,0,0,0,0,0,0,0,0,0,0,0,0,0,0,0,0,0,0,0,0,0,0,0,
hello,6_30,11_17_37,4.1482,0,0,0,4.148209,0.0000,0.0000,0.0000,0.0000,0.0000,0.0000,0,0,,,,,,,,0,0,0,0,0,0,0,0,0,0,0,0,0,0,0,0,0,0,0,0,0,0,0,0,0,0,0,0,0,0,0,0,0,0,0,0,0,0,0,0,0,0,0,0,0,0,0,0,0,0,0,
hello,6_30,11_17_37,4.1514,0,0,0,4.151357,0.0000,0.0000,0.0000,0.0000,0.0000,0.0000,0,0,,,,,,,,0,0,0,0,0,0,0,0,0,0,0,0,0,0,0,0,0,0,0,0,0,0,0,0,0,0,0,0,0,0,0,0,0,0,0,0,0,0,0,0,0,0,0,0,0,0,0,0,0,0,0,
hello,6_30,11_17_37,4.1545,0,0,0,4.154512,0.0000,0.0000,0.0000,0.0000,0.0000,0.0000,0,0,,,,,,,,0,0,0,0,0,0,0,0,0,0,0,0,0,0,0,0,0,0,0,0,0,0,0,0,0,0,0,0,0,0,0,0,0,0,0,0,0,0,0,0,0,0,0,0,0,0,0,0,0,0,0,
hello,6_30,11_17_37,4.1577,0,0,0,4.157655,0.0000,0.0000,0.0000,0.0000,0.0000,0.0000,0,0,,,,,,,,0,0,0,0,0,0,0,0,0,0,0,0,0,0,0,0,0,0,0,0,0,0,0,0,0,0,0,0,0,0,0,0,0,0,0,0,0,0,0,0,0,0,0,0,0,0,0,0,0,0,0,
hello,6_30,11_17_37,4.1608,0,0,0,4.160792,0.0000,0.0000,0.0000,0.0000,0.0000,0.0000,0,0,,,,,,,,0,0,0,0,0,0,0,0,0,0,0,0,0,0,0,0,0,0,0,0,0,0,0,0,0,0,0,0,0,0,0,0,0,0,0,0,0,0,0,0,0,0,0,0,0,0,0,0,0,0,0,
hello,6_30,11_17_37,4.1643,0,0,0,4.164287,0.0000,0.0000,0.0000,0.0000,0.0000,0.0000,0,0,,,,,,,,0,0,0,0,0,0,0,0,0,0,0,0,0,0,0,0,0,0,0,0,0,0,0,0,0,0,0,0,0,0,0,0,0,0,0,0,0,0,0,0,0,0,0,0,0,0,0,0,0,0,0,
hello,6_30,11_17_37,4.1676,0,0,0,4.167583,0.0000,0.0000,0.0000,0.0000,0.0000,0.0000,0,0,,,,,,,,0,0,0,0,0,0,0,0,0,0,0,0,0,0,0,0,0,0,0,0,0,0,0,0,0,0,0,0,0,0,0,0,0,0,0,0,0,0,0,0,0,0,0,0,0,0,0,0,0,0,0,
hello,6_30,11_17_37,4.1708,0,0,0,4.17077,0.0000,0.0000,0.0000,0.0000,0.0000,0.0000,0,0,,,,,,,,0,0,0,0,0,0,0,0,0,0,0,0,0,0,0,0,0,0,0,0,0,0,0,0,0,0,0,0,0,0,0,0,0,0,0,0,0,0,0,0,0,0,0,0,0,0,0,0,0,0,0,
hello,6_30,11_17_37,4.1743,0,0,0,4.174326,0.0000,0.0000,0.0000,0.0000,0.0000,0.0000,0,0,,,,,,,,0,0,0,0,0,0,0,0,0,0,0,0,0,0,0,0,0,0,0,0,0,0,0,0,0,0,0,0,0,0,0,0,0,0,0,0,0,0,0,0,0,0,0,0,0,0,0,0,0,0,0,
hello,6_30,11_17_37,4.1778,0,0,0,4.177833,0.0000,0.0000,0.0000,0.0000,0.0000,0.0000,0,0,,,,,,,,0,0,0,0,0,0,0,0,0,0,0,0,0,0,0,0,0,0,0,0,0,0,0,0,0,0,0,0,0,0,0,0,0,0,0,0,0,0,0,0,0,0,0,0,0,0,0,0,0,0,0,
hello,6_30,11_17_37,4.1811,0,0,0,4.181144,0.0000,0.0000,0.0000,0.0000,0.0000,0.0000,0,0,,,,,,,,0,0,0,0,0,0,0,0,0,0,0,0,0,0,0,0,0,0,0,0,0,0,0,0,0,0,0,0,0,0,0,0,0,0,0,0,0,0,0,0,0,0,0,0,0,0,0,0,0,0,0,
hello,6_30,11_17_37,4.1847,0,0,0,4.184691,0.0000,0.0000,0.0000,0.0000,0.0000,0.0000,0,0,,,,,,,,0,0,0,0,0,0,0,0,0,0,0,0,0,0,0,0,0,0,0,0,0,0,0,0,0,0,0,0,0,0,0,0,0,0,0,0,0,0,0,0,0,0,0,0,0,0,0,0,0,0,0,
hello,6_30,11_17_37,4.1879,0,0,0,4.187918,0.0000,0.0000,0.0000,0.0000,0.0000,0.0000,0,0,,,,,,,,0,0,0,0,0,0,0,0,0,0,0,0,0,0,0,0,0,0,0,0,0,0,0,0,0,0,0,0,0,0,0,0,0,0,0,0,0,0,0,0,0,0,0,0,0,0,0,0,0,0,0,
hello,6_30,11_17_37,4.3074,0,0,0,4.307364,0.0000,0.0000,0.0000,0.0000,0.0000,0.0000,0,0,,,,,,,,0,0,0,0,0,0,0,0,0,0,0,0,0,0,0,0,0,0,0,0,0,0,0,0,0,0,0,0,0,0,0,0,0,0,0,0,0,0,0,0,0,0,0,0,0,0,0,0,0,0,0,
hello,6_30,11_17_37,4.3469,0,0,0,4.34691,0.0000,0.0000,0.0000,0.0000,0.0000,0.0000,0,0,,,,,,,,0,0,0,0,0,0,0,0,0,0,0,0,0,0,0,0,0,0,0,0,0,0,0,0,0,0,0,0,0,0,0,0,0,0,0,0,0,0,0,0,0,0,0,0,0,0,0,0,0,0,0,
hello,6_30,11_17_37,4.3623,0,0,0,4.362266,0.0000,0.0000,0.0000,0.0000,0.0000,0.0000,0,0,,,,,,,,0,0,0,0,0,0,0,0,0,0,0,0,0,0,0,0,0,0,0,0,0,0,0,0,0,0,0,0,0,0,0,0,0,0,0,0,0,0,0,0,0,0,0,0,0,0,0,0,0,0,0,
hello,6_30,11_17_37,4.3658,0,0,0,4.365755,0.0000,0.0000,0.0000,0.0000,0.0000,0.0000,0,0,,,,,,,,0,0,0,0,0,0,0,0,0,0,0,0,0,0,0,0,0,0,0,0,0,0,0,0,0,0,0,0,0,0,0,0,0,0,0,0,0,0,0,0,0,0,0,0,0,0,0,0,0,0,0,
hello,6_30,11_17_37,4.3691,0,0,0,4.369051,0.0000,0.0000,0.0000,0.0000,0.0000,0.0000,0,0,,,,,,,,0,0,0,0,0,0,0,0,0,0,0,0,0,0,0,0,0,0,0,0,0,0,0,0,0,0,0,0,0,0,0,0,0,0,0,0,0,0,0,0,0,0,0,0,0,0,0,0,0,0,0,
hello,6_30,11_17_37,4.3723,0,0,0,4.372277,0.0000,0.0000,0.0000,0.0000,0.0000,0.0000,0,0,,,,,,,,0,0,0,0,0,0,0,0,0,0,0,0,0,0,0,0,0,0,0,0,0,0,0,0,0,0,0,0,0,0,0,0,0,0,0,0,0,0,0,0,0,0,0,0,0,0,0,0,0,0,0,
hello,6_30,11_17_37,4.3757,0,0,0,4.375674,0.0000,0.0000,0.0000,0.0000,0.0000,0.0000,0,0,,,,,,,,0,0,0,0,0,0,0,0,0,0,0,0,0,0,0,0,0,0,0,0,0,0,0,0,0,0,0,0,0,0,0,0,0,0,0,0,0,0,0,0,0,0,0,0,0,0,0,0,0,0,0,
hello,6_30,11_17_37,4.3790,0,0,0,4.379003,0.0000,0.0000,0.0000,0.0000,0.0000,0.0000,0,0,,,,,,,,0,0,0,0,0,0,0,0,0,0,0,0,0,0,0,0,0,0,0,0,0,0,0,0,0,0,0,0,0,0,0,0,0,0,0,0,0,0,0,0,0,0,0,0,0,0,0,0,0,0,0,
hello,6_30,11_17_37,4.3823,0,0,0,4.382314,0.0000,0.0000,0.0000,0.0000,0.0000,0.0000,0,0,,,,,,,,0,0,0,0,0,0,0,0,0,0,0,0,0,0,0,0,0,0,0,0,0,0,0,0,0,0,0,0,0,0,0,0,0,0,0,0,0,0,0,0,0,0,0,0,0,0,0,0,0,0,0,
hello,6_30,11_17_37,4.3860,0,0,0,4.385955,0.0000,0.0000,0.0000,0.0000,0.0000,0.0000,0,0,,,,,,,,0,0,0,0,0,0,0,0,0,0,0,0,0,0,0,0,0,0,0,0,0,0,0,0,0,0,0,0,0,0,0,0,0,0,0,0,0,0,0,0,0,0,0,0,0,0,0,0,0,0,0,
hello,6_30,11_17_37,4.3894,0,0,0,4.389442,0.0000,0.0000,0.0000,0.0000,0.0000,0.0000,0,0,,,,,,,,0,0,0,0,0,0,0,0,0,0,0,0,0,0,0,0,0,0,0,0,0,0,0,0,0,0,0,0,0,0,0,0,0,0,0,0,0,0,0,0,0,0,0,0,0,0,0,0,0,0,0,
hello,6_30,11_17_37,4.3931,0,0,0,4.393128,0.0000,0.0000,0.0000,0.0000,0.0000,0.0000,0,0,,,,,,,,0,0,0,0,0,0,0,0,0,0,0,0,0,0,0,0,0,0,0,0,0,0,0,0,0,0,0,0,0,0,0,0,0,0,0,0,0,0,0,0,0,0,0,0,0,0,0,0,0,0,0,
hello,6_30,11_17_37,4.3971,0,0,0,4.397086,0.0000,0.0000,0.0000,0.0000,0.0000,0.0000,0,0,,,,,,,,0,0,0,0,0,0,0,0,0,0,0,0,0,0,0,0,0,0,0,0,0,0,0,0,0,0,0,0,0,0,0,0,0,0,0,0,0,0,0,0,0,0,0,0,0,0,0,0,0,0,0,
hello,6_30,11_17_37,4.4008,0,0,0,4.400834,0.0000,0.0000,0.0000,0.0000,0.0000,0.0000,0,0,,,,,,,,0,0,0,0,0,0,0,0,0,0,0,0,0,0,0,0,0,0,0,0,0,0,0,0,0,0,0,0,0,0,0,0,0,0,0,0,0,0,0,0,0,0,0,0,0,0,0,0,0,0,0,
hello,6_30,11_17_37,4.4044,0,0,0,4.40443,0.0000,0.0000,0.0000,0.0000,0.0000,0.0000,0,0,,,,,,,,0,0,0,0,0,0,0,0,0,0,0,0,0,0,0,0,0,0,0,0,0,0,0,0,0,0,0,0,0,0,0,0,0,0,0,0,0,0,0,0,0,0,0,0,0,0,0,0,0,0,0,
hello,6_30,11_17_37,4.4077,0,0,0,4.407729,0.0000,0.0000,0.0000,0.0000,0.0000,0.0000,0,0,,,,,,,,0,0,0,0,0,0,0,0,0,0,0,0,0,0,0,0,0,0,0,0,0,0,0,0,0,0,0,0,0,0,0,0,0,0,0,0,0,0,0,0,0,0,0,0,0,0,0,0,0,0,0,
hello,6_30,11_17_37,4.4110,0,0,0,4.410997,0.0000,0.0000,0.0000,0.0000,0.0000,0.0000,0,0,,,,,,,,0,0,0,0,0,0,0,0,0,0,0,0,0,0,0,0,0,0,0,0,0,0,0,0,0,0,0,0,0,0,0,0,0,0,0,0,0,0,0,0,0,0,0,0,0,0,0,0,0,0,0,
hello,6_30,11_17_37,4.4143,0,0,0,4.414279,0.0000,0.0000,0.0000,0.0000,0.0000,0.0000,0,0,,,,,,,,0,0,0,0,0,0,0,0,0,0,0,0,0,0,0,0,0,0,0,0,0,0,0,0,0,0,0,0,0,0,0,0,0,0,0,0,0,0,0,0,0,0,0,0,0,0,0,0,0,0,0,
hello,6_30,11_17_37,4.4177,0,0,0,4.417661,0.0000,0.0000,0.0000,0.0000,0.0000,0.0000,0,0,,,,,,,,0,0,0,0,0,0,0,0,0,0,0,0,0,0,0,0,0,0,0,0,0,0,0,0,0,0,0,0,0,0,0,0,0,0,0,0,0,0,0,0,0,0,0,0,0,0,0,0,0,0,0,
hello,6_30,11_17_37,4.4210,0,0,0,4.420955,0.0000,0.0000,0.0000,0.0000,0.0000,0.0000,0,0,,,,,,,,0,0,0,0,0,0,0,0,0,0,0,0,0,0,0,0,0,0,0,0,0,0,0,0,0,0,0,0,0,0,0,0,0,0,0,0,0,0,0,0,0,0,0,0,0,0,0,0,0,0,0,
hello,6_30,11_17_37,4.4247,0,0,0,4.42472,0.0000,0.0000,0.0000,0.0000,0.0000,0.0000,0,0,,,,,,,,0,0,0,0,0,0,0,0,0,0,0,0,0,0,0,0,0,0,0,0,0,0,0,0,0,0,0,0,0,0,0,0,0,0,0,0,0,0,0,0,0,0,0,0,0,0,0,0,0,0,0,
hello,6_30,11_17_37,4.4281,0,0,0,4.42814,0.0000,0.0000,0.0000,0.0000,0.0000,0.0000,0,0,,,,,,,,0,0,0,0,0,0,0,0,0,0,0,0,0,0,0,0,0,0,0,0,0,0,0,0,0,0,0,0,0,0,0,0,0,0,0,0,0,0,0,0,0,0,0,0,0,0,0,0,0,0,0,
hello,6_30,11_17_37,4.4315,0,0,0,4.43151,0.0000,0.0000,0.0000,0.0000,0.0000,0.0000,0,0,,,,,,,,0,0,0,0,0,0,0,0,0,0,0,0,0,0,0,0,0,0,0,0,0,0,0,0,0,0,0,0,0,0,0,0,0,0,0,0,0,0,0,0,0,0,0,0,0,0,0,0,0,0,0,
hello,6_30,11_17_37,4.4349,0,0,0,4.434936,0.0000,0.0000,0.0000,0.0000,0.0000,0.0000,0,0,,,,,,,,0,0,0,0,0,0,0,0,0,0,0,0,0,0,0,0,0,0,0,0,0,0,0,0,0,0,0,0,0,0,0,0,0,0,0,0,0,0,0,0,0,0,0,0,0,0,0,0,0,0,0,
hello,6_30,11_17_37,4.4385,0,0,0,4.43847,0.0000,0.0000,0.0000,0.0000,0.0000,0.0000,0,0,,,,,,,,0,0,0,0,0,0,0,0,0,0,0,0,0,0,0,0,0,0,0,0,0,0,0,0,0,0,0,0,0,0,0,0,0,0,0,0,0,0,0,0,0,0,0,0,0,0,0,0,0,0,0,
hello,6_30,11_17_37,4.4418,0,0,0,4.441794,0.0000,0.0000,0.0000,0.0000,0.0000,0.0000,0,0,,,,,,,,0,0,0,0,0,0,0,0,0,0,0,0,0,0,0,0,0,0,0,0,0,0,0,0,0,0,0,0,0,0,0,0,0,0,0,0,0,0,0,0,0,0,0,0,0,0,0,0,0,0,0,
hello,6_30,11_17_37,4.4453,0,0,0,4.445292,0.0000,0.0000,0.0000,0.0000,0.0000,0.0000,0,0,,,,,,,,0,0,0,0,0,0,0,0,0,0,0,0,0,0,0,0,0,0,0,0,0,0,0,0,0,0,0,0,0,0,0,0,0,0,0,0,0,0,0,0,0,0,0,0,0,0,0,0,0,0,0,
hello,6_30,11_17_37,4.4487,0,0,0,4.448749,0.0000,0.0000,0.0000,0.0000,0.0000,0.0000,0,0,,,,,,,,0,0,0,0,0,0,0,0,0,0,0,0,0,0,0,0,0,0,0,0,0,0,0,0,0,0,0,0,0,0,0,0,0,0,0,0,0,0,0,0,0,0,0,0,0,0,0,0,0,0,0,
hello,6_30,11_17_37,4.4524,0,0,0,4.452356,0.0000,0.0000,0.0000,0.0000,0.0000,0.0000,0,0,,,,,,,,0,0,0,0,0,0,0,0,0,0,0,0,0,0,0,0,0,0,0,0,0,0,0,0,0,0,0,0,0,0,0,0,0,0,0,0,0,0,0,0,0,0,0,0,0,0,0,0,0,0,0,
hello,6_30,11_17_37,4.4560,0,0,0,4.455958,0.0000,0.0000,0.0000,0.0000,0.0000,0.0000,0,0,,,,,,,,0,0,0,0,0,0,0,0,0,0,0,0,0,0,0,0,0,0,0,0,0,0,0,0,0,0,0,0,0,0,0,0,0,0,0,0,0,0,0,0,0,0,0,0,0,0,0,0,0,0,0,
hello,6_30,11_17_37,4.4597,0,0,0,4.459665,0.0000,0.0000,0.0000,0.0000,0.0000,0.0000,0,0,,,,,,,,0,0,0,0,0,0,0,0,0,0,0,0,0,0,0,0,0,0,0,0,0,0,0,0,0,0,0,0,0,0,0,0,0,0,0,0,0,0,0,0,0,0,0,0,0,0,0,0,0,0,0,
hello,6_30,11_17_37,4.4640,0,0,0,4.46403,0.0000,0.0000,0.0000,0.0000,0.0000,0.0000,0,0,,,,,,,,0,0,0,0,0,0,0,0,0,0,0,0,0,0,0,0,0,0,0,0,0,0,0,0,0,0,0,0,0,0,0,0,0,0,0,0,0,0,0,0,0,0,0,0,0,0,0,0,0,0,0,
hello,6_30,11_17_37,4.4677,0,0,0,4.467667,0.0000,0.0000,0.0000,0.0000,0.0000,0.0000,0,0,,,,,,,,0,0,0,0,0,0,0,0,0,0,0,0,0,0,0,0,0,0,0,0,0,0,0,0,0,0,0,0,0,0,0,0,0,0,0,0,0,0,0,0,0,0,0,0,0,0,0,0,0,0,0,
hello,6_30,11_17_37,4.4710,0,0,0,4.470982,0.0000,0.0000,0.0000,0.0000,0.0000,0.0000,0,0,,,,,,,,0,0,0,0,0,0,0,0,0,0,0,0,0,0,0,0,0,0,0,0,0,0,0,0,0,0,0,0,0,0,0,0,0,0,0,0,0,0,0,0,0,0,0,0,0,0,0,0,0,0,0,
hello,6_30,11_17_37,4.4743,0,0,0,4.474349,0.0000,0.0000,0.0000,0.0000,0.0000,0.0000,0,0,,,,,,,,0,0,0,0,0,0,0,0,0,0,0,0,0,0,0,0,0,0,0,0,0,0,0,0,0,0,0,0,0,0,0,0,0,0,0,0,0,0,0,0,0,0,0,0,0,0,0,0,0,0,0,
hello,6_30,11_17_37,4.4776,0,0,0,4.477607,0.0000,0.0000,0.0000,0.0000,0.0000,0.0000,0,0,,,,,,,,0,0,0,0,0,0,0,0,0,0,0,0,0,0,0,0,0,0,0,0,0,0,0,0,0,0,0,0,0,0,0,0,0,0,0,0,0,0,0,0,0,0,0,0,0,0,0,0,0,0,0,
hello,6_30,11_17_37,4.4810,0,0,0,4.481004,0.0000,0.0000,0.0000,0.0000,0.0000,0.0000,0,0,,,,,,,,0,0,0,0,0,0,0,0,0,0,0,0,0,0,0,0,0,0,0,0,0,0,0,0,0,0,0,0,0,0,0,0,0,0,0,0,0,0,0,0,0,0,0,0,0,0,0,0,0,0,0,
hello,6_30,11_17_37,4.4849,0,0,0,4.484854,0.0000,0.0000,0.0000,0.0000,0.0000,0.0000,0,0,,,,,,,,0,0,0,0,0,0,0,0,0,0,0,0,0,0,0,0,0,0,0,0,0,0,0,0,0,0,0,0,0,0,0,0,0,0,0,0,0,0,0,0,0,0,0,0,0,0,0,0,0,0,0,
hello,6_30,11_17_37,4.4883,0,0,0,4.488283,0.0000,0.0000,0.0000,0.0000,0.0000,0.0000,0,0,,,,,,,,0,0,0,0,0,0,0,0,0,0,0,0,0,0,0,0,0,0,0,0,0,0,0,0,0,0,0,0,0,0,0,0,0,0,0,0,0,0,0,0,0,0,0,0,0,0,0,0,0,0,0,
hello,6_30,11_17_37,4.4917,0,0,0,4.491711,0.0000,0.0000,0.0000,0.0000,0.0000,0.0000,0,0,,,,,,,,0,0,0,0,0,0,0,0,0,0,0,0,0,0,0,0,0,0,0,0,0,0,0,0,0,0,0,0,0,0,0,0,0,0,0,0,0,0,0,0,0,0,0,0,0,0,0,0,0,0,0,
hello,6_30,11_17_37,4.4951,0,0,0,4.495121,0.0000,0.0000,0.0000,0.0000,0.0000,0.0000,0,0,,,,,,,,0,0,0,0,0,0,0,0,0,0,0,0,0,0,0,0,0,0,0,0,0,0,0,0,0,0,0,0,0,0,0,0,0,0,0,0,0,0,0,0,0,0,0,0,0,0,0,0,0,0,0,
hello,6_30,11_17_37,4.5016,0,0,0,4.501556,0.0000,0.0000,0.0000,0.0000,0.0000,0.0000,0,0,,,,,,,,0,0,0,0,0,0,0,0,0,0,0,0,0,0,0,0,0,0,0,0,0,0,0,0,0,0,0,0,0,0,0,0,0,0,0,0,0,0,0,0,0,0,0,0,0,0,0,0,0,0,0,
hello,6_30,11_17_37,4.5095,0,0,0,4.509534,0.0000,0.0000,0.0000,0.0000,0.0000,0.0000,0,0,,,,,,,,0,0,0,0,0,0,0,0,0,0,0,0,0,0,0,0,0,0,0,0,0,0,0,0,0,0,0,0,0,0,0,0,0,0,0,0,0,0,0,0,0,0,0,0,0,0,0,0,0,0,0,
hello,6_30,11_17_37,4.5143,0,0,0,4.514272,0.0000,0.0000,0.0000,0.0000,0.0000,0.0000,0,0,,,,,,,,0,0,0,0,0,0,0,0,0,0,0,0,0,0,0,0,0,0,0,0,0,0,0,0,0,0,0,0,0,0,0,0,0,0,0,0,0,0,0,0,0,0,0,0,0,0,0,0,0,0,0,
hello,6_30,11_17_37,4.5178,0,0,0,4.517772,0.0000,0.0000,0.0000,0.0000,0.0000,0.0000,0,0,,,,,,,,0,0,0,0,0,0,0,0,0,0,0,0,0,0,0,0,0,0,0,0,0,0,0,0,0,0,0,0,0,0,0,0,0,0,0,0,0,0,0,0,0,0,0,0,0,0,0,0,0,0,0,
hello,6_30,11_17_37,4.5212,0,0,0,4.521186,0.0000,0.0000,0.0000,0.0000,0.0000,0.0000,0,0,,,,,,,,0,0,0,0,0,0,0,0,0,0,0,0,0,0,0,0,0,0,0,0,0,0,0,0,0,0,0,0,0,0,0,0,0,0,0,0,0,0,0,0,0,0,0,0,0,0,0,0,0,0,0,
hello,6_30,11_17_37,4.5249,0,0,0,4.52492,0.0000,0.0000,0.0000,0.0000,0.0000,0.0000,0,0,,,,,,,,0,0,0,0,0,0,0,0,0,0,0,0,0,0,0,0,0,0,0,0,0,0,0,0,0,0,0,0,0,0,0,0,0,0,0,0,0,0,0,0,0,0,0,0,0,0,0,0,0,0,0,
hello,6_30,11_17_37,4.5289,0,0,0,4.528854,0.0000,0.0000,0.0000,0.0000,0.0000,0.0000,0,0,,,,,,,,0,0,0,0,0,0,0,0,0,0,0,0,0,0,0,0,0,0,0,0,0,0,0,0,0,0,0,0,0,0,0,0,0,0,0,0,0,0,0,0,0,0,0,0,0,0,0,0,0,0,0,
hello,6_30,11_17_37,4.5323,0,0,0,4.532282,0.0000,0.0000,0.0000,0.0000,0.0000,0.0000,0,0,,,,,,,,0,0,0,0,0,0,0,0,0,0,0,0,0,0,0,0,0,0,0,0,0,0,0,0,0,0,0,0,0,0,0,0,0,0,0,0,0,0,0,0,0,0,0,0,0,0,0,0,0,0,0,
hello,6_30,11_17_37,4.5356,0,0,0,4.535584,0.0000,0.0000,0.0000,0.0000,0.0000,0.0000,0,0,,,,,,,,0,0,0,0,0,0,0,0,0,0,0,0,0,0,0,0,0,0,0,0,0,0,0,0,0,0,0,0,0,0,0,0,0,0,0,0,0,0,0,0,0,0,0,0,0,0,0,0,0,0,0,
hello,6_30,11_17_37,4.5389,0,0,0,4.53888,0.0000,0.0000,0.0000,0.0000,0.0000,0.0000,0,0,,,,,,,,0,0,0,0,0,0,0,0,0,0,0,0,0,0,0,0,0,0,0,0,0,0,0,0,0,0,0,0,0,0,0,0,0,0,0,0,0,0,0,0,0,0,0,0,0,0,0,0,0,0,0,
hello,6_30,11_17_37,4.5421,0,0,0,4.54213,0.0000,0.0000,0.0000,0.0000,0.0000,0.0000,0,0,,,,,,,,0,0,0,0,0,0,0,0,0,0,0,0,0,0,0,0,0,0,0,0,0,0,0,0,0,0,0,0,0,0,0,0,0,0,0,0,0,0,0,0,0,0,0,0,0,0,0,0,0,0,0,
hello,6_30,11_17_37,4.5460,0,0,0,4.545978,0.0000,0.0000,0.0000,0.0000,0.0000,0.0000,0,0,,,,,,,,0,0,0,0,0,0,0,0,0,0,0,0,0,0,0,0,0,0,0,0,0,0,0,0,0,0,0,0,0,0,0,0,0,0,0,0,0,0,0,0,0,0,0,0,0,0,0,0,0,0,0,
hello,6_30,11_17_37,4.5495,0,0,0,4.549483,0.0000,0.0000,0.0000,0.0000,0.0000,0.0000,0,0,,,,,,,,0,0,0,0,0,0,0,0,0,0,0,0,0,0,0,0,0,0,0,0,0,0,0,0,0,0,0,0,0,0,0,0,0,0,0,0,0,0,0,0,0,0,0,0,0,0,0,0,0,0,0,
hello,6_30,11_17_37,4.5615,0,0,0,4.561501,0.0000,0.0000,0.0000,0.0000,0.0000,0.0000,0,0,,,,,,,,0,0,0,0,0,0,0,0,0,0,0,0,0,0,0,0,0,0,0,0,0,0,0,0,0,0,0,0,0,0,0,0,0,0,0,0,0,0,0,0,0,0,0,0,0,0,0,0,0,0,0,
hello,6_30,11_17_37,4.5652,0,0,0,4.565183,0.0000,0.0000,0.0000,0.0000,0.0000,0.0000,0,0,,,,,,,,0,0,0,0,0,0,0,0,0,0,0,0,0,0,0,0,0,0,0,0,0,0,0,0,0,0,0,0,0,0,0,0,0,0,0,0,0,0,0,0,0,0,0,0,0,0,0,0,0,0,0,
hello,6_30,11_17_37,4.5686,0,0,0,4.56864,0.0000,0.0000,0.0000,0.0000,0.0000,0.0000,0,0,,,,,,,,0,0,0,0,0,0,0,0,0,0,0,0,0,0,0,0,0,0,0,0,0,0,0,0,0,0,0,0,0,0,0,0,0,0,0,0,0,0,0,0,0,0,0,0,0,0,0,0,0,0,0,
hello,6_30,11_17_37,4.5722,0,0,0,4.572178,0.0000,0.0000,0.0000,0.0000,0.0000,0.0000,0,0,,,,,,,,0,0,0,0,0,0,0,0,0,0,0,0,0,0,0,0,0,0,0,0,0,0,0,0,0,0,0,0,0,0,0,0,0,0,0,0,0,0,0,0,0,0,0,0,0,0,0,0,0,0,0,
hello,6_30,11_17_37,4.5758,0,0,0,4.575783,0.0000,0.0000,0.0000,0.0000,0.0000,0.0000,0,0,,,,,,,,0,0,0,0,0,0,0,0,0,0,0,0,0,0,0,0,0,0,0,0,0,0,0,0,0,0,0,0,0,0,0,0,0,0,0,0,0,0,0,0,0,0,0,0,0,0,0,0,0,0,0,
hello,6_30,11_17_37,4.5798,0,0,0,4.579759,0.0000,0.0000,0.0000,0.0000,0.0000,0.0000,0,0,,,,,,,,0,0,0,0,0,0,0,0,0,0,0,0,0,0,0,0,0,0,0,0,0,0,0,0,0,0,0,0,0,0,0,0,0,0,0,0,0,0,0,0,0,0,0,0,0,0,0,0,0,0,0,
hello,6_30,11_17_37,4.5833,0,0,0,4.583296,0.0000,0.0000,0.0000,0.0000,0.0000,0.0000,0,0,,,,,,,,0,0,0,0,0,0,0,0,0,0,0,0,0,0,0,0,0,0,0,0,0,0,0,0,0,0,0,0,0,0,0,0,0,0,0,0,0,0,0,0,0,0,0,0,0,0,0,0,0,0,0,
hello,6_30,11_17_37,4.5868,0,0,0,4.586783,0.0000,0.0000,0.0000,0.0000,0.0000,0.0000,0,0,,,,,,,,0,0,0,0,0,0,0,0,0,0,0,0,0,0,0,0,0,0,0,0,0,0,0,0,0,0,0,0,0,0,0,0,0,0,0,0,0,0,0,0,0,0,0,0,0,0,0,0,0,0,0,
hello,6_30,11_17_37,4.5901,0,0,0,4.590086,0.0000,0.0000,0.0000,0.0000,0.0000,0.0000,0,0,,,,,,,,0,0,0,0,0,0,0,0,0,0,0,0,0,0,0,0,0,0,0,0,0,0,0,0,0,0,0,0,0,0,0,0,0,0,0,0,0,0,0,0,0,0,0,0,0,0,0,0,0,0,0,
hello,6_30,11_17_37,4.5935,0,0,0,4.593529,0.0000,0.0000,0.0000,0.0000,0.0000,0.0000,0,0,,,,,,,,0,0,0,0,0,0,0,0,0,0,0,0,0,0,0,0,0,0,0,0,0,0,0,0,0,0,0,0,0,0,0,0,0,0,0,0,0,0,0,0,0,0,0,0,0,0,0,0,0,0,0,
hello,6_30,11_17_37,4.5969,0,0,0,4.596916,0.0000,0.0000,0.0000,0.0000,0.0000,0.0000,0,0,,,,,,,,0,0,0,0,0,0,0,0,0,0,0,0,0,0,0,0,0,0,0,0,0,0,0,0,0,0,0,0,0,0,0,0,0,0,0,0,0,0,0,0,0,0,0,0,0,0,0,0,0,0,0,
hello,6_30,11_17_37,4.6003,0,0,0,4.600342,0.0000,0.0000,0.0000,0.0000,0.0000,0.0000,0,0,,,,,,,,0,0,0,0,0,0,0,0,0,0,0,0,0,0,0,0,0,0,0,0,0,0,0,0,0,0,0,0,0,0,0,0,0,0,0,0,0,0,0,0,0,0,0,0,0,0,0,0,0,0,0,
hello,6_30,11_17_37,4.6040,0,0,0,4.603971,0.0000,0.0000,0.0000,0.0000,0.0000,0.0000,0,0,,,,,,,,0,0,0,0,0,0,0,0,0,0,0,0,0,0,0,0,0,0,0,0,0,0,0,0,0,0,0,0,0,0,0,0,0,0,0,0,0,0,0,0,0,0,0,0,0,0,0,0,0,0,0,
hello,6_30,11_17_37,4.6073,0,0,0,4.607299,0.0000,0.0000,0.0000,0.0000,0.0000,0.0000,0,0,,,,,,,,0,0,0,0,0,0,0,0,0,0,0,0,0,0,0,0,0,0,0,0,0,0,0,0,0,0,0,0,0,0,0,0,0,0,0,0,0,0,0,0,0,0,0,0,0,0,0,0,0,0,0,
hello,6_30,11_17_37,4.6109,0,0,0,4.610912,0.0000,0.0000,0.0000,0.0000,0.0000,0.0000,0,0,,,,,,,,0,0,0,0,0,0,0,0,0,0,0,0,0,0,0,0,0,0,0,0,0,0,0,0,0,0,0,0,0,0,0,0,0,0,0,0,0,0,0,0,0,0,0,0,0,0,0,0,0,0,0,
hello,6_30,11_17_37,4.6147,0,0,0,4.614688,0.0000,0.0000,0.0000,0.0000,0.0000,0.0000,0,0,,,,,,,,0,0,0,0,0,0,0,0,0,0,0,0,0,0,0,0,0,0,0,0,0,0,0,0,0,0,0,0,0,0,0,0,0,0,0,0,0,0,0,0,0,0,0,0,0,0,0,0,0,0,0,
hello,6_30,11_17_37,4.6183,0,0,0,4.618257,0.0000,0.0000,0.0000,0.0000,0.0000,0.0000,0,0,,,,,,,,0,0,0,0,0,0,0,0,0,0,0,0,0,0,0,0,0,0,0,0,0,0,0,0,0,0,0,0,0,0,0,0,0,0,0,0,0,0,0,0,0,0,0,0,0,0,0,0,0,0,0,
hello,6_30,11_17_37,4.6219,0,0,0,4.621927,0.0000,0.0000,0.0000,0.0000,0.0000,0.0000,0,0,,,,,,,,0,0,0,0,0,0,0,0,0,0,0,0,0,0,0,0,0,0,0,0,0,0,0,0,0,0,0,0,0,0,0,0,0,0,0,0,0,0,0,0,0,0,0,0,0,0,0,0,0,0,0,
hello,6_30,11_17_37,4.6257,0,0,0,4.625708,0.0000,0.0000,0.0000,0.0000,0.0000,0.0000,0,0,,,,,,,,0,0,0,0,0,0,0,0,0,0,0,0,0,0,0,0,0,0,0,0,0,0,0,0,0,0,0,0,0,0,0,0,0,0,0,0,0,0,0,0,0,0,0,0,0,0,0,0,0,0,0,
hello,6_30,11_17_37,4.6292,0,0,0,4.629222,0.0000,0.0000,0.0000,0.0000,0.0000,0.0000,0,0,,,,,,,,0,0,0,0,0,0,0,0,0,0,0,0,0,0,0,0,0,0,0,0,0,0,0,0,0,0,0,0,0,0,0,0,0,0,0,0,0,0,0,0,0,0,0,0,0,0,0,0,0,0,0,
hello,6_30,11_17_37,4.6328,0,0,0,4.632806,0.0000,0.0000,0.0000,0.0000,0.0000,0.0000,0,0,,,,,,,,0,0,0,0,0,0,0,0,0,0,0,0,0,0,0,0,0,0,0,0,0,0,0,0,0,0,0,0,0,0,0,0,0,0,0,0,0,0,0,0,0,0,0,0,0,0,0,0,0,0,0,
hello,6_30,11_17_37,4.6363,0,0,0,4.636308,0.0000,0.0000,0.0000,0.0000,0.0000,0.0000,0,0,,,,,,,,0,0,0,0,0,0,0,0,0,0,0,0,0,0,0,0,0,0,0,0,0,0,0,0,0,0,0,0,0,0,0,0,0,0,0,0,0,0,0,0,0,0,0,0,0,0,0,0,0,0,0,
hello,6_30,11_17_37,4.6398,0,0,0,4.639823,0.0000,0.0000,0.0000,0.0000,0.0000,0.0000,0,0,,,,,,,,0,0,0,0,0,0,0,0,0,0,0,0,0,0,0,0,0,0,0,0,0,0,0,0,0,0,0,0,0,0,0,0,0,0,0,0,0,0,0,0,0,0,0,0,0,0,0,0,0,0,0,
hello,6_30,11_17_37,4.6432,0,0,0,4.643229,0.0000,0.0000,0.0000,0.0000,0.0000,0.0000,0,0,,,,,,,,0,0,0,0,0,0,0,0,0,0,0,0,0,0,0,0,0,0,0,0,0,0,0,0,0,0,0,0,0,0,0,0,0,0,0,0,0,0,0,0,0,0,0,0,0,0,0,0,0,0,0,
hello,6_30,11_17_37,4.6469,0,0,0,4.646859,0.0000,0.0000,0.0000,0.0000,0.0000,0.0000,0,0,,,,,,,,0,0,0,0,0,0,0,0,0,0,0,0,0,0,0,0,0,0,0,0,0,0,0,0,0,0,0,0,0,0,0,0,0,0,0,0,0,0,0,0,0,0,0,0,0,0,0,0,0,0,0,
hello,6_30,11_17_37,4.6505,0,0,0,4.650515,0.0000,0.0000,0.0000,0.0000,0.0000,0.0000,0,0,,,,,,,,0,0,0,0,0,0,0,0,0,0,0,0,0,0,0,0,0,0,0,0,0,0,0,0,0,0,0,0,0,0,0,0,0,0,0,0,0,0,0,0,0,0,0,0,0,0,0,0,0,0,0,
hello,6_30,11_17_37,4.6541,0,0,0,4.654146,0.0000,0.0000,0.0000,0.0000,0.0000,0.0000,0,0,,,,,,,,0,0,0,0,0,0,0,0,0,0,0,0,0,0,0,0,0,0,0,0,0,0,0,0,0,0,0,0,0,0,0,0,0,0,0,0,0,0,0,0,0,0,0,0,0,0,0,0,0,0,0,
hello,6_30,11_17_37,4.6577,0,0,0,4.657712,0.0000,0.0000,0.0000,0.0000,0.0000,0.0000,0,0,,,,,,,,0,0,0,0,0,0,0,0,0,0,0,0,0,0,0,0,0,0,0,0,0,0,0,0,0,0,0,0,0,0,0,0,0,0,0,0,0,0,0,0,0,0,0,0,0,0,0,0,0,0,0,
hello,6_30,11_17_37,4.6612,0,0,0,4.66117,0.0000,0.0000,0.0000,0.0000,0.0000,0.0000,0,0,,,,,,,,0,0,0,0,0,0,0,0,0,0,0,0,0,0,0,0,0,0,0,0,0,0,0,0,0,0,0,0,0,0,0,0,0,0,0,0,0,0,0,0,0,0,0,0,0,0,0,0,0,0,0,
hello,6_30,11_17_37,4.6652,0,0,0,4.665201,0.0000,0.0000,0.0000,0.0000,0.0000,0.0000,0,0,,,,,,,,0,0,0,0,0,0,0,0,0,0,0,0,0,0,0,0,0,0,0,0,0,0,0,0,0,0,0,0,0,0,0,0,0,0,0,0,0,0,0,0,0,0,0,0,0,0,0,0,0,0,0,
hello,6_30,11_17_37,4.6688,0,0,0,4.668791,0.0000,0.0000,0.0000,0.0000,0.0000,0.0000,0,0,,,,,,,,0,0,0,0,0,0,0,0,0,0,0,0,0,0,0,0,0,0,0,0,0,0,0,0,0,0,0,0,0,0,0,0,0,0,0,0,0,0,0,0,0,0,0,0,0,0,0,0,0,0,0,
hello,6_30,11_17_37,4.6725,0,0,0,4.672462,0.0000,0.0000,0.0000,0.0000,0.0000,0.0000,0,0,,,,,,,,0,0,0,0,0,0,0,0,0,0,0,0,0,0,0,0,0,0,0,0,0,0,0,0,0,0,0,0,0,0,0,0,0,0,0,0,0,0,0,0,0,0,0,0,0,0,0,0,0,0,0,
hello,6_30,11_17_37,4.6760,0,0,0,4.676018,0.0000,0.0000,0.0000,0.0000,0.0000,0.0000,0,0,,,,,,,,0,0,0,0,0,0,0,0,0,0,0,0,0,0,0,0,0,0,0,0,0,0,0,0,0,0,0,0,0,0,0,0,0,0,0,0,0,0,0,0,0,0,0,0,0,0,0,0,0,0,0,
hello,6_30,11_17_37,4.6826,0,0,0,4.682555,0.0000,0.0000,0.0000,0.0000,0.0000,0.0000,0,0,,,,,,,,0,0,0,0,0,0,0,0,0,0,0,0,0,0,0,0,0,0,0,0,0,0,0,0,0,0,0,0,0,0,0,0,0,0,0,0,0,0,0,0,0,0,0,0,0,0,0,0,0,0,0,
hello,6_30,11_17_37,4.6863,0,0,0,4.686253,0.0000,0.0000,0.0000,0.0000,0.0000,0.0000,0,0,,,,,,,,0,0,0,0,0,0,0,0,0,0,0,0,0,0,0,0,0,0,0,0,0,0,0,0,0,0,0,0,0,0,0,0,0,0,0,0,0,0,0,0,0,0,0,0,0,0,0,0,0,0,0,
hello,6_30,11_17_37,4.6897,0,0,0,4.689695,0.0000,0.0000,0.0000,0.0000,0.0000,0.0000,0,0,,,,,,,,0,0,0,0,0,0,0,0,0,0,0,0,0,0,0,0,0,0,0,0,0,0,0,0,0,0,0,0,0,0,0,0,0,0,0,0,0,0,0,0,0,0,0,0,0,0,0,0,0,0,0,
hello,6_30,11_17_37,4.6931,0,0,0,4.693111,0.0000,0.0000,0.0000,0.0000,0.0000,0.0000,0,0,,,,,,,,0,0,0,0,0,0,0,0,0,0,0,0,0,0,0,0,0,0,0,0,0,0,0,0,0,0,0,0,0,0,0,0,0,0,0,0,0,0,0,0,0,0,0,0,0,0,0,0,0,0,0,
hello,6_30,11_17_37,4.6971,0,0,0,4.697125,0.0000,0.0000,0.0000,0.0000,0.0000,0.0000,0,0,,,,,,,,0,0,0,0,0,0,0,0,0,0,0,0,0,0,0,0,0,0,0,0,0,0,0,0,0,0,0,0,0,0,0,0,0,0,0,0,0,0,0,0,0,0,0,0,0,0,0,0,0,0,0,
hello,6_30,11_17_37,4.7007,0,0,0,4.70071,0.0000,0.0000,0.0000,0.0000,0.0000,0.0000,0,0,,,,,,,,0,0,0,0,0,0,0,0,0,0,0,0,0,0,0,0,0,0,0,0,0,0,0,0,0,0,0,0,0,0,0,0,0,0,0,0,0,0,0,0,0,0,0,0,0,0,0,0,0,0,0,
hello,6_30,11_17_37,4.7043,0,0,0,4.704346,0.0000,0.0000,0.0000,0.0000,0.0000,0.0000,0,0,,,,,,,,0,0,0,0,0,0,0,0,0,0,0,0,0,0,0,0,0,0,0,0,0,0,0,0,0,0,0,0,0,0,0,0,0,0,0,0,0,0,0,0,0,0,0,0,0,0,0,0,0,0,0,
hello,6_30,11_17_37,4.7077,0,0,0,4.707711,0.0000,0.0000,0.0000,0.0000,0.0000,0.0000,0,0,,,,,,,,0,0,0,0,0,0,0,0,0,0,0,0,0,0,0,0,0,0,0,0,0,0,0,0,0,0,0,0,0,0,0,0,0,0,0,0,0,0,0,0,0,0,0,0,0,0,0,0,0,0,0,
hello,6_30,11_17_37,4.7110,0,0,0,4.710988,0.0000,0.0000,0.0000,0.0000,0.0000,0.0000,0,0,,,,,,,,0,0,0,0,0,0,0,0,0,0,0,0,0,0,0,0,0,0,0,0,0,0,0,0,0,0,0,0,0,0,0,0,0,0,0,0,0,0,0,0,0,0,0,0,0,0,0,0,0,0,0,
hello,6_30,11_17_37,4.7142,0,0,0,4.714224,0.0000,0.0000,0.0000,0.0000,0.0000,0.0000,0,0,,,,,,,,0,0,0,0,0,0,0,0,0,0,0,0,0,0,0,0,0,0,0,0,0,0,0,0,0,0,0,0,0,0,0,0,0,0,0,0,0,0,0,0,0,0,0,0,0,0,0,0,0,0,0,
hello,6_30,11_17_37,4.7177,0,0,0,4.717747,0.0000,0.0000,0.0000,0.0000,0.0000,0.0000,0,0,,,,,,,,0,0,0,0,0,0,0,0,0,0,0,0,0,0,0,0,0,0,0,0,0,0,0,0,0,0,0,0,0,0,0,0,0,0,0,0,0,0,0,0,0,0,0,0,0,0,0,0,0,0,0,
hello,6_30,11_17_37,4.7213,0,0,0,4.721303,0.0000,0.0000,0.0000,0.0000,0.0000,0.0000,0,0,,,,,,,,0,0,0,0,0,0,0,0,0,0,0,0,0,0,0,0,0,0,0,0,0,0,0,0,0,0,0,0,0,0,0,0,0,0,0,0,0,0,0,0,0,0,0,0,0,0,0,0,0,0,0,
hello,6_30,11_17_37,4.7249,0,0,0,4.724912,0.0000,0.0000,0.0000,0.0000,0.0000,0.0000,0,0,,,,,,,,0,0,0,0,0,0,0,0,0,0,0,0,0,0,0,0,0,0,0,0,0,0,0,0,0,0,0,0,0,0,0,0,0,0,0,0,0,0,0,0,0,0,0,0,0,0,0,0,0,0,0,
hello,6_30,11_17_37,4.7286,0,0,0,4.72863,0.0000,0.0000,0.0000,0.0000,0.0000,0.0000,0,0,,,,,,,,0,0,0,0,0,0,0,0,0,0,0,0,0,0,0,0,0,0,0,0,0,0,0,0,0,0,0,0,0,0,0,0,0,0,0,0,0,0,0,0,0,0,0,0,0,0,0,0,0,0,0,
hello,6_30,11_17_37,4.7327,0,0,0,4.732658,0.0000,0.0000,0.0000,0.0000,0.0000,0.0000,0,0,,,,,,,,0,0,0,0,0,0,0,0,0,0,0,0,0,0,0,0,0,0,0,0,0,0,0,0,0,0,0,0,0,0,0,0,0,0,0,0,0,0,0,0,0,0,0,0,0,0,0,0,0,0,0,
hello,6_30,11_17_37,4.7362,0,0,0,4.736195,0.0000,0.0000,0.0000,0.0000,0.0000,0.0000,0,0,,,,,,,,0,0,0,0,0,0,0,0,0,0,0,0,0,0,0,0,0,0,0,0,0,0,0,0,0,0,0,0,0,0,0,0,0,0,0,0,0,0,0,0,0,0,0,0,0,0,0,0,0,0,0,
hello,6_30,11_17_37,4.7396,0,0,0,4.739604,0.0000,0.0000,0.0000,0.0000,0.0000,0.0000,0,0,,,,,,,,0,0,0,0,0,0,0,0,0,0,0,0,0,0,0,0,0,0,0,0,0,0,0,0,0,0,0,0,0,0,0,0,0,0,0,0,0,0,0,0,0,0,0,0,0,0,0,0,0,0,0,
hello,6_30,11_17_37,4.7429,0,0,0,4.742943,0.0000,0.0000,0.0000,0.0000,0.0000,0.0000,0,0,,,,,,,,0,0,0,0,0,0,0,0,0,0,0,0,0,0,0,0,0,0,0,0,0,0,0,0,0,0,0,0,0,0,0,0,0,0,0,0,0,0,0,0,0,0,0,0,0,0,0,0,0,0,0,
hello,6_30,11_17_37,4.7466,0,0,0,4.746645,0.0000,0.0000,0.0000,0.0000,0.0000,0.0000,0,0,,,,,,,,0,0,0,0,0,0,0,0,0,0,0,0,0,0,0,0,0,0,0,0,0,0,0,0,0,0,0,0,0,0,0,0,0,0,0,0,0,0,0,0,0,0,0,0,0,0,0,0,0,0,0,
hello,6_30,11_17_37,4.7500,0,0,0,4.750012,0.0000,0.0000,0.0000,0.0000,0.0000,0.0000,0,0,,,,,,,,0,0,0,0,0,0,0,0,0,0,0,0,0,0,0,0,0,0,0,0,0,0,0,0,0,0,0,0,0,0,0,0,0,0,0,0,0,0,0,0,0,0,0,0,0,0,0,0,0,0,0,
hello,6_30,11_17_38,4.7605,0,0,0,4.760499,0.0000,0.0000,0.0000,0.0000,0.0000,0.0000,0,0,,,,,,,,0,0,0,0,0,0,0,0,0,0,0,0,0,0,0,0,0,0,0,0,0,0,0,0,0,0,0,0,0,0,0,0,0,0,0,0,0,0,0,0,0,0,0,0,0,0,0,0,0,0,0,
hello,6_30,11_17_38,4.7645,0,0,0,4.764495,0.0000,0.0000,0.0000,0.0000,0.0000,0.0000,0,0,,,,,,,,0,0,0,0,0,0,0,0,0,0,0,0,0,0,0,0,0,0,0,0,0,0,0,0,0,0,0,0,0,0,0,0,0,0,0,0,0,0,0,0,0,0,0,0,0,0,0,0,0,0,0,
hello,6_30,11_17_38,4.7679,0,0,0,4.767885,0.0000,0.0000,0.0000,0.0000,0.0000,0.0000,0,0,,,,,,,,0,0,0,0,0,0,0,0,0,0,0,0,0,0,0,0,0,0,0,0,0,0,0,0,0,0,0,0,0,0,0,0,0,0,0,0,0,0,0,0,0,0,0,0,0,0,0,0,0,0,0,
hello,6_30,11_17_38,4.7712,0,0,0,4.771248,0.0000,0.0000,0.0000,0.0000,0.0000,0.0000,0,0,,,,,,,,0,0,0,0,0,0,0,0,0,0,0,0,0,0,0,0,0,0,0,0,0,0,0,0,0,0,0,0,0,0,0,0,0,0,0,0,0,0,0,0,0,0,0,0,0,0,0,0,0,0,0,
hello,6_30,11_17_38,4.7746,0,0,0,4.774647,0.0000,0.0000,0.0000,0.0000,0.0000,0.0000,0,0,,,,,,,,0,0,0,0,0,0,0,0,0,0,0,0,0,0,0,0,0,0,0,0,0,0,0,0,0,0,0,0,0,0,0,0,0,0,0,0,0,0,0,0,0,0,0,0,0,0,0,0,0,0,0,
hello,6_30,11_17_38,4.7784,0,0,0,4.778424,0.0000,0.0000,0.0000,0.0000,0.0000,0.0000,0,0,,,,,,,,0,0,0,0,0,0,0,0,0,0,0,0,0,0,0,0,0,0,0,0,0,0,0,0,0,0,0,0,0,0,0,0,0,0,0,0,0,0,0,0,0,0,0,0,0,0,0,0,0,0,0,
hello,6_30,11_17_38,4.7820,0,0,0,4.781985,0.0000,0.0000,0.0000,0.0000,0.0000,0.0000,0,0,,,,,,,,0,0,0,0,0,0,0,0,0,0,0,0,0,0,0,0,0,0,0,0,0,0,0,0,0,0,0,0,0,0,0,0,0,0,0,0,0,0,0,0,0,0,0,0,0,0,0,0,0,0,0,
hello,6_30,11_17_38,4.7856,0,0,0,4.785639,0.0000,0.0000,0.0000,0.0000,0.0000,0.0000,0,0,,,,,,,,0,0,0,0,0,0,0,0,0,0,0,0,0,0,0,0,0,0,0,0,0,0,0,0,0,0,0,0,0,0,0,0,0,0,0,0,0,0,0,0,0,0,0,0,0,0,0,0,0,0,0,
hello,6_30,11_17_38,4.7890,0,0,0,4.789031,0.0000,0.0000,0.0000,0.0000,0.0000,0.0000,0,0,,,,,,,,0,0,0,0,0,0,0,0,0,0,0,0,0,0,0,0,0,0,0,0,0,0,0,0,0,0,0,0,0,0,0,0,0,0,0,0,0,0,0,0,0,0,0,0,0,0,0,0,0,0,0,
hello,6_30,11_17_38,4.7925,0,0,0,4.792475,0.0000,0.0000,0.0000,0.0000,0.0000,0.0000,0,0,,,,,,,,0,0,0,0,0,0,0,0,0,0,0,0,0,0,0,0,0,0,0,0,0,0,0,0,0,0,0,0,0,0,0,0,0,0,0,0,0,0,0,0,0,0,0,0,0,0,0,0,0,0,0,
hello,6_30,11_17_38,4.7964,0,0,0,4.796401,0.0000,0.0000,0.0000,0.0000,0.0000,0.0000,0,0,,,,,,,,0,0,0,0,0,0,0,0,0,0,0,0,0,0,0,0,0,0,0,0,0,0,0,0,0,0,0,0,0,0,0,0,0,0,0,0,0,0,0,0,0,0,0,0,0,0,0,0,0,0,0,
hello,6_30,11_17_38,4.7998,0,0,0,4.799811,0.0000,0.0000,0.0000,0.0000,0.0000,0.0000,0,0,,,,,,,,0,0,0,0,0,0,0,0,0,0,0,0,0,0,0,0,0,0,0,0,0,0,0,0,0,0,0,0,0,0,0,0,0,0,0,0,0,0,0,0,0,0,0,0,0,0,0,0,0,0,0,
hello,6_30,11_17_38,4.8032,0,0,0,4.803225,0.0000,0.0000,0.0000,0.0000,0.0000,0.0000,0,0,,,,,,,,0,0,0,0,0,0,0,0,0,0,0,0,0,0,0,0,0,0,0,0,0,0,0,0,0,0,0,0,0,0,0,0,0,0,0,0,0,0,0,0,0,0,0,0,0,0,0,0,0,0,0,
hello,6_30,11_17_38,4.8070,0,0,0,4.807019,0.0000,0.0000,0.0000,0.0000,0.0000,0.0000,0,0,,,,,,,,0,0,0,0,0,0,0,0,0,0,0,0,0,0,0,0,0,0,0,0,0,0,0,0,0,0,0,0,0,0,0,0,0,0,0,0,0,0,0,0,0,0,0,0,0,0,0,0,0,0,0,
hello,6_30,11_17_38,4.8108,0,0,0,4.810769,0.0000,0.0000,0.0000,0.0000,0.0000,0.0000,0,0,,,,,,,,0,0,0,0,0,0,0,0,0,0,0,0,0,0,0,0,0,0,0,0,0,0,0,0,0,0,0,0,0,0,0,0,0,0,0,0,0,0,0,0,0,0,0,0,0,0,0,0,0,0,0,
hello,6_30,11_17_38,4.8146,0,0,0,4.814579,0.0000,0.0000,0.0000,0.0000,0.0000,0.0000,0,0,,,,,,,,0,0,0,0,0,0,0,0,0,0,0,0,0,0,0,0,0,0,0,0,0,0,0,0,0,0,0,0,0,0,0,0,0,0,0,0,0,0,0,0,0,0,0,0,0,0,0,0,0,0,0,
hello,6_30,11_17_38,4.8181,0,0,0,4.818086,0.0000,0.0000,0.0000,0.0000,0.0000,0.0000,0,0,,,,,,,,0,0,0,0,0,0,0,0,0,0,0,0,0,0,0,0,0,0,0,0,0,0,0,0,0,0,0,0,0,0,0,0,0,0,0,0,0,0,0,0,0,0,0,0,0,0,0,0,0,0,0,
hello,6_30,11_17_38,4.8217,0,0,0,4.821734,0.0000,0.0000,0.0000,0.0000,0.0000,0.0000,0,0,,,,,,,,0,0,0,0,0,0,0,0,0,0,0,0,0,0,0,0,0,0,0,0,0,0,0,0,0,0,0,0,0,0,0,0,0,0,0,0,0,0,0,0,0,0,0,0,0,0,0,0,0,0,0,
hello,6_30,11_17_38,4.8256,0,0,0,4.825551,0.0000,0.0000,0.0000,0.0000,0.0000,0.0000,0,0,,,,,,,,0,0,0,0,0,0,0,0,0,0,0,0,0,0,0,0,0,0,0,0,0,0,0,0,0,0,0,0,0,0,0,0,0,0,0,0,0,0,0,0,0,0,0,0,0,0,0,0,0,0,0,
hello,6_30,11_17_38,4.8295,0,0,0,4.829499,0.0000,0.0000,0.0000,0.0000,0.0000,0.0000,0,0,,,,,,,,0,0,0,0,0,0,0,0,0,0,0,0,0,0,0,0,0,0,0,0,0,0,0,0,0,0,0,0,0,0,0,0,0,0,0,0,0,0,0,0,0,0,0,0,0,0,0,0,0,0,0,
hello,6_30,11_17_38,4.8330,0,0,0,4.832953,0.0000,0.0000,0.0000,0.0000,0.0000,0.0000,0,0,,,,,,,,0,0,0,0,0,0,0,0,0,0,0,0,0,0,0,0,0,0,0,0,0,0,0,0,0,0,0,0,0,0,0,0,0,0,0,0,0,0,0,0,0,0,0,0,0,0,0,0,0,0,0,
hello,6_30,11_17_38,4.8364,0,0,0,4.836361,0.0000,0.0000,0.0000,0.0000,0.0000,0.0000,0,0,,,,,,,,0,0,0,0,0,0,0,0,0,0,0,0,0,0,0,0,0,0,0,0,0,0,0,0,0,0,0,0,0,0,0,0,0,0,0,0,0,0,0,0,0,0,0,0,0,0,0,0,0,0,0,
hello,6_30,11_17_38,4.8398,0,0,0,4.839848,0.0000,0.0000,0.0000,0.0000,0.0000,0.0000,0,0,,,,,,,,0,0,0,0,0,0,0,0,0,0,0,0,0,0,0,0,0,0,0,0,0,0,0,0,0,0,0,0,0,0,0,0,0,0,0,0,0,0,0,0,0,0,0,0,0,0,0,0,0,0,0,
hello,6_30,11_17_38,4.8434,0,0,0,4.843431,0.0000,0.0000,0.0000,0.0000,0.0000,0.0000,0,0,,,,,,,,0,0,0,0,0,0,0,0,0,0,0,0,0,0,0,0,0,0,0,0,0,0,0,0,0,0,0,0,0,0,0,0,0,0,0,0,0,0,0,0,0,0,0,0,0,0,0,0,0,0,0,
hello,6_30,11_17_38,4.8474,0,0,0,4.847447,0.0000,0.0000,0.0000,0.0000,0.0000,0.0000,0,0,,,,,,,,0,0,0,0,0,0,0,0,0,0,0,0,0,0,0,0,0,0,0,0,0,0,0,0,0,0,0,0,0,0,0,0,0,0,0,0,0,0,0,0,0,0,0,0,0,0,0,0,0,0,0,
hello,6_30,11_17_38,4.8509,0,0,0,4.850867,0.0000,0.0000,0.0000,0.0000,0.0000,0.0000,0,0,,,,,,,,0,0,0,0,0,0,0,0,0,0,0,0,0,0,0,0,0,0,0,0,0,0,0,0,0,0,0,0,0,0,0,0,0,0,0,0,0,0,0,0,0,0,0,0,0,0,0,0,0,0,0,
hello,6_30,11_17_38,4.8543,0,0,0,4.854311,0.0000,0.0000,0.0000,0.0000,0.0000,0.0000,0,0,,,,,,,,0,0,0,0,0,0,0,0,0,0,0,0,0,0,0,0,0,0,0,0,0,0,0,0,0,0,0,0,0,0,0,0,0,0,0,0,0,0,0,0,0,0,0,0,0,0,0,0,0,0,0,
hello,6_30,11_17_38,4.8576,0,0,0,4.857576,0.0000,0.0000,0.0000,0.0000,0.0000,0.0000,0,0,,,,,,,,0,0,0,0,0,0,0,0,0,0,0,0,0,0,0,0,0,0,0,0,0,0,0,0,0,0,0,0,0,0,0,0,0,0,0,0,0,0,0,0,0,0,0,0,0,0,0,0,0,0,0,
hello,6_30,11_17_38,4.8609,0,0,0,4.860852,0.0000,0.0000,0.0000,0.0000,0.0000,0.0000,0,0,,,,,,,,0,0,0,0,0,0,0,0,0,0,0,0,0,0,0,0,0,0,0,0,0,0,0,0,0,0,0,0,0,0,0,0,0,0,0,0,0,0,0,0,0,0,0,0,0,0,0,0,0,0,0,
hello,6_30,11_17_38,4.8644,0,0,0,4.864379,0.0000,0.0000,0.0000,0.0000,0.0000,0.0000,0,0,,,,,,,,0,0,0,0,0,0,0,0,0,0,0,0,0,0,0,0,0,0,0,0,0,0,0,0,0,0,0,0,0,0,0,0,0,0,0,0,0,0,0,0,0,0,0,0,0,0,0,0,0,0,0,
hello,6_30,11_17_38,4.8676,0,0,0,4.867636,0.0000,0.0000,0.0000,0.0000,0.0000,0.0000,0,0,,,,,,,,0,0,0,0,0,0,0,0,0,0,0,0,0,0,0,0,0,0,0,0,0,0,0,0,0,0,0,0,0,0,0,0,0,0,0,0,0,0,0,0,0,0,0,0,0,0,0,0,0,0,0,
hello,6_30,11_17_38,4.8712,0,0,0,4.871209,0.0000,0.0000,0.0000,0.0000,0.0000,0.0000,0,0,,,,,,,,0,0,0,0,0,0,0,0,0,0,0,0,0,0,0,0,0,0,0,0,0,0,0,0,0,0,0,0,0,0,0,0,0,0,0,0,0,0,0,0,0,0,0,0,0,0,0,0,0,0,0,
hello,6_30,11_17_38,4.8749,0,0,0,4.874892,0.0000,0.0000,0.0000,0.0000,0.0000,0.0000,0,0,,,,,,,,0,0,0,0,0,0,0,0,0,0,0,0,0,0,0,0,0,0,0,0,0,0,0,0,0,0,0,0,0,0,0,0,0,0,0,0,0,0,0,0,0,0,0,0,0,0,0,0,0,0,0,
hello,6_30,11_17_38,4.8783,0,0,0,4.878328,0.0000,0.0000,0.0000,0.0000,0.0000,0.0000,0,0,,,,,,,,0,0,0,0,0,0,0,0,0,0,0,0,0,0,0,0,0,0,0,0,0,0,0,0,0,0,0,0,0,0,0,0,0,0,0,0,0,0,0,0,0,0,0,0,0,0,0,0,0,0,0,
hello,6_30,11_17_38,4.8818,0,0,0,4.88183,0.0000,0.0000,0.0000,0.0000,0.0000,0.0000,0,0,,,,,,,,0,0,0,0,0,0,0,0,0,0,0,0,0,0,0,0,0,0,0,0,0,0,0,0,0,0,0,0,0,0,0,0,0,0,0,0,0,0,0,0,0,0,0,0,0,0,0,0,0,0,0,
hello,6_30,11_17_38,4.8855,0,0,0,4.885529,0.0000,0.0000,0.0000,0.0000,0.0000,0.0000,0,0,,,,,,,,0,0,0,0,0,0,0,0,0,0,0,0,0,0,0,0,0,0,0,0,0,0,0,0,0,0,0,0,0,0,0,0,0,0,0,0,0,0,0,0,0,0,0,0,0,0,0,0,0,0,0,
hello,6_30,11_17_38,4.8890,0,0,0,4.888965,0.0000,0.0000,0.0000,0.0000,0.0000,0.0000,0,0,,,,,,,,0,0,0,0,0,0,0,0,0,0,0,0,0,0,0,0,0,0,0,0,0,0,0,0,0,0,0,0,0,0,0,0,0,0,0,0,0,0,0,0,0,0,0,0,0,0,0,0,0,0,0,
hello,6_30,11_17_38,4.8924,0,0,0,4.892375,0.0000,0.0000,0.0000,0.0000,0.0000,0.0000,0,0,,,,,,,,0,0,0,0,0,0,0,0,0,0,0,0,0,0,0,0,0,0,0,0,0,0,0,0,0,0,0,0,0,0,0,0,0,0,0,0,0,0,0,0,0,0,0,0,0,0,0,0,0,0,0,
hello,6_30,11_17_38,4.8957,0,0,0,4.89574,0.0000,0.0000,0.0000,0.0000,0.0000,0.0000,0,0,,,,,,,,0,0,0,0,0,0,0,0,0,0,0,0,0,0,0,0,0,0,0,0,0,0,0,0,0,0,0,0,0,0,0,0,0,0,0,0,0,0,0,0,0,0,0,0,0,0,0,0,0,0,0,
hello,6_30,11_17_38,4.8990,0,0,0,4.898993,0.0000,0.0000,0.0000,0.0000,0.0000,0.0000,0,0,,,,,,,,0,0,0,0,0,0,0,0,0,0,0,0,0,0,0,0,0,0,0,0,0,0,0,0,0,0,0,0,0,0,0,0,0,0,0,0,0,0,0,0,0,0,0,0,0,0,0,0,0,0,0,
hello,6_30,11_17_38,4.9022,0,0,0,4.902227,0.0000,0.0000,0.0000,0.0000,0.0000,0.0000,0,0,,,,,,,,0,0,0,0,0,0,0,0,0,0,0,0,0,0,0,0,0,0,0,0,0,0,0,0,0,0,0,0,0,0,0,0,0,0,0,0,0,0,0,0,0,0,0,0,0,0,0,0,0,0,0,
hello,6_30,11_17_38,4.9058,0,0,0,4.905776,0.0000,0.0000,0.0000,0.0000,0.0000,0.0000,0,0,,,,,,,,0,0,0,0,0,0,0,0,0,0,0,0,0,0,0,0,0,0,0,0,0,0,0,0,0,0,0,0,0,0,0,0,0,0,0,0,0,0,0,0,0,0,0,0,0,0,0,0,0,0,0,
hello,6_30,11_17_38,4.9090,0,0,0,4.909044,0.0000,0.0000,0.0000,0.0000,0.0000,0.0000,0,0,,,,,,,,0,0,0,0,0,0,0,0,0,0,0,0,0,0,0,0,0,0,0,0,0,0,0,0,0,0,0,0,0,0,0,0,0,0,0,0,0,0,0,0,0,0,0,0,0,0,0,0,0,0,0,
hello,6_30,11_17_38,4.9126,0,0,0,4.912626,0.0000,0.0000,0.0000,0.0000,0.0000,0.0000,0,0,,,,,,,,0,0,0,0,0,0,0,0,0,0,0,0,0,0,0,0,0,0,0,0,0,0,0,0,0,0,0,0,0,0,0,0,0,0,0,0,0,0,0,0,0,0,0,0,0,0,0,0,0,0,0,
hello,6_30,11_17_38,4.9161,0,0,0,4.916064,0.0000,0.0000,0.0000,0.0000,0.0000,0.0000,0,0,,,,,,,,0,0,0,0,0,0,0,0,0,0,0,0,0,0,0,0,0,0,0,0,0,0,0,0,0,0,0,0,0,0,0,0,0,0,0,0,0,0,0,0,0,0,0,0,0,0,0,0,0,0,0,
hello,6_30,11_17_38,4.9194,0,0,0,4.919371,0.0000,0.0000,0.0000,0.0000,0.0000,0.0000,0,0,,,,,,,,0,0,0,0,0,0,0,0,0,0,0,0,0,0,0,0,0,0,0,0,0,0,0,0,0,0,0,0,0,0,0,0,0,0,0,0,0,0,0,0,0,0,0,0,0,0,0,0,0,0,0,
hello,6_30,11_17_38,4.9226,0,0,0,4.922645,0.0000,0.0000,0.0000,0.0000,0.0000,0.0000,0,0,,,,,,,,0,0,0,0,0,0,0,0,0,0,0,0,0,0,0,0,0,0,0,0,0,0,0,0,0,0,0,0,0,0,0,0,0,0,0,0,0,0,0,0,0,0,0,0,0,0,0,0,0,0,0,
hello,6_30,11_17_38,4.9262,0,0,0,4.926172,0.0000,0.0000,0.0000,0.0000,0.0000,0.0000,0,0,,,,,,,,0,0,0,0,0,0,0,0,0,0,0,0,0,0,0,0,0,0,0,0,0,0,0,0,0,0,0,0,0,0,0,0,0,0,0,0,0,0,0,0,0,0,0,0,0,0,0,0,0,0,0,
hello,6_30,11_17_38,4.9300,0,0,0,4.92996,0.0000,0.0000,0.0000,0.0000,0.0000,0.0000,0,0,,,,,,,,0,0,0,0,0,0,0,0,0,0,0,0,0,0,0,0,0,0,0,0,0,0,0,0,0,0,0,0,0,0,0,0,0,0,0,0,0,0,0,0,0,0,0,0,0,0,0,0,0,0,0,
hello,6_30,11_17_38,4.9333,0,0,0,4.933302,0.0000,0.0000,0.0000,0.0000,0.0000,0.0000,0,0,,,,,,,,0,0,0,0,0,0,0,0,0,0,0,0,0,0,0,0,0,0,0,0,0,0,0,0,0,0,0,0,0,0,0,0,0,0,0,0,0,0,0,0,0,0,0,0,0,0,0,0,0,0,0,
hello,6_30,11_17_38,4.9367,0,0,0,4.936725,0.0000,0.0000,0.0000,0.0000,0.0000,0.0000,0,0,,,,,,,,0,0,0,0,0,0,0,0,0,0,0,0,0,0,0,0,0,0,0,0,0,0,0,0,0,0,0,0,0,0,0,0,0,0,0,0,0,0,0,0,0,0,0,0,0,0,0,0,0,0,0,
hello,6_30,11_17_38,4.9403,0,0,0,4.940265,0.0000,0.0000,0.0000,0.0000,0.0000,0.0000,0,0,,,,,,,,0,0,0,0,0,0,0,0,0,0,0,0,0,0,0,0,0,0,0,0,0,0,0,0,0,0,0,0,0,0,0,0,0,0,0,0,0,0,0,0,0,0,0,0,0,0,0,0,0,0,0,
hello,6_30,11_17_38,4.9439,0,0,0,4.943864,0.0000,0.0000,0.0000,0.0000,0.0000,0.0000,0,0,,,,,,,,0,0,0,0,0,0,0,0,0,0,0,0,0,0,0,0,0,0,0,0,0,0,0,0,0,0,0,0,0,0,0,0,0,0,0,0,0,0,0,0,0,0,0,0,0,0,0,0,0,0,0,
hello,6_30,11_17_38,4.9472,0,0,0,4.947171,0.0000,0.0000,0.0000,0.0000,0.0000,0.0000,0,0,,,,,,,,0,0,0,0,0,0,0,0,0,0,0,0,0,0,0,0,0,0,0,0,0,0,0,0,0,0,0,0,0,0,0,0,0,0,0,0,0,0,0,0,0,0,0,0,0,0,0,0,0,0,0,
hello,6_30,11_17_38,4.9505,0,0,0,4.950518,0.0000,0.0000,0.0000,0.0000,0.0000,0.0000,0,0,,,,,,,,0,0,0,0,0,0,0,0,0,0,0,0,0,0,0,0,0,0,0,0,0,0,0,0,0,0,0,0,0,0,0,0,0,0,0,0,0,0,0,0,0,0,0,0,0,0,0,0,0,0,0,
hello,6_30,11_17_38,4.9619,0,0,0,4.96193,0.0000,0.0000,0.0000,0.0000,0.0000,0.0000,0,0,,,,,,,,0,0,0,0,0,0,0,0,0,0,0,0,0,0,0,0,0,0,0,0,0,0,0,0,0,0,0,0,0,0,0,0,0,0,0,0,0,0,0,0,0,0,0,0,0,0,0,0,0,0,0,
hello,6_30,11_17_38,4.9654,0,0,0,4.965398,0.0000,0.0000,0.0000,0.0000,0.0000,0.0000,0,0,,,,,,,,0,0,0,0,0,0,0,0,0,0,0,0,0,0,0,0,0,0,0,0,0,0,0,0,0,0,0,0,0,0,0,0,0,0,0,0,0,0,0,0,0,0,0,0,0,0,0,0,0,0,0,
hello,6_30,11_17_38,4.9687,0,0,0,4.968748,0.0000,0.0000,0.0000,0.0000,0.0000,0.0000,0,0,,,,,,,,0,0,0,0,0,0,0,0,0,0,0,0,0,0,0,0,0,0,0,0,0,0,0,0,0,0,0,0,0,0,0,0,0,0,0,0,0,0,0,0,0,0,0,0,0,0,0,0,0,0,0,
hello,6_30,11_17_38,4.9721,0,0,0,4.972129,0.0000,0.0000,0.0000,0.0000,0.0000,0.0000,0,0,,,,,,,,0,0,0,0,0,0,0,0,0,0,0,0,0,0,0,0,0,0,0,0,0,0,0,0,0,0,0,0,0,0,0,0,0,0,0,0,0,0,0,0,0,0,0,0,0,0,0,0,0,0,0,
hello,6_30,11_17_38,4.9754,0,0,0,4.975436,0.0000,0.0000,0.0000,0.0000,0.0000,0.0000,0,0,,,,,,,,0,0,0,0,0,0,0,0,0,0,0,0,0,0,0,0,0,0,0,0,0,0,0,0,0,0,0,0,0,0,0,0,0,0,0,0,0,0,0,0,0,0,0,0,0,0,0,0,0,0,0,
hello,6_30,11_17_38,4.9792,0,0,0,4.979236,0.0000,0.0000,0.0000,0.0000,0.0000,0.0000,0,0,,,,,,,,0,0,0,0,0,0,0,0,0,0,0,0,0,0,0,0,0,0,0,0,0,0,0,0,0,0,0,0,0,0,0,0,0,0,0,0,0,0,0,0,0,0,0,0,0,0,0,0,0,0,0,
hello,6_30,11_17_38,4.9830,0,0,0,4.982971,0.0000,0.0000,0.0000,0.0000,0.0000,0.0000,0,0,,,,,,,,0,0,0,0,0,0,0,0,0,0,0,0,0,0,0,0,0,0,0,0,0,0,0,0,0,0,0,0,0,0,0,0,0,0,0,0,0,0,0,0,0,0,0,0,0,0,0,0,0,0,0,
hello,6_30,11_17_38,4.9885,0,0,0,4.988502,0.0000,0.0000,0.0000,0.0000,0.0000,0.0000,0,0,,,,,,,,0,0,0,0,0,0,0,0,0,0,0,0,0,0,0,0,0,0,0,0,0,0,0,0,0,0,0,0,0,0,0,0,0,0,0,0,0,0,0,0,0,0,0,0,0,0,0,0,0,0,0,
hello,6_30,11_17_38,4.9919,0,0,0,4.991946,0.0000,0.0000,0.0000,0.0000,0.0000,0.0000,0,0,,,,,,,,0,0,0,0,0,0,0,0,0,0,0,0,0,0,0,0,0,0,0,0,0,0,0,0,0,0,0,0,0,0,0,0,0,0,0,0,0,0,0,0,0,0,0,0,0,0,0,0,0,0,0,
hello,6_30,11_17_38,4.9959,0,0,0,4.995928,0.0000,0.0000,0.0000,0.0000,0.0000,0.0000,0,0,,,,,,,,0,0,0,0,0,0,0,0,0,0,0,0,0,0,0,0,0,0,0,0,0,0,0,0,0,0,0,0,0,0,0,0,0,0,0,0,0,0,0,0,0,0,0,0,0,0,0,0,0,0,0,
hello,6_30,11_17_38,4.9994,0,0,0,4.999389,0.0000,0.0000,0.0000,0.0000,0.0000,0.0000,0,0,,,,,,,,0,0,0,0,0,0,0,0,0,0,0,0,0,0,0,0,0,0,0,0,0,0,0,0,0,0,0,0,0,0,0,0,0,0,0,0,0,0,0,0,0,0,0,0,0,0,0,0,0,0,0,
hello,6_30,11_17_38,5.0026,0,0,0,5.002644,0.0000,0.0000,0.0000,0.0000,0.0000,0.0000,0,0,,,,,,,,0,0,0,0,0,0,0,0,0,0,0,0,0,0,0,0,0,0,0,0,0,0,0,0,0,0,0,0,0,0,0,0,0,0,0,0,0,0,0,0,0,0,0,0,0,0,0,0,0,0,0,
hello,6_30,11_17_38,5.0063,0,1,0,5.006314,0.0000,0.0000,0.0000,0.0000,0.0000,0.0000,0,0,,,,,,,,0,0,0,0,0,0,0,0,0,0,0,0,0,0,0,0,0,0,0,0,0,0,0,0,0,0,0,0,0,0,0,0,0,0,0,0,0,0,0,0,0,0,0,0,0,0,0,0,0,0,0,
hello,6_30,11_17_38,5.0099,0,1,0,5.00992,0.0000,0.0000,0.0000,0.0000,0.0000,0.0000,0,0,,,,,,,,0,0,0,0,0,0,0,0,0,0,0,0,0,0,0,0,0,0,0,0,0,0,0,0,0,0,0,0,0,0,0,0,0,0,0,0,0,0,0,0,0,0,0,0,0,0,0,0,0,0,0,
hello,6_30,11_17_38,5.0134,0,1,0,5.013355,0.0000,0.0000,0.0000,0.0000,0.0000,0.0000,0,0,,,,,,,,0,0,0,0,0,0,0,0,0,0,0,0,0,0,0,0,0,0,0,0,0,0,0,0,0,0,0,0,0,0,0,0,0,0,0,0,0,0,0,0,0,0,0,0,0,0,0,0,0,0,0,
hello,6_30,11_17_38,5.0167,0,1,0,5.016708,0.0000,0.0000,0.0000,0.0000,0.0000,0.0000,0,0,,,,,,,,0,0,0,0,0,0,0,0,0,0,0,0,0,0,0,0,0,0,0,0,0,0,0,0,0,0,0,0,0,0,0,0,0,0,0,0,0,0,0,0,0,0,0,0,0,0,0,0,0,0,0,
hello,6_30,11_17_38,5.0202,0,1,0,5.020157,0.0000,0.0000,0.0000,0.0000,0.0000,0.0000,0,0,,,,,,,,0,0,0,0,0,0,0,0,0,0,0,0,0,0,0,0,0,0,0,0,0,0,0,0,0,0,0,0,0,0,0,0,0,0,0,0,0,0,0,0,0,0,0,0,0,0,0,0,0,0,0,
hello,6_30,11_17_38,5.0237,0,1,0,5.023741,0.0000,0.0000,0.0000,0.0000,0.0000,0.0000,0,0,,,,,,,,0,0,0,0,0,0,0,0,0,0,0,0,0,0,0,0,0,0,0,0,0,0,0,0,0,0,0,0,0,0,0,0,0,0,0,0,0,0,0,0,0,0,0,0,0,0,0,0,0,0,0,
hello,6_30,11_17_38,5.0274,0,1,0,5.027448,0.0000,0.0000,0.0000,0.0000,0.0000,0.0000,0,0,,,,,,,,0,0,0,0,0,0,0,0,0,0,0,0,0,0,0,0,0,0,0,0,0,0,0,0,0,0,0,0,0,0,0,0,0,0,0,0,0,0,0,0,0,0,0,0,0,0,0,0,0,0,0,
hello,6_30,11_17_38,5.0312,0,1,0,5.031228,0.0000,0.0000,0.0000,0.0000,0.0000,0.0000,0,0,,,,,,,,0,0,0,0,0,0,0,0,0,0,0,0,0,0,0,0,0,0,0,0,0,0,0,0,0,0,0,0,0,0,0,0,0,0,0,0,0,0,0,0,0,0,0,0,0,0,0,0,0,0,0,
hello,6_30,11_17_38,5.0347,0,1,0,5.034701,0.0000,0.0000,0.0000,0.0000,0.0000,0.0000,0,0,,,,,,,,0,0,0,0,0,0,0,0,0,0,0,0,0,0,0,0,0,0,0,0,0,0,0,0,0,0,0,0,0,0,0,0,0,0,0,0,0,0,0,0,0,0,0,0,0,0,0,0,0,0,0,
hello,6_30,11_17_38,5.0380,0,1,0,5.038003,0.0000,0.0000,0.0000,0.0000,0.0000,0.0000,0,0,,,,,,,,0,0,0,0,0,0,0,0,0,0,0,0,0,0,0,0,0,0,0,0,0,0,0,0,0,0,0,0,0,0,0,0,0,0,0,0,0,0,0,0,0,0,0,0,0,0,0,0,0,0,0,
hello,6_30,11_17_38,5.0413,0,1,0,5.041262,0.0000,0.0000,0.0000,0.0000,0.0000,0.0000,0,0,,,,,,,,0,0,0,0,0,0,0,0,0,0,0,0,0,0,0,0,0,0,0,0,0,0,0,0,0,0,0,0,0,0,0,0,0,0,0,0,0,0,0,0,0,0,0,0,0,0,0,0,0,0,0,
hello,6_30,11_17_38,5.0450,0,1,0,5.045028,0.0000,0.0000,0.0000,0.0000,0.0000,0.0000,0,0,,,,,,,,0,0,0,0,0,0,0,0,0,0,0,0,0,0,0,0,0,0,0,0,0,0,0,0,0,0,0,0,0,0,0,0,0,0,0,0,0,0,0,0,0,0,0,0,0,0,0,0,0,0,0,
hello,6_30,11_17_38,5.0488,0,1,0,5.048808,0.0000,0.0000,0.0000,0.0000,0.0000,0.0000,0,0,,,,,,,,0,0,0,0,0,0,0,0,0,0,0,0,0,0,0,0,0,0,0,0,0,0,0,0,0,0,0,0,0,0,0,0,0,0,0,0,0,0,0,0,0,0,0,0,0,0,0,0,0,0,0,
hello,6_30,11_17_38,5.0523,0,1,0,5.052281,0.0000,0.0000,0.0000,0.0000,0.0000,0.0000,0,0,,,,,,,,0,0,0,0,0,0,0,0,0,0,0,0,0,0,0,0,0,0,0,0,0,0,0,0,0,0,0,0,0,0,0,0,0,0,0,0,0,0,0,0,0,0,0,0,0,0,0,0,0,0,0,
hello,6_30,11_17_38,5.0556,0,1,0,5.055645,0.0000,0.0000,0.0000,0.0000,0.0000,0.0000,0,0,,,,,,,,0,0,0,0,0,0,0,0,0,0,0,0,0,0,0,0,0,0,0,0,0,0,0,0,0,0,0,0,0,0,0,0,0,0,0,0,0,0,0,0,0,0,0,0,0,0,0,0,0,0,0,
hello,6_30,11_17_38,5.0591,0,1,0,5.059089,0.0000,0.0000,0.0000,0.0000,0.0000,0.0000,0,0,,,,,,,,0,0,0,0,0,0,0,0,0,0,0,0,0,0,0,0,0,0,0,0,0,0,0,0,0,0,0,0,0,0,0,0,0,0,0,0,0,0,0,0,0,0,0,0,0,0,0,0,0,0,0,
hello,6_30,11_17_38,5.0629,0,1,0,5.062896,0.0000,0.0000,0.0000,0.0000,0.0000,0.0000,0,0,,,,,,,,0,0,0,0,0,0,0,0,0,0,0,0,0,0,0,0,0,0,0,0,0,0,0,0,0,0,0,0,0,0,0,0,0,0,0,0,0,0,0,0,0,0,0,0,0,0,0,0,0,0,0,
hello,6_30,11_17_38,5.0664,0,1,0,5.066428,0.0000,0.0000,0.0000,0.0000,0.0000,0.0000,0,0,,,,,,,,0,0,0,0,0,0,0,0,0,0,0,0,0,0,0,0,0,0,0,0,0,0,0,0,0,0,0,0,0,0,0,0,0,0,0,0,0,0,0,0,0,0,0,0,0,0,0,0,0,0,0,
hello,6_30,11_17_38,5.0698,0,1,0,5.069783,0.0000,0.0000,0.0000,0.0000,0.0000,0.0000,0,0,,,,,,,,0,0,0,0,0,0,0,0,0,0,0,0,0,0,0,0,0,0,0,0,0,0,0,0,0,0,0,0,0,0,0,0,0,0,0,0,0,0,0,0,0,0,0,0,0,0,0,0,0,0,0,
hello,6_30,11_17_38,5.0731,0,1,0,5.073096,0.0000,0.0000,0.0000,0.0000,0.0000,0.0000,0,0,,,,,,,,0,0,0,0,0,0,0,0,0,0,0,0,0,0,0,0,0,0,0,0,0,0,0,0,0,0,0,0,0,0,0,0,0,0,0,0,0,0,0,0,0,0,0,0,0,0,0,0,0,0,0,
hello,6_30,11_17_38,5.0764,0,1,0,5.07635,0.0000,0.0000,0.0000,0.0000,0.0000,0.0000,0,0,,,,,,,,0,0,0,0,0,0,0,0,0,0,0,0,0,0,0,0,0,0,0,0,0,0,0,0,0,0,0,0,0,0,0,0,0,0,0,0,0,0,0,0,0,0,0,0,0,0,0,0,0,0,0,
hello,6_30,11_17_38,5.0797,0,1,0,5.079673,0.0000,0.0000,0.0000,0.0000,0.0000,0.0000,0,0,,,,,,,,0,0,0,0,0,0,0,0,0,0,0,0,0,0,0,0,0,0,0,0,0,0,0,0,0,0,0,0,0,0,0,0,0,0,0,0,0,0,0,0,0,0,0,0,0,0,0,0,0,0,0,
hello,6_30,11_17_38,5.0830,0,1,0,5.082994,0.0000,0.0000,0.0000,0.0000,0.0000,0.0000,0,0,,,,,,,,0,0,0,0,0,0,0,0,0,0,0,0,0,0,0,0,0,0,0,0,0,0,0,0,0,0,0,0,0,0,0,0,0,0,0,0,0,0,0,0,0,0,0,0,0,0,0,0,0,0,0,
hello,6_30,11_17_38,5.0865,0,1,0,5.086511,0.0000,0.0000,0.0000,0.0000,0.0000,0.0000,0,0,,,,,,,,0,0,0,0,0,0,0,0,0,0,0,0,0,0,0,0,0,0,0,0,0,0,0,0,0,0,0,0,0,0,0,0,0,0,0,0,0,0,0,0,0,0,0,0,0,0,0,0,0,0,0,
hello,6_30,11_17_38,5.0903,0,1,0,5.090284,0.0000,0.0000,0.0000,0.0000,0.0000,0.0000,0,0,,,,,,,,0,0,0,0,0,0,0,0,0,0,0,0,0,0,0,0,0,0,0,0,0,0,0,0,0,0,0,0,0,0,0,0,0,0,0,0,0,0,0,0,0,0,0,0,0,0,0,0,0,0,0,
hello,6_30,11_17_38,5.0938,0,1,0,5.093808,0.0000,0.0000,0.0000,0.0000,0.0000,0.0000,0,0,,,,,,,,0,0,0,0,0,0,0,0,0,0,0,0,0,0,0,0,0,0,0,0,0,0,0,0,0,0,0,0,0,0,0,0,0,0,0,0,0,0,0,0,0,0,0,0,0,0,0,0,0,0,0,
hello,6_30,11_17_38,5.0976,0,1,0,5.097626,0.0000,0.0000,0.0000,0.0000,0.0000,0.0000,0,0,,,,,,,,0,0,0,0,0,0,0,0,0,0,0,0,0,0,0,0,0,0,0,0,0,0,0,0,0,0,0,0,0,0,0,0,0,0,0,0,0,0,0,0,0,0,0,0,0,0,0,0,0,0,0,
hello,6_30,11_17_38,5.1010,0,1,0,5.101027,0.0000,0.0000,0.0000,0.0000,0.0000,0.0000,0,0,,,,,,,,0,0,0,0,0,0,0,0,0,0,0,0,0,0,0,0,0,0,0,0,0,0,0,0,0,0,0,0,0,0,0,0,0,0,0,0,0,0,0,0,0,0,0,0,0,0,0,0,0,0,0,
hello,6_30,11_17_38,5.1110,0,1,0,5.11103,0.0000,0.0000,0.0000,0.0000,0.0000,0.0000,0,0,,,,,,,,0,0,0,0,0,0,0,0,0,0,0,0,0,0,0,0,0,0,0,0,0,0,0,0,0,0,0,0,0,0,0,0,0,0,0,0,0,0,0,0,0,0,0,0,0,0,0,0,0,0,0,
hello,6_30,11_17_38,5.1144,0,1,0,5.114378,0.0000,0.0000,0.0000,0.0000,0.0000,0.0000,0,0,,,,,,,,0,0,0,0,0,0,0,0,0,0,0,0,0,0,0,0,0,0,0,0,0,0,0,0,0,0,0,0,0,0,0,0,0,0,0,0,0,0,0,0,0,0,0,0,0,0,0,0,0,0,0,
hello,6_30,11_17_38,5.1179,0,1,0,5.117911,0.0000,0.0000,0.0000,0.0000,0.0000,0.0000,0,0,,,,,,,,0,0,0,0,0,0,0,0,0,0,0,0,0,0,0,0,0,0,0,0,0,0,0,0,0,0,0,0,0,0,0,0,0,0,0,0,0,0,0,0,0,0,0,0,0,0,0,0,0,0,0,
hello,6_30,11_17_38,5.1212,0,1,0,5.121239,0.0000,0.0000,0.0000,0.0000,0.0000,0.0000,0,0,,,,,,,,0,0,0,0,0,0,0,0,0,0,0,0,0,0,0,0,0,0,0,0,0,0,0,0,0,0,0,0,0,0,0,0,0,0,0,0,0,0,0,0,0,0,0,0,0,0,0,0,0,0,0,
hello,6_30,11_17_38,5.1247,0,1,0,5.124748,0.0000,0.0000,0.0000,0.0000,0.0000,0.0000,0,0,,,,,,,,0,0,0,0,0,0,0,0,0,0,0,0,0,0,0,0,0,0,0,0,0,0,0,0,0,0,0,0,0,0,0,0,0,0,0,0,0,0,0,0,0,0,0,0,0,0,0,0,0,0,0,
hello,6_30,11_17_38,5.1280,0,1,0,5.128026,0.0000,0.0000,0.0000,0.0000,0.0000,0.0000,0,0,,,,,,,,0,0,0,0,0,0,0,0,0,0,0,0,0,0,0,0,0,0,0,0,0,0,0,0,0,0,0,0,0,0,0,0,0,0,0,0,0,0,0,0,0,0,0,0,0,0,0,0,0,0,0,
hello,6_30,11_17_38,5.1315,0,1,0,5.131451,0.0000,0.0000,0.0000,0.0000,0.0000,0.0000,0,0,,,,,,,,0,0,0,0,0,0,0,0,0,0,0,0,0,0,0,0,0,0,0,0,0,0,0,0,0,0,0,0,0,0,0,0,0,0,0,0,0,0,0,0,0,0,0,0,0,0,0,0,0,0,0,
hello,6_30,11_17_38,5.1349,0,1,0,5.134863,0.0000,0.0000,0.0000,0.0000,0.0000,0.0000,0,0,,,,,,,,0,0,0,0,0,0,0,0,0,0,0,0,0,0,0,0,0,0,0,0,0,0,0,0,0,0,0,0,0,0,0,0,0,0,0,0,0,0,0,0,0,0,0,0,0,0,0,0,0,0,0,
hello,6_30,11_17_38,5.1382,0,1,0,5.138195,0.0000,0.0000,0.0000,0.0000,0.0000,0.0000,0,0,,,,,,,,0,0,0,0,0,0,0,0,0,0,0,0,0,0,0,0,0,0,0,0,0,0,0,0,0,0,0,0,0,0,0,0,0,0,0,0,0,0,0,0,0,0,0,0,0,0,0,0,0,0,0,
hello,6_30,11_17_38,5.1416,0,1,0,5.141569,0.0000,0.0000,0.0000,0.0000,0.0000,0.0000,0,0,,,,,,,,0,0,0,0,0,0,0,0,0,0,0,0,0,0,0,0,0,0,0,0,0,0,0,0,0,0,0,0,0,0,0,0,0,0,0,0,0,0,0,0,0,0,0,0,0,0,0,0,0,0,0,
hello,6_30,11_17_38,5.1456,0,1,0,5.145625,0.0000,0.0000,0.0000,0.0000,0.0000,0.0000,0,0,,,,,,,,0,0,0,0,0,0,0,0,0,0,0,0,0,0,0,0,0,0,0,0,0,0,0,0,0,0,0,0,0,0,0,0,0,0,0,0,0,0,0,0,0,0,0,0,0,0,0,0,0,0,0,
hello,6_30,11_17_38,5.1494,0,1,0,5.149437,0.0000,0.0000,0.0000,0.0000,0.0000,0.0000,0,0,,,,,,,,0,0,0,0,0,0,0,0,0,0,0,0,0,0,0,0,0,0,0,0,0,0,0,0,0,0,0,0,0,0,0,0,0,0,0,0,0,0,0,0,0,0,0,0,0,0,0,0,0,0,0,
hello,6_30,11_17_38,5.1529,0,1,0,5.152929,0.0000,0.0000,0.0000,0.0000,0.0000,0.0000,0,0,,,,,,,,0,0,0,0,0,0,0,0,0,0,0,0,0,0,0,0,0,0,0,0,0,0,0,0,0,0,0,0,0,0,0,0,0,0,0,0,0,0,0,0,0,0,0,0,0,0,0,0,0,0,0,
hello,6_30,11_17_38,5.1641,0,1,0,5.164112,0.0000,0.0000,0.0000,0.0000,0.0000,0.0000,0,0,,,,,,,,0,0,0,0,0,0,0,0,0,0,0,0,0,0,0,0,0,0,0,0,0,0,0,0,0,0,0,0,0,0,0,0,0,0,0,0,0,0,0,0,0,0,0,0,0,0,0,0,0,0,0,
hello,6_30,11_17_38,5.1677,0,1,0,5.167723,0.0000,0.0000,0.0000,0.0000,0.0000,0.0000,0,0,,,,,,,,0,0,0,0,0,0,0,0,0,0,0,0,0,0,0,0,0,0,0,0,0,0,0,0,0,0,0,0,0,0,0,0,0,0,0,0,0,0,0,0,0,0,0,0,0,0,0,0,0,0,0,
hello,6_30,11_17_38,5.1711,0,1,0,5.171117,0.0000,0.0000,0.0000,0.0000,0.0000,0.0000,0,0,,,,,,,,0,0,0,0,0,0,0,0,0,0,0,0,0,0,0,0,0,0,0,0,0,0,0,0,0,0,0,0,0,0,0,0,0,0,0,0,0,0,0,0,0,0,0,0,0,0,0,0,0,0,0,
hello,6_30,11_17_38,5.1745,0,1,0,5.174526,0.0000,0.0000,0.0000,0.0000,0.0000,0.0000,0,0,,,,,,,,0,0,0,0,0,0,0,0,0,0,0,0,0,0,0,0,0,0,0,0,0,0,0,0,0,0,0,0,0,0,0,0,0,0,0,0,0,0,0,0,0,0,0,0,0,0,0,0,0,0,0,
hello,6_30,11_17_38,5.1780,0,1,0,5.17797,0.0000,0.0000,0.0000,0.0000,0.0000,0.0000,0,0,,,,,,,,0,0,0,0,0,0,0,0,0,0,0,0,0,0,0,0,0,0,0,0,0,0,0,0,0,0,0,0,0,0,0,0,0,0,0,0,0,0,0,0,0,0,0,0,0,0,0,0,0,0,0,
hello,6_30,11_17_38,5.1813,0,1,0,5.181311,0.0000,0.0000,0.0000,0.0000,0.0000,0.0000,0,0,,,,,,,,0,0,0,0,0,0,0,0,0,0,0,0,0,0,0,0,0,0,0,0,0,0,0,0,0,0,0,0,0,0,0,0,0,0,0,0,0,0,0,0,0,0,0,0,0,0,0,0,0,0,0,
hello,6_30,11_17_38,5.1849,0,1,0,5.184914,0.0000,0.0000,0.0000,0.0000,0.0000,0.0000,0,0,,,,,,,,0,0,0,0,0,0,0,0,0,0,0,0,0,0,0,0,0,0,0,0,0,0,0,0,0,0,0,0,0,0,0,0,0,0,0,0,0,0,0,0,0,0,0,0,0,0,0,0,0,0,0,
hello,6_30,11_17_38,5.1883,0,1,0,5.188259,0.0000,0.0000,0.0000,0.0000,0.0000,0.0000,0,0,,,,,,,,0,0,0,0,0,0,0,0,0,0,0,0,0,0,0,0,0,0,0,0,0,0,0,0,0,0,0,0,0,0,0,0,0,0,0,0,0,0,0,0,0,0,0,0,0,0,0,0,0,0,0,
hello,6_30,11_17_38,5.1917,0,1,0,5.191719,0.0000,0.0000,0.0000,0.0000,0.0000,0.0000,0,0,,,,,,,,0,0,0,0,0,0,0,0,0,0,0,0,0,0,0,0,0,0,0,0,0,0,0,0,0,0,0,0,0,0,0,0,0,0,0,0,0,0,0,0,0,0,0,0,0,0,0,0,0,0,0,
hello,6_30,11_17_38,5.1956,0,1,0,5.195587,0.0000,0.0000,0.0000,0.0000,0.0000,0.0000,0,0,,,,,,,,0,0,0,0,0,0,0,0,0,0,0,0,0,0,0,0,0,0,0,0,0,0,0,0,0,0,0,0,0,0,0,0,0,0,0,0,0,0,0,0,0,0,0,0,0,0,0,0,0,0,0,
hello,6_30,11_17_38,5.1989,0,1,0,5.198918,0.0000,0.0000,0.0000,0.0000,0.0000,0.0000,0,0,,,,,,,,0,0,0,0,0,0,0,0,0,0,0,0,0,0,0,0,0,0,0,0,0,0,0,0,0,0,0,0,0,0,0,0,0,0,0,0,0,0,0,0,0,0,0,0,0,0,0,0,0,0,0,
hello,6_30,11_17_38,5.2023,0,1,0,5.202261,0.0000,0.0000,0.0000,0.0000,0.0000,0.0000,0,0,,,,,,,,0,0,0,0,0,0,0,0,0,0,0,0,0,0,0,0,0,0,0,0,0,0,0,0,0,0,0,0,0,0,0,0,0,0,0,0,0,0,0,0,0,0,0,0,0,0,0,0,0,0,0,
hello,6_30,11_17_38,5.2059,0,1,0,5.205856,0.0000,0.0000,0.0000,0.0000,0.0000,0.0000,0,0,,,,,,,,0,0,0,0,0,0,0,0,0,0,0,0,0,0,0,0,0,0,0,0,0,0,0,0,0,0,0,0,0,0,0,0,0,0,0,0,0,0,0,0,0,0,0,0,0,0,0,0,0,0,0,
hello,6_30,11_17_38,5.2093,0,1,0,5.209281,0.0000,0.0000,0.0000,0.0000,0.0000,0.0000,0,0,,,,,,,,0,0,0,0,0,0,0,0,0,0,0,0,0,0,0,0,0,0,0,0,0,0,0,0,0,0,0,0,0,0,0,0,0,0,0,0,0,0,0,0,0,0,0,0,0,0,0,0,0,0,0,
hello,6_30,11_17_38,5.2126,0,1,0,5.212646,0.0000,0.0000,0.0000,0.0000,0.0000,0.0000,0,0,,,,,,,,0,0,0,0,0,0,0,0,0,0,0,0,0,0,0,0,0,0,0,0,0,0,0,0,0,0,0,0,0,0,0,0,0,0,0,0,0,0,0,0,0,0,0,0,0,0,0,0,0,0,0,
hello,6_30,11_17_38,5.2161,0,1,0,5.21606,0.0000,0.0000,0.0000,0.0000,0.0000,0.0000,0,0,,,,,,,,0,0,0,0,0,0,0,0,0,0,0,0,0,0,0,0,0,0,0,0,0,0,0,0,0,0,0,0,0,0,0,0,0,0,0,0,0,0,0,0,0,0,0,0,0,0,0,0,0,0,0,
hello,6_30,11_17_38,5.2195,0,1,0,5.219514,0.0000,0.0000,0.0000,0.0000,0.0000,0.0000,0,0,,,,,,,,0,0,0,0,0,0,0,0,0,0,0,0,0,0,0,0,0,0,0,0,0,0,0,0,0,0,0,0,0,0,0,0,0,0,0,0,0,0,0,0,0,0,0,0,0,0,0,0,0,0,0,
hello,6_30,11_17_38,5.2229,0,1,0,5.222926,0.0000,0.0000,0.0000,0.0000,0.0000,0.0000,0,0,,,,,,,,0,0,0,0,0,0,0,0,0,0,0,0,0,0,0,0,0,0,0,0,0,0,0,0,0,0,0,0,0,0,0,0,0,0,0,0,0,0,0,0,0,0,0,0,0,0,0,0,0,0,0,
hello,6_30,11_17_38,5.2266,0,1,0,5.226554,0.0000,0.0000,0.0000,0.0000,0.0000,0.0000,0,0,,,,,,,,0,0,0,0,0,0,0,0,0,0,0,0,0,0,0,0,0,0,0,0,0,0,0,0,0,0,0,0,0,0,0,0,0,0,0,0,0,0,0,0,0,0,0,0,0,0,0,0,0,0,0,
hello,6_30,11_17_38,5.2300,0,1,0,5.230025,0.0000,0.0000,0.0000,0.0000,0.0000,0.0000,0,0,,,,,,,,0,0,0,0,0,0,0,0,0,0,0,0,0,0,0,0,0,0,0,0,0,0,0,0,0,0,0,0,0,0,0,0,0,0,0,0,0,0,0,0,0,0,0,0,0,0,0,0,0,0,0,
hello,6_30,11_17_38,5.2334,0,1,0,5.233386,0.0000,0.0000,0.0000,0.0000,0.0000,0.0000,0,0,,,,,,,,0,0,0,0,0,0,0,0,0,0,0,0,0,0,0,0,0,0,0,0,0,0,0,0,0,0,0,0,0,0,0,0,0,0,0,0,0,0,0,0,0,0,0,0,0,0,0,0,0,0,0,
hello,6_30,11_17_38,5.2369,0,1,0,5.236857,0.0000,0.0000,0.0000,0.0000,0.0000,0.0000,0,0,,,,,,,,0,0,0,0,0,0,0,0,0,0,0,0,0,0,0,0,0,0,0,0,0,0,0,0,0,0,0,0,0,0,0,0,0,0,0,0,0,0,0,0,0,0,0,0,0,0,0,0,0,0,0,
hello,6_30,11_17_38,5.2403,0,1,0,5.240304,0.0000,0.0000,0.0000,0.0000,0.0000,0.0000,0,0,,,,,,,,0,0,0,0,0,0,0,0,0,0,0,0,0,0,0,0,0,0,0,0,0,0,0,0,0,0,0,0,0,0,0,0,0,0,0,0,0,0,0,0,0,0,0,0,0,0,0,0,0,0,0,
hello,6_30,11_17_38,5.2441,0,1,0,5.244139,0.0000,0.0000,0.0000,0.0000,0.0000,0.0000,0,0,,,,,,,,0,0,0,0,0,0,0,0,0,0,0,0,0,0,0,0,0,0,0,0,0,0,0,0,0,0,0,0,0,0,0,0,0,0,0,0,0,0,0,0,0,0,0,0,0,0,0,0,0,0,0,
hello,6_30,11_17_38,5.2479,0,1,0,5.2479,0.0000,0.0000,0.0000,0.0000,0.0000,0.0000,0,0,,,,,,,,0,0,0,0,0,0,0,0,0,0,0,0,0,0,0,0,0,0,0,0,0,0,0,0,0,0,0,0,0,0,0,0,0,0,0,0,0,0,0,0,0,0,0,0,0,0,0,0,0,0,0,
hello,6_30,11_17_38,5.2513,0,1,0,5.251279,0.0000,0.0000,0.0000,0.0000,0.0000,0.0000,0,0,,,,,,,,0,0,0,0,0,0,0,0,0,0,0,0,0,0,0,0,0,0,0,0,0,0,0,0,0,0,0,0,0,0,0,0,0,0,0,0,0,0,0,0,0,0,0,0,0,0,0,0,0,0,0,
hello,6_30,11_17_38,5.2547,0,1,0,5.254708,0.0000,0.0000,0.0000,0.0000,0.0000,0.0000,0,0,,,,,,,,0,0,0,0,0,0,0,0,0,0,0,0,0,0,0,0,0,0,0,0,0,0,0,0,0,0,0,0,0,0,0,0,0,0,0,0,0,0,0,0,0,0,0,0,0,0,0,0,0,0,0,
hello,6_30,11_17_38,5.2580,0,1,0,5.258035,0.0000,0.0000,0.0000,0.0000,0.0000,0.0000,0,0,,,,,,,,0,0,0,0,0,0,0,0,0,0,0,0,0,0,0,0,0,0,0,0,0,0,0,0,0,0,0,0,0,0,0,0,0,0,0,0,0,0,0,0,0,0,0,0,0,0,0,0,0,0,0,
hello,6_30,11_17_38,5.2614,0,1,0,5.261384,0.0000,0.0000,0.0000,0.0000,0.0000,0.0000,0,0,,,,,,,,0,0,0,0,0,0,0,0,0,0,0,0,0,0,0,0,0,0,0,0,0,0,0,0,0,0,0,0,0,0,0,0,0,0,0,0,0,0,0,0,0,0,0,0,0,0,0,0,0,0,0,
hello,6_30,11_17_38,5.2650,0,1,0,5.265003,0.0000,0.0000,0.0000,0.0000,0.0000,0.0000,0,0,,,,,,,,0,0,0,0,0,0,0,0,0,0,0,0,0,0,0,0,0,0,0,0,0,0,0,0,0,0,0,0,0,0,0,0,0,0,0,0,0,0,0,0,0,0,0,0,0,0,0,0,0,0,0,
hello,6_30,11_17_38,5.2683,0,1,0,5.268288,0.0000,0.0000,0.0000,0.0000,0.0000,0.0000,0,0,,,,,,,,0,0,0,0,0,0,0,0,0,0,0,0,0,0,0,0,0,0,0,0,0,0,0,0,0,0,0,0,0,0,0,0,0,0,0,0,0,0,0,0,0,0,0,0,0,0,0,0,0,0,0,
hello,6_30,11_17_38,5.2716,0,1,0,5.271618,0.0000,0.0000,0.0000,0.0000,0.0000,0.0000,0,0,,,,,,,,0,0,0,0,0,0,0,0,0,0,0,0,0,0,0,0,0,0,0,0,0,0,0,0,0,0,0,0,0,0,0,0,0,0,0,0,0,0,0,0,0,0,0,0,0,0,0,0,0,0,0,
hello,6_30,11_17_38,5.2750,0,1,0,5.27504,0.0000,0.0000,0.0000,0.0000,0.0000,0.0000,0,0,,,,,,,,0,0,0,0,0,0,0,0,0,0,0,0,0,0,0,0,0,0,0,0,0,0,0,0,0,0,0,0,0,0,0,0,0,0,0,0,0,0,0,0,0,0,0,0,0,0,0,0,0,0,0,
hello,6_30,11_17_38,5.2784,0,1,0,5.27836,0.0000,0.0000,0.0000,0.0000,0.0000,0.0000,0,0,,,,,,,,0,0,0,0,0,0,0,0,0,0,0,0,0,0,0,0,0,0,0,0,0,0,0,0,0,0,0,0,0,0,0,0,0,0,0,0,0,0,0,0,0,0,0,0,0,0,0,0,0,0,0,
hello,6_30,11_17_38,5.2816,0,1,0,5.281617,0.0000,0.0000,0.0000,0.0000,0.0000,0.0000,0,0,,,,,,,,0,0,0,0,0,0,0,0,0,0,0,0,0,0,0,0,0,0,0,0,0,0,0,0,0,0,0,0,0,0,0,0,0,0,0,0,0,0,0,0,0,0,0,0,0,0,0,0,0,0,0,
hello,6_30,11_17_38,5.2851,0,1,0,5.285128,0.0000,0.0000,0.0000,0.0000,0.0000,0.0000,0,0,,,,,,,,0,0,0,0,0,0,0,0,0,0,0,0,0,0,0,0,0,0,0,0,0,0,0,0,0,0,0,0,0,0,0,0,0,0,0,0,0,0,0,0,0,0,0,0,0,0,0,0,0,0,0,
hello,6_30,11_17_38,5.2885,0,1,0,5.288474,0.0000,0.0000,0.0000,0.0000,0.0000,0.0000,0,0,,,,,,,,0,0,0,0,0,0,0,0,0,0,0,0,0,0,0,0,0,0,0,0,0,0,0,0,0,0,0,0,0,0,0,0,0,0,0,0,0,0,0,0,0,0,0,0,0,0,0,0,0,0,0,
hello,6_30,11_17_38,5.2922,0,1,0,5.292237,0.0000,0.0000,0.0000,0.0000,0.0000,0.0000,0,0,,,,,,,,0,0,0,0,0,0,0,0,0,0,0,0,0,0,0,0,0,0,0,0,0,0,0,0,0,0,0,0,0,0,0,0,0,0,0,0,0,0,0,0,0,0,0,0,0,0,0,0,0,0,0,
hello,6_30,11_17_38,5.2959,0,1,0,5.295853,0.0000,0.0000,0.0000,0.0000,0.0000,0.0000,0,0,,,,,,,,0,0,0,0,0,0,0,0,0,0,0,0,0,0,0,0,0,0,0,0,0,0,0,0,0,0,0,0,0,0,0,0,0,0,0,0,0,0,0,0,0,0,0,0,0,0,0,0,0,0,0,
hello,6_30,11_17_38,5.2993,0,1,0,5.299318,0.0000,0.0000,0.0000,0.0000,0.0000,0.0000,0,0,,,,,,,,0,0,0,0,0,0,0,0,0,0,0,0,0,0,0,0,0,0,0,0,0,0,0,0,0,0,0,0,0,0,0,0,0,0,0,0,0,0,0,0,0,0,0,0,0,0,0,0,0,0,0,
hello,6_30,11_17_38,5.3026,0,1,0,5.302625,0.0000,0.0000,0.0000,0.0000,0.0000,0.0000,0,0,,,,,,,,0,0,0,0,0,0,0,0,0,0,0,0,0,0,0,0,0,0,0,0,0,0,0,0,0,0,0,0,0,0,0,0,0,0,0,0,0,0,0,0,0,0,0,0,0,0,0,0,0,0,0,
hello,6_30,11_17_38,5.3061,0,1,0,5.306118,0.0000,0.0000,0.0000,0.0000,0.0000,0.0000,0,0,,,,,,,,0,0,0,0,0,0,0,0,0,0,0,0,0,0,0,0,0,0,0,0,0,0,0,0,0,0,0,0,0,0,0,0,0,0,0,0,0,0,0,0,0,0,0,0,0,0,0,0,0,0,0,
hello,6_30,11_17_38,5.3095,0,1,0,5.309459,0.0000,0.0000,0.0000,0.0000,0.0000,0.0000,0,0,,,,,,,,0,0,0,0,0,0,0,0,0,0,0,0,0,0,0,0,0,0,0,0,0,0,0,0,0,0,0,0,0,0,0,0,0,0,0,0,0,0,0,0,0,0,0,0,0,0,0,0,0,0,0,
hello,6_30,11_17_38,5.3128,0,1,0,5.312823,0.0000,0.0000,0.0000,0.0000,0.0000,0.0000,0,0,,,,,,,,0,0,0,0,0,0,0,0,0,0,0,0,0,0,0,0,0,0,0,0,0,0,0,0,0,0,0,0,0,0,0,0,0,0,0,0,0,0,0,0,0,0,0,0,0,0,0,0,0,0,0,
hello,6_30,11_17_38,5.3161,0,1,0,5.31614,0.0000,0.0000,0.0000,0.0000,0.0000,0.0000,0,0,,,,,,,,0,0,0,0,0,0,0,0,0,0,0,0,0,0,0,0,0,0,0,0,0,0,0,0,0,0,0,0,0,0,0,0,0,0,0,0,0,0,0,0,0,0,0,0,0,0,0,0,0,0,0,
hello,6_30,11_17_38,5.3195,0,1,0,5.319453,0.0000,0.0000,0.0000,0.0000,0.0000,0.0000,0,0,,,,,,,,0,0,0,0,0,0,0,0,0,0,0,0,0,0,0,0,0,0,0,0,0,0,0,0,0,0,0,0,0,0,0,0,0,0,0,0,0,0,0,0,0,0,0,0,0,0,0,0,0,0,0,
hello,6_30,11_17_38,5.3228,0,1,0,5.322812,0.0000,0.0000,0.0000,0.0000,0.0000,0.0000,0,0,,,,,,,,0,0,0,0,0,0,0,0,0,0,0,0,0,0,0,0,0,0,0,0,0,0,0,0,0,0,0,0,0,0,0,0,0,0,0,0,0,0,0,0,0,0,0,0,0,0,0,0,0,0,0,
hello,6_30,11_17_38,5.3264,0,1,0,5.32636,0.0000,0.0000,0.0000,0.0000,0.0000,0.0000,0,0,,,,,,,,0,0,0,0,0,0,0,0,0,0,0,0,0,0,0,0,0,0,0,0,0,0,0,0,0,0,0,0,0,0,0,0,0,0,0,0,0,0,0,0,0,0,0,0,0,0,0,0,0,0,0,
hello,6_30,11_17_38,5.3301,0,1,0,5.330118,0.0000,0.0000,0.0000,0.0000,0.0000,0.0000,0,0,,,,,,,,0,0,0,0,0,0,0,0,0,0,0,0,0,0,0,0,0,0,0,0,0,0,0,0,0,0,0,0,0,0,0,0,0,0,0,0,0,0,0,0,0,0,0,0,0,0,0,0,0,0,0,
hello,6_30,11_17_38,5.3334,0,1,0,5.33343,0.0000,0.0000,0.0000,0.0000,0.0000,0.0000,0,0,,,,,,,,0,0,0,0,0,0,0,0,0,0,0,0,0,0,0,0,0,0,0,0,0,0,0,0,0,0,0,0,0,0,0,0,0,0,0,0,0,0,0,0,0,0,0,0,0,0,0,0,0,0,0,
hello,6_30,11_17_38,5.3369,0,1,0,5.336901,0.0000,0.0000,0.0000,0.0000,0.0000,0.0000,0,0,,,,,,,,0,0,0,0,0,0,0,0,0,0,0,0,0,0,0,0,0,0,0,0,0,0,0,0,0,0,0,0,0,0,0,0,0,0,0,0,0,0,0,0,0,0,0,0,0,0,0,0,0,0,0,
hello,6_30,11_17_38,5.3402,0,1,0,5.340249,0.0000,0.0000,0.0000,0.0000,0.0000,0.0000,0,0,,,,,,,,0,0,0,0,0,0,0,0,0,0,0,0,0,0,0,0,0,0,0,0,0,0,0,0,0,0,0,0,0,0,0,0,0,0,0,0,0,0,0,0,0,0,0,0,0,0,0,0,0,0,0,
hello,6_30,11_17_38,5.3441,0,1,0,5.344073,0.0000,0.0000,0.0000,0.0000,0.0000,0.0000,0,0,,,,,,,,0,0,0,0,0,0,0,0,0,0,0,0,0,0,0,0,0,0,0,0,0,0,0,0,0,0,0,0,0,0,0,0,0,0,0,0,0,0,0,0,0,0,0,0,0,0,0,0,0,0,0,
hello,6_30,11_17_38,5.3478,0,1,0,5.347846,0.0000,0.0000,0.0000,0.0000,0.0000,0.0000,0,0,,,,,,,,0,0,0,0,0,0,0,0,0,0,0,0,0,0,0,0,0,0,0,0,0,0,0,0,0,0,0,0,0,0,0,0,0,0,0,0,0,0,0,0,0,0,0,0,0,0,0,0,0,0,0,
hello,6_30,11_17_38,5.3514,0,1,0,5.351363,0.0000,0.0000,0.0000,0.0000,0.0000,0.0000,0,0,,,,,,,,0,0,0,0,0,0,0,0,0,0,0,0,0,0,0,0,0,0,0,0,0,0,0,0,0,0,0,0,0,0,0,0,0,0,0,0,0,0,0,0,0,0,0,0,0,0,0,0,0,0,0,
hello,6_30,11_17_38,5.3548,0,1,0,5.354755,0.0000,0.0000,0.0000,0.0000,0.0000,0.0000,0,0,,,,,,,,0,0,0,0,0,0,0,0,0,0,0,0,0,0,0,0,0,0,0,0,0,0,0,0,0,0,0,0,0,0,0,0,0,0,0,0,0,0,0,0,0,0,0,0,0,0,0,0,0,0,0,
hello,6_30,11_17_38,5.3659,0,1,0,5.365947,0.0000,0.0000,0.0000,0.0000,0.0000,0.0000,0,0,,,,,,,,0,0,0,0,0,0,0,0,0,0,0,0,0,0,0,0,0,0,0,0,0,0,0,0,0,0,0,0,0,0,0,0,0,0,0,0,0,0,0,0,0,0,0,0,0,0,0,0,0,0,0,
hello,6_30,11_17_38,5.3696,0,1,0,5.3696,0.0000,0.0000,0.0000,0.0000,0.0000,0.0000,0,0,,,,,,,,0,0,0,0,0,0,0,0,0,0,0,0,0,0,0,0,0,0,0,0,0,0,0,0,0,0,0,0,0,0,0,0,0,0,0,0,0,0,0,0,0,0,0,0,0,0,0,0,0,0,0,
hello,6_30,11_17_38,5.3730,0,1,0,5.373043,0.0000,0.0000,0.0000,0.0000,0.0000,0.0000,0,0,,,,,,,,0,0,0,0,0,0,0,0,0,0,0,0,0,0,0,0,0,0,0,0,0,0,0,0,0,0,0,0,0,0,0,0,0,0,0,0,0,0,0,0,0,0,0,0,0,0,0,0,0,0,0,
hello,6_30,11_17_38,5.3764,0,1,0,5.376379,0.0000,0.0000,0.0000,0.0000,0.0000,0.0000,0,0,,,,,,,,0,0,0,0,0,0,0,0,0,0,0,0,0,0,0,0,0,0,0,0,0,0,0,0,0,0,0,0,0,0,0,0,0,0,0,0,0,0,0,0,0,0,0,0,0,0,0,0,0,0,0,
hello,6_30,11_17_38,5.3796,0,1,0,5.379642,0.0000,0.0000,0.0000,0.0000,0.0000,0.0000,0,0,,,,,,,,0,0,0,0,0,0,0,0,0,0,0,0,0,0,0,0,0,0,0,0,0,0,0,0,0,0,0,0,0,0,0,0,0,0,0,0,0,0,0,0,0,0,0,0,0,0,0,0,0,0,0,
hello,6_30,11_17_38,5.3830,0,1,0,5.382976,0.0000,0.0000,0.0000,0.0000,0.0000,0.0000,0,0,,,,,,,,0,0,0,0,0,0,0,0,0,0,0,0,0,0,0,0,0,0,0,0,0,0,0,0,0,0,0,0,0,0,0,0,0,0,0,0,0,0,0,0,0,0,0,0,0,0,0,0,0,0,0,
hello,6_30,11_17_38,5.3865,0,1,0,5.386494,0.0000,0.0000,0.0000,0.0000,0.0000,0.0000,0,0,,,,,,,,0,0,0,0,0,0,0,0,0,0,0,0,0,0,0,0,0,0,0,0,0,0,0,0,0,0,0,0,0,0,0,0,0,0,0,0,0,0,0,0,0,0,0,0,0,0,0,0,0,0,0,
hello,6_30,11_17_38,5.3899,0,1,0,5.389869,0.0000,0.0000,0.0000,0.0000,0.0000,0.0000,0,0,,,,,,,,0,0,0,0,0,0,0,0,0,0,0,0,0,0,0,0,0,0,0,0,0,0,0,0,0,0,0,0,0,0,0,0,0,0,0,0,0,0,0,0,0,0,0,0,0,0,0,0,0,0,0,
hello,6_30,11_17_38,5.3933,0,1,0,5.393336,0.0000,0.0000,0.0000,0.0000,0.0000,0.0000,0,0,,,,,,,,0,0,0,0,0,0,0,0,0,0,0,0,0,0,0,0,0,0,0,0,0,0,0,0,0,0,0,0,0,0,0,0,0,0,0,0,0,0,0,0,0,0,0,0,0,0,0,0,0,0,0,
hello,6_30,11_17_38,5.3967,0,1,0,5.396665,0.0000,0.0000,0.0000,0.0000,0.0000,0.0000,0,0,,,,,,,,0,0,0,0,0,0,0,0,0,0,0,0,0,0,0,0,0,0,0,0,0,0,0,0,0,0,0,0,0,0,0,0,0,0,0,0,0,0,0,0,0,0,0,0,0,0,0,0,0,0,0,
hello,6_30,11_17_38,5.4001,0,1,0,5.400094,0.0000,0.0000,0.0000,0.0000,0.0000,0.0000,0,0,,,,,,,,0,0,0,0,0,0,0,0,0,0,0,0,0,0,0,0,0,0,0,0,0,0,0,0,0,0,0,0,0,0,0,0,0,0,0,0,0,0,0,0,0,0,0,0,0,0,0,0,0,0,0,
hello,6_30,11_17_38,5.4039,0,1,0,5.403853,0.0000,0.0000,0.0000,0.0000,0.0000,0.0000,0,0,,,,,,,,0,0,0,0,0,0,0,0,0,0,0,0,0,0,0,0,0,0,0,0,0,0,0,0,0,0,0,0,0,0,0,0,0,0,0,0,0,0,0,0,0,0,0,0,0,0,0,0,0,0,0,
hello,6_30,11_17_38,5.4073,0,1,0,5.407295,0.0000,0.0000,0.0000,0.0000,0.0000,0.0000,0,0,,,,,,,,0,0,0,0,0,0,0,0,0,0,0,0,0,0,0,0,0,0,0,0,0,0,0,0,0,0,0,0,0,0,0,0,0,0,0,0,0,0,0,0,0,0,0,0,0,0,0,0,0,0,0,
hello,6_30,11_17_38,5.4109,0,1,0,5.410858,0.0000,0.0000,0.0000,0.0000,0.0000,0.0000,0,0,,,,,,,,0,0,0,0,0,0,0,0,0,0,0,0,0,0,0,0,0,0,0,0,0,0,0,0,0,0,0,0,0,0,0,0,0,0,0,0,0,0,0,0,0,0,0,0,0,0,0,0,0,0,0,
hello,6_30,11_17_38,5.4145,0,1,0,5.414489,0.0000,0.0000,0.0000,0.0000,0.0000,0.0000,0,0,,,,,,,,0,0,0,0,0,0,0,0,0,0,0,0,0,0,0,0,0,0,0,0,0,0,0,0,0,0,0,0,0,0,0,0,0,0,0,0,0,0,0,0,0,0,0,0,0,0,0,0,0,0,0,
hello,6_30,11_17_38,5.4180,0,1,0,5.41796,0.0000,0.0000,0.0000,0.0000,0.0000,0.0000,0,0,,,,,,,,0,0,0,0,0,0,0,0,0,0,0,0,0,0,0,0,0,0,0,0,0,0,0,0,0,0,0,0,0,0,0,0,0,0,0,0,0,0,0,0,0,0,0,0,0,0,0,0,0,0,0,
hello,6_30,11_17_38,5.4212,0,1,0,5.421225,0.0000,0.0000,0.0000,0.0000,0.0000,0.0000,0,0,,,,,,,,0,0,0,0,0,0,0,0,0,0,0,0,0,0,0,0,0,0,0,0,0,0,0,0,0,0,0,0,0,0,0,0,0,0,0,0,0,0,0,0,0,0,0,0,0,0,0,0,0,0,0,
hello,6_30,11_17_38,5.4249,0,1,0,5.424894,0.0000,0.0000,0.0000,0.0000,0.0000,0.0000,0,0,,,,,,,,0,0,0,0,0,0,0,0,0,0,0,0,0,0,0,0,0,0,0,0,0,0,0,0,0,0,0,0,0,0,0,0,0,0,0,0,0,0,0,0,0,0,0,0,0,0,0,0,0,0,0,
hello,6_30,11_17_38,5.4282,0,1,0,5.428239,0.0000,0.0000,0.0000,0.0000,0.0000,0.0000,0,0,,,,,,,,0,0,0,0,0,0,0,0,0,0,0,0,0,0,0,0,0,0,0,0,0,0,0,0,0,0,0,0,0,0,0,0,0,0,0,0,0,0,0,0,0,0,0,0,0,0,0,0,0,0,0,
hello,6_30,11_17_38,5.4316,0,1,0,5.431593,0.0000,0.0000,0.0000,0.0000,0.0000,0.0000,0,0,,,,,,,,0,0,0,0,0,0,0,0,0,0,0,0,0,0,0,0,0,0,0,0,0,0,0,0,0,0,0,0,0,0,0,0,0,0,0,0,0,0,0,0,0,0,0,0,0,0,0,0,0,0,0,
hello,6_30,11_17_38,5.4350,0,1,0,5.434966,0.0000,0.0000,0.0000,0.0000,0.0000,0.0000,0,0,,,,,,,,0,0,0,0,0,0,0,0,0,0,0,0,0,0,0,0,0,0,0,0,0,0,0,0,0,0,0,0,0,0,0,0,0,0,0,0,0,0,0,0,0,0,0,0,0,0,0,0,0,0,0,
hello,6_30,11_17_38,5.4382,0,1,0,5.438211,0.0000,0.0000,0.0000,0.0000,0.0000,0.0000,0,0,,,,,,,,0,0,0,0,0,0,0,0,0,0,0,0,0,0,0,0,0,0,0,0,0,0,0,0,0,0,0,0,0,0,0,0,0,0,0,0,0,0,0,0,0,0,0,0,0,0,0,0,0,0,0,
hello,6_30,11_17_38,5.4415,0,1,0,5.441512,0.0000,0.0000,0.0000,0.0000,0.0000,0.0000,0,0,,,,,,,,0,0,0,0,0,0,0,0,0,0,0,0,0,0,0,0,0,0,0,0,0,0,0,0,0,0,0,0,0,0,0,0,0,0,0,0,0,0,0,0,0,0,0,0,0,0,0,0,0,0,0,
hello,6_30,11_17_38,5.4450,0,1,0,5.445001,0.0000,0.0000,0.0000,0.0000,0.0000,0.0000,0,0,,,,,,,,0,0,0,0,0,0,0,0,0,0,0,0,0,0,0,0,0,0,0,0,0,0,0,0,0,0,0,0,0,0,0,0,0,0,0,0,0,0,0,0,0,0,0,0,0,0,0,0,0,0,0,
hello,6_30,11_17_38,5.4483,0,1,0,5.448343,0.0000,0.0000,0.0000,0.0000,0.0000,0.0000,0,0,,,,,,,,0,0,0,0,0,0,0,0,0,0,0,0,0,0,0,0,0,0,0,0,0,0,0,0,0,0,0,0,0,0,0,0,0,0,0,0,0,0,0,0,0,0,0,0,0,0,0,0,0,0,0,
hello,6_30,11_17_38,5.4516,0,1,0,5.45162,0.0000,0.0000,0.0000,0.0000,0.0000,0.0000,0,0,,,,,,,,0,0,0,0,0,0,0,0,0,0,0,0,0,0,0,0,0,0,0,0,0,0,0,0,0,0,0,0,0,0,0,0,0,0,0,0,0,0,0,0,0,0,0,0,0,0,0,0,0,0,0,
hello,6_30,11_17_38,5.4550,0,1,0,5.455015,0.0000,0.0000,0.0000,0.0000,0.0000,0.0000,0,0,,,,,,,,0,0,0,0,0,0,0,0,0,0,0,0,0,0,0,0,0,0,0,0,0,0,0,0,0,0,0,0,0,0,0,0,0,0,0,0,0,0,0,0,0,0,0,0,0,0,0,0,0,0,0,
hello,6_30,11_17_38,5.4584,0,1,0,5.458443,0.0000,0.0000,0.0000,0.0000,0.0000,0.0000,0,0,,,,,,,,0,0,0,0,0,0,0,0,0,0,0,0,0,0,0,0,0,0,0,0,0,0,0,0,0,0,0,0,0,0,0,0,0,0,0,0,0,0,0,0,0,0,0,0,0,0,0,0,0,0,0,
hello,6_30,11_17_38,5.4621,0,1,0,5.462118,0.0000,0.0000,0.0000,0.0000,0.0000,0.0000,0,0,,,,,,,,0,0,0,0,0,0,0,0,0,0,0,0,0,0,0,0,0,0,0,0,0,0,0,0,0,0,0,0,0,0,0,0,0,0,0,0,0,0,0,0,0,0,0,0,0,0,0,0,0,0,0,
hello,6_30,11_17_38,5.4656,0,1,0,5.465626,0.0000,0.0000,0.0000,0.0000,0.0000,0.0000,0,0,,,,,,,,0,0,0,0,0,0,0,0,0,0,0,0,0,0,0,0,0,0,0,0,0,0,0,0,0,0,0,0,0,0,0,0,0,0,0,0,0,0,0,0,0,0,0,0,0,0,0,0,0,0,0,
hello,6_30,11_17_38,5.4690,0,1,0,5.468953,0.0000,0.0000,0.0000,0.0000,0.0000,0.0000,0,0,,,,,,,,0,0,0,0,0,0,0,0,0,0,0,0,0,0,0,0,0,0,0,0,0,0,0,0,0,0,0,0,0,0,0,0,0,0,0,0,0,0,0,0,0,0,0,0,0,0,0,0,0,0,0,
hello,6_30,11_17_38,5.4723,0,1,0,5.472342,0.0000,0.0000,0.0000,0.0000,0.0000,0.0000,0,0,,,,,,,,0,0,0,0,0,0,0,0,0,0,0,0,0,0,0,0,0,0,0,0,0,0,0,0,0,0,0,0,0,0,0,0,0,0,0,0,0,0,0,0,0,0,0,0,0,0,0,0,0,0,0,
hello,6_30,11_17_38,5.4757,0,1,0,5.475685,0.0000,0.0000,0.0000,0.0000,0.0000,0.0000,0,0,,,,,,,,0,0,0,0,0,0,0,0,0,0,0,0,0,0,0,0,0,0,0,0,0,0,0,0,0,0,0,0,0,0,0,0,0,0,0,0,0,0,0,0,0,0,0,0,0,0,0,0,0,0,0,
hello,6_30,11_17_38,5.4792,0,1,0,5.479208,0.0000,0.0000,0.0000,0.0000,0.0000,0.0000,0,0,,,,,,,,0,0,0,0,0,0,0,0,0,0,0,0,0,0,0,0,0,0,0,0,0,0,0,0,0,0,0,0,0,0,0,0,0,0,0,0,0,0,0,0,0,0,0,0,0,0,0,0,0,0,0,
hello,6_30,11_17_38,5.4826,0,1,0,5.482608,0.0000,0.0000,0.0000,0.0000,0.0000,0.0000,0,0,,,,,,,,0,0,0,0,0,0,0,0,0,0,0,0,0,0,0,0,0,0,0,0,0,0,0,0,0,0,0,0,0,0,0,0,0,0,0,0,0,0,0,0,0,0,0,0,0,0,0,0,0,0,0,
hello,6_30,11_17_38,5.4862,0,1,0,5.486152,0.0000,0.0000,0.0000,0.0000,0.0000,0.0000,0,0,,,,,,,,0,0,0,0,0,0,0,0,0,0,0,0,0,0,0,0,0,0,0,0,0,0,0,0,0,0,0,0,0,0,0,0,0,0,0,0,0,0,0,0,0,0,0,0,0,0,0,0,0,0,0,
hello,6_30,11_17_38,5.4895,0,1,0,5.489457,0.0000,0.0000,0.0000,0.0000,0.0000,0.0000,0,0,,,,,,,,0,0,0,0,0,0,0,0,0,0,0,0,0,0,0,0,0,0,0,0,0,0,0,0,0,0,0,0,0,0,0,0,0,0,0,0,0,0,0,0,0,0,0,0,0,0,0,0,0,0,0,
hello,6_30,11_17_38,5.4928,0,1,0,5.492785,0.0000,0.0000,0.0000,0.0000,0.0000,0.0000,0,0,,,,,,,,0,0,0,0,0,0,0,0,0,0,0,0,0,0,0,0,0,0,0,0,0,0,0,0,0,0,0,0,0,0,0,0,0,0,0,0,0,0,0,0,0,0,0,0,0,0,0,0,0,0,0,
hello,6_30,11_17_38,5.4962,0,1,0,5.496176,0.0000,0.0000,0.0000,0.0000,0.0000,0.0000,0,0,,,,,,,,0,0,0,0,0,0,0,0,0,0,0,0,0,0,0,0,0,0,0,0,0,0,0,0,0,0,0,0,0,0,0,0,0,0,0,0,0,0,0,0,0,0,0,0,0,0,0,0,0,0,0,
hello,6_30,11_17_38,5.4995,0,1,0,5.499489,0.0000,0.0000,0.0000,0.0000,0.0000,0.0000,0,0,,,,,,,,0,0,0,0,0,0,0,0,0,0,0,0,0,0,0,0,0,0,0,0,0,0,0,0,0,0,0,0,0,0,0,0,0,0,0,0,0,0,0,0,0,0,0,0,0,0,0,0,0,0,0,
hello,6_30,11_17_38,5.5027,0,1,0,5.502707,0.0000,0.0000,0.0000,0.0000,0.0000,0.0000,0,0,,,,,,,,0,0,0,0,0,0,0,0,0,0,0,0,0,0,0,0,0,0,0,0,0,0,0,0,0,0,0,0,0,0,0,0,0,0,0,0,0,0,0,0,0,0,0,0,0,0,0,0,0,0,0,
hello,6_30,11_17_38,5.5062,0,1,0,5.506178,0.0000,0.0000,0.0000,0.0000,0.0000,0.0000,0,0,,,,,,,,0,0,0,0,0,0,0,0,0,0,0,0,0,0,0,0,0,0,0,0,0,0,0,0,0,0,0,0,0,0,0,0,0,0,0,0,0,0,0,0,0,0,0,0,0,0,0,0,0,0,0,
hello,6_30,11_17_38,5.5095,0,1,0,5.509505,0.0000,0.0000,0.0000,0.0000,0.0000,0.0000,0,0,,,,,,,,0,0,0,0,0,0,0,0,0,0,0,0,0,0,0,0,0,0,0,0,0,0,0,0,0,0,0,0,0,0,0,0,0,0,0,0,0,0,0,0,0,0,0,0,0,0,0,0,0,0,0,
hello,6_30,11_17_38,5.5127,0,1,0,5.512746,0.0000,0.0000,0.0000,0.0000,0.0000,0.0000,0,0,,,,,,,,0,0,0,0,0,0,0,0,0,0,0,0,0,0,0,0,0,0,0,0,0,0,0,0,0,0,0,0,0,0,0,0,0,0,0,0,0,0,0,0,0,0,0,0,0,0,0,0,0,0,0,
hello,6_30,11_17_38,5.5161,0,1,0,5.516085,0.0000,0.0000,0.0000,0.0000,0.0000,0.0000,0,0,,,,,,,,0,0,0,0,0,0,0,0,0,0,0,0,0,0,0,0,0,0,0,0,0,0,0,0,0,0,0,0,0,0,0,0,0,0,0,0,0,0,0,0,0,0,0,0,0,0,0,0,0,0,0,
hello,6_30,11_17_38,5.5196,0,1,0,5.519611,0.0000,0.0000,0.0000,0.0000,0.0000,0.0000,0,0,,,,,,,,0,0,0,0,0,0,0,0,0,0,0,0,0,0,0,0,0,0,0,0,0,0,0,0,0,0,0,0,0,0,0,0,0,0,0,0,0,0,0,0,0,0,0,0,0,0,0,0,0,0,0,
hello,6_30,11_17_38,5.5233,0,1,0,5.523285,0.0000,0.0000,0.0000,0.0000,0.0000,0.0000,0,0,,,,,,,,0,0,0,0,0,0,0,0,0,0,0,0,0,0,0,0,0,0,0,0,0,0,0,0,0,0,0,0,0,0,0,0,0,0,0,0,0,0,0,0,0,0,0,0,0,0,0,0,0,0,0,
hello,6_30,11_17_38,5.5272,0,1,0,5.527224,0.0000,0.0000,0.0000,0.0000,0.0000,0.0000,0,0,,,,,,,,0,0,0,0,0,0,0,0,0,0,0,0,0,0,0,0,0,0,0,0,0,0,0,0,0,0,0,0,0,0,0,0,0,0,0,0,0,0,0,0,0,0,0,0,0,0,0,0,0,0,0,
hello,6_30,11_17_38,5.5308,0,1,0,5.530834,0.0000,0.0000,0.0000,0.0000,0.0000,0.0000,0,0,,,,,,,,0,0,0,0,0,0,0,0,0,0,0,0,0,0,0,0,0,0,0,0,0,0,0,0,0,0,0,0,0,0,0,0,0,0,0,0,0,0,0,0,0,0,0,0,0,0,0,0,0,0,0,
hello,6_30,11_17_38,5.5342,0,1,0,5.534167,0.0000,0.0000,0.0000,0.0000,0.0000,0.0000,0,0,,,,,,,,0,0,0,0,0,0,0,0,0,0,0,0,0,0,0,0,0,0,0,0,0,0,0,0,0,0,0,0,0,0,0,0,0,0,0,0,0,0,0,0,0,0,0,0,0,0,0,0,0,0,0,
hello,6_30,11_17_38,5.5376,0,1,0,5.537565,0.0000,0.0000,0.0000,0.0000,0.0000,0.0000,0,0,,,,,,,,0,0,0,0,0,0,0,0,0,0,0,0,0,0,0,0,0,0,0,0,0,0,0,0,0,0,0,0,0,0,0,0,0,0,0,0,0,0,0,0,0,0,0,0,0,0,0,0,0,0,0,
hello,6_30,11_17_38,5.5409,0,1,0,5.540938,0.0000,0.0000,0.0000,0.0000,0.0000,0.0000,0,0,,,,,,,,0,0,0,0,0,0,0,0,0,0,0,0,0,0,0,0,0,0,0,0,0,0,0,0,0,0,0,0,0,0,0,0,0,0,0,0,0,0,0,0,0,0,0,0,0,0,0,0,0,0,0,
hello,6_30,11_17_38,5.5447,0,1,0,5.544715,0.0000,0.0000,0.0000,0.0000,0.0000,0.0000,0,0,,,,,,,,0,0,0,0,0,0,0,0,0,0,0,0,0,0,0,0,0,0,0,0,0,0,0,0,0,0,0,0,0,0,0,0,0,0,0,0,0,0,0,0,0,0,0,0,0,0,0,0,0,0,0,
hello,6_30,11_17_38,5.5482,0,1,0,5.548167,0.0000,0.0000,0.0000,0.0000,0.0000,0.0000,0,0,,,,,,,,0,0,0,0,0,0,0,0,0,0,0,0,0,0,0,0,0,0,0,0,0,0,0,0,0,0,0,0,0,0,0,0,0,0,0,0,0,0,0,0,0,0,0,0,0,0,0,0,0,0,0,
hello,6_30,11_17_38,5.5516,0,1,0,5.551625,0.0000,0.0000,0.0000,0.0000,0.0000,0.0000,0,0,,,,,,,,0,0,0,0,0,0,0,0,0,0,0,0,0,0,0,0,0,0,0,0,0,0,0,0,0,0,0,0,0,0,0,0,0,0,0,0,0,0,0,0,0,0,0,0,0,0,0,0,0,0,0,
hello,6_30,11_17_38,5.5550,0,1,0,5.554983,0.0000,0.0000,0.0000,0.0000,0.0000,0.0000,0,0,,,,,,,,0,0,0,0,0,0,0,0,0,0,0,0,0,0,0,0,0,0,0,0,0,0,0,0,0,0,0,0,0,0,0,0,0,0,0,0,0,0,0,0,0,0,0,0,0,0,0,0,0,0,0,
hello,6_30,11_17_38,5.5670,0,1,0,5.567036,0.0000,0.0000,0.0000,0.0000,0.0000,0.0000,0,0,,,,,,,,0,0,0,0,0,0,0,0,0,0,0,0,0,0,0,0,0,0,0,0,0,0,0,0,0,0,0,0,0,0,0,0,0,0,0,0,0,0,0,0,0,0,0,0,0,0,0,0,0,0,0,
hello,6_30,11_17_38,5.5709,0,1,0,5.570854,0.0000,0.0000,0.0000,0.0000,0.0000,0.0000,0,0,,,,,,,,0,0,0,0,0,0,0,0,0,0,0,0,0,0,0,0,0,0,0,0,0,0,0,0,0,0,0,0,0,0,0,0,0,0,0,0,0,0,0,0,0,0,0,0,0,0,0,0,0,0,0,
hello,6_30,11_17_38,5.5744,0,1,0,5.574418,0.0000,0.0000,0.0000,0.0000,0.0000,0.0000,0,0,,,,,,,,0,0,0,0,0,0,0,0,0,0,0,0,0,0,0,0,0,0,0,0,0,0,0,0,0,0,0,0,0,0,0,0,0,0,0,0,0,0,0,0,0,0,0,0,0,0,0,0,0,0,0,
hello,6_30,11_17_38,5.5783,0,1,0,5.57829,0.0000,0.0000,0.0000,0.0000,0.0000,0.0000,0,0,,,,,,,,0,0,0,0,0,0,0,0,0,0,0,0,0,0,0,0,0,0,0,0,0,0,0,0,0,0,0,0,0,0,0,0,0,0,0,0,0,0,0,0,0,0,0,0,0,0,0,0,0,0,0,
hello,6_30,11_17_38,5.5817,0,1,0,5.581683,0.0000,0.0000,0.0000,0.0000,0.0000,0.0000,0,0,,,,,,,,0,0,0,0,0,0,0,0,0,0,0,0,0,0,0,0,0,0,0,0,0,0,0,0,0,0,0,0,0,0,0,0,0,0,0,0,0,0,0,0,0,0,0,0,0,0,0,0,0,0,0,
hello,6_30,11_17_38,5.5853,0,1,0,5.585271,0.0000,0.0000,0.0000,0.0000,0.0000,0.0000,0,0,,,,,,,,0,0,0,0,0,0,0,0,0,0,0,0,0,0,0,0,0,0,0,0,0,0,0,0,0,0,0,0,0,0,0,0,0,0,0,0,0,0,0,0,0,0,0,0,0,0,0,0,0,0,0,
hello,6_30,11_17_38,5.5888,0,1,0,5.588828,0.0000,0.0000,0.0000,0.0000,0.0000,0.0000,0,0,,,,,,,,0,0,0,0,0,0,0,0,0,0,0,0,0,0,0,0,0,0,0,0,0,0,0,0,0,0,0,0,0,0,0,0,0,0,0,0,0,0,0,0,0,0,0,0,0,0,0,0,0,0,0,
hello,6_30,11_17_38,5.5923,0,1,0,5.592263,0.0000,0.0000,0.0000,0.0000,0.0000,0.0000,0,0,,,,,,,,0,0,0,0,0,0,0,0,0,0,0,0,0,0,0,0,0,0,0,0,0,0,0,0,0,0,0,0,0,0,0,0,0,0,0,0,0,0,0,0,0,0,0,0,0,0,0,0,0,0,0,
hello,6_30,11_17_38,5.5959,0,1,0,5.595889,0.0000,0.0000,0.0000,0.0000,0.0000,0.0000,0,0,,,,,,,,0,0,0,0,0,0,0,0,0,0,0,0,0,0,0,0,0,0,0,0,0,0,0,0,0,0,0,0,0,0,0,0,0,0,0,0,0,0,0,0,0,0,0,0,0,0,0,0,0,0,0,
hello,6_30,11_17_38,5.5992,0,1,0,5.59916,0.0000,0.0000,0.0000,0.0000,0.0000,0.0000,0,0,,,,,,,,0,0,0,0,0,0,0,0,0,0,0,0,0,0,0,0,0,0,0,0,0,0,0,0,0,0,0,0,0,0,0,0,0,0,0,0,0,0,0,0,0,0,0,0,0,0,0,0,0,0,0,
hello,6_30,11_17_38,5.6024,0,1,0,5.602396,0.0000,0.0000,0.0000,0.0000,0.0000,0.0000,0,0,,,,,,,,0,0,0,0,0,0,0,0,0,0,0,0,0,0,0,0,0,0,0,0,0,0,0,0,0,0,0,0,0,0,0,0,0,0,0,0,0,0,0,0,0,0,0,0,0,0,0,0,0,0,0,
hello,6_30,11_17_38,5.6059,0,1,0,5.605927,0.0000,0.0000,0.0000,0.0000,0.0000,0.0000,0,0,,,,,,,,0,0,0,0,0,0,0,0,0,0,0,0,0,0,0,0,0,0,0,0,0,0,0,0,0,0,0,0,0,0,0,0,0,0,0,0,0,0,0,0,0,0,0,0,0,0,0,0,0,0,0,
hello,6_30,11_17_38,5.6094,0,1,0,5.609378,0.0000,0.0000,0.0000,0.0000,0.0000,0.0000,0,0,,,,,,,,0,0,0,0,0,0,0,0,0,0,0,0,0,0,0,0,0,0,0,0,0,0,0,0,0,0,0,0,0,0,0,0,0,0,0,0,0,0,0,0,0,0,0,0,0,0,0,0,0,0,0,
hello,6_30,11_17_38,5.6129,0,1,0,5.612891,0.0000,0.0000,0.0000,0.0000,0.0000,0.0000,0,0,,,,,,,,0,0,0,0,0,0,0,0,0,0,0,0,0,0,0,0,0,0,0,0,0,0,0,0,0,0,0,0,0,0,0,0,0,0,0,0,0,0,0,0,0,0,0,0,0,0,0,0,0,0,0,
hello,6_30,11_17_38,5.6164,0,1,0,5.616363,0.0000,0.0000,0.0000,0.0000,0.0000,0.0000,0,0,,,,,,,,0,0,0,0,0,0,0,0,0,0,0,0,0,0,0,0,0,0,0,0,0,0,0,0,0,0,0,0,0,0,0,0,0,0,0,0,0,0,0,0,0,0,0,0,0,0,0,0,0,0,0,
hello,6_30,11_17_38,5.6198,0,1,0,5.619849,0.0000,0.0000,0.0000,0.0000,0.0000,0.0000,0,0,,,,,,,,0,0,0,0,0,0,0,0,0,0,0,0,0,0,0,0,0,0,0,0,0,0,0,0,0,0,0,0,0,0,0,0,0,0,0,0,0,0,0,0,0,0,0,0,0,0,0,0,0,0,0,
hello,6_30,11_17_38,5.6234,0,1,0,5.623409,0.0000,0.0000,0.0000,0.0000,0.0000,0.0000,0,0,,,,,,,,0,0,0,0,0,0,0,0,0,0,0,0,0,0,0,0,0,0,0,0,0,0,0,0,0,0,0,0,0,0,0,0,0,0,0,0,0,0,0,0,0,0,0,0,0,0,0,0,0,0,0,
hello,6_30,11_17_38,5.6270,0,1,0,5.62696,0.0000,0.0000,0.0000,0.0000,0.0000,0.0000,0,0,,,,,,,,0,0,0,0,0,0,0,0,0,0,0,0,0,0,0,0,0,0,0,0,0,0,0,0,0,0,0,0,0,0,0,0,0,0,0,0,0,0,0,0,0,0,0,0,0,0,0,0,0,0,0,
hello,6_30,11_17_38,5.6305,0,1,0,5.630509,0.0000,0.0000,0.0000,0.0000,0.0000,0.0000,0,0,,,,,,,,0,0,0,0,0,0,0,0,0,0,0,0,0,0,0,0,0,0,0,0,0,0,0,0,0,0,0,0,0,0,0,0,0,0,0,0,0,0,0,0,0,0,0,0,0,0,0,0,0,0,0,
hello,6_30,11_17_38,5.6340,0,1,0,5.633964,0.0000,0.0000,0.0000,0.0000,0.0000,0.0000,0,0,,,,,,,,0,0,0,0,0,0,0,0,0,0,0,0,0,0,0,0,0,0,0,0,0,0,0,0,0,0,0,0,0,0,0,0,0,0,0,0,0,0,0,0,0,0,0,0,0,0,0,0,0,0,0,
hello,6_30,11_17_38,5.6374,0,1,0,5.637383,0.0000,0.0000,0.0000,0.0000,0.0000,0.0000,0,0,,,,,,,,0,0,0,0,0,0,0,0,0,0,0,0,0,0,0,0,0,0,0,0,0,0,0,0,0,0,0,0,0,0,0,0,0,0,0,0,0,0,0,0,0,0,0,0,0,0,0,0,0,0,0,
hello,6_30,11_17_38,5.6409,0,1,0,5.640891,0.0000,0.0000,0.0000,0.0000,0.0000,0.0000,0,0,,,,,,,,0,0,0,0,0,0,0,0,0,0,0,0,0,0,0,0,0,0,0,0,0,0,0,0,0,0,0,0,0,0,0,0,0,0,0,0,0,0,0,0,0,0,0,0,0,0,0,0,0,0,0,
hello,6_30,11_17_38,5.6446,0,1,0,5.644626,0.0000,0.0000,0.0000,0.0000,0.0000,0.0000,0,0,,,,,,,,0,0,0,0,0,0,0,0,0,0,0,0,0,0,0,0,0,0,0,0,0,0,0,0,0,0,0,0,0,0,0,0,0,0,0,0,0,0,0,0,0,0,0,0,0,0,0,0,0,0,0,
hello,6_30,11_17_38,5.6484,0,1,0,5.648414,0.0000,0.0000,0.0000,0.0000,0.0000,0.0000,0,0,,,,,,,,0,0,0,0,0,0,0,0,0,0,0,0,0,0,0,0,0,0,0,0,0,0,0,0,0,0,0,0,0,0,0,0,0,0,0,0,0,0,0,0,0,0,0,0,0,0,0,0,0,0,0,
hello,6_30,11_17_38,5.6518,0,1,0,5.651792,0.0000,0.0000,0.0000,0.0000,0.0000,0.0000,0,0,,,,,,,,0,0,0,0,0,0,0,0,0,0,0,0,0,0,0,0,0,0,0,0,0,0,0,0,0,0,0,0,0,0,0,0,0,0,0,0,0,0,0,0,0,0,0,0,0,0,0,0,0,0,0,
hello,6_30,11_17_38,5.6551,0,1,0,5.655105,0.0000,0.0000,0.0000,0.0000,0.0000,0.0000,0,0,,,,,,,,0,0,0,0,0,0,0,0,0,0,0,0,0,0,0,0,0,0,0,0,0,0,0,0,0,0,0,0,0,0,0,0,0,0,0,0,0,0,0,0,0,0,0,0,0,0,0,0,0,0,0,
hello,6_30,11_17_38,5.6585,0,1,0,5.658457,0.0000,0.0000,0.0000,0.0000,0.0000,0.0000,0,0,,,,,,,,0,0,0,0,0,0,0,0,0,0,0,0,0,0,0,0,0,0,0,0,0,0,0,0,0,0,0,0,0,0,0,0,0,0,0,0,0,0,0,0,0,0,0,0,0,0,0,0,0,0,0,
hello,6_30,11_17_38,5.6620,0,1,0,5.662012,0.0000,0.0000,0.0000,0.0000,0.0000,0.0000,0,0,,,,,,,,0,0,0,0,0,0,0,0,0,0,0,0,0,0,0,0,0,0,0,0,0,0,0,0,0,0,0,0,0,0,0,0,0,0,0,0,0,0,0,0,0,0,0,0,0,0,0,0,0,0,0,
hello,6_30,11_17_38,5.6656,0,1,0,5.665643,0.0000,0.0000,0.0000,0.0000,0.0000,0.0000,0,0,,,,,,,,0,0,0,0,0,0,0,0,0,0,0,0,0,0,0,0,0,0,0,0,0,0,0,0,0,0,0,0,0,0,0,0,0,0,0,0,0,0,0,0,0,0,0,0,0,0,0,0,0,0,0,
hello,6_30,11_17_38,5.6689,0,1,0,5.668889,0.0000,0.0000,0.0000,0.0000,0.0000,0.0000,0,0,,,,,,,,0,0,0,0,0,0,0,0,0,0,0,0,0,0,0,0,0,0,0,0,0,0,0,0,0,0,0,0,0,0,0,0,0,0,0,0,0,0,0,0,0,0,0,0,0,0,0,0,0,0,0,
hello,6_30,11_17_38,5.6722,0,1,0,5.67222,0.0000,0.0000,0.0000,0.0000,0.0000,0.0000,0,0,,,,,,,,0,0,0,0,0,0,0,0,0,0,0,0,0,0,0,0,0,0,0,0,0,0,0,0,0,0,0,0,0,0,0,0,0,0,0,0,0,0,0,0,0,0,0,0,0,0,0,0,0,0,0,
hello,6_30,11_17_38,5.6756,0,1,0,5.675592,0.0000,0.0000,0.0000,0.0000,0.0000,0.0000,0,0,,,,,,,,0,0,0,0,0,0,0,0,0,0,0,0,0,0,0,0,0,0,0,0,0,0,0,0,0,0,0,0,0,0,0,0,0,0,0,0,0,0,0,0,0,0,0,0,0,0,0,0,0,0,0,
hello,6_30,11_17_38,5.6790,0,1,0,5.678992,0.0000,0.0000,0.0000,0.0000,0.0000,0.0000,0,0,,,,,,,,0,0,0,0,0,0,0,0,0,0,0,0,0,0,0,0,0,0,0,0,0,0,0,0,0,0,0,0,0,0,0,0,0,0,0,0,0,0,0,0,0,0,0,0,0,0,0,0,0,0,0,
hello,6_30,11_17_38,5.6822,0,1,0,5.68223,0.0000,0.0000,0.0000,0.0000,0.0000,0.0000,0,0,,,,,,,,0,0,0,0,0,0,0,0,0,0,0,0,0,0,0,0,0,0,0,0,0,0,0,0,0,0,0,0,0,0,0,0,0,0,0,0,0,0,0,0,0,0,0,0,0,0,0,0,0,0,0,
hello,6_30,11_17_38,5.6857,0,1,0,5.685734,0.0000,0.0000,0.0000,0.0000,0.0000,0.0000,0,0,,,,,,,,0,0,0,0,0,0,0,0,0,0,0,0,0,0,0,0,0,0,0,0,0,0,0,0,0,0,0,0,0,0,0,0,0,0,0,0,0,0,0,0,0,0,0,0,0,0,0,0,0,0,0,
hello,6_30,11_17_38,5.6891,0,1,0,5.689112,0.0000,0.0000,0.0000,0.0000,0.0000,0.0000,0,0,,,,,,,,0,0,0,0,0,0,0,0,0,0,0,0,0,0,0,0,0,0,0,0,0,0,0,0,0,0,0,0,0,0,0,0,0,0,0,0,0,0,0,0,0,0,0,0,0,0,0,0,0,0,0,
hello,6_30,11_17_38,5.6924,0,1,0,5.692435,0.0000,0.0000,0.0000,0.0000,0.0000,0.0000,0,0,,,,,,,,0,0,0,0,0,0,0,0,0,0,0,0,0,0,0,0,0,0,0,0,0,0,0,0,0,0,0,0,0,0,0,0,0,0,0,0,0,0,0,0,0,0,0,0,0,0,0,0,0,0,0,
hello,6_30,11_17_38,5.6959,0,1,0,5.695928,0.0000,0.0000,0.0000,0.0000,0.0000,0.0000,0,0,,,,,,,,0,0,0,0,0,0,0,0,0,0,0,0,0,0,0,0,0,0,0,0,0,0,0,0,0,0,0,0,0,0,0,0,0,0,0,0,0,0,0,0,0,0,0,0,0,0,0,0,0,0,0,
hello,6_30,11_17_38,5.6993,0,1,0,5.699312,0.0000,0.0000,0.0000,0.0000,0.0000,0.0000,0,0,,,,,,,,0,0,0,0,0,0,0,0,0,0,0,0,0,0,0,0,0,0,0,0,0,0,0,0,0,0,0,0,0,0,0,0,0,0,0,0,0,0,0,0,0,0,0,0,0,0,0,0,0,0,0,
hello,6_30,11_17_38,5.7028,0,1,0,5.702784,0.0000,0.0000,0.0000,0.0000,0.0000,0.0000,0,0,,,,,,,,0,0,0,0,0,0,0,0,0,0,0,0,0,0,0,0,0,0,0,0,0,0,0,0,0,0,0,0,0,0,0,0,0,0,0,0,0,0,0,0,0,0,0,0,0,0,0,0,0,0,0,
hello,6_30,11_17_38,5.7063,0,1,0,5.706339,0.0000,0.0000,0.0000,0.0000,0.0000,0.0000,0,0,,,,,,,,0,0,0,0,0,0,0,0,0,0,0,0,0,0,0,0,0,0,0,0,0,0,0,0,0,0,0,0,0,0,0,0,0,0,0,0,0,0,0,0,0,0,0,0,0,0,0,0,0,0,0,
hello,6_30,11_17_38,5.7097,0,1,0,5.709688,0.0000,0.0000,0.0000,0.0000,0.0000,0.0000,0,0,,,,,,,,0,0,0,0,0,0,0,0,0,0,0,0,0,0,0,0,0,0,0,0,0,0,0,0,0,0,0,0,0,0,0,0,0,0,0,0,0,0,0,0,0,0,0,0,0,0,0,0,0,0,0,
hello,6_30,11_17_38,5.7132,0,1,0,5.71321,0.0000,0.0000,0.0000,0.0000,0.0000,0.0000,0,0,,,,,,,,0,0,0,0,0,0,0,0,0,0,0,0,0,0,0,0,0,0,0,0,0,0,0,0,0,0,0,0,0,0,0,0,0,0,0,0,0,0,0,0,0,0,0,0,0,0,0,0,0,0,0,
hello,6_30,11_17_38,5.7166,0,1,0,5.716558,0.0000,0.0000,0.0000,0.0000,0.0000,0.0000,0,0,,,,,,,,0,0,0,0,0,0,0,0,0,0,0,0,0,0,0,0,0,0,0,0,0,0,0,0,0,0,0,0,0,0,0,0,0,0,0,0,0,0,0,0,0,0,0,0,0,0,0,0,0,0,0,
hello,6_30,11_17_38,5.7200,0,1,0,5.720021,0.0000,0.0000,0.0000,0.0000,0.0000,0.0000,0,0,,,,,,,,0,0,0,0,0,0,0,0,0,0,0,0,0,0,0,0,0,0,0,0,0,0,0,0,0,0,0,0,0,0,0,0,0,0,0,0,0,0,0,0,0,0,0,0,0,0,0,0,0,0,0,
hello,6_30,11_17_38,5.7237,0,1,0,5.723725,0.0000,0.0000,0.0000,0.0000,0.0000,0.0000,0,0,,,,,,,,0,0,0,0,0,0,0,0,0,0,0,0,0,0,0,0,0,0,0,0,0,0,0,0,0,0,0,0,0,0,0,0,0,0,0,0,0,0,0,0,0,0,0,0,0,0,0,0,0,0,0,
hello,6_30,11_17_38,5.7271,0,1,0,5.727062,0.0000,0.0000,0.0000,0.0000,0.0000,0.0000,0,0,,,,,,,,0,0,0,0,0,0,0,0,0,0,0,0,0,0,0,0,0,0,0,0,0,0,0,0,0,0,0,0,0,0,0,0,0,0,0,0,0,0,0,0,0,0,0,0,0,0,0,0,0,0,0,
hello,6_30,11_17_38,5.7305,0,1,0,5.730455,0.0000,0.0000,0.0000,0.0000,0.0000,0.0000,0,0,,,,,,,,0,0,0,0,0,0,0,0,0,0,0,0,0,0,0,0,0,0,0,0,0,0,0,0,0,0,0,0,0,0,0,0,0,0,0,0,0,0,0,0,0,0,0,0,0,0,0,0,0,0,0,
hello,6_30,11_17_38,5.7340,0,1,0,5.734012,0.0000,0.0000,0.0000,0.0000,0.0000,0.0000,0,0,,,,,,,,0,0,0,0,0,0,0,0,0,0,0,0,0,0,0,0,0,0,0,0,0,0,0,0,0,0,0,0,0,0,0,0,0,0,0,0,0,0,0,0,0,0,0,0,0,0,0,0,0,0,0,
hello,6_30,11_17_38,5.7374,0,1,0,5.737442,0.0000,0.0000,0.0000,0.0000,0.0000,0.0000,0,0,,,,,,,,0,0,0,0,0,0,0,0,0,0,0,0,0,0,0,0,0,0,0,0,0,0,0,0,0,0,0,0,0,0,0,0,0,0,0,0,0,0,0,0,0,0,0,0,0,0,0,0,0,0,0,
hello,6_30,11_17_38,5.7408,0,1,0,5.740761,0.0000,0.0000,0.0000,0.0000,0.0000,0.0000,0,0,,,,,,,,0,0,0,0,0,0,0,0,0,0,0,0,0,0,0,0,0,0,0,0,0,0,0,0,0,0,0,0,0,0,0,0,0,0,0,0,0,0,0,0,0,0,0,0,0,0,0,0,0,0,0,
hello,6_30,11_17_38,5.7443,0,1,0,5.74431,0.0000,0.0000,0.0000,0.0000,0.0000,0.0000,0,0,,,,,,,,0,0,0,0,0,0,0,0,0,0,0,0,0,0,0,0,0,0,0,0,0,0,0,0,0,0,0,0,0,0,0,0,0,0,0,0,0,0,0,0,0,0,0,0,0,0,0,0,0,0,0,
hello,6_30,11_17_38,5.7476,0,1,0,5.74761,0.0000,0.0000,0.0000,0.0000,0.0000,0.0000,0,0,,,,,,,,0,0,0,0,0,0,0,0,0,0,0,0,0,0,0,0,0,0,0,0,0,0,0,0,0,0,0,0,0,0,0,0,0,0,0,0,0,0,0,0,0,0,0,0,0,0,0,0,0,0,0,
hello,6_30,11_17_38,5.7509,0,1,0,5.750885,0.0000,0.0000,0.0000,0.0000,0.0000,0.0000,0,0,,,,,,,,0,0,0,0,0,0,0,0,0,0,0,0,0,0,0,0,0,0,0,0,0,0,0,0,0,0,0,0,0,0,0,0,0,0,0,0,0,0,0,0,0,0,0,0,0,0,0,0,0,0,0,
hello,6_30,11_17_38,5.7541,0,1,0,5.754146,0.0000,0.0000,0.0000,0.0000,0.0000,0.0000,0,0,,,,,,,,0,0,0,0,0,0,0,0,0,0,0,0,0,0,0,0,0,0,0,0,0,0,0,0,0,0,0,0,0,0,0,0,0,0,0,0,0,0,0,0,0,0,0,0,0,0,0,0,0,0,0,
hello,6_30,11_17_39,5.7574,0,1,0,5.75739,0.0000,0.0000,0.0000,0.0000,0.0000,0.0000,0,0,,,,,,,,0,0,0,0,0,0,0,0,0,0,0,0,0,0,0,0,0,0,0,0,0,0,0,0,0,0,0,0,0,0,0,0,0,0,0,0,0,0,0,0,0,0,0,0,0,0,0,0,0,0,0,
hello,6_30,11_17_39,5.7699,0,1,0,5.769866,0.0000,0.0000,0.0000,0.0000,0.0000,0.0000,0,0,,,,,,,,0,0,0,0,0,0,0,0,0,0,0,0,0,0,0,0,0,0,0,0,0,0,0,0,0,0,0,0,0,0,0,0,0,0,0,0,0,0,0,0,0,0,0,0,0,0,0,0,0,0,0,
hello,6_30,11_17_39,5.7736,0,1,0,5.773647,0.0000,0.0000,0.0000,0.0000,0.0000,0.0000,0,0,,,,,,,,0,0,0,0,0,0,0,0,0,0,0,0,0,0,0,0,0,0,0,0,0,0,0,0,0,0,0,0,0,0,0,0,0,0,0,0,0,0,0,0,0,0,0,0,0,0,0,0,0,0,0,
hello,6_30,11_17_39,5.7771,0,1,0,5.777097,0.0000,0.0000,0.0000,0.0000,0.0000,0.0000,0,0,,,,,,,,0,0,0,0,0,0,0,0,0,0,0,0,0,0,0,0,0,0,0,0,0,0,0,0,0,0,0,0,0,0,0,0,0,0,0,0,0,0,0,0,0,0,0,0,0,0,0,0,0,0,0,
hello,6_30,11_17_39,5.7805,0,1,0,5.780497,0.0000,0.0000,0.0000,0.0000,0.0000,0.0000,0,0,,,,,,,,0,0,0,0,0,0,0,0,0,0,0,0,0,0,0,0,0,0,0,0,0,0,0,0,0,0,0,0,0,0,0,0,0,0,0,0,0,0,0,0,0,0,0,0,0,0,0,0,0,0,0,
hello,6_30,11_17_39,5.7842,0,1,0,5.784197,0.0000,0.0000,0.0000,0.0000,0.0000,0.0000,0,0,,,,,,,,0,0,0,0,0,0,0,0,0,0,0,0,0,0,0,0,0,0,0,0,0,0,0,0,0,0,0,0,0,0,0,0,0,0,0,0,0,0,0,0,0,0,0,0,0,0,0,0,0,0,0,
hello,6_30,11_17_39,5.7876,0,1,0,5.787565,0.0000,0.0000,0.0000,0.0000,0.0000,0.0000,0,0,,,,,,,,0,0,0,0,0,0,0,0,0,0,0,0,0,0,0,0,0,0,0,0,0,0,0,0,0,0,0,0,0,0,0,0,0,0,0,0,0,0,0,0,0,0,0,0,0,0,0,0,0,0,0,
hello,6_30,11_17_39,5.7910,0,1,0,5.790978,0.0000,0.0000,0.0000,0.0000,0.0000,0.0000,0,0,,,,,,,,0,0,0,0,0,0,0,0,0,0,0,0,0,0,0,0,0,0,0,0,0,0,0,0,0,0,0,0,0,0,0,0,0,0,0,0,0,0,0,0,0,0,0,0,0,0,0,0,0,0,0,
hello,6_30,11_17_39,5.7944,0,1,0,5.794393,0.0000,0.0000,0.0000,0.0000,0.0000,0.0000,0,0,,,,,,,,0,0,0,0,0,0,0,0,0,0,0,0,0,0,0,0,0,0,0,0,0,0,0,0,0,0,0,0,0,0,0,0,0,0,0,0,0,0,0,0,0,0,0,0,0,0,0,0,0,0,0,
hello,6_30,11_17_39,5.7979,0,1,0,5.797894,0.0000,0.0000,0.0000,0.0000,0.0000,0.0000,0,0,,,,,,,,0,0,0,0,0,0,0,0,0,0,0,0,0,0,0,0,0,0,0,0,0,0,0,0,0,0,0,0,0,0,0,0,0,0,0,0,0,0,0,0,0,0,0,0,0,0,0,0,0,0,0,
hello,6_30,11_17_39,5.8013,0,1,0,5.801267,0.0000,0.0000,0.0000,0.0000,0.0000,0.0000,0,0,,,,,,,,0,0,0,0,0,0,0,0,0,0,0,0,0,0,0,0,0,0,0,0,0,0,0,0,0,0,0,0,0,0,0,0,0,0,0,0,0,0,0,0,0,0,0,0,0,0,0,0,0,0,0,
hello,6_30,11_17_39,5.8050,0,1,0,5.804968,0.0000,0.0000,0.0000,0.0000,0.0000,0.0000,0,0,,,,,,,,0,0,0,0,0,0,0,0,0,0,0,0,0,0,0,0,0,0,0,0,0,0,0,0,0,0,0,0,0,0,0,0,0,0,0,0,0,0,0,0,0,0,0,0,0,0,0,0,0,0,0,
hello,6_30,11_17_39,5.8083,0,1,0,5.808314,0.0000,0.0000,0.0000,0.0000,0.0000,0.0000,0,0,,,,,,,,0,0,0,0,0,0,0,0,0,0,0,0,0,0,0,0,0,0,0,0,0,0,0,0,0,0,0,0,0,0,0,0,0,0,0,0,0,0,0,0,0,0,0,0,0,0,0,0,0,0,0,
hello,6_30,11_17_39,5.8188,0,1,0,5.818783,0.0000,0.0000,0.0000,0.0000,0.0000,0.0000,0,0,,,,,,,,0,0,0,0,0,0,0,0,0,0,0,0,0,0,0,0,0,0,0,0,0,0,0,0,0,0,0,0,0,0,0,0,0,0,0,0,0,0,0,0,0,0,0,0,0,0,0,0,0,0,0,
hello,6_30,11_17_39,5.8221,0,1,0,5.822148,0.0000,0.0000,0.0000,0.0000,0.0000,0.0000,0,0,,,,,,,,0,0,0,0,0,0,0,0,0,0,0,0,0,0,0,0,0,0,0,0,0,0,0,0,0,0,0,0,0,0,0,0,0,0,0,0,0,0,0,0,0,0,0,0,0,0,0,0,0,0,0,
hello,6_30,11_17_39,5.8257,0,1,0,5.825737,0.0000,0.0000,0.0000,0.0000,0.0000,0.0000,0,0,,,,,,,,0,0,0,0,0,0,0,0,0,0,0,0,0,0,0,0,0,0,0,0,0,0,0,0,0,0,0,0,0,0,0,0,0,0,0,0,0,0,0,0,0,0,0,0,0,0,0,0,0,0,0,
hello,6_30,11_17_39,5.8293,0,1,0,5.829294,0.0000,0.0000,0.0000,0.0000,0.0000,0.0000,0,0,,,,,,,,0,0,0,0,0,0,0,0,0,0,0,0,0,0,0,0,0,0,0,0,0,0,0,0,0,0,0,0,0,0,0,0,0,0,0,0,0,0,0,0,0,0,0,0,0,0,0,0,0,0,0,
hello,6_30,11_17_39,5.8327,0,1,0,5.832661,0.0000,0.0000,0.0000,0.0000,0.0000,0.0000,0,0,,,,,,,,0,0,0,0,0,0,0,0,0,0,0,0,0,0,0,0,0,0,0,0,0,0,0,0,0,0,0,0,0,0,0,0,0,0,0,0,0,0,0,0,0,0,0,0,0,0,0,0,0,0,0,
hello,6_30,11_17_39,5.8361,0,1,0,5.836087,0.0000,0.0000,0.0000,0.0000,0.0000,0.0000,0,0,,,,,,,,0,0,0,0,0,0,0,0,0,0,0,0,0,0,0,0,0,0,0,0,0,0,0,0,0,0,0,0,0,0,0,0,0,0,0,0,0,0,0,0,0,0,0,0,0,0,0,0,0,0,0,
hello,6_30,11_17_39,5.8393,0,1,0,5.839339,0.0000,0.0000,0.0000,0.0000,0.0000,0.0000,0,0,,,,,,,,0,0,0,0,0,0,0,0,0,0,0,0,0,0,0,0,0,0,0,0,0,0,0,0,0,0,0,0,0,0,0,0,0,0,0,0,0,0,0,0,0,0,0,0,0,0,0,0,0,0,0,
hello,6_30,11_17_39,5.8428,0,1,0,5.842811,0.0000,0.0000,0.0000,0.0000,0.0000,0.0000,0,0,,,,,,,,0,0,0,0,0,0,0,0,0,0,0,0,0,0,0,0,0,0,0,0,0,0,0,0,0,0,0,0,0,0,0,0,0,0,0,0,0,0,0,0,0,0,0,0,0,0,0,0,0,0,0,
hello,6_30,11_17_39,5.8465,0,1,0,5.846542,0.0000,0.0000,0.0000,0.0000,0.0000,0.0000,0,0,,,,,,,,0,0,0,0,0,0,0,0,0,0,0,0,0,0,0,0,0,0,0,0,0,0,0,0,0,0,0,0,0,0,0,0,0,0,0,0,0,0,0,0,0,0,0,0,0,0,0,0,0,0,0,
hello,6_30,11_17_39,5.8499,0,1,0,5.849902,0.0000,0.0000,0.0000,0.0000,0.0000,0.0000,0,0,,,,,,,,0,0,0,0,0,0,0,0,0,0,0,0,0,0,0,0,0,0,0,0,0,0,0,0,0,0,0,0,0,0,0,0,0,0,0,0,0,0,0,0,0,0,0,0,0,0,0,0,0,0,0,
hello,6_30,11_17_39,5.8532,0,1,0,5.853239,0.0000,0.0000,0.0000,0.0000,0.0000,0.0000,0,0,,,,,,,,0,0,0,0,0,0,0,0,0,0,0,0,0,0,0,0,0,0,0,0,0,0,0,0,0,0,0,0,0,0,0,0,0,0,0,0,0,0,0,0,0,0,0,0,0,0,0,0,0,0,0,
hello,6_30,11_17_39,5.8566,0,1,0,5.856609,0.0000,0.0000,0.0000,0.0000,0.0000,0.0000,0,0,,,,,,,,0,0,0,0,0,0,0,0,0,0,0,0,0,0,0,0,0,0,0,0,0,0,0,0,0,0,0,0,0,0,0,0,0,0,0,0,0,0,0,0,0,0,0,0,0,0,0,0,0,0,0,
hello,6_30,11_17_39,5.8599,0,1,0,5.859881,0.0000,0.0000,0.0000,0.0000,0.0000,0.0000,0,0,,,,,,,,0,0,0,0,0,0,0,0,0,0,0,0,0,0,0,0,0,0,0,0,0,0,0,0,0,0,0,0,0,0,0,0,0,0,0,0,0,0,0,0,0,0,0,0,0,0,0,0,0,0,0,
hello,6_30,11_17_39,5.8633,0,1,0,5.863332,0.0000,0.0000,0.0000,0.0000,0.0000,0.0000,0,0,,,,,,,,0,0,0,0,0,0,0,0,0,0,0,0,0,0,0,0,0,0,0,0,0,0,0,0,0,0,0,0,0,0,0,0,0,0,0,0,0,0,0,0,0,0,0,0,0,0,0,0,0,0,0,
hello,6_30,11_17_39,5.8669,0,1,0,5.866926,0.0000,0.0000,0.0000,0.0000,0.0000,0.0000,0,0,,,,,,,,0,0,0,0,0,0,0,0,0,0,0,0,0,0,0,0,0,0,0,0,0,0,0,0,0,0,0,0,0,0,0,0,0,0,0,0,0,0,0,0,0,0,0,0,0,0,0,0,0,0,0,
hello,6_30,11_17_39,5.8704,0,1,0,5.870352,0.0000,0.0000,0.0000,0.0000,0.0000,0.0000,0,0,,,,,,,,0,0,0,0,0,0,0,0,0,0,0,0,0,0,0,0,0,0,0,0,0,0,0,0,0,0,0,0,0,0,0,0,0,0,0,0,0,0,0,0,0,0,0,0,0,0,0,0,0,0,0,
hello,6_30,11_17_39,5.8741,0,1,0,5.874078,0.0000,0.0000,0.0000,0.0000,0.0000,0.0000,0,0,,,,,,,,0,0,0,0,0,0,0,0,0,0,0,0,0,0,0,0,0,0,0,0,0,0,0,0,0,0,0,0,0,0,0,0,0,0,0,0,0,0,0,0,0,0,0,0,0,0,0,0,0,0,0,
hello,6_30,11_17_39,5.8775,0,1,0,5.877502,0.0000,0.0000,0.0000,0.0000,0.0000,0.0000,0,0,,,,,,,,0,0,0,0,0,0,0,0,0,0,0,0,0,0,0,0,0,0,0,0,0,0,0,0,0,0,0,0,0,0,0,0,0,0,0,0,0,0,0,0,0,0,0,0,0,0,0,0,0,0,0,
hello,6_30,11_17_39,5.8810,0,1,0,5.880972,0.0000,0.0000,0.0000,0.0000,0.0000,0.0000,0,0,,,,,,,,0,0,0,0,0,0,0,0,0,0,0,0,0,0,0,0,0,0,0,0,0,0,0,0,0,0,0,0,0,0,0,0,0,0,0,0,0,0,0,0,0,0,0,0,0,0,0,0,0,0,0,
hello,6_30,11_17_39,5.8848,0,1,0,5.88484,0.0000,0.0000,0.0000,0.0000,0.0000,0.0000,0,0,,,,,,,,0,0,0,0,0,0,0,0,0,0,0,0,0,0,0,0,0,0,0,0,0,0,0,0,0,0,0,0,0,0,0,0,0,0,0,0,0,0,0,0,0,0,0,0,0,0,0,0,0,0,0,
hello,6_30,11_17_39,5.8882,0,1,0,5.888178,0.0000,0.0000,0.0000,0.0000,0.0000,0.0000,0,0,,,,,,,,0,0,0,0,0,0,0,0,0,0,0,0,0,0,0,0,0,0,0,0,0,0,0,0,0,0,0,0,0,0,0,0,0,0,0,0,0,0,0,0,0,0,0,0,0,0,0,0,0,0,0,
hello,6_30,11_17_39,5.8915,0,1,0,5.89151,0.0000,0.0000,0.0000,0.0000,0.0000,0.0000,0,0,,,,,,,,0,0,0,0,0,0,0,0,0,0,0,0,0,0,0,0,0,0,0,0,0,0,0,0,0,0,0,0,0,0,0,0,0,0,0,0,0,0,0,0,0,0,0,0,0,0,0,0,0,0,0,
hello,6_30,11_17_39,5.8950,0,1,0,5.894996,0.0000,0.0000,0.0000,0.0000,0.0000,0.0000,0,0,,,,,,,,0,0,0,0,0,0,0,0,0,0,0,0,0,0,0,0,0,0,0,0,0,0,0,0,0,0,0,0,0,0,0,0,0,0,0,0,0,0,0,0,0,0,0,0,0,0,0,0,0,0,0,
hello,6_30,11_17_39,5.8984,0,1,0,5.898425,0.0000,0.0000,0.0000,0.0000,0.0000,0.0000,0,0,,,,,,,,0,0,0,0,0,0,0,0,0,0,0,0,0,0,0,0,0,0,0,0,0,0,0,0,0,0,0,0,0,0,0,0,0,0,0,0,0,0,0,0,0,0,0,0,0,0,0,0,0,0,0,
hello,6_30,11_17_39,5.9018,0,1,0,5.901771,0.0000,0.0000,0.0000,0.0000,0.0000,0.0000,0,0,,,,,,,,0,0,0,0,0,0,0,0,0,0,0,0,0,0,0,0,0,0,0,0,0,0,0,0,0,0,0,0,0,0,0,0,0,0,0,0,0,0,0,0,0,0,0,0,0,0,0,0,0,0,0,
hello,6_30,11_17_39,5.9056,0,1,0,5.90556,0.0000,0.0000,0.0000,0.0000,0.0000,0.0000,0,0,,,,,,,,0,0,0,0,0,0,0,0,0,0,0,0,0,0,0,0,0,0,0,0,0,0,0,0,0,0,0,0,0,0,0,0,0,0,0,0,0,0,0,0,0,0,0,0,0,0,0,0,0,0,0,
hello,6_30,11_17_39,5.9089,0,1,0,5.908931,0.0000,0.0000,0.0000,0.0000,0.0000,0.0000,0,0,,,,,,,,0,0,0,0,0,0,0,0,0,0,0,0,0,0,0,0,0,0,0,0,0,0,0,0,0,0,0,0,0,0,0,0,0,0,0,0,0,0,0,0,0,0,0,0,0,0,0,0,0,0,0,
hello,6_30,11_17_39,5.9123,0,1,0,5.912291,0.0000,0.0000,0.0000,0.0000,0.0000,0.0000,0,0,,,,,,,,0,0,0,0,0,0,0,0,0,0,0,0,0,0,0,0,0,0,0,0,0,0,0,0,0,0,0,0,0,0,0,0,0,0,0,0,0,0,0,0,0,0,0,0,0,0,0,0,0,0,0,
hello,6_30,11_17_39,5.9157,0,1,0,5.915654,0.0000,0.0000,0.0000,0.0000,0.0000,0.0000,0,0,,,,,,,,0,0,0,0,0,0,0,0,0,0,0,0,0,0,0,0,0,0,0,0,0,0,0,0,0,0,0,0,0,0,0,0,0,0,0,0,0,0,0,0,0,0,0,0,0,0,0,0,0,0,0,
hello,6_30,11_17_39,5.9190,0,1,0,5.918977,0.0000,0.0000,0.0000,0.0000,0.0000,0.0000,0,0,,,,,,,,0,0,0,0,0,0,0,0,0,0,0,0,0,0,0,0,0,0,0,0,0,0,0,0,0,0,0,0,0,0,0,0,0,0,0,0,0,0,0,0,0,0,0,0,0,0,0,0,0,0,0,
hello,6_30,11_17_39,5.9223,0,1,0,5.922314,0.0000,0.0000,0.0000,0.0000,0.0000,0.0000,0,0,,,,,,,,0,0,0,0,0,0,0,0,0,0,0,0,0,0,0,0,0,0,0,0,0,0,0,0,0,0,0,0,0,0,0,0,0,0,0,0,0,0,0,0,0,0,0,0,0,0,0,0,0,0,0,
hello,6_30,11_17_39,5.9258,0,1,0,5.925848,0.0000,0.0000,0.0000,0.0000,0.0000,0.0000,0,0,,,,,,,,0,0,0,0,0,0,0,0,0,0,0,0,0,0,0,0,0,0,0,0,0,0,0,0,0,0,0,0,0,0,0,0,0,0,0,0,0,0,0,0,0,0,0,0,0,0,0,0,0,0,0,
hello,6_30,11_17_39,5.9292,0,1,0,5.929196,0.0000,0.0000,0.0000,0.0000,0.0000,0.0000,0,0,,,,,,,,0,0,0,0,0,0,0,0,0,0,0,0,0,0,0,0,0,0,0,0,0,0,0,0,0,0,0,0,0,0,0,0,0,0,0,0,0,0,0,0,0,0,0,0,0,0,0,0,0,0,0,
hello,6_30,11_17_39,5.9325,0,1,0,5.932549,0.0000,0.0000,0.0000,0.0000,0.0000,0.0000,0,0,,,,,,,,0,0,0,0,0,0,0,0,0,0,0,0,0,0,0,0,0,0,0,0,0,0,0,0,0,0,0,0,0,0,0,0,0,0,0,0,0,0,0,0,0,0,0,0,0,0,0,0,0,0,0,
hello,6_30,11_17_39,5.9361,0,1,0,5.936107,0.0000,0.0000,0.0000,0.0000,0.0000,0.0000,0,0,,,,,,,,0,0,0,0,0,0,0,0,0,0,0,0,0,0,0,0,0,0,0,0,0,0,0,0,0,0,0,0,0,0,0,0,0,0,0,0,0,0,0,0,0,0,0,0,0,0,0,0,0,0,0,
hello,6_30,11_17_39,5.9395,0,1,0,5.939522,0.0000,0.0000,0.0000,0.0000,0.0000,0.0000,0,0,,,,,,,,0,0,0,0,0,0,0,0,0,0,0,0,0,0,0,0,0,0,0,0,0,0,0,0,0,0,0,0,0,0,0,0,0,0,0,0,0,0,0,0,0,0,0,0,0,0,0,0,0,0,0,
hello,6_30,11_17_39,5.9430,0,1,0,5.94295,0.0000,0.0000,0.0000,0.0000,0.0000,0.0000,0,0,,,,,,,,0,0,0,0,0,0,0,0,0,0,0,0,0,0,0,0,0,0,0,0,0,0,0,0,0,0,0,0,0,0,0,0,0,0,0,0,0,0,0,0,0,0,0,0,0,0,0,0,0,0,0,
hello,6_30,11_17_39,5.9467,0,1,0,5.946731,0.0000,0.0000,0.0000,0.0000,0.0000,0.0000,0,0,,,,,,,,0,0,0,0,0,0,0,0,0,0,0,0,0,0,0,0,0,0,0,0,0,0,0,0,0,0,0,0,0,0,0,0,0,0,0,0,0,0,0,0,0,0,0,0,0,0,0,0,0,0,0,
hello,6_30,11_17_39,5.9501,0,1,0,5.950078,0.0000,0.0000,0.0000,0.0000,0.0000,0.0000,0,0,,,,,,,,0,0,0,0,0,0,0,0,0,0,0,0,0,0,0,0,0,0,0,0,0,0,0,0,0,0,0,0,0,0,0,0,0,0,0,0,0,0,0,0,0,0,0,0,0,0,0,0,0,0,0,
hello,6_30,11_17_39,5.9534,0,1,0,5.95336,0.0000,0.0000,0.0000,0.0000,0.0000,0.0000,0,0,,,,,,,,0,0,0,0,0,0,0,0,0,0,0,0,0,0,0,0,0,0,0,0,0,0,0,0,0,0,0,0,0,0,0,0,0,0,0,0,0,0,0,0,0,0,0,0,0,0,0,0,0,0,0,
hello,6_30,11_17_39,5.9566,0,1,0,5.956617,0.0000,0.0000,0.0000,0.0000,0.0000,0.0000,0,0,,,,,,,,0,0,0,0,0,0,0,0,0,0,0,0,0,0,0,0,0,0,0,0,0,0,0,0,0,0,0,0,0,0,0,0,0,0,0,0,0,0,0,0,0,0,0,0,0,0,0,0,0,0,0,
hello,6_30,11_17_39,5.9600,0,1,0,5.960006,0.0000,0.0000,0.0000,0.0000,0.0000,0.0000,0,0,,,,,,,,0,0,0,0,0,0,0,0,0,0,0,0,0,0,0,0,0,0,0,0,0,0,0,0,0,0,0,0,0,0,0,0,0,0,0,0,0,0,0,0,0,0,0,0,0,0,0,0,0,0,0,
hello,6_30,11_17_39,5.9728,0,1,0,5.972844,0.0000,0.0000,0.0000,0.0000,0.0000,0.0000,0,0,,,,,,,,0,0,0,0,0,0,0,0,0,0,0,0,0,0,0,0,0,0,0,0,0,0,0,0,0,0,0,0,0,0,0,0,0,0,0,0,0,0,0,0,0,0,0,0,0,0,0,0,0,0,0,
hello,6_30,11_17_39,5.9763,0,1,0,5.976317,0.0000,0.0000,0.0000,0.0000,0.0000,0.0000,0,0,,,,,,,,0,0,0,0,0,0,0,0,0,0,0,0,0,0,0,0,0,0,0,0,0,0,0,0,0,0,0,0,0,0,0,0,0,0,0,0,0,0,0,0,0,0,0,0,0,0,0,0,0,0,0,
hello,6_30,11_17_39,5.9799,0,1,0,5.979911,0.0000,0.0000,0.0000,0.0000,0.0000,0.0000,0,0,,,,,,,,0,0,0,0,0,0,0,0,0,0,0,0,0,0,0,0,0,0,0,0,0,0,0,0,0,0,0,0,0,0,0,0,0,0,0,0,0,0,0,0,0,0,0,0,0,0,0,0,0,0,0,
hello,6_30,11_17_39,5.9833,0,1,0,5.983262,0.0000,0.0000,0.0000,0.0000,0.0000,0.0000,0,0,,,,,,,,0,0,0,0,0,0,0,0,0,0,0,0,0,0,0,0,0,0,0,0,0,0,0,0,0,0,0,0,0,0,0,0,0,0,0,0,0,0,0,0,0,0,0,0,0,0,0,0,0,0,0,
hello,6_30,11_17_39,5.9869,0,1,0,5.986854,0.0000,0.0000,0.0000,0.0000,0.0000,0.0000,0,0,,,,,,,,0,0,0,0,0,0,0,0,0,0,0,0,0,0,0,0,0,0,0,0,0,0,0,0,0,0,0,0,0,0,0,0,0,0,0,0,0,0,0,0,0,0,0,0,0,0,0,0,0,0,0,
hello,6_30,11_17_39,5.9903,0,1,0,5.990306,0.0000,0.0000,0.0000,0.0000,0.0000,0.0000,0,0,,,,,,,,0,0,0,0,0,0,0,0,0,0,0,0,0,0,0,0,0,0,0,0,0,0,0,0,0,0,0,0,0,0,0,0,0,0,0,0,0,0,0,0,0,0,0,0,0,0,0,0,0,0,0,
hello,6_30,11_17_39,5.9937,0,1,0,5.993714,0.0000,0.0000,0.0000,0.0000,0.0000,0.0000,0,0,,,,,,,,0,0,0,0,0,0,0,0,0,0,0,0,0,0,0,0,0,0,0,0,0,0,0,0,0,0,0,0,0,0,0,0,0,0,0,0,0,0,0,0,0,0,0,0,0,0,0,0,0,0,0,
hello,6_30,11_17_39,5.9971,0,1,0,5.997149,0.0000,0.0000,0.0000,0.0000,0.0000,0.0000,0,0,,,,,,,,0,0,0,0,0,0,0,0,0,0,0,0,0,0,0,0,0,0,0,0,0,0,0,0,0,0,0,0,0,0,0,0,0,0,0,0,0,0,0,0,0,0,0,0,0,0,0,0,0,0,0,
hello,6_30,11_17_39,6.0004,0,1,0,6.00043,0.0000,0.0000,0.0000,0.0000,0.0000,0.0000,0,0,,,,,,,,0,0,0,0,0,0,0,0,0,0,0,0,0,0,0,0,0,0,0,0,0,0,0,0,0,0,0,0,0,0,0,0,0,0,0,0,0,0,0,0,0,0,0,0,0,0,0,0,0,0,0,
hello,6_30,11_17_39,6.0047,0,1,0,6.004655,0.0000,0.0000,0.0000,0.0000,0.0000,0.0000,0,0,,,,,,,,0,0,0,0,0,0,0,0,0,0,0,0,0,0,0,0,0,0,0,0,0,0,0,0,0,0,0,0,0,0,0,0,0,0,0,0,0,0,0,0,0,0,0,0,0,0,0,0,0,0,0,
hello,6_30,11_17_39,6.0081,0,1,0,6.008141,0.0000,0.0000,0.0000,0.0000,0.0000,0.0000,0,0,,,,,,,,0,0,0,0,0,0,0,0,0,0,0,0,0,0,0,0,0,0,0,0,0,0,0,0,0,0,0,0,0,0,0,0,0,0,0,0,0,0,0,0,0,0,0,0,0,0,0,0,0,0,0,
hello,6_30,11_17_39,6.0116,0,1,0,6.011581,0.0000,0.0000,0.0000,0.0000,0.0000,0.0000,0,0,,,,,,,,0,0,0,0,0,0,0,0,0,0,0,0,0,0,0,0,0,0,0,0,0,0,0,0,0,0,0,0,0,0,0,0,0,0,0,0,0,0,0,0,0,0,0,0,0,0,0,0,0,0,0,
hello,6_30,11_17_39,6.0150,0,1,0,6.014976,0.0000,0.0000,0.0000,0.0000,0.0000,0.0000,0,0,,,,,,,,0,0,0,0,0,0,0,0,0,0,0,0,0,0,0,0,0,0,0,0,0,0,0,0,0,0,0,0,0,0,0,0,0,0,0,0,0,0,0,0,0,0,0,0,0,0,0,0,0,0,0,
hello,6_30,11_17_39,6.0184,0,1,0,6.018397,0.0000,0.0000,0.0000,0.0000,0.0000,0.0000,0,0,,,,,,,,0,0,0,0,0,0,0,0,0,0,0,0,0,0,0,0,0,0,0,0,0,0,0,0,0,0,0,0,0,0,0,0,0,0,0,0,0,0,0,0,0,0,0,0,0,0,0,0,0,0,0,
hello,6_30,11_17_39,6.0219,0,1,0,6.021932,0.0000,0.0000,0.0000,0.0000,0.0000,0.0000,0,0,,,,,,,,0,0,0,0,0,0,0,0,0,0,0,0,0,0,0,0,0,0,0,0,0,0,0,0,0,0,0,0,0,0,0,0,0,0,0,0,0,0,0,0,0,0,0,0,0,0,0,0,0,0,0,
hello,6_30,11_17_39,6.0255,0,1,0,6.025541,0.0000,0.0000,0.0000,0.0000,0.0000,0.0000,0,0,,,,,,,,0,0,0,0,0,0,0,0,0,0,0,0,0,0,0,0,0,0,0,0,0,0,0,0,0,0,0,0,0,0,0,0,0,0,0,0,0,0,0,0,0,0,0,0,0,0,0,0,0,0,0,
hello,6_30,11_17_39,6.0291,0,1,0,6.029063,0.0000,0.0000,0.0000,0.0000,0.0000,0.0000,0,0,,,,,,,,0,0,0,0,0,0,0,0,0,0,0,0,0,0,0,0,0,0,0,0,0,0,0,0,0,0,0,0,0,0,0,0,0,0,0,0,0,0,0,0,0,0,0,0,0,0,0,0,0,0,0,
hello,6_30,11_17_39,6.0324,0,1,0,6.032433,0.0000,0.0000,0.0000,0.0000,0.0000,0.0000,0,0,,,,,,,,0,0,0,0,0,0,0,0,0,0,0,0,0,0,0,0,0,0,0,0,0,0,0,0,0,0,0,0,0,0,0,0,0,0,0,0,0,0,0,0,0,0,0,0,0,0,0,0,0,0,0,
hello,6_30,11_17_39,6.0359,0,1,0,6.035853,0.0000,0.0000,0.0000,0.0000,0.0000,0.0000,0,0,,,,,,,,0,0,0,0,0,0,0,0,0,0,0,0,0,0,0,0,0,0,0,0,0,0,0,0,0,0,0,0,0,0,0,0,0,0,0,0,0,0,0,0,0,0,0,0,0,0,0,0,0,0,0,
hello,6_30,11_17_39,6.0395,0,1,0,6.03949,0.0000,0.0000,0.0000,0.0000,0.0000,0.0000,0,0,,,,,,,,0,0,0,0,0,0,0,0,0,0,0,0,0,0,0,0,0,0,0,0,0,0,0,0,0,0,0,0,0,0,0,0,0,0,0,0,0,0,0,0,0,0,0,0,0,0,0,0,0,0,0,
hello,6_30,11_17_39,6.0429,0,1,0,6.042869,0.0000,0.0000,0.0000,0.0000,0.0000,0.0000,0,0,,,,,,,,0,0,0,0,0,0,0,0,0,0,0,0,0,0,0,0,0,0,0,0,0,0,0,0,0,0,0,0,0,0,0,0,0,0,0,0,0,0,0,0,0,0,0,0,0,0,0,0,0,0,0,
hello,6_30,11_17_39,6.0468,0,1,0,6.046848,0.0000,0.0000,0.0000,0.0000,0.0000,0.0000,0,0,,,,,,,,0,0,0,0,0,0,0,0,0,0,0,0,0,0,0,0,0,0,0,0,0,0,0,0,0,0,0,0,0,0,0,0,0,0,0,0,0,0,0,0,0,0,0,0,0,0,0,0,0,0,0,
hello,6_30,11_17_39,6.0502,0,1,0,6.050219,0.0000,0.0000,0.0000,0.0000,0.0000,0.0000,0,0,,,,,,,,0,0,0,0,0,0,0,0,0,0,0,0,0,0,0,0,0,0,0,0,0,0,0,0,0,0,0,0,0,0,0,0,0,0,0,0,0,0,0,0,0,0,0,0,0,0,0,0,0,0,0,
hello,6_30,11_17_39,6.0538,0,1,0,6.053776,0.0000,0.0000,0.0000,0.0000,0.0000,0.0000,0,0,,,,,,,,0,0,0,0,0,0,0,0,0,0,0,0,0,0,0,0,0,0,0,0,0,0,0,0,0,0,0,0,0,0,0,0,0,0,0,0,0,0,0,0,0,0,0,0,0,0,0,0,0,0,0,
hello,6_30,11_17_39,6.0627,0,1,0,6.062701,0.0000,0.0000,0.0000,0.0000,0.0000,0.0000,0,0,,,,,,,,0,0,0,0,0,0,0,0,0,0,0,0,0,0,0,0,0,0,0,0,0,0,0,0,0,0,0,0,0,0,0,0,0,0,0,0,0,0,0,0,0,0,0,0,0,0,0,0,0,0,0,
hello,6_30,11_17_39,6.0664,0,1,0,6.066394,0.0000,0.0000,0.0000,0.0000,0.0000,0.0000,0,0,,,,,,,,0,0,0,0,0,0,0,0,0,0,0,0,0,0,0,0,0,0,0,0,0,0,0,0,0,0,0,0,0,0,0,0,0,0,0,0,0,0,0,0,0,0,0,0,0,0,0,0,0,0,0,
hello,6_30,11_17_39,6.0699,0,1,0,6.069874,0.0000,0.0000,0.0000,0.0000,0.0000,0.0000,0,0,,,,,,,,0,0,0,0,0,0,0,0,0,0,0,0,0,0,0,0,0,0,0,0,0,0,0,0,0,0,0,0,0,0,0,0,0,0,0,0,0,0,0,0,0,0,0,0,0,0,0,0,0,0,0,
hello,6_30,11_17_39,6.0732,0,1,0,6.073203,0.0000,0.0000,0.0000,0.0000,0.0000,0.0000,0,0,,,,,,,,0,0,0,0,0,0,0,0,0,0,0,0,0,0,0,0,0,0,0,0,0,0,0,0,0,0,0,0,0,0,0,0,0,0,0,0,0,0,0,0,0,0,0,0,0,0,0,0,0,0,0,
hello,6_30,11_17_39,6.0765,0,1,0,6.07653,0.0000,0.0000,0.0000,0.0000,0.0000,0.0000,0,0,,,,,,,,0,0,0,0,0,0,0,0,0,0,0,0,0,0,0,0,0,0,0,0,0,0,0,0,0,0,0,0,0,0,0,0,0,0,0,0,0,0,0,0,0,0,0,0,0,0,0,0,0,0,0,
hello,6_30,11_17_39,6.0800,0,1,0,6.079999,0.0000,0.0000,0.0000,0.0000,0.0000,0.0000,0,0,,,,,,,,0,0,0,0,0,0,0,0,0,0,0,0,0,0,0,0,0,0,0,0,0,0,0,0,0,0,0,0,0,0,0,0,0,0,0,0,0,0,0,0,0,0,0,0,0,0,0,0,0,0,0,
hello,6_30,11_17_39,6.0835,0,1,0,6.083457,0.0000,0.0000,0.0000,0.0000,0.0000,0.0000,0,0,,,,,,,,0,0,0,0,0,0,0,0,0,0,0,0,0,0,0,0,0,0,0,0,0,0,0,0,0,0,0,0,0,0,0,0,0,0,0,0,0,0,0,0,0,0,0,0,0,0,0,0,0,0,0,
hello,6_30,11_17_39,6.0868,0,1,0,6.08679,0.0000,0.0000,0.0000,0.0000,0.0000,0.0000,0,0,,,,,,,,0,0,0,0,0,0,0,0,0,0,0,0,0,0,0,0,0,0,0,0,0,0,0,0,0,0,0,0,0,0,0,0,0,0,0,0,0,0,0,0,0,0,0,0,0,0,0,0,0,0,0,
hello,6_30,11_17_39,6.0901,0,1,0,6.090075,0.0000,0.0000,0.0000,0.0000,0.0000,0.0000,0,0,,,,,,,,0,0,0,0,0,0,0,0,0,0,0,0,0,0,0,0,0,0,0,0,0,0,0,0,0,0,0,0,0,0,0,0,0,0,0,0,0,0,0,0,0,0,0,0,0,0,0,0,0,0,0,
hello,6_30,11_17_39,6.0935,0,1,0,6.093491,0.0000,0.0000,0.0000,0.0000,0.0000,0.0000,0,0,,,,,,,,0,0,0,0,0,0,0,0,0,0,0,0,0,0,0,0,0,0,0,0,0,0,0,0,0,0,0,0,0,0,0,0,0,0,0,0,0,0,0,0,0,0,0,0,0,0,0,0,0,0,0,
hello,6_30,11_17_39,6.0970,0,1,0,6.096956,0.0000,0.0000,0.0000,0.0000,0.0000,0.0000,0,0,,,,,,,,0,0,0,0,0,0,0,0,0,0,0,0,0,0,0,0,0,0,0,0,0,0,0,0,0,0,0,0,0,0,0,0,0,0,0,0,0,0,0,0,0,0,0,0,0,0,0,0,0,0,0,
hello,6_30,11_17_39,6.1004,0,1,0,6.100379,0.0000,0.0000,0.0000,0.0000,0.0000,0.0000,0,0,,,,,,,,0,0,0,0,0,0,0,0,0,0,0,0,0,0,0,0,0,0,0,0,0,0,0,0,0,0,0,0,0,0,0,0,0,0,0,0,0,0,0,0,0,0,0,0,0,0,0,0,0,0,0,
hello,6_30,11_17_39,6.1041,0,1,0,6.104086,0.0000,0.0000,0.0000,0.0000,0.0000,0.0000,0,0,,,,,,,,0,0,0,0,0,0,0,0,0,0,0,0,0,0,0,0,0,0,0,0,0,0,0,0,0,0,0,0,0,0,0,0,0,0,0,0,0,0,0,0,0,0,0,0,0,0,0,0,0,0,0,
hello,6_30,11_17_39,6.1075,0,1,0,6.107459,0.0000,0.0000,0.0000,0.0000,0.0000,0.0000,0,0,,,,,,,,0,0,0,0,0,0,0,0,0,0,0,0,0,0,0,0,0,0,0,0,0,0,0,0,0,0,0,0,0,0,0,0,0,0,0,0,0,0,0,0,0,0,0,0,0,0,0,0,0,0,0,
hello,6_30,11_17_39,6.1113,0,1,0,6.111305,0.0000,0.0000,0.0000,0.0000,0.0000,0.0000,0,0,,,,,,,,0,0,0,0,0,0,0,0,0,0,0,0,0,0,0,0,0,0,0,0,0,0,0,0,0,0,0,0,0,0,0,0,0,0,0,0,0,0,0,0,0,0,0,0,0,0,0,0,0,0,0,
hello,6_30,11_17_39,6.1147,0,1,0,6.114717,0.0000,0.0000,0.0000,0.0000,0.0000,0.0000,0,0,,,,,,,,0,0,0,0,0,0,0,0,0,0,0,0,0,0,0,0,0,0,0,0,0,0,0,0,0,0,0,0,0,0,0,0,0,0,0,0,0,0,0,0,0,0,0,0,0,0,0,0,0,0,0,
hello,6_30,11_17_39,6.1182,0,1,0,6.118176,0.0000,0.0000,0.0000,0.0000,0.0000,0.0000,0,0,,,,,,,,0,0,0,0,0,0,0,0,0,0,0,0,0,0,0,0,0,0,0,0,0,0,0,0,0,0,0,0,0,0,0,0,0,0,0,0,0,0,0,0,0,0,0,0,0,0,0,0,0,0,0,
hello,6_30,11_17_39,6.1214,0,1,0,6.121432,0.0000,0.0000,0.0000,0.0000,0.0000,0.0000,0,0,,,,,,,,0,0,0,0,0,0,0,0,0,0,0,0,0,0,0,0,0,0,0,0,0,0,0,0,0,0,0,0,0,0,0,0,0,0,0,0,0,0,0,0,0,0,0,0,0,0,0,0,0,0,0,
hello,6_30,11_17_39,6.1249,0,1,0,6.12487,0.0000,0.0000,0.0000,0.0000,0.0000,0.0000,0,0,,,,,,,,0,0,0,0,0,0,0,0,0,0,0,0,0,0,0,0,0,0,0,0,0,0,0,0,0,0,0,0,0,0,0,0,0,0,0,0,0,0,0,0,0,0,0,0,0,0,0,0,0,0,0,
hello,6_30,11_17_39,6.1284,0,1,0,6.12841,0.0000,0.0000,0.0000,0.0000,0.0000,0.0000,0,0,,,,,,,,0,0,0,0,0,0,0,0,0,0,0,0,0,0,0,0,0,0,0,0,0,0,0,0,0,0,0,0,0,0,0,0,0,0,0,0,0,0,0,0,0,0,0,0,0,0,0,0,0,0,0,
hello,6_30,11_17_39,6.1318,0,1,0,6.13176,0.0000,0.0000,0.0000,0.0000,0.0000,0.0000,0,0,,,,,,,,0,0,0,0,0,0,0,0,0,0,0,0,0,0,0,0,0,0,0,0,0,0,0,0,0,0,0,0,0,0,0,0,0,0,0,0,0,0,0,0,0,0,0,0,0,0,0,0,0,0,0,
hello,6_30,11_17_39,6.1352,0,1,0,6.135172,0.0000,0.0000,0.0000,0.0000,0.0000,0.0000,0,0,,,,,,,,0,0,0,0,0,0,0,0,0,0,0,0,0,0,0,0,0,0,0,0,0,0,0,0,0,0,0,0,0,0,0,0,0,0,0,0,0,0,0,0,0,0,0,0,0,0,0,0,0,0,0,
hello,6_30,11_17_39,6.1385,0,1,0,6.138502,0.0000,0.0000,0.0000,0.0000,0.0000,0.0000,0,0,,,,,,,,0,0,0,0,0,0,0,0,0,0,0,0,0,0,0,0,0,0,0,0,0,0,0,0,0,0,0,0,0,0,0,0,0,0,0,0,0,0,0,0,0,0,0,0,0,0,0,0,0,0,0,
hello,6_30,11_17_39,6.1418,0,1,0,6.141809,0.0000,0.0000,0.0000,0.0000,0.0000,0.0000,0,0,,,,,,,,0,0,0,0,0,0,0,0,0,0,0,0,0,0,0,0,0,0,0,0,0,0,0,0,0,0,0,0,0,0,0,0,0,0,0,0,0,0,0,0,0,0,0,0,0,0,0,0,0,0,0,
hello,6_30,11_17_39,6.1456,0,1,0,6.145577,0.0000,0.0000,0.0000,0.0000,0.0000,0.0000,0,0,,,,,,,,0,0,0,0,0,0,0,0,0,0,0,0,0,0,0,0,0,0,0,0,0,0,0,0,0,0,0,0,0,0,0,0,0,0,0,0,0,0,0,0,0,0,0,0,0,0,0,0,0,0,0,
hello,6_30,11_17_39,6.1490,0,1,0,6.148983,0.0000,0.0000,0.0000,0.0000,0.0000,0.0000,0,0,,,,,,,,0,0,0,0,0,0,0,0,0,0,0,0,0,0,0,0,0,0,0,0,0,0,0,0,0,0,0,0,0,0,0,0,0,0,0,0,0,0,0,0,0,0,0,0,0,0,0,0,0,0,0,
hello,6_30,11_17_39,6.1524,0,1,0,6.152413,0.0000,0.0000,0.0000,0.0000,0.0000,0.0000,0,0,,,,,,,,0,0,0,0,0,0,0,0,0,0,0,0,0,0,0,0,0,0,0,0,0,0,0,0,0,0,0,0,0,0,0,0,0,0,0,0,0,0,0,0,0,0,0,0,0,0,0,0,0,0,0,
hello,6_30,11_17_39,6.1558,0,1,0,6.155834,0.0000,0.0000,0.0000,0.0000,0.0000,0.0000,0,0,,,,,,,,0,0,0,0,0,0,0,0,0,0,0,0,0,0,0,0,0,0,0,0,0,0,0,0,0,0,0,0,0,0,0,0,0,0,0,0,0,0,0,0,0,0,0,0,0,0,0,0,0,0,0,
hello,6_30,11_17_39,6.1592,0,1,0,6.159184,0.0000,0.0000,0.0000,0.0000,0.0000,0.0000,0,0,,,,,,,,0,0,0,0,0,0,0,0,0,0,0,0,0,0,0,0,0,0,0,0,0,0,0,0,0,0,0,0,0,0,0,0,0,0,0,0,0,0,0,0,0,0,0,0,0,0,0,0,0,0,0,
hello,6_30,11_17_39,6.1628,0,1,0,6.16282,0.0000,0.0000,0.0000,0.0000,0.0000,0.0000,0,0,,,,,,,,0,0,0,0,0,0,0,0,0,0,0,0,0,0,0,0,0,0,0,0,0,0,0,0,0,0,0,0,0,0,0,0,0,0,0,0,0,0,0,0,0,0,0,0,0,0,0,0,0,0,0,
hello,6_30,11_17_39,6.1757,0,1,0,6.175684,0.0000,0.0000,0.0000,0.0000,0.0000,0.0000,0,0,,,,,,,,0,0,0,0,0,0,0,0,0,0,0,0,0,0,0,0,0,0,0,0,0,0,0,0,0,0,0,0,0,0,0,0,0,0,0,0,0,0,0,0,0,0,0,0,0,0,0,0,0,0,0,
hello,6_30,11_17_39,6.1793,0,1,0,6.179312,0.0000,0.0000,0.0000,0.0000,0.0000,0.0000,0,0,,,,,,,,0,0,0,0,0,0,0,0,0,0,0,0,0,0,0,0,0,0,0,0,0,0,0,0,0,0,0,0,0,0,0,0,0,0,0,0,0,0,0,0,0,0,0,0,0,0,0,0,0,0,0,
hello,6_30,11_17_39,6.1828,0,1,0,6.182771,0.0000,0.0000,0.0000,0.0000,0.0000,0.0000,0,0,,,,,,,,0,0,0,0,0,0,0,0,0,0,0,0,0,0,0,0,0,0,0,0,0,0,0,0,0,0,0,0,0,0,0,0,0,0,0,0,0,0,0,0,0,0,0,0,0,0,0,0,0,0,0,
hello,6_30,11_17_39,6.1864,0,1,0,6.186409,0.0000,0.0000,0.0000,0.0000,0.0000,0.0000,0,0,,,,,,,,0,0,0,0,0,0,0,0,0,0,0,0,0,0,0,0,0,0,0,0,0,0,0,0,0,0,0,0,0,0,0,0,0,0,0,0,0,0,0,0,0,0,0,0,0,0,0,0,0,0,0,
hello,6_30,11_17_39,6.1897,0,1,0,6.189725,0.0000,0.0000,0.0000,0.0000,0.0000,0.0000,0,0,,,,,,,,0,0,0,0,0,0,0,0,0,0,0,0,0,0,0,0,0,0,0,0,0,0,0,0,0,0,0,0,0,0,0,0,0,0,0,0,0,0,0,0,0,0,0,0,0,0,0,0,0,0,0,
hello,6_30,11_17_39,6.1930,0,1,0,6.193046,0.0000,0.0000,0.0000,0.0000,0.0000,0.0000,0,0,,,,,,,,0,0,0,0,0,0,0,0,0,0,0,0,0,0,0,0,0,0,0,0,0,0,0,0,0,0,0,0,0,0,0,0,0,0,0,0,0,0,0,0,0,0,0,0,0,0,0,0,0,0,0,
hello,6_30,11_17_39,6.1967,0,1,0,6.196652,0.0000,0.0000,0.0000,0.0000,0.0000,0.0000,0,0,,,,,,,,0,0,0,0,0,0,0,0,0,0,0,0,0,0,0,0,0,0,0,0,0,0,0,0,0,0,0,0,0,0,0,0,0,0,0,0,0,0,0,0,0,0,0,0,0,0,0,0,0,0,0,
hello,6_30,11_17_39,6.2000,0,1,0,6.200009,0.0000,0.0000,0.0000,0.0000,0.0000,0.0000,0,0,,,,,,,,0,0,0,0,0,0,0,0,0,0,0,0,0,0,0,0,0,0,0,0,0,0,0,0,0,0,0,0,0,0,0,0,0,0,0,0,0,0,0,0,0,0,0,0,0,0,0,0,0,0,0,
hello,6_30,11_17_39,6.2036,0,1,0,6.203603,0.0000,0.0000,0.0000,0.0000,0.0000,0.0000,0,0,,,,,,,,0,0,0,0,0,0,0,0,0,0,0,0,0,0,0,0,0,0,0,0,0,0,0,0,0,0,0,0,0,0,0,0,0,0,0,0,0,0,0,0,0,0,0,0,0,0,0,0,0,0,0,
hello,6_30,11_17_39,6.2070,0,1,0,6.206973,0.0000,0.0000,0.0000,0.0000,0.0000,0.0000,0,0,,,,,,,,0,0,0,0,0,0,0,0,0,0,0,0,0,0,0,0,0,0,0,0,0,0,0,0,0,0,0,0,0,0,0,0,0,0,0,0,0,0,0,0,0,0,0,0,0,0,0,0,0,0,0,
hello,6_30,11_17_39,6.2103,0,1,0,6.210298,0.0000,0.0000,0.0000,0.0000,0.0000,0.0000,0,0,,,,,,,,0,0,0,0,0,0,0,0,0,0,0,0,0,0,0,0,0,0,0,0,0,0,0,0,0,0,0,0,0,0,0,0,0,0,0,0,0,0,0,0,0,0,0,0,0,0,0,0,0,0,0,
hello,6_30,11_17_39,6.2139,0,1,0,6.213854,0.0000,0.0000,0.0000,0.0000,0.0000,0.0000,0,0,,,,,,,,0,0,0,0,0,0,0,0,0,0,0,0,0,0,0,0,0,0,0,0,0,0,0,0,0,0,0,0,0,0,0,0,0,0,0,0,0,0,0,0,0,0,0,0,0,0,0,0,0,0,0,
hello,6_30,11_17_39,6.2172,0,1,0,6.217209,0.0000,0.0000,0.0000,0.0000,0.0000,0.0000,0,0,,,,,,,,0,0,0,0,0,0,0,0,0,0,0,0,0,0,0,0,0,0,0,0,0,0,0,0,0,0,0,0,0,0,0,0,0,0,0,0,0,0,0,0,0,0,0,0,0,0,0,0,0,0,0,
hello,6_30,11_17_39,6.2206,0,1,0,6.220633,0.0000,0.0000,0.0000,0.0000,0.0000,0.0000,0,0,,,,,,,,0,0,0,0,0,0,0,0,0,0,0,0,0,0,0,0,0,0,0,0,0,0,0,0,0,0,0,0,0,0,0,0,0,0,0,0,0,0,0,0,0,0,0,0,0,0,0,0,0,0,0,
hello,6_30,11_17_39,6.2241,0,1,0,6.224131,0.0000,0.0000,0.0000,0.0000,0.0000,0.0000,0,0,,,,,,,,0,0,0,0,0,0,0,0,0,0,0,0,0,0,0,0,0,0,0,0,0,0,0,0,0,0,0,0,0,0,0,0,0,0,0,0,0,0,0,0,0,0,0,0,0,0,0,0,0,0,0,
hello,6_30,11_17_39,6.2275,0,1,0,6.227506,0.0000,0.0000,0.0000,0.0000,0.0000,0.0000,0,0,,,,,,,,0,0,0,0,0,0,0,0,0,0,0,0,0,0,0,0,0,0,0,0,0,0,0,0,0,0,0,0,0,0,0,0,0,0,0,0,0,0,0,0,0,0,0,0,0,0,0,0,0,0,0,
hello,6_30,11_17_39,6.2308,0,1,0,6.230803,0.0000,0.0000,0.0000,0.0000,0.0000,0.0000,0,0,,,,,,,,0,0,0,0,0,0,0,0,0,0,0,0,0,0,0,0,0,0,0,0,0,0,0,0,0,0,0,0,0,0,0,0,0,0,0,0,0,0,0,0,0,0,0,0,0,0,0,0,0,0,0,
hello,6_30,11_17_39,6.2340,0,1,0,6.233986,0.0000,0.0000,0.0000,0.0000,0.0000,0.0000,0,0,,,,,,,,0,0,0,0,0,0,0,0,0,0,0,0,0,0,0,0,0,0,0,0,0,0,0,0,0,0,0,0,0,0,0,0,0,0,0,0,0,0,0,0,0,0,0,0,0,0,0,0,0,0,0,
hello,6_30,11_17_39,6.2373,0,1,0,6.237269,0.0000,0.0000,0.0000,0.0000,0.0000,0.0000,0,0,,,,,,,,0,0,0,0,0,0,0,0,0,0,0,0,0,0,0,0,0,0,0,0,0,0,0,0,0,0,0,0,0,0,0,0,0,0,0,0,0,0,0,0,0,0,0,0,0,0,0,0,0,0,0,
hello,6_30,11_17_39,6.2407,0,1,0,6.240712,0.0000,0.0000,0.0000,0.0000,0.0000,0.0000,0,0,,,,,,,,0,0,0,0,0,0,0,0,0,0,0,0,0,0,0,0,0,0,0,0,0,0,0,0,0,0,0,0,0,0,0,0,0,0,0,0,0,0,0,0,0,0,0,0,0,0,0,0,0,0,0,
hello,6_30,11_17_39,6.2443,0,1,0,6.244338,0.0000,0.0000,0.0000,0.0000,0.0000,0.0000,0,0,,,,,,,,0,0,0,0,0,0,0,0,0,0,0,0,0,0,0,0,0,0,0,0,0,0,0,0,0,0,0,0,0,0,0,0,0,0,0,0,0,0,0,0,0,0,0,0,0,0,0,0,0,0,0,
hello,6_30,11_17_39,6.2477,0,1,0,6.247725,0.0000,0.0000,0.0000,0.0000,0.0000,0.0000,0,0,,,,,,,,0,0,0,0,0,0,0,0,0,0,0,0,0,0,0,0,0,0,0,0,0,0,0,0,0,0,0,0,0,0,0,0,0,0,0,0,0,0,0,0,0,0,0,0,0,0,0,0,0,0,0,
hello,6_30,11_17_39,6.2511,0,1,0,6.251068,0.0000,0.0000,0.0000,0.0000,0.0000,0.0000,0,0,,,,,,,,0,0,0,0,0,0,0,0,0,0,0,0,0,0,0,0,0,0,0,0,0,0,0,0,0,0,0,0,0,0,0,0,0,0,0,0,0,0,0,0,0,0,0,0,0,0,0,0,0,0,0,
hello,6_30,11_17_39,6.2543,0,1,0,6.254327,0.0000,0.0000,0.0000,0.0000,0.0000,0.0000,0,0,,,,,,,,0,0,0,0,0,0,0,0,0,0,0,0,0,0,0,0,0,0,0,0,0,0,0,0,0,0,0,0,0,0,0,0,0,0,0,0,0,0,0,0,0,0,0,0,0,0,0,0,0,0,0,
hello,6_30,11_17_39,6.2578,0,1,0,6.257761,0.0000,0.0000,0.0000,0.0000,0.0000,0.0000,0,0,,,,,,,,0,0,0,0,0,0,0,0,0,0,0,0,0,0,0,0,0,0,0,0,0,0,0,0,0,0,0,0,0,0,0,0,0,0,0,0,0,0,0,0,0,0,0,0,0,0,0,0,0,0,0,
hello,6_30,11_17_39,6.2612,0,1,0,6.261197,0.0000,0.0000,0.0000,0.0000,0.0000,0.0000,0,0,,,,,,,,0,0,0,0,0,0,0,0,0,0,0,0,0,0,0,0,0,0,0,0,0,0,0,0,0,0,0,0,0,0,0,0,0,0,0,0,0,0,0,0,0,0,0,0,0,0,0,0,0,0,0,
hello,6_30,11_17_39,6.2646,0,1,0,6.264622,0.0000,0.0000,0.0000,0.0000,0.0000,0.0000,0,0,,,,,,,,0,0,0,0,0,0,0,0,0,0,0,0,0,0,0,0,0,0,0,0,0,0,0,0,0,0,0,0,0,0,0,0,0,0,0,0,0,0,0,0,0,0,0,0,0,0,0,0,0,0,0,
hello,6_30,11_17_39,6.2679,0,1,0,6.267886,0.0000,0.0000,0.0000,0.0000,0.0000,0.0000,0,0,,,,,,,,0,0,0,0,0,0,0,0,0,0,0,0,0,0,0,0,0,0,0,0,0,0,0,0,0,0,0,0,0,0,0,0,0,0,0,0,0,0,0,0,0,0,0,0,0,0,0,0,0,0,0,
hello,6_30,11_17_39,6.2712,0,1,0,6.271235,0.0000,0.0000,0.0000,0.0000,0.0000,0.0000,0,0,,,,,,,,0,0,0,0,0,0,0,0,0,0,0,0,0,0,0,0,0,0,0,0,0,0,0,0,0,0,0,0,0,0,0,0,0,0,0,0,0,0,0,0,0,0,0,0,0,0,0,0,0,0,0,
hello,6_30,11_17_39,6.2746,0,1,0,6.274591,0.0000,0.0000,0.0000,0.0000,0.0000,0.0000,0,0,,,,,,,,0,0,0,0,0,0,0,0,0,0,0,0,0,0,0,0,0,0,0,0,0,0,0,0,0,0,0,0,0,0,0,0,0,0,0,0,0,0,0,0,0,0,0,0,0,0,0,0,0,0,0,
hello,6_30,11_17_39,6.2781,0,1,0,6.278102,0.0000,0.0000,0.0000,0.0000,0.0000,0.0000,0,0,,,,,,,,0,0,0,0,0,0,0,0,0,0,0,0,0,0,0,0,0,0,0,0,0,0,0,0,0,0,0,0,0,0,0,0,0,0,0,0,0,0,0,0,0,0,0,0,0,0,0,0,0,0,0,
hello,6_30,11_17_39,6.2815,0,1,0,6.281491,0.0000,0.0000,0.0000,0.0000,0.0000,0.0000,0,0,,,,,,,,0,0,0,0,0,0,0,0,0,0,0,0,0,0,0,0,0,0,0,0,0,0,0,0,0,0,0,0,0,0,0,0,0,0,0,0,0,0,0,0,0,0,0,0,0,0,0,0,0,0,0,
hello,6_30,11_17_39,6.2850,0,1,0,6.285035,0.0000,0.0000,0.0000,0.0000,0.0000,0.0000,0,0,,,,,,,,0,0,0,0,0,0,0,0,0,0,0,0,0,0,0,0,0,0,0,0,0,0,0,0,0,0,0,0,0,0,0,0,0,0,0,0,0,0,0,0,0,0,0,0,0,0,0,0,0,0,0,
hello,6_30,11_17_39,6.2885,0,1,0,6.288495,0.0000,0.0000,0.0000,0.0000,0.0000,0.0000,0,0,,,,,,,,0,0,0,0,0,0,0,0,0,0,0,0,0,0,0,0,0,0,0,0,0,0,0,0,0,0,0,0,0,0,0,0,0,0,0,0,0,0,0,0,0,0,0,0,0,0,0,0,0,0,0,
hello,6_30,11_17_39,6.2920,0,1,0,6.292027,0.0000,0.0000,0.0000,0.0000,0.0000,0.0000,0,0,,,,,,,,0,0,0,0,0,0,0,0,0,0,0,0,0,0,0,0,0,0,0,0,0,0,0,0,0,0,0,0,0,0,0,0,0,0,0,0,0,0,0,0,0,0,0,0,0,0,0,0,0,0,0,
hello,6_30,11_17_39,6.2954,0,1,0,6.295442,0.0000,0.0000,0.0000,0.0000,0.0000,0.0000,0,0,,,,,,,,0,0,0,0,0,0,0,0,0,0,0,0,0,0,0,0,0,0,0,0,0,0,0,0,0,0,0,0,0,0,0,0,0,0,0,0,0,0,0,0,0,0,0,0,0,0,0,0,0,0,0,
hello,6_30,11_17_39,6.2989,0,1,0,6.298883,0.0000,0.0000,0.0000,0.0000,0.0000,0.0000,0,0,,,,,,,,0,0,0,0,0,0,0,0,0,0,0,0,0,0,0,0,0,0,0,0,0,0,0,0,0,0,0,0,0,0,0,0,0,0,0,0,0,0,0,0,0,0,0,0,0,0,0,0,0,0,0,
hello,6_30,11_17_39,6.3022,0,1,0,6.302201,0.0000,0.0000,0.0000,0.0000,0.0000,0.0000,0,0,,,,,,,,0,0,0,0,0,0,0,0,0,0,0,0,0,0,0,0,0,0,0,0,0,0,0,0,0,0,0,0,0,0,0,0,0,0,0,0,0,0,0,0,0,0,0,0,0,0,0,0,0,0,0,
hello,6_30,11_17_39,6.3058,0,1,0,6.305781,0.0000,0.0000,0.0000,0.0000,0.0000,0.0000,0,0,,,,,,,,0,0,0,0,0,0,0,0,0,0,0,0,0,0,0,0,0,0,0,0,0,0,0,0,0,0,0,0,0,0,0,0,0,0,0,0,0,0,0,0,0,0,0,0,0,0,0,0,0,0,0,
hello,6_30,11_17_39,6.3091,0,1,0,6.30911,0.0000,0.0000,0.0000,0.0000,0.0000,0.0000,0,0,,,,,,,,0,0,0,0,0,0,0,0,0,0,0,0,0,0,0,0,0,0,0,0,0,0,0,0,0,0,0,0,0,0,0,0,0,0,0,0,0,0,0,0,0,0,0,0,0,0,0,0,0,0,0,
hello,6_30,11_17_39,6.3126,0,1,0,6.312629,0.0000,0.0000,0.0000,0.0000,0.0000,0.0000,0,0,,,,,,,,0,0,0,0,0,0,0,0,0,0,0,0,0,0,0,0,0,0,0,0,0,0,0,0,0,0,0,0,0,0,0,0,0,0,0,0,0,0,0,0,0,0,0,0,0,0,0,0,0,0,0,
hello,6_30,11_17_39,6.3160,0,1,0,6.315973,0.0000,0.0000,0.0000,0.0000,0.0000,0.0000,0,0,,,,,,,,0,0,0,0,0,0,0,0,0,0,0,0,0,0,0,0,0,0,0,0,0,0,0,0,0,0,0,0,0,0,0,0,0,0,0,0,0,0,0,0,0,0,0,0,0,0,0,0,0,0,0,
hello,6_30,11_17_39,6.3193,0,1,0,6.319298,0.0000,0.0000,0.0000,0.0000,0.0000,0.0000,0,0,,,,,,,,0,0,0,0,0,0,0,0,0,0,0,0,0,0,0,0,0,0,0,0,0,0,0,0,0,0,0,0,0,0,0,0,0,0,0,0,0,0,0,0,0,0,0,0,0,0,0,0,0,0,0,
hello,6_30,11_17_39,6.3226,0,1,0,6.32263,0.0000,0.0000,0.0000,0.0000,0.0000,0.0000,0,0,,,,,,,,0,0,0,0,0,0,0,0,0,0,0,0,0,0,0,0,0,0,0,0,0,0,0,0,0,0,0,0,0,0,0,0,0,0,0,0,0,0,0,0,0,0,0,0,0,0,0,0,0,0,0,
hello,6_30,11_17_39,6.3262,0,1,0,6.326244,0.0000,0.0000,0.0000,0.0000,0.0000,0.0000,0,0,,,,,,,,0,0,0,0,0,0,0,0,0,0,0,0,0,0,0,0,0,0,0,0,0,0,0,0,0,0,0,0,0,0,0,0,0,0,0,0,0,0,0,0,0,0,0,0,0,0,0,0,0,0,0,
hello,6_30,11_17_39,6.3298,0,1,0,6.329825,0.0000,0.0000,0.0000,0.0000,0.0000,0.0000,0,0,,,,,,,,0,0,0,0,0,0,0,0,0,0,0,0,0,0,0,0,0,0,0,0,0,0,0,0,0,0,0,0,0,0,0,0,0,0,0,0,0,0,0,0,0,0,0,0,0,0,0,0,0,0,0,
hello,6_30,11_17_39,6.3332,0,1,0,6.33324,0.0000,0.0000,0.0000,0.0000,0.0000,0.0000,0,0,,,,,,,,0,0,0,0,0,0,0,0,0,0,0,0,0,0,0,0,0,0,0,0,0,0,0,0,0,0,0,0,0,0,0,0,0,0,0,0,0,0,0,0,0,0,0,0,0,0,0,0,0,0,0,
hello,6_30,11_17_39,6.3367,0,1,0,6.33666,0.0000,0.0000,0.0000,0.0000,0.0000,0.0000,0,0,,,,,,,,0,0,0,0,0,0,0,0,0,0,0,0,0,0,0,0,0,0,0,0,0,0,0,0,0,0,0,0,0,0,0,0,0,0,0,0,0,0,0,0,0,0,0,0,0,0,0,0,0,0,0,
hello,6_30,11_17_39,6.3400,0,1,0,6.339984,0.0000,0.0000,0.0000,0.0000,0.0000,0.0000,0,0,,,,,,,,0,0,0,0,0,0,0,0,0,0,0,0,0,0,0,0,0,0,0,0,0,0,0,0,0,0,0,0,0,0,0,0,0,0,0,0,0,0,0,0,0,0,0,0,0,0,0,0,0,0,0,
hello,6_30,11_17_39,6.3434,0,1,0,6.343382,0.0000,0.0000,0.0000,0.0000,0.0000,0.0000,0,0,,,,,,,,0,0,0,0,0,0,0,0,0,0,0,0,0,0,0,0,0,0,0,0,0,0,0,0,0,0,0,0,0,0,0,0,0,0,0,0,0,0,0,0,0,0,0,0,0,0,0,0,0,0,0,
hello,6_30,11_17_39,6.3472,0,1,0,6.347163,0.0000,0.0000,0.0000,0.0000,0.0000,0.0000,0,0,,,,,,,,0,0,0,0,0,0,0,0,0,0,0,0,0,0,0,0,0,0,0,0,0,0,0,0,0,0,0,0,0,0,0,0,0,0,0,0,0,0,0,0,0,0,0,0,0,0,0,0,0,0,0,
hello,6_30,11_17_39,6.3505,0,1,0,6.350533,0.0000,0.0000,0.0000,0.0000,0.0000,0.0000,0,0,,,,,,,,0,0,0,0,0,0,0,0,0,0,0,0,0,0,0,0,0,0,0,0,0,0,0,0,0,0,0,0,0,0,0,0,0,0,0,0,0,0,0,0,0,0,0,0,0,0,0,0,0,0,0,
hello,6_30,11_17_39,6.3540,0,1,0,6.353978,0.0000,0.0000,0.0000,0.0000,0.0000,0.0000,0,0,,,,,,,,0,0,0,0,0,0,0,0,0,0,0,0,0,0,0,0,0,0,0,0,0,0,0,0,0,0,0,0,0,0,0,0,0,0,0,0,0,0,0,0,0,0,0,0,0,0,0,0,0,0,0,
hello,6_30,11_17_39,6.3573,0,1,0,6.357318,0.0000,0.0000,0.0000,0.0000,0.0000,0.0000,0,0,,,,,,,,0,0,0,0,0,0,0,0,0,0,0,0,0,0,0,0,0,0,0,0,0,0,0,0,0,0,0,0,0,0,0,0,0,0,0,0,0,0,0,0,0,0,0,0,0,0,0,0,0,0,0,
hello,6_30,11_17_39,6.3607,0,1,0,6.360739,0.0000,0.0000,0.0000,0.0000,0.0000,0.0000,0,0,,,,,,,,0,0,0,0,0,0,0,0,0,0,0,0,0,0,0,0,0,0,0,0,0,0,0,0,0,0,0,0,0,0,0,0,0,0,0,0,0,0,0,0,0,0,0,0,0,0,0,0,0,0,0,
hello,6_30,11_17_39,6.3644,0,1,0,6.364376,0.0000,0.0000,0.0000,0.0000,0.0000,0.0000,0,0,,,,,,,,0,0,0,0,0,0,0,0,0,0,0,0,0,0,0,0,0,0,0,0,0,0,0,0,0,0,0,0,0,0,0,0,0,0,0,0,0,0,0,0,0,0,0,0,0,0,0,0,0,0,0,
hello,6_30,11_17_39,6.3775,0,1,0,6.377523,0.0000,0.0000,0.0000,0.0000,0.0000,0.0000,0,0,,,,,,,,0,0,0,0,0,0,0,0,0,0,0,0,0,0,0,0,0,0,0,0,0,0,0,0,0,0,0,0,0,0,0,0,0,0,0,0,0,0,0,0,0,0,0,0,0,0,0,0,0,0,0,
hello,6_30,11_17_39,6.3814,0,1,0,6.381424,0.0000,0.0000,0.0000,0.0000,0.0000,0.0000,0,0,,,,,,,,0,0,0,0,0,0,0,0,0,0,0,0,0,0,0,0,0,0,0,0,0,0,0,0,0,0,0,0,0,0,0,0,0,0,0,0,0,0,0,0,0,0,0,0,0,0,0,0,0,0,0,
hello,6_30,11_17_39,6.3850,0,1,0,6.385043,0.0000,0.0000,0.0000,0.0000,0.0000,0.0000,0,0,,,,,,,,0,0,0,0,0,0,0,0,0,0,0,0,0,0,0,0,0,0,0,0,0,0,0,0,0,0,0,0,0,0,0,0,0,0,0,0,0,0,0,0,0,0,0,0,0,0,0,0,0,0,0,
hello,6_30,11_17_39,6.3891,0,1,0,6.389071,0.0000,0.0000,0.0000,0.0000,0.0000,0.0000,0,0,,,,,,,,0,0,0,0,0,0,0,0,0,0,0,0,0,0,0,0,0,0,0,0,0,0,0,0,0,0,0,0,0,0,0,0,0,0,0,0,0,0,0,0,0,0,0,0,0,0,0,0,0,0,0,
hello,6_30,11_17_39,6.3924,0,1,0,6.392423,0.0000,0.0000,0.0000,0.0000,0.0000,0.0000,0,0,,,,,,,,0,0,0,0,0,0,0,0,0,0,0,0,0,0,0,0,0,0,0,0,0,0,0,0,0,0,0,0,0,0,0,0,0,0,0,0,0,0,0,0,0,0,0,0,0,0,0,0,0,0,0,
hello,6_30,11_17_39,6.3960,0,1,0,6.395967,0.0000,0.0000,0.0000,0.0000,0.0000,0.0000,0,0,,,,,,,,0,0,0,0,0,0,0,0,0,0,0,0,0,0,0,0,0,0,0,0,0,0,0,0,0,0,0,0,0,0,0,0,0,0,0,0,0,0,0,0,0,0,0,0,0,0,0,0,0,0,0,
hello,6_30,11_17_39,6.3993,0,1,0,6.399284,0.0000,0.0000,0.0000,0.0000,0.0000,0.0000,0,0,,,,,,,,0,0,0,0,0,0,0,0,0,0,0,0,0,0,0,0,0,0,0,0,0,0,0,0,0,0,0,0,0,0,0,0,0,0,0,0,0,0,0,0,0,0,0,0,0,0,0,0,0,0,0,
hello,6_30,11_17_39,6.4026,0,1,0,6.402598,0.0000,0.0000,0.0000,0.0000,0.0000,0.0000,0,0,,,,,,,,0,0,0,0,0,0,0,0,0,0,0,0,0,0,0,0,0,0,0,0,0,0,0,0,0,0,0,0,0,0,0,0,0,0,0,0,0,0,0,0,0,0,0,0,0,0,0,0,0,0,0,
hello,6_30,11_17_39,6.4062,0,1,0,6.406185,0.0000,0.0000,0.0000,0.0000,0.0000,0.0000,0,0,,,,,,,,0,0,0,0,0,0,0,0,0,0,0,0,0,0,0,0,0,0,0,0,0,0,0,0,0,0,0,0,0,0,0,0,0,0,0,0,0,0,0,0,0,0,0,0,0,0,0,0,0,0,0,
hello,6_30,11_17_39,6.4096,0,1,0,6.409585,0.0000,0.0000,0.0000,0.0000,0.0000,0.0000,0,0,,,,,,,,0,0,0,0,0,0,0,0,0,0,0,0,0,0,0,0,0,0,0,0,0,0,0,0,0,0,0,0,0,0,0,0,0,0,0,0,0,0,0,0,0,0,0,0,0,0,0,0,0,0,0,
hello,6_30,11_17_39,6.4132,0,1,0,6.413195,0.0000,0.0000,0.0000,0.0000,0.0000,0.0000,0,0,,,,,,,,0,0,0,0,0,0,0,0,0,0,0,0,0,0,0,0,0,0,0,0,0,0,0,0,0,0,0,0,0,0,0,0,0,0,0,0,0,0,0,0,0,0,0,0,0,0,0,0,0,0,0,
hello,6_30,11_17_39,6.4166,0,1,0,6.416614,0.0000,0.0000,0.0000,0.0000,0.0000,0.0000,0,0,,,,,,,,0,0,0,0,0,0,0,0,0,0,0,0,0,0,0,0,0,0,0,0,0,0,0,0,0,0,0,0,0,0,0,0,0,0,0,0,0,0,0,0,0,0,0,0,0,0,0,0,0,0,0,
hello,6_30,11_17_39,6.4200,0,1,0,6.419989,0.0000,0.0000,0.0000,0.0000,0.0000,0.0000,0,0,,,,,,,,0,0,0,0,0,0,0,0,0,0,0,0,0,0,0,0,0,0,0,0,0,0,0,0,0,0,0,0,0,0,0,0,0,0,0,0,0,0,0,0,0,0,0,0,0,0,0,0,0,0,0,
hello,6_30,11_17_39,6.4233,0,1,0,6.423314,0.0000,0.0000,0.0000,0.0000,0.0000,0.0000,0,0,,,,,,,,0,0,0,0,0,0,0,0,0,0,0,0,0,0,0,0,0,0,0,0,0,0,0,0,0,0,0,0,0,0,0,0,0,0,0,0,0,0,0,0,0,0,0,0,0,0,0,0,0,0,0,
hello,6_30,11_17_39,6.4269,0,1,0,6.426905,0.0000,0.0000,0.0000,0.0000,0.0000,0.0000,0,0,,,,,,,,0,0,0,0,0,0,0,0,0,0,0,0,0,0,0,0,0,0,0,0,0,0,0,0,0,0,0,0,0,0,0,0,0,0,0,0,0,0,0,0,0,0,0,0,0,0,0,0,0,0,0,
hello,6_30,11_17_39,6.4305,0,1,0,6.430535,0.0000,0.0000,0.0000,0.0000,0.0000,0.0000,0,0,,,,,,,,0,0,0,0,0,0,0,0,0,0,0,0,0,0,0,0,0,0,0,0,0,0,0,0,0,0,0,0,0,0,0,0,0,0,0,0,0,0,0,0,0,0,0,0,0,0,0,0,0,0,0,
hello,6_30,11_17_39,6.4341,0,1,0,6.434108,0.0000,0.0000,0.0000,0.0000,0.0000,0.0000,0,0,,,,,,,,0,0,0,0,0,0,0,0,0,0,0,0,0,0,0,0,0,0,0,0,0,0,0,0,0,0,0,0,0,0,0,0,0,0,0,0,0,0,0,0,0,0,0,0,0,0,0,0,0,0,0,
hello,6_30,11_17_39,6.4375,0,1,0,6.437453,0.0000,0.0000,0.0000,0.0000,0.0000,0.0000,0,0,,,,,,,,0,0,0,0,0,0,0,0,0,0,0,0,0,0,0,0,0,0,0,0,0,0,0,0,0,0,0,0,0,0,0,0,0,0,0,0,0,0,0,0,0,0,0,0,0,0,0,0,0,0,0,
hello,6_30,11_17_39,6.4408,0,1,0,6.44083,0.0000,0.0000,0.0000,0.0000,0.0000,0.0000,0,0,,,,,,,,0,0,0,0,0,0,0,0,0,0,0,0,0,0,0,0,0,0,0,0,0,0,0,0,0,0,0,0,0,0,0,0,0,0,0,0,0,0,0,0,0,0,0,0,0,0,0,0,0,0,0,
hello,6_30,11_17_39,6.4444,0,1,0,6.444428,0.0000,0.0000,0.0000,0.0000,0.0000,0.0000,0,0,,,,,,,,0,0,0,0,0,0,0,0,0,0,0,0,0,0,0,0,0,0,0,0,0,0,0,0,0,0,0,0,0,0,0,0,0,0,0,0,0,0,0,0,0,0,0,0,0,0,0,0,0,0,0,
hello,6_30,11_17_39,6.4479,0,1,0,6.447947,0.0000,0.0000,0.0000,0.0000,0.0000,0.0000,0,0,,,,,,,,0,0,0,0,0,0,0,0,0,0,0,0,0,0,0,0,0,0,0,0,0,0,0,0,0,0,0,0,0,0,0,0,0,0,0,0,0,0,0,0,0,0,0,0,0,0,0,0,0,0,0,
hello,6_30,11_17_39,6.4513,0,1,0,6.451301,0.0000,0.0000,0.0000,0.0000,0.0000,0.0000,0,0,,,,,,,,0,0,0,0,0,0,0,0,0,0,0,0,0,0,0,0,0,0,0,0,0,0,0,0,0,0,0,0,0,0,0,0,0,0,0,0,0,0,0,0,0,0,0,0,0,0,0,0,0,0,0,
hello,6_30,11_17_39,6.4548,0,1,0,6.454752,0.0000,0.0000,0.0000,0.0000,0.0000,0.0000,0,0,,,,,,,,0,0,0,0,0,0,0,0,0,0,0,0,0,0,0,0,0,0,0,0,0,0,0,0,0,0,0,0,0,0,0,0,0,0,0,0,0,0,0,0,0,0,0,0,0,0,0,0,0,0,0,
hello,6_30,11_17_39,6.4581,0,1,0,6.458101,0.0000,0.0000,0.0000,0.0000,0.0000,0.0000,0,0,,,,,,,,0,0,0,0,0,0,0,0,0,0,0,0,0,0,0,0,0,0,0,0,0,0,0,0,0,0,0,0,0,0,0,0,0,0,0,0,0,0,0,0,0,0,0,0,0,0,0,0,0,0,0,
hello,6_30,11_17_39,6.4614,0,1,0,6.461354,0.0000,0.0000,0.0000,0.0000,0.0000,0.0000,0,0,,,,,,,,0,0,0,0,0,0,0,0,0,0,0,0,0,0,0,0,0,0,0,0,0,0,0,0,0,0,0,0,0,0,0,0,0,0,0,0,0,0,0,0,0,0,0,0,0,0,0,0,0,0,0,
hello,6_30,11_17_39,6.4650,0,1,0,6.464972,0.0000,0.0000,0.0000,0.0000,0.0000,0.0000,0,0,,,,,,,,0,0,0,0,0,0,0,0,0,0,0,0,0,0,0,0,0,0,0,0,0,0,0,0,0,0,0,0,0,0,0,0,0,0,0,0,0,0,0,0,0,0,0,0,0,0,0,0,0,0,0,
hello,6_30,11_17_39,6.4684,0,1,0,6.468434,0.0000,0.0000,0.0000,0.0000,0.0000,0.0000,0,0,,,,,,,,0,0,0,0,0,0,0,0,0,0,0,0,0,0,0,0,0,0,0,0,0,0,0,0,0,0,0,0,0,0,0,0,0,0,0,0,0,0,0,0,0,0,0,0,0,0,0,0,0,0,0,
hello,6_30,11_17_39,6.4719,0,1,0,6.471919,0.0000,0.0000,0.0000,0.0000,0.0000,0.0000,0,0,,,,,,,,0,0,0,0,0,0,0,0,0,0,0,0,0,0,0,0,0,0,0,0,0,0,0,0,0,0,0,0,0,0,0,0,0,0,0,0,0,0,0,0,0,0,0,0,0,0,0,0,0,0,0,
hello,6_30,11_17_39,6.4753,0,1,0,6.475285,0.0000,0.0000,0.0000,0.0000,0.0000,0.0000,0,0,,,,,,,,0,0,0,0,0,0,0,0,0,0,0,0,0,0,0,0,0,0,0,0,0,0,0,0,0,0,0,0,0,0,0,0,0,0,0,0,0,0,0,0,0,0,0,0,0,0,0,0,0,0,0,
hello,6_30,11_17_39,6.4790,0,1,0,6.479016,0.0000,0.0000,0.0000,0.0000,0.0000,0.0000,0,0,,,,,,,,0,0,0,0,0,0,0,0,0,0,0,0,0,0,0,0,0,0,0,0,0,0,0,0,0,0,0,0,0,0,0,0,0,0,0,0,0,0,0,0,0,0,0,0,0,0,0,0,0,0,0,
hello,6_30,11_17_39,6.4825,0,1,0,6.482546,0.0000,0.0000,0.0000,0.0000,0.0000,0.0000,0,0,,,,,,,,0,0,0,0,0,0,0,0,0,0,0,0,0,0,0,0,0,0,0,0,0,0,0,0,0,0,0,0,0,0,0,0,0,0,0,0,0,0,0,0,0,0,0,0,0,0,0,0,0,0,0,
hello,6_30,11_17_39,6.4868,0,1,0,6.486818,0.0000,0.0000,0.0000,0.0000,0.0000,0.0000,0,0,,,,,,,,0,0,0,0,0,0,0,0,0,0,0,0,0,0,0,0,0,0,0,0,0,0,0,0,0,0,0,0,0,0,0,0,0,0,0,0,0,0,0,0,0,0,0,0,0,0,0,0,0,0,0,
hello,6_30,11_17_39,6.4901,0,1,0,6.490108,0.0000,0.0000,0.0000,0.0000,0.0000,0.0000,0,0,,,,,,,,0,0,0,0,0,0,0,0,0,0,0,0,0,0,0,0,0,0,0,0,0,0,0,0,0,0,0,0,0,0,0,0,0,0,0,0,0,0,0,0,0,0,0,0,0,0,0,0,0,0,0,
hello,6_30,11_17_39,6.4934,0,1,0,6.493424,0.0000,0.0000,0.0000,0.0000,0.0000,0.0000,0,0,,,,,,,,0,0,0,0,0,0,0,0,0,0,0,0,0,0,0,0,0,0,0,0,0,0,0,0,0,0,0,0,0,0,0,0,0,0,0,0,0,0,0,0,0,0,0,0,0,0,0,0,0,0,0,
hello,6_30,11_17_39,6.4967,0,1,0,6.496715,0.0000,0.0000,0.0000,0.0000,0.0000,0.0000,0,0,,,,,,,,0,0,0,0,0,0,0,0,0,0,0,0,0,0,0,0,0,0,0,0,0,0,0,0,0,0,0,0,0,0,0,0,0,0,0,0,0,0,0,0,0,0,0,0,0,0,0,0,0,0,0,
hello,6_30,11_17_39,6.5000,0,1,0,6.50001,0.0000,0.0000,0.0000,0.0000,0.0000,0.0000,0,0,,,,,,,,0,0,0,0,0,0,0,0,0,0,0,0,0,0,0,0,0,0,0,0,0,0,0,0,0,0,0,0,0,0,0,0,0,0,0,0,0,0,0,0,0,0,0,0,0,0,0,0,0,0,0,
hello,6_30,11_17_39,6.5036,0,1,0,6.503569,0.0000,0.0000,0.0000,0.0000,0.0000,0.0000,0,0,,,,,,,,0,0,0,0,0,0,0,0,0,0,0,0,0,0,0,0,0,0,0,0,0,0,0,0,0,0,0,0,0,0,0,0,0,0,0,0,0,0,0,0,0,0,0,0,0,0,0,0,0,0,0,
hello,6_30,11_17_39,6.5068,0,1,0,6.506842,0.0000,0.0000,0.0000,0.0000,0.0000,0.0000,0,0,,,,,,,,0,0,0,0,0,0,0,0,0,0,0,0,0,0,0,0,0,0,0,0,0,0,0,0,0,0,0,0,0,0,0,0,0,0,0,0,0,0,0,0,0,0,0,0,0,0,0,0,0,0,0,
hello,6_30,11_17_39,6.5102,0,1,0,6.510215,0.0000,0.0000,0.0000,0.0000,0.0000,0.0000,0,0,,,,,,,,0,0,0,0,0,0,0,0,0,0,0,0,0,0,0,0,0,0,0,0,0,0,0,0,0,0,0,0,0,0,0,0,0,0,0,0,0,0,0,0,0,0,0,0,0,0,0,0,0,0,0,
hello,6_30,11_17_39,6.5137,0,1,0,6.513731,0.0000,0.0000,0.0000,0.0000,0.0000,0.0000,0,0,,,,,,,,0,0,0,0,0,0,0,0,0,0,0,0,0,0,0,0,0,0,0,0,0,0,0,0,0,0,0,0,0,0,0,0,0,0,0,0,0,0,0,0,0,0,0,0,0,0,0,0,0,0,0,
hello,6_30,11_17_39,6.5172,0,1,0,6.517191,0.0000,0.0000,0.0000,0.0000,0.0000,0.0000,0,0,,,,,,,,0,0,0,0,0,0,0,0,0,0,0,0,0,0,0,0,0,0,0,0,0,0,0,0,0,0,0,0,0,0,0,0,0,0,0,0,0,0,0,0,0,0,0,0,0,0,0,0,0,0,0,
hello,6_30,11_17_39,6.5206,0,1,0,6.520563,0.0000,0.0000,0.0000,0.0000,0.0000,0.0000,0,0,,,,,,,,0,0,0,0,0,0,0,0,0,0,0,0,0,0,0,0,0,0,0,0,0,0,0,0,0,0,0,0,0,0,0,0,0,0,0,0,0,0,0,0,0,0,0,0,0,0,0,0,0,0,0,
hello,6_30,11_17_39,6.5241,0,1,0,6.524092,0.0000,0.0000,0.0000,0.0000,0.0000,0.0000,0,0,,,,,,,,0,0,0,0,0,0,0,0,0,0,0,0,0,0,0,0,0,0,0,0,0,0,0,0,0,0,0,0,0,0,0,0,0,0,0,0,0,0,0,0,0,0,0,0,0,0,0,0,0,0,0,
hello,6_30,11_17_39,6.5342,0,1,0,6.534203,0.0000,0.0000,0.0000,0.0000,0.0000,0.0000,0,0,,,,,,,,0,0,0,0,0,0,0,0,0,0,0,0,0,0,0,0,0,0,0,0,0,0,0,0,0,0,0,0,0,0,0,0,0,0,0,0,0,0,0,0,0,0,0,0,0,0,0,0,0,0,0,
hello,6_30,11_17_39,6.5377,0,1,0,6.537711,0.0000,0.0000,0.0000,0.0000,0.0000,0.0000,0,0,,,,,,,,0,0,0,0,0,0,0,0,0,0,0,0,0,0,0,0,0,0,0,0,0,0,0,0,0,0,0,0,0,0,0,0,0,0,0,0,0,0,0,0,0,0,0,0,0,0,0,0,0,0,0,
hello,6_30,11_17_39,6.5411,0,1,0,6.541067,0.0000,0.0000,0.0000,0.0000,0.0000,0.0000,0,0,,,,,,,,0,0,0,0,0,0,0,0,0,0,0,0,0,0,0,0,0,0,0,0,0,0,0,0,0,0,0,0,0,0,0,0,0,0,0,0,0,0,0,0,0,0,0,0,0,0,0,0,0,0,0,
hello,6_30,11_17_39,6.5446,0,1,0,6.54462,0.0000,0.0000,0.0000,0.0000,0.0000,0.0000,0,0,,,,,,,,0,0,0,0,0,0,0,0,0,0,0,0,0,0,0,0,0,0,0,0,0,0,0,0,0,0,0,0,0,0,0,0,0,0,0,0,0,0,0,0,0,0,0,0,0,0,0,0,0,0,0,
hello,6_30,11_17_39,6.5481,0,1,0,6.548127,0.0000,0.0000,0.0000,0.0000,0.0000,0.0000,0,0,,,,,,,,0,0,0,0,0,0,0,0,0,0,0,0,0,0,0,0,0,0,0,0,0,0,0,0,0,0,0,0,0,0,0,0,0,0,0,0,0,0,0,0,0,0,0,0,0,0,0,0,0,0,0,
hello,6_30,11_17_39,6.5517,0,1,0,6.551664,0.0000,0.0000,0.0000,0.0000,0.0000,0.0000,0,0,,,,,,,,0,0,0,0,0,0,0,0,0,0,0,0,0,0,0,0,0,0,0,0,0,0,0,0,0,0,0,0,0,0,0,0,0,0,0,0,0,0,0,0,0,0,0,0,0,0,0,0,0,0,0,
hello,6_30,11_17_39,6.5552,0,1,0,6.555215,0.0000,0.0000,0.0000,0.0000,0.0000,0.0000,0,0,,,,,,,,0,0,0,0,0,0,0,0,0,0,0,0,0,0,0,0,0,0,0,0,0,0,0,0,0,0,0,0,0,0,0,0,0,0,0,0,0,0,0,0,0,0,0,0,0,0,0,0,0,0,0,
hello,6_30,11_17_39,6.5588,0,1,0,6.558785,0.0000,0.0000,0.0000,0.0000,0.0000,0.0000,0,0,,,,,,,,0,0,0,0,0,0,0,0,0,0,0,0,0,0,0,0,0,0,0,0,0,0,0,0,0,0,0,0,0,0,0,0,0,0,0,0,0,0,0,0,0,0,0,0,0,0,0,0,0,0,0,
hello,6_30,11_17_39,6.5624,0,1,0,6.56244,0.0000,0.0000,0.0000,0.0000,0.0000,0.0000,0,0,,,,,,,,0,0,0,0,0,0,0,0,0,0,0,0,0,0,0,0,0,0,0,0,0,0,0,0,0,0,0,0,0,0,0,0,0,0,0,0,0,0,0,0,0,0,0,0,0,0,0,0,0,0,0,
hello,6_30,11_17_39,6.5661,0,1,0,6.566119,0.0000,0.0000,0.0000,0.0000,0.0000,0.0000,0,0,,,,,,,,0,0,0,0,0,0,0,0,0,0,0,0,0,0,0,0,0,0,0,0,0,0,0,0,0,0,0,0,0,0,0,0,0,0,0,0,0,0,0,0,0,0,0,0,0,0,0,0,0,0,0,
hello,6_30,11_17_39,6.5790,0,1,0,6.579031,0.0000,0.0000,0.0000,0.0000,0.0000,0.0000,0,0,,,,,,,,0,0,0,0,0,0,0,0,0,0,0,0,0,0,0,0,0,0,0,0,0,0,0,0,0,0,0,0,0,0,0,0,0,0,0,0,0,0,0,0,0,0,0,0,0,0,0,0,0,0,0,
hello,6_30,11_17_39,6.5824,0,1,0,6.58235,0.0000,0.0000,0.0000,0.0000,0.0000,0.0000,0,0,,,,,,,,0,0,0,0,0,0,0,0,0,0,0,0,0,0,0,0,0,0,0,0,0,0,0,0,0,0,0,0,0,0,0,0,0,0,0,0,0,0,0,0,0,0,0,0,0,0,0,0,0,0,0,
hello,6_30,11_17_39,6.5858,0,1,0,6.585821,0.0000,0.0000,0.0000,0.0000,0.0000,0.0000,0,0,,,,,,,,0,0,0,0,0,0,0,0,0,0,0,0,0,0,0,0,0,0,0,0,0,0,0,0,0,0,0,0,0,0,0,0,0,0,0,0,0,0,0,0,0,0,0,0,0,0,0,0,0,0,0,
hello,6_30,11_17_39,6.5891,0,1,0,6.589131,0.0000,0.0000,0.0000,0.0000,0.0000,0.0000,0,0,,,,,,,,0,0,0,0,0,0,0,0,0,0,0,0,0,0,0,0,0,0,0,0,0,0,0,0,0,0,0,0,0,0,0,0,0,0,0,0,0,0,0,0,0,0,0,0,0,0,0,0,0,0,0,
hello,6_30,11_17_39,6.5924,0,1,0,6.592411,0.0000,0.0000,0.0000,0.0000,0.0000,0.0000,0,0,,,,,,,,0,0,0,0,0,0,0,0,0,0,0,0,0,0,0,0,0,0,0,0,0,0,0,0,0,0,0,0,0,0,0,0,0,0,0,0,0,0,0,0,0,0,0,0,0,0,0,0,0,0,0,
hello,6_30,11_17_39,6.5960,0,1,0,6.595986,0.0000,0.0000,0.0000,0.0000,0.0000,0.0000,0,0,,,,,,,,0,0,0,0,0,0,0,0,0,0,0,0,0,0,0,0,0,0,0,0,0,0,0,0,0,0,0,0,0,0,0,0,0,0,0,0,0,0,0,0,0,0,0,0,0,0,0,0,0,0,0,
hello,6_30,11_17_39,6.5999,0,1,0,6.599877,0.0000,0.0000,0.0000,0.0000,0.0000,0.0000,0,0,,,,,,,,0,0,0,0,0,0,0,0,0,0,0,0,0,0,0,0,0,0,0,0,0,0,0,0,0,0,0,0,0,0,0,0,0,0,0,0,0,0,0,0,0,0,0,0,0,0,0,0,0,0,0,
hello,6_30,11_17_39,6.6034,0,1,0,6.603367,0.0000,0.0000,0.0000,0.0000,0.0000,0.0000,0,0,,,,,,,,0,0,0,0,0,0,0,0,0,0,0,0,0,0,0,0,0,0,0,0,0,0,0,0,0,0,0,0,0,0,0,0,0,0,0,0,0,0,0,0,0,0,0,0,0,0,0,0,0,0,0,
hello,6_30,11_17_39,6.6070,0,1,0,6.606953,0.0000,0.0000,0.0000,0.0000,0.0000,0.0000,0,0,,,,,,,,0,0,0,0,0,0,0,0,0,0,0,0,0,0,0,0,0,0,0,0,0,0,0,0,0,0,0,0,0,0,0,0,0,0,0,0,0,0,0,0,0,0,0,0,0,0,0,0,0,0,0,
hello,6_30,11_17_39,6.6102,0,1,0,6.610244,0.0000,0.0000,0.0000,0.0000,0.0000,0.0000,0,0,,,,,,,,0,0,0,0,0,0,0,0,0,0,0,0,0,0,0,0,0,0,0,0,0,0,0,0,0,0,0,0,0,0,0,0,0,0,0,0,0,0,0,0,0,0,0,0,0,0,0,0,0,0,0,
hello,6_30,11_17_39,6.6135,0,1,0,6.613476,0.0000,0.0000,0.0000,0.0000,0.0000,0.0000,0,0,,,,,,,,0,0,0,0,0,0,0,0,0,0,0,0,0,0,0,0,0,0,0,0,0,0,0,0,0,0,0,0,0,0,0,0,0,0,0,0,0,0,0,0,0,0,0,0,0,0,0,0,0,0,0,
hello,6_30,11_17_39,6.6168,0,1,0,6.616805,0.0000,0.0000,0.0000,0.0000,0.0000,0.0000,0,0,,,,,,,,0,0,0,0,0,0,0,0,0,0,0,0,0,0,0,0,0,0,0,0,0,0,0,0,0,0,0,0,0,0,0,0,0,0,0,0,0,0,0,0,0,0,0,0,0,0,0,0,0,0,0,
hello,6_30,11_17_39,6.6202,0,1,0,6.620155,0.0000,0.0000,0.0000,0.0000,0.0000,0.0000,0,0,,,,,,,,0,0,0,0,0,0,0,0,0,0,0,0,0,0,0,0,0,0,0,0,0,0,0,0,0,0,0,0,0,0,0,0,0,0,0,0,0,0,0,0,0,0,0,0,0,0,0,0,0,0,0,
hello,6_30,11_17_39,6.6238,0,1,0,6.623759,0.0000,0.0000,0.0000,0.0000,0.0000,0.0000,0,0,,,,,,,,0,0,0,0,0,0,0,0,0,0,0,0,0,0,0,0,0,0,0,0,0,0,0,0,0,0,0,0,0,0,0,0,0,0,0,0,0,0,0,0,0,0,0,0,0,0,0,0,0,0,0,
hello,6_30,11_17_39,6.6272,0,1,0,6.627229,0.0000,0.0000,0.0000,0.0000,0.0000,0.0000,0,0,,,,,,,,0,0,0,0,0,0,0,0,0,0,0,0,0,0,0,0,0,0,0,0,0,0,0,0,0,0,0,0,0,0,0,0,0,0,0,0,0,0,0,0,0,0,0,0,0,0,0,0,0,0,0,
hello,6_30,11_17_39,6.6308,0,1,0,6.630806,0.0000,0.0000,0.0000,0.0000,0.0000,0.0000,0,0,,,,,,,,0,0,0,0,0,0,0,0,0,0,0,0,0,0,0,0,0,0,0,0,0,0,0,0,0,0,0,0,0,0,0,0,0,0,0,0,0,0,0,0,0,0,0,0,0,0,0,0,0,0,0,
hello,6_30,11_17_39,6.6342,0,1,0,6.63418,0.0000,0.0000,0.0000,0.0000,0.0000,0.0000,0,0,,,,,,,,0,0,0,0,0,0,0,0,0,0,0,0,0,0,0,0,0,0,0,0,0,0,0,0,0,0,0,0,0,0,0,0,0,0,0,0,0,0,0,0,0,0,0,0,0,0,0,0,0,0,0,
hello,6_30,11_17_39,6.6375,0,1,0,6.637527,0.0000,0.0000,0.0000,0.0000,0.0000,0.0000,0,0,,,,,,,,0,0,0,0,0,0,0,0,0,0,0,0,0,0,0,0,0,0,0,0,0,0,0,0,0,0,0,0,0,0,0,0,0,0,0,0,0,0,0,0,0,0,0,0,0,0,0,0,0,0,0,
hello,6_30,11_17_39,6.6409,0,1,0,6.640884,0.0000,0.0000,0.0000,0.0000,0.0000,0.0000,0,0,,,,,,,,0,0,0,0,0,0,0,0,0,0,0,0,0,0,0,0,0,0,0,0,0,0,0,0,0,0,0,0,0,0,0,0,0,0,0,0,0,0,0,0,0,0,0,0,0,0,0,0,0,0,0,
hello,6_30,11_17_39,6.6447,0,1,0,6.644691,0.0000,0.0000,0.0000,0.0000,0.0000,0.0000,0,0,,,,,,,,0,0,0,0,0,0,0,0,0,0,0,0,0,0,0,0,0,0,0,0,0,0,0,0,0,0,0,0,0,0,0,0,0,0,0,0,0,0,0,0,0,0,0,0,0,0,0,0,0,0,0,
hello,6_30,11_17_39,6.6482,0,1,0,6.648235,0.0000,0.0000,0.0000,0.0000,0.0000,0.0000,0,0,,,,,,,,0,0,0,0,0,0,0,0,0,0,0,0,0,0,0,0,0,0,0,0,0,0,0,0,0,0,0,0,0,0,0,0,0,0,0,0,0,0,0,0,0,0,0,0,0,0,0,0,0,0,0,
hello,6_30,11_17_39,6.6518,0,1,0,6.65183,0.0000,0.0000,0.0000,0.0000,0.0000,0.0000,0,0,,,,,,,,0,0,0,0,0,0,0,0,0,0,0,0,0,0,0,0,0,0,0,0,0,0,0,0,0,0,0,0,0,0,0,0,0,0,0,0,0,0,0,0,0,0,0,0,0,0,0,0,0,0,0,
hello,6_30,11_17_39,6.6553,0,1,0,6.655269,0.0000,0.0000,0.0000,0.0000,0.0000,0.0000,0,0,,,,,,,,0,0,0,0,0,0,0,0,0,0,0,0,0,0,0,0,0,0,0,0,0,0,0,0,0,0,0,0,0,0,0,0,0,0,0,0,0,0,0,0,0,0,0,0,0,0,0,0,0,0,0,
hello,6_30,11_17_39,6.6586,0,1,0,6.658589,0.0000,0.0000,0.0000,0.0000,0.0000,0.0000,0,0,,,,,,,,0,0,0,0,0,0,0,0,0,0,0,0,0,0,0,0,0,0,0,0,0,0,0,0,0,0,0,0,0,0,0,0,0,0,0,0,0,0,0,0,0,0,0,0,0,0,0,0,0,0,0,
hello,6_30,11_17_39,6.6619,0,1,0,6.66191,0.0000,0.0000,0.0000,0.0000,0.0000,0.0000,0,0,,,,,,,,0,0,0,0,0,0,0,0,0,0,0,0,0,0,0,0,0,0,0,0,0,0,0,0,0,0,0,0,0,0,0,0,0,0,0,0,0,0,0,0,0,0,0,0,0,0,0,0,0,0,0,
hello,6_30,11_17_39,6.6654,0,1,0,6.665397,0.0000,0.0000,0.0000,0.0000,0.0000,0.0000,0,0,,,,,,,,0,0,0,0,0,0,0,0,0,0,0,0,0,0,0,0,0,0,0,0,0,0,0,0,0,0,0,0,0,0,0,0,0,0,0,0,0,0,0,0,0,0,0,0,0,0,0,0,0,0,0,
hello,6_30,11_17_39,6.6686,0,1,0,6.668645,0.0000,0.0000,0.0000,0.0000,0.0000,0.0000,0,0,,,,,,,,0,0,0,0,0,0,0,0,0,0,0,0,0,0,0,0,0,0,0,0,0,0,0,0,0,0,0,0,0,0,0,0,0,0,0,0,0,0,0,0,0,0,0,0,0,0,0,0,0,0,0,
hello,6_30,11_17_39,6.6719,0,1,0,6.671857,0.0000,0.0000,0.0000,0.0000,0.0000,0.0000,0,0,,,,,,,,0,0,0,0,0,0,0,0,0,0,0,0,0,0,0,0,0,0,0,0,0,0,0,0,0,0,0,0,0,0,0,0,0,0,0,0,0,0,0,0,0,0,0,0,0,0,0,0,0,0,0,
hello,6_30,11_17_39,6.6752,0,1,0,6.675167,0.0000,0.0000,0.0000,0.0000,0.0000,0.0000,0,0,,,,,,,,0,0,0,0,0,0,0,0,0,0,0,0,0,0,0,0,0,0,0,0,0,0,0,0,0,0,0,0,0,0,0,0,0,0,0,0,0,0,0,0,0,0,0,0,0,0,0,0,0,0,0,
hello,6_30,11_17_39,6.6788,0,1,0,6.678761,0.0000,0.0000,0.0000,0.0000,0.0000,0.0000,0,0,,,,,,,,0,0,0,0,0,0,0,0,0,0,0,0,0,0,0,0,0,0,0,0,0,0,0,0,0,0,0,0,0,0,0,0,0,0,0,0,0,0,0,0,0,0,0,0,0,0,0,0,0,0,0,
hello,6_30,11_17_39,6.6822,0,1,0,6.682162,0.0000,0.0000,0.0000,0.0000,0.0000,0.0000,0,0,,,,,,,,0,0,0,0,0,0,0,0,0,0,0,0,0,0,0,0,0,0,0,0,0,0,0,0,0,0,0,0,0,0,0,0,0,0,0,0,0,0,0,0,0,0,0,0,0,0,0,0,0,0,0,
hello,6_30,11_17_39,6.6857,0,1,0,6.68572,0.0000,0.0000,0.0000,0.0000,0.0000,0.0000,0,0,,,,,,,,0,0,0,0,0,0,0,0,0,0,0,0,0,0,0,0,0,0,0,0,0,0,0,0,0,0,0,0,0,0,0,0,0,0,0,0,0,0,0,0,0,0,0,0,0,0,0,0,0,0,0,
hello,6_30,11_17_39,6.6891,0,1,0,6.68905,0.0000,0.0000,0.0000,0.0000,0.0000,0.0000,0,0,,,,,,,,0,0,0,0,0,0,0,0,0,0,0,0,0,0,0,0,0,0,0,0,0,0,0,0,0,0,0,0,0,0,0,0,0,0,0,0,0,0,0,0,0,0,0,0,0,0,0,0,0,0,0,
hello,6_30,11_17_39,6.6923,0,1,0,6.692341,0.0000,0.0000,0.0000,0.0000,0.0000,0.0000,0,0,,,,,,,,0,0,0,0,0,0,0,0,0,0,0,0,0,0,0,0,0,0,0,0,0,0,0,0,0,0,0,0,0,0,0,0,0,0,0,0,0,0,0,0,0,0,0,0,0,0,0,0,0,0,0,
hello,6_30,11_17_39,6.6959,0,1,0,6.69586,0.0000,0.0000,0.0000,0.0000,0.0000,0.0000,0,0,,,,,,,,0,0,0,0,0,0,0,0,0,0,0,0,0,0,0,0,0,0,0,0,0,0,0,0,0,0,0,0,0,0,0,0,0,0,0,0,0,0,0,0,0,0,0,0,0,0,0,0,0,0,0,
hello,6_30,11_17_39,6.6992,0,1,0,6.69919,0.0000,0.0000,0.0000,0.0000,0.0000,0.0000,0,0,,,,,,,,0,0,0,0,0,0,0,0,0,0,0,0,0,0,0,0,0,0,0,0,0,0,0,0,0,0,0,0,0,0,0,0,0,0,0,0,0,0,0,0,0,0,0,0,0,0,0,0,0,0,0,
hello,6_30,11_17_39,6.7026,0,1,0,6.702598,0.0000,0.0000,0.0000,0.0000,0.0000,0.0000,0,0,,,,,,,,0,0,0,0,0,0,0,0,0,0,0,0,0,0,0,0,0,0,0,0,0,0,0,0,0,0,0,0,0,0,0,0,0,0,0,0,0,0,0,0,0,0,0,0,0,0,0,0,0,0,0,
hello,6_30,11_17_39,6.7062,0,1,0,6.706237,0.0000,0.0000,0.0000,0.0000,0.0000,0.0000,0,0,,,,,,,,0,0,0,0,0,0,0,0,0,0,0,0,0,0,0,0,0,0,0,0,0,0,0,0,0,0,0,0,0,0,0,0,0,0,0,0,0,0,0,0,0,0,0,0,0,0,0,0,0,0,0,
hello,6_30,11_17_39,6.7098,0,1,0,6.709798,0.0000,0.0000,0.0000,0.0000,0.0000,0.0000,0,0,,,,,,,,0,0,0,0,0,0,0,0,0,0,0,0,0,0,0,0,0,0,0,0,0,0,0,0,0,0,0,0,0,0,0,0,0,0,0,0,0,0,0,0,0,0,0,0,0,0,0,0,0,0,0,
hello,6_30,11_17_39,6.7139,0,1,0,6.71389,0.0000,0.0000,0.0000,0.0000,0.0000,0.0000,0,0,,,,,,,,0,0,0,0,0,0,0,0,0,0,0,0,0,0,0,0,0,0,0,0,0,0,0,0,0,0,0,0,0,0,0,0,0,0,0,0,0,0,0,0,0,0,0,0,0,0,0,0,0,0,0,
hello,6_30,11_17_39,6.7173,0,1,0,6.717345,0.0000,0.0000,0.0000,0.0000,0.0000,0.0000,0,0,,,,,,,,0,0,0,0,0,0,0,0,0,0,0,0,0,0,0,0,0,0,0,0,0,0,0,0,0,0,0,0,0,0,0,0,0,0,0,0,0,0,0,0,0,0,0,0,0,0,0,0,0,0,0,
hello,6_30,11_17_39,6.7208,0,1,0,6.720778,0.0000,0.0000,0.0000,0.0000,0.0000,0.0000,0,0,,,,,,,,0,0,0,0,0,0,0,0,0,0,0,0,0,0,0,0,0,0,0,0,0,0,0,0,0,0,0,0,0,0,0,0,0,0,0,0,0,0,0,0,0,0,0,0,0,0,0,0,0,0,0,
hello,6_30,11_17_39,6.7244,0,1,0,6.724356,0.0000,0.0000,0.0000,0.0000,0.0000,0.0000,0,0,,,,,,,,0,0,0,0,0,0,0,0,0,0,0,0,0,0,0,0,0,0,0,0,0,0,0,0,0,0,0,0,0,0,0,0,0,0,0,0,0,0,0,0,0,0,0,0,0,0,0,0,0,0,0,
hello,6_30,11_17_39,6.7279,0,1,0,6.727862,0.0000,0.0000,0.0000,0.0000,0.0000,0.0000,0,0,,,,,,,,0,0,0,0,0,0,0,0,0,0,0,0,0,0,0,0,0,0,0,0,0,0,0,0,0,0,0,0,0,0,0,0,0,0,0,0,0,0,0,0,0,0,0,0,0,0,0,0,0,0,0,
hello,6_30,11_17_39,6.7312,0,1,0,6.731227,0.0000,0.0000,0.0000,0.0000,0.0000,0.0000,0,0,,,,,,,,0,0,0,0,0,0,0,0,0,0,0,0,0,0,0,0,0,0,0,0,0,0,0,0,0,0,0,0,0,0,0,0,0,0,0,0,0,0,0,0,0,0,0,0,0,0,0,0,0,0,0,
hello,6_30,11_17_39,6.7346,0,1,0,6.73456,0.0000,0.0000,0.0000,0.0000,0.0000,0.0000,0,0,,,,,,,,0,0,0,0,0,0,0,0,0,0,0,0,0,0,0,0,0,0,0,0,0,0,0,0,0,0,0,0,0,0,0,0,0,0,0,0,0,0,0,0,0,0,0,0,0,0,0,0,0,0,0,
hello,6_30,11_17_39,6.7380,0,1,0,6.738009,0.0000,0.0000,0.0000,0.0000,0.0000,0.0000,0,0,,,,,,,,0,0,0,0,0,0,0,0,0,0,0,0,0,0,0,0,0,0,0,0,0,0,0,0,0,0,0,0,0,0,0,0,0,0,0,0,0,0,0,0,0,0,0,0,0,0,0,0,0,0,0,
hello,6_30,11_17_39,6.7415,0,1,0,6.741451,0.0000,0.0000,0.0000,0.0000,0.0000,0.0000,0,0,,,,,,,,0,0,0,0,0,0,0,0,0,0,0,0,0,0,0,0,0,0,0,0,0,0,0,0,0,0,0,0,0,0,0,0,0,0,0,0,0,0,0,0,0,0,0,0,0,0,0,0,0,0,0,
hello,6_30,11_17_39,6.7452,0,1,0,6.74521,0.0000,0.0000,0.0000,0.0000,0.0000,0.0000,0,0,,,,,,,,0,0,0,0,0,0,0,0,0,0,0,0,0,0,0,0,0,0,0,0,0,0,0,0,0,0,0,0,0,0,0,0,0,0,0,0,0,0,0,0,0,0,0,0,0,0,0,0,0,0,0,
hello,6_30,11_17_39,6.7485,0,1,0,6.748535,0.0000,0.0000,0.0000,0.0000,0.0000,0.0000,0,0,,,,,,,,0,0,0,0,0,0,0,0,0,0,0,0,0,0,0,0,0,0,0,0,0,0,0,0,0,0,0,0,0,0,0,0,0,0,0,0,0,0,0,0,0,0,0,0,0,0,0,0,0,0,0,
hello,6_30,11_17_39,6.7519,0,1,0,6.751873,0.0000,0.0000,0.0000,0.0000,0.0000,0.0000,0,0,,,,,,,,0,0,0,0,0,0,0,0,0,0,0,0,0,0,0,0,0,0,0,0,0,0,0,0,0,0,0,0,0,0,0,0,0,0,0,0,0,0,0,0,0,0,0,0,0,0,0,0,0,0,0,
hello,6_30,11_17_39,6.7553,0,1,0,6.75527,0.0000,0.0000,0.0000,0.0000,0.0000,0.0000,0,0,,,,,,,,0,0,0,0,0,0,0,0,0,0,0,0,0,0,0,0,0,0,0,0,0,0,0,0,0,0,0,0,0,0,0,0,0,0,0,0,0,0,0,0,0,0,0,0,0,0,0,0,0,0,0,
hello,6_30,11_17_40,6.7586,0,1,0,6.758631,0.0000,0.0000,0.0000,0.0000,0.0000,0.0000,0,0,,,,,,,,0,0,0,0,0,0,0,0,0,0,0,0,0,0,0,0,0,0,0,0,0,0,0,0,0,0,0,0,0,0,0,0,0,0,0,0,0,0,0,0,0,0,0,0,0,0,0,0,0,0,0,
hello,6_30,11_17_40,6.7622,0,1,0,6.76219,0.0000,0.0000,0.0000,0.0000,0.0000,0.0000,0,0,,,,,,,,0,0,0,0,0,0,0,0,0,0,0,0,0,0,0,0,0,0,0,0,0,0,0,0,0,0,0,0,0,0,0,0,0,0,0,0,0,0,0,0,0,0,0,0,0,0,0,0,0,0,0,
hello,6_30,11_17_40,6.7658,0,1,0,6.765821,0.0000,0.0000,0.0000,0.0000,0.0000,0.0000,0,0,,,,,,,,0,0,0,0,0,0,0,0,0,0,0,0,0,0,0,0,0,0,0,0,0,0,0,0,0,0,0,0,0,0,0,0,0,0,0,0,0,0,0,0,0,0,0,0,0,0,0,0,0,0,0,
hello,6_30,11_17_40,6.7692,0,1,0,6.769178,0.0000,0.0000,0.0000,0.0000,0.0000,0.0000,0,0,,,,,,,,0,0,0,0,0,0,0,0,0,0,0,0,0,0,0,0,0,0,0,0,0,0,0,0,0,0,0,0,0,0,0,0,0,0,0,0,0,0,0,0,0,0,0,0,0,0,0,0,0,0,0,
hello,6_30,11_17_40,6.7826,0,1,0,6.78264,0.0000,0.0000,0.0000,0.0000,0.0000,0.0000,0,0,,,,,,,,0,0,0,0,0,0,0,0,0,0,0,0,0,0,0,0,0,0,0,0,0,0,0,0,0,0,0,0,0,0,0,0,0,0,0,0,0,0,0,0,0,0,0,0,0,0,0,0,0,0,0,
hello,6_30,11_17_40,6.7864,0,1,0,6.786419,0.0000,0.0000,0.0000,0.0000,0.0000,0.0000,0,0,,,,,,,,0,0,0,0,0,0,0,0,0,0,0,0,0,0,0,0,0,0,0,0,0,0,0,0,0,0,0,0,0,0,0,0,0,0,0,0,0,0,0,0,0,0,0,0,0,0,0,0,0,0,0,
hello,6_30,11_17_40,6.7898,0,1,0,6.789765,0.0000,0.0000,0.0000,0.0000,0.0000,0.0000,0,0,,,,,,,,0,0,0,0,0,0,0,0,0,0,0,0,0,0,0,0,0,0,0,0,0,0,0,0,0,0,0,0,0,0,0,0,0,0,0,0,0,0,0,0,0,0,0,0,0,0,0,0,0,0,0,
hello,6_30,11_17_40,6.7931,0,1,0,6.793061,0.0000,0.0000,0.0000,0.0000,0.0000,0.0000,0,0,,,,,,,,0,0,0,0,0,0,0,0,0,0,0,0,0,0,0,0,0,0,0,0,0,0,0,0,0,0,0,0,0,0,0,0,0,0,0,0,0,0,0,0,0,0,0,0,0,0,0,0,0,0,0,
hello,6_30,11_17_40,6.7967,0,1,0,6.796662,0.0000,0.0000,0.0000,0.0000,0.0000,0.0000,0,0,,,,,,,,0,0,0,0,0,0,0,0,0,0,0,0,0,0,0,0,0,0,0,0,0,0,0,0,0,0,0,0,0,0,0,0,0,0,0,0,0,0,0,0,0,0,0,0,0,0,0,0,0,0,0,
hello,6_30,11_17_40,6.8000,0,1,0,6.800018,0.0000,0.0000,0.0000,0.0000,0.0000,0.0000,0,0,,,,,,,,0,0,0,0,0,0,0,0,0,0,0,0,0,0,0,0,0,0,0,0,0,0,0,0,0,0,0,0,0,0,0,0,0,0,0,0,0,0,0,0,0,0,0,0,0,0,0,0,0,0,0,
hello,6_30,11_17_40,6.8036,0,1,0,6.803555,0.0000,0.0000,0.0000,0.0000,0.0000,0.0000,0,0,,,,,,,,0,0,0,0,0,0,0,0,0,0,0,0,0,0,0,0,0,0,0,0,0,0,0,0,0,0,0,0,0,0,0,0,0,0,0,0,0,0,0,0,0,0,0,0,0,0,0,0,0,0,0,
hello,6_30,11_17_40,6.8070,0,1,0,6.80698,0.0000,0.0000,0.0000,0.0000,0.0000,0.0000,0,0,,,,,,,,0,0,0,0,0,0,0,0,0,0,0,0,0,0,0,0,0,0,0,0,0,0,0,0,0,0,0,0,0,0,0,0,0,0,0,0,0,0,0,0,0,0,0,0,0,0,0,0,0,0,0,
hello,6_30,11_17_40,6.8106,0,1,0,6.810551,0.0000,0.0000,0.0000,0.0000,0.0000,0.0000,0,0,,,,,,,,0,0,0,0,0,0,0,0,0,0,0,0,0,0,0,0,0,0,0,0,0,0,0,0,0,0,0,0,0,0,0,0,0,0,0,0,0,0,0,0,0,0,0,0,0,0,0,0,0,0,0,
hello,6_30,11_17_40,6.8139,0,1,0,6.813931,0.0000,0.0000,0.0000,0.0000,0.0000,0.0000,0,0,,,,,,,,0,0,0,0,0,0,0,0,0,0,0,0,0,0,0,0,0,0,0,0,0,0,0,0,0,0,0,0,0,0,0,0,0,0,0,0,0,0,0,0,0,0,0,0,0,0,0,0,0,0,0,
hello,6_30,11_17_40,6.8173,0,1,0,6.817273,0.0000,0.0000,0.0000,0.0000,0.0000,0.0000,0,0,,,,,,,,0,0,0,0,0,0,0,0,0,0,0,0,0,0,0,0,0,0,0,0,0,0,0,0,0,0,0,0,0,0,0,0,0,0,0,0,0,0,0,0,0,0,0,0,0,0,0,0,0,0,0,
hello,6_30,11_17_40,6.8207,0,1,0,6.820677,0.0000,0.0000,0.0000,0.0000,0.0000,0.0000,0,0,,,,,,,,0,0,0,0,0,0,0,0,0,0,0,0,0,0,0,0,0,0,0,0,0,0,0,0,0,0,0,0,0,0,0,0,0,0,0,0,0,0,0,0,0,0,0,0,0,0,0,0,0,0,0,
hello,6_30,11_17_40,6.8246,0,1,0,6.824619,0.0000,0.0000,0.0000,0.0000,0.0000,0.0000,0,0,,,,,,,,0,0,0,0,0,0,0,0,0,0,0,0,0,0,0,0,0,0,0,0,0,0,0,0,0,0,0,0,0,0,0,0,0,0,0,0,0,0,0,0,0,0,0,0,0,0,0,0,0,0,0,
hello,6_30,11_17_40,6.8281,0,1,0,6.828072,0.0000,0.0000,0.0000,0.0000,0.0000,0.0000,0,0,,,,,,,,0,0,0,0,0,0,0,0,0,0,0,0,0,0,0,0,0,0,0,0,0,0,0,0,0,0,0,0,0,0,0,0,0,0,0,0,0,0,0,0,0,0,0,0,0,0,0,0,0,0,0,
hello,6_30,11_17_40,6.8314,0,1,0,6.831379,0.0000,0.0000,0.0000,0.0000,0.0000,0.0000,0,0,,,,,,,,0,0,0,0,0,0,0,0,0,0,0,0,0,0,0,0,0,0,0,0,0,0,0,0,0,0,0,0,0,0,0,0,0,0,0,0,0,0,0,0,0,0,0,0,0,0,0,0,0,0,0,
hello,6_30,11_17_40,6.8347,0,1,0,6.834675,0.0000,0.0000,0.0000,0.0000,0.0000,0.0000,0,0,,,,,,,,0,0,0,0,0,0,0,0,0,0,0,0,0,0,0,0,0,0,0,0,0,0,0,0,0,0,0,0,0,0,0,0,0,0,0,0,0,0,0,0,0,0,0,0,0,0,0,0,0,0,0,
hello,6_30,11_17_40,6.8379,0,1,0,6.83793,0.0000,0.0000,0.0000,0.0000,0.0000,0.0000,0,0,,,,,,,,0,0,0,0,0,0,0,0,0,0,0,0,0,0,0,0,0,0,0,0,0,0,0,0,0,0,0,0,0,0,0,0,0,0,0,0,0,0,0,0,0,0,0,0,0,0,0,0,0,0,0,
hello,6_30,11_17_40,6.8413,0,1,0,6.841282,0.0000,0.0000,0.0000,0.0000,0.0000,0.0000,0,0,,,,,,,,0,0,0,0,0,0,0,0,0,0,0,0,0,0,0,0,0,0,0,0,0,0,0,0,0,0,0,0,0,0,0,0,0,0,0,0,0,0,0,0,0,0,0,0,0,0,0,0,0,0,0,
hello,6_30,11_17_40,6.8451,0,1,0,6.845053,0.0000,0.0000,0.0000,0.0000,0.0000,0.0000,0,0,,,,,,,,0,0,0,0,0,0,0,0,0,0,0,0,0,0,0,0,0,0,0,0,0,0,0,0,0,0,0,0,0,0,0,0,0,0,0,0,0,0,0,0,0,0,0,0,0,0,0,0,0,0,0,
hello,6_30,11_17_40,6.8484,0,1,0,6.8484,0.0000,0.0000,0.0000,0.0000,0.0000,0.0000,0,0,,,,,,,,0,0,0,0,0,0,0,0,0,0,0,0,0,0,0,0,0,0,0,0,0,0,0,0,0,0,0,0,0,0,0,0,0,0,0,0,0,0,0,0,0,0,0,0,0,0,0,0,0,0,0,
hello,6_30,11_17_40,6.8518,0,1,0,6.851826,0.0000,0.0000,0.0000,0.0000,0.0000,0.0000,0,0,,,,,,,,0,0,0,0,0,0,0,0,0,0,0,0,0,0,0,0,0,0,0,0,0,0,0,0,0,0,0,0,0,0,0,0,0,0,0,0,0,0,0,0,0,0,0,0,0,0,0,0,0,0,0,
hello,6_30,11_17_40,6.8552,0,1,0,6.855217,0.0000,0.0000,0.0000,0.0000,0.0000,0.0000,0,0,,,,,,,,0,0,0,0,0,0,0,0,0,0,0,0,0,0,0,0,0,0,0,0,0,0,0,0,0,0,0,0,0,0,0,0,0,0,0,0,0,0,0,0,0,0,0,0,0,0,0,0,0,0,0,
hello,6_30,11_17_40,6.8587,0,1,0,6.858669,0.0000,0.0000,0.0000,0.0000,0.0000,0.0000,0,0,,,,,,,,0,0,0,0,0,0,0,0,0,0,0,0,0,0,0,0,0,0,0,0,0,0,0,0,0,0,0,0,0,0,0,0,0,0,0,0,0,0,0,0,0,0,0,0,0,0,0,0,0,0,0,
hello,6_30,11_17_40,6.8622,0,1,0,6.862152,0.0000,0.0000,0.0000,0.0000,0.0000,0.0000,0,0,,,,,,,,0,0,0,0,0,0,0,0,0,0,0,0,0,0,0,0,0,0,0,0,0,0,0,0,0,0,0,0,0,0,0,0,0,0,0,0,0,0,0,0,0,0,0,0,0,0,0,0,0,0,0,
hello,6_30,11_17_40,6.8657,0,1,0,6.865724,0.0000,0.0000,0.0000,0.0000,0.0000,0.0000,0,0,,,,,,,,0,0,0,0,0,0,0,0,0,0,0,0,0,0,0,0,0,0,0,0,0,0,0,0,0,0,0,0,0,0,0,0,0,0,0,0,0,0,0,0,0,0,0,0,0,0,0,0,0,0,0,
hello,6_30,11_17_40,6.8692,0,1,0,6.869173,0.0000,0.0000,0.0000,0.0000,0.0000,0.0000,0,0,,,,,,,,0,0,0,0,0,0,0,0,0,0,0,0,0,0,0,0,0,0,0,0,0,0,0,0,0,0,0,0,0,0,0,0,0,0,0,0,0,0,0,0,0,0,0,0,0,0,0,0,0,0,0,
hello,6_30,11_17_40,6.8727,0,1,0,6.872676,0.0000,0.0000,0.0000,0.0000,0.0000,0.0000,0,0,,,,,,,,0,0,0,0,0,0,0,0,0,0,0,0,0,0,0,0,0,0,0,0,0,0,0,0,0,0,0,0,0,0,0,0,0,0,0,0,0,0,0,0,0,0,0,0,0,0,0,0,0,0,0,
hello,6_30,11_17_40,6.8761,0,1,0,6.876149,0.0000,0.0000,0.0000,0.0000,0.0000,0.0000,0,0,,,,,,,,0,0,0,0,0,0,0,0,0,0,0,0,0,0,0,0,0,0,0,0,0,0,0,0,0,0,0,0,0,0,0,0,0,0,0,0,0,0,0,0,0,0,0,0,0,0,0,0,0,0,0,
hello,6_30,11_17_40,6.8797,0,1,0,6.879662,0.0000,0.0000,0.0000,0.0000,0.0000,0.0000,0,0,,,,,,,,0,0,0,0,0,0,0,0,0,0,0,0,0,0,0,0,0,0,0,0,0,0,0,0,0,0,0,0,0,0,0,0,0,0,0,0,0,0,0,0,0,0,0,0,0,0,0,0,0,0,0,
hello,6_30,11_17_40,6.8829,0,1,0,6.882913,0.0000,0.0000,0.0000,0.0000,0.0000,0.0000,0,0,,,,,,,,0,0,0,0,0,0,0,0,0,0,0,0,0,0,0,0,0,0,0,0,0,0,0,0,0,0,0,0,0,0,0,0,0,0,0,0,0,0,0,0,0,0,0,0,0,0,0,0,0,0,0,
hello,6_30,11_17_40,6.8865,0,1,0,6.886504,0.0000,0.0000,0.0000,0.0000,0.0000,0.0000,0,0,,,,,,,,0,0,0,0,0,0,0,0,0,0,0,0,0,0,0,0,0,0,0,0,0,0,0,0,0,0,0,0,0,0,0,0,0,0,0,0,0,0,0,0,0,0,0,0,0,0,0,0,0,0,0,
hello,6_30,11_17_40,6.8899,0,1,0,6.889896,0.0000,0.0000,0.0000,0.0000,0.0000,0.0000,0,0,,,,,,,,0,0,0,0,0,0,0,0,0,0,0,0,0,0,0,0,0,0,0,0,0,0,0,0,0,0,0,0,0,0,0,0,0,0,0,0,0,0,0,0,0,0,0,0,0,0,0,0,0,0,0,
hello,6_30,11_17_40,6.8932,0,1,0,6.893217,0.0000,0.0000,0.0000,0.0000,0.0000,0.0000,0,0,,,,,,,,0,0,0,0,0,0,0,0,0,0,0,0,0,0,0,0,0,0,0,0,0,0,0,0,0,0,0,0,0,0,0,0,0,0,0,0,0,0,0,0,0,0,0,0,0,0,0,0,0,0,0,
hello,6_30,11_17_40,6.8968,0,1,0,6.896844,0.0000,0.0000,0.0000,0.0000,0.0000,0.0000,0,0,,,,,,,,0,0,0,0,0,0,0,0,0,0,0,0,0,0,0,0,0,0,0,0,0,0,0,0,0,0,0,0,0,0,0,0,0,0,0,0,0,0,0,0,0,0,0,0,0,0,0,0,0,0,0,
hello,6_30,11_17_40,6.9001,0,1,0,6.900082,0.0000,0.0000,0.0000,0.0000,0.0000,0.0000,0,0,,,,,,,,0,0,0,0,0,0,0,0,0,0,0,0,0,0,0,0,0,0,0,0,0,0,0,0,0,0,0,0,0,0,0,0,0,0,0,0,0,0,0,0,0,0,0,0,0,0,0,0,0,0,0,
hello,6_30,11_17_40,6.9038,0,1,0,6.903757,0.0000,0.0000,0.0000,0.0000,0.0000,0.0000,0,0,,,,,,,,0,0,0,0,0,0,0,0,0,0,0,0,0,0,0,0,0,0,0,0,0,0,0,0,0,0,0,0,0,0,0,0,0,0,0,0,0,0,0,0,0,0,0,0,0,0,0,0,0,0,0,
hello,6_30,11_17_40,6.9072,0,1,0,6.907162,0.0000,0.0000,0.0000,0.0000,0.0000,0.0000,0,0,,,,,,,,0,0,0,0,0,0,0,0,0,0,0,0,0,0,0,0,0,0,0,0,0,0,0,0,0,0,0,0,0,0,0,0,0,0,0,0,0,0,0,0,0,0,0,0,0,0,0,0,0,0,0,
hello,6_30,11_17_40,6.9105,0,1,0,6.910505,0.0000,0.0000,0.0000,0.0000,0.0000,0.0000,0,0,,,,,,,,0,0,0,0,0,0,0,0,0,0,0,0,0,0,0,0,0,0,0,0,0,0,0,0,0,0,0,0,0,0,0,0,0,0,0,0,0,0,0,0,0,0,0,0,0,0,0,0,0,0,0,
hello,6_30,11_17_40,6.9138,0,1,0,6.913823,0.0000,0.0000,0.0000,0.0000,0.0000,0.0000,0,0,,,,,,,,0,0,0,0,0,0,0,0,0,0,0,0,0,0,0,0,0,0,0,0,0,0,0,0,0,0,0,0,0,0,0,0,0,0,0,0,0,0,0,0,0,0,0,0,0,0,0,0,0,0,0,
hello,6_30,11_17_40,6.9171,0,1,0,6.917102,0.0000,0.0000,0.0000,0.0000,0.0000,0.0000,0,0,,,,,,,,0,0,0,0,0,0,0,0,0,0,0,0,0,0,0,0,0,0,0,0,0,0,0,0,0,0,0,0,0,0,0,0,0,0,0,0,0,0,0,0,0,0,0,0,0,0,0,0,0,0,0,
hello,6_30,11_17_40,6.9204,0,1,0,6.920434,0.0000,0.0000,0.0000,0.0000,0.0000,0.0000,0,0,,,,,,,,0,0,0,0,0,0,0,0,0,0,0,0,0,0,0,0,0,0,0,0,0,0,0,0,0,0,0,0,0,0,0,0,0,0,0,0,0,0,0,0,0,0,0,0,0,0,0,0,0,0,0,
hello,6_30,11_17_40,6.9240,0,1,0,6.923984,0.0000,0.0000,0.0000,0.0000,0.0000,0.0000,0,0,,,,,,,,0,0,0,0,0,0,0,0,0,0,0,0,0,0,0,0,0,0,0,0,0,0,0,0,0,0,0,0,0,0,0,0,0,0,0,0,0,0,0,0,0,0,0,0,0,0,0,0,0,0,0,
hello,6_30,11_17_40,6.9275,0,1,0,6.927507,0.0000,0.0000,0.0000,0.0000,0.0000,0.0000,0,0,,,,,,,,0,0,0,0,0,0,0,0,0,0,0,0,0,0,0,0,0,0,0,0,0,0,0,0,0,0,0,0,0,0,0,0,0,0,0,0,0,0,0,0,0,0,0,0,0,0,0,0,0,0,0,
hello,6_30,11_17_40,6.9311,0,1,0,6.931075,0.0000,0.0000,0.0000,0.0000,0.0000,0.0000,0,0,,,,,,,,0,0,0,0,0,0,0,0,0,0,0,0,0,0,0,0,0,0,0,0,0,0,0,0,0,0,0,0,0,0,0,0,0,0,0,0,0,0,0,0,0,0,0,0,0,0,0,0,0,0,0,
hello,6_30,11_17_40,6.9345,0,1,0,6.934476,0.0000,0.0000,0.0000,0.0000,0.0000,0.0000,0,0,,,,,,,,0,0,0,0,0,0,0,0,0,0,0,0,0,0,0,0,0,0,0,0,0,0,0,0,0,0,0,0,0,0,0,0,0,0,0,0,0,0,0,0,0,0,0,0,0,0,0,0,0,0,0,
hello,6_30,11_17_40,6.9378,0,1,0,6.937821,0.0000,0.0000,0.0000,0.0000,0.0000,0.0000,0,0,,,,,,,,0,0,0,0,0,0,0,0,0,0,0,0,0,0,0,0,0,0,0,0,0,0,0,0,0,0,0,0,0,0,0,0,0,0,0,0,0,0,0,0,0,0,0,0,0,0,0,0,0,0,0,
hello,6_30,11_17_40,6.9411,0,1,0,6.941063,0.0000,0.0000,0.0000,0.0000,0.0000,0.0000,0,0,,,,,,,,0,0,0,0,0,0,0,0,0,0,0,0,0,0,0,0,0,0,0,0,0,0,0,0,0,0,0,0,0,0,0,0,0,0,0,0,0,0,0,0,0,0,0,0,0,0,0,0,0,0,0,
hello,6_30,11_17_40,6.9446,0,1,0,6.944616,0.0000,0.0000,0.0000,0.0000,0.0000,0.0000,0,0,,,,,,,,0,0,0,0,0,0,0,0,0,0,0,0,0,0,0,0,0,0,0,0,0,0,0,0,0,0,0,0,0,0,0,0,0,0,0,0,0,0,0,0,0,0,0,0,0,0,0,0,0,0,0,
hello,6_30,11_17_40,6.9480,0,1,0,6.947982,0.0000,0.0000,0.0000,0.0000,0.0000,0.0000,0,0,,,,,,,,0,0,0,0,0,0,0,0,0,0,0,0,0,0,0,0,0,0,0,0,0,0,0,0,0,0,0,0,0,0,0,0,0,0,0,0,0,0,0,0,0,0,0,0,0,0,0,0,0,0,0,
hello,6_30,11_17_40,6.9513,0,1,0,6.951256,0.0000,0.0000,0.0000,0.0000,0.0000,0.0000,0,0,,,,,,,,0,0,0,0,0,0,0,0,0,0,0,0,0,0,0,0,0,0,0,0,0,0,0,0,0,0,0,0,0,0,0,0,0,0,0,0,0,0,0,0,0,0,0,0,0,0,0,0,0,0,0,
hello,6_30,11_17_40,6.9546,0,1,0,6.954621,0.0000,0.0000,0.0000,0.0000,0.0000,0.0000,0,0,,,,,,,,0,0,0,0,0,0,0,0,0,0,0,0,0,0,0,0,0,0,0,0,0,0,0,0,0,0,0,0,0,0,0,0,0,0,0,0,0,0,0,0,0,0,0,0,0,0,0,0,0,0,0,
hello,6_30,11_17_40,6.9580,0,1,0,6.958036,0.0000,0.0000,0.0000,0.0000,0.0000,0.0000,0,0,,,,,,,,0,0,0,0,0,0,0,0,0,0,0,0,0,0,0,0,0,0,0,0,0,0,0,0,0,0,0,0,0,0,0,0,0,0,0,0,0,0,0,0,0,0,0,0,0,0,0,0,0,0,0,
hello,6_30,11_17_40,6.9616,0,1,0,6.961561,0.0000,0.0000,0.0000,0.0000,0.0000,0.0000,0,0,,,,,,,,0,0,0,0,0,0,0,0,0,0,0,0,0,0,0,0,0,0,0,0,0,0,0,0,0,0,0,0,0,0,0,0,0,0,0,0,0,0,0,0,0,0,0,0,0,0,0,0,0,0,0,
hello,6_30,11_17_40,6.9651,0,1,0,6.965074,0.0000,0.0000,0.0000,0.0000,0.0000,0.0000,0,0,,,,,,,,0,0,0,0,0,0,0,0,0,0,0,0,0,0,0,0,0,0,0,0,0,0,0,0,0,0,0,0,0,0,0,0,0,0,0,0,0,0,0,0,0,0,0,0,0,0,0,0,0,0,0,
hello,6_30,11_17_40,6.9683,0,1,0,6.968299,0.0000,0.0000,0.0000,0.0000,0.0000,0.0000,0,0,,,,,,,,0,0,0,0,0,0,0,0,0,0,0,0,0,0,0,0,0,0,0,0,0,0,0,0,0,0,0,0,0,0,0,0,0,0,0,0,0,0,0,0,0,0,0,0,0,0,0,0,0,0,0,
hello,6_30,11_17_40,6.9717,0,1,0,6.971653,0.0000,0.0000,0.0000,0.0000,0.0000,0.0000,0,0,,,,,,,,0,0,0,0,0,0,0,0,0,0,0,0,0,0,0,0,0,0,0,0,0,0,0,0,0,0,0,0,0,0,0,0,0,0,0,0,0,0,0,0,0,0,0,0,0,0,0,0,0,0,0,
hello,6_30,11_17_40,6.9845,0,1,0,6.984485,0.0000,0.0000,0.0000,0.0000,0.0000,0.0000,0,0,,,,,,,,0,0,0,0,0,0,0,0,0,0,0,0,0,0,0,0,0,0,0,0,0,0,0,0,0,0,0,0,0,0,0,0,0,0,0,0,0,0,0,0,0,0,0,0,0,0,0,0,0,0,0,
hello,6_30,11_17_40,6.9880,0,1,0,6.987981,0.0000,0.0000,0.0000,0.0000,0.0000,0.0000,0,0,,,,,,,,0,0,0,0,0,0,0,0,0,0,0,0,0,0,0,0,0,0,0,0,0,0,0,0,0,0,0,0,0,0,0,0,0,0,0,0,0,0,0,0,0,0,0,0,0,0,0,0,0,0,0,
hello,6_30,11_17_40,6.9912,0,1,0,6.991203,0.0000,0.0000,0.0000,0.0000,0.0000,0.0000,0,0,,,,,,,,0,0,0,0,0,0,0,0,0,0,0,0,0,0,0,0,0,0,0,0,0,0,0,0,0,0,0,0,0,0,0,0,0,0,0,0,0,0,0,0,0,0,0,0,0,0,0,0,0,0,0,
hello,6_30,11_17_40,6.9945,0,1,0,6.994526,0.0000,0.0000,0.0000,0.0000,0.0000,0.0000,0,0,,,,,,,,0,0,0,0,0,0,0,0,0,0,0,0,0,0,0,0,0,0,0,0,0,0,0,0,0,0,0,0,0,0,0,0,0,0,0,0,0,0,0,0,0,0,0,0,0,0,0,0,0,0,0,
hello,6_30,11_17_40,6.9979,0,1,0,6.997857,0.0000,0.0000,0.0000,0.0000,0.0000,0.0000,0,0,,,,,,,,0,0,0,0,0,0,0,0,0,0,0,0,0,0,0,0,0,0,0,0,0,0,0,0,0,0,0,0,0,0,0,0,0,0,0,0,0,0,0,0,0,0,0,0,0,0,0,0,0,0,0,
hello,6_30,11_17_40,7.0011,0,1,0,7.00107,0.0000,0.0000,0.0000,0.0000,0.0000,0.0000,0,0,,,,,,,,0,0,0,0,0,0,0,0,0,0,0,0,0,0,0,0,0,0,0,0,0,0,0,0,0,0,0,0,0,0,0,0,0,0,0,0,0,0,0,0,0,0,0,0,0,0,0,0,0,0,0,
hello,6_30,11_17_40,7.0046,0,1,0,7.004618,0.0000,0.0000,0.0000,0.0000,0.0000,0.0000,0,0,,,,,,,,0,0,0,0,0,0,0,0,0,0,0,0,0,0,0,0,0,0,0,0,0,0,0,0,0,0,0,0,0,0,0,0,0,0,0,0,0,0,0,0,0,0,0,0,0,0,0,0,0,0,0,
hello,6_30,11_17_40,7.0079,0,1,0,7.00791,0.0000,0.0000,0.0000,0.0000,0.0000,0.0000,0,0,,,,,,,,0,0,0,0,0,0,0,0,0,0,0,0,0,0,0,0,0,0,0,0,0,0,0,0,0,0,0,0,0,0,0,0,0,0,0,0,0,0,0,0,0,0,0,0,0,0,0,0,0,0,0,
hello,6_30,11_17_40,7.0113,0,1,0,7.011275,0.0000,0.0000,0.0000,0.0000,0.0000,0.0000,0,0,,,,,,,,0,0,0,0,0,0,0,0,0,0,0,0,0,0,0,0,0,0,0,0,0,0,0,0,0,0,0,0,0,0,0,0,0,0,0,0,0,0,0,0,0,0,0,0,0,0,0,0,0,0,0,
hello,6_30,11_17_40,7.0148,0,1,0,7.014778,0.0000,0.0000,0.0000,0.0000,0.0000,0.0000,0,0,,,,,,,,0,0,0,0,0,0,0,0,0,0,0,0,0,0,0,0,0,0,0,0,0,0,0,0,0,0,0,0,0,0,0,0,0,0,0,0,0,0,0,0,0,0,0,0,0,0,0,0,0,0,0,
hello,6_30,11_17_40,7.0181,0,1,0,7.01812,0.0000,0.0000,0.0000,0.0000,0.0000,0.0000,0,0,,,,,,,,0,0,0,0,0,0,0,0,0,0,0,0,0,0,0,0,0,0,0,0,0,0,0,0,0,0,0,0,0,0,0,0,0,0,0,0,0,0,0,0,0,0,0,0,0,0,0,0,0,0,0,
hello,6_30,11_17_40,7.0215,0,1,0,7.021479,0.0000,0.0000,0.0000,0.0000,0.0000,0.0000,0,0,,,,,,,,0,0,0,0,0,0,0,0,0,0,0,0,0,0,0,0,0,0,0,0,0,0,0,0,0,0,0,0,0,0,0,0,0,0,0,0,0,0,0,0,0,0,0,0,0,0,0,0,0,0,0,
hello,6_30,11_17_40,7.0258,0,1,0,7.025758,0.0000,0.0000,0.0000,0.0000,0.0000,0.0000,0,0,,,,,,,,0,0,0,0,0,0,0,0,0,0,0,0,0,0,0,0,0,0,0,0,0,0,0,0,0,0,0,0,0,0,0,0,0,0,0,0,0,0,0,0,0,0,0,0,0,0,0,0,0,0,0,
hello,6_30,11_17_40,7.0299,0,1,0,7.029865,0.0000,0.0000,0.0000,0.0000,0.0000,0.0000,0,0,,,,,,,,0,0,0,0,0,0,0,0,0,0,0,0,0,0,0,0,0,0,0,0,0,0,0,0,0,0,0,0,0,0,0,0,0,0,0,0,0,0,0,0,0,0,0,0,0,0,0,0,0,0,0,
hello,6_30,11_17_40,7.0332,0,1,0,7.033217,0.0000,0.0000,0.0000,0.0000,0.0000,0.0000,0,0,,,,,,,,0,0,0,0,0,0,0,0,0,0,0,0,0,0,0,0,0,0,0,0,0,0,0,0,0,0,0,0,0,0,0,0,0,0,0,0,0,0,0,0,0,0,0,0,0,0,0,0,0,0,0,
hello,6_30,11_17_40,7.0373,0,1,0,7.03727,0.0000,0.0000,0.0000,0.0000,0.0000,0.0000,0,0,,,,,,,,0,0,0,0,0,0,0,0,0,0,0,0,0,0,0,0,0,0,0,0,0,0,0,0,0,0,0,0,0,0,0,0,0,0,0,0,0,0,0,0,0,0,0,0,0,0,0,0,0,0,0,
hello,6_30,11_17_40,7.0413,0,1,0,7.04129,0.0000,0.0000,0.0000,0.0000,0.0000,0.0000,0,0,,,,,,,,0,0,0,0,0,0,0,0,0,0,0,0,0,0,0,0,0,0,0,0,0,0,0,0,0,0,0,0,0,0,0,0,0,0,0,0,0,0,0,0,0,0,0,0,0,0,0,0,0,0,0,
hello,6_30,11_17_40,7.0453,0,1,0,7.0453,0.0000,0.0000,0.0000,0.0000,0.0000,0.0000,0,0,,,,,,,,0,0,0,0,0,0,0,0,0,0,0,0,0,0,0,0,0,0,0,0,0,0,0,0,0,0,0,0,0,0,0,0,0,0,0,0,0,0,0,0,0,0,0,0,0,0,0,0,0,0,0,
hello,6_30,11_17_40,7.0493,0,1,0,7.049286,0.0000,0.0000,0.0000,0.0000,0.0000,0.0000,0,0,,,,,,,,0,0,0,0,0,0,0,0,0,0,0,0,0,0,0,0,0,0,0,0,0,0,0,0,0,0,0,0,0,0,0,0,0,0,0,0,0,0,0,0,0,0,0,0,0,0,0,0,0,0,0,
hello,6_30,11_17_40,7.0530,0,1,0,7.053018,0.0000,0.0000,0.0000,0.0000,0.0000,0.0000,0,0,,,,,,,,0,0,0,0,0,0,0,0,0,0,0,0,0,0,0,0,0,0,0,0,0,0,0,0,0,0,0,0,0,0,0,0,0,0,0,0,0,0,0,0,0,0,0,0,0,0,0,0,0,0,0,
hello,6_30,11_17_40,7.0591,0,1,0,7.059137,0.0000,0.0000,0.0000,0.0000,0.0000,0.0000,0,0,,,,,,,,0,0,0,0,0,0,0,0,0,0,0,0,0,0,0,0,0,0,0,0,0,0,0,0,0,0,0,0,0,0,0,0,0,0,0,0,0,0,0,0,0,0,0,0,0,0,0,0,0,0,0,
hello,6_30,11_17_40,7.0630,0,1,0,7.06295,0.0000,0.0000,0.0000,0.0000,0.0000,0.0000,0,0,,,,,,,,0,0,0,0,0,0,0,0,0,0,0,0,0,0,0,0,0,0,0,0,0,0,0,0,0,0,0,0,0,0,0,0,0,0,0,0,0,0,0,0,0,0,0,0,0,0,0,0,0,0,0,
hello,6_30,11_17_40,7.0669,0,1,0,7.066942,0.0000,0.0000,0.0000,0.0000,0.0000,0.0000,0,0,,,,,,,,0,0,0,0,0,0,0,0,0,0,0,0,0,0,0,0,0,0,0,0,0,0,0,0,0,0,0,0,0,0,0,0,0,0,0,0,0,0,0,0,0,0,0,0,0,0,0,0,0,0,0,
hello,6_30,11_17_40,7.0711,0,1,0,7.071051,0.0000,0.0000,0.0000,0.0000,0.0000,0.0000,0,0,,,,,,,,0,0,0,0,0,0,0,0,0,0,0,0,0,0,0,0,0,0,0,0,0,0,0,0,0,0,0,0,0,0,0,0,0,0,0,0,0,0,0,0,0,0,0,0,0,0,0,0,0,0,0,
hello,6_30,11_17_40,7.0750,0,1,0,7.075046,0.0000,0.0000,0.0000,0.0000,0.0000,0.0000,0,0,,,,,,,,0,0,0,0,0,0,0,0,0,0,0,0,0,0,0,0,0,0,0,0,0,0,0,0,0,0,0,0,0,0,0,0,0,0,0,0,0,0,0,0,0,0,0,0,0,0,0,0,0,0,0,
hello,6_30,11_17_40,7.0788,0,1,0,7.078811,0.0000,0.0000,0.0000,0.0000,0.0000,0.0000,0,0,,,,,,,,0,0,0,0,0,0,0,0,0,0,0,0,0,0,0,0,0,0,0,0,0,0,0,0,0,0,0,0,0,0,0,0,0,0,0,0,0,0,0,0,0,0,0,0,0,0,0,0,0,0,0,
hello,6_30,11_17_40,7.0826,0,1,0,7.082576,0.0000,0.0000,0.0000,0.0000,0.0000,0.0000,0,0,,,,,,,,0,0,0,0,0,0,0,0,0,0,0,0,0,0,0,0,0,0,0,0,0,0,0,0,0,0,0,0,0,0,0,0,0,0,0,0,0,0,0,0,0,0,0,0,0,0,0,0,0,0,0,
hello,6_30,11_17_40,7.0865,0,1,0,7.0865,0.0000,0.0000,0.0000,0.0000,0.0000,0.0000,0,0,,,,,,,,0,0,0,0,0,0,0,0,0,0,0,0,0,0,0,0,0,0,0,0,0,0,0,0,0,0,0,0,0,0,0,0,0,0,0,0,0,0,0,0,0,0,0,0,0,0,0,0,0,0,0,
hello,6_30,11_17_40,7.0915,0,1,0,7.091539,0.0000,0.0000,0.0000,0.0000,0.0000,0.0000,0,0,,,,,,,,0,0,0,0,0,0,0,0,0,0,0,0,0,0,0,0,0,0,0,0,0,0,0,0,0,0,0,0,0,0,0,0,0,0,0,0,0,0,0,0,0,0,0,0,0,0,0,0,0,0,0,
hello,6_30,11_17_40,7.0953,0,1,0,7.095338,0.0000,0.0000,0.0000,0.0000,0.0000,0.0000,0,0,,,,,,,,0,0,0,0,0,0,0,0,0,0,0,0,0,0,0,0,0,0,0,0,0,0,0,0,0,0,0,0,0,0,0,0,0,0,0,0,0,0,0,0,0,0,0,0,0,0,0,0,0,0,0,
hello,6_30,11_17_40,7.0993,0,1,0,7.099315,0.0000,0.0000,0.0000,0.0000,0.0000,0.0000,0,0,,,,,,,,0,0,0,0,0,0,0,0,0,0,0,0,0,0,0,0,0,0,0,0,0,0,0,0,0,0,0,0,0,0,0,0,0,0,0,0,0,0,0,0,0,0,0,0,0,0,0,0,0,0,0,
hello,6_30,11_17_40,7.1030,0,1,0,7.102993,0.0000,0.0000,0.0000,0.0000,0.0000,0.0000,0,0,,,,,,,,0,0,0,0,0,0,0,0,0,0,0,0,0,0,0,0,0,0,0,0,0,0,0,0,0,0,0,0,0,0,0,0,0,0,0,0,0,0,0,0,0,0,0,0,0,0,0,0,0,0,0,
hello,6_30,11_17_40,7.1073,0,1,0,7.107253,0.0000,0.0000,0.0000,0.0000,0.0000,0.0000,0,0,,,,,,,,0,0,0,0,0,0,0,0,0,0,0,0,0,0,0,0,0,0,0,0,0,0,0,0,0,0,0,0,0,0,0,0,0,0,0,0,0,0,0,0,0,0,0,0,0,0,0,0,0,0,0,
hello,6_30,11_17_40,7.1108,0,1,0,7.110825,0.0000,0.0000,0.0000,0.0000,0.0000,0.0000,0,0,,,,,,,,0,0,0,0,0,0,0,0,0,0,0,0,0,0,0,0,0,0,0,0,0,0,0,0,0,0,0,0,0,0,0,0,0,0,0,0,0,0,0,0,0,0,0,0,0,0,0,0,0,0,0,
hello,6_30,11_17_40,7.1151,0,1,0,7.115128,0.0000,0.0000,0.0000,0.0000,0.0000,0.0000,0,0,,,,,,,,0,0,0,0,0,0,0,0,0,0,0,0,0,0,0,0,0,0,0,0,0,0,0,0,0,0,0,0,0,0,0,0,0,0,0,0,0,0,0,0,0,0,0,0,0,0,0,0,0,0,0,
hello,6_30,11_17_40,7.1200,0,1,0,7.11998,0.0000,0.0000,0.0000,0.0000,0.0000,0.0000,0,0,,,,,,,,0,0,0,0,0,0,0,0,0,0,0,0,0,0,0,0,0,0,0,0,0,0,0,0,0,0,0,0,0,0,0,0,0,0,0,0,0,0,0,0,0,0,0,0,0,0,0,0,0,0,0,
hello,6_30,11_17_40,7.1237,0,1,0,7.123686,0.0000,0.0000,0.0000,0.0000,0.0000,0.0000,0,0,,,,,,,,0,0,0,0,0,0,0,0,0,0,0,0,0,0,0,0,0,0,0,0,0,0,0,0,0,0,0,0,0,0,0,0,0,0,0,0,0,0,0,0,0,0,0,0,0,0,0,0,0,0,0,
hello,6_30,11_17_40,7.1278,0,1,0,7.127831,0.0000,0.0000,0.0000,0.0000,0.0000,0.0000,0,0,,,,,,,,0,0,0,0,0,0,0,0,0,0,0,0,0,0,0,0,0,0,0,0,0,0,0,0,0,0,0,0,0,0,0,0,0,0,0,0,0,0,0,0,0,0,0,0,0,0,0,0,0,0,0,
hello,6_30,11_17_40,7.1316,0,1,0,7.131567,0.0000,0.0000,0.0000,0.0000,0.0000,0.0000,0,0,,,,,,,,0,0,0,0,0,0,0,0,0,0,0,0,0,0,0,0,0,0,0,0,0,0,0,0,0,0,0,0,0,0,0,0,0,0,0,0,0,0,0,0,0,0,0,0,0,0,0,0,0,0,0,
hello,6_30,11_17_40,7.1357,0,1,0,7.135713,0.0000,0.0000,0.0000,0.0000,0.0000,0.0000,0,0,,,,,,,,0,0,0,0,0,0,0,0,0,0,0,0,0,0,0,0,0,0,0,0,0,0,0,0,0,0,0,0,0,0,0,0,0,0,0,0,0,0,0,0,0,0,0,0,0,0,0,0,0,0,0,
hello,6_30,11_17_40,7.1394,0,1,0,7.13942,0.0000,0.0000,0.0000,0.0000,0.0000,0.0000,0,0,,,,,,,,0,0,0,0,0,0,0,0,0,0,0,0,0,0,0,0,0,0,0,0,0,0,0,0,0,0,0,0,0,0,0,0,0,0,0,0,0,0,0,0,0,0,0,0,0,0,0,0,0,0,0,
hello,6_30,11_17_40,7.1432,0,1,0,7.143172,0.0000,0.0000,0.0000,0.0000,0.0000,0.0000,0,0,,,,,,,,0,0,0,0,0,0,0,0,0,0,0,0,0,0,0,0,0,0,0,0,0,0,0,0,0,0,0,0,0,0,0,0,0,0,0,0,0,0,0,0,0,0,0,0,0,0,0,0,0,0,0,
hello,6_30,11_17_40,7.1470,0,1,0,7.146995,0.0000,0.0000,0.0000,0.0000,0.0000,0.0000,0,0,,,,,,,,0,0,0,0,0,0,0,0,0,0,0,0,0,0,0,0,0,0,0,0,0,0,0,0,0,0,0,0,0,0,0,0,0,0,0,0,0,0,0,0,0,0,0,0,0,0,0,0,0,0,0,
hello,6_30,11_17_40,7.1519,0,1,0,7.151905,0.0000,0.0000,0.0000,0.0000,0.0000,0.0000,0,0,,,,,,,,0,0,0,0,0,0,0,0,0,0,0,0,0,0,0,0,0,0,0,0,0,0,0,0,0,0,0,0,0,0,0,0,0,0,0,0,0,0,0,0,0,0,0,0,0,0,0,0,0,0,0,
hello,6_30,11_17_40,7.1559,0,1,0,7.155866,0.0000,0.0000,0.0000,0.0000,0.0000,0.0000,0,0,,,,,,,,0,0,0,0,0,0,0,0,0,0,0,0,0,0,0,0,0,0,0,0,0,0,0,0,0,0,0,0,0,0,0,0,0,0,0,0,0,0,0,0,0,0,0,0,0,0,0,0,0,0,0,
hello,6_30,11_17_40,7.1596,0,1,0,7.159551,0.0000,0.0000,0.0000,0.0000,0.0000,0.0000,0,0,,,,,,,,0,0,0,0,0,0,0,0,0,0,0,0,0,0,0,0,0,0,0,0,0,0,0,0,0,0,0,0,0,0,0,0,0,0,0,0,0,0,0,0,0,0,0,0,0,0,0,0,0,0,0,
hello,6_30,11_17_40,7.1632,0,1,0,7.163227,0.0000,0.0000,0.0000,0.0000,0.0000,0.0000,0,0,,,,,,,,0,0,0,0,0,0,0,0,0,0,0,0,0,0,0,0,0,0,0,0,0,0,0,0,0,0,0,0,0,0,0,0,0,0,0,0,0,0,0,0,0,0,0,0,0,0,0,0,0,0,0,
hello,6_30,11_17_40,7.1672,0,1,0,7.1672,0.0000,0.0000,0.0000,0.0000,0.0000,0.0000,0,0,,,,,,,,0,0,0,0,0,0,0,0,0,0,0,0,0,0,0,0,0,0,0,0,0,0,0,0,0,0,0,0,0,0,0,0,0,0,0,0,0,0,0,0,0,0,0,0,0,0,0,0,0,0,0,
hello,6_30,11_17_40,7.1712,0,1,0,7.171156,0.0000,0.0000,0.0000,0.0000,0.0000,0.0000,0,0,,,,,,,,0,0,0,0,0,0,0,0,0,0,0,0,0,0,0,0,0,0,0,0,0,0,0,0,0,0,0,0,0,0,0,0,0,0,0,0,0,0,0,0,0,0,0,0,0,0,0,0,0,0,0,
hello,6_30,11_17_40,7.1750,0,1,0,7.17501,0.0000,0.0000,0.0000,0.0000,0.0000,0.0000,0,0,,,,,,,,0,0,0,0,0,0,0,0,0,0,0,0,0,0,0,0,0,0,0,0,0,0,0,0,0,0,0,0,0,0,0,0,0,0,0,0,0,0,0,0,0,0,0,0,0,0,0,0,0,0,0,
hello,6_30,11_17_40,7.1892,0,1,0,7.189179,0.0000,0.0000,0.0000,0.0000,0.0000,0.0000,0,0,,,,,,,,0,0,0,0,0,0,0,0,0,0,0,0,0,0,0,0,0,0,0,0,0,0,0,0,0,0,0,0,0,0,0,0,0,0,0,0,0,0,0,0,0,0,0,0,0,0,0,0,0,0,0,
hello,6_30,11_17_40,7.1933,0,1,0,7.193318,0.0000,0.0000,0.0000,0.0000,0.0000,0.0000,0,0,,,,,,,,0,0,0,0,0,0,0,0,0,0,0,0,0,0,0,0,0,0,0,0,0,0,0,0,0,0,0,0,0,0,0,0,0,0,0,0,0,0,0,0,0,0,0,0,0,0,0,0,0,0,0,
hello,6_30,11_17_40,7.1966,0,1,0,7.196559,0.0000,0.0000,0.0000,0.0000,0.0000,0.0000,0,0,,,,,,,,0,0,0,0,0,0,0,0,0,0,0,0,0,0,0,0,0,0,0,0,0,0,0,0,0,0,0,0,0,0,0,0,0,0,0,0,0,0,0,0,0,0,0,0,0,0,0,0,0,0,0,
hello,6_30,11_17_40,7.2002,0,1,0,7.200243,0.0000,0.0000,0.0000,0.0000,0.0000,0.0000,0,0,,,,,,,,0,0,0,0,0,0,0,0,0,0,0,0,0,0,0,0,0,0,0,0,0,0,0,0,0,0,0,0,0,0,0,0,0,0,0,0,0,0,0,0,0,0,0,0,0,0,0,0,0,0,0,
hello,6_30,11_17_40,7.2038,0,1,0,7.203767,0.0000,0.0000,0.0000,0.0000,0.0000,0.0000,0,0,,,,,,,,0,0,0,0,0,0,0,0,0,0,0,0,0,0,0,0,0,0,0,0,0,0,0,0,0,0,0,0,0,0,0,0,0,0,0,0,0,0,0,0,0,0,0,0,0,0,0,0,0,0,0,
hello,6_30,11_17_40,7.2076,0,1,0,7.207623,0.0000,0.0000,0.0000,0.0000,0.0000,0.0000,0,0,,,,,,,,0,0,0,0,0,0,0,0,0,0,0,0,0,0,0,0,0,0,0,0,0,0,0,0,0,0,0,0,0,0,0,0,0,0,0,0,0,0,0,0,0,0,0,0,0,0,0,0,0,0,0,
hello,6_30,11_17_40,7.2124,0,1,0,7.212426,0.0000,0.0000,0.0000,0.0000,0.0000,0.0000,0,0,,,,,,,,0,0,0,0,0,0,0,0,0,0,0,0,0,0,0,0,0,0,0,0,0,0,0,0,0,0,0,0,0,0,0,0,0,0,0,0,0,0,0,0,0,0,0,0,0,0,0,0,0,0,0,
hello,6_30,11_17_40,7.2161,0,1,0,7.216073,0.0000,0.0000,0.0000,0.0000,0.0000,0.0000,0,0,,,,,,,,0,0,0,0,0,0,0,0,0,0,0,0,0,0,0,0,0,0,0,0,0,0,0,0,0,0,0,0,0,0,0,0,0,0,0,0,0,0,0,0,0,0,0,0,0,0,0,0,0,0,0,
hello,6_30,11_17_40,7.2197,0,1,0,7.219729,0.0000,0.0000,0.0000,0.0000,0.0000,0.0000,0,0,,,,,,,,0,0,0,0,0,0,0,0,0,0,0,0,0,0,0,0,0,0,0,0,0,0,0,0,0,0,0,0,0,0,0,0,0,0,0,0,0,0,0,0,0,0,0,0,0,0,0,0,0,0,0,
hello,6_30,11_17_40,7.2231,0,1,0,7.223063,0.0000,0.0000,0.0000,0.0000,0.0000,0.0000,0,0,,,,,,,,0,0,0,0,0,0,0,0,0,0,0,0,0,0,0,0,0,0,0,0,0,0,0,0,0,0,0,0,0,0,0,0,0,0,0,0,0,0,0,0,0,0,0,0,0,0,0,0,0,0,0,
hello,6_30,11_17_40,7.2266,0,1,0,7.226606,0.0000,0.0000,0.0000,0.0000,0.0000,0.0000,0,0,,,,,,,,0,0,0,0,0,0,0,0,0,0,0,0,0,0,0,0,0,0,0,0,0,0,0,0,0,0,0,0,0,0,0,0,0,0,0,0,0,0,0,0,0,0,0,0,0,0,0,0,0,0,0,
hello,6_30,11_17_40,7.2298,0,1,0,7.229832,0.0000,0.0000,0.0000,0.0000,0.0000,0.0000,0,0,,,,,,,,0,0,0,0,0,0,0,0,0,0,0,0,0,0,0,0,0,0,0,0,0,0,0,0,0,0,0,0,0,0,0,0,0,0,0,0,0,0,0,0,0,0,0,0,0,0,0,0,0,0,0,
hello,6_30,11_17_40,7.2331,0,1,0,7.233115,0.0000,0.0000,0.0000,0.0000,0.0000,0.0000,0,0,,,,,,,,0,0,0,0,0,0,0,0,0,0,0,0,0,0,0,0,0,0,0,0,0,0,0,0,0,0,0,0,0,0,0,0,0,0,0,0,0,0,0,0,0,0,0,0,0,0,0,0,0,0,0,
hello,6_30,11_17_40,7.2366,0,1,0,7.236613,0.0000,0.0000,0.0000,0.0000,0.0000,0.0000,0,0,,,,,,,,0,0,0,0,0,0,0,0,0,0,0,0,0,0,0,0,0,0,0,0,0,0,0,0,0,0,0,0,0,0,0,0,0,0,0,0,0,0,0,0,0,0,0,0,0,0,0,0,0,0,0,
hello,6_30,11_17_40,7.2400,0,1,0,7.239994,0.0000,0.0000,0.0000,0.0000,0.0000,0.0000,0,0,,,,,,,,0,0,0,0,0,0,0,0,0,0,0,0,0,0,0,0,0,0,0,0,0,0,0,0,0,0,0,0,0,0,0,0,0,0,0,0,0,0,0,0,0,0,0,0,0,0,0,0,0,0,0,
hello,6_30,11_17_40,7.2439,0,1,0,7.243907,0.0000,0.0000,0.0000,0.0000,0.0000,0.0000,0,0,,,,,,,,0,0,0,0,0,0,0,0,0,0,0,0,0,0,0,0,0,0,0,0,0,0,0,0,0,0,0,0,0,0,0,0,0,0,0,0,0,0,0,0,0,0,0,0,0,0,0,0,0,0,0,
hello,6_30,11_17_40,7.2476,0,1,0,7.247601,0.0000,0.0000,0.0000,0.0000,0.0000,0.0000,0,0,,,,,,,,0,0,0,0,0,0,0,0,0,0,0,0,0,0,0,0,0,0,0,0,0,0,0,0,0,0,0,0,0,0,0,0,0,0,0,0,0,0,0,0,0,0,0,0,0,0,0,0,0,0,0,
hello,6_30,11_17_40,7.2510,0,1,0,7.250993,0.0000,0.0000,0.0000,0.0000,0.0000,0.0000,0,0,,,,,,,,0,0,0,0,0,0,0,0,0,0,0,0,0,0,0,0,0,0,0,0,0,0,0,0,0,0,0,0,0,0,0,0,0,0,0,0,0,0,0,0,0,0,0,0,0,0,0,0,0,0,0,
hello,6_30,11_17_40,7.2545,0,1,0,7.254488,0.0000,0.0000,0.0000,0.0000,0.0000,0.0000,0,0,,,,,,,,0,0,0,0,0,0,0,0,0,0,0,0,0,0,0,0,0,0,0,0,0,0,0,0,0,0,0,0,0,0,0,0,0,0,0,0,0,0,0,0,0,0,0,0,0,0,0,0,0,0,0,
hello,6_30,11_17_40,7.2583,0,1,0,7.258307,0.0000,0.0000,0.0000,0.0000,0.0000,0.0000,0,0,,,,,,,,0,0,0,0,0,0,0,0,0,0,0,0,0,0,0,0,0,0,0,0,0,0,0,0,0,0,0,0,0,0,0,0,0,0,0,0,0,0,0,0,0,0,0,0,0,0,0,0,0,0,0,
hello,6_30,11_17_40,7.2684,0,1,0,7.268431,0.0000,0.0000,0.0000,0.0000,0.0000,0.0000,0,0,,,,,,,,0,0,0,0,0,0,0,0,0,0,0,0,0,0,0,0,0,0,0,0,0,0,0,0,0,0,0,0,0,0,0,0,0,0,0,0,0,0,0,0,0,0,0,0,0,0,0,0,0,0,0,
hello,6_30,11_17_40,7.2721,0,1,0,7.272112,0.0000,0.0000,0.0000,0.0000,0.0000,0.0000,0,0,,,,,,,,0,0,0,0,0,0,0,0,0,0,0,0,0,0,0,0,0,0,0,0,0,0,0,0,0,0,0,0,0,0,0,0,0,0,0,0,0,0,0,0,0,0,0,0,0,0,0,0,0,0,0,
hello,6_30,11_17_40,7.2754,0,1,0,7.275393,0.0000,0.0000,0.0000,0.0000,0.0000,0.0000,0,0,,,,,,,,0,0,0,0,0,0,0,0,0,0,0,0,0,0,0,0,0,0,0,0,0,0,0,0,0,0,0,0,0,0,0,0,0,0,0,0,0,0,0,0,0,0,0,0,0,0,0,0,0,0,0,
hello,6_30,11_17_40,7.2792,0,1,0,7.279178,0.0000,0.0000,0.0000,0.0000,0.0000,0.0000,0,0,,,,,,,,0,0,0,0,0,0,0,0,0,0,0,0,0,0,0,0,0,0,0,0,0,0,0,0,0,0,0,0,0,0,0,0,0,0,0,0,0,0,0,0,0,0,0,0,0,0,0,0,0,0,0,
hello,6_30,11_17_40,7.2846,0,1,0,7.284623,0.0000,0.0000,0.0000,0.0000,0.0000,0.0000,0,0,,,,,,,,0,0,0,0,0,0,0,0,0,0,0,0,0,0,0,0,0,0,0,0,0,0,0,0,0,0,0,0,0,0,0,0,0,0,0,0,0,0,0,0,0,0,0,0,0,0,0,0,0,0,0,
hello,6_30,11_17_40,7.2890,0,1,0,7.289023,0.0000,0.0000,0.0000,0.0000,0.0000,0.0000,0,0,,,,,,,,0,0,0,0,0,0,0,0,0,0,0,0,0,0,0,0,0,0,0,0,0,0,0,0,0,0,0,0,0,0,0,0,0,0,0,0,0,0,0,0,0,0,0,0,0,0,0,0,0,0,0,
hello,6_30,11_17_40,7.2931,0,1,0,7.293127,0.0000,0.0000,0.0000,0.0000,0.0000,0.0000,0,0,,,,,,,,0,0,0,0,0,0,0,0,0,0,0,0,0,0,0,0,0,0,0,0,0,0,0,0,0,0,0,0,0,0,0,0,0,0,0,0,0,0,0,0,0,0,0,0,0,0,0,0,0,0,0,
hello,6_30,11_17_40,7.2972,0,1,0,7.297152,0.0000,0.0000,0.0000,0.0000,0.0000,0.0000,0,0,,,,,,,,0,0,0,0,0,0,0,0,0,0,0,0,0,0,0,0,0,0,0,0,0,0,0,0,0,0,0,0,0,0,0,0,0,0,0,0,0,0,0,0,0,0,0,0,0,0,0,0,0,0,0,
hello,6_30,11_17_40,7.3010,0,1,0,7.300954,0.0000,0.0000,0.0000,0.0000,0.0000,0.0000,0,0,,,,,,,,0,0,0,0,0,0,0,0,0,0,0,0,0,0,0,0,0,0,0,0,0,0,0,0,0,0,0,0,0,0,0,0,0,0,0,0,0,0,0,0,0,0,0,0,0,0,0,0,0,0,0,
hello,6_30,11_17_40,7.3051,0,1,0,7.3051,0.0000,0.0000,0.0000,0.0000,0.0000,0.0000,0,0,,,,,,,,0,0,0,0,0,0,0,0,0,0,0,0,0,0,0,0,0,0,0,0,0,0,0,0,0,0,0,0,0,0,0,0,0,0,0,0,0,0,0,0,0,0,0,0,0,0,0,0,0,0,0,
hello,6_30,11_17_40,7.3100,0,1,0,7.309979,0.0000,0.0000,0.0000,0.0000,0.0000,0.0000,0,0,,,,,,,,0,0,0,0,0,0,0,0,0,0,0,0,0,0,0,0,0,0,0,0,0,0,0,0,0,0,0,0,0,0,0,0,0,0,0,0,0,0,0,0,0,0,0,0,0,0,0,0,0,0,0,
hello,6_30,11_17_40,7.3141,0,1,0,7.314144,0.0000,0.0000,0.0000,0.0000,0.0000,0.0000,0,0,,,,,,,,0,0,0,0,0,0,0,0,0,0,0,0,0,0,0,0,0,0,0,0,0,0,0,0,0,0,0,0,0,0,0,0,0,0,0,0,0,0,0,0,0,0,0,0,0,0,0,0,0,0,0,
hello,6_30,11_17_40,7.3181,0,1,0,7.318119,0.0000,0.0000,0.0000,0.0000,0.0000,0.0000,0,0,,,,,,,,0,0,0,0,0,0,0,0,0,0,0,0,0,0,0,0,0,0,0,0,0,0,0,0,0,0,0,0,0,0,0,0,0,0,0,0,0,0,0,0,0,0,0,0,0,0,0,0,0,0,0,
hello,6_30,11_17_40,7.3218,0,1,0,7.321825,0.0000,0.0000,0.0000,0.0000,0.0000,0.0000,0,0,,,,,,,,0,0,0,0,0,0,0,0,0,0,0,0,0,0,0,0,0,0,0,0,0,0,0,0,0,0,0,0,0,0,0,0,0,0,0,0,0,0,0,0,0,0,0,0,0,0,0,0,0,0,0,
hello,6_30,11_17_40,7.3260,0,1,0,7.326015,0.0000,0.0000,0.0000,0.0000,0.0000,0.0000,0,0,,,,,,,,0,0,0,0,0,0,0,0,0,0,0,0,0,0,0,0,0,0,0,0,0,0,0,0,0,0,0,0,0,0,0,0,0,0,0,0,0,0,0,0,0,0,0,0,0,0,0,0,0,0,0,
hello,6_30,11_17_40,7.3310,0,1,0,7.331,0.0000,0.0000,0.0000,0.0000,0.0000,0.0000,0,0,,,,,,,,0,0,0,0,0,0,0,0,0,0,0,0,0,0,0,0,0,0,0,0,0,0,0,0,0,0,0,0,0,0,0,0,0,0,0,0,0,0,0,0,0,0,0,0,0,0,0,0,0,0,0,
hello,6_30,11_17_40,7.3350,0,1,0,7.334977,0.0000,0.0000,0.0000,0.0000,0.0000,0.0000,0,0,,,,,,,,0,0,0,0,0,0,0,0,0,0,0,0,0,0,0,0,0,0,0,0,0,0,0,0,0,0,0,0,0,0,0,0,0,0,0,0,0,0,0,0,0,0,0,0,0,0,0,0,0,0,0,
hello,6_30,11_17_40,7.3388,0,1,0,7.338774,0.0000,0.0000,0.0000,0.0000,0.0000,0.0000,0,0,,,,,,,,0,0,0,0,0,0,0,0,0,0,0,0,0,0,0,0,0,0,0,0,0,0,0,0,0,0,0,0,0,0,0,0,0,0,0,0,0,0,0,0,0,0,0,0,0,0,0,0,0,0,0,
hello,6_30,11_17_40,7.3431,0,1,0,7.343074,0.0000,0.0000,0.0000,0.0000,0.0000,0.0000,0,0,,,,,,,,0,0,0,0,0,0,0,0,0,0,0,0,0,0,0,0,0,0,0,0,0,0,0,0,0,0,0,0,0,0,0,0,0,0,0,0,0,0,0,0,0,0,0,0,0,0,0,0,0,0,0,
hello,6_30,11_17_40,7.3472,0,1,0,7.347162,0.0000,0.0000,0.0000,0.0000,0.0000,0.0000,0,0,,,,,,,,0,0,0,0,0,0,0,0,0,0,0,0,0,0,0,0,0,0,0,0,0,0,0,0,0,0,0,0,0,0,0,0,0,0,0,0,0,0,0,0,0,0,0,0,0,0,0,0,0,0,0,
hello,6_30,11_17_40,7.3521,0,1,0,7.352131,0.0000,0.0000,0.0000,0.0000,0.0000,0.0000,0,0,,,,,,,,0,0,0,0,0,0,0,0,0,0,0,0,0,0,0,0,0,0,0,0,0,0,0,0,0,0,0,0,0,0,0,0,0,0,0,0,0,0,0,0,0,0,0,0,0,0,0,0,0,0,0,
hello,6_30,11_17_40,7.3561,0,1,0,7.356124,0.0000,0.0000,0.0000,0.0000,0.0000,0.0000,0,0,,,,,,,,0,0,0,0,0,0,0,0,0,0,0,0,0,0,0,0,0,0,0,0,0,0,0,0,0,0,0,0,0,0,0,0,0,0,0,0,0,0,0,0,0,0,0,0,0,0,0,0,0,0,0,
hello,6_30,11_17_40,7.3599,0,1,0,7.359898,0.0000,0.0000,0.0000,0.0000,0.0000,0.0000,0,0,,,,,,,,0,0,0,0,0,0,0,0,0,0,0,0,0,0,0,0,0,0,0,0,0,0,0,0,0,0,0,0,0,0,0,0,0,0,0,0,0,0,0,0,0,0,0,0,0,0,0,0,0,0,0,
hello,6_30,11_17_40,7.3636,0,1,0,7.363645,0.0000,0.0000,0.0000,0.0000,0.0000,0.0000,0,0,,,,,,,,0,0,0,0,0,0,0,0,0,0,0,0,0,0,0,0,0,0,0,0,0,0,0,0,0,0,0,0,0,0,0,0,0,0,0,0,0,0,0,0,0,0,0,0,0,0,0,0,0,0,0,
hello,6_30,11_17_40,7.3677,0,1,0,7.36768,0.0000,0.0000,0.0000,0.0000,0.0000,0.0000,0,0,,,,,,,,0,0,0,0,0,0,0,0,0,0,0,0,0,0,0,0,0,0,0,0,0,0,0,0,0,0,0,0,0,0,0,0,0,0,0,0,0,0,0,0,0,0,0,0,0,0,0,0,0,0,0,
hello,6_30,11_17_40,7.3711,0,1,0,7.371065,0.0000,0.0000,0.0000,0.0000,0.0000,0.0000,0,0,,,,,,,,0,0,0,0,0,0,0,0,0,0,0,0,0,0,0,0,0,0,0,0,0,0,0,0,0,0,0,0,0,0,0,0,0,0,0,0,0,0,0,0,0,0,0,0,0,0,0,0,0,0,0,
hello,6_30,11_17_40,7.3750,0,1,0,7.375008,0.0000,0.0000,0.0000,0.0000,0.0000,0.0000,0,0,,,,,,,,0,0,0,0,0,0,0,0,0,0,0,0,0,0,0,0,0,0,0,0,0,0,0,0,0,0,0,0,0,0,0,0,0,0,0,0,0,0,0,0,0,0,0,0,0,0,0,0,0,0,0,
hello,6_30,11_17_40,7.3787,0,1,0,7.378701,0.0000,0.0000,0.0000,0.0000,0.0000,0.0000,0,0,,,,,,,,0,0,0,0,0,0,0,0,0,0,0,0,0,0,0,0,0,0,0,0,0,0,0,0,0,0,0,0,0,0,0,0,0,0,0,0,0,0,0,0,0,0,0,0,0,0,0,0,0,0,0,
hello,6_30,11_17_40,7.3932,0,1,0,7.393181,0.0000,0.0000,0.0000,0.0000,0.0000,0.0000,0,0,,,,,,,,0,0,0,0,0,0,0,0,0,0,0,0,0,0,0,0,0,0,0,0,0,0,0,0,0,0,0,0,0,0,0,0,0,0,0,0,0,0,0,0,0,0,0,0,0,0,0,0,0,0,0,
hello,6_30,11_17_40,7.3973,0,1,0,7.397333,0.0000,0.0000,0.0000,0.0000,0.0000,0.0000,0,0,,,,,,,,0,0,0,0,0,0,0,0,0,0,0,0,0,0,0,0,0,0,0,0,0,0,0,0,0,0,0,0,0,0,0,0,0,0,0,0,0,0,0,0,0,0,0,0,0,0,0,0,0,0,0,
hello,6_30,11_17_40,7.4013,0,1,0,7.401339,0.0000,0.0000,0.0000,0.0000,0.0000,0.0000,0,0,,,,,,,,0,0,0,0,0,0,0,0,0,0,0,0,0,0,0,0,0,0,0,0,0,0,0,0,0,0,0,0,0,0,0,0,0,0,0,0,0,0,0,0,0,0,0,0,0,0,0,0,0,0,0,
hello,6_30,11_17_40,7.4052,0,1,0,7.405215,0.0000,0.0000,0.0000,0.0000,0.0000,0.0000,0,0,,,,,,,,0,0,0,0,0,0,0,0,0,0,0,0,0,0,0,0,0,0,0,0,0,0,0,0,0,0,0,0,0,0,0,0,0,0,0,0,0,0,0,0,0,0,0,0,0,0,0,0,0,0,0,
hello,6_30,11_17_40,7.4089,0,1,0,7.408924,0.0000,0.0000,0.0000,0.0000,0.0000,0.0000,0,0,,,,,,,,0,0,0,0,0,0,0,0,0,0,0,0,0,0,0,0,0,0,0,0,0,0,0,0,0,0,0,0,0,0,0,0,0,0,0,0,0,0,0,0,0,0,0,0,0,0,0,0,0,0,0,
hello,6_30,11_17_40,7.4139,0,1,0,7.413884,0.0000,0.0000,0.0000,0.0000,0.0000,0.0000,0,0,,,,,,,,0,0,0,0,0,0,0,0,0,0,0,0,0,0,0,0,0,0,0,0,0,0,0,0,0,0,0,0,0,0,0,0,0,0,0,0,0,0,0,0,0,0,0,0,0,0,0,0,0,0,0,
hello,6_30,11_17_40,7.4210,0,1,0,7.421024,0.0000,0.0000,0.0000,0.0000,0.0000,0.0000,0,0,,,,,,,,0,0,0,0,0,0,0,0,0,0,0,0,0,0,0,0,0,0,0,0,0,0,0,0,0,0,0,0,0,0,0,0,0,0,0,0,0,0,0,0,0,0,0,0,0,0,0,0,0,0,0,
hello,6_30,11_17_40,7.4245,0,1,0,7.424514,0.0000,0.0000,0.0000,0.0000,0.0000,0.0000,0,0,,,,,,,,0,0,0,0,0,0,0,0,0,0,0,0,0,0,0,0,0,0,0,0,0,0,0,0,0,0,0,0,0,0,0,0,0,0,0,0,0,0,0,0,0,0,0,0,0,0,0,0,0,0,0,
hello,6_30,11_17_40,7.4284,0,1,0,7.42836,0.0000,0.0000,0.0000,0.0000,0.0000,0.0000,0,0,,,,,,,,0,0,0,0,0,0,0,0,0,0,0,0,0,0,0,0,0,0,0,0,0,0,0,0,0,0,0,0,0,0,0,0,0,0,0,0,0,0,0,0,0,0,0,0,0,0,0,0,0,0,0,
hello,6_30,11_17_40,7.4317,0,1,0,7.431697,0.0000,0.0000,0.0000,0.0000,0.0000,0.0000,0,0,,,,,,,,0,0,0,0,0,0,0,0,0,0,0,0,0,0,0,0,0,0,0,0,0,0,0,0,0,0,0,0,0,0,0,0,0,0,0,0,0,0,0,0,0,0,0,0,0,0,0,0,0,0,0,
hello,6_30,11_17_40,7.4352,0,1,0,7.435164,0.0000,0.0000,0.0000,0.0000,0.0000,0.0000,0,0,,,,,,,,0,0,0,0,0,0,0,0,0,0,0,0,0,0,0,0,0,0,0,0,0,0,0,0,0,0,0,0,0,0,0,0,0,0,0,0,0,0,0,0,0,0,0,0,0,0,0,0,0,0,0,
hello,6_30,11_17_40,7.4385,0,1,0,7.438498,0.0000,0.0000,0.0000,0.0000,0.0000,0.0000,0,0,,,,,,,,0,0,0,0,0,0,0,0,0,0,0,0,0,0,0,0,0,0,0,0,0,0,0,0,0,0,0,0,0,0,0,0,0,0,0,0,0,0,0,0,0,0,0,0,0,0,0,0,0,0,0,
hello,6_30,11_17_40,7.4418,0,1,0,7.441815,0.0000,0.0000,0.0000,0.0000,0.0000,0.0000,0,0,,,,,,,,0,0,0,0,0,0,0,0,0,0,0,0,0,0,0,0,0,0,0,0,0,0,0,0,0,0,0,0,0,0,0,0,0,0,0,0,0,0,0,0,0,0,0,0,0,0,0,0,0,0,0,
hello,6_30,11_17_40,7.4455,0,1,0,7.445499,0.0000,0.0000,0.0000,0.0000,0.0000,0.0000,0,0,,,,,,,,0,0,0,0,0,0,0,0,0,0,0,0,0,0,0,0,0,0,0,0,0,0,0,0,0,0,0,0,0,0,0,0,0,0,0,0,0,0,0,0,0,0,0,0,0,0,0,0,0,0,0,
hello,6_30,11_17_40,7.4490,0,1,0,7.448975,0.0000,0.0000,0.0000,0.0000,0.0000,0.0000,0,0,,,,,,,,0,0,0,0,0,0,0,0,0,0,0,0,0,0,0,0,0,0,0,0,0,0,0,0,0,0,0,0,0,0,0,0,0,0,0,0,0,0,0,0,0,0,0,0,0,0,0,0,0,0,0,
hello,6_30,11_17_40,7.4524,0,1,0,7.452409,0.0000,0.0000,0.0000,0.0000,0.0000,0.0000,0,0,,,,,,,,0,0,0,0,0,0,0,0,0,0,0,0,0,0,0,0,0,0,0,0,0,0,0,0,0,0,0,0,0,0,0,0,0,0,0,0,0,0,0,0,0,0,0,0,0,0,0,0,0,0,0,
hello,6_30,11_17_40,7.4564,0,1,0,7.456367,0.0000,0.0000,0.0000,0.0000,0.0000,0.0000,0,0,,,,,,,,0,0,0,0,0,0,0,0,0,0,0,0,0,0,0,0,0,0,0,0,0,0,0,0,0,0,0,0,0,0,0,0,0,0,0,0,0,0,0,0,0,0,0,0,0,0,0,0,0,0,0,
hello,6_30,11_17_40,7.4596,0,1,0,7.459634,0.0000,0.0000,0.0000,0.0000,0.0000,0.0000,0,0,,,,,,,,0,0,0,0,0,0,0,0,0,0,0,0,0,0,0,0,0,0,0,0,0,0,0,0,0,0,0,0,0,0,0,0,0,0,0,0,0,0,0,0,0,0,0,0,0,0,0,0,0,0,0,
hello,6_30,11_17_40,7.4631,0,1,0,7.463113,0.0000,0.0000,0.0000,0.0000,0.0000,0.0000,0,0,,,,,,,,0,0,0,0,0,0,0,0,0,0,0,0,0,0,0,0,0,0,0,0,0,0,0,0,0,0,0,0,0,0,0,0,0,0,0,0,0,0,0,0,0,0,0,0,0,0,0,0,0,0,0,
hello,6_30,11_17_40,7.4668,0,1,0,7.466784,0.0000,0.0000,0.0000,0.0000,0.0000,0.0000,0,0,,,,,,,,0,0,0,0,0,0,0,0,0,0,0,0,0,0,0,0,0,0,0,0,0,0,0,0,0,0,0,0,0,0,0,0,0,0,0,0,0,0,0,0,0,0,0,0,0,0,0,0,0,0,0,
hello,6_30,11_17_40,7.4701,0,1,0,7.470133,0.0000,0.0000,0.0000,0.0000,0.0000,0.0000,0,0,,,,,,,,0,0,0,0,0,0,0,0,0,0,0,0,0,0,0,0,0,0,0,0,0,0,0,0,0,0,0,0,0,0,0,0,0,0,0,0,0,0,0,0,0,0,0,0,0,0,0,0,0,0,0,
hello,6_30,11_17_40,7.4738,0,1,0,7.473828,0.0000,0.0000,0.0000,0.0000,0.0000,0.0000,0,0,,,,,,,,0,0,0,0,0,0,0,0,0,0,0,0,0,0,0,0,0,0,0,0,0,0,0,0,0,0,0,0,0,0,0,0,0,0,0,0,0,0,0,0,0,0,0,0,0,0,0,0,0,0,0,
hello,6_30,11_17_40,7.4771,0,1,0,7.477103,0.0000,0.0000,0.0000,0.0000,0.0000,0.0000,0,0,,,,,,,,0,0,0,0,0,0,0,0,0,0,0,0,0,0,0,0,0,0,0,0,0,0,0,0,0,0,0,0,0,0,0,0,0,0,0,0,0,0,0,0,0,0,0,0,0,0,0,0,0,0,0,
hello,6_30,11_17_40,7.4806,0,1,0,7.480558,0.0000,0.0000,0.0000,0.0000,0.0000,0.0000,0,0,,,,,,,,0,0,0,0,0,0,0,0,0,0,0,0,0,0,0,0,0,0,0,0,0,0,0,0,0,0,0,0,0,0,0,0,0,0,0,0,0,0,0,0,0,0,0,0,0,0,0,0,0,0,0,
hello,6_30,11_17_40,7.4846,0,1,0,7.484647,0.0000,0.0000,0.0000,0.0000,0.0000,0.0000,0,0,,,,,,,,0,0,0,0,0,0,0,0,0,0,0,0,0,0,0,0,0,0,0,0,0,0,0,0,0,0,0,0,0,0,0,0,0,0,0,0,0,0,0,0,0,0,0,0,0,0,0,0,0,0,0,
hello,6_30,11_17_40,7.4883,0,1,0,7.488308,0.0000,0.0000,0.0000,0.0000,0.0000,0.0000,0,0,,,,,,,,0,0,0,0,0,0,0,0,0,0,0,0,0,0,0,0,0,0,0,0,0,0,0,0,0,0,0,0,0,0,0,0,0,0,0,0,0,0,0,0,0,0,0,0,0,0,0,0,0,0,0,
hello,6_30,11_17_40,7.4920,0,1,0,7.491998,0.0000,0.0000,0.0000,0.0000,0.0000,0.0000,0,0,,,,,,,,0,0,0,0,0,0,0,0,0,0,0,0,0,0,0,0,0,0,0,0,0,0,0,0,0,0,0,0,0,0,0,0,0,0,0,0,0,0,0,0,0,0,0,0,0,0,0,0,0,0,0,
hello,6_30,11_17_40,7.4958,0,1,0,7.495775,0.0000,0.0000,0.0000,0.0000,0.0000,0.0000,0,0,,,,,,,,0,0,0,0,0,0,0,0,0,0,0,0,0,0,0,0,0,0,0,0,0,0,0,0,0,0,0,0,0,0,0,0,0,0,0,0,0,0,0,0,0,0,0,0,0,0,0,0,0,0,0,
hello,6_30,11_17_40,7.4996,0,1,0,7.499619,0.0000,0.0000,0.0000,0.0000,0.0000,0.0000,0,0,,,,,,,,0,0,0,0,0,0,0,0,0,0,0,0,0,0,0,0,0,0,0,0,0,0,0,0,0,0,0,0,0,0,0,0,0,0,0,0,0,0,0,0,0,0,0,0,0,0,0,0,0,0,0,
hello,6_30,11_17_40,7.5034,0,1,0,7.503447,0.0000,0.0000,0.0000,0.0000,0.0000,0.0000,0,0,,,,,,,,0,0,0,0,0,0,0,0,0,0,0,0,0,0,0,0,0,0,0,0,0,0,0,0,0,0,0,0,0,0,0,0,0,0,0,0,0,0,0,0,0,0,0,0,0,0,0,0,0,0,0,
hello,6_30,11_17_40,7.5080,0,1,0,7.508039,0.0000,0.0000,0.0000,0.0000,0.0000,0.0000,0,0,,,,,,,,0,0,0,0,0,0,0,0,0,0,0,0,0,0,0,0,0,0,0,0,0,0,0,0,0,0,0,0,0,0,0,0,0,0,0,0,0,0,0,0,0,0,0,0,0,0,0,0,0,0,0,
hello,6_30,11_17_40,7.5123,0,1,0,7.512269,0.0000,0.0000,0.0000,0.0000,0.0000,0.0000,0,0,,,,,,,,0,0,0,0,0,0,0,0,0,0,0,0,0,0,0,0,0,0,0,0,0,0,0,0,0,0,0,0,0,0,0,0,0,0,0,0,0,0,0,0,0,0,0,0,0,0,0,0,0,0,0,
hello,6_30,11_17_40,7.5159,0,1,0,7.515855,0.0000,0.0000,0.0000,0.0000,0.0000,0.0000,0,0,,,,,,,,0,0,0,0,0,0,0,0,0,0,0,0,0,0,0,0,0,0,0,0,0,0,0,0,0,0,0,0,0,0,0,0,0,0,0,0,0,0,0,0,0,0,0,0,0,0,0,0,0,0,0,
hello,6_30,11_17_40,7.5200,0,1,0,7.519987,0.0000,0.0000,0.0000,0.0000,0.0000,0.0000,0,0,,,,,,,,0,0,0,0,0,0,0,0,0,0,0,0,0,0,0,0,0,0,0,0,0,0,0,0,0,0,0,0,0,0,0,0,0,0,0,0,0,0,0,0,0,0,0,0,0,0,0,0,0,0,0,
hello,6_30,11_17_40,7.5250,0,1,0,7.524996,0.0000,0.0000,0.0000,0.0000,0.0000,0.0000,0,0,,,,,,,,0,0,0,0,0,0,0,0,0,0,0,0,0,0,0,0,0,0,0,0,0,0,0,0,0,0,0,0,0,0,0,0,0,0,0,0,0,0,0,0,0,0,0,0,0,0,0,0,0,0,0,
hello,6_30,11_17_40,7.5290,0,1,0,7.528968,0.0000,0.0000,0.0000,0.0000,0.0000,0.0000,0,0,,,,,,,,0,0,0,0,0,0,0,0,0,0,0,0,0,0,0,0,0,0,0,0,0,0,0,0,0,0,0,0,0,0,0,0,0,0,0,0,0,0,0,0,0,0,0,0,0,0,0,0,0,0,0,
hello,6_30,11_17_40,7.5328,0,1,0,7.532754,0.0000,0.0000,0.0000,0.0000,0.0000,0.0000,0,0,,,,,,,,0,0,0,0,0,0,0,0,0,0,0,0,0,0,0,0,0,0,0,0,0,0,0,0,0,0,0,0,0,0,0,0,0,0,0,0,0,0,0,0,0,0,0,0,0,0,0,0,0,0,0,
hello,6_30,11_17_40,7.5365,0,1,0,7.536472,0.0000,0.0000,0.0000,0.0000,0.0000,0.0000,0,0,,,,,,,,0,0,0,0,0,0,0,0,0,0,0,0,0,0,0,0,0,0,0,0,0,0,0,0,0,0,0,0,0,0,0,0,0,0,0,0,0,0,0,0,0,0,0,0,0,0,0,0,0,0,0,
hello,6_30,11_17_40,7.5403,0,1,0,7.540339,0.0000,0.0000,0.0000,0.0000,0.0000,0.0000,0,0,,,,,,,,0,0,0,0,0,0,0,0,0,0,0,0,0,0,0,0,0,0,0,0,0,0,0,0,0,0,0,0,0,0,0,0,0,0,0,0,0,0,0,0,0,0,0,0,0,0,0,0,0,0,0,
hello,6_30,11_17_40,7.5442,0,1,0,7.544248,0.0000,0.0000,0.0000,0.0000,0.0000,0.0000,0,0,,,,,,,,0,0,0,0,0,0,0,0,0,0,0,0,0,0,0,0,0,0,0,0,0,0,0,0,0,0,0,0,0,0,0,0,0,0,0,0,0,0,0,0,0,0,0,0,0,0,0,0,0,0,0,
hello,6_30,11_17_40,7.5479,0,1,0,7.547931,0.0000,0.0000,0.0000,0.0000,0.0000,0.0000,0,0,,,,,,,,0,0,0,0,0,0,0,0,0,0,0,0,0,0,0,0,0,0,0,0,0,0,0,0,0,0,0,0,0,0,0,0,0,0,0,0,0,0,0,0,0,0,0,0,0,0,0,0,0,0,0,
hello,6_30,11_17_40,7.5518,0,1,0,7.551813,0.0000,0.0000,0.0000,0.0000,0.0000,0.0000,0,0,,,,,,,,0,0,0,0,0,0,0,0,0,0,0,0,0,0,0,0,0,0,0,0,0,0,0,0,0,0,0,0,0,0,0,0,0,0,0,0,0,0,0,0,0,0,0,0,0,0,0,0,0,0,0,
hello,6_30,11_17_40,7.5559,0,1,0,7.555857,0.0000,0.0000,0.0000,0.0000,0.0000,0.0000,0,0,,,,,,,,0,0,0,0,0,0,0,0,0,0,0,0,0,0,0,0,0,0,0,0,0,0,0,0,0,0,0,0,0,0,0,0,0,0,0,0,0,0,0,0,0,0,0,0,0,0,0,0,0,0,0,
hello,6_30,11_17_40,7.5601,0,1,0,7.560112,0.0000,0.0000,0.0000,0.0000,0.0000,0.0000,0,0,,,,,,,,0,0,0,0,0,0,0,0,0,0,0,0,0,0,0,0,0,0,0,0,0,0,0,0,0,0,0,0,0,0,0,0,0,0,0,0,0,0,0,0,0,0,0,0,0,0,0,0,0,0,0,
hello,6_30,11_17_40,7.5644,0,1,0,7.564434,0.0000,0.0000,0.0000,0.0000,0.0000,0.0000,0,0,,,,,,,,0,0,0,0,0,0,0,0,0,0,0,0,0,0,0,0,0,0,0,0,0,0,0,0,0,0,0,0,0,0,0,0,0,0,0,0,0,0,0,0,0,0,0,0,0,0,0,0,0,0,0,
hello,6_30,11_17_40,7.5691,0,1,0,7.569077,0.0000,0.0000,0.0000,0.0000,0.0000,0.0000,0,0,,,,,,,,0,0,0,0,0,0,0,0,0,0,0,0,0,0,0,0,0,0,0,0,0,0,0,0,0,0,0,0,0,0,0,0,0,0,0,0,0,0,0,0,0,0,0,0,0,0,0,0,0,0,0,
hello,6_30,11_17_40,7.5750,0,1,0,7.574951,0.0000,0.0000,0.0000,0.0000,0.0000,0.0000,0,0,,,,,,,,0,0,0,0,0,0,0,0,0,0,0,0,0,0,0,0,0,0,0,0,0,0,0,0,0,0,0,0,0,0,0,0,0,0,0,0,0,0,0,0,0,0,0,0,0,0,0,0,0,0,0,
hello,6_30,11_17_40,7.5792,0,1,0,7.579199,0.0000,0.0000,0.0000,0.0000,0.0000,0.0000,0,0,,,,,,,,0,0,0,0,0,0,0,0,0,0,0,0,0,0,0,0,0,0,0,0,0,0,0,0,0,0,0,0,0,0,0,0,0,0,0,0,0,0,0,0,0,0,0,0,0,0,0,0,0,0,0,
hello,6_30,11_17_40,7.5963,0,1,0,7.596262,0.0000,0.0000,0.0000,0.0000,0.0000,0.0000,0,0,,,,,,,,0,0,0,0,0,0,0,0,0,0,0,0,0,0,0,0,0,0,0,0,0,0,0,0,0,0,0,0,0,0,0,0,0,0,0,0,0,0,0,0,0,0,0,0,0,0,0,0,0,0,0,
hello,6_30,11_17_40,7.6010,0,1,0,7.600991,0.0000,0.0000,0.0000,0.0000,0.0000,0.0000,0,0,,,,,,,,0,0,0,0,0,0,0,0,0,0,0,0,0,0,0,0,0,0,0,0,0,0,0,0,0,0,0,0,0,0,0,0,0,0,0,0,0,0,0,0,0,0,0,0,0,0,0,0,0,0,0,
hello,6_30,11_17_40,7.6054,0,1,0,7.605362,0.0000,0.0000,0.0000,0.0000,0.0000,0.0000,0,0,,,,,,,,0,0,0,0,0,0,0,0,0,0,0,0,0,0,0,0,0,0,0,0,0,0,0,0,0,0,0,0,0,0,0,0,0,0,0,0,0,0,0,0,0,0,0,0,0,0,0,0,0,0,0,
hello,6_30,11_17_40,7.6092,0,1,0,7.609231,0.0000,0.0000,0.0000,0.0000,0.0000,0.0000,0,0,,,,,,,,0,0,0,0,0,0,0,0,0,0,0,0,0,0,0,0,0,0,0,0,0,0,0,0,0,0,0,0,0,0,0,0,0,0,0,0,0,0,0,0,0,0,0,0,0,0,0,0,0,0,0,
hello,6_30,11_17_40,7.6137,0,1,0,7.613655,0.0000,0.0000,0.0000,0.0000,0.0000,0.0000,0,0,,,,,,,,0,0,0,0,0,0,0,0,0,0,0,0,0,0,0,0,0,0,0,0,0,0,0,0,0,0,0,0,0,0,0,0,0,0,0,0,0,0,0,0,0,0,0,0,0,0,0,0,0,0,0,
hello,6_30,11_17_40,7.6180,0,1,0,7.617999,0.0000,0.0000,0.0000,0.0000,0.0000,0.0000,0,0,,,,,,,,0,0,0,0,0,0,0,0,0,0,0,0,0,0,0,0,0,0,0,0,0,0,0,0,0,0,0,0,0,0,0,0,0,0,0,0,0,0,0,0,0,0,0,0,0,0,0,0,0,0,0,
hello,6_30,11_17_40,7.6219,0,1,0,7.621924,0.0000,0.0000,0.0000,0.0000,0.0000,0.0000,0,0,,,,,,,,0,0,0,0,0,0,0,0,0,0,0,0,0,0,0,0,0,0,0,0,0,0,0,0,0,0,0,0,0,0,0,0,0,0,0,0,0,0,0,0,0,0,0,0,0,0,0,0,0,0,0,
hello,6_30,11_17_40,7.6275,0,1,0,7.627532,0.0000,0.0000,0.0000,0.0000,0.0000,0.0000,0,0,,,,,,,,0,0,0,0,0,0,0,0,0,0,0,0,0,0,0,0,0,0,0,0,0,0,0,0,0,0,0,0,0,0,0,0,0,0,0,0,0,0,0,0,0,0,0,0,0,0,0,0,0,0,0,
hello,6_30,11_17_40,7.6311,0,1,0,7.631085,0.0000,0.0000,0.0000,0.0000,0.0000,0.0000,0,0,,,,,,,,0,0,0,0,0,0,0,0,0,0,0,0,0,0,0,0,0,0,0,0,0,0,0,0,0,0,0,0,0,0,0,0,0,0,0,0,0,0,0,0,0,0,0,0,0,0,0,0,0,0,0,
hello,6_30,11_17_40,7.6351,0,1,0,7.635051,0.0000,0.0000,0.0000,0.0000,0.0000,0.0000,0,0,,,,,,,,0,0,0,0,0,0,0,0,0,0,0,0,0,0,0,0,0,0,0,0,0,0,0,0,0,0,0,0,0,0,0,0,0,0,0,0,0,0,0,0,0,0,0,0,0,0,0,0,0,0,0,
hello,6_30,11_17_40,7.6391,0,1,0,7.639117,0.0000,0.0000,0.0000,0.0000,0.0000,0.0000,0,0,,,,,,,,0,0,0,0,0,0,0,0,0,0,0,0,0,0,0,0,0,0,0,0,0,0,0,0,0,0,0,0,0,0,0,0,0,0,0,0,0,0,0,0,0,0,0,0,0,0,0,0,0,0,0,
hello,6_30,11_17_40,7.6433,0,1,0,7.643292,0.0000,0.0000,0.0000,0.0000,0.0000,0.0000,0,0,,,,,,,,0,0,0,0,0,0,0,0,0,0,0,0,0,0,0,0,0,0,0,0,0,0,0,0,0,0,0,0,0,0,0,0,0,0,0,0,0,0,0,0,0,0,0,0,0,0,0,0,0,0,0,
hello,6_30,11_17_40,7.6479,0,1,0,7.647907,0.0000,0.0000,0.0000,0.0000,0.0000,0.0000,0,0,,,,,,,,0,0,0,0,0,0,0,0,0,0,0,0,0,0,0,0,0,0,0,0,0,0,0,0,0,0,0,0,0,0,0,0,0,0,0,0,0,0,0,0,0,0,0,0,0,0,0,0,0,0,0,
hello,6_30,11_17_40,7.6521,0,1,0,7.652099,0.0000,0.0000,0.0000,0.0000,0.0000,0.0000,0,0,,,,,,,,0,0,0,0,0,0,0,0,0,0,0,0,0,0,0,0,0,0,0,0,0,0,0,0,0,0,0,0,0,0,0,0,0,0,0,0,0,0,0,0,0,0,0,0,0,0,0,0,0,0,0,
hello,6_30,11_17_40,7.6563,0,1,0,7.656327,0.0000,0.0000,0.0000,0.0000,0.0000,0.0000,0,0,,,,,,,,0,0,0,0,0,0,0,0,0,0,0,0,0,0,0,0,0,0,0,0,0,0,0,0,0,0,0,0,0,0,0,0,0,0,0,0,0,0,0,0,0,0,0,0,0,0,0,0,0,0,0,
hello,6_30,11_17_40,7.6612,0,1,0,7.661219,0.0000,0.0000,0.0000,0.0000,0.0000,0.0000,0,0,,,,,,,,0,0,0,0,0,0,0,0,0,0,0,0,0,0,0,0,0,0,0,0,0,0,0,0,0,0,0,0,0,0,0,0,0,0,0,0,0,0,0,0,0,0,0,0,0,0,0,0,0,0,0,
hello,6_30,11_17_40,7.6662,0,1,0,7.666181,0.0000,0.0000,0.0000,0.0000,0.0000,0.0000,0,0,,,,,,,,0,0,0,0,0,0,0,0,0,0,0,0,0,0,0,0,0,0,0,0,0,0,0,0,0,0,0,0,0,0,0,0,0,0,0,0,0,0,0,0,0,0,0,0,0,0,0,0,0,0,0,
hello,6_30,11_17_40,7.6709,0,1,0,7.670865,0.0000,0.0000,0.0000,0.0000,0.0000,0.0000,0,0,,,,,,,,0,0,0,0,0,0,0,0,0,0,0,0,0,0,0,0,0,0,0,0,0,0,0,0,0,0,0,0,0,0,0,0,0,0,0,0,0,0,0,0,0,0,0,0,0,0,0,0,0,0,0,
hello,6_30,11_17_40,7.6751,0,1,0,7.675075,0.0000,0.0000,0.0000,0.0000,0.0000,0.0000,0,0,,,,,,,,0,0,0,0,0,0,0,0,0,0,0,0,0,0,0,0,0,0,0,0,0,0,0,0,0,0,0,0,0,0,0,0,0,0,0,0,0,0,0,0,0,0,0,0,0,0,0,0,0,0,0,
hello,6_30,11_17_40,7.6802,0,1,0,7.680208,0.0000,0.0000,0.0000,0.0000,0.0000,0.0000,0,0,,,,,,,,0,0,0,0,0,0,0,0,0,0,0,0,0,0,0,0,0,0,0,0,0,0,0,0,0,0,0,0,0,0,0,0,0,0,0,0,0,0,0,0,0,0,0,0,0,0,0,0,0,0,0,
hello,6_30,11_17_40,7.6852,0,1,0,7.685249,0.0000,0.0000,0.0000,0.0000,0.0000,0.0000,0,0,,,,,,,,0,0,0,0,0,0,0,0,0,0,0,0,0,0,0,0,0,0,0,0,0,0,0,0,0,0,0,0,0,0,0,0,0,0,0,0,0,0,0,0,0,0,0,0,0,0,0,0,0,0,0,
hello,6_30,11_17_40,7.6892,0,1,0,7.689231,0.0000,0.0000,0.0000,0.0000,0.0000,0.0000,0,0,,,,,,,,0,0,0,0,0,0,0,0,0,0,0,0,0,0,0,0,0,0,0,0,0,0,0,0,0,0,0,0,0,0,0,0,0,0,0,0,0,0,0,0,0,0,0,0,0,0,0,0,0,0,0,
hello,6_30,11_17_40,7.6929,0,1,0,7.692883,0.0000,0.0000,0.0000,0.0000,0.0000,0.0000,0,0,,,,,,,,0,0,0,0,0,0,0,0,0,0,0,0,0,0,0,0,0,0,0,0,0,0,0,0,0,0,0,0,0,0,0,0,0,0,0,0,0,0,0,0,0,0,0,0,0,0,0,0,0,0,0,
hello,6_30,11_17_40,7.6974,0,1,0,7.697375,0.0000,0.0000,0.0000,0.0000,0.0000,0.0000,0,0,,,,,,,,0,0,0,0,0,0,0,0,0,0,0,0,0,0,0,0,0,0,0,0,0,0,0,0,0,0,0,0,0,0,0,0,0,0,0,0,0,0,0,0,0,0,0,0,0,0,0,0,0,0,0,
hello,6_30,11_17_40,7.7011,0,1,0,7.701135,0.0000,0.0000,0.0000,0.0000,0.0000,0.0000,0,0,,,,,,,,0,0,0,0,0,0,0,0,0,0,0,0,0,0,0,0,0,0,0,0,0,0,0,0,0,0,0,0,0,0,0,0,0,0,0,0,0,0,0,0,0,0,0,0,0,0,0,0,0,0,0,
hello,6_30,11_17_40,7.7052,0,1,0,7.705202,0.0000,0.0000,0.0000,0.0000,0.0000,0.0000,0,0,,,,,,,,0,0,0,0,0,0,0,0,0,0,0,0,0,0,0,0,0,0,0,0,0,0,0,0,0,0,0,0,0,0,0,0,0,0,0,0,0,0,0,0,0,0,0,0,0,0,0,0,0,0,0,
hello,6_30,11_17_40,7.7090,0,1,0,7.709011,0.0000,0.0000,0.0000,0.0000,0.0000,0.0000,0,0,,,,,,,,0,0,0,0,0,0,0,0,0,0,0,0,0,0,0,0,0,0,0,0,0,0,0,0,0,0,0,0,0,0,0,0,0,0,0,0,0,0,0,0,0,0,0,0,0,0,0,0,0,0,0,
hello,6_30,11_17_40,7.7129,0,1,0,7.712948,0.0000,0.0000,0.0000,0.0000,0.0000,0.0000,0,0,,,,,,,,0,0,0,0,0,0,0,0,0,0,0,0,0,0,0,0,0,0,0,0,0,0,0,0,0,0,0,0,0,0,0,0,0,0,0,0,0,0,0,0,0,0,0,0,0,0,0,0,0,0,0,
hello,6_30,11_17_40,7.7166,0,1,0,7.71661,0.0000,0.0000,0.0000,0.0000,0.0000,0.0000,0,0,,,,,,,,0,0,0,0,0,0,0,0,0,0,0,0,0,0,0,0,0,0,0,0,0,0,0,0,0,0,0,0,0,0,0,0,0,0,0,0,0,0,0,0,0,0,0,0,0,0,0,0,0,0,0,
hello,6_30,11_17_40,7.7202,0,1,0,7.720166,0.0000,0.0000,0.0000,0.0000,0.0000,0.0000,0,0,,,,,,,,0,0,0,0,0,0,0,0,0,0,0,0,0,0,0,0,0,0,0,0,0,0,0,0,0,0,0,0,0,0,0,0,0,0,0,0,0,0,0,0,0,0,0,0,0,0,0,0,0,0,0,
hello,6_30,11_17_40,7.7241,0,1,0,7.724104,0.0000,0.0000,0.0000,0.0000,0.0000,0.0000,0,0,,,,,,,,0,0,0,0,0,0,0,0,0,0,0,0,0,0,0,0,0,0,0,0,0,0,0,0,0,0,0,0,0,0,0,0,0,0,0,0,0,0,0,0,0,0,0,0,0,0,0,0,0,0,0,
hello,6_30,11_17_40,7.7278,0,1,0,7.727803,0.0000,0.0000,0.0000,0.0000,0.0000,0.0000,0,0,,,,,,,,0,0,0,0,0,0,0,0,0,0,0,0,0,0,0,0,0,0,0,0,0,0,0,0,0,0,0,0,0,0,0,0,0,0,0,0,0,0,0,0,0,0,0,0,0,0,0,0,0,0,0,
hello,6_30,11_17_40,7.7316,0,1,0,7.731648,0.0000,0.0000,0.0000,0.0000,0.0000,0.0000,0,0,,,,,,,,0,0,0,0,0,0,0,0,0,0,0,0,0,0,0,0,0,0,0,0,0,0,0,0,0,0,0,0,0,0,0,0,0,0,0,0,0,0,0,0,0,0,0,0,0,0,0,0,0,0,0,
hello,6_30,11_17_40,7.7351,0,1,0,7.735148,0.0000,0.0000,0.0000,0.0000,0.0000,0.0000,0,0,,,,,,,,0,0,0,0,0,0,0,0,0,0,0,0,0,0,0,0,0,0,0,0,0,0,0,0,0,0,0,0,0,0,0,0,0,0,0,0,0,0,0,0,0,0,0,0,0,0,0,0,0,0,0,
hello,6_30,11_17_40,7.7391,0,1,0,7.739094,0.0000,0.0000,0.0000,0.0000,0.0000,0.0000,0,0,,,,,,,,0,0,0,0,0,0,0,0,0,0,0,0,0,0,0,0,0,0,0,0,0,0,0,0,0,0,0,0,0,0,0,0,0,0,0,0,0,0,0,0,0,0,0,0,0,0,0,0,0,0,0,
hello,6_30,11_17_40,7.7426,0,1,0,7.742599,0.0000,0.0000,0.0000,0.0000,0.0000,0.0000,0,0,,,,,,,,0,0,0,0,0,0,0,0,0,0,0,0,0,0,0,0,0,0,0,0,0,0,0,0,0,0,0,0,0,0,0,0,0,0,0,0,0,0,0,0,0,0,0,0,0,0,0,0,0,0,0,
hello,6_30,11_17_40,7.7469,0,1,0,7.746883,0.0000,0.0000,0.0000,0.0000,0.0000,0.0000,0,0,,,,,,,,0,0,0,0,0,0,0,0,0,0,0,0,0,0,0,0,0,0,0,0,0,0,0,0,0,0,0,0,0,0,0,0,0,0,0,0,0,0,0,0,0,0,0,0,0,0,0,0,0,0,0,
hello,6_30,11_17_40,7.7504,0,1,0,7.750438,0.0000,0.0000,0.0000,0.0000,0.0000,0.0000,0,0,,,,,,,,0,0,0,0,0,0,0,0,0,0,0,0,0,0,0,0,0,0,0,0,0,0,0,0,0,0,0,0,0,0,0,0,0,0,0,0,0,0,0,0,0,0,0,0,0,0,0,0,0,0,0,
hello,6_30,11_17_40,7.7542,0,1,0,7.754206,0.0000,0.0000,0.0000,0.0000,0.0000,0.0000,0,0,,,,,,,,0,0,0,0,0,0,0,0,0,0,0,0,0,0,0,0,0,0,0,0,0,0,0,0,0,0,0,0,0,0,0,0,0,0,0,0,0,0,0,0,0,0,0,0,0,0,0,0,0,0,0,
hello,6_30,11_17_41,7.7582,0,1,0,7.758206,0.0000,0.0000,0.0000,0.0000,0.0000,0.0000,0,0,,,,,,,,0,0,0,0,0,0,0,0,0,0,0,0,0,0,0,0,0,0,0,0,0,0,0,0,0,0,0,0,0,0,0,0,0,0,0,0,0,0,0,0,0,0,0,0,0,0,0,0,0,0,0,
hello,6_30,11_17_41,7.7622,0,1,0,7.762186,0.0000,0.0000,0.0000,0.0000,0.0000,0.0000,0,0,,,,,,,,0,0,0,0,0,0,0,0,0,0,0,0,0,0,0,0,0,0,0,0,0,0,0,0,0,0,0,0,0,0,0,0,0,0,0,0,0,0,0,0,0,0,0,0,0,0,0,0,0,0,0,
hello,6_30,11_17_41,7.7664,0,1,0,7.766419,0.0000,0.0000,0.0000,0.0000,0.0000,0.0000,0,0,,,,,,,,0,0,0,0,0,0,0,0,0,0,0,0,0,0,0,0,0,0,0,0,0,0,0,0,0,0,0,0,0,0,0,0,0,0,0,0,0,0,0,0,0,0,0,0,0,0,0,0,0,0,0,
hello,6_30,11_17_41,7.7710,0,1,0,7.771034,0.0000,0.0000,0.0000,0.0000,0.0000,0.0000,0,0,,,,,,,,0,0,0,0,0,0,0,0,0,0,0,0,0,0,0,0,0,0,0,0,0,0,0,0,0,0,0,0,0,0,0,0,0,0,0,0,0,0,0,0,0,0,0,0,0,0,0,0,0,0,0,
hello,6_30,11_17_41,7.7753,0,1,0,7.775332,0.0000,0.0000,0.0000,0.0000,0.0000,0.0000,0,0,,,,,,,,0,0,0,0,0,0,0,0,0,0,0,0,0,0,0,0,0,0,0,0,0,0,0,0,0,0,0,0,0,0,0,0,0,0,0,0,0,0,0,0,0,0,0,0,0,0,0,0,0,0,0,
hello,6_30,11_17_41,7.7803,0,1,0,7.780313,0.0000,0.0000,0.0000,0.0000,0.0000,0.0000,0,0,,,,,,,,0,0,0,0,0,0,0,0,0,0,0,0,0,0,0,0,0,0,0,0,0,0,0,0,0,0,0,0,0,0,0,0,0,0,0,0,0,0,0,0,0,0,0,0,0,0,0,0,0,0,0,
hello,6_30,11_17_41,7.8041,0,1,0,7.804101,0.0000,0.0000,0.0000,0.0000,0.0000,0.0000,0,0,,,,,,,,0,0,0,0,0,0,0,0,0,0,0,0,0,0,0,0,0,0,0,0,0,0,0,0,0,0,0,0,0,0,0,0,0,0,0,0,0,0,0,0,0,0,0,0,0,0,0,0,0,0,0,
hello,6_30,11_17_41,7.8098,0,1,0,7.809813,0.0000,0.0000,0.0000,0.0000,0.0000,0.0000,0,0,,,,,,,,0,0,0,0,0,0,0,0,0,0,0,0,0,0,0,0,0,0,0,0,0,0,0,0,0,0,0,0,0,0,0,0,0,0,0,0,0,0,0,0,0,0,0,0,0,0,0,0,0,0,0,
hello,6_30,11_17_41,7.8135,0,1,0,7.81353,0.0000,0.0000,0.0000,0.0000,0.0000,0.0000,0,0,,,,,,,,0,0,0,0,0,0,0,0,0,0,0,0,0,0,0,0,0,0,0,0,0,0,0,0,0,0,0,0,0,0,0,0,0,0,0,0,0,0,0,0,0,0,0,0,0,0,0,0,0,0,0,
hello,6_30,11_17_41,7.8178,0,1,0,7.81779,0.0000,0.0000,0.0000,0.0000,0.0000,0.0000,0,0,,,,,,,,0,0,0,0,0,0,0,0,0,0,0,0,0,0,0,0,0,0,0,0,0,0,0,0,0,0,0,0,0,0,0,0,0,0,0,0,0,0,0,0,0,0,0,0,0,0,0,0,0,0,0,
hello,6_30,11_17_41,7.8230,0,1,0,7.823027,0.0000,0.0000,0.0000,0.0000,0.0000,0.0000,0,0,,,,,,,,0,0,0,0,0,0,0,0,0,0,0,0,0,0,0,0,0,0,0,0,0,0,0,0,0,0,0,0,0,0,0,0,0,0,0,0,0,0,0,0,0,0,0,0,0,0,0,0,0,0,0,
hello,6_30,11_17_41,7.8273,0,1,0,7.827268,0.0000,0.0000,0.0000,0.0000,0.0000,0.0000,0,0,,,,,,,,0,0,0,0,0,0,0,0,0,0,0,0,0,0,0,0,0,0,0,0,0,0,0,0,0,0,0,0,0,0,0,0,0,0,0,0,0,0,0,0,0,0,0,0,0,0,0,0,0,0,0,
hello,6_30,11_17_41,7.8310,0,1,0,7.831029,0.0000,0.0000,0.0000,0.0000,0.0000,0.0000,0,0,,,,,,,,0,0,0,0,0,0,0,0,0,0,0,0,0,0,0,0,0,0,0,0,0,0,0,0,0,0,0,0,0,0,0,0,0,0,0,0,0,0,0,0,0,0,0,0,0,0,0,0,0,0,0,
hello,6_30,11_17_41,7.8349,0,1,0,7.834929,0.0000,0.0000,0.0000,0.0000,0.0000,0.0000,0,0,,,,,,,,0,0,0,0,0,0,0,0,0,0,0,0,0,0,0,0,0,0,0,0,0,0,0,0,0,0,0,0,0,0,0,0,0,0,0,0,0,0,0,0,0,0,0,0,0,0,0,0,0,0,0,
hello,6_30,11_17_41,7.8400,0,1,0,7.839965,0.0000,0.0000,0.0000,0.0000,0.0000,0.0000,0,0,,,,,,,,0,0,0,0,0,0,0,0,0,0,0,0,0,0,0,0,0,0,0,0,0,0,0,0,0,0,0,0,0,0,0,0,0,0,0,0,0,0,0,0,0,0,0,0,0,0,0,0,0,0,0,
hello,6_30,11_17_41,7.8440,0,1,0,7.844012,0.0000,0.0000,0.0000,0.0000,0.0000,0.0000,0,0,,,,,,,,0,0,0,0,0,0,0,0,0,0,0,0,0,0,0,0,0,0,0,0,0,0,0,0,0,0,0,0,0,0,0,0,0,0,0,0,0,0,0,0,0,0,0,0,0,0,0,0,0,0,0,
hello,6_30,11_17_41,7.8483,0,1,0,7.848346,0.0000,0.0000,0.0000,0.0000,0.0000,0.0000,0,0,,,,,,,,0,0,0,0,0,0,0,0,0,0,0,0,0,0,0,0,0,0,0,0,0,0,0,0,0,0,0,0,0,0,0,0,0,0,0,0,0,0,0,0,0,0,0,0,0,0,0,0,0,0,0,
hello,6_30,11_17_41,7.8520,0,1,0,7.852008,0.0000,0.0000,0.0000,0.0000,0.0000,0.0000,0,0,,,,,,,,0,0,0,0,0,0,0,0,0,0,0,0,0,0,0,0,0,0,0,0,0,0,0,0,0,0,0,0,0,0,0,0,0,0,0,0,0,0,0,0,0,0,0,0,0,0,0,0,0,0,0,
hello,6_30,11_17_41,7.8558,0,1,0,7.855808,0.0000,0.0000,0.0000,0.0000,0.0000,0.0000,0,0,,,,,,,,0,0,0,0,0,0,0,0,0,0,0,0,0,0,0,0,0,0,0,0,0,0,0,0,0,0,0,0,0,0,0,0,0,0,0,0,0,0,0,0,0,0,0,0,0,0,0,0,0,0,0,
hello,6_30,11_17_41,7.8595,0,1,0,7.859548,0.0000,0.0000,0.0000,0.0000,0.0000,0.0000,0,0,,,,,,,,0,0,0,0,0,0,0,0,0,0,0,0,0,0,0,0,0,0,0,0,0,0,0,0,0,0,0,0,0,0,0,0,0,0,0,0,0,0,0,0,0,0,0,0,0,0,0,0,0,0,0,
hello,6_30,11_17_41,7.8633,0,1,0,7.863342,0.0000,0.0000,0.0000,0.0000,0.0000,0.0000,0,0,,,,,,,,0,0,0,0,0,0,0,0,0,0,0,0,0,0,0,0,0,0,0,0,0,0,0,0,0,0,0,0,0,0,0,0,0,0,0,0,0,0,0,0,0,0,0,0,0,0,0,0,0,0,0,
hello,6_30,11_17_41,7.8688,0,1,0,7.868782,0.0000,0.0000,0.0000,0.0000,0.0000,0.0000,0,0,,,,,,,,0,0,0,0,0,0,0,0,0,0,0,0,0,0,0,0,0,0,0,0,0,0,0,0,0,0,0,0,0,0,0,0,0,0,0,0,0,0,0,0,0,0,0,0,0,0,0,0,0,0,0,
hello,6_30,11_17_41,7.8730,0,1,0,7.873013,0.0000,0.0000,0.0000,0.0000,0.0000,0.0000,0,0,,,,,,,,0,0,0,0,0,0,0,0,0,0,0,0,0,0,0,0,0,0,0,0,0,0,0,0,0,0,0,0,0,0,0,0,0,0,0,0,0,0,0,0,0,0,0,0,0,0,0,0,0,0,0,
hello,6_30,11_17_41,7.8770,0,1,0,7.876991,0.0000,0.0000,0.0000,0.0000,0.0000,0.0000,0,0,,,,,,,,0,0,0,0,0,0,0,0,0,0,0,0,0,0,0,0,0,0,0,0,0,0,0,0,0,0,0,0,0,0,0,0,0,0,0,0,0,0,0,0,0,0,0,0,0,0,0,0,0,0,0,
hello,6_30,11_17_41,7.8812,0,1,0,7.881153,0.0000,0.0000,0.0000,0.0000,0.0000,0.0000,0,0,,,,,,,,0,0,0,0,0,0,0,0,0,0,0,0,0,0,0,0,0,0,0,0,0,0,0,0,0,0,0,0,0,0,0,0,0,0,0,0,0,0,0,0,0,0,0,0,0,0,0,0,0,0,0,
hello,6_30,11_17_41,7.8853,0,1,0,7.885287,0.0000,0.0000,0.0000,0.0000,0.0000,0.0000,0,0,,,,,,,,0,0,0,0,0,0,0,0,0,0,0,0,0,0,0,0,0,0,0,0,0,0,0,0,0,0,0,0,0,0,0,0,0,0,0,0,0,0,0,0,0,0,0,0,0,0,0,0,0,0,0,
hello,6_30,11_17_41,7.8891,0,1,0,7.889089,0.0000,0.0000,0.0000,0.0000,0.0000,0.0000,0,0,,,,,,,,0,0,0,0,0,0,0,0,0,0,0,0,0,0,0,0,0,0,0,0,0,0,0,0,0,0,0,0,0,0,0,0,0,0,0,0,0,0,0,0,0,0,0,0,0,0,0,0,0,0,0,
hello,6_30,11_17_41,7.8930,0,1,0,7.892971,0.0000,0.0000,0.0000,0.0000,0.0000,0.0000,0,0,,,,,,,,0,0,0,0,0,0,0,0,0,0,0,0,0,0,0,0,0,0,0,0,0,0,0,0,0,0,0,0,0,0,0,0,0,0,0,0,0,0,0,0,0,0,0,0,0,0,0,0,0,0,0,
hello,6_30,11_17_41,7.8972,0,1,0,7.897159,0.0000,0.0000,0.0000,0.0000,0.0000,0.0000,0,0,,,,,,,,0,0,0,0,0,0,0,0,0,0,0,0,0,0,0,0,0,0,0,0,0,0,0,0,0,0,0,0,0,0,0,0,0,0,0,0,0,0,0,0,0,0,0,0,0,0,0,0,0,0,0,
hello,6_30,11_17_41,7.9016,0,1,0,7.901609,0.0000,0.0000,0.0000,0.0000,0.0000,0.0000,0,0,,,,,,,,0,0,0,0,0,0,0,0,0,0,0,0,0,0,0,0,0,0,0,0,0,0,0,0,0,0,0,0,0,0,0,0,0,0,0,0,0,0,0,0,0,0,0,0,0,0,0,0,0,0,0,
hello,6_30,11_17_41,7.9058,0,1,0,7.905767,0.0000,0.0000,0.0000,0.0000,0.0000,0.0000,0,0,,,,,,,,0,0,0,0,0,0,0,0,0,0,0,0,0,0,0,0,0,0,0,0,0,0,0,0,0,0,0,0,0,0,0,0,0,0,0,0,0,0,0,0,0,0,0,0,0,0,0,0,0,0,0,
hello,6_30,11_17_41,7.9097,0,1,0,7.909743,0.0000,0.0000,0.0000,0.0000,0.0000,0.0000,0,0,,,,,,,,0,0,0,0,0,0,0,0,0,0,0,0,0,0,0,0,0,0,0,0,0,0,0,0,0,0,0,0,0,0,0,0,0,0,0,0,0,0,0,0,0,0,0,0,0,0,0,0,0,0,0,
hello,6_30,11_17_41,7.9141,0,1,0,7.914111,0.0000,0.0000,0.0000,0.0000,0.0000,0.0000,0,0,,,,,,,,0,0,0,0,0,0,0,0,0,0,0,0,0,0,0,0,0,0,0,0,0,0,0,0,0,0,0,0,0,0,0,0,0,0,0,0,0,0,0,0,0,0,0,0,0,0,0,0,0,0,0,
hello,6_30,11_17_41,7.9181,0,1,0,7.918077,0.0000,0.0000,0.0000,0.0000,0.0000,0.0000,0,0,,,,,,,,0,0,0,0,0,0,0,0,0,0,0,0,0,0,0,0,0,0,0,0,0,0,0,0,0,0,0,0,0,0,0,0,0,0,0,0,0,0,0,0,0,0,0,0,0,0,0,0,0,0,0,
hello,6_30,11_17_41,7.9218,0,1,0,7.921805,0.0000,0.0000,0.0000,0.0000,0.0000,0.0000,0,0,,,,,,,,0,0,0,0,0,0,0,0,0,0,0,0,0,0,0,0,0,0,0,0,0,0,0,0,0,0,0,0,0,0,0,0,0,0,0,0,0,0,0,0,0,0,0,0,0,0,0,0,0,0,0,
hello,6_30,11_17_41,7.9260,0,1,0,7.92602,0.0000,0.0000,0.0000,0.0000,0.0000,0.0000,0,0,,,,,,,,0,0,0,0,0,0,0,0,0,0,0,0,0,0,0,0,0,0,0,0,0,0,0,0,0,0,0,0,0,0,0,0,0,0,0,0,0,0,0,0,0,0,0,0,0,0,0,0,0,0,0,
hello,6_30,11_17_41,7.9300,0,1,0,7.929962,0.0000,0.0000,0.0000,0.0000,0.0000,0.0000,0,0,,,,,,,,0,0,0,0,0,0,0,0,0,0,0,0,0,0,0,0,0,0,0,0,0,0,0,0,0,0,0,0,0,0,0,0,0,0,0,0,0,0,0,0,0,0,0,0,0,0,0,0,0,0,0,
hello,6_30,11_17_41,7.9338,0,1,0,7.933833,0.0000,0.0000,0.0000,0.0000,0.0000,0.0000,0,0,,,,,,,,0,0,0,0,0,0,0,0,0,0,0,0,0,0,0,0,0,0,0,0,0,0,0,0,0,0,0,0,0,0,0,0,0,0,0,0,0,0,0,0,0,0,0,0,0,0,0,0,0,0,0,
hello,6_30,11_17_41,7.9378,0,1,0,7.937751,0.0000,0.0000,0.0000,0.0000,0.0000,0.0000,0,0,,,,,,,,0,0,0,0,0,0,0,0,0,0,0,0,0,0,0,0,0,0,0,0,0,0,0,0,0,0,0,0,0,0,0,0,0,0,0,0,0,0,0,0,0,0,0,0,0,0,0,0,0,0,0,
hello,6_30,11_17_41,7.9418,0,1,0,7.941794,0.0000,0.0000,0.0000,0.0000,0.0000,0.0000,0,0,,,,,,,,0,0,0,0,0,0,0,0,0,0,0,0,0,0,0,0,0,0,0,0,0,0,0,0,0,0,0,0,0,0,0,0,0,0,0,0,0,0,0,0,0,0,0,0,0,0,0,0,0,0,0,
hello,6_30,11_17_41,7.9460,0,1,0,7.946012,0.0000,0.0000,0.0000,0.0000,0.0000,0.0000,0,0,,,,,,,,0,0,0,0,0,0,0,0,0,0,0,0,0,0,0,0,0,0,0,0,0,0,0,0,0,0,0,0,0,0,0,0,0,0,0,0,0,0,0,0,0,0,0,0,0,0,0,0,0,0,0,
hello,6_30,11_17_41,7.9498,0,1,0,7.949846,0.0000,0.0000,0.0000,0.0000,0.0000,0.0000,0,0,,,,,,,,0,0,0,0,0,0,0,0,0,0,0,0,0,0,0,0,0,0,0,0,0,0,0,0,0,0,0,0,0,0,0,0,0,0,0,0,0,0,0,0,0,0,0,0,0,0,0,0,0,0,0,
hello,6_30,11_17_41,7.9537,0,1,0,7.953719,0.0000,0.0000,0.0000,0.0000,0.0000,0.0000,0,0,,,,,,,,0,0,0,0,0,0,0,0,0,0,0,0,0,0,0,0,0,0,0,0,0,0,0,0,0,0,0,0,0,0,0,0,0,0,0,0,0,0,0,0,0,0,0,0,0,0,0,0,0,0,0,
hello,6_30,11_17_41,7.9576,0,1,0,7.957639,0.0000,0.0000,0.0000,0.0000,0.0000,0.0000,0,0,,,,,,,,0,0,0,0,0,0,0,0,0,0,0,0,0,0,0,0,0,0,0,0,0,0,0,0,0,0,0,0,0,0,0,0,0,0,0,0,0,0,0,0,0,0,0,0,0,0,0,0,0,0,0,
hello,6_30,11_17_41,7.9614,0,1,0,7.961429,0.0000,0.0000,0.0000,0.0000,0.0000,0.0000,0,0,,,,,,,,0,0,0,0,0,0,0,0,0,0,0,0,0,0,0,0,0,0,0,0,0,0,0,0,0,0,0,0,0,0,0,0,0,0,0,0,0,0,0,0,0,0,0,0,0,0,0,0,0,0,0,
hello,6_30,11_17_41,7.9663,0,1,0,7.966285,0.0000,0.0000,0.0000,0.0000,0.0000,0.0000,0,0,,,,,,,,0,0,0,0,0,0,0,0,0,0,0,0,0,0,0,0,0,0,0,0,0,0,0,0,0,0,0,0,0,0,0,0,0,0,0,0,0,0,0,0,0,0,0,0,0,0,0,0,0,0,0,
hello,6_30,11_17_41,7.9704,0,1,0,7.970434,0.0000,0.0000,0.0000,0.0000,0.0000,0.0000,0,0,,,,,,,,0,0,0,0,0,0,0,0,0,0,0,0,0,0,0,0,0,0,0,0,0,0,0,0,0,0,0,0,0,0,0,0,0,0,0,0,0,0,0,0,0,0,0,0,0,0,0,0,0,0,0,
hello,6_30,11_17_41,7.9741,0,1,0,7.974138,0.0000,0.0000,0.0000,0.0000,0.0000,0.0000,0,0,,,,,,,,0,0,0,0,0,0,0,0,0,0,0,0,0,0,0,0,0,0,0,0,0,0,0,0,0,0,0,0,0,0,0,0,0,0,0,0,0,0,0,0,0,0,0,0,0,0,0,0,0,0,0,
hello,6_30,11_17_41,7.9779,0,1,0,7.97786,0.0000,0.0000,0.0000,0.0000,0.0000,0.0000,0,0,,,,,,,,0,0,0,0,0,0,0,0,0,0,0,0,0,0,0,0,0,0,0,0,0,0,0,0,0,0,0,0,0,0,0,0,0,0,0,0,0,0,0,0,0,0,0,0,0,0,0,0,0,0,0,
hello,6_30,11_17_41,7.9818,0,1,0,7.981762,0.0000,0.0000,0.0000,0.0000,0.0000,0.0000,0,0,,,,,,,,0,0,0,0,0,0,0,0,0,0,0,0,0,0,0,0,0,0,0,0,0,0,0,0,0,0,0,0,0,0,0,0,0,0,0,0,0,0,0,0,0,0,0,0,0,0,0,0,0,0,0,
hello,6_30,11_17_41,7.9991,0,1,0,7.999097,0.0000,0.0000,0.0000,0.0000,0.0000,0.0000,0,0,,,,,,,,0,0,0,0,0,0,0,0,0,0,0,0,0,0,0,0,0,0,0,0,0,0,0,0,0,0,0,0,0,0,0,0,0,0,0,0,0,0,0,0,0,0,0,0,0,0,0,0,0,0,0,
hello,6_30,11_17_41,8.0029,0,1,0,8.002872,0.0000,0.0000,0.0000,0.0000,0.0000,0.0000,0,0,,,,,,,,0,0,0,0,0,0,0,0,0,0,0,0,0,0,0,0,0,0,0,0,0,0,0,0,0,0,0,0,0,0,0,0,0,0,0,0,0,0,0,0,0,0,0,0,0,0,0,0,0,0,0,
hello,6_30,11_17_41,8.0070,0,1,0,8.006983,0.0000,0.0000,0.0000,0.0000,0.0000,0.0000,0,0,,,,,,,,0,0,0,0,0,0,0,0,0,0,0,0,0,0,0,0,0,0,0,0,0,0,0,0,0,0,0,0,0,0,0,0,0,0,0,0,0,0,0,0,0,0,0,0,0,0,0,0,0,0,0,
hello,6_30,11_17_41,8.0110,0,1,0,8.010961,0.0000,0.0000,0.0000,0.0000,0.0000,0.0000,0,0,,,,,,,,0,0,0,0,0,0,0,0,0,0,0,0,0,0,0,0,0,0,0,0,0,0,0,0,0,0,0,0,0,0,0,0,0,0,0,0,0,0,0,0,0,0,0,0,0,0,0,0,0,0,0,
hello,6_30,11_17_41,8.0151,0,1,0,8.015123,0.0000,0.0000,0.0000,0.0000,0.0000,0.0000,0,0,,,,,,,,0,0,0,0,0,0,0,0,0,0,0,0,0,0,0,0,0,0,0,0,0,0,0,0,0,0,0,0,0,0,0,0,0,0,0,0,0,0,0,0,0,0,0,0,0,0,0,0,0,0,0,
hello,6_30,11_17_41,8.0194,0,1,0,8.019391,0.0000,0.0000,0.0000,0.0000,0.0000,0.0000,0,0,,,,,,,,0,0,0,0,0,0,0,0,0,0,0,0,0,0,0,0,0,0,0,0,0,0,0,0,0,0,0,0,0,0,0,0,0,0,0,0,0,0,0,0,0,0,0,0,0,0,0,0,0,0,0,
hello,6_30,11_17_41,8.0243,0,1,0,8.0243,0.0000,0.0000,0.0000,0.0000,0.0000,0.0000,0,0,,,,,,,,0,0,0,0,0,0,0,0,0,0,0,0,0,0,0,0,0,0,0,0,0,0,0,0,0,0,0,0,0,0,0,0,0,0,0,0,0,0,0,0,0,0,0,0,0,0,0,0,0,0,0,
hello,6_30,11_17_41,8.0282,0,1,0,8.028228,0.0000,0.0000,0.0000,0.0000,0.0000,0.0000,0,0,,,,,,,,0,0,0,0,0,0,0,0,0,0,0,0,0,0,0,0,0,0,0,0,0,0,0,0,0,0,0,0,0,0,0,0,0,0,0,0,0,0,0,0,0,0,0,0,0,0,0,0,0,0,0,
hello,6_30,11_17_41,8.0319,0,1,0,8.03188,0.0000,0.0000,0.0000,0.0000,0.0000,0.0000,0,0,,,,,,,,0,0,0,0,0,0,0,0,0,0,0,0,0,0,0,0,0,0,0,0,0,0,0,0,0,0,0,0,0,0,0,0,0,0,0,0,0,0,0,0,0,0,0,0,0,0,0,0,0,0,0,
hello,6_30,11_17_41,8.0360,0,1,0,8.035982,0.0000,0.0000,0.0000,0.0000,0.0000,0.0000,0,0,,,,,,,,0,0,0,0,0,0,0,0,0,0,0,0,0,0,0,0,0,0,0,0,0,0,0,0,0,0,0,0,0,0,0,0,0,0,0,0,0,0,0,0,0,0,0,0,0,0,0,0,0,0,0,
hello,6_30,11_17_41,8.0399,0,1,0,8.039909,0.0000,0.0000,0.0000,0.0000,0.0000,0.0000,0,0,,,,,,,,0,0,0,0,0,0,0,0,0,0,0,0,0,0,0,0,0,0,0,0,0,0,0,0,0,0,0,0,0,0,0,0,0,0,0,0,0,0,0,0,0,0,0,0,0,0,0,0,0,0,0,
hello,6_30,11_17_41,8.0439,0,1,0,8.043937,0.0000,0.0000,0.0000,0.0000,0.0000,0.0000,0,0,,,,,,,,0,0,0,0,0,0,0,0,0,0,0,0,0,0,0,0,0,0,0,0,0,0,0,0,0,0,0,0,0,0,0,0,0,0,0,0,0,0,0,0,0,0,0,0,0,0,0,0,0,0,0,
hello,6_30,11_17_41,8.0480,0,1,0,8.048019,0.0000,0.0000,0.0000,0.0000,0.0000,0.0000,0,0,,,,,,,,0,0,0,0,0,0,0,0,0,0,0,0,0,0,0,0,0,0,0,0,0,0,0,0,0,0,0,0,0,0,0,0,0,0,0,0,0,0,0,0,0,0,0,0,0,0,0,0,0,0,0,
hello,6_30,11_17_41,8.0519,0,1,0,8.051894,0.0000,0.0000,0.0000,0.0000,0.0000,0.0000,0,0,,,,,,,,0,0,0,0,0,0,0,0,0,0,0,0,0,0,0,0,0,0,0,0,0,0,0,0,0,0,0,0,0,0,0,0,0,0,0,0,0,0,0,0,0,0,0,0,0,0,0,0,0,0,0,
hello,6_30,11_17_41,8.0559,0,1,0,8.055949,0.0000,0.0000,0.0000,0.0000,0.0000,0.0000,0,0,,,,,,,,0,0,0,0,0,0,0,0,0,0,0,0,0,0,0,0,0,0,0,0,0,0,0,0,0,0,0,0,0,0,0,0,0,0,0,0,0,0,0,0,0,0,0,0,0,0,0,0,0,0,0,
hello,6_30,11_17_41,8.0600,0,1,0,8.059958,0.0000,0.0000,0.0000,0.0000,0.0000,0.0000,0,0,,,,,,,,0,0,0,0,0,0,0,0,0,0,0,0,0,0,0,0,0,0,0,0,0,0,0,0,0,0,0,0,0,0,0,0,0,0,0,0,0,0,0,0,0,0,0,0,0,0,0,0,0,0,0,
hello,6_30,11_17_41,8.0640,0,1,0,8.064007,0.0000,0.0000,0.0000,0.0000,0.0000,0.0000,0,0,,,,,,,,0,0,0,0,0,0,0,0,0,0,0,0,0,0,0,0,0,0,0,0,0,0,0,0,0,0,0,0,0,0,0,0,0,0,0,0,0,0,0,0,0,0,0,0,0,0,0,0,0,0,0,
hello,6_30,11_17_41,8.0695,0,1,0,8.069531,0.0000,0.0000,0.0000,0.0000,0.0000,0.0000,0,0,,,,,,,,0,0,0,0,0,0,0,0,0,0,0,0,0,0,0,0,0,0,0,0,0,0,0,0,0,0,0,0,0,0,0,0,0,0,0,0,0,0,0,0,0,0,0,0,0,0,0,0,0,0,0,
hello,6_30,11_17_41,8.0733,0,1,0,8.073267,0.0000,0.0000,0.0000,0.0000,0.0000,0.0000,0,0,,,,,,,,0,0,0,0,0,0,0,0,0,0,0,0,0,0,0,0,0,0,0,0,0,0,0,0,0,0,0,0,0,0,0,0,0,0,0,0,0,0,0,0,0,0,0,0,0,0,0,0,0,0,0,
hello,6_30,11_17_41,8.0770,0,1,0,8.076974,0.0000,0.0000,0.0000,0.0000,0.0000,0.0000,0,0,,,,,,,,0,0,0,0,0,0,0,0,0,0,0,0,0,0,0,0,0,0,0,0,0,0,0,0,0,0,0,0,0,0,0,0,0,0,0,0,0,0,0,0,0,0,0,0,0,0,0,0,0,0,0,
hello,6_30,11_17_41,8.0807,0,1,0,8.080714,0.0000,0.0000,0.0000,0.0000,0.0000,0.0000,0,0,,,,,,,,0,0,0,0,0,0,0,0,0,0,0,0,0,0,0,0,0,0,0,0,0,0,0,0,0,0,0,0,0,0,0,0,0,0,0,0,0,0,0,0,0,0,0,0,0,0,0,0,0,0,0,
hello,6_30,11_17_41,8.0849,0,1,0,8.084869,0.0000,0.0000,0.0000,0.0000,0.0000,0.0000,0,0,,,,,,,,0,0,0,0,0,0,0,0,0,0,0,0,0,0,0,0,0,0,0,0,0,0,0,0,0,0,0,0,0,0,0,0,0,0,0,0,0,0,0,0,0,0,0,0,0,0,0,0,0,0,0,
hello,6_30,11_17_41,8.0888,0,1,0,8.088797,0.0000,0.0000,0.0000,0.0000,0.0000,0.0000,0,0,,,,,,,,0,0,0,0,0,0,0,0,0,0,0,0,0,0,0,0,0,0,0,0,0,0,0,0,0,0,0,0,0,0,0,0,0,0,0,0,0,0,0,0,0,0,0,0,0,0,0,0,0,0,0,
hello,6_30,11_17_41,8.0927,0,1,0,8.092677,0.0000,0.0000,0.0000,0.0000,0.0000,0.0000,0,0,,,,,,,,0,0,0,0,0,0,0,0,0,0,0,0,0,0,0,0,0,0,0,0,0,0,0,0,0,0,0,0,0,0,0,0,0,0,0,0,0,0,0,0,0,0,0,0,0,0,0,0,0,0,0,
hello,6_30,11_17_41,8.0963,0,1,0,8.096341,0.0000,0.0000,0.0000,0.0000,0.0000,0.0000,0,0,,,,,,,,0,0,0,0,0,0,0,0,0,0,0,0,0,0,0,0,0,0,0,0,0,0,0,0,0,0,0,0,0,0,0,0,0,0,0,0,0,0,0,0,0,0,0,0,0,0,0,0,0,0,0,
hello,6_30,11_17_41,8.1072,0,1,0,8.107204,0.0000,0.0000,0.0000,0.0000,0.0000,0.0000,0,0,,,,,,,,0,0,0,0,0,0,0,0,0,0,0,0,0,0,0,0,0,0,0,0,0,0,0,0,0,0,0,0,0,0,0,0,0,0,0,0,0,0,0,0,0,0,0,0,0,0,0,0,0,0,0,
hello,6_30,11_17_41,8.1115,0,1,0,8.11149,0.0000,0.0000,0.0000,0.0000,0.0000,0.0000,0,0,,,,,,,,0,0,0,0,0,0,0,0,0,0,0,0,0,0,0,0,0,0,0,0,0,0,0,0,0,0,0,0,0,0,0,0,0,0,0,0,0,0,0,0,0,0,0,0,0,0,0,0,0,0,0,
hello,6_30,11_17_41,8.1152,0,1,0,8.115169,0.0000,0.0000,0.0000,0.0000,0.0000,0.0000,0,0,,,,,,,,0,0,0,0,0,0,0,0,0,0,0,0,0,0,0,0,0,0,0,0,0,0,0,0,0,0,0,0,0,0,0,0,0,0,0,0,0,0,0,0,0,0,0,0,0,0,0,0,0,0,0,
hello,6_30,11_17_41,8.1190,0,1,0,8.118965,0.0000,0.0000,0.0000,0.0000,0.0000,0.0000,0,0,,,,,,,,0,0,0,0,0,0,0,0,0,0,0,0,0,0,0,0,0,0,0,0,0,0,0,0,0,0,0,0,0,0,0,0,0,0,0,0,0,0,0,0,0,0,0,0,0,0,0,0,0,0,0,
hello,6_30,11_17_41,8.1229,0,1,0,8.122874,0.0000,0.0000,0.0000,0.0000,0.0000,0.0000,0,0,,,,,,,,0,0,0,0,0,0,0,0,0,0,0,0,0,0,0,0,0,0,0,0,0,0,0,0,0,0,0,0,0,0,0,0,0,0,0,0,0,0,0,0,0,0,0,0,0,0,0,0,0,0,0,
hello,6_30,11_17_41,8.1266,0,1,0,8.126598,0.0000,0.0000,0.0000,0.0000,0.0000,0.0000,0,0,,,,,,,,0,0,0,0,0,0,0,0,0,0,0,0,0,0,0,0,0,0,0,0,0,0,0,0,0,0,0,0,0,0,0,0,0,0,0,0,0,0,0,0,0,0,0,0,0,0,0,0,0,0,0,
hello,6_30,11_17_41,8.1305,0,1,0,8.130514,0.0000,0.0000,0.0000,0.0000,0.0000,0.0000,0,0,,,,,,,,0,0,0,0,0,0,0,0,0,0,0,0,0,0,0,0,0,0,0,0,0,0,0,0,0,0,0,0,0,0,0,0,0,0,0,0,0,0,0,0,0,0,0,0,0,0,0,0,0,0,0,
hello,6_30,11_17_41,8.1341,0,1,0,8.134086,0.0000,0.0000,0.0000,0.0000,0.0000,0.0000,0,0,,,,,,,,0,0,0,0,0,0,0,0,0,0,0,0,0,0,0,0,0,0,0,0,0,0,0,0,0,0,0,0,0,0,0,0,0,0,0,0,0,0,0,0,0,0,0,0,0,0,0,0,0,0,0,
hello,6_30,11_17_41,8.1380,0,1,0,8.137978,0.0000,0.0000,0.0000,0.0000,0.0000,0.0000,0,0,,,,,,,,0,0,0,0,0,0,0,0,0,0,0,0,0,0,0,0,0,0,0,0,0,0,0,0,0,0,0,0,0,0,0,0,0,0,0,0,0,0,0,0,0,0,0,0,0,0,0,0,0,0,0,
hello,6_30,11_17_41,8.1413,0,1,0,8.141258,0.0000,0.0000,0.0000,0.0000,0.0000,0.0000,0,0,,,,,,,,0,0,0,0,0,0,0,0,0,0,0,0,0,0,0,0,0,0,0,0,0,0,0,0,0,0,0,0,0,0,0,0,0,0,0,0,0,0,0,0,0,0,0,0,0,0,0,0,0,0,0,
hello,6_30,11_17_41,8.1453,0,1,0,8.145344,0.0000,0.0000,0.0000,0.0000,0.0000,0.0000,0,0,,,,,,,,0,0,0,0,0,0,0,0,0,0,0,0,0,0,0,0,0,0,0,0,0,0,0,0,0,0,0,0,0,0,0,0,0,0,0,0,0,0,0,0,0,0,0,0,0,0,0,0,0,0,0,
hello,6_30,11_17_41,8.1493,0,1,0,8.149309,0.0000,0.0000,0.0000,0.0000,0.0000,0.0000,0,0,,,,,,,,0,0,0,0,0,0,0,0,0,0,0,0,0,0,0,0,0,0,0,0,0,0,0,0,0,0,0,0,0,0,0,0,0,0,0,0,0,0,0,0,0,0,0,0,0,0,0,0,0,0,0,
hello,6_30,11_17_41,8.1526,0,1,0,8.15262,0.0000,0.0000,0.0000,0.0000,0.0000,0.0000,0,0,,,,,,,,0,0,0,0,0,0,0,0,0,0,0,0,0,0,0,0,0,0,0,0,0,0,0,0,0,0,0,0,0,0,0,0,0,0,0,0,0,0,0,0,0,0,0,0,0,0,0,0,0,0,0,
hello,6_30,11_17_41,8.1561,0,1,0,8.156073,0.0000,0.0000,0.0000,0.0000,0.0000,0.0000,0,0,,,,,,,,0,0,0,0,0,0,0,0,0,0,0,0,0,0,0,0,0,0,0,0,0,0,0,0,0,0,0,0,0,0,0,0,0,0,0,0,0,0,0,0,0,0,0,0,0,0,0,0,0,0,0,
hello,6_30,11_17_41,8.1600,0,1,0,8.159973,0.0000,0.0000,0.0000,0.0000,0.0000,0.0000,0,0,,,,,,,,0,0,0,0,0,0,0,0,0,0,0,0,0,0,0,0,0,0,0,0,0,0,0,0,0,0,0,0,0,0,0,0,0,0,0,0,0,0,0,0,0,0,0,0,0,0,0,0,0,0,0,
hello,6_30,11_17_41,8.1634,0,1,0,8.163387,0.0000,0.0000,0.0000,0.0000,0.0000,0.0000,0,0,,,,,,,,0,0,0,0,0,0,0,0,0,0,0,0,0,0,0,0,0,0,0,0,0,0,0,0,0,0,0,0,0,0,0,0,0,0,0,0,0,0,0,0,0,0,0,0,0,0,0,0,0,0,0,
hello,6_30,11_17_41,8.1674,0,1,0,8.167403,0.0000,0.0000,0.0000,0.0000,0.0000,0.0000,0,0,,,,,,,,0,0,0,0,0,0,0,0,0,0,0,0,0,0,0,0,0,0,0,0,0,0,0,0,0,0,0,0,0,0,0,0,0,0,0,0,0,0,0,0,0,0,0,0,0,0,0,0,0,0,0,
hello,6_30,11_17_41,8.1707,0,1,0,8.170729,0.0000,0.0000,0.0000,0.0000,0.0000,0.0000,0,0,,,,,,,,0,0,0,0,0,0,0,0,0,0,0,0,0,0,0,0,0,0,0,0,0,0,0,0,0,0,0,0,0,0,0,0,0,0,0,0,0,0,0,0,0,0,0,0,0,0,0,0,0,0,0,
hello,6_30,11_17_41,8.1741,0,1,0,8.174133,0.0000,0.0000,0.0000,0.0000,0.0000,0.0000,0,0,,,,,,,,0,0,0,0,0,0,0,0,0,0,0,0,0,0,0,0,0,0,0,0,0,0,0,0,0,0,0,0,0,0,0,0,0,0,0,0,0,0,0,0,0,0,0,0,0,0,0,0,0,0,0,
hello,6_30,11_17_41,8.1780,0,1,0,8.178014,0.0000,0.0000,0.0000,0.0000,0.0000,0.0000,0,0,,,,,,,,0,0,0,0,0,0,0,0,0,0,0,0,0,0,0,0,0,0,0,0,0,0,0,0,0,0,0,0,0,0,0,0,0,0,0,0,0,0,0,0,0,0,0,0,0,0,0,0,0,0,0,
hello,6_30,11_17_41,8.1815,0,1,0,8.18153,0.0000,0.0000,0.0000,0.0000,0.0000,0.0000,0,0,,,,,,,,0,0,0,0,0,0,0,0,0,0,0,0,0,0,0,0,0,0,0,0,0,0,0,0,0,0,0,0,0,0,0,0,0,0,0,0,0,0,0,0,0,0,0,0,0,0,0,0,0,0,0,
hello,6_30,11_17_41,8.1852,0,1,0,8.185229,0.0000,0.0000,0.0000,0.0000,0.0000,0.0000,0,0,,,,,,,,0,0,0,0,0,0,0,0,0,0,0,0,0,0,0,0,0,0,0,0,0,0,0,0,0,0,0,0,0,0,0,0,0,0,0,0,0,0,0,0,0,0,0,0,0,0,0,0,0,0,0,
hello,6_30,11_17_41,8.2015,0,1,0,8.201473,0.0000,0.0000,0.0000,0.0000,0.0000,0.0000,0,0,,,,,,,,0,0,0,0,0,0,0,0,0,0,0,0,0,0,0,0,0,0,0,0,0,0,0,0,0,0,0,0,0,0,0,0,0,0,0,0,0,0,0,0,0,0,0,0,0,0,0,0,0,0,0,
hello,6_30,11_17_41,8.2051,0,1,0,8.205091,0.0000,0.0000,0.0000,0.0000,0.0000,0.0000,0,0,,,,,,,,0,0,0,0,0,0,0,0,0,0,0,0,0,0,0,0,0,0,0,0,0,0,0,0,0,0,0,0,0,0,0,0,0,0,0,0,0,0,0,0,0,0,0,0,0,0,0,0,0,0,0,
hello,6_30,11_17_41,8.2090,0,1,0,8.208999,0.0000,0.0000,0.0000,0.0000,0.0000,0.0000,0,0,,,,,,,,0,0,0,0,0,0,0,0,0,0,0,0,0,0,0,0,0,0,0,0,0,0,0,0,0,0,0,0,0,0,0,0,0,0,0,0,0,0,0,0,0,0,0,0,0,0,0,0,0,0,0,
hello,6_30,11_17_41,8.2124,0,1,0,8.212409,0.0000,0.0000,0.0000,0.0000,0.0000,0.0000,0,0,,,,,,,,0,0,0,0,0,0,0,0,0,0,0,0,0,0,0,0,0,0,0,0,0,0,0,0,0,0,0,0,0,0,0,0,0,0,0,0,0,0,0,0,0,0,0,0,0,0,0,0,0,0,0,
hello,6_30,11_17_41,8.2157,0,1,0,8.215734,0.0000,0.0000,0.0000,0.0000,0.0000,0.0000,0,0,,,,,,,,0,0,0,0,0,0,0,0,0,0,0,0,0,0,0,0,0,0,0,0,0,0,0,0,0,0,0,0,0,0,0,0,0,0,0,0,0,0,0,0,0,0,0,0,0,0,0,0,0,0,0,
hello,6_30,11_17_41,8.2195,0,1,0,8.219457,0.0000,0.0000,0.0000,0.0000,0.0000,0.0000,0,0,,,,,,,,0,0,0,0,0,0,0,0,0,0,0,0,0,0,0,0,0,0,0,0,0,0,0,0,0,0,0,0,0,0,0,0,0,0,0,0,0,0,0,0,0,0,0,0,0,0,0,0,0,0,0,
hello,6_30,11_17_41,8.2230,0,1,0,8.222983,0.0000,0.0000,0.0000,0.0000,0.0000,0.0000,0,0,,,,,,,,0,0,0,0,0,0,0,0,0,0,0,0,0,0,0,0,0,0,0,0,0,0,0,0,0,0,0,0,0,0,0,0,0,0,0,0,0,0,0,0,0,0,0,0,0,0,0,0,0,0,0,
hello,6_30,11_17_41,8.2274,0,1,0,8.227414,0.0000,0.0000,0.0000,0.0000,0.0000,0.0000,0,0,,,,,,,,0,0,0,0,0,0,0,0,0,0,0,0,0,0,0,0,0,0,0,0,0,0,0,0,0,0,0,0,0,0,0,0,0,0,0,0,0,0,0,0,0,0,0,0,0,0,0,0,0,0,0,
hello,6_30,11_17_41,8.2308,0,1,0,8.230813,0.0000,0.0000,0.0000,0.0000,0.0000,0.0000,0,0,,,,,,,,0,0,0,0,0,0,0,0,0,0,0,0,0,0,0,0,0,0,0,0,0,0,0,0,0,0,0,0,0,0,0,0,0,0,0,0,0,0,0,0,0,0,0,0,0,0,0,0,0,0,0,
hello,6_30,11_17_41,8.2343,0,1,0,8.234336,0.0000,0.0000,0.0000,0.0000,0.0000,0.0000,0,0,,,,,,,,0,0,0,0,0,0,0,0,0,0,0,0,0,0,0,0,0,0,0,0,0,0,0,0,0,0,0,0,0,0,0,0,0,0,0,0,0,0,0,0,0,0,0,0,0,0,0,0,0,0,0,
hello,6_30,11_17_41,8.2382,0,1,0,8.238202,0.0000,0.0000,0.0000,0.0000,0.0000,0.0000,0,0,,,,,,,,0,0,0,0,0,0,0,0,0,0,0,0,0,0,0,0,0,0,0,0,0,0,0,0,0,0,0,0,0,0,0,0,0,0,0,0,0,0,0,0,0,0,0,0,0,0,0,0,0,0,0,
hello,6_30,11_17_41,8.2415,0,1,0,8.241457,0.0000,0.0000,0.0000,0.0000,0.0000,0.0000,0,0,,,,,,,,0,0,0,0,0,0,0,0,0,0,0,0,0,0,0,0,0,0,0,0,0,0,0,0,0,0,0,0,0,0,0,0,0,0,0,0,0,0,0,0,0,0,0,0,0,0,0,0,0,0,0,
hello,6_30,11_17_41,8.2451,0,1,0,8.245137,0.0000,0.0000,0.0000,0.0000,0.0000,0.0000,0,0,,,,,,,,0,0,0,0,0,0,0,0,0,0,0,0,0,0,0,0,0,0,0,0,0,0,0,0,0,0,0,0,0,0,0,0,0,0,0,0,0,0,0,0,0,0,0,0,0,0,0,0,0,0,0,
hello,6_30,11_17_41,8.2490,0,1,0,8.249014,0.0000,0.0000,0.0000,0.0000,0.0000,0.0000,0,0,,,,,,,,0,0,0,0,0,0,0,0,0,0,0,0,0,0,0,0,0,0,0,0,0,0,0,0,0,0,0,0,0,0,0,0,0,0,0,0,0,0,0,0,0,0,0,0,0,0,0,0,0,0,0,
hello,6_30,11_17_41,8.2524,0,1,0,8.252433,0.0000,0.0000,0.0000,0.0000,0.0000,0.0000,0,0,,,,,,,,0,0,0,0,0,0,0,0,0,0,0,0,0,0,0,0,0,0,0,0,0,0,0,0,0,0,0,0,0,0,0,0,0,0,0,0,0,0,0,0,0,0,0,0,0,0,0,0,0,0,0,
hello,6_30,11_17_41,8.2560,0,1,0,8.256036,0.0000,0.0000,0.0000,0.0000,0.0000,0.0000,0,0,,,,,,,,0,0,0,0,0,0,0,0,0,0,0,0,0,0,0,0,0,0,0,0,0,0,0,0,0,0,0,0,0,0,0,0,0,0,0,0,0,0,0,0,0,0,0,0,0,0,0,0,0,0,0,
hello,6_30,11_17_41,8.2597,0,1,0,8.259735,0.0000,0.0000,0.0000,0.0000,0.0000,0.0000,0,0,,,,,,,,0,0,0,0,0,0,0,0,0,0,0,0,0,0,0,0,0,0,0,0,0,0,0,0,0,0,0,0,0,0,0,0,0,0,0,0,0,0,0,0,0,0,0,0,0,0,0,0,0,0,0,
hello,6_30,11_17_41,8.2637,0,1,0,8.263653,0.0000,0.0000,0.0000,0.0000,0.0000,0.0000,0,0,,,,,,,,0,0,0,0,0,0,0,0,0,0,0,0,0,0,0,0,0,0,0,0,0,0,0,0,0,0,0,0,0,0,0,0,0,0,0,0,0,0,0,0,0,0,0,0,0,0,0,0,0,0,0,
hello,6_30,11_17_41,8.2679,0,1,0,8.267899,0.0000,0.0000,0.0000,0.0000,0.0000,0.0000,0,0,,,,,,,,0,0,0,0,0,0,0,0,0,0,0,0,0,0,0,0,0,0,0,0,0,0,0,0,0,0,0,0,0,0,0,0,0,0,0,0,0,0,0,0,0,0,0,0,0,0,0,0,0,0,0,
hello,6_30,11_17_41,8.2717,0,1,0,8.271676,0.0000,0.0000,0.0000,0.0000,0.0000,0.0000,0,0,,,,,,,,0,0,0,0,0,0,0,0,0,0,0,0,0,0,0,0,0,0,0,0,0,0,0,0,0,0,0,0,0,0,0,0,0,0,0,0,0,0,0,0,0,0,0,0,0,0,0,0,0,0,0,
hello,6_30,11_17_41,8.2761,0,1,0,8.276135,0.0000,0.0000,0.0000,0.0000,0.0000,0.0000,0,0,,,,,,,,0,0,0,0,0,0,0,0,0,0,0,0,0,0,0,0,0,0,0,0,0,0,0,0,0,0,0,0,0,0,0,0,0,0,0,0,0,0,0,0,0,0,0,0,0,0,0,0,0,0,0,
hello,6_30,11_17_41,8.2800,0,1,0,8.279978,0.0000,0.0000,0.0000,0.0000,0.0000,0.0000,0,0,,,,,,,,0,0,0,0,0,0,0,0,0,0,0,0,0,0,0,0,0,0,0,0,0,0,0,0,0,0,0,0,0,0,0,0,0,0,0,0,0,0,0,0,0,0,0,0,0,0,0,0,0,0,0,
hello,6_30,11_17_41,8.2833,0,1,0,8.283339,0.0000,0.0000,0.0000,0.0000,0.0000,0.0000,0,0,,,,,,,,0,0,0,0,0,0,0,0,0,0,0,0,0,0,0,0,0,0,0,0,0,0,0,0,0,0,0,0,0,0,0,0,0,0,0,0,0,0,0,0,0,0,0,0,0,0,0,0,0,0,0,
hello,6_30,11_17_41,8.2876,0,1,0,8.287563,0.0000,0.0000,0.0000,0.0000,0.0000,0.0000,0,0,,,,,,,,0,0,0,0,0,0,0,0,0,0,0,0,0,0,0,0,0,0,0,0,0,0,0,0,0,0,0,0,0,0,0,0,0,0,0,0,0,0,0,0,0,0,0,0,0,0,0,0,0,0,0,
hello,6_30,11_17_41,8.2912,0,1,0,8.291208,0.0000,0.0000,0.0000,0.0000,0.0000,0.0000,0,0,,,,,,,,0,0,0,0,0,0,0,0,0,0,0,0,0,0,0,0,0,0,0,0,0,0,0,0,0,0,0,0,0,0,0,0,0,0,0,0,0,0,0,0,0,0,0,0,0,0,0,0,0,0,0,
hello,6_30,11_17_41,8.2950,0,1,0,8.295034,0.0000,0.0000,0.0000,0.0000,0.0000,0.0000,0,0,,,,,,,,0,0,0,0,0,0,0,0,0,0,0,0,0,0,0,0,0,0,0,0,0,0,0,0,0,0,0,0,0,0,0,0,0,0,0,0,0,0,0,0,0,0,0,0,0,0,0,0,0,0,0,
hello,6_30,11_17_41,8.2991,0,1,0,8.299121,0.0000,0.0000,0.0000,0.0000,0.0000,0.0000,0,0,,,,,,,,0,0,0,0,0,0,0,0,0,0,0,0,0,0,0,0,0,0,0,0,0,0,0,0,0,0,0,0,0,0,0,0,0,0,0,0,0,0,0,0,0,0,0,0,0,0,0,0,0,0,0,
hello,6_30,11_17_41,8.3026,0,1,0,8.302587,0.0000,0.0000,0.0000,0.0000,0.0000,0.0000,0,0,,,,,,,,0,0,0,0,0,0,0,0,0,0,0,0,0,0,0,0,0,0,0,0,0,0,0,0,0,0,0,0,0,0,0,0,0,0,0,0,0,0,0,0,0,0,0,0,0,0,0,0,0,0,0,
hello,6_30,11_17_41,8.3067,0,1,0,8.3067,0.0000,0.0000,0.0000,0.0000,0.0000,0.0000,0,0,,,,,,,,0,0,0,0,0,0,0,0,0,0,0,0,0,0,0,0,0,0,0,0,0,0,0,0,0,0,0,0,0,0,0,0,0,0,0,0,0,0,0,0,0,0,0,0,0,0,0,0,0,0,0,
hello,6_30,11_17_41,8.3110,0,1,0,8.310971,0.0000,0.0000,0.0000,0.0000,0.0000,0.0000,0,0,,,,,,,,0,0,0,0,0,0,0,0,0,0,0,0,0,0,0,0,0,0,0,0,0,0,0,0,0,0,0,0,0,0,0,0,0,0,0,0,0,0,0,0,0,0,0,0,0,0,0,0,0,0,0,
hello,6_30,11_17_41,8.3143,0,1,0,8.31426,0.0000,0.0000,0.0000,0.0000,0.0000,0.0000,0,0,,,,,,,,0,0,0,0,0,0,0,0,0,0,0,0,0,0,0,0,0,0,0,0,0,0,0,0,0,0,0,0,0,0,0,0,0,0,0,0,0,0,0,0,0,0,0,0,0,0,0,0,0,0,0,
hello,6_30,11_17_41,8.3181,0,1,0,8.318144,0.0000,0.0000,0.0000,0.0000,0.0000,0.0000,0,0,,,,,,,,0,0,0,0,0,0,0,0,0,0,0,0,0,0,0,0,0,0,0,0,0,0,0,0,0,0,0,0,0,0,0,0,0,0,0,0,0,0,0,0,0,0,0,0,0,0,0,0,0,0,0,
hello,6_30,11_17_41,8.3215,0,1,0,8.321492,0.0000,0.0000,0.0000,0.0000,0.0000,0.0000,0,0,,,,,,,,0,0,0,0,0,0,0,0,0,0,0,0,0,0,0,0,0,0,0,0,0,0,0,0,0,0,0,0,0,0,0,0,0,0,0,0,0,0,0,0,0,0,0,0,0,0,0,0,0,0,0,
hello,6_30,11_17_41,8.3254,0,1,0,8.32538,0.0000,0.0000,0.0000,0.0000,0.0000,0.0000,0,0,,,,,,,,0,0,0,0,0,0,0,0,0,0,0,0,0,0,0,0,0,0,0,0,0,0,0,0,0,0,0,0,0,0,0,0,0,0,0,0,0,0,0,0,0,0,0,0,0,0,0,0,0,0,0,
hello,6_30,11_17_41,8.3292,0,1,0,8.329175,0.0000,0.0000,0.0000,0.0000,0.0000,0.0000,0,0,,,,,,,,0,0,0,0,0,0,0,0,0,0,0,0,0,0,0,0,0,0,0,0,0,0,0,0,0,0,0,0,0,0,0,0,0,0,0,0,0,0,0,0,0,0,0,0,0,0,0,0,0,0,0,
hello,6_30,11_17_41,8.3326,0,1,0,8.332574,0.0000,0.0000,0.0000,0.0000,0.0000,0.0000,0,0,,,,,,,,0,0,0,0,0,0,0,0,0,0,0,0,0,0,0,0,0,0,0,0,0,0,0,0,0,0,0,0,0,0,0,0,0,0,0,0,0,0,0,0,0,0,0,0,0,0,0,0,0,0,0,
hello,6_30,11_17_41,8.3363,0,1,0,8.336308,0.0000,0.0000,0.0000,0.0000,0.0000,0.0000,0,0,,,,,,,,0,0,0,0,0,0,0,0,0,0,0,0,0,0,0,0,0,0,0,0,0,0,0,0,0,0,0,0,0,0,0,0,0,0,0,0,0,0,0,0,0,0,0,0,0,0,0,0,0,0,0,
hello,6_30,11_17_41,8.3399,0,1,0,8.339887,0.0000,0.0000,0.0000,0.0000,0.0000,0.0000,0,0,,,,,,,,0,0,0,0,0,0,0,0,0,0,0,0,0,0,0,0,0,0,0,0,0,0,0,0,0,0,0,0,0,0,0,0,0,0,0,0,0,0,0,0,0,0,0,0,0,0,0,0,0,0,0,
hello,6_30,11_17_41,8.3440,0,1,0,8.344027,0.0000,0.0000,0.0000,0.0000,0.0000,0.0000,0,0,,,,,,,,0,0,0,0,0,0,0,0,0,0,0,0,0,0,0,0,0,0,0,0,0,0,0,0,0,0,0,0,0,0,0,0,0,0,0,0,0,0,0,0,0,0,0,0,0,0,0,0,0,0,0,
hello,6_30,11_17_41,8.3476,0,1,0,8.347591,0.0000,0.0000,0.0000,0.0000,0.0000,0.0000,0,0,,,,,,,,0,0,0,0,0,0,0,0,0,0,0,0,0,0,0,0,0,0,0,0,0,0,0,0,0,0,0,0,0,0,0,0,0,0,0,0,0,0,0,0,0,0,0,0,0,0,0,0,0,0,0,
hello,6_30,11_17_41,8.3515,0,1,0,8.351522,0.0000,0.0000,0.0000,0.0000,0.0000,0.0000,0,0,,,,,,,,0,0,0,0,0,0,0,0,0,0,0,0,0,0,0,0,0,0,0,0,0,0,0,0,0,0,0,0,0,0,0,0,0,0,0,0,0,0,0,0,0,0,0,0,0,0,0,0,0,0,0,
hello,6_30,11_17_41,8.3552,0,1,0,8.355164,0.0000,0.0000,0.0000,0.0000,0.0000,0.0000,0,0,,,,,,,,0,0,0,0,0,0,0,0,0,0,0,0,0,0,0,0,0,0,0,0,0,0,0,0,0,0,0,0,0,0,0,0,0,0,0,0,0,0,0,0,0,0,0,0,0,0,0,0,0,0,0,
hello,6_30,11_17_41,8.3585,0,1,0,8.358479,0.0000,0.0000,0.0000,0.0000,0.0000,0.0000,0,0,,,,,,,,0,0,0,0,0,0,0,0,0,0,0,0,0,0,0,0,0,0,0,0,0,0,0,0,0,0,0,0,0,0,0,0,0,0,0,0,0,0,0,0,0,0,0,0,0,0,0,0,0,0,0,
hello,6_30,11_17_41,8.3622,0,1,0,8.362224,0.0000,0.0000,0.0000,0.0000,0.0000,0.0000,0,0,,,,,,,,0,0,0,0,0,0,0,0,0,0,0,0,0,0,0,0,0,0,0,0,0,0,0,0,0,0,0,0,0,0,0,0,0,0,0,0,0,0,0,0,0,0,0,0,0,0,0,0,0,0,0,
hello,6_30,11_17_41,8.3664,0,1,0,8.366377,0.0000,0.0000,0.0000,0.0000,0.0000,0.0000,0,0,,,,,,,,0,0,0,0,0,0,0,0,0,0,0,0,0,0,0,0,0,0,0,0,0,0,0,0,0,0,0,0,0,0,0,0,0,0,0,0,0,0,0,0,0,0,0,0,0,0,0,0,0,0,0,
hello,6_30,11_17_41,8.3701,0,1,0,8.370121,0.0000,0.0000,0.0000,0.0000,0.0000,0.0000,0,0,,,,,,,,0,0,0,0,0,0,0,0,0,0,0,0,0,0,0,0,0,0,0,0,0,0,0,0,0,0,0,0,0,0,0,0,0,0,0,0,0,0,0,0,0,0,0,0,0,0,0,0,0,0,0,
hello,6_30,11_17_41,8.3740,0,1,0,8.373996,0.0000,0.0000,0.0000,0.0000,0.0000,0.0000,0,0,,,,,,,,0,0,0,0,0,0,0,0,0,0,0,0,0,0,0,0,0,0,0,0,0,0,0,0,0,0,0,0,0,0,0,0,0,0,0,0,0,0,0,0,0,0,0,0,0,0,0,0,0,0,0,
hello,6_30,11_17_41,8.3776,0,1,0,8.377608,0.0000,0.0000,0.0000,0.0000,0.0000,0.0000,0,0,,,,,,,,0,0,0,0,0,0,0,0,0,0,0,0,0,0,0,0,0,0,0,0,0,0,0,0,0,0,0,0,0,0,0,0,0,0,0,0,0,0,0,0,0,0,0,0,0,0,0,0,0,0,0,
hello,6_30,11_17_41,8.3811,0,1,0,8.381085,0.0000,0.0000,0.0000,0.0000,0.0000,0.0000,0,0,,,,,,,,0,0,0,0,0,0,0,0,0,0,0,0,0,0,0,0,0,0,0,0,0,0,0,0,0,0,0,0,0,0,0,0,0,0,0,0,0,0,0,0,0,0,0,0,0,0,0,0,0,0,0,
hello,6_30,11_17_41,8.3852,0,1,0,8.385219,0.0000,0.0000,0.0000,0.0000,0.0000,0.0000,0,0,,,,,,,,0,0,0,0,0,0,0,0,0,0,0,0,0,0,0,0,0,0,0,0,0,0,0,0,0,0,0,0,0,0,0,0,0,0,0,0,0,0,0,0,0,0,0,0,0,0,0,0,0,0,0,
hello,6_30,11_17_41,8.3889,0,1,0,8.388885,0.0000,0.0000,0.0000,0.0000,0.0000,0.0000,0,0,,,,,,,,0,0,0,0,0,0,0,0,0,0,0,0,0,0,0,0,0,0,0,0,0,0,0,0,0,0,0,0,0,0,0,0,0,0,0,0,0,0,0,0,0,0,0,0,0,0,0,0,0,0,0,
hello,6_30,11_17_41,8.4049,0,1,0,8.404935,0.0000,0.0000,0.0000,0.0000,0.0000,0.0000,0,0,,,,,,,,0,0,0,0,0,0,0,0,0,0,0,0,0,0,0,0,0,0,0,0,0,0,0,0,0,0,0,0,0,0,0,0,0,0,0,0,0,0,0,0,0,0,0,0,0,0,0,0,0,0,0,
hello,6_30,11_17_41,8.4091,0,1,0,8.409081,0.0000,0.0000,0.0000,0.0000,0.0000,0.0000,0,0,,,,,,,,0,0,0,0,0,0,0,0,0,0,0,0,0,0,0,0,0,0,0,0,0,0,0,0,0,0,0,0,0,0,0,0,0,0,0,0,0,0,0,0,0,0,0,0,0,0,0,0,0,0,0,
hello,6_30,11_17_41,8.4124,0,1,0,8.412416,0.0000,0.0000,0.0000,0.0000,0.0000,0.0000,0,0,,,,,,,,0,0,0,0,0,0,0,0,0,0,0,0,0,0,0,0,0,0,0,0,0,0,0,0,0,0,0,0,0,0,0,0,0,0,0,0,0,0,0,0,0,0,0,0,0,0,0,0,0,0,0,
hello,6_30,11_17_41,8.4159,0,1,0,8.415856,0.0000,0.0000,0.0000,0.0000,0.0000,0.0000,0,0,,,,,,,,0,0,0,0,0,0,0,0,0,0,0,0,0,0,0,0,0,0,0,0,0,0,0,0,0,0,0,0,0,0,0,0,0,0,0,0,0,0,0,0,0,0,0,0,0,0,0,0,0,0,0,
hello,6_30,11_17_41,8.4194,0,1,0,8.419442,0.0000,0.0000,0.0000,0.0000,0.0000,0.0000,0,0,,,,,,,,0,0,0,0,0,0,0,0,0,0,0,0,0,0,0,0,0,0,0,0,0,0,0,0,0,0,0,0,0,0,0,0,0,0,0,0,0,0,0,0,0,0,0,0,0,0,0,0,0,0,0,
hello,6_30,11_17_41,8.4234,0,1,0,8.423354,0.0000,0.0000,0.0000,0.0000,0.0000,0.0000,0,0,,,,,,,,0,0,0,0,0,0,0,0,0,0,0,0,0,0,0,0,0,0,0,0,0,0,0,0,0,0,0,0,0,0,0,0,0,0,0,0,0,0,0,0,0,0,0,0,0,0,0,0,0,0,0,
hello,6_30,11_17_41,8.4292,0,1,0,8.429152,0.0000,0.0000,0.0000,0.0000,0.0000,0.0000,0,0,,,,,,,,0,0,0,0,0,0,0,0,0,0,0,0,0,0,0,0,0,0,0,0,0,0,0,0,0,0,0,0,0,0,0,0,0,0,0,0,0,0,0,0,0,0,0,0,0,0,0,0,0,0,0,
hello,6_30,11_17_41,8.4325,0,1,0,8.43251,0.0000,0.0000,0.0000,0.0000,0.0000,0.0000,0,0,,,,,,,,0,0,0,0,0,0,0,0,0,0,0,0,0,0,0,0,0,0,0,0,0,0,0,0,0,0,0,0,0,0,0,0,0,0,0,0,0,0,0,0,0,0,0,0,0,0,0,0,0,0,0,
hello,6_30,11_17_41,8.4359,0,1,0,8.43593,0.0000,0.0000,0.0000,0.0000,0.0000,0.0000,0,0,,,,,,,,0,0,0,0,0,0,0,0,0,0,0,0,0,0,0,0,0,0,0,0,0,0,0,0,0,0,0,0,0,0,0,0,0,0,0,0,0,0,0,0,0,0,0,0,0,0,0,0,0,0,0,
hello,6_30,11_17_41,8.4394,0,1,0,8.439392,0.0000,0.0000,0.0000,0.0000,0.0000,0.0000,0,0,,,,,,,,0,0,0,0,0,0,0,0,0,0,0,0,0,0,0,0,0,0,0,0,0,0,0,0,0,0,0,0,0,0,0,0,0,0,0,0,0,0,0,0,0,0,0,0,0,0,0,0,0,0,0,
hello,6_30,11_17_41,8.4430,0,1,0,8.442992,0.0000,0.0000,0.0000,0.0000,0.0000,0.0000,0,0,,,,,,,,0,0,0,0,0,0,0,0,0,0,0,0,0,0,0,0,0,0,0,0,0,0,0,0,0,0,0,0,0,0,0,0,0,0,0,0,0,0,0,0,0,0,0,0,0,0,0,0,0,0,0,
hello,6_30,11_17_41,8.4468,0,1,0,8.446814,0.0000,0.0000,0.0000,0.0000,0.0000,0.0000,0,0,,,,,,,,0,0,0,0,0,0,0,0,0,0,0,0,0,0,0,0,0,0,0,0,0,0,0,0,0,0,0,0,0,0,0,0,0,0,0,0,0,0,0,0,0,0,0,0,0,0,0,0,0,0,0,
hello,6_30,11_17_41,8.4504,0,1,0,8.450436,0.0000,0.0000,0.0000,0.0000,0.0000,0.0000,0,0,,,,,,,,0,0,0,0,0,0,0,0,0,0,0,0,0,0,0,0,0,0,0,0,0,0,0,0,0,0,0,0,0,0,0,0,0,0,0,0,0,0,0,0,0,0,0,0,0,0,0,0,0,0,0,
hello,6_30,11_17_41,8.4542,0,1,0,8.454195,0.0000,0.0000,0.0000,0.0000,0.0000,0.0000,0,0,,,,,,,,0,0,0,0,0,0,0,0,0,0,0,0,0,0,0,0,0,0,0,0,0,0,0,0,0,0,0,0,0,0,0,0,0,0,0,0,0,0,0,0,0,0,0,0,0,0,0,0,0,0,0,
hello,6_30,11_17_41,8.4575,0,1,0,8.457531,0.0000,0.0000,0.0000,0.0000,0.0000,0.0000,0,0,,,,,,,,0,0,0,0,0,0,0,0,0,0,0,0,0,0,0,0,0,0,0,0,0,0,0,0,0,0,0,0,0,0,0,0,0,0,0,0,0,0,0,0,0,0,0,0,0,0,0,0,0,0,0,
hello,6_30,11_17_41,8.4609,0,1,0,8.460943,0.0000,0.0000,0.0000,0.0000,0.0000,0.0000,0,0,,,,,,,,0,0,0,0,0,0,0,0,0,0,0,0,0,0,0,0,0,0,0,0,0,0,0,0,0,0,0,0,0,0,0,0,0,0,0,0,0,0,0,0,0,0,0,0,0,0,0,0,0,0,0,
hello,6_30,11_17_41,8.4647,0,1,0,8.464659,0.0000,0.0000,0.0000,0.0000,0.0000,0.0000,0,0,,,,,,,,0,0,0,0,0,0,0,0,0,0,0,0,0,0,0,0,0,0,0,0,0,0,0,0,0,0,0,0,0,0,0,0,0,0,0,0,0,0,0,0,0,0,0,0,0,0,0,0,0,0,0,
hello,6_30,11_17_41,8.4682,0,1,0,8.468197,0.0000,0.0000,0.0000,0.0000,0.0000,0.0000,0,0,,,,,,,,0,0,0,0,0,0,0,0,0,0,0,0,0,0,0,0,0,0,0,0,0,0,0,0,0,0,0,0,0,0,0,0,0,0,0,0,0,0,0,0,0,0,0,0,0,0,0,0,0,0,0,
hello,6_30,11_17_41,8.4717,0,1,0,8.471717,0.0000,0.0000,0.0000,0.0000,0.0000,0.0000,0,0,,,,,,,,0,0,0,0,0,0,0,0,0,0,0,0,0,0,0,0,0,0,0,0,0,0,0,0,0,0,0,0,0,0,0,0,0,0,0,0,0,0,0,0,0,0,0,0,0,0,0,0,0,0,0,
hello,6_30,11_17_41,8.4753,0,1,0,8.475294,0.0000,0.0000,0.0000,0.0000,0.0000,0.0000,0,0,,,,,,,,0,0,0,0,0,0,0,0,0,0,0,0,0,0,0,0,0,0,0,0,0,0,0,0,0,0,0,0,0,0,0,0,0,0,0,0,0,0,0,0,0,0,0,0,0,0,0,0,0,0,0,
hello,6_30,11_17_41,8.4787,0,1,0,8.478667,0.0000,0.0000,0.0000,0.0000,0.0000,0.0000,0,0,,,,,,,,0,0,0,0,0,0,0,0,0,0,0,0,0,0,0,0,0,0,0,0,0,0,0,0,0,0,0,0,0,0,0,0,0,0,0,0,0,0,0,0,0,0,0,0,0,0,0,0,0,0,0,
hello,6_30,11_17_41,8.4821,0,1,0,8.482091,0.0000,0.0000,0.0000,0.0000,0.0000,0.0000,0,0,,,,,,,,0,0,0,0,0,0,0,0,0,0,0,0,0,0,0,0,0,0,0,0,0,0,0,0,0,0,0,0,0,0,0,0,0,0,0,0,0,0,0,0,0,0,0,0,0,0,0,0,0,0,0,
hello,6_30,11_17_41,8.4857,0,1,0,8.485745,0.0000,0.0000,0.0000,0.0000,0.0000,0.0000,0,0,,,,,,,,0,0,0,0,0,0,0,0,0,0,0,0,0,0,0,0,0,0,0,0,0,0,0,0,0,0,0,0,0,0,0,0,0,0,0,0,0,0,0,0,0,0,0,0,0,0,0,0,0,0,0,
hello,6_30,11_17_41,8.4892,0,1,0,8.489211,0.0000,0.0000,0.0000,0.0000,0.0000,0.0000,0,0,,,,,,,,0,0,0,0,0,0,0,0,0,0,0,0,0,0,0,0,0,0,0,0,0,0,0,0,0,0,0,0,0,0,0,0,0,0,0,0,0,0,0,0,0,0,0,0,0,0,0,0,0,0,0,
hello,6_30,11_17_41,8.4928,0,1,0,8.492794,0.0000,0.0000,0.0000,0.0000,0.0000,0.0000,0,0,,,,,,,,0,0,0,0,0,0,0,0,0,0,0,0,0,0,0,0,0,0,0,0,0,0,0,0,0,0,0,0,0,0,0,0,0,0,0,0,0,0,0,0,0,0,0,0,0,0,0,0,0,0,0,
hello,6_30,11_17_41,8.4962,0,1,0,8.496154,0.0000,0.0000,0.0000,0.0000,0.0000,0.0000,0,0,,,,,,,,0,0,0,0,0,0,0,0,0,0,0,0,0,0,0,0,0,0,0,0,0,0,0,0,0,0,0,0,0,0,0,0,0,0,0,0,0,0,0,0,0,0,0,0,0,0,0,0,0,0,0,
hello,6_30,11_17_41,8.4995,0,1,0,8.499479,0.0000,0.0000,0.0000,0.0000,0.0000,0.0000,0,0,,,,,,,,0,0,0,0,0,0,0,0,0,0,0,0,0,0,0,0,0,0,0,0,0,0,0,0,0,0,0,0,0,0,0,0,0,0,0,0,0,0,0,0,0,0,0,0,0,0,0,0,0,0,0,
hello,6_30,11_17_41,8.5030,0,1,0,8.502998,0.0000,0.0000,0.0000,0.0000,0.0000,0.0000,0,0,,,,,,,,0,0,0,0,0,0,0,0,0,0,0,0,0,0,0,0,0,0,0,0,0,0,0,0,0,0,0,0,0,0,0,0,0,0,0,0,0,0,0,0,0,0,0,0,0,0,0,0,0,0,0,
hello,6_30,11_17_41,8.5069,0,1,0,8.506852,0.0000,0.0000,0.0000,0.0000,0.0000,0.0000,0,0,,,,,,,,0,0,0,0,0,0,0,0,0,0,0,0,0,0,0,0,0,0,0,0,0,0,0,0,0,0,0,0,0,0,0,0,0,0,0,0,0,0,0,0,0,0,0,0,0,0,0,0,0,0,0,
hello,6_30,11_17_41,8.5102,0,1,0,8.510155,0.0000,0.0000,0.0000,0.0000,0.0000,0.0000,0,0,,,,,,,,0,0,0,0,0,0,0,0,0,0,0,0,0,0,0,0,0,0,0,0,0,0,0,0,0,0,0,0,0,0,0,0,0,0,0,0,0,0,0,0,0,0,0,0,0,0,0,0,0,0,0,
hello,6_30,11_17_41,8.5135,0,1,0,8.513523,0.0000,0.0000,0.0000,0.0000,0.0000,0.0000,0,0,,,,,,,,0,0,0,0,0,0,0,0,0,0,0,0,0,0,0,0,0,0,0,0,0,0,0,0,0,0,0,0,0,0,0,0,0,0,0,0,0,0,0,0,0,0,0,0,0,0,0,0,0,0,0,
hello,6_30,11_17_41,8.5169,0,1,0,8.516925,0.0000,0.0000,0.0000,0.0000,0.0000,0.0000,0,0,,,,,,,,0,0,0,0,0,0,0,0,0,0,0,0,0,0,0,0,0,0,0,0,0,0,0,0,0,0,0,0,0,0,0,0,0,0,0,0,0,0,0,0,0,0,0,0,0,0,0,0,0,0,0,
hello,6_30,11_17_41,8.5202,0,1,0,8.520198,0.0000,0.0000,0.0000,0.0000,0.0000,0.0000,0,0,,,,,,,,0,0,0,0,0,0,0,0,0,0,0,0,0,0,0,0,0,0,0,0,0,0,0,0,0,0,0,0,0,0,0,0,0,0,0,0,0,0,0,0,0,0,0,0,0,0,0,0,0,0,0,
hello,6_30,11_17_41,8.5237,0,1,0,8.523739,0.0000,0.0000,0.0000,0.0000,0.0000,0.0000,0,0,,,,,,,,0,0,0,0,0,0,0,0,0,0,0,0,0,0,0,0,0,0,0,0,0,0,0,0,0,0,0,0,0,0,0,0,0,0,0,0,0,0,0,0,0,0,0,0,0,0,0,0,0,0,0,
hello,6_30,11_17_41,8.5274,0,1,0,8.527382,0.0000,0.0000,0.0000,0.0000,0.0000,0.0000,0,0,,,,,,,,0,0,0,0,0,0,0,0,0,0,0,0,0,0,0,0,0,0,0,0,0,0,0,0,0,0,0,0,0,0,0,0,0,0,0,0,0,0,0,0,0,0,0,0,0,0,0,0,0,0,0,
hello,6_30,11_17_41,8.5307,0,1,0,8.530656,0.0000,0.0000,0.0000,0.0000,0.0000,0.0000,0,0,,,,,,,,0,0,0,0,0,0,0,0,0,0,0,0,0,0,0,0,0,0,0,0,0,0,0,0,0,0,0,0,0,0,0,0,0,0,0,0,0,0,0,0,0,0,0,0,0,0,0,0,0,0,0,
hello,6_30,11_17_41,8.5340,0,1,0,8.533999,0.0000,0.0000,0.0000,0.0000,0.0000,0.0000,0,0,,,,,,,,0,0,0,0,0,0,0,0,0,0,0,0,0,0,0,0,0,0,0,0,0,0,0,0,0,0,0,0,0,0,0,0,0,0,0,0,0,0,0,0,0,0,0,0,0,0,0,0,0,0,0,
hello,6_30,11_17_41,8.5380,0,1,0,8.537972,0.0000,0.0000,0.0000,0.0000,0.0000,0.0000,0,0,,,,,,,,0,0,0,0,0,0,0,0,0,0,0,0,0,0,0,0,0,0,0,0,0,0,0,0,0,0,0,0,0,0,0,0,0,0,0,0,0,0,0,0,0,0,0,0,0,0,0,0,0,0,0,
hello,6_30,11_17_41,8.5414,0,1,0,8.54143,0.0000,0.0000,0.0000,0.0000,0.0000,0.0000,0,0,,,,,,,,0,0,0,0,0,0,0,0,0,0,0,0,0,0,0,0,0,0,0,0,0,0,0,0,0,0,0,0,0,0,0,0,0,0,0,0,0,0,0,0,0,0,0,0,0,0,0,0,0,0,0,
hello,6_30,11_17_41,8.5450,0,1,0,8.545014,0.0000,0.0000,0.0000,0.0000,0.0000,0.0000,0,0,,,,,,,,0,0,0,0,0,0,0,0,0,0,0,0,0,0,0,0,0,0,0,0,0,0,0,0,0,0,0,0,0,0,0,0,0,0,0,0,0,0,0,0,0,0,0,0,0,0,0,0,0,0,0,
hello,6_30,11_17_41,8.5484,0,1,0,8.548376,0.0000,0.0000,0.0000,0.0000,0.0000,0.0000,0,0,,,,,,,,0,0,0,0,0,0,0,0,0,0,0,0,0,0,0,0,0,0,0,0,0,0,0,0,0,0,0,0,0,0,0,0,0,0,0,0,0,0,0,0,0,0,0,0,0,0,0,0,0,0,0,
hello,6_30,11_17_41,8.5518,0,1,0,8.551806,0.0000,0.0000,0.0000,0.0000,0.0000,0.0000,0,0,,,,,,,,0,0,0,0,0,0,0,0,0,0,0,0,0,0,0,0,0,0,0,0,0,0,0,0,0,0,0,0,0,0,0,0,0,0,0,0,0,0,0,0,0,0,0,0,0,0,0,0,0,0,0,
hello,6_30,11_17_41,8.5552,0,1,0,8.555169,0.0000,0.0000,0.0000,0.0000,0.0000,0.0000,0,0,,,,,,,,0,0,0,0,0,0,0,0,0,0,0,0,0,0,0,0,0,0,0,0,0,0,0,0,0,0,0,0,0,0,0,0,0,0,0,0,0,0,0,0,0,0,0,0,0,0,0,0,0,0,0,
hello,6_30,11_17_41,8.5585,0,1,0,8.558491,0.0000,0.0000,0.0000,0.0000,0.0000,0.0000,0,0,,,,,,,,0,0,0,0,0,0,0,0,0,0,0,0,0,0,0,0,0,0,0,0,0,0,0,0,0,0,0,0,0,0,0,0,0,0,0,0,0,0,0,0,0,0,0,0,0,0,0,0,0,0,0,
hello,6_30,11_17_41,8.5618,0,1,0,8.561791,0.0000,0.0000,0.0000,0.0000,0.0000,0.0000,0,0,,,,,,,,0,0,0,0,0,0,0,0,0,0,0,0,0,0,0,0,0,0,0,0,0,0,0,0,0,0,0,0,0,0,0,0,0,0,0,0,0,0,0,0,0,0,0,0,0,0,0,0,0,0,0,
hello,6_30,11_17_41,8.5655,0,1,0,8.565485,0.0000,0.0000,0.0000,0.0000,0.0000,0.0000,0,0,,,,,,,,0,0,0,0,0,0,0,0,0,0,0,0,0,0,0,0,0,0,0,0,0,0,0,0,0,0,0,0,0,0,0,0,0,0,0,0,0,0,0,0,0,0,0,0,0,0,0,0,0,0,0,
hello,6_30,11_17_41,8.5691,0,1,0,8.569069,0.0000,0.0000,0.0000,0.0000,0.0000,0.0000,0,0,,,,,,,,0,0,0,0,0,0,0,0,0,0,0,0,0,0,0,0,0,0,0,0,0,0,0,0,0,0,0,0,0,0,0,0,0,0,0,0,0,0,0,0,0,0,0,0,0,0,0,0,0,0,0,
hello,6_30,11_17_41,8.5727,0,1,0,8.572662,0.0000,0.0000,0.0000,0.0000,0.0000,0.0000,0,0,,,,,,,,0,0,0,0,0,0,0,0,0,0,0,0,0,0,0,0,0,0,0,0,0,0,0,0,0,0,0,0,0,0,0,0,0,0,0,0,0,0,0,0,0,0,0,0,0,0,0,0,0,0,0,
hello,6_30,11_17_41,8.5762,0,1,0,8.576247,0.0000,0.0000,0.0000,0.0000,0.0000,0.0000,0,0,,,,,,,,0,0,0,0,0,0,0,0,0,0,0,0,0,0,0,0,0,0,0,0,0,0,0,0,0,0,0,0,0,0,0,0,0,0,0,0,0,0,0,0,0,0,0,0,0,0,0,0,0,0,0,
hello,6_30,11_17_41,8.5797,0,1,0,8.579661,0.0000,0.0000,0.0000,0.0000,0.0000,0.0000,0,0,,,,,,,,0,0,0,0,0,0,0,0,0,0,0,0,0,0,0,0,0,0,0,0,0,0,0,0,0,0,0,0,0,0,0,0,0,0,0,0,0,0,0,0,0,0,0,0,0,0,0,0,0,0,0,
hello,6_30,11_17_41,8.5830,0,1,0,8.582999,0.0000,0.0000,0.0000,0.0000,0.0000,0.0000,0,0,,,,,,,,0,0,0,0,0,0,0,0,0,0,0,0,0,0,0,0,0,0,0,0,0,0,0,0,0,0,0,0,0,0,0,0,0,0,0,0,0,0,0,0,0,0,0,0,0,0,0,0,0,0,0,
hello,6_30,11_17_41,8.5865,0,1,0,8.586523,0.0000,0.0000,0.0000,0.0000,0.0000,0.0000,0,0,,,,,,,,0,0,0,0,0,0,0,0,0,0,0,0,0,0,0,0,0,0,0,0,0,0,0,0,0,0,0,0,0,0,0,0,0,0,0,0,0,0,0,0,0,0,0,0,0,0,0,0,0,0,0,
hello,6_30,11_17_41,8.5899,0,1,0,8.589864,0.0000,0.0000,0.0000,0.0000,0.0000,0.0000,0,0,,,,,,,,0,0,0,0,0,0,0,0,0,0,0,0,0,0,0,0,0,0,0,0,0,0,0,0,0,0,0,0,0,0,0,0,0,0,0,0,0,0,0,0,0,0,0,0,0,0,0,0,0,0,0,
hello,6_30,11_17_41,8.6053,0,1,0,8.605343,0.0000,0.0000,0.0000,0.0000,0.0000,0.0000,0,0,,,,,,,,0,0,0,0,0,0,0,0,0,0,0,0,0,0,0,0,0,0,0,0,0,0,0,0,0,0,0,0,0,0,0,0,0,0,0,0,0,0,0,0,0,0,0,0,0,0,0,0,0,0,0,
hello,6_30,11_17_41,8.6088,0,1,0,8.608835,0.0000,0.0000,0.0000,0.0000,0.0000,0.0000,0,0,,,,,,,,0,0,0,0,0,0,0,0,0,0,0,0,0,0,0,0,0,0,0,0,0,0,0,0,0,0,0,0,0,0,0,0,0,0,0,0,0,0,0,0,0,0,0,0,0,0,0,0,0,0,0,
hello,6_30,11_17_41,8.6122,0,1,0,8.61215,0.0000,0.0000,0.0000,0.0000,0.0000,0.0000,0,0,,,,,,,,0,0,0,0,0,0,0,0,0,0,0,0,0,0,0,0,0,0,0,0,0,0,0,0,0,0,0,0,0,0,0,0,0,0,0,0,0,0,0,0,0,0,0,0,0,0,0,0,0,0,0,
hello,6_30,11_17_41,8.6155,0,1,0,8.615477,0.0000,0.0000,0.0000,0.0000,0.0000,0.0000,0,0,,,,,,,,0,0,0,0,0,0,0,0,0,0,0,0,0,0,0,0,0,0,0,0,0,0,0,0,0,0,0,0,0,0,0,0,0,0,0,0,0,0,0,0,0,0,0,0,0,0,0,0,0,0,0,
hello,6_30,11_17_41,8.6193,0,1,0,8.619266,0.0000,0.0000,0.0000,0.0000,0.0000,0.0000,0,0,,,,,,,,0,0,0,0,0,0,0,0,0,0,0,0,0,0,0,0,0,0,0,0,0,0,0,0,0,0,0,0,0,0,0,0,0,0,0,0,0,0,0,0,0,0,0,0,0,0,0,0,0,0,0,
hello,6_30,11_17_41,8.6227,0,1,0,8.622665,0.0000,0.0000,0.0000,0.0000,0.0000,0.0000,0,0,,,,,,,,0,0,0,0,0,0,0,0,0,0,0,0,0,0,0,0,0,0,0,0,0,0,0,0,0,0,0,0,0,0,0,0,0,0,0,0,0,0,0,0,0,0,0,0,0,0,0,0,0,0,0,
hello,6_30,11_17_41,8.6263,0,1,0,8.626339,0.0000,0.0000,0.0000,0.0000,0.0000,0.0000,0,0,,,,,,,,0,0,0,0,0,0,0,0,0,0,0,0,0,0,0,0,0,0,0,0,0,0,0,0,0,0,0,0,0,0,0,0,0,0,0,0,0,0,0,0,0,0,0,0,0,0,0,0,0,0,0,
hello,6_30,11_17_41,8.6298,0,1,0,8.629756,0.0000,0.0000,0.0000,0.0000,0.0000,0.0000,0,0,,,,,,,,0,0,0,0,0,0,0,0,0,0,0,0,0,0,0,0,0,0,0,0,0,0,0,0,0,0,0,0,0,0,0,0,0,0,0,0,0,0,0,0,0,0,0,0,0,0,0,0,0,0,0,
hello,6_30,11_17_41,8.6331,0,1,0,8.633115,0.0000,0.0000,0.0000,0.0000,0.0000,0.0000,0,0,,,,,,,,0,0,0,0,0,0,0,0,0,0,0,0,0,0,0,0,0,0,0,0,0,0,0,0,0,0,0,0,0,0,0,0,0,0,0,0,0,0,0,0,0,0,0,0,0,0,0,0,0,0,0,
hello,6_30,11_17_41,8.6367,0,1,0,8.636683,0.0000,0.0000,0.0000,0.0000,0.0000,0.0000,0,0,,,,,,,,0,0,0,0,0,0,0,0,0,0,0,0,0,0,0,0,0,0,0,0,0,0,0,0,0,0,0,0,0,0,0,0,0,0,0,0,0,0,0,0,0,0,0,0,0,0,0,0,0,0,0,
hello,6_30,11_17_41,8.6401,0,1,0,8.640115,0.0000,0.0000,0.0000,0.0000,0.0000,0.0000,0,0,,,,,,,,0,0,0,0,0,0,0,0,0,0,0,0,0,0,0,0,0,0,0,0,0,0,0,0,0,0,0,0,0,0,0,0,0,0,0,0,0,0,0,0,0,0,0,0,0,0,0,0,0,0,0,
hello,6_30,11_17_41,8.6438,0,1,0,8.643777,0.0000,0.0000,0.0000,0.0000,0.0000,0.0000,0,0,,,,,,,,0,0,0,0,0,0,0,0,0,0,0,0,0,0,0,0,0,0,0,0,0,0,0,0,0,0,0,0,0,0,0,0,0,0,0,0,0,0,0,0,0,0,0,0,0,0,0,0,0,0,0,
hello,6_30,11_17_41,8.6473,0,1,0,8.647319,0.0000,0.0000,0.0000,0.0000,0.0000,0.0000,0,0,,,,,,,,0,0,0,0,0,0,0,0,0,0,0,0,0,0,0,0,0,0,0,0,0,0,0,0,0,0,0,0,0,0,0,0,0,0,0,0,0,0,0,0,0,0,0,0,0,0,0,0,0,0,0,
hello,6_30,11_17_41,8.6508,0,1,0,8.650784,0.0000,0.0000,0.0000,0.0000,0.0000,0.0000,0,0,,,,,,,,0,0,0,0,0,0,0,0,0,0,0,0,0,0,0,0,0,0,0,0,0,0,0,0,0,0,0,0,0,0,0,0,0,0,0,0,0,0,0,0,0,0,0,0,0,0,0,0,0,0,0,
hello,6_30,11_17_41,8.6541,0,1,0,8.654124,0.0000,0.0000,0.0000,0.0000,0.0000,0.0000,0,0,,,,,,,,0,0,0,0,0,0,0,0,0,0,0,0,0,0,0,0,0,0,0,0,0,0,0,0,0,0,0,0,0,0,0,0,0,0,0,0,0,0,0,0,0,0,0,0,0,0,0,0,0,0,0,
hello,6_30,11_17_41,8.6576,0,1,0,8.657563,0.0000,0.0000,0.0000,0.0000,0.0000,0.0000,0,0,,,,,,,,0,0,0,0,0,0,0,0,0,0,0,0,0,0,0,0,0,0,0,0,0,0,0,0,0,0,0,0,0,0,0,0,0,0,0,0,0,0,0,0,0,0,0,0,0,0,0,0,0,0,0,
hello,6_30,11_17_41,8.6611,0,1,0,8.661091,0.0000,0.0000,0.0000,0.0000,0.0000,0.0000,0,0,,,,,,,,0,0,0,0,0,0,0,0,0,0,0,0,0,0,0,0,0,0,0,0,0,0,0,0,0,0,0,0,0,0,0,0,0,0,0,0,0,0,0,0,0,0,0,0,0,0,0,0,0,0,0,
hello,6_30,11_17_41,8.6652,0,1,0,8.66517,0.0000,0.0000,0.0000,0.0000,0.0000,0.0000,0,0,,,,,,,,0,0,0,0,0,0,0,0,0,0,0,0,0,0,0,0,0,0,0,0,0,0,0,0,0,0,0,0,0,0,0,0,0,0,0,0,0,0,0,0,0,0,0,0,0,0,0,0,0,0,0,
hello,6_30,11_17_41,8.6686,0,1,0,8.668648,0.0000,0.0000,0.0000,0.0000,0.0000,0.0000,0,0,,,,,,,,0,0,0,0,0,0,0,0,0,0,0,0,0,0,0,0,0,0,0,0,0,0,0,0,0,0,0,0,0,0,0,0,0,0,0,0,0,0,0,0,0,0,0,0,0,0,0,0,0,0,0,
hello,6_30,11_17_41,8.6720,0,1,0,8.671962,0.0000,0.0000,0.0000,0.0000,0.0000,0.0000,0,0,,,,,,,,0,0,0,0,0,0,0,0,0,0,0,0,0,0,0,0,0,0,0,0,0,0,0,0,0,0,0,0,0,0,0,0,0,0,0,0,0,0,0,0,0,0,0,0,0,0,0,0,0,0,0,
hello,6_30,11_17_41,8.6752,0,1,0,8.675247,0.0000,0.0000,0.0000,0.0000,0.0000,0.0000,0,0,,,,,,,,0,0,0,0,0,0,0,0,0,0,0,0,0,0,0,0,0,0,0,0,0,0,0,0,0,0,0,0,0,0,0,0,0,0,0,0,0,0,0,0,0,0,0,0,0,0,0,0,0,0,0,
hello,6_30,11_17_41,8.6786,0,1,0,8.678578,0.0000,0.0000,0.0000,0.0000,0.0000,0.0000,0,0,,,,,,,,0,0,0,0,0,0,0,0,0,0,0,0,0,0,0,0,0,0,0,0,0,0,0,0,0,0,0,0,0,0,0,0,0,0,0,0,0,0,0,0,0,0,0,0,0,0,0,0,0,0,0,
hello,6_30,11_17_41,8.6819,0,1,0,8.681906,0.0000,0.0000,0.0000,0.0000,0.0000,0.0000,0,0,,,,,,,,0,0,0,0,0,0,0,0,0,0,0,0,0,0,0,0,0,0,0,0,0,0,0,0,0,0,0,0,0,0,0,0,0,0,0,0,0,0,0,0,0,0,0,0,0,0,0,0,0,0,0,
hello,6_30,11_17_41,8.6855,0,1,0,8.685466,0.0000,0.0000,0.0000,0.0000,0.0000,0.0000,0,0,,,,,,,,0,0,0,0,0,0,0,0,0,0,0,0,0,0,0,0,0,0,0,0,0,0,0,0,0,0,0,0,0,0,0,0,0,0,0,0,0,0,0,0,0,0,0,0,0,0,0,0,0,0,0,
hello,6_30,11_17_41,8.6888,0,1,0,8.68883,0.0000,0.0000,0.0000,0.0000,0.0000,0.0000,0,0,,,,,,,,0,0,0,0,0,0,0,0,0,0,0,0,0,0,0,0,0,0,0,0,0,0,0,0,0,0,0,0,0,0,0,0,0,0,0,0,0,0,0,0,0,0,0,0,0,0,0,0,0,0,0,
hello,6_30,11_17_41,8.6923,0,1,0,8.692286,0.0000,0.0000,0.0000,0.0000,0.0000,0.0000,0,0,,,,,,,,0,0,0,0,0,0,0,0,0,0,0,0,0,0,0,0,0,0,0,0,0,0,0,0,0,0,0,0,0,0,0,0,0,0,0,0,0,0,0,0,0,0,0,0,0,0,0,0,0,0,0,
hello,6_30,11_17_41,8.6963,0,1,0,8.696324,0.0000,0.0000,0.0000,0.0000,0.0000,0.0000,0,0,,,,,,,,0,0,0,0,0,0,0,0,0,0,0,0,0,0,0,0,0,0,0,0,0,0,0,0,0,0,0,0,0,0,0,0,0,0,0,0,0,0,0,0,0,0,0,0,0,0,0,0,0,0,0,
hello,6_30,11_17_41,8.6998,0,1,0,8.699812,0.0000,0.0000,0.0000,0.0000,0.0000,0.0000,0,0,,,,,,,,0,0,0,0,0,0,0,0,0,0,0,0,0,0,0,0,0,0,0,0,0,0,0,0,0,0,0,0,0,0,0,0,0,0,0,0,0,0,0,0,0,0,0,0,0,0,0,0,0,0,0,
hello,6_30,11_17_41,8.7032,0,1,0,8.703156,0.0000,0.0000,0.0000,0.0000,0.0000,0.0000,0,0,,,,,,,,0,0,0,0,0,0,0,0,0,0,0,0,0,0,0,0,0,0,0,0,0,0,0,0,0,0,0,0,0,0,0,0,0,0,0,0,0,0,0,0,0,0,0,0,0,0,0,0,0,0,0,
hello,6_30,11_17_41,8.7067,0,1,0,8.706725,0.0000,0.0000,0.0000,0.0000,0.0000,0.0000,0,0,,,,,,,,0,0,0,0,0,0,0,0,0,0,0,0,0,0,0,0,0,0,0,0,0,0,0,0,0,0,0,0,0,0,0,0,0,0,0,0,0,0,0,0,0,0,0,0,0,0,0,0,0,0,0,
hello,6_30,11_17_41,8.7101,0,1,0,8.710086,0.0000,0.0000,0.0000,0.0000,0.0000,0.0000,0,0,,,,,,,,0,0,0,0,0,0,0,0,0,0,0,0,0,0,0,0,0,0,0,0,0,0,0,0,0,0,0,0,0,0,0,0,0,0,0,0,0,0,0,0,0,0,0,0,0,0,0,0,0,0,0,
hello,6_30,11_17_41,8.7134,0,1,0,8.713399,0.0000,0.0000,0.0000,0.0000,0.0000,0.0000,0,0,,,,,,,,0,0,0,0,0,0,0,0,0,0,0,0,0,0,0,0,0,0,0,0,0,0,0,0,0,0,0,0,0,0,0,0,0,0,0,0,0,0,0,0,0,0,0,0,0,0,0,0,0,0,0,
hello,6_30,11_17_41,8.7176,0,1,0,8.717558,0.0000,0.0000,0.0000,0.0000,0.0000,0.0000,0,0,,,,,,,,0,0,0,0,0,0,0,0,0,0,0,0,0,0,0,0,0,0,0,0,0,0,0,0,0,0,0,0,0,0,0,0,0,0,0,0,0,0,0,0,0,0,0,0,0,0,0,0,0,0,0,
hello,6_30,11_17_41,8.7227,0,1,0,8.722743,0.0000,0.0000,0.0000,0.0000,0.0000,0.0000,0,0,,,,,,,,0,0,0,0,0,0,0,0,0,0,0,0,0,0,0,0,0,0,0,0,0,0,0,0,0,0,0,0,0,0,0,0,0,0,0,0,0,0,0,0,0,0,0,0,0,0,0,0,0,0,0,
hello,6_30,11_17_41,8.7267,0,1,0,8.72672,0.0000,0.0000,0.0000,0.0000,0.0000,0.0000,0,0,,,,,,,,0,0,0,0,0,0,0,0,0,0,0,0,0,0,0,0,0,0,0,0,0,0,0,0,0,0,0,0,0,0,0,0,0,0,0,0,0,0,0,0,0,0,0,0,0,0,0,0,0,0,0,
hello,6_30,11_17_41,8.7308,0,1,0,8.730823,0.0000,0.0000,0.0000,0.0000,0.0000,0.0000,0,0,,,,,,,,0,0,0,0,0,0,0,0,0,0,0,0,0,0,0,0,0,0,0,0,0,0,0,0,0,0,0,0,0,0,0,0,0,0,0,0,0,0,0,0,0,0,0,0,0,0,0,0,0,0,0,
hello,6_30,11_17_41,8.7347,0,1,0,8.734671,0.0000,0.0000,0.0000,0.0000,0.0000,0.0000,0,0,,,,,,,,0,0,0,0,0,0,0,0,0,0,0,0,0,0,0,0,0,0,0,0,0,0,0,0,0,0,0,0,0,0,0,0,0,0,0,0,0,0,0,0,0,0,0,0,0,0,0,0,0,0,0,
hello,6_30,11_17_41,8.7383,0,1,0,8.73828,0.0000,0.0000,0.0000,0.0000,0.0000,0.0000,0,0,,,,,,,,0,0,0,0,0,0,0,0,0,0,0,0,0,0,0,0,0,0,0,0,0,0,0,0,0,0,0,0,0,0,0,0,0,0,0,0,0,0,0,0,0,0,0,0,0,0,0,0,0,0,0,
hello,6_30,11_17_41,8.7421,0,1,0,8.74205,0.0000,0.0000,0.0000,0.0000,0.0000,0.0000,0,0,,,,,,,,0,0,0,0,0,0,0,0,0,0,0,0,0,0,0,0,0,0,0,0,0,0,0,0,0,0,0,0,0,0,0,0,0,0,0,0,0,0,0,0,0,0,0,0,0,0,0,0,0,0,0,
hello,6_30,11_17_41,8.7458,0,1,0,8.745791,0.0000,0.0000,0.0000,0.0000,0.0000,0.0000,0,0,,,,,,,,0,0,0,0,0,0,0,0,0,0,0,0,0,0,0,0,0,0,0,0,0,0,0,0,0,0,0,0,0,0,0,0,0,0,0,0,0,0,0,0,0,0,0,0,0,0,0,0,0,0,0,
hello,6_30,11_17_41,8.7494,0,1,0,8.749424,0.0000,0.0000,0.0000,0.0000,0.0000,0.0000,0,0,,,,,,,,0,0,0,0,0,0,0,0,0,0,0,0,0,0,0,0,0,0,0,0,0,0,0,0,0,0,0,0,0,0,0,0,0,0,0,0,0,0,0,0,0,0,0,0,0,0,0,0,0,0,0,
hello,6_30,11_17_41,8.7531,0,1,0,8.753104,0.0000,0.0000,0.0000,0.0000,0.0000,0.0000,0,0,,,,,,,,0,0,0,0,0,0,0,0,0,0,0,0,0,0,0,0,0,0,0,0,0,0,0,0,0,0,0,0,0,0,0,0,0,0,0,0,0,0,0,0,0,0,0,0,0,0,0,0,0,0,0,
hello,6_30,11_17_42,8.7570,0,1,0,8.756953,0.0000,0.0000,0.0000,0.0000,0.0000,0.0000,0,0,,,,,,,,0,0,0,0,0,0,0,0,0,0,0,0,0,0,0,0,0,0,0,0,0,0,0,0,0,0,0,0,0,0,0,0,0,0,0,0,0,0,0,0,0,0,0,0,0,0,0,0,0,0,0,
hello,6_30,11_17_42,8.7612,0,1,0,8.761188,0.0000,0.0000,0.0000,0.0000,0.0000,0.0000,0,0,,,,,,,,0,0,0,0,0,0,0,0,0,0,0,0,0,0,0,0,0,0,0,0,0,0,0,0,0,0,0,0,0,0,0,0,0,0,0,0,0,0,0,0,0,0,0,0,0,0,0,0,0,0,0,
hello,6_30,11_17_42,8.7652,0,1,0,8.765244,0.0000,0.0000,0.0000,0.0000,0.0000,0.0000,0,0,,,,,,,,0,0,0,0,0,0,0,0,0,0,0,0,0,0,0,0,0,0,0,0,0,0,0,0,0,0,0,0,0,0,0,0,0,0,0,0,0,0,0,0,0,0,0,0,0,0,0,0,0,0,0,
hello,6_30,11_17_42,8.7703,0,1,0,8.770276,0.0000,0.0000,0.0000,0.0000,0.0000,0.0000,0,0,,,,,,,,0,0,0,0,0,0,0,0,0,0,0,0,0,0,0,0,0,0,0,0,0,0,0,0,0,0,0,0,0,0,0,0,0,0,0,0,0,0,0,0,0,0,0,0,0,0,0,0,0,0,0,
hello,6_30,11_17_42,8.7741,0,1,0,8.774093,0.0000,0.0000,0.0000,0.0000,0.0000,0.0000,0,0,,,,,,,,0,0,0,0,0,0,0,0,0,0,0,0,0,0,0,0,0,0,0,0,0,0,0,0,0,0,0,0,0,0,0,0,0,0,0,0,0,0,0,0,0,0,0,0,0,0,0,0,0,0,0,
hello,6_30,11_17_42,8.7782,0,1,0,8.77824,0.0000,0.0000,0.0000,0.0000,0.0000,0.0000,0,0,,,,,,,,0,0,0,0,0,0,0,0,0,0,0,0,0,0,0,0,0,0,0,0,0,0,0,0,0,0,0,0,0,0,0,0,0,0,0,0,0,0,0,0,0,0,0,0,0,0,0,0,0,0,0,
hello,6_30,11_17_42,8.7821,0,1,0,8.782134,0.0000,0.0000,0.0000,0.0000,0.0000,0.0000,0,0,,,,,,,,0,0,0,0,0,0,0,0,0,0,0,0,0,0,0,0,0,0,0,0,0,0,0,0,0,0,0,0,0,0,0,0,0,0,0,0,0,0,0,0,0,0,0,0,0,0,0,0,0,0,0,
hello,6_30,11_17_42,8.7861,0,1,0,8.786095,0.0000,0.0000,0.0000,0.0000,0.0000,0.0000,0,0,,,,,,,,0,0,0,0,0,0,0,0,0,0,0,0,0,0,0,0,0,0,0,0,0,0,0,0,0,0,0,0,0,0,0,0,0,0,0,0,0,0,0,0,0,0,0,0,0,0,0,0,0,0,0,
hello,6_30,11_17_42,8.7898,0,1,0,8.789843,0.0000,0.0000,0.0000,0.0000,0.0000,0.0000,0,0,,,,,,,,0,0,0,0,0,0,0,0,0,0,0,0,0,0,0,0,0,0,0,0,0,0,0,0,0,0,0,0,0,0,0,0,0,0,0,0,0,0,0,0,0,0,0,0,0,0,0,0,0,0,0,
hello,6_30,11_17_42,8.7936,0,1,0,8.793574,0.0000,0.0000,0.0000,0.0000,0.0000,0.0000,0,0,,,,,,,,0,0,0,0,0,0,0,0,0,0,0,0,0,0,0,0,0,0,0,0,0,0,0,0,0,0,0,0,0,0,0,0,0,0,0,0,0,0,0,0,0,0,0,0,0,0,0,0,0,0,0,
hello,6_30,11_17_42,8.8114,0,1,0,8.811351,0.0000,0.0000,0.0000,0.0000,0.0000,0.0000,0,0,,,,,,,,0,0,0,0,0,0,0,0,0,0,0,0,0,0,0,0,0,0,0,0,0,0,0,0,0,0,0,0,0,0,0,0,0,0,0,0,0,0,0,0,0,0,0,0,0,0,0,0,0,0,0,
hello,6_30,11_17_42,8.8156,0,1,0,8.815561,0.0000,0.0000,0.0000,0.0000,0.0000,0.0000,0,0,,,,,,,,0,0,0,0,0,0,0,0,0,0,0,0,0,0,0,0,0,0,0,0,0,0,0,0,0,0,0,0,0,0,0,0,0,0,0,0,0,0,0,0,0,0,0,0,0,0,0,0,0,0,0,
hello,6_30,11_17_42,8.8193,0,1,0,8.819251,0.0000,0.0000,0.0000,0.0000,0.0000,0.0000,0,0,,,,,,,,0,0,0,0,0,0,0,0,0,0,0,0,0,0,0,0,0,0,0,0,0,0,0,0,0,0,0,0,0,0,0,0,0,0,0,0,0,0,0,0,0,0,0,0,0,0,0,0,0,0,0,
hello,6_30,11_17_42,8.8227,0,1,0,8.822705,0.0000,0.0000,0.0000,0.0000,0.0000,0.0000,0,0,,,,,,,,0,0,0,0,0,0,0,0,0,0,0,0,0,0,0,0,0,0,0,0,0,0,0,0,0,0,0,0,0,0,0,0,0,0,0,0,0,0,0,0,0,0,0,0,0,0,0,0,0,0,0,
hello,6_30,11_17_42,8.8266,0,1,0,8.826582,0.0000,0.0000,0.0000,0.0000,0.0000,0.0000,0,0,,,,,,,,0,0,0,0,0,0,0,0,0,0,0,0,0,0,0,0,0,0,0,0,0,0,0,0,0,0,0,0,0,0,0,0,0,0,0,0,0,0,0,0,0,0,0,0,0,0,0,0,0,0,0,
hello,6_30,11_17_42,8.8301,0,1,0,8.83005,0.0000,0.0000,0.0000,0.0000,0.0000,0.0000,0,0,,,,,,,,0,0,0,0,0,0,0,0,0,0,0,0,0,0,0,0,0,0,0,0,0,0,0,0,0,0,0,0,0,0,0,0,0,0,0,0,0,0,0,0,0,0,0,0,0,0,0,0,0,0,0,
hello,6_30,11_17_42,8.8340,0,1,0,8.833981,0.0000,0.0000,0.0000,0.0000,0.0000,0.0000,0,0,,,,,,,,0,0,0,0,0,0,0,0,0,0,0,0,0,0,0,0,0,0,0,0,0,0,0,0,0,0,0,0,0,0,0,0,0,0,0,0,0,0,0,0,0,0,0,0,0,0,0,0,0,0,0,
hello,6_30,11_17_42,8.8375,0,1,0,8.837504,0.0000,0.0000,0.0000,0.0000,0.0000,0.0000,0,0,,,,,,,,0,0,0,0,0,0,0,0,0,0,0,0,0,0,0,0,0,0,0,0,0,0,0,0,0,0,0,0,0,0,0,0,0,0,0,0,0,0,0,0,0,0,0,0,0,0,0,0,0,0,0,
hello,6_30,11_17_42,8.8413,0,1,0,8.841343,0.0000,0.0000,0.0000,0.0000,0.0000,0.0000,0,0,,,,,,,,0,0,0,0,0,0,0,0,0,0,0,0,0,0,0,0,0,0,0,0,0,0,0,0,0,0,0,0,0,0,0,0,0,0,0,0,0,0,0,0,0,0,0,0,0,0,0,0,0,0,0,
hello,6_30,11_17_42,8.8453,0,1,0,8.84526,0.0000,0.0000,0.0000,0.0000,0.0000,0.0000,0,0,,,,,,,,0,0,0,0,0,0,0,0,0,0,0,0,0,0,0,0,0,0,0,0,0,0,0,0,0,0,0,0,0,0,0,0,0,0,0,0,0,0,0,0,0,0,0,0,0,0,0,0,0,0,0,
hello,6_30,11_17_42,8.8491,0,1,0,8.849058,0.0000,0.0000,0.0000,0.0000,0.0000,0.0000,0,0,,,,,,,,0,0,0,0,0,0,0,0,0,0,0,0,0,0,0,0,0,0,0,0,0,0,0,0,0,0,0,0,0,0,0,0,0,0,0,0,0,0,0,0,0,0,0,0,0,0,0,0,0,0,0,
hello,6_30,11_17_42,8.8523,0,1,0,8.852335,0.0000,0.0000,0.0000,0.0000,0.0000,0.0000,0,0,,,,,,,,0,0,0,0,0,0,0,0,0,0,0,0,0,0,0,0,0,0,0,0,0,0,0,0,0,0,0,0,0,0,0,0,0,0,0,0,0,0,0,0,0,0,0,0,0,0,0,0,0,0,0,
hello,6_30,11_17_42,8.8558,0,1,0,8.855827,0.0000,0.0000,0.0000,0.0000,0.0000,0.0000,0,0,,,,,,,,0,0,0,0,0,0,0,0,0,0,0,0,0,0,0,0,0,0,0,0,0,0,0,0,0,0,0,0,0,0,0,0,0,0,0,0,0,0,0,0,0,0,0,0,0,0,0,0,0,0,0,
hello,6_30,11_17_42,8.8596,0,1,0,8.859596,0.0000,0.0000,0.0000,0.0000,0.0000,0.0000,0,0,,,,,,,,0,0,0,0,0,0,0,0,0,0,0,0,0,0,0,0,0,0,0,0,0,0,0,0,0,0,0,0,0,0,0,0,0,0,0,0,0,0,0,0,0,0,0,0,0,0,0,0,0,0,0,
hello,6_30,11_17_42,8.8629,0,1,0,8.862947,0.0000,0.0000,0.0000,0.0000,0.0000,0.0000,0,0,,,,,,,,0,0,0,0,0,0,0,0,0,0,0,0,0,0,0,0,0,0,0,0,0,0,0,0,0,0,0,0,0,0,0,0,0,0,0,0,0,0,0,0,0,0,0,0,0,0,0,0,0,0,0,
hello,6_30,11_17_42,8.8668,0,1,0,8.866822,0.0000,0.0000,0.0000,0.0000,0.0000,0.0000,0,0,,,,,,,,0,0,0,0,0,0,0,0,0,0,0,0,0,0,0,0,0,0,0,0,0,0,0,0,0,0,0,0,0,0,0,0,0,0,0,0,0,0,0,0,0,0,0,0,0,0,0,0,0,0,0,
hello,6_30,11_17_42,8.8702,0,1,0,8.870167,0.0000,0.0000,0.0000,0.0000,0.0000,0.0000,0,0,,,,,,,,0,0,0,0,0,0,0,0,0,0,0,0,0,0,0,0,0,0,0,0,0,0,0,0,0,0,0,0,0,0,0,0,0,0,0,0,0,0,0,0,0,0,0,0,0,0,0,0,0,0,0,
hello,6_30,11_17_42,8.8811,0,1,0,8.88109,0.0000,0.0000,0.0000,0.0000,0.0000,0.0000,0,0,,,,,,,,0,0,0,0,0,0,0,0,0,0,0,0,0,0,0,0,0,0,0,0,0,0,0,0,0,0,0,0,0,0,0,0,0,0,0,0,0,0,0,0,0,0,0,0,0,0,0,0,0,0,0,
hello,6_30,11_17_42,8.8847,0,1,0,8.884745,0.0000,0.0000,0.0000,0.0000,0.0000,0.0000,0,0,,,,,,,,0,0,0,0,0,0,0,0,0,0,0,0,0,0,0,0,0,0,0,0,0,0,0,0,0,0,0,0,0,0,0,0,0,0,0,0,0,0,0,0,0,0,0,0,0,0,0,0,0,0,0,
hello,6_30,11_17_42,8.8881,0,1,0,8.888144,0.0000,0.0000,0.0000,0.0000,0.0000,0.0000,0,0,,,,,,,,0,0,0,0,0,0,0,0,0,0,0,0,0,0,0,0,0,0,0,0,0,0,0,0,0,0,0,0,0,0,0,0,0,0,0,0,0,0,0,0,0,0,0,0,0,0,0,0,0,0,0,
hello,6_30,11_17_42,8.8914,0,1,0,8.891448,0.0000,0.0000,0.0000,0.0000,0.0000,0.0000,0,0,,,,,,,,0,0,0,0,0,0,0,0,0,0,0,0,0,0,0,0,0,0,0,0,0,0,0,0,0,0,0,0,0,0,0,0,0,0,0,0,0,0,0,0,0,0,0,0,0,0,0,0,0,0,0,
hello,6_30,11_17_42,8.8947,0,1,0,8.894712,0.0000,0.0000,0.0000,0.0000,0.0000,0.0000,0,0,,,,,,,,0,0,0,0,0,0,0,0,0,0,0,0,0,0,0,0,0,0,0,0,0,0,0,0,0,0,0,0,0,0,0,0,0,0,0,0,0,0,0,0,0,0,0,0,0,0,0,0,0,0,0,
hello,6_30,11_17_42,8.8981,0,1,0,8.898056,0.0000,0.0000,0.0000,0.0000,0.0000,0.0000,0,0,,,,,,,,0,0,0,0,0,0,0,0,0,0,0,0,0,0,0,0,0,0,0,0,0,0,0,0,0,0,0,0,0,0,0,0,0,0,0,0,0,0,0,0,0,0,0,0,0,0,0,0,0,0,0,
hello,6_30,11_17_42,8.9015,0,1,0,8.901533,0.0000,0.0000,0.0000,0.0000,0.0000,0.0000,0,0,,,,,,,,0,0,0,0,0,0,0,0,0,0,0,0,0,0,0,0,0,0,0,0,0,0,0,0,0,0,0,0,0,0,0,0,0,0,0,0,0,0,0,0,0,0,0,0,0,0,0,0,0,0,0,
hello,6_30,11_17_42,8.9050,0,1,0,8.905006,0.0000,0.0000,0.0000,0.0000,0.0000,0.0000,0,0,,,,,,,,0,0,0,0,0,0,0,0,0,0,0,0,0,0,0,0,0,0,0,0,0,0,0,0,0,0,0,0,0,0,0,0,0,0,0,0,0,0,0,0,0,0,0,0,0,0,0,0,0,0,0,
hello,6_30,11_17_42,8.9084,0,1,0,8.908376,0.0000,0.0000,0.0000,0.0000,0.0000,0.0000,0,0,,,,,,,,0,0,0,0,0,0,0,0,0,0,0,0,0,0,0,0,0,0,0,0,0,0,0,0,0,0,0,0,0,0,0,0,0,0,0,0,0,0,0,0,0,0,0,0,0,0,0,0,0,0,0,
hello,6_30,11_17_42,8.9117,0,1,0,8.911744,0.0000,0.0000,0.0000,0.0000,0.0000,0.0000,0,0,,,,,,,,0,0,0,0,0,0,0,0,0,0,0,0,0,0,0,0,0,0,0,0,0,0,0,0,0,0,0,0,0,0,0,0,0,0,0,0,0,0,0,0,0,0,0,0,0,0,0,0,0,0,0,
hello,6_30,11_17_42,8.9153,0,1,0,8.915318,0.0000,0.0000,0.0000,0.0000,0.0000,0.0000,0,0,,,,,,,,0,0,0,0,0,0,0,0,0,0,0,0,0,0,0,0,0,0,0,0,0,0,0,0,0,0,0,0,0,0,0,0,0,0,0,0,0,0,0,0,0,0,0,0,0,0,0,0,0,0,0,
hello,6_30,11_17_42,8.9189,0,1,0,8.918894,0.0000,0.0000,0.0000,0.0000,0.0000,0.0000,0,0,,,,,,,,0,0,0,0,0,0,0,0,0,0,0,0,0,0,0,0,0,0,0,0,0,0,0,0,0,0,0,0,0,0,0,0,0,0,0,0,0,0,0,0,0,0,0,0,0,0,0,0,0,0,0,
hello,6_30,11_17_42,8.9225,0,1,0,8.922465,0.0000,0.0000,0.0000,0.0000,0.0000,0.0000,0,0,,,,,,,,0,0,0,0,0,0,0,0,0,0,0,0,0,0,0,0,0,0,0,0,0,0,0,0,0,0,0,0,0,0,0,0,0,0,0,0,0,0,0,0,0,0,0,0,0,0,0,0,0,0,0,
hello,6_30,11_17_42,8.9263,0,1,0,8.926255,0.0000,0.0000,0.0000,0.0000,0.0000,0.0000,0,0,,,,,,,,0,0,0,0,0,0,0,0,0,0,0,0,0,0,0,0,0,0,0,0,0,0,0,0,0,0,0,0,0,0,0,0,0,0,0,0,0,0,0,0,0,0,0,0,0,0,0,0,0,0,0,
hello,6_30,11_17_42,8.9295,0,1,0,8.92953,0.0000,0.0000,0.0000,0.0000,0.0000,0.0000,0,0,,,,,,,,0,0,0,0,0,0,0,0,0,0,0,0,0,0,0,0,0,0,0,0,0,0,0,0,0,0,0,0,0,0,0,0,0,0,0,0,0,0,0,0,0,0,0,0,0,0,0,0,0,0,0,
hello,6_30,11_17_42,8.9328,0,1,0,8.93278,0.0000,0.0000,0.0000,0.0000,0.0000,0.0000,0,0,,,,,,,,0,0,0,0,0,0,0,0,0,0,0,0,0,0,0,0,0,0,0,0,0,0,0,0,0,0,0,0,0,0,0,0,0,0,0,0,0,0,0,0,0,0,0,0,0,0,0,0,0,0,0,
hello,6_30,11_17_42,8.9360,0,1,0,8.936022,0.0000,0.0000,0.0000,0.0000,0.0000,0.0000,0,0,,,,,,,,0,0,0,0,0,0,0,0,0,0,0,0,0,0,0,0,0,0,0,0,0,0,0,0,0,0,0,0,0,0,0,0,0,0,0,0,0,0,0,0,0,0,0,0,0,0,0,0,0,0,0,
hello,6_30,11_17_42,8.9393,0,1,0,8.939301,0.0000,0.0000,0.0000,0.0000,0.0000,0.0000,0,0,,,,,,,,0,0,0,0,0,0,0,0,0,0,0,0,0,0,0,0,0,0,0,0,0,0,0,0,0,0,0,0,0,0,0,0,0,0,0,0,0,0,0,0,0,0,0,0,0,0,0,0,0,0,0,
hello,6_30,11_17_42,8.9428,0,1,0,8.942819,0.0000,0.0000,0.0000,0.0000,0.0000,0.0000,0,0,,,,,,,,0,0,0,0,0,0,0,0,0,0,0,0,0,0,0,0,0,0,0,0,0,0,0,0,0,0,0,0,0,0,0,0,0,0,0,0,0,0,0,0,0,0,0,0,0,0,0,0,0,0,0,
hello,6_30,11_17_42,8.9465,0,1,0,8.946509,0.0000,0.0000,0.0000,0.0000,0.0000,0.0000,0,0,,,,,,,,0,0,0,0,0,0,0,0,0,0,0,0,0,0,0,0,0,0,0,0,0,0,0,0,0,0,0,0,0,0,0,0,0,0,0,0,0,0,0,0,0,0,0,0,0,0,0,0,0,0,0,
hello,6_30,11_17_42,8.9499,0,1,0,8.949895,0.0000,0.0000,0.0000,0.0000,0.0000,0.0000,0,0,,,,,,,,0,0,0,0,0,0,0,0,0,0,0,0,0,0,0,0,0,0,0,0,0,0,0,0,0,0,0,0,0,0,0,0,0,0,0,0,0,0,0,0,0,0,0,0,0,0,0,0,0,0,0,
hello,6_30,11_17_42,8.9534,0,1,0,8.953382,0.0000,0.0000,0.0000,0.0000,0.0000,0.0000,0,0,,,,,,,,0,0,0,0,0,0,0,0,0,0,0,0,0,0,0,0,0,0,0,0,0,0,0,0,0,0,0,0,0,0,0,0,0,0,0,0,0,0,0,0,0,0,0,0,0,0,0,0,0,0,0,
hello,6_30,11_17_42,8.9569,0,1,0,8.956943,0.0000,0.0000,0.0000,0.0000,0.0000,0.0000,0,0,,,,,,,,0,0,0,0,0,0,0,0,0,0,0,0,0,0,0,0,0,0,0,0,0,0,0,0,0,0,0,0,0,0,0,0,0,0,0,0,0,0,0,0,0,0,0,0,0,0,0,0,0,0,0,
hello,6_30,11_17_42,8.9605,0,1,0,8.960453,0.0000,0.0000,0.0000,0.0000,0.0000,0.0000,0,0,,,,,,,,0,0,0,0,0,0,0,0,0,0,0,0,0,0,0,0,0,0,0,0,0,0,0,0,0,0,0,0,0,0,0,0,0,0,0,0,0,0,0,0,0,0,0,0,0,0,0,0,0,0,0,
hello,6_30,11_17_42,8.9643,0,1,0,8.964309,0.0000,0.0000,0.0000,0.0000,0.0000,0.0000,0,0,,,,,,,,0,0,0,0,0,0,0,0,0,0,0,0,0,0,0,0,0,0,0,0,0,0,0,0,0,0,0,0,0,0,0,0,0,0,0,0,0,0,0,0,0,0,0,0,0,0,0,0,0,0,0,
hello,6_30,11_17_42,8.9677,0,1,0,8.967745,0.0000,0.0000,0.0000,0.0000,0.0000,0.0000,0,0,,,,,,,,0,0,0,0,0,0,0,0,0,0,0,0,0,0,0,0,0,0,0,0,0,0,0,0,0,0,0,0,0,0,0,0,0,0,0,0,0,0,0,0,0,0,0,0,0,0,0,0,0,0,0,
hello,6_30,11_17_42,8.9713,0,1,0,8.971313,0.0000,0.0000,0.0000,0.0000,0.0000,0.0000,0,0,,,,,,,,0,0,0,0,0,0,0,0,0,0,0,0,0,0,0,0,0,0,0,0,0,0,0,0,0,0,0,0,0,0,0,0,0,0,0,0,0,0,0,0,0,0,0,0,0,0,0,0,0,0,0,
hello,6_30,11_17_42,8.9749,0,1,0,8.974923,0.0000,0.0000,0.0000,0.0000,0.0000,0.0000,0,0,,,,,,,,0,0,0,0,0,0,0,0,0,0,0,0,0,0,0,0,0,0,0,0,0,0,0,0,0,0,0,0,0,0,0,0,0,0,0,0,0,0,0,0,0,0,0,0,0,0,0,0,0,0,0,
hello,6_30,11_17_42,8.9785,0,1,0,8.978512,0.0000,0.0000,0.0000,0.0000,0.0000,0.0000,0,0,,,,,,,,0,0,0,0,0,0,0,0,0,0,0,0,0,0,0,0,0,0,0,0,0,0,0,0,0,0,0,0,0,0,0,0,0,0,0,0,0,0,0,0,0,0,0,0,0,0,0,0,0,0,0,
hello,6_30,11_17_42,8.9819,0,1,0,8.981853,0.0000,0.0000,0.0000,0.0000,0.0000,0.0000,0,0,,,,,,,,0,0,0,0,0,0,0,0,0,0,0,0,0,0,0,0,0,0,0,0,0,0,0,0,0,0,0,0,0,0,0,0,0,0,0,0,0,0,0,0,0,0,0,0,0,0,0,0,0,0,0,
hello,6_30,11_17_42,8.9854,0,1,0,8.985363,0.0000,0.0000,0.0000,0.0000,0.0000,0.0000,0,0,,,,,,,,0,0,0,0,0,0,0,0,0,0,0,0,0,0,0,0,0,0,0,0,0,0,0,0,0,0,0,0,0,0,0,0,0,0,0,0,0,0,0,0,0,0,0,0,0,0,0,0,0,0,0,
hello,6_30,11_17_42,8.9888,0,1,0,8.988825,0.0000,0.0000,0.0000,0.0000,0.0000,0.0000,0,0,,,,,,,,0,0,0,0,0,0,0,0,0,0,0,0,0,0,0,0,0,0,0,0,0,0,0,0,0,0,0,0,0,0,0,0,0,0,0,0,0,0,0,0,0,0,0,0,0,0,0,0,0,0,0,
hello,6_30,11_17_42,8.9922,0,1,0,8.992167,0.0000,0.0000,0.0000,0.0000,0.0000,0.0000,0,0,,,,,,,,0,0,0,0,0,0,0,0,0,0,0,0,0,0,0,0,0,0,0,0,0,0,0,0,0,0,0,0,0,0,0,0,0,0,0,0,0,0,0,0,0,0,0,0,0,0,0,0,0,0,0,
hello,6_30,11_17_42,8.9956,0,1,0,8.995564,0.0000,0.0000,0.0000,0.0000,0.0000,0.0000,0,0,,,,,,,,0,0,0,0,0,0,0,0,0,0,0,0,0,0,0,0,0,0,0,0,0,0,0,0,0,0,0,0,0,0,0,0,0,0,0,0,0,0,0,0,0,0,0,0,0,0,0,0,0,0,0,
hello,6_30,11_17_42,9.0114,0,1,0,9.011402,0.0000,0.0000,0.0000,0.0000,0.0000,0.0000,0,0,,,,,,,,0,0,0,0,0,0,0,0,0,0,0,0,0,0,0,0,0,0,0,0,0,0,0,0,0,0,0,0,0,0,0,0,0,0,0,0,0,0,0,0,0,0,0,0,0,0,0,0,0,0,0,
hello,6_30,11_17_42,9.0151,0,1,0,9.015086,0.0000,0.0000,0.0000,0.0000,0.0000,0.0000,0,0,,,,,,,,0,0,0,0,0,0,0,0,0,0,0,0,0,0,0,0,0,0,0,0,0,0,0,0,0,0,0,0,0,0,0,0,0,0,0,0,0,0,0,0,0,0,0,0,0,0,0,0,0,0,0,
hello,6_30,11_17_42,9.0185,0,1,0,9.018525,0.0000,0.0000,0.0000,0.0000,0.0000,0.0000,0,0,,,,,,,,0,0,0,0,0,0,0,0,0,0,0,0,0,0,0,0,0,0,0,0,0,0,0,0,0,0,0,0,0,0,0,0,0,0,0,0,0,0,0,0,0,0,0,0,0,0,0,0,0,0,0,
hello,6_30,11_17_42,9.0221,0,1,0,9.022078,0.0000,0.0000,0.0000,0.0000,0.0000,0.0000,0,0,,,,,,,,0,0,0,0,0,0,0,0,0,0,0,0,0,0,0,0,0,0,0,0,0,0,0,0,0,0,0,0,0,0,0,0,0,0,0,0,0,0,0,0,0,0,0,0,0,0,0,0,0,0,0,
hello,6_30,11_17_42,9.0257,0,1,0,9.02565,0.0000,0.0000,0.0000,0.0000,0.0000,0.0000,0,0,,,,,,,,0,0,0,0,0,0,0,0,0,0,0,0,0,0,0,0,0,0,0,0,0,0,0,0,0,0,0,0,0,0,0,0,0,0,0,0,0,0,0,0,0,0,0,0,0,0,0,0,0,0,0,
hello,6_30,11_17_42,9.0289,0,1,0,9.028902,0.0000,0.0000,0.0000,0.0000,0.0000,0.0000,0,0,,,,,,,,0,0,0,0,0,0,0,0,0,0,0,0,0,0,0,0,0,0,0,0,0,0,0,0,0,0,0,0,0,0,0,0,0,0,0,0,0,0,0,0,0,0,0,0,0,0,0,0,0,0,0,
hello,6_30,11_17_42,9.0321,0,1,0,9.03212,0.0000,0.0000,0.0000,0.0000,0.0000,0.0000,0,0,,,,,,,,0,0,0,0,0,0,0,0,0,0,0,0,0,0,0,0,0,0,0,0,0,0,0,0,0,0,0,0,0,0,0,0,0,0,0,0,0,0,0,0,0,0,0,0,0,0,0,0,0,0,0,
hello,6_30,11_17_42,9.0359,0,1,0,9.03592,0.0000,0.0000,0.0000,0.0000,0.0000,0.0000,0,0,,,,,,,,0,0,0,0,0,0,0,0,0,0,0,0,0,0,0,0,0,0,0,0,0,0,0,0,0,0,0,0,0,0,0,0,0,0,0,0,0,0,0,0,0,0,0,0,0,0,0,0,0,0,0,
hello,6_30,11_17_42,9.0393,0,1,0,9.039337,0.0000,0.0000,0.0000,0.0000,0.0000,0.0000,0,0,,,,,,,,0,0,0,0,0,0,0,0,0,0,0,0,0,0,0,0,0,0,0,0,0,0,0,0,0,0,0,0,0,0,0,0,0,0,0,0,0,0,0,0,0,0,0,0,0,0,0,0,0,0,0,
hello,6_30,11_17_42,9.0426,0,1,0,9.042565,0.0000,0.0000,0.0000,0.0000,0.0000,0.0000,0,0,,,,,,,,0,0,0,0,0,0,0,0,0,0,0,0,0,0,0,0,0,0,0,0,0,0,0,0,0,0,0,0,0,0,0,0,0,0,0,0,0,0,0,0,0,0,0,0,0,0,0,0,0,0,0,
hello,6_30,11_17_42,9.0461,0,1,0,9.046127,0.0000,0.0000,0.0000,0.0000,0.0000,0.0000,0,0,,,,,,,,0,0,0,0,0,0,0,0,0,0,0,0,0,0,0,0,0,0,0,0,0,0,0,0,0,0,0,0,0,0,0,0,0,0,0,0,0,0,0,0,0,0,0,0,0,0,0,0,0,0,0,
hello,6_30,11_17_42,9.0495,0,1,0,9.049531,0.0000,0.0000,0.0000,0.0000,0.0000,0.0000,0,0,,,,,,,,0,0,0,0,0,0,0,0,0,0,0,0,0,0,0,0,0,0,0,0,0,0,0,0,0,0,0,0,0,0,0,0,0,0,0,0,0,0,0,0,0,0,0,0,0,0,0,0,0,0,0,
hello,6_30,11_17_42,9.0529,0,1,0,9.052945,0.0000,0.0000,0.0000,0.0000,0.0000,0.0000,0,0,,,,,,,,0,0,0,0,0,0,0,0,0,0,0,0,0,0,0,0,0,0,0,0,0,0,0,0,0,0,0,0,0,0,0,0,0,0,0,0,0,0,0,0,0,0,0,0,0,0,0,0,0,0,0,
hello,6_30,11_17_42,9.0565,0,1,0,9.056527,0.0000,0.0000,0.0000,0.0000,0.0000,0.0000,0,0,,,,,,,,0,0,0,0,0,0,0,0,0,0,0,0,0,0,0,0,0,0,0,0,0,0,0,0,0,0,0,0,0,0,0,0,0,0,0,0,0,0,0,0,0,0,0,0,0,0,0,0,0,0,0,
hello,6_30,11_17_42,9.0600,0,1,0,9.060037,0.0000,0.0000,0.0000,0.0000,0.0000,0.0000,0,0,,,,,,,,0,0,0,0,0,0,0,0,0,0,0,0,0,0,0,0,0,0,0,0,0,0,0,0,0,0,0,0,0,0,0,0,0,0,0,0,0,0,0,0,0,0,0,0,0,0,0,0,0,0,0,
hello,6_30,11_17_42,9.0636,0,1,0,9.063581,0.0000,0.0000,0.0000,0.0000,0.0000,0.0000,0,0,,,,,,,,0,0,0,0,0,0,0,0,0,0,0,0,0,0,0,0,0,0,0,0,0,0,0,0,0,0,0,0,0,0,0,0,0,0,0,0,0,0,0,0,0,0,0,0,0,0,0,0,0,0,0,
hello,6_30,11_17_42,9.0669,0,1,0,9.066941,0.0000,0.0000,0.0000,0.0000,0.0000,0.0000,0,0,,,,,,,,0,0,0,0,0,0,0,0,0,0,0,0,0,0,0,0,0,0,0,0,0,0,0,0,0,0,0,0,0,0,0,0,0,0,0,0,0,0,0,0,0,0,0,0,0,0,0,0,0,0,0,
hello,6_30,11_17_42,9.0704,0,1,0,9.070417,0.0000,0.0000,0.0000,0.0000,0.0000,0.0000,0,0,,,,,,,,0,0,0,0,0,0,0,0,0,0,0,0,0,0,0,0,0,0,0,0,0,0,0,0,0,0,0,0,0,0,0,0,0,0,0,0,0,0,0,0,0,0,0,0,0,0,0,0,0,0,0,
hello,6_30,11_17_42,9.0738,0,1,0,9.073813,0.0000,0.0000,0.0000,0.0000,0.0000,0.0000,0,0,,,,,,,,0,0,0,0,0,0,0,0,0,0,0,0,0,0,0,0,0,0,0,0,0,0,0,0,0,0,0,0,0,0,0,0,0,0,0,0,0,0,0,0,0,0,0,0,0,0,0,0,0,0,0,
hello,6_30,11_17_42,9.0772,0,1,0,9.077203,0.0000,0.0000,0.0000,0.0000,0.0000,0.0000,0,0,,,,,,,,0,0,0,0,0,0,0,0,0,0,0,0,0,0,0,0,0,0,0,0,0,0,0,0,0,0,0,0,0,0,0,0,0,0,0,0,0,0,0,0,0,0,0,0,0,0,0,0,0,0,0,
hello,6_30,11_17_42,9.0806,0,1,0,9.080601,0.0000,0.0000,0.0000,0.0000,0.0000,0.0000,0,0,,,,,,,,0,0,0,0,0,0,0,0,0,0,0,0,0,0,0,0,0,0,0,0,0,0,0,0,0,0,0,0,0,0,0,0,0,0,0,0,0,0,0,0,0,0,0,0,0,0,0,0,0,0,0,
hello,6_30,11_17_42,9.0841,0,1,0,9.084068,0.0000,0.0000,0.0000,0.0000,0.0000,0.0000,0,0,,,,,,,,0,0,0,0,0,0,0,0,0,0,0,0,0,0,0,0,0,0,0,0,0,0,0,0,0,0,0,0,0,0,0,0,0,0,0,0,0,0,0,0,0,0,0,0,0,0,0,0,0,0,0,
hello,6_30,11_17_42,9.0874,0,1,0,9.087375,0.0000,0.0000,0.0000,0.0000,0.0000,0.0000,0,0,,,,,,,,0,0,0,0,0,0,0,0,0,0,0,0,0,0,0,0,0,0,0,0,0,0,0,0,0,0,0,0,0,0,0,0,0,0,0,0,0,0,0,0,0,0,0,0,0,0,0,0,0,0,0,
hello,6_30,11_17_42,9.0908,0,1,0,9.090753,0.0000,0.0000,0.0000,0.0000,0.0000,0.0000,0,0,,,,,,,,0,0,0,0,0,0,0,0,0,0,0,0,0,0,0,0,0,0,0,0,0,0,0,0,0,0,0,0,0,0,0,0,0,0,0,0,0,0,0,0,0,0,0,0,0,0,0,0,0,0,0,
hello,6_30,11_17_42,9.0941,0,1,0,9.094086,0.0000,0.0000,0.0000,0.0000,0.0000,0.0000,0,0,,,,,,,,0,0,0,0,0,0,0,0,0,0,0,0,0,0,0,0,0,0,0,0,0,0,0,0,0,0,0,0,0,0,0,0,0,0,0,0,0,0,0,0,0,0,0,0,0,0,0,0,0,0,0,
hello,6_30,11_17_42,9.0974,0,1,0,9.097402,0.0000,0.0000,0.0000,0.0000,0.0000,0.0000,0,0,,,,,,,,0,0,0,0,0,0,0,0,0,0,0,0,0,0,0,0,0,0,0,0,0,0,0,0,0,0,0,0,0,0,0,0,0,0,0,0,0,0,0,0,0,0,0,0,0,0,0,0,0,0,0,
hello,6_30,11_17_42,9.1007,0,1,0,9.100742,0.0000,0.0000,0.0000,0.0000,0.0000,0.0000,0,0,,,,,,,,0,0,0,0,0,0,0,0,0,0,0,0,0,0,0,0,0,0,0,0,0,0,0,0,0,0,0,0,0,0,0,0,0,0,0,0,0,0,0,0,0,0,0,0,0,0,0,0,0,0,0,
hello,6_30,11_17_42,9.1044,0,1,0,9.104445,0.0000,0.0000,0.0000,0.0000,0.0000,0.0000,0,0,,,,,,,,0,0,0,0,0,0,0,0,0,0,0,0,0,0,0,0,0,0,0,0,0,0,0,0,0,0,0,0,0,0,0,0,0,0,0,0,0,0,0,0,0,0,0,0,0,0,0,0,0,0,0,
hello,6_30,11_17_42,9.1079,0,1,0,9.107851,0.0000,0.0000,0.0000,0.0000,0.0000,0.0000,0,0,,,,,,,,0,0,0,0,0,0,0,0,0,0,0,0,0,0,0,0,0,0,0,0,0,0,0,0,0,0,0,0,0,0,0,0,0,0,0,0,0,0,0,0,0,0,0,0,0,0,0,0,0,0,0,
hello,6_30,11_17_42,9.1112,0,1,0,9.111238,0.0000,0.0000,0.0000,0.0000,0.0000,0.0000,0,0,,,,,,,,0,0,0,0,0,0,0,0,0,0,0,0,0,0,0,0,0,0,0,0,0,0,0,0,0,0,0,0,0,0,0,0,0,0,0,0,0,0,0,0,0,0,0,0,0,0,0,0,0,0,0,
hello,6_30,11_17_42,9.1147,0,1,0,9.114676,0.0000,0.0000,0.0000,0.0000,0.0000,0.0000,0,0,,,,,,,,0,0,0,0,0,0,0,0,0,0,0,0,0,0,0,0,0,0,0,0,0,0,0,0,0,0,0,0,0,0,0,0,0,0,0,0,0,0,0,0,0,0,0,0,0,0,0,0,0,0,0,
hello,6_30,11_17_42,9.1181,0,1,0,9.118091,0.0000,0.0000,0.0000,0.0000,0.0000,0.0000,0,0,,,,,,,,0,0,0,0,0,0,0,0,0,0,0,0,0,0,0,0,0,0,0,0,0,0,0,0,0,0,0,0,0,0,0,0,0,0,0,0,0,0,0,0,0,0,0,0,0,0,0,0,0,0,0,
hello,6_30,11_17_42,9.1216,0,1,0,9.121566,0.0000,0.0000,0.0000,0.0000,0.0000,0.0000,0,0,,,,,,,,0,0,0,0,0,0,0,0,0,0,0,0,0,0,0,0,0,0,0,0,0,0,0,0,0,0,0,0,0,0,0,0,0,0,0,0,0,0,0,0,0,0,0,0,0,0,0,0,0,0,0,
hello,6_30,11_17_42,9.1251,0,1,0,9.125123,0.0000,0.0000,0.0000,0.0000,0.0000,0.0000,0,0,,,,,,,,0,0,0,0,0,0,0,0,0,0,0,0,0,0,0,0,0,0,0,0,0,0,0,0,0,0,0,0,0,0,0,0,0,0,0,0,0,0,0,0,0,0,0,0,0,0,0,0,0,0,0,
hello,6_30,11_17_42,9.1285,0,1,0,9.128499,0.0000,0.0000,0.0000,0.0000,0.0000,0.0000,0,0,,,,,,,,0,0,0,0,0,0,0,0,0,0,0,0,0,0,0,0,0,0,0,0,0,0,0,0,0,0,0,0,0,0,0,0,0,0,0,0,0,0,0,0,0,0,0,0,0,0,0,0,0,0,0,
hello,6_30,11_17_42,9.1319,0,1,0,9.131879,0.0000,0.0000,0.0000,0.0000,0.0000,0.0000,0,0,,,,,,,,0,0,0,0,0,0,0,0,0,0,0,0,0,0,0,0,0,0,0,0,0,0,0,0,0,0,0,0,0,0,0,0,0,0,0,0,0,0,0,0,0,0,0,0,0,0,0,0,0,0,0,
hello,6_30,11_17_42,9.1352,0,1,0,9.135247,0.0000,0.0000,0.0000,0.0000,0.0000,0.0000,0,0,,,,,,,,0,0,0,0,0,0,0,0,0,0,0,0,0,0,0,0,0,0,0,0,0,0,0,0,0,0,0,0,0,0,0,0,0,0,0,0,0,0,0,0,0,0,0,0,0,0,0,0,0,0,0,
hello,6_30,11_17_42,9.1388,0,1,0,9.138803,0.0000,0.0000,0.0000,0.0000,0.0000,0.0000,0,0,,,,,,,,0,0,0,0,0,0,0,0,0,0,0,0,0,0,0,0,0,0,0,0,0,0,0,0,0,0,0,0,0,0,0,0,0,0,0,0,0,0,0,0,0,0,0,0,0,0,0,0,0,0,0,
hello,6_30,11_17_42,9.1421,0,1,0,9.142132,0.0000,0.0000,0.0000,0.0000,0.0000,0.0000,0,0,,,,,,,,0,0,0,0,0,0,0,0,0,0,0,0,0,0,0,0,0,0,0,0,0,0,0,0,0,0,0,0,0,0,0,0,0,0,0,0,0,0,0,0,0,0,0,0,0,0,0,0,0,0,0,
hello,6_30,11_17_42,9.1457,0,1,0,9.145663,0.0000,0.0000,0.0000,0.0000,0.0000,0.0000,0,0,,,,,,,,0,0,0,0,0,0,0,0,0,0,0,0,0,0,0,0,0,0,0,0,0,0,0,0,0,0,0,0,0,0,0,0,0,0,0,0,0,0,0,0,0,0,0,0,0,0,0,0,0,0,0,
hello,6_30,11_17_42,9.1490,0,1,0,9.149009,0.0000,0.0000,0.0000,0.0000,0.0000,0.0000,0,0,,,,,,,,0,0,0,0,0,0,0,0,0,0,0,0,0,0,0,0,0,0,0,0,0,0,0,0,0,0,0,0,0,0,0,0,0,0,0,0,0,0,0,0,0,0,0,0,0,0,0,0,0,0,0,
hello,6_30,11_17_42,9.1524,0,1,0,9.15236,0.0000,0.0000,0.0000,0.0000,0.0000,0.0000,0,0,,,,,,,,0,0,0,0,0,0,0,0,0,0,0,0,0,0,0,0,0,0,0,0,0,0,0,0,0,0,0,0,0,0,0,0,0,0,0,0,0,0,0,0,0,0,0,0,0,0,0,0,0,0,0,
hello,6_30,11_17_42,9.1561,0,1,0,9.156111,0.0000,0.0000,0.0000,0.0000,0.0000,0.0000,0,0,,,,,,,,0,0,0,0,0,0,0,0,0,0,0,0,0,0,0,0,0,0,0,0,0,0,0,0,0,0,0,0,0,0,0,0,0,0,0,0,0,0,0,0,0,0,0,0,0,0,0,0,0,0,0,
hello,6_30,11_17_42,9.1594,0,1,0,9.15943,0.0000,0.0000,0.0000,0.0000,0.0000,0.0000,0,0,,,,,,,,0,0,0,0,0,0,0,0,0,0,0,0,0,0,0,0,0,0,0,0,0,0,0,0,0,0,0,0,0,0,0,0,0,0,0,0,0,0,0,0,0,0,0,0,0,0,0,0,0,0,0,
hello,6_30,11_17_42,9.1632,0,1,0,9.163215,0.0000,0.0000,0.0000,0.0000,0.0000,0.0000,0,0,,,,,,,,0,0,0,0,0,0,0,0,0,0,0,0,0,0,0,0,0,0,0,0,0,0,0,0,0,0,0,0,0,0,0,0,0,0,0,0,0,0,0,0,0,0,0,0,0,0,0,0,0,0,0,
hello,6_30,11_17_42,9.1670,0,1,0,9.166957,0.0000,0.0000,0.0000,0.0000,0.0000,0.0000,0,0,,,,,,,,0,0,0,0,0,0,0,0,0,0,0,0,0,0,0,0,0,0,0,0,0,0,0,0,0,0,0,0,0,0,0,0,0,0,0,0,0,0,0,0,0,0,0,0,0,0,0,0,0,0,0,
hello,6_30,11_17_42,9.1705,0,1,0,9.170451,0.0000,0.0000,0.0000,0.0000,0.0000,0.0000,0,0,,,,,,,,0,0,0,0,0,0,0,0,0,0,0,0,0,0,0,0,0,0,0,0,0,0,0,0,0,0,0,0,0,0,0,0,0,0,0,0,0,0,0,0,0,0,0,0,0,0,0,0,0,0,0,
hello,6_30,11_17_42,9.1740,0,1,0,9.174021,0.0000,0.0000,0.0000,0.0000,0.0000,0.0000,0,0,,,,,,,,0,0,0,0,0,0,0,0,0,0,0,0,0,0,0,0,0,0,0,0,0,0,0,0,0,0,0,0,0,0,0,0,0,0,0,0,0,0,0,0,0,0,0,0,0,0,0,0,0,0,0,
hello,6_30,11_17_42,9.1773,0,1,0,9.177333,0.0000,0.0000,0.0000,0.0000,0.0000,0.0000,0,0,,,,,,,,0,0,0,0,0,0,0,0,0,0,0,0,0,0,0,0,0,0,0,0,0,0,0,0,0,0,0,0,0,0,0,0,0,0,0,0,0,0,0,0,0,0,0,0,0,0,0,0,0,0,0,
hello,6_30,11_17_42,9.1807,0,1,0,9.180658,0.0000,0.0000,0.0000,0.0000,0.0000,0.0000,0,0,,,,,,,,0,0,0,0,0,0,0,0,0,0,0,0,0,0,0,0,0,0,0,0,0,0,0,0,0,0,0,0,0,0,0,0,0,0,0,0,0,0,0,0,0,0,0,0,0,0,0,0,0,0,0,
hello,6_30,11_17_42,9.1842,0,1,0,9.184204,0.0000,0.0000,0.0000,0.0000,0.0000,0.0000,0,0,,,,,,,,0,0,0,0,0,0,0,0,0,0,0,0,0,0,0,0,0,0,0,0,0,0,0,0,0,0,0,0,0,0,0,0,0,0,0,0,0,0,0,0,0,0,0,0,0,0,0,0,0,0,0,
hello,6_30,11_17_42,9.1875,0,1,0,9.187455,0.0000,0.0000,0.0000,0.0000,0.0000,0.0000,0,0,,,,,,,,0,0,0,0,0,0,0,0,0,0,0,0,0,0,0,0,0,0,0,0,0,0,0,0,0,0,0,0,0,0,0,0,0,0,0,0,0,0,0,0,0,0,0,0,0,0,0,0,0,0,0,
hello,6_30,11_17_42,9.1908,0,1,0,9.190787,0.0000,0.0000,0.0000,0.0000,0.0000,0.0000,0,0,,,,,,,,0,0,0,0,0,0,0,0,0,0,0,0,0,0,0,0,0,0,0,0,0,0,0,0,0,0,0,0,0,0,0,0,0,0,0,0,0,0,0,0,0,0,0,0,0,0,0,0,0,0,0,
hello,6_30,11_17_42,9.1941,0,1,0,9.194064,0.0000,0.0000,0.0000,0.0000,0.0000,0.0000,0,0,,,,,,,,0,0,0,0,0,0,0,0,0,0,0,0,0,0,0,0,0,0,0,0,0,0,0,0,0,0,0,0,0,0,0,0,0,0,0,0,0,0,0,0,0,0,0,0,0,0,0,0,0,0,0,
hello,6_30,11_17_42,9.1974,0,1,0,9.197389,0.0000,0.0000,0.0000,0.0000,0.0000,0.0000,0,0,,,,,,,,0,0,0,0,0,0,0,0,0,0,0,0,0,0,0,0,0,0,0,0,0,0,0,0,0,0,0,0,0,0,0,0,0,0,0,0,0,0,0,0,0,0,0,0,0,0,0,0,0,0,0,
hello,6_30,11_17_42,9.2136,0,1,0,9.213645,0.0000,0.0000,0.0000,0.0000,0.0000,0.0000,0,0,,,,,,,,0,0,0,0,0,0,0,0,0,0,0,0,0,0,0,0,0,0,0,0,0,0,0,0,0,0,0,0,0,0,0,0,0,0,0,0,0,0,0,0,0,0,0,0,0,0,0,0,0,0,0,
hello,6_30,11_17_42,9.2177,0,1,0,9.217679,0.0000,0.0000,0.0000,0.0000,0.0000,0.0000,0,0,,,,,,,,0,0,0,0,0,0,0,0,0,0,0,0,0,0,0,0,0,0,0,0,0,0,0,0,0,0,0,0,0,0,0,0,0,0,0,0,0,0,0,0,0,0,0,0,0,0,0,0,0,0,0,
hello,6_30,11_17_42,9.2210,0,1,0,9.221001,0.0000,0.0000,0.0000,0.0000,0.0000,0.0000,0,0,,,,,,,,0,0,0,0,0,0,0,0,0,0,0,0,0,0,0,0,0,0,0,0,0,0,0,0,0,0,0,0,0,0,0,0,0,0,0,0,0,0,0,0,0,0,0,0,0,0,0,0,0,0,0,
hello,6_30,11_17_42,9.2246,0,1,0,9.224642,0.0000,0.0000,0.0000,0.0000,0.0000,0.0000,0,0,,,,,,,,0,0,0,0,0,0,0,0,0,0,0,0,0,0,0,0,0,0,0,0,0,0,0,0,0,0,0,0,0,0,0,0,0,0,0,0,0,0,0,0,0,0,0,0,0,0,0,0,0,0,0,
hello,6_30,11_17_42,9.2280,0,1,0,9.227969,0.0000,0.0000,0.0000,0.0000,0.0000,0.0000,0,0,,,,,,,,0,0,0,0,0,0,0,0,0,0,0,0,0,0,0,0,0,0,0,0,0,0,0,0,0,0,0,0,0,0,0,0,0,0,0,0,0,0,0,0,0,0,0,0,0,0,0,0,0,0,0,
hello,6_30,11_17_42,9.2313,0,1,0,9.23127,0.0000,0.0000,0.0000,0.0000,0.0000,0.0000,0,0,,,,,,,,0,0,0,0,0,0,0,0,0,0,0,0,0,0,0,0,0,0,0,0,0,0,0,0,0,0,0,0,0,0,0,0,0,0,0,0,0,0,0,0,0,0,0,0,0,0,0,0,0,0,0,
hello,6_30,11_17_42,9.2346,0,1,0,9.234584,0.0000,0.0000,0.0000,0.0000,0.0000,0.0000,0,0,,,,,,,,0,0,0,0,0,0,0,0,0,0,0,0,0,0,0,0,0,0,0,0,0,0,0,0,0,0,0,0,0,0,0,0,0,0,0,0,0,0,0,0,0,0,0,0,0,0,0,0,0,0,0,
hello,6_30,11_17_42,9.2379,0,1,0,9.237912,0.0000,0.0000,0.0000,0.0000,0.0000,0.0000,0,0,,,,,,,,0,0,0,0,0,0,0,0,0,0,0,0,0,0,0,0,0,0,0,0,0,0,0,0,0,0,0,0,0,0,0,0,0,0,0,0,0,0,0,0,0,0,0,0,0,0,0,0,0,0,0,
hello,6_30,11_17_42,9.2414,0,1,0,9.241355,0.0000,0.0000,0.0000,0.0000,0.0000,0.0000,0,0,,,,,,,,0,0,0,0,0,0,0,0,0,0,0,0,0,0,0,0,0,0,0,0,0,0,0,0,0,0,0,0,0,0,0,0,0,0,0,0,0,0,0,0,0,0,0,0,0,0,0,0,0,0,0,
hello,6_30,11_17_42,9.2450,0,1,0,9.245024,0.0000,0.0000,0.0000,0.0000,0.0000,0.0000,0,0,,,,,,,,0,0,0,0,0,0,0,0,0,0,0,0,0,0,0,0,0,0,0,0,0,0,0,0,0,0,0,0,0,0,0,0,0,0,0,0,0,0,0,0,0,0,0,0,0,0,0,0,0,0,0,
hello,6_30,11_17_42,9.2486,0,1,0,9.24857,0.0000,0.0000,0.0000,0.0000,0.0000,0.0000,0,0,,,,,,,,0,0,0,0,0,0,0,0,0,0,0,0,0,0,0,0,0,0,0,0,0,0,0,0,0,0,0,0,0,0,0,0,0,0,0,0,0,0,0,0,0,0,0,0,0,0,0,0,0,0,0,
hello,6_30,11_17_42,9.2519,0,1,0,9.251908,0.0000,0.0000,0.0000,0.0000,0.0000,0.0000,0,0,,,,,,,,0,0,0,0,0,0,0,0,0,0,0,0,0,0,0,0,0,0,0,0,0,0,0,0,0,0,0,0,0,0,0,0,0,0,0,0,0,0,0,0,0,0,0,0,0,0,0,0,0,0,0,
hello,6_30,11_17_42,9.2554,0,1,0,9.2554,0.0000,0.0000,0.0000,0.0000,0.0000,0.0000,0,0,,,,,,,,0,0,0,0,0,0,0,0,0,0,0,0,0,0,0,0,0,0,0,0,0,0,0,0,0,0,0,0,0,0,0,0,0,0,0,0,0,0,0,0,0,0,0,0,0,0,0,0,0,0,0,
hello,6_30,11_17_42,9.2588,0,1,0,9.258797,0.0000,0.0000,0.0000,0.0000,0.0000,0.0000,0,0,,,,,,,,0,0,0,0,0,0,0,0,0,0,0,0,0,0,0,0,0,0,0,0,0,0,0,0,0,0,0,0,0,0,0,0,0,0,0,0,0,0,0,0,0,0,0,0,0,0,0,0,0,0,0,
hello,6_30,11_17_42,9.2622,0,1,0,9.262162,0.0000,0.0000,0.0000,0.0000,0.0000,0.0000,0,0,,,,,,,,0,0,0,0,0,0,0,0,0,0,0,0,0,0,0,0,0,0,0,0,0,0,0,0,0,0,0,0,0,0,0,0,0,0,0,0,0,0,0,0,0,0,0,0,0,0,0,0,0,0,0,
hello,6_30,11_17_42,9.2658,0,1,0,9.265807,0.0000,0.0000,0.0000,0.0000,0.0000,0.0000,0,0,,,,,,,,0,0,0,0,0,0,0,0,0,0,0,0,0,0,0,0,0,0,0,0,0,0,0,0,0,0,0,0,0,0,0,0,0,0,0,0,0,0,0,0,0,0,0,0,0,0,0,0,0,0,0,
hello,6_30,11_17_42,9.2692,0,1,0,9.26916,0.0000,0.0000,0.0000,0.0000,0.0000,0.0000,0,0,,,,,,,,0,0,0,0,0,0,0,0,0,0,0,0,0,0,0,0,0,0,0,0,0,0,0,0,0,0,0,0,0,0,0,0,0,0,0,0,0,0,0,0,0,0,0,0,0,0,0,0,0,0,0,
hello,6_30,11_17_42,9.2727,0,1,0,9.272655,0.0000,0.0000,0.0000,0.0000,0.0000,0.0000,0,0,,,,,,,,0,0,0,0,0,0,0,0,0,0,0,0,0,0,0,0,0,0,0,0,0,0,0,0,0,0,0,0,0,0,0,0,0,0,0,0,0,0,0,0,0,0,0,0,0,0,0,0,0,0,0,
hello,6_30,11_17_42,9.2760,0,1,0,9.275986,0.0000,0.0000,0.0000,0.0000,0.0000,0.0000,0,0,,,,,,,,0,0,0,0,0,0,0,0,0,0,0,0,0,0,0,0,0,0,0,0,0,0,0,0,0,0,0,0,0,0,0,0,0,0,0,0,0,0,0,0,0,0,0,0,0,0,0,0,0,0,0,
hello,6_30,11_17_42,9.2793,0,1,0,9.279276,0.0000,0.0000,0.0000,0.0000,0.0000,0.0000,0,0,,,,,,,,0,0,0,0,0,0,0,0,0,0,0,0,0,0,0,0,0,0,0,0,0,0,0,0,0,0,0,0,0,0,0,0,0,0,0,0,0,0,0,0,0,0,0,0,0,0,0,0,0,0,0,
hello,6_30,11_17_42,9.2826,0,1,0,9.282577,0.0000,0.0000,0.0000,0.0000,0.0000,0.0000,0,0,,,,,,,,0,0,0,0,0,0,0,0,0,0,0,0,0,0,0,0,0,0,0,0,0,0,0,0,0,0,0,0,0,0,0,0,0,0,0,0,0,0,0,0,0,0,0,0,0,0,0,0,0,0,0,
hello,6_30,11_17_42,9.2861,0,1,0,9.286072,0.0000,0.0000,0.0000,0.0000,0.0000,0.0000,0,0,,,,,,,,0,0,0,0,0,0,0,0,0,0,0,0,0,0,0,0,0,0,0,0,0,0,0,0,0,0,0,0,0,0,0,0,0,0,0,0,0,0,0,0,0,0,0,0,0,0,0,0,0,0,0,
hello,6_30,11_17_42,9.2895,0,1,0,9.289536,0.0000,0.0000,0.0000,0.0000,0.0000,0.0000,0,0,,,,,,,,0,0,0,0,0,0,0,0,0,0,0,0,0,0,0,0,0,0,0,0,0,0,0,0,0,0,0,0,0,0,0,0,0,0,0,0,0,0,0,0,0,0,0,0,0,0,0,0,0,0,0,
hello,6_30,11_17_42,9.2929,0,1,0,9.292892,0.0000,0.0000,0.0000,0.0000,0.0000,0.0000,0,0,,,,,,,,0,0,0,0,0,0,0,0,0,0,0,0,0,0,0,0,0,0,0,0,0,0,0,0,0,0,0,0,0,0,0,0,0,0,0,0,0,0,0,0,0,0,0,0,0,0,0,0,0,0,0,
hello,6_30,11_17_42,9.2962,0,1,0,9.296214,0.0000,0.0000,0.0000,0.0000,0.0000,0.0000,0,0,,,,,,,,0,0,0,0,0,0,0,0,0,0,0,0,0,0,0,0,0,0,0,0,0,0,0,0,0,0,0,0,0,0,0,0,0,0,0,0,0,0,0,0,0,0,0,0,0,0,0,0,0,0,0,
hello,6_30,11_17_42,9.2996,0,1,0,9.299646,0.0000,0.0000,0.0000,0.0000,0.0000,0.0000,0,0,,,,,,,,0,0,0,0,0,0,0,0,0,0,0,0,0,0,0,0,0,0,0,0,0,0,0,0,0,0,0,0,0,0,0,0,0,0,0,0,0,0,0,0,0,0,0,0,0,0,0,0,0,0,0,
hello,6_30,11_17_42,9.3031,0,1,0,9.303096,0.0000,0.0000,0.0000,0.0000,0.0000,0.0000,0,0,,,,,,,,0,0,0,0,0,0,0,0,0,0,0,0,0,0,0,0,0,0,0,0,0,0,0,0,0,0,0,0,0,0,0,0,0,0,0,0,0,0,0,0,0,0,0,0,0,0,0,0,0,0,0,
hello,6_30,11_17_42,9.3069,0,1,0,9.306921,0.0000,0.0000,0.0000,0.0000,0.0000,0.0000,0,0,,,,,,,,0,0,0,0,0,0,0,0,0,0,0,0,0,0,0,0,0,0,0,0,0,0,0,0,0,0,0,0,0,0,0,0,0,0,0,0,0,0,0,0,0,0,0,0,0,0,0,0,0,0,0,
hello,6_30,11_17_42,9.3102,0,1,0,9.310233,0.0000,0.0000,0.0000,0.0000,0.0000,0.0000,0,0,,,,,,,,0,0,0,0,0,0,0,0,0,0,0,0,0,0,0,0,0,0,0,0,0,0,0,0,0,0,0,0,0,0,0,0,0,0,0,0,0,0,0,0,0,0,0,0,0,0,0,0,0,0,0,
hello,6_30,11_17_42,9.3136,0,1,0,9.313618,0.0000,0.0000,0.0000,0.0000,0.0000,0.0000,0,0,,,,,,,,0,0,0,0,0,0,0,0,0,0,0,0,0,0,0,0,0,0,0,0,0,0,0,0,0,0,0,0,0,0,0,0,0,0,0,0,0,0,0,0,0,0,0,0,0,0,0,0,0,0,0,
hello,6_30,11_17_42,9.3170,0,1,0,9.316992,0.0000,0.0000,0.0000,0.0000,0.0000,0.0000,0,0,,,,,,,,0,0,0,0,0,0,0,0,0,0,0,0,0,0,0,0,0,0,0,0,0,0,0,0,0,0,0,0,0,0,0,0,0,0,0,0,0,0,0,0,0,0,0,0,0,0,0,0,0,0,0,
hello,6_30,11_17_42,9.3202,0,1,0,9.320245,0.0000,0.0000,0.0000,0.0000,0.0000,0.0000,0,0,,,,,,,,0,0,0,0,0,0,0,0,0,0,0,0,0,0,0,0,0,0,0,0,0,0,0,0,0,0,0,0,0,0,0,0,0,0,0,0,0,0,0,0,0,0,0,0,0,0,0,0,0,0,0,
hello,6_30,11_17_42,9.3238,0,1,0,9.323802,0.0000,0.0000,0.0000,0.0000,0.0000,0.0000,0,0,,,,,,,,0,0,0,0,0,0,0,0,0,0,0,0,0,0,0,0,0,0,0,0,0,0,0,0,0,0,0,0,0,0,0,0,0,0,0,0,0,0,0,0,0,0,0,0,0,0,0,0,0,0,0,
hello,6_30,11_17_42,9.3271,0,1,0,9.32711,0.0000,0.0000,0.0000,0.0000,0.0000,0.0000,0,0,,,,,,,,0,0,0,0,0,0,0,0,0,0,0,0,0,0,0,0,0,0,0,0,0,0,0,0,0,0,0,0,0,0,0,0,0,0,0,0,0,0,0,0,0,0,0,0,0,0,0,0,0,0,0,
hello,6_30,11_17_42,9.3304,0,1,0,9.330404,0.0000,0.0000,0.0000,0.0000,0.0000,0.0000,0,0,,,,,,,,0,0,0,0,0,0,0,0,0,0,0,0,0,0,0,0,0,0,0,0,0,0,0,0,0,0,0,0,0,0,0,0,0,0,0,0,0,0,0,0,0,0,0,0,0,0,0,0,0,0,0,
hello,6_30,11_17_42,9.3338,0,1,0,9.333756,0.0000,0.0000,0.0000,0.0000,0.0000,0.0000,0,0,,,,,,,,0,0,0,0,0,0,0,0,0,0,0,0,0,0,0,0,0,0,0,0,0,0,0,0,0,0,0,0,0,0,0,0,0,0,0,0,0,0,0,0,0,0,0,0,0,0,0,0,0,0,0,
hello,6_30,11_17_42,9.3371,0,1,0,9.337094,0.0000,0.0000,0.0000,0.0000,0.0000,0.0000,0,0,,,,,,,,0,0,0,0,0,0,0,0,0,0,0,0,0,0,0,0,0,0,0,0,0,0,0,0,0,0,0,0,0,0,0,0,0,0,0,0,0,0,0,0,0,0,0,0,0,0,0,0,0,0,0,
hello,6_30,11_17_42,9.3406,0,1,0,9.340557,0.0000,0.0000,0.0000,0.0000,0.0000,0.0000,0,0,,,,,,,,0,0,0,0,0,0,0,0,0,0,0,0,0,0,0,0,0,0,0,0,0,0,0,0,0,0,0,0,0,0,0,0,0,0,0,0,0,0,0,0,0,0,0,0,0,0,0,0,0,0,0,
hello,6_30,11_17_42,9.3442,0,1,0,9.344204,0.0000,0.0000,0.0000,0.0000,0.0000,0.0000,0,0,,,,,,,,0,0,0,0,0,0,0,0,0,0,0,0,0,0,0,0,0,0,0,0,0,0,0,0,0,0,0,0,0,0,0,0,0,0,0,0,0,0,0,0,0,0,0,0,0,0,0,0,0,0,0,
hello,6_30,11_17_42,9.3478,0,1,0,9.347825,0.0000,0.0000,0.0000,0.0000,0.0000,0.0000,0,0,,,,,,,,0,0,0,0,0,0,0,0,0,0,0,0,0,0,0,0,0,0,0,0,0,0,0,0,0,0,0,0,0,0,0,0,0,0,0,0,0,0,0,0,0,0,0,0,0,0,0,0,0,0,0,
hello,6_30,11_17_42,9.3512,0,1,0,9.351204,0.0000,0.0000,0.0000,0.0000,0.0000,0.0000,0,0,,,,,,,,0,0,0,0,0,0,0,0,0,0,0,0,0,0,0,0,0,0,0,0,0,0,0,0,0,0,0,0,0,0,0,0,0,0,0,0,0,0,0,0,0,0,0,0,0,0,0,0,0,0,0,
hello,6_30,11_17_42,9.3546,0,1,0,9.354568,0.0000,0.0000,0.0000,0.0000,0.0000,0.0000,0,0,,,,,,,,0,0,0,0,0,0,0,0,0,0,0,0,0,0,0,0,0,0,0,0,0,0,0,0,0,0,0,0,0,0,0,0,0,0,0,0,0,0,0,0,0,0,0,0,0,0,0,0,0,0,0,
hello,6_30,11_17_42,9.3580,0,1,0,9.358035,0.0000,0.0000,0.0000,0.0000,0.0000,0.0000,0,0,,,,,,,,0,0,0,0,0,0,0,0,0,0,0,0,0,0,0,0,0,0,0,0,0,0,0,0,0,0,0,0,0,0,0,0,0,0,0,0,0,0,0,0,0,0,0,0,0,0,0,0,0,0,0,
hello,6_30,11_17_42,9.3614,0,1,0,9.36142,0.0000,0.0000,0.0000,0.0000,0.0000,0.0000,0,0,,,,,,,,0,0,0,0,0,0,0,0,0,0,0,0,0,0,0,0,0,0,0,0,0,0,0,0,0,0,0,0,0,0,0,0,0,0,0,0,0,0,0,0,0,0,0,0,0,0,0,0,0,0,0,
hello,6_30,11_17_42,9.3651,0,1,0,9.365114,0.0000,0.0000,0.0000,0.0000,0.0000,0.0000,0,0,,,,,,,,0,0,0,0,0,0,0,0,0,0,0,0,0,0,0,0,0,0,0,0,0,0,0,0,0,0,0,0,0,0,0,0,0,0,0,0,0,0,0,0,0,0,0,0,0,0,0,0,0,0,0,
hello,6_30,11_17_42,9.3685,0,1,0,9.368458,0.0000,0.0000,0.0000,0.0000,0.0000,0.0000,0,0,,,,,,,,0,0,0,0,0,0,0,0,0,0,0,0,0,0,0,0,0,0,0,0,0,0,0,0,0,0,0,0,0,0,0,0,0,0,0,0,0,0,0,0,0,0,0,0,0,0,0,0,0,0,0,
hello,6_30,11_17_42,9.3720,0,1,0,9.371982,0.0000,0.0000,0.0000,0.0000,0.0000,0.0000,0,0,,,,,,,,0,0,0,0,0,0,0,0,0,0,0,0,0,0,0,0,0,0,0,0,0,0,0,0,0,0,0,0,0,0,0,0,0,0,0,0,0,0,0,0,0,0,0,0,0,0,0,0,0,0,0,
hello,6_30,11_17_42,9.3754,0,1,0,9.375412,0.0000,0.0000,0.0000,0.0000,0.0000,0.0000,0,0,,,,,,,,0,0,0,0,0,0,0,0,0,0,0,0,0,0,0,0,0,0,0,0,0,0,0,0,0,0,0,0,0,0,0,0,0,0,0,0,0,0,0,0,0,0,0,0,0,0,0,0,0,0,0,
hello,6_30,11_17_42,9.3790,0,1,0,9.378951,0.0000,0.0000,0.0000,0.0000,0.0000,0.0000,0,0,,,,,,,,0,0,0,0,0,0,0,0,0,0,0,0,0,0,0,0,0,0,0,0,0,0,0,0,0,0,0,0,0,0,0,0,0,0,0,0,0,0,0,0,0,0,0,0,0,0,0,0,0,0,0,
hello,6_30,11_17_42,9.3825,0,1,0,9.382506,0.0000,0.0000,0.0000,0.0000,0.0000,0.0000,0,0,,,,,,,,0,0,0,0,0,0,0,0,0,0,0,0,0,0,0,0,0,0,0,0,0,0,0,0,0,0,0,0,0,0,0,0,0,0,0,0,0,0,0,0,0,0,0,0,0,0,0,0,0,0,0,
hello,6_30,11_17_42,9.3860,0,1,0,9.386032,0.0000,0.0000,0.0000,0.0000,0.0000,0.0000,0,0,,,,,,,,0,0,0,0,0,0,0,0,0,0,0,0,0,0,0,0,0,0,0,0,0,0,0,0,0,0,0,0,0,0,0,0,0,0,0,0,0,0,0,0,0,0,0,0,0,0,0,0,0,0,0,
hello,6_30,11_17_42,9.3894,0,1,0,9.389361,0.0000,0.0000,0.0000,0.0000,0.0000,0.0000,0,0,,,,,,,,0,0,0,0,0,0,0,0,0,0,0,0,0,0,0,0,0,0,0,0,0,0,0,0,0,0,0,0,0,0,0,0,0,0,0,0,0,0,0,0,0,0,0,0,0,0,0,0,0,0,0,
hello,6_30,11_17_42,9.3928,0,1,0,9.392776,0.0000,0.0000,0.0000,0.0000,0.0000,0.0000,0,0,,,,,,,,0,0,0,0,0,0,0,0,0,0,0,0,0,0,0,0,0,0,0,0,0,0,0,0,0,0,0,0,0,0,0,0,0,0,0,0,0,0,0,0,0,0,0,0,0,0,0,0,0,0,0,
hello,6_30,11_17_42,9.3960,0,1,0,9.396029,0.0000,0.0000,0.0000,0.0000,0.0000,0.0000,0,0,,,,,,,,0,0,0,0,0,0,0,0,0,0,0,0,0,0,0,0,0,0,0,0,0,0,0,0,0,0,0,0,0,0,0,0,0,0,0,0,0,0,0,0,0,0,0,0,0,0,0,0,0,0,0,
hello,6_30,11_17_42,9.3993,0,1,0,9.399347,0.0000,0.0000,0.0000,0.0000,0.0000,0.0000,0,0,,,,,,,,0,0,0,0,0,0,0,0,0,0,0,0,0,0,0,0,0,0,0,0,0,0,0,0,0,0,0,0,0,0,0,0,0,0,0,0,0,0,0,0,0,0,0,0,0,0,0,0,0,0,0,
hello,6_30,11_17_42,9.4149,0,1,0,9.414861,0.0000,0.0000,0.0000,0.0000,0.0000,0.0000,0,0,,,,,,,,0,0,0,0,0,0,0,0,0,0,0,0,0,0,0,0,0,0,0,0,0,0,0,0,0,0,0,0,0,0,0,0,0,0,0,0,0,0,0,0,0,0,0,0,0,0,0,0,0,0,0,
hello,6_30,11_17_42,9.4188,0,1,0,9.418834,0.0000,0.0000,0.0000,0.0000,0.0000,0.0000,0,0,,,,,,,,0,0,0,0,0,0,0,0,0,0,0,0,0,0,0,0,0,0,0,0,0,0,0,0,0,0,0,0,0,0,0,0,0,0,0,0,0,0,0,0,0,0,0,0,0,0,0,0,0,0,0,
hello,6_30,11_17_42,9.4223,0,1,0,9.422277,0.0000,0.0000,0.0000,0.0000,0.0000,0.0000,0,0,,,,,,,,0,0,0,0,0,0,0,0,0,0,0,0,0,0,0,0,0,0,0,0,0,0,0,0,0,0,0,0,0,0,0,0,0,0,0,0,0,0,0,0,0,0,0,0,0,0,0,0,0,0,0,
hello,6_30,11_17_42,9.4261,0,1,0,9.426132,0.0000,0.0000,0.0000,0.0000,0.0000,0.0000,0,0,,,,,,,,0,0,0,0,0,0,0,0,0,0,0,0,0,0,0,0,0,0,0,0,0,0,0,0,0,0,0,0,0,0,0,0,0,0,0,0,0,0,0,0,0,0,0,0,0,0,0,0,0,0,0,
hello,6_30,11_17_42,9.4294,0,1,0,9.429358,0.0000,0.0000,0.0000,0.0000,0.0000,0.0000,0,0,,,,,,,,0,0,0,0,0,0,0,0,0,0,0,0,0,0,0,0,0,0,0,0,0,0,0,0,0,0,0,0,0,0,0,0,0,0,0,0,0,0,0,0,0,0,0,0,0,0,0,0,0,0,0,
hello,6_30,11_17_42,9.4329,0,1,0,9.432854,0.0000,0.0000,0.0000,0.0000,0.0000,0.0000,0,0,,,,,,,,0,0,0,0,0,0,0,0,0,0,0,0,0,0,0,0,0,0,0,0,0,0,0,0,0,0,0,0,0,0,0,0,0,0,0,0,0,0,0,0,0,0,0,0,0,0,0,0,0,0,0,
hello,6_30,11_17_42,9.4361,0,1,0,9.436073,0.0000,0.0000,0.0000,0.0000,0.0000,0.0000,0,0,,,,,,,,0,0,0,0,0,0,0,0,0,0,0,0,0,0,0,0,0,0,0,0,0,0,0,0,0,0,0,0,0,0,0,0,0,0,0,0,0,0,0,0,0,0,0,0,0,0,0,0,0,0,0,
hello,6_30,11_17_42,9.4394,0,1,0,9.439355,0.0000,0.0000,0.0000,0.0000,0.0000,0.0000,0,0,,,,,,,,0,0,0,0,0,0,0,0,0,0,0,0,0,0,0,0,0,0,0,0,0,0,0,0,0,0,0,0,0,0,0,0,0,0,0,0,0,0,0,0,0,0,0,0,0,0,0,0,0,0,0,
hello,6_30,11_17_42,9.4427,0,1,0,9.442676,0.0000,0.0000,0.0000,0.0000,0.0000,0.0000,0,0,,,,,,,,0,0,0,0,0,0,0,0,0,0,0,0,0,0,0,0,0,0,0,0,0,0,0,0,0,0,0,0,0,0,0,0,0,0,0,0,0,0,0,0,0,0,0,0,0,0,0,0,0,0,0,
hello,6_30,11_17_42,9.4462,0,1,0,9.446247,0.0000,0.0000,0.0000,0.0000,0.0000,0.0000,0,0,,,,,,,,0,0,0,0,0,0,0,0,0,0,0,0,0,0,0,0,0,0,0,0,0,0,0,0,0,0,0,0,0,0,0,0,0,0,0,0,0,0,0,0,0,0,0,0,0,0,0,0,0,0,0,
hello,6_30,11_17_42,9.4497,0,1,0,9.449695,0.0000,0.0000,0.0000,0.0000,0.0000,0.0000,0,0,,,,,,,,0,0,0,0,0,0,0,0,0,0,0,0,0,0,0,0,0,0,0,0,0,0,0,0,0,0,0,0,0,0,0,0,0,0,0,0,0,0,0,0,0,0,0,0,0,0,0,0,0,0,0,
hello,6_30,11_17_42,9.4531,0,1,0,9.453092,0.0000,0.0000,0.0000,0.0000,0.0000,0.0000,0,0,,,,,,,,0,0,0,0,0,0,0,0,0,0,0,0,0,0,0,0,0,0,0,0,0,0,0,0,0,0,0,0,0,0,0,0,0,0,0,0,0,0,0,0,0,0,0,0,0,0,0,0,0,0,0,
hello,6_30,11_17_42,9.4566,0,1,0,9.456583,0.0000,0.0000,0.0000,0.0000,0.0000,0.0000,0,0,,,,,,,,0,0,0,0,0,0,0,0,0,0,0,0,0,0,0,0,0,0,0,0,0,0,0,0,0,0,0,0,0,0,0,0,0,0,0,0,0,0,0,0,0,0,0,0,0,0,0,0,0,0,0,
hello,6_30,11_17_42,9.4599,0,1,0,9.459893,0.0000,0.0000,0.0000,0.0000,0.0000,0.0000,0,0,,,,,,,,0,0,0,0,0,0,0,0,0,0,0,0,0,0,0,0,0,0,0,0,0,0,0,0,0,0,0,0,0,0,0,0,0,0,0,0,0,0,0,0,0,0,0,0,0,0,0,0,0,0,0,
hello,6_30,11_17_42,9.4632,0,1,0,9.463197,0.0000,0.0000,0.0000,0.0000,0.0000,0.0000,0,0,,,,,,,,0,0,0,0,0,0,0,0,0,0,0,0,0,0,0,0,0,0,0,0,0,0,0,0,0,0,0,0,0,0,0,0,0,0,0,0,0,0,0,0,0,0,0,0,0,0,0,0,0,0,0,
hello,6_30,11_17_42,9.4667,0,1,0,9.466722,0.0000,0.0000,0.0000,0.0000,0.0000,0.0000,0,0,,,,,,,,0,0,0,0,0,0,0,0,0,0,0,0,0,0,0,0,0,0,0,0,0,0,0,0,0,0,0,0,0,0,0,0,0,0,0,0,0,0,0,0,0,0,0,0,0,0,0,0,0,0,0,
hello,6_30,11_17_42,9.4701,0,1,0,9.470122,0.0000,0.0000,0.0000,0.0000,0.0000,0.0000,0,0,,,,,,,,0,0,0,0,0,0,0,0,0,0,0,0,0,0,0,0,0,0,0,0,0,0,0,0,0,0,0,0,0,0,0,0,0,0,0,0,0,0,0,0,0,0,0,0,0,0,0,0,0,0,0,
hello,6_30,11_17_42,9.4734,0,1,0,9.473381,0.0000,0.0000,0.0000,0.0000,0.0000,0.0000,0,0,,,,,,,,0,0,0,0,0,0,0,0,0,0,0,0,0,0,0,0,0,0,0,0,0,0,0,0,0,0,0,0,0,0,0,0,0,0,0,0,0,0,0,0,0,0,0,0,0,0,0,0,0,0,0,
hello,6_30,11_17_42,9.4768,0,1,0,9.476814,0.0000,0.0000,0.0000,0.0000,0.0000,0.0000,0,0,,,,,,,,0,0,0,0,0,0,0,0,0,0,0,0,0,0,0,0,0,0,0,0,0,0,0,0,0,0,0,0,0,0,0,0,0,0,0,0,0,0,0,0,0,0,0,0,0,0,0,0,0,0,0,
hello,6_30,11_17_42,9.4803,0,1,0,9.480268,0.0000,0.0000,0.0000,0.0000,0.0000,0.0000,0,0,,,,,,,,0,0,0,0,0,0,0,0,0,0,0,0,0,0,0,0,0,0,0,0,0,0,0,0,0,0,0,0,0,0,0,0,0,0,0,0,0,0,0,0,0,0,0,0,0,0,0,0,0,0,0,
hello,6_30,11_17_42,9.4840,0,1,0,9.483964,0.0000,0.0000,0.0000,0.0000,0.0000,0.0000,0,0,,,,,,,,0,0,0,0,0,0,0,0,0,0,0,0,0,0,0,0,0,0,0,0,0,0,0,0,0,0,0,0,0,0,0,0,0,0,0,0,0,0,0,0,0,0,0,0,0,0,0,0,0,0,0,
hello,6_30,11_17_42,9.4874,0,1,0,9.48738,0.0000,0.0000,0.0000,0.0000,0.0000,0.0000,0,0,,,,,,,,0,0,0,0,0,0,0,0,0,0,0,0,0,0,0,0,0,0,0,0,0,0,0,0,0,0,0,0,0,0,0,0,0,0,0,0,0,0,0,0,0,0,0,0,0,0,0,0,0,0,0,
hello,6_30,11_17_42,9.4909,0,1,0,9.490868,0.0000,0.0000,0.0000,0.0000,0.0000,0.0000,0,0,,,,,,,,0,0,0,0,0,0,0,0,0,0,0,0,0,0,0,0,0,0,0,0,0,0,0,0,0,0,0,0,0,0,0,0,0,0,0,0,0,0,0,0,0,0,0,0,0,0,0,0,0,0,0,
hello,6_30,11_17_42,9.4944,0,1,0,9.494403,0.0000,0.0000,0.0000,0.0000,0.0000,0.0000,0,0,,,,,,,,0,0,0,0,0,0,0,0,0,0,0,0,0,0,0,0,0,0,0,0,0,0,0,0,0,0,0,0,0,0,0,0,0,0,0,0,0,0,0,0,0,0,0,0,0,0,0,0,0,0,0,
hello,6_30,11_17_42,9.4979,0,1,0,9.497931,0.0000,0.0000,0.0000,0.0000,0.0000,0.0000,0,0,,,,,,,,0,0,0,0,0,0,0,0,0,0,0,0,0,0,0,0,0,0,0,0,0,0,0,0,0,0,0,0,0,0,0,0,0,0,0,0,0,0,0,0,0,0,0,0,0,0,0,0,0,0,0,
hello,6_30,11_17_42,9.5013,0,1,0,9.501334,0.0000,0.0000,0.0000,0.0000,0.0000,0.0000,0,0,,,,,,,,0,0,0,0,0,0,0,0,0,0,0,0,0,0,0,0,0,0,0,0,0,0,0,0,0,0,0,0,0,0,0,0,0,0,0,0,0,0,0,0,0,0,0,0,0,0,0,0,0,0,0,
hello,6_30,11_17_42,9.5052,0,1,0,9.50516,0.0000,0.0000,0.0000,0.0000,0.0000,0.0000,0,0,,,,,,,,0,0,0,0,0,0,0,0,0,0,0,0,0,0,0,0,0,0,0,0,0,0,0,0,0,0,0,0,0,0,0,0,0,0,0,0,0,0,0,0,0,0,0,0,0,0,0,0,0,0,0,
hello,6_30,11_17_42,9.5086,0,1,0,9.508597,0.0000,0.0000,0.0000,0.0000,0.0000,0.0000,0,0,,,,,,,,0,0,0,0,0,0,0,0,0,0,0,0,0,0,0,0,0,0,0,0,0,0,0,0,0,0,0,0,0,0,0,0,0,0,0,0,0,0,0,0,0,0,0,0,0,0,0,0,0,0,0,
hello,6_30,11_17_42,9.5120,0,1,0,9.512033,0.0000,0.0000,0.0000,0.0000,0.0000,0.0000,0,0,,,,,,,,0,0,0,0,0,0,0,0,0,0,0,0,0,0,0,0,0,0,0,0,0,0,0,0,0,0,0,0,0,0,0,0,0,0,0,0,0,0,0,0,0,0,0,0,0,0,0,0,0,0,0,
hello,6_30,11_17_42,9.5154,0,1,0,9.515441,0.0000,0.0000,0.0000,0.0000,0.0000,0.0000,0,0,,,,,,,,0,0,0,0,0,0,0,0,0,0,0,0,0,0,0,0,0,0,0,0,0,0,0,0,0,0,0,0,0,0,0,0,0,0,0,0,0,0,0,0,0,0,0,0,0,0,0,0,0,0,0,
hello,6_30,11_17_42,9.5189,0,1,0,9.518859,0.0000,0.0000,0.0000,0.0000,0.0000,0.0000,0,0,,,,,,,,0,0,0,0,0,0,0,0,0,0,0,0,0,0,0,0,0,0,0,0,0,0,0,0,0,0,0,0,0,0,0,0,0,0,0,0,0,0,0,0,0,0,0,0,0,0,0,0,0,0,0,
hello,6_30,11_17_42,9.5226,0,1,0,9.522576,0.0000,0.0000,0.0000,0.0000,0.0000,0.0000,0,0,,,,,,,,0,0,0,0,0,0,0,0,0,0,0,0,0,0,0,0,0,0,0,0,0,0,0,0,0,0,0,0,0,0,0,0,0,0,0,0,0,0,0,0,0,0,0,0,0,0,0,0,0,0,0,
hello,6_30,11_17_42,9.5270,0,1,0,9.527014,0.0000,0.0000,0.0000,0.0000,0.0000,0.0000,0,0,,,,,,,,0,0,0,0,0,0,0,0,0,0,0,0,0,0,0,0,0,0,0,0,0,0,0,0,0,0,0,0,0,0,0,0,0,0,0,0,0,0,0,0,0,0,0,0,0,0,0,0,0,0,0,
hello,6_30,11_17_42,9.5308,0,1,0,9.530799,0.0000,0.0000,0.0000,0.0000,0.0000,0.0000,0,0,,,,,,,,0,0,0,0,0,0,0,0,0,0,0,0,0,0,0,0,0,0,0,0,0,0,0,0,0,0,0,0,0,0,0,0,0,0,0,0,0,0,0,0,0,0,0,0,0,0,0,0,0,0,0,
hello,6_30,11_17_42,9.5342,0,1,0,9.534182,0.0000,0.0000,0.0000,0.0000,0.0000,0.0000,0,0,,,,,,,,0,0,0,0,0,0,0,0,0,0,0,0,0,0,0,0,0,0,0,0,0,0,0,0,0,0,0,0,0,0,0,0,0,0,0,0,0,0,0,0,0,0,0,0,0,0,0,0,0,0,0,
hello,6_30,11_17_42,9.5381,0,1,0,9.538081,0.0000,0.0000,0.0000,0.0000,0.0000,0.0000,0,0,,,,,,,,0,0,0,0,0,0,0,0,0,0,0,0,0,0,0,0,0,0,0,0,0,0,0,0,0,0,0,0,0,0,0,0,0,0,0,0,0,0,0,0,0,0,0,0,0,0,0,0,0,0,0,
hello,6_30,11_17_42,9.5423,0,1,0,9.542298,0.0000,0.0000,0.0000,0.0000,0.0000,0.0000,0,0,,,,,,,,0,0,0,0,0,0,0,0,0,0,0,0,0,0,0,0,0,0,0,0,0,0,0,0,0,0,0,0,0,0,0,0,0,0,0,0,0,0,0,0,0,0,0,0,0,0,0,0,0,0,0,
hello,6_30,11_17_42,9.5463,0,1,0,9.546336,0.0000,0.0000,0.0000,0.0000,0.0000,0.0000,0,0,,,,,,,,0,0,0,0,0,0,0,0,0,0,0,0,0,0,0,0,0,0,0,0,0,0,0,0,0,0,0,0,0,0,0,0,0,0,0,0,0,0,0,0,0,0,0,0,0,0,0,0,0,0,0,
hello,6_30,11_17_42,9.5500,0,1,0,9.550036,0.0000,0.0000,0.0000,0.0000,0.0000,0.0000,0,0,,,,,,,,0,0,0,0,0,0,0,0,0,0,0,0,0,0,0,0,0,0,0,0,0,0,0,0,0,0,0,0,0,0,0,0,0,0,0,0,0,0,0,0,0,0,0,0,0,0,0,0,0,0,0,
hello,6_30,11_17_42,9.5537,0,1,0,9.553716,0.0000,0.0000,0.0000,0.0000,0.0000,0.0000,0,0,,,,,,,,0,0,0,0,0,0,0,0,0,0,0,0,0,0,0,0,0,0,0,0,0,0,0,0,0,0,0,0,0,0,0,0,0,0,0,0,0,0,0,0,0,0,0,0,0,0,0,0,0,0,0,
hello,6_30,11_17_42,9.5576,0,1,0,9.557597,0.0000,0.0000,0.0000,0.0000,0.0000,0.0000,0,0,,,,,,,,0,0,0,0,0,0,0,0,0,0,0,0,0,0,0,0,0,0,0,0,0,0,0,0,0,0,0,0,0,0,0,0,0,0,0,0,0,0,0,0,0,0,0,0,0,0,0,0,0,0,0,
hello,6_30,11_17_42,9.5614,0,1,0,9.561406,0.0000,0.0000,0.0000,0.0000,0.0000,0.0000,0,0,,,,,,,,0,0,0,0,0,0,0,0,0,0,0,0,0,0,0,0,0,0,0,0,0,0,0,0,0,0,0,0,0,0,0,0,0,0,0,0,0,0,0,0,0,0,0,0,0,0,0,0,0,0,0,
hello,6_30,11_17_42,9.5654,0,1,0,9.565359,0.0000,0.0000,0.0000,0.0000,0.0000,0.0000,0,0,,,,,,,,0,0,0,0,0,0,0,0,0,0,0,0,0,0,0,0,0,0,0,0,0,0,0,0,0,0,0,0,0,0,0,0,0,0,0,0,0,0,0,0,0,0,0,0,0,0,0,0,0,0,0,
hello,6_30,11_17_42,9.5687,0,1,0,9.568717,0.0000,0.0000,0.0000,0.0000,0.0000,0.0000,0,0,,,,,,,,0,0,0,0,0,0,0,0,0,0,0,0,0,0,0,0,0,0,0,0,0,0,0,0,0,0,0,0,0,0,0,0,0,0,0,0,0,0,0,0,0,0,0,0,0,0,0,0,0,0,0,
hello,6_30,11_17_42,9.5725,0,1,0,9.572518,0.0000,0.0000,0.0000,0.0000,0.0000,0.0000,0,0,,,,,,,,0,0,0,0,0,0,0,0,0,0,0,0,0,0,0,0,0,0,0,0,0,0,0,0,0,0,0,0,0,0,0,0,0,0,0,0,0,0,0,0,0,0,0,0,0,0,0,0,0,0,0,
hello,6_30,11_17_42,9.5762,0,1,0,9.576229,0.0000,0.0000,0.0000,0.0000,0.0000,0.0000,0,0,,,,,,,,0,0,0,0,0,0,0,0,0,0,0,0,0,0,0,0,0,0,0,0,0,0,0,0,0,0,0,0,0,0,0,0,0,0,0,0,0,0,0,0,0,0,0,0,0,0,0,0,0,0,0,
hello,6_30,11_17_42,9.5799,0,1,0,9.579933,0.0000,0.0000,0.0000,0.0000,0.0000,0.0000,0,0,,,,,,,,0,0,0,0,0,0,0,0,0,0,0,0,0,0,0,0,0,0,0,0,0,0,0,0,0,0,0,0,0,0,0,0,0,0,0,0,0,0,0,0,0,0,0,0,0,0,0,0,0,0,0,
hello,6_30,11_17_42,9.5848,0,1,0,9.584834,0.0000,0.0000,0.0000,0.0000,0.0000,0.0000,0,0,,,,,,,,0,0,0,0,0,0,0,0,0,0,0,0,0,0,0,0,0,0,0,0,0,0,0,0,0,0,0,0,0,0,0,0,0,0,0,0,0,0,0,0,0,0,0,0,0,0,0,0,0,0,0,
hello,6_30,11_17_42,9.5888,0,1,0,9.588787,0.0000,0.0000,0.0000,0.0000,0.0000,0.0000,0,0,,,,,,,,0,0,0,0,0,0,0,0,0,0,0,0,0,0,0,0,0,0,0,0,0,0,0,0,0,0,0,0,0,0,0,0,0,0,0,0,0,0,0,0,0,0,0,0,0,0,0,0,0,0,0,
hello,6_30,11_17_42,9.5925,0,1,0,9.592468,0.0000,0.0000,0.0000,0.0000,0.0000,0.0000,0,0,,,,,,,,0,0,0,0,0,0,0,0,0,0,0,0,0,0,0,0,0,0,0,0,0,0,0,0,0,0,0,0,0,0,0,0,0,0,0,0,0,0,0,0,0,0,0,0,0,0,0,0,0,0,0,
hello,6_30,11_17_42,9.5959,0,1,0,9.595909,0.0000,0.0000,0.0000,0.0000,0.0000,0.0000,0,0,,,,,,,,0,0,0,0,0,0,0,0,0,0,0,0,0,0,0,0,0,0,0,0,0,0,0,0,0,0,0,0,0,0,0,0,0,0,0,0,0,0,0,0,0,0,0,0,0,0,0,0,0,0,0,
hello,6_30,11_17_42,9.5997,0,1,0,9.599663,0.0000,0.0000,0.0000,0.0000,0.0000,0.0000,0,0,,,,,,,,0,0,0,0,0,0,0,0,0,0,0,0,0,0,0,0,0,0,0,0,0,0,0,0,0,0,0,0,0,0,0,0,0,0,0,0,0,0,0,0,0,0,0,0,0,0,0,0,0,0,0,
hello,6_30,11_17_42,9.6172,0,1,0,9.617159,0.0000,0.0000,0.0000,0.0000,0.0000,0.0000,0,0,,,,,,,,0,0,0,0,0,0,0,0,0,0,0,0,0,0,0,0,0,0,0,0,0,0,0,0,0,0,0,0,0,0,0,0,0,0,0,0,0,0,0,0,0,0,0,0,0,0,0,0,0,0,0,
hello,6_30,11_17_42,9.6210,0,1,0,9.620981,0.0000,0.0000,0.0000,0.0000,0.0000,0.0000,0,0,,,,,,,,0,0,0,0,0,0,0,0,0,0,0,0,0,0,0,0,0,0,0,0,0,0,0,0,0,0,0,0,0,0,0,0,0,0,0,0,0,0,0,0,0,0,0,0,0,0,0,0,0,0,0,
hello,6_30,11_17_42,9.6246,0,1,0,9.624575,0.0000,0.0000,0.0000,0.0000,0.0000,0.0000,0,0,,,,,,,,0,0,0,0,0,0,0,0,0,0,0,0,0,0,0,0,0,0,0,0,0,0,0,0,0,0,0,0,0,0,0,0,0,0,0,0,0,0,0,0,0,0,0,0,0,0,0,0,0,0,0,
hello,6_30,11_17_42,9.6279,0,1,0,9.627872,0.0000,0.0000,0.0000,0.0000,0.0000,0.0000,0,0,,,,,,,,0,0,0,0,0,0,0,0,0,0,0,0,0,0,0,0,0,0,0,0,0,0,0,0,0,0,0,0,0,0,0,0,0,0,0,0,0,0,0,0,0,0,0,0,0,0,0,0,0,0,0,
hello,6_30,11_17_42,9.6384,0,1,0,9.638351,0.0000,0.0000,0.0000,0.0000,0.0000,0.0000,0,0,,,,,,,,0,0,0,0,0,0,0,0,0,0,0,0,0,0,0,0,0,0,0,0,0,0,0,0,0,0,0,0,0,0,0,0,0,0,0,0,0,0,0,0,0,0,0,0,0,0,0,0,0,0,0,
hello,6_30,11_17_42,9.6423,0,1,0,9.642329,0.0000,0.0000,0.0000,0.0000,0.0000,0.0000,0,0,,,,,,,,0,0,0,0,0,0,0,0,0,0,0,0,0,0,0,0,0,0,0,0,0,0,0,0,0,0,0,0,0,0,0,0,0,0,0,0,0,0,0,0,0,0,0,0,0,0,0,0,0,0,0,
hello,6_30,11_17_42,9.6459,0,1,0,9.645923,0.0000,0.0000,0.0000,0.0000,0.0000,0.0000,0,0,,,,,,,,0,0,0,0,0,0,0,0,0,0,0,0,0,0,0,0,0,0,0,0,0,0,0,0,0,0,0,0,0,0,0,0,0,0,0,0,0,0,0,0,0,0,0,0,0,0,0,0,0,0,0,
hello,6_30,11_17_42,9.6494,0,1,0,9.649375,0.0000,0.0000,0.0000,0.0000,0.0000,0.0000,0,0,,,,,,,,0,0,0,0,0,0,0,0,0,0,0,0,0,0,0,0,0,0,0,0,0,0,0,0,0,0,0,0,0,0,0,0,0,0,0,0,0,0,0,0,0,0,0,0,0,0,0,0,0,0,0,
hello,6_30,11_17_42,9.6530,0,1,0,9.652955,0.0000,0.0000,0.0000,0.0000,0.0000,0.0000,0,0,,,,,,,,0,0,0,0,0,0,0,0,0,0,0,0,0,0,0,0,0,0,0,0,0,0,0,0,0,0,0,0,0,0,0,0,0,0,0,0,0,0,0,0,0,0,0,0,0,0,0,0,0,0,0,
hello,6_30,11_17_42,9.6566,0,1,0,9.656573,0.0000,0.0000,0.0000,0.0000,0.0000,0.0000,0,0,,,,,,,,0,0,0,0,0,0,0,0,0,0,0,0,0,0,0,0,0,0,0,0,0,0,0,0,0,0,0,0,0,0,0,0,0,0,0,0,0,0,0,0,0,0,0,0,0,0,0,0,0,0,0,
hello,6_30,11_17_42,9.6603,0,1,0,9.660255,0.0000,0.0000,0.0000,0.0000,0.0000,0.0000,0,0,,,,,,,,0,0,0,0,0,0,0,0,0,0,0,0,0,0,0,0,0,0,0,0,0,0,0,0,0,0,0,0,0,0,0,0,0,0,0,0,0,0,0,0,0,0,0,0,0,0,0,0,0,0,0,
hello,6_30,11_17_42,9.6644,0,1,0,9.664441,0.0000,0.0000,0.0000,0.0000,0.0000,0.0000,0,0,,,,,,,,0,0,0,0,0,0,0,0,0,0,0,0,0,0,0,0,0,0,0,0,0,0,0,0,0,0,0,0,0,0,0,0,0,0,0,0,0,0,0,0,0,0,0,0,0,0,0,0,0,0,0,
hello,6_30,11_17_42,9.6684,0,1,0,9.668418,0.0000,0.0000,0.0000,0.0000,0.0000,0.0000,0,0,,,,,,,,0,0,0,0,0,0,0,0,0,0,0,0,0,0,0,0,0,0,0,0,0,0,0,0,0,0,0,0,0,0,0,0,0,0,0,0,0,0,0,0,0,0,0,0,0,0,0,0,0,0,0,
hello,6_30,11_17_42,9.6719,0,1,0,9.671878,0.0000,0.0000,0.0000,0.0000,0.0000,0.0000,0,0,,,,,,,,0,0,0,0,0,0,0,0,0,0,0,0,0,0,0,0,0,0,0,0,0,0,0,0,0,0,0,0,0,0,0,0,0,0,0,0,0,0,0,0,0,0,0,0,0,0,0,0,0,0,0,
hello,6_30,11_17_42,9.6759,0,1,0,9.675934,0.0000,0.0000,0.0000,0.0000,0.0000,0.0000,0,0,,,,,,,,0,0,0,0,0,0,0,0,0,0,0,0,0,0,0,0,0,0,0,0,0,0,0,0,0,0,0,0,0,0,0,0,0,0,0,0,0,0,0,0,0,0,0,0,0,0,0,0,0,0,0,
hello,6_30,11_17_42,9.6792,0,1,0,9.679234,0.0000,0.0000,0.0000,0.0000,0.0000,0.0000,0,0,,,,,,,,0,0,0,0,0,0,0,0,0,0,0,0,0,0,0,0,0,0,0,0,0,0,0,0,0,0,0,0,0,0,0,0,0,0,0,0,0,0,0,0,0,0,0,0,0,0,0,0,0,0,0,
hello,6_30,11_17_42,9.6830,0,1,0,9.682951,0.0000,0.0000,0.0000,0.0000,0.0000,0.0000,0,0,,,,,,,,0,0,0,0,0,0,0,0,0,0,0,0,0,0,0,0,0,0,0,0,0,0,0,0,0,0,0,0,0,0,0,0,0,0,0,0,0,0,0,0,0,0,0,0,0,0,0,0,0,0,0,
hello,6_30,11_17_42,9.6865,0,1,0,9.686509,0.0000,0.0000,0.0000,0.0000,0.0000,0.0000,0,0,,,,,,,,0,0,0,0,0,0,0,0,0,0,0,0,0,0,0,0,0,0,0,0,0,0,0,0,0,0,0,0,0,0,0,0,0,0,0,0,0,0,0,0,0,0,0,0,0,0,0,0,0,0,0,
hello,6_30,11_17_42,9.6902,0,1,0,9.690153,0.0000,0.0000,0.0000,0.0000,0.0000,0.0000,0,0,,,,,,,,0,0,0,0,0,0,0,0,0,0,0,0,0,0,0,0,0,0,0,0,0,0,0,0,0,0,0,0,0,0,0,0,0,0,0,0,0,0,0,0,0,0,0,0,0,0,0,0,0,0,0,
hello,6_30,11_17_42,9.6936,0,1,0,9.693612,0.0000,0.0000,0.0000,0.0000,0.0000,0.0000,0,0,,,,,,,,0,0,0,0,0,0,0,0,0,0,0,0,0,0,0,0,0,0,0,0,0,0,0,0,0,0,0,0,0,0,0,0,0,0,0,0,0,0,0,0,0,0,0,0,0,0,0,0,0,0,0,
hello,6_30,11_17_42,9.6971,0,1,0,9.6971,0.0000,0.0000,0.0000,0.0000,0.0000,0.0000,0,0,,,,,,,,0,0,0,0,0,0,0,0,0,0,0,0,0,0,0,0,0,0,0,0,0,0,0,0,0,0,0,0,0,0,0,0,0,0,0,0,0,0,0,0,0,0,0,0,0,0,0,0,0,0,0,
hello,6_30,11_17_42,9.7004,0,1,0,9.700363,0.0000,0.0000,0.0000,0.0000,0.0000,0.0000,0,0,,,,,,,,0,0,0,0,0,0,0,0,0,0,0,0,0,0,0,0,0,0,0,0,0,0,0,0,0,0,0,0,0,0,0,0,0,0,0,0,0,0,0,0,0,0,0,0,0,0,0,0,0,0,0,
hello,6_30,11_17_42,9.7044,0,1,0,9.704419,0.0000,0.0000,0.0000,0.0000,0.0000,0.0000,0,0,,,,,,,,0,0,0,0,0,0,0,0,0,0,0,0,0,0,0,0,0,0,0,0,0,0,0,0,0,0,0,0,0,0,0,0,0,0,0,0,0,0,0,0,0,0,0,0,0,0,0,0,0,0,0,
hello,6_30,11_17_42,9.7078,0,1,0,9.707774,0.0000,0.0000,0.0000,0.0000,0.0000,0.0000,0,0,,,,,,,,0,0,0,0,0,0,0,0,0,0,0,0,0,0,0,0,0,0,0,0,0,0,0,0,0,0,0,0,0,0,0,0,0,0,0,0,0,0,0,0,0,0,0,0,0,0,0,0,0,0,0,
hello,6_30,11_17_42,9.7112,0,1,0,9.711231,0.0000,0.0000,0.0000,0.0000,0.0000,0.0000,0,0,,,,,,,,0,0,0,0,0,0,0,0,0,0,0,0,0,0,0,0,0,0,0,0,0,0,0,0,0,0,0,0,0,0,0,0,0,0,0,0,0,0,0,0,0,0,0,0,0,0,0,0,0,0,0,
hello,6_30,11_17_42,9.7151,0,1,0,9.715076,0.0000,0.0000,0.0000,0.0000,0.0000,0.0000,0,0,,,,,,,,0,0,0,0,0,0,0,0,0,0,0,0,0,0,0,0,0,0,0,0,0,0,0,0,0,0,0,0,0,0,0,0,0,0,0,0,0,0,0,0,0,0,0,0,0,0,0,0,0,0,0,
hello,6_30,11_17_42,9.7190,0,1,0,9.718954,0.0000,0.0000,0.0000,0.0000,0.0000,0.0000,0,0,,,,,,,,0,0,0,0,0,0,0,0,0,0,0,0,0,0,0,0,0,0,0,0,0,0,0,0,0,0,0,0,0,0,0,0,0,0,0,0,0,0,0,0,0,0,0,0,0,0,0,0,0,0,0,
hello,6_30,11_17_42,9.7224,0,1,0,9.722372,0.0000,0.0000,0.0000,0.0000,0.0000,0.0000,0,0,,,,,,,,0,0,0,0,0,0,0,0,0,0,0,0,0,0,0,0,0,0,0,0,0,0,0,0,0,0,0,0,0,0,0,0,0,0,0,0,0,0,0,0,0,0,0,0,0,0,0,0,0,0,0,
hello,6_30,11_17_42,9.7259,0,1,0,9.725899,0.0000,0.0000,0.0000,0.0000,0.0000,0.0000,0,0,,,,,,,,0,0,0,0,0,0,0,0,0,0,0,0,0,0,0,0,0,0,0,0,0,0,0,0,0,0,0,0,0,0,0,0,0,0,0,0,0,0,0,0,0,0,0,0,0,0,0,0,0,0,0,
hello,6_30,11_17_42,9.7292,0,1,0,9.729164,0.0000,0.0000,0.0000,0.0000,0.0000,0.0000,0,0,,,,,,,,0,0,0,0,0,0,0,0,0,0,0,0,0,0,0,0,0,0,0,0,0,0,0,0,0,0,0,0,0,0,0,0,0,0,0,0,0,0,0,0,0,0,0,0,0,0,0,0,0,0,0,
hello,6_30,11_17_42,9.7324,0,1,0,9.732409,0.0000,0.0000,0.0000,0.0000,0.0000,0.0000,0,0,,,,,,,,0,0,0,0,0,0,0,0,0,0,0,0,0,0,0,0,0,0,0,0,0,0,0,0,0,0,0,0,0,0,0,0,0,0,0,0,0,0,0,0,0,0,0,0,0,0,0,0,0,0,0,
hello,6_30,11_17_42,9.7362,0,1,0,9.736243,0.0000,0.0000,0.0000,0.0000,0.0000,0.0000,0,0,,,,,,,,0,0,0,0,0,0,0,0,0,0,0,0,0,0,0,0,0,0,0,0,0,0,0,0,0,0,0,0,0,0,0,0,0,0,0,0,0,0,0,0,0,0,0,0,0,0,0,0,0,0,0,
hello,6_30,11_17_42,9.7400,0,1,0,9.740013,0.0000,0.0000,0.0000,0.0000,0.0000,0.0000,0,0,,,,,,,,0,0,0,0,0,0,0,0,0,0,0,0,0,0,0,0,0,0,0,0,0,0,0,0,0,0,0,0,0,0,0,0,0,0,0,0,0,0,0,0,0,0,0,0,0,0,0,0,0,0,0,
hello,6_30,11_17_42,9.7437,0,1,0,9.743684,0.0000,0.0000,0.0000,0.0000,0.0000,0.0000,0,0,,,,,,,,0,0,0,0,0,0,0,0,0,0,0,0,0,0,0,0,0,0,0,0,0,0,0,0,0,0,0,0,0,0,0,0,0,0,0,0,0,0,0,0,0,0,0,0,0,0,0,0,0,0,0,
hello,6_30,11_17_42,9.7471,0,1,0,9.747116,0.0000,0.0000,0.0000,0.0000,0.0000,0.0000,0,0,,,,,,,,0,0,0,0,0,0,0,0,0,0,0,0,0,0,0,0,0,0,0,0,0,0,0,0,0,0,0,0,0,0,0,0,0,0,0,0,0,0,0,0,0,0,0,0,0,0,0,0,0,0,0,
hello,6_30,11_17_42,9.7506,0,1,0,9.750633,0.0000,0.0000,0.0000,0.0000,0.0000,0.0000,0,0,,,,,,,,0,0,0,0,0,0,0,0,0,0,0,0,0,0,0,0,0,0,0,0,0,0,0,0,0,0,0,0,0,0,0,0,0,0,0,0,0,0,0,0,0,0,0,0,0,0,0,0,0,0,0,
hello,6_30,11_17_42,9.7541,0,1,0,9.754124,0.0000,0.0000,0.0000,0.0000,0.0000,0.0000,0,0,,,,,,,,0,0,0,0,0,0,0,0,0,0,0,0,0,0,0,0,0,0,0,0,0,0,0,0,0,0,0,0,0,0,0,0,0,0,0,0,0,0,0,0,0,0,0,0,0,0,0,0,0,0,0,
hello,6_30,11_17_43,9.7575,0,1,0,9.757522,0.0000,0.0000,0.0000,0.0000,0.0000,0.0000,0,0,,,,,,,,0,0,0,0,0,0,0,0,0,0,0,0,0,0,0,0,0,0,0,0,0,0,0,0,0,0,0,0,0,0,0,0,0,0,0,0,0,0,0,0,0,0,0,0,0,0,0,0,0,0,0,
hello,6_30,11_17_43,9.7610,0,1,0,9.760999,0.0000,0.0000,0.0000,0.0000,0.0000,0.0000,0,0,,,,,,,,0,0,0,0,0,0,0,0,0,0,0,0,0,0,0,0,0,0,0,0,0,0,0,0,0,0,0,0,0,0,0,0,0,0,0,0,0,0,0,0,0,0,0,0,0,0,0,0,0,0,0,
hello,6_30,11_17_43,9.7647,0,1,0,9.764701,0.0000,0.0000,0.0000,0.0000,0.0000,0.0000,0,0,,,,,,,,0,0,0,0,0,0,0,0,0,0,0,0,0,0,0,0,0,0,0,0,0,0,0,0,0,0,0,0,0,0,0,0,0,0,0,0,0,0,0,0,0,0,0,0,0,0,0,0,0,0,0,
hello,6_30,11_17_43,9.7685,0,1,0,9.768468,0.0000,0.0000,0.0000,0.0000,0.0000,0.0000,0,0,,,,,,,,0,0,0,0,0,0,0,0,0,0,0,0,0,0,0,0,0,0,0,0,0,0,0,0,0,0,0,0,0,0,0,0,0,0,0,0,0,0,0,0,0,0,0,0,0,0,0,0,0,0,0,
hello,6_30,11_17_43,9.7718,0,1,0,9.771828,0.0000,0.0000,0.0000,0.0000,0.0000,0.0000,0,0,,,,,,,,0,0,0,0,0,0,0,0,0,0,0,0,0,0,0,0,0,0,0,0,0,0,0,0,0,0,0,0,0,0,0,0,0,0,0,0,0,0,0,0,0,0,0,0,0,0,0,0,0,0,0,
hello,6_30,11_17_43,9.7755,0,1,0,9.775456,0.0000,0.0000,0.0000,0.0000,0.0000,0.0000,0,0,,,,,,,,0,0,0,0,0,0,0,0,0,0,0,0,0,0,0,0,0,0,0,0,0,0,0,0,0,0,0,0,0,0,0,0,0,0,0,0,0,0,0,0,0,0,0,0,0,0,0,0,0,0,0,
hello,6_30,11_17_43,9.7790,0,1,0,9.778974,0.0000,0.0000,0.0000,0.0000,0.0000,0.0000,0,0,,,,,,,,0,0,0,0,0,0,0,0,0,0,0,0,0,0,0,0,0,0,0,0,0,0,0,0,0,0,0,0,0,0,0,0,0,0,0,0,0,0,0,0,0,0,0,0,0,0,0,0,0,0,0,
hello,6_30,11_17_43,9.7829,0,1,0,9.782851,0.0000,0.0000,0.0000,0.0000,0.0000,0.0000,0,0,,,,,,,,0,0,0,0,0,0,0,0,0,0,0,0,0,0,0,0,0,0,0,0,0,0,0,0,0,0,0,0,0,0,0,0,0,0,0,0,0,0,0,0,0,0,0,0,0,0,0,0,0,0,0,
hello,6_30,11_17_43,9.7867,0,1,0,9.786719,0.0000,0.0000,0.0000,0.0000,0.0000,0.0000,0,0,,,,,,,,0,0,0,0,0,0,0,0,0,0,0,0,0,0,0,0,0,0,0,0,0,0,0,0,0,0,0,0,0,0,0,0,0,0,0,0,0,0,0,0,0,0,0,0,0,0,0,0,0,0,0,
hello,6_30,11_17_43,9.7902,0,1,0,9.79019,0.0000,0.0000,0.0000,0.0000,0.0000,0.0000,0,0,,,,,,,,0,0,0,0,0,0,0,0,0,0,0,0,0,0,0,0,0,0,0,0,0,0,0,0,0,0,0,0,0,0,0,0,0,0,0,0,0,0,0,0,0,0,0,0,0,0,0,0,0,0,0,
hello,6_30,11_17_43,9.7937,0,1,0,9.793732,0.0000,0.0000,0.0000,0.0000,0.0000,0.0000,0,0,,,,,,,,0,0,0,0,0,0,0,0,0,0,0,0,0,0,0,0,0,0,0,0,0,0,0,0,0,0,0,0,0,0,0,0,0,0,0,0,0,0,0,0,0,0,0,0,0,0,0,0,0,0,0,
hello,6_30,11_17_43,9.7973,0,1,0,9.797304,0.0000,0.0000,0.0000,0.0000,0.0000,0.0000,0,0,,,,,,,,0,0,0,0,0,0,0,0,0,0,0,0,0,0,0,0,0,0,0,0,0,0,0,0,0,0,0,0,0,0,0,0,0,0,0,0,0,0,0,0,0,0,0,0,0,0,0,0,0,0,0,
hello,6_30,11_17_43,9.8009,0,1,0,9.800934,0.0000,0.0000,0.0000,0.0000,0.0000,0.0000,0,0,,,,,,,,0,0,0,0,0,0,0,0,0,0,0,0,0,0,0,0,0,0,0,0,0,0,0,0,0,0,0,0,0,0,0,0,0,0,0,0,0,0,0,0,0,0,0,0,0,0,0,0,0,0,0,
hello,6_30,11_17_43,9.8197,0,1,0,9.819684,0.0000,0.0000,0.0000,0.0000,0.0000,0.0000,0,0,,,,,,,,0,0,0,0,0,0,0,0,0,0,0,0,0,0,0,0,0,0,0,0,0,0,0,0,0,0,0,0,0,0,0,0,0,0,0,0,0,0,0,0,0,0,0,0,0,0,0,0,0,0,0,
hello,6_30,11_17_43,9.8236,0,1,0,9.82362,0.0000,0.0000,0.0000,0.0000,0.0000,0.0000,0,0,,,,,,,,0,0,0,0,0,0,0,0,0,0,0,0,0,0,0,0,0,0,0,0,0,0,0,0,0,0,0,0,0,0,0,0,0,0,0,0,0,0,0,0,0,0,0,0,0,0,0,0,0,0,0,
hello,6_30,11_17_43,9.8273,0,1,0,9.827342,0.0000,0.0000,0.0000,0.0000,0.0000,0.0000,0,0,,,,,,,,0,0,0,0,0,0,0,0,0,0,0,0,0,0,0,0,0,0,0,0,0,0,0,0,0,0,0,0,0,0,0,0,0,0,0,0,0,0,0,0,0,0,0,0,0,0,0,0,0,0,0,
hello,6_30,11_17_43,9.8312,0,1,0,9.831226,0.0000,0.0000,0.0000,0.0000,0.0000,0.0000,0,0,,,,,,,,0,0,0,0,0,0,0,0,0,0,0,0,0,0,0,0,0,0,0,0,0,0,0,0,0,0,0,0,0,0,0,0,0,0,0,0,0,0,0,0,0,0,0,0,0,0,0,0,0,0,0,
hello,6_30,11_17_43,9.8346,0,1,0,9.834638,0.0000,0.0000,0.0000,0.0000,0.0000,0.0000,0,0,,,,,,,,0,0,0,0,0,0,0,0,0,0,0,0,0,0,0,0,0,0,0,0,0,0,0,0,0,0,0,0,0,0,0,0,0,0,0,0,0,0,0,0,0,0,0,0,0,0,0,0,0,0,0,
hello,6_30,11_17_43,9.8380,0,1,0,9.838029,0.0000,0.0000,0.0000,0.0000,0.0000,0.0000,0,0,,,,,,,,0,0,0,0,0,0,0,0,0,0,0,0,0,0,0,0,0,0,0,0,0,0,0,0,0,0,0,0,0,0,0,0,0,0,0,0,0,0,0,0,0,0,0,0,0,0,0,0,0,0,0,
hello,6_30,11_17_43,9.8413,0,1,0,9.841303,0.0000,0.0000,0.0000,0.0000,0.0000,0.0000,0,0,,,,,,,,0,0,0,0,0,0,0,0,0,0,0,0,0,0,0,0,0,0,0,0,0,0,0,0,0,0,0,0,0,0,0,0,0,0,0,0,0,0,0,0,0,0,0,0,0,0,0,0,0,0,0,
hello,6_30,11_17_43,9.8452,0,1,0,9.845211,0.0000,0.0000,0.0000,0.0000,0.0000,0.0000,0,0,,,,,,,,0,0,0,0,0,0,0,0,0,0,0,0,0,0,0,0,0,0,0,0,0,0,0,0,0,0,0,0,0,0,0,0,0,0,0,0,0,0,0,0,0,0,0,0,0,0,0,0,0,0,0,
hello,6_30,11_17_43,9.8485,0,1,0,9.848483,0.0000,0.0000,0.0000,0.0000,0.0000,0.0000,0,0,,,,,,,,0,0,0,0,0,0,0,0,0,0,0,0,0,0,0,0,0,0,0,0,0,0,0,0,0,0,0,0,0,0,0,0,0,0,0,0,0,0,0,0,0,0,0,0,0,0,0,0,0,0,0,
hello,6_30,11_17_43,9.8517,0,1,0,9.851738,0.0000,0.0000,0.0000,0.0000,0.0000,0.0000,0,0,,,,,,,,0,0,0,0,0,0,0,0,0,0,0,0,0,0,0,0,0,0,0,0,0,0,0,0,0,0,0,0,0,0,0,0,0,0,0,0,0,0,0,0,0,0,0,0,0,0,0,0,0,0,0,
hello,6_30,11_17_43,9.8550,0,1,0,9.854988,0.0000,0.0000,0.0000,0.0000,0.0000,0.0000,0,0,,,,,,,,0,0,0,0,0,0,0,0,0,0,0,0,0,0,0,0,0,0,0,0,0,0,0,0,0,0,0,0,0,0,0,0,0,0,0,0,0,0,0,0,0,0,0,0,0,0,0,0,0,0,0,
hello,6_30,11_17_43,9.8583,0,1,0,9.858299,0.0000,0.0000,0.0000,0.0000,0.0000,0.0000,0,0,,,,,,,,0,0,0,0,0,0,0,0,0,0,0,0,0,0,0,0,0,0,0,0,0,0,0,0,0,0,0,0,0,0,0,0,0,0,0,0,0,0,0,0,0,0,0,0,0,0,0,0,0,0,0,
hello,6_30,11_17_43,9.8616,0,1,0,9.861616,0.0000,0.0000,0.0000,0.0000,0.0000,0.0000,0,0,,,,,,,,0,0,0,0,0,0,0,0,0,0,0,0,0,0,0,0,0,0,0,0,0,0,0,0,0,0,0,0,0,0,0,0,0,0,0,0,0,0,0,0,0,0,0,0,0,0,0,0,0,0,0,
hello,6_30,11_17_43,9.8654,0,1,0,9.865438,0.0000,0.0000,0.0000,0.0000,0.0000,0.0000,0,0,,,,,,,,0,0,0,0,0,0,0,0,0,0,0,0,0,0,0,0,0,0,0,0,0,0,0,0,0,0,0,0,0,0,0,0,0,0,0,0,0,0,0,0,0,0,0,0,0,0,0,0,0,0,0,
hello,6_30,11_17_43,9.8689,0,1,0,9.86893,0.0000,0.0000,0.0000,0.0000,0.0000,0.0000,0,0,,,,,,,,0,0,0,0,0,0,0,0,0,0,0,0,0,0,0,0,0,0,0,0,0,0,0,0,0,0,0,0,0,0,0,0,0,0,0,0,0,0,0,0,0,0,0,0,0,0,0,0,0,0,0,
hello,6_30,11_17_43,9.8723,0,1,0,9.872313,0.0000,0.0000,0.0000,0.0000,0.0000,0.0000,0,0,,,,,,,,0,0,0,0,0,0,0,0,0,0,0,0,0,0,0,0,0,0,0,0,0,0,0,0,0,0,0,0,0,0,0,0,0,0,0,0,0,0,0,0,0,0,0,0,0,0,0,0,0,0,0,
hello,6_30,11_17_43,9.8758,0,1,0,9.875813,0.0000,0.0000,0.0000,0.0000,0.0000,0.0000,0,0,,,,,,,,0,0,0,0,0,0,0,0,0,0,0,0,0,0,0,0,0,0,0,0,0,0,0,0,0,0,0,0,0,0,0,0,0,0,0,0,0,0,0,0,0,0,0,0,0,0,0,0,0,0,0,
hello,6_30,11_17_43,9.8795,0,1,0,9.879457,0.0000,0.0000,0.0000,0.0000,0.0000,0.0000,0,0,,,,,,,,0,0,0,0,0,0,0,0,0,0,0,0,0,0,0,0,0,0,0,0,0,0,0,0,0,0,0,0,0,0,0,0,0,0,0,0,0,0,0,0,0,0,0,0,0,0,0,0,0,0,0,
hello,6_30,11_17_43,9.8830,0,1,0,9.883025,0.0000,0.0000,0.0000,0.0000,0.0000,0.0000,0,0,,,,,,,,0,0,0,0,0,0,0,0,0,0,0,0,0,0,0,0,0,0,0,0,0,0,0,0,0,0,0,0,0,0,0,0,0,0,0,0,0,0,0,0,0,0,0,0,0,0,0,0,0,0,0,
hello,6_30,11_17_43,9.8871,0,1,0,9.887114,0.0000,0.0000,0.0000,0.0000,0.0000,0.0000,0,0,,,,,,,,0,0,0,0,0,0,0,0,0,0,0,0,0,0,0,0,0,0,0,0,0,0,0,0,0,0,0,0,0,0,0,0,0,0,0,0,0,0,0,0,0,0,0,0,0,0,0,0,0,0,0,
hello,6_30,11_17_43,9.8905,0,1,0,9.890473,0.0000,0.0000,0.0000,0.0000,0.0000,0.0000,0,0,,,,,,,,0,0,0,0,0,0,0,0,0,0,0,0,0,0,0,0,0,0,0,0,0,0,0,0,0,0,0,0,0,0,0,0,0,0,0,0,0,0,0,0,0,0,0,0,0,0,0,0,0,0,0,
hello,6_30,11_17_43,9.8939,0,1,0,9.89389,0.0000,0.0000,0.0000,0.0000,0.0000,0.0000,0,0,,,,,,,,0,0,0,0,0,0,0,0,0,0,0,0,0,0,0,0,0,0,0,0,0,0,0,0,0,0,0,0,0,0,0,0,0,0,0,0,0,0,0,0,0,0,0,0,0,0,0,0,0,0,0,
hello,6_30,11_17_43,9.8973,0,1,0,9.897266,0.0000,0.0000,0.0000,0.0000,0.0000,0.0000,0,0,,,,,,,,0,0,0,0,0,0,0,0,0,0,0,0,0,0,0,0,0,0,0,0,0,0,0,0,0,0,0,0,0,0,0,0,0,0,0,0,0,0,0,0,0,0,0,0,0,0,0,0,0,0,0,
hello,6_30,11_17_43,9.9007,0,1,0,9.900725,0.0000,0.0000,0.0000,0.0000,0.0000,0.0000,0,0,,,,,,,,0,0,0,0,0,0,0,0,0,0,0,0,0,0,0,0,0,0,0,0,0,0,0,0,0,0,0,0,0,0,0,0,0,0,0,0,0,0,0,0,0,0,0,0,0,0,0,0,0,0,0,
hello,6_30,11_17_43,9.9044,0,1,0,9.90436,0.0000,0.0000,0.0000,0.0000,0.0000,0.0000,0,0,,,,,,,,0,0,0,0,0,0,0,0,0,0,0,0,0,0,0,0,0,0,0,0,0,0,0,0,0,0,0,0,0,0,0,0,0,0,0,0,0,0,0,0,0,0,0,0,0,0,0,0,0,0,0,
hello,6_30,11_17_43,9.9077,0,1,0,9.907721,0.0000,0.0000,0.0000,0.0000,0.0000,0.0000,0,0,,,,,,,,0,0,0,0,0,0,0,0,0,0,0,0,0,0,0,0,0,0,0,0,0,0,0,0,0,0,0,0,0,0,0,0,0,0,0,0,0,0,0,0,0,0,0,0,0,0,0,0,0,0,0,
hello,6_30,11_17_43,9.9111,0,1,0,9.911106,0.0000,0.0000,0.0000,0.0000,0.0000,0.0000,0,0,,,,,,,,0,0,0,0,0,0,0,0,0,0,0,0,0,0,0,0,0,0,0,0,0,0,0,0,0,0,0,0,0,0,0,0,0,0,0,0,0,0,0,0,0,0,0,0,0,0,0,0,0,0,0,
hello,6_30,11_17_43,9.9144,0,1,0,9.914358,0.0000,0.0000,0.0000,0.0000,0.0000,0.0000,0,0,,,,,,,,0,0,0,0,0,0,0,0,0,0,0,0,0,0,0,0,0,0,0,0,0,0,0,0,0,0,0,0,0,0,0,0,0,0,0,0,0,0,0,0,0,0,0,0,0,0,0,0,0,0,0,
hello,6_30,11_17_43,9.9176,0,1,0,9.917619,0.0000,0.0000,0.0000,0.0000,0.0000,0.0000,0,0,,,,,,,,0,0,0,0,0,0,0,0,0,0,0,0,0,0,0,0,0,0,0,0,0,0,0,0,0,0,0,0,0,0,0,0,0,0,0,0,0,0,0,0,0,0,0,0,0,0,0,0,0,0,0,
hello,6_30,11_17_43,9.9211,0,1,0,9.921096,0.0000,0.0000,0.0000,0.0000,0.0000,0.0000,0,0,,,,,,,,0,0,0,0,0,0,0,0,0,0,0,0,0,0,0,0,0,0,0,0,0,0,0,0,0,0,0,0,0,0,0,0,0,0,0,0,0,0,0,0,0,0,0,0,0,0,0,0,0,0,0,
hello,6_30,11_17_43,9.9246,0,1,0,9.9246,0.0000,0.0000,0.0000,0.0000,0.0000,0.0000,0,0,,,,,,,,0,0,0,0,0,0,0,0,0,0,0,0,0,0,0,0,0,0,0,0,0,0,0,0,0,0,0,0,0,0,0,0,0,0,0,0,0,0,0,0,0,0,0,0,0,0,0,0,0,0,0,
hello,6_30,11_17_43,9.9279,0,1,0,9.927925,0.0000,0.0000,0.0000,0.0000,0.0000,0.0000,0,0,,,,,,,,0,0,0,0,0,0,0,0,0,0,0,0,0,0,0,0,0,0,0,0,0,0,0,0,0,0,0,0,0,0,0,0,0,0,0,0,0,0,0,0,0,0,0,0,0,0,0,0,0,0,0,
hello,6_30,11_17_43,9.9313,0,1,0,9.931282,0.0000,0.0000,0.0000,0.0000,0.0000,0.0000,0,0,,,,,,,,0,0,0,0,0,0,0,0,0,0,0,0,0,0,0,0,0,0,0,0,0,0,0,0,0,0,0,0,0,0,0,0,0,0,0,0,0,0,0,0,0,0,0,0,0,0,0,0,0,0,0,
hello,6_30,11_17_43,9.9348,0,1,0,9.934772,0.0000,0.0000,0.0000,0.0000,0.0000,0.0000,0,0,,,,,,,,0,0,0,0,0,0,0,0,0,0,0,0,0,0,0,0,0,0,0,0,0,0,0,0,0,0,0,0,0,0,0,0,0,0,0,0,0,0,0,0,0,0,0,0,0,0,0,0,0,0,0,
hello,6_30,11_17_43,9.9382,0,1,0,9.938249,0.0000,0.0000,0.0000,0.0000,0.0000,0.0000,0,0,,,,,,,,0,0,0,0,0,0,0,0,0,0,0,0,0,0,0,0,0,0,0,0,0,0,0,0,0,0,0,0,0,0,0,0,0,0,0,0,0,0,0,0,0,0,0,0,0,0,0,0,0,0,0,
hello,6_30,11_17_43,9.9417,0,1,0,9.941689,0.0000,0.0000,0.0000,0.0000,0.0000,0.0000,0,0,,,,,,,,0,0,0,0,0,0,0,0,0,0,0,0,0,0,0,0,0,0,0,0,0,0,0,0,0,0,0,0,0,0,0,0,0,0,0,0,0,0,0,0,0,0,0,0,0,0,0,0,0,0,0,
hello,6_30,11_17_43,9.9453,0,1,0,9.945281,0.0000,0.0000,0.0000,0.0000,0.0000,0.0000,0,0,,,,,,,,0,0,0,0,0,0,0,0,0,0,0,0,0,0,0,0,0,0,0,0,0,0,0,0,0,0,0,0,0,0,0,0,0,0,0,0,0,0,0,0,0,0,0,0,0,0,0,0,0,0,0,
hello,6_30,11_17_43,9.9489,0,1,0,9.948851,0.0000,0.0000,0.0000,0.0000,0.0000,0.0000,0,0,,,,,,,,0,0,0,0,0,0,0,0,0,0,0,0,0,0,0,0,0,0,0,0,0,0,0,0,0,0,0,0,0,0,0,0,0,0,0,0,0,0,0,0,0,0,0,0,0,0,0,0,0,0,0,
hello,6_30,11_17_43,9.9521,0,1,0,9.952148,0.0000,0.0000,0.0000,0.0000,0.0000,0.0000,0,0,,,,,,,,0,0,0,0,0,0,0,0,0,0,0,0,0,0,0,0,0,0,0,0,0,0,0,0,0,0,0,0,0,0,0,0,0,0,0,0,0,0,0,0,0,0,0,0,0,0,0,0,0,0,0,
hello,6_30,11_17_43,9.9554,0,1,0,9.955421,0.0000,0.0000,0.0000,0.0000,0.0000,0.0000,0,0,,,,,,,,0,0,0,0,0,0,0,0,0,0,0,0,0,0,0,0,0,0,0,0,0,0,0,0,0,0,0,0,0,0,0,0,0,0,0,0,0,0,0,0,0,0,0,0,0,0,0,0,0,0,0,
hello,6_30,11_17_43,9.9588,0,1,0,9.958849,0.0000,0.0000,0.0000,0.0000,0.0000,0.0000,0,0,,,,,,,,0,0,0,0,0,0,0,0,0,0,0,0,0,0,0,0,0,0,0,0,0,0,0,0,0,0,0,0,0,0,0,0,0,0,0,0,0,0,0,0,0,0,0,0,0,0,0,0,0,0,0,
hello,6_30,11_17_43,9.9622,0,1,0,9.962203,0.0000,0.0000,0.0000,0.0000,0.0000,0.0000,0,0,,,,,,,,0,0,0,0,0,0,0,0,0,0,0,0,0,0,0,0,0,0,0,0,0,0,0,0,0,0,0,0,0,0,0,0,0,0,0,0,0,0,0,0,0,0,0,0,0,0,0,0,0,0,0,
hello,6_30,11_17_43,9.9658,0,1,0,9.965825,0.0000,0.0000,0.0000,0.0000,0.0000,0.0000,0,0,,,,,,,,0,0,0,0,0,0,0,0,0,0,0,0,0,0,0,0,0,0,0,0,0,0,0,0,0,0,0,0,0,0,0,0,0,0,0,0,0,0,0,0,0,0,0,0,0,0,0,0,0,0,0,
hello,6_30,11_17_43,9.9694,0,1,0,9.96936,0.0000,0.0000,0.0000,0.0000,0.0000,0.0000,0,0,,,,,,,,0,0,0,0,0,0,0,0,0,0,0,0,0,0,0,0,0,0,0,0,0,0,0,0,0,0,0,0,0,0,0,0,0,0,0,0,0,0,0,0,0,0,0,0,0,0,0,0,0,0,0,
hello,6_30,11_17_43,9.9728,0,1,0,9.972799,0.0000,0.0000,0.0000,0.0000,0.0000,0.0000,0,0,,,,,,,,0,0,0,0,0,0,0,0,0,0,0,0,0,0,0,0,0,0,0,0,0,0,0,0,0,0,0,0,0,0,0,0,0,0,0,0,0,0,0,0,0,0,0,0,0,0,0,0,0,0,0,
hello,6_30,11_17_43,9.9761,0,1,0,9.976123,0.0000,0.0000,0.0000,0.0000,0.0000,0.0000,0,0,,,,,,,,0,0,0,0,0,0,0,0,0,0,0,0,0,0,0,0,0,0,0,0,0,0,0,0,0,0,0,0,0,0,0,0,0,0,0,0,0,0,0,0,0,0,0,0,0,0,0,0,0,0,0,
hello,6_30,11_17_43,9.9796,0,1,0,9.979552,0.0000,0.0000,0.0000,0.0000,0.0000,0.0000,0,0,,,,,,,,0,0,0,0,0,0,0,0,0,0,0,0,0,0,0,0,0,0,0,0,0,0,0,0,0,0,0,0,0,0,0,0,0,0,0,0,0,0,0,0,0,0,0,0,0,0,0,0,0,0,0,
hello,6_30,11_17_43,9.9829,0,1,0,9.982873,0.0000,0.0000,0.0000,0.0000,0.0000,0.0000,0,0,,,,,,,,0,0,0,0,0,0,0,0,0,0,0,0,0,0,0,0,0,0,0,0,0,0,0,0,0,0,0,0,0,0,0,0,0,0,0,0,0,0,0,0,0,0,0,0,0,0,0,0,0,0,0,
hello,6_30,11_17_43,9.9864,0,1,0,9.986428,0.0000,0.0000,0.0000,0.0000,0.0000,0.0000,0,0,,,,,,,,0,0,0,0,0,0,0,0,0,0,0,0,0,0,0,0,0,0,0,0,0,0,0,0,0,0,0,0,0,0,0,0,0,0,0,0,0,0,0,0,0,0,0,0,0,0,0,0,0,0,0,
hello,6_30,11_17_43,9.9904,0,1,0,9.990397,0.0000,0.0000,0.0000,0.0000,0.0000,0.0000,0,0,,,,,,,,0,0,0,0,0,0,0,0,0,0,0,0,0,0,0,0,0,0,0,0,0,0,0,0,0,0,0,0,0,0,0,0,0,0,0,0,0,0,0,0,0,0,0,0,0,0,0,0,0,0,0,
hello,6_30,11_17_43,9.9943,0,1,0,9.994251,0.0000,0.0000,0.0000,0.0000,0.0000,0.0000,0,0,,,,,,,,0,0,0,0,0,0,0,0,0,0,0,0,0,0,0,0,0,0,0,0,0,0,0,0,0,0,0,0,0,0,0,0,0,0,0,0,0,0,0,0,0,0,0,0,0,0,0,0,0,0,0,
hello,6_30,11_17_43,9.9977,0,1,0,9.997722,0.0000,0.0000,0.0000,0.0000,0.0000,0.0000,0,0,,,,,,,,0,0,0,0,0,0,0,0,0,0,0,0,0,0,0,0,0,0,0,0,0,0,0,0,0,0,0,0,0,0,0,0,0,0,0,0,0,0,0,0,0,0,0,0,0,0,0,0,0,0,0,
hello,6_30,11_17_43,10.0013,0,1,0,10.00134,0.0000,0.0000,0.0000,0.0000,0.0000,0.0000,0,0,,,,,,,,0,0,0,0,0,0,0,0,0,0,0,0,0,0,0,0,0,0,0,0,0,0,0,0,0,0,0,0,0,0,0,0,0,0,0,0,0,0,0,0,0,0,0,0,0,0,0,0,0,0,0,
hello,6_30,11_17_43,10.0187,0,1,0,10.01865,0.0000,0.0000,0.0000,0.0000,0.0000,0.0000,0,0,,,,,,,,0,0,0,0,0,0,0,0,0,0,0,0,0,0,0,0,0,0,0,0,0,0,0,0,0,0,0,0,0,0,0,0,0,0,0,0,0,0,0,0,0,0,0,0,0,0,0,0,0,0,0,
hello,6_30,11_17_43,10.0223,0,2,0,10.0223,0.0000,0.0000,0.0000,0.0000,0.0000,0.0000,0,0,,,,,,,,0,0,0,0,0,0,0,0,0,0,0,0,0,0,0,0,0,0,0,0,0,0,0,0,0,0,0,0,0,0,0,0,0,0,0,0,0,0,0,0,0,0,0,0,0,0,0,0,0,0,0,
hello,6_30,11_17_43,10.0259,0,2,0,10.02594,0.0000,0.0000,0.0000,0.0000,0.0000,0.0000,0,0,,,,,,,,0,0,0,0,0,0,0,0,0,0,0,0,0,0,0,0,0,0,0,0,0,0,0,0,0,0,0,0,0,0,0,0,0,0,0,0,0,0,0,0,0,0,0,0,0,0,0,0,0,0,0,
hello,6_30,11_17_43,10.0294,0,2,0,10.02935,0.0000,0.0000,0.0000,0.0000,0.0000,0.0000,0,0,,,,,,,,0,0,0,0,0,0,0,0,0,0,0,0,0,0,0,0,0,0,0,0,0,0,0,0,0,0,0,0,0,0,0,0,0,0,0,0,0,0,0,0,0,0,0,0,0,0,0,0,0,0,0,
hello,6_30,11_17_43,10.0326,0,2,0,10.03264,0.0000,0.0000,0.0000,0.0000,0.0000,0.0000,0,0,,,,,,,,0,0,0,0,0,0,0,0,0,0,0,0,0,0,0,0,0,0,0,0,0,0,0,0,0,0,0,0,0,0,0,0,0,0,0,0,0,0,0,0,0,0,0,0,0,0,0,0,0,0,0,
hello,6_30,11_17_43,10.0361,0,2,0,10.0361,0.0000,0.0000,0.0000,0.0000,0.0000,0.0000,0,0,,,,,,,,0,0,0,0,0,0,0,0,0,0,0,0,0,0,0,0,0,0,0,0,0,0,0,0,0,0,0,0,0,0,0,0,0,0,0,0,0,0,0,0,0,0,0,0,0,0,0,0,0,0,0,
hello,6_30,11_17_43,10.0395,0,2,0,10.03951,0.0000,0.0000,0.0000,0.0000,0.0000,0.0000,0,0,,,,,,,,0,0,0,0,0,0,0,0,0,0,0,0,0,0,0,0,0,0,0,0,0,0,0,0,0,0,0,0,0,0,0,0,0,0,0,0,0,0,0,0,0,0,0,0,0,0,0,0,0,0,0,
hello,6_30,11_17_43,10.0429,0,2,0,10.04293,0.0000,0.0000,0.0000,0.0000,0.0000,0.0000,0,0,,,,,,,,0,0,0,0,0,0,0,0,0,0,0,0,0,0,0,0,0,0,0,0,0,0,0,0,0,0,0,0,0,0,0,0,0,0,0,0,0,0,0,0,0,0,0,0,0,0,0,0,0,0,0,
hello,6_30,11_17_43,10.0465,0,2,0,10.04646,0.0000,0.0000,0.0000,0.0000,0.0000,0.0000,0,0,,,,,,,,0,0,0,0,0,0,0,0,0,0,0,0,0,0,0,0,0,0,0,0,0,0,0,0,0,0,0,0,0,0,0,0,0,0,0,0,0,0,0,0,0,0,0,0,0,0,0,0,0,0,0,
hello,6_30,11_17_43,10.0498,0,2,0,10.04978,0.0000,0.0000,0.0000,0.0000,0.0000,0.0000,0,0,,,,,,,,0,0,0,0,0,0,0,0,0,0,0,0,0,0,0,0,0,0,0,0,0,0,0,0,0,0,0,0,0,0,0,0,0,0,0,0,0,0,0,0,0,0,0,0,0,0,0,0,0,0,0,
hello,6_30,11_17_43,10.0532,0,2,0,10.05324,0.0000,0.0000,0.0000,0.0000,0.0000,0.0000,0,0,,,,,,,,0,0,0,0,0,0,0,0,0,0,0,0,0,0,0,0,0,0,0,0,0,0,0,0,0,0,0,0,0,0,0,0,0,0,0,0,0,0,0,0,0,0,0,0,0,0,0,0,0,0,0,
hello,6_30,11_17_43,10.0566,0,2,0,10.05657,0.0000,0.0000,0.0000,0.0000,0.0000,0.0000,0,0,,,,,,,,0,0,0,0,0,0,0,0,0,0,0,0,0,0,0,0,0,0,0,0,0,0,0,0,0,0,0,0,0,0,0,0,0,0,0,0,0,0,0,0,0,0,0,0,0,0,0,0,0,0,0,
hello,6_30,11_17_43,10.0600,0,2,0,10.05995,0.0000,0.0000,0.0000,0.0000,0.0000,0.0000,0,0,,,,,,,,0,0,0,0,0,0,0,0,0,0,0,0,0,0,0,0,0,0,0,0,0,0,0,0,0,0,0,0,0,0,0,0,0,0,0,0,0,0,0,0,0,0,0,0,0,0,0,0,0,0,0,
hello,6_30,11_17_43,10.0632,0,2,0,10.06324,0.0000,0.0000,0.0000,0.0000,0.0000,0.0000,0,0,,,,,,,,0,0,0,0,0,0,0,0,0,0,0,0,0,0,0,0,0,0,0,0,0,0,0,0,0,0,0,0,0,0,0,0,0,0,0,0,0,0,0,0,0,0,0,0,0,0,0,0,0,0,0,
hello,6_30,11_17_43,10.0668,0,2,0,10.06678,0.0000,0.0000,0.0000,0.0000,0.0000,0.0000,0,0,,,,,,,,0,0,0,0,0,0,0,0,0,0,0,0,0,0,0,0,0,0,0,0,0,0,0,0,0,0,0,0,0,0,0,0,0,0,0,0,0,0,0,0,0,0,0,0,0,0,0,0,0,0,0,
hello,6_30,11_17_43,10.0702,0,2,0,10.0702,0.0000,0.0000,0.0000,0.0000,0.0000,0.0000,0,0,,,,,,,,0,0,0,0,0,0,0,0,0,0,0,0,0,0,0,0,0,0,0,0,0,0,0,0,0,0,0,0,0,0,0,0,0,0,0,0,0,0,0,0,0,0,0,0,0,0,0,0,0,0,0,
hello,6_30,11_17_43,10.0737,0,2,0,10.0737,0.0000,0.0000,0.0000,0.0000,0.0000,0.0000,0,0,,,,,,,,0,0,0,0,0,0,0,0,0,0,0,0,0,0,0,0,0,0,0,0,0,0,0,0,0,0,0,0,0,0,0,0,0,0,0,0,0,0,0,0,0,0,0,0,0,0,0,0,0,0,0,
hello,6_30,11_17_43,10.0771,0,2,0,10.07712,0.0000,0.0000,0.0000,0.0000,0.0000,0.0000,0,0,,,,,,,,0,0,0,0,0,0,0,0,0,0,0,0,0,0,0,0,0,0,0,0,0,0,0,0,0,0,0,0,0,0,0,0,0,0,0,0,0,0,0,0,0,0,0,0,0,0,0,0,0,0,0,
hello,6_30,11_17_43,10.0806,0,2,0,10.08058,0.0000,0.0000,0.0000,0.0000,0.0000,0.0000,0,0,,,,,,,,0,0,0,0,0,0,0,0,0,0,0,0,0,0,0,0,0,0,0,0,0,0,0,0,0,0,0,0,0,0,0,0,0,0,0,0,0,0,0,0,0,0,0,0,0,0,0,0,0,0,0,
hello,6_30,11_17_43,10.0842,0,2,0,10.08424,0.0000,0.0000,0.0000,0.0000,0.0000,0.0000,0,0,,,,,,,,0,0,0,0,0,0,0,0,0,0,0,0,0,0,0,0,0,0,0,0,0,0,0,0,0,0,0,0,0,0,0,0,0,0,0,0,0,0,0,0,0,0,0,0,0,0,0,0,0,0,0,
hello,6_30,11_17_43,10.0877,0,2,0,10.08766,0.0000,0.0000,0.0000,0.0000,0.0000,0.0000,0,0,,,,,,,,0,0,0,0,0,0,0,0,0,0,0,0,0,0,0,0,0,0,0,0,0,0,0,0,0,0,0,0,0,0,0,0,0,0,0,0,0,0,0,0,0,0,0,0,0,0,0,0,0,0,0,
hello,6_30,11_17_43,10.0911,0,2,0,10.09113,0.0000,0.0000,0.0000,0.0000,0.0000,0.0000,0,0,,,,,,,,0,0,0,0,0,0,0,0,0,0,0,0,0,0,0,0,0,0,0,0,0,0,0,0,0,0,0,0,0,0,0,0,0,0,0,0,0,0,0,0,0,0,0,0,0,0,0,0,0,0,0,
hello,6_30,11_17_43,10.0945,0,2,0,10.09449,0.0000,0.0000,0.0000,0.0000,0.0000,0.0000,0,0,,,,,,,,0,0,0,0,0,0,0,0,0,0,0,0,0,0,0,0,0,0,0,0,0,0,0,0,0,0,0,0,0,0,0,0,0,0,0,0,0,0,0,0,0,0,0,0,0,0,0,0,0,0,0,
hello,6_30,11_17_43,10.0978,0,2,0,10.09783,0.0000,0.0000,0.0000,0.0000,0.0000,0.0000,0,0,,,,,,,,0,0,0,0,0,0,0,0,0,0,0,0,0,0,0,0,0,0,0,0,0,0,0,0,0,0,0,0,0,0,0,0,0,0,0,0,0,0,0,0,0,0,0,0,0,0,0,0,0,0,0,
hello,6_30,11_17_43,10.1014,0,2,0,10.10143,0.0000,0.0000,0.0000,0.0000,0.0000,0.0000,0,0,,,,,,,,0,0,0,0,0,0,0,0,0,0,0,0,0,0,0,0,0,0,0,0,0,0,0,0,0,0,0,0,0,0,0,0,0,0,0,0,0,0,0,0,0,0,0,0,0,0,0,0,0,0,0,
hello,6_30,11_17_43,10.1050,0,2,0,10.10496,0.0000,0.0000,0.0000,0.0000,0.0000,0.0000,0,0,,,,,,,,0,0,0,0,0,0,0,0,0,0,0,0,0,0,0,0,0,0,0,0,0,0,0,0,0,0,0,0,0,0,0,0,0,0,0,0,0,0,0,0,0,0,0,0,0,0,0,0,0,0,0,
hello,6_30,11_17_43,10.1083,0,2,0,10.10834,0.0000,0.0000,0.0000,0.0000,0.0000,0.0000,0,0,,,,,,,,0,0,0,0,0,0,0,0,0,0,0,0,0,0,0,0,0,0,0,0,0,0,0,0,0,0,0,0,0,0,0,0,0,0,0,0,0,0,0,0,0,0,0,0,0,0,0,0,0,0,0,
hello,6_30,11_17_43,10.1117,0,2,0,10.11168,0.0000,0.0000,0.0000,0.0000,0.0000,0.0000,0,0,,,,,,,,0,0,0,0,0,0,0,0,0,0,0,0,0,0,0,0,0,0,0,0,0,0,0,0,0,0,0,0,0,0,0,0,0,0,0,0,0,0,0,0,0,0,0,0,0,0,0,0,0,0,0,
hello,6_30,11_17_43,10.1151,0,2,0,10.11505,0.0000,0.0000,0.0000,0.0000,0.0000,0.0000,0,0,,,,,,,,0,0,0,0,0,0,0,0,0,0,0,0,0,0,0,0,0,0,0,0,0,0,0,0,0,0,0,0,0,0,0,0,0,0,0,0,0,0,0,0,0,0,0,0,0,0,0,0,0,0,0,
hello,6_30,11_17_43,10.1186,0,2,0,10.11864,0.0000,0.0000,0.0000,0.0000,0.0000,0.0000,0,0,,,,,,,,0,0,0,0,0,0,0,0,0,0,0,0,0,0,0,0,0,0,0,0,0,0,0,0,0,0,0,0,0,0,0,0,0,0,0,0,0,0,0,0,0,0,0,0,0,0,0,0,0,0,0,
hello,6_30,11_17_43,10.1223,0,2,0,10.12233,0.0000,0.0000,0.0000,0.0000,0.0000,0.0000,0,0,,,,,,,,0,0,0,0,0,0,0,0,0,0,0,0,0,0,0,0,0,0,0,0,0,0,0,0,0,0,0,0,0,0,0,0,0,0,0,0,0,0,0,0,0,0,0,0,0,0,0,0,0,0,0,
hello,6_30,11_17_43,10.1260,0,2,0,10.12601,0.0000,0.0000,0.0000,0.0000,0.0000,0.0000,0,0,,,,,,,,0,0,0,0,0,0,0,0,0,0,0,0,0,0,0,0,0,0,0,0,0,0,0,0,0,0,0,0,0,0,0,0,0,0,0,0,0,0,0,0,0,0,0,0,0,0,0,0,0,0,0,
hello,6_30,11_17_43,10.1293,0,2,0,10.12934,0.0000,0.0000,0.0000,0.0000,0.0000,0.0000,0,0,,,,,,,,0,0,0,0,0,0,0,0,0,0,0,0,0,0,0,0,0,0,0,0,0,0,0,0,0,0,0,0,0,0,0,0,0,0,0,0,0,0,0,0,0,0,0,0,0,0,0,0,0,0,0,
hello,6_30,11_17_43,10.1328,0,2,0,10.13278,0.0000,0.0000,0.0000,0.0000,0.0000,0.0000,0,0,,,,,,,,0,0,0,0,0,0,0,0,0,0,0,0,0,0,0,0,0,0,0,0,0,0,0,0,0,0,0,0,0,0,0,0,0,0,0,0,0,0,0,0,0,0,0,0,0,0,0,0,0,0,0,
hello,6_30,11_17_43,10.1360,0,2,0,10.13602,0.0000,0.0000,0.0000,0.0000,0.0000,0.0000,0,0,,,,,,,,0,0,0,0,0,0,0,0,0,0,0,0,0,0,0,0,0,0,0,0,0,0,0,0,0,0,0,0,0,0,0,0,0,0,0,0,0,0,0,0,0,0,0,0,0,0,0,0,0,0,0,
hello,6_30,11_17_43,10.1430,0,2,0,10.14302,0.0000,0.0000,0.0000,0.0000,0.0000,0.0000,0,0,,,,,,,,0,0,0,0,0,0,0,0,0,0,0,0,0,0,0,0,0,0,0,0,0,0,0,0,0,0,0,0,0,0,0,0,0,0,0,0,0,0,0,0,0,0,0,0,0,0,0,0,0,0,0,
hello,6_30,11_17_43,10.1466,0,2,0,10.14657,0.0000,0.0000,0.0000,0.0000,0.0000,0.0000,0,0,,,,,,,,0,0,0,0,0,0,0,0,0,0,0,0,0,0,0,0,0,0,0,0,0,0,0,0,0,0,0,0,0,0,0,0,0,0,0,0,0,0,0,0,0,0,0,0,0,0,0,0,0,0,0,
hello,6_30,11_17_43,10.1499,0,2,0,10.14986,0.0000,0.0000,0.0000,0.0000,0.0000,0.0000,0,0,,,,,,,,0,0,0,0,0,0,0,0,0,0,0,0,0,0,0,0,0,0,0,0,0,0,0,0,0,0,0,0,0,0,0,0,0,0,0,0,0,0,0,0,0,0,0,0,0,0,0,0,0,0,0,
hello,6_30,11_17_43,10.1533,0,2,0,10.1533,0.0000,0.0000,0.0000,0.0000,0.0000,0.0000,0,0,,,,,,,,0,0,0,0,0,0,0,0,0,0,0,0,0,0,0,0,0,0,0,0,0,0,0,0,0,0,0,0,0,0,0,0,0,0,0,0,0,0,0,0,0,0,0,0,0,0,0,0,0,0,0,
hello,6_30,11_17_43,10.1567,0,2,0,10.15674,0.0000,0.0000,0.0000,0.0000,0.0000,0.0000,0,0,,,,,,,,0,0,0,0,0,0,0,0,0,0,0,0,0,0,0,0,0,0,0,0,0,0,0,0,0,0,0,0,0,0,0,0,0,0,0,0,0,0,0,0,0,0,0,0,0,0,0,0,0,0,0,
hello,6_30,11_17_43,10.1601,0,2,0,10.16006,0.0000,0.0000,0.0000,0.0000,0.0000,0.0000,0,0,,,,,,,,0,0,0,0,0,0,0,0,0,0,0,0,0,0,0,0,0,0,0,0,0,0,0,0,0,0,0,0,0,0,0,0,0,0,0,0,0,0,0,0,0,0,0,0,0,0,0,0,0,0,0,
hello,6_30,11_17_43,10.1638,0,2,0,10.16375,0.0000,0.0000,0.0000,0.0000,0.0000,0.0000,0,0,,,,,,,,0,0,0,0,0,0,0,0,0,0,0,0,0,0,0,0,0,0,0,0,0,0,0,0,0,0,0,0,0,0,0,0,0,0,0,0,0,0,0,0,0,0,0,0,0,0,0,0,0,0,0,
hello,6_30,11_17_43,10.1673,0,2,0,10.16725,0.0000,0.0000,0.0000,0.0000,0.0000,0.0000,0,0,,,,,,,,0,0,0,0,0,0,0,0,0,0,0,0,0,0,0,0,0,0,0,0,0,0,0,0,0,0,0,0,0,0,0,0,0,0,0,0,0,0,0,0,0,0,0,0,0,0,0,0,0,0,0,
hello,6_30,11_17_43,10.1708,0,2,0,10.17082,0.0000,0.0000,0.0000,0.0000,0.0000,0.0000,0,0,,,,,,,,0,0,0,0,0,0,0,0,0,0,0,0,0,0,0,0,0,0,0,0,0,0,0,0,0,0,0,0,0,0,0,0,0,0,0,0,0,0,0,0,0,0,0,0,0,0,0,0,0,0,0,
hello,6_30,11_17_43,10.1742,0,2,0,10.17419,0.0000,0.0000,0.0000,0.0000,0.0000,0.0000,0,0,,,,,,,,0,0,0,0,0,0,0,0,0,0,0,0,0,0,0,0,0,0,0,0,0,0,0,0,0,0,0,0,0,0,0,0,0,0,0,0,0,0,0,0,0,0,0,0,0,0,0,0,0,0,0,
hello,6_30,11_17_43,10.1776,0,2,0,10.17755,0.0000,0.0000,0.0000,0.0000,0.0000,0.0000,0,0,,,,,,,,0,0,0,0,0,0,0,0,0,0,0,0,0,0,0,0,0,0,0,0,0,0,0,0,0,0,0,0,0,0,0,0,0,0,0,0,0,0,0,0,0,0,0,0,0,0,0,0,0,0,0,
hello,6_30,11_17_43,10.1808,0,2,0,10.18084,0.0000,0.0000,0.0000,0.0000,0.0000,0.0000,0,0,,,,,,,,0,0,0,0,0,0,0,0,0,0,0,0,0,0,0,0,0,0,0,0,0,0,0,0,0,0,0,0,0,0,0,0,0,0,0,0,0,0,0,0,0,0,0,0,0,0,0,0,0,0,0,
hello,6_30,11_17_43,10.1843,0,2,0,10.18432,0.0000,0.0000,0.0000,0.0000,0.0000,0.0000,0,0,,,,,,,,0,0,0,0,0,0,0,0,0,0,0,0,0,0,0,0,0,0,0,0,0,0,0,0,0,0,0,0,0,0,0,0,0,0,0,0,0,0,0,0,0,0,0,0,0,0,0,0,0,0,0,
hello,6_30,11_17_43,10.1881,0,2,0,10.18805,0.0000,0.0000,0.0000,0.0000,0.0000,0.0000,0,0,,,,,,,,0,0,0,0,0,0,0,0,0,0,0,0,0,0,0,0,0,0,0,0,0,0,0,0,0,0,0,0,0,0,0,0,0,0,0,0,0,0,0,0,0,0,0,0,0,0,0,0,0,0,0,
hello,6_30,11_17_43,10.1913,0,2,0,10.19129,0.0000,0.0000,0.0000,0.0000,0.0000,0.0000,0,0,,,,,,,,0,0,0,0,0,0,0,0,0,0,0,0,0,0,0,0,0,0,0,0,0,0,0,0,0,0,0,0,0,0,0,0,0,0,0,0,0,0,0,0,0,0,0,0,0,0,0,0,0,0,0,
hello,6_30,11_17_43,10.1947,0,2,0,10.1947,0.0000,0.0000,0.0000,0.0000,0.0000,0.0000,0,0,,,,,,,,0,0,0,0,0,0,0,0,0,0,0,0,0,0,0,0,0,0,0,0,0,0,0,0,0,0,0,0,0,0,0,0,0,0,0,0,0,0,0,0,0,0,0,0,0,0,0,0,0,0,0,
hello,6_30,11_17_43,10.1980,0,2,0,10.19803,0.0000,0.0000,0.0000,0.0000,0.0000,0.0000,0,0,,,,,,,,0,0,0,0,0,0,0,0,0,0,0,0,0,0,0,0,0,0,0,0,0,0,0,0,0,0,0,0,0,0,0,0,0,0,0,0,0,0,0,0,0,0,0,0,0,0,0,0,0,0,0,
hello,6_30,11_17_43,10.2015,0,2,0,10.20149,0.0000,0.0000,0.0000,0.0000,0.0000,0.0000,0,0,,,,,,,,0,0,0,0,0,0,0,0,0,0,0,0,0,0,0,0,0,0,0,0,0,0,0,0,0,0,0,0,0,0,0,0,0,0,0,0,0,0,0,0,0,0,0,0,0,0,0,0,0,0,0,
hello,6_30,11_17_43,10.2189,0,2,0,10.21891,0.0000,0.0000,0.0000,0.0000,0.0000,0.0000,0,0,,,,,,,,0,0,0,0,0,0,0,0,0,0,0,0,0,0,0,0,0,0,0,0,0,0,0,0,0,0,0,0,0,0,0,0,0,0,0,0,0,0,0,0,0,0,0,0,0,0,0,0,0,0,0,
hello,6_30,11_17_43,10.2225,0,2,0,10.22254,0.0000,0.0000,0.0000,0.0000,0.0000,0.0000,0,0,,,,,,,,0,0,0,0,0,0,0,0,0,0,0,0,0,0,0,0,0,0,0,0,0,0,0,0,0,0,0,0,0,0,0,0,0,0,0,0,0,0,0,0,0,0,0,0,0,0,0,0,0,0,0,
hello,6_30,11_17_43,10.2262,0,2,0,10.22619,0.0000,0.0000,0.0000,0.0000,0.0000,0.0000,0,0,,,,,,,,0,0,0,0,0,0,0,0,0,0,0,0,0,0,0,0,0,0,0,0,0,0,0,0,0,0,0,0,0,0,0,0,0,0,0,0,0,0,0,0,0,0,0,0,0,0,0,0,0,0,0,
hello,6_30,11_17_43,10.2297,0,2,0,10.22966,0.0000,0.0000,0.0000,0.0000,0.0000,0.0000,0,0,,,,,,,,0,0,0,0,0,0,0,0,0,0,0,0,0,0,0,0,0,0,0,0,0,0,0,0,0,0,0,0,0,0,0,0,0,0,0,0,0,0,0,0,0,0,0,0,0,0,0,0,0,0,0,
hello,6_30,11_17_43,10.2331,0,2,0,10.23305,0.0000,0.0000,0.0000,0.0000,0.0000,0.0000,0,0,,,,,,,,0,0,0,0,0,0,0,0,0,0,0,0,0,0,0,0,0,0,0,0,0,0,0,0,0,0,0,0,0,0,0,0,0,0,0,0,0,0,0,0,0,0,0,0,0,0,0,0,0,0,0,
hello,6_30,11_17_43,10.2365,0,2,0,10.23653,0.0000,0.0000,0.0000,0.0000,0.0000,0.0000,0,0,,,,,,,,0,0,0,0,0,0,0,0,0,0,0,0,0,0,0,0,0,0,0,0,0,0,0,0,0,0,0,0,0,0,0,0,0,0,0,0,0,0,0,0,0,0,0,0,0,0,0,0,0,0,0,
hello,6_30,11_17_43,10.2400,0,2,0,10.24001,0.0000,0.0000,0.0000,0.0000,0.0000,0.0000,0,0,,,,,,,,0,0,0,0,0,0,0,0,0,0,0,0,0,0,0,0,0,0,0,0,0,0,0,0,0,0,0,0,0,0,0,0,0,0,0,0,0,0,0,0,0,0,0,0,0,0,0,0,0,0,0,
hello,6_30,11_17_43,10.2437,0,2,0,10.24367,0.0000,0.0000,0.0000,0.0000,0.0000,0.0000,0,0,,,,,,,,0,0,0,0,0,0,0,0,0,0,0,0,0,0,0,0,0,0,0,0,0,0,0,0,0,0,0,0,0,0,0,0,0,0,0,0,0,0,0,0,0,0,0,0,0,0,0,0,0,0,0,
hello,6_30,11_17_43,10.2471,0,2,0,10.24708,0.0000,0.0000,0.0000,0.0000,0.0000,0.0000,0,0,,,,,,,,0,0,0,0,0,0,0,0,0,0,0,0,0,0,0,0,0,0,0,0,0,0,0,0,0,0,0,0,0,0,0,0,0,0,0,0,0,0,0,0,0,0,0,0,0,0,0,0,0,0,0,
hello,6_30,11_17_43,10.2506,0,2,0,10.25056,0.0000,0.0000,0.0000,0.0000,0.0000,0.0000,0,0,,,,,,,,0,0,0,0,0,0,0,0,0,0,0,0,0,0,0,0,0,0,0,0,0,0,0,0,0,0,0,0,0,0,0,0,0,0,0,0,0,0,0,0,0,0,0,0,0,0,0,0,0,0,0,
hello,6_30,11_17_43,10.2540,0,2,0,10.25398,0.0000,0.0000,0.0000,0.0000,0.0000,0.0000,0,0,,,,,,,,0,0,0,0,0,0,0,0,0,0,0,0,0,0,0,0,0,0,0,0,0,0,0,0,0,0,0,0,0,0,0,0,0,0,0,0,0,0,0,0,0,0,0,0,0,0,0,0,0,0,0,
hello,6_30,11_17_43,10.2575,0,2,0,10.25753,0.0000,0.0000,0.0000,0.0000,0.0000,0.0000,0,0,,,,,,,,0,0,0,0,0,0,0,0,0,0,0,0,0,0,0,0,0,0,0,0,0,0,0,0,0,0,0,0,0,0,0,0,0,0,0,0,0,0,0,0,0,0,0,0,0,0,0,0,0,0,0,
hello,6_30,11_17_43,10.2610,0,2,0,10.26095,0.0000,0.0000,0.0000,0.0000,0.0000,0.0000,0,0,,,,,,,,0,0,0,0,0,0,0,0,0,0,0,0,0,0,0,0,0,0,0,0,0,0,0,0,0,0,0,0,0,0,0,0,0,0,0,0,0,0,0,0,0,0,0,0,0,0,0,0,0,0,0,
hello,6_30,11_17_43,10.2646,0,2,0,10.26459,0.0000,0.0000,0.0000,0.0000,0.0000,0.0000,0,0,,,,,,,,0,0,0,0,0,0,0,0,0,0,0,0,0,0,0,0,0,0,0,0,0,0,0,0,0,0,0,0,0,0,0,0,0,0,0,0,0,0,0,0,0,0,0,0,0,0,0,0,0,0,0,
hello,6_30,11_17_43,10.2681,0,2,0,10.26807,0.0000,0.0000,0.0000,0.0000,0.0000,0.0000,0,0,,,,,,,,0,0,0,0,0,0,0,0,0,0,0,0,0,0,0,0,0,0,0,0,0,0,0,0,0,0,0,0,0,0,0,0,0,0,0,0,0,0,0,0,0,0,0,0,0,0,0,0,0,0,0,
hello,6_30,11_17_43,10.2715,0,2,0,10.2715,0.0000,0.0000,0.0000,0.0000,0.0000,0.0000,0,0,,,,,,,,0,0,0,0,0,0,0,0,0,0,0,0,0,0,0,0,0,0,0,0,0,0,0,0,0,0,0,0,0,0,0,0,0,0,0,0,0,0,0,0,0,0,0,0,0,0,0,0,0,0,0,
hello,6_30,11_17_43,10.2748,0,2,0,10.27482,0.0000,0.0000,0.0000,0.0000,0.0000,0.0000,0,0,,,,,,,,0,0,0,0,0,0,0,0,0,0,0,0,0,0,0,0,0,0,0,0,0,0,0,0,0,0,0,0,0,0,0,0,0,0,0,0,0,0,0,0,0,0,0,0,0,0,0,0,0,0,0,
hello,6_30,11_17_43,10.2782,0,2,0,10.2782,0.0000,0.0000,0.0000,0.0000,0.0000,0.0000,0,0,,,,,,,,0,0,0,0,0,0,0,0,0,0,0,0,0,0,0,0,0,0,0,0,0,0,0,0,0,0,0,0,0,0,0,0,0,0,0,0,0,0,0,0,0,0,0,0,0,0,0,0,0,0,0,
hello,6_30,11_17_43,10.2816,0,2,0,10.2816,0.0000,0.0000,0.0000,0.0000,0.0000,0.0000,0,0,,,,,,,,0,0,0,0,0,0,0,0,0,0,0,0,0,0,0,0,0,0,0,0,0,0,0,0,0,0,0,0,0,0,0,0,0,0,0,0,0,0,0,0,0,0,0,0,0,0,0,0,0,0,0,
hello,6_30,11_17_43,10.2852,0,2,0,10.28516,0.0000,0.0000,0.0000,0.0000,0.0000,0.0000,0,0,,,,,,,,0,0,0,0,0,0,0,0,0,0,0,0,0,0,0,0,0,0,0,0,0,0,0,0,0,0,0,0,0,0,0,0,0,0,0,0,0,0,0,0,0,0,0,0,0,0,0,0,0,0,0,
hello,6_30,11_17_43,10.2885,0,2,0,10.28847,0.0000,0.0000,0.0000,0.0000,0.0000,0.0000,0,0,,,,,,,,0,0,0,0,0,0,0,0,0,0,0,0,0,0,0,0,0,0,0,0,0,0,0,0,0,0,0,0,0,0,0,0,0,0,0,0,0,0,0,0,0,0,0,0,0,0,0,0,0,0,0,
hello,6_30,11_17_43,10.2918,0,2,0,10.29181,0.0000,0.0000,0.0000,0.0000,0.0000,0.0000,0,0,,,,,,,,0,0,0,0,0,0,0,0,0,0,0,0,0,0,0,0,0,0,0,0,0,0,0,0,0,0,0,0,0,0,0,0,0,0,0,0,0,0,0,0,0,0,0,0,0,0,0,0,0,0,0,
hello,6_30,11_17_43,10.2952,0,2,0,10.29522,0.0000,0.0000,0.0000,0.0000,0.0000,0.0000,0,0,,,,,,,,0,0,0,0,0,0,0,0,0,0,0,0,0,0,0,0,0,0,0,0,0,0,0,0,0,0,0,0,0,0,0,0,0,0,0,0,0,0,0,0,0,0,0,0,0,0,0,0,0,0,0,
hello,6_30,11_17_43,10.2986,0,2,0,10.29861,0.0000,0.0000,0.0000,0.0000,0.0000,0.0000,0,0,,,,,,,,0,0,0,0,0,0,0,0,0,0,0,0,0,0,0,0,0,0,0,0,0,0,0,0,0,0,0,0,0,0,0,0,0,0,0,0,0,0,0,0,0,0,0,0,0,0,0,0,0,0,0,
hello,6_30,11_17_43,10.3023,0,2,0,10.30227,0.0000,0.0000,0.0000,0.0000,0.0000,0.0000,0,0,,,,,,,,0,0,0,0,0,0,0,0,0,0,0,0,0,0,0,0,0,0,0,0,0,0,0,0,0,0,0,0,0,0,0,0,0,0,0,0,0,0,0,0,0,0,0,0,0,0,0,0,0,0,0,
hello,6_30,11_17_43,10.3061,0,2,0,10.30605,0.0000,0.0000,0.0000,0.0000,0.0000,0.0000,0,0,,,,,,,,0,0,0,0,0,0,0,0,0,0,0,0,0,0,0,0,0,0,0,0,0,0,0,0,0,0,0,0,0,0,0,0,0,0,0,0,0,0,0,0,0,0,0,0,0,0,0,0,0,0,0,
hello,6_30,11_17_43,10.3094,0,2,0,10.30939,0.0000,0.0000,0.0000,0.0000,0.0000,0.0000,0,0,,,,,,,,0,0,0,0,0,0,0,0,0,0,0,0,0,0,0,0,0,0,0,0,0,0,0,0,0,0,0,0,0,0,0,0,0,0,0,0,0,0,0,0,0,0,0,0,0,0,0,0,0,0,0,
hello,6_30,11_17_43,10.3128,0,2,0,10.31283,0.0000,0.0000,0.0000,0.0000,0.0000,0.0000,0,0,,,,,,,,0,0,0,0,0,0,0,0,0,0,0,0,0,0,0,0,0,0,0,0,0,0,0,0,0,0,0,0,0,0,0,0,0,0,0,0,0,0,0,0,0,0,0,0,0,0,0,0,0,0,0,
hello,6_30,11_17_43,10.3162,0,2,0,10.31615,0.0000,0.0000,0.0000,0.0000,0.0000,0.0000,0,0,,,,,,,,0,0,0,0,0,0,0,0,0,0,0,0,0,0,0,0,0,0,0,0,0,0,0,0,0,0,0,0,0,0,0,0,0,0,0,0,0,0,0,0,0,0,0,0,0,0,0,0,0,0,0,
hello,6_30,11_17_43,10.3196,0,2,0,10.31962,0.0000,0.0000,0.0000,0.0000,0.0000,0.0000,0,0,,,,,,,,0,0,0,0,0,0,0,0,0,0,0,0,0,0,0,0,0,0,0,0,0,0,0,0,0,0,0,0,0,0,0,0,0,0,0,0,0,0,0,0,0,0,0,0,0,0,0,0,0,0,0,
hello,6_30,11_17_43,10.3229,0,2,0,10.3229,0.0000,0.0000,0.0000,0.0000,0.0000,0.0000,0,0,,,,,,,,0,0,0,0,0,0,0,0,0,0,0,0,0,0,0,0,0,0,0,0,0,0,0,0,0,0,0,0,0,0,0,0,0,0,0,0,0,0,0,0,0,0,0,0,0,0,0,0,0,0,0,
hello,6_30,11_17_43,10.3265,0,2,0,10.32648,0.0000,0.0000,0.0000,0.0000,0.0000,0.0000,0,0,,,,,,,,0,0,0,0,0,0,0,0,0,0,0,0,0,0,0,0,0,0,0,0,0,0,0,0,0,0,0,0,0,0,0,0,0,0,0,0,0,0,0,0,0,0,0,0,0,0,0,0,0,0,0,
hello,6_30,11_17_43,10.3298,0,2,0,10.3298,0.0000,0.0000,0.0000,0.0000,0.0000,0.0000,0,0,,,,,,,,0,0,0,0,0,0,0,0,0,0,0,0,0,0,0,0,0,0,0,0,0,0,0,0,0,0,0,0,0,0,0,0,0,0,0,0,0,0,0,0,0,0,0,0,0,0,0,0,0,0,0,
hello,6_30,11_17_43,10.3332,0,2,0,10.33319,0.0000,0.0000,0.0000,0.0000,0.0000,0.0000,0,0,,,,,,,,0,0,0,0,0,0,0,0,0,0,0,0,0,0,0,0,0,0,0,0,0,0,0,0,0,0,0,0,0,0,0,0,0,0,0,0,0,0,0,0,0,0,0,0,0,0,0,0,0,0,0,
hello,6_30,11_17_43,10.3438,0,2,0,10.34375,0.0000,0.0000,0.0000,0.0000,0.0000,0.0000,0,0,,,,,,,,0,0,0,0,0,0,0,0,0,0,0,0,0,0,0,0,0,0,0,0,0,0,0,0,0,0,0,0,0,0,0,0,0,0,0,0,0,0,0,0,0,0,0,0,0,0,0,0,0,0,0,
hello,6_30,11_17_43,10.3475,0,2,0,10.34745,0.0000,0.0000,0.0000,0.0000,0.0000,0.0000,0,0,,,,,,,,0,0,0,0,0,0,0,0,0,0,0,0,0,0,0,0,0,0,0,0,0,0,0,0,0,0,0,0,0,0,0,0,0,0,0,0,0,0,0,0,0,0,0,0,0,0,0,0,0,0,0,
hello,6_30,11_17_43,10.3508,0,2,0,10.3508,0.0000,0.0000,0.0000,0.0000,0.0000,0.0000,0,0,,,,,,,,0,0,0,0,0,0,0,0,0,0,0,0,0,0,0,0,0,0,0,0,0,0,0,0,0,0,0,0,0,0,0,0,0,0,0,0,0,0,0,0,0,0,0,0,0,0,0,0,0,0,0,
hello,6_30,11_17_43,10.3542,0,2,0,10.3542,0.0000,0.0000,0.0000,0.0000,0.0000,0.0000,0,0,,,,,,,,0,0,0,0,0,0,0,0,0,0,0,0,0,0,0,0,0,0,0,0,0,0,0,0,0,0,0,0,0,0,0,0,0,0,0,0,0,0,0,0,0,0,0,0,0,0,0,0,0,0,0,
hello,6_30,11_17_43,10.3575,0,2,0,10.35754,0.0000,0.0000,0.0000,0.0000,0.0000,0.0000,0,0,,,,,,,,0,0,0,0,0,0,0,0,0,0,0,0,0,0,0,0,0,0,0,0,0,0,0,0,0,0,0,0,0,0,0,0,0,0,0,0,0,0,0,0,0,0,0,0,0,0,0,0,0,0,0,
hello,6_30,11_17_43,10.3608,0,2,0,10.36084,0.0000,0.0000,0.0000,0.0000,0.0000,0.0000,0,0,,,,,,,,0,0,0,0,0,0,0,0,0,0,0,0,0,0,0,0,0,0,0,0,0,0,0,0,0,0,0,0,0,0,0,0,0,0,0,0,0,0,0,0,0,0,0,0,0,0,0,0,0,0,0,
hello,6_30,11_17_43,10.3645,0,2,0,10.36448,0.0000,0.0000,0.0000,0.0000,0.0000,0.0000,0,0,,,,,,,,0,0,0,0,0,0,0,0,0,0,0,0,0,0,0,0,0,0,0,0,0,0,0,0,0,0,0,0,0,0,0,0,0,0,0,0,0,0,0,0,0,0,0,0,0,0,0,0,0,0,0,
hello,6_30,11_17_43,10.3680,0,2,0,10.36798,0.0000,0.0000,0.0000,0.0000,0.0000,0.0000,0,0,,,,,,,,0,0,0,0,0,0,0,0,0,0,0,0,0,0,0,0,0,0,0,0,0,0,0,0,0,0,0,0,0,0,0,0,0,0,0,0,0,0,0,0,0,0,0,0,0,0,0,0,0,0,0,
hello,6_30,11_17_43,10.3716,0,2,0,10.37155,0.0000,0.0000,0.0000,0.0000,0.0000,0.0000,0,0,,,,,,,,0,0,0,0,0,0,0,0,0,0,0,0,0,0,0,0,0,0,0,0,0,0,0,0,0,0,0,0,0,0,0,0,0,0,0,0,0,0,0,0,0,0,0,0,0,0,0,0,0,0,0,
hello,6_30,11_17_43,10.3751,0,2,0,10.37506,0.0000,0.0000,0.0000,0.0000,0.0000,0.0000,0,0,,,,,,,,0,0,0,0,0,0,0,0,0,0,0,0,0,0,0,0,0,0,0,0,0,0,0,0,0,0,0,0,0,0,0,0,0,0,0,0,0,0,0,0,0,0,0,0,0,0,0,0,0,0,0,
hello,6_30,11_17_43,10.3785,0,2,0,10.37853,0.0000,0.0000,0.0000,0.0000,0.0000,0.0000,0,0,,,,,,,,0,0,0,0,0,0,0,0,0,0,0,0,0,0,0,0,0,0,0,0,0,0,0,0,0,0,0,0,0,0,0,0,0,0,0,0,0,0,0,0,0,0,0,0,0,0,0,0,0,0,0,
hello,6_30,11_17_43,10.3821,0,2,0,10.38206,0.0000,0.0000,0.0000,0.0000,0.0000,0.0000,0,0,,,,,,,,0,0,0,0,0,0,0,0,0,0,0,0,0,0,0,0,0,0,0,0,0,0,0,0,0,0,0,0,0,0,0,0,0,0,0,0,0,0,0,0,0,0,0,0,0,0,0,0,0,0,0,
hello,6_30,11_17_43,10.3859,0,2,0,10.38592,0.0000,0.0000,0.0000,0.0000,0.0000,0.0000,0,0,,,,,,,,0,0,0,0,0,0,0,0,0,0,0,0,0,0,0,0,0,0,0,0,0,0,0,0,0,0,0,0,0,0,0,0,0,0,0,0,0,0,0,0,0,0,0,0,0,0,0,0,0,0,0,
hello,6_30,11_17_43,10.3894,0,2,0,10.38937,0.0000,0.0000,0.0000,0.0000,0.0000,0.0000,0,0,,,,,,,,0,0,0,0,0,0,0,0,0,0,0,0,0,0,0,0,0,0,0,0,0,0,0,0,0,0,0,0,0,0,0,0,0,0,0,0,0,0,0,0,0,0,0,0,0,0,0,0,0,0,0,
hello,6_30,11_17_43,10.3927,0,2,0,10.39271,0.0000,0.0000,0.0000,0.0000,0.0000,0.0000,0,0,,,,,,,,0,0,0,0,0,0,0,0,0,0,0,0,0,0,0,0,0,0,0,0,0,0,0,0,0,0,0,0,0,0,0,0,0,0,0,0,0,0,0,0,0,0,0,0,0,0,0,0,0,0,0,
hello,6_30,11_17_43,10.3961,0,2,0,10.39614,0.0000,0.0000,0.0000,0.0000,0.0000,0.0000,0,0,,,,,,,,0,0,0,0,0,0,0,0,0,0,0,0,0,0,0,0,0,0,0,0,0,0,0,0,0,0,0,0,0,0,0,0,0,0,0,0,0,0,0,0,0,0,0,0,0,0,0,0,0,0,0,
hello,6_30,11_17_43,10.3995,0,2,0,10.39954,0.0000,0.0000,0.0000,0.0000,0.0000,0.0000,0,0,,,,,,,,0,0,0,0,0,0,0,0,0,0,0,0,0,0,0,0,0,0,0,0,0,0,0,0,0,0,0,0,0,0,0,0,0,0,0,0,0,0,0,0,0,0,0,0,0,0,0,0,0,0,0,
hello,6_30,11_17_43,10.4029,0,2,0,10.40289,0.0000,0.0000,0.0000,0.0000,0.0000,0.0000,0,0,,,,,,,,0,0,0,0,0,0,0,0,0,0,0,0,0,0,0,0,0,0,0,0,0,0,0,0,0,0,0,0,0,0,0,0,0,0,0,0,0,0,0,0,0,0,0,0,0,0,0,0,0,0,0,
hello,6_30,11_17_43,10.4204,0,2,0,10.42039,0.0000,0.0000,0.0000,0.0000,0.0000,0.0000,0,0,,,,,,,,0,0,0,0,0,0,0,0,0,0,0,0,0,0,0,0,0,0,0,0,0,0,0,0,0,0,0,0,0,0,0,0,0,0,0,0,0,0,0,0,0,0,0,0,0,0,0,0,0,0,0,
hello,6_30,11_17_43,10.4241,0,2,0,10.42405,0.0000,0.0000,0.0000,0.0000,0.0000,0.0000,0,0,,,,,,,,0,0,0,0,0,0,0,0,0,0,0,0,0,0,0,0,0,0,0,0,0,0,0,0,0,0,0,0,0,0,0,0,0,0,0,0,0,0,0,0,0,0,0,0,0,0,0,0,0,0,0,
hello,6_30,11_17_43,10.4274,0,2,0,10.42741,0.0000,0.0000,0.0000,0.0000,0.0000,0.0000,0,0,,,,,,,,0,0,0,0,0,0,0,0,0,0,0,0,0,0,0,0,0,0,0,0,0,0,0,0,0,0,0,0,0,0,0,0,0,0,0,0,0,0,0,0,0,0,0,0,0,0,0,0,0,0,0,
hello,6_30,11_17_43,10.4308,0,2,0,10.43082,0.0000,0.0000,0.0000,0.0000,0.0000,0.0000,0,0,,,,,,,,0,0,0,0,0,0,0,0,0,0,0,0,0,0,0,0,0,0,0,0,0,0,0,0,0,0,0,0,0,0,0,0,0,0,0,0,0,0,0,0,0,0,0,0,0,0,0,0,0,0,0,
hello,6_30,11_17_43,10.4342,0,2,0,10.43421,0.0000,0.0000,0.0000,0.0000,0.0000,0.0000,0,0,,,,,,,,0,0,0,0,0,0,0,0,0,0,0,0,0,0,0,0,0,0,0,0,0,0,0,0,0,0,0,0,0,0,0,0,0,0,0,0,0,0,0,0,0,0,0,0,0,0,0,0,0,0,0,
hello,6_30,11_17_43,10.4377,0,2,0,10.43767,0.0000,0.0000,0.0000,0.0000,0.0000,0.0000,0,0,,,,,,,,0,0,0,0,0,0,0,0,0,0,0,0,0,0,0,0,0,0,0,0,0,0,0,0,0,0,0,0,0,0,0,0,0,0,0,0,0,0,0,0,0,0,0,0,0,0,0,0,0,0,0,
hello,6_30,11_17_43,10.4411,0,2,0,10.44112,0.0000,0.0000,0.0000,0.0000,0.0000,0.0000,0,0,,,,,,,,0,0,0,0,0,0,0,0,0,0,0,0,0,0,0,0,0,0,0,0,0,0,0,0,0,0,0,0,0,0,0,0,0,0,0,0,0,0,0,0,0,0,0,0,0,0,0,0,0,0,0,
hello,6_30,11_17_43,10.4447,0,2,0,10.44471,0.0000,0.0000,0.0000,0.0000,0.0000,0.0000,0,0,,,,,,,,0,0,0,0,0,0,0,0,0,0,0,0,0,0,0,0,0,0,0,0,0,0,0,0,0,0,0,0,0,0,0,0,0,0,0,0,0,0,0,0,0,0,0,0,0,0,0,0,0,0,0,
hello,6_30,11_17_43,10.4480,0,2,0,10.44801,0.0000,0.0000,0.0000,0.0000,0.0000,0.0000,0,0,,,,,,,,0,0,0,0,0,0,0,0,0,0,0,0,0,0,0,0,0,0,0,0,0,0,0,0,0,0,0,0,0,0,0,0,0,0,0,0,0,0,0,0,0,0,0,0,0,0,0,0,0,0,0,
hello,6_30,11_17_43,10.4515,0,2,0,10.4515,0.0000,0.0000,0.0000,0.0000,0.0000,0.0000,0,0,,,,,,,,0,0,0,0,0,0,0,0,0,0,0,0,0,0,0,0,0,0,0,0,0,0,0,0,0,0,0,0,0,0,0,0,0,0,0,0,0,0,0,0,0,0,0,0,0,0,0,0,0,0,0,
hello,6_30,11_17_43,10.4550,0,2,0,10.45495,0.0000,0.0000,0.0000,0.0000,0.0000,0.0000,0,0,,,,,,,,0,0,0,0,0,0,0,0,0,0,0,0,0,0,0,0,0,0,0,0,0,0,0,0,0,0,0,0,0,0,0,0,0,0,0,0,0,0,0,0,0,0,0,0,0,0,0,0,0,0,0,
hello,6_30,11_17_43,10.4584,0,2,0,10.45839,0.0000,0.0000,0.0000,0.0000,0.0000,0.0000,0,0,,,,,,,,0,0,0,0,0,0,0,0,0,0,0,0,0,0,0,0,0,0,0,0,0,0,0,0,0,0,0,0,0,0,0,0,0,0,0,0,0,0,0,0,0,0,0,0,0,0,0,0,0,0,0,
hello,6_30,11_17_43,10.4618,0,2,0,10.46175,0.0000,0.0000,0.0000,0.0000,0.0000,0.0000,0,0,,,,,,,,0,0,0,0,0,0,0,0,0,0,0,0,0,0,0,0,0,0,0,0,0,0,0,0,0,0,0,0,0,0,0,0,0,0,0,0,0,0,0,0,0,0,0,0,0,0,0,0,0,0,0,
hello,6_30,11_17_43,10.4653,0,2,0,10.46531,0.0000,0.0000,0.0000,0.0000,0.0000,0.0000,0,0,,,,,,,,0,0,0,0,0,0,0,0,0,0,0,0,0,0,0,0,0,0,0,0,0,0,0,0,0,0,0,0,0,0,0,0,0,0,0,0,0,0,0,0,0,0,0,0,0,0,0,0,0,0,0,
hello,6_30,11_17_43,10.4688,0,2,0,10.46879,0.0000,0.0000,0.0000,0.0000,0.0000,0.0000,0,0,,,,,,,,0,0,0,0,0,0,0,0,0,0,0,0,0,0,0,0,0,0,0,0,0,0,0,0,0,0,0,0,0,0,0,0,0,0,0,0,0,0,0,0,0,0,0,0,0,0,0,0,0,0,0,
hello,6_30,11_17_43,10.4722,0,2,0,10.4722,0.0000,0.0000,0.0000,0.0000,0.0000,0.0000,0,0,,,,,,,,0,0,0,0,0,0,0,0,0,0,0,0,0,0,0,0,0,0,0,0,0,0,0,0,0,0,0,0,0,0,0,0,0,0,0,0,0,0,0,0,0,0,0,0,0,0,0,0,0,0,0,
hello,6_30,11_17_43,10.4756,0,2,0,10.47559,0.0000,0.0000,0.0000,0.0000,0.0000,0.0000,0,0,,,,,,,,0,0,0,0,0,0,0,0,0,0,0,0,0,0,0,0,0,0,0,0,0,0,0,0,0,0,0,0,0,0,0,0,0,0,0,0,0,0,0,0,0,0,0,0,0,0,0,0,0,0,0,
hello,6_30,11_17_43,10.4790,0,2,0,10.47895,0.0000,0.0000,0.0000,0.0000,0.0000,0.0000,0,0,,,,,,,,0,0,0,0,0,0,0,0,0,0,0,0,0,0,0,0,0,0,0,0,0,0,0,0,0,0,0,0,0,0,0,0,0,0,0,0,0,0,0,0,0,0,0,0,0,0,0,0,0,0,0,
hello,6_30,11_17_43,10.4823,0,2,0,10.48227,0.0000,0.0000,0.0000,0.0000,0.0000,0.0000,0,0,,,,,,,,0,0,0,0,0,0,0,0,0,0,0,0,0,0,0,0,0,0,0,0,0,0,0,0,0,0,0,0,0,0,0,0,0,0,0,0,0,0,0,0,0,0,0,0,0,0,0,0,0,0,0,
hello,6_30,11_17_43,10.4860,0,2,0,10.48601,0.0000,0.0000,0.0000,0.0000,0.0000,0.0000,0,0,,,,,,,,0,0,0,0,0,0,0,0,0,0,0,0,0,0,0,0,0,0,0,0,0,0,0,0,0,0,0,0,0,0,0,0,0,0,0,0,0,0,0,0,0,0,0,0,0,0,0,0,0,0,0,
hello,6_30,11_17_43,10.4894,0,2,0,10.48938,0.0000,0.0000,0.0000,0.0000,0.0000,0.0000,0,0,,,,,,,,0,0,0,0,0,0,0,0,0,0,0,0,0,0,0,0,0,0,0,0,0,0,0,0,0,0,0,0,0,0,0,0,0,0,0,0,0,0,0,0,0,0,0,0,0,0,0,0,0,0,0,
hello,6_30,11_17_43,10.4928,0,2,0,10.49275,0.0000,0.0000,0.0000,0.0000,0.0000,0.0000,0,0,,,,,,,,0,0,0,0,0,0,0,0,0,0,0,0,0,0,0,0,0,0,0,0,0,0,0,0,0,0,0,0,0,0,0,0,0,0,0,0,0,0,0,0,0,0,0,0,0,0,0,0,0,0,0,
hello,6_30,11_17_43,10.4961,0,2,0,10.4961,0.0000,0.0000,0.0000,0.0000,0.0000,0.0000,0,0,,,,,,,,0,0,0,0,0,0,0,0,0,0,0,0,0,0,0,0,0,0,0,0,0,0,0,0,0,0,0,0,0,0,0,0,0,0,0,0,0,0,0,0,0,0,0,0,0,0,0,0,0,0,0,
hello,6_30,11_17_43,10.4996,0,2,0,10.49963,0.0000,0.0000,0.0000,0.0000,0.0000,0.0000,0,0,,,,,,,,0,0,0,0,0,0,0,0,0,0,0,0,0,0,0,0,0,0,0,0,0,0,0,0,0,0,0,0,0,0,0,0,0,0,0,0,0,0,0,0,0,0,0,0,0,0,0,0,0,0,0,
hello,6_30,11_17_43,10.5033,0,2,0,10.5033,0.0000,0.0000,0.0000,0.0000,0.0000,0.0000,0,0,,,,,,,,0,0,0,0,0,0,0,0,0,0,0,0,0,0,0,0,0,0,0,0,0,0,0,0,0,0,0,0,0,0,0,0,0,0,0,0,0,0,0,0,0,0,0,0,0,0,0,0,0,0,0,
hello,6_30,11_17_43,10.5069,0,2,0,10.50689,0.0000,0.0000,0.0000,0.0000,0.0000,0.0000,0,0,,,,,,,,0,0,0,0,0,0,0,0,0,0,0,0,0,0,0,0,0,0,0,0,0,0,0,0,0,0,0,0,0,0,0,0,0,0,0,0,0,0,0,0,0,0,0,0,0,0,0,0,0,0,0,
hello,6_30,11_17_43,10.5101,0,2,0,10.51012,0.0000,0.0000,0.0000,0.0000,0.0000,0.0000,0,0,,,,,,,,0,0,0,0,0,0,0,0,0,0,0,0,0,0,0,0,0,0,0,0,0,0,0,0,0,0,0,0,0,0,0,0,0,0,0,0,0,0,0,0,0,0,0,0,0,0,0,0,0,0,0,
hello,6_30,11_17_43,10.5134,0,2,0,10.5134,0.0000,0.0000,0.0000,0.0000,0.0000,0.0000,0,0,,,,,,,,0,0,0,0,0,0,0,0,0,0,0,0,0,0,0,0,0,0,0,0,0,0,0,0,0,0,0,0,0,0,0,0,0,0,0,0,0,0,0,0,0,0,0,0,0,0,0,0,0,0,0,
hello,6_30,11_17_43,10.5168,0,2,0,10.51683,0.0000,0.0000,0.0000,0.0000,0.0000,0.0000,0,0,,,,,,,,0,0,0,0,0,0,0,0,0,0,0,0,0,0,0,0,0,0,0,0,0,0,0,0,0,0,0,0,0,0,0,0,0,0,0,0,0,0,0,0,0,0,0,0,0,0,0,0,0,0,0,
hello,6_30,11_17_43,10.5202,0,2,0,10.52017,0.0000,0.0000,0.0000,0.0000,0.0000,0.0000,0,0,,,,,,,,0,0,0,0,0,0,0,0,0,0,0,0,0,0,0,0,0,0,0,0,0,0,0,0,0,0,0,0,0,0,0,0,0,0,0,0,0,0,0,0,0,0,0,0,0,0,0,0,0,0,0,
hello,6_30,11_17_43,10.5238,0,2,0,10.52384,0.0000,0.0000,0.0000,0.0000,0.0000,0.0000,0,0,,,,,,,,0,0,0,0,0,0,0,0,0,0,0,0,0,0,0,0,0,0,0,0,0,0,0,0,0,0,0,0,0,0,0,0,0,0,0,0,0,0,0,0,0,0,0,0,0,0,0,0,0,0,0,
hello,6_30,11_17_43,10.5278,0,2,0,10.52781,0.0000,0.0000,0.0000,0.0000,0.0000,0.0000,0,0,,,,,,,,0,0,0,0,0,0,0,0,0,0,0,0,0,0,0,0,0,0,0,0,0,0,0,0,0,0,0,0,0,0,0,0,0,0,0,0,0,0,0,0,0,0,0,0,0,0,0,0,0,0,0,
hello,6_30,11_17_43,10.5315,0,2,0,10.53154,0.0000,0.0000,0.0000,0.0000,0.0000,0.0000,0,0,,,,,,,,0,0,0,0,0,0,0,0,0,0,0,0,0,0,0,0,0,0,0,0,0,0,0,0,0,0,0,0,0,0,0,0,0,0,0,0,0,0,0,0,0,0,0,0,0,0,0,0,0,0,0,
hello,6_30,11_17_43,10.5350,0,2,0,10.53504,0.0000,0.0000,0.0000,0.0000,0.0000,0.0000,0,0,,,,,,,,0,0,0,0,0,0,0,0,0,0,0,0,0,0,0,0,0,0,0,0,0,0,0,0,0,0,0,0,0,0,0,0,0,0,0,0,0,0,0,0,0,0,0,0,0,0,0,0,0,0,0,
hello,6_30,11_17_43,10.5384,0,2,0,10.53835,0.0000,0.0000,0.0000,0.0000,0.0000,0.0000,0,0,,,,,,,,0,0,0,0,0,0,0,0,0,0,0,0,0,0,0,0,0,0,0,0,0,0,0,0,0,0,0,0,0,0,0,0,0,0,0,0,0,0,0,0,0,0,0,0,0,0,0,0,0,0,0,
hello,6_30,11_17_43,10.5417,0,2,0,10.54171,0.0000,0.0000,0.0000,0.0000,0.0000,0.0000,0,0,,,,,,,,0,0,0,0,0,0,0,0,0,0,0,0,0,0,0,0,0,0,0,0,0,0,0,0,0,0,0,0,0,0,0,0,0,0,0,0,0,0,0,0,0,0,0,0,0,0,0,0,0,0,0,
hello,6_30,11_17_43,10.5452,0,2,0,10.54523,0.0000,0.0000,0.0000,0.0000,0.0000,0.0000,0,0,,,,,,,,0,0,0,0,0,0,0,0,0,0,0,0,0,0,0,0,0,0,0,0,0,0,0,0,0,0,0,0,0,0,0,0,0,0,0,0,0,0,0,0,0,0,0,0,0,0,0,0,0,0,0,
hello,6_30,11_17_43,10.5487,0,2,0,10.54865,0.0000,0.0000,0.0000,0.0000,0.0000,0.0000,0,0,,,,,,,,0,0,0,0,0,0,0,0,0,0,0,0,0,0,0,0,0,0,0,0,0,0,0,0,0,0,0,0,0,0,0,0,0,0,0,0,0,0,0,0,0,0,0,0,0,0,0,0,0,0,0,
hello,6_30,11_17_43,10.5526,0,2,0,10.55258,0.0000,0.0000,0.0000,0.0000,0.0000,0.0000,0,0,,,,,,,,0,0,0,0,0,0,0,0,0,0,0,0,0,0,0,0,0,0,0,0,0,0,0,0,0,0,0,0,0,0,0,0,0,0,0,0,0,0,0,0,0,0,0,0,0,0,0,0,0,0,0,
hello,6_30,11_17_43,10.5560,0,2,0,10.55604,0.0000,0.0000,0.0000,0.0000,0.0000,0.0000,0,0,,,,,,,,0,0,0,0,0,0,0,0,0,0,0,0,0,0,0,0,0,0,0,0,0,0,0,0,0,0,0,0,0,0,0,0,0,0,0,0,0,0,0,0,0,0,0,0,0,0,0,0,0,0,0,
hello,6_30,11_17_43,10.5594,0,2,0,10.55935,0.0000,0.0000,0.0000,0.0000,0.0000,0.0000,0,0,,,,,,,,0,0,0,0,0,0,0,0,0,0,0,0,0,0,0,0,0,0,0,0,0,0,0,0,0,0,0,0,0,0,0,0,0,0,0,0,0,0,0,0,0,0,0,0,0,0,0,0,0,0,0,
hello,6_30,11_17_43,10.5633,0,2,0,10.56331,0.0000,0.0000,0.0000,0.0000,0.0000,0.0000,0,0,,,,,,,,0,0,0,0,0,0,0,0,0,0,0,0,0,0,0,0,0,0,0,0,0,0,0,0,0,0,0,0,0,0,0,0,0,0,0,0,0,0,0,0,0,0,0,0,0,0,0,0,0,0,0,
hello,6_30,11_17_43,10.5670,0,2,0,10.56702,0.0000,0.0000,0.0000,0.0000,0.0000,0.0000,0,0,,,,,,,,0,0,0,0,0,0,0,0,0,0,0,0,0,0,0,0,0,0,0,0,0,0,0,0,0,0,0,0,0,0,0,0,0,0,0,0,0,0,0,0,0,0,0,0,0,0,0,0,0,0,0,
hello,6_30,11_17_43,10.5718,0,2,0,10.57178,0.0000,0.0000,0.0000,0.0000,0.0000,0.0000,0,0,,,,,,,,0,0,0,0,0,0,0,0,0,0,0,0,0,0,0,0,0,0,0,0,0,0,0,0,0,0,0,0,0,0,0,0,0,0,0,0,0,0,0,0,0,0,0,0,0,0,0,0,0,0,0,
hello,6_30,11_17_43,10.5758,0,2,0,10.57575,0.0000,0.0000,0.0000,0.0000,0.0000,0.0000,0,0,,,,,,,,0,0,0,0,0,0,0,0,0,0,0,0,0,0,0,0,0,0,0,0,0,0,0,0,0,0,0,0,0,0,0,0,0,0,0,0,0,0,0,0,0,0,0,0,0,0,0,0,0,0,0,
hello,6_30,11_17_43,10.5794,0,2,0,10.57944,0.0000,0.0000,0.0000,0.0000,0.0000,0.0000,0,0,,,,,,,,0,0,0,0,0,0,0,0,0,0,0,0,0,0,0,0,0,0,0,0,0,0,0,0,0,0,0,0,0,0,0,0,0,0,0,0,0,0,0,0,0,0,0,0,0,0,0,0,0,0,0,
hello,6_30,11_17_43,10.5829,0,2,0,10.58286,0.0000,0.0000,0.0000,0.0000,0.0000,0.0000,0,0,,,,,,,,0,0,0,0,0,0,0,0,0,0,0,0,0,0,0,0,0,0,0,0,0,0,0,0,0,0,0,0,0,0,0,0,0,0,0,0,0,0,0,0,0,0,0,0,0,0,0,0,0,0,0,
hello,6_30,11_17_43,10.5867,0,2,0,10.58673,0.0000,0.0000,0.0000,0.0000,0.0000,0.0000,0,0,,,,,,,,0,0,0,0,0,0,0,0,0,0,0,0,0,0,0,0,0,0,0,0,0,0,0,0,0,0,0,0,0,0,0,0,0,0,0,0,0,0,0,0,0,0,0,0,0,0,0,0,0,0,0,
hello,6_30,11_17_43,10.5910,0,2,0,10.59097,0.0000,0.0000,0.0000,0.0000,0.0000,0.0000,0,0,,,,,,,,0,0,0,0,0,0,0,0,0,0,0,0,0,0,0,0,0,0,0,0,0,0,0,0,0,0,0,0,0,0,0,0,0,0,0,0,0,0,0,0,0,0,0,0,0,0,0,0,0,0,0,
hello,6_30,11_17_43,10.5965,0,2,0,10.59647,0.0000,0.0000,0.0000,0.0000,0.0000,0.0000,0,0,,,,,,,,0,0,0,0,0,0,0,0,0,0,0,0,0,0,0,0,0,0,0,0,0,0,0,0,0,0,0,0,0,0,0,0,0,0,0,0,0,0,0,0,0,0,0,0,0,0,0,0,0,0,0,
hello,6_30,11_17_43,10.6002,0,2,0,10.60024,0.0000,0.0000,0.0000,0.0000,0.0000,0.0000,0,0,,,,,,,,0,0,0,0,0,0,0,0,0,0,0,0,0,0,0,0,0,0,0,0,0,0,0,0,0,0,0,0,0,0,0,0,0,0,0,0,0,0,0,0,0,0,0,0,0,0,0,0,0,0,0,
hello,6_30,11_17_43,10.6041,0,2,0,10.60412,0.0000,0.0000,0.0000,0.0000,0.0000,0.0000,0,0,,,,,,,,0,0,0,0,0,0,0,0,0,0,0,0,0,0,0,0,0,0,0,0,0,0,0,0,0,0,0,0,0,0,0,0,0,0,0,0,0,0,0,0,0,0,0,0,0,0,0,0,0,0,0,
hello,6_30,11_17_43,10.6230,0,2,0,10.62295,0.0000,0.0000,0.0000,0.0000,0.0000,0.0000,0,0,,,,,,,,0,0,0,0,0,0,0,0,0,0,0,0,0,0,0,0,0,0,0,0,0,0,0,0,0,0,0,0,0,0,0,0,0,0,0,0,0,0,0,0,0,0,0,0,0,0,0,0,0,0,0,
hello,6_30,11_17_43,10.6273,0,2,0,10.62729,0.0000,0.0000,0.0000,0.0000,0.0000,0.0000,0,0,,,,,,,,0,0,0,0,0,0,0,0,0,0,0,0,0,0,0,0,0,0,0,0,0,0,0,0,0,0,0,0,0,0,0,0,0,0,0,0,0,0,0,0,0,0,0,0,0,0,0,0,0,0,0,
hello,6_30,11_17_43,10.6311,0,2,0,10.6311,0.0000,0.0000,0.0000,0.0000,0.0000,0.0000,0,0,,,,,,,,0,0,0,0,0,0,0,0,0,0,0,0,0,0,0,0,0,0,0,0,0,0,0,0,0,0,0,0,0,0,0,0,0,0,0,0,0,0,0,0,0,0,0,0,0,0,0,0,0,0,0,
hello,6_30,11_17_43,10.6350,0,2,0,10.63496,0.0000,0.0000,0.0000,0.0000,0.0000,0.0000,0,0,,,,,,,,0,0,0,0,0,0,0,0,0,0,0,0,0,0,0,0,0,0,0,0,0,0,0,0,0,0,0,0,0,0,0,0,0,0,0,0,0,0,0,0,0,0,0,0,0,0,0,0,0,0,0,
hello,6_30,11_17_43,10.6399,0,2,0,10.63991,0.0000,0.0000,0.0000,0.0000,0.0000,0.0000,0,0,,,,,,,,0,0,0,0,0,0,0,0,0,0,0,0,0,0,0,0,0,0,0,0,0,0,0,0,0,0,0,0,0,0,0,0,0,0,0,0,0,0,0,0,0,0,0,0,0,0,0,0,0,0,0,
hello,6_30,11_17_43,10.6437,0,2,0,10.64367,0.0000,0.0000,0.0000,0.0000,0.0000,0.0000,0,0,,,,,,,,0,0,0,0,0,0,0,0,0,0,0,0,0,0,0,0,0,0,0,0,0,0,0,0,0,0,0,0,0,0,0,0,0,0,0,0,0,0,0,0,0,0,0,0,0,0,0,0,0,0,0,
hello,6_30,11_17_43,10.6479,0,2,0,10.64791,0.0000,0.0000,0.0000,0.0000,0.0000,0.0000,0,0,,,,,,,,0,0,0,0,0,0,0,0,0,0,0,0,0,0,0,0,0,0,0,0,0,0,0,0,0,0,0,0,0,0,0,0,0,0,0,0,0,0,0,0,0,0,0,0,0,0,0,0,0,0,0,
hello,6_30,11_17_43,10.6513,0,2,0,10.65132,0.0000,0.0000,0.0000,0.0000,0.0000,0.0000,0,0,,,,,,,,0,0,0,0,0,0,0,0,0,0,0,0,0,0,0,0,0,0,0,0,0,0,0,0,0,0,0,0,0,0,0,0,0,0,0,0,0,0,0,0,0,0,0,0,0,0,0,0,0,0,0,
hello,6_30,11_17_43,10.6551,0,2,0,10.65509,0.0000,0.0000,0.0000,0.0000,0.0000,0.0000,0,0,,,,,,,,0,0,0,0,0,0,0,0,0,0,0,0,0,0,0,0,0,0,0,0,0,0,0,0,0,0,0,0,0,0,0,0,0,0,0,0,0,0,0,0,0,0,0,0,0,0,0,0,0,0,0,
hello,6_30,11_17_43,10.6591,0,2,0,10.65913,0.0000,0.0000,0.0000,0.0000,0.0000,0.0000,0,0,,,,,,,,0,0,0,0,0,0,0,0,0,0,0,0,0,0,0,0,0,0,0,0,0,0,0,0,0,0,0,0,0,0,0,0,0,0,0,0,0,0,0,0,0,0,0,0,0,0,0,0,0,0,0,
hello,6_30,11_17_43,10.6630,0,2,0,10.66296,0.0000,0.0000,0.0000,0.0000,0.0000,0.0000,0,0,,,,,,,,0,0,0,0,0,0,0,0,0,0,0,0,0,0,0,0,0,0,0,0,0,0,0,0,0,0,0,0,0,0,0,0,0,0,0,0,0,0,0,0,0,0,0,0,0,0,0,0,0,0,0,
hello,6_30,11_17_43,10.6670,0,2,0,10.66695,0.0000,0.0000,0.0000,0.0000,0.0000,0.0000,0,0,,,,,,,,0,0,0,0,0,0,0,0,0,0,0,0,0,0,0,0,0,0,0,0,0,0,0,0,0,0,0,0,0,0,0,0,0,0,0,0,0,0,0,0,0,0,0,0,0,0,0,0,0,0,0,
hello,6_30,11_17_43,10.6708,0,2,0,10.67076,0.0000,0.0000,0.0000,0.0000,0.0000,0.0000,0,0,,,,,,,,0,0,0,0,0,0,0,0,0,0,0,0,0,0,0,0,0,0,0,0,0,0,0,0,0,0,0,0,0,0,0,0,0,0,0,0,0,0,0,0,0,0,0,0,0,0,0,0,0,0,0,
hello,6_30,11_17_43,10.6751,0,2,0,10.67509,0.0000,0.0000,0.0000,0.0000,0.0000,0.0000,0,0,,,,,,,,0,0,0,0,0,0,0,0,0,0,0,0,0,0,0,0,0,0,0,0,0,0,0,0,0,0,0,0,0,0,0,0,0,0,0,0,0,0,0,0,0,0,0,0,0,0,0,0,0,0,0,
hello,6_30,11_17_43,10.6791,0,2,0,10.67914,0.0000,0.0000,0.0000,0.0000,0.0000,0.0000,0,0,,,,,,,,0,0,0,0,0,0,0,0,0,0,0,0,0,0,0,0,0,0,0,0,0,0,0,0,0,0,0,0,0,0,0,0,0,0,0,0,0,0,0,0,0,0,0,0,0,0,0,0,0,0,0,
hello,6_30,11_17_43,10.6831,0,2,0,10.68307,0.0000,0.0000,0.0000,0.0000,0.0000,0.0000,0,0,,,,,,,,0,0,0,0,0,0,0,0,0,0,0,0,0,0,0,0,0,0,0,0,0,0,0,0,0,0,0,0,0,0,0,0,0,0,0,0,0,0,0,0,0,0,0,0,0,0,0,0,0,0,0,
hello,6_30,11_17_43,10.6881,0,2,0,10.68814,0.0000,0.0000,0.0000,0.0000,0.0000,0.0000,0,0,,,,,,,,0,0,0,0,0,0,0,0,0,0,0,0,0,0,0,0,0,0,0,0,0,0,0,0,0,0,0,0,0,0,0,0,0,0,0,0,0,0,0,0,0,0,0,0,0,0,0,0,0,0,0,
hello,6_30,11_17_43,10.6919,0,2,0,10.69193,0.0000,0.0000,0.0000,0.0000,0.0000,0.0000,0,0,,,,,,,,0,0,0,0,0,0,0,0,0,0,0,0,0,0,0,0,0,0,0,0,0,0,0,0,0,0,0,0,0,0,0,0,0,0,0,0,0,0,0,0,0,0,0,0,0,0,0,0,0,0,0,
hello,6_30,11_17_43,10.6956,0,2,0,10.69558,0.0000,0.0000,0.0000,0.0000,0.0000,0.0000,0,0,,,,,,,,0,0,0,0,0,0,0,0,0,0,0,0,0,0,0,0,0,0,0,0,0,0,0,0,0,0,0,0,0,0,0,0,0,0,0,0,0,0,0,0,0,0,0,0,0,0,0,0,0,0,0,
hello,6_30,11_17_43,10.6992,0,2,0,10.69918,0.0000,0.0000,0.0000,0.0000,0.0000,0.0000,0,0,,,,,,,,0,0,0,0,0,0,0,0,0,0,0,0,0,0,0,0,0,0,0,0,0,0,0,0,0,0,0,0,0,0,0,0,0,0,0,0,0,0,0,0,0,0,0,0,0,0,0,0,0,0,0,
hello,6_30,11_17_43,10.7029,0,2,0,10.70293,0.0000,0.0000,0.0000,0.0000,0.0000,0.0000,0,0,,,,,,,,0,0,0,0,0,0,0,0,0,0,0,0,0,0,0,0,0,0,0,0,0,0,0,0,0,0,0,0,0,0,0,0,0,0,0,0,0,0,0,0,0,0,0,0,0,0,0,0,0,0,0,
hello,6_30,11_17_43,10.7069,0,2,0,10.70688,0.0000,0.0000,0.0000,0.0000,0.0000,0.0000,0,0,,,,,,,,0,0,0,0,0,0,0,0,0,0,0,0,0,0,0,0,0,0,0,0,0,0,0,0,0,0,0,0,0,0,0,0,0,0,0,0,0,0,0,0,0,0,0,0,0,0,0,0,0,0,0,
hello,6_30,11_17_43,10.7106,0,2,0,10.71063,0.0000,0.0000,0.0000,0.0000,0.0000,0.0000,0,0,,,,,,,,0,0,0,0,0,0,0,0,0,0,0,0,0,0,0,0,0,0,0,0,0,0,0,0,0,0,0,0,0,0,0,0,0,0,0,0,0,0,0,0,0,0,0,0,0,0,0,0,0,0,0,
hello,6_30,11_17_43,10.7146,0,2,0,10.71456,0.0000,0.0000,0.0000,0.0000,0.0000,0.0000,0,0,,,,,,,,0,0,0,0,0,0,0,0,0,0,0,0,0,0,0,0,0,0,0,0,0,0,0,0,0,0,0,0,0,0,0,0,0,0,0,0,0,0,0,0,0,0,0,0,0,0,0,0,0,0,0,
hello,6_30,11_17_43,10.7183,0,2,0,10.71833,0.0000,0.0000,0.0000,0.0000,0.0000,0.0000,0,0,,,,,,,,0,0,0,0,0,0,0,0,0,0,0,0,0,0,0,0,0,0,0,0,0,0,0,0,0,0,0,0,0,0,0,0,0,0,0,0,0,0,0,0,0,0,0,0,0,0,0,0,0,0,0,
hello,6_30,11_17_43,10.7219,0,2,0,10.72191,0.0000,0.0000,0.0000,0.0000,0.0000,0.0000,0,0,,,,,,,,0,0,0,0,0,0,0,0,0,0,0,0,0,0,0,0,0,0,0,0,0,0,0,0,0,0,0,0,0,0,0,0,0,0,0,0,0,0,0,0,0,0,0,0,0,0,0,0,0,0,0,
hello,6_30,11_17_43,10.7259,0,2,0,10.72588,0.0000,0.0000,0.0000,0.0000,0.0000,0.0000,0,0,,,,,,,,0,0,0,0,0,0,0,0,0,0,0,0,0,0,0,0,0,0,0,0,0,0,0,0,0,0,0,0,0,0,0,0,0,0,0,0,0,0,0,0,0,0,0,0,0,0,0,0,0,0,0,
hello,6_30,11_17_43,10.7293,0,2,0,10.72928,0.0000,0.0000,0.0000,0.0000,0.0000,0.0000,0,0,,,,,,,,0,0,0,0,0,0,0,0,0,0,0,0,0,0,0,0,0,0,0,0,0,0,0,0,0,0,0,0,0,0,0,0,0,0,0,0,0,0,0,0,0,0,0,0,0,0,0,0,0,0,0,
hello,6_30,11_17_43,10.7333,0,2,0,10.73329,0.0000,0.0000,0.0000,0.0000,0.0000,0.0000,0,0,,,,,,,,0,0,0,0,0,0,0,0,0,0,0,0,0,0,0,0,0,0,0,0,0,0,0,0,0,0,0,0,0,0,0,0,0,0,0,0,0,0,0,0,0,0,0,0,0,0,0,0,0,0,0,
hello,6_30,11_17_43,10.7370,0,2,0,10.737,0.0000,0.0000,0.0000,0.0000,0.0000,0.0000,0,0,,,,,,,,0,0,0,0,0,0,0,0,0,0,0,0,0,0,0,0,0,0,0,0,0,0,0,0,0,0,0,0,0,0,0,0,0,0,0,0,0,0,0,0,0,0,0,0,0,0,0,0,0,0,0,
hello,6_30,11_17_43,10.7423,0,2,0,10.74227,0.0000,0.0000,0.0000,0.0000,0.0000,0.0000,0,0,,,,,,,,0,0,0,0,0,0,0,0,0,0,0,0,0,0,0,0,0,0,0,0,0,0,0,0,0,0,0,0,0,0,0,0,0,0,0,0,0,0,0,0,0,0,0,0,0,0,0,0,0,0,0,
hello,6_30,11_17_43,10.7458,0,2,0,10.74581,0.0000,0.0000,0.0000,0.0000,0.0000,0.0000,0,0,,,,,,,,0,0,0,0,0,0,0,0,0,0,0,0,0,0,0,0,0,0,0,0,0,0,0,0,0,0,0,0,0,0,0,0,0,0,0,0,0,0,0,0,0,0,0,0,0,0,0,0,0,0,0,
hello,6_30,11_17_43,10.7495,0,2,0,10.74947,0.0000,0.0000,0.0000,0.0000,0.0000,0.0000,0,0,,,,,,,,0,0,0,0,0,0,0,0,0,0,0,0,0,0,0,0,0,0,0,0,0,0,0,0,0,0,0,0,0,0,0,0,0,0,0,0,0,0,0,0,0,0,0,0,0,0,0,0,0,0,0,
hello,6_30,11_17_43,10.7532,0,2,0,10.75316,0.0000,0.0000,0.0000,0.0000,0.0000,0.0000,0,0,,,,,,,,0,0,0,0,0,0,0,0,0,0,0,0,0,0,0,0,0,0,0,0,0,0,0,0,0,0,0,0,0,0,0,0,0,0,0,0,0,0,0,0,0,0,0,0,0,0,0,0,0,0,0,
hello,6_30,11_17_44,10.7569,0,2,0,10.75689,0.0000,0.0000,0.0000,0.0000,0.0000,0.0000,0,0,,,,,,,,0,0,0,0,0,0,0,0,0,0,0,0,0,0,0,0,0,0,0,0,0,0,0,0,0,0,0,0,0,0,0,0,0,0,0,0,0,0,0,0,0,0,0,0,0,0,0,0,0,0,0,
hello,6_30,11_17_44,10.7605,0,2,0,10.76047,0.0000,0.0000,0.0000,0.0000,0.0000,0.0000,0,0,,,,,,,,0,0,0,0,0,0,0,0,0,0,0,0,0,0,0,0,0,0,0,0,0,0,0,0,0,0,0,0,0,0,0,0,0,0,0,0,0,0,0,0,0,0,0,0,0,0,0,0,0,0,0,
hello,6_30,11_17_44,10.7644,0,2,0,10.76443,0.0000,0.0000,0.0000,0.0000,0.0000,0.0000,0,0,,,,,,,,0,0,0,0,0,0,0,0,0,0,0,0,0,0,0,0,0,0,0,0,0,0,0,0,0,0,0,0,0,0,0,0,0,0,0,0,0,0,0,0,0,0,0,0,0,0,0,0,0,0,0,
hello,6_30,11_17_44,10.7678,0,2,0,10.76781,0.0000,0.0000,0.0000,0.0000,0.0000,0.0000,0,0,,,,,,,,0,0,0,0,0,0,0,0,0,0,0,0,0,0,0,0,0,0,0,0,0,0,0,0,0,0,0,0,0,0,0,0,0,0,0,0,0,0,0,0,0,0,0,0,0,0,0,0,0,0,0,
hello,6_30,11_17_44,10.7717,0,2,0,10.77168,0.0000,0.0000,0.0000,0.0000,0.0000,0.0000,0,0,,,,,,,,0,0,0,0,0,0,0,0,0,0,0,0,0,0,0,0,0,0,0,0,0,0,0,0,0,0,0,0,0,0,0,0,0,0,0,0,0,0,0,0,0,0,0,0,0,0,0,0,0,0,0,
hello,6_30,11_17_44,10.7754,0,2,0,10.77537,0.0000,0.0000,0.0000,0.0000,0.0000,0.0000,0,0,,,,,,,,0,0,0,0,0,0,0,0,0,0,0,0,0,0,0,0,0,0,0,0,0,0,0,0,0,0,0,0,0,0,0,0,0,0,0,0,0,0,0,0,0,0,0,0,0,0,0,0,0,0,0,
hello,6_30,11_17_44,10.7788,0,2,0,10.77882,0.0000,0.0000,0.0000,0.0000,0.0000,0.0000,0,0,,,,,,,,0,0,0,0,0,0,0,0,0,0,0,0,0,0,0,0,0,0,0,0,0,0,0,0,0,0,0,0,0,0,0,0,0,0,0,0,0,0,0,0,0,0,0,0,0,0,0,0,0,0,0,
hello,6_30,11_17_44,10.7831,0,2,0,10.78312,0.0000,0.0000,0.0000,0.0000,0.0000,0.0000,0,0,,,,,,,,0,0,0,0,0,0,0,0,0,0,0,0,0,0,0,0,0,0,0,0,0,0,0,0,0,0,0,0,0,0,0,0,0,0,0,0,0,0,0,0,0,0,0,0,0,0,0,0,0,0,0,
hello,6_30,11_17_44,10.7867,0,2,0,10.7867,0.0000,0.0000,0.0000,0.0000,0.0000,0.0000,0,0,,,,,,,,0,0,0,0,0,0,0,0,0,0,0,0,0,0,0,0,0,0,0,0,0,0,0,0,0,0,0,0,0,0,0,0,0,0,0,0,0,0,0,0,0,0,0,0,0,0,0,0,0,0,0,
hello,6_30,11_17_44,10.7907,0,2,0,10.79074,0.0000,0.0000,0.0000,0.0000,0.0000,0.0000,0,0,,,,,,,,0,0,0,0,0,0,0,0,0,0,0,0,0,0,0,0,0,0,0,0,0,0,0,0,0,0,0,0,0,0,0,0,0,0,0,0,0,0,0,0,0,0,0,0,0,0,0,0,0,0,0,
hello,6_30,11_17_44,10.7946,0,2,0,10.79458,0.0000,0.0000,0.0000,0.0000,0.0000,0.0000,0,0,,,,,,,,0,0,0,0,0,0,0,0,0,0,0,0,0,0,0,0,0,0,0,0,0,0,0,0,0,0,0,0,0,0,0,0,0,0,0,0,0,0,0,0,0,0,0,0,0,0,0,0,0,0,0,
hello,6_30,11_17_44,10.7984,0,2,0,10.79844,0.0000,0.0000,0.0000,0.0000,0.0000,0.0000,0,0,,,,,,,,0,0,0,0,0,0,0,0,0,0,0,0,0,0,0,0,0,0,0,0,0,0,0,0,0,0,0,0,0,0,0,0,0,0,0,0,0,0,0,0,0,0,0,0,0,0,0,0,0,0,0,
hello,6_30,11_17_44,10.8033,0,2,0,10.8033,0.0000,0.0000,0.0000,0.0000,0.0000,0.0000,0,0,,,,,,,,0,0,0,0,0,0,0,0,0,0,0,0,0,0,0,0,0,0,0,0,0,0,0,0,0,0,0,0,0,0,0,0,0,0,0,0,0,0,0,0,0,0,0,0,0,0,0,0,0,0,0,
hello,6_30,11_17_44,10.8072,0,2,0,10.80724,0.0000,0.0000,0.0000,0.0000,0.0000,0.0000,0,0,,,,,,,,0,0,0,0,0,0,0,0,0,0,0,0,0,0,0,0,0,0,0,0,0,0,0,0,0,0,0,0,0,0,0,0,0,0,0,0,0,0,0,0,0,0,0,0,0,0,0,0,0,0,0,
hello,6_30,11_17_44,10.8267,0,2,0,10.82667,0.0000,0.0000,0.0000,0.0000,0.0000,0.0000,0,0,,,,,,,,0,0,0,0,0,0,0,0,0,0,0,0,0,0,0,0,0,0,0,0,0,0,0,0,0,0,0,0,0,0,0,0,0,0,0,0,0,0,0,0,0,0,0,0,0,0,0,0,0,0,0,
hello,6_30,11_17_44,10.8305,0,2,0,10.83047,0.0000,0.0000,0.0000,0.0000,0.0000,0.0000,0,0,,,,,,,,0,0,0,0,0,0,0,0,0,0,0,0,0,0,0,0,0,0,0,0,0,0,0,0,0,0,0,0,0,0,0,0,0,0,0,0,0,0,0,0,0,0,0,0,0,0,0,0,0,0,0,
hello,6_30,11_17_44,10.8342,0,2,0,10.83424,0.0000,0.0000,0.0000,0.0000,0.0000,0.0000,0,0,,,,,,,,0,0,0,0,0,0,0,0,0,0,0,0,0,0,0,0,0,0,0,0,0,0,0,0,0,0,0,0,0,0,0,0,0,0,0,0,0,0,0,0,0,0,0,0,0,0,0,0,0,0,0,
hello,6_30,11_17_44,10.8382,0,2,0,10.83817,0.0000,0.0000,0.0000,0.0000,0.0000,0.0000,0,0,,,,,,,,0,0,0,0,0,0,0,0,0,0,0,0,0,0,0,0,0,0,0,0,0,0,0,0,0,0,0,0,0,0,0,0,0,0,0,0,0,0,0,0,0,0,0,0,0,0,0,0,0,0,0,
hello,6_30,11_17_44,10.8419,0,2,0,10.84189,0.0000,0.0000,0.0000,0.0000,0.0000,0.0000,0,0,,,,,,,,0,0,0,0,0,0,0,0,0,0,0,0,0,0,0,0,0,0,0,0,0,0,0,0,0,0,0,0,0,0,0,0,0,0,0,0,0,0,0,0,0,0,0,0,0,0,0,0,0,0,0,
hello,6_30,11_17_44,10.8458,0,2,0,10.8458,0.0000,0.0000,0.0000,0.0000,0.0000,0.0000,0,0,,,,,,,,0,0,0,0,0,0,0,0,0,0,0,0,0,0,0,0,0,0,0,0,0,0,0,0,0,0,0,0,0,0,0,0,0,0,0,0,0,0,0,0,0,0,0,0,0,0,0,0,0,0,0,
hello,6_30,11_17_44,10.8495,0,2,0,10.84946,0.0000,0.0000,0.0000,0.0000,0.0000,0.0000,0,0,,,,,,,,0,0,0,0,0,0,0,0,0,0,0,0,0,0,0,0,0,0,0,0,0,0,0,0,0,0,0,0,0,0,0,0,0,0,0,0,0,0,0,0,0,0,0,0,0,0,0,0,0,0,0,
hello,6_30,11_17_44,10.8535,0,2,0,10.85352,0.0000,0.0000,0.0000,0.0000,0.0000,0.0000,0,0,,,,,,,,0,0,0,0,0,0,0,0,0,0,0,0,0,0,0,0,0,0,0,0,0,0,0,0,0,0,0,0,0,0,0,0,0,0,0,0,0,0,0,0,0,0,0,0,0,0,0,0,0,0,0,
hello,6_30,11_17_44,10.8572,0,2,0,10.8572,0.0000,0.0000,0.0000,0.0000,0.0000,0.0000,0,0,,,,,,,,0,0,0,0,0,0,0,0,0,0,0,0,0,0,0,0,0,0,0,0,0,0,0,0,0,0,0,0,0,0,0,0,0,0,0,0,0,0,0,0,0,0,0,0,0,0,0,0,0,0,0,
hello,6_30,11_17_44,10.8608,0,2,0,10.86078,0.0000,0.0000,0.0000,0.0000,0.0000,0.0000,0,0,,,,,,,,0,0,0,0,0,0,0,0,0,0,0,0,0,0,0,0,0,0,0,0,0,0,0,0,0,0,0,0,0,0,0,0,0,0,0,0,0,0,0,0,0,0,0,0,0,0,0,0,0,0,0,
hello,6_30,11_17_44,10.8650,0,2,0,10.86503,0.0000,0.0000,0.0000,0.0000,0.0000,0.0000,0,0,,,,,,,,0,0,0,0,0,0,0,0,0,0,0,0,0,0,0,0,0,0,0,0,0,0,0,0,0,0,0,0,0,0,0,0,0,0,0,0,0,0,0,0,0,0,0,0,0,0,0,0,0,0,0,
hello,6_30,11_17_44,10.8700,0,2,0,10.87004,0.0000,0.0000,0.0000,0.0000,0.0000,0.0000,0,0,,,,,,,,0,0,0,0,0,0,0,0,0,0,0,0,0,0,0,0,0,0,0,0,0,0,0,0,0,0,0,0,0,0,0,0,0,0,0,0,0,0,0,0,0,0,0,0,0,0,0,0,0,0,0,
hello,6_30,11_17_44,10.8739,0,2,0,10.8739,0.0000,0.0000,0.0000,0.0000,0.0000,0.0000,0,0,,,,,,,,0,0,0,0,0,0,0,0,0,0,0,0,0,0,0,0,0,0,0,0,0,0,0,0,0,0,0,0,0,0,0,0,0,0,0,0,0,0,0,0,0,0,0,0,0,0,0,0,0,0,0,
hello,6_30,11_17_44,10.8773,0,2,0,10.87726,0.0000,0.0000,0.0000,0.0000,0.0000,0.0000,0,0,,,,,,,,0,0,0,0,0,0,0,0,0,0,0,0,0,0,0,0,0,0,0,0,0,0,0,0,0,0,0,0,0,0,0,0,0,0,0,0,0,0,0,0,0,0,0,0,0,0,0,0,0,0,0,
hello,6_30,11_17_44,10.8813,0,2,0,10.88125,0.0000,0.0000,0.0000,0.0000,0.0000,0.0000,0,0,,,,,,,,0,0,0,0,0,0,0,0,0,0,0,0,0,0,0,0,0,0,0,0,0,0,0,0,0,0,0,0,0,0,0,0,0,0,0,0,0,0,0,0,0,0,0,0,0,0,0,0,0,0,0,
hello,6_30,11_17_44,10.8854,0,2,0,10.88538,0.0000,0.0000,0.0000,0.0000,0.0000,0.0000,0,0,,,,,,,,0,0,0,0,0,0,0,0,0,0,0,0,0,0,0,0,0,0,0,0,0,0,0,0,0,0,0,0,0,0,0,0,0,0,0,0,0,0,0,0,0,0,0,0,0,0,0,0,0,0,0,
hello,6_30,11_17_44,10.8892,0,2,0,10.88916,0.0000,0.0000,0.0000,0.0000,0.0000,0.0000,0,0,,,,,,,,0,0,0,0,0,0,0,0,0,0,0,0,0,0,0,0,0,0,0,0,0,0,0,0,0,0,0,0,0,0,0,0,0,0,0,0,0,0,0,0,0,0,0,0,0,0,0,0,0,0,0,
hello,6_30,11_17_44,10.8929,0,2,0,10.89291,0.0000,0.0000,0.0000,0.0000,0.0000,0.0000,0,0,,,,,,,,0,0,0,0,0,0,0,0,0,0,0,0,0,0,0,0,0,0,0,0,0,0,0,0,0,0,0,0,0,0,0,0,0,0,0,0,0,0,0,0,0,0,0,0,0,0,0,0,0,0,0,
hello,6_30,11_17_44,10.8969,0,2,0,10.8969,0.0000,0.0000,0.0000,0.0000,0.0000,0.0000,0,0,,,,,,,,0,0,0,0,0,0,0,0,0,0,0,0,0,0,0,0,0,0,0,0,0,0,0,0,0,0,0,0,0,0,0,0,0,0,0,0,0,0,0,0,0,0,0,0,0,0,0,0,0,0,0,
hello,6_30,11_17_44,10.9010,0,2,0,10.901,0.0000,0.0000,0.0000,0.0000,0.0000,0.0000,0,0,,,,,,,,0,0,0,0,0,0,0,0,0,0,0,0,0,0,0,0,0,0,0,0,0,0,0,0,0,0,0,0,0,0,0,0,0,0,0,0,0,0,0,0,0,0,0,0,0,0,0,0,0,0,0,
hello,6_30,11_17_44,10.9049,0,2,0,10.9049,0.0000,0.0000,0.0000,0.0000,0.0000,0.0000,0,0,,,,,,,,0,0,0,0,0,0,0,0,0,0,0,0,0,0,0,0,0,0,0,0,0,0,0,0,0,0,0,0,0,0,0,0,0,0,0,0,0,0,0,0,0,0,0,0,0,0,0,0,0,0,0,
hello,6_30,11_17_44,10.9088,0,2,0,10.90876,0.0000,0.0000,0.0000,0.0000,0.0000,0.0000,0,0,,,,,,,,0,0,0,0,0,0,0,0,0,0,0,0,0,0,0,0,0,0,0,0,0,0,0,0,0,0,0,0,0,0,0,0,0,0,0,0,0,0,0,0,0,0,0,0,0,0,0,0,0,0,0,
hello,6_30,11_17_44,10.9124,0,2,0,10.91241,0.0000,0.0000,0.0000,0.0000,0.0000,0.0000,0,0,,,,,,,,0,0,0,0,0,0,0,0,0,0,0,0,0,0,0,0,0,0,0,0,0,0,0,0,0,0,0,0,0,0,0,0,0,0,0,0,0,0,0,0,0,0,0,0,0,0,0,0,0,0,0,
hello,6_30,11_17_44,10.9161,0,2,0,10.91613,0.0000,0.0000,0.0000,0.0000,0.0000,0.0000,0,0,,,,,,,,0,0,0,0,0,0,0,0,0,0,0,0,0,0,0,0,0,0,0,0,0,0,0,0,0,0,0,0,0,0,0,0,0,0,0,0,0,0,0,0,0,0,0,0,0,0,0,0,0,0,0,
hello,6_30,11_17_44,10.9205,0,2,0,10.92053,0.0000,0.0000,0.0000,0.0000,0.0000,0.0000,0,0,,,,,,,,0,0,0,0,0,0,0,0,0,0,0,0,0,0,0,0,0,0,0,0,0,0,0,0,0,0,0,0,0,0,0,0,0,0,0,0,0,0,0,0,0,0,0,0,0,0,0,0,0,0,0,
hello,6_30,11_17_44,10.9245,0,2,0,10.92449,0.0000,0.0000,0.0000,0.0000,0.0000,0.0000,0,0,,,,,,,,0,0,0,0,0,0,0,0,0,0,0,0,0,0,0,0,0,0,0,0,0,0,0,0,0,0,0,0,0,0,0,0,0,0,0,0,0,0,0,0,0,0,0,0,0,0,0,0,0,0,0,
hello,6_30,11_17_44,10.9284,0,2,0,10.9284,0.0000,0.0000,0.0000,0.0000,0.0000,0.0000,0,0,,,,,,,,0,0,0,0,0,0,0,0,0,0,0,0,0,0,0,0,0,0,0,0,0,0,0,0,0,0,0,0,0,0,0,0,0,0,0,0,0,0,0,0,0,0,0,0,0,0,0,0,0,0,0,
hello,6_30,11_17_44,10.9319,0,2,0,10.93187,0.0000,0.0000,0.0000,0.0000,0.0000,0.0000,0,0,,,,,,,,0,0,0,0,0,0,0,0,0,0,0,0,0,0,0,0,0,0,0,0,0,0,0,0,0,0,0,0,0,0,0,0,0,0,0,0,0,0,0,0,0,0,0,0,0,0,0,0,0,0,0,
hello,6_30,11_17_44,10.9360,0,2,0,10.93603,0.0000,0.0000,0.0000,0.0000,0.0000,0.0000,0,0,,,,,,,,0,0,0,0,0,0,0,0,0,0,0,0,0,0,0,0,0,0,0,0,0,0,0,0,0,0,0,0,0,0,0,0,0,0,0,0,0,0,0,0,0,0,0,0,0,0,0,0,0,0,0,
hello,6_30,11_17_44,10.9399,0,2,0,10.93987,0.0000,0.0000,0.0000,0.0000,0.0000,0.0000,0,0,,,,,,,,0,0,0,0,0,0,0,0,0,0,0,0,0,0,0,0,0,0,0,0,0,0,0,0,0,0,0,0,0,0,0,0,0,0,0,0,0,0,0,0,0,0,0,0,0,0,0,0,0,0,0,
hello,6_30,11_17_44,10.9437,0,2,0,10.94373,0.0000,0.0000,0.0000,0.0000,0.0000,0.0000,0,0,,,,,,,,0,0,0,0,0,0,0,0,0,0,0,0,0,0,0,0,0,0,0,0,0,0,0,0,0,0,0,0,0,0,0,0,0,0,0,0,0,0,0,0,0,0,0,0,0,0,0,0,0,0,0,
hello,6_30,11_17_44,10.9474,0,2,0,10.94738,0.0000,0.0000,0.0000,0.0000,0.0000,0.0000,0,0,,,,,,,,0,0,0,0,0,0,0,0,0,0,0,0,0,0,0,0,0,0,0,0,0,0,0,0,0,0,0,0,0,0,0,0,0,0,0,0,0,0,0,0,0,0,0,0,0,0,0,0,0,0,0,
hello,6_30,11_17_44,10.9511,0,2,0,10.95114,0.0000,0.0000,0.0000,0.0000,0.0000,0.0000,0,0,,,,,,,,0,0,0,0,0,0,0,0,0,0,0,0,0,0,0,0,0,0,0,0,0,0,0,0,0,0,0,0,0,0,0,0,0,0,0,0,0,0,0,0,0,0,0,0,0,0,0,0,0,0,0,
hello,6_30,11_17_44,10.9549,0,2,0,10.95491,0.0000,0.0000,0.0000,0.0000,0.0000,0.0000,0,0,,,,,,,,0,0,0,0,0,0,0,0,0,0,0,0,0,0,0,0,0,0,0,0,0,0,0,0,0,0,0,0,0,0,0,0,0,0,0,0,0,0,0,0,0,0,0,0,0,0,0,0,0,0,0,
hello,6_30,11_17_44,10.9582,0,2,0,10.95823,0.0000,0.0000,0.0000,0.0000,0.0000,0.0000,0,0,,,,,,,,0,0,0,0,0,0,0,0,0,0,0,0,0,0,0,0,0,0,0,0,0,0,0,0,0,0,0,0,0,0,0,0,0,0,0,0,0,0,0,0,0,0,0,0,0,0,0,0,0,0,0,
hello,6_30,11_17_44,10.9615,0,2,0,10.96147,0.0000,0.0000,0.0000,0.0000,0.0000,0.0000,0,0,,,,,,,,0,0,0,0,0,0,0,0,0,0,0,0,0,0,0,0,0,0,0,0,0,0,0,0,0,0,0,0,0,0,0,0,0,0,0,0,0,0,0,0,0,0,0,0,0,0,0,0,0,0,0,
hello,6_30,11_17_44,10.9652,0,2,0,10.9652,0.0000,0.0000,0.0000,0.0000,0.0000,0.0000,0,0,,,,,,,,0,0,0,0,0,0,0,0,0,0,0,0,0,0,0,0,0,0,0,0,0,0,0,0,0,0,0,0,0,0,0,0,0,0,0,0,0,0,0,0,0,0,0,0,0,0,0,0,0,0,0,
hello,6_30,11_17_44,10.9687,0,2,0,10.96871,0.0000,0.0000,0.0000,0.0000,0.0000,0.0000,0,0,,,,,,,,0,0,0,0,0,0,0,0,0,0,0,0,0,0,0,0,0,0,0,0,0,0,0,0,0,0,0,0,0,0,0,0,0,0,0,0,0,0,0,0,0,0,0,0,0,0,0,0,0,0,0,
hello,6_30,11_17_44,10.9726,0,2,0,10.97257,0.0000,0.0000,0.0000,0.0000,0.0000,0.0000,0,0,,,,,,,,0,0,0,0,0,0,0,0,0,0,0,0,0,0,0,0,0,0,0,0,0,0,0,0,0,0,0,0,0,0,0,0,0,0,0,0,0,0,0,0,0,0,0,0,0,0,0,0,0,0,0,
hello,6_30,11_17_44,10.9762,0,2,0,10.97617,0.0000,0.0000,0.0000,0.0000,0.0000,0.0000,0,0,,,,,,,,0,0,0,0,0,0,0,0,0,0,0,0,0,0,0,0,0,0,0,0,0,0,0,0,0,0,0,0,0,0,0,0,0,0,0,0,0,0,0,0,0,0,0,0,0,0,0,0,0,0,0,
hello,6_30,11_17_44,10.9796,0,2,0,10.97959,0.0000,0.0000,0.0000,0.0000,0.0000,0.0000,0,0,,,,,,,,0,0,0,0,0,0,0,0,0,0,0,0,0,0,0,0,0,0,0,0,0,0,0,0,0,0,0,0,0,0,0,0,0,0,0,0,0,0,0,0,0,0,0,0,0,0,0,0,0,0,0,
hello,6_30,11_17_44,10.9830,0,2,0,10.98302,0.0000,0.0000,0.0000,0.0000,0.0000,0.0000,0,0,,,,,,,,0,0,0,0,0,0,0,0,0,0,0,0,0,0,0,0,0,0,0,0,0,0,0,0,0,0,0,0,0,0,0,0,0,0,0,0,0,0,0,0,0,0,0,0,0,0,0,0,0,0,0,
hello,6_30,11_17_44,10.9867,0,2,0,10.9867,0.0000,0.0000,0.0000,0.0000,0.0000,0.0000,0,0,,,,,,,,0,0,0,0,0,0,0,0,0,0,0,0,0,0,0,0,0,0,0,0,0,0,0,0,0,0,0,0,0,0,0,0,0,0,0,0,0,0,0,0,0,0,0,0,0,0,0,0,0,0,0,
hello,6_30,11_17_44,10.9901,0,2,0,10.99005,0.0000,0.0000,0.0000,0.0000,0.0000,0.0000,0,0,,,,,,,,0,0,0,0,0,0,0,0,0,0,0,0,0,0,0,0,0,0,0,0,0,0,0,0,0,0,0,0,0,0,0,0,0,0,0,0,0,0,0,0,0,0,0,0,0,0,0,0,0,0,0,
hello,6_30,11_17_44,10.9935,0,2,0,10.99351,0.0000,0.0000,0.0000,0.0000,0.0000,0.0000,0,0,,,,,,,,0,0,0,0,0,0,0,0,0,0,0,0,0,0,0,0,0,0,0,0,0,0,0,0,0,0,0,0,0,0,0,0,0,0,0,0,0,0,0,0,0,0,0,0,0,0,0,0,0,0,0,
hello,6_30,11_17_44,10.9970,0,2,0,10.99698,0.0000,0.0000,0.0000,0.0000,0.0000,0.0000,0,0,,,,,,,,0,0,0,0,0,0,0,0,0,0,0,0,0,0,0,0,0,0,0,0,0,0,0,0,0,0,0,0,0,0,0,0,0,0,0,0,0,0,0,0,0,0,0,0,0,0,0,0,0,0,0,
hello,6_30,11_17_44,11.0003,0,2,0,11.00025,0.0000,0.0000,0.0000,0.0000,0.0000,0.0000,0,0,,,,,,,,0,0,0,0,0,0,0,0,0,0,0,0,0,0,0,0,0,0,0,0,0,0,0,0,0,0,0,0,0,0,0,0,0,0,0,0,0,0,0,0,0,0,0,0,0,0,0,0,0,0,0,
hello,6_30,11_17_44,11.0040,0,2,0,11.00398,0.0000,0.0000,0.0000,0.0000,0.0000,0.0000,0,0,,,,,,,,0,0,0,0,0,0,0,0,0,0,0,0,0,0,0,0,0,0,0,0,0,0,0,0,0,0,0,0,0,0,0,0,0,0,0,0,0,0,0,0,0,0,0,0,0,0,0,0,0,0,0,
hello,6_30,11_17_44,11.0075,0,2,0,11.00748,0.0000,0.0000,0.0000,0.0000,0.0000,0.0000,0,0,,,,,,,,0,0,0,0,0,0,0,0,0,0,0,0,0,0,0,0,0,0,0,0,0,0,0,0,0,0,0,0,0,0,0,0,0,0,0,0,0,0,0,0,0,0,0,0,0,0,0,0,0,0,0,
hello,6_30,11_17_44,11.0260,0,2,0,11.02603,0.0000,0.0000,0.0000,0.0000,0.0000,0.0000,0,0,,,,,,,,0,0,0,0,0,0,0,0,0,0,0,0,0,0,0,0,0,0,0,0,0,0,0,0,0,0,0,0,0,0,0,0,0,0,0,0,0,0,0,0,0,0,0,0,0,0,0,0,0,0,0,
hello,6_30,11_17_44,11.0299,0,2,0,11.02988,0.0000,0.0000,0.0000,0.0000,0.0000,0.0000,0,0,,,,,,,,0,0,0,0,0,0,0,0,0,0,0,0,0,0,0,0,0,0,0,0,0,0,0,0,0,0,0,0,0,0,0,0,0,0,0,0,0,0,0,0,0,0,0,0,0,0,0,0,0,0,0,
hello,6_30,11_17_44,11.0332,0,2,0,11.03319,0.0000,0.0000,0.0000,0.0000,0.0000,0.0000,0,0,,,,,,,,0,0,0,0,0,0,0,0,0,0,0,0,0,0,0,0,0,0,0,0,0,0,0,0,0,0,0,0,0,0,0,0,0,0,0,0,0,0,0,0,0,0,0,0,0,0,0,0,0,0,0,
hello,6_30,11_17_44,11.0369,0,2,0,11.03688,0.0000,0.0000,0.0000,0.0000,0.0000,0.0000,0,0,,,,,,,,0,0,0,0,0,0,0,0,0,0,0,0,0,0,0,0,0,0,0,0,0,0,0,0,0,0,0,0,0,0,0,0,0,0,0,0,0,0,0,0,0,0,0,0,0,0,0,0,0,0,0,
hello,6_30,11_17_44,11.0405,0,2,0,11.04052,0.0000,0.0000,0.0000,0.0000,0.0000,0.0000,0,0,,,,,,,,0,0,0,0,0,0,0,0,0,0,0,0,0,0,0,0,0,0,0,0,0,0,0,0,0,0,0,0,0,0,0,0,0,0,0,0,0,0,0,0,0,0,0,0,0,0,0,0,0,0,0,
hello,6_30,11_17_44,11.0447,0,2,0,11.04466,0.0000,0.0000,0.0000,0.0000,0.0000,0.0000,0,0,,,,,,,,0,0,0,0,0,0,0,0,0,0,0,0,0,0,0,0,0,0,0,0,0,0,0,0,0,0,0,0,0,0,0,0,0,0,0,0,0,0,0,0,0,0,0,0,0,0,0,0,0,0,0,
hello,6_30,11_17_44,11.0482,0,2,0,11.04824,0.0000,0.0000,0.0000,0.0000,0.0000,0.0000,0,0,,,,,,,,0,0,0,0,0,0,0,0,0,0,0,0,0,0,0,0,0,0,0,0,0,0,0,0,0,0,0,0,0,0,0,0,0,0,0,0,0,0,0,0,0,0,0,0,0,0,0,0,0,0,0,
hello,6_30,11_17_44,11.0521,0,2,0,11.05214,0.0000,0.0000,0.0000,0.0000,0.0000,0.0000,0,0,,,,,,,,0,0,0,0,0,0,0,0,0,0,0,0,0,0,0,0,0,0,0,0,0,0,0,0,0,0,0,0,0,0,0,0,0,0,0,0,0,0,0,0,0,0,0,0,0,0,0,0,0,0,0,
hello,6_30,11_17_44,11.0555,0,2,0,11.05549,0.0000,0.0000,0.0000,0.0000,0.0000,0.0000,0,0,,,,,,,,0,0,0,0,0,0,0,0,0,0,0,0,0,0,0,0,0,0,0,0,0,0,0,0,0,0,0,0,0,0,0,0,0,0,0,0,0,0,0,0,0,0,0,0,0,0,0,0,0,0,0,
hello,6_30,11_17_44,11.0589,0,2,0,11.05892,0.0000,0.0000,0.0000,0.0000,0.0000,0.0000,0,0,,,,,,,,0,0,0,0,0,0,0,0,0,0,0,0,0,0,0,0,0,0,0,0,0,0,0,0,0,0,0,0,0,0,0,0,0,0,0,0,0,0,0,0,0,0,0,0,0,0,0,0,0,0,0,
hello,6_30,11_17_44,11.0623,0,2,0,11.06227,0.0000,0.0000,0.0000,0.0000,0.0000,0.0000,0,0,,,,,,,,0,0,0,0,0,0,0,0,0,0,0,0,0,0,0,0,0,0,0,0,0,0,0,0,0,0,0,0,0,0,0,0,0,0,0,0,0,0,0,0,0,0,0,0,0,0,0,0,0,0,0,
hello,6_30,11_17_44,11.0659,0,2,0,11.06594,0.0000,0.0000,0.0000,0.0000,0.0000,0.0000,0,0,,,,,,,,0,0,0,0,0,0,0,0,0,0,0,0,0,0,0,0,0,0,0,0,0,0,0,0,0,0,0,0,0,0,0,0,0,0,0,0,0,0,0,0,0,0,0,0,0,0,0,0,0,0,0,
hello,6_30,11_17_44,11.0695,0,2,0,11.06954,0.0000,0.0000,0.0000,0.0000,0.0000,0.0000,0,0,,,,,,,,0,0,0,0,0,0,0,0,0,0,0,0,0,0,0,0,0,0,0,0,0,0,0,0,0,0,0,0,0,0,0,0,0,0,0,0,0,0,0,0,0,0,0,0,0,0,0,0,0,0,0,
hello,6_30,11_17_44,11.0734,0,2,0,11.07335,0.0000,0.0000,0.0000,0.0000,0.0000,0.0000,0,0,,,,,,,,0,0,0,0,0,0,0,0,0,0,0,0,0,0,0,0,0,0,0,0,0,0,0,0,0,0,0,0,0,0,0,0,0,0,0,0,0,0,0,0,0,0,0,0,0,0,0,0,0,0,0,
hello,6_30,11_17_44,11.0767,0,2,0,11.07672,0.0000,0.0000,0.0000,0.0000,0.0000,0.0000,0,0,,,,,,,,0,0,0,0,0,0,0,0,0,0,0,0,0,0,0,0,0,0,0,0,0,0,0,0,0,0,0,0,0,0,0,0,0,0,0,0,0,0,0,0,0,0,0,0,0,0,0,0,0,0,0,
hello,6_30,11_17_44,11.0802,0,2,0,11.08016,0.0000,0.0000,0.0000,0.0000,0.0000,0.0000,0,0,,,,,,,,0,0,0,0,0,0,0,0,0,0,0,0,0,0,0,0,0,0,0,0,0,0,0,0,0,0,0,0,0,0,0,0,0,0,0,0,0,0,0,0,0,0,0,0,0,0,0,0,0,0,0,
hello,6_30,11_17_44,11.0839,0,2,0,11.08387,0.0000,0.0000,0.0000,0.0000,0.0000,0.0000,0,0,,,,,,,,0,0,0,0,0,0,0,0,0,0,0,0,0,0,0,0,0,0,0,0,0,0,0,0,0,0,0,0,0,0,0,0,0,0,0,0,0,0,0,0,0,0,0,0,0,0,0,0,0,0,0,
hello,6_30,11_17_44,11.0874,0,2,0,11.08739,0.0000,0.0000,0.0000,0.0000,0.0000,0.0000,0,0,,,,,,,,0,0,0,0,0,0,0,0,0,0,0,0,0,0,0,0,0,0,0,0,0,0,0,0,0,0,0,0,0,0,0,0,0,0,0,0,0,0,0,0,0,0,0,0,0,0,0,0,0,0,0,
hello,6_30,11_17_44,11.0911,0,2,0,11.09108,0.0000,0.0000,0.0000,0.0000,0.0000,0.0000,0,0,,,,,,,,0,0,0,0,0,0,0,0,0,0,0,0,0,0,0,0,0,0,0,0,0,0,0,0,0,0,0,0,0,0,0,0,0,0,0,0,0,0,0,0,0,0,0,0,0,0,0,0,0,0,0,
hello,6_30,11_17_44,11.0945,0,2,0,11.0945,0.0000,0.0000,0.0000,0.0000,0.0000,0.0000,0,0,,,,,,,,0,0,0,0,0,0,0,0,0,0,0,0,0,0,0,0,0,0,0,0,0,0,0,0,0,0,0,0,0,0,0,0,0,0,0,0,0,0,0,0,0,0,0,0,0,0,0,0,0,0,0,
hello,6_30,11_17_44,11.0980,0,2,0,11.09799,0.0000,0.0000,0.0000,0.0000,0.0000,0.0000,0,0,,,,,,,,0,0,0,0,0,0,0,0,0,0,0,0,0,0,0,0,0,0,0,0,0,0,0,0,0,0,0,0,0,0,0,0,0,0,0,0,0,0,0,0,0,0,0,0,0,0,0,0,0,0,0,
hello,6_30,11_17_44,11.1016,0,2,0,11.10161,0.0000,0.0000,0.0000,0.0000,0.0000,0.0000,0,0,,,,,,,,0,0,0,0,0,0,0,0,0,0,0,0,0,0,0,0,0,0,0,0,0,0,0,0,0,0,0,0,0,0,0,0,0,0,0,0,0,0,0,0,0,0,0,0,0,0,0,0,0,0,0,
hello,6_30,11_17_44,11.1053,0,2,0,11.10532,0.0000,0.0000,0.0000,0.0000,0.0000,0.0000,0,0,,,,,,,,0,0,0,0,0,0,0,0,0,0,0,0,0,0,0,0,0,0,0,0,0,0,0,0,0,0,0,0,0,0,0,0,0,0,0,0,0,0,0,0,0,0,0,0,0,0,0,0,0,0,0,
hello,6_30,11_17_44,11.1088,0,2,0,11.10875,0.0000,0.0000,0.0000,0.0000,0.0000,0.0000,0,0,,,,,,,,0,0,0,0,0,0,0,0,0,0,0,0,0,0,0,0,0,0,0,0,0,0,0,0,0,0,0,0,0,0,0,0,0,0,0,0,0,0,0,0,0,0,0,0,0,0,0,0,0,0,0,
hello,6_30,11_17_44,11.1122,0,2,0,11.11221,0.0000,0.0000,0.0000,0.0000,0.0000,0.0000,0,0,,,,,,,,0,0,0,0,0,0,0,0,0,0,0,0,0,0,0,0,0,0,0,0,0,0,0,0,0,0,0,0,0,0,0,0,0,0,0,0,0,0,0,0,0,0,0,0,0,0,0,0,0,0,0,
hello,6_30,11_17_44,11.1156,0,2,0,11.11564,0.0000,0.0000,0.0000,0.0000,0.0000,0.0000,0,0,,,,,,,,0,0,0,0,0,0,0,0,0,0,0,0,0,0,0,0,0,0,0,0,0,0,0,0,0,0,0,0,0,0,0,0,0,0,0,0,0,0,0,0,0,0,0,0,0,0,0,0,0,0,0,
hello,6_30,11_17_44,11.1192,0,2,0,11.11918,0.0000,0.0000,0.0000,0.0000,0.0000,0.0000,0,0,,,,,,,,0,0,0,0,0,0,0,0,0,0,0,0,0,0,0,0,0,0,0,0,0,0,0,0,0,0,0,0,0,0,0,0,0,0,0,0,0,0,0,0,0,0,0,0,0,0,0,0,0,0,0,
hello,6_30,11_17_44,11.1227,0,2,0,11.12267,0.0000,0.0000,0.0000,0.0000,0.0000,0.0000,0,0,,,,,,,,0,0,0,0,0,0,0,0,0,0,0,0,0,0,0,0,0,0,0,0,0,0,0,0,0,0,0,0,0,0,0,0,0,0,0,0,0,0,0,0,0,0,0,0,0,0,0,0,0,0,0,
hello,6_30,11_17_44,11.1262,0,2,0,11.12624,0.0000,0.0000,0.0000,0.0000,0.0000,0.0000,0,0,,,,,,,,0,0,0,0,0,0,0,0,0,0,0,0,0,0,0,0,0,0,0,0,0,0,0,0,0,0,0,0,0,0,0,0,0,0,0,0,0,0,0,0,0,0,0,0,0,0,0,0,0,0,0,
hello,6_30,11_17_44,11.1296,0,2,0,11.12963,0.0000,0.0000,0.0000,0.0000,0.0000,0.0000,0,0,,,,,,,,0,0,0,0,0,0,0,0,0,0,0,0,0,0,0,0,0,0,0,0,0,0,0,0,0,0,0,0,0,0,0,0,0,0,0,0,0,0,0,0,0,0,0,0,0,0,0,0,0,0,0,
hello,6_30,11_17_44,11.1332,0,2,0,11.13323,0.0000,0.0000,0.0000,0.0000,0.0000,0.0000,0,0,,,,,,,,0,0,0,0,0,0,0,0,0,0,0,0,0,0,0,0,0,0,0,0,0,0,0,0,0,0,0,0,0,0,0,0,0,0,0,0,0,0,0,0,0,0,0,0,0,0,0,0,0,0,0,
hello,6_30,11_17_44,11.1445,0,2,0,11.14453,0.0000,0.0000,0.0000,0.0000,0.0000,0.0000,0,0,,,,,,,,0,0,0,0,0,0,0,0,0,0,0,0,0,0,0,0,0,0,0,0,0,0,0,0,0,0,0,0,0,0,0,0,0,0,0,0,0,0,0,0,0,0,0,0,0,0,0,0,0,0,0,
hello,6_30,11_17_44,11.1482,0,2,0,11.14819,0.0000,0.0000,0.0000,0.0000,0.0000,0.0000,0,0,,,,,,,,0,0,0,0,0,0,0,0,0,0,0,0,0,0,0,0,0,0,0,0,0,0,0,0,0,0,0,0,0,0,0,0,0,0,0,0,0,0,0,0,0,0,0,0,0,0,0,0,0,0,0,
hello,6_30,11_17_44,11.1519,0,2,0,11.1519,0.0000,0.0000,0.0000,0.0000,0.0000,0.0000,0,0,,,,,,,,0,0,0,0,0,0,0,0,0,0,0,0,0,0,0,0,0,0,0,0,0,0,0,0,0,0,0,0,0,0,0,0,0,0,0,0,0,0,0,0,0,0,0,0,0,0,0,0,0,0,0,
hello,6_30,11_17_44,11.1554,0,2,0,11.15537,0.0000,0.0000,0.0000,0.0000,0.0000,0.0000,0,0,,,,,,,,0,0,0,0,0,0,0,0,0,0,0,0,0,0,0,0,0,0,0,0,0,0,0,0,0,0,0,0,0,0,0,0,0,0,0,0,0,0,0,0,0,0,0,0,0,0,0,0,0,0,0,
hello,6_30,11_17_44,11.1588,0,2,0,11.15877,0.0000,0.0000,0.0000,0.0000,0.0000,0.0000,0,0,,,,,,,,0,0,0,0,0,0,0,0,0,0,0,0,0,0,0,0,0,0,0,0,0,0,0,0,0,0,0,0,0,0,0,0,0,0,0,0,0,0,0,0,0,0,0,0,0,0,0,0,0,0,0,
hello,6_30,11_17_44,11.1622,0,2,0,11.16216,0.0000,0.0000,0.0000,0.0000,0.0000,0.0000,0,0,,,,,,,,0,0,0,0,0,0,0,0,0,0,0,0,0,0,0,0,0,0,0,0,0,0,0,0,0,0,0,0,0,0,0,0,0,0,0,0,0,0,0,0,0,0,0,0,0,0,0,0,0,0,0,
hello,6_30,11_17_44,11.1658,0,2,0,11.16579,0.0000,0.0000,0.0000,0.0000,0.0000,0.0000,0,0,,,,,,,,0,0,0,0,0,0,0,0,0,0,0,0,0,0,0,0,0,0,0,0,0,0,0,0,0,0,0,0,0,0,0,0,0,0,0,0,0,0,0,0,0,0,0,0,0,0,0,0,0,0,0,
hello,6_30,11_17_44,11.1694,0,2,0,11.16941,0.0000,0.0000,0.0000,0.0000,0.0000,0.0000,0,0,,,,,,,,0,0,0,0,0,0,0,0,0,0,0,0,0,0,0,0,0,0,0,0,0,0,0,0,0,0,0,0,0,0,0,0,0,0,0,0,0,0,0,0,0,0,0,0,0,0,0,0,0,0,0,
hello,6_30,11_17_44,11.1738,0,2,0,11.17384,0.0000,0.0000,0.0000,0.0000,0.0000,0.0000,0,0,,,,,,,,0,0,0,0,0,0,0,0,0,0,0,0,0,0,0,0,0,0,0,0,0,0,0,0,0,0,0,0,0,0,0,0,0,0,0,0,0,0,0,0,0,0,0,0,0,0,0,0,0,0,0,
hello,6_30,11_17_44,11.1786,0,2,0,11.17858,0.0000,0.0000,0.0000,0.0000,0.0000,0.0000,0,0,,,,,,,,0,0,0,0,0,0,0,0,0,0,0,0,0,0,0,0,0,0,0,0,0,0,0,0,0,0,0,0,0,0,0,0,0,0,0,0,0,0,0,0,0,0,0,0,0,0,0,0,0,0,0,
hello,6_30,11_17_44,11.1824,0,2,0,11.18239,0.0000,0.0000,0.0000,0.0000,0.0000,0.0000,0,0,,,,,,,,0,0,0,0,0,0,0,0,0,0,0,0,0,0,0,0,0,0,0,0,0,0,0,0,0,0,0,0,0,0,0,0,0,0,0,0,0,0,0,0,0,0,0,0,0,0,0,0,0,0,0,
hello,6_30,11_17_44,11.1861,0,2,0,11.18611,0.0000,0.0000,0.0000,0.0000,0.0000,0.0000,0,0,,,,,,,,0,0,0,0,0,0,0,0,0,0,0,0,0,0,0,0,0,0,0,0,0,0,0,0,0,0,0,0,0,0,0,0,0,0,0,0,0,0,0,0,0,0,0,0,0,0,0,0,0,0,0,
hello,6_30,11_17_44,11.1895,0,2,0,11.1895,0.0000,0.0000,0.0000,0.0000,0.0000,0.0000,0,0,,,,,,,,0,0,0,0,0,0,0,0,0,0,0,0,0,0,0,0,0,0,0,0,0,0,0,0,0,0,0,0,0,0,0,0,0,0,0,0,0,0,0,0,0,0,0,0,0,0,0,0,0,0,0,
hello,6_30,11_17_44,11.1932,0,2,0,11.19316,0.0000,0.0000,0.0000,0.0000,0.0000,0.0000,0,0,,,,,,,,0,0,0,0,0,0,0,0,0,0,0,0,0,0,0,0,0,0,0,0,0,0,0,0,0,0,0,0,0,0,0,0,0,0,0,0,0,0,0,0,0,0,0,0,0,0,0,0,0,0,0,
hello,6_30,11_17_44,11.1968,0,2,0,11.1968,0.0000,0.0000,0.0000,0.0000,0.0000,0.0000,0,0,,,,,,,,0,0,0,0,0,0,0,0,0,0,0,0,0,0,0,0,0,0,0,0,0,0,0,0,0,0,0,0,0,0,0,0,0,0,0,0,0,0,0,0,0,0,0,0,0,0,0,0,0,0,0,
hello,6_30,11_17_44,11.2002,0,2,0,11.20016,0.0000,0.0000,0.0000,0.0000,0.0000,0.0000,0,0,,,,,,,,0,0,0,0,0,0,0,0,0,0,0,0,0,0,0,0,0,0,0,0,0,0,0,0,0,0,0,0,0,0,0,0,0,0,0,0,0,0,0,0,0,0,0,0,0,0,0,0,0,0,0,
hello,6_30,11_17_44,11.2037,0,2,0,11.20368,0.0000,0.0000,0.0000,0.0000,0.0000,0.0000,0,0,,,,,,,,0,0,0,0,0,0,0,0,0,0,0,0,0,0,0,0,0,0,0,0,0,0,0,0,0,0,0,0,0,0,0,0,0,0,0,0,0,0,0,0,0,0,0,0,0,0,0,0,0,0,0,
hello,6_30,11_17_44,11.2071,0,2,0,11.20707,0.0000,0.0000,0.0000,0.0000,0.0000,0.0000,0,0,,,,,,,,0,0,0,0,0,0,0,0,0,0,0,0,0,0,0,0,0,0,0,0,0,0,0,0,0,0,0,0,0,0,0,0,0,0,0,0,0,0,0,0,0,0,0,0,0,0,0,0,0,0,0,
hello,6_30,11_17_44,11.2105,0,2,0,11.21048,0.0000,0.0000,0.0000,0.0000,0.0000,0.0000,0,0,,,,,,,,0,0,0,0,0,0,0,0,0,0,0,0,0,0,0,0,0,0,0,0,0,0,0,0,0,0,0,0,0,0,0,0,0,0,0,0,0,0,0,0,0,0,0,0,0,0,0,0,0,0,0,
hello,6_30,11_17_44,11.2820,0,2,0,11.28197,0.0000,0.0000,0.0000,0.0000,0.0000,0.0000,0,0,,,,,,,,0,0,0,0,0,0,0,0,0,0,0,0,0,0,0,0,0,0,0,0,0,0,0,0,0,0,0,0,0,0,0,0,0,0,0,0,0,0,0,0,0,0,0,0,0,0,0,0,0,0,0,
hello,6_30,11_17_44,11.3030,0,2,0,11.30301,0.0000,0.0000,0.0000,0.0000,0.0000,0.0000,0,0,,,,,,,,0,0,0,0,0,0,0,0,0,0,0,0,0,0,0,0,0,0,0,0,0,0,0,0,0,0,0,0,0,0,0,0,0,0,0,0,0,0,0,0,0,0,0,0,0,0,0,0,0,0,0,
hello,6_30,11_17_44,11.3104,0,2,0,11.31039,0.0000,0.0000,0.0000,0.0000,0.0000,0.0000,0,0,,,,,,,,0,0,0,0,0,0,0,0,0,0,0,0,0,0,0,0,0,0,0,0,0,0,0,0,0,0,0,0,0,0,0,0,0,0,0,0,0,0,0,0,0,0,0,0,0,0,0,0,0,0,0,
hello,6_30,11_17_44,11.3138,0,2,0,11.31382,0.0000,0.0000,0.0000,0.0000,0.0000,0.0000,0,0,,,,,,,,0,0,0,0,0,0,0,0,0,0,0,0,0,0,0,0,0,0,0,0,0,0,0,0,0,0,0,0,0,0,0,0,0,0,0,0,0,0,0,0,0,0,0,0,0,0,0,0,0,0,0,
hello,6_30,11_17_44,11.3173,0,2,0,11.31729,0.0000,0.0000,0.0000,0.0000,0.0000,0.0000,0,0,,,,,,,,0,0,0,0,0,0,0,0,0,0,0,0,0,0,0,0,0,0,0,0,0,0,0,0,0,0,0,0,0,0,0,0,0,0,0,0,0,0,0,0,0,0,0,0,0,0,0,0,0,0,0,
hello,6_30,11_17_44,11.3207,0,2,0,11.3207,0.0000,0.0000,0.0000,0.0000,0.0000,0.0000,0,0,,,,,,,,0,0,0,0,0,0,0,0,0,0,0,0,0,0,0,0,0,0,0,0,0,0,0,0,0,0,0,0,0,0,0,0,0,0,0,0,0,0,0,0,0,0,0,0,0,0,0,0,0,0,0,
hello,6_30,11_17_44,11.3244,0,2,0,11.32442,0.0000,0.0000,0.0000,0.0000,0.0000,0.0000,0,0,,,,,,,,0,0,0,0,0,0,0,0,0,0,0,0,0,0,0,0,0,0,0,0,0,0,0,0,0,0,0,0,0,0,0,0,0,0,0,0,0,0,0,0,0,0,0,0,0,0,0,0,0,0,0,
hello,6_30,11_17_44,11.3279,0,2,0,11.32787,0.0000,0.0000,0.0000,0.0000,0.0000,0.0000,0,0,,,,,,,,0,0,0,0,0,0,0,0,0,0,0,0,0,0,0,0,0,0,0,0,0,0,0,0,0,0,0,0,0,0,0,0,0,0,0,0,0,0,0,0,0,0,0,0,0,0,0,0,0,0,0,
hello,6_30,11_17_44,11.3314,0,2,0,11.33135,0.0000,0.0000,0.0000,0.0000,0.0000,0.0000,0,0,,,,,,,,0,0,0,0,0,0,0,0,0,0,0,0,0,0,0,0,0,0,0,0,0,0,0,0,0,0,0,0,0,0,0,0,0,0,0,0,0,0,0,0,0,0,0,0,0,0,0,0,0,0,0,
hello,6_30,11_17_44,11.3349,0,2,0,11.33485,0.0000,0.0000,0.0000,0.0000,0.0000,0.0000,0,0,,,,,,,,0,0,0,0,0,0,0,0,0,0,0,0,0,0,0,0,0,0,0,0,0,0,0,0,0,0,0,0,0,0,0,0,0,0,0,0,0,0,0,0,0,0,0,0,0,0,0,0,0,0,0,
hello,6_30,11_17_44,11.3385,0,2,0,11.33846,0.0000,0.0000,0.0000,0.0000,0.0000,0.0000,0,0,,,,,,,,0,0,0,0,0,0,0,0,0,0,0,0,0,0,0,0,0,0,0,0,0,0,0,0,0,0,0,0,0,0,0,0,0,0,0,0,0,0,0,0,0,0,0,0,0,0,0,0,0,0,0,
hello,6_30,11_17_44,11.3421,0,2,0,11.34214,0.0000,0.0000,0.0000,0.0000,0.0000,0.0000,0,0,,,,,,,,0,0,0,0,0,0,0,0,0,0,0,0,0,0,0,0,0,0,0,0,0,0,0,0,0,0,0,0,0,0,0,0,0,0,0,0,0,0,0,0,0,0,0,0,0,0,0,0,0,0,0,
hello,6_30,11_17_44,11.3487,0,2,0,11.34871,0.0000,0.0000,0.0000,0.0000,0.0000,0.0000,0,0,,,,,,,,0,0,0,0,0,0,0,0,0,0,0,0,0,0,0,0,0,0,0,0,0,0,0,0,0,0,0,0,0,0,0,0,0,0,0,0,0,0,0,0,0,0,0,0,0,0,0,0,0,0,0,
hello,6_30,11_17_44,11.3522,0,2,0,11.35221,0.0000,0.0000,0.0000,0.0000,0.0000,0.0000,0,0,,,,,,,,0,0,0,0,0,0,0,0,0,0,0,0,0,0,0,0,0,0,0,0,0,0,0,0,0,0,0,0,0,0,0,0,0,0,0,0,0,0,0,0,0,0,0,0,0,0,0,0,0,0,0,
hello,6_30,11_17_44,11.3556,0,2,0,11.3556,0.0000,0.0000,0.0000,0.0000,0.0000,0.0000,0,0,,,,,,,,0,0,0,0,0,0,0,0,0,0,0,0,0,0,0,0,0,0,0,0,0,0,0,0,0,0,0,0,0,0,0,0,0,0,0,0,0,0,0,0,0,0,0,0,0,0,0,0,0,0,0,
hello,6_30,11_17_44,11.3590,0,2,0,11.35896,0.0000,0.0000,0.0000,0.0000,0.0000,0.0000,0,0,,,,,,,,0,0,0,0,0,0,0,0,0,0,0,0,0,0,0,0,0,0,0,0,0,0,0,0,0,0,0,0,0,0,0,0,0,0,0,0,0,0,0,0,0,0,0,0,0,0,0,0,0,0,0,
hello,6_30,11_17_44,11.3622,0,2,0,11.36221,0.0000,0.0000,0.0000,0.0000,0.0000,0.0000,0,0,,,,,,,,0,0,0,0,0,0,0,0,0,0,0,0,0,0,0,0,0,0,0,0,0,0,0,0,0,0,0,0,0,0,0,0,0,0,0,0,0,0,0,0,0,0,0,0,0,0,0,0,0,0,0,
hello,6_30,11_17_44,11.3657,0,2,0,11.3657,0.0000,0.0000,0.0000,0.0000,0.0000,0.0000,0,0,,,,,,,,0,0,0,0,0,0,0,0,0,0,0,0,0,0,0,0,0,0,0,0,0,0,0,0,0,0,0,0,0,0,0,0,0,0,0,0,0,0,0,0,0,0,0,0,0,0,0,0,0,0,0,
hello,6_30,11_17_44,11.3691,0,2,0,11.36905,0.0000,0.0000,0.0000,0.0000,0.0000,0.0000,0,0,,,,,,,,0,0,0,0,0,0,0,0,0,0,0,0,0,0,0,0,0,0,0,0,0,0,0,0,0,0,0,0,0,0,0,0,0,0,0,0,0,0,0,0,0,0,0,0,0,0,0,0,0,0,0,
hello,6_30,11_17_44,11.3725,0,2,0,11.37252,0.0000,0.0000,0.0000,0.0000,0.0000,0.0000,0,0,,,,,,,,0,0,0,0,0,0,0,0,0,0,0,0,0,0,0,0,0,0,0,0,0,0,0,0,0,0,0,0,0,0,0,0,0,0,0,0,0,0,0,0,0,0,0,0,0,0,0,0,0,0,0,
hello,6_30,11_17_44,11.3760,0,2,0,11.37604,0.0000,0.0000,0.0000,0.0000,0.0000,0.0000,0,0,,,,,,,,0,0,0,0,0,0,0,0,0,0,0,0,0,0,0,0,0,0,0,0,0,0,0,0,0,0,0,0,0,0,0,0,0,0,0,0,0,0,0,0,0,0,0,0,0,0,0,0,0,0,0,
hello,6_30,11_17_44,11.3794,0,2,0,11.3794,0.0000,0.0000,0.0000,0.0000,0.0000,0.0000,0,0,,,,,,,,0,0,0,0,0,0,0,0,0,0,0,0,0,0,0,0,0,0,0,0,0,0,0,0,0,0,0,0,0,0,0,0,0,0,0,0,0,0,0,0,0,0,0,0,0,0,0,0,0,0,0,
hello,6_30,11_17_44,11.3827,0,2,0,11.38273,0.0000,0.0000,0.0000,0.0000,0.0000,0.0000,0,0,,,,,,,,0,0,0,0,0,0,0,0,0,0,0,0,0,0,0,0,0,0,0,0,0,0,0,0,0,0,0,0,0,0,0,0,0,0,0,0,0,0,0,0,0,0,0,0,0,0,0,0,0,0,0,
hello,6_30,11_17_44,11.3865,0,2,0,11.38653,0.0000,0.0000,0.0000,0.0000,0.0000,0.0000,0,0,,,,,,,,0,0,0,0,0,0,0,0,0,0,0,0,0,0,0,0,0,0,0,0,0,0,0,0,0,0,0,0,0,0,0,0,0,0,0,0,0,0,0,0,0,0,0,0,0,0,0,0,0,0,0,
hello,6_30,11_17_44,11.3900,0,2,0,11.38998,0.0000,0.0000,0.0000,0.0000,0.0000,0.0000,0,0,,,,,,,,0,0,0,0,0,0,0,0,0,0,0,0,0,0,0,0,0,0,0,0,0,0,0,0,0,0,0,0,0,0,0,0,0,0,0,0,0,0,0,0,0,0,0,0,0,0,0,0,0,0,0,
hello,6_30,11_17_44,11.3935,0,2,0,11.39345,0.0000,0.0000,0.0000,0.0000,0.0000,0.0000,0,0,,,,,,,,0,0,0,0,0,0,0,0,0,0,0,0,0,0,0,0,0,0,0,0,0,0,0,0,0,0,0,0,0,0,0,0,0,0,0,0,0,0,0,0,0,0,0,0,0,0,0,0,0,0,0,
hello,6_30,11_17_44,11.3970,0,2,0,11.39699,0.0000,0.0000,0.0000,0.0000,0.0000,0.0000,0,0,,,,,,,,0,0,0,0,0,0,0,0,0,0,0,0,0,0,0,0,0,0,0,0,0,0,0,0,0,0,0,0,0,0,0,0,0,0,0,0,0,0,0,0,0,0,0,0,0,0,0,0,0,0,0,
hello,6_30,11_17_44,11.4006,0,2,0,11.40055,0.0000,0.0000,0.0000,0.0000,0.0000,0.0000,0,0,,,,,,,,0,0,0,0,0,0,0,0,0,0,0,0,0,0,0,0,0,0,0,0,0,0,0,0,0,0,0,0,0,0,0,0,0,0,0,0,0,0,0,0,0,0,0,0,0,0,0,0,0,0,0,
hello,6_30,11_17_44,11.4042,0,2,0,11.40416,0.0000,0.0000,0.0000,0.0000,0.0000,0.0000,0,0,,,,,,,,0,0,0,0,0,0,0,0,0,0,0,0,0,0,0,0,0,0,0,0,0,0,0,0,0,0,0,0,0,0,0,0,0,0,0,0,0,0,0,0,0,0,0,0,0,0,0,0,0,0,0,
hello,6_30,11_17_44,11.4076,0,2,0,11.40756,0.0000,0.0000,0.0000,0.0000,0.0000,0.0000,0,0,,,,,,,,0,0,0,0,0,0,0,0,0,0,0,0,0,0,0,0,0,0,0,0,0,0,0,0,0,0,0,0,0,0,0,0,0,0,0,0,0,0,0,0,0,0,0,0,0,0,0,0,0,0,0,
hello,6_30,11_17_44,11.4110,0,2,0,11.41096,0.0000,0.0000,0.0000,0.0000,0.0000,0.0000,0,0,,,,,,,,0,0,0,0,0,0,0,0,0,0,0,0,0,0,0,0,0,0,0,0,0,0,0,0,0,0,0,0,0,0,0,0,0,0,0,0,0,0,0,0,0,0,0,0,0,0,0,0,0,0,0,
hello,6_30,11_17_44,11.4322,0,2,0,11.43217,0.0000,0.0000,0.0000,0.0000,0.0000,0.0000,0,0,,,,,,,,0,0,0,0,0,0,0,0,0,0,0,0,0,0,0,0,0,0,0,0,0,0,0,0,0,0,0,0,0,0,0,0,0,0,0,0,0,0,0,0,0,0,0,0,0,0,0,0,0,0,0,
hello,6_30,11_17_44,11.4357,0,2,0,11.43573,0.0000,0.0000,0.0000,0.0000,0.0000,0.0000,0,0,,,,,,,,0,0,0,0,0,0,0,0,0,0,0,0,0,0,0,0,0,0,0,0,0,0,0,0,0,0,0,0,0,0,0,0,0,0,0,0,0,0,0,0,0,0,0,0,0,0,0,0,0,0,0,
hello,6_30,11_17_44,11.4393,0,2,0,11.43929,0.0000,0.0000,0.0000,0.0000,0.0000,0.0000,0,0,,,,,,,,0,0,0,0,0,0,0,0,0,0,0,0,0,0,0,0,0,0,0,0,0,0,0,0,0,0,0,0,0,0,0,0,0,0,0,0,0,0,0,0,0,0,0,0,0,0,0,0,0,0,0,
hello,6_30,11_17_44,11.4430,0,2,0,11.44303,0.0000,0.0000,0.0000,0.0000,0.0000,0.0000,0,0,,,,,,,,0,0,0,0,0,0,0,0,0,0,0,0,0,0,0,0,0,0,0,0,0,0,0,0,0,0,0,0,0,0,0,0,0,0,0,0,0,0,0,0,0,0,0,0,0,0,0,0,0,0,0,
hello,6_30,11_17_44,11.4466,0,2,0,11.44659,0.0000,0.0000,0.0000,0.0000,0.0000,0.0000,0,0,,,,,,,,0,0,0,0,0,0,0,0,0,0,0,0,0,0,0,0,0,0,0,0,0,0,0,0,0,0,0,0,0,0,0,0,0,0,0,0,0,0,0,0,0,0,0,0,0,0,0,0,0,0,0,
hello,6_30,11_17_44,11.4504,0,2,0,11.45039,0.0000,0.0000,0.0000,0.0000,0.0000,0.0000,0,0,,,,,,,,0,0,0,0,0,0,0,0,0,0,0,0,0,0,0,0,0,0,0,0,0,0,0,0,0,0,0,0,0,0,0,0,0,0,0,0,0,0,0,0,0,0,0,0,0,0,0,0,0,0,0,
hello,6_30,11_17_44,11.4538,0,2,0,11.45383,0.0000,0.0000,0.0000,0.0000,0.0000,0.0000,0,0,,,,,,,,0,0,0,0,0,0,0,0,0,0,0,0,0,0,0,0,0,0,0,0,0,0,0,0,0,0,0,0,0,0,0,0,0,0,0,0,0,0,0,0,0,0,0,0,0,0,0,0,0,0,0,
hello,6_30,11_17_44,11.4572,0,2,0,11.45721,0.0000,0.0000,0.0000,0.0000,0.0000,0.0000,0,0,,,,,,,,0,0,0,0,0,0,0,0,0,0,0,0,0,0,0,0,0,0,0,0,0,0,0,0,0,0,0,0,0,0,0,0,0,0,0,0,0,0,0,0,0,0,0,0,0,0,0,0,0,0,0,
hello,6_30,11_17_44,11.4606,0,2,0,11.46058,0.0000,0.0000,0.0000,0.0000,0.0000,0.0000,0,0,,,,,,,,0,0,0,0,0,0,0,0,0,0,0,0,0,0,0,0,0,0,0,0,0,0,0,0,0,0,0,0,0,0,0,0,0,0,0,0,0,0,0,0,0,0,0,0,0,0,0,0,0,0,0,
hello,6_30,11_17_44,11.4642,0,2,0,11.46419,0.0000,0.0000,0.0000,0.0000,0.0000,0.0000,0,0,,,,,,,,0,0,0,0,0,0,0,0,0,0,0,0,0,0,0,0,0,0,0,0,0,0,0,0,0,0,0,0,0,0,0,0,0,0,0,0,0,0,0,0,0,0,0,0,0,0,0,0,0,0,0,
hello,6_30,11_17_44,11.4676,0,2,0,11.46763,0.0000,0.0000,0.0000,0.0000,0.0000,0.0000,0,0,,,,,,,,0,0,0,0,0,0,0,0,0,0,0,0,0,0,0,0,0,0,0,0,0,0,0,0,0,0,0,0,0,0,0,0,0,0,0,0,0,0,0,0,0,0,0,0,0,0,0,0,0,0,0,
hello,6_30,11_17_44,11.4712,0,2,0,11.4712,0.0000,0.0000,0.0000,0.0000,0.0000,0.0000,0,0,,,,,,,,0,0,0,0,0,0,0,0,0,0,0,0,0,0,0,0,0,0,0,0,0,0,0,0,0,0,0,0,0,0,0,0,0,0,0,0,0,0,0,0,0,0,0,0,0,0,0,0,0,0,0,
hello,6_30,11_17_44,11.4746,0,2,0,11.47462,0.0000,0.0000,0.0000,0.0000,0.0000,0.0000,0,0,,,,,,,,0,0,0,0,0,0,0,0,0,0,0,0,0,0,0,0,0,0,0,0,0,0,0,0,0,0,0,0,0,0,0,0,0,0,0,0,0,0,0,0,0,0,0,0,0,0,0,0,0,0,0,
hello,6_30,11_17_44,11.4780,0,2,0,11.47797,0.0000,0.0000,0.0000,0.0000,0.0000,0.0000,0,0,,,,,,,,0,0,0,0,0,0,0,0,0,0,0,0,0,0,0,0,0,0,0,0,0,0,0,0,0,0,0,0,0,0,0,0,0,0,0,0,0,0,0,0,0,0,0,0,0,0,0,0,0,0,0,
hello,6_30,11_17_44,11.4812,0,2,0,11.48123,0.0000,0.0000,0.0000,0.0000,0.0000,0.0000,0,0,,,,,,,,0,0,0,0,0,0,0,0,0,0,0,0,0,0,0,0,0,0,0,0,0,0,0,0,0,0,0,0,0,0,0,0,0,0,0,0,0,0,0,0,0,0,0,0,0,0,0,0,0,0,0,
hello,6_30,11_17_44,11.4849,0,2,0,11.48486,0.0000,0.0000,0.0000,0.0000,0.0000,0.0000,0,0,,,,,,,,0,0,0,0,0,0,0,0,0,0,0,0,0,0,0,0,0,0,0,0,0,0,0,0,0,0,0,0,0,0,0,0,0,0,0,0,0,0,0,0,0,0,0,0,0,0,0,0,0,0,0,
hello,6_30,11_17_44,11.4885,0,2,0,11.48848,0.0000,0.0000,0.0000,0.0000,0.0000,0.0000,0,0,,,,,,,,0,0,0,0,0,0,0,0,0,0,0,0,0,0,0,0,0,0,0,0,0,0,0,0,0,0,0,0,0,0,0,0,0,0,0,0,0,0,0,0,0,0,0,0,0,0,0,0,0,0,0,
hello,6_30,11_17_44,11.4923,0,2,0,11.49226,0.0000,0.0000,0.0000,0.0000,0.0000,0.0000,0,0,,,,,,,,0,0,0,0,0,0,0,0,0,0,0,0,0,0,0,0,0,0,0,0,0,0,0,0,0,0,0,0,0,0,0,0,0,0,0,0,0,0,0,0,0,0,0,0,0,0,0,0,0,0,0,
hello,6_30,11_17_44,11.4957,0,2,0,11.49567,0.0000,0.0000,0.0000,0.0000,0.0000,0.0000,0,0,,,,,,,,0,0,0,0,0,0,0,0,0,0,0,0,0,0,0,0,0,0,0,0,0,0,0,0,0,0,0,0,0,0,0,0,0,0,0,0,0,0,0,0,0,0,0,0,0,0,0,0,0,0,0,
hello,6_30,11_17_44,11.4991,0,2,0,11.49905,0.0000,0.0000,0.0000,0.0000,0.0000,0.0000,0,0,,,,,,,,0,0,0,0,0,0,0,0,0,0,0,0,0,0,0,0,0,0,0,0,0,0,0,0,0,0,0,0,0,0,0,0,0,0,0,0,0,0,0,0,0,0,0,0,0,0,0,0,0,0,0,
hello,6_30,11_17_44,11.5026,0,2,0,11.50262,0.0000,0.0000,0.0000,0.0000,0.0000,0.0000,0,0,,,,,,,,0,0,0,0,0,0,0,0,0,0,0,0,0,0,0,0,0,0,0,0,0,0,0,0,0,0,0,0,0,0,0,0,0,0,0,0,0,0,0,0,0,0,0,0,0,0,0,0,0,0,0,
hello,6_30,11_17_44,11.5063,0,2,0,11.50625,0.0000,0.0000,0.0000,0.0000,0.0000,0.0000,0,0,,,,,,,,0,0,0,0,0,0,0,0,0,0,0,0,0,0,0,0,0,0,0,0,0,0,0,0,0,0,0,0,0,0,0,0,0,0,0,0,0,0,0,0,0,0,0,0,0,0,0,0,0,0,0,
hello,6_30,11_17_44,11.5097,0,2,0,11.50973,0.0000,0.0000,0.0000,0.0000,0.0000,0.0000,0,0,,,,,,,,0,0,0,0,0,0,0,0,0,0,0,0,0,0,0,0,0,0,0,0,0,0,0,0,0,0,0,0,0,0,0,0,0,0,0,0,0,0,0,0,0,0,0,0,0,0,0,0,0,0,0,
hello,6_30,11_17_44,11.5132,0,2,0,11.51316,0.0000,0.0000,0.0000,0.0000,0.0000,0.0000,0,0,,,,,,,,0,0,0,0,0,0,0,0,0,0,0,0,0,0,0,0,0,0,0,0,0,0,0,0,0,0,0,0,0,0,0,0,0,0,0,0,0,0,0,0,0,0,0,0,0,0,0,0,0,0,0,
hello,6_30,11_17_44,11.5166,0,2,0,11.51662,0.0000,0.0000,0.0000,0.0000,0.0000,0.0000,0,0,,,,,,,,0,0,0,0,0,0,0,0,0,0,0,0,0,0,0,0,0,0,0,0,0,0,0,0,0,0,0,0,0,0,0,0,0,0,0,0,0,0,0,0,0,0,0,0,0,0,0,0,0,0,0,
hello,6_30,11_17_44,11.5201,0,2,0,11.52014,0.0000,0.0000,0.0000,0.0000,0.0000,0.0000,0,0,,,,,,,,0,0,0,0,0,0,0,0,0,0,0,0,0,0,0,0,0,0,0,0,0,0,0,0,0,0,0,0,0,0,0,0,0,0,0,0,0,0,0,0,0,0,0,0,0,0,0,0,0,0,0,
hello,6_30,11_17_44,11.5238,0,2,0,11.52378,0.0000,0.0000,0.0000,0.0000,0.0000,0.0000,0,0,,,,,,,,0,0,0,0,0,0,0,0,0,0,0,0,0,0,0,0,0,0,0,0,0,0,0,0,0,0,0,0,0,0,0,0,0,0,0,0,0,0,0,0,0,0,0,0,0,0,0,0,0,0,0,
hello,6_30,11_17_44,11.5272,0,2,0,11.5272,0.0000,0.0000,0.0000,0.0000,0.0000,0.0000,0,0,,,,,,,,0,0,0,0,0,0,0,0,0,0,0,0,0,0,0,0,0,0,0,0,0,0,0,0,0,0,0,0,0,0,0,0,0,0,0,0,0,0,0,0,0,0,0,0,0,0,0,0,0,0,0,
hello,6_30,11_17_44,11.5307,0,2,0,11.53072,0.0000,0.0000,0.0000,0.0000,0.0000,0.0000,0,0,,,,,,,,0,0,0,0,0,0,0,0,0,0,0,0,0,0,0,0,0,0,0,0,0,0,0,0,0,0,0,0,0,0,0,0,0,0,0,0,0,0,0,0,0,0,0,0,0,0,0,0,0,0,0,
hello,6_30,11_17_44,11.5348,0,2,0,11.53481,0.0000,0.0000,0.0000,0.0000,0.0000,0.0000,0,0,,,,,,,,0,0,0,0,0,0,0,0,0,0,0,0,0,0,0,0,0,0,0,0,0,0,0,0,0,0,0,0,0,0,0,0,0,0,0,0,0,0,0,0,0,0,0,0,0,0,0,0,0,0,0,
hello,6_30,11_17_44,11.5384,0,2,0,11.53838,0.0000,0.0000,0.0000,0.0000,0.0000,0.0000,0,0,,,,,,,,0,0,0,0,0,0,0,0,0,0,0,0,0,0,0,0,0,0,0,0,0,0,0,0,0,0,0,0,0,0,0,0,0,0,0,0,0,0,0,0,0,0,0,0,0,0,0,0,0,0,0,
hello,6_30,11_17_44,11.5423,0,2,0,11.54228,0.0000,0.0000,0.0000,0.0000,0.0000,0.0000,0,0,,,,,,,,0,0,0,0,0,0,0,0,0,0,0,0,0,0,0,0,0,0,0,0,0,0,0,0,0,0,0,0,0,0,0,0,0,0,0,0,0,0,0,0,0,0,0,0,0,0,0,0,0,0,0,
hello,6_30,11_17_44,11.5459,0,2,0,11.54589,0.0000,0.0000,0.0000,0.0000,0.0000,0.0000,0,0,,,,,,,,0,0,0,0,0,0,0,0,0,0,0,0,0,0,0,0,0,0,0,0,0,0,0,0,0,0,0,0,0,0,0,0,0,0,0,0,0,0,0,0,0,0,0,0,0,0,0,0,0,0,0,
hello,6_30,11_17_44,11.5493,0,2,0,11.54929,0.0000,0.0000,0.0000,0.0000,0.0000,0.0000,0,0,,,,,,,,0,0,0,0,0,0,0,0,0,0,0,0,0,0,0,0,0,0,0,0,0,0,0,0,0,0,0,0,0,0,0,0,0,0,0,0,0,0,0,0,0,0,0,0,0,0,0,0,0,0,0,
hello,6_30,11_17_44,11.5526,0,2,0,11.55258,0.0000,0.0000,0.0000,0.0000,0.0000,0.0000,0,0,,,,,,,,0,0,0,0,0,0,0,0,0,0,0,0,0,0,0,0,0,0,0,0,0,0,0,0,0,0,0,0,0,0,0,0,0,0,0,0,0,0,0,0,0,0,0,0,0,0,0,0,0,0,0,
hello,6_30,11_17_44,11.5558,0,2,0,11.55583,0.0000,0.0000,0.0000,0.0000,0.0000,0.0000,0,0,,,,,,,,0,0,0,0,0,0,0,0,0,0,0,0,0,0,0,0,0,0,0,0,0,0,0,0,0,0,0,0,0,0,0,0,0,0,0,0,0,0,0,0,0,0,0,0,0,0,0,0,0,0,0,
hello,6_30,11_17_44,11.5596,0,2,0,11.55961,0.0000,0.0000,0.0000,0.0000,0.0000,0.0000,0,0,,,,,,,,0,0,0,0,0,0,0,0,0,0,0,0,0,0,0,0,0,0,0,0,0,0,0,0,0,0,0,0,0,0,0,0,0,0,0,0,0,0,0,0,0,0,0,0,0,0,0,0,0,0,0,
hello,6_30,11_17_44,11.5630,0,2,0,11.56298,0.0000,0.0000,0.0000,0.0000,0.0000,0.0000,0,0,,,,,,,,0,0,0,0,0,0,0,0,0,0,0,0,0,0,0,0,0,0,0,0,0,0,0,0,0,0,0,0,0,0,0,0,0,0,0,0,0,0,0,0,0,0,0,0,0,0,0,0,0,0,0,
hello,6_30,11_17_44,11.5666,0,2,0,11.56664,0.0000,0.0000,0.0000,0.0000,0.0000,0.0000,0,0,,,,,,,,0,0,0,0,0,0,0,0,0,0,0,0,0,0,0,0,0,0,0,0,0,0,0,0,0,0,0,0,0,0,0,0,0,0,0,0,0,0,0,0,0,0,0,0,0,0,0,0,0,0,0,
hello,6_30,11_17_44,11.5702,0,2,0,11.57021,0.0000,0.0000,0.0000,0.0000,0.0000,0.0000,0,0,,,,,,,,0,0,0,0,0,0,0,0,0,0,0,0,0,0,0,0,0,0,0,0,0,0,0,0,0,0,0,0,0,0,0,0,0,0,0,0,0,0,0,0,0,0,0,0,0,0,0,0,0,0,0,
hello,6_30,11_17_44,11.5737,0,2,0,11.57365,0.0000,0.0000,0.0000,0.0000,0.0000,0.0000,0,0,,,,,,,,0,0,0,0,0,0,0,0,0,0,0,0,0,0,0,0,0,0,0,0,0,0,0,0,0,0,0,0,0,0,0,0,0,0,0,0,0,0,0,0,0,0,0,0,0,0,0,0,0,0,0,
hello,6_30,11_17_44,11.5772,0,2,0,11.57719,0.0000,0.0000,0.0000,0.0000,0.0000,0.0000,0,0,,,,,,,,0,0,0,0,0,0,0,0,0,0,0,0,0,0,0,0,0,0,0,0,0,0,0,0,0,0,0,0,0,0,0,0,0,0,0,0,0,0,0,0,0,0,0,0,0,0,0,0,0,0,0,
hello,6_30,11_17_44,11.5810,0,2,0,11.58104,0.0000,0.0000,0.0000,0.0000,0.0000,0.0000,0,0,,,,,,,,0,0,0,0,0,0,0,0,0,0,0,0,0,0,0,0,0,0,0,0,0,0,0,0,0,0,0,0,0,0,0,0,0,0,0,0,0,0,0,0,0,0,0,0,0,0,0,0,0,0,0,
hello,6_30,11_17_44,11.5847,0,2,0,11.58465,0.0000,0.0000,0.0000,0.0000,0.0000,0.0000,0,0,,,,,,,,0,0,0,0,0,0,0,0,0,0,0,0,0,0,0,0,0,0,0,0,0,0,0,0,0,0,0,0,0,0,0,0,0,0,0,0,0,0,0,0,0,0,0,0,0,0,0,0,0,0,0,
hello,6_30,11_17_44,11.5880,0,2,0,11.58798,0.0000,0.0000,0.0000,0.0000,0.0000,0.0000,0,0,,,,,,,,0,0,0,0,0,0,0,0,0,0,0,0,0,0,0,0,0,0,0,0,0,0,0,0,0,0,0,0,0,0,0,0,0,0,0,0,0,0,0,0,0,0,0,0,0,0,0,0,0,0,0,
hello,6_30,11_17_44,11.5913,0,2,0,11.59129,0.0000,0.0000,0.0000,0.0000,0.0000,0.0000,0,0,,,,,,,,0,0,0,0,0,0,0,0,0,0,0,0,0,0,0,0,0,0,0,0,0,0,0,0,0,0,0,0,0,0,0,0,0,0,0,0,0,0,0,0,0,0,0,0,0,0,0,0,0,0,0,
hello,6_30,11_17_44,11.5949,0,2,0,11.59486,0.0000,0.0000,0.0000,0.0000,0.0000,0.0000,0,0,,,,,,,,0,0,0,0,0,0,0,0,0,0,0,0,0,0,0,0,0,0,0,0,0,0,0,0,0,0,0,0,0,0,0,0,0,0,0,0,0,0,0,0,0,0,0,0,0,0,0,0,0,0,0,
hello,6_30,11_17_44,11.5984,0,2,0,11.59841,0.0000,0.0000,0.0000,0.0000,0.0000,0.0000,0,0,,,,,,,,0,0,0,0,0,0,0,0,0,0,0,0,0,0,0,0,0,0,0,0,0,0,0,0,0,0,0,0,0,0,0,0,0,0,0,0,0,0,0,0,0,0,0,0,0,0,0,0,0,0,0,
hello,6_30,11_17_44,11.6020,0,2,0,11.60199,0.0000,0.0000,0.0000,0.0000,0.0000,0.0000,0,0,,,,,,,,0,0,0,0,0,0,0,0,0,0,0,0,0,0,0,0,0,0,0,0,0,0,0,0,0,0,0,0,0,0,0,0,0,0,0,0,0,0,0,0,0,0,0,0,0,0,0,0,0,0,0,
hello,6_30,11_17_44,11.6057,0,2,0,11.60567,0.0000,0.0000,0.0000,0.0000,0.0000,0.0000,0,0,,,,,,,,0,0,0,0,0,0,0,0,0,0,0,0,0,0,0,0,0,0,0,0,0,0,0,0,0,0,0,0,0,0,0,0,0,0,0,0,0,0,0,0,0,0,0,0,0,0,0,0,0,0,0,
hello,6_30,11_17_44,11.6094,0,2,0,11.60939,0.0000,0.0000,0.0000,0.0000,0.0000,0.0000,0,0,,,,,,,,0,0,0,0,0,0,0,0,0,0,0,0,0,0,0,0,0,0,0,0,0,0,0,0,0,0,0,0,0,0,0,0,0,0,0,0,0,0,0,0,0,0,0,0,0,0,0,0,0,0,0,
hello,6_30,11_17_44,11.6131,0,2,0,11.61312,0.0000,0.0000,0.0000,0.0000,0.0000,0.0000,0,0,,,,,,,,0,0,0,0,0,0,0,0,0,0,0,0,0,0,0,0,0,0,0,0,0,0,0,0,0,0,0,0,0,0,0,0,0,0,0,0,0,0,0,0,0,0,0,0,0,0,0,0,0,0,0,
hello,6_30,11_17_44,11.6342,0,2,0,11.63422,0.0000,0.0000,0.0000,0.0000,0.0000,0.0000,0,0,,,,,,,,0,0,0,0,0,0,0,0,0,0,0,0,0,0,0,0,0,0,0,0,0,0,0,0,0,0,0,0,0,0,0,0,0,0,0,0,0,0,0,0,0,0,0,0,0,0,0,0,0,0,0,
hello,6_30,11_17_44,11.6378,0,2,0,11.63784,0.0000,0.0000,0.0000,0.0000,0.0000,0.0000,0,0,,,,,,,,0,0,0,0,0,0,0,0,0,0,0,0,0,0,0,0,0,0,0,0,0,0,0,0,0,0,0,0,0,0,0,0,0,0,0,0,0,0,0,0,0,0,0,0,0,0,0,0,0,0,0,
hello,6_30,11_17_44,11.6415,0,2,0,11.6415,0.0000,0.0000,0.0000,0.0000,0.0000,0.0000,0,0,,,,,,,,0,0,0,0,0,0,0,0,0,0,0,0,0,0,0,0,0,0,0,0,0,0,0,0,0,0,0,0,0,0,0,0,0,0,0,0,0,0,0,0,0,0,0,0,0,0,0,0,0,0,0,
hello,6_30,11_17_44,11.6457,0,2,0,11.64569,0.0000,0.0000,0.0000,0.0000,0.0000,0.0000,0,0,,,,,,,,0,0,0,0,0,0,0,0,0,0,0,0,0,0,0,0,0,0,0,0,0,0,0,0,0,0,0,0,0,0,0,0,0,0,0,0,0,0,0,0,0,0,0,0,0,0,0,0,0,0,0,
hello,6_30,11_17_44,11.6491,0,2,0,11.6491,0.0000,0.0000,0.0000,0.0000,0.0000,0.0000,0,0,,,,,,,,0,0,0,0,0,0,0,0,0,0,0,0,0,0,0,0,0,0,0,0,0,0,0,0,0,0,0,0,0,0,0,0,0,0,0,0,0,0,0,0,0,0,0,0,0,0,0,0,0,0,0,
hello,6_30,11_17_44,11.6530,0,2,0,11.65298,0.0000,0.0000,0.0000,0.0000,0.0000,0.0000,0,0,,,,,,,,0,0,0,0,0,0,0,0,0,0,0,0,0,0,0,0,0,0,0,0,0,0,0,0,0,0,0,0,0,0,0,0,0,0,0,0,0,0,0,0,0,0,0,0,0,0,0,0,0,0,0,
hello,6_30,11_17_44,11.6567,0,2,0,11.65668,0.0000,0.0000,0.0000,0.0000,0.0000,0.0000,0,0,,,,,,,,0,0,0,0,0,0,0,0,0,0,0,0,0,0,0,0,0,0,0,0,0,0,0,0,0,0,0,0,0,0,0,0,0,0,0,0,0,0,0,0,0,0,0,0,0,0,0,0,0,0,0,
hello,6_30,11_17_44,11.6601,0,2,0,11.6601,0.0000,0.0000,0.0000,0.0000,0.0000,0.0000,0,0,,,,,,,,0,0,0,0,0,0,0,0,0,0,0,0,0,0,0,0,0,0,0,0,0,0,0,0,0,0,0,0,0,0,0,0,0,0,0,0,0,0,0,0,0,0,0,0,0,0,0,0,0,0,0,
hello,6_30,11_17_44,11.6636,0,2,0,11.66358,0.0000,0.0000,0.0000,0.0000,0.0000,0.0000,0,0,,,,,,,,0,0,0,0,0,0,0,0,0,0,0,0,0,0,0,0,0,0,0,0,0,0,0,0,0,0,0,0,0,0,0,0,0,0,0,0,0,0,0,0,0,0,0,0,0,0,0,0,0,0,0,
hello,6_30,11_17_44,11.6675,0,2,0,11.66752,0.0000,0.0000,0.0000,0.0000,0.0000,0.0000,0,0,,,,,,,,0,0,0,0,0,0,0,0,0,0,0,0,0,0,0,0,0,0,0,0,0,0,0,0,0,0,0,0,0,0,0,0,0,0,0,0,0,0,0,0,0,0,0,0,0,0,0,0,0,0,0,
hello,6_30,11_17_44,11.6725,0,2,0,11.67253,0.0000,0.0000,0.0000,0.0000,0.0000,0.0000,0,0,,,,,,,,0,0,0,0,0,0,0,0,0,0,0,0,0,0,0,0,0,0,0,0,0,0,0,0,0,0,0,0,0,0,0,0,0,0,0,0,0,0,0,0,0,0,0,0,0,0,0,0,0,0,0,
hello,6_30,11_17_44,11.6765,0,2,0,11.67653,0.0000,0.0000,0.0000,0.0000,0.0000,0.0000,0,0,,,,,,,,0,0,0,0,0,0,0,0,0,0,0,0,0,0,0,0,0,0,0,0,0,0,0,0,0,0,0,0,0,0,0,0,0,0,0,0,0,0,0,0,0,0,0,0,0,0,0,0,0,0,0,
hello,6_30,11_17_44,11.6807,0,2,0,11.68068,0.0000,0.0000,0.0000,0.0000,0.0000,0.0000,0,0,,,,,,,,0,0,0,0,0,0,0,0,0,0,0,0,0,0,0,0,0,0,0,0,0,0,0,0,0,0,0,0,0,0,0,0,0,0,0,0,0,0,0,0,0,0,0,0,0,0,0,0,0,0,0,
hello,6_30,11_17_44,11.6844,0,2,0,11.68439,0.0000,0.0000,0.0000,0.0000,0.0000,0.0000,0,0,,,,,,,,0,0,0,0,0,0,0,0,0,0,0,0,0,0,0,0,0,0,0,0,0,0,0,0,0,0,0,0,0,0,0,0,0,0,0,0,0,0,0,0,0,0,0,0,0,0,0,0,0,0,0,
hello,6_30,11_17_44,11.6884,0,2,0,11.68838,0.0000,0.0000,0.0000,0.0000,0.0000,0.0000,0,0,,,,,,,,0,0,0,0,0,0,0,0,0,0,0,0,0,0,0,0,0,0,0,0,0,0,0,0,0,0,0,0,0,0,0,0,0,0,0,0,0,0,0,0,0,0,0,0,0,0,0,0,0,0,0,
hello,6_30,11_17_44,11.6927,0,2,0,11.69271,0.0000,0.0000,0.0000,0.0000,0.0000,0.0000,0,0,,,,,,,,0,0,0,0,0,0,0,0,0,0,0,0,0,0,0,0,0,0,0,0,0,0,0,0,0,0,0,0,0,0,0,0,0,0,0,0,0,0,0,0,0,0,0,0,0,0,0,0,0,0,0,
hello,6_30,11_17_44,11.6967,0,2,0,11.69674,0.0000,0.0000,0.0000,0.0000,0.0000,0.0000,0,0,,,,,,,,0,0,0,0,0,0,0,0,0,0,0,0,0,0,0,0,0,0,0,0,0,0,0,0,0,0,0,0,0,0,0,0,0,0,0,0,0,0,0,0,0,0,0,0,0,0,0,0,0,0,0,
hello,6_30,11_17_44,11.7009,0,2,0,11.70086,0.0000,0.0000,0.0000,0.0000,0.0000,0.0000,0,0,,,,,,,,0,0,0,0,0,0,0,0,0,0,0,0,0,0,0,0,0,0,0,0,0,0,0,0,0,0,0,0,0,0,0,0,0,0,0,0,0,0,0,0,0,0,0,0,0,0,0,0,0,0,0,
hello,6_30,11_17_44,11.7051,0,2,0,11.70513,0.0000,0.0000,0.0000,0.0000,0.0000,0.0000,0,0,,,,,,,,0,0,0,0,0,0,0,0,0,0,0,0,0,0,0,0,0,0,0,0,0,0,0,0,0,0,0,0,0,0,0,0,0,0,0,0,0,0,0,0,0,0,0,0,0,0,0,0,0,0,0,
hello,6_30,11_17_44,11.7084,0,2,0,11.70842,0.0000,0.0000,0.0000,0.0000,0.0000,0.0000,0,0,,,,,,,,0,0,0,0,0,0,0,0,0,0,0,0,0,0,0,0,0,0,0,0,0,0,0,0,0,0,0,0,0,0,0,0,0,0,0,0,0,0,0,0,0,0,0,0,0,0,0,0,0,0,0,
hello,6_30,11_17_44,11.7125,0,2,0,11.71247,0.0000,0.0000,0.0000,0.0000,0.0000,0.0000,0,0,,,,,,,,0,0,0,0,0,0,0,0,0,0,0,0,0,0,0,0,0,0,0,0,0,0,0,0,0,0,0,0,0,0,0,0,0,0,0,0,0,0,0,0,0,0,0,0,0,0,0,0,0,0,0,
hello,6_30,11_17_44,11.7163,0,2,0,11.71632,0.0000,0.0000,0.0000,0.0000,0.0000,0.0000,0,0,,,,,,,,0,0,0,0,0,0,0,0,0,0,0,0,0,0,0,0,0,0,0,0,0,0,0,0,0,0,0,0,0,0,0,0,0,0,0,0,0,0,0,0,0,0,0,0,0,0,0,0,0,0,0,
hello,6_30,11_17_44,11.7201,0,2,0,11.72006,0.0000,0.0000,0.0000,0.0000,0.0000,0.0000,0,0,,,,,,,,0,0,0,0,0,0,0,0,0,0,0,0,0,0,0,0,0,0,0,0,0,0,0,0,0,0,0,0,0,0,0,0,0,0,0,0,0,0,0,0,0,0,0,0,0,0,0,0,0,0,0,
hello,6_30,11_17_44,11.7236,0,2,0,11.72363,0.0000,0.0000,0.0000,0.0000,0.0000,0.0000,0,0,,,,,,,,0,0,0,0,0,0,0,0,0,0,0,0,0,0,0,0,0,0,0,0,0,0,0,0,0,0,0,0,0,0,0,0,0,0,0,0,0,0,0,0,0,0,0,0,0,0,0,0,0,0,0,
hello,6_30,11_17_44,11.7271,0,2,0,11.72714,0.0000,0.0000,0.0000,0.0000,0.0000,0.0000,0,0,,,,,,,,0,0,0,0,0,0,0,0,0,0,0,0,0,0,0,0,0,0,0,0,0,0,0,0,0,0,0,0,0,0,0,0,0,0,0,0,0,0,0,0,0,0,0,0,0,0,0,0,0,0,0,
hello,6_30,11_17_44,11.7309,0,2,0,11.73085,0.0000,0.0000,0.0000,0.0000,0.0000,0.0000,0,0,,,,,,,,0,0,0,0,0,0,0,0,0,0,0,0,0,0,0,0,0,0,0,0,0,0,0,0,0,0,0,0,0,0,0,0,0,0,0,0,0,0,0,0,0,0,0,0,0,0,0,0,0,0,0,
hello,6_30,11_17_44,11.7343,0,2,0,11.73431,0.0000,0.0000,0.0000,0.0000,0.0000,0.0000,0,0,,,,,,,,0,0,0,0,0,0,0,0,0,0,0,0,0,0,0,0,0,0,0,0,0,0,0,0,0,0,0,0,0,0,0,0,0,0,0,0,0,0,0,0,0,0,0,0,0,0,0,0,0,0,0,
hello,6_30,11_17_44,11.7382,0,2,0,11.73819,0.0000,0.0000,0.0000,0.0000,0.0000,0.0000,0,0,,,,,,,,0,0,0,0,0,0,0,0,0,0,0,0,0,0,0,0,0,0,0,0,0,0,0,0,0,0,0,0,0,0,0,0,0,0,0,0,0,0,0,0,0,0,0,0,0,0,0,0,0,0,0,
hello,6_30,11_17_44,11.7416,0,2,0,11.74156,0.0000,0.0000,0.0000,0.0000,0.0000,0.0000,0,0,,,,,,,,0,0,0,0,0,0,0,0,0,0,0,0,0,0,0,0,0,0,0,0,0,0,0,0,0,0,0,0,0,0,0,0,0,0,0,0,0,0,0,0,0,0,0,0,0,0,0,0,0,0,0,
hello,6_30,11_17_44,11.7452,0,2,0,11.74521,0.0000,0.0000,0.0000,0.0000,0.0000,0.0000,0,0,,,,,,,,0,0,0,0,0,0,0,0,0,0,0,0,0,0,0,0,0,0,0,0,0,0,0,0,0,0,0,0,0,0,0,0,0,0,0,0,0,0,0,0,0,0,0,0,0,0,0,0,0,0,0,
hello,6_30,11_17_44,11.7490,0,2,0,11.74899,0.0000,0.0000,0.0000,0.0000,0.0000,0.0000,0,0,,,,,,,,0,0,0,0,0,0,0,0,0,0,0,0,0,0,0,0,0,0,0,0,0,0,0,0,0,0,0,0,0,0,0,0,0,0,0,0,0,0,0,0,0,0,0,0,0,0,0,0,0,0,0,
hello,6_30,11_17_44,11.7524,0,2,0,11.75242,0.0000,0.0000,0.0000,0.0000,0.0000,0.0000,0,0,,,,,,,,0,0,0,0,0,0,0,0,0,0,0,0,0,0,0,0,0,0,0,0,0,0,0,0,0,0,0,0,0,0,0,0,0,0,0,0,0,0,0,0,0,0,0,0,0,0,0,0,0,0,0,
hello,6_30,11_17_45,11.7561,0,2,0,11.75606,0.0000,0.0000,0.0000,0.0000,0.0000,0.0000,0,0,,,,,,,,0,0,0,0,0,0,0,0,0,0,0,0,0,0,0,0,0,0,0,0,0,0,0,0,0,0,0,0,0,0,0,0,0,0,0,0,0,0,0,0,0,0,0,0,0,0,0,0,0,0,0,
hello,6_30,11_17_45,11.7599,0,2,0,11.75987,0.0000,0.0000,0.0000,0.0000,0.0000,0.0000,0,0,,,,,,,,0,0,0,0,0,0,0,0,0,0,0,0,0,0,0,0,0,0,0,0,0,0,0,0,0,0,0,0,0,0,0,0,0,0,0,0,0,0,0,0,0,0,0,0,0,0,0,0,0,0,0,
hello,6_30,11_17_45,11.7637,0,2,0,11.76371,0.0000,0.0000,0.0000,0.0000,0.0000,0.0000,0,0,,,,,,,,0,0,0,0,0,0,0,0,0,0,0,0,0,0,0,0,0,0,0,0,0,0,0,0,0,0,0,0,0,0,0,0,0,0,0,0,0,0,0,0,0,0,0,0,0,0,0,0,0,0,0,
hello,6_30,11_17_45,11.7678,0,2,0,11.76777,0.0000,0.0000,0.0000,0.0000,0.0000,0.0000,0,0,,,,,,,,0,0,0,0,0,0,0,0,0,0,0,0,0,0,0,0,0,0,0,0,0,0,0,0,0,0,0,0,0,0,0,0,0,0,0,0,0,0,0,0,0,0,0,0,0,0,0,0,0,0,0,
hello,6_30,11_17_45,11.7714,0,2,0,11.77144,0.0000,0.0000,0.0000,0.0000,0.0000,0.0000,0,0,,,,,,,,0,0,0,0,0,0,0,0,0,0,0,0,0,0,0,0,0,0,0,0,0,0,0,0,0,0,0,0,0,0,0,0,0,0,0,0,0,0,0,0,0,0,0,0,0,0,0,0,0,0,0,
hello,6_30,11_17_45,11.7750,0,2,0,11.77502,0.0000,0.0000,0.0000,0.0000,0.0000,0.0000,0,0,,,,,,,,0,0,0,0,0,0,0,0,0,0,0,0,0,0,0,0,0,0,0,0,0,0,0,0,0,0,0,0,0,0,0,0,0,0,0,0,0,0,0,0,0,0,0,0,0,0,0,0,0,0,0,
hello,6_30,11_17_45,11.7787,0,2,0,11.77871,0.0000,0.0000,0.0000,0.0000,0.0000,0.0000,0,0,,,,,,,,0,0,0,0,0,0,0,0,0,0,0,0,0,0,0,0,0,0,0,0,0,0,0,0,0,0,0,0,0,0,0,0,0,0,0,0,0,0,0,0,0,0,0,0,0,0,0,0,0,0,0,
hello,6_30,11_17_45,11.7827,0,2,0,11.78274,0.0000,0.0000,0.0000,0.0000,0.0000,0.0000,0,0,,,,,,,,0,0,0,0,0,0,0,0,0,0,0,0,0,0,0,0,0,0,0,0,0,0,0,0,0,0,0,0,0,0,0,0,0,0,0,0,0,0,0,0,0,0,0,0,0,0,0,0,0,0,0,
hello,6_30,11_17_45,11.7868,0,2,0,11.78678,0.0000,0.0000,0.0000,0.0000,0.0000,0.0000,0,0,,,,,,,,0,0,0,0,0,0,0,0,0,0,0,0,0,0,0,0,0,0,0,0,0,0,0,0,0,0,0,0,0,0,0,0,0,0,0,0,0,0,0,0,0,0,0,0,0,0,0,0,0,0,0,
hello,6_30,11_17_45,11.7906,0,2,0,11.7906,0.0000,0.0000,0.0000,0.0000,0.0000,0.0000,0,0,,,,,,,,0,0,0,0,0,0,0,0,0,0,0,0,0,0,0,0,0,0,0,0,0,0,0,0,0,0,0,0,0,0,0,0,0,0,0,0,0,0,0,0,0,0,0,0,0,0,0,0,0,0,0,
hello,6_30,11_17_45,11.7940,0,2,0,11.794,0.0000,0.0000,0.0000,0.0000,0.0000,0.0000,0,0,,,,,,,,0,0,0,0,0,0,0,0,0,0,0,0,0,0,0,0,0,0,0,0,0,0,0,0,0,0,0,0,0,0,0,0,0,0,0,0,0,0,0,0,0,0,0,0,0,0,0,0,0,0,0,
hello,6_30,11_17_45,11.7975,0,2,0,11.79748,0.0000,0.0000,0.0000,0.0000,0.0000,0.0000,0,0,,,,,,,,0,0,0,0,0,0,0,0,0,0,0,0,0,0,0,0,0,0,0,0,0,0,0,0,0,0,0,0,0,0,0,0,0,0,0,0,0,0,0,0,0,0,0,0,0,0,0,0,0,0,0,
hello,6_30,11_17_45,11.8007,0,2,0,11.80071,0.0000,0.0000,0.0000,0.0000,0.0000,0.0000,0,0,,,,,,,,0,0,0,0,0,0,0,0,0,0,0,0,0,0,0,0,0,0,0,0,0,0,0,0,0,0,0,0,0,0,0,0,0,0,0,0,0,0,0,0,0,0,0,0,0,0,0,0,0,0,0,
hello,6_30,11_17_45,11.8047,0,2,0,11.80467,0.0000,0.0000,0.0000,0.0000,0.0000,0.0000,0,0,,,,,,,,0,0,0,0,0,0,0,0,0,0,0,0,0,0,0,0,0,0,0,0,0,0,0,0,0,0,0,0,0,0,0,0,0,0,0,0,0,0,0,0,0,0,0,0,0,0,0,0,0,0,0,
hello,6_30,11_17_45,11.8080,0,2,0,11.80802,0.0000,0.0000,0.0000,0.0000,0.0000,0.0000,0,0,,,,,,,,0,0,0,0,0,0,0,0,0,0,0,0,0,0,0,0,0,0,0,0,0,0,0,0,0,0,0,0,0,0,0,0,0,0,0,0,0,0,0,0,0,0,0,0,0,0,0,0,0,0,0,
hello,6_30,11_17_45,11.8118,0,2,0,11.81177,0.0000,0.0000,0.0000,0.0000,0.0000,0.0000,0,0,,,,,,,,0,0,0,0,0,0,0,0,0,0,0,0,0,0,0,0,0,0,0,0,0,0,0,0,0,0,0,0,0,0,0,0,0,0,0,0,0,0,0,0,0,0,0,0,0,0,0,0,0,0,0,
hello,6_30,11_17_45,11.8152,0,2,0,11.81522,0.0000,0.0000,0.0000,0.0000,0.0000,0.0000,0,0,,,,,,,,0,0,0,0,0,0,0,0,0,0,0,0,0,0,0,0,0,0,0,0,0,0,0,0,0,0,0,0,0,0,0,0,0,0,0,0,0,0,0,0,0,0,0,0,0,0,0,0,0,0,0,
hello,6_30,11_17_45,11.8421,0,2,0,11.84208,0.0000,0.0000,0.0000,0.0000,0.0000,0.0000,0,0,,,,,,,,0,0,0,0,0,0,0,0,0,0,0,0,0,0,0,0,0,0,0,0,0,0,0,0,0,0,0,0,0,0,0,0,0,0,0,0,0,0,0,0,0,0,0,0,0,0,0,0,0,0,0,
hello,6_30,11_17_45,11.8497,0,2,0,11.84968,0.0000,0.0000,0.0000,0.0000,0.0000,0.0000,0,0,,,,,,,,0,0,0,0,0,0,0,0,0,0,0,0,0,0,0,0,0,0,0,0,0,0,0,0,0,0,0,0,0,0,0,0,0,0,0,0,0,0,0,0,0,0,0,0,0,0,0,0,0,0,0,
hello,6_30,11_17_45,11.8563,0,2,0,11.85631,0.0000,0.0000,0.0000,0.0000,0.0000,0.0000,0,0,,,,,,,,0,0,0,0,0,0,0,0,0,0,0,0,0,0,0,0,0,0,0,0,0,0,0,0,0,0,0,0,0,0,0,0,0,0,0,0,0,0,0,0,0,0,0,0,0,0,0,0,0,0,0,
hello,6_30,11_17_45,11.8638,0,2,0,11.86376,0.0000,0.0000,0.0000,0.0000,0.0000,0.0000,0,0,,,,,,,,0,0,0,0,0,0,0,0,0,0,0,0,0,0,0,0,0,0,0,0,0,0,0,0,0,0,0,0,0,0,0,0,0,0,0,0,0,0,0,0,0,0,0,0,0,0,0,0,0,0,0,
hello,6_30,11_17_45,11.8707,0,2,0,11.87073,0.0000,0.0000,0.0000,0.0000,0.0000,0.0000,0,0,,,,,,,,0,0,0,0,0,0,0,0,0,0,0,0,0,0,0,0,0,0,0,0,0,0,0,0,0,0,0,0,0,0,0,0,0,0,0,0,0,0,0,0,0,0,0,0,0,0,0,0,0,0,0,
hello,6_30,11_17_45,11.8746,0,2,0,11.87457,0.0000,0.0000,0.0000,0.0000,0.0000,0.0000,0,0,,,,,,,,0,0,0,0,0,0,0,0,0,0,0,0,0,0,0,0,0,0,0,0,0,0,0,0,0,0,0,0,0,0,0,0,0,0,0,0,0,0,0,0,0,0,0,0,0,0,0,0,0,0,0,
hello,6_30,11_17_45,11.8783,0,2,0,11.87825,0.0000,0.0000,0.0000,0.0000,0.0000,0.0000,0,0,,,,,,,,0,0,0,0,0,0,0,0,0,0,0,0,0,0,0,0,0,0,0,0,0,0,0,0,0,0,0,0,0,0,0,0,0,0,0,0,0,0,0,0,0,0,0,0,0,0,0,0,0,0,0,
hello,6_30,11_17_45,11.8822,0,2,0,11.88219,0.0000,0.0000,0.0000,0.0000,0.0000,0.0000,0,0,,,,,,,,0,0,0,0,0,0,0,0,0,0,0,0,0,0,0,0,0,0,0,0,0,0,0,0,0,0,0,0,0,0,0,0,0,0,0,0,0,0,0,0,0,0,0,0,0,0,0,0,0,0,0,
hello,6_30,11_17_45,11.8858,0,2,0,11.88583,0.0000,0.0000,0.0000,0.0000,0.0000,0.0000,0,0,,,,,,,,0,0,0,0,0,0,0,0,0,0,0,0,0,0,0,0,0,0,0,0,0,0,0,0,0,0,0,0,0,0,0,0,0,0,0,0,0,0,0,0,0,0,0,0,0,0,0,0,0,0,0,
hello,6_30,11_17_45,11.8894,0,2,0,11.88942,0.0000,0.0000,0.0000,0.0000,0.0000,0.0000,0,0,,,,,,,,0,0,0,0,0,0,0,0,0,0,0,0,0,0,0,0,0,0,0,0,0,0,0,0,0,0,0,0,0,0,0,0,0,0,0,0,0,0,0,0,0,0,0,0,0,0,0,0,0,0,0,
hello,6_30,11_17_45,11.8929,0,2,0,11.89285,0.0000,0.0000,0.0000,0.0000,0.0000,0.0000,0,0,,,,,,,,0,0,0,0,0,0,0,0,0,0,0,0,0,0,0,0,0,0,0,0,0,0,0,0,0,0,0,0,0,0,0,0,0,0,0,0,0,0,0,0,0,0,0,0,0,0,0,0,0,0,0,
hello,6_30,11_17_45,11.8962,0,2,0,11.89616,0.0000,0.0000,0.0000,0.0000,0.0000,0.0000,0,0,,,,,,,,0,0,0,0,0,0,0,0,0,0,0,0,0,0,0,0,0,0,0,0,0,0,0,0,0,0,0,0,0,0,0,0,0,0,0,0,0,0,0,0,0,0,0,0,0,0,0,0,0,0,0,
hello,6_30,11_17_45,11.8994,0,2,0,11.89942,0.0000,0.0000,0.0000,0.0000,0.0000,0.0000,0,0,,,,,,,,0,0,0,0,0,0,0,0,0,0,0,0,0,0,0,0,0,0,0,0,0,0,0,0,0,0,0,0,0,0,0,0,0,0,0,0,0,0,0,0,0,0,0,0,0,0,0,0,0,0,0,
hello,6_30,11_17_45,11.9027,0,2,0,11.90266,0.0000,0.0000,0.0000,0.0000,0.0000,0.0000,0,0,,,,,,,,0,0,0,0,0,0,0,0,0,0,0,0,0,0,0,0,0,0,0,0,0,0,0,0,0,0,0,0,0,0,0,0,0,0,0,0,0,0,0,0,0,0,0,0,0,0,0,0,0,0,0,
hello,6_30,11_17_45,11.9062,0,2,0,11.90619,0.0000,0.0000,0.0000,0.0000,0.0000,0.0000,0,0,,,,,,,,0,0,0,0,0,0,0,0,0,0,0,0,0,0,0,0,0,0,0,0,0,0,0,0,0,0,0,0,0,0,0,0,0,0,0,0,0,0,0,0,0,0,0,0,0,0,0,0,0,0,0,
hello,6_30,11_17_45,11.9100,0,2,0,11.90996,0.0000,0.0000,0.0000,0.0000,0.0000,0.0000,0,0,,,,,,,,0,0,0,0,0,0,0,0,0,0,0,0,0,0,0,0,0,0,0,0,0,0,0,0,0,0,0,0,0,0,0,0,0,0,0,0,0,0,0,0,0,0,0,0,0,0,0,0,0,0,0,
hello,6_30,11_17_45,11.9133,0,2,0,11.91333,0.0000,0.0000,0.0000,0.0000,0.0000,0.0000,0,0,,,,,,,,0,0,0,0,0,0,0,0,0,0,0,0,0,0,0,0,0,0,0,0,0,0,0,0,0,0,0,0,0,0,0,0,0,0,0,0,0,0,0,0,0,0,0,0,0,0,0,0,0,0,0,
hello,6_30,11_17_45,11.9171,0,2,0,11.91709,0.0000,0.0000,0.0000,0.0000,0.0000,0.0000,0,0,,,,,,,,0,0,0,0,0,0,0,0,0,0,0,0,0,0,0,0,0,0,0,0,0,0,0,0,0,0,0,0,0,0,0,0,0,0,0,0,0,0,0,0,0,0,0,0,0,0,0,0,0,0,0,
hello,6_30,11_17_45,11.9204,0,2,0,11.92037,0.0000,0.0000,0.0000,0.0000,0.0000,0.0000,0,0,,,,,,,,0,0,0,0,0,0,0,0,0,0,0,0,0,0,0,0,0,0,0,0,0,0,0,0,0,0,0,0,0,0,0,0,0,0,0,0,0,0,0,0,0,0,0,0,0,0,0,0,0,0,0,
hello,6_30,11_17_45,11.9239,0,2,0,11.92393,0.0000,0.0000,0.0000,0.0000,0.0000,0.0000,0,0,,,,,,,,0,0,0,0,0,0,0,0,0,0,0,0,0,0,0,0,0,0,0,0,0,0,0,0,0,0,0,0,0,0,0,0,0,0,0,0,0,0,0,0,0,0,0,0,0,0,0,0,0,0,0,
hello,6_30,11_17_45,11.9274,0,2,0,11.92736,0.0000,0.0000,0.0000,0.0000,0.0000,0.0000,0,0,,,,,,,,0,0,0,0,0,0,0,0,0,0,0,0,0,0,0,0,0,0,0,0,0,0,0,0,0,0,0,0,0,0,0,0,0,0,0,0,0,0,0,0,0,0,0,0,0,0,0,0,0,0,0,
hello,6_30,11_17_45,11.9310,0,2,0,11.931,0.0000,0.0000,0.0000,0.0000,0.0000,0.0000,0,0,,,,,,,,0,0,0,0,0,0,0,0,0,0,0,0,0,0,0,0,0,0,0,0,0,0,0,0,0,0,0,0,0,0,0,0,0,0,0,0,0,0,0,0,0,0,0,0,0,0,0,0,0,0,0,
hello,6_30,11_17_45,11.9344,0,2,0,11.93436,0.0000,0.0000,0.0000,0.0000,0.0000,0.0000,0,0,,,,,,,,0,0,0,0,0,0,0,0,0,0,0,0,0,0,0,0,0,0,0,0,0,0,0,0,0,0,0,0,0,0,0,0,0,0,0,0,0,0,0,0,0,0,0,0,0,0,0,0,0,0,0,
hello,6_30,11_17_45,11.9377,0,2,0,11.9377,0.0000,0.0000,0.0000,0.0000,0.0000,0.0000,0,0,,,,,,,,0,0,0,0,0,0,0,0,0,0,0,0,0,0,0,0,0,0,0,0,0,0,0,0,0,0,0,0,0,0,0,0,0,0,0,0,0,0,0,0,0,0,0,0,0,0,0,0,0,0,0,
hello,6_30,11_17_45,11.9410,0,2,0,11.94099,0.0000,0.0000,0.0000,0.0000,0.0000,0.0000,0,0,,,,,,,,0,0,0,0,0,0,0,0,0,0,0,0,0,0,0,0,0,0,0,0,0,0,0,0,0,0,0,0,0,0,0,0,0,0,0,0,0,0,0,0,0,0,0,0,0,0,0,0,0,0,0,
hello,6_30,11_17_45,11.9444,0,2,0,11.94442,0.0000,0.0000,0.0000,0.0000,0.0000,0.0000,0,0,,,,,,,,0,0,0,0,0,0,0,0,0,0,0,0,0,0,0,0,0,0,0,0,0,0,0,0,0,0,0,0,0,0,0,0,0,0,0,0,0,0,0,0,0,0,0,0,0,0,0,0,0,0,0,
hello,6_30,11_17_45,11.9483,0,2,0,11.94825,0.0000,0.0000,0.0000,0.0000,0.0000,0.0000,0,0,,,,,,,,0,0,0,0,0,0,0,0,0,0,0,0,0,0,0,0,0,0,0,0,0,0,0,0,0,0,0,0,0,0,0,0,0,0,0,0,0,0,0,0,0,0,0,0,0,0,0,0,0,0,0,
hello,6_30,11_17_45,11.9516,0,2,0,11.95164,0.0000,0.0000,0.0000,0.0000,0.0000,0.0000,0,0,,,,,,,,0,0,0,0,0,0,0,0,0,0,0,0,0,0,0,0,0,0,0,0,0,0,0,0,0,0,0,0,0,0,0,0,0,0,0,0,0,0,0,0,0,0,0,0,0,0,0,0,0,0,0,
hello,6_30,11_17_45,11.9551,0,2,0,11.95505,0.0000,0.0000,0.0000,0.0000,0.0000,0.0000,0,0,,,,,,,,0,0,0,0,0,0,0,0,0,0,0,0,0,0,0,0,0,0,0,0,0,0,0,0,0,0,0,0,0,0,0,0,0,0,0,0,0,0,0,0,0,0,0,0,0,0,0,0,0,0,0,
hello,6_30,11_17_45,11.9584,0,2,0,11.95839,0.0000,0.0000,0.0000,0.0000,0.0000,0.0000,0,0,,,,,,,,0,0,0,0,0,0,0,0,0,0,0,0,0,0,0,0,0,0,0,0,0,0,0,0,0,0,0,0,0,0,0,0,0,0,0,0,0,0,0,0,0,0,0,0,0,0,0,0,0,0,0,
hello,6_30,11_17_45,11.9619,0,2,0,11.96189,0.0000,0.0000,0.0000,0.0000,0.0000,0.0000,0,0,,,,,,,,0,0,0,0,0,0,0,0,0,0,0,0,0,0,0,0,0,0,0,0,0,0,0,0,0,0,0,0,0,0,0,0,0,0,0,0,0,0,0,0,0,0,0,0,0,0,0,0,0,0,0,
hello,6_30,11_17_45,11.9659,0,2,0,11.96593,0.0000,0.0000,0.0000,0.0000,0.0000,0.0000,0,0,,,,,,,,0,0,0,0,0,0,0,0,0,0,0,0,0,0,0,0,0,0,0,0,0,0,0,0,0,0,0,0,0,0,0,0,0,0,0,0,0,0,0,0,0,0,0,0,0,0,0,0,0,0,0,
hello,6_30,11_17_45,11.9695,0,2,0,11.96946,0.0000,0.0000,0.0000,0.0000,0.0000,0.0000,0,0,,,,,,,,0,0,0,0,0,0,0,0,0,0,0,0,0,0,0,0,0,0,0,0,0,0,0,0,0,0,0,0,0,0,0,0,0,0,0,0,0,0,0,0,0,0,0,0,0,0,0,0,0,0,0,
hello,6_30,11_17_45,11.9732,0,2,0,11.97319,0.0000,0.0000,0.0000,0.0000,0.0000,0.0000,0,0,,,,,,,,0,0,0,0,0,0,0,0,0,0,0,0,0,0,0,0,0,0,0,0,0,0,0,0,0,0,0,0,0,0,0,0,0,0,0,0,0,0,0,0,0,0,0,0,0,0,0,0,0,0,0,
hello,6_30,11_17_45,11.9766,0,2,0,11.97655,0.0000,0.0000,0.0000,0.0000,0.0000,0.0000,0,0,,,,,,,,0,0,0,0,0,0,0,0,0,0,0,0,0,0,0,0,0,0,0,0,0,0,0,0,0,0,0,0,0,0,0,0,0,0,0,0,0,0,0,0,0,0,0,0,0,0,0,0,0,0,0,
hello,6_30,11_17_45,11.9798,0,2,0,11.97983,0.0000,0.0000,0.0000,0.0000,0.0000,0.0000,0,0,,,,,,,,0,0,0,0,0,0,0,0,0,0,0,0,0,0,0,0,0,0,0,0,0,0,0,0,0,0,0,0,0,0,0,0,0,0,0,0,0,0,0,0,0,0,0,0,0,0,0,0,0,0,0,
hello,6_30,11_17_45,11.9831,0,2,0,11.98307,0.0000,0.0000,0.0000,0.0000,0.0000,0.0000,0,0,,,,,,,,0,0,0,0,0,0,0,0,0,0,0,0,0,0,0,0,0,0,0,0,0,0,0,0,0,0,0,0,0,0,0,0,0,0,0,0,0,0,0,0,0,0,0,0,0,0,0,0,0,0,0,
hello,6_30,11_17_45,11.9866,0,2,0,11.98658,0.0000,0.0000,0.0000,0.0000,0.0000,0.0000,0,0,,,,,,,,0,0,0,0,0,0,0,0,0,0,0,0,0,0,0,0,0,0,0,0,0,0,0,0,0,0,0,0,0,0,0,0,0,0,0,0,0,0,0,0,0,0,0,0,0,0,0,0,0,0,0,
hello,6_30,11_17_45,11.9898,0,2,0,11.98984,0.0000,0.0000,0.0000,0.0000,0.0000,0.0000,0,0,,,,,,,,0,0,0,0,0,0,0,0,0,0,0,0,0,0,0,0,0,0,0,0,0,0,0,0,0,0,0,0,0,0,0,0,0,0,0,0,0,0,0,0,0,0,0,0,0,0,0,0,0,0,0,
hello,6_30,11_17_45,11.9931,0,2,0,11.99314,0.0000,0.0000,0.0000,0.0000,0.0000,0.0000,0,0,,,,,,,,0,0,0,0,0,0,0,0,0,0,0,0,0,0,0,0,0,0,0,0,0,0,0,0,0,0,0,0,0,0,0,0,0,0,0,0,0,0,0,0,0,0,0,0,0,0,0,0,0,0,0,
hello,6_30,11_17_45,11.9964,0,2,0,11.99644,0.0000,0.0000,0.0000,0.0000,0.0000,0.0000,0,0,,,,,,,,0,0,0,0,0,0,0,0,0,0,0,0,0,0,0,0,0,0,0,0,0,0,0,0,0,0,0,0,0,0,0,0,0,0,0,0,0,0,0,0,0,0,0,0,0,0,0,0,0,0,0,
hello,6_30,11_17_45,11.9998,0,2,0,11.9998,0.0000,0.0000,0.0000,0.0000,0.0000,0.0000,0,0,,,,,,,,0,0,0,0,0,0,0,0,0,0,0,0,0,0,0,0,0,0,0,0,0,0,0,0,0,0,0,0,0,0,0,0,0,0,0,0,0,0,0,0,0,0,0,0,0,0,0,0,0,0,0,
hello,6_30,11_17_45,12.0031,0,2,0,12.00309,0.0000,0.0000,0.0000,0.0000,0.0000,0.0000,0,0,,,,,,,,0,0,0,0,0,0,0,0,0,0,0,0,0,0,0,0,0,0,0,0,0,0,0,0,0,0,0,0,0,0,0,0,0,0,0,0,0,0,0,0,0,0,0,0,0,0,0,0,0,0,0,
hello,6_30,11_17_45,12.0067,0,2,0,12.00669,0.0000,0.0000,0.0000,0.0000,0.0000,0.0000,0,0,,,,,,,,0,0,0,0,0,0,0,0,0,0,0,0,0,0,0,0,0,0,0,0,0,0,0,0,0,0,0,0,0,0,0,0,0,0,0,0,0,0,0,0,0,0,0,0,0,0,0,0,0,0,0,
hello,6_30,11_17_45,12.0101,0,2,0,12.0101,0.0000,0.0000,0.0000,0.0000,0.0000,0.0000,0,0,,,,,,,,0,0,0,0,0,0,0,0,0,0,0,0,0,0,0,0,0,0,0,0,0,0,0,0,0,0,0,0,0,0,0,0,0,0,0,0,0,0,0,0,0,0,0,0,0,0,0,0,0,0,0,
hello,6_30,11_17_45,12.0136,0,2,0,12.01356,0.0000,0.0000,0.0000,0.0000,0.0000,0.0000,0,0,,,,,,,,0,0,0,0,0,0,0,0,0,0,0,0,0,0,0,0,0,0,0,0,0,0,0,0,0,0,0,0,0,0,0,0,0,0,0,0,0,0,0,0,0,0,0,0,0,0,0,0,0,0,0,
hello,6_30,11_17_45,12.0169,0,2,0,12.01688,0.0000,0.0000,0.0000,0.0000,0.0000,0.0000,0,0,,,,,,,,0,0,0,0,0,0,0,0,0,0,0,0,0,0,0,0,0,0,0,0,0,0,0,0,0,0,0,0,0,0,0,0,0,0,0,0,0,0,0,0,0,0,0,0,0,0,0,0,0,0,0,
hello,6_30,11_17_45,12.0359,0,2,0,12.03585,0.0000,0.0000,0.0000,0.0000,0.0000,0.0000,0,0,,,,,,,,0,0,0,0,0,0,0,0,0,0,0,0,0,0,0,0,0,0,0,0,0,0,0,0,0,0,0,0,0,0,0,0,0,0,0,0,0,0,0,0,0,0,0,0,0,0,0,0,0,0,0,
hello,6_30,11_17_45,12.0395,0,2,0,12.03948,0.0000,0.0000,0.0000,0.0000,0.0000,0.0000,0,0,,,,,,,,0,0,0,0,0,0,0,0,0,0,0,0,0,0,0,0,0,0,0,0,0,0,0,0,0,0,0,0,0,0,0,0,0,0,0,0,0,0,0,0,0,0,0,0,0,0,0,0,0,0,0,
hello,6_30,11_17_45,12.0429,0,2,0,12.04291,0.0000,0.0000,0.0000,0.0000,0.0000,0.0000,0,0,,,,,,,,0,0,0,0,0,0,0,0,0,0,0,0,0,0,0,0,0,0,0,0,0,0,0,0,0,0,0,0,0,0,0,0,0,0,0,0,0,0,0,0,0,0,0,0,0,0,0,0,0,0,0,
hello,6_30,11_17_45,12.0466,0,2,0,12.04657,0.0000,0.0000,0.0000,0.0000,0.0000,0.0000,0,0,,,,,,,,0,0,0,0,0,0,0,0,0,0,0,0,0,0,0,0,0,0,0,0,0,0,0,0,0,0,0,0,0,0,0,0,0,0,0,0,0,0,0,0,0,0,0,0,0,0,0,0,0,0,0,
hello,6_30,11_17_45,12.0501,0,2,0,12.05014,0.0000,0.0000,0.0000,0.0000,0.0000,0.0000,0,0,,,,,,,,0,0,0,0,0,0,0,0,0,0,0,0,0,0,0,0,0,0,0,0,0,0,0,0,0,0,0,0,0,0,0,0,0,0,0,0,0,0,0,0,0,0,0,0,0,0,0,0,0,0,0,
hello,6_30,11_17_45,12.0539,0,2,0,12.05388,0.0000,0.0000,0.0000,0.0000,0.0000,0.0000,0,0,,,,,,,,0,0,0,0,0,0,0,0,0,0,0,0,0,0,0,0,0,0,0,0,0,0,0,0,0,0,0,0,0,0,0,0,0,0,0,0,0,0,0,0,0,0,0,0,0,0,0,0,0,0,0,
hello,6_30,11_17_45,12.0576,0,2,0,12.0576,0.0000,0.0000,0.0000,0.0000,0.0000,0.0000,0,0,,,,,,,,0,0,0,0,0,0,0,0,0,0,0,0,0,0,0,0,0,0,0,0,0,0,0,0,0,0,0,0,0,0,0,0,0,0,0,0,0,0,0,0,0,0,0,0,0,0,0,0,0,0,0,
hello,6_30,11_17_45,12.0616,0,2,0,12.06164,0.0000,0.0000,0.0000,0.0000,0.0000,0.0000,0,0,,,,,,,,0,0,0,0,0,0,0,0,0,0,0,0,0,0,0,0,0,0,0,0,0,0,0,0,0,0,0,0,0,0,0,0,0,0,0,0,0,0,0,0,0,0,0,0,0,0,0,0,0,0,0,
hello,6_30,11_17_45,12.0658,0,2,0,12.06583,0.0000,0.0000,0.0000,0.0000,0.0000,0.0000,0,0,,,,,,,,0,0,0,0,0,0,0,0,0,0,0,0,0,0,0,0,0,0,0,0,0,0,0,0,0,0,0,0,0,0,0,0,0,0,0,0,0,0,0,0,0,0,0,0,0,0,0,0,0,0,0,
hello,6_30,11_17_45,12.0696,0,2,0,12.06955,0.0000,0.0000,0.0000,0.0000,0.0000,0.0000,0,0,,,,,,,,0,0,0,0,0,0,0,0,0,0,0,0,0,0,0,0,0,0,0,0,0,0,0,0,0,0,0,0,0,0,0,0,0,0,0,0,0,0,0,0,0,0,0,0,0,0,0,0,0,0,0,
hello,6_30,11_17_45,12.0729,0,2,0,12.07285,0.0000,0.0000,0.0000,0.0000,0.0000,0.0000,0,0,,,,,,,,0,0,0,0,0,0,0,0,0,0,0,0,0,0,0,0,0,0,0,0,0,0,0,0,0,0,0,0,0,0,0,0,0,0,0,0,0,0,0,0,0,0,0,0,0,0,0,0,0,0,0,
hello,6_30,11_17_45,12.0762,0,2,0,12.07623,0.0000,0.0000,0.0000,0.0000,0.0000,0.0000,0,0,,,,,,,,0,0,0,0,0,0,0,0,0,0,0,0,0,0,0,0,0,0,0,0,0,0,0,0,0,0,0,0,0,0,0,0,0,0,0,0,0,0,0,0,0,0,0,0,0,0,0,0,0,0,0,
hello,6_30,11_17_45,12.0798,0,2,0,12.07977,0.0000,0.0000,0.0000,0.0000,0.0000,0.0000,0,0,,,,,,,,0,0,0,0,0,0,0,0,0,0,0,0,0,0,0,0,0,0,0,0,0,0,0,0,0,0,0,0,0,0,0,0,0,0,0,0,0,0,0,0,0,0,0,0,0,0,0,0,0,0,0,
hello,6_30,11_17_45,12.0834,0,2,0,12.08336,0.0000,0.0000,0.0000,0.0000,0.0000,0.0000,0,0,,,,,,,,0,0,0,0,0,0,0,0,0,0,0,0,0,0,0,0,0,0,0,0,0,0,0,0,0,0,0,0,0,0,0,0,0,0,0,0,0,0,0,0,0,0,0,0,0,0,0,0,0,0,0,
hello,6_30,11_17_45,12.0871,0,2,0,12.08706,0.0000,0.0000,0.0000,0.0000,0.0000,0.0000,0,0,,,,,,,,0,0,0,0,0,0,0,0,0,0,0,0,0,0,0,0,0,0,0,0,0,0,0,0,0,0,0,0,0,0,0,0,0,0,0,0,0,0,0,0,0,0,0,0,0,0,0,0,0,0,0,
hello,6_30,11_17_45,12.0908,0,2,0,12.09084,0.0000,0.0000,0.0000,0.0000,0.0000,0.0000,0,0,,,,,,,,0,0,0,0,0,0,0,0,0,0,0,0,0,0,0,0,0,0,0,0,0,0,0,0,0,0,0,0,0,0,0,0,0,0,0,0,0,0,0,0,0,0,0,0,0,0,0,0,0,0,0,
hello,6_30,11_17_45,12.0946,0,2,0,12.09461,0.0000,0.0000,0.0000,0.0000,0.0000,0.0000,0,0,,,,,,,,0,0,0,0,0,0,0,0,0,0,0,0,0,0,0,0,0,0,0,0,0,0,0,0,0,0,0,0,0,0,0,0,0,0,0,0,0,0,0,0,0,0,0,0,0,0,0,0,0,0,0,
hello,6_30,11_17_45,12.0981,0,2,0,12.09813,0.0000,0.0000,0.0000,0.0000,0.0000,0.0000,0,0,,,,,,,,0,0,0,0,0,0,0,0,0,0,0,0,0,0,0,0,0,0,0,0,0,0,0,0,0,0,0,0,0,0,0,0,0,0,0,0,0,0,0,0,0,0,0,0,0,0,0,0,0,0,0,
hello,6_30,11_17_45,12.1017,0,2,0,12.10174,0.0000,0.0000,0.0000,0.0000,0.0000,0.0000,0,0,,,,,,,,0,0,0,0,0,0,0,0,0,0,0,0,0,0,0,0,0,0,0,0,0,0,0,0,0,0,0,0,0,0,0,0,0,0,0,0,0,0,0,0,0,0,0,0,0,0,0,0,0,0,0,
hello,6_30,11_17_45,12.1054,0,2,0,12.10537,0.0000,0.0000,0.0000,0.0000,0.0000,0.0000,0,0,,,,,,,,0,0,0,0,0,0,0,0,0,0,0,0,0,0,0,0,0,0,0,0,0,0,0,0,0,0,0,0,0,0,0,0,0,0,0,0,0,0,0,0,0,0,0,0,0,0,0,0,0,0,0,
hello,6_30,11_17_45,12.1087,0,2,0,12.10872,0.0000,0.0000,0.0000,0.0000,0.0000,0.0000,0,0,,,,,,,,0,0,0,0,0,0,0,0,0,0,0,0,0,0,0,0,0,0,0,0,0,0,0,0,0,0,0,0,0,0,0,0,0,0,0,0,0,0,0,0,0,0,0,0,0,0,0,0,0,0,0,
hello,6_30,11_17_45,12.1121,0,2,0,12.11207,0.0000,0.0000,0.0000,0.0000,0.0000,0.0000,0,0,,,,,,,,0,0,0,0,0,0,0,0,0,0,0,0,0,0,0,0,0,0,0,0,0,0,0,0,0,0,0,0,0,0,0,0,0,0,0,0,0,0,0,0,0,0,0,0,0,0,0,0,0,0,0,
hello,6_30,11_17_45,12.1155,0,2,0,12.1155,0.0000,0.0000,0.0000,0.0000,0.0000,0.0000,0,0,,,,,,,,0,0,0,0,0,0,0,0,0,0,0,0,0,0,0,0,0,0,0,0,0,0,0,0,0,0,0,0,0,0,0,0,0,0,0,0,0,0,0,0,0,0,0,0,0,0,0,0,0,0,0,
hello,6_30,11_17_45,12.1193,0,2,0,12.11933,0.0000,0.0000,0.0000,0.0000,0.0000,0.0000,0,0,,,,,,,,0,0,0,0,0,0,0,0,0,0,0,0,0,0,0,0,0,0,0,0,0,0,0,0,0,0,0,0,0,0,0,0,0,0,0,0,0,0,0,0,0,0,0,0,0,0,0,0,0,0,0,
hello,6_30,11_17_45,12.1231,0,2,0,12.1231,0.0000,0.0000,0.0000,0.0000,0.0000,0.0000,0,0,,,,,,,,0,0,0,0,0,0,0,0,0,0,0,0,0,0,0,0,0,0,0,0,0,0,0,0,0,0,0,0,0,0,0,0,0,0,0,0,0,0,0,0,0,0,0,0,0,0,0,0,0,0,0,
hello,6_30,11_17_45,12.1266,0,2,0,12.12659,0.0000,0.0000,0.0000,0.0000,0.0000,0.0000,0,0,,,,,,,,0,0,0,0,0,0,0,0,0,0,0,0,0,0,0,0,0,0,0,0,0,0,0,0,0,0,0,0,0,0,0,0,0,0,0,0,0,0,0,0,0,0,0,0,0,0,0,0,0,0,0,
hello,6_30,11_17_45,12.1299,0,2,0,12.12991,0.0000,0.0000,0.0000,0.0000,0.0000,0.0000,0,0,,,,,,,,0,0,0,0,0,0,0,0,0,0,0,0,0,0,0,0,0,0,0,0,0,0,0,0,0,0,0,0,0,0,0,0,0,0,0,0,0,0,0,0,0,0,0,0,0,0,0,0,0,0,0,
hello,6_30,11_17_45,12.1333,0,2,0,12.1333,0.0000,0.0000,0.0000,0.0000,0.0000,0.0000,0,0,,,,,,,,0,0,0,0,0,0,0,0,0,0,0,0,0,0,0,0,0,0,0,0,0,0,0,0,0,0,0,0,0,0,0,0,0,0,0,0,0,0,0,0,0,0,0,0,0,0,0,0,0,0,0,
hello,6_30,11_17_45,12.1373,0,2,0,12.13733,0.0000,0.0000,0.0000,0.0000,0.0000,0.0000,0,0,,,,,,,,0,0,0,0,0,0,0,0,0,0,0,0,0,0,0,0,0,0,0,0,0,0,0,0,0,0,0,0,0,0,0,0,0,0,0,0,0,0,0,0,0,0,0,0,0,0,0,0,0,0,0,
hello,6_30,11_17_45,12.1413,0,2,0,12.14129,0.0000,0.0000,0.0000,0.0000,0.0000,0.0000,0,0,,,,,,,,0,0,0,0,0,0,0,0,0,0,0,0,0,0,0,0,0,0,0,0,0,0,0,0,0,0,0,0,0,0,0,0,0,0,0,0,0,0,0,0,0,0,0,0,0,0,0,0,0,0,0,
hello,6_30,11_17_45,12.1448,0,2,0,12.14482,0.0000,0.0000,0.0000,0.0000,0.0000,0.0000,0,0,,,,,,,,0,0,0,0,0,0,0,0,0,0,0,0,0,0,0,0,0,0,0,0,0,0,0,0,0,0,0,0,0,0,0,0,0,0,0,0,0,0,0,0,0,0,0,0,0,0,0,0,0,0,0,
hello,6_30,11_17_45,12.1481,0,2,0,12.14808,0.0000,0.0000,0.0000,0.0000,0.0000,0.0000,0,0,,,,,,,,0,0,0,0,0,0,0,0,0,0,0,0,0,0,0,0,0,0,0,0,0,0,0,0,0,0,0,0,0,0,0,0,0,0,0,0,0,0,0,0,0,0,0,0,0,0,0,0,0,0,0,
hello,6_30,11_17_45,12.1513,0,2,0,12.15134,0.0000,0.0000,0.0000,0.0000,0.0000,0.0000,0,0,,,,,,,,0,0,0,0,0,0,0,0,0,0,0,0,0,0,0,0,0,0,0,0,0,0,0,0,0,0,0,0,0,0,0,0,0,0,0,0,0,0,0,0,0,0,0,0,0,0,0,0,0,0,0,
hello,6_30,11_17_45,12.1547,0,2,0,12.15471,0.0000,0.0000,0.0000,0.0000,0.0000,0.0000,0,0,,,,,,,,0,0,0,0,0,0,0,0,0,0,0,0,0,0,0,0,0,0,0,0,0,0,0,0,0,0,0,0,0,0,0,0,0,0,0,0,0,0,0,0,0,0,0,0,0,0,0,0,0,0,0,
hello,6_30,11_17_45,12.1583,0,2,0,12.15828,0.0000,0.0000,0.0000,0.0000,0.0000,0.0000,0,0,,,,,,,,0,0,0,0,0,0,0,0,0,0,0,0,0,0,0,0,0,0,0,0,0,0,0,0,0,0,0,0,0,0,0,0,0,0,0,0,0,0,0,0,0,0,0,0,0,0,0,0,0,0,0,
hello,6_30,11_17_45,12.1615,0,2,0,12.16152,0.0000,0.0000,0.0000,0.0000,0.0000,0.0000,0,0,,,,,,,,0,0,0,0,0,0,0,0,0,0,0,0,0,0,0,0,0,0,0,0,0,0,0,0,0,0,0,0,0,0,0,0,0,0,0,0,0,0,0,0,0,0,0,0,0,0,0,0,0,0,0,
hello,6_30,11_17_45,12.1650,0,2,0,12.16496,0.0000,0.0000,0.0000,0.0000,0.0000,0.0000,0,0,,,,,,,,0,0,0,0,0,0,0,0,0,0,0,0,0,0,0,0,0,0,0,0,0,0,0,0,0,0,0,0,0,0,0,0,0,0,0,0,0,0,0,0,0,0,0,0,0,0,0,0,0,0,0,
hello,6_30,11_17_45,12.1684,0,2,0,12.16836,0.0000,0.0000,0.0000,0.0000,0.0000,0.0000,0,0,,,,,,,,0,0,0,0,0,0,0,0,0,0,0,0,0,0,0,0,0,0,0,0,0,0,0,0,0,0,0,0,0,0,0,0,0,0,0,0,0,0,0,0,0,0,0,0,0,0,0,0,0,0,0,
hello,6_30,11_17_45,12.1718,0,2,0,12.17175,0.0000,0.0000,0.0000,0.0000,0.0000,0.0000,0,0,,,,,,,,0,0,0,0,0,0,0,0,0,0,0,0,0,0,0,0,0,0,0,0,0,0,0,0,0,0,0,0,0,0,0,0,0,0,0,0,0,0,0,0,0,0,0,0,0,0,0,0,0,0,0,
hello,6_30,11_17_45,12.1752,0,2,0,12.17518,0.0000,0.0000,0.0000,0.0000,0.0000,0.0000,0,0,,,,,,,,0,0,0,0,0,0,0,0,0,0,0,0,0,0,0,0,0,0,0,0,0,0,0,0,0,0,0,0,0,0,0,0,0,0,0,0,0,0,0,0,0,0,0,0,0,0,0,0,0,0,0,
hello,6_30,11_17_45,12.1784,0,2,0,12.17844,0.0000,0.0000,0.0000,0.0000,0.0000,0.0000,0,0,,,,,,,,0,0,0,0,0,0,0,0,0,0,0,0,0,0,0,0,0,0,0,0,0,0,0,0,0,0,0,0,0,0,0,0,0,0,0,0,0,0,0,0,0,0,0,0,0,0,0,0,0,0,0,
hello,6_30,11_17_45,12.1820,0,2,0,12.18202,0.0000,0.0000,0.0000,0.0000,0.0000,0.0000,0,0,,,,,,,,0,0,0,0,0,0,0,0,0,0,0,0,0,0,0,0,0,0,0,0,0,0,0,0,0,0,0,0,0,0,0,0,0,0,0,0,0,0,0,0,0,0,0,0,0,0,0,0,0,0,0,
hello,6_30,11_17_45,12.1855,0,2,0,12.18552,0.0000,0.0000,0.0000,0.0000,0.0000,0.0000,0,0,,,,,,,,0,0,0,0,0,0,0,0,0,0,0,0,0,0,0,0,0,0,0,0,0,0,0,0,0,0,0,0,0,0,0,0,0,0,0,0,0,0,0,0,0,0,0,0,0,0,0,0,0,0,0,
hello,6_30,11_17_45,12.1888,0,2,0,12.18878,0.0000,0.0000,0.0000,0.0000,0.0000,0.0000,0,0,,,,,,,,0,0,0,0,0,0,0,0,0,0,0,0,0,0,0,0,0,0,0,0,0,0,0,0,0,0,0,0,0,0,0,0,0,0,0,0,0,0,0,0,0,0,0,0,0,0,0,0,0,0,0,
hello,6_30,11_17_45,12.1925,0,2,0,12.19253,0.0000,0.0000,0.0000,0.0000,0.0000,0.0000,0,0,,,,,,,,0,0,0,0,0,0,0,0,0,0,0,0,0,0,0,0,0,0,0,0,0,0,0,0,0,0,0,0,0,0,0,0,0,0,0,0,0,0,0,0,0,0,0,0,0,0,0,0,0,0,0,
hello,6_30,11_17_45,12.1961,0,2,0,12.19608,0.0000,0.0000,0.0000,0.0000,0.0000,0.0000,0,0,,,,,,,,0,0,0,0,0,0,0,0,0,0,0,0,0,0,0,0,0,0,0,0,0,0,0,0,0,0,0,0,0,0,0,0,0,0,0,0,0,0,0,0,0,0,0,0,0,0,0,0,0,0,0,
hello,6_30,11_17_45,12.1997,0,2,0,12.19972,0.0000,0.0000,0.0000,0.0000,0.0000,0.0000,0,0,,,,,,,,0,0,0,0,0,0,0,0,0,0,0,0,0,0,0,0,0,0,0,0,0,0,0,0,0,0,0,0,0,0,0,0,0,0,0,0,0,0,0,0,0,0,0,0,0,0,0,0,0,0,0,
hello,6_30,11_17_45,12.2032,0,2,0,12.20315,0.0000,0.0000,0.0000,0.0000,0.0000,0.0000,0,0,,,,,,,,0,0,0,0,0,0,0,0,0,0,0,0,0,0,0,0,0,0,0,0,0,0,0,0,0,0,0,0,0,0,0,0,0,0,0,0,0,0,0,0,0,0,0,0,0,0,0,0,0,0,0,
hello,6_30,11_17_45,12.2069,0,2,0,12.20689,0.0000,0.0000,0.0000,0.0000,0.0000,0.0000,0,0,,,,,,,,0,0,0,0,0,0,0,0,0,0,0,0,0,0,0,0,0,0,0,0,0,0,0,0,0,0,0,0,0,0,0,0,0,0,0,0,0,0,0,0,0,0,0,0,0,0,0,0,0,0,0,
hello,6_30,11_17_45,12.2106,0,2,0,12.21058,0.0000,0.0000,0.0000,0.0000,0.0000,0.0000,0,0,,,,,,,,0,0,0,0,0,0,0,0,0,0,0,0,0,0,0,0,0,0,0,0,0,0,0,0,0,0,0,0,0,0,0,0,0,0,0,0,0,0,0,0,0,0,0,0,0,0,0,0,0,0,0,
hello,6_30,11_17_45,12.2142,0,2,0,12.21419,0.0000,0.0000,0.0000,0.0000,0.0000,0.0000,0,0,,,,,,,,0,0,0,0,0,0,0,0,0,0,0,0,0,0,0,0,0,0,0,0,0,0,0,0,0,0,0,0,0,0,0,0,0,0,0,0,0,0,0,0,0,0,0,0,0,0,0,0,0,0,0,
hello,6_30,11_17_45,12.2177,0,2,0,12.21774,0.0000,0.0000,0.0000,0.0000,0.0000,0.0000,0,0,,,,,,,,0,0,0,0,0,0,0,0,0,0,0,0,0,0,0,0,0,0,0,0,0,0,0,0,0,0,0,0,0,0,0,0,0,0,0,0,0,0,0,0,0,0,0,0,0,0,0,0,0,0,0,
hello,6_30,11_17_45,12.2369,0,2,0,12.23688,0.0000,0.0000,0.0000,0.0000,0.0000,0.0000,0,0,,,,,,,,0,0,0,0,0,0,0,0,0,0,0,0,0,0,0,0,0,0,0,0,0,0,0,0,0,0,0,0,0,0,0,0,0,0,0,0,0,0,0,0,0,0,0,0,0,0,0,0,0,0,0,
hello,6_30,11_17_45,12.2407,0,2,0,12.24068,0.0000,0.0000,0.0000,0.0000,0.0000,0.0000,0,0,,,,,,,,0,0,0,0,0,0,0,0,0,0,0,0,0,0,0,0,0,0,0,0,0,0,0,0,0,0,0,0,0,0,0,0,0,0,0,0,0,0,0,0,0,0,0,0,0,0,0,0,0,0,0,
hello,6_30,11_17_45,12.2442,0,2,0,12.24419,0.0000,0.0000,0.0000,0.0000,0.0000,0.0000,0,0,,,,,,,,0,0,0,0,0,0,0,0,0,0,0,0,0,0,0,0,0,0,0,0,0,0,0,0,0,0,0,0,0,0,0,0,0,0,0,0,0,0,0,0,0,0,0,0,0,0,0,0,0,0,0,
hello,6_30,11_17_45,12.2475,0,2,0,12.24751,0.0000,0.0000,0.0000,0.0000,0.0000,0.0000,0,0,,,,,,,,0,0,0,0,0,0,0,0,0,0,0,0,0,0,0,0,0,0,0,0,0,0,0,0,0,0,0,0,0,0,0,0,0,0,0,0,0,0,0,0,0,0,0,0,0,0,0,0,0,0,0,
hello,6_30,11_17_45,12.2508,0,2,0,12.2508,0.0000,0.0000,0.0000,0.0000,0.0000,0.0000,0,0,,,,,,,,0,0,0,0,0,0,0,0,0,0,0,0,0,0,0,0,0,0,0,0,0,0,0,0,0,0,0,0,0,0,0,0,0,0,0,0,0,0,0,0,0,0,0,0,0,0,0,0,0,0,0,
hello,6_30,11_17_45,12.2544,0,2,0,12.25436,0.0000,0.0000,0.0000,0.0000,0.0000,0.0000,0,0,,,,,,,,0,0,0,0,0,0,0,0,0,0,0,0,0,0,0,0,0,0,0,0,0,0,0,0,0,0,0,0,0,0,0,0,0,0,0,0,0,0,0,0,0,0,0,0,0,0,0,0,0,0,0,
hello,6_30,11_17_45,12.2581,0,2,0,12.25809,0.0000,0.0000,0.0000,0.0000,0.0000,0.0000,0,0,,,,,,,,0,0,0,0,0,0,0,0,0,0,0,0,0,0,0,0,0,0,0,0,0,0,0,0,0,0,0,0,0,0,0,0,0,0,0,0,0,0,0,0,0,0,0,0,0,0,0,0,0,0,0,
hello,6_30,11_17_45,12.2616,0,2,0,12.26157,0.0000,0.0000,0.0000,0.0000,0.0000,0.0000,0,0,,,,,,,,0,0,0,0,0,0,0,0,0,0,0,0,0,0,0,0,0,0,0,0,0,0,0,0,0,0,0,0,0,0,0,0,0,0,0,0,0,0,0,0,0,0,0,0,0,0,0,0,0,0,0,
hello,6_30,11_17_45,12.2652,0,2,0,12.26516,0.0000,0.0000,0.0000,0.0000,0.0000,0.0000,0,0,,,,,,,,0,0,0,0,0,0,0,0,0,0,0,0,0,0,0,0,0,0,0,0,0,0,0,0,0,0,0,0,0,0,0,0,0,0,0,0,0,0,0,0,0,0,0,0,0,0,0,0,0,0,0,
hello,6_30,11_17_45,12.2689,0,2,0,12.26885,0.0000,0.0000,0.0000,0.0000,0.0000,0.0000,0,0,,,,,,,,0,0,0,0,0,0,0,0,0,0,0,0,0,0,0,0,0,0,0,0,0,0,0,0,0,0,0,0,0,0,0,0,0,0,0,0,0,0,0,0,0,0,0,0,0,0,0,0,0,0,0,
hello,6_30,11_17_45,12.2722,0,2,0,12.27221,0.0000,0.0000,0.0000,0.0000,0.0000,0.0000,0,0,,,,,,,,0,0,0,0,0,0,0,0,0,0,0,0,0,0,0,0,0,0,0,0,0,0,0,0,0,0,0,0,0,0,0,0,0,0,0,0,0,0,0,0,0,0,0,0,0,0,0,0,0,0,0,
hello,6_30,11_17_45,12.2756,0,2,0,12.27563,0.0000,0.0000,0.0000,0.0000,0.0000,0.0000,0,0,,,,,,,,0,0,0,0,0,0,0,0,0,0,0,0,0,0,0,0,0,0,0,0,0,0,0,0,0,0,0,0,0,0,0,0,0,0,0,0,0,0,0,0,0,0,0,0,0,0,0,0,0,0,0,
hello,6_30,11_17_45,12.2789,0,2,0,12.27892,0.0000,0.0000,0.0000,0.0000,0.0000,0.0000,0,0,,,,,,,,0,0,0,0,0,0,0,0,0,0,0,0,0,0,0,0,0,0,0,0,0,0,0,0,0,0,0,0,0,0,0,0,0,0,0,0,0,0,0,0,0,0,0,0,0,0,0,0,0,0,0,
hello,6_30,11_17_45,12.2823,0,2,0,12.2823,0.0000,0.0000,0.0000,0.0000,0.0000,0.0000,0,0,,,,,,,,0,0,0,0,0,0,0,0,0,0,0,0,0,0,0,0,0,0,0,0,0,0,0,0,0,0,0,0,0,0,0,0,0,0,0,0,0,0,0,0,0,0,0,0,0,0,0,0,0,0,0,
hello,6_30,11_17_45,12.2859,0,2,0,12.28587,0.0000,0.0000,0.0000,0.0000,0.0000,0.0000,0,0,,,,,,,,0,0,0,0,0,0,0,0,0,0,0,0,0,0,0,0,0,0,0,0,0,0,0,0,0,0,0,0,0,0,0,0,0,0,0,0,0,0,0,0,0,0,0,0,0,0,0,0,0,0,0,
hello,6_30,11_17_45,12.2896,0,2,0,12.28956,0.0000,0.0000,0.0000,0.0000,0.0000,0.0000,0,0,,,,,,,,0,0,0,0,0,0,0,0,0,0,0,0,0,0,0,0,0,0,0,0,0,0,0,0,0,0,0,0,0,0,0,0,0,0,0,0,0,0,0,0,0,0,0,0,0,0,0,0,0,0,0,
hello,6_30,11_17_45,12.2930,0,2,0,12.29304,0.0000,0.0000,0.0000,0.0000,0.0000,0.0000,0,0,,,,,,,,0,0,0,0,0,0,0,0,0,0,0,0,0,0,0,0,0,0,0,0,0,0,0,0,0,0,0,0,0,0,0,0,0,0,0,0,0,0,0,0,0,0,0,0,0,0,0,0,0,0,0,
hello,6_30,11_17_45,12.2963,0,2,0,12.29634,0.0000,0.0000,0.0000,0.0000,0.0000,0.0000,0,0,,,,,,,,0,0,0,0,0,0,0,0,0,0,0,0,0,0,0,0,0,0,0,0,0,0,0,0,0,0,0,0,0,0,0,0,0,0,0,0,0,0,0,0,0,0,0,0,0,0,0,0,0,0,0,
hello,6_30,11_17_45,12.2998,0,2,0,12.29983,0.0000,0.0000,0.0000,0.0000,0.0000,0.0000,0,0,,,,,,,,0,0,0,0,0,0,0,0,0,0,0,0,0,0,0,0,0,0,0,0,0,0,0,0,0,0,0,0,0,0,0,0,0,0,0,0,0,0,0,0,0,0,0,0,0,0,0,0,0,0,0,
hello,6_30,11_17_45,12.3033,0,2,0,12.30329,0.0000,0.0000,0.0000,0.0000,0.0000,0.0000,0,0,,,,,,,,0,0,0,0,0,0,0,0,0,0,0,0,0,0,0,0,0,0,0,0,0,0,0,0,0,0,0,0,0,0,0,0,0,0,0,0,0,0,0,0,0,0,0,0,0,0,0,0,0,0,0,
hello,6_30,11_17_45,12.3074,0,2,0,12.30739,0.0000,0.0000,0.0000,0.0000,0.0000,0.0000,0,0,,,,,,,,0,0,0,0,0,0,0,0,0,0,0,0,0,0,0,0,0,0,0,0,0,0,0,0,0,0,0,0,0,0,0,0,0,0,0,0,0,0,0,0,0,0,0,0,0,0,0,0,0,0,0,
hello,6_30,11_17_45,12.3108,0,2,0,12.31084,0.0000,0.0000,0.0000,0.0000,0.0000,0.0000,0,0,,,,,,,,0,0,0,0,0,0,0,0,0,0,0,0,0,0,0,0,0,0,0,0,0,0,0,0,0,0,0,0,0,0,0,0,0,0,0,0,0,0,0,0,0,0,0,0,0,0,0,0,0,0,0,
hello,6_30,11_17_45,12.3142,0,2,0,12.31424,0.0000,0.0000,0.0000,0.0000,0.0000,0.0000,0,0,,,,,,,,0,0,0,0,0,0,0,0,0,0,0,0,0,0,0,0,0,0,0,0,0,0,0,0,0,0,0,0,0,0,0,0,0,0,0,0,0,0,0,0,0,0,0,0,0,0,0,0,0,0,0,
hello,6_30,11_17_45,12.3178,0,2,0,12.31776,0.0000,0.0000,0.0000,0.0000,0.0000,0.0000,0,0,,,,,,,,0,0,0,0,0,0,0,0,0,0,0,0,0,0,0,0,0,0,0,0,0,0,0,0,0,0,0,0,0,0,0,0,0,0,0,0,0,0,0,0,0,0,0,0,0,0,0,0,0,0,0,
hello,6_30,11_17_45,12.3212,0,2,0,12.32118,0.0000,0.0000,0.0000,0.0000,0.0000,0.0000,0,0,,,,,,,,0,0,0,0,0,0,0,0,0,0,0,0,0,0,0,0,0,0,0,0,0,0,0,0,0,0,0,0,0,0,0,0,0,0,0,0,0,0,0,0,0,0,0,0,0,0,0,0,0,0,0,
hello,6_30,11_17_45,12.3247,0,2,0,12.32469,0.0000,0.0000,0.0000,0.0000,0.0000,0.0000,0,0,,,,,,,,0,0,0,0,0,0,0,0,0,0,0,0,0,0,0,0,0,0,0,0,0,0,0,0,0,0,0,0,0,0,0,0,0,0,0,0,0,0,0,0,0,0,0,0,0,0,0,0,0,0,0,
hello,6_30,11_17_45,12.3280,0,2,0,12.328,0.0000,0.0000,0.0000,0.0000,0.0000,0.0000,0,0,,,,,,,,0,0,0,0,0,0,0,0,0,0,0,0,0,0,0,0,0,0,0,0,0,0,0,0,0,0,0,0,0,0,0,0,0,0,0,0,0,0,0,0,0,0,0,0,0,0,0,0,0,0,0,
hello,6_30,11_17_45,12.3315,0,2,0,12.33147,0.0000,0.0000,0.0000,0.0000,0.0000,0.0000,0,0,,,,,,,,0,0,0,0,0,0,0,0,0,0,0,0,0,0,0,0,0,0,0,0,0,0,0,0,0,0,0,0,0,0,0,0,0,0,0,0,0,0,0,0,0,0,0,0,0,0,0,0,0,0,0,
hello,6_30,11_17_45,12.3352,0,2,0,12.33516,0.0000,0.0000,0.0000,0.0000,0.0000,0.0000,0,0,,,,,,,,0,0,0,0,0,0,0,0,0,0,0,0,0,0,0,0,0,0,0,0,0,0,0,0,0,0,0,0,0,0,0,0,0,0,0,0,0,0,0,0,0,0,0,0,0,0,0,0,0,0,0,
hello,6_30,11_17_45,12.3392,0,2,0,12.33917,0.0000,0.0000,0.0000,0.0000,0.0000,0.0000,0,0,,,,,,,,0,0,0,0,0,0,0,0,0,0,0,0,0,0,0,0,0,0,0,0,0,0,0,0,0,0,0,0,0,0,0,0,0,0,0,0,0,0,0,0,0,0,0,0,0,0,0,0,0,0,0,
hello,6_30,11_17_45,12.3426,0,2,0,12.3426,0.0000,0.0000,0.0000,0.0000,0.0000,0.0000,0,0,,,,,,,,0,0,0,0,0,0,0,0,0,0,0,0,0,0,0,0,0,0,0,0,0,0,0,0,0,0,0,0,0,0,0,0,0,0,0,0,0,0,0,0,0,0,0,0,0,0,0,0,0,0,0,
hello,6_30,11_17_45,12.3462,0,2,0,12.34621,0.0000,0.0000,0.0000,0.0000,0.0000,0.0000,0,0,,,,,,,,0,0,0,0,0,0,0,0,0,0,0,0,0,0,0,0,0,0,0,0,0,0,0,0,0,0,0,0,0,0,0,0,0,0,0,0,0,0,0,0,0,0,0,0,0,0,0,0,0,0,0,
hello,6_30,11_17_45,12.3497,0,2,0,12.34972,0.0000,0.0000,0.0000,0.0000,0.0000,0.0000,0,0,,,,,,,,0,0,0,0,0,0,0,0,0,0,0,0,0,0,0,0,0,0,0,0,0,0,0,0,0,0,0,0,0,0,0,0,0,0,0,0,0,0,0,0,0,0,0,0,0,0,0,0,0,0,0,
hello,6_30,11_17_45,12.3535,0,2,0,12.35349,0.0000,0.0000,0.0000,0.0000,0.0000,0.0000,0,0,,,,,,,,0,0,0,0,0,0,0,0,0,0,0,0,0,0,0,0,0,0,0,0,0,0,0,0,0,0,0,0,0,0,0,0,0,0,0,0,0,0,0,0,0,0,0,0,0,0,0,0,0,0,0,
hello,6_30,11_17_45,12.3572,0,2,0,12.35723,0.0000,0.0000,0.0000,0.0000,0.0000,0.0000,0,0,,,,,,,,0,0,0,0,0,0,0,0,0,0,0,0,0,0,0,0,0,0,0,0,0,0,0,0,0,0,0,0,0,0,0,0,0,0,0,0,0,0,0,0,0,0,0,0,0,0,0,0,0,0,0,
hello,6_30,11_17_45,12.3606,0,2,0,12.36056,0.0000,0.0000,0.0000,0.0000,0.0000,0.0000,0,0,,,,,,,,0,0,0,0,0,0,0,0,0,0,0,0,0,0,0,0,0,0,0,0,0,0,0,0,0,0,0,0,0,0,0,0,0,0,0,0,0,0,0,0,0,0,0,0,0,0,0,0,0,0,0,
hello,6_30,11_17_45,12.3641,0,2,0,12.36408,0.0000,0.0000,0.0000,0.0000,0.0000,0.0000,0,0,,,,,,,,0,0,0,0,0,0,0,0,0,0,0,0,0,0,0,0,0,0,0,0,0,0,0,0,0,0,0,0,0,0,0,0,0,0,0,0,0,0,0,0,0,0,0,0,0,0,0,0,0,0,0,
hello,6_30,11_17_45,12.3674,0,2,0,12.36744,0.0000,0.0000,0.0000,0.0000,0.0000,0.0000,0,0,,,,,,,,0,0,0,0,0,0,0,0,0,0,0,0,0,0,0,0,0,0,0,0,0,0,0,0,0,0,0,0,0,0,0,0,0,0,0,0,0,0,0,0,0,0,0,0,0,0,0,0,0,0,0,
hello,6_30,11_17_45,12.3710,0,2,0,12.37095,0.0000,0.0000,0.0000,0.0000,0.0000,0.0000,0,0,,,,,,,,0,0,0,0,0,0,0,0,0,0,0,0,0,0,0,0,0,0,0,0,0,0,0,0,0,0,0,0,0,0,0,0,0,0,0,0,0,0,0,0,0,0,0,0,0,0,0,0,0,0,0,
hello,6_30,11_17_45,12.3748,0,2,0,12.37481,0.0000,0.0000,0.0000,0.0000,0.0000,0.0000,0,0,,,,,,,,0,0,0,0,0,0,0,0,0,0,0,0,0,0,0,0,0,0,0,0,0,0,0,0,0,0,0,0,0,0,0,0,0,0,0,0,0,0,0,0,0,0,0,0,0,0,0,0,0,0,0,
hello,6_30,11_17_45,12.3781,0,2,0,12.37809,0.0000,0.0000,0.0000,0.0000,0.0000,0.0000,0,0,,,,,,,,0,0,0,0,0,0,0,0,0,0,0,0,0,0,0,0,0,0,0,0,0,0,0,0,0,0,0,0,0,0,0,0,0,0,0,0,0,0,0,0,0,0,0,0,0,0,0,0,0,0,0,
hello,6_30,11_17_45,12.3813,0,2,0,12.38134,0.0000,0.0000,0.0000,0.0000,0.0000,0.0000,0,0,,,,,,,,0,0,0,0,0,0,0,0,0,0,0,0,0,0,0,0,0,0,0,0,0,0,0,0,0,0,0,0,0,0,0,0,0,0,0,0,0,0,0,0,0,0,0,0,0,0,0,0,0,0,0,
hello,6_30,11_17_45,12.3853,0,2,0,12.38532,0.0000,0.0000,0.0000,0.0000,0.0000,0.0000,0,0,,,,,,,,0,0,0,0,0,0,0,0,0,0,0,0,0,0,0,0,0,0,0,0,0,0,0,0,0,0,0,0,0,0,0,0,0,0,0,0,0,0,0,0,0,0,0,0,0,0,0,0,0,0,0,
hello,6_30,11_17_45,12.3887,0,2,0,12.38866,0.0000,0.0000,0.0000,0.0000,0.0000,0.0000,0,0,,,,,,,,0,0,0,0,0,0,0,0,0,0,0,0,0,0,0,0,0,0,0,0,0,0,0,0,0,0,0,0,0,0,0,0,0,0,0,0,0,0,0,0,0,0,0,0,0,0,0,0,0,0,0,
hello,6_30,11_17_45,12.3920,0,2,0,12.392,0.0000,0.0000,0.0000,0.0000,0.0000,0.0000,0,0,,,,,,,,0,0,0,0,0,0,0,0,0,0,0,0,0,0,0,0,0,0,0,0,0,0,0,0,0,0,0,0,0,0,0,0,0,0,0,0,0,0,0,0,0,0,0,0,0,0,0,0,0,0,0,
hello,6_30,11_17_45,12.3954,0,2,0,12.39537,0.0000,0.0000,0.0000,0.0000,0.0000,0.0000,0,0,,,,,,,,0,0,0,0,0,0,0,0,0,0,0,0,0,0,0,0,0,0,0,0,0,0,0,0,0,0,0,0,0,0,0,0,0,0,0,0,0,0,0,0,0,0,0,0,0,0,0,0,0,0,0,
hello,6_30,11_17_45,12.3991,0,2,0,12.39911,0.0000,0.0000,0.0000,0.0000,0.0000,0.0000,0,0,,,,,,,,0,0,0,0,0,0,0,0,0,0,0,0,0,0,0,0,0,0,0,0,0,0,0,0,0,0,0,0,0,0,0,0,0,0,0,0,0,0,0,0,0,0,0,0,0,0,0,0,0,0,0,
hello,6_30,11_17_45,12.4028,0,2,0,12.40281,0.0000,0.0000,0.0000,0.0000,0.0000,0.0000,0,0,,,,,,,,0,0,0,0,0,0,0,0,0,0,0,0,0,0,0,0,0,0,0,0,0,0,0,0,0,0,0,0,0,0,0,0,0,0,0,0,0,0,0,0,0,0,0,0,0,0,0,0,0,0,0,
hello,6_30,11_17_45,12.4066,0,2,0,12.40658,0.0000,0.0000,0.0000,0.0000,0.0000,0.0000,0,0,,,,,,,,0,0,0,0,0,0,0,0,0,0,0,0,0,0,0,0,0,0,0,0,0,0,0,0,0,0,0,0,0,0,0,0,0,0,0,0,0,0,0,0,0,0,0,0,0,0,0,0,0,0,0,
hello,6_30,11_17_45,12.4099,0,2,0,12.40991,0.0000,0.0000,0.0000,0.0000,0.0000,0.0000,0,0,,,,,,,,0,0,0,0,0,0,0,0,0,0,0,0,0,0,0,0,0,0,0,0,0,0,0,0,0,0,0,0,0,0,0,0,0,0,0,0,0,0,0,0,0,0,0,0,0,0,0,0,0,0,0,
hello,6_30,11_17_45,12.4134,0,2,0,12.41344,0.0000,0.0000,0.0000,0.0000,0.0000,0.0000,0,0,,,,,,,,0,0,0,0,0,0,0,0,0,0,0,0,0,0,0,0,0,0,0,0,0,0,0,0,0,0,0,0,0,0,0,0,0,0,0,0,0,0,0,0,0,0,0,0,0,0,0,0,0,0,0,
hello,6_30,11_17_45,12.4170,0,2,0,12.41704,0.0000,0.0000,0.0000,0.0000,0.0000,0.0000,0,0,,,,,,,,0,0,0,0,0,0,0,0,0,0,0,0,0,0,0,0,0,0,0,0,0,0,0,0,0,0,0,0,0,0,0,0,0,0,0,0,0,0,0,0,0,0,0,0,0,0,0,0,0,0,0,
hello,6_30,11_17_45,12.4205,0,2,0,12.42047,0.0000,0.0000,0.0000,0.0000,0.0000,0.0000,0,0,,,,,,,,0,0,0,0,0,0,0,0,0,0,0,0,0,0,0,0,0,0,0,0,0,0,0,0,0,0,0,0,0,0,0,0,0,0,0,0,0,0,0,0,0,0,0,0,0,0,0,0,0,0,0,
hello,6_30,11_17_45,12.4397,0,2,0,12.43973,0.0000,0.0000,0.0000,0.0000,0.0000,0.0000,0,0,,,,,,,,0,0,0,0,0,0,0,0,0,0,0,0,0,0,0,0,0,0,0,0,0,0,0,0,0,0,0,0,0,0,0,0,0,0,0,0,0,0,0,0,0,0,0,0,0,0,0,0,0,0,0,
hello,6_30,11_17_45,12.4435,0,2,0,12.44345,0.0000,0.0000,0.0000,0.0000,0.0000,0.0000,0,0,,,,,,,,0,0,0,0,0,0,0,0,0,0,0,0,0,0,0,0,0,0,0,0,0,0,0,0,0,0,0,0,0,0,0,0,0,0,0,0,0,0,0,0,0,0,0,0,0,0,0,0,0,0,0,
hello,6_30,11_17_45,12.4471,0,2,0,12.44707,0.0000,0.0000,0.0000,0.0000,0.0000,0.0000,0,0,,,,,,,,0,0,0,0,0,0,0,0,0,0,0,0,0,0,0,0,0,0,0,0,0,0,0,0,0,0,0,0,0,0,0,0,0,0,0,0,0,0,0,0,0,0,0,0,0,0,0,0,0,0,0,
hello,6_30,11_17_45,12.4504,0,2,0,12.45042,0.0000,0.0000,0.0000,0.0000,0.0000,0.0000,0,0,,,,,,,,0,0,0,0,0,0,0,0,0,0,0,0,0,0,0,0,0,0,0,0,0,0,0,0,0,0,0,0,0,0,0,0,0,0,0,0,0,0,0,0,0,0,0,0,0,0,0,0,0,0,0,
hello,6_30,11_17_45,12.4537,0,2,0,12.4537,0.0000,0.0000,0.0000,0.0000,0.0000,0.0000,0,0,,,,,,,,0,0,0,0,0,0,0,0,0,0,0,0,0,0,0,0,0,0,0,0,0,0,0,0,0,0,0,0,0,0,0,0,0,0,0,0,0,0,0,0,0,0,0,0,0,0,0,0,0,0,0,
hello,6_30,11_17_45,12.4569,0,2,0,12.45694,0.0000,0.0000,0.0000,0.0000,0.0000,0.0000,0,0,,,,,,,,0,0,0,0,0,0,0,0,0,0,0,0,0,0,0,0,0,0,0,0,0,0,0,0,0,0,0,0,0,0,0,0,0,0,0,0,0,0,0,0,0,0,0,0,0,0,0,0,0,0,0,
hello,6_30,11_17_45,12.4603,0,2,0,12.46026,0.0000,0.0000,0.0000,0.0000,0.0000,0.0000,0,0,,,,,,,,0,0,0,0,0,0,0,0,0,0,0,0,0,0,0,0,0,0,0,0,0,0,0,0,0,0,0,0,0,0,0,0,0,0,0,0,0,0,0,0,0,0,0,0,0,0,0,0,0,0,0,
hello,6_30,11_17_45,12.4643,0,2,0,12.46431,0.0000,0.0000,0.0000,0.0000,0.0000,0.0000,0,0,,,,,,,,0,0,0,0,0,0,0,0,0,0,0,0,0,0,0,0,0,0,0,0,0,0,0,0,0,0,0,0,0,0,0,0,0,0,0,0,0,0,0,0,0,0,0,0,0,0,0,0,0,0,0,
hello,6_30,11_17_45,12.4677,0,2,0,12.46773,0.0000,0.0000,0.0000,0.0000,0.0000,0.0000,0,0,,,,,,,,0,0,0,0,0,0,0,0,0,0,0,0,0,0,0,0,0,0,0,0,0,0,0,0,0,0,0,0,0,0,0,0,0,0,0,0,0,0,0,0,0,0,0,0,0,0,0,0,0,0,0,
hello,6_30,11_17_45,12.4711,0,2,0,12.47106,0.0000,0.0000,0.0000,0.0000,0.0000,0.0000,0,0,,,,,,,,0,0,0,0,0,0,0,0,0,0,0,0,0,0,0,0,0,0,0,0,0,0,0,0,0,0,0,0,0,0,0,0,0,0,0,0,0,0,0,0,0,0,0,0,0,0,0,0,0,0,0,
hello,6_30,11_17_45,12.4747,0,2,0,12.47471,0.0000,0.0000,0.0000,0.0000,0.0000,0.0000,0,0,,,,,,,,0,0,0,0,0,0,0,0,0,0,0,0,0,0,0,0,0,0,0,0,0,0,0,0,0,0,0,0,0,0,0,0,0,0,0,0,0,0,0,0,0,0,0,0,0,0,0,0,0,0,0,
hello,6_30,11_17_45,12.4781,0,2,0,12.47809,0.0000,0.0000,0.0000,0.0000,0.0000,0.0000,0,0,,,,,,,,0,0,0,0,0,0,0,0,0,0,0,0,0,0,0,0,0,0,0,0,0,0,0,0,0,0,0,0,0,0,0,0,0,0,0,0,0,0,0,0,0,0,0,0,0,0,0,0,0,0,0,
hello,6_30,11_17_45,12.4814,0,2,0,12.48139,0.0000,0.0000,0.0000,0.0000,0.0000,0.0000,0,0,,,,,,,,0,0,0,0,0,0,0,0,0,0,0,0,0,0,0,0,0,0,0,0,0,0,0,0,0,0,0,0,0,0,0,0,0,0,0,0,0,0,0,0,0,0,0,0,0,0,0,0,0,0,0,
hello,6_30,11_17_45,12.4852,0,2,0,12.4852,0.0000,0.0000,0.0000,0.0000,0.0000,0.0000,0,0,,,,,,,,0,0,0,0,0,0,0,0,0,0,0,0,0,0,0,0,0,0,0,0,0,0,0,0,0,0,0,0,0,0,0,0,0,0,0,0,0,0,0,0,0,0,0,0,0,0,0,0,0,0,0,
hello,6_30,11_17_45,12.4885,0,2,0,12.48849,0.0000,0.0000,0.0000,0.0000,0.0000,0.0000,0,0,,,,,,,,0,0,0,0,0,0,0,0,0,0,0,0,0,0,0,0,0,0,0,0,0,0,0,0,0,0,0,0,0,0,0,0,0,0,0,0,0,0,0,0,0,0,0,0,0,0,0,0,0,0,0,
hello,6_30,11_17_45,12.4921,0,2,0,12.49214,0.0000,0.0000,0.0000,0.0000,0.0000,0.0000,0,0,,,,,,,,0,0,0,0,0,0,0,0,0,0,0,0,0,0,0,0,0,0,0,0,0,0,0,0,0,0,0,0,0,0,0,0,0,0,0,0,0,0,0,0,0,0,0,0,0,0,0,0,0,0,0,
hello,6_30,11_17_45,12.4958,0,2,0,12.49581,0.0000,0.0000,0.0000,0.0000,0.0000,0.0000,0,0,,,,,,,,0,0,0,0,0,0,0,0,0,0,0,0,0,0,0,0,0,0,0,0,0,0,0,0,0,0,0,0,0,0,0,0,0,0,0,0,0,0,0,0,0,0,0,0,0,0,0,0,0,0,0,
hello,6_30,11_17_45,12.4991,0,2,0,12.49913,0.0000,0.0000,0.0000,0.0000,0.0000,0.0000,0,0,,,,,,,,0,0,0,0,0,0,0,0,0,0,0,0,0,0,0,0,0,0,0,0,0,0,0,0,0,0,0,0,0,0,0,0,0,0,0,0,0,0,0,0,0,0,0,0,0,0,0,0,0,0,0,
hello,6_30,11_17_45,12.5024,0,2,0,12.50237,0.0000,0.0000,0.0000,0.0000,0.0000,0.0000,0,0,,,,,,,,0,0,0,0,0,0,0,0,0,0,0,0,0,0,0,0,0,0,0,0,0,0,0,0,0,0,0,0,0,0,0,0,0,0,0,0,0,0,0,0,0,0,0,0,0,0,0,0,0,0,0,
hello,6_30,11_17_45,12.5064,0,2,0,12.50636,0.0000,0.0000,0.0000,0.0000,0.0000,0.0000,0,0,,,,,,,,0,0,0,0,0,0,0,0,0,0,0,0,0,0,0,0,0,0,0,0,0,0,0,0,0,0,0,0,0,0,0,0,0,0,0,0,0,0,0,0,0,0,0,0,0,0,0,0,0,0,0,
hello,6_30,11_17_45,12.5099,0,2,0,12.50986,0.0000,0.0000,0.0000,0.0000,0.0000,0.0000,0,0,,,,,,,,0,0,0,0,0,0,0,0,0,0,0,0,0,0,0,0,0,0,0,0,0,0,0,0,0,0,0,0,0,0,0,0,0,0,0,0,0,0,0,0,0,0,0,0,0,0,0,0,0,0,0,
hello,6_30,11_17_45,12.5133,0,2,0,12.51327,0.0000,0.0000,0.0000,0.0000,0.0000,0.0000,0,0,,,,,,,,0,0,0,0,0,0,0,0,0,0,0,0,0,0,0,0,0,0,0,0,0,0,0,0,0,0,0,0,0,0,0,0,0,0,0,0,0,0,0,0,0,0,0,0,0,0,0,0,0,0,0,
hello,6_30,11_17_45,12.5168,0,2,0,12.5168,0.0000,0.0000,0.0000,0.0000,0.0000,0.0000,0,0,,,,,,,,0,0,0,0,0,0,0,0,0,0,0,0,0,0,0,0,0,0,0,0,0,0,0,0,0,0,0,0,0,0,0,0,0,0,0,0,0,0,0,0,0,0,0,0,0,0,0,0,0,0,0,
hello,6_30,11_17_45,12.5201,0,2,0,12.52014,0.0000,0.0000,0.0000,0.0000,0.0000,0.0000,0,0,,,,,,,,0,0,0,0,0,0,0,0,0,0,0,0,0,0,0,0,0,0,0,0,0,0,0,0,0,0,0,0,0,0,0,0,0,0,0,0,0,0,0,0,0,0,0,0,0,0,0,0,0,0,0,
hello,6_30,11_17_45,12.5307,0,2,0,12.53067,0.0000,0.0000,0.0000,0.0000,0.0000,0.0000,0,0,,,,,,,,0,0,0,0,0,0,0,0,0,0,0,0,0,0,0,0,0,0,0,0,0,0,0,0,0,0,0,0,0,0,0,0,0,0,0,0,0,0,0,0,0,0,0,0,0,0,0,0,0,0,0,
hello,6_30,11_17_45,12.5341,0,2,0,12.53408,0.0000,0.0000,0.0000,0.0000,0.0000,0.0000,0,0,,,,,,,,0,0,0,0,0,0,0,0,0,0,0,0,0,0,0,0,0,0,0,0,0,0,0,0,0,0,0,0,0,0,0,0,0,0,0,0,0,0,0,0,0,0,0,0,0,0,0,0,0,0,0,
hello,6_30,11_17_45,12.5374,0,2,0,12.53741,0.0000,0.0000,0.0000,0.0000,0.0000,0.0000,0,0,,,,,,,,0,0,0,0,0,0,0,0,0,0,0,0,0,0,0,0,0,0,0,0,0,0,0,0,0,0,0,0,0,0,0,0,0,0,0,0,0,0,0,0,0,0,0,0,0,0,0,0,0,0,0,
hello,6_30,11_17_45,12.5408,0,2,0,12.54083,0.0000,0.0000,0.0000,0.0000,0.0000,0.0000,0,0,,,,,,,,0,0,0,0,0,0,0,0,0,0,0,0,0,0,0,0,0,0,0,0,0,0,0,0,0,0,0,0,0,0,0,0,0,0,0,0,0,0,0,0,0,0,0,0,0,0,0,0,0,0,0,
hello,6_30,11_17_45,12.5445,0,2,0,12.54445,0.0000,0.0000,0.0000,0.0000,0.0000,0.0000,0,0,,,,,,,,0,0,0,0,0,0,0,0,0,0,0,0,0,0,0,0,0,0,0,0,0,0,0,0,0,0,0,0,0,0,0,0,0,0,0,0,0,0,0,0,0,0,0,0,0,0,0,0,0,0,0,
hello,6_30,11_17_45,12.5479,0,2,0,12.5479,0.0000,0.0000,0.0000,0.0000,0.0000,0.0000,0,0,,,,,,,,0,0,0,0,0,0,0,0,0,0,0,0,0,0,0,0,0,0,0,0,0,0,0,0,0,0,0,0,0,0,0,0,0,0,0,0,0,0,0,0,0,0,0,0,0,0,0,0,0,0,0,
hello,6_30,11_17_45,12.5514,0,2,0,12.55138,0.0000,0.0000,0.0000,0.0000,0.0000,0.0000,0,0,,,,,,,,0,0,0,0,0,0,0,0,0,0,0,0,0,0,0,0,0,0,0,0,0,0,0,0,0,0,0,0,0,0,0,0,0,0,0,0,0,0,0,0,0,0,0,0,0,0,0,0,0,0,0,
hello,6_30,11_17_45,12.5547,0,2,0,12.55469,0.0000,0.0000,0.0000,0.0000,0.0000,0.0000,0,0,,,,,,,,0,0,0,0,0,0,0,0,0,0,0,0,0,0,0,0,0,0,0,0,0,0,0,0,0,0,0,0,0,0,0,0,0,0,0,0,0,0,0,0,0,0,0,0,0,0,0,0,0,0,0,
hello,6_30,11_17_45,12.5581,0,2,0,12.55805,0.0000,0.0000,0.0000,0.0000,0.0000,0.0000,0,0,,,,,,,,0,0,0,0,0,0,0,0,0,0,0,0,0,0,0,0,0,0,0,0,0,0,0,0,0,0,0,0,0,0,0,0,0,0,0,0,0,0,0,0,0,0,0,0,0,0,0,0,0,0,0,
hello,6_30,11_17_45,12.5613,0,2,0,12.56133,0.0000,0.0000,0.0000,0.0000,0.0000,0.0000,0,0,,,,,,,,0,0,0,0,0,0,0,0,0,0,0,0,0,0,0,0,0,0,0,0,0,0,0,0,0,0,0,0,0,0,0,0,0,0,0,0,0,0,0,0,0,0,0,0,0,0,0,0,0,0,0,
hello,6_30,11_17_45,12.5650,0,2,0,12.56496,0.0000,0.0000,0.0000,0.0000,0.0000,0.0000,0,0,,,,,,,,0,0,0,0,0,0,0,0,0,0,0,0,0,0,0,0,0,0,0,0,0,0,0,0,0,0,0,0,0,0,0,0,0,0,0,0,0,0,0,0,0,0,0,0,0,0,0,0,0,0,0,
hello,6_30,11_17_45,12.5683,0,2,0,12.56834,0.0000,0.0000,0.0000,0.0000,0.0000,0.0000,0,0,,,,,,,,0,0,0,0,0,0,0,0,0,0,0,0,0,0,0,0,0,0,0,0,0,0,0,0,0,0,0,0,0,0,0,0,0,0,0,0,0,0,0,0,0,0,0,0,0,0,0,0,0,0,0,
hello,6_30,11_17_45,12.5718,0,2,0,12.57179,0.0000,0.0000,0.0000,0.0000,0.0000,0.0000,0,0,,,,,,,,0,0,0,0,0,0,0,0,0,0,0,0,0,0,0,0,0,0,0,0,0,0,0,0,0,0,0,0,0,0,0,0,0,0,0,0,0,0,0,0,0,0,0,0,0,0,0,0,0,0,0,
hello,6_30,11_17_45,12.5752,0,2,0,12.57524,0.0000,0.0000,0.0000,0.0000,0.0000,0.0000,0,0,,,,,,,,0,0,0,0,0,0,0,0,0,0,0,0,0,0,0,0,0,0,0,0,0,0,0,0,0,0,0,0,0,0,0,0,0,0,0,0,0,0,0,0,0,0,0,0,0,0,0,0,0,0,0,
hello,6_30,11_17_45,12.5786,0,2,0,12.57858,0.0000,0.0000,0.0000,0.0000,0.0000,0.0000,0,0,,,,,,,,0,0,0,0,0,0,0,0,0,0,0,0,0,0,0,0,0,0,0,0,0,0,0,0,0,0,0,0,0,0,0,0,0,0,0,0,0,0,0,0,0,0,0,0,0,0,0,0,0,0,0,
hello,6_30,11_17_45,12.5820,0,2,0,12.58197,0.0000,0.0000,0.0000,0.0000,0.0000,0.0000,0,0,,,,,,,,0,0,0,0,0,0,0,0,0,0,0,0,0,0,0,0,0,0,0,0,0,0,0,0,0,0,0,0,0,0,0,0,0,0,0,0,0,0,0,0,0,0,0,0,0,0,0,0,0,0,0,
hello,6_30,11_17_45,12.5856,0,2,0,12.58564,0.0000,0.0000,0.0000,0.0000,0.0000,0.0000,0,0,,,,,,,,0,0,0,0,0,0,0,0,0,0,0,0,0,0,0,0,0,0,0,0,0,0,0,0,0,0,0,0,0,0,0,0,0,0,0,0,0,0,0,0,0,0,0,0,0,0,0,0,0,0,0,
hello,6_30,11_17_45,12.5891,0,2,0,12.58907,0.0000,0.0000,0.0000,0.0000,0.0000,0.0000,0,0,,,,,,,,0,0,0,0,0,0,0,0,0,0,0,0,0,0,0,0,0,0,0,0,0,0,0,0,0,0,0,0,0,0,0,0,0,0,0,0,0,0,0,0,0,0,0,0,0,0,0,0,0,0,0,
hello,6_30,11_17_45,12.5925,0,2,0,12.59249,0.0000,0.0000,0.0000,0.0000,0.0000,0.0000,0,0,,,,,,,,0,0,0,0,0,0,0,0,0,0,0,0,0,0,0,0,0,0,0,0,0,0,0,0,0,0,0,0,0,0,0,0,0,0,0,0,0,0,0,0,0,0,0,0,0,0,0,0,0,0,0,
hello,6_30,11_17_45,12.5959,0,2,0,12.59594,0.0000,0.0000,0.0000,0.0000,0.0000,0.0000,0,0,,,,,,,,0,0,0,0,0,0,0,0,0,0,0,0,0,0,0,0,0,0,0,0,0,0,0,0,0,0,0,0,0,0,0,0,0,0,0,0,0,0,0,0,0,0,0,0,0,0,0,0,0,0,0,
hello,6_30,11_17_45,12.5994,0,2,0,12.59937,0.0000,0.0000,0.0000,0.0000,0.0000,0.0000,0,0,,,,,,,,0,0,0,0,0,0,0,0,0,0,0,0,0,0,0,0,0,0,0,0,0,0,0,0,0,0,0,0,0,0,0,0,0,0,0,0,0,0,0,0,0,0,0,0,0,0,0,0,0,0,0,
hello,6_30,11_17_45,12.6028,0,2,0,12.60277,0.0000,0.0000,0.0000,0.0000,0.0000,0.0000,0,0,,,,,,,,0,0,0,0,0,0,0,0,0,0,0,0,0,0,0,0,0,0,0,0,0,0,0,0,0,0,0,0,0,0,0,0,0,0,0,0,0,0,0,0,0,0,0,0,0,0,0,0,0,0,0,
hello,6_30,11_17_45,12.6069,0,2,0,12.60686,0.0000,0.0000,0.0000,0.0000,0.0000,0.0000,0,0,,,,,,,,0,0,0,0,0,0,0,0,0,0,0,0,0,0,0,0,0,0,0,0,0,0,0,0,0,0,0,0,0,0,0,0,0,0,0,0,0,0,0,0,0,0,0,0,0,0,0,0,0,0,0,
hello,6_30,11_17_45,12.6103,0,2,0,12.61029,0.0000,0.0000,0.0000,0.0000,0.0000,0.0000,0,0,,,,,,,,0,0,0,0,0,0,0,0,0,0,0,0,0,0,0,0,0,0,0,0,0,0,0,0,0,0,0,0,0,0,0,0,0,0,0,0,0,0,0,0,0,0,0,0,0,0,0,0,0,0,0,
hello,6_30,11_17_45,12.6137,0,2,0,12.61365,0.0000,0.0000,0.0000,0.0000,0.0000,0.0000,0,0,,,,,,,,0,0,0,0,0,0,0,0,0,0,0,0,0,0,0,0,0,0,0,0,0,0,0,0,0,0,0,0,0,0,0,0,0,0,0,0,0,0,0,0,0,0,0,0,0,0,0,0,0,0,0,
hello,6_30,11_17_45,12.6170,0,2,0,12.61701,0.0000,0.0000,0.0000,0.0000,0.0000,0.0000,0,0,,,,,,,,0,0,0,0,0,0,0,0,0,0,0,0,0,0,0,0,0,0,0,0,0,0,0,0,0,0,0,0,0,0,0,0,0,0,0,0,0,0,0,0,0,0,0,0,0,0,0,0,0,0,0,
hello,6_30,11_17_45,12.6204,0,2,0,12.62042,0.0000,0.0000,0.0000,0.0000,0.0000,0.0000,0,0,,,,,,,,0,0,0,0,0,0,0,0,0,0,0,0,0,0,0,0,0,0,0,0,0,0,0,0,0,0,0,0,0,0,0,0,0,0,0,0,0,0,0,0,0,0,0,0,0,0,0,0,0,0,0,
hello,6_30,11_17_45,12.6240,0,2,0,12.62398,0.0000,0.0000,0.0000,0.0000,0.0000,0.0000,0,0,,,,,,,,0,0,0,0,0,0,0,0,0,0,0,0,0,0,0,0,0,0,0,0,0,0,0,0,0,0,0,0,0,0,0,0,0,0,0,0,0,0,0,0,0,0,0,0,0,0,0,0,0,0,0,
hello,6_30,11_17_45,12.6441,0,2,0,12.64411,0.0000,0.0000,0.0000,0.0000,0.0000,0.0000,0,0,,,,,,,,0,0,0,0,0,0,0,0,0,0,0,0,0,0,0,0,0,0,0,0,0,0,0,0,0,0,0,0,0,0,0,0,0,0,0,0,0,0,0,0,0,0,0,0,0,0,0,0,0,0,0,
hello,6_30,11_17_45,12.6480,0,2,0,12.64795,0.0000,0.0000,0.0000,0.0000,0.0000,0.0000,0,0,,,,,,,,0,0,0,0,0,0,0,0,0,0,0,0,0,0,0,0,0,0,0,0,0,0,0,0,0,0,0,0,0,0,0,0,0,0,0,0,0,0,0,0,0,0,0,0,0,0,0,0,0,0,0,
hello,6_30,11_17_45,12.6517,0,2,0,12.65166,0.0000,0.0000,0.0000,0.0000,0.0000,0.0000,0,0,,,,,,,,0,0,0,0,0,0,0,0,0,0,0,0,0,0,0,0,0,0,0,0,0,0,0,0,0,0,0,0,0,0,0,0,0,0,0,0,0,0,0,0,0,0,0,0,0,0,0,0,0,0,0,
hello,6_30,11_17_45,12.6553,0,2,0,12.65533,0.0000,0.0000,0.0000,0.0000,0.0000,0.0000,0,0,,,,,,,,0,0,0,0,0,0,0,0,0,0,0,0,0,0,0,0,0,0,0,0,0,0,0,0,0,0,0,0,0,0,0,0,0,0,0,0,0,0,0,0,0,0,0,0,0,0,0,0,0,0,0,
hello,6_30,11_17_45,12.6587,0,2,0,12.65865,0.0000,0.0000,0.0000,0.0000,0.0000,0.0000,0,0,,,,,,,,0,0,0,0,0,0,0,0,0,0,0,0,0,0,0,0,0,0,0,0,0,0,0,0,0,0,0,0,0,0,0,0,0,0,0,0,0,0,0,0,0,0,0,0,0,0,0,0,0,0,0,
hello,6_30,11_17_45,12.6620,0,2,0,12.66195,0.0000,0.0000,0.0000,0.0000,0.0000,0.0000,0,0,,,,,,,,0,0,0,0,0,0,0,0,0,0,0,0,0,0,0,0,0,0,0,0,0,0,0,0,0,0,0,0,0,0,0,0,0,0,0,0,0,0,0,0,0,0,0,0,0,0,0,0,0,0,0,
hello,6_30,11_17_45,12.6655,0,2,0,12.66553,0.0000,0.0000,0.0000,0.0000,0.0000,0.0000,0,0,,,,,,,,0,0,0,0,0,0,0,0,0,0,0,0,0,0,0,0,0,0,0,0,0,0,0,0,0,0,0,0,0,0,0,0,0,0,0,0,0,0,0,0,0,0,0,0,0,0,0,0,0,0,0,
hello,6_30,11_17_45,12.6692,0,2,0,12.66924,0.0000,0.0000,0.0000,0.0000,0.0000,0.0000,0,0,,,,,,,,0,0,0,0,0,0,0,0,0,0,0,0,0,0,0,0,0,0,0,0,0,0,0,0,0,0,0,0,0,0,0,0,0,0,0,0,0,0,0,0,0,0,0,0,0,0,0,0,0,0,0,
hello,6_30,11_17_45,12.6726,0,2,0,12.67255,0.0000,0.0000,0.0000,0.0000,0.0000,0.0000,0,0,,,,,,,,0,0,0,0,0,0,0,0,0,0,0,0,0,0,0,0,0,0,0,0,0,0,0,0,0,0,0,0,0,0,0,0,0,0,0,0,0,0,0,0,0,0,0,0,0,0,0,0,0,0,0,
hello,6_30,11_17_45,12.6758,0,2,0,12.67582,0.0000,0.0000,0.0000,0.0000,0.0000,0.0000,0,0,,,,,,,,0,0,0,0,0,0,0,0,0,0,0,0,0,0,0,0,0,0,0,0,0,0,0,0,0,0,0,0,0,0,0,0,0,0,0,0,0,0,0,0,0,0,0,0,0,0,0,0,0,0,0,
hello,6_30,11_17_45,12.6792,0,2,0,12.6792,0.0000,0.0000,0.0000,0.0000,0.0000,0.0000,0,0,,,,,,,,0,0,0,0,0,0,0,0,0,0,0,0,0,0,0,0,0,0,0,0,0,0,0,0,0,0,0,0,0,0,0,0,0,0,0,0,0,0,0,0,0,0,0,0,0,0,0,0,0,0,0,
hello,6_30,11_17_45,12.6825,0,2,0,12.68251,0.0000,0.0000,0.0000,0.0000,0.0000,0.0000,0,0,,,,,,,,0,0,0,0,0,0,0,0,0,0,0,0,0,0,0,0,0,0,0,0,0,0,0,0,0,0,0,0,0,0,0,0,0,0,0,0,0,0,0,0,0,0,0,0,0,0,0,0,0,0,0,
hello,6_30,11_17_45,12.6860,0,2,0,12.68599,0.0000,0.0000,0.0000,0.0000,0.0000,0.0000,0,0,,,,,,,,0,0,0,0,0,0,0,0,0,0,0,0,0,0,0,0,0,0,0,0,0,0,0,0,0,0,0,0,0,0,0,0,0,0,0,0,0,0,0,0,0,0,0,0,0,0,0,0,0,0,0,
hello,6_30,11_17_45,12.6892,0,2,0,12.68923,0.0000,0.0000,0.0000,0.0000,0.0000,0.0000,0,0,,,,,,,,0,0,0,0,0,0,0,0,0,0,0,0,0,0,0,0,0,0,0,0,0,0,0,0,0,0,0,0,0,0,0,0,0,0,0,0,0,0,0,0,0,0,0,0,0,0,0,0,0,0,0,
hello,6_30,11_17_45,12.6926,0,2,0,12.69257,0.0000,0.0000,0.0000,0.0000,0.0000,0.0000,0,0,,,,,,,,0,0,0,0,0,0,0,0,0,0,0,0,0,0,0,0,0,0,0,0,0,0,0,0,0,0,0,0,0,0,0,0,0,0,0,0,0,0,0,0,0,0,0,0,0,0,0,0,0,0,0,
hello,6_30,11_17_45,12.6962,0,2,0,12.69622,0.0000,0.0000,0.0000,0.0000,0.0000,0.0000,0,0,,,,,,,,0,0,0,0,0,0,0,0,0,0,0,0,0,0,0,0,0,0,0,0,0,0,0,0,0,0,0,0,0,0,0,0,0,0,0,0,0,0,0,0,0,0,0,0,0,0,0,0,0,0,0,
hello,6_30,11_17_45,12.6996,0,2,0,12.69961,0.0000,0.0000,0.0000,0.0000,0.0000,0.0000,0,0,,,,,,,,0,0,0,0,0,0,0,0,0,0,0,0,0,0,0,0,0,0,0,0,0,0,0,0,0,0,0,0,0,0,0,0,0,0,0,0,0,0,0,0,0,0,0,0,0,0,0,0,0,0,0,
hello,6_30,11_17_45,12.7031,0,2,0,12.70309,0.0000,0.0000,0.0000,0.0000,0.0000,0.0000,0,0,,,,,,,,0,0,0,0,0,0,0,0,0,0,0,0,0,0,0,0,0,0,0,0,0,0,0,0,0,0,0,0,0,0,0,0,0,0,0,0,0,0,0,0,0,0,0,0,0,0,0,0,0,0,0,
hello,6_30,11_17_45,12.7071,0,2,0,12.70707,0.0000,0.0000,0.0000,0.0000,0.0000,0.0000,0,0,,,,,,,,0,0,0,0,0,0,0,0,0,0,0,0,0,0,0,0,0,0,0,0,0,0,0,0,0,0,0,0,0,0,0,0,0,0,0,0,0,0,0,0,0,0,0,0,0,0,0,0,0,0,0,
hello,6_30,11_17_45,12.7106,0,2,0,12.71058,0.0000,0.0000,0.0000,0.0000,0.0000,0.0000,0,0,,,,,,,,0,0,0,0,0,0,0,0,0,0,0,0,0,0,0,0,0,0,0,0,0,0,0,0,0,0,0,0,0,0,0,0,0,0,0,0,0,0,0,0,0,0,0,0,0,0,0,0,0,0,0,
hello,6_30,11_17_45,12.7141,0,2,0,12.71413,0.0000,0.0000,0.0000,0.0000,0.0000,0.0000,0,0,,,,,,,,0,0,0,0,0,0,0,0,0,0,0,0,0,0,0,0,0,0,0,0,0,0,0,0,0,0,0,0,0,0,0,0,0,0,0,0,0,0,0,0,0,0,0,0,0,0,0,0,0,0,0,
hello,6_30,11_17_45,12.7180,0,2,0,12.71795,0.0000,0.0000,0.0000,0.0000,0.0000,0.0000,0,0,,,,,,,,0,0,0,0,0,0,0,0,0,0,0,0,0,0,0,0,0,0,0,0,0,0,0,0,0,0,0,0,0,0,0,0,0,0,0,0,0,0,0,0,0,0,0,0,0,0,0,0,0,0,0,
hello,6_30,11_17_45,12.7213,0,2,0,12.72132,0.0000,0.0000,0.0000,0.0000,0.0000,0.0000,0,0,,,,,,,,0,0,0,0,0,0,0,0,0,0,0,0,0,0,0,0,0,0,0,0,0,0,0,0,0,0,0,0,0,0,0,0,0,0,0,0,0,0,0,0,0,0,0,0,0,0,0,0,0,0,0,
hello,6_30,11_17_45,12.7250,0,2,0,12.72502,0.0000,0.0000,0.0000,0.0000,0.0000,0.0000,0,0,,,,,,,,0,0,0,0,0,0,0,0,0,0,0,0,0,0,0,0,0,0,0,0,0,0,0,0,0,0,0,0,0,0,0,0,0,0,0,0,0,0,0,0,0,0,0,0,0,0,0,0,0,0,0,
hello,6_30,11_17_45,12.7284,0,2,0,12.72838,0.0000,0.0000,0.0000,0.0000,0.0000,0.0000,0,0,,,,,,,,0,0,0,0,0,0,0,0,0,0,0,0,0,0,0,0,0,0,0,0,0,0,0,0,0,0,0,0,0,0,0,0,0,0,0,0,0,0,0,0,0,0,0,0,0,0,0,0,0,0,0,
hello,6_30,11_17_45,12.7318,0,2,0,12.73181,0.0000,0.0000,0.0000,0.0000,0.0000,0.0000,0,0,,,,,,,,0,0,0,0,0,0,0,0,0,0,0,0,0,0,0,0,0,0,0,0,0,0,0,0,0,0,0,0,0,0,0,0,0,0,0,0,0,0,0,0,0,0,0,0,0,0,0,0,0,0,0,
hello,6_30,11_17_45,12.7354,0,2,0,12.73541,0.0000,0.0000,0.0000,0.0000,0.0000,0.0000,0,0,,,,,,,,0,0,0,0,0,0,0,0,0,0,0,0,0,0,0,0,0,0,0,0,0,0,0,0,0,0,0,0,0,0,0,0,0,0,0,0,0,0,0,0,0,0,0,0,0,0,0,0,0,0,0,
hello,6_30,11_17_45,12.7390,0,2,0,12.73899,0.0000,0.0000,0.0000,0.0000,0.0000,0.0000,0,0,,,,,,,,0,0,0,0,0,0,0,0,0,0,0,0,0,0,0,0,0,0,0,0,0,0,0,0,0,0,0,0,0,0,0,0,0,0,0,0,0,0,0,0,0,0,0,0,0,0,0,0,0,0,0,
hello,6_30,11_17_45,12.7423,0,2,0,12.74225,0.0000,0.0000,0.0000,0.0000,0.0000,0.0000,0,0,,,,,,,,0,0,0,0,0,0,0,0,0,0,0,0,0,0,0,0,0,0,0,0,0,0,0,0,0,0,0,0,0,0,0,0,0,0,0,0,0,0,0,0,0,0,0,0,0,0,0,0,0,0,0,
hello,6_30,11_17_45,12.7457,0,2,0,12.7457,0.0000,0.0000,0.0000,0.0000,0.0000,0.0000,0,0,,,,,,,,0,0,0,0,0,0,0,0,0,0,0,0,0,0,0,0,0,0,0,0,0,0,0,0,0,0,0,0,0,0,0,0,0,0,0,0,0,0,0,0,0,0,0,0,0,0,0,0,0,0,0,
hello,6_30,11_17_45,12.7491,0,2,0,12.74905,0.0000,0.0000,0.0000,0.0000,0.0000,0.0000,0,0,,,,,,,,0,0,0,0,0,0,0,0,0,0,0,0,0,0,0,0,0,0,0,0,0,0,0,0,0,0,0,0,0,0,0,0,0,0,0,0,0,0,0,0,0,0,0,0,0,0,0,0,0,0,0,
hello,6_30,11_17_45,12.7525,0,2,0,12.7525,0.0000,0.0000,0.0000,0.0000,0.0000,0.0000,0,0,,,,,,,,0,0,0,0,0,0,0,0,0,0,0,0,0,0,0,0,0,0,0,0,0,0,0,0,0,0,0,0,0,0,0,0,0,0,0,0,0,0,0,0,0,0,0,0,0,0,0,0,0,0,0,
hello,6_30,11_17_45,12.7558,0,2,0,12.75579,0.0000,0.0000,0.0000,0.0000,0.0000,0.0000,0,0,,,,,,,,0,0,0,0,0,0,0,0,0,0,0,0,0,0,0,0,0,0,0,0,0,0,0,0,0,0,0,0,0,0,0,0,0,0,0,0,0,0,0,0,0,0,0,0,0,0,0,0,0,0,0,
hello,6_30,11_17_46,12.7593,0,2,0,12.75928,0.0000,0.0000,0.0000,0.0000,0.0000,0.0000,0,0,,,,,,,,0,0,0,0,0,0,0,0,0,0,0,0,0,0,0,0,0,0,0,0,0,0,0,0,0,0,0,0,0,0,0,0,0,0,0,0,0,0,0,0,0,0,0,0,0,0,0,0,0,0,0,
hello,6_30,11_17_46,12.7628,0,2,0,12.76276,0.0000,0.0000,0.0000,0.0000,0.0000,0.0000,0,0,,,,,,,,0,0,0,0,0,0,0,0,0,0,0,0,0,0,0,0,0,0,0,0,0,0,0,0,0,0,0,0,0,0,0,0,0,0,0,0,0,0,0,0,0,0,0,0,0,0,0,0,0,0,0,
hello,6_30,11_17_46,12.7665,0,2,0,12.76645,0.0000,0.0000,0.0000,0.0000,0.0000,0.0000,0,0,,,,,,,,0,0,0,0,0,0,0,0,0,0,0,0,0,0,0,0,0,0,0,0,0,0,0,0,0,0,0,0,0,0,0,0,0,0,0,0,0,0,0,0,0,0,0,0,0,0,0,0,0,0,0,
hello,6_30,11_17_46,12.7700,0,2,0,12.77001,0.0000,0.0000,0.0000,0.0000,0.0000,0.0000,0,0,,,,,,,,0,0,0,0,0,0,0,0,0,0,0,0,0,0,0,0,0,0,0,0,0,0,0,0,0,0,0,0,0,0,0,0,0,0,0,0,0,0,0,0,0,0,0,0,0,0,0,0,0,0,0,
hello,6_30,11_17_46,12.7738,0,2,0,12.7738,0.0000,0.0000,0.0000,0.0000,0.0000,0.0000,0,0,,,,,,,,0,0,0,0,0,0,0,0,0,0,0,0,0,0,0,0,0,0,0,0,0,0,0,0,0,0,0,0,0,0,0,0,0,0,0,0,0,0,0,0,0,0,0,0,0,0,0,0,0,0,0,
hello,6_30,11_17_46,12.7774,0,2,0,12.7774,0.0000,0.0000,0.0000,0.0000,0.0000,0.0000,0,0,,,,,,,,0,0,0,0,0,0,0,0,0,0,0,0,0,0,0,0,0,0,0,0,0,0,0,0,0,0,0,0,0,0,0,0,0,0,0,0,0,0,0,0,0,0,0,0,0,0,0,0,0,0,0,
hello,6_30,11_17_46,12.7810,0,2,0,12.78103,0.0000,0.0000,0.0000,0.0000,0.0000,0.0000,0,0,,,,,,,,0,0,0,0,0,0,0,0,0,0,0,0,0,0,0,0,0,0,0,0,0,0,0,0,0,0,0,0,0,0,0,0,0,0,0,0,0,0,0,0,0,0,0,0,0,0,0,0,0,0,0,
hello,6_30,11_17_46,12.7847,0,2,0,12.78472,0.0000,0.0000,0.0000,0.0000,0.0000,0.0000,0,0,,,,,,,,0,0,0,0,0,0,0,0,0,0,0,0,0,0,0,0,0,0,0,0,0,0,0,0,0,0,0,0,0,0,0,0,0,0,0,0,0,0,0,0,0,0,0,0,0,0,0,0,0,0,0,
hello,6_30,11_17_46,12.7881,0,2,0,12.78813,0.0000,0.0000,0.0000,0.0000,0.0000,0.0000,0,0,,,,,,,,0,0,0,0,0,0,0,0,0,0,0,0,0,0,0,0,0,0,0,0,0,0,0,0,0,0,0,0,0,0,0,0,0,0,0,0,0,0,0,0,0,0,0,0,0,0,0,0,0,0,0,
hello,6_30,11_17_46,12.7915,0,2,0,12.7915,0.0000,0.0000,0.0000,0.0000,0.0000,0.0000,0,0,,,,,,,,0,0,0,0,0,0,0,0,0,0,0,0,0,0,0,0,0,0,0,0,0,0,0,0,0,0,0,0,0,0,0,0,0,0,0,0,0,0,0,0,0,0,0,0,0,0,0,0,0,0,0,
hello,6_30,11_17_46,12.7948,0,2,0,12.7948,0.0000,0.0000,0.0000,0.0000,0.0000,0.0000,0,0,,,,,,,,0,0,0,0,0,0,0,0,0,0,0,0,0,0,0,0,0,0,0,0,0,0,0,0,0,0,0,0,0,0,0,0,0,0,0,0,0,0,0,0,0,0,0,0,0,0,0,0,0,0,0,
hello,6_30,11_17_46,12.7982,0,2,0,12.79817,0.0000,0.0000,0.0000,0.0000,0.0000,0.0000,0,0,,,,,,,,0,0,0,0,0,0,0,0,0,0,0,0,0,0,0,0,0,0,0,0,0,0,0,0,0,0,0,0,0,0,0,0,0,0,0,0,0,0,0,0,0,0,0,0,0,0,0,0,0,0,0,
hello,6_30,11_17_46,12.8018,0,2,0,12.80175,0.0000,0.0000,0.0000,0.0000,0.0000,0.0000,0,0,,,,,,,,0,0,0,0,0,0,0,0,0,0,0,0,0,0,0,0,0,0,0,0,0,0,0,0,0,0,0,0,0,0,0,0,0,0,0,0,0,0,0,0,0,0,0,0,0,0,0,0,0,0,0,
hello,6_30,11_17_46,12.8052,0,2,0,12.8052,0.0000,0.0000,0.0000,0.0000,0.0000,0.0000,0,0,,,,,,,,0,0,0,0,0,0,0,0,0,0,0,0,0,0,0,0,0,0,0,0,0,0,0,0,0,0,0,0,0,0,0,0,0,0,0,0,0,0,0,0,0,0,0,0,0,0,0,0,0,0,0,
hello,6_30,11_17_46,12.8085,0,2,0,12.80849,0.0000,0.0000,0.0000,0.0000,0.0000,0.0000,0,0,,,,,,,,0,0,0,0,0,0,0,0,0,0,0,0,0,0,0,0,0,0,0,0,0,0,0,0,0,0,0,0,0,0,0,0,0,0,0,0,0,0,0,0,0,0,0,0,0,0,0,0,0,0,0,
hello,6_30,11_17_46,12.8117,0,2,0,12.81173,0.0000,0.0000,0.0000,0.0000,0.0000,0.0000,0,0,,,,,,,,0,0,0,0,0,0,0,0,0,0,0,0,0,0,0,0,0,0,0,0,0,0,0,0,0,0,0,0,0,0,0,0,0,0,0,0,0,0,0,0,0,0,0,0,0,0,0,0,0,0,0,
hello,6_30,11_17_46,12.8150,0,2,0,12.815,0.0000,0.0000,0.0000,0.0000,0.0000,0.0000,0,0,,,,,,,,0,0,0,0,0,0,0,0,0,0,0,0,0,0,0,0,0,0,0,0,0,0,0,0,0,0,0,0,0,0,0,0,0,0,0,0,0,0,0,0,0,0,0,0,0,0,0,0,0,0,0,
hello,6_30,11_17_46,12.8186,0,2,0,12.81863,0.0000,0.0000,0.0000,0.0000,0.0000,0.0000,0,0,,,,,,,,0,0,0,0,0,0,0,0,0,0,0,0,0,0,0,0,0,0,0,0,0,0,0,0,0,0,0,0,0,0,0,0,0,0,0,0,0,0,0,0,0,0,0,0,0,0,0,0,0,0,0,
hello,6_30,11_17_46,12.8221,0,2,0,12.82207,0.0000,0.0000,0.0000,0.0000,0.0000,0.0000,0,0,,,,,,,,0,0,0,0,0,0,0,0,0,0,0,0,0,0,0,0,0,0,0,0,0,0,0,0,0,0,0,0,0,0,0,0,0,0,0,0,0,0,0,0,0,0,0,0,0,0,0,0,0,0,0,
hello,6_30,11_17_46,12.8258,0,2,0,12.82581,0.0000,0.0000,0.0000,0.0000,0.0000,0.0000,0,0,,,,,,,,0,0,0,0,0,0,0,0,0,0,0,0,0,0,0,0,0,0,0,0,0,0,0,0,0,0,0,0,0,0,0,0,0,0,0,0,0,0,0,0,0,0,0,0,0,0,0,0,0,0,0,
hello,6_30,11_17_46,12.8460,0,2,0,12.84595,0.0000,0.0000,0.0000,0.0000,0.0000,0.0000,0,0,,,,,,,,0,0,0,0,0,0,0,0,0,0,0,0,0,0,0,0,0,0,0,0,0,0,0,0,0,0,0,0,0,0,0,0,0,0,0,0,0,0,0,0,0,0,0,0,0,0,0,0,0,0,0,
hello,6_30,11_17_46,12.8499,0,2,0,12.84987,0.0000,0.0000,0.0000,0.0000,0.0000,0.0000,0,0,,,,,,,,0,0,0,0,0,0,0,0,0,0,0,0,0,0,0,0,0,0,0,0,0,0,0,0,0,0,0,0,0,0,0,0,0,0,0,0,0,0,0,0,0,0,0,0,0,0,0,0,0,0,0,
hello,6_30,11_17_46,12.8533,0,2,0,12.85329,0.0000,0.0000,0.0000,0.0000,0.0000,0.0000,0,0,,,,,,,,0,0,0,0,0,0,0,0,0,0,0,0,0,0,0,0,0,0,0,0,0,0,0,0,0,0,0,0,0,0,0,0,0,0,0,0,0,0,0,0,0,0,0,0,0,0,0,0,0,0,0,
hello,6_30,11_17_46,12.8573,0,2,0,12.85728,0.0000,0.0000,0.0000,0.0000,0.0000,0.0000,0,0,,,,,,,,0,0,0,0,0,0,0,0,0,0,0,0,0,0,0,0,0,0,0,0,0,0,0,0,0,0,0,0,0,0,0,0,0,0,0,0,0,0,0,0,0,0,0,0,0,0,0,0,0,0,0,
hello,6_30,11_17_46,12.8615,0,2,0,12.86151,0.0000,0.0000,0.0000,0.0000,0.0000,0.0000,0,0,,,,,,,,0,0,0,0,0,0,0,0,0,0,0,0,0,0,0,0,0,0,0,0,0,0,0,0,0,0,0,0,0,0,0,0,0,0,0,0,0,0,0,0,0,0,0,0,0,0,0,0,0,0,0,
hello,6_30,11_17_46,12.8651,0,2,0,12.86512,0.0000,0.0000,0.0000,0.0000,0.0000,0.0000,0,0,,,,,,,,0,0,0,0,0,0,0,0,0,0,0,0,0,0,0,0,0,0,0,0,0,0,0,0,0,0,0,0,0,0,0,0,0,0,0,0,0,0,0,0,0,0,0,0,0,0,0,0,0,0,0,
hello,6_30,11_17_46,12.8684,0,2,0,12.86838,0.0000,0.0000,0.0000,0.0000,0.0000,0.0000,0,0,,,,,,,,0,0,0,0,0,0,0,0,0,0,0,0,0,0,0,0,0,0,0,0,0,0,0,0,0,0,0,0,0,0,0,0,0,0,0,0,0,0,0,0,0,0,0,0,0,0,0,0,0,0,0,
hello,6_30,11_17_46,12.8767,0,2,0,12.87665,0.0000,0.0000,0.0000,0.0000,0.0000,0.0000,0,0,,,,,,,,0,0,0,0,0,0,0,0,0,0,0,0,0,0,0,0,0,0,0,0,0,0,0,0,0,0,0,0,0,0,0,0,0,0,0,0,0,0,0,0,0,0,0,0,0,0,0,0,0,0,0,
hello,6_30,11_17_46,12.8800,0,2,0,12.88004,0.0000,0.0000,0.0000,0.0000,0.0000,0.0000,0,0,,,,,,,,0,0,0,0,0,0,0,0,0,0,0,0,0,0,0,0,0,0,0,0,0,0,0,0,0,0,0,0,0,0,0,0,0,0,0,0,0,0,0,0,0,0,0,0,0,0,0,0,0,0,0,
hello,6_30,11_17_46,12.8836,0,2,0,12.88363,0.0000,0.0000,0.0000,0.0000,0.0000,0.0000,0,0,,,,,,,,0,0,0,0,0,0,0,0,0,0,0,0,0,0,0,0,0,0,0,0,0,0,0,0,0,0,0,0,0,0,0,0,0,0,0,0,0,0,0,0,0,0,0,0,0,0,0,0,0,0,0,
hello,6_30,11_17_46,12.8872,0,2,0,12.88715,0.0000,0.0000,0.0000,0.0000,0.0000,0.0000,0,0,,,,,,,,0,0,0,0,0,0,0,0,0,0,0,0,0,0,0,0,0,0,0,0,0,0,0,0,0,0,0,0,0,0,0,0,0,0,0,0,0,0,0,0,0,0,0,0,0,0,0,0,0,0,0,
hello,6_30,11_17_46,12.8905,0,2,0,12.89048,0.0000,0.0000,0.0000,0.0000,0.0000,0.0000,0,0,,,,,,,,0,0,0,0,0,0,0,0,0,0,0,0,0,0,0,0,0,0,0,0,0,0,0,0,0,0,0,0,0,0,0,0,0,0,0,0,0,0,0,0,0,0,0,0,0,0,0,0,0,0,0,
hello,6_30,11_17_46,12.8939,0,2,0,12.89388,0.0000,0.0000,0.0000,0.0000,0.0000,0.0000,0,0,,,,,,,,0,0,0,0,0,0,0,0,0,0,0,0,0,0,0,0,0,0,0,0,0,0,0,0,0,0,0,0,0,0,0,0,0,0,0,0,0,0,0,0,0,0,0,0,0,0,0,0,0,0,0,
hello,6_30,11_17_46,12.8974,0,2,0,12.89736,0.0000,0.0000,0.0000,0.0000,0.0000,0.0000,0,0,,,,,,,,0,0,0,0,0,0,0,0,0,0,0,0,0,0,0,0,0,0,0,0,0,0,0,0,0,0,0,0,0,0,0,0,0,0,0,0,0,0,0,0,0,0,0,0,0,0,0,0,0,0,0,
hello,6_30,11_17_46,12.9012,0,2,0,12.90117,0.0000,0.0000,0.0000,0.0000,0.0000,0.0000,0,0,,,,,,,,0,0,0,0,0,0,0,0,0,0,0,0,0,0,0,0,0,0,0,0,0,0,0,0,0,0,0,0,0,0,0,0,0,0,0,0,0,0,0,0,0,0,0,0,0,0,0,0,0,0,0,
hello,6_30,11_17_46,12.9050,0,2,0,12.90504,0.0000,0.0000,0.0000,0.0000,0.0000,0.0000,0,0,,,,,,,,0,0,0,0,0,0,0,0,0,0,0,0,0,0,0,0,0,0,0,0,0,0,0,0,0,0,0,0,0,0,0,0,0,0,0,0,0,0,0,0,0,0,0,0,0,0,0,0,0,0,0,
hello,6_30,11_17_46,12.9084,0,2,0,12.90841,0.0000,0.0000,0.0000,0.0000,0.0000,0.0000,0,0,,,,,,,,0,0,0,0,0,0,0,0,0,0,0,0,0,0,0,0,0,0,0,0,0,0,0,0,0,0,0,0,0,0,0,0,0,0,0,0,0,0,0,0,0,0,0,0,0,0,0,0,0,0,0,
hello,6_30,11_17_46,12.9119,0,2,0,12.91191,0.0000,0.0000,0.0000,0.0000,0.0000,0.0000,0,0,,,,,,,,0,0,0,0,0,0,0,0,0,0,0,0,0,0,0,0,0,0,0,0,0,0,0,0,0,0,0,0,0,0,0,0,0,0,0,0,0,0,0,0,0,0,0,0,0,0,0,0,0,0,0,
hello,6_30,11_17_46,12.9153,0,2,0,12.91533,0.0000,0.0000,0.0000,0.0000,0.0000,0.0000,0,0,,,,,,,,0,0,0,0,0,0,0,0,0,0,0,0,0,0,0,0,0,0,0,0,0,0,0,0,0,0,0,0,0,0,0,0,0,0,0,0,0,0,0,0,0,0,0,0,0,0,0,0,0,0,0,
hello,6_30,11_17_46,12.9188,0,2,0,12.91884,0.0000,0.0000,0.0000,0.0000,0.0000,0.0000,0,0,,,,,,,,0,0,0,0,0,0,0,0,0,0,0,0,0,0,0,0,0,0,0,0,0,0,0,0,0,0,0,0,0,0,0,0,0,0,0,0,0,0,0,0,0,0,0,0,0,0,0,0,0,0,0,
hello,6_30,11_17_46,12.9223,0,2,0,12.92227,0.0000,0.0000,0.0000,0.0000,0.0000,0.0000,0,0,,,,,,,,0,0,0,0,0,0,0,0,0,0,0,0,0,0,0,0,0,0,0,0,0,0,0,0,0,0,0,0,0,0,0,0,0,0,0,0,0,0,0,0,0,0,0,0,0,0,0,0,0,0,0,
hello,6_30,11_17_46,12.9258,0,2,0,12.92581,0.0000,0.0000,0.0000,0.0000,0.0000,0.0000,0,0,,,,,,,,0,0,0,0,0,0,0,0,0,0,0,0,0,0,0,0,0,0,0,0,0,0,0,0,0,0,0,0,0,0,0,0,0,0,0,0,0,0,0,0,0,0,0,0,0,0,0,0,0,0,0,
hello,6_30,11_17_46,12.9292,0,2,0,12.92921,0.0000,0.0000,0.0000,0.0000,0.0000,0.0000,0,0,,,,,,,,0,0,0,0,0,0,0,0,0,0,0,0,0,0,0,0,0,0,0,0,0,0,0,0,0,0,0,0,0,0,0,0,0,0,0,0,0,0,0,0,0,0,0,0,0,0,0,0,0,0,0,
hello,6_30,11_17_46,12.9328,0,2,0,12.93277,0.0000,0.0000,0.0000,0.0000,0.0000,0.0000,0,0,,,,,,,,0,0,0,0,0,0,0,0,0,0,0,0,0,0,0,0,0,0,0,0,0,0,0,0,0,0,0,0,0,0,0,0,0,0,0,0,0,0,0,0,0,0,0,0,0,0,0,0,0,0,0,
hello,6_30,11_17_46,12.9364,0,2,0,12.93635,0.0000,0.0000,0.0000,0.0000,0.0000,0.0000,0,0,,,,,,,,0,0,0,0,0,0,0,0,0,0,0,0,0,0,0,0,0,0,0,0,0,0,0,0,0,0,0,0,0,0,0,0,0,0,0,0,0,0,0,0,0,0,0,0,0,0,0,0,0,0,0,
hello,6_30,11_17_46,12.9401,0,2,0,12.94012,0.0000,0.0000,0.0000,0.0000,0.0000,0.0000,0,0,,,,,,,,0,0,0,0,0,0,0,0,0,0,0,0,0,0,0,0,0,0,0,0,0,0,0,0,0,0,0,0,0,0,0,0,0,0,0,0,0,0,0,0,0,0,0,0,0,0,0,0,0,0,0,
hello,6_30,11_17_46,12.9439,0,2,0,12.94392,0.0000,0.0000,0.0000,0.0000,0.0000,0.0000,0,0,,,,,,,,0,0,0,0,0,0,0,0,0,0,0,0,0,0,0,0,0,0,0,0,0,0,0,0,0,0,0,0,0,0,0,0,0,0,0,0,0,0,0,0,0,0,0,0,0,0,0,0,0,0,0,
hello,6_30,11_17_46,12.9474,0,2,0,12.9474,0.0000,0.0000,0.0000,0.0000,0.0000,0.0000,0,0,,,,,,,,0,0,0,0,0,0,0,0,0,0,0,0,0,0,0,0,0,0,0,0,0,0,0,0,0,0,0,0,0,0,0,0,0,0,0,0,0,0,0,0,0,0,0,0,0,0,0,0,0,0,0,
hello,6_30,11_17_46,12.9507,0,2,0,12.95069,0.0000,0.0000,0.0000,0.0000,0.0000,0.0000,0,0,,,,,,,,0,0,0,0,0,0,0,0,0,0,0,0,0,0,0,0,0,0,0,0,0,0,0,0,0,0,0,0,0,0,0,0,0,0,0,0,0,0,0,0,0,0,0,0,0,0,0,0,0,0,0,
hello,6_30,11_17_46,12.9540,0,2,0,12.95401,0.0000,0.0000,0.0000,0.0000,0.0000,0.0000,0,0,,,,,,,,0,0,0,0,0,0,0,0,0,0,0,0,0,0,0,0,0,0,0,0,0,0,0,0,0,0,0,0,0,0,0,0,0,0,0,0,0,0,0,0,0,0,0,0,0,0,0,0,0,0,0,
hello,6_30,11_17_46,12.9574,0,2,0,12.95736,0.0000,0.0000,0.0000,0.0000,0.0000,0.0000,0,0,,,,,,,,0,0,0,0,0,0,0,0,0,0,0,0,0,0,0,0,0,0,0,0,0,0,0,0,0,0,0,0,0,0,0,0,0,0,0,0,0,0,0,0,0,0,0,0,0,0,0,0,0,0,0,
hello,6_30,11_17_46,12.9606,0,2,0,12.9606,0.0000,0.0000,0.0000,0.0000,0.0000,0.0000,0,0,,,,,,,,0,0,0,0,0,0,0,0,0,0,0,0,0,0,0,0,0,0,0,0,0,0,0,0,0,0,0,0,0,0,0,0,0,0,0,0,0,0,0,0,0,0,0,0,0,0,0,0,0,0,0,
hello,6_30,11_17_46,12.9641,0,2,0,12.96405,0.0000,0.0000,0.0000,0.0000,0.0000,0.0000,0,0,,,,,,,,0,0,0,0,0,0,0,0,0,0,0,0,0,0,0,0,0,0,0,0,0,0,0,0,0,0,0,0,0,0,0,0,0,0,0,0,0,0,0,0,0,0,0,0,0,0,0,0,0,0,0,
hello,6_30,11_17_46,12.9677,0,2,0,12.96773,0.0000,0.0000,0.0000,0.0000,0.0000,0.0000,0,0,,,,,,,,0,0,0,0,0,0,0,0,0,0,0,0,0,0,0,0,0,0,0,0,0,0,0,0,0,0,0,0,0,0,0,0,0,0,0,0,0,0,0,0,0,0,0,0,0,0,0,0,0,0,0,
hello,6_30,11_17_46,12.9715,0,2,0,12.97149,0.0000,0.0000,0.0000,0.0000,0.0000,0.0000,0,0,,,,,,,,0,0,0,0,0,0,0,0,0,0,0,0,0,0,0,0,0,0,0,0,0,0,0,0,0,0,0,0,0,0,0,0,0,0,0,0,0,0,0,0,0,0,0,0,0,0,0,0,0,0,0,
hello,6_30,11_17_46,12.9749,0,2,0,12.97493,0.0000,0.0000,0.0000,0.0000,0.0000,0.0000,0,0,,,,,,,,0,0,0,0,0,0,0,0,0,0,0,0,0,0,0,0,0,0,0,0,0,0,0,0,0,0,0,0,0,0,0,0,0,0,0,0,0,0,0,0,0,0,0,0,0,0,0,0,0,0,0,
hello,6_30,11_17_46,12.9783,0,2,0,12.97833,0.0000,0.0000,0.0000,0.0000,0.0000,0.0000,0,0,,,,,,,,0,0,0,0,0,0,0,0,0,0,0,0,0,0,0,0,0,0,0,0,0,0,0,0,0,0,0,0,0,0,0,0,0,0,0,0,0,0,0,0,0,0,0,0,0,0,0,0,0,0,0,
hello,6_30,11_17_46,12.9816,0,2,0,12.98162,0.0000,0.0000,0.0000,0.0000,0.0000,0.0000,0,0,,,,,,,,0,0,0,0,0,0,0,0,0,0,0,0,0,0,0,0,0,0,0,0,0,0,0,0,0,0,0,0,0,0,0,0,0,0,0,0,0,0,0,0,0,0,0,0,0,0,0,0,0,0,0,
hello,6_30,11_17_46,12.9851,0,2,0,12.98514,0.0000,0.0000,0.0000,0.0000,0.0000,0.0000,0,0,,,,,,,,0,0,0,0,0,0,0,0,0,0,0,0,0,0,0,0,0,0,0,0,0,0,0,0,0,0,0,0,0,0,0,0,0,0,0,0,0,0,0,0,0,0,0,0,0,0,0,0,0,0,0,
hello,6_30,11_17_46,12.9885,0,2,0,12.98845,0.0000,0.0000,0.0000,0.0000,0.0000,0.0000,0,0,,,,,,,,0,0,0,0,0,0,0,0,0,0,0,0,0,0,0,0,0,0,0,0,0,0,0,0,0,0,0,0,0,0,0,0,0,0,0,0,0,0,0,0,0,0,0,0,0,0,0,0,0,0,0,
hello,6_30,11_17_46,12.9917,0,2,0,12.9917,0.0000,0.0000,0.0000,0.0000,0.0000,0.0000,0,0,,,,,,,,0,0,0,0,0,0,0,0,0,0,0,0,0,0,0,0,0,0,0,0,0,0,0,0,0,0,0,0,0,0,0,0,0,0,0,0,0,0,0,0,0,0,0,0,0,0,0,0,0,0,0,
hello,6_30,11_17_46,12.9950,0,2,0,12.99503,0.0000,0.0000,0.0000,0.0000,0.0000,0.0000,0,0,,,,,,,,0,0,0,0,0,0,0,0,0,0,0,0,0,0,0,0,0,0,0,0,0,0,0,0,0,0,0,0,0,0,0,0,0,0,0,0,0,0,0,0,0,0,0,0,0,0,0,0,0,0,0,
hello,6_30,11_17_46,12.9984,0,2,0,12.99844,0.0000,0.0000,0.0000,0.0000,0.0000,0.0000,0,0,,,,,,,,0,0,0,0,0,0,0,0,0,0,0,0,0,0,0,0,0,0,0,0,0,0,0,0,0,0,0,0,0,0,0,0,0,0,0,0,0,0,0,0,0,0,0,0,0,0,0,0,0,0,0,
hello,6_30,11_17_46,13.0023,0,2,0,13.00233,0.0000,0.0000,0.0000,0.0000,0.0000,0.0000,0,0,,,,,,,,0,0,0,0,0,0,0,0,0,0,0,0,0,0,0,0,0,0,0,0,0,0,0,0,0,0,0,0,0,0,0,0,0,0,0,0,0,0,0,0,0,0,0,0,0,0,0,0,0,0,0,
hello,6_30,11_17_46,13.0060,0,2,0,13.00601,0.0000,0.0000,0.0000,0.0000,0.0000,0.0000,0,0,,,,,,,,0,0,0,0,0,0,0,0,0,0,0,0,0,0,0,0,0,0,0,0,0,0,0,0,0,0,0,0,0,0,0,0,0,0,0,0,0,0,0,0,0,0,0,0,0,0,0,0,0,0,0,
hello,6_30,11_17_46,13.0094,0,2,0,13.00939,0.0000,0.0000,0.0000,0.0000,0.0000,0.0000,0,0,,,,,,,,0,0,0,0,0,0,0,0,0,0,0,0,0,0,0,0,0,0,0,0,0,0,0,0,0,0,0,0,0,0,0,0,0,0,0,0,0,0,0,0,0,0,0,0,0,0,0,0,0,0,0,
hello,6_30,11_17_46,13.0128,0,2,0,13.01275,0.0000,0.0000,0.0000,0.0000,0.0000,0.0000,0,0,,,,,,,,0,0,0,0,0,0,0,0,0,0,0,0,0,0,0,0,0,0,0,0,0,0,0,0,0,0,0,0,0,0,0,0,0,0,0,0,0,0,0,0,0,0,0,0,0,0,0,0,0,0,0,
hello,6_30,11_17_46,13.0161,0,2,0,13.01608,0.0000,0.0000,0.0000,0.0000,0.0000,0.0000,0,0,,,,,,,,0,0,0,0,0,0,0,0,0,0,0,0,0,0,0,0,0,0,0,0,0,0,0,0,0,0,0,0,0,0,0,0,0,0,0,0,0,0,0,0,0,0,0,0,0,0,0,0,0,0,0,
hello,6_30,11_17_46,13.0193,0,2,0,13.01932,0.0000,0.0000,0.0000,0.0000,0.0000,0.0000,0,0,,,,,,,,0,0,0,0,0,0,0,0,0,0,0,0,0,0,0,0,0,0,0,0,0,0,0,0,0,0,0,0,0,0,0,0,0,0,0,0,0,0,0,0,0,0,0,0,0,0,0,0,0,0,0,
hello,6_30,11_17_46,13.0229,0,2,0,13.02286,0.0000,0.0000,0.0000,0.0000,0.0000,0.0000,0,0,,,,,,,,0,0,0,0,0,0,0,0,0,0,0,0,0,0,0,0,0,0,0,0,0,0,0,0,0,0,0,0,0,0,0,0,0,0,0,0,0,0,0,0,0,0,0,0,0,0,0,0,0,0,0,
hello,6_30,11_17_46,13.0265,0,2,0,13.02647,0.0000,0.0000,0.0000,0.0000,0.0000,0.0000,0,0,,,,,,,,0,0,0,0,0,0,0,0,0,0,0,0,0,0,0,0,0,0,0,0,0,0,0,0,0,0,0,0,0,0,0,0,0,0,0,0,0,0,0,0,0,0,0,0,0,0,0,0,0,0,0,
hello,6_30,11_17_46,13.0468,0,2,0,13.04675,0.0000,0.0000,0.0000,0.0000,0.0000,0.0000,0,0,,,,,,,,0,0,0,0,0,0,0,0,0,0,0,0,0,0,0,0,0,0,0,0,0,0,0,0,0,0,0,0,0,0,0,0,0,0,0,0,0,0,0,0,0,0,0,0,0,0,0,0,0,0,0,
hello,6_30,11_17_46,13.0505,0,2,0,13.05046,0.0000,0.0000,0.0000,0.0000,0.0000,0.0000,0,0,,,,,,,,0,0,0,0,0,0,0,0,0,0,0,0,0,0,0,0,0,0,0,0,0,0,0,0,0,0,0,0,0,0,0,0,0,0,0,0,0,0,0,0,0,0,0,0,0,0,0,0,0,0,0,
hello,6_30,11_17_46,13.0540,0,2,0,13.05396,0.0000,0.0000,0.0000,0.0000,0.0000,0.0000,0,0,,,,,,,,0,0,0,0,0,0,0,0,0,0,0,0,0,0,0,0,0,0,0,0,0,0,0,0,0,0,0,0,0,0,0,0,0,0,0,0,0,0,0,0,0,0,0,0,0,0,0,0,0,0,0,
hello,6_30,11_17_46,13.0573,0,2,0,13.05733,0.0000,0.0000,0.0000,0.0000,0.0000,0.0000,0,0,,,,,,,,0,0,0,0,0,0,0,0,0,0,0,0,0,0,0,0,0,0,0,0,0,0,0,0,0,0,0,0,0,0,0,0,0,0,0,0,0,0,0,0,0,0,0,0,0,0,0,0,0,0,0,
hello,6_30,11_17_46,13.0606,0,2,0,13.0606,0.0000,0.0000,0.0000,0.0000,0.0000,0.0000,0,0,,,,,,,,0,0,0,0,0,0,0,0,0,0,0,0,0,0,0,0,0,0,0,0,0,0,0,0,0,0,0,0,0,0,0,0,0,0,0,0,0,0,0,0,0,0,0,0,0,0,0,0,0,0,0,
hello,6_30,11_17_46,13.0642,0,2,0,13.06417,0.0000,0.0000,0.0000,0.0000,0.0000,0.0000,0,0,,,,,,,,0,0,0,0,0,0,0,0,0,0,0,0,0,0,0,0,0,0,0,0,0,0,0,0,0,0,0,0,0,0,0,0,0,0,0,0,0,0,0,0,0,0,0,0,0,0,0,0,0,0,0,
hello,6_30,11_17_46,13.0676,0,2,0,13.06763,0.0000,0.0000,0.0000,0.0000,0.0000,0.0000,0,0,,,,,,,,0,0,0,0,0,0,0,0,0,0,0,0,0,0,0,0,0,0,0,0,0,0,0,0,0,0,0,0,0,0,0,0,0,0,0,0,0,0,0,0,0,0,0,0,0,0,0,0,0,0,0,
hello,6_30,11_17_46,13.0711,0,2,0,13.07113,0.0000,0.0000,0.0000,0.0000,0.0000,0.0000,0,0,,,,,,,,0,0,0,0,0,0,0,0,0,0,0,0,0,0,0,0,0,0,0,0,0,0,0,0,0,0,0,0,0,0,0,0,0,0,0,0,0,0,0,0,0,0,0,0,0,0,0,0,0,0,0,
hello,6_30,11_17_46,13.0746,0,2,0,13.07461,0.0000,0.0000,0.0000,0.0000,0.0000,0.0000,0,0,,,,,,,,0,0,0,0,0,0,0,0,0,0,0,0,0,0,0,0,0,0,0,0,0,0,0,0,0,0,0,0,0,0,0,0,0,0,0,0,0,0,0,0,0,0,0,0,0,0,0,0,0,0,0,
hello,6_30,11_17_46,13.0781,0,2,0,13.07813,0.0000,0.0000,0.0000,0.0000,0.0000,0.0000,0,0,,,,,,,,0,0,0,0,0,0,0,0,0,0,0,0,0,0,0,0,0,0,0,0,0,0,0,0,0,0,0,0,0,0,0,0,0,0,0,0,0,0,0,0,0,0,0,0,0,0,0,0,0,0,0,
hello,6_30,11_17_46,13.0815,0,2,0,13.08152,0.0000,0.0000,0.0000,0.0000,0.0000,0.0000,0,0,,,,,,,,0,0,0,0,0,0,0,0,0,0,0,0,0,0,0,0,0,0,0,0,0,0,0,0,0,0,0,0,0,0,0,0,0,0,0,0,0,0,0,0,0,0,0,0,0,0,0,0,0,0,0,
hello,6_30,11_17_46,13.0857,0,2,0,13.08568,0.0000,0.0000,0.0000,0.0000,0.0000,0.0000,0,0,,,,,,,,0,0,0,0,0,0,0,0,0,0,0,0,0,0,0,0,0,0,0,0,0,0,0,0,0,0,0,0,0,0,0,0,0,0,0,0,0,0,0,0,0,0,0,0,0,0,0,0,0,0,0,
hello,6_30,11_17_46,13.0893,0,2,0,13.08929,0.0000,0.0000,0.0000,0.0000,0.0000,0.0000,0,0,,,,,,,,0,0,0,0,0,0,0,0,0,0,0,0,0,0,0,0,0,0,0,0,0,0,0,0,0,0,0,0,0,0,0,0,0,0,0,0,0,0,0,0,0,0,0,0,0,0,0,0,0,0,0,
hello,6_30,11_17_46,13.0931,0,2,0,13.09308,0.0000,0.0000,0.0000,0.0000,0.0000,0.0000,0,0,,,,,,,,0,0,0,0,0,0,0,0,0,0,0,0,0,0,0,0,0,0,0,0,0,0,0,0,0,0,0,0,0,0,0,0,0,0,0,0,0,0,0,0,0,0,0,0,0,0,0,0,0,0,0,
hello,6_30,11_17_46,13.0970,0,2,0,13.09698,0.0000,0.0000,0.0000,0.0000,0.0000,0.0000,0,0,,,,,,,,0,0,0,0,0,0,0,0,0,0,0,0,0,0,0,0,0,0,0,0,0,0,0,0,0,0,0,0,0,0,0,0,0,0,0,0,0,0,0,0,0,0,0,0,0,0,0,0,0,0,0,
hello,6_30,11_17_46,13.1012,0,2,0,13.10118,0.0000,0.0000,0.0000,0.0000,0.0000,0.0000,0,0,,,,,,,,0,0,0,0,0,0,0,0,0,0,0,0,0,0,0,0,0,0,0,0,0,0,0,0,0,0,0,0,0,0,0,0,0,0,0,0,0,0,0,0,0,0,0,0,0,0,0,0,0,0,0,
hello,6_30,11_17_46,13.1053,0,2,0,13.10525,0.0000,0.0000,0.0000,0.0000,0.0000,0.0000,0,0,,,,,,,,0,0,0,0,0,0,0,0,0,0,0,0,0,0,0,0,0,0,0,0,0,0,0,0,0,0,0,0,0,0,0,0,0,0,0,0,0,0,0,0,0,0,0,0,0,0,0,0,0,0,0,
hello,6_30,11_17_46,13.1088,0,2,0,13.10884,0.0000,0.0000,0.0000,0.0000,0.0000,0.0000,0,0,,,,,,,,0,0,0,0,0,0,0,0,0,0,0,0,0,0,0,0,0,0,0,0,0,0,0,0,0,0,0,0,0,0,0,0,0,0,0,0,0,0,0,0,0,0,0,0,0,0,0,0,0,0,0,
hello,6_30,11_17_46,13.1130,0,2,0,13.11299,0.0000,0.0000,0.0000,0.0000,0.0000,0.0000,0,0,,,,,,,,0,0,0,0,0,0,0,0,0,0,0,0,0,0,0,0,0,0,0,0,0,0,0,0,0,0,0,0,0,0,0,0,0,0,0,0,0,0,0,0,0,0,0,0,0,0,0,0,0,0,0,
hello,6_30,11_17_46,13.1182,0,2,0,13.11821,0.0000,0.0000,0.0000,0.0000,0.0000,0.0000,0,0,,,,,,,,0,0,0,0,0,0,0,0,0,0,0,0,0,0,0,0,0,0,0,0,0,0,0,0,0,0,0,0,0,0,0,0,0,0,0,0,0,0,0,0,0,0,0,0,0,0,0,0,0,0,0,
hello,6_30,11_17_46,13.1218,0,2,0,13.12183,0.0000,0.0000,0.0000,0.0000,0.0000,0.0000,0,0,,,,,,,,0,0,0,0,0,0,0,0,0,0,0,0,0,0,0,0,0,0,0,0,0,0,0,0,0,0,0,0,0,0,0,0,0,0,0,0,0,0,0,0,0,0,0,0,0,0,0,0,0,0,0,
hello,6_30,11_17_46,13.1264,0,2,0,13.12644,0.0000,0.0000,0.0000,0.0000,0.0000,0.0000,0,0,,,,,,,,0,0,0,0,0,0,0,0,0,0,0,0,0,0,0,0,0,0,0,0,0,0,0,0,0,0,0,0,0,0,0,0,0,0,0,0,0,0,0,0,0,0,0,0,0,0,0,0,0,0,0,
hello,6_30,11_17_46,13.1302,0,2,0,13.13015,0.0000,0.0000,0.0000,0.0000,0.0000,0.0000,0,0,,,,,,,,0,0,0,0,0,0,0,0,0,0,0,0,0,0,0,0,0,0,0,0,0,0,0,0,0,0,0,0,0,0,0,0,0,0,0,0,0,0,0,0,0,0,0,0,0,0,0,0,0,0,0,
hello,6_30,11_17_46,13.1349,0,2,0,13.13488,0.0000,0.0000,0.0000,0.0000,0.0000,0.0000,0,0,,,,,,,,0,0,0,0,0,0,0,0,0,0,0,0,0,0,0,0,0,0,0,0,0,0,0,0,0,0,0,0,0,0,0,0,0,0,0,0,0,0,0,0,0,0,0,0,0,0,0,0,0,0,0,
hello,6_30,11_17_46,13.1392,0,2,0,13.13916,0.0000,0.0000,0.0000,0.0000,0.0000,0.0000,0,0,,,,,,,,0,0,0,0,0,0,0,0,0,0,0,0,0,0,0,0,0,0,0,0,0,0,0,0,0,0,0,0,0,0,0,0,0,0,0,0,0,0,0,0,0,0,0,0,0,0,0,0,0,0,0,
hello,6_30,11_17_46,13.1432,0,2,0,13.1432,0.0000,0.0000,0.0000,0.0000,0.0000,0.0000,0,0,,,,,,,,0,0,0,0,0,0,0,0,0,0,0,0,0,0,0,0,0,0,0,0,0,0,0,0,0,0,0,0,0,0,0,0,0,0,0,0,0,0,0,0,0,0,0,0,0,0,0,0,0,0,0,
hello,6_30,11_17_46,13.1471,0,2,0,13.14712,0.0000,0.0000,0.0000,0.0000,0.0000,0.0000,0,0,,,,,,,,0,0,0,0,0,0,0,0,0,0,0,0,0,0,0,0,0,0,0,0,0,0,0,0,0,0,0,0,0,0,0,0,0,0,0,0,0,0,0,0,0,0,0,0,0,0,0,0,0,0,0,
hello,6_30,11_17_46,13.1512,0,2,0,13.15124,0.0000,0.0000,0.0000,0.0000,0.0000,0.0000,0,0,,,,,,,,0,0,0,0,0,0,0,0,0,0,0,0,0,0,0,0,0,0,0,0,0,0,0,0,0,0,0,0,0,0,0,0,0,0,0,0,0,0,0,0,0,0,0,0,0,0,0,0,0,0,0,
hello,6_30,11_17_46,13.1549,0,2,0,13.15487,0.0000,0.0000,0.0000,0.0000,0.0000,0.0000,0,0,,,,,,,,0,0,0,0,0,0,0,0,0,0,0,0,0,0,0,0,0,0,0,0,0,0,0,0,0,0,0,0,0,0,0,0,0,0,0,0,0,0,0,0,0,0,0,0,0,0,0,0,0,0,0,
hello,6_30,11_17_46,13.1592,0,2,0,13.15916,0.0000,0.0000,0.0000,0.0000,0.0000,0.0000,0,0,,,,,,,,0,0,0,0,0,0,0,0,0,0,0,0,0,0,0,0,0,0,0,0,0,0,0,0,0,0,0,0,0,0,0,0,0,0,0,0,0,0,0,0,0,0,0,0,0,0,0,0,0,0,0,
hello,6_30,11_17_46,13.1632,0,2,0,13.16322,0.0000,0.0000,0.0000,0.0000,0.0000,0.0000,0,0,,,,,,,,0,0,0,0,0,0,0,0,0,0,0,0,0,0,0,0,0,0,0,0,0,0,0,0,0,0,0,0,0,0,0,0,0,0,0,0,0,0,0,0,0,0,0,0,0,0,0,0,0,0,0,
hello,6_30,11_17_46,13.1672,0,2,0,13.16718,0.0000,0.0000,0.0000,0.0000,0.0000,0.0000,0,0,,,,,,,,0,0,0,0,0,0,0,0,0,0,0,0,0,0,0,0,0,0,0,0,0,0,0,0,0,0,0,0,0,0,0,0,0,0,0,0,0,0,0,0,0,0,0,0,0,0,0,0,0,0,0,
hello,6_30,11_17_46,13.1709,0,2,0,13.17088,0.0000,0.0000,0.0000,0.0000,0.0000,0.0000,0,0,,,,,,,,0,0,0,0,0,0,0,0,0,0,0,0,0,0,0,0,0,0,0,0,0,0,0,0,0,0,0,0,0,0,0,0,0,0,0,0,0,0,0,0,0,0,0,0,0,0,0,0,0,0,0,
hello,6_30,11_17_46,13.1749,0,2,0,13.17491,0.0000,0.0000,0.0000,0.0000,0.0000,0.0000,0,0,,,,,,,,0,0,0,0,0,0,0,0,0,0,0,0,0,0,0,0,0,0,0,0,0,0,0,0,0,0,0,0,0,0,0,0,0,0,0,0,0,0,0,0,0,0,0,0,0,0,0,0,0,0,0,
hello,6_30,11_17_46,13.1791,0,2,0,13.17909,0.0000,0.0000,0.0000,0.0000,0.0000,0.0000,0,0,,,,,,,,0,0,0,0,0,0,0,0,0,0,0,0,0,0,0,0,0,0,0,0,0,0,0,0,0,0,0,0,0,0,0,0,0,0,0,0,0,0,0,0,0,0,0,0,0,0,0,0,0,0,0,
hello,6_30,11_17_46,13.1830,0,2,0,13.18304,0.0000,0.0000,0.0000,0.0000,0.0000,0.0000,0,0,,,,,,,,0,0,0,0,0,0,0,0,0,0,0,0,0,0,0,0,0,0,0,0,0,0,0,0,0,0,0,0,0,0,0,0,0,0,0,0,0,0,0,0,0,0,0,0,0,0,0,0,0,0,0,
hello,6_30,11_17_46,13.1879,0,2,0,13.18785,0.0000,0.0000,0.0000,0.0000,0.0000,0.0000,0,0,,,,,,,,0,0,0,0,0,0,0,0,0,0,0,0,0,0,0,0,0,0,0,0,0,0,0,0,0,0,0,0,0,0,0,0,0,0,0,0,0,0,0,0,0,0,0,0,0,0,0,0,0,0,0,
hello,6_30,11_17_46,13.1920,0,2,0,13.19198,0.0000,0.0000,0.0000,0.0000,0.0000,0.0000,0,0,,,,,,,,0,0,0,0,0,0,0,0,0,0,0,0,0,0,0,0,0,0,0,0,0,0,0,0,0,0,0,0,0,0,0,0,0,0,0,0,0,0,0,0,0,0,0,0,0,0,0,0,0,0,0,
hello,6_30,11_17_46,13.1961,0,2,0,13.19613,0.0000,0.0000,0.0000,0.0000,0.0000,0.0000,0,0,,,,,,,,0,0,0,0,0,0,0,0,0,0,0,0,0,0,0,0,0,0,0,0,0,0,0,0,0,0,0,0,0,0,0,0,0,0,0,0,0,0,0,0,0,0,0,0,0,0,0,0,0,0,0,
hello,6_30,11_17_46,13.2032,0,2,0,13.20317,0.0000,0.0000,0.0000,0.0000,0.0000,0.0000,0,0,,,,,,,,0,0,0,0,0,0,0,0,0,0,0,0,0,0,0,0,0,0,0,0,0,0,0,0,0,0,0,0,0,0,0,0,0,0,0,0,0,0,0,0,0,0,0,0,0,0,0,0,0,0,0,
hello,6_30,11_17_46,13.2085,0,2,0,13.20849,0.0000,0.0000,0.0000,0.0000,0.0000,0.0000,0,0,,,,,,,,0,0,0,0,0,0,0,0,0,0,0,0,0,0,0,0,0,0,0,0,0,0,0,0,0,0,0,0,0,0,0,0,0,0,0,0,0,0,0,0,0,0,0,0,0,0,0,0,0,0,0,
hello,6_30,11_17_46,13.2129,0,2,0,13.21291,0.0000,0.0000,0.0000,0.0000,0.0000,0.0000,0,0,,,,,,,,0,0,0,0,0,0,0,0,0,0,0,0,0,0,0,0,0,0,0,0,0,0,0,0,0,0,0,0,0,0,0,0,0,0,0,0,0,0,0,0,0,0,0,0,0,0,0,0,0,0,0,
hello,6_30,11_17_46,13.2171,0,2,0,13.21714,0.0000,0.0000,0.0000,0.0000,0.0000,0.0000,0,0,,,,,,,,0,0,0,0,0,0,0,0,0,0,0,0,0,0,0,0,0,0,0,0,0,0,0,0,0,0,0,0,0,0,0,0,0,0,0,0,0,0,0,0,0,0,0,0,0,0,0,0,0,0,0,
hello,6_30,11_17_46,13.2212,0,2,0,13.22119,0.0000,0.0000,0.0000,0.0000,0.0000,0.0000,0,0,,,,,,,,0,0,0,0,0,0,0,0,0,0,0,0,0,0,0,0,0,0,0,0,0,0,0,0,0,0,0,0,0,0,0,0,0,0,0,0,0,0,0,0,0,0,0,0,0,0,0,0,0,0,0,
hello,6_30,11_17_46,13.2281,0,2,0,13.22807,0.0000,0.0000,0.0000,0.0000,0.0000,0.0000,0,0,,,,,,,,0,0,0,0,0,0,0,0,0,0,0,0,0,0,0,0,0,0,0,0,0,0,0,0,0,0,0,0,0,0,0,0,0,0,0,0,0,0,0,0,0,0,0,0,0,0,0,0,0,0,0,
hello,6_30,11_17_46,13.2593,0,2,0,13.25932,0.0000,0.0000,0.0000,0.0000,0.0000,0.0000,0,0,,,,,,,,0,0,0,0,0,0,0,0,0,0,0,0,0,0,0,0,0,0,0,0,0,0,0,0,0,0,0,0,0,0,0,0,0,0,0,0,0,0,0,0,0,0,0,0,0,0,0,0,0,0,0,
hello,6_30,11_17_46,13.2688,0,2,0,13.26876,0.0000,0.0000,0.0000,0.0000,0.0000,0.0000,0,0,,,,,,,,0,0,0,0,0,0,0,0,0,0,0,0,0,0,0,0,0,0,0,0,0,0,0,0,0,0,0,0,0,0,0,0,0,0,0,0,0,0,0,0,0,0,0,0,0,0,0,0,0,0,0,
hello,6_30,11_17_46,13.2771,0,2,0,13.27712,0.0000,0.0000,0.0000,0.0000,0.0000,0.0000,0,0,,,,,,,,0,0,0,0,0,0,0,0,0,0,0,0,0,0,0,0,0,0,0,0,0,0,0,0,0,0,0,0,0,0,0,0,0,0,0,0,0,0,0,0,0,0,0,0,0,0,0,0,0,0,0,
hello,6_30,11_17_46,13.2842,0,2,0,13.28422,0.0000,0.0000,0.0000,0.0000,0.0000,0.0000,0,0,,,,,,,,0,0,0,0,0,0,0,0,0,0,0,0,0,0,0,0,0,0,0,0,0,0,0,0,0,0,0,0,0,0,0,0,0,0,0,0,0,0,0,0,0,0,0,0,0,0,0,0,0,0,0,
hello,6_30,11_17_46,13.2884,0,2,0,13.28836,0.0000,0.0000,0.0000,0.0000,0.0000,0.0000,0,0,,,,,,,,0,0,0,0,0,0,0,0,0,0,0,0,0,0,0,0,0,0,0,0,0,0,0,0,0,0,0,0,0,0,0,0,0,0,0,0,0,0,0,0,0,0,0,0,0,0,0,0,0,0,0,
hello,6_30,11_17_46,13.2923,0,2,0,13.29226,0.0000,0.0000,0.0000,0.0000,0.0000,0.0000,0,0,,,,,,,,0,0,0,0,0,0,0,0,0,0,0,0,0,0,0,0,0,0,0,0,0,0,0,0,0,0,0,0,0,0,0,0,0,0,0,0,0,0,0,0,0,0,0,0,0,0,0,0,0,0,0,
hello,6_30,11_17_46,13.2961,0,2,0,13.29611,0.0000,0.0000,0.0000,0.0000,0.0000,0.0000,0,0,,,,,,,,0,0,0,0,0,0,0,0,0,0,0,0,0,0,0,0,0,0,0,0,0,0,0,0,0,0,0,0,0,0,0,0,0,0,0,0,0,0,0,0,0,0,0,0,0,0,0,0,0,0,0,
hello,6_30,11_17_46,13.2999,0,2,0,13.29992,0.0000,0.0000,0.0000,0.0000,0.0000,0.0000,0,0,,,,,,,,0,0,0,0,0,0,0,0,0,0,0,0,0,0,0,0,0,0,0,0,0,0,0,0,0,0,0,0,0,0,0,0,0,0,0,0,0,0,0,0,0,0,0,0,0,0,0,0,0,0,0,
hello,6_30,11_17_46,13.3043,0,2,0,13.30427,0.0000,0.0000,0.0000,0.0000,0.0000,0.0000,0,0,,,,,,,,0,0,0,0,0,0,0,0,0,0,0,0,0,0,0,0,0,0,0,0,0,0,0,0,0,0,0,0,0,0,0,0,0,0,0,0,0,0,0,0,0,0,0,0,0,0,0,0,0,0,0,
hello,6_30,11_17_46,13.3113,0,2,0,13.31128,0.0000,0.0000,0.0000,0.0000,0.0000,0.0000,0,0,,,,,,,,0,0,0,0,0,0,0,0,0,0,0,0,0,0,0,0,0,0,0,0,0,0,0,0,0,0,0,0,0,0,0,0,0,0,0,0,0,0,0,0,0,0,0,0,0,0,0,0,0,0,0,
hello,6_30,11_17_46,13.3184,0,2,0,13.31838,0.0000,0.0000,0.0000,0.0000,0.0000,0.0000,0,0,,,,,,,,0,0,0,0,0,0,0,0,0,0,0,0,0,0,0,0,0,0,0,0,0,0,0,0,0,0,0,0,0,0,0,0,0,0,0,0,0,0,0,0,0,0,0,0,0,0,0,0,0,0,0,
hello,6_30,11_17_46,13.3221,0,2,0,13.32214,0.0000,0.0000,0.0000,0.0000,0.0000,0.0000,0,0,,,,,,,,0,0,0,0,0,0,0,0,0,0,0,0,0,0,0,0,0,0,0,0,0,0,0,0,0,0,0,0,0,0,0,0,0,0,0,0,0,0,0,0,0,0,0,0,0,0,0,0,0,0,0,
hello,6_30,11_17_46,13.3291,0,2,0,13.32908,0.0000,0.0000,0.0000,0.0000,0.0000,0.0000,0,0,,,,,,,,0,0,0,0,0,0,0,0,0,0,0,0,0,0,0,0,0,0,0,0,0,0,0,0,0,0,0,0,0,0,0,0,0,0,0,0,0,0,0,0,0,0,0,0,0,0,0,0,0,0,0,
hello,6_30,11_17_46,13.3330,0,2,0,13.33298,0.0000,0.0000,0.0000,0.0000,0.0000,0.0000,0,0,,,,,,,,0,0,0,0,0,0,0,0,0,0,0,0,0,0,0,0,0,0,0,0,0,0,0,0,0,0,0,0,0,0,0,0,0,0,0,0,0,0,0,0,0,0,0,0,0,0,0,0,0,0,0,
hello,6_30,11_17_46,13.3371,0,2,0,13.33705,0.0000,0.0000,0.0000,0.0000,0.0000,0.0000,0,0,,,,,,,,0,0,0,0,0,0,0,0,0,0,0,0,0,0,0,0,0,0,0,0,0,0,0,0,0,0,0,0,0,0,0,0,0,0,0,0,0,0,0,0,0,0,0,0,0,0,0,0,0,0,0,
hello,6_30,11_17_46,13.3414,0,2,0,13.34142,0.0000,0.0000,0.0000,0.0000,0.0000,0.0000,0,0,,,,,,,,0,0,0,0,0,0,0,0,0,0,0,0,0,0,0,0,0,0,0,0,0,0,0,0,0,0,0,0,0,0,0,0,0,0,0,0,0,0,0,0,0,0,0,0,0,0,0,0,0,0,0,
hello,6_30,11_17_46,13.3484,0,2,0,13.34838,0.0000,0.0000,0.0000,0.0000,0.0000,0.0000,0,0,,,,,,,,0,0,0,0,0,0,0,0,0,0,0,0,0,0,0,0,0,0,0,0,0,0,0,0,0,0,0,0,0,0,0,0,0,0,0,0,0,0,0,0,0,0,0,0,0,0,0,0,0,0,0,
hello,6_30,11_17_46,13.3560,0,2,0,13.35604,0.0000,0.0000,0.0000,0.0000,0.0000,0.0000,0,0,,,,,,,,0,0,0,0,0,0,0,0,0,0,0,0,0,0,0,0,0,0,0,0,0,0,0,0,0,0,0,0,0,0,0,0,0,0,0,0,0,0,0,0,0,0,0,0,0,0,0,0,0,0,0,
hello,6_30,11_17_46,13.3638,0,2,0,13.36376,0.0000,0.0000,0.0000,0.0000,0.0000,0.0000,0,0,,,,,,,,0,0,0,0,0,0,0,0,0,0,0,0,0,0,0,0,0,0,0,0,0,0,0,0,0,0,0,0,0,0,0,0,0,0,0,0,0,0,0,0,0,0,0,0,0,0,0,0,0,0,0,
hello,6_30,11_17_46,13.3680,0,2,0,13.36802,0.0000,0.0000,0.0000,0.0000,0.0000,0.0000,0,0,,,,,,,,0,0,0,0,0,0,0,0,0,0,0,0,0,0,0,0,0,0,0,0,0,0,0,0,0,0,0,0,0,0,0,0,0,0,0,0,0,0,0,0,0,0,0,0,0,0,0,0,0,0,0,
hello,6_30,11_17_46,13.3718,0,2,0,13.37182,0.0000,0.0000,0.0000,0.0000,0.0000,0.0000,0,0,,,,,,,,0,0,0,0,0,0,0,0,0,0,0,0,0,0,0,0,0,0,0,0,0,0,0,0,0,0,0,0,0,0,0,0,0,0,0,0,0,0,0,0,0,0,0,0,0,0,0,0,0,0,0,
hello,6_30,11_17_46,13.3785,0,2,0,13.37854,0.0000,0.0000,0.0000,0.0000,0.0000,0.0000,0,0,,,,,,,,0,0,0,0,0,0,0,0,0,0,0,0,0,0,0,0,0,0,0,0,0,0,0,0,0,0,0,0,0,0,0,0,0,0,0,0,0,0,0,0,0,0,0,0,0,0,0,0,0,0,0,
hello,6_30,11_17_46,13.3854,0,2,0,13.38535,0.0000,0.0000,0.0000,0.0000,0.0000,0.0000,0,0,,,,,,,,0,0,0,0,0,0,0,0,0,0,0,0,0,0,0,0,0,0,0,0,0,0,0,0,0,0,0,0,0,0,0,0,0,0,0,0,0,0,0,0,0,0,0,0,0,0,0,0,0,0,0,
hello,6_30,11_17_46,13.3895,0,2,0,13.38945,0.0000,0.0000,0.0000,0.0000,0.0000,0.0000,0,0,,,,,,,,0,0,0,0,0,0,0,0,0,0,0,0,0,0,0,0,0,0,0,0,0,0,0,0,0,0,0,0,0,0,0,0,0,0,0,0,0,0,0,0,0,0,0,0,0,0,0,0,0,0,0,
hello,6_30,11_17_46,13.3932,0,2,0,13.39319,0.0000,0.0000,0.0000,0.0000,0.0000,0.0000,0,0,,,,,,,,0,0,0,0,0,0,0,0,0,0,0,0,0,0,0,0,0,0,0,0,0,0,0,0,0,0,0,0,0,0,0,0,0,0,0,0,0,0,0,0,0,0,0,0,0,0,0,0,0,0,0,
hello,6_30,11_17_46,13.4007,0,2,0,13.40068,0.0000,0.0000,0.0000,0.0000,0.0000,0.0000,0,0,,,,,,,,0,0,0,0,0,0,0,0,0,0,0,0,0,0,0,0,0,0,0,0,0,0,0,0,0,0,0,0,0,0,0,0,0,0,0,0,0,0,0,0,0,0,0,0,0,0,0,0,0,0,0,
hello,6_30,11_17_46,13.4053,0,2,0,13.40531,0.0000,0.0000,0.0000,0.0000,0.0000,0.0000,0,0,,,,,,,,0,0,0,0,0,0,0,0,0,0,0,0,0,0,0,0,0,0,0,0,0,0,0,0,0,0,0,0,0,0,0,0,0,0,0,0,0,0,0,0,0,0,0,0,0,0,0,0,0,0,0,
hello,6_30,11_17_46,13.4092,0,2,0,13.40918,0.0000,0.0000,0.0000,0.0000,0.0000,0.0000,0,0,,,,,,,,0,0,0,0,0,0,0,0,0,0,0,0,0,0,0,0,0,0,0,0,0,0,0,0,0,0,0,0,0,0,0,0,0,0,0,0,0,0,0,0,0,0,0,0,0,0,0,0,0,0,0,
hello,6_30,11_17_46,13.4126,0,2,0,13.41255,0.0000,0.0000,0.0000,0.0000,0.0000,0.0000,0,0,,,,,,,,0,0,0,0,0,0,0,0,0,0,0,0,0,0,0,0,0,0,0,0,0,0,0,0,0,0,0,0,0,0,0,0,0,0,0,0,0,0,0,0,0,0,0,0,0,0,0,0,0,0,0,
hello,6_30,11_17_46,13.4168,0,2,0,13.41679,0.0000,0.0000,0.0000,0.0000,0.0000,0.0000,0,0,,,,,,,,0,0,0,0,0,0,0,0,0,0,0,0,0,0,0,0,0,0,0,0,0,0,0,0,0,0,0,0,0,0,0,0,0,0,0,0,0,0,0,0,0,0,0,0,0,0,0,0,0,0,0,
hello,6_30,11_17_46,13.4209,0,2,0,13.42087,0.0000,0.0000,0.0000,0.0000,0.0000,0.0000,0,0,,,,,,,,0,0,0,0,0,0,0,0,0,0,0,0,0,0,0,0,0,0,0,0,0,0,0,0,0,0,0,0,0,0,0,0,0,0,0,0,0,0,0,0,0,0,0,0,0,0,0,0,0,0,0,
hello,6_30,11_17_46,13.4283,0,2,0,13.42831,0.0000,0.0000,0.0000,0.0000,0.0000,0.0000,0,0,,,,,,,,0,0,0,0,0,0,0,0,0,0,0,0,0,0,0,0,0,0,0,0,0,0,0,0,0,0,0,0,0,0,0,0,0,0,0,0,0,0,0,0,0,0,0,0,0,0,0,0,0,0,0,
hello,6_30,11_17_46,13.4555,0,2,0,13.45546,0.0000,0.0000,0.0000,0.0000,0.0000,0.0000,0,0,,,,,,,,0,0,0,0,0,0,0,0,0,0,0,0,0,0,0,0,0,0,0,0,0,0,0,0,0,0,0,0,0,0,0,0,0,0,0,0,0,0,0,0,0,0,0,0,0,0,0,0,0,0,0,
hello,6_30,11_17_46,13.4633,0,2,0,13.46331,0.0000,0.0000,0.0000,0.0000,0.0000,0.0000,0,0,,,,,,,,0,0,0,0,0,0,0,0,0,0,0,0,0,0,0,0,0,0,0,0,0,0,0,0,0,0,0,0,0,0,0,0,0,0,0,0,0,0,0,0,0,0,0,0,0,0,0,0,0,0,0,
hello,6_30,11_17_46,13.4674,0,2,0,13.46744,0.0000,0.0000,0.0000,0.0000,0.0000,0.0000,0,0,,,,,,,,0,0,0,0,0,0,0,0,0,0,0,0,0,0,0,0,0,0,0,0,0,0,0,0,0,0,0,0,0,0,0,0,0,0,0,0,0,0,0,0,0,0,0,0,0,0,0,0,0,0,0,
hello,6_30,11_17_46,13.4723,0,2,0,13.47225,0.0000,0.0000,0.0000,0.0000,0.0000,0.0000,0,0,,,,,,,,0,0,0,0,0,0,0,0,0,0,0,0,0,0,0,0,0,0,0,0,0,0,0,0,0,0,0,0,0,0,0,0,0,0,0,0,0,0,0,0,0,0,0,0,0,0,0,0,0,0,0,
hello,6_30,11_17_46,13.4794,0,2,0,13.47944,0.0000,0.0000,0.0000,0.0000,0.0000,0.0000,0,0,,,,,,,,0,0,0,0,0,0,0,0,0,0,0,0,0,0,0,0,0,0,0,0,0,0,0,0,0,0,0,0,0,0,0,0,0,0,0,0,0,0,0,0,0,0,0,0,0,0,0,0,0,0,0,
hello,6_30,11_17_46,13.4862,0,2,0,13.48624,0.0000,0.0000,0.0000,0.0000,0.0000,0.0000,0,0,,,,,,,,0,0,0,0,0,0,0,0,0,0,0,0,0,0,0,0,0,0,0,0,0,0,0,0,0,0,0,0,0,0,0,0,0,0,0,0,0,0,0,0,0,0,0,0,0,0,0,0,0,0,0,
hello,6_30,11_17_46,13.4936,0,2,0,13.49356,0.0000,0.0000,0.0000,0.0000,0.0000,0.0000,0,0,,,,,,,,0,0,0,0,0,0,0,0,0,0,0,0,0,0,0,0,0,0,0,0,0,0,0,0,0,0,0,0,0,0,0,0,0,0,0,0,0,0,0,0,0,0,0,0,0,0,0,0,0,0,0,
hello,6_30,11_17_46,13.5012,0,2,0,13.50119,0.0000,0.0000,0.0000,0.0000,0.0000,0.0000,0,0,,,,,,,,0,0,0,0,0,0,0,0,0,0,0,0,0,0,0,0,0,0,0,0,0,0,0,0,0,0,0,0,0,0,0,0,0,0,0,0,0,0,0,0,0,0,0,0,0,0,0,0,0,0,0,
hello,6_30,11_17_46,13.5052,0,2,0,13.50522,0.0000,0.0000,0.0000,0.0000,0.0000,0.0000,0,0,,,,,,,,0,0,0,0,0,0,0,0,0,0,0,0,0,0,0,0,0,0,0,0,0,0,0,0,0,0,0,0,0,0,0,0,0,0,0,0,0,0,0,0,0,0,0,0,0,0,0,0,0,0,0,
hello,6_30,11_17_46,13.5089,0,2,0,13.50889,0.0000,0.0000,0.0000,0.0000,0.0000,0.0000,0,0,,,,,,,,0,0,0,0,0,0,0,0,0,0,0,0,0,0,0,0,0,0,0,0,0,0,0,0,0,0,0,0,0,0,0,0,0,0,0,0,0,0,0,0,0,0,0,0,0,0,0,0,0,0,0,
hello,6_30,11_17_46,13.5131,0,2,0,13.51312,0.0000,0.0000,0.0000,0.0000,0.0000,0.0000,0,0,,,,,,,,0,0,0,0,0,0,0,0,0,0,0,0,0,0,0,0,0,0,0,0,0,0,0,0,0,0,0,0,0,0,0,0,0,0,0,0,0,0,0,0,0,0,0,0,0,0,0,0,0,0,0,
hello,6_30,11_17_46,13.5171,0,2,0,13.51714,0.0000,0.0000,0.0000,0.0000,0.0000,0.0000,0,0,,,,,,,,0,0,0,0,0,0,0,0,0,0,0,0,0,0,0,0,0,0,0,0,0,0,0,0,0,0,0,0,0,0,0,0,0,0,0,0,0,0,0,0,0,0,0,0,0,0,0,0,0,0,0,
hello,6_30,11_17_46,13.5213,0,2,0,13.52127,0.0000,0.0000,0.0000,0.0000,0.0000,0.0000,0,0,,,,,,,,0,0,0,0,0,0,0,0,0,0,0,0,0,0,0,0,0,0,0,0,0,0,0,0,0,0,0,0,0,0,0,0,0,0,0,0,0,0,0,0,0,0,0,0,0,0,0,0,0,0,0,
hello,6_30,11_17_46,13.5251,0,2,0,13.52514,0.0000,0.0000,0.0000,0.0000,0.0000,0.0000,0,0,,,,,,,,0,0,0,0,0,0,0,0,0,0,0,0,0,0,0,0,0,0,0,0,0,0,0,0,0,0,0,0,0,0,0,0,0,0,0,0,0,0,0,0,0,0,0,0,0,0,0,0,0,0,0,
hello,6_30,11_17_46,13.5289,0,2,0,13.52888,0.0000,0.0000,0.0000,0.0000,0.0000,0.0000,0,0,,,,,,,,0,0,0,0,0,0,0,0,0,0,0,0,0,0,0,0,0,0,0,0,0,0,0,0,0,0,0,0,0,0,0,0,0,0,0,0,0,0,0,0,0,0,0,0,0,0,0,0,0,0,0,
hello,6_30,11_17_46,13.5331,0,2,0,13.53305,0.0000,0.0000,0.0000,0.0000,0.0000,0.0000,0,0,,,,,,,,0,0,0,0,0,0,0,0,0,0,0,0,0,0,0,0,0,0,0,0,0,0,0,0,0,0,0,0,0,0,0,0,0,0,0,0,0,0,0,0,0,0,0,0,0,0,0,0,0,0,0,
hello,6_30,11_17_46,13.5369,0,2,0,13.53691,0.0000,0.0000,0.0000,0.0000,0.0000,0.0000,0,0,,,,,,,,0,0,0,0,0,0,0,0,0,0,0,0,0,0,0,0,0,0,0,0,0,0,0,0,0,0,0,0,0,0,0,0,0,0,0,0,0,0,0,0,0,0,0,0,0,0,0,0,0,0,0,
hello,6_30,11_17_46,13.5410,0,2,0,13.541,0.0000,0.0000,0.0000,0.0000,0.0000,0.0000,0,0,,,,,,,,0,0,0,0,0,0,0,0,0,0,0,0,0,0,0,0,0,0,0,0,0,0,0,0,0,0,0,0,0,0,0,0,0,0,0,0,0,0,0,0,0,0,0,0,0,0,0,0,0,0,0,
hello,6_30,11_17_46,13.5449,0,2,0,13.54493,0.0000,0.0000,0.0000,0.0000,0.0000,0.0000,0,0,,,,,,,,0,0,0,0,0,0,0,0,0,0,0,0,0,0,0,0,0,0,0,0,0,0,0,0,0,0,0,0,0,0,0,0,0,0,0,0,0,0,0,0,0,0,0,0,0,0,0,0,0,0,0,
hello,6_30,11_17_46,13.5520,0,2,0,13.55197,0.0000,0.0000,0.0000,0.0000,0.0000,0.0000,0,0,,,,,,,,0,0,0,0,0,0,0,0,0,0,0,0,0,0,0,0,0,0,0,0,0,0,0,0,0,0,0,0,0,0,0,0,0,0,0,0,0,0,0,0,0,0,0,0,0,0,0,0,0,0,0,
hello,6_30,11_17_46,13.5588,0,2,0,13.55876,0.0000,0.0000,0.0000,0.0000,0.0000,0.0000,0,0,,,,,,,,0,0,0,0,0,0,0,0,0,0,0,0,0,0,0,0,0,0,0,0,0,0,0,0,0,0,0,0,0,0,0,0,0,0,0,0,0,0,0,0,0,0,0,0,0,0,0,0,0,0,0,
hello,6_30,11_17_46,13.5622,0,2,0,13.56223,0.0000,0.0000,0.0000,0.0000,0.0000,0.0000,0,0,,,,,,,,0,0,0,0,0,0,0,0,0,0,0,0,0,0,0,0,0,0,0,0,0,0,0,0,0,0,0,0,0,0,0,0,0,0,0,0,0,0,0,0,0,0,0,0,0,0,0,0,0,0,0,
hello,6_30,11_17_46,13.5662,0,2,0,13.56616,0.0000,0.0000,0.0000,0.0000,0.0000,0.0000,0,0,,,,,,,,0,0,0,0,0,0,0,0,0,0,0,0,0,0,0,0,0,0,0,0,0,0,0,0,0,0,0,0,0,0,0,0,0,0,0,0,0,0,0,0,0,0,0,0,0,0,0,0,0,0,0,
hello,6_30,11_17_46,13.5725,0,2,0,13.57249,0.0000,0.0000,0.0000,0.0000,0.0000,0.0000,0,0,,,,,,,,0,0,0,0,0,0,0,0,0,0,0,0,0,0,0,0,0,0,0,0,0,0,0,0,0,0,0,0,0,0,0,0,0,0,0,0,0,0,0,0,0,0,0,0,0,0,0,0,0,0,0,
hello,6_30,11_17_46,13.5759,0,2,0,13.5759,0.0000,0.0000,0.0000,0.0000,0.0000,0.0000,0,0,,,,,,,,0,0,0,0,0,0,0,0,0,0,0,0,0,0,0,0,0,0,0,0,0,0,0,0,0,0,0,0,0,0,0,0,0,0,0,0,0,0,0,0,0,0,0,0,0,0,0,0,0,0,0,
hello,6_30,11_17_46,13.5792,0,2,0,13.57921,0.0000,0.0000,0.0000,0.0000,0.0000,0.0000,0,0,,,,,,,,0,0,0,0,0,0,0,0,0,0,0,0,0,0,0,0,0,0,0,0,0,0,0,0,0,0,0,0,0,0,0,0,0,0,0,0,0,0,0,0,0,0,0,0,0,0,0,0,0,0,0,
hello,6_30,11_17_46,13.5830,0,2,0,13.58295,0.0000,0.0000,0.0000,0.0000,0.0000,0.0000,0,0,,,,,,,,0,0,0,0,0,0,0,0,0,0,0,0,0,0,0,0,0,0,0,0,0,0,0,0,0,0,0,0,0,0,0,0,0,0,0,0,0,0,0,0,0,0,0,0,0,0,0,0,0,0,0,
hello,6_30,11_17_46,13.5869,0,2,0,13.58692,0.0000,0.0000,0.0000,0.0000,0.0000,0.0000,0,0,,,,,,,,0,0,0,0,0,0,0,0,0,0,0,0,0,0,0,0,0,0,0,0,0,0,0,0,0,0,0,0,0,0,0,0,0,0,0,0,0,0,0,0,0,0,0,0,0,0,0,0,0,0,0,
hello,6_30,11_17_46,13.5906,0,2,0,13.59062,0.0000,0.0000,0.0000,0.0000,0.0000,0.0000,0,0,,,,,,,,0,0,0,0,0,0,0,0,0,0,0,0,0,0,0,0,0,0,0,0,0,0,0,0,0,0,0,0,0,0,0,0,0,0,0,0,0,0,0,0,0,0,0,0,0,0,0,0,0,0,0,
hello,6_30,11_17_46,13.5943,0,2,0,13.59432,0.0000,0.0000,0.0000,0.0000,0.0000,0.0000,0,0,,,,,,,,0,0,0,0,0,0,0,0,0,0,0,0,0,0,0,0,0,0,0,0,0,0,0,0,0,0,0,0,0,0,0,0,0,0,0,0,0,0,0,0,0,0,0,0,0,0,0,0,0,0,0,
hello,6_30,11_17_46,13.5977,0,2,0,13.59769,0.0000,0.0000,0.0000,0.0000,0.0000,0.0000,0,0,,,,,,,,0,0,0,0,0,0,0,0,0,0,0,0,0,0,0,0,0,0,0,0,0,0,0,0,0,0,0,0,0,0,0,0,0,0,0,0,0,0,0,0,0,0,0,0,0,0,0,0,0,0,0,
hello,6_30,11_17_46,13.6010,0,2,0,13.601,0.0000,0.0000,0.0000,0.0000,0.0000,0.0000,0,0,,,,,,,,0,0,0,0,0,0,0,0,0,0,0,0,0,0,0,0,0,0,0,0,0,0,0,0,0,0,0,0,0,0,0,0,0,0,0,0,0,0,0,0,0,0,0,0,0,0,0,0,0,0,0,
hello,6_30,11_17_46,13.6047,0,2,0,13.60472,0.0000,0.0000,0.0000,0.0000,0.0000,0.0000,0,0,,,,,,,,0,0,0,0,0,0,0,0,0,0,0,0,0,0,0,0,0,0,0,0,0,0,0,0,0,0,0,0,0,0,0,0,0,0,0,0,0,0,0,0,0,0,0,0,0,0,0,0,0,0,0,
hello,6_30,11_17_46,13.6082,0,2,0,13.60818,0.0000,0.0000,0.0000,0.0000,0.0000,0.0000,0,0,,,,,,,,0,0,0,0,0,0,0,0,0,0,0,0,0,0,0,0,0,0,0,0,0,0,0,0,0,0,0,0,0,0,0,0,0,0,0,0,0,0,0,0,0,0,0,0,0,0,0,0,0,0,0,
hello,6_30,11_17_46,13.6124,0,2,0,13.61236,0.0000,0.0000,0.0000,0.0000,0.0000,0.0000,0,0,,,,,,,,0,0,0,0,0,0,0,0,0,0,0,0,0,0,0,0,0,0,0,0,0,0,0,0,0,0,0,0,0,0,0,0,0,0,0,0,0,0,0,0,0,0,0,0,0,0,0,0,0,0,0,
hello,6_30,11_17_46,13.6167,0,2,0,13.6167,0.0000,0.0000,0.0000,0.0000,0.0000,0.0000,0,0,,,,,,,,0,0,0,0,0,0,0,0,0,0,0,0,0,0,0,0,0,0,0,0,0,0,0,0,0,0,0,0,0,0,0,0,0,0,0,0,0,0,0,0,0,0,0,0,0,0,0,0,0,0,0,
hello,6_30,11_17_46,13.6240,0,2,0,13.62397,0.0000,0.0000,0.0000,0.0000,0.0000,0.0000,0,0,,,,,,,,0,0,0,0,0,0,0,0,0,0,0,0,0,0,0,0,0,0,0,0,0,0,0,0,0,0,0,0,0,0,0,0,0,0,0,0,0,0,0,0,0,0,0,0,0,0,0,0,0,0,0,
hello,6_30,11_17_46,13.6319,0,2,0,13.63187,0.0000,0.0000,0.0000,0.0000,0.0000,0.0000,0,0,,,,,,,,0,0,0,0,0,0,0,0,0,0,0,0,0,0,0,0,0,0,0,0,0,0,0,0,0,0,0,0,0,0,0,0,0,0,0,0,0,0,0,0,0,0,0,0,0,0,0,0,0,0,0,
hello,6_30,11_17_46,13.6534,0,2,0,13.65339,0.0000,0.0000,0.0000,0.0000,0.0000,0.0000,0,0,,,,,,,,0,0,0,0,0,0,0,0,0,0,0,0,0,0,0,0,0,0,0,0,0,0,0,0,0,0,0,0,0,0,0,0,0,0,0,0,0,0,0,0,0,0,0,0,0,0,0,0,0,0,0,
hello,6_30,11_17_46,13.6581,0,2,0,13.65807,0.0000,0.0000,0.0000,0.0000,0.0000,0.0000,0,0,,,,,,,,0,0,0,0,0,0,0,0,0,0,0,0,0,0,0,0,0,0,0,0,0,0,0,0,0,0,0,0,0,0,0,0,0,0,0,0,0,0,0,0,0,0,0,0,0,0,0,0,0,0,0,
hello,6_30,11_17_46,13.6619,0,2,0,13.66185,0.0000,0.0000,0.0000,0.0000,0.0000,0.0000,0,0,,,,,,,,0,0,0,0,0,0,0,0,0,0,0,0,0,0,0,0,0,0,0,0,0,0,0,0,0,0,0,0,0,0,0,0,0,0,0,0,0,0,0,0,0,0,0,0,0,0,0,0,0,0,0,
hello,6_30,11_17_46,13.6659,0,2,0,13.66592,0.0000,0.0000,0.0000,0.0000,0.0000,0.0000,0,0,,,,,,,,0,0,0,0,0,0,0,0,0,0,0,0,0,0,0,0,0,0,0,0,0,0,0,0,0,0,0,0,0,0,0,0,0,0,0,0,0,0,0,0,0,0,0,0,0,0,0,0,0,0,0,
hello,6_30,11_17_46,13.6731,0,2,0,13.67306,0.0000,0.0000,0.0000,0.0000,0.0000,0.0000,0,0,,,,,,,,0,0,0,0,0,0,0,0,0,0,0,0,0,0,0,0,0,0,0,0,0,0,0,0,0,0,0,0,0,0,0,0,0,0,0,0,0,0,0,0,0,0,0,0,0,0,0,0,0,0,0,
hello,6_30,11_17_46,13.6812,0,2,0,13.68118,0.0000,0.0000,0.0000,0.0000,0.0000,0.0000,0,0,,,,,,,,0,0,0,0,0,0,0,0,0,0,0,0,0,0,0,0,0,0,0,0,0,0,0,0,0,0,0,0,0,0,0,0,0,0,0,0,0,0,0,0,0,0,0,0,0,0,0,0,0,0,0,
hello,6_30,11_17_46,13.6893,0,2,0,13.6893,0.0000,0.0000,0.0000,0.0000,0.0000,0.0000,0,0,,,,,,,,0,0,0,0,0,0,0,0,0,0,0,0,0,0,0,0,0,0,0,0,0,0,0,0,0,0,0,0,0,0,0,0,0,0,0,0,0,0,0,0,0,0,0,0,0,0,0,0,0,0,0,
hello,6_30,11_17_46,13.6970,0,2,0,13.69701,0.0000,0.0000,0.0000,0.0000,0.0000,0.0000,0,0,,,,,,,,0,0,0,0,0,0,0,0,0,0,0,0,0,0,0,0,0,0,0,0,0,0,0,0,0,0,0,0,0,0,0,0,0,0,0,0,0,0,0,0,0,0,0,0,0,0,0,0,0,0,0,
hello,6_30,11_17_46,13.7010,0,2,0,13.70095,0.0000,0.0000,0.0000,0.0000,0.0000,0.0000,0,0,,,,,,,,0,0,0,0,0,0,0,0,0,0,0,0,0,0,0,0,0,0,0,0,0,0,0,0,0,0,0,0,0,0,0,0,0,0,0,0,0,0,0,0,0,0,0,0,0,0,0,0,0,0,0,
hello,6_30,11_17_46,13.7052,0,2,0,13.70524,0.0000,0.0000,0.0000,0.0000,0.0000,0.0000,0,0,,,,,,,,0,0,0,0,0,0,0,0,0,0,0,0,0,0,0,0,0,0,0,0,0,0,0,0,0,0,0,0,0,0,0,0,0,0,0,0,0,0,0,0,0,0,0,0,0,0,0,0,0,0,0,
hello,6_30,11_17_46,13.7124,0,2,0,13.71239,0.0000,0.0000,0.0000,0.0000,0.0000,0.0000,0,0,,,,,,,,0,0,0,0,0,0,0,0,0,0,0,0,0,0,0,0,0,0,0,0,0,0,0,0,0,0,0,0,0,0,0,0,0,0,0,0,0,0,0,0,0,0,0,0,0,0,0,0,0,0,0,
hello,6_30,11_17_46,13.7192,0,2,0,13.7192,0.0000,0.0000,0.0000,0.0000,0.0000,0.0000,0,0,,,,,,,,0,0,0,0,0,0,0,0,0,0,0,0,0,0,0,0,0,0,0,0,0,0,0,0,0,0,0,0,0,0,0,0,0,0,0,0,0,0,0,0,0,0,0,0,0,0,0,0,0,0,0,
hello,6_30,11_17_46,13.7233,0,2,0,13.7233,0.0000,0.0000,0.0000,0.0000,0.0000,0.0000,0,0,,,,,,,,0,0,0,0,0,0,0,0,0,0,0,0,0,0,0,0,0,0,0,0,0,0,0,0,0,0,0,0,0,0,0,0,0,0,0,0,0,0,0,0,0,0,0,0,0,0,0,0,0,0,0,
hello,6_30,11_17_46,13.7269,0,2,0,13.72687,0.0000,0.0000,0.0000,0.0000,0.0000,0.0000,0,0,,,,,,,,0,0,0,0,0,0,0,0,0,0,0,0,0,0,0,0,0,0,0,0,0,0,0,0,0,0,0,0,0,0,0,0,0,0,0,0,0,0,0,0,0,0,0,0,0,0,0,0,0,0,0,
hello,6_30,11_17_46,13.7312,0,2,0,13.73115,0.0000,0.0000,0.0000,0.0000,0.0000,0.0000,0,0,,,,,,,,0,0,0,0,0,0,0,0,0,0,0,0,0,0,0,0,0,0,0,0,0,0,0,0,0,0,0,0,0,0,0,0,0,0,0,0,0,0,0,0,0,0,0,0,0,0,0,0,0,0,0,
hello,6_30,11_17_46,13.7352,0,2,0,13.73522,0.0000,0.0000,0.0000,0.0000,0.0000,0.0000,0,0,,,,,,,,0,0,0,0,0,0,0,0,0,0,0,0,0,0,0,0,0,0,0,0,0,0,0,0,0,0,0,0,0,0,0,0,0,0,0,0,0,0,0,0,0,0,0,0,0,0,0,0,0,0,0,
hello,6_30,11_17_46,13.7388,0,2,0,13.73881,0.0000,0.0000,0.0000,0.0000,0.0000,0.0000,0,0,,,,,,,,0,0,0,0,0,0,0,0,0,0,0,0,0,0,0,0,0,0,0,0,0,0,0,0,0,0,0,0,0,0,0,0,0,0,0,0,0,0,0,0,0,0,0,0,0,0,0,0,0,0,0,
hello,6_30,11_17_46,13.7423,0,2,0,13.74226,0.0000,0.0000,0.0000,0.0000,0.0000,0.0000,0,0,,,,,,,,0,0,0,0,0,0,0,0,0,0,0,0,0,0,0,0,0,0,0,0,0,0,0,0,0,0,0,0,0,0,0,0,0,0,0,0,0,0,0,0,0,0,0,0,0,0,0,0,0,0,0,
hello,6_30,11_17_46,13.7459,0,2,0,13.74591,0.0000,0.0000,0.0000,0.0000,0.0000,0.0000,0,0,,,,,,,,0,0,0,0,0,0,0,0,0,0,0,0,0,0,0,0,0,0,0,0,0,0,0,0,0,0,0,0,0,0,0,0,0,0,0,0,0,0,0,0,0,0,0,0,0,0,0,0,0,0,0,
hello,6_30,11_17_46,13.7495,0,2,0,13.74952,0.0000,0.0000,0.0000,0.0000,0.0000,0.0000,0,0,,,,,,,,0,0,0,0,0,0,0,0,0,0,0,0,0,0,0,0,0,0,0,0,0,0,0,0,0,0,0,0,0,0,0,0,0,0,0,0,0,0,0,0,0,0,0,0,0,0,0,0,0,0,0,
hello,6_30,11_17_46,13.7529,0,2,0,13.75287,0.0000,0.0000,0.0000,0.0000,0.0000,0.0000,0,0,,,,,,,,0,0,0,0,0,0,0,0,0,0,0,0,0,0,0,0,0,0,0,0,0,0,0,0,0,0,0,0,0,0,0,0,0,0,0,0,0,0,0,0,0,0,0,0,0,0,0,0,0,0,0,
hello,6_30,11_17_47,13.7561,0,2,0,13.75613,0.0000,0.0000,0.0000,0.0000,0.0000,0.0000,0,0,,,,,,,,0,0,0,0,0,0,0,0,0,0,0,0,0,0,0,0,0,0,0,0,0,0,0,0,0,0,0,0,0,0,0,0,0,0,0,0,0,0,0,0,0,0,0,0,0,0,0,0,0,0,0,
hello,6_30,11_17_47,13.7595,0,2,0,13.75949,0.0000,0.0000,0.0000,0.0000,0.0000,0.0000,0,0,,,,,,,,0,0,0,0,0,0,0,0,0,0,0,0,0,0,0,0,0,0,0,0,0,0,0,0,0,0,0,0,0,0,0,0,0,0,0,0,0,0,0,0,0,0,0,0,0,0,0,0,0,0,0,
hello,6_30,11_17_47,13.7628,0,2,0,13.76279,0.0000,0.0000,0.0000,0.0000,0.0000,0.0000,0,0,,,,,,,,0,0,0,0,0,0,0,0,0,0,0,0,0,0,0,0,0,0,0,0,0,0,0,0,0,0,0,0,0,0,0,0,0,0,0,0,0,0,0,0,0,0,0,0,0,0,0,0,0,0,0,
hello,6_30,11_17_47,13.7665,0,2,0,13.76647,0.0000,0.0000,0.0000,0.0000,0.0000,0.0000,0,0,,,,,,,,0,0,0,0,0,0,0,0,0,0,0,0,0,0,0,0,0,0,0,0,0,0,0,0,0,0,0,0,0,0,0,0,0,0,0,0,0,0,0,0,0,0,0,0,0,0,0,0,0,0,0,
hello,6_30,11_17_47,13.7702,0,2,0,13.77024,0.0000,0.0000,0.0000,0.0000,0.0000,0.0000,0,0,,,,,,,,0,0,0,0,0,0,0,0,0,0,0,0,0,0,0,0,0,0,0,0,0,0,0,0,0,0,0,0,0,0,0,0,0,0,0,0,0,0,0,0,0,0,0,0,0,0,0,0,0,0,0,
hello,6_30,11_17_47,13.7742,0,2,0,13.77418,0.0000,0.0000,0.0000,0.0000,0.0000,0.0000,0,0,,,,,,,,0,0,0,0,0,0,0,0,0,0,0,0,0,0,0,0,0,0,0,0,0,0,0,0,0,0,0,0,0,0,0,0,0,0,0,0,0,0,0,0,0,0,0,0,0,0,0,0,0,0,0,
hello,6_30,11_17_47,13.7779,0,2,0,13.77794,0.0000,0.0000,0.0000,0.0000,0.0000,0.0000,0,0,,,,,,,,0,0,0,0,0,0,0,0,0,0,0,0,0,0,0,0,0,0,0,0,0,0,0,0,0,0,0,0,0,0,0,0,0,0,0,0,0,0,0,0,0,0,0,0,0,0,0,0,0,0,0,
hello,6_30,11_17_47,13.7816,0,2,0,13.78164,0.0000,0.0000,0.0000,0.0000,0.0000,0.0000,0,0,,,,,,,,0,0,0,0,0,0,0,0,0,0,0,0,0,0,0,0,0,0,0,0,0,0,0,0,0,0,0,0,0,0,0,0,0,0,0,0,0,0,0,0,0,0,0,0,0,0,0,0,0,0,0,
hello,6_30,11_17_47,13.7852,0,2,0,13.78519,0.0000,0.0000,0.0000,0.0000,0.0000,0.0000,0,0,,,,,,,,0,0,0,0,0,0,0,0,0,0,0,0,0,0,0,0,0,0,0,0,0,0,0,0,0,0,0,0,0,0,0,0,0,0,0,0,0,0,0,0,0,0,0,0,0,0,0,0,0,0,0,
hello,6_30,11_17_47,13.7887,0,2,0,13.78865,0.0000,0.0000,0.0000,0.0000,0.0000,0.0000,0,0,,,,,,,,0,0,0,0,0,0,0,0,0,0,0,0,0,0,0,0,0,0,0,0,0,0,0,0,0,0,0,0,0,0,0,0,0,0,0,0,0,0,0,0,0,0,0,0,0,0,0,0,0,0,0,
hello,6_30,11_17_47,13.7921,0,2,0,13.7921,0.0000,0.0000,0.0000,0.0000,0.0000,0.0000,0,0,,,,,,,,0,0,0,0,0,0,0,0,0,0,0,0,0,0,0,0,0,0,0,0,0,0,0,0,0,0,0,0,0,0,0,0,0,0,0,0,0,0,0,0,0,0,0,0,0,0,0,0,0,0,0,
hello,6_30,11_17_47,13.7958,0,2,0,13.79583,0.0000,0.0000,0.0000,0.0000,0.0000,0.0000,0,0,,,,,,,,0,0,0,0,0,0,0,0,0,0,0,0,0,0,0,0,0,0,0,0,0,0,0,0,0,0,0,0,0,0,0,0,0,0,0,0,0,0,0,0,0,0,0,0,0,0,0,0,0,0,0,
hello,6_30,11_17_47,13.7991,0,2,0,13.79909,0.0000,0.0000,0.0000,0.0000,0.0000,0.0000,0,0,,,,,,,,0,0,0,0,0,0,0,0,0,0,0,0,0,0,0,0,0,0,0,0,0,0,0,0,0,0,0,0,0,0,0,0,0,0,0,0,0,0,0,0,0,0,0,0,0,0,0,0,0,0,0,
hello,6_30,11_17_47,13.8026,0,2,0,13.80256,0.0000,0.0000,0.0000,0.0000,0.0000,0.0000,0,0,,,,,,,,0,0,0,0,0,0,0,0,0,0,0,0,0,0,0,0,0,0,0,0,0,0,0,0,0,0,0,0,0,0,0,0,0,0,0,0,0,0,0,0,0,0,0,0,0,0,0,0,0,0,0,
hello,6_30,11_17_47,13.8062,0,2,0,13.80615,0.0000,0.0000,0.0000,0.0000,0.0000,0.0000,0,0,,,,,,,,0,0,0,0,0,0,0,0,0,0,0,0,0,0,0,0,0,0,0,0,0,0,0,0,0,0,0,0,0,0,0,0,0,0,0,0,0,0,0,0,0,0,0,0,0,0,0,0,0,0,0,
hello,6_30,11_17_47,13.8098,0,2,0,13.8098,0.0000,0.0000,0.0000,0.0000,0.0000,0.0000,0,0,,,,,,,,0,0,0,0,0,0,0,0,0,0,0,0,0,0,0,0,0,0,0,0,0,0,0,0,0,0,0,0,0,0,0,0,0,0,0,0,0,0,0,0,0,0,0,0,0,0,0,0,0,0,0,
hello,6_30,11_17_47,13.8133,0,2,0,13.81332,0.0000,0.0000,0.0000,0.0000,0.0000,0.0000,0,0,,,,,,,,0,0,0,0,0,0,0,0,0,0,0,0,0,0,0,0,0,0,0,0,0,0,0,0,0,0,0,0,0,0,0,0,0,0,0,0,0,0,0,0,0,0,0,0,0,0,0,0,0,0,0,
hello,6_30,11_17_47,13.8170,0,2,0,13.81695,0.0000,0.0000,0.0000,0.0000,0.0000,0.0000,0,0,,,,,,,,0,0,0,0,0,0,0,0,0,0,0,0,0,0,0,0,0,0,0,0,0,0,0,0,0,0,0,0,0,0,0,0,0,0,0,0,0,0,0,0,0,0,0,0,0,0,0,0,0,0,0,
hello,6_30,11_17_47,13.8203,0,2,0,13.82026,0.0000,0.0000,0.0000,0.0000,0.0000,0.0000,0,0,,,,,,,,0,0,0,0,0,0,0,0,0,0,0,0,0,0,0,0,0,0,0,0,0,0,0,0,0,0,0,0,0,0,0,0,0,0,0,0,0,0,0,0,0,0,0,0,0,0,0,0,0,0,0,
hello,6_30,11_17_47,13.8243,0,2,0,13.82425,0.0000,0.0000,0.0000,0.0000,0.0000,0.0000,0,0,,,,,,,,0,0,0,0,0,0,0,0,0,0,0,0,0,0,0,0,0,0,0,0,0,0,0,0,0,0,0,0,0,0,0,0,0,0,0,0,0,0,0,0,0,0,0,0,0,0,0,0,0,0,0,
hello,6_30,11_17_47,13.8278,0,2,0,13.8278,0.0000,0.0000,0.0000,0.0000,0.0000,0.0000,0,0,,,,,,,,0,0,0,0,0,0,0,0,0,0,0,0,0,0,0,0,0,0,0,0,0,0,0,0,0,0,0,0,0,0,0,0,0,0,0,0,0,0,0,0,0,0,0,0,0,0,0,0,0,0,0,
hello,6_30,11_17_47,13.8311,0,2,0,13.83114,0.0000,0.0000,0.0000,0.0000,0.0000,0.0000,0,0,,,,,,,,0,0,0,0,0,0,0,0,0,0,0,0,0,0,0,0,0,0,0,0,0,0,0,0,0,0,0,0,0,0,0,0,0,0,0,0,0,0,0,0,0,0,0,0,0,0,0,0,0,0,0,
hello,6_30,11_17_47,13.8351,0,2,0,13.83508,0.0000,0.0000,0.0000,0.0000,0.0000,0.0000,0,0,,,,,,,,0,0,0,0,0,0,0,0,0,0,0,0,0,0,0,0,0,0,0,0,0,0,0,0,0,0,0,0,0,0,0,0,0,0,0,0,0,0,0,0,0,0,0,0,0,0,0,0,0,0,0,
hello,6_30,11_17_47,13.8568,0,2,0,13.85681,0.0000,0.0000,0.0000,0.0000,0.0000,0.0000,0,0,,,,,,,,0,0,0,0,0,0,0,0,0,0,0,0,0,0,0,0,0,0,0,0,0,0,0,0,0,0,0,0,0,0,0,0,0,0,0,0,0,0,0,0,0,0,0,0,0,0,0,0,0,0,0,
hello,6_30,11_17_47,13.8605,0,2,0,13.86051,0.0000,0.0000,0.0000,0.0000,0.0000,0.0000,0,0,,,,,,,,0,0,0,0,0,0,0,0,0,0,0,0,0,0,0,0,0,0,0,0,0,0,0,0,0,0,0,0,0,0,0,0,0,0,0,0,0,0,0,0,0,0,0,0,0,0,0,0,0,0,0,
hello,6_30,11_17_47,13.8641,0,2,0,13.86405,0.0000,0.0000,0.0000,0.0000,0.0000,0.0000,0,0,,,,,,,,0,0,0,0,0,0,0,0,0,0,0,0,0,0,0,0,0,0,0,0,0,0,0,0,0,0,0,0,0,0,0,0,0,0,0,0,0,0,0,0,0,0,0,0,0,0,0,0,0,0,0,
hello,6_30,11_17_47,13.8676,0,2,0,13.86762,0.0000,0.0000,0.0000,0.0000,0.0000,0.0000,0,0,,,,,,,,0,0,0,0,0,0,0,0,0,0,0,0,0,0,0,0,0,0,0,0,0,0,0,0,0,0,0,0,0,0,0,0,0,0,0,0,0,0,0,0,0,0,0,0,0,0,0,0,0,0,0,
hello,6_30,11_17_47,13.8710,0,2,0,13.871,0.0000,0.0000,0.0000,0.0000,0.0000,0.0000,0,0,,,,,,,,0,0,0,0,0,0,0,0,0,0,0,0,0,0,0,0,0,0,0,0,0,0,0,0,0,0,0,0,0,0,0,0,0,0,0,0,0,0,0,0,0,0,0,0,0,0,0,0,0,0,0,
hello,6_30,11_17_47,13.8743,0,2,0,13.87433,0.0000,0.0000,0.0000,0.0000,0.0000,0.0000,0,0,,,,,,,,0,0,0,0,0,0,0,0,0,0,0,0,0,0,0,0,0,0,0,0,0,0,0,0,0,0,0,0,0,0,0,0,0,0,0,0,0,0,0,0,0,0,0,0,0,0,0,0,0,0,0,
hello,6_30,11_17_47,13.8779,0,2,0,13.87793,0.0000,0.0000,0.0000,0.0000,0.0000,0.0000,0,0,,,,,,,,0,0,0,0,0,0,0,0,0,0,0,0,0,0,0,0,0,0,0,0,0,0,0,0,0,0,0,0,0,0,0,0,0,0,0,0,0,0,0,0,0,0,0,0,0,0,0,0,0,0,0,
hello,6_30,11_17_47,13.8812,0,2,0,13.88124,0.0000,0.0000,0.0000,0.0000,0.0000,0.0000,0,0,,,,,,,,0,0,0,0,0,0,0,0,0,0,0,0,0,0,0,0,0,0,0,0,0,0,0,0,0,0,0,0,0,0,0,0,0,0,0,0,0,0,0,0,0,0,0,0,0,0,0,0,0,0,0,
hello,6_30,11_17_47,13.8850,0,2,0,13.88498,0.0000,0.0000,0.0000,0.0000,0.0000,0.0000,0,0,,,,,,,,0,0,0,0,0,0,0,0,0,0,0,0,0,0,0,0,0,0,0,0,0,0,0,0,0,0,0,0,0,0,0,0,0,0,0,0,0,0,0,0,0,0,0,0,0,0,0,0,0,0,0,
hello,6_30,11_17_47,13.8885,0,2,0,13.88854,0.0000,0.0000,0.0000,0.0000,0.0000,0.0000,0,0,,,,,,,,0,0,0,0,0,0,0,0,0,0,0,0,0,0,0,0,0,0,0,0,0,0,0,0,0,0,0,0,0,0,0,0,0,0,0,0,0,0,0,0,0,0,0,0,0,0,0,0,0,0,0,
hello,6_30,11_17_47,13.8921,0,2,0,13.89211,0.0000,0.0000,0.0000,0.0000,0.0000,0.0000,0,0,,,,,,,,0,0,0,0,0,0,0,0,0,0,0,0,0,0,0,0,0,0,0,0,0,0,0,0,0,0,0,0,0,0,0,0,0,0,0,0,0,0,0,0,0,0,0,0,0,0,0,0,0,0,0,
hello,6_30,11_17_47,13.8955,0,2,0,13.89548,0.0000,0.0000,0.0000,0.0000,0.0000,0.0000,0,0,,,,,,,,0,0,0,0,0,0,0,0,0,0,0,0,0,0,0,0,0,0,0,0,0,0,0,0,0,0,0,0,0,0,0,0,0,0,0,0,0,0,0,0,0,0,0,0,0,0,0,0,0,0,0,
hello,6_30,11_17_47,13.8989,0,2,0,13.8989,0.0000,0.0000,0.0000,0.0000,0.0000,0.0000,0,0,,,,,,,,0,0,0,0,0,0,0,0,0,0,0,0,0,0,0,0,0,0,0,0,0,0,0,0,0,0,0,0,0,0,0,0,0,0,0,0,0,0,0,0,0,0,0,0,0,0,0,0,0,0,0,
hello,6_30,11_17_47,13.9024,0,2,0,13.90239,0.0000,0.0000,0.0000,0.0000,0.0000,0.0000,0,0,,,,,,,,0,0,0,0,0,0,0,0,0,0,0,0,0,0,0,0,0,0,0,0,0,0,0,0,0,0,0,0,0,0,0,0,0,0,0,0,0,0,0,0,0,0,0,0,0,0,0,0,0,0,0,
hello,6_30,11_17_47,13.9060,0,2,0,13.906,0.0000,0.0000,0.0000,0.0000,0.0000,0.0000,0,0,,,,,,,,0,0,0,0,0,0,0,0,0,0,0,0,0,0,0,0,0,0,0,0,0,0,0,0,0,0,0,0,0,0,0,0,0,0,0,0,0,0,0,0,0,0,0,0,0,0,0,0,0,0,0,
hello,6_30,11_17_47,13.9093,0,2,0,13.90933,0.0000,0.0000,0.0000,0.0000,0.0000,0.0000,0,0,,,,,,,,0,0,0,0,0,0,0,0,0,0,0,0,0,0,0,0,0,0,0,0,0,0,0,0,0,0,0,0,0,0,0,0,0,0,0,0,0,0,0,0,0,0,0,0,0,0,0,0,0,0,0,
hello,6_30,11_17_47,13.9126,0,2,0,13.91259,0.0000,0.0000,0.0000,0.0000,0.0000,0.0000,0,0,,,,,,,,0,0,0,0,0,0,0,0,0,0,0,0,0,0,0,0,0,0,0,0,0,0,0,0,0,0,0,0,0,0,0,0,0,0,0,0,0,0,0,0,0,0,0,0,0,0,0,0,0,0,0,
hello,6_30,11_17_47,13.9158,0,2,0,13.9158,0.0000,0.0000,0.0000,0.0000,0.0000,0.0000,0,0,,,,,,,,0,0,0,0,0,0,0,0,0,0,0,0,0,0,0,0,0,0,0,0,0,0,0,0,0,0,0,0,0,0,0,0,0,0,0,0,0,0,0,0,0,0,0,0,0,0,0,0,0,0,0,
hello,6_30,11_17_47,13.9193,0,2,0,13.9193,0.0000,0.0000,0.0000,0.0000,0.0000,0.0000,0,0,,,,,,,,0,0,0,0,0,0,0,0,0,0,0,0,0,0,0,0,0,0,0,0,0,0,0,0,0,0,0,0,0,0,0,0,0,0,0,0,0,0,0,0,0,0,0,0,0,0,0,0,0,0,0,
hello,6_30,11_17_47,13.9227,0,2,0,13.92272,0.0000,0.0000,0.0000,0.0000,0.0000,0.0000,0,0,,,,,,,,0,0,0,0,0,0,0,0,0,0,0,0,0,0,0,0,0,0,0,0,0,0,0,0,0,0,0,0,0,0,0,0,0,0,0,0,0,0,0,0,0,0,0,0,0,0,0,0,0,0,0,
hello,6_30,11_17_47,13.9264,0,2,0,13.92643,0.0000,0.0000,0.0000,0.0000,0.0000,0.0000,0,0,,,,,,,,0,0,0,0,0,0,0,0,0,0,0,0,0,0,0,0,0,0,0,0,0,0,0,0,0,0,0,0,0,0,0,0,0,0,0,0,0,0,0,0,0,0,0,0,0,0,0,0,0,0,0,
hello,6_30,11_17_47,13.9299,0,2,0,13.92991,0.0000,0.0000,0.0000,0.0000,0.0000,0.0000,0,0,,,,,,,,0,0,0,0,0,0,0,0,0,0,0,0,0,0,0,0,0,0,0,0,0,0,0,0,0,0,0,0,0,0,0,0,0,0,0,0,0,0,0,0,0,0,0,0,0,0,0,0,0,0,0,
hello,6_30,11_17_47,13.9332,0,2,0,13.93316,0.0000,0.0000,0.0000,0.0000,0.0000,0.0000,0,0,,,,,,,,0,0,0,0,0,0,0,0,0,0,0,0,0,0,0,0,0,0,0,0,0,0,0,0,0,0,0,0,0,0,0,0,0,0,0,0,0,0,0,0,0,0,0,0,0,0,0,0,0,0,0,
hello,6_30,11_17_47,13.9369,0,2,0,13.93693,0.0000,0.0000,0.0000,0.0000,0.0000,0.0000,0,0,,,,,,,,0,0,0,0,0,0,0,0,0,0,0,0,0,0,0,0,0,0,0,0,0,0,0,0,0,0,0,0,0,0,0,0,0,0,0,0,0,0,0,0,0,0,0,0,0,0,0,0,0,0,0,
hello,6_30,11_17_47,13.9403,0,2,0,13.94029,0.0000,0.0000,0.0000,0.0000,0.0000,0.0000,0,0,,,,,,,,0,0,0,0,0,0,0,0,0,0,0,0,0,0,0,0,0,0,0,0,0,0,0,0,0,0,0,0,0,0,0,0,0,0,0,0,0,0,0,0,0,0,0,0,0,0,0,0,0,0,0,
hello,6_30,11_17_47,13.9438,0,2,0,13.94381,0.0000,0.0000,0.0000,0.0000,0.0000,0.0000,0,0,,,,,,,,0,0,0,0,0,0,0,0,0,0,0,0,0,0,0,0,0,0,0,0,0,0,0,0,0,0,0,0,0,0,0,0,0,0,0,0,0,0,0,0,0,0,0,0,0,0,0,0,0,0,0,
hello,6_30,11_17_47,13.9474,0,2,0,13.9474,0.0000,0.0000,0.0000,0.0000,0.0000,0.0000,0,0,,,,,,,,0,0,0,0,0,0,0,0,0,0,0,0,0,0,0,0,0,0,0,0,0,0,0,0,0,0,0,0,0,0,0,0,0,0,0,0,0,0,0,0,0,0,0,0,0,0,0,0,0,0,0,
hello,6_30,11_17_47,13.9508,0,2,0,13.95082,0.0000,0.0000,0.0000,0.0000,0.0000,0.0000,0,0,,,,,,,,0,0,0,0,0,0,0,0,0,0,0,0,0,0,0,0,0,0,0,0,0,0,0,0,0,0,0,0,0,0,0,0,0,0,0,0,0,0,0,0,0,0,0,0,0,0,0,0,0,0,0,
hello,6_30,11_17_47,13.9545,0,2,0,13.95446,0.0000,0.0000,0.0000,0.0000,0.0000,0.0000,0,0,,,,,,,,0,0,0,0,0,0,0,0,0,0,0,0,0,0,0,0,0,0,0,0,0,0,0,0,0,0,0,0,0,0,0,0,0,0,0,0,0,0,0,0,0,0,0,0,0,0,0,0,0,0,0,
hello,6_30,11_17_47,13.9583,0,2,0,13.9583,0.0000,0.0000,0.0000,0.0000,0.0000,0.0000,0,0,,,,,,,,0,0,0,0,0,0,0,0,0,0,0,0,0,0,0,0,0,0,0,0,0,0,0,0,0,0,0,0,0,0,0,0,0,0,0,0,0,0,0,0,0,0,0,0,0,0,0,0,0,0,0,
hello,6_30,11_17_47,13.9618,0,2,0,13.96184,0.0000,0.0000,0.0000,0.0000,0.0000,0.0000,0,0,,,,,,,,0,0,0,0,0,0,0,0,0,0,0,0,0,0,0,0,0,0,0,0,0,0,0,0,0,0,0,0,0,0,0,0,0,0,0,0,0,0,0,0,0,0,0,0,0,0,0,0,0,0,0,
hello,6_30,11_17_47,13.9658,0,2,0,13.96579,0.0000,0.0000,0.0000,0.0000,0.0000,0.0000,0,0,,,,,,,,0,0,0,0,0,0,0,0,0,0,0,0,0,0,0,0,0,0,0,0,0,0,0,0,0,0,0,0,0,0,0,0,0,0,0,0,0,0,0,0,0,0,0,0,0,0,0,0,0,0,0,
hello,6_30,11_17_47,13.9699,0,2,0,13.96991,0.0000,0.0000,0.0000,0.0000,0.0000,0.0000,0,0,,,,,,,,0,0,0,0,0,0,0,0,0,0,0,0,0,0,0,0,0,0,0,0,0,0,0,0,0,0,0,0,0,0,0,0,0,0,0,0,0,0,0,0,0,0,0,0,0,0,0,0,0,0,0,
hello,6_30,11_17_47,13.9740,0,2,0,13.97397,0.0000,0.0000,0.0000,0.0000,0.0000,0.0000,0,0,,,,,,,,0,0,0,0,0,0,0,0,0,0,0,0,0,0,0,0,0,0,0,0,0,0,0,0,0,0,0,0,0,0,0,0,0,0,0,0,0,0,0,0,0,0,0,0,0,0,0,0,0,0,0,
hello,6_30,11_17_47,13.9784,0,2,0,13.97835,0.0000,0.0000,0.0000,0.0000,0.0000,0.0000,0,0,,,,,,,,0,0,0,0,0,0,0,0,0,0,0,0,0,0,0,0,0,0,0,0,0,0,0,0,0,0,0,0,0,0,0,0,0,0,0,0,0,0,0,0,0,0,0,0,0,0,0,0,0,0,0,
hello,6_30,11_17_47,13.9824,0,2,0,13.98236,0.0000,0.0000,0.0000,0.0000,0.0000,0.0000,0,0,,,,,,,,0,0,0,0,0,0,0,0,0,0,0,0,0,0,0,0,0,0,0,0,0,0,0,0,0,0,0,0,0,0,0,0,0,0,0,0,0,0,0,0,0,0,0,0,0,0,0,0,0,0,0,
hello,6_30,11_17_47,13.9904,0,2,0,13.99041,0.0000,0.0000,0.0000,0.0000,0.0000,0.0000,0,0,,,,,,,,0,0,0,0,0,0,0,0,0,0,0,0,0,0,0,0,0,0,0,0,0,0,0,0,0,0,0,0,0,0,0,0,0,0,0,0,0,0,0,0,0,0,0,0,0,0,0,0,0,0,0,
hello,6_30,11_17_47,13.9974,0,2,0,13.99742,0.0000,0.0000,0.0000,0.0000,0.0000,0.0000,0,0,,,,,,,,0,0,0,0,0,0,0,0,0,0,0,0,0,0,0,0,0,0,0,0,0,0,0,0,0,0,0,0,0,0,0,0,0,0,0,0,0,0,0,0,0,0,0,0,0,0,0,0,0,0,0,
hello,6_30,11_17_47,14.0048,0,2,0,14.0048,0.0000,0.0000,0.0000,0.0000,0.0000,0.0000,0,0,,,,,,,,0,0,0,0,0,0,0,0,0,0,0,0,0,0,0,0,0,0,0,0,0,0,0,0,0,0,0,0,0,0,0,0,0,0,0,0,0,0,0,0,0,0,0,0,0,0,0,0,0,0,0,
hello,6_30,11_17_47,14.0210,0,2,0,14.021,0.0000,0.0000,0.0000,0.0000,0.0000,0.0000,0,0,,,,,,,,0,0,0,0,0,0,0,0,0,0,0,0,0,0,0,0,0,0,0,0,0,0,0,0,0,0,0,0,0,0,0,0,0,0,0,0,0,0,0,0,0,0,0,0,0,0,0,0,0,0,0,
hello,6_30,11_17_47,14.0289,0,2,0,14.02891,0.0000,0.0000,0.0000,0.0000,0.0000,0.0000,0,0,,,,,,,,0,0,0,0,0,0,0,0,0,0,0,0,0,0,0,0,0,0,0,0,0,0,0,0,0,0,0,0,0,0,0,0,0,0,0,0,0,0,0,0,0,0,0,0,0,0,0,0,0,0,0,
hello,6_30,11_17_47,14.0359,0,2,0,14.03593,0.0000,0.0000,0.0000,0.0000,0.0000,0.0000,0,0,,,,,,,,0,0,0,0,0,0,0,0,0,0,0,0,0,0,0,0,0,0,0,0,0,0,0,0,0,0,0,0,0,0,0,0,0,0,0,0,0,0,0,0,0,0,0,0,0,0,0,0,0,0,0,
hello,6_30,11_17_47,14.0632,0,2,0,14.06316,0.0000,0.0000,0.0000,0.0000,0.0000,0.0000,0,0,,,,,,,,0,0,0,0,0,0,0,0,0,0,0,0,0,0,0,0,0,0,0,0,0,0,0,0,0,0,0,0,0,0,0,0,0,0,0,0,0,0,0,0,0,0,0,0,0,0,0,0,0,0,0,
hello,6_30,11_17_47,14.0724,0,2,0,14.07236,0.0000,0.0000,0.0000,0.0000,0.0000,0.0000,0,0,,,,,,,,0,0,0,0,0,0,0,0,0,0,0,0,0,0,0,0,0,0,0,0,0,0,0,0,0,0,0,0,0,0,0,0,0,0,0,0,0,0,0,0,0,0,0,0,0,0,0,0,0,0,0,
hello,6_30,11_17_47,14.0779,0,2,0,14.07792,0.0000,0.0000,0.0000,0.0000,0.0000,0.0000,0,0,,,,,,,,0,0,0,0,0,0,0,0,0,0,0,0,0,0,0,0,0,0,0,0,0,0,0,0,0,0,0,0,0,0,0,0,0,0,0,0,0,0,0,0,0,0,0,0,0,0,0,0,0,0,0,
hello,6_30,11_17_47,14.0830,0,2,0,14.08296,0.0000,0.0000,0.0000,0.0000,0.0000,0.0000,0,0,,,,,,,,0,0,0,0,0,0,0,0,0,0,0,0,0,0,0,0,0,0,0,0,0,0,0,0,0,0,0,0,0,0,0,0,0,0,0,0,0,0,0,0,0,0,0,0,0,0,0,0,0,0,0,
hello,6_30,11_17_47,14.0869,0,2,0,14.08694,0.0000,0.0000,0.0000,0.0000,0.0000,0.0000,0,0,,,,,,,,0,0,0,0,0,0,0,0,0,0,0,0,0,0,0,0,0,0,0,0,0,0,0,0,0,0,0,0,0,0,0,0,0,0,0,0,0,0,0,0,0,0,0,0,0,0,0,0,0,0,0,
hello,6_30,11_17_47,14.0923,0,2,0,14.0923,0.0000,0.0000,0.0000,0.0000,0.0000,0.0000,0,0,,,,,,,,0,0,0,0,0,0,0,0,0,0,0,0,0,0,0,0,0,0,0,0,0,0,0,0,0,0,0,0,0,0,0,0,0,0,0,0,0,0,0,0,0,0,0,0,0,0,0,0,0,0,0,
hello,6_30,11_17_47,14.0962,0,2,0,14.0962,0.0000,0.0000,0.0000,0.0000,0.0000,0.0000,0,0,,,,,,,,0,0,0,0,0,0,0,0,0,0,0,0,0,0,0,0,0,0,0,0,0,0,0,0,0,0,0,0,0,0,0,0,0,0,0,0,0,0,0,0,0,0,0,0,0,0,0,0,0,0,0,
hello,6_30,11_17_47,14.1022,0,2,0,14.10222,0.0000,0.0000,0.0000,0.0000,0.0000,0.0000,0,0,,,,,,,,0,0,0,0,0,0,0,0,0,0,0,0,0,0,0,0,0,0,0,0,0,0,0,0,0,0,0,0,0,0,0,0,0,0,0,0,0,0,0,0,0,0,0,0,0,0,0,0,0,0,0,
hello,6_30,11_17_47,14.1071,0,2,0,14.10713,0.0000,0.0000,0.0000,0.0000,0.0000,0.0000,0,0,,,,,,,,0,0,0,0,0,0,0,0,0,0,0,0,0,0,0,0,0,0,0,0,0,0,0,0,0,0,0,0,0,0,0,0,0,0,0,0,0,0,0,0,0,0,0,0,0,0,0,0,0,0,0,
hello,6_30,11_17_47,14.1110,0,2,0,14.11097,0.0000,0.0000,0.0000,0.0000,0.0000,0.0000,0,0,,,,,,,,0,0,0,0,0,0,0,0,0,0,0,0,0,0,0,0,0,0,0,0,0,0,0,0,0,0,0,0,0,0,0,0,0,0,0,0,0,0,0,0,0,0,0,0,0,0,0,0,0,0,0,
hello,6_30,11_17_47,14.1160,0,2,0,14.11603,0.0000,0.0000,0.0000,0.0000,0.0000,0.0000,0,0,,,,,,,,0,0,0,0,0,0,0,0,0,0,0,0,0,0,0,0,0,0,0,0,0,0,0,0,0,0,0,0,0,0,0,0,0,0,0,0,0,0,0,0,0,0,0,0,0,0,0,0,0,0,0,
hello,6_30,11_17_47,14.1199,0,2,0,14.1199,0.0000,0.0000,0.0000,0.0000,0.0000,0.0000,0,0,,,,,,,,0,0,0,0,0,0,0,0,0,0,0,0,0,0,0,0,0,0,0,0,0,0,0,0,0,0,0,0,0,0,0,0,0,0,0,0,0,0,0,0,0,0,0,0,0,0,0,0,0,0,0,
hello,6_30,11_17_47,14.1240,0,2,0,14.12399,0.0000,0.0000,0.0000,0.0000,0.0000,0.0000,0,0,,,,,,,,0,0,0,0,0,0,0,0,0,0,0,0,0,0,0,0,0,0,0,0,0,0,0,0,0,0,0,0,0,0,0,0,0,0,0,0,0,0,0,0,0,0,0,0,0,0,0,0,0,0,0,
hello,6_30,11_17_47,14.1284,0,2,0,14.12841,0.0000,0.0000,0.0000,0.0000,0.0000,0.0000,0,0,,,,,,,,0,0,0,0,0,0,0,0,0,0,0,0,0,0,0,0,0,0,0,0,0,0,0,0,0,0,0,0,0,0,0,0,0,0,0,0,0,0,0,0,0,0,0,0,0,0,0,0,0,0,0,
hello,6_30,11_17_47,14.1339,0,2,0,14.13394,0.0000,0.0000,0.0000,0.0000,0.0000,0.0000,0,0,,,,,,,,0,0,0,0,0,0,0,0,0,0,0,0,0,0,0,0,0,0,0,0,0,0,0,0,0,0,0,0,0,0,0,0,0,0,0,0,0,0,0,0,0,0,0,0,0,0,0,0,0,0,0,
hello,6_30,11_17_47,14.1390,0,2,0,14.13896,0.0000,0.0000,0.0000,0.0000,0.0000,0.0000,0,0,,,,,,,,0,0,0,0,0,0,0,0,0,0,0,0,0,0,0,0,0,0,0,0,0,0,0,0,0,0,0,0,0,0,0,0,0,0,0,0,0,0,0,0,0,0,0,0,0,0,0,0,0,0,0,
hello,6_30,11_17_47,14.1429,0,2,0,14.14289,0.0000,0.0000,0.0000,0.0000,0.0000,0.0000,0,0,,,,,,,,0,0,0,0,0,0,0,0,0,0,0,0,0,0,0,0,0,0,0,0,0,0,0,0,0,0,0,0,0,0,0,0,0,0,0,0,0,0,0,0,0,0,0,0,0,0,0,0,0,0,0,
hello,6_30,11_17_47,14.1471,0,2,0,14.14709,0.0000,0.0000,0.0000,0.0000,0.0000,0.0000,0,0,,,,,,,,0,0,0,0,0,0,0,0,0,0,0,0,0,0,0,0,0,0,0,0,0,0,0,0,0,0,0,0,0,0,0,0,0,0,0,0,0,0,0,0,0,0,0,0,0,0,0,0,0,0,0,
hello,6_30,11_17_47,14.1512,0,2,0,14.15119,0.0000,0.0000,0.0000,0.0000,0.0000,0.0000,0,0,,,,,,,,0,0,0,0,0,0,0,0,0,0,0,0,0,0,0,0,0,0,0,0,0,0,0,0,0,0,0,0,0,0,0,0,0,0,0,0,0,0,0,0,0,0,0,0,0,0,0,0,0,0,0,
hello,6_30,11_17_47,14.1563,0,2,0,14.1563,0.0000,0.0000,0.0000,0.0000,0.0000,0.0000,0,0,,,,,,,,0,0,0,0,0,0,0,0,0,0,0,0,0,0,0,0,0,0,0,0,0,0,0,0,0,0,0,0,0,0,0,0,0,0,0,0,0,0,0,0,0,0,0,0,0,0,0,0,0,0,0,
hello,6_30,11_17_47,14.1603,0,2,0,14.16026,0.0000,0.0000,0.0000,0.0000,0.0000,0.0000,0,0,,,,,,,,0,0,0,0,0,0,0,0,0,0,0,0,0,0,0,0,0,0,0,0,0,0,0,0,0,0,0,0,0,0,0,0,0,0,0,0,0,0,0,0,0,0,0,0,0,0,0,0,0,0,0,
hello,6_30,11_17_47,14.1642,0,2,0,14.16421,0.0000,0.0000,0.0000,0.0000,0.0000,0.0000,0,0,,,,,,,,0,0,0,0,0,0,0,0,0,0,0,0,0,0,0,0,0,0,0,0,0,0,0,0,0,0,0,0,0,0,0,0,0,0,0,0,0,0,0,0,0,0,0,0,0,0,0,0,0,0,0,
hello,6_30,11_17_47,14.1680,0,2,0,14.16804,0.0000,0.0000,0.0000,0.0000,0.0000,0.0000,0,0,,,,,,,,0,0,0,0,0,0,0,0,0,0,0,0,0,0,0,0,0,0,0,0,0,0,0,0,0,0,0,0,0,0,0,0,0,0,0,0,0,0,0,0,0,0,0,0,0,0,0,0,0,0,0,
hello,6_30,11_17_47,14.1719,0,2,0,14.17194,0.0000,0.0000,0.0000,0.0000,0.0000,0.0000,0,0,,,,,,,,0,0,0,0,0,0,0,0,0,0,0,0,0,0,0,0,0,0,0,0,0,0,0,0,0,0,0,0,0,0,0,0,0,0,0,0,0,0,0,0,0,0,0,0,0,0,0,0,0,0,0,
hello,6_30,11_17_47,14.1756,0,2,0,14.17564,0.0000,0.0000,0.0000,0.0000,0.0000,0.0000,0,0,,,,,,,,0,0,0,0,0,0,0,0,0,0,0,0,0,0,0,0,0,0,0,0,0,0,0,0,0,0,0,0,0,0,0,0,0,0,0,0,0,0,0,0,0,0,0,0,0,0,0,0,0,0,0,
hello,6_30,11_17_47,14.1793,0,2,0,14.17926,0.0000,0.0000,0.0000,0.0000,0.0000,0.0000,0,0,,,,,,,,0,0,0,0,0,0,0,0,0,0,0,0,0,0,0,0,0,0,0,0,0,0,0,0,0,0,0,0,0,0,0,0,0,0,0,0,0,0,0,0,0,0,0,0,0,0,0,0,0,0,0,
hello,6_30,11_17_47,14.1831,0,2,0,14.18306,0.0000,0.0000,0.0000,0.0000,0.0000,0.0000,0,0,,,,,,,,0,0,0,0,0,0,0,0,0,0,0,0,0,0,0,0,0,0,0,0,0,0,0,0,0,0,0,0,0,0,0,0,0,0,0,0,0,0,0,0,0,0,0,0,0,0,0,0,0,0,0,
hello,6_30,11_17_47,14.1872,0,2,0,14.18718,0.0000,0.0000,0.0000,0.0000,0.0000,0.0000,0,0,,,,,,,,0,0,0,0,0,0,0,0,0,0,0,0,0,0,0,0,0,0,0,0,0,0,0,0,0,0,0,0,0,0,0,0,0,0,0,0,0,0,0,0,0,0,0,0,0,0,0,0,0,0,0,
hello,6_30,11_17_47,14.1930,0,2,0,14.19295,0.0000,0.0000,0.0000,0.0000,0.0000,0.0000,0,0,,,,,,,,0,0,0,0,0,0,0,0,0,0,0,0,0,0,0,0,0,0,0,0,0,0,0,0,0,0,0,0,0,0,0,0,0,0,0,0,0,0,0,0,0,0,0,0,0,0,0,0,0,0,0,
hello,6_30,11_17_47,14.1971,0,2,0,14.19709,0.0000,0.0000,0.0000,0.0000,0.0000,0.0000,0,0,,,,,,,,0,0,0,0,0,0,0,0,0,0,0,0,0,0,0,0,0,0,0,0,0,0,0,0,0,0,0,0,0,0,0,0,0,0,0,0,0,0,0,0,0,0,0,0,0,0,0,0,0,0,0,
hello,6_30,11_17_47,14.2014,0,2,0,14.20144,0.0000,0.0000,0.0000,0.0000,0.0000,0.0000,0,0,,,,,,,,0,0,0,0,0,0,0,0,0,0,0,0,0,0,0,0,0,0,0,0,0,0,0,0,0,0,0,0,0,0,0,0,0,0,0,0,0,0,0,0,0,0,0,0,0,0,0,0,0,0,0,
hello,6_30,11_17_47,14.2053,0,2,0,14.20529,0.0000,0.0000,0.0000,0.0000,0.0000,0.0000,0,0,,,,,,,,0,0,0,0,0,0,0,0,0,0,0,0,0,0,0,0,0,0,0,0,0,0,0,0,0,0,0,0,0,0,0,0,0,0,0,0,0,0,0,0,0,0,0,0,0,0,0,0,0,0,0,
hello,6_30,11_17_47,14.2093,0,2,0,14.20926,0.0000,0.0000,0.0000,0.0000,0.0000,0.0000,0,0,,,,,,,,0,0,0,0,0,0,0,0,0,0,0,0,0,0,0,0,0,0,0,0,0,0,0,0,0,0,0,0,0,0,0,0,0,0,0,0,0,0,0,0,0,0,0,0,0,0,0,0,0,0,0,
hello,6_30,11_17_47,14.2133,0,2,0,14.21325,0.0000,0.0000,0.0000,0.0000,0.0000,0.0000,0,0,,,,,,,,0,0,0,0,0,0,0,0,0,0,0,0,0,0,0,0,0,0,0,0,0,0,0,0,0,0,0,0,0,0,0,0,0,0,0,0,0,0,0,0,0,0,0,0,0,0,0,0,0,0,0,
hello,6_30,11_17_47,14.2171,0,2,0,14.21713,0.0000,0.0000,0.0000,0.0000,0.0000,0.0000,0,0,,,,,,,,0,0,0,0,0,0,0,0,0,0,0,0,0,0,0,0,0,0,0,0,0,0,0,0,0,0,0,0,0,0,0,0,0,0,0,0,0,0,0,0,0,0,0,0,0,0,0,0,0,0,0,
hello,6_30,11_17_47,14.2210,0,2,0,14.22095,0.0000,0.0000,0.0000,0.0000,0.0000,0.0000,0,0,,,,,,,,0,0,0,0,0,0,0,0,0,0,0,0,0,0,0,0,0,0,0,0,0,0,0,0,0,0,0,0,0,0,0,0,0,0,0,0,0,0,0,0,0,0,0,0,0,0,0,0,0,0,0,
hello,6_30,11_17_47,14.2260,0,2,0,14.22599,0.0000,0.0000,0.0000,0.0000,0.0000,0.0000,0,0,,,,,,,,0,0,0,0,0,0,0,0,0,0,0,0,0,0,0,0,0,0,0,0,0,0,0,0,0,0,0,0,0,0,0,0,0,0,0,0,0,0,0,0,0,0,0,0,0,0,0,0,0,0,0,
hello,6_30,11_17_47,14.2320,0,2,0,14.23195,0.0000,0.0000,0.0000,0.0000,0.0000,0.0000,0,0,,,,,,,,0,0,0,0,0,0,0,0,0,0,0,0,0,0,0,0,0,0,0,0,0,0,0,0,0,0,0,0,0,0,0,0,0,0,0,0,0,0,0,0,0,0,0,0,0,0,0,0,0,0,0,
hello,6_30,11_17_47,14.2359,0,2,0,14.23591,0.0000,0.0000,0.0000,0.0000,0.0000,0.0000,0,0,,,,,,,,0,0,0,0,0,0,0,0,0,0,0,0,0,0,0,0,0,0,0,0,0,0,0,0,0,0,0,0,0,0,0,0,0,0,0,0,0,0,0,0,0,0,0,0,0,0,0,0,0,0,0,
hello,6_30,11_17_47,14.2399,0,2,0,14.23986,0.0000,0.0000,0.0000,0.0000,0.0000,0.0000,0,0,,,,,,,,0,0,0,0,0,0,0,0,0,0,0,0,0,0,0,0,0,0,0,0,0,0,0,0,0,0,0,0,0,0,0,0,0,0,0,0,0,0,0,0,0,0,0,0,0,0,0,0,0,0,0,
hello,6_30,11_17_47,14.2640,0,2,0,14.26403,0.0000,0.0000,0.0000,0.0000,0.0000,0.0000,0,0,,,,,,,,0,0,0,0,0,0,0,0,0,0,0,0,0,0,0,0,0,0,0,0,0,0,0,0,0,0,0,0,0,0,0,0,0,0,0,0,0,0,0,0,0,0,0,0,0,0,0,0,0,0,0,
hello,6_30,11_17_47,14.2701,0,2,0,14.27009,0.0000,0.0000,0.0000,0.0000,0.0000,0.0000,0,0,,,,,,,,0,0,0,0,0,0,0,0,0,0,0,0,0,0,0,0,0,0,0,0,0,0,0,0,0,0,0,0,0,0,0,0,0,0,0,0,0,0,0,0,0,0,0,0,0,0,0,0,0,0,0,
hello,6_30,11_17_47,14.2742,0,2,0,14.2742,0.0000,0.0000,0.0000,0.0000,0.0000,0.0000,0,0,,,,,,,,0,0,0,0,0,0,0,0,0,0,0,0,0,0,0,0,0,0,0,0,0,0,0,0,0,0,0,0,0,0,0,0,0,0,0,0,0,0,0,0,0,0,0,0,0,0,0,0,0,0,0,
hello,6_30,11_17_47,14.2781,0,2,0,14.27805,0.0000,0.0000,0.0000,0.0000,0.0000,0.0000,0,0,,,,,,,,0,0,0,0,0,0,0,0,0,0,0,0,0,0,0,0,0,0,0,0,0,0,0,0,0,0,0,0,0,0,0,0,0,0,0,0,0,0,0,0,0,0,0,0,0,0,0,0,0,0,0,
hello,6_30,11_17_47,14.2821,0,2,0,14.28212,0.0000,0.0000,0.0000,0.0000,0.0000,0.0000,0,0,,,,,,,,0,0,0,0,0,0,0,0,0,0,0,0,0,0,0,0,0,0,0,0,0,0,0,0,0,0,0,0,0,0,0,0,0,0,0,0,0,0,0,0,0,0,0,0,0,0,0,0,0,0,0,
hello,6_30,11_17_47,14.2867,0,2,0,14.28674,0.0000,0.0000,0.0000,0.0000,0.0000,0.0000,0,0,,,,,,,,0,0,0,0,0,0,0,0,0,0,0,0,0,0,0,0,0,0,0,0,0,0,0,0,0,0,0,0,0,0,0,0,0,0,0,0,0,0,0,0,0,0,0,0,0,0,0,0,0,0,0,
hello,6_30,11_17_47,14.2912,0,2,0,14.29118,0.0000,0.0000,0.0000,0.0000,0.0000,0.0000,0,0,,,,,,,,0,0,0,0,0,0,0,0,0,0,0,0,0,0,0,0,0,0,0,0,0,0,0,0,0,0,0,0,0,0,0,0,0,0,0,0,0,0,0,0,0,0,0,0,0,0,0,0,0,0,0,
hello,6_30,11_17_47,14.2953,0,2,0,14.29531,0.0000,0.0000,0.0000,0.0000,0.0000,0.0000,0,0,,,,,,,,0,0,0,0,0,0,0,0,0,0,0,0,0,0,0,0,0,0,0,0,0,0,0,0,0,0,0,0,0,0,0,0,0,0,0,0,0,0,0,0,0,0,0,0,0,0,0,0,0,0,0,
hello,6_30,11_17_47,14.2996,0,2,0,14.29956,0.0000,0.0000,0.0000,0.0000,0.0000,0.0000,0,0,,,,,,,,0,0,0,0,0,0,0,0,0,0,0,0,0,0,0,0,0,0,0,0,0,0,0,0,0,0,0,0,0,0,0,0,0,0,0,0,0,0,0,0,0,0,0,0,0,0,0,0,0,0,0,
hello,6_30,11_17_47,14.3033,0,2,0,14.3033,0.0000,0.0000,0.0000,0.0000,0.0000,0.0000,0,0,,,,,,,,0,0,0,0,0,0,0,0,0,0,0,0,0,0,0,0,0,0,0,0,0,0,0,0,0,0,0,0,0,0,0,0,0,0,0,0,0,0,0,0,0,0,0,0,0,0,0,0,0,0,0,
hello,6_30,11_17_47,14.3073,0,2,0,14.30729,0.0000,0.0000,0.0000,0.0000,0.0000,0.0000,0,0,,,,,,,,0,0,0,0,0,0,0,0,0,0,0,0,0,0,0,0,0,0,0,0,0,0,0,0,0,0,0,0,0,0,0,0,0,0,0,0,0,0,0,0,0,0,0,0,0,0,0,0,0,0,0,
hello,6_30,11_17_47,14.3111,0,2,0,14.31114,0.0000,0.0000,0.0000,0.0000,0.0000,0.0000,0,0,,,,,,,,0,0,0,0,0,0,0,0,0,0,0,0,0,0,0,0,0,0,0,0,0,0,0,0,0,0,0,0,0,0,0,0,0,0,0,0,0,0,0,0,0,0,0,0,0,0,0,0,0,0,0,
hello,6_30,11_17_47,14.3149,0,2,0,14.3149,0.0000,0.0000,0.0000,0.0000,0.0000,0.0000,0,0,,,,,,,,0,0,0,0,0,0,0,0,0,0,0,0,0,0,0,0,0,0,0,0,0,0,0,0,0,0,0,0,0,0,0,0,0,0,0,0,0,0,0,0,0,0,0,0,0,0,0,0,0,0,0,
hello,6_30,11_17_47,14.3192,0,2,0,14.31921,0.0000,0.0000,0.0000,0.0000,0.0000,0.0000,0,0,,,,,,,,0,0,0,0,0,0,0,0,0,0,0,0,0,0,0,0,0,0,0,0,0,0,0,0,0,0,0,0,0,0,0,0,0,0,0,0,0,0,0,0,0,0,0,0,0,0,0,0,0,0,0,
hello,6_30,11_17_47,14.3241,0,2,0,14.32408,0.0000,0.0000,0.0000,0.0000,0.0000,0.0000,0,0,,,,,,,,0,0,0,0,0,0,0,0,0,0,0,0,0,0,0,0,0,0,0,0,0,0,0,0,0,0,0,0,0,0,0,0,0,0,0,0,0,0,0,0,0,0,0,0,0,0,0,0,0,0,0,
hello,6_30,11_17_47,14.3287,0,2,0,14.32868,0.0000,0.0000,0.0000,0.0000,0.0000,0.0000,0,0,,,,,,,,0,0,0,0,0,0,0,0,0,0,0,0,0,0,0,0,0,0,0,0,0,0,0,0,0,0,0,0,0,0,0,0,0,0,0,0,0,0,0,0,0,0,0,0,0,0,0,0,0,0,0,
hello,6_30,11_17_47,14.3327,0,2,0,14.33268,0.0000,0.0000,0.0000,0.0000,0.0000,0.0000,0,0,,,,,,,,0,0,0,0,0,0,0,0,0,0,0,0,0,0,0,0,0,0,0,0,0,0,0,0,0,0,0,0,0,0,0,0,0,0,0,0,0,0,0,0,0,0,0,0,0,0,0,0,0,0,0,
hello,6_30,11_17_47,14.3369,0,2,0,14.33685,0.0000,0.0000,0.0000,0.0000,0.0000,0.0000,0,0,,,,,,,,0,0,0,0,0,0,0,0,0,0,0,0,0,0,0,0,0,0,0,0,0,0,0,0,0,0,0,0,0,0,0,0,0,0,0,0,0,0,0,0,0,0,0,0,0,0,0,0,0,0,0,
hello,6_30,11_17_47,14.3410,0,2,0,14.34103,0.0000,0.0000,0.0000,0.0000,0.0000,0.0000,0,0,,,,,,,,0,0,0,0,0,0,0,0,0,0,0,0,0,0,0,0,0,0,0,0,0,0,0,0,0,0,0,0,0,0,0,0,0,0,0,0,0,0,0,0,0,0,0,0,0,0,0,0,0,0,0,
hello,6_30,11_17_47,14.3455,0,2,0,14.34546,0.0000,0.0000,0.0000,0.0000,0.0000,0.0000,0,0,,,,,,,,0,0,0,0,0,0,0,0,0,0,0,0,0,0,0,0,0,0,0,0,0,0,0,0,0,0,0,0,0,0,0,0,0,0,0,0,0,0,0,0,0,0,0,0,0,0,0,0,0,0,0,
hello,6_30,11_17_47,14.3503,0,2,0,14.35033,0.0000,0.0000,0.0000,0.0000,0.0000,0.0000,0,0,,,,,,,,0,0,0,0,0,0,0,0,0,0,0,0,0,0,0,0,0,0,0,0,0,0,0,0,0,0,0,0,0,0,0,0,0,0,0,0,0,0,0,0,0,0,0,0,0,0,0,0,0,0,0,
hello,6_30,11_17_47,14.3552,0,2,0,14.35523,0.0000,0.0000,0.0000,0.0000,0.0000,0.0000,0,0,,,,,,,,0,0,0,0,0,0,0,0,0,0,0,0,0,0,0,0,0,0,0,0,0,0,0,0,0,0,0,0,0,0,0,0,0,0,0,0,0,0,0,0,0,0,0,0,0,0,0,0,0,0,0,
hello,6_30,11_17_47,14.3610,0,2,0,14.36103,0.0000,0.0000,0.0000,0.0000,0.0000,0.0000,0,0,,,,,,,,0,0,0,0,0,0,0,0,0,0,0,0,0,0,0,0,0,0,0,0,0,0,0,0,0,0,0,0,0,0,0,0,0,0,0,0,0,0,0,0,0,0,0,0,0,0,0,0,0,0,0,
hello,6_30,11_17_47,14.3657,0,2,0,14.36572,0.0000,0.0000,0.0000,0.0000,0.0000,0.0000,0,0,,,,,,,,0,0,0,0,0,0,0,0,0,0,0,0,0,0,0,0,0,0,0,0,0,0,0,0,0,0,0,0,0,0,0,0,0,0,0,0,0,0,0,0,0,0,0,0,0,0,0,0,0,0,0,
hello,6_30,11_17_47,14.3698,0,2,0,14.36981,0.0000,0.0000,0.0000,0.0000,0.0000,0.0000,0,0,,,,,,,,0,0,0,0,0,0,0,0,0,0,0,0,0,0,0,0,0,0,0,0,0,0,0,0,0,0,0,0,0,0,0,0,0,0,0,0,0,0,0,0,0,0,0,0,0,0,0,0,0,0,0,
hello,6_30,11_17_47,14.3737,0,2,0,14.37372,0.0000,0.0000,0.0000,0.0000,0.0000,0.0000,0,0,,,,,,,,0,0,0,0,0,0,0,0,0,0,0,0,0,0,0,0,0,0,0,0,0,0,0,0,0,0,0,0,0,0,0,0,0,0,0,0,0,0,0,0,0,0,0,0,0,0,0,0,0,0,0,
hello,6_30,11_17_47,14.3780,0,2,0,14.37799,0.0000,0.0000,0.0000,0.0000,0.0000,0.0000,0,0,,,,,,,,0,0,0,0,0,0,0,0,0,0,0,0,0,0,0,0,0,0,0,0,0,0,0,0,0,0,0,0,0,0,0,0,0,0,0,0,0,0,0,0,0,0,0,0,0,0,0,0,0,0,0,
hello,6_30,11_17_47,14.3824,0,2,0,14.38239,0.0000,0.0000,0.0000,0.0000,0.0000,0.0000,0,0,,,,,,,,0,0,0,0,0,0,0,0,0,0,0,0,0,0,0,0,0,0,0,0,0,0,0,0,0,0,0,0,0,0,0,0,0,0,0,0,0,0,0,0,0,0,0,0,0,0,0,0,0,0,0,
hello,6_30,11_17_47,14.3871,0,2,0,14.38711,0.0000,0.0000,0.0000,0.0000,0.0000,0.0000,0,0,,,,,,,,0,0,0,0,0,0,0,0,0,0,0,0,0,0,0,0,0,0,0,0,0,0,0,0,0,0,0,0,0,0,0,0,0,0,0,0,0,0,0,0,0,0,0,0,0,0,0,0,0,0,0,
hello,6_30,11_17_47,14.3913,0,2,0,14.39126,0.0000,0.0000,0.0000,0.0000,0.0000,0.0000,0,0,,,,,,,,0,0,0,0,0,0,0,0,0,0,0,0,0,0,0,0,0,0,0,0,0,0,0,0,0,0,0,0,0,0,0,0,0,0,0,0,0,0,0,0,0,0,0,0,0,0,0,0,0,0,0,
hello,6_30,11_17_47,14.3952,0,2,0,14.39522,0.0000,0.0000,0.0000,0.0000,0.0000,0.0000,0,0,,,,,,,,0,0,0,0,0,0,0,0,0,0,0,0,0,0,0,0,0,0,0,0,0,0,0,0,0,0,0,0,0,0,0,0,0,0,0,0,0,0,0,0,0,0,0,0,0,0,0,0,0,0,0,
hello,6_30,11_17_47,14.3994,0,2,0,14.39937,0.0000,0.0000,0.0000,0.0000,0.0000,0.0000,0,0,,,,,,,,0,0,0,0,0,0,0,0,0,0,0,0,0,0,0,0,0,0,0,0,0,0,0,0,0,0,0,0,0,0,0,0,0,0,0,0,0,0,0,0,0,0,0,0,0,0,0,0,0,0,0,
hello,6_30,11_17_47,14.4037,0,2,0,14.40369,0.0000,0.0000,0.0000,0.0000,0.0000,0.0000,0,0,,,,,,,,0,0,0,0,0,0,0,0,0,0,0,0,0,0,0,0,0,0,0,0,0,0,0,0,0,0,0,0,0,0,0,0,0,0,0,0,0,0,0,0,0,0,0,0,0,0,0,0,0,0,0,
hello,6_30,11_17_47,14.4077,0,2,0,14.40773,0.0000,0.0000,0.0000,0.0000,0.0000,0.0000,0,0,,,,,,,,0,0,0,0,0,0,0,0,0,0,0,0,0,0,0,0,0,0,0,0,0,0,0,0,0,0,0,0,0,0,0,0,0,0,0,0,0,0,0,0,0,0,0,0,0,0,0,0,0,0,0,
hello,6_30,11_17_47,14.4119,0,2,0,14.41187,0.0000,0.0000,0.0000,0.0000,0.0000,0.0000,0,0,,,,,,,,0,0,0,0,0,0,0,0,0,0,0,0,0,0,0,0,0,0,0,0,0,0,0,0,0,0,0,0,0,0,0,0,0,0,0,0,0,0,0,0,0,0,0,0,0,0,0,0,0,0,0,
hello,6_30,11_17_47,14.4157,0,2,0,14.41571,0.0000,0.0000,0.0000,0.0000,0.0000,0.0000,0,0,,,,,,,,0,0,0,0,0,0,0,0,0,0,0,0,0,0,0,0,0,0,0,0,0,0,0,0,0,0,0,0,0,0,0,0,0,0,0,0,0,0,0,0,0,0,0,0,0,0,0,0,0,0,0,
hello,6_30,11_17_47,14.4201,0,2,0,14.42006,0.0000,0.0000,0.0000,0.0000,0.0000,0.0000,0,0,,,,,,,,0,0,0,0,0,0,0,0,0,0,0,0,0,0,0,0,0,0,0,0,0,0,0,0,0,0,0,0,0,0,0,0,0,0,0,0,0,0,0,0,0,0,0,0,0,0,0,0,0,0,0,
hello,6_30,11_17_47,14.4244,0,2,0,14.42444,0.0000,0.0000,0.0000,0.0000,0.0000,0.0000,0,0,,,,,,,,0,0,0,0,0,0,0,0,0,0,0,0,0,0,0,0,0,0,0,0,0,0,0,0,0,0,0,0,0,0,0,0,0,0,0,0,0,0,0,0,0,0,0,0,0,0,0,0,0,0,0,
hello,6_30,11_17_47,14.4284,0,2,0,14.42839,0.0000,0.0000,0.0000,0.0000,0.0000,0.0000,0,0,,,,,,,,0,0,0,0,0,0,0,0,0,0,0,0,0,0,0,0,0,0,0,0,0,0,0,0,0,0,0,0,0,0,0,0,0,0,0,0,0,0,0,0,0,0,0,0,0,0,0,0,0,0,0,
hello,6_30,11_17_47,14.4320,0,2,0,14.43201,0.0000,0.0000,0.0000,0.0000,0.0000,0.0000,0,0,,,,,,,,0,0,0,0,0,0,0,0,0,0,0,0,0,0,0,0,0,0,0,0,0,0,0,0,0,0,0,0,0,0,0,0,0,0,0,0,0,0,0,0,0,0,0,0,0,0,0,0,0,0,0,
hello,6_30,11_17_47,14.4353,0,2,0,14.43534,0.0000,0.0000,0.0000,0.0000,0.0000,0.0000,0,0,,,,,,,,0,0,0,0,0,0,0,0,0,0,0,0,0,0,0,0,0,0,0,0,0,0,0,0,0,0,0,0,0,0,0,0,0,0,0,0,0,0,0,0,0,0,0,0,0,0,0,0,0,0,0,
hello,6_30,11_17_47,14.4387,0,2,0,14.43869,0.0000,0.0000,0.0000,0.0000,0.0000,0.0000,0,0,,,,,,,,0,0,0,0,0,0,0,0,0,0,0,0,0,0,0,0,0,0,0,0,0,0,0,0,0,0,0,0,0,0,0,0,0,0,0,0,0,0,0,0,0,0,0,0,0,0,0,0,0,0,0,
hello,6_30,11_17_47,14.4424,0,2,0,14.44236,0.0000,0.0000,0.0000,0.0000,0.0000,0.0000,0,0,,,,,,,,0,0,0,0,0,0,0,0,0,0,0,0,0,0,0,0,0,0,0,0,0,0,0,0,0,0,0,0,0,0,0,0,0,0,0,0,0,0,0,0,0,0,0,0,0,0,0,0,0,0,0,
hello,6_30,11_17_47,14.4646,0,2,0,14.46463,0.0000,0.0000,0.0000,0.0000,0.0000,0.0000,0,0,,,,,,,,0,0,0,0,0,0,0,0,0,0,0,0,0,0,0,0,0,0,0,0,0,0,0,0,0,0,0,0,0,0,0,0,0,0,0,0,0,0,0,0,0,0,0,0,0,0,0,0,0,0,0,
hello,6_30,11_17_47,14.4687,0,2,0,14.46867,0.0000,0.0000,0.0000,0.0000,0.0000,0.0000,0,0,,,,,,,,0,0,0,0,0,0,0,0,0,0,0,0,0,0,0,0,0,0,0,0,0,0,0,0,0,0,0,0,0,0,0,0,0,0,0,0,0,0,0,0,0,0,0,0,0,0,0,0,0,0,0,
hello,6_30,11_17_47,14.4722,0,2,0,14.47216,0.0000,0.0000,0.0000,0.0000,0.0000,0.0000,0,0,,,,,,,,0,0,0,0,0,0,0,0,0,0,0,0,0,0,0,0,0,0,0,0,0,0,0,0,0,0,0,0,0,0,0,0,0,0,0,0,0,0,0,0,0,0,0,0,0,0,0,0,0,0,0,
hello,6_30,11_17_47,14.4759,0,2,0,14.47586,0.0000,0.0000,0.0000,0.0000,0.0000,0.0000,0,0,,,,,,,,0,0,0,0,0,0,0,0,0,0,0,0,0,0,0,0,0,0,0,0,0,0,0,0,0,0,0,0,0,0,0,0,0,0,0,0,0,0,0,0,0,0,0,0,0,0,0,0,0,0,0,
hello,6_30,11_17_47,14.4800,0,2,0,14.47998,0.0000,0.0000,0.0000,0.0000,0.0000,0.0000,0,0,,,,,,,,0,0,0,0,0,0,0,0,0,0,0,0,0,0,0,0,0,0,0,0,0,0,0,0,0,0,0,0,0,0,0,0,0,0,0,0,0,0,0,0,0,0,0,0,0,0,0,0,0,0,0,
hello,6_30,11_17_47,14.4842,0,2,0,14.4842,0.0000,0.0000,0.0000,0.0000,0.0000,0.0000,0,0,,,,,,,,0,0,0,0,0,0,0,0,0,0,0,0,0,0,0,0,0,0,0,0,0,0,0,0,0,0,0,0,0,0,0,0,0,0,0,0,0,0,0,0,0,0,0,0,0,0,0,0,0,0,0,
hello,6_30,11_17_47,14.4884,0,2,0,14.48838,0.0000,0.0000,0.0000,0.0000,0.0000,0.0000,0,0,,,,,,,,0,0,0,0,0,0,0,0,0,0,0,0,0,0,0,0,0,0,0,0,0,0,0,0,0,0,0,0,0,0,0,0,0,0,0,0,0,0,0,0,0,0,0,0,0,0,0,0,0,0,0,
hello,6_30,11_17_47,14.4926,0,2,0,14.49255,0.0000,0.0000,0.0000,0.0000,0.0000,0.0000,0,0,,,,,,,,0,0,0,0,0,0,0,0,0,0,0,0,0,0,0,0,0,0,0,0,0,0,0,0,0,0,0,0,0,0,0,0,0,0,0,0,0,0,0,0,0,0,0,0,0,0,0,0,0,0,0,
hello,6_30,11_17_47,14.4964,0,2,0,14.49644,0.0000,0.0000,0.0000,0.0000,0.0000,0.0000,0,0,,,,,,,,0,0,0,0,0,0,0,0,0,0,0,0,0,0,0,0,0,0,0,0,0,0,0,0,0,0,0,0,0,0,0,0,0,0,0,0,0,0,0,0,0,0,0,0,0,0,0,0,0,0,0,
hello,6_30,11_17_47,14.5006,0,2,0,14.50056,0.0000,0.0000,0.0000,0.0000,0.0000,0.0000,0,0,,,,,,,,0,0,0,0,0,0,0,0,0,0,0,0,0,0,0,0,0,0,0,0,0,0,0,0,0,0,0,0,0,0,0,0,0,0,0,0,0,0,0,0,0,0,0,0,0,0,0,0,0,0,0,
hello,6_30,11_17_47,14.5051,0,2,0,14.50509,0.0000,0.0000,0.0000,0.0000,0.0000,0.0000,0,0,,,,,,,,0,0,0,0,0,0,0,0,0,0,0,0,0,0,0,0,0,0,0,0,0,0,0,0,0,0,0,0,0,0,0,0,0,0,0,0,0,0,0,0,0,0,0,0,0,0,0,0,0,0,0,
hello,6_30,11_17_47,14.5093,0,2,0,14.50934,0.0000,0.0000,0.0000,0.0000,0.0000,0.0000,0,0,,,,,,,,0,0,0,0,0,0,0,0,0,0,0,0,0,0,0,0,0,0,0,0,0,0,0,0,0,0,0,0,0,0,0,0,0,0,0,0,0,0,0,0,0,0,0,0,0,0,0,0,0,0,0,
hello,6_30,11_17_47,14.5136,0,2,0,14.51358,0.0000,0.0000,0.0000,0.0000,0.0000,0.0000,0,0,,,,,,,,0,0,0,0,0,0,0,0,0,0,0,0,0,0,0,0,0,0,0,0,0,0,0,0,0,0,0,0,0,0,0,0,0,0,0,0,0,0,0,0,0,0,0,0,0,0,0,0,0,0,0,
hello,6_30,11_17_47,14.5174,0,2,0,14.51736,0.0000,0.0000,0.0000,0.0000,0.0000,0.0000,0,0,,,,,,,,0,0,0,0,0,0,0,0,0,0,0,0,0,0,0,0,0,0,0,0,0,0,0,0,0,0,0,0,0,0,0,0,0,0,0,0,0,0,0,0,0,0,0,0,0,0,0,0,0,0,0,
hello,6_30,11_17_47,14.5213,0,2,0,14.52125,0.0000,0.0000,0.0000,0.0000,0.0000,0.0000,0,0,,,,,,,,0,0,0,0,0,0,0,0,0,0,0,0,0,0,0,0,0,0,0,0,0,0,0,0,0,0,0,0,0,0,0,0,0,0,0,0,0,0,0,0,0,0,0,0,0,0,0,0,0,0,0,
hello,6_30,11_17_47,14.5251,0,2,0,14.52512,0.0000,0.0000,0.0000,0.0000,0.0000,0.0000,0,0,,,,,,,,0,0,0,0,0,0,0,0,0,0,0,0,0,0,0,0,0,0,0,0,0,0,0,0,0,0,0,0,0,0,0,0,0,0,0,0,0,0,0,0,0,0,0,0,0,0,0,0,0,0,0,
hello,6_30,11_17_47,14.5289,0,2,0,14.52886,0.0000,0.0000,0.0000,0.0000,0.0000,0.0000,0,0,,,,,,,,0,0,0,0,0,0,0,0,0,0,0,0,0,0,0,0,0,0,0,0,0,0,0,0,0,0,0,0,0,0,0,0,0,0,0,0,0,0,0,0,0,0,0,0,0,0,0,0,0,0,0,
hello,6_30,11_17_47,14.5327,0,2,0,14.53271,0.0000,0.0000,0.0000,0.0000,0.0000,0.0000,0,0,,,,,,,,0,0,0,0,0,0,0,0,0,0,0,0,0,0,0,0,0,0,0,0,0,0,0,0,0,0,0,0,0,0,0,0,0,0,0,0,0,0,0,0,0,0,0,0,0,0,0,0,0,0,0,
hello,6_30,11_17_47,14.5364,0,2,0,14.53639,0.0000,0.0000,0.0000,0.0000,0.0000,0.0000,0,0,,,,,,,,0,0,0,0,0,0,0,0,0,0,0,0,0,0,0,0,0,0,0,0,0,0,0,0,0,0,0,0,0,0,0,0,0,0,0,0,0,0,0,0,0,0,0,0,0,0,0,0,0,0,0,
hello,6_30,11_17_47,14.5401,0,2,0,14.54006,0.0000,0.0000,0.0000,0.0000,0.0000,0.0000,0,0,,,,,,,,0,0,0,0,0,0,0,0,0,0,0,0,0,0,0,0,0,0,0,0,0,0,0,0,0,0,0,0,0,0,0,0,0,0,0,0,0,0,0,0,0,0,0,0,0,0,0,0,0,0,0,
hello,6_30,11_17_47,14.5440,0,2,0,14.54396,0.0000,0.0000,0.0000,0.0000,0.0000,0.0000,0,0,,,,,,,,0,0,0,0,0,0,0,0,0,0,0,0,0,0,0,0,0,0,0,0,0,0,0,0,0,0,0,0,0,0,0,0,0,0,0,0,0,0,0,0,0,0,0,0,0,0,0,0,0,0,0,
hello,6_30,11_17_47,14.5479,0,2,0,14.5479,0.0000,0.0000,0.0000,0.0000,0.0000,0.0000,0,0,,,,,,,,0,0,0,0,0,0,0,0,0,0,0,0,0,0,0,0,0,0,0,0,0,0,0,0,0,0,0,0,0,0,0,0,0,0,0,0,0,0,0,0,0,0,0,0,0,0,0,0,0,0,0,
hello,6_30,11_17_47,14.5520,0,2,0,14.55196,0.0000,0.0000,0.0000,0.0000,0.0000,0.0000,0,0,,,,,,,,0,0,0,0,0,0,0,0,0,0,0,0,0,0,0,0,0,0,0,0,0,0,0,0,0,0,0,0,0,0,0,0,0,0,0,0,0,0,0,0,0,0,0,0,0,0,0,0,0,0,0,
hello,6_30,11_17_47,14.5559,0,2,0,14.55589,0.0000,0.0000,0.0000,0.0000,0.0000,0.0000,0,0,,,,,,,,0,0,0,0,0,0,0,0,0,0,0,0,0,0,0,0,0,0,0,0,0,0,0,0,0,0,0,0,0,0,0,0,0,0,0,0,0,0,0,0,0,0,0,0,0,0,0,0,0,0,0,
hello,6_30,11_17_47,14.5602,0,2,0,14.56015,0.0000,0.0000,0.0000,0.0000,0.0000,0.0000,0,0,,,,,,,,0,0,0,0,0,0,0,0,0,0,0,0,0,0,0,0,0,0,0,0,0,0,0,0,0,0,0,0,0,0,0,0,0,0,0,0,0,0,0,0,0,0,0,0,0,0,0,0,0,0,0,
hello,6_30,11_17_47,14.5644,0,2,0,14.56437,0.0000,0.0000,0.0000,0.0000,0.0000,0.0000,0,0,,,,,,,,0,0,0,0,0,0,0,0,0,0,0,0,0,0,0,0,0,0,0,0,0,0,0,0,0,0,0,0,0,0,0,0,0,0,0,0,0,0,0,0,0,0,0,0,0,0,0,0,0,0,0,
hello,6_30,11_17_47,14.5682,0,2,0,14.56822,0.0000,0.0000,0.0000,0.0000,0.0000,0.0000,0,0,,,,,,,,0,0,0,0,0,0,0,0,0,0,0,0,0,0,0,0,0,0,0,0,0,0,0,0,0,0,0,0,0,0,0,0,0,0,0,0,0,0,0,0,0,0,0,0,0,0,0,0,0,0,0,
hello,6_30,11_17_47,14.5724,0,2,0,14.57244,0.0000,0.0000,0.0000,0.0000,0.0000,0.0000,0,0,,,,,,,,0,0,0,0,0,0,0,0,0,0,0,0,0,0,0,0,0,0,0,0,0,0,0,0,0,0,0,0,0,0,0,0,0,0,0,0,0,0,0,0,0,0,0,0,0,0,0,0,0,0,0,
hello,6_30,11_17_47,14.5767,0,2,0,14.57666,0.0000,0.0000,0.0000,0.0000,0.0000,0.0000,0,0,,,,,,,,0,0,0,0,0,0,0,0,0,0,0,0,0,0,0,0,0,0,0,0,0,0,0,0,0,0,0,0,0,0,0,0,0,0,0,0,0,0,0,0,0,0,0,0,0,0,0,0,0,0,0,
hello,6_30,11_17_47,14.5809,0,2,0,14.58089,0.0000,0.0000,0.0000,0.0000,0.0000,0.0000,0,0,,,,,,,,0,0,0,0,0,0,0,0,0,0,0,0,0,0,0,0,0,0,0,0,0,0,0,0,0,0,0,0,0,0,0,0,0,0,0,0,0,0,0,0,0,0,0,0,0,0,0,0,0,0,0,
hello,6_30,11_17_47,14.5852,0,2,0,14.58521,0.0000,0.0000,0.0000,0.0000,0.0000,0.0000,0,0,,,,,,,,0,0,0,0,0,0,0,0,0,0,0,0,0,0,0,0,0,0,0,0,0,0,0,0,0,0,0,0,0,0,0,0,0,0,0,0,0,0,0,0,0,0,0,0,0,0,0,0,0,0,0,
hello,6_30,11_17_47,14.5891,0,2,0,14.58908,0.0000,0.0000,0.0000,0.0000,0.0000,0.0000,0,0,,,,,,,,0,0,0,0,0,0,0,0,0,0,0,0,0,0,0,0,0,0,0,0,0,0,0,0,0,0,0,0,0,0,0,0,0,0,0,0,0,0,0,0,0,0,0,0,0,0,0,0,0,0,0,
hello,6_30,11_17_47,14.5930,0,2,0,14.59295,0.0000,0.0000,0.0000,0.0000,0.0000,0.0000,0,0,,,,,,,,0,0,0,0,0,0,0,0,0,0,0,0,0,0,0,0,0,0,0,0,0,0,0,0,0,0,0,0,0,0,0,0,0,0,0,0,0,0,0,0,0,0,0,0,0,0,0,0,0,0,0,
hello,6_30,11_17_47,14.5967,0,2,0,14.59672,0.0000,0.0000,0.0000,0.0000,0.0000,0.0000,0,0,,,,,,,,0,0,0,0,0,0,0,0,0,0,0,0,0,0,0,0,0,0,0,0,0,0,0,0,0,0,0,0,0,0,0,0,0,0,0,0,0,0,0,0,0,0,0,0,0,0,0,0,0,0,0,
hello,6_30,11_17_47,14.6006,0,2,0,14.60058,0.0000,0.0000,0.0000,0.0000,0.0000,0.0000,0,0,,,,,,,,0,0,0,0,0,0,0,0,0,0,0,0,0,0,0,0,0,0,0,0,0,0,0,0,0,0,0,0,0,0,0,0,0,0,0,0,0,0,0,0,0,0,0,0,0,0,0,0,0,0,0,
hello,6_30,11_17_47,14.6048,0,2,0,14.60479,0.0000,0.0000,0.0000,0.0000,0.0000,0.0000,0,0,,,,,,,,0,0,0,0,0,0,0,0,0,0,0,0,0,0,0,0,0,0,0,0,0,0,0,0,0,0,0,0,0,0,0,0,0,0,0,0,0,0,0,0,0,0,0,0,0,0,0,0,0,0,0,
hello,6_30,11_17_47,14.6082,0,2,0,14.60817,0.0000,0.0000,0.0000,0.0000,0.0000,0.0000,0,0,,,,,,,,0,0,0,0,0,0,0,0,0,0,0,0,0,0,0,0,0,0,0,0,0,0,0,0,0,0,0,0,0,0,0,0,0,0,0,0,0,0,0,0,0,0,0,0,0,0,0,0,0,0,0,
hello,6_30,11_17_47,14.6123,0,2,0,14.61228,0.0000,0.0000,0.0000,0.0000,0.0000,0.0000,0,0,,,,,,,,0,0,0,0,0,0,0,0,0,0,0,0,0,0,0,0,0,0,0,0,0,0,0,0,0,0,0,0,0,0,0,0,0,0,0,0,0,0,0,0,0,0,0,0,0,0,0,0,0,0,0,
hello,6_30,11_17_47,14.6166,0,2,0,14.61657,0.0000,0.0000,0.0000,0.0000,0.0000,0.0000,0,0,,,,,,,,0,0,0,0,0,0,0,0,0,0,0,0,0,0,0,0,0,0,0,0,0,0,0,0,0,0,0,0,0,0,0,0,0,0,0,0,0,0,0,0,0,0,0,0,0,0,0,0,0,0,0,
hello,6_30,11_17_47,14.6205,0,2,0,14.62052,0.0000,0.0000,0.0000,0.0000,0.0000,0.0000,0,0,,,,,,,,0,0,0,0,0,0,0,0,0,0,0,0,0,0,0,0,0,0,0,0,0,0,0,0,0,0,0,0,0,0,0,0,0,0,0,0,0,0,0,0,0,0,0,0,0,0,0,0,0,0,0,
hello,6_30,11_17_47,14.6246,0,2,0,14.62458,0.0000,0.0000,0.0000,0.0000,0.0000,0.0000,0,0,,,,,,,,0,0,0,0,0,0,0,0,0,0,0,0,0,0,0,0,0,0,0,0,0,0,0,0,0,0,0,0,0,0,0,0,0,0,0,0,0,0,0,0,0,0,0,0,0,0,0,0,0,0,0,
hello,6_30,11_17_47,14.6286,0,2,0,14.62863,0.0000,0.0000,0.0000,0.0000,0.0000,0.0000,0,0,,,,,,,,0,0,0,0,0,0,0,0,0,0,0,0,0,0,0,0,0,0,0,0,0,0,0,0,0,0,0,0,0,0,0,0,0,0,0,0,0,0,0,0,0,0,0,0,0,0,0,0,0,0,0,
hello,6_30,11_17_47,14.6331,0,2,0,14.63306,0.0000,0.0000,0.0000,0.0000,0.0000,0.0000,0,0,,,,,,,,0,0,0,0,0,0,0,0,0,0,0,0,0,0,0,0,0,0,0,0,0,0,0,0,0,0,0,0,0,0,0,0,0,0,0,0,0,0,0,0,0,0,0,0,0,0,0,0,0,0,0,
hello,6_30,11_17_47,14.6374,0,2,0,14.63742,0.0000,0.0000,0.0000,0.0000,0.0000,0.0000,0,0,,,,,,,,0,0,0,0,0,0,0,0,0,0,0,0,0,0,0,0,0,0,0,0,0,0,0,0,0,0,0,0,0,0,0,0,0,0,0,0,0,0,0,0,0,0,0,0,0,0,0,0,0,0,0,
hello,6_30,11_17_47,14.6411,0,2,0,14.64109,0.0000,0.0000,0.0000,0.0000,0.0000,0.0000,0,0,,,,,,,,0,0,0,0,0,0,0,0,0,0,0,0,0,0,0,0,0,0,0,0,0,0,0,0,0,0,0,0,0,0,0,0,0,0,0,0,0,0,0,0,0,0,0,0,0,0,0,0,0,0,0,
hello,6_30,11_17_47,14.6446,0,2,0,14.64463,0.0000,0.0000,0.0000,0.0000,0.0000,0.0000,0,0,,,,,,,,0,0,0,0,0,0,0,0,0,0,0,0,0,0,0,0,0,0,0,0,0,0,0,0,0,0,0,0,0,0,0,0,0,0,0,0,0,0,0,0,0,0,0,0,0,0,0,0,0,0,0,
hello,6_30,11_17_47,14.6684,0,2,0,14.66835,0.0000,0.0000,0.0000,0.0000,0.0000,0.0000,0,0,,,,,,,,0,0,0,0,0,0,0,0,0,0,0,0,0,0,0,0,0,0,0,0,0,0,0,0,0,0,0,0,0,0,0,0,0,0,0,0,0,0,0,0,0,0,0,0,0,0,0,0,0,0,0,
hello,6_30,11_17_47,14.6726,0,2,0,14.67261,0.0000,0.0000,0.0000,0.0000,0.0000,0.0000,0,0,,,,,,,,0,0,0,0,0,0,0,0,0,0,0,0,0,0,0,0,0,0,0,0,0,0,0,0,0,0,0,0,0,0,0,0,0,0,0,0,0,0,0,0,0,0,0,0,0,0,0,0,0,0,0,
hello,6_30,11_17_47,14.6761,0,2,0,14.67607,0.0000,0.0000,0.0000,0.0000,0.0000,0.0000,0,0,,,,,,,,0,0,0,0,0,0,0,0,0,0,0,0,0,0,0,0,0,0,0,0,0,0,0,0,0,0,0,0,0,0,0,0,0,0,0,0,0,0,0,0,0,0,0,0,0,0,0,0,0,0,0,
hello,6_30,11_17_47,14.6795,0,2,0,14.67954,0.0000,0.0000,0.0000,0.0000,0.0000,0.0000,0,0,,,,,,,,0,0,0,0,0,0,0,0,0,0,0,0,0,0,0,0,0,0,0,0,0,0,0,0,0,0,0,0,0,0,0,0,0,0,0,0,0,0,0,0,0,0,0,0,0,0,0,0,0,0,0,
hello,6_30,11_17_47,14.6837,0,2,0,14.68373,0.0000,0.0000,0.0000,0.0000,0.0000,0.0000,0,0,,,,,,,,0,0,0,0,0,0,0,0,0,0,0,0,0,0,0,0,0,0,0,0,0,0,0,0,0,0,0,0,0,0,0,0,0,0,0,0,0,0,0,0,0,0,0,0,0,0,0,0,0,0,0,
hello,6_30,11_17_47,14.6872,0,2,0,14.68724,0.0000,0.0000,0.0000,0.0000,0.0000,0.0000,0,0,,,,,,,,0,0,0,0,0,0,0,0,0,0,0,0,0,0,0,0,0,0,0,0,0,0,0,0,0,0,0,0,0,0,0,0,0,0,0,0,0,0,0,0,0,0,0,0,0,0,0,0,0,0,0,
hello,6_30,11_17_47,14.6909,0,2,0,14.69089,0.0000,0.0000,0.0000,0.0000,0.0000,0.0000,0,0,,,,,,,,0,0,0,0,0,0,0,0,0,0,0,0,0,0,0,0,0,0,0,0,0,0,0,0,0,0,0,0,0,0,0,0,0,0,0,0,0,0,0,0,0,0,0,0,0,0,0,0,0,0,0,
hello,6_30,11_17_47,14.6942,0,2,0,14.69424,0.0000,0.0000,0.0000,0.0000,0.0000,0.0000,0,0,,,,,,,,0,0,0,0,0,0,0,0,0,0,0,0,0,0,0,0,0,0,0,0,0,0,0,0,0,0,0,0,0,0,0,0,0,0,0,0,0,0,0,0,0,0,0,0,0,0,0,0,0,0,0,
hello,6_30,11_17_47,14.6978,0,2,0,14.69781,0.0000,0.0000,0.0000,0.0000,0.0000,0.0000,0,0,,,,,,,,0,0,0,0,0,0,0,0,0,0,0,0,0,0,0,0,0,0,0,0,0,0,0,0,0,0,0,0,0,0,0,0,0,0,0,0,0,0,0,0,0,0,0,0,0,0,0,0,0,0,0,
hello,6_30,11_17_47,14.7019,0,2,0,14.70189,0.0000,0.0000,0.0000,0.0000,0.0000,0.0000,0,0,,,,,,,,0,0,0,0,0,0,0,0,0,0,0,0,0,0,0,0,0,0,0,0,0,0,0,0,0,0,0,0,0,0,0,0,0,0,0,0,0,0,0,0,0,0,0,0,0,0,0,0,0,0,0,
hello,6_30,11_17_47,14.7057,0,2,0,14.70574,0.0000,0.0000,0.0000,0.0000,0.0000,0.0000,0,0,,,,,,,,0,0,0,0,0,0,0,0,0,0,0,0,0,0,0,0,0,0,0,0,0,0,0,0,0,0,0,0,0,0,0,0,0,0,0,0,0,0,0,0,0,0,0,0,0,0,0,0,0,0,0,
hello,6_30,11_17_47,14.7094,0,2,0,14.70944,0.0000,0.0000,0.0000,0.0000,0.0000,0.0000,0,0,,,,,,,,0,0,0,0,0,0,0,0,0,0,0,0,0,0,0,0,0,0,0,0,0,0,0,0,0,0,0,0,0,0,0,0,0,0,0,0,0,0,0,0,0,0,0,0,0,0,0,0,0,0,0,
hello,6_30,11_17_47,14.7133,0,2,0,14.71328,0.0000,0.0000,0.0000,0.0000,0.0000,0.0000,0,0,,,,,,,,0,0,0,0,0,0,0,0,0,0,0,0,0,0,0,0,0,0,0,0,0,0,0,0,0,0,0,0,0,0,0,0,0,0,0,0,0,0,0,0,0,0,0,0,0,0,0,0,0,0,0,
hello,6_30,11_17_47,14.7176,0,2,0,14.71757,0.0000,0.0000,0.0000,0.0000,0.0000,0.0000,0,0,,,,,,,,0,0,0,0,0,0,0,0,0,0,0,0,0,0,0,0,0,0,0,0,0,0,0,0,0,0,0,0,0,0,0,0,0,0,0,0,0,0,0,0,0,0,0,0,0,0,0,0,0,0,0,
hello,6_30,11_17_47,14.7218,0,2,0,14.72184,0.0000,0.0000,0.0000,0.0000,0.0000,0.0000,0,0,,,,,,,,0,0,0,0,0,0,0,0,0,0,0,0,0,0,0,0,0,0,0,0,0,0,0,0,0,0,0,0,0,0,0,0,0,0,0,0,0,0,0,0,0,0,0,0,0,0,0,0,0,0,0,
hello,6_30,11_17_47,14.7261,0,2,0,14.72607,0.0000,0.0000,0.0000,0.0000,0.0000,0.0000,0,0,,,,,,,,0,0,0,0,0,0,0,0,0,0,0,0,0,0,0,0,0,0,0,0,0,0,0,0,0,0,0,0,0,0,0,0,0,0,0,0,0,0,0,0,0,0,0,0,0,0,0,0,0,0,0,
hello,6_30,11_17_47,14.7298,0,2,0,14.72983,0.0000,0.0000,0.0000,0.0000,0.0000,0.0000,0,0,,,,,,,,0,0,0,0,0,0,0,0,0,0,0,0,0,0,0,0,0,0,0,0,0,0,0,0,0,0,0,0,0,0,0,0,0,0,0,0,0,0,0,0,0,0,0,0,0,0,0,0,0,0,0,
hello,6_30,11_17_47,14.7339,0,2,0,14.73387,0.0000,0.0000,0.0000,0.0000,0.0000,0.0000,0,0,,,,,,,,0,0,0,0,0,0,0,0,0,0,0,0,0,0,0,0,0,0,0,0,0,0,0,0,0,0,0,0,0,0,0,0,0,0,0,0,0,0,0,0,0,0,0,0,0,0,0,0,0,0,0,
hello,6_30,11_17_47,14.7381,0,2,0,14.73806,0.0000,0.0000,0.0000,0.0000,0.0000,0.0000,0,0,,,,,,,,0,0,0,0,0,0,0,0,0,0,0,0,0,0,0,0,0,0,0,0,0,0,0,0,0,0,0,0,0,0,0,0,0,0,0,0,0,0,0,0,0,0,0,0,0,0,0,0,0,0,0,
hello,6_30,11_17_47,14.7420,0,2,0,14.74199,0.0000,0.0000,0.0000,0.0000,0.0000,0.0000,0,0,,,,,,,,0,0,0,0,0,0,0,0,0,0,0,0,0,0,0,0,0,0,0,0,0,0,0,0,0,0,0,0,0,0,0,0,0,0,0,0,0,0,0,0,0,0,0,0,0,0,0,0,0,0,0,
hello,6_30,11_17_47,14.7464,0,2,0,14.74643,0.0000,0.0000,0.0000,0.0000,0.0000,0.0000,0,0,,,,,,,,0,0,0,0,0,0,0,0,0,0,0,0,0,0,0,0,0,0,0,0,0,0,0,0,0,0,0,0,0,0,0,0,0,0,0,0,0,0,0,0,0,0,0,0,0,0,0,0,0,0,0,
hello,6_30,11_17_47,14.7502,0,2,0,14.75016,0.0000,0.0000,0.0000,0.0000,0.0000,0.0000,0,0,,,,,,,,0,0,0,0,0,0,0,0,0,0,0,0,0,0,0,0,0,0,0,0,0,0,0,0,0,0,0,0,0,0,0,0,0,0,0,0,0,0,0,0,0,0,0,0,0,0,0,0,0,0,0,
hello,6_30,11_17_47,14.7535,0,2,0,14.7535,0.0000,0.0000,0.0000,0.0000,0.0000,0.0000,0,0,,,,,,,,0,0,0,0,0,0,0,0,0,0,0,0,0,0,0,0,0,0,0,0,0,0,0,0,0,0,0,0,0,0,0,0,0,0,0,0,0,0,0,0,0,0,0,0,0,0,0,0,0,0,0,
hello,6_30,11_17_48,14.7575,0,2,0,14.75746,0.0000,0.0000,0.0000,0.0000,0.0000,0.0000,0,0,,,,,,,,0,0,0,0,0,0,0,0,0,0,0,0,0,0,0,0,0,0,0,0,0,0,0,0,0,0,0,0,0,0,0,0,0,0,0,0,0,0,0,0,0,0,0,0,0,0,0,0,0,0,0,
hello,6_30,11_17_48,14.7613,0,2,0,14.76128,0.0000,0.0000,0.0000,0.0000,0.0000,0.0000,0,0,,,,,,,,0,0,0,0,0,0,0,0,0,0,0,0,0,0,0,0,0,0,0,0,0,0,0,0,0,0,0,0,0,0,0,0,0,0,0,0,0,0,0,0,0,0,0,0,0,0,0,0,0,0,0,
hello,6_30,11_17_48,14.7653,0,2,0,14.76525,0.0000,0.0000,0.0000,0.0000,0.0000,0.0000,0,0,,,,,,,,0,0,0,0,0,0,0,0,0,0,0,0,0,0,0,0,0,0,0,0,0,0,0,0,0,0,0,0,0,0,0,0,0,0,0,0,0,0,0,0,0,0,0,0,0,0,0,0,0,0,0,
hello,6_30,11_17_48,14.7686,0,2,0,14.76864,0.0000,0.0000,0.0000,0.0000,0.0000,0.0000,0,0,,,,,,,,0,0,0,0,0,0,0,0,0,0,0,0,0,0,0,0,0,0,0,0,0,0,0,0,0,0,0,0,0,0,0,0,0,0,0,0,0,0,0,0,0,0,0,0,0,0,0,0,0,0,0,
hello,6_30,11_17_48,14.7722,0,2,0,14.77216,0.0000,0.0000,0.0000,0.0000,0.0000,0.0000,0,0,,,,,,,,0,0,0,0,0,0,0,0,0,0,0,0,0,0,0,0,0,0,0,0,0,0,0,0,0,0,0,0,0,0,0,0,0,0,0,0,0,0,0,0,0,0,0,0,0,0,0,0,0,0,0,
hello,6_30,11_17_48,14.7759,0,2,0,14.77592,0.0000,0.0000,0.0000,0.0000,0.0000,0.0000,0,0,,,,,,,,0,0,0,0,0,0,0,0,0,0,0,0,0,0,0,0,0,0,0,0,0,0,0,0,0,0,0,0,0,0,0,0,0,0,0,0,0,0,0,0,0,0,0,0,0,0,0,0,0,0,0,
hello,6_30,11_17_48,14.7795,0,2,0,14.77948,0.0000,0.0000,0.0000,0.0000,0.0000,0.0000,0,0,,,,,,,,0,0,0,0,0,0,0,0,0,0,0,0,0,0,0,0,0,0,0,0,0,0,0,0,0,0,0,0,0,0,0,0,0,0,0,0,0,0,0,0,0,0,0,0,0,0,0,0,0,0,0,
hello,6_30,11_17_48,14.7833,0,2,0,14.78328,0.0000,0.0000,0.0000,0.0000,0.0000,0.0000,0,0,,,,,,,,0,0,0,0,0,0,0,0,0,0,0,0,0,0,0,0,0,0,0,0,0,0,0,0,0,0,0,0,0,0,0,0,0,0,0,0,0,0,0,0,0,0,0,0,0,0,0,0,0,0,0,
hello,6_30,11_17_48,14.7869,0,2,0,14.78694,0.0000,0.0000,0.0000,0.0000,0.0000,0.0000,0,0,,,,,,,,0,0,0,0,0,0,0,0,0,0,0,0,0,0,0,0,0,0,0,0,0,0,0,0,0,0,0,0,0,0,0,0,0,0,0,0,0,0,0,0,0,0,0,0,0,0,0,0,0,0,0,
hello,6_30,11_17_48,14.7902,0,2,0,14.79023,0.0000,0.0000,0.0000,0.0000,0.0000,0.0000,0,0,,,,,,,,0,0,0,0,0,0,0,0,0,0,0,0,0,0,0,0,0,0,0,0,0,0,0,0,0,0,0,0,0,0,0,0,0,0,0,0,0,0,0,0,0,0,0,0,0,0,0,0,0,0,0,
hello,6_30,11_17_48,14.7937,0,2,0,14.79369,0.0000,0.0000,0.0000,0.0000,0.0000,0.0000,0,0,,,,,,,,0,0,0,0,0,0,0,0,0,0,0,0,0,0,0,0,0,0,0,0,0,0,0,0,0,0,0,0,0,0,0,0,0,0,0,0,0,0,0,0,0,0,0,0,0,0,0,0,0,0,0,
hello,6_30,11_17_48,14.7971,0,2,0,14.79705,0.0000,0.0000,0.0000,0.0000,0.0000,0.0000,0,0,,,,,,,,0,0,0,0,0,0,0,0,0,0,0,0,0,0,0,0,0,0,0,0,0,0,0,0,0,0,0,0,0,0,0,0,0,0,0,0,0,0,0,0,0,0,0,0,0,0,0,0,0,0,0,
hello,6_30,11_17_48,14.8008,0,2,0,14.80076,0.0000,0.0000,0.0000,0.0000,0.0000,0.0000,0,0,,,,,,,,0,0,0,0,0,0,0,0,0,0,0,0,0,0,0,0,0,0,0,0,0,0,0,0,0,0,0,0,0,0,0,0,0,0,0,0,0,0,0,0,0,0,0,0,0,0,0,0,0,0,0,
hello,6_30,11_17_48,14.8048,0,2,0,14.80477,0.0000,0.0000,0.0000,0.0000,0.0000,0.0000,0,0,,,,,,,,0,0,0,0,0,0,0,0,0,0,0,0,0,0,0,0,0,0,0,0,0,0,0,0,0,0,0,0,0,0,0,0,0,0,0,0,0,0,0,0,0,0,0,0,0,0,0,0,0,0,0,
hello,6_30,11_17_48,14.8161,0,2,0,14.8161,0.0000,0.0000,0.0000,0.0000,0.0000,0.0000,0,0,,,,,,,,0,0,0,0,0,0,0,0,0,0,0,0,0,0,0,0,0,0,0,0,0,0,0,0,0,0,0,0,0,0,0,0,0,0,0,0,0,0,0,0,0,0,0,0,0,0,0,0,0,0,0,
hello,6_30,11_17_48,14.8196,0,2,0,14.81955,0.0000,0.0000,0.0000,0.0000,0.0000,0.0000,0,0,,,,,,,,0,0,0,0,0,0,0,0,0,0,0,0,0,0,0,0,0,0,0,0,0,0,0,0,0,0,0,0,0,0,0,0,0,0,0,0,0,0,0,0,0,0,0,0,0,0,0,0,0,0,0,
hello,6_30,11_17_48,14.8229,0,2,0,14.82288,0.0000,0.0000,0.0000,0.0000,0.0000,0.0000,0,0,,,,,,,,0,0,0,0,0,0,0,0,0,0,0,0,0,0,0,0,0,0,0,0,0,0,0,0,0,0,0,0,0,0,0,0,0,0,0,0,0,0,0,0,0,0,0,0,0,0,0,0,0,0,0,
hello,6_30,11_17_48,14.8265,0,2,0,14.82646,0.0000,0.0000,0.0000,0.0000,0.0000,0.0000,0,0,,,,,,,,0,0,0,0,0,0,0,0,0,0,0,0,0,0,0,0,0,0,0,0,0,0,0,0,0,0,0,0,0,0,0,0,0,0,0,0,0,0,0,0,0,0,0,0,0,0,0,0,0,0,0,
hello,6_30,11_17_48,14.8298,0,2,0,14.82984,0.0000,0.0000,0.0000,0.0000,0.0000,0.0000,0,0,,,,,,,,0,0,0,0,0,0,0,0,0,0,0,0,0,0,0,0,0,0,0,0,0,0,0,0,0,0,0,0,0,0,0,0,0,0,0,0,0,0,0,0,0,0,0,0,0,0,0,0,0,0,0,
hello,6_30,11_17_48,14.8332,0,2,0,14.83318,0.0000,0.0000,0.0000,0.0000,0.0000,0.0000,0,0,,,,,,,,0,0,0,0,0,0,0,0,0,0,0,0,0,0,0,0,0,0,0,0,0,0,0,0,0,0,0,0,0,0,0,0,0,0,0,0,0,0,0,0,0,0,0,0,0,0,0,0,0,0,0,
hello,6_30,11_17_48,14.8366,0,2,0,14.83655,0.0000,0.0000,0.0000,0.0000,0.0000,0.0000,0,0,,,,,,,,0,0,0,0,0,0,0,0,0,0,0,0,0,0,0,0,0,0,0,0,0,0,0,0,0,0,0,0,0,0,0,0,0,0,0,0,0,0,0,0,0,0,0,0,0,0,0,0,0,0,0,
hello,6_30,11_17_48,14.8400,0,2,0,14.84001,0.0000,0.0000,0.0000,0.0000,0.0000,0.0000,0,0,,,,,,,,0,0,0,0,0,0,0,0,0,0,0,0,0,0,0,0,0,0,0,0,0,0,0,0,0,0,0,0,0,0,0,0,0,0,0,0,0,0,0,0,0,0,0,0,0,0,0,0,0,0,0,
hello,6_30,11_17_48,14.8437,0,2,0,14.84372,0.0000,0.0000,0.0000,0.0000,0.0000,0.0000,0,0,,,,,,,,0,0,0,0,0,0,0,0,0,0,0,0,0,0,0,0,0,0,0,0,0,0,0,0,0,0,0,0,0,0,0,0,0,0,0,0,0,0,0,0,0,0,0,0,0,0,0,0,0,0,0,
hello,6_30,11_17_48,14.8472,0,2,0,14.84718,0.0000,0.0000,0.0000,0.0000,0.0000,0.0000,0,0,,,,,,,,0,0,0,0,0,0,0,0,0,0,0,0,0,0,0,0,0,0,0,0,0,0,0,0,0,0,0,0,0,0,0,0,0,0,0,0,0,0,0,0,0,0,0,0,0,0,0,0,0,0,0,
hello,6_30,11_17_48,14.8705,0,2,0,14.87045,0.0000,0.0000,0.0000,0.0000,0.0000,0.0000,0,0,,,,,,,,0,0,0,0,0,0,0,0,0,0,0,0,0,0,0,0,0,0,0,0,0,0,0,0,0,0,0,0,0,0,0,0,0,0,0,0,0,0,0,0,0,0,0,0,0,0,0,0,0,0,0,
hello,6_30,11_17_48,14.8743,0,2,0,14.87432,0.0000,0.0000,0.0000,0.0000,0.0000,0.0000,0,0,,,,,,,,0,0,0,0,0,0,0,0,0,0,0,0,0,0,0,0,0,0,0,0,0,0,0,0,0,0,0,0,0,0,0,0,0,0,0,0,0,0,0,0,0,0,0,0,0,0,0,0,0,0,0,
hello,6_30,11_17_48,14.8778,0,2,0,14.87781,0.0000,0.0000,0.0000,0.0000,0.0000,0.0000,0,0,,,,,,,,0,0,0,0,0,0,0,0,0,0,0,0,0,0,0,0,0,0,0,0,0,0,0,0,0,0,0,0,0,0,0,0,0,0,0,0,0,0,0,0,0,0,0,0,0,0,0,0,0,0,0,
hello,6_30,11_17_48,14.8813,0,2,0,14.88134,0.0000,0.0000,0.0000,0.0000,0.0000,0.0000,0,0,,,,,,,,0,0,0,0,0,0,0,0,0,0,0,0,0,0,0,0,0,0,0,0,0,0,0,0,0,0,0,0,0,0,0,0,0,0,0,0,0,0,0,0,0,0,0,0,0,0,0,0,0,0,0,
hello,6_30,11_17_48,14.8851,0,2,0,14.88509,0.0000,0.0000,0.0000,0.0000,0.0000,0.0000,0,0,,,,,,,,0,0,0,0,0,0,0,0,0,0,0,0,0,0,0,0,0,0,0,0,0,0,0,0,0,0,0,0,0,0,0,0,0,0,0,0,0,0,0,0,0,0,0,0,0,0,0,0,0,0,0,
hello,6_30,11_17_48,14.8886,0,2,0,14.88859,0.0000,0.0000,0.0000,0.0000,0.0000,0.0000,0,0,,,,,,,,0,0,0,0,0,0,0,0,0,0,0,0,0,0,0,0,0,0,0,0,0,0,0,0,0,0,0,0,0,0,0,0,0,0,0,0,0,0,0,0,0,0,0,0,0,0,0,0,0,0,0,
hello,6_30,11_17_48,14.8921,0,2,0,14.89214,0.0000,0.0000,0.0000,0.0000,0.0000,0.0000,0,0,,,,,,,,0,0,0,0,0,0,0,0,0,0,0,0,0,0,0,0,0,0,0,0,0,0,0,0,0,0,0,0,0,0,0,0,0,0,0,0,0,0,0,0,0,0,0,0,0,0,0,0,0,0,0,
hello,6_30,11_17_48,14.8956,0,2,0,14.89557,0.0000,0.0000,0.0000,0.0000,0.0000,0.0000,0,0,,,,,,,,0,0,0,0,0,0,0,0,0,0,0,0,0,0,0,0,0,0,0,0,0,0,0,0,0,0,0,0,0,0,0,0,0,0,0,0,0,0,0,0,0,0,0,0,0,0,0,0,0,0,0,
hello,6_30,11_17_48,14.8994,0,2,0,14.89942,0.0000,0.0000,0.0000,0.0000,0.0000,0.0000,0,0,,,,,,,,0,0,0,0,0,0,0,0,0,0,0,0,0,0,0,0,0,0,0,0,0,0,0,0,0,0,0,0,0,0,0,0,0,0,0,0,0,0,0,0,0,0,0,0,0,0,0,0,0,0,0,
hello,6_30,11_17_48,14.9029,0,2,0,14.90289,0.0000,0.0000,0.0000,0.0000,0.0000,0.0000,0,0,,,,,,,,0,0,0,0,0,0,0,0,0,0,0,0,0,0,0,0,0,0,0,0,0,0,0,0,0,0,0,0,0,0,0,0,0,0,0,0,0,0,0,0,0,0,0,0,0,0,0,0,0,0,0,
hello,6_30,11_17_48,14.9066,0,2,0,14.90663,0.0000,0.0000,0.0000,0.0000,0.0000,0.0000,0,0,,,,,,,,0,0,0,0,0,0,0,0,0,0,0,0,0,0,0,0,0,0,0,0,0,0,0,0,0,0,0,0,0,0,0,0,0,0,0,0,0,0,0,0,0,0,0,0,0,0,0,0,0,0,0,
hello,6_30,11_17_48,14.9100,0,2,0,14.91003,0.0000,0.0000,0.0000,0.0000,0.0000,0.0000,0,0,,,,,,,,0,0,0,0,0,0,0,0,0,0,0,0,0,0,0,0,0,0,0,0,0,0,0,0,0,0,0,0,0,0,0,0,0,0,0,0,0,0,0,0,0,0,0,0,0,0,0,0,0,0,0,
hello,6_30,11_17_48,14.9135,0,2,0,14.91349,0.0000,0.0000,0.0000,0.0000,0.0000,0.0000,0,0,,,,,,,,0,0,0,0,0,0,0,0,0,0,0,0,0,0,0,0,0,0,0,0,0,0,0,0,0,0,0,0,0,0,0,0,0,0,0,0,0,0,0,0,0,0,0,0,0,0,0,0,0,0,0,
hello,6_30,11_17_48,14.9173,0,2,0,14.91726,0.0000,0.0000,0.0000,0.0000,0.0000,0.0000,0,0,,,,,,,,0,0,0,0,0,0,0,0,0,0,0,0,0,0,0,0,0,0,0,0,0,0,0,0,0,0,0,0,0,0,0,0,0,0,0,0,0,0,0,0,0,0,0,0,0,0,0,0,0,0,0,
hello,6_30,11_17_48,14.9205,0,2,0,14.92053,0.0000,0.0000,0.0000,0.0000,0.0000,0.0000,0,0,,,,,,,,0,0,0,0,0,0,0,0,0,0,0,0,0,0,0,0,0,0,0,0,0,0,0,0,0,0,0,0,0,0,0,0,0,0,0,0,0,0,0,0,0,0,0,0,0,0,0,0,0,0,0,
hello,6_30,11_17_48,14.9240,0,2,0,14.92404,0.0000,0.0000,0.0000,0.0000,0.0000,0.0000,0,0,,,,,,,,0,0,0,0,0,0,0,0,0,0,0,0,0,0,0,0,0,0,0,0,0,0,0,0,0,0,0,0,0,0,0,0,0,0,0,0,0,0,0,0,0,0,0,0,0,0,0,0,0,0,0,
hello,6_30,11_17_48,14.9274,0,2,0,14.92736,0.0000,0.0000,0.0000,0.0000,0.0000,0.0000,0,0,,,,,,,,0,0,0,0,0,0,0,0,0,0,0,0,0,0,0,0,0,0,0,0,0,0,0,0,0,0,0,0,0,0,0,0,0,0,0,0,0,0,0,0,0,0,0,0,0,0,0,0,0,0,0,
hello,6_30,11_17_48,14.9309,0,2,0,14.93093,0.0000,0.0000,0.0000,0.0000,0.0000,0.0000,0,0,,,,,,,,0,0,0,0,0,0,0,0,0,0,0,0,0,0,0,0,0,0,0,0,0,0,0,0,0,0,0,0,0,0,0,0,0,0,0,0,0,0,0,0,0,0,0,0,0,0,0,0,0,0,0,
hello,6_30,11_17_48,14.9390,0,2,0,14.93899,0.0000,0.0000,0.0000,0.0000,0.0000,0.0000,0,0,,,,,,,,0,0,0,0,0,0,0,0,0,0,0,0,0,0,0,0,0,0,0,0,0,0,0,0,0,0,0,0,0,0,0,0,0,0,0,0,0,0,0,0,0,0,0,0,0,0,0,0,0,0,0,
hello,6_30,11_17_48,14.9449,0,2,0,14.94487,0.0000,0.0000,0.0000,0.0000,0.0000,0.0000,0,0,,,,,,,,0,0,0,0,0,0,0,0,0,0,0,0,0,0,0,0,0,0,0,0,0,0,0,0,0,0,0,0,0,0,0,0,0,0,0,0,0,0,0,0,0,0,0,0,0,0,0,0,0,0,0,
hello,6_30,11_17_48,14.9493,0,2,0,14.94931,0.0000,0.0000,0.0000,0.0000,0.0000,0.0000,0,0,,,,,,,,0,0,0,0,0,0,0,0,0,0,0,0,0,0,0,0,0,0,0,0,0,0,0,0,0,0,0,0,0,0,0,0,0,0,0,0,0,0,0,0,0,0,0,0,0,0,0,0,0,0,0,
hello,6_30,11_17_48,14.9528,0,2,0,14.95275,0.0000,0.0000,0.0000,0.0000,0.0000,0.0000,0,0,,,,,,,,0,0,0,0,0,0,0,0,0,0,0,0,0,0,0,0,0,0,0,0,0,0,0,0,0,0,0,0,0,0,0,0,0,0,0,0,0,0,0,0,0,0,0,0,0,0,0,0,0,0,0,
hello,6_30,11_17_48,14.9563,0,2,0,14.9563,0.0000,0.0000,0.0000,0.0000,0.0000,0.0000,0,0,,,,,,,,0,0,0,0,0,0,0,0,0,0,0,0,0,0,0,0,0,0,0,0,0,0,0,0,0,0,0,0,0,0,0,0,0,0,0,0,0,0,0,0,0,0,0,0,0,0,0,0,0,0,0,
hello,6_30,11_17_48,14.9602,0,2,0,14.96018,0.0000,0.0000,0.0000,0.0000,0.0000,0.0000,0,0,,,,,,,,0,0,0,0,0,0,0,0,0,0,0,0,0,0,0,0,0,0,0,0,0,0,0,0,0,0,0,0,0,0,0,0,0,0,0,0,0,0,0,0,0,0,0,0,0,0,0,0,0,0,0,
hello,6_30,11_17_48,14.9641,0,2,0,14.96411,0.0000,0.0000,0.0000,0.0000,0.0000,0.0000,0,0,,,,,,,,0,0,0,0,0,0,0,0,0,0,0,0,0,0,0,0,0,0,0,0,0,0,0,0,0,0,0,0,0,0,0,0,0,0,0,0,0,0,0,0,0,0,0,0,0,0,0,0,0,0,0,
hello,6_30,11_17_48,14.9677,0,2,0,14.9677,0.0000,0.0000,0.0000,0.0000,0.0000,0.0000,0,0,,,,,,,,0,0,0,0,0,0,0,0,0,0,0,0,0,0,0,0,0,0,0,0,0,0,0,0,0,0,0,0,0,0,0,0,0,0,0,0,0,0,0,0,0,0,0,0,0,0,0,0,0,0,0,
hello,6_30,11_17_48,14.9712,0,2,0,14.97118,0.0000,0.0000,0.0000,0.0000,0.0000,0.0000,0,0,,,,,,,,0,0,0,0,0,0,0,0,0,0,0,0,0,0,0,0,0,0,0,0,0,0,0,0,0,0,0,0,0,0,0,0,0,0,0,0,0,0,0,0,0,0,0,0,0,0,0,0,0,0,0,
hello,6_30,11_17_48,14.9750,0,2,0,14.97497,0.0000,0.0000,0.0000,0.0000,0.0000,0.0000,0,0,,,,,,,,0,0,0,0,0,0,0,0,0,0,0,0,0,0,0,0,0,0,0,0,0,0,0,0,0,0,0,0,0,0,0,0,0,0,0,0,0,0,0,0,0,0,0,0,0,0,0,0,0,0,0,
hello,6_30,11_17_48,14.9788,0,2,0,14.97877,0.0000,0.0000,0.0000,0.0000,0.0000,0.0000,0,0,,,,,,,,0,0,0,0,0,0,0,0,0,0,0,0,0,0,0,0,0,0,0,0,0,0,0,0,0,0,0,0,0,0,0,0,0,0,0,0,0,0,0,0,0,0,0,0,0,0,0,0,0,0,0,
hello,6_30,11_17_48,14.9825,0,2,0,14.98245,0.0000,0.0000,0.0000,0.0000,0.0000,0.0000,0,0,,,,,,,,0,0,0,0,0,0,0,0,0,0,0,0,0,0,0,0,0,0,0,0,0,0,0,0,0,0,0,0,0,0,0,0,0,0,0,0,0,0,0,0,0,0,0,0,0,0,0,0,0,0,0,
hello,6_30,11_17_48,14.9867,0,2,0,14.98665,0.0000,0.0000,0.0000,0.0000,0.0000,0.0000,0,0,,,,,,,,0,0,0,0,0,0,0,0,0,0,0,0,0,0,0,0,0,0,0,0,0,0,0,0,0,0,0,0,0,0,0,0,0,0,0,0,0,0,0,0,0,0,0,0,0,0,0,0,0,0,0,
hello,6_30,11_17_48,14.9904,0,2,0,14.99041,0.0000,0.0000,0.0000,0.0000,0.0000,0.0000,0,0,,,,,,,,0,0,0,0,0,0,0,0,0,0,0,0,0,0,0,0,0,0,0,0,0,0,0,0,0,0,0,0,0,0,0,0,0,0,0,0,0,0,0,0,0,0,0,0,0,0,0,0,0,0,0,
hello,6_30,11_17_48,14.9944,0,2,0,14.99439,0.0000,0.0000,0.0000,0.0000,0.0000,0.0000,0,0,,,,,,,,0,0,0,0,0,0,0,0,0,0,0,0,0,0,0,0,0,0,0,0,0,0,0,0,0,0,0,0,0,0,0,0,0,0,0,0,0,0,0,0,0,0,0,0,0,0,0,0,0,0,0,
hello,6_30,11_17_48,14.9987,0,2,0,14.99867,0.0000,0.0000,0.0000,0.0000,0.0000,0.0000,0,0,,,,,,,,0,0,0,0,0,0,0,0,0,0,0,0,0,0,0,0,0,0,0,0,0,0,0,0,0,0,0,0,0,0,0,0,0,0,0,0,0,0,0,0,0,0,0,0,0,0,0,0,0,0,0,
hello,6_30,11_17_48,15.0025,0,2,0,15.00245,0.0000,0.0000,0.0000,0.0000,0.0000,0.0000,0,0,,,,,,,,0,0,0,0,0,0,0,0,0,0,0,0,0,0,0,0,0,0,0,0,0,0,0,0,0,0,0,0,0,0,0,0,0,0,0,0,0,0,0,0,0,0,0,0,0,0,0,0,0,0,0,
hello,6_30,11_17_48,15.0062,0,2,0,15.00616,0.0000,0.0000,0.0000,0.0000,0.0000,0.0000,0,0,,,,,,,,0,0,0,0,0,0,0,0,0,0,0,0,0,0,0,0,0,0,0,0,0,0,0,0,0,0,0,0,0,0,0,0,0,0,0,0,0,0,0,0,0,0,0,0,0,0,0,0,0,0,0,
hello,6_30,11_17_48,15.0100,0,2,0,15.01004,0.0000,0.0000,0.0000,0.0000,0.0000,0.0000,0,0,,,,,,,,0,0,0,0,0,0,0,0,0,0,0,0,0,0,0,0,0,0,0,0,0,0,0,0,0,0,0,0,0,0,0,0,0,0,0,0,0,0,0,0,0,0,0,0,0,0,0,0,0,0,0,
hello,6_30,11_17_48,15.0137,0,2,0,15.01365,0.0000,0.0000,0.0000,0.0000,0.0000,0.0000,0,0,,,,,,,,0,0,0,0,0,0,0,0,0,0,0,0,0,0,0,0,0,0,0,0,0,0,0,0,0,0,0,0,0,0,0,0,0,0,0,0,0,0,0,0,0,0,0,0,0,0,0,0,0,0,0,
hello,6_30,11_17_48,15.0174,0,2,0,15.01741,0.0000,0.0000,0.0000,0.0000,0.0000,0.0000,0,0,,,,,,,,0,0,0,0,0,0,0,0,0,0,0,0,0,0,0,0,0,0,0,0,0,0,0,0,0,0,0,0,0,0,0,0,0,0,0,0,0,0,0,0,0,0,0,0,0,0,0,0,0,0,0,
hello,6_30,11_17_48,15.0212,0,2,0,15.02121,0.0000,0.0000,0.0000,0.0000,0.0000,0.0000,0,0,,,,,,,,0,0,0,0,0,0,0,0,0,0,0,0,0,0,0,0,0,0,0,0,0,0,0,0,0,0,0,0,0,0,0,0,0,0,0,0,0,0,0,0,0,0,0,0,0,0,0,0,0,0,0,
hello,6_30,11_17_48,15.0253,0,3,0,15.02533,0.0000,0.0000,0.0000,0.0000,0.0000,0.0000,0,0,,,,,,,,0,0,0,0,0,0,0,0,0,0,0,0,0,0,0,0,0,0,0,0,0,0,0,0,0,0,0,0,0,0,0,0,0,0,0,0,0,0,0,0,0,0,0,0,0,0,0,0,0,0,0,
hello,6_30,11_17_48,15.0288,0,3,0,15.02883,0.0000,0.0000,0.0000,0.0000,0.0000,0.0000,0,0,,,,,,,,0,0,0,0,0,0,0,0,0,0,0,0,0,0,0,0,0,0,0,0,0,0,0,0,0,0,0,0,0,0,0,0,0,0,0,0,0,0,0,0,0,0,0,0,0,0,0,0,0,0,0,
hello,6_30,11_17_48,15.0321,0,3,0,15.03209,0.0000,0.0000,0.0000,0.0000,0.0000,0.0000,0,0,,,,,,,,0,0,0,0,0,0,0,0,0,0,0,0,0,0,0,0,0,0,0,0,0,0,0,0,0,0,0,0,0,0,0,0,0,0,0,0,0,0,0,0,0,0,0,0,0,0,0,0,0,0,0,
hello,6_30,11_17_48,15.0354,0,3,0,15.0354,0.0000,0.0000,0.0000,0.0000,0.0000,0.0000,0,0,,,,,,,,0,0,0,0,0,0,0,0,0,0,0,0,0,0,0,0,0,0,0,0,0,0,0,0,0,0,0,0,0,0,0,0,0,0,0,0,0,0,0,0,0,0,0,0,0,0,0,0,0,0,0,
hello,6_30,11_17_48,15.0388,0,3,0,15.0388,0.0000,0.0000,0.0000,0.0000,0.0000,0.0000,0,0,,,,,,,,0,0,0,0,0,0,0,0,0,0,0,0,0,0,0,0,0,0,0,0,0,0,0,0,0,0,0,0,0,0,0,0,0,0,0,0,0,0,0,0,0,0,0,0,0,0,0,0,0,0,0,
hello,6_30,11_17_48,15.0422,0,3,0,15.04217,0.0000,0.0000,0.0000,0.0000,0.0000,0.0000,0,0,,,,,,,,0,0,0,0,0,0,0,0,0,0,0,0,0,0,0,0,0,0,0,0,0,0,0,0,0,0,0,0,0,0,0,0,0,0,0,0,0,0,0,0,0,0,0,0,0,0,0,0,0,0,0,
hello,6_30,11_17_48,15.0470,0,3,0,15.04703,0.0000,0.0000,0.0000,0.0000,0.0000,0.0000,0,0,,,,,,,,0,0,0,0,0,0,0,0,0,0,0,0,0,0,0,0,0,0,0,0,0,0,0,0,0,0,0,0,0,0,0,0,0,0,0,0,0,0,0,0,0,0,0,0,0,0,0,0,0,0,0,
hello,6_30,11_17_48,15.0515,0,3,0,15.05145,0.0000,0.0000,0.0000,0.0000,0.0000,0.0000,0,0,,,,,,,,0,0,0,0,0,0,0,0,0,0,0,0,0,0,0,0,0,0,0,0,0,0,0,0,0,0,0,0,0,0,0,0,0,0,0,0,0,0,0,0,0,0,0,0,0,0,0,0,0,0,0,
hello,6_30,11_17_48,15.0755,0,3,0,15.07547,0.0000,0.0000,0.0000,0.0000,0.0000,0.0000,0,0,,,,,,,,0,0,0,0,0,0,0,0,0,0,0,0,0,0,0,0,0,0,0,0,0,0,0,0,0,0,0,0,0,0,0,0,0,0,0,0,0,0,0,0,0,0,0,0,0,0,0,0,0,0,0,
hello,6_30,11_17_48,15.0796,0,3,0,15.07957,0.0000,0.0000,0.0000,0.0000,0.0000,0.0000,0,0,,,,,,,,0,0,0,0,0,0,0,0,0,0,0,0,0,0,0,0,0,0,0,0,0,0,0,0,0,0,0,0,0,0,0,0,0,0,0,0,0,0,0,0,0,0,0,0,0,0,0,0,0,0,0,
hello,6_30,11_17_48,15.0834,0,3,0,15.08335,0.0000,0.0000,0.0000,0.0000,0.0000,0.0000,0,0,,,,,,,,0,0,0,0,0,0,0,0,0,0,0,0,0,0,0,0,0,0,0,0,0,0,0,0,0,0,0,0,0,0,0,0,0,0,0,0,0,0,0,0,0,0,0,0,0,0,0,0,0,0,0,
hello,6_30,11_17_48,15.0873,0,3,0,15.08731,0.0000,0.0000,0.0000,0.0000,0.0000,0.0000,0,0,,,,,,,,0,0,0,0,0,0,0,0,0,0,0,0,0,0,0,0,0,0,0,0,0,0,0,0,0,0,0,0,0,0,0,0,0,0,0,0,0,0,0,0,0,0,0,0,0,0,0,0,0,0,0,
hello,6_30,11_17_48,15.0912,0,3,0,15.09124,0.0000,0.0000,0.0000,0.0000,0.0000,0.0000,0,0,,,,,,,,0,0,0,0,0,0,0,0,0,0,0,0,0,0,0,0,0,0,0,0,0,0,0,0,0,0,0,0,0,0,0,0,0,0,0,0,0,0,0,0,0,0,0,0,0,0,0,0,0,0,0,
hello,6_30,11_17_48,15.0948,0,3,0,15.09476,0.0000,0.0000,0.0000,0.0000,0.0000,0.0000,0,0,,,,,,,,0,0,0,0,0,0,0,0,0,0,0,0,0,0,0,0,0,0,0,0,0,0,0,0,0,0,0,0,0,0,0,0,0,0,0,0,0,0,0,0,0,0,0,0,0,0,0,0,0,0,0,
hello,6_30,11_17_48,15.0984,0,3,0,15.09837,0.0000,0.0000,0.0000,0.0000,0.0000,0.0000,0,0,,,,,,,,0,0,0,0,0,0,0,0,0,0,0,0,0,0,0,0,0,0,0,0,0,0,0,0,0,0,0,0,0,0,0,0,0,0,0,0,0,0,0,0,0,0,0,0,0,0,0,0,0,0,0,
hello,6_30,11_17_48,15.1023,0,3,0,15.1023,0.0000,0.0000,0.0000,0.0000,0.0000,0.0000,0,0,,,,,,,,0,0,0,0,0,0,0,0,0,0,0,0,0,0,0,0,0,0,0,0,0,0,0,0,0,0,0,0,0,0,0,0,0,0,0,0,0,0,0,0,0,0,0,0,0,0,0,0,0,0,0,
hello,6_30,11_17_48,15.1058,0,3,0,15.10584,0.0000,0.0000,0.0000,0.0000,0.0000,0.0000,0,0,,,,,,,,0,0,0,0,0,0,0,0,0,0,0,0,0,0,0,0,0,0,0,0,0,0,0,0,0,0,0,0,0,0,0,0,0,0,0,0,0,0,0,0,0,0,0,0,0,0,0,0,0,0,0,
hello,6_30,11_17_48,15.1092,0,3,0,15.10917,0.0000,0.0000,0.0000,0.0000,0.0000,0.0000,0,0,,,,,,,,0,0,0,0,0,0,0,0,0,0,0,0,0,0,0,0,0,0,0,0,0,0,0,0,0,0,0,0,0,0,0,0,0,0,0,0,0,0,0,0,0,0,0,0,0,0,0,0,0,0,0,
hello,6_30,11_17_48,15.1125,0,3,0,15.1125,0.0000,0.0000,0.0000,0.0000,0.0000,0.0000,0,0,,,,,,,,0,0,0,0,0,0,0,0,0,0,0,0,0,0,0,0,0,0,0,0,0,0,0,0,0,0,0,0,0,0,0,0,0,0,0,0,0,0,0,0,0,0,0,0,0,0,0,0,0,0,0,
hello,6_30,11_17_48,15.1158,0,3,0,15.11579,0.0000,0.0000,0.0000,0.0000,0.0000,0.0000,0,0,,,,,,,,0,0,0,0,0,0,0,0,0,0,0,0,0,0,0,0,0,0,0,0,0,0,0,0,0,0,0,0,0,0,0,0,0,0,0,0,0,0,0,0,0,0,0,0,0,0,0,0,0,0,0,
hello,6_30,11_17_48,15.1190,0,3,0,15.11902,0.0000,0.0000,0.0000,0.0000,0.0000,0.0000,0,0,,,,,,,,0,0,0,0,0,0,0,0,0,0,0,0,0,0,0,0,0,0,0,0,0,0,0,0,0,0,0,0,0,0,0,0,0,0,0,0,0,0,0,0,0,0,0,0,0,0,0,0,0,0,0,
hello,6_30,11_17_48,15.1224,0,3,0,15.12239,0.0000,0.0000,0.0000,0.0000,0.0000,0.0000,0,0,,,,,,,,0,0,0,0,0,0,0,0,0,0,0,0,0,0,0,0,0,0,0,0,0,0,0,0,0,0,0,0,0,0,0,0,0,0,0,0,0,0,0,0,0,0,0,0,0,0,0,0,0,0,0,
hello,6_30,11_17_48,15.1261,0,3,0,15.12612,0.0000,0.0000,0.0000,0.0000,0.0000,0.0000,0,0,,,,,,,,0,0,0,0,0,0,0,0,0,0,0,0,0,0,0,0,0,0,0,0,0,0,0,0,0,0,0,0,0,0,0,0,0,0,0,0,0,0,0,0,0,0,0,0,0,0,0,0,0,0,0,
hello,6_30,11_17_48,15.1296,0,3,0,15.12956,0.0000,0.0000,0.0000,0.0000,0.0000,0.0000,0,0,,,,,,,,0,0,0,0,0,0,0,0,0,0,0,0,0,0,0,0,0,0,0,0,0,0,0,0,0,0,0,0,0,0,0,0,0,0,0,0,0,0,0,0,0,0,0,0,0,0,0,0,0,0,0,
hello,6_30,11_17_48,15.1333,0,3,0,15.13332,0.0000,0.0000,0.0000,0.0000,0.0000,0.0000,0,0,,,,,,,,0,0,0,0,0,0,0,0,0,0,0,0,0,0,0,0,0,0,0,0,0,0,0,0,0,0,0,0,0,0,0,0,0,0,0,0,0,0,0,0,0,0,0,0,0,0,0,0,0,0,0,
hello,6_30,11_17_48,15.1369,0,3,0,15.13694,0.0000,0.0000,0.0000,0.0000,0.0000,0.0000,0,0,,,,,,,,0,0,0,0,0,0,0,0,0,0,0,0,0,0,0,0,0,0,0,0,0,0,0,0,0,0,0,0,0,0,0,0,0,0,0,0,0,0,0,0,0,0,0,0,0,0,0,0,0,0,0,
hello,6_30,11_17_48,15.1402,0,3,0,15.14022,0.0000,0.0000,0.0000,0.0000,0.0000,0.0000,0,0,,,,,,,,0,0,0,0,0,0,0,0,0,0,0,0,0,0,0,0,0,0,0,0,0,0,0,0,0,0,0,0,0,0,0,0,0,0,0,0,0,0,0,0,0,0,0,0,0,0,0,0,0,0,0,
hello,6_30,11_17_48,15.1439,0,3,0,15.14386,0.0000,0.0000,0.0000,0.0000,0.0000,0.0000,0,0,,,,,,,,0,0,0,0,0,0,0,0,0,0,0,0,0,0,0,0,0,0,0,0,0,0,0,0,0,0,0,0,0,0,0,0,0,0,0,0,0,0,0,0,0,0,0,0,0,0,0,0,0,0,0,
hello,6_30,11_17_48,15.1473,0,3,0,15.14726,0.0000,0.0000,0.0000,0.0000,0.0000,0.0000,0,0,,,,,,,,0,0,0,0,0,0,0,0,0,0,0,0,0,0,0,0,0,0,0,0,0,0,0,0,0,0,0,0,0,0,0,0,0,0,0,0,0,0,0,0,0,0,0,0,0,0,0,0,0,0,0,
hello,6_30,11_17_48,15.1512,0,3,0,15.15115,0.0000,0.0000,0.0000,0.0000,0.0000,0.0000,0,0,,,,,,,,0,0,0,0,0,0,0,0,0,0,0,0,0,0,0,0,0,0,0,0,0,0,0,0,0,0,0,0,0,0,0,0,0,0,0,0,0,0,0,0,0,0,0,0,0,0,0,0,0,0,0,
hello,6_30,11_17_48,15.1546,0,3,0,15.15462,0.0000,0.0000,0.0000,0.0000,0.0000,0.0000,0,0,,,,,,,,0,0,0,0,0,0,0,0,0,0,0,0,0,0,0,0,0,0,0,0,0,0,0,0,0,0,0,0,0,0,0,0,0,0,0,0,0,0,0,0,0,0,0,0,0,0,0,0,0,0,0,
hello,6_30,11_17_48,15.1581,0,3,0,15.15806,0.0000,0.0000,0.0000,0.0000,0.0000,0.0000,0,0,,,,,,,,0,0,0,0,0,0,0,0,0,0,0,0,0,0,0,0,0,0,0,0,0,0,0,0,0,0,0,0,0,0,0,0,0,0,0,0,0,0,0,0,0,0,0,0,0,0,0,0,0,0,0,
hello,6_30,11_17_48,15.1616,0,3,0,15.16157,0.0000,0.0000,0.0000,0.0000,0.0000,0.0000,0,0,,,,,,,,0,0,0,0,0,0,0,0,0,0,0,0,0,0,0,0,0,0,0,0,0,0,0,0,0,0,0,0,0,0,0,0,0,0,0,0,0,0,0,0,0,0,0,0,0,0,0,0,0,0,0,
hello,6_30,11_17_48,15.1652,0,3,0,15.16517,0.0000,0.0000,0.0000,0.0000,0.0000,0.0000,0,0,,,,,,,,0,0,0,0,0,0,0,0,0,0,0,0,0,0,0,0,0,0,0,0,0,0,0,0,0,0,0,0,0,0,0,0,0,0,0,0,0,0,0,0,0,0,0,0,0,0,0,0,0,0,0,
hello,6_30,11_17_48,15.1685,0,3,0,15.16849,0.0000,0.0000,0.0000,0.0000,0.0000,0.0000,0,0,,,,,,,,0,0,0,0,0,0,0,0,0,0,0,0,0,0,0,0,0,0,0,0,0,0,0,0,0,0,0,0,0,0,0,0,0,0,0,0,0,0,0,0,0,0,0,0,0,0,0,0,0,0,0,
hello,6_30,11_17_48,15.1717,0,3,0,15.17172,0.0000,0.0000,0.0000,0.0000,0.0000,0.0000,0,0,,,,,,,,0,0,0,0,0,0,0,0,0,0,0,0,0,0,0,0,0,0,0,0,0,0,0,0,0,0,0,0,0,0,0,0,0,0,0,0,0,0,0,0,0,0,0,0,0,0,0,0,0,0,0,
hello,6_30,11_17_48,15.1750,0,3,0,15.17503,0.0000,0.0000,0.0000,0.0000,0.0000,0.0000,0,0,,,,,,,,0,0,0,0,0,0,0,0,0,0,0,0,0,0,0,0,0,0,0,0,0,0,0,0,0,0,0,0,0,0,0,0,0,0,0,0,0,0,0,0,0,0,0,0,0,0,0,0,0,0,0,
hello,6_30,11_17_48,15.1784,0,3,0,15.17838,0.0000,0.0000,0.0000,0.0000,0.0000,0.0000,0,0,,,,,,,,0,0,0,0,0,0,0,0,0,0,0,0,0,0,0,0,0,0,0,0,0,0,0,0,0,0,0,0,0,0,0,0,0,0,0,0,0,0,0,0,0,0,0,0,0,0,0,0,0,0,0,
hello,6_30,11_17_48,15.1817,0,3,0,15.18174,0.0000,0.0000,0.0000,0.0000,0.0000,0.0000,0,0,,,,,,,,0,0,0,0,0,0,0,0,0,0,0,0,0,0,0,0,0,0,0,0,0,0,0,0,0,0,0,0,0,0,0,0,0,0,0,0,0,0,0,0,0,0,0,0,0,0,0,0,0,0,0,
hello,6_30,11_17_48,15.1853,0,3,0,15.18528,0.0000,0.0000,0.0000,0.0000,0.0000,0.0000,0,0,,,,,,,,0,0,0,0,0,0,0,0,0,0,0,0,0,0,0,0,0,0,0,0,0,0,0,0,0,0,0,0,0,0,0,0,0,0,0,0,0,0,0,0,0,0,0,0,0,0,0,0,0,0,0,
hello,6_30,11_17_48,15.1887,0,3,0,15.18873,0.0000,0.0000,0.0000,0.0000,0.0000,0.0000,0,0,,,,,,,,0,0,0,0,0,0,0,0,0,0,0,0,0,0,0,0,0,0,0,0,0,0,0,0,0,0,0,0,0,0,0,0,0,0,0,0,0,0,0,0,0,0,0,0,0,0,0,0,0,0,0,
hello,6_30,11_17_48,15.1922,0,3,0,15.19215,0.0000,0.0000,0.0000,0.0000,0.0000,0.0000,0,0,,,,,,,,0,0,0,0,0,0,0,0,0,0,0,0,0,0,0,0,0,0,0,0,0,0,0,0,0,0,0,0,0,0,0,0,0,0,0,0,0,0,0,0,0,0,0,0,0,0,0,0,0,0,0,
hello,6_30,11_17_48,15.1956,0,3,0,15.19562,0.0000,0.0000,0.0000,0.0000,0.0000,0.0000,0,0,,,,,,,,0,0,0,0,0,0,0,0,0,0,0,0,0,0,0,0,0,0,0,0,0,0,0,0,0,0,0,0,0,0,0,0,0,0,0,0,0,0,0,0,0,0,0,0,0,0,0,0,0,0,0,
hello,6_30,11_17_48,15.1992,0,3,0,15.19921,0.0000,0.0000,0.0000,0.0000,0.0000,0.0000,0,0,,,,,,,,0,0,0,0,0,0,0,0,0,0,0,0,0,0,0,0,0,0,0,0,0,0,0,0,0,0,0,0,0,0,0,0,0,0,0,0,0,0,0,0,0,0,0,0,0,0,0,0,0,0,0,
hello,6_30,11_17_48,15.2026,0,3,0,15.20262,0.0000,0.0000,0.0000,0.0000,0.0000,0.0000,0,0,,,,,,,,0,0,0,0,0,0,0,0,0,0,0,0,0,0,0,0,0,0,0,0,0,0,0,0,0,0,0,0,0,0,0,0,0,0,0,0,0,0,0,0,0,0,0,0,0,0,0,0,0,0,0,
hello,6_30,11_17_48,15.2062,0,3,0,15.20615,0.0000,0.0000,0.0000,0.0000,0.0000,0.0000,0,0,,,,,,,,0,0,0,0,0,0,0,0,0,0,0,0,0,0,0,0,0,0,0,0,0,0,0,0,0,0,0,0,0,0,0,0,0,0,0,0,0,0,0,0,0,0,0,0,0,0,0,0,0,0,0,
hello,6_30,11_17_48,15.2097,0,3,0,15.2097,0.0000,0.0000,0.0000,0.0000,0.0000,0.0000,0,0,,,,,,,,0,0,0,0,0,0,0,0,0,0,0,0,0,0,0,0,0,0,0,0,0,0,0,0,0,0,0,0,0,0,0,0,0,0,0,0,0,0,0,0,0,0,0,0,0,0,0,0,0,0,0,
hello,6_30,11_17_48,15.2135,0,3,0,15.2135,0.0000,0.0000,0.0000,0.0000,0.0000,0.0000,0,0,,,,,,,,0,0,0,0,0,0,0,0,0,0,0,0,0,0,0,0,0,0,0,0,0,0,0,0,0,0,0,0,0,0,0,0,0,0,0,0,0,0,0,0,0,0,0,0,0,0,0,0,0,0,0,
hello,6_30,11_17_48,15.2172,0,3,0,15.2172,0.0000,0.0000,0.0000,0.0000,0.0000,0.0000,0,0,,,,,,,,0,0,0,0,0,0,0,0,0,0,0,0,0,0,0,0,0,0,0,0,0,0,0,0,0,0,0,0,0,0,0,0,0,0,0,0,0,0,0,0,0,0,0,0,0,0,0,0,0,0,0,
hello,6_30,11_17_48,15.2206,0,3,0,15.22062,0.0000,0.0000,0.0000,0.0000,0.0000,0.0000,0,0,,,,,,,,0,0,0,0,0,0,0,0,0,0,0,0,0,0,0,0,0,0,0,0,0,0,0,0,0,0,0,0,0,0,0,0,0,0,0,0,0,0,0,0,0,0,0,0,0,0,0,0,0,0,0,
hello,6_30,11_17_48,15.2243,0,3,0,15.22427,0.0000,0.0000,0.0000,0.0000,0.0000,0.0000,0,0,,,,,,,,0,0,0,0,0,0,0,0,0,0,0,0,0,0,0,0,0,0,0,0,0,0,0,0,0,0,0,0,0,0,0,0,0,0,0,0,0,0,0,0,0,0,0,0,0,0,0,0,0,0,0,
hello,6_30,11_17_48,15.2278,0,3,0,15.22777,0.0000,0.0000,0.0000,0.0000,0.0000,0.0000,0,0,,,,,,,,0,0,0,0,0,0,0,0,0,0,0,0,0,0,0,0,0,0,0,0,0,0,0,0,0,0,0,0,0,0,0,0,0,0,0,0,0,0,0,0,0,0,0,0,0,0,0,0,0,0,0,
hello,6_30,11_17_48,15.2311,0,3,0,15.23111,0.0000,0.0000,0.0000,0.0000,0.0000,0.0000,0,0,,,,,,,,0,0,0,0,0,0,0,0,0,0,0,0,0,0,0,0,0,0,0,0,0,0,0,0,0,0,0,0,0,0,0,0,0,0,0,0,0,0,0,0,0,0,0,0,0,0,0,0,0,0,0,
hello,6_30,11_17_48,15.2345,0,3,0,15.23451,0.0000,0.0000,0.0000,0.0000,0.0000,0.0000,0,0,,,,,,,,0,0,0,0,0,0,0,0,0,0,0,0,0,0,0,0,0,0,0,0,0,0,0,0,0,0,0,0,0,0,0,0,0,0,0,0,0,0,0,0,0,0,0,0,0,0,0,0,0,0,0,
hello,6_30,11_17_48,15.2381,0,3,0,15.23805,0.0000,0.0000,0.0000,0.0000,0.0000,0.0000,0,0,,,,,,,,0,0,0,0,0,0,0,0,0,0,0,0,0,0,0,0,0,0,0,0,0,0,0,0,0,0,0,0,0,0,0,0,0,0,0,0,0,0,0,0,0,0,0,0,0,0,0,0,0,0,0,
hello,6_30,11_17_48,15.2417,0,3,0,15.24169,0.0000,0.0000,0.0000,0.0000,0.0000,0.0000,0,0,,,,,,,,0,0,0,0,0,0,0,0,0,0,0,0,0,0,0,0,0,0,0,0,0,0,0,0,0,0,0,0,0,0,0,0,0,0,0,0,0,0,0,0,0,0,0,0,0,0,0,0,0,0,0,
hello,6_30,11_17_48,15.2454,0,3,0,15.24535,0.0000,0.0000,0.0000,0.0000,0.0000,0.0000,0,0,,,,,,,,0,0,0,0,0,0,0,0,0,0,0,0,0,0,0,0,0,0,0,0,0,0,0,0,0,0,0,0,0,0,0,0,0,0,0,0,0,0,0,0,0,0,0,0,0,0,0,0,0,0,0,
hello,6_30,11_17_48,15.2490,0,3,0,15.24901,0.0000,0.0000,0.0000,0.0000,0.0000,0.0000,0,0,,,,,,,,0,0,0,0,0,0,0,0,0,0,0,0,0,0,0,0,0,0,0,0,0,0,0,0,0,0,0,0,0,0,0,0,0,0,0,0,0,0,0,0,0,0,0,0,0,0,0,0,0,0,0,
hello,6_30,11_17_48,15.2526,0,3,0,15.25261,0.0000,0.0000,0.0000,0.0000,0.0000,0.0000,0,0,,,,,,,,0,0,0,0,0,0,0,0,0,0,0,0,0,0,0,0,0,0,0,0,0,0,0,0,0,0,0,0,0,0,0,0,0,0,0,0,0,0,0,0,0,0,0,0,0,0,0,0,0,0,0,
hello,6_30,11_17_48,15.2761,0,3,0,15.27605,0.0000,0.0000,0.0000,0.0000,0.0000,0.0000,0,0,,,,,,,,0,0,0,0,0,0,0,0,0,0,0,0,0,0,0,0,0,0,0,0,0,0,0,0,0,0,0,0,0,0,0,0,0,0,0,0,0,0,0,0,0,0,0,0,0,0,0,0,0,0,0,
hello,6_30,11_17_48,15.2798,0,3,0,15.27981,0.0000,0.0000,0.0000,0.0000,0.0000,0.0000,0,0,,,,,,,,0,0,0,0,0,0,0,0,0,0,0,0,0,0,0,0,0,0,0,0,0,0,0,0,0,0,0,0,0,0,0,0,0,0,0,0,0,0,0,0,0,0,0,0,0,0,0,0,0,0,0,
hello,6_30,11_17_48,15.2836,0,3,0,15.2836,0.0000,0.0000,0.0000,0.0000,0.0000,0.0000,0,0,,,,,,,,0,0,0,0,0,0,0,0,0,0,0,0,0,0,0,0,0,0,0,0,0,0,0,0,0,0,0,0,0,0,0,0,0,0,0,0,0,0,0,0,0,0,0,0,0,0,0,0,0,0,0,
hello,6_30,11_17_48,15.2873,0,3,0,15.2873,0.0000,0.0000,0.0000,0.0000,0.0000,0.0000,0,0,,,,,,,,0,0,0,0,0,0,0,0,0,0,0,0,0,0,0,0,0,0,0,0,0,0,0,0,0,0,0,0,0,0,0,0,0,0,0,0,0,0,0,0,0,0,0,0,0,0,0,0,0,0,0,
hello,6_30,11_17_48,15.2912,0,3,0,15.29123,0.0000,0.0000,0.0000,0.0000,0.0000,0.0000,0,0,,,,,,,,0,0,0,0,0,0,0,0,0,0,0,0,0,0,0,0,0,0,0,0,0,0,0,0,0,0,0,0,0,0,0,0,0,0,0,0,0,0,0,0,0,0,0,0,0,0,0,0,0,0,0,
hello,6_30,11_17_48,15.2947,0,3,0,15.29473,0.0000,0.0000,0.0000,0.0000,0.0000,0.0000,0,0,,,,,,,,0,0,0,0,0,0,0,0,0,0,0,0,0,0,0,0,0,0,0,0,0,0,0,0,0,0,0,0,0,0,0,0,0,0,0,0,0,0,0,0,0,0,0,0,0,0,0,0,0,0,0,
hello,6_30,11_17_48,15.2982,0,3,0,15.29823,0.0000,0.0000,0.0000,0.0000,0.0000,0.0000,0,0,,,,,,,,0,0,0,0,0,0,0,0,0,0,0,0,0,0,0,0,0,0,0,0,0,0,0,0,0,0,0,0,0,0,0,0,0,0,0,0,0,0,0,0,0,0,0,0,0,0,0,0,0,0,0,
hello,6_30,11_17_48,15.3017,0,3,0,15.30171,0.0000,0.0000,0.0000,0.0000,0.0000,0.0000,0,0,,,,,,,,0,0,0,0,0,0,0,0,0,0,0,0,0,0,0,0,0,0,0,0,0,0,0,0,0,0,0,0,0,0,0,0,0,0,0,0,0,0,0,0,0,0,0,0,0,0,0,0,0,0,0,
hello,6_30,11_17_48,15.3053,0,3,0,15.3053,0.0000,0.0000,0.0000,0.0000,0.0000,0.0000,0,0,,,,,,,,0,0,0,0,0,0,0,0,0,0,0,0,0,0,0,0,0,0,0,0,0,0,0,0,0,0,0,0,0,0,0,0,0,0,0,0,0,0,0,0,0,0,0,0,0,0,0,0,0,0,0,
hello,6_30,11_17_48,15.3089,0,3,0,15.30885,0.0000,0.0000,0.0000,0.0000,0.0000,0.0000,0,0,,,,,,,,0,0,0,0,0,0,0,0,0,0,0,0,0,0,0,0,0,0,0,0,0,0,0,0,0,0,0,0,0,0,0,0,0,0,0,0,0,0,0,0,0,0,0,0,0,0,0,0,0,0,0,
hello,6_30,11_17_48,15.3122,0,3,0,15.31219,0.0000,0.0000,0.0000,0.0000,0.0000,0.0000,0,0,,,,,,,,0,0,0,0,0,0,0,0,0,0,0,0,0,0,0,0,0,0,0,0,0,0,0,0,0,0,0,0,0,0,0,0,0,0,0,0,0,0,0,0,0,0,0,0,0,0,0,0,0,0,0,
hello,6_30,11_17_48,15.3157,0,3,0,15.31568,0.0000,0.0000,0.0000,0.0000,0.0000,0.0000,0,0,,,,,,,,0,0,0,0,0,0,0,0,0,0,0,0,0,0,0,0,0,0,0,0,0,0,0,0,0,0,0,0,0,0,0,0,0,0,0,0,0,0,0,0,0,0,0,0,0,0,0,0,0,0,0,
hello,6_30,11_17_48,15.3191,0,3,0,15.31905,0.0000,0.0000,0.0000,0.0000,0.0000,0.0000,0,0,,,,,,,,0,0,0,0,0,0,0,0,0,0,0,0,0,0,0,0,0,0,0,0,0,0,0,0,0,0,0,0,0,0,0,0,0,0,0,0,0,0,0,0,0,0,0,0,0,0,0,0,0,0,0,
hello,6_30,11_17_48,15.3224,0,3,0,15.32241,0.0000,0.0000,0.0000,0.0000,0.0000,0.0000,0,0,,,,,,,,0,0,0,0,0,0,0,0,0,0,0,0,0,0,0,0,0,0,0,0,0,0,0,0,0,0,0,0,0,0,0,0,0,0,0,0,0,0,0,0,0,0,0,0,0,0,0,0,0,0,0,
hello,6_30,11_17_48,15.3262,0,3,0,15.32617,0.0000,0.0000,0.0000,0.0000,0.0000,0.0000,0,0,,,,,,,,0,0,0,0,0,0,0,0,0,0,0,0,0,0,0,0,0,0,0,0,0,0,0,0,0,0,0,0,0,0,0,0,0,0,0,0,0,0,0,0,0,0,0,0,0,0,0,0,0,0,0,
hello,6_30,11_17_48,15.3296,0,3,0,15.32958,0.0000,0.0000,0.0000,0.0000,0.0000,0.0000,0,0,,,,,,,,0,0,0,0,0,0,0,0,0,0,0,0,0,0,0,0,0,0,0,0,0,0,0,0,0,0,0,0,0,0,0,0,0,0,0,0,0,0,0,0,0,0,0,0,0,0,0,0,0,0,0,
hello,6_30,11_17_48,15.3330,0,3,0,15.333,0.0000,0.0000,0.0000,0.0000,0.0000,0.0000,0,0,,,,,,,,0,0,0,0,0,0,0,0,0,0,0,0,0,0,0,0,0,0,0,0,0,0,0,0,0,0,0,0,0,0,0,0,0,0,0,0,0,0,0,0,0,0,0,0,0,0,0,0,0,0,0,
hello,6_30,11_17_48,15.3363,0,3,0,15.33629,0.0000,0.0000,0.0000,0.0000,0.0000,0.0000,0,0,,,,,,,,0,0,0,0,0,0,0,0,0,0,0,0,0,0,0,0,0,0,0,0,0,0,0,0,0,0,0,0,0,0,0,0,0,0,0,0,0,0,0,0,0,0,0,0,0,0,0,0,0,0,0,
hello,6_30,11_17_48,15.3396,0,3,0,15.33962,0.0000,0.0000,0.0000,0.0000,0.0000,0.0000,0,0,,,,,,,,0,0,0,0,0,0,0,0,0,0,0,0,0,0,0,0,0,0,0,0,0,0,0,0,0,0,0,0,0,0,0,0,0,0,0,0,0,0,0,0,0,0,0,0,0,0,0,0,0,0,0,
hello,6_30,11_17_48,15.3429,0,3,0,15.34293,0.0000,0.0000,0.0000,0.0000,0.0000,0.0000,0,0,,,,,,,,0,0,0,0,0,0,0,0,0,0,0,0,0,0,0,0,0,0,0,0,0,0,0,0,0,0,0,0,0,0,0,0,0,0,0,0,0,0,0,0,0,0,0,0,0,0,0,0,0,0,0,
hello,6_30,11_17_48,15.3465,0,3,0,15.34653,0.0000,0.0000,0.0000,0.0000,0.0000,0.0000,0,0,,,,,,,,0,0,0,0,0,0,0,0,0,0,0,0,0,0,0,0,0,0,0,0,0,0,0,0,0,0,0,0,0,0,0,0,0,0,0,0,0,0,0,0,0,0,0,0,0,0,0,0,0,0,0,
hello,6_30,11_17_48,15.3498,0,3,0,15.34983,0.0000,0.0000,0.0000,0.0000,0.0000,0.0000,0,0,,,,,,,,0,0,0,0,0,0,0,0,0,0,0,0,0,0,0,0,0,0,0,0,0,0,0,0,0,0,0,0,0,0,0,0,0,0,0,0,0,0,0,0,0,0,0,0,0,0,0,0,0,0,0,
hello,6_30,11_17_48,15.3533,0,3,0,15.3533,0.0000,0.0000,0.0000,0.0000,0.0000,0.0000,0,0,,,,,,,,0,0,0,0,0,0,0,0,0,0,0,0,0,0,0,0,0,0,0,0,0,0,0,0,0,0,0,0,0,0,0,0,0,0,0,0,0,0,0,0,0,0,0,0,0,0,0,0,0,0,0,
hello,6_30,11_17_48,15.3569,0,3,0,15.35693,0.0000,0.0000,0.0000,0.0000,0.0000,0.0000,0,0,,,,,,,,0,0,0,0,0,0,0,0,0,0,0,0,0,0,0,0,0,0,0,0,0,0,0,0,0,0,0,0,0,0,0,0,0,0,0,0,0,0,0,0,0,0,0,0,0,0,0,0,0,0,0,
hello,6_30,11_17_48,15.3604,0,3,0,15.36044,0.0000,0.0000,0.0000,0.0000,0.0000,0.0000,0,0,,,,,,,,0,0,0,0,0,0,0,0,0,0,0,0,0,0,0,0,0,0,0,0,0,0,0,0,0,0,0,0,0,0,0,0,0,0,0,0,0,0,0,0,0,0,0,0,0,0,0,0,0,0,0,
hello,6_30,11_17_48,15.3641,0,3,0,15.36406,0.0000,0.0000,0.0000,0.0000,0.0000,0.0000,0,0,,,,,,,,0,0,0,0,0,0,0,0,0,0,0,0,0,0,0,0,0,0,0,0,0,0,0,0,0,0,0,0,0,0,0,0,0,0,0,0,0,0,0,0,0,0,0,0,0,0,0,0,0,0,0,
hello,6_30,11_17_48,15.3675,0,3,0,15.3675,0.0000,0.0000,0.0000,0.0000,0.0000,0.0000,0,0,,,,,,,,0,0,0,0,0,0,0,0,0,0,0,0,0,0,0,0,0,0,0,0,0,0,0,0,0,0,0,0,0,0,0,0,0,0,0,0,0,0,0,0,0,0,0,0,0,0,0,0,0,0,0,
hello,6_30,11_17_48,15.3710,0,3,0,15.37097,0.0000,0.0000,0.0000,0.0000,0.0000,0.0000,0,0,,,,,,,,0,0,0,0,0,0,0,0,0,0,0,0,0,0,0,0,0,0,0,0,0,0,0,0,0,0,0,0,0,0,0,0,0,0,0,0,0,0,0,0,0,0,0,0,0,0,0,0,0,0,0,
hello,6_30,11_17_48,15.3743,0,3,0,15.37434,0.0000,0.0000,0.0000,0.0000,0.0000,0.0000,0,0,,,,,,,,0,0,0,0,0,0,0,0,0,0,0,0,0,0,0,0,0,0,0,0,0,0,0,0,0,0,0,0,0,0,0,0,0,0,0,0,0,0,0,0,0,0,0,0,0,0,0,0,0,0,0,
hello,6_30,11_17_48,15.3778,0,3,0,15.37782,0.0000,0.0000,0.0000,0.0000,0.0000,0.0000,0,0,,,,,,,,0,0,0,0,0,0,0,0,0,0,0,0,0,0,0,0,0,0,0,0,0,0,0,0,0,0,0,0,0,0,0,0,0,0,0,0,0,0,0,0,0,0,0,0,0,0,0,0,0,0,0,
hello,6_30,11_17_48,15.3813,0,3,0,15.38125,0.0000,0.0000,0.0000,0.0000,0.0000,0.0000,0,0,,,,,,,,0,0,0,0,0,0,0,0,0,0,0,0,0,0,0,0,0,0,0,0,0,0,0,0,0,0,0,0,0,0,0,0,0,0,0,0,0,0,0,0,0,0,0,0,0,0,0,0,0,0,0,
hello,6_30,11_17_48,15.3849,0,3,0,15.3849,0.0000,0.0000,0.0000,0.0000,0.0000,0.0000,0,0,,,,,,,,0,0,0,0,0,0,0,0,0,0,0,0,0,0,0,0,0,0,0,0,0,0,0,0,0,0,0,0,0,0,0,0,0,0,0,0,0,0,0,0,0,0,0,0,0,0,0,0,0,0,0,
hello,6_30,11_17_48,15.3884,0,3,0,15.38836,0.0000,0.0000,0.0000,0.0000,0.0000,0.0000,0,0,,,,,,,,0,0,0,0,0,0,0,0,0,0,0,0,0,0,0,0,0,0,0,0,0,0,0,0,0,0,0,0,0,0,0,0,0,0,0,0,0,0,0,0,0,0,0,0,0,0,0,0,0,0,0,
hello,6_30,11_17_48,15.3919,0,3,0,15.39186,0.0000,0.0000,0.0000,0.0000,0.0000,0.0000,0,0,,,,,,,,0,0,0,0,0,0,0,0,0,0,0,0,0,0,0,0,0,0,0,0,0,0,0,0,0,0,0,0,0,0,0,0,0,0,0,0,0,0,0,0,0,0,0,0,0,0,0,0,0,0,0,
hello,6_30,11_17_48,15.3951,0,3,0,15.39508,0.0000,0.0000,0.0000,0.0000,0.0000,0.0000,0,0,,,,,,,,0,0,0,0,0,0,0,0,0,0,0,0,0,0,0,0,0,0,0,0,0,0,0,0,0,0,0,0,0,0,0,0,0,0,0,0,0,0,0,0,0,0,0,0,0,0,0,0,0,0,0,
hello,6_30,11_17_48,15.3983,0,3,0,15.3983,0.0000,0.0000,0.0000,0.0000,0.0000,0.0000,0,0,,,,,,,,0,0,0,0,0,0,0,0,0,0,0,0,0,0,0,0,0,0,0,0,0,0,0,0,0,0,0,0,0,0,0,0,0,0,0,0,0,0,0,0,0,0,0,0,0,0,0,0,0,0,0,
hello,6_30,11_17_48,15.4017,0,3,0,15.40166,0.0000,0.0000,0.0000,0.0000,0.0000,0.0000,0,0,,,,,,,,0,0,0,0,0,0,0,0,0,0,0,0,0,0,0,0,0,0,0,0,0,0,0,0,0,0,0,0,0,0,0,0,0,0,0,0,0,0,0,0,0,0,0,0,0,0,0,0,0,0,0,
hello,6_30,11_17_48,15.4054,0,3,0,15.40539,0.0000,0.0000,0.0000,0.0000,0.0000,0.0000,0,0,,,,,,,,0,0,0,0,0,0,0,0,0,0,0,0,0,0,0,0,0,0,0,0,0,0,0,0,0,0,0,0,0,0,0,0,0,0,0,0,0,0,0,0,0,0,0,0,0,0,0,0,0,0,0,
hello,6_30,11_17_48,15.4089,0,3,0,15.40885,0.0000,0.0000,0.0000,0.0000,0.0000,0.0000,0,0,,,,,,,,0,0,0,0,0,0,0,0,0,0,0,0,0,0,0,0,0,0,0,0,0,0,0,0,0,0,0,0,0,0,0,0,0,0,0,0,0,0,0,0,0,0,0,0,0,0,0,0,0,0,0,
hello,6_30,11_17_48,15.4124,0,3,0,15.41238,0.0000,0.0000,0.0000,0.0000,0.0000,0.0000,0,0,,,,,,,,0,0,0,0,0,0,0,0,0,0,0,0,0,0,0,0,0,0,0,0,0,0,0,0,0,0,0,0,0,0,0,0,0,0,0,0,0,0,0,0,0,0,0,0,0,0,0,0,0,0,0,
hello,6_30,11_17_48,15.4161,0,3,0,15.41613,0.0000,0.0000,0.0000,0.0000,0.0000,0.0000,0,0,,,,,,,,0,0,0,0,0,0,0,0,0,0,0,0,0,0,0,0,0,0,0,0,0,0,0,0,0,0,0,0,0,0,0,0,0,0,0,0,0,0,0,0,0,0,0,0,0,0,0,0,0,0,0,
hello,6_30,11_17_48,15.4196,0,3,0,15.41959,0.0000,0.0000,0.0000,0.0000,0.0000,0.0000,0,0,,,,,,,,0,0,0,0,0,0,0,0,0,0,0,0,0,0,0,0,0,0,0,0,0,0,0,0,0,0,0,0,0,0,0,0,0,0,0,0,0,0,0,0,0,0,0,0,0,0,0,0,0,0,0,
hello,6_30,11_17_48,15.4229,0,3,0,15.42285,0.0000,0.0000,0.0000,0.0000,0.0000,0.0000,0,0,,,,,,,,0,0,0,0,0,0,0,0,0,0,0,0,0,0,0,0,0,0,0,0,0,0,0,0,0,0,0,0,0,0,0,0,0,0,0,0,0,0,0,0,0,0,0,0,0,0,0,0,0,0,0,
hello,6_30,11_17_48,15.4263,0,3,0,15.42634,0.0000,0.0000,0.0000,0.0000,0.0000,0.0000,0,0,,,,,,,,0,0,0,0,0,0,0,0,0,0,0,0,0,0,0,0,0,0,0,0,0,0,0,0,0,0,0,0,0,0,0,0,0,0,0,0,0,0,0,0,0,0,0,0,0,0,0,0,0,0,0,
hello,6_30,11_17_48,15.4298,0,3,0,15.42983,0.0000,0.0000,0.0000,0.0000,0.0000,0.0000,0,0,,,,,,,,0,0,0,0,0,0,0,0,0,0,0,0,0,0,0,0,0,0,0,0,0,0,0,0,0,0,0,0,0,0,0,0,0,0,0,0,0,0,0,0,0,0,0,0,0,0,0,0,0,0,0,
hello,6_30,11_17_48,15.4331,0,3,0,15.43306,0.0000,0.0000,0.0000,0.0000,0.0000,0.0000,0,0,,,,,,,,0,0,0,0,0,0,0,0,0,0,0,0,0,0,0,0,0,0,0,0,0,0,0,0,0,0,0,0,0,0,0,0,0,0,0,0,0,0,0,0,0,0,0,0,0,0,0,0,0,0,0,
hello,6_30,11_17_48,15.4363,0,3,0,15.43633,0.0000,0.0000,0.0000,0.0000,0.0000,0.0000,0,0,,,,,,,,0,0,0,0,0,0,0,0,0,0,0,0,0,0,0,0,0,0,0,0,0,0,0,0,0,0,0,0,0,0,0,0,0,0,0,0,0,0,0,0,0,0,0,0,0,0,0,0,0,0,0,
hello,6_30,11_17_48,15.4399,0,3,0,15.43992,0.0000,0.0000,0.0000,0.0000,0.0000,0.0000,0,0,,,,,,,,0,0,0,0,0,0,0,0,0,0,0,0,0,0,0,0,0,0,0,0,0,0,0,0,0,0,0,0,0,0,0,0,0,0,0,0,0,0,0,0,0,0,0,0,0,0,0,0,0,0,0,
hello,6_30,11_17_48,15.4432,0,3,0,15.44319,0.0000,0.0000,0.0000,0.0000,0.0000,0.0000,0,0,,,,,,,,0,0,0,0,0,0,0,0,0,0,0,0,0,0,0,0,0,0,0,0,0,0,0,0,0,0,0,0,0,0,0,0,0,0,0,0,0,0,0,0,0,0,0,0,0,0,0,0,0,0,0,
hello,6_30,11_17_48,15.4472,0,3,0,15.4472,0.0000,0.0000,0.0000,0.0000,0.0000,0.0000,0,0,,,,,,,,0,0,0,0,0,0,0,0,0,0,0,0,0,0,0,0,0,0,0,0,0,0,0,0,0,0,0,0,0,0,0,0,0,0,0,0,0,0,0,0,0,0,0,0,0,0,0,0,0,0,0,
hello,6_30,11_17_48,15.4505,0,3,0,15.45051,0.0000,0.0000,0.0000,0.0000,0.0000,0.0000,0,0,,,,,,,,0,0,0,0,0,0,0,0,0,0,0,0,0,0,0,0,0,0,0,0,0,0,0,0,0,0,0,0,0,0,0,0,0,0,0,0,0,0,0,0,0,0,0,0,0,0,0,0,0,0,0,
hello,6_30,11_17_48,15.4539,0,3,0,15.45392,0.0000,0.0000,0.0000,0.0000,0.0000,0.0000,0,0,,,,,,,,0,0,0,0,0,0,0,0,0,0,0,0,0,0,0,0,0,0,0,0,0,0,0,0,0,0,0,0,0,0,0,0,0,0,0,0,0,0,0,0,0,0,0,0,0,0,0,0,0,0,0,
hello,6_30,11_17_48,15.4757,0,3,0,15.47574,0.0000,0.0000,0.0000,0.0000,0.0000,0.0000,0,0,,,,,,,,0,0,0,0,0,0,0,0,0,0,0,0,0,0,0,0,0,0,0,0,0,0,0,0,0,0,0,0,0,0,0,0,0,0,0,0,0,0,0,0,0,0,0,0,0,0,0,0,0,0,0,
hello,6_30,11_17_48,15.4796,0,3,0,15.4796,0.0000,0.0000,0.0000,0.0000,0.0000,0.0000,0,0,,,,,,,,0,0,0,0,0,0,0,0,0,0,0,0,0,0,0,0,0,0,0,0,0,0,0,0,0,0,0,0,0,0,0,0,0,0,0,0,0,0,0,0,0,0,0,0,0,0,0,0,0,0,0,
hello,6_30,11_17_48,15.4830,0,3,0,15.48304,0.0000,0.0000,0.0000,0.0000,0.0000,0.0000,0,0,,,,,,,,0,0,0,0,0,0,0,0,0,0,0,0,0,0,0,0,0,0,0,0,0,0,0,0,0,0,0,0,0,0,0,0,0,0,0,0,0,0,0,0,0,0,0,0,0,0,0,0,0,0,0,
hello,6_30,11_17_48,15.4865,0,3,0,15.48653,0.0000,0.0000,0.0000,0.0000,0.0000,0.0000,0,0,,,,,,,,0,0,0,0,0,0,0,0,0,0,0,0,0,0,0,0,0,0,0,0,0,0,0,0,0,0,0,0,0,0,0,0,0,0,0,0,0,0,0,0,0,0,0,0,0,0,0,0,0,0,0,
hello,6_30,11_17_48,15.4898,0,3,0,15.48981,0.0000,0.0000,0.0000,0.0000,0.0000,0.0000,0,0,,,,,,,,0,0,0,0,0,0,0,0,0,0,0,0,0,0,0,0,0,0,0,0,0,0,0,0,0,0,0,0,0,0,0,0,0,0,0,0,0,0,0,0,0,0,0,0,0,0,0,0,0,0,0,
hello,6_30,11_17_48,15.4933,0,3,0,15.49332,0.0000,0.0000,0.0000,0.0000,0.0000,0.0000,0,0,,,,,,,,0,0,0,0,0,0,0,0,0,0,0,0,0,0,0,0,0,0,0,0,0,0,0,0,0,0,0,0,0,0,0,0,0,0,0,0,0,0,0,0,0,0,0,0,0,0,0,0,0,0,0,
hello,6_30,11_17_48,15.4968,0,3,0,15.4968,0.0000,0.0000,0.0000,0.0000,0.0000,0.0000,0,0,,,,,,,,0,0,0,0,0,0,0,0,0,0,0,0,0,0,0,0,0,0,0,0,0,0,0,0,0,0,0,0,0,0,0,0,0,0,0,0,0,0,0,0,0,0,0,0,0,0,0,0,0,0,0,
hello,6_30,11_17_48,15.5001,0,3,0,15.5001,0.0000,0.0000,0.0000,0.0000,0.0000,0.0000,0,0,,,,,,,,0,0,0,0,0,0,0,0,0,0,0,0,0,0,0,0,0,0,0,0,0,0,0,0,0,0,0,0,0,0,0,0,0,0,0,0,0,0,0,0,0,0,0,0,0,0,0,0,0,0,0,
hello,6_30,11_17_48,15.5036,0,3,0,15.50362,0.0000,0.0000,0.0000,0.0000,0.0000,0.0000,0,0,,,,,,,,0,0,0,0,0,0,0,0,0,0,0,0,0,0,0,0,0,0,0,0,0,0,0,0,0,0,0,0,0,0,0,0,0,0,0,0,0,0,0,0,0,0,0,0,0,0,0,0,0,0,0,
hello,6_30,11_17_48,15.5144,0,3,0,15.51437,0.0000,0.0000,0.0000,0.0000,0.0000,0.0000,0,0,,,,,,,,0,0,0,0,0,0,0,0,0,0,0,0,0,0,0,0,0,0,0,0,0,0,0,0,0,0,0,0,0,0,0,0,0,0,0,0,0,0,0,0,0,0,0,0,0,0,0,0,0,0,0,
hello,6_30,11_17_48,15.5181,0,3,0,15.51806,0.0000,0.0000,0.0000,0.0000,0.0000,0.0000,0,0,,,,,,,,0,0,0,0,0,0,0,0,0,0,0,0,0,0,0,0,0,0,0,0,0,0,0,0,0,0,0,0,0,0,0,0,0,0,0,0,0,0,0,0,0,0,0,0,0,0,0,0,0,0,0,
hello,6_30,11_17_48,15.5215,0,3,0,15.5215,0.0000,0.0000,0.0000,0.0000,0.0000,0.0000,0,0,,,,,,,,0,0,0,0,0,0,0,0,0,0,0,0,0,0,0,0,0,0,0,0,0,0,0,0,0,0,0,0,0,0,0,0,0,0,0,0,0,0,0,0,0,0,0,0,0,0,0,0,0,0,0,
hello,6_30,11_17_48,15.5251,0,3,0,15.52509,0.0000,0.0000,0.0000,0.0000,0.0000,0.0000,0,0,,,,,,,,0,0,0,0,0,0,0,0,0,0,0,0,0,0,0,0,0,0,0,0,0,0,0,0,0,0,0,0,0,0,0,0,0,0,0,0,0,0,0,0,0,0,0,0,0,0,0,0,0,0,0,
hello,6_30,11_17_48,15.5285,0,3,0,15.52847,0.0000,0.0000,0.0000,0.0000,0.0000,0.0000,0,0,,,,,,,,0,0,0,0,0,0,0,0,0,0,0,0,0,0,0,0,0,0,0,0,0,0,0,0,0,0,0,0,0,0,0,0,0,0,0,0,0,0,0,0,0,0,0,0,0,0,0,0,0,0,0,
hello,6_30,11_17_48,15.5321,0,3,0,15.53211,0.0000,0.0000,0.0000,0.0000,0.0000,0.0000,0,0,,,,,,,,0,0,0,0,0,0,0,0,0,0,0,0,0,0,0,0,0,0,0,0,0,0,0,0,0,0,0,0,0,0,0,0,0,0,0,0,0,0,0,0,0,0,0,0,0,0,0,0,0,0,0,
hello,6_30,11_17_48,15.5370,0,3,0,15.53704,0.0000,0.0000,0.0000,0.0000,0.0000,0.0000,0,0,,,,,,,,0,0,0,0,0,0,0,0,0,0,0,0,0,0,0,0,0,0,0,0,0,0,0,0,0,0,0,0,0,0,0,0,0,0,0,0,0,0,0,0,0,0,0,0,0,0,0,0,0,0,0,
hello,6_30,11_17_48,15.5407,0,3,0,15.54066,0.0000,0.0000,0.0000,0.0000,0.0000,0.0000,0,0,,,,,,,,0,0,0,0,0,0,0,0,0,0,0,0,0,0,0,0,0,0,0,0,0,0,0,0,0,0,0,0,0,0,0,0,0,0,0,0,0,0,0,0,0,0,0,0,0,0,0,0,0,0,0,
hello,6_30,11_17_48,15.5441,0,3,0,15.54412,0.0000,0.0000,0.0000,0.0000,0.0000,0.0000,0,0,,,,,,,,0,0,0,0,0,0,0,0,0,0,0,0,0,0,0,0,0,0,0,0,0,0,0,0,0,0,0,0,0,0,0,0,0,0,0,0,0,0,0,0,0,0,0,0,0,0,0,0,0,0,0,
hello,6_30,11_17_48,15.5482,0,3,0,15.54818,0.0000,0.0000,0.0000,0.0000,0.0000,0.0000,0,0,,,,,,,,0,0,0,0,0,0,0,0,0,0,0,0,0,0,0,0,0,0,0,0,0,0,0,0,0,0,0,0,0,0,0,0,0,0,0,0,0,0,0,0,0,0,0,0,0,0,0,0,0,0,0,
hello,6_30,11_17_48,15.5518,0,3,0,15.55184,0.0000,0.0000,0.0000,0.0000,0.0000,0.0000,0,0,,,,,,,,0,0,0,0,0,0,0,0,0,0,0,0,0,0,0,0,0,0,0,0,0,0,0,0,0,0,0,0,0,0,0,0,0,0,0,0,0,0,0,0,0,0,0,0,0,0,0,0,0,0,0,
hello,6_30,11_17_48,15.5552,0,3,0,15.55523,0.0000,0.0000,0.0000,0.0000,0.0000,0.0000,0,0,,,,,,,,0,0,0,0,0,0,0,0,0,0,0,0,0,0,0,0,0,0,0,0,0,0,0,0,0,0,0,0,0,0,0,0,0,0,0,0,0,0,0,0,0,0,0,0,0,0,0,0,0,0,0,
hello,6_30,11_17_48,15.5594,0,3,0,15.55938,0.0000,0.0000,0.0000,0.0000,0.0000,0.0000,0,0,,,,,,,,0,0,0,0,0,0,0,0,0,0,0,0,0,0,0,0,0,0,0,0,0,0,0,0,0,0,0,0,0,0,0,0,0,0,0,0,0,0,0,0,0,0,0,0,0,0,0,0,0,0,0,
hello,6_30,11_17_48,15.5631,0,3,0,15.56312,0.0000,0.0000,0.0000,0.0000,0.0000,0.0000,0,0,,,,,,,,0,0,0,0,0,0,0,0,0,0,0,0,0,0,0,0,0,0,0,0,0,0,0,0,0,0,0,0,0,0,0,0,0,0,0,0,0,0,0,0,0,0,0,0,0,0,0,0,0,0,0,
hello,6_30,11_17_48,15.5670,0,3,0,15.56701,0.0000,0.0000,0.0000,0.0000,0.0000,0.0000,0,0,,,,,,,,0,0,0,0,0,0,0,0,0,0,0,0,0,0,0,0,0,0,0,0,0,0,0,0,0,0,0,0,0,0,0,0,0,0,0,0,0,0,0,0,0,0,0,0,0,0,0,0,0,0,0,
hello,6_30,11_17_48,15.5705,0,3,0,15.5705,0.0000,0.0000,0.0000,0.0000,0.0000,0.0000,0,0,,,,,,,,0,0,0,0,0,0,0,0,0,0,0,0,0,0,0,0,0,0,0,0,0,0,0,0,0,0,0,0,0,0,0,0,0,0,0,0,0,0,0,0,0,0,0,0,0,0,0,0,0,0,0,
hello,6_30,11_17_48,15.5743,0,3,0,15.57431,0.0000,0.0000,0.0000,0.0000,0.0000,0.0000,0,0,,,,,,,,0,0,0,0,0,0,0,0,0,0,0,0,0,0,0,0,0,0,0,0,0,0,0,0,0,0,0,0,0,0,0,0,0,0,0,0,0,0,0,0,0,0,0,0,0,0,0,0,0,0,0,
hello,6_30,11_17_48,15.5779,0,3,0,15.57794,0.0000,0.0000,0.0000,0.0000,0.0000,0.0000,0,0,,,,,,,,0,0,0,0,0,0,0,0,0,0,0,0,0,0,0,0,0,0,0,0,0,0,0,0,0,0,0,0,0,0,0,0,0,0,0,0,0,0,0,0,0,0,0,0,0,0,0,0,0,0,0,
hello,6_30,11_17_48,15.5821,0,3,0,15.58211,0.0000,0.0000,0.0000,0.0000,0.0000,0.0000,0,0,,,,,,,,0,0,0,0,0,0,0,0,0,0,0,0,0,0,0,0,0,0,0,0,0,0,0,0,0,0,0,0,0,0,0,0,0,0,0,0,0,0,0,0,0,0,0,0,0,0,0,0,0,0,0,
hello,6_30,11_17_48,15.5856,0,3,0,15.58561,0.0000,0.0000,0.0000,0.0000,0.0000,0.0000,0,0,,,,,,,,0,0,0,0,0,0,0,0,0,0,0,0,0,0,0,0,0,0,0,0,0,0,0,0,0,0,0,0,0,0,0,0,0,0,0,0,0,0,0,0,0,0,0,0,0,0,0,0,0,0,0,
hello,6_30,11_17_48,15.5890,0,3,0,15.58901,0.0000,0.0000,0.0000,0.0000,0.0000,0.0000,0,0,,,,,,,,0,0,0,0,0,0,0,0,0,0,0,0,0,0,0,0,0,0,0,0,0,0,0,0,0,0,0,0,0,0,0,0,0,0,0,0,0,0,0,0,0,0,0,0,0,0,0,0,0,0,0,
hello,6_30,11_17_48,15.5958,0,3,0,15.59576,0.0000,0.0000,0.0000,0.0000,0.0000,0.0000,0,0,,,,,,,,0,0,0,0,0,0,0,0,0,0,0,0,0,0,0,0,0,0,0,0,0,0,0,0,0,0,0,0,0,0,0,0,0,0,0,0,0,0,0,0,0,0,0,0,0,0,0,0,0,0,0,
hello,6_30,11_17_48,15.5999,0,3,0,15.5999,0.0000,0.0000,0.0000,0.0000,0.0000,0.0000,0,0,,,,,,,,0,0,0,0,0,0,0,0,0,0,0,0,0,0,0,0,0,0,0,0,0,0,0,0,0,0,0,0,0,0,0,0,0,0,0,0,0,0,0,0,0,0,0,0,0,0,0,0,0,0,0,
hello,6_30,11_17_48,15.6040,0,3,0,15.60404,0.0000,0.0000,0.0000,0.0000,0.0000,0.0000,0,0,,,,,,,,0,0,0,0,0,0,0,0,0,0,0,0,0,0,0,0,0,0,0,0,0,0,0,0,0,0,0,0,0,0,0,0,0,0,0,0,0,0,0,0,0,0,0,0,0,0,0,0,0,0,0,
hello,6_30,11_17_48,15.6081,0,3,0,15.60806,0.0000,0.0000,0.0000,0.0000,0.0000,0.0000,0,0,,,,,,,,0,0,0,0,0,0,0,0,0,0,0,0,0,0,0,0,0,0,0,0,0,0,0,0,0,0,0,0,0,0,0,0,0,0,0,0,0,0,0,0,0,0,0,0,0,0,0,0,0,0,0,
hello,6_30,11_17_48,15.6116,0,3,0,15.61155,0.0000,0.0000,0.0000,0.0000,0.0000,0.0000,0,0,,,,,,,,0,0,0,0,0,0,0,0,0,0,0,0,0,0,0,0,0,0,0,0,0,0,0,0,0,0,0,0,0,0,0,0,0,0,0,0,0,0,0,0,0,0,0,0,0,0,0,0,0,0,0,
hello,6_30,11_17_48,15.6149,0,3,0,15.61488,0.0000,0.0000,0.0000,0.0000,0.0000,0.0000,0,0,,,,,,,,0,0,0,0,0,0,0,0,0,0,0,0,0,0,0,0,0,0,0,0,0,0,0,0,0,0,0,0,0,0,0,0,0,0,0,0,0,0,0,0,0,0,0,0,0,0,0,0,0,0,0,
hello,6_30,11_17_48,15.6183,0,3,0,15.61831,0.0000,0.0000,0.0000,0.0000,0.0000,0.0000,0,0,,,,,,,,0,0,0,0,0,0,0,0,0,0,0,0,0,0,0,0,0,0,0,0,0,0,0,0,0,0,0,0,0,0,0,0,0,0,0,0,0,0,0,0,0,0,0,0,0,0,0,0,0,0,0,
hello,6_30,11_17_48,15.6216,0,3,0,15.62163,0.0000,0.0000,0.0000,0.0000,0.0000,0.0000,0,0,,,,,,,,0,0,0,0,0,0,0,0,0,0,0,0,0,0,0,0,0,0,0,0,0,0,0,0,0,0,0,0,0,0,0,0,0,0,0,0,0,0,0,0,0,0,0,0,0,0,0,0,0,0,0,
hello,6_30,11_17_48,15.6250,0,3,0,15.62504,0.0000,0.0000,0.0000,0.0000,0.0000,0.0000,0,0,,,,,,,,0,0,0,0,0,0,0,0,0,0,0,0,0,0,0,0,0,0,0,0,0,0,0,0,0,0,0,0,0,0,0,0,0,0,0,0,0,0,0,0,0,0,0,0,0,0,0,0,0,0,0,
hello,6_30,11_17_48,15.6284,0,3,0,15.6284,0.0000,0.0000,0.0000,0.0000,0.0000,0.0000,0,0,,,,,,,,0,0,0,0,0,0,0,0,0,0,0,0,0,0,0,0,0,0,0,0,0,0,0,0,0,0,0,0,0,0,0,0,0,0,0,0,0,0,0,0,0,0,0,0,0,0,0,0,0,0,0,
hello,6_30,11_17_48,15.6317,0,3,0,15.63172,0.0000,0.0000,0.0000,0.0000,0.0000,0.0000,0,0,,,,,,,,0,0,0,0,0,0,0,0,0,0,0,0,0,0,0,0,0,0,0,0,0,0,0,0,0,0,0,0,0,0,0,0,0,0,0,0,0,0,0,0,0,0,0,0,0,0,0,0,0,0,0,
hello,6_30,11_17_48,15.6350,0,3,0,15.63499,0.0000,0.0000,0.0000,0.0000,0.0000,0.0000,0,0,,,,,,,,0,0,0,0,0,0,0,0,0,0,0,0,0,0,0,0,0,0,0,0,0,0,0,0,0,0,0,0,0,0,0,0,0,0,0,0,0,0,0,0,0,0,0,0,0,0,0,0,0,0,0,
hello,6_30,11_17_48,15.6384,0,3,0,15.63836,0.0000,0.0000,0.0000,0.0000,0.0000,0.0000,0,0,,,,,,,,0,0,0,0,0,0,0,0,0,0,0,0,0,0,0,0,0,0,0,0,0,0,0,0,0,0,0,0,0,0,0,0,0,0,0,0,0,0,0,0,0,0,0,0,0,0,0,0,0,0,0,
hello,6_30,11_17_48,15.6421,0,3,0,15.64212,0.0000,0.0000,0.0000,0.0000,0.0000,0.0000,0,0,,,,,,,,0,0,0,0,0,0,0,0,0,0,0,0,0,0,0,0,0,0,0,0,0,0,0,0,0,0,0,0,0,0,0,0,0,0,0,0,0,0,0,0,0,0,0,0,0,0,0,0,0,0,0,
hello,6_30,11_17_48,15.6457,0,3,0,15.64571,0.0000,0.0000,0.0000,0.0000,0.0000,0.0000,0,0,,,,,,,,0,0,0,0,0,0,0,0,0,0,0,0,0,0,0,0,0,0,0,0,0,0,0,0,0,0,0,0,0,0,0,0,0,0,0,0,0,0,0,0,0,0,0,0,0,0,0,0,0,0,0,
hello,6_30,11_17_48,15.6494,0,3,0,15.64937,0.0000,0.0000,0.0000,0.0000,0.0000,0.0000,0,0,,,,,,,,0,0,0,0,0,0,0,0,0,0,0,0,0,0,0,0,0,0,0,0,0,0,0,0,0,0,0,0,0,0,0,0,0,0,0,0,0,0,0,0,0,0,0,0,0,0,0,0,0,0,0,
hello,6_30,11_17_48,15.6527,0,3,0,15.65267,0.0000,0.0000,0.0000,0.0000,0.0000,0.0000,0,0,,,,,,,,0,0,0,0,0,0,0,0,0,0,0,0,0,0,0,0,0,0,0,0,0,0,0,0,0,0,0,0,0,0,0,0,0,0,0,0,0,0,0,0,0,0,0,0,0,0,0,0,0,0,0,
hello,6_30,11_17_48,15.6559,0,3,0,15.65593,0.0000,0.0000,0.0000,0.0000,0.0000,0.0000,0,0,,,,,,,,0,0,0,0,0,0,0,0,0,0,0,0,0,0,0,0,0,0,0,0,0,0,0,0,0,0,0,0,0,0,0,0,0,0,0,0,0,0,0,0,0,0,0,0,0,0,0,0,0,0,0,
hello,6_30,11_17_48,15.6795,0,3,0,15.67947,0.0000,0.0000,0.0000,0.0000,0.0000,0.0000,0,0,,,,,,,,0,0,0,0,0,0,0,0,0,0,0,0,0,0,0,0,0,0,0,0,0,0,0,0,0,0,0,0,0,0,0,0,0,0,0,0,0,0,0,0,0,0,0,0,0,0,0,0,0,0,0,
hello,6_30,11_17_48,15.6833,0,3,0,15.68333,0.0000,0.0000,0.0000,0.0000,0.0000,0.0000,0,0,,,,,,,,0,0,0,0,0,0,0,0,0,0,0,0,0,0,0,0,0,0,0,0,0,0,0,0,0,0,0,0,0,0,0,0,0,0,0,0,0,0,0,0,0,0,0,0,0,0,0,0,0,0,0,
hello,6_30,11_17_48,15.6870,0,3,0,15.68701,0.0000,0.0000,0.0000,0.0000,0.0000,0.0000,0,0,,,,,,,,0,0,0,0,0,0,0,0,0,0,0,0,0,0,0,0,0,0,0,0,0,0,0,0,0,0,0,0,0,0,0,0,0,0,0,0,0,0,0,0,0,0,0,0,0,0,0,0,0,0,0,
hello,6_30,11_17_48,15.6909,0,3,0,15.69089,0.0000,0.0000,0.0000,0.0000,0.0000,0.0000,0,0,,,,,,,,0,0,0,0,0,0,0,0,0,0,0,0,0,0,0,0,0,0,0,0,0,0,0,0,0,0,0,0,0,0,0,0,0,0,0,0,0,0,0,0,0,0,0,0,0,0,0,0,0,0,0,
hello,6_30,11_17_48,15.6944,0,3,0,15.69441,0.0000,0.0000,0.0000,0.0000,0.0000,0.0000,0,0,,,,,,,,0,0,0,0,0,0,0,0,0,0,0,0,0,0,0,0,0,0,0,0,0,0,0,0,0,0,0,0,0,0,0,0,0,0,0,0,0,0,0,0,0,0,0,0,0,0,0,0,0,0,0,
hello,6_30,11_17_48,15.6978,0,3,0,15.69775,0.0000,0.0000,0.0000,0.0000,0.0000,0.0000,0,0,,,,,,,,0,0,0,0,0,0,0,0,0,0,0,0,0,0,0,0,0,0,0,0,0,0,0,0,0,0,0,0,0,0,0,0,0,0,0,0,0,0,0,0,0,0,0,0,0,0,0,0,0,0,0,
hello,6_30,11_17_48,15.7011,0,3,0,15.70106,0.0000,0.0000,0.0000,0.0000,0.0000,0.0000,0,0,,,,,,,,0,0,0,0,0,0,0,0,0,0,0,0,0,0,0,0,0,0,0,0,0,0,0,0,0,0,0,0,0,0,0,0,0,0,0,0,0,0,0,0,0,0,0,0,0,0,0,0,0,0,0,
hello,6_30,11_17_48,15.7045,0,3,0,15.70452,0.0000,0.0000,0.0000,0.0000,0.0000,0.0000,0,0,,,,,,,,0,0,0,0,0,0,0,0,0,0,0,0,0,0,0,0,0,0,0,0,0,0,0,0,0,0,0,0,0,0,0,0,0,0,0,0,0,0,0,0,0,0,0,0,0,0,0,0,0,0,0,
hello,6_30,11_17_48,15.7079,0,3,0,15.70793,0.0000,0.0000,0.0000,0.0000,0.0000,0.0000,0,0,,,,,,,,0,0,0,0,0,0,0,0,0,0,0,0,0,0,0,0,0,0,0,0,0,0,0,0,0,0,0,0,0,0,0,0,0,0,0,0,0,0,0,0,0,0,0,0,0,0,0,0,0,0,0,
hello,6_30,11_17_48,15.7117,0,3,0,15.71167,0.0000,0.0000,0.0000,0.0000,0.0000,0.0000,0,0,,,,,,,,0,0,0,0,0,0,0,0,0,0,0,0,0,0,0,0,0,0,0,0,0,0,0,0,0,0,0,0,0,0,0,0,0,0,0,0,0,0,0,0,0,0,0,0,0,0,0,0,0,0,0,
hello,6_30,11_17_48,15.7156,0,3,0,15.71561,0.0000,0.0000,0.0000,0.0000,0.0000,0.0000,0,0,,,,,,,,0,0,0,0,0,0,0,0,0,0,0,0,0,0,0,0,0,0,0,0,0,0,0,0,0,0,0,0,0,0,0,0,0,0,0,0,0,0,0,0,0,0,0,0,0,0,0,0,0,0,0,
hello,6_30,11_17_48,15.7191,0,3,0,15.71911,0.0000,0.0000,0.0000,0.0000,0.0000,0.0000,0,0,,,,,,,,0,0,0,0,0,0,0,0,0,0,0,0,0,0,0,0,0,0,0,0,0,0,0,0,0,0,0,0,0,0,0,0,0,0,0,0,0,0,0,0,0,0,0,0,0,0,0,0,0,0,0,
hello,6_30,11_17_48,15.7225,0,3,0,15.72246,0.0000,0.0000,0.0000,0.0000,0.0000,0.0000,0,0,,,,,,,,0,0,0,0,0,0,0,0,0,0,0,0,0,0,0,0,0,0,0,0,0,0,0,0,0,0,0,0,0,0,0,0,0,0,0,0,0,0,0,0,0,0,0,0,0,0,0,0,0,0,0,
hello,6_30,11_17_48,15.7260,0,3,0,15.72598,0.0000,0.0000,0.0000,0.0000,0.0000,0.0000,0,0,,,,,,,,0,0,0,0,0,0,0,0,0,0,0,0,0,0,0,0,0,0,0,0,0,0,0,0,0,0,0,0,0,0,0,0,0,0,0,0,0,0,0,0,0,0,0,0,0,0,0,0,0,0,0,
hello,6_30,11_17_48,15.7297,0,3,0,15.72974,0.0000,0.0000,0.0000,0.0000,0.0000,0.0000,0,0,,,,,,,,0,0,0,0,0,0,0,0,0,0,0,0,0,0,0,0,0,0,0,0,0,0,0,0,0,0,0,0,0,0,0,0,0,0,0,0,0,0,0,0,0,0,0,0,0,0,0,0,0,0,0,
hello,6_30,11_17_48,15.7331,0,3,0,15.73306,0.0000,0.0000,0.0000,0.0000,0.0000,0.0000,0,0,,,,,,,,0,0,0,0,0,0,0,0,0,0,0,0,0,0,0,0,0,0,0,0,0,0,0,0,0,0,0,0,0,0,0,0,0,0,0,0,0,0,0,0,0,0,0,0,0,0,0,0,0,0,0,
hello,6_30,11_17_48,15.7366,0,3,0,15.73659,0.0000,0.0000,0.0000,0.0000,0.0000,0.0000,0,0,,,,,,,,0,0,0,0,0,0,0,0,0,0,0,0,0,0,0,0,0,0,0,0,0,0,0,0,0,0,0,0,0,0,0,0,0,0,0,0,0,0,0,0,0,0,0,0,0,0,0,0,0,0,0,
hello,6_30,11_17_48,15.7401,0,3,0,15.74009,0.0000,0.0000,0.0000,0.0000,0.0000,0.0000,0,0,,,,,,,,0,0,0,0,0,0,0,0,0,0,0,0,0,0,0,0,0,0,0,0,0,0,0,0,0,0,0,0,0,0,0,0,0,0,0,0,0,0,0,0,0,0,0,0,0,0,0,0,0,0,0,
hello,6_30,11_17_48,15.7437,0,3,0,15.74368,0.0000,0.0000,0.0000,0.0000,0.0000,0.0000,0,0,,,,,,,,0,0,0,0,0,0,0,0,0,0,0,0,0,0,0,0,0,0,0,0,0,0,0,0,0,0,0,0,0,0,0,0,0,0,0,0,0,0,0,0,0,0,0,0,0,0,0,0,0,0,0,
hello,6_30,11_17_48,15.7473,0,3,0,15.74731,0.0000,0.0000,0.0000,0.0000,0.0000,0.0000,0,0,,,,,,,,0,0,0,0,0,0,0,0,0,0,0,0,0,0,0,0,0,0,0,0,0,0,0,0,0,0,0,0,0,0,0,0,0,0,0,0,0,0,0,0,0,0,0,0,0,0,0,0,0,0,0,
hello,6_30,11_17_48,15.7508,0,3,0,15.75081,0.0000,0.0000,0.0000,0.0000,0.0000,0.0000,0,0,,,,,,,,0,0,0,0,0,0,0,0,0,0,0,0,0,0,0,0,0,0,0,0,0,0,0,0,0,0,0,0,0,0,0,0,0,0,0,0,0,0,0,0,0,0,0,0,0,0,0,0,0,0,0,
hello,6_30,11_17_48,15.7545,0,3,0,15.7545,0.0000,0.0000,0.0000,0.0000,0.0000,0.0000,0,0,,,,,,,,0,0,0,0,0,0,0,0,0,0,0,0,0,0,0,0,0,0,0,0,0,0,0,0,0,0,0,0,0,0,0,0,0,0,0,0,0,0,0,0,0,0,0,0,0,0,0,0,0,0,0,
hello,6_30,11_17_49,15.7582,0,3,0,15.75819,0.0000,0.0000,0.0000,0.0000,0.0000,0.0000,0,0,,,,,,,,0,0,0,0,0,0,0,0,0,0,0,0,0,0,0,0,0,0,0,0,0,0,0,0,0,0,0,0,0,0,0,0,0,0,0,0,0,0,0,0,0,0,0,0,0,0,0,0,0,0,0,
hello,6_30,11_17_49,15.7616,0,3,0,15.76159,0.0000,0.0000,0.0000,0.0000,0.0000,0.0000,0,0,,,,,,,,0,0,0,0,0,0,0,0,0,0,0,0,0,0,0,0,0,0,0,0,0,0,0,0,0,0,0,0,0,0,0,0,0,0,0,0,0,0,0,0,0,0,0,0,0,0,0,0,0,0,0,
hello,6_30,11_17_49,15.7657,0,3,0,15.76565,0.0000,0.0000,0.0000,0.0000,0.0000,0.0000,0,0,,,,,,,,0,0,0,0,0,0,0,0,0,0,0,0,0,0,0,0,0,0,0,0,0,0,0,0,0,0,0,0,0,0,0,0,0,0,0,0,0,0,0,0,0,0,0,0,0,0,0,0,0,0,0,
hello,6_30,11_17_49,15.7695,0,3,0,15.76947,0.0000,0.0000,0.0000,0.0000,0.0000,0.0000,0,0,,,,,,,,0,0,0,0,0,0,0,0,0,0,0,0,0,0,0,0,0,0,0,0,0,0,0,0,0,0,0,0,0,0,0,0,0,0,0,0,0,0,0,0,0,0,0,0,0,0,0,0,0,0,0,
hello,6_30,11_17_49,15.7734,0,3,0,15.77344,0.0000,0.0000,0.0000,0.0000,0.0000,0.0000,0,0,,,,,,,,0,0,0,0,0,0,0,0,0,0,0,0,0,0,0,0,0,0,0,0,0,0,0,0,0,0,0,0,0,0,0,0,0,0,0,0,0,0,0,0,0,0,0,0,0,0,0,0,0,0,0,
hello,6_30,11_17_49,15.7768,0,3,0,15.77679,0.0000,0.0000,0.0000,0.0000,0.0000,0.0000,0,0,,,,,,,,0,0,0,0,0,0,0,0,0,0,0,0,0,0,0,0,0,0,0,0,0,0,0,0,0,0,0,0,0,0,0,0,0,0,0,0,0,0,0,0,0,0,0,0,0,0,0,0,0,0,0,
hello,6_30,11_17_49,15.7810,0,3,0,15.78104,0.0000,0.0000,0.0000,0.0000,0.0000,0.0000,0,0,,,,,,,,0,0,0,0,0,0,0,0,0,0,0,0,0,0,0,0,0,0,0,0,0,0,0,0,0,0,0,0,0,0,0,0,0,0,0,0,0,0,0,0,0,0,0,0,0,0,0,0,0,0,0,
hello,6_30,11_17_49,15.7862,0,3,0,15.78616,0.0000,0.0000,0.0000,0.0000,0.0000,0.0000,0,0,,,,,,,,0,0,0,0,0,0,0,0,0,0,0,0,0,0,0,0,0,0,0,0,0,0,0,0,0,0,0,0,0,0,0,0,0,0,0,0,0,0,0,0,0,0,0,0,0,0,0,0,0,0,0,
hello,6_30,11_17_49,15.7903,0,3,0,15.79025,0.0000,0.0000,0.0000,0.0000,0.0000,0.0000,0,0,,,,,,,,0,0,0,0,0,0,0,0,0,0,0,0,0,0,0,0,0,0,0,0,0,0,0,0,0,0,0,0,0,0,0,0,0,0,0,0,0,0,0,0,0,0,0,0,0,0,0,0,0,0,0,
hello,6_30,11_17_49,15.7938,0,3,0,15.79384,0.0000,0.0000,0.0000,0.0000,0.0000,0.0000,0,0,,,,,,,,0,0,0,0,0,0,0,0,0,0,0,0,0,0,0,0,0,0,0,0,0,0,0,0,0,0,0,0,0,0,0,0,0,0,0,0,0,0,0,0,0,0,0,0,0,0,0,0,0,0,0,
hello,6_30,11_17_49,15.7973,0,3,0,15.79726,0.0000,0.0000,0.0000,0.0000,0.0000,0.0000,0,0,,,,,,,,0,0,0,0,0,0,0,0,0,0,0,0,0,0,0,0,0,0,0,0,0,0,0,0,0,0,0,0,0,0,0,0,0,0,0,0,0,0,0,0,0,0,0,0,0,0,0,0,0,0,0,
hello,6_30,11_17_49,15.8006,0,3,0,15.80055,0.0000,0.0000,0.0000,0.0000,0.0000,0.0000,0,0,,,,,,,,0,0,0,0,0,0,0,0,0,0,0,0,0,0,0,0,0,0,0,0,0,0,0,0,0,0,0,0,0,0,0,0,0,0,0,0,0,0,0,0,0,0,0,0,0,0,0,0,0,0,0,
hello,6_30,11_17_49,15.8041,0,3,0,15.80414,0.0000,0.0000,0.0000,0.0000,0.0000,0.0000,0,0,,,,,,,,0,0,0,0,0,0,0,0,0,0,0,0,0,0,0,0,0,0,0,0,0,0,0,0,0,0,0,0,0,0,0,0,0,0,0,0,0,0,0,0,0,0,0,0,0,0,0,0,0,0,0,
hello,6_30,11_17_49,15.8075,0,3,0,15.80752,0.0000,0.0000,0.0000,0.0000,0.0000,0.0000,0,0,,,,,,,,0,0,0,0,0,0,0,0,0,0,0,0,0,0,0,0,0,0,0,0,0,0,0,0,0,0,0,0,0,0,0,0,0,0,0,0,0,0,0,0,0,0,0,0,0,0,0,0,0,0,0,
hello,6_30,11_17_49,15.8110,0,3,0,15.81102,0.0000,0.0000,0.0000,0.0000,0.0000,0.0000,0,0,,,,,,,,0,0,0,0,0,0,0,0,0,0,0,0,0,0,0,0,0,0,0,0,0,0,0,0,0,0,0,0,0,0,0,0,0,0,0,0,0,0,0,0,0,0,0,0,0,0,0,0,0,0,0,
hello,6_30,11_17_49,15.8146,0,3,0,15.81459,0.0000,0.0000,0.0000,0.0000,0.0000,0.0000,0,0,,,,,,,,0,0,0,0,0,0,0,0,0,0,0,0,0,0,0,0,0,0,0,0,0,0,0,0,0,0,0,0,0,0,0,0,0,0,0,0,0,0,0,0,0,0,0,0,0,0,0,0,0,0,0,
hello,6_30,11_17_49,15.8182,0,3,0,15.81819,0.0000,0.0000,0.0000,0.0000,0.0000,0.0000,0,0,,,,,,,,0,0,0,0,0,0,0,0,0,0,0,0,0,0,0,0,0,0,0,0,0,0,0,0,0,0,0,0,0,0,0,0,0,0,0,0,0,0,0,0,0,0,0,0,0,0,0,0,0,0,0,
hello,6_30,11_17_49,15.8217,0,3,0,15.82171,0.0000,0.0000,0.0000,0.0000,0.0000,0.0000,0,0,,,,,,,,0,0,0,0,0,0,0,0,0,0,0,0,0,0,0,0,0,0,0,0,0,0,0,0,0,0,0,0,0,0,0,0,0,0,0,0,0,0,0,0,0,0,0,0,0,0,0,0,0,0,0,
hello,6_30,11_17_49,15.8258,0,3,0,15.8258,0.0000,0.0000,0.0000,0.0000,0.0000,0.0000,0,0,,,,,,,,0,0,0,0,0,0,0,0,0,0,0,0,0,0,0,0,0,0,0,0,0,0,0,0,0,0,0,0,0,0,0,0,0,0,0,0,0,0,0,0,0,0,0,0,0,0,0,0,0,0,0,
hello,6_30,11_17_49,15.8293,0,3,0,15.82928,0.0000,0.0000,0.0000,0.0000,0.0000,0.0000,0,0,,,,,,,,0,0,0,0,0,0,0,0,0,0,0,0,0,0,0,0,0,0,0,0,0,0,0,0,0,0,0,0,0,0,0,0,0,0,0,0,0,0,0,0,0,0,0,0,0,0,0,0,0,0,0,
hello,6_30,11_17_49,15.8328,0,3,0,15.83277,0.0000,0.0000,0.0000,0.0000,0.0000,0.0000,0,0,,,,,,,,0,0,0,0,0,0,0,0,0,0,0,0,0,0,0,0,0,0,0,0,0,0,0,0,0,0,0,0,0,0,0,0,0,0,0,0,0,0,0,0,0,0,0,0,0,0,0,0,0,0,0,
hello,6_30,11_17_49,15.8362,0,3,0,15.83615,0.0000,0.0000,0.0000,0.0000,0.0000,0.0000,0,0,,,,,,,,0,0,0,0,0,0,0,0,0,0,0,0,0,0,0,0,0,0,0,0,0,0,0,0,0,0,0,0,0,0,0,0,0,0,0,0,0,0,0,0,0,0,0,0,0,0,0,0,0,0,0,
hello,6_30,11_17_49,15.8397,0,3,0,15.83971,0.0000,0.0000,0.0000,0.0000,0.0000,0.0000,0,0,,,,,,,,0,0,0,0,0,0,0,0,0,0,0,0,0,0,0,0,0,0,0,0,0,0,0,0,0,0,0,0,0,0,0,0,0,0,0,0,0,0,0,0,0,0,0,0,0,0,0,0,0,0,0,
hello,6_30,11_17_49,15.8431,0,3,0,15.8431,0.0000,0.0000,0.0000,0.0000,0.0000,0.0000,0,0,,,,,,,,0,0,0,0,0,0,0,0,0,0,0,0,0,0,0,0,0,0,0,0,0,0,0,0,0,0,0,0,0,0,0,0,0,0,0,0,0,0,0,0,0,0,0,0,0,0,0,0,0,0,0,
hello,6_30,11_17_49,15.8468,0,3,0,15.84684,0.0000,0.0000,0.0000,0.0000,0.0000,0.0000,0,0,,,,,,,,0,0,0,0,0,0,0,0,0,0,0,0,0,0,0,0,0,0,0,0,0,0,0,0,0,0,0,0,0,0,0,0,0,0,0,0,0,0,0,0,0,0,0,0,0,0,0,0,0,0,0,
hello,6_30,11_17_49,15.8503,0,3,0,15.85027,0.0000,0.0000,0.0000,0.0000,0.0000,0.0000,0,0,,,,,,,,0,0,0,0,0,0,0,0,0,0,0,0,0,0,0,0,0,0,0,0,0,0,0,0,0,0,0,0,0,0,0,0,0,0,0,0,0,0,0,0,0,0,0,0,0,0,0,0,0,0,0,
hello,6_30,11_17_49,15.8537,0,3,0,15.85371,0.0000,0.0000,0.0000,0.0000,0.0000,0.0000,0,0,,,,,,,,0,0,0,0,0,0,0,0,0,0,0,0,0,0,0,0,0,0,0,0,0,0,0,0,0,0,0,0,0,0,0,0,0,0,0,0,0,0,0,0,0,0,0,0,0,0,0,0,0,0,0,
hello,6_30,11_17_49,15.8571,0,3,0,15.85711,0.0000,0.0000,0.0000,0.0000,0.0000,0.0000,0,0,,,,,,,,0,0,0,0,0,0,0,0,0,0,0,0,0,0,0,0,0,0,0,0,0,0,0,0,0,0,0,0,0,0,0,0,0,0,0,0,0,0,0,0,0,0,0,0,0,0,0,0,0,0,0,
hello,6_30,11_17_49,15.8842,0,3,0,15.88418,0.0000,0.0000,0.0000,0.0000,0.0000,0.0000,0,0,,,,,,,,0,0,0,0,0,0,0,0,0,0,0,0,0,0,0,0,0,0,0,0,0,0,0,0,0,0,0,0,0,0,0,0,0,0,0,0,0,0,0,0,0,0,0,0,0,0,0,0,0,0,0,
