SubjectID,Date,LocalTime,UnityTime,Phase,Trial,Step,TrialTimePassed,State,xPos,yPos,zPos,xRot,yRot,zRot,gazeOriginX,gazeOriginY,gazeOriginZ,gazeDirectionX,gazeDirectionY,gazeDirectionZ,leftPupil,rightPupil,combinedPupil,baselineCorrected,hitX,hitY,hitZ,objectName,EYE_EXPRESSION_LEFT_BLINK_HTC,EYE_EXPRESSION_LEFT_WIDE_HTC,EYE_EXPRESSION_RIGHT_BLINK_HTC,EYE_EXPRESSION_RIGHT_WIDE_HTC,EYE_EXPRESSION_LEFT_SQUEEZE_HTC,EYE_EXPRESSION_RIGHT_SQUEEZE_HTC,EYE_EXPRESSION_LEFT_DOWN_HTC,EYE_EXPRESSION_RIGHT_DOWN_HTC,EYE_EXPRESSION_LEFT_OUT_HTC,EYE_EXPRESSION_RIGHT_IN_HTC,EYE_EXPRESSION_LEFT_IN_HTC,EYE_EXPRESSION_RIGHT_OUT_HTC,EYE_EXPRESSION_LEFT_UP_HTC,EYE_EXPRESSION_RIGHT_UP_HTC,XR_LIP_EXPRESSION_JAW_RIGHT_HTC,XR_LIP_EXPRESSION_JAW_LEFT_HTC,XR_LIP_EXPRESSION_JAW_FORWARD_HTC,XR_LIP_EXPRESSION_JAW_OPEN_HTC,XR_LIP_EXPRESSION_MOUTH_APE_SHAPE_HTC,XR_LIP_EXPRESSION_MOUTH_UPPER_RIGHT_HTC,XR_LIP_EXPRESSION_MOUTH_UPPER_LEFT_HTC,XR_LIP_EXPRESSION_MOUTH_LOWER_RIGHT_HTC,XR_LIP_EXPRESSION_MOUTH_LOWER_LEFT_HTC,XR_LIP_EXPRESSION_MOUTH_UPPER_OVERTURN_HTC,XR_LIP_EXPRESSION_MOUTH_LOWER_OVERTURN_HTC,XR_LIP_EXPRESSION_MOUTH_POUT_HTC,XR_LIP_EXPRESSION_MOUTH_RAISER_RIGHT_HTC,XR_LIP_EXPRESSION_MOUTH_RAISER_LEFT_HTC,XR_LIP_EXPRESSION_MOUTH_STRETCHER_RIGHT_HTC,XR_LIP_EXPRESSION_MOUTH_STRETCHER_LEFT_HTC,XR_LIP_EXPRESSION_CHEEK_PUFF_RIGHT_HTC,XR_LIP_EXPRESSION_CHEEK_PUFF_LEFT_HTC,XR_LIP_EXPRESSION_CHEEK_SUCK_HTC,XR_LIP_EXPRESSION_MOUTH_UPPER_UPRIGHT_HTC,XR_LIP_EXPRESSION_MOUTH_UPPER_UPLEFT_HTC,XR_LIP_EXPRESSION_MOUTH_LOWER_DOWNRIGHT_HTC,XR_LIP_EXPRESSION_MOUTH_LOWER_DOWNLEFT_HTC,XR_LIP_EXPRESSION_MOUTH_UPPER_INSIDE_HTC,XR_LIP_EXPRESSION_MOUTH_LOWER_INSIDE_HTC,XR_LIP_EXPRESSION_MOUTH_LOWER_OVERLAY_HTC,XR_LIP_EXPRESSION_TONGUE_LONGSTEP1_HTC,XR_LIP_EXPRESSION_TONGUE_LEFT_HTC,XR_LIP_EXPRESSION_TONGUE_RIGHT_HTC,XR_LIP_EXPRESSION_TONGUE_UP_HTC,XR_LIP_EXPRESSION_TONGUE_DOWN_HTC,XR_LIP_EXPRESSION_TONGUE_ROLL_HTC,XR_LIP_EXPRESSION_TONGUE_LONGSTEP2_HTC,XR_LIP_EXPRESSION_TONGUE_UPRIGHT_MORPH_HTC,XR_LIP_EXPRESSION_TONGUE_UPLEFT_MORPH_HTC,XR_LIP_EXPRESSION_TONGUE_DOWNRIGHT_MORPH_HTC,XR_LIP_EXPRESSION_TONGUE_DOWNLEFT_MORPH_HTC
2,8_4,10_55_36,0.0000,0,0,0,0,,2.229,0.60724,-2.133,0,0,0,0.0000,0.0000,0.0000,0.0000,0.0000,0.0000,0,0,,,,,,,0,0,0,0,0,0,0,0,0,0,0,0,0,0,0,0,0,0,0,0,0,0,0,0,0,0,0,0,0,0,0,0,0,0,0,0,0,0,0,0,0,0,0,0,0,0,0,0,0,0,0,
2,8_4,10_55_38,0.0200,0,0,0,0.01999999,,2.229,0.60724,-2.133,0,0,0,0.0000,0.0000,0.0000,0.0000,0.0000,0.0000,0,0,,,,,,,0,0,0,0,0,0,0,0,0,0,0,0,0,0,0,0,0,0,0,0,0,0,0,0,0,0,0,0,0,0,0,0,0,0,0,0,0,0,0,0,0,0,0,0,0,0,0,0,0,0,0,
2,8_4,10_55_40,0.3533,0,0,0,0.3533333,,2.229,0.60724,-2.133,44.99998,106.6667,-2.414836E-06,0.0000,0.0000,0.0000,0.0000,0.0000,0.0000,0,0,,,,,,,0,0,0,0,0,0,0,0,0,0,0,0,0,0,0,0,0,0,0,0,0,0,0,0,0,0,0,0,0,0,0,0,0,0,0,0,0,0,0,0,0,0,0,0,0,0,0,0,0,0,0,
2,8_4,10_55_40,0.4153,0,0,0,0.415286,,2.229,0.60724,-2.133,46.54875,99.85188,2.482849E-06,0.0000,0.0000,0.0000,0.0000,0.0000,0.0000,0,0,,,,,,,0,0,0,0,0,0,0,0,0,0,0,0,0,0,0,0,0,0,0,0,0,0,0,0,0,0,0,0,0,0,0,0,0,0,0,0,0,0,0,0,0,0,0,0,0,0,0,0,0,0,0,
2,8_4,10_55_40,0.4223,0,0,0,0.4223287,,2.229,0.60724,-2.133,46.90086,97.66862,0,0.0000,0.0000,0.0000,0.0000,0.0000,0.0000,0,0,,,,,,,0,0,0,0,0,0,0,0,0,0,0,0,0,0,0,0,0,0,0,0,0,0,0,0,0,0,0,0,0,0,0,0,0,0,0,0,0,0,0,0,0,0,0,0,0,0,0,0,0,0,0,
2,8_4,10_55_40,0.4542,0,0,0,0.4542241,,2.229,0.60724,-2.133,49.13351,82.0399,0,0.0000,0.0000,0.0000,0.0000,0.0000,0.0000,0,0,,,,,,,0,0,0,0,0,0,0,0,0,0,0,0,0,0,0,0,0,0,0,0,0,0,0,0,0,0,0,0,0,0,0,0,0,0,0,0,0,0,0,0,0,0,0,0,0,0,0,0,0,0,0,
2,8_4,10_55_40,0.4608,0,0,0,0.4607556,,2.229,0.60724,-2.133,49.29678,81.12547,0,0.0000,0.0000,0.0000,0.0000,0.0000,0.0000,0,0,,,,,,,0,0,0,0,0,0,0,0,0,0,0,0,0,0,0,0,0,0,0,0,0,0,0,0,0,0,0,0,0,0,0,0,0,0,0,0,0,0,0,0,0,0,0,0,0,0,0,0,0,0,0,
2,8_4,10_55_40,0.4651,0,0,0,0.4651453,,2.229,0.60724,-2.133,49.36279,80.77429,0,0.0000,0.0000,0.0000,0.0000,0.0000,0.0000,0,0,,,,,,,0,0,0,0,0,0,0,0,0,0,0,0,0,0,0,0,0,0,0,0,0,0,0,0,0,0,0,0,0,0,0,0,0,0,0,0,0,0,0,0,0,0,0,0,0,0,0,0,0,0,0,
2,8_4,10_55_40,0.4692,0,0,0,0.4692408,,2.229,0.60724,-2.133,49.44476,80.42617,0,0.0000,0.0000,0.0000,0.0000,0.0000,0.0000,0,0,,,,,,,0,0,0,0,0,0,0,0,0,0,0,0,0,0,0,0,0,0,0,0,0,0,0,0,0,0,0,0,0,0,0,0,0,0,0,0,0,0,0,0,0,0,0,0,0,0,0,0,0,0,0,
2,8_4,10_55_40,0.4730,0,0,0,0.4729884,,2.229,0.60724,-2.133,49.51972,80.10761,5.260577E-06,0.0000,0.0000,0.0000,0.0000,0.0000,0.0000,0,0,,,,,,,0,0,0,0,0,0,0,0,0,0,0,0,0,0,0,0,0,0,0,0,0,0,0,0,0,0,0,0,0,0,0,0,0,0,0,0,0,0,0,0,0,0,0,0,0,0,0,0,0,0,0,
2,8_4,10_55_40,0.4770,0,0,0,0.47702,,2.229,0.60724,-2.133,49.62048,79.74474,2.635723E-06,0.0000,0.0000,0.0000,0.0000,0.0000,0.0000,0,0,,,,,,,0,0,0,0,0,0,0,0,0,0,0,0,0,0,0,0,0,0,0,0,0,0,0,0,0,0,0,0,0,0,0,0,0,0,0,0,0,0,0,0,0,0,0,0,0,0,0,0,0,0,0,
2,8_4,10_55_40,0.4817,0,0,0,0.481733,,2.229,0.60724,-2.133,49.73851,79.20274,-2.642129E-06,0.0000,0.0000,0.0000,0.0000,0.0000,0.0000,0,0,,,,,,,0,0,0,0,0,0,0,0,0,0,0,0,0,0,0,0,0,0,0,0,0,0,0,0,0,0,0,0,0,0,0,0,0,0,0,0,0,0,0,0,0,0,0,0,0,0,0,0,0,0,0,
2,8_4,10_55_40,0.4857,0,0,0,0.4856807,,2.229,0.60724,-2.133,49.85698,78.84747,0,0.0000,0.0000,0.0000,0.0000,0.0000,0.0000,0,0,,,,,,,0,0,0,0,0,0,0,0,0,0,0,0,0,0,0,0,0,0,0,0,0,0,0,0,0,0,0,0,0,0,0,0,0,0,0,0,0,0,0,0,0,0,0,0,0,0,0,0,0,0,0,
2,8_4,10_55_40,0.4899,0,0,0,0.4899417,,2.229,0.60724,-2.133,49.96341,78.4853,0,0.0000,0.0000,0.0000,0.0000,0.0000,0.0000,0,0,,,,,,,0,0,0,0,0,0,0,0,0,0,0,0,0,0,0,0,0,0,0,0,0,0,0,0,0,0,0,0,0,0,0,0,0,0,0,0,0,0,0,0,0,0,0,0,0,0,0,0,0,0,0,
2,8_4,10_55_40,0.4938,0,0,0,0.4938317,,2.229,0.60724,-2.133,50.06046,78.13522,0,0.0000,0.0000,0.0000,0.0000,0.0000,0.0000,0,0,,,,,,,0,0,0,0,0,0,0,0,0,0,0,0,0,0,0,0,0,0,0,0,0,0,0,0,0,0,0,0,0,0,0,0,0,0,0,0,0,0,0,0,0,0,0,0,0,0,0,0,0,0,0,
2,8_4,10_55_40,0.4976,0,0,0,0.4976384,,2.229,0.60724,-2.133,50.19378,77.79261,0,0.0000,0.0000,0.0000,0.0000,0.0000,0.0000,0,0,,,,,,,0,0,0,0,0,0,0,0,0,0,0,0,0,0,0,0,0,0,0,0,0,0,0,0,0,0,0,0,0,0,0,0,0,0,0,0,0,0,0,0,0,0,0,0,0,0,0,0,0,0,0,
2,8_4,10_55_40,0.5019,0,0,0,0.5018649,,2.229,0.60724,-2.133,50.29957,77.41225,0,0.0000,0.0000,0.0000,0.0000,0.0000,0.0000,0,0,,,,,,,0,0,0,0,0,0,0,0,0,0,0,0,0,0,0,0,0,0,0,0,0,0,0,0,0,0,0,0,0,0,0,0,0,0,0,0,0,0,0,0,0,0,0,0,0,0,0,0,0,0,0,
2,8_4,10_55_40,0.5092,0,0,0,0.5091693,,2.229,0.60724,-2.133,50.70128,76.38958,0,0.0000,0.0000,0.0000,0.0000,0.0000,0.0000,0,0,,,,,,,0,0,0,0,0,0,0,0,0,0,0,0,0,0,0,0,0,0,0,0,0,0,0,0,0,0,0,0,0,0,0,0,0,0,0,0,0,0,0,0,0,0,0,0,0,0,0,0,0,0,0,
2,8_4,10_55_40,0.5132,0,0,0,0.5132474,,2.229,0.60724,-2.133,50.84423,76.04299,0,0.0000,0.0000,0.0000,0.0000,0.0000,0.0000,0,0,,,,,,,0,0,0,0,0,0,0,0,0,0,0,0,0,0,0,0,0,0,0,0,0,0,0,0,0,0,0,0,0,0,0,0,0,0,0,0,0,0,0,0,0,0,0,0,0,0,0,0,0,0,0,
2,8_4,10_55_40,0.5177,0,0,0,0.5176891,,2.229,0.60724,-2.133,50.99963,75.62105,0,0.0000,0.0000,0.0000,0.0000,0.0000,0.0000,0,0,,,,,,,0,0,0,0,0,0,0,0,0,0,0,0,0,0,0,0,0,0,0,0,0,0,0,0,0,0,0,0,0,0,0,0,0,0,0,0,0,0,0,0,0,0,0,0,0,0,0,0,0,0,0,
2,8_4,10_55_40,0.5239,0,0,0,0.5238616,,2.229,0.60724,-2.133,51.27765,74.94207,0,0.0000,0.0000,0.0000,0.0000,0.0000,0.0000,0,0,,,,,,,0,0,0,0,0,0,0,0,0,0,0,0,0,0,0,0,0,0,0,0,0,0,0,0,0,0,0,0,0,0,0,0,0,0,0,0,0,0,0,0,0,0,0,0,0,0,0,0,0,0,0,
2,8_4,10_55_40,0.5282,0,0,0,0.5282438,,2.229,0.60724,-2.133,51.36529,74.63531,0,0.0000,0.0000,0.0000,0.0000,0.0000,0.0000,0,0,,,,,,,0,0,0,0,0,0,0,0,0,0,0,0,0,0,0,0,0,0,0,0,0,0,0,0,0,0,0,0,0,0,0,0,0,0,0,0,0,0,0,0,0,0,0,0,0,0,0,0,0,0,0,
2,8_4,10_55_40,0.5320,0,0,0,0.5320333,,2.229,0.60724,-2.133,51.49775,74.35107,0,0.0000,0.0000,0.0000,0.0000,0.0000,0.0000,0,0,,,,,,,0,0,0,0,0,0,0,0,0,0,0,0,0,0,0,0,0,0,0,0,0,0,0,0,0,0,0,0,0,0,0,0,0,0,0,0,0,0,0,0,0,0,0,0,0,0,0,0,0,0,0,
2,8_4,10_55_40,0.5358,0,0,0,0.5358291,,2.229,0.60724,-2.133,51.49775,74.35107,0,0.0000,0.0000,0.0000,0.0000,0.0000,0.0000,0,0,,,,,,,0,0,0,0,0,0,0,0,0,0,0,0,0,0,0,0,0,0,0,0,0,0,0,0,0,0,0,0,0,0,0,0,0,0,0,0,0,0,0,0,0,0,0,0,0,0,0,0,0,0,0,
2,8_4,10_55_40,0.5396,0,0,0,0.5396304,,2.229,0.60724,-2.133,51.6879,73.85695,0,0.0000,0.0000,0.0000,0.0000,0.0000,0.0000,0,0,,,,,,,0,0,0,0,0,0,0,0,0,0,0,0,0,0,0,0,0,0,0,0,0,0,0,0,0,0,0,0,0,0,0,0,0,0,0,0,0,0,0,0,0,0,0,0,0,0,0,0,0,0,0,
2,8_4,10_55_40,0.5432,0,0,0,0.5431714,,2.229,0.60724,-2.133,51.6879,73.85695,0,0.0000,0.0000,0.0000,0.0000,0.0000,0.0000,0,0,,,,,,,0,0,0,0,0,0,0,0,0,0,0,0,0,0,0,0,0,0,0,0,0,0,0,0,0,0,0,0,0,0,0,0,0,0,0,0,0,0,0,0,0,0,0,0,0,0,0,0,0,0,0,
2,8_4,10_55_40,0.5470,0,0,0,0.5470308,,2.229,0.60724,-2.133,51.86166,73.50959,0,0.0000,0.0000,0.0000,0.0000,0.0000,0.0000,0,0,,,,,,,0,0,0,0,0,0,0,0,0,0,0,0,0,0,0,0,0,0,0,0,0,0,0,0,0,0,0,0,0,0,0,0,0,0,0,0,0,0,0,0,0,0,0,0,0,0,0,0,0,0,0,
2,8_4,10_55_40,0.5508,0,0,0,0.5508322,,2.229,0.60724,-2.133,51.86166,73.50959,0,0.0000,0.0000,0.0000,0.0000,0.0000,0.0000,0,0,,,,,,,0,0,0,0,0,0,0,0,0,0,0,0,0,0,0,0,0,0,0,0,0,0,0,0,0,0,0,0,0,0,0,0,0,0,0,0,0,0,0,0,0,0,0,0,0,0,0,0,0,0,0,
2,8_4,10_55_40,0.5554,0,0,0,0.5554039,,2.229,0.60724,-2.133,52.13595,72.98383,2.781973E-06,0.0000,0.0000,0.0000,0.0000,0.0000,0.0000,0,0,,,,,,,0,0,0,0,0,0,0,0,0,0,0,0,0,0,0,0,0,0,0,0,0,0,0,0,0,0,0,0,0,0,0,0,0,0,0,0,0,0,0,0,0,0,0,0,0,0,0,0,0,0,0,
2,8_4,10_55_40,0.5620,0,0,0,0.5619698,,2.229,0.60724,-2.133,52.33288,72.68839,2.794343E-06,0.0000,0.0000,0.0000,0.0000,0.0000,0.0000,0,0,,,,,,,0,0,0,0,0,0,0,0,0,0,0,0,0,0,0,0,0,0,0,0,0,0,0,0,0,0,0,0,0,0,0,0,0,0,0,0,0,0,0,0,0,0,0,0,0,0,0,0,0,0,0,
2,8_4,10_55_40,0.5662,0,0,0,0.5662031,,2.229,0.60724,-2.133,52.41768,72.54014,0,0.0000,0.0000,0.0000,0.0000,0.0000,0.0000,0,0,,,,,,,0,0,0,0,0,0,0,0,0,0,0,0,0,0,0,0,0,0,0,0,0,0,0,0,0,0,0,0,0,0,0,0,0,0,0,0,0,0,0,0,0,0,0,0,0,0,0,0,0,0,0,
2,8_4,10_55_40,0.5705,0,0,0,0.5705069,,2.229,0.60724,-2.133,52.5038,72.38955,2.805195E-06,0.0000,0.0000,0.0000,0.0000,0.0000,0.0000,0,0,,,,,,,0,0,0,0,0,0,0,0,0,0,0,0,0,0,0,0,0,0,0,0,0,0,0,0,0,0,0,0,0,0,0,0,0,0,0,0,0,0,0,0,0,0,0,0,0,0,0,0,0,0,0,
2,8_4,10_55_40,0.5749,0,0,0,0.5749208,,2.229,0.60724,-2.133,52.54817,72.27917,0,0.0000,0.0000,0.0000,0.0000,0.0000,0.0000,0,0,,,,,,,0,0,0,0,0,0,0,0,0,0,0,0,0,0,0,0,0,0,0,0,0,0,0,0,0,0,0,0,0,0,0,0,0,0,0,0,0,0,0,0,0,0,0,0,0,0,0,0,0,0,0,
2,8_4,10_55_40,0.5795,0,0,0,0.57952,,2.229,0.60724,-2.133,52.61723,72.1872,-2.812458E-06,0.0000,0.0000,0.0000,0.0000,0.0000,0.0000,0,0,,,,,,,0,0,0,0,0,0,0,0,0,0,0,0,0,0,0,0,0,0,0,0,0,0,0,0,0,0,0,0,0,0,0,0,0,0,0,0,0,0,0,0,0,0,0,0,0,0,0,0,0,0,0,
2,8_4,10_55_40,0.5839,0,0,0,0.5838541,,2.229,0.60724,-2.133,52.68216,72.10055,2.816637E-06,0.0000,0.0000,0.0000,0.0000,0.0000,0.0000,0,0,,,,,,,0,0,0,0,0,0,0,0,0,0,0,0,0,0,0,0,0,0,0,0,0,0,0,0,0,0,0,0,0,0,0,0,0,0,0,0,0,0,0,0,0,0,0,0,0,0,0,0,0,0,0,
2,8_4,10_55_40,0.5879,0,0,0,0.5878759,,2.229,0.60724,-2.133,52.72238,72.06033,0,0.0000,0.0000,0.0000,0.0000,0.0000,0.0000,0,0,,,,,,,0,0,0,0,0,0,0,0,0,0,0,0,0,0,0,0,0,0,0,0,0,0,0,0,0,0,0,0,0,0,0,0,0,0,0,0,0,0,0,0,0,0,0,0,0,0,0,0,0,0,0,
2,8_4,10_55_40,0.5921,0,0,0,0.5920829,,2.229,0.60724,-2.133,52.74335,72.01826,2.82059E-06,0.0000,0.0000,0.0000,0.0000,0.0000,0.0000,0,0,,,,,,,0,0,0,0,0,0,0,0,0,0,0,0,0,0,0,0,0,0,0,0,0,0,0,0,0,0,0,0,0,0,0,0,0,0,0,0,0,0,0,0,0,0,0,0,0,0,0,0,0,0,0,
2,8_4,10_55_40,0.5979,0,0,0,0.5979311,,2.229,0.60724,-2.133,52.80193,71.93056,-2.824388E-06,0.0000,0.0000,0.0000,0.0000,0.0000,0.0000,0,0,,,,,,,0,0,0,0,0,0,0,0,0,0,0,0,0,0,0,0,0,0,0,0,0,0,0,0,0,0,0,0,0,0,0,0,0,0,0,0,0,0,0,0,0,0,0,0,0,0,0,0,0,0,0,
2,8_4,10_55_40,0.6040,0,0,0,0.6039816,,2.229,0.60724,-2.133,52.83231,71.90029,0,0.0000,0.0000,0.0000,0.0000,0.0000,0.0000,0,0,,,,,,,0,0,0,0,0,0,0,0,0,0,0,0,0,0,0,0,0,0,0,0,0,0,0,0,0,0,0,0,0,0,0,0,0,0,0,0,0,0,0,0,0,0,0,0,0,0,0,0,0,0,0,
2,8_4,10_55_40,0.6079,0,0,0,0.6079056,,2.229,0.60724,-2.133,52.83231,71.861,-2.826363E-06,0.0000,0.0000,0.0000,0.0000,0.0000,0.0000,0,0,,,,,,,0,0,0,0,0,0,0,0,0,0,0,0,0,0,0,0,0,0,0,0,0,0,0,0,0,0,0,0,0,0,0,0,0,0,0,0,0,0,0,0,0,0,0,0,0,0,0,0,0,0,0,
2,8_4,10_55_40,0.6114,0,0,0,0.6113834,,2.229,0.60724,-2.133,52.84957,71.86101,0,0.0000,0.0000,0.0000,0.0000,0.0000,0.0000,0,0,,,,,,,0,0,0,0,0,0,0,0,0,0,0,0,0,0,0,0,0,0,0,0,0,0,0,0,0,0,0,0,0,0,0,0,0,0,0,0,0,0,0,0,0,0,0,0,0,0,0,0,0,0,0,
2,8_4,10_55_40,0.6152,0,0,0,0.6151974,,2.229,0.60724,-2.133,52.84957,71.86101,0,0.0000,0.0000,0.0000,0.0000,0.0000,0.0000,0,0,,,,,,,0,0,0,0,0,0,0,0,0,0,0,0,0,0,0,0,0,0,0,0,0,0,0,0,0,0,0,0,0,0,0,0,0,0,0,0,0,0,0,0,0,0,0,0,0,0,0,0,0,0,0,
2,8_4,10_55_40,0.6192,0,0,0,0.6192451,,2.229,0.60724,-2.133,52.84957,71.84079,0,0.0000,0.0000,0.0000,0.0000,0.0000,0.0000,0,0,,,,,,,0,0,0,0,0,0,0,0,0,0,0,0,0,0,0,0,0,0,0,0,0,0,0,0,0,0,0,0,0,0,0,0,0,0,0,0,0,0,0,0,0,0,0,0,0,0,0,0,0,0,0,
2,8_4,10_55_40,0.6228,0,0,0,0.6227871,,2.229,0.60724,-2.133,52.84957,71.84079,0,0.0000,0.0000,0.0000,0.0000,0.0000,0.0000,0,0,,,,,,,0,0,0,0,0,0,0,0,0,0,0,0,0,0,0,0,0,0,0,0,0,0,0,0,0,0,0,0,0,0,0,0,0,0,0,0,0,0,0,0,0,0,0,0,0,0,0,0,0,0,0,
2,8_4,10_55_40,0.6267,0,0,0,0.626743,,2.229,0.60724,-2.133,52.84957,71.84079,0,0.0000,0.0000,0.0000,0.0000,0.0000,0.0000,0,0,,,,,,,0,0,0,0,0,0,0,0,0,0,0,0,0,0,0,0,0,0,0,0,0,0,0,0,0,0,0,0,0,0,0,0,0,0,0,0,0,0,0,0,0,0,0,0,0,0,0,0,0,0,0,
2,8_4,10_55_40,0.6305,0,0,0,0.6304661,,2.229,0.60724,-2.133,52.84957,71.84079,0,0.0000,0.0000,0.0000,0.0000,0.0000,0.0000,0,0,,,,,,,0,0,0,0,0,0,0,0,0,0,0,0,0,0,0,0,0,0,0,0,0,0,0,0,0,0,0,0,0,0,0,0,0,0,0,0,0,0,0,0,0,0,0,0,0,0,0,0,0,0,0,
2,8_4,10_55_40,0.6337,0,0,0,0.6337282,,2.229,0.60724,-2.133,52.84957,71.84079,0,0.0000,0.0000,0.0000,0.0000,0.0000,0.0000,0,0,,,,,,,0,0,0,0,0,0,0,0,0,0,0,0,0,0,0,0,0,0,0,0,0,0,0,0,0,0,0,0,0,0,0,0,0,0,0,0,0,0,0,0,0,0,0,0,0,0,0,0,0,0,0,
2,8_4,10_55_40,0.6370,0,0,0,0.6370015,,2.229,0.60724,-2.133,52.84957,71.84079,0,0.0000,0.0000,0.0000,0.0000,0.0000,0.0000,0,0,,,,,,,0,0,0,0,0,0,0,0,0,0,0,0,0,0,0,0,0,0,0,0,0,0,0,0,0,0,0,0,0,0,0,0,0,0,0,0,0,0,0,0,0,0,0,0,0,0,0,0,0,0,0,
2,8_4,10_55_40,0.6403,0,0,0,0.6403411,,2.229,0.60724,-2.133,52.84957,71.84079,0,0.0000,0.0000,0.0000,0.0000,0.0000,0.0000,0,0,,,,,,,0,0,0,0,0,0,0,0,0,0,0,0,0,0,0,0,0,0,0,0,0,0,0,0,0,0,0,0,0,0,0,0,0,0,0,0,0,0,0,0,0,0,0,0,0,0,0,0,0,0,0,
2,8_4,10_55_40,0.6440,0,0,0,0.6440217,,2.229,0.60724,-2.133,52.84957,71.8592,0,0.0000,0.0000,0.0000,0.0000,0.0000,0.0000,0,0,,,,,,,0,0,0,0,0,0,0,0,0,0,0,0,0,0,0,0,0,0,0,0,0,0,0,0,0,0,0,0,0,0,0,0,0,0,0,0,0,0,0,0,0,0,0,0,0,0,0,0,0,0,0,
2,8_4,10_55_40,0.6473,0,0,0,0.6473184,,2.229,0.60724,-2.133,52.84957,71.8592,0,0.0000,0.0000,0.0000,0.0000,0.0000,0.0000,0,0,,,,,,,0,0,0,0,0,0,0,0,0,0,0,0,0,0,0,0,0,0,0,0,0,0,0,0,0,0,0,0,0,0,0,0,0,0,0,0,0,0,0,0,0,0,0,0,0,0,0,0,0,0,0,
2,8_4,10_55_40,0.6508,0,0,0,0.6507773,,2.229,0.60724,-2.133,52.84957,71.87646,0,0.0000,0.0000,0.0000,0.0000,0.0000,0.0000,0,0,,,,,,,0,0,0,0,0,0,0,0,0,0,0,0,0,0,0,0,0,0,0,0,0,0,0,0,0,0,0,0,0,0,0,0,0,0,0,0,0,0,0,0,0,0,0,0,0,0,0,0,0,0,0,
2,8_4,10_55_40,0.6552,0,0,0,0.6551647,,2.229,0.60724,-2.133,52.84959,71.92033,0,0.0000,0.0000,0.0000,0.0000,0.0000,0.0000,0,0,,,,,,,0,0,0,0,0,0,0,0,0,0,0,0,0,0,0,0,0,0,0,0,0,0,0,0,0,0,0,0,0,0,0,0,0,0,0,0,0,0,0,0,0,0,0,0,0,0,0,0,0,0,0,
2,8_4,10_55_40,0.6603,0,0,0,0.6602646,,2.229,0.60724,-2.133,52.84957,72.02236,2.827488E-06,0.0000,0.0000,0.0000,0.0000,0.0000,0.0000,0,0,,,,,,,0,0,0,0,0,0,0,0,0,0,0,0,0,0,0,0,0,0,0,0,0,0,0,0,0,0,0,0,0,0,0,0,0,0,0,0,0,0,0,0,0,0,0,0,0,0,0,0,0,0,0,
2,8_4,10_55_40,0.6643,0,0,0,0.6643035,,2.229,0.60724,-2.133,52.84958,72.18388,0,0.0000,0.0000,0.0000,0.0000,0.0000,0.0000,0,0,,,,,,,0,0,0,0,0,0,0,0,0,0,0,0,0,0,0,0,0,0,0,0,0,0,0,0,0,0,0,0,0,0,0,0,0,0,0,0,0,0,0,0,0,0,0,0,0,0,0,0,0,0,0,
2,8_4,10_55_40,0.6686,0,0,0,0.6686481,,2.229,0.60724,-2.133,52.80608,72.33595,-2.824658E-06,0.0000,0.0000,0.0000,0.0000,0.0000,0.0000,0,0,,,,,,,0,0,0,0,0,0,0,0,0,0,0,0,0,0,0,0,0,0,0,0,0,0,0,0,0,0,0,0,0,0,0,0,0,0,0,0,0,0,0,0,0,0,0,0,0,0,0,0,0,0,0,
2,8_4,10_55_40,0.6729,0,0,0,0.6728947,,2.229,0.60724,-2.133,52.76368,72.50584,0,0.0000,0.0000,0.0000,0.0000,0.0000,0.0000,0,0,,,,,,,0,0,0,0,0,0,0,0,0,0,0,0,0,0,0,0,0,0,0,0,0,0,0,0,0,0,0,0,0,0,0,0,0,0,0,0,0,0,0,0,0,0,0,0,0,0,0,0,0,0,0,
2,8_4,10_55_40,0.6768,0,0,0,0.6768385,,2.229,0.60724,-2.133,52.72412,72.66358,0,0.0000,0.0000,0.0000,0.0000,0.0000,0.0000,0,0,,,,,,,0,0,0,0,0,0,0,0,0,0,0,0,0,0,0,0,0,0,0,0,0,0,0,0,0,0,0,0,0,0,0,0,0,0,0,0,0,0,0,0,0,0,0,0,0,0,0,0,0,0,0,
2,8_4,10_55_40,0.6807,0,0,0,0.6806563,,2.229,0.60724,-2.133,52.68609,72.85449,-2.816891E-06,0.0000,0.0000,0.0000,0.0000,0.0000,0.0000,0,0,,,,,,,0,0,0,0,0,0,0,0,0,0,0,0,0,0,0,0,0,0,0,0,0,0,0,0,0,0,0,0,0,0,0,0,0,0,0,0,0,0,0,0,0,0,0,0,0,0,0,0,0,0,0,
2,8_4,10_55_40,0.6848,0,0,0,0.6847703,,2.229,0.60724,-2.133,52.60368,73.08076,2.811588E-06,0.0000,0.0000,0.0000,0.0000,0.0000,0.0000,0,0,,,,,,,0,0,0,0,0,0,0,0,0,0,0,0,0,0,0,0,0,0,0,0,0,0,0,0,0,0,0,0,0,0,0,0,0,0,0,0,0,0,0,0,0,0,0,0,0,0,0,0,0,0,0,
2,8_4,10_55_40,0.6880,0,0,0,0.688027,,2.229,0.60724,-2.133,52.60368,73.08076,2.811588E-06,0.0000,0.0000,0.0000,0.0000,0.0000,0.0000,0,0,,,,,,,0,0,0,0,0,0,0,0,0,0,0,0,0,0,0,0,0,0,0,0,0,0,0,0,0,0,0,0,0,0,0,0,0,0,0,0,0,0,0,0,0,0,0,0,0,0,0,0,0,0,0,
2,8_4,10_55_40,0.6919,0,0,0,0.6919156,,2.229,0.60724,-2.133,52.48698,73.43075,2.804122E-06,0.0000,0.0000,0.0000,0.0000,0.0000,0.0000,0,0,,,,,,,0,0,0,0,0,0,0,0,0,0,0,0,0,0,0,0,0,0,0,0,0,0,0,0,0,0,0,0,0,0,0,0,0,0,0,0,0,0,0,0,0,0,0,0,0,0,0,0,0,0,0,
2,8_4,10_55_40,0.6955,0,0,0,0.695466,,2.229,0.60724,-2.133,52.48698,73.43075,2.804122E-06,0.0000,0.0000,0.0000,0.0000,0.0000,0.0000,0,0,,,,,,,0,0,0,0,0,0,0,0,0,0,0,0,0,0,0,0,0,0,0,0,0,0,0,0,0,0,0,0,0,0,0,0,0,0,0,0,0,0,0,0,0,0,0,0,0,0,0,0,0,0,0,
2,8_4,10_55_40,0.7002,0,0,0,0.7002061,,2.229,0.60724,-2.133,52.29725,73.97585,0,0.0000,0.0000,0.0000,0.0000,0.0000,0.0000,0,0,,,,,,,0,0,0,0,0,0,0,0,0,0,0,0,0,0,0,0,0,0,0,0,0,0,0,0,0,0,0,0,0,0,0,0,0,0,0,0,0,0,0,0,0,0,0,0,0,0,0,0,0,0,0,
2,8_4,10_55_40,0.7050,0,0,0,0.7050344,,2.229,0.60724,-2.133,52.15257,74.2655,2.783011E-06,0.0000,0.0000,0.0000,0.0000,0.0000,0.0000,0,0,,,,,,,0,0,0,0,0,0,0,0,0,0,0,0,0,0,0,0,0,0,0,0,0,0,0,0,0,0,0,0,0,0,0,0,0,0,0,0,0,0,0,0,0,0,0,0,0,0,0,0,0,0,0,
2,8_4,10_55_40,0.7090,0,0,0,0.708975,,2.229,0.60724,-2.133,52.05398,74.48227,5.553733E-06,0.0000,0.0000,0.0000,0.0000,0.0000,0.0000,0,0,,,,,,,0,0,0,0,0,0,0,0,0,0,0,0,0,0,0,0,0,0,0,0,0,0,0,0,0,0,0,0,0,0,0,0,0,0,0,0,0,0,0,0,0,0,0,0,0,0,0,0,0,0,0,
2,8_4,10_55_40,0.7136,0,0,0,0.7135947,,2.229,0.60724,-2.133,51.93837,74.78251,-2.769705E-06,0.0000,0.0000,0.0000,0.0000,0.0000,0.0000,0,0,,,,,,,0,0,0,0,0,0,0,0,0,0,0,0,0,0,0,0,0,0,0,0,0,0,0,0,0,0,0,0,0,0,0,0,0,0,0,0,0,0,0,0,0,0,0,0,0,0,0,0,0,0,0,
2,8_4,10_55_40,0.7184,0,0,0,0.7184079,,2.229,0.60724,-2.133,51.74582,75.09541,0,0.0000,0.0000,0.0000,0.0000,0.0000,0.0000,0,0,,,,,,,0,0,0,0,0,0,0,0,0,0,0,0,0,0,0,0,0,0,0,0,0,0,0,0,0,0,0,0,0,0,0,0,0,0,0,0,0,0,0,0,0,0,0,0,0,0,0,0,0,0,0,
2,8_4,10_55_40,0.7229,0,0,0,0.7229061,,2.229,0.60724,-2.133,51.65598,75.29779,2.752414E-06,0.0000,0.0000,0.0000,0.0000,0.0000,0.0000,0,0,,,,,,,0,0,0,0,0,0,0,0,0,0,0,0,0,0,0,0,0,0,0,0,0,0,0,0,0,0,0,0,0,0,0,0,0,0,0,0,0,0,0,0,0,0,0,0,0,0,0,0,0,0,0,
2,8_4,10_55_40,0.7278,0,0,0,0.7278233,,2.229,0.60724,-2.133,51.50846,75.59285,-2.743492E-06,0.0000,0.0000,0.0000,0.0000,0.0000,0.0000,0,0,,,,,,,0,0,0,0,0,0,0,0,0,0,0,0,0,0,0,0,0,0,0,0,0,0,0,0,0,0,0,0,0,0,0,0,0,0,0,0,0,0,0,0,0,0,0,0,0,0,0,0,0,0,0,
2,8_4,10_55_40,0.7318,0,0,0,0.7318487,,2.229,0.60724,-2.133,51.42802,75.77398,-2.73866E-06,0.0000,0.0000,0.0000,0.0000,0.0000,0.0000,0,0,,,,,,,0,0,0,0,0,0,0,0,0,0,0,0,0,0,0,0,0,0,0,0,0,0,0,0,0,0,0,0,0,0,0,0,0,0,0,0,0,0,0,0,0,0,0,0,0,0,0,0,0,0,0,
2,8_4,10_55_40,0.7361,0,0,0,0.7361125,,2.229,0.60724,-2.133,51.29995,75.94453,0,0.0000,0.0000,0.0000,0.0000,0.0000,0.0000,0,0,,,,,,,0,0,0,0,0,0,0,0,0,0,0,0,0,0,0,0,0,0,0,0,0,0,0,0,0,0,0,0,0,0,0,0,0,0,0,0,0,0,0,0,0,0,0,0,0,0,0,0,0,0,0,
2,8_4,10_55_40,0.7400,0,0,0,0.7400272,,2.229,0.60724,-2.133,51.20203,76.10114,2.725202E-06,0.0000,0.0000,0.0000,0.0000,0.0000,0.0000,0,0,,,,,,,0,0,0,0,0,0,0,0,0,0,0,0,0,0,0,0,0,0,0,0,0,0,0,0,0,0,0,0,0,0,0,0,0,0,0,0,0,0,0,0,0,0,0,0,0,0,0,0,0,0,0,
2,8_4,10_55_40,0.7439,0,0,0,0.743925,,2.229,0.60724,-2.133,51.10476,76.21806,0,0.0000,0.0000,0.0000,0.0000,0.0000,0.0000,0,0,,,,,,,0,0,0,0,0,0,0,0,0,0,0,0,0,0,0,0,0,0,0,0,0,0,0,0,0,0,0,0,0,0,0,0,0,0,0,0,0,0,0,0,0,0,0,0,0,0,0,0,0,0,0,
2,8_4,10_55_40,0.7477,0,0,0,0.747714,,2.229,0.60724,-2.133,51.02914,76.35072,-2.715025E-06,0.0000,0.0000,0.0000,0.0000,0.0000,0.0000,0,0,,,,,,,0,0,0,0,0,0,0,0,0,0,0,0,0,0,0,0,0,0,0,0,0,0,0,0,0,0,0,0,0,0,0,0,0,0,0,0,0,0,0,0,0,0,0,0,0,0,0,0,0,0,0,
2,8_4,10_55_40,0.7519,0,0,0,0.7518655,,2.229,0.60724,-2.133,50.90455,76.47526,2.707753E-06,0.0000,0.0000,0.0000,0.0000,0.0000,0.0000,0,0,,,,,,,0,0,0,0,0,0,0,0,0,0,0,0,0,0,0,0,0,0,0,0,0,0,0,0,0,0,0,0,0,0,0,0,0,0,0,0,0,0,0,0,0,0,0,0,0,0,0,0,0,0,0,
2,8_4,10_55_40,0.7576,0,0,0,0.757575,,2.229,0.60724,-2.133,50.64775,76.70366,2.692924E-06,0.0000,0.0000,0.0000,0.0000,0.0000,0.0000,0,0,,,,,,,0,0,0,0,0,0,0,0,0,0,0,0,0,0,0,0,0,0,0,0,0,0,0,0,0,0,0,0,0,0,0,0,0,0,0,0,0,0,0,0,0,0,0,0,0,0,0,0,0,0,0,
2,8_4,10_55_40,0.7630,0,0,0,0.7630047,,2.229,0.60724,-2.133,50.43049,76.89376,-2.680549E-06,0.0000,0.0000,0.0000,0.0000,0.0000,0.0000,0,0,,,,,,,0,0,0,0,0,0,0,0,0,0,0,0,0,0,0,0,0,0,0,0,0,0,0,0,0,0,0,0,0,0,0,0,0,0,0,0,0,0,0,0,0,0,0,0,0,0,0,0,0,0,0,
2,8_4,10_55_40,0.7671,0,0,0,0.7670741,,2.229,0.60724,-2.133,50.26765,77.03622,2.671373E-06,0.0000,0.0000,0.0000,0.0000,0.0000,0.0000,0,0,,,,,,,0,0,0,0,0,0,0,0,0,0,0,0,0,0,0,0,0,0,0,0,0,0,0,0,0,0,0,0,0,0,0,0,0,0,0,0,0,0,0,0,0,0,0,0,0,0,0,0,0,0,0,
2,8_4,10_55_40,0.7718,0,0,0,0.7717667,,2.229,0.60724,-2.133,50.03292,77.20046,2.658292E-06,0.0000,0.0000,0.0000,0.0000,0.0000,0.0000,0,0,,,,,,,0,0,0,0,0,0,0,0,0,0,0,0,0,0,0,0,0,0,0,0,0,0,0,0,0,0,0,0,0,0,0,0,0,0,0,0,0,0,0,0,0,0,0,0,0,0,0,0,0,0,0,
2,8_4,10_55_40,0.7770,0,0,0,0.7769668,,2.229,0.60724,-2.133,50.03292,77.20046,2.658292E-06,0.0000,0.0000,0.0000,0.0000,0.0000,0.0000,0,0,,,,,,,0,0,0,0,0,0,0,0,0,0,0,0,0,0,0,0,0,0,0,0,0,0,0,0,0,0,0,0,0,0,0,0,0,0,0,0,0,0,0,0,0,0,0,0,0,0,0,0,0,0,0,
2,8_4,10_55_40,0.7807,0,0,0,0.7807171,,2.229,0.60724,-2.133,49.69523,77.42548,0,0.0000,0.0000,0.0000,0.0000,0.0000,0.0000,0,0,,,,,,,0,0,0,0,0,0,0,0,0,0,0,0,0,0,0,0,0,0,0,0,0,0,0,0,0,0,0,0,0,0,0,0,0,0,0,0,0,0,0,0,0,0,0,0,0,0,0,0,0,0,0,
2,8_4,10_55_40,0.7844,0,0,0,0.7843851,,2.229,0.60724,-2.133,49.69523,77.42548,0,0.0000,0.0000,0.0000,0.0000,0.0000,0.0000,0,0,,,,,,,0,0,0,0,0,0,0,0,0,0,0,0,0,0,0,0,0,0,0,0,0,0,0,0,0,0,0,0,0,0,0,0,0,0,0,0,0,0,0,0,0,0,0,0,0,0,0,0,0,0,0,
2,8_4,10_55_40,0.7882,0,0,0,0.7882406,,2.229,0.60724,-2.133,49.42552,77.61825,0,0.0000,0.0000,0.0000,0.0000,0.0000,0.0000,0,0,,,,,,,0,0,0,0,0,0,0,0,0,0,0,0,0,0,0,0,0,0,0,0,0,0,0,0,0,0,0,0,0,0,0,0,0,0,0,0,0,0,0,0,0,0,0,0,0,0,0,0,0,0,0,
2,8_4,10_55_40,0.7920,0,0,0,0.7920129,,2.229,0.60724,-2.133,49.25591,77.73142,5.232405E-06,0.0000,0.0000,0.0000,0.0000,0.0000,0.0000,0,0,,,,,,,0,0,0,0,0,0,0,0,0,0,0,0,0,0,0,0,0,0,0,0,0,0,0,0,0,0,0,0,0,0,0,0,0,0,0,0,0,0,0,0,0,0,0,0,0,0,0,0,0,0,0,
2,8_4,10_55_40,0.7959,0,0,0,0.7958581,,2.229,0.60724,-2.133,49.08281,77.82753,0,0.0000,0.0000,0.0000,0.0000,0.0000,0.0000,0,0,,,,,,,0,0,0,0,0,0,0,0,0,0,0,0,0,0,0,0,0,0,0,0,0,0,0,0,0,0,0,0,0,0,0,0,0,0,0,0,0,0,0,0,0,0,0,0,0,0,0,0,0,0,0,
2,8_4,10_55_40,0.8001,0,0,0,0.800086,,2.229,0.60724,-2.133,48.89266,77.9755,0,0.0000,0.0000,0.0000,0.0000,0.0000,0.0000,0,0,,,,,,,0,0,0,0,0,0,0,0,0,0,0,0,0,0,0,0,0,0,0,0,0,0,0,0,0,0,0,0,0,0,0,0,0,0,0,0,0,0,0,0,0,0,0,0,0,0,0,0,0,0,0,
2,8_4,10_55_40,0.8057,0,0,0,0.8057017,,2.229,0.60724,-2.133,48.47148,78.22816,-2.575514E-06,0.0000,0.0000,0.0000,0.0000,0.0000,0.0000,0,0,,,,,,,0,0,0,0,0,0,0,0,0,0,0,0,0,0,0,0,0,0,0,0,0,0,0,0,0,0,0,0,0,0,0,0,0,0,0,0,0,0,0,0,0,0,0,0,0,0,0,0,0,0,0,
2,8_4,10_55_40,0.8110,0,0,0,0.8109528,,2.229,0.60724,-2.133,48.18254,78.51699,0,0.0000,0.0000,0.0000,0.0000,0.0000,0.0000,0,0,,,,,,,0,0,0,0,0,0,0,0,0,0,0,0,0,0,0,0,0,0,0,0,0,0,0,0,0,0,0,0,0,0,0,0,0,0,0,0,0,0,0,0,0,0,0,0,0,0,0,0,0,0,0,
2,8_4,10_55_40,0.8153,0,0,0,0.8153228,,2.229,0.60724,-2.133,47.94233,78.75731,-2.549041E-06,0.0000,0.0000,0.0000,0.0000,0.0000,0.0000,0,0,,,,,,,0,0,0,0,0,0,0,0,0,0,0,0,0,0,0,0,0,0,0,0,0,0,0,0,0,0,0,0,0,0,0,0,0,0,0,0,0,0,0,0,0,0,0,0,0,0,0,0,0,0,0,
2,8_4,10_55_40,0.8199,0,0,0,0.8198571,,2.229,0.60724,-2.133,47.71546,79.00674,0,0.0000,0.0000,0.0000,0.0000,0.0000,0.0000,0,0,,,,,,,0,0,0,0,0,0,0,0,0,0,0,0,0,0,0,0,0,0,0,0,0,0,0,0,0,0,0,0,0,0,0,0,0,0,0,0,0,0,0,0,0,0,0,0,0,0,0,0,0,0,0,
2,8_4,10_55_40,0.8238,0,0,0,0.823806,,2.229,0.60724,-2.133,47.51809,79.22389,0,0.0000,0.0000,0.0000,0.0000,0.0000,0.0000,0,0,,,,,,,0,0,0,0,0,0,0,0,0,0,0,0,0,0,0,0,0,0,0,0,0,0,0,0,0,0,0,0,0,0,0,0,0,0,0,0,0,0,0,0,0,0,0,0,0,0,0,0,0,0,0,
2,8_4,10_55_40,0.8279,0,0,0,0.8278884,,2.229,0.60724,-2.133,47.31396,79.48929,0,0.0000,0.0000,0.0000,0.0000,0.0000,0.0000,0,0,,,,,,,0,0,0,0,0,0,0,0,0,0,0,0,0,0,0,0,0,0,0,0,0,0,0,0,0,0,0,0,0,0,0,0,0,0,0,0,0,0,0,0,0,0,0,0,0,0,0,0,0,0,0,
2,8_4,10_55_40,0.8327,0,0,0,0.8327259,,2.229,0.60724,-2.133,46.9754,79.92461,-2.502589E-06,0.0000,0.0000,0.0000,0.0000,0.0000,0.0000,0,0,,,,,,,0,0,0,0,0,0,0,0,0,0,0,0,0,0,0,0,0,0,0,0,0,0,0,0,0,0,0,0,0,0,0,0,0,0,0,0,0,0,0,0,0,0,0,0,0,0,0,0,0,0,0,
2,8_4,10_55_40,0.8369,0,0,0,0.836867,,2.229,0.60724,-2.133,46.76819,80.25591,0,0.0000,0.0000,0.0000,0.0000,0.0000,0.0000,0,0,,,,,,,0,0,0,0,0,0,0,0,0,0,0,0,0,0,0,0,0,0,0,0,0,0,0,0,0,0,0,0,0,0,0,0,0,0,0,0,0,0,0,0,0,0,0,0,0,0,0,0,0,0,0,
2,8_4,10_55_40,0.8408,0,0,0,0.8408062,,2.229,0.60724,-2.133,46.57127,80.61047,0,0.0000,0.0000,0.0000,0.0000,0.0000,0.0000,0,0,,,,,,,0,0,0,0,0,0,0,0,0,0,0,0,0,0,0,0,0,0,0,0,0,0,0,0,0,0,0,0,0,0,0,0,0,0,0,0,0,0,0,0,0,0,0,0,0,0,0,0,0,0,0,
2,8_4,10_55_40,0.8458,0,0,0,0.8457785,,2.229,0.60724,-2.133,46.24801,81.15743,0,0.0000,0.0000,0.0000,0.0000,0.0000,0.0000,0,0,,,,,,,0,0,0,0,0,0,0,0,0,0,0,0,0,0,0,0,0,0,0,0,0,0,0,0,0,0,0,0,0,0,0,0,0,0,0,0,0,0,0,0,0,0,0,0,0,0,0,0,0,0,0,
2,8_4,10_55_40,0.8506,0,0,0,0.8506083,,2.229,0.60724,-2.133,46.00649,81.6162,-2.458399E-06,0.0000,0.0000,0.0000,0.0000,0.0000,0.0000,0,0,,,,,,,0,0,0,0,0,0,0,0,0,0,0,0,0,0,0,0,0,0,0,0,0,0,0,0,0,0,0,0,0,0,0,0,0,0,0,0,0,0,0,0,0,0,0,0,0,0,0,0,0,0,0,
2,8_4,10_55_40,0.8549,0,0,0,0.8549473,,2.229,0.60724,-2.133,45.68104,82.15858,-2.44406E-06,0.0000,0.0000,0.0000,0.0000,0.0000,0.0000,0,0,,,,,,,0,0,0,0,0,0,0,0,0,0,0,0,0,0,0,0,0,0,0,0,0,0,0,0,0,0,0,0,0,0,0,0,0,0,0,0,0,0,0,0,0,0,0,0,0,0,0,0,0,0,0,
2,8_4,10_55_40,0.8588,0,0,0,0.8588448,,2.229,0.60724,-2.133,45.48631,82.6068,-2.435596E-06,0.0000,0.0000,0.0000,0.0000,0.0000,0.0000,0,0,,,,,,,0,0,0,0,0,0,0,0,0,0,0,0,0,0,0,0,0,0,0,0,0,0,0,0,0,0,0,0,0,0,0,0,0,0,0,0,0,0,0,0,0,0,0,0,0,0,0,0,0,0,0,
2,8_4,10_55_40,0.8627,0,0,0,0.8626856,,2.229,0.60724,-2.133,45.27517,83.01006,2.426518E-06,0.0000,0.0000,0.0000,0.0000,0.0000,0.0000,0,0,,,,,,,0,0,0,0,0,0,0,0,0,0,0,0,0,0,0,0,0,0,0,0,0,0,0,0,0,0,0,0,0,0,0,0,0,0,0,0,0,0,0,0,0,0,0,0,0,0,0,0,0,0,0,
2,8_4,10_55_40,0.8668,0,0,0,0.8667639,,2.229,0.60724,-2.133,45.07124,83.49948,0,0.0000,0.0000,0.0000,0.0000,0.0000,0.0000,0,0,,,,,,,0,0,0,0,0,0,0,0,0,0,0,0,0,0,0,0,0,0,0,0,0,0,0,0,0,0,0,0,0,0,0,0,0,0,0,0,0,0,0,0,0,0,0,0,0,0,0,0,0,0,0,
2,8_4,10_55_40,0.8704,0,0,0,0.8704361,,2.229,0.60724,-2.133,45.07124,83.49948,0,0.0000,0.0000,0.0000,0.0000,0.0000,0.0000,0,0,,,,,,,0,0,0,0,0,0,0,0,0,0,0,0,0,0,0,0,0,0,0,0,0,0,0,0,0,0,0,0,0,0,0,0,0,0,0,0,0,0,0,0,0,0,0,0,0,0,0,0,0,0,0,
2,8_4,10_55_40,0.8742,0,0,0,0.8742411,,2.229,0.60724,-2.133,44.72876,84.27949,0,0.0000,0.0000,0.0000,0.0000,0.0000,0.0000,0,0,,,,,,,0,0,0,0,0,0,0,0,0,0,0,0,0,0,0,0,0,0,0,0,0,0,0,0,0,0,0,0,0,0,0,0,0,0,0,0,0,0,0,0,0,0,0,0,0,0,0,0,0,0,0,
2,8_4,10_55_40,0.8789,0,0,0,0.8788983,,2.229,0.60724,-2.133,44.42604,84.9548,-2.391005E-06,0.0000,0.0000,0.0000,0.0000,0.0000,0.0000,0,0,,,,,,,0,0,0,0,0,0,0,0,0,0,0,0,0,0,0,0,0,0,0,0,0,0,0,0,0,0,0,0,0,0,0,0,0,0,0,0,0,0,0,0,0,0,0,0,0,0,0,0,0,0,0,
2,8_4,10_55_40,0.8825,0,0,0,0.8825262,,2.229,0.60724,-2.133,44.42604,84.9548,-2.391005E-06,0.0000,0.0000,0.0000,0.0000,0.0000,0.0000,0,0,,,,,,,0,0,0,0,0,0,0,0,0,0,0,0,0,0,0,0,0,0,0,0,0,0,0,0,0,0,0,0,0,0,0,0,0,0,0,0,0,0,0,0,0,0,0,0,0,0,0,0,0,0,0,
2,8_4,10_55_40,0.8868,0,0,0,0.8868155,,2.229,0.60724,-2.133,44.01863,85.9413,0,0.0000,0.0000,0.0000,0.0000,0.0000,0.0000,0,0,,,,,,,0,0,0,0,0,0,0,0,0,0,0,0,0,0,0,0,0,0,0,0,0,0,0,0,0,0,0,0,0,0,0,0,0,0,0,0,0,0,0,0,0,0,0,0,0,0,0,0,0,0,0,
2,8_4,10_55_40,0.8911,0,0,0,0.8911117,,2.229,0.60724,-2.133,43.8252,86.47832,-2.366808E-06,0.0000,0.0000,0.0000,0.0000,0.0000,0.0000,0,0,,,,,,,0,0,0,0,0,0,0,0,0,0,0,0,0,0,0,0,0,0,0,0,0,0,0,0,0,0,0,0,0,0,0,0,0,0,0,0,0,0,0,0,0,0,0,0,0,0,0,0,0,0,0,
2,8_4,10_55_40,0.8948,0,0,0,0.8948143,,2.229,0.60724,-2.133,43.69559,86.92261,2.361686E-06,0.0000,0.0000,0.0000,0.0000,0.0000,0.0000,0,0,,,,,,,0,0,0,0,0,0,0,0,0,0,0,0,0,0,0,0,0,0,0,0,0,0,0,0,0,0,0,0,0,0,0,0,0,0,0,0,0,0,0,0,0,0,0,0,0,0,0,0,0,0,0,
2,8_4,10_55_40,0.8987,0,0,0,0.898742,,2.229,0.60724,-2.133,43.49932,87.41356,-2.353995E-06,0.0000,0.0000,0.0000,0.0000,0.0000,0.0000,0,0,,,,,,,0,0,0,0,0,0,0,0,0,0,0,0,0,0,0,0,0,0,0,0,0,0,0,0,0,0,0,0,0,0,0,0,0,0,0,0,0,0,0,0,0,0,0,0,0,0,0,0,0,0,0,
2,8_4,10_55_40,0.9039,0,0,0,0.9039484,,2.229,0.60724,-2.133,43.21278,88.1945,2.342906E-06,0.0000,0.0000,0.0000,0.0000,0.0000,0.0000,0,0,,,,,,,0,0,0,0,0,0,0,0,0,0,0,0,0,0,0,0,0,0,0,0,0,0,0,0,0,0,0,0,0,0,0,0,0,0,0,0,0,0,0,0,0,0,0,0,0,0,0,0,0,0,0,
2,8_4,10_55_40,0.9089,0,0,0,0.9089432,,2.229,0.60724,-2.133,42.96318,88.99374,0,0.0000,0.0000,0.0000,0.0000,0.0000,0.0000,0,0,,,,,,,0,0,0,0,0,0,0,0,0,0,0,0,0,0,0,0,0,0,0,0,0,0,0,0,0,0,0,0,0,0,0,0,0,0,0,0,0,0,0,0,0,0,0,0,0,0,0,0,0,0,0,
2,8_4,10_55_40,0.9127,0,0,0,0.9127371,,2.229,0.60724,-2.133,42.83029,89.48694,4.656711E-06,0.0000,0.0000,0.0000,0.0000,0.0000,0.0000,0,0,,,,,,,0,0,0,0,0,0,0,0,0,0,0,0,0,0,0,0,0,0,0,0,0,0,0,0,0,0,0,0,0,0,0,0,0,0,0,0,0,0,0,0,0,0,0,0,0,0,0,0,0,0,0,
2,8_4,10_55_40,0.9186,0,0,0,0.9186397,,2.229,0.60724,-2.133,42.50549,90.49038,0,0.0000,0.0000,0.0000,0.0000,0.0000,0.0000,0,0,,,,,,,0,0,0,0,0,0,0,0,0,0,0,0,0,0,0,0,0,0,0,0,0,0,0,0,0,0,0,0,0,0,0,0,0,0,0,0,0,0,0,0,0,0,0,0,0,0,0,0,0,0,0,
2,8_4,10_55_40,0.9243,0,0,0,0.9243237,,2.229,0.60724,-2.133,42.07929,91.91138,0,0.0000,0.0000,0.0000,0.0000,0.0000,0.0000,0,0,,,,,,,0,0,0,0,0,0,0,0,0,0,0,0,0,0,0,0,0,0,0,0,0,0,0,0,0,0,0,0,0,0,0,0,0,0,0,0,0,0,0,0,0,0,0,0,0,0,0,0,0,0,0,
2,8_4,10_55_40,0.9283,0,0,0,0.9283443,,2.229,0.60724,-2.133,41.91843,92.47424,0,0.0000,0.0000,0.0000,0.0000,0.0000,0.0000,0,0,,,,,,,0,0,0,0,0,0,0,0,0,0,0,0,0,0,0,0,0,0,0,0,0,0,0,0,0,0,0,0,0,0,0,0,0,0,0,0,0,0,0,0,0,0,0,0,0,0,0,0,0,0,0,
2,8_4,10_55_40,0.9326,0,0,0,0.9325804,,2.229,0.60724,-2.133,41.72784,93.10966,0,0.0000,0.0000,0.0000,0.0000,0.0000,0.0000,0,0,,,,,,,0,0,0,0,0,0,0,0,0,0,0,0,0,0,0,0,0,0,0,0,0,0,0,0,0,0,0,0,0,0,0,0,0,0,0,0,0,0,0,0,0,0,0,0,0,0,0,0,0,0,0,
2,8_4,10_55_40,0.9368,0,0,0,0.9368194,,2.229,0.60724,-2.133,41.53703,93.70313,2.281209E-06,0.0000,0.0000,0.0000,0.0000,0.0000,0.0000,0,0,,,,,,,0,0,0,0,0,0,0,0,0,0,0,0,0,0,0,0,0,0,0,0,0,0,0,0,0,0,0,0,0,0,0,0,0,0,0,0,0,0,0,0,0,0,0,0,0,0,0,0,0,0,0,
2,8_4,10_55_40,0.9412,0,0,0,0.9412081,,2.229,0.60724,-2.133,41.36153,94.36146,0,0.0000,0.0000,0.0000,0.0000,0.0000,0.0000,0,0,,,,,,,0,0,0,0,0,0,0,0,0,0,0,0,0,0,0,0,0,0,0,0,0,0,0,0,0,0,0,0,0,0,0,0,0,0,0,0,0,0,0,0,0,0,0,0,0,0,0,0,0,0,0,
2,8_4,10_55_40,0.9450,0,0,0,0.9449708,,2.229,0.60724,-2.133,41.17334,94.96349,4.536997E-06,0.0000,0.0000,0.0000,0.0000,0.0000,0.0000,0,0,,,,,,,0,0,0,0,0,0,0,0,0,0,0,0,0,0,0,0,0,0,0,0,0,0,0,0,0,0,0,0,0,0,0,0,0,0,0,0,0,0,0,0,0,0,0,0,0,0,0,0,0,0,0,
2,8_4,10_55_40,0.9488,0,0,0,0.948764,,2.229,0.60724,-2.133,41.00263,95.55143,0,0.0000,0.0000,0.0000,0.0000,0.0000,0.0000,0,0,,,,,,,0,0,0,0,0,0,0,0,0,0,0,0,0,0,0,0,0,0,0,0,0,0,0,0,0,0,0,0,0,0,0,0,0,0,0,0,0,0,0,0,0,0,0,0,0,0,0,0,0,0,0,
2,8_4,10_55_40,0.9527,0,0,0,0.9526951,,2.229,0.60724,-2.133,40.8256,96.16079,0,0.0000,0.0000,0.0000,0.0000,0.0000,0.0000,0,0,,,,,,,0,0,0,0,0,0,0,0,0,0,0,0,0,0,0,0,0,0,0,0,0,0,0,0,0,0,0,0,0,0,0,0,0,0,0,0,0,0,0,0,0,0,0,0,0,0,0,0,0,0,0,
2,8_4,10_55_40,0.9568,0,0,0,0.9567586,,2.229,0.60724,-2.133,40.62255,96.81092,0,0.0000,0.0000,0.0000,0.0000,0.0000,0.0000,0,0,,,,,,,0,0,0,0,0,0,0,0,0,0,0,0,0,0,0,0,0,0,0,0,0,0,0,0,0,0,0,0,0,0,0,0,0,0,0,0,0,0,0,0,0,0,0,0,0,0,0,0,0,0,0,
2,8_4,10_55_40,0.9610,0,0,0,0.9610236,,2.229,0.60724,-2.133,40.40945,97.45072,0,0.0000,0.0000,0.0000,0.0000,0.0000,0.0000,0,0,,,,,,,0,0,0,0,0,0,0,0,0,0,0,0,0,0,0,0,0,0,0,0,0,0,0,0,0,0,0,0,0,0,0,0,0,0,0,0,0,0,0,0,0,0,0,0,0,0,0,0,0,0,0,
2,8_4,10_55_40,0.9668,0,0,0,0.9668431,,2.229,0.60724,-2.133,39.9439,98.78921,-2.227216E-06,0.0000,0.0000,0.0000,0.0000,0.0000,0.0000,0,0,,,,,,,0,0,0,0,0,0,0,0,0,0,0,0,0,0,0,0,0,0,0,0,0,0,0,0,0,0,0,0,0,0,0,0,0,0,0,0,0,0,0,0,0,0,0,0,0,0,0,0,0,0,0,
2,8_4,10_55_40,0.9714,0,0,0,0.9714481,,2.229,0.60724,-2.133,39.73648,99.47994,-2.220499E-06,0.0000,0.0000,0.0000,0.0000,0.0000,0.0000,0,0,,,,,,,0,0,0,0,0,0,0,0,0,0,0,0,0,0,0,0,0,0,0,0,0,0,0,0,0,0,0,0,0,0,0,0,0,0,0,0,0,0,0,0,0,0,0,0,0,0,0,0,0,0,0,
2,8_4,10_55_40,0.9901,0,0,0,0.9900759,,2.229,0.60724,-2.133,35.7317,111.0292,0,0.0000,0.0000,0.0000,0.0000,0.0000,0.0000,0,0,,,,,,,0,0,0,0,0,0,0,0,0,0,0,0,0,0,0,0,0,0,0,0,0,0,0,0,0,0,0,0,0,0,0,0,0,0,0,0,0,0,0,0,0,0,0,0,0,0,0,0,0,0,0,
2,8_4,10_55_40,0.9952,0,0,0,0.9951791,,2.229,0.60724,-2.133,35.7317,111.0292,0,0.0000,0.0000,0.0000,0.0000,0.0000,0.0000,0,0,,,,,,,0,0,0,0,0,0,0,0,0,0,0,0,0,0,0,0,0,0,0,0,0,0,0,0,0,0,0,0,0,0,0,0,0,0,0,0,0,0,0,0,0,0,0,0,0,0,0,0,0,0,0,
2,8_4,10_55_40,0.9997,0,0,0,0.9996798,,2.229,0.60724,-2.133,35.28146,112.2218,0,0.0000,0.0000,0.0000,0.0000,0.0000,0.0000,0,0,,,,,,,0,0,0,0,0,0,0,0,0,0,0,0,0,0,0,0,0,0,0,0,0,0,0,0,0,0,0,0,0,0,0,0,0,0,0,0,0,0,0,0,0,0,0,0,0,0,0,0,0,0,0,
2,8_4,10_55_40,1.0041,0,0,0,1.004128,,2.229,0.60724,-2.133,35.10353,112.6445,0,0.0000,0.0000,0.0000,0.0000,0.0000,0.0000,0,0,,,,,,,0,0,0,0,0,0,0,0,0,0,0,0,0,0,0,0,0,0,0,0,0,0,0,0,0,0,0,0,0,0,0,0,0,0,0,0,0,0,0,0,0,0,0,0,0,0,0,0,0,0,0,
2,8_4,10_55_40,1.0082,0,0,0,1.008163,,2.229,0.60724,-2.133,34.96235,112.9874,0,0.0000,0.0000,0.0000,0.0000,0.0000,0.0000,0,0,,,,,,,0,0,0,0,0,0,0,0,0,0,0,0,0,0,0,0,0,0,0,0,0,0,0,0,0,0,0,0,0,0,0,0,0,0,0,0,0,0,0,0,0,0,0,0,0,0,0,0,0,0,0,
2,8_4,10_55_40,1.0118,0,0,0,1.011814,,2.229,0.60724,-2.133,34.85285,113.2794,-2.080795E-06,0.0000,0.0000,0.0000,0.0000,0.0000,0.0000,0,0,,,,,,,0,0,0,0,0,0,0,0,0,0,0,0,0,0,0,0,0,0,0,0,0,0,0,0,0,0,0,0,0,0,0,0,0,0,0,0,0,0,0,0,0,0,0,0,0,0,0,0,0,0,0,
2,8_4,10_55_40,1.0151,0,0,0,1.015131,,2.229,0.60724,-2.133,34.7864,113.4619,0,0.0000,0.0000,0.0000,0.0000,0.0000,0.0000,0,0,,,,,,,0,0,0,0,0,0,0,0,0,0,0,0,0,0,0,0,0,0,0,0,0,0,0,0,0,0,0,0,0,0,0,0,0,0,0,0,0,0,0,0,0,0,0,0,0,0,0,0,0,0,0,
2,8_4,10_55_40,1.0190,0,0,0,1.019031,,2.229,0.60724,-2.133,34.7864,113.4619,0,0.0000,0.0000,0.0000,0.0000,0.0000,0.0000,0,0,,,,,,,0,0,0,0,0,0,0,0,0,0,0,0,0,0,0,0,0,0,0,0,0,0,0,0,0,0,0,0,0,0,0,0,0,0,0,0,0,0,0,0,0,0,0,0,0,0,0,0,0,0,0,
2,8_4,10_55_40,1.0224,0,0,0,1.022371,,2.229,0.60724,-2.133,34.61942,113.846,0,0.0000,0.0000,0.0000,0.0000,0.0000,0.0000,0,0,,,,,,,0,0,0,0,0,0,0,0,0,0,0,0,0,0,0,0,0,0,0,0,0,0,0,0,0,0,0,0,0,0,0,0,0,0,0,0,0,0,0,0,0,0,0,0,0,0,0,0,0,0,0,
2,8_4,10_55_40,1.0257,0,0,0,1.025738,,2.229,0.60724,-2.133,34.55188,113.9638,-2.07324E-06,0.0000,0.0000,0.0000,0.0000,0.0000,0.0000,0,0,,,,,,,0,0,0,0,0,0,0,0,0,0,0,0,0,0,0,0,0,0,0,0,0,0,0,0,0,0,0,0,0,0,0,0,0,0,0,0,0,0,0,0,0,0,0,0,0,0,0,0,0,0,0,
2,8_4,10_55_40,1.0290,0,0,0,1.028988,,2.229,0.60724,-2.133,34.55188,113.9638,-2.07324E-06,0.0000,0.0000,0.0000,0.0000,0.0000,0.0000,0,0,,,,,,,0,0,0,0,0,0,0,0,0,0,0,0,0,0,0,0,0,0,0,0,0,0,0,0,0,0,0,0,0,0,0,0,0,0,0,0,0,0,0,0,0,0,0,0,0,0,0,0,0,0,0,
2,8_4,10_55_40,1.0325,0,0,0,1.032451,,2.229,0.60724,-2.133,34.46532,114.1889,0,0.0000,0.0000,0.0000,0.0000,0.0000,0.0000,0,0,,,,,,,0,0,0,0,0,0,0,0,0,0,0,0,0,0,0,0,0,0,0,0,0,0,0,0,0,0,0,0,0,0,0,0,0,0,0,0,0,0,0,0,0,0,0,0,0,0,0,0,0,0,0,
2,8_4,10_55_40,1.0364,0,0,0,1.036352,,2.229,0.60724,-2.133,34.4262,114.2669,0,0.0000,0.0000,0.0000,0.0000,0.0000,0.0000,0,0,,,,,,,0,0,0,0,0,0,0,0,0,0,0,0,0,0,0,0,0,0,0,0,0,0,0,0,0,0,0,0,0,0,0,0,0,0,0,0,0,0,0,0,0,0,0,0,0,0,0,0,0,0,0,
2,8_4,10_55_40,1.0397,0,0,0,1.039695,,2.229,0.60724,-2.133,34.4262,114.2669,0,0.0000,0.0000,0.0000,0.0000,0.0000,0.0000,0,0,,,,,,,0,0,0,0,0,0,0,0,0,0,0,0,0,0,0,0,0,0,0,0,0,0,0,0,0,0,0,0,0,0,0,0,0,0,0,0,0,0,0,0,0,0,0,0,0,0,0,0,0,0,0,
2,8_4,10_55_40,1.0433,0,0,0,1.043253,,2.229,0.60724,-2.133,34.35495,114.3203,-2.068356E-06,0.0000,0.0000,0.0000,0.0000,0.0000,0.0000,0,0,,,,,,,0,0,0,0,0,0,0,0,0,0,0,0,0,0,0,0,0,0,0,0,0,0,0,0,0,0,0,0,0,0,0,0,0,0,0,0,0,0,0,0,0,0,0,0,0,0,0,0,0,0,0,
2,8_4,10_55_40,1.0469,0,0,0,1.046898,,2.229,0.60724,-2.133,34.35495,114.3203,-2.068356E-06,0.0000,0.0000,0.0000,0.0000,0.0000,0.0000,0,0,,,,,,,0,0,0,0,0,0,0,0,0,0,0,0,0,0,0,0,0,0,0,0,0,0,0,0,0,0,0,0,0,0,0,0,0,0,0,0,0,0,0,0,0,0,0,0,0,0,0,0,0,0,0,
2,8_4,10_55_40,1.0504,0,0,0,1.050372,,2.229,0.60724,-2.133,34.35495,114.3203,-2.068356E-06,0.0000,0.0000,0.0000,0.0000,0.0000,0.0000,0,0,,,,,,,0,0,0,0,0,0,0,0,0,0,0,0,0,0,0,0,0,0,0,0,0,0,0,0,0,0,0,0,0,0,0,0,0,0,0,0,0,0,0,0,0,0,0,0,0,0,0,0,0,0,0,
2,8_4,10_55_40,1.0538,0,0,0,1.05376,,2.229,0.60724,-2.133,34.35495,114.3203,-2.068356E-06,0.0000,0.0000,0.0000,0.0000,0.0000,0.0000,0,0,,,,,,,0,0,0,0,0,0,0,0,0,0,0,0,0,0,0,0,0,0,0,0,0,0,0,0,0,0,0,0,0,0,0,0,0,0,0,0,0,0,0,0,0,0,0,0,0,0,0,0,0,0,0,
2,8_4,10_55_40,1.0573,0,0,0,1.057344,,2.229,0.60724,-2.133,34.35495,114.3203,-2.068356E-06,0.0000,0.0000,0.0000,0.0000,0.0000,0.0000,0,0,,,,,,,0,0,0,0,0,0,0,0,0,0,0,0,0,0,0,0,0,0,0,0,0,0,0,0,0,0,0,0,0,0,0,0,0,0,0,0,0,0,0,0,0,0,0,0,0,0,0,0,0,0,0,
2,8_4,10_55_40,1.0608,0,0,0,1.06075,,2.229,0.60724,-2.133,34.35495,114.3203,-2.068356E-06,0.0000,0.0000,0.0000,0.0000,0.0000,0.0000,0,0,,,,,,,0,0,0,0,0,0,0,0,0,0,0,0,0,0,0,0,0,0,0,0,0,0,0,0,0,0,0,0,0,0,0,0,0,0,0,0,0,0,0,0,0,0,0,0,0,0,0,0,0,0,0,
2,8_4,10_55_40,1.0647,0,0,0,1.064651,,2.229,0.60724,-2.133,34.35495,114.3008,0,0.0000,0.0000,0.0000,0.0000,0.0000,0.0000,0,0,,,,,,,0,0,0,0,0,0,0,0,0,0,0,0,0,0,0,0,0,0,0,0,0,0,0,0,0,0,0,0,0,0,0,0,0,0,0,0,0,0,0,0,0,0,0,0,0,0,0,0,0,0,0,
2,8_4,10_55_40,1.0687,0,0,0,1.068674,,2.229,0.60724,-2.133,34.35495,114.2002,-2.068356E-06,0.0000,0.0000,0.0000,0.0000,0.0000,0.0000,0,0,,,,,,,0,0,0,0,0,0,0,0,0,0,0,0,0,0,0,0,0,0,0,0,0,0,0,0,0,0,0,0,0,0,0,0,0,0,0,0,0,0,0,0,0,0,0,0,0,0,0,0,0,0,0,
2,8_4,10_55_40,1.0729,0,0,0,1.072859,,2.229,0.60724,-2.133,34.33397,114.0956,2.067839E-06,0.0000,0.0000,0.0000,0.0000,0.0000,0.0000,0,0,,,,,,,0,0,0,0,0,0,0,0,0,0,0,0,0,0,0,0,0,0,0,0,0,0,0,0,0,0,0,0,0,0,0,0,0,0,0,0,0,0,0,0,0,0,0,0,0,0,0,0,0,0,0,
2,8_4,10_55_40,1.0770,0,0,0,1.077036,,2.229,0.60724,-2.133,34.31299,113.8659,2.067322E-06,0.0000,0.0000,0.0000,0.0000,0.0000,0.0000,0,0,,,,,,,0,0,0,0,0,0,0,0,0,0,0,0,0,0,0,0,0,0,0,0,0,0,0,0,0,0,0,0,0,0,0,0,0,0,0,0,0,0,0,0,0,0,0,0,0,0,0,0,0,0,0,
2,8_4,10_55_40,1.0808,0,0,0,1.080834,,2.229,0.60724,-2.133,34.29397,113.6379,0,0.0000,0.0000,0.0000,0.0000,0.0000,0.0000,0,0,,,,,,,0,0,0,0,0,0,0,0,0,0,0,0,0,0,0,0,0,0,0,0,0,0,0,0,0,0,0,0,0,0,0,0,0,0,0,0,0,0,0,0,0,0,0,0,0,0,0,0,0,0,0,
2,8_4,10_55_40,1.0850,0,0,0,1.085037,,2.229,0.60724,-2.133,34.27299,113.2807,-2.066338E-06,0.0000,0.0000,0.0000,0.0000,0.0000,0.0000,0,0,,,,,,,0,0,0,0,0,0,0,0,0,0,0,0,0,0,0,0,0,0,0,0,0,0,0,0,0,0,0,0,0,0,0,0,0,0,0,0,0,0,0,0,0,0,0,0,0,0,0,0,0,0,0,
2,8_4,10_55_40,1.0892,0,0,0,1.089184,,2.229,0.60724,-2.133,34.25223,112.7624,0,0.0000,0.0000,0.0000,0.0000,0.0000,0.0000,0,0,,,,,,,0,0,0,0,0,0,0,0,0,0,0,0,0,0,0,0,0,0,0,0,0,0,0,0,0,0,0,0,0,0,0,0,0,0,0,0,0,0,0,0,0,0,0,0,0,0,0,0,0,0,0,
2,8_4,10_55_40,1.0939,0,0,0,1.09388,,2.229,0.60724,-2.133,34.25222,112.1988,0,0.0000,0.0000,0.0000,0.0000,0.0000,0.0000,0,0,,,,,,,0,0,0,0,0,0,0,0,0,0,0,0,0,0,0,0,0,0,0,0,0,0,0,0,0,0,0,0,0,0,0,0,0,0,0,0,0,0,0,0,0,0,0,0,0,0,0,0,0,0,0,
2,8_4,10_55_40,1.0979,0,0,0,1.097883,,2.229,0.60724,-2.133,34.25222,111.6785,0,0.0000,0.0000,0.0000,0.0000,0.0000,0.0000,0,0,,,,,,,0,0,0,0,0,0,0,0,0,0,0,0,0,0,0,0,0,0,0,0,0,0,0,0,0,0,0,0,0,0,0,0,0,0,0,0,0,0,0,0,0,0,0,0,0,0,0,0,0,0,0,
2,8_4,10_55_40,1.1029,0,0,0,1.102908,,2.229,0.60724,-2.133,34.27737,110.7237,0,0.0000,0.0000,0.0000,0.0000,0.0000,0.0000,0,0,,,,,,,0,0,0,0,0,0,0,0,0,0,0,0,0,0,0,0,0,0,0,0,0,0,0,0,0,0,0,0,0,0,0,0,0,0,0,0,0,0,0,0,0,0,0,0,0,0,0,0,0,0,0,
2,8_4,10_55_40,1.1077,0,0,0,1.107723,,2.229,0.60724,-2.133,34.37352,109.7366,0,0.0000,0.0000,0.0000,0.0000,0.0000,0.0000,0,0,,,,,,,0,0,0,0,0,0,0,0,0,0,0,0,0,0,0,0,0,0,0,0,0,0,0,0,0,0,0,0,0,0,0,0,0,0,0,0,0,0,0,0,0,0,0,0,0,0,0,0,0,0,0,
2,8_4,10_55_40,1.1119,0,0,0,1.111863,,2.229,0.60724,-2.133,34.4356,109.0327,0,0.0000,0.0000,0.0000,0.0000,0.0000,0.0000,0,0,,,,,,,0,0,0,0,0,0,0,0,0,0,0,0,0,0,0,0,0,0,0,0,0,0,0,0,0,0,0,0,0,0,0,0,0,0,0,0,0,0,0,0,0,0,0,0,0,0,0,0,0,0,0,
2,8_4,10_55_40,1.1163,0,0,0,1.116269,,2.229,0.60724,-2.133,34.54554,107.9975,-2.073082E-06,0.0000,0.0000,0.0000,0.0000,0.0000,0.0000,0,0,,,,,,,0,0,0,0,0,0,0,0,0,0,0,0,0,0,0,0,0,0,0,0,0,0,0,0,0,0,0,0,0,0,0,0,0,0,0,0,0,0,0,0,0,0,0,0,0,0,0,0,0,0,0,
2,8_4,10_55_40,1.1207,0,0,0,1.12067,,2.229,0.60724,-2.133,34.63384,107.0732,0,0.0000,0.0000,0.0000,0.0000,0.0000,0.0000,0,0,,,,,,,0,0,0,0,0,0,0,0,0,0,0,0,0,0,0,0,0,0,0,0,0,0,0,0,0,0,0,0,0,0,0,0,0,0,0,0,0,0,0,0,0,0,0,0,0,0,0,0,0,0,0,
2,8_4,10_55_40,1.1247,0,0,0,1.124671,,2.229,0.60724,-2.133,34.75383,106.273,0,0.0000,0.0000,0.0000,0.0000,0.0000,0.0000,0,0,,,,,,,0,0,0,0,0,0,0,0,0,0,0,0,0,0,0,0,0,0,0,0,0,0,0,0,0,0,0,0,0,0,0,0,0,0,0,0,0,0,0,0,0,0,0,0,0,0,0,0,0,0,0,
2,8_4,10_55_40,1.1290,0,0,0,1.128963,,2.229,0.60724,-2.133,34.86115,105.3503,0,0.0000,0.0000,0.0000,0.0000,0.0000,0.0000,0,0,,,,,,,0,0,0,0,0,0,0,0,0,0,0,0,0,0,0,0,0,0,0,0,0,0,0,0,0,0,0,0,0,0,0,0,0,0,0,0,0,0,0,0,0,0,0,0,0,0,0,0,0,0,0,
2,8_4,10_55_40,1.1328,0,0,0,1.132839,,2.229,0.60724,-2.133,34.99688,104.5361,-2.084451E-06,0.0000,0.0000,0.0000,0.0000,0.0000,0.0000,0,0,,,,,,,0,0,0,0,0,0,0,0,0,0,0,0,0,0,0,0,0,0,0,0,0,0,0,0,0,0,0,0,0,0,0,0,0,0,0,0,0,0,0,0,0,0,0,0,0,0,0,0,0,0,0,
2,8_4,10_55_40,1.1370,0,0,0,1.136991,,2.229,0.60724,-2.133,35.14201,103.6019,0,0.0000,0.0000,0.0000,0.0000,0.0000,0.0000,0,0,,,,,,,0,0,0,0,0,0,0,0,0,0,0,0,0,0,0,0,0,0,0,0,0,0,0,0,0,0,0,0,0,0,0,0,0,0,0,0,0,0,0,0,0,0,0,0,0,0,0,0,0,0,0,
2,8_4,10_55_40,1.1419,0,0,0,1.1419,,2.229,0.60724,-2.133,35.38746,102.2029,0,0.0000,0.0000,0.0000,0.0000,0.0000,0.0000,0,0,,,,,,,0,0,0,0,0,0,0,0,0,0,0,0,0,0,0,0,0,0,0,0,0,0,0,0,0,0,0,0,0,0,0,0,0,0,0,0,0,0,0,0,0,0,0,0,0,0,0,0,0,0,0,
2,8_4,10_55_41,1.1468,0,0,0,1.146849,,2.229,0.60724,-2.133,35.61018,100.7182,-2.100311E-06,0.0000,0.0000,0.0000,0.0000,0.0000,0.0000,0,0,,,,,,,0,0,0,0,0,0,0,0,0,0,0,0,0,0,0,0,0,0,0,0,0,0,0,0,0,0,0,0,0,0,0,0,0,0,0,0,0,0,0,0,0,0,0,0,0,0,0,0,0,0,0,
2,8_4,10_55_41,1.1509,0,0,0,1.150915,,2.229,0.60724,-2.133,35.7929,99.72211,0,0.0000,0.0000,0.0000,0.0000,0.0000,0.0000,0,0,,,,,,,0,0,0,0,0,0,0,0,0,0,0,0,0,0,0,0,0,0,0,0,0,0,0,0,0,0,0,0,0,0,0,0,0,0,0,0,0,0,0,0,0,0,0,0,0,0,0,0,0,0,0,
2,8_4,10_55_41,1.1558,0,0,0,1.155783,,2.229,0.60724,-2.133,36.06086,98.14008,0,0.0000,0.0000,0.0000,0.0000,0.0000,0.0000,0,0,,,,,,,0,0,0,0,0,0,0,0,0,0,0,0,0,0,0,0,0,0,0,0,0,0,0,0,0,0,0,0,0,0,0,0,0,0,0,0,0,0,0,0,0,0,0,0,0,0,0,0,0,0,0,
2,8_4,10_55_41,1.1609,0,0,0,1.160936,,2.229,0.60724,-2.133,36.3957,96.49094,2.121339E-06,0.0000,0.0000,0.0000,0.0000,0.0000,0.0000,0,0,,,,,,,0,0,0,0,0,0,0,0,0,0,0,0,0,0,0,0,0,0,0,0,0,0,0,0,0,0,0,0,0,0,0,0,0,0,0,0,0,0,0,0,0,0,0,0,0,0,0,0,0,0,0,
2,8_4,10_55_41,1.1649,0,0,0,1.164937,,2.229,0.60724,-2.133,36.57558,95.49078,0,0.0000,0.0000,0.0000,0.0000,0.0000,0.0000,0,0,,,,,,,0,0,0,0,0,0,0,0,0,0,0,0,0,0,0,0,0,0,0,0,0,0,0,0,0,0,0,0,0,0,0,0,0,0,0,0,0,0,0,0,0,0,0,0,0,0,0,0,0,0,0,
2,8_4,10_55_41,1.1707,0,0,0,1.170708,,2.229,0.60724,-2.133,36.97971,93.1825,0,0.0000,0.0000,0.0000,0.0000,0.0000,0.0000,0,0,,,,,,,0,0,0,0,0,0,0,0,0,0,0,0,0,0,0,0,0,0,0,0,0,0,0,0,0,0,0,0,0,0,0,0,0,0,0,0,0,0,0,0,0,0,0,0,0,0,0,0,0,0,0,
2,8_4,10_55_41,1.1760,0,0,0,1.175953,,2.229,0.60724,-2.133,37.26822,91.45161,0,0.0000,0.0000,0.0000,0.0000,0.0000,0.0000,0,0,,,,,,,0,0,0,0,0,0,0,0,0,0,0,0,0,0,0,0,0,0,0,0,0,0,0,0,0,0,0,0,0,0,0,0,0,0,0,0,0,0,0,0,0,0,0,0,0,0,0,0,0,0,0,
2,8_4,10_55_41,1.1802,0,0,0,1.180161,,2.229,0.60724,-2.133,37.45771,90.33633,0,0.0000,0.0000,0.0000,0.0000,0.0000,0.0000,0,0,,,,,,,0,0,0,0,0,0,0,0,0,0,0,0,0,0,0,0,0,0,0,0,0,0,0,0,0,0,0,0,0,0,0,0,0,0,0,0,0,0,0,0,0,0,0,0,0,0,0,0,0,0,0,
2,8_4,10_55_41,1.1865,0,0,0,1.186509,,2.229,0.60724,-2.133,37.87037,87.79726,0,0.0000,0.0000,0.0000,0.0000,0.0000,0.0000,0,0,,,,,,,0,0,0,0,0,0,0,0,0,0,0,0,0,0,0,0,0,0,0,0,0,0,0,0,0,0,0,0,0,0,0,0,0,0,0,0,0,0,0,0,0,0,0,0,0,0,0,0,0,0,0,
2,8_4,10_55_41,1.1935,0,0,0,1.193512,,2.229,0.60724,-2.133,38.36061,84.57575,0,0.0000,0.0000,0.0000,0.0000,0.0000,0.0000,0,0,,,,,,,0,0,0,0,0,0,0,0,0,0,0,0,0,0,0,0,0,0,0,0,0,0,0,0,0,0,0,0,0,0,0,0,0,0,0,0,0,0,0,0,0,0,0,0,0,0,0,0,0,0,0,
2,8_4,10_55_41,1.1980,0,0,0,1.197968,,2.229,0.60724,-2.133,38.56104,83.15005,2.183719E-06,0.0000,0.0000,0.0000,0.0000,0.0000,0.0000,0,0,,,,,,,0,0,0,0,0,0,0,0,0,0,0,0,0,0,0,0,0,0,0,0,0,0,0,0,0,0,0,0,0,0,0,0,0,0,0,0,0,0,0,0,0,0,0,0,0,0,0,0,0,0,0,
2,8_4,10_55_41,1.2029,0,0,0,1.202889,,2.229,0.60724,-2.133,38.78245,81.57527,0,0.0000,0.0000,0.0000,0.0000,0.0000,0.0000,0,0,,,,,,,0,0,0,0,0,0,0,0,0,0,0,0,0,0,0,0,0,0,0,0,0,0,0,0,0,0,0,0,0,0,0,0,0,0,0,0,0,0,0,0,0,0,0,0,0,0,0,0,0,0,0,
2,8_4,10_55_41,1.2070,0,0,0,1.206983,,2.229,0.60724,-2.133,38.88473,80.57228,0,0.0000,0.0000,0.0000,0.0000,0.0000,0.0000,0,0,,,,,,,0,0,0,0,0,0,0,0,0,0,0,0,0,0,0,0,0,0,0,0,0,0,0,0,0,0,0,0,0,0,0,0,0,0,0,0,0,0,0,0,0,0,0,0,0,0,0,0,0,0,0,
2,8_4,10_55_41,1.2112,0,0,0,1.211235,,2.229,0.60724,-2.133,38.99096,79.59431,2.196922E-06,0.0000,0.0000,0.0000,0.0000,0.0000,0.0000,0,0,,,,,,,0,0,0,0,0,0,0,0,0,0,0,0,0,0,0,0,0,0,0,0,0,0,0,0,0,0,0,0,0,0,0,0,0,0,0,0,0,0,0,0,0,0,0,0,0,0,0,0,0,0,0,
2,8_4,10_55_41,1.2160,0,0,0,1.21602,,2.229,0.60724,-2.133,39.11051,78.2305,0,0.0000,0.0000,0.0000,0.0000,0.0000,0.0000,0,0,,,,,,,0,0,0,0,0,0,0,0,0,0,0,0,0,0,0,0,0,0,0,0,0,0,0,0,0,0,0,0,0,0,0,0,0,0,0,0,0,0,0,0,0,0,0,0,0,0,0,0,0,0,0,
2,8_4,10_55_41,1.2199,0,0,0,1.219858,,2.229,0.60724,-2.133,39.22591,77.38613,-2.204258E-06,0.0000,0.0000,0.0000,0.0000,0.0000,0.0000,0,0,,,,,,,0,0,0,0,0,0,0,0,0,0,0,0,0,0,0,0,0,0,0,0,0,0,0,0,0,0,0,0,0,0,0,0,0,0,0,0,0,0,0,0,0,0,0,0,0,0,0,0,0,0,0,
2,8_4,10_55_41,1.2243,0,0,0,1.224262,,2.229,0.60724,-2.133,39.35793,76.41718,0,0.0000,0.0000,0.0000,0.0000,0.0000,0.0000,0,0,,,,,,,0,0,0,0,0,0,0,0,0,0,0,0,0,0,0,0,0,0,0,0,0,0,0,0,0,0,0,0,0,0,0,0,0,0,0,0,0,0,0,0,0,0,0,0,0,0,0,0,0,0,0,
2,8_4,10_55_41,1.2285,0,0,0,1.22845,,2.229,0.60724,-2.133,39.46262,75.34943,2.211736E-06,0.0000,0.0000,0.0000,0.0000,0.0000,0.0000,0,0,,,,,,,0,0,0,0,0,0,0,0,0,0,0,0,0,0,0,0,0,0,0,0,0,0,0,0,0,0,0,0,0,0,0,0,0,0,0,0,0,0,0,0,0,0,0,0,0,0,0,0,0,0,0,
2,8_4,10_55_41,1.2329,0,0,0,1.232924,,2.229,0.60724,-2.133,39.57453,74.45461,0,0.0000,0.0000,0.0000,0.0000,0.0000,0.0000,0,0,,,,,,,0,0,0,0,0,0,0,0,0,0,0,0,0,0,0,0,0,0,0,0,0,0,0,0,0,0,0,0,0,0,0,0,0,0,0,0,0,0,0,0,0,0,0,0,0,0,0,0,0,0,0,
2,8_4,10_55_41,1.2376,0,0,0,1.237552,,2.229,0.60724,-2.133,39.71332,73.34382,2.219753E-06,0.0000,0.0000,0.0000,0.0000,0.0000,0.0000,0,0,,,,,,,0,0,0,0,0,0,0,0,0,0,0,0,0,0,0,0,0,0,0,0,0,0,0,0,0,0,0,0,0,0,0,0,0,0,0,0,0,0,0,0,0,0,0,0,0,0,0,0,0,0,0,
2,8_4,10_55_41,1.2423,0,0,0,1.242345,,2.229,0.60724,-2.133,39.80926,72.52911,-2.222848E-06,0.0000,0.0000,0.0000,0.0000,0.0000,0.0000,0,0,,,,,,,0,0,0,0,0,0,0,0,0,0,0,0,0,0,0,0,0,0,0,0,0,0,0,0,0,0,0,0,0,0,0,0,0,0,0,0,0,0,0,0,0,0,0,0,0,0,0,0,0,0,0,
2,8_4,10_55_41,1.2472,0,0,0,1.247246,,2.229,0.60724,-2.133,39.90719,71.45086,0,0.0000,0.0000,0.0000,0.0000,0.0000,0.0000,0,0,,,,,,,0,0,0,0,0,0,0,0,0,0,0,0,0,0,0,0,0,0,0,0,0,0,0,0,0,0,0,0,0,0,0,0,0,0,0,0,0,0,0,0,0,0,0,0,0,0,0,0,0,0,0,
2,8_4,10_55_41,1.2516,0,0,0,1.251646,,2.229,0.60724,-2.133,40.01734,70.5708,0,0.0000,0.0000,0.0000,0.0000,0.0000,0.0000,0,0,,,,,,,0,0,0,0,0,0,0,0,0,0,0,0,0,0,0,0,0,0,0,0,0,0,0,0,0,0,0,0,0,0,0,0,0,0,0,0,0,0,0,0,0,0,0,0,0,0,0,0,0,0,0,
2,8_4,10_55_41,1.2563,0,0,0,1.256306,,2.229,0.60724,-2.133,40.08706,69.82528,0,0.0000,0.0000,0.0000,0.0000,0.0000,0.0000,0,0,,,,,,,0,0,0,0,0,0,0,0,0,0,0,0,0,0,0,0,0,0,0,0,0,0,0,0,0,0,0,0,0,0,0,0,0,0,0,0,0,0,0,0,0,0,0,0,0,0,0,0,0,0,0,
2,8_4,10_55_41,1.2607,0,0,0,1.260728,,2.229,0.60724,-2.133,40.17558,69.07341,2.234802E-06,0.0000,0.0000,0.0000,0.0000,0.0000,0.0000,0,0,,,,,,,0,0,0,0,0,0,0,0,0,0,0,0,0,0,0,0,0,0,0,0,0,0,0,0,0,0,0,0,0,0,0,0,0,0,0,0,0,0,0,0,0,0,0,0,0,0,0,0,0,0,0,
2,8_4,10_55_41,1.2655,0,0,0,1.265483,,2.229,0.60724,-2.133,40.27066,68.21755,0,0.0000,0.0000,0.0000,0.0000,0.0000,0.0000,0,0,,,,,,,0,0,0,0,0,0,0,0,0,0,0,0,0,0,0,0,0,0,0,0,0,0,0,0,0,0,0,0,0,0,0,0,0,0,0,0,0,0,0,0,0,0,0,0,0,0,0,0,0,0,0,
2,8_4,10_55_41,1.2699,0,0,0,1.269883,,2.229,0.60724,-2.133,40.31459,67.66754,-2.239396E-06,0.0000,0.0000,0.0000,0.0000,0.0000,0.0000,0,0,,,,,,,0,0,0,0,0,0,0,0,0,0,0,0,0,0,0,0,0,0,0,0,0,0,0,0,0,0,0,0,0,0,0,0,0,0,0,0,0,0,0,0,0,0,0,0,0,0,0,0,0,0,0,
2,8_4,10_55_41,1.2748,0,0,0,1.274808,,2.229,0.60724,-2.133,40.36399,66.92884,0,0.0000,0.0000,0.0000,0.0000,0.0000,0.0000,0,0,,,,,,,0,0,0,0,0,0,0,0,0,0,0,0,0,0,0,0,0,0,0,0,0,0,0,0,0,0,0,0,0,0,0,0,0,0,0,0,0,0,0,0,0,0,0,0,0,0,0,0,0,0,0,
2,8_4,10_55_41,1.2795,0,0,0,1.279493,,2.229,0.60724,-2.133,40.45776,66.36663,0,0.0000,0.0000,0.0000,0.0000,0.0000,0.0000,0,0,,,,,,,0,0,0,0,0,0,0,0,0,0,0,0,0,0,0,0,0,0,0,0,0,0,0,0,0,0,0,0,0,0,0,0,0,0,0,0,0,0,0,0,0,0,0,0,0,0,0,0,0,0,0,
2,8_4,10_55_41,1.2839,0,0,0,1.283862,,2.229,0.60724,-2.133,40.50146,65.77694,2.245622E-06,0.0000,0.0000,0.0000,0.0000,0.0000,0.0000,0,0,,,,,,,0,0,0,0,0,0,0,0,0,0,0,0,0,0,0,0,0,0,0,0,0,0,0,0,0,0,0,0,0,0,0,0,0,0,0,0,0,0,0,0,0,0,0,0,0,0,0,0,0,0,0,
2,8_4,10_55_41,1.2882,0,0,0,1.288238,,2.229,0.60724,-2.133,40.52332,65.36118,2.246354E-06,0.0000,0.0000,0.0000,0.0000,0.0000,0.0000,0,0,,,,,,,0,0,0,0,0,0,0,0,0,0,0,0,0,0,0,0,0,0,0,0,0,0,0,0,0,0,0,0,0,0,0,0,0,0,0,0,0,0,0,0,0,0,0,0,0,0,0,0,0,0,0,
2,8_4,10_55_41,1.2927,0,0,0,1.292725,,2.229,0.60724,-2.133,40.56835,64.86755,2.247865E-06,0.0000,0.0000,0.0000,0.0000,0.0000,0.0000,0,0,,,,,,,0,0,0,0,0,0,0,0,0,0,0,0,0,0,0,0,0,0,0,0,0,0,0,0,0,0,0,0,0,0,0,0,0,0,0,0,0,0,0,0,0,0,0,0,0,0,0,0,0,0,0,
2,8_4,10_55_41,1.2968,0,0,0,1.296826,,2.229,0.60724,-2.133,40.62976,64.49854,0,0.0000,0.0000,0.0000,0.0000,0.0000,0.0000,0,0,,,,,,,0,0,0,0,0,0,0,0,0,0,0,0,0,0,0,0,0,0,0,0,0,0,0,0,0,0,0,0,0,0,0,0,0,0,0,0,0,0,0,0,0,0,0,0,0,0,0,0,0,0,0,
2,8_4,10_55_41,1.3013,0,0,0,1.301262,,2.229,0.60724,-2.133,40.67435,64.12147,0,0.0000,0.0000,0.0000,0.0000,0.0000,0.0000,0,0,,,,,,,0,0,0,0,0,0,0,0,0,0,0,0,0,0,0,0,0,0,0,0,0,0,0,0,0,0,0,0,0,0,0,0,0,0,0,0,0,0,0,0,0,0,0,0,0,0,0,0,0,0,0,
2,8_4,10_55_41,1.3053,0,0,0,1.305283,,2.229,0.60724,-2.133,40.69424,63.71936,0,0.0000,0.0000,0.0000,0.0000,0.0000,0.0000,0,0,,,,,,,0,0,0,0,0,0,0,0,0,0,0,0,0,0,0,0,0,0,0,0,0,0,0,0,0,0,0,0,0,0,0,0,0,0,0,0,0,0,0,0,0,0,0,0,0,0,0,0,0,0,0,
2,8_4,10_55_41,1.3098,0,0,0,1.309791,,2.229,0.60724,-2.133,40.71675,63.35873,0,0.0000,0.0000,0.0000,0.0000,0.0000,0.0000,0,0,,,,,,,0,0,0,0,0,0,0,0,0,0,0,0,0,0,0,0,0,0,0,0,0,0,0,0,0,0,0,0,0,0,0,0,0,0,0,0,0,0,0,0,0,0,0,0,0,0,0,0,0,0,0,
2,8_4,10_55_41,1.3139,0,0,0,1.313852,,2.229,0.60724,-2.133,40.73708,63.05416,0,0.0000,0.0000,0.0000,0.0000,0.0000,0.0000,0,0,,,,,,,0,0,0,0,0,0,0,0,0,0,0,0,0,0,0,0,0,0,0,0,0,0,0,0,0,0,0,0,0,0,0,0,0,0,0,0,0,0,0,0,0,0,0,0,0,0,0,0,0,0,0,
2,8_4,10_55_41,1.3181,0,0,0,1.318105,,2.229,0.60724,-2.133,40.80068,62.71396,0,0.0000,0.0000,0.0000,0.0000,0.0000,0.0000,0,0,,,,,,,0,0,0,0,0,0,0,0,0,0,0,0,0,0,0,0,0,0,0,0,0,0,0,0,0,0,0,0,0,0,0,0,0,0,0,0,0,0,0,0,0,0,0,0,0,0,0,0,0,0,0,
2,8_4,10_55_41,1.3222,0,0,0,1.322187,,2.229,0.60724,-2.133,40.84155,62.36692,-2.257105E-06,0.0000,0.0000,0.0000,0.0000,0.0000,0.0000,0,0,,,,,,,0,0,0,0,0,0,0,0,0,0,0,0,0,0,0,0,0,0,0,0,0,0,0,0,0,0,0,0,0,0,0,0,0,0,0,0,0,0,0,0,0,0,0,0,0,0,0,0,0,0,0,
2,8_4,10_55_41,1.3262,0,0,0,1.326225,,2.229,0.60724,-2.133,40.84156,62.14486,0,0.0000,0.0000,0.0000,0.0000,0.0000,0.0000,0,0,,,,,,,0,0,0,0,0,0,0,0,0,0,0,0,0,0,0,0,0,0,0,0,0,0,0,0,0,0,0,0,0,0,0,0,0,0,0,0,0,0,0,0,0,0,0,0,0,0,0,0,0,0,0,
2,8_4,10_55_41,1.3305,0,0,0,1.330459,,2.229,0.60724,-2.133,40.86276,61.7426,2.257827E-06,0.0000,0.0000,0.0000,0.0000,0.0000,0.0000,0,0,,,,,,,0,0,0,0,0,0,0,0,0,0,0,0,0,0,0,0,0,0,0,0,0,0,0,0,0,0,0,0,0,0,0,0,0,0,0,0,0,0,0,0,0,0,0,0,0,0,0,0,0,0,0,
2,8_4,10_55_41,1.3344,0,0,0,1.334442,,2.229,0.60724,-2.133,40.88287,61.52359,0,0.0000,0.0000,0.0000,0.0000,0.0000,0.0000,0,0,,,,,,,0,0,0,0,0,0,0,0,0,0,0,0,0,0,0,0,0,0,0,0,0,0,0,0,0,0,0,0,0,0,0,0,0,0,0,0,0,0,0,0,0,0,0,0,0,0,0,0,0,0,0,
2,8_4,10_55_41,1.3384,0,0,0,1.338424,,2.229,0.60724,-2.133,40.88285,61.18509,0,0.0000,0.0000,0.0000,0.0000,0.0000,0.0000,0,0,,,,,,,0,0,0,0,0,0,0,0,0,0,0,0,0,0,0,0,0,0,0,0,0,0,0,0,0,0,0,0,0,0,0,0,0,0,0,0,0,0,0,0,0,0,0,0,0,0,0,0,0,0,0,
2,8_4,10_55_41,1.3426,0,0,0,1.342631,,2.229,0.60724,-2.133,40.88286,60.86959,2.258513E-06,0.0000,0.0000,0.0000,0.0000,0.0000,0.0000,0,0,,,,,,,0,0,0,0,0,0,0,0,0,0,0,0,0,0,0,0,0,0,0,0,0,0,0,0,0,0,0,0,0,0,0,0,0,0,0,0,0,0,0,0,0,0,0,0,0,0,0,0,0,0,0,
2,8_4,10_55_41,1.3471,0,0,0,1.347102,,2.229,0.60724,-2.133,40.86035,60.5566,0,0.0000,0.0000,0.0000,0.0000,0.0000,0.0000,0,0,,,,,,,0,0,0,0,0,0,0,0,0,0,0,0,0,0,0,0,0,0,0,0,0,0,0,0,0,0,0,0,0,0,0,0,0,0,0,0,0,0,0,0,0,0,0,0,0,0,0,0,0,0,0,
2,8_4,10_55_41,1.3517,0,0,0,1.351674,,2.229,0.60724,-2.133,40.81467,60.14515,0,0.0000,0.0000,0.0000,0.0000,0.0000,0.0000,0,0,,,,,,,0,0,0,0,0,0,0,0,0,0,0,0,0,0,0,0,0,0,0,0,0,0,0,0,0,0,0,0,0,0,0,0,0,0,0,0,0,0,0,0,0,0,0,0,0,0,0,0,0,0,0,
2,8_4,10_55_41,1.3558,0,0,0,1.355799,,2.229,0.60724,-2.133,40.75282,59.81512,0,0.0000,0.0000,0.0000,0.0000,0.0000,0.0000,0,0,,,,,,,0,0,0,0,0,0,0,0,0,0,0,0,0,0,0,0,0,0,0,0,0,0,0,0,0,0,0,0,0,0,0,0,0,0,0,0,0,0,0,0,0,0,0,0,0,0,0,0,0,0,0,
2,8_4,10_55_41,1.3600,0,0,0,1.359974,,2.229,0.60724,-2.133,40.71107,59.48114,-2.252676E-06,0.0000,0.0000,0.0000,0.0000,0.0000,0.0000,0,0,,,,,,,0,0,0,0,0,0,0,0,0,0,0,0,0,0,0,0,0,0,0,0,0,0,0,0,0,0,0,0,0,0,0,0,0,0,0,0,0,0,0,0,0,0,0,0,0,0,0,0,0,0,0,
2,8_4,10_55_41,1.3641,0,0,0,1.364053,,2.229,0.60724,-2.133,40.64987,59.13439,0,0.0000,0.0000,0.0000,0.0000,0.0000,0.0000,0,0,,,,,,,0,0,0,0,0,0,0,0,0,0,0,0,0,0,0,0,0,0,0,0,0,0,0,0,0,0,0,0,0,0,0,0,0,0,0,0,0,0,0,0,0,0,0,0,0,0,0,0,0,0,0,
2,8_4,10_55_41,1.3681,0,0,0,1.368126,,2.229,0.60724,-2.133,40.56835,58.80856,0,0.0000,0.0000,0.0000,0.0000,0.0000,0.0000,0,0,,,,,,,0,0,0,0,0,0,0,0,0,0,0,0,0,0,0,0,0,0,0,0,0,0,0,0,0,0,0,0,0,0,0,0,0,0,0,0,0,0,0,0,0,0,0,0,0,0,0,0,0,0,0,
2,8_4,10_55_41,1.3737,0,0,0,1.373747,,2.229,0.60724,-2.133,40.42781,58.07779,0,0.0000,0.0000,0.0000,0.0000,0.0000,0.0000,0,0,,,,,,,0,0,0,0,0,0,0,0,0,0,0,0,0,0,0,0,0,0,0,0,0,0,0,0,0,0,0,0,0,0,0,0,0,0,0,0,0,0,0,0,0,0,0,0,0,0,0,0,0,0,0,
2,8_4,10_55_41,1.3779,0,0,0,1.377927,,2.229,0.60724,-2.133,40.32312,57.70153,0,0.0000,0.0000,0.0000,0.0000,0.0000,0.0000,0,0,,,,,,,0,0,0,0,0,0,0,0,0,0,0,0,0,0,0,0,0,0,0,0,0,0,0,0,0,0,0,0,0,0,0,0,0,0,0,0,0,0,0,0,0,0,0,0,0,0,0,0,0,0,0,
2,8_4,10_55_41,1.3820,0,0,0,1.382001,,2.229,0.60724,-2.133,40.22148,57.3145,0,0.0000,0.0000,0.0000,0.0000,0.0000,0.0000,0,0,,,,,,,0,0,0,0,0,0,0,0,0,0,0,0,0,0,0,0,0,0,0,0,0,0,0,0,0,0,0,0,0,0,0,0,0,0,0,0,0,0,0,0,0,0,0,0,0,0,0,0,0,0,0,
2,8_4,10_55_41,1.3862,0,0,0,1.386229,,2.229,0.60724,-2.133,40.09472,56.87059,-2.232144E-06,0.0000,0.0000,0.0000,0.0000,0.0000,0.0000,0,0,,,,,,,0,0,0,0,0,0,0,0,0,0,0,0,0,0,0,0,0,0,0,0,0,0,0,0,0,0,0,0,0,0,0,0,0,0,0,0,0,0,0,0,0,0,0,0,0,0,0,0,0,0,0,
2,8_4,10_55_41,1.3909,0,0,0,1.390859,,2.229,0.60724,-2.133,39.90937,56.29183,2.226093E-06,0.0000,0.0000,0.0000,0.0000,0.0000,0.0000,0,0,,,,,,,0,0,0,0,0,0,0,0,0,0,0,0,0,0,0,0,0,0,0,0,0,0,0,0,0,0,0,0,0,0,0,0,0,0,0,0,0,0,0,0,0,0,0,0,0,0,0,0,0,0,0,
2,8_4,10_55_41,1.3955,0,0,0,1.395512,,2.229,0.60724,-2.133,39.72337,55.64034,0,0.0000,0.0000,0.0000,0.0000,0.0000,0.0000,0,0,,,,,,,0,0,0,0,0,0,0,0,0,0,0,0,0,0,0,0,0,0,0,0,0,0,0,0,0,0,0,0,0,0,0,0,0,0,0,0,0,0,0,0,0,0,0,0,0,0,0,0,0,0,0,
2,8_4,10_55_41,1.3999,0,0,0,1.399897,,2.229,0.60724,-2.133,39.61365,55.15796,0,0.0000,0.0000,0.0000,0.0000,0.0000,0.0000,0,0,,,,,,,0,0,0,0,0,0,0,0,0,0,0,0,0,0,0,0,0,0,0,0,0,0,0,0,0,0,0,0,0,0,0,0,0,0,0,0,0,0,0,0,0,0,0,0,0,0,0,0,0,0,0,
2,8_4,10_55_41,1.4055,0,0,0,1.405458,,2.229,0.60724,-2.133,39.4471,54.37949,0,0.0000,0.0000,0.0000,0.0000,0.0000,0.0000,0,0,,,,,,,0,0,0,0,0,0,0,0,0,0,0,0,0,0,0,0,0,0,0,0,0,0,0,0,0,0,0,0,0,0,0,0,0,0,0,0,0,0,0,0,0,0,0,0,0,0,0,0,0,0,0,
2,8_4,10_55_41,1.4100,0,0,0,1.409979,,2.229,0.60724,-2.133,39.35662,53.74652,2.208376E-06,0.0000,0.0000,0.0000,0.0000,0.0000,0.0000,0,0,,,,,,,0,0,0,0,0,0,0,0,0,0,0,0,0,0,0,0,0,0,0,0,0,0,0,0,0,0,0,0,0,0,0,0,0,0,0,0,0,0,0,0,0,0,0,0,0,0,0,0,0,0,0,
2,8_4,10_55_41,1.4146,0,0,0,1.414597,,2.229,0.60724,-2.133,39.3105,53.12317,-2.20692E-06,0.0000,0.0000,0.0000,0.0000,0.0000,0.0000,0,0,,,,,,,0,0,0,0,0,0,0,0,0,0,0,0,0,0,0,0,0,0,0,0,0,0,0,0,0,0,0,0,0,0,0,0,0,0,0,0,0,0,0,0,0,0,0,0,0,0,0,0,0,0,0,
2,8_4,10_55_41,1.4194,0,0,0,1.419381,,2.229,0.60724,-2.133,39.23881,52.62085,0,0.0000,0.0000,0.0000,0.0000,0.0000,0.0000,0,0,,,,,,,0,0,0,0,0,0,0,0,0,0,0,0,0,0,0,0,0,0,0,0,0,0,0,0,0,0,0,0,0,0,0,0,0,0,0,0,0,0,0,0,0,0,0,0,0,0,0,0,0,0,0,
2,8_4,10_55_41,1.4237,0,0,0,1.423658,,2.229,0.60724,-2.133,39.19598,52.0434,0,0.0000,0.0000,0.0000,0.0000,0.0000,0.0000,0,0,,,,,,,0,0,0,0,0,0,0,0,0,0,0,0,0,0,0,0,0,0,0,0,0,0,0,0,0,0,0,0,0,0,0,0,0,0,0,0,0,0,0,0,0,0,0,0,0,0,0,0,0,0,0,
2,8_4,10_55_41,1.4273,0,0,0,1.427323,,2.229,0.60724,-2.133,39.19597,51.65856,2.203318E-06,0.0000,0.0000,0.0000,0.0000,0.0000,0.0000,0,0,,,,,,,0,0,0,0,0,0,0,0,0,0,0,0,0,0,0,0,0,0,0,0,0,0,0,0,0,0,0,0,0,0,0,0,0,0,0,0,0,0,0,0,0,0,0,0,0,0,0,0,0,0,0,
2,8_4,10_55_41,1.4315,0,0,0,1.431541,,2.229,0.60724,-2.133,39.17499,51.21574,0,0.0000,0.0000,0.0000,0.0000,0.0000,0.0000,0,0,,,,,,,0,0,0,0,0,0,0,0,0,0,0,0,0,0,0,0,0,0,0,0,0,0,0,0,0,0,0,0,0,0,0,0,0,0,0,0,0,0,0,0,0,0,0,0,0,0,0,0,0,0,0,
2,8_4,10_55_41,1.4356,0,0,0,1.435583,,2.229,0.60724,-2.133,39.17499,50.77107,0,0.0000,0.0000,0.0000,0.0000,0.0000,0.0000,0,0,,,,,,,0,0,0,0,0,0,0,0,0,0,0,0,0,0,0,0,0,0,0,0,0,0,0,0,0,0,0,0,0,0,0,0,0,0,0,0,0,0,0,0,0,0,0,0,0,0,0,0,0,0,0,
2,8_4,10_55_41,1.4395,0,0,0,1.439481,,2.229,0.60724,-2.133,39.17498,50.38121,1.10133E-06,0.0000,0.0000,0.0000,0.0000,0.0000,0.0000,0,0,,,,,,,0,0,0,0,0,0,0,0,0,0,0,0,0,0,0,0,0,0,0,0,0,0,0,0,0,0,0,0,0,0,0,0,0,0,0,0,0,0,0,0,0,0,0,0,0,0,0,0,0,0,0,
2,8_4,10_55_41,1.4432,0,0,0,1.443201,,2.229,0.60724,-2.133,39.17498,50.38121,1.10133E-06,0.0000,0.0000,0.0000,0.0000,0.0000,0.0000,0,0,,,,,,,0,0,0,0,0,0,0,0,0,0,0,0,0,0,0,0,0,0,0,0,0,0,0,0,0,0,0,0,0,0,0,0,0,0,0,0,0,0,0,0,0,0,0,0,0,0,0,0,0,0,0,
2,8_4,10_55_41,1.4473,0,0,0,1.447333,,2.229,0.60724,-2.133,39.2163,49.65819,1.101978E-06,0.0000,0.0000,0.0000,0.0000,0.0000,0.0000,0,0,,,,,,,0,0,0,0,0,0,0,0,0,0,0,0,0,0,0,0,0,0,0,0,0,0,0,0,0,0,0,0,0,0,0,0,0,0,0,0,0,0,0,0,0,0,0,0,0,0,0,0,0,0,0,
2,8_4,10_55_41,1.4514,0,0,0,1.451382,,2.229,0.60724,-2.133,39.23663,49.23308,-1.102297E-06,0.0000,0.0000,0.0000,0.0000,0.0000,0.0000,0,0,,,,,,,0,0,0,0,0,0,0,0,0,0,0,0,0,0,0,0,0,0,0,0,0,0,0,0,0,0,0,0,0,0,0,0,0,0,0,0,0,0,0,0,0,0,0,0,0,0,0,0,0,0,0,
2,8_4,10_55_41,1.4548,0,0,0,1.454825,,2.229,0.60724,-2.133,39.23662,48.83709,0,0.0000,0.0000,0.0000,0.0000,0.0000,0.0000,0,0,,,,,,,0,0,0,0,0,0,0,0,0,0,0,0,0,0,0,0,0,0,0,0,0,0,0,0,0,0,0,0,0,0,0,0,0,0,0,0,0,0,0,0,0,0,0,0,0,0,0,0,0,0,0,
2,8_4,10_55_41,1.4583,0,0,0,1.458284,,2.229,0.60724,-2.133,39.23662,48.47389,0,0.0000,0.0000,0.0000,0.0000,0.0000,0.0000,0,0,,,,,,,0,0,0,0,0,0,0,0,0,0,0,0,0,0,0,0,0,0,0,0,0,0,0,0,0,0,0,0,0,0,0,0,0,0,0,0,0,0,0,0,0,0,0,0,0,0,0,0,0,0,0,
2,8_4,10_55_41,1.4618,0,0,0,1.461831,,2.229,0.60724,-2.133,39.23662,48.47389,0,0.0000,0.0000,0.0000,0.0000,0.0000,0.0000,0,0,,,,,,,0,0,0,0,0,0,0,0,0,0,0,0,0,0,0,0,0,0,0,0,0,0,0,0,0,0,0,0,0,0,0,0,0,0,0,0,0,0,0,0,0,0,0,0,0,0,0,0,0,0,0,
2,8_4,10_55_41,1.4654,0,0,0,1.465401,,2.229,0.60724,-2.133,39.23662,47.68842,0,0.0000,0.0000,0.0000,0.0000,0.0000,0.0000,0,0,,,,,,,0,0,0,0,0,0,0,0,0,0,0,0,0,0,0,0,0,0,0,0,0,0,0,0,0,0,0,0,0,0,0,0,0,0,0,0,0,0,0,0,0,0,0,0,0,0,0,0,0,0,0,
2,8_4,10_55_41,1.4699,0,0,0,1.469888,,2.229,0.60724,-2.133,39.16909,47.12763,-1.101238E-06,0.0000,0.0000,0.0000,0.0000,0.0000,0.0000,0,0,,,,,,,0,0,0,0,0,0,0,0,0,0,0,0,0,0,0,0,0,0,0,0,0,0,0,0,0,0,0,0,0,0,0,0,0,0,0,0,0,0,0,0,0,0,0,0,0,0,0,0,0,0,0,
2,8_4,10_55_41,1.4739,0,0,0,1.473904,,2.229,0.60724,-2.133,39.1492,46.58537,0,0.0000,0.0000,0.0000,0.0000,0.0000,0.0000,0,0,,,,,,,0,0,0,0,0,0,0,0,0,0,0,0,0,0,0,0,0,0,0,0,0,0,0,0,0,0,0,0,0,0,0,0,0,0,0,0,0,0,0,0,0,0,0,0,0,0,0,0,0,0,0,
2,8_4,10_55_41,1.4780,0,0,0,1.47796,,2.229,0.60724,-2.133,39.12887,46.05813,-1.100609E-06,0.0000,0.0000,0.0000,0.0000,0.0000,0.0000,0,0,,,,,,,0,0,0,0,0,0,0,0,0,0,0,0,0,0,0,0,0,0,0,0,0,0,0,0,0,0,0,0,0,0,0,0,0,0,0,0,0,0,0,0,0,0,0,0,0,0,0,0,0,0,0,
2,8_4,10_55_41,1.4816,0,0,0,1.481582,,2.229,0.60724,-2.133,39.12887,45.551,1.100609E-06,0.0000,0.0000,0.0000,0.0000,0.0000,0.0000,0,0,,,,,,,0,0,0,0,0,0,0,0,0,0,0,0,0,0,0,0,0,0,0,0,0,0,0,0,0,0,0,0,0,0,0,0,0,0,0,0,0,0,0,0,0,0,0,0,0,0,0,0,0,0,0,
2,8_4,10_55_41,1.4859,0,0,0,1.485908,,2.229,0.60724,-2.133,39.10723,44.88055,1.100271E-06,0.0000,0.0000,0.0000,0.0000,0.0000,0.0000,0,0,,,,,,,0,0,0,0,0,0,0,0,0,0,0,0,0,0,0,0,0,0,0,0,0,0,0,0,0,0,0,0,0,0,0,0,0,0,0,0,0,0,0,0,0,0,0,0,0,0,0,0,0,0,0,
2,8_4,10_55_41,1.4893,0,0,0,1.489346,,2.229,0.60724,-2.133,39.10722,44.36479,-2.200542E-06,0.0000,0.0000,0.0000,0.0000,0.0000,0.0000,0,0,,,,,,,0,0,0,0,0,0,0,0,0,0,0,0,0,0,0,0,0,0,0,0,0,0,0,0,0,0,0,0,0,0,0,0,0,0,0,0,0,0,0,0,0,0,0,0,0,0,0,0,0,0,0,
2,8_4,10_55_41,1.4929,0,0,0,1.492902,,2.229,0.60724,-2.133,39.10723,43.92029,0,0.0000,0.0000,0.0000,0.0000,0.0000,0.0000,0,0,,,,,,,0,0,0,0,0,0,0,0,0,0,0,0,0,0,0,0,0,0,0,0,0,0,0,0,0,0,0,0,0,0,0,0,0,0,0,0,0,0,0,0,0,0,0,0,0,0,0,0,0,0,0,
2,8_4,10_55_41,1.4965,0,0,0,1.496472,,2.229,0.60724,-2.133,39.10723,43.92029,0,0.0000,0.0000,0.0000,0.0000,0.0000,0.0000,0,0,,,,,,,0,0,0,0,0,0,0,0,0,0,0,0,0,0,0,0,0,0,0,0,0,0,0,0,0,0,0,0,0,0,0,0,0,0,0,0,0,0,0,0,0,0,0,0,0,0,0,0,0,0,0,
2,8_4,10_55_41,1.5019,0,0,0,1.501884,,2.229,0.60724,-2.133,39.08013,42.0263,1.099848E-06,0.0000,0.0000,0.0000,0.0000,0.0000,0.0000,0,0,,,,,,,0,0,0,0,0,0,0,0,0,0,0,0,0,0,0,0,0,0,0,0,0,0,0,0,0,0,0,0,0,0,0,0,0,0,0,0,0,0,0,0,0,0,0,0,0,0,0,0,0,0,0,
2,8_4,10_55_41,1.5061,0,0,0,1.506103,,2.229,0.60724,-2.133,39.05915,41.33022,1.099521E-06,0.0000,0.0000,0.0000,0.0000,0.0000,0.0000,0,0,,,,,,,0,0,0,0,0,0,0,0,0,0,0,0,0,0,0,0,0,0,0,0,0,0,0,0,0,0,0,0,0,0,0,0,0,0,0,0,0,0,0,0,0,0,0,0,0,0,0,0,0,0,0,
2,8_4,10_55_41,1.5095,0,0,0,1.509528,,2.229,0.60724,-2.133,39.05914,40.81637,-1.099521E-06,0.0000,0.0000,0.0000,0.0000,0.0000,0.0000,0,0,,,,,,,0,0,0,0,0,0,0,0,0,0,0,0,0,0,0,0,0,0,0,0,0,0,0,0,0,0,0,0,0,0,0,0,0,0,0,0,0,0,0,0,0,0,0,0,0,0,0,0,0,0,0,
2,8_4,10_55_41,1.5137,0,0,0,1.513697,,2.229,0.60724,-2.133,39.05915,40.19112,1.099521E-06,0.0000,0.0000,0.0000,0.0000,0.0000,0.0000,0,0,,,,,,,0,0,0,0,0,0,0,0,0,0,0,0,0,0,0,0,0,0,0,0,0,0,0,0,0,0,0,0,0,0,0,0,0,0,0,0,0,0,0,0,0,0,0,0,0,0,0,0,0,0,0,
2,8_4,10_55_41,1.5173,0,0,0,1.517343,,2.229,0.60724,-2.133,39.05915,40.19112,1.099521E-06,0.0000,0.0000,0.0000,0.0000,0.0000,0.0000,0,0,,,,,,,0,0,0,0,0,0,0,0,0,0,0,0,0,0,0,0,0,0,0,0,0,0,0,0,0,0,0,0,0,0,0,0,0,0,0,0,0,0,0,0,0,0,0,0,0,0,0,0,0,0,0,
2,8_4,10_55_41,1.5208,0,0,0,1.520793,,2.229,0.60724,-2.133,39.05915,39.29395,2.199042E-06,0.0000,0.0000,0.0000,0.0000,0.0000,0.0000,0,0,,,,,,,0,0,0,0,0,0,0,0,0,0,0,0,0,0,0,0,0,0,0,0,0,0,0,0,0,0,0,0,0,0,0,0,0,0,0,0,0,0,0,0,0,0,0,0,0,0,0,0,0,0,0,
2,8_4,10_55_41,1.5249,0,0,0,1.524876,,2.229,0.60724,-2.133,39.09981,38.72235,1.100155E-06,0.0000,0.0000,0.0000,0.0000,0.0000,0.0000,0,0,,,,,,,0,0,0,0,0,0,0,0,0,0,0,0,0,0,0,0,0,0,0,0,0,0,0,0,0,0,0,0,0,0,0,0,0,0,0,0,0,0,0,0,0,0,0,0,0,0,0,0,0,0,0,
2,8_4,10_55_41,1.5290,0,0,0,1.529006,,2.229,0.60724,-2.133,39.14111,38.16483,-1.1008E-06,0.0000,0.0000,0.0000,0.0000,0.0000,0.0000,0,0,,,,,,,0,0,0,0,0,0,0,0,0,0,0,0,0,0,0,0,0,0,0,0,0,0,0,0,0,0,0,0,0,0,0,0,0,0,0,0,0,0,0,0,0,0,0,0,0,0,0,0,0,0,0,
2,8_4,10_55_41,1.5330,0,0,0,1.532984,,2.229,0.60724,-2.133,39.16078,37.66755,-1.101108E-06,0.0000,0.0000,0.0000,0.0000,0.0000,0.0000,0,0,,,,,,,0,0,0,0,0,0,0,0,0,0,0,0,0,0,0,0,0,0,0,0,0,0,0,0,0,0,0,0,0,0,0,0,0,0,0,0,0,0,0,0,0,0,0,0,0,0,0,0,0,0,0,
2,8_4,10_55_41,1.5369,0,0,0,1.536937,,2.229,0.60724,-2.133,39.18067,37.19326,1.101419E-06,0.0000,0.0000,0.0000,0.0000,0.0000,0.0000,0,0,,,,,,,0,0,0,0,0,0,0,0,0,0,0,0,0,0,0,0,0,0,0,0,0,0,0,0,0,0,0,0,0,0,0,0,0,0,0,0,0,0,0,0,0,0,0,0,0,0,0,0,0,0,0,
2,8_4,10_55_41,1.5408,0,0,0,1.540799,,2.229,0.60724,-2.133,39.19991,36.76842,-1.101721E-06,0.0000,0.0000,0.0000,0.0000,0.0000,0.0000,0,0,,,,,,,0,0,0,0,0,0,0,0,0,0,0,0,0,0,0,0,0,0,0,0,0,0,0,0,0,0,0,0,0,0,0,0,0,0,0,0,0,0,0,0,0,0,0,0,0,0,0,0,0,0,0,
2,8_4,10_55_41,1.5444,0,0,0,1.544406,,2.229,0.60724,-2.133,39.19991,36.40779,1.101721E-06,0.0000,0.0000,0.0000,0.0000,0.0000,0.0000,0,0,,,,,,,0,0,0,0,0,0,0,0,0,0,0,0,0,0,0,0,0,0,0,0,0,0,0,0,0,0,0,0,0,0,0,0,0,0,0,0,0,0,0,0,0,0,0,0,0,0,0,0,0,0,0,
2,8_4,10_55_41,1.5482,0,0,0,1.548219,,2.229,0.60724,-2.133,39.19991,36.04546,1.101721E-06,0.0000,0.0000,0.0000,0.0000,0.0000,0.0000,0,0,,,,,,,0,0,0,0,0,0,0,0,0,0,0,0,0,0,0,0,0,0,0,0,0,0,0,0,0,0,0,0,0,0,0,0,0,0,0,0,0,0,0,0,0,0,0,0,0,0,0,0,0,0,0,
2,8_4,10_55_41,1.5517,0,0,0,1.551743,,2.229,0.60724,-2.133,39.19991,36.04546,1.101721E-06,0.0000,0.0000,0.0000,0.0000,0.0000,0.0000,0,0,,,,,,,0,0,0,0,0,0,0,0,0,0,0,0,0,0,0,0,0,0,0,0,0,0,0,0,0,0,0,0,0,0,0,0,0,0,0,0,0,0,0,0,0,0,0,0,0,0,0,0,0,0,0,
2,8_4,10_55_41,1.5552,0,0,0,1.555168,,2.229,0.60724,-2.133,39.19991,35.60019,0,0.0000,0.0000,0.0000,0.0000,0.0000,0.0000,0,0,,,,,,,0,0,0,0,0,0,0,0,0,0,0,0,0,0,0,0,0,0,0,0,0,0,0,0,0,0,0,0,0,0,0,0,0,0,0,0,0,0,0,0,0,0,0,0,0,0,0,0,0,0,0,
2,8_4,10_55_41,1.5589,0,0,0,1.558909,,2.229,0.60724,-2.133,39.18111,35.31961,0,0.0000,0.0000,0.0000,0.0000,0.0000,0.0000,0,0,,,,,,,0,0,0,0,0,0,0,0,0,0,0,0,0,0,0,0,0,0,0,0,0,0,0,0,0,0,0,0,0,0,0,0,0,0,0,0,0,0,0,0,0,0,0,0,0,0,0,0,0,0,0,
2,8_4,10_55_41,1.5630,0,0,0,1.562972,,2.229,0.60724,-2.133,39.14067,35.0554,-1.100793E-06,0.0000,0.0000,0.0000,0.0000,0.0000,0.0000,0,0,,,,,,,0,0,0,0,0,0,0,0,0,0,0,0,0,0,0,0,0,0,0,0,0,0,0,0,0,0,0,0,0,0,0,0,0,0,0,0,0,0,0,0,0,0,0,0,0,0,0,0,0,0,0,
2,8_4,10_55_41,1.5670,0,0,0,1.566957,,2.229,0.60724,-2.133,39.06112,34.83629,0,0.0000,0.0000,0.0000,0.0000,0.0000,0.0000,0,0,,,,,,,0,0,0,0,0,0,0,0,0,0,0,0,0,0,0,0,0,0,0,0,0,0,0,0,0,0,0,0,0,0,0,0,0,0,0,0,0,0,0,0,0,0,0,0,0,0,0,0,0,0,0,
2,8_4,10_55_41,1.5709,0,0,0,1.570876,,2.229,0.60724,-2.133,39.02177,34.67952,-1.09894E-06,0.0000,0.0000,0.0000,0.0000,0.0000,0.0000,0,0,,,,,,,0,0,0,0,0,0,0,0,0,0,0,0,0,0,0,0,0,0,0,0,0,0,0,0,0,0,0,0,0,0,0,0,0,0,0,0,0,0,0,0,0,0,0,0,0,0,0,0,0,0,0,
2,8_4,10_55_41,1.5769,0,0,0,1.576924,,2.229,0.60724,-2.133,38.84036,34.31665,0,0.0000,0.0000,0.0000,0.0000,0.0000,0.0000,0,0,,,,,,,0,0,0,0,0,0,0,0,0,0,0,0,0,0,0,0,0,0,0,0,0,0,0,0,0,0,0,0,0,0,0,0,0,0,0,0,0,0,0,0,0,0,0,0,0,0,0,0,0,0,0,
2,8_4,10_55_41,1.5812,0,0,0,1.581193,,2.229,0.60724,-2.133,38.77633,34.20989,-1.095148E-06,0.0000,0.0000,0.0000,0.0000,0.0000,0.0000,0,0,,,,,,,0,0,0,0,0,0,0,0,0,0,0,0,0,0,0,0,0,0,0,0,0,0,0,0,0,0,0,0,0,0,0,0,0,0,0,0,0,0,0,0,0,0,0,0,0,0,0,0,0,0,0,
2,8_4,10_55_41,1.5854,0,0,0,1.585412,,2.229,0.60724,-2.133,38.69196,34.08339,0,0.0000,0.0000,0.0000,0.0000,0.0000,0.0000,0,0,,,,,,,0,0,0,0,0,0,0,0,0,0,0,0,0,0,0,0,0,0,0,0,0,0,0,0,0,0,0,0,0,0,0,0,0,0,0,0,0,0,0,0,0,0,0,0,0,0,0,0,0,0,0,
2,8_4,10_55_41,1.5896,0,0,0,1.589647,,2.229,0.60724,-2.133,38.58595,33.97749,-1.092238E-06,0.0000,0.0000,0.0000,0.0000,0.0000,0.0000,0,0,,,,,,,0,0,0,0,0,0,0,0,0,0,0,0,0,0,0,0,0,0,0,0,0,0,0,0,0,0,0,0,0,0,0,0,0,0,0,0,0,0,0,0,0,0,0,0,0,0,0,0,0,0,0,
2,8_4,10_55_41,1.5938,0,0,0,1.593767,,2.229,0.60724,-2.133,38.50333,33.89509,0,0.0000,0.0000,0.0000,0.0000,0.0000,0.0000,0,0,,,,,,,0,0,0,0,0,0,0,0,0,0,0,0,0,0,0,0,0,0,0,0,0,0,0,0,0,0,0,0,0,0,0,0,0,0,0,0,0,0,0,0,0,0,0,0,0,0,0,0,0,0,0,
2,8_4,10_55_41,1.5989,0,0,0,1.598851,,2.229,0.60724,-2.133,38.35078,33.74253,0,0.0000,0.0000,0.0000,0.0000,0.0000,0.0000,0,0,,,,,,,0,0,0,0,0,0,0,0,0,0,0,0,0,0,0,0,0,0,0,0,0,0,0,0,0,0,0,0,0,0,0,0,0,0,0,0,0,0,0,0,0,0,0,0,0,0,0,0,0,0,0,
2,8_4,10_55_41,1.6032,0,0,0,1.603226,,2.229,0.60724,-2.133,38.26335,33.65506,0,0.0000,0.0000,0.0000,0.0000,0.0000,0.0000,0,0,,,,,,,0,0,0,0,0,0,0,0,0,0,0,0,0,0,0,0,0,0,0,0,0,0,0,0,0,0,0,0,0,0,0,0,0,0,0,0,0,0,0,0,0,0,0,0,0,0,0,0,0,0,0,
2,8_4,10_55_41,1.6082,0,0,0,1.608238,,2.229,0.60724,-2.133,38.13811,33.50468,0,0.0000,0.0000,0.0000,0.0000,0.0000,0.0000,0,0,,,,,,,0,0,0,0,0,0,0,0,0,0,0,0,0,0,0,0,0,0,0,0,0,0,0,0,0,0,0,0,0,0,0,0,0,0,0,0,0,0,0,0,0,0,0,0,0,0,0,0,0,0,0,
2,8_4,10_55_41,1.6123,0,0,0,1.612262,,2.229,0.60724,-2.133,38.03756,33.40414,-1.08401E-06,0.0000,0.0000,0.0000,0.0000,0.0000,0.0000,0,0,,,,,,,0,0,0,0,0,0,0,0,0,0,0,0,0,0,0,0,0,0,0,0,0,0,0,0,0,0,0,0,0,0,0,0,0,0,0,0,0,0,0,0,0,0,0,0,0,0,0,0,0,0,0,
2,8_4,10_55_41,1.6162,0,0,0,1.616247,,2.229,0.60724,-2.133,37.95801,33.30453,0,0.0000,0.0000,0.0000,0.0000,0.0000,0.0000,0,0,,,,,,,0,0,0,0,0,0,0,0,0,0,0,0,0,0,0,0,0,0,0,0,0,0,0,0,0,0,0,0,0,0,0,0,0,0,0,0,0,0,0,0,0,0,0,0,0,0,0,0,0,0,0,
2,8_4,10_55_41,1.6204,0,0,0,1.620404,,2.229,0.60724,-2.133,37.85397,33.2006,-1.081305E-06,0.0000,0.0000,0.0000,0.0000,0.0000,0.0000,0,0,,,,,,,0,0,0,0,0,0,0,0,0,0,0,0,0,0,0,0,0,0,0,0,0,0,0,0,0,0,0,0,0,0,0,0,0,0,0,0,0,0,0,0,0,0,0,0,0,0,0,0,0,0,0,
2,8_4,10_55_41,1.6249,0,0,0,1.62486,,2.229,0.60724,-2.133,37.72021,33.02242,1.079349E-06,0.0000,0.0000,0.0000,0.0000,0.0000,0.0000,0,0,,,,,,,0,0,0,0,0,0,0,0,0,0,0,0,0,0,0,0,0,0,0,0,0,0,0,0,0,0,0,0,0,0,0,0,0,0,0,0,0,0,0,0,0,0,0,0,0,0,0,0,0,0,0,
2,8_4,10_55_41,1.6296,0,0,0,1.629568,,2.229,0.60724,-2.133,37.5788,32.83406,0,0.0000,0.0000,0.0000,0.0000,0.0000,0.0000,0,0,,,,,,,0,0,0,0,0,0,0,0,0,0,0,0,0,0,0,0,0,0,0,0,0,0,0,0,0,0,0,0,0,0,0,0,0,0,0,0,0,0,0,0,0,0,0,0,0,0,0,0,0,0,0,
2,8_4,10_55_41,1.6339,0,0,0,1.633941,,2.229,0.60724,-2.133,37.49137,32.65911,0,0.0000,0.0000,0.0000,0.0000,0.0000,0.0000,0,0,,,,,,,0,0,0,0,0,0,0,0,0,0,0,0,0,0,0,0,0,0,0,0,0,0,0,0,0,0,0,0,0,0,0,0,0,0,0,0,0,0,0,0,0,0,0,0,0,0,0,0,0,0,0,
2,8_4,10_55_41,1.6392,0,0,0,1.639182,,2.229,0.60724,-2.133,37.33423,32.44945,1.073779E-06,0.0000,0.0000,0.0000,0.0000,0.0000,0.0000,0,0,,,,,,,0,0,0,0,0,0,0,0,0,0,0,0,0,0,0,0,0,0,0,0,0,0,0,0,0,0,0,0,0,0,0,0,0,0,0,0,0,0,0,0,0,0,0,0,0,0,0,0,0,0,0,
2,8_4,10_55_41,1.6431,0,0,0,1.64309,,2.229,0.60724,-2.133,37.25598,32.29317,2.145325E-06,0.0000,0.0000,0.0000,0.0000,0.0000,0.0000,0,0,,,,,,,0,0,0,0,0,0,0,0,0,0,0,0,0,0,0,0,0,0,0,0,0,0,0,0,0,0,0,0,0,0,0,0,0,0,0,0,0,0,0,0,0,0,0,0,0,0,0,0,0,0,0,
2,8_4,10_55_41,1.6475,0,0,0,1.647516,,2.229,0.60724,-2.133,37.10123,32.02761,0,0.0000,0.0000,0.0000,0.0000,0.0000,0.0000,0,0,,,,,,,0,0,0,0,0,0,0,0,0,0,0,0,0,0,0,0,0,0,0,0,0,0,0,0,0,0,0,0,0,0,0,0,0,0,0,0,0,0,0,0,0,0,0,0,0,0,0,0,0,0,0,
2,8_4,10_55_41,1.6520,0,0,0,1.651955,,2.229,0.60724,-2.133,36.96835,31.85003,0,0.0000,0.0000,0.0000,0.0000,0.0000,0.0000,0,0,,,,,,,0,0,0,0,0,0,0,0,0,0,0,0,0,0,0,0,0,0,0,0,0,0,0,0,0,0,0,0,0,0,0,0,0,0,0,0,0,0,0,0,0,0,0,0,0,0,0,0,0,0,0,
2,8_4,10_55_41,1.6562,0,0,0,1.656249,,2.229,0.60724,-2.133,36.88223,31.63534,1.067389E-06,0.0000,0.0000,0.0000,0.0000,0.0000,0.0000,0,0,,,,,,,0,0,0,0,0,0,0,0,0,0,0,0,0,0,0,0,0,0,0,0,0,0,0,0,0,0,0,0,0,0,0,0,0,0,0,0,0,0,0,0,0,0,0,0,0,0,0,0,0,0,0,
2,8_4,10_55_41,1.6602,0,0,0,1.660223,,2.229,0.60724,-2.133,36.76311,31.41677,0,0.0000,0.0000,0.0000,0.0000,0.0000,0.0000,0,0,,,,,,,0,0,0,0,0,0,0,0,0,0,0,0,0,0,0,0,0,0,0,0,0,0,0,0,0,0,0,0,0,0,0,0,0,0,0,0,0,0,0,0,0,0,0,0,0,0,0,0,0,0,0,
2,8_4,10_55_41,1.6642,0,0,0,1.664242,,2.229,0.60724,-2.133,36.64246,31.19569,0,0.0000,0.0000,0.0000,0.0000,0.0000,0.0000,0,0,,,,,,,0,0,0,0,0,0,0,0,0,0,0,0,0,0,0,0,0,0,0,0,0,0,0,0,0,0,0,0,0,0,0,0,0,0,0,0,0,0,0,0,0,0,0,0,0,0,0,0,0,0,0,
2,8_4,10_55_41,1.6682,0,0,0,1.668198,,2.229,0.60724,-2.133,36.524,30.93849,-1.062426E-06,0.0000,0.0000,0.0000,0.0000,0.0000,0.0000,0,0,,,,,,,0,0,0,0,0,0,0,0,0,0,0,0,0,0,0,0,0,0,0,0,0,0,0,0,0,0,0,0,0,0,0,0,0,0,0,0,0,0,0,0,0,0,0,0,0,0,0,0,0,0,0,
2,8_4,10_55_41,1.6732,0,0,0,1.673214,,2.229,0.60724,-2.133,36.27309,30.41181,-1.059001E-06,0.0000,0.0000,0.0000,0.0000,0.0000,0.0000,0,0,,,,,,,0,0,0,0,0,0,0,0,0,0,0,0,0,0,0,0,0,0,0,0,0,0,0,0,0,0,0,0,0,0,0,0,0,0,0,0,0,0,0,0,0,0,0,0,0,0,0,0,0,0,0,
2,8_4,10_55_41,1.6772,0,0,0,1.677242,,2.229,0.60724,-2.133,36.11201,30.06954,1.056825E-06,0.0000,0.0000,0.0000,0.0000,0.0000,0.0000,0,0,,,,,,,0,0,0,0,0,0,0,0,0,0,0,0,0,0,0,0,0,0,0,0,0,0,0,0,0,0,0,0,0,0,0,0,0,0,0,0,0,0,0,0,0,0,0,0,0,0,0,0,0,0,0,
2,8_4,10_55_41,1.6814,0,0,0,1.681437,,2.229,0.60724,-2.133,35.88142,29.5241,0,0.0000,0.0000,0.0000,0.0000,0.0000,0.0000,0,0,,,,,,,0,0,0,0,0,0,0,0,0,0,0,0,0,0,0,0,0,0,0,0,0,0,0,0,0,0,0,0,0,0,0,0,0,0,0,0,0,0,0,0,0,0,0,0,0,0,0,0,0,0,0,
2,8_4,10_55_41,1.6864,0,0,0,1.686399,,2.229,0.60724,-2.133,35.70766,29.02796,0,0.0000,0.0000,0.0000,0.0000,0.0000,0.0000,0,0,,,,,,,0,0,0,0,0,0,0,0,0,0,0,0,0,0,0,0,0,0,0,0,0,0,0,0,0,0,0,0,0,0,0,0,0,0,0,0,0,0,0,0,0,0,0,0,0,0,0,0,0,0,0,
2,8_4,10_55_41,1.6918,0,0,0,1.691769,,2.229,0.60724,-2.133,35.38549,28.16866,-1.047222E-06,0.0000,0.0000,0.0000,0.0000,0.0000,0.0000,0,0,,,,,,,0,0,0,0,0,0,0,0,0,0,0,0,0,0,0,0,0,0,0,0,0,0,0,0,0,0,0,0,0,0,0,0,0,0,0,0,0,0,0,0,0,0,0,0,0,0,0,0,0,0,0,
2,8_4,10_55_41,1.6964,0,0,0,1.69636,,2.229,0.60724,-2.133,35.20189,27.64077,0,0.0000,0.0000,0.0000,0.0000,0.0000,0.0000,0,0,,,,,,,0,0,0,0,0,0,0,0,0,0,0,0,0,0,0,0,0,0,0,0,0,0,0,0,0,0,0,0,0,0,0,0,0,0,0,0,0,0,0,0,0,0,0,0,0,0,0,0,0,0,0,
2,8_4,10_55_41,1.7368,0,0,0,1.736779,,2.229,0.60724,-2.133,16.00283,334.086,0,0.0000,0.0000,0.0000,0.0000,0.0000,0.0000,0,0,,,,,,,0,0,0,0,0,0,0,0,0,0,0,0,0,0,0,0,0,0,0,0,0,0,0,0,0,0,0,0,0,0,0,0,0,0,0,0,0,0,0,0,0,0,0,0,0,0,0,0,0,0,0,
2,8_4,10_55_41,1.7410,0,0,0,1.740967,,2.229,0.60724,-2.133,15.77246,333.4158,0,0.0000,0.0000,0.0000,0.0000,0.0000,0.0000,0,0,,,,,,,0,0,0,0,0,0,0,0,0,0,0,0,0,0,0,0,0,0,0,0,0,0,0,0,0,0,0,0,0,0,0,0,0,0,0,0,0,0,0,0,0,0,0,0,0,0,0,0,0,0,0,
2,8_4,10_55_41,1.7453,0,0,0,1.745259,,2.229,0.60724,-2.133,15.49336,332.6219,-4.429843E-07,0.0000,0.0000,0.0000,0.0000,0.0000,0.0000,0,0,,,,,,,0,0,0,0,0,0,0,0,0,0,0,0,0,0,0,0,0,0,0,0,0,0,0,0,0,0,0,0,0,0,0,0,0,0,0,0,0,0,0,0,0,0,0,0,0,0,0,0,0,0,0,
2,8_4,10_55_41,1.7489,0,0,0,1.748925,,2.229,0.60724,-2.133,15.36506,332.2002,0,0.0000,0.0000,0.0000,0.0000,0.0000,0.0000,0,0,,,,,,,0,0,0,0,0,0,0,0,0,0,0,0,0,0,0,0,0,0,0,0,0,0,0,0,0,0,0,0,0,0,0,0,0,0,0,0,0,0,0,0,0,0,0,0,0,0,0,0,0,0,0,
2,8_4,10_55_41,1.7524,0,0,0,1.752423,,2.229,0.60724,-2.133,15.1725,331.6581,0,0.0000,0.0000,0.0000,0.0000,0.0000,0.0000,0,0,,,,,,,0,0,0,0,0,0,0,0,0,0,0,0,0,0,0,0,0,0,0,0,0,0,0,0,0,0,0,0,0,0,0,0,0,0,0,0,0,0,0,0,0,0,0,0,0,0,0,0,0,0,0,
2,8_4,10_55_41,1.7558,0,0,0,1.75578,,2.229,0.60724,-2.133,15.1725,331.6581,0,0.0000,0.0000,0.0000,0.0000,0.0000,0.0000,0,0,,,,,,,0,0,0,0,0,0,0,0,0,0,0,0,0,0,0,0,0,0,0,0,0,0,0,0,0,0,0,0,0,0,0,0,0,0,0,0,0,0,0,0,0,0,0,0,0,0,0,0,0,0,0,
2,8_4,10_55_41,1.7592,0,0,0,1.75921,,2.229,0.60724,-2.133,14.84662,330.7835,0,0.0000,0.0000,0.0000,0.0000,0.0000,0.0000,0,0,,,,,,,0,0,0,0,0,0,0,0,0,0,0,0,0,0,0,0,0,0,0,0,0,0,0,0,0,0,0,0,0,0,0,0,0,0,0,0,0,0,0,0,0,0,0,0,0,0,0,0,0,0,0,
2,8_4,10_55_41,1.7626,0,0,0,1.762583,,2.229,0.60724,-2.133,14.72859,330.4462,4.413905E-07,0.0000,0.0000,0.0000,0.0000,0.0000,0.0000,0,0,,,,,,,0,0,0,0,0,0,0,0,0,0,0,0,0,0,0,0,0,0,0,0,0,0,0,0,0,0,0,0,0,0,0,0,0,0,0,0,0,0,0,0,0,0,0,0,0,0,0,0,0,0,0,
2,8_4,10_55_41,1.7664,0,0,0,1.76636,,2.229,0.60724,-2.133,14.72859,330.4462,4.413905E-07,0.0000,0.0000,0.0000,0.0000,0.0000,0.0000,0,0,,,,,,,0,0,0,0,0,0,0,0,0,0,0,0,0,0,0,0,0,0,0,0,0,0,0,0,0,0,0,0,0,0,0,0,0,0,0,0,0,0,0,0,0,0,0,0,0,0,0,0,0,0,0,
2,8_4,10_55_41,1.7699,0,0,0,1.769932,,2.229,0.60724,-2.133,14.33561,329.5889,0,0.0000,0.0000,0.0000,0.0000,0.0000,0.0000,0,0,,,,,,,0,0,0,0,0,0,0,0,0,0,0,0,0,0,0,0,0,0,0,0,0,0,0,0,0,0,0,0,0,0,0,0,0,0,0,0,0,0,0,0,0,0,0,0,0,0,0,0,0,0,0,
2,8_4,10_55_41,1.7739,0,0,0,1.773864,,2.229,0.60724,-2.133,14.06043,329.0187,-4.400713E-07,0.0000,0.0000,0.0000,0.0000,0.0000,0.0000,0,0,,,,,,,0,0,0,0,0,0,0,0,0,0,0,0,0,0,0,0,0,0,0,0,0,0,0,0,0,0,0,0,0,0,0,0,0,0,0,0,0,0,0,0,0,0,0,0,0,0,0,0,0,0,0,
2,8_4,10_55_41,1.7789,0,0,0,1.778872,,2.229,0.60724,-2.133,14.06043,329.0187,-4.400713E-07,0.0000,0.0000,0.0000,0.0000,0.0000,0.0000,0,0,,,,,,,0,0,0,0,0,0,0,0,0,0,0,0,0,0,0,0,0,0,0,0,0,0,0,0,0,0,0,0,0,0,0,0,0,0,0,0,0,0,0,0,0,0,0,0,0,0,0,0,0,0,0,
2,8_4,10_55_41,1.7822,0,0,0,1.782246,,2.229,0.60724,-2.133,13.53762,328.0402,0,0.0000,0.0000,0.0000,0.0000,0.0000,0.0000,0,0,,,,,,,0,0,0,0,0,0,0,0,0,0,0,0,0,0,0,0,0,0,0,0,0,0,0,0,0,0,0,0,0,0,0,0,0,0,0,0,0,0,0,0,0,0,0,0,0,0,0,0,0,0,0,
2,8_4,10_55_41,1.7862,0,0,0,1.78616,,2.229,0.60724,-2.133,13.32234,327.6683,2.193462E-07,0.0000,0.0000,0.0000,0.0000,0.0000,0.0000,0,0,,,,,,,0,0,0,0,0,0,0,0,0,0,0,0,0,0,0,0,0,0,0,0,0,0,0,0,0,0,0,0,0,0,0,0,0,0,0,0,0,0,0,0,0,0,0,0,0,0,0,0,0,0,0,
2,8_4,10_55_41,1.7902,0,0,0,1.790242,,2.229,0.60724,-2.133,13.32234,327.6683,2.193462E-07,0.0000,0.0000,0.0000,0.0000,0.0000,0.0000,0,0,,,,,,,0,0,0,0,0,0,0,0,0,0,0,0,0,0,0,0,0,0,0,0,0,0,0,0,0,0,0,0,0,0,0,0,0,0,0,0,0,0,0,0,0,0,0,0,0,0,0,0,0,0,0,
2,8_4,10_55_41,1.7940,0,0,0,1.794026,,2.229,0.60724,-2.133,12.71669,326.6654,0,0.0000,0.0000,0.0000,0.0000,0.0000,0.0000,0,0,,,,,,,0,0,0,0,0,0,0,0,0,0,0,0,0,0,0,0,0,0,0,0,0,0,0,0,0,0,0,0,0,0,0,0,0,0,0,0,0,0,0,0,0,0,0,0,0,0,0,0,0,0,0,
2,8_4,10_55_41,1.7976,0,0,0,1.79759,,2.229,0.60724,-2.133,12.43168,326.1844,0,0.0000,0.0000,0.0000,0.0000,0.0000,0.0000,0,0,,,,,,,0,0,0,0,0,0,0,0,0,0,0,0,0,0,0,0,0,0,0,0,0,0,0,0,0,0,0,0,0,0,0,0,0,0,0,0,0,0,0,0,0,0,0,0,0,0,0,0,0,0,0,
2,8_4,10_55_41,1.8016,0,0,0,1.801551,,2.229,0.60724,-2.133,12.43168,326.1844,0,0.0000,0.0000,0.0000,0.0000,0.0000,0.0000,0,0,,,,,,,0,0,0,0,0,0,0,0,0,0,0,0,0,0,0,0,0,0,0,0,0,0,0,0,0,0,0,0,0,0,0,0,0,0,0,0,0,0,0,0,0,0,0,0,0,0,0,0,0,0,0,
2,8_4,10_55_41,1.8052,0,0,0,1.805162,,2.229,0.60724,-2.133,11.87171,325.2816,-2.181086E-07,0.0000,0.0000,0.0000,0.0000,0.0000,0.0000,0,0,,,,,,,0,0,0,0,0,0,0,0,0,0,0,0,0,0,0,0,0,0,0,0,0,0,0,0,0,0,0,0,0,0,0,0,0,0,0,0,0,0,0,0,0,0,0,0,0,0,0,0,0,0,0,
2,8_4,10_55_41,1.8087,0,0,0,1.808714,,2.229,0.60724,-2.133,11.6232,324.9264,2.17912E-07,0.0000,0.0000,0.0000,0.0000,0.0000,0.0000,0,0,,,,,,,0,0,0,0,0,0,0,0,0,0,0,0,0,0,0,0,0,0,0,0,0,0,0,0,0,0,0,0,0,0,0,0,0,0,0,0,0,0,0,0,0,0,0,0,0,0,0,0,0,0,0,
2,8_4,10_55_41,1.8126,0,0,0,1.812626,,2.229,0.60724,-2.133,11.6232,324.9264,2.17912E-07,0.0000,0.0000,0.0000,0.0000,0.0000,0.0000,0,0,,,,,,,0,0,0,0,0,0,0,0,0,0,0,0,0,0,0,0,0,0,0,0,0,0,0,0,0,0,0,0,0,0,0,0,0,0,0,0,0,0,0,0,0,0,0,0,0,0,0,0,0,0,0,
2,8_4,10_55_41,1.8165,0,0,0,1.816503,,2.229,0.60724,-2.133,10.98368,323.8796,-4.348526E-07,0.0000,0.0000,0.0000,0.0000,0.0000,0.0000,0,0,,,,,,,0,0,0,0,0,0,0,0,0,0,0,0,0,0,0,0,0,0,0,0,0,0,0,0,0,0,0,0,0,0,0,0,0,0,0,0,0,0,0,0,0,0,0,0,0,0,0,0,0,0,0,
2,8_4,10_55_41,1.8204,0,0,0,1.820386,,2.229,0.60724,-2.133,10.61474,323.336,-4.343188E-07,0.0000,0.0000,0.0000,0.0000,0.0000,0.0000,0,0,,,,,,,0,0,0,0,0,0,0,0,0,0,0,0,0,0,0,0,0,0,0,0,0,0,0,0,0,0,0,0,0,0,0,0,0,0,0,0,0,0,0,0,0,0,0,0,0,0,0,0,0,0,0,
2,8_4,10_55_41,1.8238,0,0,0,1.823827,,2.229,0.60724,-2.133,10.61474,323.336,-4.343188E-07,0.0000,0.0000,0.0000,0.0000,0.0000,0.0000,0,0,,,,,,,0,0,0,0,0,0,0,0,0,0,0,0,0,0,0,0,0,0,0,0,0,0,0,0,0,0,0,0,0,0,0,0,0,0,0,0,0,0,0,0,0,0,0,0,0,0,0,0,0,0,0,
2,8_4,10_55_41,1.8275,0,0,0,1.827489,,2.229,0.60724,-2.133,10.08362,322.5119,0,0.0000,0.0000,0.0000,0.0000,0.0000,0.0000,0,0,,,,,,,0,0,0,0,0,0,0,0,0,0,0,0,0,0,0,0,0,0,0,0,0,0,0,0,0,0,0,0,0,0,0,0,0,0,0,0,0,0,0,0,0,0,0,0,0,0,0,0,0,0,0,
2,8_4,10_55_41,1.8313,0,0,0,1.831312,,2.229,0.60724,-2.133,9.758835,321.9958,0,0.0000,0.0000,0.0000,0.0000,0.0000,0.0000,0,0,,,,,,,0,0,0,0,0,0,0,0,0,0,0,0,0,0,0,0,0,0,0,0,0,0,0,0,0,0,0,0,0,0,0,0,0,0,0,0,0,0,0,0,0,0,0,0,0,0,0,0,0,0,0,
2,8_4,10_55_41,1.8352,0,0,0,1.835219,,2.229,0.60724,-2.133,9.758835,321.9958,0,0.0000,0.0000,0.0000,0.0000,0.0000,0.0000,0,0,,,,,,,0,0,0,0,0,0,0,0,0,0,0,0,0,0,0,0,0,0,0,0,0,0,0,0,0,0,0,0,0,0,0,0,0,0,0,0,0,0,0,0,0,0,0,0,0,0,0,0,0,0,0,
2,8_4,10_55_41,1.8395,0,0,0,1.839474,,2.229,0.60724,-2.133,9.035383,320.9106,-2.161252E-07,0.0000,0.0000,0.0000,0.0000,0.0000,0.0000,0,0,,,,,,,0,0,0,0,0,0,0,0,0,0,0,0,0,0,0,0,0,0,0,0,0,0,0,0,0,0,0,0,0,0,0,0,0,0,0,0,0,0,0,0,0,0,0,0,0,0,0,0,0,0,0,
2,8_4,10_55_41,1.8433,0,0,0,1.843347,,2.229,0.60724,-2.133,8.725456,320.446,-2.159426E-07,0.0000,0.0000,0.0000,0.0000,0.0000,0.0000,0,0,,,,,,,0,0,0,0,0,0,0,0,0,0,0,0,0,0,0,0,0,0,0,0,0,0,0,0,0,0,0,0,0,0,0,0,0,0,0,0,0,0,0,0,0,0,0,0,0,0,0,0,0,0,0,
2,8_4,10_55_41,1.8471,0,0,0,1.847073,,2.229,0.60724,-2.133,8.725456,320.446,-2.159426E-07,0.0000,0.0000,0.0000,0.0000,0.0000,0.0000,0,0,,,,,,,0,0,0,0,0,0,0,0,0,0,0,0,0,0,0,0,0,0,0,0,0,0,0,0,0,0,0,0,0,0,0,0,0,0,0,0,0,0,0,0,0,0,0,0,0,0,0,0,0,0,0,
2,8_4,10_55_41,1.8507,0,0,0,1.850652,,2.229,0.60724,-2.133,8.20658,319.6765,-2.156517E-07,0.0000,0.0000,0.0000,0.0000,0.0000,0.0000,0,0,,,,,,,0,0,0,0,0,0,0,0,0,0,0,0,0,0,0,0,0,0,0,0,0,0,0,0,0,0,0,0,0,0,0,0,0,0,0,0,0,0,0,0,0,0,0,0,0,0,0,0,0,0,0,
2,8_4,10_55_41,1.8544,0,0,0,1.854401,,2.229,0.60724,-2.133,7.906707,319.2455,0,0.0000,0.0000,0.0000,0.0000,0.0000,0.0000,0,0,,,,,,,0,0,0,0,0,0,0,0,0,0,0,0,0,0,0,0,0,0,0,0,0,0,0,0,0,0,0,0,0,0,0,0,0,0,0,0,0,0,0,0,0,0,0,0,0,0,0,0,0,0,0,
2,8_4,10_55_41,1.8580,0,0,0,1.857996,,2.229,0.60724,-2.133,7.906707,319.2455,0,0.0000,0.0000,0.0000,0.0000,0.0000,0.0000,0,0,,,,,,,0,0,0,0,0,0,0,0,0,0,0,0,0,0,0,0,0,0,0,0,0,0,0,0,0,0,0,0,0,0,0,0,0,0,0,0,0,0,0,0,0,0,0,0,0,0,0,0,0,0,0,
2,8_4,10_55_41,1.8622,0,0,0,1.862246,,2.229,0.60724,-2.133,7.26937,318.3954,2.151729E-07,0.0000,0.0000,0.0000,0.0000,0.0000,0.0000,0,0,,,,,,,0,0,0,0,0,0,0,0,0,0,0,0,0,0,0,0,0,0,0,0,0,0,0,0,0,0,0,0,0,0,0,0,0,0,0,0,0,0,0,0,0,0,0,0,0,0,0,0,0,0,0,
2,8_4,10_55_41,1.8714,0,0,0,1.871354,,2.229,0.60724,-2.133,5.493083,315.9362,0,0.0000,0.0000,0.0000,0.0000,0.0000,0.0000,0,0,,,,,,,0,0,0,0,0,0,0,0,0,0,0,0,0,0,0,0,0,0,0,0,0,0,0,0,0,0,0,0,0,0,0,0,0,0,0,0,0,0,0,0,0,0,0,0,0,0,0,0,0,0,0,
2,8_4,10_55_41,1.8749,0,0,0,1.874913,,2.229,0.60724,-2.133,5.493083,315.9362,0,0.0000,0.0000,0.0000,0.0000,0.0000,0.0000,0,0,,,,,,,0,0,0,0,0,0,0,0,0,0,0,0,0,0,0,0,0,0,0,0,0,0,0,0,0,0,0,0,0,0,0,0,0,0,0,0,0,0,0,0,0,0,0,0,0,0,0,0,0,0,0,
2,8_4,10_55_41,1.8784,0,0,0,1.878392,,2.229,0.60724,-2.133,5.023385,315.3448,0,0.0000,0.0000,0.0000,0.0000,0.0000,0.0000,0,0,,,,,,,0,0,0,0,0,0,0,0,0,0,0,0,0,0,0,0,0,0,0,0,0,0,0,0,0,0,0,0,0,0,0,0,0,0,0,0,0,0,0,0,0,0,0,0,0,0,0,0,0,0,0,
2,8_4,10_55_41,1.8819,0,0,0,1.881858,,2.229,0.60724,-2.133,4.850061,315.0848,0,0.0000,0.0000,0.0000,0.0000,0.0000,0.0000,0,0,,,,,,,0,0,0,0,0,0,0,0,0,0,0,0,0,0,0,0,0,0,0,0,0,0,0,0,0,0,0,0,0,0,0,0,0,0,0,0,0,0,0,0,0,0,0,0,0,0,0,0,0,0,0,
2,8_4,10_55_41,1.8857,0,0,0,1.88569,,2.229,0.60724,-2.133,4.850061,315.0848,0,0.0000,0.0000,0.0000,0.0000,0.0000,0.0000,0,0,,,,,,,0,0,0,0,0,0,0,0,0,0,0,0,0,0,0,0,0,0,0,0,0,0,0,0,0,0,0,0,0,0,0,0,0,0,0,0,0,0,0,0,0,0,0,0,0,0,0,0,0,0,0,
2,8_4,10_55_41,1.8893,0,0,0,1.889285,,2.229,0.60724,-2.133,4.346922,314.4557,0,0.0000,0.0000,0.0000,0.0000,0.0000,0.0000,0,0,,,,,,,0,0,0,0,0,0,0,0,0,0,0,0,0,0,0,0,0,0,0,0,0,0,0,0,0,0,0,0,0,0,0,0,0,0,0,0,0,0,0,0,0,0,0,0,0,0,0,0,0,0,0,
2,8_4,10_55_41,1.8933,0,0,0,1.893283,,2.229,0.60724,-2.133,4.087048,314.1559,0,0.0000,0.0000,0.0000,0.0000,0.0000,0.0000,0,0,,,,,,,0,0,0,0,0,0,0,0,0,0,0,0,0,0,0,0,0,0,0,0,0,0,0,0,0,0,0,0,0,0,0,0,0,0,0,0,0,0,0,0,0,0,0,0,0,0,0,0,0,0,0,
2,8_4,10_55_41,1.8969,0,0,0,1.896867,,2.229,0.60724,-2.133,4.087048,314.1559,0,0.0000,0.0000,0.0000,0.0000,0.0000,0.0000,0,0,,,,,,,0,0,0,0,0,0,0,0,0,0,0,0,0,0,0,0,0,0,0,0,0,0,0,0,0,0,0,0,0,0,0,0,0,0,0,0,0,0,0,0,0,0,0,0,0,0,0,0,0,0,0,
2,8_4,10_55_41,1.9002,0,0,0,1.900219,,2.229,0.60724,-2.133,3.701715,313.7033,0,0.0000,0.0000,0.0000,0.0000,0.0000,0.0000,0,0,,,,,,,0,0,0,0,0,0,0,0,0,0,0,0,0,0,0,0,0,0,0,0,0,0,0,0,0,0,0,0,0,0,0,0,0,0,0,0,0,0,0,0,0,0,0,0,0,0,0,0,0,0,0,
2,8_4,10_55_41,1.9038,0,0,0,1.903764,,2.229,0.60724,-2.133,3.577569,313.5438,0,0.0000,0.0000,0.0000,0.0000,0.0000,0.0000,0,0,,,,,,,0,0,0,0,0,0,0,0,0,0,0,0,0,0,0,0,0,0,0,0,0,0,0,0,0,0,0,0,0,0,0,0,0,0,0,0,0,0,0,0,0,0,0,0,0,0,0,0,0,0,0,
2,8_4,10_55_41,1.9077,0,0,0,1.907731,,2.229,0.60724,-2.133,3.577569,313.5438,0,0.0000,0.0000,0.0000,0.0000,0.0000,0.0000,0,0,,,,,,,0,0,0,0,0,0,0,0,0,0,0,0,0,0,0,0,0,0,0,0,0,0,0,0,0,0,0,0,0,0,0,0,0,0,0,0,0,0,0,0,0,0,0,0,0,0,0,0,0,0,0,
2,8_4,10_55_41,1.9115,0,0,0,1.911487,,2.229,0.60724,-2.133,3.164261,313.093,-1.068847E-07,0.0000,0.0000,0.0000,0.0000,0.0000,0.0000,0,0,,,,,,,0,0,0,0,0,0,0,0,0,0,0,0,0,0,0,0,0,0,0,0,0,0,0,0,0,0,0,0,0,0,0,0,0,0,0,0,0,0,0,0,0,0,0,0,0,0,0,0,0,0,0,
2,8_4,10_55_41,1.9154,0,0,0,1.915369,,2.229,0.60724,-2.133,2.989627,312.8989,0,0.0000,0.0000,0.0000,0.0000,0.0000,0.0000,0,0,,,,,,,0,0,0,0,0,0,0,0,0,0,0,0,0,0,0,0,0,0,0,0,0,0,0,0,0,0,0,0,0,0,0,0,0,0,0,0,0,0,0,0,0,0,0,0,0,0,0,0,0,0,0,
2,8_4,10_55_41,1.9191,0,0,0,1.919135,,2.229,0.60724,-2.133,2.989627,312.8989,0,0.0000,0.0000,0.0000,0.0000,0.0000,0.0000,0,0,,,,,,,0,0,0,0,0,0,0,0,0,0,0,0,0,0,0,0,0,0,0,0,0,0,0,0,0,0,0,0,0,0,0,0,0,0,0,0,0,0,0,0,0,0,0,0,0,0,0,0,0,0,0,
2,8_4,10_55_41,1.9227,0,0,0,1.922739,,2.229,0.60724,-2.133,2.737183,312.6285,0,0.0000,0.0000,0.0000,0.0000,0.0000,0.0000,0,0,,,,,,,0,0,0,0,0,0,0,0,0,0,0,0,0,0,0,0,0,0,0,0,0,0,0,0,0,0,0,0,0,0,0,0,0,0,0,0,0,0,0,0,0,0,0,0,0,0,0,0,0,0,0,
2,8_4,10_55_41,1.9265,0,0,0,1.926543,,2.229,0.60724,-2.133,2.58528,312.4764,0,0.0000,0.0000,0.0000,0.0000,0.0000,0.0000,0,0,,,,,,,0,0,0,0,0,0,0,0,0,0,0,0,0,0,0,0,0,0,0,0,0,0,0,0,0,0,0,0,0,0,0,0,0,0,0,0,0,0,0,0,0,0,0,0,0,0,0,0,0,0,0,
2,8_4,10_55_41,1.9301,0,0,0,1.930091,,2.229,0.60724,-2.133,2.58528,312.4764,0,0.0000,0.0000,0.0000,0.0000,0.0000,0.0000,0,0,,,,,,,0,0,0,0,0,0,0,0,0,0,0,0,0,0,0,0,0,0,0,0,0,0,0,0,0,0,0,0,0,0,0,0,0,0,0,0,0,0,0,0,0,0,0,0,0,0,0,0,0,0,0,
2,8_4,10_55_41,1.9337,0,0,0,1.933665,,2.229,0.60724,-2.133,2.370866,312.244,-5.340657E-08,0.0000,0.0000,0.0000,0.0000,0.0000,0.0000,0,0,,,,,,,0,0,0,0,0,0,0,0,0,0,0,0,0,0,0,0,0,0,0,0,0,0,0,0,0,0,0,0,0,0,0,0,0,0,0,0,0,0,0,0,0,0,0,0,0,0,0,0,0,0,0,
2,8_4,10_55_41,1.9371,0,0,0,1.937111,,2.229,0.60724,-2.133,2.284751,312.1752,-5.340331E-08,0.0000,0.0000,0.0000,0.0000,0.0000,0.0000,0,0,,,,,,,0,0,0,0,0,0,0,0,0,0,0,0,0,0,0,0,0,0,0,0,0,0,0,0,0,0,0,0,0,0,0,0,0,0,0,0,0,0,0,0,0,0,0,0,0,0,0,0,0,0,0,
2,8_4,10_55_41,1.9406,0,0,0,1.940636,,2.229,0.60724,-2.133,2.284751,312.1752,-5.340331E-08,0.0000,0.0000,0.0000,0.0000,0.0000,0.0000,0,0,,,,,,,0,0,0,0,0,0,0,0,0,0,0,0,0,0,0,0,0,0,0,0,0,0,0,0,0,0,0,0,0,0,0,0,0,0,0,0,0,0,0,0,0,0,0,0,0,0,0,0,0,0,0,
2,8_4,10_55_41,1.9448,0,0,0,1.944767,,2.229,0.60724,-2.133,2.098752,311.9274,-5.339667E-08,0.0000,0.0000,0.0000,0.0000,0.0000,0.0000,0,0,,,,,,,0,0,0,0,0,0,0,0,0,0,0,0,0,0,0,0,0,0,0,0,0,0,0,0,0,0,0,0,0,0,0,0,0,0,0,0,0,0,0,0,0,0,0,0,0,0,0,0,0,0,0,
2,8_4,10_55_41,1.9487,0,0,0,1.948677,,2.229,0.60724,-2.133,2.020723,311.8492,5.339405E-08,0.0000,0.0000,0.0000,0.0000,0.0000,0.0000,0,0,,,,,,,0,0,0,0,0,0,0,0,0,0,0,0,0,0,0,0,0,0,0,0,0,0,0,0,0,0,0,0,0,0,0,0,0,0,0,0,0,0,0,0,0,0,0,0,0,0,0,0,0,0,0,
2,8_4,10_55_41,1.9521,0,0,0,1.952126,,2.229,0.60724,-2.133,2.020723,311.8492,5.339405E-08,0.0000,0.0000,0.0000,0.0000,0.0000,0.0000,0,0,,,,,,,0,0,0,0,0,0,0,0,0,0,0,0,0,0,0,0,0,0,0,0,0,0,0,0,0,0,0,0,0,0,0,0,0,0,0,0,0,0,0,0,0,0,0,0,0,0,0,0,0,0,0,
2,8_4,10_55_41,1.9556,0,0,0,1.955571,,2.229,0.60724,-2.133,1.934608,311.7114,0,0.0000,0.0000,0.0000,0.0000,0.0000,0.0000,0,0,,,,,,,0,0,0,0,0,0,0,0,0,0,0,0,0,0,0,0,0,0,0,0,0,0,0,0,0,0,0,0,0,0,0,0,0,0,0,0,0,0,0,0,0,0,0,0,0,0,0,0,0,0,0,
2,8_4,10_55_41,1.9590,0,0,0,1.959034,,2.229,0.60724,-2.133,1.917123,311.6768,0,0.0000,0.0000,0.0000,0.0000,0.0000,0.0000,0,0,,,,,,,0,0,0,0,0,0,0,0,0,0,0,0,0,0,0,0,0,0,0,0,0,0,0,0,0,0,0,0,0,0,0,0,0,0,0,0,0,0,0,0,0,0,0,0,0,0,0,0,0,0,0,
2,8_4,10_55_41,1.9635,0,0,0,1.963547,,2.229,0.60724,-2.133,1.917123,311.6768,0,0.0000,0.0000,0.0000,0.0000,0.0000,0.0000,0,0,,,,,,,0,0,0,0,0,0,0,0,0,0,0,0,0,0,0,0,0,0,0,0,0,0,0,0,0,0,0,0,0,0,0,0,0,0,0,0,0,0,0,0,0,0,0,0,0,0,0,0,0,0,0,
2,8_4,10_55_41,1.9671,0,0,0,1.967143,,2.229,0.60724,-2.133,1.863356,311.6228,0,0.0000,0.0000,0.0000,0.0000,0.0000,0.0000,0,0,,,,,,,0,0,0,0,0,0,0,0,0,0,0,0,0,0,0,0,0,0,0,0,0,0,0,0,0,0,0,0,0,0,0,0,0,0,0,0,0,0,0,0,0,0,0,0,0,0,0,0,0,0,0,
2,8_4,10_55_41,1.9710,0,0,0,1.971036,,2.229,0.60724,-2.133,1.863356,311.6034,0,0.0000,0.0000,0.0000,0.0000,0.0000,0.0000,0,0,,,,,,,0,0,0,0,0,0,0,0,0,0,0,0,0,0,0,0,0,0,0,0,0,0,0,0,0,0,0,0,0,0,0,0,0,0,0,0,0,0,0,0,0,0,0,0,0,0,0,0,0,0,0,
2,8_4,10_55_41,1.9745,0,0,0,1.974499,,2.229,0.60724,-2.133,1.863356,311.6034,0,0.0000,0.0000,0.0000,0.0000,0.0000,0.0000,0,0,,,,,,,0,0,0,0,0,0,0,0,0,0,0,0,0,0,0,0,0,0,0,0,0,0,0,0,0,0,0,0,0,0,0,0,0,0,0,0,0,0,0,0,0,0,0,0,0,0,0,0,0,0,0,
2,8_4,10_55_41,1.9793,0,0,0,1.979349,,2.229,0.60724,-2.133,1.863356,311.6034,0,0.0000,0.0000,0.0000,0.0000,0.0000,0.0000,0,0,,,,,,,0,0,0,0,0,0,0,0,0,0,0,0,0,0,0,0,0,0,0,0,0,0,0,0,0,0,0,0,0,0,0,0,0,0,0,0,0,0,0,0,0,0,0,0,0,0,0,0,0,0,0,
2,8_4,10_55_41,1.9830,0,0,0,1.983034,,2.229,0.60724,-2.133,1.863356,311.6034,0,0.0000,0.0000,0.0000,0.0000,0.0000,0.0000,0,0,,,,,,,0,0,0,0,0,0,0,0,0,0,0,0,0,0,0,0,0,0,0,0,0,0,0,0,0,0,0,0,0,0,0,0,0,0,0,0,0,0,0,0,0,0,0,0,0,0,0,0,0,0,0,
2,8_4,10_55_41,1.9867,0,0,0,1.98671,,2.229,0.60724,-2.133,1.881497,311.6218,0,0.0000,0.0000,0.0000,0.0000,0.0000,0.0000,0,0,,,,,,,0,0,0,0,0,0,0,0,0,0,0,0,0,0,0,0,0,0,0,0,0,0,0,0,0,0,0,0,0,0,0,0,0,0,0,0,0,0,0,0,0,0,0,0,0,0,0,0,0,0,0,
2,8_4,10_55_41,1.9907,0,0,0,1.990675,,2.229,0.60724,-2.133,1.901386,311.6416,0,0.0000,0.0000,0.0000,0.0000,0.0000,0.0000,0,0,,,,,,,0,0,0,0,0,0,0,0,0,0,0,0,0,0,0,0,0,0,0,0,0,0,0,0,0,0,0,0,0,0,0,0,0,0,0,0,0,0,0,0,0,0,0,0,0,0,0,0,0,0,0,
2,8_4,10_55_41,1.9947,0,0,0,1.994664,,2.229,0.60724,-2.133,1.981163,311.7014,0,0.0000,0.0000,0.0000,0.0000,0.0000,0.0000,0,0,,,,,,,0,0,0,0,0,0,0,0,0,0,0,0,0,0,0,0,0,0,0,0,0,0,0,0,0,0,0,0,0,0,0,0,0,0,0,0,0,0,0,0,0,0,0,0,0,0,0,0,0,0,0,
2,8_4,10_55_41,1.9990,0,0,0,1.998968,,2.229,0.60724,-2.133,2.02422,311.766,-5.339417E-08,0.0000,0.0000,0.0000,0.0000,0.0000,0.0000,0,0,,,,,,,0,0,0,0,0,0,0,0,0,0,0,0,0,0,0,0,0,0,0,0,0,0,0,0,0,0,0,0,0,0,0,0,0,0,0,0,0,0,0,0,0,0,0,0,0,0,0,0,0,0,0,
2,8_4,10_55_41,2.0039,0,0,0,2.003869,,2.229,0.60724,-2.133,2.195795,311.9131,5.340006E-08,0.0000,0.0000,0.0000,0.0000,0.0000,0.0000,0,0,,,,,,,0,0,0,0,0,0,0,0,0,0,0,0,0,0,0,0,0,0,0,0,0,0,0,0,0,0,0,0,0,0,0,0,0,0,0,0,0,0,0,0,0,0,0,0,0,0,0,0,0,0,0,
2,8_4,10_55_41,2.0099,0,0,0,2.0099,,2.229,0.60724,-2.133,2.437092,312.2146,0,0.0000,0.0000,0.0000,0.0000,0.0000,0.0000,0,0,,,,,,,0,0,0,0,0,0,0,0,0,0,0,0,0,0,0,0,0,0,0,0,0,0,0,0,0,0,0,0,0,0,0,0,0,0,0,0,0,0,0,0,0,0,0,0,0,0,0,0,0,0,0,
2,8_4,10_55_41,2.0138,0,0,0,2.013796,,2.229,0.60724,-2.133,2.554025,312.3315,0,0.0000,0.0000,0.0000,0.0000,0.0000,0.0000,0,0,,,,,,,0,0,0,0,0,0,0,0,0,0,0,0,0,0,0,0,0,0,0,0,0,0,0,0,0,0,0,0,0,0,0,0,0,0,0,0,0,0,0,0,0,0,0,0,0,0,0,0,0,0,0,
2,8_4,10_55_41,2.0179,0,0,0,2.017919,,2.229,0.60724,-2.133,2.698278,312.4964,0,0.0000,0.0000,0.0000,0.0000,0.0000,0.0000,0,0,,,,,,,0,0,0,0,0,0,0,0,0,0,0,0,0,0,0,0,0,0,0,0,0,0,0,0,0,0,0,0,0,0,0,0,0,0,0,0,0,0,0,0,0,0,0,0,0,0,0,0,0,0,0,
2,8_4,10_55_41,2.0218,0,0,0,2.021806,,2.229,0.60724,-2.133,2.853679,312.6714,0,0.0000,0.0000,0.0000,0.0000,0.0000,0.0000,0,0,,,,,,,0,0,0,0,0,0,0,0,0,0,0,0,0,0,0,0,0,0,0,0,0,0,0,0,0,0,0,0,0,0,0,0,0,0,0,0,0,0,0,0,0,0,0,0,0,0,0,0,0,0,0,
2,8_4,10_55_41,2.0269,0,0,0,2.02688,,2.229,0.60724,-2.133,3.107434,313.0012,1.068788E-07,0.0000,0.0000,0.0000,0.0000,0.0000,0.0000,0,0,,,,,,,0,0,0,0,0,0,0,0,0,0,0,0,0,0,0,0,0,0,0,0,0,0,0,0,0,0,0,0,0,0,0,0,0,0,0,0,0,0,0,0,0,0,0,0,0,0,0,0,0,0,0,
2,8_4,10_55_41,2.0310,0,0,0,2.031033,,2.229,0.60724,-2.133,3.294308,313.2711,0,0.0000,0.0000,0.0000,0.0000,0.0000,0.0000,0,0,,,,,,,0,0,0,0,0,0,0,0,0,0,0,0,0,0,0,0,0,0,0,0,0,0,0,0,0,0,0,0,0,0,0,0,0,0,0,0,0,0,0,0,0,0,0,0,0,0,0,0,0,0,0,
2,8_4,10_55_41,2.0357,0,0,0,2.035696,,2.229,0.60724,-2.133,3.550905,313.6442,0,0.0000,0.0000,0.0000,0.0000,0.0000,0.0000,0,0,,,,,,,0,0,0,0,0,0,0,0,0,0,0,0,0,0,0,0,0,0,0,0,0,0,0,0,0,0,0,0,0,0,0,0,0,0,0,0,0,0,0,0,0,0,0,0,0,0,0,0,0,0,0,
2,8_4,10_55_41,2.0408,0,0,0,2.040785,,2.229,0.60724,-2.133,3.85646,314.153,1.069639E-07,0.0000,0.0000,0.0000,0.0000,0.0000,0.0000,0,0,,,,,,,0,0,0,0,0,0,0,0,0,0,0,0,0,0,0,0,0,0,0,0,0,0,0,0,0,0,0,0,0,0,0,0,0,0,0,0,0,0,0,0,0,0,0,0,0,0,0,0,0,0,0,
2,8_4,10_55_41,2.0452,0,0,0,2.045227,,2.229,0.60724,-2.133,4.100817,314.5084,-1.069956E-07,0.0000,0.0000,0.0000,0.0000,0.0000,0.0000,0,0,,,,,,,0,0,0,0,0,0,0,0,0,0,0,0,0,0,0,0,0,0,0,0,0,0,0,0,0,0,0,0,0,0,0,0,0,0,0,0,0,0,0,0,0,0,0,0,0,0,0,0,0,0,0,
2,8_4,10_55_41,2.0507,0,0,0,2.050701,,2.229,0.60724,-2.133,4.511502,315.1927,-2.141068E-07,0.0000,0.0000,0.0000,0.0000,0.0000,0.0000,0,0,,,,,,,0,0,0,0,0,0,0,0,0,0,0,0,0,0,0,0,0,0,0,0,0,0,0,0,0,0,0,0,0,0,0,0,0,0,0,0,0,0,0,0,0,0,0,0,0,0,0,0,0,0,0,
2,8_4,10_55_41,2.0591,0,0,0,2.059067,,2.229,0.60724,-2.133,5.348173,316.7404,0,0.0000,0.0000,0.0000,0.0000,0.0000,0.0000,0,0,,,,,,,0,0,0,0,0,0,0,0,0,0,0,0,0,0,0,0,0,0,0,0,0,0,0,0,0,0,0,0,0,0,0,0,0,0,0,0,0,0,0,0,0,0,0,0,0,0,0,0,0,0,0,
2,8_4,10_55_41,2.0639,0,0,0,2.063898,,2.229,0.60724,-2.133,5.686295,317.3201,2.144989E-07,0.0000,0.0000,0.0000,0.0000,0.0000,0.0000,0,0,,,,,,,0,0,0,0,0,0,0,0,0,0,0,0,0,0,0,0,0,0,0,0,0,0,0,0,0,0,0,0,0,0,0,0,0,0,0,0,0,0,0,0,0,0,0,0,0,0,0,0,0,0,0,
2,8_4,10_55_41,2.0698,0,0,0,2.069828,,2.229,0.60724,-2.133,6.160584,318.2985,0,0.0000,0.0000,0.0000,0.0000,0.0000,0.0000,0,0,,,,,,,0,0,0,0,0,0,0,0,0,0,0,0,0,0,0,0,0,0,0,0,0,0,0,0,0,0,0,0,0,0,0,0,0,0,0,0,0,0,0,0,0,0,0,0,0,0,0,0,0,0,0,
2,8_4,10_55_41,2.0755,0,0,0,2.075532,,2.229,0.60724,-2.133,6.559685,319.2682,2.1485E-07,0.0000,0.0000,0.0000,0.0000,0.0000,0.0000,0,0,,,,,,,0,0,0,0,0,0,0,0,0,0,0,0,0,0,0,0,0,0,0,0,0,0,0,0,0,0,0,0,0,0,0,0,0,0,0,0,0,0,0,0,0,0,0,0,0,0,0,0,0,0,0,
2,8_4,10_55_41,2.0799,0,0,0,2.07991,,2.229,0.60724,-2.133,6.778688,319.7717,0,0.0000,0.0000,0.0000,0.0000,0.0000,0.0000,0,0,,,,,,,0,0,0,0,0,0,0,0,0,0,0,0,0,0,0,0,0,0,0,0,0,0,0,0,0,0,0,0,0,0,0,0,0,0,0,0,0,0,0,0,0,0,0,0,0,0,0,0,0,0,0,
2,8_4,10_55_41,2.0840,0,0,0,2.084007,,2.229,0.60724,-2.133,6.983703,320.3042,0,0.0000,0.0000,0.0000,0.0000,0.0000,0.0000,0,0,,,,,,,0,0,0,0,0,0,0,0,0,0,0,0,0,0,0,0,0,0,0,0,0,0,0,0,0,0,0,0,0,0,0,0,0,0,0,0,0,0,0,0,0,0,0,0,0,0,0,0,0,0,0,
2,8_4,10_55_41,2.0881,0,0,0,2.088113,,2.229,0.60724,-2.133,7.188937,320.8585,0,0.0000,0.0000,0.0000,0.0000,0.0000,0.0000,0,0,,,,,,,0,0,0,0,0,0,0,0,0,0,0,0,0,0,0,0,0,0,0,0,0,0,0,0,0,0,0,0,0,0,0,0,0,0,0,0,0,0,0,0,0,0,0,0,0,0,0,0,0,0,0,
2,8_4,10_55_41,2.0922,0,0,0,2.09222,,2.229,0.60724,-2.133,7.394171,321.413,0,0.0000,0.0000,0.0000,0.0000,0.0000,0.0000,0,0,,,,,,,0,0,0,0,0,0,0,0,0,0,0,0,0,0,0,0,0,0,0,0,0,0,0,0,0,0,0,0,0,0,0,0,0,0,0,0,0,0,0,0,0,0,0,0,0,0,0,0,0,0,0,
2,8_4,10_55_41,2.0964,0,0,0,2.096424,,2.229,0.60724,-2.133,7.646394,322.1277,2.153584E-07,0.0000,0.0000,0.0000,0.0000,0.0000,0.0000,0,0,,,,,,,0,0,0,0,0,0,0,0,0,0,0,0,0,0,0,0,0,0,0,0,0,0,0,0,0,0,0,0,0,0,0,0,0,0,0,0,0,0,0,0,0,0,0,0,0,0,0,0,0,0,0,
2,8_4,10_55_41,2.1011,0,0,0,2.101114,,2.229,0.60724,-2.133,7.881134,322.8078,2.154787E-07,0.0000,0.0000,0.0000,0.0000,0.0000,0.0000,0,0,,,,,,,0,0,0,0,0,0,0,0,0,0,0,0,0,0,0,0,0,0,0,0,0,0,0,0,0,0,0,0,0,0,0,0,0,0,0,0,0,0,0,0,0,0,0,0,0,0,0,0,0,0,0,
2,8_4,10_55_41,2.1053,0,0,0,2.105264,,2.229,0.60724,-2.133,8.088555,323.3888,-2.155881E-07,0.0000,0.0000,0.0000,0.0000,0.0000,0.0000,0,0,,,,,,,0,0,0,0,0,0,0,0,0,0,0,0,0,0,0,0,0,0,0,0,0,0,0,0,0,0,0,0,0,0,0,0,0,0,0,0,0,0,0,0,0,0,0,0,0,0,0,0,0,0,0,
2,8_4,10_55_41,2.1095,0,0,0,2.109531,,2.229,0.60724,-2.133,8.344714,324.1994,0,0.0000,0.0000,0.0000,0.0000,0.0000,0.0000,0,0,,,,,,,0,0,0,0,0,0,0,0,0,0,0,0,0,0,0,0,0,0,0,0,0,0,0,0,0,0,0,0,0,0,0,0,0,0,0,0,0,0,0,0,0,0,0,0,0,0,0,0,0,0,0,
2,8_4,10_55_41,2.1148,0,0,0,2.114819,,2.229,0.60724,-2.133,8.609179,325.2571,2.158758E-07,0.0000,0.0000,0.0000,0.0000,0.0000,0.0000,0,0,,,,,,,0,0,0,0,0,0,0,0,0,0,0,0,0,0,0,0,0,0,0,0,0,0,0,0,0,0,0,0,0,0,0,0,0,0,0,0,0,0,0,0,0,0,0,0,0,0,0,0,0,0,0,
2,8_4,10_55_41,2.1200,0,0,0,2.119968,,2.229,0.60724,-2.133,8.918015,326.2869,0,0.0000,0.0000,0.0000,0.0000,0.0000,0.0000,0,0,,,,,,,0,0,0,0,0,0,0,0,0,0,0,0,0,0,0,0,0,0,0,0,0,0,0,0,0,0,0,0,0,0,0,0,0,0,0,0,0,0,0,0,0,0,0,0,0,0,0,0,0,0,0,
2,8_4,10_55_41,2.1249,0,0,0,2.12494,,2.229,0.60724,-2.133,9.241271,327.2813,0,0.0000,0.0000,0.0000,0.0000,0.0000,0.0000,0,0,,,,,,,0,0,0,0,0,0,0,0,0,0,0,0,0,0,0,0,0,0,0,0,0,0,0,0,0,0,0,0,0,0,0,0,0,0,0,0,0,0,0,0,0,0,0,0,0,0,0,0,0,0,0,
2,8_4,10_55_41,2.1295,0,0,0,2.129471,,2.229,0.60724,-2.133,9.467707,328.2554,2.163909E-07,0.0000,0.0000,0.0000,0.0000,0.0000,0.0000,0,0,,,,,,,0,0,0,0,0,0,0,0,0,0,0,0,0,0,0,0,0,0,0,0,0,0,0,0,0,0,0,0,0,0,0,0,0,0,0,0,0,0,0,0,0,0,0,0,0,0,0,0,0,0,0,
2,8_4,10_55_41,2.1339,0,0,0,2.133937,,2.229,0.60724,-2.133,9.691081,329.0146,-2.165334E-07,0.0000,0.0000,0.0000,0.0000,0.0000,0.0000,0,0,,,,,,,0,0,0,0,0,0,0,0,0,0,0,0,0,0,0,0,0,0,0,0,0,0,0,0,0,0,0,0,0,0,0,0,0,0,0,0,0,0,0,0,0,0,0,0,0,0,0,0,0,0,0,
2,8_4,10_55_41,2.1392,0,0,0,2.139218,,2.229,0.60724,-2.133,9.955328,330.1765,0,0.0000,0.0000,0.0000,0.0000,0.0000,0.0000,0,0,,,,,,,0,0,0,0,0,0,0,0,0,0,0,0,0,0,0,0,0,0,0,0,0,0,0,0,0,0,0,0,0,0,0,0,0,0,0,0,0,0,0,0,0,0,0,0,0,0,0,0,0,0,0,
2,8_4,10_55_41,2.1442,0,0,0,2.14422,,2.229,0.60724,-2.133,10.2305,331.2769,-2.168917E-07,0.0000,0.0000,0.0000,0.0000,0.0000,0.0000,0,0,,,,,,,0,0,0,0,0,0,0,0,0,0,0,0,0,0,0,0,0,0,0,0,0,0,0,0,0,0,0,0,0,0,0,0,0,0,0,0,0,0,0,0,0,0,0,0,0,0,0,0,0,0,0,
2,8_4,10_55_42,2.1498,0,0,0,2.149842,,2.229,0.60724,-2.133,10.62392,332.823,2.17166E-07,0.0000,0.0000,0.0000,0.0000,0.0000,0.0000,0,0,,,,,,,0,0,0,0,0,0,0,0,0,0,0,0,0,0,0,0,0,0,0,0,0,0,0,0,0,0,0,0,0,0,0,0,0,0,0,0,0,0,0,0,0,0,0,0,0,0,0,0,0,0,0,
2,8_4,10_55_42,2.1545,0,0,0,2.154507,,2.229,0.60724,-2.133,10.88052,333.8727,2.173507E-07,0.0000,0.0000,0.0000,0.0000,0.0000,0.0000,0,0,,,,,,,0,0,0,0,0,0,0,0,0,0,0,0,0,0,0,0,0,0,0,0,0,0,0,0,0,0,0,0,0,0,0,0,0,0,0,0,0,0,0,0,0,0,0,0,0,0,0,0,0,0,0,
2,8_4,10_55_42,2.1588,0,0,0,2.158793,,2.229,0.60724,-2.133,11.07351,334.6655,0,0.0000,0.0000,0.0000,0.0000,0.0000,0.0000,0,0,,,,,,,0,0,0,0,0,0,0,0,0,0,0,0,0,0,0,0,0,0,0,0,0,0,0,0,0,0,0,0,0,0,0,0,0,0,0,0,0,0,0,0,0,0,0,0,0,0,0,0,0,0,0,
2,8_4,10_55_42,2.1628,0,0,0,2.162766,,2.229,0.60724,-2.133,11.27219,335.3805,0,0.0000,0.0000,0.0000,0.0000,0.0000,0.0000,0,0,,,,,,,0,0,0,0,0,0,0,0,0,0,0,0,0,0,0,0,0,0,0,0,0,0,0,0,0,0,0,0,0,0,0,0,0,0,0,0,0,0,0,0,0,0,0,0,0,0,0,0,0,0,0,
2,8_4,10_55_42,2.1667,0,0,0,2.166745,,2.229,0.60724,-2.133,11.45141,336.0372,-2.177786E-07,0.0000,0.0000,0.0000,0.0000,0.0000,0.0000,0,0,,,,,,,0,0,0,0,0,0,0,0,0,0,0,0,0,0,0,0,0,0,0,0,0,0,0,0,0,0,0,0,0,0,0,0,0,0,0,0,0,0,0,0,0,0,0,0,0,0,0,0,0,0,0,
2,8_4,10_55_42,2.1707,0,0,0,2.170743,,2.229,0.60724,-2.133,11.63129,336.7367,-2.179183E-07,0.0000,0.0000,0.0000,0.0000,0.0000,0.0000,0,0,,,,,,,0,0,0,0,0,0,0,0,0,0,0,0,0,0,0,0,0,0,0,0,0,0,0,0,0,0,0,0,0,0,0,0,0,0,0,0,0,0,0,0,0,0,0,0,0,0,0,0,0,0,0,
2,8_4,10_55_42,2.1748,0,0,0,2.17484,,2.229,0.60724,-2.133,11.81554,337.4333,-2.180638E-07,0.0000,0.0000,0.0000,0.0000,0.0000,0.0000,0,0,,,,,,,0,0,0,0,0,0,0,0,0,0,0,0,0,0,0,0,0,0,0,0,0,0,0,0,0,0,0,0,0,0,0,0,0,0,0,0,0,0,0,0,0,0,0,0,0,0,0,0,0,0,0,
2,8_4,10_55_42,2.1801,0,0,0,2.180139,,2.229,0.60724,-2.133,12.10711,338.493,0,0.0000,0.0000,0.0000,0.0000,0.0000,0.0000,0,0,,,,,,,0,0,0,0,0,0,0,0,0,0,0,0,0,0,0,0,0,0,0,0,0,0,0,0,0,0,0,0,0,0,0,0,0,0,0,0,0,0,0,0,0,0,0,0,0,0,0,0,0,0,0,
2,8_4,10_55_42,2.1840,0,0,0,2.184002,,2.229,0.60724,-2.133,12.28109,339.1692,-2.184423E-07,0.0000,0.0000,0.0000,0.0000,0.0000,0.0000,0,0,,,,,,,0,0,0,0,0,0,0,0,0,0,0,0,0,0,0,0,0,0,0,0,0,0,0,0,0,0,0,0,0,0,0,0,0,0,0,0,0,0,0,0,0,0,0,0,0,0,0,0,0,0,0,
2,8_4,10_55_42,2.1879,0,0,0,2.187948,,2.229,0.60724,-2.133,12.43867,339.761,0,0.0000,0.0000,0.0000,0.0000,0.0000,0.0000,0,0,,,,,,,0,0,0,0,0,0,0,0,0,0,0,0,0,0,0,0,0,0,0,0,0,0,0,0,0,0,0,0,0,0,0,0,0,0,0,0,0,0,0,0,0,0,0,0,0,0,0,0,0,0,0,
2,8_4,10_55_42,2.1919,0,0,0,2.191892,,2.229,0.60724,-2.133,12.61615,340.3328,0,0.0000,0.0000,0.0000,0.0000,0.0000,0.0000,0,0,,,,,,,0,0,0,0,0,0,0,0,0,0,0,0,0,0,0,0,0,0,0,0,0,0,0,0,0,0,0,0,0,0,0,0,0,0,0,0,0,0,0,0,0,0,0,0,0,0,0,0,0,0,0,
2,8_4,10_55_42,2.1959,0,0,0,2.195926,,2.229,0.60724,-2.133,12.77767,340.9381,-2.188634E-07,0.0000,0.0000,0.0000,0.0000,0.0000,0.0000,0,0,,,,,,,0,0,0,0,0,0,0,0,0,0,0,0,0,0,0,0,0,0,0,0,0,0,0,0,0,0,0,0,0,0,0,0,0,0,0,0,0,0,0,0,0,0,0,0,0,0,0,0,0,0,0,
2,8_4,10_55_42,2.2007,0,0,0,2.200716,,2.229,0.60724,-2.133,12.99318,341.7762,0,0.0000,0.0000,0.0000,0.0000,0.0000,0.0000,0,0,,,,,,,0,0,0,0,0,0,0,0,0,0,0,0,0,0,0,0,0,0,0,0,0,0,0,0,0,0,0,0,0,0,0,0,0,0,0,0,0,0,0,0,0,0,0,0,0,0,0,0,0,0,0,
2,8_4,10_55_42,2.2049,0,0,0,2.204888,,2.229,0.60724,-2.133,13.18093,342.3185,0,0.0000,0.0000,0.0000,0.0000,0.0000,0.0000,0,0,,,,,,,0,0,0,0,0,0,0,0,0,0,0,0,0,0,0,0,0,0,0,0,0,0,0,0,0,0,0,0,0,0,0,0,0,0,0,0,0,0,0,0,0,0,0,0,0,0,0,0,0,0,0,
2,8_4,10_55_42,2.2093,0,0,0,2.209302,,2.229,0.60724,-2.133,13.35731,343.0028,0,0.0000,0.0000,0.0000,0.0000,0.0000,0.0000,0,0,,,,,,,0,0,0,0,0,0,0,0,0,0,0,0,0,0,0,0,0,0,0,0,0,0,0,0,0,0,0,0,0,0,0,0,0,0,0,0,0,0,0,0,0,0,0,0,0,0,0,0,0,0,0,
2,8_4,10_55_42,2.2142,0,0,0,2.214184,,2.229,0.60724,-2.133,13.55271,343.5641,-2.19557E-07,0.0000,0.0000,0.0000,0.0000,0.0000,0.0000,0,0,,,,,,,0,0,0,0,0,0,0,0,0,0,0,0,0,0,0,0,0,0,0,0,0,0,0,0,0,0,0,0,0,0,0,0,0,0,0,0,0,0,0,0,0,0,0,0,0,0,0,0,0,0,0,
2,8_4,10_55_42,2.2197,0,0,0,2.219683,,2.229,0.60724,-2.133,13.82766,344.4716,0,0.0000,0.0000,0.0000,0.0000,0.0000,0.0000,0,0,,,,,,,0,0,0,0,0,0,0,0,0,0,0,0,0,0,0,0,0,0,0,0,0,0,0,0,0,0,0,0,0,0,0,0,0,0,0,0,0,0,0,0,0,0,0,0,0,0,0,0,0,0,0,
2,8_4,10_55_42,2.2251,0,0,0,2.225128,,2.229,0.60724,-2.133,14.04535,345.1523,-1.100106E-07,0.0000,0.0000,0.0000,0.0000,0.0000,0.0000,0,0,,,,,,,0,0,0,0,0,0,0,0,0,0,0,0,0,0,0,0,0,0,0,0,0,0,0,0,0,0,0,0,0,0,0,0,0,0,0,0,0,0,0,0,0,0,0,0,0,0,0,0,0,0,0,
2,8_4,10_55_42,2.2290,0,0,0,2.229021,,2.229,0.60724,-2.133,14.18152,345.5025,0,0.0000,0.0000,0.0000,0.0000,0.0000,0.0000,0,0,,,,,,,0,0,0,0,0,0,0,0,0,0,0,0,0,0,0,0,0,0,0,0,0,0,0,0,0,0,0,0,0,0,0,0,0,0,0,0,0,0,0,0,0,0,0,0,0,0,0,0,0,0,0,
2,8_4,10_55_42,2.2357,0,0,0,2.235665,,2.229,0.60724,-2.133,14.48074,346.4661,2.204466E-07,0.0000,0.0000,0.0000,0.0000,0.0000,0.0000,0,0,,,,,,,0,0,0,0,0,0,0,0,0,0,0,0,0,0,0,0,0,0,0,0,0,0,0,0,0,0,0,0,0,0,0,0,0,0,0,0,0,0,0,0,0,0,0,0,0,0,0,0,0,0,0,
2,8_4,10_55_42,2.2398,0,0,0,2.239794,,2.229,0.60724,-2.133,14.48074,346.4661,2.204466E-07,0.0000,0.0000,0.0000,0.0000,0.0000,0.0000,0,0,,,,,,,0,0,0,0,0,0,0,0,0,0,0,0,0,0,0,0,0,0,0,0,0,0,0,0,0,0,0,0,0,0,0,0,0,0,0,0,0,0,0,0,0,0,0,0,0,0,0,0,0,0,0,
2,8_4,10_55_42,2.2438,0,0,0,2.243785,,2.229,0.60724,-2.133,14.68007,347.0845,-1.103231E-07,0.0000,0.0000,0.0000,0.0000,0.0000,0.0000,0,0,,,,,,,0,0,0,0,0,0,0,0,0,0,0,0,0,0,0,0,0,0,0,0,0,0,0,0,0,0,0,0,0,0,0,0,0,0,0,0,0,0,0,0,0,0,0,0,0,0,0,0,0,0,0,
2,8_4,10_55_42,2.2492,0,0,0,2.249231,,2.229,0.60724,-2.133,14.68007,347.0845,-1.103231E-07,0.0000,0.0000,0.0000,0.0000,0.0000,0.0000,0,0,,,,,,,0,0,0,0,0,0,0,0,0,0,0,0,0,0,0,0,0,0,0,0,0,0,0,0,0,0,0,0,0,0,0,0,0,0,0,0,0,0,0,0,0,0,0,0,0,0,0,0,0,0,0,
2,8_4,10_55_42,2.2536,0,0,0,2.253639,,2.229,0.60724,-2.133,14.9006,347.7899,-1.104353E-07,0.0000,0.0000,0.0000,0.0000,0.0000,0.0000,0,0,,,,,,,0,0,0,0,0,0,0,0,0,0,0,0,0,0,0,0,0,0,0,0,0,0,0,0,0,0,0,0,0,0,0,0,0,0,0,0,0,0,0,0,0,0,0,0,0,0,0,0,0,0,0,
2,8_4,10_55_42,2.2603,0,0,0,2.260255,,2.229,0.60724,-2.133,15.09906,348.3192,0,0.0000,0.0000,0.0000,0.0000,0.0000,0.0000,0,0,,,,,,,0,0,0,0,0,0,0,0,0,0,0,0,0,0,0,0,0,0,0,0,0,0,0,0,0,0,0,0,0,0,0,0,0,0,0,0,0,0,0,0,0,0,0,0,0,0,0,0,0,0,0,
2,8_4,10_55_42,2.2657,0,0,0,2.265725,,2.229,0.60724,-2.133,15.20856,348.7295,-2.211901E-07,0.0000,0.0000,0.0000,0.0000,0.0000,0.0000,0,0,,,,,,,0,0,0,0,0,0,0,0,0,0,0,0,0,0,0,0,0,0,0,0,0,0,0,0,0,0,0,0,0,0,0,0,0,0,0,0,0,0,0,0,0,0,0,0,0,0,0,0,0,0,0,
2,8_4,10_55_42,2.2700,0,0,0,2.26999,,2.229,0.60724,-2.133,15.29359,348.9427,0,0.0000,0.0000,0.0000,0.0000,0.0000,0.0000,0,0,,,,,,,0,0,0,0,0,0,0,0,0,0,0,0,0,0,0,0,0,0,0,0,0,0,0,0,0,0,0,0,0,0,0,0,0,0,0,0,0,0,0,0,0,0,0,0,0,0,0,0,0,0,0,
2,8_4,10_55_42,2.2741,0,0,0,2.274119,,2.229,0.60724,-2.133,15.3349,349.1286,-1.106616E-07,0.0000,0.0000,0.0000,0.0000,0.0000,0.0000,0,0,,,,,,,0,0,0,0,0,0,0,0,0,0,0,0,0,0,0,0,0,0,0,0,0,0,0,0,0,0,0,0,0,0,0,0,0,0,0,0,0,0,0,0,0,0,0,0,0,0,0,0,0,0,0,
2,8_4,10_55_42,2.2787,0,0,0,2.278678,,2.229,0.60724,-2.133,15.40331,349.3337,-1.10698E-07,0.0000,0.0000,0.0000,0.0000,0.0000,0.0000,0,0,,,,,,,0,0,0,0,0,0,0,0,0,0,0,0,0,0,0,0,0,0,0,0,0,0,0,0,0,0,0,0,0,0,0,0,0,0,0,0,0,0,0,0,0,0,0,0,0,0,0,0,0,0,0,
2,8_4,10_55_42,2.2831,0,0,0,2.283099,,2.229,0.60724,-2.133,15.46975,349.5105,0,0.0000,0.0000,0.0000,0.0000,0.0000,0.0000,0,0,,,,,,,0,0,0,0,0,0,0,0,0,0,0,0,0,0,0,0,0,0,0,0,0,0,0,0,0,0,0,0,0,0,0,0,0,0,0,0,0,0,0,0,0,0,0,0,0,0,0,0,0,0,0,
2,8_4,10_55_42,2.2871,0,0,0,2.28709,,2.229,0.60724,-2.133,15.50953,349.6103,-1.107547E-07,0.0000,0.0000,0.0000,0.0000,0.0000,0.0000,0,0,,,,,,,0,0,0,0,0,0,0,0,0,0,0,0,0,0,0,0,0,0,0,0,0,0,0,0,0,0,0,0,0,0,0,0,0,0,0,0,0,0,0,0,0,0,0,0,0,0,0,0,0,0,0,
2,8_4,10_55_42,2.2914,0,0,0,2.2914,,2.229,0.60724,-2.133,15.5528,349.7396,1.10778E-07,0.0000,0.0000,0.0000,0.0000,0.0000,0.0000,0,0,,,,,,,0,0,0,0,0,0,0,0,0,0,0,0,0,0,0,0,0,0,0,0,0,0,0,0,0,0,0,0,0,0,0,0,0,0,0,0,0,0,0,0,0,0,0,0,0,0,0,0,0,0,0,
2,8_4,10_55_42,2.2962,0,0,0,2.29619,,2.229,0.60724,-2.133,15.57663,349.8354,-1.107908E-07,0.0000,0.0000,0.0000,0.0000,0.0000,0.0000,0,0,,,,,,,0,0,0,0,0,0,0,0,0,0,0,0,0,0,0,0,0,0,0,0,0,0,0,0,0,0,0,0,0,0,0,0,0,0,0,0,0,0,0,0,0,0,0,0,0,0,0,0,0,0,0,
2,8_4,10_55_42,2.2999,0,0,0,2.299932,,2.229,0.60724,-2.133,15.59543,349.8728,-1.108009E-07,0.0000,0.0000,0.0000,0.0000,0.0000,0.0000,0,0,,,,,,,0,0,0,0,0,0,0,0,0,0,0,0,0,0,0,0,0,0,0,0,0,0,0,0,0,0,0,0,0,0,0,0,0,0,0,0,0,0,0,0,0,0,0,0,0,0,0,0,0,0,0,
2,8_4,10_55_42,2.3051,0,0,0,2.305144,,2.229,0.60724,-2.133,15.59543,349.8989,-2.216019E-07,0.0000,0.0000,0.0000,0.0000,0.0000,0.0000,0,0,,,,,,,0,0,0,0,0,0,0,0,0,0,0,0,0,0,0,0,0,0,0,0,0,0,0,0,0,0,0,0,0,0,0,0,0,0,0,0,0,0,0,0,0,0,0,0,0,0,0,0,0,0,0,
2,8_4,10_55_42,2.3087,0,0,0,2.308748,,2.229,0.60724,-2.133,15.59543,349.8989,-2.216019E-07,0.0000,0.0000,0.0000,0.0000,0.0000,0.0000,0,0,,,,,,,0,0,0,0,0,0,0,0,0,0,0,0,0,0,0,0,0,0,0,0,0,0,0,0,0,0,0,0,0,0,0,0,0,0,0,0,0,0,0,0,0,0,0,0,0,0,0,0,0,0,0,
2,8_4,10_55_42,2.3123,0,0,0,2.312305,,2.229,0.60724,-2.133,15.59543,349.8989,-2.216019E-07,0.0000,0.0000,0.0000,0.0000,0.0000,0.0000,0,0,,,,,,,0,0,0,0,0,0,0,0,0,0,0,0,0,0,0,0,0,0,0,0,0,0,0,0,0,0,0,0,0,0,0,0,0,0,0,0,0,0,0,0,0,0,0,0,0,0,0,0,0,0,0,
2,8_4,10_55_42,2.3164,0,0,0,2.316418,,2.229,0.60724,-2.133,15.59543,349.8989,-2.216019E-07,0.0000,0.0000,0.0000,0.0000,0.0000,0.0000,0,0,,,,,,,0,0,0,0,0,0,0,0,0,0,0,0,0,0,0,0,0,0,0,0,0,0,0,0,0,0,0,0,0,0,0,0,0,0,0,0,0,0,0,0,0,0,0,0,0,0,0,0,0,0,0,
2,8_4,10_55_42,2.3205,0,0,0,2.320476,,2.229,0.60724,-2.133,15.59543,349.8989,-2.216019E-07,0.0000,0.0000,0.0000,0.0000,0.0000,0.0000,0,0,,,,,,,0,0,0,0,0,0,0,0,0,0,0,0,0,0,0,0,0,0,0,0,0,0,0,0,0,0,0,0,0,0,0,0,0,0,0,0,0,0,0,0,0,0,0,0,0,0,0,0,0,0,0,
2,8_4,10_55_42,2.3250,0,0,0,2.324962,,2.229,0.60724,-2.133,15.59543,349.8989,-2.216019E-07,0.0000,0.0000,0.0000,0.0000,0.0000,0.0000,0,0,,,,,,,0,0,0,0,0,0,0,0,0,0,0,0,0,0,0,0,0,0,0,0,0,0,0,0,0,0,0,0,0,0,0,0,0,0,0,0,0,0,0,0,0,0,0,0,0,0,0,0,0,0,0,
2,8_4,10_55_42,2.3284,0,0,0,2.328433,,2.229,0.60724,-2.133,15.59543,349.8989,-2.216019E-07,0.0000,0.0000,0.0000,0.0000,0.0000,0.0000,0,0,,,,,,,0,0,0,0,0,0,0,0,0,0,0,0,0,0,0,0,0,0,0,0,0,0,0,0,0,0,0,0,0,0,0,0,0,0,0,0,0,0,0,0,0,0,0,0,0,0,0,0,0,0,0,
2,8_4,10_55_42,2.3329,0,0,0,2.332883,,2.229,0.60724,-2.133,15.59543,349.8989,-2.216019E-07,0.0000,0.0000,0.0000,0.0000,0.0000,0.0000,0,0,,,,,,,0,0,0,0,0,0,0,0,0,0,0,0,0,0,0,0,0,0,0,0,0,0,0,0,0,0,0,0,0,0,0,0,0,0,0,0,0,0,0,0,0,0,0,0,0,0,0,0,0,0,0,
2,8_4,10_55_42,2.3367,0,0,0,2.336666,,2.229,0.60724,-2.133,15.59543,349.8989,-2.216019E-07,0.0000,0.0000,0.0000,0.0000,0.0000,0.0000,0,0,,,,,,,0,0,0,0,0,0,0,0,0,0,0,0,0,0,0,0,0,0,0,0,0,0,0,0,0,0,0,0,0,0,0,0,0,0,0,0,0,0,0,0,0,0,0,0,0,0,0,0,0,0,0,
2,8_4,10_55_42,2.3409,0,0,0,2.340867,,2.229,0.60724,-2.133,15.59543,349.8989,-2.216019E-07,0.0000,0.0000,0.0000,0.0000,0.0000,0.0000,0,0,,,,,,,0,0,0,0,0,0,0,0,0,0,0,0,0,0,0,0,0,0,0,0,0,0,0,0,0,0,0,0,0,0,0,0,0,0,0,0,0,0,0,0,0,0,0,0,0,0,0,0,0,0,0,
2,8_4,10_55_42,2.3446,0,0,0,2.344635,,2.229,0.60724,-2.133,15.59543,349.8989,-2.216019E-07,0.0000,0.0000,0.0000,0.0000,0.0000,0.0000,0,0,,,,,,,0,0,0,0,0,0,0,0,0,0,0,0,0,0,0,0,0,0,0,0,0,0,0,0,0,0,0,0,0,0,0,0,0,0,0,0,0,0,0,0,0,0,0,0,0,0,0,0,0,0,0,
2,8_4,10_55_42,2.3485,0,0,0,2.348467,,2.229,0.60724,-2.133,15.59543,349.8989,-2.216019E-07,0.0000,0.0000,0.0000,0.0000,0.0000,0.0000,0,0,,,,,,,0,0,0,0,0,0,0,0,0,0,0,0,0,0,0,0,0,0,0,0,0,0,0,0,0,0,0,0,0,0,0,0,0,0,0,0,0,0,0,0,0,0,0,0,0,0,0,0,0,0,0,
2,8_4,10_55_42,2.3523,0,0,0,2.352316,,2.229,0.60724,-2.133,15.57619,349.8989,-1.107906E-07,0.0000,0.0000,0.0000,0.0000,0.0000,0.0000,0,0,,,,,,,0,0,0,0,0,0,0,0,0,0,0,0,0,0,0,0,0,0,0,0,0,0,0,0,0,0,0,0,0,0,0,0,0,0,0,0,0,0,0,0,0,0,0,0,0,0,0,0,0,0,0,
2,8_4,10_55_42,2.3572,0,0,0,2.357191,,2.229,0.60724,-2.133,15.47871,349.8745,-2.214764E-07,0.0000,0.0000,0.0000,0.0000,0.0000,0.0000,0,0,,,,,,,0,0,0,0,0,0,0,0,0,0,0,0,0,0,0,0,0,0,0,0,0,0,0,0,0,0,0,0,0,0,0,0,0,0,0,0,0,0,0,0,0,0,0,0,0,0,0,0,0,0,0,
2,8_4,10_55_42,2.3616,0,0,0,2.361574,,2.229,0.60724,-2.133,15.41314,349.8307,-1.107032E-07,0.0000,0.0000,0.0000,0.0000,0.0000,0.0000,0,0,,,,,,,0,0,0,0,0,0,0,0,0,0,0,0,0,0,0,0,0,0,0,0,0,0,0,0,0,0,0,0,0,0,0,0,0,0,0,0,0,0,0,0,0,0,0,0,0,0,0,0,0,0,0,
2,8_4,10_55_42,2.3666,0,0,0,2.366561,,2.229,0.60724,-2.133,15.33839,349.8057,-1.106635E-07,0.0000,0.0000,0.0000,0.0000,0.0000,0.0000,0,0,,,,,,,0,0,0,0,0,0,0,0,0,0,0,0,0,0,0,0,0,0,0,0,0,0,0,0,0,0,0,0,0,0,0,0,0,0,0,0,0,0,0,0,0,0,0,0,0,0,0,0,0,0,0,
2,8_4,10_55_42,2.3707,0,0,0,2.370664,,2.229,0.60724,-2.133,15.23588,349.7647,-1.106094E-07,0.0000,0.0000,0.0000,0.0000,0.0000,0.0000,0,0,,,,,,,0,0,0,0,0,0,0,0,0,0,0,0,0,0,0,0,0,0,0,0,0,0,0,0,0,0,0,0,0,0,0,0,0,0,0,0,0,0,0,0,0,0,0,0,0,0,0,0,0,0,0,
2,8_4,10_55_42,2.3753,0,0,0,2.375342,,2.229,0.60724,-2.133,15.18889,349.6945,1.105847E-07,0.0000,0.0000,0.0000,0.0000,0.0000,0.0000,0,0,,,,,,,0,0,0,0,0,0,0,0,0,0,0,0,0,0,0,0,0,0,0,0,0,0,0,0,0,0,0,0,0,0,0,0,0,0,0,0,0,0,0,0,0,0,0,0,0,0,0,0,0,0,0,
2,8_4,10_55_42,2.3811,0,0,0,2.381119,,2.229,0.60724,-2.133,15.01557,349.6367,-1.104945E-07,0.0000,0.0000,0.0000,0.0000,0.0000,0.0000,0,0,,,,,,,0,0,0,0,0,0,0,0,0,0,0,0,0,0,0,0,0,0,0,0,0,0,0,0,0,0,0,0,0,0,0,0,0,0,0,0,0,0,0,0,0,0,0,0,0,0,0,0,0,0,0,
2,8_4,10_55_42,2.3862,0,0,0,2.386182,,2.229,0.60724,-2.133,14.93973,349.5608,0,0.0000,0.0000,0.0000,0.0000,0.0000,0.0000,0,0,,,,,,,0,0,0,0,0,0,0,0,0,0,0,0,0,0,0,0,0,0,0,0,0,0,0,0,0,0,0,0,0,0,0,0,0,0,0,0,0,0,0,0,0,0,0,0,0,0,0,0,0,0,0,
2,8_4,10_55_42,2.3905,0,0,0,2.390474,,2.229,0.60724,-2.133,14.87525,349.4964,1.104223E-07,0.0000,0.0000,0.0000,0.0000,0.0000,0.0000,0,0,,,,,,,0,0,0,0,0,0,0,0,0,0,0,0,0,0,0,0,0,0,0,0,0,0,0,0,0,0,0,0,0,0,0,0,0,0,0,0,0,0,0,0,0,0,0,0,0,0,0,0,0,0,0,
2,8_4,10_55_42,2.3948,0,0,0,2.394793,,2.229,0.60724,-2.133,14.76728,349.4532,1.103672E-07,0.0000,0.0000,0.0000,0.0000,0.0000,0.0000,0,0,,,,,,,0,0,0,0,0,0,0,0,0,0,0,0,0,0,0,0,0,0,0,0,0,0,0,0,0,0,0,0,0,0,0,0,0,0,0,0,0,0,0,0,0,0,0,0,0,0,0,0,0,0,0,
2,8_4,10_55_42,2.3989,0,0,0,2.398861,,2.229,0.60724,-2.133,14.7063,349.3515,-1.103363E-07,0.0000,0.0000,0.0000,0.0000,0.0000,0.0000,0,0,,,,,,,0,0,0,0,0,0,0,0,0,0,0,0,0,0,0,0,0,0,0,0,0,0,0,0,0,0,0,0,0,0,0,0,0,0,0,0,0,0,0,0,0,0,0,0,0,0,0,0,0,0,0,
2,8_4,10_55_42,2.4031,0,0,0,2.403145,,2.229,0.60724,-2.133,14.5992,349.2872,0,0.0000,0.0000,0.0000,0.0000,0.0000,0.0000,0,0,,,,,,,0,0,0,0,0,0,0,0,0,0,0,0,0,0,0,0,0,0,0,0,0,0,0,0,0,0,0,0,0,0,0,0,0,0,0,0,0,0,0,0,0,0,0,0,0,0,0,0,0,0,0,
2,8_4,10_55_42,2.4087,0,0,0,2.408706,,2.229,0.60724,-2.133,14.46019,349.0926,0,0.0000,0.0000,0.0000,0.0000,0.0000,0.0000,0,0,,,,,,,0,0,0,0,0,0,0,0,0,0,0,0,0,0,0,0,0,0,0,0,0,0,0,0,0,0,0,0,0,0,0,0,0,0,0,0,0,0,0,0,0,0,0,0,0,0,0,0,0,0,0,
2,8_4,10_55_42,2.4150,0,0,0,2.414951,,2.229,0.60724,-2.133,14.24163,348.8116,-1.101056E-07,0.0000,0.0000,0.0000,0.0000,0.0000,0.0000,0,0,,,,,,,0,0,0,0,0,0,0,0,0,0,0,0,0,0,0,0,0,0,0,0,0,0,0,0,0,0,0,0,0,0,0,0,0,0,0,0,0,0,0,0,0,0,0,0,0,0,0,0,0,0,0,
2,8_4,10_55_42,2.4199,0,0,0,2.419938,,2.229,0.60724,-2.133,14.06721,348.6122,0,0.0000,0.0000,0.0000,0.0000,0.0000,0.0000,0,0,,,,,,,0,0,0,0,0,0,0,0,0,0,0,0,0,0,0,0,0,0,0,0,0,0,0,0,0,0,0,0,0,0,0,0,0,0,0,0,0,0,0,0,0,0,0,0,0,0,0,0,0,0,0,
2,8_4,10_55_42,2.4244,0,0,0,2.424424,,2.229,0.60724,-2.133,13.95509,348.4103,0,0.0000,0.0000,0.0000,0.0000,0.0000,0.0000,0,0,,,,,,,0,0,0,0,0,0,0,0,0,0,0,0,0,0,0,0,0,0,0,0,0,0,0,0,0,0,0,0,0,0,0,0,0,0,0,0,0,0,0,0,0,0,0,0,0,0,0,0,0,0,0,
2,8_4,10_55_42,2.4299,0,0,0,2.429868,,2.229,0.60724,-2.133,13.79182,348.1653,-1.0989E-07,0.0000,0.0000,0.0000,0.0000,0.0000,0.0000,0,0,,,,,,,0,0,0,0,0,0,0,0,0,0,0,0,0,0,0,0,0,0,0,0,0,0,0,0,0,0,0,0,0,0,0,0,0,0,0,0,0,0,0,0,0,0,0,0,0,0,0,0,0,0,0,
2,8_4,10_55_42,2.4349,0,0,0,2.434873,,2.229,0.60724,-2.133,13.61653,347.9401,1.098081E-07,0.0000,0.0000,0.0000,0.0000,0.0000,0.0000,0,0,,,,,,,0,0,0,0,0,0,0,0,0,0,0,0,0,0,0,0,0,0,0,0,0,0,0,0,0,0,0,0,0,0,0,0,0,0,0,0,0,0,0,0,0,0,0,0,0,0,0,0,0,0,0,
2,8_4,10_55_42,2.4403,0,0,0,2.440312,,2.229,0.60724,-2.133,13.42594,347.5593,-1.097203E-07,0.0000,0.0000,0.0000,0.0000,0.0000,0.0000,0,0,,,,,,,0,0,0,0,0,0,0,0,0,0,0,0,0,0,0,0,0,0,0,0,0,0,0,0,0,0,0,0,0,0,0,0,0,0,0,0,0,0,0,0,0,0,0,0,0,0,0,0,0,0,0,
2,8_4,10_55_42,2.4462,0,0,0,2.446153,,2.229,0.60724,-2.133,13.25065,347.2381,0,0.0000,0.0000,0.0000,0.0000,0.0000,0.0000,0,0,,,,,,,0,0,0,0,0,0,0,0,0,0,0,0,0,0,0,0,0,0,0,0,0,0,0,0,0,0,0,0,0,0,0,0,0,0,0,0,0,0,0,0,0,0,0,0,0,0,0,0,0,0,0,
2,8_4,10_55_42,2.4551,0,0,0,2.455139,,2.229,0.60724,-2.133,12.80149,346.3395,0,0.0000,0.0000,0.0000,0.0000,0.0000,0.0000,0,0,,,,,,,0,0,0,0,0,0,0,0,0,0,0,0,0,0,0,0,0,0,0,0,0,0,0,0,0,0,0,0,0,0,0,0,0,0,0,0,0,0,0,0,0,0,0,0,0,0,0,0,0,0,0,
2,8_4,10_55_42,2.4611,0,0,0,2.461054,,2.229,0.60724,-2.133,12.59451,345.955,-2.18706E-07,0.0000,0.0000,0.0000,0.0000,0.0000,0.0000,0,0,,,,,,,0,0,0,0,0,0,0,0,0,0,0,0,0,0,0,0,0,0,0,0,0,0,0,0,0,0,0,0,0,0,0,0,0,0,0,0,0,0,0,0,0,0,0,0,0,0,0,0,0,0,0,
2,8_4,10_55_42,2.4688,0,0,0,2.468843,,2.229,0.60724,-2.133,12.28284,345.215,-1.092219E-07,0.0000,0.0000,0.0000,0.0000,0.0000,0.0000,0,0,,,,,,,0,0,0,0,0,0,0,0,0,0,0,0,0,0,0,0,0,0,0,0,0,0,0,0,0,0,0,0,0,0,0,0,0,0,0,0,0,0,0,0,0,0,0,0,0,0,0,0,0,0,0,
2,8_4,10_55_42,2.4778,0,0,0,2.477798,,2.229,0.60724,-2.133,11.88002,344.23,1.090576E-07,0.0000,0.0000,0.0000,0.0000,0.0000,0.0000,0,0,,,,,,,0,0,0,0,0,0,0,0,0,0,0,0,0,0,0,0,0,0,0,0,0,0,0,0,0,0,0,0,0,0,0,0,0,0,0,0,0,0,0,0,0,0,0,0,0,0,0,0,0,0,0,
2,8_4,10_55_42,2.4821,0,0,0,2.482094,,2.229,0.60724,-2.133,11.79412,344.0367,1.090234E-07,0.0000,0.0000,0.0000,0.0000,0.0000,0.0000,0,0,,,,,,,0,0,0,0,0,0,0,0,0,0,0,0,0,0,0,0,0,0,0,0,0,0,0,0,0,0,0,0,0,0,0,0,0,0,0,0,0,0,0,0,0,0,0,0,0,0,0,0,0,0,0,
2,8_4,10_55_42,2.4871,0,0,0,2.487114,,2.229,0.60724,-2.133,11.66867,343.7355,-1.089738E-07,0.0000,0.0000,0.0000,0.0000,0.0000,0.0000,0,0,,,,,,,0,0,0,0,0,0,0,0,0,0,0,0,0,0,0,0,0,0,0,0,0,0,0,0,0,0,0,0,0,0,0,0,0,0,0,0,0,0,0,0,0,0,0,0,0,0,0,0,0,0,0,
2,8_4,10_55_42,2.4921,0,0,0,2.492109,,2.229,0.60724,-2.133,11.56878,343.4357,0,0.0000,0.0000,0.0000,0.0000,0.0000,0.0000,0,0,,,,,,,0,0,0,0,0,0,0,0,0,0,0,0,0,0,0,0,0,0,0,0,0,0,0,0,0,0,0,0,0,0,0,0,0,0,0,0,0,0,0,0,0,0,0,0,0,0,0,0,0,0,0,
2,8_4,10_55_42,2.4975,0,0,0,2.497454,,2.229,0.60724,-2.133,11.43524,343.1151,-2.177662E-07,0.0000,0.0000,0.0000,0.0000,0.0000,0.0000,0,0,,,,,,,0,0,0,0,0,0,0,0,0,0,0,0,0,0,0,0,0,0,0,0,0,0,0,0,0,0,0,0,0,0,0,0,0,0,0,0,0,0,0,0,0,0,0,0,0,0,0,0,0,0,0,
2,8_4,10_55_42,2.5019,0,0,0,2.501934,,2.229,0.60724,-2.133,11.34563,342.8239,0,0.0000,0.0000,0.0000,0.0000,0.0000,0.0000,0,0,,,,,,,0,0,0,0,0,0,0,0,0,0,0,0,0,0,0,0,0,0,0,0,0,0,0,0,0,0,0,0,0,0,0,0,0,0,0,0,0,0,0,0,0,0,0,0,0,0,0,0,0,0,0,
2,8_4,10_55_42,2.5081,0,0,0,2.508065,,2.229,0.60724,-2.133,11.19241,342.3947,-1.087908E-07,0.0000,0.0000,0.0000,0.0000,0.0000,0.0000,0,0,,,,,,,0,0,0,0,0,0,0,0,0,0,0,0,0,0,0,0,0,0,0,0,0,0,0,0,0,0,0,0,0,0,0,0,0,0,0,0,0,0,0,0,0,0,0,0,0,0,0,0,0,0,0,
2,8_4,10_55_42,2.5127,0,0,0,2.512742,,2.229,0.60724,-2.133,11.09887,342.1375,-2.175116E-07,0.0000,0.0000,0.0000,0.0000,0.0000,0.0000,0,0,,,,,,,0,0,0,0,0,0,0,0,0,0,0,0,0,0,0,0,0,0,0,0,0,0,0,0,0,0,0,0,0,0,0,0,0,0,0,0,0,0,0,0,0,0,0,0,0,0,0,0,0,0,0,
2,8_4,10_55_42,2.5180,0,0,0,2.517997,,2.229,0.60724,-2.133,11.04641,341.8484,-1.087363E-07,0.0000,0.0000,0.0000,0.0000,0.0000,0.0000,0,0,,,,,,,0,0,0,0,0,0,0,0,0,0,0,0,0,0,0,0,0,0,0,0,0,0,0,0,0,0,0,0,0,0,0,0,0,0,0,0,0,0,0,0,0,0,0,0,0,0,0,0,0,0,0,
2,8_4,10_55_42,2.5223,0,0,0,2.522293,,2.229,0.60724,-2.133,10.96051,341.6551,1.087046E-07,0.0000,0.0000,0.0000,0.0000,0.0000,0.0000,0,0,,,,,,,0,0,0,0,0,0,0,0,0,0,0,0,0,0,0,0,0,0,0,0,0,0,0,0,0,0,0,0,0,0,0,0,0,0,0,0,0,0,0,0,0,0,0,0,0,0,0,0,0,0,0,
2,8_4,10_55_42,2.5270,0,0,0,2.527015,,2.229,0.60724,-2.133,10.8897,341.4426,-1.086787E-07,0.0000,0.0000,0.0000,0.0000,0.0000,0.0000,0,0,,,,,,,0,0,0,0,0,0,0,0,0,0,0,0,0,0,0,0,0,0,0,0,0,0,0,0,0,0,0,0,0,0,0,0,0,0,0,0,0,0,0,0,0,0,0,0,0,0,0,0,0,0,0,
2,8_4,10_55_42,2.5318,0,0,0,2.531756,,2.229,0.60724,-2.133,10.81866,341.2056,-1.086529E-07,0.0000,0.0000,0.0000,0.0000,0.0000,0.0000,0,0,,,,,,,0,0,0,0,0,0,0,0,0,0,0,0,0,0,0,0,0,0,0,0,0,0,0,0,0,0,0,0,0,0,0,0,0,0,0,0,0,0,0,0,0,0,0,0,0,0,0,0,0,0,0,
2,8_4,10_55_42,2.5360,0,0,0,2.535986,,2.229,0.60724,-2.133,10.75506,341.0787,-2.172598E-07,0.0000,0.0000,0.0000,0.0000,0.0000,0.0000,0,0,,,,,,,0,0,0,0,0,0,0,0,0,0,0,0,0,0,0,0,0,0,0,0,0,0,0,0,0,0,0,0,0,0,0,0,0,0,0,0,0,0,0,0,0,0,0,0,0,0,0,0,0,0,0,
2,8_4,10_55_42,2.5398,0,0,0,2.539839,,2.229,0.60724,-2.133,10.71659,340.9438,-2.172321E-07,0.0000,0.0000,0.0000,0.0000,0.0000,0.0000,0,0,,,,,,,0,0,0,0,0,0,0,0,0,0,0,0,0,0,0,0,0,0,0,0,0,0,0,0,0,0,0,0,0,0,0,0,0,0,0,0,0,0,0,0,0,0,0,0,0,0,0,0,0,0,0,
2,8_4,10_55_42,2.5448,0,0,0,2.544833,,2.229,0.60724,-2.133,10.66654,340.794,0,0.0000,0.0000,0.0000,0.0000,0.0000,0.0000,0,0,,,,,,,0,0,0,0,0,0,0,0,0,0,0,0,0,0,0,0,0,0,0,0,0,0,0,0,0,0,0,0,0,0,0,0,0,0,0,0,0,0,0,0,0,0,0,0,0,0,0,0,0,0,0,
2,8_4,10_55_42,2.5489,0,0,0,2.54893,,2.229,0.60724,-2.133,10.646,340.6711,1.085908E-07,0.0000,0.0000,0.0000,0.0000,0.0000,0.0000,0,0,,,,,,,0,0,0,0,0,0,0,0,0,0,0,0,0,0,0,0,0,0,0,0,0,0,0,0,0,0,0,0,0,0,0,0,0,0,0,0,0,0,0,0,0,0,0,0,0,0,0,0,0,0,0,
2,8_4,10_55_42,2.5538,0,0,0,2.553787,,2.229,0.60724,-2.133,10.59748,340.5497,-1.085736E-07,0.0000,0.0000,0.0000,0.0000,0.0000,0.0000,0,0,,,,,,,0,0,0,0,0,0,0,0,0,0,0,0,0,0,0,0,0,0,0,0,0,0,0,0,0,0,0,0,0,0,0,0,0,0,0,0,0,0,0,0,0,0,0,0,0,0,0,0,0,0,0,
2,8_4,10_55_42,2.5577,0,0,0,2.557724,,2.229,0.60724,-2.133,10.59747,340.4709,1.085736E-07,0.0000,0.0000,0.0000,0.0000,0.0000,0.0000,0,0,,,,,,,0,0,0,0,0,0,0,0,0,0,0,0,0,0,0,0,0,0,0,0,0,0,0,0,0,0,0,0,0,0,0,0,0,0,0,0,0,0,0,0,0,0,0,0,0,0,0,0,0,0,0,
2,8_4,10_55_42,2.5621,0,0,0,2.562107,,2.229,0.60724,-2.133,10.53169,340.3613,0,0.0000,0.0000,0.0000,0.0000,0.0000,0.0000,0,0,,,,,,,0,0,0,0,0,0,0,0,0,0,0,0,0,0,0,0,0,0,0,0,0,0,0,0,0,0,0,0,0,0,0,0,0,0,0,0,0,0,0,0,0,0,0,0,0,0,0,0,0,0,0,
2,8_4,10_55_42,2.5662,0,0,0,2.566206,,2.229,0.60724,-2.133,10.51114,340.3203,2.170862E-07,0.0000,0.0000,0.0000,0.0000,0.0000,0.0000,0,0,,,,,,,0,0,0,0,0,0,0,0,0,0,0,0,0,0,0,0,0,0,0,0,0,0,0,0,0,0,0,0,0,0,0,0,0,0,0,0,0,0,0,0,0,0,0,0,0,0,0,0,0,0,0,
2,8_4,10_55_42,2.5708,0,0,0,2.570808,,2.229,0.60724,-2.133,10.48819,340.2513,0,0.0000,0.0000,0.0000,0.0000,0.0000,0.0000,0,0,,,,,,,0,0,0,0,0,0,0,0,0,0,0,0,0,0,0,0,0,0,0,0,0,0,0,0,0,0,0,0,0,0,0,0,0,0,0,0,0,0,0,0,0,0,0,0,0,0,0,0,0,0,0,
2,8_4,10_55_42,2.5752,0,0,0,2.575181,,2.229,0.60724,-2.133,10.48819,340.2076,0,0.0000,0.0000,0.0000,0.0000,0.0000,0.0000,0,0,,,,,,,0,0,0,0,0,0,0,0,0,0,0,0,0,0,0,0,0,0,0,0,0,0,0,0,0,0,0,0,0,0,0,0,0,0,0,0,0,0,0,0,0,0,0,0,0,0,0,0,0,0,0,
2,8_4,10_55_42,2.5788,0,0,0,2.578792,,2.229,0.60724,-2.133,10.48819,340.1895,-2.170701E-07,0.0000,0.0000,0.0000,0.0000,0.0000,0.0000,0,0,,,,,,,0,0,0,0,0,0,0,0,0,0,0,0,0,0,0,0,0,0,0,0,0,0,0,0,0,0,0,0,0,0,0,0,0,0,0,0,0,0,0,0,0,0,0,0,0,0,0,0,0,0,0,
2,8_4,10_55_42,2.5846,0,0,0,2.58463,,2.229,0.60724,-2.133,10.48819,340.1311,1.085351E-07,0.0000,0.0000,0.0000,0.0000,0.0000,0.0000,0,0,,,,,,,0,0,0,0,0,0,0,0,0,0,0,0,0,0,0,0,0,0,0,0,0,0,0,0,0,0,0,0,0,0,0,0,0,0,0,0,0,0,0,0,0,0,0,0,0,0,0,0,0,0,0,
2,8_4,10_55_42,2.5896,0,0,0,2.589615,,2.229,0.60724,-2.133,10.46327,340.1311,1.085263E-07,0.0000,0.0000,0.0000,0.0000,0.0000,0.0000,0,0,,,,,,,0,0,0,0,0,0,0,0,0,0,0,0,0,0,0,0,0,0,0,0,0,0,0,0,0,0,0,0,0,0,0,0,0,0,0,0,0,0,0,0,0,0,0,0,0,0,0,0,0,0,0,
2,8_4,10_55_42,2.5930,0,0,0,2.592952,,2.229,0.60724,-2.133,10.46327,340.1311,1.085263E-07,0.0000,0.0000,0.0000,0.0000,0.0000,0.0000,0,0,,,,,,,0,0,0,0,0,0,0,0,0,0,0,0,0,0,0,0,0,0,0,0,0,0,0,0,0,0,0,0,0,0,0,0,0,0,0,0,0,0,0,0,0,0,0,0,0,0,0,0,0,0,0,
2,8_4,10_55_42,2.5965,0,0,0,2.596472,,2.229,0.60724,-2.133,10.46327,340.1311,1.085263E-07,0.0000,0.0000,0.0000,0.0000,0.0000,0.0000,0,0,,,,,,,0,0,0,0,0,0,0,0,0,0,0,0,0,0,0,0,0,0,0,0,0,0,0,0,0,0,0,0,0,0,0,0,0,0,0,0,0,0,0,0,0,0,0,0,0,0,0,0,0,0,0,
2,8_4,10_55_42,2.6001,0,0,0,2.600104,,2.229,0.60724,-2.133,10.46327,340.1311,1.085263E-07,0.0000,0.0000,0.0000,0.0000,0.0000,0.0000,0,0,,,,,,,0,0,0,0,0,0,0,0,0,0,0,0,0,0,0,0,0,0,0,0,0,0,0,0,0,0,0,0,0,0,0,0,0,0,0,0,0,0,0,0,0,0,0,0,0,0,0,0,0,0,0,
2,8_4,10_55_42,2.6039,0,0,0,2.603939,,2.229,0.60724,-2.133,10.46327,340.1311,1.085263E-07,0.0000,0.0000,0.0000,0.0000,0.0000,0.0000,0,0,,,,,,,0,0,0,0,0,0,0,0,0,0,0,0,0,0,0,0,0,0,0,0,0,0,0,0,0,0,0,0,0,0,0,0,0,0,0,0,0,0,0,0,0,0,0,0,0,0,0,0,0,0,0,
2,8_4,10_55_42,2.6074,0,0,0,2.607404,,2.229,0.60724,-2.133,10.46327,340.1311,1.085263E-07,0.0000,0.0000,0.0000,0.0000,0.0000,0.0000,0,0,,,,,,,0,0,0,0,0,0,0,0,0,0,0,0,0,0,0,0,0,0,0,0,0,0,0,0,0,0,0,0,0,0,0,0,0,0,0,0,0,0,0,0,0,0,0,0,0,0,0,0,0,0,0,
2,8_4,10_55_42,2.6108,0,0,0,2.610794,,2.229,0.60724,-2.133,10.46327,340.1311,1.085263E-07,0.0000,0.0000,0.0000,0.0000,0.0000,0.0000,0,0,,,,,,,0,0,0,0,0,0,0,0,0,0,0,0,0,0,0,0,0,0,0,0,0,0,0,0,0,0,0,0,0,0,0,0,0,0,0,0,0,0,0,0,0,0,0,0,0,0,0,0,0,0,0,
2,8_4,10_55_42,2.6153,0,0,0,2.615253,,2.229,0.60724,-2.133,10.46327,340.1311,1.085263E-07,0.0000,0.0000,0.0000,0.0000,0.0000,0.0000,0,0,,,,,,,0,0,0,0,0,0,0,0,0,0,0,0,0,0,0,0,0,0,0,0,0,0,0,0,0,0,0,0,0,0,0,0,0,0,0,0,0,0,0,0,0,0,0,0,0,0,0,0,0,0,0,
2,8_4,10_55_42,2.6199,0,0,0,2.619892,,2.229,0.60724,-2.133,10.46327,340.1311,1.085263E-07,0.0000,0.0000,0.0000,0.0000,0.0000,0.0000,0,0,,,,,,,0,0,0,0,0,0,0,0,0,0,0,0,0,0,0,0,0,0,0,0,0,0,0,0,0,0,0,0,0,0,0,0,0,0,0,0,0,0,0,0,0,0,0,0,0,0,0,0,0,0,0,
2,8_4,10_55_42,2.6233,0,0,0,2.623295,,2.229,0.60724,-2.133,10.46327,340.1311,1.085263E-07,0.0000,0.0000,0.0000,0.0000,0.0000,0.0000,0,0,,,,,,,0,0,0,0,0,0,0,0,0,0,0,0,0,0,0,0,0,0,0,0,0,0,0,0,0,0,0,0,0,0,0,0,0,0,0,0,0,0,0,0,0,0,0,0,0,0,0,0,0,0,0,
2,8_4,10_55_42,2.6269,0,0,0,2.626928,,2.229,0.60724,-2.133,10.46327,340.1311,1.085263E-07,0.0000,0.0000,0.0000,0.0000,0.0000,0.0000,0,0,,,,,,,0,0,0,0,0,0,0,0,0,0,0,0,0,0,0,0,0,0,0,0,0,0,0,0,0,0,0,0,0,0,0,0,0,0,0,0,0,0,0,0,0,0,0,0,0,0,0,0,0,0,0,
2,8_4,10_55_42,2.6305,0,0,0,2.630494,,2.229,0.60724,-2.133,10.46327,340.1311,1.085263E-07,0.0000,0.0000,0.0000,0.0000,0.0000,0.0000,0,0,,,,,,,0,0,0,0,0,0,0,0,0,0,0,0,0,0,0,0,0,0,0,0,0,0,0,0,0,0,0,0,0,0,0,0,0,0,0,0,0,0,0,0,0,0,0,0,0,0,0,0,0,0,0,
2,8_4,10_55_42,2.6339,0,0,0,2.633865,,2.229,0.60724,-2.133,10.46327,340.1311,1.085263E-07,0.0000,0.0000,0.0000,0.0000,0.0000,0.0000,0,0,,,,,,,0,0,0,0,0,0,0,0,0,0,0,0,0,0,0,0,0,0,0,0,0,0,0,0,0,0,0,0,0,0,0,0,0,0,0,0,0,0,0,0,0,0,0,0,0,0,0,0,0,0,0,
2,8_4,10_55_42,2.6374,0,0,0,2.637359,,2.229,0.60724,-2.133,10.46327,340.1311,1.085263E-07,0.0000,0.0000,0.0000,0.0000,0.0000,0.0000,0,0,,,,,,,0,0,0,0,0,0,0,0,0,0,0,0,0,0,0,0,0,0,0,0,0,0,0,0,0,0,0,0,0,0,0,0,0,0,0,0,0,0,0,0,0,0,0,0,0,0,0,0,0,0,0,
2,8_4,10_55_42,2.6408,0,0,0,2.640794,,2.229,0.60724,-2.133,10.46327,340.1311,1.085263E-07,0.0000,0.0000,0.0000,0.0000,0.0000,0.0000,0,0,,,,,,,0,0,0,0,0,0,0,0,0,0,0,0,0,0,0,0,0,0,0,0,0,0,0,0,0,0,0,0,0,0,0,0,0,0,0,0,0,0,0,0,0,0,0,0,0,0,0,0,0,0,0,
2,8_4,10_55_42,2.6449,0,0,0,2.64493,,2.229,0.60724,-2.133,10.46327,340.1311,1.085263E-07,0.0000,0.0000,0.0000,0.0000,0.0000,0.0000,0,0,,,,,,,0,0,0,0,0,0,0,0,0,0,0,0,0,0,0,0,0,0,0,0,0,0,0,0,0,0,0,0,0,0,0,0,0,0,0,0,0,0,0,0,0,0,0,0,0,0,0,0,0,0,0,
2,8_4,10_55_42,2.6484,0,0,0,2.648446,,2.229,0.60724,-2.133,10.46327,340.1311,1.085263E-07,0.0000,0.0000,0.0000,0.0000,0.0000,0.0000,0,0,,,,,,,0,0,0,0,0,0,0,0,0,0,0,0,0,0,0,0,0,0,0,0,0,0,0,0,0,0,0,0,0,0,0,0,0,0,0,0,0,0,0,0,0,0,0,0,0,0,0,0,0,0,0,
2,8_4,10_55_42,2.6517,0,0,0,2.651736,,2.229,0.60724,-2.133,10.46327,340.1311,1.085263E-07,0.0000,0.0000,0.0000,0.0000,0.0000,0.0000,0,0,,,,,,,0,0,0,0,0,0,0,0,0,0,0,0,0,0,0,0,0,0,0,0,0,0,0,0,0,0,0,0,0,0,0,0,0,0,0,0,0,0,0,0,0,0,0,0,0,0,0,0,0,0,0,
2,8_4,10_55_42,2.6550,0,0,0,2.654984,,2.229,0.60724,-2.133,10.46327,340.1311,1.085263E-07,0.0000,0.0000,0.0000,0.0000,0.0000,0.0000,0,0,,,,,,,0,0,0,0,0,0,0,0,0,0,0,0,0,0,0,0,0,0,0,0,0,0,0,0,0,0,0,0,0,0,0,0,0,0,0,0,0,0,0,0,0,0,0,0,0,0,0,0,0,0,0,
2,8_4,10_55_42,2.6582,0,0,0,2.658219,,2.229,0.60724,-2.133,10.46327,340.1311,1.085263E-07,0.0000,0.0000,0.0000,0.0000,0.0000,0.0000,0,0,,,,,,,0,0,0,0,0,0,0,0,0,0,0,0,0,0,0,0,0,0,0,0,0,0,0,0,0,0,0,0,0,0,0,0,0,0,0,0,0,0,0,0,0,0,0,0,0,0,0,0,0,0,0,
2,8_4,10_55_42,2.6619,0,0,0,2.661876,,2.229,0.60724,-2.133,10.46327,340.1311,1.085263E-07,0.0000,0.0000,0.0000,0.0000,0.0000,0.0000,0,0,,,,,,,0,0,0,0,0,0,0,0,0,0,0,0,0,0,0,0,0,0,0,0,0,0,0,0,0,0,0,0,0,0,0,0,0,0,0,0,0,0,0,0,0,0,0,0,0,0,0,0,0,0,0,
2,8_4,10_55_42,2.6656,0,0,0,2.665648,,2.229,0.60724,-2.133,10.46327,340.1311,1.085263E-07,0.0000,0.0000,0.0000,0.0000,0.0000,0.0000,0,0,,,,,,,0,0,0,0,0,0,0,0,0,0,0,0,0,0,0,0,0,0,0,0,0,0,0,0,0,0,0,0,0,0,0,0,0,0,0,0,0,0,0,0,0,0,0,0,0,0,0,0,0,0,0,
2,8_4,10_55_42,2.6689,0,0,0,2.668925,,2.229,0.60724,-2.133,10.46327,340.1311,1.085263E-07,0.0000,0.0000,0.0000,0.0000,0.0000,0.0000,0,0,,,,,,,0,0,0,0,0,0,0,0,0,0,0,0,0,0,0,0,0,0,0,0,0,0,0,0,0,0,0,0,0,0,0,0,0,0,0,0,0,0,0,0,0,0,0,0,0,0,0,0,0,0,0,
2,8_4,10_55_42,2.6722,0,0,0,2.672178,,2.229,0.60724,-2.133,10.46327,340.1311,1.085263E-07,0.0000,0.0000,0.0000,0.0000,0.0000,0.0000,0,0,,,,,,,0,0,0,0,0,0,0,0,0,0,0,0,0,0,0,0,0,0,0,0,0,0,0,0,0,0,0,0,0,0,0,0,0,0,0,0,0,0,0,0,0,0,0,0,0,0,0,0,0,0,0,
2,8_4,10_55_42,2.6758,0,0,0,2.675757,,2.229,0.60724,-2.133,10.46327,340.1311,1.085263E-07,0.0000,0.0000,0.0000,0.0000,0.0000,0.0000,0,0,,,,,,,0,0,0,0,0,0,0,0,0,0,0,0,0,0,0,0,0,0,0,0,0,0,0,0,0,0,0,0,0,0,0,0,0,0,0,0,0,0,0,0,0,0,0,0,0,0,0,0,0,0,0,
2,8_4,10_55_42,2.6793,0,0,0,2.67931,,2.229,0.60724,-2.133,10.46327,340.1311,1.085263E-07,0.0000,0.0000,0.0000,0.0000,0.0000,0.0000,0,0,,,,,,,0,0,0,0,0,0,0,0,0,0,0,0,0,0,0,0,0,0,0,0,0,0,0,0,0,0,0,0,0,0,0,0,0,0,0,0,0,0,0,0,0,0,0,0,0,0,0,0,0,0,0,
2,8_4,10_55_42,2.6829,0,0,0,2.682912,,2.229,0.60724,-2.133,10.46327,340.1311,1.085263E-07,0.0000,0.0000,0.0000,0.0000,0.0000,0.0000,0,0,,,,,,,0,0,0,0,0,0,0,0,0,0,0,0,0,0,0,0,0,0,0,0,0,0,0,0,0,0,0,0,0,0,0,0,0,0,0,0,0,0,0,0,0,0,0,0,0,0,0,0,0,0,0,
2,8_4,10_55_42,2.6866,0,0,0,2.686596,,2.229,0.60724,-2.133,10.46327,340.1311,1.085263E-07,0.0000,0.0000,0.0000,0.0000,0.0000,0.0000,0,0,,,,,,,0,0,0,0,0,0,0,0,0,0,0,0,0,0,0,0,0,0,0,0,0,0,0,0,0,0,0,0,0,0,0,0,0,0,0,0,0,0,0,0,0,0,0,0,0,0,0,0,0,0,0,
2,8_4,10_55_42,2.6901,0,0,0,2.690103,,2.229,0.60724,-2.133,10.46327,340.1311,1.085263E-07,0.0000,0.0000,0.0000,0.0000,0.0000,0.0000,0,0,,,,,,,0,0,0,0,0,0,0,0,0,0,0,0,0,0,0,0,0,0,0,0,0,0,0,0,0,0,0,0,0,0,0,0,0,0,0,0,0,0,0,0,0,0,0,0,0,0,0,0,0,0,0,
2,8_4,10_55_42,2.6935,0,0,0,2.693482,,2.229,0.60724,-2.133,10.46327,340.1311,1.085263E-07,0.0000,0.0000,0.0000,0.0000,0.0000,0.0000,0,0,,,,,,,0,0,0,0,0,0,0,0,0,0,0,0,0,0,0,0,0,0,0,0,0,0,0,0,0,0,0,0,0,0,0,0,0,0,0,0,0,0,0,0,0,0,0,0,0,0,0,0,0,0,0,
2,8_4,10_55_42,2.6968,0,0,0,2.696758,,2.229,0.60724,-2.133,10.46327,340.1311,1.085263E-07,0.0000,0.0000,0.0000,0.0000,0.0000,0.0000,0,0,,,,,,,0,0,0,0,0,0,0,0,0,0,0,0,0,0,0,0,0,0,0,0,0,0,0,0,0,0,0,0,0,0,0,0,0,0,0,0,0,0,0,0,0,0,0,0,0,0,0,0,0,0,0,
2,8_4,10_55_42,2.7001,0,0,0,2.700142,,2.229,0.60724,-2.133,10.46327,340.1311,1.085263E-07,0.0000,0.0000,0.0000,0.0000,0.0000,0.0000,0,0,,,,,,,0,0,0,0,0,0,0,0,0,0,0,0,0,0,0,0,0,0,0,0,0,0,0,0,0,0,0,0,0,0,0,0,0,0,0,0,0,0,0,0,0,0,0,0,0,0,0,0,0,0,0,
2,8_4,10_55_42,2.7038,0,0,0,2.703785,,2.229,0.60724,-2.133,10.46327,340.1311,1.085263E-07,0.0000,0.0000,0.0000,0.0000,0.0000,0.0000,0,0,,,,,,,0,0,0,0,0,0,0,0,0,0,0,0,0,0,0,0,0,0,0,0,0,0,0,0,0,0,0,0,0,0,0,0,0,0,0,0,0,0,0,0,0,0,0,0,0,0,0,0,0,0,0,
2,8_4,10_55_42,2.7071,0,0,0,2.7071,,2.229,0.60724,-2.133,10.46327,340.1311,1.085263E-07,0.0000,0.0000,0.0000,0.0000,0.0000,0.0000,0,0,,,,,,,0,0,0,0,0,0,0,0,0,0,0,0,0,0,0,0,0,0,0,0,0,0,0,0,0,0,0,0,0,0,0,0,0,0,0,0,0,0,0,0,0,0,0,0,0,0,0,0,0,0,0,
2,8_4,10_55_42,2.7106,0,0,0,2.710589,,2.229,0.60724,-2.133,10.46327,340.1311,1.085263E-07,0.0000,0.0000,0.0000,0.0000,0.0000,0.0000,0,0,,,,,,,0,0,0,0,0,0,0,0,0,0,0,0,0,0,0,0,0,0,0,0,0,0,0,0,0,0,0,0,0,0,0,0,0,0,0,0,0,0,0,0,0,0,0,0,0,0,0,0,0,0,0,
2,8_4,10_55_42,2.7141,0,0,0,2.714056,,2.229,0.60724,-2.133,10.46327,340.1311,1.085263E-07,0.0000,0.0000,0.0000,0.0000,0.0000,0.0000,0,0,,,,,,,0,0,0,0,0,0,0,0,0,0,0,0,0,0,0,0,0,0,0,0,0,0,0,0,0,0,0,0,0,0,0,0,0,0,0,0,0,0,0,0,0,0,0,0,0,0,0,0,0,0,0,
2,8_4,10_55_42,2.7178,0,0,0,2.717788,,2.229,0.60724,-2.133,10.46327,340.1311,1.085263E-07,0.0000,0.0000,0.0000,0.0000,0.0000,0.0000,0,0,,,,,,,0,0,0,0,0,0,0,0,0,0,0,0,0,0,0,0,0,0,0,0,0,0,0,0,0,0,0,0,0,0,0,0,0,0,0,0,0,0,0,0,0,0,0,0,0,0,0,0,0,0,0,
2,8_4,10_55_42,2.7216,0,0,0,2.721594,,2.229,0.60724,-2.133,10.46327,340.1311,1.085263E-07,0.0000,0.0000,0.0000,0.0000,0.0000,0.0000,0,0,,,,,,,0,0,0,0,0,0,0,0,0,0,0,0,0,0,0,0,0,0,0,0,0,0,0,0,0,0,0,0,0,0,0,0,0,0,0,0,0,0,0,0,0,0,0,0,0,0,0,0,0,0,0,
2,8_4,10_55_42,2.7256,0,0,0,2.725576,,2.229,0.60724,-2.133,10.46327,340.1311,1.085263E-07,0.0000,0.0000,0.0000,0.0000,0.0000,0.0000,0,0,,,,,,,0,0,0,0,0,0,0,0,0,0,0,0,0,0,0,0,0,0,0,0,0,0,0,0,0,0,0,0,0,0,0,0,0,0,0,0,0,0,0,0,0,0,0,0,0,0,0,0,0,0,0,
2,8_4,10_55_42,2.7291,0,0,0,2.729117,,2.229,0.60724,-2.133,10.46327,340.1311,1.085263E-07,0.0000,0.0000,0.0000,0.0000,0.0000,0.0000,0,0,,,,,,,0,0,0,0,0,0,0,0,0,0,0,0,0,0,0,0,0,0,0,0,0,0,0,0,0,0,0,0,0,0,0,0,0,0,0,0,0,0,0,0,0,0,0,0,0,0,0,0,0,0,0,
2,8_4,10_55_42,2.7326,0,0,0,2.732616,,2.229,0.60724,-2.133,10.46327,340.1311,1.085263E-07,0.0000,0.0000,0.0000,0.0000,0.0000,0.0000,0,0,,,,,,,0,0,0,0,0,0,0,0,0,0,0,0,0,0,0,0,0,0,0,0,0,0,0,0,0,0,0,0,0,0,0,0,0,0,0,0,0,0,0,0,0,0,0,0,0,0,0,0,0,0,0,
2,8_4,10_55_42,2.7360,0,0,0,2.736009,,2.229,0.60724,-2.133,10.46327,340.1311,1.085263E-07,0.0000,0.0000,0.0000,0.0000,0.0000,0.0000,0,0,,,,,,,0,0,0,0,0,0,0,0,0,0,0,0,0,0,0,0,0,0,0,0,0,0,0,0,0,0,0,0,0,0,0,0,0,0,0,0,0,0,0,0,0,0,0,0,0,0,0,0,0,0,0,
2,8_4,10_55_42,2.7395,0,0,0,2.73945,,2.229,0.60724,-2.133,10.46327,340.1311,1.085263E-07,0.0000,0.0000,0.0000,0.0000,0.0000,0.0000,0,0,,,,,,,0,0,0,0,0,0,0,0,0,0,0,0,0,0,0,0,0,0,0,0,0,0,0,0,0,0,0,0,0,0,0,0,0,0,0,0,0,0,0,0,0,0,0,0,0,0,0,0,0,0,0,
2,8_4,10_55_42,2.7433,0,0,0,2.743293,,2.229,0.60724,-2.133,10.46327,340.1311,1.085263E-07,0.0000,0.0000,0.0000,0.0000,0.0000,0.0000,0,0,,,,,,,0,0,0,0,0,0,0,0,0,0,0,0,0,0,0,0,0,0,0,0,0,0,0,0,0,0,0,0,0,0,0,0,0,0,0,0,0,0,0,0,0,0,0,0,0,0,0,0,0,0,0,
2,8_4,10_55_42,2.7469,0,0,0,2.746933,,2.229,0.60724,-2.133,10.46327,340.1311,1.085263E-07,0.0000,0.0000,0.0000,0.0000,0.0000,0.0000,0,0,,,,,,,0,0,0,0,0,0,0,0,0,0,0,0,0,0,0,0,0,0,0,0,0,0,0,0,0,0,0,0,0,0,0,0,0,0,0,0,0,0,0,0,0,0,0,0,0,0,0,0,0,0,0,
2,8_4,10_55_42,2.7504,0,0,0,2.750369,,2.229,0.60724,-2.133,10.46327,340.1311,1.085263E-07,0.0000,0.0000,0.0000,0.0000,0.0000,0.0000,0,0,,,,,,,0,0,0,0,0,0,0,0,0,0,0,0,0,0,0,0,0,0,0,0,0,0,0,0,0,0,0,0,0,0,0,0,0,0,0,0,0,0,0,0,0,0,0,0,0,0,0,0,0,0,0,
2,8_4,10_55_42,2.7537,0,0,0,2.753732,,2.229,0.60724,-2.133,10.46327,340.1311,1.085263E-07,0.0000,0.0000,0.0000,0.0000,0.0000,0.0000,0,0,,,,,,,0,0,0,0,0,0,0,0,0,0,0,0,0,0,0,0,0,0,0,0,0,0,0,0,0,0,0,0,0,0,0,0,0,0,0,0,0,0,0,0,0,0,0,0,0,0,0,0,0,0,0,
2,8_4,10_55_42,2.7582,0,0,0,2.758165,,2.229,0.60724,-2.133,10.46327,340.1311,1.085263E-07,0.0000,0.0000,0.0000,0.0000,0.0000,0.0000,0,0,,,,,,,0,0,0,0,0,0,0,0,0,0,0,0,0,0,0,0,0,0,0,0,0,0,0,0,0,0,0,0,0,0,0,0,0,0,0,0,0,0,0,0,0,0,0,0,0,0,0,0,0,0,0,
2,8_4,10_55_42,2.7625,0,0,0,2.762455,,2.229,0.60724,-2.133,10.46327,340.1311,1.085263E-07,0.0000,0.0000,0.0000,0.0000,0.0000,0.0000,0,0,,,,,,,0,0,0,0,0,0,0,0,0,0,0,0,0,0,0,0,0,0,0,0,0,0,0,0,0,0,0,0,0,0,0,0,0,0,0,0,0,0,0,0,0,0,0,0,0,0,0,0,0,0,0,
2,8_4,10_55_42,2.7659,0,0,0,2.765945,,2.229,0.60724,-2.133,10.46327,340.1311,1.085263E-07,0.0000,0.0000,0.0000,0.0000,0.0000,0.0000,0,0,,,,,,,0,0,0,0,0,0,0,0,0,0,0,0,0,0,0,0,0,0,0,0,0,0,0,0,0,0,0,0,0,0,0,0,0,0,0,0,0,0,0,0,0,0,0,0,0,0,0,0,0,0,0,
2,8_4,10_55_42,2.7694,0,0,0,2.769416,,2.229,0.60724,-2.133,10.46327,340.1311,1.085263E-07,0.0000,0.0000,0.0000,0.0000,0.0000,0.0000,0,0,,,,,,,0,0,0,0,0,0,0,0,0,0,0,0,0,0,0,0,0,0,0,0,0,0,0,0,0,0,0,0,0,0,0,0,0,0,0,0,0,0,0,0,0,0,0,0,0,0,0,0,0,0,0,
2,8_4,10_55_42,2.7729,0,0,0,2.772927,,2.229,0.60724,-2.133,10.46327,340.1311,1.085263E-07,0.0000,0.0000,0.0000,0.0000,0.0000,0.0000,0,0,,,,,,,0,0,0,0,0,0,0,0,0,0,0,0,0,0,0,0,0,0,0,0,0,0,0,0,0,0,0,0,0,0,0,0,0,0,0,0,0,0,0,0,0,0,0,0,0,0,0,0,0,0,0,
2,8_4,10_55_42,2.7763,0,0,0,2.776312,,2.229,0.60724,-2.133,10.46327,340.1311,1.085263E-07,0.0000,0.0000,0.0000,0.0000,0.0000,0.0000,0,0,,,,,,,0,0,0,0,0,0,0,0,0,0,0,0,0,0,0,0,0,0,0,0,0,0,0,0,0,0,0,0,0,0,0,0,0,0,0,0,0,0,0,0,0,0,0,0,0,0,0,0,0,0,0,
2,8_4,10_55_42,2.7797,0,0,0,2.779744,,2.229,0.60724,-2.133,10.46327,340.1311,1.085263E-07,0.0000,0.0000,0.0000,0.0000,0.0000,0.0000,0,0,,,,,,,0,0,0,0,0,0,0,0,0,0,0,0,0,0,0,0,0,0,0,0,0,0,0,0,0,0,0,0,0,0,0,0,0,0,0,0,0,0,0,0,0,0,0,0,0,0,0,0,0,0,0,
2,8_4,10_55_42,2.7847,0,0,0,2.784661,,2.229,0.60724,-2.133,10.46327,340.1311,1.085263E-07,0.0000,0.0000,0.0000,0.0000,0.0000,0.0000,0,0,,,,,,,0,0,0,0,0,0,0,0,0,0,0,0,0,0,0,0,0,0,0,0,0,0,0,0,0,0,0,0,0,0,0,0,0,0,0,0,0,0,0,0,0,0,0,0,0,0,0,0,0,0,0,
2,8_4,10_55_42,2.7882,0,0,0,2.788185,,2.229,0.60724,-2.133,10.46327,340.1311,1.085263E-07,0.0000,0.0000,0.0000,0.0000,0.0000,0.0000,0,0,,,,,,,0,0,0,0,0,0,0,0,0,0,0,0,0,0,0,0,0,0,0,0,0,0,0,0,0,0,0,0,0,0,0,0,0,0,0,0,0,0,0,0,0,0,0,0,0,0,0,0,0,0,0,
2,8_4,10_55_42,2.7915,0,0,0,2.791469,,2.229,0.60724,-2.133,10.46327,340.1311,1.085263E-07,0.0000,0.0000,0.0000,0.0000,0.0000,0.0000,0,0,,,,,,,0,0,0,0,0,0,0,0,0,0,0,0,0,0,0,0,0,0,0,0,0,0,0,0,0,0,0,0,0,0,0,0,0,0,0,0,0,0,0,0,0,0,0,0,0,0,0,0,0,0,0,
2,8_4,10_55_42,2.7949,0,0,0,2.794879,,2.229,0.60724,-2.133,10.46327,340.1311,1.085263E-07,0.0000,0.0000,0.0000,0.0000,0.0000,0.0000,0,0,,,,,,,0,0,0,0,0,0,0,0,0,0,0,0,0,0,0,0,0,0,0,0,0,0,0,0,0,0,0,0,0,0,0,0,0,0,0,0,0,0,0,0,0,0,0,0,0,0,0,0,0,0,0,
2,8_4,10_55_42,2.7982,0,0,0,2.798187,,2.229,0.60724,-2.133,10.46327,340.1311,1.085263E-07,0.0000,0.0000,0.0000,0.0000,0.0000,0.0000,0,0,,,,,,,0,0,0,0,0,0,0,0,0,0,0,0,0,0,0,0,0,0,0,0,0,0,0,0,0,0,0,0,0,0,0,0,0,0,0,0,0,0,0,0,0,0,0,0,0,0,0,0,0,0,0,
2,8_4,10_55_42,2.8017,0,0,0,2.801722,,2.229,0.60724,-2.133,10.46327,340.1311,1.085263E-07,0.0000,0.0000,0.0000,0.0000,0.0000,0.0000,0,0,,,,,,,0,0,0,0,0,0,0,0,0,0,0,0,0,0,0,0,0,0,0,0,0,0,0,0,0,0,0,0,0,0,0,0,0,0,0,0,0,0,0,0,0,0,0,0,0,0,0,0,0,0,0,
2,8_4,10_55_42,2.8054,0,0,0,2.805369,,2.229,0.60724,-2.133,10.46327,340.1311,1.085263E-07,0.0000,0.0000,0.0000,0.0000,0.0000,0.0000,0,0,,,,,,,0,0,0,0,0,0,0,0,0,0,0,0,0,0,0,0,0,0,0,0,0,0,0,0,0,0,0,0,0,0,0,0,0,0,0,0,0,0,0,0,0,0,0,0,0,0,0,0,0,0,0,
2,8_4,10_55_42,2.8088,0,0,0,2.808806,,2.229,0.60724,-2.133,10.46327,340.1311,1.085263E-07,0.0000,0.0000,0.0000,0.0000,0.0000,0.0000,0,0,,,,,,,0,0,0,0,0,0,0,0,0,0,0,0,0,0,0,0,0,0,0,0,0,0,0,0,0,0,0,0,0,0,0,0,0,0,0,0,0,0,0,0,0,0,0,0,0,0,0,0,0,0,0,
2,8_4,10_55_42,2.8123,0,0,0,2.812251,,2.229,0.60724,-2.133,10.46327,340.1311,1.085263E-07,0.0000,0.0000,0.0000,0.0000,0.0000,0.0000,0,0,,,,,,,0,0,0,0,0,0,0,0,0,0,0,0,0,0,0,0,0,0,0,0,0,0,0,0,0,0,0,0,0,0,0,0,0,0,0,0,0,0,0,0,0,0,0,0,0,0,0,0,0,0,0,
2,8_4,10_55_42,2.8159,0,0,0,2.815866,,2.229,0.60724,-2.133,10.46327,340.1311,1.085263E-07,0.0000,0.0000,0.0000,0.0000,0.0000,0.0000,0,0,,,,,,,0,0,0,0,0,0,0,0,0,0,0,0,0,0,0,0,0,0,0,0,0,0,0,0,0,0,0,0,0,0,0,0,0,0,0,0,0,0,0,0,0,0,0,0,0,0,0,0,0,0,0,
2,8_4,10_55_42,2.8194,0,0,0,2.819419,,2.229,0.60724,-2.133,10.46327,340.1311,1.085263E-07,0.0000,0.0000,0.0000,0.0000,0.0000,0.0000,0,0,,,,,,,0,0,0,0,0,0,0,0,0,0,0,0,0,0,0,0,0,0,0,0,0,0,0,0,0,0,0,0,0,0,0,0,0,0,0,0,0,0,0,0,0,0,0,0,0,0,0,0,0,0,0,
2,8_4,10_55_42,2.8227,0,0,0,2.822695,,2.229,0.60724,-2.133,10.46327,340.1311,1.085263E-07,0.0000,0.0000,0.0000,0.0000,0.0000,0.0000,0,0,,,,,,,0,0,0,0,0,0,0,0,0,0,0,0,0,0,0,0,0,0,0,0,0,0,0,0,0,0,0,0,0,0,0,0,0,0,0,0,0,0,0,0,0,0,0,0,0,0,0,0,0,0,0,
2,8_4,10_55_42,2.8263,0,0,0,2.826333,,2.229,0.60724,-2.133,10.46327,340.1311,1.085263E-07,0.0000,0.0000,0.0000,0.0000,0.0000,0.0000,0,0,,,,,,,0,0,0,0,0,0,0,0,0,0,0,0,0,0,0,0,0,0,0,0,0,0,0,0,0,0,0,0,0,0,0,0,0,0,0,0,0,0,0,0,0,0,0,0,0,0,0,0,0,0,0,
2,8_4,10_55_42,2.8297,0,0,0,2.829711,,2.229,0.60724,-2.133,10.46327,340.1311,1.085263E-07,0.0000,0.0000,0.0000,0.0000,0.0000,0.0000,0,0,,,,,,,0,0,0,0,0,0,0,0,0,0,0,0,0,0,0,0,0,0,0,0,0,0,0,0,0,0,0,0,0,0,0,0,0,0,0,0,0,0,0,0,0,0,0,0,0,0,0,0,0,0,0,
2,8_4,10_55_42,2.8333,0,0,0,2.833271,,2.229,0.60724,-2.133,10.46327,340.1311,1.085263E-07,0.0000,0.0000,0.0000,0.0000,0.0000,0.0000,0,0,,,,,,,0,0,0,0,0,0,0,0,0,0,0,0,0,0,0,0,0,0,0,0,0,0,0,0,0,0,0,0,0,0,0,0,0,0,0,0,0,0,0,0,0,0,0,0,0,0,0,0,0,0,0,
2,8_4,10_55_42,2.8371,0,0,0,2.837078,,2.229,0.60724,-2.133,10.46327,340.1311,1.085263E-07,0.0000,0.0000,0.0000,0.0000,0.0000,0.0000,0,0,,,,,,,0,0,0,0,0,0,0,0,0,0,0,0,0,0,0,0,0,0,0,0,0,0,0,0,0,0,0,0,0,0,0,0,0,0,0,0,0,0,0,0,0,0,0,0,0,0,0,0,0,0,0,
2,8_4,10_55_42,2.8407,0,0,0,2.840671,,2.229,0.60724,-2.133,10.46327,340.1311,1.085263E-07,0.0000,0.0000,0.0000,0.0000,0.0000,0.0000,0,0,,,,,,,0,0,0,0,0,0,0,0,0,0,0,0,0,0,0,0,0,0,0,0,0,0,0,0,0,0,0,0,0,0,0,0,0,0,0,0,0,0,0,0,0,0,0,0,0,0,0,0,0,0,0,
2,8_4,10_55_42,2.8445,0,0,0,2.844487,,2.229,0.60724,-2.133,10.46327,340.1311,1.085263E-07,0.0000,0.0000,0.0000,0.0000,0.0000,0.0000,0,0,,,,,,,0,0,0,0,0,0,0,0,0,0,0,0,0,0,0,0,0,0,0,0,0,0,0,0,0,0,0,0,0,0,0,0,0,0,0,0,0,0,0,0,0,0,0,0,0,0,0,0,0,0,0,
2,8_4,10_55_42,2.8483,0,0,0,2.848292,,2.229,0.60724,-2.133,10.46327,340.1311,1.085263E-07,0.0000,0.0000,0.0000,0.0000,0.0000,0.0000,0,0,,,,,,,0,0,0,0,0,0,0,0,0,0,0,0,0,0,0,0,0,0,0,0,0,0,0,0,0,0,0,0,0,0,0,0,0,0,0,0,0,0,0,0,0,0,0,0,0,0,0,0,0,0,0,
2,8_4,10_55_42,2.8519,0,0,0,2.851869,,2.229,0.60724,-2.133,10.46327,340.1311,1.085263E-07,0.0000,0.0000,0.0000,0.0000,0.0000,0.0000,0,0,,,,,,,0,0,0,0,0,0,0,0,0,0,0,0,0,0,0,0,0,0,0,0,0,0,0,0,0,0,0,0,0,0,0,0,0,0,0,0,0,0,0,0,0,0,0,0,0,0,0,0,0,0,0,
2,8_4,10_55_42,2.8553,0,0,0,2.855313,,2.229,0.60724,-2.133,10.46327,340.1311,1.085263E-07,0.0000,0.0000,0.0000,0.0000,0.0000,0.0000,0,0,,,,,,,0,0,0,0,0,0,0,0,0,0,0,0,0,0,0,0,0,0,0,0,0,0,0,0,0,0,0,0,0,0,0,0,0,0,0,0,0,0,0,0,0,0,0,0,0,0,0,0,0,0,0,
2,8_4,10_55_42,2.8587,0,0,0,2.858708,,2.229,0.60724,-2.133,10.46327,340.1311,1.085263E-07,0.0000,0.0000,0.0000,0.0000,0.0000,0.0000,0,0,,,,,,,0,0,0,0,0,0,0,0,0,0,0,0,0,0,0,0,0,0,0,0,0,0,0,0,0,0,0,0,0,0,0,0,0,0,0,0,0,0,0,0,0,0,0,0,0,0,0,0,0,0,0,
2,8_4,10_55_42,2.8621,0,0,0,2.862057,,2.229,0.60724,-2.133,10.46327,340.1311,1.085263E-07,0.0000,0.0000,0.0000,0.0000,0.0000,0.0000,0,0,,,,,,,0,0,0,0,0,0,0,0,0,0,0,0,0,0,0,0,0,0,0,0,0,0,0,0,0,0,0,0,0,0,0,0,0,0,0,0,0,0,0,0,0,0,0,0,0,0,0,0,0,0,0,
2,8_4,10_55_42,2.8655,0,0,0,2.865525,,2.229,0.60724,-2.133,10.46327,340.1311,1.085263E-07,0.0000,0.0000,0.0000,0.0000,0.0000,0.0000,0,0,,,,,,,0,0,0,0,0,0,0,0,0,0,0,0,0,0,0,0,0,0,0,0,0,0,0,0,0,0,0,0,0,0,0,0,0,0,0,0,0,0,0,0,0,0,0,0,0,0,0,0,0,0,0,
2,8_4,10_55_42,2.8688,0,0,0,2.868846,,2.229,0.60724,-2.133,10.46327,340.1311,1.085263E-07,0.0000,0.0000,0.0000,0.0000,0.0000,0.0000,0,0,,,,,,,0,0,0,0,0,0,0,0,0,0,0,0,0,0,0,0,0,0,0,0,0,0,0,0,0,0,0,0,0,0,0,0,0,0,0,0,0,0,0,0,0,0,0,0,0,0,0,0,0,0,0,
2,8_4,10_55_42,2.8721,0,0,0,2.872091,,2.229,0.60724,-2.133,10.46327,340.1311,1.085263E-07,0.0000,0.0000,0.0000,0.0000,0.0000,0.0000,0,0,,,,,,,0,0,0,0,0,0,0,0,0,0,0,0,0,0,0,0,0,0,0,0,0,0,0,0,0,0,0,0,0,0,0,0,0,0,0,0,0,0,0,0,0,0,0,0,0,0,0,0,0,0,0,
2,8_4,10_55_42,2.8753,0,0,0,2.875336,,2.229,0.60724,-2.133,10.46327,340.1311,1.085263E-07,0.0000,0.0000,0.0000,0.0000,0.0000,0.0000,0,0,,,,,,,0,0,0,0,0,0,0,0,0,0,0,0,0,0,0,0,0,0,0,0,0,0,0,0,0,0,0,0,0,0,0,0,0,0,0,0,0,0,0,0,0,0,0,0,0,0,0,0,0,0,0,
2,8_4,10_55_42,2.8786,0,0,0,2.878564,,2.229,0.60724,-2.133,10.46327,340.1311,1.085263E-07,0.0000,0.0000,0.0000,0.0000,0.0000,0.0000,0,0,,,,,,,0,0,0,0,0,0,0,0,0,0,0,0,0,0,0,0,0,0,0,0,0,0,0,0,0,0,0,0,0,0,0,0,0,0,0,0,0,0,0,0,0,0,0,0,0,0,0,0,0,0,0,
2,8_4,10_55_42,2.8818,0,0,0,2.881826,,2.229,0.60724,-2.133,10.46327,340.1311,1.085263E-07,0.0000,0.0000,0.0000,0.0000,0.0000,0.0000,0,0,,,,,,,0,0,0,0,0,0,0,0,0,0,0,0,0,0,0,0,0,0,0,0,0,0,0,0,0,0,0,0,0,0,0,0,0,0,0,0,0,0,0,0,0,0,0,0,0,0,0,0,0,0,0,
2,8_4,10_55_42,2.8855,0,0,0,2.885516,,2.229,0.60724,-2.133,10.46327,340.1311,1.085263E-07,0.0000,0.0000,0.0000,0.0000,0.0000,0.0000,0,0,,,,,,,0,0,0,0,0,0,0,0,0,0,0,0,0,0,0,0,0,0,0,0,0,0,0,0,0,0,0,0,0,0,0,0,0,0,0,0,0,0,0,0,0,0,0,0,0,0,0,0,0,0,0,
2,8_4,10_55_42,2.8892,0,0,0,2.889193,,2.229,0.60724,-2.133,10.46327,340.1311,1.085263E-07,0.0000,0.0000,0.0000,0.0000,0.0000,0.0000,0,0,,,,,,,0,0,0,0,0,0,0,0,0,0,0,0,0,0,0,0,0,0,0,0,0,0,0,0,0,0,0,0,0,0,0,0,0,0,0,0,0,0,0,0,0,0,0,0,0,0,0,0,0,0,0,
2,8_4,10_55_42,2.8928,0,0,0,2.892789,,2.229,0.60724,-2.133,10.46327,340.1311,1.085263E-07,0.0000,0.0000,0.0000,0.0000,0.0000,0.0000,0,0,,,,,,,0,0,0,0,0,0,0,0,0,0,0,0,0,0,0,0,0,0,0,0,0,0,0,0,0,0,0,0,0,0,0,0,0,0,0,0,0,0,0,0,0,0,0,0,0,0,0,0,0,0,0,
2,8_4,10_55_42,2.8964,0,0,0,2.896443,,2.229,0.60724,-2.133,10.46327,340.1311,1.085263E-07,0.0000,0.0000,0.0000,0.0000,0.0000,0.0000,0,0,,,,,,,0,0,0,0,0,0,0,0,0,0,0,0,0,0,0,0,0,0,0,0,0,0,0,0,0,0,0,0,0,0,0,0,0,0,0,0,0,0,0,0,0,0,0,0,0,0,0,0,0,0,0,
2,8_4,10_55_42,2.9002,0,0,0,2.900179,,2.229,0.60724,-2.133,10.46327,340.1311,1.085263E-07,0.0000,0.0000,0.0000,0.0000,0.0000,0.0000,0,0,,,,,,,0,0,0,0,0,0,0,0,0,0,0,0,0,0,0,0,0,0,0,0,0,0,0,0,0,0,0,0,0,0,0,0,0,0,0,0,0,0,0,0,0,0,0,0,0,0,0,0,0,0,0,
2,8_4,10_55_42,2.9038,0,0,0,2.903774,,2.229,0.60724,-2.133,10.46327,340.1311,1.085263E-07,0.0000,0.0000,0.0000,0.0000,0.0000,0.0000,0,0,,,,,,,0,0,0,0,0,0,0,0,0,0,0,0,0,0,0,0,0,0,0,0,0,0,0,0,0,0,0,0,0,0,0,0,0,0,0,0,0,0,0,0,0,0,0,0,0,0,0,0,0,0,0,
2,8_4,10_55_42,2.9072,0,0,0,2.907153,,2.229,0.60724,-2.133,10.46327,340.1311,1.085263E-07,0.0000,0.0000,0.0000,0.0000,0.0000,0.0000,0,0,,,,,,,0,0,0,0,0,0,0,0,0,0,0,0,0,0,0,0,0,0,0,0,0,0,0,0,0,0,0,0,0,0,0,0,0,0,0,0,0,0,0,0,0,0,0,0,0,0,0,0,0,0,0,
2,8_4,10_55_42,2.9107,0,0,0,2.910679,,2.229,0.60724,-2.133,10.46327,340.1311,1.085263E-07,0.0000,0.0000,0.0000,0.0000,0.0000,0.0000,0,0,,,,,,,0,0,0,0,0,0,0,0,0,0,0,0,0,0,0,0,0,0,0,0,0,0,0,0,0,0,0,0,0,0,0,0,0,0,0,0,0,0,0,0,0,0,0,0,0,0,0,0,0,0,0,
2,8_4,10_55_42,2.9143,0,0,0,2.914311,,2.229,0.60724,-2.133,10.46327,340.1311,1.085263E-07,0.0000,0.0000,0.0000,0.0000,0.0000,0.0000,0,0,,,,,,,0,0,0,0,0,0,0,0,0,0,0,0,0,0,0,0,0,0,0,0,0,0,0,0,0,0,0,0,0,0,0,0,0,0,0,0,0,0,0,0,0,0,0,0,0,0,0,0,0,0,0,
2,8_4,10_55_42,2.9178,0,0,0,2.917765,,2.229,0.60724,-2.133,10.46327,340.1311,1.085263E-07,0.0000,0.0000,0.0000,0.0000,0.0000,0.0000,0,0,,,,,,,0,0,0,0,0,0,0,0,0,0,0,0,0,0,0,0,0,0,0,0,0,0,0,0,0,0,0,0,0,0,0,0,0,0,0,0,0,0,0,0,0,0,0,0,0,0,0,0,0,0,0,
2,8_4,10_55_42,2.9211,0,0,0,2.921107,,2.229,0.60724,-2.133,10.46327,340.1311,1.085263E-07,0.0000,0.0000,0.0000,0.0000,0.0000,0.0000,0,0,,,,,,,0,0,0,0,0,0,0,0,0,0,0,0,0,0,0,0,0,0,0,0,0,0,0,0,0,0,0,0,0,0,0,0,0,0,0,0,0,0,0,0,0,0,0,0,0,0,0,0,0,0,0,
2,8_4,10_55_42,2.9248,0,0,0,2.924803,,2.229,0.60724,-2.133,10.46327,340.1311,1.085263E-07,0.0000,0.0000,0.0000,0.0000,0.0000,0.0000,0,0,,,,,,,0,0,0,0,0,0,0,0,0,0,0,0,0,0,0,0,0,0,0,0,0,0,0,0,0,0,0,0,0,0,0,0,0,0,0,0,0,0,0,0,0,0,0,0,0,0,0,0,0,0,0,
2,8_4,10_55_42,2.9282,0,0,0,2.928228,,2.229,0.60724,-2.133,10.46327,340.1311,1.085263E-07,0.0000,0.0000,0.0000,0.0000,0.0000,0.0000,0,0,,,,,,,0,0,0,0,0,0,0,0,0,0,0,0,0,0,0,0,0,0,0,0,0,0,0,0,0,0,0,0,0,0,0,0,0,0,0,0,0,0,0,0,0,0,0,0,0,0,0,0,0,0,0,
2,8_4,10_55_42,2.9317,0,0,0,2.931678,,2.229,0.60724,-2.133,10.46327,340.1311,1.085263E-07,0.0000,0.0000,0.0000,0.0000,0.0000,0.0000,0,0,,,,,,,0,0,0,0,0,0,0,0,0,0,0,0,0,0,0,0,0,0,0,0,0,0,0,0,0,0,0,0,0,0,0,0,0,0,0,0,0,0,0,0,0,0,0,0,0,0,0,0,0,0,0,
2,8_4,10_55_42,2.9351,0,0,0,2.935099,,2.229,0.60724,-2.133,10.46327,340.1311,1.085263E-07,0.0000,0.0000,0.0000,0.0000,0.0000,0.0000,0,0,,,,,,,0,0,0,0,0,0,0,0,0,0,0,0,0,0,0,0,0,0,0,0,0,0,0,0,0,0,0,0,0,0,0,0,0,0,0,0,0,0,0,0,0,0,0,0,0,0,0,0,0,0,0,
2,8_4,10_55_42,2.9384,0,0,0,2.938409,,2.229,0.60724,-2.133,10.46327,340.1311,1.085263E-07,0.0000,0.0000,0.0000,0.0000,0.0000,0.0000,0,0,,,,,,,0,0,0,0,0,0,0,0,0,0,0,0,0,0,0,0,0,0,0,0,0,0,0,0,0,0,0,0,0,0,0,0,0,0,0,0,0,0,0,0,0,0,0,0,0,0,0,0,0,0,0,
2,8_4,10_55_42,2.9418,0,0,0,2.941811,,2.229,0.60724,-2.133,10.46327,340.1311,1.085263E-07,0.0000,0.0000,0.0000,0.0000,0.0000,0.0000,0,0,,,,,,,0,0,0,0,0,0,0,0,0,0,0,0,0,0,0,0,0,0,0,0,0,0,0,0,0,0,0,0,0,0,0,0,0,0,0,0,0,0,0,0,0,0,0,0,0,0,0,0,0,0,0,
2,8_4,10_55_42,2.9453,0,0,0,2.945319,,2.229,0.60724,-2.133,10.46327,340.1311,1.085263E-07,0.0000,0.0000,0.0000,0.0000,0.0000,0.0000,0,0,,,,,,,0,0,0,0,0,0,0,0,0,0,0,0,0,0,0,0,0,0,0,0,0,0,0,0,0,0,0,0,0,0,0,0,0,0,0,0,0,0,0,0,0,0,0,0,0,0,0,0,0,0,0,
2,8_4,10_55_42,2.9489,0,0,0,2.948917,,2.229,0.60724,-2.133,10.46327,340.1311,1.085263E-07,0.0000,0.0000,0.0000,0.0000,0.0000,0.0000,0,0,,,,,,,0,0,0,0,0,0,0,0,0,0,0,0,0,0,0,0,0,0,0,0,0,0,0,0,0,0,0,0,0,0,0,0,0,0,0,0,0,0,0,0,0,0,0,0,0,0,0,0,0,0,0,
2,8_4,10_55_42,2.9526,0,0,0,2.9526,,2.229,0.60724,-2.133,10.46327,340.1311,1.085263E-07,0.0000,0.0000,0.0000,0.0000,0.0000,0.0000,0,0,,,,,,,0,0,0,0,0,0,0,0,0,0,0,0,0,0,0,0,0,0,0,0,0,0,0,0,0,0,0,0,0,0,0,0,0,0,0,0,0,0,0,0,0,0,0,0,0,0,0,0,0,0,0,
2,8_4,10_55_42,2.9560,0,0,0,2.956037,,2.229,0.60724,-2.133,10.46327,340.1311,1.085263E-07,0.0000,0.0000,0.0000,0.0000,0.0000,0.0000,0,0,,,,,,,0,0,0,0,0,0,0,0,0,0,0,0,0,0,0,0,0,0,0,0,0,0,0,0,0,0,0,0,0,0,0,0,0,0,0,0,0,0,0,0,0,0,0,0,0,0,0,0,0,0,0,
2,8_4,10_55_42,2.9594,0,0,0,2.959372,,2.229,0.60724,-2.133,10.46327,340.1311,1.085263E-07,0.0000,0.0000,0.0000,0.0000,0.0000,0.0000,0,0,,,,,,,0,0,0,0,0,0,0,0,0,0,0,0,0,0,0,0,0,0,0,0,0,0,0,0,0,0,0,0,0,0,0,0,0,0,0,0,0,0,0,0,0,0,0,0,0,0,0,0,0,0,0,
2,8_4,10_55_42,2.9628,0,0,0,2.962753,,2.229,0.60724,-2.133,10.46327,340.1311,1.085263E-07,0.0000,0.0000,0.0000,0.0000,0.0000,0.0000,0,0,,,,,,,0,0,0,0,0,0,0,0,0,0,0,0,0,0,0,0,0,0,0,0,0,0,0,0,0,0,0,0,0,0,0,0,0,0,0,0,0,0,0,0,0,0,0,0,0,0,0,0,0,0,0,
2,8_4,10_55_42,2.9664,0,0,0,2.966352,,2.229,0.60724,-2.133,10.46327,340.1311,1.085263E-07,0.0000,0.0000,0.0000,0.0000,0.0000,0.0000,0,0,,,,,,,0,0,0,0,0,0,0,0,0,0,0,0,0,0,0,0,0,0,0,0,0,0,0,0,0,0,0,0,0,0,0,0,0,0,0,0,0,0,0,0,0,0,0,0,0,0,0,0,0,0,0,
2,8_4,10_55_42,2.9697,0,0,0,2.969719,,2.229,0.60724,-2.133,10.46327,340.1311,1.085263E-07,0.0000,0.0000,0.0000,0.0000,0.0000,0.0000,0,0,,,,,,,0,0,0,0,0,0,0,0,0,0,0,0,0,0,0,0,0,0,0,0,0,0,0,0,0,0,0,0,0,0,0,0,0,0,0,0,0,0,0,0,0,0,0,0,0,0,0,0,0,0,0,
2,8_4,10_55_42,2.9731,0,0,0,2.973068,,2.229,0.60724,-2.133,10.46327,340.1311,1.085263E-07,0.0000,0.0000,0.0000,0.0000,0.0000,0.0000,0,0,,,,,,,0,0,0,0,0,0,0,0,0,0,0,0,0,0,0,0,0,0,0,0,0,0,0,0,0,0,0,0,0,0,0,0,0,0,0,0,0,0,0,0,0,0,0,0,0,0,0,0,0,0,0,
2,8_4,10_55_42,2.9765,0,0,0,2.976479,,2.229,0.60724,-2.133,10.46327,340.1311,1.085263E-07,0.0000,0.0000,0.0000,0.0000,0.0000,0.0000,0,0,,,,,,,0,0,0,0,0,0,0,0,0,0,0,0,0,0,0,0,0,0,0,0,0,0,0,0,0,0,0,0,0,0,0,0,0,0,0,0,0,0,0,0,0,0,0,0,0,0,0,0,0,0,0,
2,8_4,10_55_42,2.9799,0,0,0,2.979908,,2.229,0.60724,-2.133,10.46327,340.1311,1.085263E-07,0.0000,0.0000,0.0000,0.0000,0.0000,0.0000,0,0,,,,,,,0,0,0,0,0,0,0,0,0,0,0,0,0,0,0,0,0,0,0,0,0,0,0,0,0,0,0,0,0,0,0,0,0,0,0,0,0,0,0,0,0,0,0,0,0,0,0,0,0,0,0,
2,8_4,10_55_42,2.9845,0,0,0,2.98453,,2.229,0.60724,-2.133,10.48644,340.1311,1.085344E-07,0.0000,0.0000,0.0000,0.0000,0.0000,0.0000,0,0,,,,,,,0,0,0,0,0,0,0,0,0,0,0,0,0,0,0,0,0,0,0,0,0,0,0,0,0,0,0,0,0,0,0,0,0,0,0,0,0,0,0,0,0,0,0,0,0,0,0,0,0,0,0,
2,8_4,10_55_42,2.9880,0,0,0,2.988011,,2.229,0.60724,-2.133,10.48644,340.1311,1.085344E-07,0.0000,0.0000,0.0000,0.0000,0.0000,0.0000,0,0,,,,,,,0,0,0,0,0,0,0,0,0,0,0,0,0,0,0,0,0,0,0,0,0,0,0,0,0,0,0,0,0,0,0,0,0,0,0,0,0,0,0,0,0,0,0,0,0,0,0,0,0,0,0,
2,8_4,10_55_42,2.9927,0,0,0,2.992673,,2.229,0.60724,-2.133,10.50983,340.1777,-1.085427E-07,0.0000,0.0000,0.0000,0.0000,0.0000,0.0000,0,0,,,,,,,0,0,0,0,0,0,0,0,0,0,0,0,0,0,0,0,0,0,0,0,0,0,0,0,0,0,0,0,0,0,0,0,0,0,0,0,0,0,0,0,0,0,0,0,0,0,0,0,0,0,0,
2,8_4,10_55_42,2.9968,0,0,0,2.99682,,2.229,0.60724,-2.133,10.53059,340.1985,0,0.0000,0.0000,0.0000,0.0000,0.0000,0.0000,0,0,,,,,,,0,0,0,0,0,0,0,0,0,0,0,0,0,0,0,0,0,0,0,0,0,0,0,0,0,0,0,0,0,0,0,0,0,0,0,0,0,0,0,0,0,0,0,0,0,0,0,0,0,0,0,
2,8_4,10_55_42,3.0006,0,0,0,3.000646,,2.229,0.60724,-2.133,10.54961,340.1985,1.085567E-07,0.0000,0.0000,0.0000,0.0000,0.0000,0.0000,0,0,,,,,,,0,0,0,0,0,0,0,0,0,0,0,0,0,0,0,0,0,0,0,0,0,0,0,0,0,0,0,0,0,0,0,0,0,0,0,0,0,0,0,0,0,0,0,0,0,0,0,0,0,0,0,
2,8_4,10_55_42,3.0062,0,0,0,3.006168,,2.229,0.60724,-2.133,10.60469,340.2813,-1.085761E-07,0.0000,0.0000,0.0000,0.0000,0.0000,0.0000,0,0,,,,,,,0,0,0,0,0,0,0,0,0,0,0,0,0,0,0,0,0,0,0,0,0,0,0,0,0,0,0,0,0,0,0,0,0,0,0,0,0,0,0,0,0,0,0,0,0,0,0,0,0,0,0,
2,8_4,10_55_42,3.0101,0,0,0,3.01006,,2.229,0.60724,-2.133,10.62414,340.2813,-2.171661E-07,0.0000,0.0000,0.0000,0.0000,0.0000,0.0000,0,0,,,,,,,0,0,0,0,0,0,0,0,0,0,0,0,0,0,0,0,0,0,0,0,0,0,0,0,0,0,0,0,0,0,0,0,0,0,0,0,0,0,0,0,0,0,0,0,0,0,0,0,0,0,0,
2,8_4,10_55_42,3.0140,0,0,0,3.013976,,2.229,0.60724,-2.133,10.64381,340.3009,-1.085901E-07,0.0000,0.0000,0.0000,0.0000,0.0000,0.0000,0,0,,,,,,,0,0,0,0,0,0,0,0,0,0,0,0,0,0,0,0,0,0,0,0,0,0,0,0,0,0,0,0,0,0,0,0,0,0,0,0,0,0,0,0,0,0,0,0,0,0,0,0,0,0,0,
2,8_4,10_55_42,3.0178,0,0,0,3.017828,,2.229,0.60724,-2.133,10.68228,340.3394,0,0.0000,0.0000,0.0000,0.0000,0.0000,0.0000,0,0,,,,,,,0,0,0,0,0,0,0,0,0,0,0,0,0,0,0,0,0,0,0,0,0,0,0,0,0,0,0,0,0,0,0,0,0,0,0,0,0,0,0,0,0,0,0,0,0,0,0,0,0,0,0,
2,8_4,10_55_42,3.0216,0,0,0,3.021627,,2.229,0.60724,-2.133,10.70129,340.3584,2.172212E-07,0.0000,0.0000,0.0000,0.0000,0.0000,0.0000,0,0,,,,,,,0,0,0,0,0,0,0,0,0,0,0,0,0,0,0,0,0,0,0,0,0,0,0,0,0,0,0,0,0,0,0,0,0,0,0,0,0,0,0,0,0,0,0,0,0,0,0,0,0,0,0,
2,8_4,10_55_42,3.0256,0,0,0,3.02558,,2.229,0.60724,-2.133,10.72118,340.3979,-1.086177E-07,0.0000,0.0000,0.0000,0.0000,0.0000,0.0000,0,0,,,,,,,0,0,0,0,0,0,0,0,0,0,0,0,0,0,0,0,0,0,0,0,0,0,0,0,0,0,0,0,0,0,0,0,0,0,0,0,0,0,0,0,0,0,0,0,0,0,0,0,0,0,0,
2,8_4,10_55_42,3.0299,0,0,0,3.029858,,2.229,0.60724,-2.133,10.7426,340.4407,0,0.0000,0.0000,0.0000,0.0000,0.0000,0.0000,0,0,,,,,,,0,0,0,0,0,0,0,0,0,0,0,0,0,0,0,0,0,0,0,0,0,0,0,0,0,0,0,0,0,0,0,0,0,0,0,0,0,0,0,0,0,0,0,0,0,0,0,0,0,0,0,
2,8_4,10_55_42,3.0336,0,0,0,3.033626,,2.229,0.60724,-2.133,10.79921,340.4596,0,0.0000,0.0000,0.0000,0.0000,0.0000,0.0000,0,0,,,,,,,0,0,0,0,0,0,0,0,0,0,0,0,0,0,0,0,0,0,0,0,0,0,0,0,0,0,0,0,0,0,0,0,0,0,0,0,0,0,0,0,0,0,0,0,0,0,0,0,0,0,0,
2,8_4,10_55_42,3.0375,0,0,0,3.037534,,2.229,0.60724,-2.133,10.81888,340.4986,0,0.0000,0.0000,0.0000,0.0000,0.0000,0.0000,0,0,,,,,,,0,0,0,0,0,0,0,0,0,0,0,0,0,0,0,0,0,0,0,0,0,0,0,0,0,0,0,0,0,0,0,0,0,0,0,0,0,0,0,0,0,0,0,0,0,0,0,0,0,0,0,
2,8_4,10_55_42,3.0417,0,0,0,3.041683,,2.229,0.60724,-2.133,10.83964,340.5194,0,0.0000,0.0000,0.0000,0.0000,0.0000,0.0000,0,0,,,,,,,0,0,0,0,0,0,0,0,0,0,0,0,0,0,0,0,0,0,0,0,0,0,0,0,0,0,0,0,0,0,0,0,0,0,0,0,0,0,0,0,0,0,0,0,0,0,0,0,0,0,0,
2,8_4,10_55_42,3.0457,0,0,0,3.045676,,2.229,0.60724,-2.133,10.87964,340.5594,2.173501E-07,0.0000,0.0000,0.0000,0.0000,0.0000,0.0000,0,0,,,,,,,0,0,0,0,0,0,0,0,0,0,0,0,0,0,0,0,0,0,0,0,0,0,0,0,0,0,0,0,0,0,0,0,0,0,0,0,0,0,0,0,0,0,0,0,0,0,0,0,0,0,0,
2,8_4,10_55_42,3.0501,0,0,0,3.050104,,2.229,0.60724,-2.133,10.90194,340.6037,2.173664E-07,0.0000,0.0000,0.0000,0.0000,0.0000,0.0000,0,0,,,,,,,0,0,0,0,0,0,0,0,0,0,0,0,0,0,0,0,0,0,0,0,0,0,0,0,0,0,0,0,0,0,0,0,0,0,0,0,0,0,0,0,0,0,0,0,0,0,0,0,0,0,0,
2,8_4,10_55_42,3.0543,0,0,0,3.054266,,2.229,0.60724,-2.133,10.92248,340.6453,0,0.0000,0.0000,0.0000,0.0000,0.0000,0.0000,0,0,,,,,,,0,0,0,0,0,0,0,0,0,0,0,0,0,0,0,0,0,0,0,0,0,0,0,0,0,0,0,0,0,0,0,0,0,0,0,0,0,0,0,0,0,0,0,0,0,0,0,0,0,0,0,
2,8_4,10_55_42,3.0587,0,0,0,3.058735,,2.229,0.60724,-2.133,10.9898,340.6676,2.174308E-07,0.0000,0.0000,0.0000,0.0000,0.0000,0.0000,0,0,,,,,,,0,0,0,0,0,0,0,0,0,0,0,0,0,0,0,0,0,0,0,0,0,0,0,0,0,0,0,0,0,0,0,0,0,0,0,0,0,0,0,0,0,0,0,0,0,0,0,0,0,0,0,
2,8_4,10_55_42,3.0626,0,0,0,3.0626,,2.229,0.60724,-2.133,11.00904,340.7062,2.17445E-07,0.0000,0.0000,0.0000,0.0000,0.0000,0.0000,0,0,,,,,,,0,0,0,0,0,0,0,0,0,0,0,0,0,0,0,0,0,0,0,0,0,0,0,0,0,0,0,0,0,0,0,0,0,0,0,0,0,0,0,0,0,0,0,0,0,0,0,0,0,0,0,
2,8_4,10_55_42,3.0667,0,0,0,3.066738,,2.229,0.60724,-2.133,11.0298,340.7062,-2.174604E-07,0.0000,0.0000,0.0000,0.0000,0.0000,0.0000,0,0,,,,,,,0,0,0,0,0,0,0,0,0,0,0,0,0,0,0,0,0,0,0,0,0,0,0,0,0,0,0,0,0,0,0,0,0,0,0,0,0,0,0,0,0,0,0,0,0,0,0,0,0,0,0,
2,8_4,10_55_42,3.0707,0,0,0,3.070684,,2.229,0.60724,-2.133,11.0298,340.726,0,0.0000,0.0000,0.0000,0.0000,0.0000,0.0000,0,0,,,,,,,0,0,0,0,0,0,0,0,0,0,0,0,0,0,0,0,0,0,0,0,0,0,0,0,0,0,0,0,0,0,0,0,0,0,0,0,0,0,0,0,0,0,0,0,0,0,0,0,0,0,0,
2,8_4,10_55_42,3.0744,0,0,0,3.074402,,2.229,0.60724,-2.133,11.0298,340.7446,0,0.0000,0.0000,0.0000,0.0000,0.0000,0.0000,0,0,,,,,,,0,0,0,0,0,0,0,0,0,0,0,0,0,0,0,0,0,0,0,0,0,0,0,0,0,0,0,0,0,0,0,0,0,0,0,0,0,0,0,0,0,0,0,0,0,0,0,0,0,0,0,
2,8_4,10_55_42,3.0783,0,0,0,3.078345,,2.229,0.60724,-2.133,11.04947,340.784,-2.174749E-07,0.0000,0.0000,0.0000,0.0000,0.0000,0.0000,0,0,,,,,,,0,0,0,0,0,0,0,0,0,0,0,0,0,0,0,0,0,0,0,0,0,0,0,0,0,0,0,0,0,0,0,0,0,0,0,0,0,0,0,0,0,0,0,0,0,0,0,0,0,0,0,
2,8_4,10_55_42,3.0823,0,0,0,3.082312,,2.229,0.60724,-2.133,11.06936,340.8236,2.174897E-07,0.0000,0.0000,0.0000,0.0000,0.0000,0.0000,0,0,,,,,,,0,0,0,0,0,0,0,0,0,0,0,0,0,0,0,0,0,0,0,0,0,0,0,0,0,0,0,0,0,0,0,0,0,0,0,0,0,0,0,0,0,0,0,0,0,0,0,0,0,0,0,
2,8_4,10_55_42,3.0863,0,0,0,3.086276,,2.229,0.60724,-2.133,11.08903,340.8831,2.175043E-07,0.0000,0.0000,0.0000,0.0000,0.0000,0.0000,0,0,,,,,,,0,0,0,0,0,0,0,0,0,0,0,0,0,0,0,0,0,0,0,0,0,0,0,0,0,0,0,0,0,0,0,0,0,0,0,0,0,0,0,0,0,0,0,0,0,0,0,0,0,0,0,
2,8_4,10_55_42,3.0902,0,0,0,3.09024,,2.229,0.60724,-2.133,11.10892,340.9425,2.175191E-07,0.0000,0.0000,0.0000,0.0000,0.0000,0.0000,0,0,,,,,,,0,0,0,0,0,0,0,0,0,0,0,0,0,0,0,0,0,0,0,0,0,0,0,0,0,0,0,0,0,0,0,0,0,0,0,0,0,0,0,0,0,0,0,0,0,0,0,0,0,0,0,
2,8_4,10_55_42,3.0942,0,0,0,3.094169,,2.229,0.60724,-2.133,11.16771,341.0015,0,0.0000,0.0000,0.0000,0.0000,0.0000,0.0000,0,0,,,,,,,0,0,0,0,0,0,0,0,0,0,0,0,0,0,0,0,0,0,0,0,0,0,0,0,0,0,0,0,0,0,0,0,0,0,0,0,0,0,0,0,0,0,0,0,0,0,0,0,0,0,0,
2,8_4,10_55_42,3.0982,0,0,0,3.098215,,2.229,0.60724,-2.133,11.18804,341.0824,0,0.0000,0.0000,0.0000,0.0000,0.0000,0.0000,0,0,,,,,,,0,0,0,0,0,0,0,0,0,0,0,0,0,0,0,0,0,0,0,0,0,0,0,0,0,0,0,0,0,0,0,0,0,0,0,0,0,0,0,0,0,0,0,0,0,0,0,0,0,0,0,
2,8_4,10_55_42,3.1022,0,0,0,3.102164,,2.229,0.60724,-2.133,11.2276,341.2009,0,0.0000,0.0000,0.0000,0.0000,0.0000,0.0000,0,0,,,,,,,0,0,0,0,0,0,0,0,0,0,0,0,0,0,0,0,0,0,0,0,0,0,0,0,0,0,0,0,0,0,0,0,0,0,0,0,0,0,0,0,0,0,0,0,0,0,0,0,0,0,0,
2,8_4,10_55_42,3.1062,0,0,0,3.106162,,2.229,0.60724,-2.133,11.2676,341.3008,0,0.0000,0.0000,0.0000,0.0000,0.0000,0.0000,0,0,,,,,,,0,0,0,0,0,0,0,0,0,0,0,0,0,0,0,0,0,0,0,0,0,0,0,0,0,0,0,0,0,0,0,0,0,0,0,0,0,0,0,0,0,0,0,0,0,0,0,0,0,0,0,
2,8_4,10_55_42,3.1109,0,0,0,3.11089,,2.229,0.60724,-2.133,11.31503,341.5135,-1.088371E-07,0.0000,0.0000,0.0000,0.0000,0.0000,0.0000,0,0,,,,,,,0,0,0,0,0,0,0,0,0,0,0,0,0,0,0,0,0,0,0,0,0,0,0,0,0,0,0,0,0,0,0,0,0,0,0,0,0,0,0,0,0,0,0,0,0,0,0,0,0,0,0,
2,8_4,10_55_42,3.1148,0,0,0,3.114784,,2.229,0.60724,-2.133,11.37317,341.6304,0,0.0000,0.0000,0.0000,0.0000,0.0000,0.0000,0,0,,,,,,,0,0,0,0,0,0,0,0,0,0,0,0,0,0,0,0,0,0,0,0,0,0,0,0,0,0,0,0,0,0,0,0,0,0,0,0,0,0,0,0,0,0,0,0,0,0,0,0,0,0,0,
2,8_4,10_55_42,3.1191,0,0,0,3.119087,,2.229,0.60724,-2.133,11.41622,341.7594,0,0.0000,0.0000,0.0000,0.0000,0.0000,0.0000,0,0,,,,,,,0,0,0,0,0,0,0,0,0,0,0,0,0,0,0,0,0,0,0,0,0,0,0,0,0,0,0,0,0,0,0,0,0,0,0,0,0,0,0,0,0,0,0,0,0,0,0,0,0,0,0,
2,8_4,10_55_42,3.1233,0,0,0,3.123313,,2.229,0.60724,-2.133,11.43742,341.9496,0,0.0000,0.0000,0.0000,0.0000,0.0000,0.0000,0,0,,,,,,,0,0,0,0,0,0,0,0,0,0,0,0,0,0,0,0,0,0,0,0,0,0,0,0,0,0,0,0,0,0,0,0,0,0,0,0,0,0,0,0,0,0,0,0,0,0,0,0,0,0,0,
2,8_4,10_55_42,3.1277,0,0,0,3.127682,,2.229,0.60724,-2.133,11.48114,342.0807,-1.089008E-07,0.0000,0.0000,0.0000,0.0000,0.0000,0.0000,0,0,,,,,,,0,0,0,0,0,0,0,0,0,0,0,0,0,0,0,0,0,0,0,0,0,0,0,0,0,0,0,0,0,0,0,0,0,0,0,0,0,0,0,0,0,0,0,0,0,0,0,0,0,0,0,
2,8_4,10_55_42,3.1317,0,0,0,3.131738,,2.229,0.60724,-2.133,11.5419,342.2226,0,0.0000,0.0000,0.0000,0.0000,0.0000,0.0000,0,0,,,,,,,0,0,0,0,0,0,0,0,0,0,0,0,0,0,0,0,0,0,0,0,0,0,0,0,0,0,0,0,0,0,0,0,0,0,0,0,0,0,0,0,0,0,0,0,0,0,0,0,0,0,0,
2,8_4,10_55_42,3.1358,0,0,0,3.135836,,2.229,0.60724,-2.133,11.56244,342.3456,0,0.0000,0.0000,0.0000,0.0000,0.0000,0.0000,0,0,,,,,,,0,0,0,0,0,0,0,0,0,0,0,0,0,0,0,0,0,0,0,0,0,0,0,0,0,0,0,0,0,0,0,0,0,0,0,0,0,0,0,0,0,0,0,0,0,0,0,0,0,0,0,
2,8_4,10_55_42,3.1400,0,0,0,3.140037,,2.229,0.60724,-2.133,11.60441,342.4926,0,0.0000,0.0000,0.0000,0.0000,0.0000,0.0000,0,0,,,,,,,0,0,0,0,0,0,0,0,0,0,0,0,0,0,0,0,0,0,0,0,0,0,0,0,0,0,0,0,0,0,0,0,0,0,0,0,0,0,0,0,0,0,0,0,0,0,0,0,0,0,0,
2,8_4,10_55_43,3.1447,0,0,0,3.144748,,2.229,0.60724,-2.133,11.65162,342.6575,0,0.0000,0.0000,0.0000,0.0000,0.0000,0.0000,0,0,,,,,,,0,0,0,0,0,0,0,0,0,0,0,0,0,0,0,0,0,0,0,0,0,0,0,0,0,0,0,0,0,0,0,0,0,0,0,0,0,0,0,0,0,0,0,0,0,0,0,0,0,0,0,
2,8_4,10_55_43,3.1491,0,0,0,3.149077,,2.229,0.60724,-2.133,11.69489,342.7874,0,0.0000,0.0000,0.0000,0.0000,0.0000,0.0000,0,0,,,,,,,0,0,0,0,0,0,0,0,0,0,0,0,0,0,0,0,0,0,0,0,0,0,0,0,0,0,0,0,0,0,0,0,0,0,0,0,0,0,0,0,0,0,0,0,0,0,0,0,0,0,0,
2,8_4,10_55_43,3.1534,0,0,0,3.153394,,2.229,0.60724,-2.133,11.71632,342.9385,-2.179851E-07,0.0000,0.0000,0.0000,0.0000,0.0000,0.0000,0,0,,,,,,,0,0,0,0,0,0,0,0,0,0,0,0,0,0,0,0,0,0,0,0,0,0,0,0,0,0,0,0,0,0,0,0,0,0,0,0,0,0,0,0,0,0,0,0,0,0,0,0,0,0,0,
2,8_4,10_55_43,3.1576,0,0,0,3.157645,,2.229,0.60724,-2.133,11.77992,343.0448,0,0.0000,0.0000,0.0000,0.0000,0.0000,0.0000,0,0,,,,,,,0,0,0,0,0,0,0,0,0,0,0,0,0,0,0,0,0,0,0,0,0,0,0,0,0,0,0,0,0,0,0,0,0,0,0,0,0,0,0,0,0,0,0,0,0,0,0,0,0,0,0,
2,8_4,10_55_43,3.1617,0,0,0,3.161721,,2.229,0.60724,-2.133,11.80024,343.1671,0,0.0000,0.0000,0.0000,0.0000,0.0000,0.0000,0,0,,,,,,,0,0,0,0,0,0,0,0,0,0,0,0,0,0,0,0,0,0,0,0,0,0,0,0,0,0,0,0,0,0,0,0,0,0,0,0,0,0,0,0,0,0,0,0,0,0,0,0,0,0,0,
2,8_4,10_55_43,3.1659,0,0,0,3.165885,,2.229,0.60724,-2.133,11.82101,343.2712,0,0.0000,0.0000,0.0000,0.0000,0.0000,0.0000,0,0,,,,,,,0,0,0,0,0,0,0,0,0,0,0,0,0,0,0,0,0,0,0,0,0,0,0,0,0,0,0,0,0,0,0,0,0,0,0,0,0,0,0,0,0,0,0,0,0,0,0,0,0,0,0,
2,8_4,10_55_43,3.1702,0,0,0,3.170196,,2.229,0.60724,-2.133,11.86428,343.4005,0,0.0000,0.0000,0.0000,0.0000,0.0000,0.0000,0,0,,,,,,,0,0,0,0,0,0,0,0,0,0,0,0,0,0,0,0,0,0,0,0,0,0,0,0,0,0,0,0,0,0,0,0,0,0,0,0,0,0,0,0,0,0,0,0,0,0,0,0,0,0,0,
2,8_4,10_55_43,3.1749,0,0,0,3.174859,,2.229,0.60724,-2.133,11.88745,343.5171,-1.090606E-07,0.0000,0.0000,0.0000,0.0000,0.0000,0.0000,0,0,,,,,,,0,0,0,0,0,0,0,0,0,0,0,0,0,0,0,0,0,0,0,0,0,0,0,0,0,0,0,0,0,0,0,0,0,0,0,0,0,0,0,0,0,0,0,0,0,0,0,0,0,0,0,
2,8_4,10_55_43,3.1793,0,0,0,3.179324,,2.229,0.60724,-2.133,11.88745,343.6287,0,0.0000,0.0000,0.0000,0.0000,0.0000,0.0000,0,0,,,,,,,0,0,0,0,0,0,0,0,0,0,0,0,0,0,0,0,0,0,0,0,0,0,0,0,0,0,0,0,0,0,0,0,0,0,0,0,0,0,0,0,0,0,0,0,0,0,0,0,0,0,0,
2,8_4,10_55_43,3.1833,0,0,0,3.183331,,2.229,0.60724,-2.133,11.90734,343.7289,1.090686E-07,0.0000,0.0000,0.0000,0.0000,0.0000,0.0000,0,0,,,,,,,0,0,0,0,0,0,0,0,0,0,0,0,0,0,0,0,0,0,0,0,0,0,0,0,0,0,0,0,0,0,0,0,0,0,0,0,0,0,0,0,0,0,0,0,0,0,0,0,0,0,0,
2,8_4,10_55_43,3.1897,0,0,0,3.189683,,2.229,0.60724,-2.133,11.97094,343.8559,-1.090942E-07,0.0000,0.0000,0.0000,0.0000,0.0000,0.0000,0,0,,,,,,,0,0,0,0,0,0,0,0,0,0,0,0,0,0,0,0,0,0,0,0,0,0,0,0,0,0,0,0,0,0,0,0,0,0,0,0,0,0,0,0,0,0,0,0,0,0,0,0,0,0,0,
2,8_4,10_55_43,3.1942,0,0,0,3.194232,,2.229,0.60724,-2.133,11.97094,343.9014,1.090942E-07,0.0000,0.0000,0.0000,0.0000,0.0000,0.0000,0,0,,,,,,,0,0,0,0,0,0,0,0,0,0,0,0,0,0,0,0,0,0,0,0,0,0,0,0,0,0,0,0,0,0,0,0,0,0,0,0,0,0,0,0,0,0,0,0,0,0,0,0,0,0,0,
2,8_4,10_55_43,3.1981,0,0,0,3.198066,,2.229,0.60724,-2.133,11.97094,343.9589,1.090942E-07,0.0000,0.0000,0.0000,0.0000,0.0000,0.0000,0,0,,,,,,,0,0,0,0,0,0,0,0,0,0,0,0,0,0,0,0,0,0,0,0,0,0,0,0,0,0,0,0,0,0,0,0,0,0,0,0,0,0,0,0,0,0,0,0,0,0,0,0,0,0,0,
2,8_4,10_55_43,3.2024,0,0,0,3.202384,,2.229,0.60724,-2.133,11.97094,343.9805,1.090942E-07,0.0000,0.0000,0.0000,0.0000,0.0000,0.0000,0,0,,,,,,,0,0,0,0,0,0,0,0,0,0,0,0,0,0,0,0,0,0,0,0,0,0,0,0,0,0,0,0,0,0,0,0,0,0,0,0,0,0,0,0,0,0,0,0,0,0,0,0,0,0,0,
2,8_4,10_55_43,3.2062,0,0,0,3.206191,,2.229,0.60724,-2.133,11.97094,343.9995,-1.090942E-07,0.0000,0.0000,0.0000,0.0000,0.0000,0.0000,0,0,,,,,,,0,0,0,0,0,0,0,0,0,0,0,0,0,0,0,0,0,0,0,0,0,0,0,0,0,0,0,0,0,0,0,0,0,0,0,0,0,0,0,0,0,0,0,0,0,0,0,0,0,0,0,
2,8_4,10_55_43,3.2106,0,0,0,3.210627,,2.229,0.60724,-2.133,11.97094,344.0216,0,0.0000,0.0000,0.0000,0.0000,0.0000,0.0000,0,0,,,,,,,0,0,0,0,0,0,0,0,0,0,0,0,0,0,0,0,0,0,0,0,0,0,0,0,0,0,0,0,0,0,0,0,0,0,0,0,0,0,0,0,0,0,0,0,0,0,0,0,0,0,0,
2,8_4,10_55_43,3.2140,0,0,0,3.214032,,2.229,0.60724,-2.133,11.97094,344.0216,0,0.0000,0.0000,0.0000,0.0000,0.0000,0.0000,0,0,,,,,,,0,0,0,0,0,0,0,0,0,0,0,0,0,0,0,0,0,0,0,0,0,0,0,0,0,0,0,0,0,0,0,0,0,0,0,0,0,0,0,0,0,0,0,0,0,0,0,0,0,0,0,
2,8_4,10_55_43,3.2178,0,0,0,3.217829,,2.229,0.60724,-2.133,11.97094,344.0407,1.090942E-07,0.0000,0.0000,0.0000,0.0000,0.0000,0.0000,0,0,,,,,,,0,0,0,0,0,0,0,0,0,0,0,0,0,0,0,0,0,0,0,0,0,0,0,0,0,0,0,0,0,0,0,0,0,0,0,0,0,0,0,0,0,0,0,0,0,0,0,0,0,0,0,
2,8_4,10_55_43,3.2212,0,0,0,3.221241,,2.229,0.60724,-2.133,11.97094,344.0407,1.090942E-07,0.0000,0.0000,0.0000,0.0000,0.0000,0.0000,0,0,,,,,,,0,0,0,0,0,0,0,0,0,0,0,0,0,0,0,0,0,0,0,0,0,0,0,0,0,0,0,0,0,0,0,0,0,0,0,0,0,0,0,0,0,0,0,0,0,0,0,0,0,0,0,
2,8_4,10_55_43,3.2249,0,0,0,3.22488,,2.229,0.60724,-2.133,11.97094,344.0407,1.090942E-07,0.0000,0.0000,0.0000,0.0000,0.0000,0.0000,0,0,,,,,,,0,0,0,0,0,0,0,0,0,0,0,0,0,0,0,0,0,0,0,0,0,0,0,0,0,0,0,0,0,0,0,0,0,0,0,0,0,0,0,0,0,0,0,0,0,0,0,0,0,0,0,
2,8_4,10_55_43,3.2283,0,0,0,3.228346,,2.229,0.60724,-2.133,11.97094,344.0407,1.090942E-07,0.0000,0.0000,0.0000,0.0000,0.0000,0.0000,0,0,,,,,,,0,0,0,0,0,0,0,0,0,0,0,0,0,0,0,0,0,0,0,0,0,0,0,0,0,0,0,0,0,0,0,0,0,0,0,0,0,0,0,0,0,0,0,0,0,0,0,0,0,0,0,
2,8_4,10_55_43,3.2318,0,0,0,3.231763,,2.229,0.60724,-2.133,11.97094,344.0407,1.090942E-07,0.0000,0.0000,0.0000,0.0000,0.0000,0.0000,0,0,,,,,,,0,0,0,0,0,0,0,0,0,0,0,0,0,0,0,0,0,0,0,0,0,0,0,0,0,0,0,0,0,0,0,0,0,0,0,0,0,0,0,0,0,0,0,0,0,0,0,0,0,0,0,
2,8_4,10_55_43,3.2430,0,0,0,3.242964,,2.229,0.60724,-2.133,11.97094,344.0407,1.090942E-07,0.0000,0.0000,0.0000,0.0000,0.0000,0.0000,0,0,,,,,,,0,0,0,0,0,0,0,0,0,0,0,0,0,0,0,0,0,0,0,0,0,0,0,0,0,0,0,0,0,0,0,0,0,0,0,0,0,0,0,0,0,0,0,0,0,0,0,0,0,0,0,
2,8_4,10_55_43,3.2465,0,0,0,3.246507,,2.229,0.60724,-2.133,11.97094,344.0407,1.090942E-07,0.0000,0.0000,0.0000,0.0000,0.0000,0.0000,0,0,,,,,,,0,0,0,0,0,0,0,0,0,0,0,0,0,0,0,0,0,0,0,0,0,0,0,0,0,0,0,0,0,0,0,0,0,0,0,0,0,0,0,0,0,0,0,0,0,0,0,0,0,0,0,
2,8_4,10_55_43,3.2500,0,0,0,3.249968,,2.229,0.60724,-2.133,11.97094,344.0407,1.090942E-07,0.0000,0.0000,0.0000,0.0000,0.0000,0.0000,0,0,,,,,,,0,0,0,0,0,0,0,0,0,0,0,0,0,0,0,0,0,0,0,0,0,0,0,0,0,0,0,0,0,0,0,0,0,0,0,0,0,0,0,0,0,0,0,0,0,0,0,0,0,0,0,
2,8_4,10_55_43,3.2540,0,0,0,3.253953,,2.229,0.60724,-2.133,11.97094,344.0407,1.090942E-07,0.0000,0.0000,0.0000,0.0000,0.0000,0.0000,0,0,,,,,,,0,0,0,0,0,0,0,0,0,0,0,0,0,0,0,0,0,0,0,0,0,0,0,0,0,0,0,0,0,0,0,0,0,0,0,0,0,0,0,0,0,0,0,0,0,0,0,0,0,0,0,
2,8_4,10_55_43,3.2577,0,0,0,3.257683,,2.229,0.60724,-2.133,11.97094,344.0407,1.090942E-07,0.0000,0.0000,0.0000,0.0000,0.0000,0.0000,0,0,,,,,,,0,0,0,0,0,0,0,0,0,0,0,0,0,0,0,0,0,0,0,0,0,0,0,0,0,0,0,0,0,0,0,0,0,0,0,0,0,0,0,0,0,0,0,0,0,0,0,0,0,0,0,
2,8_4,10_55_43,3.2610,0,0,0,3.26096,,2.229,0.60724,-2.133,11.97094,344.0407,1.090942E-07,0.0000,0.0000,0.0000,0.0000,0.0000,0.0000,0,0,,,,,,,0,0,0,0,0,0,0,0,0,0,0,0,0,0,0,0,0,0,0,0,0,0,0,0,0,0,0,0,0,0,0,0,0,0,0,0,0,0,0,0,0,0,0,0,0,0,0,0,0,0,0,
2,8_4,10_55_43,3.2644,0,0,0,3.264371,,2.229,0.60724,-2.133,11.97094,344.0407,1.090942E-07,0.0000,0.0000,0.0000,0.0000,0.0000,0.0000,0,0,,,,,,,0,0,0,0,0,0,0,0,0,0,0,0,0,0,0,0,0,0,0,0,0,0,0,0,0,0,0,0,0,0,0,0,0,0,0,0,0,0,0,0,0,0,0,0,0,0,0,0,0,0,0,
2,8_4,10_55_43,3.2677,0,0,0,3.267719,,2.229,0.60724,-2.133,11.97094,344.0407,1.090942E-07,0.0000,0.0000,0.0000,0.0000,0.0000,0.0000,0,0,,,,,,,0,0,0,0,0,0,0,0,0,0,0,0,0,0,0,0,0,0,0,0,0,0,0,0,0,0,0,0,0,0,0,0,0,0,0,0,0,0,0,0,0,0,0,0,0,0,0,0,0,0,0,
2,8_4,10_55_43,3.2715,0,0,0,3.271502,,2.229,0.60724,-2.133,11.97094,344.0407,1.090942E-07,0.0000,0.0000,0.0000,0.0000,0.0000,0.0000,0,0,,,,,,,0,0,0,0,0,0,0,0,0,0,0,0,0,0,0,0,0,0,0,0,0,0,0,0,0,0,0,0,0,0,0,0,0,0,0,0,0,0,0,0,0,0,0,0,0,0,0,0,0,0,0,
2,8_4,10_55_43,3.2749,0,0,0,3.274933,,2.229,0.60724,-2.133,11.97094,344.0407,1.090942E-07,0.0000,0.0000,0.0000,0.0000,0.0000,0.0000,0,0,,,,,,,0,0,0,0,0,0,0,0,0,0,0,0,0,0,0,0,0,0,0,0,0,0,0,0,0,0,0,0,0,0,0,0,0,0,0,0,0,0,0,0,0,0,0,0,0,0,0,0,0,0,0,
2,8_4,10_55_43,3.2787,0,0,0,3.27874,,2.229,0.60724,-2.133,11.97094,344.0407,1.090942E-07,0.0000,0.0000,0.0000,0.0000,0.0000,0.0000,0,0,,,,,,,0,0,0,0,0,0,0,0,0,0,0,0,0,0,0,0,0,0,0,0,0,0,0,0,0,0,0,0,0,0,0,0,0,0,0,0,0,0,0,0,0,0,0,0,0,0,0,0,0,0,0,
2,8_4,10_55_43,3.2825,0,0,0,3.282528,,2.229,0.60724,-2.133,11.97094,344.0407,1.090942E-07,0.0000,0.0000,0.0000,0.0000,0.0000,0.0000,0,0,,,,,,,0,0,0,0,0,0,0,0,0,0,0,0,0,0,0,0,0,0,0,0,0,0,0,0,0,0,0,0,0,0,0,0,0,0,0,0,0,0,0,0,0,0,0,0,0,0,0,0,0,0,0,
2,8_4,10_55_43,3.2863,0,0,0,3.286336,,2.229,0.60724,-2.133,11.97094,344.0407,1.090942E-07,0.0000,0.0000,0.0000,0.0000,0.0000,0.0000,0,0,,,,,,,0,0,0,0,0,0,0,0,0,0,0,0,0,0,0,0,0,0,0,0,0,0,0,0,0,0,0,0,0,0,0,0,0,0,0,0,0,0,0,0,0,0,0,0,0,0,0,0,0,0,0,
2,8_4,10_55_43,3.2901,0,0,0,3.290102,,2.229,0.60724,-2.133,11.97094,344.0407,1.090942E-07,0.0000,0.0000,0.0000,0.0000,0.0000,0.0000,0,0,,,,,,,0,0,0,0,0,0,0,0,0,0,0,0,0,0,0,0,0,0,0,0,0,0,0,0,0,0,0,0,0,0,0,0,0,0,0,0,0,0,0,0,0,0,0,0,0,0,0,0,0,0,0,
2,8_4,10_55_43,3.2935,0,0,0,3.293532,,2.229,0.60724,-2.133,11.97094,344.0407,1.090942E-07,0.0000,0.0000,0.0000,0.0000,0.0000,0.0000,0,0,,,,,,,0,0,0,0,0,0,0,0,0,0,0,0,0,0,0,0,0,0,0,0,0,0,0,0,0,0,0,0,0,0,0,0,0,0,0,0,0,0,0,0,0,0,0,0,0,0,0,0,0,0,0,
2,8_4,10_55_43,3.2970,0,0,0,3.297032,,2.229,0.60724,-2.133,11.97094,344.0407,1.090942E-07,0.0000,0.0000,0.0000,0.0000,0.0000,0.0000,0,0,,,,,,,0,0,0,0,0,0,0,0,0,0,0,0,0,0,0,0,0,0,0,0,0,0,0,0,0,0,0,0,0,0,0,0,0,0,0,0,0,0,0,0,0,0,0,0,0,0,0,0,0,0,0,
2,8_4,10_55_43,3.3010,0,0,0,3.301041,,2.229,0.60724,-2.133,11.97094,344.0407,1.090942E-07,0.0000,0.0000,0.0000,0.0000,0.0000,0.0000,0,0,,,,,,,0,0,0,0,0,0,0,0,0,0,0,0,0,0,0,0,0,0,0,0,0,0,0,0,0,0,0,0,0,0,0,0,0,0,0,0,0,0,0,0,0,0,0,0,0,0,0,0,0,0,0,
2,8_4,10_55_43,3.3053,0,0,0,3.305319,,2.229,0.60724,-2.133,11.97094,344.0407,1.090942E-07,0.0000,0.0000,0.0000,0.0000,0.0000,0.0000,0,0,,,,,,,0,0,0,0,0,0,0,0,0,0,0,0,0,0,0,0,0,0,0,0,0,0,0,0,0,0,0,0,0,0,0,0,0,0,0,0,0,0,0,0,0,0,0,0,0,0,0,0,0,0,0,
2,8_4,10_55_43,3.3090,0,0,0,3.308958,,2.229,0.60724,-2.133,11.97094,344.0407,1.090942E-07,0.0000,0.0000,0.0000,0.0000,0.0000,0.0000,0,0,,,,,,,0,0,0,0,0,0,0,0,0,0,0,0,0,0,0,0,0,0,0,0,0,0,0,0,0,0,0,0,0,0,0,0,0,0,0,0,0,0,0,0,0,0,0,0,0,0,0,0,0,0,0,
2,8_4,10_55_43,3.3125,0,0,0,3.312502,,2.229,0.60724,-2.133,11.97094,344.0407,1.090942E-07,0.0000,0.0000,0.0000,0.0000,0.0000,0.0000,0,0,,,,,,,0,0,0,0,0,0,0,0,0,0,0,0,0,0,0,0,0,0,0,0,0,0,0,0,0,0,0,0,0,0,0,0,0,0,0,0,0,0,0,0,0,0,0,0,0,0,0,0,0,0,0,
2,8_4,10_55_43,3.3161,0,0,0,3.316098,,2.229,0.60724,-2.133,11.97094,344.0407,1.090942E-07,0.0000,0.0000,0.0000,0.0000,0.0000,0.0000,0,0,,,,,,,0,0,0,0,0,0,0,0,0,0,0,0,0,0,0,0,0,0,0,0,0,0,0,0,0,0,0,0,0,0,0,0,0,0,0,0,0,0,0,0,0,0,0,0,0,0,0,0,0,0,0,
2,8_4,10_55_43,3.3196,0,0,0,3.319649,,2.229,0.60724,-2.133,11.97094,344.0407,1.090942E-07,0.0000,0.0000,0.0000,0.0000,0.0000,0.0000,0,0,,,,,,,0,0,0,0,0,0,0,0,0,0,0,0,0,0,0,0,0,0,0,0,0,0,0,0,0,0,0,0,0,0,0,0,0,0,0,0,0,0,0,0,0,0,0,0,0,0,0,0,0,0,0,
2,8_4,10_55_43,3.3231,0,0,0,3.323096,,2.229,0.60724,-2.133,11.97094,344.0407,1.090942E-07,0.0000,0.0000,0.0000,0.0000,0.0000,0.0000,0,0,,,,,,,0,0,0,0,0,0,0,0,0,0,0,0,0,0,0,0,0,0,0,0,0,0,0,0,0,0,0,0,0,0,0,0,0,0,0,0,0,0,0,0,0,0,0,0,0,0,0,0,0,0,0,
2,8_4,10_55_43,3.3266,0,0,0,3.326567,,2.229,0.60724,-2.133,11.97094,344.0407,1.090942E-07,0.0000,0.0000,0.0000,0.0000,0.0000,0.0000,0,0,,,,,,,0,0,0,0,0,0,0,0,0,0,0,0,0,0,0,0,0,0,0,0,0,0,0,0,0,0,0,0,0,0,0,0,0,0,0,0,0,0,0,0,0,0,0,0,0,0,0,0,0,0,0,
2,8_4,10_55_43,3.3301,0,0,0,3.330136,,2.229,0.60724,-2.133,11.97094,344.0407,1.090942E-07,0.0000,0.0000,0.0000,0.0000,0.0000,0.0000,0,0,,,,,,,0,0,0,0,0,0,0,0,0,0,0,0,0,0,0,0,0,0,0,0,0,0,0,0,0,0,0,0,0,0,0,0,0,0,0,0,0,0,0,0,0,0,0,0,0,0,0,0,0,0,0,
2,8_4,10_55_43,3.3336,0,0,0,3.333647,,2.229,0.60724,-2.133,11.97094,344.0407,1.090942E-07,0.0000,0.0000,0.0000,0.0000,0.0000,0.0000,0,0,,,,,,,0,0,0,0,0,0,0,0,0,0,0,0,0,0,0,0,0,0,0,0,0,0,0,0,0,0,0,0,0,0,0,0,0,0,0,0,0,0,0,0,0,0,0,0,0,0,0,0,0,0,0,
2,8_4,10_55_43,3.3374,0,0,0,3.337373,,2.229,0.60724,-2.133,11.97094,344.0407,1.090942E-07,0.0000,0.0000,0.0000,0.0000,0.0000,0.0000,0,0,,,,,,,0,0,0,0,0,0,0,0,0,0,0,0,0,0,0,0,0,0,0,0,0,0,0,0,0,0,0,0,0,0,0,0,0,0,0,0,0,0,0,0,0,0,0,0,0,0,0,0,0,0,0,
2,8_4,10_55_43,3.3411,0,0,0,3.341062,,2.229,0.60724,-2.133,11.97094,344.0407,1.090942E-07,0.0000,0.0000,0.0000,0.0000,0.0000,0.0000,0,0,,,,,,,0,0,0,0,0,0,0,0,0,0,0,0,0,0,0,0,0,0,0,0,0,0,0,0,0,0,0,0,0,0,0,0,0,0,0,0,0,0,0,0,0,0,0,0,0,0,0,0,0,0,0,
2,8_4,10_55_43,3.3451,0,0,0,3.345132,,2.229,0.60724,-2.133,11.97094,344.0407,1.090942E-07,0.0000,0.0000,0.0000,0.0000,0.0000,0.0000,0,0,,,,,,,0,0,0,0,0,0,0,0,0,0,0,0,0,0,0,0,0,0,0,0,0,0,0,0,0,0,0,0,0,0,0,0,0,0,0,0,0,0,0,0,0,0,0,0,0,0,0,0,0,0,0,
2,8_4,10_55_43,3.3489,0,0,0,3.348902,,2.229,0.60724,-2.133,11.97094,344.0407,1.090942E-07,0.0000,0.0000,0.0000,0.0000,0.0000,0.0000,0,0,,,,,,,0,0,0,0,0,0,0,0,0,0,0,0,0,0,0,0,0,0,0,0,0,0,0,0,0,0,0,0,0,0,0,0,0,0,0,0,0,0,0,0,0,0,0,0,0,0,0,0,0,0,0,
2,8_4,10_55_43,3.3525,0,0,0,3.352498,,2.229,0.60724,-2.133,11.97094,344.0407,1.090942E-07,0.0000,0.0000,0.0000,0.0000,0.0000,0.0000,0,0,,,,,,,0,0,0,0,0,0,0,0,0,0,0,0,0,0,0,0,0,0,0,0,0,0,0,0,0,0,0,0,0,0,0,0,0,0,0,0,0,0,0,0,0,0,0,0,0,0,0,0,0,0,0,
2,8_4,10_55_43,3.3560,0,0,0,3.355955,,2.229,0.60724,-2.133,11.97094,344.0407,1.090942E-07,0.0000,0.0000,0.0000,0.0000,0.0000,0.0000,0,0,,,,,,,0,0,0,0,0,0,0,0,0,0,0,0,0,0,0,0,0,0,0,0,0,0,0,0,0,0,0,0,0,0,0,0,0,0,0,0,0,0,0,0,0,0,0,0,0,0,0,0,0,0,0,
2,8_4,10_55_43,3.3595,0,0,0,3.359496,,2.229,0.60724,-2.133,11.97094,344.0407,1.090942E-07,0.0000,0.0000,0.0000,0.0000,0.0000,0.0000,0,0,,,,,,,0,0,0,0,0,0,0,0,0,0,0,0,0,0,0,0,0,0,0,0,0,0,0,0,0,0,0,0,0,0,0,0,0,0,0,0,0,0,0,0,0,0,0,0,0,0,0,0,0,0,0,
2,8_4,10_55_43,3.3633,0,0,0,3.363333,,2.229,0.60724,-2.133,11.97094,344.0407,1.090942E-07,0.0000,0.0000,0.0000,0.0000,0.0000,0.0000,0,0,,,,,,,0,0,0,0,0,0,0,0,0,0,0,0,0,0,0,0,0,0,0,0,0,0,0,0,0,0,0,0,0,0,0,0,0,0,0,0,0,0,0,0,0,0,0,0,0,0,0,0,0,0,0,
2,8_4,10_55_43,3.3671,0,0,0,3.367134,,2.229,0.60724,-2.133,11.97094,344.0407,1.090942E-07,0.0000,0.0000,0.0000,0.0000,0.0000,0.0000,0,0,,,,,,,0,0,0,0,0,0,0,0,0,0,0,0,0,0,0,0,0,0,0,0,0,0,0,0,0,0,0,0,0,0,0,0,0,0,0,0,0,0,0,0,0,0,0,0,0,0,0,0,0,0,0,
2,8_4,10_55_43,3.3706,0,0,0,3.370618,,2.229,0.60724,-2.133,11.97094,344.0407,1.090942E-07,0.0000,0.0000,0.0000,0.0000,0.0000,0.0000,0,0,,,,,,,0,0,0,0,0,0,0,0,0,0,0,0,0,0,0,0,0,0,0,0,0,0,0,0,0,0,0,0,0,0,0,0,0,0,0,0,0,0,0,0,0,0,0,0,0,0,0,0,0,0,0,
2,8_4,10_55_43,3.3741,0,0,0,3.374079,,2.229,0.60724,-2.133,11.97094,344.0407,1.090942E-07,0.0000,0.0000,0.0000,0.0000,0.0000,0.0000,0,0,,,,,,,0,0,0,0,0,0,0,0,0,0,0,0,0,0,0,0,0,0,0,0,0,0,0,0,0,0,0,0,0,0,0,0,0,0,0,0,0,0,0,0,0,0,0,0,0,0,0,0,0,0,0,
2,8_4,10_55_43,3.3776,0,0,0,3.377553,,2.229,0.60724,-2.133,11.97094,344.0407,1.090942E-07,0.0000,0.0000,0.0000,0.0000,0.0000,0.0000,0,0,,,,,,,0,0,0,0,0,0,0,0,0,0,0,0,0,0,0,0,0,0,0,0,0,0,0,0,0,0,0,0,0,0,0,0,0,0,0,0,0,0,0,0,0,0,0,0,0,0,0,0,0,0,0,
2,8_4,10_55_43,3.3810,0,0,0,3.381003,,2.229,0.60724,-2.133,11.97094,344.0407,1.090942E-07,0.0000,0.0000,0.0000,0.0000,0.0000,0.0000,0,0,,,,,,,0,0,0,0,0,0,0,0,0,0,0,0,0,0,0,0,0,0,0,0,0,0,0,0,0,0,0,0,0,0,0,0,0,0,0,0,0,0,0,0,0,0,0,0,0,0,0,0,0,0,0,
2,8_4,10_55_43,3.3846,0,0,0,3.384577,,2.229,0.60724,-2.133,11.97094,344.0407,1.090942E-07,0.0000,0.0000,0.0000,0.0000,0.0000,0.0000,0,0,,,,,,,0,0,0,0,0,0,0,0,0,0,0,0,0,0,0,0,0,0,0,0,0,0,0,0,0,0,0,0,0,0,0,0,0,0,0,0,0,0,0,0,0,0,0,0,0,0,0,0,0,0,0,
2,8_4,10_55_43,3.3892,0,0,0,3.389183,,2.229,0.60724,-2.133,11.97094,344.0407,1.090942E-07,0.0000,0.0000,0.0000,0.0000,0.0000,0.0000,0,0,,,,,,,0,0,0,0,0,0,0,0,0,0,0,0,0,0,0,0,0,0,0,0,0,0,0,0,0,0,0,0,0,0,0,0,0,0,0,0,0,0,0,0,0,0,0,0,0,0,0,0,0,0,0,
2,8_4,10_55_43,3.3928,0,0,0,3.392797,,2.229,0.60724,-2.133,11.97094,344.0407,1.090942E-07,0.0000,0.0000,0.0000,0.0000,0.0000,0.0000,0,0,,,,,,,0,0,0,0,0,0,0,0,0,0,0,0,0,0,0,0,0,0,0,0,0,0,0,0,0,0,0,0,0,0,0,0,0,0,0,0,0,0,0,0,0,0,0,0,0,0,0,0,0,0,0,
2,8_4,10_55_43,3.3967,0,0,0,3.396728,,2.229,0.60724,-2.133,11.97094,344.0407,1.090942E-07,0.0000,0.0000,0.0000,0.0000,0.0000,0.0000,0,0,,,,,,,0,0,0,0,0,0,0,0,0,0,0,0,0,0,0,0,0,0,0,0,0,0,0,0,0,0,0,0,0,0,0,0,0,0,0,0,0,0,0,0,0,0,0,0,0,0,0,0,0,0,0,
2,8_4,10_55_43,3.4002,0,0,0,3.400157,,2.229,0.60724,-2.133,11.97094,344.0407,1.090942E-07,0.0000,0.0000,0.0000,0.0000,0.0000,0.0000,0,0,,,,,,,0,0,0,0,0,0,0,0,0,0,0,0,0,0,0,0,0,0,0,0,0,0,0,0,0,0,0,0,0,0,0,0,0,0,0,0,0,0,0,0,0,0,0,0,0,0,0,0,0,0,0,
2,8_4,10_55_43,3.4039,0,0,0,3.40388,,2.229,0.60724,-2.133,11.97094,344.0407,1.090942E-07,0.0000,0.0000,0.0000,0.0000,0.0000,0.0000,0,0,,,,,,,0,0,0,0,0,0,0,0,0,0,0,0,0,0,0,0,0,0,0,0,0,0,0,0,0,0,0,0,0,0,0,0,0,0,0,0,0,0,0,0,0,0,0,0,0,0,0,0,0,0,0,
2,8_4,10_55_43,3.4075,0,0,0,3.407463,,2.229,0.60724,-2.133,11.97094,344.0407,1.090942E-07,0.0000,0.0000,0.0000,0.0000,0.0000,0.0000,0,0,,,,,,,0,0,0,0,0,0,0,0,0,0,0,0,0,0,0,0,0,0,0,0,0,0,0,0,0,0,0,0,0,0,0,0,0,0,0,0,0,0,0,0,0,0,0,0,0,0,0,0,0,0,0,
2,8_4,10_55_43,3.4114,0,0,0,3.411415,,2.229,0.60724,-2.133,11.97094,344.0407,1.090942E-07,0.0000,0.0000,0.0000,0.0000,0.0000,0.0000,0,0,,,,,,,0,0,0,0,0,0,0,0,0,0,0,0,0,0,0,0,0,0,0,0,0,0,0,0,0,0,0,0,0,0,0,0,0,0,0,0,0,0,0,0,0,0,0,0,0,0,0,0,0,0,0,
2,8_4,10_55_43,3.4149,0,0,0,3.414929,,2.229,0.60724,-2.133,11.97094,344.0407,1.090942E-07,0.0000,0.0000,0.0000,0.0000,0.0000,0.0000,0,0,,,,,,,0,0,0,0,0,0,0,0,0,0,0,0,0,0,0,0,0,0,0,0,0,0,0,0,0,0,0,0,0,0,0,0,0,0,0,0,0,0,0,0,0,0,0,0,0,0,0,0,0,0,0,
2,8_4,10_55_43,3.4185,0,0,0,3.418476,,2.229,0.60724,-2.133,11.97094,344.0407,1.090942E-07,0.0000,0.0000,0.0000,0.0000,0.0000,0.0000,0,0,,,,,,,0,0,0,0,0,0,0,0,0,0,0,0,0,0,0,0,0,0,0,0,0,0,0,0,0,0,0,0,0,0,0,0,0,0,0,0,0,0,0,0,0,0,0,0,0,0,0,0,0,0,0,
2,8_4,10_55_43,3.4219,0,0,0,3.421907,,2.229,0.60724,-2.133,11.97094,344.0407,1.090942E-07,0.0000,0.0000,0.0000,0.0000,0.0000,0.0000,0,0,,,,,,,0,0,0,0,0,0,0,0,0,0,0,0,0,0,0,0,0,0,0,0,0,0,0,0,0,0,0,0,0,0,0,0,0,0,0,0,0,0,0,0,0,0,0,0,0,0,0,0,0,0,0,
2,8_4,10_55_43,3.4257,0,0,0,3.425697,,2.229,0.60724,-2.133,11.97094,344.0407,1.090942E-07,0.0000,0.0000,0.0000,0.0000,0.0000,0.0000,0,0,,,,,,,0,0,0,0,0,0,0,0,0,0,0,0,0,0,0,0,0,0,0,0,0,0,0,0,0,0,0,0,0,0,0,0,0,0,0,0,0,0,0,0,0,0,0,0,0,0,0,0,0,0,0,
2,8_4,10_55_43,3.4296,0,0,0,3.429623,,2.229,0.60724,-2.133,11.97094,344.0407,1.090942E-07,0.0000,0.0000,0.0000,0.0000,0.0000,0.0000,0,0,,,,,,,0,0,0,0,0,0,0,0,0,0,0,0,0,0,0,0,0,0,0,0,0,0,0,0,0,0,0,0,0,0,0,0,0,0,0,0,0,0,0,0,0,0,0,0,0,0,0,0,0,0,0,
2,8_4,10_55_43,3.4331,0,0,0,3.433065,,2.229,0.60724,-2.133,11.97094,344.0407,1.090942E-07,0.0000,0.0000,0.0000,0.0000,0.0000,0.0000,0,0,,,,,,,0,0,0,0,0,0,0,0,0,0,0,0,0,0,0,0,0,0,0,0,0,0,0,0,0,0,0,0,0,0,0,0,0,0,0,0,0,0,0,0,0,0,0,0,0,0,0,0,0,0,0,
2,8_4,10_55_43,3.4365,0,0,0,3.436484,,2.229,0.60724,-2.133,11.97094,344.0407,1.090942E-07,0.0000,0.0000,0.0000,0.0000,0.0000,0.0000,0,0,,,,,,,0,0,0,0,0,0,0,0,0,0,0,0,0,0,0,0,0,0,0,0,0,0,0,0,0,0,0,0,0,0,0,0,0,0,0,0,0,0,0,0,0,0,0,0,0,0,0,0,0,0,0,
2,8_4,10_55_43,3.4400,0,0,0,3.440017,,2.229,0.60724,-2.133,11.97094,344.0407,1.090942E-07,0.0000,0.0000,0.0000,0.0000,0.0000,0.0000,0,0,,,,,,,0,0,0,0,0,0,0,0,0,0,0,0,0,0,0,0,0,0,0,0,0,0,0,0,0,0,0,0,0,0,0,0,0,0,0,0,0,0,0,0,0,0,0,0,0,0,0,0,0,0,0,
2,8_4,10_55_43,3.4439,0,0,0,3.443941,,2.229,0.60724,-2.133,11.97094,344.0407,1.090942E-07,0.0000,0.0000,0.0000,0.0000,0.0000,0.0000,0,0,,,,,,,0,0,0,0,0,0,0,0,0,0,0,0,0,0,0,0,0,0,0,0,0,0,0,0,0,0,0,0,0,0,0,0,0,0,0,0,0,0,0,0,0,0,0,0,0,0,0,0,0,0,0,
2,8_4,10_55_43,3.4474,0,0,0,3.447418,,2.229,0.60724,-2.133,11.97094,344.0407,1.090942E-07,0.0000,0.0000,0.0000,0.0000,0.0000,0.0000,0,0,,,,,,,0,0,0,0,0,0,0,0,0,0,0,0,0,0,0,0,0,0,0,0,0,0,0,0,0,0,0,0,0,0,0,0,0,0,0,0,0,0,0,0,0,0,0,0,0,0,0,0,0,0,0,
2,8_4,10_55_43,3.4511,0,0,0,3.451098,,2.229,0.60724,-2.133,11.97094,344.0407,1.090942E-07,0.0000,0.0000,0.0000,0.0000,0.0000,0.0000,0,0,,,,,,,0,0,0,0,0,0,0,0,0,0,0,0,0,0,0,0,0,0,0,0,0,0,0,0,0,0,0,0,0,0,0,0,0,0,0,0,0,0,0,0,0,0,0,0,0,0,0,0,0,0,0,
2,8_4,10_55_43,3.4546,0,0,0,3.454593,,2.229,0.60724,-2.133,11.97094,344.0407,1.090942E-07,0.0000,0.0000,0.0000,0.0000,0.0000,0.0000,0,0,,,,,,,0,0,0,0,0,0,0,0,0,0,0,0,0,0,0,0,0,0,0,0,0,0,0,0,0,0,0,0,0,0,0,0,0,0,0,0,0,0,0,0,0,0,0,0,0,0,0,0,0,0,0,
2,8_4,10_55_43,3.4583,0,0,0,3.458302,,2.229,0.60724,-2.133,11.97094,344.0407,1.090942E-07,0.0000,0.0000,0.0000,0.0000,0.0000,0.0000,0,0,,,,,,,0,0,0,0,0,0,0,0,0,0,0,0,0,0,0,0,0,0,0,0,0,0,0,0,0,0,0,0,0,0,0,0,0,0,0,0,0,0,0,0,0,0,0,0,0,0,0,0,0,0,0,
2,8_4,10_55_43,3.4622,0,0,0,3.462197,,2.229,0.60724,-2.133,11.97094,344.0407,1.090942E-07,0.0000,0.0000,0.0000,0.0000,0.0000,0.0000,0,0,,,,,,,0,0,0,0,0,0,0,0,0,0,0,0,0,0,0,0,0,0,0,0,0,0,0,0,0,0,0,0,0,0,0,0,0,0,0,0,0,0,0,0,0,0,0,0,0,0,0,0,0,0,0,
2,8_4,10_55_43,3.4658,0,0,0,3.465753,,2.229,0.60724,-2.133,11.97094,344.0407,1.090942E-07,0.0000,0.0000,0.0000,0.0000,0.0000,0.0000,0,0,,,,,,,0,0,0,0,0,0,0,0,0,0,0,0,0,0,0,0,0,0,0,0,0,0,0,0,0,0,0,0,0,0,0,0,0,0,0,0,0,0,0,0,0,0,0,0,0,0,0,0,0,0,0,
2,8_4,10_55_43,3.4690,0,0,0,3.469049,,2.229,0.60724,-2.133,11.97094,344.0407,1.090942E-07,0.0000,0.0000,0.0000,0.0000,0.0000,0.0000,0,0,,,,,,,0,0,0,0,0,0,0,0,0,0,0,0,0,0,0,0,0,0,0,0,0,0,0,0,0,0,0,0,0,0,0,0,0,0,0,0,0,0,0,0,0,0,0,0,0,0,0,0,0,0,0,
2,8_4,10_55_43,3.4725,0,0,0,3.472483,,2.229,0.60724,-2.133,11.97094,344.0407,1.090942E-07,0.0000,0.0000,0.0000,0.0000,0.0000,0.0000,0,0,,,,,,,0,0,0,0,0,0,0,0,0,0,0,0,0,0,0,0,0,0,0,0,0,0,0,0,0,0,0,0,0,0,0,0,0,0,0,0,0,0,0,0,0,0,0,0,0,0,0,0,0,0,0,
2,8_4,10_55_43,3.4759,0,0,0,3.475904,,2.229,0.60724,-2.133,11.97094,344.0407,1.090942E-07,0.0000,0.0000,0.0000,0.0000,0.0000,0.0000,0,0,,,,,,,0,0,0,0,0,0,0,0,0,0,0,0,0,0,0,0,0,0,0,0,0,0,0,0,0,0,0,0,0,0,0,0,0,0,0,0,0,0,0,0,0,0,0,0,0,0,0,0,0,0,0,
2,8_4,10_55_43,3.4794,0,0,0,3.479376,,2.229,0.60724,-2.133,11.97094,344.0407,1.090942E-07,0.0000,0.0000,0.0000,0.0000,0.0000,0.0000,0,0,,,,,,,0,0,0,0,0,0,0,0,0,0,0,0,0,0,0,0,0,0,0,0,0,0,0,0,0,0,0,0,0,0,0,0,0,0,0,0,0,0,0,0,0,0,0,0,0,0,0,0,0,0,0,
2,8_4,10_55_43,3.4831,0,0,0,3.48305,,2.229,0.60724,-2.133,11.97094,344.0407,1.090942E-07,0.0000,0.0000,0.0000,0.0000,0.0000,0.0000,0,0,,,,,,,0,0,0,0,0,0,0,0,0,0,0,0,0,0,0,0,0,0,0,0,0,0,0,0,0,0,0,0,0,0,0,0,0,0,0,0,0,0,0,0,0,0,0,0,0,0,0,0,0,0,0,
2,8_4,10_55_43,3.4865,0,0,0,3.486461,,2.229,0.60724,-2.133,11.97094,344.0407,1.090942E-07,0.0000,0.0000,0.0000,0.0000,0.0000,0.0000,0,0,,,,,,,0,0,0,0,0,0,0,0,0,0,0,0,0,0,0,0,0,0,0,0,0,0,0,0,0,0,0,0,0,0,0,0,0,0,0,0,0,0,0,0,0,0,0,0,0,0,0,0,0,0,0,
2,8_4,10_55_43,3.4900,0,0,0,3.489965,,2.229,0.60724,-2.133,11.97094,344.0407,1.090942E-07,0.0000,0.0000,0.0000,0.0000,0.0000,0.0000,0,0,,,,,,,0,0,0,0,0,0,0,0,0,0,0,0,0,0,0,0,0,0,0,0,0,0,0,0,0,0,0,0,0,0,0,0,0,0,0,0,0,0,0,0,0,0,0,0,0,0,0,0,0,0,0,
2,8_4,10_55_43,3.4935,0,0,0,3.493457,,2.229,0.60724,-2.133,11.97094,344.0407,1.090942E-07,0.0000,0.0000,0.0000,0.0000,0.0000,0.0000,0,0,,,,,,,0,0,0,0,0,0,0,0,0,0,0,0,0,0,0,0,0,0,0,0,0,0,0,0,0,0,0,0,0,0,0,0,0,0,0,0,0,0,0,0,0,0,0,0,0,0,0,0,0,0,0,
2,8_4,10_55_43,3.4969,0,0,0,3.496891,,2.229,0.60724,-2.133,11.97094,344.0407,1.090942E-07,0.0000,0.0000,0.0000,0.0000,0.0000,0.0000,0,0,,,,,,,0,0,0,0,0,0,0,0,0,0,0,0,0,0,0,0,0,0,0,0,0,0,0,0,0,0,0,0,0,0,0,0,0,0,0,0,0,0,0,0,0,0,0,0,0,0,0,0,0,0,0,
2,8_4,10_55_43,3.5005,0,0,0,3.500489,,2.229,0.60724,-2.133,11.97094,344.0407,1.090942E-07,0.0000,0.0000,0.0000,0.0000,0.0000,0.0000,0,0,,,,,,,0,0,0,0,0,0,0,0,0,0,0,0,0,0,0,0,0,0,0,0,0,0,0,0,0,0,0,0,0,0,0,0,0,0,0,0,0,0,0,0,0,0,0,0,0,0,0,0,0,0,0,
2,8_4,10_55_43,3.5042,0,0,0,3.504159,,2.229,0.60724,-2.133,11.97094,344.0407,1.090942E-07,0.0000,0.0000,0.0000,0.0000,0.0000,0.0000,0,0,,,,,,,0,0,0,0,0,0,0,0,0,0,0,0,0,0,0,0,0,0,0,0,0,0,0,0,0,0,0,0,0,0,0,0,0,0,0,0,0,0,0,0,0,0,0,0,0,0,0,0,0,0,0,
2,8_4,10_55_43,3.5077,0,0,0,3.50766,,2.229,0.60724,-2.133,11.97094,344.0407,1.090942E-07,0.0000,0.0000,0.0000,0.0000,0.0000,0.0000,0,0,,,,,,,0,0,0,0,0,0,0,0,0,0,0,0,0,0,0,0,0,0,0,0,0,0,0,0,0,0,0,0,0,0,0,0,0,0,0,0,0,0,0,0,0,0,0,0,0,0,0,0,0,0,0,
2,8_4,10_55_43,3.5117,0,0,0,3.511684,,2.229,0.60724,-2.133,11.97094,344.0407,1.090942E-07,0.0000,0.0000,0.0000,0.0000,0.0000,0.0000,0,0,,,,,,,0,0,0,0,0,0,0,0,0,0,0,0,0,0,0,0,0,0,0,0,0,0,0,0,0,0,0,0,0,0,0,0,0,0,0,0,0,0,0,0,0,0,0,0,0,0,0,0,0,0,0,
2,8_4,10_55_43,3.5151,0,0,0,3.515108,,2.229,0.60724,-2.133,11.97094,344.0407,1.090942E-07,0.0000,0.0000,0.0000,0.0000,0.0000,0.0000,0,0,,,,,,,0,0,0,0,0,0,0,0,0,0,0,0,0,0,0,0,0,0,0,0,0,0,0,0,0,0,0,0,0,0,0,0,0,0,0,0,0,0,0,0,0,0,0,0,0,0,0,0,0,0,0,
2,8_4,10_55_43,3.5185,0,0,0,3.518523,,2.229,0.60724,-2.133,11.97094,344.0407,1.090942E-07,0.0000,0.0000,0.0000,0.0000,0.0000,0.0000,0,0,,,,,,,0,0,0,0,0,0,0,0,0,0,0,0,0,0,0,0,0,0,0,0,0,0,0,0,0,0,0,0,0,0,0,0,0,0,0,0,0,0,0,0,0,0,0,0,0,0,0,0,0,0,0,
2,8_4,10_55_43,3.5220,0,0,0,3.521998,,2.229,0.60724,-2.133,11.97094,344.0407,1.090942E-07,0.0000,0.0000,0.0000,0.0000,0.0000,0.0000,0,0,,,,,,,0,0,0,0,0,0,0,0,0,0,0,0,0,0,0,0,0,0,0,0,0,0,0,0,0,0,0,0,0,0,0,0,0,0,0,0,0,0,0,0,0,0,0,0,0,0,0,0,0,0,0,
2,8_4,10_55_43,3.5254,0,0,0,3.525388,,2.229,0.60724,-2.133,11.97094,344.0407,1.090942E-07,0.0000,0.0000,0.0000,0.0000,0.0000,0.0000,0,0,,,,,,,0,0,0,0,0,0,0,0,0,0,0,0,0,0,0,0,0,0,0,0,0,0,0,0,0,0,0,0,0,0,0,0,0,0,0,0,0,0,0,0,0,0,0,0,0,0,0,0,0,0,0,
2,8_4,10_55_43,3.5287,0,0,0,3.528683,,2.229,0.60724,-2.133,11.97094,344.0407,1.090942E-07,0.0000,0.0000,0.0000,0.0000,0.0000,0.0000,0,0,,,,,,,0,0,0,0,0,0,0,0,0,0,0,0,0,0,0,0,0,0,0,0,0,0,0,0,0,0,0,0,0,0,0,0,0,0,0,0,0,0,0,0,0,0,0,0,0,0,0,0,0,0,0,
2,8_4,10_55_43,3.5321,0,0,0,3.532084,,2.229,0.60724,-2.133,11.97094,344.0407,1.090942E-07,0.0000,0.0000,0.0000,0.0000,0.0000,0.0000,0,0,,,,,,,0,0,0,0,0,0,0,0,0,0,0,0,0,0,0,0,0,0,0,0,0,0,0,0,0,0,0,0,0,0,0,0,0,0,0,0,0,0,0,0,0,0,0,0,0,0,0,0,0,0,0,
2,8_4,10_55_43,3.5355,0,0,0,3.535517,,2.229,0.60724,-2.133,11.97094,344.0407,1.090942E-07,0.0000,0.0000,0.0000,0.0000,0.0000,0.0000,0,0,,,,,,,0,0,0,0,0,0,0,0,0,0,0,0,0,0,0,0,0,0,0,0,0,0,0,0,0,0,0,0,0,0,0,0,0,0,0,0,0,0,0,0,0,0,0,0,0,0,0,0,0,0,0,
2,8_4,10_55_43,3.5390,0,0,0,3.538978,,2.229,0.60724,-2.133,11.97094,344.0407,1.090942E-07,0.0000,0.0000,0.0000,0.0000,0.0000,0.0000,0,0,,,,,,,0,0,0,0,0,0,0,0,0,0,0,0,0,0,0,0,0,0,0,0,0,0,0,0,0,0,0,0,0,0,0,0,0,0,0,0,0,0,0,0,0,0,0,0,0,0,0,0,0,0,0,
2,8_4,10_55_43,3.5424,0,0,0,3.542434,,2.229,0.60724,-2.133,11.97094,344.0407,1.090942E-07,0.0000,0.0000,0.0000,0.0000,0.0000,0.0000,0,0,,,,,,,0,0,0,0,0,0,0,0,0,0,0,0,0,0,0,0,0,0,0,0,0,0,0,0,0,0,0,0,0,0,0,0,0,0,0,0,0,0,0,0,0,0,0,0,0,0,0,0,0,0,0,
2,8_4,10_55_43,3.5461,0,0,0,3.546078,,2.229,0.60724,-2.133,11.97094,344.0407,1.090942E-07,0.0000,0.0000,0.0000,0.0000,0.0000,0.0000,0,0,,,,,,,0,0,0,0,0,0,0,0,0,0,0,0,0,0,0,0,0,0,0,0,0,0,0,0,0,0,0,0,0,0,0,0,0,0,0,0,0,0,0,0,0,0,0,0,0,0,0,0,0,0,0,
2,8_4,10_55_43,3.5499,0,0,0,3.549878,,2.229,0.60724,-2.133,11.97094,344.0407,1.090942E-07,0.0000,0.0000,0.0000,0.0000,0.0000,0.0000,0,0,,,,,,,0,0,0,0,0,0,0,0,0,0,0,0,0,0,0,0,0,0,0,0,0,0,0,0,0,0,0,0,0,0,0,0,0,0,0,0,0,0,0,0,0,0,0,0,0,0,0,0,0,0,0,
2,8_4,10_55_43,3.5542,0,0,0,3.55421,,2.229,0.60724,-2.133,11.99258,344.084,-2.182059E-07,0.0000,0.0000,0.0000,0.0000,0.0000,0.0000,0,0,,,,,,,0,0,0,0,0,0,0,0,0,0,0,0,0,0,0,0,0,0,0,0,0,0,0,0,0,0,0,0,0,0,0,0,0,0,0,0,0,0,0,0,0,0,0,0,0,0,0,0,0,0,0,
2,8_4,10_55_43,3.5578,0,0,0,3.557801,,2.229,0.60724,-2.133,11.99258,344.1019,0,0.0000,0.0000,0.0000,0.0000,0.0000,0.0000,0,0,,,,,,,0,0,0,0,0,0,0,0,0,0,0,0,0,0,0,0,0,0,0,0,0,0,0,0,0,0,0,0,0,0,0,0,0,0,0,0,0,0,0,0,0,0,0,0,0,0,0,0,0,0,0,
2,8_4,10_55_43,3.5614,0,0,0,3.561361,,2.229,0.60724,-2.133,11.99258,344.1019,0,0.0000,0.0000,0.0000,0.0000,0.0000,0.0000,0,0,,,,,,,0,0,0,0,0,0,0,0,0,0,0,0,0,0,0,0,0,0,0,0,0,0,0,0,0,0,0,0,0,0,0,0,0,0,0,0,0,0,0,0,0,0,0,0,0,0,0,0,0,0,0,
2,8_4,10_55_43,3.5655,0,0,0,3.565506,,2.229,0.60724,-2.133,11.99258,344.1227,1.091029E-07,0.0000,0.0000,0.0000,0.0000,0.0000,0.0000,0,0,,,,,,,0,0,0,0,0,0,0,0,0,0,0,0,0,0,0,0,0,0,0,0,0,0,0,0,0,0,0,0,0,0,0,0,0,0,0,0,0,0,0,0,0,0,0,0,0,0,0,0,0,0,0,
2,8_4,10_55_43,3.5689,0,0,0,3.568888,,2.229,0.60724,-2.133,11.99258,344.1227,1.091029E-07,0.0000,0.0000,0.0000,0.0000,0.0000,0.0000,0,0,,,,,,,0,0,0,0,0,0,0,0,0,0,0,0,0,0,0,0,0,0,0,0,0,0,0,0,0,0,0,0,0,0,0,0,0,0,0,0,0,0,0,0,0,0,0,0,0,0,0,0,0,0,0,
2,8_4,10_55_43,3.5723,0,0,0,3.572326,,2.229,0.60724,-2.133,11.99258,344.1227,1.091029E-07,0.0000,0.0000,0.0000,0.0000,0.0000,0.0000,0,0,,,,,,,0,0,0,0,0,0,0,0,0,0,0,0,0,0,0,0,0,0,0,0,0,0,0,0,0,0,0,0,0,0,0,0,0,0,0,0,0,0,0,0,0,0,0,0,0,0,0,0,0,0,0,
2,8_4,10_55_43,3.5760,0,0,0,3.575986,,2.229,0.60724,-2.133,11.99258,344.1227,1.091029E-07,0.0000,0.0000,0.0000,0.0000,0.0000,0.0000,0,0,,,,,,,0,0,0,0,0,0,0,0,0,0,0,0,0,0,0,0,0,0,0,0,0,0,0,0,0,0,0,0,0,0,0,0,0,0,0,0,0,0,0,0,0,0,0,0,0,0,0,0,0,0,0,
2,8_4,10_55_43,3.5803,0,0,0,3.580324,,2.229,0.60724,-2.133,11.99258,344.1227,1.091029E-07,0.0000,0.0000,0.0000,0.0000,0.0000,0.0000,0,0,,,,,,,0,0,0,0,0,0,0,0,0,0,0,0,0,0,0,0,0,0,0,0,0,0,0,0,0,0,0,0,0,0,0,0,0,0,0,0,0,0,0,0,0,0,0,0,0,0,0,0,0,0,0,
2,8_4,10_55_43,3.5839,0,0,0,3.583894,,2.229,0.60724,-2.133,11.99258,344.1227,1.091029E-07,0.0000,0.0000,0.0000,0.0000,0.0000,0.0000,0,0,,,,,,,0,0,0,0,0,0,0,0,0,0,0,0,0,0,0,0,0,0,0,0,0,0,0,0,0,0,0,0,0,0,0,0,0,0,0,0,0,0,0,0,0,0,0,0,0,0,0,0,0,0,0,
2,8_4,10_55_43,3.5876,0,0,0,3.587603,,2.229,0.60724,-2.133,11.99258,344.1227,1.091029E-07,0.0000,0.0000,0.0000,0.0000,0.0000,0.0000,0,0,,,,,,,0,0,0,0,0,0,0,0,0,0,0,0,0,0,0,0,0,0,0,0,0,0,0,0,0,0,0,0,0,0,0,0,0,0,0,0,0,0,0,0,0,0,0,0,0,0,0,0,0,0,0,
2,8_4,10_55_43,3.5925,0,0,0,3.592537,,2.229,0.60724,-2.133,11.99258,344.1227,1.091029E-07,0.0000,0.0000,0.0000,0.0000,0.0000,0.0000,0,0,,,,,,,0,0,0,0,0,0,0,0,0,0,0,0,0,0,0,0,0,0,0,0,0,0,0,0,0,0,0,0,0,0,0,0,0,0,0,0,0,0,0,0,0,0,0,0,0,0,0,0,0,0,0,
2,8_4,10_55_43,3.5959,0,0,0,3.595939,,2.229,0.60724,-2.133,11.99258,344.1227,1.091029E-07,0.0000,0.0000,0.0000,0.0000,0.0000,0.0000,0,0,,,,,,,0,0,0,0,0,0,0,0,0,0,0,0,0,0,0,0,0,0,0,0,0,0,0,0,0,0,0,0,0,0,0,0,0,0,0,0,0,0,0,0,0,0,0,0,0,0,0,0,0,0,0,
2,8_4,10_55_43,3.5997,0,0,0,3.599681,,2.229,0.60724,-2.133,11.99258,344.1227,1.091029E-07,0.0000,0.0000,0.0000,0.0000,0.0000,0.0000,0,0,,,,,,,0,0,0,0,0,0,0,0,0,0,0,0,0,0,0,0,0,0,0,0,0,0,0,0,0,0,0,0,0,0,0,0,0,0,0,0,0,0,0,0,0,0,0,0,0,0,0,0,0,0,0,
2,8_4,10_55_43,3.6041,0,0,0,3.604107,,2.229,0.60724,-2.133,11.99258,344.1227,1.091029E-07,0.0000,0.0000,0.0000,0.0000,0.0000,0.0000,0,0,,,,,,,0,0,0,0,0,0,0,0,0,0,0,0,0,0,0,0,0,0,0,0,0,0,0,0,0,0,0,0,0,0,0,0,0,0,0,0,0,0,0,0,0,0,0,0,0,0,0,0,0,0,0,
2,8_4,10_55_43,3.6079,0,0,0,3.607926,,2.229,0.60724,-2.133,11.99258,344.1227,1.091029E-07,0.0000,0.0000,0.0000,0.0000,0.0000,0.0000,0,0,,,,,,,0,0,0,0,0,0,0,0,0,0,0,0,0,0,0,0,0,0,0,0,0,0,0,0,0,0,0,0,0,0,0,0,0,0,0,0,0,0,0,0,0,0,0,0,0,0,0,0,0,0,0,
2,8_4,10_55_43,3.6123,0,0,0,3.612321,,2.229,0.60724,-2.133,11.99258,344.1227,1.091029E-07,0.0000,0.0000,0.0000,0.0000,0.0000,0.0000,0,0,,,,,,,0,0,0,0,0,0,0,0,0,0,0,0,0,0,0,0,0,0,0,0,0,0,0,0,0,0,0,0,0,0,0,0,0,0,0,0,0,0,0,0,0,0,0,0,0,0,0,0,0,0,0,
2,8_4,10_55_43,3.6162,0,0,0,3.616159,,2.229,0.60724,-2.133,11.99258,344.1227,1.091029E-07,0.0000,0.0000,0.0000,0.0000,0.0000,0.0000,0,0,,,,,,,0,0,0,0,0,0,0,0,0,0,0,0,0,0,0,0,0,0,0,0,0,0,0,0,0,0,0,0,0,0,0,0,0,0,0,0,0,0,0,0,0,0,0,0,0,0,0,0,0,0,0,
2,8_4,10_55_43,3.6202,0,0,0,3.620155,,2.229,0.60724,-2.133,11.99258,344.1227,1.091029E-07,0.0000,0.0000,0.0000,0.0000,0.0000,0.0000,0,0,,,,,,,0,0,0,0,0,0,0,0,0,0,0,0,0,0,0,0,0,0,0,0,0,0,0,0,0,0,0,0,0,0,0,0,0,0,0,0,0,0,0,0,0,0,0,0,0,0,0,0,0,0,0,
2,8_4,10_55_43,3.6242,0,0,0,3.624158,,2.229,0.60724,-2.133,11.99258,344.1227,1.091029E-07,0.0000,0.0000,0.0000,0.0000,0.0000,0.0000,0,0,,,,,,,0,0,0,0,0,0,0,0,0,0,0,0,0,0,0,0,0,0,0,0,0,0,0,0,0,0,0,0,0,0,0,0,0,0,0,0,0,0,0,0,0,0,0,0,0,0,0,0,0,0,0,
2,8_4,10_55_43,3.6277,0,0,0,3.62765,,2.229,0.60724,-2.133,11.99258,344.1227,1.091029E-07,0.0000,0.0000,0.0000,0.0000,0.0000,0.0000,0,0,,,,,,,0,0,0,0,0,0,0,0,0,0,0,0,0,0,0,0,0,0,0,0,0,0,0,0,0,0,0,0,0,0,0,0,0,0,0,0,0,0,0,0,0,0,0,0,0,0,0,0,0,0,0,
2,8_4,10_55_43,3.6310,0,0,0,3.630993,,2.229,0.60724,-2.133,11.99258,344.1227,1.091029E-07,0.0000,0.0000,0.0000,0.0000,0.0000,0.0000,0,0,,,,,,,0,0,0,0,0,0,0,0,0,0,0,0,0,0,0,0,0,0,0,0,0,0,0,0,0,0,0,0,0,0,0,0,0,0,0,0,0,0,0,0,0,0,0,0,0,0,0,0,0,0,0,
2,8_4,10_55_43,3.6343,0,0,0,3.634326,,2.229,0.60724,-2.133,11.99258,344.1227,1.091029E-07,0.0000,0.0000,0.0000,0.0000,0.0000,0.0000,0,0,,,,,,,0,0,0,0,0,0,0,0,0,0,0,0,0,0,0,0,0,0,0,0,0,0,0,0,0,0,0,0,0,0,0,0,0,0,0,0,0,0,0,0,0,0,0,0,0,0,0,0,0,0,0,
2,8_4,10_55_43,3.6377,0,0,0,3.637696,,2.229,0.60724,-2.133,11.99258,344.1227,1.091029E-07,0.0000,0.0000,0.0000,0.0000,0.0000,0.0000,0,0,,,,,,,0,0,0,0,0,0,0,0,0,0,0,0,0,0,0,0,0,0,0,0,0,0,0,0,0,0,0,0,0,0,0,0,0,0,0,0,0,0,0,0,0,0,0,0,0,0,0,0,0,0,0,
2,8_4,10_55_43,3.6411,0,0,0,3.641132,,2.229,0.60724,-2.133,11.99258,344.1227,1.091029E-07,0.0000,0.0000,0.0000,0.0000,0.0000,0.0000,0,0,,,,,,,0,0,0,0,0,0,0,0,0,0,0,0,0,0,0,0,0,0,0,0,0,0,0,0,0,0,0,0,0,0,0,0,0,0,0,0,0,0,0,0,0,0,0,0,0,0,0,0,0,0,0,
2,8_4,10_55_43,3.6447,0,0,0,3.644742,,2.229,0.60724,-2.133,11.99258,344.1227,1.091029E-07,0.0000,0.0000,0.0000,0.0000,0.0000,0.0000,0,0,,,,,,,0,0,0,0,0,0,0,0,0,0,0,0,0,0,0,0,0,0,0,0,0,0,0,0,0,0,0,0,0,0,0,0,0,0,0,0,0,0,0,0,0,0,0,0,0,0,0,0,0,0,0,
2,8_4,10_55_43,3.6487,0,0,0,3.648656,,2.229,0.60724,-2.133,11.99258,344.1227,1.091029E-07,0.0000,0.0000,0.0000,0.0000,0.0000,0.0000,0,0,,,,,,,0,0,0,0,0,0,0,0,0,0,0,0,0,0,0,0,0,0,0,0,0,0,0,0,0,0,0,0,0,0,0,0,0,0,0,0,0,0,0,0,0,0,0,0,0,0,0,0,0,0,0,
2,8_4,10_55_43,3.6527,0,0,0,3.652732,,2.229,0.60724,-2.133,11.99258,344.1227,1.091029E-07,0.0000,0.0000,0.0000,0.0000,0.0000,0.0000,0,0,,,,,,,0,0,0,0,0,0,0,0,0,0,0,0,0,0,0,0,0,0,0,0,0,0,0,0,0,0,0,0,0,0,0,0,0,0,0,0,0,0,0,0,0,0,0,0,0,0,0,0,0,0,0,
2,8_4,10_55_43,3.6609,0,0,0,3.660864,,2.229,0.60724,-2.133,11.99258,344.1227,1.091029E-07,0.0000,0.0000,0.0000,0.0000,0.0000,0.0000,0,0,,,,,,,0,0,0,0,0,0,0,0,0,0,0,0,0,0,0,0,0,0,0,0,0,0,0,0,0,0,0,0,0,0,0,0,0,0,0,0,0,0,0,0,0,0,0,0,0,0,0,0,0,0,0,
2,8_4,10_55_43,3.6646,0,0,0,3.664628,,2.229,0.60724,-2.133,11.99258,344.1227,1.091029E-07,0.0000,0.0000,0.0000,0.0000,0.0000,0.0000,0,0,,,,,,,0,0,0,0,0,0,0,0,0,0,0,0,0,0,0,0,0,0,0,0,0,0,0,0,0,0,0,0,0,0,0,0,0,0,0,0,0,0,0,0,0,0,0,0,0,0,0,0,0,0,0,
2,8_4,10_55_43,3.6685,0,0,0,3.668502,,2.229,0.60724,-2.133,11.99258,344.1227,1.091029E-07,0.0000,0.0000,0.0000,0.0000,0.0000,0.0000,0,0,,,,,,,0,0,0,0,0,0,0,0,0,0,0,0,0,0,0,0,0,0,0,0,0,0,0,0,0,0,0,0,0,0,0,0,0,0,0,0,0,0,0,0,0,0,0,0,0,0,0,0,0,0,0,
2,8_4,10_55_43,3.6724,0,0,0,3.672361,,2.229,0.60724,-2.133,11.99258,344.1227,1.091029E-07,0.0000,0.0000,0.0000,0.0000,0.0000,0.0000,0,0,,,,,,,0,0,0,0,0,0,0,0,0,0,0,0,0,0,0,0,0,0,0,0,0,0,0,0,0,0,0,0,0,0,0,0,0,0,0,0,0,0,0,0,0,0,0,0,0,0,0,0,0,0,0,
2,8_4,10_55_43,3.6757,0,0,0,3.675679,,2.229,0.60724,-2.133,11.99258,344.1227,1.091029E-07,0.0000,0.0000,0.0000,0.0000,0.0000,0.0000,0,0,,,,,,,0,0,0,0,0,0,0,0,0,0,0,0,0,0,0,0,0,0,0,0,0,0,0,0,0,0,0,0,0,0,0,0,0,0,0,0,0,0,0,0,0,0,0,0,0,0,0,0,0,0,0,
2,8_4,10_55_43,3.6790,0,0,0,3.679013,,2.229,0.60724,-2.133,11.99258,344.1227,1.091029E-07,0.0000,0.0000,0.0000,0.0000,0.0000,0.0000,0,0,,,,,,,0,0,0,0,0,0,0,0,0,0,0,0,0,0,0,0,0,0,0,0,0,0,0,0,0,0,0,0,0,0,0,0,0,0,0,0,0,0,0,0,0,0,0,0,0,0,0,0,0,0,0,
2,8_4,10_55_43,3.6825,0,0,0,3.68254,,2.229,0.60724,-2.133,11.99258,344.1227,1.091029E-07,0.0000,0.0000,0.0000,0.0000,0.0000,0.0000,0,0,,,,,,,0,0,0,0,0,0,0,0,0,0,0,0,0,0,0,0,0,0,0,0,0,0,0,0,0,0,0,0,0,0,0,0,0,0,0,0,0,0,0,0,0,0,0,0,0,0,0,0,0,0,0,
2,8_4,10_55_43,3.6861,0,0,0,3.686069,,2.229,0.60724,-2.133,11.99258,344.1227,1.091029E-07,0.0000,0.0000,0.0000,0.0000,0.0000,0.0000,0,0,,,,,,,0,0,0,0,0,0,0,0,0,0,0,0,0,0,0,0,0,0,0,0,0,0,0,0,0,0,0,0,0,0,0,0,0,0,0,0,0,0,0,0,0,0,0,0,0,0,0,0,0,0,0,
2,8_4,10_55_43,3.6895,0,0,0,3.689535,,2.229,0.60724,-2.133,11.99258,344.1227,1.091029E-07,0.0000,0.0000,0.0000,0.0000,0.0000,0.0000,0,0,,,,,,,0,0,0,0,0,0,0,0,0,0,0,0,0,0,0,0,0,0,0,0,0,0,0,0,0,0,0,0,0,0,0,0,0,0,0,0,0,0,0,0,0,0,0,0,0,0,0,0,0,0,0,
2,8_4,10_55_43,3.6930,0,0,0,3.693007,,2.229,0.60724,-2.133,11.99258,344.1227,1.091029E-07,0.0000,0.0000,0.0000,0.0000,0.0000,0.0000,0,0,,,,,,,0,0,0,0,0,0,0,0,0,0,0,0,0,0,0,0,0,0,0,0,0,0,0,0,0,0,0,0,0,0,0,0,0,0,0,0,0,0,0,0,0,0,0,0,0,0,0,0,0,0,0,
2,8_4,10_55_43,3.6964,0,0,0,3.696401,,2.229,0.60724,-2.133,11.99258,344.1227,1.091029E-07,0.0000,0.0000,0.0000,0.0000,0.0000,0.0000,0,0,,,,,,,0,0,0,0,0,0,0,0,0,0,0,0,0,0,0,0,0,0,0,0,0,0,0,0,0,0,0,0,0,0,0,0,0,0,0,0,0,0,0,0,0,0,0,0,0,0,0,0,0,0,0,
2,8_4,10_55_43,3.6997,0,0,0,3.699716,,2.229,0.60724,-2.133,11.99258,344.1227,1.091029E-07,0.0000,0.0000,0.0000,0.0000,0.0000,0.0000,0,0,,,,,,,0,0,0,0,0,0,0,0,0,0,0,0,0,0,0,0,0,0,0,0,0,0,0,0,0,0,0,0,0,0,0,0,0,0,0,0,0,0,0,0,0,0,0,0,0,0,0,0,0,0,0,
2,8_4,10_55_43,3.7032,0,0,0,3.703173,,2.229,0.60724,-2.133,11.99258,344.1227,1.091029E-07,0.0000,0.0000,0.0000,0.0000,0.0000,0.0000,0,0,,,,,,,0,0,0,0,0,0,0,0,0,0,0,0,0,0,0,0,0,0,0,0,0,0,0,0,0,0,0,0,0,0,0,0,0,0,0,0,0,0,0,0,0,0,0,0,0,0,0,0,0,0,0,
2,8_4,10_55_43,3.7069,0,0,0,3.70692,,2.229,0.60724,-2.133,11.99258,344.1227,1.091029E-07,0.0000,0.0000,0.0000,0.0000,0.0000,0.0000,0,0,,,,,,,0,0,0,0,0,0,0,0,0,0,0,0,0,0,0,0,0,0,0,0,0,0,0,0,0,0,0,0,0,0,0,0,0,0,0,0,0,0,0,0,0,0,0,0,0,0,0,0,0,0,0,
2,8_4,10_55_43,3.7104,0,0,0,3.710439,,2.229,0.60724,-2.133,11.99258,344.1227,1.091029E-07,0.0000,0.0000,0.0000,0.0000,0.0000,0.0000,0,0,,,,,,,0,0,0,0,0,0,0,0,0,0,0,0,0,0,0,0,0,0,0,0,0,0,0,0,0,0,0,0,0,0,0,0,0,0,0,0,0,0,0,0,0,0,0,0,0,0,0,0,0,0,0,
2,8_4,10_55_43,3.7139,0,0,0,3.713939,,2.229,0.60724,-2.133,11.99258,344.1227,1.091029E-07,0.0000,0.0000,0.0000,0.0000,0.0000,0.0000,0,0,,,,,,,0,0,0,0,0,0,0,0,0,0,0,0,0,0,0,0,0,0,0,0,0,0,0,0,0,0,0,0,0,0,0,0,0,0,0,0,0,0,0,0,0,0,0,0,0,0,0,0,0,0,0,
2,8_4,10_55_43,3.7181,0,0,0,3.71813,,2.229,0.60724,-2.133,11.99258,344.1227,1.091029E-07,0.0000,0.0000,0.0000,0.0000,0.0000,0.0000,0,0,,,,,,,0,0,0,0,0,0,0,0,0,0,0,0,0,0,0,0,0,0,0,0,0,0,0,0,0,0,0,0,0,0,0,0,0,0,0,0,0,0,0,0,0,0,0,0,0,0,0,0,0,0,0,
2,8_4,10_55_43,3.7215,0,0,0,3.721477,,2.229,0.60724,-2.133,11.99258,344.1227,1.091029E-07,0.0000,0.0000,0.0000,0.0000,0.0000,0.0000,0,0,,,,,,,0,0,0,0,0,0,0,0,0,0,0,0,0,0,0,0,0,0,0,0,0,0,0,0,0,0,0,0,0,0,0,0,0,0,0,0,0,0,0,0,0,0,0,0,0,0,0,0,0,0,0,
2,8_4,10_55_43,3.7250,0,0,0,3.724982,,2.229,0.60724,-2.133,11.99258,344.1227,1.091029E-07,0.0000,0.0000,0.0000,0.0000,0.0000,0.0000,0,0,,,,,,,0,0,0,0,0,0,0,0,0,0,0,0,0,0,0,0,0,0,0,0,0,0,0,0,0,0,0,0,0,0,0,0,0,0,0,0,0,0,0,0,0,0,0,0,0,0,0,0,0,0,0,
2,8_4,10_55_43,3.7285,0,0,0,3.728514,,2.229,0.60724,-2.133,11.99258,344.1227,1.091029E-07,0.0000,0.0000,0.0000,0.0000,0.0000,0.0000,0,0,,,,,,,0,0,0,0,0,0,0,0,0,0,0,0,0,0,0,0,0,0,0,0,0,0,0,0,0,0,0,0,0,0,0,0,0,0,0,0,0,0,0,0,0,0,0,0,0,0,0,0,0,0,0,
2,8_4,10_55_43,3.7319,0,0,0,3.731872,,2.229,0.60724,-2.133,11.99258,344.1227,1.091029E-07,0.0000,0.0000,0.0000,0.0000,0.0000,0.0000,0,0,,,,,,,0,0,0,0,0,0,0,0,0,0,0,0,0,0,0,0,0,0,0,0,0,0,0,0,0,0,0,0,0,0,0,0,0,0,0,0,0,0,0,0,0,0,0,0,0,0,0,0,0,0,0,
2,8_4,10_55_43,3.7355,0,0,0,3.735528,,2.229,0.60724,-2.133,11.99258,344.1227,1.091029E-07,0.0000,0.0000,0.0000,0.0000,0.0000,0.0000,0,0,,,,,,,0,0,0,0,0,0,0,0,0,0,0,0,0,0,0,0,0,0,0,0,0,0,0,0,0,0,0,0,0,0,0,0,0,0,0,0,0,0,0,0,0,0,0,0,0,0,0,0,0,0,0,
2,8_4,10_55_43,3.7391,0,0,0,3.739119,,2.229,0.60724,-2.133,11.99258,344.1227,1.091029E-07,0.0000,0.0000,0.0000,0.0000,0.0000,0.0000,0,0,,,,,,,0,0,0,0,0,0,0,0,0,0,0,0,0,0,0,0,0,0,0,0,0,0,0,0,0,0,0,0,0,0,0,0,0,0,0,0,0,0,0,0,0,0,0,0,0,0,0,0,0,0,0,
2,8_4,10_55_43,3.7430,0,0,0,3.743007,,2.229,0.60724,-2.133,11.99258,344.1227,1.091029E-07,0.0000,0.0000,0.0000,0.0000,0.0000,0.0000,0,0,,,,,,,0,0,0,0,0,0,0,0,0,0,0,0,0,0,0,0,0,0,0,0,0,0,0,0,0,0,0,0,0,0,0,0,0,0,0,0,0,0,0,0,0,0,0,0,0,0,0,0,0,0,0,
2,8_4,10_55_43,3.7468,0,0,0,3.746788,,2.229,0.60724,-2.133,11.99258,344.1227,1.091029E-07,0.0000,0.0000,0.0000,0.0000,0.0000,0.0000,0,0,,,,,,,0,0,0,0,0,0,0,0,0,0,0,0,0,0,0,0,0,0,0,0,0,0,0,0,0,0,0,0,0,0,0,0,0,0,0,0,0,0,0,0,0,0,0,0,0,0,0,0,0,0,0,
2,8_4,10_55_43,3.7509,0,0,0,3.750875,,2.229,0.60724,-2.133,11.99258,344.1227,1.091029E-07,0.0000,0.0000,0.0000,0.0000,0.0000,0.0000,0,0,,,,,,,0,0,0,0,0,0,0,0,0,0,0,0,0,0,0,0,0,0,0,0,0,0,0,0,0,0,0,0,0,0,0,0,0,0,0,0,0,0,0,0,0,0,0,0,0,0,0,0,0,0,0,
2,8_4,10_55_43,3.7547,0,0,0,3.754715,,2.229,0.60724,-2.133,11.99258,344.1227,1.091029E-07,0.0000,0.0000,0.0000,0.0000,0.0000,0.0000,0,0,,,,,,,0,0,0,0,0,0,0,0,0,0,0,0,0,0,0,0,0,0,0,0,0,0,0,0,0,0,0,0,0,0,0,0,0,0,0,0,0,0,0,0,0,0,0,0,0,0,0,0,0,0,0,
2,8_4,10_55_43,3.7581,0,0,0,3.758079,,2.229,0.60724,-2.133,11.99258,344.1227,1.091029E-07,0.0000,0.0000,0.0000,0.0000,0.0000,0.0000,0,0,,,,,,,0,0,0,0,0,0,0,0,0,0,0,0,0,0,0,0,0,0,0,0,0,0,0,0,0,0,0,0,0,0,0,0,0,0,0,0,0,0,0,0,0,0,0,0,0,0,0,0,0,0,0,
2,8_4,10_55_43,3.7614,0,0,0,3.761359,,2.229,0.60724,-2.133,11.99258,344.1227,1.091029E-07,0.0000,0.0000,0.0000,0.0000,0.0000,0.0000,0,0,,,,,,,0,0,0,0,0,0,0,0,0,0,0,0,0,0,0,0,0,0,0,0,0,0,0,0,0,0,0,0,0,0,0,0,0,0,0,0,0,0,0,0,0,0,0,0,0,0,0,0,0,0,0,
2,8_4,10_55_43,3.7648,0,0,0,3.764798,,2.229,0.60724,-2.133,11.99258,344.1227,1.091029E-07,0.0000,0.0000,0.0000,0.0000,0.0000,0.0000,0,0,,,,,,,0,0,0,0,0,0,0,0,0,0,0,0,0,0,0,0,0,0,0,0,0,0,0,0,0,0,0,0,0,0,0,0,0,0,0,0,0,0,0,0,0,0,0,0,0,0,0,0,0,0,0,
2,8_4,10_55_43,3.7683,0,0,0,3.768271,,2.229,0.60724,-2.133,11.99258,344.1227,1.091029E-07,0.0000,0.0000,0.0000,0.0000,0.0000,0.0000,0,0,,,,,,,0,0,0,0,0,0,0,0,0,0,0,0,0,0,0,0,0,0,0,0,0,0,0,0,0,0,0,0,0,0,0,0,0,0,0,0,0,0,0,0,0,0,0,0,0,0,0,0,0,0,0,
2,8_4,10_55_43,3.7717,0,0,0,3.771719,,2.229,0.60724,-2.133,11.99258,344.1227,1.091029E-07,0.0000,0.0000,0.0000,0.0000,0.0000,0.0000,0,0,,,,,,,0,0,0,0,0,0,0,0,0,0,0,0,0,0,0,0,0,0,0,0,0,0,0,0,0,0,0,0,0,0,0,0,0,0,0,0,0,0,0,0,0,0,0,0,0,0,0,0,0,0,0,
2,8_4,10_55_43,3.7750,0,0,0,3.774964,,2.229,0.60724,-2.133,11.99258,344.1227,1.091029E-07,0.0000,0.0000,0.0000,0.0000,0.0000,0.0000,0,0,,,,,,,0,0,0,0,0,0,0,0,0,0,0,0,0,0,0,0,0,0,0,0,0,0,0,0,0,0,0,0,0,0,0,0,0,0,0,0,0,0,0,0,0,0,0,0,0,0,0,0,0,0,0,
2,8_4,10_55_43,3.7783,0,0,0,3.778285,,2.229,0.60724,-2.133,11.99258,344.1227,1.091029E-07,0.0000,0.0000,0.0000,0.0000,0.0000,0.0000,0,0,,,,,,,0,0,0,0,0,0,0,0,0,0,0,0,0,0,0,0,0,0,0,0,0,0,0,0,0,0,0,0,0,0,0,0,0,0,0,0,0,0,0,0,0,0,0,0,0,0,0,0,0,0,0,
2,8_4,10_55_43,3.7818,0,0,0,3.781804,,2.229,0.60724,-2.133,11.99258,344.1227,1.091029E-07,0.0000,0.0000,0.0000,0.0000,0.0000,0.0000,0,0,,,,,,,0,0,0,0,0,0,0,0,0,0,0,0,0,0,0,0,0,0,0,0,0,0,0,0,0,0,0,0,0,0,0,0,0,0,0,0,0,0,0,0,0,0,0,0,0,0,0,0,0,0,0,
2,8_4,10_55_43,3.7853,0,0,0,3.785294,,2.229,0.60724,-2.133,11.99258,344.1227,1.091029E-07,0.0000,0.0000,0.0000,0.0000,0.0000,0.0000,0,0,,,,,,,0,0,0,0,0,0,0,0,0,0,0,0,0,0,0,0,0,0,0,0,0,0,0,0,0,0,0,0,0,0,0,0,0,0,0,0,0,0,0,0,0,0,0,0,0,0,0,0,0,0,0,
2,8_4,10_55_43,3.7887,0,0,0,3.78874,,2.229,0.60724,-2.133,11.99258,344.1227,1.091029E-07,0.0000,0.0000,0.0000,0.0000,0.0000,0.0000,0,0,,,,,,,0,0,0,0,0,0,0,0,0,0,0,0,0,0,0,0,0,0,0,0,0,0,0,0,0,0,0,0,0,0,0,0,0,0,0,0,0,0,0,0,0,0,0,0,0,0,0,0,0,0,0,
2,8_4,10_55_43,3.7937,0,0,0,3.793657,,2.229,0.60724,-2.133,11.99258,344.1227,1.091029E-07,0.0000,0.0000,0.0000,0.0000,0.0000,0.0000,0,0,,,,,,,0,0,0,0,0,0,0,0,0,0,0,0,0,0,0,0,0,0,0,0,0,0,0,0,0,0,0,0,0,0,0,0,0,0,0,0,0,0,0,0,0,0,0,0,0,0,0,0,0,0,0,
2,8_4,10_55_43,3.7971,0,0,0,3.797088,,2.229,0.60724,-2.133,11.99258,344.1227,1.091029E-07,0.0000,0.0000,0.0000,0.0000,0.0000,0.0000,0,0,,,,,,,0,0,0,0,0,0,0,0,0,0,0,0,0,0,0,0,0,0,0,0,0,0,0,0,0,0,0,0,0,0,0,0,0,0,0,0,0,0,0,0,0,0,0,0,0,0,0,0,0,0,0,
2,8_4,10_55_43,3.8006,0,0,0,3.800581,,2.229,0.60724,-2.133,11.99258,344.1227,1.091029E-07,0.0000,0.0000,0.0000,0.0000,0.0000,0.0000,0,0,,,,,,,0,0,0,0,0,0,0,0,0,0,0,0,0,0,0,0,0,0,0,0,0,0,0,0,0,0,0,0,0,0,0,0,0,0,0,0,0,0,0,0,0,0,0,0,0,0,0,0,0,0,0,
2,8_4,10_55_43,3.8041,0,0,0,3.804139,,2.229,0.60724,-2.133,11.99258,344.1227,1.091029E-07,0.0000,0.0000,0.0000,0.0000,0.0000,0.0000,0,0,,,,,,,0,0,0,0,0,0,0,0,0,0,0,0,0,0,0,0,0,0,0,0,0,0,0,0,0,0,0,0,0,0,0,0,0,0,0,0,0,0,0,0,0,0,0,0,0,0,0,0,0,0,0,
2,8_4,10_55_43,3.8077,0,0,0,3.807722,,2.229,0.60724,-2.133,11.99258,344.1227,1.091029E-07,0.0000,0.0000,0.0000,0.0000,0.0000,0.0000,0,0,,,,,,,0,0,0,0,0,0,0,0,0,0,0,0,0,0,0,0,0,0,0,0,0,0,0,0,0,0,0,0,0,0,0,0,0,0,0,0,0,0,0,0,0,0,0,0,0,0,0,0,0,0,0,
2,8_4,10_55_43,3.8112,0,0,0,3.811204,,2.229,0.60724,-2.133,11.99258,344.1227,1.091029E-07,0.0000,0.0000,0.0000,0.0000,0.0000,0.0000,0,0,,,,,,,0,0,0,0,0,0,0,0,0,0,0,0,0,0,0,0,0,0,0,0,0,0,0,0,0,0,0,0,0,0,0,0,0,0,0,0,0,0,0,0,0,0,0,0,0,0,0,0,0,0,0,
2,8_4,10_55_43,3.8152,0,0,0,3.8152,,2.229,0.60724,-2.133,11.99258,344.1227,1.091029E-07,0.0000,0.0000,0.0000,0.0000,0.0000,0.0000,0,0,,,,,,,0,0,0,0,0,0,0,0,0,0,0,0,0,0,0,0,0,0,0,0,0,0,0,0,0,0,0,0,0,0,0,0,0,0,0,0,0,0,0,0,0,0,0,0,0,0,0,0,0,0,0,
2,8_4,10_55_43,3.8189,0,0,0,3.818906,,2.229,0.60724,-2.133,11.99258,344.1227,1.091029E-07,0.0000,0.0000,0.0000,0.0000,0.0000,0.0000,0,0,,,,,,,0,0,0,0,0,0,0,0,0,0,0,0,0,0,0,0,0,0,0,0,0,0,0,0,0,0,0,0,0,0,0,0,0,0,0,0,0,0,0,0,0,0,0,0,0,0,0,0,0,0,0,
2,8_4,10_55_43,3.8224,0,0,0,3.822352,,2.229,0.60724,-2.133,11.99258,344.1227,1.091029E-07,0.0000,0.0000,0.0000,0.0000,0.0000,0.0000,0,0,,,,,,,0,0,0,0,0,0,0,0,0,0,0,0,0,0,0,0,0,0,0,0,0,0,0,0,0,0,0,0,0,0,0,0,0,0,0,0,0,0,0,0,0,0,0,0,0,0,0,0,0,0,0,
2,8_4,10_55_43,3.8260,0,0,0,3.825951,,2.229,0.60724,-2.133,11.99258,344.1227,1.091029E-07,0.0000,0.0000,0.0000,0.0000,0.0000,0.0000,0,0,,,,,,,0,0,0,0,0,0,0,0,0,0,0,0,0,0,0,0,0,0,0,0,0,0,0,0,0,0,0,0,0,0,0,0,0,0,0,0,0,0,0,0,0,0,0,0,0,0,0,0,0,0,0,
2,8_4,10_55_43,3.8294,0,0,0,3.829424,,2.229,0.60724,-2.133,11.99258,344.1227,1.091029E-07,0.0000,0.0000,0.0000,0.0000,0.0000,0.0000,0,0,,,,,,,0,0,0,0,0,0,0,0,0,0,0,0,0,0,0,0,0,0,0,0,0,0,0,0,0,0,0,0,0,0,0,0,0,0,0,0,0,0,0,0,0,0,0,0,0,0,0,0,0,0,0,
2,8_4,10_55_43,3.8328,0,0,0,3.832765,,2.229,0.60724,-2.133,11.99258,344.1227,1.091029E-07,0.0000,0.0000,0.0000,0.0000,0.0000,0.0000,0,0,,,,,,,0,0,0,0,0,0,0,0,0,0,0,0,0,0,0,0,0,0,0,0,0,0,0,0,0,0,0,0,0,0,0,0,0,0,0,0,0,0,0,0,0,0,0,0,0,0,0,0,0,0,0,
2,8_4,10_55_43,3.8360,0,0,0,3.836039,,2.229,0.60724,-2.133,11.99258,344.1227,1.091029E-07,0.0000,0.0000,0.0000,0.0000,0.0000,0.0000,0,0,,,,,,,0,0,0,0,0,0,0,0,0,0,0,0,0,0,0,0,0,0,0,0,0,0,0,0,0,0,0,0,0,0,0,0,0,0,0,0,0,0,0,0,0,0,0,0,0,0,0,0,0,0,0,
2,8_4,10_55_43,3.8394,0,0,0,3.839439,,2.229,0.60724,-2.133,11.99258,344.1227,1.091029E-07,0.0000,0.0000,0.0000,0.0000,0.0000,0.0000,0,0,,,,,,,0,0,0,0,0,0,0,0,0,0,0,0,0,0,0,0,0,0,0,0,0,0,0,0,0,0,0,0,0,0,0,0,0,0,0,0,0,0,0,0,0,0,0,0,0,0,0,0,0,0,0,
2,8_4,10_55_43,3.8430,0,0,0,3.842977,,2.229,0.60724,-2.133,11.99258,344.1227,1.091029E-07,0.0000,0.0000,0.0000,0.0000,0.0000,0.0000,0,0,,,,,,,0,0,0,0,0,0,0,0,0,0,0,0,0,0,0,0,0,0,0,0,0,0,0,0,0,0,0,0,0,0,0,0,0,0,0,0,0,0,0,0,0,0,0,0,0,0,0,0,0,0,0,
2,8_4,10_55_43,3.8465,0,0,0,3.846502,,2.229,0.60724,-2.133,11.99258,344.1227,1.091029E-07,0.0000,0.0000,0.0000,0.0000,0.0000,0.0000,0,0,,,,,,,0,0,0,0,0,0,0,0,0,0,0,0,0,0,0,0,0,0,0,0,0,0,0,0,0,0,0,0,0,0,0,0,0,0,0,0,0,0,0,0,0,0,0,0,0,0,0,0,0,0,0,
2,8_4,10_55_43,3.8499,0,0,0,3.849861,,2.229,0.60724,-2.133,11.99258,344.1227,1.091029E-07,0.0000,0.0000,0.0000,0.0000,0.0000,0.0000,0,0,,,,,,,0,0,0,0,0,0,0,0,0,0,0,0,0,0,0,0,0,0,0,0,0,0,0,0,0,0,0,0,0,0,0,0,0,0,0,0,0,0,0,0,0,0,0,0,0,0,0,0,0,0,0,
2,8_4,10_55_43,3.8533,0,0,0,3.853297,,2.229,0.60724,-2.133,11.99258,344.1227,1.091029E-07,0.0000,0.0000,0.0000,0.0000,0.0000,0.0000,0,0,,,,,,,0,0,0,0,0,0,0,0,0,0,0,0,0,0,0,0,0,0,0,0,0,0,0,0,0,0,0,0,0,0,0,0,0,0,0,0,0,0,0,0,0,0,0,0,0,0,0,0,0,0,0,
2,8_4,10_55_43,3.8566,0,0,0,3.856582,,2.229,0.60724,-2.133,11.99258,344.1227,1.091029E-07,0.0000,0.0000,0.0000,0.0000,0.0000,0.0000,0,0,,,,,,,0,0,0,0,0,0,0,0,0,0,0,0,0,0,0,0,0,0,0,0,0,0,0,0,0,0,0,0,0,0,0,0,0,0,0,0,0,0,0,0,0,0,0,0,0,0,0,0,0,0,0,
2,8_4,10_55_43,3.8600,0,0,0,3.860034,,2.229,0.60724,-2.133,11.99258,344.1227,1.091029E-07,0.0000,0.0000,0.0000,0.0000,0.0000,0.0000,0,0,,,,,,,0,0,0,0,0,0,0,0,0,0,0,0,0,0,0,0,0,0,0,0,0,0,0,0,0,0,0,0,0,0,0,0,0,0,0,0,0,0,0,0,0,0,0,0,0,0,0,0,0,0,0,
2,8_4,10_55_43,3.8636,0,0,0,3.86361,,2.229,0.60724,-2.133,11.99258,344.1227,1.091029E-07,0.0000,0.0000,0.0000,0.0000,0.0000,0.0000,0,0,,,,,,,0,0,0,0,0,0,0,0,0,0,0,0,0,0,0,0,0,0,0,0,0,0,0,0,0,0,0,0,0,0,0,0,0,0,0,0,0,0,0,0,0,0,0,0,0,0,0,0,0,0,0,
2,8_4,10_55_43,3.8674,0,0,0,3.867431,,2.229,0.60724,-2.133,11.99258,344.1227,1.091029E-07,0.0000,0.0000,0.0000,0.0000,0.0000,0.0000,0,0,,,,,,,0,0,0,0,0,0,0,0,0,0,0,0,0,0,0,0,0,0,0,0,0,0,0,0,0,0,0,0,0,0,0,0,0,0,0,0,0,0,0,0,0,0,0,0,0,0,0,0,0,0,0,
2,8_4,10_55_43,3.8709,0,0,0,3.870869,,2.229,0.60724,-2.133,11.99258,344.1227,1.091029E-07,0.0000,0.0000,0.0000,0.0000,0.0000,0.0000,0,0,,,,,,,0,0,0,0,0,0,0,0,0,0,0,0,0,0,0,0,0,0,0,0,0,0,0,0,0,0,0,0,0,0,0,0,0,0,0,0,0,0,0,0,0,0,0,0,0,0,0,0,0,0,0,
2,8_4,10_55_43,3.8745,0,0,0,3.874467,,2.229,0.60724,-2.133,11.99258,344.1227,1.091029E-07,0.0000,0.0000,0.0000,0.0000,0.0000,0.0000,0,0,,,,,,,0,0,0,0,0,0,0,0,0,0,0,0,0,0,0,0,0,0,0,0,0,0,0,0,0,0,0,0,0,0,0,0,0,0,0,0,0,0,0,0,0,0,0,0,0,0,0,0,0,0,0,
2,8_4,10_55_43,3.8779,0,0,0,3.877876,,2.229,0.60724,-2.133,11.99258,344.1227,1.091029E-07,0.0000,0.0000,0.0000,0.0000,0.0000,0.0000,0,0,,,,,,,0,0,0,0,0,0,0,0,0,0,0,0,0,0,0,0,0,0,0,0,0,0,0,0,0,0,0,0,0,0,0,0,0,0,0,0,0,0,0,0,0,0,0,0,0,0,0,0,0,0,0,
2,8_4,10_55_43,3.8813,0,0,0,3.881338,,2.229,0.60724,-2.133,11.99258,344.1227,1.091029E-07,0.0000,0.0000,0.0000,0.0000,0.0000,0.0000,0,0,,,,,,,0,0,0,0,0,0,0,0,0,0,0,0,0,0,0,0,0,0,0,0,0,0,0,0,0,0,0,0,0,0,0,0,0,0,0,0,0,0,0,0,0,0,0,0,0,0,0,0,0,0,0,
2,8_4,10_55_43,3.8853,0,0,0,3.88529,,2.229,0.60724,-2.133,11.99258,344.1227,1.091029E-07,0.0000,0.0000,0.0000,0.0000,0.0000,0.0000,0,0,,,,,,,0,0,0,0,0,0,0,0,0,0,0,0,0,0,0,0,0,0,0,0,0,0,0,0,0,0,0,0,0,0,0,0,0,0,0,0,0,0,0,0,0,0,0,0,0,0,0,0,0,0,0,
2,8_4,10_55_43,3.8889,0,0,0,3.888852,,2.229,0.60724,-2.133,11.99258,344.1227,1.091029E-07,0.0000,0.0000,0.0000,0.0000,0.0000,0.0000,0,0,,,,,,,0,0,0,0,0,0,0,0,0,0,0,0,0,0,0,0,0,0,0,0,0,0,0,0,0,0,0,0,0,0,0,0,0,0,0,0,0,0,0,0,0,0,0,0,0,0,0,0,0,0,0,
2,8_4,10_55_43,3.8923,0,0,0,3.892328,,2.229,0.60724,-2.133,11.99258,344.1227,1.091029E-07,0.0000,0.0000,0.0000,0.0000,0.0000,0.0000,0,0,,,,,,,0,0,0,0,0,0,0,0,0,0,0,0,0,0,0,0,0,0,0,0,0,0,0,0,0,0,0,0,0,0,0,0,0,0,0,0,0,0,0,0,0,0,0,0,0,0,0,0,0,0,0,
2,8_4,10_55_43,3.8957,0,0,0,3.895668,,2.229,0.60724,-2.133,11.99258,344.1227,1.091029E-07,0.0000,0.0000,0.0000,0.0000,0.0000,0.0000,0,0,,,,,,,0,0,0,0,0,0,0,0,0,0,0,0,0,0,0,0,0,0,0,0,0,0,0,0,0,0,0,0,0,0,0,0,0,0,0,0,0,0,0,0,0,0,0,0,0,0,0,0,0,0,0,
2,8_4,10_55_43,3.8994,0,0,0,3.899351,,2.229,0.60724,-2.133,11.99258,344.1227,1.091029E-07,0.0000,0.0000,0.0000,0.0000,0.0000,0.0000,0,0,,,,,,,0,0,0,0,0,0,0,0,0,0,0,0,0,0,0,0,0,0,0,0,0,0,0,0,0,0,0,0,0,0,0,0,0,0,0,0,0,0,0,0,0,0,0,0,0,0,0,0,0,0,0,
2,8_4,10_55_43,3.9035,0,0,0,3.903483,,2.229,0.60724,-2.133,11.99258,344.1227,1.091029E-07,0.0000,0.0000,0.0000,0.0000,0.0000,0.0000,0,0,,,,,,,0,0,0,0,0,0,0,0,0,0,0,0,0,0,0,0,0,0,0,0,0,0,0,0,0,0,0,0,0,0,0,0,0,0,0,0,0,0,0,0,0,0,0,0,0,0,0,0,0,0,0,
2,8_4,10_55_43,3.9071,0,0,0,3.90707,,2.229,0.60724,-2.133,11.99258,344.1227,1.091029E-07,0.0000,0.0000,0.0000,0.0000,0.0000,0.0000,0,0,,,,,,,0,0,0,0,0,0,0,0,0,0,0,0,0,0,0,0,0,0,0,0,0,0,0,0,0,0,0,0,0,0,0,0,0,0,0,0,0,0,0,0,0,0,0,0,0,0,0,0,0,0,0,
2,8_4,10_55_43,3.9106,0,0,0,3.910636,,2.229,0.60724,-2.133,11.99258,344.1227,1.091029E-07,0.0000,0.0000,0.0000,0.0000,0.0000,0.0000,0,0,,,,,,,0,0,0,0,0,0,0,0,0,0,0,0,0,0,0,0,0,0,0,0,0,0,0,0,0,0,0,0,0,0,0,0,0,0,0,0,0,0,0,0,0,0,0,0,0,0,0,0,0,0,0,
2,8_4,10_55_43,3.9148,0,0,0,3.914758,,2.229,0.60724,-2.133,11.99258,344.1227,1.091029E-07,0.0000,0.0000,0.0000,0.0000,0.0000,0.0000,0,0,,,,,,,0,0,0,0,0,0,0,0,0,0,0,0,0,0,0,0,0,0,0,0,0,0,0,0,0,0,0,0,0,0,0,0,0,0,0,0,0,0,0,0,0,0,0,0,0,0,0,0,0,0,0,
2,8_4,10_55_43,3.9181,0,0,0,3.918147,,2.229,0.60724,-2.133,11.99258,344.1227,1.091029E-07,0.0000,0.0000,0.0000,0.0000,0.0000,0.0000,0,0,,,,,,,0,0,0,0,0,0,0,0,0,0,0,0,0,0,0,0,0,0,0,0,0,0,0,0,0,0,0,0,0,0,0,0,0,0,0,0,0,0,0,0,0,0,0,0,0,0,0,0,0,0,0,
2,8_4,10_55_43,3.9217,0,0,0,3.921745,,2.229,0.60724,-2.133,11.99258,344.1227,1.091029E-07,0.0000,0.0000,0.0000,0.0000,0.0000,0.0000,0,0,,,,,,,0,0,0,0,0,0,0,0,0,0,0,0,0,0,0,0,0,0,0,0,0,0,0,0,0,0,0,0,0,0,0,0,0,0,0,0,0,0,0,0,0,0,0,0,0,0,0,0,0,0,0,
2,8_4,10_55_43,3.9255,0,0,0,3.925499,,2.229,0.60724,-2.133,11.99258,344.1227,1.091029E-07,0.0000,0.0000,0.0000,0.0000,0.0000,0.0000,0,0,,,,,,,0,0,0,0,0,0,0,0,0,0,0,0,0,0,0,0,0,0,0,0,0,0,0,0,0,0,0,0,0,0,0,0,0,0,0,0,0,0,0,0,0,0,0,0,0,0,0,0,0,0,0,
2,8_4,10_55_43,3.9294,0,0,0,3.929352,,2.229,0.60724,-2.133,11.99258,344.1227,1.091029E-07,0.0000,0.0000,0.0000,0.0000,0.0000,0.0000,0,0,,,,,,,0,0,0,0,0,0,0,0,0,0,0,0,0,0,0,0,0,0,0,0,0,0,0,0,0,0,0,0,0,0,0,0,0,0,0,0,0,0,0,0,0,0,0,0,0,0,0,0,0,0,0,
2,8_4,10_55_43,3.9336,0,0,0,3.933644,,2.229,0.60724,-2.133,11.99258,344.1227,1.091029E-07,0.0000,0.0000,0.0000,0.0000,0.0000,0.0000,0,0,,,,,,,0,0,0,0,0,0,0,0,0,0,0,0,0,0,0,0,0,0,0,0,0,0,0,0,0,0,0,0,0,0,0,0,0,0,0,0,0,0,0,0,0,0,0,0,0,0,0,0,0,0,0,
2,8_4,10_55_43,3.9370,0,0,0,3.93703,,2.229,0.60724,-2.133,11.99258,344.1227,1.091029E-07,0.0000,0.0000,0.0000,0.0000,0.0000,0.0000,0,0,,,,,,,0,0,0,0,0,0,0,0,0,0,0,0,0,0,0,0,0,0,0,0,0,0,0,0,0,0,0,0,0,0,0,0,0,0,0,0,0,0,0,0,0,0,0,0,0,0,0,0,0,0,0,
2,8_4,10_55_43,3.9403,0,0,0,3.940342,,2.229,0.60724,-2.133,11.99258,344.1227,1.091029E-07,0.0000,0.0000,0.0000,0.0000,0.0000,0.0000,0,0,,,,,,,0,0,0,0,0,0,0,0,0,0,0,0,0,0,0,0,0,0,0,0,0,0,0,0,0,0,0,0,0,0,0,0,0,0,0,0,0,0,0,0,0,0,0,0,0,0,0,0,0,0,0,
2,8_4,10_55_43,3.9440,0,0,0,3.94398,,2.229,0.60724,-2.133,11.99258,344.1227,1.091029E-07,0.0000,0.0000,0.0000,0.0000,0.0000,0.0000,0,0,,,,,,,0,0,0,0,0,0,0,0,0,0,0,0,0,0,0,0,0,0,0,0,0,0,0,0,0,0,0,0,0,0,0,0,0,0,0,0,0,0,0,0,0,0,0,0,0,0,0,0,0,0,0,
2,8_4,10_55_43,3.9478,0,0,0,3.947788,,2.229,0.60724,-2.133,11.99258,344.1227,1.091029E-07,0.0000,0.0000,0.0000,0.0000,0.0000,0.0000,0,0,,,,,,,0,0,0,0,0,0,0,0,0,0,0,0,0,0,0,0,0,0,0,0,0,0,0,0,0,0,0,0,0,0,0,0,0,0,0,0,0,0,0,0,0,0,0,0,0,0,0,0,0,0,0,
2,8_4,10_55_43,3.9523,0,0,0,3.952342,,2.229,0.60724,-2.133,11.99258,344.1227,1.091029E-07,0.0000,0.0000,0.0000,0.0000,0.0000,0.0000,0,0,,,,,,,0,0,0,0,0,0,0,0,0,0,0,0,0,0,0,0,0,0,0,0,0,0,0,0,0,0,0,0,0,0,0,0,0,0,0,0,0,0,0,0,0,0,0,0,0,0,0,0,0,0,0,
2,8_4,10_55_43,3.9557,0,0,0,3.955716,,2.229,0.60724,-2.133,11.99258,344.1227,1.091029E-07,0.0000,0.0000,0.0000,0.0000,0.0000,0.0000,0,0,,,,,,,0,0,0,0,0,0,0,0,0,0,0,0,0,0,0,0,0,0,0,0,0,0,0,0,0,0,0,0,0,0,0,0,0,0,0,0,0,0,0,0,0,0,0,0,0,0,0,0,0,0,0,
2,8_4,10_55_43,3.9590,0,0,0,3.959008,,2.229,0.60724,-2.133,11.99258,344.1227,1.091029E-07,0.0000,0.0000,0.0000,0.0000,0.0000,0.0000,0,0,,,,,,,0,0,0,0,0,0,0,0,0,0,0,0,0,0,0,0,0,0,0,0,0,0,0,0,0,0,0,0,0,0,0,0,0,0,0,0,0,0,0,0,0,0,0,0,0,0,0,0,0,0,0,
2,8_4,10_55_43,3.9624,0,0,0,3.962384,,2.229,0.60724,-2.133,11.99258,344.1227,1.091029E-07,0.0000,0.0000,0.0000,0.0000,0.0000,0.0000,0,0,,,,,,,0,0,0,0,0,0,0,0,0,0,0,0,0,0,0,0,0,0,0,0,0,0,0,0,0,0,0,0,0,0,0,0,0,0,0,0,0,0,0,0,0,0,0,0,0,0,0,0,0,0,0,
2,8_4,10_55_43,3.9661,0,0,0,3.96609,,2.229,0.60724,-2.133,11.99258,344.1227,1.091029E-07,0.0000,0.0000,0.0000,0.0000,0.0000,0.0000,0,0,,,,,,,0,0,0,0,0,0,0,0,0,0,0,0,0,0,0,0,0,0,0,0,0,0,0,0,0,0,0,0,0,0,0,0,0,0,0,0,0,0,0,0,0,0,0,0,0,0,0,0,0,0,0,
2,8_4,10_55_43,3.9694,0,0,0,3.969368,,2.229,0.60724,-2.133,11.99258,344.1227,1.091029E-07,0.0000,0.0000,0.0000,0.0000,0.0000,0.0000,0,0,,,,,,,0,0,0,0,0,0,0,0,0,0,0,0,0,0,0,0,0,0,0,0,0,0,0,0,0,0,0,0,0,0,0,0,0,0,0,0,0,0,0,0,0,0,0,0,0,0,0,0,0,0,0,
2,8_4,10_55_43,3.9727,0,0,0,3.972713,,2.229,0.60724,-2.133,11.99258,344.1227,1.091029E-07,0.0000,0.0000,0.0000,0.0000,0.0000,0.0000,0,0,,,,,,,0,0,0,0,0,0,0,0,0,0,0,0,0,0,0,0,0,0,0,0,0,0,0,0,0,0,0,0,0,0,0,0,0,0,0,0,0,0,0,0,0,0,0,0,0,0,0,0,0,0,0,
2,8_4,10_55_43,3.9762,0,0,0,3.976153,,2.229,0.60724,-2.133,11.99258,344.1227,1.091029E-07,0.0000,0.0000,0.0000,0.0000,0.0000,0.0000,0,0,,,,,,,0,0,0,0,0,0,0,0,0,0,0,0,0,0,0,0,0,0,0,0,0,0,0,0,0,0,0,0,0,0,0,0,0,0,0,0,0,0,0,0,0,0,0,0,0,0,0,0,0,0,0,
2,8_4,10_55_43,3.9796,0,0,0,3.979558,,2.229,0.60724,-2.133,11.99258,344.1227,1.091029E-07,0.0000,0.0000,0.0000,0.0000,0.0000,0.0000,0,0,,,,,,,0,0,0,0,0,0,0,0,0,0,0,0,0,0,0,0,0,0,0,0,0,0,0,0,0,0,0,0,0,0,0,0,0,0,0,0,0,0,0,0,0,0,0,0,0,0,0,0,0,0,0,
2,8_4,10_55_43,3.9830,0,0,0,3.983009,,2.229,0.60724,-2.133,11.99258,344.1227,1.091029E-07,0.0000,0.0000,0.0000,0.0000,0.0000,0.0000,0,0,,,,,,,0,0,0,0,0,0,0,0,0,0,0,0,0,0,0,0,0,0,0,0,0,0,0,0,0,0,0,0,0,0,0,0,0,0,0,0,0,0,0,0,0,0,0,0,0,0,0,0,0,0,0,
2,8_4,10_55_43,3.9868,0,0,0,3.986819,,2.229,0.60724,-2.133,11.99258,344.1227,1.091029E-07,0.0000,0.0000,0.0000,0.0000,0.0000,0.0000,0,0,,,,,,,0,0,0,0,0,0,0,0,0,0,0,0,0,0,0,0,0,0,0,0,0,0,0,0,0,0,0,0,0,0,0,0,0,0,0,0,0,0,0,0,0,0,0,0,0,0,0,0,0,0,0,
2,8_4,10_55_43,3.9903,0,0,0,3.990344,,2.229,0.60724,-2.133,11.99258,344.1227,1.091029E-07,0.0000,0.0000,0.0000,0.0000,0.0000,0.0000,0,0,,,,,,,0,0,0,0,0,0,0,0,0,0,0,0,0,0,0,0,0,0,0,0,0,0,0,0,0,0,0,0,0,0,0,0,0,0,0,0,0,0,0,0,0,0,0,0,0,0,0,0,0,0,0,
2,8_4,10_55_43,3.9950,0,0,0,3.994953,,2.229,0.60724,-2.133,11.99258,344.1227,1.091029E-07,0.0000,0.0000,0.0000,0.0000,0.0000,0.0000,0,0,,,,,,,0,0,0,0,0,0,0,0,0,0,0,0,0,0,0,0,0,0,0,0,0,0,0,0,0,0,0,0,0,0,0,0,0,0,0,0,0,0,0,0,0,0,0,0,0,0,0,0,0,0,0,
2,8_4,10_55_43,3.9986,0,0,0,3.9986,,2.229,0.60724,-2.133,11.99258,344.1227,1.091029E-07,0.0000,0.0000,0.0000,0.0000,0.0000,0.0000,0,0,,,,,,,0,0,0,0,0,0,0,0,0,0,0,0,0,0,0,0,0,0,0,0,0,0,0,0,0,0,0,0,0,0,0,0,0,0,0,0,0,0,0,0,0,0,0,0,0,0,0,0,0,0,0,
2,8_4,10_55_43,4.0020,0,0,0,4.002021,,2.229,0.60724,-2.133,11.99258,344.1227,1.091029E-07,0.0000,0.0000,0.0000,0.0000,0.0000,0.0000,0,0,,,,,,,0,0,0,0,0,0,0,0,0,0,0,0,0,0,0,0,0,0,0,0,0,0,0,0,0,0,0,0,0,0,0,0,0,0,0,0,0,0,0,0,0,0,0,0,0,0,0,0,0,0,0,
2,8_4,10_55_43,4.0056,0,0,0,4.005563,,2.229,0.60724,-2.133,11.99258,344.1227,1.091029E-07,0.0000,0.0000,0.0000,0.0000,0.0000,0.0000,0,0,,,,,,,0,0,0,0,0,0,0,0,0,0,0,0,0,0,0,0,0,0,0,0,0,0,0,0,0,0,0,0,0,0,0,0,0,0,0,0,0,0,0,0,0,0,0,0,0,0,0,0,0,0,0,
2,8_4,10_55_43,4.0090,0,0,0,4.00901,,2.229,0.60724,-2.133,11.99258,344.1227,1.091029E-07,0.0000,0.0000,0.0000,0.0000,0.0000,0.0000,0,0,,,,,,,0,0,0,0,0,0,0,0,0,0,0,0,0,0,0,0,0,0,0,0,0,0,0,0,0,0,0,0,0,0,0,0,0,0,0,0,0,0,0,0,0,0,0,0,0,0,0,0,0,0,0,
2,8_4,10_55_43,4.0123,0,0,0,4.012344,,2.229,0.60724,-2.133,11.99258,344.1227,1.091029E-07,0.0000,0.0000,0.0000,0.0000,0.0000,0.0000,0,0,,,,,,,0,0,0,0,0,0,0,0,0,0,0,0,0,0,0,0,0,0,0,0,0,0,0,0,0,0,0,0,0,0,0,0,0,0,0,0,0,0,0,0,0,0,0,0,0,0,0,0,0,0,0,
2,8_4,10_55_43,4.0157,0,0,0,4.015689,,2.229,0.60724,-2.133,11.99258,344.1227,1.091029E-07,0.0000,0.0000,0.0000,0.0000,0.0000,0.0000,0,0,,,,,,,0,0,0,0,0,0,0,0,0,0,0,0,0,0,0,0,0,0,0,0,0,0,0,0,0,0,0,0,0,0,0,0,0,0,0,0,0,0,0,0,0,0,0,0,0,0,0,0,0,0,0,
2,8_4,10_55_43,4.0190,0,0,0,4.018965,,2.229,0.60724,-2.133,11.99258,344.1227,1.091029E-07,0.0000,0.0000,0.0000,0.0000,0.0000,0.0000,0,0,,,,,,,0,0,0,0,0,0,0,0,0,0,0,0,0,0,0,0,0,0,0,0,0,0,0,0,0,0,0,0,0,0,0,0,0,0,0,0,0,0,0,0,0,0,0,0,0,0,0,0,0,0,0,
2,8_4,10_55_43,4.0223,0,0,0,4.022305,,2.229,0.60724,-2.133,11.99258,344.1227,1.091029E-07,0.0000,0.0000,0.0000,0.0000,0.0000,0.0000,0,0,,,,,,,0,0,0,0,0,0,0,0,0,0,0,0,0,0,0,0,0,0,0,0,0,0,0,0,0,0,0,0,0,0,0,0,0,0,0,0,0,0,0,0,0,0,0,0,0,0,0,0,0,0,0,
2,8_4,10_55_43,4.0258,0,0,0,4.025766,,2.229,0.60724,-2.133,11.99258,344.1227,1.091029E-07,0.0000,0.0000,0.0000,0.0000,0.0000,0.0000,0,0,,,,,,,0,0,0,0,0,0,0,0,0,0,0,0,0,0,0,0,0,0,0,0,0,0,0,0,0,0,0,0,0,0,0,0,0,0,0,0,0,0,0,0,0,0,0,0,0,0,0,0,0,0,0,
2,8_4,10_55_43,4.0291,0,0,0,4.02909,,2.229,0.60724,-2.133,11.99258,344.1227,1.091029E-07,0.0000,0.0000,0.0000,0.0000,0.0000,0.0000,0,0,,,,,,,0,0,0,0,0,0,0,0,0,0,0,0,0,0,0,0,0,0,0,0,0,0,0,0,0,0,0,0,0,0,0,0,0,0,0,0,0,0,0,0,0,0,0,0,0,0,0,0,0,0,0,
2,8_4,10_55_43,4.0324,0,0,0,4.032399,,2.229,0.60724,-2.133,11.99258,344.1227,1.091029E-07,0.0000,0.0000,0.0000,0.0000,0.0000,0.0000,0,0,,,,,,,0,0,0,0,0,0,0,0,0,0,0,0,0,0,0,0,0,0,0,0,0,0,0,0,0,0,0,0,0,0,0,0,0,0,0,0,0,0,0,0,0,0,0,0,0,0,0,0,0,0,0,
2,8_4,10_55_43,4.0358,0,0,0,4.035796,,2.229,0.60724,-2.133,11.99258,344.1227,1.091029E-07,0.0000,0.0000,0.0000,0.0000,0.0000,0.0000,0,0,,,,,,,0,0,0,0,0,0,0,0,0,0,0,0,0,0,0,0,0,0,0,0,0,0,0,0,0,0,0,0,0,0,0,0,0,0,0,0,0,0,0,0,0,0,0,0,0,0,0,0,0,0,0,
2,8_4,10_55_43,4.0391,0,0,0,4.039116,,2.229,0.60724,-2.133,11.99258,344.1227,1.091029E-07,0.0000,0.0000,0.0000,0.0000,0.0000,0.0000,0,0,,,,,,,0,0,0,0,0,0,0,0,0,0,0,0,0,0,0,0,0,0,0,0,0,0,0,0,0,0,0,0,0,0,0,0,0,0,0,0,0,0,0,0,0,0,0,0,0,0,0,0,0,0,0,
2,8_4,10_55_43,4.0425,0,0,0,4.042461,,2.229,0.60724,-2.133,11.99258,344.1227,1.091029E-07,0.0000,0.0000,0.0000,0.0000,0.0000,0.0000,0,0,,,,,,,0,0,0,0,0,0,0,0,0,0,0,0,0,0,0,0,0,0,0,0,0,0,0,0,0,0,0,0,0,0,0,0,0,0,0,0,0,0,0,0,0,0,0,0,0,0,0,0,0,0,0,
2,8_4,10_55_43,4.0459,0,0,0,4.045852,,2.229,0.60724,-2.133,11.99258,344.1227,1.091029E-07,0.0000,0.0000,0.0000,0.0000,0.0000,0.0000,0,0,,,,,,,0,0,0,0,0,0,0,0,0,0,0,0,0,0,0,0,0,0,0,0,0,0,0,0,0,0,0,0,0,0,0,0,0,0,0,0,0,0,0,0,0,0,0,0,0,0,0,0,0,0,0,
2,8_4,10_55_43,4.0492,0,0,0,4.049197,,2.229,0.60724,-2.133,11.99258,344.1227,1.091029E-07,0.0000,0.0000,0.0000,0.0000,0.0000,0.0000,0,0,,,,,,,0,0,0,0,0,0,0,0,0,0,0,0,0,0,0,0,0,0,0,0,0,0,0,0,0,0,0,0,0,0,0,0,0,0,0,0,0,0,0,0,0,0,0,0,0,0,0,0,0,0,0,
2,8_4,10_55_43,4.0526,0,0,0,4.052554,,2.229,0.60724,-2.133,11.99258,344.1227,1.091029E-07,0.0000,0.0000,0.0000,0.0000,0.0000,0.0000,0,0,,,,,,,0,0,0,0,0,0,0,0,0,0,0,0,0,0,0,0,0,0,0,0,0,0,0,0,0,0,0,0,0,0,0,0,0,0,0,0,0,0,0,0,0,0,0,0,0,0,0,0,0,0,0,
2,8_4,10_55_43,4.0559,0,0,0,4.055869,,2.229,0.60724,-2.133,11.99258,344.1227,1.091029E-07,0.0000,0.0000,0.0000,0.0000,0.0000,0.0000,0,0,,,,,,,0,0,0,0,0,0,0,0,0,0,0,0,0,0,0,0,0,0,0,0,0,0,0,0,0,0,0,0,0,0,0,0,0,0,0,0,0,0,0,0,0,0,0,0,0,0,0,0,0,0,0,
2,8_4,10_55_43,4.0591,0,0,0,4.059084,,2.229,0.60724,-2.133,11.99258,344.1227,1.091029E-07,0.0000,0.0000,0.0000,0.0000,0.0000,0.0000,0,0,,,,,,,0,0,0,0,0,0,0,0,0,0,0,0,0,0,0,0,0,0,0,0,0,0,0,0,0,0,0,0,0,0,0,0,0,0,0,0,0,0,0,0,0,0,0,0,0,0,0,0,0,0,0,
2,8_4,10_55_43,4.0624,0,0,0,4.062358,,2.229,0.60724,-2.133,11.99258,344.1227,1.091029E-07,0.0000,0.0000,0.0000,0.0000,0.0000,0.0000,0,0,,,,,,,0,0,0,0,0,0,0,0,0,0,0,0,0,0,0,0,0,0,0,0,0,0,0,0,0,0,0,0,0,0,0,0,0,0,0,0,0,0,0,0,0,0,0,0,0,0,0,0,0,0,0,
2,8_4,10_55_43,4.0658,0,0,0,4.065751,,2.229,0.60724,-2.133,11.99258,344.1227,1.091029E-07,0.0000,0.0000,0.0000,0.0000,0.0000,0.0000,0,0,,,,,,,0,0,0,0,0,0,0,0,0,0,0,0,0,0,0,0,0,0,0,0,0,0,0,0,0,0,0,0,0,0,0,0,0,0,0,0,0,0,0,0,0,0,0,0,0,0,0,0,0,0,0,
2,8_4,10_55_43,4.0696,0,0,0,4.069575,,2.229,0.60724,-2.133,11.99258,344.1227,1.091029E-07,0.0000,0.0000,0.0000,0.0000,0.0000,0.0000,0,0,,,,,,,0,0,0,0,0,0,0,0,0,0,0,0,0,0,0,0,0,0,0,0,0,0,0,0,0,0,0,0,0,0,0,0,0,0,0,0,0,0,0,0,0,0,0,0,0,0,0,0,0,0,0,
2,8_4,10_55_43,4.0730,0,0,0,4.073022,,2.229,0.60724,-2.133,11.99258,344.1227,1.091029E-07,0.0000,0.0000,0.0000,0.0000,0.0000,0.0000,0,0,,,,,,,0,0,0,0,0,0,0,0,0,0,0,0,0,0,0,0,0,0,0,0,0,0,0,0,0,0,0,0,0,0,0,0,0,0,0,0,0,0,0,0,0,0,0,0,0,0,0,0,0,0,0,
2,8_4,10_55_43,4.0765,0,0,0,4.076529,,2.229,0.60724,-2.133,11.99258,344.1227,1.091029E-07,0.0000,0.0000,0.0000,0.0000,0.0000,0.0000,0,0,,,,,,,0,0,0,0,0,0,0,0,0,0,0,0,0,0,0,0,0,0,0,0,0,0,0,0,0,0,0,0,0,0,0,0,0,0,0,0,0,0,0,0,0,0,0,0,0,0,0,0,0,0,0,
2,8_4,10_55_43,4.0800,0,0,0,4.080009,,2.229,0.60724,-2.133,11.99258,344.1227,1.091029E-07,0.0000,0.0000,0.0000,0.0000,0.0000,0.0000,0,0,,,,,,,0,0,0,0,0,0,0,0,0,0,0,0,0,0,0,0,0,0,0,0,0,0,0,0,0,0,0,0,0,0,0,0,0,0,0,0,0,0,0,0,0,0,0,0,0,0,0,0,0,0,0,
2,8_4,10_55_43,4.0836,0,0,0,4.08358,,2.229,0.60724,-2.133,11.99258,344.1227,1.091029E-07,0.0000,0.0000,0.0000,0.0000,0.0000,0.0000,0,0,,,,,,,0,0,0,0,0,0,0,0,0,0,0,0,0,0,0,0,0,0,0,0,0,0,0,0,0,0,0,0,0,0,0,0,0,0,0,0,0,0,0,0,0,0,0,0,0,0,0,0,0,0,0,
2,8_4,10_55_43,4.0869,0,0,0,4.086899,,2.229,0.60724,-2.133,11.99258,344.1227,1.091029E-07,0.0000,0.0000,0.0000,0.0000,0.0000,0.0000,0,0,,,,,,,0,0,0,0,0,0,0,0,0,0,0,0,0,0,0,0,0,0,0,0,0,0,0,0,0,0,0,0,0,0,0,0,0,0,0,0,0,0,0,0,0,0,0,0,0,0,0,0,0,0,0,
2,8_4,10_55_43,4.0902,0,0,0,4.090178,,2.229,0.60724,-2.133,11.99258,344.1227,1.091029E-07,0.0000,0.0000,0.0000,0.0000,0.0000,0.0000,0,0,,,,,,,0,0,0,0,0,0,0,0,0,0,0,0,0,0,0,0,0,0,0,0,0,0,0,0,0,0,0,0,0,0,0,0,0,0,0,0,0,0,0,0,0,0,0,0,0,0,0,0,0,0,0,
2,8_4,10_55_43,4.0935,0,0,0,4.093452,,2.229,0.60724,-2.133,11.99258,344.1227,1.091029E-07,0.0000,0.0000,0.0000,0.0000,0.0000,0.0000,0,0,,,,,,,0,0,0,0,0,0,0,0,0,0,0,0,0,0,0,0,0,0,0,0,0,0,0,0,0,0,0,0,0,0,0,0,0,0,0,0,0,0,0,0,0,0,0,0,0,0,0,0,0,0,0,
2,8_4,10_55_43,4.0967,0,0,0,4.096701,,2.229,0.60724,-2.133,11.99258,344.1227,1.091029E-07,0.0000,0.0000,0.0000,0.0000,0.0000,0.0000,0,0,,,,,,,0,0,0,0,0,0,0,0,0,0,0,0,0,0,0,0,0,0,0,0,0,0,0,0,0,0,0,0,0,0,0,0,0,0,0,0,0,0,0,0,0,0,0,0,0,0,0,0,0,0,0,
2,8_4,10_55_43,4.1000,0,0,0,4.100005,,2.229,0.60724,-2.133,11.99258,344.1227,1.091029E-07,0.0000,0.0000,0.0000,0.0000,0.0000,0.0000,0,0,,,,,,,0,0,0,0,0,0,0,0,0,0,0,0,0,0,0,0,0,0,0,0,0,0,0,0,0,0,0,0,0,0,0,0,0,0,0,0,0,0,0,0,0,0,0,0,0,0,0,0,0,0,0,
2,8_4,10_55_43,4.1034,0,0,0,4.103353,,2.229,0.60724,-2.133,11.99258,344.1227,1.091029E-07,0.0000,0.0000,0.0000,0.0000,0.0000,0.0000,0,0,,,,,,,0,0,0,0,0,0,0,0,0,0,0,0,0,0,0,0,0,0,0,0,0,0,0,0,0,0,0,0,0,0,0,0,0,0,0,0,0,0,0,0,0,0,0,0,0,0,0,0,0,0,0,
2,8_4,10_55_43,4.1066,0,0,0,4.106618,,2.229,0.60724,-2.133,11.99258,344.1227,1.091029E-07,0.0000,0.0000,0.0000,0.0000,0.0000,0.0000,0,0,,,,,,,0,0,0,0,0,0,0,0,0,0,0,0,0,0,0,0,0,0,0,0,0,0,0,0,0,0,0,0,0,0,0,0,0,0,0,0,0,0,0,0,0,0,0,0,0,0,0,0,0,0,0,
2,8_4,10_55_43,4.1101,0,0,0,4.110072,,2.229,0.60724,-2.133,11.99258,344.1227,1.091029E-07,0.0000,0.0000,0.0000,0.0000,0.0000,0.0000,0,0,,,,,,,0,0,0,0,0,0,0,0,0,0,0,0,0,0,0,0,0,0,0,0,0,0,0,0,0,0,0,0,0,0,0,0,0,0,0,0,0,0,0,0,0,0,0,0,0,0,0,0,0,0,0,
2,8_4,10_55_43,4.1133,0,0,0,4.113335,,2.229,0.60724,-2.133,11.99258,344.1227,1.091029E-07,0.0000,0.0000,0.0000,0.0000,0.0000,0.0000,0,0,,,,,,,0,0,0,0,0,0,0,0,0,0,0,0,0,0,0,0,0,0,0,0,0,0,0,0,0,0,0,0,0,0,0,0,0,0,0,0,0,0,0,0,0,0,0,0,0,0,0,0,0,0,0,
2,8_4,10_55_43,4.1170,0,0,0,4.116993,,2.229,0.60724,-2.133,11.99258,344.1227,1.091029E-07,0.0000,0.0000,0.0000,0.0000,0.0000,0.0000,0,0,,,,,,,0,0,0,0,0,0,0,0,0,0,0,0,0,0,0,0,0,0,0,0,0,0,0,0,0,0,0,0,0,0,0,0,0,0,0,0,0,0,0,0,0,0,0,0,0,0,0,0,0,0,0,
2,8_4,10_55_43,4.1204,0,0,0,4.120415,,2.229,0.60724,-2.133,11.99258,344.1227,1.091029E-07,0.0000,0.0000,0.0000,0.0000,0.0000,0.0000,0,0,,,,,,,0,0,0,0,0,0,0,0,0,0,0,0,0,0,0,0,0,0,0,0,0,0,0,0,0,0,0,0,0,0,0,0,0,0,0,0,0,0,0,0,0,0,0,0,0,0,0,0,0,0,0,
2,8_4,10_55_43,4.1238,0,0,0,4.123832,,2.229,0.60724,-2.133,11.99258,344.1227,1.091029E-07,0.0000,0.0000,0.0000,0.0000,0.0000,0.0000,0,0,,,,,,,0,0,0,0,0,0,0,0,0,0,0,0,0,0,0,0,0,0,0,0,0,0,0,0,0,0,0,0,0,0,0,0,0,0,0,0,0,0,0,0,0,0,0,0,0,0,0,0,0,0,0,
2,8_4,10_55_43,4.1273,0,0,0,4.127319,,2.229,0.60724,-2.133,11.99258,344.1227,1.091029E-07,0.0000,0.0000,0.0000,0.0000,0.0000,0.0000,0,0,,,,,,,0,0,0,0,0,0,0,0,0,0,0,0,0,0,0,0,0,0,0,0,0,0,0,0,0,0,0,0,0,0,0,0,0,0,0,0,0,0,0,0,0,0,0,0,0,0,0,0,0,0,0,
2,8_4,10_55_43,4.1308,0,0,0,4.130837,,2.229,0.60724,-2.133,11.99258,344.1227,1.091029E-07,0.0000,0.0000,0.0000,0.0000,0.0000,0.0000,0,0,,,,,,,0,0,0,0,0,0,0,0,0,0,0,0,0,0,0,0,0,0,0,0,0,0,0,0,0,0,0,0,0,0,0,0,0,0,0,0,0,0,0,0,0,0,0,0,0,0,0,0,0,0,0,
2,8_4,10_55_43,4.1341,0,0,0,4.134132,,2.229,0.60724,-2.133,11.99258,344.1227,1.091029E-07,0.0000,0.0000,0.0000,0.0000,0.0000,0.0000,0,0,,,,,,,0,0,0,0,0,0,0,0,0,0,0,0,0,0,0,0,0,0,0,0,0,0,0,0,0,0,0,0,0,0,0,0,0,0,0,0,0,0,0,0,0,0,0,0,0,0,0,0,0,0,0,
2,8_4,10_55_43,4.1374,0,0,0,4.137431,,2.229,0.60724,-2.133,11.99258,344.1227,1.091029E-07,0.0000,0.0000,0.0000,0.0000,0.0000,0.0000,0,0,,,,,,,0,0,0,0,0,0,0,0,0,0,0,0,0,0,0,0,0,0,0,0,0,0,0,0,0,0,0,0,0,0,0,0,0,0,0,0,0,0,0,0,0,0,0,0,0,0,0,0,0,0,0,
2,8_4,10_55_43,4.1407,0,0,0,4.140697,,2.229,0.60724,-2.133,11.99258,344.1227,1.091029E-07,0.0000,0.0000,0.0000,0.0000,0.0000,0.0000,0,0,,,,,,,0,0,0,0,0,0,0,0,0,0,0,0,0,0,0,0,0,0,0,0,0,0,0,0,0,0,0,0,0,0,0,0,0,0,0,0,0,0,0,0,0,0,0,0,0,0,0,0,0,0,0,
2,8_4,10_55_43,4.1443,0,0,0,4.144253,,2.229,0.60724,-2.133,11.99258,344.1227,1.091029E-07,0.0000,0.0000,0.0000,0.0000,0.0000,0.0000,0,0,,,,,,,0,0,0,0,0,0,0,0,0,0,0,0,0,0,0,0,0,0,0,0,0,0,0,0,0,0,0,0,0,0,0,0,0,0,0,0,0,0,0,0,0,0,0,0,0,0,0,0,0,0,0,
2,8_4,10_55_44,4.1477,0,0,0,4.147676,,2.229,0.60724,-2.133,11.99258,344.1227,1.091029E-07,0.0000,0.0000,0.0000,0.0000,0.0000,0.0000,0,0,,,,,,,0,0,0,0,0,0,0,0,0,0,0,0,0,0,0,0,0,0,0,0,0,0,0,0,0,0,0,0,0,0,0,0,0,0,0,0,0,0,0,0,0,0,0,0,0,0,0,0,0,0,0,
2,8_4,10_55_44,4.1510,0,0,0,4.150967,,2.229,0.60724,-2.133,11.99258,344.1227,1.091029E-07,0.0000,0.0000,0.0000,0.0000,0.0000,0.0000,0,0,,,,,,,0,0,0,0,0,0,0,0,0,0,0,0,0,0,0,0,0,0,0,0,0,0,0,0,0,0,0,0,0,0,0,0,0,0,0,0,0,0,0,0,0,0,0,0,0,0,0,0,0,0,0,
2,8_4,10_55_44,4.1543,0,0,0,4.154275,,2.229,0.60724,-2.133,11.99258,344.1227,1.091029E-07,0.0000,0.0000,0.0000,0.0000,0.0000,0.0000,0,0,,,,,,,0,0,0,0,0,0,0,0,0,0,0,0,0,0,0,0,0,0,0,0,0,0,0,0,0,0,0,0,0,0,0,0,0,0,0,0,0,0,0,0,0,0,0,0,0,0,0,0,0,0,0,
2,8_4,10_55_44,4.1575,0,0,0,4.15753,,2.229,0.60724,-2.133,11.99258,344.1227,1.091029E-07,0.0000,0.0000,0.0000,0.0000,0.0000,0.0000,0,0,,,,,,,0,0,0,0,0,0,0,0,0,0,0,0,0,0,0,0,0,0,0,0,0,0,0,0,0,0,0,0,0,0,0,0,0,0,0,0,0,0,0,0,0,0,0,0,0,0,0,0,0,0,0,
2,8_4,10_55_44,4.1609,0,0,0,4.16085,,2.229,0.60724,-2.133,11.99258,344.1227,1.091029E-07,0.0000,0.0000,0.0000,0.0000,0.0000,0.0000,0,0,,,,,,,0,0,0,0,0,0,0,0,0,0,0,0,0,0,0,0,0,0,0,0,0,0,0,0,0,0,0,0,0,0,0,0,0,0,0,0,0,0,0,0,0,0,0,0,0,0,0,0,0,0,0,
2,8_4,10_55_44,4.1642,0,0,0,4.164182,,2.229,0.60724,-2.133,11.99258,344.1227,1.091029E-07,0.0000,0.0000,0.0000,0.0000,0.0000,0.0000,0,0,,,,,,,0,0,0,0,0,0,0,0,0,0,0,0,0,0,0,0,0,0,0,0,0,0,0,0,0,0,0,0,0,0,0,0,0,0,0,0,0,0,0,0,0,0,0,0,0,0,0,0,0,0,0,
2,8_4,10_55_44,4.1674,0,0,0,4.167446,,2.229,0.60724,-2.133,11.99258,344.1227,1.091029E-07,0.0000,0.0000,0.0000,0.0000,0.0000,0.0000,0,0,,,,,,,0,0,0,0,0,0,0,0,0,0,0,0,0,0,0,0,0,0,0,0,0,0,0,0,0,0,0,0,0,0,0,0,0,0,0,0,0,0,0,0,0,0,0,0,0,0,0,0,0,0,0,
2,8_4,10_55_44,4.1708,0,0,0,4.17078,,2.229,0.60724,-2.133,11.99258,344.1227,1.091029E-07,0.0000,0.0000,0.0000,0.0000,0.0000,0.0000,0,0,,,,,,,0,0,0,0,0,0,0,0,0,0,0,0,0,0,0,0,0,0,0,0,0,0,0,0,0,0,0,0,0,0,0,0,0,0,0,0,0,0,0,0,0,0,0,0,0,0,0,0,0,0,0,
2,8_4,10_55_44,4.1742,0,0,0,4.174169,,2.229,0.60724,-2.133,11.99258,344.1227,1.091029E-07,0.0000,0.0000,0.0000,0.0000,0.0000,0.0000,0,0,,,,,,,0,0,0,0,0,0,0,0,0,0,0,0,0,0,0,0,0,0,0,0,0,0,0,0,0,0,0,0,0,0,0,0,0,0,0,0,0,0,0,0,0,0,0,0,0,0,0,0,0,0,0,
2,8_4,10_55_44,4.1775,0,0,0,4.17747,,2.229,0.60724,-2.133,11.99258,344.1227,1.091029E-07,0.0000,0.0000,0.0000,0.0000,0.0000,0.0000,0,0,,,,,,,0,0,0,0,0,0,0,0,0,0,0,0,0,0,0,0,0,0,0,0,0,0,0,0,0,0,0,0,0,0,0,0,0,0,0,0,0,0,0,0,0,0,0,0,0,0,0,0,0,0,0,
2,8_4,10_55_44,4.1808,0,0,0,4.180788,,2.229,0.60724,-2.133,11.99258,344.1227,1.091029E-07,0.0000,0.0000,0.0000,0.0000,0.0000,0.0000,0,0,,,,,,,0,0,0,0,0,0,0,0,0,0,0,0,0,0,0,0,0,0,0,0,0,0,0,0,0,0,0,0,0,0,0,0,0,0,0,0,0,0,0,0,0,0,0,0,0,0,0,0,0,0,0,
2,8_4,10_55_44,4.1842,0,0,0,4.184188,,2.229,0.60724,-2.133,11.99258,344.1227,1.091029E-07,0.0000,0.0000,0.0000,0.0000,0.0000,0.0000,0,0,,,,,,,0,0,0,0,0,0,0,0,0,0,0,0,0,0,0,0,0,0,0,0,0,0,0,0,0,0,0,0,0,0,0,0,0,0,0,0,0,0,0,0,0,0,0,0,0,0,0,0,0,0,0,
2,8_4,10_55_44,4.1874,0,0,0,4.187432,,2.229,0.60724,-2.133,11.99258,344.1227,1.091029E-07,0.0000,0.0000,0.0000,0.0000,0.0000,0.0000,0,0,,,,,,,0,0,0,0,0,0,0,0,0,0,0,0,0,0,0,0,0,0,0,0,0,0,0,0,0,0,0,0,0,0,0,0,0,0,0,0,0,0,0,0,0,0,0,0,0,0,0,0,0,0,0,
2,8_4,10_55_44,4.1907,0,0,0,4.190719,,2.229,0.60724,-2.133,11.99258,344.1227,1.091029E-07,0.0000,0.0000,0.0000,0.0000,0.0000,0.0000,0,0,,,,,,,0,0,0,0,0,0,0,0,0,0,0,0,0,0,0,0,0,0,0,0,0,0,0,0,0,0,0,0,0,0,0,0,0,0,0,0,0,0,0,0,0,0,0,0,0,0,0,0,0,0,0,
2,8_4,10_55_44,4.1953,0,0,0,4.195286,,2.229,0.60724,-2.133,11.99258,344.1227,1.091029E-07,0.0000,0.0000,0.0000,0.0000,0.0000,0.0000,0,0,,,,,,,0,0,0,0,0,0,0,0,0,0,0,0,0,0,0,0,0,0,0,0,0,0,0,0,0,0,0,0,0,0,0,0,0,0,0,0,0,0,0,0,0,0,0,0,0,0,0,0,0,0,0,
2,8_4,10_55_44,4.1986,0,0,0,4.198631,,2.229,0.60724,-2.133,11.99258,344.1227,1.091029E-07,0.0000,0.0000,0.0000,0.0000,0.0000,0.0000,0,0,,,,,,,0,0,0,0,0,0,0,0,0,0,0,0,0,0,0,0,0,0,0,0,0,0,0,0,0,0,0,0,0,0,0,0,0,0,0,0,0,0,0,0,0,0,0,0,0,0,0,0,0,0,0,
2,8_4,10_55_44,4.2019,0,0,0,4.201878,,2.229,0.60724,-2.133,11.99258,344.1227,1.091029E-07,0.0000,0.0000,0.0000,0.0000,0.0000,0.0000,0,0,,,,,,,0,0,0,0,0,0,0,0,0,0,0,0,0,0,0,0,0,0,0,0,0,0,0,0,0,0,0,0,0,0,0,0,0,0,0,0,0,0,0,0,0,0,0,0,0,0,0,0,0,0,0,
2,8_4,10_55_44,4.2055,0,0,0,4.205529,,2.229,0.60724,-2.133,11.99258,344.1227,1.091029E-07,0.0000,0.0000,0.0000,0.0000,0.0000,0.0000,0,0,,,,,,,0,0,0,0,0,0,0,0,0,0,0,0,0,0,0,0,0,0,0,0,0,0,0,0,0,0,0,0,0,0,0,0,0,0,0,0,0,0,0,0,0,0,0,0,0,0,0,0,0,0,0,
2,8_4,10_55_44,4.2090,0,0,0,4.20897,,2.229,0.60724,-2.133,11.99258,344.1227,1.091029E-07,0.0000,0.0000,0.0000,0.0000,0.0000,0.0000,0,0,,,,,,,0,0,0,0,0,0,0,0,0,0,0,0,0,0,0,0,0,0,0,0,0,0,0,0,0,0,0,0,0,0,0,0,0,0,0,0,0,0,0,0,0,0,0,0,0,0,0,0,0,0,0,
2,8_4,10_55_44,4.2124,0,0,0,4.212427,,2.229,0.60724,-2.133,11.99258,344.1227,1.091029E-07,0.0000,0.0000,0.0000,0.0000,0.0000,0.0000,0,0,,,,,,,0,0,0,0,0,0,0,0,0,0,0,0,0,0,0,0,0,0,0,0,0,0,0,0,0,0,0,0,0,0,0,0,0,0,0,0,0,0,0,0,0,0,0,0,0,0,0,0,0,0,0,
2,8_4,10_55_44,4.2159,0,0,0,4.215852,,2.229,0.60724,-2.133,11.99258,344.1227,1.091029E-07,0.0000,0.0000,0.0000,0.0000,0.0000,0.0000,0,0,,,,,,,0,0,0,0,0,0,0,0,0,0,0,0,0,0,0,0,0,0,0,0,0,0,0,0,0,0,0,0,0,0,0,0,0,0,0,0,0,0,0,0,0,0,0,0,0,0,0,0,0,0,0,
2,8_4,10_55_44,4.2192,0,0,0,4.219203,,2.229,0.60724,-2.133,11.99258,344.1227,1.091029E-07,0.0000,0.0000,0.0000,0.0000,0.0000,0.0000,0,0,,,,,,,0,0,0,0,0,0,0,0,0,0,0,0,0,0,0,0,0,0,0,0,0,0,0,0,0,0,0,0,0,0,0,0,0,0,0,0,0,0,0,0,0,0,0,0,0,0,0,0,0,0,0,
2,8_4,10_55_44,4.2226,0,0,0,4.22261,,2.229,0.60724,-2.133,11.99258,344.1227,1.091029E-07,0.0000,0.0000,0.0000,0.0000,0.0000,0.0000,0,0,,,,,,,0,0,0,0,0,0,0,0,0,0,0,0,0,0,0,0,0,0,0,0,0,0,0,0,0,0,0,0,0,0,0,0,0,0,0,0,0,0,0,0,0,0,0,0,0,0,0,0,0,0,0,
2,8_4,10_55_44,4.2261,0,0,0,4.226091,,2.229,0.60724,-2.133,11.99258,344.1227,1.091029E-07,0.0000,0.0000,0.0000,0.0000,0.0000,0.0000,0,0,,,,,,,0,0,0,0,0,0,0,0,0,0,0,0,0,0,0,0,0,0,0,0,0,0,0,0,0,0,0,0,0,0,0,0,0,0,0,0,0,0,0,0,0,0,0,0,0,0,0,0,0,0,0,
2,8_4,10_55_44,4.2294,0,0,0,4.229353,,2.229,0.60724,-2.133,11.99258,344.1227,1.091029E-07,0.0000,0.0000,0.0000,0.0000,0.0000,0.0000,0,0,,,,,,,0,0,0,0,0,0,0,0,0,0,0,0,0,0,0,0,0,0,0,0,0,0,0,0,0,0,0,0,0,0,0,0,0,0,0,0,0,0,0,0,0,0,0,0,0,0,0,0,0,0,0,
2,8_4,10_55_44,4.2327,0,0,0,4.232725,,2.229,0.60724,-2.133,11.99258,344.1227,1.091029E-07,0.0000,0.0000,0.0000,0.0000,0.0000,0.0000,0,0,,,,,,,0,0,0,0,0,0,0,0,0,0,0,0,0,0,0,0,0,0,0,0,0,0,0,0,0,0,0,0,0,0,0,0,0,0,0,0,0,0,0,0,0,0,0,0,0,0,0,0,0,0,0,
2,8_4,10_55_44,4.2361,0,0,0,4.236055,,2.229,0.60724,-2.133,11.99258,344.1227,1.091029E-07,0.0000,0.0000,0.0000,0.0000,0.0000,0.0000,0,0,,,,,,,0,0,0,0,0,0,0,0,0,0,0,0,0,0,0,0,0,0,0,0,0,0,0,0,0,0,0,0,0,0,0,0,0,0,0,0,0,0,0,0,0,0,0,0,0,0,0,0,0,0,0,
2,8_4,10_55_44,4.2393,0,0,0,4.239315,,2.229,0.60724,-2.133,11.99258,344.1227,1.091029E-07,0.0000,0.0000,0.0000,0.0000,0.0000,0.0000,0,0,,,,,,,0,0,0,0,0,0,0,0,0,0,0,0,0,0,0,0,0,0,0,0,0,0,0,0,0,0,0,0,0,0,0,0,0,0,0,0,0,0,0,0,0,0,0,0,0,0,0,0,0,0,0,
2,8_4,10_55_44,4.2426,0,0,0,4.242573,,2.229,0.60724,-2.133,11.99258,344.1227,1.091029E-07,0.0000,0.0000,0.0000,0.0000,0.0000,0.0000,0,0,,,,,,,0,0,0,0,0,0,0,0,0,0,0,0,0,0,0,0,0,0,0,0,0,0,0,0,0,0,0,0,0,0,0,0,0,0,0,0,0,0,0,0,0,0,0,0,0,0,0,0,0,0,0,
2,8_4,10_55_44,4.2461,0,0,0,4.24608,,2.229,0.60724,-2.133,11.99258,344.1227,1.091029E-07,0.0000,0.0000,0.0000,0.0000,0.0000,0.0000,0,0,,,,,,,0,0,0,0,0,0,0,0,0,0,0,0,0,0,0,0,0,0,0,0,0,0,0,0,0,0,0,0,0,0,0,0,0,0,0,0,0,0,0,0,0,0,0,0,0,0,0,0,0,0,0,
2,8_4,10_55_44,4.2500,0,0,0,4.249952,,2.229,0.60724,-2.133,11.99258,344.1227,1.091029E-07,0.0000,0.0000,0.0000,0.0000,0.0000,0.0000,0,0,,,,,,,0,0,0,0,0,0,0,0,0,0,0,0,0,0,0,0,0,0,0,0,0,0,0,0,0,0,0,0,0,0,0,0,0,0,0,0,0,0,0,0,0,0,0,0,0,0,0,0,0,0,0,
2,8_4,10_55_44,4.2532,0,0,0,4.253215,,2.229,0.60724,-2.133,11.99258,344.1227,1.091029E-07,0.0000,0.0000,0.0000,0.0000,0.0000,0.0000,0,0,,,,,,,0,0,0,0,0,0,0,0,0,0,0,0,0,0,0,0,0,0,0,0,0,0,0,0,0,0,0,0,0,0,0,0,0,0,0,0,0,0,0,0,0,0,0,0,0,0,0,0,0,0,0,
2,8_4,10_55_44,4.2567,0,0,0,4.256664,,2.229,0.60724,-2.133,11.99258,344.1227,1.091029E-07,0.0000,0.0000,0.0000,0.0000,0.0000,0.0000,0,0,,,,,,,0,0,0,0,0,0,0,0,0,0,0,0,0,0,0,0,0,0,0,0,0,0,0,0,0,0,0,0,0,0,0,0,0,0,0,0,0,0,0,0,0,0,0,0,0,0,0,0,0,0,0,
2,8_4,10_55_44,4.2602,0,0,0,4.260169,,2.229,0.60724,-2.133,11.99258,344.1227,1.091029E-07,0.0000,0.0000,0.0000,0.0000,0.0000,0.0000,0,0,,,,,,,0,0,0,0,0,0,0,0,0,0,0,0,0,0,0,0,0,0,0,0,0,0,0,0,0,0,0,0,0,0,0,0,0,0,0,0,0,0,0,0,0,0,0,0,0,0,0,0,0,0,0,
2,8_4,10_55_44,4.2638,0,0,0,4.263828,,2.229,0.60724,-2.133,11.99258,344.1227,1.091029E-07,0.0000,0.0000,0.0000,0.0000,0.0000,0.0000,0,0,,,,,,,0,0,0,0,0,0,0,0,0,0,0,0,0,0,0,0,0,0,0,0,0,0,0,0,0,0,0,0,0,0,0,0,0,0,0,0,0,0,0,0,0,0,0,0,0,0,0,0,0,0,0,
2,8_4,10_55_44,4.2677,0,0,0,4.267737,,2.229,0.60724,-2.133,11.99258,344.1227,1.091029E-07,0.0000,0.0000,0.0000,0.0000,0.0000,0.0000,0,0,,,,,,,0,0,0,0,0,0,0,0,0,0,0,0,0,0,0,0,0,0,0,0,0,0,0,0,0,0,0,0,0,0,0,0,0,0,0,0,0,0,0,0,0,0,0,0,0,0,0,0,0,0,0,
2,8_4,10_55_44,4.2711,0,0,0,4.27108,,2.229,0.60724,-2.133,11.99258,344.1227,1.091029E-07,0.0000,0.0000,0.0000,0.0000,0.0000,0.0000,0,0,,,,,,,0,0,0,0,0,0,0,0,0,0,0,0,0,0,0,0,0,0,0,0,0,0,0,0,0,0,0,0,0,0,0,0,0,0,0,0,0,0,0,0,0,0,0,0,0,0,0,0,0,0,0,
2,8_4,10_55_44,4.2744,0,0,0,4.274359,,2.229,0.60724,-2.133,11.99258,344.1227,1.091029E-07,0.0000,0.0000,0.0000,0.0000,0.0000,0.0000,0,0,,,,,,,0,0,0,0,0,0,0,0,0,0,0,0,0,0,0,0,0,0,0,0,0,0,0,0,0,0,0,0,0,0,0,0,0,0,0,0,0,0,0,0,0,0,0,0,0,0,0,0,0,0,0,
2,8_4,10_55_44,4.2777,0,0,0,4.277672,,2.229,0.60724,-2.133,11.99258,344.1227,1.091029E-07,0.0000,0.0000,0.0000,0.0000,0.0000,0.0000,0,0,,,,,,,0,0,0,0,0,0,0,0,0,0,0,0,0,0,0,0,0,0,0,0,0,0,0,0,0,0,0,0,0,0,0,0,0,0,0,0,0,0,0,0,0,0,0,0,0,0,0,0,0,0,0,
2,8_4,10_55_44,4.2815,0,0,0,4.281508,,2.229,0.60724,-2.133,11.99258,344.1227,1.091029E-07,0.0000,0.0000,0.0000,0.0000,0.0000,0.0000,0,0,,,,,,,0,0,0,0,0,0,0,0,0,0,0,0,0,0,0,0,0,0,0,0,0,0,0,0,0,0,0,0,0,0,0,0,0,0,0,0,0,0,0,0,0,0,0,0,0,0,0,0,0,0,0,
2,8_4,10_55_44,4.2851,0,0,0,4.285064,,2.229,0.60724,-2.133,11.99258,344.1227,1.091029E-07,0.0000,0.0000,0.0000,0.0000,0.0000,0.0000,0,0,,,,,,,0,0,0,0,0,0,0,0,0,0,0,0,0,0,0,0,0,0,0,0,0,0,0,0,0,0,0,0,0,0,0,0,0,0,0,0,0,0,0,0,0,0,0,0,0,0,0,0,0,0,0,
2,8_4,10_55_44,4.2884,0,0,0,4.288412,,2.229,0.60724,-2.133,11.99258,344.1227,1.091029E-07,0.0000,0.0000,0.0000,0.0000,0.0000,0.0000,0,0,,,,,,,0,0,0,0,0,0,0,0,0,0,0,0,0,0,0,0,0,0,0,0,0,0,0,0,0,0,0,0,0,0,0,0,0,0,0,0,0,0,0,0,0,0,0,0,0,0,0,0,0,0,0,
2,8_4,10_55_44,4.2918,0,0,0,4.291777,,2.229,0.60724,-2.133,11.99258,344.1227,1.091029E-07,0.0000,0.0000,0.0000,0.0000,0.0000,0.0000,0,0,,,,,,,0,0,0,0,0,0,0,0,0,0,0,0,0,0,0,0,0,0,0,0,0,0,0,0,0,0,0,0,0,0,0,0,0,0,0,0,0,0,0,0,0,0,0,0,0,0,0,0,0,0,0,
2,8_4,10_55_44,4.2952,0,0,0,4.29522,,2.229,0.60724,-2.133,11.99258,344.1227,1.091029E-07,0.0000,0.0000,0.0000,0.0000,0.0000,0.0000,0,0,,,,,,,0,0,0,0,0,0,0,0,0,0,0,0,0,0,0,0,0,0,0,0,0,0,0,0,0,0,0,0,0,0,0,0,0,0,0,0,0,0,0,0,0,0,0,0,0,0,0,0,0,0,0,
2,8_4,10_55_44,4.2985,0,0,0,4.298511,,2.229,0.60724,-2.133,11.99258,344.1227,1.091029E-07,0.0000,0.0000,0.0000,0.0000,0.0000,0.0000,0,0,,,,,,,0,0,0,0,0,0,0,0,0,0,0,0,0,0,0,0,0,0,0,0,0,0,0,0,0,0,0,0,0,0,0,0,0,0,0,0,0,0,0,0,0,0,0,0,0,0,0,0,0,0,0,
2,8_4,10_55_44,4.3019,0,0,0,4.301918,,2.229,0.60724,-2.133,11.99258,344.1227,1.091029E-07,0.0000,0.0000,0.0000,0.0000,0.0000,0.0000,0,0,,,,,,,0,0,0,0,0,0,0,0,0,0,0,0,0,0,0,0,0,0,0,0,0,0,0,0,0,0,0,0,0,0,0,0,0,0,0,0,0,0,0,0,0,0,0,0,0,0,0,0,0,0,0,
2,8_4,10_55_44,4.3052,0,0,0,4.305243,,2.229,0.60724,-2.133,11.99258,344.1227,1.091029E-07,0.0000,0.0000,0.0000,0.0000,0.0000,0.0000,0,0,,,,,,,0,0,0,0,0,0,0,0,0,0,0,0,0,0,0,0,0,0,0,0,0,0,0,0,0,0,0,0,0,0,0,0,0,0,0,0,0,0,0,0,0,0,0,0,0,0,0,0,0,0,0,
2,8_4,10_55_44,4.3086,0,0,0,4.30858,,2.229,0.60724,-2.133,11.99258,344.1227,1.091029E-07,0.0000,0.0000,0.0000,0.0000,0.0000,0.0000,0,0,,,,,,,0,0,0,0,0,0,0,0,0,0,0,0,0,0,0,0,0,0,0,0,0,0,0,0,0,0,0,0,0,0,0,0,0,0,0,0,0,0,0,0,0,0,0,0,0,0,0,0,0,0,0,
2,8_4,10_55_44,4.3118,0,0,0,4.311845,,2.229,0.60724,-2.133,11.99258,344.1227,1.091029E-07,0.0000,0.0000,0.0000,0.0000,0.0000,0.0000,0,0,,,,,,,0,0,0,0,0,0,0,0,0,0,0,0,0,0,0,0,0,0,0,0,0,0,0,0,0,0,0,0,0,0,0,0,0,0,0,0,0,0,0,0,0,0,0,0,0,0,0,0,0,0,0,
2,8_4,10_55_44,4.3152,0,0,0,4.315226,,2.229,0.60724,-2.133,11.99258,344.1227,1.091029E-07,0.0000,0.0000,0.0000,0.0000,0.0000,0.0000,0,0,,,,,,,0,0,0,0,0,0,0,0,0,0,0,0,0,0,0,0,0,0,0,0,0,0,0,0,0,0,0,0,0,0,0,0,0,0,0,0,0,0,0,0,0,0,0,0,0,0,0,0,0,0,0,
2,8_4,10_55_44,4.3187,0,0,0,4.318707,,2.229,0.60724,-2.133,11.99258,344.1227,1.091029E-07,0.0000,0.0000,0.0000,0.0000,0.0000,0.0000,0,0,,,,,,,0,0,0,0,0,0,0,0,0,0,0,0,0,0,0,0,0,0,0,0,0,0,0,0,0,0,0,0,0,0,0,0,0,0,0,0,0,0,0,0,0,0,0,0,0,0,0,0,0,0,0,
2,8_4,10_55_44,4.3222,0,0,0,4.32215,,2.229,0.60724,-2.133,11.99258,344.1227,1.091029E-07,0.0000,0.0000,0.0000,0.0000,0.0000,0.0000,0,0,,,,,,,0,0,0,0,0,0,0,0,0,0,0,0,0,0,0,0,0,0,0,0,0,0,0,0,0,0,0,0,0,0,0,0,0,0,0,0,0,0,0,0,0,0,0,0,0,0,0,0,0,0,0,
2,8_4,10_55_44,4.3256,0,0,0,4.325569,,2.229,0.60724,-2.133,11.99258,344.1227,1.091029E-07,0.0000,0.0000,0.0000,0.0000,0.0000,0.0000,0,0,,,,,,,0,0,0,0,0,0,0,0,0,0,0,0,0,0,0,0,0,0,0,0,0,0,0,0,0,0,0,0,0,0,0,0,0,0,0,0,0,0,0,0,0,0,0,0,0,0,0,0,0,0,0,
2,8_4,10_55_44,4.3288,0,0,0,4.328809,,2.229,0.60724,-2.133,11.99258,344.1227,1.091029E-07,0.0000,0.0000,0.0000,0.0000,0.0000,0.0000,0,0,,,,,,,0,0,0,0,0,0,0,0,0,0,0,0,0,0,0,0,0,0,0,0,0,0,0,0,0,0,0,0,0,0,0,0,0,0,0,0,0,0,0,0,0,0,0,0,0,0,0,0,0,0,0,
2,8_4,10_55_44,4.3321,0,0,0,4.332127,,2.229,0.60724,-2.133,11.99258,344.1227,1.091029E-07,0.0000,0.0000,0.0000,0.0000,0.0000,0.0000,0,0,,,,,,,0,0,0,0,0,0,0,0,0,0,0,0,0,0,0,0,0,0,0,0,0,0,0,0,0,0,0,0,0,0,0,0,0,0,0,0,0,0,0,0,0,0,0,0,0,0,0,0,0,0,0,
2,8_4,10_55_44,4.3354,0,0,0,4.33536,,2.229,0.60724,-2.133,11.99258,344.1227,1.091029E-07,0.0000,0.0000,0.0000,0.0000,0.0000,0.0000,0,0,,,,,,,0,0,0,0,0,0,0,0,0,0,0,0,0,0,0,0,0,0,0,0,0,0,0,0,0,0,0,0,0,0,0,0,0,0,0,0,0,0,0,0,0,0,0,0,0,0,0,0,0,0,0,
2,8_4,10_55_44,4.3387,0,0,0,4.338701,,2.229,0.60724,-2.133,11.99258,344.1227,1.091029E-07,0.0000,0.0000,0.0000,0.0000,0.0000,0.0000,0,0,,,,,,,0,0,0,0,0,0,0,0,0,0,0,0,0,0,0,0,0,0,0,0,0,0,0,0,0,0,0,0,0,0,0,0,0,0,0,0,0,0,0,0,0,0,0,0,0,0,0,0,0,0,0,
2,8_4,10_55_44,4.3419,0,0,0,4.341949,,2.229,0.60724,-2.133,11.99258,344.1227,1.091029E-07,0.0000,0.0000,0.0000,0.0000,0.0000,0.0000,0,0,,,,,,,0,0,0,0,0,0,0,0,0,0,0,0,0,0,0,0,0,0,0,0,0,0,0,0,0,0,0,0,0,0,0,0,0,0,0,0,0,0,0,0,0,0,0,0,0,0,0,0,0,0,0,
2,8_4,10_55_44,4.3453,0,0,0,4.345303,,2.229,0.60724,-2.133,11.99258,344.1227,1.091029E-07,0.0000,0.0000,0.0000,0.0000,0.0000,0.0000,0,0,,,,,,,0,0,0,0,0,0,0,0,0,0,0,0,0,0,0,0,0,0,0,0,0,0,0,0,0,0,0,0,0,0,0,0,0,0,0,0,0,0,0,0,0,0,0,0,0,0,0,0,0,0,0,
2,8_4,10_55_44,4.3486,0,0,0,4.348553,,2.229,0.60724,-2.133,11.99258,344.1227,1.091029E-07,0.0000,0.0000,0.0000,0.0000,0.0000,0.0000,0,0,,,,,,,0,0,0,0,0,0,0,0,0,0,0,0,0,0,0,0,0,0,0,0,0,0,0,0,0,0,0,0,0,0,0,0,0,0,0,0,0,0,0,0,0,0,0,0,0,0,0,0,0,0,0,
2,8_4,10_55_44,4.3518,0,0,0,4.351789,,2.229,0.60724,-2.133,11.99258,344.1227,1.091029E-07,0.0000,0.0000,0.0000,0.0000,0.0000,0.0000,0,0,,,,,,,0,0,0,0,0,0,0,0,0,0,0,0,0,0,0,0,0,0,0,0,0,0,0,0,0,0,0,0,0,0,0,0,0,0,0,0,0,0,0,0,0,0,0,0,0,0,0,0,0,0,0,
2,8_4,10_55_44,4.3550,0,0,0,4.35502,,2.229,0.60724,-2.133,11.99258,344.1227,1.091029E-07,0.0000,0.0000,0.0000,0.0000,0.0000,0.0000,0,0,,,,,,,0,0,0,0,0,0,0,0,0,0,0,0,0,0,0,0,0,0,0,0,0,0,0,0,0,0,0,0,0,0,0,0,0,0,0,0,0,0,0,0,0,0,0,0,0,0,0,0,0,0,0,
2,8_4,10_55_44,4.3583,0,0,0,4.358294,,2.229,0.60724,-2.133,11.99258,344.1227,1.091029E-07,0.0000,0.0000,0.0000,0.0000,0.0000,0.0000,0,0,,,,,,,0,0,0,0,0,0,0,0,0,0,0,0,0,0,0,0,0,0,0,0,0,0,0,0,0,0,0,0,0,0,0,0,0,0,0,0,0,0,0,0,0,0,0,0,0,0,0,0,0,0,0,
2,8_4,10_55_44,4.3615,0,0,0,4.36154,,2.229,0.60724,-2.133,11.99258,344.1227,1.091029E-07,0.0000,0.0000,0.0000,0.0000,0.0000,0.0000,0,0,,,,,,,0,0,0,0,0,0,0,0,0,0,0,0,0,0,0,0,0,0,0,0,0,0,0,0,0,0,0,0,0,0,0,0,0,0,0,0,0,0,0,0,0,0,0,0,0,0,0,0,0,0,0,
2,8_4,10_55_44,4.3655,0,0,0,4.365493,,2.229,0.60724,-2.133,11.99258,344.1227,1.091029E-07,0.0000,0.0000,0.0000,0.0000,0.0000,0.0000,0,0,,,,,,,0,0,0,0,0,0,0,0,0,0,0,0,0,0,0,0,0,0,0,0,0,0,0,0,0,0,0,0,0,0,0,0,0,0,0,0,0,0,0,0,0,0,0,0,0,0,0,0,0,0,0,
2,8_4,10_55_44,4.3689,0,0,0,4.368861,,2.229,0.60724,-2.133,11.99258,344.1227,1.091029E-07,0.0000,0.0000,0.0000,0.0000,0.0000,0.0000,0,0,,,,,,,0,0,0,0,0,0,0,0,0,0,0,0,0,0,0,0,0,0,0,0,0,0,0,0,0,0,0,0,0,0,0,0,0,0,0,0,0,0,0,0,0,0,0,0,0,0,0,0,0,0,0,
2,8_4,10_55_44,4.3721,0,0,0,4.372133,,2.229,0.60724,-2.133,11.99258,344.1227,1.091029E-07,0.0000,0.0000,0.0000,0.0000,0.0000,0.0000,0,0,,,,,,,0,0,0,0,0,0,0,0,0,0,0,0,0,0,0,0,0,0,0,0,0,0,0,0,0,0,0,0,0,0,0,0,0,0,0,0,0,0,0,0,0,0,0,0,0,0,0,0,0,0,0,
2,8_4,10_55_44,4.3754,0,0,0,4.375366,,2.229,0.60724,-2.133,11.99258,344.1227,1.091029E-07,0.0000,0.0000,0.0000,0.0000,0.0000,0.0000,0,0,,,,,,,0,0,0,0,0,0,0,0,0,0,0,0,0,0,0,0,0,0,0,0,0,0,0,0,0,0,0,0,0,0,0,0,0,0,0,0,0,0,0,0,0,0,0,0,0,0,0,0,0,0,0,
2,8_4,10_55_44,4.3788,0,0,0,4.378848,,2.229,0.60724,-2.133,11.99258,344.1227,1.091029E-07,0.0000,0.0000,0.0000,0.0000,0.0000,0.0000,0,0,,,,,,,0,0,0,0,0,0,0,0,0,0,0,0,0,0,0,0,0,0,0,0,0,0,0,0,0,0,0,0,0,0,0,0,0,0,0,0,0,0,0,0,0,0,0,0,0,0,0,0,0,0,0,
2,8_4,10_55_44,4.3824,0,0,0,4.38243,,2.229,0.60724,-2.133,11.99258,344.1227,1.091029E-07,0.0000,0.0000,0.0000,0.0000,0.0000,0.0000,0,0,,,,,,,0,0,0,0,0,0,0,0,0,0,0,0,0,0,0,0,0,0,0,0,0,0,0,0,0,0,0,0,0,0,0,0,0,0,0,0,0,0,0,0,0,0,0,0,0,0,0,0,0,0,0,
2,8_4,10_55_44,4.3859,0,0,0,4.38588,,2.229,0.60724,-2.133,11.99258,344.1227,1.091029E-07,0.0000,0.0000,0.0000,0.0000,0.0000,0.0000,0,0,,,,,,,0,0,0,0,0,0,0,0,0,0,0,0,0,0,0,0,0,0,0,0,0,0,0,0,0,0,0,0,0,0,0,0,0,0,0,0,0,0,0,0,0,0,0,0,0,0,0,0,0,0,0,
2,8_4,10_55_44,4.3891,0,0,0,4.389143,,2.229,0.60724,-2.133,11.99258,344.1227,1.091029E-07,0.0000,0.0000,0.0000,0.0000,0.0000,0.0000,0,0,,,,,,,0,0,0,0,0,0,0,0,0,0,0,0,0,0,0,0,0,0,0,0,0,0,0,0,0,0,0,0,0,0,0,0,0,0,0,0,0,0,0,0,0,0,0,0,0,0,0,0,0,0,0,
2,8_4,10_55_44,4.3924,0,0,0,4.392385,,2.229,0.60724,-2.133,11.99258,344.1227,1.091029E-07,0.0000,0.0000,0.0000,0.0000,0.0000,0.0000,0,0,,,,,,,0,0,0,0,0,0,0,0,0,0,0,0,0,0,0,0,0,0,0,0,0,0,0,0,0,0,0,0,0,0,0,0,0,0,0,0,0,0,0,0,0,0,0,0,0,0,0,0,0,0,0,
2,8_4,10_55_44,4.3967,0,0,0,4.396698,,2.229,0.60724,-2.133,11.99258,344.1227,1.091029E-07,0.0000,0.0000,0.0000,0.0000,0.0000,0.0000,0,0,,,,,,,0,0,0,0,0,0,0,0,0,0,0,0,0,0,0,0,0,0,0,0,0,0,0,0,0,0,0,0,0,0,0,0,0,0,0,0,0,0,0,0,0,0,0,0,0,0,0,0,0,0,0,
2,8_4,10_55_44,4.4000,0,0,0,4.400021,,2.229,0.60724,-2.133,11.99258,344.1227,1.091029E-07,0.0000,0.0000,0.0000,0.0000,0.0000,0.0000,0,0,,,,,,,0,0,0,0,0,0,0,0,0,0,0,0,0,0,0,0,0,0,0,0,0,0,0,0,0,0,0,0,0,0,0,0,0,0,0,0,0,0,0,0,0,0,0,0,0,0,0,0,0,0,0,
2,8_4,10_55_44,4.4034,0,0,0,4.403371,,2.229,0.60724,-2.133,11.99258,344.1227,1.091029E-07,0.0000,0.0000,0.0000,0.0000,0.0000,0.0000,0,0,,,,,,,0,0,0,0,0,0,0,0,0,0,0,0,0,0,0,0,0,0,0,0,0,0,0,0,0,0,0,0,0,0,0,0,0,0,0,0,0,0,0,0,0,0,0,0,0,0,0,0,0,0,0,
2,8_4,10_55_44,4.4068,0,0,0,4.406762,,2.229,0.60724,-2.133,11.99258,344.1227,1.091029E-07,0.0000,0.0000,0.0000,0.0000,0.0000,0.0000,0,0,,,,,,,0,0,0,0,0,0,0,0,0,0,0,0,0,0,0,0,0,0,0,0,0,0,0,0,0,0,0,0,0,0,0,0,0,0,0,0,0,0,0,0,0,0,0,0,0,0,0,0,0,0,0,
2,8_4,10_55_44,4.4103,0,0,0,4.410262,,2.229,0.60724,-2.133,11.99258,344.1227,1.091029E-07,0.0000,0.0000,0.0000,0.0000,0.0000,0.0000,0,0,,,,,,,0,0,0,0,0,0,0,0,0,0,0,0,0,0,0,0,0,0,0,0,0,0,0,0,0,0,0,0,0,0,0,0,0,0,0,0,0,0,0,0,0,0,0,0,0,0,0,0,0,0,0,
2,8_4,10_55_44,4.4138,0,0,0,4.413786,,2.229,0.60724,-2.133,11.99258,344.1227,1.091029E-07,0.0000,0.0000,0.0000,0.0000,0.0000,0.0000,0,0,,,,,,,0,0,0,0,0,0,0,0,0,0,0,0,0,0,0,0,0,0,0,0,0,0,0,0,0,0,0,0,0,0,0,0,0,0,0,0,0,0,0,0,0,0,0,0,0,0,0,0,0,0,0,
2,8_4,10_55_44,4.4175,0,0,0,4.417509,,2.229,0.60724,-2.133,11.99258,344.1227,1.091029E-07,0.0000,0.0000,0.0000,0.0000,0.0000,0.0000,0,0,,,,,,,0,0,0,0,0,0,0,0,0,0,0,0,0,0,0,0,0,0,0,0,0,0,0,0,0,0,0,0,0,0,0,0,0,0,0,0,0,0,0,0,0,0,0,0,0,0,0,0,0,0,0,
2,8_4,10_55_44,4.4208,0,0,0,4.420823,,2.229,0.60724,-2.133,11.99258,344.1227,1.091029E-07,0.0000,0.0000,0.0000,0.0000,0.0000,0.0000,0,0,,,,,,,0,0,0,0,0,0,0,0,0,0,0,0,0,0,0,0,0,0,0,0,0,0,0,0,0,0,0,0,0,0,0,0,0,0,0,0,0,0,0,0,0,0,0,0,0,0,0,0,0,0,0,
2,8_4,10_55_44,4.4241,0,0,0,4.424146,,2.229,0.60724,-2.133,11.99258,344.1227,1.091029E-07,0.0000,0.0000,0.0000,0.0000,0.0000,0.0000,0,0,,,,,,,0,0,0,0,0,0,0,0,0,0,0,0,0,0,0,0,0,0,0,0,0,0,0,0,0,0,0,0,0,0,0,0,0,0,0,0,0,0,0,0,0,0,0,0,0,0,0,0,0,0,0,
2,8_4,10_55_44,4.4279,0,0,0,4.427901,,2.229,0.60724,-2.133,12.01138,344.1602,-1.091105E-07,0.0000,0.0000,0.0000,0.0000,0.0000,0.0000,0,0,,,,,,,0,0,0,0,0,0,0,0,0,0,0,0,0,0,0,0,0,0,0,0,0,0,0,0,0,0,0,0,0,0,0,0,0,0,0,0,0,0,0,0,0,0,0,0,0,0,0,0,0,0,0,
2,8_4,10_55_44,4.4323,0,0,0,4.432295,,2.229,0.60724,-2.133,12.05531,344.2261,-1.091284E-07,0.0000,0.0000,0.0000,0.0000,0.0000,0.0000,0,0,,,,,,,0,0,0,0,0,0,0,0,0,0,0,0,0,0,0,0,0,0,0,0,0,0,0,0,0,0,0,0,0,0,0,0,0,0,0,0,0,0,0,0,0,0,0,0,0,0,0,0,0,0,0,
2,8_4,10_55_44,4.4364,0,0,0,4.436449,,2.229,0.60724,-2.133,12.1176,344.3092,-1.091538E-07,0.0000,0.0000,0.0000,0.0000,0.0000,0.0000,0,0,,,,,,,0,0,0,0,0,0,0,0,0,0,0,0,0,0,0,0,0,0,0,0,0,0,0,0,0,0,0,0,0,0,0,0,0,0,0,0,0,0,0,0,0,0,0,0,0,0,0,0,0,0,0,
2,8_4,10_55_44,4.4404,0,0,0,4.440361,,2.229,0.60724,-2.133,12.19607,344.3875,0,0.0000,0.0000,0.0000,0.0000,0.0000,0.0000,0,0,,,,,,,0,0,0,0,0,0,0,0,0,0,0,0,0,0,0,0,0,0,0,0,0,0,0,0,0,0,0,0,0,0,0,0,0,0,0,0,0,0,0,0,0,0,0,0,0,0,0,0,0,0,0,
2,8_4,10_55_44,4.4447,0,0,0,4.444717,,2.229,0.60724,-2.133,12.26142,344.4963,0,0.0000,0.0000,0.0000,0.0000,0.0000,0.0000,0,0,,,,,,,0,0,0,0,0,0,0,0,0,0,0,0,0,0,0,0,0,0,0,0,0,0,0,0,0,0,0,0,0,0,0,0,0,0,0,0,0,0,0,0,0,0,0,0,0,0,0,0,0,0,0,
2,8_4,10_55_44,4.4491,0,0,0,4.449098,,2.229,0.60724,-2.133,12.32721,344.6058,-1.092403E-07,0.0000,0.0000,0.0000,0.0000,0.0000,0.0000,0,0,,,,,,,0,0,0,0,0,0,0,0,0,0,0,0,0,0,0,0,0,0,0,0,0,0,0,0,0,0,0,0,0,0,0,0,0,0,0,0,0,0,0,0,0,0,0,0,0,0,0,0,0,0,0,
2,8_4,10_55_44,4.4542,0,0,0,4.454239,,2.229,0.60724,-2.133,12.48151,344.7601,-1.09305E-07,0.0000,0.0000,0.0000,0.0000,0.0000,0.0000,0,0,,,,,,,0,0,0,0,0,0,0,0,0,0,0,0,0,0,0,0,0,0,0,0,0,0,0,0,0,0,0,0,0,0,0,0,0,0,0,0,0,0,0,0,0,0,0,0,0,0,0,0,0,0,0,
2,8_4,10_55_44,4.4598,0,0,0,4.459768,,2.229,0.60724,-2.133,12.7027,344.9536,-1.093993E-07,0.0000,0.0000,0.0000,0.0000,0.0000,0.0000,0,0,,,,,,,0,0,0,0,0,0,0,0,0,0,0,0,0,0,0,0,0,0,0,0,0,0,0,0,0,0,0,0,0,0,0,0,0,0,0,0,0,0,0,0,0,0,0,0,0,0,0,0,0,0,0,
2,8_4,10_55_44,4.4651,0,0,0,4.465105,,2.229,0.60724,-2.133,12.88936,345.1403,1.094803E-07,0.0000,0.0000,0.0000,0.0000,0.0000,0.0000,0,0,,,,,,,0,0,0,0,0,0,0,0,0,0,0,0,0,0,0,0,0,0,0,0,0,0,0,0,0,0,0,0,0,0,0,0,0,0,0,0,0,0,0,0,0,0,0,0,0,0,0,0,0,0,0,
2,8_4,10_55_44,4.4690,0,0,0,4.468974,,2.229,0.60724,-2.133,12.98596,345.2177,0,0.0000,0.0000,0.0000,0.0000,0.0000,0.0000,0,0,,,,,,,0,0,0,0,0,0,0,0,0,0,0,0,0,0,0,0,0,0,0,0,0,0,0,0,0,0,0,0,0,0,0,0,0,0,0,0,0,0,0,0,0,0,0,0,0,0,0,0,0,0,0,
2,8_4,10_55_44,4.4728,0,0,0,4.472818,,2.229,0.60724,-2.133,13.10137,345.2946,1.095738E-07,0.0000,0.0000,0.0000,0.0000,0.0000,0.0000,0,0,,,,,,,0,0,0,0,0,0,0,0,0,0,0,0,0,0,0,0,0,0,0,0,0,0,0,0,0,0,0,0,0,0,0,0,0,0,0,0,0,0,0,0,0,0,0,0,0,0,0,0,0,0,0,
2,8_4,10_55_44,4.4780,0,0,0,4.477997,,2.229,0.60724,-2.133,13.33436,345.5018,0,0.0000,0.0000,0.0000,0.0000,0.0000,0.0000,0,0,,,,,,,0,0,0,0,0,0,0,0,0,0,0,0,0,0,0,0,0,0,0,0,0,0,0,0,0,0,0,0,0,0,0,0,0,0,0,0,0,0,0,0,0,0,0,0,0,0,0,0,0,0,0,
2,8_4,10_55_44,4.4841,0,0,0,4.484117,,2.229,0.60724,-2.133,13.57937,345.6547,1.097908E-07,0.0000,0.0000,0.0000,0.0000,0.0000,0.0000,0,0,,,,,,,0,0,0,0,0,0,0,0,0,0,0,0,0,0,0,0,0,0,0,0,0,0,0,0,0,0,0,0,0,0,0,0,0,0,0,0,0,0,0,0,0,0,0,0,0,0,0,0,0,0,0,
2,8_4,10_55_44,4.4880,0,0,0,4.487981,,2.229,0.60724,-2.133,13.69521,345.7513,1.098447E-07,0.0000,0.0000,0.0000,0.0000,0.0000,0.0000,0,0,,,,,,,0,0,0,0,0,0,0,0,0,0,0,0,0,0,0,0,0,0,0,0,0,0,0,0,0,0,0,0,0,0,0,0,0,0,0,0,0,0,0,0,0,0,0,0,0,0,0,0,0,0,0,
2,8_4,10_55_44,4.4921,0,0,0,4.492073,,2.229,0.60724,-2.133,13.81804,345.8536,-1.099024E-07,0.0000,0.0000,0.0000,0.0000,0.0000,0.0000,0,0,,,,,,,0,0,0,0,0,0,0,0,0,0,0,0,0,0,0,0,0,0,0,0,0,0,0,0,0,0,0,0,0,0,0,0,0,0,0,0,0,0,0,0,0,0,0,0,0,0,0,0,0,0,0,
2,8_4,10_55_44,4.4963,0,0,0,4.496342,,2.229,0.60724,-2.133,14.01017,346.0031,0,0.0000,0.0000,0.0000,0.0000,0.0000,0.0000,0,0,,,,,,,0,0,0,0,0,0,0,0,0,0,0,0,0,0,0,0,0,0,0,0,0,0,0,0,0,0,0,0,0,0,0,0,0,0,0,0,0,0,0,0,0,0,0,0,0,0,0,0,0,0,0,
2,8_4,10_55_44,4.5017,0,0,0,4.50172,,2.229,0.60724,-2.133,14.19857,346.2181,0,0.0000,0.0000,0.0000,0.0000,0.0000,0.0000,0,0,,,,,,,0,0,0,0,0,0,0,0,0,0,0,0,0,0,0,0,0,0,0,0,0,0,0,0,0,0,0,0,0,0,0,0,0,0,0,0,0,0,0,0,0,0,0,0,0,0,0,0,0,0,0,
2,8_4,10_55_44,4.5061,0,0,0,4.506053,,2.229,0.60724,-2.133,14.35004,346.3481,-1.101587E-07,0.0000,0.0000,0.0000,0.0000,0.0000,0.0000,0,0,,,,,,,0,0,0,0,0,0,0,0,0,0,0,0,0,0,0,0,0,0,0,0,0,0,0,0,0,0,0,0,0,0,0,0,0,0,0,0,0,0,0,0,0,0,0,0,0,0,0,0,0,0,0,
2,8_4,10_55_44,4.5121,0,0,0,4.512103,,2.229,0.60724,-2.133,14.71307,346.6506,0,0.0000,0.0000,0.0000,0.0000,0.0000,0.0000,0,0,,,,,,,0,0,0,0,0,0,0,0,0,0,0,0,0,0,0,0,0,0,0,0,0,0,0,0,0,0,0,0,0,0,0,0,0,0,0,0,0,0,0,0,0,0,0,0,0,0,0,0,0,0,0,
2,8_4,10_55_44,4.5168,0,0,0,4.516829,,2.229,0.60724,-2.133,14.94934,346.8633,0,0.0000,0.0000,0.0000,0.0000,0.0000,0.0000,0,0,,,,,,,0,0,0,0,0,0,0,0,0,0,0,0,0,0,0,0,0,0,0,0,0,0,0,0,0,0,0,0,0,0,0,0,0,0,0,0,0,0,0,0,0,0,0,0,0,0,0,0,0,0,0,
2,8_4,10_55_44,4.5207,0,0,0,4.520716,,2.229,0.60724,-2.133,15.10496,347.0382,-1.105409E-07,0.0000,0.0000,0.0000,0.0000,0.0000,0.0000,0,0,,,,,,,0,0,0,0,0,0,0,0,0,0,0,0,0,0,0,0,0,0,0,0,0,0,0,0,0,0,0,0,0,0,0,0,0,0,0,0,0,0,0,0,0,0,0,0,0,0,0,0,0,0,0,
2,8_4,10_55_44,4.5247,0,0,0,4.524711,,2.229,0.60724,-2.133,15.24484,347.178,0,0.0000,0.0000,0.0000,0.0000,0.0000,0.0000,0,0,,,,,,,0,0,0,0,0,0,0,0,0,0,0,0,0,0,0,0,0,0,0,0,0,0,0,0,0,0,0,0,0,0,0,0,0,0,0,0,0,0,0,0,0,0,0,0,0,0,0,0,0,0,0,
2,8_4,10_55_44,4.5281,0,0,0,4.528098,,2.229,0.60724,-2.133,15.24484,347.178,0,0.0000,0.0000,0.0000,0.0000,0.0000,0.0000,0,0,,,,,,,0,0,0,0,0,0,0,0,0,0,0,0,0,0,0,0,0,0,0,0,0,0,0,0,0,0,0,0,0,0,0,0,0,0,0,0,0,0,0,0,0,0,0,0,0,0,0,0,0,0,0,
2,8_4,10_55_44,4.5318,0,0,0,4.531838,,2.229,0.60724,-2.133,15.52527,347.4586,0,0.0000,0.0000,0.0000,0.0000,0.0000,0.0000,0,0,,,,,,,0,0,0,0,0,0,0,0,0,0,0,0,0,0,0,0,0,0,0,0,0,0,0,0,0,0,0,0,0,0,0,0,0,0,0,0,0,0,0,0,0,0,0,0,0,0,0,0,0,0,0,
2,8_4,10_55_44,4.5354,0,0,0,4.535449,,2.229,0.60724,-2.133,15.52527,347.4586,0,0.0000,0.0000,0.0000,0.0000,0.0000,0.0000,0,0,,,,,,,0,0,0,0,0,0,0,0,0,0,0,0,0,0,0,0,0,0,0,0,0,0,0,0,0,0,0,0,0,0,0,0,0,0,0,0,0,0,0,0,0,0,0,0,0,0,0,0,0,0,0,
2,8_4,10_55_44,4.5394,0,0,0,4.539396,,2.229,0.60724,-2.133,15.82142,347.7547,1.109239E-07,0.0000,0.0000,0.0000,0.0000,0.0000,0.0000,0,0,,,,,,,0,0,0,0,0,0,0,0,0,0,0,0,0,0,0,0,0,0,0,0,0,0,0,0,0,0,0,0,0,0,0,0,0,0,0,0,0,0,0,0,0,0,0,0,0,0,0,0,0,0,0,
2,8_4,10_55_44,4.5441,0,0,0,4.544093,,2.229,0.60724,-2.133,15.98578,347.9426,-1.110146E-07,0.0000,0.0000,0.0000,0.0000,0.0000,0.0000,0,0,,,,,,,0,0,0,0,0,0,0,0,0,0,0,0,0,0,0,0,0,0,0,0,0,0,0,0,0,0,0,0,0,0,0,0,0,0,0,0,0,0,0,0,0,0,0,0,0,0,0,0,0,0,0,
2,8_4,10_55_44,4.5489,0,0,0,4.548895,,2.229,0.60724,-2.133,16.15386,348.1107,2.22217E-07,0.0000,0.0000,0.0000,0.0000,0.0000,0.0000,0,0,,,,,,,0,0,0,0,0,0,0,0,0,0,0,0,0,0,0,0,0,0,0,0,0,0,0,0,0,0,0,0,0,0,0,0,0,0,0,0,0,0,0,0,0,0,0,0,0,0,0,0,0,0,0,
2,8_4,10_55_44,4.5528,0,0,0,4.55276,,2.229,0.60724,-2.133,16.2697,348.2459,0,0.0000,0.0000,0.0000,0.0000,0.0000,0.0000,0,0,,,,,,,0,0,0,0,0,0,0,0,0,0,0,0,0,0,0,0,0,0,0,0,0,0,0,0,0,0,0,0,0,0,0,0,0,0,0,0,0,0,0,0,0,0,0,0,0,0,0,0,0,0,0,
2,8_4,10_55_44,4.5568,0,0,0,4.556816,,2.229,0.60724,-2.133,16.33046,348.327,0,0.0000,0.0000,0.0000,0.0000,0.0000,0.0000,0,0,,,,,,,0,0,0,0,0,0,0,0,0,0,0,0,0,0,0,0,0,0,0,0,0,0,0,0,0,0,0,0,0,0,0,0,0,0,0,0,0,0,0,0,0,0,0,0,0,0,0,0,0,0,0,
2,8_4,10_55_44,4.5609,0,0,0,4.560943,,2.229,0.60724,-2.133,16.37177,348.3889,1.112318E-07,0.0000,0.0000,0.0000,0.0000,0.0000,0.0000,0,0,,,,,,,0,0,0,0,0,0,0,0,0,0,0,0,0,0,0,0,0,0,0,0,0,0,0,0,0,0,0,0,0,0,0,0,0,0,0,0,0,0,0,0,0,0,0,0,0,0,0,0,0,0,0,
2,8_4,10_55_44,4.5654,0,0,0,4.565356,,2.229,0.60724,-2.133,16.43799,348.433,1.112697E-07,0.0000,0.0000,0.0000,0.0000,0.0000,0.0000,0,0,,,,,,,0,0,0,0,0,0,0,0,0,0,0,0,0,0,0,0,0,0,0,0,0,0,0,0,0,0,0,0,0,0,0,0,0,0,0,0,0,0,0,0,0,0,0,0,0,0,0,0,0,0,0,
2,8_4,10_55_44,4.5689,0,0,0,4.568935,,2.229,0.60724,-2.133,16.4557,348.433,0,0.0000,0.0000,0.0000,0.0000,0.0000,0.0000,0,0,,,,,,,0,0,0,0,0,0,0,0,0,0,0,0,0,0,0,0,0,0,0,0,0,0,0,0,0,0,0,0,0,0,0,0,0,0,0,0,0,0,0,0,0,0,0,0,0,0,0,0,0,0,0,
2,8_4,10_55_44,4.5723,0,0,0,4.572311,,2.229,0.60724,-2.133,16.4557,348.433,0,0.0000,0.0000,0.0000,0.0000,0.0000,0.0000,0,0,,,,,,,0,0,0,0,0,0,0,0,0,0,0,0,0,0,0,0,0,0,0,0,0,0,0,0,0,0,0,0,0,0,0,0,0,0,0,0,0,0,0,0,0,0,0,0,0,0,0,0,0,0,0,
2,8_4,10_55_44,4.5756,0,0,0,4.575592,,2.229,0.60724,-2.133,16.4557,348.433,0,0.0000,0.0000,0.0000,0.0000,0.0000,0.0000,0,0,,,,,,,0,0,0,0,0,0,0,0,0,0,0,0,0,0,0,0,0,0,0,0,0,0,0,0,0,0,0,0,0,0,0,0,0,0,0,0,0,0,0,0,0,0,0,0,0,0,0,0,0,0,0,
2,8_4,10_55_44,4.5790,0,0,0,4.579029,,2.229,0.60724,-2.133,16.4557,348.433,0,0.0000,0.0000,0.0000,0.0000,0.0000,0.0000,0,0,,,,,,,0,0,0,0,0,0,0,0,0,0,0,0,0,0,0,0,0,0,0,0,0,0,0,0,0,0,0,0,0,0,0,0,0,0,0,0,0,0,0,0,0,0,0,0,0,0,0,0,0,0,0,
2,8_4,10_55_44,4.5829,0,0,0,4.582907,,2.229,0.60724,-2.133,16.4557,348.433,0,0.0000,0.0000,0.0000,0.0000,0.0000,0.0000,0,0,,,,,,,0,0,0,0,0,0,0,0,0,0,0,0,0,0,0,0,0,0,0,0,0,0,0,0,0,0,0,0,0,0,0,0,0,0,0,0,0,0,0,0,0,0,0,0,0,0,0,0,0,0,0,
2,8_4,10_55_44,4.5871,0,0,0,4.587059,,2.229,0.60724,-2.133,16.4557,348.3915,0,0.0000,0.0000,0.0000,0.0000,0.0000,0.0000,0,0,,,,,,,0,0,0,0,0,0,0,0,0,0,0,0,0,0,0,0,0,0,0,0,0,0,0,0,0,0,0,0,0,0,0,0,0,0,0,0,0,0,0,0,0,0,0,0,0,0,0,0,0,0,0,
2,8_4,10_55_44,4.5909,0,0,0,4.590872,,2.229,0.60724,-2.133,16.4557,348.3725,0,0.0000,0.0000,0.0000,0.0000,0.0000,0.0000,0,0,,,,,,,0,0,0,0,0,0,0,0,0,0,0,0,0,0,0,0,0,0,0,0,0,0,0,0,0,0,0,0,0,0,0,0,0,0,0,0,0,0,0,0,0,0,0,0,0,0,0,0,0,0,0,
2,8_4,10_55_44,4.5947,0,0,0,4.594689,,2.229,0.60724,-2.133,16.47494,348.3534,-1.112909E-07,0.0000,0.0000,0.0000,0.0000,0.0000,0.0000,0,0,,,,,,,0,0,0,0,0,0,0,0,0,0,0,0,0,0,0,0,0,0,0,0,0,0,0,0,0,0,0,0,0,0,0,0,0,0,0,0,0,0,0,0,0,0,0,0,0,0,0,0,0,0,0,
2,8_4,10_55_44,4.5996,0,0,0,4.599581,,2.229,0.60724,-2.133,16.47494,348.3045,0,0.0000,0.0000,0.0000,0.0000,0.0000,0.0000,0,0,,,,,,,0,0,0,0,0,0,0,0,0,0,0,0,0,0,0,0,0,0,0,0,0,0,0,0,0,0,0,0,0,0,0,0,0,0,0,0,0,0,0,0,0,0,0,0,0,0,0,0,0,0,0,
2,8_4,10_55_44,4.6031,0,0,0,4.603059,,2.229,0.60724,-2.133,16.47494,348.3045,0,0.0000,0.0000,0.0000,0.0000,0.0000,0.0000,0,0,,,,,,,0,0,0,0,0,0,0,0,0,0,0,0,0,0,0,0,0,0,0,0,0,0,0,0,0,0,0,0,0,0,0,0,0,0,0,0,0,0,0,0,0,0,0,0,0,0,0,0,0,0,0,
2,8_4,10_55_44,4.6069,0,0,0,4.606936,,2.229,0.60724,-2.133,16.47494,348.227,0,0.0000,0.0000,0.0000,0.0000,0.0000,0.0000,0,0,,,,,,,0,0,0,0,0,0,0,0,0,0,0,0,0,0,0,0,0,0,0,0,0,0,0,0,0,0,0,0,0,0,0,0,0,0,0,0,0,0,0,0,0,0,0,0,0,0,0,0,0,0,0,
2,8_4,10_55_44,4.6103,0,0,0,4.61028,,2.229,0.60724,-2.133,16.47494,348.227,0,0.0000,0.0000,0.0000,0.0000,0.0000,0.0000,0,0,,,,,,,0,0,0,0,0,0,0,0,0,0,0,0,0,0,0,0,0,0,0,0,0,0,0,0,0,0,0,0,0,0,0,0,0,0,0,0,0,0,0,0,0,0,0,0,0,0,0,0,0,0,0,
2,8_4,10_55_44,4.6143,0,0,0,4.614279,,2.229,0.60724,-2.133,16.47494,348.067,1.112909E-07,0.0000,0.0000,0.0000,0.0000,0.0000,0.0000,0,0,,,,,,,0,0,0,0,0,0,0,0,0,0,0,0,0,0,0,0,0,0,0,0,0,0,0,0,0,0,0,0,0,0,0,0,0,0,0,0,0,0,0,0,0,0,0,0,0,0,0,0,0,0,0,
2,8_4,10_55_44,4.6182,0,0,0,4.618228,,2.229,0.60724,-2.133,16.45505,348.0275,-1.112795E-07,0.0000,0.0000,0.0000,0.0000,0.0000,0.0000,0,0,,,,,,,0,0,0,0,0,0,0,0,0,0,0,0,0,0,0,0,0,0,0,0,0,0,0,0,0,0,0,0,0,0,0,0,0,0,0,0,0,0,0,0,0,0,0,0,0,0,0,0,0,0,0,
2,8_4,10_55_44,4.6220,0,0,0,4.621958,,2.229,0.60724,-2.133,16.43647,347.9529,-1.112688E-07,0.0000,0.0000,0.0000,0.0000,0.0000,0.0000,0,0,,,,,,,0,0,0,0,0,0,0,0,0,0,0,0,0,0,0,0,0,0,0,0,0,0,0,0,0,0,0,0,0,0,0,0,0,0,0,0,0,0,0,0,0,0,0,0,0,0,0,0,0,0,0,
2,8_4,10_55_44,4.6263,0,0,0,4.626272,,2.229,0.60724,-2.133,16.41505,347.8235,-1.112565E-07,0.0000,0.0000,0.0000,0.0000,0.0000,0.0000,0,0,,,,,,,0,0,0,0,0,0,0,0,0,0,0,0,0,0,0,0,0,0,0,0,0,0,0,0,0,0,0,0,0,0,0,0,0,0,0,0,0,0,0,0,0,0,0,0,0,0,0,0,0,0,0,
2,8_4,10_55_44,4.6308,0,0,0,4.630848,,2.229,0.60724,-2.133,16.3921,347.6634,-1.112434E-07,0.0000,0.0000,0.0000,0.0000,0.0000,0.0000,0,0,,,,,,,0,0,0,0,0,0,0,0,0,0,0,0,0,0,0,0,0,0,0,0,0,0,0,0,0,0,0,0,0,0,0,0,0,0,0,0,0,0,0,0,0,0,0,0,0,0,0,0,0,0,0,
2,8_4,10_55_44,4.6357,0,0,0,4.635653,,2.229,0.60724,-2.133,16.29593,347.5193,0,0.0000,0.0000,0.0000,0.0000,0.0000,0.0000,0,0,,,,,,,0,0,0,0,0,0,0,0,0,0,0,0,0,0,0,0,0,0,0,0,0,0,0,0,0,0,0,0,0,0,0,0,0,0,0,0,0,0,0,0,0,0,0,0,0,0,0,0,0,0,0,
2,8_4,10_55_44,4.6397,0,0,0,4.639683,,2.229,0.60724,-2.133,16.2555,347.3581,-1.111658E-07,0.0000,0.0000,0.0000,0.0000,0.0000,0.0000,0,0,,,,,,,0,0,0,0,0,0,0,0,0,0,0,0,0,0,0,0,0,0,0,0,0,0,0,0,0,0,0,0,0,0,0,0,0,0,0,0,0,0,0,0,0,0,0,0,0,0,0,0,0,0,0,
2,8_4,10_55_44,4.6437,0,0,0,4.64373,,2.229,0.60724,-2.133,16.23539,347.2569,0,0.0000,0.0000,0.0000,0.0000,0.0000,0.0000,0,0,,,,,,,0,0,0,0,0,0,0,0,0,0,0,0,0,0,0,0,0,0,0,0,0,0,0,0,0,0,0,0,0,0,0,0,0,0,0,0,0,0,0,0,0,0,0,0,0,0,0,0,0,0,0,
2,8_4,10_55_44,4.6477,0,0,0,4.647671,,2.229,0.60724,-2.133,16.17616,347.0992,-1.11121E-07,0.0000,0.0000,0.0000,0.0000,0.0000,0.0000,0,0,,,,,,,0,0,0,0,0,0,0,0,0,0,0,0,0,0,0,0,0,0,0,0,0,0,0,0,0,0,0,0,0,0,0,0,0,0,0,0,0,0,0,0,0,0,0,0,0,0,0,0,0,0,0,
2,8_4,10_55_44,4.6517,0,0,0,4.651672,,2.229,0.60724,-2.133,16.09616,346.9391,0,0.0000,0.0000,0.0000,0.0000,0.0000,0.0000,0,0,,,,,,,0,0,0,0,0,0,0,0,0,0,0,0,0,0,0,0,0,0,0,0,0,0,0,0,0,0,0,0,0,0,0,0,0,0,0,0,0,0,0,0,0,0,0,0,0,0,0,0,0,0,0,
2,8_4,10_55_44,4.6552,0,0,0,4.655207,,2.229,0.60724,-2.133,16.09616,346.9391,0,0.0000,0.0000,0.0000,0.0000,0.0000,0.0000,0,0,,,,,,,0,0,0,0,0,0,0,0,0,0,0,0,0,0,0,0,0,0,0,0,0,0,0,0,0,0,0,0,0,0,0,0,0,0,0,0,0,0,0,0,0,0,0,0,0,0,0,0,0,0,0,
2,8_4,10_55_44,4.6596,0,0,0,4.659631,,2.229,0.60724,-2.133,15.98557,346.563,0,0.0000,0.0000,0.0000,0.0000,0.0000,0.0000,0,0,,,,,,,0,0,0,0,0,0,0,0,0,0,0,0,0,0,0,0,0,0,0,0,0,0,0,0,0,0,0,0,0,0,0,0,0,0,0,0,0,0,0,0,0,0,0,0,0,0,0,0,0,0,0,
2,8_4,10_55_44,4.6638,0,0,0,4.663763,,2.229,0.60724,-2.133,15.90294,346.3564,0,0.0000,0.0000,0.0000,0.0000,0.0000,0.0000,0,0,,,,,,,0,0,0,0,0,0,0,0,0,0,0,0,0,0,0,0,0,0,0,0,0,0,0,0,0,0,0,0,0,0,0,0,0,0,0,0,0,0,0,0,0,0,0,0,0,0,0,0,0,0,0,
2,8_4,10_55_44,4.6676,0,0,0,4.667591,,2.229,0.60724,-2.133,15.82645,346.1459,2.218534E-07,0.0000,0.0000,0.0000,0.0000,0.0000,0.0000,0,0,,,,,,,0,0,0,0,0,0,0,0,0,0,0,0,0,0,0,0,0,0,0,0,0,0,0,0,0,0,0,0,0,0,0,0,0,0,0,0,0,0,0,0,0,0,0,0,0,0,0,0,0,0,0,
2,8_4,10_55_44,4.6721,0,0,0,4.672072,,2.229,0.60724,-2.133,15.71432,345.877,0,0.0000,0.0000,0.0000,0.0000,0.0000,0.0000,0,0,,,,,,,0,0,0,0,0,0,0,0,0,0,0,0,0,0,0,0,0,0,0,0,0,0,0,0,0,0,0,0,0,0,0,0,0,0,0,0,0,0,0,0,0,0,0,0,0,0,0,0,0,0,0,
2,8_4,10_55_44,4.6783,0,0,0,4.678329,,2.229,0.60724,-2.133,15.49532,345.3139,0,0.0000,0.0000,0.0000,0.0000,0.0000,0.0000,0,0,,,,,,,0,0,0,0,0,0,0,0,0,0,0,0,0,0,0,0,0,0,0,0,0,0,0,0,0,0,0,0,0,0,0,0,0,0,0,0,0,0,0,0,0,0,0,0,0,0,0,0,0,0,0,
2,8_4,10_55_44,4.6823,0,0,0,4.682287,,2.229,0.60724,-2.133,15.35697,345.0171,0,0.0000,0.0000,0.0000,0.0000,0.0000,0.0000,0,0,,,,,,,0,0,0,0,0,0,0,0,0,0,0,0,0,0,0,0,0,0,0,0,0,0,0,0,0,0,0,0,0,0,0,0,0,0,0,0,0,0,0,0,0,0,0,0,0,0,0,0,0,0,0,
2,8_4,10_55_44,4.6867,0,0,0,4.68669,,2.229,0.60724,-2.133,15.22474,344.7089,2.212071E-07,0.0000,0.0000,0.0000,0.0000,0.0000,0.0000,0,0,,,,,,,0,0,0,0,0,0,0,0,0,0,0,0,0,0,0,0,0,0,0,0,0,0,0,0,0,0,0,0,0,0,0,0,0,0,0,0,0,0,0,0,0,0,0,0,0,0,0,0,0,0,0,
2,8_4,10_55_44,4.6908,0,0,0,4.690834,,2.229,0.60724,-2.133,15.12136,344.481,-2.210989E-07,0.0000,0.0000,0.0000,0.0000,0.0000,0.0000,0,0,,,,,,,0,0,0,0,0,0,0,0,0,0,0,0,0,0,0,0,0,0,0,0,0,0,0,0,0,0,0,0,0,0,0,0,0,0,0,0,0,0,0,0,0,0,0,0,0,0,0,0,0,0,0,
2,8_4,10_55_44,4.6948,0,0,0,4.694762,,2.229,0.60724,-2.133,14.98387,344.2256,0,0.0000,0.0000,0.0000,0.0000,0.0000,0.0000,0,0,,,,,,,0,0,0,0,0,0,0,0,0,0,0,0,0,0,0,0,0,0,0,0,0,0,0,0,0,0,0,0,0,0,0,0,0,0,0,0,0,0,0,0,0,0,0,0,0,0,0,0,0,0,0,
2,8_4,10_55_44,4.6990,0,0,0,4.698968,,2.229,0.60724,-2.133,14.83656,343.9733,0,0.0000,0.0000,0.0000,0.0000,0.0000,0.0000,0,0,,,,,,,0,0,0,0,0,0,0,0,0,0,0,0,0,0,0,0,0,0,0,0,0,0,0,0,0,0,0,0,0,0,0,0,0,0,0,0,0,0,0,0,0,0,0,0,0,0,0,0,0,0,0,
2,8_4,10_55_44,4.7029,0,0,0,4.702904,,2.229,0.60724,-2.133,14.6792,343.7371,-2.206453E-07,0.0000,0.0000,0.0000,0.0000,0.0000,0.0000,0,0,,,,,,,0,0,0,0,0,0,0,0,0,0,0,0,0,0,0,0,0,0,0,0,0,0,0,0,0,0,0,0,0,0,0,0,0,0,0,0,0,0,0,0,0,0,0,0,0,0,0,0,0,0,0,
2,8_4,10_55_44,4.7076,0,0,0,4.707615,,2.229,0.60724,-2.133,14.44358,343.3837,0,0.0000,0.0000,0.0000,0.0000,0.0000,0.0000,0,0,,,,,,,0,0,0,0,0,0,0,0,0,0,0,0,0,0,0,0,0,0,0,0,0,0,0,0,0,0,0,0,0,0,0,0,0,0,0,0,0,0,0,0,0,0,0,0,0,0,0,0,0,0,0,
2,8_4,10_55_44,4.7119,0,0,0,4.711855,,2.229,0.60724,-2.133,14.27397,343.1294,0,0.0000,0.0000,0.0000,0.0000,0.0000,0.0000,0,0,,,,,,,0,0,0,0,0,0,0,0,0,0,0,0,0,0,0,0,0,0,0,0,0,0,0,0,0,0,0,0,0,0,0,0,0,0,0,0,0,0,0,0,0,0,0,0,0,0,0,0,0,0,0,
2,8_4,10_55_44,4.7161,0,0,0,4.716073,,2.229,0.60724,-2.133,14.04208,342.8974,0,0.0000,0.0000,0.0000,0.0000,0.0000,0.0000,0,0,,,,,,,0,0,0,0,0,0,0,0,0,0,0,0,0,0,0,0,0,0,0,0,0,0,0,0,0,0,0,0,0,0,0,0,0,0,0,0,0,0,0,0,0,0,0,0,0,0,0,0,0,0,0,
2,8_4,10_55_44,4.7218,0,0,0,4.72178,,2.229,0.60724,-2.133,13.6139,342.3553,0,0.0000,0.0000,0.0000,0.0000,0.0000,0.0000,0,0,,,,,,,0,0,0,0,0,0,0,0,0,0,0,0,0,0,0,0,0,0,0,0,0,0,0,0,0,0,0,0,0,0,0,0,0,0,0,0,0,0,0,0,0,0,0,0,0,0,0,0,0,0,0,
2,8_4,10_55_44,4.7270,0,0,0,4.72699,,2.229,0.60724,-2.133,13.24934,341.9645,0,0.0000,0.0000,0.0000,0.0000,0.0000,0.0000,0,0,,,,,,,0,0,0,0,0,0,0,0,0,0,0,0,0,0,0,0,0,0,0,0,0,0,0,0,0,0,0,0,0,0,0,0,0,0,0,0,0,0,0,0,0,0,0,0,0,0,0,0,0,0,0,
2,8_4,10_55_44,4.7328,0,0,0,4.732835,,2.229,0.60724,-2.133,12.66467,341.4384,0,0.0000,0.0000,0.0000,0.0000,0.0000,0.0000,0,0,,,,,,,0,0,0,0,0,0,0,0,0,0,0,0,0,0,0,0,0,0,0,0,0,0,0,0,0,0,0,0,0,0,0,0,0,0,0,0,0,0,0,0,0,0,0,0,0,0,0,0,0,0,0,
2,8_4,10_55_44,4.7368,0,0,0,4.736766,,2.229,0.60724,-2.133,12.42884,341.2026,-2.185657E-07,0.0000,0.0000,0.0000,0.0000,0.0000,0.0000,0,0,,,,,,,0,0,0,0,0,0,0,0,0,0,0,0,0,0,0,0,0,0,0,0,0,0,0,0,0,0,0,0,0,0,0,0,0,0,0,0,0,0,0,0,0,0,0,0,0,0,0,0,0,0,0,
2,8_4,10_55_44,4.7426,0,0,0,4.742609,,2.229,0.60724,-2.133,11.81532,340.6767,0,0.0000,0.0000,0.0000,0.0000,0.0000,0.0000,0,0,,,,,,,0,0,0,0,0,0,0,0,0,0,0,0,0,0,0,0,0,0,0,0,0,0,0,0,0,0,0,0,0,0,0,0,0,0,0,0,0,0,0,0,0,0,0,0,0,0,0,0,0,0,0,
2,8_4,10_55_44,4.7477,0,0,0,4.747651,,2.229,0.60724,-2.133,11.81532,340.6767,0,0.0000,0.0000,0.0000,0.0000,0.0000,0.0000,0,0,,,,,,,0,0,0,0,0,0,0,0,0,0,0,0,0,0,0,0,0,0,0,0,0,0,0,0,0,0,0,0,0,0,0,0,0,0,0,0,0,0,0,0,0,0,0,0,0,0,0,0,0,0,0,
2,8_4,10_55_44,4.7518,0,0,0,4.751757,,2.229,0.60724,-2.133,11.2405,340.1223,0,0.0000,0.0000,0.0000,0.0000,0.0000,0.0000,0,0,,,,,,,0,0,0,0,0,0,0,0,0,0,0,0,0,0,0,0,0,0,0,0,0,0,0,0,0,0,0,0,0,0,0,0,0,0,0,0,0,0,0,0,0,0,0,0,0,0,0,0,0,0,0,
2,8_4,10_55_44,4.7556,0,0,0,4.755593,,2.229,0.60724,-2.133,11.2405,340.1223,0,0.0000,0.0000,0.0000,0.0000,0.0000,0.0000,0,0,,,,,,,0,0,0,0,0,0,0,0,0,0,0,0,0,0,0,0,0,0,0,0,0,0,0,0,0,0,0,0,0,0,0,0,0,0,0,0,0,0,0,0,0,0,0,0,0,0,0,0,0,0,0,
2,8_4,10_55_44,4.7639,0,0,0,4.763855,,2.229,0.60724,-2.133,9.629664,338.6766,-1.08247E-07,0.0000,0.0000,0.0000,0.0000,0.0000,0.0000,0,0,,,,,,,0,0,0,0,0,0,0,0,0,0,0,0,0,0,0,0,0,0,0,0,0,0,0,0,0,0,0,0,0,0,0,0,0,0,0,0,0,0,0,0,0,0,0,0,0,0,0,0,0,0,0,
2,8_4,10_55_44,4.7686,0,0,0,4.768613,,2.229,0.60724,-2.133,9.272746,338.3196,-1.081347E-07,0.0000,0.0000,0.0000,0.0000,0.0000,0.0000,0,0,,,,,,,0,0,0,0,0,0,0,0,0,0,0,0,0,0,0,0,0,0,0,0,0,0,0,0,0,0,0,0,0,0,0,0,0,0,0,0,0,0,0,0,0,0,0,0,0,0,0,0,0,0,0,
2,8_4,10_55_44,4.7726,0,0,0,4.772607,,2.229,0.60724,-2.133,9.032977,338.1,1.080619E-07,0.0000,0.0000,0.0000,0.0000,0.0000,0.0000,0,0,,,,,,,0,0,0,0,0,0,0,0,0,0,0,0,0,0,0,0,0,0,0,0,0,0,0,0,0,0,0,0,0,0,0,0,0,0,0,0,0,0,0,0,0,0,0,0,0,0,0,0,0,0,0,
2,8_4,10_55_44,4.7767,0,0,0,4.776701,,2.229,0.60724,-2.133,8.78731,337.8543,0,0.0000,0.0000,0.0000,0.0000,0.0000,0.0000,0,0,,,,,,,0,0,0,0,0,0,0,0,0,0,0,0,0,0,0,0,0,0,0,0,0,0,0,0,0,0,0,0,0,0,0,0,0,0,0,0,0,0,0,0,0,0,0,0,0,0,0,0,0,0,0,
2,8_4,10_55_44,4.7808,0,0,0,4.780799,,2.229,0.60724,-2.133,8.56197,337.6699,0,0.0000,0.0000,0.0000,0.0000,0.0000,0.0000,0,0,,,,,,,0,0,0,0,0,0,0,0,0,0,0,0,0,0,0,0,0,0,0,0,0,0,0,0,0,0,0,0,0,0,0,0,0,0,0,0,0,0,0,0,0,0,0,0,0,0,0,0,0,0,0,
2,8_4,10_55_44,4.7849,0,0,0,4.784936,,2.229,0.60724,-2.133,8.355205,337.4631,-1.078666E-07,0.0000,0.0000,0.0000,0.0000,0.0000,0.0000,0,0,,,,,,,0,0,0,0,0,0,0,0,0,0,0,0,0,0,0,0,0,0,0,0,0,0,0,0,0,0,0,0,0,0,0,0,0,0,0,0,0,0,0,0,0,0,0,0,0,0,0,0,0,0,0,
2,8_4,10_55_44,4.7888,0,0,0,4.788792,,2.229,0.60724,-2.133,8.162431,337.2896,-1.078139E-07,0.0000,0.0000,0.0000,0.0000,0.0000,0.0000,0,0,,,,,,,0,0,0,0,0,0,0,0,0,0,0,0,0,0,0,0,0,0,0,0,0,0,0,0,0,0,0,0,0,0,0,0,0,0,0,0,0,0,0,0,0,0,0,0,0,0,0,0,0,0,0,
2,8_4,10_55_44,4.7927,0,0,0,4.792675,,2.229,0.60724,-2.133,7.968343,337.0954,-1.077622E-07,0.0000,0.0000,0.0000,0.0000,0.0000,0.0000,0,0,,,,,,,0,0,0,0,0,0,0,0,0,0,0,0,0,0,0,0,0,0,0,0,0,0,0,0,0,0,0,0,0,0,0,0,0,0,0,0,0,0,0,0,0,0,0,0,0,0,0,0,0,0,0,
2,8_4,10_55_44,4.7967,0,0,0,4.796703,,2.229,0.60724,-2.133,7.787153,336.9343,0,0.0000,0.0000,0.0000,0.0000,0.0000,0.0000,0,0,,,,,,,0,0,0,0,0,0,0,0,0,0,0,0,0,0,0,0,0,0,0,0,0,0,0,0,0,0,0,0,0,0,0,0,0,0,0,0,0,0,0,0,0,0,0,0,0,0,0,0,0,0,0,
2,8_4,10_55_44,4.8023,0,0,0,4.802253,,2.229,0.60724,-2.133,7.454057,336.6568,0,0.0000,0.0000,0.0000,0.0000,0.0000,0.0000,0,0,,,,,,,0,0,0,0,0,0,0,0,0,0,0,0,0,0,0,0,0,0,0,0,0,0,0,0,0,0,0,0,0,0,0,0,0,0,0,0,0,0,0,0,0,0,0,0,0,0,0,0,0,0,0,
2,8_4,10_55_44,4.8063,0,0,0,4.806293,,2.229,0.60724,-2.133,7.27221,336.5154,1.075871E-07,0.0000,0.0000,0.0000,0.0000,0.0000,0.0000,0,0,,,,,,,0,0,0,0,0,0,0,0,0,0,0,0,0,0,0,0,0,0,0,0,0,0,0,0,0,0,0,0,0,0,0,0,0,0,0,0,0,0,0,0,0,0,0,0,0,0,0,0,0,0,0,
2,8_4,10_55_44,4.8108,0,0,0,4.810806,,2.229,0.60724,-2.133,7.046649,336.3123,0,0.0000,0.0000,0.0000,0.0000,0.0000,0.0000,0,0,,,,,,,0,0,0,0,0,0,0,0,0,0,0,0,0,0,0,0,0,0,0,0,0,0,0,0,0,0,0,0,0,0,0,0,0,0,0,0,0,0,0,0,0,0,0,0,0,0,0,0,0,0,0,
2,8_4,10_55_44,4.8151,0,0,0,4.81505,,2.229,0.60724,-2.133,6.919445,336.1638,-1.075047E-07,0.0000,0.0000,0.0000,0.0000,0.0000,0.0000,0,0,,,,,,,0,0,0,0,0,0,0,0,0,0,0,0,0,0,0,0,0,0,0,0,0,0,0,0,0,0,0,0,0,0,0,0,0,0,0,0,0,0,0,0,0,0,0,0,0,0,0,0,0,0,0,
2,8_4,10_55_44,4.8189,0,0,0,4.81889,,2.229,0.60724,-2.133,6.765793,336.0678,-1.074701E-07,0.0000,0.0000,0.0000,0.0000,0.0000,0.0000,0,0,,,,,,,0,0,0,0,0,0,0,0,0,0,0,0,0,0,0,0,0,0,0,0,0,0,0,0,0,0,0,0,0,0,0,0,0,0,0,0,0,0,0,0,0,0,0,0,0,0,0,0,0,0,0,
2,8_4,10_55_44,4.8227,0,0,0,4.82269,,2.229,0.60724,-2.133,6.632687,335.9348,0,0.0000,0.0000,0.0000,0.0000,0.0000,0.0000,0,0,,,,,,,0,0,0,0,0,0,0,0,0,0,0,0,0,0,0,0,0,0,0,0,0,0,0,0,0,0,0,0,0,0,0,0,0,0,0,0,0,0,0,0,0,0,0,0,0,0,0,0,0,0,0,
2,8_4,10_55_44,4.8266,0,0,0,4.82658,,2.229,0.60724,-2.133,6.477285,335.8376,0,0.0000,0.0000,0.0000,0.0000,0.0000,0.0000,0,0,,,,,,,0,0,0,0,0,0,0,0,0,0,0,0,0,0,0,0,0,0,0,0,0,0,0,0,0,0,0,0,0,0,0,0,0,0,0,0,0,0,0,0,0,0,0,0,0,0,0,0,0,0,0,
2,8_4,10_55_44,4.8307,0,0,0,4.830724,,2.229,0.60724,-2.133,6.311394,335.7339,0,0.0000,0.0000,0.0000,0.0000,0.0000,0.0000,0,0,,,,,,,0,0,0,0,0,0,0,0,0,0,0,0,0,0,0,0,0,0,0,0,0,0,0,0,0,0,0,0,0,0,0,0,0,0,0,0,0,0,0,0,0,0,0,0,0,0,0,0,0,0,0,
2,8_4,10_55_44,4.8346,0,0,0,4.834562,,2.229,0.60724,-2.133,6.138945,335.6188,1.073372E-07,0.0000,0.0000,0.0000,0.0000,0.0000,0.0000,0,0,,,,,,,0,0,0,0,0,0,0,0,0,0,0,0,0,0,0,0,0,0,0,0,0,0,0,0,0,0,0,0,0,0,0,0,0,0,0,0,0,0,0,0,0,0,0,0,0,0,0,0,0,0,0,
2,8_4,10_55_44,4.8387,0,0,0,4.838715,,2.229,0.60724,-2.133,5.993599,335.515,0,0.0000,0.0000,0.0000,0.0000,0.0000,0.0000,0,0,,,,,,,0,0,0,0,0,0,0,0,0,0,0,0,0,0,0,0,0,0,0,0,0,0,0,0,0,0,0,0,0,0,0,0,0,0,0,0,0,0,0,0,0,0,0,0,0,0,0,0,0,0,0,
2,8_4,10_55_44,4.8428,0,0,0,4.842848,,2.229,0.60724,-2.133,5.807599,335.4324,0,0.0000,0.0000,0.0000,0.0000,0.0000,0.0000,0,0,,,,,,,0,0,0,0,0,0,0,0,0,0,0,0,0,0,0,0,0,0,0,0,0,0,0,0,0,0,0,0,0,0,0,0,0,0,0,0,0,0,0,0,0,0,0,0,0,0,0,0,0,0,0,
2,8_4,10_55_44,4.8481,0,0,0,4.848122,,2.229,0.60724,-2.133,5.807599,335.4324,0,0.0000,0.0000,0.0000,0.0000,0.0000,0.0000,0,0,,,,,,,0,0,0,0,0,0,0,0,0,0,0,0,0,0,0,0,0,0,0,0,0,0,0,0,0,0,0,0,0,0,0,0,0,0,0,0,0,0,0,0,0,0,0,0,0,0,0,0,0,0,0,
2,8_4,10_55_44,4.8531,0,0,0,4.853137,,2.229,0.60724,-2.133,5.231021,335.1064,0,0.0000,0.0000,0.0000,0.0000,0.0000,0.0000,0,0,,,,,,,0,0,0,0,0,0,0,0,0,0,0,0,0,0,0,0,0,0,0,0,0,0,0,0,0,0,0,0,0,0,0,0,0,0,0,0,0,0,0,0,0,0,0,0,0,0,0,0,0,0,0,
2,8_4,10_55_44,4.8582,0,0,0,4.858184,,2.229,0.60724,-2.133,4.928308,334.9297,1.071177E-07,0.0000,0.0000,0.0000,0.0000,0.0000,0.0000,0,0,,,,,,,0,0,0,0,0,0,0,0,0,0,0,0,0,0,0,0,0,0,0,0,0,0,0,0,0,0,0,0,0,0,0,0,0,0,0,0,0,0,0,0,0,0,0,0,0,0,0,0,0,0,0,
2,8_4,10_55_44,4.8624,0,0,0,4.862428,,2.229,0.60724,-2.133,4.694879,334.8024,0,0.0000,0.0000,0.0000,0.0000,0.0000,0.0000,0,0,,,,,,,0,0,0,0,0,0,0,0,0,0,0,0,0,0,0,0,0,0,0,0,0,0,0,0,0,0,0,0,0,0,0,0,0,0,0,0,0,0,0,0,0,0,0,0,0,0,0,0,0,0,0,
2,8_4,10_55_44,4.8677,0,0,0,4.86772,,2.229,0.60724,-2.133,4.430196,334.6701,1.070415E-07,0.0000,0.0000,0.0000,0.0000,0.0000,0.0000,0,0,,,,,,,0,0,0,0,0,0,0,0,0,0,0,0,0,0,0,0,0,0,0,0,0,0,0,0,0,0,0,0,0,0,0,0,0,0,0,0,0,0,0,0,0,0,0,0,0,0,0,0,0,0,0,
2,8_4,10_55_44,4.8716,0,0,0,4.871601,,2.229,0.60724,-2.133,4.255562,334.5925,-1.070167E-07,0.0000,0.0000,0.0000,0.0000,0.0000,0.0000,0,0,,,,,,,0,0,0,0,0,0,0,0,0,0,0,0,0,0,0,0,0,0,0,0,0,0,0,0,0,0,0,0,0,0,0,0,0,0,0,0,0,0,0,0,0,0,0,0,0,0,0,0,0,0,0,
2,8_4,10_55_44,4.8759,0,0,0,4.875884,,2.229,0.60724,-2.133,4.105625,334.5282,0,0.0000,0.0000,0.0000,0.0000,0.0000,0.0000,0,0,,,,,,,0,0,0,0,0,0,0,0,0,0,0,0,0,0,0,0,0,0,0,0,0,0,0,0,0,0,0,0,0,0,0,0,0,0,0,0,0,0,0,0,0,0,0,0,0,0,0,0,0,0,0,
2,8_4,10_55_44,4.8814,0,0,0,4.881351,,2.229,0.60724,-2.133,3.777558,334.3642,-5.347704E-08,0.0000,0.0000,0.0000,0.0000,0.0000,0.0000,0,0,,,,,,,0,0,0,0,0,0,0,0,0,0,0,0,0,0,0,0,0,0,0,0,0,0,0,0,0,0,0,0,0,0,0,0,0,0,0,0,0,0,0,0,0,0,0,0,0,0,0,0,0,0,0,
2,8_4,10_55_44,4.8859,0,0,0,4.885901,,2.229,0.60724,-2.133,3.618441,334.296,5.346744E-08,0.0000,0.0000,0.0000,0.0000,0.0000,0.0000,0,0,,,,,,,0,0,0,0,0,0,0,0,0,0,0,0,0,0,0,0,0,0,0,0,0,0,0,0,0,0,0,0,0,0,0,0,0,0,0,0,0,0,0,0,0,0,0,0,0,0,0,0,0,0,0,
2,8_4,10_55_44,4.8905,0,0,0,4.890532,,2.229,0.60724,-2.133,3.433097,334.1802,-5.345679E-08,0.0000,0.0000,0.0000,0.0000,0.0000,0.0000,0,0,,,,,,,0,0,0,0,0,0,0,0,0,0,0,0,0,0,0,0,0,0,0,0,0,0,0,0,0,0,0,0,0,0,0,0,0,0,0,0,0,0,0,0,0,0,0,0,0,0,0,0,0,0,0,
2,8_4,10_55_44,4.8959,0,0,0,4.895874,,2.229,0.60724,-2.133,3.219558,334.0733,0,0.0000,0.0000,0.0000,0.0000,0.0000,0.0000,0,0,,,,,,,0,0,0,0,0,0,0,0,0,0,0,0,0,0,0,0,0,0,0,0,0,0,0,0,0,0,0,0,0,0,0,0,0,0,0,0,0,0,0,0,0,0,0,0,0,0,0,0,0,0,0,
2,8_4,10_55_44,4.8999,0,0,0,4.899944,,2.229,0.60724,-2.133,3.09738,334.0327,5.343892E-08,0.0000,0.0000,0.0000,0.0000,0.0000,0.0000,0,0,,,,,,,0,0,0,0,0,0,0,0,0,0,0,0,0,0,0,0,0,0,0,0,0,0,0,0,0,0,0,0,0,0,0,0,0,0,0,0,0,0,0,0,0,0,0,0,0,0,0,0,0,0,0,
2,8_4,10_55_44,4.9050,0,0,0,4.90503,,2.229,0.60724,-2.133,2.919467,333.9309,0,0.0000,0.0000,0.0000,0.0000,0.0000,0.0000,0,0,,,,,,,0,0,0,0,0,0,0,0,0,0,0,0,0,0,0,0,0,0,0,0,0,0,0,0,0,0,0,0,0,0,0,0,0,0,0,0,0,0,0,0,0,0,0,0,0,0,0,0,0,0,0,
2,8_4,10_55_44,4.9112,0,0,0,4.911153,,2.229,0.60724,-2.133,2.674454,333.7778,5.341903E-08,0.0000,0.0000,0.0000,0.0000,0.0000,0.0000,0,0,,,,,,,0,0,0,0,0,0,0,0,0,0,0,0,0,0,0,0,0,0,0,0,0,0,0,0,0,0,0,0,0,0,0,0,0,0,0,0,0,0,0,0,0,0,0,0,0,0,0,0,0,0,0,
2,8_4,10_55_44,4.9153,0,0,0,4.91533,,2.229,0.60724,-2.133,2.549216,333.7152,0,0.0000,0.0000,0.0000,0.0000,0.0000,0.0000,0,0,,,,,,,0,0,0,0,0,0,0,0,0,0,0,0,0,0,0,0,0,0,0,0,0,0,0,0,0,0,0,0,0,0,0,0,0,0,0,0,0,0,0,0,0,0,0,0,0,0,0,0,0,0,0,
2,8_4,10_55_44,4.9200,0,0,0,4.919994,,2.229,0.60724,-2.133,2.432502,333.6452,0,0.0000,0.0000,0.0000,0.0000,0.0000,0.0000,0,0,,,,,,,0,0,0,0,0,0,0,0,0,0,0,0,0,0,0,0,0,0,0,0,0,0,0,0,0,0,0,0,0,0,0,0,0,0,0,0,0,0,0,0,0,0,0,0,0,0,0,0,0,0,0,
2,8_4,10_55_44,4.9248,0,0,0,4.924803,,2.229,0.60724,-2.133,2.312291,333.549,0,0.0000,0.0000,0.0000,0.0000,0.0000,0.0000,0,0,,,,,,,0,0,0,0,0,0,0,0,0,0,0,0,0,0,0,0,0,0,0,0,0,0,0,0,0,0,0,0,0,0,0,0,0,0,0,0,0,0,0,0,0,0,0,0,0,0,0,0,0,0,0,
2,8_4,10_55_44,4.9294,0,0,0,4.929435,,2.229,0.60724,-2.133,2.19645,333.4332,0,0.0000,0.0000,0.0000,0.0000,0.0000,0.0000,0,0,,,,,,,0,0,0,0,0,0,0,0,0,0,0,0,0,0,0,0,0,0,0,0,0,0,0,0,0,0,0,0,0,0,0,0,0,0,0,0,0,0,0,0,0,0,0,0,0,0,0,0,0,0,0,
2,8_4,10_55_44,4.9348,0,0,0,4.934812,,2.229,0.60724,-2.133,2.035149,333.3526,0,0.0000,0.0000,0.0000,0.0000,0.0000,0.0000,0,0,,,,,,,0,0,0,0,0,0,0,0,0,0,0,0,0,0,0,0,0,0,0,0,0,0,0,0,0,0,0,0,0,0,0,0,0,0,0,0,0,0,0,0,0,0,0,0,0,0,0,0,0,0,0,
2,8_4,10_55_44,4.9400,0,0,0,4.940039,,2.229,0.60724,-2.133,1.956684,333.2742,-2.669599E-08,0.0000,0.0000,0.0000,0.0000,0.0000,0.0000,0,0,,,,,,,0,0,0,0,0,0,0,0,0,0,0,0,0,0,0,0,0,0,0,0,0,0,0,0,0,0,0,0,0,0,0,0,0,0,0,0,0,0,0,0,0,0,0,0,0,0,0,0,0,0,0,
2,8_4,10_55_44,4.9449,0,0,0,4.944904,,2.229,0.60724,-2.133,1.835161,333.2255,-2.669412E-08,0.0000,0.0000,0.0000,0.0000,0.0000,0.0000,0,0,,,,,,,0,0,0,0,0,0,0,0,0,0,0,0,0,0,0,0,0,0,0,0,0,0,0,0,0,0,0,0,0,0,0,0,0,0,0,0,0,0,0,0,0,0,0,0,0,0,0,0,0,0,0,
2,8_4,10_55_44,4.9488,0,0,0,4.948762,,2.229,0.60724,-2.133,1.777241,333.1484,0,0.0000,0.0000,0.0000,0.0000,0.0000,0.0000,0,0,,,,,,,0,0,0,0,0,0,0,0,0,0,0,0,0,0,0,0,0,0,0,0,0,0,0,0,0,0,0,0,0,0,0,0,0,0,0,0,0,0,0,0,0,0,0,0,0,0,0,0,0,0,0,
2,8_4,10_55_44,4.9537,0,0,0,4.953709,,2.229,0.60724,-2.133,1.628834,333.0989,-2.669121E-08,0.0000,0.0000,0.0000,0.0000,0.0000,0.0000,0,0,,,,,,,0,0,0,0,0,0,0,0,0,0,0,0,0,0,0,0,0,0,0,0,0,0,0,0,0,0,0,0,0,0,0,0,0,0,0,0,0,0,0,0,0,0,0,0,0,0,0,0,0,0,0,
2,8_4,10_55_44,4.9597,0,0,0,4.959663,,2.229,0.60724,-2.133,1.509716,332.9798,2.668969E-08,0.0000,0.0000,0.0000,0.0000,0.0000,0.0000,0,0,,,,,,,0,0,0,0,0,0,0,0,0,0,0,0,0,0,0,0,0,0,0,0,0,0,0,0,0,0,0,0,0,0,0,0,0,0,0,0,0,0,0,0,0,0,0,0,0,0,0,0,0,0,0,
2,8_4,10_55_44,4.9638,0,0,0,4.963831,,2.229,0.60724,-2.133,1.40546,332.959,0,0.0000,0.0000,0.0000,0.0000,0.0000,0.0000,0,0,,,,,,,0,0,0,0,0,0,0,0,0,0,0,0,0,0,0,0,0,0,0,0,0,0,0,0,0,0,0,0,0,0,0,0,0,0,0,0,0,0,0,0,0,0,0,0,0,0,0,0,0,0,0,
2,8_4,10_55_44,4.9678,0,0,0,4.967774,,2.229,0.60724,-2.133,1.366118,332.9195,0,0.0000,0.0000,0.0000,0.0000,0.0000,0.0000,0,0,,,,,,,0,0,0,0,0,0,0,0,0,0,0,0,0,0,0,0,0,0,0,0,0,0,0,0,0,0,0,0,0,0,0,0,0,0,0,0,0,0,0,0,0,0,0,0,0,0,0,0,0,0,0,
2,8_4,10_55_44,4.9716,0,0,0,4.971624,,2.229,0.60724,-2.133,1.308417,332.8811,0,0.0000,0.0000,0.0000,0.0000,0.0000,0.0000,0,0,,,,,,,0,0,0,0,0,0,0,0,0,0,0,0,0,0,0,0,0,0,0,0,0,0,0,0,0,0,0,0,0,0,0,0,0,0,0,0,0,0,0,0,0,0,0,0,0,0,0,0,0,0,0,
2,8_4,10_55_44,4.9761,0,0,0,4.976082,,2.229,0.60724,-2.133,1.219242,332.8588,0,0.0000,0.0000,0.0000,0.0000,0.0000,0.0000,0,0,,,,,,,0,0,0,0,0,0,0,0,0,0,0,0,0,0,0,0,0,0,0,0,0,0,0,0,0,0,0,0,0,0,0,0,0,0,0,0,0,0,0,0,0,0,0,0,0,0,0,0,0,0,0,
2,8_4,10_55_44,4.9802,0,0,0,4.980175,,2.229,0.60724,-2.133,1.178151,332.7769,0,0.0000,0.0000,0.0000,0.0000,0.0000,0.0000,0,0,,,,,,,0,0,0,0,0,0,0,0,0,0,0,0,0,0,0,0,0,0,0,0,0,0,0,0,0,0,0,0,0,0,0,0,0,0,0,0,0,0,0,0,0,0,0,0,0,0,0,0,0,0,0,
2,8_4,10_55_44,4.9918,0,0,0,4.991846,,2.229,0.60724,-2.133,0.7115127,332.5435,0,0.0000,0.0000,0.0000,0.0000,0.0000,0.0000,0,0,,,,,,,0,0,0,0,0,0,0,0,0,0,0,0,0,0,0,0,0,0,0,0,0,0,0,0,0,0,0,0,0,0,0,0,0,0,0,0,0,0,0,0,0,0,0,0,0,0,0,0,0,0,0,
2,8_4,10_55_44,4.9967,0,0,0,4.996731,,2.229,0.60724,-2.133,0.6625538,332.4947,0,0.0000,0.0000,0.0000,0.0000,0.0000,0.0000,0,0,,,,,,,0,0,0,0,0,0,0,0,0,0,0,0,0,0,0,0,0,0,0,0,0,0,0,0,0,0,0,0,0,0,0,0,0,0,0,0,0,0,0,0,0,0,0,0,0,0,0,0,0,0,0,
2,8_4,10_55_44,5.0024,0,0,0,5.002378,,2.229,0.60724,-2.133,0.5777502,332.4383,-1.334089E-08,0.0000,0.0000,0.0000,0.0000,0.0000,0.0000,0,0,,,,,,,0,0,0,0,0,0,0,0,0,0,0,0,0,0,0,0,0,0,0,0,0,0,0,0,0,0,0,0,0,0,0,0,0,0,0,0,0,0,0,0,0,0,0,0,0,0,0,0,0,0,0,
2,8_4,10_55_44,5.0149,0,1,0,0.01255655,Baseline,2.229,0.60724,-2.133,0.2638894,332.2499,0,0.0000,0.0000,0.0000,0.0000,0.0000,0.0000,0,0,,,,,,,0,0,0,0,0,0,0,0,0,0,0,0,0,0,0,0,0,0,0,0,0,0,0,0,0,0,0,0,0,0,0,0,0,0,0,0,0,0,0,0,0,0,0,0,0,0,0,0,0,0,0,
2,8_4,10_55_44,5.0201,0,1,0,0.01768494,Baseline,2.229,0.60724,-2.133,0.2125264,332.2242,-3.335076E-09,0.0000,0.0000,0.0000,0.0000,0.0000,0.0000,0,0,,,,,,,0,0,0,0,0,0,0,0,0,0,0,0,0,0,0,0,0,0,0,0,0,0,0,0,0,0,0,0,0,0,0,0,0,0,0,0,0,0,0,0,0,0,0,0,0,0,0,0,0,0,0,
2,8_4,10_55_44,5.0248,0,1,0,0.02244902,Baseline,2.229,0.60724,-2.133,0.1887027,332.1528,0,0.0000,0.0000,0.0000,0.0000,0.0000,0.0000,0,0,,,,,,,0,0,0,0,0,0,0,0,0,0,0,0,0,0,0,0,0,0,0,0,0,0,0,0,0,0,0,0,0,0,0,0,0,0,0,0,0,0,0,0,0,0,0,0,0,0,0,0,0,0,0,
2,8_4,10_55_44,5.0287,0,1,0,0.02636337,Baseline,2.229,0.60724,-2.133,0.1692503,332.1527,0,0.0000,0.0000,0.0000,0.0000,0.0000,0.0000,0,0,,,,,,,0,0,0,0,0,0,0,0,0,0,0,0,0,0,0,0,0,0,0,0,0,0,0,0,0,0,0,0,0,0,0,0,0,0,0,0,0,0,0,0,0,0,0,0,0,0,0,0,0,0,0,
2,8_4,10_55_44,5.0332,0,1,0,0.03085852,Baseline,2.229,0.60724,-2.133,0.1692503,332.1303,0,0.0000,0.0000,0.0000,0.0000,0.0000,0.0000,0,0,,,,,,,0,0,0,0,0,0,0,0,0,0,0,0,0,0,0,0,0,0,0,0,0,0,0,0,0,0,0,0,0,0,0,0,0,0,0,0,0,0,0,0,0,0,0,0,0,0,0,0,0,0,0,
2,8_4,10_55_44,5.0367,0,1,0,0.03428841,Baseline,2.229,0.60724,-2.133,0.1519835,332.1303,-3.335065E-09,0.0000,0.0000,0.0000,0.0000,0.0000,0.0000,0,0,,,,,,,0,0,0,0,0,0,0,0,0,0,0,0,0,0,0,0,0,0,0,0,0,0,0,0,0,0,0,0,0,0,0,0,0,0,0,0,0,0,0,0,0,0,0,0,0,0,0,0,0,0,0,
2,8_4,10_55_44,5.0400,0,1,0,0.03763437,Baseline,2.229,0.60724,-2.133,0.1519835,332.1303,-3.335065E-09,0.0000,0.0000,0.0000,0.0000,0.0000,0.0000,0,0,,,,,,,0,0,0,0,0,0,0,0,0,0,0,0,0,0,0,0,0,0,0,0,0,0,0,0,0,0,0,0,0,0,0,0,0,0,0,0,0,0,0,0,0,0,0,0,0,0,0,0,0,0,0,
2,8_4,10_55_44,5.0439,0,1,0,0.04154253,Baseline,2.229,0.60724,-2.133,0.1325312,332.1108,0,0.0000,0.0000,0.0000,0.0000,0.0000,0.0000,0,0,,,,,,,0,0,0,0,0,0,0,0,0,0,0,0,0,0,0,0,0,0,0,0,0,0,0,0,0,0,0,0,0,0,0,0,0,0,0,0,0,0,0,0,0,0,0,0,0,0,0,0,0,0,0,
2,8_4,10_55_44,5.0475,0,1,0,0.04515123,Baseline,2.229,0.60724,-2.133,0.1325312,332.1108,0,0.0000,0.0000,0.0000,0.0000,0.0000,0.0000,0,0,,,,,,,0,0,0,0,0,0,0,0,0,0,0,0,0,0,0,0,0,0,0,0,0,0,0,0,0,0,0,0,0,0,0,0,0,0,0,0,0,0,0,0,0,0,0,0,0,0,0,0,0,0,0,
2,8_4,10_55_44,5.0521,0,1,0,0.04975605,Baseline,2.229,0.60724,-2.133,0.08641374,332.0878,-1.667528E-09,0.0000,0.0000,0.0000,0.0000,0.0000,0.0000,0,0,,,,,,,0,0,0,0,0,0,0,0,0,0,0,0,0,0,0,0,0,0,0,0,0,0,0,0,0,0,0,0,0,0,0,0,0,0,0,0,0,0,0,0,0,0,0,0,0,0,0,0,0,0,0,
2,8_4,10_55_44,5.0557,0,1,0,0.05336761,Baseline,2.229,0.60724,-2.133,0.08641374,332.0878,-1.667528E-09,0.0000,0.0000,0.0000,0.0000,0.0000,0.0000,0,0,,,,,,,0,0,0,0,0,0,0,0,0,0,0,0,0,0,0,0,0,0,0,0,0,0,0,0,0,0,0,0,0,0,0,0,0,0,0,0,0,0,0,0,0,0,0,0,0,0,0,0,0,0,0,
2,8_4,10_55_44,5.0597,0,1,0,0.05730104,Baseline,2.229,0.60724,-2.133,0.08641374,332.0878,-1.667528E-09,0.0000,0.0000,0.0000,0.0000,0.0000,0.0000,0,0,,,,,,,0,0,0,0,0,0,0,0,0,0,0,0,0,0,0,0,0,0,0,0,0,0,0,0,0,0,0,0,0,0,0,0,0,0,0,0,0,0,0,0,0,0,0,0,0,0,0,0,0,0,0,
2,8_4,10_55_44,5.0636,0,1,0,0.06120968,Baseline,2.229,0.60724,-2.133,0.06696136,332.0682,0,0.0000,0.0000,0.0000,0.0000,0.0000,0.0000,0,0,,,,,,,0,0,0,0,0,0,0,0,0,0,0,0,0,0,0,0,0,0,0,0,0,0,0,0,0,0,0,0,0,0,0,0,0,0,0,0,0,0,0,0,0,0,0,0,0,0,0,0,0,0,0,
2,8_4,10_55_44,5.0682,0,1,0,0.06584835,Baseline,2.229,0.60724,-2.133,0.04357479,332.045,0,0.0000,0.0000,0.0000,0.0000,0.0000,0.0000,0,0,,,,,,,0,0,0,0,0,0,0,0,0,0,0,0,0,0,0,0,0,0,0,0,0,0,0,0,0,0,0,0,0,0,0,0,0,0,0,0,0,0,0,0,0,0,0,0,0,0,0,0,0,0,0,
2,8_4,10_55_44,5.0719,0,1,0,0.06951952,Baseline,2.229,0.60724,-2.133,0.04357479,332.045,0,0.0000,0.0000,0.0000,0.0000,0.0000,0.0000,0,0,,,,,,,0,0,0,0,0,0,0,0,0,0,0,0,0,0,0,0,0,0,0,0,0,0,0,0,0,0,0,0,0,0,0,0,0,0,0,0,0,0,0,0,0,0,0,0,0,0,0,0,0,0,0,
2,8_4,10_55_44,5.0755,0,1,0,0.07312822,Baseline,2.229,0.60724,-2.133,0.04357479,332.045,0,0.0000,0.0000,0.0000,0.0000,0.0000,0.0000,0,0,,,,,,,0,0,0,0,0,0,0,0,0,0,0,0,0,0,0,0,0,0,0,0,0,0,0,0,0,0,0,0,0,0,0,0,0,0,0,0,0,0,0,0,0,0,0,0,0,0,0,0,0,0,0,
2,8_4,10_55_44,5.0796,0,1,0,0.0772543,Baseline,2.229,0.60724,-2.133,0.04357479,332.045,0,0.0000,0.0000,0.0000,0.0000,0.0000,0.0000,0,0,,,,,,,0,0,0,0,0,0,0,0,0,0,0,0,0,0,0,0,0,0,0,0,0,0,0,0,0,0,0,0,0,0,0,0,0,0,0,0,0,0,0,0,0,0,0,0,0,0,0,0,0,0,0,
2,8_4,10_55_44,5.0842,0,1,0,0.08180952,Baseline,2.229,0.60724,-2.133,0.04357479,332.0223,0,0.0000,0.0000,0.0000,0.0000,0.0000,0.0000,0,0,,,,,,,0,0,0,0,0,0,0,0,0,0,0,0,0,0,0,0,0,0,0,0,0,0,0,0,0,0,0,0,0,0,0,0,0,0,0,0,0,0,0,0,0,0,0,0,0,0,0,0,0,0,0,
2,8_4,10_55_44,5.0879,0,1,0,0.08549404,Baseline,2.229,0.60724,-2.133,0.04357479,332.0223,0,0.0000,0.0000,0.0000,0.0000,0.0000,0.0000,0,0,,,,,,,0,0,0,0,0,0,0,0,0,0,0,0,0,0,0,0,0,0,0,0,0,0,0,0,0,0,0,0,0,0,0,0,0,0,0,0,0,0,0,0,0,0,0,0,0,0,0,0,0,0,0,
2,8_4,10_55_44,5.0926,0,1,0,0.09019661,Baseline,2.229,0.60724,-2.133,0.02018822,332.0223,4.168817E-10,0.0000,0.0000,0.0000,0.0000,0.0000,0.0000,0,0,,,,,,,0,0,0,0,0,0,0,0,0,0,0,0,0,0,0,0,0,0,0,0,0,0,0,0,0,0,0,0,0,0,0,0,0,0,0,0,0,0,0,0,0,0,0,0,0,0,0,0,0,0,0,
2,8_4,10_55_44,5.0961,0,1,0,0.09369373,Baseline,2.229,0.60724,-2.133,0.02018822,332.0223,4.168817E-10,0.0000,0.0000,0.0000,0.0000,0.0000,0.0000,0,0,,,,,,,0,0,0,0,0,0,0,0,0,0,0,0,0,0,0,0,0,0,0,0,0,0,0,0,0,0,0,0,0,0,0,0,0,0,0,0,0,0,0,0,0,0,0,0,0,0,0,0,0,0,0,
2,8_4,10_55_44,5.0995,0,1,0,0.09712315,Baseline,2.229,0.60724,-2.133,0.02018822,332.0223,4.168817E-10,0.0000,0.0000,0.0000,0.0000,0.0000,0.0000,0,0,,,,,,,0,0,0,0,0,0,0,0,0,0,0,0,0,0,0,0,0,0,0,0,0,0,0,0,0,0,0,0,0,0,0,0,0,0,0,0,0,0,0,0,0,0,0,0,0,0,0,0,0,0,0,
2,8_4,10_55_44,5.1029,0,1,0,0.1005273,Baseline,2.229,0.60724,-2.133,0.02018822,332.0223,4.168817E-10,0.0000,0.0000,0.0000,0.0000,0.0000,0.0000,0,0,,,,,,,0,0,0,0,0,0,0,0,0,0,0,0,0,0,0,0,0,0,0,0,0,0,0,0,0,0,0,0,0,0,0,0,0,0,0,0,0,0,0,0,0,0,0,0,0,0,0,0,0,0,0,
2,8_4,10_55_44,5.1064,0,1,0,0.1039987,Baseline,2.229,0.60724,-2.133,0.02018822,332.0223,4.168817E-10,0.0000,0.0000,0.0000,0.0000,0.0000,0.0000,0,0,,,,,,,0,0,0,0,0,0,0,0,0,0,0,0,0,0,0,0,0,0,0,0,0,0,0,0,0,0,0,0,0,0,0,0,0,0,0,0,0,0,0,0,0,0,0,0,0,0,0,0,0,0,0,
2,8_4,10_55_44,5.1099,0,1,0,0.1075611,Baseline,2.229,0.60724,-2.133,0.02018822,332.0223,4.168817E-10,0.0000,0.0000,0.0000,0.0000,0.0000,0.0000,0,0,,,,,,,0,0,0,0,0,0,0,0,0,0,0,0,0,0,0,0,0,0,0,0,0,0,0,0,0,0,0,0,0,0,0,0,0,0,0,0,0,0,0,0,0,0,0,0,0,0,0,0,0,0,0,
2,8_4,10_55_44,5.1137,0,1,0,0.1113448,Baseline,2.229,0.60724,-2.133,0.02018822,332.0223,4.168817E-10,0.0000,0.0000,0.0000,0.0000,0.0000,0.0000,0,0,,,,,,,0,0,0,0,0,0,0,0,0,0,0,0,0,0,0,0,0,0,0,0,0,0,0,0,0,0,0,0,0,0,0,0,0,0,0,0,0,0,0,0,0,0,0,0,0,0,0,0,0,0,0,
2,8_4,10_55_44,5.1175,0,1,0,0.1151295,Baseline,2.229,0.60724,-2.133,0.02018822,332.0223,4.168817E-10,0.0000,0.0000,0.0000,0.0000,0.0000,0.0000,0,0,,,,,,,0,0,0,0,0,0,0,0,0,0,0,0,0,0,0,0,0,0,0,0,0,0,0,0,0,0,0,0,0,0,0,0,0,0,0,0,0,0,0,0,0,0,0,0,0,0,0,0,0,0,0,
2,8_4,10_55_44,5.1212,0,1,0,0.1188421,Baseline,2.229,0.60724,-2.133,0.02018822,332.0223,4.168817E-10,0.0000,0.0000,0.0000,0.0000,0.0000,0.0000,0,0,,,,,,,0,0,0,0,0,0,0,0,0,0,0,0,0,0,0,0,0,0,0,0,0,0,0,0,0,0,0,0,0,0,0,0,0,0,0,0,0,0,0,0,0,0,0,0,0,0,0,0,0,0,0,
2,8_4,10_55_44,5.1247,0,1,0,0.1223545,Baseline,2.229,0.60724,-2.133,0.02018822,332.0223,4.168817E-10,0.0000,0.0000,0.0000,0.0000,0.0000,0.0000,0,0,,,,,,,0,0,0,0,0,0,0,0,0,0,0,0,0,0,0,0,0,0,0,0,0,0,0,0,0,0,0,0,0,0,0,0,0,0,0,0,0,0,0,0,0,0,0,0,0,0,0,0,0,0,0,
2,8_4,10_55_44,5.1281,0,1,0,0.1257329,Baseline,2.229,0.60724,-2.133,0.02018822,332.0223,4.168817E-10,0.0000,0.0000,0.0000,0.0000,0.0000,0.0000,0,0,,,,,,,0,0,0,0,0,0,0,0,0,0,0,0,0,0,0,0,0,0,0,0,0,0,0,0,0,0,0,0,0,0,0,0,0,0,0,0,0,0,0,0,0,0,0,0,0,0,0,0,0,0,0,
2,8_4,10_55_44,5.1315,0,1,0,0.1291175,Baseline,2.229,0.60724,-2.133,0.02018822,332.0223,4.168817E-10,0.0000,0.0000,0.0000,0.0000,0.0000,0.0000,0,0,,,,,,,0,0,0,0,0,0,0,0,0,0,0,0,0,0,0,0,0,0,0,0,0,0,0,0,0,0,0,0,0,0,0,0,0,0,0,0,0,0,0,0,0,0,0,0,0,0,0,0,0,0,0,
2,8_4,10_55_44,5.1350,0,1,0,0.1326041,Baseline,2.229,0.60724,-2.133,0.02018822,332.0223,4.168817E-10,0.0000,0.0000,0.0000,0.0000,0.0000,0.0000,0,0,,,,,,,0,0,0,0,0,0,0,0,0,0,0,0,0,0,0,0,0,0,0,0,0,0,0,0,0,0,0,0,0,0,0,0,0,0,0,0,0,0,0,0,0,0,0,0,0,0,0,0,0,0,0,
2,8_4,10_55_44,5.1388,0,1,0,0.1363845,Baseline,2.229,0.60724,-2.133,0.02018822,332.0223,4.168817E-10,0.0000,0.0000,0.0000,0.0000,0.0000,0.0000,0,0,,,,,,,0,0,0,0,0,0,0,0,0,0,0,0,0,0,0,0,0,0,0,0,0,0,0,0,0,0,0,0,0,0,0,0,0,0,0,0,0,0,0,0,0,0,0,0,0,0,0,0,0,0,0,
2,8_4,10_55_44,5.1422,0,1,0,0.1398101,Baseline,2.229,0.60724,-2.133,0.003140068,332.0223,0,0.0000,0.0000,0.0000,0.0000,0.0000,0.0000,0,0,,,,,,,0,0,0,0,0,0,0,0,0,0,0,0,0,0,0,0,0,0,0,0,0,0,0,0,0,0,0,0,0,0,0,0,0,0,0,0,0,0,0,0,0,0,0,0,0,0,0,0,0,0,0,
2,8_4,10_55_45,5.1462,0,1,0,0.1437788,Baseline,2.229,0.60724,-2.133,359.9835,332.0223,0,0.0000,0.0000,0.0000,0.0000,0.0000,0.0000,0,0,,,,,,,0,0,0,0,0,0,0,0,0,0,0,0,0,0,0,0,0,0,0,0,0,0,0,0,0,0,0,0,0,0,0,0,0,0,0,0,0,0,0,0,0,0,0,0,0,0,0,0,0,0,0,
2,8_4,10_55_45,5.1503,0,1,0,0.1478896,Baseline,2.229,0.60724,-2.133,359.9424,332.0017,0,0.0000,0.0000,0.0000,0.0000,0.0000,0.0000,0,0,,,,,,,0,0,0,0,0,0,0,0,0,0,0,0,0,0,0,0,0,0,0,0,0,0,0,0,0,0,0,0,0,0,0,0,0,0,0,0,0,0,0,0,0,0,0,0,0,0,0,0,0,0,0,
2,8_4,10_55_45,5.1546,0,1,0,0.1522608,Baseline,2.229,0.60724,-2.133,359.8987,331.9799,0,0.0000,0.0000,0.0000,0.0000,0.0000,0.0000,0,0,,,,,,,0,0,0,0,0,0,0,0,0,0,0,0,0,0,0,0,0,0,0,0,0,0,0,0,0,0,0,0,0,0,0,0,0,0,0,0,0,0,0,0,0,0,0,0,0,0,0,0,0,0,0,
2,8_4,10_55_45,5.1588,0,1,0,0.1564307,Baseline,2.229,0.60724,-2.133,359.8569,331.959,0,0.0000,0.0000,0.0000,0.0000,0.0000,0.0000,0,0,,,,,,,0,0,0,0,0,0,0,0,0,0,0,0,0,0,0,0,0,0,0,0,0,0,0,0,0,0,0,0,0,0,0,0,0,0,0,0,0,0,0,0,0,0,0,0,0,0,0,0,0,0,0,
2,8_4,10_55_45,5.1632,0,1,0,0.1607976,Baseline,2.229,0.60724,-2.133,359.8353,331.9371,0,0.0000,0.0000,0.0000,0.0000,0.0000,0.0000,0,0,,,,,,,0,0,0,0,0,0,0,0,0,0,0,0,0,0,0,0,0,0,0,0,0,0,0,0,0,0,0,0,0,0,0,0,0,0,0,0,0,0,0,0,0,0,0,0,0,0,0,0,0,0,0,
2,8_4,10_55_45,5.1675,0,1,0,0.1651616,Baseline,2.229,0.60724,-2.133,359.7916,331.9153,0,0.0000,0.0000,0.0000,0.0000,0.0000,0.0000,0,0,,,,,,,0,0,0,0,0,0,0,0,0,0,0,0,0,0,0,0,0,0,0,0,0,0,0,0,0,0,0,0,0,0,0,0,0,0,0,0,0,0,0,0,0,0,0,0,0,0,0,0,0,0,0,
2,8_4,10_55_45,5.1718,0,1,0,0.1694632,Baseline,2.229,0.60724,-2.133,359.7485,331.9153,0,0.0000,0.0000,0.0000,0.0000,0.0000,0.0000,0,0,,,,,,,0,0,0,0,0,0,0,0,0,0,0,0,0,0,0,0,0,0,0,0,0,0,0,0,0,0,0,0,0,0,0,0,0,0,0,0,0,0,0,0,0,0,0,0,0,0,0,0,0,0,0,
2,8_4,10_55_45,5.1767,0,1,0,0.1743226,Baseline,2.229,0.60724,-2.133,359.6755,331.8911,0,0.0000,0.0000,0.0000,0.0000,0.0000,0.0000,0,0,,,,,,,0,0,0,0,0,0,0,0,0,0,0,0,0,0,0,0,0,0,0,0,0,0,0,0,0,0,0,0,0,0,0,0,0,0,0,0,0,0,0,0,0,0,0,0,0,0,0,0,0,0,0,
2,8_4,10_55_45,5.1809,0,1,0,0.1784906,Baseline,2.229,0.60724,-2.133,359.6548,331.8494,0,0.0000,0.0000,0.0000,0.0000,0.0000,0.0000,0,0,,,,,,,0,0,0,0,0,0,0,0,0,0,0,0,0,0,0,0,0,0,0,0,0,0,0,0,0,0,0,0,0,0,0,0,0,0,0,0,0,0,0,0,0,0,0,0,0,0,0,0,0,0,0,
2,8_4,10_55_45,5.1850,0,1,0,0.1825747,Baseline,2.229,0.60724,-2.133,359.6141,331.8289,0,0.0000,0.0000,0.0000,0.0000,0.0000,0.0000,0,0,,,,,,,0,0,0,0,0,0,0,0,0,0,0,0,0,0,0,0,0,0,0,0,0,0,0,0,0,0,0,0,0,0,0,0,0,0,0,0,0,0,0,0,0,0,0,0,0,0,0,0,0,0,0,
2,8_4,10_55_45,5.1888,0,1,0,0.1864438,Baseline,2.229,0.60724,-2.133,359.5946,331.7902,6.670274E-09,0.0000,0.0000,0.0000,0.0000,0.0000,0.0000,0,0,,,,,,,0,0,0,0,0,0,0,0,0,0,0,0,0,0,0,0,0,0,0,0,0,0,0,0,0,0,0,0,0,0,0,0,0,0,0,0,0,0,0,0,0,0,0,0,0,0,0,0,0,0,0,
2,8_4,10_55_45,5.1930,0,1,0,0.1906223,Baseline,2.229,0.60724,-2.133,359.5529,331.7693,0,0.0000,0.0000,0.0000,0.0000,0.0000,0.0000,0,0,,,,,,,0,0,0,0,0,0,0,0,0,0,0,0,0,0,0,0,0,0,0,0,0,0,0,0,0,0,0,0,0,0,0,0,0,0,0,0,0,0,0,0,0,0,0,0,0,0,0,0,0,0,0,
2,8_4,10_55_45,5.1969,0,1,0,0.19452,Baseline,2.229,0.60724,-2.133,359.5334,331.7499,-6.670328E-09,0.0000,0.0000,0.0000,0.0000,0.0000,0.0000,0,0,,,,,,,0,0,0,0,0,0,0,0,0,0,0,0,0,0,0,0,0,0,0,0,0,0,0,0,0,0,0,0,0,0,0,0,0,0,0,0,0,0,0,0,0,0,0,0,0,0,0,0,0,0,0,
2,8_4,10_55_45,5.2027,0,1,0,0.2003102,Baseline,2.229,0.60724,-2.133,359.4464,331.721,-1.334084E-08,0.0000,0.0000,0.0000,0.0000,0.0000,0.0000,0,0,,,,,,,0,0,0,0,0,0,0,0,0,0,0,0,0,0,0,0,0,0,0,0,0,0,0,0,0,0,0,0,0,0,0,0,0,0,0,0,0,0,0,0,0,0,0,0,0,0,0,0,0,0,0,
2,8_4,10_55_45,5.2063,0,1,0,0.2039509,Baseline,2.229,0.60724,-2.133,359.4281,331.7028,0,0.0000,0.0000,0.0000,0.0000,0.0000,0.0000,0,0,,,,,,,0,0,0,0,0,0,0,0,0,0,0,0,0,0,0,0,0,0,0,0,0,0,0,0,0,0,0,0,0,0,0,0,0,0,0,0,0,0,0,0,0,0,0,0,0,0,0,0,0,0,0,
2,8_4,10_55_45,5.2101,0,1,0,0.2077236,Baseline,2.229,0.60724,-2.133,359.4093,331.6839,0,0.0000,0.0000,0.0000,0.0000,0.0000,0.0000,0,0,,,,,,,0,0,0,0,0,0,0,0,0,0,0,0,0,0,0,0,0,0,0,0,0,0,0,0,0,0,0,0,0,0,0,0,0,0,0,0,0,0,0,0,0,0,0,0,0,0,0,0,0,0,0,
2,8_4,10_55_45,5.2141,0,1,0,0.2116938,Baseline,2.229,0.60724,-2.133,359.3896,331.6641,0,0.0000,0.0000,0.0000,0.0000,0.0000,0.0000,0,0,,,,,,,0,0,0,0,0,0,0,0,0,0,0,0,0,0,0,0,0,0,0,0,0,0,0,0,0,0,0,0,0,0,0,0,0,0,0,0,0,0,0,0,0,0,0,0,0,0,0,0,0,0,0,
2,8_4,10_55_45,5.2190,0,1,0,0.2166514,Baseline,2.229,0.60724,-2.133,359.3647,331.6393,0,0.0000,0.0000,0.0000,0.0000,0.0000,0.0000,0,0,,,,,,,0,0,0,0,0,0,0,0,0,0,0,0,0,0,0,0,0,0,0,0,0,0,0,0,0,0,0,0,0,0,0,0,0,0,0,0,0,0,0,0,0,0,0,0,0,0,0,0,0,0,0,
2,8_4,10_55_45,5.2238,0,1,0,0.2214298,Baseline,2.229,0.60724,-2.133,359.3409,331.5915,1.33411E-08,0.0000,0.0000,0.0000,0.0000,0.0000,0.0000,0,0,,,,,,,0,0,0,0,0,0,0,0,0,0,0,0,0,0,0,0,0,0,0,0,0,0,0,0,0,0,0,0,0,0,0,0,0,0,0,0,0,0,0,0,0,0,0,0,0,0,0,0,0,0,0,
2,8_4,10_55_45,5.2281,0,1,0,0.2256908,Baseline,2.229,0.60724,-2.133,359.3195,331.5915,-1.334115E-08,0.0000,0.0000,0.0000,0.0000,0.0000,0.0000,0,0,,,,,,,0,0,0,0,0,0,0,0,0,0,0,0,0,0,0,0,0,0,0,0,0,0,0,0,0,0,0,0,0,0,0,0,0,0,0,0,0,0,0,0,0,0,0,0,0,0,0,0,0,0,0,
2,8_4,10_55_45,5.2320,0,1,0,0.2295914,Baseline,2.229,0.60724,-2.133,359.2805,331.572,0,0.0000,0.0000,0.0000,0.0000,0.0000,0.0000,0,0,,,,,,,0,0,0,0,0,0,0,0,0,0,0,0,0,0,0,0,0,0,0,0,0,0,0,0,0,0,0,0,0,0,0,0,0,0,0,0,0,0,0,0,0,0,0,0,0,0,0,0,0,0,0,
2,8_4,10_55_45,5.2359,0,1,0,0.2335529,Baseline,2.229,0.60724,-2.133,359.2805,331.5323,0,0.0000,0.0000,0.0000,0.0000,0.0000,0.0000,0,0,,,,,,,0,0,0,0,0,0,0,0,0,0,0,0,0,0,0,0,0,0,0,0,0,0,0,0,0,0,0,0,0,0,0,0,0,0,0,0,0,0,0,0,0,0,0,0,0,0,0,0,0,0,0,
2,8_4,10_55_45,5.2397,0,1,0,0.2373271,Baseline,2.229,0.60724,-2.133,359.2617,331.5135,0,0.0000,0.0000,0.0000,0.0000,0.0000,0.0000,0,0,,,,,,,0,0,0,0,0,0,0,0,0,0,0,0,0,0,0,0,0,0,0,0,0,0,0,0,0,0,0,0,0,0,0,0,0,0,0,0,0,0,0,0,0,0,0,0,0,0,0,0,0,0,0,
2,8_4,10_55_45,5.2440,0,1,0,0.2415805,Baseline,2.229,0.60724,-2.133,359.2406,331.4922,1.334139E-08,0.0000,0.0000,0.0000,0.0000,0.0000,0.0000,0,0,,,,,,,0,0,0,0,0,0,0,0,0,0,0,0,0,0,0,0,0,0,0,0,0,0,0,0,0,0,0,0,0,0,0,0,0,0,0,0,0,0,0,0,0,0,0,0,0,0,0,0,0,0,0,
2,8_4,10_55_45,5.2484,0,1,0,0.2459731,Baseline,2.229,0.60724,-2.133,359.2406,331.4703,0,0.0000,0.0000,0.0000,0.0000,0.0000,0.0000,0,0,,,,,,,0,0,0,0,0,0,0,0,0,0,0,0,0,0,0,0,0,0,0,0,0,0,0,0,0,0,0,0,0,0,0,0,0,0,0,0,0,0,0,0,0,0,0,0,0,0,0,0,0,0,0,
2,8_4,10_55_45,5.2519,0,1,0,0.2495236,Baseline,2.229,0.60724,-2.133,359.2406,331.4703,0,0.0000,0.0000,0.0000,0.0000,0.0000,0.0000,0,0,,,,,,,0,0,0,0,0,0,0,0,0,0,0,0,0,0,0,0,0,0,0,0,0,0,0,0,0,0,0,0,0,0,0,0,0,0,0,0,0,0,0,0,0,0,0,0,0,0,0,0,0,0,0,
2,8_4,10_55_45,5.2559,0,1,0,0.253511,Baseline,2.229,0.60724,-2.133,359.2205,331.4503,0,0.0000,0.0000,0.0000,0.0000,0.0000,0.0000,0,0,,,,,,,0,0,0,0,0,0,0,0,0,0,0,0,0,0,0,0,0,0,0,0,0,0,0,0,0,0,0,0,0,0,0,0,0,0,0,0,0,0,0,0,0,0,0,0,0,0,0,0,0,0,0,
2,8_4,10_55_45,5.2602,0,1,0,0.2578645,Baseline,2.229,0.60724,-2.133,359.1988,331.4503,0,0.0000,0.0000,0.0000,0.0000,0.0000,0.0000,0,0,,,,,,,0,0,0,0,0,0,0,0,0,0,0,0,0,0,0,0,0,0,0,0,0,0,0,0,0,0,0,0,0,0,0,0,0,0,0,0,0,0,0,0,0,0,0,0,0,0,0,0,0,0,0,
2,8_4,10_55_45,5.2646,0,1,0,0.2622628,Baseline,2.229,0.60724,-2.133,359.1767,331.4503,1.334159E-08,0.0000,0.0000,0.0000,0.0000,0.0000,0.0000,0,0,,,,,,,0,0,0,0,0,0,0,0,0,0,0,0,0,0,0,0,0,0,0,0,0,0,0,0,0,0,0,0,0,0,0,0,0,0,0,0,0,0,0,0,0,0,0,0,0,0,0,0,0,0,0,
2,8_4,10_55_45,5.2689,0,1,0,0.2665248,Baseline,2.229,0.60724,-2.133,359.1767,331.429,0,0.0000,0.0000,0.0000,0.0000,0.0000,0.0000,0,0,,,,,,,0,0,0,0,0,0,0,0,0,0,0,0,0,0,0,0,0,0,0,0,0,0,0,0,0,0,0,0,0,0,0,0,0,0,0,0,0,0,0,0,0,0,0,0,0,0,0,0,0,0,0,
2,8_4,10_55_45,5.2729,0,1,0,0.2705464,Baseline,2.229,0.60724,-2.133,359.1566,331.4089,0,0.0000,0.0000,0.0000,0.0000,0.0000,0.0000,0,0,,,,,,,0,0,0,0,0,0,0,0,0,0,0,0,0,0,0,0,0,0,0,0,0,0,0,0,0,0,0,0,0,0,0,0,0,0,0,0,0,0,0,0,0,0,0,0,0,0,0,0,0,0,0,
2,8_4,10_55_45,5.2768,0,1,0,0.2744002,Baseline,2.229,0.60724,-2.133,359.1566,331.3896,0,0.0000,0.0000,0.0000,0.0000,0.0000,0.0000,0,0,,,,,,,0,0,0,0,0,0,0,0,0,0,0,0,0,0,0,0,0,0,0,0,0,0,0,0,0,0,0,0,0,0,0,0,0,0,0,0,0,0,0,0,0,0,0,0,0,0,0,0,0,0,0,
2,8_4,10_55_45,5.2807,0,1,0,0.278285,Baseline,2.229,0.60724,-2.133,359.0983,331.3896,0,0.0000,0.0000,0.0000,0.0000,0.0000,0.0000,0,0,,,,,,,0,0,0,0,0,0,0,0,0,0,0,0,0,0,0,0,0,0,0,0,0,0,0,0,0,0,0,0,0,0,0,0,0,0,0,0,0,0,0,0,0,0,0,0,0,0,0,0,0,0,0,
2,8_4,10_55_45,5.2857,0,1,0,0.2833304,Baseline,2.229,0.60724,-2.133,359.0732,331.3644,1.334196E-08,0.0000,0.0000,0.0000,0.0000,0.0000,0.0000,0,0,,,,,,,0,0,0,0,0,0,0,0,0,0,0,0,0,0,0,0,0,0,0,0,0,0,0,0,0,0,0,0,0,0,0,0,0,0,0,0,0,0,0,0,0,0,0,0,0,0,0,0,0,0,0,
2,8_4,10_55_45,5.2904,0,1,0,0.2879825,Baseline,2.229,0.60724,-2.133,359.0266,331.3412,2.668428E-08,0.0000,0.0000,0.0000,0.0000,0.0000,0.0000,0,0,,,,,,,0,0,0,0,0,0,0,0,0,0,0,0,0,0,0,0,0,0,0,0,0,0,0,0,0,0,0,0,0,0,0,0,0,0,0,0,0,0,0,0,0,0,0,0,0,0,0,0,0,0,0,
2,8_4,10_55_45,5.2951,0,1,0,0.2927346,Baseline,2.229,0.60724,-2.133,358.9789,331.3174,0,0.0000,0.0000,0.0000,0.0000,0.0000,0.0000,0,0,,,,,,,0,0,0,0,0,0,0,0,0,0,0,0,0,0,0,0,0,0,0,0,0,0,0,0,0,0,0,0,0,0,0,0,0,0,0,0,0,0,0,0,0,0,0,0,0,0,0,0,0,0,0,
2,8_4,10_55_45,5.2990,0,1,0,0.2965751,Baseline,2.229,0.60724,-2.133,358.9597,331.3174,-2.668482E-08,0.0000,0.0000,0.0000,0.0000,0.0000,0.0000,0,0,,,,,,,0,0,0,0,0,0,0,0,0,0,0,0,0,0,0,0,0,0,0,0,0,0,0,0,0,0,0,0,0,0,0,0,0,0,0,0,0,0,0,0,0,0,0,0,0,0,0,0,0,0,0,
2,8_4,10_55_45,5.3029,0,1,0,0.3005238,Baseline,2.229,0.60724,-2.133,358.9201,331.2977,0,0.0000,0.0000,0.0000,0.0000,0.0000,0.0000,0,0,,,,,,,0,0,0,0,0,0,0,0,0,0,0,0,0,0,0,0,0,0,0,0,0,0,0,0,0,0,0,0,0,0,0,0,0,0,0,0,0,0,0,0,0,0,0,0,0,0,0,0,0,0,0,
2,8_4,10_55_45,5.3071,0,1,0,0.3047071,Baseline,2.229,0.60724,-2.133,358.8574,331.2768,2.668573E-08,0.0000,0.0000,0.0000,0.0000,0.0000,0.0000,0,0,,,,,,,0,0,0,0,0,0,0,0,0,0,0,0,0,0,0,0,0,0,0,0,0,0,0,0,0,0,0,0,0,0,0,0,0,0,0,0,0,0,0,0,0,0,0,0,0,0,0,0,0,0,0,
2,8_4,10_55_45,5.3111,0,1,0,0.308732,Baseline,2.229,0.60724,-2.133,358.8172,331.2566,-2.668611E-08,0.0000,0.0000,0.0000,0.0000,0.0000,0.0000,0,0,,,,,,,0,0,0,0,0,0,0,0,0,0,0,0,0,0,0,0,0,0,0,0,0,0,0,0,0,0,0,0,0,0,0,0,0,0,0,0,0,0,0,0,0,0,0,0,0,0,0,0,0,0,0,
2,8_4,10_55_45,5.3149,0,1,0,0.3125477,Baseline,2.229,0.60724,-2.133,358.798,331.2185,0,0.0000,0.0000,0.0000,0.0000,0.0000,0.0000,0,0,,,,,,,0,0,0,0,0,0,0,0,0,0,0,0,0,0,0,0,0,0,0,0,0,0,0,0,0,0,0,0,0,0,0,0,0,0,0,0,0,0,0,0,0,0,0,0,0,0,0,0,0,0,0,
2,8_4,10_55_45,5.3188,0,1,0,0.3164163,Baseline,2.229,0.60724,-2.133,358.7595,331.1992,0,0.0000,0.0000,0.0000,0.0000,0.0000,0.0000,0,0,,,,,,,0,0,0,0,0,0,0,0,0,0,0,0,0,0,0,0,0,0,0,0,0,0,0,0,0,0,0,0,0,0,0,0,0,0,0,0,0,0,0,0,0,0,0,0,0,0,0,0,0,0,0,
2,8_4,10_55_45,5.3227,0,1,0,0.3203321,Baseline,2.229,0.60724,-2.133,358.7401,331.1992,0,0.0000,0.0000,0.0000,0.0000,0.0000,0.0000,0,0,,,,,,,0,0,0,0,0,0,0,0,0,0,0,0,0,0,0,0,0,0,0,0,0,0,0,0,0,0,0,0,0,0,0,0,0,0,0,0,0,0,0,0,0,0,0,0,0,0,0,0,0,0,0,
2,8_4,10_55_45,5.3269,0,1,0,0.3245411,Baseline,2.229,0.60724,-2.133,358.6767,331.1781,0,0.0000,0.0000,0.0000,0.0000,0.0000,0.0000,0,0,,,,,,,0,0,0,0,0,0,0,0,0,0,0,0,0,0,0,0,0,0,0,0,0,0,0,0,0,0,0,0,0,0,0,0,0,0,0,0,0,0,0,0,0,0,0,0,0,0,0,0,0,0,0,
2,8_4,10_55_45,5.3308,0,1,0,0.3284316,Baseline,2.229,0.60724,-2.133,358.6572,331.1587,-2.668775E-08,0.0000,0.0000,0.0000,0.0000,0.0000,0.0000,0,0,,,,,,,0,0,0,0,0,0,0,0,0,0,0,0,0,0,0,0,0,0,0,0,0,0,0,0,0,0,0,0,0,0,0,0,0,0,0,0,0,0,0,0,0,0,0,0,0,0,0,0,0,0,0,
2,8_4,10_55_45,5.3348,0,1,0,0.3324146,Baseline,2.229,0.60724,-2.133,358.6371,331.1587,2.668798E-08,0.0000,0.0000,0.0000,0.0000,0.0000,0.0000,0,0,,,,,,,0,0,0,0,0,0,0,0,0,0,0,0,0,0,0,0,0,0,0,0,0,0,0,0,0,0,0,0,0,0,0,0,0,0,0,0,0,0,0,0,0,0,0,0,0,0,0,0,0,0,0,
2,8_4,10_55_45,5.3390,0,1,0,0.3365974,Baseline,2.229,0.60724,-2.133,358.6161,331.1377,-2.668821E-08,0.0000,0.0000,0.0000,0.0000,0.0000,0.0000,0,0,,,,,,,0,0,0,0,0,0,0,0,0,0,0,0,0,0,0,0,0,0,0,0,0,0,0,0,0,0,0,0,0,0,0,0,0,0,0,0,0,0,0,0,0,0,0,0,0,0,0,0,0,0,0,
2,8_4,10_55_45,5.3432,0,1,0,0.3408446,Baseline,2.229,0.60724,-2.133,358.6161,331.1377,-2.668821E-08,0.0000,0.0000,0.0000,0.0000,0.0000,0.0000,0,0,,,,,,,0,0,0,0,0,0,0,0,0,0,0,0,0,0,0,0,0,0,0,0,0,0,0,0,0,0,0,0,0,0,0,0,0,0,0,0,0,0,0,0,0,0,0,0,0,0,0,0,0,0,0,
2,8_4,10_55_45,5.3475,0,1,0,0.3450975,Baseline,2.229,0.60724,-2.133,358.5949,331.1165,-2.668845E-08,0.0000,0.0000,0.0000,0.0000,0.0000,0.0000,0,0,,,,,,,0,0,0,0,0,0,0,0,0,0,0,0,0,0,0,0,0,0,0,0,0,0,0,0,0,0,0,0,0,0,0,0,0,0,0,0,0,0,0,0,0,0,0,0,0,0,0,0,0,0,0,
2,8_4,10_55_45,5.3512,0,1,0,0.3487802,Baseline,2.229,0.60724,-2.133,358.5949,331.1165,-2.668845E-08,0.0000,0.0000,0.0000,0.0000,0.0000,0.0000,0,0,,,,,,,0,0,0,0,0,0,0,0,0,0,0,0,0,0,0,0,0,0,0,0,0,0,0,0,0,0,0,0,0,0,0,0,0,0,0,0,0,0,0,0,0,0,0,0,0,0,0,0,0,0,0,
2,8_4,10_55_45,5.3547,0,1,0,0.3523159,Baseline,2.229,0.60724,-2.133,358.5774,331.1165,-2.668865E-08,0.0000,0.0000,0.0000,0.0000,0.0000,0.0000,0,0,,,,,,,0,0,0,0,0,0,0,0,0,0,0,0,0,0,0,0,0,0,0,0,0,0,0,0,0,0,0,0,0,0,0,0,0,0,0,0,0,0,0,0,0,0,0,0,0,0,0,0,0,0,0,
2,8_4,10_55_45,5.3583,0,1,0,0.3559194,Baseline,2.229,0.60724,-2.133,358.5774,331.1165,-2.668865E-08,0.0000,0.0000,0.0000,0.0000,0.0000,0.0000,0,0,,,,,,,0,0,0,0,0,0,0,0,0,0,0,0,0,0,0,0,0,0,0,0,0,0,0,0,0,0,0,0,0,0,0,0,0,0,0,0,0,0,0,0,0,0,0,0,0,0,0,0,0,0,0,
2,8_4,10_55_45,5.3617,0,1,0,0.3593197,Baseline,2.229,0.60724,-2.133,358.5774,331.1165,-2.668865E-08,0.0000,0.0000,0.0000,0.0000,0.0000,0.0000,0,0,,,,,,,0,0,0,0,0,0,0,0,0,0,0,0,0,0,0,0,0,0,0,0,0,0,0,0,0,0,0,0,0,0,0,0,0,0,0,0,0,0,0,0,0,0,0,0,0,0,0,0,0,0,0,
2,8_4,10_55_45,5.3656,0,1,0,0.3632669,Baseline,2.229,0.60724,-2.133,358.5576,331.1165,0,0.0000,0.0000,0.0000,0.0000,0.0000,0.0000,0,0,,,,,,,0,0,0,0,0,0,0,0,0,0,0,0,0,0,0,0,0,0,0,0,0,0,0,0,0,0,0,0,0,0,0,0,0,0,0,0,0,0,0,0,0,0,0,0,0,0,0,0,0,0,0,
2,8_4,10_55_45,5.3694,0,1,0,0.3669834,Baseline,2.229,0.60724,-2.133,358.5576,331.1165,0,0.0000,0.0000,0.0000,0.0000,0.0000,0.0000,0,0,,,,,,,0,0,0,0,0,0,0,0,0,0,0,0,0,0,0,0,0,0,0,0,0,0,0,0,0,0,0,0,0,0,0,0,0,0,0,0,0,0,0,0,0,0,0,0,0,0,0,0,0,0,0,
2,8_4,10_55_45,5.3731,0,1,0,0.3707013,Baseline,2.229,0.60724,-2.133,358.5576,331.1165,0,0.0000,0.0000,0.0000,0.0000,0.0000,0.0000,0,0,,,,,,,0,0,0,0,0,0,0,0,0,0,0,0,0,0,0,0,0,0,0,0,0,0,0,0,0,0,0,0,0,0,0,0,0,0,0,0,0,0,0,0,0,0,0,0,0,0,0,0,0,0,0,
2,8_4,10_55_45,5.3770,0,1,0,0.3746662,Baseline,2.229,0.60724,-2.133,358.5576,331.0966,0,0.0000,0.0000,0.0000,0.0000,0.0000,0.0000,0,0,,,,,,,0,0,0,0,0,0,0,0,0,0,0,0,0,0,0,0,0,0,0,0,0,0,0,0,0,0,0,0,0,0,0,0,0,0,0,0,0,0,0,0,0,0,0,0,0,0,0,0,0,0,0,
2,8_4,10_55_45,5.3804,0,1,0,0.378057,Baseline,2.229,0.60724,-2.133,358.5576,331.0966,0,0.0000,0.0000,0.0000,0.0000,0.0000,0.0000,0,0,,,,,,,0,0,0,0,0,0,0,0,0,0,0,0,0,0,0,0,0,0,0,0,0,0,0,0,0,0,0,0,0,0,0,0,0,0,0,0,0,0,0,0,0,0,0,0,0,0,0,0,0,0,0,
2,8_4,10_55_45,5.3840,0,1,0,0.381628,Baseline,2.229,0.60724,-2.133,358.5576,331.0966,0,0.0000,0.0000,0.0000,0.0000,0.0000,0.0000,0,0,,,,,,,0,0,0,0,0,0,0,0,0,0,0,0,0,0,0,0,0,0,0,0,0,0,0,0,0,0,0,0,0,0,0,0,0,0,0,0,0,0,0,0,0,0,0,0,0,0,0,0,0,0,0,
2,8_4,10_55_45,5.3878,0,1,0,0.385417,Baseline,2.229,0.60724,-2.133,358.5576,331.0966,0,0.0000,0.0000,0.0000,0.0000,0.0000,0.0000,0,0,,,,,,,0,0,0,0,0,0,0,0,0,0,0,0,0,0,0,0,0,0,0,0,0,0,0,0,0,0,0,0,0,0,0,0,0,0,0,0,0,0,0,0,0,0,0,0,0,0,0,0,0,0,0,
2,8_4,10_55_45,5.3915,0,1,0,0.3891487,Baseline,2.229,0.60724,-2.133,358.5576,331.0966,0,0.0000,0.0000,0.0000,0.0000,0.0000,0.0000,0,0,,,,,,,0,0,0,0,0,0,0,0,0,0,0,0,0,0,0,0,0,0,0,0,0,0,0,0,0,0,0,0,0,0,0,0,0,0,0,0,0,0,0,0,0,0,0,0,0,0,0,0,0,0,0,
2,8_4,10_55_45,5.3952,0,1,0,0.3928576,Baseline,2.229,0.60724,-2.133,358.5576,331.0966,0,0.0000,0.0000,0.0000,0.0000,0.0000,0.0000,0,0,,,,,,,0,0,0,0,0,0,0,0,0,0,0,0,0,0,0,0,0,0,0,0,0,0,0,0,0,0,0,0,0,0,0,0,0,0,0,0,0,0,0,0,0,0,0,0,0,0,0,0,0,0,0,
2,8_4,10_55_45,5.3986,0,1,0,0.3962655,Baseline,2.229,0.60724,-2.133,358.5576,331.0966,0,0.0000,0.0000,0.0000,0.0000,0.0000,0.0000,0,0,,,,,,,0,0,0,0,0,0,0,0,0,0,0,0,0,0,0,0,0,0,0,0,0,0,0,0,0,0,0,0,0,0,0,0,0,0,0,0,0,0,0,0,0,0,0,0,0,0,0,0,0,0,0,
2,8_4,10_55_45,5.4031,0,1,0,0.4007611,Baseline,2.229,0.60724,-2.133,358.5576,331.0966,0,0.0000,0.0000,0.0000,0.0000,0.0000,0.0000,0,0,,,,,,,0,0,0,0,0,0,0,0,0,0,0,0,0,0,0,0,0,0,0,0,0,0,0,0,0,0,0,0,0,0,0,0,0,0,0,0,0,0,0,0,0,0,0,0,0,0,0,0,0,0,0,
2,8_4,10_55_45,5.4069,0,1,0,0.4045444,Baseline,2.229,0.60724,-2.133,358.5576,331.0966,0,0.0000,0.0000,0.0000,0.0000,0.0000,0.0000,0,0,,,,,,,0,0,0,0,0,0,0,0,0,0,0,0,0,0,0,0,0,0,0,0,0,0,0,0,0,0,0,0,0,0,0,0,0,0,0,0,0,0,0,0,0,0,0,0,0,0,0,0,0,0,0,
2,8_4,10_55_45,5.4106,0,1,0,0.408205,Baseline,2.229,0.60724,-2.133,358.5576,331.0966,0,0.0000,0.0000,0.0000,0.0000,0.0000,0.0000,0,0,,,,,,,0,0,0,0,0,0,0,0,0,0,0,0,0,0,0,0,0,0,0,0,0,0,0,0,0,0,0,0,0,0,0,0,0,0,0,0,0,0,0,0,0,0,0,0,0,0,0,0,0,0,0,
2,8_4,10_55_45,5.4142,0,1,0,0.4118276,Baseline,2.229,0.60724,-2.133,358.5576,331.0966,0,0.0000,0.0000,0.0000,0.0000,0.0000,0.0000,0,0,,,,,,,0,0,0,0,0,0,0,0,0,0,0,0,0,0,0,0,0,0,0,0,0,0,0,0,0,0,0,0,0,0,0,0,0,0,0,0,0,0,0,0,0,0,0,0,0,0,0,0,0,0,0,
2,8_4,10_55_45,5.4177,0,1,0,0.4152999,Baseline,2.229,0.60724,-2.133,358.5576,331.0966,0,0.0000,0.0000,0.0000,0.0000,0.0000,0.0000,0,0,,,,,,,0,0,0,0,0,0,0,0,0,0,0,0,0,0,0,0,0,0,0,0,0,0,0,0,0,0,0,0,0,0,0,0,0,0,0,0,0,0,0,0,0,0,0,0,0,0,0,0,0,0,0,
2,8_4,10_55_45,5.4214,0,1,0,0.4190636,Baseline,2.229,0.60724,-2.133,358.5576,331.0966,0,0.0000,0.0000,0.0000,0.0000,0.0000,0.0000,0,0,,,,,,,0,0,0,0,0,0,0,0,0,0,0,0,0,0,0,0,0,0,0,0,0,0,0,0,0,0,0,0,0,0,0,0,0,0,0,0,0,0,0,0,0,0,0,0,0,0,0,0,0,0,0,
2,8_4,10_55_45,5.4250,0,1,0,0.4226217,Baseline,2.229,0.60724,-2.133,358.5576,331.0966,0,0.0000,0.0000,0.0000,0.0000,0.0000,0.0000,0,0,,,,,,,0,0,0,0,0,0,0,0,0,0,0,0,0,0,0,0,0,0,0,0,0,0,0,0,0,0,0,0,0,0,0,0,0,0,0,0,0,0,0,0,0,0,0,0,0,0,0,0,0,0,0,
2,8_4,10_55_45,5.4389,0,1,0,0.4365354,Baseline,2.229,0.60724,-2.133,358.5576,331.0966,0,0.0000,0.0000,0.0000,0.0000,0.0000,0.0000,0,0,,,,,,,0,0,0,0,0,0,0,0,0,0,0,0,0,0,0,0,0,0,0,0,0,0,0,0,0,0,0,0,0,0,0,0,0,0,0,0,0,0,0,0,0,0,0,0,0,0,0,0,0,0,0,
2,8_4,10_55_45,5.4438,0,1,0,0.4414549,Baseline,2.229,0.60724,-2.133,358.5576,331.0966,0,0.0000,0.0000,0.0000,0.0000,0.0000,0.0000,0,0,,,,,,,0,0,0,0,0,0,0,0,0,0,0,0,0,0,0,0,0,0,0,0,0,0,0,0,0,0,0,0,0,0,0,0,0,0,0,0,0,0,0,0,0,0,0,0,0,0,0,0,0,0,0,
2,8_4,10_55_45,5.4478,0,1,0,0.4454331,Baseline,2.229,0.60724,-2.133,358.5576,331.0966,0,0.0000,0.0000,0.0000,0.0000,0.0000,0.0000,0,0,,,,,,,0,0,0,0,0,0,0,0,0,0,0,0,0,0,0,0,0,0,0,0,0,0,0,0,0,0,0,0,0,0,0,0,0,0,0,0,0,0,0,0,0,0,0,0,0,0,0,0,0,0,0,
2,8_4,10_55_45,5.4511,0,1,0,0.4487562,Baseline,2.229,0.60724,-2.133,358.5576,331.0966,0,0.0000,0.0000,0.0000,0.0000,0.0000,0.0000,0,0,,,,,,,0,0,0,0,0,0,0,0,0,0,0,0,0,0,0,0,0,0,0,0,0,0,0,0,0,0,0,0,0,0,0,0,0,0,0,0,0,0,0,0,0,0,0,0,0,0,0,0,0,0,0,
2,8_4,10_55_45,5.4547,0,1,0,0.4523373,Baseline,2.229,0.60724,-2.133,358.5576,331.0966,0,0.0000,0.0000,0.0000,0.0000,0.0000,0.0000,0,0,,,,,,,0,0,0,0,0,0,0,0,0,0,0,0,0,0,0,0,0,0,0,0,0,0,0,0,0,0,0,0,0,0,0,0,0,0,0,0,0,0,0,0,0,0,0,0,0,0,0,0,0,0,0,
2,8_4,10_55_45,5.4586,0,1,0,0.4562292,Baseline,2.229,0.60724,-2.133,358.5576,331.0966,0,0.0000,0.0000,0.0000,0.0000,0.0000,0.0000,0,0,,,,,,,0,0,0,0,0,0,0,0,0,0,0,0,0,0,0,0,0,0,0,0,0,0,0,0,0,0,0,0,0,0,0,0,0,0,0,0,0,0,0,0,0,0,0,0,0,0,0,0,0,0,0,
2,8_4,10_55_45,5.4620,0,1,0,0.4596424,Baseline,2.229,0.60724,-2.133,358.5576,331.0966,0,0.0000,0.0000,0.0000,0.0000,0.0000,0.0000,0,0,,,,,,,0,0,0,0,0,0,0,0,0,0,0,0,0,0,0,0,0,0,0,0,0,0,0,0,0,0,0,0,0,0,0,0,0,0,0,0,0,0,0,0,0,0,0,0,0,0,0,0,0,0,0,
2,8_4,10_55_45,5.4655,0,1,0,0.4630938,Baseline,2.229,0.60724,-2.133,358.5576,331.0966,0,0.0000,0.0000,0.0000,0.0000,0.0000,0.0000,0,0,,,,,,,0,0,0,0,0,0,0,0,0,0,0,0,0,0,0,0,0,0,0,0,0,0,0,0,0,0,0,0,0,0,0,0,0,0,0,0,0,0,0,0,0,0,0,0,0,0,0,0,0,0,0,
2,8_4,10_55_45,5.4693,0,1,0,0.4668922,Baseline,2.229,0.60724,-2.133,358.5576,331.0966,0,0.0000,0.0000,0.0000,0.0000,0.0000,0.0000,0,0,,,,,,,0,0,0,0,0,0,0,0,0,0,0,0,0,0,0,0,0,0,0,0,0,0,0,0,0,0,0,0,0,0,0,0,0,0,0,0,0,0,0,0,0,0,0,0,0,0,0,0,0,0,0,
2,8_4,10_55_45,5.4729,0,1,0,0.4704785,Baseline,2.229,0.60724,-2.133,358.5576,331.0966,0,0.0000,0.0000,0.0000,0.0000,0.0000,0.0000,0,0,,,,,,,0,0,0,0,0,0,0,0,0,0,0,0,0,0,0,0,0,0,0,0,0,0,0,0,0,0,0,0,0,0,0,0,0,0,0,0,0,0,0,0,0,0,0,0,0,0,0,0,0,0,0,
2,8_4,10_55_45,5.4763,0,1,0,0.4739265,Baseline,2.229,0.60724,-2.133,358.5576,331.0966,0,0.0000,0.0000,0.0000,0.0000,0.0000,0.0000,0,0,,,,,,,0,0,0,0,0,0,0,0,0,0,0,0,0,0,0,0,0,0,0,0,0,0,0,0,0,0,0,0,0,0,0,0,0,0,0,0,0,0,0,0,0,0,0,0,0,0,0,0,0,0,0,
2,8_4,10_55_45,5.4798,0,1,0,0.4774566,Baseline,2.229,0.60724,-2.133,358.5576,331.0966,0,0.0000,0.0000,0.0000,0.0000,0.0000,0.0000,0,0,,,,,,,0,0,0,0,0,0,0,0,0,0,0,0,0,0,0,0,0,0,0,0,0,0,0,0,0,0,0,0,0,0,0,0,0,0,0,0,0,0,0,0,0,0,0,0,0,0,0,0,0,0,0,
2,8_4,10_55_45,5.4836,0,1,0,0.4812694,Baseline,2.229,0.60724,-2.133,358.5576,331.0966,0,0.0000,0.0000,0.0000,0.0000,0.0000,0.0000,0,0,,,,,,,0,0,0,0,0,0,0,0,0,0,0,0,0,0,0,0,0,0,0,0,0,0,0,0,0,0,0,0,0,0,0,0,0,0,0,0,0,0,0,0,0,0,0,0,0,0,0,0,0,0,0,
2,8_4,10_55_45,5.4872,0,1,0,0.4847984,Baseline,2.229,0.60724,-2.133,358.5576,331.0966,0,0.0000,0.0000,0.0000,0.0000,0.0000,0.0000,0,0,,,,,,,0,0,0,0,0,0,0,0,0,0,0,0,0,0,0,0,0,0,0,0,0,0,0,0,0,0,0,0,0,0,0,0,0,0,0,0,0,0,0,0,0,0,0,0,0,0,0,0,0,0,0,
2,8_4,10_55_45,5.4906,0,1,0,0.488236,Baseline,2.229,0.60724,-2.133,358.5576,331.0966,0,0.0000,0.0000,0.0000,0.0000,0.0000,0.0000,0,0,,,,,,,0,0,0,0,0,0,0,0,0,0,0,0,0,0,0,0,0,0,0,0,0,0,0,0,0,0,0,0,0,0,0,0,0,0,0,0,0,0,0,0,0,0,0,0,0,0,0,0,0,0,0,
2,8_4,10_55_45,5.4940,0,1,0,0.4915776,Baseline,2.229,0.60724,-2.133,358.5576,331.0966,0,0.0000,0.0000,0.0000,0.0000,0.0000,0.0000,0,0,,,,,,,0,0,0,0,0,0,0,0,0,0,0,0,0,0,0,0,0,0,0,0,0,0,0,0,0,0,0,0,0,0,0,0,0,0,0,0,0,0,0,0,0,0,0,0,0,0,0,0,0,0,0,
2,8_4,10_55_45,5.4973,0,1,0,0.4948997,Baseline,2.229,0.60724,-2.133,358.5576,331.0966,0,0.0000,0.0000,0.0000,0.0000,0.0000,0.0000,0,0,,,,,,,0,0,0,0,0,0,0,0,0,0,0,0,0,0,0,0,0,0,0,0,0,0,0,0,0,0,0,0,0,0,0,0,0,0,0,0,0,0,0,0,0,0,0,0,0,0,0,0,0,0,0,
2,8_4,10_55_45,5.5008,0,1,0,0.4983997,Baseline,2.229,0.60724,-2.133,358.5576,331.0966,0,0.0000,0.0000,0.0000,0.0000,0.0000,0.0000,0,0,,,,,,,0,0,0,0,0,0,0,0,0,0,0,0,0,0,0,0,0,0,0,0,0,0,0,0,0,0,0,0,0,0,0,0,0,0,0,0,0,0,0,0,0,0,0,0,0,0,0,0,0,0,0,
2,8_4,10_55_45,5.5042,0,1,0,0.5018659,Baseline,2.229,0.60724,-2.133,358.5576,331.0966,0,0.0000,0.0000,0.0000,0.0000,0.0000,0.0000,0,0,,,,,,,0,0,0,0,0,0,0,0,0,0,0,0,0,0,0,0,0,0,0,0,0,0,0,0,0,0,0,0,0,0,0,0,0,0,0,0,0,0,0,0,0,0,0,0,0,0,0,0,0,0,0,
2,8_4,10_55_45,5.5079,0,1,0,0.5054917,Baseline,2.229,0.60724,-2.133,358.5576,331.0966,0,0.0000,0.0000,0.0000,0.0000,0.0000,0.0000,0,0,,,,,,,0,0,0,0,0,0,0,0,0,0,0,0,0,0,0,0,0,0,0,0,0,0,0,0,0,0,0,0,0,0,0,0,0,0,0,0,0,0,0,0,0,0,0,0,0,0,0,0,0,0,0,
2,8_4,10_55_45,5.5117,0,1,0,0.5093493,Baseline,2.229,0.60724,-2.133,358.5576,331.0966,0,0.0000,0.0000,0.0000,0.0000,0.0000,0.0000,0,0,,,,,,,0,0,0,0,0,0,0,0,0,0,0,0,0,0,0,0,0,0,0,0,0,0,0,0,0,0,0,0,0,0,0,0,0,0,0,0,0,0,0,0,0,0,0,0,0,0,0,0,0,0,0,
2,8_4,10_55_45,5.5153,0,1,0,0.5129066,Baseline,2.229,0.60724,-2.133,358.5576,331.0966,0,0.0000,0.0000,0.0000,0.0000,0.0000,0.0000,0,0,,,,,,,0,0,0,0,0,0,0,0,0,0,0,0,0,0,0,0,0,0,0,0,0,0,0,0,0,0,0,0,0,0,0,0,0,0,0,0,0,0,0,0,0,0,0,0,0,0,0,0,0,0,0,
2,8_4,10_55_45,5.5186,0,1,0,0.5162463,Baseline,2.229,0.60724,-2.133,358.5576,331.0966,0,0.0000,0.0000,0.0000,0.0000,0.0000,0.0000,0,0,,,,,,,0,0,0,0,0,0,0,0,0,0,0,0,0,0,0,0,0,0,0,0,0,0,0,0,0,0,0,0,0,0,0,0,0,0,0,0,0,0,0,0,0,0,0,0,0,0,0,0,0,0,0,
2,8_4,10_55_45,5.5222,0,1,0,0.5198202,Baseline,2.229,0.60724,-2.133,358.5576,331.0966,0,0.0000,0.0000,0.0000,0.0000,0.0000,0.0000,0,0,,,,,,,0,0,0,0,0,0,0,0,0,0,0,0,0,0,0,0,0,0,0,0,0,0,0,0,0,0,0,0,0,0,0,0,0,0,0,0,0,0,0,0,0,0,0,0,0,0,0,0,0,0,0,
2,8_4,10_55_45,5.5260,0,1,0,0.5235815,Baseline,2.229,0.60724,-2.133,358.5576,331.0966,0,0.0000,0.0000,0.0000,0.0000,0.0000,0.0000,0,0,,,,,,,0,0,0,0,0,0,0,0,0,0,0,0,0,0,0,0,0,0,0,0,0,0,0,0,0,0,0,0,0,0,0,0,0,0,0,0,0,0,0,0,0,0,0,0,0,0,0,0,0,0,0,
2,8_4,10_55_45,5.5293,0,1,0,0.5268941,Baseline,2.229,0.60724,-2.133,358.5576,331.0966,0,0.0000,0.0000,0.0000,0.0000,0.0000,0.0000,0,0,,,,,,,0,0,0,0,0,0,0,0,0,0,0,0,0,0,0,0,0,0,0,0,0,0,0,0,0,0,0,0,0,0,0,0,0,0,0,0,0,0,0,0,0,0,0,0,0,0,0,0,0,0,0,
2,8_4,10_55_45,5.7481,0,1,0,0.7457685,Baseline,2.229,0.60724,-2.133,358.5576,331.0966,0,0.0000,0.0000,0.0000,0.0000,0.0000,0.0000,0,0,,,,,,,0,0,0,0,0,0,0,0,0,0,0,0,0,0,0,0,0,0,0,0,0,0,0,0,0,0,0,0,0,0,0,0,0,0,0,0,0,0,0,0,0,0,0,0,0,0,0,0,0,0,0,
