SubjectID,Date,LocalTime,UnityTime,Phase,Trial,Step,TrialTimePassed,gazeOriginX,gazeOriginY,gazeOriginZ,gazeDirectionX,gazeDirectionY,gazeDirectionZ,leftPupil,rightPupil,combinedPupil,baselineCorrected,hitX,hitY,hitZ,objectName,EYE_EXPRESSION_LEFT_BLINK_HTC,EYE_EXPRESSION_LEFT_WIDE_HTC,EYE_EXPRESSION_RIGHT_BLINK_HTC,EYE_EXPRESSION_RIGHT_WIDE_HTC,EYE_EXPRESSION_LEFT_SQUEEZE_HTC,EYE_EXPRESSION_RIGHT_SQUEEZE_HTC,EYE_EXPRESSION_LEFT_DOWN_HTC,EYE_EXPRESSION_RIGHT_DOWN_HTC,EYE_EXPRESSION_LEFT_OUT_HTC,EYE_EXPRESSION_RIGHT_IN_HTC,EYE_EXPRESSION_LEFT_IN_HTC,EYE_EXPRESSION_RIGHT_OUT_HTC,EYE_EXPRESSION_LEFT_UP_HTC,EYE_EXPRESSION_RIGHT_UP_HTC,XR_LIP_EXPRESSION_JAW_RIGHT_HTC,XR_LIP_EXPRESSION_JAW_LEFT_HTC,XR_LIP_EXPRESSION_JAW_FORWARD_HTC,XR_LIP_EXPRESSION_JAW_OPEN_HTC,XR_LIP_EXPRESSION_MOUTH_APE_SHAPE_HTC,XR_LIP_EXPRESSION_MOUTH_UPPER_RIGHT_HTC,XR_LIP_EXPRESSION_MOUTH_UPPER_LEFT_HTC,XR_LIP_EXPRESSION_MOUTH_LOWER_RIGHT_HTC,XR_LIP_EXPRESSION_MOUTH_LOWER_LEFT_HTC,XR_LIP_EXPRESSION_MOUTH_UPPER_OVERTURN_HTC,XR_LIP_EXPRESSION_MOUTH_LOWER_OVERTURN_HTC,XR_LIP_EXPRESSION_MOUTH_POUT_HTC,XR_LIP_EXPRESSION_MOUTH_RAISER_RIGHT_HTC,XR_LIP_EXPRESSION_MOUTH_RAISER_LEFT_HTC,XR_LIP_EXPRESSION_MOUTH_STRETCHER_RIGHT_HTC,XR_LIP_EXPRESSION_MOUTH_STRETCHER_LEFT_HTC,XR_LIP_EXPRESSION_CHEEK_PUFF_RIGHT_HTC,XR_LIP_EXPRESSION_CHEEK_PUFF_LEFT_HTC,XR_LIP_EXPRESSION_CHEEK_SUCK_HTC,XR_LIP_EXPRESSION_MOUTH_UPPER_UPRIGHT_HTC,XR_LIP_EXPRESSION_MOUTH_UPPER_UPLEFT_HTC,XR_LIP_EXPRESSION_MOUTH_LOWER_DOWNRIGHT_HTC,XR_LIP_EXPRESSION_MOUTH_LOWER_DOWNLEFT_HTC,XR_LIP_EXPRESSION_MOUTH_UPPER_INSIDE_HTC,XR_LIP_EXPRESSION_MOUTH_LOWER_INSIDE_HTC,XR_LIP_EXPRESSION_MOUTH_LOWER_OVERLAY_HTC,XR_LIP_EXPRESSION_TONGUE_LONGSTEP1_HTC,XR_LIP_EXPRESSION_TONGUE_LEFT_HTC,XR_LIP_EXPRESSION_TONGUE_RIGHT_HTC,XR_LIP_EXPRESSION_TONGUE_UP_HTC,XR_LIP_EXPRESSION_TONGUE_DOWN_HTC,XR_LIP_EXPRESSION_TONGUE_ROLL_HTC,XR_LIP_EXPRESSION_TONGUE_LONGSTEP2_HTC,XR_LIP_EXPRESSION_TONGUE_UPRIGHT_MORPH_HTC,XR_LIP_EXPRESSION_TONGUE_UPLEFT_MORPH_HTC,XR_LIP_EXPRESSION_TONGUE_DOWNRIGHT_MORPH_HTC,XR_LIP_EXPRESSION_TONGUE_DOWNLEFT_MORPH_HTC,
Participant,7_3,11_49_48,0.0000,0,0,0,0,0.0000,0.0000,0.0000,0.0000,0.0000,0.0000,3.499931,3.479165,3.489548,,,,,,0,0,0,0,0,0,0,0,0,0,0,0,0,0,0,0,0,0,0,0,0,0,0,0,0,0,0,0,0,0,0,0,0,0,0,0,0,0,0,0,0,0,0,0,0,0,0,0,0,0,0,
Participant,7_3,11_49_49,0.0200,0,0,0,0.01999999,0.0000,0.0000,0.0000,0.0000,0.0000,0.0000,3.518912,3.523396,3.521154,,,,,,0,0,0,0,0,0,0,0,0,0,0,0,0,0,0,0,0,0,0,0,0,0,0,0,0,0,0,0,0,0,0,0,0,0,0,0,0,0,0,0,0,0,0,0,0,0,0,0,0,0,0,
Participant,7_3,11_49_49,0.0664,0,0,0,0.0664399,0.0000,0.0000,0.0000,0.0000,0.0000,0.0000,3.531421,3.540295,3.535858,,,,,,0,0,0,0,0,0,0,0,0,0,0,0,0,0,0,0,0,0,0,0,0,0,0,0,0,0,0,0,0,0,0,0,0,0,0,0,0,0,0,0,0,0,0,0,0,0,0,0,0,0,0,
Participant,7_3,11_49_49,0.0741,0,0,0,0.07413669,0.0000,0.0000,0.0000,0.0000,0.0000,0.0000,3.529843,3.516617,3.52323,,,,,,0,0,0,0,0,0,0,0,0,0,0,0,0,0,0,0,0,0,0,0,0,0,0,0,0,0,0,0,0,0,0,0,0,0,0,0,0,0,0,0,0,0,0,0,0,0,0,0,0,0,0,
Participant,7_3,11_49_49,0.0775,0,0,0,0.07747699,0.0000,0.0000,0.0000,0.0000,0.0000,0.0000,3.515538,3.555493,3.535516,,,,,,0,0,0,0,0,0,0,0,0,0,0,0,0,0,0,0,0,0,0,0,0,0,0,0,0,0,0,0,0,0,0,0,0,0,0,0,0,0,0,0,0,0,0,0,0,0,0,0,0,0,0,
Participant,7_3,11_49_49,0.0811,0,0,0,0.08111599,0.0000,0.0000,0.0000,0.0000,0.0000,0.0000,3.561922,3.562993,3.562457,,,,,,0,0,0,0,0,0,0,0,0,0,0,0,0,0,0,0,0,0,0,0,0,0,0,0,0,0,0,0,0,0,0,0,0,0,0,0,0,0,0,0,0,0,0,0,0,0,0,0,0,0,0,
Participant,7_3,11_49_49,0.0847,0,0,0,0.0846791,0.0000,0.0000,0.0000,0.0000,0.0000,0.0000,3.518872,3.529876,3.524374,,,,,,0,0,0,0,0,0,0,0,0,0,0,0,0,0,0,0,0,0,0,0,0,0,0,0,0,0,0,0,0,0,0,0,0,0,0,0,0,0,0,0,0,0,0,0,0,0,0,0,0,0,0,
Participant,7_3,11_49_49,0.0882,0,0,0,0.08824989,0.0000,0.0000,0.0000,0.0000,0.0000,0.0000,3.54457,3.554197,3.549384,,,,,,0,0,0,0,0,0,0,0,0,0,0,0,0,0,0,0,0,0,0,0,0,0,0,0,0,0,0,0,0,0,0,0,0,0,0,0,0,0,0,0,0,0,0,0,0,0,0,0,0,0,0,
Participant,7_3,11_49_49,0.0915,0,0,0,0.09151719,0.0000,0.0000,0.0000,0.0000,0.0000,0.0000,3.519522,3.534997,3.52726,,,,,,0,0,0,0,0,0,0,0,0,0,0,0,0,0,0,0,0,0,0,0,0,0,0,0,0,0,0,0,0,0,0,0,0,0,0,0,0,0,0,0,0,0,0,0,0,0,0,0,0,0,0,
Participant,7_3,11_49_49,0.0953,0,0,0,0.09526709,0.0000,0.0000,0.0000,0.0000,0.0000,0.0000,3.559681,3.559246,3.559464,,,,,,0,0,0,0,0,0,0,0,0,0,0,0,0,0,0,0,0,0,0,0,0,0,0,0,0,0,0,0,0,0,0,0,0,0,0,0,0,0,0,0,0,0,0,0,0,0,0,0,0,0,0,
Participant,7_3,11_49_49,0.0985,0,0,0,0.09854319,0.0000,0.0000,0.0000,0.0000,0.0000,0.0000,3.524637,3.568743,3.54669,,,,,,0,0,0,0,0,0,0,0,0,0,0,0,0,0,0,0,0,0,0,0,0,0,0,0,0,0,0,0,0,0,0,0,0,0,0,0,0,0,0,0,0,0,0,0,0,0,0,0,0,0,0,
Participant,7_3,11_49_49,0.1090,0,0,0,0.1089989,0.0000,0.0000,0.0000,0.0000,0.0000,0.0000,3.571923,3.580871,3.576397,,,,,,0,0,0,0,0,0,0,0,0,0,0,0,0,0,0,0,0,0,0,0,0,0,0,0,0,0,0,0,0,0,0,0,0,0,0,0,0,0,0,0,0,0,0,0,0,0,0,0,0,0,0,
Participant,7_3,11_49_49,0.1168,0,0,0,0.1168287,0.0000,0.0000,0.0000,0.0000,0.0000,0.0000,3.558201,3.57859,3.568396,,,,,,0,0,0,0,0,0,0,0,0,0,0,0,0,0,0,0,0,0,0,0,0,0,0,0,0,0,0,0,0,0,0,0,0,0,0,0,0,0,0,0,0,0,0,0,0,0,0,0,0,0,0,
Participant,7_3,11_49_49,0.1202,0,0,0,0.1201582,0.0000,0.0000,0.0000,0.0000,0.0000,0.0000,3.584533,3.532352,3.558443,,,,,,0,0,0,0,0,0,0,0,0,0,0,0,0,0,0,0,0,0,0,0,0,0,0,0,0,0,0,0,0,0,0,0,0,0,0,0,0,0,0,0,0,0,0,0,0,0,0,0,0,0,0,
Participant,7_3,11_49_49,0.1237,0,0,0,0.123694,0.0000,0.0000,0.0000,0.0000,0.0000,0.0000,3.558052,3.555253,3.556653,,,,,,0,0,0,0,0,0,0,0,0,0,0,0,0,0,0,0,0,0,0,0,0,0,0,0,0,0,0,0,0,0,0,0,0,0,0,0,0,0,0,0,0,0,0,0,0,0,0,0,0,0,0,
Participant,7_3,11_49_49,0.1270,0,0,0,0.1270076,0.0000,0.0000,0.0000,0.0000,0.0000,0.0000,3.58557,3.552611,3.569091,,,,,,0,0,0,0,0,0,0,0,0,0,0,0,0,0,0,0,0,0,0,0,0,0,0,0,0,0,0,0,0,0,0,0,0,0,0,0,0,0,0,0,0,0,0,0,0,0,0,0,0,0,0,
Participant,7_3,11_49_49,0.1303,0,0,0,0.1303459,0.0000,0.0000,0.0000,0.0000,0.0000,0.0000,3.590985,3.558802,3.574893,,,,,,0,0,0,0,0,0,0,0,0,0,0,0,0,0,0,0,0,0,0,0,0,0,0,0,0,0,0,0,0,0,0,0,0,0,0,0,0,0,0,0,0,0,0,0,0,0,0,0,0,0,0,
Participant,7_3,11_49_49,0.1339,0,0,0,0.1339298,0.0000,0.0000,0.0000,0.0000,0.0000,0.0000,3.554428,3.573192,3.56381,,,,,,0,0,0,0,0,0,0,0,0,0,0,0,0,0,0,0,0,0,0,0,0,0,0,0,0,0,0,0,0,0,0,0,0,0,0,0,0,0,0,0,0,0,0,0,0,0,0,0,0,0,0,
Participant,7_3,11_49_49,0.1374,0,0,0,0.1373559,0.0000,0.0000,0.0000,0.0000,0.0000,0.0000,3.578509,3.576386,3.577447,,,,,,0,0,0,0,0,0,0,0,0,0,0,0,0,0,0,0,0,0,0,0,0,0,0,0,0,0,0,0,0,0,0,0,0,0,0,0,0,0,0,0,0,0,0,0,0,0,0,0,0,0,0,
Participant,7_3,11_49_49,0.1408,0,0,0,0.1407666,0.0000,0.0000,0.0000,0.0000,0.0000,0.0000,3.573487,3.572713,3.5731,,,,,,0,0,0,0,0,0,0,0,0,0,0,0,0,0,0,0,0,0,0,0,0,0,0,0,0,0,0,0,0,0,0,0,0,0,0,0,0,0,0,0,0,0,0,0,0,0,0,0,0,0,0,
Participant,7_3,11_49_49,0.1445,0,0,0,0.1444755,0.0000,0.0000,0.0000,0.0000,0.0000,0.0000,3.597213,3.577017,3.587115,,,,,,0,0,0,0,0,0,0,0,0,0,0,0,0,0,0,0,0,0,0,0,0,0,0,0,0,0,0,0,0,0,0,0,0,0,0,0,0,0,0,0,0,0,0,0,0,0,0,0,0,0,0,
Participant,7_3,11_49_49,0.1480,0,0,0,0.1480003,0.0000,0.0000,0.0000,0.0000,0.0000,0.0000,3.584643,3.576495,3.580569,,,,,,0,0,0,0,0,0,0,0,0,0,0,0,0,0,0,0,0,0,0,0,0,0,0,0,0,0,0,0,0,0,0,0,0,0,0,0,0,0,0,0,0,0,0,0,0,0,0,0,0,0,0,
Participant,7_3,11_49_49,0.1517,0,0,0,0.1517318,0.0000,0.0000,0.0000,0.0000,0.0000,0.0000,3.567417,3.545181,3.556299,,,,,,0,0,0,0,0,0,0,0,0,0,0,0,0,0,0,0,0,0,0,0,0,0,0,0,0,0,0,0,0,0,0,0,0,0,0,0,0,0,0,0,0,0,0,0,0,0,0,0,0,0,0,
Participant,7_3,11_49_49,0.1551,0,0,0,0.155121,0.0000,0.0000,0.0000,0.0000,0.0000,0.0000,3.576586,3.562034,3.56931,,,,,,0,0,0,0,0,0,0,0,0,0,0,0,0,0,0,0,0,0,0,0,0,0,0,0,0,0,0,0,0,0,0,0,0,0,0,0,0,0,0,0,0,0,0,0,0,0,0,0,0,0,0,
Participant,7_3,11_49_49,0.1584,0,0,0,0.158408,0.0000,0.0000,0.0000,0.0000,0.0000,0.0000,3.575484,3.579133,3.577308,,,,,,0,0,0,0,0,0,0,0,0,0,0,0,0,0,0,0,0,0,0,0,0,0,0,0,0,0,0,0,0,0,0,0,0,0,0,0,0,0,0,0,0,0,0,0,0,0,0,0,0,0,0,
Participant,7_3,11_49_49,0.1617,0,0,0,0.161701,0.0000,0.0000,0.0000,0.0000,0.0000,0.0000,3.606299,3.56722,3.58676,,,,,,0,0,0,0,0,0,0,0,0,0,0,0,0,0,0,0,0,0,0,0,0,0,0,0,0,0,0,0,0,0,0,0,0,0,0,0,0,0,0,0,0,0,0,0,0,0,0,0,0,0,0,
Participant,7_3,11_49_49,0.1653,0,0,0,0.1652999,0.0000,0.0000,0.0000,0.0000,0.0000,0.0000,3.566949,3.578393,3.572671,,,,,,0,0,0,0,0,0,0,0,0,0,0,0,0,0,0,0,0,0,0,0,0,0,0,0,0,0,0,0,0,0,0,0,0,0,0,0,0,0,0,0,0,0,0,0,0,0,0,0,0,0,0,
Participant,7_3,11_49_49,0.1686,0,0,0,0.1685598,0.0000,0.0000,0.0000,0.0000,0.0000,0.0000,3.586874,3.593204,3.590039,,,,,,0,0,0,0,0,0,0,0,0,0,0,0,0,0,0,0,0,0,0,0,0,0,0,0,0,0,0,0,0,0,0,0,0,0,0,0,0,0,0,0,0,0,0,0,0,0,0,0,0,0,0,
Participant,7_3,11_49_49,0.1718,0,0,0,0.1718186,0.0000,0.0000,0.0000,0.0000,0.0000,0.0000,3.557934,3.612884,3.585409,,,,,,0,0,0,0,0,0,0,0,0,0,0,0,0,0,0,0,0,0,0,0,0,0,0,0,0,0,0,0,0,0,0,0,0,0,0,0,0,0,0,0,0,0,0,0,0,0,0,0,0,0,0,
Participant,7_3,11_49_49,0.1752,0,0,0,0.1751595,0.0000,0.0000,0.0000,0.0000,0.0000,0.0000,3.564991,3.597488,3.58124,,,,,,0,0,0,0,0,0,0,0,0,0,0,0,0,0,0,0,0,0,0,0,0,0,0,0,0,0,0,0,0,0,0,0,0,0,0,0,0,0,0,0,0,0,0,0,0,0,0,0,0,0,0,
Participant,7_3,11_49_49,0.1784,0,0,0,0.1784365,0.0000,0.0000,0.0000,0.0000,0.0000,0.0000,3.617044,3.602748,3.609896,,,,,,0,0,0,0,0,0,0,0,0,0,0,0,0,0,0,0,0,0,0,0,0,0,0,0,0,0,0,0,0,0,0,0,0,0,0,0,0,0,0,0,0,0,0,0,0,0,0,0,0,0,0,
Participant,7_3,11_49_49,0.1818,0,0,0,0.1817528,0.0000,0.0000,0.0000,0.0000,0.0000,0.0000,3.613149,3.569862,3.591506,,,,,,0,0,0,0,0,0,0,0,0,0,0,0,0,0,0,0,0,0,0,0,0,0,0,0,0,0,0,0,0,0,0,0,0,0,0,0,0,0,0,0,0,0,0,0,0,0,0,0,0,0,0,
Participant,7_3,11_49_49,0.1854,0,0,0,0.1854185,0.0000,0.0000,0.0000,0.0000,0.0000,0.0000,3.565691,3.574515,3.570103,,,,,,0,0,0,0,0,0,0,0,0,0,0,0,0,0,0,0,0,0,0,0,0,0,0,0,0,0,0,0,0,0,0,0,0,0,0,0,0,0,0,0,0,0,0,0,0,0,0,0,0,0,0,
Participant,7_3,11_49_49,0.1888,0,0,0,0.1887999,0.0000,0.0000,0.0000,0.0000,0.0000,0.0000,3.612701,3.602343,3.607522,,,,,,0,0,0,0,0,0,0,0,0,0,0,0,0,0,0,0,0,0,0,0,0,0,0,0,0,0,0,0,0,0,0,0,0,0,0,0,0,0,0,0,0,0,0,0,0,0,0,0,0,0,0,
Participant,7_3,11_49_49,0.1922,0,0,0,0.192196,0.0000,0.0000,0.0000,0.0000,0.0000,0.0000,3.606196,3.571647,3.588922,,,,,,0,0,0,0,0,0,0,0,0,0,0,0,0,0,0,0,0,0,0,0,0,0,0,0,0,0,0,0,0,0,0,0,0,0,0,0,0,0,0,0,0,0,0,0,0,0,0,0,0,0,0,
Participant,7_3,11_49_49,0.1956,0,0,0,0.1955536,0.0000,0.0000,0.0000,0.0000,0.0000,0.0000,3.588998,3.622764,3.605881,,,,,,0,0,0,0,0,0,0,0,0,0,0,0,0,0,0,0,0,0,0,0,0,0,0,0,0,0,0,0,0,0,0,0,0,0,0,0,0,0,0,0,0,0,0,0,0,0,0,0,0,0,0,
Participant,7_3,11_49_49,0.1991,0,0,0,0.19907,0.0000,0.0000,0.0000,0.0000,0.0000,0.0000,3.609486,3.618458,3.613972,,,,,,0,0,0,0,0,0,0,0,0,0,0,0,0,0,0,0,0,0,0,0,0,0,0,0,0,0,0,0,0,0,0,0,0,0,0,0,0,0,0,0,0,0,0,0,0,0,0,0,0,0,0,
Participant,7_3,11_49_49,0.2048,0,0,0,0.2048075,0.0000,0.0000,0.0000,0.0000,0.0000,0.0000,3.609186,3.586105,3.597646,,,,,,0,0,0,0,0,0,0,0,0,0,0,0,0,0,0,0,0,0,0,0,0,0,0,0,0,0,0,0,0,0,0,0,0,0,0,0,0,0,0,0,0,0,0,0,0,0,0,0,0,0,0,
Participant,7_3,11_49_49,0.2085,0,0,0,0.2085457,0.0000,0.0000,0.0000,0.0000,0.0000,0.0000,3.581942,3.617196,3.599569,,,,,,0,0,0,0,0,0,0,0,0,0,0,0,0,0,0,0,0,0,0,0,0,0,0,0,0,0,0,0,0,0,0,0,0,0,0,0,0,0,0,0,0,0,0,0,0,0,0,0,0,0,0,
Participant,7_3,11_49_49,0.2120,0,0,0,0.2119603,0.0000,0.0000,0.0000,0.0000,0.0000,0.0000,3.60496,3.626369,3.615665,,,,,,0,0,0,0,0,0,0,0,0,0,0,0,0,0,0,0,0,0,0,0,0,0,0,0,0,0,0,0,0,0,0,0,0,0,0,0,0,0,0,0,0,0,0,0,0,0,0,0,0,0,0,
Participant,7_3,11_49_49,0.2157,0,0,0,0.2157446,0.0000,0.0000,0.0000,0.0000,0.0000,0.0000,3.595609,3.621012,3.60831,,,,,,0,0,0,0,0,0,0,0,0,0,0,0,0,0,0,0,0,0,0,0,0,0,0,0,0,0,0,0,0,0,0,0,0,0,0,0,0,0,0,0,0,0,0,0,0,0,0,0,0,0,0,
Participant,7_3,11_49_49,0.2191,0,0,0,0.2190677,0.0000,0.0000,0.0000,0.0000,0.0000,0.0000,3.586454,3.615927,3.60119,,,,,,0,0,0,0,0,0,0,0,0,0,0,0,0,0,0,0,0,0,0,0,0,0,0,0,0,0,0,0,0,0,0,0,0,0,0,0,0,0,0,0,0,0,0,0,0,0,0,0,0,0,0,
Participant,7_3,11_49_49,0.2225,0,0,0,0.2224663,0.0000,0.0000,0.0000,0.0000,0.0000,0.0000,3.590148,3.627416,3.608782,,,,,,0,0,0,0,0,0,0,0,0,0,0,0,0,0,0,0,0,0,0,0,0,0,0,0,0,0,0,0,0,0,0,0,0,0,0,0,0,0,0,0,0,0,0,0,0,0,0,0,0,0,0,
Participant,7_3,11_49_49,0.2260,0,0,0,0.2260179,0.0000,0.0000,0.0000,0.0000,0.0000,0.0000,3.607773,3.597443,3.602608,,,,,,0,0,0,0,0,0,0,0,0,0,0,0,0,0,0,0,0,0,0,0,0,0,0,0,0,0,0,0,0,0,0,0,0,0,0,0,0,0,0,0,0,0,0,0,0,0,0,0,0,0,0,
Participant,7_3,11_49_49,0.2293,0,0,0,0.2293329,0.0000,0.0000,0.0000,0.0000,0.0000,0.0000,3.618505,3.58285,3.600677,,,,,,0,0,0,0,0,0,0,0,0,0,0,0,0,0,0,0,0,0,0,0,0,0,0,0,0,0,0,0,0,0,0,0,0,0,0,0,0,0,0,0,0,0,0,0,0,0,0,0,0,0,0,
Participant,7_3,11_49_49,0.2327,0,0,0,0.2327364,0.0000,0.0000,0.0000,0.0000,0.0000,0.0000,3.607671,3.600206,3.603938,,,,,,0,0,0,0,0,0,0,0,0,0,0,0,0,0,0,0,0,0,0,0,0,0,0,0,0,0,0,0,0,0,0,0,0,0,0,0,0,0,0,0,0,0,0,0,0,0,0,0,0,0,0,
Participant,7_3,11_49_49,0.2361,0,0,0,0.236074,0.0000,0.0000,0.0000,0.0000,0.0000,0.0000,3.586183,3.621417,3.6038,,,,,,0,0,0,0,0,0,0,0,0,0,0,0,0,0,0,0,0,0,0,0,0,0,0,0,0,0,0,0,0,0,0,0,0,0,0,0,0,0,0,0,0,0,0,0,0,0,0,0,0,0,0,
Participant,7_3,11_49_49,0.2395,0,0,0,0.239507,0.0000,0.0000,0.0000,0.0000,0.0000,0.0000,3.635481,3.609341,3.622411,,,,,,0,0,0,0,0,0,0,0,0,0,0,0,0,0,0,0,0,0,0,0,0,0,0,0,0,0,0,0,0,0,0,0,0,0,0,0,0,0,0,0,0,0,0,0,0,0,0,0,0,0,0,
Participant,7_3,11_49_49,0.2430,0,0,0,0.2429673,0.0000,0.0000,0.0000,0.0000,0.0000,0.0000,3.612692,3.60869,3.610691,,,,,,0,0,0,0,0,0,0,0,0,0,0,0,0,0,0,0,0,0,0,0,0,0,0,0,0,0,0,0,0,0,0,0,0,0,0,0,0,0,0,0,0,0,0,0,0,0,0,0,0,0,0,
Participant,7_3,11_49_49,0.2465,0,0,0,0.2464873,0.0000,0.0000,0.0000,0.0000,0.0000,0.0000,3.629997,3.637964,3.63398,,,,,,0,0,0,0,0,0,0,0,0,0,0,0,0,0,0,0,0,0,0,0,0,0,0,0,0,0,0,0,0,0,0,0,0,0,0,0,0,0,0,0,0,0,0,0,0,0,0,0,0,0,0,
Participant,7_3,11_49_49,0.2498,0,0,0,0.249802,0.0000,0.0000,0.0000,0.0000,0.0000,0.0000,3.593855,3.599506,3.596681,,,,,,0,0,0,0,0,0,0,0,0,0,0,0,0,0,0,0,0,0,0,0,0,0,0,0,0,0,0,0,0,0,0,0,0,0,0,0,0,0,0,0,0,0,0,0,0,0,0,0,0,0,0,
Participant,7_3,11_49_49,0.2532,0,0,0,0.2531912,0.0000,0.0000,0.0000,0.0000,0.0000,0.0000,3.621357,3.612992,3.617175,,,,,,0,0,0,0,0,0,0,0,0,0,0,0,0,0,0,0,0,0,0,0,0,0,0,0,0,0,0,0,0,0,0,0,0,0,0,0,0,0,0,0,0,0,0,0,0,0,0,0,0,0,0,
Participant,7_3,11_49_49,0.2566,0,0,0,0.2566247,0.0000,0.0000,0.0000,0.0000,0.0000,0.0000,3.62059,3.621965,3.621277,,,,,,0,0,0,0,0,0,0,0,0,0,0,0,0,0,0,0,0,0,0,0,0,0,0,0,0,0,0,0,0,0,0,0,0,0,0,0,0,0,0,0,0,0,0,0,0,0,0,0,0,0,0,
Participant,7_3,11_49_49,0.2601,0,0,0,0.2600771,0.0000,0.0000,0.0000,0.0000,0.0000,0.0000,3.624509,3.653493,3.639001,,,,,,0,0,0,0,0,0,0,0,0,0,0,0,0,0,0,0,0,0,0,0,0,0,0,0,0,0,0,0,0,0,0,0,0,0,0,0,0,0,0,0,0,0,0,0,0,0,0,0,0,0,0,
Participant,7_3,11_49_49,0.2638,0,0,0,0.2637956,0.0000,0.0000,0.0000,0.0000,0.0000,0.0000,3.61944,3.650547,3.634994,,,,,,0,0,0,0,0,0,0,0,0,0,0,0,0,0,0,0,0,0,0,0,0,0,0,0,0,0,0,0,0,0,0,0,0,0,0,0,0,0,0,0,0,0,0,0,0,0,0,0,0,0,0,
Participant,7_3,11_49_49,0.2673,0,0,0,0.2673476,0.0000,0.0000,0.0000,0.0000,0.0000,0.0000,3.605528,3.604598,3.605063,,,,,,0,0,0,0,0,0,0,0,0,0,0,0,0,0,0,0,0,0,0,0,0,0,0,0,0,0,0,0,0,0,0,0,0,0,0,0,0,0,0,0,0,0,0,0,0,0,0,0,0,0,0,
Participant,7_3,11_49_49,0.2707,0,0,0,0.2707366,0.0000,0.0000,0.0000,0.0000,0.0000,0.0000,3.625643,3.620805,3.623224,,,,,,0,0,0,0,0,0,0,0,0,0,0,0,0,0,0,0,0,0,0,0,0,0,0,0,0,0,0,0,0,0,0,0,0,0,0,0,0,0,0,0,0,0,0,0,0,0,0,0,0,0,0,
Participant,7_3,11_49_49,0.2741,0,0,0,0.2741294,0.0000,0.0000,0.0000,0.0000,0.0000,0.0000,3.603132,3.603612,3.603372,,,,,,0,0,0,0,0,0,0,0,0,0,0,0,0,0,0,0,0,0,0,0,0,0,0,0,0,0,0,0,0,0,0,0,0,0,0,0,0,0,0,0,0,0,0,0,0,0,0,0,0,0,0,
Participant,7_3,11_49_49,0.2774,0,0,0,0.2773869,0.0000,0.0000,0.0000,0.0000,0.0000,0.0000,3.638861,3.66153,3.650196,,,,,,0,0,0,0,0,0,0,0,0,0,0,0,0,0,0,0,0,0,0,0,0,0,0,0,0,0,0,0,0,0,0,0,0,0,0,0,0,0,0,0,0,0,0,0,0,0,0,0,0,0,0,
Participant,7_3,11_49_49,0.2806,0,0,0,0.2806431,0.0000,0.0000,0.0000,0.0000,0.0000,0.0000,3.628874,3.63415,3.631512,,,,,,0,0,0,0,0,0,0,0,0,0,0,0,0,0,0,0,0,0,0,0,0,0,0,0,0,0,0,0,0,0,0,0,0,0,0,0,0,0,0,0,0,0,0,0,0,0,0,0,0,0,0,
Participant,7_3,11_49_49,0.2842,0,0,0,0.2841654,0.0000,0.0000,0.0000,0.0000,0.0000,0.0000,3.651133,3.661746,3.656439,,,,,,0,0,0,0,0,0,0,0,0,0,0,0,0,0,0,0,0,0,0,0,0,0,0,0,0,0,0,0,0,0,0,0,0,0,0,0,0,0,0,0,0,0,0,0,0,0,0,0,0,0,0,
Participant,7_3,11_49_49,0.2875,0,0,0,0.2874699,0.0000,0.0000,0.0000,0.0000,0.0000,0.0000,3.647295,3.639677,3.643486,,,,,,0,0,0,0,0,0,0,0,0,0,0,0,0,0,0,0,0,0,0,0,0,0,0,0,0,0,0,0,0,0,0,0,0,0,0,0,0,0,0,0,0,0,0,0,0,0,0,0,0,0,0,
Participant,7_3,11_49_49,0.2907,0,0,0,0.2907002,0.0000,0.0000,0.0000,0.0000,0.0000,0.0000,3.657182,3.645418,3.6513,,,,,,0,0,0,0,0,0,0,0,0,0,0,0,0,0,0,0,0,0,0,0,0,0,0,0,0,0,0,0,0,0,0,0,0,0,0,0,0,0,0,0,0,0,0,0,0,0,0,0,0,0,0,
Participant,7_3,11_49_49,0.2946,0,0,0,0.2945592,0.0000,0.0000,0.0000,0.0000,0.0000,0.0000,3.622735,3.610311,3.616523,,,,,,0,0,0,0,0,0,0,0,0,0,0,0,0,0,0,0,0,0,0,0,0,0,0,0,0,0,0,0,0,0,0,0,0,0,0,0,0,0,0,0,0,0,0,0,0,0,0,0,0,0,0,
Participant,7_3,11_49_49,0.2980,0,0,0,0.2980478,0.0000,0.0000,0.0000,0.0000,0.0000,0.0000,3.610733,3.656877,3.633805,,,,,,0,0,0,0,0,0,0,0,0,0,0,0,0,0,0,0,0,0,0,0,0,0,0,0,0,0,0,0,0,0,0,0,0,0,0,0,0,0,0,0,0,0,0,0,0,0,0,0,0,0,0,
Participant,7_3,11_49_49,0.3016,0,0,0,0.3015894,0.0000,0.0000,0.0000,0.0000,0.0000,0.0000,3.625466,3.613933,3.619699,,,,,,0,0,0,0,0,0,0,0,0,0,0,0,0,0,0,0,0,0,0,0,0,0,0,0,0,0,0,0,0,0,0,0,0,0,0,0,0,0,0,0,0,0,0,0,0,0,0,0,0,0,0,
Participant,7_3,11_49_49,0.3052,0,0,0,0.3051976,0.0000,0.0000,0.0000,0.0000,0.0000,0.0000,3.635901,3.652109,3.644005,,,,,,0,0,0,0,0,0,0,0,0,0,0,0,0,0,0,0,0,0,0,0,0,0,0,0,0,0,0,0,0,0,0,0,0,0,0,0,0,0,0,0,0,0,0,0,0,0,0,0,0,0,0,
Participant,7_3,11_49_49,0.3086,0,0,0,0.3085909,0.0000,0.0000,0.0000,0.0000,0.0000,0.0000,3.654441,3.643568,3.649004,,,,,,0,0,0,0,0,0,0,0,0,0,0,0,0,0,0,0,0,0,0,0,0,0,0,0,0,0,0,0,0,0,0,0,0,0,0,0,0,0,0,0,0,0,0,0,0,0,0,0,0,0,0,
Participant,7_3,11_49_49,0.3120,0,0,0,0.3119863,0.0000,0.0000,0.0000,0.0000,0.0000,0.0000,3.66127,3.624855,3.643063,,,,,,0,0,0,0,0,0,0,0,0,0,0,0,0,0,0,0,0,0,0,0,0,0,0,0,0,0,0,0,0,0,0,0,0,0,0,0,0,0,0,0,0,0,0,0,0,0,0,0,0,0,0,
Participant,7_3,11_49_49,0.3154,0,0,0,0.3153816,0.0000,0.0000,0.0000,0.0000,0.0000,0.0000,3.65995,3.625468,3.642709,,,,,,0,0,0,0,0,0,0,0,0,0,0,0,0,0,0,0,0,0,0,0,0,0,0,0,0,0,0,0,0,0,0,0,0,0,0,0,0,0,0,0,0,0,0,0,0,0,0,0,0,0,0,
Participant,7_3,11_49_49,0.3189,0,0,0,0.3188937,0.0000,0.0000,0.0000,0.0000,0.0000,0.0000,3.65855,3.655865,3.657207,,,,,,0,0,0,0,0,0,0,0,0,0,0,0,0,0,0,0,0,0,0,0,0,0,0,0,0,0,0,0,0,0,0,0,0,0,0,0,0,0,0,0,0,0,0,0,0,0,0,0,0,0,0,
Participant,7_3,11_49_49,0.3223,0,0,0,0.322292,0.0000,0.0000,0.0000,0.0000,0.0000,0.0000,3.648693,3.650109,3.649401,,,,,,0,0,0,0,0,0,0,0,0,0,0,0,0,0,0,0,0,0,0,0,0,0,0,0,0,0,0,0,0,0,0,0,0,0,0,0,0,0,0,0,0,0,0,0,0,0,0,0,0,0,0,
Participant,7_3,11_49_49,0.3260,0,0,0,0.3259845,0.0000,0.0000,0.0000,0.0000,0.0000,0.0000,3.681285,3.64114,3.661213,,,,,,0,0,0,0,0,0,0,0,0,0,0,0,0,0,0,0,0,0,0,0,0,0,0,0,0,0,0,0,0,0,0,0,0,0,0,0,0,0,0,0,0,0,0,0,0,0,0,0,0,0,0,
Participant,7_3,11_49_49,0.3294,0,0,0,0.329404,0.0000,0.0000,0.0000,0.0000,0.0000,0.0000,3.632699,3.679112,3.655906,,,,,,0,0,0,0,0,0,0,0,0,0,0,0,0,0,0,0,0,0,0,0,0,0,0,0,0,0,0,0,0,0,0,0,0,0,0,0,0,0,0,0,0,0,0,0,0,0,0,0,0,0,0,
Participant,7_3,11_49_49,0.3328,0,0,0,0.3328448,0.0000,0.0000,0.0000,0.0000,0.0000,0.0000,3.626552,3.661116,3.643834,,,,,,0,0,0,0,0,0,0,0,0,0,0,0,0,0,0,0,0,0,0,0,0,0,0,0,0,0,0,0,0,0,0,0,0,0,0,0,0,0,0,0,0,0,0,0,0,0,0,0,0,0,0,
Participant,7_3,11_49_49,0.3363,0,0,0,0.3363097,0.0000,0.0000,0.0000,0.0000,0.0000,0.0000,3.637652,3.671022,3.654337,,,,,,0,0,0,0,0,0,0,0,0,0,0,0,0,0,0,0,0,0,0,0,0,0,0,0,0,0,0,0,0,0,0,0,0,0,0,0,0,0,0,0,0,0,0,0,0,0,0,0,0,0,0,
Participant,7_3,11_49_49,0.3397,0,0,0,0.3397174,0.0000,0.0000,0.0000,0.0000,0.0000,0.0000,3.651294,3.657236,3.654265,,,,,,0,0,0,0,0,0,0,0,0,0,0,0,0,0,0,0,0,0,0,0,0,0,0,0,0,0,0,0,0,0,0,0,0,0,0,0,0,0,0,0,0,0,0,0,0,0,0,0,0,0,0,
Participant,7_3,11_49_49,0.3432,0,0,0,0.3431817,0.0000,0.0000,0.0000,0.0000,0.0000,0.0000,3.657593,3.642229,3.649911,,,,,,0,0,0,0,0,0,0,0,0,0,0,0,0,0,0,0,0,0,0,0,0,0,0,0,0,0,0,0,0,0,0,0,0,0,0,0,0,0,0,0,0,0,0,0,0,0,0,0,0,0,0,
Participant,7_3,11_49_49,0.3469,0,0,0,0.3469199,0.0000,0.0000,0.0000,0.0000,0.0000,0.0000,3.687805,3.666718,3.677262,,,,,,0,0,0,0,0,0,0,0,0,0,0,0,0,0,0,0,0,0,0,0,0,0,0,0,0,0,0,0,0,0,0,0,0,0,0,0,0,0,0,0,0,0,0,0,0,0,0,0,0,0,0,
Participant,7_3,11_49_49,0.3505,0,0,0,0.3505463,0.0000,0.0000,0.0000,0.0000,0.0000,0.0000,3.670398,3.635407,3.652903,,,,,,0,0,0,0,0,0,0,0,0,0,0,0,0,0,0,0,0,0,0,0,0,0,0,0,0,0,0,0,0,0,0,0,0,0,0,0,0,0,0,0,0,0,0,0,0,0,0,0,0,0,0,
Participant,7_3,11_49_49,0.3539,0,0,0,0.3539321,0.0000,0.0000,0.0000,0.0000,0.0000,0.0000,3.639786,3.646995,3.643391,,,,,,0,0,0,0,0,0,0,0,0,0,0,0,0,0,0,0,0,0,0,0,0,0,0,0,0,0,0,0,0,0,0,0,0,0,0,0,0,0,0,0,0,0,0,0,0,0,0,0,0,0,0,
Participant,7_3,11_49_49,0.3573,0,0,0,0.3573313,0.0000,0.0000,0.0000,0.0000,0.0000,0.0000,3.668283,3.69153,3.679906,,,,,,0,0,0,0,0,0,0,0,0,0,0,0,0,0,0,0,0,0,0,0,0,0,0,0,0,0,0,0,0,0,0,0,0,0,0,0,0,0,0,0,0,0,0,0,0,0,0,0,0,0,0,
Participant,7_3,11_49_49,0.3611,0,0,0,0.3611331,0.0000,0.0000,0.0000,0.0000,0.0000,0.0000,3.689174,3.695271,3.692223,,,,,,0,0,0,0,0,0,0,0,0,0,0,0,0,0,0,0,0,0,0,0,0,0,0,0,0,0,0,0,0,0,0,0,0,0,0,0,0,0,0,0,0,0,0,0,0,0,0,0,0,0,0,
Participant,7_3,11_49_49,0.3647,0,0,0,0.3646504,0.0000,0.0000,0.0000,0.0000,0.0000,0.0000,3.680783,3.636791,3.658787,,,,,,0,0,0,0,0,0,0,0,0,0,0,0,0,0,0,0,0,0,0,0,0,0,0,0,0,0,0,0,0,0,0,0,0,0,0,0,0,0,0,0,0,0,0,0,0,0,0,0,0,0,0,
Participant,7_3,11_49_49,0.3680,0,0,0,0.3679628,0.0000,0.0000,0.0000,0.0000,0.0000,0.0000,3.643797,3.65206,3.647929,,,,,,0,0,0,0,0,0,0,0,0,0,0,0,0,0,0,0,0,0,0,0,0,0,0,0,0,0,0,0,0,0,0,0,0,0,0,0,0,0,0,0,0,0,0,0,0,0,0,0,0,0,0,
Participant,7_3,11_49_49,0.3712,0,0,0,0.3712497,0.0000,0.0000,0.0000,0.0000,0.0000,0.0000,3.655291,3.654061,3.654675,,,,,,0,0,0,0,0,0,0,0,0,0,0,0,0,0,0,0,0,0,0,0,0,0,0,0,0,0,0,0,0,0,0,0,0,0,0,0,0,0,0,0,0,0,0,0,0,0,0,0,0,0,0,
Participant,7_3,11_49_49,0.3746,0,0,0,0.3746035,0.0000,0.0000,0.0000,0.0000,0.0000,0.0000,3.661234,3.664392,3.662813,,,,,,0,0,0,0,0,0,0,0,0,0,0,0,0,0,0,0,0,0,0,0,0,0,0,0,0,0,0,0,0,0,0,0,0,0,0,0,0,0,0,0,0,0,0,0,0,0,0,0,0,0,0,
Participant,7_3,11_49_49,0.3781,0,0,0,0.3780542,0.0000,0.0000,0.0000,0.0000,0.0000,0.0000,3.661472,3.680953,3.671213,,,,,,0,0,0,0,0,0,0,0,0,0,0,0,0,0,0,0,0,0,0,0,0,0,0,0,0,0,0,0,0,0,0,0,0,0,0,0,0,0,0,0,0,0,0,0,0,0,0,0,0,0,0,
Participant,7_3,11_49_49,0.3815,0,0,0,0.3814875,0.0000,0.0000,0.0000,0.0000,0.0000,0.0000,3.681011,3.657582,3.669297,,,,,,0,0,0,0,0,0,0,0,0,0,0,0,0,0,0,0,0,0,0,0,0,0,0,0,0,0,0,0,0,0,0,0,0,0,0,0,0,0,0,0,0,0,0,0,0,0,0,0,0,0,0,
Participant,7_3,11_49_49,0.3854,0,0,0,0.3853682,0.0000,0.0000,0.0000,0.0000,0.0000,0.0000,3.703786,3.666117,3.684952,,,,,,0,0,0,0,0,0,0,0,0,0,0,0,0,0,0,0,0,0,0,0,0,0,0,0,0,0,0,0,0,0,0,0,0,0,0,0,0,0,0,0,0,0,0,0,0,0,0,0,0,0,0,
Participant,7_3,11_49_49,0.3887,0,0,0,0.3887042,0.0000,0.0000,0.0000,0.0000,0.0000,0.0000,3.687443,3.683824,3.685634,,,,,,0,0,0,0,0,0,0,0,0,0,0,0,0,0,0,0,0,0,0,0,0,0,0,0,0,0,0,0,0,0,0,0,0,0,0,0,0,0,0,0,0,0,0,0,0,0,0,0,0,0,0,
Participant,7_3,11_49_49,0.3921,0,0,0,0.3920621,0.0000,0.0000,0.0000,0.0000,0.0000,0.0000,3.686378,3.678991,3.682685,,,,,,0,0,0,0,0,0,0,0,0,0,0,0,0,0,0,0,0,0,0,0,0,0,0,0,0,0,0,0,0,0,0,0,0,0,0,0,0,0,0,0,0,0,0,0,0,0,0,0,0,0,0,
Participant,7_3,11_49_49,0.3955,0,0,0,0.3954972,0.0000,0.0000,0.0000,0.0000,0.0000,0.0000,3.651803,3.656607,3.654205,,,,,,0,0,0,0,0,0,0,0,0,0,0,0,0,0,0,0,0,0,0,0,0,0,0,0,0,0,0,0,0,0,0,0,0,0,0,0,0,0,0,0,0,0,0,0,0,0,0,0,0,0,0,
Participant,7_3,11_49_49,0.3990,0,0,0,0.3990316,0.0000,0.0000,0.0000,0.0000,0.0000,0.0000,3.656373,3.650885,3.653629,,,,,,0,0,0,0,0,0,0,0,0,0,0,0,0,0,0,0,0,0,0,0,0,0,0,0,0,0,0,0,0,0,0,0,0,0,0,0,0,0,0,0,0,0,0,0,0,0,0,0,0,0,0,
Participant,7_3,11_49_49,0.4041,0,0,0,0.4041446,0.0000,0.0000,0.0000,0.0000,0.0000,0.0000,3.690669,3.697645,3.694157,,,,,,0,0,0,0,0,0,0,0,0,0,0,0,0,0,0,0,0,0,0,0,0,0,0,0,0,0,0,0,0,0,0,0,0,0,0,0,0,0,0,0,0,0,0,0,0,0,0,0,0,0,0,
Participant,7_3,11_49_49,0.4079,0,0,0,0.4078765,0.0000,0.0000,0.0000,0.0000,0.0000,0.0000,3.697641,3.673548,3.685594,,,,,,0,0,0,0,0,0,0,0,0,0,0,0,0,0,0,0,0,0,0,0,0,0,0,0,0,0,0,0,0,0,0,0,0,0,0,0,0,0,0,0,0,0,0,0,0,0,0,0,0,0,0,
Participant,7_3,11_49_49,0.4116,0,0,0,0.4116236,0.0000,0.0000,0.0000,0.0000,0.0000,0.0000,3.702049,3.693415,3.697732,,,,,,0,0,0,0,0,0,0,0,0,0,0,0,0,0,0,0,0,0,0,0,0,0,0,0,0,0,0,0,0,0,0,0,0,0,0,0,0,0,0,0,0,0,0,0,0,0,0,0,0,0,0,
Participant,7_3,11_49_49,0.4152,0,0,0,0.4151507,0.0000,0.0000,0.0000,0.0000,0.0000,0.0000,3.67462,3.690818,3.682719,,,,,,0,0,0,0,0,0,0,0,0,0,0,0,0,0,0,0,0,0,0,0,0,0,0,0,0,0,0,0,0,0,0,0,0,0,0,0,0,0,0,0,0,0,0,0,0,0,0,0,0,0,0,
Participant,7_3,11_49_49,0.4185,0,0,0,0.4184831,0.0000,0.0000,0.0000,0.0000,0.0000,0.0000,3.661243,3.702286,3.681765,,,,,,0,0,0,0,0,0,0,0,0,0,0,0,0,0,0,0,0,0,0,0,0,0,0,0,0,0,0,0,0,0,0,0,0,0,0,0,0,0,0,0,0,0,0,0,0,0,0,0,0,0,0,
Participant,7_3,11_49_49,0.4219,0,0,0,0.4218528,0.0000,0.0000,0.0000,0.0000,0.0000,0.0000,3.690917,3.688966,3.689942,,,,,,0,0,0,0,0,0,0,0,0,0,0,0,0,0,0,0,0,0,0,0,0,0,0,0,0,0,0,0,0,0,0,0,0,0,0,0,0,0,0,0,0,0,0,0,0,0,0,0,0,0,0,
Participant,7_3,11_49_49,0.4255,0,0,0,0.4254624,0.0000,0.0000,0.0000,0.0000,0.0000,0.0000,3.711806,3.672475,3.692141,,,,,,0,0,0,0,0,0,0,0,0,0,0,0,0,0,0,0,0,0,0,0,0,0,0,0,0,0,0,0,0,0,0,0,0,0,0,0,0,0,0,0,0,0,0,0,0,0,0,0,0,0,0,
Participant,7_3,11_49_49,0.4289,0,0,0,0.4288676,0.0000,0.0000,0.0000,0.0000,0.0000,0.0000,3.681705,3.662961,3.672333,,,,,,0,0,0,0,0,0,0,0,0,0,0,0,0,0,0,0,0,0,0,0,0,0,0,0,0,0,0,0,0,0,0,0,0,0,0,0,0,0,0,0,0,0,0,0,0,0,0,0,0,0,0,
Participant,7_3,11_49_49,0.4324,0,0,0,0.4323582,0.0000,0.0000,0.0000,0.0000,0.0000,0.0000,3.714763,3.669586,3.692175,,,,,,0,0,0,0,0,0,0,0,0,0,0,0,0,0,0,0,0,0,0,0,0,0,0,0,0,0,0,0,0,0,0,0,0,0,0,0,0,0,0,0,0,0,0,0,0,0,0,0,0,0,0,
Participant,7_3,11_49_49,0.4358,0,0,0,0.4357985,0.0000,0.0000,0.0000,0.0000,0.0000,0.0000,3.675855,3.68717,3.681512,,,,,,0,0,0,0,0,0,0,0,0,0,0,0,0,0,0,0,0,0,0,0,0,0,0,0,0,0,0,0,0,0,0,0,0,0,0,0,0,0,0,0,0,0,0,0,0,0,0,0,0,0,0,
Participant,7_3,11_49_49,0.4392,0,0,0,0.439171,0.0000,0.0000,0.0000,0.0000,0.0000,0.0000,3.71912,3.675239,3.697179,,,,,,0,0,0,0,0,0,0,0,0,0,0,0,0,0,0,0,0,0,0,0,0,0,0,0,0,0,0,0,0,0,0,0,0,0,0,0,0,0,0,0,0,0,0,0,0,0,0,0,0,0,0,
Participant,7_3,11_49_49,0.4425,0,0,0,0.4425222,0.0000,0.0000,0.0000,0.0000,0.0000,0.0000,3.707833,3.690879,3.699356,,,,,,0,0,0,0,0,0,0,0,0,0,0,0,0,0,0,0,0,0,0,0,0,0,0,0,0,0,0,0,0,0,0,0,0,0,0,0,0,0,0,0,0,0,0,0,0,0,0,0,0,0,0,
Participant,7_3,11_49_49,0.4462,0,0,0,0.4462103,0.0000,0.0000,0.0000,0.0000,0.0000,0.0000,3.675334,3.714497,3.694915,,,,,,0,0,0,0,0,0,0,0,0,0,0,0,0,0,0,0,0,0,0,0,0,0,0,0,0,0,0,0,0,0,0,0,0,0,0,0,0,0,0,0,0,0,0,0,0,0,0,0,0,0,0,
Participant,7_3,11_49_49,0.4495,0,0,0,0.4494741,0.0000,0.0000,0.0000,0.0000,0.0000,0.0000,3.667951,3.720704,3.694327,,,,,,0,0,0,0,0,0,0,0,0,0,0,0,0,0,0,0,0,0,0,0,0,0,0,0,0,0,0,0,0,0,0,0,0,0,0,0,0,0,0,0,0,0,0,0,0,0,0,0,0,0,0,
Participant,7_3,11_49_49,0.4528,0,0,0,0.4527707,0.0000,0.0000,0.0000,0.0000,0.0000,0.0000,3.716919,3.704386,3.710653,,,,,,0,0,0,0,0,0,0,0,0,0,0,0,0,0,0,0,0,0,0,0,0,0,0,0,0,0,0,0,0,0,0,0,0,0,0,0,0,0,0,0,0,0,0,0,0,0,0,0,0,0,0,
Participant,7_3,11_49_49,0.4562,0,0,0,0.4561801,0.0000,0.0000,0.0000,0.0000,0.0000,0.0000,3.689639,3.708879,3.699259,,,,,,0,0,0,0,0,0,0,0,0,0,0,0,0,0,0,0,0,0,0,0,0,0,0,0,0,0,0,0,0,0,0,0,0,0,0,0,0,0,0,0,0,0,0,0,0,0,0,0,0,0,0,
Participant,7_3,11_49_49,0.4596,0,0,0,0.4595884,0.0000,0.0000,0.0000,0.0000,0.0000,0.0000,3.719637,3.699203,3.70942,,,,,,0,0,0,0,0,0,0,0,0,0,0,0,0,0,0,0,0,0,0,0,0,0,0,0,0,0,0,0,0,0,0,0,0,0,0,0,0,0,0,0,0,0,0,0,0,0,0,0,0,0,0,
Participant,7_3,11_49_49,0.4630,0,0,0,0.4630372,0.0000,0.0000,0.0000,0.0000,0.0000,0.0000,3.727153,3.710661,3.718907,,,,,,0,0,0,0,0,0,0,0,0,0,0,0,0,0,0,0,0,0,0,0,0,0,0,0,0,0,0,0,0,0,0,0,0,0,0,0,0,0,0,0,0,0,0,0,0,0,0,0,0,0,0,
Participant,7_3,11_49_49,0.4668,0,0,0,0.4668498,0.0000,0.0000,0.0000,0.0000,0.0000,0.0000,3.713107,3.729172,3.721139,,,,,,0,0,0,0,0,0,0,0,0,0,0,0,0,0,0,0,0,0,0,0,0,0,0,0,0,0,0,0,0,0,0,0,0,0,0,0,0,0,0,0,0,0,0,0,0,0,0,0,0,0,0,
Participant,7_3,11_49_49,0.4702,0,0,0,0.4701725,0.0000,0.0000,0.0000,0.0000,0.0000,0.0000,3.691227,3.731624,3.711426,,,,,,0,0,0,0,0,0,0,0,0,0,0,0,0,0,0,0,0,0,0,0,0,0,0,0,0,0,0,0,0,0,0,0,0,0,0,0,0,0,0,0,0,0,0,0,0,0,0,0,0,0,0,
Participant,7_3,11_49_49,0.4734,0,0,0,0.4734416,0.0000,0.0000,0.0000,0.0000,0.0000,0.0000,3.727947,3.67814,3.703043,,,,,,0,0,0,0,0,0,0,0,0,0,0,0,0,0,0,0,0,0,0,0,0,0,0,0,0,0,0,0,0,0,0,0,0,0,0,0,0,0,0,0,0,0,0,0,0,0,0,0,0,0,0,
Participant,7_3,11_49_49,0.4767,0,0,0,0.4767144,0.0000,0.0000,0.0000,0.0000,0.0000,0.0000,3.678979,3.704411,3.691695,,,,,,0,0,0,0,0,0,0,0,0,0,0,0,0,0,0,0,0,0,0,0,0,0,0,0,0,0,0,0,0,0,0,0,0,0,0,0,0,0,0,0,0,0,0,0,0,0,0,0,0,0,0,
Participant,7_3,11_49_49,0.4800,0,0,0,0.4800406,0.0000,0.0000,0.0000,0.0000,0.0000,0.0000,3.698436,3.71434,3.706388,,,,,,0,0,0,0,0,0,0,0,0,0,0,0,0,0,0,0,0,0,0,0,0,0,0,0,0,0,0,0,0,0,0,0,0,0,0,0,0,0,0,0,0,0,0,0,0,0,0,0,0,0,0,
Participant,7_3,11_49_49,0.4839,0,0,0,0.4838571,0.0000,0.0000,0.0000,0.0000,0.0000,0.0000,3.716391,3.726461,3.721426,,,,,,0,0,0,0,0,0,0,0,0,0,0,0,0,0,0,0,0,0,0,0,0,0,0,0,0,0,0,0,0,0,0,0,0,0,0,0,0,0,0,0,0,0,0,0,0,0,0,0,0,0,0,
Participant,7_3,11_49_49,0.4872,0,0,0,0.4872243,0.0000,0.0000,0.0000,0.0000,0.0000,0.0000,3.733033,3.693034,3.713033,,,,,,0,0,0,0,0,0,0,0,0,0,0,0,0,0,0,0,0,0,0,0,0,0,0,0,0,0,0,0,0,0,0,0,0,0,0,0,0,0,0,0,0,0,0,0,0,0,0,0,0,0,0,
Participant,7_3,11_49_49,0.4906,0,0,0,0.4906045,0.0000,0.0000,0.0000,0.0000,0.0000,0.0000,3.719257,3.724694,3.721975,,,,,,0,0,0,0,0,0,0,0,0,0,0,0,0,0,0,0,0,0,0,0,0,0,0,0,0,0,0,0,0,0,0,0,0,0,0,0,0,0,0,0,0,0,0,0,0,0,0,0,0,0,0,
Participant,7_3,11_49_49,0.4940,0,0,0,0.4939776,0.0000,0.0000,0.0000,0.0000,0.0000,0.0000,3.694749,3.724209,3.709479,,,,,,0,0,0,0,0,0,0,0,0,0,0,0,0,0,0,0,0,0,0,0,0,0,0,0,0,0,0,0,0,0,0,0,0,0,0,0,0,0,0,0,0,0,0,0,0,0,0,0,0,0,0,
Participant,7_3,11_49_49,0.4975,0,0,0,0.4974533,0.0000,0.0000,0.0000,0.0000,0.0000,0.0000,3.70194,3.715995,3.708968,,,,,,0,0,0,0,0,0,0,0,0,0,0,0,0,0,0,0,0,0,0,0,0,0,0,0,0,0,0,0,0,0,0,0,0,0,0,0,0,0,0,0,0,0,0,0,0,0,0,0,0,0,0,
Participant,7_3,11_49_49,0.5007,0,0,0,0.5007363,0.0000,0.0000,0.0000,0.0000,0.0000,0.0000,3.68693,3.681537,3.684233,,,,,,0,0,0,0,0,0,0,0,0,0,0,0,0,0,0,0,0,0,0,0,0,0,0,0,0,0,0,0,0,0,0,0,0,0,0,0,0,0,0,0,0,0,0,0,0,0,0,0,0,0,0,
Participant,7_3,11_49_49,0.5043,0,0,0,0.5043337,0.0000,0.0000,0.0000,0.0000,0.0000,0.0000,3.71668,3.697691,3.707185,,,,,,0,0,0,0,0,0,0,0,0,0,0,0,0,0,0,0,0,0,0,0,0,0,0,0,0,0,0,0,0,0,0,0,0,0,0,0,0,0,0,0,0,0,0,0,0,0,0,0,0,0,0,
Participant,7_3,11_49_49,0.5081,0,0,0,0.5081196,0.0000,0.0000,0.0000,0.0000,0.0000,0.0000,3.721603,3.686626,3.704114,,,,,,0,0,0,0,0,0,0,0,0,0,0,0,0,0,0,0,0,0,0,0,0,0,0,0,0,0,0,0,0,0,0,0,0,0,0,0,0,0,0,0,0,0,0,0,0,0,0,0,0,0,0,
Participant,7_3,11_49_49,0.5118,0,0,0,0.5118094,0.0000,0.0000,0.0000,0.0000,0.0000,0.0000,3.713423,3.74334,3.728382,,,,,,0,0,0,0,0,0,0,0,0,0,0,0,0,0,0,0,0,0,0,0,0,0,0,0,0,0,0,0,0,0,0,0,0,0,0,0,0,0,0,0,0,0,0,0,0,0,0,0,0,0,0,
Participant,7_3,11_49_49,0.5151,0,0,0,0.5150757,0.0000,0.0000,0.0000,0.0000,0.0000,0.0000,3.702623,3.705027,3.703825,,,,,,0,0,0,0,0,0,0,0,0,0,0,0,0,0,0,0,0,0,0,0,0,0,0,0,0,0,0,0,0,0,0,0,0,0,0,0,0,0,0,0,0,0,0,0,0,0,0,0,0,0,0,
Participant,7_3,11_49_49,0.5185,0,0,0,0.5184578,0.0000,0.0000,0.0000,0.0000,0.0000,0.0000,3.725167,3.713794,3.71948,,,,,,0,0,0,0,0,0,0,0,0,0,0,0,0,0,0,0,0,0,0,0,0,0,0,0,0,0,0,0,0,0,0,0,0,0,0,0,0,0,0,0,0,0,0,0,0,0,0,0,0,0,0,
Participant,7_3,11_49_49,0.5218,0,0,0,0.5217557,0.0000,0.0000,0.0000,0.0000,0.0000,0.0000,3.712451,3.71384,3.713146,,,,,,0,0,0,0,0,0,0,0,0,0,0,0,0,0,0,0,0,0,0,0,0,0,0,0,0,0,0,0,0,0,0,0,0,0,0,0,0,0,0,0,0,0,0,0,0,0,0,0,0,0,0,
Participant,7_3,11_49_49,0.5252,0,0,0,0.5252259,0.0000,0.0000,0.0000,0.0000,0.0000,0.0000,3.73909,3.744537,3.741813,,,,,,0,0,0,0,0,0,0,0,0,0,0,0,0,0,0,0,0,0,0,0,0,0,0,0,0,0,0,0,0,0,0,0,0,0,0,0,0,0,0,0,0,0,0,0,0,0,0,0,0,0,0,
Participant,7_3,11_49_49,0.5285,0,0,0,0.5284588,0.0000,0.0000,0.0000,0.0000,0.0000,0.0000,3.73422,3.745167,3.739693,,,,,,0,0,0,0,0,0,0,0,0,0,0,0,0,0,0,0,0,0,0,0,0,0,0,0,0,0,0,0,0,0,0,0,0,0,0,0,0,0,0,0,0,0,0,0,0,0,0,0,0,0,0,
Participant,7_3,11_49_49,0.5317,0,0,0,0.5316795,0.0000,0.0000,0.0000,0.0000,0.0000,0.0000,3.700655,3.722812,3.711734,,,,,,0,0,0,0,0,0,0,0,0,0,0,0,0,0,0,0,0,0,0,0,0,0,0,0,0,0,0,0,0,0,0,0,0,0,0,0,0,0,0,0,0,0,0,0,0,0,0,0,0,0,0,
Participant,7_3,11_49_49,0.5351,0,0,0,0.5350666,0.0000,0.0000,0.0000,0.0000,0.0000,0.0000,3.69404,3.745306,3.719673,,,,,,0,0,0,0,0,0,0,0,0,0,0,0,0,0,0,0,0,0,0,0,0,0,0,0,0,0,0,0,0,0,0,0,0,0,0,0,0,0,0,0,0,0,0,0,0,0,0,0,0,0,0,
Participant,7_3,11_49_49,0.5383,0,0,0,0.538329,0.0000,0.0000,0.0000,0.0000,0.0000,0.0000,3.698249,3.707226,3.702737,,,,,,0,0,0,0,0,0,0,0,0,0,0,0,0,0,0,0,0,0,0,0,0,0,0,0,0,0,0,0,0,0,0,0,0,0,0,0,0,0,0,0,0,0,0,0,0,0,0,0,0,0,0,
Participant,7_3,11_49_49,0.5416,0,0,0,0.5416466,0.0000,0.0000,0.0000,0.0000,0.0000,0.0000,3.730993,3.697716,3.714355,,,,,,0,0,0,0,0,0,0,0,0,0,0,0,0,0,0,0,0,0,0,0,0,0,0,0,0,0,0,0,0,0,0,0,0,0,0,0,0,0,0,0,0,0,0,0,0,0,0,0,0,0,0,
Participant,7_3,11_49_49,0.5451,0,0,0,0.5451484,0.0000,0.0000,0.0000,0.0000,0.0000,0.0000,3.710151,3.719253,3.714702,,,,,,0,0,0,0,0,0,0,0,0,0,0,0,0,0,0,0,0,0,0,0,0,0,0,0,0,0,0,0,0,0,0,0,0,0,0,0,0,0,0,0,0,0,0,0,0,0,0,0,0,0,0,
Participant,7_3,11_49_49,0.5484,0,0,0,0.5483766,0.0000,0.0000,0.0000,0.0000,0.0000,0.0000,3.746334,3.698004,3.722169,,,,,,0,0,0,0,0,0,0,0,0,0,0,0,0,0,0,0,0,0,0,0,0,0,0,0,0,0,0,0,0,0,0,0,0,0,0,0,0,0,0,0,0,0,0,0,0,0,0,0,0,0,0,
Participant,7_3,11_49_49,0.5516,0,0,0,0.5516242,0.0000,0.0000,0.0000,0.0000,0.0000,0.0000,3.717877,3.747425,3.732651,,,,,,0,0,0,0,0,0,0,0,0,0,0,0,0,0,0,0,0,0,0,0,0,0,0,0,0,0,0,0,0,0,0,0,0,0,0,0,0,0,0,0,0,0,0,0,0,0,0,0,0,0,0,
Participant,7_3,11_49_49,0.5550,0,0,0,0.5550001,0.0000,0.0000,0.0000,0.0000,0.0000,0.0000,3.695549,3.746486,3.721018,,,,,,0,0,0,0,0,0,0,0,0,0,0,0,0,0,0,0,0,0,0,0,0,0,0,0,0,0,0,0,0,0,0,0,0,0,0,0,0,0,0,0,0,0,0,0,0,0,0,0,0,0,0,
Participant,7_3,11_49_49,0.5582,0,0,0,0.5582335,0.0000,0.0000,0.0000,0.0000,0.0000,0.0000,3.750678,3.735099,3.742888,,,,,,0,0,0,0,0,0,0,0,0,0,0,0,0,0,0,0,0,0,0,0,0,0,0,0,0,0,0,0,0,0,0,0,0,0,0,0,0,0,0,0,0,0,0,0,0,0,0,0,0,0,0,
Participant,7_3,11_49_49,0.5614,0,0,0,0.561445,0.0000,0.0000,0.0000,0.0000,0.0000,0.0000,3.712448,3.743901,3.728175,,,,,,0,0,0,0,0,0,0,0,0,0,0,0,0,0,0,0,0,0,0,0,0,0,0,0,0,0,0,0,0,0,0,0,0,0,0,0,0,0,0,0,0,0,0,0,0,0,0,0,0,0,0,
Participant,7_3,11_49_49,0.5649,0,0,0,0.5648836,0.0000,0.0000,0.0000,0.0000,0.0000,0.0000,3.752007,3.700093,3.72605,,,,,,0,0,0,0,0,0,0,0,0,0,0,0,0,0,0,0,0,0,0,0,0,0,0,0,0,0,0,0,0,0,0,0,0,0,0,0,0,0,0,0,0,0,0,0,0,0,0,0,0,0,0,
Participant,7_3,11_49_49,0.5681,0,0,0,0.5680938,0.0000,0.0000,0.0000,0.0000,0.0000,0.0000,3.71225,3.741041,3.726645,,,,,,0,0,0,0,0,0,0,0,0,0,0,0,0,0,0,0,0,0,0,0,0,0,0,0,0,0,0,0,0,0,0,0,0,0,0,0,0,0,0,0,0,0,0,0,0,0,0,0,0,0,0,
Participant,7_3,11_49_49,0.5713,0,0,0,0.5713038,0.0000,0.0000,0.0000,0.0000,0.0000,0.0000,3.754342,3.75241,3.753376,,,,,,0,0,0,0,0,0,0,0,0,0,0,0,0,0,0,0,0,0,0,0,0,0,0,0,0,0,0,0,0,0,0,0,0,0,0,0,0,0,0,0,0,0,0,0,0,0,0,0,0,0,0,
Participant,7_3,11_49_49,0.5745,0,0,0,0.5745335,0.0000,0.0000,0.0000,0.0000,0.0000,0.0000,3.702827,3.756499,3.729663,,,,,,0,0,0,0,0,0,0,0,0,0,0,0,0,0,0,0,0,0,0,0,0,0,0,0,0,0,0,0,0,0,0,0,0,0,0,0,0,0,0,0,0,0,0,0,0,0,0,0,0,0,0,
Participant,7_3,11_49_49,0.5778,0,0,0,0.5777952,0.0000,0.0000,0.0000,0.0000,0.0000,0.0000,3.72233,3.703385,3.712858,,,,,,0,0,0,0,0,0,0,0,0,0,0,0,0,0,0,0,0,0,0,0,0,0,0,0,0,0,0,0,0,0,0,0,0,0,0,0,0,0,0,0,0,0,0,0,0,0,0,0,0,0,0,
Participant,7_3,11_49_49,0.5811,0,0,0,0.5811043,0.0000,0.0000,0.0000,0.0000,0.0000,0.0000,3.713385,3.715995,3.71469,,,,,,0,0,0,0,0,0,0,0,0,0,0,0,0,0,0,0,0,0,0,0,0,0,0,0,0,0,0,0,0,0,0,0,0,0,0,0,0,0,0,0,0,0,0,0,0,0,0,0,0,0,0,
Participant,7_3,11_49_49,0.5845,0,0,0,0.5845343,0.0000,0.0000,0.0000,0.0000,0.0000,0.0000,3.72138,3.747738,3.734559,,,,,,0,0,0,0,0,0,0,0,0,0,0,0,0,0,0,0,0,0,0,0,0,0,0,0,0,0,0,0,0,0,0,0,0,0,0,0,0,0,0,0,0,0,0,0,0,0,0,0,0,0,0,
Participant,7_3,11_49_49,0.5878,0,0,0,0.5877641,0.0000,0.0000,0.0000,0.0000,0.0000,0.0000,3.748247,3.742031,3.745139,,,,,,0,0,0,0,0,0,0,0,0,0,0,0,0,0,0,0,0,0,0,0,0,0,0,0,0,0,0,0,0,0,0,0,0,0,0,0,0,0,0,0,0,0,0,0,0,0,0,0,0,0,0,
Participant,7_3,11_49_49,0.5915,0,0,0,0.5915048,0.0000,0.0000,0.0000,0.0000,0.0000,0.0000,3.708566,3.736086,3.722326,,,,,,0,0,0,0,0,0,0,0,0,0,0,0,0,0,0,0,0,0,0,0,0,0,0,0,0,0,0,0,0,0,0,0,0,0,0,0,0,0,0,0,0,0,0,0,0,0,0,0,0,0,0,
Participant,7_3,11_49_49,0.5949,0,0,0,0.5948621,0.0000,0.0000,0.0000,0.0000,0.0000,0.0000,3.73295,3.72516,3.729055,,,,,,0,0,0,0,0,0,0,0,0,0,0,0,0,0,0,0,0,0,0,0,0,0,0,0,0,0,0,0,0,0,0,0,0,0,0,0,0,0,0,0,0,0,0,0,0,0,0,0,0,0,0,
Participant,7_3,11_49_49,0.6016,0,0,0,0.60162,0.0000,0.0000,0.0000,0.0000,0.0000,0.0000,3.730394,3.70463,3.717512,,,,,,0,0,0,0,0,0,0,0,0,0,0,0,0,0,0,0,0,0,0,0,0,0,0,0,0,0,0,0,0,0,0,0,0,0,0,0,0,0,0,0,0,0,0,0,0,0,0,0,0,0,0,
Participant,7_3,11_49_49,0.6070,0,0,0,0.607046,0.0000,0.0000,0.0000,0.0000,0.0000,0.0000,3.73528,3.723506,3.729393,,,,,,0,0,0,0,0,0,0,0,0,0,0,0,0,0,0,0,0,0,0,0,0,0,0,0,0,0,0,0,0,0,0,0,0,0,0,0,0,0,0,0,0,0,0,0,0,0,0,0,0,0,0,
Participant,7_3,11_49_49,0.6103,0,0,0,0.6102985,0.0000,0.0000,0.0000,0.0000,0.0000,0.0000,3.751281,3.715788,3.733534,,,,,,0,0,0,0,0,0,0,0,0,0,0,0,0,0,0,0,0,0,0,0,0,0,0,0,0,0,0,0,0,0,0,0,0,0,0,0,0,0,0,0,0,0,0,0,0,0,0,0,0,0,0,
Participant,7_3,11_49_49,0.6135,0,0,0,0.6135459,0.0000,0.0000,0.0000,0.0000,0.0000,0.0000,3.736051,3.744719,3.740385,,,,,,0,0,0,0,0,0,0,0,0,0,0,0,0,0,0,0,0,0,0,0,0,0,0,0,0,0,0,0,0,0,0,0,0,0,0,0,0,0,0,0,0,0,0,0,0,0,0,0,0,0,0,
Participant,7_3,11_49_49,0.6169,0,0,0,0.6169351,0.0000,0.0000,0.0000,0.0000,0.0000,0.0000,3.742932,3.719325,3.731128,,,,,,0,0,0,0,0,0,0,0,0,0,0,0,0,0,0,0,0,0,0,0,0,0,0,0,0,0,0,0,0,0,0,0,0,0,0,0,0,0,0,0,0,0,0,0,0,0,0,0,0,0,0,
Participant,7_3,11_49_49,0.6201,0,0,0,0.6201309,0.0000,0.0000,0.0000,0.0000,0.0000,0.0000,3.712034,3.748325,3.730179,,,,,,0,0,0,0,0,0,0,0,0,0,0,0,0,0,0,0,0,0,0,0,0,0,0,0,0,0,0,0,0,0,0,0,0,0,0,0,0,0,0,0,0,0,0,0,0,0,0,0,0,0,0,
Participant,7_3,11_49_49,0.6236,0,0,0,0.6235907,0.0000,0.0000,0.0000,0.0000,0.0000,0.0000,3.76642,3.745023,3.755722,,,,,,0,0,0,0,0,0,0,0,0,0,0,0,0,0,0,0,0,0,0,0,0,0,0,0,0,0,0,0,0,0,0,0,0,0,0,0,0,0,0,0,0,0,0,0,0,0,0,0,0,0,0,
Participant,7_3,11_49_49,0.6270,0,0,0,0.6269581,0.0000,0.0000,0.0000,0.0000,0.0000,0.0000,3.751286,3.753024,3.752155,,,,,,0,0,0,0,0,0,0,0,0,0,0,0,0,0,0,0,0,0,0,0,0,0,0,0,0,0,0,0,0,0,0,0,0,0,0,0,0,0,0,0,0,0,0,0,0,0,0,0,0,0,0,
Participant,7_3,11_49_49,0.6303,0,0,0,0.63028,0.0000,0.0000,0.0000,0.0000,0.0000,0.0000,3.736767,3.75378,3.745274,,,,,,0,0,0,0,0,0,0,0,0,0,0,0,0,0,0,0,0,0,0,0,0,0,0,0,0,0,0,0,0,0,0,0,0,0,0,0,0,0,0,0,0,0,0,0,0,0,0,0,0,0,0,
Participant,7_3,11_49_49,0.6338,0,0,0,0.6338406,0.0000,0.0000,0.0000,0.0000,0.0000,0.0000,3.766998,3.759398,3.763198,,,,,,0,0,0,0,0,0,0,0,0,0,0,0,0,0,0,0,0,0,0,0,0,0,0,0,0,0,0,0,0,0,0,0,0,0,0,0,0,0,0,0,0,0,0,0,0,0,0,0,0,0,0,
Participant,7_3,11_49_49,0.6372,0,0,0,0.6371882,0.0000,0.0000,0.0000,0.0000,0.0000,0.0000,3.713603,3.734,3.723801,,,,,,0,0,0,0,0,0,0,0,0,0,0,0,0,0,0,0,0,0,0,0,0,0,0,0,0,0,0,0,0,0,0,0,0,0,0,0,0,0,0,0,0,0,0,0,0,0,0,0,0,0,0,
Participant,7_3,11_49_49,0.6404,0,0,0,0.6404466,0.0000,0.0000,0.0000,0.0000,0.0000,0.0000,3.745064,3.728042,3.736553,,,,,,0,0,0,0,0,0,0,0,0,0,0,0,0,0,0,0,0,0,0,0,0,0,0,0,0,0,0,0,0,0,0,0,0,0,0,0,0,0,0,0,0,0,0,0,0,0,0,0,0,0,0,
Participant,7_3,11_49_49,0.6439,0,0,0,0.643896,0.0000,0.0000,0.0000,0.0000,0.0000,0.0000,3.715848,3.765585,3.740716,,,,,,0,0,0,0,0,0,0,0,0,0,0,0,0,0,0,0,0,0,0,0,0,0,0,0,0,0,0,0,0,0,0,0,0,0,0,0,0,0,0,0,0,0,0,0,0,0,0,0,0,0,0,
Participant,7_3,11_49_49,0.6476,0,0,0,0.6475714,0.0000,0.0000,0.0000,0.0000,0.0000,0.0000,3.749354,3.725229,3.737292,,,,,,0,0,0,0,0,0,0,0,0,0,0,0,0,0,0,0,0,0,0,0,0,0,0,0,0,0,0,0,0,0,0,0,0,0,0,0,0,0,0,0,0,0,0,0,0,0,0,0,0,0,0,
Participant,7_3,11_49_49,0.6511,0,0,0,0.6510557,0.0000,0.0000,0.0000,0.0000,0.0000,0.0000,3.766424,3.722129,3.744277,,,,,,0,0,0,0,0,0,0,0,0,0,0,0,0,0,0,0,0,0,0,0,0,0,0,0,0,0,0,0,0,0,0,0,0,0,0,0,0,0,0,0,0,0,0,0,0,0,0,0,0,0,0,
Participant,7_3,11_49_49,0.6544,0,0,0,0.654356,0.0000,0.0000,0.0000,0.0000,0.0000,0.0000,3.76256,3.74689,3.754725,,,,,,0,0,0,0,0,0,0,0,0,0,0,0,0,0,0,0,0,0,0,0,0,0,0,0,0,0,0,0,0,0,0,0,0,0,0,0,0,0,0,0,0,0,0,0,0,0,0,0,0,0,0,
Participant,7_3,11_49_49,0.6576,0,0,0,0.6575713,0.0000,0.0000,0.0000,0.0000,0.0000,0.0000,3.744768,3.717721,3.731245,,,,,,0,0,0,0,0,0,0,0,0,0,0,0,0,0,0,0,0,0,0,0,0,0,0,0,0,0,0,0,0,0,0,0,0,0,0,0,0,0,0,0,0,0,0,0,0,0,0,0,0,0,0,
Participant,7_3,11_49_49,0.6609,0,0,0,0.6609107,0.0000,0.0000,0.0000,0.0000,0.0000,0.0000,3.734216,3.760631,3.747423,,,,,,0,0,0,0,0,0,0,0,0,0,0,0,0,0,0,0,0,0,0,0,0,0,0,0,0,0,0,0,0,0,0,0,0,0,0,0,0,0,0,0,0,0,0,0,0,0,0,0,0,0,0,
Participant,7_3,11_49_49,0.6645,0,0,0,0.6645283,0.0000,0.0000,0.0000,0.0000,0.0000,0.0000,3.733841,3.759912,3.746876,,,,,,0,0,0,0,0,0,0,0,0,0,0,0,0,0,0,0,0,0,0,0,0,0,0,0,0,0,0,0,0,0,0,0,0,0,0,0,0,0,0,0,0,0,0,0,0,0,0,0,0,0,0,
Participant,7_3,11_49_49,0.6680,0,0,0,0.6680194,0.0000,0.0000,0.0000,0.0000,0.0000,0.0000,3.742094,3.734656,3.738375,,,,,,0,0,0,0,0,0,0,0,0,0,0,0,0,0,0,0,0,0,0,0,0,0,0,0,0,0,0,0,0,0,0,0,0,0,0,0,0,0,0,0,0,0,0,0,0,0,0,0,0,0,0,
Participant,7_3,11_49_49,0.6714,0,0,0,0.6714289,0.0000,0.0000,0.0000,0.0000,0.0000,0.0000,3.773096,3.753227,3.763161,,,,,,0,0,0,0,0,0,0,0,0,0,0,0,0,0,0,0,0,0,0,0,0,0,0,0,0,0,0,0,0,0,0,0,0,0,0,0,0,0,0,0,0,0,0,0,0,0,0,0,0,0,0,
Participant,7_3,11_49_49,0.6747,0,0,0,0.6746612,0.0000,0.0000,0.0000,0.0000,0.0000,0.0000,3.725033,3.767905,3.746469,,,,,,0,0,0,0,0,0,0,0,0,0,0,0,0,0,0,0,0,0,0,0,0,0,0,0,0,0,0,0,0,0,0,0,0,0,0,0,0,0,0,0,0,0,0,0,0,0,0,0,0,0,0,
Participant,7_3,11_49_49,0.6779,0,0,0,0.6778972,0.0000,0.0000,0.0000,0.0000,0.0000,0.0000,3.746151,3.727252,3.736701,,,,,,0,0,0,0,0,0,0,0,0,0,0,0,0,0,0,0,0,0,0,0,0,0,0,0,0,0,0,0,0,0,0,0,0,0,0,0,0,0,0,0,0,0,0,0,0,0,0,0,0,0,0,
Participant,7_3,11_49_49,0.6811,0,0,0,0.6811419,0.0000,0.0000,0.0000,0.0000,0.0000,0.0000,3.719031,3.760123,3.739577,,,,,,0,0,0,0,0,0,0,0,0,0,0,0,0,0,0,0,0,0,0,0,0,0,0,0,0,0,0,0,0,0,0,0,0,0,0,0,0,0,0,0,0,0,0,0,0,0,0,0,0,0,0,
Participant,7_3,11_49_49,0.6848,0,0,0,0.6847633,0.0000,0.0000,0.0000,0.0000,0.0000,0.0000,3.71901,3.754132,3.736571,,,,,,0,0,0,0,0,0,0,0,0,0,0,0,0,0,0,0,0,0,0,0,0,0,0,0,0,0,0,0,0,0,0,0,0,0,0,0,0,0,0,0,0,0,0,0,0,0,0,0,0,0,0,
Participant,7_3,11_49_49,0.6880,0,0,0,0.6880383,0.0000,0.0000,0.0000,0.0000,0.0000,0.0000,3.739957,3.758002,3.74898,,,,,,0,0,0,0,0,0,0,0,0,0,0,0,0,0,0,0,0,0,0,0,0,0,0,0,0,0,0,0,0,0,0,0,0,0,0,0,0,0,0,0,0,0,0,0,0,0,0,0,0,0,0,
Participant,7_3,11_49_49,0.6913,0,0,0,0.6912669,0.0000,0.0000,0.0000,0.0000,0.0000,0.0000,3.730961,3.773185,3.752073,,,,,,0,0,0,0,0,0,0,0,0,0,0,0,0,0,0,0,0,0,0,0,0,0,0,0,0,0,0,0,0,0,0,0,0,0,0,0,0,0,0,0,0,0,0,0,0,0,0,0,0,0,0,
Participant,7_3,11_49_49,0.6946,0,0,0,0.6945517,0.0000,0.0000,0.0000,0.0000,0.0000,0.0000,3.753678,3.749294,3.751486,,,,,,0,0,0,0,0,0,0,0,0,0,0,0,0,0,0,0,0,0,0,0,0,0,0,0,0,0,0,0,0,0,0,0,0,0,0,0,0,0,0,0,0,0,0,0,0,0,0,0,0,0,0,
Participant,7_3,11_49_49,0.6978,0,0,0,0.6977979,0.0000,0.0000,0.0000,0.0000,0.0000,0.0000,3.774688,3.717344,3.746016,,,,,,0,0,0,0,0,0,0,0,0,0,0,0,0,0,0,0,0,0,0,0,0,0,0,0,0,0,0,0,0,0,0,0,0,0,0,0,0,0,0,0,0,0,0,0,0,0,0,0,0,0,0,
Participant,7_3,11_49_49,0.7011,0,0,0,0.7010806,0.0000,0.0000,0.0000,0.0000,0.0000,0.0000,3.742227,3.776272,3.759249,,,,,,0,0,0,0,0,0,0,0,0,0,0,0,0,0,0,0,0,0,0,0,0,0,0,0,0,0,0,0,0,0,0,0,0,0,0,0,0,0,0,0,0,0,0,0,0,0,0,0,0,0,0,
Participant,7_3,11_49_49,0.7049,0,0,0,0.7049041,0.0000,0.0000,0.0000,0.0000,0.0000,0.0000,3.741741,3.743439,3.74259,,,,,,0,0,0,0,0,0,0,0,0,0,0,0,0,0,0,0,0,0,0,0,0,0,0,0,0,0,0,0,0,0,0,0,0,0,0,0,0,0,0,0,0,0,0,0,0,0,0,0,0,0,0,
Participant,7_3,11_49_49,0.7082,0,0,0,0.7082342,0.0000,0.0000,0.0000,0.0000,0.0000,0.0000,3.763914,3.733472,3.748693,,,,,,0,0,0,0,0,0,0,0,0,0,0,0,0,0,0,0,0,0,0,0,0,0,0,0,0,0,0,0,0,0,0,0,0,0,0,0,0,0,0,0,0,0,0,0,0,0,0,0,0,0,0,
Participant,7_3,11_49_49,0.7117,0,0,0,0.7116826,0.0000,0.0000,0.0000,0.0000,0.0000,0.0000,3.744806,3.741033,3.742919,,,,,,0,0,0,0,0,0,0,0,0,0,0,0,0,0,0,0,0,0,0,0,0,0,0,0,0,0,0,0,0,0,0,0,0,0,0,0,0,0,0,0,0,0,0,0,0,0,0,0,0,0,0,
Participant,7_3,11_49_49,0.7151,0,0,0,0.7151218,0.0000,0.0000,0.0000,0.0000,0.0000,0.0000,3.737804,3.731274,3.734539,,,,,,0,0,0,0,0,0,0,0,0,0,0,0,0,0,0,0,0,0,0,0,0,0,0,0,0,0,0,0,0,0,0,0,0,0,0,0,0,0,0,0,0,0,0,0,0,0,0,0,0,0,0,
Participant,7_3,11_49_49,0.7187,0,0,0,0.7186858,0.0000,0.0000,0.0000,0.0000,0.0000,0.0000,3.765857,3.752945,3.759401,,,,,,0,0,0,0,0,0,0,0,0,0,0,0,0,0,0,0,0,0,0,0,0,0,0,0,0,0,0,0,0,0,0,0,0,0,0,0,0,0,0,0,0,0,0,0,0,0,0,0,0,0,0,
Participant,7_3,11_49_49,0.7222,0,0,0,0.7221585,0.0000,0.0000,0.0000,0.0000,0.0000,0.0000,3.741199,3.769129,3.755164,,,,,,0,0,0,0,0,0,0,0,0,0,0,0,0,0,0,0,0,0,0,0,0,0,0,0,0,0,0,0,0,0,0,0,0,0,0,0,0,0,0,0,0,0,0,0,0,0,0,0,0,0,0,
Participant,7_3,11_49_49,0.7256,0,0,0,0.7256445,0.0000,0.0000,0.0000,0.0000,0.0000,0.0000,3.721439,3.737577,3.729508,,,,,,0,0,0,0,0,0,0,0,0,0,0,0,0,0,0,0,0,0,0,0,0,0,0,0,0,0,0,0,0,0,0,0,0,0,0,0,0,0,0,0,0,0,0,0,0,0,0,0,0,0,0,
Participant,7_3,11_49_49,0.7294,0,0,0,0.7293943,0.0000,0.0000,0.0000,0.0000,0.0000,0.0000,3.762429,3.749101,3.755765,,,,,,0,0,0,0,0,0,0,0,0,0,0,0,0,0,0,0,0,0,0,0,0,0,0,0,0,0,0,0,0,0,0,0,0,0,0,0,0,0,0,0,0,0,0,0,0,0,0,0,0,0,0,
Participant,7_3,11_49_49,0.7328,0,0,0,0.732785,0.0000,0.0000,0.0000,0.0000,0.0000,0.0000,3.732538,3.755406,3.743972,,,,,,0,0,0,0,0,0,0,0,0,0,0,0,0,0,0,0,0,0,0,0,0,0,0,0,0,0,0,0,0,0,0,0,0,0,0,0,0,0,0,0,0,0,0,0,0,0,0,0,0,0,0,
Participant,7_3,11_49_49,0.7362,0,0,0,0.7362205,0.0000,0.0000,0.0000,0.0000,0.0000,0.0000,3.761905,3.773293,3.767599,,,,,,0,0,0,0,0,0,0,0,0,0,0,0,0,0,0,0,0,0,0,0,0,0,0,0,0,0,0,0,0,0,0,0,0,0,0,0,0,0,0,0,0,0,0,0,0,0,0,0,0,0,0,
Participant,7_3,11_49_49,0.7396,0,0,0,0.7395913,0.0000,0.0000,0.0000,0.0000,0.0000,0.0000,3.74516,3.767632,3.756396,,,,,,0,0,0,0,0,0,0,0,0,0,0,0,0,0,0,0,0,0,0,0,0,0,0,0,0,0,0,0,0,0,0,0,0,0,0,0,0,0,0,0,0,0,0,0,0,0,0,0,0,0,0,
Participant,7_3,11_49_49,0.7428,0,0,0,0.7428392,0.0000,0.0000,0.0000,0.0000,0.0000,0.0000,3.725216,3.7578,3.741508,,,,,,0,0,0,0,0,0,0,0,0,0,0,0,0,0,0,0,0,0,0,0,0,0,0,0,0,0,0,0,0,0,0,0,0,0,0,0,0,0,0,0,0,0,0,0,0,0,0,0,0,0,0,
Participant,7_3,11_49_49,0.7464,0,0,0,0.7463533,0.0000,0.0000,0.0000,0.0000,0.0000,0.0000,3.775279,3.763615,3.769447,,,,,,0,0,0,0,0,0,0,0,0,0,0,0,0,0,0,0,0,0,0,0,0,0,0,0,0,0,0,0,0,0,0,0,0,0,0,0,0,0,0,0,0,0,0,0,0,0,0,0,0,0,0,
Participant,7_3,11_49_49,0.7496,0,0,0,0.7496123,0.0000,0.0000,0.0000,0.0000,0.0000,0.0000,3.731626,3.730756,3.731191,,,,,,0,0,0,0,0,0,0,0,0,0,0,0,0,0,0,0,0,0,0,0,0,0,0,0,0,0,0,0,0,0,0,0,0,0,0,0,0,0,0,0,0,0,0,0,0,0,0,0,0,0,0,
Participant,7_3,11_49_49,0.7528,0,0,0,0.7528392,0.0000,0.0000,0.0000,0.0000,0.0000,0.0000,3.743402,3.759864,3.751633,,,,,,0,0,0,0,0,0,0,0,0,0,0,0,0,0,0,0,0,0,0,0,0,0,0,0,0,0,0,0,0,0,0,0,0,0,0,0,0,0,0,0,0,0,0,0,0,0,0,0,0,0,0,
Participant,7_3,11_49_49,0.7562,0,0,0,0.756194,0.0000,0.0000,0.0000,0.0000,0.0000,0.0000,3.768864,3.741205,3.755034,,,,,,0,0,0,0,0,0,0,0,0,0,0,0,0,0,0,0,0,0,0,0,0,0,0,0,0,0,0,0,0,0,0,0,0,0,0,0,0,0,0,0,0,0,0,0,0,0,0,0,0,0,0,
Participant,7_3,11_49_49,0.7596,0,0,0,0.7595842,0.0000,0.0000,0.0000,0.0000,0.0000,0.0000,3.747675,3.724351,3.736013,,,,,,0,0,0,0,0,0,0,0,0,0,0,0,0,0,0,0,0,0,0,0,0,0,0,0,0,0,0,0,0,0,0,0,0,0,0,0,0,0,0,0,0,0,0,0,0,0,0,0,0,0,0,
Participant,7_3,11_49_49,0.7630,0,0,0,0.7629816,0.0000,0.0000,0.0000,0.0000,0.0000,0.0000,3.762865,3.757223,3.760044,,,,,,0,0,0,0,0,0,0,0,0,0,0,0,0,0,0,0,0,0,0,0,0,0,0,0,0,0,0,0,0,0,0,0,0,0,0,0,0,0,0,0,0,0,0,0,0,0,0,0,0,0,0,
Participant,7_3,11_49_49,0.7670,0,0,0,0.7669922,0.0000,0.0000,0.0000,0.0000,0.0000,0.0000,3.72217,3.732504,3.727337,,,,,,0,0,0,0,0,0,0,0,0,0,0,0,0,0,0,0,0,0,0,0,0,0,0,0,0,0,0,0,0,0,0,0,0,0,0,0,0,0,0,0,0,0,0,0,0,0,0,0,0,0,0,
Participant,7_3,11_49_49,0.7703,0,0,0,0.7702549,0.0000,0.0000,0.0000,0.0000,0.0000,0.0000,3.76579,3.771988,3.768889,,,,,,0,0,0,0,0,0,0,0,0,0,0,0,0,0,0,0,0,0,0,0,0,0,0,0,0,0,0,0,0,0,0,0,0,0,0,0,0,0,0,0,0,0,0,0,0,0,0,0,0,0,0,
Participant,7_3,11_49_49,0.7735,0,0,0,0.7734989,0.0000,0.0000,0.0000,0.0000,0.0000,0.0000,3.765916,3.756168,3.761042,,,,,,0,0,0,0,0,0,0,0,0,0,0,0,0,0,0,0,0,0,0,0,0,0,0,0,0,0,0,0,0,0,0,0,0,0,0,0,0,0,0,0,0,0,0,0,0,0,0,0,0,0,0,
Participant,7_3,11_49_49,0.7768,0,0,0,0.7767599,0.0000,0.0000,0.0000,0.0000,0.0000,0.0000,3.727589,3.740673,3.734131,,,,,,0,0,0,0,0,0,0,0,0,0,0,0,0,0,0,0,0,0,0,0,0,0,0,0,0,0,0,0,0,0,0,0,0,0,0,0,0,0,0,0,0,0,0,0,0,0,0,0,0,0,0,
Participant,7_3,11_49_49,0.7800,0,0,0,0.7799527,0.0000,0.0000,0.0000,0.0000,0.0000,0.0000,3.778635,3.738846,3.75874,,,,,,0,0,0,0,0,0,0,0,0,0,0,0,0,0,0,0,0,0,0,0,0,0,0,0,0,0,0,0,0,0,0,0,0,0,0,0,0,0,0,0,0,0,0,0,0,0,0,0,0,0,0,
Participant,7_3,11_49_49,0.7834,0,0,0,0.7833961,0.0000,0.0000,0.0000,0.0000,0.0000,0.0000,3.754215,3.753254,3.753734,,,,,,0,0,0,0,0,0,0,0,0,0,0,0,0,0,0,0,0,0,0,0,0,0,0,0,0,0,0,0,0,0,0,0,0,0,0,0,0,0,0,0,0,0,0,0,0,0,0,0,0,0,0,
Participant,7_3,11_49_49,0.7871,0,0,0,0.7870681,0.0000,0.0000,0.0000,0.0000,0.0000,0.0000,3.774293,3.757128,3.76571,,,,,,0,0,0,0,0,0,0,0,0,0,0,0,0,0,0,0,0,0,0,0,0,0,0,0,0,0,0,0,0,0,0,0,0,0,0,0,0,0,0,0,0,0,0,0,0,0,0,0,0,0,0,
Participant,7_3,11_49_49,0.7906,0,0,0,0.7905754,0.0000,0.0000,0.0000,0.0000,0.0000,0.0000,3.762149,3.723732,3.74294,,,,,,0,0,0,0,0,0,0,0,0,0,0,0,0,0,0,0,0,0,0,0,0,0,0,0,0,0,0,0,0,0,0,0,0,0,0,0,0,0,0,0,0,0,0,0,0,0,0,0,0,0,0,
Participant,7_3,11_49_49,0.7939,0,0,0,0.7939438,0.0000,0.0000,0.0000,0.0000,0.0000,0.0000,3.77576,3.734908,3.755334,,,,,,0,0,0,0,0,0,0,0,0,0,0,0,0,0,0,0,0,0,0,0,0,0,0,0,0,0,0,0,0,0,0,0,0,0,0,0,0,0,0,0,0,0,0,0,0,0,0,0,0,0,0,
Participant,7_3,11_49_49,0.7972,0,0,0,0.7971889,0.0000,0.0000,0.0000,0.0000,0.0000,0.0000,3.752949,3.751017,3.751983,,,,,,0,0,0,0,0,0,0,0,0,0,0,0,0,0,0,0,0,0,0,0,0,0,0,0,0,0,0,0,0,0,0,0,0,0,0,0,0,0,0,0,0,0,0,0,0,0,0,0,0,0,0,
Participant,7_3,11_49_49,0.8004,0,0,0,0.8003945,0.0000,0.0000,0.0000,0.0000,0.0000,0.0000,3.723599,3.742171,3.732885,,,,,,0,0,0,0,0,0,0,0,0,0,0,0,0,0,0,0,0,0,0,0,0,0,0,0,0,0,0,0,0,0,0,0,0,0,0,0,0,0,0,0,0,0,0,0,0,0,0,0,0,0,0,
Participant,7_3,11_49_49,0.8039,0,0,0,0.8038805,0.0000,0.0000,0.0000,0.0000,0.0000,0.0000,3.72403,3.77121,3.74762,,,,,,0,0,0,0,0,0,0,0,0,0,0,0,0,0,0,0,0,0,0,0,0,0,0,0,0,0,0,0,0,0,0,0,0,0,0,0,0,0,0,0,0,0,0,0,0,0,0,0,0,0,0,
Participant,7_3,11_49_49,0.8093,0,0,0,0.8093184,0.0000,0.0000,0.0000,0.0000,0.0000,0.0000,3.756601,3.738205,3.747403,,,,,,0,0,0,0,0,0,0,0,0,0,0,0,0,0,0,0,0,0,0,0,0,0,0,0,0,0,0,0,0,0,0,0,0,0,0,0,0,0,0,0,0,0,0,0,0,0,0,0,0,0,0,
Participant,7_3,11_49_49,0.8126,0,0,0,0.8125668,0.0000,0.0000,0.0000,0.0000,0.0000,0.0000,3.759007,3.719695,3.739351,,,,,,0,0,0,0,0,0,0,0,0,0,0,0,0,0,0,0,0,0,0,0,0,0,0,0,0,0,0,0,0,0,0,0,0,0,0,0,0,0,0,0,0,0,0,0,0,0,0,0,0,0,0,
Participant,7_3,11_49_49,0.8158,0,0,0,0.8158157,0.0000,0.0000,0.0000,0.0000,0.0000,0.0000,3.777745,3.743828,3.760787,,,,,,0,0,0,0,0,0,0,0,0,0,0,0,0,0,0,0,0,0,0,0,0,0,0,0,0,0,0,0,0,0,0,0,0,0,0,0,0,0,0,0,0,0,0,0,0,0,0,0,0,0,0,
Participant,7_3,11_49_49,0.8191,0,0,0,0.81905,0.0000,0.0000,0.0000,0.0000,0.0000,0.0000,3.759145,3.720851,3.739998,,,,,,0,0,0,0,0,0,0,0,0,0,0,0,0,0,0,0,0,0,0,0,0,0,0,0,0,0,0,0,0,0,0,0,0,0,0,0,0,0,0,0,0,0,0,0,0,0,0,0,0,0,0,
Participant,7_3,11_49_49,0.8223,0,0,0,0.8223054,0.0000,0.0000,0.0000,0.0000,0.0000,0.0000,3.725256,3.739935,3.732596,,,,,,0,0,0,0,0,0,0,0,0,0,0,0,0,0,0,0,0,0,0,0,0,0,0,0,0,0,0,0,0,0,0,0,0,0,0,0,0,0,0,0,0,0,0,0,0,0,0,0,0,0,0,
Participant,7_3,11_49_49,0.8258,0,0,0,0.8257565,0.0000,0.0000,0.0000,0.0000,0.0000,0.0000,3.75782,3.727972,3.742896,,,,,,0,0,0,0,0,0,0,0,0,0,0,0,0,0,0,0,0,0,0,0,0,0,0,0,0,0,0,0,0,0,0,0,0,0,0,0,0,0,0,0,0,0,0,0,0,0,0,0,0,0,0,
Participant,7_3,11_49_49,0.8291,0,0,0,0.8290542,0.0000,0.0000,0.0000,0.0000,0.0000,0.0000,3.752291,3.733849,3.74307,,,,,,0,0,0,0,0,0,0,0,0,0,0,0,0,0,0,0,0,0,0,0,0,0,0,0,0,0,0,0,0,0,0,0,0,0,0,0,0,0,0,0,0,0,0,0,0,0,0,0,0,0,0,
Participant,7_3,11_49_49,0.8327,0,0,0,0.8326512,0.0000,0.0000,0.0000,0.0000,0.0000,0.0000,3.76398,3.732408,3.748194,,,,,,0,0,0,0,0,0,0,0,0,0,0,0,0,0,0,0,0,0,0,0,0,0,0,0,0,0,0,0,0,0,0,0,0,0,0,0,0,0,0,0,0,0,0,0,0,0,0,0,0,0,0,
Participant,7_3,11_49_49,0.8360,0,0,0,0.8360346,0.0000,0.0000,0.0000,0.0000,0.0000,0.0000,3.74476,3.767332,3.756046,,,,,,0,0,0,0,0,0,0,0,0,0,0,0,0,0,0,0,0,0,0,0,0,0,0,0,0,0,0,0,0,0,0,0,0,0,0,0,0,0,0,0,0,0,0,0,0,0,0,0,0,0,0,
Participant,7_3,11_49_49,0.8397,0,0,0,0.839729,0.0000,0.0000,0.0000,0.0000,0.0000,0.0000,3.775047,3.724989,3.750018,,,,,,0,0,0,0,0,0,0,0,0,0,0,0,0,0,0,0,0,0,0,0,0,0,0,0,0,0,0,0,0,0,0,0,0,0,0,0,0,0,0,0,0,0,0,0,0,0,0,0,0,0,0,
Participant,7_3,11_49_49,0.8430,0,0,0,0.843029,0.0000,0.0000,0.0000,0.0000,0.0000,0.0000,3.731978,3.754712,3.743345,,,,,,0,0,0,0,0,0,0,0,0,0,0,0,0,0,0,0,0,0,0,0,0,0,0,0,0,0,0,0,0,0,0,0,0,0,0,0,0,0,0,0,0,0,0,0,0,0,0,0,0,0,0,
Participant,7_3,11_49_49,0.8465,0,0,0,0.8464745,0.0000,0.0000,0.0000,0.0000,0.0000,0.0000,3.739617,3.751454,3.745535,,,,,,0,0,0,0,0,0,0,0,0,0,0,0,0,0,0,0,0,0,0,0,0,0,0,0,0,0,0,0,0,0,0,0,0,0,0,0,0,0,0,0,0,0,0,0,0,0,0,0,0,0,0,
Participant,7_3,11_49_49,0.8497,0,0,0,0.8497064,0.0000,0.0000,0.0000,0.0000,0.0000,0.0000,3.731741,3.721773,3.726757,,,,,,0,0,0,0,0,0,0,0,0,0,0,0,0,0,0,0,0,0,0,0,0,0,0,0,0,0,0,0,0,0,0,0,0,0,0,0,0,0,0,0,0,0,0,0,0,0,0,0,0,0,0,
Participant,7_3,11_49_49,0.8529,0,0,0,0.8528829,0.0000,0.0000,0.0000,0.0000,0.0000,0.0000,3.767503,3.724679,3.746091,,,,,,0,0,0,0,0,0,0,0,0,0,0,0,0,0,0,0,0,0,0,0,0,0,0,0,0,0,0,0,0,0,0,0,0,0,0,0,0,0,0,0,0,0,0,0,0,0,0,0,0,0,0,
Participant,7_3,11_49_49,0.8562,0,0,0,0.8562096,0.0000,0.0000,0.0000,0.0000,0.0000,0.0000,3.732958,3.770287,3.751623,,,,,,0,0,0,0,0,0,0,0,0,0,0,0,0,0,0,0,0,0,0,0,0,0,0,0,0,0,0,0,0,0,0,0,0,0,0,0,0,0,0,0,0,0,0,0,0,0,0,0,0,0,0,
Participant,7_3,11_49_49,0.8595,0,0,0,0.8594926,0.0000,0.0000,0.0000,0.0000,0.0000,0.0000,3.723716,3.735781,3.729749,,,,,,0,0,0,0,0,0,0,0,0,0,0,0,0,0,0,0,0,0,0,0,0,0,0,0,0,0,0,0,0,0,0,0,0,0,0,0,0,0,0,0,0,0,0,0,0,0,0,0,0,0,0,
Participant,7_3,11_49_49,0.8627,0,0,0,0.8626847,0.0000,0.0000,0.0000,0.0000,0.0000,0.0000,3.742015,3.717267,3.729641,,,,,,0,0,0,0,0,0,0,0,0,0,0,0,0,0,0,0,0,0,0,0,0,0,0,0,0,0,0,0,0,0,0,0,0,0,0,0,0,0,0,0,0,0,0,0,0,0,0,0,0,0,0,
Participant,7_3,11_49_49,0.8663,0,0,0,0.8662721,0.0000,0.0000,0.0000,0.0000,0.0000,0.0000,3.770971,3.761606,3.766288,,,,,,0,0,0,0,0,0,0,0,0,0,0,0,0,0,0,0,0,0,0,0,0,0,0,0,0,0,0,0,0,0,0,0,0,0,0,0,0,0,0,0,0,0,0,0,0,0,0,0,0,0,0,
Participant,7_3,11_49_49,0.8696,0,0,0,0.8695885,0.0000,0.0000,0.0000,0.0000,0.0000,0.0000,3.72876,3.754445,3.741602,,,,,,0,0,0,0,0,0,0,0,0,0,0,0,0,0,0,0,0,0,0,0,0,0,0,0,0,0,0,0,0,0,0,0,0,0,0,0,0,0,0,0,0,0,0,0,0,0,0,0,0,0,0,
Participant,7_3,11_49_49,0.8728,0,0,0,0.8727924,0.0000,0.0000,0.0000,0.0000,0.0000,0.0000,3.725476,3.759725,3.7426,,,,,,0,0,0,0,0,0,0,0,0,0,0,0,0,0,0,0,0,0,0,0,0,0,0,0,0,0,0,0,0,0,0,0,0,0,0,0,0,0,0,0,0,0,0,0,0,0,0,0,0,0,0,
Participant,7_3,11_49_49,0.8760,0,0,0,0.8759892,0.0000,0.0000,0.0000,0.0000,0.0000,0.0000,3.722745,3.755444,3.739095,,,,,,0,0,0,0,0,0,0,0,0,0,0,0,0,0,0,0,0,0,0,0,0,0,0,0,0,0,0,0,0,0,0,0,0,0,0,0,0,0,0,0,0,0,0,0,0,0,0,0,0,0,0,
Participant,7_3,11_49_49,0.8792,0,0,0,0.8792195,0.0000,0.0000,0.0000,0.0000,0.0000,0.0000,3.742897,3.742612,3.742754,,,,,,0,0,0,0,0,0,0,0,0,0,0,0,0,0,0,0,0,0,0,0,0,0,0,0,0,0,0,0,0,0,0,0,0,0,0,0,0,0,0,0,0,0,0,0,0,0,0,0,0,0,0,
Participant,7_3,11_49_49,0.8830,0,0,0,0.8829914,0.0000,0.0000,0.0000,0.0000,0.0000,0.0000,3.730678,3.773849,3.752264,,,,,,0,0,0,0,0,0,0,0,0,0,0,0,0,0,0,0,0,0,0,0,0,0,0,0,0,0,0,0,0,0,0,0,0,0,0,0,0,0,0,0,0,0,0,0,0,0,0,0,0,0,0,
Participant,7_3,11_49_49,0.8867,0,0,0,0.8867206,0.0000,0.0000,0.0000,0.0000,0.0000,0.0000,3.75933,3.731008,3.745169,,,,,,0,0,0,0,0,0,0,0,0,0,0,0,0,0,0,0,0,0,0,0,0,0,0,0,0,0,0,0,0,0,0,0,0,0,0,0,0,0,0,0,0,0,0,0,0,0,0,0,0,0,0,
Participant,7_3,11_49_49,0.8901,0,0,0,0.8900914,0.0000,0.0000,0.0000,0.0000,0.0000,0.0000,3.73311,3.723211,3.72816,,,,,,0,0,0,0,0,0,0,0,0,0,0,0,0,0,0,0,0,0,0,0,0,0,0,0,0,0,0,0,0,0,0,0,0,0,0,0,0,0,0,0,0,0,0,0,0,0,0,0,0,0,0,
Participant,7_3,11_49_49,0.8933,0,0,0,0.8933126,0.0000,0.0000,0.0000,0.0000,0.0000,0.0000,3.733752,3.732665,3.733209,,,,,,0,0,0,0,0,0,0,0,0,0,0,0,0,0,0,0,0,0,0,0,0,0,0,0,0,0,0,0,0,0,0,0,0,0,0,0,0,0,0,0,0,0,0,0,0,0,0,0,0,0,0,
Participant,7_3,11_49_49,0.8966,0,0,0,0.896562,0.0000,0.0000,0.0000,0.0000,0.0000,0.0000,3.732583,3.765981,3.749282,,,,,,0,0,0,0,0,0,0,0,0,0,0,0,0,0,0,0,0,0,0,0,0,0,0,0,0,0,0,0,0,0,0,0,0,0,0,0,0,0,0,0,0,0,0,0,0,0,0,0,0,0,0,
Participant,7_3,11_49_49,0.8998,0,0,0,0.8998049,0.0000,0.0000,0.0000,0.0000,0.0000,0.0000,3.759247,3.716599,3.737923,,,,,,0,0,0,0,0,0,0,0,0,0,0,0,0,0,0,0,0,0,0,0,0,0,0,0,0,0,0,0,0,0,0,0,0,0,0,0,0,0,0,0,0,0,0,0,0,0,0,0,0,0,0,
Participant,7_3,11_49_49,0.9032,0,0,0,0.9031835,0.0000,0.0000,0.0000,0.0000,0.0000,0.0000,3.747429,3.732206,3.739818,,,,,,0,0,0,0,0,0,0,0,0,0,0,0,0,0,0,0,0,0,0,0,0,0,0,0,0,0,0,0,0,0,0,0,0,0,0,0,0,0,0,0,0,0,0,0,0,0,0,0,0,0,0,
Participant,7_3,11_49_49,0.9068,0,0,0,0.906823,0.0000,0.0000,0.0000,0.0000,0.0000,0.0000,3.759039,3.74046,3.749749,,,,,,0,0,0,0,0,0,0,0,0,0,0,0,0,0,0,0,0,0,0,0,0,0,0,0,0,0,0,0,0,0,0,0,0,0,0,0,0,0,0,0,0,0,0,0,0,0,0,0,0,0,0,
Participant,7_3,11_49_49,0.9102,0,0,0,0.9102228,0.0000,0.0000,0.0000,0.0000,0.0000,0.0000,3.727252,3.745545,3.736398,,,,,,0,0,0,0,0,0,0,0,0,0,0,0,0,0,0,0,0,0,0,0,0,0,0,0,0,0,0,0,0,0,0,0,0,0,0,0,0,0,0,0,0,0,0,0,0,0,0,0,0,0,0,
Participant,7_3,11_49_49,0.9137,0,0,0,0.9137166,0.0000,0.0000,0.0000,0.0000,0.0000,0.0000,3.747352,3.734625,3.740989,,,,,,0,0,0,0,0,0,0,0,0,0,0,0,0,0,0,0,0,0,0,0,0,0,0,0,0,0,0,0,0,0,0,0,0,0,0,0,0,0,0,0,0,0,0,0,0,0,0,0,0,0,0,
Participant,7_3,11_49_49,0.9173,0,0,0,0.9172762,0.0000,0.0000,0.0000,0.0000,0.0000,0.0000,3.743497,3.739754,3.741626,,,,,,0,0,0,0,0,0,0,0,0,0,0,0,0,0,0,0,0,0,0,0,0,0,0,0,0,0,0,0,0,0,0,0,0,0,0,0,0,0,0,0,0,0,0,0,0,0,0,0,0,0,0,
Participant,7_3,11_49_49,0.9205,0,0,0,0.9205386,0.0000,0.0000,0.0000,0.0000,0.0000,0.0000,3.713386,3.760229,3.736808,,,,,,0,0,0,0,0,0,0,0,0,0,0,0,0,0,0,0,0,0,0,0,0,0,0,0,0,0,0,0,0,0,0,0,0,0,0,0,0,0,0,0,0,0,0,0,0,0,0,0,0,0,0,
Participant,7_3,11_49_49,0.9240,0,0,0,0.9240364,0.0000,0.0000,0.0000,0.0000,0.0000,0.0000,3.742847,3.761093,3.75197,,,,,,0,0,0,0,0,0,0,0,0,0,0,0,0,0,0,0,0,0,0,0,0,0,0,0,0,0,0,0,0,0,0,0,0,0,0,0,0,0,0,0,0,0,0,0,0,0,0,0,0,0,0,
Participant,7_3,11_49_49,0.9273,0,0,0,0.9272631,0.0000,0.0000,0.0000,0.0000,0.0000,0.0000,3.757857,3.722733,3.740295,,,,,,0,0,0,0,0,0,0,0,0,0,0,0,0,0,0,0,0,0,0,0,0,0,0,0,0,0,0,0,0,0,0,0,0,0,0,0,0,0,0,0,0,0,0,0,0,0,0,0,0,0,0,
Participant,7_3,11_49_49,0.9307,0,0,0,0.9306553,0.0000,0.0000,0.0000,0.0000,0.0000,0.0000,3.743489,3.759417,3.751453,,,,,,0,0,0,0,0,0,0,0,0,0,0,0,0,0,0,0,0,0,0,0,0,0,0,0,0,0,0,0,0,0,0,0,0,0,0,0,0,0,0,0,0,0,0,0,0,0,0,0,0,0,0,
Participant,7_3,11_49_49,0.9344,0,0,0,0.9344147,0.0000,0.0000,0.0000,0.0000,0.0000,0.0000,3.768213,3.711921,3.740067,,,,,,0,0,0,0,0,0,0,0,0,0,0,0,0,0,0,0,0,0,0,0,0,0,0,0,0,0,0,0,0,0,0,0,0,0,0,0,0,0,0,0,0,0,0,0,0,0,0,0,0,0,0,
Participant,7_3,11_49_49,0.9379,0,0,0,0.937899,0.0000,0.0000,0.0000,0.0000,0.0000,0.0000,3.747323,3.756372,3.751847,,,,,,0,0,0,0,0,0,0,0,0,0,0,0,0,0,0,0,0,0,0,0,0,0,0,0,0,0,0,0,0,0,0,0,0,0,0,0,0,0,0,0,0,0,0,0,0,0,0,0,0,0,0,
Participant,7_3,11_49_50,0.9417,0,0,0,0.9416605,0.0000,0.0000,0.0000,0.0000,0.0000,0.0000,3.726683,3.752621,3.739652,,,,,,0,0,0,0,0,0,0,0,0,0,0,0,0,0,0,0,0,0,0,0,0,0,0,0,0,0,0,0,0,0,0,0,0,0,0,0,0,0,0,0,0,0,0,0,0,0,0,0,0,0,0,
Participant,7_3,11_49_50,0.9451,0,0,0,0.9450932,0.0000,0.0000,0.0000,0.0000,0.0000,0.0000,3.753215,3.766376,3.759796,,,,,,0,0,0,0,0,0,0,0,0,0,0,0,0,0,0,0,0,0,0,0,0,0,0,0,0,0,0,0,0,0,0,0,0,0,0,0,0,0,0,0,0,0,0,0,0,0,0,0,0,0,0,
Participant,7_3,11_49_50,0.9484,0,0,0,0.9483622,0.0000,0.0000,0.0000,0.0000,0.0000,0.0000,3.715355,3.724903,3.720129,,,,,,0,0,0,0,0,0,0,0,0,0,0,0,0,0,0,0,0,0,0,0,0,0,0,0,0,0,0,0,0,0,0,0,0,0,0,0,0,0,0,0,0,0,0,0,0,0,0,0,0,0,0,
Participant,7_3,11_49_50,0.9516,0,0,0,0.9515669,0.0000,0.0000,0.0000,0.0000,0.0000,0.0000,3.737745,3.75748,3.747612,,,,,,0,0,0,0,0,0,0,0,0,0,0,0,0,0,0,0,0,0,0,0,0,0,0,0,0,0,0,0,0,0,0,0,0,0,0,0,0,0,0,0,0,0,0,0,0,0,0,0,0,0,0,
Participant,7_3,11_49_50,0.9548,0,0,0,0.9547798,0.0000,0.0000,0.0000,0.0000,0.0000,0.0000,3.73041,3.754807,3.742609,,,,,,0,0,0,0,0,0,0,0,0,0,0,0,0,0,0,0,0,0,0,0,0,0,0,0,0,0,0,0,0,0,0,0,0,0,0,0,0,0,0,0,0,0,0,0,0,0,0,0,0,0,0,
Participant,7_3,11_49_50,0.9580,0,0,0,0.9580245,0.0000,0.0000,0.0000,0.0000,0.0000,0.0000,3.749817,3.760373,3.755095,,,,,,0,0,0,0,0,0,0,0,0,0,0,0,0,0,0,0,0,0,0,0,0,0,0,0,0,0,0,0,0,0,0,0,0,0,0,0,0,0,0,0,0,0,0,0,0,0,0,0,0,0,0,
Participant,7_3,11_49_50,0.9613,0,0,0,0.9612824,0.0000,0.0000,0.0000,0.0000,0.0000,0.0000,3.756383,3.743844,3.750114,,,,,,0,0,0,0,0,0,0,0,0,0,0,0,0,0,0,0,0,0,0,0,0,0,0,0,0,0,0,0,0,0,0,0,0,0,0,0,0,0,0,0,0,0,0,0,0,0,0,0,0,0,0,
Participant,7_3,11_49_50,0.9647,0,0,0,0.9647401,0.0000,0.0000,0.0000,0.0000,0.0000,0.0000,3.757791,3.713414,3.735603,,,,,,0,0,0,0,0,0,0,0,0,0,0,0,0,0,0,0,0,0,0,0,0,0,0,0,0,0,0,0,0,0,0,0,0,0,0,0,0,0,0,0,0,0,0,0,0,0,0,0,0,0,0,
Participant,7_3,11_49_50,0.9682,0,0,0,0.9681666,0.0000,0.0000,0.0000,0.0000,0.0000,0.0000,3.737481,3.711518,3.724499,,,,,,0,0,0,0,0,0,0,0,0,0,0,0,0,0,0,0,0,0,0,0,0,0,0,0,0,0,0,0,0,0,0,0,0,0,0,0,0,0,0,0,0,0,0,0,0,0,0,0,0,0,0,
Participant,7_3,11_49_50,0.9714,0,0,0,0.9714229,0.0000,0.0000,0.0000,0.0000,0.0000,0.0000,3.704057,3.703502,3.70378,,,,,,0,0,0,0,0,0,0,0,0,0,0,0,0,0,0,0,0,0,0,0,0,0,0,0,0,0,0,0,0,0,0,0,0,0,0,0,0,0,0,0,0,0,0,0,0,0,0,0,0,0,0,
Participant,7_3,11_49_50,0.9746,0,0,0,0.9746237,0.0000,0.0000,0.0000,0.0000,0.0000,0.0000,3.715524,3.70618,3.710852,,,,,,0,0,0,0,0,0,0,0,0,0,0,0,0,0,0,0,0,0,0,0,0,0,0,0,0,0,0,0,0,0,0,0,0,0,0,0,0,0,0,0,0,0,0,0,0,0,0,0,0,0,0,
Participant,7_3,11_49_50,0.9778,0,0,0,0.9778286,0.0000,0.0000,0.0000,0.0000,0.0000,0.0000,3.728987,3.719087,3.724037,,,,,,0,0,0,0,0,0,0,0,0,0,0,0,0,0,0,0,0,0,0,0,0,0,0,0,0,0,0,0,0,0,0,0,0,0,0,0,0,0,0,0,0,0,0,0,0,0,0,0,0,0,0,
Participant,7_3,11_49_50,0.9811,0,0,0,0.9810623,0.0000,0.0000,0.0000,0.0000,0.0000,0.0000,3.758886,3.708167,3.733526,,,,,,0,0,0,0,0,0,0,0,0,0,0,0,0,0,0,0,0,0,0,0,0,0,0,0,0,0,0,0,0,0,0,0,0,0,0,0,0,0,0,0,0,0,0,0,0,0,0,0,0,0,0,
Participant,7_3,11_49_50,0.9845,0,0,0,0.9845187,0.0000,0.0000,0.0000,0.0000,0.0000,0.0000,3.737278,3.742261,3.73977,,,,,,0,0,0,0,0,0,0,0,0,0,0,0,0,0,0,0,0,0,0,0,0,0,0,0,0,0,0,0,0,0,0,0,0,0,0,0,0,0,0,0,0,0,0,0,0,0,0,0,0,0,0,
Participant,7_3,11_49_50,0.9878,0,0,0,0.9877809,0.0000,0.0000,0.0000,0.0000,0.0000,0.0000,3.714376,3.744274,3.729325,,,,,,0,0,0,0,0,0,0,0,0,0,0,0,0,0,0,0,0,0,0,0,0,0,0,0,0,0,0,0,0,0,0,0,0,0,0,0,0,0,0,0,0,0,0,0,0,0,0,0,0,0,0,
Participant,7_3,11_49_50,0.9911,0,0,0,0.9910702,0.0000,0.0000,0.0000,0.0000,0.0000,0.0000,3.700772,3.737791,3.719281,,,,,,0,0,0,0,0,0,0,0,0,0,0,0,0,0,0,0,0,0,0,0,0,0,0,0,0,0,0,0,0,0,0,0,0,0,0,0,0,0,0,0,0,0,0,0,0,0,0,0,0,0,0,
Participant,7_3,11_49_50,0.9944,0,0,0,0.9944484,0.0000,0.0000,0.0000,0.0000,0.0000,0.0000,3.747209,3.701069,3.724139,,,,,,0,0,0,0,0,0,0,0,0,0,0,0,0,0,0,0,0,0,0,0,0,0,0,0,0,0,0,0,0,0,0,0,0,0,0,0,0,0,0,0,0,0,0,0,0,0,0,0,0,0,0,
Participant,7_3,11_49_50,0.9977,0,0,0,0.9976702,0.0000,0.0000,0.0000,0.0000,0.0000,0.0000,3.732315,3.733586,3.73295,,,,,,0,0,0,0,0,0,0,0,0,0,0,0,0,0,0,0,0,0,0,0,0,0,0,0,0,0,0,0,0,0,0,0,0,0,0,0,0,0,0,0,0,0,0,0,0,0,0,0,0,0,0,
Participant,7_3,11_49_50,1.0009,0,0,0,1.000908,0.0000,0.0000,0.0000,0.0000,0.0000,0.0000,3.740558,3.697384,3.718971,,,,,,0,0,0,0,0,0,0,0,0,0,0,0,0,0,0,0,0,0,0,0,0,0,0,0,0,0,0,0,0,0,0,0,0,0,0,0,0,0,0,0,0,0,0,0,0,0,0,0,0,0,0,
Participant,7_3,11_49_50,1.0043,0,0,0,1.004341,0.0000,0.0000,0.0000,0.0000,0.0000,0.0000,3.755566,3.722802,3.739184,,,,,,0,0,0,0,0,0,0,0,0,0,0,0,0,0,0,0,0,0,0,0,0,0,0,0,0,0,0,0,0,0,0,0,0,0,0,0,0,0,0,0,0,0,0,0,0,0,0,0,0,0,0,
Participant,7_3,11_49_50,1.0106,0,0,0,1.010646,0.0000,0.0000,0.0000,0.0000,0.0000,0.0000,3.731705,3.707631,3.719668,,,,,,0,0,0,0,0,0,0,0,0,0,0,0,0,0,0,0,0,0,0,0,0,0,0,0,0,0,0,0,0,0,0,0,0,0,0,0,0,0,0,0,0,0,0,0,0,0,0,0,0,0,0,
Participant,7_3,11_49_50,1.0140,0,0,0,1.014043,0.0000,0.0000,0.0000,0.0000,0.0000,0.0000,3.715793,3.714186,3.71499,,,,,,0,0,0,0,0,0,0,0,0,0,0,0,0,0,0,0,0,0,0,0,0,0,0,0,0,0,0,0,0,0,0,0,0,0,0,0,0,0,0,0,0,0,0,0,0,0,0,0,0,0,0,
Participant,7_3,11_49_50,1.0175,0,0,0,1.017502,0.0000,0.0000,0.0000,0.0000,0.0000,0.0000,3.726028,3.733362,3.729695,,,,,,0,0,0,0,0,0,0,0,0,0,0,0,0,0,0,0,0,0,0,0,0,0,0,0,0,0,0,0,0,0,0,0,0,0,0,0,0,0,0,0,0,0,0,0,0,0,0,0,0,0,0,
Participant,7_3,11_49_50,1.0208,0,0,0,1.020844,0.0000,0.0000,0.0000,0.0000,0.0000,0.0000,3.693079,3.693242,3.693161,,,,,,0,0,0,0,0,0,0,0,0,0,0,0,0,0,0,0,0,0,0,0,0,0,0,0,0,0,0,0,0,0,0,0,0,0,0,0,0,0,0,0,0,0,0,0,0,0,0,0,0,0,0,
Participant,7_3,11_49_50,1.0244,0,0,0,1.02437,0.0000,0.0000,0.0000,0.0000,0.0000,0.0000,3.698128,3.743731,3.720929,,,,,,0,0,0,0,0,0,0,0,0,0,0,0,0,0,0,0,0,0,0,0,0,0,0,0,0,0,0,0,0,0,0,0,0,0,0,0,0,0,0,0,0,0,0,0,0,0,0,0,0,0,0,
Participant,7_3,11_49_50,1.0278,0,0,0,1.027829,0.0000,0.0000,0.0000,0.0000,0.0000,0.0000,3.75104,3.716771,3.733905,,,,,,0,0,0,0,0,0,0,0,0,0,0,0,0,0,0,0,0,0,0,0,0,0,0,0,0,0,0,0,0,0,0,0,0,0,0,0,0,0,0,0,0,0,0,0,0,0,0,0,0,0,0,
Participant,7_3,11_49_50,1.0312,0,0,0,1.031237,0.0000,0.0000,0.0000,0.0000,0.0000,0.0000,3.729975,3.717219,3.723597,,,,,,0,0,0,0,0,0,0,0,0,0,0,0,0,0,0,0,0,0,0,0,0,0,0,0,0,0,0,0,0,0,0,0,0,0,0,0,0,0,0,0,0,0,0,0,0,0,0,0,0,0,0,
Participant,7_3,11_49_50,1.0347,0,0,0,1.034727,0.0000,0.0000,0.0000,0.0000,0.0000,0.0000,3.710018,3.741427,3.725723,,,,,,0,0,0,0,0,0,0,0,0,0,0,0,0,0,0,0,0,0,0,0,0,0,0,0,0,0,0,0,0,0,0,0,0,0,0,0,0,0,0,0,0,0,0,0,0,0,0,0,0,0,0,
Participant,7_3,11_49_50,1.0383,0,0,0,1.038323,0.0000,0.0000,0.0000,0.0000,0.0000,0.0000,3.73502,3.707774,3.721397,,,,,,0,0,0,0,0,0,0,0,0,0,0,0,0,0,0,0,0,0,0,0,0,0,0,0,0,0,0,0,0,0,0,0,0,0,0,0,0,0,0,0,0,0,0,0,0,0,0,0,0,0,0,
Participant,7_3,11_49_50,1.0416,0,0,0,1.041607,0.0000,0.0000,0.0000,0.0000,0.0000,0.0000,3.72483,3.737527,3.731178,,,,,,0,0,0,0,0,0,0,0,0,0,0,0,0,0,0,0,0,0,0,0,0,0,0,0,0,0,0,0,0,0,0,0,0,0,0,0,0,0,0,0,0,0,0,0,0,0,0,0,0,0,0,
Participant,7_3,11_49_50,1.0456,0,0,0,1.045577,0.0000,0.0000,0.0000,0.0000,0.0000,0.0000,3.702305,3.742778,3.722541,,,,,,0,0,0,0,0,0,0,0,0,0,0,0,0,0,0,0,0,0,0,0,0,0,0,0,0,0,0,0,0,0,0,0,0,0,0,0,0,0,0,0,0,0,0,0,0,0,0,0,0,0,0,
Participant,7_3,11_49_50,1.0491,0,0,0,1.049127,0.0000,0.0000,0.0000,0.0000,0.0000,0.0000,3.725235,3.707655,3.716445,,,,,,0,0,0,0,0,0,0,0,0,0,0,0,0,0,0,0,0,0,0,0,0,0,0,0,0,0,0,0,0,0,0,0,0,0,0,0,0,0,0,0,0,0,0,0,0,0,0,0,0,0,0,
Participant,7_3,11_49_50,1.0525,0,0,0,1.05247,0.0000,0.0000,0.0000,0.0000,0.0000,0.0000,3.725266,3.722284,3.723775,,,,,,0,0,0,0,0,0,0,0,0,0,0,0,0,0,0,0,0,0,0,0,0,0,0,0,0,0,0,0,0,0,0,0,0,0,0,0,0,0,0,0,0,0,0,0,0,0,0,0,0,0,0,
Participant,7_3,11_49_50,1.0559,0,0,0,1.05593,0.0000,0.0000,0.0000,0.0000,0.0000,0.0000,3.692909,3.729614,3.711262,,,,,,0,0,0,0,0,0,0,0,0,0,0,0,0,0,0,0,0,0,0,0,0,0,0,0,0,0,0,0,0,0,0,0,0,0,0,0,0,0,0,0,0,0,0,0,0,0,0,0,0,0,0,
Participant,7_3,11_49_50,1.0592,0,0,0,1.059177,0.0000,0.0000,0.0000,0.0000,0.0000,0.0000,3.724423,3.714,3.719212,,,,,,0,0,0,0,0,0,0,0,0,0,0,0,0,0,0,0,0,0,0,0,0,0,0,0,0,0,0,0,0,0,0,0,0,0,0,0,0,0,0,0,0,0,0,0,0,0,0,0,0,0,0,
Participant,7_3,11_49_50,1.0626,0,0,0,1.062575,0.0000,0.0000,0.0000,0.0000,0.0000,0.0000,3.683002,3.722713,3.702857,,,,,,0,0,0,0,0,0,0,0,0,0,0,0,0,0,0,0,0,0,0,0,0,0,0,0,0,0,0,0,0,0,0,0,0,0,0,0,0,0,0,0,0,0,0,0,0,0,0,0,0,0,0,
Participant,7_3,11_49_50,1.0661,0,0,0,1.066099,0.0000,0.0000,0.0000,0.0000,0.0000,0.0000,3.689417,3.716472,3.702945,,,,,,0,0,0,0,0,0,0,0,0,0,0,0,0,0,0,0,0,0,0,0,0,0,0,0,0,0,0,0,0,0,0,0,0,0,0,0,0,0,0,0,0,0,0,0,0,0,0,0,0,0,0,
Participant,7_3,11_49_50,1.0727,0,0,0,1.072708,0.0000,0.0000,0.0000,0.0000,0.0000,0.0000,3.736166,3.714879,3.725522,,,,,,0,0,0,0,0,0,0,0,0,0,0,0,0,0,0,0,0,0,0,0,0,0,0,0,0,0,0,0,0,0,0,0,0,0,0,0,0,0,0,0,0,0,0,0,0,0,0,0,0,0,0,
Participant,7_3,11_49_50,1.0762,0,0,0,1.076171,0.0000,0.0000,0.0000,0.0000,0.0000,0.0000,3.736928,3.726463,3.731695,,,,,,0,0,0,0,0,0,0,0,0,0,0,0,0,0,0,0,0,0,0,0,0,0,0,0,0,0,0,0,0,0,0,0,0,0,0,0,0,0,0,0,0,0,0,0,0,0,0,0,0,0,0,
Participant,7_3,11_49_50,1.0795,0,0,0,1.07947,0.0000,0.0000,0.0000,0.0000,0.0000,0.0000,3.717299,3.69696,3.707129,,,,,,0,0,0,0,0,0,0,0,0,0,0,0,0,0,0,0,0,0,0,0,0,0,0,0,0,0,0,0,0,0,0,0,0,0,0,0,0,0,0,0,0,0,0,0,0,0,0,0,0,0,0,
Participant,7_3,11_49_50,1.0830,0,0,0,1.082951,0.0000,0.0000,0.0000,0.0000,0.0000,0.0000,3.696516,3.715973,3.706244,,,,,,0,0,0,0,0,0,0,0,0,0,0,0,0,0,0,0,0,0,0,0,0,0,0,0,0,0,0,0,0,0,0,0,0,0,0,0,0,0,0,0,0,0,0,0,0,0,0,0,0,0,0,
Participant,7_3,11_49_50,1.0866,0,0,0,1.086555,0.0000,0.0000,0.0000,0.0000,0.0000,0.0000,3.678945,3.73053,3.704737,,,,,,0,0,0,0,0,0,0,0,0,0,0,0,0,0,0,0,0,0,0,0,0,0,0,0,0,0,0,0,0,0,0,0,0,0,0,0,0,0,0,0,0,0,0,0,0,0,0,0,0,0,0,
Participant,7_3,11_49_50,1.0924,0,0,0,1.092388,0.0000,0.0000,0.0000,0.0000,0.0000,0.0000,3.697407,3.686551,3.691979,,,,,,0,0,0,0,0,0,0,0,0,0,0,0,0,0,0,0,0,0,0,0,0,0,0,0,0,0,0,0,0,0,0,0,0,0,0,0,0,0,0,0,0,0,0,0,0,0,0,0,0,0,0,
Participant,7_3,11_49_50,1.0957,0,0,0,1.095702,0.0000,0.0000,0.0000,0.0000,0.0000,0.0000,3.731592,3.699344,3.715468,,,,,,0,0,0,0,0,0,0,0,0,0,0,0,0,0,0,0,0,0,0,0,0,0,0,0,0,0,0,0,0,0,0,0,0,0,0,0,0,0,0,0,0,0,0,0,0,0,0,0,0,0,0,
Participant,7_3,11_49_50,1.0990,0,0,0,1.098985,0.0000,0.0000,0.0000,0.0000,0.0000,0.0000,3.718471,3.696002,3.707237,,,,,,0,0,0,0,0,0,0,0,0,0,0,0,0,0,0,0,0,0,0,0,0,0,0,0,0,0,0,0,0,0,0,0,0,0,0,0,0,0,0,0,0,0,0,0,0,0,0,0,0,0,0,
Participant,7_3,11_49_50,1.1022,0,0,0,1.102217,0.0000,0.0000,0.0000,0.0000,0.0000,0.0000,3.717024,3.727039,3.722031,,,,,,0,0,0,0,0,0,0,0,0,0,0,0,0,0,0,0,0,0,0,0,0,0,0,0,0,0,0,0,0,0,0,0,0,0,0,0,0,0,0,0,0,0,0,0,0,0,0,0,0,0,0,
Participant,7_3,11_49_50,1.1063,0,0,0,1.106332,0.0000,0.0000,0.0000,0.0000,0.0000,0.0000,3.692167,3.671427,3.681797,,,,,,0,0,0,0,0,0,0,0,0,0,0,0,0,0,0,0,0,0,0,0,0,0,0,0,0,0,0,0,0,0,0,0,0,0,0,0,0,0,0,0,0,0,0,0,0,0,0,0,0,0,0,
Participant,7_3,11_49_50,1.1101,0,0,0,1.110073,0.0000,0.0000,0.0000,0.0000,0.0000,0.0000,3.687799,3.672666,3.680232,,,,,,0,0,0,0,0,0,0,0,0,0,0,0,0,0,0,0,0,0,0,0,0,0,0,0,0,0,0,0,0,0,0,0,0,0,0,0,0,0,0,0,0,0,0,0,0,0,0,0,0,0,0,
Participant,7_3,11_49_50,1.1133,0,0,0,1.113341,0.0000,0.0000,0.0000,0.0000,0.0000,0.0000,3.684822,3.69335,3.689086,,,,,,0,0,0,0,0,0,0,0,0,0,0,0,0,0,0,0,0,0,0,0,0,0,0,0,0,0,0,0,0,0,0,0,0,0,0,0,0,0,0,0,0,0,0,0,0,0,0,0,0,0,0,
Participant,7_3,11_49_50,1.1168,0,0,0,1.116779,0.0000,0.0000,0.0000,0.0000,0.0000,0.0000,3.72705,3.715873,3.721462,,,,,,0,0,0,0,0,0,0,0,0,0,0,0,0,0,0,0,0,0,0,0,0,0,0,0,0,0,0,0,0,0,0,0,0,0,0,0,0,0,0,0,0,0,0,0,0,0,0,0,0,0,0,
Participant,7_3,11_49_50,1.1203,0,0,0,1.120322,0.0000,0.0000,0.0000,0.0000,0.0000,0.0000,3.694204,3.714084,3.704144,,,,,,0,0,0,0,0,0,0,0,0,0,0,0,0,0,0,0,0,0,0,0,0,0,0,0,0,0,0,0,0,0,0,0,0,0,0,0,0,0,0,0,0,0,0,0,0,0,0,0,0,0,0,
Participant,7_3,11_49_50,1.1238,0,0,0,1.12378,0.0000,0.0000,0.0000,0.0000,0.0000,0.0000,3.713852,3.674545,3.694198,,,,,,0,0,0,0,0,0,0,0,0,0,0,0,0,0,0,0,0,0,0,0,0,0,0,0,0,0,0,0,0,0,0,0,0,0,0,0,0,0,0,0,0,0,0,0,0,0,0,0,0,0,0,
Participant,7_3,11_49_50,1.1275,0,0,0,1.127506,0.0000,0.0000,0.0000,0.0000,0.0000,0.0000,3.715131,3.696769,3.70595,,,,,,0,0,0,0,0,0,0,0,0,0,0,0,0,0,0,0,0,0,0,0,0,0,0,0,0,0,0,0,0,0,0,0,0,0,0,0,0,0,0,0,0,0,0,0,0,0,0,0,0,0,0,
Participant,7_3,11_49_50,1.1310,0,0,0,1.130975,0.0000,0.0000,0.0000,0.0000,0.0000,0.0000,3.708789,3.712448,3.710618,,,,,,0,0,0,0,0,0,0,0,0,0,0,0,0,0,0,0,0,0,0,0,0,0,0,0,0,0,0,0,0,0,0,0,0,0,0,0,0,0,0,0,0,0,0,0,0,0,0,0,0,0,0,
Participant,7_3,11_49_50,1.1343,0,0,0,1.134282,0.0000,0.0000,0.0000,0.0000,0.0000,0.0000,3.715582,3.666016,3.690799,,,,,,0,0,0,0,0,0,0,0,0,0,0,0,0,0,0,0,0,0,0,0,0,0,0,0,0,0,0,0,0,0,0,0,0,0,0,0,0,0,0,0,0,0,0,0,0,0,0,0,0,0,0,
Participant,7_3,11_49_50,1.1376,0,0,0,1.13756,0.0000,0.0000,0.0000,0.0000,0.0000,0.0000,3.707871,3.7023,3.705086,,,,,,0,0,0,0,0,0,0,0,0,0,0,0,0,0,0,0,0,0,0,0,0,0,0,0,0,0,0,0,0,0,0,0,0,0,0,0,0,0,0,0,0,0,0,0,0,0,0,0,0,0,0,
Participant,7_3,11_49_50,1.1408,0,0,0,1.1408,0.0000,0.0000,0.0000,0.0000,0.0000,0.0000,3.663498,3.661232,3.662365,,,,,,0,0,0,0,0,0,0,0,0,0,0,0,0,0,0,0,0,0,0,0,0,0,0,0,0,0,0,0,0,0,0,0,0,0,0,0,0,0,0,0,0,0,0,0,0,0,0,0,0,0,0,
Participant,7_3,11_49_50,1.1444,0,0,0,1.144369,0.0000,0.0000,0.0000,0.0000,0.0000,0.0000,3.716376,3.676917,3.696647,,,,,,0,0,0,0,0,0,0,0,0,0,0,0,0,0,0,0,0,0,0,0,0,0,0,0,0,0,0,0,0,0,0,0,0,0,0,0,0,0,0,0,0,0,0,0,0,0,0,0,0,0,0,
Participant,7_3,11_49_50,1.1476,0,0,0,1.147601,0.0000,0.0000,0.0000,0.0000,0.0000,0.0000,3.661715,3.684204,3.672959,,,,,,0,0,0,0,0,0,0,0,0,0,0,0,0,0,0,0,0,0,0,0,0,0,0,0,0,0,0,0,0,0,0,0,0,0,0,0,0,0,0,0,0,0,0,0,0,0,0,0,0,0,0,
Participant,7_3,11_49_50,1.1508,0,0,0,1.150824,0.0000,0.0000,0.0000,0.0000,0.0000,0.0000,3.715657,3.669096,3.692377,,,,,,0,0,0,0,0,0,0,0,0,0,0,0,0,0,0,0,0,0,0,0,0,0,0,0,0,0,0,0,0,0,0,0,0,0,0,0,0,0,0,0,0,0,0,0,0,0,0,0,0,0,0,
Participant,7_3,11_49_50,1.1540,0,0,0,1.154045,0.0000,0.0000,0.0000,0.0000,0.0000,0.0000,3.673958,3.658398,3.666178,,,,,,0,0,0,0,0,0,0,0,0,0,0,0,0,0,0,0,0,0,0,0,0,0,0,0,0,0,0,0,0,0,0,0,0,0,0,0,0,0,0,0,0,0,0,0,0,0,0,0,0,0,0,
Participant,7_3,11_49_50,1.1573,0,0,0,1.157315,0.0000,0.0000,0.0000,0.0000,0.0000,0.0000,3.690729,3.658544,3.674637,,,,,,0,0,0,0,0,0,0,0,0,0,0,0,0,0,0,0,0,0,0,0,0,0,0,0,0,0,0,0,0,0,0,0,0,0,0,0,0,0,0,0,0,0,0,0,0,0,0,0,0,0,0,
Participant,7_3,11_49_50,1.1607,0,0,0,1.160652,0.0000,0.0000,0.0000,0.0000,0.0000,0.0000,3.685228,3.668087,3.676657,,,,,,0,0,0,0,0,0,0,0,0,0,0,0,0,0,0,0,0,0,0,0,0,0,0,0,0,0,0,0,0,0,0,0,0,0,0,0,0,0,0,0,0,0,0,0,0,0,0,0,0,0,0,
Participant,7_3,11_49_50,1.1641,0,0,0,1.164124,0.0000,0.0000,0.0000,0.0000,0.0000,0.0000,3.697881,3.667882,3.682882,,,,,,0,0,0,0,0,0,0,0,0,0,0,0,0,0,0,0,0,0,0,0,0,0,0,0,0,0,0,0,0,0,0,0,0,0,0,0,0,0,0,0,0,0,0,0,0,0,0,0,0,0,0,
Participant,7_3,11_49_50,1.1676,0,0,0,1.167576,0.0000,0.0000,0.0000,0.0000,0.0000,0.0000,3.678784,3.688966,3.683875,,,,,,0,0,0,0,0,0,0,0,0,0,0,0,0,0,0,0,0,0,0,0,0,0,0,0,0,0,0,0,0,0,0,0,0,0,0,0,0,0,0,0,0,0,0,0,0,0,0,0,0,0,0,
Participant,7_3,11_49_50,1.1709,0,0,0,1.170873,0.0000,0.0000,0.0000,0.0000,0.0000,0.0000,3.706286,3.689481,3.697884,,,,,,0,0,0,0,0,0,0,0,0,0,0,0,0,0,0,0,0,0,0,0,0,0,0,0,0,0,0,0,0,0,0,0,0,0,0,0,0,0,0,0,0,0,0,0,0,0,0,0,0,0,0,
Participant,7_3,11_49_50,1.1741,0,0,0,1.174107,0.0000,0.0000,0.0000,0.0000,0.0000,0.0000,3.705332,3.652971,3.679152,,,,,,0,0,0,0,0,0,0,0,0,0,0,0,0,0,0,0,0,0,0,0,0,0,0,0,0,0,0,0,0,0,0,0,0,0,0,0,0,0,0,0,0,0,0,0,0,0,0,0,0,0,0,
Participant,7_3,11_49_50,1.1774,0,0,0,1.177412,0.0000,0.0000,0.0000,0.0000,0.0000,0.0000,3.6638,3.653491,3.658646,,,,,,0,0,0,0,0,0,0,0,0,0,0,0,0,0,0,0,0,0,0,0,0,0,0,0,0,0,0,0,0,0,0,0,0,0,0,0,0,0,0,0,0,0,0,0,0,0,0,0,0,0,0,
Participant,7_3,11_49_50,1.1807,0,0,0,1.180686,0.0000,0.0000,0.0000,0.0000,0.0000,0.0000,3.687701,3.656842,3.672272,,,,,,0,0,0,0,0,0,0,0,0,0,0,0,0,0,0,0,0,0,0,0,0,0,0,0,0,0,0,0,0,0,0,0,0,0,0,0,0,0,0,0,0,0,0,0,0,0,0,0,0,0,0,
Participant,7_3,11_49_50,1.1842,0,0,0,1.184221,0.0000,0.0000,0.0000,0.0000,0.0000,0.0000,3.693651,3.664149,3.6789,,,,,,0,0,0,0,0,0,0,0,0,0,0,0,0,0,0,0,0,0,0,0,0,0,0,0,0,0,0,0,0,0,0,0,0,0,0,0,0,0,0,0,0,0,0,0,0,0,0,0,0,0,0,
Participant,7_3,11_49_50,1.1875,0,0,0,1.187488,0.0000,0.0000,0.0000,0.0000,0.0000,0.0000,3.645388,3.646609,3.645998,,,,,,0,0,0,0,0,0,0,0,0,0,0,0,0,0,0,0,0,0,0,0,0,0,0,0,0,0,0,0,0,0,0,0,0,0,0,0,0,0,0,0,0,0,0,0,0,0,0,0,0,0,0,
Participant,7_3,11_49_50,1.1908,0,0,0,1.19075,0.0000,0.0000,0.0000,0.0000,0.0000,0.0000,3.689717,3.699905,3.694811,,,,,,0,0,0,0,0,0,0,0,0,0,0,0,0,0,0,0,0,0,0,0,0,0,0,0,0,0,0,0,0,0,0,0,0,0,0,0,0,0,0,0,0,0,0,0,0,0,0,0,0,0,0,
Participant,7_3,11_49_50,1.1940,0,0,0,1.193965,0.0000,0.0000,0.0000,0.0000,0.0000,0.0000,3.650179,3.65816,3.654169,,,,,,0,0,0,0,0,0,0,0,0,0,0,0,0,0,0,0,0,0,0,0,0,0,0,0,0,0,0,0,0,0,0,0,0,0,0,0,0,0,0,0,0,0,0,0,0,0,0,0,0,0,0,
Participant,7_3,11_49_50,1.1973,0,0,0,1.197271,0.0000,0.0000,0.0000,0.0000,0.0000,0.0000,3.666749,3.697677,3.682213,,,,,,0,0,0,0,0,0,0,0,0,0,0,0,0,0,0,0,0,0,0,0,0,0,0,0,0,0,0,0,0,0,0,0,0,0,0,0,0,0,0,0,0,0,0,0,0,0,0,0,0,0,0,
Participant,7_3,11_49_50,1.2005,0,0,0,1.200549,0.0000,0.0000,0.0000,0.0000,0.0000,0.0000,3.672812,3.683546,3.678179,,,,,,0,0,0,0,0,0,0,0,0,0,0,0,0,0,0,0,0,0,0,0,0,0,0,0,0,0,0,0,0,0,0,0,0,0,0,0,0,0,0,0,0,0,0,0,0,0,0,0,0,0,0,
Participant,7_3,11_49_50,1.2040,0,0,0,1.203982,0.0000,0.0000,0.0000,0.0000,0.0000,0.0000,3.679398,3.649151,3.664275,,,,,,0,0,0,0,0,0,0,0,0,0,0,0,0,0,0,0,0,0,0,0,0,0,0,0,0,0,0,0,0,0,0,0,0,0,0,0,0,0,0,0,0,0,0,0,0,0,0,0,0,0,0,
Participant,7_3,11_49_50,1.2072,0,0,0,1.207234,0.0000,0.0000,0.0000,0.0000,0.0000,0.0000,3.666431,3.673441,3.669936,,,,,,0,0,0,0,0,0,0,0,0,0,0,0,0,0,0,0,0,0,0,0,0,0,0,0,0,0,0,0,0,0,0,0,0,0,0,0,0,0,0,0,0,0,0,0,0,0,0,0,0,0,0,
Participant,7_3,11_49_50,1.2131,0,0,0,1.213096,0.0000,0.0000,0.0000,0.0000,0.0000,0.0000,3.643309,3.685295,3.664302,,,,,,0,0,0,0,0,0,0,0,0,0,0,0,0,0,0,0,0,0,0,0,0,0,0,0,0,0,0,0,0,0,0,0,0,0,0,0,0,0,0,0,0,0,0,0,0,0,0,0,0,0,0,
Participant,7_3,11_49_50,1.2164,0,0,0,1.216402,0.0000,0.0000,0.0000,0.0000,0.0000,0.0000,3.658816,3.682148,3.670482,,,,,,0,0,0,0,0,0,0,0,0,0,0,0,0,0,0,0,0,0,0,0,0,0,0,0,0,0,0,0,0,0,0,0,0,0,0,0,0,0,0,0,0,0,0,0,0,0,0,0,0,0,0,
Participant,7_3,11_49_50,1.2202,0,0,0,1.220197,0.0000,0.0000,0.0000,0.0000,0.0000,0.0000,3.654957,3.673726,3.664341,,,,,,0,0,0,0,0,0,0,0,0,0,0,0,0,0,0,0,0,0,0,0,0,0,0,0,0,0,0,0,0,0,0,0,0,0,0,0,0,0,0,0,0,0,0,0,0,0,0,0,0,0,0,
Participant,7_3,11_49_50,1.2239,0,0,0,1.223859,0.0000,0.0000,0.0000,0.0000,0.0000,0.0000,3.641794,3.674173,3.657983,,,,,,0,0,0,0,0,0,0,0,0,0,0,0,0,0,0,0,0,0,0,0,0,0,0,0,0,0,0,0,0,0,0,0,0,0,0,0,0,0,0,0,0,0,0,0,0,0,0,0,0,0,0,
Participant,7_3,11_49_50,1.2271,0,0,0,1.22708,0.0000,0.0000,0.0000,0.0000,0.0000,0.0000,3.632239,3.678712,3.655475,,,,,,0,0,0,0,0,0,0,0,0,0,0,0,0,0,0,0,0,0,0,0,0,0,0,0,0,0,0,0,0,0,0,0,0,0,0,0,0,0,0,0,0,0,0,0,0,0,0,0,0,0,0,
Participant,7_3,11_49_50,1.2304,0,0,0,1.230384,0.0000,0.0000,0.0000,0.0000,0.0000,0.0000,3.640655,3.676246,3.65845,,,,,,0,0,0,0,0,0,0,0,0,0,0,0,0,0,0,0,0,0,0,0,0,0,0,0,0,0,0,0,0,0,0,0,0,0,0,0,0,0,0,0,0,0,0,0,0,0,0,0,0,0,0,
Participant,7_3,11_49_50,1.2338,0,0,0,1.233755,0.0000,0.0000,0.0000,0.0000,0.0000,0.0000,3.683957,3.675942,3.679949,,,,,,0,0,0,0,0,0,0,0,0,0,0,0,0,0,0,0,0,0,0,0,0,0,0,0,0,0,0,0,0,0,0,0,0,0,0,0,0,0,0,0,0,0,0,0,0,0,0,0,0,0,0,
Participant,7_3,11_49_50,1.2370,0,0,0,1.237021,0.0000,0.0000,0.0000,0.0000,0.0000,0.0000,3.683225,3.660948,3.672087,,,,,,0,0,0,0,0,0,0,0,0,0,0,0,0,0,0,0,0,0,0,0,0,0,0,0,0,0,0,0,0,0,0,0,0,0,0,0,0,0,0,0,0,0,0,0,0,0,0,0,0,0,0,
Participant,7_3,11_49_50,1.2404,0,0,0,1.240381,0.0000,0.0000,0.0000,0.0000,0.0000,0.0000,3.634486,3.678911,3.656698,,,,,,0,0,0,0,0,0,0,0,0,0,0,0,0,0,0,0,0,0,0,0,0,0,0,0,0,0,0,0,0,0,0,0,0,0,0,0,0,0,0,0,0,0,0,0,0,0,0,0,0,0,0,
Participant,7_3,11_49_50,1.2438,0,0,0,1.243841,0.0000,0.0000,0.0000,0.0000,0.0000,0.0000,3.674805,3.678883,3.676844,,,,,,0,0,0,0,0,0,0,0,0,0,0,0,0,0,0,0,0,0,0,0,0,0,0,0,0,0,0,0,0,0,0,0,0,0,0,0,0,0,0,0,0,0,0,0,0,0,0,0,0,0,0,
Participant,7_3,11_49_50,1.2471,0,0,0,1.247109,0.0000,0.0000,0.0000,0.0000,0.0000,0.0000,3.673989,3.664484,3.669237,,,,,,0,0,0,0,0,0,0,0,0,0,0,0,0,0,0,0,0,0,0,0,0,0,0,0,0,0,0,0,0,0,0,0,0,0,0,0,0,0,0,0,0,0,0,0,0,0,0,0,0,0,0,
Participant,7_3,11_49_50,1.2504,0,0,0,1.250398,0.0000,0.0000,0.0000,0.0000,0.0000,0.0000,3.661342,3.635957,3.648649,,,,,,0,0,0,0,0,0,0,0,0,0,0,0,0,0,0,0,0,0,0,0,0,0,0,0,0,0,0,0,0,0,0,0,0,0,0,0,0,0,0,0,0,0,0,0,0,0,0,0,0,0,0,
Participant,7_3,11_49_50,1.2538,0,0,0,1.253798,0.0000,0.0000,0.0000,0.0000,0.0000,0.0000,3.649471,3.661774,3.655623,,,,,,0,0,0,0,0,0,0,0,0,0,0,0,0,0,0,0,0,0,0,0,0,0,0,0,0,0,0,0,0,0,0,0,0,0,0,0,0,0,0,0,0,0,0,0,0,0,0,0,0,0,0,
Participant,7_3,11_49_50,1.2572,0,0,0,1.257198,0.0000,0.0000,0.0000,0.0000,0.0000,0.0000,3.654656,3.633594,3.644125,,,,,,0,0,0,0,0,0,0,0,0,0,0,0,0,0,0,0,0,0,0,0,0,0,0,0,0,0,0,0,0,0,0,0,0,0,0,0,0,0,0,0,0,0,0,0,0,0,0,0,0,0,0,
Participant,7_3,11_49_50,1.2604,0,0,0,1.260443,0.0000,0.0000,0.0000,0.0000,0.0000,0.0000,3.621923,3.673358,3.647641,,,,,,0,0,0,0,0,0,0,0,0,0,0,0,0,0,0,0,0,0,0,0,0,0,0,0,0,0,0,0,0,0,0,0,0,0,0,0,0,0,0,0,0,0,0,0,0,0,0,0,0,0,0,
Participant,7_3,11_49_50,1.2639,0,0,0,1.263855,0.0000,0.0000,0.0000,0.0000,0.0000,0.0000,3.617739,3.65722,3.63748,,,,,,0,0,0,0,0,0,0,0,0,0,0,0,0,0,0,0,0,0,0,0,0,0,0,0,0,0,0,0,0,0,0,0,0,0,0,0,0,0,0,0,0,0,0,0,0,0,0,0,0,0,0,
Participant,7_3,11_49_50,1.2672,0,0,0,1.267183,0.0000,0.0000,0.0000,0.0000,0.0000,0.0000,3.615277,3.658941,3.637109,,,,,,0,0,0,0,0,0,0,0,0,0,0,0,0,0,0,0,0,0,0,0,0,0,0,0,0,0,0,0,0,0,0,0,0,0,0,0,0,0,0,0,0,0,0,0,0,0,0,0,0,0,0,
Participant,7_3,11_49_50,1.2706,0,0,0,1.270608,0.0000,0.0000,0.0000,0.0000,0.0000,0.0000,3.671184,3.633115,3.65215,,,,,,0,0,0,0,0,0,0,0,0,0,0,0,0,0,0,0,0,0,0,0,0,0,0,0,0,0,0,0,0,0,0,0,0,0,0,0,0,0,0,0,0,0,0,0,0,0,0,0,0,0,0,
Participant,7_3,11_49_50,1.2740,0,0,0,1.273979,0.0000,0.0000,0.0000,0.0000,0.0000,0.0000,3.641735,3.63656,3.639147,,,,,,0,0,0,0,0,0,0,0,0,0,0,0,0,0,0,0,0,0,0,0,0,0,0,0,0,0,0,0,0,0,0,0,0,0,0,0,0,0,0,0,0,0,0,0,0,0,0,0,0,0,0,
Participant,7_3,11_49_50,1.2774,0,0,0,1.277388,0.0000,0.0000,0.0000,0.0000,0.0000,0.0000,3.615402,3.643856,3.629629,,,,,,0,0,0,0,0,0,0,0,0,0,0,0,0,0,0,0,0,0,0,0,0,0,0,0,0,0,0,0,0,0,0,0,0,0,0,0,0,0,0,0,0,0,0,0,0,0,0,0,0,0,0,
Participant,7_3,11_49_50,1.2807,0,0,0,1.280738,0.0000,0.0000,0.0000,0.0000,0.0000,0.0000,3.619478,3.657233,3.638355,,,,,,0,0,0,0,0,0,0,0,0,0,0,0,0,0,0,0,0,0,0,0,0,0,0,0,0,0,0,0,0,0,0,0,0,0,0,0,0,0,0,0,0,0,0,0,0,0,0,0,0,0,0,
Participant,7_3,11_49_50,1.2847,0,0,0,1.284742,0.0000,0.0000,0.0000,0.0000,0.0000,0.0000,3.630352,3.614898,3.622625,,,,,,0,0,0,0,0,0,0,0,0,0,0,0,0,0,0,0,0,0,0,0,0,0,0,0,0,0,0,0,0,0,0,0,0,0,0,0,0,0,0,0,0,0,0,0,0,0,0,0,0,0,0,
Participant,7_3,11_49_50,1.2882,0,0,0,1.288168,0.0000,0.0000,0.0000,0.0000,0.0000,0.0000,3.655118,3.654511,3.654814,,,,,,0,0,0,0,0,0,0,0,0,0,0,0,0,0,0,0,0,0,0,0,0,0,0,0,0,0,0,0,0,0,0,0,0,0,0,0,0,0,0,0,0,0,0,0,0,0,0,0,0,0,0,
Participant,7_3,11_49_50,1.2916,0,0,0,1.291566,0.0000,0.0000,0.0000,0.0000,0.0000,0.0000,3.657863,3.637648,3.647755,,,,,,0,0,0,0,0,0,0,0,0,0,0,0,0,0,0,0,0,0,0,0,0,0,0,0,0,0,0,0,0,0,0,0,0,0,0,0,0,0,0,0,0,0,0,0,0,0,0,0,0,0,0,
Participant,7_3,11_49_50,1.2948,0,0,0,1.294781,0.0000,0.0000,0.0000,0.0000,0.0000,0.0000,3.63483,3.627525,3.631177,,,,,,0,0,0,0,0,0,0,0,0,0,0,0,0,0,0,0,0,0,0,0,0,0,0,0,0,0,0,0,0,0,0,0,0,0,0,0,0,0,0,0,0,0,0,0,0,0,0,0,0,0,0,
Participant,7_3,11_49_50,1.2982,0,0,0,1.29815,0.0000,0.0000,0.0000,0.0000,0.0000,0.0000,3.65524,3.621198,3.638219,,,,,,0,0,0,0,0,0,0,0,0,0,0,0,0,0,0,0,0,0,0,0,0,0,0,0,0,0,0,0,0,0,0,0,0,0,0,0,0,0,0,0,0,0,0,0,0,0,0,0,0,0,0,
Participant,7_3,11_49_50,1.3017,0,0,0,1.301706,0.0000,0.0000,0.0000,0.0000,0.0000,0.0000,3.635513,3.638267,3.63689,,,,,,0,0,0,0,0,0,0,0,0,0,0,0,0,0,0,0,0,0,0,0,0,0,0,0,0,0,0,0,0,0,0,0,0,0,0,0,0,0,0,0,0,0,0,0,0,0,0,0,0,0,0,
Participant,7_3,11_49_50,1.3054,0,0,0,1.305381,0.0000,0.0000,0.0000,0.0000,0.0000,0.0000,3.600305,3.610637,3.605471,,,,,,0,0,0,0,0,0,0,0,0,0,0,0,0,0,0,0,0,0,0,0,0,0,0,0,0,0,0,0,0,0,0,0,0,0,0,0,0,0,0,0,0,0,0,0,0,0,0,0,0,0,0,
Participant,7_3,11_49_50,1.3086,0,0,0,1.308644,0.0000,0.0000,0.0000,0.0000,0.0000,0.0000,3.650637,3.606342,3.628489,,,,,,0,0,0,0,0,0,0,0,0,0,0,0,0,0,0,0,0,0,0,0,0,0,0,0,0,0,0,0,0,0,0,0,0,0,0,0,0,0,0,0,0,0,0,0,0,0,0,0,0,0,0,
Participant,7_3,11_49_50,1.3119,0,0,0,1.311866,0.0000,0.0000,0.0000,0.0000,0.0000,0.0000,3.653198,3.645453,3.649326,,,,,,0,0,0,0,0,0,0,0,0,0,0,0,0,0,0,0,0,0,0,0,0,0,0,0,0,0,0,0,0,0,0,0,0,0,0,0,0,0,0,0,0,0,0,0,0,0,0,0,0,0,0,
Participant,7_3,11_49_50,1.3151,0,0,0,1.315119,0.0000,0.0000,0.0000,0.0000,0.0000,0.0000,3.641525,3.637435,3.63948,,,,,,0,0,0,0,0,0,0,0,0,0,0,0,0,0,0,0,0,0,0,0,0,0,0,0,0,0,0,0,0,0,0,0,0,0,0,0,0,0,0,0,0,0,0,0,0,0,0,0,0,0,0,
Participant,7_3,11_49_50,1.3184,0,0,0,1.318424,0.0000,0.0000,0.0000,0.0000,0.0000,0.0000,3.649426,3.648808,3.649117,,,,,,0,0,0,0,0,0,0,0,0,0,0,0,0,0,0,0,0,0,0,0,0,0,0,0,0,0,0,0,0,0,0,0,0,0,0,0,0,0,0,0,0,0,0,0,0,0,0,0,0,0,0,
Participant,7_3,11_49_50,1.3219,0,0,0,1.32188,0.0000,0.0000,0.0000,0.0000,0.0000,0.0000,3.643323,3.604158,3.62374,,,,,,0,0,0,0,0,0,0,0,0,0,0,0,0,0,0,0,0,0,0,0,0,0,0,0,0,0,0,0,0,0,0,0,0,0,0,0,0,0,0,0,0,0,0,0,0,0,0,0,0,0,0,
Participant,7_3,11_49_50,1.3255,0,0,0,1.325549,0.0000,0.0000,0.0000,0.0000,0.0000,0.0000,3.626668,3.616529,3.621598,,,,,,0,0,0,0,0,0,0,0,0,0,0,0,0,0,0,0,0,0,0,0,0,0,0,0,0,0,0,0,0,0,0,0,0,0,0,0,0,0,0,0,0,0,0,0,0,0,0,0,0,0,0,
Participant,7_3,11_49_50,1.3289,0,0,0,1.328938,0.0000,0.0000,0.0000,0.0000,0.0000,0.0000,3.625736,3.609845,3.617791,,,,,,0,0,0,0,0,0,0,0,0,0,0,0,0,0,0,0,0,0,0,0,0,0,0,0,0,0,0,0,0,0,0,0,0,0,0,0,0,0,0,0,0,0,0,0,0,0,0,0,0,0,0,
Participant,7_3,11_49_50,1.3323,0,0,0,1.332257,0.0000,0.0000,0.0000,0.0000,0.0000,0.0000,3.633423,3.641233,3.637328,,,,,,0,0,0,0,0,0,0,0,0,0,0,0,0,0,0,0,0,0,0,0,0,0,0,0,0,0,0,0,0,0,0,0,0,0,0,0,0,0,0,0,0,0,0,0,0,0,0,0,0,0,0,
Participant,7_3,11_49_50,1.3355,0,0,0,1.335465,0.0000,0.0000,0.0000,0.0000,0.0000,0.0000,3.606349,3.591711,3.59903,,,,,,0,0,0,0,0,0,0,0,0,0,0,0,0,0,0,0,0,0,0,0,0,0,0,0,0,0,0,0,0,0,0,0,0,0,0,0,0,0,0,0,0,0,0,0,0,0,0,0,0,0,0,
Participant,7_3,11_49_50,1.3387,0,0,0,1.338689,0.0000,0.0000,0.0000,0.0000,0.0000,0.0000,3.609226,3.638988,3.624107,,,,,,0,0,0,0,0,0,0,0,0,0,0,0,0,0,0,0,0,0,0,0,0,0,0,0,0,0,0,0,0,0,0,0,0,0,0,0,0,0,0,0,0,0,0,0,0,0,0,0,0,0,0,
Participant,7_3,11_49_50,1.3425,0,0,0,1.342465,0.0000,0.0000,0.0000,0.0000,0.0000,0.0000,3.602647,3.61026,3.606453,,,,,,0,0,0,0,0,0,0,0,0,0,0,0,0,0,0,0,0,0,0,0,0,0,0,0,0,0,0,0,0,0,0,0,0,0,0,0,0,0,0,0,0,0,0,0,0,0,0,0,0,0,0,
Participant,7_3,11_49_50,1.3461,0,0,0,1.346092,0.0000,0.0000,0.0000,0.0000,0.0000,0.0000,3.634447,3.591265,3.612856,,,,,,0,0,0,0,0,0,0,0,0,0,0,0,0,0,0,0,0,0,0,0,0,0,0,0,0,0,0,0,0,0,0,0,0,0,0,0,0,0,0,0,0,0,0,0,0,0,0,0,0,0,0,
Participant,7_3,11_49_50,1.3495,0,0,0,1.349456,0.0000,0.0000,0.0000,0.0000,0.0000,0.0000,3.636748,3.577381,3.607065,,,,,,0,0,0,0,0,0,0,0,0,0,0,0,0,0,0,0,0,0,0,0,0,0,0,0,0,0,0,0,0,0,0,0,0,0,0,0,0,0,0,0,0,0,0,0,0,0,0,0,0,0,0,
Participant,7_3,11_49_50,1.3528,0,0,0,1.35277,0.0000,0.0000,0.0000,0.0000,0.0000,0.0000,3.57908,3.594952,3.587016,,,,,,0,0,0,0,0,0,0,0,0,0,0,0,0,0,0,0,0,0,0,0,0,0,0,0,0,0,0,0,0,0,0,0,0,0,0,0,0,0,0,0,0,0,0,0,0,0,0,0,0,0,0,
Participant,7_3,11_49_50,1.3560,0,0,0,1.356012,0.0000,0.0000,0.0000,0.0000,0.0000,0.0000,3.613257,3.584505,3.598881,,,,,,0,0,0,0,0,0,0,0,0,0,0,0,0,0,0,0,0,0,0,0,0,0,0,0,0,0,0,0,0,0,0,0,0,0,0,0,0,0,0,0,0,0,0,0,0,0,0,0,0,0,0,
Participant,7_3,11_49_50,1.3594,0,0,0,1.35941,0.0000,0.0000,0.0000,0.0000,0.0000,0.0000,3.585127,3.584796,3.584962,,,,,,0,0,0,0,0,0,0,0,0,0,0,0,0,0,0,0,0,0,0,0,0,0,0,0,0,0,0,0,0,0,0,0,0,0,0,0,0,0,0,0,0,0,0,0,0,0,0,0,0,0,0,
Participant,7_3,11_49_50,1.3629,0,0,0,1.362891,0.0000,0.0000,0.0000,0.0000,0.0000,0.0000,3.571606,3.577848,3.574727,,,,,,0,0,0,0,0,0,0,0,0,0,0,0,0,0,0,0,0,0,0,0,0,0,0,0,0,0,0,0,0,0,0,0,0,0,0,0,0,0,0,0,0,0,0,0,0,0,0,0,0,0,0,
Participant,7_3,11_49_50,1.3664,0,0,0,1.366446,0.0000,0.0000,0.0000,0.0000,0.0000,0.0000,3.578354,3.578962,3.578658,,,,,,0,0,0,0,0,0,0,0,0,0,0,0,0,0,0,0,0,0,0,0,0,0,0,0,0,0,0,0,0,0,0,0,0,0,0,0,0,0,0,0,0,0,0,0,0,0,0,0,0,0,0,
Participant,7_3,11_49_50,1.3697,0,0,0,1.36974,0.0000,0.0000,0.0000,0.0000,0.0000,0.0000,3.607378,3.604715,3.606046,,,,,,0,0,0,0,0,0,0,0,0,0,0,0,0,0,0,0,0,0,0,0,0,0,0,0,0,0,0,0,0,0,0,0,0,0,0,0,0,0,0,0,0,0,0,0,0,0,0,0,0,0,0,
Participant,7_3,11_49_50,1.3732,0,0,0,1.373178,0.0000,0.0000,0.0000,0.0000,0.0000,0.0000,3.609877,3.575111,3.592494,,,,,,0,0,0,0,0,0,0,0,0,0,0,0,0,0,0,0,0,0,0,0,0,0,0,0,0,0,0,0,0,0,0,0,0,0,0,0,0,0,0,0,0,0,0,0,0,0,0,0,0,0,0,
Participant,7_3,11_49_50,1.3767,0,0,0,1.376659,0.0000,0.0000,0.0000,0.0000,0.0000,0.0000,3.599469,3.619786,3.609627,,,,,,0,0,0,0,0,0,0,0,0,0,0,0,0,0,0,0,0,0,0,0,0,0,0,0,0,0,0,0,0,0,0,0,0,0,0,0,0,0,0,0,0,0,0,0,0,0,0,0,0,0,0,
Participant,7_3,11_49_50,1.3800,0,0,0,1.380017,0.0000,0.0000,0.0000,0.0000,0.0000,0.0000,3.618049,3.563823,3.590936,,,,,,0,0,0,0,0,0,0,0,0,0,0,0,0,0,0,0,0,0,0,0,0,0,0,0,0,0,0,0,0,0,0,0,0,0,0,0,0,0,0,0,0,0,0,0,0,0,0,0,0,0,0,
Participant,7_3,11_49_50,1.3837,0,0,0,1.383717,0.0000,0.0000,0.0000,0.0000,0.0000,0.0000,3.620702,3.577757,3.59923,,,,,,0,0,0,0,0,0,0,0,0,0,0,0,0,0,0,0,0,0,0,0,0,0,0,0,0,0,0,0,0,0,0,0,0,0,0,0,0,0,0,0,0,0,0,0,0,0,0,0,0,0,0,
Participant,7_3,11_49_50,1.3872,0,0,0,1.387232,0.0000,0.0000,0.0000,0.0000,0.0000,0.0000,3.587117,3.574336,3.580726,,,,,,0,0,0,0,0,0,0,0,0,0,0,0,0,0,0,0,0,0,0,0,0,0,0,0,0,0,0,0,0,0,0,0,0,0,0,0,0,0,0,0,0,0,0,0,0,0,0,0,0,0,0,
Participant,7_3,11_49_50,1.3908,0,0,0,1.390786,0.0000,0.0000,0.0000,0.0000,0.0000,0.0000,3.585974,3.57378,3.579877,,,,,,0,0,0,0,0,0,0,0,0,0,0,0,0,0,0,0,0,0,0,0,0,0,0,0,0,0,0,0,0,0,0,0,0,0,0,0,0,0,0,0,0,0,0,0,0,0,0,0,0,0,0,
Participant,7_3,11_49_50,1.3943,0,0,0,1.394266,0.0000,0.0000,0.0000,0.0000,0.0000,0.0000,3.56542,3.565961,3.565691,,,,,,0,0,0,0,0,0,0,0,0,0,0,0,0,0,0,0,0,0,0,0,0,0,0,0,0,0,0,0,0,0,0,0,0,0,0,0,0,0,0,0,0,0,0,0,0,0,0,0,0,0,0,
Participant,7_3,11_49_50,1.3977,0,0,0,1.397722,0.0000,0.0000,0.0000,0.0000,0.0000,0.0000,3.597153,3.603044,3.600099,,,,,,0,0,0,0,0,0,0,0,0,0,0,0,0,0,0,0,0,0,0,0,0,0,0,0,0,0,0,0,0,0,0,0,0,0,0,0,0,0,0,0,0,0,0,0,0,0,0,0,0,0,0,
Participant,7_3,11_49_50,1.4013,0,0,0,1.401335,0.0000,0.0000,0.0000,0.0000,0.0000,0.0000,3.565216,3.578768,3.571992,,,,,,0,0,0,0,0,0,0,0,0,0,0,0,0,0,0,0,0,0,0,0,0,0,0,0,0,0,0,0,0,0,0,0,0,0,0,0,0,0,0,0,0,0,0,0,0,0,0,0,0,0,0,
Participant,7_3,11_49_50,1.4049,0,0,0,1.4049,0.0000,0.0000,0.0000,0.0000,0.0000,0.0000,3.557845,3.606412,3.582129,,,,,,0,0,0,0,0,0,0,0,0,0,0,0,0,0,0,0,0,0,0,0,0,0,0,0,0,0,0,0,0,0,0,0,0,0,0,0,0,0,0,0,0,0,0,0,0,0,0,0,0,0,0,
Participant,7_3,11_49_50,1.4083,0,0,0,1.408281,0.0000,0.0000,0.0000,0.0000,0.0000,0.0000,3.565929,3.587524,3.576726,,,,,,0,0,0,0,0,0,0,0,0,0,0,0,0,0,0,0,0,0,0,0,0,0,0,0,0,0,0,0,0,0,0,0,0,0,0,0,0,0,0,0,0,0,0,0,0,0,0,0,0,0,0,
Participant,7_3,11_49_50,1.4144,0,0,0,1.414373,0.0000,0.0000,0.0000,0.0000,0.0000,0.0000,3.549418,3.587876,3.568647,,,,,,0,0,0,0,0,0,0,0,0,0,0,0,0,0,0,0,0,0,0,0,0,0,0,0,0,0,0,0,0,0,0,0,0,0,0,0,0,0,0,0,0,0,0,0,0,0,0,0,0,0,0,
Participant,7_3,11_49_50,1.4178,0,0,0,1.417805,0.0000,0.0000,0.0000,0.0000,0.0000,0.0000,3.573148,3.561479,3.567313,,,,,,0,0,0,0,0,0,0,0,0,0,0,0,0,0,0,0,0,0,0,0,0,0,0,0,0,0,0,0,0,0,0,0,0,0,0,0,0,0,0,0,0,0,0,0,0,0,0,0,0,0,0,
Participant,7_3,11_49_50,1.4212,0,0,0,1.421214,0.0000,0.0000,0.0000,0.0000,0.0000,0.0000,3.60155,3.563867,3.582709,,,,,,0,0,0,0,0,0,0,0,0,0,0,0,0,0,0,0,0,0,0,0,0,0,0,0,0,0,0,0,0,0,0,0,0,0,0,0,0,0,0,0,0,0,0,0,0,0,0,0,0,0,0,
Participant,7_3,11_49_50,1.4252,0,0,0,1.425183,0.0000,0.0000,0.0000,0.0000,0.0000,0.0000,3.561562,3.581808,3.571685,,,,,,0,0,0,0,0,0,0,0,0,0,0,0,0,0,0,0,0,0,0,0,0,0,0,0,0,0,0,0,0,0,0,0,0,0,0,0,0,0,0,0,0,0,0,0,0,0,0,0,0,0,0,
Participant,7_3,11_49_50,1.4284,0,0,0,1.428427,0.0000,0.0000,0.0000,0.0000,0.0000,0.0000,3.541498,3.568158,3.554828,,,,,,0,0,0,0,0,0,0,0,0,0,0,0,0,0,0,0,0,0,0,0,0,0,0,0,0,0,0,0,0,0,0,0,0,0,0,0,0,0,0,0,0,0,0,0,0,0,0,0,0,0,0,
Participant,7_3,11_49_50,1.4316,0,0,0,1.431617,0.0000,0.0000,0.0000,0.0000,0.0000,0.0000,3.540205,3.547715,3.54396,,,,,,0,0,0,0,0,0,0,0,0,0,0,0,0,0,0,0,0,0,0,0,0,0,0,0,0,0,0,0,0,0,0,0,0,0,0,0,0,0,0,0,0,0,0,0,0,0,0,0,0,0,0,
Participant,7_3,11_49_50,1.4349,0,0,0,1.434946,0.0000,0.0000,0.0000,0.0000,0.0000,0.0000,3.573389,3.592803,3.583096,,,,,,0,0,0,0,0,0,0,0,0,0,0,0,0,0,0,0,0,0,0,0,0,0,0,0,0,0,0,0,0,0,0,0,0,0,0,0,0,0,0,0,0,0,0,0,0,0,0,0,0,0,0,
Participant,7_3,11_49_50,1.4382,0,0,0,1.438212,0.0000,0.0000,0.0000,0.0000,0.0000,0.0000,3.568902,3.541689,3.555296,,,,,,0,0,0,0,0,0,0,0,0,0,0,0,0,0,0,0,0,0,0,0,0,0,0,0,0,0,0,0,0,0,0,0,0,0,0,0,0,0,0,0,0,0,0,0,0,0,0,0,0,0,0,
Participant,7_3,11_49_50,1.4415,0,0,0,1.441488,0.0000,0.0000,0.0000,0.0000,0.0000,0.0000,3.536137,3.580881,3.558509,,,,,,0,0,0,0,0,0,0,0,0,0,0,0,0,0,0,0,0,0,0,0,0,0,0,0,0,0,0,0,0,0,0,0,0,0,0,0,0,0,0,0,0,0,0,0,0,0,0,0,0,0,0,
Participant,7_3,11_49_50,1.4450,0,0,0,1.444951,0.0000,0.0000,0.0000,0.0000,0.0000,0.0000,3.565162,3.563292,3.564227,,,,,,0,0,0,0,0,0,0,0,0,0,0,0,0,0,0,0,0,0,0,0,0,0,0,0,0,0,0,0,0,0,0,0,0,0,0,0,0,0,0,0,0,0,0,0,0,0,0,0,0,0,0,
Participant,7_3,11_49_50,1.4484,0,0,0,1.448438,0.0000,0.0000,0.0000,0.0000,0.0000,0.0000,3.583762,3.575452,3.579607,,,,,,0,0,0,0,0,0,0,0,0,0,0,0,0,0,0,0,0,0,0,0,0,0,0,0,0,0,0,0,0,0,0,0,0,0,0,0,0,0,0,0,0,0,0,0,0,0,0,0,0,0,0,
Participant,7_3,11_49_50,1.4517,0,0,0,1.451719,0.0000,0.0000,0.0000,0.0000,0.0000,0.0000,3.569091,3.555404,3.562247,,,,,,0,0,0,0,0,0,0,0,0,0,0,0,0,0,0,0,0,0,0,0,0,0,0,0,0,0,0,0,0,0,0,0,0,0,0,0,0,0,0,0,0,0,0,0,0,0,0,0,0,0,0,
Participant,7_3,11_49_50,1.4549,0,0,0,1.454926,0.0000,0.0000,0.0000,0.0000,0.0000,0.0000,3.532641,3.547919,3.54028,,,,,,0,0,0,0,0,0,0,0,0,0,0,0,0,0,0,0,0,0,0,0,0,0,0,0,0,0,0,0,0,0,0,0,0,0,0,0,0,0,0,0,0,0,0,0,0,0,0,0,0,0,0,
Participant,7_3,11_49_50,1.4581,0,0,0,1.458147,0.0000,0.0000,0.0000,0.0000,0.0000,0.0000,3.582383,3.526719,3.554551,,,,,,0,0,0,0,0,0,0,0,0,0,0,0,0,0,0,0,0,0,0,0,0,0,0,0,0,0,0,0,0,0,0,0,0,0,0,0,0,0,0,0,0,0,0,0,0,0,0,0,0,0,0,
Participant,7_3,11_49_50,1.4615,0,0,0,1.461521,0.0000,0.0000,0.0000,0.0000,0.0000,0.0000,3.581044,3.571429,3.576237,,,,,,0,0,0,0,0,0,0,0,0,0,0,0,0,0,0,0,0,0,0,0,0,0,0,0,0,0,0,0,0,0,0,0,0,0,0,0,0,0,0,0,0,0,0,0,0,0,0,0,0,0,0,
Participant,7_3,11_49_50,1.4652,0,0,0,1.465207,0.0000,0.0000,0.0000,0.0000,0.0000,0.0000,3.533622,3.534976,3.534299,,,,,,0,0,0,0,0,0,0,0,0,0,0,0,0,0,0,0,0,0,0,0,0,0,0,0,0,0,0,0,0,0,0,0,0,0,0,0,0,0,0,0,0,0,0,0,0,0,0,0,0,0,0,
Participant,7_3,11_49_50,1.4690,0,0,0,1.468967,0.0000,0.0000,0.0000,0.0000,0.0000,0.0000,3.547209,3.560385,3.553797,,,,,,0,0,0,0,0,0,0,0,0,0,0,0,0,0,0,0,0,0,0,0,0,0,0,0,0,0,0,0,0,0,0,0,0,0,0,0,0,0,0,0,0,0,0,0,0,0,0,0,0,0,0,
Participant,7_3,11_49_50,1.4724,0,0,0,1.47238,0.0000,0.0000,0.0000,0.0000,0.0000,0.0000,3.525572,3.524116,3.524844,,,,,,0,0,0,0,0,0,0,0,0,0,0,0,0,0,0,0,0,0,0,0,0,0,0,0,0,0,0,0,0,0,0,0,0,0,0,0,0,0,0,0,0,0,0,0,0,0,0,0,0,0,0,
Participant,7_3,11_49_50,1.4757,0,0,0,1.47568,0.0000,0.0000,0.0000,0.0000,0.0000,0.0000,3.533999,3.536633,3.535316,,,,,,0,0,0,0,0,0,0,0,0,0,0,0,0,0,0,0,0,0,0,0,0,0,0,0,0,0,0,0,0,0,0,0,0,0,0,0,0,0,0,0,0,0,0,0,0,0,0,0,0,0,0,
Participant,7_3,11_49_50,1.4790,0,0,0,1.478987,0.0000,0.0000,0.0000,0.0000,0.0000,0.0000,3.523013,3.53079,3.526902,,,,,,0,0,0,0,0,0,0,0,0,0,0,0,0,0,0,0,0,0,0,0,0,0,0,0,0,0,0,0,0,0,0,0,0,0,0,0,0,0,0,0,0,0,0,0,0,0,0,0,0,0,0,
Participant,7_3,11_49_50,1.4823,0,0,0,1.482279,0.0000,0.0000,0.0000,0.0000,0.0000,0.0000,3.560105,3.532989,3.546547,,,,,,0,0,0,0,0,0,0,0,0,0,0,0,0,0,0,0,0,0,0,0,0,0,0,0,0,0,0,0,0,0,0,0,0,0,0,0,0,0,0,0,0,0,0,0,0,0,0,0,0,0,0,
Participant,7_3,11_49_50,1.4858,0,0,0,1.485767,0.0000,0.0000,0.0000,0.0000,0.0000,0.0000,3.515115,3.5359,3.525507,,,,,,0,0,0,0,0,0,0,0,0,0,0,0,0,0,0,0,0,0,0,0,0,0,0,0,0,0,0,0,0,0,0,0,0,0,0,0,0,0,0,0,0,0,0,0,0,0,0,0,0,0,0,
Participant,7_3,11_49_50,1.4890,0,0,0,1.489026,0.0000,0.0000,0.0000,0.0000,0.0000,0.0000,3.555301,3.554649,3.554975,,,,,,0,0,0,0,0,0,0,0,0,0,0,0,0,0,0,0,0,0,0,0,0,0,0,0,0,0,0,0,0,0,0,0,0,0,0,0,0,0,0,0,0,0,0,0,0,0,0,0,0,0,0,
Participant,7_3,11_49_50,1.4923,0,0,0,1.492285,0.0000,0.0000,0.0000,0.0000,0.0000,0.0000,3.545866,3.56416,3.555013,,,,,,0,0,0,0,0,0,0,0,0,0,0,0,0,0,0,0,0,0,0,0,0,0,0,0,0,0,0,0,0,0,0,0,0,0,0,0,0,0,0,0,0,0,0,0,0,0,0,0,0,0,0,
Participant,7_3,11_49_50,1.4955,0,0,0,1.495533,0.0000,0.0000,0.0000,0.0000,0.0000,0.0000,3.522276,3.560876,3.541576,,,,,,0,0,0,0,0,0,0,0,0,0,0,0,0,0,0,0,0,0,0,0,0,0,0,0,0,0,0,0,0,0,0,0,0,0,0,0,0,0,0,0,0,0,0,0,0,0,0,0,0,0,0,
Participant,7_3,11_49_50,1.4992,0,0,0,1.499229,0.0000,0.0000,0.0000,0.0000,0.0000,0.0000,3.540154,3.547969,3.544062,,,,,,0,0,0,0,0,0,0,0,0,0,0,0,0,0,0,0,0,0,0,0,0,0,0,0,0,0,0,0,0,0,0,0,0,0,0,0,0,0,0,0,0,0,0,0,0,0,0,0,0,0,0,
Participant,7_3,11_49_50,1.5025,0,0,0,1.502543,0.0000,0.0000,0.0000,0.0000,0.0000,0.0000,3.558784,3.507847,3.533316,,,,,,0,0,0,0,0,0,0,0,0,0,0,0,0,0,0,0,0,0,0,0,0,0,0,0,0,0,0,0,0,0,0,0,0,0,0,0,0,0,0,0,0,0,0,0,0,0,0,0,0,0,0,
Participant,7_3,11_49_50,1.5061,0,0,0,1.506148,0.0000,0.0000,0.0000,0.0000,0.0000,0.0000,3.550103,3.506902,3.528502,,,,,,0,0,0,0,0,0,0,0,0,0,0,0,0,0,0,0,0,0,0,0,0,0,0,0,0,0,0,0,0,0,0,0,0,0,0,0,0,0,0,0,0,0,0,0,0,0,0,0,0,0,0,
Participant,7_3,11_49_50,1.5118,0,0,0,1.511807,0.0000,0.0000,0.0000,0.0000,0.0000,0.0000,3.557637,3.537029,3.547333,,,,,,0,0,0,0,0,0,0,0,0,0,0,0,0,0,0,0,0,0,0,0,0,0,0,0,0,0,0,0,0,0,0,0,0,0,0,0,0,0,0,0,0,0,0,0,0,0,0,0,0,0,0,
Participant,7_3,11_49_50,1.5155,0,0,0,1.515524,0.0000,0.0000,0.0000,0.0000,0.0000,0.0000,3.535666,3.515799,3.525733,,,,,,0,0,0,0,0,0,0,0,0,0,0,0,0,0,0,0,0,0,0,0,0,0,0,0,0,0,0,0,0,0,0,0,0,0,0,0,0,0,0,0,0,0,0,0,0,0,0,0,0,0,0,
Participant,7_3,11_49_50,1.5187,0,0,0,1.518714,0.0000,0.0000,0.0000,0.0000,0.0000,0.0000,3.552668,3.52955,3.541109,,,,,,0,0,0,0,0,0,0,0,0,0,0,0,0,0,0,0,0,0,0,0,0,0,0,0,0,0,0,0,0,0,0,0,0,0,0,0,0,0,0,0,0,0,0,0,0,0,0,0,0,0,0,
Participant,7_3,11_49_50,1.5219,0,0,0,1.521915,0.0000,0.0000,0.0000,0.0000,0.0000,0.0000,3.538942,3.513296,3.526119,,,,,,0,0,0,0,0,0,0,0,0,0,0,0,0,0,0,0,0,0,0,0,0,0,0,0,0,0,0,0,0,0,0,0,0,0,0,0,0,0,0,0,0,0,0,0,0,0,0,0,0,0,0,
Participant,7_3,11_49_50,1.5254,0,0,0,1.525384,0.0000,0.0000,0.0000,0.0000,0.0000,0.0000,3.537684,3.518271,3.527978,,,,,,0,0,0,0,0,0,0,0,0,0,0,0,0,0,0,0,0,0,0,0,0,0,0,0,0,0,0,0,0,0,0,0,0,0,0,0,0,0,0,0,0,0,0,0,0,0,0,0,0,0,0,
Participant,7_3,11_49_50,1.5286,0,0,0,1.528625,0.0000,0.0000,0.0000,0.0000,0.0000,0.0000,3.537109,3.495813,3.516461,,,,,,0,0,0,0,0,0,0,0,0,0,0,0,0,0,0,0,0,0,0,0,0,0,0,0,0,0,0,0,0,0,0,0,0,0,0,0,0,0,0,0,0,0,0,0,0,0,0,0,0,0,0,
Participant,7_3,11_49_50,1.5319,0,0,0,1.531947,0.0000,0.0000,0.0000,0.0000,0.0000,0.0000,3.51845,3.516279,3.517365,,,,,,0,0,0,0,0,0,0,0,0,0,0,0,0,0,0,0,0,0,0,0,0,0,0,0,0,0,0,0,0,0,0,0,0,0,0,0,0,0,0,0,0,0,0,0,0,0,0,0,0,0,0,
Participant,7_3,11_49_50,1.5351,0,0,0,1.535113,0.0000,0.0000,0.0000,0.0000,0.0000,0.0000,3.530489,3.52984,3.530164,,,,,,0,0,0,0,0,0,0,0,0,0,0,0,0,0,0,0,0,0,0,0,0,0,0,0,0,0,0,0,0,0,0,0,0,0,0,0,0,0,0,0,0,0,0,0,0,0,0,0,0,0,0,
Participant,7_3,11_49_50,1.5385,0,0,0,1.538504,0.0000,0.0000,0.0000,0.0000,0.0000,0.0000,3.488058,3.487477,3.487767,,,,,,0,0,0,0,0,0,0,0,0,0,0,0,0,0,0,0,0,0,0,0,0,0,0,0,0,0,0,0,0,0,0,0,0,0,0,0,0,0,0,0,0,0,0,0,0,0,0,0,0,0,0,
Participant,7_3,11_49_50,1.5417,0,0,0,1.541729,0.0000,0.0000,0.0000,0.0000,0.0000,0.0000,3.506494,3.497317,3.501906,,,,,,0,0,0,0,0,0,0,0,0,0,0,0,0,0,0,0,0,0,0,0,0,0,0,0,0,0,0,0,0,0,0,0,0,0,0,0,0,0,0,0,0,0,0,0,0,0,0,0,0,0,0,
Participant,7_3,11_49_50,1.5452,0,0,0,1.545161,0.0000,0.0000,0.0000,0.0000,0.0000,0.0000,3.49604,3.485137,3.490589,,,,,,0,0,0,0,0,0,0,0,0,0,0,0,0,0,0,0,0,0,0,0,0,0,0,0,0,0,0,0,0,0,0,0,0,0,0,0,0,0,0,0,0,0,0,0,0,0,0,0,0,0,0,
Participant,7_3,11_49_50,1.5483,0,0,0,1.548324,0.0000,0.0000,0.0000,0.0000,0.0000,0.0000,3.504379,3.514995,3.509687,,,,,,0,0,0,0,0,0,0,0,0,0,0,0,0,0,0,0,0,0,0,0,0,0,0,0,0,0,0,0,0,0,0,0,0,0,0,0,0,0,0,0,0,0,0,0,0,0,0,0,0,0,0,
Participant,7_3,11_49_50,1.5552,0,0,0,1.555221,0.0000,0.0000,0.0000,0.0000,0.0000,0.0000,3.514368,3.480743,3.497555,,,,,,0,0,0,0,0,0,0,0,0,0,0,0,0,0,0,0,0,0,0,0,0,0,0,0,0,0,0,0,0,0,0,0,0,0,0,0,0,0,0,0,0,0,0,0,0,0,0,0,0,0,0,
Participant,7_3,11_49_50,1.5584,0,0,0,1.558405,0.0000,0.0000,0.0000,0.0000,0.0000,0.0000,3.481365,3.502017,3.491691,,,,,,0,0,0,0,0,0,0,0,0,0,0,0,0,0,0,0,0,0,0,0,0,0,0,0,0,0,0,0,0,0,0,0,0,0,0,0,0,0,0,0,0,0,0,0,0,0,0,0,0,0,0,
Participant,7_3,11_49_50,1.5616,0,0,0,1.5616,0.0000,0.0000,0.0000,0.0000,0.0000,0.0000,3.47583,3.532568,3.504199,,,,,,0,0,0,0,0,0,0,0,0,0,0,0,0,0,0,0,0,0,0,0,0,0,0,0,0,0,0,0,0,0,0,0,0,0,0,0,0,0,0,0,0,0,0,0,0,0,0,0,0,0,0,
Participant,7_3,11_49_50,1.5652,0,0,0,1.565208,0.0000,0.0000,0.0000,0.0000,0.0000,0.0000,3.482679,3.521986,3.502332,,,,,,0,0,0,0,0,0,0,0,0,0,0,0,0,0,0,0,0,0,0,0,0,0,0,0,0,0,0,0,0,0,0,0,0,0,0,0,0,0,0,0,0,0,0,0,0,0,0,0,0,0,0,
Participant,7_3,11_49_50,1.5689,0,0,0,1.568874,0.0000,0.0000,0.0000,0.0000,0.0000,0.0000,3.478854,3.478101,3.478478,,,,,,0,0,0,0,0,0,0,0,0,0,0,0,0,0,0,0,0,0,0,0,0,0,0,0,0,0,0,0,0,0,0,0,0,0,0,0,0,0,0,0,0,0,0,0,0,0,0,0,0,0,0,
Participant,7_3,11_49_50,1.5721,0,0,0,1.5721,0.0000,0.0000,0.0000,0.0000,0.0000,0.0000,3.498111,3.512119,3.505116,,,,,,0,0,0,0,0,0,0,0,0,0,0,0,0,0,0,0,0,0,0,0,0,0,0,0,0,0,0,0,0,0,0,0,0,0,0,0,0,0,0,0,0,0,0,0,0,0,0,0,0,0,0,
Participant,7_3,11_49_50,1.5753,0,0,0,1.575302,0.0000,0.0000,0.0000,0.0000,0.0000,0.0000,3.501496,3.517896,3.509696,,,,,,0,0,0,0,0,0,0,0,0,0,0,0,0,0,0,0,0,0,0,0,0,0,0,0,0,0,0,0,0,0,0,0,0,0,0,0,0,0,0,0,0,0,0,0,0,0,0,0,0,0,0,
Participant,7_3,11_49_50,1.5785,0,0,0,1.578493,0.0000,0.0000,0.0000,0.0000,0.0000,0.0000,3.501107,3.486696,3.493902,,,,,,0,0,0,0,0,0,0,0,0,0,0,0,0,0,0,0,0,0,0,0,0,0,0,0,0,0,0,0,0,0,0,0,0,0,0,0,0,0,0,0,0,0,0,0,0,0,0,0,0,0,0,
Participant,7_3,11_49_50,1.5817,0,0,0,1.581675,0.0000,0.0000,0.0000,0.0000,0.0000,0.0000,3.467551,3.471447,3.469499,,,,,,0,0,0,0,0,0,0,0,0,0,0,0,0,0,0,0,0,0,0,0,0,0,0,0,0,0,0,0,0,0,0,0,0,0,0,0,0,0,0,0,0,0,0,0,0,0,0,0,0,0,0,
Participant,7_3,11_49_50,1.5852,0,0,0,1.585213,0.0000,0.0000,0.0000,0.0000,0.0000,0.0000,3.484281,3.474339,3.47931,,,,,,0,0,0,0,0,0,0,0,0,0,0,0,0,0,0,0,0,0,0,0,0,0,0,0,0,0,0,0,0,0,0,0,0,0,0,0,0,0,0,0,0,0,0,0,0,0,0,0,0,0,0,
Participant,7_3,11_49_50,1.5884,0,0,0,1.588388,0.0000,0.0000,0.0000,0.0000,0.0000,0.0000,3.502415,3.503198,3.502806,,,,,,0,0,0,0,0,0,0,0,0,0,0,0,0,0,0,0,0,0,0,0,0,0,0,0,0,0,0,0,0,0,0,0,0,0,0,0,0,0,0,0,0,0,0,0,0,0,0,0,0,0,0,
Participant,7_3,11_49_50,1.5916,0,0,0,1.591643,0.0000,0.0000,0.0000,0.0000,0.0000,0.0000,3.481752,3.494693,3.488223,,,,,,0,0,0,0,0,0,0,0,0,0,0,0,0,0,0,0,0,0,0,0,0,0,0,0,0,0,0,0,0,0,0,0,0,0,0,0,0,0,0,0,0,0,0,0,0,0,0,0,0,0,0,
Participant,7_3,11_49_50,1.5948,0,0,0,1.594846,0.0000,0.0000,0.0000,0.0000,0.0000,0.0000,3.472865,3.502435,3.48765,,,,,,0,0,0,0,0,0,0,0,0,0,0,0,0,0,0,0,0,0,0,0,0,0,0,0,0,0,0,0,0,0,0,0,0,0,0,0,0,0,0,0,0,0,0,0,0,0,0,0,0,0,0,
Participant,7_3,11_49_50,1.5980,0,0,0,1.598006,0.0000,0.0000,0.0000,0.0000,0.0000,0.0000,3.511548,3.491979,3.501763,,,,,,0,0,0,0,0,0,0,0,0,0,0,0,0,0,0,0,0,0,0,0,0,0,0,0,0,0,0,0,0,0,0,0,0,0,0,0,0,0,0,0,0,0,0,0,0,0,0,0,0,0,0,
Participant,7_3,11_49_50,1.6012,0,0,0,1.601215,0.0000,0.0000,0.0000,0.0000,0.0000,0.0000,3.460724,3.458057,3.45939,,,,,,0,0,0,0,0,0,0,0,0,0,0,0,0,0,0,0,0,0,0,0,0,0,0,0,0,0,0,0,0,0,0,0,0,0,0,0,0,0,0,0,0,0,0,0,0,0,0,0,0,0,0,
Participant,7_3,11_49_50,1.6046,0,0,0,1.604573,0.0000,0.0000,0.0000,0.0000,0.0000,0.0000,3.457383,3.512734,3.485058,,,,,,0,0,0,0,0,0,0,0,0,0,0,0,0,0,0,0,0,0,0,0,0,0,0,0,0,0,0,0,0,0,0,0,0,0,0,0,0,0,0,0,0,0,0,0,0,0,0,0,0,0,0,
Participant,7_3,11_49_50,1.6078,0,0,0,1.607848,0.0000,0.0000,0.0000,0.0000,0.0000,0.0000,3.459392,3.487824,3.473608,,,,,,0,0,0,0,0,0,0,0,0,0,0,0,0,0,0,0,0,0,0,0,0,0,0,0,0,0,0,0,0,0,0,0,0,0,0,0,0,0,0,0,0,0,0,0,0,0,0,0,0,0,0,
Participant,7_3,11_49_50,1.6112,0,0,0,1.611166,0.0000,0.0000,0.0000,0.0000,0.0000,0.0000,3.454925,3.49602,3.475472,,,,,,0,0,0,0,0,0,0,0,0,0,0,0,0,0,0,0,0,0,0,0,0,0,0,0,0,0,0,0,0,0,0,0,0,0,0,0,0,0,0,0,0,0,0,0,0,0,0,0,0,0,0,
Participant,7_3,11_49_50,1.6175,0,0,0,1.617467,0.0000,0.0000,0.0000,0.0000,0.0000,0.0000,3.497353,3.484201,3.490777,,,,,,0,0,0,0,0,0,0,0,0,0,0,0,0,0,0,0,0,0,0,0,0,0,0,0,0,0,0,0,0,0,0,0,0,0,0,0,0,0,0,0,0,0,0,0,0,0,0,0,0,0,0,
Participant,7_3,11_49_50,1.6207,0,0,0,1.620675,0.0000,0.0000,0.0000,0.0000,0.0000,0.0000,3.468735,3.488096,3.478416,,,,,,0,0,0,0,0,0,0,0,0,0,0,0,0,0,0,0,0,0,0,0,0,0,0,0,0,0,0,0,0,0,0,0,0,0,0,0,0,0,0,0,0,0,0,0,0,0,0,0,0,0,0,
Participant,7_3,11_49_50,1.6241,0,0,0,1.624101,0.0000,0.0000,0.0000,0.0000,0.0000,0.0000,3.472747,3.492503,3.482625,,,,,,0,0,0,0,0,0,0,0,0,0,0,0,0,0,0,0,0,0,0,0,0,0,0,0,0,0,0,0,0,0,0,0,0,0,0,0,0,0,0,0,0,0,0,0,0,0,0,0,0,0,0,
Participant,7_3,11_49_50,1.6273,0,0,0,1.627271,0.0000,0.0000,0.0000,0.0000,0.0000,0.0000,3.457105,3.491076,3.474091,,,,,,0,0,0,0,0,0,0,0,0,0,0,0,0,0,0,0,0,0,0,0,0,0,0,0,0,0,0,0,0,0,0,0,0,0,0,0,0,0,0,0,0,0,0,0,0,0,0,0,0,0,0,
Participant,7_3,11_49_50,1.6305,0,0,0,1.63048,0.0000,0.0000,0.0000,0.0000,0.0000,0.0000,3.472461,3.491201,3.481831,,,,,,0,0,0,0,0,0,0,0,0,0,0,0,0,0,0,0,0,0,0,0,0,0,0,0,0,0,0,0,0,0,0,0,0,0,0,0,0,0,0,0,0,0,0,0,0,0,0,0,0,0,0,
Participant,7_3,11_49_50,1.6337,0,0,0,1.633655,0.0000,0.0000,0.0000,0.0000,0.0000,0.0000,3.459432,3.487529,3.47348,,,,,,0,0,0,0,0,0,0,0,0,0,0,0,0,0,0,0,0,0,0,0,0,0,0,0,0,0,0,0,0,0,0,0,0,0,0,0,0,0,0,0,0,0,0,0,0,0,0,0,0,0,0,
Participant,7_3,11_49_50,1.6368,0,0,0,1.636789,0.0000,0.0000,0.0000,0.0000,0.0000,0.0000,3.447216,3.462118,3.454667,,,,,,0,0,0,0,0,0,0,0,0,0,0,0,0,0,0,0,0,0,0,0,0,0,0,0,0,0,0,0,0,0,0,0,0,0,0,0,0,0,0,0,0,0,0,0,0,0,0,0,0,0,0,
Participant,7_3,11_49_50,1.6399,0,0,0,1.639909,0.0000,0.0000,0.0000,0.0000,0.0000,0.0000,3.442872,3.477434,3.460153,,,,,,0,0,0,0,0,0,0,0,0,0,0,0,0,0,0,0,0,0,0,0,0,0,0,0,0,0,0,0,0,0,0,0,0,0,0,0,0,0,0,0,0,0,0,0,0,0,0,0,0,0,0,
Participant,7_3,11_49_50,1.6431,0,0,0,1.6431,0.0000,0.0000,0.0000,0.0000,0.0000,0.0000,3.459588,3.43717,3.448379,,,,,,0,0,0,0,0,0,0,0,0,0,0,0,0,0,0,0,0,0,0,0,0,0,0,0,0,0,0,0,0,0,0,0,0,0,0,0,0,0,0,0,0,0,0,0,0,0,0,0,0,0,0,
Participant,7_3,11_49_50,1.6470,0,0,0,1.647048,0.0000,0.0000,0.0000,0.0000,0.0000,0.0000,3.466228,3.47675,3.471489,,,,,,0,0,0,0,0,0,0,0,0,0,0,0,0,0,0,0,0,0,0,0,0,0,0,0,0,0,0,0,0,0,0,0,0,0,0,0,0,0,0,0,0,0,0,0,0,0,0,0,0,0,0,
Participant,7_3,11_49_50,1.6502,0,0,0,1.650222,0.0000,0.0000,0.0000,0.0000,0.0000,0.0000,3.478654,3.45945,3.469052,,,,,,0,0,0,0,0,0,0,0,0,0,0,0,0,0,0,0,0,0,0,0,0,0,0,0,0,0,0,0,0,0,0,0,0,0,0,0,0,0,0,0,0,0,0,0,0,0,0,0,0,0,0,
Participant,7_3,11_49_50,1.6534,0,0,0,1.653433,0.0000,0.0000,0.0000,0.0000,0.0000,0.0000,3.452371,3.432242,3.442307,,,,,,0,0,0,0,0,0,0,0,0,0,0,0,0,0,0,0,0,0,0,0,0,0,0,0,0,0,0,0,0,0,0,0,0,0,0,0,0,0,0,0,0,0,0,0,0,0,0,0,0,0,0,
Participant,7_3,11_49_50,1.6566,0,0,0,1.656599,0.0000,0.0000,0.0000,0.0000,0.0000,0.0000,3.447898,3.435855,3.441876,,,,,,0,0,0,0,0,0,0,0,0,0,0,0,0,0,0,0,0,0,0,0,0,0,0,0,0,0,0,0,0,0,0,0,0,0,0,0,0,0,0,0,0,0,0,0,0,0,0,0,0,0,0,
Participant,7_3,11_49_50,1.6598,0,0,0,1.659753,0.0000,0.0000,0.0000,0.0000,0.0000,0.0000,3.43612,3.452119,3.444119,,,,,,0,0,0,0,0,0,0,0,0,0,0,0,0,0,0,0,0,0,0,0,0,0,0,0,0,0,0,0,0,0,0,0,0,0,0,0,0,0,0,0,0,0,0,0,0,0,0,0,0,0,0,
Participant,7_3,11_49_50,1.6629,0,0,0,1.662915,0.0000,0.0000,0.0000,0.0000,0.0000,0.0000,3.483297,3.443934,3.463616,,,,,,0,0,0,0,0,0,0,0,0,0,0,0,0,0,0,0,0,0,0,0,0,0,0,0,0,0,0,0,0,0,0,0,0,0,0,0,0,0,0,0,0,0,0,0,0,0,0,0,0,0,0,
Participant,7_3,11_49_50,1.6663,0,0,0,1.666334,0.0000,0.0000,0.0000,0.0000,0.0000,0.0000,3.453861,3.45389,3.453876,,,,,,0,0,0,0,0,0,0,0,0,0,0,0,0,0,0,0,0,0,0,0,0,0,0,0,0,0,0,0,0,0,0,0,0,0,0,0,0,0,0,0,0,0,0,0,0,0,0,0,0,0,0,
Participant,7_3,11_49_50,1.6695,0,0,0,1.669528,0.0000,0.0000,0.0000,0.0000,0.0000,0.0000,3.451252,3.478381,3.464817,,,,,,0,0,0,0,0,0,0,0,0,0,0,0,0,0,0,0,0,0,0,0,0,0,0,0,0,0,0,0,0,0,0,0,0,0,0,0,0,0,0,0,0,0,0,0,0,0,0,0,0,0,0,
Participant,7_3,11_49_50,1.6728,0,0,0,1.672824,0.0000,0.0000,0.0000,0.0000,0.0000,0.0000,3.46966,3.44085,3.455255,,,,,,0,0,0,0,0,0,0,0,0,0,0,0,0,0,0,0,0,0,0,0,0,0,0,0,0,0,0,0,0,0,0,0,0,0,0,0,0,0,0,0,0,0,0,0,0,0,0,0,0,0,0,
Participant,7_3,11_49_50,1.6762,0,0,0,1.676151,0.0000,0.0000,0.0000,0.0000,0.0000,0.0000,3.45948,3.426761,3.44312,,,,,,0,0,0,0,0,0,0,0,0,0,0,0,0,0,0,0,0,0,0,0,0,0,0,0,0,0,0,0,0,0,0,0,0,0,0,0,0,0,0,0,0,0,0,0,0,0,0,0,0,0,0,
Participant,7_3,11_49_50,1.6793,0,0,0,1.67933,0.0000,0.0000,0.0000,0.0000,0.0000,0.0000,3.424974,3.466529,3.445752,,,,,,0,0,0,0,0,0,0,0,0,0,0,0,0,0,0,0,0,0,0,0,0,0,0,0,0,0,0,0,0,0,0,0,0,0,0,0,0,0,0,0,0,0,0,0,0,0,0,0,0,0,0,
Participant,7_3,11_49_50,1.6826,0,0,0,1.682642,0.0000,0.0000,0.0000,0.0000,0.0000,0.0000,3.432645,3.473627,3.453136,,,,,,0,0,0,0,0,0,0,0,0,0,0,0,0,0,0,0,0,0,0,0,0,0,0,0,0,0,0,0,0,0,0,0,0,0,0,0,0,0,0,0,0,0,0,0,0,0,0,0,0,0,0,
Participant,7_3,11_49_50,1.6862,0,0,0,1.686168,0.0000,0.0000,0.0000,0.0000,0.0000,0.0000,3.417305,3.457487,3.437396,,,,,,0,0,0,0,0,0,0,0,0,0,0,0,0,0,0,0,0,0,0,0,0,0,0,0,0,0,0,0,0,0,0,0,0,0,0,0,0,0,0,0,0,0,0,0,0,0,0,0,0,0,0,
Participant,7_3,11_49_50,1.6894,0,0,0,1.689365,0.0000,0.0000,0.0000,0.0000,0.0000,0.0000,3.437574,3.450615,3.444095,,,,,,0,0,0,0,0,0,0,0,0,0,0,0,0,0,0,0,0,0,0,0,0,0,0,0,0,0,0,0,0,0,0,0,0,0,0,0,0,0,0,0,0,0,0,0,0,0,0,0,0,0,0,
Participant,7_3,11_49_50,1.6928,0,0,0,1.692784,0.0000,0.0000,0.0000,0.0000,0.0000,0.0000,3.444701,3.459667,3.452184,,,,,,0,0,0,0,0,0,0,0,0,0,0,0,0,0,0,0,0,0,0,0,0,0,0,0,0,0,0,0,0,0,0,0,0,0,0,0,0,0,0,0,0,0,0,0,0,0,0,0,0,0,0,
Participant,7_3,11_49_50,1.6960,0,0,0,1.695969,0.0000,0.0000,0.0000,0.0000,0.0000,0.0000,3.463362,3.410999,3.437181,,,,,,0,0,0,0,0,0,0,0,0,0,0,0,0,0,0,0,0,0,0,0,0,0,0,0,0,0,0,0,0,0,0,0,0,0,0,0,0,0,0,0,0,0,0,0,0,0,0,0,0,0,0,
Participant,7_3,11_49_50,1.6992,0,0,0,1.699163,0.0000,0.0000,0.0000,0.0000,0.0000,0.0000,3.449214,3.44703,3.448122,,,,,,0,0,0,0,0,0,0,0,0,0,0,0,0,0,0,0,0,0,0,0,0,0,0,0,0,0,0,0,0,0,0,0,0,0,0,0,0,0,0,0,0,0,0,0,0,0,0,0,0,0,0,
Participant,7_3,11_49_50,1.7024,0,0,0,1.702356,0.0000,0.0000,0.0000,0.0000,0.0000,0.0000,3.418106,3.443452,3.430779,,,,,,0,0,0,0,0,0,0,0,0,0,0,0,0,0,0,0,0,0,0,0,0,0,0,0,0,0,0,0,0,0,0,0,0,0,0,0,0,0,0,0,0,0,0,0,0,0,0,0,0,0,0,
Participant,7_3,11_49_50,1.7061,0,0,0,1.706053,0.0000,0.0000,0.0000,0.0000,0.0000,0.0000,3.456985,3.436298,3.446642,,,,,,0,0,0,0,0,0,0,0,0,0,0,0,0,0,0,0,0,0,0,0,0,0,0,0,0,0,0,0,0,0,0,0,0,0,0,0,0,0,0,0,0,0,0,0,0,0,0,0,0,0,0,
Participant,7_3,11_49_50,1.7092,0,0,0,1.709244,0.0000,0.0000,0.0000,0.0000,0.0000,0.0000,3.415424,3.406116,3.41077,,,,,,0,0,0,0,0,0,0,0,0,0,0,0,0,0,0,0,0,0,0,0,0,0,0,0,0,0,0,0,0,0,0,0,0,0,0,0,0,0,0,0,0,0,0,0,0,0,0,0,0,0,0,
Participant,7_3,11_49_50,1.7124,0,0,0,1.712412,0.0000,0.0000,0.0000,0.0000,0.0000,0.0000,3.435394,3.450513,3.442954,,,,,,0,0,0,0,0,0,0,0,0,0,0,0,0,0,0,0,0,0,0,0,0,0,0,0,0,0,0,0,0,0,0,0,0,0,0,0,0,0,0,0,0,0,0,0,0,0,0,0,0,0,0,
Participant,7_3,11_49_50,1.7155,0,0,0,1.715549,0.0000,0.0000,0.0000,0.0000,0.0000,0.0000,3.408752,3.436659,3.422706,,,,,,0,0,0,0,0,0,0,0,0,0,0,0,0,0,0,0,0,0,0,0,0,0,0,0,0,0,0,0,0,0,0,0,0,0,0,0,0,0,0,0,0,0,0,0,0,0,0,0,0,0,0,
Participant,7_3,11_49_50,1.7187,0,0,0,1.718694,0.0000,0.0000,0.0000,0.0000,0.0000,0.0000,3.412996,3.442577,3.427787,,,,,,0,0,0,0,0,0,0,0,0,0,0,0,0,0,0,0,0,0,0,0,0,0,0,0,0,0,0,0,0,0,0,0,0,0,0,0,0,0,0,0,0,0,0,0,0,0,0,0,0,0,0,
Participant,7_3,11_49_50,1.7221,0,0,0,1.722098,0.0000,0.0000,0.0000,0.0000,0.0000,0.0000,3.432688,3.444425,3.438557,,,,,,0,0,0,0,0,0,0,0,0,0,0,0,0,0,0,0,0,0,0,0,0,0,0,0,0,0,0,0,0,0,0,0,0,0,0,0,0,0,0,0,0,0,0,0,0,0,0,0,0,0,0,
Participant,7_3,11_49_50,1.7256,0,0,0,1.725557,0.0000,0.0000,0.0000,0.0000,0.0000,0.0000,3.409127,3.405878,3.407503,,,,,,0,0,0,0,0,0,0,0,0,0,0,0,0,0,0,0,0,0,0,0,0,0,0,0,0,0,0,0,0,0,0,0,0,0,0,0,0,0,0,0,0,0,0,0,0,0,0,0,0,0,0,
Participant,7_3,11_49_50,1.7290,0,0,0,1.729033,0.0000,0.0000,0.0000,0.0000,0.0000,0.0000,3.448538,3.423915,3.436226,,,,,,0,0,0,0,0,0,0,0,0,0,0,0,0,0,0,0,0,0,0,0,0,0,0,0,0,0,0,0,0,0,0,0,0,0,0,0,0,0,0,0,0,0,0,0,0,0,0,0,0,0,0,
Participant,7_3,11_49_50,1.7324,0,0,0,1.732379,0.0000,0.0000,0.0000,0.0000,0.0000,0.0000,3.42412,3.407809,3.415964,,,,,,0,0,0,0,0,0,0,0,0,0,0,0,0,0,0,0,0,0,0,0,0,0,0,0,0,0,0,0,0,0,0,0,0,0,0,0,0,0,0,0,0,0,0,0,0,0,0,0,0,0,0,
Participant,7_3,11_49_50,1.7356,0,0,0,1.735619,0.0000,0.0000,0.0000,0.0000,0.0000,0.0000,3.438515,3.427752,3.433134,,,,,,0,0,0,0,0,0,0,0,0,0,0,0,0,0,0,0,0,0,0,0,0,0,0,0,0,0,0,0,0,0,0,0,0,0,0,0,0,0,0,0,0,0,0,0,0,0,0,0,0,0,0,
Participant,7_3,11_49_50,1.7388,0,0,0,1.738848,0.0000,0.0000,0.0000,0.0000,0.0000,0.0000,3.443347,3.446648,3.444997,,,,,,0,0,0,0,0,0,0,0,0,0,0,0,0,0,0,0,0,0,0,0,0,0,0,0,0,0,0,0,0,0,0,0,0,0,0,0,0,0,0,0,0,0,0,0,0,0,0,0,0,0,0,
Participant,7_3,11_49_50,1.7420,0,0,0,1.741961,0.0000,0.0000,0.0000,0.0000,0.0000,0.0000,3.408594,3.442822,3.425708,,,,,,0,0,0,0,0,0,0,0,0,0,0,0,0,0,0,0,0,0,0,0,0,0,0,0,0,0,0,0,0,0,0,0,0,0,0,0,0,0,0,0,0,0,0,0,0,0,0,0,0,0,0,
Participant,7_3,11_49_50,1.7454,0,0,0,1.745353,0.0000,0.0000,0.0000,0.0000,0.0000,0.0000,3.432282,3.438454,3.435368,,,,,,0,0,0,0,0,0,0,0,0,0,0,0,0,0,0,0,0,0,0,0,0,0,0,0,0,0,0,0,0,0,0,0,0,0,0,0,0,0,0,0,0,0,0,0,0,0,0,0,0,0,0,
Participant,7_3,11_49_50,1.7489,0,0,0,1.748856,0.0000,0.0000,0.0000,0.0000,0.0000,0.0000,3.418238,3.421442,3.41984,,,,,,0,0,0,0,0,0,0,0,0,0,0,0,0,0,0,0,0,0,0,0,0,0,0,0,0,0,0,0,0,0,0,0,0,0,0,0,0,0,0,0,0,0,0,0,0,0,0,0,0,0,0,
Participant,7_3,11_49_50,1.7521,0,0,0,1.752128,0.0000,0.0000,0.0000,0.0000,0.0000,0.0000,3.403692,3.431791,3.417741,,,,,,0,0,0,0,0,0,0,0,0,0,0,0,0,0,0,0,0,0,0,0,0,0,0,0,0,0,0,0,0,0,0,0,0,0,0,0,0,0,0,0,0,0,0,0,0,0,0,0,0,0,0,
Participant,7_3,11_49_50,1.7553,0,0,0,1.755253,0.0000,0.0000,0.0000,0.0000,0.0000,0.0000,3.402215,3.419266,3.410741,,,,,,0,0,0,0,0,0,0,0,0,0,0,0,0,0,0,0,0,0,0,0,0,0,0,0,0,0,0,0,0,0,0,0,0,0,0,0,0,0,0,0,0,0,0,0,0,0,0,0,0,0,0,
Participant,7_3,11_49_50,1.7585,0,0,0,1.758455,0.0000,0.0000,0.0000,0.0000,0.0000,0.0000,3.398737,3.392799,3.395768,,,,,,0,0,0,0,0,0,0,0,0,0,0,0,0,0,0,0,0,0,0,0,0,0,0,0,0,0,0,0,0,0,0,0,0,0,0,0,0,0,0,0,0,0,0,0,0,0,0,0,0,0,0,
Participant,7_3,11_49_50,1.7616,0,0,0,1.761582,0.0000,0.0000,0.0000,0.0000,0.0000,0.0000,3.41958,3.421199,3.42039,,,,,,0,0,0,0,0,0,0,0,0,0,0,0,0,0,0,0,0,0,0,0,0,0,0,0,0,0,0,0,0,0,0,0,0,0,0,0,0,0,0,0,0,0,0,0,0,0,0,0,0,0,0,
Participant,7_3,11_49_50,1.7652,0,0,0,1.76521,0.0000,0.0000,0.0000,0.0000,0.0000,0.0000,3.428194,3.395103,3.411649,,,,,,0,0,0,0,0,0,0,0,0,0,0,0,0,0,0,0,0,0,0,0,0,0,0,0,0,0,0,0,0,0,0,0,0,0,0,0,0,0,0,0,0,0,0,0,0,0,0,0,0,0,0,
Participant,7_3,11_49_50,1.7685,0,0,0,1.768467,0.0000,0.0000,0.0000,0.0000,0.0000,0.0000,3.420171,3.405203,3.412687,,,,,,0,0,0,0,0,0,0,0,0,0,0,0,0,0,0,0,0,0,0,0,0,0,0,0,0,0,0,0,0,0,0,0,0,0,0,0,0,0,0,0,0,0,0,0,0,0,0,0,0,0,0,
Participant,7_3,11_49_50,1.7717,0,0,0,1.771666,0.0000,0.0000,0.0000,0.0000,0.0000,0.0000,3.37667,3.398322,3.387496,,,,,,0,0,0,0,0,0,0,0,0,0,0,0,0,0,0,0,0,0,0,0,0,0,0,0,0,0,0,0,0,0,0,0,0,0,0,0,0,0,0,0,0,0,0,0,0,0,0,0,0,0,0,
Participant,7_3,11_49_50,1.7749,0,0,0,1.774864,0.0000,0.0000,0.0000,0.0000,0.0000,0.0000,3.402957,3.370999,3.386978,,,,,,0,0,0,0,0,0,0,0,0,0,0,0,0,0,0,0,0,0,0,0,0,0,0,0,0,0,0,0,0,0,0,0,0,0,0,0,0,0,0,0,0,0,0,0,0,0,0,0,0,0,0,
Participant,7_3,11_49_50,1.7781,0,0,0,1.778097,0.0000,0.0000,0.0000,0.0000,0.0000,0.0000,3.393632,3.377575,3.385603,,,,,,0,0,0,0,0,0,0,0,0,0,0,0,0,0,0,0,0,0,0,0,0,0,0,0,0,0,0,0,0,0,0,0,0,0,0,0,0,0,0,0,0,0,0,0,0,0,0,0,0,0,0,
Participant,7_3,11_49_50,1.7814,0,0,0,1.781436,0.0000,0.0000,0.0000,0.0000,0.0000,0.0000,3.390542,3.402947,3.396745,,,,,,0,0,0,0,0,0,0,0,0,0,0,0,0,0,0,0,0,0,0,0,0,0,0,0,0,0,0,0,0,0,0,0,0,0,0,0,0,0,0,0,0,0,0,0,0,0,0,0,0,0,0,
Participant,7_3,11_49_50,1.7850,0,0,0,1.785009,0.0000,0.0000,0.0000,0.0000,0.0000,0.0000,3.387217,3.416631,3.401924,,,,,,0,0,0,0,0,0,0,0,0,0,0,0,0,0,0,0,0,0,0,0,0,0,0,0,0,0,0,0,0,0,0,0,0,0,0,0,0,0,0,0,0,0,0,0,0,0,0,0,0,0,0,
Participant,7_3,11_49_50,1.7882,0,0,0,1.788231,0.0000,0.0000,0.0000,0.0000,0.0000,0.0000,3.382097,3.387177,3.384636,,,,,,0,0,0,0,0,0,0,0,0,0,0,0,0,0,0,0,0,0,0,0,0,0,0,0,0,0,0,0,0,0,0,0,0,0,0,0,0,0,0,0,0,0,0,0,0,0,0,0,0,0,0,
Participant,7_3,11_49_50,1.7915,0,0,0,1.791506,0.0000,0.0000,0.0000,0.0000,0.0000,0.0000,3.380716,3.40152,3.391118,,,,,,0,0,0,0,0,0,0,0,0,0,0,0,0,0,0,0,0,0,0,0,0,0,0,0,0,0,0,0,0,0,0,0,0,0,0,0,0,0,0,0,0,0,0,0,0,0,0,0,0,0,0,
Participant,7_3,11_49_50,1.7949,0,0,0,1.794907,0.0000,0.0000,0.0000,0.0000,0.0000,0.0000,3.38566,3.376648,3.381154,,,,,,0,0,0,0,0,0,0,0,0,0,0,0,0,0,0,0,0,0,0,0,0,0,0,0,0,0,0,0,0,0,0,0,0,0,0,0,0,0,0,0,0,0,0,0,0,0,0,0,0,0,0,
Participant,7_3,11_49_50,1.7982,0,0,0,1.798208,0.0000,0.0000,0.0000,0.0000,0.0000,0.0000,3.365719,3.416799,3.391259,,,,,,0,0,0,0,0,0,0,0,0,0,0,0,0,0,0,0,0,0,0,0,0,0,0,0,0,0,0,0,0,0,0,0,0,0,0,0,0,0,0,0,0,0,0,0,0,0,0,0,0,0,0,
Participant,7_3,11_49_50,1.8017,0,0,0,1.801662,0.0000,0.0000,0.0000,0.0000,0.0000,0.0000,3.415143,3.372526,3.393835,,,,,,0,0,0,0,0,0,0,0,0,0,0,0,0,0,0,0,0,0,0,0,0,0,0,0,0,0,0,0,0,0,0,0,0,0,0,0,0,0,0,0,0,0,0,0,0,0,0,0,0,0,0,
Participant,7_3,11_49_50,1.8052,0,0,0,1.805175,0.0000,0.0000,0.0000,0.0000,0.0000,0.0000,3.36973,3.35935,3.36454,,,,,,0,0,0,0,0,0,0,0,0,0,0,0,0,0,0,0,0,0,0,0,0,0,0,0,0,0,0,0,0,0,0,0,0,0,0,0,0,0,0,0,0,0,0,0,0,0,0,0,0,0,0,
Participant,7_3,11_49_50,1.8085,0,0,0,1.808503,0.0000,0.0000,0.0000,0.0000,0.0000,0.0000,3.385677,3.393683,3.38968,,,,,,0,0,0,0,0,0,0,0,0,0,0,0,0,0,0,0,0,0,0,0,0,0,0,0,0,0,0,0,0,0,0,0,0,0,0,0,0,0,0,0,0,0,0,0,0,0,0,0,0,0,0,
Participant,7_3,11_49_50,1.8119,0,0,0,1.811926,0.0000,0.0000,0.0000,0.0000,0.0000,0.0000,3.377801,3.386852,3.382327,,,,,,0,0,0,0,0,0,0,0,0,0,0,0,0,0,0,0,0,0,0,0,0,0,0,0,0,0,0,0,0,0,0,0,0,0,0,0,0,0,0,0,0,0,0,0,0,0,0,0,0,0,0,
Participant,7_3,11_49_50,1.8183,0,0,0,1.818332,0.0000,0.0000,0.0000,0.0000,0.0000,0.0000,3.365407,3.388069,3.376738,,,,,,0,0,0,0,0,0,0,0,0,0,0,0,0,0,0,0,0,0,0,0,0,0,0,0,0,0,0,0,0,0,0,0,0,0,0,0,0,0,0,0,0,0,0,0,0,0,0,0,0,0,0,
Participant,7_3,11_49_50,1.8216,0,0,0,1.821587,0.0000,0.0000,0.0000,0.0000,0.0000,0.0000,3.399222,3.37098,3.385101,,,,,,0,0,0,0,0,0,0,0,0,0,0,0,0,0,0,0,0,0,0,0,0,0,0,0,0,0,0,0,0,0,0,0,0,0,0,0,0,0,0,0,0,0,0,0,0,0,0,0,0,0,0,
Participant,7_3,11_49_50,1.8250,0,0,0,1.825036,0.0000,0.0000,0.0000,0.0000,0.0000,0.0000,3.355578,3.388406,3.371992,,,,,,0,0,0,0,0,0,0,0,0,0,0,0,0,0,0,0,0,0,0,0,0,0,0,0,0,0,0,0,0,0,0,0,0,0,0,0,0,0,0,0,0,0,0,0,0,0,0,0,0,0,0,
Participant,7_3,11_49_50,1.8283,0,0,0,1.828275,0.0000,0.0000,0.0000,0.0000,0.0000,0.0000,3.351736,3.347067,3.349401,,,,,,0,0,0,0,0,0,0,0,0,0,0,0,0,0,0,0,0,0,0,0,0,0,0,0,0,0,0,0,0,0,0,0,0,0,0,0,0,0,0,0,0,0,0,0,0,0,0,0,0,0,0,
Participant,7_3,11_49_50,1.8316,0,0,0,1.831606,0.0000,0.0000,0.0000,0.0000,0.0000,0.0000,3.393359,3.35598,3.37467,,,,,,0,0,0,0,0,0,0,0,0,0,0,0,0,0,0,0,0,0,0,0,0,0,0,0,0,0,0,0,0,0,0,0,0,0,0,0,0,0,0,0,0,0,0,0,0,0,0,0,0,0,0,
Participant,7_3,11_49_50,1.8350,0,0,0,1.835035,0.0000,0.0000,0.0000,0.0000,0.0000,0.0000,3.363154,3.384379,3.373767,,,,,,0,0,0,0,0,0,0,0,0,0,0,0,0,0,0,0,0,0,0,0,0,0,0,0,0,0,0,0,0,0,0,0,0,0,0,0,0,0,0,0,0,0,0,0,0,0,0,0,0,0,0,
Participant,7_3,11_49_50,1.8384,0,0,0,1.838409,0.0000,0.0000,0.0000,0.0000,0.0000,0.0000,3.372374,3.370212,3.371293,,,,,,0,0,0,0,0,0,0,0,0,0,0,0,0,0,0,0,0,0,0,0,0,0,0,0,0,0,0,0,0,0,0,0,0,0,0,0,0,0,0,0,0,0,0,0,0,0,0,0,0,0,0,
Participant,7_3,11_49_50,1.8416,0,0,0,1.841588,0.0000,0.0000,0.0000,0.0000,0.0000,0.0000,3.394426,3.375086,3.384756,,,,,,0,0,0,0,0,0,0,0,0,0,0,0,0,0,0,0,0,0,0,0,0,0,0,0,0,0,0,0,0,0,0,0,0,0,0,0,0,0,0,0,0,0,0,0,0,0,0,0,0,0,0,
Participant,7_3,11_49_50,1.8450,0,0,0,1.845043,0.0000,0.0000,0.0000,0.0000,0.0000,0.0000,3.362714,3.340728,3.351721,,,,,,0,0,0,0,0,0,0,0,0,0,0,0,0,0,0,0,0,0,0,0,0,0,0,0,0,0,0,0,0,0,0,0,0,0,0,0,0,0,0,0,0,0,0,0,0,0,0,0,0,0,0,
Participant,7_3,11_49_50,1.8482,0,0,0,1.848198,0.0000,0.0000,0.0000,0.0000,0.0000,0.0000,3.357576,3.366226,3.361901,,,,,,0,0,0,0,0,0,0,0,0,0,0,0,0,0,0,0,0,0,0,0,0,0,0,0,0,0,0,0,0,0,0,0,0,0,0,0,0,0,0,0,0,0,0,0,0,0,0,0,0,0,0,
Participant,7_3,11_49_50,1.8515,0,0,0,1.851523,0.0000,0.0000,0.0000,0.0000,0.0000,0.0000,3.345664,3.370043,3.357853,,,,,,0,0,0,0,0,0,0,0,0,0,0,0,0,0,0,0,0,0,0,0,0,0,0,0,0,0,0,0,0,0,0,0,0,0,0,0,0,0,0,0,0,0,0,0,0,0,0,0,0,0,0,
Participant,7_3,11_49_50,1.8549,0,0,0,1.854884,0.0000,0.0000,0.0000,0.0000,0.0000,0.0000,3.354244,3.375672,3.364958,,,,,,0,0,0,0,0,0,0,0,0,0,0,0,0,0,0,0,0,0,0,0,0,0,0,0,0,0,0,0,0,0,0,0,0,0,0,0,0,0,0,0,0,0,0,0,0,0,0,0,0,0,0,
Participant,7_3,11_49_50,1.8584,0,0,0,1.858354,0.0000,0.0000,0.0000,0.0000,0.0000,0.0000,3.374218,3.340655,3.357436,,,,,,0,0,0,0,0,0,0,0,0,0,0,0,0,0,0,0,0,0,0,0,0,0,0,0,0,0,0,0,0,0,0,0,0,0,0,0,0,0,0,0,0,0,0,0,0,0,0,0,0,0,0,
Participant,7_3,11_49_50,1.8621,0,0,0,1.862106,0.0000,0.0000,0.0000,0.0000,0.0000,0.0000,3.354139,3.34203,3.348084,,,,,,0,0,0,0,0,0,0,0,0,0,0,0,0,0,0,0,0,0,0,0,0,0,0,0,0,0,0,0,0,0,0,0,0,0,0,0,0,0,0,0,0,0,0,0,0,0,0,0,0,0,0,
Participant,7_3,11_49_50,1.8658,0,0,0,1.865774,0.0000,0.0000,0.0000,0.0000,0.0000,0.0000,3.331433,3.379033,3.355233,,,,,,0,0,0,0,0,0,0,0,0,0,0,0,0,0,0,0,0,0,0,0,0,0,0,0,0,0,0,0,0,0,0,0,0,0,0,0,0,0,0,0,0,0,0,0,0,0,0,0,0,0,0,
Participant,7_3,11_49_50,1.8691,0,0,0,1.869148,0.0000,0.0000,0.0000,0.0000,0.0000,0.0000,3.339731,3.371924,3.355828,,,,,,0,0,0,0,0,0,0,0,0,0,0,0,0,0,0,0,0,0,0,0,0,0,0,0,0,0,0,0,0,0,0,0,0,0,0,0,0,0,0,0,0,0,0,0,0,0,0,0,0,0,0,
Participant,7_3,11_49_50,1.8725,0,0,0,1.872515,0.0000,0.0000,0.0000,0.0000,0.0000,0.0000,3.356095,3.365137,3.360616,,,,,,0,0,0,0,0,0,0,0,0,0,0,0,0,0,0,0,0,0,0,0,0,0,0,0,0,0,0,0,0,0,0,0,0,0,0,0,0,0,0,0,0,0,0,0,0,0,0,0,0,0,0,
Participant,7_3,11_49_50,1.8757,0,0,0,1.875678,0.0000,0.0000,0.0000,0.0000,0.0000,0.0000,3.369663,3.357337,3.3635,,,,,,0,0,0,0,0,0,0,0,0,0,0,0,0,0,0,0,0,0,0,0,0,0,0,0,0,0,0,0,0,0,0,0,0,0,0,0,0,0,0,0,0,0,0,0,0,0,0,0,0,0,0,
Participant,7_3,11_49_50,1.8789,0,0,0,1.878852,0.0000,0.0000,0.0000,0.0000,0.0000,0.0000,3.326384,3.327552,3.326968,,,,,,0,0,0,0,0,0,0,0,0,0,0,0,0,0,0,0,0,0,0,0,0,0,0,0,0,0,0,0,0,0,0,0,0,0,0,0,0,0,0,0,0,0,0,0,0,0,0,0,0,0,0,
Participant,7_3,11_49_50,1.8820,0,0,0,1.881985,0.0000,0.0000,0.0000,0.0000,0.0000,0.0000,3.331917,3.35531,3.343614,,,,,,0,0,0,0,0,0,0,0,0,0,0,0,0,0,0,0,0,0,0,0,0,0,0,0,0,0,0,0,0,0,0,0,0,0,0,0,0,0,0,0,0,0,0,0,0,0,0,0,0,0,0,
Participant,7_3,11_49_50,1.8854,0,0,0,1.885413,0.0000,0.0000,0.0000,0.0000,0.0000,0.0000,3.329522,3.35443,3.341976,,,,,,0,0,0,0,0,0,0,0,0,0,0,0,0,0,0,0,0,0,0,0,0,0,0,0,0,0,0,0,0,0,0,0,0,0,0,0,0,0,0,0,0,0,0,0,0,0,0,0,0,0,0,
Participant,7_3,11_49_50,1.8886,0,0,0,1.88863,0.0000,0.0000,0.0000,0.0000,0.0000,0.0000,3.351587,3.352504,3.352045,,,,,,0,0,0,0,0,0,0,0,0,0,0,0,0,0,0,0,0,0,0,0,0,0,0,0,0,0,0,0,0,0,0,0,0,0,0,0,0,0,0,0,0,0,0,0,0,0,0,0,0,0,0,
Participant,7_3,11_49_50,1.8918,0,0,0,1.891785,0.0000,0.0000,0.0000,0.0000,0.0000,0.0000,3.362052,3.377133,3.369593,,,,,,0,0,0,0,0,0,0,0,0,0,0,0,0,0,0,0,0,0,0,0,0,0,0,0,0,0,0,0,0,0,0,0,0,0,0,0,0,0,0,0,0,0,0,0,0,0,0,0,0,0,0,
Participant,7_3,11_49_50,1.8950,0,0,0,1.895009,0.0000,0.0000,0.0000,0.0000,0.0000,0.0000,3.319841,3.368137,3.343989,,,,,,0,0,0,0,0,0,0,0,0,0,0,0,0,0,0,0,0,0,0,0,0,0,0,0,0,0,0,0,0,0,0,0,0,0,0,0,0,0,0,0,0,0,0,0,0,0,0,0,0,0,0,
Participant,7_3,11_49_50,1.8982,0,0,0,1.898196,0.0000,0.0000,0.0000,0.0000,0.0000,0.0000,3.355287,3.335553,3.34542,,,,,,0,0,0,0,0,0,0,0,0,0,0,0,0,0,0,0,0,0,0,0,0,0,0,0,0,0,0,0,0,0,0,0,0,0,0,0,0,0,0,0,0,0,0,0,0,0,0,0,0,0,0,
Participant,7_3,11_49_50,1.9014,0,0,0,1.901363,0.0000,0.0000,0.0000,0.0000,0.0000,0.0000,3.360992,3.319104,3.340048,,,,,,0,0,0,0,0,0,0,0,0,0,0,0,0,0,0,0,0,0,0,0,0,0,0,0,0,0,0,0,0,0,0,0,0,0,0,0,0,0,0,0,0,0,0,0,0,0,0,0,0,0,0,
Participant,7_3,11_49_50,1.9048,0,0,0,1.904768,0.0000,0.0000,0.0000,0.0000,0.0000,0.0000,3.35217,3.373486,3.362828,,,,,,0,0,0,0,0,0,0,0,0,0,0,0,0,0,0,0,0,0,0,0,0,0,0,0,0,0,0,0,0,0,0,0,0,0,0,0,0,0,0,0,0,0,0,0,0,0,0,0,0,0,0,
Participant,7_3,11_49_50,1.9080,0,0,0,1.907969,0.0000,0.0000,0.0000,0.0000,0.0000,0.0000,3.337105,3.314458,3.325781,,,,,,0,0,0,0,0,0,0,0,0,0,0,0,0,0,0,0,0,0,0,0,0,0,0,0,0,0,0,0,0,0,0,0,0,0,0,0,0,0,0,0,0,0,0,0,0,0,0,0,0,0,0,
Participant,7_3,11_49_50,1.9111,0,0,0,1.911095,0.0000,0.0000,0.0000,0.0000,0.0000,0.0000,3.346798,3.335635,3.341217,,,,,,0,0,0,0,0,0,0,0,0,0,0,0,0,0,0,0,0,0,0,0,0,0,0,0,0,0,0,0,0,0,0,0,0,0,0,0,0,0,0,0,0,0,0,0,0,0,0,0,0,0,0,
Participant,7_3,11_49_50,1.9143,0,0,0,1.914257,0.0000,0.0000,0.0000,0.0000,0.0000,0.0000,3.319521,3.346988,3.333254,,,,,,0,0,0,0,0,0,0,0,0,0,0,0,0,0,0,0,0,0,0,0,0,0,0,0,0,0,0,0,0,0,0,0,0,0,0,0,0,0,0,0,0,0,0,0,0,0,0,0,0,0,0,
Participant,7_3,11_49_50,1.9175,0,0,0,1.917473,0.0000,0.0000,0.0000,0.0000,0.0000,0.0000,3.368173,3.319762,3.343967,,,,,,0,0,0,0,0,0,0,0,0,0,0,0,0,0,0,0,0,0,0,0,0,0,0,0,0,0,0,0,0,0,0,0,0,0,0,0,0,0,0,0,0,0,0,0,0,0,0,0,0,0,0,
Participant,7_3,11_49_50,1.9209,0,0,0,1.920898,0.0000,0.0000,0.0000,0.0000,0.0000,0.0000,3.313921,3.362606,3.338264,,,,,,0,0,0,0,0,0,0,0,0,0,0,0,0,0,0,0,0,0,0,0,0,0,0,0,0,0,0,0,0,0,0,0,0,0,0,0,0,0,0,0,0,0,0,0,0,0,0,0,0,0,0,
Participant,7_3,11_49_50,1.9244,0,0,0,1.924381,0.0000,0.0000,0.0000,0.0000,0.0000,0.0000,3.333553,3.351257,3.342405,,,,,,0,0,0,0,0,0,0,0,0,0,0,0,0,0,0,0,0,0,0,0,0,0,0,0,0,0,0,0,0,0,0,0,0,0,0,0,0,0,0,0,0,0,0,0,0,0,0,0,0,0,0,
Participant,7_3,11_49_50,1.9278,0,0,0,1.927824,0.0000,0.0000,0.0000,0.0000,0.0000,0.0000,3.312012,3.357425,3.334718,,,,,,0,0,0,0,0,0,0,0,0,0,0,0,0,0,0,0,0,0,0,0,0,0,0,0,0,0,0,0,0,0,0,0,0,0,0,0,0,0,0,0,0,0,0,0,0,0,0,0,0,0,0,
Participant,7_3,11_49_50,1.9313,0,0,0,1.93127,0.0000,0.0000,0.0000,0.0000,0.0000,0.0000,3.362897,3.339672,3.351285,,,,,,0,0,0,0,0,0,0,0,0,0,0,0,0,0,0,0,0,0,0,0,0,0,0,0,0,0,0,0,0,0,0,0,0,0,0,0,0,0,0,0,0,0,0,0,0,0,0,0,0,0,0,
Participant,7_3,11_49_50,1.9345,0,0,0,1.934452,0.0000,0.0000,0.0000,0.0000,0.0000,0.0000,3.356411,3.348744,3.352577,,,,,,0,0,0,0,0,0,0,0,0,0,0,0,0,0,0,0,0,0,0,0,0,0,0,0,0,0,0,0,0,0,0,0,0,0,0,0,0,0,0,0,0,0,0,0,0,0,0,0,0,0,0,
Participant,7_3,11_49_50,1.9377,0,0,0,1.937669,0.0000,0.0000,0.0000,0.0000,0.0000,0.0000,3.334914,3.346195,3.340555,,,,,,0,0,0,0,0,0,0,0,0,0,0,0,0,0,0,0,0,0,0,0,0,0,0,0,0,0,0,0,0,0,0,0,0,0,0,0,0,0,0,0,0,0,0,0,0,0,0,0,0,0,0,
Participant,7_3,11_49_51,1.9408,0,0,0,1.940832,0.0000,0.0000,0.0000,0.0000,0.0000,0.0000,3.358173,3.337474,3.347823,,,,,,0,0,0,0,0,0,0,0,0,0,0,0,0,0,0,0,0,0,0,0,0,0,0,0,0,0,0,0,0,0,0,0,0,0,0,0,0,0,0,0,0,0,0,0,0,0,0,0,0,0,0,
Participant,7_3,11_49_51,1.9442,0,0,0,1.944218,0.0000,0.0000,0.0000,0.0000,0.0000,0.0000,3.32333,3.309496,3.316413,,,,,,0,0,0,0,0,0,0,0,0,0,0,0,0,0,0,0,0,0,0,0,0,0,0,0,0,0,0,0,0,0,0,0,0,0,0,0,0,0,0,0,0,0,0,0,0,0,0,0,0,0,0,
Participant,7_3,11_49_51,1.9474,0,0,0,1.947422,0.0000,0.0000,0.0000,0.0000,0.0000,0.0000,3.315622,3.358486,3.337054,,,,,,0,0,0,0,0,0,0,0,0,0,0,0,0,0,0,0,0,0,0,0,0,0,0,0,0,0,0,0,0,0,0,0,0,0,0,0,0,0,0,0,0,0,0,0,0,0,0,0,0,0,0,
Participant,7_3,11_49_51,1.9506,0,0,0,1.950555,0.0000,0.0000,0.0000,0.0000,0.0000,0.0000,3.310028,3.307224,3.308626,,,,,,0,0,0,0,0,0,0,0,0,0,0,0,0,0,0,0,0,0,0,0,0,0,0,0,0,0,0,0,0,0,0,0,0,0,0,0,0,0,0,0,0,0,0,0,0,0,0,0,0,0,0,
Participant,7_3,11_49_51,1.9537,0,0,0,1.953691,0.0000,0.0000,0.0000,0.0000,0.0000,0.0000,3.340951,3.312057,3.326504,,,,,,0,0,0,0,0,0,0,0,0,0,0,0,0,0,0,0,0,0,0,0,0,0,0,0,0,0,0,0,0,0,0,0,0,0,0,0,0,0,0,0,0,0,0,0,0,0,0,0,0,0,0,
Participant,7_3,11_49_51,1.9570,0,0,0,1.956959,0.0000,0.0000,0.0000,0.0000,0.0000,0.0000,3.346557,3.314903,3.33073,,,,,,0,0,0,0,0,0,0,0,0,0,0,0,0,0,0,0,0,0,0,0,0,0,0,0,0,0,0,0,0,0,0,0,0,0,0,0,0,0,0,0,0,0,0,0,0,0,0,0,0,0,0,
Participant,7_3,11_49_51,1.9603,0,0,0,1.960308,0.0000,0.0000,0.0000,0.0000,0.0000,0.0000,3.303442,3.299814,3.301628,,,,,,0,0,0,0,0,0,0,0,0,0,0,0,0,0,0,0,0,0,0,0,0,0,0,0,0,0,0,0,0,0,0,0,0,0,0,0,0,0,0,0,0,0,0,0,0,0,0,0,0,0,0,
Participant,7_3,11_49_51,1.9639,0,0,0,1.963925,0.0000,0.0000,0.0000,0.0000,0.0000,0.0000,3.340514,3.308424,3.324469,,,,,,0,0,0,0,0,0,0,0,0,0,0,0,0,0,0,0,0,0,0,0,0,0,0,0,0,0,0,0,0,0,0,0,0,0,0,0,0,0,0,0,0,0,0,0,0,0,0,0,0,0,0,
Participant,7_3,11_49_51,1.9673,0,0,0,1.967322,0.0000,0.0000,0.0000,0.0000,0.0000,0.0000,3.343493,3.323211,3.333352,,,,,,0,0,0,0,0,0,0,0,0,0,0,0,0,0,0,0,0,0,0,0,0,0,0,0,0,0,0,0,0,0,0,0,0,0,0,0,0,0,0,0,0,0,0,0,0,0,0,0,0,0,0,
Participant,7_3,11_49_51,1.9706,0,0,0,1.970649,0.0000,0.0000,0.0000,0.0000,0.0000,0.0000,3.343288,3.306571,3.324929,,,,,,0,0,0,0,0,0,0,0,0,0,0,0,0,0,0,0,0,0,0,0,0,0,0,0,0,0,0,0,0,0,0,0,0,0,0,0,0,0,0,0,0,0,0,0,0,0,0,0,0,0,0,
Participant,7_3,11_49_51,1.9740,0,0,0,1.973954,0.0000,0.0000,0.0000,0.0000,0.0000,0.0000,3.346465,3.331247,3.338856,,,,,,0,0,0,0,0,0,0,0,0,0,0,0,0,0,0,0,0,0,0,0,0,0,0,0,0,0,0,0,0,0,0,0,0,0,0,0,0,0,0,0,0,0,0,0,0,0,0,0,0,0,0,
Participant,7_3,11_49_51,1.9773,0,0,0,1.977275,0.0000,0.0000,0.0000,0.0000,0.0000,0.0000,3.305948,3.302812,3.30438,,,,,,0,0,0,0,0,0,0,0,0,0,0,0,0,0,0,0,0,0,0,0,0,0,0,0,0,0,0,0,0,0,0,0,0,0,0,0,0,0,0,0,0,0,0,0,0,0,0,0,0,0,0,
Participant,7_3,11_49_51,1.9805,0,0,0,1.980505,0.0000,0.0000,0.0000,0.0000,0.0000,0.0000,3.319288,3.334635,3.326961,,,,,,0,0,0,0,0,0,0,0,0,0,0,0,0,0,0,0,0,0,0,0,0,0,0,0,0,0,0,0,0,0,0,0,0,0,0,0,0,0,0,0,0,0,0,0,0,0,0,0,0,0,0,
Participant,7_3,11_49_51,1.9841,0,0,0,1.984135,0.0000,0.0000,0.0000,0.0000,0.0000,0.0000,3.327788,3.311607,3.319697,,,,,,0,0,0,0,0,0,0,0,0,0,0,0,0,0,0,0,0,0,0,0,0,0,0,0,0,0,0,0,0,0,0,0,0,0,0,0,0,0,0,0,0,0,0,0,0,0,0,0,0,0,0,
Participant,7_3,11_49_51,1.9876,0,0,0,1.987551,0.0000,0.0000,0.0000,0.0000,0.0000,0.0000,3.341545,3.30317,3.322357,,,,,,0,0,0,0,0,0,0,0,0,0,0,0,0,0,0,0,0,0,0,0,0,0,0,0,0,0,0,0,0,0,0,0,0,0,0,0,0,0,0,0,0,0,0,0,0,0,0,0,0,0,0,
Participant,7_3,11_49_51,1.9907,0,0,0,1.990742,0.0000,0.0000,0.0000,0.0000,0.0000,0.0000,3.328378,3.294384,3.311381,,,,,,0,0,0,0,0,0,0,0,0,0,0,0,0,0,0,0,0,0,0,0,0,0,0,0,0,0,0,0,0,0,0,0,0,0,0,0,0,0,0,0,0,0,0,0,0,0,0,0,0,0,0,
Participant,7_3,11_49_51,1.9941,0,0,0,1.994057,0.0000,0.0000,0.0000,0.0000,0.0000,0.0000,3.309897,3.287293,3.298595,,,,,,0,0,0,0,0,0,0,0,0,0,0,0,0,0,0,0,0,0,0,0,0,0,0,0,0,0,0,0,0,0,0,0,0,0,0,0,0,0,0,0,0,0,0,0,0,0,0,0,0,0,0,
Participant,7_3,11_49_51,1.9972,0,0,0,1.997198,0.0000,0.0000,0.0000,0.0000,0.0000,0.0000,3.338764,3.303984,3.321374,,,,,,0,0,0,0,0,0,0,0,0,0,0,0,0,0,0,0,0,0,0,0,0,0,0,0,0,0,0,0,0,0,0,0,0,0,0,0,0,0,0,0,0,0,0,0,0,0,0,0,0,0,0,
Participant,7_3,11_49_51,2.0004,0,0,0,2.000416,0.0000,0.0000,0.0000,0.0000,0.0000,0.0000,3.300973,3.28981,3.295392,,,,,,0,0,0,0,0,0,0,0,0,0,0,0,0,0,0,0,0,0,0,0,0,0,0,0,0,0,0,0,0,0,0,0,0,0,0,0,0,0,0,0,0,0,0,0,0,0,0,0,0,0,0,
Participant,7_3,11_49_51,2.0048,0,0,0,2.004831,0.0000,0.0000,0.0000,0.0000,0.0000,0.0000,3.311001,3.332487,3.321744,-0.2828579,,,,,0,0,0,0,0,0,0,0,0,0,0,0,0,0,0,0,0,0,0,0,0,0,0,0,0,0,0,0,0,0,0,0,0,0,0,0,0,0,0,0,0,0,0,0,0,0,0,0,0,0,0,
Participant,7_3,11_49_51,2.0082,0,0,0,2.008199,0.0000,0.0000,0.0000,0.0000,0.0000,0.0000,3.302058,3.332746,3.317402,-0.2872002,,,,,0,0,0,0,0,0,0,0,0,0,0,0,0,0,0,0,0,0,0,0,0,0,0,0,0,0,0,0,0,0,0,0,0,0,0,0,0,0,0,0,0,0,0,0,0,0,0,0,0,0,0,
Participant,7_3,11_49_51,2.0114,0,0,0,2.011415,0.0000,0.0000,0.0000,0.0000,0.0000,0.0000,3.334003,3.324547,3.329275,-0.2753272,,,,,0,0,0,0,0,0,0,0,0,0,0,0,0,0,0,0,0,0,0,0,0,0,0,0,0,0,0,0,0,0,0,0,0,0,0,0,0,0,0,0,0,0,0,0,0,0,0,0,0,0,0,
Participant,7_3,11_49_51,2.0148,0,0,0,2.014845,0.0000,0.0000,0.0000,0.0000,0.0000,0.0000,3.283562,3.286217,3.28489,-0.3197124,,,,,0,0,0,0,0,0,0,0,0,0,0,0,0,0,0,0,0,0,0,0,0,0,0,0,0,0,0,0,0,0,0,0,0,0,0,0,0,0,0,0,0,0,0,0,0,0,0,0,0,0,0,
Participant,7_3,11_49_51,2.0255,0,0,0,2.025516,0.0000,0.0000,0.0000,0.0000,0.0000,0.0000,3.278256,3.30888,3.293568,-0.311034,,,,,0,0,0,0,0,0,0,0,0,0,0,0,0,0,0,0,0,0,0,0,0,0,0,0,0,0,0,0,0,0,0,0,0,0,0,0,0,0,0,0,0,0,0,0,0,0,0,0,0,0,0,
Participant,7_3,11_49_51,2.0289,0,0,0,2.028928,0.0000,0.0000,0.0000,0.0000,0.0000,0.0000,3.328927,3.283077,3.306002,-0.2986004,,,,,0,0,0,0,0,0,0,0,0,0,0,0,0,0,0,0,0,0,0,0,0,0,0,0,0,0,0,0,0,0,0,0,0,0,0,0,0,0,0,0,0,0,0,0,0,0,0,0,0,0,0,
Participant,7_3,11_49_51,2.0321,0,0,0,2.032105,0.0000,0.0000,0.0000,0.0000,0.0000,0.0000,3.311151,3.309525,3.310338,-0.2942641,,,,,0,0,0,0,0,0,0,0,0,0,0,0,0,0,0,0,0,0,0,0,0,0,0,0,0,0,0,0,0,0,0,0,0,0,0,0,0,0,0,0,0,0,0,0,0,0,0,0,0,0,0,
Participant,7_3,11_49_51,2.0354,0,0,0,2.035361,0.0000,0.0000,0.0000,0.0000,0.0000,0.0000,3.275202,3.269774,3.272488,-0.332114,,,,,0,0,0,0,0,0,0,0,0,0,0,0,0,0,0,0,0,0,0,0,0,0,0,0,0,0,0,0,0,0,0,0,0,0,0,0,0,0,0,0,0,0,0,0,0,0,0,0,0,0,0,
Participant,7_3,11_49_51,2.0387,0,0,0,2.038699,0.0000,0.0000,0.0000,0.0000,0.0000,0.0000,3.284636,3.315652,3.300144,-0.3044579,,,,,0,0,0,0,0,0,0,0,0,0,0,0,0,0,0,0,0,0,0,0,0,0,0,0,0,0,0,0,0,0,0,0,0,0,0,0,0,0,0,0,0,0,0,0,0,0,0,0,0,0,0,
Participant,7_3,11_49_51,2.0420,0,0,0,2.042029,0.0000,0.0000,0.0000,0.0000,0.0000,0.0000,3.305688,3.294055,3.299871,-0.3047307,,,,,0,0,0,0,0,0,0,0,0,0,0,0,0,0,0,0,0,0,0,0,0,0,0,0,0,0,0,0,0,0,0,0,0,0,0,0,0,0,0,0,0,0,0,0,0,0,0,0,0,0,0,
Participant,7_3,11_49_51,2.0456,0,0,0,2.045585,0.0000,0.0000,0.0000,0.0000,0.0000,0.0000,3.312438,3.319628,3.316033,-0.2885692,,,,,0,0,0,0,0,0,0,0,0,0,0,0,0,0,0,0,0,0,0,0,0,0,0,0,0,0,0,0,0,0,0,0,0,0,0,0,0,0,0,0,0,0,0,0,0,0,0,0,0,0,0,
Participant,7_3,11_49_51,2.0490,0,0,0,2.048973,0.0000,0.0000,0.0000,0.0000,0.0000,0.0000,3.319202,3.277697,3.29845,-0.3061526,,,,,0,0,0,0,0,0,0,0,0,0,0,0,0,0,0,0,0,0,0,0,0,0,0,0,0,0,0,0,0,0,0,0,0,0,0,0,0,0,0,0,0,0,0,0,0,0,0,0,0,0,0,
Participant,7_3,11_49_51,2.0523,0,0,0,2.05226,0.0000,0.0000,0.0000,0.0000,0.0000,0.0000,3.310393,3.313412,3.311903,-0.2926996,,,,,0,0,0,0,0,0,0,0,0,0,0,0,0,0,0,0,0,0,0,0,0,0,0,0,0,0,0,0,0,0,0,0,0,0,0,0,0,0,0,0,0,0,0,0,0,0,0,0,0,0,0,
Participant,7_3,11_49_51,2.0557,0,0,0,2.055686,0.0000,0.0000,0.0000,0.0000,0.0000,0.0000,3.285913,3.273942,3.279927,-0.3246748,,,,,0,0,0,0,0,0,0,0,0,0,0,0,0,0,0,0,0,0,0,0,0,0,0,0,0,0,0,0,0,0,0,0,0,0,0,0,0,0,0,0,0,0,0,0,0,0,0,0,0,0,0,
Participant,7_3,11_49_51,2.0593,0,0,0,2.059272,0.0000,0.0000,0.0000,0.0000,0.0000,0.0000,3.301347,3.317179,3.309263,-0.2953389,,,,,0,0,0,0,0,0,0,0,0,0,0,0,0,0,0,0,0,0,0,0,0,0,0,0,0,0,0,0,0,0,0,0,0,0,0,0,0,0,0,0,0,0,0,0,0,0,0,0,0,0,0,
Participant,7_3,11_49_51,2.0624,0,0,0,2.062417,0.0000,0.0000,0.0000,0.0000,0.0000,0.0000,3.272238,3.280316,3.276277,-0.328325,,,,,0,0,0,0,0,0,0,0,0,0,0,0,0,0,0,0,0,0,0,0,0,0,0,0,0,0,0,0,0,0,0,0,0,0,0,0,0,0,0,0,0,0,0,0,0,0,0,0,0,0,0,
Participant,7_3,11_49_51,2.0658,0,0,0,2.065772,0.0000,0.0000,0.0000,0.0000,0.0000,0.0000,3.274005,3.295434,3.284719,-0.3198826,,,,,0,0,0,0,0,0,0,0,0,0,0,0,0,0,0,0,0,0,0,0,0,0,0,0,0,0,0,0,0,0,0,0,0,0,0,0,0,0,0,0,0,0,0,0,0,0,0,0,0,0,0,
Participant,7_3,11_49_51,2.0689,0,0,0,2.068905,0.0000,0.0000,0.0000,0.0000,0.0000,0.0000,3.267814,3.308164,3.287989,-0.3166127,,,,,0,0,0,0,0,0,0,0,0,0,0,0,0,0,0,0,0,0,0,0,0,0,0,0,0,0,0,0,0,0,0,0,0,0,0,0,0,0,0,0,0,0,0,0,0,0,0,0,0,0,0,
Participant,7_3,11_49_51,2.0721,0,0,0,2.072053,0.0000,0.0000,0.0000,0.0000,0.0000,0.0000,3.298615,3.299104,3.29886,-0.3057425,,,,,0,0,0,0,0,0,0,0,0,0,0,0,0,0,0,0,0,0,0,0,0,0,0,0,0,0,0,0,0,0,0,0,0,0,0,0,0,0,0,0,0,0,0,0,0,0,0,0,0,0,0,
Participant,7_3,11_49_51,2.0753,0,0,0,2.075295,0.0000,0.0000,0.0000,0.0000,0.0000,0.0000,3.290546,3.311185,3.300865,-0.3037367,,,,,0,0,0,0,0,0,0,0,0,0,0,0,0,0,0,0,0,0,0,0,0,0,0,0,0,0,0,0,0,0,0,0,0,0,0,0,0,0,0,0,0,0,0,0,0,0,0,0,0,0,0,
Participant,7_3,11_49_51,2.0785,0,0,0,2.078511,0.0000,0.0000,0.0000,0.0000,0.0000,0.0000,3.265192,3.299832,3.282512,-0.3220901,,,,,0,0,0,0,0,0,0,0,0,0,0,0,0,0,0,0,0,0,0,0,0,0,0,0,0,0,0,0,0,0,0,0,0,0,0,0,0,0,0,0,0,0,0,0,0,0,0,0,0,0,0,
Participant,7_3,11_49_51,2.0817,0,0,0,2.081707,0.0000,0.0000,0.0000,0.0000,0.0000,0.0000,3.274428,3.297697,3.286062,-0.3185399,,,,,0,0,0,0,0,0,0,0,0,0,0,0,0,0,0,0,0,0,0,0,0,0,0,0,0,0,0,0,0,0,0,0,0,0,0,0,0,0,0,0,0,0,0,0,0,0,0,0,0,0,0,
Participant,7_3,11_49_51,2.0851,0,0,0,2.08508,0.0000,0.0000,0.0000,0.0000,0.0000,0.0000,3.257394,3.262436,3.259915,-0.3446872,,,,,0,0,0,0,0,0,0,0,0,0,0,0,0,0,0,0,0,0,0,0,0,0,0,0,0,0,0,0,0,0,0,0,0,0,0,0,0,0,0,0,0,0,0,0,0,0,0,0,0,0,0,
Participant,7_3,11_49_51,2.0883,0,0,0,2.088258,0.0000,0.0000,0.0000,0.0000,0.0000,0.0000,3.294945,3.303756,3.299351,-0.3052516,,,,,0,0,0,0,0,0,0,0,0,0,0,0,0,0,0,0,0,0,0,0,0,0,0,0,0,0,0,0,0,0,0,0,0,0,0,0,0,0,0,0,0,0,0,0,0,0,0,0,0,0,0,
Participant,7_3,11_49_51,2.0914,0,0,0,2.0914,0.0000,0.0000,0.0000,0.0000,0.0000,0.0000,3.297026,3.309869,3.303447,-0.3011546,,,,,0,0,0,0,0,0,0,0,0,0,0,0,0,0,0,0,0,0,0,0,0,0,0,0,0,0,0,0,0,0,0,0,0,0,0,0,0,0,0,0,0,0,0,0,0,0,0,0,0,0,0,
Participant,7_3,11_49_51,2.0948,0,0,0,2.094764,0.0000,0.0000,0.0000,0.0000,0.0000,0.0000,3.261319,3.260613,3.260966,-0.3436363,,,,,0,0,0,0,0,0,0,0,0,0,0,0,0,0,0,0,0,0,0,0,0,0,0,0,0,0,0,0,0,0,0,0,0,0,0,0,0,0,0,0,0,0,0,0,0,0,0,0,0,0,0,
Participant,7_3,11_49_51,2.0981,0,0,0,2.09809,0.0000,0.0000,0.0000,0.0000,0.0000,0.0000,3.263752,3.254422,3.259087,-0.345515,,,,,0,0,0,0,0,0,0,0,0,0,0,0,0,0,0,0,0,0,0,0,0,0,0,0,0,0,0,0,0,0,0,0,0,0,0,0,0,0,0,0,0,0,0,0,0,0,0,0,0,0,0,
Participant,7_3,11_49_51,2.1015,0,0,0,2.101535,0.0000,0.0000,0.0000,0.0000,0.0000,0.0000,3.293181,3.282684,3.287932,-0.3166697,,,,,0,0,0,0,0,0,0,0,0,0,0,0,0,0,0,0,0,0,0,0,0,0,0,0,0,0,0,0,0,0,0,0,0,0,0,0,0,0,0,0,0,0,0,0,0,0,0,0,0,0,0,
Participant,7_3,11_49_51,2.1050,0,0,0,2.104956,0.0000,0.0000,0.0000,0.0000,0.0000,0.0000,3.303586,3.298533,3.30106,-0.3035424,,,,,0,0,0,0,0,0,0,0,0,0,0,0,0,0,0,0,0,0,0,0,0,0,0,0,0,0,0,0,0,0,0,0,0,0,0,0,0,0,0,0,0,0,0,0,0,0,0,0,0,0,0,
Participant,7_3,11_49_51,2.1083,0,0,0,2.108338,0.0000,0.0000,0.0000,0.0000,0.0000,0.0000,3.2849,3.25239,3.268645,-0.3359568,,,,,0,0,0,0,0,0,0,0,0,0,0,0,0,0,0,0,0,0,0,0,0,0,0,0,0,0,0,0,0,0,0,0,0,0,0,0,0,0,0,0,0,0,0,0,0,0,0,0,0,0,0,
Participant,7_3,11_49_51,2.1116,0,0,0,2.111569,0.0000,0.0000,0.0000,0.0000,0.0000,0.0000,3.25693,3.298667,3.277798,-0.3268037,,,,,0,0,0,0,0,0,0,0,0,0,0,0,0,0,0,0,0,0,0,0,0,0,0,0,0,0,0,0,0,0,0,0,0,0,0,0,0,0,0,0,0,0,0,0,0,0,0,0,0,0,0,
Participant,7_3,11_49_51,2.1147,0,0,0,2.114714,0.0000,0.0000,0.0000,0.0000,0.0000,0.0000,3.274143,3.26446,3.269301,-0.3353009,,,,,0,0,0,0,0,0,0,0,0,0,0,0,0,0,0,0,0,0,0,0,0,0,0,0,0,0,0,0,0,0,0,0,0,0,0,0,0,0,0,0,0,0,0,0,0,0,0,0,0,0,0,
Participant,7_3,11_49_51,2.1179,0,0,0,2.117885,0.0000,0.0000,0.0000,0.0000,0.0000,0.0000,3.282753,3.290541,3.286647,-0.3179553,,,,,0,0,0,0,0,0,0,0,0,0,0,0,0,0,0,0,0,0,0,0,0,0,0,0,0,0,0,0,0,0,0,0,0,0,0,0,0,0,0,0,0,0,0,0,0,0,0,0,0,0,0,
Participant,7_3,11_49_51,2.1210,0,0,0,2.121007,0.0000,0.0000,0.0000,0.0000,0.0000,0.0000,3.306307,3.255926,3.281116,-0.3234856,,,,,0,0,0,0,0,0,0,0,0,0,0,0,0,0,0,0,0,0,0,0,0,0,0,0,0,0,0,0,0,0,0,0,0,0,0,0,0,0,0,0,0,0,0,0,0,0,0,0,0,0,0,
Participant,7_3,11_49_51,2.1244,0,0,0,2.124392,0.0000,0.0000,0.0000,0.0000,0.0000,0.0000,3.273721,3.298633,3.286177,-0.3184249,,,,,0,0,0,0,0,0,0,0,0,0,0,0,0,0,0,0,0,0,0,0,0,0,0,0,0,0,0,0,0,0,0,0,0,0,0,0,0,0,0,0,0,0,0,0,0,0,0,0,0,0,0,
Participant,7_3,11_49_51,2.1275,0,0,0,2.127522,0.0000,0.0000,0.0000,0.0000,0.0000,0.0000,3.2873,3.268305,3.277802,-0.3267996,,,,,0,0,0,0,0,0,0,0,0,0,0,0,0,0,0,0,0,0,0,0,0,0,0,0,0,0,0,0,0,0,0,0,0,0,0,0,0,0,0,0,0,0,0,0,0,0,0,0,0,0,0,
Participant,7_3,11_49_51,2.1307,0,0,0,2.130697,0.0000,0.0000,0.0000,0.0000,0.0000,0.0000,3.258862,3.301437,3.280149,-0.3244531,,,,,0,0,0,0,0,0,0,0,0,0,0,0,0,0,0,0,0,0,0,0,0,0,0,0,0,0,0,0,0,0,0,0,0,0,0,0,0,0,0,0,0,0,0,0,0,0,0,0,0,0,0,
Participant,7_3,11_49_51,2.1339,0,0,0,2.13387,0.0000,0.0000,0.0000,0.0000,0.0000,0.0000,3.298502,3.255325,3.276913,-0.3276889,,,,,0,0,0,0,0,0,0,0,0,0,0,0,0,0,0,0,0,0,0,0,0,0,0,0,0,0,0,0,0,0,0,0,0,0,0,0,0,0,0,0,0,0,0,0,0,0,0,0,0,0,0,
Participant,7_3,11_49_51,2.1372,0,0,0,2.137181,0.0000,0.0000,0.0000,0.0000,0.0000,0.0000,3.254763,3.293747,3.274255,-0.3303471,,,,,0,0,0,0,0,0,0,0,0,0,0,0,0,0,0,0,0,0,0,0,0,0,0,0,0,0,0,0,0,0,0,0,0,0,0,0,0,0,0,0,0,0,0,0,0,0,0,0,0,0,0,
Participant,7_3,11_49_51,2.1406,0,0,0,2.140615,0.0000,0.0000,0.0000,0.0000,0.0000,0.0000,3.28473,3.24736,3.266045,-0.338557,,,,,0,0,0,0,0,0,0,0,0,0,0,0,0,0,0,0,0,0,0,0,0,0,0,0,0,0,0,0,0,0,0,0,0,0,0,0,0,0,0,0,0,0,0,0,0,0,0,0,0,0,0,
Participant,7_3,11_49_51,2.1443,0,0,0,2.144262,0.0000,0.0000,0.0000,0.0000,0.0000,0.0000,3.289901,3.251134,3.270518,-0.3340843,,,,,0,0,0,0,0,0,0,0,0,0,0,0,0,0,0,0,0,0,0,0,0,0,0,0,0,0,0,0,0,0,0,0,0,0,0,0,0,0,0,0,0,0,0,0,0,0,0,0,0,0,0,
Participant,7_3,11_49_51,2.1477,0,0,0,2.147721,0.0000,0.0000,0.0000,0.0000,0.0000,0.0000,3.253257,3.268201,3.260729,-0.3438733,,,,,0,0,0,0,0,0,0,0,0,0,0,0,0,0,0,0,0,0,0,0,0,0,0,0,0,0,0,0,0,0,0,0,0,0,0,0,0,0,0,0,0,0,0,0,0,0,0,0,0,0,0,
Participant,7_3,11_49_51,2.1512,0,0,0,2.151235,0.0000,0.0000,0.0000,0.0000,0.0000,0.0000,3.242831,3.245237,3.244034,-0.3605683,,,,,0,0,0,0,0,0,0,0,0,0,0,0,0,0,0,0,0,0,0,0,0,0,0,0,0,0,0,0,0,0,0,0,0,0,0,0,0,0,0,0,0,0,0,0,0,0,0,0,0,0,0,
Participant,7_3,11_49_51,2.1545,0,0,0,2.154482,0.0000,0.0000,0.0000,0.0000,0.0000,0.0000,3.295004,3.290797,3.292901,-0.3117015,,,,,0,0,0,0,0,0,0,0,0,0,0,0,0,0,0,0,0,0,0,0,0,0,0,0,0,0,0,0,0,0,0,0,0,0,0,0,0,0,0,0,0,0,0,0,0,0,0,0,0,0,0,
Participant,7_3,11_49_51,2.1577,0,0,0,2.157683,0.0000,0.0000,0.0000,0.0000,0.0000,0.0000,3.255711,3.274898,3.265305,-0.3392975,,,,,0,0,0,0,0,0,0,0,0,0,0,0,0,0,0,0,0,0,0,0,0,0,0,0,0,0,0,0,0,0,0,0,0,0,0,0,0,0,0,0,0,0,0,0,0,0,0,0,0,0,0,
Participant,7_3,11_49_51,2.1609,0,0,0,2.16087,0.0000,0.0000,0.0000,0.0000,0.0000,0.0000,3.287247,3.247666,3.267457,-0.3371456,,,,,0,0,0,0,0,0,0,0,0,0,0,0,0,0,0,0,0,0,0,0,0,0,0,0,0,0,0,0,0,0,0,0,0,0,0,0,0,0,0,0,0,0,0,0,0,0,0,0,0,0,0,
Participant,7_3,11_49_51,2.1643,0,0,0,2.164279,0.0000,0.0000,0.0000,0.0000,0.0000,0.0000,3.24599,3.291767,3.268878,-0.3357236,,,,,0,0,0,0,0,0,0,0,0,0,0,0,0,0,0,0,0,0,0,0,0,0,0,0,0,0,0,0,0,0,0,0,0,0,0,0,0,0,0,0,0,0,0,0,0,0,0,0,0,0,0,
Participant,7_3,11_49_51,2.1674,0,0,0,2.167406,0.0000,0.0000,0.0000,0.0000,0.0000,0.0000,3.267547,3.242007,3.254777,-0.3498251,,,,,0,0,0,0,0,0,0,0,0,0,0,0,0,0,0,0,0,0,0,0,0,0,0,0,0,0,0,0,0,0,0,0,0,0,0,0,0,0,0,0,0,0,0,0,0,0,0,0,0,0,0,
Participant,7_3,11_49_51,2.1706,0,0,0,2.170603,0.0000,0.0000,0.0000,0.0000,0.0000,0.0000,3.26423,3.251811,3.258021,-0.3465812,,,,,0,0,0,0,0,0,0,0,0,0,0,0,0,0,0,0,0,0,0,0,0,0,0,0,0,0,0,0,0,0,0,0,0,0,0,0,0,0,0,0,0,0,0,0,0,0,0,0,0,0,0,
Participant,7_3,11_49_51,2.1738,0,0,0,2.173804,0.0000,0.0000,0.0000,0.0000,0.0000,0.0000,3.264845,3.283726,3.274286,-0.3303163,,,,,0,0,0,0,0,0,0,0,0,0,0,0,0,0,0,0,0,0,0,0,0,0,0,0,0,0,0,0,0,0,0,0,0,0,0,0,0,0,0,0,0,0,0,0,0,0,0,0,0,0,0,
Participant,7_3,11_49_51,2.1776,0,0,0,2.177641,0.0000,0.0000,0.0000,0.0000,0.0000,0.0000,3.284621,3.288782,3.286701,-0.3179009,,,,,0,0,0,0,0,0,0,0,0,0,0,0,0,0,0,0,0,0,0,0,0,0,0,0,0,0,0,0,0,0,0,0,0,0,0,0,0,0,0,0,0,0,0,0,0,0,0,0,0,0,0,
Participant,7_3,11_49_51,2.1808,0,0,0,2.180781,0.0000,0.0000,0.0000,0.0000,0.0000,0.0000,3.283192,3.29014,3.286666,-0.3179362,,,,,0,0,0,0,0,0,0,0,0,0,0,0,0,0,0,0,0,0,0,0,0,0,0,0,0,0,0,0,0,0,0,0,0,0,0,0,0,0,0,0,0,0,0,0,0,0,0,0,0,0,0,
Participant,7_3,11_49_51,2.1842,0,0,0,2.184161,0.0000,0.0000,0.0000,0.0000,0.0000,0.0000,3.235172,3.281628,3.2584,-0.3462017,,,,,0,0,0,0,0,0,0,0,0,0,0,0,0,0,0,0,0,0,0,0,0,0,0,0,0,0,0,0,0,0,0,0,0,0,0,0,0,0,0,0,0,0,0,0,0,0,0,0,0,0,0,
Participant,7_3,11_49_51,2.1874,0,0,0,2.187351,0.0000,0.0000,0.0000,0.0000,0.0000,0.0000,3.263655,3.293711,3.278683,-0.3259187,,,,,0,0,0,0,0,0,0,0,0,0,0,0,0,0,0,0,0,0,0,0,0,0,0,0,0,0,0,0,0,0,0,0,0,0,0,0,0,0,0,0,0,0,0,0,0,0,0,0,0,0,0,
Participant,7_3,11_49_51,2.1905,0,0,0,2.190491,0.0000,0.0000,0.0000,0.0000,0.0000,0.0000,3.255693,3.287698,3.271695,-0.3329067,,,,,0,0,0,0,0,0,0,0,0,0,0,0,0,0,0,0,0,0,0,0,0,0,0,0,0,0,0,0,0,0,0,0,0,0,0,0,0,0,0,0,0,0,0,0,0,0,0,0,0,0,0,
Participant,7_3,11_49_51,2.1938,0,0,0,2.193758,0.0000,0.0000,0.0000,0.0000,0.0000,0.0000,3.253173,3.256014,3.254594,-0.3500085,,,,,0,0,0,0,0,0,0,0,0,0,0,0,0,0,0,0,0,0,0,0,0,0,0,0,0,0,0,0,0,0,0,0,0,0,0,0,0,0,0,0,0,0,0,0,0,0,0,0,0,0,0,
Participant,7_3,11_49_51,2.1969,0,0,0,2.196913,0.0000,0.0000,0.0000,0.0000,0.0000,0.0000,3.23358,3.265594,3.249587,-0.3550148,,,,,0,0,0,0,0,0,0,0,0,0,0,0,0,0,0,0,0,0,0,0,0,0,0,0,0,0,0,0,0,0,0,0,0,0,0,0,0,0,0,0,0,0,0,0,0,0,0,0,0,0,0,
Participant,7_3,11_49_51,2.2003,0,0,0,2.200254,0.0000,0.0000,0.0000,0.0000,0.0000,0.0000,3.249406,3.278544,3.263975,-0.340627,,,,,0,0,0,0,0,0,0,0,0,0,0,0,0,0,0,0,0,0,0,0,0,0,0,0,0,0,0,0,0,0,0,0,0,0,0,0,0,0,0,0,0,0,0,0,0,0,0,0,0,0,0,
Participant,7_3,11_49_51,2.2037,0,0,0,2.203657,0.0000,0.0000,0.0000,0.0000,0.0000,0.0000,3.238884,3.279118,3.259001,-0.3456008,,,,,0,0,0,0,0,0,0,0,0,0,0,0,0,0,0,0,0,0,0,0,0,0,0,0,0,0,0,0,0,0,0,0,0,0,0,0,0,0,0,0,0,0,0,0,0,0,0,0,0,0,0,
Participant,7_3,11_49_51,2.2068,0,0,0,2.206792,0.0000,0.0000,0.0000,0.0000,0.0000,0.0000,3.258701,3.265412,3.262056,-0.3425457,,,,,0,0,0,0,0,0,0,0,0,0,0,0,0,0,0,0,0,0,0,0,0,0,0,0,0,0,0,0,0,0,0,0,0,0,0,0,0,0,0,0,0,0,0,0,0,0,0,0,0,0,0,
Participant,7_3,11_49_51,2.2100,0,0,0,2.209954,0.0000,0.0000,0.0000,0.0000,0.0000,0.0000,3.269153,3.241013,3.255083,-0.3495188,,,,,0,0,0,0,0,0,0,0,0,0,0,0,0,0,0,0,0,0,0,0,0,0,0,0,0,0,0,0,0,0,0,0,0,0,0,0,0,0,0,0,0,0,0,0,0,0,0,0,0,0,0,
Participant,7_3,11_49_51,2.2133,0,0,0,2.213338,0.0000,0.0000,0.0000,0.0000,0.0000,0.0000,3.243648,3.245161,3.244404,-0.3601978,,,,,0,0,0,0,0,0,0,0,0,0,0,0,0,0,0,0,0,0,0,0,0,0,0,0,0,0,0,0,0,0,0,0,0,0,0,0,0,0,0,0,0,0,0,0,0,0,0,0,0,0,0,
Participant,7_3,11_49_51,2.2167,0,0,0,2.216695,0.0000,0.0000,0.0000,0.0000,0.0000,0.0000,3.270017,3.270774,3.270395,-0.3342068,,,,,0,0,0,0,0,0,0,0,0,0,0,0,0,0,0,0,0,0,0,0,0,0,0,0,0,0,0,0,0,0,0,0,0,0,0,0,0,0,0,0,0,0,0,0,0,0,0,0,0,0,0,
Participant,7_3,11_49_51,2.2234,0,0,0,2.223429,0.0000,0.0000,0.0000,0.0000,0.0000,0.0000,3.240783,3.273544,3.257164,-0.3474386,,,,,0,0,0,0,0,0,0,0,0,0,0,0,0,0,0,0,0,0,0,0,0,0,0,0,0,0,0,0,0,0,0,0,0,0,0,0,0,0,0,0,0,0,0,0,0,0,0,0,0,0,0,
Participant,7_3,11_49_51,2.2269,0,0,0,2.226859,0.0000,0.0000,0.0000,0.0000,0.0000,0.0000,3.231426,3.231713,3.231569,-0.3730328,,,,,0,0,0,0,0,0,0,0,0,0,0,0,0,0,0,0,0,0,0,0,0,0,0,0,0,0,0,0,0,0,0,0,0,0,0,0,0,0,0,0,0,0,0,0,0,0,0,0,0,0,0,
Participant,7_3,11_49_51,2.2301,0,0,0,2.230051,0.0000,0.0000,0.0000,0.0000,0.0000,0.0000,3.278844,3.230181,3.254512,-0.3500898,,,,,0,0,0,0,0,0,0,0,0,0,0,0,0,0,0,0,0,0,0,0,0,0,0,0,0,0,0,0,0,0,0,0,0,0,0,0,0,0,0,0,0,0,0,0,0,0,0,0,0,0,0,
Participant,7_3,11_49_51,2.2337,0,0,0,2.233735,0.0000,0.0000,0.0000,0.0000,0.0000,0.0000,3.235949,3.247691,3.24182,-0.3627822,,,,,0,0,0,0,0,0,0,0,0,0,0,0,0,0,0,0,0,0,0,0,0,0,0,0,0,0,0,0,0,0,0,0,0,0,0,0,0,0,0,0,0,0,0,0,0,0,0,0,0,0,0,
Participant,7_3,11_49_51,2.2370,0,0,0,2.237035,0.0000,0.0000,0.0000,0.0000,0.0000,0.0000,3.25469,3.274311,3.2645,-0.340102,,,,,0,0,0,0,0,0,0,0,0,0,0,0,0,0,0,0,0,0,0,0,0,0,0,0,0,0,0,0,0,0,0,0,0,0,0,0,0,0,0,0,0,0,0,0,0,0,0,0,0,0,0,
Participant,7_3,11_49_51,2.2402,0,0,0,2.240245,0.0000,0.0000,0.0000,0.0000,0.0000,0.0000,3.280851,3.257017,3.268934,-0.3356678,,,,,0,0,0,0,0,0,0,0,0,0,0,0,0,0,0,0,0,0,0,0,0,0,0,0,0,0,0,0,0,0,0,0,0,0,0,0,0,0,0,0,0,0,0,0,0,0,0,0,0,0,0,
Participant,7_3,11_49_51,2.2438,0,0,0,2.243774,0.0000,0.0000,0.0000,0.0000,0.0000,0.0000,3.233974,3.243761,3.238868,-0.3657343,,,,,0,0,0,0,0,0,0,0,0,0,0,0,0,0,0,0,0,0,0,0,0,0,0,0,0,0,0,0,0,0,0,0,0,0,0,0,0,0,0,0,0,0,0,0,0,0,0,0,0,0,0,
Participant,7_3,11_49_51,2.2471,0,0,0,2.24705,0.0000,0.0000,0.0000,0.0000,0.0000,0.0000,3.282829,3.231639,3.257234,-0.3473682,,,,,0,0,0,0,0,0,0,0,0,0,0,0,0,0,0,0,0,0,0,0,0,0,0,0,0,0,0,0,0,0,0,0,0,0,0,0,0,0,0,0,0,0,0,0,0,0,0,0,0,0,0,
Participant,7_3,11_49_51,2.2503,0,0,0,2.250295,0.0000,0.0000,0.0000,0.0000,0.0000,0.0000,3.24097,3.251796,3.246383,-0.3582191,,,,,0,0,0,0,0,0,0,0,0,0,0,0,0,0,0,0,0,0,0,0,0,0,0,0,0,0,0,0,0,0,0,0,0,0,0,0,0,0,0,0,0,0,0,0,0,0,0,0,0,0,0,
Participant,7_3,11_49_51,2.2535,0,0,0,2.253471,0.0000,0.0000,0.0000,0.0000,0.0000,0.0000,3.258694,3.250482,3.254588,-0.350014,,,,,0,0,0,0,0,0,0,0,0,0,0,0,0,0,0,0,0,0,0,0,0,0,0,0,0,0,0,0,0,0,0,0,0,0,0,0,0,0,0,0,0,0,0,0,0,0,0,0,0,0,0,
Participant,7_3,11_49_51,2.2568,0,0,0,2.256837,0.0000,0.0000,0.0000,0.0000,0.0000,0.0000,3.256452,3.26295,3.259701,-0.3449008,,,,,0,0,0,0,0,0,0,0,0,0,0,0,0,0,0,0,0,0,0,0,0,0,0,0,0,0,0,0,0,0,0,0,0,0,0,0,0,0,0,0,0,0,0,0,0,0,0,0,0,0,0,
Participant,7_3,11_49_51,2.2600,0,0,0,2.26002,0.0000,0.0000,0.0000,0.0000,0.0000,0.0000,3.262041,3.278543,3.270292,-0.3343101,,,,,0,0,0,0,0,0,0,0,0,0,0,0,0,0,0,0,0,0,0,0,0,0,0,0,0,0,0,0,0,0,0,0,0,0,0,0,0,0,0,0,0,0,0,0,0,0,0,0,0,0,0,
Participant,7_3,11_49_51,2.2634,0,0,0,2.263439,0.0000,0.0000,0.0000,0.0000,0.0000,0.0000,3.228979,3.244932,3.236956,-0.3676465,,,,,0,0,0,0,0,0,0,0,0,0,0,0,0,0,0,0,0,0,0,0,0,0,0,0,0,0,0,0,0,0,0,0,0,0,0,0,0,0,0,0,0,0,0,0,0,0,0,0,0,0,0,
Participant,7_3,11_49_51,2.2667,0,0,0,2.266683,0.0000,0.0000,0.0000,0.0000,0.0000,0.0000,3.254449,3.240309,3.247379,-0.3572233,,,,,0,0,0,0,0,0,0,0,0,0,0,0,0,0,0,0,0,0,0,0,0,0,0,0,0,0,0,0,0,0,0,0,0,0,0,0,0,0,0,0,0,0,0,0,0,0,0,0,0,0,0,
Participant,7_3,11_49_51,2.2698,0,0,0,2.269841,0.0000,0.0000,0.0000,0.0000,0.0000,0.0000,3.234717,3.229098,3.231907,-0.3726947,,,,,0,0,0,0,0,0,0,0,0,0,0,0,0,0,0,0,0,0,0,0,0,0,0,0,0,0,0,0,0,0,0,0,0,0,0,0,0,0,0,0,0,0,0,0,0,0,0,0,0,0,0,
Participant,7_3,11_49_51,2.2730,0,0,0,2.273027,0.0000,0.0000,0.0000,0.0000,0.0000,0.0000,3.235399,3.258294,3.246847,-0.3577554,,,,,0,0,0,0,0,0,0,0,0,0,0,0,0,0,0,0,0,0,0,0,0,0,0,0,0,0,0,0,0,0,0,0,0,0,0,0,0,0,0,0,0,0,0,0,0,0,0,0,0,0,0,
Participant,7_3,11_49_51,2.2763,0,0,0,2.276278,0.0000,0.0000,0.0000,0.0000,0.0000,0.0000,3.274796,3.246842,3.260819,-0.3437827,,,,,0,0,0,0,0,0,0,0,0,0,0,0,0,0,0,0,0,0,0,0,0,0,0,0,0,0,0,0,0,0,0,0,0,0,0,0,0,0,0,0,0,0,0,0,0,0,0,0,0,0,0,
Participant,7_3,11_49_51,2.2796,0,0,0,2.279608,0.0000,0.0000,0.0000,0.0000,0.0000,0.0000,3.239558,3.240591,3.240074,-0.3645277,,,,,0,0,0,0,0,0,0,0,0,0,0,0,0,0,0,0,0,0,0,0,0,0,0,0,0,0,0,0,0,0,0,0,0,0,0,0,0,0,0,0,0,0,0,0,0,0,0,0,0,0,0,
Participant,7_3,11_49_51,2.2831,0,0,0,2.283114,0.0000,0.0000,0.0000,0.0000,0.0000,0.0000,3.253242,3.275612,3.264427,-0.3401754,,,,,0,0,0,0,0,0,0,0,0,0,0,0,0,0,0,0,0,0,0,0,0,0,0,0,0,0,0,0,0,0,0,0,0,0,0,0,0,0,0,0,0,0,0,0,0,0,0,0,0,0,0,
Participant,7_3,11_49_51,2.2866,0,0,0,2.286592,0.0000,0.0000,0.0000,0.0000,0.0000,0.0000,3.261045,3.224663,3.242854,-0.361748,,,,,0,0,0,0,0,0,0,0,0,0,0,0,0,0,0,0,0,0,0,0,0,0,0,0,0,0,0,0,0,0,0,0,0,0,0,0,0,0,0,0,0,0,0,0,0,0,0,0,0,0,0,
Participant,7_3,11_49_51,2.2899,0,0,0,2.289877,0.0000,0.0000,0.0000,0.0000,0.0000,0.0000,3.277669,3.256454,3.267061,-0.3375409,,,,,0,0,0,0,0,0,0,0,0,0,0,0,0,0,0,0,0,0,0,0,0,0,0,0,0,0,0,0,0,0,0,0,0,0,0,0,0,0,0,0,0,0,0,0,0,0,0,0,0,0,0,
Participant,7_3,11_49_51,2.2933,0,0,0,2.29331,0.0000,0.0000,0.0000,0.0000,0.0000,0.0000,3.247774,3.265625,3.2567,-0.3479025,,,,,0,0,0,0,0,0,0,0,0,0,0,0,0,0,0,0,0,0,0,0,0,0,0,0,0,0,0,0,0,0,0,0,0,0,0,0,0,0,0,0,0,0,0,0,0,0,0,0,0,0,0,
Participant,7_3,11_49_51,2.2967,0,0,0,2.29671,0.0000,0.0000,0.0000,0.0000,0.0000,0.0000,3.255316,3.265461,3.260389,-0.3442135,,,,,0,0,0,0,0,0,0,0,0,0,0,0,0,0,0,0,0,0,0,0,0,0,0,0,0,0,0,0,0,0,0,0,0,0,0,0,0,0,0,0,0,0,0,0,0,0,0,0,0,0,0,
Participant,7_3,11_49_51,2.3004,0,0,0,2.30035,0.0000,0.0000,0.0000,0.0000,0.0000,0.0000,3.238209,3.267711,3.25296,-0.3516419,,,,,0,0,0,0,0,0,0,0,0,0,0,0,0,0,0,0,0,0,0,0,0,0,0,0,0,0,0,0,0,0,0,0,0,0,0,0,0,0,0,0,0,0,0,0,0,0,0,0,0,0,0,
Participant,7_3,11_49_51,2.3039,0,0,0,2.303857,0.0000,0.0000,0.0000,0.0000,0.0000,0.0000,3.263309,3.275483,3.269396,-0.3352063,,,,,0,0,0,0,0,0,0,0,0,0,0,0,0,0,0,0,0,0,0,0,0,0,0,0,0,0,0,0,0,0,0,0,0,0,0,0,0,0,0,0,0,0,0,0,0,0,0,0,0,0,0,
Participant,7_3,11_49_51,2.3072,0,0,0,2.30721,0.0000,0.0000,0.0000,0.0000,0.0000,0.0000,3.258631,3.25526,3.256945,-0.347657,,,,,0,0,0,0,0,0,0,0,0,0,0,0,0,0,0,0,0,0,0,0,0,0,0,0,0,0,0,0,0,0,0,0,0,0,0,0,0,0,0,0,0,0,0,0,0,0,0,0,0,0,0,
Participant,7_3,11_49_51,2.3105,0,0,0,2.310452,0.0000,0.0000,0.0000,0.0000,0.0000,0.0000,3.241373,3.247538,3.244455,-0.3601468,,,,,0,0,0,0,0,0,0,0,0,0,0,0,0,0,0,0,0,0,0,0,0,0,0,0,0,0,0,0,0,0,0,0,0,0,0,0,0,0,0,0,0,0,0,0,0,0,0,0,0,0,0,
Participant,7_3,11_49_51,2.3138,0,0,0,2.313811,0.0000,0.0000,0.0000,0.0000,0.0000,0.0000,3.223298,3.261292,3.242295,-0.3623068,,,,,0,0,0,0,0,0,0,0,0,0,0,0,0,0,0,0,0,0,0,0,0,0,0,0,0,0,0,0,0,0,0,0,0,0,0,0,0,0,0,0,0,0,0,0,0,0,0,0,0,0,0,
Participant,7_3,11_49_51,2.3169,0,0,0,2.316938,0.0000,0.0000,0.0000,0.0000,0.0000,0.0000,3.235943,3.278643,3.257293,-0.3473091,,,,,0,0,0,0,0,0,0,0,0,0,0,0,0,0,0,0,0,0,0,0,0,0,0,0,0,0,0,0,0,0,0,0,0,0,0,0,0,0,0,0,0,0,0,0,0,0,0,0,0,0,0,
Participant,7_3,11_49_51,2.3201,0,0,0,2.320096,0.0000,0.0000,0.0000,0.0000,0.0000,0.0000,3.224719,3.277362,3.25104,-0.3535616,,,,,0,0,0,0,0,0,0,0,0,0,0,0,0,0,0,0,0,0,0,0,0,0,0,0,0,0,0,0,0,0,0,0,0,0,0,0,0,0,0,0,0,0,0,0,0,0,0,0,0,0,0,
Participant,7_3,11_49_51,2.3234,0,0,0,2.323444,0.0000,0.0000,0.0000,0.0000,0.0000,0.0000,3.270971,3.277425,3.274198,-0.330404,,,,,0,0,0,0,0,0,0,0,0,0,0,0,0,0,0,0,0,0,0,0,0,0,0,0,0,0,0,0,0,0,0,0,0,0,0,0,0,0,0,0,0,0,0,0,0,0,0,0,0,0,0,
Participant,7_3,11_49_51,2.3266,0,0,0,2.326568,0.0000,0.0000,0.0000,0.0000,0.0000,0.0000,3.259773,3.280095,3.269934,-0.3346679,,,,,0,0,0,0,0,0,0,0,0,0,0,0,0,0,0,0,0,0,0,0,0,0,0,0,0,0,0,0,0,0,0,0,0,0,0,0,0,0,0,0,0,0,0,0,0,0,0,0,0,0,0,
Participant,7_3,11_49_51,2.3297,0,0,0,2.329707,0.0000,0.0000,0.0000,0.0000,0.0000,0.0000,3.221814,3.223745,3.222779,-0.3818228,,,,,0,0,0,0,0,0,0,0,0,0,0,0,0,0,0,0,0,0,0,0,0,0,0,0,0,0,0,0,0,0,0,0,0,0,0,0,0,0,0,0,0,0,0,0,0,0,0,0,0,0,0,
Participant,7_3,11_49_51,2.3331,0,0,0,2.333083,0.0000,0.0000,0.0000,0.0000,0.0000,0.0000,3.233735,3.240354,3.237044,-0.367558,,,,,0,0,0,0,0,0,0,0,0,0,0,0,0,0,0,0,0,0,0,0,0,0,0,0,0,0,0,0,0,0,0,0,0,0,0,0,0,0,0,0,0,0,0,0,0,0,0,0,0,0,0,
Participant,7_3,11_49_51,2.3363,0,0,0,2.336343,0.0000,0.0000,0.0000,0.0000,0.0000,0.0000,3.227305,3.221739,3.224522,-0.38008,,,,,0,0,0,0,0,0,0,0,0,0,0,0,0,0,0,0,0,0,0,0,0,0,0,0,0,0,0,0,0,0,0,0,0,0,0,0,0,0,0,0,0,0,0,0,0,0,0,0,0,0,0,
Participant,7_3,11_49_51,2.3395,0,0,0,2.339483,0.0000,0.0000,0.0000,0.0000,0.0000,0.0000,3.277381,3.278131,3.277756,-0.3268459,,,,,0,0,0,0,0,0,0,0,0,0,0,0,0,0,0,0,0,0,0,0,0,0,0,0,0,0,0,0,0,0,0,0,0,0,0,0,0,0,0,0,0,0,0,0,0,0,0,0,0,0,0,
Participant,7_3,11_49_51,2.3427,0,0,0,2.342666,0.0000,0.0000,0.0000,0.0000,0.0000,0.0000,3.2409,3.271296,3.256098,-0.3485038,,,,,0,0,0,0,0,0,0,0,0,0,0,0,0,0,0,0,0,0,0,0,0,0,0,0,0,0,0,0,0,0,0,0,0,0,0,0,0,0,0,0,0,0,0,0,0,0,0,0,0,0,0,
Participant,7_3,11_49_51,2.3460,0,0,0,2.346026,0.0000,0.0000,0.0000,0.0000,0.0000,0.0000,3.23465,3.258078,3.246364,-0.3582382,,,,,0,0,0,0,0,0,0,0,0,0,0,0,0,0,0,0,0,0,0,0,0,0,0,0,0,0,0,0,0,0,0,0,0,0,0,0,0,0,0,0,0,0,0,0,0,0,0,0,0,0,0,
Participant,7_3,11_49_51,2.3494,0,0,0,2.349418,0.0000,0.0000,0.0000,0.0000,0.0000,0.0000,3.278053,3.256976,3.267514,-0.3370879,,,,,0,0,0,0,0,0,0,0,0,0,0,0,0,0,0,0,0,0,0,0,0,0,0,0,0,0,0,0,0,0,0,0,0,0,0,0,0,0,0,0,0,0,0,0,0,0,0,0,0,0,0,
Participant,7_3,11_49_51,2.3526,0,0,0,2.352551,0.0000,0.0000,0.0000,0.0000,0.0000,0.0000,3.248539,3.2365,3.242519,-0.362083,,,,,0,0,0,0,0,0,0,0,0,0,0,0,0,0,0,0,0,0,0,0,0,0,0,0,0,0,0,0,0,0,0,0,0,0,0,0,0,0,0,0,0,0,0,0,0,0,0,0,0,0,0,
Participant,7_3,11_49_51,2.3558,0,0,0,2.355753,0.0000,0.0000,0.0000,0.0000,0.0000,0.0000,3.250227,3.276004,3.263115,-0.3414867,,,,,0,0,0,0,0,0,0,0,0,0,0,0,0,0,0,0,0,0,0,0,0,0,0,0,0,0,0,0,0,0,0,0,0,0,0,0,0,0,0,0,0,0,0,0,0,0,0,0,0,0,0,
Participant,7_3,11_49_51,2.3589,0,0,0,2.358923,0.0000,0.0000,0.0000,0.0000,0.0000,0.0000,3.244277,3.24023,3.242253,-0.362349,,,,,0,0,0,0,0,0,0,0,0,0,0,0,0,0,0,0,0,0,0,0,0,0,0,0,0,0,0,0,0,0,0,0,0,0,0,0,0,0,0,0,0,0,0,0,0,0,0,0,0,0,0,
Participant,7_3,11_49_51,2.3621,0,0,0,2.362103,0.0000,0.0000,0.0000,0.0000,0.0000,0.0000,3.239463,3.267469,3.253466,-0.351136,,,,,0,0,0,0,0,0,0,0,0,0,0,0,0,0,0,0,0,0,0,0,0,0,0,0,0,0,0,0,0,0,0,0,0,0,0,0,0,0,0,0,0,0,0,0,0,0,0,0,0,0,0,
Participant,7_3,11_49_51,2.3655,0,0,0,2.36549,0.0000,0.0000,0.0000,0.0000,0.0000,0.0000,3.257114,3.224786,3.24095,-0.3636522,,,,,0,0,0,0,0,0,0,0,0,0,0,0,0,0,0,0,0,0,0,0,0,0,0,0,0,0,0,0,0,0,0,0,0,0,0,0,0,0,0,0,0,0,0,0,0,0,0,0,0,0,0,
Participant,7_3,11_49_51,2.3686,0,0,0,2.368629,0.0000,0.0000,0.0000,0.0000,0.0000,0.0000,3.240831,3.263001,3.251916,-0.3526864,,,,,0,0,0,0,0,0,0,0,0,0,0,0,0,0,0,0,0,0,0,0,0,0,0,0,0,0,0,0,0,0,0,0,0,0,0,0,0,0,0,0,0,0,0,0,0,0,0,0,0,0,0,
Participant,7_3,11_49_51,2.3718,0,0,0,2.371843,0.0000,0.0000,0.0000,0.0000,0.0000,0.0000,3.274806,3.244561,3.259684,-0.3449185,,,,,0,0,0,0,0,0,0,0,0,0,0,0,0,0,0,0,0,0,0,0,0,0,0,0,0,0,0,0,0,0,0,0,0,0,0,0,0,0,0,0,0,0,0,0,0,0,0,0,0,0,0,
Participant,7_3,11_49_51,2.3750,0,0,0,2.375003,0.0000,0.0000,0.0000,0.0000,0.0000,0.0000,3.273016,3.223092,3.248054,-0.3565481,,,,,0,0,0,0,0,0,0,0,0,0,0,0,0,0,0,0,0,0,0,0,0,0,0,0,0,0,0,0,0,0,0,0,0,0,0,0,0,0,0,0,0,0,0,0,0,0,0,0,0,0,0,
Participant,7_3,11_49_51,2.3782,0,0,0,2.378227,0.0000,0.0000,0.0000,0.0000,0.0000,0.0000,3.238594,3.241079,3.239837,-0.3647654,,,,,0,0,0,0,0,0,0,0,0,0,0,0,0,0,0,0,0,0,0,0,0,0,0,0,0,0,0,0,0,0,0,0,0,0,0,0,0,0,0,0,0,0,0,0,0,0,0,0,0,0,0,
Participant,7_3,11_49_51,2.3814,0,0,0,2.38143,0.0000,0.0000,0.0000,0.0000,0.0000,0.0000,3.251289,3.246914,3.249101,-0.3555009,,,,,0,0,0,0,0,0,0,0,0,0,0,0,0,0,0,0,0,0,0,0,0,0,0,0,0,0,0,0,0,0,0,0,0,0,0,0,0,0,0,0,0,0,0,0,0,0,0,0,0,0,0,
Participant,7_3,11_49_51,2.3848,0,0,0,2.384799,0.0000,0.0000,0.0000,0.0000,0.0000,0.0000,3.273388,3.26988,3.271634,-0.332968,,,,,0,0,0,0,0,0,0,0,0,0,0,0,0,0,0,0,0,0,0,0,0,0,0,0,0,0,0,0,0,0,0,0,0,0,0,0,0,0,0,0,0,0,0,0,0,0,0,0,0,0,0,
Participant,7_3,11_49_51,2.3880,0,0,0,2.387951,0.0000,0.0000,0.0000,0.0000,0.0000,0.0000,3.241452,3.272323,3.256888,-0.3477142,,,,,0,0,0,0,0,0,0,0,0,0,0,0,0,0,0,0,0,0,0,0,0,0,0,0,0,0,0,0,0,0,0,0,0,0,0,0,0,0,0,0,0,0,0,0,0,0,0,0,0,0,0,
Participant,7_3,11_49_51,2.3911,0,0,0,2.391146,0.0000,0.0000,0.0000,0.0000,0.0000,0.0000,3.248946,3.279632,3.264289,-0.3403132,,,,,0,0,0,0,0,0,0,0,0,0,0,0,0,0,0,0,0,0,0,0,0,0,0,0,0,0,0,0,0,0,0,0,0,0,0,0,0,0,0,0,0,0,0,0,0,0,0,0,0,0,0,
Participant,7_3,11_49_51,2.3943,0,0,0,2.39428,0.0000,0.0000,0.0000,0.0000,0.0000,0.0000,3.228774,3.261172,3.244973,-0.3596294,,,,,0,0,0,0,0,0,0,0,0,0,0,0,0,0,0,0,0,0,0,0,0,0,0,0,0,0,0,0,0,0,0,0,0,0,0,0,0,0,0,0,0,0,0,0,0,0,0,0,0,0,0,
Participant,7_3,11_49_51,2.3975,0,0,0,2.397479,0.0000,0.0000,0.0000,0.0000,0.0000,0.0000,3.242167,3.239573,3.24087,-0.3637323,,,,,0,0,0,0,0,0,0,0,0,0,0,0,0,0,0,0,0,0,0,0,0,0,0,0,0,0,0,0,0,0,0,0,0,0,0,0,0,0,0,0,0,0,0,0,0,0,0,0,0,0,0,
Participant,7_3,11_49_51,2.4006,0,0,0,2.400635,0.0000,0.0000,0.0000,0.0000,0.0000,0.0000,3.273536,3.223629,3.248583,-0.3560193,,,,,0,0,0,0,0,0,0,0,0,0,0,0,0,0,0,0,0,0,0,0,0,0,0,0,0,0,0,0,0,0,0,0,0,0,0,0,0,0,0,0,0,0,0,0,0,0,0,0,0,0,0,
Participant,7_3,11_49_51,2.4040,0,0,0,2.403996,0.0000,0.0000,0.0000,0.0000,0.0000,0.0000,3.222107,3.239988,3.231047,-0.3735549,,,,,0,0,0,0,0,0,0,0,0,0,0,0,0,0,0,0,0,0,0,0,0,0,0,0,0,0,0,0,0,0,0,0,0,0,0,0,0,0,0,0,0,0,0,0,0,0,0,0,0,0,0,
Participant,7_3,11_49_51,2.4072,0,0,0,2.407213,0.0000,0.0000,0.0000,0.0000,0.0000,0.0000,3.241563,3.263423,3.252493,-0.3521092,,,,,0,0,0,0,0,0,0,0,0,0,0,0,0,0,0,0,0,0,0,0,0,0,0,0,0,0,0,0,0,0,0,0,0,0,0,0,0,0,0,0,0,0,0,0,0,0,0,0,0,0,0,
Participant,7_3,11_49_51,2.4105,0,0,0,2.410521,0.0000,0.0000,0.0000,0.0000,0.0000,0.0000,3.230461,3.275789,3.253125,-0.3514769,,,,,0,0,0,0,0,0,0,0,0,0,0,0,0,0,0,0,0,0,0,0,0,0,0,0,0,0,0,0,0,0,0,0,0,0,0,0,0,0,0,0,0,0,0,0,0,0,0,0,0,0,0,
Participant,7_3,11_49_51,2.4137,0,0,0,2.413691,0.0000,0.0000,0.0000,0.0000,0.0000,0.0000,3.262521,3.257623,3.260072,-0.3445299,,,,,0,0,0,0,0,0,0,0,0,0,0,0,0,0,0,0,0,0,0,0,0,0,0,0,0,0,0,0,0,0,0,0,0,0,0,0,0,0,0,0,0,0,0,0,0,0,0,0,0,0,0,
Participant,7_3,11_49_51,2.4170,0,0,0,2.416951,0.0000,0.0000,0.0000,0.0000,0.0000,0.0000,3.281411,3.265548,3.273479,-0.3311226,,,,,0,0,0,0,0,0,0,0,0,0,0,0,0,0,0,0,0,0,0,0,0,0,0,0,0,0,0,0,0,0,0,0,0,0,0,0,0,0,0,0,0,0,0,0,0,0,0,0,0,0,0,
Participant,7_3,11_49_51,2.4242,0,0,0,2.424221,0.0000,0.0000,0.0000,0.0000,0.0000,0.0000,3.26455,3.261418,3.262984,-0.3416178,,,,,0,0,0,0,0,0,0,0,0,0,0,0,0,0,0,0,0,0,0,0,0,0,0,0,0,0,0,0,0,0,0,0,0,0,0,0,0,0,0,0,0,0,0,0,0,0,0,0,0,0,0,
Participant,7_3,11_49_51,2.4282,0,0,0,2.428158,0.0000,0.0000,0.0000,0.0000,0.0000,0.0000,3.25588,3.245729,3.250804,-0.3537977,,,,,0,0,0,0,0,0,0,0,0,0,0,0,0,0,0,0,0,0,0,0,0,0,0,0,0,0,0,0,0,0,0,0,0,0,0,0,0,0,0,0,0,0,0,0,0,0,0,0,0,0,0,
Participant,7_3,11_49_51,2.4314,0,0,0,2.43142,0.0000,0.0000,0.0000,0.0000,0.0000,0.0000,3.241931,3.258958,3.250445,-0.3541572,,,,,0,0,0,0,0,0,0,0,0,0,0,0,0,0,0,0,0,0,0,0,0,0,0,0,0,0,0,0,0,0,0,0,0,0,0,0,0,0,0,0,0,0,0,0,0,0,0,0,0,0,0,
Participant,7_3,11_49_51,2.4350,0,0,0,2.435004,0.0000,0.0000,0.0000,0.0000,0.0000,0.0000,3.238959,3.223636,3.231297,-0.3733046,,,,,0,0,0,0,0,0,0,0,0,0,0,0,0,0,0,0,0,0,0,0,0,0,0,0,0,0,0,0,0,0,0,0,0,0,0,0,0,0,0,0,0,0,0,0,0,0,0,0,0,0,0,
Participant,7_3,11_49_51,2.4384,0,0,0,2.438439,0.0000,0.0000,0.0000,0.0000,0.0000,0.0000,3.248295,3.240989,3.244642,-0.3599601,,,,,0,0,0,0,0,0,0,0,0,0,0,0,0,0,0,0,0,0,0,0,0,0,0,0,0,0,0,0,0,0,0,0,0,0,0,0,0,0,0,0,0,0,0,0,0,0,0,0,0,0,0,
Participant,7_3,11_49_51,2.4416,0,0,0,2.441633,0.0000,0.0000,0.0000,0.0000,0.0000,0.0000,3.248942,3.275259,3.2621,-0.3425016,,,,,0,0,0,0,0,0,0,0,0,0,0,0,0,0,0,0,0,0,0,0,0,0,0,0,0,0,0,0,0,0,0,0,0,0,0,0,0,0,0,0,0,0,0,0,0,0,0,0,0,0,0,
Participant,7_3,11_49_51,2.4454,0,0,0,2.445356,0.0000,0.0000,0.0000,0.0000,0.0000,0.0000,3.254732,3.2808,3.267766,-0.3368361,,,,,0,0,0,0,0,0,0,0,0,0,0,0,0,0,0,0,0,0,0,0,0,0,0,0,0,0,0,0,0,0,0,0,0,0,0,0,0,0,0,0,0,0,0,0,0,0,0,0,0,0,0,
Participant,7_3,11_49_51,2.4487,0,0,0,2.448681,0.0000,0.0000,0.0000,0.0000,0.0000,0.0000,3.241807,3.247923,3.244865,-0.3597372,,,,,0,0,0,0,0,0,0,0,0,0,0,0,0,0,0,0,0,0,0,0,0,0,0,0,0,0,0,0,0,0,0,0,0,0,0,0,0,0,0,0,0,0,0,0,0,0,0,0,0,0,0,
Participant,7_3,11_49_51,2.4520,0,0,0,2.451969,0.0000,0.0000,0.0000,0.0000,0.0000,0.0000,3.258653,3.234401,3.246527,-0.3580749,,,,,0,0,0,0,0,0,0,0,0,0,0,0,0,0,0,0,0,0,0,0,0,0,0,0,0,0,0,0,0,0,0,0,0,0,0,0,0,0,0,0,0,0,0,0,0,0,0,0,0,0,0,
Participant,7_3,11_49_51,2.4553,0,0,0,2.455325,0.0000,0.0000,0.0000,0.0000,0.0000,0.0000,3.258754,3.232851,3.245803,-0.3587992,,,,,0,0,0,0,0,0,0,0,0,0,0,0,0,0,0,0,0,0,0,0,0,0,0,0,0,0,0,0,0,0,0,0,0,0,0,0,0,0,0,0,0,0,0,0,0,0,0,0,0,0,0,
Participant,7_3,11_49_51,2.4587,0,0,0,2.458675,0.0000,0.0000,0.0000,0.0000,0.0000,0.0000,3.243047,3.276825,3.259936,-0.3446658,,,,,0,0,0,0,0,0,0,0,0,0,0,0,0,0,0,0,0,0,0,0,0,0,0,0,0,0,0,0,0,0,0,0,0,0,0,0,0,0,0,0,0,0,0,0,0,0,0,0,0,0,0,
Participant,7_3,11_49_51,2.4619,0,0,0,2.46186,0.0000,0.0000,0.0000,0.0000,0.0000,0.0000,3.276817,3.249253,3.263035,-0.3415673,,,,,0,0,0,0,0,0,0,0,0,0,0,0,0,0,0,0,0,0,0,0,0,0,0,0,0,0,0,0,0,0,0,0,0,0,0,0,0,0,0,0,0,0,0,0,0,0,0,0,0,0,0,
Participant,7_3,11_49_51,2.4652,0,0,0,2.46522,0.0000,0.0000,0.0000,0.0000,0.0000,0.0000,3.226509,3.264438,3.245473,-0.3591287,,,,,0,0,0,0,0,0,0,0,0,0,0,0,0,0,0,0,0,0,0,0,0,0,0,0,0,0,0,0,0,0,0,0,0,0,0,0,0,0,0,0,0,0,0,0,0,0,0,0,0,0,0,
Participant,7_3,11_49_51,2.4684,0,0,0,2.468395,0.0000,0.0000,0.0000,0.0000,0.0000,0.0000,3.258125,3.234243,3.246184,-0.3584182,,,,,0,0,0,0,0,0,0,0,0,0,0,0,0,0,0,0,0,0,0,0,0,0,0,0,0,0,0,0,0,0,0,0,0,0,0,0,0,0,0,0,0,0,0,0,0,0,0,0,0,0,0,
Participant,7_3,11_49_51,2.4716,0,0,0,2.471598,0.0000,0.0000,0.0000,0.0000,0.0000,0.0000,3.248656,3.252698,3.250677,-0.3539252,,,,,0,0,0,0,0,0,0,0,0,0,0,0,0,0,0,0,0,0,0,0,0,0,0,0,0,0,0,0,0,0,0,0,0,0,0,0,0,0,0,0,0,0,0,0,0,0,0,0,0,0,0,
Participant,7_3,11_49_51,2.4748,0,0,0,2.474799,0.0000,0.0000,0.0000,0.0000,0.0000,0.0000,3.273564,3.277502,3.275533,-0.3290691,,,,,0,0,0,0,0,0,0,0,0,0,0,0,0,0,0,0,0,0,0,0,0,0,0,0,0,0,0,0,0,0,0,0,0,0,0,0,0,0,0,0,0,0,0,0,0,0,0,0,0,0,0,
Participant,7_3,11_49_51,2.4780,0,0,0,2.477986,0.0000,0.0000,0.0000,0.0000,0.0000,0.0000,3.2732,3.244056,3.258628,-0.3459742,,,,,0,0,0,0,0,0,0,0,0,0,0,0,0,0,0,0,0,0,0,0,0,0,0,0,0,0,0,0,0,0,0,0,0,0,0,0,0,0,0,0,0,0,0,0,0,0,0,0,0,0,0,
Participant,7_3,11_49_51,2.4812,0,0,0,2.481221,0.0000,0.0000,0.0000,0.0000,0.0000,0.0000,3.28734,3.245707,3.266523,-0.3380787,,,,,0,0,0,0,0,0,0,0,0,0,0,0,0,0,0,0,0,0,0,0,0,0,0,0,0,0,0,0,0,0,0,0,0,0,0,0,0,0,0,0,0,0,0,0,0,0,0,0,0,0,0,
Participant,7_3,11_49_51,2.4882,0,0,0,2.488218,0.0000,0.0000,0.0000,0.0000,0.0000,0.0000,3.281197,3.229383,3.25529,-0.3493121,,,,,0,0,0,0,0,0,0,0,0,0,0,0,0,0,0,0,0,0,0,0,0,0,0,0,0,0,0,0,0,0,0,0,0,0,0,0,0,0,0,0,0,0,0,0,0,0,0,0,0,0,0,
Participant,7_3,11_49_51,2.4914,0,0,0,2.491419,0.0000,0.0000,0.0000,0.0000,0.0000,0.0000,3.26739,3.272384,3.269887,-0.3347151,,,,,0,0,0,0,0,0,0,0,0,0,0,0,0,0,0,0,0,0,0,0,0,0,0,0,0,0,0,0,0,0,0,0,0,0,0,0,0,0,0,0,0,0,0,0,0,0,0,0,0,0,0,
Participant,7_3,11_49_51,2.4947,0,0,0,2.49466,0.0000,0.0000,0.0000,0.0000,0.0000,0.0000,3.287882,3.245269,3.266575,-0.3380268,,,,,0,0,0,0,0,0,0,0,0,0,0,0,0,0,0,0,0,0,0,0,0,0,0,0,0,0,0,0,0,0,0,0,0,0,0,0,0,0,0,0,0,0,0,0,0,0,0,0,0,0,0,
Participant,7_3,11_49_51,2.4984,0,0,0,2.498417,0.0000,0.0000,0.0000,0.0000,0.0000,0.0000,3.276838,3.259815,3.268327,-0.3362753,,,,,0,0,0,0,0,0,0,0,0,0,0,0,0,0,0,0,0,0,0,0,0,0,0,0,0,0,0,0,0,0,0,0,0,0,0,0,0,0,0,0,0,0,0,0,0,0,0,0,0,0,0,
Participant,7_3,11_49_51,2.5017,0,0,0,2.501663,0.0000,0.0000,0.0000,0.0000,0.0000,0.0000,3.234219,3.26816,3.251189,-0.3534129,,,,,0,0,0,0,0,0,0,0,0,0,0,0,0,0,0,0,0,0,0,0,0,0,0,0,0,0,0,0,0,0,0,0,0,0,0,0,0,0,0,0,0,0,0,0,0,0,0,0,0,0,0,
Participant,7_3,11_49_51,2.5052,0,0,0,2.505182,0.0000,0.0000,0.0000,0.0000,0.0000,0.0000,3.275266,3.235941,3.255603,-0.3489988,,,,,0,0,0,0,0,0,0,0,0,0,0,0,0,0,0,0,0,0,0,0,0,0,0,0,0,0,0,0,0,0,0,0,0,0,0,0,0,0,0,0,0,0,0,0,0,0,0,0,0,0,0,
Participant,7_3,11_49_51,2.5089,0,0,0,2.508862,0.0000,0.0000,0.0000,0.0000,0.0000,0.0000,3.273079,3.277739,3.275409,-0.3291929,,,,,0,0,0,0,0,0,0,0,0,0,0,0,0,0,0,0,0,0,0,0,0,0,0,0,0,0,0,0,0,0,0,0,0,0,0,0,0,0,0,0,0,0,0,0,0,0,0,0,0,0,0,
Participant,7_3,11_49_51,2.5121,0,0,0,2.512076,0.0000,0.0000,0.0000,0.0000,0.0000,0.0000,3.278105,3.269157,3.273631,-0.3309715,,,,,0,0,0,0,0,0,0,0,0,0,0,0,0,0,0,0,0,0,0,0,0,0,0,0,0,0,0,0,0,0,0,0,0,0,0,0,0,0,0,0,0,0,0,0,0,0,0,0,0,0,0,
Participant,7_3,11_49_51,2.5154,0,0,0,2.515408,0.0000,0.0000,0.0000,0.0000,0.0000,0.0000,3.254189,3.267337,3.260763,-0.3438389,,,,,0,0,0,0,0,0,0,0,0,0,0,0,0,0,0,0,0,0,0,0,0,0,0,0,0,0,0,0,0,0,0,0,0,0,0,0,0,0,0,0,0,0,0,0,0,0,0,0,0,0,0,
Participant,7_3,11_49_51,2.5187,0,0,0,2.518744,0.0000,0.0000,0.0000,0.0000,0.0000,0.0000,3.255926,3.245964,3.250945,-0.353657,,,,,0,0,0,0,0,0,0,0,0,0,0,0,0,0,0,0,0,0,0,0,0,0,0,0,0,0,0,0,0,0,0,0,0,0,0,0,0,0,0,0,0,0,0,0,0,0,0,0,0,0,0,
Participant,7_3,11_49_51,2.5221,0,0,0,2.522144,0.0000,0.0000,0.0000,0.0000,0.0000,0.0000,3.252854,3.255835,3.254344,-0.3502576,,,,,0,0,0,0,0,0,0,0,0,0,0,0,0,0,0,0,0,0,0,0,0,0,0,0,0,0,0,0,0,0,0,0,0,0,0,0,0,0,0,0,0,0,0,0,0,0,0,0,0,0,0,
Participant,7_3,11_49_51,2.5255,0,0,0,2.525499,0.0000,0.0000,0.0000,0.0000,0.0000,0.0000,3.251181,3.266248,3.258715,-0.3458874,,,,,0,0,0,0,0,0,0,0,0,0,0,0,0,0,0,0,0,0,0,0,0,0,0,0,0,0,0,0,0,0,0,0,0,0,0,0,0,0,0,0,0,0,0,0,0,0,0,0,0,0,0,
Participant,7_3,11_49_51,2.5288,0,0,0,2.528783,0.0000,0.0000,0.0000,0.0000,0.0000,0.0000,3.274415,3.257428,3.265922,-0.3386805,,,,,0,0,0,0,0,0,0,0,0,0,0,0,0,0,0,0,0,0,0,0,0,0,0,0,0,0,0,0,0,0,0,0,0,0,0,0,0,0,0,0,0,0,0,0,0,0,0,0,0,0,0,
Participant,7_3,11_49_51,2.5320,0,0,0,2.53196,0.0000,0.0000,0.0000,0.0000,0.0000,0.0000,3.267375,3.277718,3.272546,-0.3320558,,,,,0,0,0,0,0,0,0,0,0,0,0,0,0,0,0,0,0,0,0,0,0,0,0,0,0,0,0,0,0,0,0,0,0,0,0,0,0,0,0,0,0,0,0,0,0,0,0,0,0,0,0,
Participant,7_3,11_49_51,2.5351,0,0,0,2.53513,0.0000,0.0000,0.0000,0.0000,0.0000,0.0000,3.263314,3.290514,3.276914,-0.3276885,,,,,0,0,0,0,0,0,0,0,0,0,0,0,0,0,0,0,0,0,0,0,0,0,0,0,0,0,0,0,0,0,0,0,0,0,0,0,0,0,0,0,0,0,0,0,0,0,0,0,0,0,0,
Participant,7_3,11_49_51,2.5384,0,0,0,2.538398,0.0000,0.0000,0.0000,0.0000,0.0000,0.0000,3.27917,3.291506,3.285338,-0.3192642,,,,,0,0,0,0,0,0,0,0,0,0,0,0,0,0,0,0,0,0,0,0,0,0,0,0,0,0,0,0,0,0,0,0,0,0,0,0,0,0,0,0,0,0,0,0,0,0,0,0,0,0,0,
Participant,7_3,11_49_51,2.5415,0,0,0,2.541517,0.0000,0.0000,0.0000,0.0000,0.0000,0.0000,3.272603,3.276879,3.274741,-0.3298609,,,,,0,0,0,0,0,0,0,0,0,0,0,0,0,0,0,0,0,0,0,0,0,0,0,0,0,0,0,0,0,0,0,0,0,0,0,0,0,0,0,0,0,0,0,0,0,0,0,0,0,0,0,
Participant,7_3,11_49_51,2.5450,0,0,0,2.544971,0.0000,0.0000,0.0000,0.0000,0.0000,0.0000,3.280578,3.268385,3.274482,-0.3301203,,,,,0,0,0,0,0,0,0,0,0,0,0,0,0,0,0,0,0,0,0,0,0,0,0,0,0,0,0,0,0,0,0,0,0,0,0,0,0,0,0,0,0,0,0,0,0,0,0,0,0,0,0,
Participant,7_3,11_49_51,2.5482,0,0,0,2.548155,0.0000,0.0000,0.0000,0.0000,0.0000,0.0000,3.297854,3.286718,3.292286,-0.3123162,,,,,0,0,0,0,0,0,0,0,0,0,0,0,0,0,0,0,0,0,0,0,0,0,0,0,0,0,0,0,0,0,0,0,0,0,0,0,0,0,0,0,0,0,0,0,0,0,0,0,0,0,0,
Participant,7_3,11_49_51,2.5513,0,0,0,2.551285,0.0000,0.0000,0.0000,0.0000,0.0000,0.0000,3.256998,3.288391,3.272695,-0.3319075,,,,,0,0,0,0,0,0,0,0,0,0,0,0,0,0,0,0,0,0,0,0,0,0,0,0,0,0,0,0,0,0,0,0,0,0,0,0,0,0,0,0,0,0,0,0,0,0,0,0,0,0,0,
Participant,7_3,11_49_51,2.5544,0,0,0,2.554426,0.0000,0.0000,0.0000,0.0000,0.0000,0.0000,3.270139,3.289391,3.279765,-0.3248372,,,,,0,0,0,0,0,0,0,0,0,0,0,0,0,0,0,0,0,0,0,0,0,0,0,0,0,0,0,0,0,0,0,0,0,0,0,0,0,0,0,0,0,0,0,0,0,0,0,0,0,0,0,
Participant,7_3,11_49_51,2.5577,0,0,0,2.55767,0.0000,0.0000,0.0000,0.0000,0.0000,0.0000,3.241275,3.278948,3.260112,-0.3444903,,,,,0,0,0,0,0,0,0,0,0,0,0,0,0,0,0,0,0,0,0,0,0,0,0,0,0,0,0,0,0,0,0,0,0,0,0,0,0,0,0,0,0,0,0,0,0,0,0,0,0,0,0,
Participant,7_3,11_49_51,2.5608,0,0,0,2.560842,0.0000,0.0000,0.0000,0.0000,0.0000,0.0000,3.25296,3.24677,3.249865,-0.354737,,,,,0,0,0,0,0,0,0,0,0,0,0,0,0,0,0,0,0,0,0,0,0,0,0,0,0,0,0,0,0,0,0,0,0,0,0,0,0,0,0,0,0,0,0,0,0,0,0,0,0,0,0,
Participant,7_3,11_49_51,2.5644,0,0,0,2.564386,0.0000,0.0000,0.0000,0.0000,0.0000,0.0000,3.264729,3.288028,3.276379,-0.3282235,,,,,0,0,0,0,0,0,0,0,0,0,0,0,0,0,0,0,0,0,0,0,0,0,0,0,0,0,0,0,0,0,0,0,0,0,0,0,0,0,0,0,0,0,0,0,0,0,0,0,0,0,0,
Participant,7_3,11_49_51,2.5678,0,0,0,2.567834,0.0000,0.0000,0.0000,0.0000,0.0000,0.0000,3.278584,3.246196,3.26239,-0.3422122,,,,,0,0,0,0,0,0,0,0,0,0,0,0,0,0,0,0,0,0,0,0,0,0,0,0,0,0,0,0,0,0,0,0,0,0,0,0,0,0,0,0,0,0,0,0,0,0,0,0,0,0,0,
Participant,7_3,11_49_51,2.5714,0,0,0,2.571436,0.0000,0.0000,0.0000,0.0000,0.0000,0.0000,3.283353,3.271634,3.277493,-0.3271086,,,,,0,0,0,0,0,0,0,0,0,0,0,0,0,0,0,0,0,0,0,0,0,0,0,0,0,0,0,0,0,0,0,0,0,0,0,0,0,0,0,0,0,0,0,0,0,0,0,0,0,0,0,
Participant,7_3,11_49_51,2.5747,0,0,0,2.574726,0.0000,0.0000,0.0000,0.0000,0.0000,0.0000,3.255201,3.260993,3.258097,-0.3465054,,,,,0,0,0,0,0,0,0,0,0,0,0,0,0,0,0,0,0,0,0,0,0,0,0,0,0,0,0,0,0,0,0,0,0,0,0,0,0,0,0,0,0,0,0,0,0,0,0,0,0,0,0,
Participant,7_3,11_49_51,2.5779,0,0,0,2.577921,0.0000,0.0000,0.0000,0.0000,0.0000,0.0000,3.301881,3.294551,3.298216,-0.306386,,,,,0,0,0,0,0,0,0,0,0,0,0,0,0,0,0,0,0,0,0,0,0,0,0,0,0,0,0,0,0,0,0,0,0,0,0,0,0,0,0,0,0,0,0,0,0,0,0,0,0,0,0,
Participant,7_3,11_49_51,2.5811,0,0,0,2.581098,0.0000,0.0000,0.0000,0.0000,0.0000,0.0000,3.252159,3.266929,3.259544,-0.345058,,,,,0,0,0,0,0,0,0,0,0,0,0,0,0,0,0,0,0,0,0,0,0,0,0,0,0,0,0,0,0,0,0,0,0,0,0,0,0,0,0,0,0,0,0,0,0,0,0,0,0,0,0,
Participant,7_3,11_49_51,2.5845,0,0,0,2.584479,0.0000,0.0000,0.0000,0.0000,0.0000,0.0000,3.297773,3.302606,3.300189,-0.3044131,,,,,0,0,0,0,0,0,0,0,0,0,0,0,0,0,0,0,0,0,0,0,0,0,0,0,0,0,0,0,0,0,0,0,0,0,0,0,0,0,0,0,0,0,0,0,0,0,0,0,0,0,0,
Participant,7_3,11_49_51,2.5877,0,0,0,2.587712,0.0000,0.0000,0.0000,0.0000,0.0000,0.0000,3.265929,3.263959,3.264944,-0.3396585,,,,,0,0,0,0,0,0,0,0,0,0,0,0,0,0,0,0,0,0,0,0,0,0,0,0,0,0,0,0,0,0,0,0,0,0,0,0,0,0,0,0,0,0,0,0,0,0,0,0,0,0,0,
Participant,7_3,11_49_51,2.5908,0,0,0,2.590827,0.0000,0.0000,0.0000,0.0000,0.0000,0.0000,3.262933,3.284569,3.273751,-0.3308508,,,,,0,0,0,0,0,0,0,0,0,0,0,0,0,0,0,0,0,0,0,0,0,0,0,0,0,0,0,0,0,0,0,0,0,0,0,0,0,0,0,0,0,0,0,0,0,0,0,0,0,0,0,
Participant,7_3,11_49_51,2.5940,0,0,0,2.594033,0.0000,0.0000,0.0000,0.0000,0.0000,0.0000,3.252306,3.305201,3.278753,-0.3258488,,,,,0,0,0,0,0,0,0,0,0,0,0,0,0,0,0,0,0,0,0,0,0,0,0,0,0,0,0,0,0,0,0,0,0,0,0,0,0,0,0,0,0,0,0,0,0,0,0,0,0,0,0,
Participant,7_3,11_49_51,2.5972,0,0,0,2.597248,0.0000,0.0000,0.0000,0.0000,0.0000,0.0000,3.307619,3.253113,3.280366,-0.3242362,,,,,0,0,0,0,0,0,0,0,0,0,0,0,0,0,0,0,0,0,0,0,0,0,0,0,0,0,0,0,0,0,0,0,0,0,0,0,0,0,0,0,0,0,0,0,0,0,0,0,0,0,0,
Participant,7_3,11_49_51,2.6004,0,0,0,2.600447,0.0000,0.0000,0.0000,0.0000,0.0000,0.0000,3.296843,3.25285,3.274846,-0.3297558,,,,,0,0,0,0,0,0,0,0,0,0,0,0,0,0,0,0,0,0,0,0,0,0,0,0,0,0,0,0,0,0,0,0,0,0,0,0,0,0,0,0,0,0,0,0,0,0,0,0,0,0,0,
Participant,7_3,11_49_51,2.6040,0,0,0,2.604011,0.0000,0.0000,0.0000,0.0000,0.0000,0.0000,3.251013,3.300371,3.275692,-0.3289101,,,,,0,0,0,0,0,0,0,0,0,0,0,0,0,0,0,0,0,0,0,0,0,0,0,0,0,0,0,0,0,0,0,0,0,0,0,0,0,0,0,0,0,0,0,0,0,0,0,0,0,0,0,
Participant,7_3,11_49_51,2.6072,0,0,0,2.607212,0.0000,0.0000,0.0000,0.0000,0.0000,0.0000,3.302717,3.265231,3.283974,-0.3206284,,,,,0,0,0,0,0,0,0,0,0,0,0,0,0,0,0,0,0,0,0,0,0,0,0,0,0,0,0,0,0,0,0,0,0,0,0,0,0,0,0,0,0,0,0,0,0,0,0,0,0,0,0,
Participant,7_3,11_49_51,2.6104,0,0,0,2.61037,0.0000,0.0000,0.0000,0.0000,0.0000,0.0000,3.298646,3.260836,3.279741,-0.3248613,,,,,0,0,0,0,0,0,0,0,0,0,0,0,0,0,0,0,0,0,0,0,0,0,0,0,0,0,0,0,0,0,0,0,0,0,0,0,0,0,0,0,0,0,0,0,0,0,0,0,0,0,0,
Participant,7_3,11_49_51,2.6136,0,0,0,2.613585,0.0000,0.0000,0.0000,0.0000,0.0000,0.0000,3.281597,3.284478,3.283038,-0.3215644,,,,,0,0,0,0,0,0,0,0,0,0,0,0,0,0,0,0,0,0,0,0,0,0,0,0,0,0,0,0,0,0,0,0,0,0,0,0,0,0,0,0,0,0,0,0,0,0,0,0,0,0,0,
Participant,7_3,11_49_51,2.6168,0,0,0,2.61676,0.0000,0.0000,0.0000,0.0000,0.0000,0.0000,3.309393,3.255725,3.282559,-0.3220432,,,,,0,0,0,0,0,0,0,0,0,0,0,0,0,0,0,0,0,0,0,0,0,0,0,0,0,0,0,0,0,0,0,0,0,0,0,0,0,0,0,0,0,0,0,0,0,0,0,0,0,0,0,
Participant,7_3,11_49_51,2.6199,0,0,0,2.619905,0.0000,0.0000,0.0000,0.0000,0.0000,0.0000,3.305076,3.259173,3.282125,-0.3224776,,,,,0,0,0,0,0,0,0,0,0,0,0,0,0,0,0,0,0,0,0,0,0,0,0,0,0,0,0,0,0,0,0,0,0,0,0,0,0,0,0,0,0,0,0,0,0,0,0,0,0,0,0,
Participant,7_3,11_49_51,2.6272,0,0,0,2.627176,0.0000,0.0000,0.0000,0.0000,0.0000,0.0000,3.268654,3.313268,3.290961,-0.3136408,,,,,0,0,0,0,0,0,0,0,0,0,0,0,0,0,0,0,0,0,0,0,0,0,0,0,0,0,0,0,0,0,0,0,0,0,0,0,0,0,0,0,0,0,0,0,0,0,0,0,0,0,0,
Participant,7_3,11_49_51,2.6305,0,0,0,2.630534,0.0000,0.0000,0.0000,0.0000,0.0000,0.0000,3.294362,3.302087,3.298224,-0.3063776,,,,,0,0,0,0,0,0,0,0,0,0,0,0,0,0,0,0,0,0,0,0,0,0,0,0,0,0,0,0,0,0,0,0,0,0,0,0,0,0,0,0,0,0,0,0,0,0,0,0,0,0,0,
Participant,7_3,11_49_51,2.6336,0,0,0,2.633629,0.0000,0.0000,0.0000,0.0000,0.0000,0.0000,3.279418,3.267393,3.273405,-0.331197,,,,,0,0,0,0,0,0,0,0,0,0,0,0,0,0,0,0,0,0,0,0,0,0,0,0,0,0,0,0,0,0,0,0,0,0,0,0,0,0,0,0,0,0,0,0,0,0,0,0,0,0,0,
Participant,7_3,11_49_51,2.6369,0,0,0,2.636852,0.0000,0.0000,0.0000,0.0000,0.0000,0.0000,3.283773,3.303199,3.293486,-0.311116,,,,,0,0,0,0,0,0,0,0,0,0,0,0,0,0,0,0,0,0,0,0,0,0,0,0,0,0,0,0,0,0,0,0,0,0,0,0,0,0,0,0,0,0,0,0,0,0,0,0,0,0,0,
Participant,7_3,11_49_51,2.6400,0,0,0,2.640026,0.0000,0.0000,0.0000,0.0000,0.0000,0.0000,3.309003,3.315906,3.312455,-0.2921474,,,,,0,0,0,0,0,0,0,0,0,0,0,0,0,0,0,0,0,0,0,0,0,0,0,0,0,0,0,0,0,0,0,0,0,0,0,0,0,0,0,0,0,0,0,0,0,0,0,0,0,0,0,
Participant,7_3,11_49_51,2.6435,0,0,0,2.64346,0.0000,0.0000,0.0000,0.0000,0.0000,0.0000,3.31531,3.316216,3.315763,-0.2888391,,,,,0,0,0,0,0,0,0,0,0,0,0,0,0,0,0,0,0,0,0,0,0,0,0,0,0,0,0,0,0,0,0,0,0,0,0,0,0,0,0,0,0,0,0,0,0,0,0,0,0,0,0,
Participant,7_3,11_49_51,2.6466,0,0,0,2.646603,0.0000,0.0000,0.0000,0.0000,0.0000,0.0000,3.312682,3.269149,3.290915,-0.3136866,,,,,0,0,0,0,0,0,0,0,0,0,0,0,0,0,0,0,0,0,0,0,0,0,0,0,0,0,0,0,0,0,0,0,0,0,0,0,0,0,0,0,0,0,0,0,0,0,0,0,0,0,0,
Participant,7_3,11_49_51,2.6499,0,0,0,2.649896,0.0000,0.0000,0.0000,0.0000,0.0000,0.0000,3.264265,3.312678,3.288471,-0.3161306,,,,,0,0,0,0,0,0,0,0,0,0,0,0,0,0,0,0,0,0,0,0,0,0,0,0,0,0,0,0,0,0,0,0,0,0,0,0,0,0,0,0,0,0,0,0,0,0,0,0,0,0,0,
Participant,7_3,11_49_51,2.6531,0,0,0,2.653115,0.0000,0.0000,0.0000,0.0000,0.0000,0.0000,3.310162,3.298245,3.304204,-0.3003983,,,,,0,0,0,0,0,0,0,0,0,0,0,0,0,0,0,0,0,0,0,0,0,0,0,0,0,0,0,0,0,0,0,0,0,0,0,0,0,0,0,0,0,0,0,0,0,0,0,0,0,0,0,
Participant,7_3,11_49_51,2.6565,0,0,0,2.656495,0.0000,0.0000,0.0000,0.0000,0.0000,0.0000,3.294366,3.281109,3.287738,-0.3168643,,,,,0,0,0,0,0,0,0,0,0,0,0,0,0,0,0,0,0,0,0,0,0,0,0,0,0,0,0,0,0,0,0,0,0,0,0,0,0,0,0,0,0,0,0,0,0,0,0,0,0,0,0,
Participant,7_3,11_49_51,2.6597,0,0,0,2.659666,0.0000,0.0000,0.0000,0.0000,0.0000,0.0000,3.291233,3.298399,3.294816,-0.3097858,,,,,0,0,0,0,0,0,0,0,0,0,0,0,0,0,0,0,0,0,0,0,0,0,0,0,0,0,0,0,0,0,0,0,0,0,0,0,0,0,0,0,0,0,0,0,0,0,0,0,0,0,0,
Participant,7_3,11_49_51,2.6629,0,0,0,2.662892,0.0000,0.0000,0.0000,0.0000,0.0000,0.0000,3.299433,3.294394,3.296914,-0.3076885,,,,,0,0,0,0,0,0,0,0,0,0,0,0,0,0,0,0,0,0,0,0,0,0,0,0,0,0,0,0,0,0,0,0,0,0,0,0,0,0,0,0,0,0,0,0,0,0,0,0,0,0,0,
Participant,7_3,11_49_51,2.6666,0,0,0,2.666605,0.0000,0.0000,0.0000,0.0000,0.0000,0.0000,3.279709,3.294096,3.286903,-0.3176992,,,,,0,0,0,0,0,0,0,0,0,0,0,0,0,0,0,0,0,0,0,0,0,0,0,0,0,0,0,0,0,0,0,0,0,0,0,0,0,0,0,0,0,0,0,0,0,0,0,0,0,0,0,
Participant,7_3,11_49_51,2.6699,0,0,0,2.669935,0.0000,0.0000,0.0000,0.0000,0.0000,0.0000,3.272683,3.270878,3.27178,-0.3328216,,,,,0,0,0,0,0,0,0,0,0,0,0,0,0,0,0,0,0,0,0,0,0,0,0,0,0,0,0,0,0,0,0,0,0,0,0,0,0,0,0,0,0,0,0,0,0,0,0,0,0,0,0,
Participant,7_3,11_49_51,2.6732,0,0,0,2.673205,0.0000,0.0000,0.0000,0.0000,0.0000,0.0000,3.280105,3.29403,3.287067,-0.3175347,,,,,0,0,0,0,0,0,0,0,0,0,0,0,0,0,0,0,0,0,0,0,0,0,0,0,0,0,0,0,0,0,0,0,0,0,0,0,0,0,0,0,0,0,0,0,0,0,0,0,0,0,0,
Participant,7_3,11_49_51,2.6766,0,0,0,2.676621,0.0000,0.0000,0.0000,0.0000,0.0000,0.0000,3.29744,3.320227,3.308834,-0.2957685,,,,,0,0,0,0,0,0,0,0,0,0,0,0,0,0,0,0,0,0,0,0,0,0,0,0,0,0,0,0,0,0,0,0,0,0,0,0,0,0,0,0,0,0,0,0,0,0,0,0,0,0,0,
Participant,7_3,11_49_51,2.6800,0,0,0,2.679995,0.0000,0.0000,0.0000,0.0000,0.0000,0.0000,3.291717,3.318159,3.304938,-0.2996643,,,,,0,0,0,0,0,0,0,0,0,0,0,0,0,0,0,0,0,0,0,0,0,0,0,0,0,0,0,0,0,0,0,0,0,0,0,0,0,0,0,0,0,0,0,0,0,0,0,0,0,0,0,
Participant,7_3,11_49_51,2.6834,0,0,0,2.683368,0.0000,0.0000,0.0000,0.0000,0.0000,0.0000,3.297961,3.27533,3.286646,-0.3179562,,,,,0,0,0,0,0,0,0,0,0,0,0,0,0,0,0,0,0,0,0,0,0,0,0,0,0,0,0,0,0,0,0,0,0,0,0,0,0,0,0,0,0,0,0,0,0,0,0,0,0,0,0,
Participant,7_3,11_49_51,2.6869,0,0,0,2.686858,0.0000,0.0000,0.0000,0.0000,0.0000,0.0000,3.318317,3.298195,3.308256,-0.2963457,,,,,0,0,0,0,0,0,0,0,0,0,0,0,0,0,0,0,0,0,0,0,0,0,0,0,0,0,0,0,0,0,0,0,0,0,0,0,0,0,0,0,0,0,0,0,0,0,0,0,0,0,0,
Participant,7_3,11_49_51,2.6901,0,0,0,2.690054,0.0000,0.0000,0.0000,0.0000,0.0000,0.0000,3.331736,3.321721,3.326729,-0.2778735,,,,,0,0,0,0,0,0,0,0,0,0,0,0,0,0,0,0,0,0,0,0,0,0,0,0,0,0,0,0,0,0,0,0,0,0,0,0,0,0,0,0,0,0,0,0,0,0,0,0,0,0,0,
Participant,7_3,11_49_51,2.6933,0,0,0,2.693321,0.0000,0.0000,0.0000,0.0000,0.0000,0.0000,3.281414,3.296091,3.288752,-0.31585,,,,,0,0,0,0,0,0,0,0,0,0,0,0,0,0,0,0,0,0,0,0,0,0,0,0,0,0,0,0,0,0,0,0,0,0,0,0,0,0,0,0,0,0,0,0,0,0,0,0,0,0,0,
Participant,7_3,11_49_51,2.6966,0,0,0,2.696635,0.0000,0.0000,0.0000,0.0000,0.0000,0.0000,3.307611,3.313804,3.310707,-0.293895,,,,,0,0,0,0,0,0,0,0,0,0,0,0,0,0,0,0,0,0,0,0,0,0,0,0,0,0,0,0,0,0,0,0,0,0,0,0,0,0,0,0,0,0,0,0,0,0,0,0,0,0,0,
Participant,7_3,11_49_51,2.7003,0,0,0,2.700325,0.0000,0.0000,0.0000,0.0000,0.0000,0.0000,3.316162,3.33651,3.326336,-0.2782662,,,,,0,0,0,0,0,0,0,0,0,0,0,0,0,0,0,0,0,0,0,0,0,0,0,0,0,0,0,0,0,0,0,0,0,0,0,0,0,0,0,0,0,0,0,0,0,0,0,0,0,0,0,
Participant,7_3,11_49_51,2.7038,0,0,0,2.703848,0.0000,0.0000,0.0000,0.0000,0.0000,0.0000,3.319925,3.325671,3.322798,-0.2818043,,,,,0,0,0,0,0,0,0,0,0,0,0,0,0,0,0,0,0,0,0,0,0,0,0,0,0,0,0,0,0,0,0,0,0,0,0,0,0,0,0,0,0,0,0,0,0,0,0,0,0,0,0,
Participant,7_3,11_49_51,2.7071,0,0,0,2.707121,0.0000,0.0000,0.0000,0.0000,0.0000,0.0000,3.324289,3.296715,3.310502,-0.2941,,,,,0,0,0,0,0,0,0,0,0,0,0,0,0,0,0,0,0,0,0,0,0,0,0,0,0,0,0,0,0,0,0,0,0,0,0,0,0,0,0,0,0,0,0,0,0,0,0,0,0,0,0,
Participant,7_3,11_49_51,2.7103,0,0,0,2.710338,0.0000,0.0000,0.0000,0.0000,0.0000,0.0000,3.287621,3.285739,3.28668,-0.3179219,,,,,0,0,0,0,0,0,0,0,0,0,0,0,0,0,0,0,0,0,0,0,0,0,0,0,0,0,0,0,0,0,0,0,0,0,0,0,0,0,0,0,0,0,0,0,0,0,0,0,0,0,0,
Participant,7_3,11_49_51,2.7135,0,0,0,2.713466,0.0000,0.0000,0.0000,0.0000,0.0000,0.0000,3.307639,3.313304,3.310472,-0.2941306,,,,,0,0,0,0,0,0,0,0,0,0,0,0,0,0,0,0,0,0,0,0,0,0,0,0,0,0,0,0,0,0,0,0,0,0,0,0,0,0,0,0,0,0,0,0,0,0,0,0,0,0,0,
Participant,7_3,11_49_51,2.7167,0,0,0,2.716714,0.0000,0.0000,0.0000,0.0000,0.0000,0.0000,3.327073,3.294258,3.310665,-0.2939367,,,,,0,0,0,0,0,0,0,0,0,0,0,0,0,0,0,0,0,0,0,0,0,0,0,0,0,0,0,0,0,0,0,0,0,0,0,0,0,0,0,0,0,0,0,0,0,0,0,0,0,0,0,
Participant,7_3,11_49_51,2.7199,0,0,0,2.719851,0.0000,0.0000,0.0000,0.0000,0.0000,0.0000,3.339409,3.312732,3.32607,-0.2785318,,,,,0,0,0,0,0,0,0,0,0,0,0,0,0,0,0,0,0,0,0,0,0,0,0,0,0,0,0,0,0,0,0,0,0,0,0,0,0,0,0,0,0,0,0,0,0,0,0,0,0,0,0,
Participant,7_3,11_49_51,2.7230,0,0,0,2.723031,0.0000,0.0000,0.0000,0.0000,0.0000,0.0000,3.307058,3.313052,3.310055,-0.2945471,,,,,0,0,0,0,0,0,0,0,0,0,0,0,0,0,0,0,0,0,0,0,0,0,0,0,0,0,0,0,0,0,0,0,0,0,0,0,0,0,0,0,0,0,0,0,0,0,0,0,0,0,0,
Participant,7_3,11_49_51,2.7264,0,0,0,2.7264,0.0000,0.0000,0.0000,0.0000,0.0000,0.0000,3.320865,3.314227,3.317546,-0.287056,,,,,0,0,0,0,0,0,0,0,0,0,0,0,0,0,0,0,0,0,0,0,0,0,0,0,0,0,0,0,0,0,0,0,0,0,0,0,0,0,0,0,0,0,0,0,0,0,0,0,0,0,0,
Participant,7_3,11_49_51,2.7295,0,0,0,2.729529,0.0000,0.0000,0.0000,0.0000,0.0000,0.0000,3.340942,3.340331,3.340637,-0.2639654,,,,,0,0,0,0,0,0,0,0,0,0,0,0,0,0,0,0,0,0,0,0,0,0,0,0,0,0,0,0,0,0,0,0,0,0,0,0,0,0,0,0,0,0,0,0,0,0,0,0,0,0,0,
Participant,7_3,11_49_51,2.7328,0,0,0,2.732824,0.0000,0.0000,0.0000,0.0000,0.0000,0.0000,3.319822,3.340996,3.330409,-0.274193,,,,,0,0,0,0,0,0,0,0,0,0,0,0,0,0,0,0,0,0,0,0,0,0,0,0,0,0,0,0,0,0,0,0,0,0,0,0,0,0,0,0,0,0,0,0,0,0,0,0,0,0,0,
Participant,7_3,11_49_51,2.7362,0,0,0,2.736157,0.0000,0.0000,0.0000,0.0000,0.0000,0.0000,3.325323,3.327366,3.326344,-0.2782576,,,,,0,0,0,0,0,0,0,0,0,0,0,0,0,0,0,0,0,0,0,0,0,0,0,0,0,0,0,0,0,0,0,0,0,0,0,0,0,0,0,0,0,0,0,0,0,0,0,0,0,0,0,
Participant,7_3,11_49_51,2.7395,0,0,0,2.739498,0.0000,0.0000,0.0000,0.0000,0.0000,0.0000,3.292904,3.31277,3.302837,-0.3017652,,,,,0,0,0,0,0,0,0,0,0,0,0,0,0,0,0,0,0,0,0,0,0,0,0,0,0,0,0,0,0,0,0,0,0,0,0,0,0,0,0,0,0,0,0,0,0,0,0,0,0,0,0,
Participant,7_3,11_49_51,2.7427,0,0,0,2.742735,0.0000,0.0000,0.0000,0.0000,0.0000,0.0000,3.337468,3.303141,3.320305,-0.2842975,,,,,0,0,0,0,0,0,0,0,0,0,0,0,0,0,0,0,0,0,0,0,0,0,0,0,0,0,0,0,0,0,0,0,0,0,0,0,0,0,0,0,0,0,0,0,0,0,0,0,0,0,0,
Participant,7_3,11_49_51,2.7461,0,0,0,2.746122,0.0000,0.0000,0.0000,0.0000,0.0000,0.0000,3.34708,3.306426,3.326753,-0.2778492,,,,,0,0,0,0,0,0,0,0,0,0,0,0,0,0,0,0,0,0,0,0,0,0,0,0,0,0,0,0,0,0,0,0,0,0,0,0,0,0,0,0,0,0,0,0,0,0,0,0,0,0,0,
Participant,7_3,11_49_51,2.7495,0,0,0,2.749476,0.0000,0.0000,0.0000,0.0000,0.0000,0.0000,3.335206,3.318753,3.326979,-0.2776229,,,,,0,0,0,0,0,0,0,0,0,0,0,0,0,0,0,0,0,0,0,0,0,0,0,0,0,0,0,0,0,0,0,0,0,0,0,0,0,0,0,0,0,0,0,0,0,0,0,0,0,0,0,
Participant,7_3,11_49_51,2.7527,0,0,0,2.752686,0.0000,0.0000,0.0000,0.0000,0.0000,0.0000,3.343031,3.327833,3.335432,-0.26917,,,,,0,0,0,0,0,0,0,0,0,0,0,0,0,0,0,0,0,0,0,0,0,0,0,0,0,0,0,0,0,0,0,0,0,0,0,0,0,0,0,0,0,0,0,0,0,0,0,0,0,0,0,
Participant,7_3,11_49_51,2.7560,0,0,0,2.756041,0.0000,0.0000,0.0000,0.0000,0.0000,0.0000,3.332611,3.329503,3.331057,-0.273545,,,,,0,0,0,0,0,0,0,0,0,0,0,0,0,0,0,0,0,0,0,0,0,0,0,0,0,0,0,0,0,0,0,0,0,0,0,0,0,0,0,0,0,0,0,0,0,0,0,0,0,0,0,
Participant,7_3,11_49_51,2.7592,0,0,0,2.759208,0.0000,0.0000,0.0000,0.0000,0.0000,0.0000,3.340964,3.351125,3.346044,-0.2585578,,,,,0,0,0,0,0,0,0,0,0,0,0,0,0,0,0,0,0,0,0,0,0,0,0,0,0,0,0,0,0,0,0,0,0,0,0,0,0,0,0,0,0,0,0,0,0,0,0,0,0,0,0,
Participant,7_3,11_49_51,2.7624,0,0,0,2.762427,0.0000,0.0000,0.0000,0.0000,0.0000,0.0000,3.328152,3.336045,3.332099,-0.2725031,,,,,0,0,0,0,0,0,0,0,0,0,0,0,0,0,0,0,0,0,0,0,0,0,0,0,0,0,0,0,0,0,0,0,0,0,0,0,0,0,0,0,0,0,0,0,0,0,0,0,0,0,0,
Participant,7_3,11_49_51,2.7659,0,0,0,2.765908,0.0000,0.0000,0.0000,0.0000,0.0000,0.0000,3.328774,3.359142,3.343958,-0.260644,,,,,0,0,0,0,0,0,0,0,0,0,0,0,0,0,0,0,0,0,0,0,0,0,0,0,0,0,0,0,0,0,0,0,0,0,0,0,0,0,0,0,0,0,0,0,0,0,0,0,0,0,0,
Participant,7_3,11_49_51,2.7692,0,0,0,2.769156,0.0000,0.0000,0.0000,0.0000,0.0000,0.0000,3.325485,3.333397,3.329441,-0.2751613,,,,,0,0,0,0,0,0,0,0,0,0,0,0,0,0,0,0,0,0,0,0,0,0,0,0,0,0,0,0,0,0,0,0,0,0,0,0,0,0,0,0,0,0,0,0,0,0,0,0,0,0,0,
Participant,7_3,11_49_51,2.7726,0,0,0,2.772585,0.0000,0.0000,0.0000,0.0000,0.0000,0.0000,3.327021,3.328074,3.327547,-0.2770548,,,,,0,0,0,0,0,0,0,0,0,0,0,0,0,0,0,0,0,0,0,0,0,0,0,0,0,0,0,0,0,0,0,0,0,0,0,0,0,0,0,0,0,0,0,0,0,0,0,0,0,0,0,
Participant,7_3,11_49_51,2.7761,0,0,0,2.776107,0.0000,0.0000,0.0000,0.0000,0.0000,0.0000,3.305583,3.353319,3.329451,-0.275151,,,,,0,0,0,0,0,0,0,0,0,0,0,0,0,0,0,0,0,0,0,0,0,0,0,0,0,0,0,0,0,0,0,0,0,0,0,0,0,0,0,0,0,0,0,0,0,0,0,0,0,0,0,
Participant,7_3,11_49_51,2.7795,0,0,0,2.779453,0.0000,0.0000,0.0000,0.0000,0.0000,0.0000,3.315849,3.318403,3.317126,-0.2874758,,,,,0,0,0,0,0,0,0,0,0,0,0,0,0,0,0,0,0,0,0,0,0,0,0,0,0,0,0,0,0,0,0,0,0,0,0,0,0,0,0,0,0,0,0,0,0,0,0,0,0,0,0,
Participant,7_3,11_49_51,2.7829,0,0,0,2.782891,0.0000,0.0000,0.0000,0.0000,0.0000,0.0000,3.308018,3.315954,3.311986,-0.2926159,,,,,0,0,0,0,0,0,0,0,0,0,0,0,0,0,0,0,0,0,0,0,0,0,0,0,0,0,0,0,0,0,0,0,0,0,0,0,0,0,0,0,0,0,0,0,0,0,0,0,0,0,0,
Participant,7_3,11_49_51,2.7863,0,0,0,2.786253,0.0000,0.0000,0.0000,0.0000,0.0000,0.0000,3.321311,3.316302,3.318807,-0.2857955,,,,,0,0,0,0,0,0,0,0,0,0,0,0,0,0,0,0,0,0,0,0,0,0,0,0,0,0,0,0,0,0,0,0,0,0,0,0,0,0,0,0,0,0,0,0,0,0,0,0,0,0,0,
Participant,7_3,11_49_51,2.7894,0,0,0,2.789383,0.0000,0.0000,0.0000,0.0000,0.0000,0.0000,3.349397,3.308235,3.328816,-0.2757859,,,,,0,0,0,0,0,0,0,0,0,0,0,0,0,0,0,0,0,0,0,0,0,0,0,0,0,0,0,0,0,0,0,0,0,0,0,0,0,0,0,0,0,0,0,0,0,0,0,0,0,0,0,
Participant,7_3,11_49_51,2.7925,0,0,0,2.79251,0.0000,0.0000,0.0000,0.0000,0.0000,0.0000,3.358011,3.321838,3.339924,-0.2646778,,,,,0,0,0,0,0,0,0,0,0,0,0,0,0,0,0,0,0,0,0,0,0,0,0,0,0,0,0,0,0,0,0,0,0,0,0,0,0,0,0,0,0,0,0,0,0,0,0,0,0,0,0,
Participant,7_3,11_49_51,2.7957,0,0,0,2.795685,0.0000,0.0000,0.0000,0.0000,0.0000,0.0000,3.365564,3.334814,3.350189,-0.2544134,,,,,0,0,0,0,0,0,0,0,0,0,0,0,0,0,0,0,0,0,0,0,0,0,0,0,0,0,0,0,0,0,0,0,0,0,0,0,0,0,0,0,0,0,0,0,0,0,0,0,0,0,0,
Participant,7_3,11_49_51,2.7989,0,0,0,2.798851,0.0000,0.0000,0.0000,0.0000,0.0000,0.0000,3.345678,3.325138,3.335408,-0.2691939,,,,,0,0,0,0,0,0,0,0,0,0,0,0,0,0,0,0,0,0,0,0,0,0,0,0,0,0,0,0,0,0,0,0,0,0,0,0,0,0,0,0,0,0,0,0,0,0,0,0,0,0,0,
Participant,7_3,11_49_51,2.8020,0,0,0,2.802033,0.0000,0.0000,0.0000,0.0000,0.0000,0.0000,3.35685,3.341114,3.348982,-0.2556202,,,,,0,0,0,0,0,0,0,0,0,0,0,0,0,0,0,0,0,0,0,0,0,0,0,0,0,0,0,0,0,0,0,0,0,0,0,0,0,0,0,0,0,0,0,0,0,0,0,0,0,0,0,
Participant,7_3,11_49_51,2.8055,0,0,0,2.805465,0.0000,0.0000,0.0000,0.0000,0.0000,0.0000,3.322161,3.31697,3.319566,-0.2850366,,,,,0,0,0,0,0,0,0,0,0,0,0,0,0,0,0,0,0,0,0,0,0,0,0,0,0,0,0,0,0,0,0,0,0,0,0,0,0,0,0,0,0,0,0,0,0,0,0,0,0,0,0,
Participant,7_3,11_49_51,2.8086,0,0,0,2.808627,0.0000,0.0000,0.0000,0.0000,0.0000,0.0000,3.370574,3.317356,3.343965,-0.260637,,,,,0,0,0,0,0,0,0,0,0,0,0,0,0,0,0,0,0,0,0,0,0,0,0,0,0,0,0,0,0,0,0,0,0,0,0,0,0,0,0,0,0,0,0,0,0,0,0,0,0,0,0,
Participant,7_3,11_49_51,2.8119,0,0,0,2.81185,0.0000,0.0000,0.0000,0.0000,0.0000,0.0000,3.355885,3.339235,3.34756,-0.2570424,,,,,0,0,0,0,0,0,0,0,0,0,0,0,0,0,0,0,0,0,0,0,0,0,0,0,0,0,0,0,0,0,0,0,0,0,0,0,0,0,0,0,0,0,0,0,0,0,0,0,0,0,0,
Participant,7_3,11_49_51,2.8150,0,0,0,2.815017,0.0000,0.0000,0.0000,0.0000,0.0000,0.0000,3.323271,3.336955,3.330113,-0.2744887,,,,,0,0,0,0,0,0,0,0,0,0,0,0,0,0,0,0,0,0,0,0,0,0,0,0,0,0,0,0,0,0,0,0,0,0,0,0,0,0,0,0,0,0,0,0,0,0,0,0,0,0,0,
Participant,7_3,11_49_51,2.8182,0,0,0,2.818156,0.0000,0.0000,0.0000,0.0000,0.0000,0.0000,3.321735,3.350682,3.336209,-0.2683935,,,,,0,0,0,0,0,0,0,0,0,0,0,0,0,0,0,0,0,0,0,0,0,0,0,0,0,0,0,0,0,0,0,0,0,0,0,0,0,0,0,0,0,0,0,0,0,0,0,0,0,0,0,
Participant,7_3,11_49_51,2.8214,0,0,0,2.821351,0.0000,0.0000,0.0000,0.0000,0.0000,0.0000,3.32379,3.324906,3.324348,-0.2802536,,,,,0,0,0,0,0,0,0,0,0,0,0,0,0,0,0,0,0,0,0,0,0,0,0,0,0,0,0,0,0,0,0,0,0,0,0,0,0,0,0,0,0,0,0,0,0,0,0,0,0,0,0,
Participant,7_3,11_49_51,2.8291,0,0,0,2.82906,0.0000,0.0000,0.0000,0.0000,0.0000,0.0000,3.351388,3.366174,3.358781,-0.245821,,,,,0,0,0,0,0,0,0,0,0,0,0,0,0,0,0,0,0,0,0,0,0,0,0,0,0,0,0,0,0,0,0,0,0,0,0,0,0,0,0,0,0,0,0,0,0,0,0,0,0,0,0,
Participant,7_3,11_49_51,2.8327,0,0,0,2.832673,0.0000,0.0000,0.0000,0.0000,0.0000,0.0000,3.37989,3.34844,3.364165,-0.2404368,,,,,0,0,0,0,0,0,0,0,0,0,0,0,0,0,0,0,0,0,0,0,0,0,0,0,0,0,0,0,0,0,0,0,0,0,0,0,0,0,0,0,0,0,0,0,0,0,0,0,0,0,0,
Participant,7_3,11_49_51,2.8359,0,0,0,2.83588,0.0000,0.0000,0.0000,0.0000,0.0000,0.0000,3.359066,3.344953,3.35201,-0.2525926,,,,,0,0,0,0,0,0,0,0,0,0,0,0,0,0,0,0,0,0,0,0,0,0,0,0,0,0,0,0,0,0,0,0,0,0,0,0,0,0,0,0,0,0,0,0,0,0,0,0,0,0,0,
Participant,7_3,11_49_51,2.8391,0,0,0,2.839109,0.0000,0.0000,0.0000,0.0000,0.0000,0.0000,3.363982,3.349037,3.356509,-0.2480929,,,,,0,0,0,0,0,0,0,0,0,0,0,0,0,0,0,0,0,0,0,0,0,0,0,0,0,0,0,0,0,0,0,0,0,0,0,0,0,0,0,0,0,0,0,0,0,0,0,0,0,0,0,
Participant,7_3,11_49_51,2.8428,0,0,0,2.842774,0.0000,0.0000,0.0000,0.0000,0.0000,0.0000,3.329624,3.351322,3.340473,-0.2641287,,,,,0,0,0,0,0,0,0,0,0,0,0,0,0,0,0,0,0,0,0,0,0,0,0,0,0,0,0,0,0,0,0,0,0,0,0,0,0,0,0,0,0,0,0,0,0,0,0,0,0,0,0,
Participant,7_3,11_49_51,2.8462,0,0,0,2.846171,0.0000,0.0000,0.0000,0.0000,0.0000,0.0000,3.357634,3.388773,3.373204,-0.2313983,,,,,0,0,0,0,0,0,0,0,0,0,0,0,0,0,0,0,0,0,0,0,0,0,0,0,0,0,0,0,0,0,0,0,0,0,0,0,0,0,0,0,0,0,0,0,0,0,0,0,0,0,0,
Participant,7_3,11_49_51,2.8493,0,0,0,2.849304,0.0000,0.0000,0.0000,0.0000,0.0000,0.0000,3.374358,3.367398,3.370878,-0.2337239,,,,,0,0,0,0,0,0,0,0,0,0,0,0,0,0,0,0,0,0,0,0,0,0,0,0,0,0,0,0,0,0,0,0,0,0,0,0,0,0,0,0,0,0,0,0,0,0,0,0,0,0,0,
Participant,7_3,11_49_51,2.8525,0,0,0,2.852501,0.0000,0.0000,0.0000,0.0000,0.0000,0.0000,3.381549,3.367053,3.374301,-0.2303011,,,,,0,0,0,0,0,0,0,0,0,0,0,0,0,0,0,0,0,0,0,0,0,0,0,0,0,0,0,0,0,0,0,0,0,0,0,0,0,0,0,0,0,0,0,0,0,0,0,0,0,0,0,
Participant,7_3,11_49_51,2.8557,0,0,0,2.855688,0.0000,0.0000,0.0000,0.0000,0.0000,0.0000,3.358293,3.360994,3.359643,-0.2449586,,,,,0,0,0,0,0,0,0,0,0,0,0,0,0,0,0,0,0,0,0,0,0,0,0,0,0,0,0,0,0,0,0,0,0,0,0,0,0,0,0,0,0,0,0,0,0,0,0,0,0,0,0,
Participant,7_3,11_49_51,2.8592,0,0,0,2.859193,0.0000,0.0000,0.0000,0.0000,0.0000,0.0000,3.362712,3.360996,3.361854,-0.242748,,,,,0,0,0,0,0,0,0,0,0,0,0,0,0,0,0,0,0,0,0,0,0,0,0,0,0,0,0,0,0,0,0,0,0,0,0,0,0,0,0,0,0,0,0,0,0,0,0,0,0,0,0,
Participant,7_3,11_49_51,2.8624,0,0,0,2.862373,0.0000,0.0000,0.0000,0.0000,0.0000,0.0000,3.363967,3.356862,3.360414,-0.2441878,,,,,0,0,0,0,0,0,0,0,0,0,0,0,0,0,0,0,0,0,0,0,0,0,0,0,0,0,0,0,0,0,0,0,0,0,0,0,0,0,0,0,0,0,0,0,0,0,0,0,0,0,0,
Participant,7_3,11_49_51,2.8660,0,0,0,2.865952,0.0000,0.0000,0.0000,0.0000,0.0000,0.0000,3.376042,3.368167,3.372105,-0.2324975,,,,,0,0,0,0,0,0,0,0,0,0,0,0,0,0,0,0,0,0,0,0,0,0,0,0,0,0,0,0,0,0,0,0,0,0,0,0,0,0,0,0,0,0,0,0,0,0,0,0,0,0,0,
Participant,7_3,11_49_51,2.8692,0,0,0,2.86915,0.0000,0.0000,0.0000,0.0000,0.0000,0.0000,3.36014,3.373528,3.366834,-0.2377679,,,,,0,0,0,0,0,0,0,0,0,0,0,0,0,0,0,0,0,0,0,0,0,0,0,0,0,0,0,0,0,0,0,0,0,0,0,0,0,0,0,0,0,0,0,0,0,0,0,0,0,0,0,
Participant,7_3,11_49_51,2.8727,0,0,0,2.872747,0.0000,0.0000,0.0000,0.0000,0.0000,0.0000,3.387664,3.378545,3.383105,-0.2214973,,,,,0,0,0,0,0,0,0,0,0,0,0,0,0,0,0,0,0,0,0,0,0,0,0,0,0,0,0,0,0,0,0,0,0,0,0,0,0,0,0,0,0,0,0,0,0,0,0,0,0,0,0,
Participant,7_3,11_49_51,2.8761,0,0,0,2.876068,0.0000,0.0000,0.0000,0.0000,0.0000,0.0000,3.366079,3.385796,3.375937,-0.2286646,,,,,0,0,0,0,0,0,0,0,0,0,0,0,0,0,0,0,0,0,0,0,0,0,0,0,0,0,0,0,0,0,0,0,0,0,0,0,0,0,0,0,0,0,0,0,0,0,0,0,0,0,0,
Participant,7_3,11_49_51,2.8794,0,0,0,2.879434,0.0000,0.0000,0.0000,0.0000,0.0000,0.0000,3.351163,3.39353,3.372347,-0.2322555,,,,,0,0,0,0,0,0,0,0,0,0,0,0,0,0,0,0,0,0,0,0,0,0,0,0,0,0,0,0,0,0,0,0,0,0,0,0,0,0,0,0,0,0,0,0,0,0,0,0,0,0,0,
Participant,7_3,11_49_51,2.8829,0,0,0,2.882889,0.0000,0.0000,0.0000,0.0000,0.0000,0.0000,3.375514,3.40521,3.390362,-0.2142398,,,,,0,0,0,0,0,0,0,0,0,0,0,0,0,0,0,0,0,0,0,0,0,0,0,0,0,0,0,0,0,0,0,0,0,0,0,0,0,0,0,0,0,0,0,0,0,0,0,0,0,0,0,
Participant,7_3,11_49_51,2.8864,0,0,0,2.886397,0.0000,0.0000,0.0000,0.0000,0.0000,0.0000,3.402355,3.353104,3.377729,-0.2268727,,,,,0,0,0,0,0,0,0,0,0,0,0,0,0,0,0,0,0,0,0,0,0,0,0,0,0,0,0,0,0,0,0,0,0,0,0,0,0,0,0,0,0,0,0,0,0,0,0,0,0,0,0,
Participant,7_3,11_49_51,2.8897,0,0,0,2.889709,0.0000,0.0000,0.0000,0.0000,0.0000,0.0000,3.355201,3.352689,3.353945,-0.2506568,,,,,0,0,0,0,0,0,0,0,0,0,0,0,0,0,0,0,0,0,0,0,0,0,0,0,0,0,0,0,0,0,0,0,0,0,0,0,0,0,0,0,0,0,0,0,0,0,0,0,0,0,0,
Participant,7_3,11_49_51,2.8929,0,0,0,2.892883,0.0000,0.0000,0.0000,0.0000,0.0000,0.0000,3.402397,3.404608,3.403502,-0.2010996,,,,,0,0,0,0,0,0,0,0,0,0,0,0,0,0,0,0,0,0,0,0,0,0,0,0,0,0,0,0,0,0,0,0,0,0,0,0,0,0,0,0,0,0,0,0,0,0,0,0,0,0,0,
Participant,7_3,11_49_51,2.8960,0,0,0,2.896042,0.0000,0.0000,0.0000,0.0000,0.0000,0.0000,3.359541,3.364111,3.361826,-0.2427759,,,,,0,0,0,0,0,0,0,0,0,0,0,0,0,0,0,0,0,0,0,0,0,0,0,0,0,0,0,0,0,0,0,0,0,0,0,0,0,0,0,0,0,0,0,0,0,0,0,0,0,0,0,
Participant,7_3,11_49_51,2.8993,0,0,0,2.899271,0.0000,0.0000,0.0000,0.0000,0.0000,0.0000,3.387134,3.397995,3.392564,-0.2120378,,,,,0,0,0,0,0,0,0,0,0,0,0,0,0,0,0,0,0,0,0,0,0,0,0,0,0,0,0,0,0,0,0,0,0,0,0,0,0,0,0,0,0,0,0,0,0,0,0,0,0,0,0,
Participant,7_3,11_49_51,2.9025,0,0,0,2.90245,0.0000,0.0000,0.0000,0.0000,0.0000,0.0000,3.405176,3.401274,3.403225,-0.2013767,,,,,0,0,0,0,0,0,0,0,0,0,0,0,0,0,0,0,0,0,0,0,0,0,0,0,0,0,0,0,0,0,0,0,0,0,0,0,0,0,0,0,0,0,0,0,0,0,0,0,0,0,0,
Participant,7_3,11_49_51,2.9059,0,0,0,2.905895,0.0000,0.0000,0.0000,0.0000,0.0000,0.0000,3.371612,3.402548,3.38708,-0.2175219,,,,,0,0,0,0,0,0,0,0,0,0,0,0,0,0,0,0,0,0,0,0,0,0,0,0,0,0,0,0,0,0,0,0,0,0,0,0,0,0,0,0,0,0,0,0,0,0,0,0,0,0,0,
Participant,7_3,11_49_51,2.9090,0,0,0,2.90904,0.0000,0.0000,0.0000,0.0000,0.0000,0.0000,3.40654,3.405881,3.40621,-0.1983919,,,,,0,0,0,0,0,0,0,0,0,0,0,0,0,0,0,0,0,0,0,0,0,0,0,0,0,0,0,0,0,0,0,0,0,0,0,0,0,0,0,0,0,0,0,0,0,0,0,0,0,0,0,
Participant,7_3,11_49_51,2.9123,0,0,0,2.912281,0.0000,0.0000,0.0000,0.0000,0.0000,0.0000,3.372217,3.397862,3.38504,-0.2195623,,,,,0,0,0,0,0,0,0,0,0,0,0,0,0,0,0,0,0,0,0,0,0,0,0,0,0,0,0,0,0,0,0,0,0,0,0,0,0,0,0,0,0,0,0,0,0,0,0,0,0,0,0,
Participant,7_3,11_49_51,2.9158,0,0,0,2.915796,0.0000,0.0000,0.0000,0.0000,0.0000,0.0000,3.40529,3.378138,3.391714,-0.212888,,,,,0,0,0,0,0,0,0,0,0,0,0,0,0,0,0,0,0,0,0,0,0,0,0,0,0,0,0,0,0,0,0,0,0,0,0,0,0,0,0,0,0,0,0,0,0,0,0,0,0,0,0,
Participant,7_3,11_49_51,2.9192,0,0,0,2.919154,0.0000,0.0000,0.0000,0.0000,0.0000,0.0000,3.378552,3.385414,3.381983,-0.2226188,,,,,0,0,0,0,0,0,0,0,0,0,0,0,0,0,0,0,0,0,0,0,0,0,0,0,0,0,0,0,0,0,0,0,0,0,0,0,0,0,0,0,0,0,0,0,0,0,0,0,0,0,0,
Participant,7_3,11_49_51,2.9224,0,0,0,2.922359,0.0000,0.0000,0.0000,0.0000,0.0000,0.0000,3.413387,3.423222,3.418304,-0.1862977,,,,,0,0,0,0,0,0,0,0,0,0,0,0,0,0,0,0,0,0,0,0,0,0,0,0,0,0,0,0,0,0,0,0,0,0,0,0,0,0,0,0,0,0,0,0,0,0,0,0,0,0,0,
Participant,7_3,11_49_51,2.9259,0,0,0,2.925946,0.0000,0.0000,0.0000,0.0000,0.0000,0.0000,3.372587,3.376021,3.374304,-0.2302978,,,,,0,0,0,0,0,0,0,0,0,0,0,0,0,0,0,0,0,0,0,0,0,0,0,0,0,0,0,0,0,0,0,0,0,0,0,0,0,0,0,0,0,0,0,0,0,0,0,0,0,0,0,
Participant,7_3,11_49_51,2.9293,0,0,0,2.929259,0.0000,0.0000,0.0000,0.0000,0.0000,0.0000,3.39284,3.377838,3.385339,-0.2192628,,,,,0,0,0,0,0,0,0,0,0,0,0,0,0,0,0,0,0,0,0,0,0,0,0,0,0,0,0,0,0,0,0,0,0,0,0,0,0,0,0,0,0,0,0,0,0,0,0,0,0,0,0,
Participant,7_3,11_49_51,2.9328,0,0,0,2.932817,0.0000,0.0000,0.0000,0.0000,0.0000,0.0000,3.401283,3.370787,3.386035,-0.2185674,,,,,0,0,0,0,0,0,0,0,0,0,0,0,0,0,0,0,0,0,0,0,0,0,0,0,0,0,0,0,0,0,0,0,0,0,0,0,0,0,0,0,0,0,0,0,0,0,0,0,0,0,0,
Participant,7_3,11_49_51,2.9361,0,0,0,2.936129,0.0000,0.0000,0.0000,0.0000,0.0000,0.0000,3.404677,3.425785,3.415231,-0.1893711,,,,,0,0,0,0,0,0,0,0,0,0,0,0,0,0,0,0,0,0,0,0,0,0,0,0,0,0,0,0,0,0,0,0,0,0,0,0,0,0,0,0,0,0,0,0,0,0,0,0,0,0,0,
Participant,7_3,11_49_52,2.9394,0,0,0,2.939368,0.0000,0.0000,0.0000,0.0000,0.0000,0.0000,3.376939,3.388847,3.382893,-0.221709,,,,,0,0,0,0,0,0,0,0,0,0,0,0,0,0,0,0,0,0,0,0,0,0,0,0,0,0,0,0,0,0,0,0,0,0,0,0,0,0,0,0,0,0,0,0,0,0,0,0,0,0,0,
Participant,7_3,11_49_52,2.9428,0,0,0,2.94275,0.0000,0.0000,0.0000,0.0000,0.0000,0.0000,3.402742,3.376612,3.389677,-0.2149251,,,,,0,0,0,0,0,0,0,0,0,0,0,0,0,0,0,0,0,0,0,0,0,0,0,0,0,0,0,0,0,0,0,0,0,0,0,0,0,0,0,0,0,0,0,0,0,0,0,0,0,0,0,
Participant,7_3,11_49_52,2.9462,0,0,0,2.946235,0.0000,0.0000,0.0000,0.0000,0.0000,0.0000,3.387441,3.407964,3.397703,-0.2068994,,,,,0,0,0,0,0,0,0,0,0,0,0,0,0,0,0,0,0,0,0,0,0,0,0,0,0,0,0,0,0,0,0,0,0,0,0,0,0,0,0,0,0,0,0,0,0,0,0,0,0,0,0,
Participant,7_3,11_49_52,2.9494,0,0,0,2.949415,0.0000,0.0000,0.0000,0.0000,0.0000,0.0000,3.435167,3.391446,3.413306,-0.1912956,,,,,0,0,0,0,0,0,0,0,0,0,0,0,0,0,0,0,0,0,0,0,0,0,0,0,0,0,0,0,0,0,0,0,0,0,0,0,0,0,0,0,0,0,0,0,0,0,0,0,0,0,0,
Participant,7_3,11_49_52,2.9526,0,0,0,2.952554,0.0000,0.0000,0.0000,0.0000,0.0000,0.0000,3.412822,3.422253,3.417538,-0.1870644,,,,,0,0,0,0,0,0,0,0,0,0,0,0,0,0,0,0,0,0,0,0,0,0,0,0,0,0,0,0,0,0,0,0,0,0,0,0,0,0,0,0,0,0,0,0,0,0,0,0,0,0,0,
Participant,7_3,11_49_52,2.9592,0,0,0,2.959219,0.0000,0.0000,0.0000,0.0000,0.0000,0.0000,3.414676,3.422646,3.418661,-0.185941,,,,,0,0,0,0,0,0,0,0,0,0,0,0,0,0,0,0,0,0,0,0,0,0,0,0,0,0,0,0,0,0,0,0,0,0,0,0,0,0,0,0,0,0,0,0,0,0,0,0,0,0,0,
Participant,7_3,11_49_52,2.9624,0,0,0,2.962365,0.0000,0.0000,0.0000,0.0000,0.0000,0.0000,3.442056,3.404907,3.423482,-0.1811204,,,,,0,0,0,0,0,0,0,0,0,0,0,0,0,0,0,0,0,0,0,0,0,0,0,0,0,0,0,0,0,0,0,0,0,0,0,0,0,0,0,0,0,0,0,0,0,0,0,0,0,0,0,
Participant,7_3,11_49_52,2.9658,0,0,0,2.965773,0.0000,0.0000,0.0000,0.0000,0.0000,0.0000,3.41273,3.407695,3.410213,-0.1943896,,,,,0,0,0,0,0,0,0,0,0,0,0,0,0,0,0,0,0,0,0,0,0,0,0,0,0,0,0,0,0,0,0,0,0,0,0,0,0,0,0,0,0,0,0,0,0,0,0,0,0,0,0,
Participant,7_3,11_49_52,2.9691,0,0,0,2.969093,0.0000,0.0000,0.0000,0.0000,0.0000,0.0000,3.430257,3.389021,3.409639,-0.1949632,,,,,0,0,0,0,0,0,0,0,0,0,0,0,0,0,0,0,0,0,0,0,0,0,0,0,0,0,0,0,0,0,0,0,0,0,0,0,0,0,0,0,0,0,0,0,0,0,0,0,0,0,0,
Participant,7_3,11_49_52,2.9725,0,0,0,2.972549,0.0000,0.0000,0.0000,0.0000,0.0000,0.0000,3.440243,3.400088,3.420166,-0.1844366,,,,,0,0,0,0,0,0,0,0,0,0,0,0,0,0,0,0,0,0,0,0,0,0,0,0,0,0,0,0,0,0,0,0,0,0,0,0,0,0,0,0,0,0,0,0,0,0,0,0,0,0,0,
Participant,7_3,11_49_52,2.9757,0,0,0,2.975704,0.0000,0.0000,0.0000,0.0000,0.0000,0.0000,3.447364,3.430382,3.438873,-0.1657293,,,,,0,0,0,0,0,0,0,0,0,0,0,0,0,0,0,0,0,0,0,0,0,0,0,0,0,0,0,0,0,0,0,0,0,0,0,0,0,0,0,0,0,0,0,0,0,0,0,0,0,0,0,
Participant,7_3,11_49_52,2.9789,0,0,0,2.978899,0.0000,0.0000,0.0000,0.0000,0.0000,0.0000,3.447963,3.411853,3.429908,-0.1746943,,,,,0,0,0,0,0,0,0,0,0,0,0,0,0,0,0,0,0,0,0,0,0,0,0,0,0,0,0,0,0,0,0,0,0,0,0,0,0,0,0,0,0,0,0,0,0,0,0,0,0,0,0,
Participant,7_3,11_49_52,2.9821,0,0,0,2.982086,0.0000,0.0000,0.0000,0.0000,0.0000,0.0000,3.429382,3.399787,3.414585,-0.1900175,,,,,0,0,0,0,0,0,0,0,0,0,0,0,0,0,0,0,0,0,0,0,0,0,0,0,0,0,0,0,0,0,0,0,0,0,0,0,0,0,0,0,0,0,0,0,0,0,0,0,0,0,0,
Participant,7_3,11_49_52,2.9855,0,0,0,2.985492,0.0000,0.0000,0.0000,0.0000,0.0000,0.0000,3.408224,3.443601,3.425912,-0.1786897,,,,,0,0,0,0,0,0,0,0,0,0,0,0,0,0,0,0,0,0,0,0,0,0,0,0,0,0,0,0,0,0,0,0,0,0,0,0,0,0,0,0,0,0,0,0,0,0,0,0,0,0,0,
Participant,7_3,11_49_52,2.9887,0,0,0,2.988657,0.0000,0.0000,0.0000,0.0000,0.0000,0.0000,3.421593,3.402456,3.412024,-0.1925776,,,,,0,0,0,0,0,0,0,0,0,0,0,0,0,0,0,0,0,0,0,0,0,0,0,0,0,0,0,0,0,0,0,0,0,0,0,0,0,0,0,0,0,0,0,0,0,0,0,0,0,0,0,
Participant,7_3,11_49_52,2.9918,0,0,0,2.9918,0.0000,0.0000,0.0000,0.0000,0.0000,0.0000,3.455359,3.422637,3.438998,-0.1656039,,,,,0,0,0,0,0,0,0,0,0,0,0,0,0,0,0,0,0,0,0,0,0,0,0,0,0,0,0,0,0,0,0,0,0,0,0,0,0,0,0,0,0,0,0,0,0,0,0,0,0,0,0,
Participant,7_3,11_49_52,2.9951,0,0,0,2.995063,0.0000,0.0000,0.0000,0.0000,0.0000,0.0000,3.399483,3.412417,3.40595,-0.1986523,,,,,0,0,0,0,0,0,0,0,0,0,0,0,0,0,0,0,0,0,0,0,0,0,0,0,0,0,0,0,0,0,0,0,0,0,0,0,0,0,0,0,0,0,0,0,0,0,0,0,0,0,0,
Participant,7_3,11_49_52,2.9983,0,0,0,2.998275,0.0000,0.0000,0.0000,0.0000,0.0000,0.0000,3.427944,3.424587,3.426265,-0.1783366,,,,,0,0,0,0,0,0,0,0,0,0,0,0,0,0,0,0,0,0,0,0,0,0,0,0,0,0,0,0,0,0,0,0,0,0,0,0,0,0,0,0,0,0,0,0,0,0,0,0,0,0,0,
Participant,7_3,11_49_52,3.0014,0,0,0,3.001446,0.0000,0.0000,0.0000,0.0000,0.0000,0.0000,3.430158,3.410842,3.4205,-0.1841021,,,,,0,0,0,0,0,0,0,0,0,0,0,0,0,0,0,0,0,0,0,0,0,0,0,0,0,0,0,0,0,0,0,0,0,0,0,0,0,0,0,0,0,0,0,0,0,0,0,0,0,0,0,
Participant,7_3,11_49_52,3.0061,0,0,0,3.006057,0.0000,0.0000,0.0000,0.0000,0.0000,0.0000,3.436393,3.404959,3.420676,-0.1839263,,,,,0,0,0,0,0,0,0,0,0,0,0,0,0,0,0,0,0,0,0,0,0,0,0,0,0,0,0,0,0,0,0,0,0,0,0,0,0,0,0,0,0,0,0,0,0,0,0,0,0,0,0,
Participant,7_3,11_49_52,3.0094,0,0,0,3.009415,0.0000,0.0000,0.0000,0.0000,0.0000,0.0000,3.454642,3.464191,3.459417,-0.1451855,,,,,0,0,0,0,0,0,0,0,0,0,0,0,0,0,0,0,0,0,0,0,0,0,0,0,0,0,0,0,0,0,0,0,0,0,0,0,0,0,0,0,0,0,0,0,0,0,0,0,0,0,0,
Participant,7_3,11_49_52,3.0126,0,0,0,3.012566,0.0000,0.0000,0.0000,0.0000,0.0000,0.0000,3.407377,3.453687,3.430532,-0.1740704,,,,,0,0,0,0,0,0,0,0,0,0,0,0,0,0,0,0,0,0,0,0,0,0,0,0,0,0,0,0,0,0,0,0,0,0,0,0,0,0,0,0,0,0,0,0,0,0,0,0,0,0,0,
Participant,7_3,11_49_52,3.0157,0,0,0,3.015706,0.0000,0.0000,0.0000,0.0000,0.0000,0.0000,3.441655,3.455192,3.448423,-0.1561787,,,,,0,0,0,0,0,0,0,0,0,0,0,0,0,0,0,0,0,0,0,0,0,0,0,0,0,0,0,0,0,0,0,0,0,0,0,0,0,0,0,0,0,0,0,0,0,0,0,0,0,0,0,
Participant,7_3,11_49_52,3.0192,0,0,0,3.019192,0.0000,0.0000,0.0000,0.0000,0.0000,0.0000,3.433894,3.446295,3.440095,-0.1645072,,,,,0,0,0,0,0,0,0,0,0,0,0,0,0,0,0,0,0,0,0,0,0,0,0,0,0,0,0,0,0,0,0,0,0,0,0,0,0,0,0,0,0,0,0,0,0,0,0,0,0,0,0,
Participant,7_3,11_49_52,3.0225,0,0,0,3.022511,0.0000,0.0000,0.0000,0.0000,0.0000,0.0000,3.444493,3.46409,3.454291,-0.1503108,,,,,0,0,0,0,0,0,0,0,0,0,0,0,0,0,0,0,0,0,0,0,0,0,0,0,0,0,0,0,0,0,0,0,0,0,0,0,0,0,0,0,0,0,0,0,0,0,0,0,0,0,0,
Participant,7_3,11_49_52,3.0312,0,0,0,3.031195,0.0000,0.0000,0.0000,0.0000,0.0000,0.0000,3.424596,3.450175,3.437386,-0.1672165,,,,,0,0,0,0,0,0,0,0,0,0,0,0,0,0,0,0,0,0,0,0,0,0,0,0,0,0,0,0,0,0,0,0,0,0,0,0,0,0,0,0,0,0,0,0,0,0,0,0,0,0,0,
Participant,7_3,11_49_52,3.0344,0,0,0,3.034428,0.0000,0.0000,0.0000,0.0000,0.0000,0.0000,3.474815,3.449757,3.462286,-0.1423163,,,,,0,0,0,0,0,0,0,0,0,0,0,0,0,0,0,0,0,0,0,0,0,0,0,0,0,0,0,0,0,0,0,0,0,0,0,0,0,0,0,0,0,0,0,0,0,0,0,0,0,0,0,
Participant,7_3,11_49_52,3.0376,0,0,0,3.037573,0.0000,0.0000,0.0000,0.0000,0.0000,0.0000,3.42159,3.462709,3.442149,-0.1624527,,,,,0,0,0,0,0,0,0,0,0,0,0,0,0,0,0,0,0,0,0,0,0,0,0,0,0,0,0,0,0,0,0,0,0,0,0,0,0,0,0,0,0,0,0,0,0,0,0,0,0,0,0,
Participant,7_3,11_49_52,3.0408,0,0,0,3.040816,0.0000,0.0000,0.0000,0.0000,0.0000,0.0000,3.444046,3.464746,3.454396,-0.1502061,,,,,0,0,0,0,0,0,0,0,0,0,0,0,0,0,0,0,0,0,0,0,0,0,0,0,0,0,0,0,0,0,0,0,0,0,0,0,0,0,0,0,0,0,0,0,0,0,0,0,0,0,0,
Participant,7_3,11_49_52,3.0443,0,0,0,3.044287,0.0000,0.0000,0.0000,0.0000,0.0000,0.0000,3.436741,3.42399,3.430365,-0.1742368,,,,,0,0,0,0,0,0,0,0,0,0,0,0,0,0,0,0,0,0,0,0,0,0,0,0,0,0,0,0,0,0,0,0,0,0,0,0,0,0,0,0,0,0,0,0,0,0,0,0,0,0,0,
Participant,7_3,11_49_52,3.0474,0,0,0,3.047446,0.0000,0.0000,0.0000,0.0000,0.0000,0.0000,3.468597,3.47318,3.470888,-0.133714,,,,,0,0,0,0,0,0,0,0,0,0,0,0,0,0,0,0,0,0,0,0,0,0,0,0,0,0,0,0,0,0,0,0,0,0,0,0,0,0,0,0,0,0,0,0,0,0,0,0,0,0,0,
Participant,7_3,11_49_52,3.0506,0,0,0,3.050583,0.0000,0.0000,0.0000,0.0000,0.0000,0.0000,3.435492,3.483034,3.459263,-0.1453393,,,,,0,0,0,0,0,0,0,0,0,0,0,0,0,0,0,0,0,0,0,0,0,0,0,0,0,0,0,0,0,0,0,0,0,0,0,0,0,0,0,0,0,0,0,0,0,0,0,0,0,0,0,
Participant,7_3,11_49_52,3.0537,0,0,0,3.053735,0.0000,0.0000,0.0000,0.0000,0.0000,0.0000,3.467821,3.466898,3.467359,-0.137243,,,,,0,0,0,0,0,0,0,0,0,0,0,0,0,0,0,0,0,0,0,0,0,0,0,0,0,0,0,0,0,0,0,0,0,0,0,0,0,0,0,0,0,0,0,0,0,0,0,0,0,0,0,
Participant,7_3,11_49_52,3.0569,0,0,0,3.056895,0.0000,0.0000,0.0000,0.0000,0.0000,0.0000,3.477624,3.484588,3.481106,-0.1234961,,,,,0,0,0,0,0,0,0,0,0,0,0,0,0,0,0,0,0,0,0,0,0,0,0,0,0,0,0,0,0,0,0,0,0,0,0,0,0,0,0,0,0,0,0,0,0,0,0,0,0,0,0,
Participant,7_3,11_49_52,3.0601,0,0,0,3.06008,0.0000,0.0000,0.0000,0.0000,0.0000,0.0000,3.483719,3.464141,3.47393,-0.1306717,,,,,0,0,0,0,0,0,0,0,0,0,0,0,0,0,0,0,0,0,0,0,0,0,0,0,0,0,0,0,0,0,0,0,0,0,0,0,0,0,0,0,0,0,0,0,0,0,0,0,0,0,0,
Participant,7_3,11_49_52,3.0635,0,0,0,3.063491,0.0000,0.0000,0.0000,0.0000,0.0000,0.0000,3.477968,3.461245,3.469606,-0.1349957,,,,,0,0,0,0,0,0,0,0,0,0,0,0,0,0,0,0,0,0,0,0,0,0,0,0,0,0,0,0,0,0,0,0,0,0,0,0,0,0,0,0,0,0,0,0,0,0,0,0,0,0,0,
Participant,7_3,11_49_52,3.0670,0,0,0,3.067026,0.0000,0.0000,0.0000,0.0000,0.0000,0.0000,3.450818,3.442521,3.44667,-0.1579325,,,,,0,0,0,0,0,0,0,0,0,0,0,0,0,0,0,0,0,0,0,0,0,0,0,0,0,0,0,0,0,0,0,0,0,0,0,0,0,0,0,0,0,0,0,0,0,0,0,0,0,0,0,
Participant,7_3,11_49_52,3.0702,0,0,0,3.070233,0.0000,0.0000,0.0000,0.0000,0.0000,0.0000,3.473302,3.477981,3.475641,-0.1289608,,,,,0,0,0,0,0,0,0,0,0,0,0,0,0,0,0,0,0,0,0,0,0,0,0,0,0,0,0,0,0,0,0,0,0,0,0,0,0,0,0,0,0,0,0,0,0,0,0,0,0,0,0,
Participant,7_3,11_49_52,3.0734,0,0,0,3.073436,0.0000,0.0000,0.0000,0.0000,0.0000,0.0000,3.489242,3.486256,3.487749,-0.1168535,,,,,0,0,0,0,0,0,0,0,0,0,0,0,0,0,0,0,0,0,0,0,0,0,0,0,0,0,0,0,0,0,0,0,0,0,0,0,0,0,0,0,0,0,0,0,0,0,0,0,0,0,0,
Participant,7_3,11_49_52,3.0766,0,0,0,3.076582,0.0000,0.0000,0.0000,0.0000,0.0000,0.0000,3.481276,3.455251,3.468263,-0.1363389,,,,,0,0,0,0,0,0,0,0,0,0,0,0,0,0,0,0,0,0,0,0,0,0,0,0,0,0,0,0,0,0,0,0,0,0,0,0,0,0,0,0,0,0,0,0,0,0,0,0,0,0,0,
Participant,7_3,11_49_52,3.0798,0,0,0,3.079811,0.0000,0.0000,0.0000,0.0000,0.0000,0.0000,3.454264,3.4476,3.450932,-0.1536698,,,,,0,0,0,0,0,0,0,0,0,0,0,0,0,0,0,0,0,0,0,0,0,0,0,0,0,0,0,0,0,0,0,0,0,0,0,0,0,0,0,0,0,0,0,0,0,0,0,0,0,0,0,
Participant,7_3,11_49_52,3.0833,0,0,0,3.083297,0.0000,0.0000,0.0000,0.0000,0.0000,0.0000,3.489413,3.471168,3.48029,-0.1243119,,,,,0,0,0,0,0,0,0,0,0,0,0,0,0,0,0,0,0,0,0,0,0,0,0,0,0,0,0,0,0,0,0,0,0,0,0,0,0,0,0,0,0,0,0,0,0,0,0,0,0,0,0,
Participant,7_3,11_49_52,3.0872,0,0,0,3.087191,0.0000,0.0000,0.0000,0.0000,0.0000,0.0000,3.472251,3.474809,3.47353,-0.1310718,,,,,0,0,0,0,0,0,0,0,0,0,0,0,0,0,0,0,0,0,0,0,0,0,0,0,0,0,0,0,0,0,0,0,0,0,0,0,0,0,0,0,0,0,0,0,0,0,0,0,0,0,0,
Participant,7_3,11_49_52,3.0904,0,0,0,3.090355,0.0000,0.0000,0.0000,0.0000,0.0000,0.0000,3.477458,3.478132,3.477795,-0.1268072,,,,,0,0,0,0,0,0,0,0,0,0,0,0,0,0,0,0,0,0,0,0,0,0,0,0,0,0,0,0,0,0,0,0,0,0,0,0,0,0,0,0,0,0,0,0,0,0,0,0,0,0,0,
Participant,7_3,11_49_52,3.0936,0,0,0,3.093565,0.0000,0.0000,0.0000,0.0000,0.0000,0.0000,3.464112,3.480307,3.472209,-0.1323929,,,,,0,0,0,0,0,0,0,0,0,0,0,0,0,0,0,0,0,0,0,0,0,0,0,0,0,0,0,0,0,0,0,0,0,0,0,0,0,0,0,0,0,0,0,0,0,0,0,0,0,0,0,
Participant,7_3,11_49_52,3.0967,0,0,0,3.096692,0.0000,0.0000,0.0000,0.0000,0.0000,0.0000,3.487552,3.474154,3.480853,-0.123749,,,,,0,0,0,0,0,0,0,0,0,0,0,0,0,0,0,0,0,0,0,0,0,0,0,0,0,0,0,0,0,0,0,0,0,0,0,0,0,0,0,0,0,0,0,0,0,0,0,0,0,0,0,
Participant,7_3,11_49_52,3.1002,0,0,0,3.100203,0.0000,0.0000,0.0000,0.0000,0.0000,0.0000,3.489421,3.483709,3.486565,-0.1180372,,,,,0,0,0,0,0,0,0,0,0,0,0,0,0,0,0,0,0,0,0,0,0,0,0,0,0,0,0,0,0,0,0,0,0,0,0,0,0,0,0,0,0,0,0,0,0,0,0,0,0,0,0,
Participant,7_3,11_49_52,3.1037,0,0,0,3.103727,0.0000,0.0000,0.0000,0.0000,0.0000,0.0000,3.453402,3.507719,3.48056,-0.1240418,,,,,0,0,0,0,0,0,0,0,0,0,0,0,0,0,0,0,0,0,0,0,0,0,0,0,0,0,0,0,0,0,0,0,0,0,0,0,0,0,0,0,0,0,0,0,0,0,0,0,0,0,0,
Participant,7_3,11_49_52,3.1070,0,0,0,3.107038,0.0000,0.0000,0.0000,0.0000,0.0000,0.0000,3.489696,3.478742,3.484219,-0.120383,,,,,0,0,0,0,0,0,0,0,0,0,0,0,0,0,0,0,0,0,0,0,0,0,0,0,0,0,0,0,0,0,0,0,0,0,0,0,0,0,0,0,0,0,0,0,0,0,0,0,0,0,0,
Participant,7_3,11_49_52,3.1103,0,0,0,3.110281,0.0000,0.0000,0.0000,0.0000,0.0000,0.0000,3.4686,3.504933,3.486766,-0.1178358,,,,,0,0,0,0,0,0,0,0,0,0,0,0,0,0,0,0,0,0,0,0,0,0,0,0,0,0,0,0,0,0,0,0,0,0,0,0,0,0,0,0,0,0,0,0,0,0,0,0,0,0,0,
Participant,7_3,11_49_52,3.1137,0,0,0,3.113652,0.0000,0.0000,0.0000,0.0000,0.0000,0.0000,3.461925,3.483571,3.472748,-0.1318543,,,,,0,0,0,0,0,0,0,0,0,0,0,0,0,0,0,0,0,0,0,0,0,0,0,0,0,0,0,0,0,0,0,0,0,0,0,0,0,0,0,0,0,0,0,0,0,0,0,0,0,0,0,
Participant,7_3,11_49_52,3.1171,0,0,0,3.117142,0.0000,0.0000,0.0000,0.0000,0.0000,0.0000,3.482332,3.513953,3.498143,-0.1064594,,,,,0,0,0,0,0,0,0,0,0,0,0,0,0,0,0,0,0,0,0,0,0,0,0,0,0,0,0,0,0,0,0,0,0,0,0,0,0,0,0,0,0,0,0,0,0,0,0,0,0,0,0,
Participant,7_3,11_49_52,3.1203,0,0,0,3.120323,0.0000,0.0000,0.0000,0.0000,0.0000,0.0000,3.494218,3.484267,3.489243,-0.1153595,,,,,0,0,0,0,0,0,0,0,0,0,0,0,0,0,0,0,0,0,0,0,0,0,0,0,0,0,0,0,0,0,0,0,0,0,0,0,0,0,0,0,0,0,0,0,0,0,0,0,0,0,0,
Participant,7_3,11_49_52,3.1237,0,0,0,3.123703,0.0000,0.0000,0.0000,0.0000,0.0000,0.0000,3.506432,3.495122,3.500777,-0.1038253,,,,,0,0,0,0,0,0,0,0,0,0,0,0,0,0,0,0,0,0,0,0,0,0,0,0,0,0,0,0,0,0,0,0,0,0,0,0,0,0,0,0,0,0,0,0,0,0,0,0,0,0,0,
Participant,7_3,11_49_52,3.1270,0,0,0,3.126955,0.0000,0.0000,0.0000,0.0000,0.0000,0.0000,3.466559,3.496959,3.481759,-0.1228433,,,,,0,0,0,0,0,0,0,0,0,0,0,0,0,0,0,0,0,0,0,0,0,0,0,0,0,0,0,0,0,0,0,0,0,0,0,0,0,0,0,0,0,0,0,0,0,0,0,0,0,0,0,
Participant,7_3,11_49_52,3.1303,0,0,0,3.130294,0.0000,0.0000,0.0000,0.0000,0.0000,0.0000,3.472222,3.499187,3.485705,-0.1188972,,,,,0,0,0,0,0,0,0,0,0,0,0,0,0,0,0,0,0,0,0,0,0,0,0,0,0,0,0,0,0,0,0,0,0,0,0,0,0,0,0,0,0,0,0,0,0,0,0,0,0,0,0,
Participant,7_3,11_49_52,3.1338,0,0,0,3.133797,0.0000,0.0000,0.0000,0.0000,0.0000,0.0000,3.504401,3.502446,3.503424,-0.1011784,,,,,0,0,0,0,0,0,0,0,0,0,0,0,0,0,0,0,0,0,0,0,0,0,0,0,0,0,0,0,0,0,0,0,0,0,0,0,0,0,0,0,0,0,0,0,0,0,0,0,0,0,0,
Participant,7_3,11_49_52,3.1371,0,0,0,3.137115,0.0000,0.0000,0.0000,0.0000,0.0000,0.0000,3.490642,3.519227,3.504934,-0.09966803,,,,,0,0,0,0,0,0,0,0,0,0,0,0,0,0,0,0,0,0,0,0,0,0,0,0,0,0,0,0,0,0,0,0,0,0,0,0,0,0,0,0,0,0,0,0,0,0,0,0,0,0,0,
Participant,7_3,11_49_52,3.1405,0,0,0,3.140508,0.0000,0.0000,0.0000,0.0000,0.0000,0.0000,3.517655,3.510951,3.514303,-0.09029889,,,,,0,0,0,0,0,0,0,0,0,0,0,0,0,0,0,0,0,0,0,0,0,0,0,0,0,0,0,0,0,0,0,0,0,0,0,0,0,0,0,0,0,0,0,0,0,0,0,0,0,0,0,
Participant,7_3,11_49_52,3.1440,0,0,0,3.143992,0.0000,0.0000,0.0000,0.0000,0.0000,0.0000,3.525766,3.514287,3.520027,-0.08457541,,,,,0,0,0,0,0,0,0,0,0,0,0,0,0,0,0,0,0,0,0,0,0,0,0,0,0,0,0,0,0,0,0,0,0,0,0,0,0,0,0,0,0,0,0,0,0,0,0,0,0,0,0,
Participant,7_3,11_49_52,3.1473,0,0,0,3.147329,0.0000,0.0000,0.0000,0.0000,0.0000,0.0000,3.484247,3.480666,3.482456,-0.1221457,,,,,0,0,0,0,0,0,0,0,0,0,0,0,0,0,0,0,0,0,0,0,0,0,0,0,0,0,0,0,0,0,0,0,0,0,0,0,0,0,0,0,0,0,0,0,0,0,0,0,0,0,0,
Participant,7_3,11_49_52,3.1509,0,0,0,3.150893,0.0000,0.0000,0.0000,0.0000,0.0000,0.0000,3.512184,3.511888,3.512036,-0.09256625,,,,,0,0,0,0,0,0,0,0,0,0,0,0,0,0,0,0,0,0,0,0,0,0,0,0,0,0,0,0,0,0,0,0,0,0,0,0,0,0,0,0,0,0,0,0,0,0,0,0,0,0,0,
Participant,7_3,11_49_52,3.1541,0,0,0,3.154105,0.0000,0.0000,0.0000,0.0000,0.0000,0.0000,3.515015,3.51722,3.516117,-0.088485,,,,,0,0,0,0,0,0,0,0,0,0,0,0,0,0,0,0,0,0,0,0,0,0,0,0,0,0,0,0,0,0,0,0,0,0,0,0,0,0,0,0,0,0,0,0,0,0,0,0,0,0,0,
Participant,7_3,11_49_52,3.1575,0,0,0,3.157482,0.0000,0.0000,0.0000,0.0000,0.0000,0.0000,3.526148,3.504886,3.515517,-0.0890851,,,,,0,0,0,0,0,0,0,0,0,0,0,0,0,0,0,0,0,0,0,0,0,0,0,0,0,0,0,0,0,0,0,0,0,0,0,0,0,0,0,0,0,0,0,0,0,0,0,0,0,0,0,
Participant,7_3,11_49_52,3.1608,0,0,0,3.160808,0.0000,0.0000,0.0000,0.0000,0.0000,0.0000,3.523925,3.532591,3.528258,-0.07634425,,,,,0,0,0,0,0,0,0,0,0,0,0,0,0,0,0,0,0,0,0,0,0,0,0,0,0,0,0,0,0,0,0,0,0,0,0,0,0,0,0,0,0,0,0,0,0,0,0,0,0,0,0,
Participant,7_3,11_49_52,3.1643,0,0,0,3.164339,0.0000,0.0000,0.0000,0.0000,0.0000,0.0000,3.507712,3.498729,3.503221,-0.1013811,,,,,0,0,0,0,0,0,0,0,0,0,0,0,0,0,0,0,0,0,0,0,0,0,0,0,0,0,0,0,0,0,0,0,0,0,0,0,0,0,0,0,0,0,0,0,0,0,0,0,0,0,0,
Participant,7_3,11_49_52,3.1675,0,0,0,3.167511,0.0000,0.0000,0.0000,0.0000,0.0000,0.0000,3.494609,3.510186,3.502397,-0.1022048,,,,,0,0,0,0,0,0,0,0,0,0,0,0,0,0,0,0,0,0,0,0,0,0,0,0,0,0,0,0,0,0,0,0,0,0,0,0,0,0,0,0,0,0,0,0,0,0,0,0,0,0,0,
Participant,7_3,11_49_52,3.1707,0,0,0,3.170668,0.0000,0.0000,0.0000,0.0000,0.0000,0.0000,3.524709,3.534258,3.529484,-0.0751183,,,,,0,0,0,0,0,0,0,0,0,0,0,0,0,0,0,0,0,0,0,0,0,0,0,0,0,0,0,0,0,0,0,0,0,0,0,0,0,0,0,0,0,0,0,0,0,0,0,0,0,0,0,
Participant,7_3,11_49_52,3.1738,0,0,0,3.173814,0.0000,0.0000,0.0000,0.0000,0.0000,0.0000,3.501554,3.538027,3.519791,-0.08481145,,,,,0,0,0,0,0,0,0,0,0,0,0,0,0,0,0,0,0,0,0,0,0,0,0,0,0,0,0,0,0,0,0,0,0,0,0,0,0,0,0,0,0,0,0,0,0,0,0,0,0,0,0,
Participant,7_3,11_49_52,3.1770,0,0,0,3.176993,0.0000,0.0000,0.0000,0.0000,0.0000,0.0000,3.489867,3.54322,3.516544,-0.08805847,,,,,0,0,0,0,0,0,0,0,0,0,0,0,0,0,0,0,0,0,0,0,0,0,0,0,0,0,0,0,0,0,0,0,0,0,0,0,0,0,0,0,0,0,0,0,0,0,0,0,0,0,0,
Participant,7_3,11_49_52,3.1803,0,0,0,3.180263,0.0000,0.0000,0.0000,0.0000,0.0000,0.0000,3.530388,3.491743,3.511065,-0.09353662,,,,,0,0,0,0,0,0,0,0,0,0,0,0,0,0,0,0,0,0,0,0,0,0,0,0,0,0,0,0,0,0,0,0,0,0,0,0,0,0,0,0,0,0,0,0,0,0,0,0,0,0,0,
Participant,7_3,11_49_52,3.1836,0,0,0,3.183617,0.0000,0.0000,0.0000,0.0000,0.0000,0.0000,3.540712,3.51816,3.529436,-0.07516623,,,,,0,0,0,0,0,0,0,0,0,0,0,0,0,0,0,0,0,0,0,0,0,0,0,0,0,0,0,0,0,0,0,0,0,0,0,0,0,0,0,0,0,0,0,0,0,0,0,0,0,0,0,
Participant,7_3,11_49_52,3.1870,0,0,0,3.18703,0.0000,0.0000,0.0000,0.0000,0.0000,0.0000,3.521435,3.537777,3.529606,-0.07499599,,,,,0,0,0,0,0,0,0,0,0,0,0,0,0,0,0,0,0,0,0,0,0,0,0,0,0,0,0,0,0,0,0,0,0,0,0,0,0,0,0,0,0,0,0,0,0,0,0,0,0,0,0,
Participant,7_3,11_49_52,3.1903,0,0,0,3.190327,0.0000,0.0000,0.0000,0.0000,0.0000,0.0000,3.500206,3.540289,3.520248,-0.0843544,,,,,0,0,0,0,0,0,0,0,0,0,0,0,0,0,0,0,0,0,0,0,0,0,0,0,0,0,0,0,0,0,0,0,0,0,0,0,0,0,0,0,0,0,0,0,0,0,0,0,0,0,0,
Participant,7_3,11_49_52,3.1937,0,0,0,3.193697,0.0000,0.0000,0.0000,0.0000,0.0000,0.0000,3.505789,3.531431,3.51861,-0.0859921,,,,,0,0,0,0,0,0,0,0,0,0,0,0,0,0,0,0,0,0,0,0,0,0,0,0,0,0,0,0,0,0,0,0,0,0,0,0,0,0,0,0,0,0,0,0,0,0,0,0,0,0,0,
Participant,7_3,11_49_52,3.1974,0,0,0,3.197398,0.0000,0.0000,0.0000,0.0000,0.0000,0.0000,3.529387,3.506269,3.517828,-0.08677411,,,,,0,0,0,0,0,0,0,0,0,0,0,0,0,0,0,0,0,0,0,0,0,0,0,0,0,0,0,0,0,0,0,0,0,0,0,0,0,0,0,0,0,0,0,0,0,0,0,0,0,0,0,
Participant,7_3,11_49_52,3.2008,0,0,0,3.200831,0.0000,0.0000,0.0000,0.0000,0.0000,0.0000,3.552196,3.547107,3.549652,-0.05495048,,,,,0,0,0,0,0,0,0,0,0,0,0,0,0,0,0,0,0,0,0,0,0,0,0,0,0,0,0,0,0,0,0,0,0,0,0,0,0,0,0,0,0,0,0,0,0,0,0,0,0,0,0,
Participant,7_3,11_49_52,3.2043,0,0,0,3.204295,0.0000,0.0000,0.0000,0.0000,0.0000,0.0000,3.530649,3.546492,3.53857,-0.06603169,,,,,0,0,0,0,0,0,0,0,0,0,0,0,0,0,0,0,0,0,0,0,0,0,0,0,0,0,0,0,0,0,0,0,0,0,0,0,0,0,0,0,0,0,0,0,0,0,0,0,0,0,0,
Participant,7_3,11_49_52,3.2076,0,0,0,3.207629,0.0000,0.0000,0.0000,0.0000,0.0000,0.0000,3.54832,3.535345,3.541832,-0.06276965,,,,,0,0,0,0,0,0,0,0,0,0,0,0,0,0,0,0,0,0,0,0,0,0,0,0,0,0,0,0,0,0,0,0,0,0,0,0,0,0,0,0,0,0,0,0,0,0,0,0,0,0,0,
Participant,7_3,11_49_52,3.2110,0,0,0,3.210992,0.0000,0.0000,0.0000,0.0000,0.0000,0.0000,3.552878,3.536103,3.544491,-0.06011128,,,,,0,0,0,0,0,0,0,0,0,0,0,0,0,0,0,0,0,0,0,0,0,0,0,0,0,0,0,0,0,0,0,0,0,0,0,0,0,0,0,0,0,0,0,0,0,0,0,0,0,0,0,
Participant,7_3,11_49_52,3.2143,0,0,0,3.214255,0.0000,0.0000,0.0000,0.0000,0.0000,0.0000,3.555294,3.533214,3.544254,-0.06034803,,,,,0,0,0,0,0,0,0,0,0,0,0,0,0,0,0,0,0,0,0,0,0,0,0,0,0,0,0,0,0,0,0,0,0,0,0,0,0,0,0,0,0,0,0,0,0,0,0,0,0,0,0,
Participant,7_3,11_49_52,3.2174,0,0,0,3.217427,0.0000,0.0000,0.0000,0.0000,0.0000,0.0000,3.546474,3.544619,3.545547,-0.05905557,,,,,0,0,0,0,0,0,0,0,0,0,0,0,0,0,0,0,0,0,0,0,0,0,0,0,0,0,0,0,0,0,0,0,0,0,0,0,0,0,0,0,0,0,0,0,0,0,0,0,0,0,0,
Participant,7_3,11_49_52,3.2206,0,0,0,3.220649,0.0000,0.0000,0.0000,0.0000,0.0000,0.0000,3.534299,3.559324,3.546812,-0.05779052,,,,,0,0,0,0,0,0,0,0,0,0,0,0,0,0,0,0,0,0,0,0,0,0,0,0,0,0,0,0,0,0,0,0,0,0,0,0,0,0,0,0,0,0,0,0,0,0,0,0,0,0,0,
Participant,7_3,11_49_52,3.2241,0,0,0,3.224077,0.0000,0.0000,0.0000,0.0000,0.0000,0.0000,3.5495,3.547175,3.548338,-0.0562644,,,,,0,0,0,0,0,0,0,0,0,0,0,0,0,0,0,0,0,0,0,0,0,0,0,0,0,0,0,0,0,0,0,0,0,0,0,0,0,0,0,0,0,0,0,0,0,0,0,0,0,0,0,
Participant,7_3,11_49_52,3.2324,0,0,0,3.232396,0.0000,0.0000,0.0000,0.0000,0.0000,0.0000,3.560388,3.545977,3.553183,-0.0514195,,,,,0,0,0,0,0,0,0,0,0,0,0,0,0,0,0,0,0,0,0,0,0,0,0,0,0,0,0,0,0,0,0,0,0,0,0,0,0,0,0,0,0,0,0,0,0,0,0,0,0,0,0,
Participant,7_3,11_49_52,3.2361,0,0,0,3.236098,0.0000,0.0000,0.0000,0.0000,0.0000,0.0000,3.553423,3.548158,3.550791,-0.05381155,,,,,0,0,0,0,0,0,0,0,0,0,0,0,0,0,0,0,0,0,0,0,0,0,0,0,0,0,0,0,0,0,0,0,0,0,0,0,0,0,0,0,0,0,0,0,0,0,0,0,0,0,0,
Participant,7_3,11_49_52,3.2394,0,0,0,3.239442,0.0000,0.0000,0.0000,0.0000,0.0000,0.0000,3.572863,3.527183,3.550023,-0.0545795,,,,,0,0,0,0,0,0,0,0,0,0,0,0,0,0,0,0,0,0,0,0,0,0,0,0,0,0,0,0,0,0,0,0,0,0,0,0,0,0,0,0,0,0,0,0,0,0,0,0,0,0,0,
Participant,7_3,11_49_52,3.2427,0,0,0,3.242719,0.0000,0.0000,0.0000,0.0000,0.0000,0.0000,3.560548,3.573785,3.567167,-0.03743553,,,,,0,0,0,0,0,0,0,0,0,0,0,0,0,0,0,0,0,0,0,0,0,0,0,0,0,0,0,0,0,0,0,0,0,0,0,0,0,0,0,0,0,0,0,0,0,0,0,0,0,0,0,
Participant,7_3,11_49_52,3.2470,0,0,0,3.247045,0.0000,0.0000,0.0000,0.0000,0.0000,0.0000,3.56505,3.546581,3.555816,-0.0487864,,,,,0,0,0,0,0,0,0,0,0,0,0,0,0,0,0,0,0,0,0,0,0,0,0,0,0,0,0,0,0,0,0,0,0,0,0,0,0,0,0,0,0,0,0,0,0,0,0,0,0,0,0,
Participant,7_3,11_49_52,3.2502,0,0,0,3.25024,0.0000,0.0000,0.0000,0.0000,0.0000,0.0000,3.543209,3.535875,3.539542,-0.06506014,,,,,0,0,0,0,0,0,0,0,0,0,0,0,0,0,0,0,0,0,0,0,0,0,0,0,0,0,0,0,0,0,0,0,0,0,0,0,0,0,0,0,0,0,0,0,0,0,0,0,0,0,0,
Participant,7_3,11_49_52,3.2534,0,0,0,3.253448,0.0000,0.0000,0.0000,0.0000,0.0000,0.0000,3.526685,3.551546,3.539116,-0.06548619,,,,,0,0,0,0,0,0,0,0,0,0,0,0,0,0,0,0,0,0,0,0,0,0,0,0,0,0,0,0,0,0,0,0,0,0,0,0,0,0,0,0,0,0,0,0,0,0,0,0,0,0,0,
Participant,7_3,11_49_52,3.2571,0,0,0,3.25709,0.0000,0.0000,0.0000,0.0000,0.0000,0.0000,3.537332,3.531502,3.534417,-0.07018542,,,,,0,0,0,0,0,0,0,0,0,0,0,0,0,0,0,0,0,0,0,0,0,0,0,0,0,0,0,0,0,0,0,0,0,0,0,0,0,0,0,0,0,0,0,0,0,0,0,0,0,0,0,
Participant,7_3,11_49_52,3.2603,0,0,0,3.260279,0.0000,0.0000,0.0000,0.0000,0.0000,0.0000,3.571333,3.544822,3.558077,-0.04652476,,,,,0,0,0,0,0,0,0,0,0,0,0,0,0,0,0,0,0,0,0,0,0,0,0,0,0,0,0,0,0,0,0,0,0,0,0,0,0,0,0,0,0,0,0,0,0,0,0,0,0,0,0,
Participant,7_3,11_49_52,3.2638,0,0,0,3.263775,0.0000,0.0000,0.0000,0.0000,0.0000,0.0000,3.540612,3.553158,3.546885,-0.05771756,,,,,0,0,0,0,0,0,0,0,0,0,0,0,0,0,0,0,0,0,0,0,0,0,0,0,0,0,0,0,0,0,0,0,0,0,0,0,0,0,0,0,0,0,0,0,0,0,0,0,0,0,0,
Participant,7_3,11_49_52,3.2674,0,0,0,3.267399,0.0000,0.0000,0.0000,0.0000,0.0000,0.0000,3.532535,3.570649,3.551592,-0.05300999,,,,,0,0,0,0,0,0,0,0,0,0,0,0,0,0,0,0,0,0,0,0,0,0,0,0,0,0,0,0,0,0,0,0,0,0,0,0,0,0,0,0,0,0,0,0,0,0,0,0,0,0,0,
Participant,7_3,11_49_52,3.2706,0,0,0,3.270595,0.0000,0.0000,0.0000,0.0000,0.0000,0.0000,3.544684,3.54826,3.546472,-0.05812979,,,,,0,0,0,0,0,0,0,0,0,0,0,0,0,0,0,0,0,0,0,0,0,0,0,0,0,0,0,0,0,0,0,0,0,0,0,0,0,0,0,0,0,0,0,0,0,0,0,0,0,0,0,
Participant,7_3,11_49_52,3.2738,0,0,0,3.273821,0.0000,0.0000,0.0000,0.0000,0.0000,0.0000,3.551356,3.584929,3.568143,-0.03645921,,,,,0,0,0,0,0,0,0,0,0,0,0,0,0,0,0,0,0,0,0,0,0,0,0,0,0,0,0,0,0,0,0,0,0,0,0,0,0,0,0,0,0,0,0,0,0,0,0,0,0,0,0,
Participant,7_3,11_49_52,3.2772,0,0,0,3.27721,0.0000,0.0000,0.0000,0.0000,0.0000,0.0000,3.578829,3.589391,3.58411,-0.02049232,,,,,0,0,0,0,0,0,0,0,0,0,0,0,0,0,0,0,0,0,0,0,0,0,0,0,0,0,0,0,0,0,0,0,0,0,0,0,0,0,0,0,0,0,0,0,0,0,0,0,0,0,0,
Participant,7_3,11_49_52,3.2805,0,0,0,3.280504,0.0000,0.0000,0.0000,0.0000,0.0000,0.0000,3.595858,3.550271,3.573064,-0.03153777,,,,,0,0,0,0,0,0,0,0,0,0,0,0,0,0,0,0,0,0,0,0,0,0,0,0,0,0,0,0,0,0,0,0,0,0,0,0,0,0,0,0,0,0,0,0,0,0,0,0,0,0,0,
Participant,7_3,11_49_52,3.2842,0,0,0,3.284225,0.0000,0.0000,0.0000,0.0000,0.0000,0.0000,3.554487,3.540772,3.547629,-0.05697274,,,,,0,0,0,0,0,0,0,0,0,0,0,0,0,0,0,0,0,0,0,0,0,0,0,0,0,0,0,0,0,0,0,0,0,0,0,0,0,0,0,0,0,0,0,0,0,0,0,0,0,0,0,
Participant,7_3,11_49_52,3.2874,0,0,0,3.287426,0.0000,0.0000,0.0000,0.0000,0.0000,0.0000,3.549642,3.57629,3.562966,-0.04163647,,,,,0,0,0,0,0,0,0,0,0,0,0,0,0,0,0,0,0,0,0,0,0,0,0,0,0,0,0,0,0,0,0,0,0,0,0,0,0,0,0,0,0,0,0,0,0,0,0,0,0,0,0,
Participant,7_3,11_49_52,3.2906,0,0,0,3.290588,0.0000,0.0000,0.0000,0.0000,0.0000,0.0000,3.568953,3.568318,3.568636,-0.0359664,,,,,0,0,0,0,0,0,0,0,0,0,0,0,0,0,0,0,0,0,0,0,0,0,0,0,0,0,0,0,0,0,0,0,0,0,0,0,0,0,0,0,0,0,0,0,0,0,0,0,0,0,0,
Participant,7_3,11_49_52,3.2937,0,0,0,3.293746,0.0000,0.0000,0.0000,0.0000,0.0000,0.0000,3.599641,3.582998,3.59132,-0.01328254,,,,,0,0,0,0,0,0,0,0,0,0,0,0,0,0,0,0,0,0,0,0,0,0,0,0,0,0,0,0,0,0,0,0,0,0,0,0,0,0,0,0,0,0,0,0,0,0,0,0,0,0,0,
Participant,7_3,11_49_52,3.2969,0,0,0,3.296905,0.0000,0.0000,0.0000,0.0000,0.0000,0.0000,3.558767,3.572532,3.56565,-0.03895259,,,,,0,0,0,0,0,0,0,0,0,0,0,0,0,0,0,0,0,0,0,0,0,0,0,0,0,0,0,0,0,0,0,0,0,0,0,0,0,0,0,0,0,0,0,0,0,0,0,0,0,0,0,
Participant,7_3,11_49_52,3.3003,0,0,0,3.300273,0.0000,0.0000,0.0000,0.0000,0.0000,0.0000,3.554279,3.605549,3.579914,-0.02468848,,,,,0,0,0,0,0,0,0,0,0,0,0,0,0,0,0,0,0,0,0,0,0,0,0,0,0,0,0,0,0,0,0,0,0,0,0,0,0,0,0,0,0,0,0,0,0,0,0,0,0,0,0,
Participant,7_3,11_49_52,3.3037,0,0,0,3.303683,0.0000,0.0000,0.0000,0.0000,0.0000,0.0000,3.57953,3.603298,3.591414,-0.01318789,,,,,0,0,0,0,0,0,0,0,0,0,0,0,0,0,0,0,0,0,0,0,0,0,0,0,0,0,0,0,0,0,0,0,0,0,0,0,0,0,0,0,0,0,0,0,0,0,0,0,0,0,0,
Participant,7_3,11_49_52,3.3069,0,0,0,3.306935,0.0000,0.0000,0.0000,0.0000,0.0000,0.0000,3.567542,3.558086,3.562814,-0.04178786,,,,,0,0,0,0,0,0,0,0,0,0,0,0,0,0,0,0,0,0,0,0,0,0,0,0,0,0,0,0,0,0,0,0,0,0,0,0,0,0,0,0,0,0,0,0,0,0,0,0,0,0,0,
Participant,7_3,11_49_52,3.3101,0,0,0,3.310109,0.0000,0.0000,0.0000,0.0000,0.0000,0.0000,3.56706,3.587661,3.577361,-0.02724147,,,,,0,0,0,0,0,0,0,0,0,0,0,0,0,0,0,0,0,0,0,0,0,0,0,0,0,0,0,0,0,0,0,0,0,0,0,0,0,0,0,0,0,0,0,0,0,0,0,0,0,0,0,
Participant,7_3,11_49_52,3.3132,0,0,0,3.313246,0.0000,0.0000,0.0000,0.0000,0.0000,0.0000,3.591553,3.564888,3.578221,-0.02638125,,,,,0,0,0,0,0,0,0,0,0,0,0,0,0,0,0,0,0,0,0,0,0,0,0,0,0,0,0,0,0,0,0,0,0,0,0,0,0,0,0,0,0,0,0,0,0,0,0,0,0,0,0,
Participant,7_3,11_49_52,3.3167,0,0,0,3.316672,0.0000,0.0000,0.0000,0.0000,0.0000,0.0000,3.585622,3.562085,3.573854,-0.03074837,,,,,0,0,0,0,0,0,0,0,0,0,0,0,0,0,0,0,0,0,0,0,0,0,0,0,0,0,0,0,0,0,0,0,0,0,0,0,0,0,0,0,0,0,0,0,0,0,0,0,0,0,0,
Participant,7_3,11_49_52,3.3200,0,0,0,3.32004,0.0000,0.0000,0.0000,0.0000,0.0000,0.0000,3.572305,3.574283,3.573294,-0.03130794,,,,,0,0,0,0,0,0,0,0,0,0,0,0,0,0,0,0,0,0,0,0,0,0,0,0,0,0,0,0,0,0,0,0,0,0,0,0,0,0,0,0,0,0,0,0,0,0,0,0,0,0,0,
Participant,7_3,11_49_52,3.3235,0,0,0,3.323525,0.0000,0.0000,0.0000,0.0000,0.0000,0.0000,3.571783,3.581253,3.576518,-0.02808404,,,,,0,0,0,0,0,0,0,0,0,0,0,0,0,0,0,0,0,0,0,0,0,0,0,0,0,0,0,0,0,0,0,0,0,0,0,0,0,0,0,0,0,0,0,0,0,0,0,0,0,0,0,
Participant,7_3,11_49_52,3.3268,0,0,0,3.326842,0.0000,0.0000,0.0000,0.0000,0.0000,0.0000,3.574892,3.609231,3.592062,-0.01254058,,,,,0,0,0,0,0,0,0,0,0,0,0,0,0,0,0,0,0,0,0,0,0,0,0,0,0,0,0,0,0,0,0,0,0,0,0,0,0,0,0,0,0,0,0,0,0,0,0,0,0,0,0,
Participant,7_3,11_49_52,3.3300,0,0,0,3.330019,0.0000,0.0000,0.0000,0.0000,0.0000,0.0000,3.592519,3.595717,3.594118,-0.01048398,,,,,0,0,0,0,0,0,0,0,0,0,0,0,0,0,0,0,0,0,0,0,0,0,0,0,0,0,0,0,0,0,0,0,0,0,0,0,0,0,0,0,0,0,0,0,0,0,0,0,0,0,0,
Participant,7_3,11_49_52,3.3336,0,0,0,3.33362,0.0000,0.0000,0.0000,0.0000,0.0000,0.0000,3.587395,3.576392,3.581893,-0.02270865,,,,,0,0,0,0,0,0,0,0,0,0,0,0,0,0,0,0,0,0,0,0,0,0,0,0,0,0,0,0,0,0,0,0,0,0,0,0,0,0,0,0,0,0,0,0,0,0,0,0,0,0,0,
Participant,7_3,11_49_52,3.3368,0,0,0,3.336757,0.0000,0.0000,0.0000,0.0000,0.0000,0.0000,3.570748,3.606241,3.588495,-0.01610756,,,,,0,0,0,0,0,0,0,0,0,0,0,0,0,0,0,0,0,0,0,0,0,0,0,0,0,0,0,0,0,0,0,0,0,0,0,0,0,0,0,0,0,0,0,0,0,0,0,0,0,0,0,
Participant,7_3,11_49_52,3.3400,0,0,0,3.339989,0.0000,0.0000,0.0000,0.0000,0.0000,0.0000,3.618973,3.607593,3.613283,0.008681059,,,,,0,0,0,0,0,0,0,0,0,0,0,0,0,0,0,0,0,0,0,0,0,0,0,0,0,0,0,0,0,0,0,0,0,0,0,0,0,0,0,0,0,0,0,0,0,0,0,0,0,0,0,
Participant,7_3,11_49_52,3.3433,0,0,0,3.343255,0.0000,0.0000,0.0000,0.0000,0.0000,0.0000,3.61992,3.57012,3.59502,-0.009581804,,,,,0,0,0,0,0,0,0,0,0,0,0,0,0,0,0,0,0,0,0,0,0,0,0,0,0,0,0,0,0,0,0,0,0,0,0,0,0,0,0,0,0,0,0,0,0,0,0,0,0,0,0,
Participant,7_3,11_49_52,3.3468,0,0,0,3.346807,0.0000,0.0000,0.0000,0.0000,0.0000,0.0000,3.610693,3.573521,3.592107,-0.01249528,,,,,0,0,0,0,0,0,0,0,0,0,0,0,0,0,0,0,0,0,0,0,0,0,0,0,0,0,0,0,0,0,0,0,0,0,0,0,0,0,0,0,0,0,0,0,0,0,0,0,0,0,0,
Participant,7_3,11_49_52,3.3503,0,0,0,3.350289,0.0000,0.0000,0.0000,0.0000,0.0000,0.0000,3.614592,3.572613,3.593603,-0.01099944,,,,,0,0,0,0,0,0,0,0,0,0,0,0,0,0,0,0,0,0,0,0,0,0,0,0,0,0,0,0,0,0,0,0,0,0,0,0,0,0,0,0,0,0,0,0,0,0,0,0,0,0,0,
Participant,7_3,11_49_52,3.3537,0,0,0,3.353721,0.0000,0.0000,0.0000,0.0000,0.0000,0.0000,3.616999,3.618686,3.617842,0.0132401,,,,,0,0,0,0,0,0,0,0,0,0,0,0,0,0,0,0,0,0,0,0,0,0,0,0,0,0,0,0,0,0,0,0,0,0,0,0,0,0,0,0,0,0,0,0,0,0,0,0,0,0,0,
Participant,7_3,11_49_52,3.3569,0,0,0,3.356872,0.0000,0.0000,0.0000,0.0000,0.0000,0.0000,3.605789,3.579102,3.592445,-0.01215672,,,,,0,0,0,0,0,0,0,0,0,0,0,0,0,0,0,0,0,0,0,0,0,0,0,0,0,0,0,0,0,0,0,0,0,0,0,0,0,0,0,0,0,0,0,0,0,0,0,0,0,0,0,
Participant,7_3,11_49_52,3.3600,0,0,0,3.360003,0.0000,0.0000,0.0000,0.0000,0.0000,0.0000,3.631375,3.633973,3.632674,0.02807164,,,,,0,0,0,0,0,0,0,0,0,0,0,0,0,0,0,0,0,0,0,0,0,0,0,0,0,0,0,0,0,0,0,0,0,0,0,0,0,0,0,0,0,0,0,0,0,0,0,0,0,0,0,
Participant,7_3,11_49_52,3.3634,0,0,0,3.363369,0.0000,0.0000,0.0000,0.0000,0.0000,0.0000,3.601905,3.588407,3.595156,-0.009446144,,,,,0,0,0,0,0,0,0,0,0,0,0,0,0,0,0,0,0,0,0,0,0,0,0,0,0,0,0,0,0,0,0,0,0,0,0,0,0,0,0,0,0,0,0,0,0,0,0,0,0,0,0,
Participant,7_3,11_49_52,3.3668,0,0,0,3.366795,0.0000,0.0000,0.0000,0.0000,0.0000,0.0000,3.622403,3.62526,3.623832,0.01922941,,,,,0,0,0,0,0,0,0,0,0,0,0,0,0,0,0,0,0,0,0,0,0,0,0,0,0,0,0,0,0,0,0,0,0,0,0,0,0,0,0,0,0,0,0,0,0,0,0,0,0,0,0,
Participant,7_3,11_49_52,3.3702,0,0,0,3.370167,0.0000,0.0000,0.0000,0.0000,0.0000,0.0000,3.605961,3.609478,3.60772,0.0031178,,,,,0,0,0,0,0,0,0,0,0,0,0,0,0,0,0,0,0,0,0,0,0,0,0,0,0,0,0,0,0,0,0,0,0,0,0,0,0,0,0,0,0,0,0,0,0,0,0,0,0,0,0,
Participant,7_3,11_49_52,3.3734,0,0,0,3.373384,0.0000,0.0000,0.0000,0.0000,0.0000,0.0000,3.620939,3.589483,3.605211,0.0006091595,,,,,0,0,0,0,0,0,0,0,0,0,0,0,0,0,0,0,0,0,0,0,0,0,0,0,0,0,0,0,0,0,0,0,0,0,0,0,0,0,0,0,0,0,0,0,0,0,0,0,0,0,0,
Participant,7_3,11_49_52,3.3767,0,0,0,3.376721,0.0000,0.0000,0.0000,0.0000,0.0000,0.0000,3.593883,3.588322,3.591103,-0.0134995,,,,,0,0,0,0,0,0,0,0,0,0,0,0,0,0,0,0,0,0,0,0,0,0,0,0,0,0,0,0,0,0,0,0,0,0,0,0,0,0,0,0,0,0,0,0,0,0,0,0,0,0,0,
Participant,7_3,11_49_52,3.3799,0,0,0,3.37991,0.0000,0.0000,0.0000,0.0000,0.0000,0.0000,3.613925,3.623941,3.618933,0.0143311,,,,,0,0,0,0,0,0,0,0,0,0,0,0,0,0,0,0,0,0,0,0,0,0,0,0,0,0,0,0,0,0,0,0,0,0,0,0,0,0,0,0,0,0,0,0,0,0,0,0,0,0,0,
Participant,7_3,11_49_52,3.3835,0,0,0,3.383527,0.0000,0.0000,0.0000,0.0000,0.0000,0.0000,3.611863,3.622624,3.617244,0.01264143,,,,,0,0,0,0,0,0,0,0,0,0,0,0,0,0,0,0,0,0,0,0,0,0,0,0,0,0,0,0,0,0,0,0,0,0,0,0,0,0,0,0,0,0,0,0,0,0,0,0,0,0,0,
Participant,7_3,11_49_52,3.3869,0,0,0,3.3869,0.0000,0.0000,0.0000,0.0000,0.0000,0.0000,3.607141,3.595059,3.6011,-0.003502131,,,,,0,0,0,0,0,0,0,0,0,0,0,0,0,0,0,0,0,0,0,0,0,0,0,0,0,0,0,0,0,0,0,0,0,0,0,0,0,0,0,0,0,0,0,0,0,0,0,0,0,0,0,
Participant,7_3,11_49_52,3.3900,0,0,0,3.390035,0.0000,0.0000,0.0000,0.0000,0.0000,0.0000,3.640405,3.597111,3.618758,0.01415563,,,,,0,0,0,0,0,0,0,0,0,0,0,0,0,0,0,0,0,0,0,0,0,0,0,0,0,0,0,0,0,0,0,0,0,0,0,0,0,0,0,0,0,0,0,0,0,0,0,0,0,0,0,
Participant,7_3,11_49_52,3.3932,0,0,0,3.393161,0.0000,0.0000,0.0000,0.0000,0.0000,0.0000,3.648876,3.644251,3.646564,0.04196143,,,,,0,0,0,0,0,0,0,0,0,0,0,0,0,0,0,0,0,0,0,0,0,0,0,0,0,0,0,0,0,0,0,0,0,0,0,0,0,0,0,0,0,0,0,0,0,0,0,0,0,0,0,
Participant,7_3,11_49_52,3.3964,0,0,0,3.396388,0.0000,0.0000,0.0000,0.0000,0.0000,0.0000,3.620249,3.600146,3.610198,0.005595446,,,,,0,0,0,0,0,0,0,0,0,0,0,0,0,0,0,0,0,0,0,0,0,0,0,0,0,0,0,0,0,0,0,0,0,0,0,0,0,0,0,0,0,0,0,0,0,0,0,0,0,0,0,
Participant,7_3,11_49_52,3.3999,0,0,0,3.399902,0.0000,0.0000,0.0000,0.0000,0.0000,0.0000,3.618686,3.649097,3.633892,0.02928948,,,,,0,0,0,0,0,0,0,0,0,0,0,0,0,0,0,0,0,0,0,0,0,0,0,0,0,0,0,0,0,0,0,0,0,0,0,0,0,0,0,0,0,0,0,0,0,0,0,0,0,0,0,
Participant,7_3,11_49_52,3.4033,0,0,0,3.403261,0.0000,0.0000,0.0000,0.0000,0.0000,0.0000,3.602124,3.637293,3.619709,0.01510644,,,,,0,0,0,0,0,0,0,0,0,0,0,0,0,0,0,0,0,0,0,0,0,0,0,0,0,0,0,0,0,0,0,0,0,0,0,0,0,0,0,0,0,0,0,0,0,0,0,0,0,0,0,
Participant,7_3,11_49_52,3.4067,0,0,0,3.406744,0.0000,0.0000,0.0000,0.0000,0.0000,0.0000,3.602196,3.613413,3.607804,0.003201962,,,,,0,0,0,0,0,0,0,0,0,0,0,0,0,0,0,0,0,0,0,0,0,0,0,0,0,0,0,0,0,0,0,0,0,0,0,0,0,0,0,0,0,0,0,0,0,0,0,0,0,0,0,
Participant,7_3,11_49_52,3.4099,0,0,0,3.409937,0.0000,0.0000,0.0000,0.0000,0.0000,0.0000,3.602996,3.612648,3.607822,0.003219843,,,,,0,0,0,0,0,0,0,0,0,0,0,0,0,0,0,0,0,0,0,0,0,0,0,0,0,0,0,0,0,0,0,0,0,0,0,0,0,0,0,0,0,0,0,0,0,0,0,0,0,0,0,
Participant,7_3,11_49_52,3.4132,0,0,0,3.413249,0.0000,0.0000,0.0000,0.0000,0.0000,0.0000,3.633162,3.614441,3.623802,0.01919985,,,,,0,0,0,0,0,0,0,0,0,0,0,0,0,0,0,0,0,0,0,0,0,0,0,0,0,0,0,0,0,0,0,0,0,0,0,0,0,0,0,0,0,0,0,0,0,0,0,0,0,0,0,
Participant,7_3,11_49_52,3.4170,0,0,0,3.416986,0.0000,0.0000,0.0000,0.0000,0.0000,0.0000,3.659731,3.641547,3.650639,0.04603696,,,,,0,0,0,0,0,0,0,0,0,0,0,0,0,0,0,0,0,0,0,0,0,0,0,0,0,0,0,0,0,0,0,0,0,0,0,0,0,0,0,0,0,0,0,0,0,0,0,0,0,0,0,
Participant,7_3,11_49_52,3.4202,0,0,0,3.420199,0.0000,0.0000,0.0000,0.0000,0.0000,0.0000,3.630796,3.608869,3.619833,0.01523042,,,,,0,0,0,0,0,0,0,0,0,0,0,0,0,0,0,0,0,0,0,0,0,0,0,0,0,0,0,0,0,0,0,0,0,0,0,0,0,0,0,0,0,0,0,0,0,0,0,0,0,0,0,
Participant,7_3,11_49_52,3.4237,0,0,0,3.423725,0.0000,0.0000,0.0000,0.0000,0.0000,0.0000,3.648668,3.651999,3.650333,0.04573131,,,,,0,0,0,0,0,0,0,0,0,0,0,0,0,0,0,0,0,0,0,0,0,0,0,0,0,0,0,0,0,0,0,0,0,0,0,0,0,0,0,0,0,0,0,0,0,0,0,0,0,0,0,
Participant,7_3,11_49_52,3.4269,0,0,0,3.426893,0.0000,0.0000,0.0000,0.0000,0.0000,0.0000,3.654007,3.639354,3.646681,0.0420785,,,,,0,0,0,0,0,0,0,0,0,0,0,0,0,0,0,0,0,0,0,0,0,0,0,0,0,0,0,0,0,0,0,0,0,0,0,0,0,0,0,0,0,0,0,0,0,0,0,0,0,0,0,
Participant,7_3,11_49_52,3.4384,0,0,0,3.438397,0.0000,0.0000,0.0000,0.0000,0.0000,0.0000,3.641056,3.645235,3.643146,0.03854346,,,,,0,0,0,0,0,0,0,0,0,0,0,0,0,0,0,0,0,0,0,0,0,0,0,0,0,0,0,0,0,0,0,0,0,0,0,0,0,0,0,0,0,0,0,0,0,0,0,0,0,0,0,
Participant,7_3,11_49_52,3.4416,0,0,0,3.441554,0.0000,0.0000,0.0000,0.0000,0.0000,0.0000,3.663543,3.615448,3.639495,0.0348928,,,,,0,0,0,0,0,0,0,0,0,0,0,0,0,0,0,0,0,0,0,0,0,0,0,0,0,0,0,0,0,0,0,0,0,0,0,0,0,0,0,0,0,0,0,0,0,0,0,0,0,0,0,
Participant,7_3,11_49_52,3.4451,0,0,0,3.44506,0.0000,0.0000,0.0000,0.0000,0.0000,0.0000,3.664112,3.631094,3.647603,0.0430007,,,,,0,0,0,0,0,0,0,0,0,0,0,0,0,0,0,0,0,0,0,0,0,0,0,0,0,0,0,0,0,0,0,0,0,0,0,0,0,0,0,0,0,0,0,0,0,0,0,0,0,0,0,
Participant,7_3,11_49_52,3.4488,0,0,0,3.448771,0.0000,0.0000,0.0000,0.0000,0.0000,0.0000,3.642191,3.64975,3.64597,0.04136801,,,,,0,0,0,0,0,0,0,0,0,0,0,0,0,0,0,0,0,0,0,0,0,0,0,0,0,0,0,0,0,0,0,0,0,0,0,0,0,0,0,0,0,0,0,0,0,0,0,0,0,0,0,
Participant,7_3,11_49_52,3.4520,0,0,0,3.452013,0.0000,0.0000,0.0000,0.0000,0.0000,0.0000,3.631151,3.646038,3.638594,0.03399229,,,,,0,0,0,0,0,0,0,0,0,0,0,0,0,0,0,0,0,0,0,0,0,0,0,0,0,0,0,0,0,0,0,0,0,0,0,0,0,0,0,0,0,0,0,0,0,0,0,0,0,0,0,
Participant,7_3,11_49_52,3.4552,0,0,0,3.455215,0.0000,0.0000,0.0000,0.0000,0.0000,0.0000,3.675035,3.629429,3.652232,0.04763031,,,,,0,0,0,0,0,0,0,0,0,0,0,0,0,0,0,0,0,0,0,0,0,0,0,0,0,0,0,0,0,0,0,0,0,0,0,0,0,0,0,0,0,0,0,0,0,0,0,0,0,0,0,
Participant,7_3,11_49_52,3.4586,0,0,0,3.458615,0.0000,0.0000,0.0000,0.0000,0.0000,0.0000,3.633867,3.650584,3.642225,0.03762317,,,,,0,0,0,0,0,0,0,0,0,0,0,0,0,0,0,0,0,0,0,0,0,0,0,0,0,0,0,0,0,0,0,0,0,0,0,0,0,0,0,0,0,0,0,0,0,0,0,0,0,0,0,
Participant,7_3,11_49_52,3.4618,0,0,0,3.461841,0.0000,0.0000,0.0000,0.0000,0.0000,0.0000,3.656697,3.640233,3.648465,0.04386306,,,,,0,0,0,0,0,0,0,0,0,0,0,0,0,0,0,0,0,0,0,0,0,0,0,0,0,0,0,0,0,0,0,0,0,0,0,0,0,0,0,0,0,0,0,0,0,0,0,0,0,0,0,
Participant,7_3,11_49_52,3.4655,0,0,0,3.465453,0.0000,0.0000,0.0000,0.0000,0.0000,0.0000,3.649754,3.678283,3.664019,0.05941653,,,,,0,0,0,0,0,0,0,0,0,0,0,0,0,0,0,0,0,0,0,0,0,0,0,0,0,0,0,0,0,0,0,0,0,0,0,0,0,0,0,0,0,0,0,0,0,0,0,0,0,0,0,
Participant,7_3,11_49_52,3.4688,0,0,0,3.468803,0.0000,0.0000,0.0000,0.0000,0.0000,0.0000,3.654208,3.650198,3.652203,0.04760098,,,,,0,0,0,0,0,0,0,0,0,0,0,0,0,0,0,0,0,0,0,0,0,0,0,0,0,0,0,0,0,0,0,0,0,0,0,0,0,0,0,0,0,0,0,0,0,0,0,0,0,0,0,
Participant,7_3,11_49_52,3.4722,0,0,0,3.472179,0.0000,0.0000,0.0000,0.0000,0.0000,0.0000,3.634981,3.639437,3.637209,0.03260732,,,,,0,0,0,0,0,0,0,0,0,0,0,0,0,0,0,0,0,0,0,0,0,0,0,0,0,0,0,0,0,0,0,0,0,0,0,0,0,0,0,0,0,0,0,0,0,0,0,0,0,0,0,
Participant,7_3,11_49_52,3.4754,0,0,0,3.475368,0.0000,0.0000,0.0000,0.0000,0.0000,0.0000,3.663545,3.633697,3.648621,0.04401898,,,,,0,0,0,0,0,0,0,0,0,0,0,0,0,0,0,0,0,0,0,0,0,0,0,0,0,0,0,0,0,0,0,0,0,0,0,0,0,0,0,0,0,0,0,0,0,0,0,0,0,0,0,
Participant,7_3,11_49_52,3.4787,0,0,0,3.478674,0.0000,0.0000,0.0000,0.0000,0.0000,0.0000,3.637914,3.67421,3.656062,0.05146003,,,,,0,0,0,0,0,0,0,0,0,0,0,0,0,0,0,0,0,0,0,0,0,0,0,0,0,0,0,0,0,0,0,0,0,0,0,0,0,0,0,0,0,0,0,0,0,0,0,0,0,0,0,
Participant,7_3,11_49_52,3.4823,0,0,0,3.482307,0.0000,0.0000,0.0000,0.0000,0.0000,0.0000,3.683685,3.647452,3.665568,0.06096601,,,,,0,0,0,0,0,0,0,0,0,0,0,0,0,0,0,0,0,0,0,0,0,0,0,0,0,0,0,0,0,0,0,0,0,0,0,0,0,0,0,0,0,0,0,0,0,0,0,0,0,0,0,
Participant,7_3,11_49_52,3.4857,0,0,0,3.485702,0.0000,0.0000,0.0000,0.0000,0.0000,0.0000,3.673443,3.669769,3.671606,0.06700373,,,,,0,0,0,0,0,0,0,0,0,0,0,0,0,0,0,0,0,0,0,0,0,0,0,0,0,0,0,0,0,0,0,0,0,0,0,0,0,0,0,0,0,0,0,0,0,0,0,0,0,0,0,
Participant,7_3,11_49_52,3.4889,0,0,0,3.488871,0.0000,0.0000,0.0000,0.0000,0.0000,0.0000,3.645265,3.676557,3.660911,0.05630851,,,,,0,0,0,0,0,0,0,0,0,0,0,0,0,0,0,0,0,0,0,0,0,0,0,0,0,0,0,0,0,0,0,0,0,0,0,0,0,0,0,0,0,0,0,0,0,0,0,0,0,0,0,
Participant,7_3,11_49_52,3.4921,0,0,0,3.492126,0.0000,0.0000,0.0000,0.0000,0.0000,0.0000,3.64688,3.655746,3.651313,0.04671073,,,,,0,0,0,0,0,0,0,0,0,0,0,0,0,0,0,0,0,0,0,0,0,0,0,0,0,0,0,0,0,0,0,0,0,0,0,0,0,0,0,0,0,0,0,0,0,0,0,0,0,0,0,
Participant,7_3,11_49_52,3.4955,0,0,0,3.495505,0.0000,0.0000,0.0000,0.0000,0.0000,0.0000,3.651333,3.677782,3.664558,0.05995584,,,,,0,0,0,0,0,0,0,0,0,0,0,0,0,0,0,0,0,0,0,0,0,0,0,0,0,0,0,0,0,0,0,0,0,0,0,0,0,0,0,0,0,0,0,0,0,0,0,0,0,0,0,
Participant,7_3,11_49_52,3.4989,0,0,0,3.498878,0.0000,0.0000,0.0000,0.0000,0.0000,0.0000,3.658104,3.65848,3.658292,0.05368972,,,,,0,0,0,0,0,0,0,0,0,0,0,0,0,0,0,0,0,0,0,0,0,0,0,0,0,0,0,0,0,0,0,0,0,0,0,0,0,0,0,0,0,0,0,0,0,0,0,0,0,0,0,
Participant,7_3,11_49_52,3.5021,0,0,0,3.502142,0.0000,0.0000,0.0000,0.0000,0.0000,0.0000,3.687178,3.680791,3.683985,0.07938266,,,,,0,0,0,0,0,0,0,0,0,0,0,0,0,0,0,0,0,0,0,0,0,0,0,0,0,0,0,0,0,0,0,0,0,0,0,0,0,0,0,0,0,0,0,0,0,0,0,0,0,0,0,
Participant,7_3,11_49_52,3.5056,0,0,0,3.505619,0.0000,0.0000,0.0000,0.0000,0.0000,0.0000,3.653571,3.657896,3.655734,0.05113173,,,,,0,0,0,0,0,0,0,0,0,0,0,0,0,0,0,0,0,0,0,0,0,0,0,0,0,0,0,0,0,0,0,0,0,0,0,0,0,0,0,0,0,0,0,0,0,0,0,0,0,0,0,
Participant,7_3,11_49_52,3.5090,0,0,0,3.50902,0.0000,0.0000,0.0000,0.0000,0.0000,0.0000,3.654517,3.660994,3.657755,0.05315328,,,,,0,0,0,0,0,0,0,0,0,0,0,0,0,0,0,0,0,0,0,0,0,0,0,0,0,0,0,0,0,0,0,0,0,0,0,0,0,0,0,0,0,0,0,0,0,0,0,0,0,0,0,
Participant,7_3,11_49_52,3.5125,0,0,0,3.51246,0.0000,0.0000,0.0000,0.0000,0.0000,0.0000,3.649081,3.692462,3.670772,0.0661695,,,,,0,0,0,0,0,0,0,0,0,0,0,0,0,0,0,0,0,0,0,0,0,0,0,0,0,0,0,0,0,0,0,0,0,0,0,0,0,0,0,0,0,0,0,0,0,0,0,0,0,0,0,
Participant,7_3,11_49_52,3.5159,0,0,0,3.515916,0.0000,0.0000,0.0000,0.0000,0.0000,0.0000,3.691337,3.660268,3.675802,0.07120037,,,,,0,0,0,0,0,0,0,0,0,0,0,0,0,0,0,0,0,0,0,0,0,0,0,0,0,0,0,0,0,0,0,0,0,0,0,0,0,0,0,0,0,0,0,0,0,0,0,0,0,0,0,
Participant,7_3,11_49_52,3.5192,0,0,0,3.519188,0.0000,0.0000,0.0000,0.0000,0.0000,0.0000,3.663912,3.669533,3.666722,0.0621202,,,,,0,0,0,0,0,0,0,0,0,0,0,0,0,0,0,0,0,0,0,0,0,0,0,0,0,0,0,0,0,0,0,0,0,0,0,0,0,0,0,0,0,0,0,0,0,0,0,0,0,0,0,
Participant,7_3,11_49_52,3.5227,0,0,0,3.522659,0.0000,0.0000,0.0000,0.0000,0.0000,0.0000,3.662681,3.656657,3.659669,0.05506682,,,,,0,0,0,0,0,0,0,0,0,0,0,0,0,0,0,0,0,0,0,0,0,0,0,0,0,0,0,0,0,0,0,0,0,0,0,0,0,0,0,0,0,0,0,0,0,0,0,0,0,0,0,
Participant,7_3,11_49_52,3.5262,0,0,0,3.526159,0.0000,0.0000,0.0000,0.0000,0.0000,0.0000,3.677017,3.701272,3.689145,0.08454251,,,,,0,0,0,0,0,0,0,0,0,0,0,0,0,0,0,0,0,0,0,0,0,0,0,0,0,0,0,0,0,0,0,0,0,0,0,0,0,0,0,0,0,0,0,0,0,0,0,0,0,0,0,
Participant,7_3,11_49_52,3.5293,0,0,0,3.529294,0.0000,0.0000,0.0000,0.0000,0.0000,0.0000,3.681361,3.673946,3.677654,0.07305145,,,,,0,0,0,0,0,0,0,0,0,0,0,0,0,0,0,0,0,0,0,0,0,0,0,0,0,0,0,0,0,0,0,0,0,0,0,0,0,0,0,0,0,0,0,0,0,0,0,0,0,0,0,
Participant,7_3,11_49_52,3.5326,0,0,0,3.532588,0.0000,0.0000,0.0000,0.0000,0.0000,0.0000,3.679474,3.667889,3.673681,0.0690794,,,,,0,0,0,0,0,0,0,0,0,0,0,0,0,0,0,0,0,0,0,0,0,0,0,0,0,0,0,0,0,0,0,0,0,0,0,0,0,0,0,0,0,0,0,0,0,0,0,0,0,0,0,
Participant,7_3,11_49_52,3.5357,0,0,0,3.535723,0.0000,0.0000,0.0000,0.0000,0.0000,0.0000,3.670403,3.689866,3.680135,0.07553244,,,,,0,0,0,0,0,0,0,0,0,0,0,0,0,0,0,0,0,0,0,0,0,0,0,0,0,0,0,0,0,0,0,0,0,0,0,0,0,0,0,0,0,0,0,0,0,0,0,0,0,0,0,
Participant,7_3,11_49_52,3.5389,0,0,0,3.53893,0.0000,0.0000,0.0000,0.0000,0.0000,0.0000,3.661273,3.665552,3.663412,0.05881,,,,,0,0,0,0,0,0,0,0,0,0,0,0,0,0,0,0,0,0,0,0,0,0,0,0,0,0,0,0,0,0,0,0,0,0,0,0,0,0,0,0,0,0,0,0,0,0,0,0,0,0,0,
Participant,7_3,11_49_52,3.5423,0,0,0,3.542263,0.0000,0.0000,0.0000,0.0000,0.0000,0.0000,3.665834,3.694997,3.680415,0.07581306,,,,,0,0,0,0,0,0,0,0,0,0,0,0,0,0,0,0,0,0,0,0,0,0,0,0,0,0,0,0,0,0,0,0,0,0,0,0,0,0,0,0,0,0,0,0,0,0,0,0,0,0,0,
Participant,7_3,11_49_52,3.5458,0,0,0,3.545758,0.0000,0.0000,0.0000,0.0000,0.0000,0.0000,3.70578,3.675443,3.690612,0.08600974,,,,,0,0,0,0,0,0,0,0,0,0,0,0,0,0,0,0,0,0,0,0,0,0,0,0,0,0,0,0,0,0,0,0,0,0,0,0,0,0,0,0,0,0,0,0,0,0,0,0,0,0,0,
Participant,7_3,11_49_52,3.5492,0,0,0,3.549211,0.0000,0.0000,0.0000,0.0000,0.0000,0.0000,3.709577,3.654025,3.681801,0.07719922,,,,,0,0,0,0,0,0,0,0,0,0,0,0,0,0,0,0,0,0,0,0,0,0,0,0,0,0,0,0,0,0,0,0,0,0,0,0,0,0,0,0,0,0,0,0,0,0,0,0,0,0,0,
Participant,7_3,11_49_52,3.5526,0,0,0,3.552557,0.0000,0.0000,0.0000,0.0000,0.0000,0.0000,3.698933,3.71174,3.705337,0.1007345,,,,,0,0,0,0,0,0,0,0,0,0,0,0,0,0,0,0,0,0,0,0,0,0,0,0,0,0,0,0,0,0,0,0,0,0,0,0,0,0,0,0,0,0,0,0,0,0,0,0,0,0,0,
Participant,7_3,11_49_52,3.5558,0,0,0,3.55579,0.0000,0.0000,0.0000,0.0000,0.0000,0.0000,3.690707,3.713753,3.70223,0.09762812,,,,,0,0,0,0,0,0,0,0,0,0,0,0,0,0,0,0,0,0,0,0,0,0,0,0,0,0,0,0,0,0,0,0,0,0,0,0,0,0,0,0,0,0,0,0,0,0,0,0,0,0,0,
Participant,7_3,11_49_52,3.5591,0,0,0,3.559061,0.0000,0.0000,0.0000,0.0000,0.0000,0.0000,3.708052,3.657666,3.682859,0.07825732,,,,,0,0,0,0,0,0,0,0,0,0,0,0,0,0,0,0,0,0,0,0,0,0,0,0,0,0,0,0,0,0,0,0,0,0,0,0,0,0,0,0,0,0,0,0,0,0,0,0,0,0,0,
Participant,7_3,11_49_52,3.5624,0,0,0,3.562356,0.0000,0.0000,0.0000,0.0000,0.0000,0.0000,3.709954,3.705168,3.707561,0.1029589,,,,,0,0,0,0,0,0,0,0,0,0,0,0,0,0,0,0,0,0,0,0,0,0,0,0,0,0,0,0,0,0,0,0,0,0,0,0,0,0,0,0,0,0,0,0,0,0,0,0,0,0,0,
Participant,7_3,11_49_52,3.5662,0,0,0,3.566242,0.0000,0.0000,0.0000,0.0000,0.0000,0.0000,3.675798,3.663057,3.669428,0.06482577,,,,,0,0,0,0,0,0,0,0,0,0,0,0,0,0,0,0,0,0,0,0,0,0,0,0,0,0,0,0,0,0,0,0,0,0,0,0,0,0,0,0,0,0,0,0,0,0,0,0,0,0,0,
Participant,7_3,11_49_52,3.5696,0,0,0,3.569613,0.0000,0.0000,0.0000,0.0000,0.0000,0.0000,3.668313,3.686466,3.67739,0.07278752,,,,,0,0,0,0,0,0,0,0,0,0,0,0,0,0,0,0,0,0,0,0,0,0,0,0,0,0,0,0,0,0,0,0,0,0,0,0,0,0,0,0,0,0,0,0,0,0,0,0,0,0,0,
Participant,7_3,11_49_52,3.5729,0,0,0,3.572935,0.0000,0.0000,0.0000,0.0000,0.0000,0.0000,3.693168,3.705847,3.699507,0.09490538,,,,,0,0,0,0,0,0,0,0,0,0,0,0,0,0,0,0,0,0,0,0,0,0,0,0,0,0,0,0,0,0,0,0,0,0,0,0,0,0,0,0,0,0,0,0,0,0,0,0,0,0,0,
Participant,7_3,11_49_52,3.5761,0,0,0,3.576108,0.0000,0.0000,0.0000,0.0000,0.0000,0.0000,3.683903,3.673951,3.678927,0.07432485,,,,,0,0,0,0,0,0,0,0,0,0,0,0,0,0,0,0,0,0,0,0,0,0,0,0,0,0,0,0,0,0,0,0,0,0,0,0,0,0,0,0,0,0,0,0,0,0,0,0,0,0,0,
Participant,7_3,11_49_52,3.5793,0,0,0,3.579273,0.0000,0.0000,0.0000,0.0000,0.0000,0.0000,3.665572,3.67007,3.667821,0.06321883,,,,,0,0,0,0,0,0,0,0,0,0,0,0,0,0,0,0,0,0,0,0,0,0,0,0,0,0,0,0,0,0,0,0,0,0,0,0,0,0,0,0,0,0,0,0,0,0,0,0,0,0,0,
Participant,7_3,11_49_52,3.5824,0,0,0,3.582373,0.0000,0.0000,0.0000,0.0000,0.0000,0.0000,3.664891,3.709028,3.686959,0.08235693,,,,,0,0,0,0,0,0,0,0,0,0,0,0,0,0,0,0,0,0,0,0,0,0,0,0,0,0,0,0,0,0,0,0,0,0,0,0,0,0,0,0,0,0,0,0,0,0,0,0,0,0,0,
Participant,7_3,11_49_52,3.5857,0,0,0,3.585669,0.0000,0.0000,0.0000,0.0000,0.0000,0.0000,3.698452,3.694457,3.696455,0.09185266,,,,,0,0,0,0,0,0,0,0,0,0,0,0,0,0,0,0,0,0,0,0,0,0,0,0,0,0,0,0,0,0,0,0,0,0,0,0,0,0,0,0,0,0,0,0,0,0,0,0,0,0,0,
Participant,7_3,11_49_52,3.5889,0,0,0,3.588853,0.0000,0.0000,0.0000,0.0000,0.0000,0.0000,3.69159,3.717288,3.704439,0.0998373,,,,,0,0,0,0,0,0,0,0,0,0,0,0,0,0,0,0,0,0,0,0,0,0,0,0,0,0,0,0,0,0,0,0,0,0,0,0,0,0,0,0,0,0,0,0,0,0,0,0,0,0,0,
Participant,7_3,11_49_52,3.5921,0,0,0,3.592057,0.0000,0.0000,0.0000,0.0000,0.0000,0.0000,3.698954,3.699434,3.699194,0.09459186,,,,,0,0,0,0,0,0,0,0,0,0,0,0,0,0,0,0,0,0,0,0,0,0,0,0,0,0,0,0,0,0,0,0,0,0,0,0,0,0,0,0,0,0,0,0,0,0,0,0,0,0,0,
Participant,7_3,11_49_52,3.5952,0,0,0,3.595203,0.0000,0.0000,0.0000,0.0000,0.0000,0.0000,3.717422,3.700671,3.709047,0.1044445,,,,,0,0,0,0,0,0,0,0,0,0,0,0,0,0,0,0,0,0,0,0,0,0,0,0,0,0,0,0,0,0,0,0,0,0,0,0,0,0,0,0,0,0,0,0,0,0,0,0,0,0,0,
Participant,7_3,11_49_52,3.5986,0,0,0,3.598566,0.0000,0.0000,0.0000,0.0000,0.0000,0.0000,3.682784,3.719196,3.70099,0.0963881,,,,,0,0,0,0,0,0,0,0,0,0,0,0,0,0,0,0,0,0,0,0,0,0,0,0,0,0,0,0,0,0,0,0,0,0,0,0,0,0,0,0,0,0,0,0,0,0,0,0,0,0,0,
Participant,7_3,11_49_52,3.6019,0,0,0,3.601872,0.0000,0.0000,0.0000,0.0000,0.0000,0.0000,3.682835,3.704467,3.693651,0.0890491,,,,,0,0,0,0,0,0,0,0,0,0,0,0,0,0,0,0,0,0,0,0,0,0,0,0,0,0,0,0,0,0,0,0,0,0,0,0,0,0,0,0,0,0,0,0,0,0,0,0,0,0,0,
Participant,7_3,11_49_52,3.6053,0,0,0,3.605323,0.0000,0.0000,0.0000,0.0000,0.0000,0.0000,3.716673,3.685247,3.70096,0.09635806,,,,,0,0,0,0,0,0,0,0,0,0,0,0,0,0,0,0,0,0,0,0,0,0,0,0,0,0,0,0,0,0,0,0,0,0,0,0,0,0,0,0,0,0,0,0,0,0,0,0,0,0,0,
Participant,7_3,11_49_52,3.6085,0,0,0,3.60852,0.0000,0.0000,0.0000,0.0000,0.0000,0.0000,3.680124,3.700665,3.690395,0.08579254,,,,,0,0,0,0,0,0,0,0,0,0,0,0,0,0,0,0,0,0,0,0,0,0,0,0,0,0,0,0,0,0,0,0,0,0,0,0,0,0,0,0,0,0,0,0,0,0,0,0,0,0,0,
Participant,7_3,11_49_52,3.6119,0,0,0,3.611925,0.0000,0.0000,0.0000,0.0000,0.0000,0.0000,3.706056,3.69558,3.700818,0.09621596,,,,,0,0,0,0,0,0,0,0,0,0,0,0,0,0,0,0,0,0,0,0,0,0,0,0,0,0,0,0,0,0,0,0,0,0,0,0,0,0,0,0,0,0,0,0,0,0,0,0,0,0,0,
Participant,7_3,11_49_52,3.6152,0,0,0,3.615209,0.0000,0.0000,0.0000,0.0000,0.0000,0.0000,3.725609,3.689631,3.70762,0.1030178,,,,,0,0,0,0,0,0,0,0,0,0,0,0,0,0,0,0,0,0,0,0,0,0,0,0,0,0,0,0,0,0,0,0,0,0,0,0,0,0,0,0,0,0,0,0,0,0,0,0,0,0,0,
Participant,7_3,11_49_52,3.6184,0,0,0,3.618359,0.0000,0.0000,0.0000,0.0000,0.0000,0.0000,3.71749,3.709259,3.713375,0.1087728,,,,,0,0,0,0,0,0,0,0,0,0,0,0,0,0,0,0,0,0,0,0,0,0,0,0,0,0,0,0,0,0,0,0,0,0,0,0,0,0,0,0,0,0,0,0,0,0,0,0,0,0,0,
Participant,7_3,11_49_52,3.6216,0,0,0,3.621576,0.0000,0.0000,0.0000,0.0000,0.0000,0.0000,3.71632,3.715175,3.715747,0.1111453,,,,,0,0,0,0,0,0,0,0,0,0,0,0,0,0,0,0,0,0,0,0,0,0,0,0,0,0,0,0,0,0,0,0,0,0,0,0,0,0,0,0,0,0,0,0,0,0,0,0,0,0,0,
Participant,7_3,11_49_52,3.6251,0,0,0,3.62511,0.0000,0.0000,0.0000,0.0000,0.0000,0.0000,3.704816,3.733096,3.718956,0.1143537,,,,,0,0,0,0,0,0,0,0,0,0,0,0,0,0,0,0,0,0,0,0,0,0,0,0,0,0,0,0,0,0,0,0,0,0,0,0,0,0,0,0,0,0,0,0,0,0,0,0,0,0,0,
Participant,7_3,11_49_52,3.6284,0,0,0,3.628397,0.0000,0.0000,0.0000,0.0000,0.0000,0.0000,3.716815,3.687954,3.702384,0.09778237,,,,,0,0,0,0,0,0,0,0,0,0,0,0,0,0,0,0,0,0,0,0,0,0,0,0,0,0,0,0,0,0,0,0,0,0,0,0,0,0,0,0,0,0,0,0,0,0,0,0,0,0,0,
Participant,7_3,11_49_52,3.6369,0,0,0,3.636925,0.0000,0.0000,0.0000,0.0000,0.0000,0.0000,3.71696,3.68942,3.70319,0.09858775,,,,,0,0,0,0,0,0,0,0,0,0,0,0,0,0,0,0,0,0,0,0,0,0,0,0,0,0,0,0,0,0,0,0,0,0,0,0,0,0,0,0,0,0,0,0,0,0,0,0,0,0,0,
Participant,7_3,11_49_52,3.6401,0,0,0,3.640116,0.0000,0.0000,0.0000,0.0000,0.0000,0.0000,3.680751,3.732243,3.706497,0.1018951,,,,,0,0,0,0,0,0,0,0,0,0,0,0,0,0,0,0,0,0,0,0,0,0,0,0,0,0,0,0,0,0,0,0,0,0,0,0,0,0,0,0,0,0,0,0,0,0,0,0,0,0,0,
Participant,7_3,11_49_52,3.6437,0,0,0,3.643727,0.0000,0.0000,0.0000,0.0000,0.0000,0.0000,3.686197,3.735384,3.71079,0.1061881,,,,,0,0,0,0,0,0,0,0,0,0,0,0,0,0,0,0,0,0,0,0,0,0,0,0,0,0,0,0,0,0,0,0,0,0,0,0,0,0,0,0,0,0,0,0,0,0,0,0,0,0,0,
Participant,7_3,11_49_52,3.6471,0,0,0,3.647057,0.0000,0.0000,0.0000,0.0000,0.0000,0.0000,3.687286,3.730932,3.709109,0.1045067,,,,,0,0,0,0,0,0,0,0,0,0,0,0,0,0,0,0,0,0,0,0,0,0,0,0,0,0,0,0,0,0,0,0,0,0,0,0,0,0,0,0,0,0,0,0,0,0,0,0,0,0,0,
Participant,7_3,11_49_52,3.6506,0,0,0,3.650649,0.0000,0.0000,0.0000,0.0000,0.0000,0.0000,3.723951,3.698828,3.71139,0.1067874,,,,,0,0,0,0,0,0,0,0,0,0,0,0,0,0,0,0,0,0,0,0,0,0,0,0,0,0,0,0,0,0,0,0,0,0,0,0,0,0,0,0,0,0,0,0,0,0,0,0,0,0,0,
Participant,7_3,11_49_52,3.6538,0,0,0,3.653833,0.0000,0.0000,0.0000,0.0000,0.0000,0.0000,3.714645,3.692738,3.703692,0.09908962,,,,,0,0,0,0,0,0,0,0,0,0,0,0,0,0,0,0,0,0,0,0,0,0,0,0,0,0,0,0,0,0,0,0,0,0,0,0,0,0,0,0,0,0,0,0,0,0,0,0,0,0,0,
Participant,7_3,11_49_52,3.6571,0,0,0,3.657144,0.0000,0.0000,0.0000,0.0000,0.0000,0.0000,3.721791,3.700845,3.711318,0.1067154,,,,,0,0,0,0,0,0,0,0,0,0,0,0,0,0,0,0,0,0,0,0,0,0,0,0,0,0,0,0,0,0,0,0,0,0,0,0,0,0,0,0,0,0,0,0,0,0,0,0,0,0,0,
Participant,7_3,11_49_52,3.6608,0,0,0,3.660775,0.0000,0.0000,0.0000,0.0000,0.0000,0.0000,3.694965,3.728269,3.711617,0.1070149,,,,,0,0,0,0,0,0,0,0,0,0,0,0,0,0,0,0,0,0,0,0,0,0,0,0,0,0,0,0,0,0,0,0,0,0,0,0,0,0,0,0,0,0,0,0,0,0,0,0,0,0,0,
Participant,7_3,11_49_52,3.6643,0,0,0,3.664253,0.0000,0.0000,0.0000,0.0000,0.0000,0.0000,3.721458,3.741302,3.73138,0.1267774,,,,,0,0,0,0,0,0,0,0,0,0,0,0,0,0,0,0,0,0,0,0,0,0,0,0,0,0,0,0,0,0,0,0,0,0,0,0,0,0,0,0,0,0,0,0,0,0,0,0,0,0,0,
Participant,7_3,11_49_52,3.6678,0,0,0,3.667816,0.0000,0.0000,0.0000,0.0000,0.0000,0.0000,3.719757,3.7167,3.718228,0.1136262,,,,,0,0,0,0,0,0,0,0,0,0,0,0,0,0,0,0,0,0,0,0,0,0,0,0,0,0,0,0,0,0,0,0,0,0,0,0,0,0,0,0,0,0,0,0,0,0,0,0,0,0,0,
Participant,7_3,11_49_52,3.6710,0,0,0,3.670971,0.0000,0.0000,0.0000,0.0000,0.0000,0.0000,3.714143,3.71999,3.717067,0.1124647,,,,,0,0,0,0,0,0,0,0,0,0,0,0,0,0,0,0,0,0,0,0,0,0,0,0,0,0,0,0,0,0,0,0,0,0,0,0,0,0,0,0,0,0,0,0,0,0,0,0,0,0,0,
Participant,7_3,11_49_52,3.6742,0,0,0,3.674209,0.0000,0.0000,0.0000,0.0000,0.0000,0.0000,3.691355,3.69102,3.691187,0.08658528,,,,,0,0,0,0,0,0,0,0,0,0,0,0,0,0,0,0,0,0,0,0,0,0,0,0,0,0,0,0,0,0,0,0,0,0,0,0,0,0,0,0,0,0,0,0,0,0,0,0,0,0,0,
Participant,7_3,11_49_52,3.6774,0,0,0,3.677408,0.0000,0.0000,0.0000,0.0000,0.0000,0.0000,3.740433,3.69468,3.717556,0.1129544,,,,,0,0,0,0,0,0,0,0,0,0,0,0,0,0,0,0,0,0,0,0,0,0,0,0,0,0,0,0,0,0,0,0,0,0,0,0,0,0,0,0,0,0,0,0,0,0,0,0,0,0,0,
Participant,7_3,11_49_52,3.6807,0,0,0,3.680698,0.0000,0.0000,0.0000,0.0000,0.0000,0.0000,3.708238,3.742487,3.725363,0.1207607,,,,,0,0,0,0,0,0,0,0,0,0,0,0,0,0,0,0,0,0,0,0,0,0,0,0,0,0,0,0,0,0,0,0,0,0,0,0,0,0,0,0,0,0,0,0,0,0,0,0,0,0,0,
Participant,7_3,11_49_52,3.6847,0,0,0,3.684658,0.0000,0.0000,0.0000,0.0000,0.0000,0.0000,3.740767,3.716076,3.728421,0.1238191,,,,,0,0,0,0,0,0,0,0,0,0,0,0,0,0,0,0,0,0,0,0,0,0,0,0,0,0,0,0,0,0,0,0,0,0,0,0,0,0,0,0,0,0,0,0,0,0,0,0,0,0,0,
Participant,7_3,11_49_52,3.6878,0,0,0,3.687816,0.0000,0.0000,0.0000,0.0000,0.0000,0.0000,3.709783,3.731139,3.720461,0.1158588,,,,,0,0,0,0,0,0,0,0,0,0,0,0,0,0,0,0,0,0,0,0,0,0,0,0,0,0,0,0,0,0,0,0,0,0,0,0,0,0,0,0,0,0,0,0,0,0,0,0,0,0,0,
Participant,7_3,11_49_52,3.6910,0,0,0,3.690965,0.0000,0.0000,0.0000,0.0000,0.0000,0.0000,3.739589,3.738533,3.739061,0.1344593,,,,,0,0,0,0,0,0,0,0,0,0,0,0,0,0,0,0,0,0,0,0,0,0,0,0,0,0,0,0,0,0,0,0,0,0,0,0,0,0,0,0,0,0,0,0,0,0,0,0,0,0,0,
Participant,7_3,11_49_52,3.6941,0,0,0,3.694094,0.0000,0.0000,0.0000,0.0000,0.0000,0.0000,3.722124,3.715128,3.718626,0.1140239,,,,,0,0,0,0,0,0,0,0,0,0,0,0,0,0,0,0,0,0,0,0,0,0,0,0,0,0,0,0,0,0,0,0,0,0,0,0,0,0,0,0,0,0,0,0,0,0,0,0,0,0,0,
Participant,7_3,11_49_52,3.6972,0,0,0,3.697238,0.0000,0.0000,0.0000,0.0000,0.0000,0.0000,3.734458,3.72667,3.730564,0.1259618,,,,,0,0,0,0,0,0,0,0,0,0,0,0,0,0,0,0,0,0,0,0,0,0,0,0,0,0,0,0,0,0,0,0,0,0,0,0,0,0,0,0,0,0,0,0,0,0,0,0,0,0,0,
Participant,7_3,11_49_52,3.7004,0,0,0,3.700409,0.0000,0.0000,0.0000,0.0000,0.0000,0.0000,3.722495,3.712232,3.717364,0.1127617,,,,,0,0,0,0,0,0,0,0,0,0,0,0,0,0,0,0,0,0,0,0,0,0,0,0,0,0,0,0,0,0,0,0,0,0,0,0,0,0,0,0,0,0,0,0,0,0,0,0,0,0,0,
Participant,7_3,11_49_52,3.7040,0,0,0,3.704029,0.0000,0.0000,0.0000,0.0000,0.0000,0.0000,3.737079,3.700799,3.718939,0.1143372,,,,,0,0,0,0,0,0,0,0,0,0,0,0,0,0,0,0,0,0,0,0,0,0,0,0,0,0,0,0,0,0,0,0,0,0,0,0,0,0,0,0,0,0,0,0,0,0,0,0,0,0,0,
Participant,7_3,11_49_52,3.7072,0,0,0,3.707228,0.0000,0.0000,0.0000,0.0000,0.0000,0.0000,3.700561,3.709252,3.704906,0.1003044,,,,,0,0,0,0,0,0,0,0,0,0,0,0,0,0,0,0,0,0,0,0,0,0,0,0,0,0,0,0,0,0,0,0,0,0,0,0,0,0,0,0,0,0,0,0,0,0,0,0,0,0,0,
Participant,7_3,11_49_52,3.7104,0,0,0,3.710426,0.0000,0.0000,0.0000,0.0000,0.0000,0.0000,3.72861,3.707005,3.717808,0.1132057,,,,,0,0,0,0,0,0,0,0,0,0,0,0,0,0,0,0,0,0,0,0,0,0,0,0,0,0,0,0,0,0,0,0,0,0,0,0,0,0,0,0,0,0,0,0,0,0,0,0,0,0,0,
Participant,7_3,11_49_52,3.7139,0,0,0,3.713942,0.0000,0.0000,0.0000,0.0000,0.0000,0.0000,3.709795,3.748756,3.729275,0.1246734,,,,,0,0,0,0,0,0,0,0,0,0,0,0,0,0,0,0,0,0,0,0,0,0,0,0,0,0,0,0,0,0,0,0,0,0,0,0,0,0,0,0,0,0,0,0,0,0,0,0,0,0,0,
Participant,7_3,11_49_52,3.7174,0,0,0,3.717355,0.0000,0.0000,0.0000,0.0000,0.0000,0.0000,3.741678,3.710892,3.726285,0.1216829,,,,,0,0,0,0,0,0,0,0,0,0,0,0,0,0,0,0,0,0,0,0,0,0,0,0,0,0,0,0,0,0,0,0,0,0,0,0,0,0,0,0,0,0,0,0,0,0,0,0,0,0,0,
Participant,7_3,11_49_52,3.7207,0,0,0,3.720668,0.0000,0.0000,0.0000,0.0000,0.0000,0.0000,3.708298,3.71781,3.713054,0.1084521,,,,,0,0,0,0,0,0,0,0,0,0,0,0,0,0,0,0,0,0,0,0,0,0,0,0,0,0,0,0,0,0,0,0,0,0,0,0,0,0,0,0,0,0,0,0,0,0,0,0,0,0,0,
Participant,7_3,11_49_52,3.7242,0,0,0,3.724154,0.0000,0.0000,0.0000,0.0000,0.0000,0.0000,3.7504,3.717383,3.733891,0.1292892,,,,,0,0,0,0,0,0,0,0,0,0,0,0,0,0,0,0,0,0,0,0,0,0,0,0,0,0,0,0,0,0,0,0,0,0,0,0,0,0,0,0,0,0,0,0,0,0,0,0,0,0,0,
Participant,7_3,11_49_52,3.7274,0,0,0,3.727394,0.0000,0.0000,0.0000,0.0000,0.0000,0.0000,3.714422,3.759819,3.73712,0.1325183,,,,,0,0,0,0,0,0,0,0,0,0,0,0,0,0,0,0,0,0,0,0,0,0,0,0,0,0,0,0,0,0,0,0,0,0,0,0,0,0,0,0,0,0,0,0,0,0,0,0,0,0,0,
Participant,7_3,11_49_52,3.7308,0,0,0,3.730778,0.0000,0.0000,0.0000,0.0000,0.0000,0.0000,3.728523,3.704771,3.716647,0.112045,,,,,0,0,0,0,0,0,0,0,0,0,0,0,0,0,0,0,0,0,0,0,0,0,0,0,0,0,0,0,0,0,0,0,0,0,0,0,0,0,0,0,0,0,0,0,0,0,0,0,0,0,0,
Participant,7_3,11_49_52,3.7340,0,0,0,3.733957,0.0000,0.0000,0.0000,0.0000,0.0000,0.0000,3.758663,3.721033,3.739848,0.1352463,,,,,0,0,0,0,0,0,0,0,0,0,0,0,0,0,0,0,0,0,0,0,0,0,0,0,0,0,0,0,0,0,0,0,0,0,0,0,0,0,0,0,0,0,0,0,0,0,0,0,0,0,0,
Participant,7_3,11_49_52,3.7373,0,0,0,3.737294,0.0000,0.0000,0.0000,0.0000,0.0000,0.0000,3.754225,3.714388,3.734306,0.1297042,,,,,0,0,0,0,0,0,0,0,0,0,0,0,0,0,0,0,0,0,0,0,0,0,0,0,0,0,0,0,0,0,0,0,0,0,0,0,0,0,0,0,0,0,0,0,0,0,0,0,0,0,0,
Participant,7_3,11_49_52,3.7406,0,0,0,3.740628,0.0000,0.0000,0.0000,0.0000,0.0000,0.0000,3.725913,3.718513,3.722213,0.1176109,,,,,0,0,0,0,0,0,0,0,0,0,0,0,0,0,0,0,0,0,0,0,0,0,0,0,0,0,0,0,0,0,0,0,0,0,0,0,0,0,0,0,0,0,0,0,0,0,0,0,0,0,0,
Participant,7_3,11_49_52,3.7440,0,0,0,3.744034,0.0000,0.0000,0.0000,0.0000,0.0000,0.0000,3.743805,3.746639,3.745222,0.14062,,,,,0,0,0,0,0,0,0,0,0,0,0,0,0,0,0,0,0,0,0,0,0,0,0,0,0,0,0,0,0,0,0,0,0,0,0,0,0,0,0,0,0,0,0,0,0,0,0,0,0,0,0,
Participant,7_3,11_49_52,3.7472,0,0,0,3.747177,0.0000,0.0000,0.0000,0.0000,0.0000,0.0000,3.757621,3.71192,3.73477,0.1301682,,,,,0,0,0,0,0,0,0,0,0,0,0,0,0,0,0,0,0,0,0,0,0,0,0,0,0,0,0,0,0,0,0,0,0,0,0,0,0,0,0,0,0,0,0,0,0,0,0,0,0,0,0,
Participant,7_3,11_49_52,3.7504,0,0,0,3.75035,0.0000,0.0000,0.0000,0.0000,0.0000,0.0000,3.712002,3.746517,3.729259,0.1246574,,,,,0,0,0,0,0,0,0,0,0,0,0,0,0,0,0,0,0,0,0,0,0,0,0,0,0,0,0,0,0,0,0,0,0,0,0,0,0,0,0,0,0,0,0,0,0,0,0,0,0,0,0,
Participant,7_3,11_49_52,3.7538,0,0,0,3.753818,0.0000,0.0000,0.0000,0.0000,0.0000,0.0000,3.711824,3.758703,3.735263,0.1306612,,,,,0,0,0,0,0,0,0,0,0,0,0,0,0,0,0,0,0,0,0,0,0,0,0,0,0,0,0,0,0,0,0,0,0,0,0,0,0,0,0,0,0,0,0,0,0,0,0,0,0,0,0,
Participant,7_3,11_49_52,3.7571,0,0,0,3.757145,0.0000,0.0000,0.0000,0.0000,0.0000,0.0000,3.716751,3.712032,3.714392,0.1097896,,,,,0,0,0,0,0,0,0,0,0,0,0,0,0,0,0,0,0,0,0,0,0,0,0,0,0,0,0,0,0,0,0,0,0,0,0,0,0,0,0,0,0,0,0,0,0,0,0,0,0,0,0,
Participant,7_3,11_49_52,3.7607,0,0,0,3.760666,0.0000,0.0000,0.0000,0.0000,0.0000,0.0000,3.709082,3.739523,3.724302,0.1197002,,,,,0,0,0,0,0,0,0,0,0,0,0,0,0,0,0,0,0,0,0,0,0,0,0,0,0,0,0,0,0,0,0,0,0,0,0,0,0,0,0,0,0,0,0,0,0,0,0,0,0,0,0,
Participant,7_3,11_49_52,3.7641,0,0,0,3.764076,0.0000,0.0000,0.0000,0.0000,0.0000,0.0000,3.7194,3.742378,3.730889,0.1262867,,,,,0,0,0,0,0,0,0,0,0,0,0,0,0,0,0,0,0,0,0,0,0,0,0,0,0,0,0,0,0,0,0,0,0,0,0,0,0,0,0,0,0,0,0,0,0,0,0,0,0,0,0,
Participant,7_3,11_49_52,3.7677,0,0,0,3.767746,0.0000,0.0000,0.0000,0.0000,0.0000,0.0000,3.739004,3.740657,3.739831,0.1352286,,,,,0,0,0,0,0,0,0,0,0,0,0,0,0,0,0,0,0,0,0,0,0,0,0,0,0,0,0,0,0,0,0,0,0,0,0,0,0,0,0,0,0,0,0,0,0,0,0,0,0,0,0,
Participant,7_3,11_49_52,3.7710,0,0,0,3.771045,0.0000,0.0000,0.0000,0.0000,0.0000,0.0000,3.738098,3.742621,3.740359,0.1357572,,,,,0,0,0,0,0,0,0,0,0,0,0,0,0,0,0,0,0,0,0,0,0,0,0,0,0,0,0,0,0,0,0,0,0,0,0,0,0,0,0,0,0,0,0,0,0,0,0,0,0,0,0,
Participant,7_3,11_49_52,3.7745,0,0,0,3.774497,0.0000,0.0000,0.0000,0.0000,0.0000,0.0000,3.723353,3.739896,3.731625,0.1270225,,,,,0,0,0,0,0,0,0,0,0,0,0,0,0,0,0,0,0,0,0,0,0,0,0,0,0,0,0,0,0,0,0,0,0,0,0,0,0,0,0,0,0,0,0,0,0,0,0,0,0,0,0,
Participant,7_3,11_49_52,3.7777,0,0,0,3.777672,0.0000,0.0000,0.0000,0.0000,0.0000,0.0000,3.727492,3.767398,3.747445,0.142843,,,,,0,0,0,0,0,0,0,0,0,0,0,0,0,0,0,0,0,0,0,0,0,0,0,0,0,0,0,0,0,0,0,0,0,0,0,0,0,0,0,0,0,0,0,0,0,0,0,0,0,0,0,
Participant,7_3,11_49_52,3.7809,0,0,0,3.780852,0.0000,0.0000,0.0000,0.0000,0.0000,0.0000,3.764224,3.719576,3.7419,0.1372976,,,,,0,0,0,0,0,0,0,0,0,0,0,0,0,0,0,0,0,0,0,0,0,0,0,0,0,0,0,0,0,0,0,0,0,0,0,0,0,0,0,0,0,0,0,0,0,0,0,0,0,0,0,
Participant,7_3,11_49_52,3.7842,0,0,0,3.784232,0.0000,0.0000,0.0000,0.0000,0.0000,0.0000,3.757871,3.719079,3.738475,0.133873,,,,,0,0,0,0,0,0,0,0,0,0,0,0,0,0,0,0,0,0,0,0,0,0,0,0,0,0,0,0,0,0,0,0,0,0,0,0,0,0,0,0,0,0,0,0,0,0,0,0,0,0,0,
Participant,7_3,11_49_52,3.7878,0,0,0,3.787761,0.0000,0.0000,0.0000,0.0000,0.0000,0.0000,3.755746,3.730425,3.743085,0.1384833,,,,,0,0,0,0,0,0,0,0,0,0,0,0,0,0,0,0,0,0,0,0,0,0,0,0,0,0,0,0,0,0,0,0,0,0,0,0,0,0,0,0,0,0,0,0,0,0,0,0,0,0,0,
Participant,7_3,11_49_52,3.7912,0,0,0,3.791198,0.0000,0.0000,0.0000,0.0000,0.0000,0.0000,3.750957,3.73859,3.744774,0.1401715,,,,,0,0,0,0,0,0,0,0,0,0,0,0,0,0,0,0,0,0,0,0,0,0,0,0,0,0,0,0,0,0,0,0,0,0,0,0,0,0,0,0,0,0,0,0,0,0,0,0,0,0,0,
Participant,7_3,11_49_52,3.7945,0,0,0,3.794508,0.0000,0.0000,0.0000,0.0000,0.0000,0.0000,3.75928,3.759419,3.75935,0.1547475,,,,,0,0,0,0,0,0,0,0,0,0,0,0,0,0,0,0,0,0,0,0,0,0,0,0,0,0,0,0,0,0,0,0,0,0,0,0,0,0,0,0,0,0,0,0,0,0,0,0,0,0,0,
Participant,7_3,11_49_52,3.7977,0,0,0,3.797687,0.0000,0.0000,0.0000,0.0000,0.0000,0.0000,3.714098,3.723092,3.718595,0.1139932,,,,,0,0,0,0,0,0,0,0,0,0,0,0,0,0,0,0,0,0,0,0,0,0,0,0,0,0,0,0,0,0,0,0,0,0,0,0,0,0,0,0,0,0,0,0,0,0,0,0,0,0,0,
Participant,7_3,11_49_52,3.8009,0,0,0,3.80085,0.0000,0.0000,0.0000,0.0000,0.0000,0.0000,3.716294,3.72127,3.718782,0.1141796,,,,,0,0,0,0,0,0,0,0,0,0,0,0,0,0,0,0,0,0,0,0,0,0,0,0,0,0,0,0,0,0,0,0,0,0,0,0,0,0,0,0,0,0,0,0,0,0,0,0,0,0,0,
Participant,7_3,11_49_52,3.8042,0,0,0,3.804216,0.0000,0.0000,0.0000,0.0000,0.0000,0.0000,3.769027,3.761101,3.765064,0.1604617,,,,,0,0,0,0,0,0,0,0,0,0,0,0,0,0,0,0,0,0,0,0,0,0,0,0,0,0,0,0,0,0,0,0,0,0,0,0,0,0,0,0,0,0,0,0,0,0,0,0,0,0,0,
Participant,7_3,11_49_52,3.8075,0,0,0,3.807487,0.0000,0.0000,0.0000,0.0000,0.0000,0.0000,3.737399,3.717332,3.727365,0.1227634,,,,,0,0,0,0,0,0,0,0,0,0,0,0,0,0,0,0,0,0,0,0,0,0,0,0,0,0,0,0,0,0,0,0,0,0,0,0,0,0,0,0,0,0,0,0,0,0,0,0,0,0,0,
Participant,7_3,11_49_52,3.8107,0,0,0,3.810737,0.0000,0.0000,0.0000,0.0000,0.0000,0.0000,3.749431,3.724398,3.736915,0.1323125,,,,,0,0,0,0,0,0,0,0,0,0,0,0,0,0,0,0,0,0,0,0,0,0,0,0,0,0,0,0,0,0,0,0,0,0,0,0,0,0,0,0,0,0,0,0,0,0,0,0,0,0,0,
Participant,7_3,11_49_52,3.8141,0,0,0,3.814092,0.0000,0.0000,0.0000,0.0000,0.0000,0.0000,3.744161,3.752446,3.748304,0.1437018,,,,,0,0,0,0,0,0,0,0,0,0,0,0,0,0,0,0,0,0,0,0,0,0,0,0,0,0,0,0,0,0,0,0,0,0,0,0,0,0,0,0,0,0,0,0,0,0,0,0,0,0,0,
Participant,7_3,11_49_52,3.8174,0,0,0,3.817416,0.0000,0.0000,0.0000,0.0000,0.0000,0.0000,3.718467,3.748104,3.733285,0.1286831,,,,,0,0,0,0,0,0,0,0,0,0,0,0,0,0,0,0,0,0,0,0,0,0,0,0,0,0,0,0,0,0,0,0,0,0,0,0,0,0,0,0,0,0,0,0,0,0,0,0,0,0,0,
Participant,7_3,11_49_52,3.8207,0,0,0,3.820661,0.0000,0.0000,0.0000,0.0000,0.0000,0.0000,3.748018,3.747696,3.747857,0.143255,,,,,0,0,0,0,0,0,0,0,0,0,0,0,0,0,0,0,0,0,0,0,0,0,0,0,0,0,0,0,0,0,0,0,0,0,0,0,0,0,0,0,0,0,0,0,0,0,0,0,0,0,0,
Participant,7_3,11_49_52,3.8243,0,0,0,3.824297,0.0000,0.0000,0.0000,0.0000,0.0000,0.0000,3.730778,3.75078,3.740779,0.1361768,,,,,0,0,0,0,0,0,0,0,0,0,0,0,0,0,0,0,0,0,0,0,0,0,0,0,0,0,0,0,0,0,0,0,0,0,0,0,0,0,0,0,0,0,0,0,0,0,0,0,0,0,0,
Participant,7_3,11_49_52,3.8274,0,0,0,3.827445,0.0000,0.0000,0.0000,0.0000,0.0000,0.0000,3.755105,3.725692,3.740399,0.1357968,,,,,0,0,0,0,0,0,0,0,0,0,0,0,0,0,0,0,0,0,0,0,0,0,0,0,0,0,0,0,0,0,0,0,0,0,0,0,0,0,0,0,0,0,0,0,0,0,0,0,0,0,0,
Participant,7_3,11_49_52,3.8307,0,0,0,3.830678,0.0000,0.0000,0.0000,0.0000,0.0000,0.0000,3.745872,3.761607,3.753739,0.1491373,,,,,0,0,0,0,0,0,0,0,0,0,0,0,0,0,0,0,0,0,0,0,0,0,0,0,0,0,0,0,0,0,0,0,0,0,0,0,0,0,0,0,0,0,0,0,0,0,0,0,0,0,0,
Participant,7_3,11_49_52,3.8402,0,0,0,3.84018,0.0000,0.0000,0.0000,0.0000,0.0000,0.0000,3.724415,3.771735,3.748075,0.1434727,,,,,0,0,0,0,0,0,0,0,0,0,0,0,0,0,0,0,0,0,0,0,0,0,0,0,0,0,0,0,0,0,0,0,0,0,0,0,0,0,0,0,0,0,0,0,0,0,0,0,0,0,0,
Participant,7_3,11_49_52,3.8438,0,0,0,3.84376,0.0000,0.0000,0.0000,0.0000,0.0000,0.0000,3.721735,3.756377,3.739056,0.134454,,,,,0,0,0,0,0,0,0,0,0,0,0,0,0,0,0,0,0,0,0,0,0,0,0,0,0,0,0,0,0,0,0,0,0,0,0,0,0,0,0,0,0,0,0,0,0,0,0,0,0,0,0,
Participant,7_3,11_49_52,3.8471,0,0,0,3.847085,0.0000,0.0000,0.0000,0.0000,0.0000,0.0000,3.736317,3.776774,3.756546,0.1519434,,,,,0,0,0,0,0,0,0,0,0,0,0,0,0,0,0,0,0,0,0,0,0,0,0,0,0,0,0,0,0,0,0,0,0,0,0,0,0,0,0,0,0,0,0,0,0,0,0,0,0,0,0,
Participant,7_3,11_49_52,3.8511,0,0,0,3.851147,0.0000,0.0000,0.0000,0.0000,0.0000,0.0000,3.773343,3.749456,3.7614,0.1567974,,,,,0,0,0,0,0,0,0,0,0,0,0,0,0,0,0,0,0,0,0,0,0,0,0,0,0,0,0,0,0,0,0,0,0,0,0,0,0,0,0,0,0,0,0,0,0,0,0,0,0,0,0,
Participant,7_3,11_49_52,3.8544,0,0,0,3.854398,0.0000,0.0000,0.0000,0.0000,0.0000,0.0000,3.765357,3.718965,3.742161,0.1375592,,,,,0,0,0,0,0,0,0,0,0,0,0,0,0,0,0,0,0,0,0,0,0,0,0,0,0,0,0,0,0,0,0,0,0,0,0,0,0,0,0,0,0,0,0,0,0,0,0,0,0,0,0,
Participant,7_3,11_49_52,3.8577,0,0,0,3.857711,0.0000,0.0000,0.0000,0.0000,0.0000,0.0000,3.737581,3.766971,3.752276,0.1476738,,,,,0,0,0,0,0,0,0,0,0,0,0,0,0,0,0,0,0,0,0,0,0,0,0,0,0,0,0,0,0,0,0,0,0,0,0,0,0,0,0,0,0,0,0,0,0,0,0,0,0,0,0,
Participant,7_3,11_49_52,3.8608,0,0,0,3.860849,0.0000,0.0000,0.0000,0.0000,0.0000,0.0000,3.71894,3.741783,3.730361,0.1257594,,,,,0,0,0,0,0,0,0,0,0,0,0,0,0,0,0,0,0,0,0,0,0,0,0,0,0,0,0,0,0,0,0,0,0,0,0,0,0,0,0,0,0,0,0,0,0,0,0,0,0,0,0,
Participant,7_3,11_49_52,3.8642,0,0,0,3.864199,0.0000,0.0000,0.0000,0.0000,0.0000,0.0000,3.738771,3.737313,3.738042,0.13344,,,,,0,0,0,0,0,0,0,0,0,0,0,0,0,0,0,0,0,0,0,0,0,0,0,0,0,0,0,0,0,0,0,0,0,0,0,0,0,0,0,0,0,0,0,0,0,0,0,0,0,0,0,
Participant,7_3,11_49_52,3.8674,0,0,0,3.867395,0.0000,0.0000,0.0000,0.0000,0.0000,0.0000,3.762686,3.734011,3.748348,0.1437461,,,,,0,0,0,0,0,0,0,0,0,0,0,0,0,0,0,0,0,0,0,0,0,0,0,0,0,0,0,0,0,0,0,0,0,0,0,0,0,0,0,0,0,0,0,0,0,0,0,0,0,0,0,
Participant,7_3,11_49_52,3.8709,0,0,0,3.870859,0.0000,0.0000,0.0000,0.0000,0.0000,0.0000,3.719978,3.720168,3.720073,0.1154706,,,,,0,0,0,0,0,0,0,0,0,0,0,0,0,0,0,0,0,0,0,0,0,0,0,0,0,0,0,0,0,0,0,0,0,0,0,0,0,0,0,0,0,0,0,0,0,0,0,0,0,0,0,
Participant,7_3,11_49_52,3.8741,0,0,0,3.874067,0.0000,0.0000,0.0000,0.0000,0.0000,0.0000,3.761158,3.766461,3.763809,0.1592071,,,,,0,0,0,0,0,0,0,0,0,0,0,0,0,0,0,0,0,0,0,0,0,0,0,0,0,0,0,0,0,0,0,0,0,0,0,0,0,0,0,0,0,0,0,0,0,0,0,0,0,0,0,
Participant,7_3,11_49_52,3.8772,0,0,0,3.877221,0.0000,0.0000,0.0000,0.0000,0.0000,0.0000,3.725982,3.730337,3.72816,0.1235576,,,,,0,0,0,0,0,0,0,0,0,0,0,0,0,0,0,0,0,0,0,0,0,0,0,0,0,0,0,0,0,0,0,0,0,0,0,0,0,0,0,0,0,0,0,0,0,0,0,0,0,0,0,
Participant,7_3,11_49_52,3.8804,0,0,0,3.880437,0.0000,0.0000,0.0000,0.0000,0.0000,0.0000,3.737859,3.748747,3.743303,0.1387007,,,,,0,0,0,0,0,0,0,0,0,0,0,0,0,0,0,0,0,0,0,0,0,0,0,0,0,0,0,0,0,0,0,0,0,0,0,0,0,0,0,0,0,0,0,0,0,0,0,0,0,0,0,
Participant,7_3,11_49_52,3.8838,0,0,0,3.883825,0.0000,0.0000,0.0000,0.0000,0.0000,0.0000,3.765449,3.7224,3.743925,0.1393225,,,,,0,0,0,0,0,0,0,0,0,0,0,0,0,0,0,0,0,0,0,0,0,0,0,0,0,0,0,0,0,0,0,0,0,0,0,0,0,0,0,0,0,0,0,0,0,0,0,0,0,0,0,
Participant,7_3,11_49_52,3.8870,0,0,0,3.886966,0.0000,0.0000,0.0000,0.0000,0.0000,0.0000,3.748721,3.749267,3.748994,0.1443918,,,,,0,0,0,0,0,0,0,0,0,0,0,0,0,0,0,0,0,0,0,0,0,0,0,0,0,0,0,0,0,0,0,0,0,0,0,0,0,0,0,0,0,0,0,0,0,0,0,0,0,0,0,
Participant,7_3,11_49_52,3.8902,0,0,0,3.890187,0.0000,0.0000,0.0000,0.0000,0.0000,0.0000,3.775025,3.739828,3.757427,0.1528244,,,,,0,0,0,0,0,0,0,0,0,0,0,0,0,0,0,0,0,0,0,0,0,0,0,0,0,0,0,0,0,0,0,0,0,0,0,0,0,0,0,0,0,0,0,0,0,0,0,0,0,0,0,
Participant,7_3,11_49_52,3.8937,0,0,0,3.893656,0.0000,0.0000,0.0000,0.0000,0.0000,0.0000,3.761285,3.722344,3.741815,0.1372125,,,,,0,0,0,0,0,0,0,0,0,0,0,0,0,0,0,0,0,0,0,0,0,0,0,0,0,0,0,0,0,0,0,0,0,0,0,0,0,0,0,0,0,0,0,0,0,0,0,0,0,0,0,
Participant,7_3,11_49_52,3.8971,0,0,0,3.897105,0.0000,0.0000,0.0000,0.0000,0.0000,0.0000,3.719561,3.767947,3.743754,0.1391518,,,,,0,0,0,0,0,0,0,0,0,0,0,0,0,0,0,0,0,0,0,0,0,0,0,0,0,0,0,0,0,0,0,0,0,0,0,0,0,0,0,0,0,0,0,0,0,0,0,0,0,0,0,
Participant,7_3,11_49_52,3.9002,0,0,0,3.900229,0.0000,0.0000,0.0000,0.0000,0.0000,0.0000,3.731637,3.729397,3.730517,0.1259148,,,,,0,0,0,0,0,0,0,0,0,0,0,0,0,0,0,0,0,0,0,0,0,0,0,0,0,0,0,0,0,0,0,0,0,0,0,0,0,0,0,0,0,0,0,0,0,0,0,0,0,0,0,
Participant,7_3,11_49_52,3.9038,0,0,0,3.90381,0.0000,0.0000,0.0000,0.0000,0.0000,0.0000,3.732955,3.720862,3.726909,0.1223066,,,,,0,0,0,0,0,0,0,0,0,0,0,0,0,0,0,0,0,0,0,0,0,0,0,0,0,0,0,0,0,0,0,0,0,0,0,0,0,0,0,0,0,0,0,0,0,0,0,0,0,0,0,
Participant,7_3,11_49_52,3.9072,0,0,0,3.907219,0.0000,0.0000,0.0000,0.0000,0.0000,0.0000,3.776782,3.764638,3.77071,0.1661081,,,,,0,0,0,0,0,0,0,0,0,0,0,0,0,0,0,0,0,0,0,0,0,0,0,0,0,0,0,0,0,0,0,0,0,0,0,0,0,0,0,0,0,0,0,0,0,0,0,0,0,0,0,
Participant,7_3,11_49_52,3.9107,0,0,0,3.910695,0.0000,0.0000,0.0000,0.0000,0.0000,0.0000,3.771388,3.762752,3.76707,0.1624677,,,,,0,0,0,0,0,0,0,0,0,0,0,0,0,0,0,0,0,0,0,0,0,0,0,0,0,0,0,0,0,0,0,0,0,0,0,0,0,0,0,0,0,0,0,0,0,0,0,0,0,0,0,
Participant,7_3,11_49_52,3.9139,0,0,0,3.913873,0.0000,0.0000,0.0000,0.0000,0.0000,0.0000,3.748671,3.75016,3.749415,0.1448133,,,,,0,0,0,0,0,0,0,0,0,0,0,0,0,0,0,0,0,0,0,0,0,0,0,0,0,0,0,0,0,0,0,0,0,0,0,0,0,0,0,0,0,0,0,0,0,0,0,0,0,0,0,
Participant,7_3,11_49_52,3.9208,0,0,0,3.920815,0.0000,0.0000,0.0000,0.0000,0.0000,0.0000,3.766283,3.727804,3.747044,0.1424415,,,,,0,0,0,0,0,0,0,0,0,0,0,0,0,0,0,0,0,0,0,0,0,0,0,0,0,0,0,0,0,0,0,0,0,0,0,0,0,0,0,0,0,0,0,0,0,0,0,0,0,0,0,
Participant,7_3,11_49_52,3.9244,0,0,0,3.924417,0.0000,0.0000,0.0000,0.0000,0.0000,0.0000,3.7709,3.774154,3.772527,0.1679249,,,,,0,0,0,0,0,0,0,0,0,0,0,0,0,0,0,0,0,0,0,0,0,0,0,0,0,0,0,0,0,0,0,0,0,0,0,0,0,0,0,0,0,0,0,0,0,0,0,0,0,0,0,
Participant,7_3,11_49_52,3.9278,0,0,0,3.927845,0.0000,0.0000,0.0000,0.0000,0.0000,0.0000,3.75754,3.766242,3.761891,0.1572886,,,,,0,0,0,0,0,0,0,0,0,0,0,0,0,0,0,0,0,0,0,0,0,0,0,0,0,0,0,0,0,0,0,0,0,0,0,0,0,0,0,0,0,0,0,0,0,0,0,0,0,0,0,
Participant,7_3,11_49_52,3.9312,0,0,0,3.931198,0.0000,0.0000,0.0000,0.0000,0.0000,0.0000,3.720768,3.772489,3.746629,0.1420267,,,,,0,0,0,0,0,0,0,0,0,0,0,0,0,0,0,0,0,0,0,0,0,0,0,0,0,0,0,0,0,0,0,0,0,0,0,0,0,0,0,0,0,0,0,0,0,0,0,0,0,0,0,
Participant,7_3,11_49_52,3.9344,0,0,0,3.934418,0.0000,0.0000,0.0000,0.0000,0.0000,0.0000,3.742248,3.77263,3.757439,0.152837,,,,,0,0,0,0,0,0,0,0,0,0,0,0,0,0,0,0,0,0,0,0,0,0,0,0,0,0,0,0,0,0,0,0,0,0,0,0,0,0,0,0,0,0,0,0,0,0,0,0,0,0,0,
Participant,7_3,11_49_52,3.9376,0,0,0,3.937631,0.0000,0.0000,0.0000,0.0000,0.0000,0.0000,3.772041,3.722563,3.747302,0.1426995,,,,,0,0,0,0,0,0,0,0,0,0,0,0,0,0,0,0,0,0,0,0,0,0,0,0,0,0,0,0,0,0,0,0,0,0,0,0,0,0,0,0,0,0,0,0,0,0,0,0,0,0,0,
Participant,7_3,11_49_53,3.9408,0,0,0,3.94082,0.0000,0.0000,0.0000,0.0000,0.0000,0.0000,3.756232,3.744193,3.750213,0.1456106,,,,,0,0,0,0,0,0,0,0,0,0,0,0,0,0,0,0,0,0,0,0,0,0,0,0,0,0,0,0,0,0,0,0,0,0,0,0,0,0,0,0,0,0,0,0,0,0,0,0,0,0,0,
Participant,7_3,11_49_53,3.9442,0,0,0,3.944244,0.0000,0.0000,0.0000,0.0000,0.0000,0.0000,3.764908,3.7707,3.767804,0.1632016,,,,,0,0,0,0,0,0,0,0,0,0,0,0,0,0,0,0,0,0,0,0,0,0,0,0,0,0,0,0,0,0,0,0,0,0,0,0,0,0,0,0,0,0,0,0,0,0,0,0,0,0,0,
Participant,7_3,11_49_53,3.9477,0,0,0,3.947732,0.0000,0.0000,0.0000,0.0000,0.0000,0.0000,3.77115,3.735956,3.753553,0.1489511,,,,,0,0,0,0,0,0,0,0,0,0,0,0,0,0,0,0,0,0,0,0,0,0,0,0,0,0,0,0,0,0,0,0,0,0,0,0,0,0,0,0,0,0,0,0,0,0,0,0,0,0,0,
Participant,7_3,11_49_53,3.9509,0,0,0,3.950919,0.0000,0.0000,0.0000,0.0000,0.0000,0.0000,3.755806,3.756796,3.756301,0.1516988,,,,,0,0,0,0,0,0,0,0,0,0,0,0,0,0,0,0,0,0,0,0,0,0,0,0,0,0,0,0,0,0,0,0,0,0,0,0,0,0,0,0,0,0,0,0,0,0,0,0,0,0,0,
Participant,7_3,11_49_53,3.9540,0,0,0,3.954043,0.0000,0.0000,0.0000,0.0000,0.0000,0.0000,3.734344,3.761779,3.748062,0.1434596,,,,,0,0,0,0,0,0,0,0,0,0,0,0,0,0,0,0,0,0,0,0,0,0,0,0,0,0,0,0,0,0,0,0,0,0,0,0,0,0,0,0,0,0,0,0,0,0,0,0,0,0,0,
Participant,7_3,11_49_53,3.9572,0,0,0,3.957203,0.0000,0.0000,0.0000,0.0000,0.0000,0.0000,3.77647,3.751411,3.76394,0.1593382,,,,,0,0,0,0,0,0,0,0,0,0,0,0,0,0,0,0,0,0,0,0,0,0,0,0,0,0,0,0,0,0,0,0,0,0,0,0,0,0,0,0,0,0,0,0,0,0,0,0,0,0,0,
Participant,7_3,11_49_53,3.9605,0,0,0,3.960478,0.0000,0.0000,0.0000,0.0000,0.0000,0.0000,3.766984,3.76481,3.765897,0.1612947,,,,,0,0,0,0,0,0,0,0,0,0,0,0,0,0,0,0,0,0,0,0,0,0,0,0,0,0,0,0,0,0,0,0,0,0,0,0,0,0,0,0,0,0,0,0,0,0,0,0,0,0,0,
Participant,7_3,11_49_53,3.9641,0,0,0,3.964077,0.0000,0.0000,0.0000,0.0000,0.0000,0.0000,3.731882,3.772618,3.75225,0.1476476,,,,,0,0,0,0,0,0,0,0,0,0,0,0,0,0,0,0,0,0,0,0,0,0,0,0,0,0,0,0,0,0,0,0,0,0,0,0,0,0,0,0,0,0,0,0,0,0,0,0,0,0,0,
Participant,7_3,11_49_53,3.9678,0,0,0,3.967849,0.0000,0.0000,0.0000,0.0000,0.0000,0.0000,3.723081,3.776344,3.749712,0.1451101,,,,,0,0,0,0,0,0,0,0,0,0,0,0,0,0,0,0,0,0,0,0,0,0,0,0,0,0,0,0,0,0,0,0,0,0,0,0,0,0,0,0,0,0,0,0,0,0,0,0,0,0,0,
Participant,7_3,11_49_53,3.9711,0,0,0,3.971146,0.0000,0.0000,0.0000,0.0000,0.0000,0.0000,3.776439,3.720757,3.748599,0.1439965,,,,,0,0,0,0,0,0,0,0,0,0,0,0,0,0,0,0,0,0,0,0,0,0,0,0,0,0,0,0,0,0,0,0,0,0,0,0,0,0,0,0,0,0,0,0,0,0,0,0,0,0,0,
Participant,7_3,11_49_53,3.9745,0,0,0,3.974523,0.0000,0.0000,0.0000,0.0000,0.0000,0.0000,3.758319,3.746791,3.752555,0.1479528,,,,,0,0,0,0,0,0,0,0,0,0,0,0,0,0,0,0,0,0,0,0,0,0,0,0,0,0,0,0,0,0,0,0,0,0,0,0,0,0,0,0,0,0,0,0,0,0,0,0,0,0,0,
Participant,7_3,11_49_53,3.9778,0,0,0,3.977848,0.0000,0.0000,0.0000,0.0000,0.0000,0.0000,3.762361,3.769748,3.766055,0.1614525,,,,,0,0,0,0,0,0,0,0,0,0,0,0,0,0,0,0,0,0,0,0,0,0,0,0,0,0,0,0,0,0,0,0,0,0,0,0,0,0,0,0,0,0,0,0,0,0,0,0,0,0,0,
Participant,7_3,11_49_53,3.9812,0,0,0,3.981241,0.0000,0.0000,0.0000,0.0000,0.0000,0.0000,3.722965,3.77721,3.750088,0.1454856,,,,,0,0,0,0,0,0,0,0,0,0,0,0,0,0,0,0,0,0,0,0,0,0,0,0,0,0,0,0,0,0,0,0,0,0,0,0,0,0,0,0,0,0,0,0,0,0,0,0,0,0,0,
Participant,7_3,11_49_53,3.9848,0,0,0,3.984763,0.0000,0.0000,0.0000,0.0000,0.0000,0.0000,3.767046,3.769363,3.768205,0.1636026,,,,,0,0,0,0,0,0,0,0,0,0,0,0,0,0,0,0,0,0,0,0,0,0,0,0,0,0,0,0,0,0,0,0,0,0,0,0,0,0,0,0,0,0,0,0,0,0,0,0,0,0,0,
Participant,7_3,11_49_53,3.9880,0,0,0,3.987982,0.0000,0.0000,0.0000,0.0000,0.0000,0.0000,3.720536,3.748467,3.734502,0.1298995,,,,,0,0,0,0,0,0,0,0,0,0,0,0,0,0,0,0,0,0,0,0,0,0,0,0,0,0,0,0,0,0,0,0,0,0,0,0,0,0,0,0,0,0,0,0,0,0,0,0,0,0,0,
Participant,7_3,11_49_53,3.9914,0,0,0,3.991383,0.0000,0.0000,0.0000,0.0000,0.0000,0.0000,3.739774,3.757309,3.748541,0.1439393,,,,,0,0,0,0,0,0,0,0,0,0,0,0,0,0,0,0,0,0,0,0,0,0,0,0,0,0,0,0,0,0,0,0,0,0,0,0,0,0,0,0,0,0,0,0,0,0,0,0,0,0,0,
Participant,7_3,11_49_53,3.9946,0,0,0,3.994605,0.0000,0.0000,0.0000,0.0000,0.0000,0.0000,3.768332,3.739695,3.754013,0.1494112,,,,,0,0,0,0,0,0,0,0,0,0,0,0,0,0,0,0,0,0,0,0,0,0,0,0,0,0,0,0,0,0,0,0,0,0,0,0,0,0,0,0,0,0,0,0,0,0,0,0,0,0,0,
Participant,7_3,11_49_53,3.9978,0,0,0,3.997786,0.0000,0.0000,0.0000,0.0000,0.0000,0.0000,3.765884,3.73294,3.749412,0.1448097,,,,,0,0,0,0,0,0,0,0,0,0,0,0,0,0,0,0,0,0,0,0,0,0,0,0,0,0,0,0,0,0,0,0,0,0,0,0,0,0,0,0,0,0,0,0,0,0,0,0,0,0,0,
Participant,7_3,11_49_53,4.0010,0,0,0,4.001006,0.0000,0.0000,0.0000,0.0000,0.0000,0.0000,3.729279,3.728924,3.729102,0.1244996,,,,,0,0,0,0,0,0,0,0,0,0,0,0,0,0,0,0,0,0,0,0,0,0,0,0,0,0,0,0,0,0,0,0,0,0,0,0,0,0,0,0,0,0,0,0,0,0,0,0,0,0,0,
Participant,7_3,11_49_53,4.0045,0,0,0,4.004453,0.0000,0.0000,0.0000,0.0000,0.0000,0.0000,3.766459,3.73273,3.749594,0.1449924,,,,,0,0,0,0,0,0,0,0,0,0,0,0,0,0,0,0,0,0,0,0,0,0,0,0,0,0,0,0,0,0,0,0,0,0,0,0,0,0,0,0,0,0,0,0,0,0,0,0,0,0,0,
Participant,7_3,11_49_53,4.0077,0,0,0,4.007729,0.0000,0.0000,0.0000,0.0000,0.0000,0.0000,3.72138,3.76225,3.741815,0.1372132,,,,,0,0,0,0,0,0,0,0,0,0,0,0,0,0,0,0,0,0,0,0,0,0,0,0,0,0,0,0,0,0,0,0,0,0,0,0,0,0,0,0,0,0,0,0,0,0,0,0,0,0,0,
Participant,7_3,11_49_53,4.0110,0,0,0,4.010983,0.0000,0.0000,0.0000,0.0000,0.0000,0.0000,3.758835,3.755769,3.757302,0.1527002,,,,,0,0,0,0,0,0,0,0,0,0,0,0,0,0,0,0,0,0,0,0,0,0,0,0,0,0,0,0,0,0,0,0,0,0,0,0,0,0,0,0,0,0,0,0,0,0,0,0,0,0,0,
Participant,7_3,11_49_53,4.0143,0,0,0,4.014304,0.0000,0.0000,0.0000,0.0000,0.0000,0.0000,3.752537,3.772849,3.762693,0.1580913,,,,,0,0,0,0,0,0,0,0,0,0,0,0,0,0,0,0,0,0,0,0,0,0,0,0,0,0,0,0,0,0,0,0,0,0,0,0,0,0,0,0,0,0,0,0,0,0,0,0,0,0,0,
Participant,7_3,11_49_53,4.0180,0,0,0,4.017993,0.0000,0.0000,0.0000,0.0000,0.0000,0.0000,3.740655,3.724435,3.732545,0.127943,,,,,0,0,0,0,0,0,0,0,0,0,0,0,0,0,0,0,0,0,0,0,0,0,0,0,0,0,0,0,0,0,0,0,0,0,0,0,0,0,0,0,0,0,0,0,0,0,0,0,0,0,0,
Participant,7_3,11_49_53,4.0212,0,0,0,4.021162,0.0000,0.0000,0.0000,0.0000,0.0000,0.0000,3.765848,3.731427,3.748638,0.1440356,,,,,0,0,0,0,0,0,0,0,0,0,0,0,0,0,0,0,0,0,0,0,0,0,0,0,0,0,0,0,0,0,0,0,0,0,0,0,0,0,0,0,0,0,0,0,0,0,0,0,0,0,0,
Participant,7_3,11_49_53,4.0245,0,0,0,4.024533,0.0000,0.0000,0.0000,0.0000,0.0000,0.0000,3.73733,3.725097,3.731214,0.1266115,,,,,0,0,0,0,0,0,0,0,0,0,0,0,0,0,0,0,0,0,0,0,0,0,0,0,0,0,0,0,0,0,0,0,0,0,0,0,0,0,0,0,0,0,0,0,0,0,0,0,0,0,0,
Participant,7_3,11_49_53,4.0278,0,0,0,4.027753,0.0000,0.0000,0.0000,0.0000,0.0000,0.0000,3.758773,3.771565,3.765169,0.1605666,,,,,0,0,0,0,0,0,0,0,0,0,0,0,0,0,0,0,0,0,0,0,0,0,0,0,0,0,0,0,0,0,0,0,0,0,0,0,0,0,0,0,0,0,0,0,0,0,0,0,0,0,0,
Participant,7_3,11_49_53,4.0314,0,0,0,4.031355,0.0000,0.0000,0.0000,0.0000,0.0000,0.0000,3.732811,3.744915,3.738863,0.1342609,,,,,0,0,0,0,0,0,0,0,0,0,0,0,0,0,0,0,0,0,0,0,0,0,0,0,0,0,0,0,0,0,0,0,0,0,0,0,0,0,0,0,0,0,0,0,0,0,0,0,0,0,0,
Participant,7_3,11_49_53,4.0414,0,0,0,4.041406,0.0000,0.0000,0.0000,0.0000,0.0000,0.0000,3.723279,3.750221,3.736751,0.1321485,,,,,0,0,0,0,0,0,0,0,0,0,0,0,0,0,0,0,0,0,0,0,0,0,0,0,0,0,0,0,0,0,0,0,0,0,0,0,0,0,0,0,0,0,0,0,0,0,0,0,0,0,0,
Participant,7_3,11_49_53,4.0450,0,0,0,4.045036,0.0000,0.0000,0.0000,0.0000,0.0000,0.0000,3.730581,3.761936,3.746258,0.1416562,,,,,0,0,0,0,0,0,0,0,0,0,0,0,0,0,0,0,0,0,0,0,0,0,0,0,0,0,0,0,0,0,0,0,0,0,0,0,0,0,0,0,0,0,0,0,0,0,0,0,0,0,0,
Participant,7_3,11_49_53,4.0485,0,0,0,4.048455,0.0000,0.0000,0.0000,0.0000,0.0000,0.0000,3.732036,3.723077,3.727556,0.1229544,,,,,0,0,0,0,0,0,0,0,0,0,0,0,0,0,0,0,0,0,0,0,0,0,0,0,0,0,0,0,0,0,0,0,0,0,0,0,0,0,0,0,0,0,0,0,0,0,0,0,0,0,0,
Participant,7_3,11_49_53,4.0516,0,0,0,4.05164,0.0000,0.0000,0.0000,0.0000,0.0000,0.0000,3.724073,3.721161,3.722617,0.1180151,,,,,0,0,0,0,0,0,0,0,0,0,0,0,0,0,0,0,0,0,0,0,0,0,0,0,0,0,0,0,0,0,0,0,0,0,0,0,0,0,0,0,0,0,0,0,0,0,0,0,0,0,0,
Participant,7_3,11_49_53,4.0548,0,0,0,4.054781,0.0000,0.0000,0.0000,0.0000,0.0000,0.0000,3.716628,3.755527,3.736077,0.1314752,,,,,0,0,0,0,0,0,0,0,0,0,0,0,0,0,0,0,0,0,0,0,0,0,0,0,0,0,0,0,0,0,0,0,0,0,0,0,0,0,0,0,0,0,0,0,0,0,0,0,0,0,0,
Participant,7_3,11_49_53,4.0579,0,0,0,4.057937,0.0000,0.0000,0.0000,0.0000,0.0000,0.0000,3.714909,3.737044,3.725977,0.1213746,,,,,0,0,0,0,0,0,0,0,0,0,0,0,0,0,0,0,0,0,0,0,0,0,0,0,0,0,0,0,0,0,0,0,0,0,0,0,0,0,0,0,0,0,0,0,0,0,0,0,0,0,0,
Participant,7_3,11_49_53,4.0611,0,0,0,4.061099,0.0000,0.0000,0.0000,0.0000,0.0000,0.0000,3.761049,3.735063,3.748056,0.1434538,,,,,0,0,0,0,0,0,0,0,0,0,0,0,0,0,0,0,0,0,0,0,0,0,0,0,0,0,0,0,0,0,0,0,0,0,0,0,0,0,0,0,0,0,0,0,0,0,0,0,0,0,0,
Participant,7_3,11_49_53,4.0645,0,0,0,4.064487,0.0000,0.0000,0.0000,0.0000,0.0000,0.0000,3.737846,3.749873,3.74386,0.1392574,,,,,0,0,0,0,0,0,0,0,0,0,0,0,0,0,0,0,0,0,0,0,0,0,0,0,0,0,0,0,0,0,0,0,0,0,0,0,0,0,0,0,0,0,0,0,0,0,0,0,0,0,0,
Participant,7_3,11_49_53,4.0676,0,0,0,4.067619,0.0000,0.0000,0.0000,0.0000,0.0000,0.0000,3.727082,3.721373,3.724227,0.1196253,,,,,0,0,0,0,0,0,0,0,0,0,0,0,0,0,0,0,0,0,0,0,0,0,0,0,0,0,0,0,0,0,0,0,0,0,0,0,0,0,0,0,0,0,0,0,0,0,0,0,0,0,0,
Participant,7_3,11_49_53,4.0707,0,0,0,4.070745,0.0000,0.0000,0.0000,0.0000,0.0000,0.0000,3.71604,3.762916,3.739478,0.1348758,,,,,0,0,0,0,0,0,0,0,0,0,0,0,0,0,0,0,0,0,0,0,0,0,0,0,0,0,0,0,0,0,0,0,0,0,0,0,0,0,0,0,0,0,0,0,0,0,0,0,0,0,0,
Participant,7_3,11_49_53,4.0739,0,0,0,4.0739,0.0000,0.0000,0.0000,0.0000,0.0000,0.0000,3.751724,3.749287,3.750505,0.1459033,,,,,0,0,0,0,0,0,0,0,0,0,0,0,0,0,0,0,0,0,0,0,0,0,0,0,0,0,0,0,0,0,0,0,0,0,0,0,0,0,0,0,0,0,0,0,0,0,0,0,0,0,0,
Participant,7_3,11_49_53,4.0771,0,0,0,4.077145,0.0000,0.0000,0.0000,0.0000,0.0000,0.0000,3.744108,3.753582,3.748845,0.144243,,,,,0,0,0,0,0,0,0,0,0,0,0,0,0,0,0,0,0,0,0,0,0,0,0,0,0,0,0,0,0,0,0,0,0,0,0,0,0,0,0,0,0,0,0,0,0,0,0,0,0,0,0,
Participant,7_3,11_49_53,4.0803,0,0,0,4.080304,0.0000,0.0000,0.0000,0.0000,0.0000,0.0000,3.755931,3.742891,3.749411,0.144809,,,,,0,0,0,0,0,0,0,0,0,0,0,0,0,0,0,0,0,0,0,0,0,0,0,0,0,0,0,0,0,0,0,0,0,0,0,0,0,0,0,0,0,0,0,0,0,0,0,0,0,0,0,
Participant,7_3,11_49_53,4.0836,0,0,0,4.083642,0.0000,0.0000,0.0000,0.0000,0.0000,0.0000,3.750742,3.766633,3.758688,0.1540859,,,,,0,0,0,0,0,0,0,0,0,0,0,0,0,0,0,0,0,0,0,0,0,0,0,0,0,0,0,0,0,0,0,0,0,0,0,0,0,0,0,0,0,0,0,0,0,0,0,0,0,0,0,
Participant,7_3,11_49_53,4.0869,0,0,0,4.086861,0.0000,0.0000,0.0000,0.0000,0.0000,0.0000,3.73729,3.761731,3.749511,0.1449087,,,,,0,0,0,0,0,0,0,0,0,0,0,0,0,0,0,0,0,0,0,0,0,0,0,0,0,0,0,0,0,0,0,0,0,0,0,0,0,0,0,0,0,0,0,0,0,0,0,0,0,0,0,
Participant,7_3,11_49_53,4.0901,0,0,0,4.090095,0.0000,0.0000,0.0000,0.0000,0.0000,0.0000,3.760797,3.740502,3.750649,0.1460474,,,,,0,0,0,0,0,0,0,0,0,0,0,0,0,0,0,0,0,0,0,0,0,0,0,0,0,0,0,0,0,0,0,0,0,0,0,0,0,0,0,0,0,0,0,0,0,0,0,0,0,0,0,
Participant,7_3,11_49_53,4.0932,0,0,0,4.093188,0.0000,0.0000,0.0000,0.0000,0.0000,0.0000,3.762946,3.750398,3.756672,0.1520698,,,,,0,0,0,0,0,0,0,0,0,0,0,0,0,0,0,0,0,0,0,0,0,0,0,0,0,0,0,0,0,0,0,0,0,0,0,0,0,0,0,0,0,0,0,0,0,0,0,0,0,0,0,
Participant,7_3,11_49_53,4.0964,0,0,0,4.096407,0.0000,0.0000,0.0000,0.0000,0.0000,0.0000,3.761995,3.733377,3.747686,0.1430838,,,,,0,0,0,0,0,0,0,0,0,0,0,0,0,0,0,0,0,0,0,0,0,0,0,0,0,0,0,0,0,0,0,0,0,0,0,0,0,0,0,0,0,0,0,0,0,0,0,0,0,0,0,
Participant,7_3,11_49_53,4.1003,0,0,0,4.100281,0.0000,0.0000,0.0000,0.0000,0.0000,0.0000,3.760891,3.721973,3.741432,0.1368301,,,,,0,0,0,0,0,0,0,0,0,0,0,0,0,0,0,0,0,0,0,0,0,0,0,0,0,0,0,0,0,0,0,0,0,0,0,0,0,0,0,0,0,0,0,0,0,0,0,0,0,0,0,
Participant,7_3,11_49_53,4.1038,0,0,0,4.103833,0.0000,0.0000,0.0000,0.0000,0.0000,0.0000,3.714827,3.739955,3.727391,0.1227891,,,,,0,0,0,0,0,0,0,0,0,0,0,0,0,0,0,0,0,0,0,0,0,0,0,0,0,0,0,0,0,0,0,0,0,0,0,0,0,0,0,0,0,0,0,0,0,0,0,0,0,0,0,
Participant,7_3,11_49_53,4.1070,0,0,0,4.10701,0.0000,0.0000,0.0000,0.0000,0.0000,0.0000,3.704184,3.72043,3.712307,0.1077049,,,,,0,0,0,0,0,0,0,0,0,0,0,0,0,0,0,0,0,0,0,0,0,0,0,0,0,0,0,0,0,0,0,0,0,0,0,0,0,0,0,0,0,0,0,0,0,0,0,0,0,0,0,
Participant,7_3,11_49_53,4.1101,0,0,0,4.11013,0.0000,0.0000,0.0000,0.0000,0.0000,0.0000,3.715505,3.754816,3.73516,0.1305583,,,,,0,0,0,0,0,0,0,0,0,0,0,0,0,0,0,0,0,0,0,0,0,0,0,0,0,0,0,0,0,0,0,0,0,0,0,0,0,0,0,0,0,0,0,0,0,0,0,0,0,0,0,
Participant,7_3,11_49_53,4.1133,0,0,0,4.113269,0.0000,0.0000,0.0000,0.0000,0.0000,0.0000,3.724135,3.739379,3.731757,0.1271546,,,,,0,0,0,0,0,0,0,0,0,0,0,0,0,0,0,0,0,0,0,0,0,0,0,0,0,0,0,0,0,0,0,0,0,0,0,0,0,0,0,0,0,0,0,0,0,0,0,0,0,0,0,
Participant,7_3,11_49_53,4.1166,0,0,0,4.116643,0.0000,0.0000,0.0000,0.0000,0.0000,0.0000,3.707067,3.756781,3.731924,0.1273215,,,,,0,0,0,0,0,0,0,0,0,0,0,0,0,0,0,0,0,0,0,0,0,0,0,0,0,0,0,0,0,0,0,0,0,0,0,0,0,0,0,0,0,0,0,0,0,0,0,0,0,0,0,
Participant,7_3,11_49_53,4.1198,0,0,0,4.11984,0.0000,0.0000,0.0000,0.0000,0.0000,0.0000,3.744334,3.714137,3.729236,0.1246336,,,,,0,0,0,0,0,0,0,0,0,0,0,0,0,0,0,0,0,0,0,0,0,0,0,0,0,0,0,0,0,0,0,0,0,0,0,0,0,0,0,0,0,0,0,0,0,0,0,0,0,0,0,
Participant,7_3,11_49_53,4.1230,0,0,0,4.123004,0.0000,0.0000,0.0000,0.0000,0.0000,0.0000,3.741943,3.733396,3.737669,0.1330674,,,,,0,0,0,0,0,0,0,0,0,0,0,0,0,0,0,0,0,0,0,0,0,0,0,0,0,0,0,0,0,0,0,0,0,0,0,0,0,0,0,0,0,0,0,0,0,0,0,0,0,0,0,
Participant,7_3,11_49_53,4.1266,0,0,0,4.126634,0.0000,0.0000,0.0000,0.0000,0.0000,0.0000,3.700648,3.724861,3.712754,0.1081522,,,,,0,0,0,0,0,0,0,0,0,0,0,0,0,0,0,0,0,0,0,0,0,0,0,0,0,0,0,0,0,0,0,0,0,0,0,0,0,0,0,0,0,0,0,0,0,0,0,0,0,0,0,
Participant,7_3,11_49_53,4.1301,0,0,0,4.130114,0.0000,0.0000,0.0000,0.0000,0.0000,0.0000,3.716442,3.73676,3.726601,0.121999,,,,,0,0,0,0,0,0,0,0,0,0,0,0,0,0,0,0,0,0,0,0,0,0,0,0,0,0,0,0,0,0,0,0,0,0,0,0,0,0,0,0,0,0,0,0,0,0,0,0,0,0,0,
Participant,7_3,11_49_53,4.1339,0,0,0,4.133939,0.0000,0.0000,0.0000,0.0000,0.0000,0.0000,3.758742,3.741551,3.750146,0.1455443,,,,,0,0,0,0,0,0,0,0,0,0,0,0,0,0,0,0,0,0,0,0,0,0,0,0,0,0,0,0,0,0,0,0,0,0,0,0,0,0,0,0,0,0,0,0,0,0,0,0,0,0,0,
Participant,7_3,11_49_53,4.1374,0,0,0,4.137356,0.0000,0.0000,0.0000,0.0000,0.0000,0.0000,3.714224,3.751933,3.733078,0.1284764,,,,,0,0,0,0,0,0,0,0,0,0,0,0,0,0,0,0,0,0,0,0,0,0,0,0,0,0,0,0,0,0,0,0,0,0,0,0,0,0,0,0,0,0,0,0,0,0,0,0,0,0,0,
Participant,7_3,11_49_53,4.1407,0,0,0,4.140749,0.0000,0.0000,0.0000,0.0000,0.0000,0.0000,3.731591,3.710418,3.721004,0.1164024,,,,,0,0,0,0,0,0,0,0,0,0,0,0,0,0,0,0,0,0,0,0,0,0,0,0,0,0,0,0,0,0,0,0,0,0,0,0,0,0,0,0,0,0,0,0,0,0,0,0,0,0,0,
Participant,7_3,11_49_53,4.1443,0,0,0,4.144288,0.0000,0.0000,0.0000,0.0000,0.0000,0.0000,3.725364,3.701292,3.713328,0.108726,,,,,0,0,0,0,0,0,0,0,0,0,0,0,0,0,0,0,0,0,0,0,0,0,0,0,0,0,0,0,0,0,0,0,0,0,0,0,0,0,0,0,0,0,0,0,0,0,0,0,0,0,0,
Participant,7_3,11_49_53,4.1477,0,0,0,4.147712,0.0000,0.0000,0.0000,0.0000,0.0000,0.0000,3.715922,3.74908,3.732501,0.1278989,,,,,0,0,0,0,0,0,0,0,0,0,0,0,0,0,0,0,0,0,0,0,0,0,0,0,0,0,0,0,0,0,0,0,0,0,0,0,0,0,0,0,0,0,0,0,0,0,0,0,0,0,0,
Participant,7_3,11_49_53,4.1515,0,0,0,4.151451,0.0000,0.0000,0.0000,0.0000,0.0000,0.0000,3.747453,3.732002,3.739728,0.1351256,,,,,0,0,0,0,0,0,0,0,0,0,0,0,0,0,0,0,0,0,0,0,0,0,0,0,0,0,0,0,0,0,0,0,0,0,0,0,0,0,0,0,0,0,0,0,0,0,0,0,0,0,0,
Participant,7_3,11_49_53,4.1546,0,0,0,4.154598,0.0000,0.0000,0.0000,0.0000,0.0000,0.0000,3.732218,3.728995,3.730607,0.1260045,,,,,0,0,0,0,0,0,0,0,0,0,0,0,0,0,0,0,0,0,0,0,0,0,0,0,0,0,0,0,0,0,0,0,0,0,0,0,0,0,0,0,0,0,0,0,0,0,0,0,0,0,0,
Participant,7_3,11_49_53,4.1577,0,0,0,4.157743,0.0000,0.0000,0.0000,0.0000,0.0000,0.0000,3.712757,3.730205,3.721481,0.1168787,,,,,0,0,0,0,0,0,0,0,0,0,0,0,0,0,0,0,0,0,0,0,0,0,0,0,0,0,0,0,0,0,0,0,0,0,0,0,0,0,0,0,0,0,0,0,0,0,0,0,0,0,0,
Participant,7_3,11_49_53,4.1609,0,0,0,4.160872,0.0000,0.0000,0.0000,0.0000,0.0000,0.0000,3.695593,3.708235,3.701914,0.09731174,,,,,0,0,0,0,0,0,0,0,0,0,0,0,0,0,0,0,0,0,0,0,0,0,0,0,0,0,0,0,0,0,0,0,0,0,0,0,0,0,0,0,0,0,0,0,0,0,0,0,0,0,0,
Participant,7_3,11_49_53,4.1642,0,0,0,4.16419,0.0000,0.0000,0.0000,0.0000,0.0000,0.0000,3.744066,3.706418,3.725242,0.12064,,,,,0,0,0,0,0,0,0,0,0,0,0,0,0,0,0,0,0,0,0,0,0,0,0,0,0,0,0,0,0,0,0,0,0,0,0,0,0,0,0,0,0,0,0,0,0,0,0,0,0,0,0,
Participant,7_3,11_49_53,4.1674,0,0,0,4.167369,0.0000,0.0000,0.0000,0.0000,0.0000,0.0000,3.719379,3.715996,3.717688,0.1130855,,,,,0,0,0,0,0,0,0,0,0,0,0,0,0,0,0,0,0,0,0,0,0,0,0,0,0,0,0,0,0,0,0,0,0,0,0,0,0,0,0,0,0,0,0,0,0,0,0,0,0,0,0,
Participant,7_3,11_49_53,4.1705,0,0,0,4.170547,0.0000,0.0000,0.0000,0.0000,0.0000,0.0000,3.726753,3.737565,3.732159,0.1275566,,,,,0,0,0,0,0,0,0,0,0,0,0,0,0,0,0,0,0,0,0,0,0,0,0,0,0,0,0,0,0,0,0,0,0,0,0,0,0,0,0,0,0,0,0,0,0,0,0,0,0,0,0,
Participant,7_3,11_49_53,4.1737,0,0,0,4.173687,0.0000,0.0000,0.0000,0.0000,0.0000,0.0000,3.731386,3.728747,3.730066,0.1254642,,,,,0,0,0,0,0,0,0,0,0,0,0,0,0,0,0,0,0,0,0,0,0,0,0,0,0,0,0,0,0,0,0,0,0,0,0,0,0,0,0,0,0,0,0,0,0,0,0,0,0,0,0,
Participant,7_3,11_49_53,4.1769,0,0,0,4.176924,0.0000,0.0000,0.0000,0.0000,0.0000,0.0000,3.742317,3.732167,3.737242,0.1326401,,,,,0,0,0,0,0,0,0,0,0,0,0,0,0,0,0,0,0,0,0,0,0,0,0,0,0,0,0,0,0,0,0,0,0,0,0,0,0,0,0,0,0,0,0,0,0,0,0,0,0,0,0,
Participant,7_3,11_49_53,4.1803,0,0,0,4.180334,0.0000,0.0000,0.0000,0.0000,0.0000,0.0000,3.73103,3.691574,3.711302,0.1066997,,,,,0,0,0,0,0,0,0,0,0,0,0,0,0,0,0,0,0,0,0,0,0,0,0,0,0,0,0,0,0,0,0,0,0,0,0,0,0,0,0,0,0,0,0,0,0,0,0,0,0,0,0,
Participant,7_3,11_49_53,4.1843,0,0,0,4.18429,0.0000,0.0000,0.0000,0.0000,0.0000,0.0000,3.723247,3.740634,3.73194,0.1273382,,,,,0,0,0,0,0,0,0,0,0,0,0,0,0,0,0,0,0,0,0,0,0,0,0,0,0,0,0,0,0,0,0,0,0,0,0,0,0,0,0,0,0,0,0,0,0,0,0,0,0,0,0,
Participant,7_3,11_49_53,4.1876,0,0,0,4.187649,0.0000,0.0000,0.0000,0.0000,0.0000,0.0000,3.728432,3.730399,3.729416,0.1248138,,,,,0,0,0,0,0,0,0,0,0,0,0,0,0,0,0,0,0,0,0,0,0,0,0,0,0,0,0,0,0,0,0,0,0,0,0,0,0,0,0,0,0,0,0,0,0,0,0,0,0,0,0,
Participant,7_3,11_49_53,4.1910,0,0,0,4.191028,0.0000,0.0000,0.0000,0.0000,0.0000,0.0000,3.712442,3.712637,3.712539,0.1079371,,,,,0,0,0,0,0,0,0,0,0,0,0,0,0,0,0,0,0,0,0,0,0,0,0,0,0,0,0,0,0,0,0,0,0,0,0,0,0,0,0,0,0,0,0,0,0,0,0,0,0,0,0,
Participant,7_3,11_49_53,4.1942,0,0,0,4.194221,0.0000,0.0000,0.0000,0.0000,0.0000,0.0000,3.734668,3.737329,3.735999,0.1313965,,,,,0,0,0,0,0,0,0,0,0,0,0,0,0,0,0,0,0,0,0,0,0,0,0,0,0,0,0,0,0,0,0,0,0,0,0,0,0,0,0,0,0,0,0,0,0,0,0,0,0,0,0,
Participant,7_3,11_49_53,4.1975,0,0,0,4.19745,0.0000,0.0000,0.0000,0.0000,0.0000,0.0000,3.741999,3.696617,3.719308,0.114706,,,,,0,0,0,0,0,0,0,0,0,0,0,0,0,0,0,0,0,0,0,0,0,0,0,0,0,0,0,0,0,0,0,0,0,0,0,0,0,0,0,0,0,0,0,0,0,0,0,0,0,0,0,
Participant,7_3,11_49_53,4.2006,0,0,0,4.200589,0.0000,0.0000,0.0000,0.0000,0.0000,0.0000,3.723389,3.721476,3.722433,0.1178305,,,,,0,0,0,0,0,0,0,0,0,0,0,0,0,0,0,0,0,0,0,0,0,0,0,0,0,0,0,0,0,0,0,0,0,0,0,0,0,0,0,0,0,0,0,0,0,0,0,0,0,0,0,
Participant,7_3,11_49_53,4.2050,0,0,0,4.204997,0.0000,0.0000,0.0000,0.0000,0.0000,0.0000,3.701152,3.7367,3.718926,0.1143239,,,,,0,0,0,0,0,0,0,0,0,0,0,0,0,0,0,0,0,0,0,0,0,0,0,0,0,0,0,0,0,0,0,0,0,0,0,0,0,0,0,0,0,0,0,0,0,0,0,0,0,0,0,
Participant,7_3,11_49_53,4.2082,0,0,0,4.208236,0.0000,0.0000,0.0000,0.0000,0.0000,0.0000,3.710342,3.683403,3.696873,0.09227061,,,,,0,0,0,0,0,0,0,0,0,0,0,0,0,0,0,0,0,0,0,0,0,0,0,0,0,0,0,0,0,0,0,0,0,0,0,0,0,0,0,0,0,0,0,0,0,0,0,0,0,0,0,
Participant,7_3,11_49_53,4.2114,0,0,0,4.211448,0.0000,0.0000,0.0000,0.0000,0.0000,0.0000,3.704785,3.740474,3.72263,0.1180274,,,,,0,0,0,0,0,0,0,0,0,0,0,0,0,0,0,0,0,0,0,0,0,0,0,0,0,0,0,0,0,0,0,0,0,0,0,0,0,0,0,0,0,0,0,0,0,0,0,0,0,0,0,
Participant,7_3,11_49_53,4.2147,0,0,0,4.214742,0.0000,0.0000,0.0000,0.0000,0.0000,0.0000,3.736191,3.680696,3.708444,0.1038415,,,,,0,0,0,0,0,0,0,0,0,0,0,0,0,0,0,0,0,0,0,0,0,0,0,0,0,0,0,0,0,0,0,0,0,0,0,0,0,0,0,0,0,0,0,0,0,0,0,0,0,0,0,
Participant,7_3,11_49_53,4.2180,0,0,0,4.217967,0.0000,0.0000,0.0000,0.0000,0.0000,0.0000,3.712973,3.708194,3.710583,0.1059813,,,,,0,0,0,0,0,0,0,0,0,0,0,0,0,0,0,0,0,0,0,0,0,0,0,0,0,0,0,0,0,0,0,0,0,0,0,0,0,0,0,0,0,0,0,0,0,0,0,0,0,0,0,
Participant,7_3,11_49_53,4.2212,0,0,0,4.221187,0.0000,0.0000,0.0000,0.0000,0.0000,0.0000,3.695199,3.713173,3.704186,0.09958386,,,,,0,0,0,0,0,0,0,0,0,0,0,0,0,0,0,0,0,0,0,0,0,0,0,0,0,0,0,0,0,0,0,0,0,0,0,0,0,0,0,0,0,0,0,0,0,0,0,0,0,0,0,
Participant,7_3,11_49_53,4.2248,0,0,0,4.224753,0.0000,0.0000,0.0000,0.0000,0.0000,0.0000,3.706521,3.710421,3.708471,0.1038687,,,,,0,0,0,0,0,0,0,0,0,0,0,0,0,0,0,0,0,0,0,0,0,0,0,0,0,0,0,0,0,0,0,0,0,0,0,0,0,0,0,0,0,0,0,0,0,0,0,0,0,0,0,
Participant,7_3,11_49_53,4.2281,0,0,0,4.228115,0.0000,0.0000,0.0000,0.0000,0.0000,0.0000,3.726052,3.67801,3.702031,0.0974288,,,,,0,0,0,0,0,0,0,0,0,0,0,0,0,0,0,0,0,0,0,0,0,0,0,0,0,0,0,0,0,0,0,0,0,0,0,0,0,0,0,0,0,0,0,0,0,0,0,0,0,0,0,
Participant,7_3,11_49_53,4.2315,0,0,0,4.231467,0.0000,0.0000,0.0000,0.0000,0.0000,0.0000,3.725636,3.712991,3.719314,0.1147115,,,,,0,0,0,0,0,0,0,0,0,0,0,0,0,0,0,0,0,0,0,0,0,0,0,0,0,0,0,0,0,0,0,0,0,0,0,0,0,0,0,0,0,0,0,0,0,0,0,0,0,0,0,
Participant,7_3,11_49_53,4.2411,0,0,0,4.241054,0.0000,0.0000,0.0000,0.0000,0.0000,0.0000,3.723245,3.721941,3.722593,0.1179907,,,,,0,0,0,0,0,0,0,0,0,0,0,0,0,0,0,0,0,0,0,0,0,0,0,0,0,0,0,0,0,0,0,0,0,0,0,0,0,0,0,0,0,0,0,0,0,0,0,0,0,0,0,
Participant,7_3,11_49_53,4.2446,0,0,0,4.244601,0.0000,0.0000,0.0000,0.0000,0.0000,0.0000,3.726861,3.674166,3.700513,0.09591126,,,,,0,0,0,0,0,0,0,0,0,0,0,0,0,0,0,0,0,0,0,0,0,0,0,0,0,0,0,0,0,0,0,0,0,0,0,0,0,0,0,0,0,0,0,0,0,0,0,0,0,0,0,
Participant,7_3,11_49_53,4.2482,0,0,0,4.24821,0.0000,0.0000,0.0000,0.0000,0.0000,0.0000,3.684549,3.684329,3.684439,0.07983661,,,,,0,0,0,0,0,0,0,0,0,0,0,0,0,0,0,0,0,0,0,0,0,0,0,0,0,0,0,0,0,0,0,0,0,0,0,0,0,0,0,0,0,0,0,0,0,0,0,0,0,0,0,
Participant,7_3,11_49_53,4.2518,0,0,0,4.251843,0.0000,0.0000,0.0000,0.0000,0.0000,0.0000,3.672132,3.704057,3.688094,0.08349228,,,,,0,0,0,0,0,0,0,0,0,0,0,0,0,0,0,0,0,0,0,0,0,0,0,0,0,0,0,0,0,0,0,0,0,0,0,0,0,0,0,0,0,0,0,0,0,0,0,0,0,0,0,
Participant,7_3,11_49_53,4.2551,0,0,0,4.255147,0.0000,0.0000,0.0000,0.0000,0.0000,0.0000,3.725469,3.68272,3.704095,0.09949255,,,,,0,0,0,0,0,0,0,0,0,0,0,0,0,0,0,0,0,0,0,0,0,0,0,0,0,0,0,0,0,0,0,0,0,0,0,0,0,0,0,0,0,0,0,0,0,0,0,0,0,0,0,
Participant,7_3,11_49_53,4.2585,0,0,0,4.258549,0.0000,0.0000,0.0000,0.0000,0.0000,0.0000,3.681703,3.669991,3.675847,0.07124496,,,,,0,0,0,0,0,0,0,0,0,0,0,0,0,0,0,0,0,0,0,0,0,0,0,0,0,0,0,0,0,0,0,0,0,0,0,0,0,0,0,0,0,0,0,0,0,0,0,0,0,0,0,
Participant,7_3,11_49_53,4.2618,0,0,0,4.2618,0.0000,0.0000,0.0000,0.0000,0.0000,0.0000,3.668709,3.719933,3.694321,0.08971906,,,,,0,0,0,0,0,0,0,0,0,0,0,0,0,0,0,0,0,0,0,0,0,0,0,0,0,0,0,0,0,0,0,0,0,0,0,0,0,0,0,0,0,0,0,0,0,0,0,0,0,0,0,
Participant,7_3,11_49_53,4.2652,0,0,0,4.265156,0.0000,0.0000,0.0000,0.0000,0.0000,0.0000,3.713543,3.724707,3.719125,0.1145232,,,,,0,0,0,0,0,0,0,0,0,0,0,0,0,0,0,0,0,0,0,0,0,0,0,0,0,0,0,0,0,0,0,0,0,0,0,0,0,0,0,0,0,0,0,0,0,0,0,0,0,0,0,
Participant,7_3,11_49_53,4.2684,0,0,0,4.268409,0.0000,0.0000,0.0000,0.0000,0.0000,0.0000,3.72362,3.68807,3.705845,0.1012428,,,,,0,0,0,0,0,0,0,0,0,0,0,0,0,0,0,0,0,0,0,0,0,0,0,0,0,0,0,0,0,0,0,0,0,0,0,0,0,0,0,0,0,0,0,0,0,0,0,0,0,0,0,
Participant,7_3,11_49_53,4.2716,0,0,0,4.271634,0.0000,0.0000,0.0000,0.0000,0.0000,0.0000,3.712908,3.693838,3.703373,0.09877062,,,,,0,0,0,0,0,0,0,0,0,0,0,0,0,0,0,0,0,0,0,0,0,0,0,0,0,0,0,0,0,0,0,0,0,0,0,0,0,0,0,0,0,0,0,0,0,0,0,0,0,0,0,
Participant,7_3,11_49_53,4.2748,0,0,0,4.274829,0.0000,0.0000,0.0000,0.0000,0.0000,0.0000,3.718034,3.688433,3.703233,0.09863114,,,,,0,0,0,0,0,0,0,0,0,0,0,0,0,0,0,0,0,0,0,0,0,0,0,0,0,0,0,0,0,0,0,0,0,0,0,0,0,0,0,0,0,0,0,0,0,0,0,0,0,0,0,
Participant,7_3,11_49_53,4.2781,0,0,0,4.278089,0.0000,0.0000,0.0000,0.0000,0.0000,0.0000,3.706618,3.667851,3.687234,0.0826323,,,,,0,0,0,0,0,0,0,0,0,0,0,0,0,0,0,0,0,0,0,0,0,0,0,0,0,0,0,0,0,0,0,0,0,0,0,0,0,0,0,0,0,0,0,0,0,0,0,0,0,0,0,
Participant,7_3,11_49_53,4.2815,0,0,0,4.281515,0.0000,0.0000,0.0000,0.0000,0.0000,0.0000,3.686125,3.67566,3.680892,0.07629037,,,,,0,0,0,0,0,0,0,0,0,0,0,0,0,0,0,0,0,0,0,0,0,0,0,0,0,0,0,0,0,0,0,0,0,0,0,0,0,0,0,0,0,0,0,0,0,0,0,0,0,0,0,
Participant,7_3,11_49_53,4.2853,0,0,0,4.285258,0.0000,0.0000,0.0000,0.0000,0.0000,0.0000,3.696415,3.677648,3.687032,0.08242941,,,,,0,0,0,0,0,0,0,0,0,0,0,0,0,0,0,0,0,0,0,0,0,0,0,0,0,0,0,0,0,0,0,0,0,0,0,0,0,0,0,0,0,0,0,0,0,0,0,0,0,0,0,
Participant,7_3,11_49_53,4.2886,0,0,0,4.288574,0.0000,0.0000,0.0000,0.0000,0.0000,0.0000,3.666866,3.694373,3.680619,0.07601738,,,,,0,0,0,0,0,0,0,0,0,0,0,0,0,0,0,0,0,0,0,0,0,0,0,0,0,0,0,0,0,0,0,0,0,0,0,0,0,0,0,0,0,0,0,0,0,0,0,0,0,0,0,
Participant,7_3,11_49_53,4.2921,0,0,0,4.292113,0.0000,0.0000,0.0000,0.0000,0.0000,0.0000,3.678061,3.657993,3.668027,0.0634253,,,,,0,0,0,0,0,0,0,0,0,0,0,0,0,0,0,0,0,0,0,0,0,0,0,0,0,0,0,0,0,0,0,0,0,0,0,0,0,0,0,0,0,0,0,0,0,0,0,0,0,0,0,
Participant,7_3,11_49_53,4.2956,0,0,0,4.295567,0.0000,0.0000,0.0000,0.0000,0.0000,0.0000,3.685086,3.712309,3.698697,0.09409523,,,,,0,0,0,0,0,0,0,0,0,0,0,0,0,0,0,0,0,0,0,0,0,0,0,0,0,0,0,0,0,0,0,0,0,0,0,0,0,0,0,0,0,0,0,0,0,0,0,0,0,0,0,
Participant,7_3,11_49_53,4.2994,0,0,0,4.299411,0.0000,0.0000,0.0000,0.0000,0.0000,0.0000,3.705264,3.694123,3.699693,0.09509134,,,,,0,0,0,0,0,0,0,0,0,0,0,0,0,0,0,0,0,0,0,0,0,0,0,0,0,0,0,0,0,0,0,0,0,0,0,0,0,0,0,0,0,0,0,0,0,0,0,0,0,0,0,
Participant,7_3,11_49_53,4.3029,0,0,0,4.302896,0.0000,0.0000,0.0000,0.0000,0.0000,0.0000,3.703247,3.657957,3.680602,0.07599998,,,,,0,0,0,0,0,0,0,0,0,0,0,0,0,0,0,0,0,0,0,0,0,0,0,0,0,0,0,0,0,0,0,0,0,0,0,0,0,0,0,0,0,0,0,0,0,0,0,0,0,0,0,
Participant,7_3,11_49_53,4.3064,0,0,0,4.306399,0.0000,0.0000,0.0000,0.0000,0.0000,0.0000,3.704274,3.653901,3.679087,0.0744853,,,,,0,0,0,0,0,0,0,0,0,0,0,0,0,0,0,0,0,0,0,0,0,0,0,0,0,0,0,0,0,0,0,0,0,0,0,0,0,0,0,0,0,0,0,0,0,0,0,0,0,0,0,
Participant,7_3,11_49_53,4.3096,0,0,0,4.309643,0.0000,0.0000,0.0000,0.0000,0.0000,0.0000,3.691798,3.679024,3.685411,0.08080888,,,,,0,0,0,0,0,0,0,0,0,0,0,0,0,0,0,0,0,0,0,0,0,0,0,0,0,0,0,0,0,0,0,0,0,0,0,0,0,0,0,0,0,0,0,0,0,0,0,0,0,0,0,
Participant,7_3,11_49_53,4.3128,0,0,0,4.312795,0.0000,0.0000,0.0000,0.0000,0.0000,0.0000,3.664514,3.669213,3.666864,0.06226158,,,,,0,0,0,0,0,0,0,0,0,0,0,0,0,0,0,0,0,0,0,0,0,0,0,0,0,0,0,0,0,0,0,0,0,0,0,0,0,0,0,0,0,0,0,0,0,0,0,0,0,0,0,
Participant,7_3,11_49_53,4.3160,0,0,0,4.316023,0.0000,0.0000,0.0000,0.0000,0.0000,0.0000,3.667212,3.674371,3.670791,0.06618905,,,,,0,0,0,0,0,0,0,0,0,0,0,0,0,0,0,0,0,0,0,0,0,0,0,0,0,0,0,0,0,0,0,0,0,0,0,0,0,0,0,0,0,0,0,0,0,0,0,0,0,0,0,
Participant,7_3,11_49_53,4.3192,0,0,0,4.319212,0.0000,0.0000,0.0000,0.0000,0.0000,0.0000,3.662541,3.694592,3.678566,0.07396436,,,,,0,0,0,0,0,0,0,0,0,0,0,0,0,0,0,0,0,0,0,0,0,0,0,0,0,0,0,0,0,0,0,0,0,0,0,0,0,0,0,0,0,0,0,0,0,0,0,0,0,0,0,
Participant,7_3,11_49_53,4.3224,0,0,0,4.322375,0.0000,0.0000,0.0000,0.0000,0.0000,0.0000,3.659995,3.685348,3.672672,0.0680697,,,,,0,0,0,0,0,0,0,0,0,0,0,0,0,0,0,0,0,0,0,0,0,0,0,0,0,0,0,0,0,0,0,0,0,0,0,0,0,0,0,0,0,0,0,0,0,0,0,0,0,0,0,
Participant,7_3,11_49_53,4.3258,0,0,0,4.325784,0.0000,0.0000,0.0000,0.0000,0.0000,0.0000,3.689092,3.676162,3.682627,0.07802463,,,,,0,0,0,0,0,0,0,0,0,0,0,0,0,0,0,0,0,0,0,0,0,0,0,0,0,0,0,0,0,0,0,0,0,0,0,0,0,0,0,0,0,0,0,0,0,0,0,0,0,0,0,
Participant,7_3,11_49_53,4.3292,0,0,0,4.3292,0.0000,0.0000,0.0000,0.0000,0.0000,0.0000,3.688557,3.651991,3.670274,0.06567216,,,,,0,0,0,0,0,0,0,0,0,0,0,0,0,0,0,0,0,0,0,0,0,0,0,0,0,0,0,0,0,0,0,0,0,0,0,0,0,0,0,0,0,0,0,0,0,0,0,0,0,0,0,
Participant,7_3,11_49_53,4.3324,0,0,0,4.332442,0.0000,0.0000,0.0000,0.0000,0.0000,0.0000,3.653903,3.688601,3.671252,0.06665015,,,,,0,0,0,0,0,0,0,0,0,0,0,0,0,0,0,0,0,0,0,0,0,0,0,0,0,0,0,0,0,0,0,0,0,0,0,0,0,0,0,0,0,0,0,0,0,0,0,0,0,0,0,
Participant,7_3,11_49_53,4.3356,0,0,0,4.335609,0.0000,0.0000,0.0000,0.0000,0.0000,0.0000,3.676728,3.670271,3.6735,0.06889749,,,,,0,0,0,0,0,0,0,0,0,0,0,0,0,0,0,0,0,0,0,0,0,0,0,0,0,0,0,0,0,0,0,0,0,0,0,0,0,0,0,0,0,0,0,0,0,0,0,0,0,0,0,
Participant,7_3,11_49_53,4.3388,0,0,0,4.338761,0.0000,0.0000,0.0000,0.0000,0.0000,0.0000,3.645956,3.689235,3.667595,0.06299329,,,,,0,0,0,0,0,0,0,0,0,0,0,0,0,0,0,0,0,0,0,0,0,0,0,0,0,0,0,0,0,0,0,0,0,0,0,0,0,0,0,0,0,0,0,0,0,0,0,0,0,0,0,
Participant,7_3,11_49_53,4.3419,0,0,0,4.341886,0.0000,0.0000,0.0000,0.0000,0.0000,0.0000,3.689376,3.662694,3.676035,0.07143259,,,,,0,0,0,0,0,0,0,0,0,0,0,0,0,0,0,0,0,0,0,0,0,0,0,0,0,0,0,0,0,0,0,0,0,0,0,0,0,0,0,0,0,0,0,0,0,0,0,0,0,0,0,
Participant,7_3,11_49_53,4.3452,0,0,0,4.345243,0.0000,0.0000,0.0000,0.0000,0.0000,0.0000,3.680561,3.657032,3.668797,0.06419444,,,,,0,0,0,0,0,0,0,0,0,0,0,0,0,0,0,0,0,0,0,0,0,0,0,0,0,0,0,0,0,0,0,0,0,0,0,0,0,0,0,0,0,0,0,0,0,0,0,0,0,0,0,
Participant,7_3,11_49_53,4.3484,0,0,0,4.348425,0.0000,0.0000,0.0000,0.0000,0.0000,0.0000,3.637605,3.666303,3.651954,0.04735231,,,,,0,0,0,0,0,0,0,0,0,0,0,0,0,0,0,0,0,0,0,0,0,0,0,0,0,0,0,0,0,0,0,0,0,0,0,0,0,0,0,0,0,0,0,0,0,0,0,0,0,0,0,
Participant,7_3,11_49_53,4.3521,0,0,0,4.352079,0.0000,0.0000,0.0000,0.0000,0.0000,0.0000,3.672623,3.652445,3.662534,0.05793166,,,,,0,0,0,0,0,0,0,0,0,0,0,0,0,0,0,0,0,0,0,0,0,0,0,0,0,0,0,0,0,0,0,0,0,0,0,0,0,0,0,0,0,0,0,0,0,0,0,0,0,0,0,
Participant,7_3,11_49_53,4.3555,0,0,0,4.355522,0.0000,0.0000,0.0000,0.0000,0.0000,0.0000,3.651507,3.665569,3.658538,0.05393577,,,,,0,0,0,0,0,0,0,0,0,0,0,0,0,0,0,0,0,0,0,0,0,0,0,0,0,0,0,0,0,0,0,0,0,0,0,0,0,0,0,0,0,0,0,0,0,0,0,0,0,0,0,
Participant,7_3,11_49_53,4.3588,0,0,0,4.35876,0.0000,0.0000,0.0000,0.0000,0.0000,0.0000,3.646658,3.660771,3.653714,0.04911208,,,,,0,0,0,0,0,0,0,0,0,0,0,0,0,0,0,0,0,0,0,0,0,0,0,0,0,0,0,0,0,0,0,0,0,0,0,0,0,0,0,0,0,0,0,0,0,0,0,0,0,0,0,
Participant,7_3,11_49_53,4.3621,0,0,0,4.362107,0.0000,0.0000,0.0000,0.0000,0.0000,0.0000,3.64312,3.640592,3.641856,0.0372541,,,,,0,0,0,0,0,0,0,0,0,0,0,0,0,0,0,0,0,0,0,0,0,0,0,0,0,0,0,0,0,0,0,0,0,0,0,0,0,0,0,0,0,0,0,0,0,0,0,0,0,0,0,
Participant,7_3,11_49_53,4.3657,0,0,0,4.365684,0.0000,0.0000,0.0000,0.0000,0.0000,0.0000,3.680275,3.660287,3.670281,0.06567883,,,,,0,0,0,0,0,0,0,0,0,0,0,0,0,0,0,0,0,0,0,0,0,0,0,0,0,0,0,0,0,0,0,0,0,0,0,0,0,0,0,0,0,0,0,0,0,0,0,0,0,0,0,
Participant,7_3,11_49_53,4.3690,0,0,0,4.368968,0.0000,0.0000,0.0000,0.0000,0.0000,0.0000,3.631409,3.680598,3.656004,0.05140162,,,,,0,0,0,0,0,0,0,0,0,0,0,0,0,0,0,0,0,0,0,0,0,0,0,0,0,0,0,0,0,0,0,0,0,0,0,0,0,0,0,0,0,0,0,0,0,0,0,0,0,0,0,
Participant,7_3,11_49_53,4.3724,0,0,0,4.372436,0.0000,0.0000,0.0000,0.0000,0.0000,0.0000,3.64359,3.674569,3.65908,0.05447745,,,,,0,0,0,0,0,0,0,0,0,0,0,0,0,0,0,0,0,0,0,0,0,0,0,0,0,0,0,0,0,0,0,0,0,0,0,0,0,0,0,0,0,0,0,0,0,0,0,0,0,0,0,
Participant,7_3,11_49_53,4.3758,0,0,0,4.375844,0.0000,0.0000,0.0000,0.0000,0.0000,0.0000,3.66896,3.665275,3.667117,0.06251502,,,,,0,0,0,0,0,0,0,0,0,0,0,0,0,0,0,0,0,0,0,0,0,0,0,0,0,0,0,0,0,0,0,0,0,0,0,0,0,0,0,0,0,0,0,0,0,0,0,0,0,0,0,
Participant,7_3,11_49_53,4.3791,0,0,0,4.379127,0.0000,0.0000,0.0000,0.0000,0.0000,0.0000,3.67135,3.625751,3.648551,0.04394841,,,,,0,0,0,0,0,0,0,0,0,0,0,0,0,0,0,0,0,0,0,0,0,0,0,0,0,0,0,0,0,0,0,0,0,0,0,0,0,0,0,0,0,0,0,0,0,0,0,0,0,0,0,
Participant,7_3,11_49_53,4.3830,0,0,0,4.382966,0.0000,0.0000,0.0000,0.0000,0.0000,0.0000,3.662157,3.656682,3.65942,0.05481744,,,,,0,0,0,0,0,0,0,0,0,0,0,0,0,0,0,0,0,0,0,0,0,0,0,0,0,0,0,0,0,0,0,0,0,0,0,0,0,0,0,0,0,0,0,0,0,0,0,0,0,0,0,
Participant,7_3,11_49_53,4.3866,0,0,0,4.386562,0.0000,0.0000,0.0000,0.0000,0.0000,0.0000,3.674802,3.642904,3.658853,0.05425072,,,,,0,0,0,0,0,0,0,0,0,0,0,0,0,0,0,0,0,0,0,0,0,0,0,0,0,0,0,0,0,0,0,0,0,0,0,0,0,0,0,0,0,0,0,0,0,0,0,0,0,0,0,
Participant,7_3,11_49_53,4.3897,0,0,0,4.389707,0.0000,0.0000,0.0000,0.0000,0.0000,0.0000,3.652584,3.633045,3.642814,0.0382123,,,,,0,0,0,0,0,0,0,0,0,0,0,0,0,0,0,0,0,0,0,0,0,0,0,0,0,0,0,0,0,0,0,0,0,0,0,0,0,0,0,0,0,0,0,0,0,0,0,0,0,0,0,
Participant,7_3,11_49_53,4.3929,0,0,0,4.39291,0.0000,0.0000,0.0000,0.0000,0.0000,0.0000,3.629151,3.669236,3.649194,0.04459143,,,,,0,0,0,0,0,0,0,0,0,0,0,0,0,0,0,0,0,0,0,0,0,0,0,0,0,0,0,0,0,0,0,0,0,0,0,0,0,0,0,0,0,0,0,0,0,0,0,0,0,0,0,
Participant,7_3,11_49_53,4.3961,0,0,0,4.396076,0.0000,0.0000,0.0000,0.0000,0.0000,0.0000,3.672296,3.65639,3.664343,0.05974102,,,,,0,0,0,0,0,0,0,0,0,0,0,0,0,0,0,0,0,0,0,0,0,0,0,0,0,0,0,0,0,0,0,0,0,0,0,0,0,0,0,0,0,0,0,0,0,0,0,0,0,0,0,
Participant,7_3,11_49_53,4.4002,0,0,0,4.400245,0.0000,0.0000,0.0000,0.0000,0.0000,0.0000,3.619494,3.647876,3.633685,0.02908301,,,,,0,0,0,0,0,0,0,0,0,0,0,0,0,0,0,0,0,0,0,0,0,0,0,0,0,0,0,0,0,0,0,0,0,0,0,0,0,0,0,0,0,0,0,0,0,0,0,0,0,0,0,
Participant,7_3,11_49_53,4.4104,0,0,0,4.410446,0.0000,0.0000,0.0000,0.0000,0.0000,0.0000,3.621622,3.638716,3.630169,0.02556682,,,,,0,0,0,0,0,0,0,0,0,0,0,0,0,0,0,0,0,0,0,0,0,0,0,0,0,0,0,0,0,0,0,0,0,0,0,0,0,0,0,0,0,0,0,0,0,0,0,0,0,0,0,
Participant,7_3,11_49_53,4.4138,0,0,0,4.413777,0.0000,0.0000,0.0000,0.0000,0.0000,0.0000,3.626627,3.614221,3.620424,0.01582217,,,,,0,0,0,0,0,0,0,0,0,0,0,0,0,0,0,0,0,0,0,0,0,0,0,0,0,0,0,0,0,0,0,0,0,0,0,0,0,0,0,0,0,0,0,0,0,0,0,0,0,0,0,
Participant,7_3,11_49_53,4.4179,0,0,0,4.417916,0.0000,0.0000,0.0000,0.0000,0.0000,0.0000,3.633766,3.628357,3.631062,0.02645993,,,,,0,0,0,0,0,0,0,0,0,0,0,0,0,0,0,0,0,0,0,0,0,0,0,0,0,0,0,0,0,0,0,0,0,0,0,0,0,0,0,0,0,0,0,0,0,0,0,0,0,0,0,
Participant,7_3,11_49_53,4.4212,0,0,0,4.421198,0.0000,0.0000,0.0000,0.0000,0.0000,0.0000,3.622999,3.631036,3.627017,0.02241516,,,,,0,0,0,0,0,0,0,0,0,0,0,0,0,0,0,0,0,0,0,0,0,0,0,0,0,0,0,0,0,0,0,0,0,0,0,0,0,0,0,0,0,0,0,0,0,0,0,0,0,0,0,
Participant,7_3,11_49_53,4.4249,0,0,0,4.424915,0.0000,0.0000,0.0000,0.0000,0.0000,0.0000,3.617651,3.619619,3.618635,0.0140326,,,,,0,0,0,0,0,0,0,0,0,0,0,0,0,0,0,0,0,0,0,0,0,0,0,0,0,0,0,0,0,0,0,0,0,0,0,0,0,0,0,0,0,0,0,0,0,0,0,0,0,0,0,
Participant,7_3,11_49_53,4.4284,0,0,0,4.428365,0.0000,0.0000,0.0000,0.0000,0.0000,0.0000,3.633355,3.653401,3.643378,0.03877592,,,,,0,0,0,0,0,0,0,0,0,0,0,0,0,0,0,0,0,0,0,0,0,0,0,0,0,0,0,0,0,0,0,0,0,0,0,0,0,0,0,0,0,0,0,0,0,0,0,0,0,0,0,
Participant,7_3,11_49_53,4.4321,0,0,0,4.43214,0.0000,0.0000,0.0000,0.0000,0.0000,0.0000,3.615073,3.606722,3.610897,0.006294966,,,,,0,0,0,0,0,0,0,0,0,0,0,0,0,0,0,0,0,0,0,0,0,0,0,0,0,0,0,0,0,0,0,0,0,0,0,0,0,0,0,0,0,0,0,0,0,0,0,0,0,0,0,
Participant,7_3,11_49_53,4.4434,0,0,0,4.44339,0.0000,0.0000,0.0000,0.0000,0.0000,0.0000,3.611837,3.618058,3.614948,0.0103457,,,,,0,0,0,0,0,0,0,0,0,0,0,0,0,0,0,0,0,0,0,0,0,0,0,0,0,0,0,0,0,0,0,0,0,0,0,0,0,0,0,0,0,0,0,0,0,0,0,0,0,0,0,
Participant,7_3,11_49_53,4.4470,0,0,0,4.447023,0.0000,0.0000,0.0000,0.0000,0.0000,0.0000,3.615185,3.647668,3.631426,0.02682424,,,,,0,0,0,0,0,0,0,0,0,0,0,0,0,0,0,0,0,0,0,0,0,0,0,0,0,0,0,0,0,0,0,0,0,0,0,0,0,0,0,0,0,0,0,0,0,0,0,0,0,0,0,
Participant,7_3,11_49_53,4.4508,0,0,0,4.450824,0.0000,0.0000,0.0000,0.0000,0.0000,0.0000,3.640743,3.64931,3.645027,0.04042459,,,,,0,0,0,0,0,0,0,0,0,0,0,0,0,0,0,0,0,0,0,0,0,0,0,0,0,0,0,0,0,0,0,0,0,0,0,0,0,0,0,0,0,0,0,0,0,0,0,0,0,0,0,
Participant,7_3,11_49_53,4.4541,0,0,0,4.454072,0.0000,0.0000,0.0000,0.0000,0.0000,0.0000,3.596904,3.610625,3.603764,-0.0008378029,,,,,0,0,0,0,0,0,0,0,0,0,0,0,0,0,0,0,0,0,0,0,0,0,0,0,0,0,0,0,0,0,0,0,0,0,0,0,0,0,0,0,0,0,0,0,0,0,0,0,0,0,0,
Participant,7_3,11_49_53,4.4575,0,0,0,4.457499,0.0000,0.0000,0.0000,0.0000,0.0000,0.0000,3.640357,3.63363,3.636994,0.03239179,,,,,0,0,0,0,0,0,0,0,0,0,0,0,0,0,0,0,0,0,0,0,0,0,0,0,0,0,0,0,0,0,0,0,0,0,0,0,0,0,0,0,0,0,0,0,0,0,0,0,0,0,0,
Participant,7_3,11_49_53,4.4608,0,0,0,4.460757,0.0000,0.0000,0.0000,0.0000,0.0000,0.0000,3.611962,3.596486,3.604224,-0.0003783703,,,,,0,0,0,0,0,0,0,0,0,0,0,0,0,0,0,0,0,0,0,0,0,0,0,0,0,0,0,0,0,0,0,0,0,0,0,0,0,0,0,0,0,0,0,0,0,0,0,0,0,0,0,
Participant,7_3,11_49_53,4.4641,0,0,0,4.464136,0.0000,0.0000,0.0000,0.0000,0.0000,0.0000,3.597006,3.625921,3.611463,0.00686121,,,,,0,0,0,0,0,0,0,0,0,0,0,0,0,0,0,0,0,0,0,0,0,0,0,0,0,0,0,0,0,0,0,0,0,0,0,0,0,0,0,0,0,0,0,0,0,0,0,0,0,0,0,
Participant,7_3,11_49_53,4.4674,0,0,0,4.467352,0.0000,0.0000,0.0000,0.0000,0.0000,0.0000,3.644855,3.640405,3.64263,0.038028,,,,,0,0,0,0,0,0,0,0,0,0,0,0,0,0,0,0,0,0,0,0,0,0,0,0,0,0,0,0,0,0,0,0,0,0,0,0,0,0,0,0,0,0,0,0,0,0,0,0,0,0,0,
Participant,7_3,11_49_53,4.4707,0,0,0,4.47066,0.0000,0.0000,0.0000,0.0000,0.0000,0.0000,3.627451,3.625015,3.626233,0.021631,,,,,0,0,0,0,0,0,0,0,0,0,0,0,0,0,0,0,0,0,0,0,0,0,0,0,0,0,0,0,0,0,0,0,0,0,0,0,0,0,0,0,0,0,0,0,0,0,0,0,0,0,0,
Participant,7_3,11_49_53,4.4741,0,0,0,4.474127,0.0000,0.0000,0.0000,0.0000,0.0000,0.0000,3.607818,3.63648,3.622149,0.01754665,,,,,0,0,0,0,0,0,0,0,0,0,0,0,0,0,0,0,0,0,0,0,0,0,0,0,0,0,0,0,0,0,0,0,0,0,0,0,0,0,0,0,0,0,0,0,0,0,0,0,0,0,0,
Participant,7_3,11_49_53,4.4775,0,0,0,4.477527,0.0000,0.0000,0.0000,0.0000,0.0000,0.0000,3.599413,3.58629,3.592852,-0.01175046,,,,,0,0,0,0,0,0,0,0,0,0,0,0,0,0,0,0,0,0,0,0,0,0,0,0,0,0,0,0,0,0,0,0,0,0,0,0,0,0,0,0,0,0,0,0,0,0,0,0,0,0,0,
Participant,7_3,11_49_53,4.4809,0,0,0,4.480902,0.0000,0.0000,0.0000,0.0000,0.0000,0.0000,3.595398,3.600487,3.597942,-0.006659746,,,,,0,0,0,0,0,0,0,0,0,0,0,0,0,0,0,0,0,0,0,0,0,0,0,0,0,0,0,0,0,0,0,0,0,0,0,0,0,0,0,0,0,0,0,0,0,0,0,0,0,0,0,
Participant,7_3,11_49_53,4.4847,0,0,0,4.484672,0.0000,0.0000,0.0000,0.0000,0.0000,0.0000,3.604562,3.589266,3.596914,-0.007688284,,,,,0,0,0,0,0,0,0,0,0,0,0,0,0,0,0,0,0,0,0,0,0,0,0,0,0,0,0,0,0,0,0,0,0,0,0,0,0,0,0,0,0,0,0,0,0,0,0,0,0,0,0,
Participant,7_3,11_49_53,4.4881,0,0,0,4.488103,0.0000,0.0000,0.0000,0.0000,0.0000,0.0000,3.620873,3.581634,3.601254,-0.003348589,,,,,0,0,0,0,0,0,0,0,0,0,0,0,0,0,0,0,0,0,0,0,0,0,0,0,0,0,0,0,0,0,0,0,0,0,0,0,0,0,0,0,0,0,0,0,0,0,0,0,0,0,0,
Participant,7_3,11_49_53,4.4913,0,0,0,4.49126,0.0000,0.0000,0.0000,0.0000,0.0000,0.0000,3.609566,3.608875,3.609221,0.004618406,,,,,0,0,0,0,0,0,0,0,0,0,0,0,0,0,0,0,0,0,0,0,0,0,0,0,0,0,0,0,0,0,0,0,0,0,0,0,0,0,0,0,0,0,0,0,0,0,0,0,0,0,0,
Participant,7_3,11_49_53,4.4945,0,0,0,4.494524,0.0000,0.0000,0.0000,0.0000,0.0000,0.0000,3.612587,3.599039,3.605813,0.001210928,,,,,0,0,0,0,0,0,0,0,0,0,0,0,0,0,0,0,0,0,0,0,0,0,0,0,0,0,0,0,0,0,0,0,0,0,0,0,0,0,0,0,0,0,0,0,0,0,0,0,0,0,0,
Participant,7_3,11_49_53,4.4977,0,0,0,4.497695,0.0000,0.0000,0.0000,0.0000,0.0000,0.0000,3.580889,3.58777,3.584329,-0.02027297,,,,,0,0,0,0,0,0,0,0,0,0,0,0,0,0,0,0,0,0,0,0,0,0,0,0,0,0,0,0,0,0,0,0,0,0,0,0,0,0,0,0,0,0,0,0,0,0,0,0,0,0,0,
Participant,7_3,11_49_53,4.5008,0,0,0,4.500821,0.0000,0.0000,0.0000,0.0000,0.0000,0.0000,3.597768,3.620583,3.609175,0.004573107,,,,,0,0,0,0,0,0,0,0,0,0,0,0,0,0,0,0,0,0,0,0,0,0,0,0,0,0,0,0,0,0,0,0,0,0,0,0,0,0,0,0,0,0,0,0,0,0,0,0,0,0,0,
Participant,7_3,11_49_53,4.5044,0,0,0,4.504362,0.0000,0.0000,0.0000,0.0000,0.0000,0.0000,3.588863,3.598271,3.593567,-0.0110352,,,,,0,0,0,0,0,0,0,0,0,0,0,0,0,0,0,0,0,0,0,0,0,0,0,0,0,0,0,0,0,0,0,0,0,0,0,0,0,0,0,0,0,0,0,0,0,0,0,0,0,0,0,
Participant,7_3,11_49_53,4.5078,0,0,0,4.507842,0.0000,0.0000,0.0000,0.0000,0.0000,0.0000,3.59554,3.582658,3.589099,-0.01550293,,,,,0,0,0,0,0,0,0,0,0,0,0,0,0,0,0,0,0,0,0,0,0,0,0,0,0,0,0,0,0,0,0,0,0,0,0,0,0,0,0,0,0,0,0,0,0,0,0,0,0,0,0,
Participant,7_3,11_49_53,4.5113,0,0,0,4.511282,0.0000,0.0000,0.0000,0.0000,0.0000,0.0000,3.598047,3.597024,3.597536,-0.00706625,,,,,0,0,0,0,0,0,0,0,0,0,0,0,0,0,0,0,0,0,0,0,0,0,0,0,0,0,0,0,0,0,0,0,0,0,0,0,0,0,0,0,0,0,0,0,0,0,0,0,0,0,0,
Participant,7_3,11_49_53,4.5144,0,0,0,4.51444,0.0000,0.0000,0.0000,0.0000,0.0000,0.0000,3.575239,3.587081,3.58116,-0.02344203,,,,,0,0,0,0,0,0,0,0,0,0,0,0,0,0,0,0,0,0,0,0,0,0,0,0,0,0,0,0,0,0,0,0,0,0,0,0,0,0,0,0,0,0,0,0,0,0,0,0,0,0,0,
Participant,7_3,11_49_53,4.5177,0,0,0,4.517651,0.0000,0.0000,0.0000,0.0000,0.0000,0.0000,3.595705,3.586928,3.591316,-0.01328588,,,,,0,0,0,0,0,0,0,0,0,0,0,0,0,0,0,0,0,0,0,0,0,0,0,0,0,0,0,0,0,0,0,0,0,0,0,0,0,0,0,0,0,0,0,0,0,0,0,0,0,0,0,
Participant,7_3,11_49_53,4.5211,0,0,0,4.521069,0.0000,0.0000,0.0000,0.0000,0.0000,0.0000,3.603073,3.590592,3.596832,-0.007769823,,,,,0,0,0,0,0,0,0,0,0,0,0,0,0,0,0,0,0,0,0,0,0,0,0,0,0,0,0,0,0,0,0,0,0,0,0,0,0,0,0,0,0,0,0,0,0,0,0,0,0,0,0,
Participant,7_3,11_49_53,4.5245,0,0,0,4.524522,0.0000,0.0000,0.0000,0.0000,0.0000,0.0000,3.606521,3.607007,3.606764,0.002161741,,,,,0,0,0,0,0,0,0,0,0,0,0,0,0,0,0,0,0,0,0,0,0,0,0,0,0,0,0,0,0,0,0,0,0,0,0,0,0,0,0,0,0,0,0,0,0,0,0,0,0,0,0,
Participant,7_3,11_49_53,4.5280,0,0,0,4.528011,0.0000,0.0000,0.0000,0.0000,0.0000,0.0000,3.590519,3.609785,3.600152,-0.004450083,,,,,0,0,0,0,0,0,0,0,0,0,0,0,0,0,0,0,0,0,0,0,0,0,0,0,0,0,0,0,0,0,0,0,0,0,0,0,0,0,0,0,0,0,0,0,0,0,0,0,0,0,0,
Participant,7_3,11_49_53,4.5315,0,0,0,4.531487,0.0000,0.0000,0.0000,0.0000,0.0000,0.0000,3.575287,3.570889,3.573088,-0.03151441,,,,,0,0,0,0,0,0,0,0,0,0,0,0,0,0,0,0,0,0,0,0,0,0,0,0,0,0,0,0,0,0,0,0,0,0,0,0,0,0,0,0,0,0,0,0,0,0,0,0,0,0,0,
Participant,7_3,11_49_53,4.5348,0,0,0,4.534781,0.0000,0.0000,0.0000,0.0000,0.0000,0.0000,3.570592,3.582241,3.576416,-0.02818561,,,,,0,0,0,0,0,0,0,0,0,0,0,0,0,0,0,0,0,0,0,0,0,0,0,0,0,0,0,0,0,0,0,0,0,0,0,0,0,0,0,0,0,0,0,0,0,0,0,0,0,0,0,
Participant,7_3,11_49_53,4.5380,0,0,0,4.53799,0.0000,0.0000,0.0000,0.0000,0.0000,0.0000,3.589816,3.582893,3.586354,-0.01824784,,,,,0,0,0,0,0,0,0,0,0,0,0,0,0,0,0,0,0,0,0,0,0,0,0,0,0,0,0,0,0,0,0,0,0,0,0,0,0,0,0,0,0,0,0,0,0,0,0,0,0,0,0,
Participant,7_3,11_49_53,4.5413,0,0,0,4.541266,0.0000,0.0000,0.0000,0.0000,0.0000,0.0000,3.565235,3.59887,3.582053,-0.02254939,,,,,0,0,0,0,0,0,0,0,0,0,0,0,0,0,0,0,0,0,0,0,0,0,0,0,0,0,0,0,0,0,0,0,0,0,0,0,0,0,0,0,0,0,0,0,0,0,0,0,0,0,0,
Participant,7_3,11_49_53,4.5447,0,0,0,4.544708,0.0000,0.0000,0.0000,0.0000,0.0000,0.0000,3.609434,3.564141,3.586787,-0.01781487,,,,,0,0,0,0,0,0,0,0,0,0,0,0,0,0,0,0,0,0,0,0,0,0,0,0,0,0,0,0,0,0,0,0,0,0,0,0,0,0,0,0,0,0,0,0,0,0,0,0,0,0,0,
Participant,7_3,11_49_53,4.5479,0,0,0,4.547886,0.0000,0.0000,0.0000,0.0000,0.0000,0.0000,3.568128,3.574158,3.571143,-0.03345895,,,,,0,0,0,0,0,0,0,0,0,0,0,0,0,0,0,0,0,0,0,0,0,0,0,0,0,0,0,0,0,0,0,0,0,0,0,0,0,0,0,0,0,0,0,0,0,0,0,0,0,0,0,
Participant,7_3,11_49_53,4.5514,0,0,0,4.551423,0.0000,0.0000,0.0000,0.0000,0.0000,0.0000,3.604918,3.603219,3.604068,-0.0005338192,,,,,0,0,0,0,0,0,0,0,0,0,0,0,0,0,0,0,0,0,0,0,0,0,0,0,0,0,0,0,0,0,0,0,0,0,0,0,0,0,0,0,0,0,0,0,0,0,0,0,0,0,0,
Participant,7_3,11_49_53,4.5550,0,0,0,4.555049,0.0000,0.0000,0.0000,0.0000,0.0000,0.0000,3.568664,3.579322,3.573993,-0.03060913,,,,,0,0,0,0,0,0,0,0,0,0,0,0,0,0,0,0,0,0,0,0,0,0,0,0,0,0,0,0,0,0,0,0,0,0,0,0,0,0,0,0,0,0,0,0,0,0,0,0,0,0,0,
Participant,7_3,11_49_53,4.5586,0,0,0,4.558581,0.0000,0.0000,0.0000,0.0000,0.0000,0.0000,3.55821,3.550368,3.554289,-0.05031323,,,,,0,0,0,0,0,0,0,0,0,0,0,0,0,0,0,0,0,0,0,0,0,0,0,0,0,0,0,0,0,0,0,0,0,0,0,0,0,0,0,0,0,0,0,0,0,0,0,0,0,0,0,
Participant,7_3,11_49_53,4.5620,0,0,0,4.561999,0.0000,0.0000,0.0000,0.0000,0.0000,0.0000,3.568239,3.547882,3.55806,-0.04654193,,,,,0,0,0,0,0,0,0,0,0,0,0,0,0,0,0,0,0,0,0,0,0,0,0,0,0,0,0,0,0,0,0,0,0,0,0,0,0,0,0,0,0,0,0,0,0,0,0,0,0,0,0,
Participant,7_3,11_49_53,4.5659,0,0,0,4.565931,0.0000,0.0000,0.0000,0.0000,0.0000,0.0000,3.549291,3.5759,3.562596,-0.04200625,,,,,0,0,0,0,0,0,0,0,0,0,0,0,0,0,0,0,0,0,0,0,0,0,0,0,0,0,0,0,0,0,0,0,0,0,0,0,0,0,0,0,0,0,0,0,0,0,0,0,0,0,0,
Participant,7_3,11_49_53,4.5696,0,0,0,4.569594,0.0000,0.0000,0.0000,0.0000,0.0000,0.0000,3.544911,3.588664,3.566787,-0.03781486,,,,,0,0,0,0,0,0,0,0,0,0,0,0,0,0,0,0,0,0,0,0,0,0,0,0,0,0,0,0,0,0,0,0,0,0,0,0,0,0,0,0,0,0,0,0,0,0,0,0,0,0,0,
Participant,7_3,11_49_53,4.5727,0,0,0,4.572745,0.0000,0.0000,0.0000,0.0000,0.0000,0.0000,3.595565,3.568603,3.582084,-0.0225184,,,,,0,0,0,0,0,0,0,0,0,0,0,0,0,0,0,0,0,0,0,0,0,0,0,0,0,0,0,0,0,0,0,0,0,0,0,0,0,0,0,0,0,0,0,0,0,0,0,0,0,0,0,
Participant,7_3,11_49_53,4.5760,0,0,0,4.575967,0.0000,0.0000,0.0000,0.0000,0.0000,0.0000,3.55449,3.542951,3.54872,-0.05588174,,,,,0,0,0,0,0,0,0,0,0,0,0,0,0,0,0,0,0,0,0,0,0,0,0,0,0,0,0,0,0,0,0,0,0,0,0,0,0,0,0,0,0,0,0,0,0,0,0,0,0,0,0,
Participant,7_3,11_49_53,4.5794,0,0,0,4.579391,0.0000,0.0000,0.0000,0.0000,0.0000,0.0000,3.595418,3.569385,3.582402,-0.02220058,,,,,0,0,0,0,0,0,0,0,0,0,0,0,0,0,0,0,0,0,0,0,0,0,0,0,0,0,0,0,0,0,0,0,0,0,0,0,0,0,0,0,0,0,0,0,0,0,0,0,0,0,0,
Participant,7_3,11_49_53,4.5831,0,0,0,4.583079,0.0000,0.0000,0.0000,0.0000,0.0000,0.0000,3.589677,3.538038,3.563858,-0.0407443,,,,,0,0,0,0,0,0,0,0,0,0,0,0,0,0,0,0,0,0,0,0,0,0,0,0,0,0,0,0,0,0,0,0,0,0,0,0,0,0,0,0,0,0,0,0,0,0,0,0,0,0,0,
Participant,7_3,11_49_53,4.5867,0,0,0,4.586712,0.0000,0.0000,0.0000,0.0000,0.0000,0.0000,3.566613,3.543488,3.55505,-0.04955173,,,,,0,0,0,0,0,0,0,0,0,0,0,0,0,0,0,0,0,0,0,0,0,0,0,0,0,0,0,0,0,0,0,0,0,0,0,0,0,0,0,0,0,0,0,0,0,0,0,0,0,0,0,
Participant,7_3,11_49_53,4.5902,0,0,0,4.590167,0.0000,0.0000,0.0000,0.0000,0.0000,0.0000,3.5356,3.578297,3.556949,-0.0476532,,,,,0,0,0,0,0,0,0,0,0,0,0,0,0,0,0,0,0,0,0,0,0,0,0,0,0,0,0,0,0,0,0,0,0,0,0,0,0,0,0,0,0,0,0,0,0,0,0,0,0,0,0,
Participant,7_3,11_49_53,4.5936,0,0,0,4.59355,0.0000,0.0000,0.0000,0.0000,0.0000,0.0000,3.553679,3.537052,3.545365,-0.05923676,,,,,0,0,0,0,0,0,0,0,0,0,0,0,0,0,0,0,0,0,0,0,0,0,0,0,0,0,0,0,0,0,0,0,0,0,0,0,0,0,0,0,0,0,0,0,0,0,0,0,0,0,0,
Participant,7_3,11_49_53,4.5969,0,0,0,4.596932,0.0000,0.0000,0.0000,0.0000,0.0000,0.0000,3.574037,3.550973,3.562505,-0.04209733,,,,,0,0,0,0,0,0,0,0,0,0,0,0,0,0,0,0,0,0,0,0,0,0,0,0,0,0,0,0,0,0,0,0,0,0,0,0,0,0,0,0,0,0,0,0,0,0,0,0,0,0,0,
Participant,7_3,11_49_53,4.6001,0,0,0,4.600146,0.0000,0.0000,0.0000,0.0000,0.0000,0.0000,3.547063,3.557859,3.552461,-0.05214119,,,,,0,0,0,0,0,0,0,0,0,0,0,0,0,0,0,0,0,0,0,0,0,0,0,0,0,0,0,0,0,0,0,0,0,0,0,0,0,0,0,0,0,0,0,0,0,0,0,0,0,0,0,
Participant,7_3,11_49_53,4.6036,0,0,0,4.603597,0.0000,0.0000,0.0000,0.0000,0.0000,0.0000,3.532969,3.569475,3.551222,-0.05338025,,,,,0,0,0,0,0,0,0,0,0,0,0,0,0,0,0,0,0,0,0,0,0,0,0,0,0,0,0,0,0,0,0,0,0,0,0,0,0,0,0,0,0,0,0,0,0,0,0,0,0,0,0,
Participant,7_3,11_49_53,4.6070,0,0,0,4.606979,0.0000,0.0000,0.0000,0.0000,0.0000,0.0000,3.557691,3.545905,3.551798,-0.05280423,,,,,0,0,0,0,0,0,0,0,0,0,0,0,0,0,0,0,0,0,0,0,0,0,0,0,0,0,0,0,0,0,0,0,0,0,0,0,0,0,0,0,0,0,0,0,0,0,0,0,0,0,0,
Participant,7_3,11_49_53,4.6102,0,0,0,4.610207,0.0000,0.0000,0.0000,0.0000,0.0000,0.0000,3.546618,3.561827,3.554222,-0.05037999,,,,,0,0,0,0,0,0,0,0,0,0,0,0,0,0,0,0,0,0,0,0,0,0,0,0,0,0,0,0,0,0,0,0,0,0,0,0,0,0,0,0,0,0,0,0,0,0,0,0,0,0,0,
Participant,7_3,11_49_53,4.6134,0,0,0,4.613394,0.0000,0.0000,0.0000,0.0000,0.0000,0.0000,3.542285,3.55697,3.549627,-0.05497479,,,,,0,0,0,0,0,0,0,0,0,0,0,0,0,0,0,0,0,0,0,0,0,0,0,0,0,0,0,0,0,0,0,0,0,0,0,0,0,0,0,0,0,0,0,0,0,0,0,0,0,0,0,
Participant,7_3,11_49_53,4.6174,0,0,0,4.617415,0.0000,0.0000,0.0000,0.0000,0.0000,0.0000,3.544858,3.568884,3.556871,-0.04773092,,,,,0,0,0,0,0,0,0,0,0,0,0,0,0,0,0,0,0,0,0,0,0,0,0,0,0,0,0,0,0,0,0,0,0,0,0,0,0,0,0,0,0,0,0,0,0,0,0,0,0,0,0,
Participant,7_3,11_49_53,4.6207,0,0,0,4.620659,0.0000,0.0000,0.0000,0.0000,0.0000,0.0000,3.556662,3.535358,3.54601,-0.05859208,,,,,0,0,0,0,0,0,0,0,0,0,0,0,0,0,0,0,0,0,0,0,0,0,0,0,0,0,0,0,0,0,0,0,0,0,0,0,0,0,0,0,0,0,0,0,0,0,0,0,0,0,0,
Participant,7_3,11_49_53,4.6243,0,0,0,4.624268,0.0000,0.0000,0.0000,0.0000,0.0000,0.0000,3.514219,3.527548,3.520884,-0.08371854,,,,,0,0,0,0,0,0,0,0,0,0,0,0,0,0,0,0,0,0,0,0,0,0,0,0,0,0,0,0,0,0,0,0,0,0,0,0,0,0,0,0,0,0,0,0,0,0,0,0,0,0,0,
Participant,7_3,11_49_53,4.6277,0,0,0,4.627693,0.0000,0.0000,0.0000,0.0000,0.0000,0.0000,3.535679,3.51932,3.527499,-0.07710266,,,,,0,0,0,0,0,0,0,0,0,0,0,0,0,0,0,0,0,0,0,0,0,0,0,0,0,0,0,0,0,0,0,0,0,0,0,0,0,0,0,0,0,0,0,0,0,0,0,0,0,0,0,
Participant,7_3,11_49_53,4.6315,0,0,0,4.631468,0.0000,0.0000,0.0000,0.0000,0.0000,0.0000,3.542856,3.513973,3.528415,-0.07618737,,,,,0,0,0,0,0,0,0,0,0,0,0,0,0,0,0,0,0,0,0,0,0,0,0,0,0,0,0,0,0,0,0,0,0,0,0,0,0,0,0,0,0,0,0,0,0,0,0,0,0,0,0,
Participant,7_3,11_49_53,4.6352,0,0,0,4.635191,0.0000,0.0000,0.0000,0.0000,0.0000,0.0000,3.562598,3.521099,3.541848,-0.06275392,,,,,0,0,0,0,0,0,0,0,0,0,0,0,0,0,0,0,0,0,0,0,0,0,0,0,0,0,0,0,0,0,0,0,0,0,0,0,0,0,0,0,0,0,0,0,0,0,0,0,0,0,0,
Participant,7_3,11_49_53,4.6455,0,0,0,4.645511,0.0000,0.0000,0.0000,0.0000,0.0000,0.0000,3.518886,3.511818,3.515352,-0.08924985,,,,,0,0,0,0,0,0,0,0,0,0,0,0,0,0,0,0,0,0,0,0,0,0,0,0,0,0,0,0,0,0,0,0,0,0,0,0,0,0,0,0,0,0,0,0,0,0,0,0,0,0,0,
Participant,7_3,11_49_53,4.6493,0,0,0,4.649324,0.0000,0.0000,0.0000,0.0000,0.0000,0.0000,3.541983,3.548441,3.545212,-0.05939031,,,,,0,0,0,0,0,0,0,0,0,0,0,0,0,0,0,0,0,0,0,0,0,0,0,0,0,0,0,0,0,0,0,0,0,0,0,0,0,0,0,0,0,0,0,0,0,0,0,0,0,0,0,
Participant,7_3,11_49_53,4.6526,0,0,0,4.652561,0.0000,0.0000,0.0000,0.0000,0.0000,0.0000,3.505924,3.550677,3.528301,-0.07630134,,,,,0,0,0,0,0,0,0,0,0,0,0,0,0,0,0,0,0,0,0,0,0,0,0,0,0,0,0,0,0,0,0,0,0,0,0,0,0,0,0,0,0,0,0,0,0,0,0,0,0,0,0,
Participant,7_3,11_49_53,4.6560,0,0,0,4.65601,0.0000,0.0000,0.0000,0.0000,0.0000,0.0000,3.512589,3.519214,3.515901,-0.08870101,,,,,0,0,0,0,0,0,0,0,0,0,0,0,0,0,0,0,0,0,0,0,0,0,0,0,0,0,0,0,0,0,0,0,0,0,0,0,0,0,0,0,0,0,0,0,0,0,0,0,0,0,0,
Participant,7_3,11_49_53,4.6592,0,0,0,4.659247,0.0000,0.0000,0.0000,0.0000,0.0000,0.0000,3.508149,3.537256,3.522702,-0.08189964,,,,,0,0,0,0,0,0,0,0,0,0,0,0,0,0,0,0,0,0,0,0,0,0,0,0,0,0,0,0,0,0,0,0,0,0,0,0,0,0,0,0,0,0,0,0,0,0,0,0,0,0,0,
Participant,7_3,11_49_53,4.6627,0,0,0,4.66269,0.0000,0.0000,0.0000,0.0000,0.0000,0.0000,3.530671,3.529716,3.530194,-0.07440853,,,,,0,0,0,0,0,0,0,0,0,0,0,0,0,0,0,0,0,0,0,0,0,0,0,0,0,0,0,0,0,0,0,0,0,0,0,0,0,0,0,0,0,0,0,0,0,0,0,0,0,0,0,
Participant,7_3,11_49_53,4.6664,0,0,0,4.66637,0.0000,0.0000,0.0000,0.0000,0.0000,0.0000,3.498556,3.496158,3.497357,-0.1072452,,,,,0,0,0,0,0,0,0,0,0,0,0,0,0,0,0,0,0,0,0,0,0,0,0,0,0,0,0,0,0,0,0,0,0,0,0,0,0,0,0,0,0,0,0,0,0,0,0,0,0,0,0,
Participant,7_3,11_49_53,4.6697,0,0,0,4.669749,0.0000,0.0000,0.0000,0.0000,0.0000,0.0000,3.518429,3.492088,3.505259,-0.09934354,,,,,0,0,0,0,0,0,0,0,0,0,0,0,0,0,0,0,0,0,0,0,0,0,0,0,0,0,0,0,0,0,0,0,0,0,0,0,0,0,0,0,0,0,0,0,0,0,0,0,0,0,0,
Participant,7_3,11_49_53,4.6731,0,0,0,4.673116,0.0000,0.0000,0.0000,0.0000,0.0000,0.0000,3.510547,3.545439,3.527993,-0.0766089,,,,,0,0,0,0,0,0,0,0,0,0,0,0,0,0,0,0,0,0,0,0,0,0,0,0,0,0,0,0,0,0,0,0,0,0,0,0,0,0,0,0,0,0,0,0,0,0,0,0,0,0,0,
Participant,7_3,11_49_53,4.6763,0,0,0,4.67631,0.0000,0.0000,0.0000,0.0000,0.0000,0.0000,3.518086,3.508432,3.513259,-0.09134269,,,,,0,0,0,0,0,0,0,0,0,0,0,0,0,0,0,0,0,0,0,0,0,0,0,0,0,0,0,0,0,0,0,0,0,0,0,0,0,0,0,0,0,0,0,0,0,0,0,0,0,0,0,
Participant,7_3,11_49_53,4.6795,0,0,0,4.679456,0.0000,0.0000,0.0000,0.0000,0.0000,0.0000,3.502248,3.510869,3.506558,-0.09804368,,,,,0,0,0,0,0,0,0,0,0,0,0,0,0,0,0,0,0,0,0,0,0,0,0,0,0,0,0,0,0,0,0,0,0,0,0,0,0,0,0,0,0,0,0,0,0,0,0,0,0,0,0,
Participant,7_3,11_49_53,4.6829,0,0,0,4.682924,0.0000,0.0000,0.0000,0.0000,0.0000,0.0000,3.499132,3.512595,3.505863,-0.09873891,,,,,0,0,0,0,0,0,0,0,0,0,0,0,0,0,0,0,0,0,0,0,0,0,0,0,0,0,0,0,0,0,0,0,0,0,0,0,0,0,0,0,0,0,0,0,0,0,0,0,0,0,0,
Participant,7_3,11_49_53,4.6870,0,0,0,4.686952,0.0000,0.0000,0.0000,0.0000,0.0000,0.0000,3.497236,3.537275,3.517256,-0.08734632,,,,,0,0,0,0,0,0,0,0,0,0,0,0,0,0,0,0,0,0,0,0,0,0,0,0,0,0,0,0,0,0,0,0,0,0,0,0,0,0,0,0,0,0,0,0,0,0,0,0,0,0,0,
Participant,7_3,11_49_53,4.6901,0,0,0,4.690104,0.0000,0.0000,0.0000,0.0000,0.0000,0.0000,3.521322,3.534956,3.528139,-0.07646298,,,,,0,0,0,0,0,0,0,0,0,0,0,0,0,0,0,0,0,0,0,0,0,0,0,0,0,0,0,0,0,0,0,0,0,0,0,0,0,0,0,0,0,0,0,0,0,0,0,0,0,0,0,
Participant,7_3,11_49_53,4.6933,0,0,0,4.693305,0.0000,0.0000,0.0000,0.0000,0.0000,0.0000,3.498041,3.514848,3.506445,-0.09815717,,,,,0,0,0,0,0,0,0,0,0,0,0,0,0,0,0,0,0,0,0,0,0,0,0,0,0,0,0,0,0,0,0,0,0,0,0,0,0,0,0,0,0,0,0,0,0,0,0,0,0,0,0,
Participant,7_3,11_49_53,4.6966,0,0,0,4.696581,0.0000,0.0000,0.0000,0.0000,0.0000,0.0000,3.501506,3.519115,3.510311,-0.09429145,,,,,0,0,0,0,0,0,0,0,0,0,0,0,0,0,0,0,0,0,0,0,0,0,0,0,0,0,0,0,0,0,0,0,0,0,0,0,0,0,0,0,0,0,0,0,0,0,0,0,0,0,0,
Participant,7_3,11_49_53,4.7003,0,0,0,4.700346,0.0000,0.0000,0.0000,0.0000,0.0000,0.0000,3.523052,3.501243,3.512148,-0.0924542,,,,,0,0,0,0,0,0,0,0,0,0,0,0,0,0,0,0,0,0,0,0,0,0,0,0,0,0,0,0,0,0,0,0,0,0,0,0,0,0,0,0,0,0,0,0,0,0,0,0,0,0,0,
Participant,7_3,11_49_53,4.7039,0,0,0,4.703869,0.0000,0.0000,0.0000,0.0000,0.0000,0.0000,3.533403,3.488719,3.511061,-0.09354091,,,,,0,0,0,0,0,0,0,0,0,0,0,0,0,0,0,0,0,0,0,0,0,0,0,0,0,0,0,0,0,0,0,0,0,0,0,0,0,0,0,0,0,0,0,0,0,0,0,0,0,0,0,
Participant,7_3,11_49_53,4.7070,0,0,0,4.707035,0.0000,0.0000,0.0000,0.0000,0.0000,0.0000,3.528847,3.484421,3.506634,-0.09796858,,,,,0,0,0,0,0,0,0,0,0,0,0,0,0,0,0,0,0,0,0,0,0,0,0,0,0,0,0,0,0,0,0,0,0,0,0,0,0,0,0,0,0,0,0,0,0,0,0,0,0,0,0,
Participant,7_3,11_49_53,4.7102,0,0,0,4.710212,0.0000,0.0000,0.0000,0.0000,0.0000,0.0000,3.515103,3.494974,3.505038,-0.0995636,,,,,0,0,0,0,0,0,0,0,0,0,0,0,0,0,0,0,0,0,0,0,0,0,0,0,0,0,0,0,0,0,0,0,0,0,0,0,0,0,0,0,0,0,0,0,0,0,0,0,0,0,0,
Participant,7_3,11_49_53,4.7135,0,0,0,4.71347,0.0000,0.0000,0.0000,0.0000,0.0000,0.0000,3.496639,3.504815,3.500727,-0.1038747,,,,,0,0,0,0,0,0,0,0,0,0,0,0,0,0,0,0,0,0,0,0,0,0,0,0,0,0,0,0,0,0,0,0,0,0,0,0,0,0,0,0,0,0,0,0,0,0,0,0,0,0,0,
Participant,7_3,11_49_53,4.7173,0,0,0,4.717282,0.0000,0.0000,0.0000,0.0000,0.0000,0.0000,3.499797,3.515089,3.507443,-0.09715939,,,,,0,0,0,0,0,0,0,0,0,0,0,0,0,0,0,0,0,0,0,0,0,0,0,0,0,0,0,0,0,0,0,0,0,0,0,0,0,0,0,0,0,0,0,0,0,0,0,0,0,0,0,
Participant,7_3,11_49_53,4.7209,0,0,0,4.720894,0.0000,0.0000,0.0000,0.0000,0.0000,0.0000,3.489937,3.494551,3.492244,-0.1123583,,,,,0,0,0,0,0,0,0,0,0,0,0,0,0,0,0,0,0,0,0,0,0,0,0,0,0,0,0,0,0,0,0,0,0,0,0,0,0,0,0,0,0,0,0,0,0,0,0,0,0,0,0,
Participant,7_3,11_49_53,4.7245,0,0,0,4.724504,0.0000,0.0000,0.0000,0.0000,0.0000,0.0000,3.475394,3.482555,3.478974,-0.1256278,,,,,0,0,0,0,0,0,0,0,0,0,0,0,0,0,0,0,0,0,0,0,0,0,0,0,0,0,0,0,0,0,0,0,0,0,0,0,0,0,0,0,0,0,0,0,0,0,0,0,0,0,0,
Participant,7_3,11_49_53,4.7278,0,0,0,4.727755,0.0000,0.0000,0.0000,0.0000,0.0000,0.0000,3.506932,3.491074,3.499003,-0.1055992,,,,,0,0,0,0,0,0,0,0,0,0,0,0,0,0,0,0,0,0,0,0,0,0,0,0,0,0,0,0,0,0,0,0,0,0,0,0,0,0,0,0,0,0,0,0,0,0,0,0,0,0,0,
Participant,7_3,11_49_53,4.7312,0,0,0,4.73123,0.0000,0.0000,0.0000,0.0000,0.0000,0.0000,3.467025,3.48203,3.474527,-0.1300747,,,,,0,0,0,0,0,0,0,0,0,0,0,0,0,0,0,0,0,0,0,0,0,0,0,0,0,0,0,0,0,0,0,0,0,0,0,0,0,0,0,0,0,0,0,0,0,0,0,0,0,0,0,
Participant,7_3,11_49_53,4.7349,0,0,0,4.734945,0.0000,0.0000,0.0000,0.0000,0.0000,0.0000,3.507191,3.486681,3.496936,-0.1076658,,,,,0,0,0,0,0,0,0,0,0,0,0,0,0,0,0,0,0,0,0,0,0,0,0,0,0,0,0,0,0,0,0,0,0,0,0,0,0,0,0,0,0,0,0,0,0,0,0,0,0,0,0,
Participant,7_3,11_49_53,4.7384,0,0,0,4.738377,0.0000,0.0000,0.0000,0.0000,0.0000,0.0000,3.477577,3.490884,3.48423,-0.1203718,,,,,0,0,0,0,0,0,0,0,0,0,0,0,0,0,0,0,0,0,0,0,0,0,0,0,0,0,0,0,0,0,0,0,0,0,0,0,0,0,0,0,0,0,0,0,0,0,0,0,0,0,0,
Participant,7_3,11_49_53,4.7417,0,0,0,4.741743,0.0000,0.0000,0.0000,0.0000,0.0000,0.0000,3.501404,3.505263,3.503334,-0.1012685,,,,,0,0,0,0,0,0,0,0,0,0,0,0,0,0,0,0,0,0,0,0,0,0,0,0,0,0,0,0,0,0,0,0,0,0,0,0,0,0,0,0,0,0,0,0,0,0,0,0,0,0,0,
Participant,7_3,11_49_53,4.7453,0,0,0,4.745292,0.0000,0.0000,0.0000,0.0000,0.0000,0.0000,3.508655,3.48304,3.495848,-0.1087544,,,,,0,0,0,0,0,0,0,0,0,0,0,0,0,0,0,0,0,0,0,0,0,0,0,0,0,0,0,0,0,0,0,0,0,0,0,0,0,0,0,0,0,0,0,0,0,0,0,0,0,0,0,
Participant,7_3,11_49_53,4.7493,0,0,0,4.749277,0.0000,0.0000,0.0000,0.0000,0.0000,0.0000,3.478459,3.480788,3.479624,-0.1249783,,,,,0,0,0,0,0,0,0,0,0,0,0,0,0,0,0,0,0,0,0,0,0,0,0,0,0,0,0,0,0,0,0,0,0,0,0,0,0,0,0,0,0,0,0,0,0,0,0,0,0,0,0,
Participant,7_3,11_49_53,4.7527,0,0,0,4.752679,0.0000,0.0000,0.0000,0.0000,0.0000,0.0000,3.503699,3.487719,3.495709,-0.1088932,,,,,0,0,0,0,0,0,0,0,0,0,0,0,0,0,0,0,0,0,0,0,0,0,0,0,0,0,0,0,0,0,0,0,0,0,0,0,0,0,0,0,0,0,0,0,0,0,0,0,0,0,0,
Participant,7_3,11_49_53,4.7560,0,0,0,4.755995,0.0000,0.0000,0.0000,0.0000,0.0000,0.0000,3.460543,3.500415,3.480479,-0.1241233,,,,,0,0,0,0,0,0,0,0,0,0,0,0,0,0,0,0,0,0,0,0,0,0,0,0,0,0,0,0,0,0,0,0,0,0,0,0,0,0,0,0,0,0,0,0,0,0,0,0,0,0,0,
Participant,7_3,11_49_53,4.7594,0,0,0,4.759442,0.0000,0.0000,0.0000,0.0000,0.0000,0.0000,3.483652,3.463461,3.473556,-0.1310458,,,,,0,0,0,0,0,0,0,0,0,0,0,0,0,0,0,0,0,0,0,0,0,0,0,0,0,0,0,0,0,0,0,0,0,0,0,0,0,0,0,0,0,0,0,0,0,0,0,0,0,0,0,
Participant,7_3,11_49_53,4.7626,0,0,0,4.762578,0.0000,0.0000,0.0000,0.0000,0.0000,0.0000,3.452499,3.463283,3.457891,-0.1467109,,,,,0,0,0,0,0,0,0,0,0,0,0,0,0,0,0,0,0,0,0,0,0,0,0,0,0,0,0,0,0,0,0,0,0,0,0,0,0,0,0,0,0,0,0,0,0,0,0,0,0,0,0,
Participant,7_3,11_49_53,4.7660,0,0,0,4.766037,0.0000,0.0000,0.0000,0.0000,0.0000,0.0000,3.464797,3.476749,3.470773,-0.1338289,,,,,0,0,0,0,0,0,0,0,0,0,0,0,0,0,0,0,0,0,0,0,0,0,0,0,0,0,0,0,0,0,0,0,0,0,0,0,0,0,0,0,0,0,0,0,0,0,0,0,0,0,0,
Participant,7_3,11_49_53,4.7692,0,0,0,4.769191,0.0000,0.0000,0.0000,0.0000,0.0000,0.0000,3.4553,3.460713,3.458006,-0.1465957,,,,,0,0,0,0,0,0,0,0,0,0,0,0,0,0,0,0,0,0,0,0,0,0,0,0,0,0,0,0,0,0,0,0,0,0,0,0,0,0,0,0,0,0,0,0,0,0,0,0,0,0,0,
Participant,7_3,11_49_53,4.7729,0,0,0,4.772888,0.0000,0.0000,0.0000,0.0000,0.0000,0.0000,3.468263,3.459155,3.463709,-0.1408927,,,,,0,0,0,0,0,0,0,0,0,0,0,0,0,0,0,0,0,0,0,0,0,0,0,0,0,0,0,0,0,0,0,0,0,0,0,0,0,0,0,0,0,0,0,0,0,0,0,0,0,0,0,
Participant,7_3,11_49_53,4.7761,0,0,0,4.776122,0.0000,0.0000,0.0000,0.0000,0.0000,0.0000,3.473988,3.457536,3.465762,-0.13884,,,,,0,0,0,0,0,0,0,0,0,0,0,0,0,0,0,0,0,0,0,0,0,0,0,0,0,0,0,0,0,0,0,0,0,0,0,0,0,0,0,0,0,0,0,0,0,0,0,0,0,0,0,
Participant,7_3,11_49_53,4.7798,0,0,0,4.779807,0.0000,0.0000,0.0000,0.0000,0.0000,0.0000,3.444016,3.485529,3.464773,-0.1398294,,,,,0,0,0,0,0,0,0,0,0,0,0,0,0,0,0,0,0,0,0,0,0,0,0,0,0,0,0,0,0,0,0,0,0,0,0,0,0,0,0,0,0,0,0,0,0,0,0,0,0,0,0,
Participant,7_3,11_49_53,4.7832,0,0,0,4.783228,0.0000,0.0000,0.0000,0.0000,0.0000,0.0000,3.489294,3.449119,3.469207,-0.1353955,,,,,0,0,0,0,0,0,0,0,0,0,0,0,0,0,0,0,0,0,0,0,0,0,0,0,0,0,0,0,0,0,0,0,0,0,0,0,0,0,0,0,0,0,0,0,0,0,0,0,0,0,0,
Participant,7_3,11_49_53,4.7867,0,0,0,4.786728,0.0000,0.0000,0.0000,0.0000,0.0000,0.0000,3.479107,3.445062,3.462085,-0.1425173,,,,,0,0,0,0,0,0,0,0,0,0,0,0,0,0,0,0,0,0,0,0,0,0,0,0,0,0,0,0,0,0,0,0,0,0,0,0,0,0,0,0,0,0,0,0,0,0,0,0,0,0,0,
Participant,7_3,11_49_53,4.7902,0,0,0,4.790173,0.0000,0.0000,0.0000,0.0000,0.0000,0.0000,3.48243,3.439878,3.461154,-0.1434484,,,,,0,0,0,0,0,0,0,0,0,0,0,0,0,0,0,0,0,0,0,0,0,0,0,0,0,0,0,0,0,0,0,0,0,0,0,0,0,0,0,0,0,0,0,0,0,0,0,0,0,0,0,
Participant,7_3,11_49_53,4.7934,0,0,0,4.79335,0.0000,0.0000,0.0000,0.0000,0.0000,0.0000,3.478332,3.449028,3.46368,-0.1409221,,,,,0,0,0,0,0,0,0,0,0,0,0,0,0,0,0,0,0,0,0,0,0,0,0,0,0,0,0,0,0,0,0,0,0,0,0,0,0,0,0,0,0,0,0,0,0,0,0,0,0,0,0,
Participant,7_3,11_49_53,4.7965,0,0,0,4.796526,0.0000,0.0000,0.0000,0.0000,0.0000,0.0000,3.450048,3.476018,3.463033,-0.1415689,,,,,0,0,0,0,0,0,0,0,0,0,0,0,0,0,0,0,0,0,0,0,0,0,0,0,0,0,0,0,0,0,0,0,0,0,0,0,0,0,0,0,0,0,0,0,0,0,0,0,0,0,0,
Participant,7_3,11_49_53,4.7999,0,0,0,4.799901,0.0000,0.0000,0.0000,0.0000,0.0000,0.0000,3.438569,3.429431,3.434,-0.1706023,,,,,0,0,0,0,0,0,0,0,0,0,0,0,0,0,0,0,0,0,0,0,0,0,0,0,0,0,0,0,0,0,0,0,0,0,0,0,0,0,0,0,0,0,0,0,0,0,0,0,0,0,0,
Participant,7_3,11_49_53,4.8032,0,0,0,4.803154,0.0000,0.0000,0.0000,0.0000,0.0000,0.0000,3.427975,3.430934,3.429455,-0.1751473,,,,,0,0,0,0,0,0,0,0,0,0,0,0,0,0,0,0,0,0,0,0,0,0,0,0,0,0,0,0,0,0,0,0,0,0,0,0,0,0,0,0,0,0,0,0,0,0,0,0,0,0,0,
Participant,7_3,11_49_53,4.8067,0,0,0,4.80674,0.0000,0.0000,0.0000,0.0000,0.0000,0.0000,3.460943,3.442446,3.451694,-0.1529076,,,,,0,0,0,0,0,0,0,0,0,0,0,0,0,0,0,0,0,0,0,0,0,0,0,0,0,0,0,0,0,0,0,0,0,0,0,0,0,0,0,0,0,0,0,0,0,0,0,0,0,0,0,
Participant,7_3,11_49_53,4.8101,0,0,0,4.810122,0.0000,0.0000,0.0000,0.0000,0.0000,0.0000,3.47614,3.462523,3.469332,-0.1352704,,,,,0,0,0,0,0,0,0,0,0,0,0,0,0,0,0,0,0,0,0,0,0,0,0,0,0,0,0,0,0,0,0,0,0,0,0,0,0,0,0,0,0,0,0,0,0,0,0,0,0,0,0,
Participant,7_3,11_49_53,4.8135,0,0,0,4.813514,0.0000,0.0000,0.0000,0.0000,0.0000,0.0000,3.456856,3.459015,3.457936,-0.1466663,,,,,0,0,0,0,0,0,0,0,0,0,0,0,0,0,0,0,0,0,0,0,0,0,0,0,0,0,0,0,0,0,0,0,0,0,0,0,0,0,0,0,0,0,0,0,0,0,0,0,0,0,0,
Participant,7_3,11_49_53,4.8167,0,0,0,4.816697,0.0000,0.0000,0.0000,0.0000,0.0000,0.0000,3.454809,3.435456,3.445132,-0.1594696,,,,,0,0,0,0,0,0,0,0,0,0,0,0,0,0,0,0,0,0,0,0,0,0,0,0,0,0,0,0,0,0,0,0,0,0,0,0,0,0,0,0,0,0,0,0,0,0,0,0,0,0,0,
Participant,7_3,11_49_53,4.8199,0,0,0,4.81989,0.0000,0.0000,0.0000,0.0000,0.0000,0.0000,3.441133,3.460374,3.450754,-0.1538484,,,,,0,0,0,0,0,0,0,0,0,0,0,0,0,0,0,0,0,0,0,0,0,0,0,0,0,0,0,0,0,0,0,0,0,0,0,0,0,0,0,0,0,0,0,0,0,0,0,0,0,0,0,
Participant,7_3,11_49_53,4.8233,0,0,0,4.823336,0.0000,0.0000,0.0000,0.0000,0.0000,0.0000,3.432032,3.440404,3.436218,-0.1683841,,,,,0,0,0,0,0,0,0,0,0,0,0,0,0,0,0,0,0,0,0,0,0,0,0,0,0,0,0,0,0,0,0,0,0,0,0,0,0,0,0,0,0,0,0,0,0,0,0,0,0,0,0,
Participant,7_3,11_49_53,4.8268,0,0,0,4.826758,0.0000,0.0000,0.0000,0.0000,0.0000,0.0000,3.462915,3.461672,3.462294,-0.1423085,,,,,0,0,0,0,0,0,0,0,0,0,0,0,0,0,0,0,0,0,0,0,0,0,0,0,0,0,0,0,0,0,0,0,0,0,0,0,0,0,0,0,0,0,0,0,0,0,0,0,0,0,0,
Participant,7_3,11_49_53,4.8300,0,0,0,4.829953,0.0000,0.0000,0.0000,0.0000,0.0000,0.0000,3.467638,3.433085,3.450362,-0.1542404,,,,,0,0,0,0,0,0,0,0,0,0,0,0,0,0,0,0,0,0,0,0,0,0,0,0,0,0,0,0,0,0,0,0,0,0,0,0,0,0,0,0,0,0,0,0,0,0,0,0,0,0,0,
Participant,7_3,11_49_53,4.8339,0,0,0,4.833909,0.0000,0.0000,0.0000,0.0000,0.0000,0.0000,3.465631,3.425096,3.445364,-0.1592386,,,,,0,0,0,0,0,0,0,0,0,0,0,0,0,0,0,0,0,0,0,0,0,0,0,0,0,0,0,0,0,0,0,0,0,0,0,0,0,0,0,0,0,0,0,0,0,0,0,0,0,0,0,
Participant,7_3,11_49_53,4.8372,0,0,0,4.837179,0.0000,0.0000,0.0000,0.0000,0.0000,0.0000,3.428724,3.461364,3.445044,-0.1595581,,,,,0,0,0,0,0,0,0,0,0,0,0,0,0,0,0,0,0,0,0,0,0,0,0,0,0,0,0,0,0,0,0,0,0,0,0,0,0,0,0,0,0,0,0,0,0,0,0,0,0,0,0,
Participant,7_3,11_49_53,4.8475,0,0,0,4.847475,0.0000,0.0000,0.0000,0.0000,0.0000,0.0000,3.445132,3.422144,3.433639,-0.1709635,,,,,0,0,0,0,0,0,0,0,0,0,0,0,0,0,0,0,0,0,0,0,0,0,0,0,0,0,0,0,0,0,0,0,0,0,0,0,0,0,0,0,0,0,0,0,0,0,0,0,0,0,0,
Participant,7_3,11_49_53,4.8514,0,0,0,4.851398,0.0000,0.0000,0.0000,0.0000,0.0000,0.0000,3.440321,3.424153,3.432237,-0.172365,,,,,0,0,0,0,0,0,0,0,0,0,0,0,0,0,0,0,0,0,0,0,0,0,0,0,0,0,0,0,0,0,0,0,0,0,0,0,0,0,0,0,0,0,0,0,0,0,0,0,0,0,0,
Participant,7_3,11_49_53,4.8548,0,0,0,4.854833,0.0000,0.0000,0.0000,0.0000,0.0000,0.0000,3.459015,3.419171,3.439093,-0.165509,,,,,0,0,0,0,0,0,0,0,0,0,0,0,0,0,0,0,0,0,0,0,0,0,0,0,0,0,0,0,0,0,0,0,0,0,0,0,0,0,0,0,0,0,0,0,0,0,0,0,0,0,0,
Participant,7_3,11_49_53,4.8581,0,0,0,4.858077,0.0000,0.0000,0.0000,0.0000,0.0000,0.0000,3.411302,3.429452,3.420377,-0.1842248,,,,,0,0,0,0,0,0,0,0,0,0,0,0,0,0,0,0,0,0,0,0,0,0,0,0,0,0,0,0,0,0,0,0,0,0,0,0,0,0,0,0,0,0,0,0,0,0,0,0,0,0,0,
Participant,7_3,11_49_53,4.8615,0,0,0,4.861505,0.0000,0.0000,0.0000,0.0000,0.0000,0.0000,3.431594,3.435354,3.433474,-0.1711278,,,,,0,0,0,0,0,0,0,0,0,0,0,0,0,0,0,0,0,0,0,0,0,0,0,0,0,0,0,0,0,0,0,0,0,0,0,0,0,0,0,0,0,0,0,0,0,0,0,0,0,0,0,
Participant,7_3,11_49_53,4.8654,0,0,0,4.865425,0.0000,0.0000,0.0000,0.0000,0.0000,0.0000,3.422764,3.440764,3.431764,-0.172838,,,,,0,0,0,0,0,0,0,0,0,0,0,0,0,0,0,0,0,0,0,0,0,0,0,0,0,0,0,0,0,0,0,0,0,0,0,0,0,0,0,0,0,0,0,0,0,0,0,0,0,0,0,
Participant,7_3,11_49_53,4.8688,0,0,0,4.868837,0.0000,0.0000,0.0000,0.0000,0.0000,0.0000,3.418753,3.445957,3.432355,-0.1722469,,,,,0,0,0,0,0,0,0,0,0,0,0,0,0,0,0,0,0,0,0,0,0,0,0,0,0,0,0,0,0,0,0,0,0,0,0,0,0,0,0,0,0,0,0,0,0,0,0,0,0,0,0,
Participant,7_3,11_49_53,4.8722,0,0,0,4.872244,0.0000,0.0000,0.0000,0.0000,0.0000,0.0000,3.405218,3.395211,3.400215,-0.2043874,,,,,0,0,0,0,0,0,0,0,0,0,0,0,0,0,0,0,0,0,0,0,0,0,0,0,0,0,0,0,0,0,0,0,0,0,0,0,0,0,0,0,0,0,0,0,0,0,0,0,0,0,0,
Participant,7_3,11_49_53,4.8754,0,0,0,4.875419,0.0000,0.0000,0.0000,0.0000,0.0000,0.0000,3.430073,3.413923,3.421998,-0.1826041,,,,,0,0,0,0,0,0,0,0,0,0,0,0,0,0,0,0,0,0,0,0,0,0,0,0,0,0,0,0,0,0,0,0,0,0,0,0,0,0,0,0,0,0,0,0,0,0,0,0,0,0,0,
Participant,7_3,11_49_53,4.8786,0,0,0,4.878624,0.0000,0.0000,0.0000,0.0000,0.0000,0.0000,3.407866,3.401642,3.404754,-0.1998482,,,,,0,0,0,0,0,0,0,0,0,0,0,0,0,0,0,0,0,0,0,0,0,0,0,0,0,0,0,0,0,0,0,0,0,0,0,0,0,0,0,0,0,0,0,0,0,0,0,0,0,0,0,
Participant,7_3,11_49_53,4.8820,0,0,0,4.882033,0.0000,0.0000,0.0000,0.0000,0.0000,0.0000,3.433644,3.417483,3.425563,-0.1790388,,,,,0,0,0,0,0,0,0,0,0,0,0,0,0,0,0,0,0,0,0,0,0,0,0,0,0,0,0,0,0,0,0,0,0,0,0,0,0,0,0,0,0,0,0,0,0,0,0,0,0,0,0,
Participant,7_3,11_49_53,4.8855,0,0,0,4.885497,0.0000,0.0000,0.0000,0.0000,0.0000,0.0000,3.43772,3.412157,3.424938,-0.1796639,,,,,0,0,0,0,0,0,0,0,0,0,0,0,0,0,0,0,0,0,0,0,0,0,0,0,0,0,0,0,0,0,0,0,0,0,0,0,0,0,0,0,0,0,0,0,0,0,0,0,0,0,0,
Participant,7_3,11_49_53,4.8888,0,0,0,4.888808,0.0000,0.0000,0.0000,0.0000,0.0000,0.0000,3.386806,3.390057,3.388432,-0.2161705,,,,,0,0,0,0,0,0,0,0,0,0,0,0,0,0,0,0,0,0,0,0,0,0,0,0,0,0,0,0,0,0,0,0,0,0,0,0,0,0,0,0,0,0,0,0,0,0,0,0,0,0,0,
Participant,7_3,11_49_53,4.8920,0,0,0,4.892024,0.0000,0.0000,0.0000,0.0000,0.0000,0.0000,3.420529,3.440521,3.430525,-0.1740773,,,,,0,0,0,0,0,0,0,0,0,0,0,0,0,0,0,0,0,0,0,0,0,0,0,0,0,0,0,0,0,0,0,0,0,0,0,0,0,0,0,0,0,0,0,0,0,0,0,0,0,0,0,
Participant,7_3,11_49_53,4.8954,0,0,0,4.895444,0.0000,0.0000,0.0000,0.0000,0.0000,0.0000,3.430306,3.422339,3.426322,-0.1782796,,,,,0,0,0,0,0,0,0,0,0,0,0,0,0,0,0,0,0,0,0,0,0,0,0,0,0,0,0,0,0,0,0,0,0,0,0,0,0,0,0,0,0,0,0,0,0,0,0,0,0,0,0,
Participant,7_3,11_49_53,4.8990,0,0,0,4.899017,0.0000,0.0000,0.0000,0.0000,0.0000,0.0000,3.416646,3.424227,3.420437,-0.1841652,,,,,0,0,0,0,0,0,0,0,0,0,0,0,0,0,0,0,0,0,0,0,0,0,0,0,0,0,0,0,0,0,0,0,0,0,0,0,0,0,0,0,0,0,0,0,0,0,0,0,0,0,0,
Participant,7_3,11_49_53,4.9025,0,0,0,4.902505,0.0000,0.0000,0.0000,0.0000,0.0000,0.0000,3.387329,3.435194,3.411261,-0.1933408,,,,,0,0,0,0,0,0,0,0,0,0,0,0,0,0,0,0,0,0,0,0,0,0,0,0,0,0,0,0,0,0,0,0,0,0,0,0,0,0,0,0,0,0,0,0,0,0,0,0,0,0,0,
Participant,7_3,11_49_53,4.9060,0,0,0,4.906041,0.0000,0.0000,0.0000,0.0000,0.0000,0.0000,3.434721,3.422925,3.428823,-0.1757791,,,,,0,0,0,0,0,0,0,0,0,0,0,0,0,0,0,0,0,0,0,0,0,0,0,0,0,0,0,0,0,0,0,0,0,0,0,0,0,0,0,0,0,0,0,0,0,0,0,0,0,0,0,
Participant,7_3,11_49_53,4.9095,0,0,0,4.909526,0.0000,0.0000,0.0000,0.0000,0.0000,0.0000,3.42986,3.415692,3.422776,-0.1818264,,,,,0,0,0,0,0,0,0,0,0,0,0,0,0,0,0,0,0,0,0,0,0,0,0,0,0,0,0,0,0,0,0,0,0,0,0,0,0,0,0,0,0,0,0,0,0,0,0,0,0,0,0,
Participant,7_3,11_49_53,4.9186,0,0,0,4.918578,0.0000,0.0000,0.0000,0.0000,0.0000,0.0000,3.409347,3.392703,3.401025,-0.2035775,,,,,0,0,0,0,0,0,0,0,0,0,0,0,0,0,0,0,0,0,0,0,0,0,0,0,0,0,0,0,0,0,0,0,0,0,0,0,0,0,0,0,0,0,0,0,0,0,0,0,0,0,0,
Participant,7_3,11_49_53,4.9219,0,0,0,4.921856,0.0000,0.0000,0.0000,0.0000,0.0000,0.0000,3.396178,3.393529,3.394854,-0.209748,,,,,0,0,0,0,0,0,0,0,0,0,0,0,0,0,0,0,0,0,0,0,0,0,0,0,0,0,0,0,0,0,0,0,0,0,0,0,0,0,0,0,0,0,0,0,0,0,0,0,0,0,0,
Participant,7_3,11_49_53,4.9254,0,0,0,4.925418,0.0000,0.0000,0.0000,0.0000,0.0000,0.0000,3.391852,3.406652,3.399252,-0.2053502,,,,,0,0,0,0,0,0,0,0,0,0,0,0,0,0,0,0,0,0,0,0,0,0,0,0,0,0,0,0,0,0,0,0,0,0,0,0,0,0,0,0,0,0,0,0,0,0,0,0,0,0,0,
Participant,7_3,11_49_53,4.9289,0,0,0,4.928861,0.0000,0.0000,0.0000,0.0000,0.0000,0.0000,3.379226,3.409142,3.394184,-0.210418,,,,,0,0,0,0,0,0,0,0,0,0,0,0,0,0,0,0,0,0,0,0,0,0,0,0,0,0,0,0,0,0,0,0,0,0,0,0,0,0,0,0,0,0,0,0,0,0,0,0,0,0,0,
Participant,7_3,11_49_53,4.9325,0,0,0,4.932519,0.0000,0.0000,0.0000,0.0000,0.0000,0.0000,3.386102,3.373559,3.37983,-0.2247717,,,,,0,0,0,0,0,0,0,0,0,0,0,0,0,0,0,0,0,0,0,0,0,0,0,0,0,0,0,0,0,0,0,0,0,0,0,0,0,0,0,0,0,0,0,0,0,0,0,0,0,0,0,
Participant,7_3,11_49_53,4.9360,0,0,0,4.935958,0.0000,0.0000,0.0000,0.0000,0.0000,0.0000,3.364721,3.367761,3.366241,-0.2383611,,,,,0,0,0,0,0,0,0,0,0,0,0,0,0,0,0,0,0,0,0,0,0,0,0,0,0,0,0,0,0,0,0,0,0,0,0,0,0,0,0,0,0,0,0,0,0,0,0,0,0,0,0,
Participant,7_3,11_49_54,4.9394,0,0,0,4.939357,0.0000,0.0000,0.0000,0.0000,0.0000,0.0000,3.40109,3.399798,3.400444,-0.2041578,,,,,0,0,0,0,0,0,0,0,0,0,0,0,0,0,0,0,0,0,0,0,0,0,0,0,0,0,0,0,0,0,0,0,0,0,0,0,0,0,0,0,0,0,0,0,0,0,0,0,0,0,0,
Participant,7_3,11_49_54,4.9425,0,0,0,4.942546,0.0000,0.0000,0.0000,0.0000,0.0000,0.0000,3.413113,3.398614,3.405863,-0.1987388,,,,,0,0,0,0,0,0,0,0,0,0,0,0,0,0,0,0,0,0,0,0,0,0,0,0,0,0,0,0,0,0,0,0,0,0,0,0,0,0,0,0,0,0,0,0,0,0,0,0,0,0,0,
Participant,7_3,11_49_54,4.9461,0,0,0,4.946086,0.0000,0.0000,0.0000,0.0000,0.0000,0.0000,3.416541,3.357893,3.387217,-0.2173851,,,,,0,0,0,0,0,0,0,0,0,0,0,0,0,0,0,0,0,0,0,0,0,0,0,0,0,0,0,0,0,0,0,0,0,0,0,0,0,0,0,0,0,0,0,0,0,0,0,0,0,0,0,
Participant,7_3,11_49_54,4.9495,0,0,0,4.949494,0.0000,0.0000,0.0000,0.0000,0.0000,0.0000,3.360808,3.391813,3.37631,-0.2282917,,,,,0,0,0,0,0,0,0,0,0,0,0,0,0,0,0,0,0,0,0,0,0,0,0,0,0,0,0,0,0,0,0,0,0,0,0,0,0,0,0,0,0,0,0,0,0,0,0,0,0,0,0,
Participant,7_3,11_49_54,4.9527,0,0,0,4.952678,0.0000,0.0000,0.0000,0.0000,0.0000,0.0000,3.404987,3.374633,3.38981,-0.2147918,,,,,0,0,0,0,0,0,0,0,0,0,0,0,0,0,0,0,0,0,0,0,0,0,0,0,0,0,0,0,0,0,0,0,0,0,0,0,0,0,0,0,0,0,0,0,0,0,0,0,0,0,0,
Participant,7_3,11_49_54,4.9561,0,0,0,4.95613,0.0000,0.0000,0.0000,0.0000,0.0000,0.0000,3.365106,3.404759,3.384933,-0.2196696,,,,,0,0,0,0,0,0,0,0,0,0,0,0,0,0,0,0,0,0,0,0,0,0,0,0,0,0,0,0,0,0,0,0,0,0,0,0,0,0,0,0,0,0,0,0,0,0,0,0,0,0,0,
Participant,7_3,11_49_54,4.9596,0,0,0,4.959609,0.0000,0.0000,0.0000,0.0000,0.0000,0.0000,3.394364,3.388157,3.39126,-0.213342,,,,,0,0,0,0,0,0,0,0,0,0,0,0,0,0,0,0,0,0,0,0,0,0,0,0,0,0,0,0,0,0,0,0,0,0,0,0,0,0,0,0,0,0,0,0,0,0,0,0,0,0,0,
Participant,7_3,11_49_54,4.9630,0,0,0,4.962981,0.0000,0.0000,0.0000,0.0000,0.0000,0.0000,3.358471,3.354391,3.356431,-0.2481711,,,,,0,0,0,0,0,0,0,0,0,0,0,0,0,0,0,0,0,0,0,0,0,0,0,0,0,0,0,0,0,0,0,0,0,0,0,0,0,0,0,0,0,0,0,0,0,0,0,0,0,0,0,
Participant,7_3,11_49_54,4.9666,0,0,0,4.966572,0.0000,0.0000,0.0000,0.0000,0.0000,0.0000,3.402143,3.39585,3.398997,-0.2056053,,,,,0,0,0,0,0,0,0,0,0,0,0,0,0,0,0,0,0,0,0,0,0,0,0,0,0,0,0,0,0,0,0,0,0,0,0,0,0,0,0,0,0,0,0,0,0,0,0,0,0,0,0,
Participant,7_3,11_49_54,4.9698,0,0,0,4.969796,0.0000,0.0000,0.0000,0.0000,0.0000,0.0000,3.37284,3.365417,3.369129,-0.2354734,,,,,0,0,0,0,0,0,0,0,0,0,0,0,0,0,0,0,0,0,0,0,0,0,0,0,0,0,0,0,0,0,0,0,0,0,0,0,0,0,0,0,0,0,0,0,0,0,0,0,0,0,0,
Participant,7_3,11_49_54,4.9732,0,0,0,4.973229,0.0000,0.0000,0.0000,0.0000,0.0000,0.0000,3.372235,3.385132,3.378683,-0.225919,,,,,0,0,0,0,0,0,0,0,0,0,0,0,0,0,0,0,0,0,0,0,0,0,0,0,0,0,0,0,0,0,0,0,0,0,0,0,0,0,0,0,0,0,0,0,0,0,0,0,0,0,0,
Participant,7_3,11_49_54,4.9768,0,0,0,4.976757,0.0000,0.0000,0.0000,0.0000,0.0000,0.0000,3.397153,3.379983,3.388568,-0.2160337,,,,,0,0,0,0,0,0,0,0,0,0,0,0,0,0,0,0,0,0,0,0,0,0,0,0,0,0,0,0,0,0,0,0,0,0,0,0,0,0,0,0,0,0,0,0,0,0,0,0,0,0,0,
Participant,7_3,11_49_54,4.9800,0,0,0,4.979974,0.0000,0.0000,0.0000,0.0000,0.0000,0.0000,3.355172,3.395836,3.375504,-0.2290981,,,,,0,0,0,0,0,0,0,0,0,0,0,0,0,0,0,0,0,0,0,0,0,0,0,0,0,0,0,0,0,0,0,0,0,0,0,0,0,0,0,0,0,0,0,0,0,0,0,0,0,0,0,
Participant,7_3,11_49_54,4.9838,0,0,0,4.983773,0.0000,0.0000,0.0000,0.0000,0.0000,0.0000,3.374972,3.378569,3.37677,-0.2278316,,,,,0,0,0,0,0,0,0,0,0,0,0,0,0,0,0,0,0,0,0,0,0,0,0,0,0,0,0,0,0,0,0,0,0,0,0,0,0,0,0,0,0,0,0,0,0,0,0,0,0,0,0,
Participant,7_3,11_49_54,4.9883,0,0,0,4.988348,0.0000,0.0000,0.0000,0.0000,0.0000,0.0000,3.369014,3.338948,3.353981,-0.2506211,,,,,0,0,0,0,0,0,0,0,0,0,0,0,0,0,0,0,0,0,0,0,0,0,0,0,0,0,0,0,0,0,0,0,0,0,0,0,0,0,0,0,0,0,0,0,0,0,0,0,0,0,0,
Participant,7_3,11_49_54,4.9916,0,0,0,4.991596,0.0000,0.0000,0.0000,0.0000,0.0000,0.0000,3.361262,3.357628,3.359445,-0.245157,,,,,0,0,0,0,0,0,0,0,0,0,0,0,0,0,0,0,0,0,0,0,0,0,0,0,0,0,0,0,0,0,0,0,0,0,0,0,0,0,0,0,0,0,0,0,0,0,0,0,0,0,0,
Participant,7_3,11_49_54,4.9950,0,0,0,4.994985,0.0000,0.0000,0.0000,0.0000,0.0000,0.0000,3.37407,3.342513,3.358292,-0.2463105,,,,,0,0,0,0,0,0,0,0,0,0,0,0,0,0,0,0,0,0,0,0,0,0,0,0,0,0,0,0,0,0,0,0,0,0,0,0,0,0,0,0,0,0,0,0,0,0,0,0,0,0,0,
Participant,7_3,11_49_54,4.9983,0,0,0,4.998343,0.0000,0.0000,0.0000,0.0000,0.0000,0.0000,3.379446,3.371977,3.375712,-0.2288904,,,,,0,0,0,0,0,0,0,0,0,0,0,0,0,0,0,0,0,0,0,0,0,0,0,0,0,0,0,0,0,0,0,0,0,0,0,0,0,0,0,0,0,0,0,0,0,0,0,0,0,0,0,
Participant,7_3,11_49_54,5.0016,0,0,0,5.001562,0.0000,0.0000,0.0000,0.0000,0.0000,0.0000,3.378471,3.382465,3.380468,-0.2241342,,,,,0,0,0,0,0,0,0,0,0,0,0,0,0,0,0,0,0,0,0,0,0,0,0,0,0,0,0,0,0,0,0,0,0,0,0,0,0,0,0,0,0,0,0,0,0,0,0,0,0,0,0,
Participant,7_3,11_49_54,5.0096,0,1,0,5.009648,0.0000,0.0000,0.0000,0.0000,0.0000,0.0000,3.339038,3.340173,3.339605,,,,,,0,0,0,0,0,0,0,0,0,0,0,0,0,0,0,0,0,0,0,0,0,0,0,0,0,0,0,0,0,0,0,0,0,0,0,0,0,0,0,0,0,0,0,0,0,0,0,0,0,0,0,
Participant,7_3,11_49_54,5.0134,0,1,0,5.013425,0.0000,0.0000,0.0000,0.0000,0.0000,0.0000,3.351424,3.37081,3.361117,,,,,,0,0,0,0,0,0,0,0,0,0,0,0,0,0,0,0,0,0,0,0,0,0,0,0,0,0,0,0,0,0,0,0,0,0,0,0,0,0,0,0,0,0,0,0,0,0,0,0,0,0,0,
Participant,7_3,11_49_54,5.0166,0,1,0,5.016626,0.0000,0.0000,0.0000,0.0000,0.0000,0.0000,3.350231,3.369025,3.359628,,,,,,0,0,0,0,0,0,0,0,0,0,0,0,0,0,0,0,0,0,0,0,0,0,0,0,0,0,0,0,0,0,0,0,0,0,0,0,0,0,0,0,0,0,0,0,0,0,0,0,0,0,0,
Participant,7_3,11_49_54,5.0199,0,1,0,5.019912,0.0000,0.0000,0.0000,0.0000,0.0000,0.0000,3.371021,3.340911,3.355966,,,,,,0,0,0,0,0,0,0,0,0,0,0,0,0,0,0,0,0,0,0,0,0,0,0,0,0,0,0,0,0,0,0,0,0,0,0,0,0,0,0,0,0,0,0,0,0,0,0,0,0,0,0,
Participant,7_3,11_49_54,5.0234,0,1,0,5.023404,0.0000,0.0000,0.0000,0.0000,0.0000,0.0000,3.368793,3.346423,3.357608,,,,,,0,0,0,0,0,0,0,0,0,0,0,0,0,0,0,0,0,0,0,0,0,0,0,0,0,0,0,0,0,0,0,0,0,0,0,0,0,0,0,0,0,0,0,0,0,0,0,0,0,0,0,
Participant,7_3,11_49_54,5.0271,0,1,0,5.027054,0.0000,0.0000,0.0000,0.0000,0.0000,0.0000,3.334519,3.355391,3.344955,,,,,,0,0,0,0,0,0,0,0,0,0,0,0,0,0,0,0,0,0,0,0,0,0,0,0,0,0,0,0,0,0,0,0,0,0,0,0,0,0,0,0,0,0,0,0,0,0,0,0,0,0,0,
Participant,7_3,11_49_54,5.0305,0,1,0,5.030475,0.0000,0.0000,0.0000,0.0000,0.0000,0.0000,3.37377,3.355156,3.364463,,,,,,0,0,0,0,0,0,0,0,0,0,0,0,0,0,0,0,0,0,0,0,0,0,0,0,0,0,0,0,0,0,0,0,0,0,0,0,0,0,0,0,0,0,0,0,0,0,0,0,0,0,0,
Participant,7_3,11_49_54,5.0337,0,1,0,5.033699,0.0000,0.0000,0.0000,0.0000,0.0000,0.0000,3.328221,3.376596,3.352408,,,,,,0,0,0,0,0,0,0,0,0,0,0,0,0,0,0,0,0,0,0,0,0,0,0,0,0,0,0,0,0,0,0,0,0,0,0,0,0,0,0,0,0,0,0,0,0,0,0,0,0,0,0,
Participant,7_3,11_49_54,5.0371,0,1,0,5.037138,0.0000,0.0000,0.0000,0.0000,0.0000,0.0000,3.34274,3.375878,3.359309,,,,,,0,0,0,0,0,0,0,0,0,0,0,0,0,0,0,0,0,0,0,0,0,0,0,0,0,0,0,0,0,0,0,0,0,0,0,0,0,0,0,0,0,0,0,0,0,0,0,0,0,0,0,
Participant,7_3,11_49_54,5.0405,0,1,0,5.04051,0.0000,0.0000,0.0000,0.0000,0.0000,0.0000,3.327538,3.344913,3.336226,,,,,,0,0,0,0,0,0,0,0,0,0,0,0,0,0,0,0,0,0,0,0,0,0,0,0,0,0,0,0,0,0,0,0,0,0,0,0,0,0,0,0,0,0,0,0,0,0,0,0,0,0,0,
Participant,7_3,11_49_54,5.0514,0,1,0,5.051429,0.0000,0.0000,0.0000,0.0000,0.0000,0.0000,3.35322,3.354091,3.353656,,,,,,0,0,0,0,0,0,0,0,0,0,0,0,0,0,0,0,0,0,0,0,0,0,0,0,0,0,0,0,0,0,0,0,0,0,0,0,0,0,0,0,0,0,0,0,0,0,0,0,0,0,0,
Participant,7_3,11_49_54,5.0547,0,1,0,5.054697,0.0000,0.0000,0.0000,0.0000,0.0000,0.0000,3.321527,3.334042,3.327785,,,,,,0,0,0,0,0,0,0,0,0,0,0,0,0,0,0,0,0,0,0,0,0,0,0,0,0,0,0,0,0,0,0,0,0,0,0,0,0,0,0,0,0,0,0,0,0,0,0,0,0,0,0,
Participant,7_3,11_49_54,5.0582,0,1,0,5.058182,0.0000,0.0000,0.0000,0.0000,0.0000,0.0000,3.352061,3.359361,3.355711,,,,,,0,0,0,0,0,0,0,0,0,0,0,0,0,0,0,0,0,0,0,0,0,0,0,0,0,0,0,0,0,0,0,0,0,0,0,0,0,0,0,0,0,0,0,0,0,0,0,0,0,0,0,
Participant,7_3,11_49_54,5.0616,0,1,0,5.061631,0.0000,0.0000,0.0000,0.0000,0.0000,0.0000,3.342854,3.314284,3.328569,,,,,,0,0,0,0,0,0,0,0,0,0,0,0,0,0,0,0,0,0,0,0,0,0,0,0,0,0,0,0,0,0,0,0,0,0,0,0,0,0,0,0,0,0,0,0,0,0,0,0,0,0,0,
Participant,7_3,11_49_54,5.0658,0,1,0,5.065811,0.0000,0.0000,0.0000,0.0000,0.0000,0.0000,3.352266,3.315063,3.333665,,,,,,0,0,0,0,0,0,0,0,0,0,0,0,0,0,0,0,0,0,0,0,0,0,0,0,0,0,0,0,0,0,0,0,0,0,0,0,0,0,0,0,0,0,0,0,0,0,0,0,0,0,0,
Participant,7_3,11_49_54,5.0692,0,1,0,5.069231,0.0000,0.0000,0.0000,0.0000,0.0000,0.0000,3.320918,3.353468,3.337193,,,,,,0,0,0,0,0,0,0,0,0,0,0,0,0,0,0,0,0,0,0,0,0,0,0,0,0,0,0,0,0,0,0,0,0,0,0,0,0,0,0,0,0,0,0,0,0,0,0,0,0,0,0,
Participant,7_3,11_49_54,5.0726,0,1,0,5.072642,0.0000,0.0000,0.0000,0.0000,0.0000,0.0000,3.319014,3.350619,3.334816,,,,,,0,0,0,0,0,0,0,0,0,0,0,0,0,0,0,0,0,0,0,0,0,0,0,0,0,0,0,0,0,0,0,0,0,0,0,0,0,0,0,0,0,0,0,0,0,0,0,0,0,0,0,
Participant,7_3,11_49_54,5.0761,0,1,0,5.07607,0.0000,0.0000,0.0000,0.0000,0.0000,0.0000,3.308979,3.315677,3.312328,,,,,,0,0,0,0,0,0,0,0,0,0,0,0,0,0,0,0,0,0,0,0,0,0,0,0,0,0,0,0,0,0,0,0,0,0,0,0,0,0,0,0,0,0,0,0,0,0,0,0,0,0,0,
Participant,7_3,11_49_54,5.0794,0,1,0,5.079432,0.0000,0.0000,0.0000,0.0000,0.0000,0.0000,3.310661,3.359607,3.335134,,,,,,0,0,0,0,0,0,0,0,0,0,0,0,0,0,0,0,0,0,0,0,0,0,0,0,0,0,0,0,0,0,0,0,0,0,0,0,0,0,0,0,0,0,0,0,0,0,0,0,0,0,0,
Participant,7_3,11_49_54,5.0831,0,1,0,5.083084,0.0000,0.0000,0.0000,0.0000,0.0000,0.0000,3.328656,3.333938,3.331297,,,,,,0,0,0,0,0,0,0,0,0,0,0,0,0,0,0,0,0,0,0,0,0,0,0,0,0,0,0,0,0,0,0,0,0,0,0,0,0,0,0,0,0,0,0,0,0,0,0,0,0,0,0,
Participant,7_3,11_49_54,5.0865,0,1,0,5.086464,0.0000,0.0000,0.0000,0.0000,0.0000,0.0000,3.306993,3.323787,3.31539,,,,,,0,0,0,0,0,0,0,0,0,0,0,0,0,0,0,0,0,0,0,0,0,0,0,0,0,0,0,0,0,0,0,0,0,0,0,0,0,0,0,0,0,0,0,0,0,0,0,0,0,0,0,
Participant,7_3,11_49_54,5.0897,0,1,0,5.08967,0.0000,0.0000,0.0000,0.0000,0.0000,0.0000,3.347467,3.336854,3.34216,,,,,,0,0,0,0,0,0,0,0,0,0,0,0,0,0,0,0,0,0,0,0,0,0,0,0,0,0,0,0,0,0,0,0,0,0,0,0,0,0,0,0,0,0,0,0,0,0,0,0,0,0,0,
Participant,7_3,11_49_54,5.0931,0,1,0,5.093068,0.0000,0.0000,0.0000,0.0000,0.0000,0.0000,3.342719,3.327931,3.335325,,,,,,0,0,0,0,0,0,0,0,0,0,0,0,0,0,0,0,0,0,0,0,0,0,0,0,0,0,0,0,0,0,0,0,0,0,0,0,0,0,0,0,0,0,0,0,0,0,0,0,0,0,0,
Participant,7_3,11_49_54,5.0963,0,1,0,5.096319,0.0000,0.0000,0.0000,0.0000,0.0000,0.0000,3.297532,3.344004,3.320768,,,,,,0,0,0,0,0,0,0,0,0,0,0,0,0,0,0,0,0,0,0,0,0,0,0,0,0,0,0,0,0,0,0,0,0,0,0,0,0,0,0,0,0,0,0,0,0,0,0,0,0,0,0,
Participant,7_3,11_49_54,5.1002,0,1,0,5.100178,0.0000,0.0000,0.0000,0.0000,0.0000,0.0000,3.345799,3.336329,3.341064,,,,,,0,0,0,0,0,0,0,0,0,0,0,0,0,0,0,0,0,0,0,0,0,0,0,0,0,0,0,0,0,0,0,0,0,0,0,0,0,0,0,0,0,0,0,0,0,0,0,0,0,0,0,
Participant,7_3,11_49_54,5.1037,0,1,0,5.10371,0.0000,0.0000,0.0000,0.0000,0.0000,0.0000,3.300747,3.353497,3.327122,,,,,,0,0,0,0,0,0,0,0,0,0,0,0,0,0,0,0,0,0,0,0,0,0,0,0,0,0,0,0,0,0,0,0,0,0,0,0,0,0,0,0,0,0,0,0,0,0,0,0,0,0,0,
Participant,7_3,11_49_54,5.1069,0,1,0,5.106889,0.0000,0.0000,0.0000,0.0000,0.0000,0.0000,3.319096,3.298457,3.308776,,,,,,0,0,0,0,0,0,0,0,0,0,0,0,0,0,0,0,0,0,0,0,0,0,0,0,0,0,0,0,0,0,0,0,0,0,0,0,0,0,0,0,0,0,0,0,0,0,0,0,0,0,0,
Participant,7_3,11_49_54,5.1101,0,1,0,5.110149,0.0000,0.0000,0.0000,0.0000,0.0000,0.0000,3.33377,3.338727,3.336249,,,,,,0,0,0,0,0,0,0,0,0,0,0,0,0,0,0,0,0,0,0,0,0,0,0,0,0,0,0,0,0,0,0,0,0,0,0,0,0,0,0,0,0,0,0,0,0,0,0,0,0,0,0,
Participant,7_3,11_49_54,5.1134,0,1,0,5.113395,0.0000,0.0000,0.0000,0.0000,0.0000,0.0000,3.315932,3.318218,3.317075,,,,,,0,0,0,0,0,0,0,0,0,0,0,0,0,0,0,0,0,0,0,0,0,0,0,0,0,0,0,0,0,0,0,0,0,0,0,0,0,0,0,0,0,0,0,0,0,0,0,0,0,0,0,
Participant,7_3,11_49_54,5.1168,0,1,0,5.11679,0.0000,0.0000,0.0000,0.0000,0.0000,0.0000,3.328091,3.349131,3.338611,,,,,,0,0,0,0,0,0,0,0,0,0,0,0,0,0,0,0,0,0,0,0,0,0,0,0,0,0,0,0,0,0,0,0,0,0,0,0,0,0,0,0,0,0,0,0,0,0,0,0,0,0,0,
Participant,7_3,11_49_54,5.1199,0,1,0,5.119932,0.0000,0.0000,0.0000,0.0000,0.0000,0.0000,3.306805,3.31324,3.310022,,,,,,0,0,0,0,0,0,0,0,0,0,0,0,0,0,0,0,0,0,0,0,0,0,0,0,0,0,0,0,0,0,0,0,0,0,0,0,0,0,0,0,0,0,0,0,0,0,0,0,0,0,0,
Participant,7_3,11_49_54,5.1232,0,1,0,5.123157,0.0000,0.0000,0.0000,0.0000,0.0000,0.0000,3.321935,3.334247,3.328091,,,,,,0,0,0,0,0,0,0,0,0,0,0,0,0,0,0,0,0,0,0,0,0,0,0,0,0,0,0,0,0,0,0,0,0,0,0,0,0,0,0,0,0,0,0,0,0,0,0,0,0,0,0,
Participant,7_3,11_49_54,5.1268,0,1,0,5.126779,0.0000,0.0000,0.0000,0.0000,0.0000,0.0000,3.340966,3.304857,3.322911,,,,,,0,0,0,0,0,0,0,0,0,0,0,0,0,0,0,0,0,0,0,0,0,0,0,0,0,0,0,0,0,0,0,0,0,0,0,0,0,0,0,0,0,0,0,0,0,0,0,0,0,0,0,
Participant,7_3,11_49_54,5.1300,0,1,0,5.130007,0.0000,0.0000,0.0000,0.0000,0.0000,0.0000,3.323891,3.338884,3.331388,,,,,,0,0,0,0,0,0,0,0,0,0,0,0,0,0,0,0,0,0,0,0,0,0,0,0,0,0,0,0,0,0,0,0,0,0,0,0,0,0,0,0,0,0,0,0,0,0,0,0,0,0,0,
Participant,7_3,11_49_54,5.1338,0,1,0,5.133848,0.0000,0.0000,0.0000,0.0000,0.0000,0.0000,3.292557,3.308047,3.300303,,,,,,0,0,0,0,0,0,0,0,0,0,0,0,0,0,0,0,0,0,0,0,0,0,0,0,0,0,0,0,0,0,0,0,0,0,0,0,0,0,0,0,0,0,0,0,0,0,0,0,0,0,0,
Participant,7_3,11_49_54,5.1371,0,1,0,5.137076,0.0000,0.0000,0.0000,0.0000,0.0000,0.0000,3.337857,3.324497,3.331177,,,,,,0,0,0,0,0,0,0,0,0,0,0,0,0,0,0,0,0,0,0,0,0,0,0,0,0,0,0,0,0,0,0,0,0,0,0,0,0,0,0,0,0,0,0,0,0,0,0,0,0,0,0,
Participant,7_3,11_49_54,5.1403,0,1,0,5.140348,0.0000,0.0000,0.0000,0.0000,0.0000,0.0000,3.287196,3.297297,3.292246,,,,,,0,0,0,0,0,0,0,0,0,0,0,0,0,0,0,0,0,0,0,0,0,0,0,0,0,0,0,0,0,0,0,0,0,0,0,0,0,0,0,0,0,0,0,0,0,0,0,0,0,0,0,
Participant,7_3,11_49_54,5.1439,0,1,0,5.14393,0.0000,0.0000,0.0000,0.0000,0.0000,0.0000,3.306368,3.326895,3.316631,,,,,,0,0,0,0,0,0,0,0,0,0,0,0,0,0,0,0,0,0,0,0,0,0,0,0,0,0,0,0,0,0,0,0,0,0,0,0,0,0,0,0,0,0,0,0,0,0,0,0,0,0,0,
Participant,7_3,11_49_54,5.1472,0,1,0,5.147209,0.0000,0.0000,0.0000,0.0000,0.0000,0.0000,3.316441,3.335717,3.326079,,,,,,0,0,0,0,0,0,0,0,0,0,0,0,0,0,0,0,0,0,0,0,0,0,0,0,0,0,0,0,0,0,0,0,0,0,0,0,0,0,0,0,0,0,0,0,0,0,0,0,0,0,0,
Participant,7_3,11_49_54,5.1504,0,1,0,5.150443,0.0000,0.0000,0.0000,0.0000,0.0000,0.0000,3.320146,3.324308,3.322227,,,,,,0,0,0,0,0,0,0,0,0,0,0,0,0,0,0,0,0,0,0,0,0,0,0,0,0,0,0,0,0,0,0,0,0,0,0,0,0,0,0,0,0,0,0,0,0,0,0,0,0,0,0,
Participant,7_3,11_49_54,5.1538,0,1,0,5.153788,0.0000,0.0000,0.0000,0.0000,0.0000,0.0000,3.317872,3.329158,3.323515,,,,,,0,0,0,0,0,0,0,0,0,0,0,0,0,0,0,0,0,0,0,0,0,0,0,0,0,0,0,0,0,0,0,0,0,0,0,0,0,0,0,0,0,0,0,0,0,0,0,0,0,0,0,
Participant,7_3,11_49_54,5.1576,0,1,0,5.157609,0.0000,0.0000,0.0000,0.0000,0.0000,0.0000,3.29596,3.33403,3.314995,,,,,,0,0,0,0,0,0,0,0,0,0,0,0,0,0,0,0,0,0,0,0,0,0,0,0,0,0,0,0,0,0,0,0,0,0,0,0,0,0,0,0,0,0,0,0,0,0,0,0,0,0,0,
Participant,7_3,11_49_54,5.1610,0,1,0,5.161021,0.0000,0.0000,0.0000,0.0000,0.0000,0.0000,3.280333,3.27719,3.278761,,,,,,0,0,0,0,0,0,0,0,0,0,0,0,0,0,0,0,0,0,0,0,0,0,0,0,0,0,0,0,0,0,0,0,0,0,0,0,0,0,0,0,0,0,0,0,0,0,0,0,0,0,0,
Participant,7_3,11_49_54,5.1650,0,1,0,5.164989,0.0000,0.0000,0.0000,0.0000,0.0000,0.0000,3.28479,3.328845,3.306817,,,,,,0,0,0,0,0,0,0,0,0,0,0,0,0,0,0,0,0,0,0,0,0,0,0,0,0,0,0,0,0,0,0,0,0,0,0,0,0,0,0,0,0,0,0,0,0,0,0,0,0,0,0,
Participant,7_3,11_49_54,5.1751,0,1,0,5.17513,0.0000,0.0000,0.0000,0.0000,0.0000,0.0000,3.300363,3.278695,3.289529,,,,,,0,0,0,0,0,0,0,0,0,0,0,0,0,0,0,0,0,0,0,0,0,0,0,0,0,0,0,0,0,0,0,0,0,0,0,0,0,0,0,0,0,0,0,0,0,0,0,0,0,0,0,
Participant,7_3,11_49_54,5.1783,0,1,0,5.178297,0.0000,0.0000,0.0000,0.0000,0.0000,0.0000,3.285675,3.314152,3.299913,,,,,,0,0,0,0,0,0,0,0,0,0,0,0,0,0,0,0,0,0,0,0,0,0,0,0,0,0,0,0,0,0,0,0,0,0,0,0,0,0,0,0,0,0,0,0,0,0,0,0,0,0,0,
Participant,7_3,11_49_54,5.1814,0,1,0,5.181442,0.0000,0.0000,0.0000,0.0000,0.0000,0.0000,3.280958,3.290388,3.285673,,,,,,0,0,0,0,0,0,0,0,0,0,0,0,0,0,0,0,0,0,0,0,0,0,0,0,0,0,0,0,0,0,0,0,0,0,0,0,0,0,0,0,0,0,0,0,0,0,0,0,0,0,0,
Participant,7_3,11_49_54,5.1855,0,1,0,5.185472,0.0000,0.0000,0.0000,0.0000,0.0000,0.0000,3.289267,3.301951,3.295609,,,,,,0,0,0,0,0,0,0,0,0,0,0,0,0,0,0,0,0,0,0,0,0,0,0,0,0,0,0,0,0,0,0,0,0,0,0,0,0,0,0,0,0,0,0,0,0,0,0,0,0,0,0,
Participant,7_3,11_49_54,5.1890,0,1,0,5.189001,0.0000,0.0000,0.0000,0.0000,0.0000,0.0000,3.284068,3.306733,3.2954,,,,,,0,0,0,0,0,0,0,0,0,0,0,0,0,0,0,0,0,0,0,0,0,0,0,0,0,0,0,0,0,0,0,0,0,0,0,0,0,0,0,0,0,0,0,0,0,0,0,0,0,0,0,
Participant,7_3,11_49_54,5.1924,0,1,0,5.192367,0.0000,0.0000,0.0000,0.0000,0.0000,0.0000,3.317243,3.289992,3.303618,,,,,,0,0,0,0,0,0,0,0,0,0,0,0,0,0,0,0,0,0,0,0,0,0,0,0,0,0,0,0,0,0,0,0,0,0,0,0,0,0,0,0,0,0,0,0,0,0,0,0,0,0,0,
Participant,7_3,11_49_54,5.1956,0,1,0,5.195617,0.0000,0.0000,0.0000,0.0000,0.0000,0.0000,3.282826,3.278816,3.280821,,,,,,0,0,0,0,0,0,0,0,0,0,0,0,0,0,0,0,0,0,0,0,0,0,0,0,0,0,0,0,0,0,0,0,0,0,0,0,0,0,0,0,0,0,0,0,0,0,0,0,0,0,0,
Participant,7_3,11_49_54,5.1993,0,1,0,5.199288,0.0000,0.0000,0.0000,0.0000,0.0000,0.0000,3.315325,3.322543,3.318934,,,,,,0,0,0,0,0,0,0,0,0,0,0,0,0,0,0,0,0,0,0,0,0,0,0,0,0,0,0,0,0,0,0,0,0,0,0,0,0,0,0,0,0,0,0,0,0,0,0,0,0,0,0,
Participant,7_3,11_49_54,5.2028,0,1,0,5.20279,0.0000,0.0000,0.0000,0.0000,0.0000,0.0000,3.310661,3.3055,3.30808,,,,,,0,0,0,0,0,0,0,0,0,0,0,0,0,0,0,0,0,0,0,0,0,0,0,0,0,0,0,0,0,0,0,0,0,0,0,0,0,0,0,0,0,0,0,0,0,0,0,0,0,0,0,
Participant,7_3,11_49_54,5.2064,0,1,0,5.206389,0.0000,0.0000,0.0000,0.0000,0.0000,0.0000,3.295979,3.298101,3.29704,,,,,,0,0,0,0,0,0,0,0,0,0,0,0,0,0,0,0,0,0,0,0,0,0,0,0,0,0,0,0,0,0,0,0,0,0,0,0,0,0,0,0,0,0,0,0,0,0,0,0,0,0,0,
Participant,7_3,11_49_54,5.2096,0,1,0,5.209649,0.0000,0.0000,0.0000,0.0000,0.0000,0.0000,3.301427,3.261275,3.281351,,,,,,0,0,0,0,0,0,0,0,0,0,0,0,0,0,0,0,0,0,0,0,0,0,0,0,0,0,0,0,0,0,0,0,0,0,0,0,0,0,0,0,0,0,0,0,0,0,0,0,0,0,0,
Participant,7_3,11_49_54,5.2130,0,1,0,5.213028,0.0000,0.0000,0.0000,0.0000,0.0000,0.0000,3.297232,3.280813,3.289022,,,,,,0,0,0,0,0,0,0,0,0,0,0,0,0,0,0,0,0,0,0,0,0,0,0,0,0,0,0,0,0,0,0,0,0,0,0,0,0,0,0,0,0,0,0,0,0,0,0,0,0,0,0,
Participant,7_3,11_49_54,5.2164,0,1,0,5.216403,0.0000,0.0000,0.0000,0.0000,0.0000,0.0000,3.26099,3.309102,3.285046,,,,,,0,0,0,0,0,0,0,0,0,0,0,0,0,0,0,0,0,0,0,0,0,0,0,0,0,0,0,0,0,0,0,0,0,0,0,0,0,0,0,0,0,0,0,0,0,0,0,0,0,0,0,
Participant,7_3,11_49_54,5.2195,0,1,0,5.219537,0.0000,0.0000,0.0000,0.0000,0.0000,0.0000,3.296136,3.269722,3.282929,,,,,,0,0,0,0,0,0,0,0,0,0,0,0,0,0,0,0,0,0,0,0,0,0,0,0,0,0,0,0,0,0,0,0,0,0,0,0,0,0,0,0,0,0,0,0,0,0,0,0,0,0,0,
Participant,7_3,11_49_54,5.2227,0,1,0,5.222684,0.0000,0.0000,0.0000,0.0000,0.0000,0.0000,3.285249,3.27054,3.277894,,,,,,0,0,0,0,0,0,0,0,0,0,0,0,0,0,0,0,0,0,0,0,0,0,0,0,0,0,0,0,0,0,0,0,0,0,0,0,0,0,0,0,0,0,0,0,0,0,0,0,0,0,0,
Participant,7_3,11_49_54,5.2263,0,1,0,5.226254,0.0000,0.0000,0.0000,0.0000,0.0000,0.0000,3.272947,3.28751,3.280229,,,,,,0,0,0,0,0,0,0,0,0,0,0,0,0,0,0,0,0,0,0,0,0,0,0,0,0,0,0,0,0,0,0,0,0,0,0,0,0,0,0,0,0,0,0,0,0,0,0,0,0,0,0,
Participant,7_3,11_49_54,5.2297,0,1,0,5.229653,0.0000,0.0000,0.0000,0.0000,0.0000,0.0000,3.274266,3.280143,3.277205,,,,,,0,0,0,0,0,0,0,0,0,0,0,0,0,0,0,0,0,0,0,0,0,0,0,0,0,0,0,0,0,0,0,0,0,0,0,0,0,0,0,0,0,0,0,0,0,0,0,0,0,0,0,
Participant,7_3,11_49_54,5.2335,0,1,0,5.233527,0.0000,0.0000,0.0000,0.0000,0.0000,0.0000,3.282947,3.288963,3.285955,,,,,,0,0,0,0,0,0,0,0,0,0,0,0,0,0,0,0,0,0,0,0,0,0,0,0,0,0,0,0,0,0,0,0,0,0,0,0,0,0,0,0,0,0,0,0,0,0,0,0,0,0,0,
Participant,7_3,11_49_54,5.2367,0,1,0,5.236714,0.0000,0.0000,0.0000,0.0000,0.0000,0.0000,3.297577,3.272314,3.284945,,,,,,0,0,0,0,0,0,0,0,0,0,0,0,0,0,0,0,0,0,0,0,0,0,0,0,0,0,0,0,0,0,0,0,0,0,0,0,0,0,0,0,0,0,0,0,0,0,0,0,0,0,0,
Participant,7_3,11_49_54,5.2399,0,1,0,5.239924,0.0000,0.0000,0.0000,0.0000,0.0000,0.0000,3.270513,3.303658,3.287085,,,,,,0,0,0,0,0,0,0,0,0,0,0,0,0,0,0,0,0,0,0,0,0,0,0,0,0,0,0,0,0,0,0,0,0,0,0,0,0,0,0,0,0,0,0,0,0,0,0,0,0,0,0,
Participant,7_3,11_49_54,5.2433,0,1,0,5.2433,0.0000,0.0000,0.0000,0.0000,0.0000,0.0000,3.268505,3.273095,3.2708,,,,,,0,0,0,0,0,0,0,0,0,0,0,0,0,0,0,0,0,0,0,0,0,0,0,0,0,0,0,0,0,0,0,0,0,0,0,0,0,0,0,0,0,0,0,0,0,0,0,0,0,0,0,
Participant,7_3,11_49_54,5.2535,0,1,0,5.253539,0.0000,0.0000,0.0000,0.0000,0.0000,0.0000,3.26681,3.250535,3.258672,,,,,,0,0,0,0,0,0,0,0,0,0,0,0,0,0,0,0,0,0,0,0,0,0,0,0,0,0,0,0,0,0,0,0,0,0,0,0,0,0,0,0,0,0,0,0,0,0,0,0,0,0,0,
Participant,7_3,11_49_54,5.2568,0,1,0,5.25676,0.0000,0.0000,0.0000,0.0000,0.0000,0.0000,3.267628,3.281993,3.27481,,,,,,0,0,0,0,0,0,0,0,0,0,0,0,0,0,0,0,0,0,0,0,0,0,0,0,0,0,0,0,0,0,0,0,0,0,0,0,0,0,0,0,0,0,0,0,0,0,0,0,0,0,0,
Participant,7_3,11_49_54,5.2599,0,1,0,5.259948,0.0000,0.0000,0.0000,0.0000,0.0000,0.0000,3.296307,3.253451,3.274879,,,,,,0,0,0,0,0,0,0,0,0,0,0,0,0,0,0,0,0,0,0,0,0,0,0,0,0,0,0,0,0,0,0,0,0,0,0,0,0,0,0,0,0,0,0,0,0,0,0,0,0,0,0,
Participant,7_3,11_49_54,5.2633,0,1,0,5.263284,0.0000,0.0000,0.0000,0.0000,0.0000,0.0000,3.262427,3.294994,3.27871,,,,,,0,0,0,0,0,0,0,0,0,0,0,0,0,0,0,0,0,0,0,0,0,0,0,0,0,0,0,0,0,0,0,0,0,0,0,0,0,0,0,0,0,0,0,0,0,0,0,0,0,0,0,
Participant,7_3,11_49_54,5.2677,0,1,0,5.26772,0.0000,0.0000,0.0000,0.0000,0.0000,0.0000,3.269839,3.270531,3.270185,,,,,,0,0,0,0,0,0,0,0,0,0,0,0,0,0,0,0,0,0,0,0,0,0,0,0,0,0,0,0,0,0,0,0,0,0,0,0,0,0,0,0,0,0,0,0,0,0,0,0,0,0,0,
Participant,7_3,11_49_54,5.2709,0,1,0,5.270906,0.0000,0.0000,0.0000,0.0000,0.0000,0.0000,3.274272,3.304415,3.289344,,,,,,0,0,0,0,0,0,0,0,0,0,0,0,0,0,0,0,0,0,0,0,0,0,0,0,0,0,0,0,0,0,0,0,0,0,0,0,0,0,0,0,0,0,0,0,0,0,0,0,0,0,0,
Participant,7_3,11_49_54,5.2741,0,1,0,5.274139,0.0000,0.0000,0.0000,0.0000,0.0000,0.0000,3.260685,3.250808,3.255747,,,,,,0,0,0,0,0,0,0,0,0,0,0,0,0,0,0,0,0,0,0,0,0,0,0,0,0,0,0,0,0,0,0,0,0,0,0,0,0,0,0,0,0,0,0,0,0,0,0,0,0,0,0,
Participant,7_3,11_49_54,5.2773,0,1,0,5.277317,0.0000,0.0000,0.0000,0.0000,0.0000,0.0000,3.280384,3.279454,3.279919,,,,,,0,0,0,0,0,0,0,0,0,0,0,0,0,0,0,0,0,0,0,0,0,0,0,0,0,0,0,0,0,0,0,0,0,0,0,0,0,0,0,0,0,0,0,0,0,0,0,0,0,0,0,
Participant,7_3,11_49_54,5.2807,0,1,0,5.28065,0.0000,0.0000,0.0000,0.0000,0.0000,0.0000,3.273115,3.267838,3.270476,,,,,,0,0,0,0,0,0,0,0,0,0,0,0,0,0,0,0,0,0,0,0,0,0,0,0,0,0,0,0,0,0,0,0,0,0,0,0,0,0,0,0,0,0,0,0,0,0,0,0,0,0,0,
Participant,7_3,11_49_54,5.2841,0,1,0,5.284099,0.0000,0.0000,0.0000,0.0000,0.0000,0.0000,3.245127,3.298695,3.271911,,,,,,0,0,0,0,0,0,0,0,0,0,0,0,0,0,0,0,0,0,0,0,0,0,0,0,0,0,0,0,0,0,0,0,0,0,0,0,0,0,0,0,0,0,0,0,0,0,0,0,0,0,0,
Participant,7_3,11_49_54,5.2874,0,1,0,5.287422,0.0000,0.0000,0.0000,0.0000,0.0000,0.0000,3.298351,3.268975,3.283663,,,,,,0,0,0,0,0,0,0,0,0,0,0,0,0,0,0,0,0,0,0,0,0,0,0,0,0,0,0,0,0,0,0,0,0,0,0,0,0,0,0,0,0,0,0,0,0,0,0,0,0,0,0,
Participant,7_3,11_49_54,5.2908,0,1,0,5.290828,0.0000,0.0000,0.0000,0.0000,0.0000,0.0000,3.269657,3.261352,3.265504,,,,,,0,0,0,0,0,0,0,0,0,0,0,0,0,0,0,0,0,0,0,0,0,0,0,0,0,0,0,0,0,0,0,0,0,0,0,0,0,0,0,0,0,0,0,0,0,0,0,0,0,0,0,
Participant,7_3,11_49_54,5.2943,0,1,0,5.294297,0.0000,0.0000,0.0000,0.0000,0.0000,0.0000,3.284738,3.262594,3.273666,,,,,,0,0,0,0,0,0,0,0,0,0,0,0,0,0,0,0,0,0,0,0,0,0,0,0,0,0,0,0,0,0,0,0,0,0,0,0,0,0,0,0,0,0,0,0,0,0,0,0,0,0,0,
Participant,7_3,11_49_54,5.2980,0,1,0,5.297954,0.0000,0.0000,0.0000,0.0000,0.0000,0.0000,3.24416,3.290915,3.267538,,,,,,0,0,0,0,0,0,0,0,0,0,0,0,0,0,0,0,0,0,0,0,0,0,0,0,0,0,0,0,0,0,0,0,0,0,0,0,0,0,0,0,0,0,0,0,0,0,0,0,0,0,0,
Participant,7_3,11_49_54,5.3013,0,1,0,5.301261,0.0000,0.0000,0.0000,0.0000,0.0000,0.0000,3.292783,3.261675,3.277229,,,,,,0,0,0,0,0,0,0,0,0,0,0,0,0,0,0,0,0,0,0,0,0,0,0,0,0,0,0,0,0,0,0,0,0,0,0,0,0,0,0,0,0,0,0,0,0,0,0,0,0,0,0,
Participant,7_3,11_49_54,5.3048,0,1,0,5.304811,0.0000,0.0000,0.0000,0.0000,0.0000,0.0000,3.262892,3.268703,3.265797,,,,,,0,0,0,0,0,0,0,0,0,0,0,0,0,0,0,0,0,0,0,0,0,0,0,0,0,0,0,0,0,0,0,0,0,0,0,0,0,0,0,0,0,0,0,0,0,0,0,0,0,0,0,
Participant,7_3,11_49_54,5.3082,0,1,0,5.308247,0.0000,0.0000,0.0000,0.0000,0.0000,0.0000,3.240797,3.254102,3.247449,,,,,,0,0,0,0,0,0,0,0,0,0,0,0,0,0,0,0,0,0,0,0,0,0,0,0,0,0,0,0,0,0,0,0,0,0,0,0,0,0,0,0,0,0,0,0,0,0,0,0,0,0,0,
Participant,7_3,11_49_54,5.3117,0,1,0,5.31167,0.0000,0.0000,0.0000,0.0000,0.0000,0.0000,3.291862,3.245917,3.268889,,,,,,0,0,0,0,0,0,0,0,0,0,0,0,0,0,0,0,0,0,0,0,0,0,0,0,0,0,0,0,0,0,0,0,0,0,0,0,0,0,0,0,0,0,0,0,0,0,0,0,0,0,0,
Participant,7_3,11_49_54,5.3155,0,1,0,5.31551,0.0000,0.0000,0.0000,0.0000,0.0000,0.0000,3.256876,3.294467,3.275671,,,,,,0,0,0,0,0,0,0,0,0,0,0,0,0,0,0,0,0,0,0,0,0,0,0,0,0,0,0,0,0,0,0,0,0,0,0,0,0,0,0,0,0,0,0,0,0,0,0,0,0,0,0,
Participant,7_3,11_49_54,5.3190,0,1,0,5.319,0.0000,0.0000,0.0000,0.0000,0.0000,0.0000,3.251925,3.266753,3.259339,,,,,,0,0,0,0,0,0,0,0,0,0,0,0,0,0,0,0,0,0,0,0,0,0,0,0,0,0,0,0,0,0,0,0,0,0,0,0,0,0,0,0,0,0,0,0,0,0,0,0,0,0,0,
Participant,7_3,11_49_54,5.3222,0,1,0,5.322222,0.0000,0.0000,0.0000,0.0000,0.0000,0.0000,3.261659,3.240358,3.251008,,,,,,0,0,0,0,0,0,0,0,0,0,0,0,0,0,0,0,0,0,0,0,0,0,0,0,0,0,0,0,0,0,0,0,0,0,0,0,0,0,0,0,0,0,0,0,0,0,0,0,0,0,0,
Participant,7_3,11_49_54,5.3257,0,1,0,5.325732,0.0000,0.0000,0.0000,0.0000,0.0000,0.0000,3.26806,3.269882,3.268971,,,,,,0,0,0,0,0,0,0,0,0,0,0,0,0,0,0,0,0,0,0,0,0,0,0,0,0,0,0,0,0,0,0,0,0,0,0,0,0,0,0,0,0,0,0,0,0,0,0,0,0,0,0,
Participant,7_3,11_49_54,5.3330,0,1,0,5.332967,0.0000,0.0000,0.0000,0.0000,0.0000,0.0000,3.279756,3.244831,3.262293,,,,,,0,0,0,0,0,0,0,0,0,0,0,0,0,0,0,0,0,0,0,0,0,0,0,0,0,0,0,0,0,0,0,0,0,0,0,0,0,0,0,0,0,0,0,0,0,0,0,0,0,0,0,
Participant,7_3,11_49_54,5.3362,0,1,0,5.336181,0.0000,0.0000,0.0000,0.0000,0.0000,0.0000,3.275422,3.242465,3.258944,,,,,,0,0,0,0,0,0,0,0,0,0,0,0,0,0,0,0,0,0,0,0,0,0,0,0,0,0,0,0,0,0,0,0,0,0,0,0,0,0,0,0,0,0,0,0,0,0,0,0,0,0,0,
Participant,7_3,11_49_54,5.3393,0,1,0,5.339334,0.0000,0.0000,0.0000,0.0000,0.0000,0.0000,3.24878,3.275382,3.262081,,,,,,0,0,0,0,0,0,0,0,0,0,0,0,0,0,0,0,0,0,0,0,0,0,0,0,0,0,0,0,0,0,0,0,0,0,0,0,0,0,0,0,0,0,0,0,0,0,0,0,0,0,0,
Participant,7_3,11_49_54,5.3425,0,1,0,5.342547,0.0000,0.0000,0.0000,0.0000,0.0000,0.0000,3.234455,3.276659,3.255558,,,,,,0,0,0,0,0,0,0,0,0,0,0,0,0,0,0,0,0,0,0,0,0,0,0,0,0,0,0,0,0,0,0,0,0,0,0,0,0,0,0,0,0,0,0,0,0,0,0,0,0,0,0,
Participant,7_3,11_49_54,5.3461,0,1,0,5.346061,0.0000,0.0000,0.0000,0.0000,0.0000,0.0000,3.236065,3.245364,3.240715,,,,,,0,0,0,0,0,0,0,0,0,0,0,0,0,0,0,0,0,0,0,0,0,0,0,0,0,0,0,0,0,0,0,0,0,0,0,0,0,0,0,0,0,0,0,0,0,0,0,0,0,0,0,
Participant,7_3,11_49_54,5.3495,0,1,0,5.349535,0.0000,0.0000,0.0000,0.0000,0.0000,0.0000,3.272311,3.279694,3.276003,,,,,,0,0,0,0,0,0,0,0,0,0,0,0,0,0,0,0,0,0,0,0,0,0,0,0,0,0,0,0,0,0,0,0,0,0,0,0,0,0,0,0,0,0,0,0,0,0,0,0,0,0,0,
Participant,7_3,11_49_54,5.3528,0,1,0,5.352755,0.0000,0.0000,0.0000,0.0000,0.0000,0.0000,3.256386,3.277858,3.267122,,,,,,0,0,0,0,0,0,0,0,0,0,0,0,0,0,0,0,0,0,0,0,0,0,0,0,0,0,0,0,0,0,0,0,0,0,0,0,0,0,0,0,0,0,0,0,0,0,0,0,0,0,0,
Participant,7_3,11_49_54,5.3563,0,1,0,5.356255,0.0000,0.0000,0.0000,0.0000,0.0000,0.0000,3.260318,3.262033,3.261176,,,,,,0,0,0,0,0,0,0,0,0,0,0,0,0,0,0,0,0,0,0,0,0,0,0,0,0,0,0,0,0,0,0,0,0,0,0,0,0,0,0,0,0,0,0,0,0,0,0,0,0,0,0,
Participant,7_3,11_49_54,5.3597,0,1,0,5.359685,0.0000,0.0000,0.0000,0.0000,0.0000,0.0000,3.248627,3.252002,3.250315,,,,,,0,0,0,0,0,0,0,0,0,0,0,0,0,0,0,0,0,0,0,0,0,0,0,0,0,0,0,0,0,0,0,0,0,0,0,0,0,0,0,0,0,0,0,0,0,0,0,0,0,0,0,
Participant,7_3,11_49_54,5.3631,0,1,0,5.363086,0.0000,0.0000,0.0000,0.0000,0.0000,0.0000,3.258332,3.256582,3.257457,,,,,,0,0,0,0,0,0,0,0,0,0,0,0,0,0,0,0,0,0,0,0,0,0,0,0,0,0,0,0,0,0,0,0,0,0,0,0,0,0,0,0,0,0,0,0,0,0,0,0,0,0,0,
Participant,7_3,11_49_54,5.3671,0,1,0,5.367116,0.0000,0.0000,0.0000,0.0000,0.0000,0.0000,3.240057,3.228952,3.234504,,,,,,0,0,0,0,0,0,0,0,0,0,0,0,0,0,0,0,0,0,0,0,0,0,0,0,0,0,0,0,0,0,0,0,0,0,0,0,0,0,0,0,0,0,0,0,0,0,0,0,0,0,0,
Participant,7_3,11_49_54,5.3708,0,1,0,5.370849,0.0000,0.0000,0.0000,0.0000,0.0000,0.0000,3.269538,3.262685,3.266112,,,,,,0,0,0,0,0,0,0,0,0,0,0,0,0,0,0,0,0,0,0,0,0,0,0,0,0,0,0,0,0,0,0,0,0,0,0,0,0,0,0,0,0,0,0,0,0,0,0,0,0,0,0,
Participant,7_3,11_49_54,5.3742,0,1,0,5.374159,0.0000,0.0000,0.0000,0.0000,0.0000,0.0000,3.245577,3.260063,3.25282,,,,,,0,0,0,0,0,0,0,0,0,0,0,0,0,0,0,0,0,0,0,0,0,0,0,0,0,0,0,0,0,0,0,0,0,0,0,0,0,0,0,0,0,0,0,0,0,0,0,0,0,0,0,
Participant,7_3,11_49_54,5.3775,0,1,0,5.377469,0.0000,0.0000,0.0000,0.0000,0.0000,0.0000,3.257683,3.233273,3.245478,,,,,,0,0,0,0,0,0,0,0,0,0,0,0,0,0,0,0,0,0,0,0,0,0,0,0,0,0,0,0,0,0,0,0,0,0,0,0,0,0,0,0,0,0,0,0,0,0,0,0,0,0,0,
Participant,7_3,11_49_54,5.3807,0,1,0,5.380713,0.0000,0.0000,0.0000,0.0000,0.0000,0.0000,3.249444,3.261784,3.255614,,,,,,0,0,0,0,0,0,0,0,0,0,0,0,0,0,0,0,0,0,0,0,0,0,0,0,0,0,0,0,0,0,0,0,0,0,0,0,0,0,0,0,0,0,0,0,0,0,0,0,0,0,0,
Participant,7_3,11_49_54,5.3841,0,1,0,5.384118,0.0000,0.0000,0.0000,0.0000,0.0000,0.0000,3.248808,3.27799,3.263399,,,,,,0,0,0,0,0,0,0,0,0,0,0,0,0,0,0,0,0,0,0,0,0,0,0,0,0,0,0,0,0,0,0,0,0,0,0,0,0,0,0,0,0,0,0,0,0,0,0,0,0,0,0,
Participant,7_3,11_49_54,5.3876,0,1,0,5.387609,0.0000,0.0000,0.0000,0.0000,0.0000,0.0000,3.248018,3.242146,3.245082,,,,,,0,0,0,0,0,0,0,0,0,0,0,0,0,0,0,0,0,0,0,0,0,0,0,0,0,0,0,0,0,0,0,0,0,0,0,0,0,0,0,0,0,0,0,0,0,0,0,0,0,0,0,
Participant,7_3,11_49_54,5.3908,0,1,0,5.390794,0.0000,0.0000,0.0000,0.0000,0.0000,0.0000,3.228611,3.239682,3.234147,,,,,,0,0,0,0,0,0,0,0,0,0,0,0,0,0,0,0,0,0,0,0,0,0,0,0,0,0,0,0,0,0,0,0,0,0,0,0,0,0,0,0,0,0,0,0,0,0,0,0,0,0,0,
Participant,7_3,11_49_54,5.3940,0,1,0,5.393955,0.0000,0.0000,0.0000,0.0000,0.0000,0.0000,3.247785,3.250309,3.249047,,,,,,0,0,0,0,0,0,0,0,0,0,0,0,0,0,0,0,0,0,0,0,0,0,0,0,0,0,0,0,0,0,0,0,0,0,0,0,0,0,0,0,0,0,0,0,0,0,0,0,0,0,0,
Participant,7_3,11_49_54,5.3971,0,1,0,5.39714,0.0000,0.0000,0.0000,0.0000,0.0000,0.0000,3.232565,3.263311,3.247938,,,,,,0,0,0,0,0,0,0,0,0,0,0,0,0,0,0,0,0,0,0,0,0,0,0,0,0,0,0,0,0,0,0,0,0,0,0,0,0,0,0,0,0,0,0,0,0,0,0,0,0,0,0,
Participant,7_3,11_49_54,5.4004,0,1,0,5.400385,0.0000,0.0000,0.0000,0.0000,0.0000,0.0000,3.26151,3.277865,3.269688,,,,,,0,0,0,0,0,0,0,0,0,0,0,0,0,0,0,0,0,0,0,0,0,0,0,0,0,0,0,0,0,0,0,0,0,0,0,0,0,0,0,0,0,0,0,0,0,0,0,0,0,0,0,
Participant,7_3,11_49_54,5.4040,0,1,0,5.403969,0.0000,0.0000,0.0000,0.0000,0.0000,0.0000,3.23269,3.247001,3.239846,,,,,,0,0,0,0,0,0,0,0,0,0,0,0,0,0,0,0,0,0,0,0,0,0,0,0,0,0,0,0,0,0,0,0,0,0,0,0,0,0,0,0,0,0,0,0,0,0,0,0,0,0,0,
Participant,7_3,11_49_54,5.4071,0,1,0,5.407143,0.0000,0.0000,0.0000,0.0000,0.0000,0.0000,3.283766,3.227381,3.255574,,,,,,0,0,0,0,0,0,0,0,0,0,0,0,0,0,0,0,0,0,0,0,0,0,0,0,0,0,0,0,0,0,0,0,0,0,0,0,0,0,0,0,0,0,0,0,0,0,0,0,0,0,0,
Participant,7_3,11_49_54,5.4104,0,1,0,5.410398,0.0000,0.0000,0.0000,0.0000,0.0000,0.0000,3.26495,3.238084,3.251517,,,,,,0,0,0,0,0,0,0,0,0,0,0,0,0,0,0,0,0,0,0,0,0,0,0,0,0,0,0,0,0,0,0,0,0,0,0,0,0,0,0,0,0,0,0,0,0,0,0,0,0,0,0,
Participant,7_3,11_49_54,5.4138,0,1,0,5.413792,0.0000,0.0000,0.0000,0.0000,0.0000,0.0000,3.273093,3.241188,3.25714,,,,,,0,0,0,0,0,0,0,0,0,0,0,0,0,0,0,0,0,0,0,0,0,0,0,0,0,0,0,0,0,0,0,0,0,0,0,0,0,0,0,0,0,0,0,0,0,0,0,0,0,0,0,
Participant,7_3,11_49_54,5.4171,0,1,0,5.417115,0.0000,0.0000,0.0000,0.0000,0.0000,0.0000,3.282768,3.249184,3.265976,,,,,,0,0,0,0,0,0,0,0,0,0,0,0,0,0,0,0,0,0,0,0,0,0,0,0,0,0,0,0,0,0,0,0,0,0,0,0,0,0,0,0,0,0,0,0,0,0,0,0,0,0,0,
Participant,7_3,11_49_54,5.4203,0,1,0,5.420296,0.0000,0.0000,0.0000,0.0000,0.0000,0.0000,3.257775,3.265944,3.261859,,,,,,0,0,0,0,0,0,0,0,0,0,0,0,0,0,0,0,0,0,0,0,0,0,0,0,0,0,0,0,0,0,0,0,0,0,0,0,0,0,0,0,0,0,0,0,0,0,0,0,0,0,0,
Participant,7_3,11_49_54,5.4237,0,1,0,5.423688,0.0000,0.0000,0.0000,0.0000,0.0000,0.0000,3.251872,3.261532,3.256702,,,,,,0,0,0,0,0,0,0,0,0,0,0,0,0,0,0,0,0,0,0,0,0,0,0,0,0,0,0,0,0,0,0,0,0,0,0,0,0,0,0,0,0,0,0,0,0,0,0,0,0,0,0,
Participant,7_3,11_49_54,5.4269,0,1,0,5.426861,0.0000,0.0000,0.0000,0.0000,0.0000,0.0000,3.23368,3.226664,3.230172,,,,,,0,0,0,0,0,0,0,0,0,0,0,0,0,0,0,0,0,0,0,0,0,0,0,0,0,0,0,0,0,0,0,0,0,0,0,0,0,0,0,0,0,0,0,0,0,0,0,0,0,0,0,
Participant,7_3,11_49_54,5.4300,0,1,0,5.430012,0.0000,0.0000,0.0000,0.0000,0.0000,0.0000,3.259466,3.260477,3.259972,,,,,,0,0,0,0,0,0,0,0,0,0,0,0,0,0,0,0,0,0,0,0,0,0,0,0,0,0,0,0,0,0,0,0,0,0,0,0,0,0,0,0,0,0,0,0,0,0,0,0,0,0,0,
Participant,7_3,11_49_54,5.4333,0,1,0,5.433264,0.0000,0.0000,0.0000,0.0000,0.0000,0.0000,3.227808,3.255618,3.241713,,,,,,0,0,0,0,0,0,0,0,0,0,0,0,0,0,0,0,0,0,0,0,0,0,0,0,0,0,0,0,0,0,0,0,0,0,0,0,0,0,0,0,0,0,0,0,0,0,0,0,0,0,0,
Participant,7_3,11_49_54,5.4364,0,1,0,5.436426,0.0000,0.0000,0.0000,0.0000,0.0000,0.0000,3.241472,3.242213,3.241842,,,,,,0,0,0,0,0,0,0,0,0,0,0,0,0,0,0,0,0,0,0,0,0,0,0,0,0,0,0,0,0,0,0,0,0,0,0,0,0,0,0,0,0,0,0,0,0,0,0,0,0,0,0,
Participant,7_3,11_49_54,5.4398,0,1,0,5.439787,0.0000,0.0000,0.0000,0.0000,0.0000,0.0000,3.23415,3.245687,3.239918,,,,,,0,0,0,0,0,0,0,0,0,0,0,0,0,0,0,0,0,0,0,0,0,0,0,0,0,0,0,0,0,0,0,0,0,0,0,0,0,0,0,0,0,0,0,0,0,0,0,0,0,0,0,
Participant,7_3,11_49_54,5.4432,0,1,0,5.443177,0.0000,0.0000,0.0000,0.0000,0.0000,0.0000,3.278979,3.222104,3.250542,,,,,,0,0,0,0,0,0,0,0,0,0,0,0,0,0,0,0,0,0,0,0,0,0,0,0,0,0,0,0,0,0,0,0,0,0,0,0,0,0,0,0,0,0,0,0,0,0,0,0,0,0,0,
Participant,7_3,11_49_54,5.4467,0,1,0,5.446704,0.0000,0.0000,0.0000,0.0000,0.0000,0.0000,3.273082,3.224897,3.24899,,,,,,0,0,0,0,0,0,0,0,0,0,0,0,0,0,0,0,0,0,0,0,0,0,0,0,0,0,0,0,0,0,0,0,0,0,0,0,0,0,0,0,0,0,0,0,0,0,0,0,0,0,0,
Participant,7_3,11_49_54,5.4578,0,1,0,5.457828,0.0000,0.0000,0.0000,0.0000,0.0000,0.0000,3.253627,3.240022,3.246824,,,,,,0,0,0,0,0,0,0,0,0,0,0,0,0,0,0,0,0,0,0,0,0,0,0,0,0,0,0,0,0,0,0,0,0,0,0,0,0,0,0,0,0,0,0,0,0,0,0,0,0,0,0,
Participant,7_3,11_49_54,5.4612,0,1,0,5.461192,0.0000,0.0000,0.0000,0.0000,0.0000,0.0000,3.238988,3.233486,3.236237,,,,,,0,0,0,0,0,0,0,0,0,0,0,0,0,0,0,0,0,0,0,0,0,0,0,0,0,0,0,0,0,0,0,0,0,0,0,0,0,0,0,0,0,0,0,0,0,0,0,0,0,0,0,
Participant,7_3,11_49_54,5.4653,0,1,0,5.465259,0.0000,0.0000,0.0000,0.0000,0.0000,0.0000,3.268096,3.257334,3.262715,,,,,,0,0,0,0,0,0,0,0,0,0,0,0,0,0,0,0,0,0,0,0,0,0,0,0,0,0,0,0,0,0,0,0,0,0,0,0,0,0,0,0,0,0,0,0,0,0,0,0,0,0,0,
Participant,7_3,11_49_54,5.4687,0,1,0,5.468686,0.0000,0.0000,0.0000,0.0000,0.0000,0.0000,3.266068,3.266142,3.266105,,,,,,0,0,0,0,0,0,0,0,0,0,0,0,0,0,0,0,0,0,0,0,0,0,0,0,0,0,0,0,0,0,0,0,0,0,0,0,0,0,0,0,0,0,0,0,0,0,0,0,0,0,0,
Participant,7_3,11_49_54,5.4722,0,1,0,5.472229,0.0000,0.0000,0.0000,0.0000,0.0000,0.0000,3.266367,3.270661,3.268514,,,,,,0,0,0,0,0,0,0,0,0,0,0,0,0,0,0,0,0,0,0,0,0,0,0,0,0,0,0,0,0,0,0,0,0,0,0,0,0,0,0,0,0,0,0,0,0,0,0,0,0,0,0,
Participant,7_3,11_49_54,5.4757,0,1,0,5.475671,0.0000,0.0000,0.0000,0.0000,0.0000,0.0000,3.2517,3.273248,3.262474,,,,,,0,0,0,0,0,0,0,0,0,0,0,0,0,0,0,0,0,0,0,0,0,0,0,0,0,0,0,0,0,0,0,0,0,0,0,0,0,0,0,0,0,0,0,0,0,0,0,0,0,0,0,
Participant,7_3,11_49_54,5.4790,0,1,0,5.479039,0.0000,0.0000,0.0000,0.0000,0.0000,0.0000,3.274792,3.23452,3.254656,,,,,,0,0,0,0,0,0,0,0,0,0,0,0,0,0,0,0,0,0,0,0,0,0,0,0,0,0,0,0,0,0,0,0,0,0,0,0,0,0,0,0,0,0,0,0,0,0,0,0,0,0,0,
Participant,7_3,11_49_54,5.4826,0,1,0,5.482592,0.0000,0.0000,0.0000,0.0000,0.0000,0.0000,3.275336,3.267186,3.271261,,,,,,0,0,0,0,0,0,0,0,0,0,0,0,0,0,0,0,0,0,0,0,0,0,0,0,0,0,0,0,0,0,0,0,0,0,0,0,0,0,0,0,0,0,0,0,0,0,0,0,0,0,0,
Participant,7_3,11_49_54,5.4861,0,1,0,5.486139,0.0000,0.0000,0.0000,0.0000,0.0000,0.0000,3.277993,3.22329,3.250642,,,,,,0,0,0,0,0,0,0,0,0,0,0,0,0,0,0,0,0,0,0,0,0,0,0,0,0,0,0,0,0,0,0,0,0,0,0,0,0,0,0,0,0,0,0,0,0,0,0,0,0,0,0,
Participant,7_3,11_49_54,5.4895,0,1,0,5.489526,0.0000,0.0000,0.0000,0.0000,0.0000,0.0000,3.228186,3.264721,3.246454,,,,,,0,0,0,0,0,0,0,0,0,0,0,0,0,0,0,0,0,0,0,0,0,0,0,0,0,0,0,0,0,0,0,0,0,0,0,0,0,0,0,0,0,0,0,0,0,0,0,0,0,0,0,
Participant,7_3,11_49_54,5.4930,0,1,0,5.492955,0.0000,0.0000,0.0000,0.0000,0.0000,0.0000,3.253767,3.221559,3.237663,,,,,,0,0,0,0,0,0,0,0,0,0,0,0,0,0,0,0,0,0,0,0,0,0,0,0,0,0,0,0,0,0,0,0,0,0,0,0,0,0,0,0,0,0,0,0,0,0,0,0,0,0,0,
Participant,7_3,11_49_54,5.4963,0,1,0,5.496306,0.0000,0.0000,0.0000,0.0000,0.0000,0.0000,3.244537,3.252895,3.248716,,,,,,0,0,0,0,0,0,0,0,0,0,0,0,0,0,0,0,0,0,0,0,0,0,0,0,0,0,0,0,0,0,0,0,0,0,0,0,0,0,0,0,0,0,0,0,0,0,0,0,0,0,0,
Participant,7_3,11_49_54,5.4997,0,1,0,5.499736,0.0000,0.0000,0.0000,0.0000,0.0000,0.0000,3.263829,3.232495,3.248162,,,,,,0,0,0,0,0,0,0,0,0,0,0,0,0,0,0,0,0,0,0,0,0,0,0,0,0,0,0,0,0,0,0,0,0,0,0,0,0,0,0,0,0,0,0,0,0,0,0,0,0,0,0,
Participant,7_3,11_49_54,5.5030,0,1,0,5.503038,0.0000,0.0000,0.0000,0.0000,0.0000,0.0000,3.221788,3.240533,3.231161,,,,,,0,0,0,0,0,0,0,0,0,0,0,0,0,0,0,0,0,0,0,0,0,0,0,0,0,0,0,0,0,0,0,0,0,0,0,0,0,0,0,0,0,0,0,0,0,0,0,0,0,0,0,
Participant,7_3,11_49_54,5.5066,0,1,0,5.506589,0.0000,0.0000,0.0000,0.0000,0.0000,0.0000,3.233113,3.242606,3.237859,,,,,,0,0,0,0,0,0,0,0,0,0,0,0,0,0,0,0,0,0,0,0,0,0,0,0,0,0,0,0,0,0,0,0,0,0,0,0,0,0,0,0,0,0,0,0,0,0,0,0,0,0,0,
Participant,7_3,11_49_54,5.5100,0,1,0,5.510038,0.0000,0.0000,0.0000,0.0000,0.0000,0.0000,3.237075,3.240569,3.238822,,,,,,0,0,0,0,0,0,0,0,0,0,0,0,0,0,0,0,0,0,0,0,0,0,0,0,0,0,0,0,0,0,0,0,0,0,0,0,0,0,0,0,0,0,0,0,0,0,0,0,0,0,0,
Participant,7_3,11_49_54,5.5133,0,1,0,5.513273,0.0000,0.0000,0.0000,0.0000,0.0000,0.0000,3.229272,3.265025,3.247148,,,,,,0,0,0,0,0,0,0,0,0,0,0,0,0,0,0,0,0,0,0,0,0,0,0,0,0,0,0,0,0,0,0,0,0,0,0,0,0,0,0,0,0,0,0,0,0,0,0,0,0,0,0,
Participant,7_3,11_49_54,5.5171,0,1,0,5.517096,0.0000,0.0000,0.0000,0.0000,0.0000,0.0000,3.280121,3.264744,3.272432,,,,,,0,0,0,0,0,0,0,0,0,0,0,0,0,0,0,0,0,0,0,0,0,0,0,0,0,0,0,0,0,0,0,0,0,0,0,0,0,0,0,0,0,0,0,0,0,0,0,0,0,0,0,
Participant,7_3,11_49_54,5.5203,0,1,0,5.520308,0.0000,0.0000,0.0000,0.0000,0.0000,0.0000,3.274246,3.277269,3.275757,,,,,,0,0,0,0,0,0,0,0,0,0,0,0,0,0,0,0,0,0,0,0,0,0,0,0,0,0,0,0,0,0,0,0,0,0,0,0,0,0,0,0,0,0,0,0,0,0,0,0,0,0,0,
Participant,7_3,11_49_54,5.5237,0,1,0,5.523692,0.0000,0.0000,0.0000,0.0000,0.0000,0.0000,3.2752,3.221632,3.248416,,,,,,0,0,0,0,0,0,0,0,0,0,0,0,0,0,0,0,0,0,0,0,0,0,0,0,0,0,0,0,0,0,0,0,0,0,0,0,0,0,0,0,0,0,0,0,0,0,0,0,0,0,0,
Participant,7_3,11_49_54,5.5269,0,1,0,5.526853,0.0000,0.0000,0.0000,0.0000,0.0000,0.0000,3.244361,3.229275,3.236818,,,,,,0,0,0,0,0,0,0,0,0,0,0,0,0,0,0,0,0,0,0,0,0,0,0,0,0,0,0,0,0,0,0,0,0,0,0,0,0,0,0,0,0,0,0,0,0,0,0,0,0,0,0,
Participant,7_3,11_49_54,5.5300,0,1,0,5.530008,0.0000,0.0000,0.0000,0.0000,0.0000,0.0000,3.23489,3.253928,3.244409,,,,,,0,0,0,0,0,0,0,0,0,0,0,0,0,0,0,0,0,0,0,0,0,0,0,0,0,0,0,0,0,0,0,0,0,0,0,0,0,0,0,0,0,0,0,0,0,0,0,0,0,0,0,
Participant,7_3,11_49_54,5.5332,0,1,0,5.533189,0.0000,0.0000,0.0000,0.0000,0.0000,0.0000,3.223768,3.23827,3.231019,,,,,,0,0,0,0,0,0,0,0,0,0,0,0,0,0,0,0,0,0,0,0,0,0,0,0,0,0,0,0,0,0,0,0,0,0,0,0,0,0,0,0,0,0,0,0,0,0,0,0,0,0,0,
Participant,7_3,11_49_54,5.5364,0,1,0,5.536385,0.0000,0.0000,0.0000,0.0000,0.0000,0.0000,3.234674,3.233736,3.234205,,,,,,0,0,0,0,0,0,0,0,0,0,0,0,0,0,0,0,0,0,0,0,0,0,0,0,0,0,0,0,0,0,0,0,0,0,0,0,0,0,0,0,0,0,0,0,0,0,0,0,0,0,0,
Participant,7_3,11_49_54,5.5398,0,1,0,5.539751,0.0000,0.0000,0.0000,0.0000,0.0000,0.0000,3.235302,3.222767,3.229034,,,,,,0,0,0,0,0,0,0,0,0,0,0,0,0,0,0,0,0,0,0,0,0,0,0,0,0,0,0,0,0,0,0,0,0,0,0,0,0,0,0,0,0,0,0,0,0,0,0,0,0,0,0,
Participant,7_3,11_49_54,5.5433,0,1,0,5.54325,0.0000,0.0000,0.0000,0.0000,0.0000,0.0000,3.239388,3.258965,3.249177,,,,,,0,0,0,0,0,0,0,0,0,0,0,0,0,0,0,0,0,0,0,0,0,0,0,0,0,0,0,0,0,0,0,0,0,0,0,0,0,0,0,0,0,0,0,0,0,0,0,0,0,0,0,
Participant,7_3,11_49_54,5.5469,0,1,0,5.546875,0.0000,0.0000,0.0000,0.0000,0.0000,0.0000,3.222222,3.243591,3.232906,,,,,,0,0,0,0,0,0,0,0,0,0,0,0,0,0,0,0,0,0,0,0,0,0,0,0,0,0,0,0,0,0,0,0,0,0,0,0,0,0,0,0,0,0,0,0,0,0,0,0,0,0,0,
Participant,7_3,11_49_54,5.5502,0,1,0,5.550167,0.0000,0.0000,0.0000,0.0000,0.0000,0.0000,3.257914,3.236243,3.247079,,,,,,0,0,0,0,0,0,0,0,0,0,0,0,0,0,0,0,0,0,0,0,0,0,0,0,0,0,0,0,0,0,0,0,0,0,0,0,0,0,0,0,0,0,0,0,0,0,0,0,0,0,0,
Participant,7_3,11_49_54,5.5536,0,1,0,5.553569,0.0000,0.0000,0.0000,0.0000,0.0000,0.0000,3.264157,3.227166,3.245661,,,,,,0,0,0,0,0,0,0,0,0,0,0,0,0,0,0,0,0,0,0,0,0,0,0,0,0,0,0,0,0,0,0,0,0,0,0,0,0,0,0,0,0,0,0,0,0,0,0,0,0,0,0,
Participant,7_3,11_49_54,5.5569,0,1,0,5.556948,0.0000,0.0000,0.0000,0.0000,0.0000,0.0000,3.229578,3.262905,3.246241,,,,,,0,0,0,0,0,0,0,0,0,0,0,0,0,0,0,0,0,0,0,0,0,0,0,0,0,0,0,0,0,0,0,0,0,0,0,0,0,0,0,0,0,0,0,0,0,0,0,0,0,0,0,
Participant,7_3,11_49_54,5.5603,0,1,0,5.560329,0.0000,0.0000,0.0000,0.0000,0.0000,0.0000,3.238354,3.246212,3.242283,,,,,,0,0,0,0,0,0,0,0,0,0,0,0,0,0,0,0,0,0,0,0,0,0,0,0,0,0,0,0,0,0,0,0,0,0,0,0,0,0,0,0,0,0,0,0,0,0,0,0,0,0,0,
Participant,7_3,11_49_54,5.5639,0,1,0,5.563895,0.0000,0.0000,0.0000,0.0000,0.0000,0.0000,3.281301,3.229,3.25515,,,,,,0,0,0,0,0,0,0,0,0,0,0,0,0,0,0,0,0,0,0,0,0,0,0,0,0,0,0,0,0,0,0,0,0,0,0,0,0,0,0,0,0,0,0,0,0,0,0,0,0,0,0,
Participant,7_3,11_49_54,5.5671,0,1,0,5.567127,0.0000,0.0000,0.0000,0.0000,0.0000,0.0000,3.23456,3.2401,3.23733,,,,,,0,0,0,0,0,0,0,0,0,0,0,0,0,0,0,0,0,0,0,0,0,0,0,0,0,0,0,0,0,0,0,0,0,0,0,0,0,0,0,0,0,0,0,0,0,0,0,0,0,0,0,
Participant,7_3,11_49_54,5.5704,0,1,0,5.570367,0.0000,0.0000,0.0000,0.0000,0.0000,0.0000,3.24884,3.245717,3.247279,,,,,,0,0,0,0,0,0,0,0,0,0,0,0,0,0,0,0,0,0,0,0,0,0,0,0,0,0,0,0,0,0,0,0,0,0,0,0,0,0,0,0,0,0,0,0,0,0,0,0,0,0,0,
Participant,7_3,11_49_54,5.5735,0,1,0,5.573515,0.0000,0.0000,0.0000,0.0000,0.0000,0.0000,3.234278,3.278045,3.256162,,,,,,0,0,0,0,0,0,0,0,0,0,0,0,0,0,0,0,0,0,0,0,0,0,0,0,0,0,0,0,0,0,0,0,0,0,0,0,0,0,0,0,0,0,0,0,0,0,0,0,0,0,0,
Participant,7_3,11_49_54,5.5767,0,1,0,5.576694,0.0000,0.0000,0.0000,0.0000,0.0000,0.0000,3.25389,3.257039,3.255465,,,,,,0,0,0,0,0,0,0,0,0,0,0,0,0,0,0,0,0,0,0,0,0,0,0,0,0,0,0,0,0,0,0,0,0,0,0,0,0,0,0,0,0,0,0,0,0,0,0,0,0,0,0,
Participant,7_3,11_49_54,5.5798,0,1,0,5.579839,0.0000,0.0000,0.0000,0.0000,0.0000,0.0000,3.258252,3.228544,3.243398,,,,,,0,0,0,0,0,0,0,0,0,0,0,0,0,0,0,0,0,0,0,0,0,0,0,0,0,0,0,0,0,0,0,0,0,0,0,0,0,0,0,0,0,0,0,0,0,0,0,0,0,0,0,
Participant,7_3,11_49_54,5.5836,0,1,0,5.583572,0.0000,0.0000,0.0000,0.0000,0.0000,0.0000,3.237055,3.253457,3.245255,,,,,,0,0,0,0,0,0,0,0,0,0,0,0,0,0,0,0,0,0,0,0,0,0,0,0,0,0,0,0,0,0,0,0,0,0,0,0,0,0,0,0,0,0,0,0,0,0,0,0,0,0,0,
Participant,7_3,11_49_54,5.5871,0,1,0,5.587134,0.0000,0.0000,0.0000,0.0000,0.0000,0.0000,3.268496,3.229092,3.248794,,,,,,0,0,0,0,0,0,0,0,0,0,0,0,0,0,0,0,0,0,0,0,0,0,0,0,0,0,0,0,0,0,0,0,0,0,0,0,0,0,0,0,0,0,0,0,0,0,0,0,0,0,0,
Participant,7_3,11_49_54,5.5905,0,1,0,5.59047,0.0000,0.0000,0.0000,0.0000,0.0000,0.0000,3.23261,3.278531,3.25557,,,,,,0,0,0,0,0,0,0,0,0,0,0,0,0,0,0,0,0,0,0,0,0,0,0,0,0,0,0,0,0,0,0,0,0,0,0,0,0,0,0,0,0,0,0,0,0,0,0,0,0,0,0,
Participant,7_3,11_49_54,5.5936,0,1,0,5.593572,0.0000,0.0000,0.0000,0.0000,0.0000,0.0000,3.247773,3.266909,3.257341,,,,,,0,0,0,0,0,0,0,0,0,0,0,0,0,0,0,0,0,0,0,0,0,0,0,0,0,0,0,0,0,0,0,0,0,0,0,0,0,0,0,0,0,0,0,0,0,0,0,0,0,0,0,
Participant,7_3,11_49_54,5.5967,0,1,0,5.5967,0.0000,0.0000,0.0000,0.0000,0.0000,0.0000,3.254152,3.272655,3.263404,,,,,,0,0,0,0,0,0,0,0,0,0,0,0,0,0,0,0,0,0,0,0,0,0,0,0,0,0,0,0,0,0,0,0,0,0,0,0,0,0,0,0,0,0,0,0,0,0,0,0,0,0,0,
Participant,7_3,11_49_54,5.6002,0,1,0,5.600213,0.0000,0.0000,0.0000,0.0000,0.0000,0.0000,3.274202,3.279984,3.277093,,,,,,0,0,0,0,0,0,0,0,0,0,0,0,0,0,0,0,0,0,0,0,0,0,0,0,0,0,0,0,0,0,0,0,0,0,0,0,0,0,0,0,0,0,0,0,0,0,0,0,0,0,0,
Participant,7_3,11_49_54,5.6037,0,1,0,5.603664,0.0000,0.0000,0.0000,0.0000,0.0000,0.0000,3.274346,3.258414,3.26638,,,,,,0,0,0,0,0,0,0,0,0,0,0,0,0,0,0,0,0,0,0,0,0,0,0,0,0,0,0,0,0,0,0,0,0,0,0,0,0,0,0,0,0,0,0,0,0,0,0,0,0,0,0,
Participant,7_3,11_49_54,5.6069,0,1,0,5.606872,0.0000,0.0000,0.0000,0.0000,0.0000,0.0000,3.284859,3.243406,3.264132,,,,,,0,0,0,0,0,0,0,0,0,0,0,0,0,0,0,0,0,0,0,0,0,0,0,0,0,0,0,0,0,0,0,0,0,0,0,0,0,0,0,0,0,0,0,0,0,0,0,0,0,0,0,
Participant,7_3,11_49_54,5.6101,0,1,0,5.610069,0.0000,0.0000,0.0000,0.0000,0.0000,0.0000,3.25234,3.244946,3.248643,,,,,,0,0,0,0,0,0,0,0,0,0,0,0,0,0,0,0,0,0,0,0,0,0,0,0,0,0,0,0,0,0,0,0,0,0,0,0,0,0,0,0,0,0,0,0,0,0,0,0,0,0,0,
Participant,7_3,11_49_54,5.6135,0,1,0,5.613502,0.0000,0.0000,0.0000,0.0000,0.0000,0.0000,3.264437,3.233316,3.248877,,,,,,0,0,0,0,0,0,0,0,0,0,0,0,0,0,0,0,0,0,0,0,0,0,0,0,0,0,0,0,0,0,0,0,0,0,0,0,0,0,0,0,0,0,0,0,0,0,0,0,0,0,0,
Participant,7_3,11_49_54,5.6168,0,1,0,5.616757,0.0000,0.0000,0.0000,0.0000,0.0000,0.0000,3.230305,3.268289,3.249297,,,,,,0,0,0,0,0,0,0,0,0,0,0,0,0,0,0,0,0,0,0,0,0,0,0,0,0,0,0,0,0,0,0,0,0,0,0,0,0,0,0,0,0,0,0,0,0,0,0,0,0,0,0,
Participant,7_3,11_49_54,5.6201,0,1,0,5.620067,0.0000,0.0000,0.0000,0.0000,0.0000,0.0000,3.253571,3.283244,3.268407,,,,,,0,0,0,0,0,0,0,0,0,0,0,0,0,0,0,0,0,0,0,0,0,0,0,0,0,0,0,0,0,0,0,0,0,0,0,0,0,0,0,0,0,0,0,0,0,0,0,0,0,0,0,
Participant,7_3,11_49_54,5.6237,0,1,0,5.623683,0.0000,0.0000,0.0000,0.0000,0.0000,0.0000,3.244675,3.228963,3.236819,,,,,,0,0,0,0,0,0,0,0,0,0,0,0,0,0,0,0,0,0,0,0,0,0,0,0,0,0,0,0,0,0,0,0,0,0,0,0,0,0,0,0,0,0,0,0,0,0,0,0,0,0,0,
Participant,7_3,11_49_54,5.6269,0,1,0,5.626851,0.0000,0.0000,0.0000,0.0000,0.0000,0.0000,3.260284,3.238909,3.249597,,,,,,0,0,0,0,0,0,0,0,0,0,0,0,0,0,0,0,0,0,0,0,0,0,0,0,0,0,0,0,0,0,0,0,0,0,0,0,0,0,0,0,0,0,0,0,0,0,0,0,0,0,0,
Participant,7_3,11_49_54,5.6300,0,1,0,5.630015,0.0000,0.0000,0.0000,0.0000,0.0000,0.0000,3.256971,3.271518,3.264245,,,,,,0,0,0,0,0,0,0,0,0,0,0,0,0,0,0,0,0,0,0,0,0,0,0,0,0,0,0,0,0,0,0,0,0,0,0,0,0,0,0,0,0,0,0,0,0,0,0,0,0,0,0,
Participant,7_3,11_49_54,5.6334,0,1,0,5.633399,0.0000,0.0000,0.0000,0.0000,0.0000,0.0000,3.233567,3.247502,3.240534,,,,,,0,0,0,0,0,0,0,0,0,0,0,0,0,0,0,0,0,0,0,0,0,0,0,0,0,0,0,0,0,0,0,0,0,0,0,0,0,0,0,0,0,0,0,0,0,0,0,0,0,0,0,
Participant,7_3,11_49_54,5.6368,0,1,0,5.636825,0.0000,0.0000,0.0000,0.0000,0.0000,0.0000,3.240718,3.257287,3.249002,,,,,,0,0,0,0,0,0,0,0,0,0,0,0,0,0,0,0,0,0,0,0,0,0,0,0,0,0,0,0,0,0,0,0,0,0,0,0,0,0,0,0,0,0,0,0,0,0,0,0,0,0,0,
Participant,7_3,11_49_54,5.6403,0,1,0,5.640264,0.0000,0.0000,0.0000,0.0000,0.0000,0.0000,3.244952,3.283069,3.26401,,,,,,0,0,0,0,0,0,0,0,0,0,0,0,0,0,0,0,0,0,0,0,0,0,0,0,0,0,0,0,0,0,0,0,0,0,0,0,0,0,0,0,0,0,0,0,0,0,0,0,0,0,0,
Participant,7_3,11_49_54,5.6437,0,1,0,5.643743,0.0000,0.0000,0.0000,0.0000,0.0000,0.0000,3.264754,3.290164,3.277459,,,,,,0,0,0,0,0,0,0,0,0,0,0,0,0,0,0,0,0,0,0,0,0,0,0,0,0,0,0,0,0,0,0,0,0,0,0,0,0,0,0,0,0,0,0,0,0,0,0,0,0,0,0,
Participant,7_3,11_49_54,5.6471,0,1,0,5.647145,0.0000,0.0000,0.0000,0.0000,0.0000,0.0000,3.264838,3.271747,3.268292,,,,,,0,0,0,0,0,0,0,0,0,0,0,0,0,0,0,0,0,0,0,0,0,0,0,0,0,0,0,0,0,0,0,0,0,0,0,0,0,0,0,0,0,0,0,0,0,0,0,0,0,0,0,
Participant,7_3,11_49_54,5.6581,0,1,0,5.65814,0.0000,0.0000,0.0000,0.0000,0.0000,0.0000,3.248119,3.24064,3.24438,,,,,,0,0,0,0,0,0,0,0,0,0,0,0,0,0,0,0,0,0,0,0,0,0,0,0,0,0,0,0,0,0,0,0,0,0,0,0,0,0,0,0,0,0,0,0,0,0,0,0,0,0,0,
Participant,7_3,11_49_54,5.6616,0,1,0,5.661606,0.0000,0.0000,0.0000,0.0000,0.0000,0.0000,3.293265,3.261394,3.277329,,,,,,0,0,0,0,0,0,0,0,0,0,0,0,0,0,0,0,0,0,0,0,0,0,0,0,0,0,0,0,0,0,0,0,0,0,0,0,0,0,0,0,0,0,0,0,0,0,0,0,0,0,0,
Participant,7_3,11_49_54,5.6657,0,1,0,5.665731,0.0000,0.0000,0.0000,0.0000,0.0000,0.0000,3.252232,3.272325,3.262278,,,,,,0,0,0,0,0,0,0,0,0,0,0,0,0,0,0,0,0,0,0,0,0,0,0,0,0,0,0,0,0,0,0,0,0,0,0,0,0,0,0,0,0,0,0,0,0,0,0,0,0,0,0,
Participant,7_3,11_49_54,5.6692,0,1,0,5.669167,0.0000,0.0000,0.0000,0.0000,0.0000,0.0000,3.237182,3.234818,3.236,,,,,,0,0,0,0,0,0,0,0,0,0,0,0,0,0,0,0,0,0,0,0,0,0,0,0,0,0,0,0,0,0,0,0,0,0,0,0,0,0,0,0,0,0,0,0,0,0,0,0,0,0,0,
Participant,7_3,11_49_54,5.6724,0,1,0,5.672403,0.0000,0.0000,0.0000,0.0000,0.0000,0.0000,3.265795,3.25084,3.258317,,,,,,0,0,0,0,0,0,0,0,0,0,0,0,0,0,0,0,0,0,0,0,0,0,0,0,0,0,0,0,0,0,0,0,0,0,0,0,0,0,0,0,0,0,0,0,0,0,0,0,0,0,0,
Participant,7_3,11_49_54,5.6758,0,1,0,5.675836,0.0000,0.0000,0.0000,0.0000,0.0000,0.0000,3.28618,3.289159,3.287669,,,,,,0,0,0,0,0,0,0,0,0,0,0,0,0,0,0,0,0,0,0,0,0,0,0,0,0,0,0,0,0,0,0,0,0,0,0,0,0,0,0,0,0,0,0,0,0,0,0,0,0,0,0,
Participant,7_3,11_49_54,5.6790,0,1,0,5.678997,0.0000,0.0000,0.0000,0.0000,0.0000,0.0000,3.28111,3.29441,3.28776,,,,,,0,0,0,0,0,0,0,0,0,0,0,0,0,0,0,0,0,0,0,0,0,0,0,0,0,0,0,0,0,0,0,0,0,0,0,0,0,0,0,0,0,0,0,0,0,0,0,0,0,0,0,
Participant,7_3,11_49_54,5.6822,0,1,0,5.68217,0.0000,0.0000,0.0000,0.0000,0.0000,0.0000,3.238714,3.285668,3.262191,,,,,,0,0,0,0,0,0,0,0,0,0,0,0,0,0,0,0,0,0,0,0,0,0,0,0,0,0,0,0,0,0,0,0,0,0,0,0,0,0,0,0,0,0,0,0,0,0,0,0,0,0,0,
Participant,7_3,11_49_54,5.6856,0,1,0,5.685643,0.0000,0.0000,0.0000,0.0000,0.0000,0.0000,3.267833,3.250682,3.259257,,,,,,0,0,0,0,0,0,0,0,0,0,0,0,0,0,0,0,0,0,0,0,0,0,0,0,0,0,0,0,0,0,0,0,0,0,0,0,0,0,0,0,0,0,0,0,0,0,0,0,0,0,0,
Participant,7_3,11_49_54,5.6888,0,1,0,5.688812,0.0000,0.0000,0.0000,0.0000,0.0000,0.0000,3.284299,3.268144,3.276222,,,,,,0,0,0,0,0,0,0,0,0,0,0,0,0,0,0,0,0,0,0,0,0,0,0,0,0,0,0,0,0,0,0,0,0,0,0,0,0,0,0,0,0,0,0,0,0,0,0,0,0,0,0,
Participant,7_3,11_49_54,5.6920,0,1,0,5.691967,0.0000,0.0000,0.0000,0.0000,0.0000,0.0000,3.288507,3.258015,3.273261,,,,,,0,0,0,0,0,0,0,0,0,0,0,0,0,0,0,0,0,0,0,0,0,0,0,0,0,0,0,0,0,0,0,0,0,0,0,0,0,0,0,0,0,0,0,0,0,0,0,0,0,0,0,
Participant,7_3,11_49_54,5.6951,0,1,0,5.695141,0.0000,0.0000,0.0000,0.0000,0.0000,0.0000,3.279606,3.296342,3.287974,,,,,,0,0,0,0,0,0,0,0,0,0,0,0,0,0,0,0,0,0,0,0,0,0,0,0,0,0,0,0,0,0,0,0,0,0,0,0,0,0,0,0,0,0,0,0,0,0,0,0,0,0,0,
Participant,7_3,11_49_54,5.6983,0,1,0,5.698317,0.0000,0.0000,0.0000,0.0000,0.0000,0.0000,3.241493,3.242299,3.241896,,,,,,0,0,0,0,0,0,0,0,0,0,0,0,0,0,0,0,0,0,0,0,0,0,0,0,0,0,0,0,0,0,0,0,0,0,0,0,0,0,0,0,0,0,0,0,0,0,0,0,0,0,0,
Participant,7_3,11_49_54,5.7015,0,1,0,5.701499,0.0000,0.0000,0.0000,0.0000,0.0000,0.0000,3.288683,3.280222,3.284452,,,,,,0,0,0,0,0,0,0,0,0,0,0,0,0,0,0,0,0,0,0,0,0,0,0,0,0,0,0,0,0,0,0,0,0,0,0,0,0,0,0,0,0,0,0,0,0,0,0,0,0,0,0,
Participant,7_3,11_49_54,5.7050,0,1,0,5.705001,0.0000,0.0000,0.0000,0.0000,0.0000,0.0000,3.274812,3.243258,3.259036,,,,,,0,0,0,0,0,0,0,0,0,0,0,0,0,0,0,0,0,0,0,0,0,0,0,0,0,0,0,0,0,0,0,0,0,0,0,0,0,0,0,0,0,0,0,0,0,0,0,0,0,0,0,
Participant,7_3,11_49_54,5.7087,0,1,0,5.708688,0.0000,0.0000,0.0000,0.0000,0.0000,0.0000,3.265912,3.273468,3.26969,,,,,,0,0,0,0,0,0,0,0,0,0,0,0,0,0,0,0,0,0,0,0,0,0,0,0,0,0,0,0,0,0,0,0,0,0,0,0,0,0,0,0,0,0,0,0,0,0,0,0,0,0,0,
Participant,7_3,11_49_54,5.7123,0,1,0,5.712259,0.0000,0.0000,0.0000,0.0000,0.0000,0.0000,3.285678,3.259317,3.272498,,,,,,0,0,0,0,0,0,0,0,0,0,0,0,0,0,0,0,0,0,0,0,0,0,0,0,0,0,0,0,0,0,0,0,0,0,0,0,0,0,0,0,0,0,0,0,0,0,0,0,0,0,0,
Participant,7_3,11_49_54,5.7156,0,1,0,5.715597,0.0000,0.0000,0.0000,0.0000,0.0000,0.0000,3.2656,3.293474,3.279537,,,,,,0,0,0,0,0,0,0,0,0,0,0,0,0,0,0,0,0,0,0,0,0,0,0,0,0,0,0,0,0,0,0,0,0,0,0,0,0,0,0,0,0,0,0,0,0,0,0,0,0,0,0,
Participant,7_3,11_49_54,5.7188,0,1,0,5.718806,0.0000,0.0000,0.0000,0.0000,0.0000,0.0000,3.27197,3.279508,3.275739,,,,,,0,0,0,0,0,0,0,0,0,0,0,0,0,0,0,0,0,0,0,0,0,0,0,0,0,0,0,0,0,0,0,0,0,0,0,0,0,0,0,0,0,0,0,0,0,0,0,0,0,0,0,
Participant,7_3,11_49_54,5.7222,0,1,0,5.722189,0.0000,0.0000,0.0000,0.0000,0.0000,0.0000,3.279989,3.25355,3.26677,,,,,,0,0,0,0,0,0,0,0,0,0,0,0,0,0,0,0,0,0,0,0,0,0,0,0,0,0,0,0,0,0,0,0,0,0,0,0,0,0,0,0,0,0,0,0,0,0,0,0,0,0,0,
Participant,7_3,11_49_54,5.7257,0,1,0,5.725677,0.0000,0.0000,0.0000,0.0000,0.0000,0.0000,3.291241,3.297891,3.294566,,,,,,0,0,0,0,0,0,0,0,0,0,0,0,0,0,0,0,0,0,0,0,0,0,0,0,0,0,0,0,0,0,0,0,0,0,0,0,0,0,0,0,0,0,0,0,0,0,0,0,0,0,0,
Participant,7_3,11_49_54,5.7290,0,1,0,5.729045,0.0000,0.0000,0.0000,0.0000,0.0000,0.0000,3.272048,3.304407,3.288228,,,,,,0,0,0,0,0,0,0,0,0,0,0,0,0,0,0,0,0,0,0,0,0,0,0,0,0,0,0,0,0,0,0,0,0,0,0,0,0,0,0,0,0,0,0,0,0,0,0,0,0,0,0,
Participant,7_3,11_49_54,5.7326,0,1,0,5.732617,0.0000,0.0000,0.0000,0.0000,0.0000,0.0000,3.251156,3.274207,3.262681,,,,,,0,0,0,0,0,0,0,0,0,0,0,0,0,0,0,0,0,0,0,0,0,0,0,0,0,0,0,0,0,0,0,0,0,0,0,0,0,0,0,0,0,0,0,0,0,0,0,0,0,0,0,
Participant,7_3,11_49_54,5.7360,0,1,0,5.736034,0.0000,0.0000,0.0000,0.0000,0.0000,0.0000,3.253367,3.277847,3.265607,,,,,,0,0,0,0,0,0,0,0,0,0,0,0,0,0,0,0,0,0,0,0,0,0,0,0,0,0,0,0,0,0,0,0,0,0,0,0,0,0,0,0,0,0,0,0,0,0,0,0,0,0,0,
Participant,7_3,11_49_54,5.7392,0,1,0,5.739236,0.0000,0.0000,0.0000,0.0000,0.0000,0.0000,3.305839,3.254039,3.279939,,,,,,0,0,0,0,0,0,0,0,0,0,0,0,0,0,0,0,0,0,0,0,0,0,0,0,0,0,0,0,0,0,0,0,0,0,0,0,0,0,0,0,0,0,0,0,0,0,0,0,0,0,0,
Participant,7_3,11_49_54,5.7424,0,1,0,5.742435,0.0000,0.0000,0.0000,0.0000,0.0000,0.0000,3.28493,3.291078,3.288004,,,,,,0,0,0,0,0,0,0,0,0,0,0,0,0,0,0,0,0,0,0,0,0,0,0,0,0,0,0,0,0,0,0,0,0,0,0,0,0,0,0,0,0,0,0,0,0,0,0,0,0,0,0,
Participant,7_3,11_49_54,5.7459,0,1,0,5.745868,0.0000,0.0000,0.0000,0.0000,0.0000,0.0000,3.274954,3.294066,3.28451,,,,,,0,0,0,0,0,0,0,0,0,0,0,0,0,0,0,0,0,0,0,0,0,0,0,0,0,0,0,0,0,0,0,0,0,0,0,0,0,0,0,0,0,0,0,0,0,0,0,0,0,0,0,
Participant,7_3,11_49_54,5.7495,0,1,0,5.749516,0.0000,0.0000,0.0000,0.0000,0.0000,0.0000,3.2528,3.298325,3.275563,,,,,,0,0,0,0,0,0,0,0,0,0,0,0,0,0,0,0,0,0,0,0,0,0,0,0,0,0,0,0,0,0,0,0,0,0,0,0,0,0,0,0,0,0,0,0,0,0,0,0,0,0,0,
Participant,7_3,11_49_54,5.7527,0,1,0,5.752716,0.0000,0.0000,0.0000,0.0000,0.0000,0.0000,3.255225,3.296267,3.275746,,,,,,0,0,0,0,0,0,0,0,0,0,0,0,0,0,0,0,0,0,0,0,0,0,0,0,0,0,0,0,0,0,0,0,0,0,0,0,0,0,0,0,0,0,0,0,0,0,0,0,0,0,0,
Participant,7_3,11_49_54,5.7559,0,1,0,5.755871,0.0000,0.0000,0.0000,0.0000,0.0000,0.0000,3.289661,3.299791,3.294726,,,,,,0,0,0,0,0,0,0,0,0,0,0,0,0,0,0,0,0,0,0,0,0,0,0,0,0,0,0,0,0,0,0,0,0,0,0,0,0,0,0,0,0,0,0,0,0,0,0,0,0,0,0,
Participant,7_3,11_49_54,5.7591,0,1,0,5.759106,0.0000,0.0000,0.0000,0.0000,0.0000,0.0000,3.293831,3.262094,3.277963,,,,,,0,0,0,0,0,0,0,0,0,0,0,0,0,0,0,0,0,0,0,0,0,0,0,0,0,0,0,0,0,0,0,0,0,0,0,0,0,0,0,0,0,0,0,0,0,0,0,0,0,0,0,
Participant,7_3,11_49_54,5.7623,0,1,0,5.762344,0.0000,0.0000,0.0000,0.0000,0.0000,0.0000,3.29134,3.266478,3.278909,,,,,,0,0,0,0,0,0,0,0,0,0,0,0,0,0,0,0,0,0,0,0,0,0,0,0,0,0,0,0,0,0,0,0,0,0,0,0,0,0,0,0,0,0,0,0,0,0,0,0,0,0,0,
Participant,7_3,11_49_54,5.7660,0,1,0,5.765959,0.0000,0.0000,0.0000,0.0000,0.0000,0.0000,3.285802,3.28309,3.284446,,,,,,0,0,0,0,0,0,0,0,0,0,0,0,0,0,0,0,0,0,0,0,0,0,0,0,0,0,0,0,0,0,0,0,0,0,0,0,0,0,0,0,0,0,0,0,0,0,0,0,0,0,0,
Participant,7_3,11_49_54,5.7691,0,1,0,5.769145,0.0000,0.0000,0.0000,0.0000,0.0000,0.0000,3.271825,3.287006,3.279415,,,,,,0,0,0,0,0,0,0,0,0,0,0,0,0,0,0,0,0,0,0,0,0,0,0,0,0,0,0,0,0,0,0,0,0,0,0,0,0,0,0,0,0,0,0,0,0,0,0,0,0,0,0,
Participant,7_3,11_49_54,5.7724,0,1,0,5.772383,0.0000,0.0000,0.0000,0.0000,0.0000,0.0000,3.314718,3.275479,3.295098,,,,,,0,0,0,0,0,0,0,0,0,0,0,0,0,0,0,0,0,0,0,0,0,0,0,0,0,0,0,0,0,0,0,0,0,0,0,0,0,0,0,0,0,0,0,0,0,0,0,0,0,0,0,
Participant,7_3,11_49_54,5.7755,0,1,0,5.775532,0.0000,0.0000,0.0000,0.0000,0.0000,0.0000,3.26253,3.31604,3.289285,,,,,,0,0,0,0,0,0,0,0,0,0,0,0,0,0,0,0,0,0,0,0,0,0,0,0,0,0,0,0,0,0,0,0,0,0,0,0,0,0,0,0,0,0,0,0,0,0,0,0,0,0,0,
Participant,7_3,11_49_54,5.7787,0,1,0,5.778747,0.0000,0.0000,0.0000,0.0000,0.0000,0.0000,3.260911,3.29201,3.27646,,,,,,0,0,0,0,0,0,0,0,0,0,0,0,0,0,0,0,0,0,0,0,0,0,0,0,0,0,0,0,0,0,0,0,0,0,0,0,0,0,0,0,0,0,0,0,0,0,0,0,0,0,0,
Participant,7_3,11_49_54,5.7819,0,1,0,5.781874,0.0000,0.0000,0.0000,0.0000,0.0000,0.0000,3.268007,3.269059,3.268533,,,,,,0,0,0,0,0,0,0,0,0,0,0,0,0,0,0,0,0,0,0,0,0,0,0,0,0,0,0,0,0,0,0,0,0,0,0,0,0,0,0,0,0,0,0,0,0,0,0,0,0,0,0,
Participant,7_3,11_49_54,5.7854,0,1,0,5.785408,0.0000,0.0000,0.0000,0.0000,0.0000,0.0000,3.273285,3.26595,3.269618,,,,,,0,0,0,0,0,0,0,0,0,0,0,0,0,0,0,0,0,0,0,0,0,0,0,0,0,0,0,0,0,0,0,0,0,0,0,0,0,0,0,0,0,0,0,0,0,0,0,0,0,0,0,
Participant,7_3,11_49_54,5.7889,0,1,0,5.7889,0.0000,0.0000,0.0000,0.0000,0.0000,0.0000,3.318007,3.301281,3.309644,,,,,,0,0,0,0,0,0,0,0,0,0,0,0,0,0,0,0,0,0,0,0,0,0,0,0,0,0,0,0,0,0,0,0,0,0,0,0,0,0,0,0,0,0,0,0,0,0,0,0,0,0,0,
Participant,7_3,11_49_54,5.7929,0,1,0,5.792942,0.0000,0.0000,0.0000,0.0000,0.0000,0.0000,3.318464,3.319787,3.319125,,,,,,0,0,0,0,0,0,0,0,0,0,0,0,0,0,0,0,0,0,0,0,0,0,0,0,0,0,0,0,0,0,0,0,0,0,0,0,0,0,0,0,0,0,0,0,0,0,0,0,0,0,0,
Participant,7_3,11_49_54,5.7965,0,1,0,5.796457,0.0000,0.0000,0.0000,0.0000,0.0000,0.0000,3.277092,3.315865,3.296479,,,,,,0,0,0,0,0,0,0,0,0,0,0,0,0,0,0,0,0,0,0,0,0,0,0,0,0,0,0,0,0,0,0,0,0,0,0,0,0,0,0,0,0,0,0,0,0,0,0,0,0,0,0,
Participant,7_3,11_49_54,5.8004,0,1,0,5.800353,0.0000,0.0000,0.0000,0.0000,0.0000,0.0000,3.317897,3.265571,3.291734,,,,,,0,0,0,0,0,0,0,0,0,0,0,0,0,0,0,0,0,0,0,0,0,0,0,0,0,0,0,0,0,0,0,0,0,0,0,0,0,0,0,0,0,0,0,0,0,0,0,0,0,0,0,
Participant,7_3,11_49_54,5.8039,0,1,0,5.803886,0.0000,0.0000,0.0000,0.0000,0.0000,0.0000,3.314725,3.301059,3.307892,,,,,,0,0,0,0,0,0,0,0,0,0,0,0,0,0,0,0,0,0,0,0,0,0,0,0,0,0,0,0,0,0,0,0,0,0,0,0,0,0,0,0,0,0,0,0,0,0,0,0,0,0,0,
Participant,7_3,11_49_54,5.8073,0,1,0,5.807281,0.0000,0.0000,0.0000,0.0000,0.0000,0.0000,3.271724,3.320524,3.296124,,,,,,0,0,0,0,0,0,0,0,0,0,0,0,0,0,0,0,0,0,0,0,0,0,0,0,0,0,0,0,0,0,0,0,0,0,0,0,0,0,0,0,0,0,0,0,0,0,0,0,0,0,0,
Participant,7_3,11_49_54,5.8107,0,1,0,5.810725,0.0000,0.0000,0.0000,0.0000,0.0000,0.0000,3.280443,3.288139,3.284291,,,,,,0,0,0,0,0,0,0,0,0,0,0,0,0,0,0,0,0,0,0,0,0,0,0,0,0,0,0,0,0,0,0,0,0,0,0,0,0,0,0,0,0,0,0,0,0,0,0,0,0,0,0,
Participant,7_3,11_49_54,5.8142,0,1,0,5.81415,0.0000,0.0000,0.0000,0.0000,0.0000,0.0000,3.306509,3.289265,3.297887,,,,,,0,0,0,0,0,0,0,0,0,0,0,0,0,0,0,0,0,0,0,0,0,0,0,0,0,0,0,0,0,0,0,0,0,0,0,0,0,0,0,0,0,0,0,0,0,0,0,0,0,0,0,
Participant,7_3,11_49_54,5.8174,0,1,0,5.817389,0.0000,0.0000,0.0000,0.0000,0.0000,0.0000,3.276166,3.298624,3.287395,,,,,,0,0,0,0,0,0,0,0,0,0,0,0,0,0,0,0,0,0,0,0,0,0,0,0,0,0,0,0,0,0,0,0,0,0,0,0,0,0,0,0,0,0,0,0,0,0,0,0,0,0,0,
Participant,7_3,11_49_54,5.8208,0,1,0,5.820825,0.0000,0.0000,0.0000,0.0000,0.0000,0.0000,3.282705,3.275393,3.279049,,,,,,0,0,0,0,0,0,0,0,0,0,0,0,0,0,0,0,0,0,0,0,0,0,0,0,0,0,0,0,0,0,0,0,0,0,0,0,0,0,0,0,0,0,0,0,0,0,0,0,0,0,0,
Participant,7_3,11_49_54,5.8242,0,1,0,5.824237,0.0000,0.0000,0.0000,0.0000,0.0000,0.0000,3.303525,3.304758,3.304142,,,,,,0,0,0,0,0,0,0,0,0,0,0,0,0,0,0,0,0,0,0,0,0,0,0,0,0,0,0,0,0,0,0,0,0,0,0,0,0,0,0,0,0,0,0,0,0,0,0,0,0,0,0,
Participant,7_3,11_49_54,5.8274,0,1,0,5.827414,0.0000,0.0000,0.0000,0.0000,0.0000,0.0000,3.278721,3.277916,3.278318,,,,,,0,0,0,0,0,0,0,0,0,0,0,0,0,0,0,0,0,0,0,0,0,0,0,0,0,0,0,0,0,0,0,0,0,0,0,0,0,0,0,0,0,0,0,0,0,0,0,0,0,0,0,
Participant,7_3,11_49_54,5.8306,0,1,0,5.830562,0.0000,0.0000,0.0000,0.0000,0.0000,0.0000,3.304241,3.317284,3.310763,,,,,,0,0,0,0,0,0,0,0,0,0,0,0,0,0,0,0,0,0,0,0,0,0,0,0,0,0,0,0,0,0,0,0,0,0,0,0,0,0,0,0,0,0,0,0,0,0,0,0,0,0,0,
Participant,7_3,11_49_54,5.8337,0,1,0,5.833735,0.0000,0.0000,0.0000,0.0000,0.0000,0.0000,3.315096,3.314745,3.31492,,,,,,0,0,0,0,0,0,0,0,0,0,0,0,0,0,0,0,0,0,0,0,0,0,0,0,0,0,0,0,0,0,0,0,0,0,0,0,0,0,0,0,0,0,0,0,0,0,0,0,0,0,0,
Participant,7_3,11_49_54,5.8406,0,1,0,5.840553,0.0000,0.0000,0.0000,0.0000,0.0000,0.0000,3.332329,3.292061,3.312195,,,,,,0,0,0,0,0,0,0,0,0,0,0,0,0,0,0,0,0,0,0,0,0,0,0,0,0,0,0,0,0,0,0,0,0,0,0,0,0,0,0,0,0,0,0,0,0,0,0,0,0,0,0,
Participant,7_3,11_49_54,5.8440,0,1,0,5.844021,0.0000,0.0000,0.0000,0.0000,0.0000,0.0000,3.29066,3.333759,3.31221,,,,,,0,0,0,0,0,0,0,0,0,0,0,0,0,0,0,0,0,0,0,0,0,0,0,0,0,0,0,0,0,0,0,0,0,0,0,0,0,0,0,0,0,0,0,0,0,0,0,0,0,0,0,
Participant,7_3,11_49_54,5.8473,0,1,0,5.847277,0.0000,0.0000,0.0000,0.0000,0.0000,0.0000,3.331932,3.328493,3.330213,,,,,,0,0,0,0,0,0,0,0,0,0,0,0,0,0,0,0,0,0,0,0,0,0,0,0,0,0,0,0,0,0,0,0,0,0,0,0,0,0,0,0,0,0,0,0,0,0,0,0,0,0,0,
Participant,7_3,11_49_54,5.8587,0,1,0,5.858695,0.0000,0.0000,0.0000,0.0000,0.0000,0.0000,3.309647,3.309179,3.309413,,,,,,0,0,0,0,0,0,0,0,0,0,0,0,0,0,0,0,0,0,0,0,0,0,0,0,0,0,0,0,0,0,0,0,0,0,0,0,0,0,0,0,0,0,0,0,0,0,0,0,0,0,0,
Participant,7_3,11_49_54,5.8619,0,1,0,5.861938,0.0000,0.0000,0.0000,0.0000,0.0000,0.0000,3.321,3.341517,3.331259,,,,,,0,0,0,0,0,0,0,0,0,0,0,0,0,0,0,0,0,0,0,0,0,0,0,0,0,0,0,0,0,0,0,0,0,0,0,0,0,0,0,0,0,0,0,0,0,0,0,0,0,0,0,
Participant,7_3,11_49_54,5.8656,0,1,0,5.865557,0.0000,0.0000,0.0000,0.0000,0.0000,0.0000,3.289303,3.326847,3.308075,,,,,,0,0,0,0,0,0,0,0,0,0,0,0,0,0,0,0,0,0,0,0,0,0,0,0,0,0,0,0,0,0,0,0,0,0,0,0,0,0,0,0,0,0,0,0,0,0,0,0,0,0,0,
Participant,7_3,11_49_54,5.8688,0,1,0,5.868763,0.0000,0.0000,0.0000,0.0000,0.0000,0.0000,3.324949,3.31639,3.320669,,,,,,0,0,0,0,0,0,0,0,0,0,0,0,0,0,0,0,0,0,0,0,0,0,0,0,0,0,0,0,0,0,0,0,0,0,0,0,0,0,0,0,0,0,0,0,0,0,0,0,0,0,0,
Participant,7_3,11_49_54,5.8719,0,1,0,5.871937,0.0000,0.0000,0.0000,0.0000,0.0000,0.0000,3.328514,3.321596,3.325055,,,,,,0,0,0,0,0,0,0,0,0,0,0,0,0,0,0,0,0,0,0,0,0,0,0,0,0,0,0,0,0,0,0,0,0,0,0,0,0,0,0,0,0,0,0,0,0,0,0,0,0,0,0,
Participant,7_3,11_49_54,5.8752,0,1,0,5.875195,0.0000,0.0000,0.0000,0.0000,0.0000,0.0000,3.332204,3.333405,3.332804,,,,,,0,0,0,0,0,0,0,0,0,0,0,0,0,0,0,0,0,0,0,0,0,0,0,0,0,0,0,0,0,0,0,0,0,0,0,0,0,0,0,0,0,0,0,0,0,0,0,0,0,0,0,
Participant,7_3,11_49_54,5.8784,0,1,0,5.878418,0.0000,0.0000,0.0000,0.0000,0.0000,0.0000,3.309301,3.320943,3.315122,,,,,,0,0,0,0,0,0,0,0,0,0,0,0,0,0,0,0,0,0,0,0,0,0,0,0,0,0,0,0,0,0,0,0,0,0,0,0,0,0,0,0,0,0,0,0,0,0,0,0,0,0,0,
Participant,7_3,11_49_54,5.8822,0,1,0,5.882183,0.0000,0.0000,0.0000,0.0000,0.0000,0.0000,3.342013,3.340484,3.341249,,,,,,0,0,0,0,0,0,0,0,0,0,0,0,0,0,0,0,0,0,0,0,0,0,0,0,0,0,0,0,0,0,0,0,0,0,0,0,0,0,0,0,0,0,0,0,0,0,0,0,0,0,0,
Participant,7_3,11_49_54,5.8858,0,1,0,5.885792,0.0000,0.0000,0.0000,0.0000,0.0000,0.0000,3.317617,3.295078,3.306347,,,,,,0,0,0,0,0,0,0,0,0,0,0,0,0,0,0,0,0,0,0,0,0,0,0,0,0,0,0,0,0,0,0,0,0,0,0,0,0,0,0,0,0,0,0,0,0,0,0,0,0,0,0,
Participant,7_3,11_49_54,5.8892,0,1,0,5.889224,0.0000,0.0000,0.0000,0.0000,0.0000,0.0000,3.349309,3.327622,3.338465,,,,,,0,0,0,0,0,0,0,0,0,0,0,0,0,0,0,0,0,0,0,0,0,0,0,0,0,0,0,0,0,0,0,0,0,0,0,0,0,0,0,0,0,0,0,0,0,0,0,0,0,0,0,
Participant,7_3,11_49_54,5.8925,0,1,0,5.892472,0.0000,0.0000,0.0000,0.0000,0.0000,0.0000,3.309808,3.338722,3.324265,,,,,,0,0,0,0,0,0,0,0,0,0,0,0,0,0,0,0,0,0,0,0,0,0,0,0,0,0,0,0,0,0,0,0,0,0,0,0,0,0,0,0,0,0,0,0,0,0,0,0,0,0,0,
Participant,7_3,11_49_54,5.8957,0,1,0,5.895654,0.0000,0.0000,0.0000,0.0000,0.0000,0.0000,3.351081,3.297474,3.324278,,,,,,0,0,0,0,0,0,0,0,0,0,0,0,0,0,0,0,0,0,0,0,0,0,0,0,0,0,0,0,0,0,0,0,0,0,0,0,0,0,0,0,0,0,0,0,0,0,0,0,0,0,0,
Participant,7_3,11_49_54,5.8988,0,1,0,5.898809,0.0000,0.0000,0.0000,0.0000,0.0000,0.0000,3.322456,3.317832,3.320144,,,,,,0,0,0,0,0,0,0,0,0,0,0,0,0,0,0,0,0,0,0,0,0,0,0,0,0,0,0,0,0,0,0,0,0,0,0,0,0,0,0,0,0,0,0,0,0,0,0,0,0,0,0,
Participant,7_3,11_49_54,5.9020,0,1,0,5.902028,0.0000,0.0000,0.0000,0.0000,0.0000,0.0000,3.337538,3.351689,3.344614,,,,,,0,0,0,0,0,0,0,0,0,0,0,0,0,0,0,0,0,0,0,0,0,0,0,0,0,0,0,0,0,0,0,0,0,0,0,0,0,0,0,0,0,0,0,0,0,0,0,0,0,0,0,
Participant,7_3,11_49_54,5.9056,0,1,0,5.905593,0.0000,0.0000,0.0000,0.0000,0.0000,0.0000,3.344972,3.300833,3.322902,,,,,,0,0,0,0,0,0,0,0,0,0,0,0,0,0,0,0,0,0,0,0,0,0,0,0,0,0,0,0,0,0,0,0,0,0,0,0,0,0,0,0,0,0,0,0,0,0,0,0,0,0,0,
Participant,7_3,11_49_54,5.9090,0,1,0,5.908999,0.0000,0.0000,0.0000,0.0000,0.0000,0.0000,3.339543,3.30308,3.321311,,,,,,0,0,0,0,0,0,0,0,0,0,0,0,0,0,0,0,0,0,0,0,0,0,0,0,0,0,0,0,0,0,0,0,0,0,0,0,0,0,0,0,0,0,0,0,0,0,0,0,0,0,0,
Participant,7_3,11_49_54,5.9122,0,1,0,5.912219,0.0000,0.0000,0.0000,0.0000,0.0000,0.0000,3.345722,3.329815,3.337769,,,,,,0,0,0,0,0,0,0,0,0,0,0,0,0,0,0,0,0,0,0,0,0,0,0,0,0,0,0,0,0,0,0,0,0,0,0,0,0,0,0,0,0,0,0,0,0,0,0,0,0,0,0,
Participant,7_3,11_49_54,5.9160,0,1,0,5.915956,0.0000,0.0000,0.0000,0.0000,0.0000,0.0000,3.337849,3.325793,3.331821,,,,,,0,0,0,0,0,0,0,0,0,0,0,0,0,0,0,0,0,0,0,0,0,0,0,0,0,0,0,0,0,0,0,0,0,0,0,0,0,0,0,0,0,0,0,0,0,0,0,0,0,0,0,
Participant,7_3,11_49_54,5.9195,0,1,0,5.919456,0.0000,0.0000,0.0000,0.0000,0.0000,0.0000,3.327539,3.359149,3.343344,,,,,,0,0,0,0,0,0,0,0,0,0,0,0,0,0,0,0,0,0,0,0,0,0,0,0,0,0,0,0,0,0,0,0,0,0,0,0,0,0,0,0,0,0,0,0,0,0,0,0,0,0,0,
Participant,7_3,11_49_54,5.9230,0,1,0,5.922965,0.0000,0.0000,0.0000,0.0000,0.0000,0.0000,3.312389,3.314557,3.313473,,,,,,0,0,0,0,0,0,0,0,0,0,0,0,0,0,0,0,0,0,0,0,0,0,0,0,0,0,0,0,0,0,0,0,0,0,0,0,0,0,0,0,0,0,0,0,0,0,0,0,0,0,0,
Participant,7_3,11_49_54,5.9266,0,1,0,5.926583,0.0000,0.0000,0.0000,0.0000,0.0000,0.0000,3.363829,3.334282,3.349056,,,,,,0,0,0,0,0,0,0,0,0,0,0,0,0,0,0,0,0,0,0,0,0,0,0,0,0,0,0,0,0,0,0,0,0,0,0,0,0,0,0,0,0,0,0,0,0,0,0,0,0,0,0,
Participant,7_3,11_49_54,5.9300,0,1,0,5.930006,0.0000,0.0000,0.0000,0.0000,0.0000,0.0000,3.348744,3.309099,3.328922,,,,,,0,0,0,0,0,0,0,0,0,0,0,0,0,0,0,0,0,0,0,0,0,0,0,0,0,0,0,0,0,0,0,0,0,0,0,0,0,0,0,0,0,0,0,0,0,0,0,0,0,0,0,
Participant,7_3,11_49_54,5.9338,0,1,0,5.933831,0.0000,0.0000,0.0000,0.0000,0.0000,0.0000,3.31955,3.355573,3.337562,,,,,,0,0,0,0,0,0,0,0,0,0,0,0,0,0,0,0,0,0,0,0,0,0,0,0,0,0,0,0,0,0,0,0,0,0,0,0,0,0,0,0,0,0,0,0,0,0,0,0,0,0,0,
Participant,7_3,11_49_54,5.9370,0,1,0,5.936995,0.0000,0.0000,0.0000,0.0000,0.0000,0.0000,3.335152,3.312557,3.323854,,,,,,0,0,0,0,0,0,0,0,0,0,0,0,0,0,0,0,0,0,0,0,0,0,0,0,0,0,0,0,0,0,0,0,0,0,0,0,0,0,0,0,0,0,0,0,0,0,0,0,0,0,0,
Participant,7_3,11_49_55,5.9401,0,1,0,5.940147,0.0000,0.0000,0.0000,0.0000,0.0000,0.0000,3.370042,3.316206,3.343124,,,,,,0,0,0,0,0,0,0,0,0,0,0,0,0,0,0,0,0,0,0,0,0,0,0,0,0,0,0,0,0,0,0,0,0,0,0,0,0,0,0,0,0,0,0,0,0,0,0,0,0,0,0,
Participant,7_3,11_49_55,5.9435,0,1,0,5.943531,0.0000,0.0000,0.0000,0.0000,0.0000,0.0000,3.334854,3.331636,3.333245,,,,,,0,0,0,0,0,0,0,0,0,0,0,0,0,0,0,0,0,0,0,0,0,0,0,0,0,0,0,0,0,0,0,0,0,0,0,0,0,0,0,0,0,0,0,0,0,0,0,0,0,0,0,
Participant,7_3,11_49_55,5.9467,0,1,0,5.946716,0.0000,0.0000,0.0000,0.0000,0.0000,0.0000,3.319165,3.349658,3.334411,,,,,,0,0,0,0,0,0,0,0,0,0,0,0,0,0,0,0,0,0,0,0,0,0,0,0,0,0,0,0,0,0,0,0,0,0,0,0,0,0,0,0,0,0,0,0,0,0,0,0,0,0,0,
Participant,7_3,11_49_55,5.9499,0,1,0,5.94993,0.0000,0.0000,0.0000,0.0000,0.0000,0.0000,3.367575,3.315724,3.34165,,,,,,0,0,0,0,0,0,0,0,0,0,0,0,0,0,0,0,0,0,0,0,0,0,0,0,0,0,0,0,0,0,0,0,0,0,0,0,0,0,0,0,0,0,0,0,0,0,0,0,0,0,0,
Participant,7_3,11_49_55,5.9534,0,1,0,5.953367,0.0000,0.0000,0.0000,0.0000,0.0000,0.0000,3.349929,3.336795,3.343362,,,,,,0,0,0,0,0,0,0,0,0,0,0,0,0,0,0,0,0,0,0,0,0,0,0,0,0,0,0,0,0,0,0,0,0,0,0,0,0,0,0,0,0,0,0,0,0,0,0,0,0,0,0,
Participant,7_3,11_49_55,5.9569,0,1,0,5.956862,0.0000,0.0000,0.0000,0.0000,0.0000,0.0000,3.32934,3.351841,3.34059,,,,,,0,0,0,0,0,0,0,0,0,0,0,0,0,0,0,0,0,0,0,0,0,0,0,0,0,0,0,0,0,0,0,0,0,0,0,0,0,0,0,0,0,0,0,0,0,0,0,0,0,0,0,
Participant,7_3,11_49_55,5.9602,0,1,0,5.960236,0.0000,0.0000,0.0000,0.0000,0.0000,0.0000,3.371446,3.326206,3.348826,,,,,,0,0,0,0,0,0,0,0,0,0,0,0,0,0,0,0,0,0,0,0,0,0,0,0,0,0,0,0,0,0,0,0,0,0,0,0,0,0,0,0,0,0,0,0,0,0,0,0,0,0,0,
Participant,7_3,11_49_55,5.9637,0,1,0,5.963687,0.0000,0.0000,0.0000,0.0000,0.0000,0.0000,3.35245,3.358713,3.355582,,,,,,0,0,0,0,0,0,0,0,0,0,0,0,0,0,0,0,0,0,0,0,0,0,0,0,0,0,0,0,0,0,0,0,0,0,0,0,0,0,0,0,0,0,0,0,0,0,0,0,0,0,0,
Participant,7_3,11_49_55,5.9676,0,1,0,5.967597,0.0000,0.0000,0.0000,0.0000,0.0000,0.0000,3.367638,3.342393,3.355015,,,,,,0,0,0,0,0,0,0,0,0,0,0,0,0,0,0,0,0,0,0,0,0,0,0,0,0,0,0,0,0,0,0,0,0,0,0,0,0,0,0,0,0,0,0,0,0,0,0,0,0,0,0,
Participant,7_3,11_49_55,5.9708,0,1,0,5.970763,0.0000,0.0000,0.0000,0.0000,0.0000,0.0000,3.374148,3.362065,3.368106,,,,,,0,0,0,0,0,0,0,0,0,0,0,0,0,0,0,0,0,0,0,0,0,0,0,0,0,0,0,0,0,0,0,0,0,0,0,0,0,0,0,0,0,0,0,0,0,0,0,0,0,0,0,
Participant,7_3,11_49_55,5.9739,0,1,0,5.973888,0.0000,0.0000,0.0000,0.0000,0.0000,0.0000,3.340119,3.35354,3.346829,,,,,,0,0,0,0,0,0,0,0,0,0,0,0,0,0,0,0,0,0,0,0,0,0,0,0,0,0,0,0,0,0,0,0,0,0,0,0,0,0,0,0,0,0,0,0,0,0,0,0,0,0,0,
Participant,7_3,11_49_55,5.9771,0,1,0,5.977079,0.0000,0.0000,0.0000,0.0000,0.0000,0.0000,3.378638,3.35321,3.365924,,,,,,0,0,0,0,0,0,0,0,0,0,0,0,0,0,0,0,0,0,0,0,0,0,0,0,0,0,0,0,0,0,0,0,0,0,0,0,0,0,0,0,0,0,0,0,0,0,0,0,0,0,0,
Participant,7_3,11_49_55,5.9803,0,1,0,5.980271,0.0000,0.0000,0.0000,0.0000,0.0000,0.0000,3.33044,3.351655,3.341048,,,,,,0,0,0,0,0,0,0,0,0,0,0,0,0,0,0,0,0,0,0,0,0,0,0,0,0,0,0,0,0,0,0,0,0,0,0,0,0,0,0,0,0,0,0,0,0,0,0,0,0,0,0,
Participant,7_3,11_49_55,5.9837,0,1,0,5.983729,0.0000,0.0000,0.0000,0.0000,0.0000,0.0000,3.380209,3.377576,3.378892,,,,,,0,0,0,0,0,0,0,0,0,0,0,0,0,0,0,0,0,0,0,0,0,0,0,0,0,0,0,0,0,0,0,0,0,0,0,0,0,0,0,0,0,0,0,0,0,0,0,0,0,0,0,
Participant,7_3,11_49_55,5.9869,0,1,0,5.986938,0.0000,0.0000,0.0000,0.0000,0.0000,0.0000,3.350656,3.377113,3.363885,,,,,,0,0,0,0,0,0,0,0,0,0,0,0,0,0,0,0,0,0,0,0,0,0,0,0,0,0,0,0,0,0,0,0,0,0,0,0,0,0,0,0,0,0,0,0,0,0,0,0,0,0,0,
Participant,7_3,11_49_55,5.9902,0,1,0,5.990229,0.0000,0.0000,0.0000,0.0000,0.0000,0.0000,3.337795,3.374106,3.355951,,,,,,0,0,0,0,0,0,0,0,0,0,0,0,0,0,0,0,0,0,0,0,0,0,0,0,0,0,0,0,0,0,0,0,0,0,0,0,0,0,0,0,0,0,0,0,0,0,0,0,0,0,0,
Participant,7_3,11_49_55,5.9934,0,1,0,5.993403,0.0000,0.0000,0.0000,0.0000,0.0000,0.0000,3.339425,3.367929,3.353677,,,,,,0,0,0,0,0,0,0,0,0,0,0,0,0,0,0,0,0,0,0,0,0,0,0,0,0,0,0,0,0,0,0,0,0,0,0,0,0,0,0,0,0,0,0,0,0,0,0,0,0,0,0,
Participant,7_3,11_49_55,5.9967,0,1,0,5.996681,0.0000,0.0000,0.0000,0.0000,0.0000,0.0000,3.376872,3.349562,3.363217,,,,,,0,0,0,0,0,0,0,0,0,0,0,0,0,0,0,0,0,0,0,0,0,0,0,0,0,0,0,0,0,0,0,0,0,0,0,0,0,0,0,0,0,0,0,0,0,0,0,0,0,0,0,
Participant,7_3,11_49_55,6.0006,0,1,0,6.000597,0.0000,0.0000,0.0000,0.0000,0.0000,0.0000,3.344595,3.363534,3.354064,,,,,,0,0,0,0,0,0,0,0,0,0,0,0,0,0,0,0,0,0,0,0,0,0,0,0,0,0,0,0,0,0,0,0,0,0,0,0,0,0,0,0,0,0,0,0,0,0,0,0,0,0,0,
Participant,7_3,11_49_55,6.0043,0,1,0,6.004328,0.0000,0.0000,0.0000,0.0000,0.0000,0.0000,3.351989,3.389945,3.370967,,,,,,0,0,0,0,0,0,0,0,0,0,0,0,0,0,0,0,0,0,0,0,0,0,0,0,0,0,0,0,0,0,0,0,0,0,0,0,0,0,0,0,0,0,0,0,0,0,0,0,0,0,0,
Participant,7_3,11_49_55,6.0077,0,1,0,6.007747,0.0000,0.0000,0.0000,0.0000,0.0000,0.0000,3.382657,3.343095,3.362876,,,,,,0,0,0,0,0,0,0,0,0,0,0,0,0,0,0,0,0,0,0,0,0,0,0,0,0,0,0,0,0,0,0,0,0,0,0,0,0,0,0,0,0,0,0,0,0,0,0,0,0,0,0,
Participant,7_3,11_49_55,6.0111,0,1,0,6.011118,0.0000,0.0000,0.0000,0.0000,0.0000,0.0000,3.393822,3.378375,3.386099,,,,,,0,0,0,0,0,0,0,0,0,0,0,0,0,0,0,0,0,0,0,0,0,0,0,0,0,0,0,0,0,0,0,0,0,0,0,0,0,0,0,0,0,0,0,0,0,0,0,0,0,0,0,
Participant,7_3,11_49_55,6.0145,0,1,0,6.014548,0.0000,0.0000,0.0000,0.0000,0.0000,0.0000,3.386158,3.348953,3.367556,,,,,,0,0,0,0,0,0,0,0,0,0,0,0,0,0,0,0,0,0,0,0,0,0,0,0,0,0,0,0,0,0,0,0,0,0,0,0,0,0,0,0,0,0,0,0,0,0,0,0,0,0,0,
Participant,7_3,11_49_55,6.0177,0,1,0,6.017725,0.0000,0.0000,0.0000,0.0000,0.0000,0.0000,3.374591,3.352293,3.363442,,,,,,0,0,0,0,0,0,0,0,0,0,0,0,0,0,0,0,0,0,0,0,0,0,0,0,0,0,0,0,0,0,0,0,0,0,0,0,0,0,0,0,0,0,0,0,0,0,0,0,0,0,0,
Participant,7_3,11_49_55,6.0211,0,1,0,6.021065,0.0000,0.0000,0.0000,0.0000,0.0000,0.0000,3.348442,3.393819,3.371131,,,,,,0,0,0,0,0,0,0,0,0,0,0,0,0,0,0,0,0,0,0,0,0,0,0,0,0,0,0,0,0,0,0,0,0,0,0,0,0,0,0,0,0,0,0,0,0,0,0,0,0,0,0,
Participant,7_3,11_49_55,6.0246,0,1,0,6.024606,0.0000,0.0000,0.0000,0.0000,0.0000,0.0000,3.402712,3.376647,3.389679,,,,,,0,0,0,0,0,0,0,0,0,0,0,0,0,0,0,0,0,0,0,0,0,0,0,0,0,0,0,0,0,0,0,0,0,0,0,0,0,0,0,0,0,0,0,0,0,0,0,0,0,0,0,
Participant,7_3,11_49_55,6.0281,0,1,0,6.028133,0.0000,0.0000,0.0000,0.0000,0.0000,0.0000,3.368539,3.398623,3.383581,,,,,,0,0,0,0,0,0,0,0,0,0,0,0,0,0,0,0,0,0,0,0,0,0,0,0,0,0,0,0,0,0,0,0,0,0,0,0,0,0,0,0,0,0,0,0,0,0,0,0,0,0,0,
Participant,7_3,11_49_55,6.0316,0,1,0,6.031594,0.0000,0.0000,0.0000,0.0000,0.0000,0.0000,3.408953,3.3621,3.385527,,,,,,0,0,0,0,0,0,0,0,0,0,0,0,0,0,0,0,0,0,0,0,0,0,0,0,0,0,0,0,0,0,0,0,0,0,0,0,0,0,0,0,0,0,0,0,0,0,0,0,0,0,0,
Participant,7_3,11_49_55,6.0351,0,1,0,6.035104,0.0000,0.0000,0.0000,0.0000,0.0000,0.0000,3.390455,3.405982,3.398219,,,,,,0,0,0,0,0,0,0,0,0,0,0,0,0,0,0,0,0,0,0,0,0,0,0,0,0,0,0,0,0,0,0,0,0,0,0,0,0,0,0,0,0,0,0,0,0,0,0,0,0,0,0,
Participant,7_3,11_49_55,6.0383,0,1,0,6.038314,0.0000,0.0000,0.0000,0.0000,0.0000,0.0000,3.371835,3.381144,3.37649,,,,,,0,0,0,0,0,0,0,0,0,0,0,0,0,0,0,0,0,0,0,0,0,0,0,0,0,0,0,0,0,0,0,0,0,0,0,0,0,0,0,0,0,0,0,0,0,0,0,0,0,0,0,
Participant,7_3,11_49_55,6.0417,0,1,0,6.041728,0.0000,0.0000,0.0000,0.0000,0.0000,0.0000,3.38186,3.384073,3.382967,,,,,,0,0,0,0,0,0,0,0,0,0,0,0,0,0,0,0,0,0,0,0,0,0,0,0,0,0,0,0,0,0,0,0,0,0,0,0,0,0,0,0,0,0,0,0,0,0,0,0,0,0,0,
Participant,7_3,11_49_55,6.0453,0,1,0,6.045259,0.0000,0.0000,0.0000,0.0000,0.0000,0.0000,3.358769,3.372134,3.365452,,,,,,0,0,0,0,0,0,0,0,0,0,0,0,0,0,0,0,0,0,0,0,0,0,0,0,0,0,0,0,0,0,0,0,0,0,0,0,0,0,0,0,0,0,0,0,0,0,0,0,0,0,0,
Participant,7_3,11_49_55,6.0487,0,1,0,6.048666,0.0000,0.0000,0.0000,0.0000,0.0000,0.0000,3.411916,3.401217,3.406567,,,,,,0,0,0,0,0,0,0,0,0,0,0,0,0,0,0,0,0,0,0,0,0,0,0,0,0,0,0,0,0,0,0,0,0,0,0,0,0,0,0,0,0,0,0,0,0,0,0,0,0,0,0,
Participant,7_3,11_49_55,6.0602,0,1,0,6.060228,0.0000,0.0000,0.0000,0.0000,0.0000,0.0000,3.386866,3.38799,3.387428,,,,,,0,0,0,0,0,0,0,0,0,0,0,0,0,0,0,0,0,0,0,0,0,0,0,0,0,0,0,0,0,0,0,0,0,0,0,0,0,0,0,0,0,0,0,0,0,0,0,0,0,0,0,
Participant,7_3,11_49_55,6.0639,0,1,0,6.063868,0.0000,0.0000,0.0000,0.0000,0.0000,0.0000,3.385011,3.423183,3.404097,,,,,,0,0,0,0,0,0,0,0,0,0,0,0,0,0,0,0,0,0,0,0,0,0,0,0,0,0,0,0,0,0,0,0,0,0,0,0,0,0,0,0,0,0,0,0,0,0,0,0,0,0,0,
Participant,7_3,11_49_55,6.0679,0,1,0,6.067895,0.0000,0.0000,0.0000,0.0000,0.0000,0.0000,3.407098,3.382825,3.394961,,,,,,0,0,0,0,0,0,0,0,0,0,0,0,0,0,0,0,0,0,0,0,0,0,0,0,0,0,0,0,0,0,0,0,0,0,0,0,0,0,0,0,0,0,0,0,0,0,0,0,0,0,0,
Participant,7_3,11_49_55,6.0713,0,1,0,6.071293,0.0000,0.0000,0.0000,0.0000,0.0000,0.0000,3.398042,3.389336,3.393689,,,,,,0,0,0,0,0,0,0,0,0,0,0,0,0,0,0,0,0,0,0,0,0,0,0,0,0,0,0,0,0,0,0,0,0,0,0,0,0,0,0,0,0,0,0,0,0,0,0,0,0,0,0,
Participant,7_3,11_49_55,6.0745,0,1,0,6.074545,0.0000,0.0000,0.0000,0.0000,0.0000,0.0000,3.41321,3.399548,3.406379,,,,,,0,0,0,0,0,0,0,0,0,0,0,0,0,0,0,0,0,0,0,0,0,0,0,0,0,0,0,0,0,0,0,0,0,0,0,0,0,0,0,0,0,0,0,0,0,0,0,0,0,0,0,
Participant,7_3,11_49_55,6.0777,0,1,0,6.077695,0.0000,0.0000,0.0000,0.0000,0.0000,0.0000,3.393064,3.4165,3.404782,,,,,,0,0,0,0,0,0,0,0,0,0,0,0,0,0,0,0,0,0,0,0,0,0,0,0,0,0,0,0,0,0,0,0,0,0,0,0,0,0,0,0,0,0,0,0,0,0,0,0,0,0,0,
Participant,7_3,11_49_55,6.0809,0,1,0,6.080886,0.0000,0.0000,0.0000,0.0000,0.0000,0.0000,3.386276,3.382927,3.384602,,,,,,0,0,0,0,0,0,0,0,0,0,0,0,0,0,0,0,0,0,0,0,0,0,0,0,0,0,0,0,0,0,0,0,0,0,0,0,0,0,0,0,0,0,0,0,0,0,0,0,0,0,0,
Participant,7_3,11_49_55,6.0844,0,1,0,6.084385,0.0000,0.0000,0.0000,0.0000,0.0000,0.0000,3.431113,3.429905,3.430509,,,,,,0,0,0,0,0,0,0,0,0,0,0,0,0,0,0,0,0,0,0,0,0,0,0,0,0,0,0,0,0,0,0,0,0,0,0,0,0,0,0,0,0,0,0,0,0,0,0,0,0,0,0,
Participant,7_3,11_49_55,6.0879,0,1,0,6.087873,0.0000,0.0000,0.0000,0.0000,0.0000,0.0000,3.385466,3.426907,3.406187,,,,,,0,0,0,0,0,0,0,0,0,0,0,0,0,0,0,0,0,0,0,0,0,0,0,0,0,0,0,0,0,0,0,0,0,0,0,0,0,0,0,0,0,0,0,0,0,0,0,0,0,0,0,
Participant,7_3,11_49_55,6.0913,0,1,0,6.09126,0.0000,0.0000,0.0000,0.0000,0.0000,0.0000,3.415339,3.401612,3.408475,,,,,,0,0,0,0,0,0,0,0,0,0,0,0,0,0,0,0,0,0,0,0,0,0,0,0,0,0,0,0,0,0,0,0,0,0,0,0,0,0,0,0,0,0,0,0,0,0,0,0,0,0,0,
Participant,7_3,11_49_55,6.0945,0,1,0,6.094496,0.0000,0.0000,0.0000,0.0000,0.0000,0.0000,3.405577,3.399979,3.402778,,,,,,0,0,0,0,0,0,0,0,0,0,0,0,0,0,0,0,0,0,0,0,0,0,0,0,0,0,0,0,0,0,0,0,0,0,0,0,0,0,0,0,0,0,0,0,0,0,0,0,0,0,0,
Participant,7_3,11_49_55,6.0982,0,1,0,6.098213,0.0000,0.0000,0.0000,0.0000,0.0000,0.0000,3.394163,3.435271,3.414717,,,,,,0,0,0,0,0,0,0,0,0,0,0,0,0,0,0,0,0,0,0,0,0,0,0,0,0,0,0,0,0,0,0,0,0,0,0,0,0,0,0,0,0,0,0,0,0,0,0,0,0,0,0,
Participant,7_3,11_49_55,6.1017,0,1,0,6.101687,0.0000,0.0000,0.0000,0.0000,0.0000,0.0000,3.386844,3.385661,3.386252,,,,,,0,0,0,0,0,0,0,0,0,0,0,0,0,0,0,0,0,0,0,0,0,0,0,0,0,0,0,0,0,0,0,0,0,0,0,0,0,0,0,0,0,0,0,0,0,0,0,0,0,0,0,
Participant,7_3,11_49_55,6.1051,0,1,0,6.105129,0.0000,0.0000,0.0000,0.0000,0.0000,0.0000,3.430565,3.416849,3.423707,,,,,,0,0,0,0,0,0,0,0,0,0,0,0,0,0,0,0,0,0,0,0,0,0,0,0,0,0,0,0,0,0,0,0,0,0,0,0,0,0,0,0,0,0,0,0,0,0,0,0,0,0,0,
Participant,7_3,11_49_55,6.1083,0,1,0,6.108285,0.0000,0.0000,0.0000,0.0000,0.0000,0.0000,3.409461,3.391212,3.400337,,,,,,0,0,0,0,0,0,0,0,0,0,0,0,0,0,0,0,0,0,0,0,0,0,0,0,0,0,0,0,0,0,0,0,0,0,0,0,0,0,0,0,0,0,0,0,0,0,0,0,0,0,0,
Participant,7_3,11_49_55,6.1116,0,1,0,6.111585,0.0000,0.0000,0.0000,0.0000,0.0000,0.0000,3.420492,3.444373,3.432432,,,,,,0,0,0,0,0,0,0,0,0,0,0,0,0,0,0,0,0,0,0,0,0,0,0,0,0,0,0,0,0,0,0,0,0,0,0,0,0,0,0,0,0,0,0,0,0,0,0,0,0,0,0,
Participant,7_3,11_49_55,6.1154,0,1,0,6.115411,0.0000,0.0000,0.0000,0.0000,0.0000,0.0000,3.394643,3.407169,3.400906,,,,,,0,0,0,0,0,0,0,0,0,0,0,0,0,0,0,0,0,0,0,0,0,0,0,0,0,0,0,0,0,0,0,0,0,0,0,0,0,0,0,0,0,0,0,0,0,0,0,0,0,0,0,
Participant,7_3,11_49_55,6.1188,0,1,0,6.118767,0.0000,0.0000,0.0000,0.0000,0.0000,0.0000,3.443663,3.392033,3.417848,,,,,,0,0,0,0,0,0,0,0,0,0,0,0,0,0,0,0,0,0,0,0,0,0,0,0,0,0,0,0,0,0,0,0,0,0,0,0,0,0,0,0,0,0,0,0,0,0,0,0,0,0,0,
Participant,7_3,11_49_55,6.1221,0,1,0,6.122075,0.0000,0.0000,0.0000,0.0000,0.0000,0.0000,3.439143,3.434502,3.436822,,,,,,0,0,0,0,0,0,0,0,0,0,0,0,0,0,0,0,0,0,0,0,0,0,0,0,0,0,0,0,0,0,0,0,0,0,0,0,0,0,0,0,0,0,0,0,0,0,0,0,0,0,0,
Participant,7_3,11_49_55,6.1257,0,1,0,6.125724,0.0000,0.0000,0.0000,0.0000,0.0000,0.0000,3.427304,3.442384,3.434844,,,,,,0,0,0,0,0,0,0,0,0,0,0,0,0,0,0,0,0,0,0,0,0,0,0,0,0,0,0,0,0,0,0,0,0,0,0,0,0,0,0,0,0,0,0,0,0,0,0,0,0,0,0,
Participant,7_3,11_49_55,6.1292,0,1,0,6.129216,0.0000,0.0000,0.0000,0.0000,0.0000,0.0000,3.43022,3.453185,3.441702,,,,,,0,0,0,0,0,0,0,0,0,0,0,0,0,0,0,0,0,0,0,0,0,0,0,0,0,0,0,0,0,0,0,0,0,0,0,0,0,0,0,0,0,0,0,0,0,0,0,0,0,0,0,
Participant,7_3,11_49_55,6.1328,0,1,0,6.132839,0.0000,0.0000,0.0000,0.0000,0.0000,0.0000,3.432834,3.410744,3.421789,,,,,,0,0,0,0,0,0,0,0,0,0,0,0,0,0,0,0,0,0,0,0,0,0,0,0,0,0,0,0,0,0,0,0,0,0,0,0,0,0,0,0,0,0,0,0,0,0,0,0,0,0,0,
Participant,7_3,11_49_55,6.1361,0,1,0,6.136093,0.0000,0.0000,0.0000,0.0000,0.0000,0.0000,3.408036,3.450184,3.42911,,,,,,0,0,0,0,0,0,0,0,0,0,0,0,0,0,0,0,0,0,0,0,0,0,0,0,0,0,0,0,0,0,0,0,0,0,0,0,0,0,0,0,0,0,0,0,0,0,0,0,0,0,0,
Participant,7_3,11_49_55,6.1394,0,1,0,6.139354,0.0000,0.0000,0.0000,0.0000,0.0000,0.0000,3.45546,3.443969,3.449715,,,,,,0,0,0,0,0,0,0,0,0,0,0,0,0,0,0,0,0,0,0,0,0,0,0,0,0,0,0,0,0,0,0,0,0,0,0,0,0,0,0,0,0,0,0,0,0,0,0,0,0,0,0,
Participant,7_3,11_49_55,6.1426,0,1,0,6.142588,0.0000,0.0000,0.0000,0.0000,0.0000,0.0000,3.459887,3.460113,3.46,,,,,,0,0,0,0,0,0,0,0,0,0,0,0,0,0,0,0,0,0,0,0,0,0,0,0,0,0,0,0,0,0,0,0,0,0,0,0,0,0,0,0,0,0,0,0,0,0,0,0,0,0,0,
Participant,7_3,11_49_55,6.1460,0,1,0,6.14597,0.0000,0.0000,0.0000,0.0000,0.0000,0.0000,3.430454,3.442912,3.436683,,,,,,0,0,0,0,0,0,0,0,0,0,0,0,0,0,0,0,0,0,0,0,0,0,0,0,0,0,0,0,0,0,0,0,0,0,0,0,0,0,0,0,0,0,0,0,0,0,0,0,0,0,0,
Participant,7_3,11_49_55,6.1492,0,1,0,6.149183,0.0000,0.0000,0.0000,0.0000,0.0000,0.0000,3.44393,3.460629,3.45228,,,,,,0,0,0,0,0,0,0,0,0,0,0,0,0,0,0,0,0,0,0,0,0,0,0,0,0,0,0,0,0,0,0,0,0,0,0,0,0,0,0,0,0,0,0,0,0,0,0,0,0,0,0,
Participant,7_3,11_49_55,6.1524,0,1,0,6.152441,0.0000,0.0000,0.0000,0.0000,0.0000,0.0000,3.461828,3.451839,3.456834,,,,,,0,0,0,0,0,0,0,0,0,0,0,0,0,0,0,0,0,0,0,0,0,0,0,0,0,0,0,0,0,0,0,0,0,0,0,0,0,0,0,0,0,0,0,0,0,0,0,0,0,0,0,
Participant,7_3,11_49_55,6.1558,0,1,0,6.155802,0.0000,0.0000,0.0000,0.0000,0.0000,0.0000,3.457907,3.434533,3.44622,,,,,,0,0,0,0,0,0,0,0,0,0,0,0,0,0,0,0,0,0,0,0,0,0,0,0,0,0,0,0,0,0,0,0,0,0,0,0,0,0,0,0,0,0,0,0,0,0,0,0,0,0,0,
Participant,7_3,11_49_55,6.1590,0,1,0,6.15896,0.0000,0.0000,0.0000,0.0000,0.0000,0.0000,3.456776,3.453447,3.455112,,,,,,0,0,0,0,0,0,0,0,0,0,0,0,0,0,0,0,0,0,0,0,0,0,0,0,0,0,0,0,0,0,0,0,0,0,0,0,0,0,0,0,0,0,0,0,0,0,0,0,0,0,0,
Participant,7_3,11_49_55,6.1621,0,1,0,6.162124,0.0000,0.0000,0.0000,0.0000,0.0000,0.0000,3.451006,3.455699,3.453352,,,,,,0,0,0,0,0,0,0,0,0,0,0,0,0,0,0,0,0,0,0,0,0,0,0,0,0,0,0,0,0,0,0,0,0,0,0,0,0,0,0,0,0,0,0,0,0,0,0,0,0,0,0,
Participant,7_3,11_49_55,6.1658,0,1,0,6.165769,0.0000,0.0000,0.0000,0.0000,0.0000,0.0000,3.445491,3.417314,3.431403,,,,,,0,0,0,0,0,0,0,0,0,0,0,0,0,0,0,0,0,0,0,0,0,0,0,0,0,0,0,0,0,0,0,0,0,0,0,0,0,0,0,0,0,0,0,0,0,0,0,0,0,0,0,
Participant,7_3,11_49_55,6.1689,0,1,0,6.168946,0.0000,0.0000,0.0000,0.0000,0.0000,0.0000,3.468649,3.444367,3.456508,,,,,,0,0,0,0,0,0,0,0,0,0,0,0,0,0,0,0,0,0,0,0,0,0,0,0,0,0,0,0,0,0,0,0,0,0,0,0,0,0,0,0,0,0,0,0,0,0,0,0,0,0,0,
Participant,7_3,11_49_55,6.1722,0,1,0,6.1722,0.0000,0.0000,0.0000,0.0000,0.0000,0.0000,3.450982,3.439511,3.445247,,,,,,0,0,0,0,0,0,0,0,0,0,0,0,0,0,0,0,0,0,0,0,0,0,0,0,0,0,0,0,0,0,0,0,0,0,0,0,0,0,0,0,0,0,0,0,0,0,0,0,0,0,0,
Participant,7_3,11_49_55,6.1756,0,1,0,6.17559,0.0000,0.0000,0.0000,0.0000,0.0000,0.0000,3.469849,3.441063,3.455456,,,,,,0,0,0,0,0,0,0,0,0,0,0,0,0,0,0,0,0,0,0,0,0,0,0,0,0,0,0,0,0,0,0,0,0,0,0,0,0,0,0,0,0,0,0,0,0,0,0,0,0,0,0,
Participant,7_3,11_49_55,6.1788,0,1,0,6.178757,0.0000,0.0000,0.0000,0.0000,0.0000,0.0000,3.466659,3.436694,3.451677,,,,,,0,0,0,0,0,0,0,0,0,0,0,0,0,0,0,0,0,0,0,0,0,0,0,0,0,0,0,0,0,0,0,0,0,0,0,0,0,0,0,0,0,0,0,0,0,0,0,0,0,0,0,
Participant,7_3,11_49_55,6.1819,0,1,0,6.181878,0.0000,0.0000,0.0000,0.0000,0.0000,0.0000,3.468528,3.469198,3.468863,,,,,,0,0,0,0,0,0,0,0,0,0,0,0,0,0,0,0,0,0,0,0,0,0,0,0,0,0,0,0,0,0,0,0,0,0,0,0,0,0,0,0,0,0,0,0,0,0,0,0,0,0,0,
Participant,7_3,11_49_55,6.1854,0,1,0,6.185421,0.0000,0.0000,0.0000,0.0000,0.0000,0.0000,3.435833,3.449873,3.442853,,,,,,0,0,0,0,0,0,0,0,0,0,0,0,0,0,0,0,0,0,0,0,0,0,0,0,0,0,0,0,0,0,0,0,0,0,0,0,0,0,0,0,0,0,0,0,0,0,0,0,0,0,0,
Participant,7_3,11_49_55,6.1889,0,1,0,6.188857,0.0000,0.0000,0.0000,0.0000,0.0000,0.0000,3.438949,3.445466,3.442208,,,,,,0,0,0,0,0,0,0,0,0,0,0,0,0,0,0,0,0,0,0,0,0,0,0,0,0,0,0,0,0,0,0,0,0,0,0,0,0,0,0,0,0,0,0,0,0,0,0,0,0,0,0,
Participant,7_3,11_49_55,6.1921,0,1,0,6.19207,0.0000,0.0000,0.0000,0.0000,0.0000,0.0000,3.475009,3.428411,3.45171,,,,,,0,0,0,0,0,0,0,0,0,0,0,0,0,0,0,0,0,0,0,0,0,0,0,0,0,0,0,0,0,0,0,0,0,0,0,0,0,0,0,0,0,0,0,0,0,0,0,0,0,0,0,
Participant,7_3,11_49_55,6.1953,0,1,0,6.195289,0.0000,0.0000,0.0000,0.0000,0.0000,0.0000,3.464956,3.449296,3.457126,,,,,,0,0,0,0,0,0,0,0,0,0,0,0,0,0,0,0,0,0,0,0,0,0,0,0,0,0,0,0,0,0,0,0,0,0,0,0,0,0,0,0,0,0,0,0,0,0,0,0,0,0,0,
Participant,7_3,11_49_55,6.1988,0,1,0,6.198802,0.0000,0.0000,0.0000,0.0000,0.0000,0.0000,3.487249,3.458593,3.472921,,,,,,0,0,0,0,0,0,0,0,0,0,0,0,0,0,0,0,0,0,0,0,0,0,0,0,0,0,0,0,0,0,0,0,0,0,0,0,0,0,0,0,0,0,0,0,0,0,0,0,0,0,0,
Participant,7_3,11_49_55,6.2021,0,1,0,6.202101,0.0000,0.0000,0.0000,0.0000,0.0000,0.0000,3.456355,3.461508,3.458931,,,,,,0,0,0,0,0,0,0,0,0,0,0,0,0,0,0,0,0,0,0,0,0,0,0,0,0,0,0,0,0,0,0,0,0,0,0,0,0,0,0,0,0,0,0,0,0,0,0,0,0,0,0,
Participant,7_3,11_49_55,6.2059,0,1,0,6.205872,0.0000,0.0000,0.0000,0.0000,0.0000,0.0000,3.468479,3.447249,3.457864,,,,,,0,0,0,0,0,0,0,0,0,0,0,0,0,0,0,0,0,0,0,0,0,0,0,0,0,0,0,0,0,0,0,0,0,0,0,0,0,0,0,0,0,0,0,0,0,0,0,0,0,0,0,
Participant,7_3,11_49_55,6.2091,0,1,0,6.209083,0.0000,0.0000,0.0000,0.0000,0.0000,0.0000,3.460184,3.483474,3.471829,,,,,,0,0,0,0,0,0,0,0,0,0,0,0,0,0,0,0,0,0,0,0,0,0,0,0,0,0,0,0,0,0,0,0,0,0,0,0,0,0,0,0,0,0,0,0,0,0,0,0,0,0,0,
Participant,7_3,11_49_55,6.2124,0,1,0,6.212382,0.0000,0.0000,0.0000,0.0000,0.0000,0.0000,3.490353,3.476423,3.483388,,,,,,0,0,0,0,0,0,0,0,0,0,0,0,0,0,0,0,0,0,0,0,0,0,0,0,0,0,0,0,0,0,0,0,0,0,0,0,0,0,0,0,0,0,0,0,0,0,0,0,0,0,0,
Participant,7_3,11_49_55,6.2159,0,1,0,6.215902,0.0000,0.0000,0.0000,0.0000,0.0000,0.0000,3.479245,3.440178,3.459712,,,,,,0,0,0,0,0,0,0,0,0,0,0,0,0,0,0,0,0,0,0,0,0,0,0,0,0,0,0,0,0,0,0,0,0,0,0,0,0,0,0,0,0,0,0,0,0,0,0,0,0,0,0,
Participant,7_3,11_49_55,6.2191,0,1,0,6.219061,0.0000,0.0000,0.0000,0.0000,0.0000,0.0000,3.455866,3.474334,3.4651,,,,,,0,0,0,0,0,0,0,0,0,0,0,0,0,0,0,0,0,0,0,0,0,0,0,0,0,0,0,0,0,0,0,0,0,0,0,0,0,0,0,0,0,0,0,0,0,0,0,0,0,0,0,
Participant,7_3,11_49_55,6.2224,0,1,0,6.222353,0.0000,0.0000,0.0000,0.0000,0.0000,0.0000,3.499527,3.497945,3.498736,,,,,,0,0,0,0,0,0,0,0,0,0,0,0,0,0,0,0,0,0,0,0,0,0,0,0,0,0,0,0,0,0,0,0,0,0,0,0,0,0,0,0,0,0,0,0,0,0,0,0,0,0,0,
Participant,7_3,11_49_55,6.2260,0,1,0,6.22597,0.0000,0.0000,0.0000,0.0000,0.0000,0.0000,3.448928,3.49046,3.469694,,,,,,0,0,0,0,0,0,0,0,0,0,0,0,0,0,0,0,0,0,0,0,0,0,0,0,0,0,0,0,0,0,0,0,0,0,0,0,0,0,0,0,0,0,0,0,0,0,0,0,0,0,0,
Participant,7_3,11_49_55,6.2294,0,1,0,6.229398,0.0000,0.0000,0.0000,0.0000,0.0000,0.0000,3.45129,3.44603,3.44866,,,,,,0,0,0,0,0,0,0,0,0,0,0,0,0,0,0,0,0,0,0,0,0,0,0,0,0,0,0,0,0,0,0,0,0,0,0,0,0,0,0,0,0,0,0,0,0,0,0,0,0,0,0,
Participant,7_3,11_49_55,6.2331,0,1,0,6.233115,0.0000,0.0000,0.0000,0.0000,0.0000,0.0000,3.457102,3.447141,3.452121,,,,,,0,0,0,0,0,0,0,0,0,0,0,0,0,0,0,0,0,0,0,0,0,0,0,0,0,0,0,0,0,0,0,0,0,0,0,0,0,0,0,0,0,0,0,0,0,0,0,0,0,0,0,
Participant,7_3,11_49_55,6.2365,0,1,0,6.236494,0.0000,0.0000,0.0000,0.0000,0.0000,0.0000,3.502318,3.480138,3.491228,,,,,,0,0,0,0,0,0,0,0,0,0,0,0,0,0,0,0,0,0,0,0,0,0,0,0,0,0,0,0,0,0,0,0,0,0,0,0,0,0,0,0,0,0,0,0,0,0,0,0,0,0,0,
Participant,7_3,11_49_55,6.2397,0,1,0,6.239708,0.0000,0.0000,0.0000,0.0000,0.0000,0.0000,3.495636,3.460242,3.477939,,,,,,0,0,0,0,0,0,0,0,0,0,0,0,0,0,0,0,0,0,0,0,0,0,0,0,0,0,0,0,0,0,0,0,0,0,0,0,0,0,0,0,0,0,0,0,0,0,0,0,0,0,0,
Participant,7_3,11_49_55,6.2431,0,1,0,6.2431,0.0000,0.0000,0.0000,0.0000,0.0000,0.0000,3.465263,3.465741,3.465502,,,,,,0,0,0,0,0,0,0,0,0,0,0,0,0,0,0,0,0,0,0,0,0,0,0,0,0,0,0,0,0,0,0,0,0,0,0,0,0,0,0,0,0,0,0,0,0,0,0,0,0,0,0,
Participant,7_3,11_49_55,6.2466,0,1,0,6.246582,0.0000,0.0000,0.0000,0.0000,0.0000,0.0000,3.459728,3.466995,3.463361,,,,,,0,0,0,0,0,0,0,0,0,0,0,0,0,0,0,0,0,0,0,0,0,0,0,0,0,0,0,0,0,0,0,0,0,0,0,0,0,0,0,0,0,0,0,0,0,0,0,0,0,0,0,
Participant,7_3,11_49_55,6.2498,0,1,0,6.249794,0.0000,0.0000,0.0000,0.0000,0.0000,0.0000,3.466339,3.502349,3.484344,,,,,,0,0,0,0,0,0,0,0,0,0,0,0,0,0,0,0,0,0,0,0,0,0,0,0,0,0,0,0,0,0,0,0,0,0,0,0,0,0,0,0,0,0,0,0,0,0,0,0,0,0,0,
Participant,7_3,11_49_55,6.2605,0,1,0,6.260509,0.0000,0.0000,0.0000,0.0000,0.0000,0.0000,3.484606,3.51356,3.499083,,,,,,0,0,0,0,0,0,0,0,0,0,0,0,0,0,0,0,0,0,0,0,0,0,0,0,0,0,0,0,0,0,0,0,0,0,0,0,0,0,0,0,0,0,0,0,0,0,0,0,0,0,0,
Participant,7_3,11_49_55,6.2640,0,1,0,6.263983,0.0000,0.0000,0.0000,0.0000,0.0000,0.0000,3.5057,3.47676,3.49123,,,,,,0,0,0,0,0,0,0,0,0,0,0,0,0,0,0,0,0,0,0,0,0,0,0,0,0,0,0,0,0,0,0,0,0,0,0,0,0,0,0,0,0,0,0,0,0,0,0,0,0,0,0,
Participant,7_3,11_49_55,6.2677,0,1,0,6.267729,0.0000,0.0000,0.0000,0.0000,0.0000,0.0000,3.482461,3.487336,3.484898,,,,,,0,0,0,0,0,0,0,0,0,0,0,0,0,0,0,0,0,0,0,0,0,0,0,0,0,0,0,0,0,0,0,0,0,0,0,0,0,0,0,0,0,0,0,0,0,0,0,0,0,0,0,
Participant,7_3,11_49_55,6.2712,0,1,0,6.271172,0.0000,0.0000,0.0000,0.0000,0.0000,0.0000,3.509861,3.489039,3.49945,,,,,,0,0,0,0,0,0,0,0,0,0,0,0,0,0,0,0,0,0,0,0,0,0,0,0,0,0,0,0,0,0,0,0,0,0,0,0,0,0,0,0,0,0,0,0,0,0,0,0,0,0,0,
Participant,7_3,11_49_55,6.2743,0,1,0,6.274331,0.0000,0.0000,0.0000,0.0000,0.0000,0.0000,3.476613,3.509714,3.493164,,,,,,0,0,0,0,0,0,0,0,0,0,0,0,0,0,0,0,0,0,0,0,0,0,0,0,0,0,0,0,0,0,0,0,0,0,0,0,0,0,0,0,0,0,0,0,0,0,0,0,0,0,0,
Participant,7_3,11_49_55,6.2775,0,1,0,6.277547,0.0000,0.0000,0.0000,0.0000,0.0000,0.0000,3.49504,3.502733,3.498887,,,,,,0,0,0,0,0,0,0,0,0,0,0,0,0,0,0,0,0,0,0,0,0,0,0,0,0,0,0,0,0,0,0,0,0,0,0,0,0,0,0,0,0,0,0,0,0,0,0,0,0,0,0,
Participant,7_3,11_49_55,6.2812,0,1,0,6.281235,0.0000,0.0000,0.0000,0.0000,0.0000,0.0000,3.472871,3.497507,3.485189,,,,,,0,0,0,0,0,0,0,0,0,0,0,0,0,0,0,0,0,0,0,0,0,0,0,0,0,0,0,0,0,0,0,0,0,0,0,0,0,0,0,0,0,0,0,0,0,0,0,0,0,0,0,
Participant,7_3,11_49_55,6.2846,0,1,0,6.284605,0.0000,0.0000,0.0000,0.0000,0.0000,0.0000,3.486951,3.510365,3.498658,,,,,,0,0,0,0,0,0,0,0,0,0,0,0,0,0,0,0,0,0,0,0,0,0,0,0,0,0,0,0,0,0,0,0,0,0,0,0,0,0,0,0,0,0,0,0,0,0,0,0,0,0,0,
Participant,7_3,11_49_55,6.2878,0,1,0,6.287753,0.0000,0.0000,0.0000,0.0000,0.0000,0.0000,3.490788,3.506865,3.498826,,,,,,0,0,0,0,0,0,0,0,0,0,0,0,0,0,0,0,0,0,0,0,0,0,0,0,0,0,0,0,0,0,0,0,0,0,0,0,0,0,0,0,0,0,0,0,0,0,0,0,0,0,0,
Participant,7_3,11_49_55,6.2909,0,1,0,6.290906,0.0000,0.0000,0.0000,0.0000,0.0000,0.0000,3.497466,3.476951,3.487208,,,,,,0,0,0,0,0,0,0,0,0,0,0,0,0,0,0,0,0,0,0,0,0,0,0,0,0,0,0,0,0,0,0,0,0,0,0,0,0,0,0,0,0,0,0,0,0,0,0,0,0,0,0,
Participant,7_3,11_49_55,6.2941,0,1,0,6.294137,0.0000,0.0000,0.0000,0.0000,0.0000,0.0000,3.481323,3.498979,3.490151,,,,,,0,0,0,0,0,0,0,0,0,0,0,0,0,0,0,0,0,0,0,0,0,0,0,0,0,0,0,0,0,0,0,0,0,0,0,0,0,0,0,0,0,0,0,0,0,0,0,0,0,0,0,
Participant,7_3,11_49_55,6.2973,0,1,0,6.29734,0.0000,0.0000,0.0000,0.0000,0.0000,0.0000,3.500317,3.524059,3.512188,,,,,,0,0,0,0,0,0,0,0,0,0,0,0,0,0,0,0,0,0,0,0,0,0,0,0,0,0,0,0,0,0,0,0,0,0,0,0,0,0,0,0,0,0,0,0,0,0,0,0,0,0,0,
Participant,7_3,11_49_55,6.3005,0,1,0,6.300513,0.0000,0.0000,0.0000,0.0000,0.0000,0.0000,3.535073,3.49262,3.513846,,,,,,0,0,0,0,0,0,0,0,0,0,0,0,0,0,0,0,0,0,0,0,0,0,0,0,0,0,0,0,0,0,0,0,0,0,0,0,0,0,0,0,0,0,0,0,0,0,0,0,0,0,0,
Participant,7_3,11_49_55,6.3040,0,1,0,6.30395,0.0000,0.0000,0.0000,0.0000,0.0000,0.0000,3.487526,3.536961,3.512244,,,,,,0,0,0,0,0,0,0,0,0,0,0,0,0,0,0,0,0,0,0,0,0,0,0,0,0,0,0,0,0,0,0,0,0,0,0,0,0,0,0,0,0,0,0,0,0,0,0,0,0,0,0,
Participant,7_3,11_49_55,6.3072,0,1,0,6.30719,0.0000,0.0000,0.0000,0.0000,0.0000,0.0000,3.515274,3.518469,3.516871,,,,,,0,0,0,0,0,0,0,0,0,0,0,0,0,0,0,0,0,0,0,0,0,0,0,0,0,0,0,0,0,0,0,0,0,0,0,0,0,0,0,0,0,0,0,0,0,0,0,0,0,0,0,
Participant,7_3,11_49_55,6.3106,0,1,0,6.310607,0.0000,0.0000,0.0000,0.0000,0.0000,0.0000,3.48928,3.492414,3.490847,,,,,,0,0,0,0,0,0,0,0,0,0,0,0,0,0,0,0,0,0,0,0,0,0,0,0,0,0,0,0,0,0,0,0,0,0,0,0,0,0,0,0,0,0,0,0,0,0,0,0,0,0,0,
Participant,7_3,11_49_55,6.3141,0,1,0,6.314111,0.0000,0.0000,0.0000,0.0000,0.0000,0.0000,3.53865,3.536048,3.537349,,,,,,0,0,0,0,0,0,0,0,0,0,0,0,0,0,0,0,0,0,0,0,0,0,0,0,0,0,0,0,0,0,0,0,0,0,0,0,0,0,0,0,0,0,0,0,0,0,0,0,0,0,0,
Participant,7_3,11_49_55,6.3173,0,1,0,6.317303,0.0000,0.0000,0.0000,0.0000,0.0000,0.0000,3.540561,3.545913,3.543237,,,,,,0,0,0,0,0,0,0,0,0,0,0,0,0,0,0,0,0,0,0,0,0,0,0,0,0,0,0,0,0,0,0,0,0,0,0,0,0,0,0,0,0,0,0,0,0,0,0,0,0,0,0,
Participant,7_3,11_49_55,6.3205,0,1,0,6.32051,0.0000,0.0000,0.0000,0.0000,0.0000,0.0000,3.494429,3.497346,3.495888,,,,,,0,0,0,0,0,0,0,0,0,0,0,0,0,0,0,0,0,0,0,0,0,0,0,0,0,0,0,0,0,0,0,0,0,0,0,0,0,0,0,0,0,0,0,0,0,0,0,0,0,0,0,
Participant,7_3,11_49_55,6.3239,0,1,0,6.323889,0.0000,0.0000,0.0000,0.0000,0.0000,0.0000,3.524218,3.505752,3.514985,,,,,,0,0,0,0,0,0,0,0,0,0,0,0,0,0,0,0,0,0,0,0,0,0,0,0,0,0,0,0,0,0,0,0,0,0,0,0,0,0,0,0,0,0,0,0,0,0,0,0,0,0,0,
Participant,7_3,11_49_55,6.3271,0,1,0,6.327106,0.0000,0.0000,0.0000,0.0000,0.0000,0.0000,3.526467,3.548143,3.537305,,,,,,0,0,0,0,0,0,0,0,0,0,0,0,0,0,0,0,0,0,0,0,0,0,0,0,0,0,0,0,0,0,0,0,0,0,0,0,0,0,0,0,0,0,0,0,0,0,0,0,0,0,0,
Participant,7_3,11_49_55,6.3303,0,1,0,6.330328,0.0000,0.0000,0.0000,0.0000,0.0000,0.0000,3.539976,3.49969,3.519833,,,,,,0,0,0,0,0,0,0,0,0,0,0,0,0,0,0,0,0,0,0,0,0,0,0,0,0,0,0,0,0,0,0,0,0,0,0,0,0,0,0,0,0,0,0,0,0,0,0,0,0,0,0,
Participant,7_3,11_49_55,6.3342,0,1,0,6.334156,0.0000,0.0000,0.0000,0.0000,0.0000,0.0000,3.527066,3.538589,3.532827,,,,,,0,0,0,0,0,0,0,0,0,0,0,0,0,0,0,0,0,0,0,0,0,0,0,0,0,0,0,0,0,0,0,0,0,0,0,0,0,0,0,0,0,0,0,0,0,0,0,0,0,0,0,
Participant,7_3,11_49_55,6.3376,0,1,0,6.33759,0.0000,0.0000,0.0000,0.0000,0.0000,0.0000,3.520415,3.516462,3.518438,,,,,,0,0,0,0,0,0,0,0,0,0,0,0,0,0,0,0,0,0,0,0,0,0,0,0,0,0,0,0,0,0,0,0,0,0,0,0,0,0,0,0,0,0,0,0,0,0,0,0,0,0,0,
Participant,7_3,11_49_55,6.3409,0,1,0,6.340866,0.0000,0.0000,0.0000,0.0000,0.0000,0.0000,3.539119,3.518841,3.52898,,,,,,0,0,0,0,0,0,0,0,0,0,0,0,0,0,0,0,0,0,0,0,0,0,0,0,0,0,0,0,0,0,0,0,0,0,0,0,0,0,0,0,0,0,0,0,0,0,0,0,0,0,0,
Participant,7_3,11_49_55,6.3444,0,1,0,6.344386,0.0000,0.0000,0.0000,0.0000,0.0000,0.0000,3.52776,3.550652,3.539206,,,,,,0,0,0,0,0,0,0,0,0,0,0,0,0,0,0,0,0,0,0,0,0,0,0,0,0,0,0,0,0,0,0,0,0,0,0,0,0,0,0,0,0,0,0,0,0,0,0,0,0,0,0,
Participant,7_3,11_49_55,6.3478,0,1,0,6.347765,0.0000,0.0000,0.0000,0.0000,0.0000,0.0000,3.519921,3.544535,3.532228,,,,,,0,0,0,0,0,0,0,0,0,0,0,0,0,0,0,0,0,0,0,0,0,0,0,0,0,0,0,0,0,0,0,0,0,0,0,0,0,0,0,0,0,0,0,0,0,0,0,0,0,0,0,
Participant,7_3,11_49_55,6.3548,0,1,0,6.354786,0.0000,0.0000,0.0000,0.0000,0.0000,0.0000,3.53238,3.53523,3.533805,,,,,,0,0,0,0,0,0,0,0,0,0,0,0,0,0,0,0,0,0,0,0,0,0,0,0,0,0,0,0,0,0,0,0,0,0,0,0,0,0,0,0,0,0,0,0,0,0,0,0,0,0,0,
Participant,7_3,11_49_55,6.3580,0,1,0,6.357966,0.0000,0.0000,0.0000,0.0000,0.0000,0.0000,3.565291,3.55682,3.561056,,,,,,0,0,0,0,0,0,0,0,0,0,0,0,0,0,0,0,0,0,0,0,0,0,0,0,0,0,0,0,0,0,0,0,0,0,0,0,0,0,0,0,0,0,0,0,0,0,0,0,0,0,0,
Participant,7_3,11_49_55,6.3612,0,1,0,6.361158,0.0000,0.0000,0.0000,0.0000,0.0000,0.0000,3.534614,3.548225,3.541419,,,,,,0,0,0,0,0,0,0,0,0,0,0,0,0,0,0,0,0,0,0,0,0,0,0,0,0,0,0,0,0,0,0,0,0,0,0,0,0,0,0,0,0,0,0,0,0,0,0,0,0,0,0,
Participant,7_3,11_49_55,6.3651,0,1,0,6.365137,0.0000,0.0000,0.0000,0.0000,0.0000,0.0000,3.516522,3.557977,3.53725,,,,,,0,0,0,0,0,0,0,0,0,0,0,0,0,0,0,0,0,0,0,0,0,0,0,0,0,0,0,0,0,0,0,0,0,0,0,0,0,0,0,0,0,0,0,0,0,0,0,0,0,0,0,
Participant,7_3,11_49_55,6.3686,0,1,0,6.368602,0.0000,0.0000,0.0000,0.0000,0.0000,0.0000,3.521779,3.550094,3.535936,,,,,,0,0,0,0,0,0,0,0,0,0,0,0,0,0,0,0,0,0,0,0,0,0,0,0,0,0,0,0,0,0,0,0,0,0,0,0,0,0,0,0,0,0,0,0,0,0,0,0,0,0,0,
Participant,7_3,11_49_55,6.3720,0,1,0,6.372021,0.0000,0.0000,0.0000,0.0000,0.0000,0.0000,3.540336,3.519663,3.53,,,,,,0,0,0,0,0,0,0,0,0,0,0,0,0,0,0,0,0,0,0,0,0,0,0,0,0,0,0,0,0,0,0,0,0,0,0,0,0,0,0,0,0,0,0,0,0,0,0,0,0,0,0,
Participant,7_3,11_49_55,6.3754,0,1,0,6.375418,0.0000,0.0000,0.0000,0.0000,0.0000,0.0000,3.540967,3.558782,3.549874,,,,,,0,0,0,0,0,0,0,0,0,0,0,0,0,0,0,0,0,0,0,0,0,0,0,0,0,0,0,0,0,0,0,0,0,0,0,0,0,0,0,0,0,0,0,0,0,0,0,0,0,0,0,
Participant,7_3,11_49_55,6.3788,0,1,0,6.378769,0.0000,0.0000,0.0000,0.0000,0.0000,0.0000,3.522961,3.544235,3.533598,,,,,,0,0,0,0,0,0,0,0,0,0,0,0,0,0,0,0,0,0,0,0,0,0,0,0,0,0,0,0,0,0,0,0,0,0,0,0,0,0,0,0,0,0,0,0,0,0,0,0,0,0,0,
Participant,7_3,11_49_55,6.3823,0,1,0,6.382311,0.0000,0.0000,0.0000,0.0000,0.0000,0.0000,3.557106,3.520666,3.538886,,,,,,0,0,0,0,0,0,0,0,0,0,0,0,0,0,0,0,0,0,0,0,0,0,0,0,0,0,0,0,0,0,0,0,0,0,0,0,0,0,0,0,0,0,0,0,0,0,0,0,0,0,0,
Participant,7_3,11_49_55,6.3858,0,1,0,6.385786,0.0000,0.0000,0.0000,0.0000,0.0000,0.0000,3.523734,3.528362,3.526048,,,,,,0,0,0,0,0,0,0,0,0,0,0,0,0,0,0,0,0,0,0,0,0,0,0,0,0,0,0,0,0,0,0,0,0,0,0,0,0,0,0,0,0,0,0,0,0,0,0,0,0,0,0,
Participant,7_3,11_49_55,6.3890,0,1,0,6.388977,0.0000,0.0000,0.0000,0.0000,0.0000,0.0000,3.572655,3.557052,3.564853,,,,,,0,0,0,0,0,0,0,0,0,0,0,0,0,0,0,0,0,0,0,0,0,0,0,0,0,0,0,0,0,0,0,0,0,0,0,0,0,0,0,0,0,0,0,0,0,0,0,0,0,0,0,
Participant,7_3,11_49_55,6.3921,0,1,0,6.39213,0.0000,0.0000,0.0000,0.0000,0.0000,0.0000,3.529084,3.574974,3.552029,,,,,,0,0,0,0,0,0,0,0,0,0,0,0,0,0,0,0,0,0,0,0,0,0,0,0,0,0,0,0,0,0,0,0,0,0,0,0,0,0,0,0,0,0,0,0,0,0,0,0,0,0,0,
Participant,7_3,11_49_55,6.3954,0,1,0,6.395365,0.0000,0.0000,0.0000,0.0000,0.0000,0.0000,3.571578,3.582272,3.576925,,,,,,0,0,0,0,0,0,0,0,0,0,0,0,0,0,0,0,0,0,0,0,0,0,0,0,0,0,0,0,0,0,0,0,0,0,0,0,0,0,0,0,0,0,0,0,0,0,0,0,0,0,0,
Participant,7_3,11_49_55,6.3988,0,1,0,6.398769,0.0000,0.0000,0.0000,0.0000,0.0000,0.0000,3.584212,3.567454,3.575833,,,,,,0,0,0,0,0,0,0,0,0,0,0,0,0,0,0,0,0,0,0,0,0,0,0,0,0,0,0,0,0,0,0,0,0,0,0,0,0,0,0,0,0,0,0,0,0,0,0,0,0,0,0,
Participant,7_3,11_49_55,6.4020,0,1,0,6.401969,0.0000,0.0000,0.0000,0.0000,0.0000,0.0000,3.588021,3.574118,3.581069,,,,,,0,0,0,0,0,0,0,0,0,0,0,0,0,0,0,0,0,0,0,0,0,0,0,0,0,0,0,0,0,0,0,0,0,0,0,0,0,0,0,0,0,0,0,0,0,0,0,0,0,0,0,
Participant,7_3,11_49_55,6.4055,0,1,0,6.405533,0.0000,0.0000,0.0000,0.0000,0.0000,0.0000,3.53149,3.570982,3.551236,,,,,,0,0,0,0,0,0,0,0,0,0,0,0,0,0,0,0,0,0,0,0,0,0,0,0,0,0,0,0,0,0,0,0,0,0,0,0,0,0,0,0,0,0,0,0,0,0,0,0,0,0,0,
Participant,7_3,11_49_55,6.4087,0,1,0,6.408748,0.0000,0.0000,0.0000,0.0000,0.0000,0.0000,3.574739,3.567894,3.571316,,,,,,0,0,0,0,0,0,0,0,0,0,0,0,0,0,0,0,0,0,0,0,0,0,0,0,0,0,0,0,0,0,0,0,0,0,0,0,0,0,0,0,0,0,0,0,0,0,0,0,0,0,0,
Participant,7_3,11_49_55,6.4120,0,1,0,6.412014,0.0000,0.0000,0.0000,0.0000,0.0000,0.0000,3.547344,3.534567,3.540956,,,,,,0,0,0,0,0,0,0,0,0,0,0,0,0,0,0,0,0,0,0,0,0,0,0,0,0,0,0,0,0,0,0,0,0,0,0,0,0,0,0,0,0,0,0,0,0,0,0,0,0,0,0,
Participant,7_3,11_49_55,6.4158,0,1,0,6.415847,0.0000,0.0000,0.0000,0.0000,0.0000,0.0000,3.546112,3.559781,3.552947,,,,,,0,0,0,0,0,0,0,0,0,0,0,0,0,0,0,0,0,0,0,0,0,0,0,0,0,0,0,0,0,0,0,0,0,0,0,0,0,0,0,0,0,0,0,0,0,0,0,0,0,0,0,
Participant,7_3,11_49_55,6.4193,0,1,0,6.41925,0.0000,0.0000,0.0000,0.0000,0.0000,0.0000,3.583368,3.562766,3.573067,,,,,,0,0,0,0,0,0,0,0,0,0,0,0,0,0,0,0,0,0,0,0,0,0,0,0,0,0,0,0,0,0,0,0,0,0,0,0,0,0,0,0,0,0,0,0,0,0,0,0,0,0,0,
Participant,7_3,11_49_55,6.4224,0,1,0,6.422422,0.0000,0.0000,0.0000,0.0000,0.0000,0.0000,3.582163,3.593018,3.58759,,,,,,0,0,0,0,0,0,0,0,0,0,0,0,0,0,0,0,0,0,0,0,0,0,0,0,0,0,0,0,0,0,0,0,0,0,0,0,0,0,0,0,0,0,0,0,0,0,0,0,0,0,0,
Participant,7_3,11_49_55,6.4258,0,1,0,6.42578,0.0000,0.0000,0.0000,0.0000,0.0000,0.0000,3.547226,3.595552,3.571389,,,,,,0,0,0,0,0,0,0,0,0,0,0,0,0,0,0,0,0,0,0,0,0,0,0,0,0,0,0,0,0,0,0,0,0,0,0,0,0,0,0,0,0,0,0,0,0,0,0,0,0,0,0,
Participant,7_3,11_49_55,6.4290,0,1,0,6.428975,0.0000,0.0000,0.0000,0.0000,0.0000,0.0000,3.589342,3.547893,3.568618,,,,,,0,0,0,0,0,0,0,0,0,0,0,0,0,0,0,0,0,0,0,0,0,0,0,0,0,0,0,0,0,0,0,0,0,0,0,0,0,0,0,0,0,0,0,0,0,0,0,0,0,0,0,
Participant,7_3,11_49_55,6.4327,0,1,0,6.432746,0.0000,0.0000,0.0000,0.0000,0.0000,0.0000,3.564099,3.600514,3.582306,,,,,,0,0,0,0,0,0,0,0,0,0,0,0,0,0,0,0,0,0,0,0,0,0,0,0,0,0,0,0,0,0,0,0,0,0,0,0,0,0,0,0,0,0,0,0,0,0,0,0,0,0,0,
Participant,7_3,11_49_55,6.4360,0,1,0,6.436032,0.0000,0.0000,0.0000,0.0000,0.0000,0.0000,3.569411,3.601638,3.585525,,,,,,0,0,0,0,0,0,0,0,0,0,0,0,0,0,0,0,0,0,0,0,0,0,0,0,0,0,0,0,0,0,0,0,0,0,0,0,0,0,0,0,0,0,0,0,0,0,0,0,0,0,0,
Participant,7_3,11_49_55,6.4395,0,1,0,6.439458,0.0000,0.0000,0.0000,0.0000,0.0000,0.0000,3.59543,3.606866,3.601148,,,,,,0,0,0,0,0,0,0,0,0,0,0,0,0,0,0,0,0,0,0,0,0,0,0,0,0,0,0,0,0,0,0,0,0,0,0,0,0,0,0,0,0,0,0,0,0,0,0,0,0,0,0,
Participant,7_3,11_49_55,6.4429,0,1,0,6.442862,0.0000,0.0000,0.0000,0.0000,0.0000,0.0000,3.577836,3.601994,3.589915,,,,,,0,0,0,0,0,0,0,0,0,0,0,0,0,0,0,0,0,0,0,0,0,0,0,0,0,0,0,0,0,0,0,0,0,0,0,0,0,0,0,0,0,0,0,0,0,0,0,0,0,0,0,
Participant,7_3,11_49_55,6.4464,0,1,0,6.4464,0.0000,0.0000,0.0000,0.0000,0.0000,0.0000,3.609489,3.576693,3.593091,,,,,,0,0,0,0,0,0,0,0,0,0,0,0,0,0,0,0,0,0,0,0,0,0,0,0,0,0,0,0,0,0,0,0,0,0,0,0,0,0,0,0,0,0,0,0,0,0,0,0,0,0,0,
Participant,7_3,11_49_55,6.4502,0,1,0,6.450207,0.0000,0.0000,0.0000,0.0000,0.0000,0.0000,3.611312,3.596161,3.603737,,,,,,0,0,0,0,0,0,0,0,0,0,0,0,0,0,0,0,0,0,0,0,0,0,0,0,0,0,0,0,0,0,0,0,0,0,0,0,0,0,0,0,0,0,0,0,0,0,0,0,0,0,0,
Participant,7_3,11_49_55,6.4628,0,1,0,6.462808,0.0000,0.0000,0.0000,0.0000,0.0000,0.0000,3.570774,3.582401,3.576587,,,,,,0,0,0,0,0,0,0,0,0,0,0,0,0,0,0,0,0,0,0,0,0,0,0,0,0,0,0,0,0,0,0,0,0,0,0,0,0,0,0,0,0,0,0,0,0,0,0,0,0,0,0,
Participant,7_3,11_49_55,6.4668,0,1,0,6.466751,0.0000,0.0000,0.0000,0.0000,0.0000,0.0000,3.577993,3.560467,3.56923,,,,,,0,0,0,0,0,0,0,0,0,0,0,0,0,0,0,0,0,0,0,0,0,0,0,0,0,0,0,0,0,0,0,0,0,0,0,0,0,0,0,0,0,0,0,0,0,0,0,0,0,0,0,
Participant,7_3,11_49_55,6.4699,0,1,0,6.469937,0.0000,0.0000,0.0000,0.0000,0.0000,0.0000,3.608223,3.608417,3.60832,,,,,,0,0,0,0,0,0,0,0,0,0,0,0,0,0,0,0,0,0,0,0,0,0,0,0,0,0,0,0,0,0,0,0,0,0,0,0,0,0,0,0,0,0,0,0,0,0,0,0,0,0,0,
Participant,7_3,11_49_55,6.4731,0,1,0,6.473119,0.0000,0.0000,0.0000,0.0000,0.0000,0.0000,3.56583,3.580299,3.573065,,,,,,0,0,0,0,0,0,0,0,0,0,0,0,0,0,0,0,0,0,0,0,0,0,0,0,0,0,0,0,0,0,0,0,0,0,0,0,0,0,0,0,0,0,0,0,0,0,0,0,0,0,0,
Participant,7_3,11_49_55,6.4763,0,1,0,6.476262,0.0000,0.0000,0.0000,0.0000,0.0000,0.0000,3.596802,3.565401,3.581101,,,,,,0,0,0,0,0,0,0,0,0,0,0,0,0,0,0,0,0,0,0,0,0,0,0,0,0,0,0,0,0,0,0,0,0,0,0,0,0,0,0,0,0,0,0,0,0,0,0,0,0,0,0,
Participant,7_3,11_49_55,6.4795,0,1,0,6.479496,0.0000,0.0000,0.0000,0.0000,0.0000,0.0000,3.613044,3.591608,3.602326,,,,,,0,0,0,0,0,0,0,0,0,0,0,0,0,0,0,0,0,0,0,0,0,0,0,0,0,0,0,0,0,0,0,0,0,0,0,0,0,0,0,0,0,0,0,0,0,0,0,0,0,0,0,
Participant,7_3,11_49_55,6.4833,0,1,0,6.483284,0.0000,0.0000,0.0000,0.0000,0.0000,0.0000,3.605786,3.574863,3.590325,,,,,,0,0,0,0,0,0,0,0,0,0,0,0,0,0,0,0,0,0,0,0,0,0,0,0,0,0,0,0,0,0,0,0,0,0,0,0,0,0,0,0,0,0,0,0,0,0,0,0,0,0,0,
Participant,7_3,11_49_55,6.4867,0,1,0,6.486688,0.0000,0.0000,0.0000,0.0000,0.0000,0.0000,3.620993,3.613226,3.617109,,,,,,0,0,0,0,0,0,0,0,0,0,0,0,0,0,0,0,0,0,0,0,0,0,0,0,0,0,0,0,0,0,0,0,0,0,0,0,0,0,0,0,0,0,0,0,0,0,0,0,0,0,0,
Participant,7_3,11_49_55,6.4899,0,1,0,6.489892,0.0000,0.0000,0.0000,0.0000,0.0000,0.0000,3.619848,3.619908,3.619878,,,,,,0,0,0,0,0,0,0,0,0,0,0,0,0,0,0,0,0,0,0,0,0,0,0,0,0,0,0,0,0,0,0,0,0,0,0,0,0,0,0,0,0,0,0,0,0,0,0,0,0,0,0,
Participant,7_3,11_49_55,6.4933,0,1,0,6.493345,0.0000,0.0000,0.0000,0.0000,0.0000,0.0000,3.62927,3.58742,3.608345,,,,,,0,0,0,0,0,0,0,0,0,0,0,0,0,0,0,0,0,0,0,0,0,0,0,0,0,0,0,0,0,0,0,0,0,0,0,0,0,0,0,0,0,0,0,0,0,0,0,0,0,0,0,
Participant,7_3,11_49_55,6.4965,0,1,0,6.496518,0.0000,0.0000,0.0000,0.0000,0.0000,0.0000,3.577074,3.630505,3.603789,,,,,,0,0,0,0,0,0,0,0,0,0,0,0,0,0,0,0,0,0,0,0,0,0,0,0,0,0,0,0,0,0,0,0,0,0,0,0,0,0,0,0,0,0,0,0,0,0,0,0,0,0,0,
Participant,7_3,11_49_55,6.4997,0,1,0,6.499701,0.0000,0.0000,0.0000,0.0000,0.0000,0.0000,3.628276,3.613039,3.620657,,,,,,0,0,0,0,0,0,0,0,0,0,0,0,0,0,0,0,0,0,0,0,0,0,0,0,0,0,0,0,0,0,0,0,0,0,0,0,0,0,0,0,0,0,0,0,0,0,0,0,0,0,0,
Participant,7_3,11_49_55,6.5029,0,1,0,6.502859,0.0000,0.0000,0.0000,0.0000,0.0000,0.0000,3.60211,3.599547,3.600828,,,,,,0,0,0,0,0,0,0,0,0,0,0,0,0,0,0,0,0,0,0,0,0,0,0,0,0,0,0,0,0,0,0,0,0,0,0,0,0,0,0,0,0,0,0,0,0,0,0,0,0,0,0,
Participant,7_3,11_49_55,6.5064,0,1,0,6.506366,0.0000,0.0000,0.0000,0.0000,0.0000,0.0000,3.635306,3.634993,3.635149,,,,,,0,0,0,0,0,0,0,0,0,0,0,0,0,0,0,0,0,0,0,0,0,0,0,0,0,0,0,0,0,0,0,0,0,0,0,0,0,0,0,0,0,0,0,0,0,0,0,0,0,0,0,
Participant,7_3,11_49_55,6.5095,0,1,0,6.509495,0.0000,0.0000,0.0000,0.0000,0.0000,0.0000,3.626,3.630565,3.628283,,,,,,0,0,0,0,0,0,0,0,0,0,0,0,0,0,0,0,0,0,0,0,0,0,0,0,0,0,0,0,0,0,0,0,0,0,0,0,0,0,0,0,0,0,0,0,0,0,0,0,0,0,0,
Participant,7_3,11_49_55,6.5127,0,1,0,6.512706,0.0000,0.0000,0.0000,0.0000,0.0000,0.0000,3.624336,3.606604,3.61547,,,,,,0,0,0,0,0,0,0,0,0,0,0,0,0,0,0,0,0,0,0,0,0,0,0,0,0,0,0,0,0,0,0,0,0,0,0,0,0,0,0,0,0,0,0,0,0,0,0,0,0,0,0,
Participant,7_3,11_49_55,6.5165,0,1,0,6.51646,0.0000,0.0000,0.0000,0.0000,0.0000,0.0000,3.595231,3.637048,3.616139,,,,,,0,0,0,0,0,0,0,0,0,0,0,0,0,0,0,0,0,0,0,0,0,0,0,0,0,0,0,0,0,0,0,0,0,0,0,0,0,0,0,0,0,0,0,0,0,0,0,0,0,0,0,
Participant,7_3,11_49_55,6.5199,0,1,0,6.51985,0.0000,0.0000,0.0000,0.0000,0.0000,0.0000,3.604939,3.63947,3.622205,,,,,,0,0,0,0,0,0,0,0,0,0,0,0,0,0,0,0,0,0,0,0,0,0,0,0,0,0,0,0,0,0,0,0,0,0,0,0,0,0,0,0,0,0,0,0,0,0,0,0,0,0,0,
Participant,7_3,11_49_55,6.5230,0,1,0,6.52302,0.0000,0.0000,0.0000,0.0000,0.0000,0.0000,3.598362,3.624896,3.611629,,,,,,0,0,0,0,0,0,0,0,0,0,0,0,0,0,0,0,0,0,0,0,0,0,0,0,0,0,0,0,0,0,0,0,0,0,0,0,0,0,0,0,0,0,0,0,0,0,0,0,0,0,0,
Participant,7_3,11_49_55,6.5266,0,1,0,6.526556,0.0000,0.0000,0.0000,0.0000,0.0000,0.0000,3.620407,3.619882,3.620145,,,,,,0,0,0,0,0,0,0,0,0,0,0,0,0,0,0,0,0,0,0,0,0,0,0,0,0,0,0,0,0,0,0,0,0,0,0,0,0,0,0,0,0,0,0,0,0,0,0,0,0,0,0,
Participant,7_3,11_49_55,6.5300,0,1,0,6.529985,0.0000,0.0000,0.0000,0.0000,0.0000,0.0000,3.619485,3.611107,3.615296,,,,,,0,0,0,0,0,0,0,0,0,0,0,0,0,0,0,0,0,0,0,0,0,0,0,0,0,0,0,0,0,0,0,0,0,0,0,0,0,0,0,0,0,0,0,0,0,0,0,0,0,0,0,
Participant,7_3,11_49_55,6.5332,0,1,0,6.533164,0.0000,0.0000,0.0000,0.0000,0.0000,0.0000,3.618857,3.637582,3.628219,,,,,,0,0,0,0,0,0,0,0,0,0,0,0,0,0,0,0,0,0,0,0,0,0,0,0,0,0,0,0,0,0,0,0,0,0,0,0,0,0,0,0,0,0,0,0,0,0,0,0,0,0,0,
Participant,7_3,11_49_55,6.5364,0,1,0,6.536446,0.0000,0.0000,0.0000,0.0000,0.0000,0.0000,3.632655,3.610973,3.621814,,,,,,0,0,0,0,0,0,0,0,0,0,0,0,0,0,0,0,0,0,0,0,0,0,0,0,0,0,0,0,0,0,0,0,0,0,0,0,0,0,0,0,0,0,0,0,0,0,0,0,0,0,0,
Participant,7_3,11_49_55,6.5397,0,1,0,6.539667,0.0000,0.0000,0.0000,0.0000,0.0000,0.0000,3.651798,3.635767,3.643783,,,,,,0,0,0,0,0,0,0,0,0,0,0,0,0,0,0,0,0,0,0,0,0,0,0,0,0,0,0,0,0,0,0,0,0,0,0,0,0,0,0,0,0,0,0,0,0,0,0,0,0,0,0,
Participant,7_3,11_49_55,6.5436,0,1,0,6.543553,0.0000,0.0000,0.0000,0.0000,0.0000,0.0000,3.636549,3.638263,3.637406,,,,,,0,0,0,0,0,0,0,0,0,0,0,0,0,0,0,0,0,0,0,0,0,0,0,0,0,0,0,0,0,0,0,0,0,0,0,0,0,0,0,0,0,0,0,0,0,0,0,0,0,0,0,
Participant,7_3,11_49_55,6.5471,0,1,0,6.547143,0.0000,0.0000,0.0000,0.0000,0.0000,0.0000,3.61093,3.633849,3.622389,,,,,,0,0,0,0,0,0,0,0,0,0,0,0,0,0,0,0,0,0,0,0,0,0,0,0,0,0,0,0,0,0,0,0,0,0,0,0,0,0,0,0,0,0,0,0,0,0,0,0,0,0,0,
Participant,7_3,11_49_55,6.5504,0,1,0,6.550435,0.0000,0.0000,0.0000,0.0000,0.0000,0.0000,3.630922,3.611023,3.620972,,,,,,0,0,0,0,0,0,0,0,0,0,0,0,0,0,0,0,0,0,0,0,0,0,0,0,0,0,0,0,0,0,0,0,0,0,0,0,0,0,0,0,0,0,0,0,0,0,0,0,0,0,0,
Participant,7_3,11_49_55,6.5538,0,1,0,6.553789,0.0000,0.0000,0.0000,0.0000,0.0000,0.0000,3.651538,3.649305,3.650422,,,,,,0,0,0,0,0,0,0,0,0,0,0,0,0,0,0,0,0,0,0,0,0,0,0,0,0,0,0,0,0,0,0,0,0,0,0,0,0,0,0,0,0,0,0,0,0,0,0,0,0,0,0,
Participant,7_3,11_49_55,6.5570,0,1,0,6.557018,0.0000,0.0000,0.0000,0.0000,0.0000,0.0000,3.64383,3.625183,3.634506,,,,,,0,0,0,0,0,0,0,0,0,0,0,0,0,0,0,0,0,0,0,0,0,0,0,0,0,0,0,0,0,0,0,0,0,0,0,0,0,0,0,0,0,0,0,0,0,0,0,0,0,0,0,
Participant,7_3,11_49_55,6.5604,0,1,0,6.560396,0.0000,0.0000,0.0000,0.0000,0.0000,0.0000,3.63159,3.607502,3.619546,,,,,,0,0,0,0,0,0,0,0,0,0,0,0,0,0,0,0,0,0,0,0,0,0,0,0,0,0,0,0,0,0,0,0,0,0,0,0,0,0,0,0,0,0,0,0,0,0,0,0,0,0,0,
Participant,7_3,11_49_55,6.5639,0,1,0,6.563883,0.0000,0.0000,0.0000,0.0000,0.0000,0.0000,3.632164,3.634354,3.633259,,,,,,0,0,0,0,0,0,0,0,0,0,0,0,0,0,0,0,0,0,0,0,0,0,0,0,0,0,0,0,0,0,0,0,0,0,0,0,0,0,0,0,0,0,0,0,0,0,0,0,0,0,0,
Participant,7_3,11_49_55,6.5673,0,1,0,6.567275,0.0000,0.0000,0.0000,0.0000,0.0000,0.0000,3.652663,3.632631,3.642647,,,,,,0,0,0,0,0,0,0,0,0,0,0,0,0,0,0,0,0,0,0,0,0,0,0,0,0,0,0,0,0,0,0,0,0,0,0,0,0,0,0,0,0,0,0,0,0,0,0,0,0,0,0,
Participant,7_3,11_49_55,6.5707,0,1,0,6.570676,0.0000,0.0000,0.0000,0.0000,0.0000,0.0000,3.610506,3.617913,3.614209,,,,,,0,0,0,0,0,0,0,0,0,0,0,0,0,0,0,0,0,0,0,0,0,0,0,0,0,0,0,0,0,0,0,0,0,0,0,0,0,0,0,0,0,0,0,0,0,0,0,0,0,0,0,
Participant,7_3,11_49_55,6.5741,0,1,0,6.574061,0.0000,0.0000,0.0000,0.0000,0.0000,0.0000,3.614752,3.652089,3.63342,,,,,,0,0,0,0,0,0,0,0,0,0,0,0,0,0,0,0,0,0,0,0,0,0,0,0,0,0,0,0,0,0,0,0,0,0,0,0,0,0,0,0,0,0,0,0,0,0,0,0,0,0,0,
Participant,7_3,11_49_55,6.5772,0,1,0,6.577209,0.0000,0.0000,0.0000,0.0000,0.0000,0.0000,3.614288,3.630068,3.622178,,,,,,0,0,0,0,0,0,0,0,0,0,0,0,0,0,0,0,0,0,0,0,0,0,0,0,0,0,0,0,0,0,0,0,0,0,0,0,0,0,0,0,0,0,0,0,0,0,0,0,0,0,0,
Participant,7_3,11_49_55,6.5804,0,1,0,6.580444,0.0000,0.0000,0.0000,0.0000,0.0000,0.0000,3.635087,3.658063,3.646575,,,,,,0,0,0,0,0,0,0,0,0,0,0,0,0,0,0,0,0,0,0,0,0,0,0,0,0,0,0,0,0,0,0,0,0,0,0,0,0,0,0,0,0,0,0,0,0,0,0,0,0,0,0,
Participant,7_3,11_49_55,6.5839,0,1,0,6.583925,0.0000,0.0000,0.0000,0.0000,0.0000,0.0000,3.638159,3.618011,3.628085,,,,,,0,0,0,0,0,0,0,0,0,0,0,0,0,0,0,0,0,0,0,0,0,0,0,0,0,0,0,0,0,0,0,0,0,0,0,0,0,0,0,0,0,0,0,0,0,0,0,0,0,0,0,
Participant,7_3,11_49_55,6.5874,0,1,0,6.587434,0.0000,0.0000,0.0000,0.0000,0.0000,0.0000,3.656744,3.613483,3.635113,,,,,,0,0,0,0,0,0,0,0,0,0,0,0,0,0,0,0,0,0,0,0,0,0,0,0,0,0,0,0,0,0,0,0,0,0,0,0,0,0,0,0,0,0,0,0,0,0,0,0,0,0,0,
Participant,7_3,11_49_55,6.5906,0,1,0,6.590643,0.0000,0.0000,0.0000,0.0000,0.0000,0.0000,3.656057,3.652592,3.654324,,,,,,0,0,0,0,0,0,0,0,0,0,0,0,0,0,0,0,0,0,0,0,0,0,0,0,0,0,0,0,0,0,0,0,0,0,0,0,0,0,0,0,0,0,0,0,0,0,0,0,0,0,0,
Participant,7_3,11_49_55,6.5941,0,1,0,6.594062,0.0000,0.0000,0.0000,0.0000,0.0000,0.0000,3.667595,3.650855,3.659225,,,,,,0,0,0,0,0,0,0,0,0,0,0,0,0,0,0,0,0,0,0,0,0,0,0,0,0,0,0,0,0,0,0,0,0,0,0,0,0,0,0,0,0,0,0,0,0,0,0,0,0,0,0,
Participant,7_3,11_49_55,6.5973,0,1,0,6.59727,0.0000,0.0000,0.0000,0.0000,0.0000,0.0000,3.641125,3.629846,3.635485,,,,,,0,0,0,0,0,0,0,0,0,0,0,0,0,0,0,0,0,0,0,0,0,0,0,0,0,0,0,0,0,0,0,0,0,0,0,0,0,0,0,0,0,0,0,0,0,0,0,0,0,0,0,
Participant,7_3,11_49_55,6.6006,0,1,0,6.600566,0.0000,0.0000,0.0000,0.0000,0.0000,0.0000,3.650795,3.622456,3.636625,,,,,,0,0,0,0,0,0,0,0,0,0,0,0,0,0,0,0,0,0,0,0,0,0,0,0,0,0,0,0,0,0,0,0,0,0,0,0,0,0,0,0,0,0,0,0,0,0,0,0,0,0,0,
Participant,7_3,11_49_55,6.6041,0,1,0,6.604139,0.0000,0.0000,0.0000,0.0000,0.0000,0.0000,3.666597,3.655833,3.661215,,,,,,0,0,0,0,0,0,0,0,0,0,0,0,0,0,0,0,0,0,0,0,0,0,0,0,0,0,0,0,0,0,0,0,0,0,0,0,0,0,0,0,0,0,0,0,0,0,0,0,0,0,0,
Participant,7_3,11_49_55,6.6075,0,1,0,6.607541,0.0000,0.0000,0.0000,0.0000,0.0000,0.0000,3.646568,3.643182,3.644875,,,,,,0,0,0,0,0,0,0,0,0,0,0,0,0,0,0,0,0,0,0,0,0,0,0,0,0,0,0,0,0,0,0,0,0,0,0,0,0,0,0,0,0,0,0,0,0,0,0,0,0,0,0,
Participant,7_3,11_49_55,6.6109,0,1,0,6.610929,0.0000,0.0000,0.0000,0.0000,0.0000,0.0000,3.64373,3.634023,3.638876,,,,,,0,0,0,0,0,0,0,0,0,0,0,0,0,0,0,0,0,0,0,0,0,0,0,0,0,0,0,0,0,0,0,0,0,0,0,0,0,0,0,0,0,0,0,0,0,0,0,0,0,0,0,
Participant,7_3,11_49_55,6.6144,0,1,0,6.614382,0.0000,0.0000,0.0000,0.0000,0.0000,0.0000,3.638592,3.657478,3.648035,,,,,,0,0,0,0,0,0,0,0,0,0,0,0,0,0,0,0,0,0,0,0,0,0,0,0,0,0,0,0,0,0,0,0,0,0,0,0,0,0,0,0,0,0,0,0,0,0,0,0,0,0,0,
Participant,7_3,11_49_55,6.6176,0,1,0,6.617595,0.0000,0.0000,0.0000,0.0000,0.0000,0.0000,3.682896,3.626915,3.654906,,,,,,0,0,0,0,0,0,0,0,0,0,0,0,0,0,0,0,0,0,0,0,0,0,0,0,0,0,0,0,0,0,0,0,0,0,0,0,0,0,0,0,0,0,0,0,0,0,0,0,0,0,0,
Participant,7_3,11_49_55,6.6208,0,1,0,6.620767,0.0000,0.0000,0.0000,0.0000,0.0000,0.0000,3.628139,3.665036,3.646587,,,,,,0,0,0,0,0,0,0,0,0,0,0,0,0,0,0,0,0,0,0,0,0,0,0,0,0,0,0,0,0,0,0,0,0,0,0,0,0,0,0,0,0,0,0,0,0,0,0,0,0,0,0,
Participant,7_3,11_49_55,6.6241,0,1,0,6.624104,0.0000,0.0000,0.0000,0.0000,0.0000,0.0000,3.658591,3.635739,3.647165,,,,,,0,0,0,0,0,0,0,0,0,0,0,0,0,0,0,0,0,0,0,0,0,0,0,0,0,0,0,0,0,0,0,0,0,0,0,0,0,0,0,0,0,0,0,0,0,0,0,0,0,0,0,
Participant,7_3,11_49_55,6.6273,0,1,0,6.627342,0.0000,0.0000,0.0000,0.0000,0.0000,0.0000,3.670023,3.6355,3.652762,,,,,,0,0,0,0,0,0,0,0,0,0,0,0,0,0,0,0,0,0,0,0,0,0,0,0,0,0,0,0,0,0,0,0,0,0,0,0,0,0,0,0,0,0,0,0,0,0,0,0,0,0,0,
Participant,7_3,11_49_55,6.6305,0,1,0,6.630511,0.0000,0.0000,0.0000,0.0000,0.0000,0.0000,3.632204,3.686512,3.659358,,,,,,0,0,0,0,0,0,0,0,0,0,0,0,0,0,0,0,0,0,0,0,0,0,0,0,0,0,0,0,0,0,0,0,0,0,0,0,0,0,0,0,0,0,0,0,0,0,0,0,0,0,0,
Participant,7_3,11_49_55,6.6337,0,1,0,6.633691,0.0000,0.0000,0.0000,0.0000,0.0000,0.0000,3.674746,3.67683,3.675788,,,,,,0,0,0,0,0,0,0,0,0,0,0,0,0,0,0,0,0,0,0,0,0,0,0,0,0,0,0,0,0,0,0,0,0,0,0,0,0,0,0,0,0,0,0,0,0,0,0,0,0,0,0,
Participant,7_3,11_49_55,6.6369,0,1,0,6.636898,0.0000,0.0000,0.0000,0.0000,0.0000,0.0000,3.667385,3.67286,3.670123,,,,,,0,0,0,0,0,0,0,0,0,0,0,0,0,0,0,0,0,0,0,0,0,0,0,0,0,0,0,0,0,0,0,0,0,0,0,0,0,0,0,0,0,0,0,0,0,0,0,0,0,0,0,
Participant,7_3,11_49_55,6.6403,0,1,0,6.640343,0.0000,0.0000,0.0000,0.0000,0.0000,0.0000,3.670087,3.643341,3.656713,,,,,,0,0,0,0,0,0,0,0,0,0,0,0,0,0,0,0,0,0,0,0,0,0,0,0,0,0,0,0,0,0,0,0,0,0,0,0,0,0,0,0,0,0,0,0,0,0,0,0,0,0,0,
Participant,7_3,11_49_55,6.6438,0,1,0,6.643779,0.0000,0.0000,0.0000,0.0000,0.0000,0.0000,3.649097,3.671926,3.660511,,,,,,0,0,0,0,0,0,0,0,0,0,0,0,0,0,0,0,0,0,0,0,0,0,0,0,0,0,0,0,0,0,0,0,0,0,0,0,0,0,0,0,0,0,0,0,0,0,0,0,0,0,0,
Participant,7_3,11_49_55,6.6476,0,1,0,6.647641,0.0000,0.0000,0.0000,0.0000,0.0000,0.0000,3.648064,3.681845,3.664954,,,,,,0,0,0,0,0,0,0,0,0,0,0,0,0,0,0,0,0,0,0,0,0,0,0,0,0,0,0,0,0,0,0,0,0,0,0,0,0,0,0,0,0,0,0,0,0,0,0,0,0,0,0,
Participant,7_3,11_49_55,6.6509,0,1,0,6.650896,0.0000,0.0000,0.0000,0.0000,0.0000,0.0000,3.677955,3.647613,3.662784,,,,,,0,0,0,0,0,0,0,0,0,0,0,0,0,0,0,0,0,0,0,0,0,0,0,0,0,0,0,0,0,0,0,0,0,0,0,0,0,0,0,0,0,0,0,0,0,0,0,0,0,0,0,
Participant,7_3,11_49_55,6.6626,0,1,0,6.662576,0.0000,0.0000,0.0000,0.0000,0.0000,0.0000,3.642481,3.669101,3.655791,,,,,,0,0,0,0,0,0,0,0,0,0,0,0,0,0,0,0,0,0,0,0,0,0,0,0,0,0,0,0,0,0,0,0,0,0,0,0,0,0,0,0,0,0,0,0,0,0,0,0,0,0,0,
Participant,7_3,11_49_55,6.6662,0,1,0,6.666153,0.0000,0.0000,0.0000,0.0000,0.0000,0.0000,3.690646,3.68204,3.686343,,,,,,0,0,0,0,0,0,0,0,0,0,0,0,0,0,0,0,0,0,0,0,0,0,0,0,0,0,0,0,0,0,0,0,0,0,0,0,0,0,0,0,0,0,0,0,0,0,0,0,0,0,0,
Participant,7_3,11_49_55,6.6693,0,1,0,6.669311,0.0000,0.0000,0.0000,0.0000,0.0000,0.0000,3.698823,3.648066,3.673445,,,,,,0,0,0,0,0,0,0,0,0,0,0,0,0,0,0,0,0,0,0,0,0,0,0,0,0,0,0,0,0,0,0,0,0,0,0,0,0,0,0,0,0,0,0,0,0,0,0,0,0,0,0,
Participant,7_3,11_49_55,6.6725,0,1,0,6.672532,0.0000,0.0000,0.0000,0.0000,0.0000,0.0000,3.699137,3.705431,3.702284,,,,,,0,0,0,0,0,0,0,0,0,0,0,0,0,0,0,0,0,0,0,0,0,0,0,0,0,0,0,0,0,0,0,0,0,0,0,0,0,0,0,0,0,0,0,0,0,0,0,0,0,0,0,
Participant,7_3,11_49_55,6.6761,0,1,0,6.676128,0.0000,0.0000,0.0000,0.0000,0.0000,0.0000,3.704541,3.677886,3.691213,,,,,,0,0,0,0,0,0,0,0,0,0,0,0,0,0,0,0,0,0,0,0,0,0,0,0,0,0,0,0,0,0,0,0,0,0,0,0,0,0,0,0,0,0,0,0,0,0,0,0,0,0,0,
Participant,7_3,11_49_55,6.6797,0,1,0,6.679657,0.0000,0.0000,0.0000,0.0000,0.0000,0.0000,3.685257,3.691775,3.688516,,,,,,0,0,0,0,0,0,0,0,0,0,0,0,0,0,0,0,0,0,0,0,0,0,0,0,0,0,0,0,0,0,0,0,0,0,0,0,0,0,0,0,0,0,0,0,0,0,0,0,0,0,0,
Participant,7_3,11_49_55,6.6835,0,1,0,6.683469,0.0000,0.0000,0.0000,0.0000,0.0000,0.0000,3.652958,3.700177,3.676568,,,,,,0,0,0,0,0,0,0,0,0,0,0,0,0,0,0,0,0,0,0,0,0,0,0,0,0,0,0,0,0,0,0,0,0,0,0,0,0,0,0,0,0,0,0,0,0,0,0,0,0,0,0,
Participant,7_3,11_49_55,6.6876,0,1,0,6.687611,0.0000,0.0000,0.0000,0.0000,0.0000,0.0000,3.657249,3.660297,3.658773,,,,,,0,0,0,0,0,0,0,0,0,0,0,0,0,0,0,0,0,0,0,0,0,0,0,0,0,0,0,0,0,0,0,0,0,0,0,0,0,0,0,0,0,0,0,0,0,0,0,0,0,0,0,
Participant,7_3,11_49_55,6.6913,0,1,0,6.691306,0.0000,0.0000,0.0000,0.0000,0.0000,0.0000,3.664935,3.664849,3.664892,,,,,,0,0,0,0,0,0,0,0,0,0,0,0,0,0,0,0,0,0,0,0,0,0,0,0,0,0,0,0,0,0,0,0,0,0,0,0,0,0,0,0,0,0,0,0,0,0,0,0,0,0,0,
Participant,7_3,11_49_55,6.6947,0,1,0,6.694666,0.0000,0.0000,0.0000,0.0000,0.0000,0.0000,3.703609,3.696202,3.699906,,,,,,0,0,0,0,0,0,0,0,0,0,0,0,0,0,0,0,0,0,0,0,0,0,0,0,0,0,0,0,0,0,0,0,0,0,0,0,0,0,0,0,0,0,0,0,0,0,0,0,0,0,0,
Participant,7_3,11_49_55,6.6978,0,1,0,6.697845,0.0000,0.0000,0.0000,0.0000,0.0000,0.0000,3.66628,3.696976,3.681628,,,,,,0,0,0,0,0,0,0,0,0,0,0,0,0,0,0,0,0,0,0,0,0,0,0,0,0,0,0,0,0,0,0,0,0,0,0,0,0,0,0,0,0,0,0,0,0,0,0,0,0,0,0,
Participant,7_3,11_49_55,6.7010,0,1,0,6.700992,0.0000,0.0000,0.0000,0.0000,0.0000,0.0000,3.690809,3.657428,3.674118,,,,,,0,0,0,0,0,0,0,0,0,0,0,0,0,0,0,0,0,0,0,0,0,0,0,0,0,0,0,0,0,0,0,0,0,0,0,0,0,0,0,0,0,0,0,0,0,0,0,0,0,0,0,
Participant,7_3,11_49_55,6.7044,0,1,0,6.704391,0.0000,0.0000,0.0000,0.0000,0.0000,0.0000,3.671139,3.6806,3.675869,,,,,,0,0,0,0,0,0,0,0,0,0,0,0,0,0,0,0,0,0,0,0,0,0,0,0,0,0,0,0,0,0,0,0,0,0,0,0,0,0,0,0,0,0,0,0,0,0,0,0,0,0,0,
Participant,7_3,11_49_55,6.7077,0,1,0,6.707731,0.0000,0.0000,0.0000,0.0000,0.0000,0.0000,3.69267,3.682527,3.687599,,,,,,0,0,0,0,0,0,0,0,0,0,0,0,0,0,0,0,0,0,0,0,0,0,0,0,0,0,0,0,0,0,0,0,0,0,0,0,0,0,0,0,0,0,0,0,0,0,0,0,0,0,0,
Participant,7_3,11_49_55,6.7111,0,1,0,6.711096,0.0000,0.0000,0.0000,0.0000,0.0000,0.0000,3.676124,3.702509,3.689317,,,,,,0,0,0,0,0,0,0,0,0,0,0,0,0,0,0,0,0,0,0,0,0,0,0,0,0,0,0,0,0,0,0,0,0,0,0,0,0,0,0,0,0,0,0,0,0,0,0,0,0,0,0,
Participant,7_3,11_49_55,6.7150,0,1,0,6.714978,0.0000,0.0000,0.0000,0.0000,0.0000,0.0000,3.669245,3.712305,3.690775,,,,,,0,0,0,0,0,0,0,0,0,0,0,0,0,0,0,0,0,0,0,0,0,0,0,0,0,0,0,0,0,0,0,0,0,0,0,0,0,0,0,0,0,0,0,0,0,0,0,0,0,0,0,
Participant,7_3,11_49_55,6.7186,0,1,0,6.718631,0.0000,0.0000,0.0000,0.0000,0.0000,0.0000,3.719124,3.715789,3.717457,,,,,,0,0,0,0,0,0,0,0,0,0,0,0,0,0,0,0,0,0,0,0,0,0,0,0,0,0,0,0,0,0,0,0,0,0,0,0,0,0,0,0,0,0,0,0,0,0,0,0,0,0,0,
Participant,7_3,11_49_55,6.7218,0,1,0,6.721806,0.0000,0.0000,0.0000,0.0000,0.0000,0.0000,3.69335,3.720678,3.707014,,,,,,0,0,0,0,0,0,0,0,0,0,0,0,0,0,0,0,0,0,0,0,0,0,0,0,0,0,0,0,0,0,0,0,0,0,0,0,0,0,0,0,0,0,0,0,0,0,0,0,0,0,0,
Participant,7_3,11_49_55,6.7252,0,1,0,6.725204,0.0000,0.0000,0.0000,0.0000,0.0000,0.0000,3.666553,3.671598,3.669075,,,,,,0,0,0,0,0,0,0,0,0,0,0,0,0,0,0,0,0,0,0,0,0,0,0,0,0,0,0,0,0,0,0,0,0,0,0,0,0,0,0,0,0,0,0,0,0,0,0,0,0,0,0,
Participant,7_3,11_49_55,6.7284,0,1,0,6.72838,0.0000,0.0000,0.0000,0.0000,0.0000,0.0000,3.69634,3.722076,3.709208,,,,,,0,0,0,0,0,0,0,0,0,0,0,0,0,0,0,0,0,0,0,0,0,0,0,0,0,0,0,0,0,0,0,0,0,0,0,0,0,0,0,0,0,0,0,0,0,0,0,0,0,0,0,
Participant,7_3,11_49_55,6.7320,0,1,0,6.732042,0.0000,0.0000,0.0000,0.0000,0.0000,0.0000,3.678303,3.695316,3.68681,,,,,,0,0,0,0,0,0,0,0,0,0,0,0,0,0,0,0,0,0,0,0,0,0,0,0,0,0,0,0,0,0,0,0,0,0,0,0,0,0,0,0,0,0,0,0,0,0,0,0,0,0,0,
Participant,7_3,11_49_55,6.7355,0,1,0,6.735474,0.0000,0.0000,0.0000,0.0000,0.0000,0.0000,3.706757,3.682359,3.694558,,,,,,0,0,0,0,0,0,0,0,0,0,0,0,0,0,0,0,0,0,0,0,0,0,0,0,0,0,0,0,0,0,0,0,0,0,0,0,0,0,0,0,0,0,0,0,0,0,0,0,0,0,0,
Participant,7_3,11_49_55,6.7387,0,1,0,6.738659,0.0000,0.0000,0.0000,0.0000,0.0000,0.0000,3.685883,3.677201,3.681542,,,,,,0,0,0,0,0,0,0,0,0,0,0,0,0,0,0,0,0,0,0,0,0,0,0,0,0,0,0,0,0,0,0,0,0,0,0,0,0,0,0,0,0,0,0,0,0,0,0,0,0,0,0,
Participant,7_3,11_49_55,6.7419,0,1,0,6.741873,0.0000,0.0000,0.0000,0.0000,0.0000,0.0000,3.728194,3.71975,3.723972,,,,,,0,0,0,0,0,0,0,0,0,0,0,0,0,0,0,0,0,0,0,0,0,0,0,0,0,0,0,0,0,0,0,0,0,0,0,0,0,0,0,0,0,0,0,0,0,0,0,0,0,0,0,
Participant,7_3,11_49_55,6.7452,0,1,0,6.745249,0.0000,0.0000,0.0000,0.0000,0.0000,0.0000,3.678895,3.717629,3.698262,,,,,,0,0,0,0,0,0,0,0,0,0,0,0,0,0,0,0,0,0,0,0,0,0,0,0,0,0,0,0,0,0,0,0,0,0,0,0,0,0,0,0,0,0,0,0,0,0,0,0,0,0,0,
Participant,7_3,11_49_55,6.7484,0,1,0,6.748402,0.0000,0.0000,0.0000,0.0000,0.0000,0.0000,3.706155,3.698972,3.702564,,,,,,0,0,0,0,0,0,0,0,0,0,0,0,0,0,0,0,0,0,0,0,0,0,0,0,0,0,0,0,0,0,0,0,0,0,0,0,0,0,0,0,0,0,0,0,0,0,0,0,0,0,0,
Participant,7_3,11_49_55,6.7516,0,1,0,6.751602,0.0000,0.0000,0.0000,0.0000,0.0000,0.0000,3.677334,3.688169,3.682752,,,,,,0,0,0,0,0,0,0,0,0,0,0,0,0,0,0,0,0,0,0,0,0,0,0,0,0,0,0,0,0,0,0,0,0,0,0,0,0,0,0,0,0,0,0,0,0,0,0,0,0,0,0,
Participant,7_3,11_49_55,6.7551,0,1,0,6.755122,0.0000,0.0000,0.0000,0.0000,0.0000,0.0000,3.723397,3.681329,3.702363,,,,,,0,0,0,0,0,0,0,0,0,0,0,0,0,0,0,0,0,0,0,0,0,0,0,0,0,0,0,0,0,0,0,0,0,0,0,0,0,0,0,0,0,0,0,0,0,0,0,0,0,0,0,
Participant,7_3,11_49_55,6.7584,0,1,0,6.758359,0.0000,0.0000,0.0000,0.0000,0.0000,0.0000,3.675692,3.705951,3.690822,,,,,,0,0,0,0,0,0,0,0,0,0,0,0,0,0,0,0,0,0,0,0,0,0,0,0,0,0,0,0,0,0,0,0,0,0,0,0,0,0,0,0,0,0,0,0,0,0,0,0,0,0,0,
Participant,7_3,11_49_55,6.7618,0,1,0,6.761793,0.0000,0.0000,0.0000,0.0000,0.0000,0.0000,3.703472,3.710171,3.706822,,,,,,0,0,0,0,0,0,0,0,0,0,0,0,0,0,0,0,0,0,0,0,0,0,0,0,0,0,0,0,0,0,0,0,0,0,0,0,0,0,0,0,0,0,0,0,0,0,0,0,0,0,0,
Participant,7_3,11_49_55,6.7655,0,1,0,6.765486,0.0000,0.0000,0.0000,0.0000,0.0000,0.0000,3.681456,3.711232,3.696344,,,,,,0,0,0,0,0,0,0,0,0,0,0,0,0,0,0,0,0,0,0,0,0,0,0,0,0,0,0,0,0,0,0,0,0,0,0,0,0,0,0,0,0,0,0,0,0,0,0,0,0,0,0,
Participant,7_3,11_49_55,6.7687,0,1,0,6.768713,0.0000,0.0000,0.0000,0.0000,0.0000,0.0000,3.697266,3.684995,3.691131,,,,,,0,0,0,0,0,0,0,0,0,0,0,0,0,0,0,0,0,0,0,0,0,0,0,0,0,0,0,0,0,0,0,0,0,0,0,0,0,0,0,0,0,0,0,0,0,0,0,0,0,0,0,
Participant,7_3,11_49_55,6.7721,0,1,0,6.772102,0.0000,0.0000,0.0000,0.0000,0.0000,0.0000,3.71201,3.717104,3.714557,,,,,,0,0,0,0,0,0,0,0,0,0,0,0,0,0,0,0,0,0,0,0,0,0,0,0,0,0,0,0,0,0,0,0,0,0,0,0,0,0,0,0,0,0,0,0,0,0,0,0,0,0,0,
Participant,7_3,11_49_55,6.7753,0,1,0,6.77527,0.0000,0.0000,0.0000,0.0000,0.0000,0.0000,3.715376,3.712582,3.713979,,,,,,0,0,0,0,0,0,0,0,0,0,0,0,0,0,0,0,0,0,0,0,0,0,0,0,0,0,0,0,0,0,0,0,0,0,0,0,0,0,0,0,0,0,0,0,0,0,0,0,0,0,0,
Participant,7_3,11_49_55,6.7786,0,1,0,6.778552,0.0000,0.0000,0.0000,0.0000,0.0000,0.0000,3.703833,3.735003,3.719418,,,,,,0,0,0,0,0,0,0,0,0,0,0,0,0,0,0,0,0,0,0,0,0,0,0,0,0,0,0,0,0,0,0,0,0,0,0,0,0,0,0,0,0,0,0,0,0,0,0,0,0,0,0,
Participant,7_3,11_49_55,6.7817,0,1,0,6.781741,0.0000,0.0000,0.0000,0.0000,0.0000,0.0000,3.713442,3.703295,3.708369,,,,,,0,0,0,0,0,0,0,0,0,0,0,0,0,0,0,0,0,0,0,0,0,0,0,0,0,0,0,0,0,0,0,0,0,0,0,0,0,0,0,0,0,0,0,0,0,0,0,0,0,0,0,
Participant,7_3,11_49_55,6.7851,0,1,0,6.78512,0.0000,0.0000,0.0000,0.0000,0.0000,0.0000,3.722869,3.681816,3.702342,,,,,,0,0,0,0,0,0,0,0,0,0,0,0,0,0,0,0,0,0,0,0,0,0,0,0,0,0,0,0,0,0,0,0,0,0,0,0,0,0,0,0,0,0,0,0,0,0,0,0,0,0,0,
Participant,7_3,11_49_55,6.7883,0,1,0,6.788271,0.0000,0.0000,0.0000,0.0000,0.0000,0.0000,3.703603,3.695761,3.699682,,,,,,0,0,0,0,0,0,0,0,0,0,0,0,0,0,0,0,0,0,0,0,0,0,0,0,0,0,0,0,0,0,0,0,0,0,0,0,0,0,0,0,0,0,0,0,0,0,0,0,0,0,0,
Participant,7_3,11_49_55,6.7915,0,1,0,6.791459,0.0000,0.0000,0.0000,0.0000,0.0000,0.0000,3.702617,3.739291,3.720954,,,,,,0,0,0,0,0,0,0,0,0,0,0,0,0,0,0,0,0,0,0,0,0,0,0,0,0,0,0,0,0,0,0,0,0,0,0,0,0,0,0,0,0,0,0,0,0,0,0,0,0,0,0,
Participant,7_3,11_49_55,6.7948,0,1,0,6.794756,0.0000,0.0000,0.0000,0.0000,0.0000,0.0000,3.704158,3.691405,3.697782,,,,,,0,0,0,0,0,0,0,0,0,0,0,0,0,0,0,0,0,0,0,0,0,0,0,0,0,0,0,0,0,0,0,0,0,0,0,0,0,0,0,0,0,0,0,0,0,0,0,0,0,0,0,
Participant,7_3,11_49_55,6.7983,0,1,0,6.79827,0.0000,0.0000,0.0000,0.0000,0.0000,0.0000,3.725636,3.711296,3.718466,,,,,,0,0,0,0,0,0,0,0,0,0,0,0,0,0,0,0,0,0,0,0,0,0,0,0,0,0,0,0,0,0,0,0,0,0,0,0,0,0,0,0,0,0,0,0,0,0,0,0,0,0,0,
Participant,7_3,11_49_55,6.8016,0,1,0,6.801638,0.0000,0.0000,0.0000,0.0000,0.0000,0.0000,3.716198,3.7372,3.726699,,,,,,0,0,0,0,0,0,0,0,0,0,0,0,0,0,0,0,0,0,0,0,0,0,0,0,0,0,0,0,0,0,0,0,0,0,0,0,0,0,0,0,0,0,0,0,0,0,0,0,0,0,0,
Participant,7_3,11_49_55,6.8052,0,1,0,6.805206,0.0000,0.0000,0.0000,0.0000,0.0000,0.0000,3.738517,3.703421,3.720969,,,,,,0,0,0,0,0,0,0,0,0,0,0,0,0,0,0,0,0,0,0,0,0,0,0,0,0,0,0,0,0,0,0,0,0,0,0,0,0,0,0,0,0,0,0,0,0,0,0,0,0,0,0,
Participant,7_3,11_49_55,6.8087,0,1,0,6.80865,0.0000,0.0000,0.0000,0.0000,0.0000,0.0000,3.710129,3.698805,3.704467,,,,,,0,0,0,0,0,0,0,0,0,0,0,0,0,0,0,0,0,0,0,0,0,0,0,0,0,0,0,0,0,0,0,0,0,0,0,0,0,0,0,0,0,0,0,0,0,0,0,0,0,0,0,
Participant,7_3,11_49_55,6.8121,0,1,0,6.812051,0.0000,0.0000,0.0000,0.0000,0.0000,0.0000,3.744933,3.702563,3.723748,,,,,,0,0,0,0,0,0,0,0,0,0,0,0,0,0,0,0,0,0,0,0,0,0,0,0,0,0,0,0,0,0,0,0,0,0,0,0,0,0,0,0,0,0,0,0,0,0,0,0,0,0,0,
Participant,7_3,11_49_55,6.8155,0,1,0,6.81546,0.0000,0.0000,0.0000,0.0000,0.0000,0.0000,3.706693,3.710484,3.708589,,,,,,0,0,0,0,0,0,0,0,0,0,0,0,0,0,0,0,0,0,0,0,0,0,0,0,0,0,0,0,0,0,0,0,0,0,0,0,0,0,0,0,0,0,0,0,0,0,0,0,0,0,0,
Participant,7_3,11_49_55,6.8186,0,1,0,6.818646,0.0000,0.0000,0.0000,0.0000,0.0000,0.0000,3.719266,3.744644,3.731955,,,,,,0,0,0,0,0,0,0,0,0,0,0,0,0,0,0,0,0,0,0,0,0,0,0,0,0,0,0,0,0,0,0,0,0,0,0,0,0,0,0,0,0,0,0,0,0,0,0,0,0,0,0,
Participant,7_3,11_49_55,6.8219,0,1,0,6.821916,0.0000,0.0000,0.0000,0.0000,0.0000,0.0000,3.710897,3.694367,3.702632,,,,,,0,0,0,0,0,0,0,0,0,0,0,0,0,0,0,0,0,0,0,0,0,0,0,0,0,0,0,0,0,0,0,0,0,0,0,0,0,0,0,0,0,0,0,0,0,0,0,0,0,0,0,
Participant,7_3,11_49_55,6.8256,0,1,0,6.825575,0.0000,0.0000,0.0000,0.0000,0.0000,0.0000,3.746288,3.712689,3.729488,,,,,,0,0,0,0,0,0,0,0,0,0,0,0,0,0,0,0,0,0,0,0,0,0,0,0,0,0,0,0,0,0,0,0,0,0,0,0,0,0,0,0,0,0,0,0,0,0,0,0,0,0,0,
Participant,7_3,11_49_55,6.8290,0,1,0,6.829046,0.0000,0.0000,0.0000,0.0000,0.0000,0.0000,3.727802,3.728462,3.728132,,,,,,0,0,0,0,0,0,0,0,0,0,0,0,0,0,0,0,0,0,0,0,0,0,0,0,0,0,0,0,0,0,0,0,0,0,0,0,0,0,0,0,0,0,0,0,0,0,0,0,0,0,0,
Participant,7_3,11_49_55,6.8326,0,1,0,6.832642,0.0000,0.0000,0.0000,0.0000,0.0000,0.0000,3.741211,3.71804,3.729625,,,,,,0,0,0,0,0,0,0,0,0,0,0,0,0,0,0,0,0,0,0,0,0,0,0,0,0,0,0,0,0,0,0,0,0,0,0,0,0,0,0,0,0,0,0,0,0,0,0,0,0,0,0,
Participant,7_3,11_49_55,6.8360,0,1,0,6.836021,0.0000,0.0000,0.0000,0.0000,0.0000,0.0000,3.698525,3.711887,3.705206,,,,,,0,0,0,0,0,0,0,0,0,0,0,0,0,0,0,0,0,0,0,0,0,0,0,0,0,0,0,0,0,0,0,0,0,0,0,0,0,0,0,0,0,0,0,0,0,0,0,0,0,0,0,
Participant,7_3,11_49_55,6.8392,0,1,0,6.839185,0.0000,0.0000,0.0000,0.0000,0.0000,0.0000,3.752511,3.73473,3.74362,,,,,,0,0,0,0,0,0,0,0,0,0,0,0,0,0,0,0,0,0,0,0,0,0,0,0,0,0,0,0,0,0,0,0,0,0,0,0,0,0,0,0,0,0,0,0,0,0,0,0,0,0,0,
Participant,7_3,11_49_55,6.8424,0,1,0,6.842386,0.0000,0.0000,0.0000,0.0000,0.0000,0.0000,3.722533,3.726628,3.72458,,,,,,0,0,0,0,0,0,0,0,0,0,0,0,0,0,0,0,0,0,0,0,0,0,0,0,0,0,0,0,0,0,0,0,0,0,0,0,0,0,0,0,0,0,0,0,0,0,0,0,0,0,0,
Participant,7_3,11_49_55,6.8459,0,1,0,6.845915,0.0000,0.0000,0.0000,0.0000,0.0000,0.0000,3.703539,3.753401,3.72847,,,,,,0,0,0,0,0,0,0,0,0,0,0,0,0,0,0,0,0,0,0,0,0,0,0,0,0,0,0,0,0,0,0,0,0,0,0,0,0,0,0,0,0,0,0,0,0,0,0,0,0,0,0,
Participant,7_3,11_49_55,6.8491,0,1,0,6.849108,0.0000,0.0000,0.0000,0.0000,0.0000,0.0000,3.74099,3.751685,3.746337,,,,,,0,0,0,0,0,0,0,0,0,0,0,0,0,0,0,0,0,0,0,0,0,0,0,0,0,0,0,0,0,0,0,0,0,0,0,0,0,0,0,0,0,0,0,0,0,0,0,0,0,0,0,
Participant,7_3,11_49_55,6.8523,0,1,0,6.852274,0.0000,0.0000,0.0000,0.0000,0.0000,0.0000,3.731993,3.744387,3.73819,,,,,,0,0,0,0,0,0,0,0,0,0,0,0,0,0,0,0,0,0,0,0,0,0,0,0,0,0,0,0,0,0,0,0,0,0,0,0,0,0,0,0,0,0,0,0,0,0,0,0,0,0,0,
Participant,7_3,11_49_55,6.8639,0,1,0,6.863883,0.0000,0.0000,0.0000,0.0000,0.0000,0.0000,3.717937,3.725188,3.721562,,,,,,0,0,0,0,0,0,0,0,0,0,0,0,0,0,0,0,0,0,0,0,0,0,0,0,0,0,0,0,0,0,0,0,0,0,0,0,0,0,0,0,0,0,0,0,0,0,0,0,0,0,0,
Participant,7_3,11_49_55,6.8677,0,1,0,6.867744,0.0000,0.0000,0.0000,0.0000,0.0000,0.0000,3.713037,3.705316,3.709177,,,,,,0,0,0,0,0,0,0,0,0,0,0,0,0,0,0,0,0,0,0,0,0,0,0,0,0,0,0,0,0,0,0,0,0,0,0,0,0,0,0,0,0,0,0,0,0,0,0,0,0,0,0,
Participant,7_3,11_49_55,6.8766,0,1,0,6.876582,0.0000,0.0000,0.0000,0.0000,0.0000,0.0000,3.737759,3.705249,3.721504,,,,,,0,0,0,0,0,0,0,0,0,0,0,0,0,0,0,0,0,0,0,0,0,0,0,0,0,0,0,0,0,0,0,0,0,0,0,0,0,0,0,0,0,0,0,0,0,0,0,0,0,0,0,
Participant,7_3,11_49_55,6.8798,0,1,0,6.879765,0.0000,0.0000,0.0000,0.0000,0.0000,0.0000,3.735326,3.713446,3.724386,,,,,,0,0,0,0,0,0,0,0,0,0,0,0,0,0,0,0,0,0,0,0,0,0,0,0,0,0,0,0,0,0,0,0,0,0,0,0,0,0,0,0,0,0,0,0,0,0,0,0,0,0,0,
Participant,7_3,11_49_55,6.8833,0,1,0,6.883348,0.0000,0.0000,0.0000,0.0000,0.0000,0.0000,3.711134,3.75908,3.735107,,,,,,0,0,0,0,0,0,0,0,0,0,0,0,0,0,0,0,0,0,0,0,0,0,0,0,0,0,0,0,0,0,0,0,0,0,0,0,0,0,0,0,0,0,0,0,0,0,0,0,0,0,0,
Participant,7_3,11_49_55,6.8867,0,1,0,6.886699,0.0000,0.0000,0.0000,0.0000,0.0000,0.0000,3.710404,3.75875,3.734577,,,,,,0,0,0,0,0,0,0,0,0,0,0,0,0,0,0,0,0,0,0,0,0,0,0,0,0,0,0,0,0,0,0,0,0,0,0,0,0,0,0,0,0,0,0,0,0,0,0,0,0,0,0,
Participant,7_3,11_49_55,6.8900,0,1,0,6.890003,0.0000,0.0000,0.0000,0.0000,0.0000,0.0000,3.739065,3.760366,3.749716,,,,,,0,0,0,0,0,0,0,0,0,0,0,0,0,0,0,0,0,0,0,0,0,0,0,0,0,0,0,0,0,0,0,0,0,0,0,0,0,0,0,0,0,0,0,0,0,0,0,0,0,0,0,
Participant,7_3,11_49_55,6.8934,0,1,0,6.893423,0.0000,0.0000,0.0000,0.0000,0.0000,0.0000,3.758093,3.712757,3.735425,,,,,,0,0,0,0,0,0,0,0,0,0,0,0,0,0,0,0,0,0,0,0,0,0,0,0,0,0,0,0,0,0,0,0,0,0,0,0,0,0,0,0,0,0,0,0,0,0,0,0,0,0,0,
Participant,7_3,11_49_55,6.8968,0,1,0,6.896754,0.0000,0.0000,0.0000,0.0000,0.0000,0.0000,3.714718,3.756758,3.735738,,,,,,0,0,0,0,0,0,0,0,0,0,0,0,0,0,0,0,0,0,0,0,0,0,0,0,0,0,0,0,0,0,0,0,0,0,0,0,0,0,0,0,0,0,0,0,0,0,0,0,0,0,0,
Participant,7_3,11_49_55,6.9001,0,1,0,6.900058,0.0000,0.0000,0.0000,0.0000,0.0000,0.0000,3.726039,3.744413,3.735226,,,,,,0,0,0,0,0,0,0,0,0,0,0,0,0,0,0,0,0,0,0,0,0,0,0,0,0,0,0,0,0,0,0,0,0,0,0,0,0,0,0,0,0,0,0,0,0,0,0,0,0,0,0,
Participant,7_3,11_49_55,6.9035,0,1,0,6.903484,0.0000,0.0000,0.0000,0.0000,0.0000,0.0000,3.708614,3.762977,3.735796,,,,,,0,0,0,0,0,0,0,0,0,0,0,0,0,0,0,0,0,0,0,0,0,0,0,0,0,0,0,0,0,0,0,0,0,0,0,0,0,0,0,0,0,0,0,0,0,0,0,0,0,0,0,
Participant,7_3,11_49_55,6.9066,0,1,0,6.906642,0.0000,0.0000,0.0000,0.0000,0.0000,0.0000,3.765796,3.730064,3.74793,,,,,,0,0,0,0,0,0,0,0,0,0,0,0,0,0,0,0,0,0,0,0,0,0,0,0,0,0,0,0,0,0,0,0,0,0,0,0,0,0,0,0,0,0,0,0,0,0,0,0,0,0,0,
Participant,7_3,11_49_55,6.9098,0,1,0,6.909805,0.0000,0.0000,0.0000,0.0000,0.0000,0.0000,3.717459,3.735996,3.726727,,,,,,0,0,0,0,0,0,0,0,0,0,0,0,0,0,0,0,0,0,0,0,0,0,0,0,0,0,0,0,0,0,0,0,0,0,0,0,0,0,0,0,0,0,0,0,0,0,0,0,0,0,0,
Participant,7_3,11_49_55,6.9130,0,1,0,6.912952,0.0000,0.0000,0.0000,0.0000,0.0000,0.0000,3.726451,3.741613,3.734032,,,,,,0,0,0,0,0,0,0,0,0,0,0,0,0,0,0,0,0,0,0,0,0,0,0,0,0,0,0,0,0,0,0,0,0,0,0,0,0,0,0,0,0,0,0,0,0,0,0,0,0,0,0,
Participant,7_3,11_49_55,6.9164,0,1,0,6.91639,0.0000,0.0000,0.0000,0.0000,0.0000,0.0000,3.739055,3.724384,3.731719,,,,,,0,0,0,0,0,0,0,0,0,0,0,0,0,0,0,0,0,0,0,0,0,0,0,0,0,0,0,0,0,0,0,0,0,0,0,0,0,0,0,0,0,0,0,0,0,0,0,0,0,0,0,
Participant,7_3,11_49_55,6.9198,0,1,0,6.91979,0.0000,0.0000,0.0000,0.0000,0.0000,0.0000,3.766122,3.739594,3.752858,,,,,,0,0,0,0,0,0,0,0,0,0,0,0,0,0,0,0,0,0,0,0,0,0,0,0,0,0,0,0,0,0,0,0,0,0,0,0,0,0,0,0,0,0,0,0,0,0,0,0,0,0,0,
Participant,7_3,11_49_55,6.9232,0,1,0,6.923172,0.0000,0.0000,0.0000,0.0000,0.0000,0.0000,3.719778,3.716972,3.718375,,,,,,0,0,0,0,0,0,0,0,0,0,0,0,0,0,0,0,0,0,0,0,0,0,0,0,0,0,0,0,0,0,0,0,0,0,0,0,0,0,0,0,0,0,0,0,0,0,0,0,0,0,0,
Participant,7_3,11_49_55,6.9267,0,1,0,6.926663,0.0000,0.0000,0.0000,0.0000,0.0000,0.0000,3.716061,3.731059,3.72356,,,,,,0,0,0,0,0,0,0,0,0,0,0,0,0,0,0,0,0,0,0,0,0,0,0,0,0,0,0,0,0,0,0,0,0,0,0,0,0,0,0,0,0,0,0,0,0,0,0,0,0,0,0,
Participant,7_3,11_49_55,6.9303,0,1,0,6.930324,0.0000,0.0000,0.0000,0.0000,0.0000,0.0000,3.717779,3.716741,3.71726,,,,,,0,0,0,0,0,0,0,0,0,0,0,0,0,0,0,0,0,0,0,0,0,0,0,0,0,0,0,0,0,0,0,0,0,0,0,0,0,0,0,0,0,0,0,0,0,0,0,0,0,0,0,
Participant,7_3,11_49_55,6.9336,0,1,0,6.933552,0.0000,0.0000,0.0000,0.0000,0.0000,0.0000,3.742245,3.730031,3.736138,,,,,,0,0,0,0,0,0,0,0,0,0,0,0,0,0,0,0,0,0,0,0,0,0,0,0,0,0,0,0,0,0,0,0,0,0,0,0,0,0,0,0,0,0,0,0,0,0,0,0,0,0,0,
Participant,7_3,11_49_55,6.9369,0,1,0,6.936934,0.0000,0.0000,0.0000,0.0000,0.0000,0.0000,3.746569,3.722345,3.734457,,,,,,0,0,0,0,0,0,0,0,0,0,0,0,0,0,0,0,0,0,0,0,0,0,0,0,0,0,0,0,0,0,0,0,0,0,0,0,0,0,0,0,0,0,0,0,0,0,0,0,0,0,0,
Participant,7_3,11_49_56,6.9404,0,1,0,6.940383,0.0000,0.0000,0.0000,0.0000,0.0000,0.0000,3.771116,3.714272,3.742694,,,,,,0,0,0,0,0,0,0,0,0,0,0,0,0,0,0,0,0,0,0,0,0,0,0,0,0,0,0,0,0,0,0,0,0,0,0,0,0,0,0,0,0,0,0,0,0,0,0,0,0,0,0,
Participant,7_3,11_49_56,6.9440,0,1,0,6.943978,0.0000,0.0000,0.0000,0.0000,0.0000,0.0000,3.761846,3.763716,3.762781,,,,,,0,0,0,0,0,0,0,0,0,0,0,0,0,0,0,0,0,0,0,0,0,0,0,0,0,0,0,0,0,0,0,0,0,0,0,0,0,0,0,0,0,0,0,0,0,0,0,0,0,0,0,
Participant,7_3,11_49_56,6.9474,0,1,0,6.947398,0.0000,0.0000,0.0000,0.0000,0.0000,0.0000,3.771602,3.72898,3.750291,,,,,,0,0,0,0,0,0,0,0,0,0,0,0,0,0,0,0,0,0,0,0,0,0,0,0,0,0,0,0,0,0,0,0,0,0,0,0,0,0,0,0,0,0,0,0,0,0,0,0,0,0,0,
Participant,7_3,11_49_56,6.9506,0,1,0,6.950586,0.0000,0.0000,0.0000,0.0000,0.0000,0.0000,3.759903,3.716394,3.738149,,,,,,0,0,0,0,0,0,0,0,0,0,0,0,0,0,0,0,0,0,0,0,0,0,0,0,0,0,0,0,0,0,0,0,0,0,0,0,0,0,0,0,0,0,0,0,0,0,0,0,0,0,0,
Participant,7_3,11_49_56,6.9538,0,1,0,6.953799,0.0000,0.0000,0.0000,0.0000,0.0000,0.0000,3.74683,3.756302,3.751566,,,,,,0,0,0,0,0,0,0,0,0,0,0,0,0,0,0,0,0,0,0,0,0,0,0,0,0,0,0,0,0,0,0,0,0,0,0,0,0,0,0,0,0,0,0,0,0,0,0,0,0,0,0,
Participant,7_3,11_49_56,6.9570,0,1,0,6.957009,0.0000,0.0000,0.0000,0.0000,0.0000,0.0000,3.766001,3.717728,3.741864,,,,,,0,0,0,0,0,0,0,0,0,0,0,0,0,0,0,0,0,0,0,0,0,0,0,0,0,0,0,0,0,0,0,0,0,0,0,0,0,0,0,0,0,0,0,0,0,0,0,0,0,0,0,
Participant,7_3,11_49_56,6.9602,0,1,0,6.96015,0.0000,0.0000,0.0000,0.0000,0.0000,0.0000,3.728337,3.724066,3.726202,,,,,,0,0,0,0,0,0,0,0,0,0,0,0,0,0,0,0,0,0,0,0,0,0,0,0,0,0,0,0,0,0,0,0,0,0,0,0,0,0,0,0,0,0,0,0,0,0,0,0,0,0,0,
Participant,7_3,11_49_56,6.9636,0,1,0,6.963557,0.0000,0.0000,0.0000,0.0000,0.0000,0.0000,3.71697,3.768636,3.742803,,,,,,0,0,0,0,0,0,0,0,0,0,0,0,0,0,0,0,0,0,0,0,0,0,0,0,0,0,0,0,0,0,0,0,0,0,0,0,0,0,0,0,0,0,0,0,0,0,0,0,0,0,0,
Participant,7_3,11_49_56,6.9674,0,1,0,6.967371,0.0000,0.0000,0.0000,0.0000,0.0000,0.0000,3.729289,3.760499,3.744894,,,,,,0,0,0,0,0,0,0,0,0,0,0,0,0,0,0,0,0,0,0,0,0,0,0,0,0,0,0,0,0,0,0,0,0,0,0,0,0,0,0,0,0,0,0,0,0,0,0,0,0,0,0,
Participant,7_3,11_49_56,6.9709,0,1,0,6.970875,0.0000,0.0000,0.0000,0.0000,0.0000,0.0000,3.756242,3.729055,3.742648,,,,,,0,0,0,0,0,0,0,0,0,0,0,0,0,0,0,0,0,0,0,0,0,0,0,0,0,0,0,0,0,0,0,0,0,0,0,0,0,0,0,0,0,0,0,0,0,0,0,0,0,0,0,
Participant,7_3,11_49_56,6.9742,0,1,0,6.974222,0.0000,0.0000,0.0000,0.0000,0.0000,0.0000,3.767916,3.75083,3.759373,,,,,,0,0,0,0,0,0,0,0,0,0,0,0,0,0,0,0,0,0,0,0,0,0,0,0,0,0,0,0,0,0,0,0,0,0,0,0,0,0,0,0,0,0,0,0,0,0,0,0,0,0,0,
Participant,7_3,11_49_56,6.9777,0,1,0,6.977688,0.0000,0.0000,0.0000,0.0000,0.0000,0.0000,3.744224,3.742877,3.743551,,,,,,0,0,0,0,0,0,0,0,0,0,0,0,0,0,0,0,0,0,0,0,0,0,0,0,0,0,0,0,0,0,0,0,0,0,0,0,0,0,0,0,0,0,0,0,0,0,0,0,0,0,0,
Participant,7_3,11_49_56,6.9811,0,1,0,6.981122,0.0000,0.0000,0.0000,0.0000,0.0000,0.0000,3.736556,3.758252,3.747404,,,,,,0,0,0,0,0,0,0,0,0,0,0,0,0,0,0,0,0,0,0,0,0,0,0,0,0,0,0,0,0,0,0,0,0,0,0,0,0,0,0,0,0,0,0,0,0,0,0,0,0,0,0,
Participant,7_3,11_49_56,6.9846,0,1,0,6.984558,0.0000,0.0000,0.0000,0.0000,0.0000,0.0000,3.737023,3.738349,3.737686,,,,,,0,0,0,0,0,0,0,0,0,0,0,0,0,0,0,0,0,0,0,0,0,0,0,0,0,0,0,0,0,0,0,0,0,0,0,0,0,0,0,0,0,0,0,0,0,0,0,0,0,0,0,
Participant,7_3,11_49_56,6.9878,0,1,0,6.987815,0.0000,0.0000,0.0000,0.0000,0.0000,0.0000,3.746373,3.749297,3.747835,,,,,,0,0,0,0,0,0,0,0,0,0,0,0,0,0,0,0,0,0,0,0,0,0,0,0,0,0,0,0,0,0,0,0,0,0,0,0,0,0,0,0,0,0,0,0,0,0,0,0,0,0,0,
Participant,7_3,11_49_56,6.9913,0,1,0,6.991251,0.0000,0.0000,0.0000,0.0000,0.0000,0.0000,3.775023,3.773014,3.774019,,,,,,0,0,0,0,0,0,0,0,0,0,0,0,0,0,0,0,0,0,0,0,0,0,0,0,0,0,0,0,0,0,0,0,0,0,0,0,0,0,0,0,0,0,0,0,0,0,0,0,0,0,0,
Participant,7_3,11_49_56,6.9946,0,1,0,6.994579,0.0000,0.0000,0.0000,0.0000,0.0000,0.0000,3.725034,3.734855,3.729945,,,,,,0,0,0,0,0,0,0,0,0,0,0,0,0,0,0,0,0,0,0,0,0,0,0,0,0,0,0,0,0,0,0,0,0,0,0,0,0,0,0,0,0,0,0,0,0,0,0,0,0,0,0,
Participant,7_3,11_49_56,6.9980,0,1,0,6.997956,0.0000,0.0000,0.0000,0.0000,0.0000,0.0000,3.730766,3.764979,3.747872,,,,,,0,0,0,0,0,0,0,0,0,0,0,0,0,0,0,0,0,0,0,0,0,0,0,0,0,0,0,0,0,0,0,0,0,0,0,0,0,0,0,0,0,0,0,0,0,0,0,0,0,0,0,
Participant,7_3,11_49_56,7.0011,0,1,0,7.001129,0.0000,0.0000,0.0000,0.0000,0.0000,0.0000,3.732639,3.744735,3.738687,,,,,,0,0,0,0,0,0,0,0,0,0,0,0,0,0,0,0,0,0,0,0,0,0,0,0,0,0,0,0,0,0,0,0,0,0,0,0,0,0,0,0,0,0,0,0,0,0,0,0,0,0,0,
Participant,7_3,11_49_56,7.0047,0,1,0,7.00473,0.0000,0.0000,0.0000,0.0000,0.0000,0.0000,3.749676,3.738408,3.744042,,,,,,0,0,0,0,0,0,0,0,0,0,0,0,0,0,0,0,0,0,0,0,0,0,0,0,0,0,0,0,0,0,0,0,0,0,0,0,0,0,0,0,0,0,0,0,0,0,0,0,0,0,0,
Participant,7_3,11_49_56,7.0088,0,1,0,7.008752,0.0000,0.0000,0.0000,0.0000,0.0000,0.0000,3.755602,3.724726,3.740164,0.2993765,,,,,0,0,0,0,0,0,0,0,0,0,0,0,0,0,0,0,0,0,0,0,0,0,0,0,0,0,0,0,0,0,0,0,0,0,0,0,0,0,0,0,0,0,0,0,0,0,0,0,0,0,0,
Participant,7_3,11_49_56,7.0120,0,1,0,7.011957,0.0000,0.0000,0.0000,0.0000,0.0000,0.0000,3.768297,3.759446,3.763872,0.3230841,,,,,0,0,0,0,0,0,0,0,0,0,0,0,0,0,0,0,0,0,0,0,0,0,0,0,0,0,0,0,0,0,0,0,0,0,0,0,0,0,0,0,0,0,0,0,0,0,0,0,0,0,0,
Participant,7_3,11_49_56,7.0154,0,1,0,7.015361,0.0000,0.0000,0.0000,0.0000,0.0000,0.0000,3.760747,3.740559,3.750653,0.3098657,,,,,0,0,0,0,0,0,0,0,0,0,0,0,0,0,0,0,0,0,0,0,0,0,0,0,0,0,0,0,0,0,0,0,0,0,0,0,0,0,0,0,0,0,0,0,0,0,0,0,0,0,0,
Participant,7_3,11_49_56,7.0187,0,1,0,7.018693,0.0000,0.0000,0.0000,0.0000,0.0000,0.0000,3.735222,3.728949,3.732085,0.2912977,,,,,0,0,0,0,0,0,0,0,0,0,0,0,0,0,0,0,0,0,0,0,0,0,0,0,0,0,0,0,0,0,0,0,0,0,0,0,0,0,0,0,0,0,0,0,0,0,0,0,0,0,0,
Participant,7_3,11_49_56,7.0221,0,1,0,7.02208,0.0000,0.0000,0.0000,0.0000,0.0000,0.0000,3.733856,3.732317,3.733086,0.2922988,,,,,0,0,0,0,0,0,0,0,0,0,0,0,0,0,0,0,0,0,0,0,0,0,0,0,0,0,0,0,0,0,0,0,0,0,0,0,0,0,0,0,0,0,0,0,0,0,0,0,0,0,0,
Participant,7_3,11_49_56,7.0256,0,1,0,7.025648,0.0000,0.0000,0.0000,0.0000,0.0000,0.0000,3.722028,3.719461,3.720745,0.2799571,,,,,0,0,0,0,0,0,0,0,0,0,0,0,0,0,0,0,0,0,0,0,0,0,0,0,0,0,0,0,0,0,0,0,0,0,0,0,0,0,0,0,0,0,0,0,0,0,0,0,0,0,0,
Participant,7_3,11_49_56,7.0289,0,1,0,7.028913,0.0000,0.0000,0.0000,0.0000,0.0000,0.0000,3.7216,3.777901,3.74975,0.3089628,,,,,0,0,0,0,0,0,0,0,0,0,0,0,0,0,0,0,0,0,0,0,0,0,0,0,0,0,0,0,0,0,0,0,0,0,0,0,0,0,0,0,0,0,0,0,0,0,0,0,0,0,0,
Participant,7_3,11_49_56,7.0324,0,1,0,7.032438,0.0000,0.0000,0.0000,0.0000,0.0000,0.0000,3.72068,3.778487,3.749584,0.3087962,,,,,0,0,0,0,0,0,0,0,0,0,0,0,0,0,0,0,0,0,0,0,0,0,0,0,0,0,0,0,0,0,0,0,0,0,0,0,0,0,0,0,0,0,0,0,0,0,0,0,0,0,0,
Participant,7_3,11_49_56,7.0357,0,1,0,7.035671,0.0000,0.0000,0.0000,0.0000,0.0000,0.0000,3.767394,3.737908,3.752651,0.3118632,,,,,0,0,0,0,0,0,0,0,0,0,0,0,0,0,0,0,0,0,0,0,0,0,0,0,0,0,0,0,0,0,0,0,0,0,0,0,0,0,0,0,0,0,0,0,0,0,0,0,0,0,0,
Participant,7_3,11_49_56,7.0391,0,1,0,7.039074,0.0000,0.0000,0.0000,0.0000,0.0000,0.0000,3.728662,3.759761,3.744211,0.3034239,,,,,0,0,0,0,0,0,0,0,0,0,0,0,0,0,0,0,0,0,0,0,0,0,0,0,0,0,0,0,0,0,0,0,0,0,0,0,0,0,0,0,0,0,0,0,0,0,0,0,0,0,0,
Participant,7_3,11_49_56,7.0425,0,1,0,7.042467,0.0000,0.0000,0.0000,0.0000,0.0000,0.0000,3.740113,3.773921,3.757017,0.3162291,,,,,0,0,0,0,0,0,0,0,0,0,0,0,0,0,0,0,0,0,0,0,0,0,0,0,0,0,0,0,0,0,0,0,0,0,0,0,0,0,0,0,0,0,0,0,0,0,0,0,0,0,0,
Participant,7_3,11_49_56,7.0458,0,1,0,7.045847,0.0000,0.0000,0.0000,0.0000,0.0000,0.0000,3.760913,3.740821,3.750867,0.3100791,,,,,0,0,0,0,0,0,0,0,0,0,0,0,0,0,0,0,0,0,0,0,0,0,0,0,0,0,0,0,0,0,0,0,0,0,0,0,0,0,0,0,0,0,0,0,0,0,0,0,0,0,0,
Participant,7_3,11_49_56,7.0493,0,1,0,7.049285,0.0000,0.0000,0.0000,0.0000,0.0000,0.0000,3.751562,3.730638,3.7411,0.3003125,,,,,0,0,0,0,0,0,0,0,0,0,0,0,0,0,0,0,0,0,0,0,0,0,0,0,0,0,0,0,0,0,0,0,0,0,0,0,0,0,0,0,0,0,0,0,0,0,0,0,0,0,0,
Participant,7_3,11_49_56,7.0524,0,1,0,7.052423,0.0000,0.0000,0.0000,0.0000,0.0000,0.0000,3.723183,3.722922,3.723053,0.2822649,,,,,0,0,0,0,0,0,0,0,0,0,0,0,0,0,0,0,0,0,0,0,0,0,0,0,0,0,0,0,0,0,0,0,0,0,0,0,0,0,0,0,0,0,0,0,0,0,0,0,0,0,0,
Participant,7_3,11_49_56,7.0648,0,1,0,7.064839,0.0000,0.0000,0.0000,0.0000,0.0000,0.0000,3.740664,3.741277,3.740971,0.3001831,,,,,0,0,0,0,0,0,0,0,0,0,0,0,0,0,0,0,0,0,0,0,0,0,0,0,0,0,0,0,0,0,0,0,0,0,0,0,0,0,0,0,0,0,0,0,0,0,0,0,0,0,0,
Participant,7_3,11_49_56,7.0683,0,1,0,7.068328,0.0000,0.0000,0.0000,0.0000,0.0000,0.0000,3.769157,3.737354,3.753256,0.3124681,,,,,0,0,0,0,0,0,0,0,0,0,0,0,0,0,0,0,0,0,0,0,0,0,0,0,0,0,0,0,0,0,0,0,0,0,0,0,0,0,0,0,0,0,0,0,0,0,0,0,0,0,0,
Participant,7_3,11_49_56,7.0718,0,1,0,7.071769,0.0000,0.0000,0.0000,0.0000,0.0000,0.0000,3.777178,3.725523,3.75135,0.3105624,,,,,0,0,0,0,0,0,0,0,0,0,0,0,0,0,0,0,0,0,0,0,0,0,0,0,0,0,0,0,0,0,0,0,0,0,0,0,0,0,0,0,0,0,0,0,0,0,0,0,0,0,0,
Participant,7_3,11_49_56,7.0753,0,1,0,7.075317,0.0000,0.0000,0.0000,0.0000,0.0000,0.0000,3.771946,3.73749,3.754718,0.3139307,,,,,0,0,0,0,0,0,0,0,0,0,0,0,0,0,0,0,0,0,0,0,0,0,0,0,0,0,0,0,0,0,0,0,0,0,0,0,0,0,0,0,0,0,0,0,0,0,0,0,0,0,0,
Participant,7_3,11_49_56,7.0786,0,1,0,7.07863,0.0000,0.0000,0.0000,0.0000,0.0000,0.0000,3.740319,3.767569,3.753943,0.3131559,,,,,0,0,0,0,0,0,0,0,0,0,0,0,0,0,0,0,0,0,0,0,0,0,0,0,0,0,0,0,0,0,0,0,0,0,0,0,0,0,0,0,0,0,0,0,0,0,0,0,0,0,0,
Participant,7_3,11_49_56,7.0820,0,1,0,7.082006,0.0000,0.0000,0.0000,0.0000,0.0000,0.0000,3.749268,3.736632,3.74295,0.3021626,,,,,0,0,0,0,0,0,0,0,0,0,0,0,0,0,0,0,0,0,0,0,0,0,0,0,0,0,0,0,0,0,0,0,0,0,0,0,0,0,0,0,0,0,0,0,0,0,0,0,0,0,0,
Participant,7_3,11_49_56,7.0856,0,1,0,7.085562,0.0000,0.0000,0.0000,0.0000,0.0000,0.0000,3.734354,3.732376,3.733365,0.2925777,,,,,0,0,0,0,0,0,0,0,0,0,0,0,0,0,0,0,0,0,0,0,0,0,0,0,0,0,0,0,0,0,0,0,0,0,0,0,0,0,0,0,0,0,0,0,0,0,0,0,0,0,0,
Participant,7_3,11_49_56,7.0889,0,1,0,7.088939,0.0000,0.0000,0.0000,0.0000,0.0000,0.0000,3.768306,3.762909,3.765607,0.3248196,,,,,0,0,0,0,0,0,0,0,0,0,0,0,0,0,0,0,0,0,0,0,0,0,0,0,0,0,0,0,0,0,0,0,0,0,0,0,0,0,0,0,0,0,0,0,0,0,0,0,0,0,0,
Participant,7_3,11_49_56,7.0921,0,1,0,7.092117,0.0000,0.0000,0.0000,0.0000,0.0000,0.0000,3.729707,3.773257,3.751482,0.3106942,,,,,0,0,0,0,0,0,0,0,0,0,0,0,0,0,0,0,0,0,0,0,0,0,0,0,0,0,0,0,0,0,0,0,0,0,0,0,0,0,0,0,0,0,0,0,0,0,0,0,0,0,0,
Participant,7_3,11_49_56,7.0953,0,1,0,7.095254,0.0000,0.0000,0.0000,0.0000,0.0000,0.0000,3.730818,3.778547,3.754683,0.313895,,,,,0,0,0,0,0,0,0,0,0,0,0,0,0,0,0,0,0,0,0,0,0,0,0,0,0,0,0,0,0,0,0,0,0,0,0,0,0,0,0,0,0,0,0,0,0,0,0,0,0,0,0,
Participant,7_3,11_49_56,7.0985,0,1,0,7.09853,0.0000,0.0000,0.0000,0.0000,0.0000,0.0000,3.744372,3.744403,3.744388,0.3036001,,,,,0,0,0,0,0,0,0,0,0,0,0,0,0,0,0,0,0,0,0,0,0,0,0,0,0,0,0,0,0,0,0,0,0,0,0,0,0,0,0,0,0,0,0,0,0,0,0,0,0,0,0,
Participant,7_3,11_49_56,7.1017,0,1,0,7.101741,0.0000,0.0000,0.0000,0.0000,0.0000,0.0000,3.730982,3.729222,3.730102,0.2893145,,,,,0,0,0,0,0,0,0,0,0,0,0,0,0,0,0,0,0,0,0,0,0,0,0,0,0,0,0,0,0,0,0,0,0,0,0,0,0,0,0,0,0,0,0,0,0,0,0,0,0,0,0,
Participant,7_3,11_49_56,7.1053,0,1,0,7.105312,0.0000,0.0000,0.0000,0.0000,0.0000,0.0000,3.777961,3.774704,3.776333,0.3355451,,,,,0,0,0,0,0,0,0,0,0,0,0,0,0,0,0,0,0,0,0,0,0,0,0,0,0,0,0,0,0,0,0,0,0,0,0,0,0,0,0,0,0,0,0,0,0,0,0,0,0,0,0,
Participant,7_3,11_49_56,7.1086,0,1,0,7.10857,0.0000,0.0000,0.0000,0.0000,0.0000,0.0000,3.762125,3.735413,3.748769,0.3079815,,,,,0,0,0,0,0,0,0,0,0,0,0,0,0,0,0,0,0,0,0,0,0,0,0,0,0,0,0,0,0,0,0,0,0,0,0,0,0,0,0,0,0,0,0,0,0,0,0,0,0,0,0,
Participant,7_3,11_49_56,7.1120,0,1,0,7.111995,0.0000,0.0000,0.0000,0.0000,0.0000,0.0000,3.753119,3.775776,3.764447,0.3236597,,,,,0,0,0,0,0,0,0,0,0,0,0,0,0,0,0,0,0,0,0,0,0,0,0,0,0,0,0,0,0,0,0,0,0,0,0,0,0,0,0,0,0,0,0,0,0,0,0,0,0,0,0,
Participant,7_3,11_49_56,7.1156,0,1,0,7.115584,0.0000,0.0000,0.0000,0.0000,0.0000,0.0000,3.749701,3.749388,3.749545,0.3087571,,,,,0,0,0,0,0,0,0,0,0,0,0,0,0,0,0,0,0,0,0,0,0,0,0,0,0,0,0,0,0,0,0,0,0,0,0,0,0,0,0,0,0,0,0,0,0,0,0,0,0,0,0,
Participant,7_3,11_49_56,7.1190,0,1,0,7.119003,0.0000,0.0000,0.0000,0.0000,0.0000,0.0000,3.73633,3.734657,3.735493,0.2947059,,,,,0,0,0,0,0,0,0,0,0,0,0,0,0,0,0,0,0,0,0,0,0,0,0,0,0,0,0,0,0,0,0,0,0,0,0,0,0,0,0,0,0,0,0,0,0,0,0,0,0,0,0,
Participant,7_3,11_49_56,7.1222,0,1,0,7.12221,0.0000,0.0000,0.0000,0.0000,0.0000,0.0000,3.76496,3.768697,3.766829,0.3260412,,,,,0,0,0,0,0,0,0,0,0,0,0,0,0,0,0,0,0,0,0,0,0,0,0,0,0,0,0,0,0,0,0,0,0,0,0,0,0,0,0,0,0,0,0,0,0,0,0,0,0,0,0,
Participant,7_3,11_49_56,7.1257,0,1,0,7.125663,0.0000,0.0000,0.0000,0.0000,0.0000,0.0000,3.748418,3.775101,3.761759,0.3209717,,,,,0,0,0,0,0,0,0,0,0,0,0,0,0,0,0,0,0,0,0,0,0,0,0,0,0,0,0,0,0,0,0,0,0,0,0,0,0,0,0,0,0,0,0,0,0,0,0,0,0,0,0,
Participant,7_3,11_49_56,7.1290,0,1,0,7.129028,0.0000,0.0000,0.0000,0.0000,0.0000,0.0000,3.733609,3.757216,3.745413,0.3046253,,,,,0,0,0,0,0,0,0,0,0,0,0,0,0,0,0,0,0,0,0,0,0,0,0,0,0,0,0,0,0,0,0,0,0,0,0,0,0,0,0,0,0,0,0,0,0,0,0,0,0,0,0,
Participant,7_3,11_49_56,7.1326,0,1,0,7.132596,0.0000,0.0000,0.0000,0.0000,0.0000,0.0000,3.770193,3.719074,3.744633,0.3038456,,,,,0,0,0,0,0,0,0,0,0,0,0,0,0,0,0,0,0,0,0,0,0,0,0,0,0,0,0,0,0,0,0,0,0,0,0,0,0,0,0,0,0,0,0,0,0,0,0,0,0,0,0,
Participant,7_3,11_49_56,7.1357,0,1,0,7.135733,0.0000,0.0000,0.0000,0.0000,0.0000,0.0000,3.758159,3.751698,3.754928,0.3141408,,,,,0,0,0,0,0,0,0,0,0,0,0,0,0,0,0,0,0,0,0,0,0,0,0,0,0,0,0,0,0,0,0,0,0,0,0,0,0,0,0,0,0,0,0,0,0,0,0,0,0,0,0,
Participant,7_3,11_49_56,7.1392,0,1,0,7.139187,0.0000,0.0000,0.0000,0.0000,0.0000,0.0000,3.773152,3.762943,3.768047,0.3272598,,,,,0,0,0,0,0,0,0,0,0,0,0,0,0,0,0,0,0,0,0,0,0,0,0,0,0,0,0,0,0,0,0,0,0,0,0,0,0,0,0,0,0,0,0,0,0,0,0,0,0,0,0,
Participant,7_3,11_49_56,7.1426,0,1,0,7.14262,0.0000,0.0000,0.0000,0.0000,0.0000,0.0000,3.738815,3.748324,3.743569,0.3027816,,,,,0,0,0,0,0,0,0,0,0,0,0,0,0,0,0,0,0,0,0,0,0,0,0,0,0,0,0,0,0,0,0,0,0,0,0,0,0,0,0,0,0,0,0,0,0,0,0,0,0,0,0,
Participant,7_3,11_49_56,7.1462,0,1,0,7.146213,0.0000,0.0000,0.0000,0.0000,0.0000,0.0000,3.749929,3.737242,3.743586,0.302798,,,,,0,0,0,0,0,0,0,0,0,0,0,0,0,0,0,0,0,0,0,0,0,0,0,0,0,0,0,0,0,0,0,0,0,0,0,0,0,0,0,0,0,0,0,0,0,0,0,0,0,0,0,
Participant,7_3,11_49_56,7.1496,0,1,0,7.149566,0.0000,0.0000,0.0000,0.0000,0.0000,0.0000,3.748133,3.733313,3.740723,0.2999356,,,,,0,0,0,0,0,0,0,0,0,0,0,0,0,0,0,0,0,0,0,0,0,0,0,0,0,0,0,0,0,0,0,0,0,0,0,0,0,0,0,0,0,0,0,0,0,0,0,0,0,0,0,
Participant,7_3,11_49_56,7.1527,0,1,0,7.152726,0.0000,0.0000,0.0000,0.0000,0.0000,0.0000,3.719674,3.773613,3.746644,0.305856,,,,,0,0,0,0,0,0,0,0,0,0,0,0,0,0,0,0,0,0,0,0,0,0,0,0,0,0,0,0,0,0,0,0,0,0,0,0,0,0,0,0,0,0,0,0,0,0,0,0,0,0,0,
Participant,7_3,11_49_56,7.1559,0,1,0,7.155896,0.0000,0.0000,0.0000,0.0000,0.0000,0.0000,3.746792,3.754692,3.750742,0.3099544,,,,,0,0,0,0,0,0,0,0,0,0,0,0,0,0,0,0,0,0,0,0,0,0,0,0,0,0,0,0,0,0,0,0,0,0,0,0,0,0,0,0,0,0,0,0,0,0,0,0,0,0,0,
Participant,7_3,11_49_56,7.1590,0,1,0,7.159014,0.0000,0.0000,0.0000,0.0000,0.0000,0.0000,3.720544,3.761478,3.741011,0.3002238,,,,,0,0,0,0,0,0,0,0,0,0,0,0,0,0,0,0,0,0,0,0,0,0,0,0,0,0,0,0,0,0,0,0,0,0,0,0,0,0,0,0,0,0,0,0,0,0,0,0,0,0,0,
Participant,7_3,11_49_56,7.1623,0,1,0,7.162267,0.0000,0.0000,0.0000,0.0000,0.0000,0.0000,3.724995,3.716821,3.720908,0.2801206,,,,,0,0,0,0,0,0,0,0,0,0,0,0,0,0,0,0,0,0,0,0,0,0,0,0,0,0,0,0,0,0,0,0,0,0,0,0,0,0,0,0,0,0,0,0,0,0,0,0,0,0,0,
Participant,7_3,11_49_56,7.1660,0,1,0,7.166003,0.0000,0.0000,0.0000,0.0000,0.0000,0.0000,3.765084,3.761812,3.763448,0.3226602,,,,,0,0,0,0,0,0,0,0,0,0,0,0,0,0,0,0,0,0,0,0,0,0,0,0,0,0,0,0,0,0,0,0,0,0,0,0,0,0,0,0,0,0,0,0,0,0,0,0,0,0,0,
Participant,7_3,11_49_56,7.1692,0,1,0,7.16923,0.0000,0.0000,0.0000,0.0000,0.0000,0.0000,3.720178,3.749036,3.734607,0.2938192,,,,,0,0,0,0,0,0,0,0,0,0,0,0,0,0,0,0,0,0,0,0,0,0,0,0,0,0,0,0,0,0,0,0,0,0,0,0,0,0,0,0,0,0,0,0,0,0,0,0,0,0,0,
Participant,7_3,11_49_56,7.1725,0,1,0,7.172493,0.0000,0.0000,0.0000,0.0000,0.0000,0.0000,3.76336,3.76164,3.7625,0.3217123,,,,,0,0,0,0,0,0,0,0,0,0,0,0,0,0,0,0,0,0,0,0,0,0,0,0,0,0,0,0,0,0,0,0,0,0,0,0,0,0,0,0,0,0,0,0,0,0,0,0,0,0,0,
Participant,7_3,11_49_56,7.1759,0,1,0,7.175871,0.0000,0.0000,0.0000,0.0000,0.0000,0.0000,3.731273,3.720827,3.72605,0.2852623,,,,,0,0,0,0,0,0,0,0,0,0,0,0,0,0,0,0,0,0,0,0,0,0,0,0,0,0,0,0,0,0,0,0,0,0,0,0,0,0,0,0,0,0,0,0,0,0,0,0,0,0,0,
Participant,7_3,11_49_56,7.1792,0,1,0,7.179156,0.0000,0.0000,0.0000,0.0000,0.0000,0.0000,3.760012,3.726529,3.743271,0.3024833,,,,,0,0,0,0,0,0,0,0,0,0,0,0,0,0,0,0,0,0,0,0,0,0,0,0,0,0,0,0,0,0,0,0,0,0,0,0,0,0,0,0,0,0,0,0,0,0,0,0,0,0,0,
Participant,7_3,11_49_56,7.1823,0,1,0,7.182339,0.0000,0.0000,0.0000,0.0000,0.0000,0.0000,3.719414,3.76076,3.740087,0.299299,,,,,0,0,0,0,0,0,0,0,0,0,0,0,0,0,0,0,0,0,0,0,0,0,0,0,0,0,0,0,0,0,0,0,0,0,0,0,0,0,0,0,0,0,0,0,0,0,0,0,0,0,0,
Participant,7_3,11_49_56,7.1859,0,1,0,7.185948,0.0000,0.0000,0.0000,0.0000,0.0000,0.0000,3.760283,3.734113,3.747198,0.3064106,,,,,0,0,0,0,0,0,0,0,0,0,0,0,0,0,0,0,0,0,0,0,0,0,0,0,0,0,0,0,0,0,0,0,0,0,0,0,0,0,0,0,0,0,0,0,0,0,0,0,0,0,0,
Participant,7_3,11_49_56,7.1894,0,1,0,7.18936,0.0000,0.0000,0.0000,0.0000,0.0000,0.0000,3.764607,3.768825,3.766716,0.3259284,,,,,0,0,0,0,0,0,0,0,0,0,0,0,0,0,0,0,0,0,0,0,0,0,0,0,0,0,0,0,0,0,0,0,0,0,0,0,0,0,0,0,0,0,0,0,0,0,0,0,0,0,0,
Participant,7_3,11_49_56,7.1926,0,1,0,7.192582,0.0000,0.0000,0.0000,0.0000,0.0000,0.0000,3.750698,3.729815,3.740257,0.2994692,,,,,0,0,0,0,0,0,0,0,0,0,0,0,0,0,0,0,0,0,0,0,0,0,0,0,0,0,0,0,0,0,0,0,0,0,0,0,0,0,0,0,0,0,0,0,0,0,0,0,0,0,0,
Participant,7_3,11_49_56,7.1958,0,1,0,7.195769,0.0000,0.0000,0.0000,0.0000,0.0000,0.0000,3.746319,3.721217,3.733768,0.2929804,,,,,0,0,0,0,0,0,0,0,0,0,0,0,0,0,0,0,0,0,0,0,0,0,0,0,0,0,0,0,0,0,0,0,0,0,0,0,0,0,0,0,0,0,0,0,0,0,0,0,0,0,0,
Participant,7_3,11_49_56,7.1990,0,1,0,7.199037,0.0000,0.0000,0.0000,0.0000,0.0000,0.0000,3.748357,3.738832,3.743595,0.3028071,,,,,0,0,0,0,0,0,0,0,0,0,0,0,0,0,0,0,0,0,0,0,0,0,0,0,0,0,0,0,0,0,0,0,0,0,0,0,0,0,0,0,0,0,0,0,0,0,0,0,0,0,0,
Participant,7_3,11_49_56,7.2022,0,1,0,7.202238,0.0000,0.0000,0.0000,0.0000,0.0000,0.0000,3.721477,3.754223,3.73785,0.2970626,,,,,0,0,0,0,0,0,0,0,0,0,0,0,0,0,0,0,0,0,0,0,0,0,0,0,0,0,0,0,0,0,0,0,0,0,0,0,0,0,0,0,0,0,0,0,0,0,0,0,0,0,0,
Participant,7_3,11_49_56,7.2058,0,1,0,7.205823,0.0000,0.0000,0.0000,0.0000,0.0000,0.0000,3.719651,3.743718,3.731684,0.2908969,,,,,0,0,0,0,0,0,0,0,0,0,0,0,0,0,0,0,0,0,0,0,0,0,0,0,0,0,0,0,0,0,0,0,0,0,0,0,0,0,0,0,0,0,0,0,0,0,0,0,0,0,0,
Participant,7_3,11_49_56,7.2090,0,1,0,7.209019,0.0000,0.0000,0.0000,0.0000,0.0000,0.0000,3.738634,3.715851,3.727242,0.2864544,,,,,0,0,0,0,0,0,0,0,0,0,0,0,0,0,0,0,0,0,0,0,0,0,0,0,0,0,0,0,0,0,0,0,0,0,0,0,0,0,0,0,0,0,0,0,0,0,0,0,0,0,0,
Participant,7_3,11_49_56,7.2124,0,1,0,7.212436,0.0000,0.0000,0.0000,0.0000,0.0000,0.0000,3.734481,3.720383,3.727432,0.2866445,,,,,0,0,0,0,0,0,0,0,0,0,0,0,0,0,0,0,0,0,0,0,0,0,0,0,0,0,0,0,0,0,0,0,0,0,0,0,0,0,0,0,0,0,0,0,0,0,0,0,0,0,0,
Participant,7_3,11_49_56,7.2158,0,1,0,7.215802,0.0000,0.0000,0.0000,0.0000,0.0000,0.0000,3.766539,3.712976,3.739757,0.2989695,,,,,0,0,0,0,0,0,0,0,0,0,0,0,0,0,0,0,0,0,0,0,0,0,0,0,0,0,0,0,0,0,0,0,0,0,0,0,0,0,0,0,0,0,0,0,0,0,0,0,0,0,0,
Participant,7_3,11_49_56,7.2192,0,1,0,7.219152,0.0000,0.0000,0.0000,0.0000,0.0000,0.0000,3.71364,3.731436,3.722538,0.2817502,,,,,0,0,0,0,0,0,0,0,0,0,0,0,0,0,0,0,0,0,0,0,0,0,0,0,0,0,0,0,0,0,0,0,0,0,0,0,0,0,0,0,0,0,0,0,0,0,0,0,0,0,0,
Participant,7_3,11_49_56,7.2227,0,1,0,7.222683,0.0000,0.0000,0.0000,0.0000,0.0000,0.0000,3.753683,3.756971,3.755327,0.3145397,,,,,0,0,0,0,0,0,0,0,0,0,0,0,0,0,0,0,0,0,0,0,0,0,0,0,0,0,0,0,0,0,0,0,0,0,0,0,0,0,0,0,0,0,0,0,0,0,0,0,0,0,0,
Participant,7_3,11_49_56,7.2265,0,1,0,7.226545,0.0000,0.0000,0.0000,0.0000,0.0000,0.0000,3.761756,3.718017,3.739887,0.2990992,,,,,0,0,0,0,0,0,0,0,0,0,0,0,0,0,0,0,0,0,0,0,0,0,0,0,0,0,0,0,0,0,0,0,0,0,0,0,0,0,0,0,0,0,0,0,0,0,0,0,0,0,0,
Participant,7_3,11_49_56,7.2297,0,1,0,7.229707,0.0000,0.0000,0.0000,0.0000,0.0000,0.0000,3.722782,3.714021,3.718401,0.2776139,,,,,0,0,0,0,0,0,0,0,0,0,0,0,0,0,0,0,0,0,0,0,0,0,0,0,0,0,0,0,0,0,0,0,0,0,0,0,0,0,0,0,0,0,0,0,0,0,0,0,0,0,0,
Participant,7_3,11_49_56,7.2331,0,1,0,7.233105,0.0000,0.0000,0.0000,0.0000,0.0000,0.0000,3.741788,3.723977,3.732882,0.2920945,,,,,0,0,0,0,0,0,0,0,0,0,0,0,0,0,0,0,0,0,0,0,0,0,0,0,0,0,0,0,0,0,0,0,0,0,0,0,0,0,0,0,0,0,0,0,0,0,0,0,0,0,0,
Participant,7_3,11_49_56,7.2363,0,1,0,7.236259,0.0000,0.0000,0.0000,0.0000,0.0000,0.0000,3.735877,3.733888,3.734882,0.2940946,,,,,0,0,0,0,0,0,0,0,0,0,0,0,0,0,0,0,0,0,0,0,0,0,0,0,0,0,0,0,0,0,0,0,0,0,0,0,0,0,0,0,0,0,0,0,0,0,0,0,0,0,0,
Participant,7_3,11_49_56,7.2394,0,1,0,7.239417,0.0000,0.0000,0.0000,0.0000,0.0000,0.0000,3.70735,3.760567,3.733958,0.2931709,,,,,0,0,0,0,0,0,0,0,0,0,0,0,0,0,0,0,0,0,0,0,0,0,0,0,0,0,0,0,0,0,0,0,0,0,0,0,0,0,0,0,0,0,0,0,0,0,0,0,0,0,0,
Participant,7_3,11_49_56,7.2427,0,1,0,7.242655,0.0000,0.0000,0.0000,0.0000,0.0000,0.0000,3.709068,3.747408,3.728238,0.2874506,,,,,0,0,0,0,0,0,0,0,0,0,0,0,0,0,0,0,0,0,0,0,0,0,0,0,0,0,0,0,0,0,0,0,0,0,0,0,0,0,0,0,0,0,0,0,0,0,0,0,0,0,0,
Participant,7_3,11_49_56,7.2460,0,1,0,7.246047,0.0000,0.0000,0.0000,0.0000,0.0000,0.0000,3.728102,3.74044,3.734271,0.2934835,,,,,0,0,0,0,0,0,0,0,0,0,0,0,0,0,0,0,0,0,0,0,0,0,0,0,0,0,0,0,0,0,0,0,0,0,0,0,0,0,0,0,0,0,0,0,0,0,0,0,0,0,0,
Participant,7_3,11_49_56,7.2495,0,1,0,7.249463,0.0000,0.0000,0.0000,0.0000,0.0000,0.0000,3.748017,3.708213,3.728115,0.2873271,,,,,0,0,0,0,0,0,0,0,0,0,0,0,0,0,0,0,0,0,0,0,0,0,0,0,0,0,0,0,0,0,0,0,0,0,0,0,0,0,0,0,0,0,0,0,0,0,0,0,0,0,0,
Participant,7_3,11_49_56,7.2529,0,1,0,7.252905,0.0000,0.0000,0.0000,0.0000,0.0000,0.0000,3.723301,3.705539,3.71442,0.2736325,,,,,0,0,0,0,0,0,0,0,0,0,0,0,0,0,0,0,0,0,0,0,0,0,0,0,0,0,0,0,0,0,0,0,0,0,0,0,0,0,0,0,0,0,0,0,0,0,0,0,0,0,0,
Participant,7_3,11_49_56,7.2655,0,1,0,7.265531,0.0000,0.0000,0.0000,0.0000,0.0000,0.0000,3.742347,3.752928,3.747637,0.3068497,,,,,0,0,0,0,0,0,0,0,0,0,0,0,0,0,0,0,0,0,0,0,0,0,0,0,0,0,0,0,0,0,0,0,0,0,0,0,0,0,0,0,0,0,0,0,0,0,0,0,0,0,0,
Participant,7_3,11_49_56,7.2694,0,1,0,7.269403,0.0000,0.0000,0.0000,0.0000,0.0000,0.0000,3.730784,3.724614,3.727699,0.2869117,,,,,0,0,0,0,0,0,0,0,0,0,0,0,0,0,0,0,0,0,0,0,0,0,0,0,0,0,0,0,0,0,0,0,0,0,0,0,0,0,0,0,0,0,0,0,0,0,0,0,0,0,0,
Participant,7_3,11_49_56,7.2728,0,1,0,7.272798,0.0000,0.0000,0.0000,0.0000,0.0000,0.0000,3.755508,3.73982,3.747664,0.3068762,,,,,0,0,0,0,0,0,0,0,0,0,0,0,0,0,0,0,0,0,0,0,0,0,0,0,0,0,0,0,0,0,0,0,0,0,0,0,0,0,0,0,0,0,0,0,0,0,0,0,0,0,0,
Participant,7_3,11_49_56,7.2760,0,1,0,7.276003,0.0000,0.0000,0.0000,0.0000,0.0000,0.0000,3.752537,3.751702,3.75212,0.311332,,,,,0,0,0,0,0,0,0,0,0,0,0,0,0,0,0,0,0,0,0,0,0,0,0,0,0,0,0,0,0,0,0,0,0,0,0,0,0,0,0,0,0,0,0,0,0,0,0,0,0,0,0,
Participant,7_3,11_49_56,7.2793,0,1,0,7.279289,0.0000,0.0000,0.0000,0.0000,0.0000,0.0000,3.712911,3.745951,3.729431,0.2886434,,,,,0,0,0,0,0,0,0,0,0,0,0,0,0,0,0,0,0,0,0,0,0,0,0,0,0,0,0,0,0,0,0,0,0,0,0,0,0,0,0,0,0,0,0,0,0,0,0,0,0,0,0,
Participant,7_3,11_49_56,7.2830,0,1,0,7.283032,0.0000,0.0000,0.0000,0.0000,0.0000,0.0000,3.747382,3.729693,3.738538,0.29775,,,,,0,0,0,0,0,0,0,0,0,0,0,0,0,0,0,0,0,0,0,0,0,0,0,0,0,0,0,0,0,0,0,0,0,0,0,0,0,0,0,0,0,0,0,0,0,0,0,0,0,0,0,
Participant,7_3,11_49_56,7.2865,0,1,0,7.286494,0.0000,0.0000,0.0000,0.0000,0.0000,0.0000,3.71785,3.703403,3.710627,0.269839,,,,,0,0,0,0,0,0,0,0,0,0,0,0,0,0,0,0,0,0,0,0,0,0,0,0,0,0,0,0,0,0,0,0,0,0,0,0,0,0,0,0,0,0,0,0,0,0,0,0,0,0,0,
Participant,7_3,11_49_56,7.2900,0,1,0,7.289992,0.0000,0.0000,0.0000,0.0000,0.0000,0.0000,3.741563,3.738116,3.73984,0.299052,,,,,0,0,0,0,0,0,0,0,0,0,0,0,0,0,0,0,0,0,0,0,0,0,0,0,0,0,0,0,0,0,0,0,0,0,0,0,0,0,0,0,0,0,0,0,0,0,0,0,0,0,0,
Participant,7_3,11_49_56,7.2934,0,1,0,7.29337,0.0000,0.0000,0.0000,0.0000,0.0000,0.0000,3.722777,3.724868,3.723822,0.2830348,,,,,0,0,0,0,0,0,0,0,0,0,0,0,0,0,0,0,0,0,0,0,0,0,0,0,0,0,0,0,0,0,0,0,0,0,0,0,0,0,0,0,0,0,0,0,0,0,0,0,0,0,0,
Participant,7_3,11_49_56,7.2966,0,1,0,7.296607,0.0000,0.0000,0.0000,0.0000,0.0000,0.0000,3.747376,3.753566,3.750471,0.3096836,,,,,0,0,0,0,0,0,0,0,0,0,0,0,0,0,0,0,0,0,0,0,0,0,0,0,0,0,0,0,0,0,0,0,0,0,0,0,0,0,0,0,0,0,0,0,0,0,0,0,0,0,0,
Participant,7_3,11_49_56,7.3004,0,1,0,7.300434,0.0000,0.0000,0.0000,0.0000,0.0000,0.0000,3.701411,3.707994,3.704702,0.2639148,,,,,0,0,0,0,0,0,0,0,0,0,0,0,0,0,0,0,0,0,0,0,0,0,0,0,0,0,0,0,0,0,0,0,0,0,0,0,0,0,0,0,0,0,0,0,0,0,0,0,0,0,0,
Participant,7_3,11_49_56,7.3039,0,1,0,7.303853,0.0000,0.0000,0.0000,0.0000,0.0000,0.0000,3.727634,3.711987,3.71981,0.2790225,,,,,0,0,0,0,0,0,0,0,0,0,0,0,0,0,0,0,0,0,0,0,0,0,0,0,0,0,0,0,0,0,0,0,0,0,0,0,0,0,0,0,0,0,0,0,0,0,0,0,0,0,0,
Participant,7_3,11_49_56,7.3072,0,1,0,7.307182,0.0000,0.0000,0.0000,0.0000,0.0000,0.0000,3.748973,3.694546,3.721759,0.2809718,,,,,0,0,0,0,0,0,0,0,0,0,0,0,0,0,0,0,0,0,0,0,0,0,0,0,0,0,0,0,0,0,0,0,0,0,0,0,0,0,0,0,0,0,0,0,0,0,0,0,0,0,0,
Participant,7_3,11_49_56,7.3107,0,1,0,7.310681,0.0000,0.0000,0.0000,0.0000,0.0000,0.0000,3.719432,3.704379,3.711905,0.2711179,,,,,0,0,0,0,0,0,0,0,0,0,0,0,0,0,0,0,0,0,0,0,0,0,0,0,0,0,0,0,0,0,0,0,0,0,0,0,0,0,0,0,0,0,0,0,0,0,0,0,0,0,0,
Participant,7_3,11_49_56,7.3140,0,1,0,7.313977,0.0000,0.0000,0.0000,0.0000,0.0000,0.0000,3.703625,3.735624,3.719625,0.278837,,,,,0,0,0,0,0,0,0,0,0,0,0,0,0,0,0,0,0,0,0,0,0,0,0,0,0,0,0,0,0,0,0,0,0,0,0,0,0,0,0,0,0,0,0,0,0,0,0,0,0,0,0,
Participant,7_3,11_49_56,7.3174,0,1,0,7.317393,0.0000,0.0000,0.0000,0.0000,0.0000,0.0000,3.698272,3.692858,3.695565,0.254777,,,,,0,0,0,0,0,0,0,0,0,0,0,0,0,0,0,0,0,0,0,0,0,0,0,0,0,0,0,0,0,0,0,0,0,0,0,0,0,0,0,0,0,0,0,0,0,0,0,0,0,0,0,
Participant,7_3,11_49_56,7.3209,0,1,0,7.320877,0.0000,0.0000,0.0000,0.0000,0.0000,0.0000,3.71514,3.714012,3.714576,0.2737882,,,,,0,0,0,0,0,0,0,0,0,0,0,0,0,0,0,0,0,0,0,0,0,0,0,0,0,0,0,0,0,0,0,0,0,0,0,0,0,0,0,0,0,0,0,0,0,0,0,0,0,0,0,
Participant,7_3,11_49_56,7.3244,0,1,0,7.324414,0.0000,0.0000,0.0000,0.0000,0.0000,0.0000,3.695403,3.742712,3.719058,0.27827,,,,,0,0,0,0,0,0,0,0,0,0,0,0,0,0,0,0,0,0,0,0,0,0,0,0,0,0,0,0,0,0,0,0,0,0,0,0,0,0,0,0,0,0,0,0,0,0,0,0,0,0,0,
Participant,7_3,11_49_56,7.3277,0,1,0,7.327701,0.0000,0.0000,0.0000,0.0000,0.0000,0.0000,3.716188,3.745827,3.731008,0.2902203,,,,,0,0,0,0,0,0,0,0,0,0,0,0,0,0,0,0,0,0,0,0,0,0,0,0,0,0,0,0,0,0,0,0,0,0,0,0,0,0,0,0,0,0,0,0,0,0,0,0,0,0,0,
Participant,7_3,11_49_56,7.3312,0,1,0,7.331174,0.0000,0.0000,0.0000,0.0000,0.0000,0.0000,3.720979,3.712002,3.71649,0.2757027,,,,,0,0,0,0,0,0,0,0,0,0,0,0,0,0,0,0,0,0,0,0,0,0,0,0,0,0,0,0,0,0,0,0,0,0,0,0,0,0,0,0,0,0,0,0,0,0,0,0,0,0,0,
Participant,7_3,11_49_56,7.3345,0,1,0,7.334515,0.0000,0.0000,0.0000,0.0000,0.0000,0.0000,3.724594,3.703857,3.714225,0.2734377,,,,,0,0,0,0,0,0,0,0,0,0,0,0,0,0,0,0,0,0,0,0,0,0,0,0,0,0,0,0,0,0,0,0,0,0,0,0,0,0,0,0,0,0,0,0,0,0,0,0,0,0,0,
Participant,7_3,11_49_56,7.3382,0,1,0,7.338213,0.0000,0.0000,0.0000,0.0000,0.0000,0.0000,3.734742,3.692204,3.713473,0.2726853,,,,,0,0,0,0,0,0,0,0,0,0,0,0,0,0,0,0,0,0,0,0,0,0,0,0,0,0,0,0,0,0,0,0,0,0,0,0,0,0,0,0,0,0,0,0,0,0,0,0,0,0,0,
Participant,7_3,11_49_56,7.3415,0,1,0,7.341465,0.0000,0.0000,0.0000,0.0000,0.0000,0.0000,3.69732,3.728552,3.712936,0.2721484,,,,,0,0,0,0,0,0,0,0,0,0,0,0,0,0,0,0,0,0,0,0,0,0,0,0,0,0,0,0,0,0,0,0,0,0,0,0,0,0,0,0,0,0,0,0,0,0,0,0,0,0,0,
Participant,7_3,11_49_56,7.3451,0,1,0,7.345072,0.0000,0.0000,0.0000,0.0000,0.0000,0.0000,3.717397,3.705778,3.711587,0.2707999,,,,,0,0,0,0,0,0,0,0,0,0,0,0,0,0,0,0,0,0,0,0,0,0,0,0,0,0,0,0,0,0,0,0,0,0,0,0,0,0,0,0,0,0,0,0,0,0,0,0,0,0,0,
Participant,7_3,11_49_56,7.3485,0,1,0,7.348542,0.0000,0.0000,0.0000,0.0000,0.0000,0.0000,3.690384,3.69842,3.694402,0.2536142,,,,,0,0,0,0,0,0,0,0,0,0,0,0,0,0,0,0,0,0,0,0,0,0,0,0,0,0,0,0,0,0,0,0,0,0,0,0,0,0,0,0,0,0,0,0,0,0,0,0,0,0,0,
Participant,7_3,11_49_56,7.3518,0,1,0,7.351778,0.0000,0.0000,0.0000,0.0000,0.0000,0.0000,3.731137,3.704566,3.717851,0.2770638,,,,,0,0,0,0,0,0,0,0,0,0,0,0,0,0,0,0,0,0,0,0,0,0,0,0,0,0,0,0,0,0,0,0,0,0,0,0,0,0,0,0,0,0,0,0,0,0,0,0,0,0,0,
Participant,7_3,11_49_56,7.3549,0,1,0,7.354922,0.0000,0.0000,0.0000,0.0000,0.0000,0.0000,3.727726,3.686453,3.707089,0.2663016,,,,,0,0,0,0,0,0,0,0,0,0,0,0,0,0,0,0,0,0,0,0,0,0,0,0,0,0,0,0,0,0,0,0,0,0,0,0,0,0,0,0,0,0,0,0,0,0,0,0,0,0,0,
Participant,7_3,11_49_56,7.3581,0,1,0,7.358126,0.0000,0.0000,0.0000,0.0000,0.0000,0.0000,3.73424,3.723657,3.728949,0.288161,,,,,0,0,0,0,0,0,0,0,0,0,0,0,0,0,0,0,0,0,0,0,0,0,0,0,0,0,0,0,0,0,0,0,0,0,0,0,0,0,0,0,0,0,0,0,0,0,0,0,0,0,0,
Participant,7_3,11_49_56,7.3615,0,1,0,7.361524,0.0000,0.0000,0.0000,0.0000,0.0000,0.0000,3.681291,3.694272,3.687782,0.2469943,,,,,0,0,0,0,0,0,0,0,0,0,0,0,0,0,0,0,0,0,0,0,0,0,0,0,0,0,0,0,0,0,0,0,0,0,0,0,0,0,0,0,0,0,0,0,0,0,0,0,0,0,0,
Participant,7_3,11_49_56,7.3649,0,1,0,7.36494,0.0000,0.0000,0.0000,0.0000,0.0000,0.0000,3.72655,3.704496,3.715523,0.2747355,,,,,0,0,0,0,0,0,0,0,0,0,0,0,0,0,0,0,0,0,0,0,0,0,0,0,0,0,0,0,0,0,0,0,0,0,0,0,0,0,0,0,0,0,0,0,0,0,0,0,0,0,0,
Participant,7_3,11_49_56,7.3681,0,1,0,7.368097,0.0000,0.0000,0.0000,0.0000,0.0000,0.0000,3.694999,3.696923,3.695961,0.2551734,,,,,0,0,0,0,0,0,0,0,0,0,0,0,0,0,0,0,0,0,0,0,0,0,0,0,0,0,0,0,0,0,0,0,0,0,0,0,0,0,0,0,0,0,0,0,0,0,0,0,0,0,0,
Participant,7_3,11_49_56,7.3712,0,1,0,7.371242,0.0000,0.0000,0.0000,0.0000,0.0000,0.0000,3.714179,3.715453,3.714816,0.2740285,,,,,0,0,0,0,0,0,0,0,0,0,0,0,0,0,0,0,0,0,0,0,0,0,0,0,0,0,0,0,0,0,0,0,0,0,0,0,0,0,0,0,0,0,0,0,0,0,0,0,0,0,0,
Participant,7_3,11_49_56,7.3744,0,1,0,7.374379,0.0000,0.0000,0.0000,0.0000,0.0000,0.0000,3.711611,3.714211,3.712911,0.2721231,,,,,0,0,0,0,0,0,0,0,0,0,0,0,0,0,0,0,0,0,0,0,0,0,0,0,0,0,0,0,0,0,0,0,0,0,0,0,0,0,0,0,0,0,0,0,0,0,0,0,0,0,0,
Participant,7_3,11_49_56,7.3775,0,1,0,7.377536,0.0000,0.0000,0.0000,0.0000,0.0000,0.0000,3.695648,3.707439,3.701544,0.2607563,,,,,0,0,0,0,0,0,0,0,0,0,0,0,0,0,0,0,0,0,0,0,0,0,0,0,0,0,0,0,0,0,0,0,0,0,0,0,0,0,0,0,0,0,0,0,0,0,0,0,0,0,0,
Participant,7_3,11_49_56,7.3809,0,1,0,7.380878,0.0000,0.0000,0.0000,0.0000,0.0000,0.0000,3.692246,3.685941,3.689094,0.248306,,,,,0,0,0,0,0,0,0,0,0,0,0,0,0,0,0,0,0,0,0,0,0,0,0,0,0,0,0,0,0,0,0,0,0,0,0,0,0,0,0,0,0,0,0,0,0,0,0,0,0,0,0,
Participant,7_3,11_49_56,7.3847,0,1,0,7.384651,0.0000,0.0000,0.0000,0.0000,0.0000,0.0000,3.686757,3.699577,3.693167,0.2523792,,,,,0,0,0,0,0,0,0,0,0,0,0,0,0,0,0,0,0,0,0,0,0,0,0,0,0,0,0,0,0,0,0,0,0,0,0,0,0,0,0,0,0,0,0,0,0,0,0,0,0,0,0,
Participant,7_3,11_49_56,7.3921,0,1,0,7.392077,0.0000,0.0000,0.0000,0.0000,0.0000,0.0000,3.715611,3.699979,3.707795,0.2670071,,,,,0,0,0,0,0,0,0,0,0,0,0,0,0,0,0,0,0,0,0,0,0,0,0,0,0,0,0,0,0,0,0,0,0,0,0,0,0,0,0,0,0,0,0,0,0,0,0,0,0,0,0,
Participant,7_3,11_49_56,7.3953,0,1,0,7.395274,0.0000,0.0000,0.0000,0.0000,0.0000,0.0000,3.68452,3.69248,3.6885,0.2477126,,,,,0,0,0,0,0,0,0,0,0,0,0,0,0,0,0,0,0,0,0,0,0,0,0,0,0,0,0,0,0,0,0,0,0,0,0,0,0,0,0,0,0,0,0,0,0,0,0,0,0,0,0,
Participant,7_3,11_49_56,7.3984,0,1,0,7.398424,0.0000,0.0000,0.0000,0.0000,0.0000,0.0000,3.685413,3.695729,3.690571,0.2497833,,,,,0,0,0,0,0,0,0,0,0,0,0,0,0,0,0,0,0,0,0,0,0,0,0,0,0,0,0,0,0,0,0,0,0,0,0,0,0,0,0,0,0,0,0,0,0,0,0,0,0,0,0,
Participant,7_3,11_49_56,7.4016,0,1,0,7.401645,0.0000,0.0000,0.0000,0.0000,0.0000,0.0000,3.707477,3.690737,3.699107,0.2583194,,,,,0,0,0,0,0,0,0,0,0,0,0,0,0,0,0,0,0,0,0,0,0,0,0,0,0,0,0,0,0,0,0,0,0,0,0,0,0,0,0,0,0,0,0,0,0,0,0,0,0,0,0,
Participant,7_3,11_49_56,7.4053,0,1,0,7.405299,0.0000,0.0000,0.0000,0.0000,0.0000,0.0000,3.691614,3.684997,3.688305,0.2475178,,,,,0,0,0,0,0,0,0,0,0,0,0,0,0,0,0,0,0,0,0,0,0,0,0,0,0,0,0,0,0,0,0,0,0,0,0,0,0,0,0,0,0,0,0,0,0,0,0,0,0,0,0,
Participant,7_3,11_49_56,7.4085,0,1,0,7.408474,0.0000,0.0000,0.0000,0.0000,0.0000,0.0000,3.679233,3.717522,3.698377,0.2575896,,,,,0,0,0,0,0,0,0,0,0,0,0,0,0,0,0,0,0,0,0,0,0,0,0,0,0,0,0,0,0,0,0,0,0,0,0,0,0,0,0,0,0,0,0,0,0,0,0,0,0,0,0,
Participant,7_3,11_49_56,7.4117,0,1,0,7.411716,0.0000,0.0000,0.0000,0.0000,0.0000,0.0000,3.694856,3.70755,3.701203,0.2604158,,,,,0,0,0,0,0,0,0,0,0,0,0,0,0,0,0,0,0,0,0,0,0,0,0,0,0,0,0,0,0,0,0,0,0,0,0,0,0,0,0,0,0,0,0,0,0,0,0,0,0,0,0,
Participant,7_3,11_49_56,7.4152,0,1,0,7.415157,0.0000,0.0000,0.0000,0.0000,0.0000,0.0000,3.721049,3.679799,3.700424,0.2596362,,,,,0,0,0,0,0,0,0,0,0,0,0,0,0,0,0,0,0,0,0,0,0,0,0,0,0,0,0,0,0,0,0,0,0,0,0,0,0,0,0,0,0,0,0,0,0,0,0,0,0,0,0,
Participant,7_3,11_49_56,7.4184,0,1,0,7.418356,0.0000,0.0000,0.0000,0.0000,0.0000,0.0000,3.691073,3.706255,3.698664,0.2578764,,,,,0,0,0,0,0,0,0,0,0,0,0,0,0,0,0,0,0,0,0,0,0,0,0,0,0,0,0,0,0,0,0,0,0,0,0,0,0,0,0,0,0,0,0,0,0,0,0,0,0,0,0,
Participant,7_3,11_49_56,7.4215,0,1,0,7.421533,0.0000,0.0000,0.0000,0.0000,0.0000,0.0000,3.662874,3.694063,3.678469,0.2376812,,,,,0,0,0,0,0,0,0,0,0,0,0,0,0,0,0,0,0,0,0,0,0,0,0,0,0,0,0,0,0,0,0,0,0,0,0,0,0,0,0,0,0,0,0,0,0,0,0,0,0,0,0,
Participant,7_3,11_49_56,7.4250,0,1,0,7.424955,0.0000,0.0000,0.0000,0.0000,0.0000,0.0000,3.695143,3.672115,3.683629,0.2428415,,,,,0,0,0,0,0,0,0,0,0,0,0,0,0,0,0,0,0,0,0,0,0,0,0,0,0,0,0,0,0,0,0,0,0,0,0,0,0,0,0,0,0,0,0,0,0,0,0,0,0,0,0,
Participant,7_3,11_49_56,7.4283,0,1,0,7.428345,0.0000,0.0000,0.0000,0.0000,0.0000,0.0000,3.680604,3.712389,3.696496,0.2557089,,,,,0,0,0,0,0,0,0,0,0,0,0,0,0,0,0,0,0,0,0,0,0,0,0,0,0,0,0,0,0,0,0,0,0,0,0,0,0,0,0,0,0,0,0,0,0,0,0,0,0,0,0,
Participant,7_3,11_49_56,7.4316,0,1,0,7.431581,0.0000,0.0000,0.0000,0.0000,0.0000,0.0000,3.695698,3.668982,3.68234,0.2415526,,,,,0,0,0,0,0,0,0,0,0,0,0,0,0,0,0,0,0,0,0,0,0,0,0,0,0,0,0,0,0,0,0,0,0,0,0,0,0,0,0,0,0,0,0,0,0,0,0,0,0,0,0,
Participant,7_3,11_49_56,7.4350,0,1,0,7.434961,0.0000,0.0000,0.0000,0.0000,0.0000,0.0000,3.657643,3.688664,3.673153,0.2323658,,,,,0,0,0,0,0,0,0,0,0,0,0,0,0,0,0,0,0,0,0,0,0,0,0,0,0,0,0,0,0,0,0,0,0,0,0,0,0,0,0,0,0,0,0,0,0,0,0,0,0,0,0,
Participant,7_3,11_49_56,7.4382,0,1,0,7.438205,0.0000,0.0000,0.0000,0.0000,0.0000,0.0000,3.68083,3.706477,3.693653,0.2528656,,,,,0,0,0,0,0,0,0,0,0,0,0,0,0,0,0,0,0,0,0,0,0,0,0,0,0,0,0,0,0,0,0,0,0,0,0,0,0,0,0,0,0,0,0,0,0,0,0,0,0,0,0,
Participant,7_3,11_49_56,7.4417,0,1,0,7.44167,0.0000,0.0000,0.0000,0.0000,0.0000,0.0000,3.696958,3.670597,3.683777,0.2429898,,,,,0,0,0,0,0,0,0,0,0,0,0,0,0,0,0,0,0,0,0,0,0,0,0,0,0,0,0,0,0,0,0,0,0,0,0,0,0,0,0,0,0,0,0,0,0,0,0,0,0,0,0,
Participant,7_3,11_49_56,7.4452,0,1,0,7.445199,0.0000,0.0000,0.0000,0.0000,0.0000,0.0000,3.682511,3.661858,3.672185,0.2313974,,,,,0,0,0,0,0,0,0,0,0,0,0,0,0,0,0,0,0,0,0,0,0,0,0,0,0,0,0,0,0,0,0,0,0,0,0,0,0,0,0,0,0,0,0,0,0,0,0,0,0,0,0,
Participant,7_3,11_49_56,7.4489,0,1,0,7.44891,0.0000,0.0000,0.0000,0.0000,0.0000,0.0000,3.666777,3.667182,3.66698,0.226192,,,,,0,0,0,0,0,0,0,0,0,0,0,0,0,0,0,0,0,0,0,0,0,0,0,0,0,0,0,0,0,0,0,0,0,0,0,0,0,0,0,0,0,0,0,0,0,0,0,0,0,0,0,
Participant,7_3,11_49_56,7.4524,0,1,0,7.452421,0.0000,0.0000,0.0000,0.0000,0.0000,0.0000,3.705971,3.650046,3.678009,0.237221,,,,,0,0,0,0,0,0,0,0,0,0,0,0,0,0,0,0,0,0,0,0,0,0,0,0,0,0,0,0,0,0,0,0,0,0,0,0,0,0,0,0,0,0,0,0,0,0,0,0,0,0,0,
Participant,7_3,11_49_56,7.4559,0,1,0,7.455871,0.0000,0.0000,0.0000,0.0000,0.0000,0.0000,3.649199,3.670341,3.65977,0.218982,,,,,0,0,0,0,0,0,0,0,0,0,0,0,0,0,0,0,0,0,0,0,0,0,0,0,0,0,0,0,0,0,0,0,0,0,0,0,0,0,0,0,0,0,0,0,0,0,0,0,0,0,0,
Participant,7_3,11_49_56,7.4685,0,1,0,7.468472,0.0000,0.0000,0.0000,0.0000,0.0000,0.0000,3.680197,3.692568,3.686383,0.2455952,,,,,0,0,0,0,0,0,0,0,0,0,0,0,0,0,0,0,0,0,0,0,0,0,0,0,0,0,0,0,0,0,0,0,0,0,0,0,0,0,0,0,0,0,0,0,0,0,0,0,0,0,0,
Participant,7_3,11_49_56,7.4719,0,1,0,7.471917,0.0000,0.0000,0.0000,0.0000,0.0000,0.0000,3.693783,3.679032,3.686408,0.24562,,,,,0,0,0,0,0,0,0,0,0,0,0,0,0,0,0,0,0,0,0,0,0,0,0,0,0,0,0,0,0,0,0,0,0,0,0,0,0,0,0,0,0,0,0,0,0,0,0,0,0,0,0,
Participant,7_3,11_49_56,7.4753,0,1,0,7.475261,0.0000,0.0000,0.0000,0.0000,0.0000,0.0000,3.694335,3.701576,3.697956,0.2571681,,,,,0,0,0,0,0,0,0,0,0,0,0,0,0,0,0,0,0,0,0,0,0,0,0,0,0,0,0,0,0,0,0,0,0,0,0,0,0,0,0,0,0,0,0,0,0,0,0,0,0,0,0,
Participant,7_3,11_49_56,7.4785,0,1,0,7.478544,0.0000,0.0000,0.0000,0.0000,0.0000,0.0000,3.680335,3.66805,3.674192,0.2334049,,,,,0,0,0,0,0,0,0,0,0,0,0,0,0,0,0,0,0,0,0,0,0,0,0,0,0,0,0,0,0,0,0,0,0,0,0,0,0,0,0,0,0,0,0,0,0,0,0,0,0,0,0,
Participant,7_3,11_49_56,7.4820,0,1,0,7.482044,0.0000,0.0000,0.0000,0.0000,0.0000,0.0000,3.649941,3.69765,3.673795,0.2330077,,,,,0,0,0,0,0,0,0,0,0,0,0,0,0,0,0,0,0,0,0,0,0,0,0,0,0,0,0,0,0,0,0,0,0,0,0,0,0,0,0,0,0,0,0,0,0,0,0,0,0,0,0,
Participant,7_3,11_49_56,7.4856,0,1,0,7.485575,0.0000,0.0000,0.0000,0.0000,0.0000,0.0000,3.675704,3.661208,3.668456,0.2276685,,,,,0,0,0,0,0,0,0,0,0,0,0,0,0,0,0,0,0,0,0,0,0,0,0,0,0,0,0,0,0,0,0,0,0,0,0,0,0,0,0,0,0,0,0,0,0,0,0,0,0,0,0,
Participant,7_3,11_49_56,7.4888,0,1,0,7.488761,0.0000,0.0000,0.0000,0.0000,0.0000,0.0000,3.663085,3.649755,3.65642,0.2156322,,,,,0,0,0,0,0,0,0,0,0,0,0,0,0,0,0,0,0,0,0,0,0,0,0,0,0,0,0,0,0,0,0,0,0,0,0,0,0,0,0,0,0,0,0,0,0,0,0,0,0,0,0,
Participant,7_3,11_49_56,7.4920,0,1,0,7.491955,0.0000,0.0000,0.0000,0.0000,0.0000,0.0000,3.693105,3.640464,3.666785,0.225997,,,,,0,0,0,0,0,0,0,0,0,0,0,0,0,0,0,0,0,0,0,0,0,0,0,0,0,0,0,0,0,0,0,0,0,0,0,0,0,0,0,0,0,0,0,0,0,0,0,0,0,0,0,
Participant,7_3,11_49_56,7.4952,0,1,0,7.495161,0.0000,0.0000,0.0000,0.0000,0.0000,0.0000,3.641525,3.691245,3.666385,0.2255974,,,,,0,0,0,0,0,0,0,0,0,0,0,0,0,0,0,0,0,0,0,0,0,0,0,0,0,0,0,0,0,0,0,0,0,0,0,0,0,0,0,0,0,0,0,0,0,0,0,0,0,0,0,
Participant,7_3,11_49_56,7.4983,0,1,0,7.498324,0.0000,0.0000,0.0000,0.0000,0.0000,0.0000,3.675788,3.645734,3.660761,0.2199733,,,,,0,0,0,0,0,0,0,0,0,0,0,0,0,0,0,0,0,0,0,0,0,0,0,0,0,0,0,0,0,0,0,0,0,0,0,0,0,0,0,0,0,0,0,0,0,0,0,0,0,0,0,
Participant,7_3,11_49_56,7.5015,0,1,0,7.501529,0.0000,0.0000,0.0000,0.0000,0.0000,0.0000,3.65962,3.658596,3.659108,0.2183206,,,,,0,0,0,0,0,0,0,0,0,0,0,0,0,0,0,0,0,0,0,0,0,0,0,0,0,0,0,0,0,0,0,0,0,0,0,0,0,0,0,0,0,0,0,0,0,0,0,0,0,0,0,
Participant,7_3,11_49_56,7.5049,0,1,0,7.504899,0.0000,0.0000,0.0000,0.0000,0.0000,0.0000,3.647659,3.650299,3.648979,0.2081914,,,,,0,0,0,0,0,0,0,0,0,0,0,0,0,0,0,0,0,0,0,0,0,0,0,0,0,0,0,0,0,0,0,0,0,0,0,0,0,0,0,0,0,0,0,0,0,0,0,0,0,0,0,
Participant,7_3,11_49_56,7.5082,0,1,0,7.508211,0.0000,0.0000,0.0000,0.0000,0.0000,0.0000,3.676457,3.661383,3.66892,0.2281325,,,,,0,0,0,0,0,0,0,0,0,0,0,0,0,0,0,0,0,0,0,0,0,0,0,0,0,0,0,0,0,0,0,0,0,0,0,0,0,0,0,0,0,0,0,0,0,0,0,0,0,0,0,
Participant,7_3,11_49_56,7.5114,0,1,0,7.511358,0.0000,0.0000,0.0000,0.0000,0.0000,0.0000,3.643939,3.668611,3.656275,0.215487,,,,,0,0,0,0,0,0,0,0,0,0,0,0,0,0,0,0,0,0,0,0,0,0,0,0,0,0,0,0,0,0,0,0,0,0,0,0,0,0,0,0,0,0,0,0,0,0,0,0,0,0,0,
Participant,7_3,11_49_56,7.5151,0,1,0,7.515082,0.0000,0.0000,0.0000,0.0000,0.0000,0.0000,3.641148,3.643492,3.64232,0.2015321,,,,,0,0,0,0,0,0,0,0,0,0,0,0,0,0,0,0,0,0,0,0,0,0,0,0,0,0,0,0,0,0,0,0,0,0,0,0,0,0,0,0,0,0,0,0,0,0,0,0,0,0,0,
Participant,7_3,11_49_56,7.5185,0,1,0,7.518477,0.0000,0.0000,0.0000,0.0000,0.0000,0.0000,3.664581,3.680667,3.672624,0.2318366,,,,,0,0,0,0,0,0,0,0,0,0,0,0,0,0,0,0,0,0,0,0,0,0,0,0,0,0,0,0,0,0,0,0,0,0,0,0,0,0,0,0,0,0,0,0,0,0,0,0,0,0,0,
Participant,7_3,11_49_56,7.5223,0,1,0,7.522311,0.0000,0.0000,0.0000,0.0000,0.0000,0.0000,3.672283,3.633541,3.652912,0.2121243,,,,,0,0,0,0,0,0,0,0,0,0,0,0,0,0,0,0,0,0,0,0,0,0,0,0,0,0,0,0,0,0,0,0,0,0,0,0,0,0,0,0,0,0,0,0,0,0,0,0,0,0,0,
Participant,7_3,11_49_56,7.5258,0,1,0,7.525836,0.0000,0.0000,0.0000,0.0000,0.0000,0.0000,3.626261,3.633935,3.630098,0.1893108,,,,,0,0,0,0,0,0,0,0,0,0,0,0,0,0,0,0,0,0,0,0,0,0,0,0,0,0,0,0,0,0,0,0,0,0,0,0,0,0,0,0,0,0,0,0,0,0,0,0,0,0,0,
Participant,7_3,11_49_56,7.5290,0,1,0,7.528992,0.0000,0.0000,0.0000,0.0000,0.0000,0.0000,3.622884,3.645907,3.634396,0.193608,,,,,0,0,0,0,0,0,0,0,0,0,0,0,0,0,0,0,0,0,0,0,0,0,0,0,0,0,0,0,0,0,0,0,0,0,0,0,0,0,0,0,0,0,0,0,0,0,0,0,0,0,0,
Participant,7_3,11_49_56,7.5326,0,1,0,7.532629,0.0000,0.0000,0.0000,0.0000,0.0000,0.0000,3.645718,3.656893,3.651305,0.2105179,,,,,0,0,0,0,0,0,0,0,0,0,0,0,0,0,0,0,0,0,0,0,0,0,0,0,0,0,0,0,0,0,0,0,0,0,0,0,0,0,0,0,0,0,0,0,0,0,0,0,0,0,0,
Participant,7_3,11_49_56,7.5359,0,1,0,7.535874,0.0000,0.0000,0.0000,0.0000,0.0000,0.0000,3.658978,3.645628,3.652303,0.2115157,,,,,0,0,0,0,0,0,0,0,0,0,0,0,0,0,0,0,0,0,0,0,0,0,0,0,0,0,0,0,0,0,0,0,0,0,0,0,0,0,0,0,0,0,0,0,0,0,0,0,0,0,0,
Participant,7_3,11_49_56,7.5393,0,1,0,7.539282,0.0000,0.0000,0.0000,0.0000,0.0000,0.0000,3.625659,3.676987,3.651323,0.210535,,,,,0,0,0,0,0,0,0,0,0,0,0,0,0,0,0,0,0,0,0,0,0,0,0,0,0,0,0,0,0,0,0,0,0,0,0,0,0,0,0,0,0,0,0,0,0,0,0,0,0,0,0,
Participant,7_3,11_49_56,7.5424,0,1,0,7.542423,0.0000,0.0000,0.0000,0.0000,0.0000,0.0000,3.619033,3.658484,3.638759,0.1979711,,,,,0,0,0,0,0,0,0,0,0,0,0,0,0,0,0,0,0,0,0,0,0,0,0,0,0,0,0,0,0,0,0,0,0,0,0,0,0,0,0,0,0,0,0,0,0,0,0,0,0,0,0,
Participant,7_3,11_49_56,7.5458,0,1,0,7.545801,0.0000,0.0000,0.0000,0.0000,0.0000,0.0000,3.663846,3.632131,3.647989,0.207201,,,,,0,0,0,0,0,0,0,0,0,0,0,0,0,0,0,0,0,0,0,0,0,0,0,0,0,0,0,0,0,0,0,0,0,0,0,0,0,0,0,0,0,0,0,0,0,0,0,0,0,0,0,
Participant,7_3,11_49_56,7.5496,0,1,0,7.54961,0.0000,0.0000,0.0000,0.0000,0.0000,0.0000,3.63651,3.652053,3.644282,0.2034941,,,,,0,0,0,0,0,0,0,0,0,0,0,0,0,0,0,0,0,0,0,0,0,0,0,0,0,0,0,0,0,0,0,0,0,0,0,0,0,0,0,0,0,0,0,0,0,0,0,0,0,0,0,
Participant,7_3,11_49_56,7.5528,0,1,0,7.552816,0.0000,0.0000,0.0000,0.0000,0.0000,0.0000,3.647915,3.644785,3.64635,0.2055624,,,,,0,0,0,0,0,0,0,0,0,0,0,0,0,0,0,0,0,0,0,0,0,0,0,0,0,0,0,0,0,0,0,0,0,0,0,0,0,0,0,0,0,0,0,0,0,0,0,0,0,0,0,
Participant,7_3,11_49_56,7.5560,0,1,0,7.555999,0.0000,0.0000,0.0000,0.0000,0.0000,0.0000,3.623188,3.63097,3.627079,0.1862919,,,,,0,0,0,0,0,0,0,0,0,0,0,0,0,0,0,0,0,0,0,0,0,0,0,0,0,0,0,0,0,0,0,0,0,0,0,0,0,0,0,0,0,0,0,0,0,0,0,0,0,0,0,
Participant,7_3,11_49_56,7.5592,0,1,0,7.559247,0.0000,0.0000,0.0000,0.0000,0.0000,0.0000,3.640608,3.664373,3.652491,0.2117031,,,,,0,0,0,0,0,0,0,0,0,0,0,0,0,0,0,0,0,0,0,0,0,0,0,0,0,0,0,0,0,0,0,0,0,0,0,0,0,0,0,0,0,0,0,0,0,0,0,0,0,0,0,
Participant,7_3,11_49_56,7.5626,0,1,0,7.562613,0.0000,0.0000,0.0000,0.0000,0.0000,0.0000,3.649713,3.665748,3.65773,0.2169425,,,,,0,0,0,0,0,0,0,0,0,0,0,0,0,0,0,0,0,0,0,0,0,0,0,0,0,0,0,0,0,0,0,0,0,0,0,0,0,0,0,0,0,0,0,0,0,0,0,0,0,0,0,
Participant,7_3,11_49_56,7.5661,0,1,0,7.56608,0.0000,0.0000,0.0000,0.0000,0.0000,0.0000,3.654054,3.626829,3.640441,0.1996539,,,,,0,0,0,0,0,0,0,0,0,0,0,0,0,0,0,0,0,0,0,0,0,0,0,0,0,0,0,0,0,0,0,0,0,0,0,0,0,0,0,0,0,0,0,0,0,0,0,0,0,0,0,
Participant,7_3,11_49_56,7.5692,0,1,0,7.569225,0.0000,0.0000,0.0000,0.0000,0.0000,0.0000,3.638308,3.619959,3.629134,0.1883461,,,,,0,0,0,0,0,0,0,0,0,0,0,0,0,0,0,0,0,0,0,0,0,0,0,0,0,0,0,0,0,0,0,0,0,0,0,0,0,0,0,0,0,0,0,0,0,0,0,0,0,0,0,
Participant,7_3,11_49_56,7.5724,0,1,0,7.572404,0.0000,0.0000,0.0000,0.0000,0.0000,0.0000,3.623816,3.651506,3.637661,0.1968734,,,,,0,0,0,0,0,0,0,0,0,0,0,0,0,0,0,0,0,0,0,0,0,0,0,0,0,0,0,0,0,0,0,0,0,0,0,0,0,0,0,0,0,0,0,0,0,0,0,0,0,0,0,
Participant,7_3,11_49_56,7.5755,0,1,0,7.575539,0.0000,0.0000,0.0000,0.0000,0.0000,0.0000,3.629421,3.602947,3.616184,0.1753967,,,,,0,0,0,0,0,0,0,0,0,0,0,0,0,0,0,0,0,0,0,0,0,0,0,0,0,0,0,0,0,0,0,0,0,0,0,0,0,0,0,0,0,0,0,0,0,0,0,0,0,0,0,
Participant,7_3,11_49_56,7.5787,0,1,0,7.578668,0.0000,0.0000,0.0000,0.0000,0.0000,0.0000,3.60166,3.626723,3.614192,0.173404,,,,,0,0,0,0,0,0,0,0,0,0,0,0,0,0,0,0,0,0,0,0,0,0,0,0,0,0,0,0,0,0,0,0,0,0,0,0,0,0,0,0,0,0,0,0,0,0,0,0,0,0,0,
Participant,7_3,11_49_56,7.5818,0,1,0,7.581828,0.0000,0.0000,0.0000,0.0000,0.0000,0.0000,3.614903,3.611037,3.61297,0.1721828,,,,,0,0,0,0,0,0,0,0,0,0,0,0,0,0,0,0,0,0,0,0,0,0,0,0,0,0,0,0,0,0,0,0,0,0,0,0,0,0,0,0,0,0,0,0,0,0,0,0,0,0,0,
Participant,7_3,11_49_56,7.5853,0,1,0,7.585254,0.0000,0.0000,0.0000,0.0000,0.0000,0.0000,3.605538,3.645329,3.625433,0.1846459,,,,,0,0,0,0,0,0,0,0,0,0,0,0,0,0,0,0,0,0,0,0,0,0,0,0,0,0,0,0,0,0,0,0,0,0,0,0,0,0,0,0,0,0,0,0,0,0,0,0,0,0,0,
Participant,7_3,11_49_56,7.5887,0,1,0,7.588674,0.0000,0.0000,0.0000,0.0000,0.0000,0.0000,3.649855,3.629573,3.639714,0.1989267,,,,,0,0,0,0,0,0,0,0,0,0,0,0,0,0,0,0,0,0,0,0,0,0,0,0,0,0,0,0,0,0,0,0,0,0,0,0,0,0,0,0,0,0,0,0,0,0,0,0,0,0,0,
Participant,7_3,11_49_56,7.5919,0,1,0,7.591944,0.0000,0.0000,0.0000,0.0000,0.0000,0.0000,3.638244,3.614909,3.626576,0.1857889,,,,,0,0,0,0,0,0,0,0,0,0,0,0,0,0,0,0,0,0,0,0,0,0,0,0,0,0,0,0,0,0,0,0,0,0,0,0,0,0,0,0,0,0,0,0,0,0,0,0,0,0,0,
Participant,7_3,11_49_56,7.5953,0,1,0,7.595326,0.0000,0.0000,0.0000,0.0000,0.0000,0.0000,3.644691,3.631551,3.638121,0.1973336,,,,,0,0,0,0,0,0,0,0,0,0,0,0,0,0,0,0,0,0,0,0,0,0,0,0,0,0,0,0,0,0,0,0,0,0,0,0,0,0,0,0,0,0,0,0,0,0,0,0,0,0,0,
Participant,7_3,11_49_56,7.5988,0,1,0,7.598804,0.0000,0.0000,0.0000,0.0000,0.0000,0.0000,3.603702,3.617629,3.610666,0.169878,,,,,0,0,0,0,0,0,0,0,0,0,0,0,0,0,0,0,0,0,0,0,0,0,0,0,0,0,0,0,0,0,0,0,0,0,0,0,0,0,0,0,0,0,0,0,0,0,0,0,0,0,0,
Participant,7_3,11_49_56,7.6021,0,1,0,7.602057,0.0000,0.0000,0.0000,0.0000,0.0000,0.0000,3.630345,3.646187,3.638266,0.1974788,,,,,0,0,0,0,0,0,0,0,0,0,0,0,0,0,0,0,0,0,0,0,0,0,0,0,0,0,0,0,0,0,0,0,0,0,0,0,0,0,0,0,0,0,0,0,0,0,0,0,0,0,0,
Participant,7_3,11_49_56,7.6056,0,1,0,7.605636,0.0000,0.0000,0.0000,0.0000,0.0000,0.0000,3.619062,3.630398,3.62473,0.1839426,,,,,0,0,0,0,0,0,0,0,0,0,0,0,0,0,0,0,0,0,0,0,0,0,0,0,0,0,0,0,0,0,0,0,0,0,0,0,0,0,0,0,0,0,0,0,0,0,0,0,0,0,0,
Participant,7_3,11_49_56,7.6088,0,1,0,7.608842,0.0000,0.0000,0.0000,0.0000,0.0000,0.0000,3.626018,3.638036,3.632027,0.1912391,,,,,0,0,0,0,0,0,0,0,0,0,0,0,0,0,0,0,0,0,0,0,0,0,0,0,0,0,0,0,0,0,0,0,0,0,0,0,0,0,0,0,0,0,0,0,0,0,0,0,0,0,0,
Participant,7_3,11_49_56,7.6123,0,1,0,7.612255,0.0000,0.0000,0.0000,0.0000,0.0000,0.0000,3.590538,3.606478,3.598508,0.1577201,,,,,0,0,0,0,0,0,0,0,0,0,0,0,0,0,0,0,0,0,0,0,0,0,0,0,0,0,0,0,0,0,0,0,0,0,0,0,0,0,0,0,0,0,0,0,0,0,0,0,0,0,0,
Participant,7_3,11_49_56,7.6160,0,1,0,7.615998,0.0000,0.0000,0.0000,0.0000,0.0000,0.0000,3.632823,3.594469,3.613646,0.1728582,,,,,0,0,0,0,0,0,0,0,0,0,0,0,0,0,0,0,0,0,0,0,0,0,0,0,0,0,0,0,0,0,0,0,0,0,0,0,0,0,0,0,0,0,0,0,0,0,0,0,0,0,0,
Participant,7_3,11_49_56,7.6194,0,1,0,7.619353,0.0000,0.0000,0.0000,0.0000,0.0000,0.0000,3.583943,3.602405,3.593174,0.1523867,,,,,0,0,0,0,0,0,0,0,0,0,0,0,0,0,0,0,0,0,0,0,0,0,0,0,0,0,0,0,0,0,0,0,0,0,0,0,0,0,0,0,0,0,0,0,0,0,0,0,0,0,0,
Participant,7_3,11_49_56,7.6226,0,1,0,7.622577,0.0000,0.0000,0.0000,0.0000,0.0000,0.0000,3.597882,3.587048,3.592465,0.1516771,,,,,0,0,0,0,0,0,0,0,0,0,0,0,0,0,0,0,0,0,0,0,0,0,0,0,0,0,0,0,0,0,0,0,0,0,0,0,0,0,0,0,0,0,0,0,0,0,0,0,0,0,0,
Participant,7_3,11_49_56,7.6261,0,1,0,7.626126,0.0000,0.0000,0.0000,0.0000,0.0000,0.0000,3.608548,3.594476,3.601511,0.1607239,,,,,0,0,0,0,0,0,0,0,0,0,0,0,0,0,0,0,0,0,0,0,0,0,0,0,0,0,0,0,0,0,0,0,0,0,0,0,0,0,0,0,0,0,0,0,0,0,0,0,0,0,0,
Participant,7_3,11_49_56,7.6296,0,1,0,7.629627,0.0000,0.0000,0.0000,0.0000,0.0000,0.0000,3.636298,3.596689,3.616493,0.1757057,,,,,0,0,0,0,0,0,0,0,0,0,0,0,0,0,0,0,0,0,0,0,0,0,0,0,0,0,0,0,0,0,0,0,0,0,0,0,0,0,0,0,0,0,0,0,0,0,0,0,0,0,0,
Participant,7_3,11_49_56,7.6335,0,1,0,7.633472,0.0000,0.0000,0.0000,0.0000,0.0000,0.0000,3.588144,3.63107,3.609607,0.1688197,,,,,0,0,0,0,0,0,0,0,0,0,0,0,0,0,0,0,0,0,0,0,0,0,0,0,0,0,0,0,0,0,0,0,0,0,0,0,0,0,0,0,0,0,0,0,0,0,0,0,0,0,0,
Participant,7_3,11_49_56,7.6368,0,1,0,7.636795,0.0000,0.0000,0.0000,0.0000,0.0000,0.0000,3.613497,3.591007,3.602252,0.1614645,,,,,0,0,0,0,0,0,0,0,0,0,0,0,0,0,0,0,0,0,0,0,0,0,0,0,0,0,0,0,0,0,0,0,0,0,0,0,0,0,0,0,0,0,0,0,0,0,0,0,0,0,0,
Participant,7_3,11_49_56,7.6403,0,1,0,7.640251,0.0000,0.0000,0.0000,0.0000,0.0000,0.0000,3.587698,3.614,3.600849,0.1600611,,,,,0,0,0,0,0,0,0,0,0,0,0,0,0,0,0,0,0,0,0,0,0,0,0,0,0,0,0,0,0,0,0,0,0,0,0,0,0,0,0,0,0,0,0,0,0,0,0,0,0,0,0,
Participant,7_3,11_49_56,7.6438,0,1,0,7.643831,0.0000,0.0000,0.0000,0.0000,0.0000,0.0000,3.631196,3.606461,3.618829,0.1780412,,,,,0,0,0,0,0,0,0,0,0,0,0,0,0,0,0,0,0,0,0,0,0,0,0,0,0,0,0,0,0,0,0,0,0,0,0,0,0,0,0,0,0,0,0,0,0,0,0,0,0,0,0,
Participant,7_3,11_49_56,7.6472,0,1,0,7.647245,0.0000,0.0000,0.0000,0.0000,0.0000,0.0000,3.627146,3.619424,3.623285,0.1824973,,,,,0,0,0,0,0,0,0,0,0,0,0,0,0,0,0,0,0,0,0,0,0,0,0,0,0,0,0,0,0,0,0,0,0,0,0,0,0,0,0,0,0,0,0,0,0,0,0,0,0,0,0,
Participant,7_3,11_49_56,7.6504,0,1,0,7.65039,0.0000,0.0000,0.0000,0.0000,0.0000,0.0000,3.61878,3.597959,3.60837,0.167582,,,,,0,0,0,0,0,0,0,0,0,0,0,0,0,0,0,0,0,0,0,0,0,0,0,0,0,0,0,0,0,0,0,0,0,0,0,0,0,0,0,0,0,0,0,0,0,0,0,0,0,0,0,
Participant,7_3,11_49_56,7.6536,0,1,0,7.653614,0.0000,0.0000,0.0000,0.0000,0.0000,0.0000,3.598593,3.609899,3.604246,0.1634586,,,,,0,0,0,0,0,0,0,0,0,0,0,0,0,0,0,0,0,0,0,0,0,0,0,0,0,0,0,0,0,0,0,0,0,0,0,0,0,0,0,0,0,0,0,0,0,0,0,0,0,0,0,
Participant,7_3,11_49_56,7.6573,0,1,0,7.657287,0.0000,0.0000,0.0000,0.0000,0.0000,0.0000,3.585212,3.572802,3.579007,0.1382194,,,,,0,0,0,0,0,0,0,0,0,0,0,0,0,0,0,0,0,0,0,0,0,0,0,0,0,0,0,0,0,0,0,0,0,0,0,0,0,0,0,0,0,0,0,0,0,0,0,0,0,0,0,
Participant,7_3,11_49_56,7.6705,0,1,0,7.670481,0.0000,0.0000,0.0000,0.0000,0.0000,0.0000,3.570467,3.612661,3.591564,0.1507766,,,,,0,0,0,0,0,0,0,0,0,0,0,0,0,0,0,0,0,0,0,0,0,0,0,0,0,0,0,0,0,0,0,0,0,0,0,0,0,0,0,0,0,0,0,0,0,0,0,0,0,0,0,
Participant,7_3,11_49_56,7.6745,0,1,0,7.674494,0.0000,0.0000,0.0000,0.0000,0.0000,0.0000,3.610013,3.608037,3.609025,0.1682374,,,,,0,0,0,0,0,0,0,0,0,0,0,0,0,0,0,0,0,0,0,0,0,0,0,0,0,0,0,0,0,0,0,0,0,0,0,0,0,0,0,0,0,0,0,0,0,0,0,0,0,0,0,
Participant,7_3,11_49_56,7.6780,0,1,0,7.677954,0.0000,0.0000,0.0000,0.0000,0.0000,0.0000,3.557847,3.594886,3.576366,0.1355789,,,,,0,0,0,0,0,0,0,0,0,0,0,0,0,0,0,0,0,0,0,0,0,0,0,0,0,0,0,0,0,0,0,0,0,0,0,0,0,0,0,0,0,0,0,0,0,0,0,0,0,0,0,
Participant,7_3,11_49_56,7.6811,0,1,0,7.681122,0.0000,0.0000,0.0000,0.0000,0.0000,0.0000,3.585318,3.612457,3.598887,0.1580994,,,,,0,0,0,0,0,0,0,0,0,0,0,0,0,0,0,0,0,0,0,0,0,0,0,0,0,0,0,0,0,0,0,0,0,0,0,0,0,0,0,0,0,0,0,0,0,0,0,0,0,0,0,
Participant,7_3,11_49_56,7.6849,0,1,0,7.684872,0.0000,0.0000,0.0000,0.0000,0.0000,0.0000,3.570688,3.574846,3.572767,0.1319797,,,,,0,0,0,0,0,0,0,0,0,0,0,0,0,0,0,0,0,0,0,0,0,0,0,0,0,0,0,0,0,0,0,0,0,0,0,0,0,0,0,0,0,0,0,0,0,0,0,0,0,0,0,
Participant,7_3,11_49_56,7.6881,0,1,0,7.688113,0.0000,0.0000,0.0000,0.0000,0.0000,0.0000,3.601457,3.570302,3.58588,0.1450922,,,,,0,0,0,0,0,0,0,0,0,0,0,0,0,0,0,0,0,0,0,0,0,0,0,0,0,0,0,0,0,0,0,0,0,0,0,0,0,0,0,0,0,0,0,0,0,0,0,0,0,0,0,
Participant,7_3,11_49_56,7.6916,0,1,0,7.691605,0.0000,0.0000,0.0000,0.0000,0.0000,0.0000,3.574405,3.567355,3.57088,0.1300924,,,,,0,0,0,0,0,0,0,0,0,0,0,0,0,0,0,0,0,0,0,0,0,0,0,0,0,0,0,0,0,0,0,0,0,0,0,0,0,0,0,0,0,0,0,0,0,0,0,0,0,0,0,
Participant,7_3,11_49_56,7.6948,0,1,0,7.694832,0.0000,0.0000,0.0000,0.0000,0.0000,0.0000,3.567017,3.606249,3.586633,0.1458452,,,,,0,0,0,0,0,0,0,0,0,0,0,0,0,0,0,0,0,0,0,0,0,0,0,0,0,0,0,0,0,0,0,0,0,0,0,0,0,0,0,0,0,0,0,0,0,0,0,0,0,0,0,
Participant,7_3,11_49_56,7.6983,0,1,0,7.69825,0.0000,0.0000,0.0000,0.0000,0.0000,0.0000,3.55771,3.563778,3.560744,0.1199563,,,,,0,0,0,0,0,0,0,0,0,0,0,0,0,0,0,0,0,0,0,0,0,0,0,0,0,0,0,0,0,0,0,0,0,0,0,0,0,0,0,0,0,0,0,0,0,0,0,0,0,0,0,
Participant,7_3,11_49_56,7.7015,0,1,0,7.701503,0.0000,0.0000,0.0000,0.0000,0.0000,0.0000,3.563779,3.587401,3.57559,0.1348026,,,,,0,0,0,0,0,0,0,0,0,0,0,0,0,0,0,0,0,0,0,0,0,0,0,0,0,0,0,0,0,0,0,0,0,0,0,0,0,0,0,0,0,0,0,0,0,0,0,0,0,0,0,
Participant,7_3,11_49_56,7.7050,0,1,0,7.705047,0.0000,0.0000,0.0000,0.0000,0.0000,0.0000,3.59568,3.583195,3.589437,0.1486499,,,,,0,0,0,0,0,0,0,0,0,0,0,0,0,0,0,0,0,0,0,0,0,0,0,0,0,0,0,0,0,0,0,0,0,0,0,0,0,0,0,0,0,0,0,0,0,0,0,0,0,0,0,
Participant,7_3,11_49_56,7.7085,0,1,0,7.708541,0.0000,0.0000,0.0000,0.0000,0.0000,0.0000,3.568146,3.567848,3.567997,0.1272094,,,,,0,0,0,0,0,0,0,0,0,0,0,0,0,0,0,0,0,0,0,0,0,0,0,0,0,0,0,0,0,0,0,0,0,0,0,0,0,0,0,0,0,0,0,0,0,0,0,0,0,0,0,
Participant,7_3,11_49_56,7.7117,0,1,0,7.711684,0.0000,0.0000,0.0000,0.0000,0.0000,0.0000,3.575432,3.560982,3.568207,0.1274197,,,,,0,0,0,0,0,0,0,0,0,0,0,0,0,0,0,0,0,0,0,0,0,0,0,0,0,0,0,0,0,0,0,0,0,0,0,0,0,0,0,0,0,0,0,0,0,0,0,0,0,0,0,
Participant,7_3,11_49_56,7.7149,0,1,0,7.714893,0.0000,0.0000,0.0000,0.0000,0.0000,0.0000,3.549244,3.539015,3.544129,0.1033418,,,,,0,0,0,0,0,0,0,0,0,0,0,0,0,0,0,0,0,0,0,0,0,0,0,0,0,0,0,0,0,0,0,0,0,0,0,0,0,0,0,0,0,0,0,0,0,0,0,0,0,0,0,
Participant,7_3,11_49_56,7.7182,0,1,0,7.718218,0.0000,0.0000,0.0000,0.0000,0.0000,0.0000,3.542073,3.594999,3.568536,0.1277483,,,,,0,0,0,0,0,0,0,0,0,0,0,0,0,0,0,0,0,0,0,0,0,0,0,0,0,0,0,0,0,0,0,0,0,0,0,0,0,0,0,0,0,0,0,0,0,0,0,0,0,0,0,
Participant,7_3,11_49_56,7.7215,0,1,0,7.721453,0.0000,0.0000,0.0000,0.0000,0.0000,0.0000,3.55144,3.568965,3.560203,0.119415,,,,,0,0,0,0,0,0,0,0,0,0,0,0,0,0,0,0,0,0,0,0,0,0,0,0,0,0,0,0,0,0,0,0,0,0,0,0,0,0,0,0,0,0,0,0,0,0,0,0,0,0,0,
Participant,7_3,11_49_56,7.7249,0,1,0,7.724932,0.0000,0.0000,0.0000,0.0000,0.0000,0.0000,3.574616,3.593226,3.583921,0.1431334,,,,,0,0,0,0,0,0,0,0,0,0,0,0,0,0,0,0,0,0,0,0,0,0,0,0,0,0,0,0,0,0,0,0,0,0,0,0,0,0,0,0,0,0,0,0,0,0,0,0,0,0,0,
Participant,7_3,11_49_56,7.7281,0,1,0,7.728138,0.0000,0.0000,0.0000,0.0000,0.0000,0.0000,3.540016,3.534253,3.537135,0.09634709,,,,,0,0,0,0,0,0,0,0,0,0,0,0,0,0,0,0,0,0,0,0,0,0,0,0,0,0,0,0,0,0,0,0,0,0,0,0,0,0,0,0,0,0,0,0,0,0,0,0,0,0,0,
Participant,7_3,11_49_56,7.7314,0,1,0,7.73143,0.0000,0.0000,0.0000,0.0000,0.0000,0.0000,3.531571,3.55072,3.541146,0.1003582,,,,,0,0,0,0,0,0,0,0,0,0,0,0,0,0,0,0,0,0,0,0,0,0,0,0,0,0,0,0,0,0,0,0,0,0,0,0,0,0,0,0,0,0,0,0,0,0,0,0,0,0,0,
Participant,7_3,11_49_56,7.7348,0,1,0,7.734826,0.0000,0.0000,0.0000,0.0000,0.0000,0.0000,3.541087,3.576103,3.558595,0.1178076,,,,,0,0,0,0,0,0,0,0,0,0,0,0,0,0,0,0,0,0,0,0,0,0,0,0,0,0,0,0,0,0,0,0,0,0,0,0,0,0,0,0,0,0,0,0,0,0,0,0,0,0,0,
Participant,7_3,11_49_56,7.7384,0,1,0,7.738437,0.0000,0.0000,0.0000,0.0000,0.0000,0.0000,3.585038,3.581971,3.583504,0.1427169,,,,,0,0,0,0,0,0,0,0,0,0,0,0,0,0,0,0,0,0,0,0,0,0,0,0,0,0,0,0,0,0,0,0,0,0,0,0,0,0,0,0,0,0,0,0,0,0,0,0,0,0,0,
Participant,7_3,11_49_56,7.7419,0,1,0,7.741892,0.0000,0.0000,0.0000,0.0000,0.0000,0.0000,3.569582,3.553962,3.561772,0.1209846,,,,,0,0,0,0,0,0,0,0,0,0,0,0,0,0,0,0,0,0,0,0,0,0,0,0,0,0,0,0,0,0,0,0,0,0,0,0,0,0,0,0,0,0,0,0,0,0,0,0,0,0,0,
Participant,7_3,11_49_56,7.7454,0,1,0,7.745431,0.0000,0.0000,0.0000,0.0000,0.0000,0.0000,3.573364,3.528204,3.550784,0.1099961,,,,,0,0,0,0,0,0,0,0,0,0,0,0,0,0,0,0,0,0,0,0,0,0,0,0,0,0,0,0,0,0,0,0,0,0,0,0,0,0,0,0,0,0,0,0,0,0,0,0,0,0,0,
Participant,7_3,11_49_56,7.7490,0,1,0,7.749002,0.0000,0.0000,0.0000,0.0000,0.0000,0.0000,3.527331,3.551236,3.539284,0.09849596,,,,,0,0,0,0,0,0,0,0,0,0,0,0,0,0,0,0,0,0,0,0,0,0,0,0,0,0,0,0,0,0,0,0,0,0,0,0,0,0,0,0,0,0,0,0,0,0,0,0,0,0,0,
Participant,7_3,11_49_56,7.7523,0,1,0,7.752273,0.0000,0.0000,0.0000,0.0000,0.0000,0.0000,3.54863,3.54806,3.548345,0.1075571,,,,,0,0,0,0,0,0,0,0,0,0,0,0,0,0,0,0,0,0,0,0,0,0,0,0,0,0,0,0,0,0,0,0,0,0,0,0,0,0,0,0,0,0,0,0,0,0,0,0,0,0,0,
Participant,7_3,11_49_56,7.7555,0,1,0,7.755501,0.0000,0.0000,0.0000,0.0000,0.0000,0.0000,3.532051,3.561302,3.546676,0.1058886,,,,,0,0,0,0,0,0,0,0,0,0,0,0,0,0,0,0,0,0,0,0,0,0,0,0,0,0,0,0,0,0,0,0,0,0,0,0,0,0,0,0,0,0,0,0,0,0,0,0,0,0,0,
Participant,7_3,11_49_56,7.7589,0,1,0,7.758939,0.0000,0.0000,0.0000,0.0000,0.0000,0.0000,3.521148,3.53825,3.529699,0.08891177,,,,,0,0,0,0,0,0,0,0,0,0,0,0,0,0,0,0,0,0,0,0,0,0,0,0,0,0,0,0,0,0,0,0,0,0,0,0,0,0,0,0,0,0,0,0,0,0,0,0,0,0,0,
Participant,7_3,11_49_56,7.7623,0,1,0,7.762324,0.0000,0.0000,0.0000,0.0000,0.0000,0.0000,3.553831,3.546698,3.550264,0.1094768,,,,,0,0,0,0,0,0,0,0,0,0,0,0,0,0,0,0,0,0,0,0,0,0,0,0,0,0,0,0,0,0,0,0,0,0,0,0,0,0,0,0,0,0,0,0,0,0,0,0,0,0,0,
Participant,7_3,11_49_56,7.7663,0,1,0,7.766255,0.0000,0.0000,0.0000,0.0000,0.0000,0.0000,3.517005,3.570926,3.543965,0.1031778,,,,,0,0,0,0,0,0,0,0,0,0,0,0,0,0,0,0,0,0,0,0,0,0,0,0,0,0,0,0,0,0,0,0,0,0,0,0,0,0,0,0,0,0,0,0,0,0,0,0,0,0,0,
Participant,7_3,11_49_56,7.7694,0,1,0,7.76942,0.0000,0.0000,0.0000,0.0000,0.0000,0.0000,3.53228,3.540654,3.536467,0.09567928,,,,,0,0,0,0,0,0,0,0,0,0,0,0,0,0,0,0,0,0,0,0,0,0,0,0,0,0,0,0,0,0,0,0,0,0,0,0,0,0,0,0,0,0,0,0,0,0,0,0,0,0,0,
Participant,7_3,11_49_56,7.7726,0,1,0,7.77259,0.0000,0.0000,0.0000,0.0000,0.0000,0.0000,3.517042,3.525078,3.52106,0.08027244,,,,,0,0,0,0,0,0,0,0,0,0,0,0,0,0,0,0,0,0,0,0,0,0,0,0,0,0,0,0,0,0,0,0,0,0,0,0,0,0,0,0,0,0,0,0,0,0,0,0,0,0,0,
Participant,7_3,11_49_56,7.7757,0,1,0,7.775743,0.0000,0.0000,0.0000,0.0000,0.0000,0.0000,3.546698,3.538751,3.542724,0.1019368,,,,,0,0,0,0,0,0,0,0,0,0,0,0,0,0,0,0,0,0,0,0,0,0,0,0,0,0,0,0,0,0,0,0,0,0,0,0,0,0,0,0,0,0,0,0,0,0,0,0,0,0,0,
Participant,7_3,11_49_56,7.7790,0,1,0,7.778986,0.0000,0.0000,0.0000,0.0000,0.0000,0.0000,3.551507,3.535101,3.543304,0.1025167,,,,,0,0,0,0,0,0,0,0,0,0,0,0,0,0,0,0,0,0,0,0,0,0,0,0,0,0,0,0,0,0,0,0,0,0,0,0,0,0,0,0,0,0,0,0,0,0,0,0,0,0,0,
Participant,7_3,11_49_56,7.7827,0,1,0,7.782714,0.0000,0.0000,0.0000,0.0000,0.0000,0.0000,3.548008,3.525473,3.536741,0.09595299,,,,,0,0,0,0,0,0,0,0,0,0,0,0,0,0,0,0,0,0,0,0,0,0,0,0,0,0,0,0,0,0,0,0,0,0,0,0,0,0,0,0,0,0,0,0,0,0,0,0,0,0,0,
Participant,7_3,11_49_56,7.7862,0,1,0,7.786206,0.0000,0.0000,0.0000,0.0000,0.0000,0.0000,3.513834,3.518014,3.515924,0.07513642,,,,,0,0,0,0,0,0,0,0,0,0,0,0,0,0,0,0,0,0,0,0,0,0,0,0,0,0,0,0,0,0,0,0,0,0,0,0,0,0,0,0,0,0,0,0,0,0,0,0,0,0,0,
Participant,7_3,11_49_56,7.7894,0,1,0,7.78939,0.0000,0.0000,0.0000,0.0000,0.0000,0.0000,3.513693,3.542237,3.527965,0.08717728,,,,,0,0,0,0,0,0,0,0,0,0,0,0,0,0,0,0,0,0,0,0,0,0,0,0,0,0,0,0,0,0,0,0,0,0,0,0,0,0,0,0,0,0,0,0,0,0,0,0,0,0,0,
Participant,7_3,11_49_56,7.7925,0,1,0,7.792532,0.0000,0.0000,0.0000,0.0000,0.0000,0.0000,3.548418,3.510388,3.529403,0.08861566,,,,,0,0,0,0,0,0,0,0,0,0,0,0,0,0,0,0,0,0,0,0,0,0,0,0,0,0,0,0,0,0,0,0,0,0,0,0,0,0,0,0,0,0,0,0,0,0,0,0,0,0,0,
Participant,7_3,11_49_56,7.7957,0,1,0,7.795747,0.0000,0.0000,0.0000,0.0000,0.0000,0.0000,3.546928,3.536395,3.541662,0.1008742,,,,,0,0,0,0,0,0,0,0,0,0,0,0,0,0,0,0,0,0,0,0,0,0,0,0,0,0,0,0,0,0,0,0,0,0,0,0,0,0,0,0,0,0,0,0,0,0,0,0,0,0,0,
Participant,7_3,11_49_56,7.7991,0,1,0,7.799064,0.0000,0.0000,0.0000,0.0000,0.0000,0.0000,3.50147,3.5535,3.527485,0.08669758,,,,,0,0,0,0,0,0,0,0,0,0,0,0,0,0,0,0,0,0,0,0,0,0,0,0,0,0,0,0,0,0,0,0,0,0,0,0,0,0,0,0,0,0,0,0,0,0,0,0,0,0,0,
Participant,7_3,11_49_56,7.8023,0,1,0,7.80229,0.0000,0.0000,0.0000,0.0000,0.0000,0.0000,3.514909,3.505516,3.510212,0.06942487,,,,,0,0,0,0,0,0,0,0,0,0,0,0,0,0,0,0,0,0,0,0,0,0,0,0,0,0,0,0,0,0,0,0,0,0,0,0,0,0,0,0,0,0,0,0,0,0,0,0,0,0,0,
Participant,7_3,11_49_56,7.8058,0,1,0,7.805799,0.0000,0.0000,0.0000,0.0000,0.0000,0.0000,3.498442,3.525559,3.512001,0.07121301,,,,,0,0,0,0,0,0,0,0,0,0,0,0,0,0,0,0,0,0,0,0,0,0,0,0,0,0,0,0,0,0,0,0,0,0,0,0,0,0,0,0,0,0,0,0,0,0,0,0,0,0,0,
Participant,7_3,11_49_56,7.8092,0,1,0,7.809189,0.0000,0.0000,0.0000,0.0000,0.0000,0.0000,3.528112,3.528165,3.528139,0.08735108,,,,,0,0,0,0,0,0,0,0,0,0,0,0,0,0,0,0,0,0,0,0,0,0,0,0,0,0,0,0,0,0,0,0,0,0,0,0,0,0,0,0,0,0,0,0,0,0,0,0,0,0,0,
Participant,7_3,11_49_56,7.8125,0,1,0,7.812538,0.0000,0.0000,0.0000,0.0000,0.0000,0.0000,3.550654,3.52299,3.536822,0.09603429,,,,,0,0,0,0,0,0,0,0,0,0,0,0,0,0,0,0,0,0,0,0,0,0,0,0,0,0,0,0,0,0,0,0,0,0,0,0,0,0,0,0,0,0,0,0,0,0,0,0,0,0,0,
Participant,7_3,11_49_56,7.8165,0,1,0,7.816482,0.0000,0.0000,0.0000,0.0000,0.0000,0.0000,3.510077,3.54422,3.527149,0.08636117,,,,,0,0,0,0,0,0,0,0,0,0,0,0,0,0,0,0,0,0,0,0,0,0,0,0,0,0,0,0,0,0,0,0,0,0,0,0,0,0,0,0,0,0,0,0,0,0,0,0,0,0,0,
Participant,7_3,11_49_56,7.8200,0,1,0,7.819974,0.0000,0.0000,0.0000,0.0000,0.0000,0.0000,3.533133,3.501313,3.517223,0.0764358,,,,,0,0,0,0,0,0,0,0,0,0,0,0,0,0,0,0,0,0,0,0,0,0,0,0,0,0,0,0,0,0,0,0,0,0,0,0,0,0,0,0,0,0,0,0,0,0,0,0,0,0,0,
Participant,7_3,11_49_56,7.8232,0,1,0,7.823214,0.0000,0.0000,0.0000,0.0000,0.0000,0.0000,3.515204,3.518395,3.516799,0.0760119,,,,,0,0,0,0,0,0,0,0,0,0,0,0,0,0,0,0,0,0,0,0,0,0,0,0,0,0,0,0,0,0,0,0,0,0,0,0,0,0,0,0,0,0,0,0,0,0,0,0,0,0,0,
Participant,7_3,11_49_56,7.8268,0,1,0,7.826796,0.0000,0.0000,0.0000,0.0000,0.0000,0.0000,3.526414,3.487858,3.507136,0.06634831,,,,,0,0,0,0,0,0,0,0,0,0,0,0,0,0,0,0,0,0,0,0,0,0,0,0,0,0,0,0,0,0,0,0,0,0,0,0,0,0,0,0,0,0,0,0,0,0,0,0,0,0,0,
Participant,7_3,11_49_56,7.8302,0,1,0,7.830212,0.0000,0.0000,0.0000,0.0000,0.0000,0.0000,3.519428,3.520819,3.520123,0.07933569,,,,,0,0,0,0,0,0,0,0,0,0,0,0,0,0,0,0,0,0,0,0,0,0,0,0,0,0,0,0,0,0,0,0,0,0,0,0,0,0,0,0,0,0,0,0,0,0,0,0,0,0,0,
Participant,7_3,11_49_56,7.8340,0,1,0,7.833983,0.0000,0.0000,0.0000,0.0000,0.0000,0.0000,3.506866,3.497333,3.5021,0.06131196,,,,,0,0,0,0,0,0,0,0,0,0,0,0,0,0,0,0,0,0,0,0,0,0,0,0,0,0,0,0,0,0,0,0,0,0,0,0,0,0,0,0,0,0,0,0,0,0,0,0,0,0,0,
Participant,7_3,11_49_56,7.8378,0,1,0,7.837778,0.0000,0.0000,0.0000,0.0000,0.0000,0.0000,3.530881,3.50361,3.517245,0.07645774,,,,,0,0,0,0,0,0,0,0,0,0,0,0,0,0,0,0,0,0,0,0,0,0,0,0,0,0,0,0,0,0,0,0,0,0,0,0,0,0,0,0,0,0,0,0,0,0,0,0,0,0,0,
Participant,7_3,11_49_56,7.8410,0,1,0,7.841046,0.0000,0.0000,0.0000,0.0000,0.0000,0.0000,3.481646,3.533379,3.507513,0.06672502,,,,,0,0,0,0,0,0,0,0,0,0,0,0,0,0,0,0,0,0,0,0,0,0,0,0,0,0,0,0,0,0,0,0,0,0,0,0,0,0,0,0,0,0,0,0,0,0,0,0,0,0,0,
Participant,7_3,11_49_56,7.8446,0,1,0,7.844619,0.0000,0.0000,0.0000,0.0000,0.0000,0.0000,3.490276,3.477019,3.483647,0.04285979,,,,,0,0,0,0,0,0,0,0,0,0,0,0,0,0,0,0,0,0,0,0,0,0,0,0,0,0,0,0,0,0,0,0,0,0,0,0,0,0,0,0,0,0,0,0,0,0,0,0,0,0,0,
Participant,7_3,11_49_56,7.8478,0,1,0,7.847827,0.0000,0.0000,0.0000,0.0000,0.0000,0.0000,3.516398,3.503709,3.510053,0.06926584,,,,,0,0,0,0,0,0,0,0,0,0,0,0,0,0,0,0,0,0,0,0,0,0,0,0,0,0,0,0,0,0,0,0,0,0,0,0,0,0,0,0,0,0,0,0,0,0,0,0,0,0,0,
Participant,7_3,11_49_56,7.8510,0,1,0,7.851019,0.0000,0.0000,0.0000,0.0000,0.0000,0.0000,3.508367,3.504947,3.506657,0.06586957,,,,,0,0,0,0,0,0,0,0,0,0,0,0,0,0,0,0,0,0,0,0,0,0,0,0,0,0,0,0,0,0,0,0,0,0,0,0,0,0,0,0,0,0,0,0,0,0,0,0,0,0,0,
Participant,7_3,11_49_56,7.8542,0,1,0,7.854215,0.0000,0.0000,0.0000,0.0000,0.0000,0.0000,3.514864,3.472151,3.493508,0.05272007,,,,,0,0,0,0,0,0,0,0,0,0,0,0,0,0,0,0,0,0,0,0,0,0,0,0,0,0,0,0,0,0,0,0,0,0,0,0,0,0,0,0,0,0,0,0,0,0,0,0,0,0,0,
Participant,7_3,11_49_56,7.8575,0,1,0,7.857478,0.0000,0.0000,0.0000,0.0000,0.0000,0.0000,3.516053,3.472542,3.494298,0.05350995,,,,,0,0,0,0,0,0,0,0,0,0,0,0,0,0,0,0,0,0,0,0,0,0,0,0,0,0,0,0,0,0,0,0,0,0,0,0,0,0,0,0,0,0,0,0,0,0,0,0,0,0,0,
Participant,7_3,11_49_56,7.8707,0,1,0,7.870711,0.0000,0.0000,0.0000,0.0000,0.0000,0.0000,3.482838,3.495435,3.489136,0.04834867,,,,,0,0,0,0,0,0,0,0,0,0,0,0,0,0,0,0,0,0,0,0,0,0,0,0,0,0,0,0,0,0,0,0,0,0,0,0,0,0,0,0,0,0,0,0,0,0,0,0,0,0,0,
Participant,7_3,11_49_56,7.8749,0,1,0,7.874875,0.0000,0.0000,0.0000,0.0000,0.0000,0.0000,3.465372,3.479573,3.472472,0.03168488,,,,,0,0,0,0,0,0,0,0,0,0,0,0,0,0,0,0,0,0,0,0,0,0,0,0,0,0,0,0,0,0,0,0,0,0,0,0,0,0,0,0,0,0,0,0,0,0,0,0,0,0,0,
Participant,7_3,11_49_56,7.8781,0,1,0,7.878078,0.0000,0.0000,0.0000,0.0000,0.0000,0.0000,3.486753,3.481057,3.483905,0.04311705,,,,,0,0,0,0,0,0,0,0,0,0,0,0,0,0,0,0,0,0,0,0,0,0,0,0,0,0,0,0,0,0,0,0,0,0,0,0,0,0,0,0,0,0,0,0,0,0,0,0,0,0,0,
Participant,7_3,11_49_56,7.8819,0,1,0,7.881872,0.0000,0.0000,0.0000,0.0000,0.0000,0.0000,3.488279,3.467923,3.478101,0.0373137,,,,,0,0,0,0,0,0,0,0,0,0,0,0,0,0,0,0,0,0,0,0,0,0,0,0,0,0,0,0,0,0,0,0,0,0,0,0,0,0,0,0,0,0,0,0,0,0,0,0,0,0,0,
Participant,7_3,11_49_56,7.8854,0,1,0,7.885448,0.0000,0.0000,0.0000,0.0000,0.0000,0.0000,3.506224,3.476119,3.491171,0.05038381,,,,,0,0,0,0,0,0,0,0,0,0,0,0,0,0,0,0,0,0,0,0,0,0,0,0,0,0,0,0,0,0,0,0,0,0,0,0,0,0,0,0,0,0,0,0,0,0,0,0,0,0,0,
Participant,7_3,11_49_56,7.8889,0,1,0,7.888927,0.0000,0.0000,0.0000,0.0000,0.0000,0.0000,3.464441,3.488531,3.476486,0.03569865,,,,,0,0,0,0,0,0,0,0,0,0,0,0,0,0,0,0,0,0,0,0,0,0,0,0,0,0,0,0,0,0,0,0,0,0,0,0,0,0,0,0,0,0,0,0,0,0,0,0,0,0,0,
Participant,7_3,11_49_56,7.8927,0,1,0,7.892694,0.0000,0.0000,0.0000,0.0000,0.0000,0.0000,3.455712,3.455104,3.455408,0.01462054,,,,,0,0,0,0,0,0,0,0,0,0,0,0,0,0,0,0,0,0,0,0,0,0,0,0,0,0,0,0,0,0,0,0,0,0,0,0,0,0,0,0,0,0,0,0,0,0,0,0,0,0,0,
Participant,7_3,11_49_56,7.8967,0,1,0,7.896719,0.0000,0.0000,0.0000,0.0000,0.0000,0.0000,3.504025,3.508635,3.50633,0.06554198,,,,,0,0,0,0,0,0,0,0,0,0,0,0,0,0,0,0,0,0,0,0,0,0,0,0,0,0,0,0,0,0,0,0,0,0,0,0,0,0,0,0,0,0,0,0,0,0,0,0,0,0,0,
Participant,7_3,11_49_56,7.9034,0,1,0,7.903358,0.0000,0.0000,0.0000,0.0000,0.0000,0.0000,3.470587,3.495043,3.482815,0.04202747,,,,,0,0,0,0,0,0,0,0,0,0,0,0,0,0,0,0,0,0,0,0,0,0,0,0,0,0,0,0,0,0,0,0,0,0,0,0,0,0,0,0,0,0,0,0,0,0,0,0,0,0,0,
Participant,7_3,11_49_56,7.9071,0,1,0,7.90708,0.0000,0.0000,0.0000,0.0000,0.0000,0.0000,3.490646,3.459537,3.475091,0.0343039,,,,,0,0,0,0,0,0,0,0,0,0,0,0,0,0,0,0,0,0,0,0,0,0,0,0,0,0,0,0,0,0,0,0,0,0,0,0,0,0,0,0,0,0,0,0,0,0,0,0,0,0,0,
Participant,7_3,11_49_56,7.9104,0,1,0,7.910363,0.0000,0.0000,0.0000,0.0000,0.0000,0.0000,3.459159,3.457166,3.458163,0.01737523,,,,,0,0,0,0,0,0,0,0,0,0,0,0,0,0,0,0,0,0,0,0,0,0,0,0,0,0,0,0,0,0,0,0,0,0,0,0,0,0,0,0,0,0,0,0,0,0,0,0,0,0,0,
Participant,7_3,11_49_56,7.9139,0,1,0,7.913939,0.0000,0.0000,0.0000,0.0000,0.0000,0.0000,3.472231,3.472838,3.472534,0.03174663,,,,,0,0,0,0,0,0,0,0,0,0,0,0,0,0,0,0,0,0,0,0,0,0,0,0,0,0,0,0,0,0,0,0,0,0,0,0,0,0,0,0,0,0,0,0,0,0,0,0,0,0,0,
Participant,7_3,11_49_56,7.9172,0,1,0,7.917243,0.0000,0.0000,0.0000,0.0000,0.0000,0.0000,3.476342,3.450972,3.463657,0.02286959,,,,,0,0,0,0,0,0,0,0,0,0,0,0,0,0,0,0,0,0,0,0,0,0,0,0,0,0,0,0,0,0,0,0,0,0,0,0,0,0,0,0,0,0,0,0,0,0,0,0,0,0,0,
Participant,7_3,11_49_56,7.9271,0,1,0,7.927137,0.0000,0.0000,0.0000,0.0000,0.0000,0.0000,3.481917,3.46034,3.471129,0.03034115,,,,,0,0,0,0,0,0,0,0,0,0,0,0,0,0,0,0,0,0,0,0,0,0,0,0,0,0,0,0,0,0,0,0,0,0,0,0,0,0,0,0,0,0,0,0,0,0,0,0,0,0,0,
Participant,7_3,11_49_56,7.9349,0,1,0,7.934851,0.0000,0.0000,0.0000,0.0000,0.0000,0.0000,3.43333,3.473122,3.453226,0.0124383,,,,,0,0,0,0,0,0,0,0,0,0,0,0,0,0,0,0,0,0,0,0,0,0,0,0,0,0,0,0,0,0,0,0,0,0,0,0,0,0,0,0,0,0,0,0,0,0,0,0,0,0,0,
Participant,7_3,11_49_57,7.9421,0,1,0,7.942059,0.0000,0.0000,0.0000,0.0000,0.0000,0.0000,3.440947,3.481282,3.461114,0.02032638,,,,,0,0,0,0,0,0,0,0,0,0,0,0,0,0,0,0,0,0,0,0,0,0,0,0,0,0,0,0,0,0,0,0,0,0,0,0,0,0,0,0,0,0,0,0,0,0,0,0,0,0,0,
Participant,7_3,11_49_57,7.9502,0,1,0,7.95021,0.0000,0.0000,0.0000,0.0000,0.0000,0.0000,3.427604,3.476205,3.451905,0.01111698,,,,,0,0,0,0,0,0,0,0,0,0,0,0,0,0,0,0,0,0,0,0,0,0,0,0,0,0,0,0,0,0,0,0,0,0,0,0,0,0,0,0,0,0,0,0,0,0,0,0,0,0,0,
Participant,7_3,11_49_57,7.9538,0,1,0,7.95375,0.0000,0.0000,0.0000,0.0000,0.0000,0.0000,3.432516,3.442459,3.437487,-0.003300428,,,,,0,0,0,0,0,0,0,0,0,0,0,0,0,0,0,0,0,0,0,0,0,0,0,0,0,0,0,0,0,0,0,0,0,0,0,0,0,0,0,0,0,0,0,0,0,0,0,0,0,0,0,
Participant,7_3,11_49_57,7.9571,0,1,0,7.957098,0.0000,0.0000,0.0000,0.0000,0.0000,0.0000,3.428957,3.426319,3.427638,-0.01314998,,,,,0,0,0,0,0,0,0,0,0,0,0,0,0,0,0,0,0,0,0,0,0,0,0,0,0,0,0,0,0,0,0,0,0,0,0,0,0,0,0,0,0,0,0,0,0,0,0,0,0,0,0,
Participant,7_3,11_49_57,7.9603,0,1,0,7.96034,0.0000,0.0000,0.0000,0.0000,0.0000,0.0000,3.420933,3.45143,3.436182,-0.004606009,,,,,0,0,0,0,0,0,0,0,0,0,0,0,0,0,0,0,0,0,0,0,0,0,0,0,0,0,0,0,0,0,0,0,0,0,0,0,0,0,0,0,0,0,0,0,0,0,0,0,0,0,0,
Participant,7_3,11_49_57,7.9639,0,1,0,7.963857,0.0000,0.0000,0.0000,0.0000,0.0000,0.0000,3.448487,3.463959,3.456223,0.01543498,,,,,0,0,0,0,0,0,0,0,0,0,0,0,0,0,0,0,0,0,0,0,0,0,0,0,0,0,0,0,0,0,0,0,0,0,0,0,0,0,0,0,0,0,0,0,0,0,0,0,0,0,0,
Participant,7_3,11_49_57,7.9671,0,1,0,7.967069,0.0000,0.0000,0.0000,0.0000,0.0000,0.0000,3.469429,3.422564,3.445997,0.005209208,,,,,0,0,0,0,0,0,0,0,0,0,0,0,0,0,0,0,0,0,0,0,0,0,0,0,0,0,0,0,0,0,0,0,0,0,0,0,0,0,0,0,0,0,0,0,0,0,0,0,0,0,0,
Participant,7_3,11_49_57,7.9705,0,1,0,7.970487,0.0000,0.0000,0.0000,0.0000,0.0000,0.0000,3.420008,3.433074,3.426541,-0.01424646,,,,,0,0,0,0,0,0,0,0,0,0,0,0,0,0,0,0,0,0,0,0,0,0,0,0,0,0,0,0,0,0,0,0,0,0,0,0,0,0,0,0,0,0,0,0,0,0,0,0,0,0,0,
Participant,7_3,11_49_57,7.9739,0,1,0,7.973875,0.0000,0.0000,0.0000,0.0000,0.0000,0.0000,3.431633,3.439384,3.435509,-0.005278826,,,,,0,0,0,0,0,0,0,0,0,0,0,0,0,0,0,0,0,0,0,0,0,0,0,0,0,0,0,0,0,0,0,0,0,0,0,0,0,0,0,0,0,0,0,0,0,0,0,0,0,0,0,
Participant,7_3,11_49_57,7.9770,0,1,0,7.977026,0.0000,0.0000,0.0000,0.0000,0.0000,0.0000,3.429528,3.442494,3.436011,-0.004776716,,,,,0,0,0,0,0,0,0,0,0,0,0,0,0,0,0,0,0,0,0,0,0,0,0,0,0,0,0,0,0,0,0,0,0,0,0,0,0,0,0,0,0,0,0,0,0,0,0,0,0,0,0,
Participant,7_3,11_49_57,7.9802,0,1,0,7.980196,0.0000,0.0000,0.0000,0.0000,0.0000,0.0000,3.443305,3.428453,3.435879,-0.004908323,,,,,0,0,0,0,0,0,0,0,0,0,0,0,0,0,0,0,0,0,0,0,0,0,0,0,0,0,0,0,0,0,0,0,0,0,0,0,0,0,0,0,0,0,0,0,0,0,0,0,0,0,0,
Participant,7_3,11_49_57,7.9836,0,1,0,7.983604,0.0000,0.0000,0.0000,0.0000,0.0000,0.0000,3.411485,3.430243,3.420864,-0.01992321,,,,,0,0,0,0,0,0,0,0,0,0,0,0,0,0,0,0,0,0,0,0,0,0,0,0,0,0,0,0,0,0,0,0,0,0,0,0,0,0,0,0,0,0,0,0,0,0,0,0,0,0,0,
Participant,7_3,11_49_57,7.9867,0,1,0,7.986745,0.0000,0.0000,0.0000,0.0000,0.0000,0.0000,3.408977,3.447571,3.428274,-0.01251364,,,,,0,0,0,0,0,0,0,0,0,0,0,0,0,0,0,0,0,0,0,0,0,0,0,0,0,0,0,0,0,0,0,0,0,0,0,0,0,0,0,0,0,0,0,0,0,0,0,0,0,0,0,
Participant,7_3,11_49_57,7.9900,0,1,0,7.989961,0.0000,0.0000,0.0000,0.0000,0.0000,0.0000,3.430298,3.402896,3.416597,-0.02419019,,,,,0,0,0,0,0,0,0,0,0,0,0,0,0,0,0,0,0,0,0,0,0,0,0,0,0,0,0,0,0,0,0,0,0,0,0,0,0,0,0,0,0,0,0,0,0,0,0,0,0,0,0,
Participant,7_3,11_49_57,7.9931,0,1,0,7.993112,0.0000,0.0000,0.0000,0.0000,0.0000,0.0000,3.416526,3.460504,3.438515,-0.002272367,,,,,0,0,0,0,0,0,0,0,0,0,0,0,0,0,0,0,0,0,0,0,0,0,0,0,0,0,0,0,0,0,0,0,0,0,0,0,0,0,0,0,0,0,0,0,0,0,0,0,0,0,0,
Participant,7_3,11_49_57,7.9963,0,1,0,7.996281,0.0000,0.0000,0.0000,0.0000,0.0000,0.0000,3.441464,3.459601,3.450532,0.009744644,,,,,0,0,0,0,0,0,0,0,0,0,0,0,0,0,0,0,0,0,0,0,0,0,0,0,0,0,0,0,0,0,0,0,0,0,0,0,0,0,0,0,0,0,0,0,0,0,0,0,0,0,0,
Participant,7_3,11_49_57,7.9997,0,1,0,7.999728,0.0000,0.0000,0.0000,0.0000,0.0000,0.0000,3.444009,3.425995,3.435002,-0.005785704,,,,,0,0,0,0,0,0,0,0,0,0,0,0,0,0,0,0,0,0,0,0,0,0,0,0,0,0,0,0,0,0,0,0,0,0,0,0,0,0,0,0,0,0,0,0,0,0,0,0,0,0,0,
Participant,7_3,11_49_57,8.0032,0,1,0,8.003157,0.0000,0.0000,0.0000,0.0000,0.0000,0.0000,3.449493,3.436105,3.442799,0.002011538,,,,,0,0,0,0,0,0,0,0,0,0,0,0,0,0,0,0,0,0,0,0,0,0,0,0,0,0,0,0,0,0,0,0,0,0,0,0,0,0,0,0,0,0,0,0,0,0,0,0,0,0,0,
Participant,7_3,11_49_57,8.0066,0,1,0,8.006649,0.0000,0.0000,0.0000,0.0000,0.0000,0.0000,3.405502,3.410367,3.407934,-0.03285336,,,,,0,0,0,0,0,0,0,0,0,0,0,0,0,0,0,0,0,0,0,0,0,0,0,0,0,0,0,0,0,0,0,0,0,0,0,0,0,0,0,0,0,0,0,0,0,0,0,0,0,0,0,
Participant,7_3,11_49_57,8.0098,0,1,0,8.00983,0.0000,0.0000,0.0000,0.0000,0.0000,0.0000,3.441376,3.398982,3.420179,-0.02060843,,,,,0,0,0,0,0,0,0,0,0,0,0,0,0,0,0,0,0,0,0,0,0,0,0,0,0,0,0,0,0,0,0,0,0,0,0,0,0,0,0,0,0,0,0,0,0,0,0,0,0,0,0,
Participant,7_3,11_49_57,8.0130,0,1,0,8.012967,0.0000,0.0000,0.0000,0.0000,0.0000,0.0000,3.449058,3.408859,3.428958,-0.01182914,,,,,0,0,0,0,0,0,0,0,0,0,0,0,0,0,0,0,0,0,0,0,0,0,0,0,0,0,0,0,0,0,0,0,0,0,0,0,0,0,0,0,0,0,0,0,0,0,0,0,0,0,0,
Participant,7_3,11_49_57,8.0161,0,1,0,8.016122,0.0000,0.0000,0.0000,0.0000,0.0000,0.0000,3.41498,3.394211,3.404595,-0.03619218,,,,,0,0,0,0,0,0,0,0,0,0,0,0,0,0,0,0,0,0,0,0,0,0,0,0,0,0,0,0,0,0,0,0,0,0,0,0,0,0,0,0,0,0,0,0,0,0,0,0,0,0,0,
Participant,7_3,11_49_57,8.0193,0,1,0,8.019294,0.0000,0.0000,0.0000,0.0000,0.0000,0.0000,3.412397,3.442556,3.427476,-0.01331115,,,,,0,0,0,0,0,0,0,0,0,0,0,0,0,0,0,0,0,0,0,0,0,0,0,0,0,0,0,0,0,0,0,0,0,0,0,0,0,0,0,0,0,0,0,0,0,0,0,0,0,0,0,
Participant,7_3,11_49_57,8.0226,0,1,0,8.022559,0.0000,0.0000,0.0000,0.0000,0.0000,0.0000,3.402913,3.400823,3.401868,-0.03891969,,,,,0,0,0,0,0,0,0,0,0,0,0,0,0,0,0,0,0,0,0,0,0,0,0,0,0,0,0,0,0,0,0,0,0,0,0,0,0,0,0,0,0,0,0,0,0,0,0,0,0,0,0,
Participant,7_3,11_49_57,8.0262,0,1,0,8.026214,0.0000,0.0000,0.0000,0.0000,0.0000,0.0000,3.391202,3.438923,3.415062,-0.02572513,,,,,0,0,0,0,0,0,0,0,0,0,0,0,0,0,0,0,0,0,0,0,0,0,0,0,0,0,0,0,0,0,0,0,0,0,0,0,0,0,0,0,0,0,0,0,0,0,0,0,0,0,0,
Participant,7_3,11_49_57,8.0295,0,1,0,8.029458,0.0000,0.0000,0.0000,0.0000,0.0000,0.0000,3.394276,3.399315,3.396796,-0.0439918,,,,,0,0,0,0,0,0,0,0,0,0,0,0,0,0,0,0,0,0,0,0,0,0,0,0,0,0,0,0,0,0,0,0,0,0,0,0,0,0,0,0,0,0,0,0,0,0,0,0,0,0,0,
Participant,7_3,11_49_57,8.0333,0,1,0,8.033313,0.0000,0.0000,0.0000,0.0000,0.0000,0.0000,3.402353,3.407436,3.404894,-0.0358932,,,,,0,0,0,0,0,0,0,0,0,0,0,0,0,0,0,0,0,0,0,0,0,0,0,0,0,0,0,0,0,0,0,0,0,0,0,0,0,0,0,0,0,0,0,0,0,0,0,0,0,0,0,
Participant,7_3,11_49_57,8.0367,0,1,0,8.036744,0.0000,0.0000,0.0000,0.0000,0.0000,0.0000,3.395811,3.403994,3.399903,-0.04088497,,,,,0,0,0,0,0,0,0,0,0,0,0,0,0,0,0,0,0,0,0,0,0,0,0,0,0,0,0,0,0,0,0,0,0,0,0,0,0,0,0,0,0,0,0,0,0,0,0,0,0,0,0,
Participant,7_3,11_49_57,8.0401,0,1,0,8.040104,0.0000,0.0000,0.0000,0.0000,0.0000,0.0000,3.418902,3.384201,3.401551,-0.03923607,,,,,0,0,0,0,0,0,0,0,0,0,0,0,0,0,0,0,0,0,0,0,0,0,0,0,0,0,0,0,0,0,0,0,0,0,0,0,0,0,0,0,0,0,0,0,0,0,0,0,0,0,0,
Participant,7_3,11_49_57,8.0435,0,1,0,8.043546,0.0000,0.0000,0.0000,0.0000,0.0000,0.0000,3.426641,3.393031,3.409836,-0.03095174,,,,,0,0,0,0,0,0,0,0,0,0,0,0,0,0,0,0,0,0,0,0,0,0,0,0,0,0,0,0,0,0,0,0,0,0,0,0,0,0,0,0,0,0,0,0,0,0,0,0,0,0,0,
Participant,7_3,11_49_57,8.0469,0,1,0,8.046922,0.0000,0.0000,0.0000,0.0000,0.0000,0.0000,3.426486,3.399574,3.41303,-0.02775788,,,,,0,0,0,0,0,0,0,0,0,0,0,0,0,0,0,0,0,0,0,0,0,0,0,0,0,0,0,0,0,0,0,0,0,0,0,0,0,0,0,0,0,0,0,0,0,0,0,0,0,0,0,
Participant,7_3,11_49_57,8.0508,0,1,0,8.050843,0.0000,0.0000,0.0000,0.0000,0.0000,0.0000,3.384281,3.429405,3.406843,-0.03394485,,,,,0,0,0,0,0,0,0,0,0,0,0,0,0,0,0,0,0,0,0,0,0,0,0,0,0,0,0,0,0,0,0,0,0,0,0,0,0,0,0,0,0,0,0,0,0,0,0,0,0,0,0,
Participant,7_3,11_49_57,8.0543,0,1,0,8.054343,0.0000,0.0000,0.0000,0.0000,0.0000,0.0000,3.384962,3.419486,3.402224,-0.03856349,,,,,0,0,0,0,0,0,0,0,0,0,0,0,0,0,0,0,0,0,0,0,0,0,0,0,0,0,0,0,0,0,0,0,0,0,0,0,0,0,0,0,0,0,0,0,0,0,0,0,0,0,0,
Participant,7_3,11_49_57,8.0575,0,1,0,8.057543,0.0000,0.0000,0.0000,0.0000,0.0000,0.0000,3.417883,3.408864,3.413374,-0.02741361,,,,,0,0,0,0,0,0,0,0,0,0,0,0,0,0,0,0,0,0,0,0,0,0,0,0,0,0,0,0,0,0,0,0,0,0,0,0,0,0,0,0,0,0,0,0,0,0,0,0,0,0,0,
Participant,7_3,11_49_57,8.0722,0,1,0,8.072153,0.0000,0.0000,0.0000,0.0000,0.0000,0.0000,3.390981,3.389467,3.390224,-0.05056357,,,,,0,0,0,0,0,0,0,0,0,0,0,0,0,0,0,0,0,0,0,0,0,0,0,0,0,0,0,0,0,0,0,0,0,0,0,0,0,0,0,0,0,0,0,0,0,0,0,0,0,0,0,
Participant,7_3,11_49_57,8.0758,0,1,0,8.075773,0.0000,0.0000,0.0000,0.0000,0.0000,0.0000,3.368443,3.369947,3.369195,-0.07159257,,,,,0,0,0,0,0,0,0,0,0,0,0,0,0,0,0,0,0,0,0,0,0,0,0,0,0,0,0,0,0,0,0,0,0,0,0,0,0,0,0,0,0,0,0,0,0,0,0,0,0,0,0,
Participant,7_3,11_49_57,8.0794,0,1,0,8.079358,0.0000,0.0000,0.0000,0.0000,0.0000,0.0000,3.401885,3.371997,3.386941,-0.0538466,,,,,0,0,0,0,0,0,0,0,0,0,0,0,0,0,0,0,0,0,0,0,0,0,0,0,0,0,0,0,0,0,0,0,0,0,0,0,0,0,0,0,0,0,0,0,0,0,0,0,0,0,0,
Participant,7_3,11_49_57,8.0825,0,1,0,8.082523,0.0000,0.0000,0.0000,0.0000,0.0000,0.0000,3.401489,3.383717,3.392603,-0.04818463,,,,,0,0,0,0,0,0,0,0,0,0,0,0,0,0,0,0,0,0,0,0,0,0,0,0,0,0,0,0,0,0,0,0,0,0,0,0,0,0,0,0,0,0,0,0,0,0,0,0,0,0,0,
Participant,7_3,11_49_57,8.0860,0,1,0,8.085952,0.0000,0.0000,0.0000,0.0000,0.0000,0.0000,3.368098,3.400939,3.384518,-0.05626941,,,,,0,0,0,0,0,0,0,0,0,0,0,0,0,0,0,0,0,0,0,0,0,0,0,0,0,0,0,0,0,0,0,0,0,0,0,0,0,0,0,0,0,0,0,0,0,0,0,0,0,0,0,
Participant,7_3,11_49_57,8.0891,0,1,0,8.089125,0.0000,0.0000,0.0000,0.0000,0.0000,0.0000,3.408022,3.37375,3.390886,-0.04990149,,,,,0,0,0,0,0,0,0,0,0,0,0,0,0,0,0,0,0,0,0,0,0,0,0,0,0,0,0,0,0,0,0,0,0,0,0,0,0,0,0,0,0,0,0,0,0,0,0,0,0,0,0,
Participant,7_3,11_49_57,8.0924,0,1,0,8.092368,0.0000,0.0000,0.0000,0.0000,0.0000,0.0000,3.398237,3.403383,3.40081,-0.03997803,,,,,0,0,0,0,0,0,0,0,0,0,0,0,0,0,0,0,0,0,0,0,0,0,0,0,0,0,0,0,0,0,0,0,0,0,0,0,0,0,0,0,0,0,0,0,0,0,0,0,0,0,0,
Participant,7_3,11_49_57,8.0958,0,1,0,8.095794,0.0000,0.0000,0.0000,0.0000,0.0000,0.0000,3.387459,3.409903,3.398681,-0.04210687,,,,,0,0,0,0,0,0,0,0,0,0,0,0,0,0,0,0,0,0,0,0,0,0,0,0,0,0,0,0,0,0,0,0,0,0,0,0,0,0,0,0,0,0,0,0,0,0,0,0,0,0,0,
Participant,7_3,11_49_57,8.0990,0,1,0,8.099029,0.0000,0.0000,0.0000,0.0000,0.0000,0.0000,3.389351,3.358312,3.373832,-0.0669558,,,,,0,0,0,0,0,0,0,0,0,0,0,0,0,0,0,0,0,0,0,0,0,0,0,0,0,0,0,0,0,0,0,0,0,0,0,0,0,0,0,0,0,0,0,0,0,0,0,0,0,0,0,
Participant,7_3,11_49_57,8.1023,0,1,0,8.102263,0.0000,0.0000,0.0000,0.0000,0.0000,0.0000,3.388679,3.365278,3.376978,-0.06380916,,,,,0,0,0,0,0,0,0,0,0,0,0,0,0,0,0,0,0,0,0,0,0,0,0,0,0,0,0,0,0,0,0,0,0,0,0,0,0,0,0,0,0,0,0,0,0,0,0,0,0,0,0,
Participant,7_3,11_49_57,8.1057,0,1,0,8.105717,0.0000,0.0000,0.0000,0.0000,0.0000,0.0000,3.379224,3.374009,3.376616,-0.06417108,,,,,0,0,0,0,0,0,0,0,0,0,0,0,0,0,0,0,0,0,0,0,0,0,0,0,0,0,0,0,0,0,0,0,0,0,0,0,0,0,0,0,0,0,0,0,0,0,0,0,0,0,0,
Participant,7_3,11_49_57,8.1091,0,1,0,8.10907,0.0000,0.0000,0.0000,0.0000,0.0000,0.0000,3.366205,3.391275,3.37874,-0.06204724,,,,,0,0,0,0,0,0,0,0,0,0,0,0,0,0,0,0,0,0,0,0,0,0,0,0,0,0,0,0,0,0,0,0,0,0,0,0,0,0,0,0,0,0,0,0,0,0,0,0,0,0,0,
Participant,7_3,11_49_57,8.1123,0,1,0,8.112344,0.0000,0.0000,0.0000,0.0000,0.0000,0.0000,3.371133,3.375314,3.373223,-0.06756425,,,,,0,0,0,0,0,0,0,0,0,0,0,0,0,0,0,0,0,0,0,0,0,0,0,0,0,0,0,0,0,0,0,0,0,0,0,0,0,0,0,0,0,0,0,0,0,0,0,0,0,0,0,
Participant,7_3,11_49_57,8.1160,0,1,0,8.116034,0.0000,0.0000,0.0000,0.0000,0.0000,0.0000,3.392635,3.399181,3.395908,-0.04487967,,,,,0,0,0,0,0,0,0,0,0,0,0,0,0,0,0,0,0,0,0,0,0,0,0,0,0,0,0,0,0,0,0,0,0,0,0,0,0,0,0,0,0,0,0,0,0,0,0,0,0,0,0,
Participant,7_3,11_49_57,8.1195,0,1,0,8.119454,0.0000,0.0000,0.0000,0.0000,0.0000,0.0000,3.362021,3.359941,3.360981,-0.07980657,,,,,0,0,0,0,0,0,0,0,0,0,0,0,0,0,0,0,0,0,0,0,0,0,0,0,0,0,0,0,0,0,0,0,0,0,0,0,0,0,0,0,0,0,0,0,0,0,0,0,0,0,0,
Participant,7_3,11_49_57,8.1228,0,1,0,8.122819,0.0000,0.0000,0.0000,0.0000,0.0000,0.0000,3.390688,3.394426,3.392557,-0.04823041,,,,,0,0,0,0,0,0,0,0,0,0,0,0,0,0,0,0,0,0,0,0,0,0,0,0,0,0,0,0,0,0,0,0,0,0,0,0,0,0,0,0,0,0,0,0,0,0,0,0,0,0,0,
Participant,7_3,11_49_57,8.1262,0,1,0,8.126163,0.0000,0.0000,0.0000,0.0000,0.0000,0.0000,3.38675,3.355377,3.371063,-0.06972408,,,,,0,0,0,0,0,0,0,0,0,0,0,0,0,0,0,0,0,0,0,0,0,0,0,0,0,0,0,0,0,0,0,0,0,0,0,0,0,0,0,0,0,0,0,0,0,0,0,0,0,0,0,
Participant,7_3,11_49_57,8.1294,0,1,0,8.129359,0.0000,0.0000,0.0000,0.0000,0.0000,0.0000,3.388261,3.398633,3.393447,-0.04734015,,,,,0,0,0,0,0,0,0,0,0,0,0,0,0,0,0,0,0,0,0,0,0,0,0,0,0,0,0,0,0,0,0,0,0,0,0,0,0,0,0,0,0,0,0,0,0,0,0,0,0,0,0,
Participant,7_3,11_49_57,8.1327,0,1,0,8.132682,0.0000,0.0000,0.0000,0.0000,0.0000,0.0000,3.359077,3.361,3.360039,-0.0807488,,,,,0,0,0,0,0,0,0,0,0,0,0,0,0,0,0,0,0,0,0,0,0,0,0,0,0,0,0,0,0,0,0,0,0,0,0,0,0,0,0,0,0,0,0,0,0,0,0,0,0,0,0,
Participant,7_3,11_49_57,8.1359,0,1,0,8.135866,0.0000,0.0000,0.0000,0.0000,0.0000,0.0000,3.394644,3.338628,3.366636,-0.07415175,,,,,0,0,0,0,0,0,0,0,0,0,0,0,0,0,0,0,0,0,0,0,0,0,0,0,0,0,0,0,0,0,0,0,0,0,0,0,0,0,0,0,0,0,0,0,0,0,0,0,0,0,0,
Participant,7_3,11_49_57,8.1390,0,1,0,8.13904,0.0000,0.0000,0.0000,0.0000,0.0000,0.0000,3.365347,3.391206,3.378277,-0.06251097,,,,,0,0,0,0,0,0,0,0,0,0,0,0,0,0,0,0,0,0,0,0,0,0,0,0,0,0,0,0,0,0,0,0,0,0,0,0,0,0,0,0,0,0,0,0,0,0,0,0,0,0,0,
Participant,7_3,11_49_57,8.1422,0,1,0,8.142241,0.0000,0.0000,0.0000,0.0000,0.0000,0.0000,3.371029,3.353341,3.362185,-0.07860255,,,,,0,0,0,0,0,0,0,0,0,0,0,0,0,0,0,0,0,0,0,0,0,0,0,0,0,0,0,0,0,0,0,0,0,0,0,0,0,0,0,0,0,0,0,0,0,0,0,0,0,0,0,
Participant,7_3,11_49_57,8.1458,0,1,0,8.145789,0.0000,0.0000,0.0000,0.0000,0.0000,0.0000,3.334838,3.364213,3.349525,-0.0912621,,,,,0,0,0,0,0,0,0,0,0,0,0,0,0,0,0,0,0,0,0,0,0,0,0,0,0,0,0,0,0,0,0,0,0,0,0,0,0,0,0,0,0,0,0,0,0,0,0,0,0,0,0,
Participant,7_3,11_49_57,8.1493,0,1,0,8.149318,0.0000,0.0000,0.0000,0.0000,0.0000,0.0000,3.377421,3.387452,3.382437,-0.0583508,,,,,0,0,0,0,0,0,0,0,0,0,0,0,0,0,0,0,0,0,0,0,0,0,0,0,0,0,0,0,0,0,0,0,0,0,0,0,0,0,0,0,0,0,0,0,0,0,0,0,0,0,0,
Participant,7_3,11_49_57,8.1525,0,1,0,8.15254,0.0000,0.0000,0.0000,0.0000,0.0000,0.0000,3.337113,3.383614,3.360363,-0.08042407,,,,,0,0,0,0,0,0,0,0,0,0,0,0,0,0,0,0,0,0,0,0,0,0,0,0,0,0,0,0,0,0,0,0,0,0,0,0,0,0,0,0,0,0,0,0,0,0,0,0,0,0,0,
Participant,7_3,11_49_57,8.1558,0,1,0,8.155849,0.0000,0.0000,0.0000,0.0000,0.0000,0.0000,3.369155,3.330856,3.350005,-0.09078217,,,,,0,0,0,0,0,0,0,0,0,0,0,0,0,0,0,0,0,0,0,0,0,0,0,0,0,0,0,0,0,0,0,0,0,0,0,0,0,0,0,0,0,0,0,0,0,0,0,0,0,0,0,
Participant,7_3,11_49_57,8.1592,0,1,0,8.159213,0.0000,0.0000,0.0000,0.0000,0.0000,0.0000,3.344458,3.362611,3.353534,-0.08725309,,,,,0,0,0,0,0,0,0,0,0,0,0,0,0,0,0,0,0,0,0,0,0,0,0,0,0,0,0,0,0,0,0,0,0,0,0,0,0,0,0,0,0,0,0,0,0,0,0,0,0,0,0,
Participant,7_3,11_49_57,8.1625,0,1,0,8.162469,0.0000,0.0000,0.0000,0.0000,0.0000,0.0000,3.359545,3.372294,3.36592,-0.07486796,,,,,0,0,0,0,0,0,0,0,0,0,0,0,0,0,0,0,0,0,0,0,0,0,0,0,0,0,0,0,0,0,0,0,0,0,0,0,0,0,0,0,0,0,0,0,0,0,0,0,0,0,0,
Participant,7_3,11_49_57,8.1665,0,1,0,8.166494,0.0000,0.0000,0.0000,0.0000,0.0000,0.0000,3.33782,3.340004,3.338912,-0.1018758,,,,,0,0,0,0,0,0,0,0,0,0,0,0,0,0,0,0,0,0,0,0,0,0,0,0,0,0,0,0,0,0,0,0,0,0,0,0,0,0,0,0,0,0,0,0,0,0,0,0,0,0,0,
Participant,7_3,11_49_57,8.1697,0,1,0,8.169723,0.0000,0.0000,0.0000,0.0000,0.0000,0.0000,3.340051,3.347479,3.343765,-0.09702229,,,,,0,0,0,0,0,0,0,0,0,0,0,0,0,0,0,0,0,0,0,0,0,0,0,0,0,0,0,0,0,0,0,0,0,0,0,0,0,0,0,0,0,0,0,0,0,0,0,0,0,0,0,
Participant,7_3,11_49_57,8.1731,0,1,0,8.173141,0.0000,0.0000,0.0000,0.0000,0.0000,0.0000,3.349512,3.356803,3.353158,-0.08763003,,,,,0,0,0,0,0,0,0,0,0,0,0,0,0,0,0,0,0,0,0,0,0,0,0,0,0,0,0,0,0,0,0,0,0,0,0,0,0,0,0,0,0,0,0,0,0,0,0,0,0,0,0,
Participant,7_3,11_49_57,8.1765,0,1,0,8.176495,0.0000,0.0000,0.0000,0.0000,0.0000,0.0000,3.36305,3.366148,3.364599,-0.0761888,,,,,0,0,0,0,0,0,0,0,0,0,0,0,0,0,0,0,0,0,0,0,0,0,0,0,0,0,0,0,0,0,0,0,0,0,0,0,0,0,0,0,0,0,0,0,0,0,0,0,0,0,0,
Participant,7_3,11_49_57,8.1799,0,1,0,8.179913,0.0000,0.0000,0.0000,0.0000,0.0000,0.0000,3.332181,3.343711,3.337946,-0.1028414,,,,,0,0,0,0,0,0,0,0,0,0,0,0,0,0,0,0,0,0,0,0,0,0,0,0,0,0,0,0,0,0,0,0,0,0,0,0,0,0,0,0,0,0,0,0,0,0,0,0,0,0,0,
Participant,7_3,11_49_57,8.1832,0,1,0,8.183205,0.0000,0.0000,0.0000,0.0000,0.0000,0.0000,3.341855,3.328669,3.335262,-0.1055257,,,,,0,0,0,0,0,0,0,0,0,0,0,0,0,0,0,0,0,0,0,0,0,0,0,0,0,0,0,0,0,0,0,0,0,0,0,0,0,0,0,0,0,0,0,0,0,0,0,0,0,0,0,
Participant,7_3,11_49_57,8.1869,0,1,0,8.186861,0.0000,0.0000,0.0000,0.0000,0.0000,0.0000,3.324533,3.332502,3.328518,-0.1122699,,,,,0,0,0,0,0,0,0,0,0,0,0,0,0,0,0,0,0,0,0,0,0,0,0,0,0,0,0,0,0,0,0,0,0,0,0,0,0,0,0,0,0,0,0,0,0,0,0,0,0,0,0,
Participant,7_3,11_49_57,8.1900,0,1,0,8.190038,0.0000,0.0000,0.0000,0.0000,0.0000,0.0000,3.325873,3.370174,3.348024,-0.0927639,,,,,0,0,0,0,0,0,0,0,0,0,0,0,0,0,0,0,0,0,0,0,0,0,0,0,0,0,0,0,0,0,0,0,0,0,0,0,0,0,0,0,0,0,0,0,0,0,0,0,0,0,0,
Participant,7_3,11_49_57,8.1935,0,1,0,8.193453,0.0000,0.0000,0.0000,0.0000,0.0000,0.0000,3.32238,3.35888,3.34063,-0.1001575,,,,,0,0,0,0,0,0,0,0,0,0,0,0,0,0,0,0,0,0,0,0,0,0,0,0,0,0,0,0,0,0,0,0,0,0,0,0,0,0,0,0,0,0,0,0,0,0,0,0,0,0,0,
Participant,7_3,11_49_57,8.1966,0,1,0,8.19662,0.0000,0.0000,0.0000,0.0000,0.0000,0.0000,3.321685,3.321578,3.321632,-0.1191559,,,,,0,0,0,0,0,0,0,0,0,0,0,0,0,0,0,0,0,0,0,0,0,0,0,0,0,0,0,0,0,0,0,0,0,0,0,0,0,0,0,0,0,0,0,0,0,0,0,0,0,0,0,
Participant,7_3,11_49_57,8.1998,0,1,0,8.199846,0.0000,0.0000,0.0000,0.0000,0.0000,0.0000,3.317023,3.313847,3.315435,-0.1253526,,,,,0,0,0,0,0,0,0,0,0,0,0,0,0,0,0,0,0,0,0,0,0,0,0,0,0,0,0,0,0,0,0,0,0,0,0,0,0,0,0,0,0,0,0,0,0,0,0,0,0,0,0,
Participant,7_3,11_49_57,8.2031,0,1,0,8.203088,0.0000,0.0000,0.0000,0.0000,0.0000,0.0000,3.319885,3.338218,3.329051,-0.1117361,,,,,0,0,0,0,0,0,0,0,0,0,0,0,0,0,0,0,0,0,0,0,0,0,0,0,0,0,0,0,0,0,0,0,0,0,0,0,0,0,0,0,0,0,0,0,0,0,0,0,0,0,0,
Participant,7_3,11_49_57,8.2067,0,1,0,8.206733,0.0000,0.0000,0.0000,0.0000,0.0000,0.0000,3.338817,3.335766,3.337291,-0.1034963,,,,,0,0,0,0,0,0,0,0,0,0,0,0,0,0,0,0,0,0,0,0,0,0,0,0,0,0,0,0,0,0,0,0,0,0,0,0,0,0,0,0,0,0,0,0,0,0,0,0,0,0,0,
Participant,7_3,11_49_57,8.2101,0,1,0,8.210133,0.0000,0.0000,0.0000,0.0000,0.0000,0.0000,3.307073,3.326496,3.316784,-0.1240032,,,,,0,0,0,0,0,0,0,0,0,0,0,0,0,0,0,0,0,0,0,0,0,0,0,0,0,0,0,0,0,0,0,0,0,0,0,0,0,0,0,0,0,0,0,0,0,0,0,0,0,0,0,
Participant,7_3,11_49_57,8.2133,0,1,0,8.213302,0.0000,0.0000,0.0000,0.0000,0.0000,0.0000,3.322225,3.361868,3.342046,-0.09874105,,,,,0,0,0,0,0,0,0,0,0,0,0,0,0,0,0,0,0,0,0,0,0,0,0,0,0,0,0,0,0,0,0,0,0,0,0,0,0,0,0,0,0,0,0,0,0,0,0,0,0,0,0,
Participant,7_3,11_49_57,8.2165,0,1,0,8.216537,0.0000,0.0000,0.0000,0.0000,0.0000,0.0000,3.353974,3.31965,3.336812,-0.1039755,,,,,0,0,0,0,0,0,0,0,0,0,0,0,0,0,0,0,0,0,0,0,0,0,0,0,0,0,0,0,0,0,0,0,0,0,0,0,0,0,0,0,0,0,0,0,0,0,0,0,0,0,0,
Participant,7_3,11_49_57,8.2202,0,1,0,8.220215,0.0000,0.0000,0.0000,0.0000,0.0000,0.0000,3.346196,3.312837,3.329516,-0.1112711,,,,,0,0,0,0,0,0,0,0,0,0,0,0,0,0,0,0,0,0,0,0,0,0,0,0,0,0,0,0,0,0,0,0,0,0,0,0,0,0,0,0,0,0,0,0,0,0,0,0,0,0,0,
Participant,7_3,11_49_57,8.2237,0,1,0,8.223719,0.0000,0.0000,0.0000,0.0000,0.0000,0.0000,3.327621,3.340597,3.334109,-0.1066782,,,,,0,0,0,0,0,0,0,0,0,0,0,0,0,0,0,0,0,0,0,0,0,0,0,0,0,0,0,0,0,0,0,0,0,0,0,0,0,0,0,0,0,0,0,0,0,0,0,0,0,0,0,
Participant,7_3,11_49_57,8.2269,0,1,0,8.226889,0.0000,0.0000,0.0000,0.0000,0.0000,0.0000,3.356526,3.323389,3.339958,-0.1008298,,,,,0,0,0,0,0,0,0,0,0,0,0,0,0,0,0,0,0,0,0,0,0,0,0,0,0,0,0,0,0,0,0,0,0,0,0,0,0,0,0,0,0,0,0,0,0,0,0,0,0,0,0,
Participant,7_3,11_49_57,8.2301,0,1,0,8.230069,0.0000,0.0000,0.0000,0.0000,0.0000,0.0000,3.325892,3.359105,3.342499,-0.09828877,,,,,0,0,0,0,0,0,0,0,0,0,0,0,0,0,0,0,0,0,0,0,0,0,0,0,0,0,0,0,0,0,0,0,0,0,0,0,0,0,0,0,0,0,0,0,0,0,0,0,0,0,0,
Participant,7_3,11_49_57,8.2333,0,1,0,8.233274,0.0000,0.0000,0.0000,0.0000,0.0000,0.0000,3.32094,3.322209,3.321574,-0.1192133,,,,,0,0,0,0,0,0,0,0,0,0,0,0,0,0,0,0,0,0,0,0,0,0,0,0,0,0,0,0,0,0,0,0,0,0,0,0,0,0,0,0,0,0,0,0,0,0,0,0,0,0,0,
Participant,7_3,11_49_57,8.2364,0,1,0,8.236445,0.0000,0.0000,0.0000,0.0000,0.0000,0.0000,3.316593,3.312911,3.314752,-0.1260355,,,,,0,0,0,0,0,0,0,0,0,0,0,0,0,0,0,0,0,0,0,0,0,0,0,0,0,0,0,0,0,0,0,0,0,0,0,0,0,0,0,0,0,0,0,0,0,0,0,0,0,0,0,
Participant,7_3,11_49_57,8.2396,0,1,0,8.239588,0.0000,0.0000,0.0000,0.0000,0.0000,0.0000,3.320906,3.311383,3.316144,-0.1246431,,,,,0,0,0,0,0,0,0,0,0,0,0,0,0,0,0,0,0,0,0,0,0,0,0,0,0,0,0,0,0,0,0,0,0,0,0,0,0,0,0,0,0,0,0,0,0,0,0,0,0,0,0,
Participant,7_3,11_49_57,8.2428,0,1,0,8.24279,0.0000,0.0000,0.0000,0.0000,0.0000,0.0000,3.314169,3.347486,3.330828,-0.1099598,,,,,0,0,0,0,0,0,0,0,0,0,0,0,0,0,0,0,0,0,0,0,0,0,0,0,0,0,0,0,0,0,0,0,0,0,0,0,0,0,0,0,0,0,0,0,0,0,0,0,0,0,0,
Participant,7_3,11_49_57,8.2462,0,1,0,8.246229,0.0000,0.0000,0.0000,0.0000,0.0000,0.0000,3.344347,3.338118,3.341233,-0.09955478,,,,,0,0,0,0,0,0,0,0,0,0,0,0,0,0,0,0,0,0,0,0,0,0,0,0,0,0,0,0,0,0,0,0,0,0,0,0,0,0,0,0,0,0,0,0,0,0,0,0,0,0,0,
Participant,7_3,11_49_57,8.2496,0,1,0,8.24961,0.0000,0.0000,0.0000,0.0000,0.0000,0.0000,3.322259,3.326647,3.324453,-0.1163347,,,,,0,0,0,0,0,0,0,0,0,0,0,0,0,0,0,0,0,0,0,0,0,0,0,0,0,0,0,0,0,0,0,0,0,0,0,0,0,0,0,0,0,0,0,0,0,0,0,0,0,0,0,
Participant,7_3,11_49_57,8.2527,0,1,0,8.252725,0.0000,0.0000,0.0000,0.0000,0.0000,0.0000,3.292233,3.299877,3.296055,-0.1447327,,,,,0,0,0,0,0,0,0,0,0,0,0,0,0,0,0,0,0,0,0,0,0,0,0,0,0,0,0,0,0,0,0,0,0,0,0,0,0,0,0,0,0,0,0,0,0,0,0,0,0,0,0,
Participant,7_3,11_49_57,8.2559,0,1,0,8.255926,0.0000,0.0000,0.0000,0.0000,0.0000,0.0000,3.33783,3.296813,3.317322,-0.123466,,,,,0,0,0,0,0,0,0,0,0,0,0,0,0,0,0,0,0,0,0,0,0,0,0,0,0,0,0,0,0,0,0,0,0,0,0,0,0,0,0,0,0,0,0,0,0,0,0,0,0,0,0,
Participant,7_3,11_49_57,8.2591,0,1,0,8.259147,0.0000,0.0000,0.0000,0.0000,0.0000,0.0000,3.323899,3.315601,3.31975,-0.1210377,,,,,0,0,0,0,0,0,0,0,0,0,0,0,0,0,0,0,0,0,0,0,0,0,0,0,0,0,0,0,0,0,0,0,0,0,0,0,0,0,0,0,0,0,0,0,0,0,0,0,0,0,0,
Participant,7_3,11_49_57,8.2722,0,1,0,8.272246,0.0000,0.0000,0.0000,0.0000,0.0000,0.0000,3.316312,3.313077,3.314694,-0.1260931,,,,,0,0,0,0,0,0,0,0,0,0,0,0,0,0,0,0,0,0,0,0,0,0,0,0,0,0,0,0,0,0,0,0,0,0,0,0,0,0,0,0,0,0,0,0,0,0,0,0,0,0,0,
Participant,7_3,11_49_57,8.2757,0,1,0,8.275708,0.0000,0.0000,0.0000,0.0000,0.0000,0.0000,3.340816,3.297092,3.318954,-0.1218336,,,,,0,0,0,0,0,0,0,0,0,0,0,0,0,0,0,0,0,0,0,0,0,0,0,0,0,0,0,0,0,0,0,0,0,0,0,0,0,0,0,0,0,0,0,0,0,0,0,0,0,0,0,
Participant,7_3,11_49_57,8.2791,0,1,0,8.279116,0.0000,0.0000,0.0000,0.0000,0.0000,0.0000,3.294988,3.286192,3.29059,-0.1501975,,,,,0,0,0,0,0,0,0,0,0,0,0,0,0,0,0,0,0,0,0,0,0,0,0,0,0,0,0,0,0,0,0,0,0,0,0,0,0,0,0,0,0,0,0,0,0,0,0,0,0,0,0,
Participant,7_3,11_49_57,8.2823,0,1,0,8.282347,0.0000,0.0000,0.0000,0.0000,0.0000,0.0000,3.287021,3.328651,3.307836,-0.1329513,,,,,0,0,0,0,0,0,0,0,0,0,0,0,0,0,0,0,0,0,0,0,0,0,0,0,0,0,0,0,0,0,0,0,0,0,0,0,0,0,0,0,0,0,0,0,0,0,0,0,0,0,0,
Participant,7_3,11_49_57,8.2860,0,1,0,8.286023,0.0000,0.0000,0.0000,0.0000,0.0000,0.0000,3.287841,3.303642,3.295742,-0.145046,,,,,0,0,0,0,0,0,0,0,0,0,0,0,0,0,0,0,0,0,0,0,0,0,0,0,0,0,0,0,0,0,0,0,0,0,0,0,0,0,0,0,0,0,0,0,0,0,0,0,0,0,0,
Participant,7_3,11_49_57,8.2895,0,1,0,8.289502,0.0000,0.0000,0.0000,0.0000,0.0000,0.0000,3.314314,3.324518,3.319416,-0.121372,,,,,0,0,0,0,0,0,0,0,0,0,0,0,0,0,0,0,0,0,0,0,0,0,0,0,0,0,0,0,0,0,0,0,0,0,0,0,0,0,0,0,0,0,0,0,0,0,0,0,0,0,0,
Participant,7_3,11_49_57,8.2930,0,1,0,8.292974,0.0000,0.0000,0.0000,0.0000,0.0000,0.0000,3.298537,3.288351,3.293444,-0.1473434,,,,,0,0,0,0,0,0,0,0,0,0,0,0,0,0,0,0,0,0,0,0,0,0,0,0,0,0,0,0,0,0,0,0,0,0,0,0,0,0,0,0,0,0,0,0,0,0,0,0,0,0,0,
Participant,7_3,11_49_57,8.2964,0,1,0,8.296432,0.0000,0.0000,0.0000,0.0000,0.0000,0.0000,3.303143,3.302624,3.302884,-0.1379039,,,,,0,0,0,0,0,0,0,0,0,0,0,0,0,0,0,0,0,0,0,0,0,0,0,0,0,0,0,0,0,0,0,0,0,0,0,0,0,0,0,0,0,0,0,0,0,0,0,0,0,0,0,
Participant,7_3,11_49_57,8.3005,0,1,0,8.300508,0.0000,0.0000,0.0000,0.0000,0.0000,0.0000,3.287813,3.287296,3.287555,-0.1532328,,,,,0,0,0,0,0,0,0,0,0,0,0,0,0,0,0,0,0,0,0,0,0,0,0,0,0,0,0,0,0,0,0,0,0,0,0,0,0,0,0,0,0,0,0,0,0,0,0,0,0,0,0,
Participant,7_3,11_49_57,8.3041,0,1,0,8.304146,0.0000,0.0000,0.0000,0.0000,0.0000,0.0000,3.286244,3.296661,3.291452,-0.1493351,,,,,0,0,0,0,0,0,0,0,0,0,0,0,0,0,0,0,0,0,0,0,0,0,0,0,0,0,0,0,0,0,0,0,0,0,0,0,0,0,0,0,0,0,0,0,0,0,0,0,0,0,0,
Participant,7_3,11_49_57,8.3074,0,1,0,8.307447,0.0000,0.0000,0.0000,0.0000,0.0000,0.0000,3.280095,3.29732,3.288707,-0.1520801,,,,,0,0,0,0,0,0,0,0,0,0,0,0,0,0,0,0,0,0,0,0,0,0,0,0,0,0,0,0,0,0,0,0,0,0,0,0,0,0,0,0,0,0,0,0,0,0,0,0,0,0,0,
Participant,7_3,11_49_57,8.3106,0,1,0,8.310572,0.0000,0.0000,0.0000,0.0000,0.0000,0.0000,3.314932,3.299087,3.30701,-0.1337779,,,,,0,0,0,0,0,0,0,0,0,0,0,0,0,0,0,0,0,0,0,0,0,0,0,0,0,0,0,0,0,0,0,0,0,0,0,0,0,0,0,0,0,0,0,0,0,0,0,0,0,0,0,
Participant,7_3,11_49_57,8.3137,0,1,0,8.3137,0.0000,0.0000,0.0000,0.0000,0.0000,0.0000,3.288496,3.315513,3.302005,-0.138783,,,,,0,0,0,0,0,0,0,0,0,0,0,0,0,0,0,0,0,0,0,0,0,0,0,0,0,0,0,0,0,0,0,0,0,0,0,0,0,0,0,0,0,0,0,0,0,0,0,0,0,0,0,
Participant,7_3,11_49_57,8.3169,0,1,0,8.316889,0.0000,0.0000,0.0000,0.0000,0.0000,0.0000,3.298915,3.322075,3.310495,-0.1302924,,,,,0,0,0,0,0,0,0,0,0,0,0,0,0,0,0,0,0,0,0,0,0,0,0,0,0,0,0,0,0,0,0,0,0,0,0,0,0,0,0,0,0,0,0,0,0,0,0,0,0,0,0,
Participant,7_3,11_49_57,8.3201,0,1,0,8.320068,0.0000,0.0000,0.0000,0.0000,0.0000,0.0000,3.291672,3.280993,3.286332,-0.1544554,,,,,0,0,0,0,0,0,0,0,0,0,0,0,0,0,0,0,0,0,0,0,0,0,0,0,0,0,0,0,0,0,0,0,0,0,0,0,0,0,0,0,0,0,0,0,0,0,0,0,0,0,0,
Participant,7_3,11_49_57,8.3235,0,1,0,8.323509,0.0000,0.0000,0.0000,0.0000,0.0000,0.0000,3.27598,3.277642,3.276811,-0.1639769,,,,,0,0,0,0,0,0,0,0,0,0,0,0,0,0,0,0,0,0,0,0,0,0,0,0,0,0,0,0,0,0,0,0,0,0,0,0,0,0,0,0,0,0,0,0,0,0,0,0,0,0,0,
Participant,7_3,11_49_57,8.3267,0,1,0,8.326652,0.0000,0.0000,0.0000,0.0000,0.0000,0.0000,3.322072,3.293322,3.307697,-0.1330907,,,,,0,0,0,0,0,0,0,0,0,0,0,0,0,0,0,0,0,0,0,0,0,0,0,0,0,0,0,0,0,0,0,0,0,0,0,0,0,0,0,0,0,0,0,0,0,0,0,0,0,0,0,
Participant,7_3,11_49_57,8.3299,0,1,0,8.329885,0.0000,0.0000,0.0000,0.0000,0.0000,0.0000,3.301325,3.287844,3.294585,-0.146203,,,,,0,0,0,0,0,0,0,0,0,0,0,0,0,0,0,0,0,0,0,0,0,0,0,0,0,0,0,0,0,0,0,0,0,0,0,0,0,0,0,0,0,0,0,0,0,0,0,0,0,0,0,
Participant,7_3,11_49_57,8.3331,0,1,0,8.333085,0.0000,0.0000,0.0000,0.0000,0.0000,0.0000,3.288287,3.306327,3.297307,-0.1434805,,,,,0,0,0,0,0,0,0,0,0,0,0,0,0,0,0,0,0,0,0,0,0,0,0,0,0,0,0,0,0,0,0,0,0,0,0,0,0,0,0,0,0,0,0,0,0,0,0,0,0,0,0,
Participant,7_3,11_49_57,8.3363,0,1,0,8.336306,0.0000,0.0000,0.0000,0.0000,0.0000,0.0000,3.305356,3.306779,3.306067,-0.1347201,,,,,0,0,0,0,0,0,0,0,0,0,0,0,0,0,0,0,0,0,0,0,0,0,0,0,0,0,0,0,0,0,0,0,0,0,0,0,0,0,0,0,0,0,0,0,0,0,0,0,0,0,0,
Participant,7_3,11_49_57,8.3397,0,1,0,8.339705,0.0000,0.0000,0.0000,0.0000,0.0000,0.0000,3.291615,3.275325,3.28347,-0.1573176,,,,,0,0,0,0,0,0,0,0,0,0,0,0,0,0,0,0,0,0,0,0,0,0,0,0,0,0,0,0,0,0,0,0,0,0,0,0,0,0,0,0,0,0,0,0,0,0,0,0,0,0,0,
Participant,7_3,11_49_57,8.3429,0,1,0,8.342862,0.0000,0.0000,0.0000,0.0000,0.0000,0.0000,3.316192,3.281843,3.299018,-0.1417699,,,,,0,0,0,0,0,0,0,0,0,0,0,0,0,0,0,0,0,0,0,0,0,0,0,0,0,0,0,0,0,0,0,0,0,0,0,0,0,0,0,0,0,0,0,0,0,0,0,0,0,0,0,
Participant,7_3,11_49_57,8.3463,0,1,0,8.346272,0.0000,0.0000,0.0000,0.0000,0.0000,0.0000,3.284241,3.273115,3.278678,-0.1621096,,,,,0,0,0,0,0,0,0,0,0,0,0,0,0,0,0,0,0,0,0,0,0,0,0,0,0,0,0,0,0,0,0,0,0,0,0,0,0,0,0,0,0,0,0,0,0,0,0,0,0,0,0,
Participant,7_3,11_49_57,8.3496,0,1,0,8.349613,0.0000,0.0000,0.0000,0.0000,0.0000,0.0000,3.285495,3.286986,3.28624,-0.1545475,,,,,0,0,0,0,0,0,0,0,0,0,0,0,0,0,0,0,0,0,0,0,0,0,0,0,0,0,0,0,0,0,0,0,0,0,0,0,0,0,0,0,0,0,0,0,0,0,0,0,0,0,0,
Participant,7_3,11_49_57,8.3531,0,1,0,8.353093,0.0000,0.0000,0.0000,0.0000,0.0000,0.0000,3.279431,3.290378,3.284905,-0.1558828,,,,,0,0,0,0,0,0,0,0,0,0,0,0,0,0,0,0,0,0,0,0,0,0,0,0,0,0,0,0,0,0,0,0,0,0,0,0,0,0,0,0,0,0,0,0,0,0,0,0,0,0,0,
Participant,7_3,11_49_57,8.3564,0,1,0,8.356392,0.0000,0.0000,0.0000,0.0000,0.0000,0.0000,3.275209,3.263535,3.269372,-0.171416,,,,,0,0,0,0,0,0,0,0,0,0,0,0,0,0,0,0,0,0,0,0,0,0,0,0,0,0,0,0,0,0,0,0,0,0,0,0,0,0,0,0,0,0,0,0,0,0,0,0,0,0,0,
Participant,7_3,11_49_57,8.3597,0,1,0,8.359735,0.0000,0.0000,0.0000,0.0000,0.0000,0.0000,3.275175,3.269424,3.2723,-0.1684878,,,,,0,0,0,0,0,0,0,0,0,0,0,0,0,0,0,0,0,0,0,0,0,0,0,0,0,0,0,0,0,0,0,0,0,0,0,0,0,0,0,0,0,0,0,0,0,0,0,0,0,0,0,
Participant,7_3,11_49_57,8.3629,0,1,0,8.362933,0.0000,0.0000,0.0000,0.0000,0.0000,0.0000,3.298573,3.283919,3.291246,-0.1495419,,,,,0,0,0,0,0,0,0,0,0,0,0,0,0,0,0,0,0,0,0,0,0,0,0,0,0,0,0,0,0,0,0,0,0,0,0,0,0,0,0,0,0,0,0,0,0,0,0,0,0,0,0,
Participant,7_3,11_49_57,8.3663,0,1,0,8.366308,0.0000,0.0000,0.0000,0.0000,0.0000,0.0000,3.311486,3.294165,3.302826,-0.1379616,,,,,0,0,0,0,0,0,0,0,0,0,0,0,0,0,0,0,0,0,0,0,0,0,0,0,0,0,0,0,0,0,0,0,0,0,0,0,0,0,0,0,0,0,0,0,0,0,0,0,0,0,0,
Participant,7_3,11_49_57,8.3695,0,1,0,8.369524,0.0000,0.0000,0.0000,0.0000,0.0000,0.0000,3.269908,3.269345,3.269627,-0.1711609,,,,,0,0,0,0,0,0,0,0,0,0,0,0,0,0,0,0,0,0,0,0,0,0,0,0,0,0,0,0,0,0,0,0,0,0,0,0,0,0,0,0,0,0,0,0,0,0,0,0,0,0,0,
Participant,7_3,11_49_57,8.3727,0,1,0,8.372668,0.0000,0.0000,0.0000,0.0000,0.0000,0.0000,3.286807,3.301741,3.294274,-0.1465132,,,,,0,0,0,0,0,0,0,0,0,0,0,0,0,0,0,0,0,0,0,0,0,0,0,0,0,0,0,0,0,0,0,0,0,0,0,0,0,0,0,0,0,0,0,0,0,0,0,0,0,0,0,
Participant,7_3,11_49_57,8.3758,0,1,0,8.375829,0.0000,0.0000,0.0000,0.0000,0.0000,0.0000,3.308623,3.255983,3.282303,-0.1584847,,,,,0,0,0,0,0,0,0,0,0,0,0,0,0,0,0,0,0,0,0,0,0,0,0,0,0,0,0,0,0,0,0,0,0,0,0,0,0,0,0,0,0,0,0,0,0,0,0,0,0,0,0,
Participant,7_3,11_49_57,8.3790,0,1,0,8.378992,0.0000,0.0000,0.0000,0.0000,0.0000,0.0000,3.281014,3.304135,3.292575,-0.1482129,,,,,0,0,0,0,0,0,0,0,0,0,0,0,0,0,0,0,0,0,0,0,0,0,0,0,0,0,0,0,0,0,0,0,0,0,0,0,0,0,0,0,0,0,0,0,0,0,0,0,0,0,0,
Participant,7_3,11_49_57,8.3823,0,1,0,8.382265,0.0000,0.0000,0.0000,0.0000,0.0000,0.0000,3.304843,3.309727,3.307285,-0.1335025,,,,,0,0,0,0,0,0,0,0,0,0,0,0,0,0,0,0,0,0,0,0,0,0,0,0,0,0,0,0,0,0,0,0,0,0,0,0,0,0,0,0,0,0,0,0,0,0,0,0,0,0,0,
Participant,7_3,11_49_57,8.3857,0,1,0,8.385723,0.0000,0.0000,0.0000,0.0000,0.0000,0.0000,3.300577,3.260481,3.280529,-0.1602585,,,,,0,0,0,0,0,0,0,0,0,0,0,0,0,0,0,0,0,0,0,0,0,0,0,0,0,0,0,0,0,0,0,0,0,0,0,0,0,0,0,0,0,0,0,0,0,0,0,0,0,0,0,
Participant,7_3,11_49_57,8.3891,0,1,0,8.389138,0.0000,0.0000,0.0000,0.0000,0.0000,0.0000,3.293905,3.252009,3.272957,-0.1678307,,,,,0,0,0,0,0,0,0,0,0,0,0,0,0,0,0,0,0,0,0,0,0,0,0,0,0,0,0,0,0,0,0,0,0,0,0,0,0,0,0,0,0,0,0,0,0,0,0,0,0,0,0,
Participant,7_3,11_49_57,8.3923,0,1,0,8.392301,0.0000,0.0000,0.0000,0.0000,0.0000,0.0000,3.253003,3.275013,3.264008,-0.1767797,,,,,0,0,0,0,0,0,0,0,0,0,0,0,0,0,0,0,0,0,0,0,0,0,0,0,0,0,0,0,0,0,0,0,0,0,0,0,0,0,0,0,0,0,0,0,0,0,0,0,0,0,0,
Participant,7_3,11_49_57,8.3955,0,1,0,8.395504,0.0000,0.0000,0.0000,0.0000,0.0000,0.0000,3.278099,3.284674,3.281387,-0.1594009,,,,,0,0,0,0,0,0,0,0,0,0,0,0,0,0,0,0,0,0,0,0,0,0,0,0,0,0,0,0,0,0,0,0,0,0,0,0,0,0,0,0,0,0,0,0,0,0,0,0,0,0,0,
Participant,7_3,11_49_57,8.3990,0,1,0,8.398998,0.0000,0.0000,0.0000,0.0000,0.0000,0.0000,3.256355,3.296429,3.276392,-0.1643956,,,,,0,0,0,0,0,0,0,0,0,0,0,0,0,0,0,0,0,0,0,0,0,0,0,0,0,0,0,0,0,0,0,0,0,0,0,0,0,0,0,0,0,0,0,0,0,0,0,0,0,0,0,
Participant,7_3,11_49_57,8.4063,0,1,0,8.406266,0.0000,0.0000,0.0000,0.0000,0.0000,0.0000,3.303516,3.254193,3.278854,-0.1619332,,,,,0,0,0,0,0,0,0,0,0,0,0,0,0,0,0,0,0,0,0,0,0,0,0,0,0,0,0,0,0,0,0,0,0,0,0,0,0,0,0,0,0,0,0,0,0,0,0,0,0,0,0,
Participant,7_3,11_49_57,8.4099,0,1,0,8.409916,0.0000,0.0000,0.0000,0.0000,0.0000,0.0000,3.252166,3.259748,3.255957,-0.1848309,,,,,0,0,0,0,0,0,0,0,0,0,0,0,0,0,0,0,0,0,0,0,0,0,0,0,0,0,0,0,0,0,0,0,0,0,0,0,0,0,0,0,0,0,0,0,0,0,0,0,0,0,0,
Participant,7_3,11_49_57,8.4133,0,1,0,8.413307,0.0000,0.0000,0.0000,0.0000,0.0000,0.0000,3.245839,3.301445,3.273642,-0.1671455,,,,,0,0,0,0,0,0,0,0,0,0,0,0,0,0,0,0,0,0,0,0,0,0,0,0,0,0,0,0,0,0,0,0,0,0,0,0,0,0,0,0,0,0,0,0,0,0,0,0,0,0,0,
Participant,7_3,11_49_57,8.4171,0,1,0,8.417098,0.0000,0.0000,0.0000,0.0000,0.0000,0.0000,3.291945,3.271245,3.281595,-0.1591923,,,,,0,0,0,0,0,0,0,0,0,0,0,0,0,0,0,0,0,0,0,0,0,0,0,0,0,0,0,0,0,0,0,0,0,0,0,0,0,0,0,0,0,0,0,0,0,0,0,0,0,0,0,
Participant,7_3,11_49_57,8.4205,0,1,0,8.42049,0.0000,0.0000,0.0000,0.0000,0.0000,0.0000,3.283777,3.278007,3.280892,-0.1598957,,,,,0,0,0,0,0,0,0,0,0,0,0,0,0,0,0,0,0,0,0,0,0,0,0,0,0,0,0,0,0,0,0,0,0,0,0,0,0,0,0,0,0,0,0,0,0,0,0,0,0,0,0,
Participant,7_3,11_49_57,8.4240,0,1,0,8.424023,0.0000,0.0000,0.0000,0.0000,0.0000,0.0000,3.280981,3.265257,3.273119,-0.1676686,,,,,0,0,0,0,0,0,0,0,0,0,0,0,0,0,0,0,0,0,0,0,0,0,0,0,0,0,0,0,0,0,0,0,0,0,0,0,0,0,0,0,0,0,0,0,0,0,0,0,0,0,0,
Participant,7_3,11_49_57,8.4275,0,1,0,8.427495,0.0000,0.0000,0.0000,0.0000,0.0000,0.0000,3.278112,3.246661,3.262387,-0.1784008,,,,,0,0,0,0,0,0,0,0,0,0,0,0,0,0,0,0,0,0,0,0,0,0,0,0,0,0,0,0,0,0,0,0,0,0,0,0,0,0,0,0,0,0,0,0,0,0,0,0,0,0,0,
Participant,7_3,11_49_57,8.4311,0,1,0,8.431065,0.0000,0.0000,0.0000,0.0000,0.0000,0.0000,3.28305,3.25724,3.270145,-0.1706426,,,,,0,0,0,0,0,0,0,0,0,0,0,0,0,0,0,0,0,0,0,0,0,0,0,0,0,0,0,0,0,0,0,0,0,0,0,0,0,0,0,0,0,0,0,0,0,0,0,0,0,0,0,
Participant,7_3,11_49_57,8.4345,0,1,0,8.434512,0.0000,0.0000,0.0000,0.0000,0.0000,0.0000,3.289316,3.254079,3.271698,-0.16909,,,,,0,0,0,0,0,0,0,0,0,0,0,0,0,0,0,0,0,0,0,0,0,0,0,0,0,0,0,0,0,0,0,0,0,0,0,0,0,0,0,0,0,0,0,0,0,0,0,0,0,0,0,
Participant,7_3,11_49_57,8.4377,0,1,0,8.437719,0.0000,0.0000,0.0000,0.0000,0.0000,0.0000,3.269562,3.274009,3.271786,-0.1690018,,,,,0,0,0,0,0,0,0,0,0,0,0,0,0,0,0,0,0,0,0,0,0,0,0,0,0,0,0,0,0,0,0,0,0,0,0,0,0,0,0,0,0,0,0,0,0,0,0,0,0,0,0,
Participant,7_3,11_49_57,8.4409,0,1,0,8.440948,0.0000,0.0000,0.0000,0.0000,0.0000,0.0000,3.284178,3.254685,3.269432,-0.171356,,,,,0,0,0,0,0,0,0,0,0,0,0,0,0,0,0,0,0,0,0,0,0,0,0,0,0,0,0,0,0,0,0,0,0,0,0,0,0,0,0,0,0,0,0,0,0,0,0,0,0,0,0,
Participant,7_3,11_49_57,8.4445,0,1,0,8.444479,0.0000,0.0000,0.0000,0.0000,0.0000,0.0000,3.292772,3.269893,3.281333,-0.1594548,,,,,0,0,0,0,0,0,0,0,0,0,0,0,0,0,0,0,0,0,0,0,0,0,0,0,0,0,0,0,0,0,0,0,0,0,0,0,0,0,0,0,0,0,0,0,0,0,0,0,0,0,0,
Participant,7_3,11_49_57,8.4477,0,1,0,8.447655,0.0000,0.0000,0.0000,0.0000,0.0000,0.0000,3.258911,3.262884,3.260897,-0.1798902,,,,,0,0,0,0,0,0,0,0,0,0,0,0,0,0,0,0,0,0,0,0,0,0,0,0,0,0,0,0,0,0,0,0,0,0,0,0,0,0,0,0,0,0,0,0,0,0,0,0,0,0,0,
Participant,7_3,11_49_57,8.4508,0,1,0,8.45082,0.0000,0.0000,0.0000,0.0000,0.0000,0.0000,3.262005,3.243094,3.25255,-0.1882379,,,,,0,0,0,0,0,0,0,0,0,0,0,0,0,0,0,0,0,0,0,0,0,0,0,0,0,0,0,0,0,0,0,0,0,0,0,0,0,0,0,0,0,0,0,0,0,0,0,0,0,0,0,
Participant,7_3,11_49_57,8.4540,0,1,0,8.45397,0.0000,0.0000,0.0000,0.0000,0.0000,0.0000,3.282018,3.241814,3.261916,-0.1788714,,,,,0,0,0,0,0,0,0,0,0,0,0,0,0,0,0,0,0,0,0,0,0,0,0,0,0,0,0,0,0,0,0,0,0,0,0,0,0,0,0,0,0,0,0,0,0,0,0,0,0,0,0,
Participant,7_3,11_49_57,8.4574,0,1,0,8.457352,0.0000,0.0000,0.0000,0.0000,0.0000,0.0000,3.293928,3.249046,3.271487,-0.1693003,,,,,0,0,0,0,0,0,0,0,0,0,0,0,0,0,0,0,0,0,0,0,0,0,0,0,0,0,0,0,0,0,0,0,0,0,0,0,0,0,0,0,0,0,0,0,0,0,0,0,0,0,0,
Participant,7_3,11_49_57,8.4605,0,1,0,8.460524,0.0000,0.0000,0.0000,0.0000,0.0000,0.0000,3.244853,3.273045,3.258949,-0.1818385,,,,,0,0,0,0,0,0,0,0,0,0,0,0,0,0,0,0,0,0,0,0,0,0,0,0,0,0,0,0,0,0,0,0,0,0,0,0,0,0,0,0,0,0,0,0,0,0,0,0,0,0,0,
Participant,7_3,11_49_57,8.4759,0,1,0,8.475939,0.0000,0.0000,0.0000,0.0000,0.0000,0.0000,3.287778,3.248121,3.26795,-0.172838,,,,,0,0,0,0,0,0,0,0,0,0,0,0,0,0,0,0,0,0,0,0,0,0,0,0,0,0,0,0,0,0,0,0,0,0,0,0,0,0,0,0,0,0,0,0,0,0,0,0,0,0,0,
Participant,7_3,11_49_57,8.4794,0,1,0,8.479442,0.0000,0.0000,0.0000,0.0000,0.0000,0.0000,3.248669,3.242446,3.245557,-0.1952302,,,,,0,0,0,0,0,0,0,0,0,0,0,0,0,0,0,0,0,0,0,0,0,0,0,0,0,0,0,0,0,0,0,0,0,0,0,0,0,0,0,0,0,0,0,0,0,0,0,0,0,0,0,
Participant,7_3,11_49_57,8.4833,0,1,0,8.48329,0.0000,0.0000,0.0000,0.0000,0.0000,0.0000,3.288725,3.242964,3.265845,-0.1749427,,,,,0,0,0,0,0,0,0,0,0,0,0,0,0,0,0,0,0,0,0,0,0,0,0,0,0,0,0,0,0,0,0,0,0,0,0,0,0,0,0,0,0,0,0,0,0,0,0,0,0,0,0,
Participant,7_3,11_49_57,8.4867,0,1,0,8.486686,0.0000,0.0000,0.0000,0.0000,0.0000,0.0000,3.267788,3.250472,3.25913,-0.1816576,,,,,0,0,0,0,0,0,0,0,0,0,0,0,0,0,0,0,0,0,0,0,0,0,0,0,0,0,0,0,0,0,0,0,0,0,0,0,0,0,0,0,0,0,0,0,0,0,0,0,0,0,0,
Participant,7_3,11_49_57,8.4899,0,1,0,8.489851,0.0000,0.0000,0.0000,0.0000,0.0000,0.0000,3.245843,3.265855,3.255849,-0.1849387,,,,,0,0,0,0,0,0,0,0,0,0,0,0,0,0,0,0,0,0,0,0,0,0,0,0,0,0,0,0,0,0,0,0,0,0,0,0,0,0,0,0,0,0,0,0,0,0,0,0,0,0,0,
Participant,7_3,11_49_57,8.4931,0,1,0,8.493066,0.0000,0.0000,0.0000,0.0000,0.0000,0.0000,3.250865,3.274421,3.262643,-0.1781447,,,,,0,0,0,0,0,0,0,0,0,0,0,0,0,0,0,0,0,0,0,0,0,0,0,0,0,0,0,0,0,0,0,0,0,0,0,0,0,0,0,0,0,0,0,0,0,0,0,0,0,0,0,
Participant,7_3,11_49_57,8.4965,0,1,0,8.496542,0.0000,0.0000,0.0000,0.0000,0.0000,0.0000,3.268916,3.267225,3.268071,-0.1727169,,,,,0,0,0,0,0,0,0,0,0,0,0,0,0,0,0,0,0,0,0,0,0,0,0,0,0,0,0,0,0,0,0,0,0,0,0,0,0,0,0,0,0,0,0,0,0,0,0,0,0,0,0,
Participant,7_3,11_49_57,8.4999,0,1,0,8.499876,0.0000,0.0000,0.0000,0.0000,0.0000,0.0000,3.280478,3.289262,3.28487,-0.1559179,,,,,0,0,0,0,0,0,0,0,0,0,0,0,0,0,0,0,0,0,0,0,0,0,0,0,0,0,0,0,0,0,0,0,0,0,0,0,0,0,0,0,0,0,0,0,0,0,0,0,0,0,0,
Participant,7_3,11_49_57,8.5030,0,1,0,8.503034,0.0000,0.0000,0.0000,0.0000,0.0000,0.0000,3.247943,3.233135,3.240539,-0.200249,,,,,0,0,0,0,0,0,0,0,0,0,0,0,0,0,0,0,0,0,0,0,0,0,0,0,0,0,0,0,0,0,0,0,0,0,0,0,0,0,0,0,0,0,0,0,0,0,0,0,0,0,0,
Participant,7_3,11_49_57,8.5064,0,1,0,8.506418,0.0000,0.0000,0.0000,0.0000,0.0000,0.0000,3.26688,3.242993,3.254937,-0.1858509,,,,,0,0,0,0,0,0,0,0,0,0,0,0,0,0,0,0,0,0,0,0,0,0,0,0,0,0,0,0,0,0,0,0,0,0,0,0,0,0,0,0,0,0,0,0,0,0,0,0,0,0,0,
Participant,7_3,11_49_57,8.5097,0,1,0,8.509666,0.0000,0.0000,0.0000,0.0000,0.0000,0.0000,3.231457,3.240064,3.23576,-0.2050271,,,,,0,0,0,0,0,0,0,0,0,0,0,0,0,0,0,0,0,0,0,0,0,0,0,0,0,0,0,0,0,0,0,0,0,0,0,0,0,0,0,0,0,0,0,0,0,0,0,0,0,0,0,
Participant,7_3,11_49_57,8.5131,0,1,0,8.513054,0.0000,0.0000,0.0000,0.0000,0.0000,0.0000,3.237999,3.273362,3.255681,-0.185107,,,,,0,0,0,0,0,0,0,0,0,0,0,0,0,0,0,0,0,0,0,0,0,0,0,0,0,0,0,0,0,0,0,0,0,0,0,0,0,0,0,0,0,0,0,0,0,0,0,0,0,0,0,
Participant,7_3,11_49_57,8.5169,0,1,0,8.516933,0.0000,0.0000,0.0000,0.0000,0.0000,0.0000,3.287449,3.286489,3.286969,-0.1538184,,,,,0,0,0,0,0,0,0,0,0,0,0,0,0,0,0,0,0,0,0,0,0,0,0,0,0,0,0,0,0,0,0,0,0,0,0,0,0,0,0,0,0,0,0,0,0,0,0,0,0,0,0,
Participant,7_3,11_49_57,8.5204,0,1,0,8.52036,0.0000,0.0000,0.0000,0.0000,0.0000,0.0000,3.258041,3.258963,3.258502,-0.1822855,,,,,0,0,0,0,0,0,0,0,0,0,0,0,0,0,0,0,0,0,0,0,0,0,0,0,0,0,0,0,0,0,0,0,0,0,0,0,0,0,0,0,0,0,0,0,0,0,0,0,0,0,0,
Participant,7_3,11_49_57,8.5238,0,1,0,8.523802,0.0000,0.0000,0.0000,0.0000,0.0000,0.0000,3.278119,3.261973,3.270046,-0.1707418,,,,,0,0,0,0,0,0,0,0,0,0,0,0,0,0,0,0,0,0,0,0,0,0,0,0,0,0,0,0,0,0,0,0,0,0,0,0,0,0,0,0,0,0,0,0,0,0,0,0,0,0,0,
Participant,7_3,11_49_57,8.5270,0,1,0,8.526963,0.0000,0.0000,0.0000,0.0000,0.0000,0.0000,3.244128,3.238697,3.241413,-0.1993749,,,,,0,0,0,0,0,0,0,0,0,0,0,0,0,0,0,0,0,0,0,0,0,0,0,0,0,0,0,0,0,0,0,0,0,0,0,0,0,0,0,0,0,0,0,0,0,0,0,0,0,0,0,
Participant,7_3,11_49_57,8.5305,0,1,0,8.530542,0.0000,0.0000,0.0000,0.0000,0.0000,0.0000,3.22814,3.234673,3.231407,-0.2093809,,,,,0,0,0,0,0,0,0,0,0,0,0,0,0,0,0,0,0,0,0,0,0,0,0,0,0,0,0,0,0,0,0,0,0,0,0,0,0,0,0,0,0,0,0,0,0,0,0,0,0,0,0,
Participant,7_3,11_49_57,8.5341,0,1,0,8.534137,0.0000,0.0000,0.0000,0.0000,0.0000,0.0000,3.283013,3.261284,3.272149,-0.1686389,,,,,0,0,0,0,0,0,0,0,0,0,0,0,0,0,0,0,0,0,0,0,0,0,0,0,0,0,0,0,0,0,0,0,0,0,0,0,0,0,0,0,0,0,0,0,0,0,0,0,0,0,0,
Participant,7_3,11_49_57,8.5376,0,1,0,8.537562,0.0000,0.0000,0.0000,0.0000,0.0000,0.0000,3.226331,3.276344,3.251338,-0.18945,,,,,0,0,0,0,0,0,0,0,0,0,0,0,0,0,0,0,0,0,0,0,0,0,0,0,0,0,0,0,0,0,0,0,0,0,0,0,0,0,0,0,0,0,0,0,0,0,0,0,0,0,0,
Participant,7_3,11_49_57,8.5413,0,1,0,8.54132,0.0000,0.0000,0.0000,0.0000,0.0000,0.0000,3.284748,3.269018,3.276883,-0.1639047,,,,,0,0,0,0,0,0,0,0,0,0,0,0,0,0,0,0,0,0,0,0,0,0,0,0,0,0,0,0,0,0,0,0,0,0,0,0,0,0,0,0,0,0,0,0,0,0,0,0,0,0,0,
Participant,7_3,11_49_57,8.5449,0,1,0,8.544895,0.0000,0.0000,0.0000,0.0000,0.0000,0.0000,3.25106,3.239277,3.245168,-0.1956191,,,,,0,0,0,0,0,0,0,0,0,0,0,0,0,0,0,0,0,0,0,0,0,0,0,0,0,0,0,0,0,0,0,0,0,0,0,0,0,0,0,0,0,0,0,0,0,0,0,0,0,0,0,
Participant,7_3,11_49_57,8.5486,0,1,0,8.548604,0.0000,0.0000,0.0000,0.0000,0.0000,0.0000,3.266203,3.260316,3.263259,-0.1775281,,,,,0,0,0,0,0,0,0,0,0,0,0,0,0,0,0,0,0,0,0,0,0,0,0,0,0,0,0,0,0,0,0,0,0,0,0,0,0,0,0,0,0,0,0,0,0,0,0,0,0,0,0,
Participant,7_3,11_49_57,8.5520,0,1,0,8.551976,0.0000,0.0000,0.0000,0.0000,0.0000,0.0000,3.275993,3.254953,3.265473,-0.1753147,,,,,0,0,0,0,0,0,0,0,0,0,0,0,0,0,0,0,0,0,0,0,0,0,0,0,0,0,0,0,0,0,0,0,0,0,0,0,0,0,0,0,0,0,0,0,0,0,0,0,0,0,0,
Participant,7_3,11_49_57,8.5554,0,1,0,8.555388,0.0000,0.0000,0.0000,0.0000,0.0000,0.0000,3.277431,3.278387,3.277909,-0.1628788,,,,,0,0,0,0,0,0,0,0,0,0,0,0,0,0,0,0,0,0,0,0,0,0,0,0,0,0,0,0,0,0,0,0,0,0,0,0,0,0,0,0,0,0,0,0,0,0,0,0,0,0,0,
Participant,7_3,11_49_57,8.5586,0,1,0,8.558589,0.0000,0.0000,0.0000,0.0000,0.0000,0.0000,3.225021,3.237459,3.23124,-0.2095478,,,,,0,0,0,0,0,0,0,0,0,0,0,0,0,0,0,0,0,0,0,0,0,0,0,0,0,0,0,0,0,0,0,0,0,0,0,0,0,0,0,0,0,0,0,0,0,0,0,0,0,0,0,
Participant,7_3,11_49_57,8.5622,0,1,0,8.562172,0.0000,0.0000,0.0000,0.0000,0.0000,0.0000,3.245056,3.281597,3.263327,-0.1774609,,,,,0,0,0,0,0,0,0,0,0,0,0,0,0,0,0,0,0,0,0,0,0,0,0,0,0,0,0,0,0,0,0,0,0,0,0,0,0,0,0,0,0,0,0,0,0,0,0,0,0,0,0,
Participant,7_3,11_49_57,8.5659,0,1,0,8.565886,0.0000,0.0000,0.0000,0.0000,0.0000,0.0000,3.232728,3.244136,3.238432,-0.2023556,,,,,0,0,0,0,0,0,0,0,0,0,0,0,0,0,0,0,0,0,0,0,0,0,0,0,0,0,0,0,0,0,0,0,0,0,0,0,0,0,0,0,0,0,0,0,0,0,0,0,0,0,0,
Participant,7_3,11_49_57,8.5693,0,1,0,8.569297,0.0000,0.0000,0.0000,0.0000,0.0000,0.0000,3.25749,3.222775,3.240133,-0.2006547,,,,,0,0,0,0,0,0,0,0,0,0,0,0,0,0,0,0,0,0,0,0,0,0,0,0,0,0,0,0,0,0,0,0,0,0,0,0,0,0,0,0,0,0,0,0,0,0,0,0,0,0,0,
Participant,7_3,11_49_57,8.5725,0,1,0,8.572458,0.0000,0.0000,0.0000,0.0000,0.0000,0.0000,3.266941,3.269995,3.268468,-0.1723197,,,,,0,0,0,0,0,0,0,0,0,0,0,0,0,0,0,0,0,0,0,0,0,0,0,0,0,0,0,0,0,0,0,0,0,0,0,0,0,0,0,0,0,0,0,0,0,0,0,0,0,0,0,
Participant,7_3,11_49_57,8.5757,0,1,0,8.575706,0.0000,0.0000,0.0000,0.0000,0.0000,0.0000,3.223013,3.258363,3.240688,-0.2000995,,,,,0,0,0,0,0,0,0,0,0,0,0,0,0,0,0,0,0,0,0,0,0,0,0,0,0,0,0,0,0,0,0,0,0,0,0,0,0,0,0,0,0,0,0,0,0,0,0,0,0,0,0,
Participant,7_3,11_49_57,8.5790,0,1,0,8.578958,0.0000,0.0000,0.0000,0.0000,0.0000,0.0000,3.237611,3.24545,3.24153,-0.1992574,,,,,0,0,0,0,0,0,0,0,0,0,0,0,0,0,0,0,0,0,0,0,0,0,0,0,0,0,0,0,0,0,0,0,0,0,0,0,0,0,0,0,0,0,0,0,0,0,0,0,0,0,0,
Participant,7_3,11_49_57,8.5825,0,1,0,8.582493,0.0000,0.0000,0.0000,0.0000,0.0000,0.0000,3.267655,3.249182,3.258419,-0.182369,,,,,0,0,0,0,0,0,0,0,0,0,0,0,0,0,0,0,0,0,0,0,0,0,0,0,0,0,0,0,0,0,0,0,0,0,0,0,0,0,0,0,0,0,0,0,0,0,0,0,0,0,0,
Participant,7_3,11_49_57,8.5860,0,1,0,8.585978,0.0000,0.0000,0.0000,0.0000,0.0000,0.0000,3.279024,3.234824,3.256924,-0.1838634,,,,,0,0,0,0,0,0,0,0,0,0,0,0,0,0,0,0,0,0,0,0,0,0,0,0,0,0,0,0,0,0,0,0,0,0,0,0,0,0,0,0,0,0,0,0,0,0,0,0,0,0,0,
Participant,7_3,11_49_57,8.5894,0,1,0,8.58938,0.0000,0.0000,0.0000,0.0000,0.0000,0.0000,3.238675,3.276473,3.257574,-0.1832139,,,,,0,0,0,0,0,0,0,0,0,0,0,0,0,0,0,0,0,0,0,0,0,0,0,0,0,0,0,0,0,0,0,0,0,0,0,0,0,0,0,0,0,0,0,0,0,0,0,0,0,0,0,
Participant,7_3,11_49_57,8.5926,0,1,0,8.592573,0.0000,0.0000,0.0000,0.0000,0.0000,0.0000,3.224646,3.27912,3.251883,-0.1889045,,,,,0,0,0,0,0,0,0,0,0,0,0,0,0,0,0,0,0,0,0,0,0,0,0,0,0,0,0,0,0,0,0,0,0,0,0,0,0,0,0,0,0,0,0,0,0,0,0,0,0,0,0,
Participant,7_3,11_49_57,8.5958,0,1,0,8.595772,0.0000,0.0000,0.0000,0.0000,0.0000,0.0000,3.254606,3.240621,3.247614,-0.1931739,,,,,0,0,0,0,0,0,0,0,0,0,0,0,0,0,0,0,0,0,0,0,0,0,0,0,0,0,0,0,0,0,0,0,0,0,0,0,0,0,0,0,0,0,0,0,0,0,0,0,0,0,0,
Participant,7_3,11_49_57,8.5989,0,1,0,8.598946,0.0000,0.0000,0.0000,0.0000,0.0000,0.0000,3.257852,3.2447,3.251276,-0.1895118,,,,,0,0,0,0,0,0,0,0,0,0,0,0,0,0,0,0,0,0,0,0,0,0,0,0,0,0,0,0,0,0,0,0,0,0,0,0,0,0,0,0,0,0,0,0,0,0,0,0,0,0,0,
Participant,7_3,11_49_57,8.6022,0,1,0,8.602169,0.0000,0.0000,0.0000,0.0000,0.0000,0.0000,3.253672,3.231167,3.242419,-0.1983683,,,,,0,0,0,0,0,0,0,0,0,0,0,0,0,0,0,0,0,0,0,0,0,0,0,0,0,0,0,0,0,0,0,0,0,0,0,0,0,0,0,0,0,0,0,0,0,0,0,0,0,0,0,
Participant,7_3,11_49_57,8.6055,0,1,0,8.605547,0.0000,0.0000,0.0000,0.0000,0.0000,0.0000,3.263516,3.262119,3.262818,-0.1779699,,,,,0,0,0,0,0,0,0,0,0,0,0,0,0,0,0,0,0,0,0,0,0,0,0,0,0,0,0,0,0,0,0,0,0,0,0,0,0,0,0,0,0,0,0,0,0,0,0,0,0,0,0,
Participant,7_3,11_49_57,8.6087,0,1,0,8.608688,0.0000,0.0000,0.0000,0.0000,0.0000,0.0000,3.234482,3.260941,3.247711,-0.1930761,,,,,0,0,0,0,0,0,0,0,0,0,0,0,0,0,0,0,0,0,0,0,0,0,0,0,0,0,0,0,0,0,0,0,0,0,0,0,0,0,0,0,0,0,0,0,0,0,0,0,0,0,0,
Participant,7_3,11_49_57,8.6119,0,1,0,8.611917,0.0000,0.0000,0.0000,0.0000,0.0000,0.0000,3.234753,3.235053,3.234903,-0.2058847,,,,,0,0,0,0,0,0,0,0,0,0,0,0,0,0,0,0,0,0,0,0,0,0,0,0,0,0,0,0,0,0,0,0,0,0,0,0,0,0,0,0,0,0,0,0,0,0,0,0,0,0,0,
Participant,7_3,11_49_57,8.6152,0,1,0,8.615214,0.0000,0.0000,0.0000,0.0000,0.0000,0.0000,3.232187,3.235127,3.233657,-0.2071307,,,,,0,0,0,0,0,0,0,0,0,0,0,0,0,0,0,0,0,0,0,0,0,0,0,0,0,0,0,0,0,0,0,0,0,0,0,0,0,0,0,0,0,0,0,0,0,0,0,0,0,0,0,
Participant,7_3,11_49_57,8.6184,0,1,0,8.618391,0.0000,0.0000,0.0000,0.0000,0.0000,0.0000,3.233109,3.276395,3.254752,-0.1860356,,,,,0,0,0,0,0,0,0,0,0,0,0,0,0,0,0,0,0,0,0,0,0,0,0,0,0,0,0,0,0,0,0,0,0,0,0,0,0,0,0,0,0,0,0,0,0,0,0,0,0,0,0,
Participant,7_3,11_49_57,8.6216,0,1,0,8.621552,0.0000,0.0000,0.0000,0.0000,0.0000,0.0000,3.265774,3.231225,3.2485,-0.1922879,,,,,0,0,0,0,0,0,0,0,0,0,0,0,0,0,0,0,0,0,0,0,0,0,0,0,0,0,0,0,0,0,0,0,0,0,0,0,0,0,0,0,0,0,0,0,0,0,0,0,0,0,0,
Participant,7_3,11_49_57,8.6250,0,1,0,8.624991,0.0000,0.0000,0.0000,0.0000,0.0000,0.0000,3.262697,3.261147,3.261922,-0.1788657,,,,,0,0,0,0,0,0,0,0,0,0,0,0,0,0,0,0,0,0,0,0,0,0,0,0,0,0,0,0,0,0,0,0,0,0,0,0,0,0,0,0,0,0,0,0,0,0,0,0,0,0,0,
Participant,7_3,11_49_57,8.6282,0,1,0,8.628206,0.0000,0.0000,0.0000,0.0000,0.0000,0.0000,3.257119,3.225512,3.241315,-0.1994722,,,,,0,0,0,0,0,0,0,0,0,0,0,0,0,0,0,0,0,0,0,0,0,0,0,0,0,0,0,0,0,0,0,0,0,0,0,0,0,0,0,0,0,0,0,0,0,0,0,0,0,0,0,
Participant,7_3,11_49_57,8.6317,0,1,0,8.631653,0.0000,0.0000,0.0000,0.0000,0.0000,0.0000,3.280007,3.24688,3.263443,-0.1773443,,,,,0,0,0,0,0,0,0,0,0,0,0,0,0,0,0,0,0,0,0,0,0,0,0,0,0,0,0,0,0,0,0,0,0,0,0,0,0,0,0,0,0,0,0,0,0,0,0,0,0,0,0,
Participant,7_3,11_49_57,8.6348,0,1,0,8.634821,0.0000,0.0000,0.0000,0.0000,0.0000,0.0000,3.255949,3.250588,3.253269,-0.1875188,,,,,0,0,0,0,0,0,0,0,0,0,0,0,0,0,0,0,0,0,0,0,0,0,0,0,0,0,0,0,0,0,0,0,0,0,0,0,0,0,0,0,0,0,0,0,0,0,0,0,0,0,0,
Participant,7_3,11_49_57,8.6380,0,1,0,8.63796,0.0000,0.0000,0.0000,0.0000,0.0000,0.0000,3.249226,3.278013,3.263619,-0.1771681,,,,,0,0,0,0,0,0,0,0,0,0,0,0,0,0,0,0,0,0,0,0,0,0,0,0,0,0,0,0,0,0,0,0,0,0,0,0,0,0,0,0,0,0,0,0,0,0,0,0,0,0,0,
Participant,7_3,11_49_57,8.6412,0,1,0,8.641186,0.0000,0.0000,0.0000,0.0000,0.0000,0.0000,3.25834,3.266863,3.262601,-0.1781862,,,,,0,0,0,0,0,0,0,0,0,0,0,0,0,0,0,0,0,0,0,0,0,0,0,0,0,0,0,0,0,0,0,0,0,0,0,0,0,0,0,0,0,0,0,0,0,0,0,0,0,0,0,
Participant,7_3,11_49_57,8.6446,0,1,0,8.644568,0.0000,0.0000,0.0000,0.0000,0.0000,0.0000,3.25776,3.231534,3.244647,-0.1961405,,,,,0,0,0,0,0,0,0,0,0,0,0,0,0,0,0,0,0,0,0,0,0,0,0,0,0,0,0,0,0,0,0,0,0,0,0,0,0,0,0,0,0,0,0,0,0,0,0,0,0,0,0,
Participant,7_3,11_49_57,8.6477,0,1,0,8.647727,0.0000,0.0000,0.0000,0.0000,0.0000,0.0000,3.254644,3.232082,3.243363,-0.1974247,,,,,0,0,0,0,0,0,0,0,0,0,0,0,0,0,0,0,0,0,0,0,0,0,0,0,0,0,0,0,0,0,0,0,0,0,0,0,0,0,0,0,0,0,0,0,0,0,0,0,0,0,0,
Participant,7_3,11_49_57,8.6512,0,1,0,8.651153,0.0000,0.0000,0.0000,0.0000,0.0000,0.0000,3.261537,3.23204,3.246789,-0.1939991,,,,,0,0,0,0,0,0,0,0,0,0,0,0,0,0,0,0,0,0,0,0,0,0,0,0,0,0,0,0,0,0,0,0,0,0,0,0,0,0,0,0,0,0,0,0,0,0,0,0,0,0,0,
Participant,7_3,11_49_57,8.6545,0,1,0,8.65454,0.0000,0.0000,0.0000,0.0000,0.0000,0.0000,3.277742,3.227066,3.252404,-0.1883838,,,,,0,0,0,0,0,0,0,0,0,0,0,0,0,0,0,0,0,0,0,0,0,0,0,0,0,0,0,0,0,0,0,0,0,0,0,0,0,0,0,0,0,0,0,0,0,0,0,0,0,0,0,
Participant,7_3,11_49_57,8.6577,0,1,0,8.657739,0.0000,0.0000,0.0000,0.0000,0.0000,0.0000,3.244189,3.274565,3.259377,-0.1814101,,,,,0,0,0,0,0,0,0,0,0,0,0,0,0,0,0,0,0,0,0,0,0,0,0,0,0,0,0,0,0,0,0,0,0,0,0,0,0,0,0,0,0,0,0,0,0,0,0,0,0,0,0,
Participant,7_3,11_49_57,8.6610,0,1,0,8.66095,0.0000,0.0000,0.0000,0.0000,0.0000,0.0000,3.278749,3.225639,3.252194,-0.1885936,,,,,0,0,0,0,0,0,0,0,0,0,0,0,0,0,0,0,0,0,0,0,0,0,0,0,0,0,0,0,0,0,0,0,0,0,0,0,0,0,0,0,0,0,0,0,0,0,0,0,0,0,0,
Participant,7_3,11_49_57,8.6754,0,1,0,8.675387,0.0000,0.0000,0.0000,0.0000,0.0000,0.0000,3.236908,3.256367,3.246637,-0.1941502,,,,,0,0,0,0,0,0,0,0,0,0,0,0,0,0,0,0,0,0,0,0,0,0,0,0,0,0,0,0,0,0,0,0,0,0,0,0,0,0,0,0,0,0,0,0,0,0,0,0,0,0,0,
Participant,7_3,11_49_57,8.6786,0,1,0,8.678581,0.0000,0.0000,0.0000,0.0000,0.0000,0.0000,3.230661,3.246881,3.238771,-0.2020166,,,,,0,0,0,0,0,0,0,0,0,0,0,0,0,0,0,0,0,0,0,0,0,0,0,0,0,0,0,0,0,0,0,0,0,0,0,0,0,0,0,0,0,0,0,0,0,0,0,0,0,0,0,
Participant,7_3,11_49_57,8.6817,0,1,0,8.681736,0.0000,0.0000,0.0000,0.0000,0.0000,0.0000,3.2636,3.273736,3.268668,-0.1721199,,,,,0,0,0,0,0,0,0,0,0,0,0,0,0,0,0,0,0,0,0,0,0,0,0,0,0,0,0,0,0,0,0,0,0,0,0,0,0,0,0,0,0,0,0,0,0,0,0,0,0,0,0,
Participant,7_3,11_49_57,8.6853,0,1,0,8.685302,0.0000,0.0000,0.0000,0.0000,0.0000,0.0000,3.226095,3.260794,3.243444,-0.1973431,,,,,0,0,0,0,0,0,0,0,0,0,0,0,0,0,0,0,0,0,0,0,0,0,0,0,0,0,0,0,0,0,0,0,0,0,0,0,0,0,0,0,0,0,0,0,0,0,0,0,0,0,0,
Participant,7_3,11_49_57,8.6885,0,1,0,8.688518,0.0000,0.0000,0.0000,0.0000,0.0000,0.0000,3.241419,3.263963,3.252691,-0.1880968,,,,,0,0,0,0,0,0,0,0,0,0,0,0,0,0,0,0,0,0,0,0,0,0,0,0,0,0,0,0,0,0,0,0,0,0,0,0,0,0,0,0,0,0,0,0,0,0,0,0,0,0,0,
Participant,7_3,11_49_57,8.6917,0,1,0,8.6917,0.0000,0.0000,0.0000,0.0000,0.0000,0.0000,3.279459,3.224522,3.25199,-0.1887975,,,,,0,0,0,0,0,0,0,0,0,0,0,0,0,0,0,0,0,0,0,0,0,0,0,0,0,0,0,0,0,0,0,0,0,0,0,0,0,0,0,0,0,0,0,0,0,0,0,0,0,0,0,
Participant,7_3,11_49_57,8.6948,0,1,0,8.694833,0.0000,0.0000,0.0000,0.0000,0.0000,0.0000,3.265246,3.281069,3.273157,-0.1676302,,,,,0,0,0,0,0,0,0,0,0,0,0,0,0,0,0,0,0,0,0,0,0,0,0,0,0,0,0,0,0,0,0,0,0,0,0,0,0,0,0,0,0,0,0,0,0,0,0,0,0,0,0,
Participant,7_3,11_49_57,8.6986,0,1,0,8.698552,0.0000,0.0000,0.0000,0.0000,0.0000,0.0000,3.222421,3.252962,3.237692,-0.2030959,,,,,0,0,0,0,0,0,0,0,0,0,0,0,0,0,0,0,0,0,0,0,0,0,0,0,0,0,0,0,0,0,0,0,0,0,0,0,0,0,0,0,0,0,0,0,0,0,0,0,0,0,0,
Participant,7_3,11_49_57,8.7020,0,1,0,8.701971,0.0000,0.0000,0.0000,0.0000,0.0000,0.0000,3.243424,3.253611,3.248518,-0.1922698,,,,,0,0,0,0,0,0,0,0,0,0,0,0,0,0,0,0,0,0,0,0,0,0,0,0,0,0,0,0,0,0,0,0,0,0,0,0,0,0,0,0,0,0,0,0,0,0,0,0,0,0,0,
Participant,7_3,11_49_57,8.7055,0,1,0,8.705499,0.0000,0.0000,0.0000,0.0000,0.0000,0.0000,3.246841,3.252336,3.249589,-0.1911988,,,,,0,0,0,0,0,0,0,0,0,0,0,0,0,0,0,0,0,0,0,0,0,0,0,0,0,0,0,0,0,0,0,0,0,0,0,0,0,0,0,0,0,0,0,0,0,0,0,0,0,0,0,
Participant,7_3,11_49_57,8.7089,0,1,0,8.708861,0.0000,0.0000,0.0000,0.0000,0.0000,0.0000,3.252354,3.23348,3.242917,-0.197871,,,,,0,0,0,0,0,0,0,0,0,0,0,0,0,0,0,0,0,0,0,0,0,0,0,0,0,0,0,0,0,0,0,0,0,0,0,0,0,0,0,0,0,0,0,0,0,0,0,0,0,0,0,
Participant,7_3,11_49_57,8.7120,0,1,0,8.712016,0.0000,0.0000,0.0000,0.0000,0.0000,0.0000,3.2321,3.229996,3.231048,-0.2097399,,,,,0,0,0,0,0,0,0,0,0,0,0,0,0,0,0,0,0,0,0,0,0,0,0,0,0,0,0,0,0,0,0,0,0,0,0,0,0,0,0,0,0,0,0,0,0,0,0,0,0,0,0,
Participant,7_3,11_49_57,8.7156,0,1,0,8.715573,0.0000,0.0000,0.0000,0.0000,0.0000,0.0000,3.246266,3.26262,3.254443,-0.1863449,,,,,0,0,0,0,0,0,0,0,0,0,0,0,0,0,0,0,0,0,0,0,0,0,0,0,0,0,0,0,0,0,0,0,0,0,0,0,0,0,0,0,0,0,0,0,0,0,0,0,0,0,0,
Participant,7_3,11_49_57,8.7190,0,1,0,8.718984,0.0000,0.0000,0.0000,0.0000,0.0000,0.0000,3.244,3.276571,3.260285,-0.1805022,,,,,0,0,0,0,0,0,0,0,0,0,0,0,0,0,0,0,0,0,0,0,0,0,0,0,0,0,0,0,0,0,0,0,0,0,0,0,0,0,0,0,0,0,0,0,0,0,0,0,0,0,0,
Participant,7_3,11_49_57,8.7223,0,1,0,8.722345,0.0000,0.0000,0.0000,0.0000,0.0000,0.0000,3.233422,3.236034,3.234728,-0.2060595,,,,,0,0,0,0,0,0,0,0,0,0,0,0,0,0,0,0,0,0,0,0,0,0,0,0,0,0,0,0,0,0,0,0,0,0,0,0,0,0,0,0,0,0,0,0,0,0,0,0,0,0,0,
Participant,7_3,11_49_57,8.7259,0,1,0,8.725929,0.0000,0.0000,0.0000,0.0000,0.0000,0.0000,3.22584,3.279818,3.252829,-0.1879585,,,,,0,0,0,0,0,0,0,0,0,0,0,0,0,0,0,0,0,0,0,0,0,0,0,0,0,0,0,0,0,0,0,0,0,0,0,0,0,0,0,0,0,0,0,0,0,0,0,0,0,0,0,
Participant,7_3,11_49_57,8.7293,0,1,0,8.729269,0.0000,0.0000,0.0000,0.0000,0.0000,0.0000,3.250055,3.259001,3.254528,-0.1862593,,,,,0,0,0,0,0,0,0,0,0,0,0,0,0,0,0,0,0,0,0,0,0,0,0,0,0,0,0,0,0,0,0,0,0,0,0,0,0,0,0,0,0,0,0,0,0,0,0,0,0,0,0,
Participant,7_3,11_49_57,8.7330,0,1,0,8.733022,0.0000,0.0000,0.0000,0.0000,0.0000,0.0000,3.243022,3.27127,3.257146,-0.1836414,,,,,0,0,0,0,0,0,0,0,0,0,0,0,0,0,0,0,0,0,0,0,0,0,0,0,0,0,0,0,0,0,0,0,0,0,0,0,0,0,0,0,0,0,0,0,0,0,0,0,0,0,0,
Participant,7_3,11_49_57,8.7365,0,1,0,8.736452,0.0000,0.0000,0.0000,0.0000,0.0000,0.0000,3.26014,3.274841,3.267491,-0.1732967,,,,,0,0,0,0,0,0,0,0,0,0,0,0,0,0,0,0,0,0,0,0,0,0,0,0,0,0,0,0,0,0,0,0,0,0,0,0,0,0,0,0,0,0,0,0,0,0,0,0,0,0,0,
Participant,7_3,11_49_57,8.7399,0,1,0,8.739904,0.0000,0.0000,0.0000,0.0000,0.0000,0.0000,3.264287,3.230555,3.247421,-0.1933663,,,,,0,0,0,0,0,0,0,0,0,0,0,0,0,0,0,0,0,0,0,0,0,0,0,0,0,0,0,0,0,0,0,0,0,0,0,0,0,0,0,0,0,0,0,0,0,0,0,0,0,0,0,
Participant,7_3,11_49_57,8.7431,0,1,0,8.743125,0.0000,0.0000,0.0000,0.0000,0.0000,0.0000,3.253104,3.248898,3.251001,-0.1897869,,,,,0,0,0,0,0,0,0,0,0,0,0,0,0,0,0,0,0,0,0,0,0,0,0,0,0,0,0,0,0,0,0,0,0,0,0,0,0,0,0,0,0,0,0,0,0,0,0,0,0,0,0,
Participant,7_3,11_49_57,8.7467,0,1,0,8.74666,0.0000,0.0000,0.0000,0.0000,0.0000,0.0000,3.249915,3.242826,3.246371,-0.1944168,,,,,0,0,0,0,0,0,0,0,0,0,0,0,0,0,0,0,0,0,0,0,0,0,0,0,0,0,0,0,0,0,0,0,0,0,0,0,0,0,0,0,0,0,0,0,0,0,0,0,0,0,0,
Participant,7_3,11_49_57,8.7505,0,1,0,8.750479,0.0000,0.0000,0.0000,0.0000,0.0000,0.0000,3.263683,3.236087,3.249885,-0.1909027,,,,,0,0,0,0,0,0,0,0,0,0,0,0,0,0,0,0,0,0,0,0,0,0,0,0,0,0,0,0,0,0,0,0,0,0,0,0,0,0,0,0,0,0,0,0,0,0,0,0,0,0,0,
Participant,7_3,11_49_57,8.7536,0,1,0,8.753616,0.0000,0.0000,0.0000,0.0000,0.0000,0.0000,3.282573,3.238281,3.260427,-0.1803603,,,,,0,0,0,0,0,0,0,0,0,0,0,0,0,0,0,0,0,0,0,0,0,0,0,0,0,0,0,0,0,0,0,0,0,0,0,0,0,0,0,0,0,0,0,0,0,0,0,0,0,0,0,
Participant,7_3,11_49_57,8.7569,0,1,0,8.756948,0.0000,0.0000,0.0000,0.0000,0.0000,0.0000,3.230564,3.242725,3.236645,-0.2041428,,,,,0,0,0,0,0,0,0,0,0,0,0,0,0,0,0,0,0,0,0,0,0,0,0,0,0,0,0,0,0,0,0,0,0,0,0,0,0,0,0,0,0,0,0,0,0,0,0,0,0,0,0,
Participant,7_3,11_49_57,8.7601,0,1,0,8.760122,0.0000,0.0000,0.0000,0.0000,0.0000,0.0000,3.252729,3.274999,3.263864,-0.1769233,,,,,0,0,0,0,0,0,0,0,0,0,0,0,0,0,0,0,0,0,0,0,0,0,0,0,0,0,0,0,0,0,0,0,0,0,0,0,0,0,0,0,0,0,0,0,0,0,0,0,0,0,0,
Participant,7_3,11_49_57,8.7636,0,1,0,8.763552,0.0000,0.0000,0.0000,0.0000,0.0000,0.0000,3.281988,3.275349,3.278668,-0.1621192,,,,,0,0,0,0,0,0,0,0,0,0,0,0,0,0,0,0,0,0,0,0,0,0,0,0,0,0,0,0,0,0,0,0,0,0,0,0,0,0,0,0,0,0,0,0,0,0,0,0,0,0,0,
Participant,7_3,11_49_57,8.7667,0,1,0,8.766708,0.0000,0.0000,0.0000,0.0000,0.0000,0.0000,3.239681,3.272713,3.256197,-0.1845906,,,,,0,0,0,0,0,0,0,0,0,0,0,0,0,0,0,0,0,0,0,0,0,0,0,0,0,0,0,0,0,0,0,0,0,0,0,0,0,0,0,0,0,0,0,0,0,0,0,0,0,0,0,
Participant,7_3,11_49_57,8.7701,0,1,0,8.770083,0.0000,0.0000,0.0000,0.0000,0.0000,0.0000,3.242121,3.237425,3.239773,-0.2010143,,,,,0,0,0,0,0,0,0,0,0,0,0,0,0,0,0,0,0,0,0,0,0,0,0,0,0,0,0,0,0,0,0,0,0,0,0,0,0,0,0,0,0,0,0,0,0,0,0,0,0,0,0,
Participant,7_3,11_49_57,8.7733,0,1,0,8.773254,0.0000,0.0000,0.0000,0.0000,0.0000,0.0000,3.284312,3.272898,3.278605,-0.1621821,,,,,0,0,0,0,0,0,0,0,0,0,0,0,0,0,0,0,0,0,0,0,0,0,0,0,0,0,0,0,0,0,0,0,0,0,0,0,0,0,0,0,0,0,0,0,0,0,0,0,0,0,0,
Participant,7_3,11_49_57,8.7764,0,1,0,8.776429,0.0000,0.0000,0.0000,0.0000,0.0000,0.0000,3.236403,3.240126,3.238265,-0.202523,,,,,0,0,0,0,0,0,0,0,0,0,0,0,0,0,0,0,0,0,0,0,0,0,0,0,0,0,0,0,0,0,0,0,0,0,0,0,0,0,0,0,0,0,0,0,0,0,0,0,0,0,0,
Participant,7_3,11_49_57,8.7796,0,1,0,8.779572,0.0000,0.0000,0.0000,0.0000,0.0000,0.0000,3.240961,3.26171,3.251335,-0.1894524,,,,,0,0,0,0,0,0,0,0,0,0,0,0,0,0,0,0,0,0,0,0,0,0,0,0,0,0,0,0,0,0,0,0,0,0,0,0,0,0,0,0,0,0,0,0,0,0,0,0,0,0,0,
Participant,7_3,11_49_57,8.7827,0,1,0,8.782738,0.0000,0.0000,0.0000,0.0000,0.0000,0.0000,3.278927,3.286622,3.282774,-0.1580131,,,,,0,0,0,0,0,0,0,0,0,0,0,0,0,0,0,0,0,0,0,0,0,0,0,0,0,0,0,0,0,0,0,0,0,0,0,0,0,0,0,0,0,0,0,0,0,0,0,0,0,0,0,
Participant,7_3,11_49_57,8.7861,0,1,0,8.786149,0.0000,0.0000,0.0000,0.0000,0.0000,0.0000,3.251542,3.271959,3.26175,-0.1790373,,,,,0,0,0,0,0,0,0,0,0,0,0,0,0,0,0,0,0,0,0,0,0,0,0,0,0,0,0,0,0,0,0,0,0,0,0,0,0,0,0,0,0,0,0,0,0,0,0,0,0,0,0,
Participant,7_3,11_49_57,8.7893,0,1,0,8.78932,0.0000,0.0000,0.0000,0.0000,0.0000,0.0000,3.251953,3.268693,3.260323,-0.1804647,,,,,0,0,0,0,0,0,0,0,0,0,0,0,0,0,0,0,0,0,0,0,0,0,0,0,0,0,0,0,0,0,0,0,0,0,0,0,0,0,0,0,0,0,0,0,0,0,0,0,0,0,0,
Participant,7_3,11_49_57,8.7925,0,1,0,8.792455,0.0000,0.0000,0.0000,0.0000,0.0000,0.0000,3.246215,3.232237,3.239226,-0.2015617,,,,,0,0,0,0,0,0,0,0,0,0,0,0,0,0,0,0,0,0,0,0,0,0,0,0,0,0,0,0,0,0,0,0,0,0,0,0,0,0,0,0,0,0,0,0,0,0,0,0,0,0,0,
Participant,7_3,11_49_57,8.7957,0,1,0,8.795687,0.0000,0.0000,0.0000,0.0000,0.0000,0.0000,3.28581,3.25844,3.272125,-0.1686625,,,,,0,0,0,0,0,0,0,0,0,0,0,0,0,0,0,0,0,0,0,0,0,0,0,0,0,0,0,0,0,0,0,0,0,0,0,0,0,0,0,0,0,0,0,0,0,0,0,0,0,0,0,
Participant,7_3,11_49_57,8.7995,0,1,0,8.799486,0.0000,0.0000,0.0000,0.0000,0.0000,0.0000,3.288682,3.249228,3.268955,-0.1718323,,,,,0,0,0,0,0,0,0,0,0,0,0,0,0,0,0,0,0,0,0,0,0,0,0,0,0,0,0,0,0,0,0,0,0,0,0,0,0,0,0,0,0,0,0,0,0,0,0,0,0,0,0,
Participant,7_3,11_49_57,8.8027,0,1,0,8.802656,0.0000,0.0000,0.0000,0.0000,0.0000,0.0000,3.235037,3.275315,3.255176,-0.1856115,,,,,0,0,0,0,0,0,0,0,0,0,0,0,0,0,0,0,0,0,0,0,0,0,0,0,0,0,0,0,0,0,0,0,0,0,0,0,0,0,0,0,0,0,0,0,0,0,0,0,0,0,0,
Participant,7_3,11_49_57,8.8060,0,1,0,8.806046,0.0000,0.0000,0.0000,0.0000,0.0000,0.0000,3.242492,3.258121,3.250307,-0.1904809,,,,,0,0,0,0,0,0,0,0,0,0,0,0,0,0,0,0,0,0,0,0,0,0,0,0,0,0,0,0,0,0,0,0,0,0,0,0,0,0,0,0,0,0,0,0,0,0,0,0,0,0,0,
Participant,7_3,11_49_57,8.8093,0,1,0,8.809325,0.0000,0.0000,0.0000,0.0000,0.0000,0.0000,3.28559,3.273268,3.279429,-0.1613586,,,,,0,0,0,0,0,0,0,0,0,0,0,0,0,0,0,0,0,0,0,0,0,0,0,0,0,0,0,0,0,0,0,0,0,0,0,0,0,0,0,0,0,0,0,0,0,0,0,0,0,0,0,
Participant,7_3,11_49_57,8.8127,0,1,0,8.812707,0.0000,0.0000,0.0000,0.0000,0.0000,0.0000,3.248246,3.258672,3.253459,-0.1873283,,,,,0,0,0,0,0,0,0,0,0,0,0,0,0,0,0,0,0,0,0,0,0,0,0,0,0,0,0,0,0,0,0,0,0,0,0,0,0,0,0,0,0,0,0,0,0,0,0,0,0,0,0,
Participant,7_3,11_49_57,8.8166,0,1,0,8.816557,0.0000,0.0000,0.0000,0.0000,0.0000,0.0000,3.265427,3.267402,3.266414,-0.1743731,,,,,0,0,0,0,0,0,0,0,0,0,0,0,0,0,0,0,0,0,0,0,0,0,0,0,0,0,0,0,0,0,0,0,0,0,0,0,0,0,0,0,0,0,0,0,0,0,0,0,0,0,0,
Participant,7_3,11_49_57,8.8200,0,1,0,8.81995,0.0000,0.0000,0.0000,0.0000,0.0000,0.0000,3.244848,3.270936,3.257892,-0.1828959,,,,,0,0,0,0,0,0,0,0,0,0,0,0,0,0,0,0,0,0,0,0,0,0,0,0,0,0,0,0,0,0,0,0,0,0,0,0,0,0,0,0,0,0,0,0,0,0,0,0,0,0,0,
Participant,7_3,11_49_57,8.8232,0,1,0,8.823193,0.0000,0.0000,0.0000,0.0000,0.0000,0.0000,3.27928,3.25867,3.268975,-0.1718123,,,,,0,0,0,0,0,0,0,0,0,0,0,0,0,0,0,0,0,0,0,0,0,0,0,0,0,0,0,0,0,0,0,0,0,0,0,0,0,0,0,0,0,0,0,0,0,0,0,0,0,0,0,
Participant,7_3,11_49_57,8.8266,0,1,0,8.826573,0.0000,0.0000,0.0000,0.0000,0.0000,0.0000,3.267201,3.258568,3.262884,-0.1779032,,,,,0,0,0,0,0,0,0,0,0,0,0,0,0,0,0,0,0,0,0,0,0,0,0,0,0,0,0,0,0,0,0,0,0,0,0,0,0,0,0,0,0,0,0,0,0,0,0,0,0,0,0,
Participant,7_3,11_49_57,8.8298,0,1,0,8.829811,0.0000,0.0000,0.0000,0.0000,0.0000,0.0000,3.24165,3.29041,3.26603,-0.1747577,,,,,0,0,0,0,0,0,0,0,0,0,0,0,0,0,0,0,0,0,0,0,0,0,0,0,0,0,0,0,0,0,0,0,0,0,0,0,0,0,0,0,0,0,0,0,0,0,0,0,0,0,0,
Participant,7_3,11_49_57,8.8337,0,1,0,8.833694,0.0000,0.0000,0.0000,0.0000,0.0000,0.0000,3.258801,3.245351,3.252076,-0.1887119,,,,,0,0,0,0,0,0,0,0,0,0,0,0,0,0,0,0,0,0,0,0,0,0,0,0,0,0,0,0,0,0,0,0,0,0,0,0,0,0,0,0,0,0,0,0,0,0,0,0,0,0,0,
Participant,7_3,11_49_57,8.8369,0,1,0,8.8369,0.0000,0.0000,0.0000,0.0000,0.0000,0.0000,3.289321,3.258287,3.273804,-0.1669834,,,,,0,0,0,0,0,0,0,0,0,0,0,0,0,0,0,0,0,0,0,0,0,0,0,0,0,0,0,0,0,0,0,0,0,0,0,0,0,0,0,0,0,0,0,0,0,0,0,0,0,0,0,
Participant,7_3,11_49_57,8.8404,0,1,0,8.840356,0.0000,0.0000,0.0000,0.0000,0.0000,0.0000,3.24769,3.293571,3.270631,-0.170157,,,,,0,0,0,0,0,0,0,0,0,0,0,0,0,0,0,0,0,0,0,0,0,0,0,0,0,0,0,0,0,0,0,0,0,0,0,0,0,0,0,0,0,0,0,0,0,0,0,0,0,0,0,
Participant,7_3,11_49_57,8.8443,0,1,0,8.844257,0.0000,0.0000,0.0000,0.0000,0.0000,0.0000,3.299235,3.273042,3.286139,-0.154649,,,,,0,0,0,0,0,0,0,0,0,0,0,0,0,0,0,0,0,0,0,0,0,0,0,0,0,0,0,0,0,0,0,0,0,0,0,0,0,0,0,0,0,0,0,0,0,0,0,0,0,0,0,
Participant,7_3,11_49_57,8.8474,0,1,0,8.847442,0.0000,0.0000,0.0000,0.0000,0.0000,0.0000,3.275858,3.261979,3.268918,-0.1718693,,,,,0,0,0,0,0,0,0,0,0,0,0,0,0,0,0,0,0,0,0,0,0,0,0,0,0,0,0,0,0,0,0,0,0,0,0,0,0,0,0,0,0,0,0,0,0,0,0,0,0,0,0,
Participant,7_3,11_49_57,8.8507,0,1,0,8.850663,0.0000,0.0000,0.0000,0.0000,0.0000,0.0000,3.270154,3.245082,3.257618,-0.1831694,,,,,0,0,0,0,0,0,0,0,0,0,0,0,0,0,0,0,0,0,0,0,0,0,0,0,0,0,0,0,0,0,0,0,0,0,0,0,0,0,0,0,0,0,0,0,0,0,0,0,0,0,0,
Participant,7_3,11_49_57,8.8539,0,1,0,8.853885,0.0000,0.0000,0.0000,0.0000,0.0000,0.0000,3.296458,3.265857,3.281157,-0.1596301,,,,,0,0,0,0,0,0,0,0,0,0,0,0,0,0,0,0,0,0,0,0,0,0,0,0,0,0,0,0,0,0,0,0,0,0,0,0,0,0,0,0,0,0,0,0,0,0,0,0,0,0,0,
Participant,7_3,11_49_57,8.8571,0,1,0,8.85709,0.0000,0.0000,0.0000,0.0000,0.0000,0.0000,3.290056,3.274352,3.282204,-0.1585839,,,,,0,0,0,0,0,0,0,0,0,0,0,0,0,0,0,0,0,0,0,0,0,0,0,0,0,0,0,0,0,0,0,0,0,0,0,0,0,0,0,0,0,0,0,0,0,0,0,0,0,0,0,
Participant,7_3,11_49_57,8.8605,0,1,0,8.860487,0.0000,0.0000,0.0000,0.0000,0.0000,0.0000,3.277539,3.291187,3.284363,-0.1564245,,,,,0,0,0,0,0,0,0,0,0,0,0,0,0,0,0,0,0,0,0,0,0,0,0,0,0,0,0,0,0,0,0,0,0,0,0,0,0,0,0,0,0,0,0,0,0,0,0,0,0,0,0,
Participant,7_3,11_49_57,8.8642,0,1,0,8.864158,0.0000,0.0000,0.0000,0.0000,0.0000,0.0000,3.273289,3.285992,3.279641,-0.1611469,,,,,0,0,0,0,0,0,0,0,0,0,0,0,0,0,0,0,0,0,0,0,0,0,0,0,0,0,0,0,0,0,0,0,0,0,0,0,0,0,0,0,0,0,0,0,0,0,0,0,0,0,0,
Participant,7_3,11_49_57,8.8782,0,1,0,8.878158,0.0000,0.0000,0.0000,0.0000,0.0000,0.0000,3.272833,3.297972,3.285402,-0.1553853,,,,,0,0,0,0,0,0,0,0,0,0,0,0,0,0,0,0,0,0,0,0,0,0,0,0,0,0,0,0,0,0,0,0,0,0,0,0,0,0,0,0,0,0,0,0,0,0,0,0,0,0,0,
Participant,7_3,11_49_57,8.8817,0,1,0,8.881715,0.0000,0.0000,0.0000,0.0000,0.0000,0.0000,3.295407,3.288972,3.29219,-0.148598,,,,,0,0,0,0,0,0,0,0,0,0,0,0,0,0,0,0,0,0,0,0,0,0,0,0,0,0,0,0,0,0,0,0,0,0,0,0,0,0,0,0,0,0,0,0,0,0,0,0,0,0,0,
Participant,7_3,11_49_57,8.8914,0,1,0,8.89142,0.0000,0.0000,0.0000,0.0000,0.0000,0.0000,3.269152,3.279599,3.274375,-0.1664121,,,,,0,0,0,0,0,0,0,0,0,0,0,0,0,0,0,0,0,0,0,0,0,0,0,0,0,0,0,0,0,0,0,0,0,0,0,0,0,0,0,0,0,0,0,0,0,0,0,0,0,0,0,
Participant,7_3,11_49_57,8.8948,0,1,0,8.894827,0.0000,0.0000,0.0000,0.0000,0.0000,0.0000,3.257936,3.279028,3.268482,-0.1723056,,,,,0,0,0,0,0,0,0,0,0,0,0,0,0,0,0,0,0,0,0,0,0,0,0,0,0,0,0,0,0,0,0,0,0,0,0,0,0,0,0,0,0,0,0,0,0,0,0,0,0,0,0,
Participant,7_3,11_49_57,8.8984,0,1,0,8.898357,0.0000,0.0000,0.0000,0.0000,0.0000,0.0000,3.30092,3.256456,3.278688,-0.1620996,,,,,0,0,0,0,0,0,0,0,0,0,0,0,0,0,0,0,0,0,0,0,0,0,0,0,0,0,0,0,0,0,0,0,0,0,0,0,0,0,0,0,0,0,0,0,0,0,0,0,0,0,0,
Participant,7_3,11_49_57,8.9016,0,1,0,8.901628,0.0000,0.0000,0.0000,0.0000,0.0000,0.0000,3.299497,3.288842,3.294169,-0.1466181,,,,,0,0,0,0,0,0,0,0,0,0,0,0,0,0,0,0,0,0,0,0,0,0,0,0,0,0,0,0,0,0,0,0,0,0,0,0,0,0,0,0,0,0,0,0,0,0,0,0,0,0,0,
Participant,7_3,11_49_57,8.9050,0,1,0,8.905038,0.0000,0.0000,0.0000,0.0000,0.0000,0.0000,3.301537,3.301137,3.301337,-0.1394506,,,,,0,0,0,0,0,0,0,0,0,0,0,0,0,0,0,0,0,0,0,0,0,0,0,0,0,0,0,0,0,0,0,0,0,0,0,0,0,0,0,0,0,0,0,0,0,0,0,0,0,0,0,
Participant,7_3,11_49_57,8.9083,0,1,0,8.908263,0.0000,0.0000,0.0000,0.0000,0.0000,0.0000,3.313205,3.310118,3.311662,-0.1291258,,,,,0,0,0,0,0,0,0,0,0,0,0,0,0,0,0,0,0,0,0,0,0,0,0,0,0,0,0,0,0,0,0,0,0,0,0,0,0,0,0,0,0,0,0,0,0,0,0,0,0,0,0,
Participant,7_3,11_49_57,8.9114,0,1,0,8.911415,0.0000,0.0000,0.0000,0.0000,0.0000,0.0000,3.257881,3.264876,3.261379,-0.179409,,,,,0,0,0,0,0,0,0,0,0,0,0,0,0,0,0,0,0,0,0,0,0,0,0,0,0,0,0,0,0,0,0,0,0,0,0,0,0,0,0,0,0,0,0,0,0,0,0,0,0,0,0,
Participant,7_3,11_49_57,8.9150,0,1,0,8.915024,0.0000,0.0000,0.0000,0.0000,0.0000,0.0000,3.303985,3.293426,3.298706,-0.142082,,,,,0,0,0,0,0,0,0,0,0,0,0,0,0,0,0,0,0,0,0,0,0,0,0,0,0,0,0,0,0,0,0,0,0,0,0,0,0,0,0,0,0,0,0,0,0,0,0,0,0,0,0,
Participant,7_3,11_49_57,8.9184,0,1,0,8.918394,0.0000,0.0000,0.0000,0.0000,0.0000,0.0000,3.290966,3.265477,3.278222,-0.1625659,,,,,0,0,0,0,0,0,0,0,0,0,0,0,0,0,0,0,0,0,0,0,0,0,0,0,0,0,0,0,0,0,0,0,0,0,0,0,0,0,0,0,0,0,0,0,0,0,0,0,0,0,0,
Participant,7_3,11_49_57,8.9218,0,1,0,8.921812,0.0000,0.0000,0.0000,0.0000,0.0000,0.0000,3.272402,3.296474,3.284438,-0.1563494,,,,,0,0,0,0,0,0,0,0,0,0,0,0,0,0,0,0,0,0,0,0,0,0,0,0,0,0,0,0,0,0,0,0,0,0,0,0,0,0,0,0,0,0,0,0,0,0,0,0,0,0,0,
Participant,7_3,11_49_57,8.9254,0,1,0,8.925392,0.0000,0.0000,0.0000,0.0000,0.0000,0.0000,3.290489,3.275896,3.283192,-0.1575952,,,,,0,0,0,0,0,0,0,0,0,0,0,0,0,0,0,0,0,0,0,0,0,0,0,0,0,0,0,0,0,0,0,0,0,0,0,0,0,0,0,0,0,0,0,0,0,0,0,0,0,0,0,
Participant,7_3,11_49_57,8.9288,0,1,0,8.928794,0.0000,0.0000,0.0000,0.0000,0.0000,0.0000,3.268805,3.31134,3.290072,-0.1507151,,,,,0,0,0,0,0,0,0,0,0,0,0,0,0,0,0,0,0,0,0,0,0,0,0,0,0,0,0,0,0,0,0,0,0,0,0,0,0,0,0,0,0,0,0,0,0,0,0,0,0,0,0,
Participant,7_3,11_49_57,8.9324,0,1,0,8.932355,0.0000,0.0000,0.0000,0.0000,0.0000,0.0000,3.269248,3.317487,3.293367,-0.1474204,,,,,0,0,0,0,0,0,0,0,0,0,0,0,0,0,0,0,0,0,0,0,0,0,0,0,0,0,0,0,0,0,0,0,0,0,0,0,0,0,0,0,0,0,0,0,0,0,0,0,0,0,0,
Participant,7_3,11_49_57,8.9358,0,1,0,8.935846,0.0000,0.0000,0.0000,0.0000,0.0000,0.0000,3.29916,3.284342,3.291751,-0.1490366,,,,,0,0,0,0,0,0,0,0,0,0,0,0,0,0,0,0,0,0,0,0,0,0,0,0,0,0,0,0,0,0,0,0,0,0,0,0,0,0,0,0,0,0,0,0,0,0,0,0,0,0,0,
Participant,7_3,11_49_57,8.9392,0,1,0,8.939227,0.0000,0.0000,0.0000,0.0000,0.0000,0.0000,3.269486,3.295621,3.282554,-0.1582339,,,,,0,0,0,0,0,0,0,0,0,0,0,0,0,0,0,0,0,0,0,0,0,0,0,0,0,0,0,0,0,0,0,0,0,0,0,0,0,0,0,0,0,0,0,0,0,0,0,0,0,0,0,
Participant,7_3,11_49_58,8.9424,0,1,0,8.942447,0.0000,0.0000,0.0000,0.0000,0.0000,0.0000,3.276567,3.275984,3.276275,-0.1645122,,,,,0,0,0,0,0,0,0,0,0,0,0,0,0,0,0,0,0,0,0,0,0,0,0,0,0,0,0,0,0,0,0,0,0,0,0,0,0,0,0,0,0,0,0,0,0,0,0,0,0,0,0,
Participant,7_3,11_49_58,8.9461,0,1,0,8.946139,0.0000,0.0000,0.0000,0.0000,0.0000,0.0000,3.279665,3.2905,3.285082,-0.1557052,,,,,0,0,0,0,0,0,0,0,0,0,0,0,0,0,0,0,0,0,0,0,0,0,0,0,0,0,0,0,0,0,0,0,0,0,0,0,0,0,0,0,0,0,0,0,0,0,0,0,0,0,0,
Participant,7_3,11_49_58,8.9494,0,1,0,8.949359,0.0000,0.0000,0.0000,0.0000,0.0000,0.0000,3.297653,3.318274,3.307964,-0.1328239,,,,,0,0,0,0,0,0,0,0,0,0,0,0,0,0,0,0,0,0,0,0,0,0,0,0,0,0,0,0,0,0,0,0,0,0,0,0,0,0,0,0,0,0,0,0,0,0,0,0,0,0,0,
Participant,7_3,11_49_58,8.9525,0,1,0,8.952515,0.0000,0.0000,0.0000,0.0000,0.0000,0.0000,3.291825,3.31027,3.301047,-0.1397402,,,,,0,0,0,0,0,0,0,0,0,0,0,0,0,0,0,0,0,0,0,0,0,0,0,0,0,0,0,0,0,0,0,0,0,0,0,0,0,0,0,0,0,0,0,0,0,0,0,0,0,0,0,
Participant,7_3,11_49_58,8.9557,0,1,0,8.955651,0.0000,0.0000,0.0000,0.0000,0.0000,0.0000,3.278126,3.293127,3.285626,-0.1551614,,,,,0,0,0,0,0,0,0,0,0,0,0,0,0,0,0,0,0,0,0,0,0,0,0,0,0,0,0,0,0,0,0,0,0,0,0,0,0,0,0,0,0,0,0,0,0,0,0,0,0,0,0,
Participant,7_3,11_49_58,8.9588,0,1,0,8.958783,0.0000,0.0000,0.0000,0.0000,0.0000,0.0000,3.313568,3.281772,3.29767,-0.1431177,,,,,0,0,0,0,0,0,0,0,0,0,0,0,0,0,0,0,0,0,0,0,0,0,0,0,0,0,0,0,0,0,0,0,0,0,0,0,0,0,0,0,0,0,0,0,0,0,0,0,0,0,0,
Participant,7_3,11_49_58,8.9620,0,1,0,8.961992,0.0000,0.0000,0.0000,0.0000,0.0000,0.0000,3.302522,3.30675,3.304636,-0.1361516,,,,,0,0,0,0,0,0,0,0,0,0,0,0,0,0,0,0,0,0,0,0,0,0,0,0,0,0,0,0,0,0,0,0,0,0,0,0,0,0,0,0,0,0,0,0,0,0,0,0,0,0,0,
Participant,7_3,11_49_58,8.9654,0,1,0,8.96539,0.0000,0.0000,0.0000,0.0000,0.0000,0.0000,3.29393,3.297926,3.295928,-0.1448596,,,,,0,0,0,0,0,0,0,0,0,0,0,0,0,0,0,0,0,0,0,0,0,0,0,0,0,0,0,0,0,0,0,0,0,0,0,0,0,0,0,0,0,0,0,0,0,0,0,0,0,0,0,
Participant,7_3,11_49_58,8.9686,0,1,0,8.96855,0.0000,0.0000,0.0000,0.0000,0.0000,0.0000,3.293601,3.284216,3.288908,-0.1518791,,,,,0,0,0,0,0,0,0,0,0,0,0,0,0,0,0,0,0,0,0,0,0,0,0,0,0,0,0,0,0,0,0,0,0,0,0,0,0,0,0,0,0,0,0,0,0,0,0,0,0,0,0,
Participant,7_3,11_49_58,8.9717,0,1,0,8.971692,0.0000,0.0000,0.0000,0.0000,0.0000,0.0000,3.293149,3.333034,3.313091,-0.1276963,,,,,0,0,0,0,0,0,0,0,0,0,0,0,0,0,0,0,0,0,0,0,0,0,0,0,0,0,0,0,0,0,0,0,0,0,0,0,0,0,0,0,0,0,0,0,0,0,0,0,0,0,0,
Participant,7_3,11_49_58,8.9749,0,1,0,8.974854,0.0000,0.0000,0.0000,0.0000,0.0000,0.0000,3.286621,3.328017,3.307319,-0.1334689,,,,,0,0,0,0,0,0,0,0,0,0,0,0,0,0,0,0,0,0,0,0,0,0,0,0,0,0,0,0,0,0,0,0,0,0,0,0,0,0,0,0,0,0,0,0,0,0,0,0,0,0,0,
Participant,7_3,11_49_58,8.9781,0,1,0,8.978059,0.0000,0.0000,0.0000,0.0000,0.0000,0.0000,3.303815,3.27619,3.290003,-0.1507847,,,,,0,0,0,0,0,0,0,0,0,0,0,0,0,0,0,0,0,0,0,0,0,0,0,0,0,0,0,0,0,0,0,0,0,0,0,0,0,0,0,0,0,0,0,0,0,0,0,0,0,0,0,
Participant,7_3,11_49_58,8.9818,0,1,0,8.981843,0.0000,0.0000,0.0000,0.0000,0.0000,0.0000,3.304027,3.290209,3.297118,-0.1436696,,,,,0,0,0,0,0,0,0,0,0,0,0,0,0,0,0,0,0,0,0,0,0,0,0,0,0,0,0,0,0,0,0,0,0,0,0,0,0,0,0,0,0,0,0,0,0,0,0,0,0,0,0,
Participant,7_3,11_49_58,8.9855,0,1,0,8.985476,0.0000,0.0000,0.0000,0.0000,0.0000,0.0000,3.31399,3.324378,3.319184,-0.1216033,,,,,0,0,0,0,0,0,0,0,0,0,0,0,0,0,0,0,0,0,0,0,0,0,0,0,0,0,0,0,0,0,0,0,0,0,0,0,0,0,0,0,0,0,0,0,0,0,0,0,0,0,0,
Participant,7_3,11_49_58,8.9887,0,1,0,8.988703,0.0000,0.0000,0.0000,0.0000,0.0000,0.0000,3.309531,3.280152,3.294842,-0.1459458,,,,,0,0,0,0,0,0,0,0,0,0,0,0,0,0,0,0,0,0,0,0,0,0,0,0,0,0,0,0,0,0,0,0,0,0,0,0,0,0,0,0,0,0,0,0,0,0,0,0,0,0,0,
Participant,7_3,11_49_58,8.9919,0,1,0,8.991896,0.0000,0.0000,0.0000,0.0000,0.0000,0.0000,3.287207,3.286167,3.286687,-0.1541007,,,,,0,0,0,0,0,0,0,0,0,0,0,0,0,0,0,0,0,0,0,0,0,0,0,0,0,0,0,0,0,0,0,0,0,0,0,0,0,0,0,0,0,0,0,0,0,0,0,0,0,0,0,
Participant,7_3,11_49_58,8.9951,0,1,0,8.99511,0.0000,0.0000,0.0000,0.0000,0.0000,0.0000,3.321389,3.315044,3.318216,-0.1225712,,,,,0,0,0,0,0,0,0,0,0,0,0,0,0,0,0,0,0,0,0,0,0,0,0,0,0,0,0,0,0,0,0,0,0,0,0,0,0,0,0,0,0,0,0,0,0,0,0,0,0,0,0,
Participant,7_3,11_49_58,8.9987,0,1,0,8.998723,0.0000,0.0000,0.0000,0.0000,0.0000,0.0000,3.303104,3.336005,3.319555,-0.121233,,,,,0,0,0,0,0,0,0,0,0,0,0,0,0,0,0,0,0,0,0,0,0,0,0,0,0,0,0,0,0,0,0,0,0,0,0,0,0,0,0,0,0,0,0,0,0,0,0,0,0,0,0,
Participant,7_3,11_49_58,9.0021,0,1,0,9.002136,0.0000,0.0000,0.0000,0.0000,0.0000,0.0000,3.304539,3.305312,3.304925,-0.1358621,,,,,0,0,0,0,0,0,0,0,0,0,0,0,0,0,0,0,0,0,0,0,0,0,0,0,0,0,0,0,0,0,0,0,0,0,0,0,0,0,0,0,0,0,0,0,0,0,0,0,0,0,0,
Participant,7_3,11_49_58,9.0055,0,1,0,9.005542,0.0000,0.0000,0.0000,0.0000,0.0000,0.0000,3.324825,3.327099,3.325962,-0.1148255,,,,,0,0,0,0,0,0,0,0,0,0,0,0,0,0,0,0,0,0,0,0,0,0,0,0,0,0,0,0,0,0,0,0,0,0,0,0,0,0,0,0,0,0,0,0,0,0,0,0,0,0,0,
Participant,7_3,11_49_58,9.0087,0,1,0,9.008682,0.0000,0.0000,0.0000,0.0000,0.0000,0.0000,3.341188,3.3041,3.322644,-0.1181436,,,,,0,0,0,0,0,0,0,0,0,0,0,0,0,0,0,0,0,0,0,0,0,0,0,0,0,0,0,0,0,0,0,0,0,0,0,0,0,0,0,0,0,0,0,0,0,0,0,0,0,0,0,
Participant,7_3,11_49_58,9.0118,0,1,0,9.011838,0.0000,0.0000,0.0000,0.0000,0.0000,0.0000,3.317454,3.337049,3.327251,-0.1135361,,,,,0,0,0,0,0,0,0,0,0,0,0,0,0,0,0,0,0,0,0,0,0,0,0,0,0,0,0,0,0,0,0,0,0,0,0,0,0,0,0,0,0,0,0,0,0,0,0,0,0,0,0,
Participant,7_3,11_49_58,9.0152,0,1,0,9.015172,0.0000,0.0000,0.0000,0.0000,0.0000,0.0000,3.327114,3.329748,3.328431,-0.1123564,,,,,0,0,0,0,0,0,0,0,0,0,0,0,0,0,0,0,0,0,0,0,0,0,0,0,0,0,0,0,0,0,0,0,0,0,0,0,0,0,0,0,0,0,0,0,0,0,0,0,0,0,0,
Participant,7_3,11_49_58,9.0184,0,1,0,9.018389,0.0000,0.0000,0.0000,0.0000,0.0000,0.0000,3.310407,3.316646,3.313527,-0.1272609,,,,,0,0,0,0,0,0,0,0,0,0,0,0,0,0,0,0,0,0,0,0,0,0,0,0,0,0,0,0,0,0,0,0,0,0,0,0,0,0,0,0,0,0,0,0,0,0,0,0,0,0,0,
Participant,7_3,11_49_58,9.0216,0,1,0,9.021563,0.0000,0.0000,0.0000,0.0000,0.0000,0.0000,3.326888,3.304201,3.315545,-0.1252429,,,,,0,0,0,0,0,0,0,0,0,0,0,0,0,0,0,0,0,0,0,0,0,0,0,0,0,0,0,0,0,0,0,0,0,0,0,0,0,0,0,0,0,0,0,0,0,0,0,0,0,0,0,
Participant,7_3,11_49_58,9.0250,0,1,0,9.024972,0.0000,0.0000,0.0000,0.0000,0.0000,0.0000,3.305502,3.348866,3.327184,-0.1136038,,,,,0,0,0,0,0,0,0,0,0,0,0,0,0,0,0,0,0,0,0,0,0,0,0,0,0,0,0,0,0,0,0,0,0,0,0,0,0,0,0,0,0,0,0,0,0,0,0,0,0,0,0,
Participant,7_3,11_49_58,9.0282,0,1,0,9.028198,0.0000,0.0000,0.0000,0.0000,0.0000,0.0000,3.303965,3.347714,3.32584,-0.114948,,,,,0,0,0,0,0,0,0,0,0,0,0,0,0,0,0,0,0,0,0,0,0,0,0,0,0,0,0,0,0,0,0,0,0,0,0,0,0,0,0,0,0,0,0,0,0,0,0,0,0,0,0,
Participant,7_3,11_49_58,9.0316,0,1,0,9.031579,0.0000,0.0000,0.0000,0.0000,0.0000,0.0000,3.300452,3.348311,3.324382,-0.116406,,,,,0,0,0,0,0,0,0,0,0,0,0,0,0,0,0,0,0,0,0,0,0,0,0,0,0,0,0,0,0,0,0,0,0,0,0,0,0,0,0,0,0,0,0,0,0,0,0,0,0,0,0,
Participant,7_3,11_49_58,9.0348,0,1,0,9.034809,0.0000,0.0000,0.0000,0.0000,0.0000,0.0000,3.314166,3.334904,3.324535,-0.1162524,,,,,0,0,0,0,0,0,0,0,0,0,0,0,0,0,0,0,0,0,0,0,0,0,0,0,0,0,0,0,0,0,0,0,0,0,0,0,0,0,0,0,0,0,0,0,0,0,0,0,0,0,0,
Participant,7_3,11_49_58,9.0380,0,1,0,9.037992,0.0000,0.0000,0.0000,0.0000,0.0000,0.0000,3.355248,3.296013,3.32563,-0.1151574,,,,,0,0,0,0,0,0,0,0,0,0,0,0,0,0,0,0,0,0,0,0,0,0,0,0,0,0,0,0,0,0,0,0,0,0,0,0,0,0,0,0,0,0,0,0,0,0,0,0,0,0,0,
Participant,7_3,11_49_58,9.0413,0,1,0,9.041259,0.0000,0.0000,0.0000,0.0000,0.0000,0.0000,3.349027,3.346832,3.347929,-0.09285855,,,,,0,0,0,0,0,0,0,0,0,0,0,0,0,0,0,0,0,0,0,0,0,0,0,0,0,0,0,0,0,0,0,0,0,0,0,0,0,0,0,0,0,0,0,0,0,0,0,0,0,0,0,
Participant,7_3,11_49_58,9.0447,0,1,0,9.044665,0.0000,0.0000,0.0000,0.0000,0.0000,0.0000,3.317648,3.337631,3.32764,-0.113148,,,,,0,0,0,0,0,0,0,0,0,0,0,0,0,0,0,0,0,0,0,0,0,0,0,0,0,0,0,0,0,0,0,0,0,0,0,0,0,0,0,0,0,0,0,0,0,0,0,0,0,0,0,
Participant,7_3,11_49_58,9.0478,0,1,0,9.047826,0.0000,0.0000,0.0000,0.0000,0.0000,0.0000,3.320961,3.352407,3.336684,-0.1041033,,,,,0,0,0,0,0,0,0,0,0,0,0,0,0,0,0,0,0,0,0,0,0,0,0,0,0,0,0,0,0,0,0,0,0,0,0,0,0,0,0,0,0,0,0,0,0,0,0,0,0,0,0,
Participant,7_3,11_49_58,9.0512,0,1,0,9.051158,0.0000,0.0000,0.0000,0.0000,0.0000,0.0000,3.30175,3.326553,3.314152,-0.1266358,,,,,0,0,0,0,0,0,0,0,0,0,0,0,0,0,0,0,0,0,0,0,0,0,0,0,0,0,0,0,0,0,0,0,0,0,0,0,0,0,0,0,0,0,0,0,0,0,0,0,0,0,0,
Participant,7_3,11_49_58,9.0543,0,1,0,9.054347,0.0000,0.0000,0.0000,0.0000,0.0000,0.0000,3.332792,3.335641,3.334216,-0.1065714,,,,,0,0,0,0,0,0,0,0,0,0,0,0,0,0,0,0,0,0,0,0,0,0,0,0,0,0,0,0,0,0,0,0,0,0,0,0,0,0,0,0,0,0,0,0,0,0,0,0,0,0,0,
Participant,7_3,11_49_58,9.0576,0,1,0,9.057554,0.0000,0.0000,0.0000,0.0000,0.0000,0.0000,3.331021,3.307703,3.319362,-0.1214256,,,,,0,0,0,0,0,0,0,0,0,0,0,0,0,0,0,0,0,0,0,0,0,0,0,0,0,0,0,0,0,0,0,0,0,0,0,0,0,0,0,0,0,0,0,0,0,0,0,0,0,0,0,
Participant,7_3,11_49_58,9.0609,0,1,0,9.060941,0.0000,0.0000,0.0000,0.0000,0.0000,0.0000,3.346626,3.345544,3.346085,-0.09470248,,,,,0,0,0,0,0,0,0,0,0,0,0,0,0,0,0,0,0,0,0,0,0,0,0,0,0,0,0,0,0,0,0,0,0,0,0,0,0,0,0,0,0,0,0,0,0,0,0,0,0,0,0,
Participant,7_3,11_49_58,9.0649,0,1,0,9.064928,0.0000,0.0000,0.0000,0.0000,0.0000,0.0000,3.342958,3.348009,3.345484,-0.09530401,,,,,0,0,0,0,0,0,0,0,0,0,0,0,0,0,0,0,0,0,0,0,0,0,0,0,0,0,0,0,0,0,0,0,0,0,0,0,0,0,0,0,0,0,0,0,0,0,0,0,0,0,0,
Participant,7_3,11_49_58,9.0800,0,1,0,9.080013,0.0000,0.0000,0.0000,0.0000,0.0000,0.0000,3.335366,3.320561,3.327963,-0.1128242,,,,,0,0,0,0,0,0,0,0,0,0,0,0,0,0,0,0,0,0,0,0,0,0,0,0,0,0,0,0,0,0,0,0,0,0,0,0,0,0,0,0,0,0,0,0,0,0,0,0,0,0,0,
Participant,7_3,11_49_58,9.0841,0,1,0,9.084065,0.0000,0.0000,0.0000,0.0000,0.0000,0.0000,3.328845,3.325989,3.327417,-0.1133707,,,,,0,0,0,0,0,0,0,0,0,0,0,0,0,0,0,0,0,0,0,0,0,0,0,0,0,0,0,0,0,0,0,0,0,0,0,0,0,0,0,0,0,0,0,0,0,0,0,0,0,0,0,
Participant,7_3,11_49_58,9.0876,0,1,0,9.087619,0.0000,0.0000,0.0000,0.0000,0.0000,0.0000,3.33533,3.359496,3.347413,-0.09337449,,,,,0,0,0,0,0,0,0,0,0,0,0,0,0,0,0,0,0,0,0,0,0,0,0,0,0,0,0,0,0,0,0,0,0,0,0,0,0,0,0,0,0,0,0,0,0,0,0,0,0,0,0,
Participant,7_3,11_49_58,9.0911,0,1,0,9.091104,0.0000,0.0000,0.0000,0.0000,0.0000,0.0000,3.323169,3.36317,3.343169,-0.09761834,,,,,0,0,0,0,0,0,0,0,0,0,0,0,0,0,0,0,0,0,0,0,0,0,0,0,0,0,0,0,0,0,0,0,0,0,0,0,0,0,0,0,0,0,0,0,0,0,0,0,0,0,0,
Participant,7_3,11_49_58,9.0946,0,1,0,9.094566,0.0000,0.0000,0.0000,0.0000,0.0000,0.0000,3.364915,3.368256,3.366586,-0.07420182,,,,,0,0,0,0,0,0,0,0,0,0,0,0,0,0,0,0,0,0,0,0,0,0,0,0,0,0,0,0,0,0,0,0,0,0,0,0,0,0,0,0,0,0,0,0,0,0,0,0,0,0,0,
Participant,7_3,11_49_58,9.0986,0,1,0,9.098611,0.0000,0.0000,0.0000,0.0000,0.0000,0.0000,3.376259,3.362062,3.369161,-0.0716269,,,,,0,0,0,0,0,0,0,0,0,0,0,0,0,0,0,0,0,0,0,0,0,0,0,0,0,0,0,0,0,0,0,0,0,0,0,0,0,0,0,0,0,0,0,0,0,0,0,0,0,0,0,
Participant,7_3,11_49_58,9.1021,0,1,0,9.102098,0.0000,0.0000,0.0000,0.0000,0.0000,0.0000,3.361126,3.377204,3.369165,-0.07162213,,,,,0,0,0,0,0,0,0,0,0,0,0,0,0,0,0,0,0,0,0,0,0,0,0,0,0,0,0,0,0,0,0,0,0,0,0,0,0,0,0,0,0,0,0,0,0,0,0,0,0,0,0,
Participant,7_3,11_49_58,9.1056,0,1,0,9.105606,0.0000,0.0000,0.0000,0.0000,0.0000,0.0000,3.332674,3.333643,3.333159,-0.1076288,,,,,0,0,0,0,0,0,0,0,0,0,0,0,0,0,0,0,0,0,0,0,0,0,0,0,0,0,0,0,0,0,0,0,0,0,0,0,0,0,0,0,0,0,0,0,0,0,0,0,0,0,0,
Participant,7_3,11_49_58,9.1091,0,1,0,9.109088,0.0000,0.0000,0.0000,0.0000,0.0000,0.0000,3.376105,3.347961,3.362033,-0.07875466,,,,,0,0,0,0,0,0,0,0,0,0,0,0,0,0,0,0,0,0,0,0,0,0,0,0,0,0,0,0,0,0,0,0,0,0,0,0,0,0,0,0,0,0,0,0,0,0,0,0,0,0,0,
Participant,7_3,11_49_58,9.1123,0,1,0,9.112301,0.0000,0.0000,0.0000,0.0000,0.0000,0.0000,3.335018,3.330139,3.332579,-0.1082089,,,,,0,0,0,0,0,0,0,0,0,0,0,0,0,0,0,0,0,0,0,0,0,0,0,0,0,0,0,0,0,0,0,0,0,0,0,0,0,0,0,0,0,0,0,0,0,0,0,0,0,0,0,
Participant,7_3,11_49_58,9.1158,0,1,0,9.115789,0.0000,0.0000,0.0000,0.0000,0.0000,0.0000,3.384692,3.339258,3.361975,-0.07881236,,,,,0,0,0,0,0,0,0,0,0,0,0,0,0,0,0,0,0,0,0,0,0,0,0,0,0,0,0,0,0,0,0,0,0,0,0,0,0,0,0,0,0,0,0,0,0,0,0,0,0,0,0,
Participant,7_3,11_49_58,9.1190,0,1,0,9.119043,0.0000,0.0000,0.0000,0.0000,0.0000,0.0000,3.332724,3.359999,3.346361,-0.09442639,,,,,0,0,0,0,0,0,0,0,0,0,0,0,0,0,0,0,0,0,0,0,0,0,0,0,0,0,0,0,0,0,0,0,0,0,0,0,0,0,0,0,0,0,0,0,0,0,0,0,0,0,0,
Participant,7_3,11_49_58,9.1222,0,1,0,9.122217,0.0000,0.0000,0.0000,0.0000,0.0000,0.0000,3.383521,3.358598,3.371059,-0.06972814,,,,,0,0,0,0,0,0,0,0,0,0,0,0,0,0,0,0,0,0,0,0,0,0,0,0,0,0,0,0,0,0,0,0,0,0,0,0,0,0,0,0,0,0,0,0,0,0,0,0,0,0,0,
Participant,7_3,11_49_58,9.1257,0,1,0,9.125656,0.0000,0.0000,0.0000,0.0000,0.0000,0.0000,3.371461,3.368902,3.370182,-0.07060599,,,,,0,0,0,0,0,0,0,0,0,0,0,0,0,0,0,0,0,0,0,0,0,0,0,0,0,0,0,0,0,0,0,0,0,0,0,0,0,0,0,0,0,0,0,0,0,0,0,0,0,0,0,
Participant,7_3,11_49_58,9.1288,0,1,0,9.128831,0.0000,0.0000,0.0000,0.0000,0.0000,0.0000,3.355567,3.338515,3.347041,-0.09374642,,,,,0,0,0,0,0,0,0,0,0,0,0,0,0,0,0,0,0,0,0,0,0,0,0,0,0,0,0,0,0,0,0,0,0,0,0,0,0,0,0,0,0,0,0,0,0,0,0,0,0,0,0,
Participant,7_3,11_49_58,9.1322,0,1,0,9.132204,0.0000,0.0000,0.0000,0.0000,0.0000,0.0000,3.357359,3.344465,3.350912,-0.08987546,,,,,0,0,0,0,0,0,0,0,0,0,0,0,0,0,0,0,0,0,0,0,0,0,0,0,0,0,0,0,0,0,0,0,0,0,0,0,0,0,0,0,0,0,0,0,0,0,0,0,0,0,0,
Participant,7_3,11_49_58,9.1356,0,1,0,9.135577,0.0000,0.0000,0.0000,0.0000,0.0000,0.0000,3.392437,3.348256,3.370347,-0.07044101,,,,,0,0,0,0,0,0,0,0,0,0,0,0,0,0,0,0,0,0,0,0,0,0,0,0,0,0,0,0,0,0,0,0,0,0,0,0,0,0,0,0,0,0,0,0,0,0,0,0,0,0,0,
Participant,7_3,11_49_58,9.1388,0,1,0,9.138804,0.0000,0.0000,0.0000,0.0000,0.0000,0.0000,3.335408,3.344359,3.339883,-0.1009042,,,,,0,0,0,0,0,0,0,0,0,0,0,0,0,0,0,0,0,0,0,0,0,0,0,0,0,0,0,0,0,0,0,0,0,0,0,0,0,0,0,0,0,0,0,0,0,0,0,0,0,0,0,
Participant,7_3,11_49_58,9.1420,0,1,0,9.142037,0.0000,0.0000,0.0000,0.0000,0.0000,0.0000,3.3668,3.337588,3.352194,-0.08859372,,,,,0,0,0,0,0,0,0,0,0,0,0,0,0,0,0,0,0,0,0,0,0,0,0,0,0,0,0,0,0,0,0,0,0,0,0,0,0,0,0,0,0,0,0,0,0,0,0,0,0,0,0,
Participant,7_3,11_49_58,9.1455,0,1,0,9.145524,0.0000,0.0000,0.0000,0.0000,0.0000,0.0000,3.344648,3.387276,3.365962,-0.07482576,,,,,0,0,0,0,0,0,0,0,0,0,0,0,0,0,0,0,0,0,0,0,0,0,0,0,0,0,0,0,0,0,0,0,0,0,0,0,0,0,0,0,0,0,0,0,0,0,0,0,0,0,0,
Participant,7_3,11_49_58,9.1487,0,1,0,9.148742,0.0000,0.0000,0.0000,0.0000,0.0000,0.0000,3.377272,3.346479,3.361876,-0.07891178,,,,,0,0,0,0,0,0,0,0,0,0,0,0,0,0,0,0,0,0,0,0,0,0,0,0,0,0,0,0,0,0,0,0,0,0,0,0,0,0,0,0,0,0,0,0,0,0,0,0,0,0,0,
Participant,7_3,11_49_58,9.1519,0,1,0,9.151918,0.0000,0.0000,0.0000,0.0000,0.0000,0.0000,3.356621,3.342027,3.349324,-0.09146357,,,,,0,0,0,0,0,0,0,0,0,0,0,0,0,0,0,0,0,0,0,0,0,0,0,0,0,0,0,0,0,0,0,0,0,0,0,0,0,0,0,0,0,0,0,0,0,0,0,0,0,0,0,
Participant,7_3,11_49_58,9.1551,0,1,0,9.155055,0.0000,0.0000,0.0000,0.0000,0.0000,0.0000,3.390512,3.38057,3.385541,-0.05524611,,,,,0,0,0,0,0,0,0,0,0,0,0,0,0,0,0,0,0,0,0,0,0,0,0,0,0,0,0,0,0,0,0,0,0,0,0,0,0,0,0,0,0,0,0,0,0,0,0,0,0,0,0,
Participant,7_3,11_49_58,9.1584,0,1,0,9.158358,0.0000,0.0000,0.0000,0.0000,0.0000,0.0000,3.375285,3.389055,3.38217,-0.05861783,,,,,0,0,0,0,0,0,0,0,0,0,0,0,0,0,0,0,0,0,0,0,0,0,0,0,0,0,0,0,0,0,0,0,0,0,0,0,0,0,0,0,0,0,0,0,0,0,0,0,0,0,0,
Participant,7_3,11_49_58,9.1616,0,1,0,9.161642,0.0000,0.0000,0.0000,0.0000,0.0000,0.0000,3.361916,3.396428,3.379172,-0.06161523,,,,,0,0,0,0,0,0,0,0,0,0,0,0,0,0,0,0,0,0,0,0,0,0,0,0,0,0,0,0,0,0,0,0,0,0,0,0,0,0,0,0,0,0,0,0,0,0,0,0,0,0,0,
Participant,7_3,11_49_58,9.1653,0,1,0,9.165275,0.0000,0.0000,0.0000,0.0000,0.0000,0.0000,3.350576,3.362632,3.356604,-0.08418345,,,,,0,0,0,0,0,0,0,0,0,0,0,0,0,0,0,0,0,0,0,0,0,0,0,0,0,0,0,0,0,0,0,0,0,0,0,0,0,0,0,0,0,0,0,0,0,0,0,0,0,0,0,
Participant,7_3,11_49_58,9.1685,0,1,0,9.168498,0.0000,0.0000,0.0000,0.0000,0.0000,0.0000,3.369525,3.400858,3.385192,-0.05559587,,,,,0,0,0,0,0,0,0,0,0,0,0,0,0,0,0,0,0,0,0,0,0,0,0,0,0,0,0,0,0,0,0,0,0,0,0,0,0,0,0,0,0,0,0,0,0,0,0,0,0,0,0,
Participant,7_3,11_49_58,9.1720,0,1,0,9.171959,0.0000,0.0000,0.0000,0.0000,0.0000,0.0000,3.352045,3.399121,3.375583,-0.06520438,,,,,0,0,0,0,0,0,0,0,0,0,0,0,0,0,0,0,0,0,0,0,0,0,0,0,0,0,0,0,0,0,0,0,0,0,0,0,0,0,0,0,0,0,0,0,0,0,0,0,0,0,0,
Participant,7_3,11_49_58,9.1754,0,1,0,9.175381,0.0000,0.0000,0.0000,0.0000,0.0000,0.0000,3.364245,3.379401,3.371823,-0.06896472,,,,,0,0,0,0,0,0,0,0,0,0,0,0,0,0,0,0,0,0,0,0,0,0,0,0,0,0,0,0,0,0,0,0,0,0,0,0,0,0,0,0,0,0,0,0,0,0,0,0,0,0,0,
Participant,7_3,11_49_58,9.1786,0,1,0,9.178561,0.0000,0.0000,0.0000,0.0000,0.0000,0.0000,3.41045,3.403126,3.406788,-0.03399992,,,,,0,0,0,0,0,0,0,0,0,0,0,0,0,0,0,0,0,0,0,0,0,0,0,0,0,0,0,0,0,0,0,0,0,0,0,0,0,0,0,0,0,0,0,0,0,0,0,0,0,0,0,
Participant,7_3,11_49_58,9.1822,0,1,0,9.182246,0.0000,0.0000,0.0000,0.0000,0.0000,0.0000,3.364401,3.36125,3.362826,-0.07796168,,,,,0,0,0,0,0,0,0,0,0,0,0,0,0,0,0,0,0,0,0,0,0,0,0,0,0,0,0,0,0,0,0,0,0,0,0,0,0,0,0,0,0,0,0,0,0,0,0,0,0,0,0,
Participant,7_3,11_49_58,9.1858,0,1,0,9.185848,0.0000,0.0000,0.0000,0.0000,0.0000,0.0000,3.359856,3.360906,3.360381,-0.08040667,,,,,0,0,0,0,0,0,0,0,0,0,0,0,0,0,0,0,0,0,0,0,0,0,0,0,0,0,0,0,0,0,0,0,0,0,0,0,0,0,0,0,0,0,0,0,0,0,0,0,0,0,0,
Participant,7_3,11_49_58,9.1890,0,1,0,9.189041,0.0000,0.0000,0.0000,0.0000,0.0000,0.0000,3.367967,3.361724,3.364846,-0.0759418,,,,,0,0,0,0,0,0,0,0,0,0,0,0,0,0,0,0,0,0,0,0,0,0,0,0,0,0,0,0,0,0,0,0,0,0,0,0,0,0,0,0,0,0,0,0,0,0,0,0,0,0,0,
Participant,7_3,11_49_58,9.1924,0,1,0,9.192406,0.0000,0.0000,0.0000,0.0000,0.0000,0.0000,3.401285,3.371281,3.386283,-0.05450463,,,,,0,0,0,0,0,0,0,0,0,0,0,0,0,0,0,0,0,0,0,0,0,0,0,0,0,0,0,0,0,0,0,0,0,0,0,0,0,0,0,0,0,0,0,0,0,0,0,0,0,0,0,
Participant,7_3,11_49_58,9.1957,0,1,0,9.195697,0.0000,0.0000,0.0000,0.0000,0.0000,0.0000,3.367337,3.408038,3.387687,-0.05310035,,,,,0,0,0,0,0,0,0,0,0,0,0,0,0,0,0,0,0,0,0,0,0,0,0,0,0,0,0,0,0,0,0,0,0,0,0,0,0,0,0,0,0,0,0,0,0,0,0,0,0,0,0,
Participant,7_3,11_49_58,9.1996,0,1,0,9.199551,0.0000,0.0000,0.0000,0.0000,0.0000,0.0000,3.414535,3.405167,3.409851,-0.03093696,,,,,0,0,0,0,0,0,0,0,0,0,0,0,0,0,0,0,0,0,0,0,0,0,0,0,0,0,0,0,0,0,0,0,0,0,0,0,0,0,0,0,0,0,0,0,0,0,0,0,0,0,0,
Participant,7_3,11_49_58,9.2029,0,1,0,9.20289,0.0000,0.0000,0.0000,0.0000,0.0000,0.0000,3.411075,3.392815,3.401945,-0.03884244,,,,,0,0,0,0,0,0,0,0,0,0,0,0,0,0,0,0,0,0,0,0,0,0,0,0,0,0,0,0,0,0,0,0,0,0,0,0,0,0,0,0,0,0,0,0,0,0,0,0,0,0,0,
Participant,7_3,11_49_58,9.2064,0,1,0,9.206411,0.0000,0.0000,0.0000,0.0000,0.0000,0.0000,3.401834,3.380151,3.390993,-0.04979491,,,,,0,0,0,0,0,0,0,0,0,0,0,0,0,0,0,0,0,0,0,0,0,0,0,0,0,0,0,0,0,0,0,0,0,0,0,0,0,0,0,0,0,0,0,0,0,0,0,0,0,0,0,
Participant,7_3,11_49_58,9.2098,0,1,0,9.209842,0.0000,0.0000,0.0000,0.0000,0.0000,0.0000,3.389781,3.421467,3.405624,-0.03516388,,,,,0,0,0,0,0,0,0,0,0,0,0,0,0,0,0,0,0,0,0,0,0,0,0,0,0,0,0,0,0,0,0,0,0,0,0,0,0,0,0,0,0,0,0,0,0,0,0,0,0,0,0,
Participant,7_3,11_49_58,9.2131,0,1,0,9.213076,0.0000,0.0000,0.0000,0.0000,0.0000,0.0000,3.425748,3.389443,3.407595,-0.0331924,,,,,0,0,0,0,0,0,0,0,0,0,0,0,0,0,0,0,0,0,0,0,0,0,0,0,0,0,0,0,0,0,0,0,0,0,0,0,0,0,0,0,0,0,0,0,0,0,0,0,0,0,0,
Participant,7_3,11_49_58,9.2169,0,1,0,9.216871,0.0000,0.0000,0.0000,0.0000,0.0000,0.0000,3.421079,3.378091,3.399585,-0.04120278,,,,,0,0,0,0,0,0,0,0,0,0,0,0,0,0,0,0,0,0,0,0,0,0,0,0,0,0,0,0,0,0,0,0,0,0,0,0,0,0,0,0,0,0,0,0,0,0,0,0,0,0,0,
Participant,7_3,11_49_58,9.2201,0,1,0,9.220112,0.0000,0.0000,0.0000,0.0000,0.0000,0.0000,3.38606,3.383972,3.385016,-0.05577159,,,,,0,0,0,0,0,0,0,0,0,0,0,0,0,0,0,0,0,0,0,0,0,0,0,0,0,0,0,0,0,0,0,0,0,0,0,0,0,0,0,0,0,0,0,0,0,0,0,0,0,0,0,
Participant,7_3,11_49_58,9.2237,0,1,0,9.223699,0.0000,0.0000,0.0000,0.0000,0.0000,0.0000,3.396444,3.376169,3.386306,-0.05448127,,,,,0,0,0,0,0,0,0,0,0,0,0,0,0,0,0,0,0,0,0,0,0,0,0,0,0,0,0,0,0,0,0,0,0,0,0,0,0,0,0,0,0,0,0,0,0,0,0,0,0,0,0,
Participant,7_3,11_49_58,9.2271,0,1,0,9.227147,0.0000,0.0000,0.0000,0.0000,0.0000,0.0000,3.404834,3.386698,3.395766,-0.0450213,,,,,0,0,0,0,0,0,0,0,0,0,0,0,0,0,0,0,0,0,0,0,0,0,0,0,0,0,0,0,0,0,0,0,0,0,0,0,0,0,0,0,0,0,0,0,0,0,0,0,0,0,0,
Participant,7_3,11_49_58,9.2303,0,1,0,9.230322,0.0000,0.0000,0.0000,0.0000,0.0000,0.0000,3.386888,3.399433,3.39316,-0.04762721,,,,,0,0,0,0,0,0,0,0,0,0,0,0,0,0,0,0,0,0,0,0,0,0,0,0,0,0,0,0,0,0,0,0,0,0,0,0,0,0,0,0,0,0,0,0,0,0,0,0,0,0,0,
Participant,7_3,11_49_58,9.2335,0,1,0,9.233461,0.0000,0.0000,0.0000,0.0000,0.0000,0.0000,3.414156,3.383549,3.398853,-0.04193473,,,,,0,0,0,0,0,0,0,0,0,0,0,0,0,0,0,0,0,0,0,0,0,0,0,0,0,0,0,0,0,0,0,0,0,0,0,0,0,0,0,0,0,0,0,0,0,0,0,0,0,0,0,
Participant,7_3,11_49_58,9.2367,0,1,0,9.236712,0.0000,0.0000,0.0000,0.0000,0.0000,0.0000,3.38634,3.419652,3.402996,-0.03779149,,,,,0,0,0,0,0,0,0,0,0,0,0,0,0,0,0,0,0,0,0,0,0,0,0,0,0,0,0,0,0,0,0,0,0,0,0,0,0,0,0,0,0,0,0,0,0,0,0,0,0,0,0,
Participant,7_3,11_49_58,9.2402,0,1,0,9.2402,0.0000,0.0000,0.0000,0.0000,0.0000,0.0000,3.386021,3.390945,3.388483,-0.05230451,,,,,0,0,0,0,0,0,0,0,0,0,0,0,0,0,0,0,0,0,0,0,0,0,0,0,0,0,0,0,0,0,0,0,0,0,0,0,0,0,0,0,0,0,0,0,0,0,0,0,0,0,0,
Participant,7_3,11_49_58,9.2436,0,1,0,9.243578,0.0000,0.0000,0.0000,0.0000,0.0000,0.0000,3.428092,3.393763,3.410928,-0.02985978,,,,,0,0,0,0,0,0,0,0,0,0,0,0,0,0,0,0,0,0,0,0,0,0,0,0,0,0,0,0,0,0,0,0,0,0,0,0,0,0,0,0,0,0,0,0,0,0,0,0,0,0,0,
Participant,7_3,11_49_58,9.2468,0,1,0,9.24675,0.0000,0.0000,0.0000,0.0000,0.0000,0.0000,3.415595,3.416101,3.415848,-0.02493954,,,,,0,0,0,0,0,0,0,0,0,0,0,0,0,0,0,0,0,0,0,0,0,0,0,0,0,0,0,0,0,0,0,0,0,0,0,0,0,0,0,0,0,0,0,0,0,0,0,0,0,0,0,
Participant,7_3,11_49_58,9.2500,0,1,0,9.249968,0.0000,0.0000,0.0000,0.0000,0.0000,0.0000,3.407572,3.419322,3.413447,-0.02734017,,,,,0,0,0,0,0,0,0,0,0,0,0,0,0,0,0,0,0,0,0,0,0,0,0,0,0,0,0,0,0,0,0,0,0,0,0,0,0,0,0,0,0,0,0,0,0,0,0,0,0,0,0,
Participant,7_3,11_49_58,9.2532,0,1,0,9.253241,0.0000,0.0000,0.0000,0.0000,0.0000,0.0000,3.419996,3.410999,3.415497,-0.02529025,,,,,0,0,0,0,0,0,0,0,0,0,0,0,0,0,0,0,0,0,0,0,0,0,0,0,0,0,0,0,0,0,0,0,0,0,0,0,0,0,0,0,0,0,0,0,0,0,0,0,0,0,0,
Participant,7_3,11_49_58,9.2569,0,1,0,9.256903,0.0000,0.0000,0.0000,0.0000,0.0000,0.0000,3.388139,3.444626,3.416383,-0.024405,,,,,0,0,0,0,0,0,0,0,0,0,0,0,0,0,0,0,0,0,0,0,0,0,0,0,0,0,0,0,0,0,0,0,0,0,0,0,0,0,0,0,0,0,0,0,0,0,0,0,0,0,0,
Participant,7_3,11_49_58,9.2663,0,1,0,9.266303,0.0000,0.0000,0.0000,0.0000,0.0000,0.0000,3.436677,3.413636,3.425157,-0.01563096,,,,,0,0,0,0,0,0,0,0,0,0,0,0,0,0,0,0,0,0,0,0,0,0,0,0,0,0,0,0,0,0,0,0,0,0,0,0,0,0,0,0,0,0,0,0,0,0,0,0,0,0,0,
Participant,7_3,11_49_58,9.2816,0,1,0,9.28163,0.0000,0.0000,0.0000,0.0000,0.0000,0.0000,3.428359,3.418695,3.423527,-0.01726079,,,,,0,0,0,0,0,0,0,0,0,0,0,0,0,0,0,0,0,0,0,0,0,0,0,0,0,0,0,0,0,0,0,0,0,0,0,0,0,0,0,0,0,0,0,0,0,0,0,0,0,0,0,
Participant,7_3,11_49_58,9.2857,0,1,0,9.28566,0.0000,0.0000,0.0000,0.0000,0.0000,0.0000,3.42886,3.408272,3.418566,-0.02222133,,,,,0,0,0,0,0,0,0,0,0,0,0,0,0,0,0,0,0,0,0,0,0,0,0,0,0,0,0,0,0,0,0,0,0,0,0,0,0,0,0,0,0,0,0,0,0,0,0,0,0,0,0,
Participant,7_3,11_49_58,9.2888,0,1,0,9.288813,0.0000,0.0000,0.0000,0.0000,0.0000,0.0000,3.457751,3.417042,3.437396,-0.003391266,,,,,0,0,0,0,0,0,0,0,0,0,0,0,0,0,0,0,0,0,0,0,0,0,0,0,0,0,0,0,0,0,0,0,0,0,0,0,0,0,0,0,0,0,0,0,0,0,0,0,0,0,0,
Participant,7_3,11_49_58,9.2920,0,1,0,9.292042,0.0000,0.0000,0.0000,0.0000,0.0000,0.0000,3.42351,3.453169,3.438339,-0.002448082,,,,,0,0,0,0,0,0,0,0,0,0,0,0,0,0,0,0,0,0,0,0,0,0,0,0,0,0,0,0,0,0,0,0,0,0,0,0,0,0,0,0,0,0,0,0,0,0,0,0,0,0,0,
Participant,7_3,11_49_58,9.2955,0,1,0,9.295524,0.0000,0.0000,0.0000,0.0000,0.0000,0.0000,3.453695,3.413457,3.433576,-0.007211447,,,,,0,0,0,0,0,0,0,0,0,0,0,0,0,0,0,0,0,0,0,0,0,0,0,0,0,0,0,0,0,0,0,0,0,0,0,0,0,0,0,0,0,0,0,0,0,0,0,0,0,0,0,
Participant,7_3,11_49_58,9.2992,0,1,0,9.299201,0.0000,0.0000,0.0000,0.0000,0.0000,0.0000,3.464493,3.431839,3.448166,0.007378817,,,,,0,0,0,0,0,0,0,0,0,0,0,0,0,0,0,0,0,0,0,0,0,0,0,0,0,0,0,0,0,0,0,0,0,0,0,0,0,0,0,0,0,0,0,0,0,0,0,0,0,0,0,
Participant,7_3,11_49_58,9.3026,0,1,0,9.302634,0.0000,0.0000,0.0000,0.0000,0.0000,0.0000,3.444311,3.421884,3.433097,-0.007690191,,,,,0,0,0,0,0,0,0,0,0,0,0,0,0,0,0,0,0,0,0,0,0,0,0,0,0,0,0,0,0,0,0,0,0,0,0,0,0,0,0,0,0,0,0,0,0,0,0,0,0,0,0,
Participant,7_3,11_49_58,9.3062,0,1,0,9.30624,0.0000,0.0000,0.0000,0.0000,0.0000,0.0000,3.469606,3.466039,3.467823,0.027035,,,,,0,0,0,0,0,0,0,0,0,0,0,0,0,0,0,0,0,0,0,0,0,0,0,0,0,0,0,0,0,0,0,0,0,0,0,0,0,0,0,0,0,0,0,0,0,0,0,0,0,0,0,
Participant,7_3,11_49_58,9.3095,0,1,0,9.309497,0.0000,0.0000,0.0000,0.0000,0.0000,0.0000,3.440235,3.420036,3.430136,-0.01065183,,,,,0,0,0,0,0,0,0,0,0,0,0,0,0,0,0,0,0,0,0,0,0,0,0,0,0,0,0,0,0,0,0,0,0,0,0,0,0,0,0,0,0,0,0,0,0,0,0,0,0,0,0,
Participant,7_3,11_49_58,9.3130,0,1,0,9.31303,0.0000,0.0000,0.0000,0.0000,0.0000,0.0000,3.421527,3.451947,3.436737,-0.004050732,,,,,0,0,0,0,0,0,0,0,0,0,0,0,0,0,0,0,0,0,0,0,0,0,0,0,0,0,0,0,0,0,0,0,0,0,0,0,0,0,0,0,0,0,0,0,0,0,0,0,0,0,0,
Participant,7_3,11_49_58,9.3169,0,1,0,9.316927,0.0000,0.0000,0.0000,0.0000,0.0000,0.0000,3.453308,3.464948,3.459128,0.01834035,,,,,0,0,0,0,0,0,0,0,0,0,0,0,0,0,0,0,0,0,0,0,0,0,0,0,0,0,0,0,0,0,0,0,0,0,0,0,0,0,0,0,0,0,0,0,0,0,0,0,0,0,0,
Participant,7_3,11_49_58,9.3201,0,1,0,9.320146,0.0000,0.0000,0.0000,0.0000,0.0000,0.0000,3.458158,3.424129,3.441143,0.0003557205,,,,,0,0,0,0,0,0,0,0,0,0,0,0,0,0,0,0,0,0,0,0,0,0,0,0,0,0,0,0,0,0,0,0,0,0,0,0,0,0,0,0,0,0,0,0,0,0,0,0,0,0,0,
Participant,7_3,11_49_58,9.3235,0,1,0,9.323518,0.0000,0.0000,0.0000,0.0000,0.0000,0.0000,3.445812,3.443994,3.444903,0.004115582,,,,,0,0,0,0,0,0,0,0,0,0,0,0,0,0,0,0,0,0,0,0,0,0,0,0,0,0,0,0,0,0,0,0,0,0,0,0,0,0,0,0,0,0,0,0,0,0,0,0,0,0,0,
Participant,7_3,11_49_58,9.3268,0,1,0,9.326787,0.0000,0.0000,0.0000,0.0000,0.0000,0.0000,3.474001,3.423756,3.448879,0.008091211,,,,,0,0,0,0,0,0,0,0,0,0,0,0,0,0,0,0,0,0,0,0,0,0,0,0,0,0,0,0,0,0,0,0,0,0,0,0,0,0,0,0,0,0,0,0,0,0,0,0,0,0,0,
Participant,7_3,11_49_58,9.3302,0,1,0,9.330162,0.0000,0.0000,0.0000,0.0000,0.0000,0.0000,3.442491,3.42659,3.43454,-0.006247282,,,,,0,0,0,0,0,0,0,0,0,0,0,0,0,0,0,0,0,0,0,0,0,0,0,0,0,0,0,0,0,0,0,0,0,0,0,0,0,0,0,0,0,0,0,0,0,0,0,0,0,0,0,
Participant,7_3,11_49_58,9.3334,0,1,0,9.333375,0.0000,0.0000,0.0000,0.0000,0.0000,0.0000,3.466636,3.470893,3.468765,0.02797723,,,,,0,0,0,0,0,0,0,0,0,0,0,0,0,0,0,0,0,0,0,0,0,0,0,0,0,0,0,0,0,0,0,0,0,0,0,0,0,0,0,0,0,0,0,0,0,0,0,0,0,0,0,
Participant,7_3,11_49_58,9.3368,0,1,0,9.336822,0.0000,0.0000,0.0000,0.0000,0.0000,0.0000,3.472358,3.467815,3.470087,0.02929902,,,,,0,0,0,0,0,0,0,0,0,0,0,0,0,0,0,0,0,0,0,0,0,0,0,0,0,0,0,0,0,0,0,0,0,0,0,0,0,0,0,0,0,0,0,0,0,0,0,0,0,0,0,
Participant,7_3,11_49_58,9.3402,0,1,0,9.340198,0.0000,0.0000,0.0000,0.0000,0.0000,0.0000,3.464467,3.486918,3.475692,0.03490472,,,,,0,0,0,0,0,0,0,0,0,0,0,0,0,0,0,0,0,0,0,0,0,0,0,0,0,0,0,0,0,0,0,0,0,0,0,0,0,0,0,0,0,0,0,0,0,0,0,0,0,0,0,
Participant,7_3,11_49_58,9.3438,0,1,0,9.343798,0.0000,0.0000,0.0000,0.0000,0.0000,0.0000,3.462506,3.444648,3.453577,0.01278925,,,,,0,0,0,0,0,0,0,0,0,0,0,0,0,0,0,0,0,0,0,0,0,0,0,0,0,0,0,0,0,0,0,0,0,0,0,0,0,0,0,0,0,0,0,0,0,0,0,0,0,0,0,
Participant,7_3,11_49_58,9.3470,0,1,0,9.346971,0.0000,0.0000,0.0000,0.0000,0.0000,0.0000,3.433189,3.466251,3.44972,0.008932829,,,,,0,0,0,0,0,0,0,0,0,0,0,0,0,0,0,0,0,0,0,0,0,0,0,0,0,0,0,0,0,0,0,0,0,0,0,0,0,0,0,0,0,0,0,0,0,0,0,0,0,0,0,
Participant,7_3,11_49_58,9.3501,0,1,0,9.350103,0.0000,0.0000,0.0000,0.0000,0.0000,0.0000,3.463477,3.491937,3.477707,0.03691936,,,,,0,0,0,0,0,0,0,0,0,0,0,0,0,0,0,0,0,0,0,0,0,0,0,0,0,0,0,0,0,0,0,0,0,0,0,0,0,0,0,0,0,0,0,0,0,0,0,0,0,0,0,
Participant,7_3,11_49_58,9.3533,0,1,0,9.353326,0.0000,0.0000,0.0000,0.0000,0.0000,0.0000,3.485787,3.461158,3.473473,0.03268504,,,,,0,0,0,0,0,0,0,0,0,0,0,0,0,0,0,0,0,0,0,0,0,0,0,0,0,0,0,0,0,0,0,0,0,0,0,0,0,0,0,0,0,0,0,0,0,0,0,0,0,0,0,
Participant,7_3,11_49_58,9.3568,0,1,0,9.356754,0.0000,0.0000,0.0000,0.0000,0.0000,0.0000,3.451099,3.471812,3.461456,0.02066803,,,,,0,0,0,0,0,0,0,0,0,0,0,0,0,0,0,0,0,0,0,0,0,0,0,0,0,0,0,0,0,0,0,0,0,0,0,0,0,0,0,0,0,0,0,0,0,0,0,0,0,0,0,
Participant,7_3,11_49_58,9.3602,0,1,0,9.360209,0.0000,0.0000,0.0000,0.0000,0.0000,0.0000,3.486271,3.464678,3.475474,0.0346868,,,,,0,0,0,0,0,0,0,0,0,0,0,0,0,0,0,0,0,0,0,0,0,0,0,0,0,0,0,0,0,0,0,0,0,0,0,0,0,0,0,0,0,0,0,0,0,0,0,0,0,0,0,
Participant,7_3,11_49_58,9.3637,0,1,0,9.363678,0.0000,0.0000,0.0000,0.0000,0.0000,0.0000,3.463815,3.48765,3.475732,0.03494477,,,,,0,0,0,0,0,0,0,0,0,0,0,0,0,0,0,0,0,0,0,0,0,0,0,0,0,0,0,0,0,0,0,0,0,0,0,0,0,0,0,0,0,0,0,0,0,0,0,0,0,0,0,
Participant,7_3,11_49_58,9.3733,0,1,0,9.373334,0.0000,0.0000,0.0000,0.0000,0.0000,0.0000,3.466434,3.48413,3.475282,0.03449464,,,,,0,0,0,0,0,0,0,0,0,0,0,0,0,0,0,0,0,0,0,0,0,0,0,0,0,0,0,0,0,0,0,0,0,0,0,0,0,0,0,0,0,0,0,0,0,0,0,0,0,0,0,
Participant,7_3,11_49_58,9.3769,0,1,0,9.376926,0.0000,0.0000,0.0000,0.0000,0.0000,0.0000,3.487876,3.491829,3.489852,0.04906487,,,,,0,0,0,0,0,0,0,0,0,0,0,0,0,0,0,0,0,0,0,0,0,0,0,0,0,0,0,0,0,0,0,0,0,0,0,0,0,0,0,0,0,0,0,0,0,0,0,0,0,0,0,
Participant,7_3,11_49_58,9.3804,0,1,0,9.380354,0.0000,0.0000,0.0000,0.0000,0.0000,0.0000,3.480051,3.460404,3.470227,0.02943993,,,,,0,0,0,0,0,0,0,0,0,0,0,0,0,0,0,0,0,0,0,0,0,0,0,0,0,0,0,0,0,0,0,0,0,0,0,0,0,0,0,0,0,0,0,0,0,0,0,0,0,0,0,
Participant,7_3,11_49_58,9.3838,0,1,0,9.383825,0.0000,0.0000,0.0000,0.0000,0.0000,0.0000,3.455576,3.506864,3.48122,0.04043245,,,,,0,0,0,0,0,0,0,0,0,0,0,0,0,0,0,0,0,0,0,0,0,0,0,0,0,0,0,0,0,0,0,0,0,0,0,0,0,0,0,0,0,0,0,0,0,0,0,0,0,0,0,
Participant,7_3,11_49_58,9.3874,0,1,0,9.387378,0.0000,0.0000,0.0000,0.0000,0.0000,0.0000,3.456428,3.488136,3.472281,0.0314939,,,,,0,0,0,0,0,0,0,0,0,0,0,0,0,0,0,0,0,0,0,0,0,0,0,0,0,0,0,0,0,0,0,0,0,0,0,0,0,0,0,0,0,0,0,0,0,0,0,0,0,0,0,
Participant,7_3,11_49_58,9.3906,0,1,0,9.390611,0.0000,0.0000,0.0000,0.0000,0.0000,0.0000,3.463446,3.455244,3.459345,0.01855731,,,,,0,0,0,0,0,0,0,0,0,0,0,0,0,0,0,0,0,0,0,0,0,0,0,0,0,0,0,0,0,0,0,0,0,0,0,0,0,0,0,0,0,0,0,0,0,0,0,0,0,0,0,
Participant,7_3,11_49_58,9.3941,0,1,0,9.394113,0.0000,0.0000,0.0000,0.0000,0.0000,0.0000,3.488599,3.457552,3.473075,0.03228784,,,,,0,0,0,0,0,0,0,0,0,0,0,0,0,0,0,0,0,0,0,0,0,0,0,0,0,0,0,0,0,0,0,0,0,0,0,0,0,0,0,0,0,0,0,0,0,0,0,0,0,0,0,
Participant,7_3,11_49_58,9.3975,0,1,0,9.397481,0.0000,0.0000,0.0000,0.0000,0.0000,0.0000,3.491081,3.500973,3.496027,0.05523944,,,,,0,0,0,0,0,0,0,0,0,0,0,0,0,0,0,0,0,0,0,0,0,0,0,0,0,0,0,0,0,0,0,0,0,0,0,0,0,0,0,0,0,0,0,0,0,0,0,0,0,0,0,
Participant,7_3,11_49_58,9.4011,0,1,0,9.401114,0.0000,0.0000,0.0000,0.0000,0.0000,0.0000,3.459228,3.490047,3.474637,0.03384972,,,,,0,0,0,0,0,0,0,0,0,0,0,0,0,0,0,0,0,0,0,0,0,0,0,0,0,0,0,0,0,0,0,0,0,0,0,0,0,0,0,0,0,0,0,0,0,0,0,0,0,0,0,
Participant,7_3,11_49_58,9.4046,0,1,0,9.404565,0.0000,0.0000,0.0000,0.0000,0.0000,0.0000,3.460303,3.507387,3.483845,0.04305768,,,,,0,0,0,0,0,0,0,0,0,0,0,0,0,0,0,0,0,0,0,0,0,0,0,0,0,0,0,0,0,0,0,0,0,0,0,0,0,0,0,0,0,0,0,0,0,0,0,0,0,0,0,
Participant,7_3,11_49_58,9.4077,0,1,0,9.407727,0.0000,0.0000,0.0000,0.0000,0.0000,0.0000,3.476643,3.462493,3.469568,0.02878046,,,,,0,0,0,0,0,0,0,0,0,0,0,0,0,0,0,0,0,0,0,0,0,0,0,0,0,0,0,0,0,0,0,0,0,0,0,0,0,0,0,0,0,0,0,0,0,0,0,0,0,0,0,
Participant,7_3,11_49_58,9.4109,0,1,0,9.41094,0.0000,0.0000,0.0000,0.0000,0.0000,0.0000,3.511568,3.51309,3.512329,0.07154155,,,,,0,0,0,0,0,0,0,0,0,0,0,0,0,0,0,0,0,0,0,0,0,0,0,0,0,0,0,0,0,0,0,0,0,0,0,0,0,0,0,0,0,0,0,0,0,0,0,0,0,0,0,
Participant,7_3,11_49_58,9.4149,0,1,0,9.414917,0.0000,0.0000,0.0000,0.0000,0.0000,0.0000,3.479952,3.501631,3.490791,0.05000377,,,,,0,0,0,0,0,0,0,0,0,0,0,0,0,0,0,0,0,0,0,0,0,0,0,0,0,0,0,0,0,0,0,0,0,0,0,0,0,0,0,0,0,0,0,0,0,0,0,0,0,0,0,
Participant,7_3,11_49_58,9.4184,0,1,0,9.418366,0.0000,0.0000,0.0000,0.0000,0.0000,0.0000,3.514385,3.49996,3.507173,0.06638503,,,,,0,0,0,0,0,0,0,0,0,0,0,0,0,0,0,0,0,0,0,0,0,0,0,0,0,0,0,0,0,0,0,0,0,0,0,0,0,0,0,0,0,0,0,0,0,0,0,0,0,0,0,
Participant,7_3,11_49_58,9.4217,0,1,0,9.4217,0.0000,0.0000,0.0000,0.0000,0.0000,0.0000,3.49801,3.468497,3.483253,0.04246569,,,,,0,0,0,0,0,0,0,0,0,0,0,0,0,0,0,0,0,0,0,0,0,0,0,0,0,0,0,0,0,0,0,0,0,0,0,0,0,0,0,0,0,0,0,0,0,0,0,0,0,0,0,
Participant,7_3,11_49_58,9.4253,0,1,0,9.425338,0.0000,0.0000,0.0000,0.0000,0.0000,0.0000,3.488461,3.495736,3.492098,0.05131078,,,,,0,0,0,0,0,0,0,0,0,0,0,0,0,0,0,0,0,0,0,0,0,0,0,0,0,0,0,0,0,0,0,0,0,0,0,0,0,0,0,0,0,0,0,0,0,0,0,0,0,0,0,
Participant,7_3,11_49_58,9.4285,0,1,0,9.428513,0.0000,0.0000,0.0000,0.0000,0.0000,0.0000,3.508532,3.487731,3.498131,0.05734372,,,,,0,0,0,0,0,0,0,0,0,0,0,0,0,0,0,0,0,0,0,0,0,0,0,0,0,0,0,0,0,0,0,0,0,0,0,0,0,0,0,0,0,0,0,0,0,0,0,0,0,0,0,
Participant,7_3,11_49_58,9.4320,0,1,0,9.431984,0.0000,0.0000,0.0000,0.0000,0.0000,0.0000,3.531384,3.514843,3.523114,0.08232617,,,,,0,0,0,0,0,0,0,0,0,0,0,0,0,0,0,0,0,0,0,0,0,0,0,0,0,0,0,0,0,0,0,0,0,0,0,0,0,0,0,0,0,0,0,0,0,0,0,0,0,0,0,
Participant,7_3,11_49_58,9.4354,0,1,0,9.435424,0.0000,0.0000,0.0000,0.0000,0.0000,0.0000,3.476846,3.498116,3.487481,0.0466938,,,,,0,0,0,0,0,0,0,0,0,0,0,0,0,0,0,0,0,0,0,0,0,0,0,0,0,0,0,0,0,0,0,0,0,0,0,0,0,0,0,0,0,0,0,0,0,0,0,0,0,0,0,
Participant,7_3,11_49_58,9.4388,0,1,0,9.438829,0.0000,0.0000,0.0000,0.0000,0.0000,0.0000,3.495384,3.522738,3.509061,0.06827331,,,,,0,0,0,0,0,0,0,0,0,0,0,0,0,0,0,0,0,0,0,0,0,0,0,0,0,0,0,0,0,0,0,0,0,0,0,0,0,0,0,0,0,0,0,0,0,0,0,0,0,0,0,
Participant,7_3,11_49_58,9.4420,0,1,0,9.441962,0.0000,0.0000,0.0000,0.0000,0.0000,0.0000,3.496143,3.524362,3.510252,0.06946468,,,,,0,0,0,0,0,0,0,0,0,0,0,0,0,0,0,0,0,0,0,0,0,0,0,0,0,0,0,0,0,0,0,0,0,0,0,0,0,0,0,0,0,0,0,0,0,0,0,0,0,0,0,
Participant,7_3,11_49_58,9.4453,0,1,0,9.445333,0.0000,0.0000,0.0000,0.0000,0.0000,0.0000,3.490847,3.500873,3.49586,0.05507207,,,,,0,0,0,0,0,0,0,0,0,0,0,0,0,0,0,0,0,0,0,0,0,0,0,0,0,0,0,0,0,0,0,0,0,0,0,0,0,0,0,0,0,0,0,0,0,0,0,0,0,0,0,
Participant,7_3,11_49_58,9.4489,0,1,0,9.44893,0.0000,0.0000,0.0000,0.0000,0.0000,0.0000,3.491881,3.493449,3.492665,0.05187774,,,,,0,0,0,0,0,0,0,0,0,0,0,0,0,0,0,0,0,0,0,0,0,0,0,0,0,0,0,0,0,0,0,0,0,0,0,0,0,0,0,0,0,0,0,0,0,0,0,0,0,0,0,
Participant,7_3,11_49_58,9.4524,0,1,0,9.452424,0.0000,0.0000,0.0000,0.0000,0.0000,0.0000,3.495574,3.528285,3.511929,0.07114172,,,,,0,0,0,0,0,0,0,0,0,0,0,0,0,0,0,0,0,0,0,0,0,0,0,0,0,0,0,0,0,0,0,0,0,0,0,0,0,0,0,0,0,0,0,0,0,0,0,0,0,0,0,
Participant,7_3,11_49_58,9.4556,0,1,0,9.45557,0.0000,0.0000,0.0000,0.0000,0.0000,0.0000,3.506884,3.50821,3.507547,0.06675935,,,,,0,0,0,0,0,0,0,0,0,0,0,0,0,0,0,0,0,0,0,0,0,0,0,0,0,0,0,0,0,0,0,0,0,0,0,0,0,0,0,0,0,0,0,0,0,0,0,0,0,0,0,
Participant,7_3,11_49_58,9.4587,0,1,0,9.458694,0.0000,0.0000,0.0000,0.0000,0.0000,0.0000,3.529086,3.542653,3.53587,0.09508204,,,,,0,0,0,0,0,0,0,0,0,0,0,0,0,0,0,0,0,0,0,0,0,0,0,0,0,0,0,0,0,0,0,0,0,0,0,0,0,0,0,0,0,0,0,0,0,0,0,0,0,0,0,
Participant,7_3,11_49_58,9.4619,0,1,0,9.461879,0.0000,0.0000,0.0000,0.0000,0.0000,0.0000,3.509909,3.523318,3.516614,0.07582641,,,,,0,0,0,0,0,0,0,0,0,0,0,0,0,0,0,0,0,0,0,0,0,0,0,0,0,0,0,0,0,0,0,0,0,0,0,0,0,0,0,0,0,0,0,0,0,0,0,0,0,0,0,
Participant,7_3,11_49_58,9.4653,0,1,0,9.465315,0.0000,0.0000,0.0000,0.0000,0.0000,0.0000,3.538672,3.501352,3.520012,0.07922459,,,,,0,0,0,0,0,0,0,0,0,0,0,0,0,0,0,0,0,0,0,0,0,0,0,0,0,0,0,0,0,0,0,0,0,0,0,0,0,0,0,0,0,0,0,0,0,0,0,0,0,0,0,
Participant,7_3,11_49_58,9.4686,0,1,0,9.468553,0.0000,0.0000,0.0000,0.0000,0.0000,0.0000,3.50465,3.539759,3.522204,0.08141661,,,,,0,0,0,0,0,0,0,0,0,0,0,0,0,0,0,0,0,0,0,0,0,0,0,0,0,0,0,0,0,0,0,0,0,0,0,0,0,0,0,0,0,0,0,0,0,0,0,0,0,0,0,
Participant,7_3,11_49_58,9.4835,0,1,0,9.48348,0.0000,0.0000,0.0000,0.0000,0.0000,0.0000,3.530637,3.538898,3.534768,0.09398007,,,,,0,0,0,0,0,0,0,0,0,0,0,0,0,0,0,0,0,0,0,0,0,0,0,0,0,0,0,0,0,0,0,0,0,0,0,0,0,0,0,0,0,0,0,0,0,0,0,0,0,0,0,
Participant,7_3,11_49_58,9.4870,0,1,0,9.486993,0.0000,0.0000,0.0000,0.0000,0.0000,0.0000,3.514031,3.552854,3.533443,0.09265518,,,,,0,0,0,0,0,0,0,0,0,0,0,0,0,0,0,0,0,0,0,0,0,0,0,0,0,0,0,0,0,0,0,0,0,0,0,0,0,0,0,0,0,0,0,0,0,0,0,0,0,0,0,
Participant,7_3,11_49_58,9.4902,0,1,0,9.490202,0.0000,0.0000,0.0000,0.0000,0.0000,0.0000,3.533375,3.532853,3.533114,0.09232664,,,,,0,0,0,0,0,0,0,0,0,0,0,0,0,0,0,0,0,0,0,0,0,0,0,0,0,0,0,0,0,0,0,0,0,0,0,0,0,0,0,0,0,0,0,0,0,0,0,0,0,0,0,
Participant,7_3,11_49_58,9.4934,0,1,0,9.493386,0.0000,0.0000,0.0000,0.0000,0.0000,0.0000,3.513156,3.51577,3.514463,0.07367539,,,,,0,0,0,0,0,0,0,0,0,0,0,0,0,0,0,0,0,0,0,0,0,0,0,0,0,0,0,0,0,0,0,0,0,0,0,0,0,0,0,0,0,0,0,0,0,0,0,0,0,0,0,
Participant,7_3,11_49_58,9.4967,0,1,0,9.496683,0.0000,0.0000,0.0000,0.0000,0.0000,0.0000,3.546013,3.53309,3.539551,0.0987637,,,,,0,0,0,0,0,0,0,0,0,0,0,0,0,0,0,0,0,0,0,0,0,0,0,0,0,0,0,0,0,0,0,0,0,0,0,0,0,0,0,0,0,0,0,0,0,0,0,0,0,0,0,
Participant,7_3,11_49_58,9.5004,0,1,0,9.500392,0.0000,0.0000,0.0000,0.0000,0.0000,0.0000,3.549874,3.557989,3.553931,0.1131437,,,,,0,0,0,0,0,0,0,0,0,0,0,0,0,0,0,0,0,0,0,0,0,0,0,0,0,0,0,0,0,0,0,0,0,0,0,0,0,0,0,0,0,0,0,0,0,0,0,0,0,0,0,
Participant,7_3,11_49_58,9.5040,0,1,0,9.503961,0.0000,0.0000,0.0000,0.0000,0.0000,0.0000,3.547259,3.552247,3.549753,0.1089656,,,,,0,0,0,0,0,0,0,0,0,0,0,0,0,0,0,0,0,0,0,0,0,0,0,0,0,0,0,0,0,0,0,0,0,0,0,0,0,0,0,0,0,0,0,0,0,0,0,0,0,0,0,
Participant,7_3,11_49_58,9.5074,0,1,0,9.507356,0.0000,0.0000,0.0000,0.0000,0.0000,0.0000,3.51179,3.547734,3.529762,0.08897448,,,,,0,0,0,0,0,0,0,0,0,0,0,0,0,0,0,0,0,0,0,0,0,0,0,0,0,0,0,0,0,0,0,0,0,0,0,0,0,0,0,0,0,0,0,0,0,0,0,0,0,0,0,
Participant,7_3,11_49_58,9.5105,0,1,0,9.510518,0.0000,0.0000,0.0000,0.0000,0.0000,0.0000,3.521444,3.517696,3.51957,0.07878256,,,,,0,0,0,0,0,0,0,0,0,0,0,0,0,0,0,0,0,0,0,0,0,0,0,0,0,0,0,0,0,0,0,0,0,0,0,0,0,0,0,0,0,0,0,0,0,0,0,0,0,0,0,
Participant,7_3,11_49_58,9.5137,0,1,0,9.51369,0.0000,0.0000,0.0000,0.0000,0.0000,0.0000,3.565212,3.520348,3.54278,0.1019926,,,,,0,0,0,0,0,0,0,0,0,0,0,0,0,0,0,0,0,0,0,0,0,0,0,0,0,0,0,0,0,0,0,0,0,0,0,0,0,0,0,0,0,0,0,0,0,0,0,0,0,0,0,
Participant,7_3,11_49_58,9.5168,0,1,0,9.516824,0.0000,0.0000,0.0000,0.0000,0.0000,0.0000,3.539905,3.559918,3.549911,0.1091239,,,,,0,0,0,0,0,0,0,0,0,0,0,0,0,0,0,0,0,0,0,0,0,0,0,0,0,0,0,0,0,0,0,0,0,0,0,0,0,0,0,0,0,0,0,0,0,0,0,0,0,0,0,
Participant,7_3,11_49_58,9.5200,0,1,0,9.519976,0.0000,0.0000,0.0000,0.0000,0.0000,0.0000,3.522922,3.530221,3.526571,0.08578372,,,,,0,0,0,0,0,0,0,0,0,0,0,0,0,0,0,0,0,0,0,0,0,0,0,0,0,0,0,0,0,0,0,0,0,0,0,0,0,0,0,0,0,0,0,0,0,0,0,0,0,0,0,
Participant,7_3,11_49_58,9.5231,0,1,0,9.523127,0.0000,0.0000,0.0000,0.0000,0.0000,0.0000,3.524391,3.531292,3.527842,0.08705401,,,,,0,0,0,0,0,0,0,0,0,0,0,0,0,0,0,0,0,0,0,0,0,0,0,0,0,0,0,0,0,0,0,0,0,0,0,0,0,0,0,0,0,0,0,0,0,0,0,0,0,0,0,
Participant,7_3,11_49_58,9.5265,0,1,0,9.52647,0.0000,0.0000,0.0000,0.0000,0.0000,0.0000,3.563504,3.576634,3.570069,0.129281,,,,,0,0,0,0,0,0,0,0,0,0,0,0,0,0,0,0,0,0,0,0,0,0,0,0,0,0,0,0,0,0,0,0,0,0,0,0,0,0,0,0,0,0,0,0,0,0,0,0,0,0,0,
Participant,7_3,11_49_58,9.5296,0,1,0,9.529597,0.0000,0.0000,0.0000,0.0000,0.0000,0.0000,3.561521,3.573827,3.567674,0.1268864,,,,,0,0,0,0,0,0,0,0,0,0,0,0,0,0,0,0,0,0,0,0,0,0,0,0,0,0,0,0,0,0,0,0,0,0,0,0,0,0,0,0,0,0,0,0,0,0,0,0,0,0,0,
Participant,7_3,11_49_58,9.5329,0,1,0,9.532871,0.0000,0.0000,0.0000,0.0000,0.0000,0.0000,3.539009,3.543643,3.541326,0.1005385,,,,,0,0,0,0,0,0,0,0,0,0,0,0,0,0,0,0,0,0,0,0,0,0,0,0,0,0,0,0,0,0,0,0,0,0,0,0,0,0,0,0,0,0,0,0,0,0,0,0,0,0,0,
Participant,7_3,11_49_58,9.5361,0,1,0,9.536083,0.0000,0.0000,0.0000,0.0000,0.0000,0.0000,3.555511,3.565949,3.56073,0.1199424,,,,,0,0,0,0,0,0,0,0,0,0,0,0,0,0,0,0,0,0,0,0,0,0,0,0,0,0,0,0,0,0,0,0,0,0,0,0,0,0,0,0,0,0,0,0,0,0,0,0,0,0,0,
Participant,7_3,11_49_58,9.5392,0,1,0,9.539224,0.0000,0.0000,0.0000,0.0000,0.0000,0.0000,3.541402,3.584775,3.563088,0.1223009,,,,,0,0,0,0,0,0,0,0,0,0,0,0,0,0,0,0,0,0,0,0,0,0,0,0,0,0,0,0,0,0,0,0,0,0,0,0,0,0,0,0,0,0,0,0,0,0,0,0,0,0,0,
Participant,7_3,11_49_58,9.5424,0,1,0,9.54236,0.0000,0.0000,0.0000,0.0000,0.0000,0.0000,3.576077,3.56396,3.570018,0.1292307,,,,,0,0,0,0,0,0,0,0,0,0,0,0,0,0,0,0,0,0,0,0,0,0,0,0,0,0,0,0,0,0,0,0,0,0,0,0,0,0,0,0,0,0,0,0,0,0,0,0,0,0,0,
Participant,7_3,11_49_58,9.5457,0,1,0,9.545729,0.0000,0.0000,0.0000,0.0000,0.0000,0.0000,3.588217,3.544746,3.566481,0.1256938,,,,,0,0,0,0,0,0,0,0,0,0,0,0,0,0,0,0,0,0,0,0,0,0,0,0,0,0,0,0,0,0,0,0,0,0,0,0,0,0,0,0,0,0,0,0,0,0,0,0,0,0,0,
Participant,7_3,11_49_58,9.5491,0,1,0,9.549138,0.0000,0.0000,0.0000,0.0000,0.0000,0.0000,3.56147,3.562559,3.562015,0.121227,,,,,0,0,0,0,0,0,0,0,0,0,0,0,0,0,0,0,0,0,0,0,0,0,0,0,0,0,0,0,0,0,0,0,0,0,0,0,0,0,0,0,0,0,0,0,0,0,0,0,0,0,0,
Participant,7_3,11_49_58,9.5525,0,1,0,9.552522,0.0000,0.0000,0.0000,0.0000,0.0000,0.0000,3.569877,3.585708,3.577793,0.1370051,,,,,0,0,0,0,0,0,0,0,0,0,0,0,0,0,0,0,0,0,0,0,0,0,0,0,0,0,0,0,0,0,0,0,0,0,0,0,0,0,0,0,0,0,0,0,0,0,0,0,0,0,0,
Participant,7_3,11_49_58,9.5558,0,1,0,9.555821,0.0000,0.0000,0.0000,0.0000,0.0000,0.0000,3.57131,3.555174,3.563242,0.1224544,,,,,0,0,0,0,0,0,0,0,0,0,0,0,0,0,0,0,0,0,0,0,0,0,0,0,0,0,0,0,0,0,0,0,0,0,0,0,0,0,0,0,0,0,0,0,0,0,0,0,0,0,0,
Participant,7_3,11_49_58,9.5593,0,1,0,9.559304,0.0000,0.0000,0.0000,0.0000,0.0000,0.0000,3.56615,3.582636,3.574393,0.1336052,,,,,0,0,0,0,0,0,0,0,0,0,0,0,0,0,0,0,0,0,0,0,0,0,0,0,0,0,0,0,0,0,0,0,0,0,0,0,0,0,0,0,0,0,0,0,0,0,0,0,0,0,0,
Participant,7_3,11_49_58,9.5627,0,1,0,9.562677,0.0000,0.0000,0.0000,0.0000,0.0000,0.0000,3.577085,3.583087,3.580086,0.1392987,,,,,0,0,0,0,0,0,0,0,0,0,0,0,0,0,0,0,0,0,0,0,0,0,0,0,0,0,0,0,0,0,0,0,0,0,0,0,0,0,0,0,0,0,0,0,0,0,0,0,0,0,0,
Participant,7_3,11_49_58,9.5665,0,1,0,9.566465,0.0000,0.0000,0.0000,0.0000,0.0000,0.0000,3.554335,3.588182,3.571259,0.130471,,,,,0,0,0,0,0,0,0,0,0,0,0,0,0,0,0,0,0,0,0,0,0,0,0,0,0,0,0,0,0,0,0,0,0,0,0,0,0,0,0,0,0,0,0,0,0,0,0,0,0,0,0,
Participant,7_3,11_49_58,9.5697,0,1,0,9.569692,0.0000,0.0000,0.0000,0.0000,0.0000,0.0000,3.578178,3.588408,3.583293,0.1425054,,,,,0,0,0,0,0,0,0,0,0,0,0,0,0,0,0,0,0,0,0,0,0,0,0,0,0,0,0,0,0,0,0,0,0,0,0,0,0,0,0,0,0,0,0,0,0,0,0,0,0,0,0,
Participant,7_3,11_49_58,9.5728,0,1,0,9.572835,0.0000,0.0000,0.0000,0.0000,0.0000,0.0000,3.566378,3.570278,3.568328,0.1275408,,,,,0,0,0,0,0,0,0,0,0,0,0,0,0,0,0,0,0,0,0,0,0,0,0,0,0,0,0,0,0,0,0,0,0,0,0,0,0,0,0,0,0,0,0,0,0,0,0,0,0,0,0,
Participant,7_3,11_49_58,9.5761,0,1,0,9.576057,0.0000,0.0000,0.0000,0.0000,0.0000,0.0000,3.603007,3.570838,3.586923,0.1461351,,,,,0,0,0,0,0,0,0,0,0,0,0,0,0,0,0,0,0,0,0,0,0,0,0,0,0,0,0,0,0,0,0,0,0,0,0,0,0,0,0,0,0,0,0,0,0,0,0,0,0,0,0,
Participant,7_3,11_49_58,9.5794,0,1,0,9.579427,0.0000,0.0000,0.0000,0.0000,0.0000,0.0000,3.572088,3.572079,3.572083,0.1312959,,,,,0,0,0,0,0,0,0,0,0,0,0,0,0,0,0,0,0,0,0,0,0,0,0,0,0,0,0,0,0,0,0,0,0,0,0,0,0,0,0,0,0,0,0,0,0,0,0,0,0,0,0,
Participant,7_3,11_49_58,9.5827,0,1,0,9.582659,0.0000,0.0000,0.0000,0.0000,0.0000,0.0000,3.595886,3.549453,3.572669,0.1318817,,,,,0,0,0,0,0,0,0,0,0,0,0,0,0,0,0,0,0,0,0,0,0,0,0,0,0,0,0,0,0,0,0,0,0,0,0,0,0,0,0,0,0,0,0,0,0,0,0,0,0,0,0,
Participant,7_3,11_49_58,9.5861,0,1,0,9.586058,0.0000,0.0000,0.0000,0.0000,0.0000,0.0000,3.582325,3.564794,3.57356,0.1327722,,,,,0,0,0,0,0,0,0,0,0,0,0,0,0,0,0,0,0,0,0,0,0,0,0,0,0,0,0,0,0,0,0,0,0,0,0,0,0,0,0,0,0,0,0,0,0,0,0,0,0,0,0,
Participant,7_3,11_49_58,9.5892,0,1,0,9.589247,0.0000,0.0000,0.0000,0.0000,0.0000,0.0000,3.557439,3.598329,3.577884,0.1370964,,,,,0,0,0,0,0,0,0,0,0,0,0,0,0,0,0,0,0,0,0,0,0,0,0,0,0,0,0,0,0,0,0,0,0,0,0,0,0,0,0,0,0,0,0,0,0,0,0,0,0,0,0,
Participant,7_3,11_49_58,9.5925,0,1,0,9.592454,0.0000,0.0000,0.0000,0.0000,0.0000,0.0000,3.555837,3.587397,3.571617,0.1308298,,,,,0,0,0,0,0,0,0,0,0,0,0,0,0,0,0,0,0,0,0,0,0,0,0,0,0,0,0,0,0,0,0,0,0,0,0,0,0,0,0,0,0,0,0,0,0,0,0,0,0,0,0,
Participant,7_3,11_49_58,9.5957,0,1,0,9.595708,0.0000,0.0000,0.0000,0.0000,0.0000,0.0000,3.592625,3.576839,3.584732,0.1439445,,,,,0,0,0,0,0,0,0,0,0,0,0,0,0,0,0,0,0,0,0,0,0,0,0,0,0,0,0,0,0,0,0,0,0,0,0,0,0,0,0,0,0,0,0,0,0,0,0,0,0,0,0,
Participant,7_3,11_49_58,9.5995,0,1,0,9.599484,0.0000,0.0000,0.0000,0.0000,0.0000,0.0000,3.564108,3.565617,3.564862,0.1240749,,,,,0,0,0,0,0,0,0,0,0,0,0,0,0,0,0,0,0,0,0,0,0,0,0,0,0,0,0,0,0,0,0,0,0,0,0,0,0,0,0,0,0,0,0,0,0,0,0,0,0,0,0,
Participant,7_3,11_49_58,9.6027,0,1,0,9.602715,0.0000,0.0000,0.0000,0.0000,0.0000,0.0000,3.575451,3.594657,3.585054,0.1442664,,,,,0,0,0,0,0,0,0,0,0,0,0,0,0,0,0,0,0,0,0,0,0,0,0,0,0,0,0,0,0,0,0,0,0,0,0,0,0,0,0,0,0,0,0,0,0,0,0,0,0,0,0,
Participant,7_3,11_49_58,9.6064,0,1,0,9.606365,0.0000,0.0000,0.0000,0.0000,0.0000,0.0000,3.568297,3.56402,3.566159,0.125371,,,,,0,0,0,0,0,0,0,0,0,0,0,0,0,0,0,0,0,0,0,0,0,0,0,0,0,0,0,0,0,0,0,0,0,0,0,0,0,0,0,0,0,0,0,0,0,0,0,0,0,0,0,
Participant,7_3,11_49_58,9.6097,0,1,0,9.609743,0.0000,0.0000,0.0000,0.0000,0.0000,0.0000,3.583109,3.592241,3.587675,0.1468871,,,,,0,0,0,0,0,0,0,0,0,0,0,0,0,0,0,0,0,0,0,0,0,0,0,0,0,0,0,0,0,0,0,0,0,0,0,0,0,0,0,0,0,0,0,0,0,0,0,0,0,0,0,
Participant,7_3,11_49_58,9.6129,0,1,0,9.612948,0.0000,0.0000,0.0000,0.0000,0.0000,0.0000,3.610129,3.562572,3.58635,0.1455629,,,,,0,0,0,0,0,0,0,0,0,0,0,0,0,0,0,0,0,0,0,0,0,0,0,0,0,0,0,0,0,0,0,0,0,0,0,0,0,0,0,0,0,0,0,0,0,0,0,0,0,0,0,
Participant,7_3,11_49_58,9.6161,0,1,0,9.616145,0.0000,0.0000,0.0000,0.0000,0.0000,0.0000,3.578277,3.596831,3.587554,0.1467667,,,,,0,0,0,0,0,0,0,0,0,0,0,0,0,0,0,0,0,0,0,0,0,0,0,0,0,0,0,0,0,0,0,0,0,0,0,0,0,0,0,0,0,0,0,0,0,0,0,0,0,0,0,
Participant,7_3,11_49_58,9.6193,0,1,0,9.619285,0.0000,0.0000,0.0000,0.0000,0.0000,0.0000,3.574504,3.584001,3.579252,0.1384649,,,,,0,0,0,0,0,0,0,0,0,0,0,0,0,0,0,0,0,0,0,0,0,0,0,0,0,0,0,0,0,0,0,0,0,0,0,0,0,0,0,0,0,0,0,0,0,0,0,0,0,0,0,
Participant,7_3,11_49_58,9.6224,0,1,0,9.622421,0.0000,0.0000,0.0000,0.0000,0.0000,0.0000,3.608494,3.583979,3.596237,0.1554492,,,,,0,0,0,0,0,0,0,0,0,0,0,0,0,0,0,0,0,0,0,0,0,0,0,0,0,0,0,0,0,0,0,0,0,0,0,0,0,0,0,0,0,0,0,0,0,0,0,0,0,0,0,
Participant,7_3,11_49_58,9.6258,0,1,0,9.625834,0.0000,0.0000,0.0000,0.0000,0.0000,0.0000,3.593178,3.579439,3.586308,0.1455209,,,,,0,0,0,0,0,0,0,0,0,0,0,0,0,0,0,0,0,0,0,0,0,0,0,0,0,0,0,0,0,0,0,0,0,0,0,0,0,0,0,0,0,0,0,0,0,0,0,0,0,0,0,
Participant,7_3,11_49_58,9.6291,0,1,0,9.62913,0.0000,0.0000,0.0000,0.0000,0.0000,0.0000,3.603822,3.615959,3.60989,0.1691029,,,,,0,0,0,0,0,0,0,0,0,0,0,0,0,0,0,0,0,0,0,0,0,0,0,0,0,0,0,0,0,0,0,0,0,0,0,0,0,0,0,0,0,0,0,0,0,0,0,0,0,0,0,
Participant,7_3,11_49_58,9.6325,0,1,0,9.63251,0.0000,0.0000,0.0000,0.0000,0.0000,0.0000,3.586385,3.629782,3.608083,0.1672957,,,,,0,0,0,0,0,0,0,0,0,0,0,0,0,0,0,0,0,0,0,0,0,0,0,0,0,0,0,0,0,0,0,0,0,0,0,0,0,0,0,0,0,0,0,0,0,0,0,0,0,0,0,
Participant,7_3,11_49_58,9.6358,0,1,0,9.635756,0.0000,0.0000,0.0000,0.0000,0.0000,0.0000,3.581146,3.59247,3.586808,0.1460207,,,,,0,0,0,0,0,0,0,0,0,0,0,0,0,0,0,0,0,0,0,0,0,0,0,0,0,0,0,0,0,0,0,0,0,0,0,0,0,0,0,0,0,0,0,0,0,0,0,0,0,0,0,
Participant,7_3,11_49_58,9.6391,0,1,0,9.63906,0.0000,0.0000,0.0000,0.0000,0.0000,0.0000,3.598219,3.610353,3.604286,0.1634986,,,,,0,0,0,0,0,0,0,0,0,0,0,0,0,0,0,0,0,0,0,0,0,0,0,0,0,0,0,0,0,0,0,0,0,0,0,0,0,0,0,0,0,0,0,0,0,0,0,0,0,0,0,
Participant,7_3,11_49_58,9.6425,0,1,0,9.642504,0.0000,0.0000,0.0000,0.0000,0.0000,0.0000,3.623677,3.62848,3.626079,0.1852911,,,,,0,0,0,0,0,0,0,0,0,0,0,0,0,0,0,0,0,0,0,0,0,0,0,0,0,0,0,0,0,0,0,0,0,0,0,0,0,0,0,0,0,0,0,0,0,0,0,0,0,0,0,
Participant,7_3,11_49_58,9.6460,0,1,0,9.645976,0.0000,0.0000,0.0000,0.0000,0.0000,0.0000,3.612458,3.617203,3.61483,0.1740425,,,,,0,0,0,0,0,0,0,0,0,0,0,0,0,0,0,0,0,0,0,0,0,0,0,0,0,0,0,0,0,0,0,0,0,0,0,0,0,0,0,0,0,0,0,0,0,0,0,0,0,0,0,
Participant,7_3,11_49_58,9.6498,0,1,0,9.649792,0.0000,0.0000,0.0000,0.0000,0.0000,0.0000,3.606056,3.582789,3.594422,0.1536348,,,,,0,0,0,0,0,0,0,0,0,0,0,0,0,0,0,0,0,0,0,0,0,0,0,0,0,0,0,0,0,0,0,0,0,0,0,0,0,0,0,0,0,0,0,0,0,0,0,0,0,0,0,
Participant,7_3,11_49_58,9.6530,0,1,0,9.652956,0.0000,0.0000,0.0000,0.0000,0.0000,0.0000,3.600403,3.629262,3.614832,0.1740448,,,,,0,0,0,0,0,0,0,0,0,0,0,0,0,0,0,0,0,0,0,0,0,0,0,0,0,0,0,0,0,0,0,0,0,0,0,0,0,0,0,0,0,0,0,0,0,0,0,0,0,0,0,
Participant,7_3,11_49_58,9.6561,0,1,0,9.656115,0.0000,0.0000,0.0000,0.0000,0.0000,0.0000,3.63126,3.588655,3.609958,0.1691701,,,,,0,0,0,0,0,0,0,0,0,0,0,0,0,0,0,0,0,0,0,0,0,0,0,0,0,0,0,0,0,0,0,0,0,0,0,0,0,0,0,0,0,0,0,0,0,0,0,0,0,0,0,
Participant,7_3,11_49_58,9.6593,0,1,0,9.65927,0.0000,0.0000,0.0000,0.0000,0.0000,0.0000,3.609864,3.639308,3.624586,0.1837986,,,,,0,0,0,0,0,0,0,0,0,0,0,0,0,0,0,0,0,0,0,0,0,0,0,0,0,0,0,0,0,0,0,0,0,0,0,0,0,0,0,0,0,0,0,0,0,0,0,0,0,0,0,
Participant,7_3,11_49_58,9.6624,0,1,0,9.66241,0.0000,0.0000,0.0000,0.0000,0.0000,0.0000,3.59505,3.623414,3.609232,0.1684446,,,,,0,0,0,0,0,0,0,0,0,0,0,0,0,0,0,0,0,0,0,0,0,0,0,0,0,0,0,0,0,0,0,0,0,0,0,0,0,0,0,0,0,0,0,0,0,0,0,0,0,0,0,
Participant,7_3,11_49_58,9.6659,0,1,0,9.665882,0.0000,0.0000,0.0000,0.0000,0.0000,0.0000,3.635627,3.639824,3.637725,0.1969378,,,,,0,0,0,0,0,0,0,0,0,0,0,0,0,0,0,0,0,0,0,0,0,0,0,0,0,0,0,0,0,0,0,0,0,0,0,0,0,0,0,0,0,0,0,0,0,0,0,0,0,0,0,
Participant,7_3,11_49_58,9.6690,0,1,0,9.669022,0.0000,0.0000,0.0000,0.0000,0.0000,0.0000,3.622729,3.63343,3.628079,0.1872919,,,,,0,0,0,0,0,0,0,0,0,0,0,0,0,0,0,0,0,0,0,0,0,0,0,0,0,0,0,0,0,0,0,0,0,0,0,0,0,0,0,0,0,0,0,0,0,0,0,0,0,0,0,
Participant,7_3,11_49_58,9.6841,0,1,0,9.684051,0.0000,0.0000,0.0000,0.0000,0.0000,0.0000,3.633918,3.641696,3.637807,0.1970193,,,,,0,0,0,0,0,0,0,0,0,0,0,0,0,0,0,0,0,0,0,0,0,0,0,0,0,0,0,0,0,0,0,0,0,0,0,0,0,0,0,0,0,0,0,0,0,0,0,0,0,0,0,
Participant,7_3,11_49_58,9.6876,0,1,0,9.687558,0.0000,0.0000,0.0000,0.0000,0.0000,0.0000,3.605242,3.616503,3.610873,0.1700852,,,,,0,0,0,0,0,0,0,0,0,0,0,0,0,0,0,0,0,0,0,0,0,0,0,0,0,0,0,0,0,0,0,0,0,0,0,0,0,0,0,0,0,0,0,0,0,0,0,0,0,0,0,
Participant,7_3,11_49_58,9.6911,0,1,0,9.691055,0.0000,0.0000,0.0000,0.0000,0.0000,0.0000,3.6351,3.612353,3.623727,0.1829391,,,,,0,0,0,0,0,0,0,0,0,0,0,0,0,0,0,0,0,0,0,0,0,0,0,0,0,0,0,0,0,0,0,0,0,0,0,0,0,0,0,0,0,0,0,0,0,0,0,0,0,0,0,
Participant,7_3,11_49_58,9.6945,0,1,0,9.694507,0.0000,0.0000,0.0000,0.0000,0.0000,0.0000,3.657223,3.638823,3.648023,0.2072351,,,,,0,0,0,0,0,0,0,0,0,0,0,0,0,0,0,0,0,0,0,0,0,0,0,0,0,0,0,0,0,0,0,0,0,0,0,0,0,0,0,0,0,0,0,0,0,0,0,0,0,0,0,
Participant,7_3,11_49_58,9.6977,0,1,0,9.697669,0.0000,0.0000,0.0000,0.0000,0.0000,0.0000,3.631362,3.645616,3.638489,0.1977015,,,,,0,0,0,0,0,0,0,0,0,0,0,0,0,0,0,0,0,0,0,0,0,0,0,0,0,0,0,0,0,0,0,0,0,0,0,0,0,0,0,0,0,0,0,0,0,0,0,0,0,0,0,
Participant,7_3,11_49_58,9.7009,0,1,0,9.700933,0.0000,0.0000,0.0000,0.0000,0.0000,0.0000,3.606503,3.619184,3.612844,0.172056,,,,,0,0,0,0,0,0,0,0,0,0,0,0,0,0,0,0,0,0,0,0,0,0,0,0,0,0,0,0,0,0,0,0,0,0,0,0,0,0,0,0,0,0,0,0,0,0,0,0,0,0,0,
Participant,7_3,11_49_58,9.7043,0,1,0,9.704289,0.0000,0.0000,0.0000,0.0000,0.0000,0.0000,3.614128,3.662341,3.638234,0.1974468,,,,,0,0,0,0,0,0,0,0,0,0,0,0,0,0,0,0,0,0,0,0,0,0,0,0,0,0,0,0,0,0,0,0,0,0,0,0,0,0,0,0,0,0,0,0,0,0,0,0,0,0,0,
Participant,7_3,11_49_58,9.7074,0,1,0,9.707444,0.0000,0.0000,0.0000,0.0000,0.0000,0.0000,3.649012,3.662633,3.655823,0.2150352,,,,,0,0,0,0,0,0,0,0,0,0,0,0,0,0,0,0,0,0,0,0,0,0,0,0,0,0,0,0,0,0,0,0,0,0,0,0,0,0,0,0,0,0,0,0,0,0,0,0,0,0,0,
Participant,7_3,11_49_58,9.7106,0,1,0,9.710587,0.0000,0.0000,0.0000,0.0000,0.0000,0.0000,3.615235,3.651884,3.63356,0.1927722,,,,,0,0,0,0,0,0,0,0,0,0,0,0,0,0,0,0,0,0,0,0,0,0,0,0,0,0,0,0,0,0,0,0,0,0,0,0,0,0,0,0,0,0,0,0,0,0,0,0,0,0,0,
Participant,7_3,11_49_58,9.7138,0,1,0,9.713803,0.0000,0.0000,0.0000,0.0000,0.0000,0.0000,3.608696,3.645387,3.627041,0.1862538,,,,,0,0,0,0,0,0,0,0,0,0,0,0,0,0,0,0,0,0,0,0,0,0,0,0,0,0,0,0,0,0,0,0,0,0,0,0,0,0,0,0,0,0,0,0,0,0,0,0,0,0,0,
Participant,7_3,11_49_58,9.7171,0,1,0,9.717089,0.0000,0.0000,0.0000,0.0000,0.0000,0.0000,3.632269,3.641397,3.636833,0.1960454,,,,,0,0,0,0,0,0,0,0,0,0,0,0,0,0,0,0,0,0,0,0,0,0,0,0,0,0,0,0,0,0,0,0,0,0,0,0,0,0,0,0,0,0,0,0,0,0,0,0,0,0,0,
Participant,7_3,11_49_58,9.7206,0,1,0,9.720596,0.0000,0.0000,0.0000,0.0000,0.0000,0.0000,3.644823,3.633314,3.639069,0.198281,,,,,0,0,0,0,0,0,0,0,0,0,0,0,0,0,0,0,0,0,0,0,0,0,0,0,0,0,0,0,0,0,0,0,0,0,0,0,0,0,0,0,0,0,0,0,0,0,0,0,0,0,0,
Participant,7_3,11_49_58,9.7242,0,1,0,9.724216,0.0000,0.0000,0.0000,0.0000,0.0000,0.0000,3.615131,3.64529,3.630211,0.1894233,,,,,0,0,0,0,0,0,0,0,0,0,0,0,0,0,0,0,0,0,0,0,0,0,0,0,0,0,0,0,0,0,0,0,0,0,0,0,0,0,0,0,0,0,0,0,0,0,0,0,0,0,0,
Participant,7_3,11_49_58,9.7274,0,1,0,9.727406,0.0000,0.0000,0.0000,0.0000,0.0000,0.0000,3.651064,3.645085,3.648075,0.2072871,,,,,0,0,0,0,0,0,0,0,0,0,0,0,0,0,0,0,0,0,0,0,0,0,0,0,0,0,0,0,0,0,0,0,0,0,0,0,0,0,0,0,0,0,0,0,0,0,0,0,0,0,0,
Participant,7_3,11_49_58,9.7308,0,1,0,9.730845,0.0000,0.0000,0.0000,0.0000,0.0000,0.0000,3.640695,3.642811,3.641753,0.2009656,,,,,0,0,0,0,0,0,0,0,0,0,0,0,0,0,0,0,0,0,0,0,0,0,0,0,0,0,0,0,0,0,0,0,0,0,0,0,0,0,0,0,0,0,0,0,0,0,0,0,0,0,0,
Participant,7_3,11_49_58,9.7346,0,1,0,9.734569,0.0000,0.0000,0.0000,0.0000,0.0000,0.0000,3.656485,3.642618,3.649551,0.2087638,,,,,0,0,0,0,0,0,0,0,0,0,0,0,0,0,0,0,0,0,0,0,0,0,0,0,0,0,0,0,0,0,0,0,0,0,0,0,0,0,0,0,0,0,0,0,0,0,0,0,0,0,0,
Participant,7_3,11_49_58,9.7381,0,1,0,9.738082,0.0000,0.0000,0.0000,0.0000,0.0000,0.0000,3.666162,3.661214,3.663688,0.2229006,,,,,0,0,0,0,0,0,0,0,0,0,0,0,0,0,0,0,0,0,0,0,0,0,0,0,0,0,0,0,0,0,0,0,0,0,0,0,0,0,0,0,0,0,0,0,0,0,0,0,0,0,0,
Participant,7_3,11_49_58,9.7415,0,1,0,9.741531,0.0000,0.0000,0.0000,0.0000,0.0000,0.0000,3.626682,3.665719,3.646201,0.2054131,,,,,0,0,0,0,0,0,0,0,0,0,0,0,0,0,0,0,0,0,0,0,0,0,0,0,0,0,0,0,0,0,0,0,0,0,0,0,0,0,0,0,0,0,0,0,0,0,0,0,0,0,0,
Participant,7_3,11_49_58,9.7449,0,1,0,9.744946,0.0000,0.0000,0.0000,0.0000,0.0000,0.0000,3.673374,3.651522,3.662448,0.2216604,,,,,0,0,0,0,0,0,0,0,0,0,0,0,0,0,0,0,0,0,0,0,0,0,0,0,0,0,0,0,0,0,0,0,0,0,0,0,0,0,0,0,0,0,0,0,0,0,0,0,0,0,0,
Participant,7_3,11_49_58,9.7481,0,1,0,9.748114,0.0000,0.0000,0.0000,0.0000,0.0000,0.0000,3.671858,3.671004,3.671431,0.2306435,,,,,0,0,0,0,0,0,0,0,0,0,0,0,0,0,0,0,0,0,0,0,0,0,0,0,0,0,0,0,0,0,0,0,0,0,0,0,0,0,0,0,0,0,0,0,0,0,0,0,0,0,0,
Participant,7_3,11_49_58,9.7513,0,1,0,9.75127,0.0000,0.0000,0.0000,0.0000,0.0000,0.0000,3.659502,3.632915,3.646208,0.2054207,,,,,0,0,0,0,0,0,0,0,0,0,0,0,0,0,0,0,0,0,0,0,0,0,0,0,0,0,0,0,0,0,0,0,0,0,0,0,0,0,0,0,0,0,0,0,0,0,0,0,0,0,0,
Participant,7_3,11_49_58,9.7545,0,1,0,9.754468,0.0000,0.0000,0.0000,0.0000,0.0000,0.0000,3.647467,3.663069,3.655268,0.2144806,,,,,0,0,0,0,0,0,0,0,0,0,0,0,0,0,0,0,0,0,0,0,0,0,0,0,0,0,0,0,0,0,0,0,0,0,0,0,0,0,0,0,0,0,0,0,0,0,0,0,0,0,0,
Participant,7_3,11_49_58,9.7576,0,1,0,9.757633,0.0000,0.0000,0.0000,0.0000,0.0000,0.0000,3.669938,3.639922,3.65493,0.2141421,,,,,0,0,0,0,0,0,0,0,0,0,0,0,0,0,0,0,0,0,0,0,0,0,0,0,0,0,0,0,0,0,0,0,0,0,0,0,0,0,0,0,0,0,0,0,0,0,0,0,0,0,0,
Participant,7_3,11_49_58,9.7608,0,1,0,9.760766,0.0000,0.0000,0.0000,0.0000,0.0000,0.0000,3.667362,3.639303,3.653332,0.2125447,,,,,0,0,0,0,0,0,0,0,0,0,0,0,0,0,0,0,0,0,0,0,0,0,0,0,0,0,0,0,0,0,0,0,0,0,0,0,0,0,0,0,0,0,0,0,0,0,0,0,0,0,0,
Participant,7_3,11_49_58,9.7646,0,1,0,9.764645,0.0000,0.0000,0.0000,0.0000,0.0000,0.0000,3.682366,3.679512,3.680939,0.2401514,,,,,0,0,0,0,0,0,0,0,0,0,0,0,0,0,0,0,0,0,0,0,0,0,0,0,0,0,0,0,0,0,0,0,0,0,0,0,0,0,0,0,0,0,0,0,0,0,0,0,0,0,0,
Participant,7_3,11_49_58,9.7679,0,1,0,9.767947,0.0000,0.0000,0.0000,0.0000,0.0000,0.0000,3.643256,3.668516,3.655886,0.2150981,,,,,0,0,0,0,0,0,0,0,0,0,0,0,0,0,0,0,0,0,0,0,0,0,0,0,0,0,0,0,0,0,0,0,0,0,0,0,0,0,0,0,0,0,0,0,0,0,0,0,0,0,0,
Participant,7_3,11_49_58,9.7711,0,1,0,9.771145,0.0000,0.0000,0.0000,0.0000,0.0000,0.0000,3.630271,3.64946,3.639865,0.1990778,,,,,0,0,0,0,0,0,0,0,0,0,0,0,0,0,0,0,0,0,0,0,0,0,0,0,0,0,0,0,0,0,0,0,0,0,0,0,0,0,0,0,0,0,0,0,0,0,0,0,0,0,0,
Participant,7_3,11_49_58,9.7745,0,1,0,9.774513,0.0000,0.0000,0.0000,0.0000,0.0000,0.0000,3.669054,3.640022,3.654538,0.2137501,,,,,0,0,0,0,0,0,0,0,0,0,0,0,0,0,0,0,0,0,0,0,0,0,0,0,0,0,0,0,0,0,0,0,0,0,0,0,0,0,0,0,0,0,0,0,0,0,0,0,0,0,0,
Participant,7_3,11_49_58,9.7780,0,1,0,9.777995,0.0000,0.0000,0.0000,0.0000,0.0000,0.0000,3.654333,3.644597,3.649465,0.2086775,,,,,0,0,0,0,0,0,0,0,0,0,0,0,0,0,0,0,0,0,0,0,0,0,0,0,0,0,0,0,0,0,0,0,0,0,0,0,0,0,0,0,0,0,0,0,0,0,0,0,0,0,0,
Participant,7_3,11_49_58,9.7817,0,1,0,9.781711,0.0000,0.0000,0.0000,0.0000,0.0000,0.0000,3.650491,3.63781,3.64415,0.2033627,,,,,0,0,0,0,0,0,0,0,0,0,0,0,0,0,0,0,0,0,0,0,0,0,0,0,0,0,0,0,0,0,0,0,0,0,0,0,0,0,0,0,0,0,0,0,0,0,0,0,0,0,0,
Participant,7_3,11_49_58,9.7852,0,1,0,9.785209,0.0000,0.0000,0.0000,0.0000,0.0000,0.0000,3.660369,3.637358,3.648864,0.2080762,,,,,0,0,0,0,0,0,0,0,0,0,0,0,0,0,0,0,0,0,0,0,0,0,0,0,0,0,0,0,0,0,0,0,0,0,0,0,0,0,0,0,0,0,0,0,0,0,0,0,0,0,0,
Participant,7_3,11_49_58,9.7886,0,1,0,9.788575,0.0000,0.0000,0.0000,0.0000,0.0000,0.0000,3.651202,3.682117,3.666659,0.2258718,,,,,0,0,0,0,0,0,0,0,0,0,0,0,0,0,0,0,0,0,0,0,0,0,0,0,0,0,0,0,0,0,0,0,0,0,0,0,0,0,0,0,0,0,0,0,0,0,0,0,0,0,0,
Participant,7_3,11_49_58,9.7920,0,1,0,9.79201,0.0000,0.0000,0.0000,0.0000,0.0000,0.0000,3.65027,3.650523,3.650396,0.2096088,,,,,0,0,0,0,0,0,0,0,0,0,0,0,0,0,0,0,0,0,0,0,0,0,0,0,0,0,0,0,0,0,0,0,0,0,0,0,0,0,0,0,0,0,0,0,0,0,0,0,0,0,0,
Participant,7_3,11_49_58,9.7954,0,1,0,9.795366,0.0000,0.0000,0.0000,0.0000,0.0000,0.0000,3.648599,3.649248,3.648924,0.2081361,,,,,0,0,0,0,0,0,0,0,0,0,0,0,0,0,0,0,0,0,0,0,0,0,0,0,0,0,0,0,0,0,0,0,0,0,0,0,0,0,0,0,0,0,0,0,0,0,0,0,0,0,0,
Participant,7_3,11_49_58,9.7991,0,1,0,9.799128,0.0000,0.0000,0.0000,0.0000,0.0000,0.0000,3.696846,3.683007,3.689927,0.2491391,,,,,0,0,0,0,0,0,0,0,0,0,0,0,0,0,0,0,0,0,0,0,0,0,0,0,0,0,0,0,0,0,0,0,0,0,0,0,0,0,0,0,0,0,0,0,0,0,0,0,0,0,0,
Participant,7_3,11_49_58,9.8025,0,1,0,9.802498,0.0000,0.0000,0.0000,0.0000,0.0000,0.0000,3.685274,3.669186,3.67723,0.2364423,,,,,0,0,0,0,0,0,0,0,0,0,0,0,0,0,0,0,0,0,0,0,0,0,0,0,0,0,0,0,0,0,0,0,0,0,0,0,0,0,0,0,0,0,0,0,0,0,0,0,0,0,0,
Participant,7_3,11_49_58,9.8061,0,1,0,9.806145,0.0000,0.0000,0.0000,0.0000,0.0000,0.0000,3.663874,3.701033,3.682454,0.2416661,,,,,0,0,0,0,0,0,0,0,0,0,0,0,0,0,0,0,0,0,0,0,0,0,0,0,0,0,0,0,0,0,0,0,0,0,0,0,0,0,0,0,0,0,0,0,0,0,0,0,0,0,0,
Participant,7_3,11_49_58,9.8095,0,1,0,9.809533,0.0000,0.0000,0.0000,0.0000,0.0000,0.0000,3.681777,3.679073,3.680425,0.2396376,,,,,0,0,0,0,0,0,0,0,0,0,0,0,0,0,0,0,0,0,0,0,0,0,0,0,0,0,0,0,0,0,0,0,0,0,0,0,0,0,0,0,0,0,0,0,0,0,0,0,0,0,0,
Participant,7_3,11_49_58,9.8129,0,1,0,9.812933,0.0000,0.0000,0.0000,0.0000,0.0000,0.0000,3.704289,3.703038,3.703663,0.2628758,,,,,0,0,0,0,0,0,0,0,0,0,0,0,0,0,0,0,0,0,0,0,0,0,0,0,0,0,0,0,0,0,0,0,0,0,0,0,0,0,0,0,0,0,0,0,0,0,0,0,0,0,0,
Participant,7_3,11_49_58,9.8169,0,1,0,9.816903,0.0000,0.0000,0.0000,0.0000,0.0000,0.0000,3.677271,3.660321,3.668796,0.2280085,,,,,0,0,0,0,0,0,0,0,0,0,0,0,0,0,0,0,0,0,0,0,0,0,0,0,0,0,0,0,0,0,0,0,0,0,0,0,0,0,0,0,0,0,0,0,0,0,0,0,0,0,0,
Participant,7_3,11_49_58,9.8203,0,1,0,9.820334,0.0000,0.0000,0.0000,0.0000,0.0000,0.0000,3.669139,3.7068,3.687969,0.2471817,,,,,0,0,0,0,0,0,0,0,0,0,0,0,0,0,0,0,0,0,0,0,0,0,0,0,0,0,0,0,0,0,0,0,0,0,0,0,0,0,0,0,0,0,0,0,0,0,0,0,0,0,0,
Participant,7_3,11_49_58,9.8237,0,1,0,9.82366,0.0000,0.0000,0.0000,0.0000,0.0000,0.0000,3.68788,3.656638,3.672259,0.2314715,,,,,0,0,0,0,0,0,0,0,0,0,0,0,0,0,0,0,0,0,0,0,0,0,0,0,0,0,0,0,0,0,0,0,0,0,0,0,0,0,0,0,0,0,0,0,0,0,0,0,0,0,0,
Participant,7_3,11_49_58,9.8270,0,1,0,9.827001,0.0000,0.0000,0.0000,0.0000,0.0000,0.0000,3.700422,3.658894,3.679658,0.2388704,,,,,0,0,0,0,0,0,0,0,0,0,0,0,0,0,0,0,0,0,0,0,0,0,0,0,0,0,0,0,0,0,0,0,0,0,0,0,0,0,0,0,0,0,0,0,0,0,0,0,0,0,0,
Participant,7_3,11_49_58,9.8303,0,1,0,9.830265,0.0000,0.0000,0.0000,0.0000,0.0000,0.0000,3.69945,3.696709,3.69808,0.257292,,,,,0,0,0,0,0,0,0,0,0,0,0,0,0,0,0,0,0,0,0,0,0,0,0,0,0,0,0,0,0,0,0,0,0,0,0,0,0,0,0,0,0,0,0,0,0,0,0,0,0,0,0,
Participant,7_3,11_49_58,9.8334,0,1,0,9.833441,0.0000,0.0000,0.0000,0.0000,0.0000,0.0000,3.71139,3.668097,3.689744,0.248956,,,,,0,0,0,0,0,0,0,0,0,0,0,0,0,0,0,0,0,0,0,0,0,0,0,0,0,0,0,0,0,0,0,0,0,0,0,0,0,0,0,0,0,0,0,0,0,0,0,0,0,0,0,
Participant,7_3,11_49_58,9.8366,0,1,0,9.836618,0.0000,0.0000,0.0000,0.0000,0.0000,0.0000,3.688147,3.710763,3.699455,0.2586677,,,,,0,0,0,0,0,0,0,0,0,0,0,0,0,0,0,0,0,0,0,0,0,0,0,0,0,0,0,0,0,0,0,0,0,0,0,0,0,0,0,0,0,0,0,0,0,0,0,0,0,0,0,
Participant,7_3,11_49_58,9.8399,0,1,0,9.839854,0.0000,0.0000,0.0000,0.0000,0.0000,0.0000,3.665076,3.658146,3.661611,0.2208235,,,,,0,0,0,0,0,0,0,0,0,0,0,0,0,0,0,0,0,0,0,0,0,0,0,0,0,0,0,0,0,0,0,0,0,0,0,0,0,0,0,0,0,0,0,0,0,0,0,0,0,0,0,
Participant,7_3,11_49_58,9.8433,0,1,0,9.843293,0.0000,0.0000,0.0000,0.0000,0.0000,0.0000,3.678652,3.705345,3.691998,0.2512109,,,,,0,0,0,0,0,0,0,0,0,0,0,0,0,0,0,0,0,0,0,0,0,0,0,0,0,0,0,0,0,0,0,0,0,0,0,0,0,0,0,0,0,0,0,0,0,0,0,0,0,0,0,
Participant,7_3,11_49_58,9.8509,0,1,0,9.850945,0.0000,0.0000,0.0000,0.0000,0.0000,0.0000,3.69077,3.667347,3.679058,0.2382708,,,,,0,0,0,0,0,0,0,0,0,0,0,0,0,0,0,0,0,0,0,0,0,0,0,0,0,0,0,0,0,0,0,0,0,0,0,0,0,0,0,0,0,0,0,0,0,0,0,0,0,0,0,
Participant,7_3,11_49_58,9.8545,0,1,0,9.85445,0.0000,0.0000,0.0000,0.0000,0.0000,0.0000,3.682313,3.702387,3.69235,0.2515628,,,,,0,0,0,0,0,0,0,0,0,0,0,0,0,0,0,0,0,0,0,0,0,0,0,0,0,0,0,0,0,0,0,0,0,0,0,0,0,0,0,0,0,0,0,0,0,0,0,0,0,0,0,
Participant,7_3,11_49_58,9.8577,0,1,0,9.857686,0.0000,0.0000,0.0000,0.0000,0.0000,0.0000,3.687084,3.689816,3.68845,0.2476623,,,,,0,0,0,0,0,0,0,0,0,0,0,0,0,0,0,0,0,0,0,0,0,0,0,0,0,0,0,0,0,0,0,0,0,0,0,0,0,0,0,0,0,0,0,0,0,0,0,0,0,0,0,
Participant,7_3,11_49_58,9.8611,0,1,0,9.861117,0.0000,0.0000,0.0000,0.0000,0.0000,0.0000,3.675483,3.695223,3.685353,0.2445657,,,,,0,0,0,0,0,0,0,0,0,0,0,0,0,0,0,0,0,0,0,0,0,0,0,0,0,0,0,0,0,0,0,0,0,0,0,0,0,0,0,0,0,0,0,0,0,0,0,0,0,0,0,
Participant,7_3,11_49_58,9.8648,0,1,0,9.864761,0.0000,0.0000,0.0000,0.0000,0.0000,0.0000,3.690706,3.695667,3.693186,0.2523985,,,,,0,0,0,0,0,0,0,0,0,0,0,0,0,0,0,0,0,0,0,0,0,0,0,0,0,0,0,0,0,0,0,0,0,0,0,0,0,0,0,0,0,0,0,0,0,0,0,0,0,0,0,
Participant,7_3,11_49_58,9.8680,0,1,0,9.867969,0.0000,0.0000,0.0000,0.0000,0.0000,0.0000,3.69822,3.66689,3.682555,0.2417676,,,,,0,0,0,0,0,0,0,0,0,0,0,0,0,0,0,0,0,0,0,0,0,0,0,0,0,0,0,0,0,0,0,0,0,0,0,0,0,0,0,0,0,0,0,0,0,0,0,0,0,0,0,
Participant,7_3,11_49_58,9.8712,0,1,0,9.871187,0.0000,0.0000,0.0000,0.0000,0.0000,0.0000,3.708382,3.674251,3.691317,0.2505293,,,,,0,0,0,0,0,0,0,0,0,0,0,0,0,0,0,0,0,0,0,0,0,0,0,0,0,0,0,0,0,0,0,0,0,0,0,0,0,0,0,0,0,0,0,0,0,0,0,0,0,0,0,
Participant,7_3,11_49_58,9.8866,0,1,0,9.88663,0.0000,0.0000,0.0000,0.0000,0.0000,0.0000,3.670057,3.689045,3.679551,0.2387636,,,,,0,0,0,0,0,0,0,0,0,0,0,0,0,0,0,0,0,0,0,0,0,0,0,0,0,0,0,0,0,0,0,0,0,0,0,0,0,0,0,0,0,0,0,0,0,0,0,0,0,0,0,
Participant,7_3,11_49_58,9.8900,0,1,0,9.890047,0.0000,0.0000,0.0000,0.0000,0.0000,0.0000,3.685433,3.711957,3.698695,0.2579076,,,,,0,0,0,0,0,0,0,0,0,0,0,0,0,0,0,0,0,0,0,0,0,0,0,0,0,0,0,0,0,0,0,0,0,0,0,0,0,0,0,0,0,0,0,0,0,0,0,0,0,0,0,
Participant,7_3,11_49_58,9.8933,0,1,0,9.893285,0.0000,0.0000,0.0000,0.0000,0.0000,0.0000,3.693611,3.675233,3.684422,0.2436345,,,,,0,0,0,0,0,0,0,0,0,0,0,0,0,0,0,0,0,0,0,0,0,0,0,0,0,0,0,0,0,0,0,0,0,0,0,0,0,0,0,0,0,0,0,0,0,0,0,0,0,0,0,
Participant,7_3,11_49_58,9.8968,0,1,0,9.896753,0.0000,0.0000,0.0000,0.0000,0.0000,0.0000,3.709669,3.687789,3.698729,0.2579412,,,,,0,0,0,0,0,0,0,0,0,0,0,0,0,0,0,0,0,0,0,0,0,0,0,0,0,0,0,0,0,0,0,0,0,0,0,0,0,0,0,0,0,0,0,0,0,0,0,0,0,0,0,
Participant,7_3,11_49_58,9.9000,0,1,0,9.899957,0.0000,0.0000,0.0000,0.0000,0.0000,0.0000,3.694606,3.714554,3.70458,0.2637923,,,,,0,0,0,0,0,0,0,0,0,0,0,0,0,0,0,0,0,0,0,0,0,0,0,0,0,0,0,0,0,0,0,0,0,0,0,0,0,0,0,0,0,0,0,0,0,0,0,0,0,0,0,
Participant,7_3,11_49_58,9.9032,0,1,0,9.903152,0.0000,0.0000,0.0000,0.0000,0.0000,0.0000,3.712009,3.679994,3.696002,0.255214,,,,,0,0,0,0,0,0,0,0,0,0,0,0,0,0,0,0,0,0,0,0,0,0,0,0,0,0,0,0,0,0,0,0,0,0,0,0,0,0,0,0,0,0,0,0,0,0,0,0,0,0,0,
Participant,7_3,11_49_58,9.9067,0,1,0,9.906723,0.0000,0.0000,0.0000,0.0000,0.0000,0.0000,3.683554,3.717137,3.700346,0.259558,,,,,0,0,0,0,0,0,0,0,0,0,0,0,0,0,0,0,0,0,0,0,0,0,0,0,0,0,0,0,0,0,0,0,0,0,0,0,0,0,0,0,0,0,0,0,0,0,0,0,0,0,0,
Participant,7_3,11_49_58,9.9100,0,1,0,9.909966,0.0000,0.0000,0.0000,0.0000,0.0000,0.0000,3.729596,3.716451,3.723023,0.2822359,,,,,0,0,0,0,0,0,0,0,0,0,0,0,0,0,0,0,0,0,0,0,0,0,0,0,0,0,0,0,0,0,0,0,0,0,0,0,0,0,0,0,0,0,0,0,0,0,0,0,0,0,0,
Participant,7_3,11_49_58,9.9134,0,1,0,9.913357,0.0000,0.0000,0.0000,0.0000,0.0000,0.0000,3.706743,3.72781,3.717277,0.276489,,,,,0,0,0,0,0,0,0,0,0,0,0,0,0,0,0,0,0,0,0,0,0,0,0,0,0,0,0,0,0,0,0,0,0,0,0,0,0,0,0,0,0,0,0,0,0,0,0,0,0,0,0,
Participant,7_3,11_49_58,9.9166,0,1,0,9.91656,0.0000,0.0000,0.0000,0.0000,0.0000,0.0000,3.706395,3.709751,3.708073,0.2672858,,,,,0,0,0,0,0,0,0,0,0,0,0,0,0,0,0,0,0,0,0,0,0,0,0,0,0,0,0,0,0,0,0,0,0,0,0,0,0,0,0,0,0,0,0,0,0,0,0,0,0,0,0,
Participant,7_3,11_49_58,9.9198,0,1,0,9.919779,0.0000,0.0000,0.0000,0.0000,0.0000,0.0000,3.689617,3.719404,3.70451,0.2637227,,,,,0,0,0,0,0,0,0,0,0,0,0,0,0,0,0,0,0,0,0,0,0,0,0,0,0,0,0,0,0,0,0,0,0,0,0,0,0,0,0,0,0,0,0,0,0,0,0,0,0,0,0,
Participant,7_3,11_49_58,9.9232,0,1,0,9.923192,0.0000,0.0000,0.0000,0.0000,0.0000,0.0000,3.685487,3.69154,3.688513,0.2477255,,,,,0,0,0,0,0,0,0,0,0,0,0,0,0,0,0,0,0,0,0,0,0,0,0,0,0,0,0,0,0,0,0,0,0,0,0,0,0,0,0,0,0,0,0,0,0,0,0,0,0,0,0,
Participant,7_3,11_49_58,9.9268,0,1,0,9.926787,0.0000,0.0000,0.0000,0.0000,0.0000,0.0000,3.730073,3.719815,3.724944,0.2841566,,,,,0,0,0,0,0,0,0,0,0,0,0,0,0,0,0,0,0,0,0,0,0,0,0,0,0,0,0,0,0,0,0,0,0,0,0,0,0,0,0,0,0,0,0,0,0,0,0,0,0,0,0,
Participant,7_3,11_49_58,9.9299,0,1,0,9.92994,0.0000,0.0000,0.0000,0.0000,0.0000,0.0000,3.731302,3.696742,3.714022,0.2732341,,,,,0,0,0,0,0,0,0,0,0,0,0,0,0,0,0,0,0,0,0,0,0,0,0,0,0,0,0,0,0,0,0,0,0,0,0,0,0,0,0,0,0,0,0,0,0,0,0,0,0,0,0,
Participant,7_3,11_49_58,9.9332,0,1,0,9.933197,0.0000,0.0000,0.0000,0.0000,0.0000,0.0000,3.684253,3.685111,3.684682,0.2438943,,,,,0,0,0,0,0,0,0,0,0,0,0,0,0,0,0,0,0,0,0,0,0,0,0,0,0,0,0,0,0,0,0,0,0,0,0,0,0,0,0,0,0,0,0,0,0,0,0,0,0,0,0,
Participant,7_3,11_49_58,9.9364,0,1,0,9.936368,0.0000,0.0000,0.0000,0.0000,0.0000,0.0000,3.708719,3.705235,3.706977,0.2661893,,,,,0,0,0,0,0,0,0,0,0,0,0,0,0,0,0,0,0,0,0,0,0,0,0,0,0,0,0,0,0,0,0,0,0,0,0,0,0,0,0,0,0,0,0,0,0,0,0,0,0,0,0,
Participant,7_3,11_49_59,9.9396,0,1,0,9.939551,0.0000,0.0000,0.0000,0.0000,0.0000,0.0000,3.685892,3.734149,3.710021,0.2692332,,,,,0,0,0,0,0,0,0,0,0,0,0,0,0,0,0,0,0,0,0,0,0,0,0,0,0,0,0,0,0,0,0,0,0,0,0,0,0,0,0,0,0,0,0,0,0,0,0,0,0,0,0,
Participant,7_3,11_49_59,9.9427,0,1,0,9.942699,0.0000,0.0000,0.0000,0.0000,0.0000,0.0000,3.687061,3.740558,3.713809,0.2730219,,,,,0,0,0,0,0,0,0,0,0,0,0,0,0,0,0,0,0,0,0,0,0,0,0,0,0,0,0,0,0,0,0,0,0,0,0,0,0,0,0,0,0,0,0,0,0,0,0,0,0,0,0,
Participant,7_3,11_49_59,9.9460,0,1,0,9.946039,0.0000,0.0000,0.0000,0.0000,0.0000,0.0000,3.717558,3.741078,3.729318,0.2885303,,,,,0,0,0,0,0,0,0,0,0,0,0,0,0,0,0,0,0,0,0,0,0,0,0,0,0,0,0,0,0,0,0,0,0,0,0,0,0,0,0,0,0,0,0,0,0,0,0,0,0,0,0,
Participant,7_3,11_49_59,9.9492,0,1,0,9.949244,0.0000,0.0000,0.0000,0.0000,0.0000,0.0000,3.728893,3.714358,3.721626,0.2808383,,,,,0,0,0,0,0,0,0,0,0,0,0,0,0,0,0,0,0,0,0,0,0,0,0,0,0,0,0,0,0,0,0,0,0,0,0,0,0,0,0,0,0,0,0,0,0,0,0,0,0,0,0,
Participant,7_3,11_49_59,9.9524,0,1,0,9.952412,0.0000,0.0000,0.0000,0.0000,0.0000,0.0000,3.721351,3.699955,3.710653,0.2698653,,,,,0,0,0,0,0,0,0,0,0,0,0,0,0,0,0,0,0,0,0,0,0,0,0,0,0,0,0,0,0,0,0,0,0,0,0,0,0,0,0,0,0,0,0,0,0,0,0,0,0,0,0,
Participant,7_3,11_49_59,9.9557,0,1,0,9.955652,0.0000,0.0000,0.0000,0.0000,0.0000,0.0000,3.708367,3.69918,3.703774,0.2629862,,,,,0,0,0,0,0,0,0,0,0,0,0,0,0,0,0,0,0,0,0,0,0,0,0,0,0,0,0,0,0,0,0,0,0,0,0,0,0,0,0,0,0,0,0,0,0,0,0,0,0,0,0,
Participant,7_3,11_49_59,9.9591,0,1,0,9.959085,0.0000,0.0000,0.0000,0.0000,0.0000,0.0000,3.716538,3.729274,3.722906,0.2821183,,,,,0,0,0,0,0,0,0,0,0,0,0,0,0,0,0,0,0,0,0,0,0,0,0,0,0,0,0,0,0,0,0,0,0,0,0,0,0,0,0,0,0,0,0,0,0,0,0,0,0,0,0,
Participant,7_3,11_49_59,9.9624,0,1,0,9.96238,0.0000,0.0000,0.0000,0.0000,0.0000,0.0000,3.726757,3.743247,3.735002,0.2942145,,,,,0,0,0,0,0,0,0,0,0,0,0,0,0,0,0,0,0,0,0,0,0,0,0,0,0,0,0,0,0,0,0,0,0,0,0,0,0,0,0,0,0,0,0,0,0,0,0,0,0,0,0,
Participant,7_3,11_49_59,9.9661,0,1,0,9.96609,0.0000,0.0000,0.0000,0.0000,0.0000,0.0000,3.743282,3.734322,3.738801,0.2980139,,,,,0,0,0,0,0,0,0,0,0,0,0,0,0,0,0,0,0,0,0,0,0,0,0,0,0,0,0,0,0,0,0,0,0,0,0,0,0,0,0,0,0,0,0,0,0,0,0,0,0,0,0,
Participant,7_3,11_49_59,9.9695,0,1,0,9.969505,0.0000,0.0000,0.0000,0.0000,0.0000,0.0000,3.733474,3.708626,3.72105,0.2802627,,,,,0,0,0,0,0,0,0,0,0,0,0,0,0,0,0,0,0,0,0,0,0,0,0,0,0,0,0,0,0,0,0,0,0,0,0,0,0,0,0,0,0,0,0,0,0,0,0,0,0,0,0,
Participant,7_3,11_49_59,9.9727,0,1,0,9.972733,0.0000,0.0000,0.0000,0.0000,0.0000,0.0000,3.699789,3.698022,3.698905,0.2581179,,,,,0,0,0,0,0,0,0,0,0,0,0,0,0,0,0,0,0,0,0,0,0,0,0,0,0,0,0,0,0,0,0,0,0,0,0,0,0,0,0,0,0,0,0,0,0,0,0,0,0,0,0,
Participant,7_3,11_49_59,9.9761,0,1,0,9.976137,0.0000,0.0000,0.0000,0.0000,0.0000,0.0000,3.725963,3.74607,3.736017,0.2952292,,,,,0,0,0,0,0,0,0,0,0,0,0,0,0,0,0,0,0,0,0,0,0,0,0,0,0,0,0,0,0,0,0,0,0,0,0,0,0,0,0,0,0,0,0,0,0,0,0,0,0,0,0,
Participant,7_3,11_49_59,9.9796,0,1,0,9.979609,0.0000,0.0000,0.0000,0.0000,0.0000,0.0000,3.731334,3.726064,3.728699,0.2879114,,,,,0,0,0,0,0,0,0,0,0,0,0,0,0,0,0,0,0,0,0,0,0,0,0,0,0,0,0,0,0,0,0,0,0,0,0,0,0,0,0,0,0,0,0,0,0,0,0,0,0,0,0,
Participant,7_3,11_49_59,9.9828,0,1,0,9.982818,0.0000,0.0000,0.0000,0.0000,0.0000,0.0000,3.720939,3.701363,3.711151,0.2703636,,,,,0,0,0,0,0,0,0,0,0,0,0,0,0,0,0,0,0,0,0,0,0,0,0,0,0,0,0,0,0,0,0,0,0,0,0,0,0,0,0,0,0,0,0,0,0,0,0,0,0,0,0,
Participant,7_3,11_49_59,9.9864,0,1,0,9.986393,0.0000,0.0000,0.0000,0.0000,0.0000,0.0000,3.721007,3.741254,3.73113,0.2903426,,,,,0,0,0,0,0,0,0,0,0,0,0,0,0,0,0,0,0,0,0,0,0,0,0,0,0,0,0,0,0,0,0,0,0,0,0,0,0,0,0,0,0,0,0,0,0,0,0,0,0,0,0,
Participant,7_3,11_49_59,9.9905,0,1,0,9.990486,0.0000,0.0000,0.0000,0.0000,0.0000,0.0000,3.705194,3.706829,3.706011,0.2652237,,,,,0,0,0,0,0,0,0,0,0,0,0,0,0,0,0,0,0,0,0,0,0,0,0,0,0,0,0,0,0,0,0,0,0,0,0,0,0,0,0,0,0,0,0,0,0,0,0,0,0,0,0,
Participant,7_3,11_49_59,9.9936,0,1,0,9.993642,0.0000,0.0000,0.0000,0.0000,0.0000,0.0000,3.711782,3.740126,3.725954,0.2851665,,,,,0,0,0,0,0,0,0,0,0,0,0,0,0,0,0,0,0,0,0,0,0,0,0,0,0,0,0,0,0,0,0,0,0,0,0,0,0,0,0,0,0,0,0,0,0,0,0,0,0,0,0,
Participant,7_3,11_49_59,9.9968,0,1,0,9.996796,0.0000,0.0000,0.0000,0.0000,0.0000,0.0000,3.732452,3.747618,3.740035,0.2992475,,,,,0,0,0,0,0,0,0,0,0,0,0,0,0,0,0,0,0,0,0,0,0,0,0,0,0,0,0,0,0,0,0,0,0,0,0,0,0,0,0,0,0,0,0,0,0,0,0,0,0,0,0,
Participant,7_3,11_49_59,10.0000,0,1,0,9.999992,0.0000,0.0000,0.0000,0.0000,0.0000,0.0000,3.700015,3.708964,3.70449,0.2637022,,,,,0,0,0,0,0,0,0,0,0,0,0,0,0,0,0,0,0,0,0,0,0,0,0,0,0,0,0,0,0,0,0,0,0,0,0,0,0,0,0,0,0,0,0,0,0,0,0,0,0,0,0,
Participant,7_3,11_49_59,10.0034,0,1,0,10.00341,0.0000,0.0000,0.0000,0.0000,0.0000,0.0000,3.743726,3.734108,3.738917,0.2981298,,,,,0,0,0,0,0,0,0,0,0,0,0,0,0,0,0,0,0,0,0,0,0,0,0,0,0,0,0,0,0,0,0,0,0,0,0,0,0,0,0,0,0,0,0,0,0,0,0,0,0,0,0,
Participant,7_3,11_49_59,10.0069,0,2,0,10.00693,0.0000,0.0000,0.0000,0.0000,0.0000,0.0000,3.735589,3.713794,3.724692,,,,,,0,0,0,0,0,0,0,0,0,0,0,0,0,0,0,0,0,0,0,0,0,0,0,0,0,0,0,0,0,0,0,0,0,0,0,0,0,0,0,0,0,0,0,0,0,0,0,0,0,0,0,
Participant,7_3,11_49_59,10.0107,0,2,0,10.01074,0.0000,0.0000,0.0000,0.0000,0.0000,0.0000,3.755802,3.72454,3.740171,,,,,,0,0,0,0,0,0,0,0,0,0,0,0,0,0,0,0,0,0,0,0,0,0,0,0,0,0,0,0,0,0,0,0,0,0,0,0,0,0,0,0,0,0,0,0,0,0,0,0,0,0,0,
Participant,7_3,11_49_59,10.0147,0,2,0,10.01471,0.0000,0.0000,0.0000,0.0000,0.0000,0.0000,3.752261,3.718486,3.735373,,,,,,0,0,0,0,0,0,0,0,0,0,0,0,0,0,0,0,0,0,0,0,0,0,0,0,0,0,0,0,0,0,0,0,0,0,0,0,0,0,0,0,0,0,0,0,0,0,0,0,0,0,0,
Participant,7_3,11_49_59,10.0181,0,2,0,10.01808,0.0000,0.0000,0.0000,0.0000,0.0000,0.0000,3.722455,3.723851,3.723153,,,,,,0,0,0,0,0,0,0,0,0,0,0,0,0,0,0,0,0,0,0,0,0,0,0,0,0,0,0,0,0,0,0,0,0,0,0,0,0,0,0,0,0,0,0,0,0,0,0,0,0,0,0,
Participant,7_3,11_49_59,10.0216,0,2,0,10.02155,0.0000,0.0000,0.0000,0.0000,0.0000,0.0000,3.736329,3.74493,3.740629,,,,,,0,0,0,0,0,0,0,0,0,0,0,0,0,0,0,0,0,0,0,0,0,0,0,0,0,0,0,0,0,0,0,0,0,0,0,0,0,0,0,0,0,0,0,0,0,0,0,0,0,0,0,
Participant,7_3,11_49_59,10.0250,0,2,0,10.02497,0.0000,0.0000,0.0000,0.0000,0.0000,0.0000,3.76008,3.728113,3.744097,,,,,,0,0,0,0,0,0,0,0,0,0,0,0,0,0,0,0,0,0,0,0,0,0,0,0,0,0,0,0,0,0,0,0,0,0,0,0,0,0,0,0,0,0,0,0,0,0,0,0,0,0,0,
Participant,7_3,11_49_59,10.0281,0,2,0,10.02813,0.0000,0.0000,0.0000,0.0000,0.0000,0.0000,3.745925,3.746097,3.746011,,,,,,0,0,0,0,0,0,0,0,0,0,0,0,0,0,0,0,0,0,0,0,0,0,0,0,0,0,0,0,0,0,0,0,0,0,0,0,0,0,0,0,0,0,0,0,0,0,0,0,0,0,0,
Participant,7_3,11_49_59,10.0313,0,2,0,10.03128,0.0000,0.0000,0.0000,0.0000,0.0000,0.0000,3.713731,3.754982,3.734357,,,,,,0,0,0,0,0,0,0,0,0,0,0,0,0,0,0,0,0,0,0,0,0,0,0,0,0,0,0,0,0,0,0,0,0,0,0,0,0,0,0,0,0,0,0,0,0,0,0,0,0,0,0,
Participant,7_3,11_49_59,10.0344,0,2,0,10.03443,0.0000,0.0000,0.0000,0.0000,0.0000,0.0000,3.749786,3.763433,3.75661,,,,,,0,0,0,0,0,0,0,0,0,0,0,0,0,0,0,0,0,0,0,0,0,0,0,0,0,0,0,0,0,0,0,0,0,0,0,0,0,0,0,0,0,0,0,0,0,0,0,0,0,0,0,
Participant,7_3,11_49_59,10.0376,0,2,0,10.0376,0.0000,0.0000,0.0000,0.0000,0.0000,0.0000,3.723535,3.744214,3.733874,,,,,,0,0,0,0,0,0,0,0,0,0,0,0,0,0,0,0,0,0,0,0,0,0,0,0,0,0,0,0,0,0,0,0,0,0,0,0,0,0,0,0,0,0,0,0,0,0,0,0,0,0,0,
Participant,7_3,11_49_59,10.0408,0,2,0,10.04081,0.0000,0.0000,0.0000,0.0000,0.0000,0.0000,3.733885,3.758125,3.746005,,,,,,0,0,0,0,0,0,0,0,0,0,0,0,0,0,0,0,0,0,0,0,0,0,0,0,0,0,0,0,0,0,0,0,0,0,0,0,0,0,0,0,0,0,0,0,0,0,0,0,0,0,0,
Participant,7_3,11_49_59,10.0442,0,2,0,10.04422,0.0000,0.0000,0.0000,0.0000,0.0000,0.0000,3.713892,3.706372,3.710132,,,,,,0,0,0,0,0,0,0,0,0,0,0,0,0,0,0,0,0,0,0,0,0,0,0,0,0,0,0,0,0,0,0,0,0,0,0,0,0,0,0,0,0,0,0,0,0,0,0,0,0,0,0,
Participant,7_3,11_49_59,10.0474,0,2,0,10.04739,0.0000,0.0000,0.0000,0.0000,0.0000,0.0000,3.709132,3.731676,3.720404,,,,,,0,0,0,0,0,0,0,0,0,0,0,0,0,0,0,0,0,0,0,0,0,0,0,0,0,0,0,0,0,0,0,0,0,0,0,0,0,0,0,0,0,0,0,0,0,0,0,0,0,0,0,
Participant,7_3,11_49_59,10.0507,0,2,0,10.05065,0.0000,0.0000,0.0000,0.0000,0.0000,0.0000,3.716305,3.750067,3.733186,,,,,,0,0,0,0,0,0,0,0,0,0,0,0,0,0,0,0,0,0,0,0,0,0,0,0,0,0,0,0,0,0,0,0,0,0,0,0,0,0,0,0,0,0,0,0,0,0,0,0,0,0,0,
Participant,7_3,11_49_59,10.0541,0,2,0,10.05407,0.0000,0.0000,0.0000,0.0000,0.0000,0.0000,3.710422,3.749922,3.730172,,,,,,0,0,0,0,0,0,0,0,0,0,0,0,0,0,0,0,0,0,0,0,0,0,0,0,0,0,0,0,0,0,0,0,0,0,0,0,0,0,0,0,0,0,0,0,0,0,0,0,0,0,0,
Participant,7_3,11_49_59,10.0575,0,2,0,10.05746,0.0000,0.0000,0.0000,0.0000,0.0000,0.0000,3.719832,3.758959,3.739395,,,,,,0,0,0,0,0,0,0,0,0,0,0,0,0,0,0,0,0,0,0,0,0,0,0,0,0,0,0,0,0,0,0,0,0,0,0,0,0,0,0,0,0,0,0,0,0,0,0,0,0,0,0,
Participant,7_3,11_49_59,10.0610,0,2,0,10.06103,0.0000,0.0000,0.0000,0.0000,0.0000,0.0000,3.762519,3.763011,3.762765,,,,,,0,0,0,0,0,0,0,0,0,0,0,0,0,0,0,0,0,0,0,0,0,0,0,0,0,0,0,0,0,0,0,0,0,0,0,0,0,0,0,0,0,0,0,0,0,0,0,0,0,0,0,
Participant,7_3,11_49_59,10.0650,0,2,0,10.06501,0.0000,0.0000,0.0000,0.0000,0.0000,0.0000,3.754319,3.738572,3.746446,,,,,,0,0,0,0,0,0,0,0,0,0,0,0,0,0,0,0,0,0,0,0,0,0,0,0,0,0,0,0,0,0,0,0,0,0,0,0,0,0,0,0,0,0,0,0,0,0,0,0,0,0,0,
Participant,7_3,11_49_59,10.0684,0,2,0,10.06843,0.0000,0.0000,0.0000,0.0000,0.0000,0.0000,3.730635,3.757871,3.744253,,,,,,0,0,0,0,0,0,0,0,0,0,0,0,0,0,0,0,0,0,0,0,0,0,0,0,0,0,0,0,0,0,0,0,0,0,0,0,0,0,0,0,0,0,0,0,0,0,0,0,0,0,0,
Participant,7_3,11_49_59,10.0716,0,2,0,10.07163,0.0000,0.0000,0.0000,0.0000,0.0000,0.0000,3.765029,3.738919,3.751974,,,,,,0,0,0,0,0,0,0,0,0,0,0,0,0,0,0,0,0,0,0,0,0,0,0,0,0,0,0,0,0,0,0,0,0,0,0,0,0,0,0,0,0,0,0,0,0,0,0,0,0,0,0,
Participant,7_3,11_49_59,10.0871,0,2,0,10.08714,0.0000,0.0000,0.0000,0.0000,0.0000,0.0000,3.77112,3.728504,3.749812,,,,,,0,0,0,0,0,0,0,0,0,0,0,0,0,0,0,0,0,0,0,0,0,0,0,0,0,0,0,0,0,0,0,0,0,0,0,0,0,0,0,0,0,0,0,0,0,0,0,0,0,0,0,
Participant,7_3,11_49_59,10.0907,0,2,0,10.09074,0.0000,0.0000,0.0000,0.0000,0.0000,0.0000,3.759085,3.750011,3.754548,,,,,,0,0,0,0,0,0,0,0,0,0,0,0,0,0,0,0,0,0,0,0,0,0,0,0,0,0,0,0,0,0,0,0,0,0,0,0,0,0,0,0,0,0,0,0,0,0,0,0,0,0,0,
Participant,7_3,11_49_59,10.0939,0,2,0,10.09391,0.0000,0.0000,0.0000,0.0000,0.0000,0.0000,3.748915,3.729825,3.73937,,,,,,0,0,0,0,0,0,0,0,0,0,0,0,0,0,0,0,0,0,0,0,0,0,0,0,0,0,0,0,0,0,0,0,0,0,0,0,0,0,0,0,0,0,0,0,0,0,0,0,0,0,0,
Participant,7_3,11_49_59,10.0971,0,2,0,10.0971,0.0000,0.0000,0.0000,0.0000,0.0000,0.0000,3.726064,3.742389,3.734226,,,,,,0,0,0,0,0,0,0,0,0,0,0,0,0,0,0,0,0,0,0,0,0,0,0,0,0,0,0,0,0,0,0,0,0,0,0,0,0,0,0,0,0,0,0,0,0,0,0,0,0,0,0,
Participant,7_3,11_49_59,10.1003,0,2,0,10.10034,0.0000,0.0000,0.0000,0.0000,0.0000,0.0000,3.720926,3.726215,3.72357,,,,,,0,0,0,0,0,0,0,0,0,0,0,0,0,0,0,0,0,0,0,0,0,0,0,0,0,0,0,0,0,0,0,0,0,0,0,0,0,0,0,0,0,0,0,0,0,0,0,0,0,0,0,
Participant,7_3,11_49_59,10.1039,0,2,0,10.10388,0.0000,0.0000,0.0000,0.0000,0.0000,0.0000,3.738022,3.755194,3.746608,,,,,,0,0,0,0,0,0,0,0,0,0,0,0,0,0,0,0,0,0,0,0,0,0,0,0,0,0,0,0,0,0,0,0,0,0,0,0,0,0,0,0,0,0,0,0,0,0,0,0,0,0,0,
Participant,7_3,11_49_59,10.1073,0,2,0,10.10729,0.0000,0.0000,0.0000,0.0000,0.0000,0.0000,3.731635,3.729191,3.730413,,,,,,0,0,0,0,0,0,0,0,0,0,0,0,0,0,0,0,0,0,0,0,0,0,0,0,0,0,0,0,0,0,0,0,0,0,0,0,0,0,0,0,0,0,0,0,0,0,0,0,0,0,0,
Participant,7_3,11_49_59,10.1107,0,2,0,10.11074,0.0000,0.0000,0.0000,0.0000,0.0000,0.0000,3.761233,3.757864,3.759549,,,,,,0,0,0,0,0,0,0,0,0,0,0,0,0,0,0,0,0,0,0,0,0,0,0,0,0,0,0,0,0,0,0,0,0,0,0,0,0,0,0,0,0,0,0,0,0,0,0,0,0,0,0,
Participant,7_3,11_49_59,10.1139,0,2,0,10.11393,0.0000,0.0000,0.0000,0.0000,0.0000,0.0000,3.717977,3.748879,3.733428,,,,,,0,0,0,0,0,0,0,0,0,0,0,0,0,0,0,0,0,0,0,0,0,0,0,0,0,0,0,0,0,0,0,0,0,0,0,0,0,0,0,0,0,0,0,0,0,0,0,0,0,0,0,
Participant,7_3,11_49_59,10.1171,0,2,0,10.11714,0.0000,0.0000,0.0000,0.0000,0.0000,0.0000,3.76093,3.770327,3.765628,,,,,,0,0,0,0,0,0,0,0,0,0,0,0,0,0,0,0,0,0,0,0,0,0,0,0,0,0,0,0,0,0,0,0,0,0,0,0,0,0,0,0,0,0,0,0,0,0,0,0,0,0,0,
Participant,7_3,11_49_59,10.1204,0,2,0,10.12041,0.0000,0.0000,0.0000,0.0000,0.0000,0.0000,3.739241,3.750727,3.744984,,,,,,0,0,0,0,0,0,0,0,0,0,0,0,0,0,0,0,0,0,0,0,0,0,0,0,0,0,0,0,0,0,0,0,0,0,0,0,0,0,0,0,0,0,0,0,0,0,0,0,0,0,0,
Participant,7_3,11_49_59,10.1239,0,2,0,10.12394,0.0000,0.0000,0.0000,0.0000,0.0000,0.0000,3.745171,3.747568,3.746369,,,,,,0,0,0,0,0,0,0,0,0,0,0,0,0,0,0,0,0,0,0,0,0,0,0,0,0,0,0,0,0,0,0,0,0,0,0,0,0,0,0,0,0,0,0,0,0,0,0,0,0,0,0,
Participant,7_3,11_49_59,10.1274,0,2,0,10.12736,0.0000,0.0000,0.0000,0.0000,0.0000,0.0000,3.742462,3.775402,3.758932,,,,,,0,0,0,0,0,0,0,0,0,0,0,0,0,0,0,0,0,0,0,0,0,0,0,0,0,0,0,0,0,0,0,0,0,0,0,0,0,0,0,0,0,0,0,0,0,0,0,0,0,0,0,
Participant,7_3,11_49_59,10.1308,0,2,0,10.13078,0.0000,0.0000,0.0000,0.0000,0.0000,0.0000,3.747846,3.751562,3.749704,,,,,,0,0,0,0,0,0,0,0,0,0,0,0,0,0,0,0,0,0,0,0,0,0,0,0,0,0,0,0,0,0,0,0,0,0,0,0,0,0,0,0,0,0,0,0,0,0,0,0,0,0,0,
Participant,7_3,11_49_59,10.1344,0,2,0,10.13435,0.0000,0.0000,0.0000,0.0000,0.0000,0.0000,3.75865,3.774791,3.76672,,,,,,0,0,0,0,0,0,0,0,0,0,0,0,0,0,0,0,0,0,0,0,0,0,0,0,0,0,0,0,0,0,0,0,0,0,0,0,0,0,0,0,0,0,0,0,0,0,0,0,0,0,0,
Participant,7_3,11_49_59,10.1378,0,2,0,10.13781,0.0000,0.0000,0.0000,0.0000,0.0000,0.0000,3.77495,3.7178,3.746375,,,,,,0,0,0,0,0,0,0,0,0,0,0,0,0,0,0,0,0,0,0,0,0,0,0,0,0,0,0,0,0,0,0,0,0,0,0,0,0,0,0,0,0,0,0,0,0,0,0,0,0,0,0,
Participant,7_3,11_49_59,10.1412,0,2,0,10.14119,0.0000,0.0000,0.0000,0.0000,0.0000,0.0000,3.736471,3.722846,3.729658,,,,,,0,0,0,0,0,0,0,0,0,0,0,0,0,0,0,0,0,0,0,0,0,0,0,0,0,0,0,0,0,0,0,0,0,0,0,0,0,0,0,0,0,0,0,0,0,0,0,0,0,0,0,
Participant,7_3,11_49_59,10.1447,0,2,0,10.14474,0.0000,0.0000,0.0000,0.0000,0.0000,0.0000,3.774029,3.740778,3.757403,,,,,,0,0,0,0,0,0,0,0,0,0,0,0,0,0,0,0,0,0,0,0,0,0,0,0,0,0,0,0,0,0,0,0,0,0,0,0,0,0,0,0,0,0,0,0,0,0,0,0,0,0,0,
Participant,7_3,11_49_59,10.1481,0,2,0,10.14811,0.0000,0.0000,0.0000,0.0000,0.0000,0.0000,3.752472,3.777383,3.764927,,,,,,0,0,0,0,0,0,0,0,0,0,0,0,0,0,0,0,0,0,0,0,0,0,0,0,0,0,0,0,0,0,0,0,0,0,0,0,0,0,0,0,0,0,0,0,0,0,0,0,0,0,0,
Participant,7_3,11_49_59,10.1513,0,2,0,10.15129,0.0000,0.0000,0.0000,0.0000,0.0000,0.0000,3.743466,3.757239,3.750353,,,,,,0,0,0,0,0,0,0,0,0,0,0,0,0,0,0,0,0,0,0,0,0,0,0,0,0,0,0,0,0,0,0,0,0,0,0,0,0,0,0,0,0,0,0,0,0,0,0,0,0,0,0,
Participant,7_3,11_49_59,10.1546,0,2,0,10.15455,0.0000,0.0000,0.0000,0.0000,0.0000,0.0000,3.765077,3.7584,3.761738,,,,,,0,0,0,0,0,0,0,0,0,0,0,0,0,0,0,0,0,0,0,0,0,0,0,0,0,0,0,0,0,0,0,0,0,0,0,0,0,0,0,0,0,0,0,0,0,0,0,0,0,0,0,
Participant,7_3,11_49_59,10.1579,0,2,0,10.15785,0.0000,0.0000,0.0000,0.0000,0.0000,0.0000,3.777572,3.758859,3.768216,,,,,,0,0,0,0,0,0,0,0,0,0,0,0,0,0,0,0,0,0,0,0,0,0,0,0,0,0,0,0,0,0,0,0,0,0,0,0,0,0,0,0,0,0,0,0,0,0,0,0,0,0,0,
Participant,7_3,11_49_59,10.1611,0,2,0,10.16107,0.0000,0.0000,0.0000,0.0000,0.0000,0.0000,3.732944,3.748593,3.740768,,,,,,0,0,0,0,0,0,0,0,0,0,0,0,0,0,0,0,0,0,0,0,0,0,0,0,0,0,0,0,0,0,0,0,0,0,0,0,0,0,0,0,0,0,0,0,0,0,0,0,0,0,0,
Participant,7_3,11_49_59,10.1646,0,2,0,10.16461,0.0000,0.0000,0.0000,0.0000,0.0000,0.0000,3.742759,3.759243,3.751001,,,,,,0,0,0,0,0,0,0,0,0,0,0,0,0,0,0,0,0,0,0,0,0,0,0,0,0,0,0,0,0,0,0,0,0,0,0,0,0,0,0,0,0,0,0,0,0,0,0,0,0,0,0,
Participant,7_3,11_49_59,10.1679,0,2,0,10.16787,0.0000,0.0000,0.0000,0.0000,0.0000,0.0000,3.75522,3.751322,3.753271,,,,,,0,0,0,0,0,0,0,0,0,0,0,0,0,0,0,0,0,0,0,0,0,0,0,0,0,0,0,0,0,0,0,0,0,0,0,0,0,0,0,0,0,0,0,0,0,0,0,0,0,0,0,
Participant,7_3,11_49_59,10.1713,0,2,0,10.1713,0.0000,0.0000,0.0000,0.0000,0.0000,0.0000,3.73545,3.756607,3.746028,,,,,,0,0,0,0,0,0,0,0,0,0,0,0,0,0,0,0,0,0,0,0,0,0,0,0,0,0,0,0,0,0,0,0,0,0,0,0,0,0,0,0,0,0,0,0,0,0,0,0,0,0,0,
Participant,7_3,11_49_59,10.1746,0,2,0,10.17455,0.0000,0.0000,0.0000,0.0000,0.0000,0.0000,3.73962,3.74736,3.74349,,,,,,0,0,0,0,0,0,0,0,0,0,0,0,0,0,0,0,0,0,0,0,0,0,0,0,0,0,0,0,0,0,0,0,0,0,0,0,0,0,0,0,0,0,0,0,0,0,0,0,0,0,0,
Participant,7_3,11_49_59,10.1777,0,2,0,10.17773,0.0000,0.0000,0.0000,0.0000,0.0000,0.0000,3.768631,3.763079,3.765855,,,,,,0,0,0,0,0,0,0,0,0,0,0,0,0,0,0,0,0,0,0,0,0,0,0,0,0,0,0,0,0,0,0,0,0,0,0,0,0,0,0,0,0,0,0,0,0,0,0,0,0,0,0,
Participant,7_3,11_49_59,10.1809,0,2,0,10.18092,0.0000,0.0000,0.0000,0.0000,0.0000,0.0000,3.757107,3.735752,3.746429,,,,,,0,0,0,0,0,0,0,0,0,0,0,0,0,0,0,0,0,0,0,0,0,0,0,0,0,0,0,0,0,0,0,0,0,0,0,0,0,0,0,0,0,0,0,0,0,0,0,0,0,0,0,
Participant,7_3,11_49_59,10.1844,0,2,0,10.18438,0.0000,0.0000,0.0000,0.0000,0.0000,0.0000,3.759521,3.737742,3.748632,,,,,,0,0,0,0,0,0,0,0,0,0,0,0,0,0,0,0,0,0,0,0,0,0,0,0,0,0,0,0,0,0,0,0,0,0,0,0,0,0,0,0,0,0,0,0,0,0,0,0,0,0,0,
Participant,7_3,11_49_59,10.1876,0,2,0,10.18755,0.0000,0.0000,0.0000,0.0000,0.0000,0.0000,3.734194,3.777948,3.756071,,,,,,0,0,0,0,0,0,0,0,0,0,0,0,0,0,0,0,0,0,0,0,0,0,0,0,0,0,0,0,0,0,0,0,0,0,0,0,0,0,0,0,0,0,0,0,0,0,0,0,0,0,0,
Participant,7_3,11_49_59,10.1907,0,2,0,10.19069,0.0000,0.0000,0.0000,0.0000,0.0000,0.0000,3.745646,3.761974,3.75381,,,,,,0,0,0,0,0,0,0,0,0,0,0,0,0,0,0,0,0,0,0,0,0,0,0,0,0,0,0,0,0,0,0,0,0,0,0,0,0,0,0,0,0,0,0,0,0,0,0,0,0,0,0,
Participant,7_3,11_49_59,10.1939,0,2,0,10.19385,0.0000,0.0000,0.0000,0.0000,0.0000,0.0000,3.75855,3.726698,3.742624,,,,,,0,0,0,0,0,0,0,0,0,0,0,0,0,0,0,0,0,0,0,0,0,0,0,0,0,0,0,0,0,0,0,0,0,0,0,0,0,0,0,0,0,0,0,0,0,0,0,0,0,0,0,
Participant,7_3,11_49_59,10.1971,0,2,0,10.19712,0.0000,0.0000,0.0000,0.0000,0.0000,0.0000,3.75222,3.763583,3.757902,,,,,,0,0,0,0,0,0,0,0,0,0,0,0,0,0,0,0,0,0,0,0,0,0,0,0,0,0,0,0,0,0,0,0,0,0,0,0,0,0,0,0,0,0,0,0,0,0,0,0,0,0,0,
Participant,7_3,11_49_59,10.2009,0,2,0,10.2009,0.0000,0.0000,0.0000,0.0000,0.0000,0.0000,3.749099,3.749678,3.749389,,,,,,0,0,0,0,0,0,0,0,0,0,0,0,0,0,0,0,0,0,0,0,0,0,0,0,0,0,0,0,0,0,0,0,0,0,0,0,0,0,0,0,0,0,0,0,0,0,0,0,0,0,0,
Participant,7_3,11_49_59,10.2045,0,2,0,10.2045,0.0000,0.0000,0.0000,0.0000,0.0000,0.0000,3.777124,3.735644,3.756384,,,,,,0,0,0,0,0,0,0,0,0,0,0,0,0,0,0,0,0,0,0,0,0,0,0,0,0,0,0,0,0,0,0,0,0,0,0,0,0,0,0,0,0,0,0,0,0,0,0,0,0,0,0,
Participant,7_3,11_49_59,10.2077,0,2,0,10.20771,0.0000,0.0000,0.0000,0.0000,0.0000,0.0000,3.73262,3.760692,3.746656,,,,,,0,0,0,0,0,0,0,0,0,0,0,0,0,0,0,0,0,0,0,0,0,0,0,0,0,0,0,0,0,0,0,0,0,0,0,0,0,0,0,0,0,0,0,0,0,0,0,0,0,0,0,
Participant,7_3,11_49_59,10.2111,0,2,0,10.21112,0.0000,0.0000,0.0000,0.0000,0.0000,0.0000,3.747085,3.777438,3.762262,,,,,,0,0,0,0,0,0,0,0,0,0,0,0,0,0,0,0,0,0,0,0,0,0,0,0,0,0,0,0,0,0,0,0,0,0,0,0,0,0,0,0,0,0,0,0,0,0,0,0,0,0,0,
Participant,7_3,11_49_59,10.2144,0,2,0,10.21437,0.0000,0.0000,0.0000,0.0000,0.0000,0.0000,3.740057,3.776044,3.758051,,,,,,0,0,0,0,0,0,0,0,0,0,0,0,0,0,0,0,0,0,0,0,0,0,0,0,0,0,0,0,0,0,0,0,0,0,0,0,0,0,0,0,0,0,0,0,0,0,0,0,0,0,0,
Participant,7_3,11_49_59,10.2182,0,2,0,10.21819,0.0000,0.0000,0.0000,0.0000,0.0000,0.0000,3.764668,3.722587,3.743628,,,,,,0,0,0,0,0,0,0,0,0,0,0,0,0,0,0,0,0,0,0,0,0,0,0,0,0,0,0,0,0,0,0,0,0,0,0,0,0,0,0,0,0,0,0,0,0,0,0,0,0,0,0,
Participant,7_3,11_49_59,10.2214,0,2,0,10.22144,0.0000,0.0000,0.0000,0.0000,0.0000,0.0000,3.730954,3.769447,3.750201,,,,,,0,0,0,0,0,0,0,0,0,0,0,0,0,0,0,0,0,0,0,0,0,0,0,0,0,0,0,0,0,0,0,0,0,0,0,0,0,0,0,0,0,0,0,0,0,0,0,0,0,0,0,
Participant,7_3,11_49_59,10.2249,0,2,0,10.22489,0.0000,0.0000,0.0000,0.0000,0.0000,0.0000,3.769519,3.763017,3.766268,,,,,,0,0,0,0,0,0,0,0,0,0,0,0,0,0,0,0,0,0,0,0,0,0,0,0,0,0,0,0,0,0,0,0,0,0,0,0,0,0,0,0,0,0,0,0,0,0,0,0,0,0,0,
Participant,7_3,11_49_59,10.2283,0,2,0,10.22831,0.0000,0.0000,0.0000,0.0000,0.0000,0.0000,3.734105,3.723838,3.728971,,,,,,0,0,0,0,0,0,0,0,0,0,0,0,0,0,0,0,0,0,0,0,0,0,0,0,0,0,0,0,0,0,0,0,0,0,0,0,0,0,0,0,0,0,0,0,0,0,0,0,0,0,0,
Participant,7_3,11_49_59,10.2316,0,2,0,10.23158,0.0000,0.0000,0.0000,0.0000,0.0000,0.0000,3.741209,3.767511,3.75436,,,,,,0,0,0,0,0,0,0,0,0,0,0,0,0,0,0,0,0,0,0,0,0,0,0,0,0,0,0,0,0,0,0,0,0,0,0,0,0,0,0,0,0,0,0,0,0,0,0,0,0,0,0,
Participant,7_3,11_49_59,10.2348,0,2,0,10.23482,0.0000,0.0000,0.0000,0.0000,0.0000,0.0000,3.73694,3.724894,3.730917,,,,,,0,0,0,0,0,0,0,0,0,0,0,0,0,0,0,0,0,0,0,0,0,0,0,0,0,0,0,0,0,0,0,0,0,0,0,0,0,0,0,0,0,0,0,0,0,0,0,0,0,0,0,
Participant,7_3,11_49_59,10.2380,0,2,0,10.23803,0.0000,0.0000,0.0000,0.0000,0.0000,0.0000,3.749175,3.744059,3.746617,,,,,,0,0,0,0,0,0,0,0,0,0,0,0,0,0,0,0,0,0,0,0,0,0,0,0,0,0,0,0,0,0,0,0,0,0,0,0,0,0,0,0,0,0,0,0,0,0,0,0,0,0,0,
Participant,7_3,11_49_59,10.2413,0,2,0,10.24129,0.0000,0.0000,0.0000,0.0000,0.0000,0.0000,3.737545,3.772702,3.755123,,,,,,0,0,0,0,0,0,0,0,0,0,0,0,0,0,0,0,0,0,0,0,0,0,0,0,0,0,0,0,0,0,0,0,0,0,0,0,0,0,0,0,0,0,0,0,0,0,0,0,0,0,0,
Participant,7_3,11_49_59,10.2448,0,2,0,10.24478,0.0000,0.0000,0.0000,0.0000,0.0000,0.0000,3.775652,3.742008,3.75883,,,,,,0,0,0,0,0,0,0,0,0,0,0,0,0,0,0,0,0,0,0,0,0,0,0,0,0,0,0,0,0,0,0,0,0,0,0,0,0,0,0,0,0,0,0,0,0,0,0,0,0,0,0,
Participant,7_3,11_49_59,10.2481,0,2,0,10.24807,0.0000,0.0000,0.0000,0.0000,0.0000,0.0000,3.728391,3.739641,3.734016,,,,,,0,0,0,0,0,0,0,0,0,0,0,0,0,0,0,0,0,0,0,0,0,0,0,0,0,0,0,0,0,0,0,0,0,0,0,0,0,0,0,0,0,0,0,0,0,0,0,0,0,0,0,
Participant,7_3,11_49_59,10.2514,0,2,0,10.25142,0.0000,0.0000,0.0000,0.0000,0.0000,0.0000,3.757352,3.744765,3.751059,,,,,,0,0,0,0,0,0,0,0,0,0,0,0,0,0,0,0,0,0,0,0,0,0,0,0,0,0,0,0,0,0,0,0,0,0,0,0,0,0,0,0,0,0,0,0,0,0,0,0,0,0,0,
Participant,7_3,11_49_59,10.2547,0,2,0,10.25473,0.0000,0.0000,0.0000,0.0000,0.0000,0.0000,3.767373,3.745247,3.75631,,,,,,0,0,0,0,0,0,0,0,0,0,0,0,0,0,0,0,0,0,0,0,0,0,0,0,0,0,0,0,0,0,0,0,0,0,0,0,0,0,0,0,0,0,0,0,0,0,0,0,0,0,0,
Participant,7_3,11_49_59,10.2581,0,2,0,10.25809,0.0000,0.0000,0.0000,0.0000,0.0000,0.0000,3.751384,3.747037,3.749211,,,,,,0,0,0,0,0,0,0,0,0,0,0,0,0,0,0,0,0,0,0,0,0,0,0,0,0,0,0,0,0,0,0,0,0,0,0,0,0,0,0,0,0,0,0,0,0,0,0,0,0,0,0,
Participant,7_3,11_49_59,10.2613,0,2,0,10.26129,0.0000,0.0000,0.0000,0.0000,0.0000,0.0000,3.767471,3.751197,3.759334,,,,,,0,0,0,0,0,0,0,0,0,0,0,0,0,0,0,0,0,0,0,0,0,0,0,0,0,0,0,0,0,0,0,0,0,0,0,0,0,0,0,0,0,0,0,0,0,0,0,0,0,0,0,
Participant,7_3,11_49_59,10.2648,0,2,0,10.26478,0.0000,0.0000,0.0000,0.0000,0.0000,0.0000,3.738393,3.736526,3.737459,,,,,,0,0,0,0,0,0,0,0,0,0,0,0,0,0,0,0,0,0,0,0,0,0,0,0,0,0,0,0,0,0,0,0,0,0,0,0,0,0,0,0,0,0,0,0,0,0,0,0,0,0,0,
Participant,7_3,11_49_59,10.2719,0,2,0,10.27189,0.0000,0.0000,0.0000,0.0000,0.0000,0.0000,3.770958,3.771792,3.771375,,,,,,0,0,0,0,0,0,0,0,0,0,0,0,0,0,0,0,0,0,0,0,0,0,0,0,0,0,0,0,0,0,0,0,0,0,0,0,0,0,0,0,0,0,0,0,0,0,0,0,0,0,0,
Participant,7_3,11_49_59,10.2872,0,2,0,10.28724,0.0000,0.0000,0.0000,0.0000,0.0000,0.0000,3.731946,3.721008,3.726477,,,,,,0,0,0,0,0,0,0,0,0,0,0,0,0,0,0,0,0,0,0,0,0,0,0,0,0,0,0,0,0,0,0,0,0,0,0,0,0,0,0,0,0,0,0,0,0,0,0,0,0,0,0,
Participant,7_3,11_49_59,10.2907,0,2,0,10.29072,0.0000,0.0000,0.0000,0.0000,0.0000,0.0000,3.761958,3.738288,3.750123,,,,,,0,0,0,0,0,0,0,0,0,0,0,0,0,0,0,0,0,0,0,0,0,0,0,0,0,0,0,0,0,0,0,0,0,0,0,0,0,0,0,0,0,0,0,0,0,0,0,0,0,0,0,
Participant,7_3,11_49_59,10.2940,0,2,0,10.29397,0.0000,0.0000,0.0000,0.0000,0.0000,0.0000,3.762003,3.771753,3.766878,,,,,,0,0,0,0,0,0,0,0,0,0,0,0,0,0,0,0,0,0,0,0,0,0,0,0,0,0,0,0,0,0,0,0,0,0,0,0,0,0,0,0,0,0,0,0,0,0,0,0,0,0,0,
Participant,7_3,11_49_59,10.2975,0,2,0,10.29745,0.0000,0.0000,0.0000,0.0000,0.0000,0.0000,3.762714,3.717422,3.740068,,,,,,0,0,0,0,0,0,0,0,0,0,0,0,0,0,0,0,0,0,0,0,0,0,0,0,0,0,0,0,0,0,0,0,0,0,0,0,0,0,0,0,0,0,0,0,0,0,0,0,0,0,0,
Participant,7_3,11_49_59,10.3010,0,2,0,10.30095,0.0000,0.0000,0.0000,0.0000,0.0000,0.0000,3.724379,3.753211,3.738795,,,,,,0,0,0,0,0,0,0,0,0,0,0,0,0,0,0,0,0,0,0,0,0,0,0,0,0,0,0,0,0,0,0,0,0,0,0,0,0,0,0,0,0,0,0,0,0,0,0,0,0,0,0,
Participant,7_3,11_49_59,10.3044,0,2,0,10.30443,0.0000,0.0000,0.0000,0.0000,0.0000,0.0000,3.747134,3.741575,3.744355,,,,,,0,0,0,0,0,0,0,0,0,0,0,0,0,0,0,0,0,0,0,0,0,0,0,0,0,0,0,0,0,0,0,0,0,0,0,0,0,0,0,0,0,0,0,0,0,0,0,0,0,0,0,
Participant,7_3,11_49_59,10.3078,0,2,0,10.30781,0.0000,0.0000,0.0000,0.0000,0.0000,0.0000,3.721036,3.727743,3.724389,,,,,,0,0,0,0,0,0,0,0,0,0,0,0,0,0,0,0,0,0,0,0,0,0,0,0,0,0,0,0,0,0,0,0,0,0,0,0,0,0,0,0,0,0,0,0,0,0,0,0,0,0,0,
Participant,7_3,11_49_59,10.3110,0,2,0,10.31097,0.0000,0.0000,0.0000,0.0000,0.0000,0.0000,3.7272,3.721406,3.724303,,,,,,0,0,0,0,0,0,0,0,0,0,0,0,0,0,0,0,0,0,0,0,0,0,0,0,0,0,0,0,0,0,0,0,0,0,0,0,0,0,0,0,0,0,0,0,0,0,0,0,0,0,0,
Participant,7_3,11_49_59,10.3141,0,2,0,10.31413,0.0000,0.0000,0.0000,0.0000,0.0000,0.0000,3.71699,3.763172,3.740081,,,,,,0,0,0,0,0,0,0,0,0,0,0,0,0,0,0,0,0,0,0,0,0,0,0,0,0,0,0,0,0,0,0,0,0,0,0,0,0,0,0,0,0,0,0,0,0,0,0,0,0,0,0,
Participant,7_3,11_49_59,10.3174,0,2,0,10.31738,0.0000,0.0000,0.0000,0.0000,0.0000,0.0000,3.726271,3.721199,3.723735,,,,,,0,0,0,0,0,0,0,0,0,0,0,0,0,0,0,0,0,0,0,0,0,0,0,0,0,0,0,0,0,0,0,0,0,0,0,0,0,0,0,0,0,0,0,0,0,0,0,0,0,0,0,
Participant,7_3,11_49_59,10.3205,0,2,0,10.32053,0.0000,0.0000,0.0000,0.0000,0.0000,0.0000,3.769505,3.718647,3.744076,,,,,,0,0,0,0,0,0,0,0,0,0,0,0,0,0,0,0,0,0,0,0,0,0,0,0,0,0,0,0,0,0,0,0,0,0,0,0,0,0,0,0,0,0,0,0,0,0,0,0,0,0,0,
Participant,7_3,11_49_59,10.3239,0,2,0,10.32393,0.0000,0.0000,0.0000,0.0000,0.0000,0.0000,3.756936,3.746664,3.7518,,,,,,0,0,0,0,0,0,0,0,0,0,0,0,0,0,0,0,0,0,0,0,0,0,0,0,0,0,0,0,0,0,0,0,0,0,0,0,0,0,0,0,0,0,0,0,0,0,0,0,0,0,0,
Participant,7_3,11_49_59,10.3272,0,2,0,10.32718,0.0000,0.0000,0.0000,0.0000,0.0000,0.0000,3.758643,3.749315,3.753979,,,,,,0,0,0,0,0,0,0,0,0,0,0,0,0,0,0,0,0,0,0,0,0,0,0,0,0,0,0,0,0,0,0,0,0,0,0,0,0,0,0,0,0,0,0,0,0,0,0,0,0,0,0,
Participant,7_3,11_49_59,10.3309,0,2,0,10.33088,0.0000,0.0000,0.0000,0.0000,0.0000,0.0000,3.756069,3.769201,3.762635,,,,,,0,0,0,0,0,0,0,0,0,0,0,0,0,0,0,0,0,0,0,0,0,0,0,0,0,0,0,0,0,0,0,0,0,0,0,0,0,0,0,0,0,0,0,0,0,0,0,0,0,0,0,
Participant,7_3,11_49_59,10.3342,0,2,0,10.33424,0.0000,0.0000,0.0000,0.0000,0.0000,0.0000,3.717437,3.734179,3.725808,,,,,,0,0,0,0,0,0,0,0,0,0,0,0,0,0,0,0,0,0,0,0,0,0,0,0,0,0,0,0,0,0,0,0,0,0,0,0,0,0,0,0,0,0,0,0,0,0,0,0,0,0,0,
Participant,7_3,11_49_59,10.3376,0,2,0,10.33758,0.0000,0.0000,0.0000,0.0000,0.0000,0.0000,3.754086,3.768084,3.761085,,,,,,0,0,0,0,0,0,0,0,0,0,0,0,0,0,0,0,0,0,0,0,0,0,0,0,0,0,0,0,0,0,0,0,0,0,0,0,0,0,0,0,0,0,0,0,0,0,0,0,0,0,0,
Participant,7_3,11_49_59,10.3409,0,2,0,10.34089,0.0000,0.0000,0.0000,0.0000,0.0000,0.0000,3.757382,3.743998,3.75069,,,,,,0,0,0,0,0,0,0,0,0,0,0,0,0,0,0,0,0,0,0,0,0,0,0,0,0,0,0,0,0,0,0,0,0,0,0,0,0,0,0,0,0,0,0,0,0,0,0,0,0,0,0,
Participant,7_3,11_49_59,10.3444,0,2,0,10.34435,0.0000,0.0000,0.0000,0.0000,0.0000,0.0000,3.770906,3.743707,3.757307,,,,,,0,0,0,0,0,0,0,0,0,0,0,0,0,0,0,0,0,0,0,0,0,0,0,0,0,0,0,0,0,0,0,0,0,0,0,0,0,0,0,0,0,0,0,0,0,0,0,0,0,0,0,
Participant,7_3,11_49_59,10.3476,0,2,0,10.34758,0.0000,0.0000,0.0000,0.0000,0.0000,0.0000,3.736934,3.723176,3.730055,,,,,,0,0,0,0,0,0,0,0,0,0,0,0,0,0,0,0,0,0,0,0,0,0,0,0,0,0,0,0,0,0,0,0,0,0,0,0,0,0,0,0,0,0,0,0,0,0,0,0,0,0,0,
Participant,7_3,11_49_59,10.3507,0,2,0,10.35074,0.0000,0.0000,0.0000,0.0000,0.0000,0.0000,3.736486,3.716337,3.726412,,,,,,0,0,0,0,0,0,0,0,0,0,0,0,0,0,0,0,0,0,0,0,0,0,0,0,0,0,0,0,0,0,0,0,0,0,0,0,0,0,0,0,0,0,0,0,0,0,0,0,0,0,0,
Participant,7_3,11_49_59,10.3539,0,2,0,10.35389,0.0000,0.0000,0.0000,0.0000,0.0000,0.0000,3.714051,3.712547,3.713299,,,,,,0,0,0,0,0,0,0,0,0,0,0,0,0,0,0,0,0,0,0,0,0,0,0,0,0,0,0,0,0,0,0,0,0,0,0,0,0,0,0,0,0,0,0,0,0,0,0,0,0,0,0,
Participant,7_3,11_49_59,10.3571,0,2,0,10.35711,0.0000,0.0000,0.0000,0.0000,0.0000,0.0000,3.763389,3.724177,3.743783,,,,,,0,0,0,0,0,0,0,0,0,0,0,0,0,0,0,0,0,0,0,0,0,0,0,0,0,0,0,0,0,0,0,0,0,0,0,0,0,0,0,0,0,0,0,0,0,0,0,0,0,0,0,
Participant,7_3,11_49_59,10.3603,0,2,0,10.36027,0.0000,0.0000,0.0000,0.0000,0.0000,0.0000,3.712769,3.763138,3.737953,,,,,,0,0,0,0,0,0,0,0,0,0,0,0,0,0,0,0,0,0,0,0,0,0,0,0,0,0,0,0,0,0,0,0,0,0,0,0,0,0,0,0,0,0,0,0,0,0,0,0,0,0,0,
Participant,7_3,11_49_59,10.3637,0,2,0,10.36369,0.0000,0.0000,0.0000,0.0000,0.0000,0.0000,3.756898,3.733989,3.745444,,,,,,0,0,0,0,0,0,0,0,0,0,0,0,0,0,0,0,0,0,0,0,0,0,0,0,0,0,0,0,0,0,0,0,0,0,0,0,0,0,0,0,0,0,0,0,0,0,0,0,0,0,0,
Participant,7_3,11_49_59,10.3668,0,2,0,10.36683,0.0000,0.0000,0.0000,0.0000,0.0000,0.0000,3.709586,3.747936,3.728761,,,,,,0,0,0,0,0,0,0,0,0,0,0,0,0,0,0,0,0,0,0,0,0,0,0,0,0,0,0,0,0,0,0,0,0,0,0,0,0,0,0,0,0,0,0,0,0,0,0,0,0,0,0,
Participant,7_3,11_49_59,10.3701,0,2,0,10.37006,0.0000,0.0000,0.0000,0.0000,0.0000,0.0000,3.712864,3.713183,3.713023,,,,,,0,0,0,0,0,0,0,0,0,0,0,0,0,0,0,0,0,0,0,0,0,0,0,0,0,0,0,0,0,0,0,0,0,0,0,0,0,0,0,0,0,0,0,0,0,0,0,0,0,0,0,
Participant,7_3,11_49_59,10.3733,0,2,0,10.37332,0.0000,0.0000,0.0000,0.0000,0.0000,0.0000,3.765251,3.738374,3.751812,,,,,,0,0,0,0,0,0,0,0,0,0,0,0,0,0,0,0,0,0,0,0,0,0,0,0,0,0,0,0,0,0,0,0,0,0,0,0,0,0,0,0,0,0,0,0,0,0,0,0,0,0,0,
Participant,7_3,11_49_59,10.3767,0,2,0,10.3767,0.0000,0.0000,0.0000,0.0000,0.0000,0.0000,3.745089,3.719211,3.73215,,,,,,0,0,0,0,0,0,0,0,0,0,0,0,0,0,0,0,0,0,0,0,0,0,0,0,0,0,0,0,0,0,0,0,0,0,0,0,0,0,0,0,0,0,0,0,0,0,0,0,0,0,0,
Participant,7_3,11_49_59,10.3801,0,2,0,10.38006,0.0000,0.0000,0.0000,0.0000,0.0000,0.0000,3.725138,3.71798,3.721559,,,,,,0,0,0,0,0,0,0,0,0,0,0,0,0,0,0,0,0,0,0,0,0,0,0,0,0,0,0,0,0,0,0,0,0,0,0,0,0,0,0,0,0,0,0,0,0,0,0,0,0,0,0,
Participant,7_3,11_49_59,10.3837,0,2,0,10.38369,0.0000,0.0000,0.0000,0.0000,0.0000,0.0000,3.738416,3.754278,3.746347,,,,,,0,0,0,0,0,0,0,0,0,0,0,0,0,0,0,0,0,0,0,0,0,0,0,0,0,0,0,0,0,0,0,0,0,0,0,0,0,0,0,0,0,0,0,0,0,0,0,0,0,0,0,
Participant,7_3,11_49_59,10.3871,0,2,0,10.38707,0.0000,0.0000,0.0000,0.0000,0.0000,0.0000,3.724532,3.757831,3.741181,,,,,,0,0,0,0,0,0,0,0,0,0,0,0,0,0,0,0,0,0,0,0,0,0,0,0,0,0,0,0,0,0,0,0,0,0,0,0,0,0,0,0,0,0,0,0,0,0,0,0,0,0,0,
Participant,7_3,11_49_59,10.3903,0,2,0,10.3903,0.0000,0.0000,0.0000,0.0000,0.0000,0.0000,3.76126,3.712886,3.737073,,,,,,0,0,0,0,0,0,0,0,0,0,0,0,0,0,0,0,0,0,0,0,0,0,0,0,0,0,0,0,0,0,0,0,0,0,0,0,0,0,0,0,0,0,0,0,0,0,0,0,0,0,0,
Participant,7_3,11_49_59,10.3938,0,2,0,10.39384,0.0000,0.0000,0.0000,0.0000,0.0000,0.0000,3.715441,3.734778,3.725109,,,,,,0,0,0,0,0,0,0,0,0,0,0,0,0,0,0,0,0,0,0,0,0,0,0,0,0,0,0,0,0,0,0,0,0,0,0,0,0,0,0,0,0,0,0,0,0,0,0,0,0,0,0,
Participant,7_3,11_49_59,10.3972,0,2,0,10.39719,0.0000,0.0000,0.0000,0.0000,0.0000,0.0000,3.738774,3.733438,3.736106,,,,,,0,0,0,0,0,0,0,0,0,0,0,0,0,0,0,0,0,0,0,0,0,0,0,0,0,0,0,0,0,0,0,0,0,0,0,0,0,0,0,0,0,0,0,0,0,0,0,0,0,0,0,
Participant,7_3,11_49_59,10.4006,0,2,0,10.40058,0.0000,0.0000,0.0000,0.0000,0.0000,0.0000,3.710012,3.716808,3.71341,,,,,,0,0,0,0,0,0,0,0,0,0,0,0,0,0,0,0,0,0,0,0,0,0,0,0,0,0,0,0,0,0,0,0,0,0,0,0,0,0,0,0,0,0,0,0,0,0,0,0,0,0,0,
Participant,7_3,11_49_59,10.4041,0,2,0,10.40412,0.0000,0.0000,0.0000,0.0000,0.0000,0.0000,3.717741,3.722718,3.72023,,,,,,0,0,0,0,0,0,0,0,0,0,0,0,0,0,0,0,0,0,0,0,0,0,0,0,0,0,0,0,0,0,0,0,0,0,0,0,0,0,0,0,0,0,0,0,0,0,0,0,0,0,0,
Participant,7_3,11_49_59,10.4078,0,2,0,10.4078,0.0000,0.0000,0.0000,0.0000,0.0000,0.0000,3.702838,3.733819,3.718329,,,,,,0,0,0,0,0,0,0,0,0,0,0,0,0,0,0,0,0,0,0,0,0,0,0,0,0,0,0,0,0,0,0,0,0,0,0,0,0,0,0,0,0,0,0,0,0,0,0,0,0,0,0,
Participant,7_3,11_49_59,10.4110,0,2,0,10.41103,0.0000,0.0000,0.0000,0.0000,0.0000,0.0000,3.706765,3.714118,3.710442,,,,,,0,0,0,0,0,0,0,0,0,0,0,0,0,0,0,0,0,0,0,0,0,0,0,0,0,0,0,0,0,0,0,0,0,0,0,0,0,0,0,0,0,0,0,0,0,0,0,0,0,0,0,
Participant,7_3,11_49_59,10.4145,0,2,0,10.41446,0.0000,0.0000,0.0000,0.0000,0.0000,0.0000,3.718615,3.759045,3.73883,,,,,,0,0,0,0,0,0,0,0,0,0,0,0,0,0,0,0,0,0,0,0,0,0,0,0,0,0,0,0,0,0,0,0,0,0,0,0,0,0,0,0,0,0,0,0,0,0,0,0,0,0,0,
Participant,7_3,11_49_59,10.4178,0,2,0,10.41781,0.0000,0.0000,0.0000,0.0000,0.0000,0.0000,3.715955,3.712601,3.714278,,,,,,0,0,0,0,0,0,0,0,0,0,0,0,0,0,0,0,0,0,0,0,0,0,0,0,0,0,0,0,0,0,0,0,0,0,0,0,0,0,0,0,0,0,0,0,0,0,0,0,0,0,0,
Participant,7_3,11_49_59,10.4211,0,2,0,10.42112,0.0000,0.0000,0.0000,0.0000,0.0000,0.0000,3.734017,3.718362,3.72619,,,,,,0,0,0,0,0,0,0,0,0,0,0,0,0,0,0,0,0,0,0,0,0,0,0,0,0,0,0,0,0,0,0,0,0,0,0,0,0,0,0,0,0,0,0,0,0,0,0,0,0,0,0,
Participant,7_3,11_49_59,10.4247,0,2,0,10.42465,0.0000,0.0000,0.0000,0.0000,0.0000,0.0000,3.727512,3.754092,3.740802,,,,,,0,0,0,0,0,0,0,0,0,0,0,0,0,0,0,0,0,0,0,0,0,0,0,0,0,0,0,0,0,0,0,0,0,0,0,0,0,0,0,0,0,0,0,0,0,0,0,0,0,0,0,
Participant,7_3,11_49_59,10.4280,0,2,0,10.42803,0.0000,0.0000,0.0000,0.0000,0.0000,0.0000,3.743372,3.73086,3.737116,,,,,,0,0,0,0,0,0,0,0,0,0,0,0,0,0,0,0,0,0,0,0,0,0,0,0,0,0,0,0,0,0,0,0,0,0,0,0,0,0,0,0,0,0,0,0,0,0,0,0,0,0,0,
Participant,7_3,11_49_59,10.4313,0,2,0,10.43126,0.0000,0.0000,0.0000,0.0000,0.0000,0.0000,3.704443,3.714502,3.709472,,,,,,0,0,0,0,0,0,0,0,0,0,0,0,0,0,0,0,0,0,0,0,0,0,0,0,0,0,0,0,0,0,0,0,0,0,0,0,0,0,0,0,0,0,0,0,0,0,0,0,0,0,0,
Participant,7_3,11_49_59,10.4344,0,2,0,10.43443,0.0000,0.0000,0.0000,0.0000,0.0000,0.0000,3.697251,3.698171,3.697711,,,,,,0,0,0,0,0,0,0,0,0,0,0,0,0,0,0,0,0,0,0,0,0,0,0,0,0,0,0,0,0,0,0,0,0,0,0,0,0,0,0,0,0,0,0,0,0,0,0,0,0,0,0,
Participant,7_3,11_49_59,10.4377,0,2,0,10.43765,0.0000,0.0000,0.0000,0.0000,0.0000,0.0000,3.696208,3.73775,3.716979,,,,,,0,0,0,0,0,0,0,0,0,0,0,0,0,0,0,0,0,0,0,0,0,0,0,0,0,0,0,0,0,0,0,0,0,0,0,0,0,0,0,0,0,0,0,0,0,0,0,0,0,0,0,
Participant,7_3,11_49_59,10.4409,0,2,0,10.44087,0.0000,0.0000,0.0000,0.0000,0.0000,0.0000,3.723407,3.730772,3.727089,,,,,,0,0,0,0,0,0,0,0,0,0,0,0,0,0,0,0,0,0,0,0,0,0,0,0,0,0,0,0,0,0,0,0,0,0,0,0,0,0,0,0,0,0,0,0,0,0,0,0,0,0,0,
Participant,7_3,11_49_59,10.4447,0,2,0,10.44468,0.0000,0.0000,0.0000,0.0000,0.0000,0.0000,3.728277,3.707521,3.717899,,,,,,0,0,0,0,0,0,0,0,0,0,0,0,0,0,0,0,0,0,0,0,0,0,0,0,0,0,0,0,0,0,0,0,0,0,0,0,0,0,0,0,0,0,0,0,0,0,0,0,0,0,0,
Participant,7_3,11_49_59,10.4483,0,2,0,10.44827,0.0000,0.0000,0.0000,0.0000,0.0000,0.0000,3.718036,3.73489,3.726463,,,,,,0,0,0,0,0,0,0,0,0,0,0,0,0,0,0,0,0,0,0,0,0,0,0,0,0,0,0,0,0,0,0,0,0,0,0,0,0,0,0,0,0,0,0,0,0,0,0,0,0,0,0,
Participant,7_3,11_49_59,10.4515,0,2,0,10.45152,0.0000,0.0000,0.0000,0.0000,0.0000,0.0000,3.745334,3.747132,3.746233,,,,,,0,0,0,0,0,0,0,0,0,0,0,0,0,0,0,0,0,0,0,0,0,0,0,0,0,0,0,0,0,0,0,0,0,0,0,0,0,0,0,0,0,0,0,0,0,0,0,0,0,0,0,
Participant,7_3,11_49_59,10.4549,0,2,0,10.4549,0.0000,0.0000,0.0000,0.0000,0.0000,0.0000,3.707826,3.724014,3.71592,,,,,,0,0,0,0,0,0,0,0,0,0,0,0,0,0,0,0,0,0,0,0,0,0,0,0,0,0,0,0,0,0,0,0,0,0,0,0,0,0,0,0,0,0,0,0,0,0,0,0,0,0,0,
Participant,7_3,11_49_59,10.4581,0,2,0,10.45807,0.0000,0.0000,0.0000,0.0000,0.0000,0.0000,3.721785,3.73882,3.730303,,,,,,0,0,0,0,0,0,0,0,0,0,0,0,0,0,0,0,0,0,0,0,0,0,0,0,0,0,0,0,0,0,0,0,0,0,0,0,0,0,0,0,0,0,0,0,0,0,0,0,0,0,0,
Participant,7_3,11_49_59,10.4614,0,2,0,10.46138,0.0000,0.0000,0.0000,0.0000,0.0000,0.0000,3.740516,3.707242,3.723879,,,,,,0,0,0,0,0,0,0,0,0,0,0,0,0,0,0,0,0,0,0,0,0,0,0,0,0,0,0,0,0,0,0,0,0,0,0,0,0,0,0,0,0,0,0,0,0,0,0,0,0,0,0,
Participant,7_3,11_49_59,10.4648,0,2,0,10.46477,0.0000,0.0000,0.0000,0.0000,0.0000,0.0000,3.690796,3.735163,3.712979,,,,,,0,0,0,0,0,0,0,0,0,0,0,0,0,0,0,0,0,0,0,0,0,0,0,0,0,0,0,0,0,0,0,0,0,0,0,0,0,0,0,0,0,0,0,0,0,0,0,0,0,0,0,
Participant,7_3,11_49_59,10.4679,0,2,0,10.46793,0.0000,0.0000,0.0000,0.0000,0.0000,0.0000,3.705482,3.740494,3.722988,,,,,,0,0,0,0,0,0,0,0,0,0,0,0,0,0,0,0,0,0,0,0,0,0,0,0,0,0,0,0,0,0,0,0,0,0,0,0,0,0,0,0,0,0,0,0,0,0,0,0,0,0,0,
Participant,7_3,11_49_59,10.4712,0,2,0,10.4712,0.0000,0.0000,0.0000,0.0000,0.0000,0.0000,3.698253,3.703544,3.700899,,,,,,0,0,0,0,0,0,0,0,0,0,0,0,0,0,0,0,0,0,0,0,0,0,0,0,0,0,0,0,0,0,0,0,0,0,0,0,0,0,0,0,0,0,0,0,0,0,0,0,0,0,0,
Participant,7_3,11_49_59,10.4745,0,2,0,10.47451,0.0000,0.0000,0.0000,0.0000,0.0000,0.0000,3.711569,3.713027,3.712298,,,,,,0,0,0,0,0,0,0,0,0,0,0,0,0,0,0,0,0,0,0,0,0,0,0,0,0,0,0,0,0,0,0,0,0,0,0,0,0,0,0,0,0,0,0,0,0,0,0,0,0,0,0,
Participant,7_3,11_49_59,10.4903,0,2,0,10.4903,0.0000,0.0000,0.0000,0.0000,0.0000,0.0000,3.710359,3.720829,3.715594,,,,,,0,0,0,0,0,0,0,0,0,0,0,0,0,0,0,0,0,0,0,0,0,0,0,0,0,0,0,0,0,0,0,0,0,0,0,0,0,0,0,0,0,0,0,0,0,0,0,0,0,0,0,
Participant,7_3,11_49_59,10.4937,0,2,0,10.49373,0.0000,0.0000,0.0000,0.0000,0.0000,0.0000,3.728088,3.683247,3.705667,,,,,,0,0,0,0,0,0,0,0,0,0,0,0,0,0,0,0,0,0,0,0,0,0,0,0,0,0,0,0,0,0,0,0,0,0,0,0,0,0,0,0,0,0,0,0,0,0,0,0,0,0,0,
Participant,7_3,11_49_59,10.4969,0,2,0,10.49694,0.0000,0.0000,0.0000,0.0000,0.0000,0.0000,3.702985,3.732691,3.717838,,,,,,0,0,0,0,0,0,0,0,0,0,0,0,0,0,0,0,0,0,0,0,0,0,0,0,0,0,0,0,0,0,0,0,0,0,0,0,0,0,0,0,0,0,0,0,0,0,0,0,0,0,0,
Participant,7_3,11_49_59,10.5002,0,2,0,10.50023,0.0000,0.0000,0.0000,0.0000,0.0000,0.0000,3.706932,3.728698,3.717815,,,,,,0,0,0,0,0,0,0,0,0,0,0,0,0,0,0,0,0,0,0,0,0,0,0,0,0,0,0,0,0,0,0,0,0,0,0,0,0,0,0,0,0,0,0,0,0,0,0,0,0,0,0,
Participant,7_3,11_49_59,10.5037,0,2,0,10.50366,0.0000,0.0000,0.0000,0.0000,0.0000,0.0000,3.726105,3.710759,3.718432,,,,,,0,0,0,0,0,0,0,0,0,0,0,0,0,0,0,0,0,0,0,0,0,0,0,0,0,0,0,0,0,0,0,0,0,0,0,0,0,0,0,0,0,0,0,0,0,0,0,0,0,0,0,
Participant,7_3,11_49_59,10.5068,0,2,0,10.50684,0.0000,0.0000,0.0000,0.0000,0.0000,0.0000,3.725594,3.682873,3.704233,,,,,,0,0,0,0,0,0,0,0,0,0,0,0,0,0,0,0,0,0,0,0,0,0,0,0,0,0,0,0,0,0,0,0,0,0,0,0,0,0,0,0,0,0,0,0,0,0,0,0,0,0,0,
Participant,7_3,11_49_59,10.5100,0,2,0,10.51003,0.0000,0.0000,0.0000,0.0000,0.0000,0.0000,3.716834,3.685606,3.70122,,,,,,0,0,0,0,0,0,0,0,0,0,0,0,0,0,0,0,0,0,0,0,0,0,0,0,0,0,0,0,0,0,0,0,0,0,0,0,0,0,0,0,0,0,0,0,0,0,0,0,0,0,0,
Participant,7_3,11_49_59,10.5135,0,2,0,10.51346,0.0000,0.0000,0.0000,0.0000,0.0000,0.0000,3.69206,3.711418,3.701739,,,,,,0,0,0,0,0,0,0,0,0,0,0,0,0,0,0,0,0,0,0,0,0,0,0,0,0,0,0,0,0,0,0,0,0,0,0,0,0,0,0,0,0,0,0,0,0,0,0,0,0,0,0,
Participant,7_3,11_49_59,10.5171,0,2,0,10.51712,0.0000,0.0000,0.0000,0.0000,0.0000,0.0000,3.689346,3.702735,3.69604,,,,,,0,0,0,0,0,0,0,0,0,0,0,0,0,0,0,0,0,0,0,0,0,0,0,0,0,0,0,0,0,0,0,0,0,0,0,0,0,0,0,0,0,0,0,0,0,0,0,0,0,0,0,
Participant,7_3,11_49_59,10.5205,0,2,0,10.52046,0.0000,0.0000,0.0000,0.0000,0.0000,0.0000,3.679883,3.698811,3.689347,,,,,,0,0,0,0,0,0,0,0,0,0,0,0,0,0,0,0,0,0,0,0,0,0,0,0,0,0,0,0,0,0,0,0,0,0,0,0,0,0,0,0,0,0,0,0,0,0,0,0,0,0,0,
Participant,7_3,11_49_59,10.5240,0,2,0,10.52399,0.0000,0.0000,0.0000,0.0000,0.0000,0.0000,3.726375,3.696191,3.711283,,,,,,0,0,0,0,0,0,0,0,0,0,0,0,0,0,0,0,0,0,0,0,0,0,0,0,0,0,0,0,0,0,0,0,0,0,0,0,0,0,0,0,0,0,0,0,0,0,0,0,0,0,0,
Participant,7_3,11_49_59,10.5273,0,2,0,10.52732,0.0000,0.0000,0.0000,0.0000,0.0000,0.0000,3.687581,3.673986,3.680783,,,,,,0,0,0,0,0,0,0,0,0,0,0,0,0,0,0,0,0,0,0,0,0,0,0,0,0,0,0,0,0,0,0,0,0,0,0,0,0,0,0,0,0,0,0,0,0,0,0,0,0,0,0,
Participant,7_3,11_49_59,10.5306,0,2,0,10.53057,0.0000,0.0000,0.0000,0.0000,0.0000,0.0000,3.702989,3.724786,3.713887,,,,,,0,0,0,0,0,0,0,0,0,0,0,0,0,0,0,0,0,0,0,0,0,0,0,0,0,0,0,0,0,0,0,0,0,0,0,0,0,0,0,0,0,0,0,0,0,0,0,0,0,0,0,
Participant,7_3,11_49_59,10.5342,0,2,0,10.53422,0.0000,0.0000,0.0000,0.0000,0.0000,0.0000,3.69948,3.684973,3.692226,,,,,,0,0,0,0,0,0,0,0,0,0,0,0,0,0,0,0,0,0,0,0,0,0,0,0,0,0,0,0,0,0,0,0,0,0,0,0,0,0,0,0,0,0,0,0,0,0,0,0,0,0,0,
Participant,7_3,11_49_59,10.5376,0,2,0,10.5376,0.0000,0.0000,0.0000,0.0000,0.0000,0.0000,3.71232,3.7077,3.71001,,,,,,0,0,0,0,0,0,0,0,0,0,0,0,0,0,0,0,0,0,0,0,0,0,0,0,0,0,0,0,0,0,0,0,0,0,0,0,0,0,0,0,0,0,0,0,0,0,0,0,0,0,0,
Participant,7_3,11_49_59,10.5410,0,2,0,10.54095,0.0000,0.0000,0.0000,0.0000,0.0000,0.0000,3.690963,3.71866,3.704812,,,,,,0,0,0,0,0,0,0,0,0,0,0,0,0,0,0,0,0,0,0,0,0,0,0,0,0,0,0,0,0,0,0,0,0,0,0,0,0,0,0,0,0,0,0,0,0,0,0,0,0,0,0,
Participant,7_3,11_49_59,10.5444,0,2,0,10.54443,0.0000,0.0000,0.0000,0.0000,0.0000,0.0000,3.70344,3.716971,3.710206,,,,,,0,0,0,0,0,0,0,0,0,0,0,0,0,0,0,0,0,0,0,0,0,0,0,0,0,0,0,0,0,0,0,0,0,0,0,0,0,0,0,0,0,0,0,0,0,0,0,0,0,0,0,
Participant,7_3,11_49_59,10.5478,0,2,0,10.5478,0.0000,0.0000,0.0000,0.0000,0.0000,0.0000,3.66722,3.690701,3.678961,,,,,,0,0,0,0,0,0,0,0,0,0,0,0,0,0,0,0,0,0,0,0,0,0,0,0,0,0,0,0,0,0,0,0,0,0,0,0,0,0,0,0,0,0,0,0,0,0,0,0,0,0,0,
Participant,7_3,11_49_59,10.5510,0,2,0,10.55095,0.0000,0.0000,0.0000,0.0000,0.0000,0.0000,3.689465,3.685686,3.687575,,,,,,0,0,0,0,0,0,0,0,0,0,0,0,0,0,0,0,0,0,0,0,0,0,0,0,0,0,0,0,0,0,0,0,0,0,0,0,0,0,0,0,0,0,0,0,0,0,0,0,0,0,0,
Participant,7_3,11_49_59,10.5543,0,2,0,10.55426,0.0000,0.0000,0.0000,0.0000,0.0000,0.0000,3.665173,3.680295,3.672734,,,,,,0,0,0,0,0,0,0,0,0,0,0,0,0,0,0,0,0,0,0,0,0,0,0,0,0,0,0,0,0,0,0,0,0,0,0,0,0,0,0,0,0,0,0,0,0,0,0,0,0,0,0,
Participant,7_3,11_49_59,10.5576,0,2,0,10.5576,0.0000,0.0000,0.0000,0.0000,0.0000,0.0000,3.705865,3.68069,3.693277,,,,,,0,0,0,0,0,0,0,0,0,0,0,0,0,0,0,0,0,0,0,0,0,0,0,0,0,0,0,0,0,0,0,0,0,0,0,0,0,0,0,0,0,0,0,0,0,0,0,0,0,0,0,
Participant,7_3,11_49_59,10.5610,0,2,0,10.56098,0.0000,0.0000,0.0000,0.0000,0.0000,0.0000,3.702605,3.710883,3.706744,,,,,,0,0,0,0,0,0,0,0,0,0,0,0,0,0,0,0,0,0,0,0,0,0,0,0,0,0,0,0,0,0,0,0,0,0,0,0,0,0,0,0,0,0,0,0,0,0,0,0,0,0,0,
Participant,7_3,11_49_59,10.5644,0,2,0,10.56437,0.0000,0.0000,0.0000,0.0000,0.0000,0.0000,3.697918,3.701972,3.699945,,,,,,0,0,0,0,0,0,0,0,0,0,0,0,0,0,0,0,0,0,0,0,0,0,0,0,0,0,0,0,0,0,0,0,0,0,0,0,0,0,0,0,0,0,0,0,0,0,0,0,0,0,0,
Participant,7_3,11_49_59,10.5676,0,2,0,10.56755,0.0000,0.0000,0.0000,0.0000,0.0000,0.0000,3.692037,3.691294,3.691665,,,,,,0,0,0,0,0,0,0,0,0,0,0,0,0,0,0,0,0,0,0,0,0,0,0,0,0,0,0,0,0,0,0,0,0,0,0,0,0,0,0,0,0,0,0,0,0,0,0,0,0,0,0,
Participant,7_3,11_49_59,10.5710,0,2,0,10.57095,0.0000,0.0000,0.0000,0.0000,0.0000,0.0000,3.71244,3.679902,3.696171,,,,,,0,0,0,0,0,0,0,0,0,0,0,0,0,0,0,0,0,0,0,0,0,0,0,0,0,0,0,0,0,0,0,0,0,0,0,0,0,0,0,0,0,0,0,0,0,0,0,0,0,0,0,
Participant,7_3,11_49_59,10.5749,0,2,0,10.57493,0.0000,0.0000,0.0000,0.0000,0.0000,0.0000,3.662371,3.691383,3.676877,,,,,,0,0,0,0,0,0,0,0,0,0,0,0,0,0,0,0,0,0,0,0,0,0,0,0,0,0,0,0,0,0,0,0,0,0,0,0,0,0,0,0,0,0,0,0,0,0,0,0,0,0,0,
Participant,7_3,11_49_59,10.5787,0,2,0,10.57866,0.0000,0.0000,0.0000,0.0000,0.0000,0.0000,3.686867,3.677642,3.682255,,,,,,0,0,0,0,0,0,0,0,0,0,0,0,0,0,0,0,0,0,0,0,0,0,0,0,0,0,0,0,0,0,0,0,0,0,0,0,0,0,0,0,0,0,0,0,0,0,0,0,0,0,0,
Participant,7_3,11_49_59,10.5820,0,2,0,10.58199,0.0000,0.0000,0.0000,0.0000,0.0000,0.0000,3.687953,3.671938,3.679946,,,,,,0,0,0,0,0,0,0,0,0,0,0,0,0,0,0,0,0,0,0,0,0,0,0,0,0,0,0,0,0,0,0,0,0,0,0,0,0,0,0,0,0,0,0,0,0,0,0,0,0,0,0,
Participant,7_3,11_49_59,10.5855,0,2,0,10.5855,0.0000,0.0000,0.0000,0.0000,0.0000,0.0000,3.709387,3.705041,3.707214,,,,,,0,0,0,0,0,0,0,0,0,0,0,0,0,0,0,0,0,0,0,0,0,0,0,0,0,0,0,0,0,0,0,0,0,0,0,0,0,0,0,0,0,0,0,0,0,0,0,0,0,0,0,
Participant,7_3,11_49_59,10.5889,0,2,0,10.58894,0.0000,0.0000,0.0000,0.0000,0.0000,0.0000,3.653709,3.711202,3.682456,,,,,,0,0,0,0,0,0,0,0,0,0,0,0,0,0,0,0,0,0,0,0,0,0,0,0,0,0,0,0,0,0,0,0,0,0,0,0,0,0,0,0,0,0,0,0,0,0,0,0,0,0,0,
Participant,7_3,11_49_59,10.5923,0,2,0,10.59229,0.0000,0.0000,0.0000,0.0000,0.0000,0.0000,3.656009,3.658529,3.657269,,,,,,0,0,0,0,0,0,0,0,0,0,0,0,0,0,0,0,0,0,0,0,0,0,0,0,0,0,0,0,0,0,0,0,0,0,0,0,0,0,0,0,0,0,0,0,0,0,0,0,0,0,0,
Participant,7_3,11_49_59,10.5956,0,2,0,10.59564,0.0000,0.0000,0.0000,0.0000,0.0000,0.0000,3.705422,3.659692,3.682557,,,,,,0,0,0,0,0,0,0,0,0,0,0,0,0,0,0,0,0,0,0,0,0,0,0,0,0,0,0,0,0,0,0,0,0,0,0,0,0,0,0,0,0,0,0,0,0,0,0,0,0,0,0,
Participant,7_3,11_49_59,10.5989,0,2,0,10.59889,0.0000,0.0000,0.0000,0.0000,0.0000,0.0000,3.697655,3.703661,3.700658,,,,,,0,0,0,0,0,0,0,0,0,0,0,0,0,0,0,0,0,0,0,0,0,0,0,0,0,0,0,0,0,0,0,0,0,0,0,0,0,0,0,0,0,0,0,0,0,0,0,0,0,0,0,
Participant,7_3,11_49_59,10.6021,0,2,0,10.60205,0.0000,0.0000,0.0000,0.0000,0.0000,0.0000,3.699442,3.654853,3.677148,,,,,,0,0,0,0,0,0,0,0,0,0,0,0,0,0,0,0,0,0,0,0,0,0,0,0,0,0,0,0,0,0,0,0,0,0,0,0,0,0,0,0,0,0,0,0,0,0,0,0,0,0,0,
Participant,7_3,11_49_59,10.6054,0,2,0,10.60542,0.0000,0.0000,0.0000,0.0000,0.0000,0.0000,3.654287,3.657477,3.655882,,,,,,0,0,0,0,0,0,0,0,0,0,0,0,0,0,0,0,0,0,0,0,0,0,0,0,0,0,0,0,0,0,0,0,0,0,0,0,0,0,0,0,0,0,0,0,0,0,0,0,0,0,0,
Participant,7_3,11_49_59,10.6086,0,2,0,10.60864,0.0000,0.0000,0.0000,0.0000,0.0000,0.0000,3.655078,3.702167,3.678622,,,,,,0,0,0,0,0,0,0,0,0,0,0,0,0,0,0,0,0,0,0,0,0,0,0,0,0,0,0,0,0,0,0,0,0,0,0,0,0,0,0,0,0,0,0,0,0,0,0,0,0,0,0,
Participant,7_3,11_49_59,10.6121,0,2,0,10.61206,0.0000,0.0000,0.0000,0.0000,0.0000,0.0000,3.688899,3.668388,3.678643,,,,,,0,0,0,0,0,0,0,0,0,0,0,0,0,0,0,0,0,0,0,0,0,0,0,0,0,0,0,0,0,0,0,0,0,0,0,0,0,0,0,0,0,0,0,0,0,0,0,0,0,0,0,
Participant,7_3,11_49_59,10.6157,0,2,0,10.61565,0.0000,0.0000,0.0000,0.0000,0.0000,0.0000,3.649028,3.688437,3.668733,,,,,,0,0,0,0,0,0,0,0,0,0,0,0,0,0,0,0,0,0,0,0,0,0,0,0,0,0,0,0,0,0,0,0,0,0,0,0,0,0,0,0,0,0,0,0,0,0,0,0,0,0,0,
Participant,7_3,11_49_59,10.6193,0,2,0,10.61934,0.0000,0.0000,0.0000,0.0000,0.0000,0.0000,3.684199,3.674603,3.679401,,,,,,0,0,0,0,0,0,0,0,0,0,0,0,0,0,0,0,0,0,0,0,0,0,0,0,0,0,0,0,0,0,0,0,0,0,0,0,0,0,0,0,0,0,0,0,0,0,0,0,0,0,0,
Participant,7_3,11_49_59,10.6229,0,2,0,10.62291,0.0000,0.0000,0.0000,0.0000,0.0000,0.0000,3.641754,3.685916,3.663835,,,,,,0,0,0,0,0,0,0,0,0,0,0,0,0,0,0,0,0,0,0,0,0,0,0,0,0,0,0,0,0,0,0,0,0,0,0,0,0,0,0,0,0,0,0,0,0,0,0,0,0,0,0,
Participant,7_3,11_49_59,10.6337,0,2,0,10.63368,0.0000,0.0000,0.0000,0.0000,0.0000,0.0000,3.694052,3.638706,3.666379,,,,,,0,0,0,0,0,0,0,0,0,0,0,0,0,0,0,0,0,0,0,0,0,0,0,0,0,0,0,0,0,0,0,0,0,0,0,0,0,0,0,0,0,0,0,0,0,0,0,0,0,0,0,
Participant,7_3,11_49_59,10.6372,0,2,0,10.63724,0.0000,0.0000,0.0000,0.0000,0.0000,0.0000,3.679513,3.643903,3.661708,,,,,,0,0,0,0,0,0,0,0,0,0,0,0,0,0,0,0,0,0,0,0,0,0,0,0,0,0,0,0,0,0,0,0,0,0,0,0,0,0,0,0,0,0,0,0,0,0,0,0,0,0,0,
Participant,7_3,11_49_59,10.6407,0,2,0,10.64066,0.0000,0.0000,0.0000,0.0000,0.0000,0.0000,3.687528,3.638578,3.663053,,,,,,0,0,0,0,0,0,0,0,0,0,0,0,0,0,0,0,0,0,0,0,0,0,0,0,0,0,0,0,0,0,0,0,0,0,0,0,0,0,0,0,0,0,0,0,0,0,0,0,0,0,0,
Participant,7_3,11_49_59,10.6442,0,2,0,10.64423,0.0000,0.0000,0.0000,0.0000,0.0000,0.0000,3.639327,3.667991,3.653659,,,,,,0,0,0,0,0,0,0,0,0,0,0,0,0,0,0,0,0,0,0,0,0,0,0,0,0,0,0,0,0,0,0,0,0,0,0,0,0,0,0,0,0,0,0,0,0,0,0,0,0,0,0,
Participant,7_3,11_49_59,10.6477,0,2,0,10.64772,0.0000,0.0000,0.0000,0.0000,0.0000,0.0000,3.675167,3.641527,3.658347,,,,,,0,0,0,0,0,0,0,0,0,0,0,0,0,0,0,0,0,0,0,0,0,0,0,0,0,0,0,0,0,0,0,0,0,0,0,0,0,0,0,0,0,0,0,0,0,0,0,0,0,0,0,
Participant,7_3,11_49_59,10.6510,0,2,0,10.65101,0.0000,0.0000,0.0000,0.0000,0.0000,0.0000,3.653361,3.648032,3.650697,,,,,,0,0,0,0,0,0,0,0,0,0,0,0,0,0,0,0,0,0,0,0,0,0,0,0,0,0,0,0,0,0,0,0,0,0,0,0,0,0,0,0,0,0,0,0,0,0,0,0,0,0,0,
Participant,7_3,11_49_59,10.6544,0,2,0,10.65435,0.0000,0.0000,0.0000,0.0000,0.0000,0.0000,3.659422,3.633723,3.646573,,,,,,0,0,0,0,0,0,0,0,0,0,0,0,0,0,0,0,0,0,0,0,0,0,0,0,0,0,0,0,0,0,0,0,0,0,0,0,0,0,0,0,0,0,0,0,0,0,0,0,0,0,0,
Participant,7_3,11_49_59,10.6577,0,2,0,10.65769,0.0000,0.0000,0.0000,0.0000,0.0000,0.0000,3.648888,3.633384,3.641136,,,,,,0,0,0,0,0,0,0,0,0,0,0,0,0,0,0,0,0,0,0,0,0,0,0,0,0,0,0,0,0,0,0,0,0,0,0,0,0,0,0,0,0,0,0,0,0,0,0,0,0,0,0,
Participant,7_3,11_49_59,10.6612,0,2,0,10.66118,0.0000,0.0000,0.0000,0.0000,0.0000,0.0000,3.663141,3.659131,3.661136,,,,,,0,0,0,0,0,0,0,0,0,0,0,0,0,0,0,0,0,0,0,0,0,0,0,0,0,0,0,0,0,0,0,0,0,0,0,0,0,0,0,0,0,0,0,0,0,0,0,0,0,0,0,
Participant,7_3,11_49_59,10.6647,0,2,0,10.66466,0.0000,0.0000,0.0000,0.0000,0.0000,0.0000,3.66734,3.6353,3.65132,,,,,,0,0,0,0,0,0,0,0,0,0,0,0,0,0,0,0,0,0,0,0,0,0,0,0,0,0,0,0,0,0,0,0,0,0,0,0,0,0,0,0,0,0,0,0,0,0,0,0,0,0,0,
Participant,7_3,11_49_59,10.6679,0,2,0,10.66785,0.0000,0.0000,0.0000,0.0000,0.0000,0.0000,3.667316,3.623015,3.645165,,,,,,0,0,0,0,0,0,0,0,0,0,0,0,0,0,0,0,0,0,0,0,0,0,0,0,0,0,0,0,0,0,0,0,0,0,0,0,0,0,0,0,0,0,0,0,0,0,0,0,0,0,0,
Participant,7_3,11_49_59,10.6710,0,2,0,10.671,0.0000,0.0000,0.0000,0.0000,0.0000,0.0000,3.635918,3.648876,3.642397,,,,,,0,0,0,0,0,0,0,0,0,0,0,0,0,0,0,0,0,0,0,0,0,0,0,0,0,0,0,0,0,0,0,0,0,0,0,0,0,0,0,0,0,0,0,0,0,0,0,0,0,0,0,
Participant,7_3,11_49_59,10.6742,0,2,0,10.67416,0.0000,0.0000,0.0000,0.0000,0.0000,0.0000,3.63545,3.665685,3.650568,,,,,,0,0,0,0,0,0,0,0,0,0,0,0,0,0,0,0,0,0,0,0,0,0,0,0,0,0,0,0,0,0,0,0,0,0,0,0,0,0,0,0,0,0,0,0,0,0,0,0,0,0,0,
Participant,7_3,11_49_59,10.6774,0,2,0,10.67739,0.0000,0.0000,0.0000,0.0000,0.0000,0.0000,3.66697,3.649446,3.658208,,,,,,0,0,0,0,0,0,0,0,0,0,0,0,0,0,0,0,0,0,0,0,0,0,0,0,0,0,0,0,0,0,0,0,0,0,0,0,0,0,0,0,0,0,0,0,0,0,0,0,0,0,0,
Participant,7_3,11_49_59,10.6942,0,2,0,10.69421,0.0000,0.0000,0.0000,0.0000,0.0000,0.0000,3.664218,3.62487,3.644544,,,,,,0,0,0,0,0,0,0,0,0,0,0,0,0,0,0,0,0,0,0,0,0,0,0,0,0,0,0,0,0,0,0,0,0,0,0,0,0,0,0,0,0,0,0,0,0,0,0,0,0,0,0,
Participant,7_3,11_49_59,10.6976,0,2,0,10.69759,0.0000,0.0000,0.0000,0.0000,0.0000,0.0000,3.644117,3.663923,3.65402,,,,,,0,0,0,0,0,0,0,0,0,0,0,0,0,0,0,0,0,0,0,0,0,0,0,0,0,0,0,0,0,0,0,0,0,0,0,0,0,0,0,0,0,0,0,0,0,0,0,0,0,0,0,
Participant,7_3,11_49_59,10.7012,0,2,0,10.70124,0.0000,0.0000,0.0000,0.0000,0.0000,0.0000,3.661482,3.668438,3.66496,,,,,,0,0,0,0,0,0,0,0,0,0,0,0,0,0,0,0,0,0,0,0,0,0,0,0,0,0,0,0,0,0,0,0,0,0,0,0,0,0,0,0,0,0,0,0,0,0,0,0,0,0,0,
Participant,7_3,11_49_59,10.7047,0,2,0,10.70466,0.0000,0.0000,0.0000,0.0000,0.0000,0.0000,3.663072,3.618394,3.640733,,,,,,0,0,0,0,0,0,0,0,0,0,0,0,0,0,0,0,0,0,0,0,0,0,0,0,0,0,0,0,0,0,0,0,0,0,0,0,0,0,0,0,0,0,0,0,0,0,0,0,0,0,0,
Participant,7_3,11_49_59,10.7079,0,2,0,10.7079,0.0000,0.0000,0.0000,0.0000,0.0000,0.0000,3.625048,3.644659,3.634854,,,,,,0,0,0,0,0,0,0,0,0,0,0,0,0,0,0,0,0,0,0,0,0,0,0,0,0,0,0,0,0,0,0,0,0,0,0,0,0,0,0,0,0,0,0,0,0,0,0,0,0,0,0,
Participant,7_3,11_49_59,10.7112,0,2,0,10.71123,0.0000,0.0000,0.0000,0.0000,0.0000,0.0000,3.664608,3.607628,3.636118,,,,,,0,0,0,0,0,0,0,0,0,0,0,0,0,0,0,0,0,0,0,0,0,0,0,0,0,0,0,0,0,0,0,0,0,0,0,0,0,0,0,0,0,0,0,0,0,0,0,0,0,0,0,
Participant,7_3,11_49_59,10.7147,0,2,0,10.71466,0.0000,0.0000,0.0000,0.0000,0.0000,0.0000,3.638975,3.631732,3.635353,,,,,,0,0,0,0,0,0,0,0,0,0,0,0,0,0,0,0,0,0,0,0,0,0,0,0,0,0,0,0,0,0,0,0,0,0,0,0,0,0,0,0,0,0,0,0,0,0,0,0,0,0,0,
Participant,7_3,11_49_59,10.7180,0,2,0,10.71803,0.0000,0.0000,0.0000,0.0000,0.0000,0.0000,3.619353,3.608107,3.61373,,,,,,0,0,0,0,0,0,0,0,0,0,0,0,0,0,0,0,0,0,0,0,0,0,0,0,0,0,0,0,0,0,0,0,0,0,0,0,0,0,0,0,0,0,0,0,0,0,0,0,0,0,0,
Participant,7_3,11_49_59,10.7214,0,2,0,10.72139,0.0000,0.0000,0.0000,0.0000,0.0000,0.0000,3.619137,3.602108,3.610622,,,,,,0,0,0,0,0,0,0,0,0,0,0,0,0,0,0,0,0,0,0,0,0,0,0,0,0,0,0,0,0,0,0,0,0,0,0,0,0,0,0,0,0,0,0,0,0,0,0,0,0,0,0,
Participant,7_3,11_49_59,10.7253,0,2,0,10.72532,0.0000,0.0000,0.0000,0.0000,0.0000,0.0000,3.646489,3.633062,3.639776,,,,,,0,0,0,0,0,0,0,0,0,0,0,0,0,0,0,0,0,0,0,0,0,0,0,0,0,0,0,0,0,0,0,0,0,0,0,0,0,0,0,0,0,0,0,0,0,0,0,0,0,0,0,
Participant,7_3,11_49_59,10.7286,0,2,0,10.72855,0.0000,0.0000,0.0000,0.0000,0.0000,0.0000,3.623568,3.651159,3.637363,,,,,,0,0,0,0,0,0,0,0,0,0,0,0,0,0,0,0,0,0,0,0,0,0,0,0,0,0,0,0,0,0,0,0,0,0,0,0,0,0,0,0,0,0,0,0,0,0,0,0,0,0,0,
Participant,7_3,11_49_59,10.7323,0,2,0,10.73233,0.0000,0.0000,0.0000,0.0000,0.0000,0.0000,3.605101,3.604737,3.604919,,,,,,0,0,0,0,0,0,0,0,0,0,0,0,0,0,0,0,0,0,0,0,0,0,0,0,0,0,0,0,0,0,0,0,0,0,0,0,0,0,0,0,0,0,0,0,0,0,0,0,0,0,0,
Participant,7_3,11_49_59,10.7356,0,2,0,10.73562,0.0000,0.0000,0.0000,0.0000,0.0000,0.0000,3.626219,3.63373,3.629975,,,,,,0,0,0,0,0,0,0,0,0,0,0,0,0,0,0,0,0,0,0,0,0,0,0,0,0,0,0,0,0,0,0,0,0,0,0,0,0,0,0,0,0,0,0,0,0,0,0,0,0,0,0,
Participant,7_3,11_49_59,10.7388,0,2,0,10.73882,0.0000,0.0000,0.0000,0.0000,0.0000,0.0000,3.623987,3.651347,3.637667,,,,,,0,0,0,0,0,0,0,0,0,0,0,0,0,0,0,0,0,0,0,0,0,0,0,0,0,0,0,0,0,0,0,0,0,0,0,0,0,0,0,0,0,0,0,0,0,0,0,0,0,0,0,
Participant,7_3,11_49_59,10.7421,0,2,0,10.74212,0.0000,0.0000,0.0000,0.0000,0.0000,0.0000,3.618376,3.620437,3.619406,,,,,,0,0,0,0,0,0,0,0,0,0,0,0,0,0,0,0,0,0,0,0,0,0,0,0,0,0,0,0,0,0,0,0,0,0,0,0,0,0,0,0,0,0,0,0,0,0,0,0,0,0,0,
Participant,7_3,11_49_59,10.7456,0,2,0,10.74564,0.0000,0.0000,0.0000,0.0000,0.0000,0.0000,3.60318,3.623892,3.613536,,,,,,0,0,0,0,0,0,0,0,0,0,0,0,0,0,0,0,0,0,0,0,0,0,0,0,0,0,0,0,0,0,0,0,0,0,0,0,0,0,0,0,0,0,0,0,0,0,0,0,0,0,0,
Participant,7_3,11_49_59,10.7492,0,2,0,10.7492,0.0000,0.0000,0.0000,0.0000,0.0000,0.0000,3.637529,3.64527,3.6414,,,,,,0,0,0,0,0,0,0,0,0,0,0,0,0,0,0,0,0,0,0,0,0,0,0,0,0,0,0,0,0,0,0,0,0,0,0,0,0,0,0,0,0,0,0,0,0,0,0,0,0,0,0,
Participant,7_3,11_49_59,10.7526,0,2,0,10.75259,0.0000,0.0000,0.0000,0.0000,0.0000,0.0000,3.637954,3.607247,3.6226,,,,,,0,0,0,0,0,0,0,0,0,0,0,0,0,0,0,0,0,0,0,0,0,0,0,0,0,0,0,0,0,0,0,0,0,0,0,0,0,0,0,0,0,0,0,0,0,0,0,0,0,0,0,
Participant,7_3,11_49_59,10.7558,0,2,0,10.75579,0.0000,0.0000,0.0000,0.0000,0.0000,0.0000,3.609773,3.611899,3.610836,,,,,,0,0,0,0,0,0,0,0,0,0,0,0,0,0,0,0,0,0,0,0,0,0,0,0,0,0,0,0,0,0,0,0,0,0,0,0,0,0,0,0,0,0,0,0,0,0,0,0,0,0,0,
Participant,7_3,11_49_59,10.7592,0,2,0,10.75919,0.0000,0.0000,0.0000,0.0000,0.0000,0.0000,3.605553,3.588913,3.597233,,,,,,0,0,0,0,0,0,0,0,0,0,0,0,0,0,0,0,0,0,0,0,0,0,0,0,0,0,0,0,0,0,0,0,0,0,0,0,0,0,0,0,0,0,0,0,0,0,0,0,0,0,0,
Participant,7_3,11_49_59,10.7624,0,2,0,10.76236,0.0000,0.0000,0.0000,0.0000,0.0000,0.0000,3.608264,3.5856,3.596932,,,,,,0,0,0,0,0,0,0,0,0,0,0,0,0,0,0,0,0,0,0,0,0,0,0,0,0,0,0,0,0,0,0,0,0,0,0,0,0,0,0,0,0,0,0,0,0,0,0,0,0,0,0,
Participant,7_3,11_49_59,10.7659,0,2,0,10.76594,0.0000,0.0000,0.0000,0.0000,0.0000,0.0000,3.616494,3.585973,3.601233,,,,,,0,0,0,0,0,0,0,0,0,0,0,0,0,0,0,0,0,0,0,0,0,0,0,0,0,0,0,0,0,0,0,0,0,0,0,0,0,0,0,0,0,0,0,0,0,0,0,0,0,0,0,
Participant,7_3,11_49_59,10.7750,0,2,0,10.77502,0.0000,0.0000,0.0000,0.0000,0.0000,0.0000,3.618923,3.597901,3.608412,,,,,,0,0,0,0,0,0,0,0,0,0,0,0,0,0,0,0,0,0,0,0,0,0,0,0,0,0,0,0,0,0,0,0,0,0,0,0,0,0,0,0,0,0,0,0,0,0,0,0,0,0,0,
Participant,7_3,11_49_59,10.7785,0,2,0,10.77845,0.0000,0.0000,0.0000,0.0000,0.0000,0.0000,3.60781,3.590645,3.599227,,,,,,0,0,0,0,0,0,0,0,0,0,0,0,0,0,0,0,0,0,0,0,0,0,0,0,0,0,0,0,0,0,0,0,0,0,0,0,0,0,0,0,0,0,0,0,0,0,0,0,0,0,0,
Participant,7_3,11_49_59,10.7819,0,2,0,10.78187,0.0000,0.0000,0.0000,0.0000,0.0000,0.0000,3.630082,3.627265,3.628673,,,,,,0,0,0,0,0,0,0,0,0,0,0,0,0,0,0,0,0,0,0,0,0,0,0,0,0,0,0,0,0,0,0,0,0,0,0,0,0,0,0,0,0,0,0,0,0,0,0,0,0,0,0,
Participant,7_3,11_49_59,10.7853,0,2,0,10.78529,0.0000,0.0000,0.0000,0.0000,0.0000,0.0000,3.611889,3.572272,3.592081,,,,,,0,0,0,0,0,0,0,0,0,0,0,0,0,0,0,0,0,0,0,0,0,0,0,0,0,0,0,0,0,0,0,0,0,0,0,0,0,0,0,0,0,0,0,0,0,0,0,0,0,0,0,
Participant,7_3,11_49_59,10.7886,0,2,0,10.78855,0.0000,0.0000,0.0000,0.0000,0.0000,0.0000,3.592779,3.615704,3.604242,,,,,,0,0,0,0,0,0,0,0,0,0,0,0,0,0,0,0,0,0,0,0,0,0,0,0,0,0,0,0,0,0,0,0,0,0,0,0,0,0,0,0,0,0,0,0,0,0,0,0,0,0,0,
Participant,7_3,11_49_59,10.7920,0,2,0,10.79198,0.0000,0.0000,0.0000,0.0000,0.0000,0.0000,3.601892,3.614612,3.608252,,,,,,0,0,0,0,0,0,0,0,0,0,0,0,0,0,0,0,0,0,0,0,0,0,0,0,0,0,0,0,0,0,0,0,0,0,0,0,0,0,0,0,0,0,0,0,0,0,0,0,0,0,0,
Participant,7_3,11_49_59,10.7957,0,2,0,10.79568,0.0000,0.0000,0.0000,0.0000,0.0000,0.0000,3.58095,3.624996,3.602973,,,,,,0,0,0,0,0,0,0,0,0,0,0,0,0,0,0,0,0,0,0,0,0,0,0,0,0,0,0,0,0,0,0,0,0,0,0,0,0,0,0,0,0,0,0,0,0,0,0,0,0,0,0,
Participant,7_3,11_49_59,10.7992,0,2,0,10.7992,0.0000,0.0000,0.0000,0.0000,0.0000,0.0000,3.59265,3.585559,3.589104,,,,,,0,0,0,0,0,0,0,0,0,0,0,0,0,0,0,0,0,0,0,0,0,0,0,0,0,0,0,0,0,0,0,0,0,0,0,0,0,0,0,0,0,0,0,0,0,0,0,0,0,0,0,
Participant,7_3,11_49_59,10.8026,0,2,0,10.80255,0.0000,0.0000,0.0000,0.0000,0.0000,0.0000,3.586519,3.581138,3.583828,,,,,,0,0,0,0,0,0,0,0,0,0,0,0,0,0,0,0,0,0,0,0,0,0,0,0,0,0,0,0,0,0,0,0,0,0,0,0,0,0,0,0,0,0,0,0,0,0,0,0,0,0,0,
Participant,7_3,11_49_59,10.8062,0,2,0,10.80619,0.0000,0.0000,0.0000,0.0000,0.0000,0.0000,3.613413,3.621879,3.617646,,,,,,0,0,0,0,0,0,0,0,0,0,0,0,0,0,0,0,0,0,0,0,0,0,0,0,0,0,0,0,0,0,0,0,0,0,0,0,0,0,0,0,0,0,0,0,0,0,0,0,0,0,0,
Participant,7_3,11_49_59,10.8097,0,2,0,10.80965,0.0000,0.0000,0.0000,0.0000,0.0000,0.0000,3.582317,3.574775,3.578546,,,,,,0,0,0,0,0,0,0,0,0,0,0,0,0,0,0,0,0,0,0,0,0,0,0,0,0,0,0,0,0,0,0,0,0,0,0,0,0,0,0,0,0,0,0,0,0,0,0,0,0,0,0,
Participant,7_3,11_49_59,10.8130,0,2,0,10.813,0.0000,0.0000,0.0000,0.0000,0.0000,0.0000,3.584145,3.573872,3.579009,,,,,,0,0,0,0,0,0,0,0,0,0,0,0,0,0,0,0,0,0,0,0,0,0,0,0,0,0,0,0,0,0,0,0,0,0,0,0,0,0,0,0,0,0,0,0,0,0,0,0,0,0,0,
Participant,7_3,11_49_59,10.8166,0,2,0,10.81662,0.0000,0.0000,0.0000,0.0000,0.0000,0.0000,3.598222,3.580294,3.589258,,,,,,0,0,0,0,0,0,0,0,0,0,0,0,0,0,0,0,0,0,0,0,0,0,0,0,0,0,0,0,0,0,0,0,0,0,0,0,0,0,0,0,0,0,0,0,0,0,0,0,0,0,0,
Participant,7_3,11_49_59,10.8199,0,2,0,10.81989,0.0000,0.0000,0.0000,0.0000,0.0000,0.0000,3.56284,3.576666,3.569753,,,,,,0,0,0,0,0,0,0,0,0,0,0,0,0,0,0,0,0,0,0,0,0,0,0,0,0,0,0,0,0,0,0,0,0,0,0,0,0,0,0,0,0,0,0,0,0,0,0,0,0,0,0,
Participant,7_3,11_49_59,10.8232,0,2,0,10.82324,0.0000,0.0000,0.0000,0.0000,0.0000,0.0000,3.61148,3.592624,3.602052,,,,,,0,0,0,0,0,0,0,0,0,0,0,0,0,0,0,0,0,0,0,0,0,0,0,0,0,0,0,0,0,0,0,0,0,0,0,0,0,0,0,0,0,0,0,0,0,0,0,0,0,0,0,
Participant,7_3,11_49_59,10.8268,0,2,0,10.82681,0.0000,0.0000,0.0000,0.0000,0.0000,0.0000,3.567441,3.597453,3.582447,,,,,,0,0,0,0,0,0,0,0,0,0,0,0,0,0,0,0,0,0,0,0,0,0,0,0,0,0,0,0,0,0,0,0,0,0,0,0,0,0,0,0,0,0,0,0,0,0,0,0,0,0,0,
Participant,7_3,11_49_59,10.8300,0,2,0,10.82998,0.0000,0.0000,0.0000,0.0000,0.0000,0.0000,3.594495,3.595092,3.594793,,,,,,0,0,0,0,0,0,0,0,0,0,0,0,0,0,0,0,0,0,0,0,0,0,0,0,0,0,0,0,0,0,0,0,0,0,0,0,0,0,0,0,0,0,0,0,0,0,0,0,0,0,0,
Participant,7_3,11_49_59,10.8332,0,2,0,10.83317,0.0000,0.0000,0.0000,0.0000,0.0000,0.0000,3.604675,3.588711,3.596693,,,,,,0,0,0,0,0,0,0,0,0,0,0,0,0,0,0,0,0,0,0,0,0,0,0,0,0,0,0,0,0,0,0,0,0,0,0,0,0,0,0,0,0,0,0,0,0,0,0,0,0,0,0,
Participant,7_3,11_49_59,10.8364,0,2,0,10.83643,0.0000,0.0000,0.0000,0.0000,0.0000,0.0000,3.606135,3.601096,3.603616,,,,,,0,0,0,0,0,0,0,0,0,0,0,0,0,0,0,0,0,0,0,0,0,0,0,0,0,0,0,0,0,0,0,0,0,0,0,0,0,0,0,0,0,0,0,0,0,0,0,0,0,0,0,
Participant,7_3,11_49_59,10.8397,0,2,0,10.83974,0.0000,0.0000,0.0000,0.0000,0.0000,0.0000,3.602117,3.593909,3.598013,,,,,,0,0,0,0,0,0,0,0,0,0,0,0,0,0,0,0,0,0,0,0,0,0,0,0,0,0,0,0,0,0,0,0,0,0,0,0,0,0,0,0,0,0,0,0,0,0,0,0,0,0,0,
Participant,7_3,11_49_59,10.8429,0,2,0,10.84289,0.0000,0.0000,0.0000,0.0000,0.0000,0.0000,3.59974,3.592812,3.596276,,,,,,0,0,0,0,0,0,0,0,0,0,0,0,0,0,0,0,0,0,0,0,0,0,0,0,0,0,0,0,0,0,0,0,0,0,0,0,0,0,0,0,0,0,0,0,0,0,0,0,0,0,0,
Participant,7_3,11_49_59,10.8468,0,2,0,10.8468,0.0000,0.0000,0.0000,0.0000,0.0000,0.0000,3.57296,3.593585,3.583272,,,,,,0,0,0,0,0,0,0,0,0,0,0,0,0,0,0,0,0,0,0,0,0,0,0,0,0,0,0,0,0,0,0,0,0,0,0,0,0,0,0,0,0,0,0,0,0,0,0,0,0,0,0,
Participant,7_3,11_49_59,10.8507,0,2,0,10.85066,0.0000,0.0000,0.0000,0.0000,0.0000,0.0000,3.568036,3.596489,3.582263,,,,,,0,0,0,0,0,0,0,0,0,0,0,0,0,0,0,0,0,0,0,0,0,0,0,0,0,0,0,0,0,0,0,0,0,0,0,0,0,0,0,0,0,0,0,0,0,0,0,0,0,0,0,
Participant,7_3,11_49_59,10.8539,0,2,0,10.85387,0.0000,0.0000,0.0000,0.0000,0.0000,0.0000,3.597938,3.592321,3.595129,,,,,,0,0,0,0,0,0,0,0,0,0,0,0,0,0,0,0,0,0,0,0,0,0,0,0,0,0,0,0,0,0,0,0,0,0,0,0,0,0,0,0,0,0,0,0,0,0,0,0,0,0,0,
Participant,7_3,11_49_59,10.8571,0,2,0,10.85705,0.0000,0.0000,0.0000,0.0000,0.0000,0.0000,3.541806,3.566298,3.554052,,,,,,0,0,0,0,0,0,0,0,0,0,0,0,0,0,0,0,0,0,0,0,0,0,0,0,0,0,0,0,0,0,0,0,0,0,0,0,0,0,0,0,0,0,0,0,0,0,0,0,0,0,0,
Participant,7_3,11_49_59,10.8603,0,2,0,10.86028,0.0000,0.0000,0.0000,0.0000,0.0000,0.0000,3.557225,3.568866,3.563046,,,,,,0,0,0,0,0,0,0,0,0,0,0,0,0,0,0,0,0,0,0,0,0,0,0,0,0,0,0,0,0,0,0,0,0,0,0,0,0,0,0,0,0,0,0,0,0,0,0,0,0,0,0,
Participant,7_3,11_49_59,10.8641,0,2,0,10.86406,0.0000,0.0000,0.0000,0.0000,0.0000,0.0000,3.585896,3.541264,3.56358,,,,,,0,0,0,0,0,0,0,0,0,0,0,0,0,0,0,0,0,0,0,0,0,0,0,0,0,0,0,0,0,0,0,0,0,0,0,0,0,0,0,0,0,0,0,0,0,0,0,0,0,0,0,
Participant,7_3,11_49_59,10.8673,0,2,0,10.86727,0.0000,0.0000,0.0000,0.0000,0.0000,0.0000,3.562261,3.565373,3.563817,,,,,,0,0,0,0,0,0,0,0,0,0,0,0,0,0,0,0,0,0,0,0,0,0,0,0,0,0,0,0,0,0,0,0,0,0,0,0,0,0,0,0,0,0,0,0,0,0,0,0,0,0,0,
Participant,7_3,11_49_59,10.8705,0,2,0,10.87048,0.0000,0.0000,0.0000,0.0000,0.0000,0.0000,3.589098,3.566237,3.577668,,,,,,0,0,0,0,0,0,0,0,0,0,0,0,0,0,0,0,0,0,0,0,0,0,0,0,0,0,0,0,0,0,0,0,0,0,0,0,0,0,0,0,0,0,0,0,0,0,0,0,0,0,0,
Participant,7_3,11_49_59,10.8737,0,2,0,10.87366,0.0000,0.0000,0.0000,0.0000,0.0000,0.0000,3.541154,3.56388,3.552517,,,,,,0,0,0,0,0,0,0,0,0,0,0,0,0,0,0,0,0,0,0,0,0,0,0,0,0,0,0,0,0,0,0,0,0,0,0,0,0,0,0,0,0,0,0,0,0,0,0,0,0,0,0,
Participant,7_3,11_49_59,10.8768,0,2,0,10.87683,0.0000,0.0000,0.0000,0.0000,0.0000,0.0000,3.575143,3.554417,3.56478,,,,,,0,0,0,0,0,0,0,0,0,0,0,0,0,0,0,0,0,0,0,0,0,0,0,0,0,0,0,0,0,0,0,0,0,0,0,0,0,0,0,0,0,0,0,0,0,0,0,0,0,0,0,
Participant,7_3,11_49_59,10.8800,0,2,0,10.88004,0.0000,0.0000,0.0000,0.0000,0.0000,0.0000,3.557796,3.564917,3.561357,,,,,,0,0,0,0,0,0,0,0,0,0,0,0,0,0,0,0,0,0,0,0,0,0,0,0,0,0,0,0,0,0,0,0,0,0,0,0,0,0,0,0,0,0,0,0,0,0,0,0,0,0,0,
Participant,7_3,11_49_59,10.8977,0,2,0,10.8977,0.0000,0.0000,0.0000,0.0000,0.0000,0.0000,3.534491,3.577468,3.55598,,,,,,0,0,0,0,0,0,0,0,0,0,0,0,0,0,0,0,0,0,0,0,0,0,0,0,0,0,0,0,0,0,0,0,0,0,0,0,0,0,0,0,0,0,0,0,0,0,0,0,0,0,0,
Participant,7_3,11_49_59,10.9011,0,2,0,10.90105,0.0000,0.0000,0.0000,0.0000,0.0000,0.0000,3.527475,3.562585,3.54503,,,,,,0,0,0,0,0,0,0,0,0,0,0,0,0,0,0,0,0,0,0,0,0,0,0,0,0,0,0,0,0,0,0,0,0,0,0,0,0,0,0,0,0,0,0,0,0,0,0,0,0,0,0,
Participant,7_3,11_49_59,10.9045,0,2,0,10.90445,0.0000,0.0000,0.0000,0.0000,0.0000,0.0000,3.559493,3.557131,3.558312,,,,,,0,0,0,0,0,0,0,0,0,0,0,0,0,0,0,0,0,0,0,0,0,0,0,0,0,0,0,0,0,0,0,0,0,0,0,0,0,0,0,0,0,0,0,0,0,0,0,0,0,0,0,
Participant,7_3,11_49_59,10.9076,0,2,0,10.90764,0.0000,0.0000,0.0000,0.0000,0.0000,0.0000,3.533589,3.539255,3.536422,,,,,,0,0,0,0,0,0,0,0,0,0,0,0,0,0,0,0,0,0,0,0,0,0,0,0,0,0,0,0,0,0,0,0,0,0,0,0,0,0,0,0,0,0,0,0,0,0,0,0,0,0,0,
Participant,7_3,11_49_59,10.9109,0,2,0,10.91086,0.0000,0.0000,0.0000,0.0000,0.0000,0.0000,3.569158,3.561684,3.565421,,,,,,0,0,0,0,0,0,0,0,0,0,0,0,0,0,0,0,0,0,0,0,0,0,0,0,0,0,0,0,0,0,0,0,0,0,0,0,0,0,0,0,0,0,0,0,0,0,0,0,0,0,0,
Participant,7_3,11_49_59,10.9143,0,2,0,10.91426,0.0000,0.0000,0.0000,0.0000,0.0000,0.0000,3.56238,3.516179,3.539279,,,,,,0,0,0,0,0,0,0,0,0,0,0,0,0,0,0,0,0,0,0,0,0,0,0,0,0,0,0,0,0,0,0,0,0,0,0,0,0,0,0,0,0,0,0,0,0,0,0,0,0,0,0,
Participant,7_3,11_49_59,10.9179,0,2,0,10.91789,0.0000,0.0000,0.0000,0.0000,0.0000,0.0000,3.544544,3.526923,3.535733,,,,,,0,0,0,0,0,0,0,0,0,0,0,0,0,0,0,0,0,0,0,0,0,0,0,0,0,0,0,0,0,0,0,0,0,0,0,0,0,0,0,0,0,0,0,0,0,0,0,0,0,0,0,
Participant,7_3,11_49_59,10.9211,0,2,0,10.92106,0.0000,0.0000,0.0000,0.0000,0.0000,0.0000,3.509969,3.559063,3.534516,,,,,,0,0,0,0,0,0,0,0,0,0,0,0,0,0,0,0,0,0,0,0,0,0,0,0,0,0,0,0,0,0,0,0,0,0,0,0,0,0,0,0,0,0,0,0,0,0,0,0,0,0,0,
Participant,7_3,11_49_59,10.9246,0,2,0,10.92464,0.0000,0.0000,0.0000,0.0000,0.0000,0.0000,3.528899,3.531821,3.53036,,,,,,0,0,0,0,0,0,0,0,0,0,0,0,0,0,0,0,0,0,0,0,0,0,0,0,0,0,0,0,0,0,0,0,0,0,0,0,0,0,0,0,0,0,0,0,0,0,0,0,0,0,0,
Participant,7_3,11_49_59,10.9281,0,2,0,10.92806,0.0000,0.0000,0.0000,0.0000,0.0000,0.0000,3.540014,3.540797,3.540405,,,,,,0,0,0,0,0,0,0,0,0,0,0,0,0,0,0,0,0,0,0,0,0,0,0,0,0,0,0,0,0,0,0,0,0,0,0,0,0,0,0,0,0,0,0,0,0,0,0,0,0,0,0,
Participant,7_3,11_49_59,10.9313,0,2,0,10.93128,0.0000,0.0000,0.0000,0.0000,0.0000,0.0000,3.504577,3.542763,3.52367,,,,,,0,0,0,0,0,0,0,0,0,0,0,0,0,0,0,0,0,0,0,0,0,0,0,0,0,0,0,0,0,0,0,0,0,0,0,0,0,0,0,0,0,0,0,0,0,0,0,0,0,0,0,
Participant,7_3,11_49_59,10.9345,0,2,0,10.93445,0.0000,0.0000,0.0000,0.0000,0.0000,0.0000,3.545877,3.518495,3.532186,,,,,,0,0,0,0,0,0,0,0,0,0,0,0,0,0,0,0,0,0,0,0,0,0,0,0,0,0,0,0,0,0,0,0,0,0,0,0,0,0,0,0,0,0,0,0,0,0,0,0,0,0,0,
Participant,7_3,11_49_59,10.9376,0,2,0,10.9376,0.0000,0.0000,0.0000,0.0000,0.0000,0.0000,3.501552,3.552211,3.526882,,,,,,0,0,0,0,0,0,0,0,0,0,0,0,0,0,0,0,0,0,0,0,0,0,0,0,0,0,0,0,0,0,0,0,0,0,0,0,0,0,0,0,0,0,0,0,0,0,0,0,0,0,0,
Participant,7_3,11_50_0,10.9409,0,2,0,10.94094,0.0000,0.0000,0.0000,0.0000,0.0000,0.0000,3.556331,3.505541,3.530936,,,,,,0,0,0,0,0,0,0,0,0,0,0,0,0,0,0,0,0,0,0,0,0,0,0,0,0,0,0,0,0,0,0,0,0,0,0,0,0,0,0,0,0,0,0,0,0,0,0,0,0,0,0,
Participant,7_3,11_50_0,10.9445,0,2,0,10.94446,0.0000,0.0000,0.0000,0.0000,0.0000,0.0000,3.546859,3.554373,3.550616,,,,,,0,0,0,0,0,0,0,0,0,0,0,0,0,0,0,0,0,0,0,0,0,0,0,0,0,0,0,0,0,0,0,0,0,0,0,0,0,0,0,0,0,0,0,0,0,0,0,0,0,0,0,
Participant,7_3,11_50_0,10.9482,0,2,0,10.94817,0.0000,0.0000,0.0000,0.0000,0.0000,0.0000,3.518079,3.512251,3.515165,,,,,,0,0,0,0,0,0,0,0,0,0,0,0,0,0,0,0,0,0,0,0,0,0,0,0,0,0,0,0,0,0,0,0,0,0,0,0,0,0,0,0,0,0,0,0,0,0,0,0,0,0,0,
Participant,7_3,11_50_0,10.9518,0,2,0,10.95175,0.0000,0.0000,0.0000,0.0000,0.0000,0.0000,3.501868,3.541521,3.521695,,,,,,0,0,0,0,0,0,0,0,0,0,0,0,0,0,0,0,0,0,0,0,0,0,0,0,0,0,0,0,0,0,0,0,0,0,0,0,0,0,0,0,0,0,0,0,0,0,0,0,0,0,0,
Participant,7_3,11_50_0,10.9552,0,2,0,10.95521,0.0000,0.0000,0.0000,0.0000,0.0000,0.0000,3.496607,3.518322,3.507465,,,,,,0,0,0,0,0,0,0,0,0,0,0,0,0,0,0,0,0,0,0,0,0,0,0,0,0,0,0,0,0,0,0,0,0,0,0,0,0,0,0,0,0,0,0,0,0,0,0,0,0,0,0,
Participant,7_3,11_50_0,10.9590,0,2,0,10.95903,0.0000,0.0000,0.0000,0.0000,0.0000,0.0000,3.518601,3.542691,3.530646,,,,,,0,0,0,0,0,0,0,0,0,0,0,0,0,0,0,0,0,0,0,0,0,0,0,0,0,0,0,0,0,0,0,0,0,0,0,0,0,0,0,0,0,0,0,0,0,0,0,0,0,0,0,
Participant,7_3,11_50_0,10.9624,0,2,0,10.96242,0.0000,0.0000,0.0000,0.0000,0.0000,0.0000,3.538676,3.517783,3.52823,,,,,,0,0,0,0,0,0,0,0,0,0,0,0,0,0,0,0,0,0,0,0,0,0,0,0,0,0,0,0,0,0,0,0,0,0,0,0,0,0,0,0,0,0,0,0,0,0,0,0,0,0,0,
Participant,7_3,11_50_0,10.9662,0,2,0,10.96619,0.0000,0.0000,0.0000,0.0000,0.0000,0.0000,3.490793,3.536242,3.513517,,,,,,0,0,0,0,0,0,0,0,0,0,0,0,0,0,0,0,0,0,0,0,0,0,0,0,0,0,0,0,0,0,0,0,0,0,0,0,0,0,0,0,0,0,0,0,0,0,0,0,0,0,0,
Participant,7_3,11_50_0,10.9699,0,2,0,10.96993,0.0000,0.0000,0.0000,0.0000,0.0000,0.0000,3.494707,3.486167,3.490437,,,,,,0,0,0,0,0,0,0,0,0,0,0,0,0,0,0,0,0,0,0,0,0,0,0,0,0,0,0,0,0,0,0,0,0,0,0,0,0,0,0,0,0,0,0,0,0,0,0,0,0,0,0,
Participant,7_3,11_50_0,10.9732,0,2,0,10.97317,0.0000,0.0000,0.0000,0.0000,0.0000,0.0000,3.505548,3.510811,3.50818,,,,,,0,0,0,0,0,0,0,0,0,0,0,0,0,0,0,0,0,0,0,0,0,0,0,0,0,0,0,0,0,0,0,0,0,0,0,0,0,0,0,0,0,0,0,0,0,0,0,0,0,0,0,
Participant,7_3,11_50_0,10.9765,0,2,0,10.97652,0.0000,0.0000,0.0000,0.0000,0.0000,0.0000,3.499352,3.48412,3.491736,,,,,,0,0,0,0,0,0,0,0,0,0,0,0,0,0,0,0,0,0,0,0,0,0,0,0,0,0,0,0,0,0,0,0,0,0,0,0,0,0,0,0,0,0,0,0,0,0,0,0,0,0,0,
Participant,7_3,11_50_0,10.9801,0,2,0,10.98006,0.0000,0.0000,0.0000,0.0000,0.0000,0.0000,3.483911,3.487204,3.485558,,,,,,0,0,0,0,0,0,0,0,0,0,0,0,0,0,0,0,0,0,0,0,0,0,0,0,0,0,0,0,0,0,0,0,0,0,0,0,0,0,0,0,0,0,0,0,0,0,0,0,0,0,0,
Participant,7_3,11_50_0,10.9839,0,2,0,10.98385,0.0000,0.0000,0.0000,0.0000,0.0000,0.0000,3.514977,3.498806,3.506891,,,,,,0,0,0,0,0,0,0,0,0,0,0,0,0,0,0,0,0,0,0,0,0,0,0,0,0,0,0,0,0,0,0,0,0,0,0,0,0,0,0,0,0,0,0,0,0,0,0,0,0,0,0,
Participant,7_3,11_50_0,10.9877,0,2,0,10.98772,0.0000,0.0000,0.0000,0.0000,0.0000,0.0000,3.491703,3.482422,3.487062,,,,,,0,0,0,0,0,0,0,0,0,0,0,0,0,0,0,0,0,0,0,0,0,0,0,0,0,0,0,0,0,0,0,0,0,0,0,0,0,0,0,0,0,0,0,0,0,0,0,0,0,0,0,
Participant,7_3,11_50_0,10.9910,0,2,0,10.99095,0.0000,0.0000,0.0000,0.0000,0.0000,0.0000,3.528219,3.526182,3.5272,,,,,,0,0,0,0,0,0,0,0,0,0,0,0,0,0,0,0,0,0,0,0,0,0,0,0,0,0,0,0,0,0,0,0,0,0,0,0,0,0,0,0,0,0,0,0,0,0,0,0,0,0,0,
Participant,7_3,11_50_0,10.9941,0,2,0,10.99412,0.0000,0.0000,0.0000,0.0000,0.0000,0.0000,3.488683,3.475068,3.481875,,,,,,0,0,0,0,0,0,0,0,0,0,0,0,0,0,0,0,0,0,0,0,0,0,0,0,0,0,0,0,0,0,0,0,0,0,0,0,0,0,0,0,0,0,0,0,0,0,0,0,0,0,0,
Participant,7_3,11_50_0,10.9973,0,2,0,10.99731,0.0000,0.0000,0.0000,0.0000,0.0000,0.0000,3.509888,3.503247,3.506567,,,,,,0,0,0,0,0,0,0,0,0,0,0,0,0,0,0,0,0,0,0,0,0,0,0,0,0,0,0,0,0,0,0,0,0,0,0,0,0,0,0,0,0,0,0,0,0,0,0,0,0,0,0,
Participant,7_3,11_50_0,11.0005,0,2,0,11.00052,0.0000,0.0000,0.0000,0.0000,0.0000,0.0000,3.480088,3.499745,3.489917,,,,,,0,0,0,0,0,0,0,0,0,0,0,0,0,0,0,0,0,0,0,0,0,0,0,0,0,0,0,0,0,0,0,0,0,0,0,0,0,0,0,0,0,0,0,0,0,0,0,0,0,0,0,
Participant,7_3,11_50_0,11.0045,0,2,0,11.00445,0.0000,0.0000,0.0000,0.0000,0.0000,0.0000,3.478727,3.482274,3.4805,,,,,,0,0,0,0,0,0,0,0,0,0,0,0,0,0,0,0,0,0,0,0,0,0,0,0,0,0,0,0,0,0,0,0,0,0,0,0,0,0,0,0,0,0,0,0,0,0,0,0,0,0,0,
Participant,7_3,11_50_0,11.0077,0,2,0,11.00766,0.0000,0.0000,0.0000,0.0000,0.0000,0.0000,3.492379,3.497167,3.494773,,,,,,0,0,0,0,0,0,0,0,0,0,0,0,0,0,0,0,0,0,0,0,0,0,0,0,0,0,0,0,0,0,0,0,0,0,0,0,0,0,0,0,0,0,0,0,0,0,0,0,0,0,0,
Participant,7_3,11_50_0,11.0108,0,2,0,11.01084,0.0000,0.0000,0.0000,0.0000,0.0000,0.0000,3.500241,3.506723,3.503482,,,,,,0,0,0,0,0,0,0,0,0,0,0,0,0,0,0,0,0,0,0,0,0,0,0,0,0,0,0,0,0,0,0,0,0,0,0,0,0,0,0,0,0,0,0,0,0,0,0,0,0,0,0,
Participant,7_3,11_50_0,11.0140,0,2,0,11.01398,0.0000,0.0000,0.0000,0.0000,0.0000,0.0000,3.504725,3.480321,3.492523,,,,,,0,0,0,0,0,0,0,0,0,0,0,0,0,0,0,0,0,0,0,0,0,0,0,0,0,0,0,0,0,0,0,0,0,0,0,0,0,0,0,0,0,0,0,0,0,0,0,0,0,0,0,
Participant,7_3,11_50_0,11.0173,0,2,0,11.01733,0.0000,0.0000,0.0000,0.0000,0.0000,0.0000,3.460336,3.498074,3.479205,,,,,,0,0,0,0,0,0,0,0,0,0,0,0,0,0,0,0,0,0,0,0,0,0,0,0,0,0,0,0,0,0,0,0,0,0,0,0,0,0,0,0,0,0,0,0,0,0,0,0,0,0,0,
Participant,7_3,11_50_0,11.0207,0,2,0,11.02065,0.0000,0.0000,0.0000,0.0000,0.0000,0.0000,3.507565,3.461953,3.484759,,,,,,0,0,0,0,0,0,0,0,0,0,0,0,0,0,0,0,0,0,0,0,0,0,0,0,0,0,0,0,0,0,0,0,0,0,0,0,0,0,0,0,0,0,0,0,0,0,0,0,0,0,0,
Participant,7_3,11_50_0,11.0243,0,2,0,11.02425,0.0000,0.0000,0.0000,0.0000,0.0000,0.0000,3.465399,3.479433,3.472416,,,,,,0,0,0,0,0,0,0,0,0,0,0,0,0,0,0,0,0,0,0,0,0,0,0,0,0,0,0,0,0,0,0,0,0,0,0,0,0,0,0,0,0,0,0,0,0,0,0,0,0,0,0,
Participant,7_3,11_50_0,11.0275,0,2,0,11.0275,0.0000,0.0000,0.0000,0.0000,0.0000,0.0000,3.457333,3.470946,3.464139,,,,,,0,0,0,0,0,0,0,0,0,0,0,0,0,0,0,0,0,0,0,0,0,0,0,0,0,0,0,0,0,0,0,0,0,0,0,0,0,0,0,0,0,0,0,0,0,0,0,0,0,0,0,
Participant,7_3,11_50_0,11.0307,0,2,0,11.03066,0.0000,0.0000,0.0000,0.0000,0.0000,0.0000,3.492639,3.507456,3.500047,,,,,,0,0,0,0,0,0,0,0,0,0,0,0,0,0,0,0,0,0,0,0,0,0,0,0,0,0,0,0,0,0,0,0,0,0,0,0,0,0,0,0,0,0,0,0,0,0,0,0,0,0,0,
Participant,7_3,11_50_0,11.0339,0,2,0,11.03388,0.0000,0.0000,0.0000,0.0000,0.0000,0.0000,3.460495,3.466113,3.463304,,,,,,0,0,0,0,0,0,0,0,0,0,0,0,0,0,0,0,0,0,0,0,0,0,0,0,0,0,0,0,0,0,0,0,0,0,0,0,0,0,0,0,0,0,0,0,0,0,0,0,0,0,0,
Participant,7_3,11_50_0,11.0371,0,2,0,11.03707,0.0000,0.0000,0.0000,0.0000,0.0000,0.0000,3.489579,3.506179,3.497879,,,,,,0,0,0,0,0,0,0,0,0,0,0,0,0,0,0,0,0,0,0,0,0,0,0,0,0,0,0,0,0,0,0,0,0,0,0,0,0,0,0,0,0,0,0,0,0,0,0,0,0,0,0,
Participant,7_3,11_50_0,11.0402,0,2,0,11.04024,0.0000,0.0000,0.0000,0.0000,0.0000,0.0000,3.497337,3.478399,3.487868,,,,,,0,0,0,0,0,0,0,0,0,0,0,0,0,0,0,0,0,0,0,0,0,0,0,0,0,0,0,0,0,0,0,0,0,0,0,0,0,0,0,0,0,0,0,0,0,0,0,0,0,0,0,
Participant,7_3,11_50_0,11.0436,0,2,0,11.0436,0.0000,0.0000,0.0000,0.0000,0.0000,0.0000,3.504542,3.482343,3.493443,,,,,,0,0,0,0,0,0,0,0,0,0,0,0,0,0,0,0,0,0,0,0,0,0,0,0,0,0,0,0,0,0,0,0,0,0,0,0,0,0,0,0,0,0,0,0,0,0,0,0,0,0,0,
Participant,7_3,11_50_0,11.0467,0,2,0,11.04673,0.0000,0.0000,0.0000,0.0000,0.0000,0.0000,3.469811,3.481091,3.475451,,,,,,0,0,0,0,0,0,0,0,0,0,0,0,0,0,0,0,0,0,0,0,0,0,0,0,0,0,0,0,0,0,0,0,0,0,0,0,0,0,0,0,0,0,0,0,0,0,0,0,0,0,0,
Participant,7_3,11_50_0,11.0499,0,2,0,11.04993,0.0000,0.0000,0.0000,0.0000,0.0000,0.0000,3.457233,3.50226,3.479747,,,,,,0,0,0,0,0,0,0,0,0,0,0,0,0,0,0,0,0,0,0,0,0,0,0,0,0,0,0,0,0,0,0,0,0,0,0,0,0,0,0,0,0,0,0,0,0,0,0,0,0,0,0,
Participant,7_3,11_50_0,11.0532,0,2,0,11.05322,0.0000,0.0000,0.0000,0.0000,0.0000,0.0000,3.475691,3.446228,3.460959,,,,,,0,0,0,0,0,0,0,0,0,0,0,0,0,0,0,0,0,0,0,0,0,0,0,0,0,0,0,0,0,0,0,0,0,0,0,0,0,0,0,0,0,0,0,0,0,0,0,0,0,0,0,
Participant,7_3,11_50_0,11.0567,0,2,0,11.05669,0.0000,0.0000,0.0000,0.0000,0.0000,0.0000,3.453565,3.490438,3.472001,,,,,,0,0,0,0,0,0,0,0,0,0,0,0,0,0,0,0,0,0,0,0,0,0,0,0,0,0,0,0,0,0,0,0,0,0,0,0,0,0,0,0,0,0,0,0,0,0,0,0,0,0,0,
Participant,7_3,11_50_0,11.0599,0,2,0,11.05985,0.0000,0.0000,0.0000,0.0000,0.0000,0.0000,3.444708,3.473591,3.459149,,,,,,0,0,0,0,0,0,0,0,0,0,0,0,0,0,0,0,0,0,0,0,0,0,0,0,0,0,0,0,0,0,0,0,0,0,0,0,0,0,0,0,0,0,0,0,0,0,0,0,0,0,0,
Participant,7_3,11_50_0,11.0630,0,2,0,11.06301,0.0000,0.0000,0.0000,0.0000,0.0000,0.0000,3.438032,3.494147,3.46609,,,,,,0,0,0,0,0,0,0,0,0,0,0,0,0,0,0,0,0,0,0,0,0,0,0,0,0,0,0,0,0,0,0,0,0,0,0,0,0,0,0,0,0,0,0,0,0,0,0,0,0,0,0,
Participant,7_3,11_50_0,11.0664,0,2,0,11.06641,0.0000,0.0000,0.0000,0.0000,0.0000,0.0000,3.48326,3.439395,3.461328,,,,,,0,0,0,0,0,0,0,0,0,0,0,0,0,0,0,0,0,0,0,0,0,0,0,0,0,0,0,0,0,0,0,0,0,0,0,0,0,0,0,0,0,0,0,0,0,0,0,0,0,0,0,
Participant,7_3,11_50_0,11.0696,0,2,0,11.06959,0.0000,0.0000,0.0000,0.0000,0.0000,0.0000,3.443882,3.490567,3.467225,,,,,,0,0,0,0,0,0,0,0,0,0,0,0,0,0,0,0,0,0,0,0,0,0,0,0,0,0,0,0,0,0,0,0,0,0,0,0,0,0,0,0,0,0,0,0,0,0,0,0,0,0,0,
Participant,7_3,11_50_0,11.0729,0,2,0,11.07287,0.0000,0.0000,0.0000,0.0000,0.0000,0.0000,3.457882,3.434932,3.446407,,,,,,0,0,0,0,0,0,0,0,0,0,0,0,0,0,0,0,0,0,0,0,0,0,0,0,0,0,0,0,0,0,0,0,0,0,0,0,0,0,0,0,0,0,0,0,0,0,0,0,0,0,0,
Participant,7_3,11_50_0,11.0763,0,2,0,11.07625,0.0000,0.0000,0.0000,0.0000,0.0000,0.0000,3.476867,3.434337,3.455602,,,,,,0,0,0,0,0,0,0,0,0,0,0,0,0,0,0,0,0,0,0,0,0,0,0,0,0,0,0,0,0,0,0,0,0,0,0,0,0,0,0,0,0,0,0,0,0,0,0,0,0,0,0,
Participant,7_3,11_50_0,11.0797,0,2,0,11.07966,0.0000,0.0000,0.0000,0.0000,0.0000,0.0000,3.445551,3.435652,3.440602,,,,,,0,0,0,0,0,0,0,0,0,0,0,0,0,0,0,0,0,0,0,0,0,0,0,0,0,0,0,0,0,0,0,0,0,0,0,0,0,0,0,0,0,0,0,0,0,0,0,0,0,0,0,
Participant,7_3,11_50_0,11.0832,0,2,0,11.08317,0.0000,0.0000,0.0000,0.0000,0.0000,0.0000,3.462902,3.436493,3.449697,,,,,,0,0,0,0,0,0,0,0,0,0,0,0,0,0,0,0,0,0,0,0,0,0,0,0,0,0,0,0,0,0,0,0,0,0,0,0,0,0,0,0,0,0,0,0,0,0,0,0,0,0,0,
Participant,7_3,11_50_0,11.1043,0,2,0,11.10427,0.0000,0.0000,0.0000,0.0000,0.0000,0.0000,3.42534,3.444359,3.434849,,,,,,0,0,0,0,0,0,0,0,0,0,0,0,0,0,0,0,0,0,0,0,0,0,0,0,0,0,0,0,0,0,0,0,0,0,0,0,0,0,0,0,0,0,0,0,0,0,0,0,0,0,0,
Participant,7_3,11_50_0,11.1109,0,2,0,11.11086,0.0000,0.0000,0.0000,0.0000,0.0000,0.0000,3.424687,3.462146,3.443417,,,,,,0,0,0,0,0,0,0,0,0,0,0,0,0,0,0,0,0,0,0,0,0,0,0,0,0,0,0,0,0,0,0,0,0,0,0,0,0,0,0,0,0,0,0,0,0,0,0,0,0,0,0,
Participant,7_3,11_50_0,11.1143,0,2,0,11.11425,0.0000,0.0000,0.0000,0.0000,0.0000,0.0000,3.433094,3.447138,3.440116,,,,,,0,0,0,0,0,0,0,0,0,0,0,0,0,0,0,0,0,0,0,0,0,0,0,0,0,0,0,0,0,0,0,0,0,0,0,0,0,0,0,0,0,0,0,0,0,0,0,0,0,0,0,
Participant,7_3,11_50_0,11.1177,0,2,0,11.1177,0.0000,0.0000,0.0000,0.0000,0.0000,0.0000,3.450209,3.432232,3.44122,,,,,,0,0,0,0,0,0,0,0,0,0,0,0,0,0,0,0,0,0,0,0,0,0,0,0,0,0,0,0,0,0,0,0,0,0,0,0,0,0,0,0,0,0,0,0,0,0,0,0,0,0,0,
Participant,7_3,11_50_0,11.1211,0,2,0,11.12109,0.0000,0.0000,0.0000,0.0000,0.0000,0.0000,3.434865,3.456286,3.445576,,,,,,0,0,0,0,0,0,0,0,0,0,0,0,0,0,0,0,0,0,0,0,0,0,0,0,0,0,0,0,0,0,0,0,0,0,0,0,0,0,0,0,0,0,0,0,0,0,0,0,0,0,0,
Participant,7_3,11_50_0,11.1250,0,2,0,11.125,0.0000,0.0000,0.0000,0.0000,0.0000,0.0000,3.439691,3.412116,3.425903,,,,,,0,0,0,0,0,0,0,0,0,0,0,0,0,0,0,0,0,0,0,0,0,0,0,0,0,0,0,0,0,0,0,0,0,0,0,0,0,0,0,0,0,0,0,0,0,0,0,0,0,0,0,
Participant,7_3,11_50_0,11.1284,0,2,0,11.12835,0.0000,0.0000,0.0000,0.0000,0.0000,0.0000,3.464331,3.440277,3.452304,,,,,,0,0,0,0,0,0,0,0,0,0,0,0,0,0,0,0,0,0,0,0,0,0,0,0,0,0,0,0,0,0,0,0,0,0,0,0,0,0,0,0,0,0,0,0,0,0,0,0,0,0,0,
Participant,7_3,11_50_0,11.1322,0,2,0,11.13216,0.0000,0.0000,0.0000,0.0000,0.0000,0.0000,3.430303,3.456269,3.443286,,,,,,0,0,0,0,0,0,0,0,0,0,0,0,0,0,0,0,0,0,0,0,0,0,0,0,0,0,0,0,0,0,0,0,0,0,0,0,0,0,0,0,0,0,0,0,0,0,0,0,0,0,0,
Participant,7_3,11_50_0,11.1354,0,2,0,11.13543,0.0000,0.0000,0.0000,0.0000,0.0000,0.0000,3.44709,3.445583,3.446337,,,,,,0,0,0,0,0,0,0,0,0,0,0,0,0,0,0,0,0,0,0,0,0,0,0,0,0,0,0,0,0,0,0,0,0,0,0,0,0,0,0,0,0,0,0,0,0,0,0,0,0,0,0,
Participant,7_3,11_50_0,11.1387,0,2,0,11.13869,0.0000,0.0000,0.0000,0.0000,0.0000,0.0000,3.427366,3.405638,3.416502,,,,,,0,0,0,0,0,0,0,0,0,0,0,0,0,0,0,0,0,0,0,0,0,0,0,0,0,0,0,0,0,0,0,0,0,0,0,0,0,0,0,0,0,0,0,0,0,0,0,0,0,0,0,
Participant,7_3,11_50_0,11.1421,0,2,0,11.14208,0.0000,0.0000,0.0000,0.0000,0.0000,0.0000,3.444085,3.3993,3.421693,,,,,,0,0,0,0,0,0,0,0,0,0,0,0,0,0,0,0,0,0,0,0,0,0,0,0,0,0,0,0,0,0,0,0,0,0,0,0,0,0,0,0,0,0,0,0,0,0,0,0,0,0,0,
Participant,7_3,11_50_0,11.1456,0,2,0,11.14559,0.0000,0.0000,0.0000,0.0000,0.0000,0.0000,3.432383,3.432372,3.432378,,,,,,0,0,0,0,0,0,0,0,0,0,0,0,0,0,0,0,0,0,0,0,0,0,0,0,0,0,0,0,0,0,0,0,0,0,0,0,0,0,0,0,0,0,0,0,0,0,0,0,0,0,0,
Participant,7_3,11_50_0,11.1490,0,2,0,11.14904,0.0000,0.0000,0.0000,0.0000,0.0000,0.0000,3.405588,3.43986,3.422724,,,,,,0,0,0,0,0,0,0,0,0,0,0,0,0,0,0,0,0,0,0,0,0,0,0,0,0,0,0,0,0,0,0,0,0,0,0,0,0,0,0,0,0,0,0,0,0,0,0,0,0,0,0,
Participant,7_3,11_50_0,11.1522,0,2,0,11.15217,0.0000,0.0000,0.0000,0.0000,0.0000,0.0000,3.400831,3.399851,3.400341,,,,,,0,0,0,0,0,0,0,0,0,0,0,0,0,0,0,0,0,0,0,0,0,0,0,0,0,0,0,0,0,0,0,0,0,0,0,0,0,0,0,0,0,0,0,0,0,0,0,0,0,0,0,
Participant,7_3,11_50_0,11.1554,0,2,0,11.15543,0.0000,0.0000,0.0000,0.0000,0.0000,0.0000,3.409018,3.393526,3.401272,,,,,,0,0,0,0,0,0,0,0,0,0,0,0,0,0,0,0,0,0,0,0,0,0,0,0,0,0,0,0,0,0,0,0,0,0,0,0,0,0,0,0,0,0,0,0,0,0,0,0,0,0,0,
Participant,7_3,11_50_0,11.1588,0,2,0,11.15878,0.0000,0.0000,0.0000,0.0000,0.0000,0.0000,3.430103,3.415996,3.423049,,,,,,0,0,0,0,0,0,0,0,0,0,0,0,0,0,0,0,0,0,0,0,0,0,0,0,0,0,0,0,0,0,0,0,0,0,0,0,0,0,0,0,0,0,0,0,0,0,0,0,0,0,0,
Participant,7_3,11_50_0,11.1621,0,2,0,11.16211,0.0000,0.0000,0.0000,0.0000,0.0000,0.0000,3.414951,3.391636,3.403293,,,,,,0,0,0,0,0,0,0,0,0,0,0,0,0,0,0,0,0,0,0,0,0,0,0,0,0,0,0,0,0,0,0,0,0,0,0,0,0,0,0,0,0,0,0,0,0,0,0,0,0,0,0,
Participant,7_3,11_50_0,11.1659,0,2,0,11.16592,0.0000,0.0000,0.0000,0.0000,0.0000,0.0000,3.42004,3.386627,3.403334,,,,,,0,0,0,0,0,0,0,0,0,0,0,0,0,0,0,0,0,0,0,0,0,0,0,0,0,0,0,0,0,0,0,0,0,0,0,0,0,0,0,0,0,0,0,0,0,0,0,0,0,0,0,
Participant,7_3,11_50_0,11.1692,0,2,0,11.16919,0.0000,0.0000,0.0000,0.0000,0.0000,0.0000,3.405793,3.419717,3.412755,,,,,,0,0,0,0,0,0,0,0,0,0,0,0,0,0,0,0,0,0,0,0,0,0,0,0,0,0,0,0,0,0,0,0,0,0,0,0,0,0,0,0,0,0,0,0,0,0,0,0,0,0,0,
Participant,7_3,11_50_0,11.1725,0,2,0,11.17253,0.0000,0.0000,0.0000,0.0000,0.0000,0.0000,3.425806,3.43944,3.432623,,,,,,0,0,0,0,0,0,0,0,0,0,0,0,0,0,0,0,0,0,0,0,0,0,0,0,0,0,0,0,0,0,0,0,0,0,0,0,0,0,0,0,0,0,0,0,0,0,0,0,0,0,0,
Participant,7_3,11_50_0,11.1758,0,2,0,11.17578,0.0000,0.0000,0.0000,0.0000,0.0000,0.0000,3.391319,3.411748,3.401534,,,,,,0,0,0,0,0,0,0,0,0,0,0,0,0,0,0,0,0,0,0,0,0,0,0,0,0,0,0,0,0,0,0,0,0,0,0,0,0,0,0,0,0,0,0,0,0,0,0,0,0,0,0,
Participant,7_3,11_50_0,11.1790,0,2,0,11.17904,0.0000,0.0000,0.0000,0.0000,0.0000,0.0000,3.428639,3.411636,3.420137,,,,,,0,0,0,0,0,0,0,0,0,0,0,0,0,0,0,0,0,0,0,0,0,0,0,0,0,0,0,0,0,0,0,0,0,0,0,0,0,0,0,0,0,0,0,0,0,0,0,0,0,0,0,
Participant,7_3,11_50_0,11.1823,0,2,0,11.18234,0.0000,0.0000,0.0000,0.0000,0.0000,0.0000,3.402492,3.43222,3.417356,,,,,,0,0,0,0,0,0,0,0,0,0,0,0,0,0,0,0,0,0,0,0,0,0,0,0,0,0,0,0,0,0,0,0,0,0,0,0,0,0,0,0,0,0,0,0,0,0,0,0,0,0,0,
Participant,7_3,11_50_0,11.1858,0,2,0,11.18582,0.0000,0.0000,0.0000,0.0000,0.0000,0.0000,3.388692,3.417185,3.402938,,,,,,0,0,0,0,0,0,0,0,0,0,0,0,0,0,0,0,0,0,0,0,0,0,0,0,0,0,0,0,0,0,0,0,0,0,0,0,0,0,0,0,0,0,0,0,0,0,0,0,0,0,0,
Participant,7_3,11_50_0,11.1891,0,2,0,11.18906,0.0000,0.0000,0.0000,0.0000,0.0000,0.0000,3.402697,3.404982,3.40384,,,,,,0,0,0,0,0,0,0,0,0,0,0,0,0,0,0,0,0,0,0,0,0,0,0,0,0,0,0,0,0,0,0,0,0,0,0,0,0,0,0,0,0,0,0,0,0,0,0,0,0,0,0,
Participant,7_3,11_50_0,11.1922,0,2,0,11.19221,0.0000,0.0000,0.0000,0.0000,0.0000,0.0000,3.397453,3.411054,3.404253,,,,,,0,0,0,0,0,0,0,0,0,0,0,0,0,0,0,0,0,0,0,0,0,0,0,0,0,0,0,0,0,0,0,0,0,0,0,0,0,0,0,0,0,0,0,0,0,0,0,0,0,0,0,
Participant,7_3,11_50_0,11.1954,0,2,0,11.1954,0.0000,0.0000,0.0000,0.0000,0.0000,0.0000,3.372775,3.385062,3.378918,,,,,,0,0,0,0,0,0,0,0,0,0,0,0,0,0,0,0,0,0,0,0,0,0,0,0,0,0,0,0,0,0,0,0,0,0,0,0,0,0,0,0,0,0,0,0,0,0,0,0,0,0,0,
Participant,7_3,11_50_0,11.1989,0,2,0,11.1989,0.0000,0.0000,0.0000,0.0000,0.0000,0.0000,3.41832,3.430999,3.424659,,,,,,0,0,0,0,0,0,0,0,0,0,0,0,0,0,0,0,0,0,0,0,0,0,0,0,0,0,0,0,0,0,0,0,0,0,0,0,0,0,0,0,0,0,0,0,0,0,0,0,0,0,0,
Participant,7_3,11_50_0,11.2025,0,2,0,11.20254,0.0000,0.0000,0.0000,0.0000,0.0000,0.0000,3.422301,3.40518,3.413741,,,,,,0,0,0,0,0,0,0,0,0,0,0,0,0,0,0,0,0,0,0,0,0,0,0,0,0,0,0,0,0,0,0,0,0,0,0,0,0,0,0,0,0,0,0,0,0,0,0,0,0,0,0,
Participant,7_3,11_50_0,11.2061,0,2,0,11.20605,0.0000,0.0000,0.0000,0.0000,0.0000,0.0000,3.400025,3.390427,3.395226,,,,,,0,0,0,0,0,0,0,0,0,0,0,0,0,0,0,0,0,0,0,0,0,0,0,0,0,0,0,0,0,0,0,0,0,0,0,0,0,0,0,0,0,0,0,0,0,0,0,0,0,0,0,
Participant,7_3,11_50_0,11.2093,0,2,0,11.20928,0.0000,0.0000,0.0000,0.0000,0.0000,0.0000,3.369937,3.390363,3.38015,,,,,,0,0,0,0,0,0,0,0,0,0,0,0,0,0,0,0,0,0,0,0,0,0,0,0,0,0,0,0,0,0,0,0,0,0,0,0,0,0,0,0,0,0,0,0,0,0,0,0,0,0,0,
Participant,7_3,11_50_0,11.2130,0,2,0,11.21303,0.0000,0.0000,0.0000,0.0000,0.0000,0.0000,3.372181,3.385784,3.378982,,,,,,0,0,0,0,0,0,0,0,0,0,0,0,0,0,0,0,0,0,0,0,0,0,0,0,0,0,0,0,0,0,0,0,0,0,0,0,0,0,0,0,0,0,0,0,0,0,0,0,0,0,0,
Participant,7_3,11_50_0,11.2162,0,2,0,11.21622,0.0000,0.0000,0.0000,0.0000,0.0000,0.0000,3.409245,3.364423,3.386834,,,,,,0,0,0,0,0,0,0,0,0,0,0,0,0,0,0,0,0,0,0,0,0,0,0,0,0,0,0,0,0,0,0,0,0,0,0,0,0,0,0,0,0,0,0,0,0,0,0,0,0,0,0,
Participant,7_3,11_50_0,11.2194,0,2,0,11.21937,0.0000,0.0000,0.0000,0.0000,0.0000,0.0000,3.384969,3.393272,3.389121,,,,,,0,0,0,0,0,0,0,0,0,0,0,0,0,0,0,0,0,0,0,0,0,0,0,0,0,0,0,0,0,0,0,0,0,0,0,0,0,0,0,0,0,0,0,0,0,0,0,0,0,0,0,
Participant,7_3,11_50_0,11.2226,0,2,0,11.22258,0.0000,0.0000,0.0000,0.0000,0.0000,0.0000,3.380756,3.373037,3.376896,,,,,,0,0,0,0,0,0,0,0,0,0,0,0,0,0,0,0,0,0,0,0,0,0,0,0,0,0,0,0,0,0,0,0,0,0,0,0,0,0,0,0,0,0,0,0,0,0,0,0,0,0,0,
Participant,7_3,11_50_0,11.2266,0,2,0,11.22656,0.0000,0.0000,0.0000,0.0000,0.0000,0.0000,3.366786,3.379915,3.373351,,,,,,0,0,0,0,0,0,0,0,0,0,0,0,0,0,0,0,0,0,0,0,0,0,0,0,0,0,0,0,0,0,0,0,0,0,0,0,0,0,0,0,0,0,0,0,0,0,0,0,0,0,0,
Participant,7_3,11_50_0,11.2298,0,2,0,11.22984,0.0000,0.0000,0.0000,0.0000,0.0000,0.0000,3.394619,3.3701,3.38236,,,,,,0,0,0,0,0,0,0,0,0,0,0,0,0,0,0,0,0,0,0,0,0,0,0,0,0,0,0,0,0,0,0,0,0,0,0,0,0,0,0,0,0,0,0,0,0,0,0,0,0,0,0,
Participant,7_3,11_50_0,11.2331,0,2,0,11.23314,0.0000,0.0000,0.0000,0.0000,0.0000,0.0000,3.364846,3.406602,3.385724,,,,,,0,0,0,0,0,0,0,0,0,0,0,0,0,0,0,0,0,0,0,0,0,0,0,0,0,0,0,0,0,0,0,0,0,0,0,0,0,0,0,0,0,0,0,0,0,0,0,0,0,0,0,
Participant,7_3,11_50_0,11.2367,0,2,0,11.23672,0.0000,0.0000,0.0000,0.0000,0.0000,0.0000,3.367694,3.398261,3.382978,,,,,,0,0,0,0,0,0,0,0,0,0,0,0,0,0,0,0,0,0,0,0,0,0,0,0,0,0,0,0,0,0,0,0,0,0,0,0,0,0,0,0,0,0,0,0,0,0,0,0,0,0,0,
Participant,7_3,11_50_0,11.2399,0,2,0,11.23992,0.0000,0.0000,0.0000,0.0000,0.0000,0.0000,3.40488,3.372224,3.388552,,,,,,0,0,0,0,0,0,0,0,0,0,0,0,0,0,0,0,0,0,0,0,0,0,0,0,0,0,0,0,0,0,0,0,0,0,0,0,0,0,0,0,0,0,0,0,0,0,0,0,0,0,0,
Participant,7_3,11_50_0,11.2433,0,2,0,11.24332,0.0000,0.0000,0.0000,0.0000,0.0000,0.0000,3.356765,3.383869,3.370317,,,,,,0,0,0,0,0,0,0,0,0,0,0,0,0,0,0,0,0,0,0,0,0,0,0,0,0,0,0,0,0,0,0,0,0,0,0,0,0,0,0,0,0,0,0,0,0,0,0,0,0,0,0,
Participant,7_3,11_50_0,11.2468,0,2,0,11.24676,0.0000,0.0000,0.0000,0.0000,0.0000,0.0000,3.358791,3.365306,3.362049,,,,,,0,0,0,0,0,0,0,0,0,0,0,0,0,0,0,0,0,0,0,0,0,0,0,0,0,0,0,0,0,0,0,0,0,0,0,0,0,0,0,0,0,0,0,0,0,0,0,0,0,0,0,
Participant,7_3,11_50_0,11.2499,0,2,0,11.24991,0.0000,0.0000,0.0000,0.0000,0.0000,0.0000,3.374811,3.3516,3.363205,,,,,,0,0,0,0,0,0,0,0,0,0,0,0,0,0,0,0,0,0,0,0,0,0,0,0,0,0,0,0,0,0,0,0,0,0,0,0,0,0,0,0,0,0,0,0,0,0,0,0,0,0,0,
Participant,7_3,11_50_0,11.2530,0,2,0,11.253,0.0000,0.0000,0.0000,0.0000,0.0000,0.0000,3.358311,3.376337,3.367324,,,,,,0,0,0,0,0,0,0,0,0,0,0,0,0,0,0,0,0,0,0,0,0,0,0,0,0,0,0,0,0,0,0,0,0,0,0,0,0,0,0,0,0,0,0,0,0,0,0,0,0,0,0,
Participant,7_3,11_50_0,11.2563,0,2,0,11.25625,0.0000,0.0000,0.0000,0.0000,0.0000,0.0000,3.350078,3.352873,3.351476,,,,,,0,0,0,0,0,0,0,0,0,0,0,0,0,0,0,0,0,0,0,0,0,0,0,0,0,0,0,0,0,0,0,0,0,0,0,0,0,0,0,0,0,0,0,0,0,0,0,0,0,0,0,
Participant,7_3,11_50_0,11.2595,0,2,0,11.25945,0.0000,0.0000,0.0000,0.0000,0.0000,0.0000,3.356115,3.358146,3.357131,,,,,,0,0,0,0,0,0,0,0,0,0,0,0,0,0,0,0,0,0,0,0,0,0,0,0,0,0,0,0,0,0,0,0,0,0,0,0,0,0,0,0,0,0,0,0,0,0,0,0,0,0,0,
Participant,7_3,11_50_0,11.2691,0,2,0,11.26905,0.0000,0.0000,0.0000,0.0000,0.0000,0.0000,3.395429,3.354531,3.37498,,,,,,0,0,0,0,0,0,0,0,0,0,0,0,0,0,0,0,0,0,0,0,0,0,0,0,0,0,0,0,0,0,0,0,0,0,0,0,0,0,0,0,0,0,0,0,0,0,0,0,0,0,0,
Participant,7_3,11_50_0,11.2725,0,2,0,11.27247,0.0000,0.0000,0.0000,0.0000,0.0000,0.0000,3.343276,3.376327,3.359802,,,,,,0,0,0,0,0,0,0,0,0,0,0,0,0,0,0,0,0,0,0,0,0,0,0,0,0,0,0,0,0,0,0,0,0,0,0,0,0,0,0,0,0,0,0,0,0,0,0,0,0,0,0,
Participant,7_3,11_50_0,11.2756,0,2,0,11.27563,0.0000,0.0000,0.0000,0.0000,0.0000,0.0000,3.375035,3.338476,3.356755,,,,,,0,0,0,0,0,0,0,0,0,0,0,0,0,0,0,0,0,0,0,0,0,0,0,0,0,0,0,0,0,0,0,0,0,0,0,0,0,0,0,0,0,0,0,0,0,0,0,0,0,0,0,
Participant,7_3,11_50_0,11.2788,0,2,0,11.27877,0.0000,0.0000,0.0000,0.0000,0.0000,0.0000,3.343799,3.385075,3.364437,,,,,,0,0,0,0,0,0,0,0,0,0,0,0,0,0,0,0,0,0,0,0,0,0,0,0,0,0,0,0,0,0,0,0,0,0,0,0,0,0,0,0,0,0,0,0,0,0,0,0,0,0,0,
Participant,7_3,11_50_0,11.2820,0,2,0,11.28198,0.0000,0.0000,0.0000,0.0000,0.0000,0.0000,3.336054,3.354981,3.345518,,,,,,0,0,0,0,0,0,0,0,0,0,0,0,0,0,0,0,0,0,0,0,0,0,0,0,0,0,0,0,0,0,0,0,0,0,0,0,0,0,0,0,0,0,0,0,0,0,0,0,0,0,0,
Participant,7_3,11_50_0,11.2855,0,2,0,11.28546,0.0000,0.0000,0.0000,0.0000,0.0000,0.0000,3.360602,3.338824,3.349713,,,,,,0,0,0,0,0,0,0,0,0,0,0,0,0,0,0,0,0,0,0,0,0,0,0,0,0,0,0,0,0,0,0,0,0,0,0,0,0,0,0,0,0,0,0,0,0,0,0,0,0,0,0,
Participant,7_3,11_50_0,11.3057,0,2,0,11.30566,0.0000,0.0000,0.0000,0.0000,0.0000,0.0000,3.342234,3.369041,3.355638,,,,,,0,0,0,0,0,0,0,0,0,0,0,0,0,0,0,0,0,0,0,0,0,0,0,0,0,0,0,0,0,0,0,0,0,0,0,0,0,0,0,0,0,0,0,0,0,0,0,0,0,0,0,
Participant,7_3,11_50_0,11.3097,0,2,0,11.30966,0.0000,0.0000,0.0000,0.0000,0.0000,0.0000,3.357649,3.356526,3.357088,,,,,,0,0,0,0,0,0,0,0,0,0,0,0,0,0,0,0,0,0,0,0,0,0,0,0,0,0,0,0,0,0,0,0,0,0,0,0,0,0,0,0,0,0,0,0,0,0,0,0,0,0,0,
Participant,7_3,11_50_0,11.3129,0,2,0,11.31288,0.0000,0.0000,0.0000,0.0000,0.0000,0.0000,3.340668,3.350486,3.345577,,,,,,0,0,0,0,0,0,0,0,0,0,0,0,0,0,0,0,0,0,0,0,0,0,0,0,0,0,0,0,0,0,0,0,0,0,0,0,0,0,0,0,0,0,0,0,0,0,0,0,0,0,0,
Participant,7_3,11_50_0,11.3163,0,2,0,11.31626,0.0000,0.0000,0.0000,0.0000,0.0000,0.0000,3.349359,3.362089,3.355724,,,,,,0,0,0,0,0,0,0,0,0,0,0,0,0,0,0,0,0,0,0,0,0,0,0,0,0,0,0,0,0,0,0,0,0,0,0,0,0,0,0,0,0,0,0,0,0,0,0,0,0,0,0,
Participant,7_3,11_50_0,11.3197,0,2,0,11.31965,0.0000,0.0000,0.0000,0.0000,0.0000,0.0000,3.376126,3.337785,3.356955,,,,,,0,0,0,0,0,0,0,0,0,0,0,0,0,0,0,0,0,0,0,0,0,0,0,0,0,0,0,0,0,0,0,0,0,0,0,0,0,0,0,0,0,0,0,0,0,0,0,0,0,0,0,
Participant,7_3,11_50_0,11.3228,0,2,0,11.32282,0.0000,0.0000,0.0000,0.0000,0.0000,0.0000,3.349498,3.354992,3.352245,,,,,,0,0,0,0,0,0,0,0,0,0,0,0,0,0,0,0,0,0,0,0,0,0,0,0,0,0,0,0,0,0,0,0,0,0,0,0,0,0,0,0,0,0,0,0,0,0,0,0,0,0,0,
Participant,7_3,11_50_0,11.3263,0,2,0,11.32629,0.0000,0.0000,0.0000,0.0000,0.0000,0.0000,3.330394,3.345215,3.337804,,,,,,0,0,0,0,0,0,0,0,0,0,0,0,0,0,0,0,0,0,0,0,0,0,0,0,0,0,0,0,0,0,0,0,0,0,0,0,0,0,0,0,0,0,0,0,0,0,0,0,0,0,0,
Participant,7_3,11_50_0,11.3301,0,2,0,11.33009,0.0000,0.0000,0.0000,0.0000,0.0000,0.0000,3.354549,3.347873,3.351211,,,,,,0,0,0,0,0,0,0,0,0,0,0,0,0,0,0,0,0,0,0,0,0,0,0,0,0,0,0,0,0,0,0,0,0,0,0,0,0,0,0,0,0,0,0,0,0,0,0,0,0,0,0,
Participant,7_3,11_50_0,11.3336,0,2,0,11.33357,0.0000,0.0000,0.0000,0.0000,0.0000,0.0000,3.334268,3.336422,3.335345,,,,,,0,0,0,0,0,0,0,0,0,0,0,0,0,0,0,0,0,0,0,0,0,0,0,0,0,0,0,0,0,0,0,0,0,0,0,0,0,0,0,0,0,0,0,0,0,0,0,0,0,0,0,
Participant,7_3,11_50_0,11.3370,0,2,0,11.33695,0.0000,0.0000,0.0000,0.0000,0.0000,0.0000,3.333537,3.367817,3.350677,,,,,,0,0,0,0,0,0,0,0,0,0,0,0,0,0,0,0,0,0,0,0,0,0,0,0,0,0,0,0,0,0,0,0,0,0,0,0,0,0,0,0,0,0,0,0,0,0,0,0,0,0,0,
Participant,7_3,11_50_0,11.3402,0,2,0,11.34016,0.0000,0.0000,0.0000,0.0000,0.0000,0.0000,3.329373,3.345373,3.337373,,,,,,0,0,0,0,0,0,0,0,0,0,0,0,0,0,0,0,0,0,0,0,0,0,0,0,0,0,0,0,0,0,0,0,0,0,0,0,0,0,0,0,0,0,0,0,0,0,0,0,0,0,0,
Participant,7_3,11_50_0,11.3437,0,2,0,11.34368,0.0000,0.0000,0.0000,0.0000,0.0000,0.0000,3.351852,3.353537,3.352695,,,,,,0,0,0,0,0,0,0,0,0,0,0,0,0,0,0,0,0,0,0,0,0,0,0,0,0,0,0,0,0,0,0,0,0,0,0,0,0,0,0,0,0,0,0,0,0,0,0,0,0,0,0,
Participant,7_3,11_50_0,11.3470,0,2,0,11.34703,0.0000,0.0000,0.0000,0.0000,0.0000,0.0000,3.338645,3.350521,3.344583,,,,,,0,0,0,0,0,0,0,0,0,0,0,0,0,0,0,0,0,0,0,0,0,0,0,0,0,0,0,0,0,0,0,0,0,0,0,0,0,0,0,0,0,0,0,0,0,0,0,0,0,0,0,
Participant,7_3,11_50_0,11.3505,0,2,0,11.35052,0.0000,0.0000,0.0000,0.0000,0.0000,0.0000,3.34389,3.339032,3.341461,,,,,,0,0,0,0,0,0,0,0,0,0,0,0,0,0,0,0,0,0,0,0,0,0,0,0,0,0,0,0,0,0,0,0,0,0,0,0,0,0,0,0,0,0,0,0,0,0,0,0,0,0,0,
Participant,7_3,11_50_0,11.3539,0,2,0,11.35394,0.0000,0.0000,0.0000,0.0000,0.0000,0.0000,3.355284,3.317449,3.336366,,,,,,0,0,0,0,0,0,0,0,0,0,0,0,0,0,0,0,0,0,0,0,0,0,0,0,0,0,0,0,0,0,0,0,0,0,0,0,0,0,0,0,0,0,0,0,0,0,0,0,0,0,0,
Participant,7_3,11_50_0,11.3571,0,2,0,11.35713,0.0000,0.0000,0.0000,0.0000,0.0000,0.0000,3.351547,3.323493,3.33752,,,,,,0,0,0,0,0,0,0,0,0,0,0,0,0,0,0,0,0,0,0,0,0,0,0,0,0,0,0,0,0,0,0,0,0,0,0,0,0,0,0,0,0,0,0,0,0,0,0,0,0,0,0,
Participant,7_3,11_50_0,11.3604,0,2,0,11.3604,0.0000,0.0000,0.0000,0.0000,0.0000,0.0000,3.320094,3.33293,3.326512,,,,,,0,0,0,0,0,0,0,0,0,0,0,0,0,0,0,0,0,0,0,0,0,0,0,0,0,0,0,0,0,0,0,0,0,0,0,0,0,0,0,0,0,0,0,0,0,0,0,0,0,0,0,
Participant,7_3,11_50_0,11.3638,0,2,0,11.36381,0.0000,0.0000,0.0000,0.0000,0.0000,0.0000,3.349828,3.334838,3.342333,,,,,,0,0,0,0,0,0,0,0,0,0,0,0,0,0,0,0,0,0,0,0,0,0,0,0,0,0,0,0,0,0,0,0,0,0,0,0,0,0,0,0,0,0,0,0,0,0,0,0,0,0,0,
Participant,7_3,11_50_0,11.3672,0,2,0,11.3672,0.0000,0.0000,0.0000,0.0000,0.0000,0.0000,3.353417,3.355837,3.354627,,,,,,0,0,0,0,0,0,0,0,0,0,0,0,0,0,0,0,0,0,0,0,0,0,0,0,0,0,0,0,0,0,0,0,0,0,0,0,0,0,0,0,0,0,0,0,0,0,0,0,0,0,0,
Participant,7_3,11_50_0,11.3734,0,2,0,11.37339,0.0000,0.0000,0.0000,0.0000,0.0000,0.0000,3.330961,3.334837,3.332899,,,,,,0,0,0,0,0,0,0,0,0,0,0,0,0,0,0,0,0,0,0,0,0,0,0,0,0,0,0,0,0,0,0,0,0,0,0,0,0,0,0,0,0,0,0,0,0,0,0,0,0,0,0,
Participant,7_3,11_50_0,11.3767,0,2,0,11.37672,0.0000,0.0000,0.0000,0.0000,0.0000,0.0000,3.352846,3.324179,3.338512,,,,,,0,0,0,0,0,0,0,0,0,0,0,0,0,0,0,0,0,0,0,0,0,0,0,0,0,0,0,0,0,0,0,0,0,0,0,0,0,0,0,0,0,0,0,0,0,0,0,0,0,0,0,
Participant,7_3,11_50_0,11.3799,0,2,0,11.37989,0.0000,0.0000,0.0000,0.0000,0.0000,0.0000,3.326385,3.337983,3.332184,,,,,,0,0,0,0,0,0,0,0,0,0,0,0,0,0,0,0,0,0,0,0,0,0,0,0,0,0,0,0,0,0,0,0,0,0,0,0,0,0,0,0,0,0,0,0,0,0,0,0,0,0,0,
Participant,7_3,11_50_0,11.3833,0,2,0,11.38333,0.0000,0.0000,0.0000,0.0000,0.0000,0.0000,3.307675,3.333997,3.320836,,,,,,0,0,0,0,0,0,0,0,0,0,0,0,0,0,0,0,0,0,0,0,0,0,0,0,0,0,0,0,0,0,0,0,0,0,0,0,0,0,0,0,0,0,0,0,0,0,0,0,0,0,0,
Participant,7_3,11_50_0,11.3868,0,2,0,11.38679,0.0000,0.0000,0.0000,0.0000,0.0000,0.0000,3.329548,3.336981,3.333264,,,,,,0,0,0,0,0,0,0,0,0,0,0,0,0,0,0,0,0,0,0,0,0,0,0,0,0,0,0,0,0,0,0,0,0,0,0,0,0,0,0,0,0,0,0,0,0,0,0,0,0,0,0,
Participant,7_3,11_50_0,11.3902,0,2,0,11.39023,0.0000,0.0000,0.0000,0.0000,0.0000,0.0000,3.351331,3.322226,3.336778,,,,,,0,0,0,0,0,0,0,0,0,0,0,0,0,0,0,0,0,0,0,0,0,0,0,0,0,0,0,0,0,0,0,0,0,0,0,0,0,0,0,0,0,0,0,0,0,0,0,0,0,0,0,
Participant,7_3,11_50_0,11.3936,0,2,0,11.39361,0.0000,0.0000,0.0000,0.0000,0.0000,0.0000,3.307786,3.31293,3.310358,,,,,,0,0,0,0,0,0,0,0,0,0,0,0,0,0,0,0,0,0,0,0,0,0,0,0,0,0,0,0,0,0,0,0,0,0,0,0,0,0,0,0,0,0,0,0,0,0,0,0,0,0,0,
Participant,7_3,11_50_0,11.3970,0,2,0,11.39702,0.0000,0.0000,0.0000,0.0000,0.0000,0.0000,3.316865,3.314819,3.315842,,,,,,0,0,0,0,0,0,0,0,0,0,0,0,0,0,0,0,0,0,0,0,0,0,0,0,0,0,0,0,0,0,0,0,0,0,0,0,0,0,0,0,0,0,0,0,0,0,0,0,0,0,0,
Participant,7_3,11_50_0,11.4007,0,2,0,11.40065,0.0000,0.0000,0.0000,0.0000,0.0000,0.0000,3.305539,3.295421,3.30048,,,,,,0,0,0,0,0,0,0,0,0,0,0,0,0,0,0,0,0,0,0,0,0,0,0,0,0,0,0,0,0,0,0,0,0,0,0,0,0,0,0,0,0,0,0,0,0,0,0,0,0,0,0,
Participant,7_3,11_50_0,11.4041,0,2,0,11.40413,0.0000,0.0000,0.0000,0.0000,0.0000,0.0000,3.293051,3.294891,3.293971,,,,,,0,0,0,0,0,0,0,0,0,0,0,0,0,0,0,0,0,0,0,0,0,0,0,0,0,0,0,0,0,0,0,0,0,0,0,0,0,0,0,0,0,0,0,0,0,0,0,0,0,0,0,
Participant,7_3,11_50_0,11.4074,0,2,0,11.40738,0.0000,0.0000,0.0000,0.0000,0.0000,0.0000,3.307077,3.330211,3.318644,,,,,,0,0,0,0,0,0,0,0,0,0,0,0,0,0,0,0,0,0,0,0,0,0,0,0,0,0,0,0,0,0,0,0,0,0,0,0,0,0,0,0,0,0,0,0,0,0,0,0,0,0,0,
Participant,7_3,11_50_0,11.4107,0,2,0,11.4107,0.0000,0.0000,0.0000,0.0000,0.0000,0.0000,3.341027,3.304802,3.322914,,,,,,0,0,0,0,0,0,0,0,0,0,0,0,0,0,0,0,0,0,0,0,0,0,0,0,0,0,0,0,0,0,0,0,0,0,0,0,0,0,0,0,0,0,0,0,0,0,0,0,0,0,0,
Participant,7_3,11_50_0,11.4140,0,2,0,11.414,0.0000,0.0000,0.0000,0.0000,0.0000,0.0000,3.289082,3.342582,3.315832,,,,,,0,0,0,0,0,0,0,0,0,0,0,0,0,0,0,0,0,0,0,0,0,0,0,0,0,0,0,0,0,0,0,0,0,0,0,0,0,0,0,0,0,0,0,0,0,0,0,0,0,0,0,
Participant,7_3,11_50_0,11.4172,0,2,0,11.41724,0.0000,0.0000,0.0000,0.0000,0.0000,0.0000,3.30598,3.322411,3.314195,,,,,,0,0,0,0,0,0,0,0,0,0,0,0,0,0,0,0,0,0,0,0,0,0,0,0,0,0,0,0,0,0,0,0,0,0,0,0,0,0,0,0,0,0,0,0,0,0,0,0,0,0,0,
Participant,7_3,11_50_0,11.4205,0,2,0,11.42045,0.0000,0.0000,0.0000,0.0000,0.0000,0.0000,3.299895,3.296184,3.298039,,,,,,0,0,0,0,0,0,0,0,0,0,0,0,0,0,0,0,0,0,0,0,0,0,0,0,0,0,0,0,0,0,0,0,0,0,0,0,0,0,0,0,0,0,0,0,0,0,0,0,0,0,0,
Participant,7_3,11_50_0,11.4239,0,2,0,11.42394,0.0000,0.0000,0.0000,0.0000,0.0000,0.0000,3.34088,3.326155,3.333518,,,,,,0,0,0,0,0,0,0,0,0,0,0,0,0,0,0,0,0,0,0,0,0,0,0,0,0,0,0,0,0,0,0,0,0,0,0,0,0,0,0,0,0,0,0,0,0,0,0,0,0,0,0,
Participant,7_3,11_50_0,11.4272,0,2,0,11.42721,0.0000,0.0000,0.0000,0.0000,0.0000,0.0000,3.322733,3.3087,3.315717,,,,,,0,0,0,0,0,0,0,0,0,0,0,0,0,0,0,0,0,0,0,0,0,0,0,0,0,0,0,0,0,0,0,0,0,0,0,0,0,0,0,0,0,0,0,0,0,0,0,0,0,0,0,
Participant,7_3,11_50_0,11.4306,0,2,0,11.43057,0.0000,0.0000,0.0000,0.0000,0.0000,0.0000,3.318423,3.280128,3.299276,,,,,,0,0,0,0,0,0,0,0,0,0,0,0,0,0,0,0,0,0,0,0,0,0,0,0,0,0,0,0,0,0,0,0,0,0,0,0,0,0,0,0,0,0,0,0,0,0,0,0,0,0,0,
Participant,7_3,11_50_0,11.4337,0,2,0,11.43374,0.0000,0.0000,0.0000,0.0000,0.0000,0.0000,3.320905,3.322904,3.321904,,,,,,0,0,0,0,0,0,0,0,0,0,0,0,0,0,0,0,0,0,0,0,0,0,0,0,0,0,0,0,0,0,0,0,0,0,0,0,0,0,0,0,0,0,0,0,0,0,0,0,0,0,0,
Participant,7_3,11_50_0,11.4371,0,2,0,11.43711,0.0000,0.0000,0.0000,0.0000,0.0000,0.0000,3.320643,3.310426,3.315535,,,,,,0,0,0,0,0,0,0,0,0,0,0,0,0,0,0,0,0,0,0,0,0,0,0,0,0,0,0,0,0,0,0,0,0,0,0,0,0,0,0,0,0,0,0,0,0,0,0,0,0,0,0,
Participant,7_3,11_50_0,11.4403,0,2,0,11.44031,0.0000,0.0000,0.0000,0.0000,0.0000,0.0000,3.297343,3.331536,3.314439,,,,,,0,0,0,0,0,0,0,0,0,0,0,0,0,0,0,0,0,0,0,0,0,0,0,0,0,0,0,0,0,0,0,0,0,0,0,0,0,0,0,0,0,0,0,0,0,0,0,0,0,0,0,
Participant,7_3,11_50_0,11.4437,0,2,0,11.44372,0.0000,0.0000,0.0000,0.0000,0.0000,0.0000,3.333273,3.290724,3.311998,,,,,,0,0,0,0,0,0,0,0,0,0,0,0,0,0,0,0,0,0,0,0,0,0,0,0,0,0,0,0,0,0,0,0,0,0,0,0,0,0,0,0,0,0,0,0,0,0,0,0,0,0,0,
Participant,7_3,11_50_0,11.4469,0,2,0,11.44685,0.0000,0.0000,0.0000,0.0000,0.0000,0.0000,3.276446,3.286653,3.281549,,,,,,0,0,0,0,0,0,0,0,0,0,0,0,0,0,0,0,0,0,0,0,0,0,0,0,0,0,0,0,0,0,0,0,0,0,0,0,0,0,0,0,0,0,0,0,0,0,0,0,0,0,0,
Participant,7_3,11_50_0,11.4500,0,2,0,11.45002,0.0000,0.0000,0.0000,0.0000,0.0000,0.0000,3.314405,3.281163,3.297784,,,,,,0,0,0,0,0,0,0,0,0,0,0,0,0,0,0,0,0,0,0,0,0,0,0,0,0,0,0,0,0,0,0,0,0,0,0,0,0,0,0,0,0,0,0,0,0,0,0,0,0,0,0,
Participant,7_3,11_50_0,11.4532,0,2,0,11.45319,0.0000,0.0000,0.0000,0.0000,0.0000,0.0000,3.297117,3.285299,3.291208,,,,,,0,0,0,0,0,0,0,0,0,0,0,0,0,0,0,0,0,0,0,0,0,0,0,0,0,0,0,0,0,0,0,0,0,0,0,0,0,0,0,0,0,0,0,0,0,0,0,0,0,0,0,
Participant,7_3,11_50_0,11.4566,0,2,0,11.45662,0.0000,0.0000,0.0000,0.0000,0.0000,0.0000,3.3009,3.290025,3.295462,,,,,,0,0,0,0,0,0,0,0,0,0,0,0,0,0,0,0,0,0,0,0,0,0,0,0,0,0,0,0,0,0,0,0,0,0,0,0,0,0,0,0,0,0,0,0,0,0,0,0,0,0,0,
Participant,7_3,11_50_0,11.4599,0,2,0,11.45994,0.0000,0.0000,0.0000,0.0000,0.0000,0.0000,3.291166,3.329356,3.310261,,,,,,0,0,0,0,0,0,0,0,0,0,0,0,0,0,0,0,0,0,0,0,0,0,0,0,0,0,0,0,0,0,0,0,0,0,0,0,0,0,0,0,0,0,0,0,0,0,0,0,0,0,0,
Participant,7_3,11_50_0,11.4634,0,2,0,11.46336,0.0000,0.0000,0.0000,0.0000,0.0000,0.0000,3.300187,3.272961,3.286574,,,,,,0,0,0,0,0,0,0,0,0,0,0,0,0,0,0,0,0,0,0,0,0,0,0,0,0,0,0,0,0,0,0,0,0,0,0,0,0,0,0,0,0,0,0,0,0,0,0,0,0,0,0,
Participant,7_3,11_50_0,11.4670,0,2,0,11.46695,0.0000,0.0000,0.0000,0.0000,0.0000,0.0000,3.326656,3.286745,3.3067,,,,,,0,0,0,0,0,0,0,0,0,0,0,0,0,0,0,0,0,0,0,0,0,0,0,0,0,0,0,0,0,0,0,0,0,0,0,0,0,0,0,0,0,0,0,0,0,0,0,0,0,0,0,
Participant,7_3,11_50_0,11.4706,0,2,0,11.47061,0.0000,0.0000,0.0000,0.0000,0.0000,0.0000,3.287513,3.31272,3.300117,,,,,,0,0,0,0,0,0,0,0,0,0,0,0,0,0,0,0,0,0,0,0,0,0,0,0,0,0,0,0,0,0,0,0,0,0,0,0,0,0,0,0,0,0,0,0,0,0,0,0,0,0,0,
Participant,7_3,11_50_0,11.4742,0,2,0,11.47423,0.0000,0.0000,0.0000,0.0000,0.0000,0.0000,3.296493,3.317209,3.306851,,,,,,0,0,0,0,0,0,0,0,0,0,0,0,0,0,0,0,0,0,0,0,0,0,0,0,0,0,0,0,0,0,0,0,0,0,0,0,0,0,0,0,0,0,0,0,0,0,0,0,0,0,0,
Participant,7_3,11_50_0,11.4774,0,2,0,11.47743,0.0000,0.0000,0.0000,0.0000,0.0000,0.0000,3.3062,3.291564,3.298882,,,,,,0,0,0,0,0,0,0,0,0,0,0,0,0,0,0,0,0,0,0,0,0,0,0,0,0,0,0,0,0,0,0,0,0,0,0,0,0,0,0,0,0,0,0,0,0,0,0,0,0,0,0,
Participant,7_3,11_50_0,11.4809,0,2,0,11.48093,0.0000,0.0000,0.0000,0.0000,0.0000,0.0000,3.288205,3.268811,3.278508,,,,,,0,0,0,0,0,0,0,0,0,0,0,0,0,0,0,0,0,0,0,0,0,0,0,0,0,0,0,0,0,0,0,0,0,0,0,0,0,0,0,0,0,0,0,0,0,0,0,0,0,0,0,
Participant,7_3,11_50_0,11.4845,0,2,0,11.48447,0.0000,0.0000,0.0000,0.0000,0.0000,0.0000,3.304392,3.277745,3.291069,,,,,,0,0,0,0,0,0,0,0,0,0,0,0,0,0,0,0,0,0,0,0,0,0,0,0,0,0,0,0,0,0,0,0,0,0,0,0,0,0,0,0,0,0,0,0,0,0,0,0,0,0,0,
Participant,7_3,11_50_0,11.4877,0,2,0,11.48766,0.0000,0.0000,0.0000,0.0000,0.0000,0.0000,3.318272,3.291871,3.305072,,,,,,0,0,0,0,0,0,0,0,0,0,0,0,0,0,0,0,0,0,0,0,0,0,0,0,0,0,0,0,0,0,0,0,0,0,0,0,0,0,0,0,0,0,0,0,0,0,0,0,0,0,0,
Participant,7_3,11_50_0,11.5078,0,2,0,11.50783,0.0000,0.0000,0.0000,0.0000,0.0000,0.0000,3.283226,3.268945,3.276085,,,,,,0,0,0,0,0,0,0,0,0,0,0,0,0,0,0,0,0,0,0,0,0,0,0,0,0,0,0,0,0,0,0,0,0,0,0,0,0,0,0,0,0,0,0,0,0,0,0,0,0,0,0,
Participant,7_3,11_50_0,11.5117,0,2,0,11.51168,0.0000,0.0000,0.0000,0.0000,0.0000,0.0000,3.257225,3.298447,3.277836,,,,,,0,0,0,0,0,0,0,0,0,0,0,0,0,0,0,0,0,0,0,0,0,0,0,0,0,0,0,0,0,0,0,0,0,0,0,0,0,0,0,0,0,0,0,0,0,0,0,0,0,0,0,
Participant,7_3,11_50_0,11.5154,0,2,0,11.51537,0.0000,0.0000,0.0000,0.0000,0.0000,0.0000,3.268654,3.273904,3.271279,,,,,,0,0,0,0,0,0,0,0,0,0,0,0,0,0,0,0,0,0,0,0,0,0,0,0,0,0,0,0,0,0,0,0,0,0,0,0,0,0,0,0,0,0,0,0,0,0,0,0,0,0,0,
Participant,7_3,11_50_0,11.5187,0,2,0,11.51871,0.0000,0.0000,0.0000,0.0000,0.0000,0.0000,3.305372,3.310191,3.307781,,,,,,0,0,0,0,0,0,0,0,0,0,0,0,0,0,0,0,0,0,0,0,0,0,0,0,0,0,0,0,0,0,0,0,0,0,0,0,0,0,0,0,0,0,0,0,0,0,0,0,0,0,0,
Participant,7_3,11_50_0,11.5219,0,2,0,11.52192,0.0000,0.0000,0.0000,0.0000,0.0000,0.0000,3.295584,3.2625,3.279042,,,,,,0,0,0,0,0,0,0,0,0,0,0,0,0,0,0,0,0,0,0,0,0,0,0,0,0,0,0,0,0,0,0,0,0,0,0,0,0,0,0,0,0,0,0,0,0,0,0,0,0,0,0,
Participant,7_3,11_50_0,11.5254,0,2,0,11.52536,0.0000,0.0000,0.0000,0.0000,0.0000,0.0000,3.281014,3.303991,3.292502,,,,,,0,0,0,0,0,0,0,0,0,0,0,0,0,0,0,0,0,0,0,0,0,0,0,0,0,0,0,0,0,0,0,0,0,0,0,0,0,0,0,0,0,0,0,0,0,0,0,0,0,0,0,
Participant,7_3,11_50_0,11.5286,0,2,0,11.52861,0.0000,0.0000,0.0000,0.0000,0.0000,0.0000,3.306666,3.262948,3.284807,,,,,,0,0,0,0,0,0,0,0,0,0,0,0,0,0,0,0,0,0,0,0,0,0,0,0,0,0,0,0,0,0,0,0,0,0,0,0,0,0,0,0,0,0,0,0,0,0,0,0,0,0,0,
Participant,7_3,11_50_0,11.5344,0,2,0,11.53439,0.0000,0.0000,0.0000,0.0000,0.0000,0.0000,3.270875,3.30318,3.287027,,,,,,0,0,0,0,0,0,0,0,0,0,0,0,0,0,0,0,0,0,0,0,0,0,0,0,0,0,0,0,0,0,0,0,0,0,0,0,0,0,0,0,0,0,0,0,0,0,0,0,0,0,0,
Participant,7_3,11_50_0,11.5382,0,2,0,11.53824,0.0000,0.0000,0.0000,0.0000,0.0000,0.0000,3.282644,3.264042,3.273343,,,,,,0,0,0,0,0,0,0,0,0,0,0,0,0,0,0,0,0,0,0,0,0,0,0,0,0,0,0,0,0,0,0,0,0,0,0,0,0,0,0,0,0,0,0,0,0,0,0,0,0,0,0,
Participant,7_3,11_50_0,11.5416,0,2,0,11.54155,0.0000,0.0000,0.0000,0.0000,0.0000,0.0000,3.270718,3.273029,3.271873,,,,,,0,0,0,0,0,0,0,0,0,0,0,0,0,0,0,0,0,0,0,0,0,0,0,0,0,0,0,0,0,0,0,0,0,0,0,0,0,0,0,0,0,0,0,0,0,0,0,0,0,0,0,
Participant,7_3,11_50_0,11.5451,0,2,0,11.5451,0.0000,0.0000,0.0000,0.0000,0.0000,0.0000,3.255193,3.258034,3.256613,,,,,,0,0,0,0,0,0,0,0,0,0,0,0,0,0,0,0,0,0,0,0,0,0,0,0,0,0,0,0,0,0,0,0,0,0,0,0,0,0,0,0,0,0,0,0,0,0,0,0,0,0,0,
Participant,7_3,11_50_0,11.5492,0,2,0,11.54915,0.0000,0.0000,0.0000,0.0000,0.0000,0.0000,3.299264,3.302006,3.300635,,,,,,0,0,0,0,0,0,0,0,0,0,0,0,0,0,0,0,0,0,0,0,0,0,0,0,0,0,0,0,0,0,0,0,0,0,0,0,0,0,0,0,0,0,0,0,0,0,0,0,0,0,0,
Participant,7_3,11_50_0,11.5524,0,2,0,11.5524,0.0000,0.0000,0.0000,0.0000,0.0000,0.0000,3.250644,3.282324,3.266484,,,,,,0,0,0,0,0,0,0,0,0,0,0,0,0,0,0,0,0,0,0,0,0,0,0,0,0,0,0,0,0,0,0,0,0,0,0,0,0,0,0,0,0,0,0,0,0,0,0,0,0,0,0,
Participant,7_3,11_50_0,11.5558,0,2,0,11.55575,0.0000,0.0000,0.0000,0.0000,0.0000,0.0000,3.301103,3.260258,3.280681,,,,,,0,0,0,0,0,0,0,0,0,0,0,0,0,0,0,0,0,0,0,0,0,0,0,0,0,0,0,0,0,0,0,0,0,0,0,0,0,0,0,0,0,0,0,0,0,0,0,0,0,0,0,
Participant,7_3,11_50_0,11.5592,0,2,0,11.5592,0.0000,0.0000,0.0000,0.0000,0.0000,0.0000,3.287628,3.28915,3.288389,,,,,,0,0,0,0,0,0,0,0,0,0,0,0,0,0,0,0,0,0,0,0,0,0,0,0,0,0,0,0,0,0,0,0,0,0,0,0,0,0,0,0,0,0,0,0,0,0,0,0,0,0,0,
Participant,7_3,11_50_0,11.5627,0,2,0,11.56274,0.0000,0.0000,0.0000,0.0000,0.0000,0.0000,3.267253,3.297847,3.28255,,,,,,0,0,0,0,0,0,0,0,0,0,0,0,0,0,0,0,0,0,0,0,0,0,0,0,0,0,0,0,0,0,0,0,0,0,0,0,0,0,0,0,0,0,0,0,0,0,0,0,0,0,0,
Participant,7_3,11_50_0,11.5665,0,2,0,11.56646,0.0000,0.0000,0.0000,0.0000,0.0000,0.0000,3.260715,3.26578,3.263247,,,,,,0,0,0,0,0,0,0,0,0,0,0,0,0,0,0,0,0,0,0,0,0,0,0,0,0,0,0,0,0,0,0,0,0,0,0,0,0,0,0,0,0,0,0,0,0,0,0,0,0,0,0,
Participant,7_3,11_50_0,11.5698,0,2,0,11.56983,0.0000,0.0000,0.0000,0.0000,0.0000,0.0000,3.246327,3.266561,3.256444,,,,,,0,0,0,0,0,0,0,0,0,0,0,0,0,0,0,0,0,0,0,0,0,0,0,0,0,0,0,0,0,0,0,0,0,0,0,0,0,0,0,0,0,0,0,0,0,0,0,0,0,0,0,
Participant,7_3,11_50_0,11.5733,0,2,0,11.57329,0.0000,0.0000,0.0000,0.0000,0.0000,0.0000,3.263551,3.260669,3.26211,,,,,,0,0,0,0,0,0,0,0,0,0,0,0,0,0,0,0,0,0,0,0,0,0,0,0,0,0,0,0,0,0,0,0,0,0,0,0,0,0,0,0,0,0,0,0,0,0,0,0,0,0,0,
Participant,7_3,11_50_0,11.5767,0,2,0,11.5767,0.0000,0.0000,0.0000,0.0000,0.0000,0.0000,3.265571,3.293555,3.279563,,,,,,0,0,0,0,0,0,0,0,0,0,0,0,0,0,0,0,0,0,0,0,0,0,0,0,0,0,0,0,0,0,0,0,0,0,0,0,0,0,0,0,0,0,0,0,0,0,0,0,0,0,0,
Participant,7_3,11_50_0,11.5800,0,2,0,11.57999,0.0000,0.0000,0.0000,0.0000,0.0000,0.0000,3.271233,3.280642,3.275937,,,,,,0,0,0,0,0,0,0,0,0,0,0,0,0,0,0,0,0,0,0,0,0,0,0,0,0,0,0,0,0,0,0,0,0,0,0,0,0,0,0,0,0,0,0,0,0,0,0,0,0,0,0,
Participant,7_3,11_50_0,11.5832,0,2,0,11.58319,0.0000,0.0000,0.0000,0.0000,0.0000,0.0000,3.297715,3.267181,3.282448,,,,,,0,0,0,0,0,0,0,0,0,0,0,0,0,0,0,0,0,0,0,0,0,0,0,0,0,0,0,0,0,0,0,0,0,0,0,0,0,0,0,0,0,0,0,0,0,0,0,0,0,0,0,
Participant,7_3,11_50_0,11.5868,0,2,0,11.58682,0.0000,0.0000,0.0000,0.0000,0.0000,0.0000,3.269412,3.279223,3.274317,,,,,,0,0,0,0,0,0,0,0,0,0,0,0,0,0,0,0,0,0,0,0,0,0,0,0,0,0,0,0,0,0,0,0,0,0,0,0,0,0,0,0,0,0,0,0,0,0,0,0,0,0,0,
Participant,7_3,11_50_0,11.5901,0,2,0,11.59009,0.0000,0.0000,0.0000,0.0000,0.0000,0.0000,3.238998,3.261691,3.250345,,,,,,0,0,0,0,0,0,0,0,0,0,0,0,0,0,0,0,0,0,0,0,0,0,0,0,0,0,0,0,0,0,0,0,0,0,0,0,0,0,0,0,0,0,0,0,0,0,0,0,0,0,0,
Participant,7_3,11_50_0,11.5933,0,2,0,11.59326,0.0000,0.0000,0.0000,0.0000,0.0000,0.0000,3.265166,3.242816,3.253991,,,,,,0,0,0,0,0,0,0,0,0,0,0,0,0,0,0,0,0,0,0,0,0,0,0,0,0,0,0,0,0,0,0,0,0,0,0,0,0,0,0,0,0,0,0,0,0,0,0,0,0,0,0,
Participant,7_3,11_50_0,11.5964,0,2,0,11.59642,0.0000,0.0000,0.0000,0.0000,0.0000,0.0000,3.265501,3.238303,3.251902,,,,,,0,0,0,0,0,0,0,0,0,0,0,0,0,0,0,0,0,0,0,0,0,0,0,0,0,0,0,0,0,0,0,0,0,0,0,0,0,0,0,0,0,0,0,0,0,0,0,0,0,0,0,
Participant,7_3,11_50_0,11.5996,0,2,0,11.59962,0.0000,0.0000,0.0000,0.0000,0.0000,0.0000,3.280954,3.275735,3.278345,,,,,,0,0,0,0,0,0,0,0,0,0,0,0,0,0,0,0,0,0,0,0,0,0,0,0,0,0,0,0,0,0,0,0,0,0,0,0,0,0,0,0,0,0,0,0,0,0,0,0,0,0,0,
Participant,7_3,11_50_0,11.6028,0,2,0,11.60284,0.0000,0.0000,0.0000,0.0000,0.0000,0.0000,3.288629,3.265816,3.277223,,,,,,0,0,0,0,0,0,0,0,0,0,0,0,0,0,0,0,0,0,0,0,0,0,0,0,0,0,0,0,0,0,0,0,0,0,0,0,0,0,0,0,0,0,0,0,0,0,0,0,0,0,0,
Participant,7_3,11_50_0,11.6064,0,2,0,11.60639,0.0000,0.0000,0.0000,0.0000,0.0000,0.0000,3.259185,3.235336,3.247261,,,,,,0,0,0,0,0,0,0,0,0,0,0,0,0,0,0,0,0,0,0,0,0,0,0,0,0,0,0,0,0,0,0,0,0,0,0,0,0,0,0,0,0,0,0,0,0,0,0,0,0,0,0,
Participant,7_3,11_50_0,11.6097,0,2,0,11.60971,0.0000,0.0000,0.0000,0.0000,0.0000,0.0000,3.27857,3.276367,3.277469,,,,,,0,0,0,0,0,0,0,0,0,0,0,0,0,0,0,0,0,0,0,0,0,0,0,0,0,0,0,0,0,0,0,0,0,0,0,0,0,0,0,0,0,0,0,0,0,0,0,0,0,0,0,
Participant,7_3,11_50_0,11.6130,0,2,0,11.61299,0.0000,0.0000,0.0000,0.0000,0.0000,0.0000,3.282084,3.234141,3.258113,,,,,,0,0,0,0,0,0,0,0,0,0,0,0,0,0,0,0,0,0,0,0,0,0,0,0,0,0,0,0,0,0,0,0,0,0,0,0,0,0,0,0,0,0,0,0,0,0,0,0,0,0,0,
Participant,7_3,11_50_0,11.6164,0,2,0,11.61641,0.0000,0.0000,0.0000,0.0000,0.0000,0.0000,3.275712,3.29278,3.284246,,,,,,0,0,0,0,0,0,0,0,0,0,0,0,0,0,0,0,0,0,0,0,0,0,0,0,0,0,0,0,0,0,0,0,0,0,0,0,0,0,0,0,0,0,0,0,0,0,0,0,0,0,0,
Participant,7_3,11_50_0,11.6196,0,2,0,11.61957,0.0000,0.0000,0.0000,0.0000,0.0000,0.0000,3.290965,3.263739,3.277352,,,,,,0,0,0,0,0,0,0,0,0,0,0,0,0,0,0,0,0,0,0,0,0,0,0,0,0,0,0,0,0,0,0,0,0,0,0,0,0,0,0,0,0,0,0,0,0,0,0,0,0,0,0,
Participant,7_3,11_50_0,11.6228,0,2,0,11.62275,0.0000,0.0000,0.0000,0.0000,0.0000,0.0000,3.266656,3.268406,3.267531,,,,,,0,0,0,0,0,0,0,0,0,0,0,0,0,0,0,0,0,0,0,0,0,0,0,0,0,0,0,0,0,0,0,0,0,0,0,0,0,0,0,0,0,0,0,0,0,0,0,0,0,0,0,
Participant,7_3,11_50_0,11.6264,0,2,0,11.62635,0.0000,0.0000,0.0000,0.0000,0.0000,0.0000,3.273499,3.236764,3.255132,,,,,,0,0,0,0,0,0,0,0,0,0,0,0,0,0,0,0,0,0,0,0,0,0,0,0,0,0,0,0,0,0,0,0,0,0,0,0,0,0,0,0,0,0,0,0,0,0,0,0,0,0,0,
Participant,7_3,11_50_0,11.6297,0,2,0,11.62968,0.0000,0.0000,0.0000,0.0000,0.0000,0.0000,3.285921,3.278083,3.282002,,,,,,0,0,0,0,0,0,0,0,0,0,0,0,0,0,0,0,0,0,0,0,0,0,0,0,0,0,0,0,0,0,0,0,0,0,0,0,0,0,0,0,0,0,0,0,0,0,0,0,0,0,0,
Participant,7_3,11_50_0,11.6330,0,2,0,11.63299,0.0000,0.0000,0.0000,0.0000,0.0000,0.0000,3.232322,3.255133,3.243727,,,,,,0,0,0,0,0,0,0,0,0,0,0,0,0,0,0,0,0,0,0,0,0,0,0,0,0,0,0,0,0,0,0,0,0,0,0,0,0,0,0,0,0,0,0,0,0,0,0,0,0,0,0,
Participant,7_3,11_50_0,11.6362,0,2,0,11.63618,0.0000,0.0000,0.0000,0.0000,0.0000,0.0000,3.268164,3.264328,3.266246,,,,,,0,0,0,0,0,0,0,0,0,0,0,0,0,0,0,0,0,0,0,0,0,0,0,0,0,0,0,0,0,0,0,0,0,0,0,0,0,0,0,0,0,0,0,0,0,0,0,0,0,0,0,
Participant,7_3,11_50_0,11.6394,0,2,0,11.63944,0.0000,0.0000,0.0000,0.0000,0.0000,0.0000,3.241125,3.24619,3.243657,,,,,,0,0,0,0,0,0,0,0,0,0,0,0,0,0,0,0,0,0,0,0,0,0,0,0,0,0,0,0,0,0,0,0,0,0,0,0,0,0,0,0,0,0,0,0,0,0,0,0,0,0,0,
Participant,7_3,11_50_0,11.6428,0,2,0,11.64278,0.0000,0.0000,0.0000,0.0000,0.0000,0.0000,3.235189,3.263559,3.249374,,,,,,0,0,0,0,0,0,0,0,0,0,0,0,0,0,0,0,0,0,0,0,0,0,0,0,0,0,0,0,0,0,0,0,0,0,0,0,0,0,0,0,0,0,0,0,0,0,0,0,0,0,0,
Participant,7_3,11_50_0,11.6465,0,2,0,11.64646,0.0000,0.0000,0.0000,0.0000,0.0000,0.0000,3.278254,3.269825,3.274039,,,,,,0,0,0,0,0,0,0,0,0,0,0,0,0,0,0,0,0,0,0,0,0,0,0,0,0,0,0,0,0,0,0,0,0,0,0,0,0,0,0,0,0,0,0,0,0,0,0,0,0,0,0,
Participant,7_3,11_50_0,11.6502,0,2,0,11.65018,0.0000,0.0000,0.0000,0.0000,0.0000,0.0000,3.284525,3.279646,3.282085,,,,,,0,0,0,0,0,0,0,0,0,0,0,0,0,0,0,0,0,0,0,0,0,0,0,0,0,0,0,0,0,0,0,0,0,0,0,0,0,0,0,0,0,0,0,0,0,0,0,0,0,0,0,
Participant,7_3,11_50_0,11.6535,0,2,0,11.65353,0.0000,0.0000,0.0000,0.0000,0.0000,0.0000,3.235706,3.282928,3.259316,,,,,,0,0,0,0,0,0,0,0,0,0,0,0,0,0,0,0,0,0,0,0,0,0,0,0,0,0,0,0,0,0,0,0,0,0,0,0,0,0,0,0,0,0,0,0,0,0,0,0,0,0,0,
Participant,7_3,11_50_0,11.6568,0,2,0,11.65677,0.0000,0.0000,0.0000,0.0000,0.0000,0.0000,3.240767,3.264778,3.252773,,,,,,0,0,0,0,0,0,0,0,0,0,0,0,0,0,0,0,0,0,0,0,0,0,0,0,0,0,0,0,0,0,0,0,0,0,0,0,0,0,0,0,0,0,0,0,0,0,0,0,0,0,0,
Participant,7_3,11_50_0,11.6600,0,2,0,11.65998,0.0000,0.0000,0.0000,0.0000,0.0000,0.0000,3.271973,3.257879,3.264926,,,,,,0,0,0,0,0,0,0,0,0,0,0,0,0,0,0,0,0,0,0,0,0,0,0,0,0,0,0,0,0,0,0,0,0,0,0,0,0,0,0,0,0,0,0,0,0,0,0,0,0,0,0,
Participant,7_3,11_50_0,11.6632,0,2,0,11.6632,0.0000,0.0000,0.0000,0.0000,0.0000,0.0000,3.247375,3.228086,3.237731,,,,,,0,0,0,0,0,0,0,0,0,0,0,0,0,0,0,0,0,0,0,0,0,0,0,0,0,0,0,0,0,0,0,0,0,0,0,0,0,0,0,0,0,0,0,0,0,0,0,0,0,0,0,
Participant,7_3,11_50_0,11.6666,0,2,0,11.66662,0.0000,0.0000,0.0000,0.0000,0.0000,0.0000,3.229679,3.227955,3.228817,,,,,,0,0,0,0,0,0,0,0,0,0,0,0,0,0,0,0,0,0,0,0,0,0,0,0,0,0,0,0,0,0,0,0,0,0,0,0,0,0,0,0,0,0,0,0,0,0,0,0,0,0,0,
Participant,7_3,11_50_0,11.6699,0,2,0,11.66985,0.0000,0.0000,0.0000,0.0000,0.0000,0.0000,3.283087,3.27502,3.279054,,,,,,0,0,0,0,0,0,0,0,0,0,0,0,0,0,0,0,0,0,0,0,0,0,0,0,0,0,0,0,0,0,0,0,0,0,0,0,0,0,0,0,0,0,0,0,0,0,0,0,0,0,0,
Participant,7_3,11_50_0,11.6731,0,2,0,11.67309,0.0000,0.0000,0.0000,0.0000,0.0000,0.0000,3.240775,3.239435,3.240105,,,,,,0,0,0,0,0,0,0,0,0,0,0,0,0,0,0,0,0,0,0,0,0,0,0,0,0,0,0,0,0,0,0,0,0,0,0,0,0,0,0,0,0,0,0,0,0,0,0,0,0,0,0,
Participant,7_3,11_50_0,11.6765,0,2,0,11.67645,0.0000,0.0000,0.0000,0.0000,0.0000,0.0000,3.233401,3.230218,3.231809,,,,,,0,0,0,0,0,0,0,0,0,0,0,0,0,0,0,0,0,0,0,0,0,0,0,0,0,0,0,0,0,0,0,0,0,0,0,0,0,0,0,0,0,0,0,0,0,0,0,0,0,0,0,
Participant,7_3,11_50_0,11.6797,0,2,0,11.67968,0.0000,0.0000,0.0000,0.0000,0.0000,0.0000,3.253252,3.236358,3.244805,,,,,,0,0,0,0,0,0,0,0,0,0,0,0,0,0,0,0,0,0,0,0,0,0,0,0,0,0,0,0,0,0,0,0,0,0,0,0,0,0,0,0,0,0,0,0,0,0,0,0,0,0,0,
Participant,7_3,11_50_0,11.6829,0,2,0,11.68285,0.0000,0.0000,0.0000,0.0000,0.0000,0.0000,3.282004,3.235467,3.258736,,,,,,0,0,0,0,0,0,0,0,0,0,0,0,0,0,0,0,0,0,0,0,0,0,0,0,0,0,0,0,0,0,0,0,0,0,0,0,0,0,0,0,0,0,0,0,0,0,0,0,0,0,0,
Participant,7_3,11_50_0,11.6868,0,2,0,11.68676,0.0000,0.0000,0.0000,0.0000,0.0000,0.0000,3.231667,3.253003,3.242335,,,,,,0,0,0,0,0,0,0,0,0,0,0,0,0,0,0,0,0,0,0,0,0,0,0,0,0,0,0,0,0,0,0,0,0,0,0,0,0,0,0,0,0,0,0,0,0,0,0,0,0,0,0,
Participant,7_3,11_50_0,11.6902,0,2,0,11.69017,0.0000,0.0000,0.0000,0.0000,0.0000,0.0000,3.225138,3.280192,3.252665,,,,,,0,0,0,0,0,0,0,0,0,0,0,0,0,0,0,0,0,0,0,0,0,0,0,0,0,0,0,0,0,0,0,0,0,0,0,0,0,0,0,0,0,0,0,0,0,0,0,0,0,0,0,
Participant,7_3,11_50_0,11.7107,0,2,0,11.71074,0.0000,0.0000,0.0000,0.0000,0.0000,0.0000,3.257949,3.251037,3.254493,,,,,,0,0,0,0,0,0,0,0,0,0,0,0,0,0,0,0,0,0,0,0,0,0,0,0,0,0,0,0,0,0,0,0,0,0,0,0,0,0,0,0,0,0,0,0,0,0,0,0,0,0,0,
Participant,7_3,11_50_0,11.7144,0,2,0,11.71436,0.0000,0.0000,0.0000,0.0000,0.0000,0.0000,3.248358,3.227452,3.237905,,,,,,0,0,0,0,0,0,0,0,0,0,0,0,0,0,0,0,0,0,0,0,0,0,0,0,0,0,0,0,0,0,0,0,0,0,0,0,0,0,0,0,0,0,0,0,0,0,0,0,0,0,0,
Participant,7_3,11_50_0,11.7181,0,2,0,11.71813,0.0000,0.0000,0.0000,0.0000,0.0000,0.0000,3.27575,3.250795,3.263272,,,,,,0,0,0,0,0,0,0,0,0,0,0,0,0,0,0,0,0,0,0,0,0,0,0,0,0,0,0,0,0,0,0,0,0,0,0,0,0,0,0,0,0,0,0,0,0,0,0,0,0,0,0,
Participant,7_3,11_50_0,11.7214,0,2,0,11.72135,0.0000,0.0000,0.0000,0.0000,0.0000,0.0000,3.241594,3.253485,3.247539,,,,,,0,0,0,0,0,0,0,0,0,0,0,0,0,0,0,0,0,0,0,0,0,0,0,0,0,0,0,0,0,0,0,0,0,0,0,0,0,0,0,0,0,0,0,0,0,0,0,0,0,0,0,
Participant,7_3,11_50_0,11.7249,0,2,0,11.72485,0.0000,0.0000,0.0000,0.0000,0.0000,0.0000,3.236428,3.222411,3.229419,,,,,,0,0,0,0,0,0,0,0,0,0,0,0,0,0,0,0,0,0,0,0,0,0,0,0,0,0,0,0,0,0,0,0,0,0,0,0,0,0,0,0,0,0,0,0,0,0,0,0,0,0,0,
Participant,7_3,11_50_0,11.7281,0,2,0,11.72806,0.0000,0.0000,0.0000,0.0000,0.0000,0.0000,3.270057,3.226826,3.248441,,,,,,0,0,0,0,0,0,0,0,0,0,0,0,0,0,0,0,0,0,0,0,0,0,0,0,0,0,0,0,0,0,0,0,0,0,0,0,0,0,0,0,0,0,0,0,0,0,0,0,0,0,0,
Participant,7_3,11_50_0,11.7315,0,2,0,11.73147,0.0000,0.0000,0.0000,0.0000,0.0000,0.0000,3.232388,3.27227,3.252329,,,,,,0,0,0,0,0,0,0,0,0,0,0,0,0,0,0,0,0,0,0,0,0,0,0,0,0,0,0,0,0,0,0,0,0,0,0,0,0,0,0,0,0,0,0,0,0,0,0,0,0,0,0,
Participant,7_3,11_50_0,11.7348,0,2,0,11.73481,0.0000,0.0000,0.0000,0.0000,0.0000,0.0000,3.227397,3.244262,3.235829,,,,,,0,0,0,0,0,0,0,0,0,0,0,0,0,0,0,0,0,0,0,0,0,0,0,0,0,0,0,0,0,0,0,0,0,0,0,0,0,0,0,0,0,0,0,0,0,0,0,0,0,0,0,
Participant,7_3,11_50_0,11.7380,0,2,0,11.73798,0.0000,0.0000,0.0000,0.0000,0.0000,0.0000,3.26122,3.226911,3.244066,,,,,,0,0,0,0,0,0,0,0,0,0,0,0,0,0,0,0,0,0,0,0,0,0,0,0,0,0,0,0,0,0,0,0,0,0,0,0,0,0,0,0,0,0,0,0,0,0,0,0,0,0,0,
Participant,7_3,11_50_0,11.7413,0,2,0,11.74129,0.0000,0.0000,0.0000,0.0000,0.0000,0.0000,3.276342,3.245847,3.261095,,,,,,0,0,0,0,0,0,0,0,0,0,0,0,0,0,0,0,0,0,0,0,0,0,0,0,0,0,0,0,0,0,0,0,0,0,0,0,0,0,0,0,0,0,0,0,0,0,0,0,0,0,0,
Participant,7_3,11_50_0,11.7448,0,2,0,11.74479,0.0000,0.0000,0.0000,0.0000,0.0000,0.0000,3.234714,3.240959,3.237836,,,,,,0,0,0,0,0,0,0,0,0,0,0,0,0,0,0,0,0,0,0,0,0,0,0,0,0,0,0,0,0,0,0,0,0,0,0,0,0,0,0,0,0,0,0,0,0,0,0,0,0,0,0,
Participant,7_3,11_50_0,11.7482,0,2,0,11.74824,0.0000,0.0000,0.0000,0.0000,0.0000,0.0000,3.265482,3.27306,3.269271,,,,,,0,0,0,0,0,0,0,0,0,0,0,0,0,0,0,0,0,0,0,0,0,0,0,0,0,0,0,0,0,0,0,0,0,0,0,0,0,0,0,0,0,0,0,0,0,0,0,0,0,0,0,
Participant,7_3,11_50_0,11.7516,0,2,0,11.75155,0.0000,0.0000,0.0000,0.0000,0.0000,0.0000,3.244298,3.230694,3.237495,,,,,,0,0,0,0,0,0,0,0,0,0,0,0,0,0,0,0,0,0,0,0,0,0,0,0,0,0,0,0,0,0,0,0,0,0,0,0,0,0,0,0,0,0,0,0,0,0,0,0,0,0,0,
Participant,7_3,11_50_0,11.7550,0,2,0,11.75495,0.0000,0.0000,0.0000,0.0000,0.0000,0.0000,3.259476,3.228466,3.243971,,,,,,0,0,0,0,0,0,0,0,0,0,0,0,0,0,0,0,0,0,0,0,0,0,0,0,0,0,0,0,0,0,0,0,0,0,0,0,0,0,0,0,0,0,0,0,0,0,0,0,0,0,0,
Participant,7_3,11_50_0,11.7584,0,2,0,11.75843,0.0000,0.0000,0.0000,0.0000,0.0000,0.0000,3.225986,3.258625,3.242306,,,,,,0,0,0,0,0,0,0,0,0,0,0,0,0,0,0,0,0,0,0,0,0,0,0,0,0,0,0,0,0,0,0,0,0,0,0,0,0,0,0,0,0,0,0,0,0,0,0,0,0,0,0,
Participant,7_3,11_50_0,11.7617,0,2,0,11.76167,0.0000,0.0000,0.0000,0.0000,0.0000,0.0000,3.233339,3.232383,3.232861,,,,,,0,0,0,0,0,0,0,0,0,0,0,0,0,0,0,0,0,0,0,0,0,0,0,0,0,0,0,0,0,0,0,0,0,0,0,0,0,0,0,0,0,0,0,0,0,0,0,0,0,0,0,
Participant,7_3,11_50_0,11.7655,0,2,0,11.76546,0.0000,0.0000,0.0000,0.0000,0.0000,0.0000,3.272406,3.272977,3.272691,,,,,,0,0,0,0,0,0,0,0,0,0,0,0,0,0,0,0,0,0,0,0,0,0,0,0,0,0,0,0,0,0,0,0,0,0,0,0,0,0,0,0,0,0,0,0,0,0,0,0,0,0,0,
Participant,7_3,11_50_0,11.7693,0,2,0,11.76925,0.0000,0.0000,0.0000,0.0000,0.0000,0.0000,3.222028,3.243374,3.232701,,,,,,0,0,0,0,0,0,0,0,0,0,0,0,0,0,0,0,0,0,0,0,0,0,0,0,0,0,0,0,0,0,0,0,0,0,0,0,0,0,0,0,0,0,0,0,0,0,0,0,0,0,0,
Participant,7_3,11_50_0,11.7726,0,2,0,11.77261,0.0000,0.0000,0.0000,0.0000,0.0000,0.0000,3.225403,3.223728,3.224566,,,,,,0,0,0,0,0,0,0,0,0,0,0,0,0,0,0,0,0,0,0,0,0,0,0,0,0,0,0,0,0,0,0,0,0,0,0,0,0,0,0,0,0,0,0,0,0,0,0,0,0,0,0,
Participant,7_3,11_50_0,11.7758,0,2,0,11.77583,0.0000,0.0000,0.0000,0.0000,0.0000,0.0000,3.242829,3.254699,3.248764,,,,,,0,0,0,0,0,0,0,0,0,0,0,0,0,0,0,0,0,0,0,0,0,0,0,0,0,0,0,0,0,0,0,0,0,0,0,0,0,0,0,0,0,0,0,0,0,0,0,0,0,0,0,
Participant,7_3,11_50_0,11.7792,0,2,0,11.77917,0.0000,0.0000,0.0000,0.0000,0.0000,0.0000,3.27922,3.258203,3.268712,,,,,,0,0,0,0,0,0,0,0,0,0,0,0,0,0,0,0,0,0,0,0,0,0,0,0,0,0,0,0,0,0,0,0,0,0,0,0,0,0,0,0,0,0,0,0,0,0,0,0,0,0,0,
Participant,7_3,11_50_0,11.7888,0,2,0,11.78879,0.0000,0.0000,0.0000,0.0000,0.0000,0.0000,3.254039,3.220887,3.237463,,,,,,0,0,0,0,0,0,0,0,0,0,0,0,0,0,0,0,0,0,0,0,0,0,0,0,0,0,0,0,0,0,0,0,0,0,0,0,0,0,0,0,0,0,0,0,0,0,0,0,0,0,0,
Participant,7_3,11_50_0,11.7923,0,2,0,11.79227,0.0000,0.0000,0.0000,0.0000,0.0000,0.0000,3.249822,3.239766,3.244794,,,,,,0,0,0,0,0,0,0,0,0,0,0,0,0,0,0,0,0,0,0,0,0,0,0,0,0,0,0,0,0,0,0,0,0,0,0,0,0,0,0,0,0,0,0,0,0,0,0,0,0,0,0,
Participant,7_3,11_50_0,11.7981,0,2,0,11.7981,0.0000,0.0000,0.0000,0.0000,0.0000,0.0000,3.249679,3.237335,3.243507,,,,,,0,0,0,0,0,0,0,0,0,0,0,0,0,0,0,0,0,0,0,0,0,0,0,0,0,0,0,0,0,0,0,0,0,0,0,0,0,0,0,0,0,0,0,0,0,0,0,0,0,0,0,
Participant,7_3,11_50_0,11.8015,0,2,0,11.80152,0.0000,0.0000,0.0000,0.0000,0.0000,0.0000,3.264725,3.248121,3.256423,,,,,,0,0,0,0,0,0,0,0,0,0,0,0,0,0,0,0,0,0,0,0,0,0,0,0,0,0,0,0,0,0,0,0,0,0,0,0,0,0,0,0,0,0,0,0,0,0,0,0,0,0,0,
Participant,7_3,11_50_0,11.8052,0,2,0,11.80523,0.0000,0.0000,0.0000,0.0000,0.0000,0.0000,3.233958,3.238161,3.236059,,,,,,0,0,0,0,0,0,0,0,0,0,0,0,0,0,0,0,0,0,0,0,0,0,0,0,0,0,0,0,0,0,0,0,0,0,0,0,0,0,0,0,0,0,0,0,0,0,0,0,0,0,0,
Participant,7_3,11_50_0,11.8085,0,2,0,11.80853,0.0000,0.0000,0.0000,0.0000,0.0000,0.0000,3.251769,3.222312,3.237041,,,,,,0,0,0,0,0,0,0,0,0,0,0,0,0,0,0,0,0,0,0,0,0,0,0,0,0,0,0,0,0,0,0,0,0,0,0,0,0,0,0,0,0,0,0,0,0,0,0,0,0,0,0,
Participant,7_3,11_50_0,11.8123,0,2,0,11.81231,0.0000,0.0000,0.0000,0.0000,0.0000,0.0000,3.239735,3.279585,3.25966,,,,,,0,0,0,0,0,0,0,0,0,0,0,0,0,0,0,0,0,0,0,0,0,0,0,0,0,0,0,0,0,0,0,0,0,0,0,0,0,0,0,0,0,0,0,0,0,0,0,0,0,0,0,
Participant,7_3,11_50_0,11.8156,0,2,0,11.81561,0.0000,0.0000,0.0000,0.0000,0.0000,0.0000,3.250293,3.272065,3.261179,,,,,,0,0,0,0,0,0,0,0,0,0,0,0,0,0,0,0,0,0,0,0,0,0,0,0,0,0,0,0,0,0,0,0,0,0,0,0,0,0,0,0,0,0,0,0,0,0,0,0,0,0,0,
Participant,7_3,11_50_0,11.8189,0,2,0,11.81891,0.0000,0.0000,0.0000,0.0000,0.0000,0.0000,3.27016,3.278504,3.274332,,,,,,0,0,0,0,0,0,0,0,0,0,0,0,0,0,0,0,0,0,0,0,0,0,0,0,0,0,0,0,0,0,0,0,0,0,0,0,0,0,0,0,0,0,0,0,0,0,0,0,0,0,0,
Participant,7_3,11_50_0,11.8221,0,2,0,11.82214,0.0000,0.0000,0.0000,0.0000,0.0000,0.0000,3.262805,3.225451,3.244128,,,,,,0,0,0,0,0,0,0,0,0,0,0,0,0,0,0,0,0,0,0,0,0,0,0,0,0,0,0,0,0,0,0,0,0,0,0,0,0,0,0,0,0,0,0,0,0,0,0,0,0,0,0,
Participant,7_3,11_50_0,11.8255,0,2,0,11.82552,0.0000,0.0000,0.0000,0.0000,0.0000,0.0000,3.240423,3.231227,3.235825,,,,,,0,0,0,0,0,0,0,0,0,0,0,0,0,0,0,0,0,0,0,0,0,0,0,0,0,0,0,0,0,0,0,0,0,0,0,0,0,0,0,0,0,0,0,0,0,0,0,0,0,0,0,
Participant,7_3,11_50_0,11.8287,0,2,0,11.82867,0.0000,0.0000,0.0000,0.0000,0.0000,0.0000,3.266877,3.237314,3.252095,,,,,,0,0,0,0,0,0,0,0,0,0,0,0,0,0,0,0,0,0,0,0,0,0,0,0,0,0,0,0,0,0,0,0,0,0,0,0,0,0,0,0,0,0,0,0,0,0,0,0,0,0,0,
Participant,7_3,11_50_0,11.8322,0,2,0,11.83219,0.0000,0.0000,0.0000,0.0000,0.0000,0.0000,3.258605,3.250932,3.254768,,,,,,0,0,0,0,0,0,0,0,0,0,0,0,0,0,0,0,0,0,0,0,0,0,0,0,0,0,0,0,0,0,0,0,0,0,0,0,0,0,0,0,0,0,0,0,0,0,0,0,0,0,0,
Participant,7_3,11_50_0,11.8357,0,2,0,11.83566,0.0000,0.0000,0.0000,0.0000,0.0000,0.0000,3.243202,3.228573,3.235888,,,,,,0,0,0,0,0,0,0,0,0,0,0,0,0,0,0,0,0,0,0,0,0,0,0,0,0,0,0,0,0,0,0,0,0,0,0,0,0,0,0,0,0,0,0,0,0,0,0,0,0,0,0,
Participant,7_3,11_50_0,11.8390,0,2,0,11.83903,0.0000,0.0000,0.0000,0.0000,0.0000,0.0000,3.234615,3.254373,3.244494,,,,,,0,0,0,0,0,0,0,0,0,0,0,0,0,0,0,0,0,0,0,0,0,0,0,0,0,0,0,0,0,0,0,0,0,0,0,0,0,0,0,0,0,0,0,0,0,0,0,0,0,0,0,
Participant,7_3,11_50_0,11.8424,0,2,0,11.84238,0.0000,0.0000,0.0000,0.0000,0.0000,0.0000,3.2397,3.25613,3.247915,,,,,,0,0,0,0,0,0,0,0,0,0,0,0,0,0,0,0,0,0,0,0,0,0,0,0,0,0,0,0,0,0,0,0,0,0,0,0,0,0,0,0,0,0,0,0,0,0,0,0,0,0,0,
Participant,7_3,11_50_0,11.8459,0,2,0,11.84594,0.0000,0.0000,0.0000,0.0000,0.0000,0.0000,3.257056,3.267072,3.262064,,,,,,0,0,0,0,0,0,0,0,0,0,0,0,0,0,0,0,0,0,0,0,0,0,0,0,0,0,0,0,0,0,0,0,0,0,0,0,0,0,0,0,0,0,0,0,0,0,0,0,0,0,0,
Participant,7_3,11_50_0,11.8494,0,2,0,11.84942,0.0000,0.0000,0.0000,0.0000,0.0000,0.0000,3.275471,3.226433,3.250952,,,,,,0,0,0,0,0,0,0,0,0,0,0,0,0,0,0,0,0,0,0,0,0,0,0,0,0,0,0,0,0,0,0,0,0,0,0,0,0,0,0,0,0,0,0,0,0,0,0,0,0,0,0,
Participant,7_3,11_50_0,11.8527,0,2,0,11.85272,0.0000,0.0000,0.0000,0.0000,0.0000,0.0000,3.257834,3.230369,3.244102,,,,,,0,0,0,0,0,0,0,0,0,0,0,0,0,0,0,0,0,0,0,0,0,0,0,0,0,0,0,0,0,0,0,0,0,0,0,0,0,0,0,0,0,0,0,0,0,0,0,0,0,0,0,
Participant,7_3,11_50_0,11.8559,0,2,0,11.85589,0.0000,0.0000,0.0000,0.0000,0.0000,0.0000,3.240952,3.281072,3.261012,,,,,,0,0,0,0,0,0,0,0,0,0,0,0,0,0,0,0,0,0,0,0,0,0,0,0,0,0,0,0,0,0,0,0,0,0,0,0,0,0,0,0,0,0,0,0,0,0,0,0,0,0,0,
Participant,7_3,11_50_0,11.8590,0,2,0,11.85904,0.0000,0.0000,0.0000,0.0000,0.0000,0.0000,3.223799,3.265466,3.244632,,,,,,0,0,0,0,0,0,0,0,0,0,0,0,0,0,0,0,0,0,0,0,0,0,0,0,0,0,0,0,0,0,0,0,0,0,0,0,0,0,0,0,0,0,0,0,0,0,0,0,0,0,0,
Participant,7_3,11_50_0,11.8623,0,2,0,11.86225,0.0000,0.0000,0.0000,0.0000,0.0000,0.0000,3.263017,3.269967,3.266492,,,,,,0,0,0,0,0,0,0,0,0,0,0,0,0,0,0,0,0,0,0,0,0,0,0,0,0,0,0,0,0,0,0,0,0,0,0,0,0,0,0,0,0,0,0,0,0,0,0,0,0,0,0,
Participant,7_3,11_50_0,11.8657,0,2,0,11.86566,0.0000,0.0000,0.0000,0.0000,0.0000,0.0000,3.241026,3.259391,3.250208,,,,,,0,0,0,0,0,0,0,0,0,0,0,0,0,0,0,0,0,0,0,0,0,0,0,0,0,0,0,0,0,0,0,0,0,0,0,0,0,0,0,0,0,0,0,0,0,0,0,0,0,0,0,
Participant,7_3,11_50_0,11.8688,0,2,0,11.86881,0.0000,0.0000,0.0000,0.0000,0.0000,0.0000,3.268449,3.233989,3.251219,,,,,,0,0,0,0,0,0,0,0,0,0,0,0,0,0,0,0,0,0,0,0,0,0,0,0,0,0,0,0,0,0,0,0,0,0,0,0,0,0,0,0,0,0,0,0,0,0,0,0,0,0,0,
Participant,7_3,11_50_0,11.8721,0,2,0,11.87207,0.0000,0.0000,0.0000,0.0000,0.0000,0.0000,3.263608,3.280358,3.271983,,,,,,0,0,0,0,0,0,0,0,0,0,0,0,0,0,0,0,0,0,0,0,0,0,0,0,0,0,0,0,0,0,0,0,0,0,0,0,0,0,0,0,0,0,0,0,0,0,0,0,0,0,0,
Participant,7_3,11_50_0,11.8754,0,2,0,11.87543,0.0000,0.0000,0.0000,0.0000,0.0000,0.0000,3.280783,3.272655,3.276719,,,,,,0,0,0,0,0,0,0,0,0,0,0,0,0,0,0,0,0,0,0,0,0,0,0,0,0,0,0,0,0,0,0,0,0,0,0,0,0,0,0,0,0,0,0,0,0,0,0,0,0,0,0,
Participant,7_3,11_50_0,11.8790,0,2,0,11.87896,0.0000,0.0000,0.0000,0.0000,0.0000,0.0000,3.235146,3.270776,3.252961,,,,,,0,0,0,0,0,0,0,0,0,0,0,0,0,0,0,0,0,0,0,0,0,0,0,0,0,0,0,0,0,0,0,0,0,0,0,0,0,0,0,0,0,0,0,0,0,0,0,0,0,0,0,
Participant,7_3,11_50_0,11.8824,0,2,0,11.88242,0.0000,0.0000,0.0000,0.0000,0.0000,0.0000,3.230702,3.267667,3.249185,,,,,,0,0,0,0,0,0,0,0,0,0,0,0,0,0,0,0,0,0,0,0,0,0,0,0,0,0,0,0,0,0,0,0,0,0,0,0,0,0,0,0,0,0,0,0,0,0,0,0,0,0,0,
Participant,7_3,11_50_0,11.8861,0,2,0,11.88607,0.0000,0.0000,0.0000,0.0000,0.0000,0.0000,3.248482,3.268443,3.258462,,,,,,0,0,0,0,0,0,0,0,0,0,0,0,0,0,0,0,0,0,0,0,0,0,0,0,0,0,0,0,0,0,0,0,0,0,0,0,0,0,0,0,0,0,0,0,0,0,0,0,0,0,0,
Participant,7_3,11_50_0,11.8894,0,2,0,11.88938,0.0000,0.0000,0.0000,0.0000,0.0000,0.0000,3.249056,3.264886,3.256971,,,,,,0,0,0,0,0,0,0,0,0,0,0,0,0,0,0,0,0,0,0,0,0,0,0,0,0,0,0,0,0,0,0,0,0,0,0,0,0,0,0,0,0,0,0,0,0,0,0,0,0,0,0,
Participant,7_3,11_50_0,11.8930,0,2,0,11.89297,0.0000,0.0000,0.0000,0.0000,0.0000,0.0000,3.274609,3.281268,3.277939,,,,,,0,0,0,0,0,0,0,0,0,0,0,0,0,0,0,0,0,0,0,0,0,0,0,0,0,0,0,0,0,0,0,0,0,0,0,0,0,0,0,0,0,0,0,0,0,0,0,0,0,0,0,
Participant,7_3,11_50_0,11.9170,0,2,0,11.91697,0.0000,0.0000,0.0000,0.0000,0.0000,0.0000,3.257866,3.241131,3.249498,,,,,,0,0,0,0,0,0,0,0,0,0,0,0,0,0,0,0,0,0,0,0,0,0,0,0,0,0,0,0,0,0,0,0,0,0,0,0,0,0,0,0,0,0,0,0,0,0,0,0,0,0,0,
Participant,7_3,11_50_0,11.9246,0,2,0,11.92456,0.0000,0.0000,0.0000,0.0000,0.0000,0.0000,3.260254,3.276189,3.268221,,,,,,0,0,0,0,0,0,0,0,0,0,0,0,0,0,0,0,0,0,0,0,0,0,0,0,0,0,0,0,0,0,0,0,0,0,0,0,0,0,0,0,0,0,0,0,0,0,0,0,0,0,0,
Participant,7_3,11_50_0,11.9284,0,2,0,11.92843,0.0000,0.0000,0.0000,0.0000,0.0000,0.0000,3.247382,3.239496,3.243439,,,,,,0,0,0,0,0,0,0,0,0,0,0,0,0,0,0,0,0,0,0,0,0,0,0,0,0,0,0,0,0,0,0,0,0,0,0,0,0,0,0,0,0,0,0,0,0,0,0,0,0,0,0,
Participant,7_3,11_50_0,11.9317,0,2,0,11.93166,0.0000,0.0000,0.0000,0.0000,0.0000,0.0000,3.281112,3.234663,3.257887,,,,,,0,0,0,0,0,0,0,0,0,0,0,0,0,0,0,0,0,0,0,0,0,0,0,0,0,0,0,0,0,0,0,0,0,0,0,0,0,0,0,0,0,0,0,0,0,0,0,0,0,0,0,
Participant,7_3,11_50_0,11.9349,0,2,0,11.9349,0.0000,0.0000,0.0000,0.0000,0.0000,0.0000,3.245417,3.266304,3.255861,,,,,,0,0,0,0,0,0,0,0,0,0,0,0,0,0,0,0,0,0,0,0,0,0,0,0,0,0,0,0,0,0,0,0,0,0,0,0,0,0,0,0,0,0,0,0,0,0,0,0,0,0,0,
Participant,7_3,11_50_0,11.9381,0,2,0,11.93812,0.0000,0.0000,0.0000,0.0000,0.0000,0.0000,3.287491,3.250472,3.268981,,,,,,0,0,0,0,0,0,0,0,0,0,0,0,0,0,0,0,0,0,0,0,0,0,0,0,0,0,0,0,0,0,0,0,0,0,0,0,0,0,0,0,0,0,0,0,0,0,0,0,0,0,0,
Participant,7_3,11_50_1,11.9413,0,2,0,11.94129,0.0000,0.0000,0.0000,0.0000,0.0000,0.0000,3.27617,3.237334,3.256752,,,,,,0,0,0,0,0,0,0,0,0,0,0,0,0,0,0,0,0,0,0,0,0,0,0,0,0,0,0,0,0,0,0,0,0,0,0,0,0,0,0,0,0,0,0,0,0,0,0,0,0,0,0,
Participant,7_3,11_50_1,11.9449,0,2,0,11.94488,0.0000,0.0000,0.0000,0.0000,0.0000,0.0000,3.234242,3.262139,3.24819,,,,,,0,0,0,0,0,0,0,0,0,0,0,0,0,0,0,0,0,0,0,0,0,0,0,0,0,0,0,0,0,0,0,0,0,0,0,0,0,0,0,0,0,0,0,0,0,0,0,0,0,0,0,
Participant,7_3,11_50_1,11.9481,0,2,0,11.94806,0.0000,0.0000,0.0000,0.0000,0.0000,0.0000,3.278414,3.234308,3.256361,,,,,,0,0,0,0,0,0,0,0,0,0,0,0,0,0,0,0,0,0,0,0,0,0,0,0,0,0,0,0,0,0,0,0,0,0,0,0,0,0,0,0,0,0,0,0,0,0,0,0,0,0,0,
Participant,7_3,11_50_1,11.9513,0,2,0,11.95126,0.0000,0.0000,0.0000,0.0000,0.0000,0.0000,3.261242,3.280631,3.270936,,,,,,0,0,0,0,0,0,0,0,0,0,0,0,0,0,0,0,0,0,0,0,0,0,0,0,0,0,0,0,0,0,0,0,0,0,0,0,0,0,0,0,0,0,0,0,0,0,0,0,0,0,0,
Participant,7_3,11_50_1,11.9546,0,2,0,11.95456,0.0000,0.0000,0.0000,0.0000,0.0000,0.0000,3.266487,3.236347,3.251417,,,,,,0,0,0,0,0,0,0,0,0,0,0,0,0,0,0,0,0,0,0,0,0,0,0,0,0,0,0,0,0,0,0,0,0,0,0,0,0,0,0,0,0,0,0,0,0,0,0,0,0,0,0,
Participant,7_3,11_50_1,11.9580,0,2,0,11.95798,0.0000,0.0000,0.0000,0.0000,0.0000,0.0000,3.264621,3.287021,3.275821,,,,,,0,0,0,0,0,0,0,0,0,0,0,0,0,0,0,0,0,0,0,0,0,0,0,0,0,0,0,0,0,0,0,0,0,0,0,0,0,0,0,0,0,0,0,0,0,0,0,0,0,0,0,
Participant,7_3,11_50_1,11.9619,0,2,0,11.96187,0.0000,0.0000,0.0000,0.0000,0.0000,0.0000,3.282875,3.294758,3.288816,,,,,,0,0,0,0,0,0,0,0,0,0,0,0,0,0,0,0,0,0,0,0,0,0,0,0,0,0,0,0,0,0,0,0,0,0,0,0,0,0,0,0,0,0,0,0,0,0,0,0,0,0,0,
Participant,7_3,11_50_1,11.9654,0,2,0,11.96543,0.0000,0.0000,0.0000,0.0000,0.0000,0.0000,3.286841,3.242697,3.264769,,,,,,0,0,0,0,0,0,0,0,0,0,0,0,0,0,0,0,0,0,0,0,0,0,0,0,0,0,0,0,0,0,0,0,0,0,0,0,0,0,0,0,0,0,0,0,0,0,0,0,0,0,0,
Participant,7_3,11_50_1,11.9687,0,2,0,11.96867,0.0000,0.0000,0.0000,0.0000,0.0000,0.0000,3.246782,3.288581,3.267681,,,,,,0,0,0,0,0,0,0,0,0,0,0,0,0,0,0,0,0,0,0,0,0,0,0,0,0,0,0,0,0,0,0,0,0,0,0,0,0,0,0,0,0,0,0,0,0,0,0,0,0,0,0,
Participant,7_3,11_50_1,11.9719,0,2,0,11.97188,0.0000,0.0000,0.0000,0.0000,0.0000,0.0000,3.283609,3.248984,3.266296,,,,,,0,0,0,0,0,0,0,0,0,0,0,0,0,0,0,0,0,0,0,0,0,0,0,0,0,0,0,0,0,0,0,0,0,0,0,0,0,0,0,0,0,0,0,0,0,0,0,0,0,0,0,
Participant,7_3,11_50_1,11.9752,0,2,0,11.97521,0.0000,0.0000,0.0000,0.0000,0.0000,0.0000,3.252085,3.249693,3.250889,,,,,,0,0,0,0,0,0,0,0,0,0,0,0,0,0,0,0,0,0,0,0,0,0,0,0,0,0,0,0,0,0,0,0,0,0,0,0,0,0,0,0,0,0,0,0,0,0,0,0,0,0,0,
Participant,7_3,11_50_1,11.9796,0,2,0,11.9796,0.0000,0.0000,0.0000,0.0000,0.0000,0.0000,3.263459,3.277485,3.270472,,,,,,0,0,0,0,0,0,0,0,0,0,0,0,0,0,0,0,0,0,0,0,0,0,0,0,0,0,0,0,0,0,0,0,0,0,0,0,0,0,0,0,0,0,0,0,0,0,0,0,0,0,0,
Participant,7_3,11_50_1,11.9835,0,2,0,11.98353,0.0000,0.0000,0.0000,0.0000,0.0000,0.0000,3.276297,3.273636,3.274966,,,,,,0,0,0,0,0,0,0,0,0,0,0,0,0,0,0,0,0,0,0,0,0,0,0,0,0,0,0,0,0,0,0,0,0,0,0,0,0,0,0,0,0,0,0,0,0,0,0,0,0,0,0,
Participant,7_3,11_50_1,11.9874,0,2,0,11.98738,0.0000,0.0000,0.0000,0.0000,0.0000,0.0000,3.288324,3.251036,3.26968,,,,,,0,0,0,0,0,0,0,0,0,0,0,0,0,0,0,0,0,0,0,0,0,0,0,0,0,0,0,0,0,0,0,0,0,0,0,0,0,0,0,0,0,0,0,0,0,0,0,0,0,0,0,
Participant,7_3,11_50_1,11.9909,0,2,0,11.99085,0.0000,0.0000,0.0000,0.0000,0.0000,0.0000,3.256245,3.296646,3.276446,,,,,,0,0,0,0,0,0,0,0,0,0,0,0,0,0,0,0,0,0,0,0,0,0,0,0,0,0,0,0,0,0,0,0,0,0,0,0,0,0,0,0,0,0,0,0,0,0,0,0,0,0,0,
Participant,7_3,11_50_1,11.9978,0,2,0,11.99783,0.0000,0.0000,0.0000,0.0000,0.0000,0.0000,3.274801,3.285412,3.280106,,,,,,0,0,0,0,0,0,0,0,0,0,0,0,0,0,0,0,0,0,0,0,0,0,0,0,0,0,0,0,0,0,0,0,0,0,0,0,0,0,0,0,0,0,0,0,0,0,0,0,0,0,0,
Participant,7_3,11_50_1,12.0011,0,2,0,12.00114,0.0000,0.0000,0.0000,0.0000,0.0000,0.0000,3.260148,3.280004,3.270076,,,,,,0,0,0,0,0,0,0,0,0,0,0,0,0,0,0,0,0,0,0,0,0,0,0,0,0,0,0,0,0,0,0,0,0,0,0,0,0,0,0,0,0,0,0,0,0,0,0,0,0,0,0,
Participant,7_3,11_50_1,12.0048,0,2,0,12.00477,0.0000,0.0000,0.0000,0.0000,0.0000,0.0000,3.293674,3.281088,3.287381,,,,,,0,0,0,0,0,0,0,0,0,0,0,0,0,0,0,0,0,0,0,0,0,0,0,0,0,0,0,0,0,0,0,0,0,0,0,0,0,0,0,0,0,0,0,0,0,0,0,0,0,0,0,
Participant,7_3,11_50_1,12.0087,0,2,0,12.00869,0.0000,0.0000,0.0000,0.0000,0.0000,0.0000,3.304246,3.284396,3.294321,-0.2078404,,,,,0,0,0,0,0,0,0,0,0,0,0,0,0,0,0,0,0,0,0,0,0,0,0,0,0,0,0,0,0,0,0,0,0,0,0,0,0,0,0,0,0,0,0,0,0,0,0,0,0,0,0,
Participant,7_3,11_50_1,12.0121,0,2,0,12.01213,0.0000,0.0000,0.0000,0.0000,0.0000,0.0000,3.274384,3.265253,3.269818,-0.2323432,,,,,0,0,0,0,0,0,0,0,0,0,0,0,0,0,0,0,0,0,0,0,0,0,0,0,0,0,0,0,0,0,0,0,0,0,0,0,0,0,0,0,0,0,0,0,0,0,0,0,0,0,0,
Participant,7_3,11_50_1,12.0163,0,2,0,12.01628,0.0000,0.0000,0.0000,0.0000,0.0000,0.0000,3.261171,3.295788,3.278479,-0.2236824,,,,,0,0,0,0,0,0,0,0,0,0,0,0,0,0,0,0,0,0,0,0,0,0,0,0,0,0,0,0,0,0,0,0,0,0,0,0,0,0,0,0,0,0,0,0,0,0,0,0,0,0,0,
Participant,7_3,11_50_1,12.0196,0,2,0,12.01956,0.0000,0.0000,0.0000,0.0000,0.0000,0.0000,3.277339,3.260457,3.268898,-0.2332637,,,,,0,0,0,0,0,0,0,0,0,0,0,0,0,0,0,0,0,0,0,0,0,0,0,0,0,0,0,0,0,0,0,0,0,0,0,0,0,0,0,0,0,0,0,0,0,0,0,0,0,0,0,
Participant,7_3,11_50_1,12.0229,0,2,0,12.02291,0.0000,0.0000,0.0000,0.0000,0.0000,0.0000,3.276284,3.282564,3.279424,-0.2227373,,,,,0,0,0,0,0,0,0,0,0,0,0,0,0,0,0,0,0,0,0,0,0,0,0,0,0,0,0,0,0,0,0,0,0,0,0,0,0,0,0,0,0,0,0,0,0,0,0,0,0,0,0,
Participant,7_3,11_50_1,12.0267,0,2,0,12.0267,0.0000,0.0000,0.0000,0.0000,0.0000,0.0000,3.257604,3.252219,3.254912,-0.2472498,,,,,0,0,0,0,0,0,0,0,0,0,0,0,0,0,0,0,0,0,0,0,0,0,0,0,0,0,0,0,0,0,0,0,0,0,0,0,0,0,0,0,0,0,0,0,0,0,0,0,0,0,0,
Participant,7_3,11_50_1,12.0303,0,2,0,12.03026,0.0000,0.0000,0.0000,0.0000,0.0000,0.0000,3.282315,3.294866,3.288591,-0.2135706,,,,,0,0,0,0,0,0,0,0,0,0,0,0,0,0,0,0,0,0,0,0,0,0,0,0,0,0,0,0,0,0,0,0,0,0,0,0,0,0,0,0,0,0,0,0,0,0,0,0,0,0,0,
Participant,7_3,11_50_1,12.0342,0,2,0,12.03419,0.0000,0.0000,0.0000,0.0000,0.0000,0.0000,3.300772,3.254023,3.277397,-0.2247641,,,,,0,0,0,0,0,0,0,0,0,0,0,0,0,0,0,0,0,0,0,0,0,0,0,0,0,0,0,0,0,0,0,0,0,0,0,0,0,0,0,0,0,0,0,0,0,0,0,0,0,0,0,
Participant,7_3,11_50_1,12.0375,0,2,0,12.03754,0.0000,0.0000,0.0000,0.0000,0.0000,0.0000,3.291609,3.266198,3.278903,-0.2232583,,,,,0,0,0,0,0,0,0,0,0,0,0,0,0,0,0,0,0,0,0,0,0,0,0,0,0,0,0,0,0,0,0,0,0,0,0,0,0,0,0,0,0,0,0,0,0,0,0,0,0,0,0,
Participant,7_3,11_50_1,12.0408,0,2,0,12.04079,0.0000,0.0000,0.0000,0.0000,0.0000,0.0000,3.257882,3.309847,3.283864,-0.218297,,,,,0,0,0,0,0,0,0,0,0,0,0,0,0,0,0,0,0,0,0,0,0,0,0,0,0,0,0,0,0,0,0,0,0,0,0,0,0,0,0,0,0,0,0,0,0,0,0,0,0,0,0,
Participant,7_3,11_50_1,12.0443,0,2,0,12.04425,0.0000,0.0000,0.0000,0.0000,0.0000,0.0000,3.302545,3.287992,3.295269,-0.2068927,,,,,0,0,0,0,0,0,0,0,0,0,0,0,0,0,0,0,0,0,0,0,0,0,0,0,0,0,0,0,0,0,0,0,0,0,0,0,0,0,0,0,0,0,0,0,0,0,0,0,0,0,0,
Participant,7_3,11_50_1,12.0475,0,2,0,12.04751,0.0000,0.0000,0.0000,0.0000,0.0000,0.0000,3.31218,3.273959,3.293069,-0.2090921,,,,,0,0,0,0,0,0,0,0,0,0,0,0,0,0,0,0,0,0,0,0,0,0,0,0,0,0,0,0,0,0,0,0,0,0,0,0,0,0,0,0,0,0,0,0,0,0,0,0,0,0,0,
Participant,7_3,11_50_1,12.0509,0,2,0,12.05086,0.0000,0.0000,0.0000,0.0000,0.0000,0.0000,3.272125,3.258868,3.265496,-0.2366655,,,,,0,0,0,0,0,0,0,0,0,0,0,0,0,0,0,0,0,0,0,0,0,0,0,0,0,0,0,0,0,0,0,0,0,0,0,0,0,0,0,0,0,0,0,0,0,0,0,0,0,0,0,
Participant,7_3,11_50_1,12.0540,0,2,0,12.05402,0.0000,0.0000,0.0000,0.0000,0.0000,0.0000,3.277651,3.257143,3.267397,-0.2347646,,,,,0,0,0,0,0,0,0,0,0,0,0,0,0,0,0,0,0,0,0,0,0,0,0,0,0,0,0,0,0,0,0,0,0,0,0,0,0,0,0,0,0,0,0,0,0,0,0,0,0,0,0,
Participant,7_3,11_50_1,12.0572,0,2,0,12.05724,0.0000,0.0000,0.0000,0.0000,0.0000,0.0000,3.298107,3.301645,3.299876,-0.2022855,,,,,0,0,0,0,0,0,0,0,0,0,0,0,0,0,0,0,0,0,0,0,0,0,0,0,0,0,0,0,0,0,0,0,0,0,0,0,0,0,0,0,0,0,0,0,0,0,0,0,0,0,0,
Participant,7_3,11_50_1,12.0604,0,2,0,12.06044,0.0000,0.0000,0.0000,0.0000,0.0000,0.0000,3.275493,3.317747,3.29662,-0.2055416,,,,,0,0,0,0,0,0,0,0,0,0,0,0,0,0,0,0,0,0,0,0,0,0,0,0,0,0,0,0,0,0,0,0,0,0,0,0,0,0,0,0,0,0,0,0,0,0,0,0,0,0,0,
Participant,7_3,11_50_1,12.0640,0,2,0,12.06398,0.0000,0.0000,0.0000,0.0000,0.0000,0.0000,3.263885,3.309154,3.28652,-0.215642,,,,,0,0,0,0,0,0,0,0,0,0,0,0,0,0,0,0,0,0,0,0,0,0,0,0,0,0,0,0,0,0,0,0,0,0,0,0,0,0,0,0,0,0,0,0,0,0,0,0,0,0,0,
Participant,7_3,11_50_1,12.0673,0,2,0,12.06731,0.0000,0.0000,0.0000,0.0000,0.0000,0.0000,3.271537,3.292269,3.281903,-0.2202582,,,,,0,0,0,0,0,0,0,0,0,0,0,0,0,0,0,0,0,0,0,0,0,0,0,0,0,0,0,0,0,0,0,0,0,0,0,0,0,0,0,0,0,0,0,0,0,0,0,0,0,0,0,
Participant,7_3,11_50_1,12.0707,0,2,0,12.07068,0.0000,0.0000,0.0000,0.0000,0.0000,0.0000,3.273622,3.292875,3.283248,-0.2189136,,,,,0,0,0,0,0,0,0,0,0,0,0,0,0,0,0,0,0,0,0,0,0,0,0,0,0,0,0,0,0,0,0,0,0,0,0,0,0,0,0,0,0,0,0,0,0,0,0,0,0,0,0,
Participant,7_3,11_50_1,12.0738,0,2,0,12.07384,0.0000,0.0000,0.0000,0.0000,0.0000,0.0000,3.271886,3.299068,3.285477,-0.2166848,,,,,0,0,0,0,0,0,0,0,0,0,0,0,0,0,0,0,0,0,0,0,0,0,0,0,0,0,0,0,0,0,0,0,0,0,0,0,0,0,0,0,0,0,0,0,0,0,0,0,0,0,0,
Participant,7_3,11_50_1,12.0770,0,2,0,12.07701,0.0000,0.0000,0.0000,0.0000,0.0000,0.0000,3.268132,3.311097,3.289615,-0.2125466,,,,,0,0,0,0,0,0,0,0,0,0,0,0,0,0,0,0,0,0,0,0,0,0,0,0,0,0,0,0,0,0,0,0,0,0,0,0,0,0,0,0,0,0,0,0,0,0,0,0,0,0,0,
Participant,7_3,11_50_1,12.0801,0,2,0,12.08013,0.0000,0.0000,0.0000,0.0000,0.0000,0.0000,3.303161,3.279762,3.291461,-0.2107,,,,,0,0,0,0,0,0,0,0,0,0,0,0,0,0,0,0,0,0,0,0,0,0,0,0,0,0,0,0,0,0,0,0,0,0,0,0,0,0,0,0,0,0,0,0,0,0,0,0,0,0,0,
Participant,7_3,11_50_1,12.0835,0,2,0,12.08354,0.0000,0.0000,0.0000,0.0000,0.0000,0.0000,3.282285,3.276932,3.279608,-0.222553,,,,,0,0,0,0,0,0,0,0,0,0,0,0,0,0,0,0,0,0,0,0,0,0,0,0,0,0,0,0,0,0,0,0,0,0,0,0,0,0,0,0,0,0,0,0,0,0,0,0,0,0,0,
Participant,7_3,11_50_1,12.0867,0,2,0,12.08668,0.0000,0.0000,0.0000,0.0000,0.0000,0.0000,3.26876,3.269732,3.269246,-0.2329159,,,,,0,0,0,0,0,0,0,0,0,0,0,0,0,0,0,0,0,0,0,0,0,0,0,0,0,0,0,0,0,0,0,0,0,0,0,0,0,0,0,0,0,0,0,0,0,0,0,0,0,0,0,
Participant,7_3,11_50_1,12.0898,0,2,0,12.08984,0.0000,0.0000,0.0000,0.0000,0.0000,0.0000,3.271401,3.305363,3.288382,-0.2137792,,,,,0,0,0,0,0,0,0,0,0,0,0,0,0,0,0,0,0,0,0,0,0,0,0,0,0,0,0,0,0,0,0,0,0,0,0,0,0,0,0,0,0,0,0,0,0,0,0,0,0,0,0,
Participant,7_3,11_50_1,12.0930,0,2,0,12.09298,0.0000,0.0000,0.0000,0.0000,0.0000,0.0000,3.324735,3.286073,3.305404,-0.1967576,,,,,0,0,0,0,0,0,0,0,0,0,0,0,0,0,0,0,0,0,0,0,0,0,0,0,0,0,0,0,0,0,0,0,0,0,0,0,0,0,0,0,0,0,0,0,0,0,0,0,0,0,0,
Participant,7_3,11_50_1,12.1138,0,2,0,12.11379,0.0000,0.0000,0.0000,0.0000,0.0000,0.0000,3.324919,3.325662,3.32529,-0.1768713,,,,,0,0,0,0,0,0,0,0,0,0,0,0,0,0,0,0,0,0,0,0,0,0,0,0,0,0,0,0,0,0,0,0,0,0,0,0,0,0,0,0,0,0,0,0,0,0,0,0,0,0,0,
Participant,7_3,11_50_1,12.1174,0,2,0,12.1174,0.0000,0.0000,0.0000,0.0000,0.0000,0.0000,3.298824,3.318318,3.308571,-0.1935906,,,,,0,0,0,0,0,0,0,0,0,0,0,0,0,0,0,0,0,0,0,0,0,0,0,0,0,0,0,0,0,0,0,0,0,0,0,0,0,0,0,0,0,0,0,0,0,0,0,0,0,0,0,
Participant,7_3,11_50_1,12.1207,0,2,0,12.1207,0.0000,0.0000,0.0000,0.0000,0.0000,0.0000,3.321455,3.329982,3.325719,-0.1764429,,,,,0,0,0,0,0,0,0,0,0,0,0,0,0,0,0,0,0,0,0,0,0,0,0,0,0,0,0,0,0,0,0,0,0,0,0,0,0,0,0,0,0,0,0,0,0,0,0,0,0,0,0,
Participant,7_3,11_50_1,12.1242,0,2,0,12.12422,0.0000,0.0000,0.0000,0.0000,0.0000,0.0000,3.303502,3.331607,3.317554,-0.184607,,,,,0,0,0,0,0,0,0,0,0,0,0,0,0,0,0,0,0,0,0,0,0,0,0,0,0,0,0,0,0,0,0,0,0,0,0,0,0,0,0,0,0,0,0,0,0,0,0,0,0,0,0,
Participant,7_3,11_50_1,12.1275,0,2,0,12.12745,0.0000,0.0000,0.0000,0.0000,0.0000,0.0000,3.280793,3.31,3.295397,-0.2067649,,,,,0,0,0,0,0,0,0,0,0,0,0,0,0,0,0,0,0,0,0,0,0,0,0,0,0,0,0,0,0,0,0,0,0,0,0,0,0,0,0,0,0,0,0,0,0,0,0,0,0,0,0,
Participant,7_3,11_50_1,12.1307,0,2,0,12.13066,0.0000,0.0000,0.0000,0.0000,0.0000,0.0000,3.330309,3.297548,3.313929,-0.1882329,,,,,0,0,0,0,0,0,0,0,0,0,0,0,0,0,0,0,0,0,0,0,0,0,0,0,0,0,0,0,0,0,0,0,0,0,0,0,0,0,0,0,0,0,0,0,0,0,0,0,0,0,0,
Participant,7_3,11_50_1,12.1340,0,2,0,12.13401,0.0000,0.0000,0.0000,0.0000,0.0000,0.0000,3.322568,3.300895,3.311732,-0.1904299,,,,,0,0,0,0,0,0,0,0,0,0,0,0,0,0,0,0,0,0,0,0,0,0,0,0,0,0,0,0,0,0,0,0,0,0,0,0,0,0,0,0,0,0,0,0,0,0,0,0,0,0,0,
Participant,7_3,11_50_1,12.1377,0,2,0,12.13769,0.0000,0.0000,0.0000,0.0000,0.0000,0.0000,3.305226,3.305554,3.30539,-0.1967716,,,,,0,0,0,0,0,0,0,0,0,0,0,0,0,0,0,0,0,0,0,0,0,0,0,0,0,0,0,0,0,0,0,0,0,0,0,0,0,0,0,0,0,0,0,0,0,0,0,0,0,0,0,
Participant,7_3,11_50_1,12.1411,0,2,0,12.14109,0.0000,0.0000,0.0000,0.0000,0.0000,0.0000,3.326002,3.31899,3.322496,-0.1796653,,,,,0,0,0,0,0,0,0,0,0,0,0,0,0,0,0,0,0,0,0,0,0,0,0,0,0,0,0,0,0,0,0,0,0,0,0,0,0,0,0,0,0,0,0,0,0,0,0,0,0,0,0,
Participant,7_3,11_50_1,12.1446,0,2,0,12.14455,0.0000,0.0000,0.0000,0.0000,0.0000,0.0000,3.314976,3.313966,3.314471,-0.1876907,,,,,0,0,0,0,0,0,0,0,0,0,0,0,0,0,0,0,0,0,0,0,0,0,0,0,0,0,0,0,0,0,0,0,0,0,0,0,0,0,0,0,0,0,0,0,0,0,0,0,0,0,0,
Participant,7_3,11_50_1,12.1477,0,2,0,12.14773,0.0000,0.0000,0.0000,0.0000,0.0000,0.0000,3.321301,3.319884,3.320592,-0.1815691,,,,,0,0,0,0,0,0,0,0,0,0,0,0,0,0,0,0,0,0,0,0,0,0,0,0,0,0,0,0,0,0,0,0,0,0,0,0,0,0,0,0,0,0,0,0,0,0,0,0,0,0,0,
Participant,7_3,11_50_1,12.1509,0,2,0,12.1509,0.0000,0.0000,0.0000,0.0000,0.0000,0.0000,3.334978,3.300505,3.317741,-0.1844201,,,,,0,0,0,0,0,0,0,0,0,0,0,0,0,0,0,0,0,0,0,0,0,0,0,0,0,0,0,0,0,0,0,0,0,0,0,0,0,0,0,0,0,0,0,0,0,0,0,0,0,0,0,
Participant,7_3,11_50_1,12.1541,0,2,0,12.15414,0.0000,0.0000,0.0000,0.0000,0.0000,0.0000,3.306776,3.344315,3.325546,-0.176616,,,,,0,0,0,0,0,0,0,0,0,0,0,0,0,0,0,0,0,0,0,0,0,0,0,0,0,0,0,0,0,0,0,0,0,0,0,0,0,0,0,0,0,0,0,0,0,0,0,0,0,0,0,
Participant,7_3,11_50_1,12.1575,0,2,0,12.15747,0.0000,0.0000,0.0000,0.0000,0.0000,0.0000,3.302011,3.320293,3.311152,-0.1910095,,,,,0,0,0,0,0,0,0,0,0,0,0,0,0,0,0,0,0,0,0,0,0,0,0,0,0,0,0,0,0,0,0,0,0,0,0,0,0,0,0,0,0,0,0,0,0,0,0,0,0,0,0,
Participant,7_3,11_50_1,12.1607,0,2,0,12.16073,0.0000,0.0000,0.0000,0.0000,0.0000,0.0000,3.306299,3.333137,3.319718,-0.1824431,,,,,0,0,0,0,0,0,0,0,0,0,0,0,0,0,0,0,0,0,0,0,0,0,0,0,0,0,0,0,0,0,0,0,0,0,0,0,0,0,0,0,0,0,0,0,0,0,0,0,0,0,0,
Participant,7_3,11_50_1,12.1642,0,2,0,12.16421,0.0000,0.0000,0.0000,0.0000,0.0000,0.0000,3.34663,3.334608,3.340619,-0.1615427,,,,,0,0,0,0,0,0,0,0,0,0,0,0,0,0,0,0,0,0,0,0,0,0,0,0,0,0,0,0,0,0,0,0,0,0,0,0,0,0,0,0,0,0,0,0,0,0,0,0,0,0,0,
Participant,7_3,11_50_1,12.1676,0,2,0,12.16759,0.0000,0.0000,0.0000,0.0000,0.0000,0.0000,3.292811,3.34432,3.318565,-0.1835961,,,,,0,0,0,0,0,0,0,0,0,0,0,0,0,0,0,0,0,0,0,0,0,0,0,0,0,0,0,0,0,0,0,0,0,0,0,0,0,0,0,0,0,0,0,0,0,0,0,0,0,0,0,
Participant,7_3,11_50_1,12.1709,0,2,0,12.17086,0.0000,0.0000,0.0000,0.0000,0.0000,0.0000,3.329139,3.344851,3.336995,-0.1651669,,,,,0,0,0,0,0,0,0,0,0,0,0,0,0,0,0,0,0,0,0,0,0,0,0,0,0,0,0,0,0,0,0,0,0,0,0,0,0,0,0,0,0,0,0,0,0,0,0,0,0,0,0,
Participant,7_3,11_50_1,12.1742,0,2,0,12.17417,0.0000,0.0000,0.0000,0.0000,0.0000,0.0000,3.293795,3.342472,3.318133,-0.1840284,,,,,0,0,0,0,0,0,0,0,0,0,0,0,0,0,0,0,0,0,0,0,0,0,0,0,0,0,0,0,0,0,0,0,0,0,0,0,0,0,0,0,0,0,0,0,0,0,0,0,0,0,0,
Participant,7_3,11_50_1,12.1775,0,2,0,12.17749,0.0000,0.0000,0.0000,0.0000,0.0000,0.0000,3.315651,3.322152,3.318902,-0.18326,,,,,0,0,0,0,0,0,0,0,0,0,0,0,0,0,0,0,0,0,0,0,0,0,0,0,0,0,0,0,0,0,0,0,0,0,0,0,0,0,0,0,0,0,0,0,0,0,0,0,0,0,0,
Participant,7_3,11_50_1,12.1808,0,2,0,12.18079,0.0000,0.0000,0.0000,0.0000,0.0000,0.0000,3.301689,3.322091,3.31189,-0.1902714,,,,,0,0,0,0,0,0,0,0,0,0,0,0,0,0,0,0,0,0,0,0,0,0,0,0,0,0,0,0,0,0,0,0,0,0,0,0,0,0,0,0,0,0,0,0,0,0,0,0,0,0,0,
Participant,7_3,11_50_1,12.1843,0,2,0,12.18429,0.0000,0.0000,0.0000,0.0000,0.0000,0.0000,3.343446,3.322106,3.332776,-0.1693854,,,,,0,0,0,0,0,0,0,0,0,0,0,0,0,0,0,0,0,0,0,0,0,0,0,0,0,0,0,0,0,0,0,0,0,0,0,0,0,0,0,0,0,0,0,0,0,0,0,0,0,0,0,
Participant,7_3,11_50_1,12.1875,0,2,0,12.18747,0.0000,0.0000,0.0000,0.0000,0.0000,0.0000,3.33123,3.337675,3.334453,-0.1677086,,,,,0,0,0,0,0,0,0,0,0,0,0,0,0,0,0,0,0,0,0,0,0,0,0,0,0,0,0,0,0,0,0,0,0,0,0,0,0,0,0,0,0,0,0,0,0,0,0,0,0,0,0,
Participant,7_3,11_50_1,12.1906,0,2,0,12.1906,0.0000,0.0000,0.0000,0.0000,0.0000,0.0000,3.310119,3.301632,3.305876,-0.1962857,,,,,0,0,0,0,0,0,0,0,0,0,0,0,0,0,0,0,0,0,0,0,0,0,0,0,0,0,0,0,0,0,0,0,0,0,0,0,0,0,0,0,0,0,0,0,0,0,0,0,0,0,0,
Participant,7_3,11_50_1,12.1939,0,2,0,12.19386,0.0000,0.0000,0.0000,0.0000,0.0000,0.0000,3.345501,3.324726,3.335114,-0.167048,,,,,0,0,0,0,0,0,0,0,0,0,0,0,0,0,0,0,0,0,0,0,0,0,0,0,0,0,0,0,0,0,0,0,0,0,0,0,0,0,0,0,0,0,0,0,0,0,0,0,0,0,0,
Participant,7_3,11_50_1,12.1973,0,2,0,12.19727,0.0000,0.0000,0.0000,0.0000,0.0000,0.0000,3.3042,3.352597,3.328399,-0.1737628,,,,,0,0,0,0,0,0,0,0,0,0,0,0,0,0,0,0,0,0,0,0,0,0,0,0,0,0,0,0,0,0,0,0,0,0,0,0,0,0,0,0,0,0,0,0,0,0,0,0,0,0,0,
Participant,7_3,11_50_1,12.2005,0,2,0,12.20049,0.0000,0.0000,0.0000,0.0000,0.0000,0.0000,3.305231,3.356158,3.330694,-0.1714673,,,,,0,0,0,0,0,0,0,0,0,0,0,0,0,0,0,0,0,0,0,0,0,0,0,0,0,0,0,0,0,0,0,0,0,0,0,0,0,0,0,0,0,0,0,0,0,0,0,0,0,0,0,
Participant,7_3,11_50_1,12.2038,0,2,0,12.20384,0.0000,0.0000,0.0000,0.0000,0.0000,0.0000,3.312514,3.318859,3.315686,-0.1864753,,,,,0,0,0,0,0,0,0,0,0,0,0,0,0,0,0,0,0,0,0,0,0,0,0,0,0,0,0,0,0,0,0,0,0,0,0,0,0,0,0,0,0,0,0,0,0,0,0,0,0,0,0,
Participant,7_3,11_50_1,12.2071,0,2,0,12.20709,0.0000,0.0000,0.0000,0.0000,0.0000,0.0000,3.305671,3.337595,3.321633,-0.1805286,,,,,0,0,0,0,0,0,0,0,0,0,0,0,0,0,0,0,0,0,0,0,0,0,0,0,0,0,0,0,0,0,0,0,0,0,0,0,0,0,0,0,0,0,0,0,0,0,0,0,0,0,0,
Participant,7_3,11_50_1,12.2102,0,2,0,12.21023,0.0000,0.0000,0.0000,0.0000,0.0000,0.0000,3.315354,3.326304,3.320829,-0.1813326,,,,,0,0,0,0,0,0,0,0,0,0,0,0,0,0,0,0,0,0,0,0,0,0,0,0,0,0,0,0,0,0,0,0,0,0,0,0,0,0,0,0,0,0,0,0,0,0,0,0,0,0,0,
Participant,7_3,11_50_1,12.2135,0,2,0,12.21347,0.0000,0.0000,0.0000,0.0000,0.0000,0.0000,3.317298,3.337641,3.327469,-0.1746922,,,,,0,0,0,0,0,0,0,0,0,0,0,0,0,0,0,0,0,0,0,0,0,0,0,0,0,0,0,0,0,0,0,0,0,0,0,0,0,0,0,0,0,0,0,0,0,0,0,0,0,0,0,
Participant,7_3,11_50_1,12.2169,0,2,0,12.21685,0.0000,0.0000,0.0000,0.0000,0.0000,0.0000,3.345936,3.352701,3.349318,-0.1528432,,,,,0,0,0,0,0,0,0,0,0,0,0,0,0,0,0,0,0,0,0,0,0,0,0,0,0,0,0,0,0,0,0,0,0,0,0,0,0,0,0,0,0,0,0,0,0,0,0,0,0,0,0,
Participant,7_3,11_50_1,12.2201,0,2,0,12.22007,0.0000,0.0000,0.0000,0.0000,0.0000,0.0000,3.367334,3.310753,3.339044,-0.1631179,,,,,0,0,0,0,0,0,0,0,0,0,0,0,0,0,0,0,0,0,0,0,0,0,0,0,0,0,0,0,0,0,0,0,0,0,0,0,0,0,0,0,0,0,0,0,0,0,0,0,0,0,0,
Participant,7_3,11_50_1,12.2236,0,2,0,12.22361,0.0000,0.0000,0.0000,0.0000,0.0000,0.0000,3.353114,3.323304,3.338209,-0.1639528,,,,,0,0,0,0,0,0,0,0,0,0,0,0,0,0,0,0,0,0,0,0,0,0,0,0,0,0,0,0,0,0,0,0,0,0,0,0,0,0,0,0,0,0,0,0,0,0,0,0,0,0,0,
Participant,7_3,11_50_1,12.2267,0,2,0,12.22674,0.0000,0.0000,0.0000,0.0000,0.0000,0.0000,3.353569,3.332413,3.342991,-0.1591706,,,,,0,0,0,0,0,0,0,0,0,0,0,0,0,0,0,0,0,0,0,0,0,0,0,0,0,0,0,0,0,0,0,0,0,0,0,0,0,0,0,0,0,0,0,0,0,0,0,0,0,0,0,
Participant,7_3,11_50_1,12.2299,0,2,0,12.22986,0.0000,0.0000,0.0000,0.0000,0.0000,0.0000,3.329146,3.334811,3.331979,-0.1701827,,,,,0,0,0,0,0,0,0,0,0,0,0,0,0,0,0,0,0,0,0,0,0,0,0,0,0,0,0,0,0,0,0,0,0,0,0,0,0,0,0,0,0,0,0,0,0,0,0,0,0,0,0,
Participant,7_3,11_50_1,12.2331,0,2,0,12.23307,0.0000,0.0000,0.0000,0.0000,0.0000,0.0000,3.327805,3.316454,3.32213,-0.1800318,,,,,0,0,0,0,0,0,0,0,0,0,0,0,0,0,0,0,0,0,0,0,0,0,0,0,0,0,0,0,0,0,0,0,0,0,0,0,0,0,0,0,0,0,0,0,0,0,0,0,0,0,0,
Participant,7_3,11_50_1,12.2363,0,2,0,12.23629,0.0000,0.0000,0.0000,0.0000,0.0000,0.0000,3.352298,3.342229,3.347264,-0.1548977,,,,,0,0,0,0,0,0,0,0,0,0,0,0,0,0,0,0,0,0,0,0,0,0,0,0,0,0,0,0,0,0,0,0,0,0,0,0,0,0,0,0,0,0,0,0,0,0,0,0,0,0,0,
Participant,7_3,11_50_1,12.2396,0,2,0,12.23957,0.0000,0.0000,0.0000,0.0000,0.0000,0.0000,3.352476,3.331975,3.342226,-0.159936,,,,,0,0,0,0,0,0,0,0,0,0,0,0,0,0,0,0,0,0,0,0,0,0,0,0,0,0,0,0,0,0,0,0,0,0,0,0,0,0,0,0,0,0,0,0,0,0,0,0,0,0,0,
Participant,7_3,11_50_1,12.2427,0,2,0,12.24268,0.0000,0.0000,0.0000,0.0000,0.0000,0.0000,3.356519,3.352627,3.354573,-0.1475883,,,,,0,0,0,0,0,0,0,0,0,0,0,0,0,0,0,0,0,0,0,0,0,0,0,0,0,0,0,0,0,0,0,0,0,0,0,0,0,0,0,0,0,0,0,0,0,0,0,0,0,0,0,
Participant,7_3,11_50_1,12.2461,0,2,0,12.24609,0.0000,0.0000,0.0000,0.0000,0.0000,0.0000,3.325977,3.362477,3.344227,-0.1579347,,,,,0,0,0,0,0,0,0,0,0,0,0,0,0,0,0,0,0,0,0,0,0,0,0,0,0,0,0,0,0,0,0,0,0,0,0,0,0,0,0,0,0,0,0,0,0,0,0,0,0,0,0,
Participant,7_3,11_50_1,12.2492,0,2,0,12.24924,0.0000,0.0000,0.0000,0.0000,0.0000,0.0000,3.339057,3.323986,3.331522,-0.17064,,,,,0,0,0,0,0,0,0,0,0,0,0,0,0,0,0,0,0,0,0,0,0,0,0,0,0,0,0,0,0,0,0,0,0,0,0,0,0,0,0,0,0,0,0,0,0,0,0,0,0,0,0,
Participant,7_3,11_50_1,12.2524,0,2,0,12.25238,0.0000,0.0000,0.0000,0.0000,0.0000,0.0000,3.363313,3.34124,3.352277,-0.1498849,,,,,0,0,0,0,0,0,0,0,0,0,0,0,0,0,0,0,0,0,0,0,0,0,0,0,0,0,0,0,0,0,0,0,0,0,0,0,0,0,0,0,0,0,0,0,0,0,0,0,0,0,0,
Participant,7_3,11_50_1,12.2555,0,2,0,12.25552,0.0000,0.0000,0.0000,0.0000,0.0000,0.0000,3.382666,3.341637,3.362152,-0.1400099,,,,,0,0,0,0,0,0,0,0,0,0,0,0,0,0,0,0,0,0,0,0,0,0,0,0,0,0,0,0,0,0,0,0,0,0,0,0,0,0,0,0,0,0,0,0,0,0,0,0,0,0,0,
Participant,7_3,11_50_1,12.2587,0,2,0,12.25866,0.0000,0.0000,0.0000,0.0000,0.0000,0.0000,3.353164,3.368576,3.36087,-0.1412916,,,,,0,0,0,0,0,0,0,0,0,0,0,0,0,0,0,0,0,0,0,0,0,0,0,0,0,0,0,0,0,0,0,0,0,0,0,0,0,0,0,0,0,0,0,0,0,0,0,0,0,0,0,
Participant,7_3,11_50_1,12.2619,0,2,0,12.26187,0.0000,0.0000,0.0000,0.0000,0.0000,0.0000,3.376381,3.329714,3.353048,-0.1491139,,,,,0,0,0,0,0,0,0,0,0,0,0,0,0,0,0,0,0,0,0,0,0,0,0,0,0,0,0,0,0,0,0,0,0,0,0,0,0,0,0,0,0,0,0,0,0,0,0,0,0,0,0,
Participant,7_3,11_50_1,12.2653,0,2,0,12.26529,0.0000,0.0000,0.0000,0.0000,0.0000,0.0000,3.362048,3.337524,3.349786,-0.1523755,,,,,0,0,0,0,0,0,0,0,0,0,0,0,0,0,0,0,0,0,0,0,0,0,0,0,0,0,0,0,0,0,0,0,0,0,0,0,0,0,0,0,0,0,0,0,0,0,0,0,0,0,0,
Participant,7_3,11_50_1,12.2684,0,2,0,12.26842,0.0000,0.0000,0.0000,0.0000,0.0000,0.0000,3.384032,3.377289,3.38066,-0.1215014,,,,,0,0,0,0,0,0,0,0,0,0,0,0,0,0,0,0,0,0,0,0,0,0,0,0,0,0,0,0,0,0,0,0,0,0,0,0,0,0,0,0,0,0,0,0,0,0,0,0,0,0,0,
Participant,7_3,11_50_1,12.2716,0,2,0,12.27159,0.0000,0.0000,0.0000,0.0000,0.0000,0.0000,3.342587,3.333737,3.338161,-0.164,,,,,0,0,0,0,0,0,0,0,0,0,0,0,0,0,0,0,0,0,0,0,0,0,0,0,0,0,0,0,0,0,0,0,0,0,0,0,0,0,0,0,0,0,0,0,0,0,0,0,0,0,0,
Participant,7_3,11_50_1,12.2749,0,2,0,12.27487,0.0000,0.0000,0.0000,0.0000,0.0000,0.0000,3.354119,3.347375,3.350747,-0.1514149,,,,,0,0,0,0,0,0,0,0,0,0,0,0,0,0,0,0,0,0,0,0,0,0,0,0,0,0,0,0,0,0,0,0,0,0,0,0,0,0,0,0,0,0,0,0,0,0,0,0,0,0,0,
Participant,7_3,11_50_1,12.2786,0,2,0,12.27859,0.0000,0.0000,0.0000,0.0000,0.0000,0.0000,3.359843,3.336084,3.347964,-0.1541977,,,,,0,0,0,0,0,0,0,0,0,0,0,0,0,0,0,0,0,0,0,0,0,0,0,0,0,0,0,0,0,0,0,0,0,0,0,0,0,0,0,0,0,0,0,0,0,0,0,0,0,0,0,
Participant,7_3,11_50_1,12.2818,0,2,0,12.28177,0.0000,0.0000,0.0000,0.0000,0.0000,0.0000,3.343313,3.346305,3.344809,-0.1573527,,,,,0,0,0,0,0,0,0,0,0,0,0,0,0,0,0,0,0,0,0,0,0,0,0,0,0,0,0,0,0,0,0,0,0,0,0,0,0,0,0,0,0,0,0,0,0,0,0,0,0,0,0,
Participant,7_3,11_50_1,12.2852,0,2,0,12.2852,0.0000,0.0000,0.0000,0.0000,0.0000,0.0000,3.367345,3.362366,3.364855,-0.1373062,,,,,0,0,0,0,0,0,0,0,0,0,0,0,0,0,0,0,0,0,0,0,0,0,0,0,0,0,0,0,0,0,0,0,0,0,0,0,0,0,0,0,0,0,0,0,0,0,0,0,0,0,0,
Participant,7_3,11_50_1,12.2884,0,2,0,12.28839,0.0000,0.0000,0.0000,0.0000,0.0000,0.0000,3.350693,3.395154,3.372923,-0.1292381,,,,,0,0,0,0,0,0,0,0,0,0,0,0,0,0,0,0,0,0,0,0,0,0,0,0,0,0,0,0,0,0,0,0,0,0,0,0,0,0,0,0,0,0,0,0,0,0,0,0,0,0,0,
Participant,7_3,11_50_1,12.2978,0,2,0,12.29776,0.0000,0.0000,0.0000,0.0000,0.0000,0.0000,3.354067,3.358842,3.356454,-0.1457071,,,,,0,0,0,0,0,0,0,0,0,0,0,0,0,0,0,0,0,0,0,0,0,0,0,0,0,0,0,0,0,0,0,0,0,0,0,0,0,0,0,0,0,0,0,0,0,0,0,0,0,0,0,
Participant,7_3,11_50_1,12.3168,0,2,0,12.31683,0.0000,0.0000,0.0000,0.0000,0.0000,0.0000,3.401189,3.392285,3.396737,-0.1054244,,,,,0,0,0,0,0,0,0,0,0,0,0,0,0,0,0,0,0,0,0,0,0,0,0,0,0,0,0,0,0,0,0,0,0,0,0,0,0,0,0,0,0,0,0,0,0,0,0,0,0,0,0,
Participant,7_3,11_50_1,12.3204,0,2,0,12.32038,0.0000,0.0000,0.0000,0.0000,0.0000,0.0000,3.411533,3.389957,3.400745,-0.1014166,,,,,0,0,0,0,0,0,0,0,0,0,0,0,0,0,0,0,0,0,0,0,0,0,0,0,0,0,0,0,0,0,0,0,0,0,0,0,0,0,0,0,0,0,0,0,0,0,0,0,0,0,0,
Participant,7_3,11_50_1,12.3238,0,2,0,12.32384,0.0000,0.0000,0.0000,0.0000,0.0000,0.0000,3.366112,3.398613,3.382362,-0.1197991,,,,,0,0,0,0,0,0,0,0,0,0,0,0,0,0,0,0,0,0,0,0,0,0,0,0,0,0,0,0,0,0,0,0,0,0,0,0,0,0,0,0,0,0,0,0,0,0,0,0,0,0,0,
Participant,7_3,11_50_1,12.3272,0,2,0,12.32718,0.0000,0.0000,0.0000,0.0000,0.0000,0.0000,3.355571,3.370581,3.363076,-0.1390858,,,,,0,0,0,0,0,0,0,0,0,0,0,0,0,0,0,0,0,0,0,0,0,0,0,0,0,0,0,0,0,0,0,0,0,0,0,0,0,0,0,0,0,0,0,0,0,0,0,0,0,0,0,
Participant,7_3,11_50_1,12.3304,0,2,0,12.33038,0.0000,0.0000,0.0000,0.0000,0.0000,0.0000,3.388974,3.385763,3.387369,-0.1147928,,,,,0,0,0,0,0,0,0,0,0,0,0,0,0,0,0,0,0,0,0,0,0,0,0,0,0,0,0,0,0,0,0,0,0,0,0,0,0,0,0,0,0,0,0,0,0,0,0,0,0,0,0,
Participant,7_3,11_50_1,12.3336,0,2,0,12.33357,0.0000,0.0000,0.0000,0.0000,0.0000,0.0000,3.372979,3.409473,3.391226,-0.1109354,,,,,0,0,0,0,0,0,0,0,0,0,0,0,0,0,0,0,0,0,0,0,0,0,0,0,0,0,0,0,0,0,0,0,0,0,0,0,0,0,0,0,0,0,0,0,0,0,0,0,0,0,0,
Participant,7_3,11_50_1,12.3373,0,2,0,12.33728,0.0000,0.0000,0.0000,0.0000,0.0000,0.0000,3.367772,3.405935,3.386853,-0.115308,,,,,0,0,0,0,0,0,0,0,0,0,0,0,0,0,0,0,0,0,0,0,0,0,0,0,0,0,0,0,0,0,0,0,0,0,0,0,0,0,0,0,0,0,0,0,0,0,0,0,0,0,0,
Participant,7_3,11_50_1,12.3410,0,2,0,12.34099,0.0000,0.0000,0.0000,0.0000,0.0000,0.0000,3.376254,3.388947,3.382601,-0.1195607,,,,,0,0,0,0,0,0,0,0,0,0,0,0,0,0,0,0,0,0,0,0,0,0,0,0,0,0,0,0,0,0,0,0,0,0,0,0,0,0,0,0,0,0,0,0,0,0,0,0,0,0,0,
Participant,7_3,11_50_1,12.3445,0,2,0,12.34446,0.0000,0.0000,0.0000,0.0000,0.0000,0.0000,3.369363,3.416712,3.393038,-0.1091239,,,,,0,0,0,0,0,0,0,0,0,0,0,0,0,0,0,0,0,0,0,0,0,0,0,0,0,0,0,0,0,0,0,0,0,0,0,0,0,0,0,0,0,0,0,0,0,0,0,0,0,0,0,
Participant,7_3,11_50_1,12.3479,0,2,0,12.34788,0.0000,0.0000,0.0000,0.0000,0.0000,0.0000,3.41684,3.417911,3.417375,-0.08478642,,,,,0,0,0,0,0,0,0,0,0,0,0,0,0,0,0,0,0,0,0,0,0,0,0,0,0,0,0,0,0,0,0,0,0,0,0,0,0,0,0,0,0,0,0,0,0,0,0,0,0,0,0,
Participant,7_3,11_50_1,12.3513,0,2,0,12.35132,0.0000,0.0000,0.0000,0.0000,0.0000,0.0000,3.391433,3.369144,3.380288,-0.1218734,,,,,0,0,0,0,0,0,0,0,0,0,0,0,0,0,0,0,0,0,0,0,0,0,0,0,0,0,0,0,0,0,0,0,0,0,0,0,0,0,0,0,0,0,0,0,0,0,0,0,0,0,0,
Participant,7_3,11_50_1,12.3545,0,2,0,12.35454,0.0000,0.0000,0.0000,0.0000,0.0000,0.0000,3.379757,3.37819,3.378974,-0.1231878,,,,,0,0,0,0,0,0,0,0,0,0,0,0,0,0,0,0,0,0,0,0,0,0,0,0,0,0,0,0,0,0,0,0,0,0,0,0,0,0,0,0,0,0,0,0,0,0,0,0,0,0,0,
Participant,7_3,11_50_1,12.3577,0,2,0,12.35773,0.0000,0.0000,0.0000,0.0000,0.0000,0.0000,3.397688,3.390519,3.394104,-0.108058,,,,,0,0,0,0,0,0,0,0,0,0,0,0,0,0,0,0,0,0,0,0,0,0,0,0,0,0,0,0,0,0,0,0,0,0,0,0,0,0,0,0,0,0,0,0,0,0,0,0,0,0,0,
Participant,7_3,11_50_1,12.3611,0,2,0,12.36105,0.0000,0.0000,0.0000,0.0000,0.0000,0.0000,3.409905,3.411739,3.410822,-0.09133911,,,,,0,0,0,0,0,0,0,0,0,0,0,0,0,0,0,0,0,0,0,0,0,0,0,0,0,0,0,0,0,0,0,0,0,0,0,0,0,0,0,0,0,0,0,0,0,0,0,0,0,0,0,
Participant,7_3,11_50_1,12.3650,0,2,0,12.36497,0.0000,0.0000,0.0000,0.0000,0.0000,0.0000,3.376622,3.394635,3.385629,-0.1165328,,,,,0,0,0,0,0,0,0,0,0,0,0,0,0,0,0,0,0,0,0,0,0,0,0,0,0,0,0,0,0,0,0,0,0,0,0,0,0,0,0,0,0,0,0,0,0,0,0,0,0,0,0,
Participant,7_3,11_50_1,12.3682,0,2,0,12.36817,0.0000,0.0000,0.0000,0.0000,0.0000,0.0000,3.400145,3.394641,3.397393,-0.1047683,,,,,0,0,0,0,0,0,0,0,0,0,0,0,0,0,0,0,0,0,0,0,0,0,0,0,0,0,0,0,0,0,0,0,0,0,0,0,0,0,0,0,0,0,0,0,0,0,0,0,0,0,0,
Participant,7_3,11_50_1,12.3714,0,2,0,12.37137,0.0000,0.0000,0.0000,0.0000,0.0000,0.0000,3.404104,3.423291,3.413697,-0.08846426,,,,,0,0,0,0,0,0,0,0,0,0,0,0,0,0,0,0,0,0,0,0,0,0,0,0,0,0,0,0,0,0,0,0,0,0,0,0,0,0,0,0,0,0,0,0,0,0,0,0,0,0,0,
Participant,7_3,11_50_1,12.3746,0,2,0,12.37457,0.0000,0.0000,0.0000,0.0000,0.0000,0.0000,3.418492,3.427213,3.422853,-0.07930875,,,,,0,0,0,0,0,0,0,0,0,0,0,0,0,0,0,0,0,0,0,0,0,0,0,0,0,0,0,0,0,0,0,0,0,0,0,0,0,0,0,0,0,0,0,0,0,0,0,0,0,0,0,
Participant,7_3,11_50_1,12.3779,0,2,0,12.37794,0.0000,0.0000,0.0000,0.0000,0.0000,0.0000,3.397697,3.397583,3.39764,-0.1045218,,,,,0,0,0,0,0,0,0,0,0,0,0,0,0,0,0,0,0,0,0,0,0,0,0,0,0,0,0,0,0,0,0,0,0,0,0,0,0,0,0,0,0,0,0,0,0,0,0,0,0,0,0,
Participant,7_3,11_50_1,12.3813,0,2,0,12.38134,0.0000,0.0000,0.0000,0.0000,0.0000,0.0000,3.43753,3.413472,3.425501,-0.07666087,,,,,0,0,0,0,0,0,0,0,0,0,0,0,0,0,0,0,0,0,0,0,0,0,0,0,0,0,0,0,0,0,0,0,0,0,0,0,0,0,0,0,0,0,0,0,0,0,0,0,0,0,0,
Participant,7_3,11_50_1,12.3849,0,2,0,12.38488,0.0000,0.0000,0.0000,0.0000,0.0000,0.0000,3.424935,3.410065,3.4175,-0.08466148,,,,,0,0,0,0,0,0,0,0,0,0,0,0,0,0,0,0,0,0,0,0,0,0,0,0,0,0,0,0,0,0,0,0,0,0,0,0,0,0,0,0,0,0,0,0,0,0,0,0,0,0,0,
Participant,7_3,11_50_1,12.3882,0,2,0,12.38819,0.0000,0.0000,0.0000,0.0000,0.0000,0.0000,3.434907,3.414945,3.424926,-0.07723522,,,,,0,0,0,0,0,0,0,0,0,0,0,0,0,0,0,0,0,0,0,0,0,0,0,0,0,0,0,0,0,0,0,0,0,0,0,0,0,0,0,0,0,0,0,0,0,0,0,0,0,0,0,
Participant,7_3,11_50_1,12.3914,0,2,0,12.39138,0.0000,0.0000,0.0000,0.0000,0.0000,0.0000,3.442656,3.431837,3.437246,-0.06491518,,,,,0,0,0,0,0,0,0,0,0,0,0,0,0,0,0,0,0,0,0,0,0,0,0,0,0,0,0,0,0,0,0,0,0,0,0,0,0,0,0,0,0,0,0,0,0,0,0,0,0,0,0,
Participant,7_3,11_50_1,12.3945,0,2,0,12.39453,0.0000,0.0000,0.0000,0.0000,0.0000,0.0000,3.442908,3.434828,3.438868,-0.06329346,,,,,0,0,0,0,0,0,0,0,0,0,0,0,0,0,0,0,0,0,0,0,0,0,0,0,0,0,0,0,0,0,0,0,0,0,0,0,0,0,0,0,0,0,0,0,0,0,0,0,0,0,0,
Participant,7_3,11_50_1,12.3978,0,2,0,12.39779,0.0000,0.0000,0.0000,0.0000,0.0000,0.0000,3.388937,3.444457,3.416697,-0.08546472,,,,,0,0,0,0,0,0,0,0,0,0,0,0,0,0,0,0,0,0,0,0,0,0,0,0,0,0,0,0,0,0,0,0,0,0,0,0,0,0,0,0,0,0,0,0,0,0,0,0,0,0,0,
Participant,7_3,11_50_1,12.4009,0,2,0,12.40094,0.0000,0.0000,0.0000,0.0000,0.0000,0.0000,3.445435,3.446226,3.44583,-0.05633116,,,,,0,0,0,0,0,0,0,0,0,0,0,0,0,0,0,0,0,0,0,0,0,0,0,0,0,0,0,0,0,0,0,0,0,0,0,0,0,0,0,0,0,0,0,0,0,0,0,0,0,0,0,
Participant,7_3,11_50_1,12.4044,0,2,0,12.40439,0.0000,0.0000,0.0000,0.0000,0.0000,0.0000,3.390579,3.441655,3.416117,-0.08604479,,,,,0,0,0,0,0,0,0,0,0,0,0,0,0,0,0,0,0,0,0,0,0,0,0,0,0,0,0,0,0,0,0,0,0,0,0,0,0,0,0,0,0,0,0,0,0,0,0,0,0,0,0,
Participant,7_3,11_50_1,12.4076,0,2,0,12.40757,0.0000,0.0000,0.0000,0.0000,0.0000,0.0000,3.399512,3.44445,3.421981,-0.08018041,,,,,0,0,0,0,0,0,0,0,0,0,0,0,0,0,0,0,0,0,0,0,0,0,0,0,0,0,0,0,0,0,0,0,0,0,0,0,0,0,0,0,0,0,0,0,0,0,0,0,0,0,0,
Participant,7_3,11_50_1,12.4107,0,2,0,12.41072,0.0000,0.0000,0.0000,0.0000,0.0000,0.0000,3.43364,3.425206,3.429423,-0.07273865,,,,,0,0,0,0,0,0,0,0,0,0,0,0,0,0,0,0,0,0,0,0,0,0,0,0,0,0,0,0,0,0,0,0,0,0,0,0,0,0,0,0,0,0,0,0,0,0,0,0,0,0,0,
Participant,7_3,11_50_1,12.4140,0,2,0,12.41399,0.0000,0.0000,0.0000,0.0000,0.0000,0.0000,3.399583,3.454362,3.426972,-0.07518911,,,,,0,0,0,0,0,0,0,0,0,0,0,0,0,0,0,0,0,0,0,0,0,0,0,0,0,0,0,0,0,0,0,0,0,0,0,0,0,0,0,0,0,0,0,0,0,0,0,0,0,0,0,
Participant,7_3,11_50_1,12.4175,0,2,0,12.41748,0.0000,0.0000,0.0000,0.0000,0.0000,0.0000,3.417161,3.452921,3.435041,-0.06712079,,,,,0,0,0,0,0,0,0,0,0,0,0,0,0,0,0,0,0,0,0,0,0,0,0,0,0,0,0,0,0,0,0,0,0,0,0,0,0,0,0,0,0,0,0,0,0,0,0,0,0,0,0,
Participant,7_3,11_50_1,12.4210,0,2,0,12.42095,0.0000,0.0000,0.0000,0.0000,0.0000,0.0000,3.400206,3.45822,3.429213,-0.07294869,,,,,0,0,0,0,0,0,0,0,0,0,0,0,0,0,0,0,0,0,0,0,0,0,0,0,0,0,0,0,0,0,0,0,0,0,0,0,0,0,0,0,0,0,0,0,0,0,0,0,0,0,0,
Participant,7_3,11_50_1,12.4245,0,2,0,12.42449,0.0000,0.0000,0.0000,0.0000,0.0000,0.0000,3.455236,3.411493,3.433365,-0.06879663,,,,,0,0,0,0,0,0,0,0,0,0,0,0,0,0,0,0,0,0,0,0,0,0,0,0,0,0,0,0,0,0,0,0,0,0,0,0,0,0,0,0,0,0,0,0,0,0,0,0,0,0,0,
Participant,7_3,11_50_1,12.4277,0,2,0,12.42769,0.0000,0.0000,0.0000,0.0000,0.0000,0.0000,3.458258,3.43421,3.446234,-0.05592728,,,,,0,0,0,0,0,0,0,0,0,0,0,0,0,0,0,0,0,0,0,0,0,0,0,0,0,0,0,0,0,0,0,0,0,0,0,0,0,0,0,0,0,0,0,0,0,0,0,0,0,0,0,
Participant,7_3,11_50_1,12.4313,0,2,0,12.43129,0.0000,0.0000,0.0000,0.0000,0.0000,0.0000,3.462306,3.416473,3.43939,-0.0627718,,,,,0,0,0,0,0,0,0,0,0,0,0,0,0,0,0,0,0,0,0,0,0,0,0,0,0,0,0,0,0,0,0,0,0,0,0,0,0,0,0,0,0,0,0,0,0,0,0,0,0,0,0,
Participant,7_3,11_50_1,12.4349,0,2,0,12.43492,0.0000,0.0000,0.0000,0.0000,0.0000,0.0000,3.446418,3.460809,3.453614,-0.04854798,,,,,0,0,0,0,0,0,0,0,0,0,0,0,0,0,0,0,0,0,0,0,0,0,0,0,0,0,0,0,0,0,0,0,0,0,0,0,0,0,0,0,0,0,0,0,0,0,0,0,0,0,0,
Participant,7_3,11_50_1,12.4381,0,2,0,12.4381,0.0000,0.0000,0.0000,0.0000,0.0000,0.0000,3.456333,3.431114,3.443723,-0.0584383,,,,,0,0,0,0,0,0,0,0,0,0,0,0,0,0,0,0,0,0,0,0,0,0,0,0,0,0,0,0,0,0,0,0,0,0,0,0,0,0,0,0,0,0,0,0,0,0,0,0,0,0,0,
Participant,7_3,11_50_1,12.4412,0,2,0,12.44122,0.0000,0.0000,0.0000,0.0000,0.0000,0.0000,3.434178,3.448904,3.441541,-0.06062031,,,,,0,0,0,0,0,0,0,0,0,0,0,0,0,0,0,0,0,0,0,0,0,0,0,0,0,0,0,0,0,0,0,0,0,0,0,0,0,0,0,0,0,0,0,0,0,0,0,0,0,0,0,
Participant,7_3,11_50_1,12.4447,0,2,0,12.44467,0.0000,0.0000,0.0000,0.0000,0.0000,0.0000,3.449218,3.420005,3.434611,-0.06755018,,,,,0,0,0,0,0,0,0,0,0,0,0,0,0,0,0,0,0,0,0,0,0,0,0,0,0,0,0,0,0,0,0,0,0,0,0,0,0,0,0,0,0,0,0,0,0,0,0,0,0,0,0,
Participant,7_3,11_50_1,12.4479,0,2,0,12.44785,0.0000,0.0000,0.0000,0.0000,0.0000,0.0000,3.448526,3.430604,3.439565,-0.06259632,,,,,0,0,0,0,0,0,0,0,0,0,0,0,0,0,0,0,0,0,0,0,0,0,0,0,0,0,0,0,0,0,0,0,0,0,0,0,0,0,0,0,0,0,0,0,0,0,0,0,0,0,0,
Participant,7_3,11_50_1,12.4511,0,2,0,12.45107,0.0000,0.0000,0.0000,0.0000,0.0000,0.0000,3.438593,3.457057,3.447825,-0.05433655,,,,,0,0,0,0,0,0,0,0,0,0,0,0,0,0,0,0,0,0,0,0,0,0,0,0,0,0,0,0,0,0,0,0,0,0,0,0,0,0,0,0,0,0,0,0,0,0,0,0,0,0,0,
Participant,7_3,11_50_1,12.4544,0,2,0,12.45439,0.0000,0.0000,0.0000,0.0000,0.0000,0.0000,3.459233,3.421149,3.440191,-0.06197047,,,,,0,0,0,0,0,0,0,0,0,0,0,0,0,0,0,0,0,0,0,0,0,0,0,0,0,0,0,0,0,0,0,0,0,0,0,0,0,0,0,0,0,0,0,0,0,0,0,0,0,0,0,
Participant,7_3,11_50_1,12.4582,0,2,0,12.45817,0.0000,0.0000,0.0000,0.0000,0.0000,0.0000,3.467414,3.438595,3.453004,-0.04915714,,,,,0,0,0,0,0,0,0,0,0,0,0,0,0,0,0,0,0,0,0,0,0,0,0,0,0,0,0,0,0,0,0,0,0,0,0,0,0,0,0,0,0,0,0,0,0,0,0,0,0,0,0,
Participant,7_3,11_50_1,12.4613,0,2,0,12.46134,0.0000,0.0000,0.0000,0.0000,0.0000,0.0000,3.448444,3.421964,3.435204,-0.06695747,,,,,0,0,0,0,0,0,0,0,0,0,0,0,0,0,0,0,0,0,0,0,0,0,0,0,0,0,0,0,0,0,0,0,0,0,0,0,0,0,0,0,0,0,0,0,0,0,0,0,0,0,0,
Participant,7_3,11_50_1,12.4649,0,2,0,12.46491,0.0000,0.0000,0.0000,0.0000,0.0000,0.0000,3.467318,3.471648,3.469483,-0.03267813,,,,,0,0,0,0,0,0,0,0,0,0,0,0,0,0,0,0,0,0,0,0,0,0,0,0,0,0,0,0,0,0,0,0,0,0,0,0,0,0,0,0,0,0,0,0,0,0,0,0,0,0,0,
Participant,7_3,11_50_1,12.4683,0,2,0,12.46829,0.0000,0.0000,0.0000,0.0000,0.0000,0.0000,3.465494,3.469819,3.467657,-0.03450489,,,,,0,0,0,0,0,0,0,0,0,0,0,0,0,0,0,0,0,0,0,0,0,0,0,0,0,0,0,0,0,0,0,0,0,0,0,0,0,0,0,0,0,0,0,0,0,0,0,0,0,0,0,
Participant,7_3,11_50_1,12.4716,0,2,0,12.47163,0.0000,0.0000,0.0000,0.0000,0.0000,0.0000,3.468503,3.436489,3.452496,-0.04966545,,,,,0,0,0,0,0,0,0,0,0,0,0,0,0,0,0,0,0,0,0,0,0,0,0,0,0,0,0,0,0,0,0,0,0,0,0,0,0,0,0,0,0,0,0,0,0,0,0,0,0,0,0,
Participant,7_3,11_50_1,12.4749,0,2,0,12.47487,0.0000,0.0000,0.0000,0.0000,0.0000,0.0000,3.456914,3.466949,3.461931,-0.04023027,,,,,0,0,0,0,0,0,0,0,0,0,0,0,0,0,0,0,0,0,0,0,0,0,0,0,0,0,0,0,0,0,0,0,0,0,0,0,0,0,0,0,0,0,0,0,0,0,0,0,0,0,0,
Participant,7_3,11_50_1,12.4783,0,2,0,12.47828,0.0000,0.0000,0.0000,0.0000,0.0000,0.0000,3.47396,3.485827,3.479894,-0.02226782,,,,,0,0,0,0,0,0,0,0,0,0,0,0,0,0,0,0,0,0,0,0,0,0,0,0,0,0,0,0,0,0,0,0,0,0,0,0,0,0,0,0,0,0,0,0,0,0,0,0,0,0,0,
Participant,7_3,11_50_1,12.4815,0,2,0,12.48152,0.0000,0.0000,0.0000,0.0000,0.0000,0.0000,3.484377,3.468162,3.47627,-0.02589178,,,,,0,0,0,0,0,0,0,0,0,0,0,0,0,0,0,0,0,0,0,0,0,0,0,0,0,0,0,0,0,0,0,0,0,0,0,0,0,0,0,0,0,0,0,0,0,0,0,0,0,0,0,
Participant,7_3,11_50_1,12.4851,0,2,0,12.4851,0.0000,0.0000,0.0000,0.0000,0.0000,0.0000,3.472159,3.4467,3.45943,-0.04273176,,,,,0,0,0,0,0,0,0,0,0,0,0,0,0,0,0,0,0,0,0,0,0,0,0,0,0,0,0,0,0,0,0,0,0,0,0,0,0,0,0,0,0,0,0,0,0,0,0,0,0,0,0,
Participant,7_3,11_50_1,12.4884,0,2,0,12.48842,0.0000,0.0000,0.0000,0.0000,0.0000,0.0000,3.448572,3.437734,3.443153,-0.05900812,,,,,0,0,0,0,0,0,0,0,0,0,0,0,0,0,0,0,0,0,0,0,0,0,0,0,0,0,0,0,0,0,0,0,0,0,0,0,0,0,0,0,0,0,0,0,0,0,0,0,0,0,0,
Participant,7_3,11_50_1,12.4916,0,2,0,12.49162,0.0000,0.0000,0.0000,0.0000,0.0000,0.0000,3.46233,3.491775,3.477052,-0.02510929,,,,,0,0,0,0,0,0,0,0,0,0,0,0,0,0,0,0,0,0,0,0,0,0,0,0,0,0,0,0,0,0,0,0,0,0,0,0,0,0,0,0,0,0,0,0,0,0,0,0,0,0,0,
Participant,7_3,11_50_1,12.4948,0,2,0,12.49479,0.0000,0.0000,0.0000,0.0000,0.0000,0.0000,3.455828,3.474158,3.464993,-0.0371685,,,,,0,0,0,0,0,0,0,0,0,0,0,0,0,0,0,0,0,0,0,0,0,0,0,0,0,0,0,0,0,0,0,0,0,0,0,0,0,0,0,0,0,0,0,0,0,0,0,0,0,0,0,
Participant,7_3,11_50_1,12.5135,0,2,0,12.51352,0.0000,0.0000,0.0000,0.0000,0.0000,0.0000,3.498567,3.468477,3.483522,-0.01863956,,,,,0,0,0,0,0,0,0,0,0,0,0,0,0,0,0,0,0,0,0,0,0,0,0,0,0,0,0,0,0,0,0,0,0,0,0,0,0,0,0,0,0,0,0,0,0,0,0,0,0,0,0,
Participant,7_3,11_50_1,12.5176,0,2,0,12.51757,0.0000,0.0000,0.0000,0.0000,0.0000,0.0000,3.505352,3.503234,3.504293,0.002131701,,,,,0,0,0,0,0,0,0,0,0,0,0,0,0,0,0,0,0,0,0,0,0,0,0,0,0,0,0,0,0,0,0,0,0,0,0,0,0,0,0,0,0,0,0,0,0,0,0,0,0,0,0,
Participant,7_3,11_50_1,12.5207,0,2,0,12.52071,0.0000,0.0000,0.0000,0.0000,0.0000,0.0000,3.486699,3.458361,3.47253,-0.02963138,,,,,0,0,0,0,0,0,0,0,0,0,0,0,0,0,0,0,0,0,0,0,0,0,0,0,0,0,0,0,0,0,0,0,0,0,0,0,0,0,0,0,0,0,0,0,0,0,0,0,0,0,0,
Participant,7_3,11_50_1,12.5241,0,2,0,12.52412,0.0000,0.0000,0.0000,0.0000,0.0000,0.0000,3.497332,3.476106,3.486719,-0.01544261,,,,,0,0,0,0,0,0,0,0,0,0,0,0,0,0,0,0,0,0,0,0,0,0,0,0,0,0,0,0,0,0,0,0,0,0,0,0,0,0,0,0,0,0,0,0,0,0,0,0,0,0,0,
Participant,7_3,11_50_1,12.5274,0,2,0,12.52737,0.0000,0.0000,0.0000,0.0000,0.0000,0.0000,3.471522,3.482973,3.477248,-0.02491379,,,,,0,0,0,0,0,0,0,0,0,0,0,0,0,0,0,0,0,0,0,0,0,0,0,0,0,0,0,0,0,0,0,0,0,0,0,0,0,0,0,0,0,0,0,0,0,0,0,0,0,0,0,
Participant,7_3,11_50_1,12.5305,0,2,0,12.53049,0.0000,0.0000,0.0000,0.0000,0.0000,0.0000,3.475965,3.504855,3.49041,-0.01175165,,,,,0,0,0,0,0,0,0,0,0,0,0,0,0,0,0,0,0,0,0,0,0,0,0,0,0,0,0,0,0,0,0,0,0,0,0,0,0,0,0,0,0,0,0,0,0,0,0,0,0,0,0,
Participant,7_3,11_50_1,12.5337,0,2,0,12.53367,0.0000,0.0000,0.0000,0.0000,0.0000,0.0000,3.49913,3.504879,3.502004,-0.0001571178,,,,,0,0,0,0,0,0,0,0,0,0,0,0,0,0,0,0,0,0,0,0,0,0,0,0,0,0,0,0,0,0,0,0,0,0,0,0,0,0,0,0,0,0,0,0,0,0,0,0,0,0,0,
Participant,7_3,11_50_1,12.5368,0,2,0,12.53684,0.0000,0.0000,0.0000,0.0000,0.0000,0.0000,3.48008,3.457457,3.468769,-0.03339291,,,,,0,0,0,0,0,0,0,0,0,0,0,0,0,0,0,0,0,0,0,0,0,0,0,0,0,0,0,0,0,0,0,0,0,0,0,0,0,0,0,0,0,0,0,0,0,0,0,0,0,0,0,
Participant,7_3,11_50_1,12.5400,0,2,0,12.53998,0.0000,0.0000,0.0000,0.0000,0.0000,0.0000,3.476981,3.503487,3.490234,-0.0119276,,,,,0,0,0,0,0,0,0,0,0,0,0,0,0,0,0,0,0,0,0,0,0,0,0,0,0,0,0,0,0,0,0,0,0,0,0,0,0,0,0,0,0,0,0,0,0,0,0,0,0,0,0,
Participant,7_3,11_50_1,12.5431,0,2,0,12.5431,0.0000,0.0000,0.0000,0.0000,0.0000,0.0000,3.497778,3.489931,3.493855,-0.00830698,,,,,0,0,0,0,0,0,0,0,0,0,0,0,0,0,0,0,0,0,0,0,0,0,0,0,0,0,0,0,0,0,0,0,0,0,0,0,0,0,0,0,0,0,0,0,0,0,0,0,0,0,0,
Participant,7_3,11_50_1,12.5465,0,2,0,12.54653,0.0000,0.0000,0.0000,0.0000,0.0000,0.0000,3.485524,3.501019,3.493271,-0.008890152,,,,,0,0,0,0,0,0,0,0,0,0,0,0,0,0,0,0,0,0,0,0,0,0,0,0,0,0,0,0,0,0,0,0,0,0,0,0,0,0,0,0,0,0,0,0,0,0,0,0,0,0,0,
Participant,7_3,11_50_1,12.5498,0,2,0,12.54982,0.0000,0.0000,0.0000,0.0000,0.0000,0.0000,3.51595,3.464291,3.49012,-0.01204109,,,,,0,0,0,0,0,0,0,0,0,0,0,0,0,0,0,0,0,0,0,0,0,0,0,0,0,0,0,0,0,0,0,0,0,0,0,0,0,0,0,0,0,0,0,0,0,0,0,0,0,0,0,
Participant,7_3,11_50_1,12.5531,0,2,0,12.55306,0.0000,0.0000,0.0000,0.0000,0.0000,0.0000,3.493977,3.522483,3.50823,0.006068707,,,,,0,0,0,0,0,0,0,0,0,0,0,0,0,0,0,0,0,0,0,0,0,0,0,0,0,0,0,0,0,0,0,0,0,0,0,0,0,0,0,0,0,0,0,0,0,0,0,0,0,0,0,
Participant,7_3,11_50_1,12.5563,0,2,0,12.55629,0.0000,0.0000,0.0000,0.0000,0.0000,0.0000,3.496204,3.500547,3.498375,-0.003786087,,,,,0,0,0,0,0,0,0,0,0,0,0,0,0,0,0,0,0,0,0,0,0,0,0,0,0,0,0,0,0,0,0,0,0,0,0,0,0,0,0,0,0,0,0,0,0,0,0,0,0,0,0,
Participant,7_3,11_50_1,12.5596,0,2,0,12.55964,0.0000,0.0000,0.0000,0.0000,0.0000,0.0000,3.469478,3.498843,3.48416,-0.01800108,,,,,0,0,0,0,0,0,0,0,0,0,0,0,0,0,0,0,0,0,0,0,0,0,0,0,0,0,0,0,0,0,0,0,0,0,0,0,0,0,0,0,0,0,0,0,0,0,0,0,0,0,0,
Participant,7_3,11_50_1,12.5631,0,2,0,12.56305,0.0000,0.0000,0.0000,0.0000,0.0000,0.0000,3.496863,3.507737,3.5023,0.0001382828,,,,,0,0,0,0,0,0,0,0,0,0,0,0,0,0,0,0,0,0,0,0,0,0,0,0,0,0,0,0,0,0,0,0,0,0,0,0,0,0,0,0,0,0,0,0,0,0,0,0,0,0,0,
Participant,7_3,11_50_1,12.5668,0,2,0,12.56683,0.0000,0.0000,0.0000,0.0000,0.0000,0.0000,3.528476,3.488571,3.508524,0.006362438,,,,,0,0,0,0,0,0,0,0,0,0,0,0,0,0,0,0,0,0,0,0,0,0,0,0,0,0,0,0,0,0,0,0,0,0,0,0,0,0,0,0,0,0,0,0,0,0,0,0,0,0,0,
Participant,7_3,11_50_1,12.5700,0,2,0,12.57,0.0000,0.0000,0.0000,0.0000,0.0000,0.0000,3.490967,3.522546,3.506757,0.00459528,,,,,0,0,0,0,0,0,0,0,0,0,0,0,0,0,0,0,0,0,0,0,0,0,0,0,0,0,0,0,0,0,0,0,0,0,0,0,0,0,0,0,0,0,0,0,0,0,0,0,0,0,0,
Participant,7_3,11_50_1,12.5731,0,2,0,12.5731,0.0000,0.0000,0.0000,0.0000,0.0000,0.0000,3.508769,3.515374,3.512072,0.009910107,,,,,0,0,0,0,0,0,0,0,0,0,0,0,0,0,0,0,0,0,0,0,0,0,0,0,0,0,0,0,0,0,0,0,0,0,0,0,0,0,0,0,0,0,0,0,0,0,0,0,0,0,0,
Participant,7_3,11_50_1,12.5763,0,2,0,12.57629,0.0000,0.0000,0.0000,0.0000,0.0000,0.0000,3.496779,3.505897,3.501338,-0.0008234978,,,,,0,0,0,0,0,0,0,0,0,0,0,0,0,0,0,0,0,0,0,0,0,0,0,0,0,0,0,0,0,0,0,0,0,0,0,0,0,0,0,0,0,0,0,0,0,0,0,0,0,0,0,
Participant,7_3,11_50_1,12.5794,0,2,0,12.57944,0.0000,0.0000,0.0000,0.0000,0.0000,0.0000,3.483906,3.499529,3.491717,-0.01044416,,,,,0,0,0,0,0,0,0,0,0,0,0,0,0,0,0,0,0,0,0,0,0,0,0,0,0,0,0,0,0,0,0,0,0,0,0,0,0,0,0,0,0,0,0,0,0,0,0,0,0,0,0,
Participant,7_3,11_50_1,12.5826,0,2,0,12.58263,0.0000,0.0000,0.0000,0.0000,0.0000,0.0000,3.527023,3.524734,3.525879,0.0237174,,,,,0,0,0,0,0,0,0,0,0,0,0,0,0,0,0,0,0,0,0,0,0,0,0,0,0,0,0,0,0,0,0,0,0,0,0,0,0,0,0,0,0,0,0,0,0,0,0,0,0,0,0,
Participant,7_3,11_50_1,12.5860,0,2,0,12.58599,0.0000,0.0000,0.0000,0.0000,0.0000,0.0000,3.513798,3.493783,3.50379,0.001628876,,,,,0,0,0,0,0,0,0,0,0,0,0,0,0,0,0,0,0,0,0,0,0,0,0,0,0,0,0,0,0,0,0,0,0,0,0,0,0,0,0,0,0,0,0,0,0,0,0,0,0,0,0,
Participant,7_3,11_50_1,12.5893,0,2,0,12.58926,0.0000,0.0000,0.0000,0.0000,0.0000,0.0000,3.513175,3.531102,3.522139,0.01997709,,,,,0,0,0,0,0,0,0,0,0,0,0,0,0,0,0,0,0,0,0,0,0,0,0,0,0,0,0,0,0,0,0,0,0,0,0,0,0,0,0,0,0,0,0,0,0,0,0,0,0,0,0,
Participant,7_3,11_50_1,12.5926,0,2,0,12.59264,0.0000,0.0000,0.0000,0.0000,0.0000,0.0000,3.489284,3.503083,3.496183,-0.005978107,,,,,0,0,0,0,0,0,0,0,0,0,0,0,0,0,0,0,0,0,0,0,0,0,0,0,0,0,0,0,0,0,0,0,0,0,0,0,0,0,0,0,0,0,0,0,0,0,0,0,0,0,0,
Participant,7_3,11_50_1,12.5962,0,2,0,12.59624,0.0000,0.0000,0.0000,0.0000,0.0000,0.0000,3.536835,3.543097,3.539966,0.03780437,,,,,0,0,0,0,0,0,0,0,0,0,0,0,0,0,0,0,0,0,0,0,0,0,0,0,0,0,0,0,0,0,0,0,0,0,0,0,0,0,0,0,0,0,0,0,0,0,0,0,0,0,0,
Participant,7_3,11_50_1,12.5998,0,2,0,12.59975,0.0000,0.0000,0.0000,0.0000,0.0000,0.0000,3.509543,3.526325,3.517934,0.01577234,,,,,0,0,0,0,0,0,0,0,0,0,0,0,0,0,0,0,0,0,0,0,0,0,0,0,0,0,0,0,0,0,0,0,0,0,0,0,0,0,0,0,0,0,0,0,0,0,0,0,0,0,0,
Participant,7_3,11_50_1,12.6029,0,2,0,12.60288,0.0000,0.0000,0.0000,0.0000,0.0000,0.0000,3.515102,3.495268,3.505185,0.003023624,,,,,0,0,0,0,0,0,0,0,0,0,0,0,0,0,0,0,0,0,0,0,0,0,0,0,0,0,0,0,0,0,0,0,0,0,0,0,0,0,0,0,0,0,0,0,0,0,0,0,0,0,0,
Participant,7_3,11_50_1,12.6064,0,2,0,12.60644,0.0000,0.0000,0.0000,0.0000,0.0000,0.0000,3.509991,3.497385,3.503688,0.001526833,,,,,0,0,0,0,0,0,0,0,0,0,0,0,0,0,0,0,0,0,0,0,0,0,0,0,0,0,0,0,0,0,0,0,0,0,0,0,0,0,0,0,0,0,0,0,0,0,0,0,0,0,0,
Participant,7_3,11_50_1,12.6096,0,2,0,12.60963,0.0000,0.0000,0.0000,0.0000,0.0000,0.0000,3.548975,3.537343,3.543159,0.04099727,,,,,0,0,0,0,0,0,0,0,0,0,0,0,0,0,0,0,0,0,0,0,0,0,0,0,0,0,0,0,0,0,0,0,0,0,0,0,0,0,0,0,0,0,0,0,0,0,0,0,0,0,0,
Participant,7_3,11_50_1,12.6128,0,2,0,12.61279,0.0000,0.0000,0.0000,0.0000,0.0000,0.0000,3.532116,3.502138,3.517127,0.01496553,,,,,0,0,0,0,0,0,0,0,0,0,0,0,0,0,0,0,0,0,0,0,0,0,0,0,0,0,0,0,0,0,0,0,0,0,0,0,0,0,0,0,0,0,0,0,0,0,0,0,0,0,0,
Participant,7_3,11_50_1,12.6161,0,2,0,12.61606,0.0000,0.0000,0.0000,0.0000,0.0000,0.0000,3.510181,3.511759,3.51097,0.008808613,,,,,0,0,0,0,0,0,0,0,0,0,0,0,0,0,0,0,0,0,0,0,0,0,0,0,0,0,0,0,0,0,0,0,0,0,0,0,0,0,0,0,0,0,0,0,0,0,0,0,0,0,0,
Participant,7_3,11_50_1,12.6194,0,2,0,12.61937,0.0000,0.0000,0.0000,0.0000,0.0000,0.0000,3.528756,3.507874,3.518315,0.01615334,,,,,0,0,0,0,0,0,0,0,0,0,0,0,0,0,0,0,0,0,0,0,0,0,0,0,0,0,0,0,0,0,0,0,0,0,0,0,0,0,0,0,0,0,0,0,0,0,0,0,0,0,0,
Participant,7_3,11_50_1,12.6227,0,2,0,12.62274,0.0000,0.0000,0.0000,0.0000,0.0000,0.0000,3.50538,3.539965,3.522673,0.02051115,,,,,0,0,0,0,0,0,0,0,0,0,0,0,0,0,0,0,0,0,0,0,0,0,0,0,0,0,0,0,0,0,0,0,0,0,0,0,0,0,0,0,0,0,0,0,0,0,0,0,0,0,0,
Participant,7_3,11_50_1,12.6263,0,2,0,12.62629,0.0000,0.0000,0.0000,0.0000,0.0000,0.0000,3.541296,3.547743,3.544519,0.04235792,,,,,0,0,0,0,0,0,0,0,0,0,0,0,0,0,0,0,0,0,0,0,0,0,0,0,0,0,0,0,0,0,0,0,0,0,0,0,0,0,0,0,0,0,0,0,0,0,0,0,0,0,0,
Participant,7_3,11_50_1,12.6296,0,2,0,12.6296,0.0000,0.0000,0.0000,0.0000,0.0000,0.0000,3.508424,3.553063,3.530744,0.0285821,,,,,0,0,0,0,0,0,0,0,0,0,0,0,0,0,0,0,0,0,0,0,0,0,0,0,0,0,0,0,0,0,0,0,0,0,0,0,0,0,0,0,0,0,0,0,0,0,0,0,0,0,0,
Participant,7_3,11_50_1,12.6331,0,2,0,12.63307,0.0000,0.0000,0.0000,0.0000,0.0000,0.0000,3.528379,3.552897,3.540638,0.03847694,,,,,0,0,0,0,0,0,0,0,0,0,0,0,0,0,0,0,0,0,0,0,0,0,0,0,0,0,0,0,0,0,0,0,0,0,0,0,0,0,0,0,0,0,0,0,0,0,0,0,0,0,0,
Participant,7_3,11_50_1,12.6363,0,2,0,12.63627,0.0000,0.0000,0.0000,0.0000,0.0000,0.0000,3.518854,3.540626,3.52974,0.02757859,,,,,0,0,0,0,0,0,0,0,0,0,0,0,0,0,0,0,0,0,0,0,0,0,0,0,0,0,0,0,0,0,0,0,0,0,0,0,0,0,0,0,0,0,0,0,0,0,0,0,0,0,0,
Participant,7_3,11_50_1,12.6396,0,2,0,12.63958,0.0000,0.0000,0.0000,0.0000,0.0000,0.0000,3.512617,3.556222,3.53442,0.03225803,,,,,0,0,0,0,0,0,0,0,0,0,0,0,0,0,0,0,0,0,0,0,0,0,0,0,0,0,0,0,0,0,0,0,0,0,0,0,0,0,0,0,0,0,0,0,0,0,0,0,0,0,0,
Participant,7_3,11_50_1,12.6427,0,2,0,12.6427,0.0000,0.0000,0.0000,0.0000,0.0000,0.0000,3.534412,3.554568,3.54449,0.04232883,,,,,0,0,0,0,0,0,0,0,0,0,0,0,0,0,0,0,0,0,0,0,0,0,0,0,0,0,0,0,0,0,0,0,0,0,0,0,0,0,0,0,0,0,0,0,0,0,0,0,0,0,0,
Participant,7_3,11_50_1,12.6461,0,2,0,12.64612,0.0000,0.0000,0.0000,0.0000,0.0000,0.0000,3.550421,3.527215,3.538818,0.03665638,,,,,0,0,0,0,0,0,0,0,0,0,0,0,0,0,0,0,0,0,0,0,0,0,0,0,0,0,0,0,0,0,0,0,0,0,0,0,0,0,0,0,0,0,0,0,0,0,0,0,0,0,0,
Participant,7_3,11_50_1,12.6496,0,2,0,12.64958,0.0000,0.0000,0.0000,0.0000,0.0000,0.0000,3.520417,3.520985,3.520701,0.01853943,,,,,0,0,0,0,0,0,0,0,0,0,0,0,0,0,0,0,0,0,0,0,0,0,0,0,0,0,0,0,0,0,0,0,0,0,0,0,0,0,0,0,0,0,0,0,0,0,0,0,0,0,0,
Participant,7_3,11_50_1,12.6527,0,2,0,12.65266,0.0000,0.0000,0.0000,0.0000,0.0000,0.0000,3.548301,3.558047,3.553174,0.05101299,,,,,0,0,0,0,0,0,0,0,0,0,0,0,0,0,0,0,0,0,0,0,0,0,0,0,0,0,0,0,0,0,0,0,0,0,0,0,0,0,0,0,0,0,0,0,0,0,0,0,0,0,0,
Participant,7_3,11_50_1,12.6559,0,2,0,12.65588,0.0000,0.0000,0.0000,0.0000,0.0000,0.0000,3.542792,3.540062,3.541427,0.03926563,,,,,0,0,0,0,0,0,0,0,0,0,0,0,0,0,0,0,0,0,0,0,0,0,0,0,0,0,0,0,0,0,0,0,0,0,0,0,0,0,0,0,0,0,0,0,0,0,0,0,0,0,0,
Participant,7_3,11_50_1,12.6591,0,2,0,12.65905,0.0000,0.0000,0.0000,0.0000,0.0000,0.0000,3.541667,3.54943,3.545548,0.04338646,,,,,0,0,0,0,0,0,0,0,0,0,0,0,0,0,0,0,0,0,0,0,0,0,0,0,0,0,0,0,0,0,0,0,0,0,0,0,0,0,0,0,0,0,0,0,0,0,0,0,0,0,0,
Participant,7_3,11_50_1,12.6623,0,2,0,12.66226,0.0000,0.0000,0.0000,0.0000,0.0000,0.0000,3.525037,3.550468,3.537752,0.03559065,,,,,0,0,0,0,0,0,0,0,0,0,0,0,0,0,0,0,0,0,0,0,0,0,0,0,0,0,0,0,0,0,0,0,0,0,0,0,0,0,0,0,0,0,0,0,0,0,0,0,0,0,0,
Participant,7_3,11_50_1,12.6656,0,2,0,12.66564,0.0000,0.0000,0.0000,0.0000,0.0000,0.0000,3.539797,3.558178,3.548988,0.04682636,,,,,0,0,0,0,0,0,0,0,0,0,0,0,0,0,0,0,0,0,0,0,0,0,0,0,0,0,0,0,0,0,0,0,0,0,0,0,0,0,0,0,0,0,0,0,0,0,0,0,0,0,0,
Participant,7_3,11_50_1,12.6688,0,2,0,12.66876,0.0000,0.0000,0.0000,0.0000,0.0000,0.0000,3.528537,3.539116,3.533827,0.03166533,,,,,0,0,0,0,0,0,0,0,0,0,0,0,0,0,0,0,0,0,0,0,0,0,0,0,0,0,0,0,0,0,0,0,0,0,0,0,0,0,0,0,0,0,0,0,0,0,0,0,0,0,0,
Participant,7_3,11_50_1,12.6720,0,2,0,12.67195,0.0000,0.0000,0.0000,0.0000,0.0000,0.0000,3.55003,3.533122,3.541575,0.03941393,,,,,0,0,0,0,0,0,0,0,0,0,0,0,0,0,0,0,0,0,0,0,0,0,0,0,0,0,0,0,0,0,0,0,0,0,0,0,0,0,0,0,0,0,0,0,0,0,0,0,0,0,0,
Participant,7_3,11_50_1,12.6751,0,2,0,12.67507,0.0000,0.0000,0.0000,0.0000,0.0000,0.0000,3.526338,3.57448,3.550409,0.04824734,,,,,0,0,0,0,0,0,0,0,0,0,0,0,0,0,0,0,0,0,0,0,0,0,0,0,0,0,0,0,0,0,0,0,0,0,0,0,0,0,0,0,0,0,0,0,0,0,0,0,0,0,0,
Participant,7_3,11_50_1,12.6782,0,2,0,12.67821,0.0000,0.0000,0.0000,0.0000,0.0000,0.0000,3.532989,3.584502,3.558745,0.05658388,,,,,0,0,0,0,0,0,0,0,0,0,0,0,0,0,0,0,0,0,0,0,0,0,0,0,0,0,0,0,0,0,0,0,0,0,0,0,0,0,0,0,0,0,0,0,0,0,0,0,0,0,0,
Participant,7_3,11_50_1,12.6813,0,2,0,12.68133,0.0000,0.0000,0.0000,0.0000,0.0000,0.0000,3.559026,3.557074,3.55805,0.05588865,,,,,0,0,0,0,0,0,0,0,0,0,0,0,0,0,0,0,0,0,0,0,0,0,0,0,0,0,0,0,0,0,0,0,0,0,0,0,0,0,0,0,0,0,0,0,0,0,0,0,0,0,0,
Participant,7_3,11_50_1,12.6851,0,2,0,12.68511,0.0000,0.0000,0.0000,0.0000,0.0000,0.0000,3.579001,3.543074,3.561037,0.0588758,,,,,0,0,0,0,0,0,0,0,0,0,0,0,0,0,0,0,0,0,0,0,0,0,0,0,0,0,0,0,0,0,0,0,0,0,0,0,0,0,0,0,0,0,0,0,0,0,0,0,0,0,0,
Participant,7_3,11_50_1,12.6883,0,2,0,12.68828,0.0000,0.0000,0.0000,0.0000,0.0000,0.0000,3.55017,3.557907,3.554039,0.05187702,,,,,0,0,0,0,0,0,0,0,0,0,0,0,0,0,0,0,0,0,0,0,0,0,0,0,0,0,0,0,0,0,0,0,0,0,0,0,0,0,0,0,0,0,0,0,0,0,0,0,0,0,0,
Participant,7_3,11_50_1,12.6914,0,2,0,12.69143,0.0000,0.0000,0.0000,0.0000,0.0000,0.0000,3.566774,3.56461,3.565692,0.06353045,,,,,0,0,0,0,0,0,0,0,0,0,0,0,0,0,0,0,0,0,0,0,0,0,0,0,0,0,0,0,0,0,0,0,0,0,0,0,0,0,0,0,0,0,0,0,0,0,0,0,0,0,0,
Participant,7_3,11_50_1,12.6946,0,2,0,12.69458,0.0000,0.0000,0.0000,0.0000,0.0000,0.0000,3.536404,3.558471,3.547437,0.04527569,,,,,0,0,0,0,0,0,0,0,0,0,0,0,0,0,0,0,0,0,0,0,0,0,0,0,0,0,0,0,0,0,0,0,0,0,0,0,0,0,0,0,0,0,0,0,0,0,0,0,0,0,0,
Participant,7_3,11_50_1,12.6977,0,2,0,12.6977,0.0000,0.0000,0.0000,0.0000,0.0000,0.0000,3.551866,3.552353,3.552109,0.04994774,,,,,0,0,0,0,0,0,0,0,0,0,0,0,0,0,0,0,0,0,0,0,0,0,0,0,0,0,0,0,0,0,0,0,0,0,0,0,0,0,0,0,0,0,0,0,0,0,0,0,0,0,0,
Participant,7_3,11_50_1,12.7153,0,2,0,12.71526,0.0000,0.0000,0.0000,0.0000,0.0000,0.0000,3.596695,3.559166,3.577931,0.07576919,,,,,0,0,0,0,0,0,0,0,0,0,0,0,0,0,0,0,0,0,0,0,0,0,0,0,0,0,0,0,0,0,0,0,0,0,0,0,0,0,0,0,0,0,0,0,0,0,0,0,0,0,0,
Participant,7_3,11_50_1,12.7187,0,2,0,12.7187,0.0000,0.0000,0.0000,0.0000,0.0000,0.0000,3.569456,3.557065,3.56326,0.06109881,,,,,0,0,0,0,0,0,0,0,0,0,0,0,0,0,0,0,0,0,0,0,0,0,0,0,0,0,0,0,0,0,0,0,0,0,0,0,0,0,0,0,0,0,0,0,0,0,0,0,0,0,0,
Participant,7_3,11_50_1,12.7219,0,2,0,12.72186,0.0000,0.0000,0.0000,0.0000,0.0000,0.0000,3.600171,3.591853,3.596012,0.09385037,,,,,0,0,0,0,0,0,0,0,0,0,0,0,0,0,0,0,0,0,0,0,0,0,0,0,0,0,0,0,0,0,0,0,0,0,0,0,0,0,0,0,0,0,0,0,0,0,0,0,0,0,0,
Participant,7_3,11_50_1,12.7255,0,2,0,12.72553,0.0000,0.0000,0.0000,0.0000,0.0000,0.0000,3.567023,3.596303,3.581663,0.07950163,,,,,0,0,0,0,0,0,0,0,0,0,0,0,0,0,0,0,0,0,0,0,0,0,0,0,0,0,0,0,0,0,0,0,0,0,0,0,0,0,0,0,0,0,0,0,0,0,0,0,0,0,0,
Participant,7_3,11_50_1,12.7289,0,2,0,12.72887,0.0000,0.0000,0.0000,0.0000,0.0000,0.0000,3.59982,3.571864,3.585842,0.08368039,,,,,0,0,0,0,0,0,0,0,0,0,0,0,0,0,0,0,0,0,0,0,0,0,0,0,0,0,0,0,0,0,0,0,0,0,0,0,0,0,0,0,0,0,0,0,0,0,0,0,0,0,0,
Participant,7_3,11_50_1,12.7321,0,2,0,12.73208,0.0000,0.0000,0.0000,0.0000,0.0000,0.0000,3.597503,3.606721,3.602112,0.09995079,,,,,0,0,0,0,0,0,0,0,0,0,0,0,0,0,0,0,0,0,0,0,0,0,0,0,0,0,0,0,0,0,0,0,0,0,0,0,0,0,0,0,0,0,0,0,0,0,0,0,0,0,0,
Participant,7_3,11_50_1,12.7353,0,2,0,12.73525,0.0000,0.0000,0.0000,0.0000,0.0000,0.0000,3.610155,3.563452,3.586804,0.08464241,,,,,0,0,0,0,0,0,0,0,0,0,0,0,0,0,0,0,0,0,0,0,0,0,0,0,0,0,0,0,0,0,0,0,0,0,0,0,0,0,0,0,0,0,0,0,0,0,0,0,0,0,0,
Participant,7_3,11_50_1,12.7387,0,2,0,12.73868,0.0000,0.0000,0.0000,0.0000,0.0000,0.0000,3.567752,3.598469,3.583111,0.08094907,,,,,0,0,0,0,0,0,0,0,0,0,0,0,0,0,0,0,0,0,0,0,0,0,0,0,0,0,0,0,0,0,0,0,0,0,0,0,0,0,0,0,0,0,0,0,0,0,0,0,0,0,0,
Participant,7_3,11_50_1,12.7424,0,2,0,12.74236,0.0000,0.0000,0.0000,0.0000,0.0000,0.0000,3.562972,3.582007,3.57249,0.070328,,,,,0,0,0,0,0,0,0,0,0,0,0,0,0,0,0,0,0,0,0,0,0,0,0,0,0,0,0,0,0,0,0,0,0,0,0,0,0,0,0,0,0,0,0,0,0,0,0,0,0,0,0,
Participant,7_3,11_50_1,12.7458,0,2,0,12.74581,0.0000,0.0000,0.0000,0.0000,0.0000,0.0000,3.58865,3.558693,3.573672,0.07151031,,,,,0,0,0,0,0,0,0,0,0,0,0,0,0,0,0,0,0,0,0,0,0,0,0,0,0,0,0,0,0,0,0,0,0,0,0,0,0,0,0,0,0,0,0,0,0,0,0,0,0,0,0,
Participant,7_3,11_50_1,12.7490,0,2,0,12.74899,0.0000,0.0000,0.0000,0.0000,0.0000,0.0000,3.580709,3.608942,3.594826,0.092664,,,,,0,0,0,0,0,0,0,0,0,0,0,0,0,0,0,0,0,0,0,0,0,0,0,0,0,0,0,0,0,0,0,0,0,0,0,0,0,0,0,0,0,0,0,0,0,0,0,0,0,0,0,
Participant,7_3,11_50_1,12.7522,0,2,0,12.75216,0.0000,0.0000,0.0000,0.0000,0.0000,0.0000,3.583101,3.607506,3.595304,0.09314227,,,,,0,0,0,0,0,0,0,0,0,0,0,0,0,0,0,0,0,0,0,0,0,0,0,0,0,0,0,0,0,0,0,0,0,0,0,0,0,0,0,0,0,0,0,0,0,0,0,0,0,0,0,
Participant,7_3,11_50_1,12.7553,0,2,0,12.7553,0.0000,0.0000,0.0000,0.0000,0.0000,0.0000,3.582047,3.599133,3.59059,0.08842874,,,,,0,0,0,0,0,0,0,0,0,0,0,0,0,0,0,0,0,0,0,0,0,0,0,0,0,0,0,0,0,0,0,0,0,0,0,0,0,0,0,0,0,0,0,0,0,0,0,0,0,0,0,
Participant,7_3,11_50_1,12.7586,0,2,0,12.75856,0.0000,0.0000,0.0000,0.0000,0.0000,0.0000,3.609605,3.572423,3.591014,0.08885241,,,,,0,0,0,0,0,0,0,0,0,0,0,0,0,0,0,0,0,0,0,0,0,0,0,0,0,0,0,0,0,0,0,0,0,0,0,0,0,0,0,0,0,0,0,0,0,0,0,0,0,0,0,
Participant,7_3,11_50_1,12.7620,0,2,0,12.76204,0.0000,0.0000,0.0000,0.0000,0.0000,0.0000,3.598949,3.575303,3.587126,0.08496451,,,,,0,0,0,0,0,0,0,0,0,0,0,0,0,0,0,0,0,0,0,0,0,0,0,0,0,0,0,0,0,0,0,0,0,0,0,0,0,0,0,0,0,0,0,0,0,0,0,0,0,0,0,
Participant,7_3,11_50_1,12.7654,0,2,0,12.76544,0.0000,0.0000,0.0000,0.0000,0.0000,0.0000,3.577415,3.619323,3.598369,0.09620714,,,,,0,0,0,0,0,0,0,0,0,0,0,0,0,0,0,0,0,0,0,0,0,0,0,0,0,0,0,0,0,0,0,0,0,0,0,0,0,0,0,0,0,0,0,0,0,0,0,0,0,0,0,
Participant,7_3,11_50_1,12.7686,0,2,0,12.76861,0.0000,0.0000,0.0000,0.0000,0.0000,0.0000,3.604955,3.576517,3.590736,0.08857465,,,,,0,0,0,0,0,0,0,0,0,0,0,0,0,0,0,0,0,0,0,0,0,0,0,0,0,0,0,0,0,0,0,0,0,0,0,0,0,0,0,0,0,0,0,0,0,0,0,0,0,0,0,
Participant,7_3,11_50_1,12.7718,0,2,0,12.77177,0.0000,0.0000,0.0000,0.0000,0.0000,0.0000,3.603762,3.586295,3.595028,0.0928669,,,,,0,0,0,0,0,0,0,0,0,0,0,0,0,0,0,0,0,0,0,0,0,0,0,0,0,0,0,0,0,0,0,0,0,0,0,0,0,0,0,0,0,0,0,0,0,0,0,0,0,0,0,
Participant,7_3,11_50_1,12.7750,0,2,0,12.775,0.0000,0.0000,0.0000,0.0000,0.0000,0.0000,3.573439,3.609556,3.591498,0.08933616,,,,,0,0,0,0,0,0,0,0,0,0,0,0,0,0,0,0,0,0,0,0,0,0,0,0,0,0,0,0,0,0,0,0,0,0,0,0,0,0,0,0,0,0,0,0,0,0,0,0,0,0,0,
Participant,7_3,11_50_1,12.7783,0,2,0,12.77826,0.0000,0.0000,0.0000,0.0000,0.0000,0.0000,3.625173,3.59912,3.612146,0.1099849,,,,,0,0,0,0,0,0,0,0,0,0,0,0,0,0,0,0,0,0,0,0,0,0,0,0,0,0,0,0,0,0,0,0,0,0,0,0,0,0,0,0,0,0,0,0,0,0,0,0,0,0,0,
Participant,7_3,11_50_1,12.7817,0,2,0,12.7817,0.0000,0.0000,0.0000,0.0000,0.0000,0.0000,3.590171,3.593563,3.591867,0.08970547,,,,,0,0,0,0,0,0,0,0,0,0,0,0,0,0,0,0,0,0,0,0,0,0,0,0,0,0,0,0,0,0,0,0,0,0,0,0,0,0,0,0,0,0,0,0,0,0,0,0,0,0,0,
Participant,7_3,11_50_1,12.7852,0,2,0,12.78519,0.0000,0.0000,0.0000,0.0000,0.0000,0.0000,3.589316,3.596869,3.593092,0.0909307,,,,,0,0,0,0,0,0,0,0,0,0,0,0,0,0,0,0,0,0,0,0,0,0,0,0,0,0,0,0,0,0,0,0,0,0,0,0,0,0,0,0,0,0,0,0,0,0,0,0,0,0,0,
Participant,7_3,11_50_1,12.7886,0,2,0,12.78858,0.0000,0.0000,0.0000,0.0000,0.0000,0.0000,3.580193,3.578863,3.579528,0.07736611,,,,,0,0,0,0,0,0,0,0,0,0,0,0,0,0,0,0,0,0,0,0,0,0,0,0,0,0,0,0,0,0,0,0,0,0,0,0,0,0,0,0,0,0,0,0,0,0,0,0,0,0,0,
Participant,7_3,11_50_1,12.7918,0,2,0,12.79175,0.0000,0.0000,0.0000,0.0000,0.0000,0.0000,3.595372,3.585663,3.590518,0.08835649,,,,,0,0,0,0,0,0,0,0,0,0,0,0,0,0,0,0,0,0,0,0,0,0,0,0,0,0,0,0,0,0,0,0,0,0,0,0,0,0,0,0,0,0,0,0,0,0,0,0,0,0,0,
Participant,7_3,11_50_1,12.8012,0,2,0,12.80118,0.0000,0.0000,0.0000,0.0000,0.0000,0.0000,3.617292,3.589656,3.603474,0.1013124,,,,,0,0,0,0,0,0,0,0,0,0,0,0,0,0,0,0,0,0,0,0,0,0,0,0,0,0,0,0,0,0,0,0,0,0,0,0,0,0,0,0,0,0,0,0,0,0,0,0,0,0,0,
Participant,7_3,11_50_1,12.8048,0,2,0,12.80479,0.0000,0.0000,0.0000,0.0000,0.0000,0.0000,3.605803,3.586629,3.596216,0.09405494,,,,,0,0,0,0,0,0,0,0,0,0,0,0,0,0,0,0,0,0,0,0,0,0,0,0,0,0,0,0,0,0,0,0,0,0,0,0,0,0,0,0,0,0,0,0,0,0,0,0,0,0,0,
Participant,7_3,11_50_1,12.8083,0,2,0,12.80832,0.0000,0.0000,0.0000,0.0000,0.0000,0.0000,3.646112,3.59986,3.622986,0.1208248,,,,,0,0,0,0,0,0,0,0,0,0,0,0,0,0,0,0,0,0,0,0,0,0,0,0,0,0,0,0,0,0,0,0,0,0,0,0,0,0,0,0,0,0,0,0,0,0,0,0,0,0,0,
Participant,7_3,11_50_1,12.8117,0,2,0,12.81173,0.0000,0.0000,0.0000,0.0000,0.0000,0.0000,3.596853,3.617077,3.606965,0.1048036,,,,,0,0,0,0,0,0,0,0,0,0,0,0,0,0,0,0,0,0,0,0,0,0,0,0,0,0,0,0,0,0,0,0,0,0,0,0,0,0,0,0,0,0,0,0,0,0,0,0,0,0,0,
Participant,7_3,11_50_1,12.8152,0,2,0,12.81524,0.0000,0.0000,0.0000,0.0000,0.0000,0.0000,3.647158,3.5895,3.618329,0.1161675,,,,,0,0,0,0,0,0,0,0,0,0,0,0,0,0,0,0,0,0,0,0,0,0,0,0,0,0,0,0,0,0,0,0,0,0,0,0,0,0,0,0,0,0,0,0,0,0,0,0,0,0,0,
Participant,7_3,11_50_1,12.8187,0,2,0,12.81867,0.0000,0.0000,0.0000,0.0000,0.0000,0.0000,3.624092,3.638151,3.631122,0.1289604,,,,,0,0,0,0,0,0,0,0,0,0,0,0,0,0,0,0,0,0,0,0,0,0,0,0,0,0,0,0,0,0,0,0,0,0,0,0,0,0,0,0,0,0,0,0,0,0,0,0,0,0,0,
Participant,7_3,11_50_1,12.8219,0,2,0,12.82188,0.0000,0.0000,0.0000,0.0000,0.0000,0.0000,3.620277,3.644477,3.632377,0.1302152,,,,,0,0,0,0,0,0,0,0,0,0,0,0,0,0,0,0,0,0,0,0,0,0,0,0,0,0,0,0,0,0,0,0,0,0,0,0,0,0,0,0,0,0,0,0,0,0,0,0,0,0,0,
Participant,7_3,11_50_1,12.8253,0,2,0,12.82528,0.0000,0.0000,0.0000,0.0000,0.0000,0.0000,3.612395,3.613083,3.612739,0.1105773,,,,,0,0,0,0,0,0,0,0,0,0,0,0,0,0,0,0,0,0,0,0,0,0,0,0,0,0,0,0,0,0,0,0,0,0,0,0,0,0,0,0,0,0,0,0,0,0,0,0,0,0,0,
Participant,7_3,11_50_1,12.8286,0,2,0,12.82855,0.0000,0.0000,0.0000,0.0000,0.0000,0.0000,3.637233,3.640239,3.638736,0.1365743,,,,,0,0,0,0,0,0,0,0,0,0,0,0,0,0,0,0,0,0,0,0,0,0,0,0,0,0,0,0,0,0,0,0,0,0,0,0,0,0,0,0,0,0,0,0,0,0,0,0,0,0,0,
Participant,7_3,11_50_1,12.8321,0,2,0,12.83205,0.0000,0.0000,0.0000,0.0000,0.0000,0.0000,3.65135,3.613508,3.632429,0.1302676,,,,,0,0,0,0,0,0,0,0,0,0,0,0,0,0,0,0,0,0,0,0,0,0,0,0,0,0,0,0,0,0,0,0,0,0,0,0,0,0,0,0,0,0,0,0,0,0,0,0,0,0,0,
Participant,7_3,11_50_1,12.8355,0,2,0,12.83546,0.0000,0.0000,0.0000,0.0000,0.0000,0.0000,3.630207,3.624978,3.627592,0.1254308,,,,,0,0,0,0,0,0,0,0,0,0,0,0,0,0,0,0,0,0,0,0,0,0,0,0,0,0,0,0,0,0,0,0,0,0,0,0,0,0,0,0,0,0,0,0,0,0,0,0,0,0,0,
Participant,7_3,11_50_1,12.8386,0,2,0,12.8386,0.0000,0.0000,0.0000,0.0000,0.0000,0.0000,3.619662,3.655828,3.637745,0.1355834,,,,,0,0,0,0,0,0,0,0,0,0,0,0,0,0,0,0,0,0,0,0,0,0,0,0,0,0,0,0,0,0,0,0,0,0,0,0,0,0,0,0,0,0,0,0,0,0,0,0,0,0,0,
Participant,7_3,11_50_1,12.8417,0,2,0,12.84168,0.0000,0.0000,0.0000,0.0000,0.0000,0.0000,3.629873,3.606085,3.617979,0.1158175,,,,,0,0,0,0,0,0,0,0,0,0,0,0,0,0,0,0,0,0,0,0,0,0,0,0,0,0,0,0,0,0,0,0,0,0,0,0,0,0,0,0,0,0,0,0,0,0,0,0,0,0,0,
Participant,7_3,11_50_1,12.8452,0,2,0,12.84517,0.0000,0.0000,0.0000,0.0000,0.0000,0.0000,3.657832,3.636185,3.647009,0.1448474,,,,,0,0,0,0,0,0,0,0,0,0,0,0,0,0,0,0,0,0,0,0,0,0,0,0,0,0,0,0,0,0,0,0,0,0,0,0,0,0,0,0,0,0,0,0,0,0,0,0,0,0,0,
Participant,7_3,11_50_1,12.8484,0,2,0,12.84841,0.0000,0.0000,0.0000,0.0000,0.0000,0.0000,3.650305,3.6486,3.649453,0.1472912,,,,,0,0,0,0,0,0,0,0,0,0,0,0,0,0,0,0,0,0,0,0,0,0,0,0,0,0,0,0,0,0,0,0,0,0,0,0,0,0,0,0,0,0,0,0,0,0,0,0,0,0,0,
Participant,7_3,11_50_1,12.8517,0,2,0,12.85172,0.0000,0.0000,0.0000,0.0000,0.0000,0.0000,3.63807,3.647138,3.642604,0.1404424,,,,,0,0,0,0,0,0,0,0,0,0,0,0,0,0,0,0,0,0,0,0,0,0,0,0,0,0,0,0,0,0,0,0,0,0,0,0,0,0,0,0,0,0,0,0,0,0,0,0,0,0,0,
Participant,7_3,11_50_1,12.8553,0,2,0,12.85529,0.0000,0.0000,0.0000,0.0000,0.0000,0.0000,3.620159,3.663446,3.641802,0.1396408,,,,,0,0,0,0,0,0,0,0,0,0,0,0,0,0,0,0,0,0,0,0,0,0,0,0,0,0,0,0,0,0,0,0,0,0,0,0,0,0,0,0,0,0,0,0,0,0,0,0,0,0,0,
Participant,7_3,11_50_1,12.8588,0,2,0,12.85883,0.0000,0.0000,0.0000,0.0000,0.0000,0.0000,3.650086,3.608259,3.629173,0.1270113,,,,,0,0,0,0,0,0,0,0,0,0,0,0,0,0,0,0,0,0,0,0,0,0,0,0,0,0,0,0,0,0,0,0,0,0,0,0,0,0,0,0,0,0,0,0,0,0,0,0,0,0,0,
Participant,7_3,11_50_1,12.8623,0,2,0,12.86225,0.0000,0.0000,0.0000,0.0000,0.0000,0.0000,3.623459,3.650893,3.637176,0.1350148,,,,,0,0,0,0,0,0,0,0,0,0,0,0,0,0,0,0,0,0,0,0,0,0,0,0,0,0,0,0,0,0,0,0,0,0,0,0,0,0,0,0,0,0,0,0,0,0,0,0,0,0,0,
Participant,7_3,11_50_1,12.8656,0,2,0,12.86564,0.0000,0.0000,0.0000,0.0000,0.0000,0.0000,3.667557,3.616829,3.642193,0.1400318,,,,,0,0,0,0,0,0,0,0,0,0,0,0,0,0,0,0,0,0,0,0,0,0,0,0,0,0,0,0,0,0,0,0,0,0,0,0,0,0,0,0,0,0,0,0,0,0,0,0,0,0,0,
Participant,7_3,11_50_1,12.8689,0,2,0,12.86892,0.0000,0.0000,0.0000,0.0000,0.0000,0.0000,3.664945,3.62676,3.645853,0.1436911,,,,,0,0,0,0,0,0,0,0,0,0,0,0,0,0,0,0,0,0,0,0,0,0,0,0,0,0,0,0,0,0,0,0,0,0,0,0,0,0,0,0,0,0,0,0,0,0,0,0,0,0,0,
Participant,7_3,11_50_1,12.8722,0,2,0,12.87218,0.0000,0.0000,0.0000,0.0000,0.0000,0.0000,3.623037,3.623388,3.623213,0.1210511,,,,,0,0,0,0,0,0,0,0,0,0,0,0,0,0,0,0,0,0,0,0,0,0,0,0,0,0,0,0,0,0,0,0,0,0,0,0,0,0,0,0,0,0,0,0,0,0,0,0,0,0,0,
Participant,7_3,11_50_1,12.8755,0,2,0,12.87547,0.0000,0.0000,0.0000,0.0000,0.0000,0.0000,3.64092,3.654369,3.647645,0.1454833,,,,,0,0,0,0,0,0,0,0,0,0,0,0,0,0,0,0,0,0,0,0,0,0,0,0,0,0,0,0,0,0,0,0,0,0,0,0,0,0,0,0,0,0,0,0,0,0,0,0,0,0,0,
Participant,7_3,11_50_1,12.8788,0,2,0,12.87877,0.0000,0.0000,0.0000,0.0000,0.0000,0.0000,3.621556,3.619359,3.620457,0.1182957,,,,,0,0,0,0,0,0,0,0,0,0,0,0,0,0,0,0,0,0,0,0,0,0,0,0,0,0,0,0,0,0,0,0,0,0,0,0,0,0,0,0,0,0,0,0,0,0,0,0,0,0,0,
Participant,7_3,11_50_1,12.8821,0,2,0,12.88211,0.0000,0.0000,0.0000,0.0000,0.0000,0.0000,3.643708,3.639913,3.64181,0.1396489,,,,,0,0,0,0,0,0,0,0,0,0,0,0,0,0,0,0,0,0,0,0,0,0,0,0,0,0,0,0,0,0,0,0,0,0,0,0,0,0,0,0,0,0,0,0,0,0,0,0,0,0,0,
Participant,7_3,11_50_1,12.8856,0,2,0,12.88559,0.0000,0.0000,0.0000,0.0000,0.0000,0.0000,3.63703,3.642967,3.639998,0.1378369,,,,,0,0,0,0,0,0,0,0,0,0,0,0,0,0,0,0,0,0,0,0,0,0,0,0,0,0,0,0,0,0,0,0,0,0,0,0,0,0,0,0,0,0,0,0,0,0,0,0,0,0,0,
Participant,7_3,11_50_1,12.8889,0,2,0,12.8889,0.0000,0.0000,0.0000,0.0000,0.0000,0.0000,3.642148,3.64657,3.644359,0.1421976,,,,,0,0,0,0,0,0,0,0,0,0,0,0,0,0,0,0,0,0,0,0,0,0,0,0,0,0,0,0,0,0,0,0,0,0,0,0,0,0,0,0,0,0,0,0,0,0,0,0,0,0,0,
Participant,7_3,11_50_1,12.8921,0,2,0,12.8921,0.0000,0.0000,0.0000,0.0000,0.0000,0.0000,3.653436,3.674687,3.664061,0.1618996,,,,,0,0,0,0,0,0,0,0,0,0,0,0,0,0,0,0,0,0,0,0,0,0,0,0,0,0,0,0,0,0,0,0,0,0,0,0,0,0,0,0,0,0,0,0,0,0,0,0,0,0,0,
Participant,7_3,11_50_1,12.8953,0,2,0,12.89532,0.0000,0.0000,0.0000,0.0000,0.0000,0.0000,3.645649,3.681933,3.663791,0.1616297,,,,,0,0,0,0,0,0,0,0,0,0,0,0,0,0,0,0,0,0,0,0,0,0,0,0,0,0,0,0,0,0,0,0,0,0,0,0,0,0,0,0,0,0,0,0,0,0,0,0,0,0,0,
Participant,7_3,11_50_1,12.8987,0,2,0,12.89867,0.0000,0.0000,0.0000,0.0000,0.0000,0.0000,3.635718,3.645141,3.640429,0.1382678,,,,,0,0,0,0,0,0,0,0,0,0,0,0,0,0,0,0,0,0,0,0,0,0,0,0,0,0,0,0,0,0,0,0,0,0,0,0,0,0,0,0,0,0,0,0,0,0,0,0,0,0,0,
Participant,7_3,11_50_1,12.9176,0,2,0,12.91762,0.0000,0.0000,0.0000,0.0000,0.0000,0.0000,3.677842,3.654605,3.666224,0.164062,,,,,0,0,0,0,0,0,0,0,0,0,0,0,0,0,0,0,0,0,0,0,0,0,0,0,0,0,0,0,0,0,0,0,0,0,0,0,0,0,0,0,0,0,0,0,0,0,0,0,0,0,0,
Participant,7_3,11_50_1,12.9212,0,2,0,12.92117,0.0000,0.0000,0.0000,0.0000,0.0000,0.0000,3.688522,3.635721,3.662121,0.1599598,,,,,0,0,0,0,0,0,0,0,0,0,0,0,0,0,0,0,0,0,0,0,0,0,0,0,0,0,0,0,0,0,0,0,0,0,0,0,0,0,0,0,0,0,0,0,0,0,0,0,0,0,0,
Participant,7_3,11_50_1,12.9247,0,2,0,12.92469,0.0000,0.0000,0.0000,0.0000,0.0000,0.0000,3.654642,3.674269,3.664455,0.1622937,,,,,0,0,0,0,0,0,0,0,0,0,0,0,0,0,0,0,0,0,0,0,0,0,0,0,0,0,0,0,0,0,0,0,0,0,0,0,0,0,0,0,0,0,0,0,0,0,0,0,0,0,0,
Participant,7_3,11_50_1,12.9284,0,2,0,12.92841,0.0000,0.0000,0.0000,0.0000,0.0000,0.0000,3.650515,3.647865,3.64919,0.1470284,,,,,0,0,0,0,0,0,0,0,0,0,0,0,0,0,0,0,0,0,0,0,0,0,0,0,0,0,0,0,0,0,0,0,0,0,0,0,0,0,0,0,0,0,0,0,0,0,0,0,0,0,0,
Participant,7_3,11_50_1,12.9318,0,2,0,12.93181,0.0000,0.0000,0.0000,0.0000,0.0000,0.0000,3.643176,3.650181,3.646678,0.1445169,,,,,0,0,0,0,0,0,0,0,0,0,0,0,0,0,0,0,0,0,0,0,0,0,0,0,0,0,0,0,0,0,0,0,0,0,0,0,0,0,0,0,0,0,0,0,0,0,0,0,0,0,0,
Participant,7_3,11_50_1,12.9356,0,2,0,12.93562,0.0000,0.0000,0.0000,0.0000,0.0000,0.0000,3.673776,3.646489,3.660133,0.1579711,,,,,0,0,0,0,0,0,0,0,0,0,0,0,0,0,0,0,0,0,0,0,0,0,0,0,0,0,0,0,0,0,0,0,0,0,0,0,0,0,0,0,0,0,0,0,0,0,0,0,0,0,0,
Participant,7_3,11_50_1,12.9388,0,2,0,12.9388,0.0000,0.0000,0.0000,0.0000,0.0000,0.0000,3.64404,3.698641,3.671341,0.1691792,,,,,0,0,0,0,0,0,0,0,0,0,0,0,0,0,0,0,0,0,0,0,0,0,0,0,0,0,0,0,0,0,0,0,0,0,0,0,0,0,0,0,0,0,0,0,0,0,0,0,0,0,0,
Participant,7_3,11_50_2,12.9421,0,2,0,12.94205,0.0000,0.0000,0.0000,0.0000,0.0000,0.0000,3.652736,3.687159,3.669947,0.1677859,,,,,0,0,0,0,0,0,0,0,0,0,0,0,0,0,0,0,0,0,0,0,0,0,0,0,0,0,0,0,0,0,0,0,0,0,0,0,0,0,0,0,0,0,0,0,0,0,0,0,0,0,0,
Participant,7_3,11_50_2,12.9456,0,2,0,12.9456,0.0000,0.0000,0.0000,0.0000,0.0000,0.0000,3.698592,3.676216,3.687404,0.1852427,,,,,0,0,0,0,0,0,0,0,0,0,0,0,0,0,0,0,0,0,0,0,0,0,0,0,0,0,0,0,0,0,0,0,0,0,0,0,0,0,0,0,0,0,0,0,0,0,0,0,0,0,0,
Participant,7_3,11_50_2,12.9491,0,2,0,12.9491,0.0000,0.0000,0.0000,0.0000,0.0000,0.0000,3.684361,3.683606,3.683984,0.1818221,,,,,0,0,0,0,0,0,0,0,0,0,0,0,0,0,0,0,0,0,0,0,0,0,0,0,0,0,0,0,0,0,0,0,0,0,0,0,0,0,0,0,0,0,0,0,0,0,0,0,0,0,0,
Participant,7_3,11_50_2,12.9524,0,2,0,12.95236,0.0000,0.0000,0.0000,0.0000,0.0000,0.0000,3.658736,3.665012,3.661874,0.1597123,,,,,0,0,0,0,0,0,0,0,0,0,0,0,0,0,0,0,0,0,0,0,0,0,0,0,0,0,0,0,0,0,0,0,0,0,0,0,0,0,0,0,0,0,0,0,0,0,0,0,0,0,0,
Participant,7_3,11_50_2,12.9558,0,2,0,12.9558,0.0000,0.0000,0.0000,0.0000,0.0000,0.0000,3.665427,3.657073,3.66125,0.1590886,,,,,0,0,0,0,0,0,0,0,0,0,0,0,0,0,0,0,0,0,0,0,0,0,0,0,0,0,0,0,0,0,0,0,0,0,0,0,0,0,0,0,0,0,0,0,0,0,0,0,0,0,0,
Participant,7_3,11_50_2,12.9593,0,2,0,12.95925,0.0000,0.0000,0.0000,0.0000,0.0000,0.0000,3.6633,3.657899,3.660599,0.1584377,,,,,0,0,0,0,0,0,0,0,0,0,0,0,0,0,0,0,0,0,0,0,0,0,0,0,0,0,0,0,0,0,0,0,0,0,0,0,0,0,0,0,0,0,0,0,0,0,0,0,0,0,0,
Participant,7_3,11_50_2,12.9625,0,2,0,12.96251,0.0000,0.0000,0.0000,0.0000,0.0000,0.0000,3.665516,3.6514,3.658458,0.1562963,,,,,0,0,0,0,0,0,0,0,0,0,0,0,0,0,0,0,0,0,0,0,0,0,0,0,0,0,0,0,0,0,0,0,0,0,0,0,0,0,0,0,0,0,0,0,0,0,0,0,0,0,0,
Participant,7_3,11_50_2,12.9664,0,2,0,12.96637,0.0000,0.0000,0.0000,0.0000,0.0000,0.0000,3.68958,3.668301,3.67894,0.1767788,,,,,0,0,0,0,0,0,0,0,0,0,0,0,0,0,0,0,0,0,0,0,0,0,0,0,0,0,0,0,0,0,0,0,0,0,0,0,0,0,0,0,0,0,0,0,0,0,0,0,0,0,0,
Participant,7_3,11_50_2,12.9696,0,2,0,12.96956,0.0000,0.0000,0.0000,0.0000,0.0000,0.0000,3.692421,3.657634,3.675028,0.1728661,,,,,0,0,0,0,0,0,0,0,0,0,0,0,0,0,0,0,0,0,0,0,0,0,0,0,0,0,0,0,0,0,0,0,0,0,0,0,0,0,0,0,0,0,0,0,0,0,0,0,0,0,0,
Participant,7_3,11_50_2,12.9728,0,2,0,12.97276,0.0000,0.0000,0.0000,0.0000,0.0000,0.0000,3.706269,3.67212,3.689194,0.1870327,,,,,0,0,0,0,0,0,0,0,0,0,0,0,0,0,0,0,0,0,0,0,0,0,0,0,0,0,0,0,0,0,0,0,0,0,0,0,0,0,0,0,0,0,0,0,0,0,0,0,0,0,0,
Participant,7_3,11_50_2,12.9761,0,2,0,12.97609,0.0000,0.0000,0.0000,0.0000,0.0000,0.0000,3.655285,3.697749,3.676517,0.1743555,,,,,0,0,0,0,0,0,0,0,0,0,0,0,0,0,0,0,0,0,0,0,0,0,0,0,0,0,0,0,0,0,0,0,0,0,0,0,0,0,0,0,0,0,0,0,0,0,0,0,0,0,0,
Participant,7_3,11_50_2,12.9794,0,2,0,12.97936,0.0000,0.0000,0.0000,0.0000,0.0000,0.0000,3.659233,3.702166,3.680699,0.1785378,,,,,0,0,0,0,0,0,0,0,0,0,0,0,0,0,0,0,0,0,0,0,0,0,0,0,0,0,0,0,0,0,0,0,0,0,0,0,0,0,0,0,0,0,0,0,0,0,0,0,0,0,0,
Participant,7_3,11_50_2,12.9827,0,2,0,12.98274,0.0000,0.0000,0.0000,0.0000,0.0000,0.0000,3.663498,3.698904,3.681201,0.1790395,,,,,0,0,0,0,0,0,0,0,0,0,0,0,0,0,0,0,0,0,0,0,0,0,0,0,0,0,0,0,0,0,0,0,0,0,0,0,0,0,0,0,0,0,0,0,0,0,0,0,0,0,0,
Participant,7_3,11_50_2,12.9866,0,2,0,12.98659,0.0000,0.0000,0.0000,0.0000,0.0000,0.0000,3.661417,3.686357,3.673887,0.1717255,,,,,0,0,0,0,0,0,0,0,0,0,0,0,0,0,0,0,0,0,0,0,0,0,0,0,0,0,0,0,0,0,0,0,0,0,0,0,0,0,0,0,0,0,0,0,0,0,0,0,0,0,0,
Participant,7_3,11_50_2,12.9897,0,2,0,12.98974,0.0000,0.0000,0.0000,0.0000,0.0000,0.0000,3.714434,3.706777,3.710605,0.2084439,,,,,0,0,0,0,0,0,0,0,0,0,0,0,0,0,0,0,0,0,0,0,0,0,0,0,0,0,0,0,0,0,0,0,0,0,0,0,0,0,0,0,0,0,0,0,0,0,0,0,0,0,0,
Participant,7_3,11_50_2,12.9930,0,2,0,12.99299,0.0000,0.0000,0.0000,0.0000,0.0000,0.0000,3.682419,3.694824,3.688622,0.18646,,,,,0,0,0,0,0,0,0,0,0,0,0,0,0,0,0,0,0,0,0,0,0,0,0,0,0,0,0,0,0,0,0,0,0,0,0,0,0,0,0,0,0,0,0,0,0,0,0,0,0,0,0,
Participant,7_3,11_50_2,12.9962,0,2,0,12.99624,0.0000,0.0000,0.0000,0.0000,0.0000,0.0000,3.708812,3.717574,3.713193,0.2110319,,,,,0,0,0,0,0,0,0,0,0,0,0,0,0,0,0,0,0,0,0,0,0,0,0,0,0,0,0,0,0,0,0,0,0,0,0,0,0,0,0,0,0,0,0,0,0,0,0,0,0,0,0,
Participant,7_3,11_50_2,12.9996,0,2,0,12.99957,0.0000,0.0000,0.0000,0.0000,0.0000,0.0000,3.700013,3.660836,3.680424,0.1782627,,,,,0,0,0,0,0,0,0,0,0,0,0,0,0,0,0,0,0,0,0,0,0,0,0,0,0,0,0,0,0,0,0,0,0,0,0,0,0,0,0,0,0,0,0,0,0,0,0,0,0,0,0,
Participant,7_3,11_50_2,13.0027,0,2,0,13.00273,0.0000,0.0000,0.0000,0.0000,0.0000,0.0000,3.717083,3.665474,3.691279,0.1891172,,,,,0,0,0,0,0,0,0,0,0,0,0,0,0,0,0,0,0,0,0,0,0,0,0,0,0,0,0,0,0,0,0,0,0,0,0,0,0,0,0,0,0,0,0,0,0,0,0,0,0,0,0,
Participant,7_3,11_50_2,13.0061,0,2,0,13.00614,0.0000,0.0000,0.0000,0.0000,0.0000,0.0000,3.712821,3.714518,3.71367,0.2115083,,,,,0,0,0,0,0,0,0,0,0,0,0,0,0,0,0,0,0,0,0,0,0,0,0,0,0,0,0,0,0,0,0,0,0,0,0,0,0,0,0,0,0,0,0,0,0,0,0,0,0,0,0,
Participant,7_3,11_50_2,13.0093,0,2,0,13.00932,0.0000,0.0000,0.0000,0.0000,0.0000,0.0000,3.692354,3.70291,3.697632,0.1954708,,,,,0,0,0,0,0,0,0,0,0,0,0,0,0,0,0,0,0,0,0,0,0,0,0,0,0,0,0,0,0,0,0,0,0,0,0,0,0,0,0,0,0,0,0,0,0,0,0,0,0,0,0,
Participant,7_3,11_50_2,13.0125,0,2,0,13.01251,0.0000,0.0000,0.0000,0.0000,0.0000,0.0000,3.689825,3.723837,3.706831,0.2046697,,,,,0,0,0,0,0,0,0,0,0,0,0,0,0,0,0,0,0,0,0,0,0,0,0,0,0,0,0,0,0,0,0,0,0,0,0,0,0,0,0,0,0,0,0,0,0,0,0,0,0,0,0,
Participant,7_3,11_50_2,13.0160,0,2,0,13.016,0.0000,0.0000,0.0000,0.0000,0.0000,0.0000,3.677287,3.681435,3.679361,0.1771994,,,,,0,0,0,0,0,0,0,0,0,0,0,0,0,0,0,0,0,0,0,0,0,0,0,0,0,0,0,0,0,0,0,0,0,0,0,0,0,0,0,0,0,0,0,0,0,0,0,0,0,0,0,
Participant,7_3,11_50_2,13.0194,0,2,0,13.01943,0.0000,0.0000,0.0000,0.0000,0.0000,0.0000,3.681818,3.699389,3.690604,0.1884422,,,,,0,0,0,0,0,0,0,0,0,0,0,0,0,0,0,0,0,0,0,0,0,0,0,0,0,0,0,0,0,0,0,0,0,0,0,0,0,0,0,0,0,0,0,0,0,0,0,0,0,0,0,
Participant,7_3,11_50_2,13.0226,0,2,0,13.02258,0.0000,0.0000,0.0000,0.0000,0.0000,0.0000,3.670655,3.676429,3.673542,0.1713805,,,,,0,0,0,0,0,0,0,0,0,0,0,0,0,0,0,0,0,0,0,0,0,0,0,0,0,0,0,0,0,0,0,0,0,0,0,0,0,0,0,0,0,0,0,0,0,0,0,0,0,0,0,
Participant,7_3,11_50_2,13.0261,0,2,0,13.02612,0.0000,0.0000,0.0000,0.0000,0.0000,0.0000,3.697789,3.716365,3.707077,0.2049155,,,,,0,0,0,0,0,0,0,0,0,0,0,0,0,0,0,0,0,0,0,0,0,0,0,0,0,0,0,0,0,0,0,0,0,0,0,0,0,0,0,0,0,0,0,0,0,0,0,0,0,0,0,
Participant,7_3,11_50_2,13.0295,0,2,0,13.02946,0.0000,0.0000,0.0000,0.0000,0.0000,0.0000,3.727329,3.710823,3.719076,0.2169147,,,,,0,0,0,0,0,0,0,0,0,0,0,0,0,0,0,0,0,0,0,0,0,0,0,0,0,0,0,0,0,0,0,0,0,0,0,0,0,0,0,0,0,0,0,0,0,0,0,0,0,0,0,
Participant,7_3,11_50_2,13.0329,0,2,0,13.03293,0.0000,0.0000,0.0000,0.0000,0.0000,0.0000,3.72075,3.705892,3.713321,0.2111595,,,,,0,0,0,0,0,0,0,0,0,0,0,0,0,0,0,0,0,0,0,0,0,0,0,0,0,0,0,0,0,0,0,0,0,0,0,0,0,0,0,0,0,0,0,0,0,0,0,0,0,0,0,
Participant,7_3,11_50_2,13.0361,0,2,0,13.03614,0.0000,0.0000,0.0000,0.0000,0.0000,0.0000,3.694258,3.711793,3.703025,0.2008638,,,,,0,0,0,0,0,0,0,0,0,0,0,0,0,0,0,0,0,0,0,0,0,0,0,0,0,0,0,0,0,0,0,0,0,0,0,0,0,0,0,0,0,0,0,0,0,0,0,0,0,0,0,
Participant,7_3,11_50_2,13.0393,0,2,0,13.0393,0.0000,0.0000,0.0000,0.0000,0.0000,0.0000,3.724179,3.682863,3.703521,0.2013593,,,,,0,0,0,0,0,0,0,0,0,0,0,0,0,0,0,0,0,0,0,0,0,0,0,0,0,0,0,0,0,0,0,0,0,0,0,0,0,0,0,0,0,0,0,0,0,0,0,0,0,0,0,
Participant,7_3,11_50_2,13.0425,0,2,0,13.04249,0.0000,0.0000,0.0000,0.0000,0.0000,0.0000,3.696151,3.713178,3.704665,0.2025032,,,,,0,0,0,0,0,0,0,0,0,0,0,0,0,0,0,0,0,0,0,0,0,0,0,0,0,0,0,0,0,0,0,0,0,0,0,0,0,0,0,0,0,0,0,0,0,0,0,0,0,0,0,
Participant,7_3,11_50_2,13.0460,0,2,0,13.04604,0.0000,0.0000,0.0000,0.0000,0.0000,0.0000,3.715812,3.708988,3.7124,0.2102385,,,,,0,0,0,0,0,0,0,0,0,0,0,0,0,0,0,0,0,0,0,0,0,0,0,0,0,0,0,0,0,0,0,0,0,0,0,0,0,0,0,0,0,0,0,0,0,0,0,0,0,0,0,
Participant,7_3,11_50_2,13.0493,0,2,0,13.04934,0.0000,0.0000,0.0000,0.0000,0.0000,0.0000,3.719726,3.728879,3.724302,0.2221408,,,,,0,0,0,0,0,0,0,0,0,0,0,0,0,0,0,0,0,0,0,0,0,0,0,0,0,0,0,0,0,0,0,0,0,0,0,0,0,0,0,0,0,0,0,0,0,0,0,0,0,0,0,
Participant,7_3,11_50_2,13.0525,0,2,0,13.05254,0.0000,0.0000,0.0000,0.0000,0.0000,0.0000,3.690829,3.703778,3.697304,0.195142,,,,,0,0,0,0,0,0,0,0,0,0,0,0,0,0,0,0,0,0,0,0,0,0,0,0,0,0,0,0,0,0,0,0,0,0,0,0,0,0,0,0,0,0,0,0,0,0,0,0,0,0,0,
Participant,7_3,11_50_2,13.0557,0,2,0,13.05572,0.0000,0.0000,0.0000,0.0000,0.0000,0.0000,3.735069,3.722383,3.728726,0.2265644,,,,,0,0,0,0,0,0,0,0,0,0,0,0,0,0,0,0,0,0,0,0,0,0,0,0,0,0,0,0,0,0,0,0,0,0,0,0,0,0,0,0,0,0,0,0,0,0,0,0,0,0,0,
Participant,7_3,11_50_2,13.0589,0,2,0,13.05885,0.0000,0.0000,0.0000,0.0000,0.0000,0.0000,3.727895,3.68813,3.708013,0.2058511,,,,,0,0,0,0,0,0,0,0,0,0,0,0,0,0,0,0,0,0,0,0,0,0,0,0,0,0,0,0,0,0,0,0,0,0,0,0,0,0,0,0,0,0,0,0,0,0,0,0,0,0,0,
Participant,7_3,11_50_2,13.0620,0,2,0,13.06201,0.0000,0.0000,0.0000,0.0000,0.0000,0.0000,3.708034,3.714779,3.711406,0.209245,,,,,0,0,0,0,0,0,0,0,0,0,0,0,0,0,0,0,0,0,0,0,0,0,0,0,0,0,0,0,0,0,0,0,0,0,0,0,0,0,0,0,0,0,0,0,0,0,0,0,0,0,0,
Participant,7_3,11_50_2,13.0655,0,2,0,13.06547,0.0000,0.0000,0.0000,0.0000,0.0000,0.0000,3.737188,3.680289,3.708738,0.2065768,,,,,0,0,0,0,0,0,0,0,0,0,0,0,0,0,0,0,0,0,0,0,0,0,0,0,0,0,0,0,0,0,0,0,0,0,0,0,0,0,0,0,0,0,0,0,0,0,0,0,0,0,0,
Participant,7_3,11_50_2,13.0686,0,2,0,13.06861,0.0000,0.0000,0.0000,0.0000,0.0000,0.0000,3.718832,3.74086,3.729846,0.227684,,,,,0,0,0,0,0,0,0,0,0,0,0,0,0,0,0,0,0,0,0,0,0,0,0,0,0,0,0,0,0,0,0,0,0,0,0,0,0,0,0,0,0,0,0,0,0,0,0,0,0,0,0,
Participant,7_3,11_50_2,13.0718,0,2,0,13.07179,0.0000,0.0000,0.0000,0.0000,0.0000,0.0000,3.739523,3.693501,3.716512,0.2143507,,,,,0,0,0,0,0,0,0,0,0,0,0,0,0,0,0,0,0,0,0,0,0,0,0,0,0,0,0,0,0,0,0,0,0,0,0,0,0,0,0,0,0,0,0,0,0,0,0,0,0,0,0,
Participant,7_3,11_50_2,13.0750,0,2,0,13.07495,0.0000,0.0000,0.0000,0.0000,0.0000,0.0000,3.725508,3.697266,3.711387,0.2092254,,,,,0,0,0,0,0,0,0,0,0,0,0,0,0,0,0,0,0,0,0,0,0,0,0,0,0,0,0,0,0,0,0,0,0,0,0,0,0,0,0,0,0,0,0,0,0,0,0,0,0,0,0,
Participant,7_3,11_50_2,13.0781,0,2,0,13.07809,0.0000,0.0000,0.0000,0.0000,0.0000,0.0000,3.701961,3.727831,3.714896,0.2127347,,,,,0,0,0,0,0,0,0,0,0,0,0,0,0,0,0,0,0,0,0,0,0,0,0,0,0,0,0,0,0,0,0,0,0,0,0,0,0,0,0,0,0,0,0,0,0,0,0,0,0,0,0,
Participant,7_3,11_50_2,13.0813,0,2,0,13.08131,0.0000,0.0000,0.0000,0.0000,0.0000,0.0000,3.71904,3.69404,3.70654,0.2043786,,,,,0,0,0,0,0,0,0,0,0,0,0,0,0,0,0,0,0,0,0,0,0,0,0,0,0,0,0,0,0,0,0,0,0,0,0,0,0,0,0,0,0,0,0,0,0,0,0,0,0,0,0,
Participant,7_3,11_50_2,13.0847,0,2,0,13.08472,0.0000,0.0000,0.0000,0.0000,0.0000,0.0000,3.689541,3.694558,3.69205,0.189888,,,,,0,0,0,0,0,0,0,0,0,0,0,0,0,0,0,0,0,0,0,0,0,0,0,0,0,0,0,0,0,0,0,0,0,0,0,0,0,0,0,0,0,0,0,0,0,0,0,0,0,0,0,
Participant,7_3,11_50_2,13.0880,0,2,0,13.08802,0.0000,0.0000,0.0000,0.0000,0.0000,0.0000,3.696077,3.741964,3.71902,0.2168586,,,,,0,0,0,0,0,0,0,0,0,0,0,0,0,0,0,0,0,0,0,0,0,0,0,0,0,0,0,0,0,0,0,0,0,0,0,0,0,0,0,0,0,0,0,0,0,0,0,0,0,0,0,
Participant,7_3,11_50_2,13.0915,0,2,0,13.09148,0.0000,0.0000,0.0000,0.0000,0.0000,0.0000,3.729277,3.731419,3.730348,0.2281866,,,,,0,0,0,0,0,0,0,0,0,0,0,0,0,0,0,0,0,0,0,0,0,0,0,0,0,0,0,0,0,0,0,0,0,0,0,0,0,0,0,0,0,0,0,0,0,0,0,0,0,0,0,
Participant,7_3,11_50_2,13.0947,0,2,0,13.09466,0.0000,0.0000,0.0000,0.0000,0.0000,0.0000,3.740369,3.711065,3.725717,0.2235556,,,,,0,0,0,0,0,0,0,0,0,0,0,0,0,0,0,0,0,0,0,0,0,0,0,0,0,0,0,0,0,0,0,0,0,0,0,0,0,0,0,0,0,0,0,0,0,0,0,0,0,0,0,
Participant,7_3,11_50_2,13.0979,0,2,0,13.09785,0.0000,0.0000,0.0000,0.0000,0.0000,0.0000,3.709246,3.700779,3.705013,0.2028513,,,,,0,0,0,0,0,0,0,0,0,0,0,0,0,0,0,0,0,0,0,0,0,0,0,0,0,0,0,0,0,0,0,0,0,0,0,0,0,0,0,0,0,0,0,0,0,0,0,0,0,0,0,
Participant,7_3,11_50_2,13.1011,0,2,0,13.10106,0.0000,0.0000,0.0000,0.0000,0.0000,0.0000,3.70388,3.697783,3.700831,0.1986694,,,,,0,0,0,0,0,0,0,0,0,0,0,0,0,0,0,0,0,0,0,0,0,0,0,0,0,0,0,0,0,0,0,0,0,0,0,0,0,0,0,0,0,0,0,0,0,0,0,0,0,0,0,
Participant,7_3,11_50_2,13.1212,0,2,0,13.12116,0.0000,0.0000,0.0000,0.0000,0.0000,0.0000,3.705738,3.741659,3.723699,0.2215371,,,,,0,0,0,0,0,0,0,0,0,0,0,0,0,0,0,0,0,0,0,0,0,0,0,0,0,0,0,0,0,0,0,0,0,0,0,0,0,0,0,0,0,0,0,0,0,0,0,0,0,0,0,
Participant,7_3,11_50_2,13.1247,0,2,0,13.12468,0.0000,0.0000,0.0000,0.0000,0.0000,0.0000,3.726931,3.743199,3.735065,0.2329035,,,,,0,0,0,0,0,0,0,0,0,0,0,0,0,0,0,0,0,0,0,0,0,0,0,0,0,0,0,0,0,0,0,0,0,0,0,0,0,0,0,0,0,0,0,0,0,0,0,0,0,0,0,
Participant,7_3,11_50_2,13.1279,0,2,0,13.1279,0.0000,0.0000,0.0000,0.0000,0.0000,0.0000,3.711945,3.753287,3.732616,0.2304544,,,,,0,0,0,0,0,0,0,0,0,0,0,0,0,0,0,0,0,0,0,0,0,0,0,0,0,0,0,0,0,0,0,0,0,0,0,0,0,0,0,0,0,0,0,0,0,0,0,0,0,0,0,
Participant,7_3,11_50_2,13.1311,0,2,0,13.13113,0.0000,0.0000,0.0000,0.0000,0.0000,0.0000,3.699306,3.73795,3.718628,0.2164664,,,,,0,0,0,0,0,0,0,0,0,0,0,0,0,0,0,0,0,0,0,0,0,0,0,0,0,0,0,0,0,0,0,0,0,0,0,0,0,0,0,0,0,0,0,0,0,0,0,0,0,0,0,
Participant,7_3,11_50_2,13.1343,0,2,0,13.13433,0.0000,0.0000,0.0000,0.0000,0.0000,0.0000,3.722865,3.721347,3.722106,0.2199445,,,,,0,0,0,0,0,0,0,0,0,0,0,0,0,0,0,0,0,0,0,0,0,0,0,0,0,0,0,0,0,0,0,0,0,0,0,0,0,0,0,0,0,0,0,0,0,0,0,0,0,0,0,
Participant,7_3,11_50_2,13.1375,0,2,0,13.1375,0.0000,0.0000,0.0000,0.0000,0.0000,0.0000,3.745586,3.727765,3.736675,0.2345138,,,,,0,0,0,0,0,0,0,0,0,0,0,0,0,0,0,0,0,0,0,0,0,0,0,0,0,0,0,0,0,0,0,0,0,0,0,0,0,0,0,0,0,0,0,0,0,0,0,0,0,0,0,
Participant,7_3,11_50_2,13.1407,0,2,0,13.14065,0.0000,0.0000,0.0000,0.0000,0.0000,0.0000,3.726575,3.718103,3.722339,0.2201777,,,,,0,0,0,0,0,0,0,0,0,0,0,0,0,0,0,0,0,0,0,0,0,0,0,0,0,0,0,0,0,0,0,0,0,0,0,0,0,0,0,0,0,0,0,0,0,0,0,0,0,0,0,
Participant,7_3,11_50_2,13.1440,0,2,0,13.14402,0.0000,0.0000,0.0000,0.0000,0.0000,0.0000,3.755163,3.754959,3.755061,0.2528996,,,,,0,0,0,0,0,0,0,0,0,0,0,0,0,0,0,0,0,0,0,0,0,0,0,0,0,0,0,0,0,0,0,0,0,0,0,0,0,0,0,0,0,0,0,0,0,0,0,0,0,0,0,
Participant,7_3,11_50_2,13.1472,0,2,0,13.14718,0.0000,0.0000,0.0000,0.0000,0.0000,0.0000,3.708375,3.745956,3.727165,0.225004,,,,,0,0,0,0,0,0,0,0,0,0,0,0,0,0,0,0,0,0,0,0,0,0,0,0,0,0,0,0,0,0,0,0,0,0,0,0,0,0,0,0,0,0,0,0,0,0,0,0,0,0,0,
Participant,7_3,11_50_2,13.1503,0,2,0,13.15034,0.0000,0.0000,0.0000,0.0000,0.0000,0.0000,3.748729,3.70274,3.725734,0.2235727,,,,,0,0,0,0,0,0,0,0,0,0,0,0,0,0,0,0,0,0,0,0,0,0,0,0,0,0,0,0,0,0,0,0,0,0,0,0,0,0,0,0,0,0,0,0,0,0,0,0,0,0,0,
Participant,7_3,11_50_2,13.1535,0,2,0,13.15353,0.0000,0.0000,0.0000,0.0000,0.0000,0.0000,3.747509,3.711828,3.729669,0.2275076,,,,,0,0,0,0,0,0,0,0,0,0,0,0,0,0,0,0,0,0,0,0,0,0,0,0,0,0,0,0,0,0,0,0,0,0,0,0,0,0,0,0,0,0,0,0,0,0,0,0,0,0,0,
Participant,7_3,11_50_2,13.1569,0,2,0,13.15694,0.0000,0.0000,0.0000,0.0000,0.0000,0.0000,3.737473,3.724212,3.730843,0.2286811,,,,,0,0,0,0,0,0,0,0,0,0,0,0,0,0,0,0,0,0,0,0,0,0,0,0,0,0,0,0,0,0,0,0,0,0,0,0,0,0,0,0,0,0,0,0,0,0,0,0,0,0,0,
Participant,7_3,11_50_2,13.1602,0,2,0,13.16015,0.0000,0.0000,0.0000,0.0000,0.0000,0.0000,3.760139,3.705379,3.732759,0.2305975,,,,,0,0,0,0,0,0,0,0,0,0,0,0,0,0,0,0,0,0,0,0,0,0,0,0,0,0,0,0,0,0,0,0,0,0,0,0,0,0,0,0,0,0,0,0,0,0,0,0,0,0,0,
Participant,7_3,11_50_2,13.1636,0,2,0,13.16362,0.0000,0.0000,0.0000,0.0000,0.0000,0.0000,3.718197,3.740937,3.729567,0.2274055,,,,,0,0,0,0,0,0,0,0,0,0,0,0,0,0,0,0,0,0,0,0,0,0,0,0,0,0,0,0,0,0,0,0,0,0,0,0,0,0,0,0,0,0,0,0,0,0,0,0,0,0,0,
Participant,7_3,11_50_2,13.1670,0,2,0,13.16697,0.0000,0.0000,0.0000,0.0000,0.0000,0.0000,3.74901,3.753904,3.751457,0.2492955,,,,,0,0,0,0,0,0,0,0,0,0,0,0,0,0,0,0,0,0,0,0,0,0,0,0,0,0,0,0,0,0,0,0,0,0,0,0,0,0,0,0,0,0,0,0,0,0,0,0,0,0,0,
Participant,7_3,11_50_2,13.1702,0,2,0,13.17016,0.0000,0.0000,0.0000,0.0000,0.0000,0.0000,3.723067,3.738617,3.730842,0.2286801,,,,,0,0,0,0,0,0,0,0,0,0,0,0,0,0,0,0,0,0,0,0,0,0,0,0,0,0,0,0,0,0,0,0,0,0,0,0,0,0,0,0,0,0,0,0,0,0,0,0,0,0,0,
Participant,7_3,11_50_2,13.1733,0,2,0,13.17329,0.0000,0.0000,0.0000,0.0000,0.0000,0.0000,3.711611,3.743612,3.727611,0.2254496,,,,,0,0,0,0,0,0,0,0,0,0,0,0,0,0,0,0,0,0,0,0,0,0,0,0,0,0,0,0,0,0,0,0,0,0,0,0,0,0,0,0,0,0,0,0,0,0,0,0,0,0,0,
Participant,7_3,11_50_2,13.1766,0,2,0,13.1766,0.0000,0.0000,0.0000,0.0000,0.0000,0.0000,3.738884,3.749729,3.744306,0.2421448,,,,,0,0,0,0,0,0,0,0,0,0,0,0,0,0,0,0,0,0,0,0,0,0,0,0,0,0,0,0,0,0,0,0,0,0,0,0,0,0,0,0,0,0,0,0,0,0,0,0,0,0,0,
Participant,7_3,11_50_2,13.1845,0,2,0,13.18447,0.0000,0.0000,0.0000,0.0000,0.0000,0.0000,3.753647,3.737062,3.745354,0.2431927,,,,,0,0,0,0,0,0,0,0,0,0,0,0,0,0,0,0,0,0,0,0,0,0,0,0,0,0,0,0,0,0,0,0,0,0,0,0,0,0,0,0,0,0,0,0,0,0,0,0,0,0,0,
Participant,7_3,11_50_2,13.1887,0,2,0,13.18867,0.0000,0.0000,0.0000,0.0000,0.0000,0.0000,3.736476,3.750401,3.743439,0.2412772,,,,,0,0,0,0,0,0,0,0,0,0,0,0,0,0,0,0,0,0,0,0,0,0,0,0,0,0,0,0,0,0,0,0,0,0,0,0,0,0,0,0,0,0,0,0,0,0,0,0,0,0,0,
Participant,7_3,11_50_2,13.1925,0,2,0,13.19248,0.0000,0.0000,0.0000,0.0000,0.0000,0.0000,3.760731,3.745344,3.753038,0.2508764,,,,,0,0,0,0,0,0,0,0,0,0,0,0,0,0,0,0,0,0,0,0,0,0,0,0,0,0,0,0,0,0,0,0,0,0,0,0,0,0,0,0,0,0,0,0,0,0,0,0,0,0,0,
Participant,7_3,11_50_2,13.1964,0,2,0,13.19635,0.0000,0.0000,0.0000,0.0000,0.0000,0.0000,3.750509,3.754522,3.752515,0.2503538,,,,,0,0,0,0,0,0,0,0,0,0,0,0,0,0,0,0,0,0,0,0,0,0,0,0,0,0,0,0,0,0,0,0,0,0,0,0,0,0,0,0,0,0,0,0,0,0,0,0,0,0,0,
Participant,7_3,11_50_2,13.2003,0,2,0,13.20026,0.0000,0.0000,0.0000,0.0000,0.0000,0.0000,3.71509,3.713189,3.714139,0.211978,,,,,0,0,0,0,0,0,0,0,0,0,0,0,0,0,0,0,0,0,0,0,0,0,0,0,0,0,0,0,0,0,0,0,0,0,0,0,0,0,0,0,0,0,0,0,0,0,0,0,0,0,0,
Participant,7_3,11_50_2,13.2042,0,2,0,13.20422,0.0000,0.0000,0.0000,0.0000,0.0000,0.0000,3.752712,3.740692,3.746702,0.2445407,,,,,0,0,0,0,0,0,0,0,0,0,0,0,0,0,0,0,0,0,0,0,0,0,0,0,0,0,0,0,0,0,0,0,0,0,0,0,0,0,0,0,0,0,0,0,0,0,0,0,0,0,0,
Participant,7_3,11_50_2,13.2082,0,2,0,13.2082,0.0000,0.0000,0.0000,0.0000,0.0000,0.0000,3.737071,3.734424,3.735747,0.2335856,,,,,0,0,0,0,0,0,0,0,0,0,0,0,0,0,0,0,0,0,0,0,0,0,0,0,0,0,0,0,0,0,0,0,0,0,0,0,0,0,0,0,0,0,0,0,0,0,0,0,0,0,0,
Participant,7_3,11_50_2,13.2121,0,2,0,13.21214,0.0000,0.0000,0.0000,0.0000,0.0000,0.0000,3.769534,3.732611,3.751072,0.2489109,,,,,0,0,0,0,0,0,0,0,0,0,0,0,0,0,0,0,0,0,0,0,0,0,0,0,0,0,0,0,0,0,0,0,0,0,0,0,0,0,0,0,0,0,0,0,0,0,0,0,0,0,0,
Participant,7_3,11_50_2,13.2160,0,2,0,13.21599,0.0000,0.0000,0.0000,0.0000,0.0000,0.0000,3.738031,3.728088,3.733059,0.2308979,,,,,0,0,0,0,0,0,0,0,0,0,0,0,0,0,0,0,0,0,0,0,0,0,0,0,0,0,0,0,0,0,0,0,0,0,0,0,0,0,0,0,0,0,0,0,0,0,0,0,0,0,0,
Participant,7_3,11_50_2,13.2202,0,2,0,13.22024,0.0000,0.0000,0.0000,0.0000,0.0000,0.0000,3.766338,3.749607,3.757973,0.2558112,,,,,0,0,0,0,0,0,0,0,0,0,0,0,0,0,0,0,0,0,0,0,0,0,0,0,0,0,0,0,0,0,0,0,0,0,0,0,0,0,0,0,0,0,0,0,0,0,0,0,0,0,0,
Participant,7_3,11_50_2,13.2240,0,2,0,13.22397,0.0000,0.0000,0.0000,0.0000,0.0000,0.0000,3.765335,3.741654,3.753494,0.2513328,,,,,0,0,0,0,0,0,0,0,0,0,0,0,0,0,0,0,0,0,0,0,0,0,0,0,0,0,0,0,0,0,0,0,0,0,0,0,0,0,0,0,0,0,0,0,0,0,0,0,0,0,0,
Participant,7_3,11_50_2,13.2282,0,2,0,13.22823,0.0000,0.0000,0.0000,0.0000,0.0000,0.0000,3.751571,3.741617,3.746594,0.2444324,,,,,0,0,0,0,0,0,0,0,0,0,0,0,0,0,0,0,0,0,0,0,0,0,0,0,0,0,0,0,0,0,0,0,0,0,0,0,0,0,0,0,0,0,0,0,0,0,0,0,0,0,0,
Participant,7_3,11_50_2,13.2323,0,2,0,13.23228,0.0000,0.0000,0.0000,0.0000,0.0000,0.0000,3.731391,3.762839,3.747115,0.2449534,,,,,0,0,0,0,0,0,0,0,0,0,0,0,0,0,0,0,0,0,0,0,0,0,0,0,0,0,0,0,0,0,0,0,0,0,0,0,0,0,0,0,0,0,0,0,0,0,0,0,0,0,0,
Participant,7_3,11_50_2,13.2360,0,2,0,13.23604,0.0000,0.0000,0.0000,0.0000,0.0000,0.0000,3.75872,3.731477,3.745099,0.2429373,,,,,0,0,0,0,0,0,0,0,0,0,0,0,0,0,0,0,0,0,0,0,0,0,0,0,0,0,0,0,0,0,0,0,0,0,0,0,0,0,0,0,0,0,0,0,0,0,0,0,0,0,0,
Participant,7_3,11_50_2,13.2403,0,2,0,13.24026,0.0000,0.0000,0.0000,0.0000,0.0000,0.0000,3.734237,3.732201,3.733219,0.2310574,,,,,0,0,0,0,0,0,0,0,0,0,0,0,0,0,0,0,0,0,0,0,0,0,0,0,0,0,0,0,0,0,0,0,0,0,0,0,0,0,0,0,0,0,0,0,0,0,0,0,0,0,0,
Participant,7_3,11_50_2,13.2440,0,2,0,13.24401,0.0000,0.0000,0.0000,0.0000,0.0000,0.0000,3.721144,3.72577,3.723457,0.2212958,,,,,0,0,0,0,0,0,0,0,0,0,0,0,0,0,0,0,0,0,0,0,0,0,0,0,0,0,0,0,0,0,0,0,0,0,0,0,0,0,0,0,0,0,0,0,0,0,0,0,0,0,0,
Participant,7_3,11_50_2,13.2481,0,2,0,13.24814,0.0000,0.0000,0.0000,0.0000,0.0000,0.0000,3.766829,3.720413,3.743621,0.2414594,,,,,0,0,0,0,0,0,0,0,0,0,0,0,0,0,0,0,0,0,0,0,0,0,0,0,0,0,0,0,0,0,0,0,0,0,0,0,0,0,0,0,0,0,0,0,0,0,0,0,0,0,0,
Participant,7_3,11_50_2,13.2519,0,2,0,13.25191,0.0000,0.0000,0.0000,0.0000,0.0000,0.0000,3.715421,3.743225,3.729323,0.2271612,,,,,0,0,0,0,0,0,0,0,0,0,0,0,0,0,0,0,0,0,0,0,0,0,0,0,0,0,0,0,0,0,0,0,0,0,0,0,0,0,0,0,0,0,0,0,0,0,0,0,0,0,0,
Participant,7_3,11_50_2,13.2562,0,2,0,13.25622,0.0000,0.0000,0.0000,0.0000,0.0000,0.0000,3.71676,3.744992,3.730876,0.2287142,,,,,0,0,0,0,0,0,0,0,0,0,0,0,0,0,0,0,0,0,0,0,0,0,0,0,0,0,0,0,0,0,0,0,0,0,0,0,0,0,0,0,0,0,0,0,0,0,0,0,0,0,0,
Participant,7_3,11_50_2,13.2604,0,2,0,13.26036,0.0000,0.0000,0.0000,0.0000,0.0000,0.0000,3.732168,3.770973,3.751571,0.2494092,,,,,0,0,0,0,0,0,0,0,0,0,0,0,0,0,0,0,0,0,0,0,0,0,0,0,0,0,0,0,0,0,0,0,0,0,0,0,0,0,0,0,0,0,0,0,0,0,0,0,0,0,0,
Participant,7_3,11_50_2,13.2639,0,2,0,13.26388,0.0000,0.0000,0.0000,0.0000,0.0000,0.0000,3.752436,3.733291,3.742864,0.2407024,,,,,0,0,0,0,0,0,0,0,0,0,0,0,0,0,0,0,0,0,0,0,0,0,0,0,0,0,0,0,0,0,0,0,0,0,0,0,0,0,0,0,0,0,0,0,0,0,0,0,0,0,0,
Participant,7_3,11_50_2,13.2673,0,2,0,13.26731,0.0000,0.0000,0.0000,0.0000,0.0000,0.0000,3.775534,3.749757,3.762645,0.2604837,,,,,0,0,0,0,0,0,0,0,0,0,0,0,0,0,0,0,0,0,0,0,0,0,0,0,0,0,0,0,0,0,0,0,0,0,0,0,0,0,0,0,0,0,0,0,0,0,0,0,0,0,0,
Participant,7_3,11_50_2,13.2705,0,2,0,13.27051,0.0000,0.0000,0.0000,0.0000,0.0000,0.0000,3.744474,3.746765,3.745619,0.2434578,,,,,0,0,0,0,0,0,0,0,0,0,0,0,0,0,0,0,0,0,0,0,0,0,0,0,0,0,0,0,0,0,0,0,0,0,0,0,0,0,0,0,0,0,0,0,0,0,0,0,0,0,0,
Participant,7_3,11_50_2,13.2737,0,2,0,13.27374,0.0000,0.0000,0.0000,0.0000,0.0000,0.0000,3.730221,3.764473,3.747347,0.2451851,,,,,0,0,0,0,0,0,0,0,0,0,0,0,0,0,0,0,0,0,0,0,0,0,0,0,0,0,0,0,0,0,0,0,0,0,0,0,0,0,0,0,0,0,0,0,0,0,0,0,0,0,0,
Participant,7_3,11_50_2,13.2769,0,2,0,13.27694,0.0000,0.0000,0.0000,0.0000,0.0000,0.0000,3.731522,3.764184,3.747853,0.2456913,,,,,0,0,0,0,0,0,0,0,0,0,0,0,0,0,0,0,0,0,0,0,0,0,0,0,0,0,0,0,0,0,0,0,0,0,0,0,0,0,0,0,0,0,0,0,0,0,0,0,0,0,0,
Participant,7_3,11_50_2,13.2801,0,2,0,13.28011,0.0000,0.0000,0.0000,0.0000,0.0000,0.0000,3.749954,3.762634,3.756294,0.2541325,,,,,0,0,0,0,0,0,0,0,0,0,0,0,0,0,0,0,0,0,0,0,0,0,0,0,0,0,0,0,0,0,0,0,0,0,0,0,0,0,0,0,0,0,0,0,0,0,0,0,0,0,0,
Participant,7_3,11_50_2,13.2835,0,2,0,13.28351,0.0000,0.0000,0.0000,0.0000,0.0000,0.0000,3.750677,3.763148,3.756913,0.2547512,,,,,0,0,0,0,0,0,0,0,0,0,0,0,0,0,0,0,0,0,0,0,0,0,0,0,0,0,0,0,0,0,0,0,0,0,0,0,0,0,0,0,0,0,0,0,0,0,0,0,0,0,0,
Participant,7_3,11_50_2,13.2867,0,2,0,13.28668,0.0000,0.0000,0.0000,0.0000,0.0000,0.0000,3.733192,3.762339,3.747766,0.2456045,,,,,0,0,0,0,0,0,0,0,0,0,0,0,0,0,0,0,0,0,0,0,0,0,0,0,0,0,0,0,0,0,0,0,0,0,0,0,0,0,0,0,0,0,0,0,0,0,0,0,0,0,0,
Participant,7_3,11_50_2,13.2899,0,2,0,13.28994,0.0000,0.0000,0.0000,0.0000,0.0000,0.0000,3.751495,3.730896,3.741196,0.2390342,,,,,0,0,0,0,0,0,0,0,0,0,0,0,0,0,0,0,0,0,0,0,0,0,0,0,0,0,0,0,0,0,0,0,0,0,0,0,0,0,0,0,0,0,0,0,0,0,0,0,0,0,0,
Participant,7_3,11_50_2,13.2933,0,2,0,13.29327,0.0000,0.0000,0.0000,0.0000,0.0000,0.0000,3.734589,3.736137,3.735363,0.2332015,,,,,0,0,0,0,0,0,0,0,0,0,0,0,0,0,0,0,0,0,0,0,0,0,0,0,0,0,0,0,0,0,0,0,0,0,0,0,0,0,0,0,0,0,0,0,0,0,0,0,0,0,0,
Participant,7_3,11_50_2,13.2966,0,2,0,13.29658,0.0000,0.0000,0.0000,0.0000,0.0000,0.0000,3.74859,3.740911,3.74475,0.242589,,,,,0,0,0,0,0,0,0,0,0,0,0,0,0,0,0,0,0,0,0,0,0,0,0,0,0,0,0,0,0,0,0,0,0,0,0,0,0,0,0,0,0,0,0,0,0,0,0,0,0,0,0,
Participant,7_3,11_50_2,13.3001,0,2,0,13.30007,0.0000,0.0000,0.0000,0.0000,0.0000,0.0000,3.754786,3.76258,3.758683,0.2565217,,,,,0,0,0,0,0,0,0,0,0,0,0,0,0,0,0,0,0,0,0,0,0,0,0,0,0,0,0,0,0,0,0,0,0,0,0,0,0,0,0,0,0,0,0,0,0,0,0,0,0,0,0,
Participant,7_3,11_50_2,13.3101,0,2,0,13.31009,0.0000,0.0000,0.0000,0.0000,0.0000,0.0000,3.759147,3.725734,3.74244,0.2402787,,,,,0,0,0,0,0,0,0,0,0,0,0,0,0,0,0,0,0,0,0,0,0,0,0,0,0,0,0,0,0,0,0,0,0,0,0,0,0,0,0,0,0,0,0,0,0,0,0,0,0,0,0,
Participant,7_3,11_50_2,13.3304,0,2,0,13.33038,0.0000,0.0000,0.0000,0.0000,0.0000,0.0000,3.77004,3.747935,3.758987,0.2568259,,,,,0,0,0,0,0,0,0,0,0,0,0,0,0,0,0,0,0,0,0,0,0,0,0,0,0,0,0,0,0,0,0,0,0,0,0,0,0,0,0,0,0,0,0,0,0,0,0,0,0,0,0,
Participant,7_3,11_50_2,13.3339,0,2,0,13.33394,0.0000,0.0000,0.0000,0.0000,0.0000,0.0000,3.734253,3.760087,3.74717,0.2450087,,,,,0,0,0,0,0,0,0,0,0,0,0,0,0,0,0,0,0,0,0,0,0,0,0,0,0,0,0,0,0,0,0,0,0,0,0,0,0,0,0,0,0,0,0,0,0,0,0,0,0,0,0,
Participant,7_3,11_50_2,13.3374,0,2,0,13.33741,0.0000,0.0000,0.0000,0.0000,0.0000,0.0000,3.750476,3.725522,3.737999,0.2358375,,,,,0,0,0,0,0,0,0,0,0,0,0,0,0,0,0,0,0,0,0,0,0,0,0,0,0,0,0,0,0,0,0,0,0,0,0,0,0,0,0,0,0,0,0,0,0,0,0,0,0,0,0,
Participant,7_3,11_50_2,13.3406,0,2,0,13.34061,0.0000,0.0000,0.0000,0.0000,0.0000,0.0000,3.743745,3.763245,3.753495,0.2513332,,,,,0,0,0,0,0,0,0,0,0,0,0,0,0,0,0,0,0,0,0,0,0,0,0,0,0,0,0,0,0,0,0,0,0,0,0,0,0,0,0,0,0,0,0,0,0,0,0,0,0,0,0,
Participant,7_3,11_50_2,13.3440,0,2,0,13.34397,0.0000,0.0000,0.0000,0.0000,0.0000,0.0000,3.739924,3.720204,3.730064,0.2279024,,,,,0,0,0,0,0,0,0,0,0,0,0,0,0,0,0,0,0,0,0,0,0,0,0,0,0,0,0,0,0,0,0,0,0,0,0,0,0,0,0,0,0,0,0,0,0,0,0,0,0,0,0,
Participant,7_3,11_50_2,13.3473,0,2,0,13.34726,0.0000,0.0000,0.0000,0.0000,0.0000,0.0000,3.74641,3.740406,3.743408,0.2412467,,,,,0,0,0,0,0,0,0,0,0,0,0,0,0,0,0,0,0,0,0,0,0,0,0,0,0,0,0,0,0,0,0,0,0,0,0,0,0,0,0,0,0,0,0,0,0,0,0,0,0,0,0,
Participant,7_3,11_50_2,13.3505,0,2,0,13.35045,0.0000,0.0000,0.0000,0.0000,0.0000,0.0000,3.738623,3.767447,3.753035,0.2508736,,,,,0,0,0,0,0,0,0,0,0,0,0,0,0,0,0,0,0,0,0,0,0,0,0,0,0,0,0,0,0,0,0,0,0,0,0,0,0,0,0,0,0,0,0,0,0,0,0,0,0,0,0,
Participant,7_3,11_50_2,13.3537,0,2,0,13.35368,0.0000,0.0000,0.0000,0.0000,0.0000,0.0000,3.725638,3.737603,3.731621,0.2294593,,,,,0,0,0,0,0,0,0,0,0,0,0,0,0,0,0,0,0,0,0,0,0,0,0,0,0,0,0,0,0,0,0,0,0,0,0,0,0,0,0,0,0,0,0,0,0,0,0,0,0,0,0,
Participant,7_3,11_50_2,13.3639,0,2,0,13.36385,0.0000,0.0000,0.0000,0.0000,0.0000,0.0000,3.77856,3.758569,3.768565,0.2664032,,,,,0,0,0,0,0,0,0,0,0,0,0,0,0,0,0,0,0,0,0,0,0,0,0,0,0,0,0,0,0,0,0,0,0,0,0,0,0,0,0,0,0,0,0,0,0,0,0,0,0,0,0,
Participant,7_3,11_50_2,13.3677,0,2,0,13.36768,0.0000,0.0000,0.0000,0.0000,0.0000,0.0000,3.766211,3.7734,3.769805,0.2676439,,,,,0,0,0,0,0,0,0,0,0,0,0,0,0,0,0,0,0,0,0,0,0,0,0,0,0,0,0,0,0,0,0,0,0,0,0,0,0,0,0,0,0,0,0,0,0,0,0,0,0,0,0,
Participant,7_3,11_50_2,13.3709,0,2,0,13.37088,0.0000,0.0000,0.0000,0.0000,0.0000,0.0000,3.720527,3.776221,3.748374,0.2462125,,,,,0,0,0,0,0,0,0,0,0,0,0,0,0,0,0,0,0,0,0,0,0,0,0,0,0,0,0,0,0,0,0,0,0,0,0,0,0,0,0,0,0,0,0,0,0,0,0,0,0,0,0,
Participant,7_3,11_50_2,13.3742,0,2,0,13.37417,0.0000,0.0000,0.0000,0.0000,0.0000,0.0000,3.767548,3.776102,3.771825,0.2696636,,,,,0,0,0,0,0,0,0,0,0,0,0,0,0,0,0,0,0,0,0,0,0,0,0,0,0,0,0,0,0,0,0,0,0,0,0,0,0,0,0,0,0,0,0,0,0,0,0,0,0,0,0,
Participant,7_3,11_50_2,13.3774,0,2,0,13.3774,0.0000,0.0000,0.0000,0.0000,0.0000,0.0000,3.743224,3.731553,3.737389,0.2352271,,,,,0,0,0,0,0,0,0,0,0,0,0,0,0,0,0,0,0,0,0,0,0,0,0,0,0,0,0,0,0,0,0,0,0,0,0,0,0,0,0,0,0,0,0,0,0,0,0,0,0,0,0,
Participant,7_3,11_50_2,13.3806,0,2,0,13.38062,0.0000,0.0000,0.0000,0.0000,0.0000,0.0000,3.743147,3.720766,3.731956,0.229795,,,,,0,0,0,0,0,0,0,0,0,0,0,0,0,0,0,0,0,0,0,0,0,0,0,0,0,0,0,0,0,0,0,0,0,0,0,0,0,0,0,0,0,0,0,0,0,0,0,0,0,0,0,
Participant,7_3,11_50_2,13.3841,0,2,0,13.38414,0.0000,0.0000,0.0000,0.0000,0.0000,0.0000,3.753342,3.725545,3.739443,0.2372818,,,,,0,0,0,0,0,0,0,0,0,0,0,0,0,0,0,0,0,0,0,0,0,0,0,0,0,0,0,0,0,0,0,0,0,0,0,0,0,0,0,0,0,0,0,0,0,0,0,0,0,0,0,
Participant,7_3,11_50_2,13.3876,0,2,0,13.38756,0.0000,0.0000,0.0000,0.0000,0.0000,0.0000,3.759103,3.745862,3.752483,0.2503211,,,,,0,0,0,0,0,0,0,0,0,0,0,0,0,0,0,0,0,0,0,0,0,0,0,0,0,0,0,0,0,0,0,0,0,0,0,0,0,0,0,0,0,0,0,0,0,0,0,0,0,0,0,
Participant,7_3,11_50_2,13.3913,0,2,0,13.39133,0.0000,0.0000,0.0000,0.0000,0.0000,0.0000,3.728353,3.738321,3.733337,0.2311754,,,,,0,0,0,0,0,0,0,0,0,0,0,0,0,0,0,0,0,0,0,0,0,0,0,0,0,0,0,0,0,0,0,0,0,0,0,0,0,0,0,0,0,0,0,0,0,0,0,0,0,0,0,
Participant,7_3,11_50_2,13.3946,0,2,0,13.39461,0.0000,0.0000,0.0000,0.0000,0.0000,0.0000,3.732404,3.777828,3.755116,0.2529547,,,,,0,0,0,0,0,0,0,0,0,0,0,0,0,0,0,0,0,0,0,0,0,0,0,0,0,0,0,0,0,0,0,0,0,0,0,0,0,0,0,0,0,0,0,0,0,0,0,0,0,0,0,
Participant,7_3,11_50_2,13.3978,0,2,0,13.39781,0.0000,0.0000,0.0000,0.0000,0.0000,0.0000,3.752832,3.757544,3.755188,0.2530265,,,,,0,0,0,0,0,0,0,0,0,0,0,0,0,0,0,0,0,0,0,0,0,0,0,0,0,0,0,0,0,0,0,0,0,0,0,0,0,0,0,0,0,0,0,0,0,0,0,0,0,0,0,
Participant,7_3,11_50_2,13.4011,0,2,0,13.40107,0.0000,0.0000,0.0000,0.0000,0.0000,0.0000,3.740337,3.777207,3.758772,0.2566104,,,,,0,0,0,0,0,0,0,0,0,0,0,0,0,0,0,0,0,0,0,0,0,0,0,0,0,0,0,0,0,0,0,0,0,0,0,0,0,0,0,0,0,0,0,0,0,0,0,0,0,0,0,
Participant,7_3,11_50_2,13.4046,0,2,0,13.40459,0.0000,0.0000,0.0000,0.0000,0.0000,0.0000,3.725089,3.743687,3.734388,0.2322264,,,,,0,0,0,0,0,0,0,0,0,0,0,0,0,0,0,0,0,0,0,0,0,0,0,0,0,0,0,0,0,0,0,0,0,0,0,0,0,0,0,0,0,0,0,0,0,0,0,0,0,0,0,
Participant,7_3,11_50_2,13.4081,0,2,0,13.40813,0.0000,0.0000,0.0000,0.0000,0.0000,0.0000,3.737462,3.723516,3.730489,0.2283273,,,,,0,0,0,0,0,0,0,0,0,0,0,0,0,0,0,0,0,0,0,0,0,0,0,0,0,0,0,0,0,0,0,0,0,0,0,0,0,0,0,0,0,0,0,0,0,0,0,0,0,0,0,
Participant,7_3,11_50_2,13.4115,0,2,0,13.4115,0.0000,0.0000,0.0000,0.0000,0.0000,0.0000,3.747468,3.763738,3.755603,0.2534413,,,,,0,0,0,0,0,0,0,0,0,0,0,0,0,0,0,0,0,0,0,0,0,0,0,0,0,0,0,0,0,0,0,0,0,0,0,0,0,0,0,0,0,0,0,0,0,0,0,0,0,0,0,
Participant,7_3,11_50_2,13.4149,0,2,0,13.4149,0.0000,0.0000,0.0000,0.0000,0.0000,0.0000,3.736967,3.731318,3.734142,0.2319808,,,,,0,0,0,0,0,0,0,0,0,0,0,0,0,0,0,0,0,0,0,0,0,0,0,0,0,0,0,0,0,0,0,0,0,0,0,0,0,0,0,0,0,0,0,0,0,0,0,0,0,0,0,
Participant,7_3,11_50_2,13.4189,0,2,0,13.4189,0.0000,0.0000,0.0000,0.0000,0.0000,0.0000,3.719792,3.723315,3.721553,0.2193918,,,,,0,0,0,0,0,0,0,0,0,0,0,0,0,0,0,0,0,0,0,0,0,0,0,0,0,0,0,0,0,0,0,0,0,0,0,0,0,0,0,0,0,0,0,0,0,0,0,0,0,0,0,
Participant,7_3,11_50_2,13.4225,0,2,0,13.42252,0.0000,0.0000,0.0000,0.0000,0.0000,0.0000,3.728037,3.73877,3.733404,0.2312422,,,,,0,0,0,0,0,0,0,0,0,0,0,0,0,0,0,0,0,0,0,0,0,0,0,0,0,0,0,0,0,0,0,0,0,0,0,0,0,0,0,0,0,0,0,0,0,0,0,0,0,0,0,
Participant,7_3,11_50_2,13.4271,0,2,0,13.42708,0.0000,0.0000,0.0000,0.0000,0.0000,0.0000,3.72647,3.777122,3.751796,0.2496347,,,,,0,0,0,0,0,0,0,0,0,0,0,0,0,0,0,0,0,0,0,0,0,0,0,0,0,0,0,0,0,0,0,0,0,0,0,0,0,0,0,0,0,0,0,0,0,0,0,0,0,0,0,
Participant,7_3,11_50_2,13.4311,0,2,0,13.43112,0.0000,0.0000,0.0000,0.0000,0.0000,0.0000,3.76479,3.724692,3.744741,0.2425795,,,,,0,0,0,0,0,0,0,0,0,0,0,0,0,0,0,0,0,0,0,0,0,0,0,0,0,0,0,0,0,0,0,0,0,0,0,0,0,0,0,0,0,0,0,0,0,0,0,0,0,0,0,
Participant,7_3,11_50_2,13.4348,0,2,0,13.43476,0.0000,0.0000,0.0000,0.0000,0.0000,0.0000,3.72003,3.723421,3.721726,0.2195642,,,,,0,0,0,0,0,0,0,0,0,0,0,0,0,0,0,0,0,0,0,0,0,0,0,0,0,0,0,0,0,0,0,0,0,0,0,0,0,0,0,0,0,0,0,0,0,0,0,0,0,0,0,
Participant,7_3,11_50_2,13.4392,0,2,0,13.43921,0.0000,0.0000,0.0000,0.0000,0.0000,0.0000,3.736656,3.756079,3.746367,0.244206,,,,,0,0,0,0,0,0,0,0,0,0,0,0,0,0,0,0,0,0,0,0,0,0,0,0,0,0,0,0,0,0,0,0,0,0,0,0,0,0,0,0,0,0,0,0,0,0,0,0,0,0,0,
Participant,7_3,11_50_2,13.4433,0,2,0,13.44326,0.0000,0.0000,0.0000,0.0000,0.0000,0.0000,3.730838,3.771044,3.750941,0.2487793,,,,,0,0,0,0,0,0,0,0,0,0,0,0,0,0,0,0,0,0,0,0,0,0,0,0,0,0,0,0,0,0,0,0,0,0,0,0,0,0,0,0,0,0,0,0,0,0,0,0,0,0,0,
Participant,7_3,11_50_2,13.4473,0,2,0,13.4473,0.0000,0.0000,0.0000,0.0000,0.0000,0.0000,3.741327,3.736126,3.738727,0.2365651,,,,,0,0,0,0,0,0,0,0,0,0,0,0,0,0,0,0,0,0,0,0,0,0,0,0,0,0,0,0,0,0,0,0,0,0,0,0,0,0,0,0,0,0,0,0,0,0,0,0,0,0,0,
Participant,7_3,11_50_2,13.4510,0,2,0,13.45097,0.0000,0.0000,0.0000,0.0000,0.0000,0.0000,3.755357,3.754678,3.755018,0.252856,,,,,0,0,0,0,0,0,0,0,0,0,0,0,0,0,0,0,0,0,0,0,0,0,0,0,0,0,0,0,0,0,0,0,0,0,0,0,0,0,0,0,0,0,0,0,0,0,0,0,0,0,0,
Participant,7_3,11_50_2,13.4612,0,2,0,13.46115,0.0000,0.0000,0.0000,0.0000,0.0000,0.0000,3.750075,3.750208,3.750141,0.2479799,,,,,0,0,0,0,0,0,0,0,0,0,0,0,0,0,0,0,0,0,0,0,0,0,0,0,0,0,0,0,0,0,0,0,0,0,0,0,0,0,0,0,0,0,0,0,0,0,0,0,0,0,0,
Participant,7_3,11_50_2,13.4671,0,2,0,13.46713,0.0000,0.0000,0.0000,0.0000,0.0000,0.0000,3.764459,3.772469,3.768464,0.2663026,,,,,0,0,0,0,0,0,0,0,0,0,0,0,0,0,0,0,0,0,0,0,0,0,0,0,0,0,0,0,0,0,0,0,0,0,0,0,0,0,0,0,0,0,0,0,0,0,0,0,0,0,0,
Participant,7_3,11_50_2,13.4712,0,2,0,13.47121,0.0000,0.0000,0.0000,0.0000,0.0000,0.0000,3.772658,3.74738,3.760019,0.2578573,,,,,0,0,0,0,0,0,0,0,0,0,0,0,0,0,0,0,0,0,0,0,0,0,0,0,0,0,0,0,0,0,0,0,0,0,0,0,0,0,0,0,0,0,0,0,0,0,0,0,0,0,0,
Participant,7_3,11_50_2,13.4752,0,2,0,13.47524,0.0000,0.0000,0.0000,0.0000,0.0000,0.0000,3.7637,3.751172,3.757436,0.2552743,,,,,0,0,0,0,0,0,0,0,0,0,0,0,0,0,0,0,0,0,0,0,0,0,0,0,0,0,0,0,0,0,0,0,0,0,0,0,0,0,0,0,0,0,0,0,0,0,0,0,0,0,0,
Participant,7_3,11_50_2,13.4790,0,2,0,13.47897,0.0000,0.0000,0.0000,0.0000,0.0000,0.0000,3.715439,3.738846,3.727142,0.2249808,,,,,0,0,0,0,0,0,0,0,0,0,0,0,0,0,0,0,0,0,0,0,0,0,0,0,0,0,0,0,0,0,0,0,0,0,0,0,0,0,0,0,0,0,0,0,0,0,0,0,0,0,0,
Participant,7_3,11_50_2,13.4846,0,2,0,13.48458,0.0000,0.0000,0.0000,0.0000,0.0000,0.0000,3.749996,3.763082,3.756539,0.2543774,,,,,0,0,0,0,0,0,0,0,0,0,0,0,0,0,0,0,0,0,0,0,0,0,0,0,0,0,0,0,0,0,0,0,0,0,0,0,0,0,0,0,0,0,0,0,0,0,0,0,0,0,0,
Participant,7_3,11_50_2,13.4903,0,2,0,13.49026,0.0000,0.0000,0.0000,0.0000,0.0000,0.0000,3.744725,3.726067,3.735396,0.2332344,,,,,0,0,0,0,0,0,0,0,0,0,0,0,0,0,0,0,0,0,0,0,0,0,0,0,0,0,0,0,0,0,0,0,0,0,0,0,0,0,0,0,0,0,0,0,0,0,0,0,0,0,0,
Participant,7_3,11_50_2,13.4948,0,2,0,13.4948,0.0000,0.0000,0.0000,0.0000,0.0000,0.0000,3.729457,3.715616,3.722537,0.2203753,,,,,0,0,0,0,0,0,0,0,0,0,0,0,0,0,0,0,0,0,0,0,0,0,0,0,0,0,0,0,0,0,0,0,0,0,0,0,0,0,0,0,0,0,0,0,0,0,0,0,0,0,0,
Participant,7_3,11_50_2,13.4999,0,2,0,13.49985,0.0000,0.0000,0.0000,0.0000,0.0000,0.0000,3.71845,3.737739,3.728094,0.2259326,,,,,0,0,0,0,0,0,0,0,0,0,0,0,0,0,0,0,0,0,0,0,0,0,0,0,0,0,0,0,0,0,0,0,0,0,0,0,0,0,0,0,0,0,0,0,0,0,0,0,0,0,0,
Participant,7_3,11_50_2,13.5052,0,2,0,13.50523,0.0000,0.0000,0.0000,0.0000,0.0000,0.0000,3.763104,3.739849,3.751477,0.2493153,,,,,0,0,0,0,0,0,0,0,0,0,0,0,0,0,0,0,0,0,0,0,0,0,0,0,0,0,0,0,0,0,0,0,0,0,0,0,0,0,0,0,0,0,0,0,0,0,0,0,0,0,0,
Participant,7_3,11_50_2,13.5103,0,2,0,13.51029,0.0000,0.0000,0.0000,0.0000,0.0000,0.0000,3.709937,3.71416,3.712048,0.2098868,,,,,0,0,0,0,0,0,0,0,0,0,0,0,0,0,0,0,0,0,0,0,0,0,0,0,0,0,0,0,0,0,0,0,0,0,0,0,0,0,0,0,0,0,0,0,0,0,0,0,0,0,0,
Participant,7_3,11_50_2,13.5325,0,2,0,13.53254,0.0000,0.0000,0.0000,0.0000,0.0000,0.0000,3.74629,3.708094,3.727192,0.2250304,,,,,0,0,0,0,0,0,0,0,0,0,0,0,0,0,0,0,0,0,0,0,0,0,0,0,0,0,0,0,0,0,0,0,0,0,0,0,0,0,0,0,0,0,0,0,0,0,0,0,0,0,0,
Participant,7_3,11_50_2,13.5380,0,2,0,13.53802,0.0000,0.0000,0.0000,0.0000,0.0000,0.0000,3.757481,3.704083,3.730782,0.2286205,,,,,0,0,0,0,0,0,0,0,0,0,0,0,0,0,0,0,0,0,0,0,0,0,0,0,0,0,0,0,0,0,0,0,0,0,0,0,0,0,0,0,0,0,0,0,0,0,0,0,0,0,0,
Participant,7_3,11_50_2,13.5438,0,2,0,13.54382,0.0000,0.0000,0.0000,0.0000,0.0000,0.0000,3.740487,3.742703,3.741595,0.2394333,,,,,0,0,0,0,0,0,0,0,0,0,0,0,0,0,0,0,0,0,0,0,0,0,0,0,0,0,0,0,0,0,0,0,0,0,0,0,0,0,0,0,0,0,0,0,0,0,0,0,0,0,0,
Participant,7_3,11_50_2,13.5491,0,2,0,13.54909,0.0000,0.0000,0.0000,0.0000,0.0000,0.0000,3.725603,3.717006,3.721305,0.2191434,,,,,0,0,0,0,0,0,0,0,0,0,0,0,0,0,0,0,0,0,0,0,0,0,0,0,0,0,0,0,0,0,0,0,0,0,0,0,0,0,0,0,0,0,0,0,0,0,0,0,0,0,0,
Participant,7_3,11_50_2,13.5531,0,2,0,13.55311,0.0000,0.0000,0.0000,0.0000,0.0000,0.0000,3.708071,3.755643,3.731857,0.2296953,,,,,0,0,0,0,0,0,0,0,0,0,0,0,0,0,0,0,0,0,0,0,0,0,0,0,0,0,0,0,0,0,0,0,0,0,0,0,0,0,0,0,0,0,0,0,0,0,0,0,0,0,0,
Participant,7_3,11_50_2,13.5572,0,2,0,13.5572,0.0000,0.0000,0.0000,0.0000,0.0000,0.0000,3.751706,3.757174,3.75444,0.2522786,,,,,0,0,0,0,0,0,0,0,0,0,0,0,0,0,0,0,0,0,0,0,0,0,0,0,0,0,0,0,0,0,0,0,0,0,0,0,0,0,0,0,0,0,0,0,0,0,0,0,0,0,0,
Participant,7_3,11_50_2,13.5612,0,2,0,13.56124,0.0000,0.0000,0.0000,0.0000,0.0000,0.0000,3.730734,3.751619,3.741177,0.2390151,,,,,0,0,0,0,0,0,0,0,0,0,0,0,0,0,0,0,0,0,0,0,0,0,0,0,0,0,0,0,0,0,0,0,0,0,0,0,0,0,0,0,0,0,0,0,0,0,0,0,0,0,0,
Participant,7_3,11_50_2,13.5658,0,2,0,13.56579,0.0000,0.0000,0.0000,0.0000,0.0000,0.0000,3.747945,3.753839,3.750892,0.2487307,,,,,0,0,0,0,0,0,0,0,0,0,0,0,0,0,0,0,0,0,0,0,0,0,0,0,0,0,0,0,0,0,0,0,0,0,0,0,0,0,0,0,0,0,0,0,0,0,0,0,0,0,0,
Participant,7_3,11_50_2,13.5691,0,2,0,13.56908,0.0000,0.0000,0.0000,0.0000,0.0000,0.0000,3.703461,3.702465,3.702963,0.2008014,,,,,0,0,0,0,0,0,0,0,0,0,0,0,0,0,0,0,0,0,0,0,0,0,0,0,0,0,0,0,0,0,0,0,0,0,0,0,0,0,0,0,0,0,0,0,0,0,0,0,0,0,0,
Participant,7_3,11_50_2,13.5724,0,2,0,13.57242,0.0000,0.0000,0.0000,0.0000,0.0000,0.0000,3.753996,3.751903,3.752949,0.250788,,,,,0,0,0,0,0,0,0,0,0,0,0,0,0,0,0,0,0,0,0,0,0,0,0,0,0,0,0,0,0,0,0,0,0,0,0,0,0,0,0,0,0,0,0,0,0,0,0,0,0,0,0,
Participant,7_3,11_50_2,13.5761,0,2,0,13.57613,0.0000,0.0000,0.0000,0.0000,0.0000,0.0000,3.722533,3.702597,3.712565,0.2104034,,,,,0,0,0,0,0,0,0,0,0,0,0,0,0,0,0,0,0,0,0,0,0,0,0,0,0,0,0,0,0,0,0,0,0,0,0,0,0,0,0,0,0,0,0,0,0,0,0,0,0,0,0,
Participant,7_3,11_50_2,13.5798,0,2,0,13.5798,0.0000,0.0000,0.0000,0.0000,0.0000,0.0000,3.707752,3.737638,3.722695,0.2205334,,,,,0,0,0,0,0,0,0,0,0,0,0,0,0,0,0,0,0,0,0,0,0,0,0,0,0,0,0,0,0,0,0,0,0,0,0,0,0,0,0,0,0,0,0,0,0,0,0,0,0,0,0,
Participant,7_3,11_50_2,13.5835,0,2,0,13.58353,0.0000,0.0000,0.0000,0.0000,0.0000,0.0000,3.753178,3.735663,3.74442,0.2422588,,,,,0,0,0,0,0,0,0,0,0,0,0,0,0,0,0,0,0,0,0,0,0,0,0,0,0,0,0,0,0,0,0,0,0,0,0,0,0,0,0,0,0,0,0,0,0,0,0,0,0,0,0,
Participant,7_3,11_50_2,13.5876,0,2,0,13.5876,0.0000,0.0000,0.0000,0.0000,0.0000,0.0000,3.697501,3.751812,3.724657,0.2224951,,,,,0,0,0,0,0,0,0,0,0,0,0,0,0,0,0,0,0,0,0,0,0,0,0,0,0,0,0,0,0,0,0,0,0,0,0,0,0,0,0,0,0,0,0,0,0,0,0,0,0,0,0,
Participant,7_3,11_50_2,13.5913,0,2,0,13.59132,0.0000,0.0000,0.0000,0.0000,0.0000,0.0000,3.745549,3.727221,3.736385,0.2342238,,,,,0,0,0,0,0,0,0,0,0,0,0,0,0,0,0,0,0,0,0,0,0,0,0,0,0,0,0,0,0,0,0,0,0,0,0,0,0,0,0,0,0,0,0,0,0,0,0,0,0,0,0,
Participant,7_3,11_50_2,13.5950,0,2,0,13.59496,0.0000,0.0000,0.0000,0.0000,0.0000,0.0000,3.698689,3.695321,3.697005,0.1948433,,,,,0,0,0,0,0,0,0,0,0,0,0,0,0,0,0,0,0,0,0,0,0,0,0,0,0,0,0,0,0,0,0,0,0,0,0,0,0,0,0,0,0,0,0,0,0,0,0,0,0,0,0,
Participant,7_3,11_50_2,13.5992,0,2,0,13.59923,0.0000,0.0000,0.0000,0.0000,0.0000,0.0000,3.731547,3.724203,3.727875,0.2257137,,,,,0,0,0,0,0,0,0,0,0,0,0,0,0,0,0,0,0,0,0,0,0,0,0,0,0,0,0,0,0,0,0,0,0,0,0,0,0,0,0,0,0,0,0,0,0,0,0,0,0,0,0,
Participant,7_3,11_50_2,13.6030,0,2,0,13.60301,0.0000,0.0000,0.0000,0.0000,0.0000,0.0000,3.730519,3.717061,3.72379,0.2216284,,,,,0,0,0,0,0,0,0,0,0,0,0,0,0,0,0,0,0,0,0,0,0,0,0,0,0,0,0,0,0,0,0,0,0,0,0,0,0,0,0,0,0,0,0,0,0,0,0,0,0,0,0,
Participant,7_3,11_50_2,13.6074,0,2,0,13.60738,0.0000,0.0000,0.0000,0.0000,0.0000,0.0000,3.720737,3.739871,3.730304,0.2281427,,,,,0,0,0,0,0,0,0,0,0,0,0,0,0,0,0,0,0,0,0,0,0,0,0,0,0,0,0,0,0,0,0,0,0,0,0,0,0,0,0,0,0,0,0,0,0,0,0,0,0,0,0,
Participant,7_3,11_50_2,13.6119,0,2,0,13.61192,0.0000,0.0000,0.0000,0.0000,0.0000,0.0000,3.699154,3.711056,3.705105,0.2029438,,,,,0,0,0,0,0,0,0,0,0,0,0,0,0,0,0,0,0,0,0,0,0,0,0,0,0,0,0,0,0,0,0,0,0,0,0,0,0,0,0,0,0,0,0,0,0,0,0,0,0,0,0,
Participant,7_3,11_50_2,13.6169,0,2,0,13.6169,0.0000,0.0000,0.0000,0.0000,0.0000,0.0000,3.696305,3.703938,3.700121,0.1979599,,,,,0,0,0,0,0,0,0,0,0,0,0,0,0,0,0,0,0,0,0,0,0,0,0,0,0,0,0,0,0,0,0,0,0,0,0,0,0,0,0,0,0,0,0,0,0,0,0,0,0,0,0,
Participant,7_3,11_50_2,13.6243,0,2,0,13.6243,0.0000,0.0000,0.0000,0.0000,0.0000,0.0000,3.738708,3.72001,3.729359,0.2271976,,,,,0,0,0,0,0,0,0,0,0,0,0,0,0,0,0,0,0,0,0,0,0,0,0,0,0,0,0,0,0,0,0,0,0,0,0,0,0,0,0,0,0,0,0,0,0,0,0,0,0,0,0,
Participant,7_3,11_50_2,13.6302,0,2,0,13.63023,0.0000,0.0000,0.0000,0.0000,0.0000,0.0000,3.737379,3.71534,3.726359,0.2241979,,,,,0,0,0,0,0,0,0,0,0,0,0,0,0,0,0,0,0,0,0,0,0,0,0,0,0,0,0,0,0,0,0,0,0,0,0,0,0,0,0,0,0,0,0,0,0,0,0,0,0,0,0,
Participant,7_3,11_50_2,13.6352,0,2,0,13.63518,0.0000,0.0000,0.0000,0.0000,0.0000,0.0000,3.726137,3.699167,3.712652,0.2104907,,,,,0,0,0,0,0,0,0,0,0,0,0,0,0,0,0,0,0,0,0,0,0,0,0,0,0,0,0,0,0,0,0,0,0,0,0,0,0,0,0,0,0,0,0,0,0,0,0,0,0,0,0,
Participant,7_3,11_50_2,13.6402,0,2,0,13.64022,0.0000,0.0000,0.0000,0.0000,0.0000,0.0000,3.686899,3.706126,3.696513,0.1943512,,,,,0,0,0,0,0,0,0,0,0,0,0,0,0,0,0,0,0,0,0,0,0,0,0,0,0,0,0,0,0,0,0,0,0,0,0,0,0,0,0,0,0,0,0,0,0,0,0,0,0,0,0,
Participant,7_3,11_50_2,13.6443,0,2,0,13.64427,0.0000,0.0000,0.0000,0.0000,0.0000,0.0000,3.682402,3.726117,3.70426,0.2020984,,,,,0,0,0,0,0,0,0,0,0,0,0,0,0,0,0,0,0,0,0,0,0,0,0,0,0,0,0,0,0,0,0,0,0,0,0,0,0,0,0,0,0,0,0,0,0,0,0,0,0,0,0,
Participant,7_3,11_50_2,13.6482,0,2,0,13.64817,0.0000,0.0000,0.0000,0.0000,0.0000,0.0000,3.710222,3.681531,3.695877,0.1937151,,,,,0,0,0,0,0,0,0,0,0,0,0,0,0,0,0,0,0,0,0,0,0,0,0,0,0,0,0,0,0,0,0,0,0,0,0,0,0,0,0,0,0,0,0,0,0,0,0,0,0,0,0,
Participant,7_3,11_50_2,13.6533,0,2,0,13.65325,0.0000,0.0000,0.0000,0.0000,0.0000,0.0000,3.705407,3.707805,3.706606,0.2044449,,,,,0,0,0,0,0,0,0,0,0,0,0,0,0,0,0,0,0,0,0,0,0,0,0,0,0,0,0,0,0,0,0,0,0,0,0,0,0,0,0,0,0,0,0,0,0,0,0,0,0,0,0,
Participant,7_3,11_50_2,13.6580,0,2,0,13.65797,0.0000,0.0000,0.0000,0.0000,0.0000,0.0000,3.705518,3.718886,3.712202,0.2100403,,,,,0,0,0,0,0,0,0,0,0,0,0,0,0,0,0,0,0,0,0,0,0,0,0,0,0,0,0,0,0,0,0,0,0,0,0,0,0,0,0,0,0,0,0,0,0,0,0,0,0,0,0,
Participant,7_3,11_50_2,13.6621,0,2,0,13.66212,0.0000,0.0000,0.0000,0.0000,0.0000,0.0000,3.67513,3.724697,3.699914,0.197752,,,,,0,0,0,0,0,0,0,0,0,0,0,0,0,0,0,0,0,0,0,0,0,0,0,0,0,0,0,0,0,0,0,0,0,0,0,0,0,0,0,0,0,0,0,0,0,0,0,0,0,0,0,
Participant,7_3,11_50_2,13.6673,0,2,0,13.66727,0.0000,0.0000,0.0000,0.0000,0.0000,0.0000,3.722373,3.691083,3.706728,0.2045665,,,,,0,0,0,0,0,0,0,0,0,0,0,0,0,0,0,0,0,0,0,0,0,0,0,0,0,0,0,0,0,0,0,0,0,0,0,0,0,0,0,0,0,0,0,0,0,0,0,0,0,0,0,
Participant,7_3,11_50_2,13.6712,0,2,0,13.67124,0.0000,0.0000,0.0000,0.0000,0.0000,0.0000,3.680686,3.69346,3.687073,0.1849117,,,,,0,0,0,0,0,0,0,0,0,0,0,0,0,0,0,0,0,0,0,0,0,0,0,0,0,0,0,0,0,0,0,0,0,0,0,0,0,0,0,0,0,0,0,0,0,0,0,0,0,0,0,
Participant,7_3,11_50_2,13.6758,0,2,0,13.67575,0.0000,0.0000,0.0000,0.0000,0.0000,0.0000,3.700645,3.670652,3.685648,0.1834869,,,,,0,0,0,0,0,0,0,0,0,0,0,0,0,0,0,0,0,0,0,0,0,0,0,0,0,0,0,0,0,0,0,0,0,0,0,0,0,0,0,0,0,0,0,0,0,0,0,0,0,0,0,
Participant,7_3,11_50_2,13.6794,0,2,0,13.67944,0.0000,0.0000,0.0000,0.0000,0.0000,0.0000,3.673606,3.693877,3.683742,0.1815801,,,,,0,0,0,0,0,0,0,0,0,0,0,0,0,0,0,0,0,0,0,0,0,0,0,0,0,0,0,0,0,0,0,0,0,0,0,0,0,0,0,0,0,0,0,0,0,0,0,0,0,0,0,
Participant,7_3,11_50_2,13.6832,0,2,0,13.68319,0.0000,0.0000,0.0000,0.0000,0.0000,0.0000,3.708162,3.718601,3.713381,0.2112198,,,,,0,0,0,0,0,0,0,0,0,0,0,0,0,0,0,0,0,0,0,0,0,0,0,0,0,0,0,0,0,0,0,0,0,0,0,0,0,0,0,0,0,0,0,0,0,0,0,0,0,0,0,
Participant,7_3,11_50_2,13.6885,0,2,0,13.68854,0.0000,0.0000,0.0000,0.0000,0.0000,0.0000,3.683604,3.723194,3.703399,0.2012372,,,,,0,0,0,0,0,0,0,0,0,0,0,0,0,0,0,0,0,0,0,0,0,0,0,0,0,0,0,0,0,0,0,0,0,0,0,0,0,0,0,0,0,0,0,0,0,0,0,0,0,0,0,
Participant,7_3,11_50_2,13.6922,0,2,0,13.69223,0.0000,0.0000,0.0000,0.0000,0.0000,0.0000,3.709612,3.708298,3.708955,0.2067938,,,,,0,0,0,0,0,0,0,0,0,0,0,0,0,0,0,0,0,0,0,0,0,0,0,0,0,0,0,0,0,0,0,0,0,0,0,0,0,0,0,0,0,0,0,0,0,0,0,0,0,0,0,
Participant,7_3,11_50_2,13.6972,0,2,0,13.69722,0.0000,0.0000,0.0000,0.0000,0.0000,0.0000,3.683306,3.692788,3.688047,0.1858852,,,,,0,0,0,0,0,0,0,0,0,0,0,0,0,0,0,0,0,0,0,0,0,0,0,0,0,0,0,0,0,0,0,0,0,0,0,0,0,0,0,0,0,0,0,0,0,0,0,0,0,0,0,
Participant,7_3,11_50_2,13.7024,0,2,0,13.70244,0.0000,0.0000,0.0000,0.0000,0.0000,0.0000,3.690681,3.67697,3.683825,0.1816638,,,,,0,0,0,0,0,0,0,0,0,0,0,0,0,0,0,0,0,0,0,0,0,0,0,0,0,0,0,0,0,0,0,0,0,0,0,0,0,0,0,0,0,0,0,0,0,0,0,0,0,0,0,
Participant,7_3,11_50_2,13.7070,0,2,0,13.70698,0.0000,0.0000,0.0000,0.0000,0.0000,0.0000,3.713908,3.695484,3.704696,0.2025347,,,,,0,0,0,0,0,0,0,0,0,0,0,0,0,0,0,0,0,0,0,0,0,0,0,0,0,0,0,0,0,0,0,0,0,0,0,0,0,0,0,0,0,0,0,0,0,0,0,0,0,0,0,
Participant,7_3,11_50_2,13.7112,0,2,0,13.71119,0.0000,0.0000,0.0000,0.0000,0.0000,0.0000,3.715143,3.686267,3.700705,0.1985433,,,,,0,0,0,0,0,0,0,0,0,0,0,0,0,0,0,0,0,0,0,0,0,0,0,0,0,0,0,0,0,0,0,0,0,0,0,0,0,0,0,0,0,0,0,0,0,0,0,0,0,0,0,
Participant,7_3,11_50_2,13.7319,0,2,0,13.7319,0.0000,0.0000,0.0000,0.0000,0.0000,0.0000,3.682897,3.686807,3.684852,0.1826906,,,,,0,0,0,0,0,0,0,0,0,0,0,0,0,0,0,0,0,0,0,0,0,0,0,0,0,0,0,0,0,0,0,0,0,0,0,0,0,0,0,0,0,0,0,0,0,0,0,0,0,0,0,
Participant,7_3,11_50_2,13.7361,0,2,0,13.73612,0.0000,0.0000,0.0000,0.0000,0.0000,0.0000,3.698386,3.673456,3.685921,0.1837592,,,,,0,0,0,0,0,0,0,0,0,0,0,0,0,0,0,0,0,0,0,0,0,0,0,0,0,0,0,0,0,0,0,0,0,0,0,0,0,0,0,0,0,0,0,0,0,0,0,0,0,0,0,
Participant,7_3,11_50_2,13.7402,0,2,0,13.74015,0.0000,0.0000,0.0000,0.0000,0.0000,0.0000,3.685334,3.662797,3.674066,0.1719041,,,,,0,0,0,0,0,0,0,0,0,0,0,0,0,0,0,0,0,0,0,0,0,0,0,0,0,0,0,0,0,0,0,0,0,0,0,0,0,0,0,0,0,0,0,0,0,0,0,0,0,0,0,
Participant,7_3,11_50_2,13.7440,0,2,0,13.74396,0.0000,0.0000,0.0000,0.0000,0.0000,0.0000,3.664512,3.649676,3.657094,0.1549325,,,,,0,0,0,0,0,0,0,0,0,0,0,0,0,0,0,0,0,0,0,0,0,0,0,0,0,0,0,0,0,0,0,0,0,0,0,0,0,0,0,0,0,0,0,0,0,0,0,0,0,0,0,
Participant,7_3,11_50_2,13.7481,0,2,0,13.74806,0.0000,0.0000,0.0000,0.0000,0.0000,0.0000,3.685321,3.694651,3.689986,0.1878242,,,,,0,0,0,0,0,0,0,0,0,0,0,0,0,0,0,0,0,0,0,0,0,0,0,0,0,0,0,0,0,0,0,0,0,0,0,0,0,0,0,0,0,0,0,0,0,0,0,0,0,0,0,
Participant,7_3,11_50_2,13.7521,0,2,0,13.75209,0.0000,0.0000,0.0000,0.0000,0.0000,0.0000,3.684359,3.701293,3.692826,0.1906645,,,,,0,0,0,0,0,0,0,0,0,0,0,0,0,0,0,0,0,0,0,0,0,0,0,0,0,0,0,0,0,0,0,0,0,0,0,0,0,0,0,0,0,0,0,0,0,0,0,0,0,0,0,
Participant,7_3,11_50_2,13.7561,0,2,0,13.75611,0.0000,0.0000,0.0000,0.0000,0.0000,0.0000,3.698257,3.661447,3.679852,0.1776907,,,,,0,0,0,0,0,0,0,0,0,0,0,0,0,0,0,0,0,0,0,0,0,0,0,0,0,0,0,0,0,0,0,0,0,0,0,0,0,0,0,0,0,0,0,0,0,0,0,0,0,0,0,
Participant,7_3,11_50_2,13.7601,0,2,0,13.76007,0.0000,0.0000,0.0000,0.0000,0.0000,0.0000,3.660665,3.666093,3.663379,0.1612172,,,,,0,0,0,0,0,0,0,0,0,0,0,0,0,0,0,0,0,0,0,0,0,0,0,0,0,0,0,0,0,0,0,0,0,0,0,0,0,0,0,0,0,0,0,0,0,0,0,0,0,0,0,
Participant,7_3,11_50_2,13.7641,0,2,0,13.7641,0.0000,0.0000,0.0000,0.0000,0.0000,0.0000,3.688854,3.661993,3.675423,0.1732616,,,,,0,0,0,0,0,0,0,0,0,0,0,0,0,0,0,0,0,0,0,0,0,0,0,0,0,0,0,0,0,0,0,0,0,0,0,0,0,0,0,0,0,0,0,0,0,0,0,0,0,0,0,
Participant,7_3,11_50_2,13.7680,0,2,0,13.768,0.0000,0.0000,0.0000,0.0000,0.0000,0.0000,3.666265,3.650856,3.65856,0.1563988,,,,,0,0,0,0,0,0,0,0,0,0,0,0,0,0,0,0,0,0,0,0,0,0,0,0,0,0,0,0,0,0,0,0,0,0,0,0,0,0,0,0,0,0,0,0,0,0,0,0,0,0,0,
Participant,7_3,11_50_2,13.7719,0,2,0,13.77193,0.0000,0.0000,0.0000,0.0000,0.0000,0.0000,3.658392,3.69073,3.674561,0.1723995,,,,,0,0,0,0,0,0,0,0,0,0,0,0,0,0,0,0,0,0,0,0,0,0,0,0,0,0,0,0,0,0,0,0,0,0,0,0,0,0,0,0,0,0,0,0,0,0,0,0,0,0,0,
Participant,7_3,11_50_2,13.7760,0,2,0,13.77595,0.0000,0.0000,0.0000,0.0000,0.0000,0.0000,3.655603,3.638684,3.647144,0.1449821,,,,,0,0,0,0,0,0,0,0,0,0,0,0,0,0,0,0,0,0,0,0,0,0,0,0,0,0,0,0,0,0,0,0,0,0,0,0,0,0,0,0,0,0,0,0,0,0,0,0,0,0,0,
Participant,7_3,11_50_2,13.7799,0,2,0,13.77992,0.0000,0.0000,0.0000,0.0000,0.0000,0.0000,3.658939,3.63836,3.64865,0.1464882,,,,,0,0,0,0,0,0,0,0,0,0,0,0,0,0,0,0,0,0,0,0,0,0,0,0,0,0,0,0,0,0,0,0,0,0,0,0,0,0,0,0,0,0,0,0,0,0,0,0,0,0,0,
Participant,7_3,11_50_2,13.7838,0,2,0,13.78384,0.0000,0.0000,0.0000,0.0000,0.0000,0.0000,3.656056,3.683824,3.66994,0.1677787,,,,,0,0,0,0,0,0,0,0,0,0,0,0,0,0,0,0,0,0,0,0,0,0,0,0,0,0,0,0,0,0,0,0,0,0,0,0,0,0,0,0,0,0,0,0,0,0,0,0,0,0,0,
Participant,7_3,11_50_2,13.7880,0,2,0,13.788,0.0000,0.0000,0.0000,0.0000,0.0000,0.0000,3.656402,3.675769,3.666085,0.1639237,,,,,0,0,0,0,0,0,0,0,0,0,0,0,0,0,0,0,0,0,0,0,0,0,0,0,0,0,0,0,0,0,0,0,0,0,0,0,0,0,0,0,0,0,0,0,0,0,0,0,0,0,0,
Participant,7_3,11_50_2,13.7920,0,2,0,13.79195,0.0000,0.0000,0.0000,0.0000,0.0000,0.0000,3.640404,3.667071,3.653738,0.151576,,,,,0,0,0,0,0,0,0,0,0,0,0,0,0,0,0,0,0,0,0,0,0,0,0,0,0,0,0,0,0,0,0,0,0,0,0,0,0,0,0,0,0,0,0,0,0,0,0,0,0,0,0,
Participant,7_3,11_50_2,13.7960,0,2,0,13.79602,0.0000,0.0000,0.0000,0.0000,0.0000,0.0000,3.679849,3.663691,3.67177,0.1696088,,,,,0,0,0,0,0,0,0,0,0,0,0,0,0,0,0,0,0,0,0,0,0,0,0,0,0,0,0,0,0,0,0,0,0,0,0,0,0,0,0,0,0,0,0,0,0,0,0,0,0,0,0,
Participant,7_3,11_50_2,13.8001,0,2,0,13.80008,0.0000,0.0000,0.0000,0.0000,0.0000,0.0000,3.632447,3.633483,3.632965,0.1308033,,,,,0,0,0,0,0,0,0,0,0,0,0,0,0,0,0,0,0,0,0,0,0,0,0,0,0,0,0,0,0,0,0,0,0,0,0,0,0,0,0,0,0,0,0,0,0,0,0,0,0,0,0,
Participant,7_3,11_50_2,13.8042,0,2,0,13.80417,0.0000,0.0000,0.0000,0.0000,0.0000,0.0000,3.649315,3.649555,3.649435,0.1472735,,,,,0,0,0,0,0,0,0,0,0,0,0,0,0,0,0,0,0,0,0,0,0,0,0,0,0,0,0,0,0,0,0,0,0,0,0,0,0,0,0,0,0,0,0,0,0,0,0,0,0,0,0,
Participant,7_3,11_50_2,13.8081,0,2,0,13.80814,0.0000,0.0000,0.0000,0.0000,0.0000,0.0000,3.634704,3.630187,3.632446,0.1302843,,,,,0,0,0,0,0,0,0,0,0,0,0,0,0,0,0,0,0,0,0,0,0,0,0,0,0,0,0,0,0,0,0,0,0,0,0,0,0,0,0,0,0,0,0,0,0,0,0,0,0,0,0,
Participant,7_3,11_50_2,13.8121,0,2,0,13.81208,0.0000,0.0000,0.0000,0.0000,0.0000,0.0000,3.677558,3.628291,3.652925,0.150763,,,,,0,0,0,0,0,0,0,0,0,0,0,0,0,0,0,0,0,0,0,0,0,0,0,0,0,0,0,0,0,0,0,0,0,0,0,0,0,0,0,0,0,0,0,0,0,0,0,0,0,0,0,
Participant,7_3,11_50_2,13.8161,0,2,0,13.81607,0.0000,0.0000,0.0000,0.0000,0.0000,0.0000,3.642615,3.663102,3.652858,0.150697,,,,,0,0,0,0,0,0,0,0,0,0,0,0,0,0,0,0,0,0,0,0,0,0,0,0,0,0,0,0,0,0,0,0,0,0,0,0,0,0,0,0,0,0,0,0,0,0,0,0,0,0,0,
Participant,7_3,11_50_2,13.8201,0,2,0,13.82008,0.0000,0.0000,0.0000,0.0000,0.0000,0.0000,3.627277,3.645701,3.636489,0.1343274,,,,,0,0,0,0,0,0,0,0,0,0,0,0,0,0,0,0,0,0,0,0,0,0,0,0,0,0,0,0,0,0,0,0,0,0,0,0,0,0,0,0,0,0,0,0,0,0,0,0,0,0,0,
Participant,7_3,11_50_2,13.8242,0,2,0,13.82416,0.0000,0.0000,0.0000,0.0000,0.0000,0.0000,3.657646,3.657508,3.657577,0.1554155,,,,,0,0,0,0,0,0,0,0,0,0,0,0,0,0,0,0,0,0,0,0,0,0,0,0,0,0,0,0,0,0,0,0,0,0,0,0,0,0,0,0,0,0,0,0,0,0,0,0,0,0,0,
Participant,7_3,11_50_2,13.8282,0,2,0,13.8282,0.0000,0.0000,0.0000,0.0000,0.0000,0.0000,3.669585,3.665428,3.667506,0.1653447,,,,,0,0,0,0,0,0,0,0,0,0,0,0,0,0,0,0,0,0,0,0,0,0,0,0,0,0,0,0,0,0,0,0,0,0,0,0,0,0,0,0,0,0,0,0,0,0,0,0,0,0,0,
Participant,7_3,11_50_2,13.8320,0,2,0,13.832,0.0000,0.0000,0.0000,0.0000,0.0000,0.0000,3.657233,3.627192,3.642212,0.1400506,,,,,0,0,0,0,0,0,0,0,0,0,0,0,0,0,0,0,0,0,0,0,0,0,0,0,0,0,0,0,0,0,0,0,0,0,0,0,0,0,0,0,0,0,0,0,0,0,0,0,0,0,0,
Participant,7_3,11_50_2,13.8360,0,2,0,13.83602,0.0000,0.0000,0.0000,0.0000,0.0000,0.0000,3.621452,3.642378,3.631915,0.1297536,,,,,0,0,0,0,0,0,0,0,0,0,0,0,0,0,0,0,0,0,0,0,0,0,0,0,0,0,0,0,0,0,0,0,0,0,0,0,0,0,0,0,0,0,0,0,0,0,0,0,0,0,0,
Participant,7_3,11_50_2,13.8401,0,2,0,13.84013,0.0000,0.0000,0.0000,0.0000,0.0000,0.0000,3.632004,3.667119,3.649561,0.1473999,,,,,0,0,0,0,0,0,0,0,0,0,0,0,0,0,0,0,0,0,0,0,0,0,0,0,0,0,0,0,0,0,0,0,0,0,0,0,0,0,0,0,0,0,0,0,0,0,0,0,0,0,0,
Participant,7_3,11_50_2,13.8443,0,2,0,13.84431,0.0000,0.0000,0.0000,0.0000,0.0000,0.0000,3.608797,3.64074,3.624768,0.1226068,,,,,0,0,0,0,0,0,0,0,0,0,0,0,0,0,0,0,0,0,0,0,0,0,0,0,0,0,0,0,0,0,0,0,0,0,0,0,0,0,0,0,0,0,0,0,0,0,0,0,0,0,0,
Participant,7_3,11_50_2,13.8484,0,2,0,13.84843,0.0000,0.0000,0.0000,0.0000,0.0000,0.0000,3.629453,3.658914,3.644184,0.1420221,,,,,0,0,0,0,0,0,0,0,0,0,0,0,0,0,0,0,0,0,0,0,0,0,0,0,0,0,0,0,0,0,0,0,0,0,0,0,0,0,0,0,0,0,0,0,0,0,0,0,0,0,0,
Participant,7_3,11_50_2,13.8521,0,2,0,13.85213,0.0000,0.0000,0.0000,0.0000,0.0000,0.0000,3.628641,3.644187,3.636414,0.1342523,,,,,0,0,0,0,0,0,0,0,0,0,0,0,0,0,0,0,0,0,0,0,0,0,0,0,0,0,0,0,0,0,0,0,0,0,0,0,0,0,0,0,0,0,0,0,0,0,0,0,0,0,0,
Participant,7_3,11_50_2,13.8562,0,2,0,13.85616,0.0000,0.0000,0.0000,0.0000,0.0000,0.0000,3.650468,3.649318,3.649893,0.1477318,,,,,0,0,0,0,0,0,0,0,0,0,0,0,0,0,0,0,0,0,0,0,0,0,0,0,0,0,0,0,0,0,0,0,0,0,0,0,0,0,0,0,0,0,0,0,0,0,0,0,0,0,0,
Participant,7_3,11_50_2,13.8601,0,2,0,13.86008,0.0000,0.0000,0.0000,0.0000,0.0000,0.0000,3.615021,3.618109,3.616565,0.114403,,,,,0,0,0,0,0,0,0,0,0,0,0,0,0,0,0,0,0,0,0,0,0,0,0,0,0,0,0,0,0,0,0,0,0,0,0,0,0,0,0,0,0,0,0,0,0,0,0,0,0,0,0,
Participant,7_3,11_50_2,13.8642,0,2,0,13.86415,0.0000,0.0000,0.0000,0.0000,0.0000,0.0000,3.648231,3.655533,3.651882,0.1497202,,,,,0,0,0,0,0,0,0,0,0,0,0,0,0,0,0,0,0,0,0,0,0,0,0,0,0,0,0,0,0,0,0,0,0,0,0,0,0,0,0,0,0,0,0,0,0,0,0,0,0,0,0,
Participant,7_3,11_50_2,13.8751,0,2,0,13.87508,0.0000,0.0000,0.0000,0.0000,0.0000,0.0000,3.654554,3.602213,3.628383,0.1262217,,,,,0,0,0,0,0,0,0,0,0,0,0,0,0,0,0,0,0,0,0,0,0,0,0,0,0,0,0,0,0,0,0,0,0,0,0,0,0,0,0,0,0,0,0,0,0,0,0,0,0,0,0,
Participant,7_3,11_50_2,13.8793,0,2,0,13.87926,0.0000,0.0000,0.0000,0.0000,0.0000,0.0000,3.610179,3.613521,3.61185,0.1096883,,,,,0,0,0,0,0,0,0,0,0,0,0,0,0,0,0,0,0,0,0,0,0,0,0,0,0,0,0,0,0,0,0,0,0,0,0,0,0,0,0,0,0,0,0,0,0,0,0,0,0,0,0,
Participant,7_3,11_50_2,13.8833,0,2,0,13.88332,0.0000,0.0000,0.0000,0.0000,0.0000,0.0000,3.620083,3.618629,3.619356,0.1171944,,,,,0,0,0,0,0,0,0,0,0,0,0,0,0,0,0,0,0,0,0,0,0,0,0,0,0,0,0,0,0,0,0,0,0,0,0,0,0,0,0,0,0,0,0,0,0,0,0,0,0,0,0,
Participant,7_3,11_50_2,13.8873,0,2,0,13.88734,0.0000,0.0000,0.0000,0.0000,0.0000,0.0000,3.59382,3.62055,3.607185,0.1050236,,,,,0,0,0,0,0,0,0,0,0,0,0,0,0,0,0,0,0,0,0,0,0,0,0,0,0,0,0,0,0,0,0,0,0,0,0,0,0,0,0,0,0,0,0,0,0,0,0,0,0,0,0,
Participant,7_3,11_50_2,13.8911,0,2,0,13.89107,0.0000,0.0000,0.0000,0.0000,0.0000,0.0000,3.595197,3.621606,3.608402,0.1062403,,,,,0,0,0,0,0,0,0,0,0,0,0,0,0,0,0,0,0,0,0,0,0,0,0,0,0,0,0,0,0,0,0,0,0,0,0,0,0,0,0,0,0,0,0,0,0,0,0,0,0,0,0,
Participant,7_3,11_50_2,13.8953,0,2,0,13.89529,0.0000,0.0000,0.0000,0.0000,0.0000,0.0000,3.641388,3.59995,3.620669,0.1185074,,,,,0,0,0,0,0,0,0,0,0,0,0,0,0,0,0,0,0,0,0,0,0,0,0,0,0,0,0,0,0,0,0,0,0,0,0,0,0,0,0,0,0,0,0,0,0,0,0,0,0,0,0,
Participant,7_3,11_50_2,13.8995,0,2,0,13.89946,0.0000,0.0000,0.0000,0.0000,0.0000,0.0000,3.629858,3.634451,3.632154,0.129993,,,,,0,0,0,0,0,0,0,0,0,0,0,0,0,0,0,0,0,0,0,0,0,0,0,0,0,0,0,0,0,0,0,0,0,0,0,0,0,0,0,0,0,0,0,0,0,0,0,0,0,0,0,
Participant,7_3,11_50_2,13.9034,0,2,0,13.9034,0.0000,0.0000,0.0000,0.0000,0.0000,0.0000,3.601203,3.5975,3.599352,0.09719038,,,,,0,0,0,0,0,0,0,0,0,0,0,0,0,0,0,0,0,0,0,0,0,0,0,0,0,0,0,0,0,0,0,0,0,0,0,0,0,0,0,0,0,0,0,0,0,0,0,0,0,0,0,
Participant,7_3,11_50_2,13.9080,0,2,0,13.90797,0.0000,0.0000,0.0000,0.0000,0.0000,0.0000,3.589008,3.586335,3.587671,0.08550978,,,,,0,0,0,0,0,0,0,0,0,0,0,0,0,0,0,0,0,0,0,0,0,0,0,0,0,0,0,0,0,0,0,0,0,0,0,0,0,0,0,0,0,0,0,0,0,0,0,0,0,0,0,
Participant,7_3,11_50_2,13.9131,0,2,0,13.91311,0.0000,0.0000,0.0000,0.0000,0.0000,0.0000,3.638292,3.604959,3.621625,0.1194639,,,,,0,0,0,0,0,0,0,0,0,0,0,0,0,0,0,0,0,0,0,0,0,0,0,0,0,0,0,0,0,0,0,0,0,0,0,0,0,0,0,0,0,0,0,0,0,0,0,0,0,0,0,
Participant,7_3,11_50_2,13.9349,0,2,0,13.93493,0.0000,0.0000,0.0000,0.0000,0.0000,0.0000,3.577421,3.583079,3.58025,0.07808852,,,,,0,0,0,0,0,0,0,0,0,0,0,0,0,0,0,0,0,0,0,0,0,0,0,0,0,0,0,0,0,0,0,0,0,0,0,0,0,0,0,0,0,0,0,0,0,0,0,0,0,0,0,
Participant,7_3,11_50_3,13.9394,0,2,0,13.93944,0.0000,0.0000,0.0000,0.0000,0.0000,0.0000,3.625163,3.576742,3.600952,0.09879065,,,,,0,0,0,0,0,0,0,0,0,0,0,0,0,0,0,0,0,0,0,0,0,0,0,0,0,0,0,0,0,0,0,0,0,0,0,0,0,0,0,0,0,0,0,0,0,0,0,0,0,0,0,
Participant,7_3,11_50_3,13.9434,0,2,0,13.94342,0.0000,0.0000,0.0000,0.0000,0.0000,0.0000,3.607451,3.576239,3.591845,0.08968353,,,,,0,0,0,0,0,0,0,0,0,0,0,0,0,0,0,0,0,0,0,0,0,0,0,0,0,0,0,0,0,0,0,0,0,0,0,0,0,0,0,0,0,0,0,0,0,0,0,0,0,0,0,
Participant,7_3,11_50_3,13.9477,0,2,0,13.94767,0.0000,0.0000,0.0000,0.0000,0.0000,0.0000,3.620585,3.604105,3.612345,0.1101837,,,,,0,0,0,0,0,0,0,0,0,0,0,0,0,0,0,0,0,0,0,0,0,0,0,0,0,0,0,0,0,0,0,0,0,0,0,0,0,0,0,0,0,0,0,0,0,0,0,0,0,0,0,
Participant,7_3,11_50_3,13.9523,0,2,0,13.9523,0.0000,0.0000,0.0000,0.0000,0.0000,0.0000,3.591688,3.61651,3.604099,0.1019373,,,,,0,0,0,0,0,0,0,0,0,0,0,0,0,0,0,0,0,0,0,0,0,0,0,0,0,0,0,0,0,0,0,0,0,0,0,0,0,0,0,0,0,0,0,0,0,0,0,0,0,0,0,
Participant,7_3,11_50_3,13.9576,0,2,0,13.95763,0.0000,0.0000,0.0000,0.0000,0.0000,0.0000,3.569222,3.573042,3.571132,0.06897044,,,,,0,0,0,0,0,0,0,0,0,0,0,0,0,0,0,0,0,0,0,0,0,0,0,0,0,0,0,0,0,0,0,0,0,0,0,0,0,0,0,0,0,0,0,0,0,0,0,0,0,0,0,
Participant,7_3,11_50_3,13.9623,0,2,0,13.96227,0.0000,0.0000,0.0000,0.0000,0.0000,0.0000,3.60384,3.569893,3.586866,0.08470488,,,,,0,0,0,0,0,0,0,0,0,0,0,0,0,0,0,0,0,0,0,0,0,0,0,0,0,0,0,0,0,0,0,0,0,0,0,0,0,0,0,0,0,0,0,0,0,0,0,0,0,0,0,
Participant,7_3,11_50_3,13.9663,0,2,0,13.96631,0.0000,0.0000,0.0000,0.0000,0.0000,0.0000,3.574435,3.569914,3.572175,0.07001328,,,,,0,0,0,0,0,0,0,0,0,0,0,0,0,0,0,0,0,0,0,0,0,0,0,0,0,0,0,0,0,0,0,0,0,0,0,0,0,0,0,0,0,0,0,0,0,0,0,0,0,0,0,
Participant,7_3,11_50_3,13.9704,0,2,0,13.9704,0.0000,0.0000,0.0000,0.0000,0.0000,0.0000,3.602611,3.598411,3.600511,0.09834957,,,,,0,0,0,0,0,0,0,0,0,0,0,0,0,0,0,0,0,0,0,0,0,0,0,0,0,0,0,0,0,0,0,0,0,0,0,0,0,0,0,0,0,0,0,0,0,0,0,0,0,0,0,
Participant,7_3,11_50_3,13.9745,0,2,0,13.97447,0.0000,0.0000,0.0000,0.0000,0.0000,0.0000,3.600219,3.602837,3.601528,0.09936643,,,,,0,0,0,0,0,0,0,0,0,0,0,0,0,0,0,0,0,0,0,0,0,0,0,0,0,0,0,0,0,0,0,0,0,0,0,0,0,0,0,0,0,0,0,0,0,0,0,0,0,0,0,
Participant,7_3,11_50_3,13.9790,0,2,0,13.97902,0.0000,0.0000,0.0000,0.0000,0.0000,0.0000,3.554709,3.586073,3.570391,0.06822968,,,,,0,0,0,0,0,0,0,0,0,0,0,0,0,0,0,0,0,0,0,0,0,0,0,0,0,0,0,0,0,0,0,0,0,0,0,0,0,0,0,0,0,0,0,0,0,0,0,0,0,0,0,
Participant,7_3,11_50_3,13.9830,0,2,0,13.98302,0.0000,0.0000,0.0000,0.0000,0.0000,0.0000,3.563294,3.572261,3.567778,0.06561613,,,,,0,0,0,0,0,0,0,0,0,0,0,0,0,0,0,0,0,0,0,0,0,0,0,0,0,0,0,0,0,0,0,0,0,0,0,0,0,0,0,0,0,0,0,0,0,0,0,0,0,0,0,
Participant,7_3,11_50_3,13.9870,0,2,0,13.98695,0.0000,0.0000,0.0000,0.0000,0.0000,0.0000,3.587188,3.581996,3.584592,0.08243084,,,,,0,0,0,0,0,0,0,0,0,0,0,0,0,0,0,0,0,0,0,0,0,0,0,0,0,0,0,0,0,0,0,0,0,0,0,0,0,0,0,0,0,0,0,0,0,0,0,0,0,0,0,
Participant,7_3,11_50_3,13.9911,0,2,0,13.99113,0.0000,0.0000,0.0000,0.0000,0.0000,0.0000,3.558393,3.576231,3.567312,0.06515026,,,,,0,0,0,0,0,0,0,0,0,0,0,0,0,0,0,0,0,0,0,0,0,0,0,0,0,0,0,0,0,0,0,0,0,0,0,0,0,0,0,0,0,0,0,0,0,0,0,0,0,0,0,
Participant,7_3,11_50_3,13.9948,0,2,0,13.99481,0.0000,0.0000,0.0000,0.0000,0.0000,0.0000,3.581585,3.577328,3.579457,0.07729506,,,,,0,0,0,0,0,0,0,0,0,0,0,0,0,0,0,0,0,0,0,0,0,0,0,0,0,0,0,0,0,0,0,0,0,0,0,0,0,0,0,0,0,0,0,0,0,0,0,0,0,0,0,
Participant,7_3,11_50_3,13.9989,0,2,0,13.99888,0.0000,0.0000,0.0000,0.0000,0.0000,0.0000,3.576714,3.569255,3.572984,0.07082272,,,,,0,0,0,0,0,0,0,0,0,0,0,0,0,0,0,0,0,0,0,0,0,0,0,0,0,0,0,0,0,0,0,0,0,0,0,0,0,0,0,0,0,0,0,0,0,0,0,0,0,0,0,
Participant,7_3,11_50_3,14.0030,0,2,0,14.00302,0.0000,0.0000,0.0000,0.0000,0.0000,0.0000,3.576121,3.561356,3.568739,0.0665772,,,,,0,0,0,0,0,0,0,0,0,0,0,0,0,0,0,0,0,0,0,0,0,0,0,0,0,0,0,0,0,0,0,0,0,0,0,0,0,0,0,0,0,0,0,0,0,0,0,0,0,0,0,
Participant,7_3,11_50_3,14.0075,0,2,0,14.00746,0.0000,0.0000,0.0000,0.0000,0.0000,0.0000,3.586857,3.57286,3.579859,0.07769704,,,,,0,0,0,0,0,0,0,0,0,0,0,0,0,0,0,0,0,0,0,0,0,0,0,0,0,0,0,0,0,0,0,0,0,0,0,0,0,0,0,0,0,0,0,0,0,0,0,0,0,0,0,
Participant,7_3,11_50_3,14.0117,0,2,0,14.01166,0.0000,0.0000,0.0000,0.0000,0.0000,0.0000,3.54399,3.566551,3.555271,0.05310917,,,,,0,0,0,0,0,0,0,0,0,0,0,0,0,0,0,0,0,0,0,0,0,0,0,0,0,0,0,0,0,0,0,0,0,0,0,0,0,0,0,0,0,0,0,0,0,0,0,0,0,0,0,
Participant,7_3,11_50_3,14.0153,0,2,0,14.01531,0.0000,0.0000,0.0000,0.0000,0.0000,0.0000,3.55046,3.541499,3.545979,0.043818,,,,,0,0,0,0,0,0,0,0,0,0,0,0,0,0,0,0,0,0,0,0,0,0,0,0,0,0,0,0,0,0,0,0,0,0,0,0,0,0,0,0,0,0,0,0,0,0,0,0,0,0,0,
Participant,7_3,11_50_3,14.0187,0,2,0,14.0187,0.0000,0.0000,0.0000,0.0000,0.0000,0.0000,3.560905,3.561793,3.561349,0.05918741,,,,,0,0,0,0,0,0,0,0,0,0,0,0,0,0,0,0,0,0,0,0,0,0,0,0,0,0,0,0,0,0,0,0,0,0,0,0,0,0,0,0,0,0,0,0,0,0,0,0,0,0,0,
Participant,7_3,11_50_3,14.0221,0,2,0,14.02211,0.0000,0.0000,0.0000,0.0000,0.0000,0.0000,3.57545,3.577633,3.576541,0.07437992,,,,,0,0,0,0,0,0,0,0,0,0,0,0,0,0,0,0,0,0,0,0,0,0,0,0,0,0,0,0,0,0,0,0,0,0,0,0,0,0,0,0,0,0,0,0,0,0,0,0,0,0,0,
Participant,7_3,11_50_3,14.0259,0,2,0,14.02589,0.0000,0.0000,0.0000,0.0000,0.0000,0.0000,3.562754,3.565937,3.564345,0.06218386,,,,,0,0,0,0,0,0,0,0,0,0,0,0,0,0,0,0,0,0,0,0,0,0,0,0,0,0,0,0,0,0,0,0,0,0,0,0,0,0,0,0,0,0,0,0,0,0,0,0,0,0,0,
Participant,7_3,11_50_3,14.0294,0,2,0,14.02943,0.0000,0.0000,0.0000,0.0000,0.0000,0.0000,3.558786,3.562592,3.560689,0.05852723,,,,,0,0,0,0,0,0,0,0,0,0,0,0,0,0,0,0,0,0,0,0,0,0,0,0,0,0,0,0,0,0,0,0,0,0,0,0,0,0,0,0,0,0,0,0,0,0,0,0,0,0,0,
Participant,7_3,11_50_3,14.0329,0,2,0,14.03294,0.0000,0.0000,0.0000,0.0000,0.0000,0.0000,3.562321,3.535011,3.548666,0.04650474,,,,,0,0,0,0,0,0,0,0,0,0,0,0,0,0,0,0,0,0,0,0,0,0,0,0,0,0,0,0,0,0,0,0,0,0,0,0,0,0,0,0,0,0,0,0,0,0,0,0,0,0,0,
Participant,7_3,11_50_3,14.0364,0,2,0,14.03639,0.0000,0.0000,0.0000,0.0000,0.0000,0.0000,3.550656,3.520406,3.535531,0.03336978,,,,,0,0,0,0,0,0,0,0,0,0,0,0,0,0,0,0,0,0,0,0,0,0,0,0,0,0,0,0,0,0,0,0,0,0,0,0,0,0,0,0,0,0,0,0,0,0,0,0,0,0,0,
Participant,7_3,11_50_3,14.0399,0,2,0,14.03985,0.0000,0.0000,0.0000,0.0000,0.0000,0.0000,3.559156,3.538844,3.549,0.04683828,,,,,0,0,0,0,0,0,0,0,0,0,0,0,0,0,0,0,0,0,0,0,0,0,0,0,0,0,0,0,0,0,0,0,0,0,0,0,0,0,0,0,0,0,0,0,0,0,0,0,0,0,0,
Participant,7_3,11_50_3,14.0436,0,2,0,14.04358,0.0000,0.0000,0.0000,0.0000,0.0000,0.0000,3.519069,3.552141,3.535605,0.03344345,,,,,0,0,0,0,0,0,0,0,0,0,0,0,0,0,0,0,0,0,0,0,0,0,0,0,0,0,0,0,0,0,0,0,0,0,0,0,0,0,0,0,0,0,0,0,0,0,0,0,0,0,0,
Participant,7_3,11_50_3,14.0476,0,2,0,14.04758,0.0000,0.0000,0.0000,0.0000,0.0000,0.0000,3.514612,3.573133,3.543872,0.04171085,,,,,0,0,0,0,0,0,0,0,0,0,0,0,0,0,0,0,0,0,0,0,0,0,0,0,0,0,0,0,0,0,0,0,0,0,0,0,0,0,0,0,0,0,0,0,0,0,0,0,0,0,0,
Participant,7_3,11_50_3,14.0510,0,2,0,14.05098,0.0000,0.0000,0.0000,0.0000,0.0000,0.0000,3.52331,3.538677,3.530993,0.02883172,,,,,0,0,0,0,0,0,0,0,0,0,0,0,0,0,0,0,0,0,0,0,0,0,0,0,0,0,0,0,0,0,0,0,0,0,0,0,0,0,0,0,0,0,0,0,0,0,0,0,0,0,0,
Participant,7_3,11_50_3,14.0546,0,2,0,14.05455,0.0000,0.0000,0.0000,0.0000,0.0000,0.0000,3.562037,3.518173,3.540105,0.03794336,,,,,0,0,0,0,0,0,0,0,0,0,0,0,0,0,0,0,0,0,0,0,0,0,0,0,0,0,0,0,0,0,0,0,0,0,0,0,0,0,0,0,0,0,0,0,0,0,0,0,0,0,0,
Participant,7_3,11_50_3,14.0583,0,2,0,14.05829,0.0000,0.0000,0.0000,0.0000,0.0000,0.0000,3.510389,3.558375,3.534382,0.03222036,,,,,0,0,0,0,0,0,0,0,0,0,0,0,0,0,0,0,0,0,0,0,0,0,0,0,0,0,0,0,0,0,0,0,0,0,0,0,0,0,0,0,0,0,0,0,0,0,0,0,0,0,0,
Participant,7_3,11_50_3,14.0625,0,2,0,14.06252,0.0000,0.0000,0.0000,0.0000,0.0000,0.0000,3.553736,3.521828,3.537782,0.03562045,,,,,0,0,0,0,0,0,0,0,0,0,0,0,0,0,0,0,0,0,0,0,0,0,0,0,0,0,0,0,0,0,0,0,0,0,0,0,0,0,0,0,0,0,0,0,0,0,0,0,0,0,0,
Participant,7_3,11_50_3,14.0666,0,2,0,14.06658,0.0000,0.0000,0.0000,0.0000,0.0000,0.0000,3.537257,3.542114,3.539685,0.03752375,,,,,0,0,0,0,0,0,0,0,0,0,0,0,0,0,0,0,0,0,0,0,0,0,0,0,0,0,0,0,0,0,0,0,0,0,0,0,0,0,0,0,0,0,0,0,0,0,0,0,0,0,0,
Participant,7_3,11_50_3,14.0699,0,2,0,14.06986,0.0000,0.0000,0.0000,0.0000,0.0000,0.0000,3.556283,3.513913,3.535098,0.03293657,,,,,0,0,0,0,0,0,0,0,0,0,0,0,0,0,0,0,0,0,0,0,0,0,0,0,0,0,0,0,0,0,0,0,0,0,0,0,0,0,0,0,0,0,0,0,0,0,0,0,0,0,0,
Participant,7_3,11_50_3,14.0735,0,2,0,14.07348,0.0000,0.0000,0.0000,0.0000,0.0000,0.0000,3.529393,3.530361,3.529877,0.02771592,,,,,0,0,0,0,0,0,0,0,0,0,0,0,0,0,0,0,0,0,0,0,0,0,0,0,0,0,0,0,0,0,0,0,0,0,0,0,0,0,0,0,0,0,0,0,0,0,0,0,0,0,0,
Participant,7_3,11_50_3,14.0768,0,2,0,14.07677,0.0000,0.0000,0.0000,0.0000,0.0000,0.0000,3.52851,3.539579,3.534045,0.031883,,,,,0,0,0,0,0,0,0,0,0,0,0,0,0,0,0,0,0,0,0,0,0,0,0,0,0,0,0,0,0,0,0,0,0,0,0,0,0,0,0,0,0,0,0,0,0,0,0,0,0,0,0,
Participant,7_3,11_50_3,14.0800,0,2,0,14.07997,0.0000,0.0000,0.0000,0.0000,0.0000,0.0000,3.547884,3.530488,3.539186,0.0370245,,,,,0,0,0,0,0,0,0,0,0,0,0,0,0,0,0,0,0,0,0,0,0,0,0,0,0,0,0,0,0,0,0,0,0,0,0,0,0,0,0,0,0,0,0,0,0,0,0,0,0,0,0,
Participant,7_3,11_50_3,14.0832,0,2,0,14.08323,0.0000,0.0000,0.0000,0.0000,0.0000,0.0000,3.524373,3.540672,3.532522,0.0303607,,,,,0,0,0,0,0,0,0,0,0,0,0,0,0,0,0,0,0,0,0,0,0,0,0,0,0,0,0,0,0,0,0,0,0,0,0,0,0,0,0,0,0,0,0,0,0,0,0,0,0,0,0,
Participant,7_3,11_50_3,14.0867,0,2,0,14.08666,0.0000,0.0000,0.0000,0.0000,0.0000,0.0000,3.505552,3.526463,3.516007,0.01384592,,,,,0,0,0,0,0,0,0,0,0,0,0,0,0,0,0,0,0,0,0,0,0,0,0,0,0,0,0,0,0,0,0,0,0,0,0,0,0,0,0,0,0,0,0,0,0,0,0,0,0,0,0,
Participant,7_3,11_50_3,14.0903,0,2,0,14.09029,0.0000,0.0000,0.0000,0.0000,0.0000,0.0000,3.541075,3.508123,3.524599,0.02243781,,,,,0,0,0,0,0,0,0,0,0,0,0,0,0,0,0,0,0,0,0,0,0,0,0,0,0,0,0,0,0,0,0,0,0,0,0,0,0,0,0,0,0,0,0,0,0,0,0,0,0,0,0,
Participant,7_3,11_50_3,14.0936,0,2,0,14.0936,0.0000,0.0000,0.0000,0.0000,0.0000,0.0000,3.513187,3.527542,3.520364,0.01820278,,,,,0,0,0,0,0,0,0,0,0,0,0,0,0,0,0,0,0,0,0,0,0,0,0,0,0,0,0,0,0,0,0,0,0,0,0,0,0,0,0,0,0,0,0,0,0,0,0,0,0,0,0,
Participant,7_3,11_50_3,14.0972,0,2,0,14.09721,0.0000,0.0000,0.0000,0.0000,0.0000,0.0000,3.520842,3.511524,3.516183,0.01402164,,,,,0,0,0,0,0,0,0,0,0,0,0,0,0,0,0,0,0,0,0,0,0,0,0,0,0,0,0,0,0,0,0,0,0,0,0,0,0,0,0,0,0,0,0,0,0,0,0,0,0,0,0,
Participant,7_3,11_50_3,14.1011,0,2,0,14.10105,0.0000,0.0000,0.0000,0.0000,0.0000,0.0000,3.513131,3.489947,3.501539,-0.0006225109,,,,,0,0,0,0,0,0,0,0,0,0,0,0,0,0,0,0,0,0,0,0,0,0,0,0,0,0,0,0,0,0,0,0,0,0,0,0,0,0,0,0,0,0,0,0,0,0,0,0,0,0,0,
Participant,7_3,11_50_3,14.1046,0,2,0,14.1046,0.0000,0.0000,0.0000,0.0000,0.0000,0.0000,3.542607,3.52728,3.534944,0.03278208,,,,,0,0,0,0,0,0,0,0,0,0,0,0,0,0,0,0,0,0,0,0,0,0,0,0,0,0,0,0,0,0,0,0,0,0,0,0,0,0,0,0,0,0,0,0,0,0,0,0,0,0,0,
Participant,7_3,11_50_3,14.1084,0,2,0,14.10835,0.0000,0.0000,0.0000,0.0000,0.0000,0.0000,3.538126,3.486068,3.512097,0.009935617,,,,,0,0,0,0,0,0,0,0,0,0,0,0,0,0,0,0,0,0,0,0,0,0,0,0,0,0,0,0,0,0,0,0,0,0,0,0,0,0,0,0,0,0,0,0,0,0,0,0,0,0,0,
Participant,7_3,11_50_3,14.1122,0,2,0,14.11224,0.0000,0.0000,0.0000,0.0000,0.0000,0.0000,3.516523,3.534672,3.525597,0.02343583,,,,,0,0,0,0,0,0,0,0,0,0,0,0,0,0,0,0,0,0,0,0,0,0,0,0,0,0,0,0,0,0,0,0,0,0,0,0,0,0,0,0,0,0,0,0,0,0,0,0,0,0,0,
Participant,7_3,11_50_3,14.1163,0,2,0,14.11626,0.0000,0.0000,0.0000,0.0000,0.0000,0.0000,3.515339,3.48563,3.500484,-0.001677036,,,,,0,0,0,0,0,0,0,0,0,0,0,0,0,0,0,0,0,0,0,0,0,0,0,0,0,0,0,0,0,0,0,0,0,0,0,0,0,0,0,0,0,0,0,0,0,0,0,0,0,0,0,
Participant,7_3,11_50_3,14.1378,0,2,0,14.13776,0.0000,0.0000,0.0000,0.0000,0.0000,0.0000,3.471604,3.526371,3.498988,-0.003173828,,,,,0,0,0,0,0,0,0,0,0,0,0,0,0,0,0,0,0,0,0,0,0,0,0,0,0,0,0,0,0,0,0,0,0,0,0,0,0,0,0,0,0,0,0,0,0,0,0,0,0,0,0,
Participant,7_3,11_50_3,14.1421,0,2,0,14.14206,0.0000,0.0000,0.0000,0.0000,0.0000,0.0000,3.515634,3.48249,3.499062,-0.003099442,,,,,0,0,0,0,0,0,0,0,0,0,0,0,0,0,0,0,0,0,0,0,0,0,0,0,0,0,0,0,0,0,0,0,0,0,0,0,0,0,0,0,0,0,0,0,0,0,0,0,0,0,0,
Participant,7_3,11_50_3,14.1460,0,2,0,14.14595,0.0000,0.0000,0.0000,0.0000,0.0000,0.0000,3.487525,3.511946,3.499736,-0.002425671,,,,,0,0,0,0,0,0,0,0,0,0,0,0,0,0,0,0,0,0,0,0,0,0,0,0,0,0,0,0,0,0,0,0,0,0,0,0,0,0,0,0,0,0,0,0,0,0,0,0,0,0,0,
Participant,7_3,11_50_3,14.1500,0,2,0,14.14997,0.0000,0.0000,0.0000,0.0000,0.0000,0.0000,3.507901,3.492367,3.500134,-0.002027512,,,,,0,0,0,0,0,0,0,0,0,0,0,0,0,0,0,0,0,0,0,0,0,0,0,0,0,0,0,0,0,0,0,0,0,0,0,0,0,0,0,0,0,0,0,0,0,0,0,0,0,0,0,
Participant,7_3,11_50_3,14.1541,0,2,0,14.15411,0.0000,0.0000,0.0000,0.0000,0.0000,0.0000,3.500503,3.492128,3.496315,-0.005846024,,,,,0,0,0,0,0,0,0,0,0,0,0,0,0,0,0,0,0,0,0,0,0,0,0,0,0,0,0,0,0,0,0,0,0,0,0,0,0,0,0,0,0,0,0,0,0,0,0,0,0,0,0,
Participant,7_3,11_50_3,14.1580,0,2,0,14.15799,0.0000,0.0000,0.0000,0.0000,0.0000,0.0000,3.469196,3.493521,3.481359,-0.02080297,,,,,0,0,0,0,0,0,0,0,0,0,0,0,0,0,0,0,0,0,0,0,0,0,0,0,0,0,0,0,0,0,0,0,0,0,0,0,0,0,0,0,0,0,0,0,0,0,0,0,0,0,0,
Participant,7_3,11_50_3,14.1620,0,2,0,14.16198,0.0000,0.0000,0.0000,0.0000,0.0000,0.0000,3.471771,3.514995,3.493383,-0.008778572,,,,,0,0,0,0,0,0,0,0,0,0,0,0,0,0,0,0,0,0,0,0,0,0,0,0,0,0,0,0,0,0,0,0,0,0,0,0,0,0,0,0,0,0,0,0,0,0,0,0,0,0,0,
Participant,7_3,11_50_3,14.1661,0,2,0,14.16613,0.0000,0.0000,0.0000,0.0000,0.0000,0.0000,3.479443,3.471356,3.4754,-0.02676177,,,,,0,0,0,0,0,0,0,0,0,0,0,0,0,0,0,0,0,0,0,0,0,0,0,0,0,0,0,0,0,0,0,0,0,0,0,0,0,0,0,0,0,0,0,0,0,0,0,0,0,0,0,
Participant,7_3,11_50_3,14.1700,0,2,0,14.17003,0.0000,0.0000,0.0000,0.0000,0.0000,0.0000,3.461283,3.455908,3.458595,-0.04356623,,,,,0,0,0,0,0,0,0,0,0,0,0,0,0,0,0,0,0,0,0,0,0,0,0,0,0,0,0,0,0,0,0,0,0,0,0,0,0,0,0,0,0,0,0,0,0,0,0,0,0,0,0,
Participant,7_3,11_50_3,14.1740,0,2,0,14.17399,0.0000,0.0000,0.0000,0.0000,0.0000,0.0000,3.462716,3.495434,3.479075,-0.02308607,,,,,0,0,0,0,0,0,0,0,0,0,0,0,0,0,0,0,0,0,0,0,0,0,0,0,0,0,0,0,0,0,0,0,0,0,0,0,0,0,0,0,0,0,0,0,0,0,0,0,0,0,0,
Participant,7_3,11_50_3,14.1782,0,2,0,14.17823,0.0000,0.0000,0.0000,0.0000,0.0000,0.0000,3.476316,3.48944,3.482878,-0.01928329,,,,,0,0,0,0,0,0,0,0,0,0,0,0,0,0,0,0,0,0,0,0,0,0,0,0,0,0,0,0,0,0,0,0,0,0,0,0,0,0,0,0,0,0,0,0,0,0,0,0,0,0,0,
Participant,7_3,11_50_3,14.1821,0,2,0,14.18205,0.0000,0.0000,0.0000,0.0000,0.0000,0.0000,3.464886,3.464968,3.464927,-0.03723407,,,,,0,0,0,0,0,0,0,0,0,0,0,0,0,0,0,0,0,0,0,0,0,0,0,0,0,0,0,0,0,0,0,0,0,0,0,0,0,0,0,0,0,0,0,0,0,0,0,0,0,0,0,
Participant,7_3,11_50_3,14.1861,0,2,0,14.18614,0.0000,0.0000,0.0000,0.0000,0.0000,0.0000,3.471464,3.501107,3.486285,-0.01587605,,,,,0,0,0,0,0,0,0,0,0,0,0,0,0,0,0,0,0,0,0,0,0,0,0,0,0,0,0,0,0,0,0,0,0,0,0,0,0,0,0,0,0,0,0,0,0,0,0,0,0,0,0,
Participant,7_3,11_50_3,14.1903,0,2,0,14.19029,0.0000,0.0000,0.0000,0.0000,0.0000,0.0000,3.495437,3.446526,3.470981,-0.03118014,,,,,0,0,0,0,0,0,0,0,0,0,0,0,0,0,0,0,0,0,0,0,0,0,0,0,0,0,0,0,0,0,0,0,0,0,0,0,0,0,0,0,0,0,0,0,0,0,0,0,0,0,0,
Participant,7_3,11_50_3,14.1940,0,2,0,14.19399,0.0000,0.0000,0.0000,0.0000,0.0000,0.0000,3.469604,3.460155,3.46488,-0.03728199,,,,,0,0,0,0,0,0,0,0,0,0,0,0,0,0,0,0,0,0,0,0,0,0,0,0,0,0,0,0,0,0,0,0,0,0,0,0,0,0,0,0,0,0,0,0,0,0,0,0,0,0,0,
Participant,7_3,11_50_3,14.1979,0,2,0,14.19794,0.0000,0.0000,0.0000,0.0000,0.0000,0.0000,3.496716,3.448075,3.472396,-0.02976584,,,,,0,0,0,0,0,0,0,0,0,0,0,0,0,0,0,0,0,0,0,0,0,0,0,0,0,0,0,0,0,0,0,0,0,0,0,0,0,0,0,0,0,0,0,0,0,0,0,0,0,0,0,
Participant,7_3,11_50_3,14.2019,0,2,0,14.20194,0.0000,0.0000,0.0000,0.0000,0.0000,0.0000,3.474794,3.482255,3.478524,-0.02363706,,,,,0,0,0,0,0,0,0,0,0,0,0,0,0,0,0,0,0,0,0,0,0,0,0,0,0,0,0,0,0,0,0,0,0,0,0,0,0,0,0,0,0,0,0,0,0,0,0,0,0,0,0,
Participant,7_3,11_50_3,14.2060,0,2,0,14.20599,0.0000,0.0000,0.0000,0.0000,0.0000,0.0000,3.480448,3.45557,3.468009,-0.03415251,,,,,0,0,0,0,0,0,0,0,0,0,0,0,0,0,0,0,0,0,0,0,0,0,0,0,0,0,0,0,0,0,0,0,0,0,0,0,0,0,0,0,0,0,0,0,0,0,0,0,0,0,0,
Participant,7_3,11_50_3,14.2097,0,2,0,14.20974,0.0000,0.0000,0.0000,0.0000,0.0000,0.0000,3.474289,3.486103,3.480196,-0.0219655,,,,,0,0,0,0,0,0,0,0,0,0,0,0,0,0,0,0,0,0,0,0,0,0,0,0,0,0,0,0,0,0,0,0,0,0,0,0,0,0,0,0,0,0,0,0,0,0,0,0,0,0,0,
Participant,7_3,11_50_3,14.2134,0,2,0,14.21336,0.0000,0.0000,0.0000,0.0000,0.0000,0.0000,3.488998,3.432475,3.460737,-0.04142499,,,,,0,0,0,0,0,0,0,0,0,0,0,0,0,0,0,0,0,0,0,0,0,0,0,0,0,0,0,0,0,0,0,0,0,0,0,0,0,0,0,0,0,0,0,0,0,0,0,0,0,0,0,
Participant,7_3,11_50_3,14.2171,0,2,0,14.21714,0.0000,0.0000,0.0000,0.0000,0.0000,0.0000,3.466262,3.487154,3.476708,-0.02545381,,,,,0,0,0,0,0,0,0,0,0,0,0,0,0,0,0,0,0,0,0,0,0,0,0,0,0,0,0,0,0,0,0,0,0,0,0,0,0,0,0,0,0,0,0,0,0,0,0,0,0,0,0,
Participant,7_3,11_50_3,14.2211,0,2,0,14.22114,0.0000,0.0000,0.0000,0.0000,0.0000,0.0000,3.461222,3.459415,3.460319,-0.04184294,,,,,0,0,0,0,0,0,0,0,0,0,0,0,0,0,0,0,0,0,0,0,0,0,0,0,0,0,0,0,0,0,0,0,0,0,0,0,0,0,0,0,0,0,0,0,0,0,0,0,0,0,0,
Participant,7_3,11_50_3,14.2253,0,2,0,14.22533,0.0000,0.0000,0.0000,0.0000,0.0000,0.0000,3.443774,3.426573,3.435174,-0.06698799,,,,,0,0,0,0,0,0,0,0,0,0,0,0,0,0,0,0,0,0,0,0,0,0,0,0,0,0,0,0,0,0,0,0,0,0,0,0,0,0,0,0,0,0,0,0,0,0,0,0,0,0,0,
Participant,7_3,11_50_3,14.2293,0,2,0,14.22934,0.0000,0.0000,0.0000,0.0000,0.0000,0.0000,3.46824,3.482668,3.475454,-0.02670765,,,,,0,0,0,0,0,0,0,0,0,0,0,0,0,0,0,0,0,0,0,0,0,0,0,0,0,0,0,0,0,0,0,0,0,0,0,0,0,0,0,0,0,0,0,0,0,0,0,0,0,0,0,
Participant,7_3,11_50_3,14.2330,0,2,0,14.23302,0.0000,0.0000,0.0000,0.0000,0.0000,0.0000,3.465022,3.436273,3.450647,-0.05151439,,,,,0,0,0,0,0,0,0,0,0,0,0,0,0,0,0,0,0,0,0,0,0,0,0,0,0,0,0,0,0,0,0,0,0,0,0,0,0,0,0,0,0,0,0,0,0,0,0,0,0,0,0,
Participant,7_3,11_50_3,14.2369,0,2,0,14.23693,0.0000,0.0000,0.0000,0.0000,0.0000,0.0000,3.444506,3.422896,3.433701,-0.06846046,,,,,0,0,0,0,0,0,0,0,0,0,0,0,0,0,0,0,0,0,0,0,0,0,0,0,0,0,0,0,0,0,0,0,0,0,0,0,0,0,0,0,0,0,0,0,0,0,0,0,0,0,0,
Participant,7_3,11_50_3,14.2409,0,2,0,14.24093,0.0000,0.0000,0.0000,0.0000,0.0000,0.0000,3.459132,3.438335,3.448733,-0.05342817,,,,,0,0,0,0,0,0,0,0,0,0,0,0,0,0,0,0,0,0,0,0,0,0,0,0,0,0,0,0,0,0,0,0,0,0,0,0,0,0,0,0,0,0,0,0,0,0,0,0,0,0,0,
Participant,7_3,11_50_3,14.2451,0,2,0,14.24506,0.0000,0.0000,0.0000,0.0000,0.0000,0.0000,3.441396,3.47086,3.456128,-0.04603338,,,,,0,0,0,0,0,0,0,0,0,0,0,0,0,0,0,0,0,0,0,0,0,0,0,0,0,0,0,0,0,0,0,0,0,0,0,0,0,0,0,0,0,0,0,0,0,0,0,0,0,0,0,
Participant,7_3,11_50_3,14.2493,0,2,0,14.24928,0.0000,0.0000,0.0000,0.0000,0.0000,0.0000,3.461448,3.448276,3.454862,-0.04729915,,,,,0,0,0,0,0,0,0,0,0,0,0,0,0,0,0,0,0,0,0,0,0,0,0,0,0,0,0,0,0,0,0,0,0,0,0,0,0,0,0,0,0,0,0,0,0,0,0,0,0,0,0,
Participant,7_3,11_50_3,14.2532,0,2,0,14.2532,0.0000,0.0000,0.0000,0.0000,0.0000,0.0000,3.455518,3.461219,3.458369,-0.04379272,,,,,0,0,0,0,0,0,0,0,0,0,0,0,0,0,0,0,0,0,0,0,0,0,0,0,0,0,0,0,0,0,0,0,0,0,0,0,0,0,0,0,0,0,0,0,0,0,0,0,0,0,0,
Participant,7_3,11_50_3,14.2573,0,2,0,14.25726,0.0000,0.0000,0.0000,0.0000,0.0000,0.0000,3.426229,3.446348,3.436289,-0.06587267,,,,,0,0,0,0,0,0,0,0,0,0,0,0,0,0,0,0,0,0,0,0,0,0,0,0,0,0,0,0,0,0,0,0,0,0,0,0,0,0,0,0,0,0,0,0,0,0,0,0,0,0,0,
Participant,7_3,11_50_3,14.2612,0,2,0,14.26116,0.0000,0.0000,0.0000,0.0000,0.0000,0.0000,3.418875,3.431779,3.425327,-0.07683468,,,,,0,0,0,0,0,0,0,0,0,0,0,0,0,0,0,0,0,0,0,0,0,0,0,0,0,0,0,0,0,0,0,0,0,0,0,0,0,0,0,0,0,0,0,0,0,0,0,0,0,0,0,
Participant,7_3,11_50_3,14.2653,0,2,0,14.26534,0.0000,0.0000,0.0000,0.0000,0.0000,0.0000,3.453245,3.447825,3.450535,-0.05162621,,,,,0,0,0,0,0,0,0,0,0,0,0,0,0,0,0,0,0,0,0,0,0,0,0,0,0,0,0,0,0,0,0,0,0,0,0,0,0,0,0,0,0,0,0,0,0,0,0,0,0,0,0,
Participant,7_3,11_50_3,14.2694,0,2,0,14.26943,0.0000,0.0000,0.0000,0.0000,0.0000,0.0000,3.425233,3.433341,3.429287,-0.07287407,,,,,0,0,0,0,0,0,0,0,0,0,0,0,0,0,0,0,0,0,0,0,0,0,0,0,0,0,0,0,0,0,0,0,0,0,0,0,0,0,0,0,0,0,0,0,0,0,0,0,0,0,0,
Participant,7_3,11_50_3,14.2732,0,2,0,14.27318,0.0000,0.0000,0.0000,0.0000,0.0000,0.0000,3.437916,3.41194,3.424928,-0.07723355,,,,,0,0,0,0,0,0,0,0,0,0,0,0,0,0,0,0,0,0,0,0,0,0,0,0,0,0,0,0,0,0,0,0,0,0,0,0,0,0,0,0,0,0,0,0,0,0,0,0,0,0,0,
Participant,7_3,11_50_3,14.2771,0,2,0,14.27709,0.0000,0.0000,0.0000,0.0000,0.0000,0.0000,3.419307,3.443344,3.431326,-0.07083559,,,,,0,0,0,0,0,0,0,0,0,0,0,0,0,0,0,0,0,0,0,0,0,0,0,0,0,0,0,0,0,0,0,0,0,0,0,0,0,0,0,0,0,0,0,0,0,0,0,0,0,0,0,
Participant,7_3,11_50_3,14.2811,0,2,0,14.28112,0.0000,0.0000,0.0000,0.0000,0.0000,0.0000,3.42694,3.419077,3.423008,-0.07915306,,,,,0,0,0,0,0,0,0,0,0,0,0,0,0,0,0,0,0,0,0,0,0,0,0,0,0,0,0,0,0,0,0,0,0,0,0,0,0,0,0,0,0,0,0,0,0,0,0,0,0,0,0,
Participant,7_3,11_50_3,14.2850,0,2,0,14.28502,0.0000,0.0000,0.0000,0.0000,0.0000,0.0000,3.453274,3.444345,3.44881,-0.05335188,,,,,0,0,0,0,0,0,0,0,0,0,0,0,0,0,0,0,0,0,0,0,0,0,0,0,0,0,0,0,0,0,0,0,0,0,0,0,0,0,0,0,0,0,0,0,0,0,0,0,0,0,0,
Participant,7_3,11_50_3,14.2889,0,2,0,14.2889,0.0000,0.0000,0.0000,0.0000,0.0000,0.0000,3.443429,3.450672,3.447051,-0.05511093,,,,,0,0,0,0,0,0,0,0,0,0,0,0,0,0,0,0,0,0,0,0,0,0,0,0,0,0,0,0,0,0,0,0,0,0,0,0,0,0,0,0,0,0,0,0,0,0,0,0,0,0,0,
Participant,7_3,11_50_3,14.2926,0,2,0,14.29259,0.0000,0.0000,0.0000,0.0000,0.0000,0.0000,3.443295,3.438402,3.440848,-0.06131315,,,,,0,0,0,0,0,0,0,0,0,0,0,0,0,0,0,0,0,0,0,0,0,0,0,0,0,0,0,0,0,0,0,0,0,0,0,0,0,0,0,0,0,0,0,0,0,0,0,0,0,0,0,
Participant,7_3,11_50_3,14.2963,0,2,0,14.2963,0.0000,0.0000,0.0000,0.0000,0.0000,0.0000,3.431618,3.420094,3.425856,-0.07630587,,,,,0,0,0,0,0,0,0,0,0,0,0,0,0,0,0,0,0,0,0,0,0,0,0,0,0,0,0,0,0,0,0,0,0,0,0,0,0,0,0,0,0,0,0,0,0,0,0,0,0,0,0,
Participant,7_3,11_50_3,14.3003,0,2,0,14.3003,0.0000,0.0000,0.0000,0.0000,0.0000,0.0000,3.427251,3.448944,3.438097,-0.06406403,,,,,0,0,0,0,0,0,0,0,0,0,0,0,0,0,0,0,0,0,0,0,0,0,0,0,0,0,0,0,0,0,0,0,0,0,0,0,0,0,0,0,0,0,0,0,0,0,0,0,0,0,0,
Participant,7_3,11_50_3,14.3043,0,2,0,14.30434,0.0000,0.0000,0.0000,0.0000,0.0000,0.0000,3.410034,3.397889,3.403961,-0.09820008,,,,,0,0,0,0,0,0,0,0,0,0,0,0,0,0,0,0,0,0,0,0,0,0,0,0,0,0,0,0,0,0,0,0,0,0,0,0,0,0,0,0,0,0,0,0,0,0,0,0,0,0,0,
Participant,7_3,11_50_3,14.3080,0,2,0,14.30802,0.0000,0.0000,0.0000,0.0000,0.0000,0.0000,3.389609,3.428185,3.408897,-0.0932641,,,,,0,0,0,0,0,0,0,0,0,0,0,0,0,0,0,0,0,0,0,0,0,0,0,0,0,0,0,0,0,0,0,0,0,0,0,0,0,0,0,0,0,0,0,0,0,0,0,0,0,0,0,
Participant,7_3,11_50_3,14.3114,0,2,0,14.31138,0.0000,0.0000,0.0000,0.0000,0.0000,0.0000,3.425856,3.39024,3.408048,-0.09411359,,,,,0,0,0,0,0,0,0,0,0,0,0,0,0,0,0,0,0,0,0,0,0,0,0,0,0,0,0,0,0,0,0,0,0,0,0,0,0,0,0,0,0,0,0,0,0,0,0,0,0,0,0,
Participant,7_3,11_50_3,14.3147,0,2,0,14.31469,0.0000,0.0000,0.0000,0.0000,0.0000,0.0000,3.399009,3.387581,3.393295,-0.1088667,,,,,0,0,0,0,0,0,0,0,0,0,0,0,0,0,0,0,0,0,0,0,0,0,0,0,0,0,0,0,0,0,0,0,0,0,0,0,0,0,0,0,0,0,0,0,0,0,0,0,0,0,0,
Participant,7_3,11_50_3,14.3180,0,2,0,14.31796,0.0000,0.0000,0.0000,0.0000,0.0000,0.0000,3.384916,3.418495,3.401706,-0.1004558,,,,,0,0,0,0,0,0,0,0,0,0,0,0,0,0,0,0,0,0,0,0,0,0,0,0,0,0,0,0,0,0,0,0,0,0,0,0,0,0,0,0,0,0,0,0,0,0,0,0,0,0,0,
Participant,7_3,11_50_3,14.3378,0,2,0,14.33776,0.0000,0.0000,0.0000,0.0000,0.0000,0.0000,3.403285,3.429572,3.416429,-0.08573294,,,,,0,0,0,0,0,0,0,0,0,0,0,0,0,0,0,0,0,0,0,0,0,0,0,0,0,0,0,0,0,0,0,0,0,0,0,0,0,0,0,0,0,0,0,0,0,0,0,0,0,0,0,
Participant,7_3,11_50_3,14.3414,0,2,0,14.34138,0.0000,0.0000,0.0000,0.0000,0.0000,0.0000,3.415931,3.39192,3.403926,-0.09823561,,,,,0,0,0,0,0,0,0,0,0,0,0,0,0,0,0,0,0,0,0,0,0,0,0,0,0,0,0,0,0,0,0,0,0,0,0,0,0,0,0,0,0,0,0,0,0,0,0,0,0,0,0,
Participant,7_3,11_50_3,14.3450,0,2,0,14.34501,0.0000,0.0000,0.0000,0.0000,0.0000,0.0000,3.400041,3.414039,3.40704,-0.09512162,,,,,0,0,0,0,0,0,0,0,0,0,0,0,0,0,0,0,0,0,0,0,0,0,0,0,0,0,0,0,0,0,0,0,0,0,0,0,0,0,0,0,0,0,0,0,0,0,0,0,0,0,0,
Participant,7_3,11_50_3,14.3484,0,2,0,14.34837,0.0000,0.0000,0.0000,0.0000,0.0000,0.0000,3.389455,3.415309,3.402382,-0.09977937,,,,,0,0,0,0,0,0,0,0,0,0,0,0,0,0,0,0,0,0,0,0,0,0,0,0,0,0,0,0,0,0,0,0,0,0,0,0,0,0,0,0,0,0,0,0,0,0,0,0,0,0,0,
Participant,7_3,11_50_3,14.3521,0,2,0,14.35209,0.0000,0.0000,0.0000,0.0000,0.0000,0.0000,3.411151,3.407482,3.409316,-0.09284544,,,,,0,0,0,0,0,0,0,0,0,0,0,0,0,0,0,0,0,0,0,0,0,0,0,0,0,0,0,0,0,0,0,0,0,0,0,0,0,0,0,0,0,0,0,0,0,0,0,0,0,0,0,
Participant,7_3,11_50_3,14.3554,0,2,0,14.35536,0.0000,0.0000,0.0000,0.0000,0.0000,0.0000,3.381966,3.416718,3.399342,-0.1028194,,,,,0,0,0,0,0,0,0,0,0,0,0,0,0,0,0,0,0,0,0,0,0,0,0,0,0,0,0,0,0,0,0,0,0,0,0,0,0,0,0,0,0,0,0,0,0,0,0,0,0,0,0,
Participant,7_3,11_50_3,14.3593,0,2,0,14.35929,0.0000,0.0000,0.0000,0.0000,0.0000,0.0000,3.397592,3.385396,3.391494,-0.1106672,,,,,0,0,0,0,0,0,0,0,0,0,0,0,0,0,0,0,0,0,0,0,0,0,0,0,0,0,0,0,0,0,0,0,0,0,0,0,0,0,0,0,0,0,0,0,0,0,0,0,0,0,0,
Participant,7_3,11_50_3,14.3629,0,2,0,14.36291,0.0000,0.0000,0.0000,0.0000,0.0000,0.0000,3.417011,3.37958,3.398295,-0.1038661,,,,,0,0,0,0,0,0,0,0,0,0,0,0,0,0,0,0,0,0,0,0,0,0,0,0,0,0,0,0,0,0,0,0,0,0,0,0,0,0,0,0,0,0,0,0,0,0,0,0,0,0,0,
Participant,7_3,11_50_3,14.3670,0,2,0,14.36695,0.0000,0.0000,0.0000,0.0000,0.0000,0.0000,3.41413,3.363603,3.388866,-0.1132951,,,,,0,0,0,0,0,0,0,0,0,0,0,0,0,0,0,0,0,0,0,0,0,0,0,0,0,0,0,0,0,0,0,0,0,0,0,0,0,0,0,0,0,0,0,0,0,0,0,0,0,0,0,
Participant,7_3,11_50_3,14.3711,0,2,0,14.37109,0.0000,0.0000,0.0000,0.0000,0.0000,0.0000,3.409626,3.368325,3.388975,-0.1131861,,,,,0,0,0,0,0,0,0,0,0,0,0,0,0,0,0,0,0,0,0,0,0,0,0,0,0,0,0,0,0,0,0,0,0,0,0,0,0,0,0,0,0,0,0,0,0,0,0,0,0,0,0,
Participant,7_3,11_50_3,14.3744,0,2,0,14.37436,0.0000,0.0000,0.0000,0.0000,0.0000,0.0000,3.363669,3.380909,3.372289,-0.1298723,,,,,0,0,0,0,0,0,0,0,0,0,0,0,0,0,0,0,0,0,0,0,0,0,0,0,0,0,0,0,0,0,0,0,0,0,0,0,0,0,0,0,0,0,0,0,0,0,0,0,0,0,0,
Participant,7_3,11_50_3,14.3781,0,2,0,14.37811,0.0000,0.0000,0.0000,0.0000,0.0000,0.0000,3.357965,3.376356,3.36716,-0.1350012,,,,,0,0,0,0,0,0,0,0,0,0,0,0,0,0,0,0,0,0,0,0,0,0,0,0,0,0,0,0,0,0,0,0,0,0,0,0,0,0,0,0,0,0,0,0,0,0,0,0,0,0,0,
Participant,7_3,11_50_3,14.3815,0,2,0,14.38148,0.0000,0.0000,0.0000,0.0000,0.0000,0.0000,3.398795,3.411705,3.40525,-0.09691143,,,,,0,0,0,0,0,0,0,0,0,0,0,0,0,0,0,0,0,0,0,0,0,0,0,0,0,0,0,0,0,0,0,0,0,0,0,0,0,0,0,0,0,0,0,0,0,0,0,0,0,0,0,
Participant,7_3,11_50_3,14.3855,0,2,0,14.3855,0.0000,0.0000,0.0000,0.0000,0.0000,0.0000,3.410766,3.389227,3.399997,-0.1021647,,,,,0,0,0,0,0,0,0,0,0,0,0,0,0,0,0,0,0,0,0,0,0,0,0,0,0,0,0,0,0,0,0,0,0,0,0,0,0,0,0,0,0,0,0,0,0,0,0,0,0,0,0,
Participant,7_3,11_50_3,14.3888,0,2,0,14.38875,0.0000,0.0000,0.0000,0.0000,0.0000,0.0000,3.397015,3.397195,3.397105,-0.1050563,,,,,0,0,0,0,0,0,0,0,0,0,0,0,0,0,0,0,0,0,0,0,0,0,0,0,0,0,0,0,0,0,0,0,0,0,0,0,0,0,0,0,0,0,0,0,0,0,0,0,0,0,0,
Participant,7_3,11_50_3,14.3928,0,2,0,14.39279,0.0000,0.0000,0.0000,0.0000,0.0000,0.0000,3.39113,3.357239,3.374185,-0.1279764,,,,,0,0,0,0,0,0,0,0,0,0,0,0,0,0,0,0,0,0,0,0,0,0,0,0,0,0,0,0,0,0,0,0,0,0,0,0,0,0,0,0,0,0,0,0,0,0,0,0,0,0,0,
Participant,7_3,11_50_3,14.3966,0,2,0,14.39655,0.0000,0.0000,0.0000,0.0000,0.0000,0.0000,3.38565,3.370334,3.377992,-0.1241696,,,,,0,0,0,0,0,0,0,0,0,0,0,0,0,0,0,0,0,0,0,0,0,0,0,0,0,0,0,0,0,0,0,0,0,0,0,0,0,0,0,0,0,0,0,0,0,0,0,0,0,0,0,
Participant,7_3,11_50_3,14.4005,0,2,0,14.4005,0.0000,0.0000,0.0000,0.0000,0.0000,0.0000,3.392211,3.379058,3.385634,-0.1165271,,,,,0,0,0,0,0,0,0,0,0,0,0,0,0,0,0,0,0,0,0,0,0,0,0,0,0,0,0,0,0,0,0,0,0,0,0,0,0,0,0,0,0,0,0,0,0,0,0,0,0,0,0,
Participant,7_3,11_50_3,14.4051,0,2,0,14.40505,0.0000,0.0000,0.0000,0.0000,0.0000,0.0000,3.360858,3.353299,3.357079,-0.145083,,,,,0,0,0,0,0,0,0,0,0,0,0,0,0,0,0,0,0,0,0,0,0,0,0,0,0,0,0,0,0,0,0,0,0,0,0,0,0,0,0,0,0,0,0,0,0,0,0,0,0,0,0,
Participant,7_3,11_50_3,14.4084,0,2,0,14.4084,0.0000,0.0000,0.0000,0.0000,0.0000,0.0000,3.370167,3.397588,3.383878,-0.1182837,,,,,0,0,0,0,0,0,0,0,0,0,0,0,0,0,0,0,0,0,0,0,0,0,0,0,0,0,0,0,0,0,0,0,0,0,0,0,0,0,0,0,0,0,0,0,0,0,0,0,0,0,0,
Participant,7_3,11_50_3,14.4120,0,2,0,14.41203,0.0000,0.0000,0.0000,0.0000,0.0000,0.0000,3.34972,3.371382,3.360551,-0.1416101,,,,,0,0,0,0,0,0,0,0,0,0,0,0,0,0,0,0,0,0,0,0,0,0,0,0,0,0,0,0,0,0,0,0,0,0,0,0,0,0,0,0,0,0,0,0,0,0,0,0,0,0,0,
Participant,7_3,11_50_3,14.4161,0,2,0,14.41611,0.0000,0.0000,0.0000,0.0000,0.0000,0.0000,3.352518,3.353987,3.353252,-0.1489091,,,,,0,0,0,0,0,0,0,0,0,0,0,0,0,0,0,0,0,0,0,0,0,0,0,0,0,0,0,0,0,0,0,0,0,0,0,0,0,0,0,0,0,0,0,0,0,0,0,0,0,0,0,
Participant,7_3,11_50_3,14.4201,0,2,0,14.42007,0.0000,0.0000,0.0000,0.0000,0.0000,0.0000,3.353702,3.345421,3.349561,-0.1526,,,,,0,0,0,0,0,0,0,0,0,0,0,0,0,0,0,0,0,0,0,0,0,0,0,0,0,0,0,0,0,0,0,0,0,0,0,0,0,0,0,0,0,0,0,0,0,0,0,0,0,0,0,
Participant,7_3,11_50_3,14.4241,0,2,0,14.42414,0.0000,0.0000,0.0000,0.0000,0.0000,0.0000,3.353348,3.351691,3.35252,-0.149642,,,,,0,0,0,0,0,0,0,0,0,0,0,0,0,0,0,0,0,0,0,0,0,0,0,0,0,0,0,0,0,0,0,0,0,0,0,0,0,0,0,0,0,0,0,0,0,0,0,0,0,0,0,
Participant,7_3,11_50_3,14.4283,0,2,0,14.42828,0.0000,0.0000,0.0000,0.0000,0.0000,0.0000,3.346306,3.362736,3.354521,-0.1476407,,,,,0,0,0,0,0,0,0,0,0,0,0,0,0,0,0,0,0,0,0,0,0,0,0,0,0,0,0,0,0,0,0,0,0,0,0,0,0,0,0,0,0,0,0,0,0,0,0,0,0,0,0,
Participant,7_3,11_50_3,14.4321,0,2,0,14.43214,0.0000,0.0000,0.0000,0.0000,0.0000,0.0000,3.367609,3.333506,3.350557,-0.1516042,,,,,0,0,0,0,0,0,0,0,0,0,0,0,0,0,0,0,0,0,0,0,0,0,0,0,0,0,0,0,0,0,0,0,0,0,0,0,0,0,0,0,0,0,0,0,0,0,0,0,0,0,0,
Participant,7_3,11_50_3,14.4356,0,2,0,14.43556,0.0000,0.0000,0.0000,0.0000,0.0000,0.0000,3.386394,3.385012,3.385703,-0.1164587,,,,,0,0,0,0,0,0,0,0,0,0,0,0,0,0,0,0,0,0,0,0,0,0,0,0,0,0,0,0,0,0,0,0,0,0,0,0,0,0,0,0,0,0,0,0,0,0,0,0,0,0,0,
Participant,7_3,11_50_3,14.4393,0,2,0,14.43928,0.0000,0.0000,0.0000,0.0000,0.0000,0.0000,3.357521,3.38528,3.3714,-0.1307611,,,,,0,0,0,0,0,0,0,0,0,0,0,0,0,0,0,0,0,0,0,0,0,0,0,0,0,0,0,0,0,0,0,0,0,0,0,0,0,0,0,0,0,0,0,0,0,0,0,0,0,0,0,
Participant,7_3,11_50_3,14.4431,0,2,0,14.44311,0.0000,0.0000,0.0000,0.0000,0.0000,0.0000,3.342402,3.378909,3.360655,-0.1415064,,,,,0,0,0,0,0,0,0,0,0,0,0,0,0,0,0,0,0,0,0,0,0,0,0,0,0,0,0,0,0,0,0,0,0,0,0,0,0,0,0,0,0,0,0,0,0,0,0,0,0,0,0,
Participant,7_3,11_50_3,14.4467,0,2,0,14.44668,0.0000,0.0000,0.0000,0.0000,0.0000,0.0000,3.326194,3.349458,3.337826,-0.1643353,,,,,0,0,0,0,0,0,0,0,0,0,0,0,0,0,0,0,0,0,0,0,0,0,0,0,0,0,0,0,0,0,0,0,0,0,0,0,0,0,0,0,0,0,0,0,0,0,0,0,0,0,0,
Participant,7_3,11_50_3,14.4503,0,2,0,14.45027,0.0000,0.0000,0.0000,0.0000,0.0000,0.0000,3.369712,3.331128,3.35042,-0.1517415,,,,,0,0,0,0,0,0,0,0,0,0,0,0,0,0,0,0,0,0,0,0,0,0,0,0,0,0,0,0,0,0,0,0,0,0,0,0,0,0,0,0,0,0,0,0,0,0,0,0,0,0,0,
Participant,7_3,11_50_3,14.4536,0,2,0,14.45364,0.0000,0.0000,0.0000,0.0000,0.0000,0.0000,3.357621,3.359797,3.358709,-0.1434522,,,,,0,0,0,0,0,0,0,0,0,0,0,0,0,0,0,0,0,0,0,0,0,0,0,0,0,0,0,0,0,0,0,0,0,0,0,0,0,0,0,0,0,0,0,0,0,0,0,0,0,0,0,
Participant,7_3,11_50_3,14.4638,0,2,0,14.46382,0.0000,0.0000,0.0000,0.0000,0.0000,0.0000,3.319843,3.32128,3.320561,-0.1816001,,,,,0,0,0,0,0,0,0,0,0,0,0,0,0,0,0,0,0,0,0,0,0,0,0,0,0,0,0,0,0,0,0,0,0,0,0,0,0,0,0,0,0,0,0,0,0,0,0,0,0,0,0,
Participant,7_3,11_50_3,14.4678,0,2,0,14.46779,0.0000,0.0000,0.0000,0.0000,0.0000,0.0000,3.361431,3.373545,3.367488,-0.1346736,,,,,0,0,0,0,0,0,0,0,0,0,0,0,0,0,0,0,0,0,0,0,0,0,0,0,0,0,0,0,0,0,0,0,0,0,0,0,0,0,0,0,0,0,0,0,0,0,0,0,0,0,0,
Participant,7_3,11_50_3,14.4713,0,2,0,14.47128,0.0000,0.0000,0.0000,0.0000,0.0000,0.0000,3.316954,3.358904,3.337929,-0.1642325,,,,,0,0,0,0,0,0,0,0,0,0,0,0,0,0,0,0,0,0,0,0,0,0,0,0,0,0,0,0,0,0,0,0,0,0,0,0,0,0,0,0,0,0,0,0,0,0,0,0,0,0,0,
Participant,7_3,11_50_3,14.4748,0,2,0,14.47479,0.0000,0.0000,0.0000,0.0000,0.0000,0.0000,3.328151,3.370342,3.349247,-0.1529148,,,,,0,0,0,0,0,0,0,0,0,0,0,0,0,0,0,0,0,0,0,0,0,0,0,0,0,0,0,0,0,0,0,0,0,0,0,0,0,0,0,0,0,0,0,0,0,0,0,0,0,0,0,
Participant,7_3,11_50_3,14.4783,0,2,0,14.47834,0.0000,0.0000,0.0000,0.0000,0.0000,0.0000,3.369515,3.340628,3.355072,-0.1470897,,,,,0,0,0,0,0,0,0,0,0,0,0,0,0,0,0,0,0,0,0,0,0,0,0,0,0,0,0,0,0,0,0,0,0,0,0,0,0,0,0,0,0,0,0,0,0,0,0,0,0,0,0,
Participant,7_3,11_50_3,14.4820,0,2,0,14.48204,0.0000,0.0000,0.0000,0.0000,0.0000,0.0000,3.343657,3.356719,3.350188,-0.1519732,,,,,0,0,0,0,0,0,0,0,0,0,0,0,0,0,0,0,0,0,0,0,0,0,0,0,0,0,0,0,0,0,0,0,0,0,0,0,0,0,0,0,0,0,0,0,0,0,0,0,0,0,0,
Participant,7_3,11_50_3,14.4856,0,2,0,14.48563,0.0000,0.0000,0.0000,0.0000,0.0000,0.0000,3.342572,3.310737,3.326654,-0.1755071,,,,,0,0,0,0,0,0,0,0,0,0,0,0,0,0,0,0,0,0,0,0,0,0,0,0,0,0,0,0,0,0,0,0,0,0,0,0,0,0,0,0,0,0,0,0,0,0,0,0,0,0,0,
Participant,7_3,11_50_3,14.4891,0,2,0,14.48906,0.0000,0.0000,0.0000,0.0000,0.0000,0.0000,3.340869,3.363523,3.352196,-0.1499653,,,,,0,0,0,0,0,0,0,0,0,0,0,0,0,0,0,0,0,0,0,0,0,0,0,0,0,0,0,0,0,0,0,0,0,0,0,0,0,0,0,0,0,0,0,0,0,0,0,0,0,0,0,
Participant,7_3,11_50_3,14.4926,0,2,0,14.4926,0.0000,0.0000,0.0000,0.0000,0.0000,0.0000,3.335515,3.314916,3.325216,-0.1769457,,,,,0,0,0,0,0,0,0,0,0,0,0,0,0,0,0,0,0,0,0,0,0,0,0,0,0,0,0,0,0,0,0,0,0,0,0,0,0,0,0,0,0,0,0,0,0,0,0,0,0,0,0,
Participant,7_3,11_50_3,14.4960,0,2,0,14.49595,0.0000,0.0000,0.0000,0.0000,0.0000,0.0000,3.333169,3.341626,3.337398,-0.1647639,,,,,0,0,0,0,0,0,0,0,0,0,0,0,0,0,0,0,0,0,0,0,0,0,0,0,0,0,0,0,0,0,0,0,0,0,0,0,0,0,0,0,0,0,0,0,0,0,0,0,0,0,0,
Participant,7_3,11_50_3,14.4992,0,2,0,14.49921,0.0000,0.0000,0.0000,0.0000,0.0000,0.0000,3.364001,3.348741,3.356371,-0.1457906,,,,,0,0,0,0,0,0,0,0,0,0,0,0,0,0,0,0,0,0,0,0,0,0,0,0,0,0,0,0,0,0,0,0,0,0,0,0,0,0,0,0,0,0,0,0,0,0,0,0,0,0,0,
Participant,7_3,11_50_3,14.5025,0,2,0,14.50247,0.0000,0.0000,0.0000,0.0000,0.0000,0.0000,3.327295,3.318196,3.322746,-0.1794159,,,,,0,0,0,0,0,0,0,0,0,0,0,0,0,0,0,0,0,0,0,0,0,0,0,0,0,0,0,0,0,0,0,0,0,0,0,0,0,0,0,0,0,0,0,0,0,0,0,0,0,0,0,
Participant,7_3,11_50_3,14.5061,0,2,0,14.50606,0.0000,0.0000,0.0000,0.0000,0.0000,0.0000,3.312995,3.314161,3.313578,-0.1885834,,,,,0,0,0,0,0,0,0,0,0,0,0,0,0,0,0,0,0,0,0,0,0,0,0,0,0,0,0,0,0,0,0,0,0,0,0,0,0,0,0,0,0,0,0,0,0,0,0,0,0,0,0,
Participant,7_3,11_50_3,14.5095,0,2,0,14.50952,0.0000,0.0000,0.0000,0.0000,0.0000,0.0000,3.32858,3.343776,3.336178,-0.1659834,,,,,0,0,0,0,0,0,0,0,0,0,0,0,0,0,0,0,0,0,0,0,0,0,0,0,0,0,0,0,0,0,0,0,0,0,0,0,0,0,0,0,0,0,0,0,0,0,0,0,0,0,0,
Participant,7_3,11_50_3,14.5128,0,2,0,14.51276,0.0000,0.0000,0.0000,0.0000,0.0000,0.0000,3.305682,3.322438,3.31406,-0.1881013,,,,,0,0,0,0,0,0,0,0,0,0,0,0,0,0,0,0,0,0,0,0,0,0,0,0,0,0,0,0,0,0,0,0,0,0,0,0,0,0,0,0,0,0,0,0,0,0,0,0,0,0,0,
Participant,7_3,11_50_3,14.5162,0,2,0,14.5162,0.0000,0.0000,0.0000,0.0000,0.0000,0.0000,3.308714,3.353475,3.331094,-0.1710672,,,,,0,0,0,0,0,0,0,0,0,0,0,0,0,0,0,0,0,0,0,0,0,0,0,0,0,0,0,0,0,0,0,0,0,0,0,0,0,0,0,0,0,0,0,0,0,0,0,0,0,0,0,
Participant,7_3,11_50_3,14.5198,0,2,0,14.51978,0.0000,0.0000,0.0000,0.0000,0.0000,0.0000,3.339255,3.339248,3.339252,-0.16291,,,,,0,0,0,0,0,0,0,0,0,0,0,0,0,0,0,0,0,0,0,0,0,0,0,0,0,0,0,0,0,0,0,0,0,0,0,0,0,0,0,0,0,0,0,0,0,0,0,0,0,0,0,
Participant,7_3,11_50_3,14.5422,0,2,0,14.54215,0.0000,0.0000,0.0000,0.0000,0.0000,0.0000,3.294629,3.338863,3.316746,-0.1854153,,,,,0,0,0,0,0,0,0,0,0,0,0,0,0,0,0,0,0,0,0,0,0,0,0,0,0,0,0,0,0,0,0,0,0,0,0,0,0,0,0,0,0,0,0,0,0,0,0,0,0,0,0,
Participant,7_3,11_50_3,14.5459,0,2,0,14.54592,0.0000,0.0000,0.0000,0.0000,0.0000,0.0000,3.319108,3.326672,3.32289,-0.1792715,,,,,0,0,0,0,0,0,0,0,0,0,0,0,0,0,0,0,0,0,0,0,0,0,0,0,0,0,0,0,0,0,0,0,0,0,0,0,0,0,0,0,0,0,0,0,0,0,0,0,0,0,0,
Participant,7_3,11_50_3,14.5497,0,2,0,14.54971,0.0000,0.0000,0.0000,0.0000,0.0000,0.0000,3.297477,3.300329,3.298903,-0.203258,,,,,0,0,0,0,0,0,0,0,0,0,0,0,0,0,0,0,0,0,0,0,0,0,0,0,0,0,0,0,0,0,0,0,0,0,0,0,0,0,0,0,0,0,0,0,0,0,0,0,0,0,0,
Participant,7_3,11_50_3,14.5534,0,2,0,14.55338,0.0000,0.0000,0.0000,0.0000,0.0000,0.0000,3.301869,3.339607,3.320738,-0.1814232,,,,,0,0,0,0,0,0,0,0,0,0,0,0,0,0,0,0,0,0,0,0,0,0,0,0,0,0,0,0,0,0,0,0,0,0,0,0,0,0,0,0,0,0,0,0,0,0,0,0,0,0,0,
Participant,7_3,11_50_3,14.5575,0,2,0,14.55753,0.0000,0.0000,0.0000,0.0000,0.0000,0.0000,3.332022,3.300217,3.31612,-0.1860418,,,,,0,0,0,0,0,0,0,0,0,0,0,0,0,0,0,0,0,0,0,0,0,0,0,0,0,0,0,0,0,0,0,0,0,0,0,0,0,0,0,0,0,0,0,0,0,0,0,0,0,0,0,
Participant,7_3,11_50_3,14.5610,0,2,0,14.56095,0.0000,0.0000,0.0000,0.0000,0.0000,0.0000,3.318779,3.333316,3.326048,-0.1761138,,,,,0,0,0,0,0,0,0,0,0,0,0,0,0,0,0,0,0,0,0,0,0,0,0,0,0,0,0,0,0,0,0,0,0,0,0,0,0,0,0,0,0,0,0,0,0,0,0,0,0,0,0,
Participant,7_3,11_50_3,14.5650,0,2,0,14.56503,0.0000,0.0000,0.0000,0.0000,0.0000,0.0000,3.332686,3.295595,3.31414,-0.1880212,,,,,0,0,0,0,0,0,0,0,0,0,0,0,0,0,0,0,0,0,0,0,0,0,0,0,0,0,0,0,0,0,0,0,0,0,0,0,0,0,0,0,0,0,0,0,0,0,0,0,0,0,0,
Participant,7_3,11_50_3,14.5685,0,2,0,14.56853,0.0000,0.0000,0.0000,0.0000,0.0000,0.0000,3.327569,3.328288,3.327928,-0.1742334,,,,,0,0,0,0,0,0,0,0,0,0,0,0,0,0,0,0,0,0,0,0,0,0,0,0,0,0,0,0,0,0,0,0,0,0,0,0,0,0,0,0,0,0,0,0,0,0,0,0,0,0,0,
Participant,7_3,11_50_3,14.5718,0,2,0,14.57184,0.0000,0.0000,0.0000,0.0000,0.0000,0.0000,3.284154,3.319651,3.301903,-0.200259,,,,,0,0,0,0,0,0,0,0,0,0,0,0,0,0,0,0,0,0,0,0,0,0,0,0,0,0,0,0,0,0,0,0,0,0,0,0,0,0,0,0,0,0,0,0,0,0,0,0,0,0,0,
Participant,7_3,11_50_3,14.5754,0,2,0,14.57541,0.0000,0.0000,0.0000,0.0000,0.0000,0.0000,3.325996,3.306457,3.316226,-0.185935,,,,,0,0,0,0,0,0,0,0,0,0,0,0,0,0,0,0,0,0,0,0,0,0,0,0,0,0,0,0,0,0,0,0,0,0,0,0,0,0,0,0,0,0,0,0,0,0,0,0,0,0,0,
Participant,7_3,11_50_3,14.5788,0,2,0,14.57879,0.0000,0.0000,0.0000,0.0000,0.0000,0.0000,3.291486,3.287077,3.289282,-0.2128797,,,,,0,0,0,0,0,0,0,0,0,0,0,0,0,0,0,0,0,0,0,0,0,0,0,0,0,0,0,0,0,0,0,0,0,0,0,0,0,0,0,0,0,0,0,0,0,0,0,0,0,0,0,
Participant,7_3,11_50_3,14.5830,0,2,0,14.58297,0.0000,0.0000,0.0000,0.0000,0.0000,0.0000,3.29377,3.293008,3.293389,-0.2087727,,,,,0,0,0,0,0,0,0,0,0,0,0,0,0,0,0,0,0,0,0,0,0,0,0,0,0,0,0,0,0,0,0,0,0,0,0,0,0,0,0,0,0,0,0,0,0,0,0,0,0,0,0,
Participant,7_3,11_50_3,14.5868,0,2,0,14.58684,0.0000,0.0000,0.0000,0.0000,0.0000,0.0000,3.314682,3.302612,3.308647,-0.1935143,,,,,0,0,0,0,0,0,0,0,0,0,0,0,0,0,0,0,0,0,0,0,0,0,0,0,0,0,0,0,0,0,0,0,0,0,0,0,0,0,0,0,0,0,0,0,0,0,0,0,0,0,0,
Participant,7_3,11_50_3,14.5901,0,2,0,14.59014,0.0000,0.0000,0.0000,0.0000,0.0000,0.0000,3.314455,3.313417,3.313936,-0.1882255,,,,,0,0,0,0,0,0,0,0,0,0,0,0,0,0,0,0,0,0,0,0,0,0,0,0,0,0,0,0,0,0,0,0,0,0,0,0,0,0,0,0,0,0,0,0,0,0,0,0,0,0,0,
Participant,7_3,11_50_3,14.5936,0,2,0,14.59357,0.0000,0.0000,0.0000,0.0000,0.0000,0.0000,3.324227,3.330675,3.327451,-0.1747105,,,,,0,0,0,0,0,0,0,0,0,0,0,0,0,0,0,0,0,0,0,0,0,0,0,0,0,0,0,0,0,0,0,0,0,0,0,0,0,0,0,0,0,0,0,0,0,0,0,0,0,0,0,
Participant,7_3,11_50_3,14.5976,0,2,0,14.59761,0.0000,0.0000,0.0000,0.0000,0.0000,0.0000,3.301655,3.287224,3.294439,-0.2077222,,,,,0,0,0,0,0,0,0,0,0,0,0,0,0,0,0,0,0,0,0,0,0,0,0,0,0,0,0,0,0,0,0,0,0,0,0,0,0,0,0,0,0,0,0,0,0,0,0,0,0,0,0,
Participant,7_3,11_50_3,14.6014,0,2,0,14.6014,0.0000,0.0000,0.0000,0.0000,0.0000,0.0000,3.325378,3.286177,3.305778,-0.1963837,,,,,0,0,0,0,0,0,0,0,0,0,0,0,0,0,0,0,0,0,0,0,0,0,0,0,0,0,0,0,0,0,0,0,0,0,0,0,0,0,0,0,0,0,0,0,0,0,0,0,0,0,0,
Participant,7_3,11_50_3,14.6054,0,2,0,14.60538,0.0000,0.0000,0.0000,0.0000,0.0000,0.0000,3.307594,3.307763,3.307678,-0.1944833,,,,,0,0,0,0,0,0,0,0,0,0,0,0,0,0,0,0,0,0,0,0,0,0,0,0,0,0,0,0,0,0,0,0,0,0,0,0,0,0,0,0,0,0,0,0,0,0,0,0,0,0,0,
Participant,7_3,11_50_3,14.6087,0,2,0,14.60873,0.0000,0.0000,0.0000,0.0000,0.0000,0.0000,3.325097,3.281395,3.303246,-0.1989152,,,,,0,0,0,0,0,0,0,0,0,0,0,0,0,0,0,0,0,0,0,0,0,0,0,0,0,0,0,0,0,0,0,0,0,0,0,0,0,0,0,0,0,0,0,0,0,0,0,0,0,0,0,
Participant,7_3,11_50_3,14.6125,0,2,0,14.6125,0.0000,0.0000,0.0000,0.0000,0.0000,0.0000,3.290222,3.286046,3.288134,-0.2140274,,,,,0,0,0,0,0,0,0,0,0,0,0,0,0,0,0,0,0,0,0,0,0,0,0,0,0,0,0,0,0,0,0,0,0,0,0,0,0,0,0,0,0,0,0,0,0,0,0,0,0,0,0,
Participant,7_3,11_50_3,14.6160,0,2,0,14.61604,0.0000,0.0000,0.0000,0.0000,0.0000,0.0000,3.301104,3.310071,3.305587,-0.1965742,,,,,0,0,0,0,0,0,0,0,0,0,0,0,0,0,0,0,0,0,0,0,0,0,0,0,0,0,0,0,0,0,0,0,0,0,0,0,0,0,0,0,0,0,0,0,0,0,0,0,0,0,0,
Participant,7_3,11_50_3,14.6198,0,2,0,14.61977,0.0000,0.0000,0.0000,0.0000,0.0000,0.0000,3.286719,3.283311,3.285015,-0.2171464,,,,,0,0,0,0,0,0,0,0,0,0,0,0,0,0,0,0,0,0,0,0,0,0,0,0,0,0,0,0,0,0,0,0,0,0,0,0,0,0,0,0,0,0,0,0,0,0,0,0,0,0,0,
Participant,7_3,11_50_3,14.6236,0,2,0,14.62356,0.0000,0.0000,0.0000,0.0000,0.0000,0.0000,3.305279,3.269366,3.287322,-0.2148392,,,,,0,0,0,0,0,0,0,0,0,0,0,0,0,0,0,0,0,0,0,0,0,0,0,0,0,0,0,0,0,0,0,0,0,0,0,0,0,0,0,0,0,0,0,0,0,0,0,0,0,0,0,
Participant,7_3,11_50_3,14.6276,0,2,0,14.62756,0.0000,0.0000,0.0000,0.0000,0.0000,0.0000,3.291633,3.264924,3.278278,-0.2238832,,,,,0,0,0,0,0,0,0,0,0,0,0,0,0,0,0,0,0,0,0,0,0,0,0,0,0,0,0,0,0,0,0,0,0,0,0,0,0,0,0,0,0,0,0,0,0,0,0,0,0,0,0,
Participant,7_3,11_50_3,14.6314,0,2,0,14.63137,0.0000,0.0000,0.0000,0.0000,0.0000,0.0000,3.265545,3.287902,3.276724,-0.2254379,,,,,0,0,0,0,0,0,0,0,0,0,0,0,0,0,0,0,0,0,0,0,0,0,0,0,0,0,0,0,0,0,0,0,0,0,0,0,0,0,0,0,0,0,0,0,0,0,0,0,0,0,0,
Participant,7_3,11_50_3,14.6351,0,2,0,14.63506,0.0000,0.0000,0.0000,0.0000,0.0000,0.0000,3.313581,3.26662,3.290101,-0.2120609,,,,,0,0,0,0,0,0,0,0,0,0,0,0,0,0,0,0,0,0,0,0,0,0,0,0,0,0,0,0,0,0,0,0,0,0,0,0,0,0,0,0,0,0,0,0,0,0,0,0,0,0,0,
Participant,7_3,11_50_3,14.6383,0,2,0,14.63833,0.0000,0.0000,0.0000,0.0000,0.0000,0.0000,3.26815,3.312296,3.290223,-0.2119384,,,,,0,0,0,0,0,0,0,0,0,0,0,0,0,0,0,0,0,0,0,0,0,0,0,0,0,0,0,0,0,0,0,0,0,0,0,0,0,0,0,0,0,0,0,0,0,0,0,0,0,0,0,
Participant,7_3,11_50_3,14.6420,0,2,0,14.64198,0.0000,0.0000,0.0000,0.0000,0.0000,0.0000,3.28247,3.291073,3.286772,-0.2153897,,,,,0,0,0,0,0,0,0,0,0,0,0,0,0,0,0,0,0,0,0,0,0,0,0,0,0,0,0,0,0,0,0,0,0,0,0,0,0,0,0,0,0,0,0,0,0,0,0,0,0,0,0,
Participant,7_3,11_50_3,14.6460,0,2,0,14.64595,0.0000,0.0000,0.0000,0.0000,0.0000,0.0000,3.314007,3.311803,3.312905,-0.1892567,,,,,0,0,0,0,0,0,0,0,0,0,0,0,0,0,0,0,0,0,0,0,0,0,0,0,0,0,0,0,0,0,0,0,0,0,0,0,0,0,0,0,0,0,0,0,0,0,0,0,0,0,0,
Participant,7_3,11_50_3,14.6506,0,2,0,14.65056,0.0000,0.0000,0.0000,0.0000,0.0000,0.0000,3.264235,3.287574,3.275904,-0.2262573,,,,,0,0,0,0,0,0,0,0,0,0,0,0,0,0,0,0,0,0,0,0,0,0,0,0,0,0,0,0,0,0,0,0,0,0,0,0,0,0,0,0,0,0,0,0,0,0,0,0,0,0,0,
Participant,7_3,11_50_3,14.6544,0,2,0,14.65437,0.0000,0.0000,0.0000,0.0000,0.0000,0.0000,3.260583,3.296102,3.278342,-0.2238193,,,,,0,0,0,0,0,0,0,0,0,0,0,0,0,0,0,0,0,0,0,0,0,0,0,0,0,0,0,0,0,0,0,0,0,0,0,0,0,0,0,0,0,0,0,0,0,0,0,0,0,0,0,
Participant,7_3,11_50_3,14.6582,0,2,0,14.65819,0.0000,0.0000,0.0000,0.0000,0.0000,0.0000,3.263546,3.308762,3.286154,-0.2160077,,,,,0,0,0,0,0,0,0,0,0,0,0,0,0,0,0,0,0,0,0,0,0,0,0,0,0,0,0,0,0,0,0,0,0,0,0,0,0,0,0,0,0,0,0,0,0,0,0,0,0,0,0,
Participant,7_3,11_50_3,14.6618,0,2,0,14.66181,0.0000,0.0000,0.0000,0.0000,0.0000,0.0000,3.299183,3.284846,3.292015,-0.2101469,,,,,0,0,0,0,0,0,0,0,0,0,0,0,0,0,0,0,0,0,0,0,0,0,0,0,0,0,0,0,0,0,0,0,0,0,0,0,0,0,0,0,0,0,0,0,0,0,0,0,0,0,0,
Participant,7_3,11_50_3,14.6657,0,2,0,14.66572,0.0000,0.0000,0.0000,0.0000,0.0000,0.0000,3.305137,3.31131,3.308223,-0.1939383,,,,,0,0,0,0,0,0,0,0,0,0,0,0,0,0,0,0,0,0,0,0,0,0,0,0,0,0,0,0,0,0,0,0,0,0,0,0,0,0,0,0,0,0,0,0,0,0,0,0,0,0,0,
Participant,7_3,11_50_3,14.6698,0,2,0,14.66983,0.0000,0.0000,0.0000,0.0000,0.0000,0.0000,3.274899,3.255488,3.265193,-0.236968,,,,,0,0,0,0,0,0,0,0,0,0,0,0,0,0,0,0,0,0,0,0,0,0,0,0,0,0,0,0,0,0,0,0,0,0,0,0,0,0,0,0,0,0,0,0,0,0,0,0,0,0,0,
Participant,7_3,11_50_3,14.6733,0,2,0,14.67334,0.0000,0.0000,0.0000,0.0000,0.0000,0.0000,3.296897,3.281944,3.28942,-0.2127414,,,,,0,0,0,0,0,0,0,0,0,0,0,0,0,0,0,0,0,0,0,0,0,0,0,0,0,0,0,0,0,0,0,0,0,0,0,0,0,0,0,0,0,0,0,0,0,0,0,0,0,0,0,
Participant,7_3,11_50_3,14.6769,0,2,0,14.67692,0.0000,0.0000,0.0000,0.0000,0.0000,0.0000,3.272766,3.261405,3.267085,-0.2350762,,,,,0,0,0,0,0,0,0,0,0,0,0,0,0,0,0,0,0,0,0,0,0,0,0,0,0,0,0,0,0,0,0,0,0,0,0,0,0,0,0,0,0,0,0,0,0,0,0,0,0,0,0,
Participant,7_3,11_50_3,14.6805,0,2,0,14.68048,0.0000,0.0000,0.0000,0.0000,0.0000,0.0000,3.298372,3.305858,3.302115,-0.2000465,,,,,0,0,0,0,0,0,0,0,0,0,0,0,0,0,0,0,0,0,0,0,0,0,0,0,0,0,0,0,0,0,0,0,0,0,0,0,0,0,0,0,0,0,0,0,0,0,0,0,0,0,0,
Participant,7_3,11_50_3,14.6843,0,2,0,14.68432,0.0000,0.0000,0.0000,0.0000,0.0000,0.0000,3.305278,3.279073,3.292175,-0.2099862,,,,,0,0,0,0,0,0,0,0,0,0,0,0,0,0,0,0,0,0,0,0,0,0,0,0,0,0,0,0,0,0,0,0,0,0,0,0,0,0,0,0,0,0,0,0,0,0,0,0,0,0,0,
Participant,7_3,11_50_3,14.6879,0,2,0,14.68794,0.0000,0.0000,0.0000,0.0000,0.0000,0.0000,3.249341,3.279839,3.26459,-0.237572,,,,,0,0,0,0,0,0,0,0,0,0,0,0,0,0,0,0,0,0,0,0,0,0,0,0,0,0,0,0,0,0,0,0,0,0,0,0,0,0,0,0,0,0,0,0,0,0,0,0,0,0,0,
Participant,7_3,11_50_3,14.6918,0,2,0,14.69181,0.0000,0.0000,0.0000,0.0000,0.0000,0.0000,3.249187,3.291102,3.270144,-0.232017,,,,,0,0,0,0,0,0,0,0,0,0,0,0,0,0,0,0,0,0,0,0,0,0,0,0,0,0,0,0,0,0,0,0,0,0,0,0,0,0,0,0,0,0,0,0,0,0,0,0,0,0,0,
Participant,7_3,11_50_3,14.6951,0,2,0,14.69505,0.0000,0.0000,0.0000,0.0000,0.0000,0.0000,3.253031,3.287567,3.270299,-0.2318625,,,,,0,0,0,0,0,0,0,0,0,0,0,0,0,0,0,0,0,0,0,0,0,0,0,0,0,0,0,0,0,0,0,0,0,0,0,0,0,0,0,0,0,0,0,0,0,0,0,0,0,0,0,
Participant,7_3,11_50_3,14.6985,0,2,0,14.69846,0.0000,0.0000,0.0000,0.0000,0.0000,0.0000,3.303228,3.257081,3.280154,-0.222007,,,,,0,0,0,0,0,0,0,0,0,0,0,0,0,0,0,0,0,0,0,0,0,0,0,0,0,0,0,0,0,0,0,0,0,0,0,0,0,0,0,0,0,0,0,0,0,0,0,0,0,0,0,
Participant,7_3,11_50_3,14.7022,0,2,0,14.70219,0.0000,0.0000,0.0000,0.0000,0.0000,0.0000,3.248471,3.249435,3.248953,-0.2532082,,,,,0,0,0,0,0,0,0,0,0,0,0,0,0,0,0,0,0,0,0,0,0,0,0,0,0,0,0,0,0,0,0,0,0,0,0,0,0,0,0,0,0,0,0,0,0,0,0,0,0,0,0,
Participant,7_3,11_50_3,14.7059,0,2,0,14.70585,0.0000,0.0000,0.0000,0.0000,0.0000,0.0000,3.2899,3.29389,3.291895,-0.2102666,,,,,0,0,0,0,0,0,0,0,0,0,0,0,0,0,0,0,0,0,0,0,0,0,0,0,0,0,0,0,0,0,0,0,0,0,0,0,0,0,0,0,0,0,0,0,0,0,0,0,0,0,0,
Participant,7_3,11_50_3,14.7094,0,2,0,14.7094,0.0000,0.0000,0.0000,0.0000,0.0000,0.0000,3.266553,3.253615,3.260084,-0.2420774,,,,,0,0,0,0,0,0,0,0,0,0,0,0,0,0,0,0,0,0,0,0,0,0,0,0,0,0,0,0,0,0,0,0,0,0,0,0,0,0,0,0,0,0,0,0,0,0,0,0,0,0,0,
Participant,7_3,11_50_3,14.7132,0,2,0,14.71315,0.0000,0.0000,0.0000,0.0000,0.0000,0.0000,3.242337,3.296289,3.269313,-0.2328482,,,,,0,0,0,0,0,0,0,0,0,0,0,0,0,0,0,0,0,0,0,0,0,0,0,0,0,0,0,0,0,0,0,0,0,0,0,0,0,0,0,0,0,0,0,0,0,0,0,0,0,0,0,
Participant,7_3,11_50_3,14.7165,0,2,0,14.71646,0.0000,0.0000,0.0000,0.0000,0.0000,0.0000,3.276699,3.250569,3.263634,-0.2385275,,,,,0,0,0,0,0,0,0,0,0,0,0,0,0,0,0,0,0,0,0,0,0,0,0,0,0,0,0,0,0,0,0,0,0,0,0,0,0,0,0,0,0,0,0,0,0,0,0,0,0,0,0,
Participant,7_3,11_50_3,14.7197,0,2,0,14.71965,0.0000,0.0000,0.0000,0.0000,0.0000,0.0000,3.280017,3.240645,3.260331,-0.2418303,,,,,0,0,0,0,0,0,0,0,0,0,0,0,0,0,0,0,0,0,0,0,0,0,0,0,0,0,0,0,0,0,0,0,0,0,0,0,0,0,0,0,0,0,0,0,0,0,0,0,0,0,0,
Participant,7_3,11_50_3,14.7242,0,2,0,14.72415,0.0000,0.0000,0.0000,0.0000,0.0000,0.0000,3.274513,3.247924,3.261219,-0.240943,,,,,0,0,0,0,0,0,0,0,0,0,0,0,0,0,0,0,0,0,0,0,0,0,0,0,0,0,0,0,0,0,0,0,0,0,0,0,0,0,0,0,0,0,0,0,0,0,0,0,0,0,0,
Participant,7_3,11_50_3,14.7459,0,2,0,14.74585,0.0000,0.0000,0.0000,0.0000,0.0000,0.0000,3.276593,3.237651,3.257122,-0.2450399,,,,,0,0,0,0,0,0,0,0,0,0,0,0,0,0,0,0,0,0,0,0,0,0,0,0,0,0,0,0,0,0,0,0,0,0,0,0,0,0,0,0,0,0,0,0,0,0,0,0,0,0,0,
Participant,7_3,11_50_3,14.7494,0,2,0,14.74942,0.0000,0.0000,0.0000,0.0000,0.0000,0.0000,3.241836,3.273327,3.257581,-0.2445803,,,,,0,0,0,0,0,0,0,0,0,0,0,0,0,0,0,0,0,0,0,0,0,0,0,0,0,0,0,0,0,0,0,0,0,0,0,0,0,0,0,0,0,0,0,0,0,0,0,0,0,0,0,
Participant,7_3,11_50_3,14.7526,0,2,0,14.75264,0.0000,0.0000,0.0000,0.0000,0.0000,0.0000,3.284248,3.252199,3.268223,-0.2339382,,,,,0,0,0,0,0,0,0,0,0,0,0,0,0,0,0,0,0,0,0,0,0,0,0,0,0,0,0,0,0,0,0,0,0,0,0,0,0,0,0,0,0,0,0,0,0,0,0,0,0,0,0,
Participant,7_3,11_50_3,14.7560,0,2,0,14.756,0.0000,0.0000,0.0000,0.0000,0.0000,0.0000,3.277964,3.280764,3.279364,-0.2227979,,,,,0,0,0,0,0,0,0,0,0,0,0,0,0,0,0,0,0,0,0,0,0,0,0,0,0,0,0,0,0,0,0,0,0,0,0,0,0,0,0,0,0,0,0,0,0,0,0,0,0,0,0,
Participant,7_3,11_50_3,14.7595,0,2,0,14.75948,0.0000,0.0000,0.0000,0.0000,0.0000,0.0000,3.263624,3.290739,3.277182,-0.2249799,,,,,0,0,0,0,0,0,0,0,0,0,0,0,0,0,0,0,0,0,0,0,0,0,0,0,0,0,0,0,0,0,0,0,0,0,0,0,0,0,0,0,0,0,0,0,0,0,0,0,0,0,0,
Participant,7_3,11_50_3,14.7629,0,2,0,14.7629,0.0000,0.0000,0.0000,0.0000,0.0000,0.0000,3.276054,3.280832,3.278443,-0.2237184,,,,,0,0,0,0,0,0,0,0,0,0,0,0,0,0,0,0,0,0,0,0,0,0,0,0,0,0,0,0,0,0,0,0,0,0,0,0,0,0,0,0,0,0,0,0,0,0,0,0,0,0,0,
Participant,7_3,11_50_3,14.7664,0,2,0,14.76644,0.0000,0.0000,0.0000,0.0000,0.0000,0.0000,3.233121,3.271403,3.252262,-0.2498999,,,,,0,0,0,0,0,0,0,0,0,0,0,0,0,0,0,0,0,0,0,0,0,0,0,0,0,0,0,0,0,0,0,0,0,0,0,0,0,0,0,0,0,0,0,0,0,0,0,0,0,0,0,
Participant,7_3,11_50_3,14.7698,0,2,0,14.76979,0.0000,0.0000,0.0000,0.0000,0.0000,0.0000,3.286871,3.279194,3.283032,-0.2191291,,,,,0,0,0,0,0,0,0,0,0,0,0,0,0,0,0,0,0,0,0,0,0,0,0,0,0,0,0,0,0,0,0,0,0,0,0,0,0,0,0,0,0,0,0,0,0,0,0,0,0,0,0,
Participant,7_3,11_50_3,14.7732,0,2,0,14.77318,0.0000,0.0000,0.0000,0.0000,0.0000,0.0000,3.246063,3.251456,3.24876,-0.253402,,,,,0,0,0,0,0,0,0,0,0,0,0,0,0,0,0,0,0,0,0,0,0,0,0,0,0,0,0,0,0,0,0,0,0,0,0,0,0,0,0,0,0,0,0,0,0,0,0,0,0,0,0,
Participant,7_3,11_50_3,14.7767,0,2,0,14.77667,0.0000,0.0000,0.0000,0.0000,0.0000,0.0000,3.275293,3.28396,3.279627,-0.2225349,,,,,0,0,0,0,0,0,0,0,0,0,0,0,0,0,0,0,0,0,0,0,0,0,0,0,0,0,0,0,0,0,0,0,0,0,0,0,0,0,0,0,0,0,0,0,0,0,0,0,0,0,0,
Participant,7_3,11_50_3,14.7801,0,2,0,14.78014,0.0000,0.0000,0.0000,0.0000,0.0000,0.0000,3.260166,3.27808,3.269123,-0.2330389,,,,,0,0,0,0,0,0,0,0,0,0,0,0,0,0,0,0,0,0,0,0,0,0,0,0,0,0,0,0,0,0,0,0,0,0,0,0,0,0,0,0,0,0,0,0,0,0,0,0,0,0,0,
Participant,7_3,11_50_3,14.7839,0,2,0,14.78386,0.0000,0.0000,0.0000,0.0000,0.0000,0.0000,3.258409,3.232603,3.245506,-0.2566555,,,,,0,0,0,0,0,0,0,0,0,0,0,0,0,0,0,0,0,0,0,0,0,0,0,0,0,0,0,0,0,0,0,0,0,0,0,0,0,0,0,0,0,0,0,0,0,0,0,0,0,0,0,
Participant,7_3,11_50_3,14.7874,0,2,0,14.78736,0.0000,0.0000,0.0000,0.0000,0.0000,0.0000,3.266323,3.241955,3.254139,-0.2480226,,,,,0,0,0,0,0,0,0,0,0,0,0,0,0,0,0,0,0,0,0,0,0,0,0,0,0,0,0,0,0,0,0,0,0,0,0,0,0,0,0,0,0,0,0,0,0,0,0,0,0,0,0,
Participant,7_3,11_50_3,14.7909,0,2,0,14.79094,0.0000,0.0000,0.0000,0.0000,0.0000,0.0000,3.253197,3.238583,3.24589,-0.2562716,,,,,0,0,0,0,0,0,0,0,0,0,0,0,0,0,0,0,0,0,0,0,0,0,0,0,0,0,0,0,0,0,0,0,0,0,0,0,0,0,0,0,0,0,0,0,0,0,0,0,0,0,0,
Participant,7_3,11_50_3,14.7943,0,2,0,14.79427,0.0000,0.0000,0.0000,0.0000,0.0000,0.0000,3.272886,3.258121,3.265503,-0.2366583,,,,,0,0,0,0,0,0,0,0,0,0,0,0,0,0,0,0,0,0,0,0,0,0,0,0,0,0,0,0,0,0,0,0,0,0,0,0,0,0,0,0,0,0,0,0,0,0,0,0,0,0,0,
Participant,7_3,11_50_3,14.7979,0,2,0,14.79787,0.0000,0.0000,0.0000,0.0000,0.0000,0.0000,3.260836,3.281041,3.270938,-0.2312231,,,,,0,0,0,0,0,0,0,0,0,0,0,0,0,0,0,0,0,0,0,0,0,0,0,0,0,0,0,0,0,0,0,0,0,0,0,0,0,0,0,0,0,0,0,0,0,0,0,0,0,0,0,
Participant,7_3,11_50_3,14.8011,0,2,0,14.80114,0.0000,0.0000,0.0000,0.0000,0.0000,0.0000,3.241406,3.261378,3.251392,-0.2507696,,,,,0,0,0,0,0,0,0,0,0,0,0,0,0,0,0,0,0,0,0,0,0,0,0,0,0,0,0,0,0,0,0,0,0,0,0,0,0,0,0,0,0,0,0,0,0,0,0,0,0,0,0,
Participant,7_3,11_50_3,14.8048,0,2,0,14.80476,0.0000,0.0000,0.0000,0.0000,0.0000,0.0000,3.281865,3.273168,3.277516,-0.2246451,,,,,0,0,0,0,0,0,0,0,0,0,0,0,0,0,0,0,0,0,0,0,0,0,0,0,0,0,0,0,0,0,0,0,0,0,0,0,0,0,0,0,0,0,0,0,0,0,0,0,0,0,0,
Participant,7_3,11_50_3,14.8082,0,2,0,14.80822,0.0000,0.0000,0.0000,0.0000,0.0000,0.0000,3.278442,3.275149,3.276795,-0.2253661,,,,,0,0,0,0,0,0,0,0,0,0,0,0,0,0,0,0,0,0,0,0,0,0,0,0,0,0,0,0,0,0,0,0,0,0,0,0,0,0,0,0,0,0,0,0,0,0,0,0,0,0,0,
Participant,7_3,11_50_3,14.8117,0,2,0,14.81171,0.0000,0.0000,0.0000,0.0000,0.0000,0.0000,3.243822,3.238154,3.240988,-0.2611732,,,,,0,0,0,0,0,0,0,0,0,0,0,0,0,0,0,0,0,0,0,0,0,0,0,0,0,0,0,0,0,0,0,0,0,0,0,0,0,0,0,0,0,0,0,0,0,0,0,0,0,0,0,
Participant,7_3,11_50_3,14.8154,0,2,0,14.81542,0.0000,0.0000,0.0000,0.0000,0.0000,0.0000,3.233699,3.23452,3.234109,-0.2680521,,,,,0,0,0,0,0,0,0,0,0,0,0,0,0,0,0,0,0,0,0,0,0,0,0,0,0,0,0,0,0,0,0,0,0,0,0,0,0,0,0,0,0,0,0,0,0,0,0,0,0,0,0,
Participant,7_3,11_50_3,14.8187,0,2,0,14.81871,0.0000,0.0000,0.0000,0.0000,0.0000,0.0000,3.226337,3.264011,3.245174,-0.2569871,,,,,0,0,0,0,0,0,0,0,0,0,0,0,0,0,0,0,0,0,0,0,0,0,0,0,0,0,0,0,0,0,0,0,0,0,0,0,0,0,0,0,0,0,0,0,0,0,0,0,0,0,0,
Participant,7_3,11_50_3,14.8220,0,2,0,14.82196,0.0000,0.0000,0.0000,0.0000,0.0000,0.0000,3.247115,3.225935,3.236525,-0.2656367,,,,,0,0,0,0,0,0,0,0,0,0,0,0,0,0,0,0,0,0,0,0,0,0,0,0,0,0,0,0,0,0,0,0,0,0,0,0,0,0,0,0,0,0,0,0,0,0,0,0,0,0,0,
Participant,7_3,11_50_3,14.8257,0,2,0,14.82571,0.0000,0.0000,0.0000,0.0000,0.0000,0.0000,3.271812,3.272716,3.272264,-0.2298975,,,,,0,0,0,0,0,0,0,0,0,0,0,0,0,0,0,0,0,0,0,0,0,0,0,0,0,0,0,0,0,0,0,0,0,0,0,0,0,0,0,0,0,0,0,0,0,0,0,0,0,0,0,
Participant,7_3,11_50_3,14.8291,0,2,0,14.82907,0.0000,0.0000,0.0000,0.0000,0.0000,0.0000,3.274402,3.240227,3.257314,-0.2448473,,,,,0,0,0,0,0,0,0,0,0,0,0,0,0,0,0,0,0,0,0,0,0,0,0,0,0,0,0,0,0,0,0,0,0,0,0,0,0,0,0,0,0,0,0,0,0,0,0,0,0,0,0,
Participant,7_3,11_50_3,14.8323,0,2,0,14.83231,0.0000,0.0000,0.0000,0.0000,0.0000,0.0000,3.278105,3.236815,3.25746,-0.2447014,,,,,0,0,0,0,0,0,0,0,0,0,0,0,0,0,0,0,0,0,0,0,0,0,0,0,0,0,0,0,0,0,0,0,0,0,0,0,0,0,0,0,0,0,0,0,0,0,0,0,0,0,0,
Participant,7_3,11_50_3,14.8358,0,2,0,14.83575,0.0000,0.0000,0.0000,0.0000,0.0000,0.0000,3.270662,3.249716,3.260189,-0.2419727,,,,,0,0,0,0,0,0,0,0,0,0,0,0,0,0,0,0,0,0,0,0,0,0,0,0,0,0,0,0,0,0,0,0,0,0,0,0,0,0,0,0,0,0,0,0,0,0,0,0,0,0,0,
Participant,7_3,11_50_3,14.8392,0,2,0,14.83918,0.0000,0.0000,0.0000,0.0000,0.0000,0.0000,3.271847,3.225166,3.248507,-0.253655,,,,,0,0,0,0,0,0,0,0,0,0,0,0,0,0,0,0,0,0,0,0,0,0,0,0,0,0,0,0,0,0,0,0,0,0,0,0,0,0,0,0,0,0,0,0,0,0,0,0,0,0,0,
Participant,7_3,11_50_3,14.8424,0,2,0,14.84243,0.0000,0.0000,0.0000,0.0000,0.0000,0.0000,3.251033,3.275217,3.263125,-0.2390366,,,,,0,0,0,0,0,0,0,0,0,0,0,0,0,0,0,0,0,0,0,0,0,0,0,0,0,0,0,0,0,0,0,0,0,0,0,0,0,0,0,0,0,0,0,0,0,0,0,0,0,0,0,
Participant,7_3,11_50_3,14.8460,0,2,0,14.84603,0.0000,0.0000,0.0000,0.0000,0.0000,0.0000,3.258374,3.241057,3.249715,-0.2524462,,,,,0,0,0,0,0,0,0,0,0,0,0,0,0,0,0,0,0,0,0,0,0,0,0,0,0,0,0,0,0,0,0,0,0,0,0,0,0,0,0,0,0,0,0,0,0,0,0,0,0,0,0,
Participant,7_3,11_50_3,14.8495,0,2,0,14.84952,0.0000,0.0000,0.0000,0.0000,0.0000,0.0000,3.234662,3.236864,3.235763,-0.2663984,,,,,0,0,0,0,0,0,0,0,0,0,0,0,0,0,0,0,0,0,0,0,0,0,0,0,0,0,0,0,0,0,0,0,0,0,0,0,0,0,0,0,0,0,0,0,0,0,0,0,0,0,0,
Participant,7_3,11_50_3,14.8529,0,2,0,14.85292,0.0000,0.0000,0.0000,0.0000,0.0000,0.0000,3.262266,3.277207,3.269736,-0.2324252,,,,,0,0,0,0,0,0,0,0,0,0,0,0,0,0,0,0,0,0,0,0,0,0,0,0,0,0,0,0,0,0,0,0,0,0,0,0,0,0,0,0,0,0,0,0,0,0,0,0,0,0,0,
Participant,7_3,11_50_3,14.8566,0,2,0,14.85662,0.0000,0.0000,0.0000,0.0000,0.0000,0.0000,3.265486,3.231316,3.248401,-0.2537603,,,,,0,0,0,0,0,0,0,0,0,0,0,0,0,0,0,0,0,0,0,0,0,0,0,0,0,0,0,0,0,0,0,0,0,0,0,0,0,0,0,0,0,0,0,0,0,0,0,0,0,0,0,
Participant,7_3,11_50_3,14.8600,0,2,0,14.85998,0.0000,0.0000,0.0000,0.0000,0.0000,0.0000,3.2298,3.252565,3.241182,-0.2609792,,,,,0,0,0,0,0,0,0,0,0,0,0,0,0,0,0,0,0,0,0,0,0,0,0,0,0,0,0,0,0,0,0,0,0,0,0,0,0,0,0,0,0,0,0,0,0,0,0,0,0,0,0,
Participant,7_3,11_50_3,14.8633,0,2,0,14.8633,0.0000,0.0000,0.0000,0.0000,0.0000,0.0000,3.246204,3.25989,3.253047,-0.2491145,,,,,0,0,0,0,0,0,0,0,0,0,0,0,0,0,0,0,0,0,0,0,0,0,0,0,0,0,0,0,0,0,0,0,0,0,0,0,0,0,0,0,0,0,0,0,0,0,0,0,0,0,0,
Participant,7_3,11_50_3,14.8670,0,2,0,14.86701,0.0000,0.0000,0.0000,0.0000,0.0000,0.0000,3.227359,3.2438,3.235579,-0.266582,,,,,0,0,0,0,0,0,0,0,0,0,0,0,0,0,0,0,0,0,0,0,0,0,0,0,0,0,0,0,0,0,0,0,0,0,0,0,0,0,0,0,0,0,0,0,0,0,0,0,0,0,0,
Participant,7_3,11_50_3,14.8703,0,2,0,14.87034,0.0000,0.0000,0.0000,0.0000,0.0000,0.0000,3.269475,3.233943,3.251709,-0.250453,,,,,0,0,0,0,0,0,0,0,0,0,0,0,0,0,0,0,0,0,0,0,0,0,0,0,0,0,0,0,0,0,0,0,0,0,0,0,0,0,0,0,0,0,0,0,0,0,0,0,0,0,0,
Participant,7_3,11_50_3,14.8737,0,2,0,14.87369,0.0000,0.0000,0.0000,0.0000,0.0000,0.0000,3.271996,3.245123,3.258559,-0.2436023,,,,,0,0,0,0,0,0,0,0,0,0,0,0,0,0,0,0,0,0,0,0,0,0,0,0,0,0,0,0,0,0,0,0,0,0,0,0,0,0,0,0,0,0,0,0,0,0,0,0,0,0,0,
Participant,7_3,11_50_3,14.8771,0,2,0,14.87708,0.0000,0.0000,0.0000,0.0000,0.0000,0.0000,3.229218,3.274981,3.2521,-0.250062,,,,,0,0,0,0,0,0,0,0,0,0,0,0,0,0,0,0,0,0,0,0,0,0,0,0,0,0,0,0,0,0,0,0,0,0,0,0,0,0,0,0,0,0,0,0,0,0,0,0,0,0,0,
Participant,7_3,11_50_3,14.8804,0,2,0,14.88044,0.0000,0.0000,0.0000,0.0000,0.0000,0.0000,3.25907,3.234007,3.246539,-0.2556229,,,,,0,0,0,0,0,0,0,0,0,0,0,0,0,0,0,0,0,0,0,0,0,0,0,0,0,0,0,0,0,0,0,0,0,0,0,0,0,0,0,0,0,0,0,0,0,0,0,0,0,0,0,
Participant,7_3,11_50_3,14.8845,0,2,0,14.8845,0.0000,0.0000,0.0000,0.0000,0.0000,0.0000,3.273745,3.247519,3.260632,-0.2415292,,,,,0,0,0,0,0,0,0,0,0,0,0,0,0,0,0,0,0,0,0,0,0,0,0,0,0,0,0,0,0,0,0,0,0,0,0,0,0,0,0,0,0,0,0,0,0,0,0,0,0,0,0,
Participant,7_3,11_50_3,14.8879,0,2,0,14.88785,0.0000,0.0000,0.0000,0.0000,0.0000,0.0000,3.229707,3.279894,3.2548,-0.2473612,,,,,0,0,0,0,0,0,0,0,0,0,0,0,0,0,0,0,0,0,0,0,0,0,0,0,0,0,0,0,0,0,0,0,0,0,0,0,0,0,0,0,0,0,0,0,0,0,0,0,0,0,0,
Participant,7_3,11_50_3,14.8912,0,2,0,14.8912,0.0000,0.0000,0.0000,0.0000,0.0000,0.0000,3.275117,3.259162,3.26714,-0.2350218,,,,,0,0,0,0,0,0,0,0,0,0,0,0,0,0,0,0,0,0,0,0,0,0,0,0,0,0,0,0,0,0,0,0,0,0,0,0,0,0,0,0,0,0,0,0,0,0,0,0,0,0,0,
Participant,7_3,11_50_3,14.8945,0,2,0,14.89454,0.0000,0.0000,0.0000,0.0000,0.0000,0.0000,3.273908,3.253721,3.263814,-0.2383471,,,,,0,0,0,0,0,0,0,0,0,0,0,0,0,0,0,0,0,0,0,0,0,0,0,0,0,0,0,0,0,0,0,0,0,0,0,0,0,0,0,0,0,0,0,0,0,0,0,0,0,0,0,
Participant,7_3,11_50_3,14.8979,0,2,0,14.89791,0.0000,0.0000,0.0000,0.0000,0.0000,0.0000,3.232913,3.247058,3.239985,-0.262176,,,,,0,0,0,0,0,0,0,0,0,0,0,0,0,0,0,0,0,0,0,0,0,0,0,0,0,0,0,0,0,0,0,0,0,0,0,0,0,0,0,0,0,0,0,0,0,0,0,0,0,0,0,
Participant,7_3,11_50_3,14.9014,0,2,0,14.90135,0.0000,0.0000,0.0000,0.0000,0.0000,0.0000,3.251836,3.231581,3.241709,-0.2604527,,,,,0,0,0,0,0,0,0,0,0,0,0,0,0,0,0,0,0,0,0,0,0,0,0,0,0,0,0,0,0,0,0,0,0,0,0,0,0,0,0,0,0,0,0,0,0,0,0,0,0,0,0,
Participant,7_3,11_50_3,14.9050,0,2,0,14.90496,0.0000,0.0000,0.0000,0.0000,0.0000,0.0000,3.279836,3.232757,3.256297,-0.2458649,,,,,0,0,0,0,0,0,0,0,0,0,0,0,0,0,0,0,0,0,0,0,0,0,0,0,0,0,0,0,0,0,0,0,0,0,0,0,0,0,0,0,0,0,0,0,0,0,0,0,0,0,0,
Participant,7_3,11_50_3,14.9083,0,2,0,14.90833,0.0000,0.0000,0.0000,0.0000,0.0000,0.0000,3.231313,3.222005,3.226659,-0.2755024,,,,,0,0,0,0,0,0,0,0,0,0,0,0,0,0,0,0,0,0,0,0,0,0,0,0,0,0,0,0,0,0,0,0,0,0,0,0,0,0,0,0,0,0,0,0,0,0,0,0,0,0,0,
Participant,7_3,11_50_3,14.9117,0,2,0,14.91167,0.0000,0.0000,0.0000,0.0000,0.0000,0.0000,3.261348,3.230418,3.245883,-0.256278,,,,,0,0,0,0,0,0,0,0,0,0,0,0,0,0,0,0,0,0,0,0,0,0,0,0,0,0,0,0,0,0,0,0,0,0,0,0,0,0,0,0,0,0,0,0,0,0,0,0,0,0,0,
Participant,7_3,11_50_3,14.9150,0,2,0,14.91502,0.0000,0.0000,0.0000,0.0000,0.0000,0.0000,3.246401,3.278121,3.262261,-0.2399006,,,,,0,0,0,0,0,0,0,0,0,0,0,0,0,0,0,0,0,0,0,0,0,0,0,0,0,0,0,0,0,0,0,0,0,0,0,0,0,0,0,0,0,0,0,0,0,0,0,0,0,0,0,
Participant,7_3,11_50_3,14.9186,0,2,0,14.91859,0.0000,0.0000,0.0000,0.0000,0.0000,0.0000,3.279432,3.266697,3.273065,-0.2290969,,,,,0,0,0,0,0,0,0,0,0,0,0,0,0,0,0,0,0,0,0,0,0,0,0,0,0,0,0,0,0,0,0,0,0,0,0,0,0,0,0,0,0,0,0,0,0,0,0,0,0,0,0,
Participant,7_3,11_50_3,14.9219,0,2,0,14.92193,0.0000,0.0000,0.0000,0.0000,0.0000,0.0000,3.234616,3.265088,3.249852,-0.2523098,,,,,0,0,0,0,0,0,0,0,0,0,0,0,0,0,0,0,0,0,0,0,0,0,0,0,0,0,0,0,0,0,0,0,0,0,0,0,0,0,0,0,0,0,0,0,0,0,0,0,0,0,0,
Participant,7_3,11_50_3,14.9259,0,2,0,14.92588,0.0000,0.0000,0.0000,0.0000,0.0000,0.0000,3.234533,3.238917,3.236725,-0.2654364,,,,,0,0,0,0,0,0,0,0,0,0,0,0,0,0,0,0,0,0,0,0,0,0,0,0,0,0,0,0,0,0,0,0,0,0,0,0,0,0,0,0,0,0,0,0,0,0,0,0,0,0,0,
Participant,7_3,11_50_4,14.9471,0,2,0,14.94709,0.0000,0.0000,0.0000,0.0000,0.0000,0.0000,3.272581,3.245253,3.258917,-0.2432446,,,,,0,0,0,0,0,0,0,0,0,0,0,0,0,0,0,0,0,0,0,0,0,0,0,0,0,0,0,0,0,0,0,0,0,0,0,0,0,0,0,0,0,0,0,0,0,0,0,0,0,0,0,
Participant,7_3,11_50_4,14.9515,0,2,0,14.95154,0.0000,0.0000,0.0000,0.0000,0.0000,0.0000,3.248986,3.223421,3.236204,-0.2659576,,,,,0,0,0,0,0,0,0,0,0,0,0,0,0,0,0,0,0,0,0,0,0,0,0,0,0,0,0,0,0,0,0,0,0,0,0,0,0,0,0,0,0,0,0,0,0,0,0,0,0,0,0,
Participant,7_3,11_50_4,14.9553,0,2,0,14.95529,0.0000,0.0000,0.0000,0.0000,0.0000,0.0000,3.22674,3.261695,3.244217,-0.2579441,,,,,0,0,0,0,0,0,0,0,0,0,0,0,0,0,0,0,0,0,0,0,0,0,0,0,0,0,0,0,0,0,0,0,0,0,0,0,0,0,0,0,0,0,0,0,0,0,0,0,0,0,0,
Participant,7_3,11_50_4,14.9590,0,2,0,14.95903,0.0000,0.0000,0.0000,0.0000,0.0000,0.0000,3.278792,3.262944,3.270868,-0.2312937,,,,,0,0,0,0,0,0,0,0,0,0,0,0,0,0,0,0,0,0,0,0,0,0,0,0,0,0,0,0,0,0,0,0,0,0,0,0,0,0,0,0,0,0,0,0,0,0,0,0,0,0,0,
Participant,7_3,11_50_4,14.9625,0,2,0,14.96248,0.0000,0.0000,0.0000,0.0000,0.0000,0.0000,3.239834,3.27509,3.257462,-0.2447,,,,,0,0,0,0,0,0,0,0,0,0,0,0,0,0,0,0,0,0,0,0,0,0,0,0,0,0,0,0,0,0,0,0,0,0,0,0,0,0,0,0,0,0,0,0,0,0,0,0,0,0,0,
Participant,7_3,11_50_4,14.9660,0,2,0,14.96596,0.0000,0.0000,0.0000,0.0000,0.0000,0.0000,3.250768,3.278641,3.264704,-0.2374573,,,,,0,0,0,0,0,0,0,0,0,0,0,0,0,0,0,0,0,0,0,0,0,0,0,0,0,0,0,0,0,0,0,0,0,0,0,0,0,0,0,0,0,0,0,0,0,0,0,0,0,0,0,
Participant,7_3,11_50_4,14.9695,0,2,0,14.96949,0.0000,0.0000,0.0000,0.0000,0.0000,0.0000,3.238275,3.276481,3.257378,-0.2447836,,,,,0,0,0,0,0,0,0,0,0,0,0,0,0,0,0,0,0,0,0,0,0,0,0,0,0,0,0,0,0,0,0,0,0,0,0,0,0,0,0,0,0,0,0,0,0,0,0,0,0,0,0,
Participant,7_3,11_50_4,14.9729,0,2,0,14.97289,0.0000,0.0000,0.0000,0.0000,0.0000,0.0000,3.23627,3.247037,3.241654,-0.2605076,,,,,0,0,0,0,0,0,0,0,0,0,0,0,0,0,0,0,0,0,0,0,0,0,0,0,0,0,0,0,0,0,0,0,0,0,0,0,0,0,0,0,0,0,0,0,0,0,0,0,0,0,0,
Participant,7_3,11_50_4,14.9765,0,2,0,14.97645,0.0000,0.0000,0.0000,0.0000,0.0000,0.0000,3.248894,3.280147,3.264521,-0.2376409,,,,,0,0,0,0,0,0,0,0,0,0,0,0,0,0,0,0,0,0,0,0,0,0,0,0,0,0,0,0,0,0,0,0,0,0,0,0,0,0,0,0,0,0,0,0,0,0,0,0,0,0,0,
Participant,7_3,11_50_4,14.9801,0,2,0,14.98013,0.0000,0.0000,0.0000,0.0000,0.0000,0.0000,3.224688,3.259046,3.241867,-0.2602944,,,,,0,0,0,0,0,0,0,0,0,0,0,0,0,0,0,0,0,0,0,0,0,0,0,0,0,0,0,0,0,0,0,0,0,0,0,0,0,0,0,0,0,0,0,0,0,0,0,0,0,0,0,
Participant,7_3,11_50_4,14.9843,0,2,0,14.98434,0.0000,0.0000,0.0000,0.0000,0.0000,0.0000,3.272883,3.226807,3.249845,-0.2523165,,,,,0,0,0,0,0,0,0,0,0,0,0,0,0,0,0,0,0,0,0,0,0,0,0,0,0,0,0,0,0,0,0,0,0,0,0,0,0,0,0,0,0,0,0,0,0,0,0,0,0,0,0,
Participant,7_3,11_50_4,14.9878,0,2,0,14.98783,0.0000,0.0000,0.0000,0.0000,0.0000,0.0000,3.225462,3.253395,3.239429,-0.262733,,,,,0,0,0,0,0,0,0,0,0,0,0,0,0,0,0,0,0,0,0,0,0,0,0,0,0,0,0,0,0,0,0,0,0,0,0,0,0,0,0,0,0,0,0,0,0,0,0,0,0,0,0,
Participant,7_3,11_50_4,14.9983,0,2,0,14.99832,0.0000,0.0000,0.0000,0.0000,0.0000,0.0000,3.268935,3.27288,3.270908,-0.2312536,,,,,0,0,0,0,0,0,0,0,0,0,0,0,0,0,0,0,0,0,0,0,0,0,0,0,0,0,0,0,0,0,0,0,0,0,0,0,0,0,0,0,0,0,0,0,0,0,0,0,0,0,0,
Participant,7_3,11_50_4,15.0018,0,2,0,15.00176,0.0000,0.0000,0.0000,0.0000,0.0000,0.0000,3.225626,3.271802,3.248714,-0.2534475,,,,,0,0,0,0,0,0,0,0,0,0,0,0,0,0,0,0,0,0,0,0,0,0,0,0,0,0,0,0,0,0,0,0,0,0,0,0,0,0,0,0,0,0,0,0,0,0,0,0,0,0,0,
Participant,7_3,11_50_4,15.0053,0,2,0,15.00525,0.0000,0.0000,0.0000,0.0000,0.0000,0.0000,3.229094,3.261019,3.245056,-0.2571054,,,,,0,0,0,0,0,0,0,0,0,0,0,0,0,0,0,0,0,0,0,0,0,0,0,0,0,0,0,0,0,0,0,0,0,0,0,0,0,0,0,0,0,0,0,0,0,0,0,0,0,0,0,
Participant,7_3,11_50_4,15.0087,0,3,0,15.00872,0.0000,0.0000,0.0000,0.0000,0.0000,0.0000,3.235034,3.233181,3.234107,,,,,,0,0,0,0,0,0,0,0,0,0,0,0,0,0,0,0,0,0,0,0,0,0,0,0,0,0,0,0,0,0,0,0,0,0,0,0,0,0,0,0,0,0,0,0,0,0,0,0,0,0,0,
Participant,7_3,11_50_4,15.0129,0,3,0,15.01286,0.0000,0.0000,0.0000,0.0000,0.0000,0.0000,3.247503,3.239768,3.243635,,,,,,0,0,0,0,0,0,0,0,0,0,0,0,0,0,0,0,0,0,0,0,0,0,0,0,0,0,0,0,0,0,0,0,0,0,0,0,0,0,0,0,0,0,0,0,0,0,0,0,0,0,0,
Participant,7_3,11_50_4,15.0164,0,3,0,15.01641,0.0000,0.0000,0.0000,0.0000,0.0000,0.0000,3.264338,3.245955,3.255147,,,,,,0,0,0,0,0,0,0,0,0,0,0,0,0,0,0,0,0,0,0,0,0,0,0,0,0,0,0,0,0,0,0,0,0,0,0,0,0,0,0,0,0,0,0,0,0,0,0,0,0,0,0,
Participant,7_3,11_50_4,15.0200,0,3,0,15.01999,0.0000,0.0000,0.0000,0.0000,0.0000,0.0000,3.24727,3.239953,3.243611,,,,,,0,0,0,0,0,0,0,0,0,0,0,0,0,0,0,0,0,0,0,0,0,0,0,0,0,0,0,0,0,0,0,0,0,0,0,0,0,0,0,0,0,0,0,0,0,0,0,0,0,0,0,
Participant,7_3,11_50_4,15.0234,0,3,0,15.0234,0.0000,0.0000,0.0000,0.0000,0.0000,0.0000,3.263474,3.273585,3.268529,,,,,,0,0,0,0,0,0,0,0,0,0,0,0,0,0,0,0,0,0,0,0,0,0,0,0,0,0,0,0,0,0,0,0,0,0,0,0,0,0,0,0,0,0,0,0,0,0,0,0,0,0,0,
Participant,7_3,11_50_4,15.0271,0,3,0,15.02712,0.0000,0.0000,0.0000,0.0000,0.0000,0.0000,3.259243,3.268178,3.26371,,,,,,0,0,0,0,0,0,0,0,0,0,0,0,0,0,0,0,0,0,0,0,0,0,0,0,0,0,0,0,0,0,0,0,0,0,0,0,0,0,0,0,0,0,0,0,0,0,0,0,0,0,0,
Participant,7_3,11_50_4,15.0307,0,3,0,15.03072,0.0000,0.0000,0.0000,0.0000,0.0000,0.0000,3.274319,3.253317,3.263818,,,,,,0,0,0,0,0,0,0,0,0,0,0,0,0,0,0,0,0,0,0,0,0,0,0,0,0,0,0,0,0,0,0,0,0,0,0,0,0,0,0,0,0,0,0,0,0,0,0,0,0,0,0,
Participant,7_3,11_50_4,15.0342,0,3,0,15.03424,0.0000,0.0000,0.0000,0.0000,0.0000,0.0000,3.259832,3.263143,3.261487,,,,,,0,0,0,0,0,0,0,0,0,0,0,0,0,0,0,0,0,0,0,0,0,0,0,0,0,0,0,0,0,0,0,0,0,0,0,0,0,0,0,0,0,0,0,0,0,0,0,0,0,0,0,
Participant,7_3,11_50_4,15.0380,0,3,0,15.038,0.0000,0.0000,0.0000,0.0000,0.0000,0.0000,3.270597,3.285585,3.278091,,,,,,0,0,0,0,0,0,0,0,0,0,0,0,0,0,0,0,0,0,0,0,0,0,0,0,0,0,0,0,0,0,0,0,0,0,0,0,0,0,0,0,0,0,0,0,0,0,0,0,0,0,0,
Participant,7_3,11_50_4,15.0523,0,3,0,15.05229,0.0000,0.0000,0.0000,0.0000,0.0000,0.0000,3.263339,3.246581,3.25496,,,,,,0,0,0,0,0,0,0,0,0,0,0,0,0,0,0,0,0,0,0,0,0,0,0,0,0,0,0,0,0,0,0,0,0,0,0,0,0,0,0,0,0,0,0,0,0,0,0,0,0,0,0,
Participant,7_3,11_50_4,15.0591,0,3,0,15.05907,0.0000,0.0000,0.0000,0.0000,0.0000,0.0000,3.248944,3.260998,3.254971,,,,,,0,0,0,0,0,0,0,0,0,0,0,0,0,0,0,0,0,0,0,0,0,0,0,0,0,0,0,0,0,0,0,0,0,0,0,0,0,0,0,0,0,0,0,0,0,0,0,0,0,0,0,
Participant,7_3,11_50_4,15.0630,0,3,0,15.06304,0.0000,0.0000,0.0000,0.0000,0.0000,0.0000,3.289352,3.25851,3.273931,,,,,,0,0,0,0,0,0,0,0,0,0,0,0,0,0,0,0,0,0,0,0,0,0,0,0,0,0,0,0,0,0,0,0,0,0,0,0,0,0,0,0,0,0,0,0,0,0,0,0,0,0,0,
Participant,7_3,11_50_4,15.0665,0,3,0,15.06654,0.0000,0.0000,0.0000,0.0000,0.0000,0.0000,3.248796,3.285798,3.267297,,,,,,0,0,0,0,0,0,0,0,0,0,0,0,0,0,0,0,0,0,0,0,0,0,0,0,0,0,0,0,0,0,0,0,0,0,0,0,0,0,0,0,0,0,0,0,0,0,0,0,0,0,0,
Participant,7_3,11_50_4,15.0699,0,3,0,15.06987,0.0000,0.0000,0.0000,0.0000,0.0000,0.0000,3.256465,3.257463,3.256964,,,,,,0,0,0,0,0,0,0,0,0,0,0,0,0,0,0,0,0,0,0,0,0,0,0,0,0,0,0,0,0,0,0,0,0,0,0,0,0,0,0,0,0,0,0,0,0,0,0,0,0,0,0,
Participant,7_3,11_50_4,15.0734,0,3,0,15.07337,0.0000,0.0000,0.0000,0.0000,0.0000,0.0000,3.235936,3.262843,3.24939,,,,,,0,0,0,0,0,0,0,0,0,0,0,0,0,0,0,0,0,0,0,0,0,0,0,0,0,0,0,0,0,0,0,0,0,0,0,0,0,0,0,0,0,0,0,0,0,0,0,0,0,0,0,
Participant,7_3,11_50_4,15.0771,0,3,0,15.07713,0.0000,0.0000,0.0000,0.0000,0.0000,0.0000,3.277843,3.287193,3.282518,,,,,,0,0,0,0,0,0,0,0,0,0,0,0,0,0,0,0,0,0,0,0,0,0,0,0,0,0,0,0,0,0,0,0,0,0,0,0,0,0,0,0,0,0,0,0,0,0,0,0,0,0,0,
Participant,7_3,11_50_4,15.0807,0,3,0,15.08065,0.0000,0.0000,0.0000,0.0000,0.0000,0.0000,3.27978,3.280596,3.280189,,,,,,0,0,0,0,0,0,0,0,0,0,0,0,0,0,0,0,0,0,0,0,0,0,0,0,0,0,0,0,0,0,0,0,0,0,0,0,0,0,0,0,0,0,0,0,0,0,0,0,0,0,0,
Participant,7_3,11_50_4,15.0845,0,3,0,15.08454,0.0000,0.0000,0.0000,0.0000,0.0000,0.0000,3.262582,3.236273,3.249428,,,,,,0,0,0,0,0,0,0,0,0,0,0,0,0,0,0,0,0,0,0,0,0,0,0,0,0,0,0,0,0,0,0,0,0,0,0,0,0,0,0,0,0,0,0,0,0,0,0,0,0,0,0,
Participant,7_3,11_50_4,15.0880,0,3,0,15.08802,0.0000,0.0000,0.0000,0.0000,0.0000,0.0000,3.239261,3.262793,3.251027,,,,,,0,0,0,0,0,0,0,0,0,0,0,0,0,0,0,0,0,0,0,0,0,0,0,0,0,0,0,0,0,0,0,0,0,0,0,0,0,0,0,0,0,0,0,0,0,0,0,0,0,0,0,
Participant,7_3,11_50_4,15.0914,0,3,0,15.09143,0.0000,0.0000,0.0000,0.0000,0.0000,0.0000,3.258585,3.247644,3.253114,,,,,,0,0,0,0,0,0,0,0,0,0,0,0,0,0,0,0,0,0,0,0,0,0,0,0,0,0,0,0,0,0,0,0,0,0,0,0,0,0,0,0,0,0,0,0,0,0,0,0,0,0,0,
Participant,7_3,11_50_4,15.0948,0,3,0,15.09481,0.0000,0.0000,0.0000,0.0000,0.0000,0.0000,3.271585,3.266511,3.269048,,,,,,0,0,0,0,0,0,0,0,0,0,0,0,0,0,0,0,0,0,0,0,0,0,0,0,0,0,0,0,0,0,0,0,0,0,0,0,0,0,0,0,0,0,0,0,0,0,0,0,0,0,0,
Participant,7_3,11_50_4,15.0981,0,3,0,15.09805,0.0000,0.0000,0.0000,0.0000,0.0000,0.0000,3.27554,3.291275,3.283407,,,,,,0,0,0,0,0,0,0,0,0,0,0,0,0,0,0,0,0,0,0,0,0,0,0,0,0,0,0,0,0,0,0,0,0,0,0,0,0,0,0,0,0,0,0,0,0,0,0,0,0,0,0,
Participant,7_3,11_50_4,15.1015,0,3,0,15.10152,0.0000,0.0000,0.0000,0.0000,0.0000,0.0000,3.289666,3.283235,3.28645,,,,,,0,0,0,0,0,0,0,0,0,0,0,0,0,0,0,0,0,0,0,0,0,0,0,0,0,0,0,0,0,0,0,0,0,0,0,0,0,0,0,0,0,0,0,0,0,0,0,0,0,0,0,
Participant,7_3,11_50_4,15.1050,0,3,0,15.105,0.0000,0.0000,0.0000,0.0000,0.0000,0.0000,3.284545,3.260964,3.272754,,,,,,0,0,0,0,0,0,0,0,0,0,0,0,0,0,0,0,0,0,0,0,0,0,0,0,0,0,0,0,0,0,0,0,0,0,0,0,0,0,0,0,0,0,0,0,0,0,0,0,0,0,0,
Participant,7_3,11_50_4,15.1084,0,3,0,15.10839,0.0000,0.0000,0.0000,0.0000,0.0000,0.0000,3.292914,3.255105,3.274009,,,,,,0,0,0,0,0,0,0,0,0,0,0,0,0,0,0,0,0,0,0,0,0,0,0,0,0,0,0,0,0,0,0,0,0,0,0,0,0,0,0,0,0,0,0,0,0,0,0,0,0,0,0,
Participant,7_3,11_50_4,15.1119,0,3,0,15.11189,0.0000,0.0000,0.0000,0.0000,0.0000,0.0000,3.244013,3.241348,3.24268,,,,,,0,0,0,0,0,0,0,0,0,0,0,0,0,0,0,0,0,0,0,0,0,0,0,0,0,0,0,0,0,0,0,0,0,0,0,0,0,0,0,0,0,0,0,0,0,0,0,0,0,0,0,
Participant,7_3,11_50_4,15.1214,0,3,0,15.12142,0.0000,0.0000,0.0000,0.0000,0.0000,0.0000,3.282261,3.294192,3.288227,,,,,,0,0,0,0,0,0,0,0,0,0,0,0,0,0,0,0,0,0,0,0,0,0,0,0,0,0,0,0,0,0,0,0,0,0,0,0,0,0,0,0,0,0,0,0,0,0,0,0,0,0,0,
