SubjectID,Date,LocalTime,UnityTime,Phase,Trial,Step,TrialTimePassed,gazeOriginX,gazeOriginY,gazeOriginZ,gazeDirectionX,gazeDirectionY,gazeDirectionZ,leftPupil,rightPupil,combinedPupil,baselineCorrected,eventBaselineCorrected,hitX,hitY,hitZ,objectName,XR_EYE_EXPRESSION_LEFT_BLINK_HTC,XR_EYE_EXPRESSION_LEFT_WIDE_HTC,XR_EYE_EXPRESSION_RIGHT_BLINK_HTC,XR_EYE_EXPRESSION_RIGHT_WIDE_HTC,XR_EYE_EXPRESSION_LEFT_SQUEEZE_HTC,XR_EYE_EXPRESSION_RIGHT_SQUEEZE_HTC,XR_EYE_EXPRESSION_LEFT_DOWN_HTC,XR_EYE_EXPRESSION_RIGHT_DOWN_HTC,XR_EYE_EXPRESSION_LEFT_OUT_HTC,XR_EYE_EXPRESSION_RIGHT_IN_HTC,XR_EYE_EXPRESSION_LEFT_IN_HTC,XR_EYE_EXPRESSION_RIGHT_OUT_HTC,XR_EYE_EXPRESSION_LEFT_UP_HTC,XR_EYE_EXPRESSION_RIGHT_UP_HTC,XR_LIP_EXPRESSION_JAW_RIGHT_HTC,XR_LIP_EXPRESSION_JAW_LEFT_HTC,XR_LIP_EXPRESSION_JAW_FORWARD_HTC,XR_LIP_EXPRESSION_JAW_OPEN_HTC,XR_LIP_EXPRESSION_MOUTH_APE_SHAPE_HTC,XR_LIP_EXPRESSION_MOUTH_UPPER_RIGHT_HTC,XR_LIP_EXPRESSION_MOUTH_UPPER_LEFT_HTC,XR_LIP_EXPRESSION_MOUTH_LOWER_RIGHT_HTC,XR_LIP_EXPRESSION_MOUTH_LOWER_LEFT_HTC,XR_LIP_EXPRESSION_MOUTH_UPPER_OVERTURN_HTC,XR_LIP_EXPRESSION_MOUTH_LOWER_OVERTURN_HTC,XR_LIP_EXPRESSION_MOUTH_POUT_HTC,XR_LIP_EXPRESSION_MOUTH_RAISER_RIGHT_HTC,XR_LIP_EXPRESSION_MOUTH_RAISER_LEFT_HTC,XR_LIP_EXPRESSION_MOUTH_STRETCHER_RIGHT_HTC,XR_LIP_EXPRESSION_MOUTH_STRETCHER_LEFT_HTC,XR_LIP_EXPRESSION_CHEEK_PUFF_RIGHT_HTC,XR_LIP_EXPRESSION_CHEEK_PUFF_LEFT_HTC,XR_LIP_EXPRESSION_CHEEK_SUCK_HTC,XR_LIP_EXPRESSION_MOUTH_UPPER_UPRIGHT_HTC,XR_LIP_EXPRESSION_MOUTH_UPPER_UPLEFT_HTC,XR_LIP_EXPRESSION_MOUTH_LOWER_DOWNRIGHT_HTC,XR_LIP_EXPRESSION_MOUTH_LOWER_DOWNLEFT_HTC,XR_LIP_EXPRESSION_MOUTH_UPPER_INSIDE_HTC,XR_LIP_EXPRESSION_MOUTH_LOWER_INSIDE_HTC,XR_LIP_EXPRESSION_MOUTH_LOWER_OVERLAY_HTC,XR_LIP_EXPRESSION_TONGUE_LONGSTEP1_HTC,XR_LIP_EXPRESSION_TONGUE_LEFT_HTC,XR_LIP_EXPRESSION_TONGUE_RIGHT_HTC,XR_LIP_EXPRESSION_TONGUE_UP_HTC,XR_LIP_EXPRESSION_TONGUE_DOWN_HTC,XR_LIP_EXPRESSION_TONGUE_ROLL_HTC,XR_LIP_EXPRESSION_TONGUE_LONGSTEP2_HTC,XR_LIP_EXPRESSION_TONGUE_UPRIGHT_MORPH_HTC,XR_LIP_EXPRESSION_TONGUE_UPLEFT_MORPH_HTC,XR_LIP_EXPRESSION_TONGUE_DOWNRIGHT_MORPH_HTC,XR_LIP_EXPRESSION_TONGUE_DOWNLEFT_MORPH_HTC,
hello,6_30,11_2_57,0.0000,0,0,0,0,0.0000,0.0000,0.0000,0.0000,0.0000,0.0000,0,0,,,,,,,,0,0,0,0,0,0,0,0,0,0,0,0,0,0,0,0,0,0,0,0,0,0,0,0,0,0,0,0,0,0,0,0,0,0,0,0,0,0,0,0,0,0,0,0,0,0,0,0,0,0,0,
hello,6_30,11_2_58,0.0200,0,0,0,0.01999999,0.0000,0.0000,0.0000,0.0000,0.0000,0.0000,0,0,,,,,,,,0,0,0,0,0,0,0,0,0,0,0,0,0,0,0,0,0,0,0,0,0,0,0,0,0,0,0,0,0,0,0,0,0,0,0,0,0,0,0,0,0,0,0,0,0,0,0,0,0,0,0,
hello,6_30,11_2_58,0.0721,0,0,0,0.07212699,0.0000,0.0000,0.0000,0.0000,0.0000,0.0000,0,0,,,,,,,,0,0,0,0,0,0,0,0,0,0,0,0,0,0,0,0,0,0,0,0,0,0,0,0,0,0,0,0,0,0,0,0,0,0,0,0,0,0,0,0,0,0,0,0,0,0,0,0,0,0,0,
hello,6_30,11_2_58,0.0800,0,0,0,0.07999098,0.0000,0.0000,0.0000,0.0000,0.0000,0.0000,0,0,,,,,,,,0,0,0,0,0,0,0,0,0,0,0,0,0,0,0,0,0,0,0,0,0,0,0,0,0,0,0,0,0,0,0,0,0,0,0,0,0,0,0,0,0,0,0,0,0,0,0,0,0,0,0,
hello,6_30,11_2_58,0.0852,0,0,0,0.08519179,0.0000,0.0000,0.0000,0.0000,0.0000,0.0000,0,0,,,,,,,,0,0,0,0,0,0,0,0,0,0,0,0,0,0,0,0,0,0,0,0,0,0,0,0,0,0,0,0,0,0,0,0,0,0,0,0,0,0,0,0,0,0,0,0,0,0,0,0,0,0,0,
hello,6_30,11_2_58,0.0891,0,0,0,0.08907599,0.0000,0.0000,0.0000,0.0000,0.0000,0.0000,0,0,,,,,,,,0,0,0,0,0,0,0,0,0,0,0,0,0,0,0,0,0,0,0,0,0,0,0,0,0,0,0,0,0,0,0,0,0,0,0,0,0,0,0,0,0,0,0,0,0,0,0,0,0,0,0,
hello,6_30,11_2_58,0.0929,0,0,0,0.09292959,0.0000,0.0000,0.0000,0.0000,0.0000,0.0000,0,0,,,,,,,,0,0,0,0,0,0,0,0,0,0,0,0,0,0,0,0,0,0,0,0,0,0,0,0,0,0,0,0,0,0,0,0,0,0,0,0,0,0,0,0,0,0,0,0,0,0,0,0,0,0,0,
hello,6_30,11_2_58,0.0969,0,0,0,0.09687959,0.0000,0.0000,0.0000,0.0000,0.0000,0.0000,0,0,,,,,,,,0,0,0,0,0,0,0,0,0,0,0,0,0,0,0,0,0,0,0,0,0,0,0,0,0,0,0,0,0,0,0,0,0,0,0,0,0,0,0,0,0,0,0,0,0,0,0,0,0,0,0,
hello,6_30,11_2_58,0.1004,0,0,0,0.1003986,0.0000,0.0000,0.0000,0.0000,0.0000,0.0000,0,0,,,,,,,,0,0,0,0,0,0,0,0,0,0,0,0,0,0,0,0,0,0,0,0,0,0,0,0,0,0,0,0,0,0,0,0,0,0,0,0,0,0,0,0,0,0,0,0,0,0,0,0,0,0,0,
hello,6_30,11_2_58,0.1043,0,0,0,0.1042864,0.0000,0.0000,0.0000,0.0000,0.0000,0.0000,0,0,,,,,,,,0,0,0,0,0,0,0,0,0,0,0,0,0,0,0,0,0,0,0,0,0,0,0,0,0,0,0,0,0,0,0,0,0,0,0,0,0,0,0,0,0,0,0,0,0,0,0,0,0,0,0,
hello,6_30,11_2_58,0.1075,0,0,0,0.1074991,0.0000,0.0000,0.0000,0.0000,0.0000,0.0000,0,0,,,,,,,,0,0,0,0,0,0,0,0,0,0,0,0,0,0,0,0,0,0,0,0,0,0,0,0,0,0,0,0,0,0,0,0,0,0,0,0,0,0,0,0,0,0,0,0,0,0,0,0,0,0,0,
hello,6_30,11_2_58,0.1106,0,0,0,0.1106447,0.0000,0.0000,0.0000,0.0000,0.0000,0.0000,0,0,,,,,,,,0,0,0,0,0,0,0,0,0,0,0,0,0,0,0,0,0,0,0,0,0,0,0,0,0,0,0,0,0,0,0,0,0,0,0,0,0,0,0,0,0,0,0,0,0,0,0,0,0,0,0,
hello,6_30,11_2_58,0.1139,0,0,0,0.1139439,0.0000,0.0000,0.0000,0.0000,0.0000,0.0000,0,0,,,,,,,,0,0,0,0,0,0,0,0,0,0,0,0,0,0,0,0,0,0,0,0,0,0,0,0,0,0,0,0,0,0,0,0,0,0,0,0,0,0,0,0,0,0,0,0,0,0,0,0,0,0,0,
hello,6_30,11_2_58,0.1173,0,0,0,0.1173425,0.0000,0.0000,0.0000,0.0000,0.0000,0.0000,0,0,,,,,,,,0,0,0,0,0,0,0,0,0,0,0,0,0,0,0,0,0,0,0,0,0,0,0,0,0,0,0,0,0,0,0,0,0,0,0,0,0,0,0,0,0,0,0,0,0,0,0,0,0,0,0,
hello,6_30,11_2_58,0.1207,0,0,0,0.1206675,0.0000,0.0000,0.0000,0.0000,0.0000,0.0000,0,0,,,,,,,,0,0,0,0,0,0,0,0,0,0,0,0,0,0,0,0,0,0,0,0,0,0,0,0,0,0,0,0,0,0,0,0,0,0,0,0,0,0,0,0,0,0,0,0,0,0,0,0,0,0,0,
hello,6_30,11_2_58,0.1243,0,0,0,0.1243499,0.0000,0.0000,0.0000,0.0000,0.0000,0.0000,0,0,,,,,,,,0,0,0,0,0,0,0,0,0,0,0,0,0,0,0,0,0,0,0,0,0,0,0,0,0,0,0,0,0,0,0,0,0,0,0,0,0,0,0,0,0,0,0,0,0,0,0,0,0,0,0,
hello,6_30,11_2_58,0.1276,0,0,0,0.1275881,0.0000,0.0000,0.0000,0.0000,0.0000,0.0000,0,0,,,,,,,,0,0,0,0,0,0,0,0,0,0,0,0,0,0,0,0,0,0,0,0,0,0,0,0,0,0,0,0,0,0,0,0,0,0,0,0,0,0,0,0,0,0,0,0,0,0,0,0,0,0,0,
hello,6_30,11_2_58,0.1313,0,0,0,0.1313179,0.0000,0.0000,0.0000,0.0000,0.0000,0.0000,0,0,,,,,,,,0,0,0,0,0,0,0,0,0,0,0,0,0,0,0,0,0,0,0,0,0,0,0,0,0,0,0,0,0,0,0,0,0,0,0,0,0,0,0,0,0,0,0,0,0,0,0,0,0,0,0,
hello,6_30,11_2_58,0.1350,0,0,0,0.1349855,0.0000,0.0000,0.0000,0.0000,0.0000,0.0000,0,0,,,,,,,,0,0,0,0,0,0,0,0,0,0,0,0,0,0,0,0,0,0,0,0,0,0,0,0,0,0,0,0,0,0,0,0,0,0,0,0,0,0,0,0,0,0,0,0,0,0,0,0,0,0,0,
hello,6_30,11_2_58,0.1386,0,0,0,0.1385979,0.0000,0.0000,0.0000,0.0000,0.0000,0.0000,0,0,,,,,,,,0,0,0,0,0,0,0,0,0,0,0,0,0,0,0,0,0,0,0,0,0,0,0,0,0,0,0,0,0,0,0,0,0,0,0,0,0,0,0,0,0,0,0,0,0,0,0,0,0,0,0,
hello,6_30,11_2_58,0.1418,0,0,0,0.1417881,0.0000,0.0000,0.0000,0.0000,0.0000,0.0000,0,0,,,,,,,,0,0,0,0,0,0,0,0,0,0,0,0,0,0,0,0,0,0,0,0,0,0,0,0,0,0,0,0,0,0,0,0,0,0,0,0,0,0,0,0,0,0,0,0,0,0,0,0,0,0,0,
hello,6_30,11_2_58,0.1454,0,0,0,0.1453643,0.0000,0.0000,0.0000,0.0000,0.0000,0.0000,0,0,,,,,,,,0,0,0,0,0,0,0,0,0,0,0,0,0,0,0,0,0,0,0,0,0,0,0,0,0,0,0,0,0,0,0,0,0,0,0,0,0,0,0,0,0,0,0,0,0,0,0,0,0,0,0,
hello,6_30,11_2_58,0.1489,0,0,0,0.1489336,0.0000,0.0000,0.0000,0.0000,0.0000,0.0000,0,0,,,,,,,,0,0,0,0,0,0,0,0,0,0,0,0,0,0,0,0,0,0,0,0,0,0,0,0,0,0,0,0,0,0,0,0,0,0,0,0,0,0,0,0,0,0,0,0,0,0,0,0,0,0,0,
hello,6_30,11_2_58,0.1523,0,0,0,0.1523292,0.0000,0.0000,0.0000,0.0000,0.0000,0.0000,0,0,,,,,,,,0,0,0,0,0,0,0,0,0,0,0,0,0,0,0,0,0,0,0,0,0,0,0,0,0,0,0,0,0,0,0,0,0,0,0,0,0,0,0,0,0,0,0,0,0,0,0,0,0,0,0,
hello,6_30,11_2_58,0.1557,0,0,0,0.1556595,0.0000,0.0000,0.0000,0.0000,0.0000,0.0000,0,0,,,,,,,,0,0,0,0,0,0,0,0,0,0,0,0,0,0,0,0,0,0,0,0,0,0,0,0,0,0,0,0,0,0,0,0,0,0,0,0,0,0,0,0,0,0,0,0,0,0,0,0,0,0,0,
hello,6_30,11_2_58,0.1593,0,0,0,0.1592624,0.0000,0.0000,0.0000,0.0000,0.0000,0.0000,0,0,,,,,,,,0,0,0,0,0,0,0,0,0,0,0,0,0,0,0,0,0,0,0,0,0,0,0,0,0,0,0,0,0,0,0,0,0,0,0,0,0,0,0,0,0,0,0,0,0,0,0,0,0,0,0,
hello,6_30,11_2_58,0.1629,0,0,0,0.1628633,0.0000,0.0000,0.0000,0.0000,0.0000,0.0000,0,0,,,,,,,,0,0,0,0,0,0,0,0,0,0,0,0,0,0,0,0,0,0,0,0,0,0,0,0,0,0,0,0,0,0,0,0,0,0,0,0,0,0,0,0,0,0,0,0,0,0,0,0,0,0,0,
hello,6_30,11_2_58,0.1664,0,0,0,0.1663778,0.0000,0.0000,0.0000,0.0000,0.0000,0.0000,0,0,,,,,,,,0,0,0,0,0,0,0,0,0,0,0,0,0,0,0,0,0,0,0,0,0,0,0,0,0,0,0,0,0,0,0,0,0,0,0,0,0,0,0,0,0,0,0,0,0,0,0,0,0,0,0,
hello,6_30,11_2_58,0.1696,0,0,0,0.1696489,0.0000,0.0000,0.0000,0.0000,0.0000,0.0000,0,0,,,,,,,,0,0,0,0,0,0,0,0,0,0,0,0,0,0,0,0,0,0,0,0,0,0,0,0,0,0,0,0,0,0,0,0,0,0,0,0,0,0,0,0,0,0,0,0,0,0,0,0,0,0,0,
hello,6_30,11_2_58,0.1730,0,0,0,0.1729975,0.0000,0.0000,0.0000,0.0000,0.0000,0.0000,0,0,,,,,,,,0,0,0,0,0,0,0,0,0,0,0,0,0,0,0,0,0,0,0,0,0,0,0,0,0,0,0,0,0,0,0,0,0,0,0,0,0,0,0,0,0,0,0,0,0,0,0,0,0,0,0,
hello,6_30,11_2_58,0.1764,0,0,0,0.1763697,0.0000,0.0000,0.0000,0.0000,0.0000,0.0000,0,0,,,,,,,,0,0,0,0,0,0,0,0,0,0,0,0,0,0,0,0,0,0,0,0,0,0,0,0,0,0,0,0,0,0,0,0,0,0,0,0,0,0,0,0,0,0,0,0,0,0,0,0,0,0,0,
hello,6_30,11_2_58,0.1796,0,0,0,0.1795687,0.0000,0.0000,0.0000,0.0000,0.0000,0.0000,0,0,,,,,,,,0,0,0,0,0,0,0,0,0,0,0,0,0,0,0,0,0,0,0,0,0,0,0,0,0,0,0,0,0,0,0,0,0,0,0,0,0,0,0,0,0,0,0,0,0,0,0,0,0,0,0,
hello,6_30,11_2_58,0.1828,0,0,0,0.1828343,0.0000,0.0000,0.0000,0.0000,0.0000,0.0000,0,0,,,,,,,,0,0,0,0,0,0,0,0,0,0,0,0,0,0,0,0,0,0,0,0,0,0,0,0,0,0,0,0,0,0,0,0,0,0,0,0,0,0,0,0,0,0,0,0,0,0,0,0,0,0,0,
hello,6_30,11_2_58,0.1863,0,0,0,0.1862537,0.0000,0.0000,0.0000,0.0000,0.0000,0.0000,0,0,,,,,,,,0,0,0,0,0,0,0,0,0,0,0,0,0,0,0,0,0,0,0,0,0,0,0,0,0,0,0,0,0,0,0,0,0,0,0,0,0,0,0,0,0,0,0,0,0,0,0,0,0,0,0,
hello,6_30,11_2_58,0.1895,0,0,0,0.1894538,0.0000,0.0000,0.0000,0.0000,0.0000,0.0000,0,0,,,,,,,,0,0,0,0,0,0,0,0,0,0,0,0,0,0,0,0,0,0,0,0,0,0,0,0,0,0,0,0,0,0,0,0,0,0,0,0,0,0,0,0,0,0,0,0,0,0,0,0,0,0,0,
hello,6_30,11_2_58,0.1928,0,0,0,0.192812,0.0000,0.0000,0.0000,0.0000,0.0000,0.0000,0,0,,,,,,,,0,0,0,0,0,0,0,0,0,0,0,0,0,0,0,0,0,0,0,0,0,0,0,0,0,0,0,0,0,0,0,0,0,0,0,0,0,0,0,0,0,0,0,0,0,0,0,0,0,0,0,
hello,6_30,11_2_58,0.1961,0,0,0,0.1960924,0.0000,0.0000,0.0000,0.0000,0.0000,0.0000,0,0,,,,,,,,0,0,0,0,0,0,0,0,0,0,0,0,0,0,0,0,0,0,0,0,0,0,0,0,0,0,0,0,0,0,0,0,0,0,0,0,0,0,0,0,0,0,0,0,0,0,0,0,0,0,0,
hello,6_30,11_2_58,0.1994,0,0,0,0.1993616,0.0000,0.0000,0.0000,0.0000,0.0000,0.0000,0,0,,,,,,,,0,0,0,0,0,0,0,0,0,0,0,0,0,0,0,0,0,0,0,0,0,0,0,0,0,0,0,0,0,0,0,0,0,0,0,0,0,0,0,0,0,0,0,0,0,0,0,0,0,0,0,
hello,6_30,11_2_58,0.2051,0,0,0,0.2051367,0.0000,0.0000,0.0000,0.0000,0.0000,0.0000,0,0,,,,,,,,0,0,0,0,0,0,0,0,0,0,0,0,0,0,0,0,0,0,0,0,0,0,0,0,0,0,0,0,0,0,0,0,0,0,0,0,0,0,0,0,0,0,0,0,0,0,0,0,0,0,0,
hello,6_30,11_2_58,0.2088,0,0,0,0.2087975,0.0000,0.0000,0.0000,0.0000,0.0000,0.0000,0,0,,,,,,,,0,0,0,0,0,0,0,0,0,0,0,0,0,0,0,0,0,0,0,0,0,0,0,0,0,0,0,0,0,0,0,0,0,0,0,0,0,0,0,0,0,0,0,0,0,0,0,0,0,0,0,
hello,6_30,11_2_58,0.2121,0,0,0,0.2121374,0.0000,0.0000,0.0000,0.0000,0.0000,0.0000,0,0,,,,,,,,0,0,0,0,0,0,0,0,0,0,0,0,0,0,0,0,0,0,0,0,0,0,0,0,0,0,0,0,0,0,0,0,0,0,0,0,0,0,0,0,0,0,0,0,0,0,0,0,0,0,0,
hello,6_30,11_2_58,0.2154,0,0,0,0.2154248,0.0000,0.0000,0.0000,0.0000,0.0000,0.0000,0,0,,,,,,,,0,0,0,0,0,0,0,0,0,0,0,0,0,0,0,0,0,0,0,0,0,0,0,0,0,0,0,0,0,0,0,0,0,0,0,0,0,0,0,0,0,0,0,0,0,0,0,0,0,0,0,
hello,6_30,11_2_58,0.2188,0,0,0,0.218837,0.0000,0.0000,0.0000,0.0000,0.0000,0.0000,0,0,,,,,,,,0,0,0,0,0,0,0,0,0,0,0,0,0,0,0,0,0,0,0,0,0,0,0,0,0,0,0,0,0,0,0,0,0,0,0,0,0,0,0,0,0,0,0,0,0,0,0,0,0,0,0,
hello,6_30,11_2_58,0.2225,0,0,0,0.2224756,0.0000,0.0000,0.0000,0.0000,0.0000,0.0000,0,0,,,,,,,,0,0,0,0,0,0,0,0,0,0,0,0,0,0,0,0,0,0,0,0,0,0,0,0,0,0,0,0,0,0,0,0,0,0,0,0,0,0,0,0,0,0,0,0,0,0,0,0,0,0,0,
hello,6_30,11_2_58,0.2259,0,0,0,0.2258849,0.0000,0.0000,0.0000,0.0000,0.0000,0.0000,0,0,,,,,,,,0,0,0,0,0,0,0,0,0,0,0,0,0,0,0,0,0,0,0,0,0,0,0,0,0,0,0,0,0,0,0,0,0,0,0,0,0,0,0,0,0,0,0,0,0,0,0,0,0,0,0,
hello,6_30,11_2_58,0.2292,0,0,0,0.2291705,0.0000,0.0000,0.0000,0.0000,0.0000,0.0000,0,0,,,,,,,,0,0,0,0,0,0,0,0,0,0,0,0,0,0,0,0,0,0,0,0,0,0,0,0,0,0,0,0,0,0,0,0,0,0,0,0,0,0,0,0,0,0,0,0,0,0,0,0,0,0,0,
hello,6_30,11_2_58,0.2325,0,0,0,0.2325056,0.0000,0.0000,0.0000,0.0000,0.0000,0.0000,0,0,,,,,,,,0,0,0,0,0,0,0,0,0,0,0,0,0,0,0,0,0,0,0,0,0,0,0,0,0,0,0,0,0,0,0,0,0,0,0,0,0,0,0,0,0,0,0,0,0,0,0,0,0,0,0,
hello,6_30,11_2_58,0.2357,0,0,0,0.2357124,0.0000,0.0000,0.0000,0.0000,0.0000,0.0000,0,0,,,,,,,,0,0,0,0,0,0,0,0,0,0,0,0,0,0,0,0,0,0,0,0,0,0,0,0,0,0,0,0,0,0,0,0,0,0,0,0,0,0,0,0,0,0,0,0,0,0,0,0,0,0,0,
hello,6_30,11_2_58,0.2394,0,0,0,0.2394131,0.0000,0.0000,0.0000,0.0000,0.0000,0.0000,0,0,,,,,,,,0,0,0,0,0,0,0,0,0,0,0,0,0,0,0,0,0,0,0,0,0,0,0,0,0,0,0,0,0,0,0,0,0,0,0,0,0,0,0,0,0,0,0,0,0,0,0,0,0,0,0,
hello,6_30,11_2_58,0.2428,0,0,0,0.2428267,0.0000,0.0000,0.0000,0.0000,0.0000,0.0000,0,0,,,,,,,,0,0,0,0,0,0,0,0,0,0,0,0,0,0,0,0,0,0,0,0,0,0,0,0,0,0,0,0,0,0,0,0,0,0,0,0,0,0,0,0,0,0,0,0,0,0,0,0,0,0,0,
hello,6_30,11_2_58,0.2464,0,0,0,0.2464162,0.0000,0.0000,0.0000,0.0000,0.0000,0.0000,0,0,,,,,,,,0,0,0,0,0,0,0,0,0,0,0,0,0,0,0,0,0,0,0,0,0,0,0,0,0,0,0,0,0,0,0,0,0,0,0,0,0,0,0,0,0,0,0,0,0,0,0,0,0,0,0,
hello,6_30,11_2_58,0.2497,0,0,0,0.2496724,0.0000,0.0000,0.0000,0.0000,0.0000,0.0000,0,0,,,,,,,,0,0,0,0,0,0,0,0,0,0,0,0,0,0,0,0,0,0,0,0,0,0,0,0,0,0,0,0,0,0,0,0,0,0,0,0,0,0,0,0,0,0,0,0,0,0,0,0,0,0,0,
hello,6_30,11_2_58,0.2528,0,0,0,0.2528306,0.0000,0.0000,0.0000,0.0000,0.0000,0.0000,0,0,,,,,,,,0,0,0,0,0,0,0,0,0,0,0,0,0,0,0,0,0,0,0,0,0,0,0,0,0,0,0,0,0,0,0,0,0,0,0,0,0,0,0,0,0,0,0,0,0,0,0,0,0,0,0,
hello,6_30,11_2_58,0.2564,0,0,0,0.2564388,0.0000,0.0000,0.0000,0.0000,0.0000,0.0000,0,0,,,,,,,,0,0,0,0,0,0,0,0,0,0,0,0,0,0,0,0,0,0,0,0,0,0,0,0,0,0,0,0,0,0,0,0,0,0,0,0,0,0,0,0,0,0,0,0,0,0,0,0,0,0,0,
hello,6_30,11_2_58,0.2598,0,0,0,0.259835,0.0000,0.0000,0.0000,0.0000,0.0000,0.0000,0,0,,,,,,,,0,0,0,0,0,0,0,0,0,0,0,0,0,0,0,0,0,0,0,0,0,0,0,0,0,0,0,0,0,0,0,0,0,0,0,0,0,0,0,0,0,0,0,0,0,0,0,0,0,0,0,
hello,6_30,11_2_58,0.2631,0,0,0,0.2631019,0.0000,0.0000,0.0000,0.0000,0.0000,0.0000,0,0,,,,,,,,0,0,0,0,0,0,0,0,0,0,0,0,0,0,0,0,0,0,0,0,0,0,0,0,0,0,0,0,0,0,0,0,0,0,0,0,0,0,0,0,0,0,0,0,0,0,0,0,0,0,0,
hello,6_30,11_2_58,0.2665,0,0,0,0.2665421,0.0000,0.0000,0.0000,0.0000,0.0000,0.0000,0,0,,,,,,,,0,0,0,0,0,0,0,0,0,0,0,0,0,0,0,0,0,0,0,0,0,0,0,0,0,0,0,0,0,0,0,0,0,0,0,0,0,0,0,0,0,0,0,0,0,0,0,0,0,0,0,
hello,6_30,11_2_58,0.2699,0,0,0,0.2698771,0.0000,0.0000,0.0000,0.0000,0.0000,0.0000,0,0,,,,,,,,0,0,0,0,0,0,0,0,0,0,0,0,0,0,0,0,0,0,0,0,0,0,0,0,0,0,0,0,0,0,0,0,0,0,0,0,0,0,0,0,0,0,0,0,0,0,0,0,0,0,0,
hello,6_30,11_2_58,0.2731,0,0,0,0.2731111,0.0000,0.0000,0.0000,0.0000,0.0000,0.0000,0,0,,,,,,,,0,0,0,0,0,0,0,0,0,0,0,0,0,0,0,0,0,0,0,0,0,0,0,0,0,0,0,0,0,0,0,0,0,0,0,0,0,0,0,0,0,0,0,0,0,0,0,0,0,0,0,
hello,6_30,11_2_58,0.2766,0,0,0,0.276558,0.0000,0.0000,0.0000,0.0000,0.0000,0.0000,0,0,,,,,,,,0,0,0,0,0,0,0,0,0,0,0,0,0,0,0,0,0,0,0,0,0,0,0,0,0,0,0,0,0,0,0,0,0,0,0,0,0,0,0,0,0,0,0,0,0,0,0,0,0,0,0,
hello,6_30,11_2_58,0.2799,0,0,0,0.2798747,0.0000,0.0000,0.0000,0.0000,0.0000,0.0000,0,0,,,,,,,,0,0,0,0,0,0,0,0,0,0,0,0,0,0,0,0,0,0,0,0,0,0,0,0,0,0,0,0,0,0,0,0,0,0,0,0,0,0,0,0,0,0,0,0,0,0,0,0,0,0,0,
hello,6_30,11_2_58,0.2832,0,0,0,0.2831694,0.0000,0.0000,0.0000,0.0000,0.0000,0.0000,0,0,,,,,,,,0,0,0,0,0,0,0,0,0,0,0,0,0,0,0,0,0,0,0,0,0,0,0,0,0,0,0,0,0,0,0,0,0,0,0,0,0,0,0,0,0,0,0,0,0,0,0,0,0,0,0,
hello,6_30,11_2_58,0.2867,0,0,0,0.286697,0.0000,0.0000,0.0000,0.0000,0.0000,0.0000,0,0,,,,,,,,0,0,0,0,0,0,0,0,0,0,0,0,0,0,0,0,0,0,0,0,0,0,0,0,0,0,0,0,0,0,0,0,0,0,0,0,0,0,0,0,0,0,0,0,0,0,0,0,0,0,0,
hello,6_30,11_2_58,0.2899,0,0,0,0.2899219,0.0000,0.0000,0.0000,0.0000,0.0000,0.0000,0,0,,,,,,,,0,0,0,0,0,0,0,0,0,0,0,0,0,0,0,0,0,0,0,0,0,0,0,0,0,0,0,0,0,0,0,0,0,0,0,0,0,0,0,0,0,0,0,0,0,0,0,0,0,0,0,
hello,6_30,11_2_58,0.2933,0,0,0,0.2932633,0.0000,0.0000,0.0000,0.0000,0.0000,0.0000,0,0,,,,,,,,0,0,0,0,0,0,0,0,0,0,0,0,0,0,0,0,0,0,0,0,0,0,0,0,0,0,0,0,0,0,0,0,0,0,0,0,0,0,0,0,0,0,0,0,0,0,0,0,0,0,0,
hello,6_30,11_2_58,0.2967,0,0,0,0.2967225,0.0000,0.0000,0.0000,0.0000,0.0000,0.0000,0,0,,,,,,,,0,0,0,0,0,0,0,0,0,0,0,0,0,0,0,0,0,0,0,0,0,0,0,0,0,0,0,0,0,0,0,0,0,0,0,0,0,0,0,0,0,0,0,0,0,0,0,0,0,0,0,
hello,6_30,11_2_58,0.3000,0,0,0,0.2999721,0.0000,0.0000,0.0000,0.0000,0.0000,0.0000,0,0,,,,,,,,0,0,0,0,0,0,0,0,0,0,0,0,0,0,0,0,0,0,0,0,0,0,0,0,0,0,0,0,0,0,0,0,0,0,0,0,0,0,0,0,0,0,0,0,0,0,0,0,0,0,0,
hello,6_30,11_2_58,0.3033,0,0,0,0.3033328,0.0000,0.0000,0.0000,0.0000,0.0000,0.0000,0,0,,,,,,,,0,0,0,0,0,0,0,0,0,0,0,0,0,0,0,0,0,0,0,0,0,0,0,0,0,0,0,0,0,0,0,0,0,0,0,0,0,0,0,0,0,0,0,0,0,0,0,0,0,0,0,
hello,6_30,11_2_58,0.3069,0,0,0,0.3069314,0.0000,0.0000,0.0000,0.0000,0.0000,0.0000,0,0,,,,,,,,0,0,0,0,0,0,0,0,0,0,0,0,0,0,0,0,0,0,0,0,0,0,0,0,0,0,0,0,0,0,0,0,0,0,0,0,0,0,0,0,0,0,0,0,0,0,0,0,0,0,0,
hello,6_30,11_2_58,0.3103,0,0,0,0.3102699,0.0000,0.0000,0.0000,0.0000,0.0000,0.0000,0,0,,,,,,,,0,0,0,0,0,0,0,0,0,0,0,0,0,0,0,0,0,0,0,0,0,0,0,0,0,0,0,0,0,0,0,0,0,0,0,0,0,0,0,0,0,0,0,0,0,0,0,0,0,0,0,
hello,6_30,11_2_58,0.3135,0,0,0,0.3135081,0.0000,0.0000,0.0000,0.0000,0.0000,0.0000,0,0,,,,,,,,0,0,0,0,0,0,0,0,0,0,0,0,0,0,0,0,0,0,0,0,0,0,0,0,0,0,0,0,0,0,0,0,0,0,0,0,0,0,0,0,0,0,0,0,0,0,0,0,0,0,0,
hello,6_30,11_2_58,0.3168,0,0,0,0.3168237,0.0000,0.0000,0.0000,0.0000,0.0000,0.0000,0,0,,,,,,,,0,0,0,0,0,0,0,0,0,0,0,0,0,0,0,0,0,0,0,0,0,0,0,0,0,0,0,0,0,0,0,0,0,0,0,0,0,0,0,0,0,0,0,0,0,0,0,0,0,0,0,
hello,6_30,11_2_58,0.3202,0,0,0,0.320179,0.0000,0.0000,0.0000,0.0000,0.0000,0.0000,0,0,,,,,,,,0,0,0,0,0,0,0,0,0,0,0,0,0,0,0,0,0,0,0,0,0,0,0,0,0,0,0,0,0,0,0,0,0,0,0,0,0,0,0,0,0,0,0,0,0,0,0,0,0,0,0,
hello,6_30,11_2_58,0.3239,0,0,0,0.3238745,0.0000,0.0000,0.0000,0.0000,0.0000,0.0000,0,0,,,,,,,,0,0,0,0,0,0,0,0,0,0,0,0,0,0,0,0,0,0,0,0,0,0,0,0,0,0,0,0,0,0,0,0,0,0,0,0,0,0,0,0,0,0,0,0,0,0,0,0,0,0,0,
hello,6_30,11_2_58,0.3272,0,0,0,0.3272272,0.0000,0.0000,0.0000,0.0000,0.0000,0.0000,0,0,,,,,,,,0,0,0,0,0,0,0,0,0,0,0,0,0,0,0,0,0,0,0,0,0,0,0,0,0,0,0,0,0,0,0,0,0,0,0,0,0,0,0,0,0,0,0,0,0,0,0,0,0,0,0,
hello,6_30,11_2_58,0.3305,0,0,0,0.3304927,0.0000,0.0000,0.0000,0.0000,0.0000,0.0000,0,0,,,,,,,,0,0,0,0,0,0,0,0,0,0,0,0,0,0,0,0,0,0,0,0,0,0,0,0,0,0,0,0,0,0,0,0,0,0,0,0,0,0,0,0,0,0,0,0,0,0,0,0,0,0,0,
hello,6_30,11_2_58,0.3337,0,0,0,0.3336546,0.0000,0.0000,0.0000,0.0000,0.0000,0.0000,0,0,,,,,,,,0,0,0,0,0,0,0,0,0,0,0,0,0,0,0,0,0,0,0,0,0,0,0,0,0,0,0,0,0,0,0,0,0,0,0,0,0,0,0,0,0,0,0,0,0,0,0,0,0,0,0,
hello,6_30,11_2_58,0.3369,0,0,0,0.3368668,0.0000,0.0000,0.0000,0.0000,0.0000,0.0000,0,0,,,,,,,,0,0,0,0,0,0,0,0,0,0,0,0,0,0,0,0,0,0,0,0,0,0,0,0,0,0,0,0,0,0,0,0,0,0,0,0,0,0,0,0,0,0,0,0,0,0,0,0,0,0,0,
hello,6_30,11_2_58,0.3401,0,0,0,0.3400645,0.0000,0.0000,0.0000,0.0000,0.0000,0.0000,0,0,,,,,,,,0,0,0,0,0,0,0,0,0,0,0,0,0,0,0,0,0,0,0,0,0,0,0,0,0,0,0,0,0,0,0,0,0,0,0,0,0,0,0,0,0,0,0,0,0,0,0,0,0,0,0,
hello,6_30,11_2_58,0.3435,0,0,0,0.3434637,0.0000,0.0000,0.0000,0.0000,0.0000,0.0000,0,0,,,,,,,,0,0,0,0,0,0,0,0,0,0,0,0,0,0,0,0,0,0,0,0,0,0,0,0,0,0,0,0,0,0,0,0,0,0,0,0,0,0,0,0,0,0,0,0,0,0,0,0,0,0,0,
hello,6_30,11_2_58,0.3467,0,0,0,0.3467405,0.0000,0.0000,0.0000,0.0000,0.0000,0.0000,0,0,,,,,,,,0,0,0,0,0,0,0,0,0,0,0,0,0,0,0,0,0,0,0,0,0,0,0,0,0,0,0,0,0,0,0,0,0,0,0,0,0,0,0,0,0,0,0,0,0,0,0,0,0,0,0,
hello,6_30,11_2_58,0.3500,0,0,0,0.3500494,0.0000,0.0000,0.0000,0.0000,0.0000,0.0000,0,0,,,,,,,,0,0,0,0,0,0,0,0,0,0,0,0,0,0,0,0,0,0,0,0,0,0,0,0,0,0,0,0,0,0,0,0,0,0,0,0,0,0,0,0,0,0,0,0,0,0,0,0,0,0,0,
hello,6_30,11_2_58,0.3534,0,0,0,0.3533941,0.0000,0.0000,0.0000,0.0000,0.0000,0.0000,0,0,,,,,,,,0,0,0,0,0,0,0,0,0,0,0,0,0,0,0,0,0,0,0,0,0,0,0,0,0,0,0,0,0,0,0,0,0,0,0,0,0,0,0,0,0,0,0,0,0,0,0,0,0,0,0,
hello,6_30,11_2_58,0.3566,0,0,0,0.3565906,0.0000,0.0000,0.0000,0.0000,0.0000,0.0000,0,0,,,,,,,,0,0,0,0,0,0,0,0,0,0,0,0,0,0,0,0,0,0,0,0,0,0,0,0,0,0,0,0,0,0,0,0,0,0,0,0,0,0,0,0,0,0,0,0,0,0,0,0,0,0,0,
hello,6_30,11_2_58,0.3601,0,0,0,0.3600814,0.0000,0.0000,0.0000,0.0000,0.0000,0.0000,0,0,,,,,,,,0,0,0,0,0,0,0,0,0,0,0,0,0,0,0,0,0,0,0,0,0,0,0,0,0,0,0,0,0,0,0,0,0,0,0,0,0,0,0,0,0,0,0,0,0,0,0,0,0,0,0,
hello,6_30,11_2_58,0.3636,0,0,0,0.3635626,0.0000,0.0000,0.0000,0.0000,0.0000,0.0000,0,0,,,,,,,,0,0,0,0,0,0,0,0,0,0,0,0,0,0,0,0,0,0,0,0,0,0,0,0,0,0,0,0,0,0,0,0,0,0,0,0,0,0,0,0,0,0,0,0,0,0,0,0,0,0,0,
hello,6_30,11_2_58,0.3669,0,0,0,0.3668697,0.0000,0.0000,0.0000,0.0000,0.0000,0.0000,0,0,,,,,,,,0,0,0,0,0,0,0,0,0,0,0,0,0,0,0,0,0,0,0,0,0,0,0,0,0,0,0,0,0,0,0,0,0,0,0,0,0,0,0,0,0,0,0,0,0,0,0,0,0,0,0,
hello,6_30,11_2_58,0.3701,0,0,0,0.3700777,0.0000,0.0000,0.0000,0.0000,0.0000,0.0000,0,0,,,,,,,,0,0,0,0,0,0,0,0,0,0,0,0,0,0,0,0,0,0,0,0,0,0,0,0,0,0,0,0,0,0,0,0,0,0,0,0,0,0,0,0,0,0,0,0,0,0,0,0,0,0,0,
hello,6_30,11_2_58,0.3732,0,0,0,0.3732145,0.0000,0.0000,0.0000,0.0000,0.0000,0.0000,0,0,,,,,,,,0,0,0,0,0,0,0,0,0,0,0,0,0,0,0,0,0,0,0,0,0,0,0,0,0,0,0,0,0,0,0,0,0,0,0,0,0,0,0,0,0,0,0,0,0,0,0,0,0,0,0,
hello,6_30,11_2_58,0.3764,0,0,0,0.3763831,0.0000,0.0000,0.0000,0.0000,0.0000,0.0000,0,0,,,,,,,,0,0,0,0,0,0,0,0,0,0,0,0,0,0,0,0,0,0,0,0,0,0,0,0,0,0,0,0,0,0,0,0,0,0,0,0,0,0,0,0,0,0,0,0,0,0,0,0,0,0,0,
hello,6_30,11_2_58,0.3797,0,0,0,0.3796873,0.0000,0.0000,0.0000,0.0000,0.0000,0.0000,0,0,,,,,,,,0,0,0,0,0,0,0,0,0,0,0,0,0,0,0,0,0,0,0,0,0,0,0,0,0,0,0,0,0,0,0,0,0,0,0,0,0,0,0,0,0,0,0,0,0,0,0,0,0,0,0,
hello,6_30,11_2_58,0.3829,0,0,0,0.3828502,0.0000,0.0000,0.0000,0.0000,0.0000,0.0000,0,0,,,,,,,,0,0,0,0,0,0,0,0,0,0,0,0,0,0,0,0,0,0,0,0,0,0,0,0,0,0,0,0,0,0,0,0,0,0,0,0,0,0,0,0,0,0,0,0,0,0,0,0,0,0,0,
hello,6_30,11_2_58,0.3864,0,0,0,0.3863893,0.0000,0.0000,0.0000,0.0000,0.0000,0.0000,0,0,,,,,,,,0,0,0,0,0,0,0,0,0,0,0,0,0,0,0,0,0,0,0,0,0,0,0,0,0,0,0,0,0,0,0,0,0,0,0,0,0,0,0,0,0,0,0,0,0,0,0,0,0,0,0,
hello,6_30,11_2_58,0.3900,0,0,0,0.3899905,0.0000,0.0000,0.0000,0.0000,0.0000,0.0000,0,0,,,,,,,,0,0,0,0,0,0,0,0,0,0,0,0,0,0,0,0,0,0,0,0,0,0,0,0,0,0,0,0,0,0,0,0,0,0,0,0,0,0,0,0,0,0,0,0,0,0,0,0,0,0,0,
hello,6_30,11_2_58,0.3933,0,0,0,0.3932962,0.0000,0.0000,0.0000,0.0000,0.0000,0.0000,0,0,,,,,,,,0,0,0,0,0,0,0,0,0,0,0,0,0,0,0,0,0,0,0,0,0,0,0,0,0,0,0,0,0,0,0,0,0,0,0,0,0,0,0,0,0,0,0,0,0,0,0,0,0,0,0,
hello,6_30,11_2_58,0.3967,0,0,0,0.3967224,0.0000,0.0000,0.0000,0.0000,0.0000,0.0000,0,0,,,,,,,,0,0,0,0,0,0,0,0,0,0,0,0,0,0,0,0,0,0,0,0,0,0,0,0,0,0,0,0,0,0,0,0,0,0,0,0,0,0,0,0,0,0,0,0,0,0,0,0,0,0,0,
hello,6_30,11_2_58,0.4000,0,0,0,0.4000326,0.0000,0.0000,0.0000,0.0000,0.0000,0.0000,0,0,,,,,,,,0,0,0,0,0,0,0,0,0,0,0,0,0,0,0,0,0,0,0,0,0,0,0,0,0,0,0,0,0,0,0,0,0,0,0,0,0,0,0,0,0,0,0,0,0,0,0,0,0,0,0,
hello,6_30,11_2_58,0.4132,0,0,0,0.4132336,0.0000,0.0000,0.0000,0.0000,0.0000,0.0000,0,0,,,,,,,,0,0,0,0,0,0,0,0,0,0,0,0,0,0,0,0,0,0,0,0,0,0,0,0,0,0,0,0,0,0,0,0,0,0,0,0,0,0,0,0,0,0,0,0,0,0,0,0,0,0,0,
hello,6_30,11_2_58,0.4180,0,0,0,0.4180018,0.0000,0.0000,0.0000,0.0000,0.0000,0.0000,0,0,,,,,,,,0,0,0,0,0,0,0,0,0,0,0,0,0,0,0,0,0,0,0,0,0,0,0,0,0,0,0,0,0,0,0,0,0,0,0,0,0,0,0,0,0,0,0,0,0,0,0,0,0,0,0,
hello,6_30,11_2_58,0.4219,0,0,0,0.4218753,0.0000,0.0000,0.0000,0.0000,0.0000,0.0000,0,0,,,,,,,,0,0,0,0,0,0,0,0,0,0,0,0,0,0,0,0,0,0,0,0,0,0,0,0,0,0,0,0,0,0,0,0,0,0,0,0,0,0,0,0,0,0,0,0,0,0,0,0,0,0,0,
hello,6_30,11_2_58,0.4262,0,0,0,0.4261919,0.0000,0.0000,0.0000,0.0000,0.0000,0.0000,0,0,,,,,,,,0,0,0,0,0,0,0,0,0,0,0,0,0,0,0,0,0,0,0,0,0,0,0,0,0,0,0,0,0,0,0,0,0,0,0,0,0,0,0,0,0,0,0,0,0,0,0,0,0,0,0,
hello,6_30,11_2_58,0.4301,0,0,0,0.4301429,0.0000,0.0000,0.0000,0.0000,0.0000,0.0000,0,0,,,,,,,,0,0,0,0,0,0,0,0,0,0,0,0,0,0,0,0,0,0,0,0,0,0,0,0,0,0,0,0,0,0,0,0,0,0,0,0,0,0,0,0,0,0,0,0,0,0,0,0,0,0,0,
hello,6_30,11_2_58,0.4340,0,0,0,0.4339982,0.0000,0.0000,0.0000,0.0000,0.0000,0.0000,0,0,,,,,,,,0,0,0,0,0,0,0,0,0,0,0,0,0,0,0,0,0,0,0,0,0,0,0,0,0,0,0,0,0,0,0,0,0,0,0,0,0,0,0,0,0,0,0,0,0,0,0,0,0,0,0,
hello,6_30,11_2_58,0.4377,0,0,0,0.4376592,0.0000,0.0000,0.0000,0.0000,0.0000,0.0000,0,0,,,,,,,,0,0,0,0,0,0,0,0,0,0,0,0,0,0,0,0,0,0,0,0,0,0,0,0,0,0,0,0,0,0,0,0,0,0,0,0,0,0,0,0,0,0,0,0,0,0,0,0,0,0,0,
hello,6_30,11_2_58,0.4421,0,0,0,0.4420631,0.0000,0.0000,0.0000,0.0000,0.0000,0.0000,0,0,,,,,,,,0,0,0,0,0,0,0,0,0,0,0,0,0,0,0,0,0,0,0,0,0,0,0,0,0,0,0,0,0,0,0,0,0,0,0,0,0,0,0,0,0,0,0,0,0,0,0,0,0,0,0,
hello,6_30,11_2_58,0.4461,0,0,0,0.4461113,0.0000,0.0000,0.0000,0.0000,0.0000,0.0000,0,0,,,,,,,,0,0,0,0,0,0,0,0,0,0,0,0,0,0,0,0,0,0,0,0,0,0,0,0,0,0,0,0,0,0,0,0,0,0,0,0,0,0,0,0,0,0,0,0,0,0,0,0,0,0,0,
hello,6_30,11_2_58,0.4497,0,0,0,0.4497389,0.0000,0.0000,0.0000,0.0000,0.0000,0.0000,0,0,,,,,,,,0,0,0,0,0,0,0,0,0,0,0,0,0,0,0,0,0,0,0,0,0,0,0,0,0,0,0,0,0,0,0,0,0,0,0,0,0,0,0,0,0,0,0,0,0,0,0,0,0,0,0,
hello,6_30,11_2_58,0.4536,0,0,0,0.4536134,0.0000,0.0000,0.0000,0.0000,0.0000,0.0000,0,0,,,,,,,,0,0,0,0,0,0,0,0,0,0,0,0,0,0,0,0,0,0,0,0,0,0,0,0,0,0,0,0,0,0,0,0,0,0,0,0,0,0,0,0,0,0,0,0,0,0,0,0,0,0,0,
hello,6_30,11_2_59,0.4574,0,0,0,0.4574477,0.0000,0.0000,0.0000,0.0000,0.0000,0.0000,0,0,,,,,,,,0,0,0,0,0,0,0,0,0,0,0,0,0,0,0,0,0,0,0,0,0,0,0,0,0,0,0,0,0,0,0,0,0,0,0,0,0,0,0,0,0,0,0,0,0,0,0,0,0,0,0,
hello,6_30,11_2_59,0.4609,0,0,0,0.4609226,0.0000,0.0000,0.0000,0.0000,0.0000,0.0000,0,0,,,,,,,,0,0,0,0,0,0,0,0,0,0,0,0,0,0,0,0,0,0,0,0,0,0,0,0,0,0,0,0,0,0,0,0,0,0,0,0,0,0,0,0,0,0,0,0,0,0,0,0,0,0,0,
hello,6_30,11_2_59,0.4650,0,0,0,0.4649702,0.0000,0.0000,0.0000,0.0000,0.0000,0.0000,0,0,,,,,,,,0,0,0,0,0,0,0,0,0,0,0,0,0,0,0,0,0,0,0,0,0,0,0,0,0,0,0,0,0,0,0,0,0,0,0,0,0,0,0,0,0,0,0,0,0,0,0,0,0,0,0,
hello,6_30,11_2_59,0.4692,0,0,0,0.4691632,0.0000,0.0000,0.0000,0.0000,0.0000,0.0000,0,0,,,,,,,,0,0,0,0,0,0,0,0,0,0,0,0,0,0,0,0,0,0,0,0,0,0,0,0,0,0,0,0,0,0,0,0,0,0,0,0,0,0,0,0,0,0,0,0,0,0,0,0,0,0,0,
hello,6_30,11_2_59,0.4733,0,0,0,0.4732931,0.0000,0.0000,0.0000,0.0000,0.0000,0.0000,0,0,,,,,,,,0,0,0,0,0,0,0,0,0,0,0,0,0,0,0,0,0,0,0,0,0,0,0,0,0,0,0,0,0,0,0,0,0,0,0,0,0,0,0,0,0,0,0,0,0,0,0,0,0,0,0,
hello,6_30,11_2_59,0.4774,0,0,0,0.477445,0.0000,0.0000,0.0000,0.0000,0.0000,0.0000,0,0,,,,,,,,0,0,0,0,0,0,0,0,0,0,0,0,0,0,0,0,0,0,0,0,0,0,0,0,0,0,0,0,0,0,0,0,0,0,0,0,0,0,0,0,0,0,0,0,0,0,0,0,0,0,0,
hello,6_30,11_2_59,0.4812,0,0,0,0.4811574,0.0000,0.0000,0.0000,0.0000,0.0000,0.0000,0,0,,,,,,,,0,0,0,0,0,0,0,0,0,0,0,0,0,0,0,0,0,0,0,0,0,0,0,0,0,0,0,0,0,0,0,0,0,0,0,0,0,0,0,0,0,0,0,0,0,0,0,0,0,0,0,
hello,6_30,11_2_59,0.4853,0,0,0,0.4853113,0.0000,0.0000,0.0000,0.0000,0.0000,0.0000,0,0,,,,,,,,0,0,0,0,0,0,0,0,0,0,0,0,0,0,0,0,0,0,0,0,0,0,0,0,0,0,0,0,0,0,0,0,0,0,0,0,0,0,0,0,0,0,0,0,0,0,0,0,0,0,0,
hello,6_30,11_2_59,0.4895,0,0,0,0.4894588,0.0000,0.0000,0.0000,0.0000,0.0000,0.0000,0,0,,,,,,,,0,0,0,0,0,0,0,0,0,0,0,0,0,0,0,0,0,0,0,0,0,0,0,0,0,0,0,0,0,0,0,0,0,0,0,0,0,0,0,0,0,0,0,0,0,0,0,0,0,0,0,
hello,6_30,11_2_59,0.4934,0,0,0,0.4934331,0.0000,0.0000,0.0000,0.0000,0.0000,0.0000,0,0,,,,,,,,0,0,0,0,0,0,0,0,0,0,0,0,0,0,0,0,0,0,0,0,0,0,0,0,0,0,0,0,0,0,0,0,0,0,0,0,0,0,0,0,0,0,0,0,0,0,0,0,0,0,0,
hello,6_30,11_2_59,0.4973,0,0,0,0.4972665,0.0000,0.0000,0.0000,0.0000,0.0000,0.0000,0,0,,,,,,,,0,0,0,0,0,0,0,0,0,0,0,0,0,0,0,0,0,0,0,0,0,0,0,0,0,0,0,0,0,0,0,0,0,0,0,0,0,0,0,0,0,0,0,0,0,0,0,0,0,0,0,
hello,6_30,11_2_59,0.5013,0,0,0,0.5013138,0.0000,0.0000,0.0000,0.0000,0.0000,0.0000,0,0,,,,,,,,0,0,0,0,0,0,0,0,0,0,0,0,0,0,0,0,0,0,0,0,0,0,0,0,0,0,0,0,0,0,0,0,0,0,0,0,0,0,0,0,0,0,0,0,0,0,0,0,0,0,0,
hello,6_30,11_2_59,0.5054,0,0,0,0.5054324,0.0000,0.0000,0.0000,0.0000,0.0000,0.0000,0,0,,,,,,,,0,0,0,0,0,0,0,0,0,0,0,0,0,0,0,0,0,0,0,0,0,0,0,0,0,0,0,0,0,0,0,0,0,0,0,0,0,0,0,0,0,0,0,0,0,0,0,0,0,0,0,
hello,6_30,11_2_59,0.5091,0,0,0,0.5091056,0.0000,0.0000,0.0000,0.0000,0.0000,0.0000,0,0,,,,,,,,0,0,0,0,0,0,0,0,0,0,0,0,0,0,0,0,0,0,0,0,0,0,0,0,0,0,0,0,0,0,0,0,0,0,0,0,0,0,0,0,0,0,0,0,0,0,0,0,0,0,0,
hello,6_30,11_2_59,0.5125,0,0,0,0.5125401,0.0000,0.0000,0.0000,0.0000,0.0000,0.0000,0,0,,,,,,,,0,0,0,0,0,0,0,0,0,0,0,0,0,0,0,0,0,0,0,0,0,0,0,0,0,0,0,0,0,0,0,0,0,0,0,0,0,0,0,0,0,0,0,0,0,0,0,0,0,0,0,
hello,6_30,11_2_59,0.5161,0,0,0,0.5161252,0.0000,0.0000,0.0000,0.0000,0.0000,0.0000,0,0,,,,,,,,0,0,0,0,0,0,0,0,0,0,0,0,0,0,0,0,0,0,0,0,0,0,0,0,0,0,0,0,0,0,0,0,0,0,0,0,0,0,0,0,0,0,0,0,0,0,0,0,0,0,0,
hello,6_30,11_2_59,0.5200,0,0,0,0.5199912,0.0000,0.0000,0.0000,0.0000,0.0000,0.0000,0,0,,,,,,,,0,0,0,0,0,0,0,0,0,0,0,0,0,0,0,0,0,0,0,0,0,0,0,0,0,0,0,0,0,0,0,0,0,0,0,0,0,0,0,0,0,0,0,0,0,0,0,0,0,0,0,
hello,6_30,11_2_59,0.5236,0,0,0,0.5236051,0.0000,0.0000,0.0000,0.0000,0.0000,0.0000,0,0,,,,,,,,0,0,0,0,0,0,0,0,0,0,0,0,0,0,0,0,0,0,0,0,0,0,0,0,0,0,0,0,0,0,0,0,0,0,0,0,0,0,0,0,0,0,0,0,0,0,0,0,0,0,0,
hello,6_30,11_2_59,0.5281,0,0,0,0.52805,0.0000,0.0000,0.0000,0.0000,0.0000,0.0000,0,0,,,,,,,,0,0,0,0,0,0,0,0,0,0,0,0,0,0,0,0,0,0,0,0,0,0,0,0,0,0,0,0,0,0,0,0,0,0,0,0,0,0,0,0,0,0,0,0,0,0,0,0,0,0,0,
hello,6_30,11_2_59,0.5313,0,0,0,0.5313067,0.0000,0.0000,0.0000,0.0000,0.0000,0.0000,0,0,,,,,,,,0,0,0,0,0,0,0,0,0,0,0,0,0,0,0,0,0,0,0,0,0,0,0,0,0,0,0,0,0,0,0,0,0,0,0,0,0,0,0,0,0,0,0,0,0,0,0,0,0,0,0,
hello,6_30,11_2_59,0.5356,0,0,0,0.5356081,0.0000,0.0000,0.0000,0.0000,0.0000,0.0000,0,0,,,,,,,,0,0,0,0,0,0,0,0,0,0,0,0,0,0,0,0,0,0,0,0,0,0,0,0,0,0,0,0,0,0,0,0,0,0,0,0,0,0,0,0,0,0,0,0,0,0,0,0,0,0,0,
hello,6_30,11_2_59,0.5393,0,0,0,0.5392869,0.0000,0.0000,0.0000,0.0000,0.0000,0.0000,0,0,,,,,,,,0,0,0,0,0,0,0,0,0,0,0,0,0,0,0,0,0,0,0,0,0,0,0,0,0,0,0,0,0,0,0,0,0,0,0,0,0,0,0,0,0,0,0,0,0,0,0,0,0,0,0,
hello,6_30,11_2_59,0.5429,0,0,0,0.5428994,0.0000,0.0000,0.0000,0.0000,0.0000,0.0000,0,0,,,,,,,,0,0,0,0,0,0,0,0,0,0,0,0,0,0,0,0,0,0,0,0,0,0,0,0,0,0,0,0,0,0,0,0,0,0,0,0,0,0,0,0,0,0,0,0,0,0,0,0,0,0,0,
hello,6_30,11_2_59,0.5470,0,0,0,0.5469557,0.0000,0.0000,0.0000,0.0000,0.0000,0.0000,0,0,,,,,,,,0,0,0,0,0,0,0,0,0,0,0,0,0,0,0,0,0,0,0,0,0,0,0,0,0,0,0,0,0,0,0,0,0,0,0,0,0,0,0,0,0,0,0,0,0,0,0,0,0,0,0,
hello,6_30,11_2_59,0.5511,0,0,0,0.5511103,0.0000,0.0000,0.0000,0.0000,0.0000,0.0000,0,0,,,,,,,,0,0,0,0,0,0,0,0,0,0,0,0,0,0,0,0,0,0,0,0,0,0,0,0,0,0,0,0,0,0,0,0,0,0,0,0,0,0,0,0,0,0,0,0,0,0,0,0,0,0,0,
hello,6_30,11_2_59,0.5547,0,0,0,0.554725,0.0000,0.0000,0.0000,0.0000,0.0000,0.0000,0,0,,,,,,,,0,0,0,0,0,0,0,0,0,0,0,0,0,0,0,0,0,0,0,0,0,0,0,0,0,0,0,0,0,0,0,0,0,0,0,0,0,0,0,0,0,0,0,0,0,0,0,0,0,0,0,
hello,6_30,11_2_59,0.5583,0,0,0,0.5583497,0.0000,0.0000,0.0000,0.0000,0.0000,0.0000,0,0,,,,,,,,0,0,0,0,0,0,0,0,0,0,0,0,0,0,0,0,0,0,0,0,0,0,0,0,0,0,0,0,0,0,0,0,0,0,0,0,0,0,0,0,0,0,0,0,0,0,0,0,0,0,0,
hello,6_30,11_2_59,0.5621,0,0,0,0.5620939,0.0000,0.0000,0.0000,0.0000,0.0000,0.0000,0,0,,,,,,,,0,0,0,0,0,0,0,0,0,0,0,0,0,0,0,0,0,0,0,0,0,0,0,0,0,0,0,0,0,0,0,0,0,0,0,0,0,0,0,0,0,0,0,0,0,0,0,0,0,0,0,
hello,6_30,11_2_59,0.5659,0,0,0,0.5658642,0.0000,0.0000,0.0000,0.0000,0.0000,0.0000,0,0,,,,,,,,0,0,0,0,0,0,0,0,0,0,0,0,0,0,0,0,0,0,0,0,0,0,0,0,0,0,0,0,0,0,0,0,0,0,0,0,0,0,0,0,0,0,0,0,0,0,0,0,0,0,0,
hello,6_30,11_2_59,0.5691,0,0,0,0.5690594,0.0000,0.0000,0.0000,0.0000,0.0000,0.0000,0,0,,,,,,,,0,0,0,0,0,0,0,0,0,0,0,0,0,0,0,0,0,0,0,0,0,0,0,0,0,0,0,0,0,0,0,0,0,0,0,0,0,0,0,0,0,0,0,0,0,0,0,0,0,0,0,
hello,6_30,11_2_59,0.5727,0,0,0,0.5727487,0.0000,0.0000,0.0000,0.0000,0.0000,0.0000,0,0,,,,,,,,0,0,0,0,0,0,0,0,0,0,0,0,0,0,0,0,0,0,0,0,0,0,0,0,0,0,0,0,0,0,0,0,0,0,0,0,0,0,0,0,0,0,0,0,0,0,0,0,0,0,0,
hello,6_30,11_2_59,0.5763,0,0,0,0.5763475,0.0000,0.0000,0.0000,0.0000,0.0000,0.0000,0,0,,,,,,,,0,0,0,0,0,0,0,0,0,0,0,0,0,0,0,0,0,0,0,0,0,0,0,0,0,0,0,0,0,0,0,0,0,0,0,0,0,0,0,0,0,0,0,0,0,0,0,0,0,0,0,
hello,6_30,11_2_59,0.5798,0,0,0,0.5797662,0.0000,0.0000,0.0000,0.0000,0.0000,0.0000,0,0,,,,,,,,0,0,0,0,0,0,0,0,0,0,0,0,0,0,0,0,0,0,0,0,0,0,0,0,0,0,0,0,0,0,0,0,0,0,0,0,0,0,0,0,0,0,0,0,0,0,0,0,0,0,0,
hello,6_30,11_2_59,0.5830,0,0,0,0.5829963,0.0000,0.0000,0.0000,0.0000,0.0000,0.0000,0,0,,,,,,,,0,0,0,0,0,0,0,0,0,0,0,0,0,0,0,0,0,0,0,0,0,0,0,0,0,0,0,0,0,0,0,0,0,0,0,0,0,0,0,0,0,0,0,0,0,0,0,0,0,0,0,
hello,6_30,11_2_59,0.5864,0,0,0,0.5863916,0.0000,0.0000,0.0000,0.0000,0.0000,0.0000,0,0,,,,,,,,0,0,0,0,0,0,0,0,0,0,0,0,0,0,0,0,0,0,0,0,0,0,0,0,0,0,0,0,0,0,0,0,0,0,0,0,0,0,0,0,0,0,0,0,0,0,0,0,0,0,0,
hello,6_30,11_2_59,0.5898,0,0,0,0.5898103,0.0000,0.0000,0.0000,0.0000,0.0000,0.0000,0,0,,,,,,,,0,0,0,0,0,0,0,0,0,0,0,0,0,0,0,0,0,0,0,0,0,0,0,0,0,0,0,0,0,0,0,0,0,0,0,0,0,0,0,0,0,0,0,0,0,0,0,0,0,0,0,
hello,6_30,11_2_59,0.5934,0,0,0,0.5933712,0.0000,0.0000,0.0000,0.0000,0.0000,0.0000,0,0,,,,,,,,0,0,0,0,0,0,0,0,0,0,0,0,0,0,0,0,0,0,0,0,0,0,0,0,0,0,0,0,0,0,0,0,0,0,0,0,0,0,0,0,0,0,0,0,0,0,0,0,0,0,0,
hello,6_30,11_2_59,0.5971,0,0,0,0.5971218,0.0000,0.0000,0.0000,0.0000,0.0000,0.0000,0,0,,,,,,,,0,0,0,0,0,0,0,0,0,0,0,0,0,0,0,0,0,0,0,0,0,0,0,0,0,0,0,0,0,0,0,0,0,0,0,0,0,0,0,0,0,0,0,0,0,0,0,0,0,0,0,
hello,6_30,11_2_59,0.6006,0,0,0,0.6006494,0.0000,0.0000,0.0000,0.0000,0.0000,0.0000,0,0,,,,,,,,0,0,0,0,0,0,0,0,0,0,0,0,0,0,0,0,0,0,0,0,0,0,0,0,0,0,0,0,0,0,0,0,0,0,0,0,0,0,0,0,0,0,0,0,0,0,0,0,0,0,0,
hello,6_30,11_2_59,0.6073,0,0,0,0.6073196,0.0000,0.0000,0.0000,0.0000,0.0000,0.0000,0,0,,,,,,,,0,0,0,0,0,0,0,0,0,0,0,0,0,0,0,0,0,0,0,0,0,0,0,0,0,0,0,0,0,0,0,0,0,0,0,0,0,0,0,0,0,0,0,0,0,0,0,0,0,0,0,
hello,6_30,11_2_59,0.6109,0,0,0,0.6109398,0.0000,0.0000,0.0000,0.0000,0.0000,0.0000,0,0,,,,,,,,0,0,0,0,0,0,0,0,0,0,0,0,0,0,0,0,0,0,0,0,0,0,0,0,0,0,0,0,0,0,0,0,0,0,0,0,0,0,0,0,0,0,0,0,0,0,0,0,0,0,0,
hello,6_30,11_2_59,0.6142,0,0,0,0.6142143,0.0000,0.0000,0.0000,0.0000,0.0000,0.0000,0,0,,,,,,,,0,0,0,0,0,0,0,0,0,0,0,0,0,0,0,0,0,0,0,0,0,0,0,0,0,0,0,0,0,0,0,0,0,0,0,0,0,0,0,0,0,0,0,0,0,0,0,0,0,0,0,
hello,6_30,11_2_59,0.6178,0,0,0,0.6177961,0.0000,0.0000,0.0000,0.0000,0.0000,0.0000,0,0,,,,,,,,0,0,0,0,0,0,0,0,0,0,0,0,0,0,0,0,0,0,0,0,0,0,0,0,0,0,0,0,0,0,0,0,0,0,0,0,0,0,0,0,0,0,0,0,0,0,0,0,0,0,0,
hello,6_30,11_2_59,0.6210,0,0,0,0.621027,0.0000,0.0000,0.0000,0.0000,0.0000,0.0000,0,0,,,,,,,,0,0,0,0,0,0,0,0,0,0,0,0,0,0,0,0,0,0,0,0,0,0,0,0,0,0,0,0,0,0,0,0,0,0,0,0,0,0,0,0,0,0,0,0,0,0,0,0,0,0,0,
hello,6_30,11_2_59,0.6245,0,0,0,0.624468,0.0000,0.0000,0.0000,0.0000,0.0000,0.0000,0,0,,,,,,,,0,0,0,0,0,0,0,0,0,0,0,0,0,0,0,0,0,0,0,0,0,0,0,0,0,0,0,0,0,0,0,0,0,0,0,0,0,0,0,0,0,0,0,0,0,0,0,0,0,0,0,
hello,6_30,11_2_59,0.6277,0,0,0,0.627723,0.0000,0.0000,0.0000,0.0000,0.0000,0.0000,0,0,,,,,,,,0,0,0,0,0,0,0,0,0,0,0,0,0,0,0,0,0,0,0,0,0,0,0,0,0,0,0,0,0,0,0,0,0,0,0,0,0,0,0,0,0,0,0,0,0,0,0,0,0,0,0,
hello,6_30,11_2_59,0.6315,0,0,0,0.6315435,0.0000,0.0000,0.0000,0.0000,0.0000,0.0000,0,0,,,,,,,,0,0,0,0,0,0,0,0,0,0,0,0,0,0,0,0,0,0,0,0,0,0,0,0,0,0,0,0,0,0,0,0,0,0,0,0,0,0,0,0,0,0,0,0,0,0,0,0,0,0,0,
hello,6_30,11_2_59,0.6353,0,0,0,0.6352697,0.0000,0.0000,0.0000,0.0000,0.0000,0.0000,0,0,,,,,,,,0,0,0,0,0,0,0,0,0,0,0,0,0,0,0,0,0,0,0,0,0,0,0,0,0,0,0,0,0,0,0,0,0,0,0,0,0,0,0,0,0,0,0,0,0,0,0,0,0,0,0,
hello,6_30,11_2_59,0.6393,0,0,0,0.6393202,0.0000,0.0000,0.0000,0.0000,0.0000,0.0000,0,0,,,,,,,,0,0,0,0,0,0,0,0,0,0,0,0,0,0,0,0,0,0,0,0,0,0,0,0,0,0,0,0,0,0,0,0,0,0,0,0,0,0,0,0,0,0,0,0,0,0,0,0,0,0,0,
hello,6_30,11_2_59,0.6433,0,0,0,0.6433477,0.0000,0.0000,0.0000,0.0000,0.0000,0.0000,0,0,,,,,,,,0,0,0,0,0,0,0,0,0,0,0,0,0,0,0,0,0,0,0,0,0,0,0,0,0,0,0,0,0,0,0,0,0,0,0,0,0,0,0,0,0,0,0,0,0,0,0,0,0,0,0,
hello,6_30,11_2_59,0.6475,0,0,0,0.6474526,0.0000,0.0000,0.0000,0.0000,0.0000,0.0000,0,0,,,,,,,,0,0,0,0,0,0,0,0,0,0,0,0,0,0,0,0,0,0,0,0,0,0,0,0,0,0,0,0,0,0,0,0,0,0,0,0,0,0,0,0,0,0,0,0,0,0,0,0,0,0,0,
hello,6_30,11_2_59,0.6517,0,0,0,0.651697,0.0000,0.0000,0.0000,0.0000,0.0000,0.0000,0,0,,,,,,,,0,0,0,0,0,0,0,0,0,0,0,0,0,0,0,0,0,0,0,0,0,0,0,0,0,0,0,0,0,0,0,0,0,0,0,0,0,0,0,0,0,0,0,0,0,0,0,0,0,0,0,
hello,6_30,11_2_59,0.6556,0,0,0,0.6555872,0.0000,0.0000,0.0000,0.0000,0.0000,0.0000,0,0,,,,,,,,0,0,0,0,0,0,0,0,0,0,0,0,0,0,0,0,0,0,0,0,0,0,0,0,0,0,0,0,0,0,0,0,0,0,0,0,0,0,0,0,0,0,0,0,0,0,0,0,0,0,0,
hello,6_30,11_2_59,0.6598,0,0,0,0.6598155,0.0000,0.0000,0.0000,0.0000,0.0000,0.0000,0,0,,,,,,,,0,0,0,0,0,0,0,0,0,0,0,0,0,0,0,0,0,0,0,0,0,0,0,0,0,0,0,0,0,0,0,0,0,0,0,0,0,0,0,0,0,0,0,0,0,0,0,0,0,0,0,
hello,6_30,11_2_59,0.6643,0,0,0,0.6642577,0.0000,0.0000,0.0000,0.0000,0.0000,0.0000,0,0,,,,,,,,0,0,0,0,0,0,0,0,0,0,0,0,0,0,0,0,0,0,0,0,0,0,0,0,0,0,0,0,0,0,0,0,0,0,0,0,0,0,0,0,0,0,0,0,0,0,0,0,0,0,0,
hello,6_30,11_2_59,0.6686,0,0,0,0.6686236,0.0000,0.0000,0.0000,0.0000,0.0000,0.0000,0,0,,,,,,,,0,0,0,0,0,0,0,0,0,0,0,0,0,0,0,0,0,0,0,0,0,0,0,0,0,0,0,0,0,0,0,0,0,0,0,0,0,0,0,0,0,0,0,0,0,0,0,0,0,0,0,
hello,6_30,11_2_59,0.6722,0,0,0,0.6722251,0.0000,0.0000,0.0000,0.0000,0.0000,0.0000,0,0,,,,,,,,0,0,0,0,0,0,0,0,0,0,0,0,0,0,0,0,0,0,0,0,0,0,0,0,0,0,0,0,0,0,0,0,0,0,0,0,0,0,0,0,0,0,0,0,0,0,0,0,0,0,0,
hello,6_30,11_2_59,0.6762,0,0,0,0.6762376,0.0000,0.0000,0.0000,0.0000,0.0000,0.0000,0,0,,,,,,,,0,0,0,0,0,0,0,0,0,0,0,0,0,0,0,0,0,0,0,0,0,0,0,0,0,0,0,0,0,0,0,0,0,0,0,0,0,0,0,0,0,0,0,0,0,0,0,0,0,0,0,
hello,6_30,11_2_59,0.6799,0,0,0,0.6798565,0.0000,0.0000,0.0000,0.0000,0.0000,0.0000,0,0,,,,,,,,0,0,0,0,0,0,0,0,0,0,0,0,0,0,0,0,0,0,0,0,0,0,0,0,0,0,0,0,0,0,0,0,0,0,0,0,0,0,0,0,0,0,0,0,0,0,0,0,0,0,0,
hello,6_30,11_2_59,0.6838,0,0,0,0.6837818,0.0000,0.0000,0.0000,0.0000,0.0000,0.0000,0,0,,,,,,,,0,0,0,0,0,0,0,0,0,0,0,0,0,0,0,0,0,0,0,0,0,0,0,0,0,0,0,0,0,0,0,0,0,0,0,0,0,0,0,0,0,0,0,0,0,0,0,0,0,0,0,
hello,6_30,11_2_59,0.6876,0,0,0,0.6876229,0.0000,0.0000,0.0000,0.0000,0.0000,0.0000,0,0,,,,,,,,0,0,0,0,0,0,0,0,0,0,0,0,0,0,0,0,0,0,0,0,0,0,0,0,0,0,0,0,0,0,0,0,0,0,0,0,0,0,0,0,0,0,0,0,0,0,0,0,0,0,0,
hello,6_30,11_2_59,0.6916,0,0,0,0.6916339,0.0000,0.0000,0.0000,0.0000,0.0000,0.0000,0,0,,,,,,,,0,0,0,0,0,0,0,0,0,0,0,0,0,0,0,0,0,0,0,0,0,0,0,0,0,0,0,0,0,0,0,0,0,0,0,0,0,0,0,0,0,0,0,0,0,0,0,0,0,0,0,
hello,6_30,11_2_59,0.6955,0,0,0,0.6955136,0.0000,0.0000,0.0000,0.0000,0.0000,0.0000,0,0,,,,,,,,0,0,0,0,0,0,0,0,0,0,0,0,0,0,0,0,0,0,0,0,0,0,0,0,0,0,0,0,0,0,0,0,0,0,0,0,0,0,0,0,0,0,0,0,0,0,0,0,0,0,0,
hello,6_30,11_2_59,0.6998,0,0,0,0.6998161,0.0000,0.0000,0.0000,0.0000,0.0000,0.0000,0,0,,,,,,,,0,0,0,0,0,0,0,0,0,0,0,0,0,0,0,0,0,0,0,0,0,0,0,0,0,0,0,0,0,0,0,0,0,0,0,0,0,0,0,0,0,0,0,0,0,0,0,0,0,0,0,
hello,6_30,11_2_59,0.7034,0,0,0,0.7034482,0.0000,0.0000,0.0000,0.0000,0.0000,0.0000,0,0,,,,,,,,0,0,0,0,0,0,0,0,0,0,0,0,0,0,0,0,0,0,0,0,0,0,0,0,0,0,0,0,0,0,0,0,0,0,0,0,0,0,0,0,0,0,0,0,0,0,0,0,0,0,0,
hello,6_30,11_2_59,0.7074,0,0,0,0.7074267,0.0000,0.0000,0.0000,0.0000,0.0000,0.0000,0,0,,,,,,,,0,0,0,0,0,0,0,0,0,0,0,0,0,0,0,0,0,0,0,0,0,0,0,0,0,0,0,0,0,0,0,0,0,0,0,0,0,0,0,0,0,0,0,0,0,0,0,0,0,0,0,
hello,6_30,11_2_59,0.7110,0,0,0,0.7109936,0.0000,0.0000,0.0000,0.0000,0.0000,0.0000,0,0,,,,,,,,0,0,0,0,0,0,0,0,0,0,0,0,0,0,0,0,0,0,0,0,0,0,0,0,0,0,0,0,0,0,0,0,0,0,0,0,0,0,0,0,0,0,0,0,0,0,0,0,0,0,0,
hello,6_30,11_2_59,0.7145,0,0,0,0.7145191,0.0000,0.0000,0.0000,0.0000,0.0000,0.0000,0,0,,,,,,,,0,0,0,0,0,0,0,0,0,0,0,0,0,0,0,0,0,0,0,0,0,0,0,0,0,0,0,0,0,0,0,0,0,0,0,0,0,0,0,0,0,0,0,0,0,0,0,0,0,0,0,
hello,6_30,11_2_59,0.7181,0,0,0,0.7181004,0.0000,0.0000,0.0000,0.0000,0.0000,0.0000,0,0,,,,,,,,0,0,0,0,0,0,0,0,0,0,0,0,0,0,0,0,0,0,0,0,0,0,0,0,0,0,0,0,0,0,0,0,0,0,0,0,0,0,0,0,0,0,0,0,0,0,0,0,0,0,0,
hello,6_30,11_2_59,0.7220,0,0,0,0.7219941,0.0000,0.0000,0.0000,0.0000,0.0000,0.0000,0,0,,,,,,,,0,0,0,0,0,0,0,0,0,0,0,0,0,0,0,0,0,0,0,0,0,0,0,0,0,0,0,0,0,0,0,0,0,0,0,0,0,0,0,0,0,0,0,0,0,0,0,0,0,0,0,
hello,6_30,11_2_59,0.7260,0,0,0,0.7259598,0.0000,0.0000,0.0000,0.0000,0.0000,0.0000,0,0,,,,,,,,0,0,0,0,0,0,0,0,0,0,0,0,0,0,0,0,0,0,0,0,0,0,0,0,0,0,0,0,0,0,0,0,0,0,0,0,0,0,0,0,0,0,0,0,0,0,0,0,0,0,0,
hello,6_30,11_2_59,0.7294,0,0,0,0.7294238,0.0000,0.0000,0.0000,0.0000,0.0000,0.0000,0,0,,,,,,,,0,0,0,0,0,0,0,0,0,0,0,0,0,0,0,0,0,0,0,0,0,0,0,0,0,0,0,0,0,0,0,0,0,0,0,0,0,0,0,0,0,0,0,0,0,0,0,0,0,0,0,
hello,6_30,11_2_59,0.7329,0,0,0,0.7329228,0.0000,0.0000,0.0000,0.0000,0.0000,0.0000,0,0,,,,,,,,0,0,0,0,0,0,0,0,0,0,0,0,0,0,0,0,0,0,0,0,0,0,0,0,0,0,0,0,0,0,0,0,0,0,0,0,0,0,0,0,0,0,0,0,0,0,0,0,0,0,0,
hello,6_30,11_2_59,0.7364,0,0,0,0.7363895,0.0000,0.0000,0.0000,0.0000,0.0000,0.0000,0,0,,,,,,,,0,0,0,0,0,0,0,0,0,0,0,0,0,0,0,0,0,0,0,0,0,0,0,0,0,0,0,0,0,0,0,0,0,0,0,0,0,0,0,0,0,0,0,0,0,0,0,0,0,0,0,
hello,6_30,11_2_59,0.7402,0,0,0,0.7401598,0.0000,0.0000,0.0000,0.0000,0.0000,0.0000,0,0,,,,,,,,0,0,0,0,0,0,0,0,0,0,0,0,0,0,0,0,0,0,0,0,0,0,0,0,0,0,0,0,0,0,0,0,0,0,0,0,0,0,0,0,0,0,0,0,0,0,0,0,0,0,0,
hello,6_30,11_2_59,0.7444,0,0,0,0.7443696,0.0000,0.0000,0.0000,0.0000,0.0000,0.0000,0,0,,,,,,,,0,0,0,0,0,0,0,0,0,0,0,0,0,0,0,0,0,0,0,0,0,0,0,0,0,0,0,0,0,0,0,0,0,0,0,0,0,0,0,0,0,0,0,0,0,0,0,0,0,0,0,
hello,6_30,11_2_59,0.7480,0,0,0,0.747978,0.0000,0.0000,0.0000,0.0000,0.0000,0.0000,0,0,,,,,,,,0,0,0,0,0,0,0,0,0,0,0,0,0,0,0,0,0,0,0,0,0,0,0,0,0,0,0,0,0,0,0,0,0,0,0,0,0,0,0,0,0,0,0,0,0,0,0,0,0,0,0,
hello,6_30,11_2_59,0.7516,0,0,0,0.7515928,0.0000,0.0000,0.0000,0.0000,0.0000,0.0000,0,0,,,,,,,,0,0,0,0,0,0,0,0,0,0,0,0,0,0,0,0,0,0,0,0,0,0,0,0,0,0,0,0,0,0,0,0,0,0,0,0,0,0,0,0,0,0,0,0,0,0,0,0,0,0,0,
hello,6_30,11_2_59,0.7552,0,0,0,0.7552382,0.0000,0.0000,0.0000,0.0000,0.0000,0.0000,0,0,,,,,,,,0,0,0,0,0,0,0,0,0,0,0,0,0,0,0,0,0,0,0,0,0,0,0,0,0,0,0,0,0,0,0,0,0,0,0,0,0,0,0,0,0,0,0,0,0,0,0,0,0,0,0,
hello,6_30,11_2_59,0.7589,0,0,0,0.7588774,0.0000,0.0000,0.0000,0.0000,0.0000,0.0000,0,0,,,,,,,,0,0,0,0,0,0,0,0,0,0,0,0,0,0,0,0,0,0,0,0,0,0,0,0,0,0,0,0,0,0,0,0,0,0,0,0,0,0,0,0,0,0,0,0,0,0,0,0,0,0,0,
hello,6_30,11_2_59,0.7621,0,0,0,0.7620687,0.0000,0.0000,0.0000,0.0000,0.0000,0.0000,0,0,,,,,,,,0,0,0,0,0,0,0,0,0,0,0,0,0,0,0,0,0,0,0,0,0,0,0,0,0,0,0,0,0,0,0,0,0,0,0,0,0,0,0,0,0,0,0,0,0,0,0,0,0,0,0,
hello,6_30,11_2_59,0.7655,0,0,0,0.7655394,0.0000,0.0000,0.0000,0.0000,0.0000,0.0000,0,0,,,,,,,,0,0,0,0,0,0,0,0,0,0,0,0,0,0,0,0,0,0,0,0,0,0,0,0,0,0,0,0,0,0,0,0,0,0,0,0,0,0,0,0,0,0,0,0,0,0,0,0,0,0,0,
hello,6_30,11_2_59,0.7695,0,0,0,0.7695026,0.0000,0.0000,0.0000,0.0000,0.0000,0.0000,0,0,,,,,,,,0,0,0,0,0,0,0,0,0,0,0,0,0,0,0,0,0,0,0,0,0,0,0,0,0,0,0,0,0,0,0,0,0,0,0,0,0,0,0,0,0,0,0,0,0,0,0,0,0,0,0,
hello,6_30,11_2_59,0.7728,0,0,0,0.7727636,0.0000,0.0000,0.0000,0.0000,0.0000,0.0000,0,0,,,,,,,,0,0,0,0,0,0,0,0,0,0,0,0,0,0,0,0,0,0,0,0,0,0,0,0,0,0,0,0,0,0,0,0,0,0,0,0,0,0,0,0,0,0,0,0,0,0,0,0,0,0,0,
hello,6_30,11_2_59,0.7761,0,0,0,0.7760944,0.0000,0.0000,0.0000,0.0000,0.0000,0.0000,0,0,,,,,,,,0,0,0,0,0,0,0,0,0,0,0,0,0,0,0,0,0,0,0,0,0,0,0,0,0,0,0,0,0,0,0,0,0,0,0,0,0,0,0,0,0,0,0,0,0,0,0,0,0,0,0,
hello,6_30,11_2_59,0.7798,0,0,0,0.7797737,0.0000,0.0000,0.0000,0.0000,0.0000,0.0000,0,0,,,,,,,,0,0,0,0,0,0,0,0,0,0,0,0,0,0,0,0,0,0,0,0,0,0,0,0,0,0,0,0,0,0,0,0,0,0,0,0,0,0,0,0,0,0,0,0,0,0,0,0,0,0,0,
hello,6_30,11_2_59,0.7836,0,0,0,0.783627,0.0000,0.0000,0.0000,0.0000,0.0000,0.0000,0,0,,,,,,,,0,0,0,0,0,0,0,0,0,0,0,0,0,0,0,0,0,0,0,0,0,0,0,0,0,0,0,0,0,0,0,0,0,0,0,0,0,0,0,0,0,0,0,0,0,0,0,0,0,0,0,
hello,6_30,11_2_59,0.7871,0,0,0,0.7870911,0.0000,0.0000,0.0000,0.0000,0.0000,0.0000,0,0,,,,,,,,0,0,0,0,0,0,0,0,0,0,0,0,0,0,0,0,0,0,0,0,0,0,0,0,0,0,0,0,0,0,0,0,0,0,0,0,0,0,0,0,0,0,0,0,0,0,0,0,0,0,0,
hello,6_30,11_2_59,0.7904,0,0,0,0.7904117,0.0000,0.0000,0.0000,0.0000,0.0000,0.0000,0,0,,,,,,,,0,0,0,0,0,0,0,0,0,0,0,0,0,0,0,0,0,0,0,0,0,0,0,0,0,0,0,0,0,0,0,0,0,0,0,0,0,0,0,0,0,0,0,0,0,0,0,0,0,0,0,
hello,6_30,11_2_59,0.7941,0,0,0,0.7940937,0.0000,0.0000,0.0000,0.0000,0.0000,0.0000,0,0,,,,,,,,0,0,0,0,0,0,0,0,0,0,0,0,0,0,0,0,0,0,0,0,0,0,0,0,0,0,0,0,0,0,0,0,0,0,0,0,0,0,0,0,0,0,0,0,0,0,0,0,0,0,0,
hello,6_30,11_2_59,0.7972,0,0,0,0.7972298,0.0000,0.0000,0.0000,0.0000,0.0000,0.0000,0,0,,,,,,,,0,0,0,0,0,0,0,0,0,0,0,0,0,0,0,0,0,0,0,0,0,0,0,0,0,0,0,0,0,0,0,0,0,0,0,0,0,0,0,0,0,0,0,0,0,0,0,0,0,0,0,
hello,6_30,11_2_59,0.8007,0,0,0,0.8007249,0.0000,0.0000,0.0000,0.0000,0.0000,0.0000,0,0,,,,,,,,0,0,0,0,0,0,0,0,0,0,0,0,0,0,0,0,0,0,0,0,0,0,0,0,0,0,0,0,0,0,0,0,0,0,0,0,0,0,0,0,0,0,0,0,0,0,0,0,0,0,0,
hello,6_30,11_2_59,0.8070,0,0,0,0.8070334,0.0000,0.0000,0.0000,0.0000,0.0000,0.0000,0,0,,,,,,,,0,0,0,0,0,0,0,0,0,0,0,0,0,0,0,0,0,0,0,0,0,0,0,0,0,0,0,0,0,0,0,0,0,0,0,0,0,0,0,0,0,0,0,0,0,0,0,0,0,0,0,
hello,6_30,11_2_59,0.8103,0,0,0,0.8103336,0.0000,0.0000,0.0000,0.0000,0.0000,0.0000,0,0,,,,,,,,0,0,0,0,0,0,0,0,0,0,0,0,0,0,0,0,0,0,0,0,0,0,0,0,0,0,0,0,0,0,0,0,0,0,0,0,0,0,0,0,0,0,0,0,0,0,0,0,0,0,0,
hello,6_30,11_2_59,0.8140,0,0,0,0.8140165,0.0000,0.0000,0.0000,0.0000,0.0000,0.0000,0,0,,,,,,,,0,0,0,0,0,0,0,0,0,0,0,0,0,0,0,0,0,0,0,0,0,0,0,0,0,0,0,0,0,0,0,0,0,0,0,0,0,0,0,0,0,0,0,0,0,0,0,0,0,0,0,
hello,6_30,11_2_59,0.8176,0,0,0,0.8176041,0.0000,0.0000,0.0000,0.0000,0.0000,0.0000,0,0,,,,,,,,0,0,0,0,0,0,0,0,0,0,0,0,0,0,0,0,0,0,0,0,0,0,0,0,0,0,0,0,0,0,0,0,0,0,0,0,0,0,0,0,0,0,0,0,0,0,0,0,0,0,0,
hello,6_30,11_2_59,0.8214,0,0,0,0.8213989,0.0000,0.0000,0.0000,0.0000,0.0000,0.0000,0,0,,,,,,,,0,0,0,0,0,0,0,0,0,0,0,0,0,0,0,0,0,0,0,0,0,0,0,0,0,0,0,0,0,0,0,0,0,0,0,0,0,0,0,0,0,0,0,0,0,0,0,0,0,0,0,
hello,6_30,11_2_59,0.8252,0,0,0,0.8251752,0.0000,0.0000,0.0000,0.0000,0.0000,0.0000,0,0,,,,,,,,0,0,0,0,0,0,0,0,0,0,0,0,0,0,0,0,0,0,0,0,0,0,0,0,0,0,0,0,0,0,0,0,0,0,0,0,0,0,0,0,0,0,0,0,0,0,0,0,0,0,0,
hello,6_30,11_2_59,0.8290,0,0,0,0.8289969,0.0000,0.0000,0.0000,0.0000,0.0000,0.0000,0,0,,,,,,,,0,0,0,0,0,0,0,0,0,0,0,0,0,0,0,0,0,0,0,0,0,0,0,0,0,0,0,0,0,0,0,0,0,0,0,0,0,0,0,0,0,0,0,0,0,0,0,0,0,0,0,
hello,6_30,11_2_59,0.8325,0,0,0,0.8324884,0.0000,0.0000,0.0000,0.0000,0.0000,0.0000,0,0,,,,,,,,0,0,0,0,0,0,0,0,0,0,0,0,0,0,0,0,0,0,0,0,0,0,0,0,0,0,0,0,0,0,0,0,0,0,0,0,0,0,0,0,0,0,0,0,0,0,0,0,0,0,0,
hello,6_30,11_2_59,0.8362,0,0,0,0.8361853,0.0000,0.0000,0.0000,0.0000,0.0000,0.0000,0,0,,,,,,,,0,0,0,0,0,0,0,0,0,0,0,0,0,0,0,0,0,0,0,0,0,0,0,0,0,0,0,0,0,0,0,0,0,0,0,0,0,0,0,0,0,0,0,0,0,0,0,0,0,0,0,
hello,6_30,11_2_59,0.8402,0,0,0,0.8401837,0.0000,0.0000,0.0000,0.0000,0.0000,0.0000,0,0,,,,,,,,0,0,0,0,0,0,0,0,0,0,0,0,0,0,0,0,0,0,0,0,0,0,0,0,0,0,0,0,0,0,0,0,0,0,0,0,0,0,0,0,0,0,0,0,0,0,0,0,0,0,0,
hello,6_30,11_2_59,0.8446,0,0,0,0.8445647,0.0000,0.0000,0.0000,0.0000,0.0000,0.0000,0,0,,,,,,,,0,0,0,0,0,0,0,0,0,0,0,0,0,0,0,0,0,0,0,0,0,0,0,0,0,0,0,0,0,0,0,0,0,0,0,0,0,0,0,0,0,0,0,0,0,0,0,0,0,0,0,
hello,6_30,11_2_59,0.8490,0,0,0,0.8489838,0.0000,0.0000,0.0000,0.0000,0.0000,0.0000,0,0,,,,,,,,0,0,0,0,0,0,0,0,0,0,0,0,0,0,0,0,0,0,0,0,0,0,0,0,0,0,0,0,0,0,0,0,0,0,0,0,0,0,0,0,0,0,0,0,0,0,0,0,0,0,0,
hello,6_30,11_2_59,0.8533,0,0,0,0.8532518,0.0000,0.0000,0.0000,0.0000,0.0000,0.0000,0,0,,,,,,,,0,0,0,0,0,0,0,0,0,0,0,0,0,0,0,0,0,0,0,0,0,0,0,0,0,0,0,0,0,0,0,0,0,0,0,0,0,0,0,0,0,0,0,0,0,0,0,0,0,0,0,
hello,6_30,11_2_59,0.8574,0,0,0,0.8574241,0.0000,0.0000,0.0000,0.0000,0.0000,0.0000,0,0,,,,,,,,0,0,0,0,0,0,0,0,0,0,0,0,0,0,0,0,0,0,0,0,0,0,0,0,0,0,0,0,0,0,0,0,0,0,0,0,0,0,0,0,0,0,0,0,0,0,0,0,0,0,0,
hello,6_30,11_2_59,0.8614,0,0,0,0.8614019,0.0000,0.0000,0.0000,0.0000,0.0000,0.0000,0,0,,,,,,,,0,0,0,0,0,0,0,0,0,0,0,0,0,0,0,0,0,0,0,0,0,0,0,0,0,0,0,0,0,0,0,0,0,0,0,0,0,0,0,0,0,0,0,0,0,0,0,0,0,0,0,
hello,6_30,11_2_59,0.8655,0,0,0,0.8655188,0.0000,0.0000,0.0000,0.0000,0.0000,0.0000,0,0,,,,,,,,0,0,0,0,0,0,0,0,0,0,0,0,0,0,0,0,0,0,0,0,0,0,0,0,0,0,0,0,0,0,0,0,0,0,0,0,0,0,0,0,0,0,0,0,0,0,0,0,0,0,0,
hello,6_30,11_2_59,0.8693,0,0,0,0.8692877,0.0000,0.0000,0.0000,0.0000,0.0000,0.0000,0,0,,,,,,,,0,0,0,0,0,0,0,0,0,0,0,0,0,0,0,0,0,0,0,0,0,0,0,0,0,0,0,0,0,0,0,0,0,0,0,0,0,0,0,0,0,0,0,0,0,0,0,0,0,0,0,
hello,6_30,11_2_59,0.8729,0,0,0,0.8728741,0.0000,0.0000,0.0000,0.0000,0.0000,0.0000,0,0,,,,,,,,0,0,0,0,0,0,0,0,0,0,0,0,0,0,0,0,0,0,0,0,0,0,0,0,0,0,0,0,0,0,0,0,0,0,0,0,0,0,0,0,0,0,0,0,0,0,0,0,0,0,0,
hello,6_30,11_2_59,0.8766,0,0,0,0.8765716,0.0000,0.0000,0.0000,0.0000,0.0000,0.0000,0,0,,,,,,,,0,0,0,0,0,0,0,0,0,0,0,0,0,0,0,0,0,0,0,0,0,0,0,0,0,0,0,0,0,0,0,0,0,0,0,0,0,0,0,0,0,0,0,0,0,0,0,0,0,0,0,
hello,6_30,11_2_59,0.8803,0,0,0,0.8802829,0.0000,0.0000,0.0000,0.0000,0.0000,0.0000,0,0,,,,,,,,0,0,0,0,0,0,0,0,0,0,0,0,0,0,0,0,0,0,0,0,0,0,0,0,0,0,0,0,0,0,0,0,0,0,0,0,0,0,0,0,0,0,0,0,0,0,0,0,0,0,0,
hello,6_30,11_2_59,0.8841,0,0,0,0.8840605,0.0000,0.0000,0.0000,0.0000,0.0000,0.0000,0,0,,,,,,,,0,0,0,0,0,0,0,0,0,0,0,0,0,0,0,0,0,0,0,0,0,0,0,0,0,0,0,0,0,0,0,0,0,0,0,0,0,0,0,0,0,0,0,0,0,0,0,0,0,0,0,
hello,6_30,11_2_59,0.8884,0,0,0,0.8883575,0.0000,0.0000,0.0000,0.0000,0.0000,0.0000,0,0,,,,,,,,0,0,0,0,0,0,0,0,0,0,0,0,0,0,0,0,0,0,0,0,0,0,0,0,0,0,0,0,0,0,0,0,0,0,0,0,0,0,0,0,0,0,0,0,0,0,0,0,0,0,0,
hello,6_30,11_2_59,0.8924,0,0,0,0.8924307,0.0000,0.0000,0.0000,0.0000,0.0000,0.0000,0,0,,,,,,,,0,0,0,0,0,0,0,0,0,0,0,0,0,0,0,0,0,0,0,0,0,0,0,0,0,0,0,0,0,0,0,0,0,0,0,0,0,0,0,0,0,0,0,0,0,0,0,0,0,0,0,
hello,6_30,11_2_59,0.8965,0,0,0,0.8964516,0.0000,0.0000,0.0000,0.0000,0.0000,0.0000,0,0,,,,,,,,0,0,0,0,0,0,0,0,0,0,0,0,0,0,0,0,0,0,0,0,0,0,0,0,0,0,0,0,0,0,0,0,0,0,0,0,0,0,0,0,0,0,0,0,0,0,0,0,0,0,0,
hello,6_30,11_2_59,0.9000,0,0,0,0.900003,0.0000,0.0000,0.0000,0.0000,0.0000,0.0000,0,0,,,,,,,,0,0,0,0,0,0,0,0,0,0,0,0,0,0,0,0,0,0,0,0,0,0,0,0,0,0,0,0,0,0,0,0,0,0,0,0,0,0,0,0,0,0,0,0,0,0,0,0,0,0,0,
hello,6_30,11_2_59,0.9042,0,0,0,0.9042469,0.0000,0.0000,0.0000,0.0000,0.0000,0.0000,0,0,,,,,,,,0,0,0,0,0,0,0,0,0,0,0,0,0,0,0,0,0,0,0,0,0,0,0,0,0,0,0,0,0,0,0,0,0,0,0,0,0,0,0,0,0,0,0,0,0,0,0,0,0,0,0,
hello,6_30,11_2_59,0.9080,0,0,0,0.9079883,0.0000,0.0000,0.0000,0.0000,0.0000,0.0000,0,0,,,,,,,,0,0,0,0,0,0,0,0,0,0,0,0,0,0,0,0,0,0,0,0,0,0,0,0,0,0,0,0,0,0,0,0,0,0,0,0,0,0,0,0,0,0,0,0,0,0,0,0,0,0,0,
hello,6_30,11_2_59,0.9117,0,0,0,0.9116918,0.0000,0.0000,0.0000,0.0000,0.0000,0.0000,0,0,,,,,,,,0,0,0,0,0,0,0,0,0,0,0,0,0,0,0,0,0,0,0,0,0,0,0,0,0,0,0,0,0,0,0,0,0,0,0,0,0,0,0,0,0,0,0,0,0,0,0,0,0,0,0,
hello,6_30,11_2_59,0.9154,0,0,0,0.9153809,0.0000,0.0000,0.0000,0.0000,0.0000,0.0000,0,0,,,,,,,,0,0,0,0,0,0,0,0,0,0,0,0,0,0,0,0,0,0,0,0,0,0,0,0,0,0,0,0,0,0,0,0,0,0,0,0,0,0,0,0,0,0,0,0,0,0,0,0,0,0,0,
hello,6_30,11_2_59,0.9192,0,0,0,0.9192194,0.0000,0.0000,0.0000,0.0000,0.0000,0.0000,0,0,,,,,,,,0,0,0,0,0,0,0,0,0,0,0,0,0,0,0,0,0,0,0,0,0,0,0,0,0,0,0,0,0,0,0,0,0,0,0,0,0,0,0,0,0,0,0,0,0,0,0,0,0,0,0,
hello,6_30,11_2_59,0.9230,0,0,0,0.9229965,0.0000,0.0000,0.0000,0.0000,0.0000,0.0000,0,0,,,,,,,,0,0,0,0,0,0,0,0,0,0,0,0,0,0,0,0,0,0,0,0,0,0,0,0,0,0,0,0,0,0,0,0,0,0,0,0,0,0,0,0,0,0,0,0,0,0,0,0,0,0,0,
hello,6_30,11_2_59,0.9270,0,0,0,0.9269802,0.0000,0.0000,0.0000,0.0000,0.0000,0.0000,0,0,,,,,,,,0,0,0,0,0,0,0,0,0,0,0,0,0,0,0,0,0,0,0,0,0,0,0,0,0,0,0,0,0,0,0,0,0,0,0,0,0,0,0,0,0,0,0,0,0,0,0,0,0,0,0,
hello,6_30,11_2_59,0.9313,0,0,0,0.9312686,0.0000,0.0000,0.0000,0.0000,0.0000,0.0000,0,0,,,,,,,,0,0,0,0,0,0,0,0,0,0,0,0,0,0,0,0,0,0,0,0,0,0,0,0,0,0,0,0,0,0,0,0,0,0,0,0,0,0,0,0,0,0,0,0,0,0,0,0,0,0,0,
hello,6_30,11_2_59,0.9349,0,0,0,0.9349226,0.0000,0.0000,0.0000,0.0000,0.0000,0.0000,0,0,,,,,,,,0,0,0,0,0,0,0,0,0,0,0,0,0,0,0,0,0,0,0,0,0,0,0,0,0,0,0,0,0,0,0,0,0,0,0,0,0,0,0,0,0,0,0,0,0,0,0,0,0,0,0,
hello,6_30,11_2_59,0.9385,0,0,0,0.9385354,0.0000,0.0000,0.0000,0.0000,0.0000,0.0000,0,0,,,,,,,,0,0,0,0,0,0,0,0,0,0,0,0,0,0,0,0,0,0,0,0,0,0,0,0,0,0,0,0,0,0,0,0,0,0,0,0,0,0,0,0,0,0,0,0,0,0,0,0,0,0,0,
hello,6_30,11_2_59,0.9421,0,0,0,0.9421236,0.0000,0.0000,0.0000,0.0000,0.0000,0.0000,0,0,,,,,,,,0,0,0,0,0,0,0,0,0,0,0,0,0,0,0,0,0,0,0,0,0,0,0,0,0,0,0,0,0,0,0,0,0,0,0,0,0,0,0,0,0,0,0,0,0,0,0,0,0,0,0,
hello,6_30,11_2_59,0.9462,0,0,0,0.946181,0.0000,0.0000,0.0000,0.0000,0.0000,0.0000,0,0,,,,,,,,0,0,0,0,0,0,0,0,0,0,0,0,0,0,0,0,0,0,0,0,0,0,0,0,0,0,0,0,0,0,0,0,0,0,0,0,0,0,0,0,0,0,0,0,0,0,0,0,0,0,0,
hello,6_30,11_2_59,0.9505,0,0,0,0.9505362,0.0000,0.0000,0.0000,0.0000,0.0000,0.0000,0,0,,,,,,,,0,0,0,0,0,0,0,0,0,0,0,0,0,0,0,0,0,0,0,0,0,0,0,0,0,0,0,0,0,0,0,0,0,0,0,0,0,0,0,0,0,0,0,0,0,0,0,0,0,0,0,
hello,6_30,11_2_59,0.9541,0,0,0,0.9541011,0.0000,0.0000,0.0000,0.0000,0.0000,0.0000,0,0,,,,,,,,0,0,0,0,0,0,0,0,0,0,0,0,0,0,0,0,0,0,0,0,0,0,0,0,0,0,0,0,0,0,0,0,0,0,0,0,0,0,0,0,0,0,0,0,0,0,0,0,0,0,0,
hello,6_30,11_2_59,0.9584,0,0,0,0.9583666,0.0000,0.0000,0.0000,0.0000,0.0000,0.0000,0,0,,,,,,,,0,0,0,0,0,0,0,0,0,0,0,0,0,0,0,0,0,0,0,0,0,0,0,0,0,0,0,0,0,0,0,0,0,0,0,0,0,0,0,0,0,0,0,0,0,0,0,0,0,0,0,
hello,6_30,11_2_59,0.9624,0,0,0,0.9623526,0.0000,0.0000,0.0000,0.0000,0.0000,0.0000,0,0,,,,,,,,0,0,0,0,0,0,0,0,0,0,0,0,0,0,0,0,0,0,0,0,0,0,0,0,0,0,0,0,0,0,0,0,0,0,0,0,0,0,0,0,0,0,0,0,0,0,0,0,0,0,0,
hello,6_30,11_2_59,0.9660,0,0,0,0.9659977,0.0000,0.0000,0.0000,0.0000,0.0000,0.0000,0,0,,,,,,,,0,0,0,0,0,0,0,0,0,0,0,0,0,0,0,0,0,0,0,0,0,0,0,0,0,0,0,0,0,0,0,0,0,0,0,0,0,0,0,0,0,0,0,0,0,0,0,0,0,0,0,
hello,6_30,11_2_59,0.9696,0,0,0,0.9696341,0.0000,0.0000,0.0000,0.0000,0.0000,0.0000,0,0,,,,,,,,0,0,0,0,0,0,0,0,0,0,0,0,0,0,0,0,0,0,0,0,0,0,0,0,0,0,0,0,0,0,0,0,0,0,0,0,0,0,0,0,0,0,0,0,0,0,0,0,0,0,0,
hello,6_30,11_2_59,0.9734,0,0,0,0.973402,0.0000,0.0000,0.0000,0.0000,0.0000,0.0000,0,0,,,,,,,,0,0,0,0,0,0,0,0,0,0,0,0,0,0,0,0,0,0,0,0,0,0,0,0,0,0,0,0,0,0,0,0,0,0,0,0,0,0,0,0,0,0,0,0,0,0,0,0,0,0,0,
hello,6_30,11_2_59,0.9773,0,0,0,0.977321,0.0000,0.0000,0.0000,0.0000,0.0000,0.0000,0,0,,,,,,,,0,0,0,0,0,0,0,0,0,0,0,0,0,0,0,0,0,0,0,0,0,0,0,0,0,0,0,0,0,0,0,0,0,0,0,0,0,0,0,0,0,0,0,0,0,0,0,0,0,0,0,
hello,6_30,11_2_59,0.9813,0,0,0,0.981301,0.0000,0.0000,0.0000,0.0000,0.0000,0.0000,0,0,,,,,,,,0,0,0,0,0,0,0,0,0,0,0,0,0,0,0,0,0,0,0,0,0,0,0,0,0,0,0,0,0,0,0,0,0,0,0,0,0,0,0,0,0,0,0,0,0,0,0,0,0,0,0,
hello,6_30,11_2_59,0.9849,0,0,0,0.9849374,0.0000,0.0000,0.0000,0.0000,0.0000,0.0000,0,0,,,,,,,,0,0,0,0,0,0,0,0,0,0,0,0,0,0,0,0,0,0,0,0,0,0,0,0,0,0,0,0,0,0,0,0,0,0,0,0,0,0,0,0,0,0,0,0,0,0,0,0,0,0,0,
hello,6_30,11_2_59,0.9888,0,0,0,0.9888249,0.0000,0.0000,0.0000,0.0000,0.0000,0.0000,0,0,,,,,,,,0,0,0,0,0,0,0,0,0,0,0,0,0,0,0,0,0,0,0,0,0,0,0,0,0,0,0,0,0,0,0,0,0,0,0,0,0,0,0,0,0,0,0,0,0,0,0,0,0,0,0,
hello,6_30,11_2_59,0.9924,0,0,0,0.9924163,0.0000,0.0000,0.0000,0.0000,0.0000,0.0000,0,0,,,,,,,,0,0,0,0,0,0,0,0,0,0,0,0,0,0,0,0,0,0,0,0,0,0,0,0,0,0,0,0,0,0,0,0,0,0,0,0,0,0,0,0,0,0,0,0,0,0,0,0,0,0,0,
hello,6_30,11_2_59,0.9963,0,0,0,0.9962721,0.0000,0.0000,0.0000,0.0000,0.0000,0.0000,0,0,,,,,,,,0,0,0,0,0,0,0,0,0,0,0,0,0,0,0,0,0,0,0,0,0,0,0,0,0,0,0,0,0,0,0,0,0,0,0,0,0,0,0,0,0,0,0,0,0,0,0,0,0,0,0,
hello,6_30,11_2_59,1.0005,0,0,0,1.000518,0.0000,0.0000,0.0000,0.0000,0.0000,0.0000,0,0,,,,,,,,0,0,0,0,0,0,0,0,0,0,0,0,0,0,0,0,0,0,0,0,0,0,0,0,0,0,0,0,0,0,0,0,0,0,0,0,0,0,0,0,0,0,0,0,0,0,0,0,0,0,0,
hello,6_30,11_2_59,1.0042,0,0,0,1.004195,0.0000,0.0000,0.0000,0.0000,0.0000,0.0000,0,0,,,,,,,,0,0,0,0,0,0,0,0,0,0,0,0,0,0,0,0,0,0,0,0,0,0,0,0,0,0,0,0,0,0,0,0,0,0,0,0,0,0,0,0,0,0,0,0,0,0,0,0,0,0,0,
hello,6_30,11_2_59,1.0105,0,0,0,1.010496,0.0000,0.0000,0.0000,0.0000,0.0000,0.0000,0,0,,,,,,,,0,0,0,0,0,0,0,0,0,0,0,0,0,0,0,0,0,0,0,0,0,0,0,0,0,0,0,0,0,0,0,0,0,0,0,0,0,0,0,0,0,0,0,0,0,0,0,0,0,0,0,
hello,6_30,11_2_59,1.0147,0,0,0,1.014675,0.0000,0.0000,0.0000,0.0000,0.0000,0.0000,0,0,,,,,,,,0,0,0,0,0,0,0,0,0,0,0,0,0,0,0,0,0,0,0,0,0,0,0,0,0,0,0,0,0,0,0,0,0,0,0,0,0,0,0,0,0,0,0,0,0,0,0,0,0,0,0,
hello,6_30,11_2_59,1.0187,0,0,0,1.018718,0.0000,0.0000,0.0000,0.0000,0.0000,0.0000,0,0,,,,,,,,0,0,0,0,0,0,0,0,0,0,0,0,0,0,0,0,0,0,0,0,0,0,0,0,0,0,0,0,0,0,0,0,0,0,0,0,0,0,0,0,0,0,0,0,0,0,0,0,0,0,0,
hello,6_30,11_2_59,1.0232,0,0,0,1.023198,0.0000,0.0000,0.0000,0.0000,0.0000,0.0000,0,0,,,,,,,,0,0,0,0,0,0,0,0,0,0,0,0,0,0,0,0,0,0,0,0,0,0,0,0,0,0,0,0,0,0,0,0,0,0,0,0,0,0,0,0,0,0,0,0,0,0,0,0,0,0,0,
hello,6_30,11_2_59,1.0272,0,0,0,1.027202,0.0000,0.0000,0.0000,0.0000,0.0000,0.0000,0,0,,,,,,,,0,0,0,0,0,0,0,0,0,0,0,0,0,0,0,0,0,0,0,0,0,0,0,0,0,0,0,0,0,0,0,0,0,0,0,0,0,0,0,0,0,0,0,0,0,0,0,0,0,0,0,
hello,6_30,11_2_59,1.0311,0,0,0,1.031056,0.0000,0.0000,0.0000,0.0000,0.0000,0.0000,0,0,,,,,,,,0,0,0,0,0,0,0,0,0,0,0,0,0,0,0,0,0,0,0,0,0,0,0,0,0,0,0,0,0,0,0,0,0,0,0,0,0,0,0,0,0,0,0,0,0,0,0,0,0,0,0,
hello,6_30,11_2_59,1.0351,0,0,0,1.035122,0.0000,0.0000,0.0000,0.0000,0.0000,0.0000,0,0,,,,,,,,0,0,0,0,0,0,0,0,0,0,0,0,0,0,0,0,0,0,0,0,0,0,0,0,0,0,0,0,0,0,0,0,0,0,0,0,0,0,0,0,0,0,0,0,0,0,0,0,0,0,0,
hello,6_30,11_2_59,1.0392,0,0,0,1.03915,0.0000,0.0000,0.0000,0.0000,0.0000,0.0000,0,0,,,,,,,,0,0,0,0,0,0,0,0,0,0,0,0,0,0,0,0,0,0,0,0,0,0,0,0,0,0,0,0,0,0,0,0,0,0,0,0,0,0,0,0,0,0,0,0,0,0,0,0,0,0,0,
hello,6_30,11_2_59,1.0431,0,0,0,1.043055,0.0000,0.0000,0.0000,0.0000,0.0000,0.0000,0,0,,,,,,,,0,0,0,0,0,0,0,0,0,0,0,0,0,0,0,0,0,0,0,0,0,0,0,0,0,0,0,0,0,0,0,0,0,0,0,0,0,0,0,0,0,0,0,0,0,0,0,0,0,0,0,
hello,6_30,11_2_59,1.0473,0,0,0,1.047289,0.0000,0.0000,0.0000,0.0000,0.0000,0.0000,0,0,,,,,,,,0,0,0,0,0,0,0,0,0,0,0,0,0,0,0,0,0,0,0,0,0,0,0,0,0,0,0,0,0,0,0,0,0,0,0,0,0,0,0,0,0,0,0,0,0,0,0,0,0,0,0,
hello,6_30,11_2_59,1.0513,0,0,0,1.051318,0.0000,0.0000,0.0000,0.0000,0.0000,0.0000,0,0,,,,,,,,0,0,0,0,0,0,0,0,0,0,0,0,0,0,0,0,0,0,0,0,0,0,0,0,0,0,0,0,0,0,0,0,0,0,0,0,0,0,0,0,0,0,0,0,0,0,0,0,0,0,0,
hello,6_30,11_2_59,1.0551,0,0,0,1.055067,0.0000,0.0000,0.0000,0.0000,0.0000,0.0000,0,0,,,,,,,,0,0,0,0,0,0,0,0,0,0,0,0,0,0,0,0,0,0,0,0,0,0,0,0,0,0,0,0,0,0,0,0,0,0,0,0,0,0,0,0,0,0,0,0,0,0,0,0,0,0,0,
hello,6_30,11_2_59,1.0611,0,0,0,1.061129,0.0000,0.0000,0.0000,0.0000,0.0000,0.0000,0,0,,,,,,,,0,0,0,0,0,0,0,0,0,0,0,0,0,0,0,0,0,0,0,0,0,0,0,0,0,0,0,0,0,0,0,0,0,0,0,0,0,0,0,0,0,0,0,0,0,0,0,0,0,0,0,
hello,6_30,11_2_59,1.0654,0,0,0,1.065388,0.0000,0.0000,0.0000,0.0000,0.0000,0.0000,0,0,,,,,,,,0,0,0,0,0,0,0,0,0,0,0,0,0,0,0,0,0,0,0,0,0,0,0,0,0,0,0,0,0,0,0,0,0,0,0,0,0,0,0,0,0,0,0,0,0,0,0,0,0,0,0,
hello,6_30,11_2_59,1.0717,0,0,0,1.071692,0.0000,0.0000,0.0000,0.0000,0.0000,0.0000,0,0,,,,,,,,0,0,0,0,0,0,0,0,0,0,0,0,0,0,0,0,0,0,0,0,0,0,0,0,0,0,0,0,0,0,0,0,0,0,0,0,0,0,0,0,0,0,0,0,0,0,0,0,0,0,0,
hello,6_30,11_2_59,1.0754,0,0,0,1.075413,0.0000,0.0000,0.0000,0.0000,0.0000,0.0000,0,0,,,,,,,,0,0,0,0,0,0,0,0,0,0,0,0,0,0,0,0,0,0,0,0,0,0,0,0,0,0,0,0,0,0,0,0,0,0,0,0,0,0,0,0,0,0,0,0,0,0,0,0,0,0,0,
hello,6_30,11_2_59,1.0796,0,0,0,1.079559,0.0000,0.0000,0.0000,0.0000,0.0000,0.0000,0,0,,,,,,,,0,0,0,0,0,0,0,0,0,0,0,0,0,0,0,0,0,0,0,0,0,0,0,0,0,0,0,0,0,0,0,0,0,0,0,0,0,0,0,0,0,0,0,0,0,0,0,0,0,0,0,
hello,6_30,11_2_59,1.0833,0,0,0,1.083262,0.0000,0.0000,0.0000,0.0000,0.0000,0.0000,0,0,,,,,,,,0,0,0,0,0,0,0,0,0,0,0,0,0,0,0,0,0,0,0,0,0,0,0,0,0,0,0,0,0,0,0,0,0,0,0,0,0,0,0,0,0,0,0,0,0,0,0,0,0,0,0,
hello,6_30,11_2_59,1.0872,0,0,0,1.08718,0.0000,0.0000,0.0000,0.0000,0.0000,0.0000,0,0,,,,,,,,0,0,0,0,0,0,0,0,0,0,0,0,0,0,0,0,0,0,0,0,0,0,0,0,0,0,0,0,0,0,0,0,0,0,0,0,0,0,0,0,0,0,0,0,0,0,0,0,0,0,0,
hello,6_30,11_2_59,1.0907,0,0,0,1.090692,0.0000,0.0000,0.0000,0.0000,0.0000,0.0000,0,0,,,,,,,,0,0,0,0,0,0,0,0,0,0,0,0,0,0,0,0,0,0,0,0,0,0,0,0,0,0,0,0,0,0,0,0,0,0,0,0,0,0,0,0,0,0,0,0,0,0,0,0,0,0,0,
hello,6_30,11_2_59,1.0944,0,0,0,1.094422,0.0000,0.0000,0.0000,0.0000,0.0000,0.0000,0,0,,,,,,,,0,0,0,0,0,0,0,0,0,0,0,0,0,0,0,0,0,0,0,0,0,0,0,0,0,0,0,0,0,0,0,0,0,0,0,0,0,0,0,0,0,0,0,0,0,0,0,0,0,0,0,
hello,6_30,11_2_59,1.0986,0,0,0,1.098602,0.0000,0.0000,0.0000,0.0000,0.0000,0.0000,0,0,,,,,,,,0,0,0,0,0,0,0,0,0,0,0,0,0,0,0,0,0,0,0,0,0,0,0,0,0,0,0,0,0,0,0,0,0,0,0,0,0,0,0,0,0,0,0,0,0,0,0,0,0,0,0,
hello,6_30,11_2_59,1.1029,0,0,0,1.102909,0.0000,0.0000,0.0000,0.0000,0.0000,0.0000,0,0,,,,,,,,0,0,0,0,0,0,0,0,0,0,0,0,0,0,0,0,0,0,0,0,0,0,0,0,0,0,0,0,0,0,0,0,0,0,0,0,0,0,0,0,0,0,0,0,0,0,0,0,0,0,0,
hello,6_30,11_2_59,1.1064,0,0,0,1.106425,0.0000,0.0000,0.0000,0.0000,0.0000,0.0000,0,0,,,,,,,,0,0,0,0,0,0,0,0,0,0,0,0,0,0,0,0,0,0,0,0,0,0,0,0,0,0,0,0,0,0,0,0,0,0,0,0,0,0,0,0,0,0,0,0,0,0,0,0,0,0,0,
hello,6_30,11_2_59,1.1097,0,0,0,1.109671,0.0000,0.0000,0.0000,0.0000,0.0000,0.0000,0,0,,,,,,,,0,0,0,0,0,0,0,0,0,0,0,0,0,0,0,0,0,0,0,0,0,0,0,0,0,0,0,0,0,0,0,0,0,0,0,0,0,0,0,0,0,0,0,0,0,0,0,0,0,0,0,
hello,6_30,11_2_59,1.1131,0,0,0,1.113053,0.0000,0.0000,0.0000,0.0000,0.0000,0.0000,0,0,,,,,,,,0,0,0,0,0,0,0,0,0,0,0,0,0,0,0,0,0,0,0,0,0,0,0,0,0,0,0,0,0,0,0,0,0,0,0,0,0,0,0,0,0,0,0,0,0,0,0,0,0,0,0,
hello,6_30,11_2_59,1.1163,0,0,0,1.116332,0.0000,0.0000,0.0000,0.0000,0.0000,0.0000,0,0,,,,,,,,0,0,0,0,0,0,0,0,0,0,0,0,0,0,0,0,0,0,0,0,0,0,0,0,0,0,0,0,0,0,0,0,0,0,0,0,0,0,0,0,0,0,0,0,0,0,0,0,0,0,0,
hello,6_30,11_2_59,1.1198,0,0,0,1.119809,0.0000,0.0000,0.0000,0.0000,0.0000,0.0000,0,0,,,,,,,,0,0,0,0,0,0,0,0,0,0,0,0,0,0,0,0,0,0,0,0,0,0,0,0,0,0,0,0,0,0,0,0,0,0,0,0,0,0,0,0,0,0,0,0,0,0,0,0,0,0,0,
hello,6_30,11_2_59,1.1234,0,0,0,1.123375,0.0000,0.0000,0.0000,0.0000,0.0000,0.0000,0,0,,,,,,,,0,0,0,0,0,0,0,0,0,0,0,0,0,0,0,0,0,0,0,0,0,0,0,0,0,0,0,0,0,0,0,0,0,0,0,0,0,0,0,0,0,0,0,0,0,0,0,0,0,0,0,
hello,6_30,11_2_59,1.1273,0,0,0,1.127291,0.0000,0.0000,0.0000,0.0000,0.0000,0.0000,0,0,,,,,,,,0,0,0,0,0,0,0,0,0,0,0,0,0,0,0,0,0,0,0,0,0,0,0,0,0,0,0,0,0,0,0,0,0,0,0,0,0,0,0,0,0,0,0,0,0,0,0,0,0,0,0,
hello,6_30,11_2_59,1.1311,0,0,0,1.131135,0.0000,0.0000,0.0000,0.0000,0.0000,0.0000,0,0,,,,,,,,0,0,0,0,0,0,0,0,0,0,0,0,0,0,0,0,0,0,0,0,0,0,0,0,0,0,0,0,0,0,0,0,0,0,0,0,0,0,0,0,0,0,0,0,0,0,0,0,0,0,0,
hello,6_30,11_2_59,1.1350,0,0,0,1.13498,0.0000,0.0000,0.0000,0.0000,0.0000,0.0000,0,0,,,,,,,,0,0,0,0,0,0,0,0,0,0,0,0,0,0,0,0,0,0,0,0,0,0,0,0,0,0,0,0,0,0,0,0,0,0,0,0,0,0,0,0,0,0,0,0,0,0,0,0,0,0,0,
hello,6_30,11_2_59,1.1388,0,0,0,1.138842,0.0000,0.0000,0.0000,0.0000,0.0000,0.0000,0,0,,,,,,,,0,0,0,0,0,0,0,0,0,0,0,0,0,0,0,0,0,0,0,0,0,0,0,0,0,0,0,0,0,0,0,0,0,0,0,0,0,0,0,0,0,0,0,0,0,0,0,0,0,0,0,
hello,6_30,11_2_59,1.1423,0,0,0,1.14226,0.0000,0.0000,0.0000,0.0000,0.0000,0.0000,0,0,,,,,,,,0,0,0,0,0,0,0,0,0,0,0,0,0,0,0,0,0,0,0,0,0,0,0,0,0,0,0,0,0,0,0,0,0,0,0,0,0,0,0,0,0,0,0,0,0,0,0,0,0,0,0,
hello,6_30,11_2_59,1.1460,0,0,0,1.146016,0.0000,0.0000,0.0000,0.0000,0.0000,0.0000,0,0,,,,,,,,0,0,0,0,0,0,0,0,0,0,0,0,0,0,0,0,0,0,0,0,0,0,0,0,0,0,0,0,0,0,0,0,0,0,0,0,0,0,0,0,0,0,0,0,0,0,0,0,0,0,0,
hello,6_30,11_2_59,1.1555,0,0,0,1.155525,0.0000,0.0000,0.0000,0.0000,0.0000,0.0000,0,0,,,,,,,,0,0,0,0,0,0,0,0,0,0,0,0,0,0,0,0,0,0,0,0,0,0,0,0,0,0,0,0,0,0,0,0,0,0,0,0,0,0,0,0,0,0,0,0,0,0,0,0,0,0,0,
hello,6_30,11_2_59,1.1591,0,0,0,1.15908,0.0000,0.0000,0.0000,0.0000,0.0000,0.0000,0,0,,,,,,,,0,0,0,0,0,0,0,0,0,0,0,0,0,0,0,0,0,0,0,0,0,0,0,0,0,0,0,0,0,0,0,0,0,0,0,0,0,0,0,0,0,0,0,0,0,0,0,0,0,0,0,
hello,6_30,11_2_59,1.1627,0,0,0,1.162745,0.0000,0.0000,0.0000,0.0000,0.0000,0.0000,0,0,,,,,,,,0,0,0,0,0,0,0,0,0,0,0,0,0,0,0,0,0,0,0,0,0,0,0,0,0,0,0,0,0,0,0,0,0,0,0,0,0,0,0,0,0,0,0,0,0,0,0,0,0,0,0,
hello,6_30,11_2_59,1.1665,0,0,0,1.16654,0.0000,0.0000,0.0000,0.0000,0.0000,0.0000,0,0,,,,,,,,0,0,0,0,0,0,0,0,0,0,0,0,0,0,0,0,0,0,0,0,0,0,0,0,0,0,0,0,0,0,0,0,0,0,0,0,0,0,0,0,0,0,0,0,0,0,0,0,0,0,0,
hello,6_30,11_2_59,1.1701,0,0,0,1.170133,0.0000,0.0000,0.0000,0.0000,0.0000,0.0000,0,0,,,,,,,,0,0,0,0,0,0,0,0,0,0,0,0,0,0,0,0,0,0,0,0,0,0,0,0,0,0,0,0,0,0,0,0,0,0,0,0,0,0,0,0,0,0,0,0,0,0,0,0,0,0,0,
hello,6_30,11_2_59,1.1738,0,0,0,1.17378,0.0000,0.0000,0.0000,0.0000,0.0000,0.0000,0,0,,,,,,,,0,0,0,0,0,0,0,0,0,0,0,0,0,0,0,0,0,0,0,0,0,0,0,0,0,0,0,0,0,0,0,0,0,0,0,0,0,0,0,0,0,0,0,0,0,0,0,0,0,0,0,
hello,6_30,11_2_59,1.1774,0,0,0,1.177409,0.0000,0.0000,0.0000,0.0000,0.0000,0.0000,0,0,,,,,,,,0,0,0,0,0,0,0,0,0,0,0,0,0,0,0,0,0,0,0,0,0,0,0,0,0,0,0,0,0,0,0,0,0,0,0,0,0,0,0,0,0,0,0,0,0,0,0,0,0,0,0,
hello,6_30,11_2_59,1.1812,0,0,0,1.181191,0.0000,0.0000,0.0000,0.0000,0.0000,0.0000,0,0,,,,,,,,0,0,0,0,0,0,0,0,0,0,0,0,0,0,0,0,0,0,0,0,0,0,0,0,0,0,0,0,0,0,0,0,0,0,0,0,0,0,0,0,0,0,0,0,0,0,0,0,0,0,0,
hello,6_30,11_2_59,1.1853,0,0,0,1.185285,0.0000,0.0000,0.0000,0.0000,0.0000,0.0000,0,0,,,,,,,,0,0,0,0,0,0,0,0,0,0,0,0,0,0,0,0,0,0,0,0,0,0,0,0,0,0,0,0,0,0,0,0,0,0,0,0,0,0,0,0,0,0,0,0,0,0,0,0,0,0,0,
hello,6_30,11_2_59,1.1893,0,0,0,1.189283,0.0000,0.0000,0.0000,0.0000,0.0000,0.0000,0,0,,,,,,,,0,0,0,0,0,0,0,0,0,0,0,0,0,0,0,0,0,0,0,0,0,0,0,0,0,0,0,0,0,0,0,0,0,0,0,0,0,0,0,0,0,0,0,0,0,0,0,0,0,0,0,
hello,6_30,11_2_59,1.1932,0,0,0,1.193194,0.0000,0.0000,0.0000,0.0000,0.0000,0.0000,0,0,,,,,,,,0,0,0,0,0,0,0,0,0,0,0,0,0,0,0,0,0,0,0,0,0,0,0,0,0,0,0,0,0,0,0,0,0,0,0,0,0,0,0,0,0,0,0,0,0,0,0,0,0,0,0,
hello,6_30,11_2_59,1.1974,0,0,0,1.19736,0.0000,0.0000,0.0000,0.0000,0.0000,0.0000,0,0,,,,,,,,0,0,0,0,0,0,0,0,0,0,0,0,0,0,0,0,0,0,0,0,0,0,0,0,0,0,0,0,0,0,0,0,0,0,0,0,0,0,0,0,0,0,0,0,0,0,0,0,0,0,0,
hello,6_30,11_2_59,1.2014,0,0,0,1.201362,0.0000,0.0000,0.0000,0.0000,0.0000,0.0000,0,0,,,,,,,,0,0,0,0,0,0,0,0,0,0,0,0,0,0,0,0,0,0,0,0,0,0,0,0,0,0,0,0,0,0,0,0,0,0,0,0,0,0,0,0,0,0,0,0,0,0,0,0,0,0,0,
hello,6_30,11_2_59,1.2053,0,0,0,1.205254,0.0000,0.0000,0.0000,0.0000,0.0000,0.0000,0,0,,,,,,,,0,0,0,0,0,0,0,0,0,0,0,0,0,0,0,0,0,0,0,0,0,0,0,0,0,0,0,0,0,0,0,0,0,0,0,0,0,0,0,0,0,0,0,0,0,0,0,0,0,0,0,
hello,6_30,11_2_59,1.2121,0,0,0,1.212127,0.0000,0.0000,0.0000,0.0000,0.0000,0.0000,0,0,,,,,,,,0,0,0,0,0,0,0,0,0,0,0,0,0,0,0,0,0,0,0,0,0,0,0,0,0,0,0,0,0,0,0,0,0,0,0,0,0,0,0,0,0,0,0,0,0,0,0,0,0,0,0,
hello,6_30,11_2_59,1.2163,0,0,0,1.21632,0.0000,0.0000,0.0000,0.0000,0.0000,0.0000,0,0,,,,,,,,0,0,0,0,0,0,0,0,0,0,0,0,0,0,0,0,0,0,0,0,0,0,0,0,0,0,0,0,0,0,0,0,0,0,0,0,0,0,0,0,0,0,0,0,0,0,0,0,0,0,0,
hello,6_30,11_2_59,1.2201,0,0,0,1.220103,0.0000,0.0000,0.0000,0.0000,0.0000,0.0000,0,0,,,,,,,,0,0,0,0,0,0,0,0,0,0,0,0,0,0,0,0,0,0,0,0,0,0,0,0,0,0,0,0,0,0,0,0,0,0,0,0,0,0,0,0,0,0,0,0,0,0,0,0,0,0,0,
hello,6_30,11_2_59,1.2245,0,0,0,1.224528,0.0000,0.0000,0.0000,0.0000,0.0000,0.0000,0,0,,,,,,,,0,0,0,0,0,0,0,0,0,0,0,0,0,0,0,0,0,0,0,0,0,0,0,0,0,0,0,0,0,0,0,0,0,0,0,0,0,0,0,0,0,0,0,0,0,0,0,0,0,0,0,
hello,6_30,11_2_59,1.2281,0,0,0,1.228135,0.0000,0.0000,0.0000,0.0000,0.0000,0.0000,0,0,,,,,,,,0,0,0,0,0,0,0,0,0,0,0,0,0,0,0,0,0,0,0,0,0,0,0,0,0,0,0,0,0,0,0,0,0,0,0,0,0,0,0,0,0,0,0,0,0,0,0,0,0,0,0,
hello,6_30,11_2_59,1.2317,0,0,0,1.231659,0.0000,0.0000,0.0000,0.0000,0.0000,0.0000,0,0,,,,,,,,0,0,0,0,0,0,0,0,0,0,0,0,0,0,0,0,0,0,0,0,0,0,0,0,0,0,0,0,0,0,0,0,0,0,0,0,0,0,0,0,0,0,0,0,0,0,0,0,0,0,0,
hello,6_30,11_2_59,1.2360,0,0,0,1.236031,0.0000,0.0000,0.0000,0.0000,0.0000,0.0000,0,0,,,,,,,,0,0,0,0,0,0,0,0,0,0,0,0,0,0,0,0,0,0,0,0,0,0,0,0,0,0,0,0,0,0,0,0,0,0,0,0,0,0,0,0,0,0,0,0,0,0,0,0,0,0,0,
hello,6_30,11_2_59,1.2401,0,0,0,1.240142,0.0000,0.0000,0.0000,0.0000,0.0000,0.0000,0,0,,,,,,,,0,0,0,0,0,0,0,0,0,0,0,0,0,0,0,0,0,0,0,0,0,0,0,0,0,0,0,0,0,0,0,0,0,0,0,0,0,0,0,0,0,0,0,0,0,0,0,0,0,0,0,
hello,6_30,11_2_59,1.2442,0,0,0,1.244224,0.0000,0.0000,0.0000,0.0000,0.0000,0.0000,0,0,,,,,,,,0,0,0,0,0,0,0,0,0,0,0,0,0,0,0,0,0,0,0,0,0,0,0,0,0,0,0,0,0,0,0,0,0,0,0,0,0,0,0,0,0,0,0,0,0,0,0,0,0,0,0,
hello,6_30,11_2_59,1.2484,0,0,0,1.248382,0.0000,0.0000,0.0000,0.0000,0.0000,0.0000,0,0,,,,,,,,0,0,0,0,0,0,0,0,0,0,0,0,0,0,0,0,0,0,0,0,0,0,0,0,0,0,0,0,0,0,0,0,0,0,0,0,0,0,0,0,0,0,0,0,0,0,0,0,0,0,0,
hello,6_30,11_2_59,1.2520,0,0,0,1.252021,0.0000,0.0000,0.0000,0.0000,0.0000,0.0000,0,0,,,,,,,,0,0,0,0,0,0,0,0,0,0,0,0,0,0,0,0,0,0,0,0,0,0,0,0,0,0,0,0,0,0,0,0,0,0,0,0,0,0,0,0,0,0,0,0,0,0,0,0,0,0,0,
hello,6_30,11_2_59,1.2559,0,0,0,1.255907,0.0000,0.0000,0.0000,0.0000,0.0000,0.0000,0,0,,,,,,,,0,0,0,0,0,0,0,0,0,0,0,0,0,0,0,0,0,0,0,0,0,0,0,0,0,0,0,0,0,0,0,0,0,0,0,0,0,0,0,0,0,0,0,0,0,0,0,0,0,0,0,
hello,6_30,11_2_59,1.2602,0,0,0,1.260159,0.0000,0.0000,0.0000,0.0000,0.0000,0.0000,0,0,,,,,,,,0,0,0,0,0,0,0,0,0,0,0,0,0,0,0,0,0,0,0,0,0,0,0,0,0,0,0,0,0,0,0,0,0,0,0,0,0,0,0,0,0,0,0,0,0,0,0,0,0,0,0,
hello,6_30,11_2_59,1.2640,0,0,0,1.264048,0.0000,0.0000,0.0000,0.0000,0.0000,0.0000,0,0,,,,,,,,0,0,0,0,0,0,0,0,0,0,0,0,0,0,0,0,0,0,0,0,0,0,0,0,0,0,0,0,0,0,0,0,0,0,0,0,0,0,0,0,0,0,0,0,0,0,0,0,0,0,0,
hello,6_30,11_2_59,1.2674,0,0,0,1.267449,0.0000,0.0000,0.0000,0.0000,0.0000,0.0000,0,0,,,,,,,,0,0,0,0,0,0,0,0,0,0,0,0,0,0,0,0,0,0,0,0,0,0,0,0,0,0,0,0,0,0,0,0,0,0,0,0,0,0,0,0,0,0,0,0,0,0,0,0,0,0,0,
hello,6_30,11_2_59,1.2711,0,0,0,1.271051,0.0000,0.0000,0.0000,0.0000,0.0000,0.0000,0,0,,,,,,,,0,0,0,0,0,0,0,0,0,0,0,0,0,0,0,0,0,0,0,0,0,0,0,0,0,0,0,0,0,0,0,0,0,0,0,0,0,0,0,0,0,0,0,0,0,0,0,0,0,0,0,
hello,6_30,11_2_59,1.2744,0,0,0,1.274411,0.0000,0.0000,0.0000,0.0000,0.0000,0.0000,0,0,,,,,,,,0,0,0,0,0,0,0,0,0,0,0,0,0,0,0,0,0,0,0,0,0,0,0,0,0,0,0,0,0,0,0,0,0,0,0,0,0,0,0,0,0,0,0,0,0,0,0,0,0,0,0,
hello,6_30,11_2_59,1.2780,0,0,0,1.278041,0.0000,0.0000,0.0000,0.0000,0.0000,0.0000,0,0,,,,,,,,0,0,0,0,0,0,0,0,0,0,0,0,0,0,0,0,0,0,0,0,0,0,0,0,0,0,0,0,0,0,0,0,0,0,0,0,0,0,0,0,0,0,0,0,0,0,0,0,0,0,0,
hello,6_30,11_2_59,1.2814,0,0,0,1.281389,0.0000,0.0000,0.0000,0.0000,0.0000,0.0000,0,0,,,,,,,,0,0,0,0,0,0,0,0,0,0,0,0,0,0,0,0,0,0,0,0,0,0,0,0,0,0,0,0,0,0,0,0,0,0,0,0,0,0,0,0,0,0,0,0,0,0,0,0,0,0,0,
hello,6_30,11_2_59,1.2847,0,0,0,1.284707,0.0000,0.0000,0.0000,0.0000,0.0000,0.0000,0,0,,,,,,,,0,0,0,0,0,0,0,0,0,0,0,0,0,0,0,0,0,0,0,0,0,0,0,0,0,0,0,0,0,0,0,0,0,0,0,0,0,0,0,0,0,0,0,0,0,0,0,0,0,0,0,
hello,6_30,11_2_59,1.2879,0,0,0,1.287886,0.0000,0.0000,0.0000,0.0000,0.0000,0.0000,0,0,,,,,,,,0,0,0,0,0,0,0,0,0,0,0,0,0,0,0,0,0,0,0,0,0,0,0,0,0,0,0,0,0,0,0,0,0,0,0,0,0,0,0,0,0,0,0,0,0,0,0,0,0,0,0,
hello,6_30,11_2_59,1.2910,0,0,0,1.290983,0.0000,0.0000,0.0000,0.0000,0.0000,0.0000,0,0,,,,,,,,0,0,0,0,0,0,0,0,0,0,0,0,0,0,0,0,0,0,0,0,0,0,0,0,0,0,0,0,0,0,0,0,0,0,0,0,0,0,0,0,0,0,0,0,0,0,0,0,0,0,0,
hello,6_30,11_2_59,1.2941,0,0,0,1.294097,0.0000,0.0000,0.0000,0.0000,0.0000,0.0000,0,0,,,,,,,,0,0,0,0,0,0,0,0,0,0,0,0,0,0,0,0,0,0,0,0,0,0,0,0,0,0,0,0,0,0,0,0,0,0,0,0,0,0,0,0,0,0,0,0,0,0,0,0,0,0,0,
hello,6_30,11_2_59,1.2972,0,0,0,1.297206,0.0000,0.0000,0.0000,0.0000,0.0000,0.0000,0,0,,,,,,,,0,0,0,0,0,0,0,0,0,0,0,0,0,0,0,0,0,0,0,0,0,0,0,0,0,0,0,0,0,0,0,0,0,0,0,0,0,0,0,0,0,0,0,0,0,0,0,0,0,0,0,
hello,6_30,11_2_59,1.3005,0,0,0,1.300477,0.0000,0.0000,0.0000,0.0000,0.0000,0.0000,0,0,,,,,,,,0,0,0,0,0,0,0,0,0,0,0,0,0,0,0,0,0,0,0,0,0,0,0,0,0,0,0,0,0,0,0,0,0,0,0,0,0,0,0,0,0,0,0,0,0,0,0,0,0,0,0,
hello,6_30,11_2_59,1.3043,0,0,0,1.304266,0.0000,0.0000,0.0000,0.0000,0.0000,0.0000,0,0,,,,,,,,0,0,0,0,0,0,0,0,0,0,0,0,0,0,0,0,0,0,0,0,0,0,0,0,0,0,0,0,0,0,0,0,0,0,0,0,0,0,0,0,0,0,0,0,0,0,0,0,0,0,0,
hello,6_30,11_2_59,1.3082,0,0,0,1.308185,0.0000,0.0000,0.0000,0.0000,0.0000,0.0000,0,0,,,,,,,,0,0,0,0,0,0,0,0,0,0,0,0,0,0,0,0,0,0,0,0,0,0,0,0,0,0,0,0,0,0,0,0,0,0,0,0,0,0,0,0,0,0,0,0,0,0,0,0,0,0,0,
hello,6_30,11_2_59,1.3122,0,0,0,1.312243,0.0000,0.0000,0.0000,0.0000,0.0000,0.0000,0,0,,,,,,,,0,0,0,0,0,0,0,0,0,0,0,0,0,0,0,0,0,0,0,0,0,0,0,0,0,0,0,0,0,0,0,0,0,0,0,0,0,0,0,0,0,0,0,0,0,0,0,0,0,0,0,
hello,6_30,11_2_59,1.3161,0,0,0,1.316071,0.0000,0.0000,0.0000,0.0000,0.0000,0.0000,0,0,,,,,,,,0,0,0,0,0,0,0,0,0,0,0,0,0,0,0,0,0,0,0,0,0,0,0,0,0,0,0,0,0,0,0,0,0,0,0,0,0,0,0,0,0,0,0,0,0,0,0,0,0,0,0,
hello,6_30,11_2_59,1.3202,0,0,0,1.320154,0.0000,0.0000,0.0000,0.0000,0.0000,0.0000,0,0,,,,,,,,0,0,0,0,0,0,0,0,0,0,0,0,0,0,0,0,0,0,0,0,0,0,0,0,0,0,0,0,0,0,0,0,0,0,0,0,0,0,0,0,0,0,0,0,0,0,0,0,0,0,0,
hello,6_30,11_2_59,1.3242,0,0,0,1.324212,0.0000,0.0000,0.0000,0.0000,0.0000,0.0000,0,0,,,,,,,,0,0,0,0,0,0,0,0,0,0,0,0,0,0,0,0,0,0,0,0,0,0,0,0,0,0,0,0,0,0,0,0,0,0,0,0,0,0,0,0,0,0,0,0,0,0,0,0,0,0,0,
hello,6_30,11_2_59,1.3281,0,0,0,1.32806,0.0000,0.0000,0.0000,0.0000,0.0000,0.0000,0,0,,,,,,,,0,0,0,0,0,0,0,0,0,0,0,0,0,0,0,0,0,0,0,0,0,0,0,0,0,0,0,0,0,0,0,0,0,0,0,0,0,0,0,0,0,0,0,0,0,0,0,0,0,0,0,
hello,6_30,11_2_59,1.3319,0,0,0,1.331901,0.0000,0.0000,0.0000,0.0000,0.0000,0.0000,0,0,,,,,,,,0,0,0,0,0,0,0,0,0,0,0,0,0,0,0,0,0,0,0,0,0,0,0,0,0,0,0,0,0,0,0,0,0,0,0,0,0,0,0,0,0,0,0,0,0,0,0,0,0,0,0,
hello,6_30,11_2_59,1.3362,0,0,0,1.336225,0.0000,0.0000,0.0000,0.0000,0.0000,0.0000,0,0,,,,,,,,0,0,0,0,0,0,0,0,0,0,0,0,0,0,0,0,0,0,0,0,0,0,0,0,0,0,0,0,0,0,0,0,0,0,0,0,0,0,0,0,0,0,0,0,0,0,0,0,0,0,0,
hello,6_30,11_2_59,1.3402,0,0,0,1.340239,0.0000,0.0000,0.0000,0.0000,0.0000,0.0000,0,0,,,,,,,,0,0,0,0,0,0,0,0,0,0,0,0,0,0,0,0,0,0,0,0,0,0,0,0,0,0,0,0,0,0,0,0,0,0,0,0,0,0,0,0,0,0,0,0,0,0,0,0,0,0,0,
hello,6_30,11_2_59,1.3444,0,0,0,1.344377,0.0000,0.0000,0.0000,0.0000,0.0000,0.0000,0,0,,,,,,,,0,0,0,0,0,0,0,0,0,0,0,0,0,0,0,0,0,0,0,0,0,0,0,0,0,0,0,0,0,0,0,0,0,0,0,0,0,0,0,0,0,0,0,0,0,0,0,0,0,0,0,
hello,6_30,11_2_59,1.3483,0,0,0,1.348318,0.0000,0.0000,0.0000,0.0000,0.0000,0.0000,0,0,,,,,,,,0,0,0,0,0,0,0,0,0,0,0,0,0,0,0,0,0,0,0,0,0,0,0,0,0,0,0,0,0,0,0,0,0,0,0,0,0,0,0,0,0,0,0,0,0,0,0,0,0,0,0,
hello,6_30,11_2_59,1.3522,0,0,0,1.352178,0.0000,0.0000,0.0000,0.0000,0.0000,0.0000,0,0,,,,,,,,0,0,0,0,0,0,0,0,0,0,0,0,0,0,0,0,0,0,0,0,0,0,0,0,0,0,0,0,0,0,0,0,0,0,0,0,0,0,0,0,0,0,0,0,0,0,0,0,0,0,0,
hello,6_30,11_2_59,1.3562,0,0,0,1.356215,0.0000,0.0000,0.0000,0.0000,0.0000,0.0000,0,0,,,,,,,,0,0,0,0,0,0,0,0,0,0,0,0,0,0,0,0,0,0,0,0,0,0,0,0,0,0,0,0,0,0,0,0,0,0,0,0,0,0,0,0,0,0,0,0,0,0,0,0,0,0,0,
hello,6_30,11_2_59,1.3603,0,0,0,1.360289,0.0000,0.0000,0.0000,0.0000,0.0000,0.0000,0,0,,,,,,,,0,0,0,0,0,0,0,0,0,0,0,0,0,0,0,0,0,0,0,0,0,0,0,0,0,0,0,0,0,0,0,0,0,0,0,0,0,0,0,0,0,0,0,0,0,0,0,0,0,0,0,
hello,6_30,11_2_59,1.3639,0,0,0,1.3639,0.0000,0.0000,0.0000,0.0000,0.0000,0.0000,0,0,,,,,,,,0,0,0,0,0,0,0,0,0,0,0,0,0,0,0,0,0,0,0,0,0,0,0,0,0,0,0,0,0,0,0,0,0,0,0,0,0,0,0,0,0,0,0,0,0,0,0,0,0,0,0,
hello,6_30,11_2_59,1.3675,0,0,0,1.36748,0.0000,0.0000,0.0000,0.0000,0.0000,0.0000,0,0,,,,,,,,0,0,0,0,0,0,0,0,0,0,0,0,0,0,0,0,0,0,0,0,0,0,0,0,0,0,0,0,0,0,0,0,0,0,0,0,0,0,0,0,0,0,0,0,0,0,0,0,0,0,0,
hello,6_30,11_2_59,1.3710,0,0,0,1.37102,0.0000,0.0000,0.0000,0.0000,0.0000,0.0000,0,0,,,,,,,,0,0,0,0,0,0,0,0,0,0,0,0,0,0,0,0,0,0,0,0,0,0,0,0,0,0,0,0,0,0,0,0,0,0,0,0,0,0,0,0,0,0,0,0,0,0,0,0,0,0,0,
hello,6_30,11_2_59,1.3746,0,0,0,1.374574,0.0000,0.0000,0.0000,0.0000,0.0000,0.0000,0,0,,,,,,,,0,0,0,0,0,0,0,0,0,0,0,0,0,0,0,0,0,0,0,0,0,0,0,0,0,0,0,0,0,0,0,0,0,0,0,0,0,0,0,0,0,0,0,0,0,0,0,0,0,0,0,
hello,6_30,11_2_59,1.3783,0,0,0,1.378281,0.0000,0.0000,0.0000,0.0000,0.0000,0.0000,0,0,,,,,,,,0,0,0,0,0,0,0,0,0,0,0,0,0,0,0,0,0,0,0,0,0,0,0,0,0,0,0,0,0,0,0,0,0,0,0,0,0,0,0,0,0,0,0,0,0,0,0,0,0,0,0,
hello,6_30,11_2_59,1.3820,0,0,0,1.382044,0.0000,0.0000,0.0000,0.0000,0.0000,0.0000,0,0,,,,,,,,0,0,0,0,0,0,0,0,0,0,0,0,0,0,0,0,0,0,0,0,0,0,0,0,0,0,0,0,0,0,0,0,0,0,0,0,0,0,0,0,0,0,0,0,0,0,0,0,0,0,0,
hello,6_30,11_2_59,1.3860,0,0,0,1.386048,0.0000,0.0000,0.0000,0.0000,0.0000,0.0000,0,0,,,,,,,,0,0,0,0,0,0,0,0,0,0,0,0,0,0,0,0,0,0,0,0,0,0,0,0,0,0,0,0,0,0,0,0,0,0,0,0,0,0,0,0,0,0,0,0,0,0,0,0,0,0,0,
hello,6_30,11_2_59,1.3897,0,0,0,1.389683,0.0000,0.0000,0.0000,0.0000,0.0000,0.0000,0,0,,,,,,,,0,0,0,0,0,0,0,0,0,0,0,0,0,0,0,0,0,0,0,0,0,0,0,0,0,0,0,0,0,0,0,0,0,0,0,0,0,0,0,0,0,0,0,0,0,0,0,0,0,0,0,
hello,6_30,11_2_59,1.3929,0,0,0,1.392909,0.0000,0.0000,0.0000,0.0000,0.0000,0.0000,0,0,,,,,,,,0,0,0,0,0,0,0,0,0,0,0,0,0,0,0,0,0,0,0,0,0,0,0,0,0,0,0,0,0,0,0,0,0,0,0,0,0,0,0,0,0,0,0,0,0,0,0,0,0,0,0,
hello,6_30,11_2_59,1.3960,0,0,0,1.396016,0.0000,0.0000,0.0000,0.0000,0.0000,0.0000,0,0,,,,,,,,0,0,0,0,0,0,0,0,0,0,0,0,0,0,0,0,0,0,0,0,0,0,0,0,0,0,0,0,0,0,0,0,0,0,0,0,0,0,0,0,0,0,0,0,0,0,0,0,0,0,0,
hello,6_30,11_2_59,1.3993,0,0,0,1.399305,0.0000,0.0000,0.0000,0.0000,0.0000,0.0000,0,0,,,,,,,,0,0,0,0,0,0,0,0,0,0,0,0,0,0,0,0,0,0,0,0,0,0,0,0,0,0,0,0,0,0,0,0,0,0,0,0,0,0,0,0,0,0,0,0,0,0,0,0,0,0,0,
hello,6_30,11_2_59,1.4024,0,0,0,1.402416,0.0000,0.0000,0.0000,0.0000,0.0000,0.0000,0,0,,,,,,,,0,0,0,0,0,0,0,0,0,0,0,0,0,0,0,0,0,0,0,0,0,0,0,0,0,0,0,0,0,0,0,0,0,0,0,0,0,0,0,0,0,0,0,0,0,0,0,0,0,0,0,
hello,6_30,11_2_59,1.4057,0,0,0,1.405697,0.0000,0.0000,0.0000,0.0000,0.0000,0.0000,0,0,,,,,,,,0,0,0,0,0,0,0,0,0,0,0,0,0,0,0,0,0,0,0,0,0,0,0,0,0,0,0,0,0,0,0,0,0,0,0,0,0,0,0,0,0,0,0,0,0,0,0,0,0,0,0,
hello,6_30,11_2_59,1.4119,0,0,0,1.411881,0.0000,0.0000,0.0000,0.0000,0.0000,0.0000,0,0,,,,,,,,0,0,0,0,0,0,0,0,0,0,0,0,0,0,0,0,0,0,0,0,0,0,0,0,0,0,0,0,0,0,0,0,0,0,0,0,0,0,0,0,0,0,0,0,0,0,0,0,0,0,0,
hello,6_30,11_2_59,1.4152,0,0,0,1.415169,0.0000,0.0000,0.0000,0.0000,0.0000,0.0000,0,0,,,,,,,,0,0,0,0,0,0,0,0,0,0,0,0,0,0,0,0,0,0,0,0,0,0,0,0,0,0,0,0,0,0,0,0,0,0,0,0,0,0,0,0,0,0,0,0,0,0,0,0,0,0,0,
hello,6_30,11_2_59,1.4189,0,0,0,1.418905,0.0000,0.0000,0.0000,0.0000,0.0000,0.0000,0,0,,,,,,,,0,0,0,0,0,0,0,0,0,0,0,0,0,0,0,0,0,0,0,0,0,0,0,0,0,0,0,0,0,0,0,0,0,0,0,0,0,0,0,0,0,0,0,0,0,0,0,0,0,0,0,
hello,6_30,11_2_59,1.4225,0,0,0,1.422524,0.0000,0.0000,0.0000,0.0000,0.0000,0.0000,0,0,,,,,,,,0,0,0,0,0,0,0,0,0,0,0,0,0,0,0,0,0,0,0,0,0,0,0,0,0,0,0,0,0,0,0,0,0,0,0,0,0,0,0,0,0,0,0,0,0,0,0,0,0,0,0,
hello,6_30,11_2_59,1.4264,0,0,0,1.426357,0.0000,0.0000,0.0000,0.0000,0.0000,0.0000,0,0,,,,,,,,0,0,0,0,0,0,0,0,0,0,0,0,0,0,0,0,0,0,0,0,0,0,0,0,0,0,0,0,0,0,0,0,0,0,0,0,0,0,0,0,0,0,0,0,0,0,0,0,0,0,0,
hello,6_30,11_2_59,1.4303,0,0,0,1.430349,0.0000,0.0000,0.0000,0.0000,0.0000,0.0000,0,0,,,,,,,,0,0,0,0,0,0,0,0,0,0,0,0,0,0,0,0,0,0,0,0,0,0,0,0,0,0,0,0,0,0,0,0,0,0,0,0,0,0,0,0,0,0,0,0,0,0,0,0,0,0,0,
hello,6_30,11_2_59,1.4344,0,0,0,1.434357,0.0000,0.0000,0.0000,0.0000,0.0000,0.0000,0,0,,,,,,,,0,0,0,0,0,0,0,0,0,0,0,0,0,0,0,0,0,0,0,0,0,0,0,0,0,0,0,0,0,0,0,0,0,0,0,0,0,0,0,0,0,0,0,0,0,0,0,0,0,0,0,
hello,6_30,11_2_59,1.4378,0,0,0,1.437786,0.0000,0.0000,0.0000,0.0000,0.0000,0.0000,0,0,,,,,,,,0,0,0,0,0,0,0,0,0,0,0,0,0,0,0,0,0,0,0,0,0,0,0,0,0,0,0,0,0,0,0,0,0,0,0,0,0,0,0,0,0,0,0,0,0,0,0,0,0,0,0,
hello,6_30,11_2_59,1.4413,0,0,0,1.441315,0.0000,0.0000,0.0000,0.0000,0.0000,0.0000,0,0,,,,,,,,0,0,0,0,0,0,0,0,0,0,0,0,0,0,0,0,0,0,0,0,0,0,0,0,0,0,0,0,0,0,0,0,0,0,0,0,0,0,0,0,0,0,0,0,0,0,0,0,0,0,0,
hello,6_30,11_2_59,1.4451,0,0,0,1.445139,0.0000,0.0000,0.0000,0.0000,0.0000,0.0000,0,0,,,,,,,,0,0,0,0,0,0,0,0,0,0,0,0,0,0,0,0,0,0,0,0,0,0,0,0,0,0,0,0,0,0,0,0,0,0,0,0,0,0,0,0,0,0,0,0,0,0,0,0,0,0,0,
hello,6_30,11_2_59,1.4490,0,0,0,1.448997,0.0000,0.0000,0.0000,0.0000,0.0000,0.0000,0,0,,,,,,,,0,0,0,0,0,0,0,0,0,0,0,0,0,0,0,0,0,0,0,0,0,0,0,0,0,0,0,0,0,0,0,0,0,0,0,0,0,0,0,0,0,0,0,0,0,0,0,0,0,0,0,
hello,6_30,11_2_59,1.4531,0,0,0,1.453088,0.0000,0.0000,0.0000,0.0000,0.0000,0.0000,0,0,,,,,,,,0,0,0,0,0,0,0,0,0,0,0,0,0,0,0,0,0,0,0,0,0,0,0,0,0,0,0,0,0,0,0,0,0,0,0,0,0,0,0,0,0,0,0,0,0,0,0,0,0,0,0,
hello,6_30,11_2_59,1.4567,0,0,0,1.456748,0.0000,0.0000,0.0000,0.0000,0.0000,0.0000,0,0,,,,,,,,0,0,0,0,0,0,0,0,0,0,0,0,0,0,0,0,0,0,0,0,0,0,0,0,0,0,0,0,0,0,0,0,0,0,0,0,0,0,0,0,0,0,0,0,0,0,0,0,0,0,0,
hello,6_30,11_3_0,1.4606,0,0,0,1.460617,0.0000,0.0000,0.0000,0.0000,0.0000,0.0000,0,0,,,,,,,,0,0,0,0,0,0,0,0,0,0,0,0,0,0,0,0,0,0,0,0,0,0,0,0,0,0,0,0,0,0,0,0,0,0,0,0,0,0,0,0,0,0,0,0,0,0,0,0,0,0,0,
hello,6_30,11_3_0,1.4646,0,0,0,1.464563,0.0000,0.0000,0.0000,0.0000,0.0000,0.0000,0,0,,,,,,,,0,0,0,0,0,0,0,0,0,0,0,0,0,0,0,0,0,0,0,0,0,0,0,0,0,0,0,0,0,0,0,0,0,0,0,0,0,0,0,0,0,0,0,0,0,0,0,0,0,0,0,
hello,6_30,11_3_0,1.4683,0,0,0,1.468255,0.0000,0.0000,0.0000,0.0000,0.0000,0.0000,0,0,,,,,,,,0,0,0,0,0,0,0,0,0,0,0,0,0,0,0,0,0,0,0,0,0,0,0,0,0,0,0,0,0,0,0,0,0,0,0,0,0,0,0,0,0,0,0,0,0,0,0,0,0,0,0,
hello,6_30,11_3_0,1.4723,0,0,0,1.472272,0.0000,0.0000,0.0000,0.0000,0.0000,0.0000,0,0,,,,,,,,0,0,0,0,0,0,0,0,0,0,0,0,0,0,0,0,0,0,0,0,0,0,0,0,0,0,0,0,0,0,0,0,0,0,0,0,0,0,0,0,0,0,0,0,0,0,0,0,0,0,0,
hello,6_30,11_3_0,1.4761,0,0,0,1.476138,0.0000,0.0000,0.0000,0.0000,0.0000,0.0000,0,0,,,,,,,,0,0,0,0,0,0,0,0,0,0,0,0,0,0,0,0,0,0,0,0,0,0,0,0,0,0,0,0,0,0,0,0,0,0,0,0,0,0,0,0,0,0,0,0,0,0,0,0,0,0,0,
hello,6_30,11_3_0,1.4803,0,0,0,1.480301,0.0000,0.0000,0.0000,0.0000,0.0000,0.0000,0,0,,,,,,,,0,0,0,0,0,0,0,0,0,0,0,0,0,0,0,0,0,0,0,0,0,0,0,0,0,0,0,0,0,0,0,0,0,0,0,0,0,0,0,0,0,0,0,0,0,0,0,0,0,0,0,
hello,6_30,11_3_0,1.4841,0,0,0,1.484087,0.0000,0.0000,0.0000,0.0000,0.0000,0.0000,0,0,,,,,,,,0,0,0,0,0,0,0,0,0,0,0,0,0,0,0,0,0,0,0,0,0,0,0,0,0,0,0,0,0,0,0,0,0,0,0,0,0,0,0,0,0,0,0,0,0,0,0,0,0,0,0,
hello,6_30,11_3_0,1.4879,0,0,0,1.487885,0.0000,0.0000,0.0000,0.0000,0.0000,0.0000,0,0,,,,,,,,0,0,0,0,0,0,0,0,0,0,0,0,0,0,0,0,0,0,0,0,0,0,0,0,0,0,0,0,0,0,0,0,0,0,0,0,0,0,0,0,0,0,0,0,0,0,0,0,0,0,0,
hello,6_30,11_3_0,1.4922,0,0,0,1.49221,0.0000,0.0000,0.0000,0.0000,0.0000,0.0000,0,0,,,,,,,,0,0,0,0,0,0,0,0,0,0,0,0,0,0,0,0,0,0,0,0,0,0,0,0,0,0,0,0,0,0,0,0,0,0,0,0,0,0,0,0,0,0,0,0,0,0,0,0,0,0,0,
hello,6_30,11_3_0,1.4963,0,0,0,1.496291,0.0000,0.0000,0.0000,0.0000,0.0000,0.0000,0,0,,,,,,,,0,0,0,0,0,0,0,0,0,0,0,0,0,0,0,0,0,0,0,0,0,0,0,0,0,0,0,0,0,0,0,0,0,0,0,0,0,0,0,0,0,0,0,0,0,0,0,0,0,0,0,
hello,6_30,11_3_0,1.5002,0,0,0,1.500212,0.0000,0.0000,0.0000,0.0000,0.0000,0.0000,0,0,,,,,,,,0,0,0,0,0,0,0,0,0,0,0,0,0,0,0,0,0,0,0,0,0,0,0,0,0,0,0,0,0,0,0,0,0,0,0,0,0,0,0,0,0,0,0,0,0,0,0,0,0,0,0,
hello,6_30,11_3_0,1.5041,0,0,0,1.504103,0.0000,0.0000,0.0000,0.0000,0.0000,0.0000,0,0,,,,,,,,0,0,0,0,0,0,0,0,0,0,0,0,0,0,0,0,0,0,0,0,0,0,0,0,0,0,0,0,0,0,0,0,0,0,0,0,0,0,0,0,0,0,0,0,0,0,0,0,0,0,0,
hello,6_30,11_3_0,1.5104,0,0,0,1.510351,0.0000,0.0000,0.0000,0.0000,0.0000,0.0000,0,0,,,,,,,,0,0,0,0,0,0,0,0,0,0,0,0,0,0,0,0,0,0,0,0,0,0,0,0,0,0,0,0,0,0,0,0,0,0,0,0,0,0,0,0,0,0,0,0,0,0,0,0,0,0,0,
hello,6_30,11_3_0,1.5146,0,0,0,1.51462,0.0000,0.0000,0.0000,0.0000,0.0000,0.0000,0,0,,,,,,,,0,0,0,0,0,0,0,0,0,0,0,0,0,0,0,0,0,0,0,0,0,0,0,0,0,0,0,0,0,0,0,0,0,0,0,0,0,0,0,0,0,0,0,0,0,0,0,0,0,0,0,
hello,6_30,11_3_0,1.5183,0,0,0,1.518342,0.0000,0.0000,0.0000,0.0000,0.0000,0.0000,0,0,,,,,,,,0,0,0,0,0,0,0,0,0,0,0,0,0,0,0,0,0,0,0,0,0,0,0,0,0,0,0,0,0,0,0,0,0,0,0,0,0,0,0,0,0,0,0,0,0,0,0,0,0,0,0,
hello,6_30,11_3_0,1.5223,0,0,0,1.522317,0.0000,0.0000,0.0000,0.0000,0.0000,0.0000,0,0,,,,,,,,0,0,0,0,0,0,0,0,0,0,0,0,0,0,0,0,0,0,0,0,0,0,0,0,0,0,0,0,0,0,0,0,0,0,0,0,0,0,0,0,0,0,0,0,0,0,0,0,0,0,0,
hello,6_30,11_3_0,1.5263,0,0,0,1.526274,0.0000,0.0000,0.0000,0.0000,0.0000,0.0000,0,0,,,,,,,,0,0,0,0,0,0,0,0,0,0,0,0,0,0,0,0,0,0,0,0,0,0,0,0,0,0,0,0,0,0,0,0,0,0,0,0,0,0,0,0,0,0,0,0,0,0,0,0,0,0,0,
hello,6_30,11_3_0,1.5304,0,0,0,1.530355,0.0000,0.0000,0.0000,0.0000,0.0000,0.0000,0,0,,,,,,,,0,0,0,0,0,0,0,0,0,0,0,0,0,0,0,0,0,0,0,0,0,0,0,0,0,0,0,0,0,0,0,0,0,0,0,0,0,0,0,0,0,0,0,0,0,0,0,0,0,0,0,
hello,6_30,11_3_0,1.5336,0,0,0,1.533635,0.0000,0.0000,0.0000,0.0000,0.0000,0.0000,0,0,,,,,,,,0,0,0,0,0,0,0,0,0,0,0,0,0,0,0,0,0,0,0,0,0,0,0,0,0,0,0,0,0,0,0,0,0,0,0,0,0,0,0,0,0,0,0,0,0,0,0,0,0,0,0,
hello,6_30,11_3_0,1.5375,0,0,0,1.537537,0.0000,0.0000,0.0000,0.0000,0.0000,0.0000,0,0,,,,,,,,0,0,0,0,0,0,0,0,0,0,0,0,0,0,0,0,0,0,0,0,0,0,0,0,0,0,0,0,0,0,0,0,0,0,0,0,0,0,0,0,0,0,0,0,0,0,0,0,0,0,0,
hello,6_30,11_3_0,1.5411,0,0,0,1.54109,0.0000,0.0000,0.0000,0.0000,0.0000,0.0000,0,0,,,,,,,,0,0,0,0,0,0,0,0,0,0,0,0,0,0,0,0,0,0,0,0,0,0,0,0,0,0,0,0,0,0,0,0,0,0,0,0,0,0,0,0,0,0,0,0,0,0,0,0,0,0,0,
hello,6_30,11_3_0,1.5455,0,0,0,1.545463,0.0000,0.0000,0.0000,0.0000,0.0000,0.0000,0,0,,,,,,,,0,0,0,0,0,0,0,0,0,0,0,0,0,0,0,0,0,0,0,0,0,0,0,0,0,0,0,0,0,0,0,0,0,0,0,0,0,0,0,0,0,0,0,0,0,0,0,0,0,0,0,
hello,6_30,11_3_0,1.5491,0,0,0,1.549075,0.0000,0.0000,0.0000,0.0000,0.0000,0.0000,0,0,,,,,,,,0,0,0,0,0,0,0,0,0,0,0,0,0,0,0,0,0,0,0,0,0,0,0,0,0,0,0,0,0,0,0,0,0,0,0,0,0,0,0,0,0,0,0,0,0,0,0,0,0,0,0,
hello,6_30,11_3_0,1.5529,0,0,0,1.55286,0.0000,0.0000,0.0000,0.0000,0.0000,0.0000,0,0,,,,,,,,0,0,0,0,0,0,0,0,0,0,0,0,0,0,0,0,0,0,0,0,0,0,0,0,0,0,0,0,0,0,0,0,0,0,0,0,0,0,0,0,0,0,0,0,0,0,0,0,0,0,0,
hello,6_30,11_3_0,1.5568,0,0,0,1.556756,0.0000,0.0000,0.0000,0.0000,0.0000,0.0000,0,0,,,,,,,,0,0,0,0,0,0,0,0,0,0,0,0,0,0,0,0,0,0,0,0,0,0,0,0,0,0,0,0,0,0,0,0,0,0,0,0,0,0,0,0,0,0,0,0,0,0,0,0,0,0,0,
hello,6_30,11_3_0,1.5606,0,0,0,1.560588,0.0000,0.0000,0.0000,0.0000,0.0000,0.0000,0,0,,,,,,,,0,0,0,0,0,0,0,0,0,0,0,0,0,0,0,0,0,0,0,0,0,0,0,0,0,0,0,0,0,0,0,0,0,0,0,0,0,0,0,0,0,0,0,0,0,0,0,0,0,0,0,
hello,6_30,11_3_0,1.5644,0,0,0,1.564449,0.0000,0.0000,0.0000,0.0000,0.0000,0.0000,0,0,,,,,,,,0,0,0,0,0,0,0,0,0,0,0,0,0,0,0,0,0,0,0,0,0,0,0,0,0,0,0,0,0,0,0,0,0,0,0,0,0,0,0,0,0,0,0,0,0,0,0,0,0,0,0,
hello,6_30,11_3_0,1.5676,0,0,0,1.567622,0.0000,0.0000,0.0000,0.0000,0.0000,0.0000,0,0,,,,,,,,0,0,0,0,0,0,0,0,0,0,0,0,0,0,0,0,0,0,0,0,0,0,0,0,0,0,0,0,0,0,0,0,0,0,0,0,0,0,0,0,0,0,0,0,0,0,0,0,0,0,0,
hello,6_30,11_3_0,1.5709,0,0,0,1.570943,0.0000,0.0000,0.0000,0.0000,0.0000,0.0000,0,0,,,,,,,,0,0,0,0,0,0,0,0,0,0,0,0,0,0,0,0,0,0,0,0,0,0,0,0,0,0,0,0,0,0,0,0,0,0,0,0,0,0,0,0,0,0,0,0,0,0,0,0,0,0,0,
hello,6_30,11_3_0,1.5741,0,0,0,1.574068,0.0000,0.0000,0.0000,0.0000,0.0000,0.0000,0,0,,,,,,,,0,0,0,0,0,0,0,0,0,0,0,0,0,0,0,0,0,0,0,0,0,0,0,0,0,0,0,0,0,0,0,0,0,0,0,0,0,0,0,0,0,0,0,0,0,0,0,0,0,0,0,
hello,6_30,11_3_0,1.5772,0,0,0,1.57723,0.0000,0.0000,0.0000,0.0000,0.0000,0.0000,0,0,,,,,,,,0,0,0,0,0,0,0,0,0,0,0,0,0,0,0,0,0,0,0,0,0,0,0,0,0,0,0,0,0,0,0,0,0,0,0,0,0,0,0,0,0,0,0,0,0,0,0,0,0,0,0,
hello,6_30,11_3_0,1.5804,0,0,0,1.580427,0.0000,0.0000,0.0000,0.0000,0.0000,0.0000,0,0,,,,,,,,0,0,0,0,0,0,0,0,0,0,0,0,0,0,0,0,0,0,0,0,0,0,0,0,0,0,0,0,0,0,0,0,0,0,0,0,0,0,0,0,0,0,0,0,0,0,0,0,0,0,0,
hello,6_30,11_3_0,1.5838,0,0,0,1.583822,0.0000,0.0000,0.0000,0.0000,0.0000,0.0000,0,0,,,,,,,,0,0,0,0,0,0,0,0,0,0,0,0,0,0,0,0,0,0,0,0,0,0,0,0,0,0,0,0,0,0,0,0,0,0,0,0,0,0,0,0,0,0,0,0,0,0,0,0,0,0,0,
hello,6_30,11_3_0,1.5875,0,0,0,1.587481,0.0000,0.0000,0.0000,0.0000,0.0000,0.0000,0,0,,,,,,,,0,0,0,0,0,0,0,0,0,0,0,0,0,0,0,0,0,0,0,0,0,0,0,0,0,0,0,0,0,0,0,0,0,0,0,0,0,0,0,0,0,0,0,0,0,0,0,0,0,0,0,
hello,6_30,11_3_0,1.5910,0,0,0,1.591041,0.0000,0.0000,0.0000,0.0000,0.0000,0.0000,0,0,,,,,,,,0,0,0,0,0,0,0,0,0,0,0,0,0,0,0,0,0,0,0,0,0,0,0,0,0,0,0,0,0,0,0,0,0,0,0,0,0,0,0,0,0,0,0,0,0,0,0,0,0,0,0,
hello,6_30,11_3_0,1.5950,0,0,0,1.595049,0.0000,0.0000,0.0000,0.0000,0.0000,0.0000,0,0,,,,,,,,0,0,0,0,0,0,0,0,0,0,0,0,0,0,0,0,0,0,0,0,0,0,0,0,0,0,0,0,0,0,0,0,0,0,0,0,0,0,0,0,0,0,0,0,0,0,0,0,0,0,0,
hello,6_30,11_3_0,1.5990,0,0,0,1.59895,0.0000,0.0000,0.0000,0.0000,0.0000,0.0000,0,0,,,,,,,,0,0,0,0,0,0,0,0,0,0,0,0,0,0,0,0,0,0,0,0,0,0,0,0,0,0,0,0,0,0,0,0,0,0,0,0,0,0,0,0,0,0,0,0,0,0,0,0,0,0,0,
hello,6_30,11_3_0,1.6033,0,0,0,1.603263,0.0000,0.0000,0.0000,0.0000,0.0000,0.0000,0,0,,,,,,,,0,0,0,0,0,0,0,0,0,0,0,0,0,0,0,0,0,0,0,0,0,0,0,0,0,0,0,0,0,0,0,0,0,0,0,0,0,0,0,0,0,0,0,0,0,0,0,0,0,0,0,
hello,6_30,11_3_0,1.6075,0,0,0,1.607536,0.0000,0.0000,0.0000,0.0000,0.0000,0.0000,0,0,,,,,,,,0,0,0,0,0,0,0,0,0,0,0,0,0,0,0,0,0,0,0,0,0,0,0,0,0,0,0,0,0,0,0,0,0,0,0,0,0,0,0,0,0,0,0,0,0,0,0,0,0,0,0,
hello,6_30,11_3_0,1.6152,0,0,0,1.615222,0.0000,0.0000,0.0000,0.0000,0.0000,0.0000,0,0,,,,,,,,0,0,0,0,0,0,0,0,0,0,0,0,0,0,0,0,0,0,0,0,0,0,0,0,0,0,0,0,0,0,0,0,0,0,0,0,0,0,0,0,0,0,0,0,0,0,0,0,0,0,0,
hello,6_30,11_3_0,1.6191,0,0,0,1.619109,0.0000,0.0000,0.0000,0.0000,0.0000,0.0000,0,0,,,,,,,,0,0,0,0,0,0,0,0,0,0,0,0,0,0,0,0,0,0,0,0,0,0,0,0,0,0,0,0,0,0,0,0,0,0,0,0,0,0,0,0,0,0,0,0,0,0,0,0,0,0,0,
hello,6_30,11_3_0,1.6229,0,0,0,1.622864,0.0000,0.0000,0.0000,0.0000,0.0000,0.0000,0,0,,,,,,,,0,0,0,0,0,0,0,0,0,0,0,0,0,0,0,0,0,0,0,0,0,0,0,0,0,0,0,0,0,0,0,0,0,0,0,0,0,0,0,0,0,0,0,0,0,0,0,0,0,0,0,
hello,6_30,11_3_0,1.6267,0,0,0,1.62674,0.0000,0.0000,0.0000,0.0000,0.0000,0.0000,0,0,,,,,,,,0,0,0,0,0,0,0,0,0,0,0,0,0,0,0,0,0,0,0,0,0,0,0,0,0,0,0,0,0,0,0,0,0,0,0,0,0,0,0,0,0,0,0,0,0,0,0,0,0,0,0,
hello,6_30,11_3_0,1.6304,0,0,0,1.63044,0.0000,0.0000,0.0000,0.0000,0.0000,0.0000,0,0,,,,,,,,0,0,0,0,0,0,0,0,0,0,0,0,0,0,0,0,0,0,0,0,0,0,0,0,0,0,0,0,0,0,0,0,0,0,0,0,0,0,0,0,0,0,0,0,0,0,0,0,0,0,0,
hello,6_30,11_3_0,1.6345,0,0,0,1.634488,0.0000,0.0000,0.0000,0.0000,0.0000,0.0000,0,0,,,,,,,,0,0,0,0,0,0,0,0,0,0,0,0,0,0,0,0,0,0,0,0,0,0,0,0,0,0,0,0,0,0,0,0,0,0,0,0,0,0,0,0,0,0,0,0,0,0,0,0,0,0,0,
hello,6_30,11_3_0,1.6381,0,0,0,1.638077,0.0000,0.0000,0.0000,0.0000,0.0000,0.0000,0,0,,,,,,,,0,0,0,0,0,0,0,0,0,0,0,0,0,0,0,0,0,0,0,0,0,0,0,0,0,0,0,0,0,0,0,0,0,0,0,0,0,0,0,0,0,0,0,0,0,0,0,0,0,0,0,
hello,6_30,11_3_0,1.6416,0,0,0,1.641642,0.0000,0.0000,0.0000,0.0000,0.0000,0.0000,0,0,,,,,,,,0,0,0,0,0,0,0,0,0,0,0,0,0,0,0,0,0,0,0,0,0,0,0,0,0,0,0,0,0,0,0,0,0,0,0,0,0,0,0,0,0,0,0,0,0,0,0,0,0,0,0,
hello,6_30,11_3_0,1.6456,0,0,0,1.645582,0.0000,0.0000,0.0000,0.0000,0.0000,0.0000,0,0,,,,,,,,0,0,0,0,0,0,0,0,0,0,0,0,0,0,0,0,0,0,0,0,0,0,0,0,0,0,0,0,0,0,0,0,0,0,0,0,0,0,0,0,0,0,0,0,0,0,0,0,0,0,0,
hello,6_30,11_3_0,1.6494,0,0,0,1.649361,0.0000,0.0000,0.0000,0.0000,0.0000,0.0000,0,0,,,,,,,,0,0,0,0,0,0,0,0,0,0,0,0,0,0,0,0,0,0,0,0,0,0,0,0,0,0,0,0,0,0,0,0,0,0,0,0,0,0,0,0,0,0,0,0,0,0,0,0,0,0,0,
hello,6_30,11_3_0,1.6533,0,0,0,1.653271,0.0000,0.0000,0.0000,0.0000,0.0000,0.0000,0,0,,,,,,,,0,0,0,0,0,0,0,0,0,0,0,0,0,0,0,0,0,0,0,0,0,0,0,0,0,0,0,0,0,0,0,0,0,0,0,0,0,0,0,0,0,0,0,0,0,0,0,0,0,0,0,
hello,6_30,11_3_0,1.6572,0,0,0,1.657205,0.0000,0.0000,0.0000,0.0000,0.0000,0.0000,0,0,,,,,,,,0,0,0,0,0,0,0,0,0,0,0,0,0,0,0,0,0,0,0,0,0,0,0,0,0,0,0,0,0,0,0,0,0,0,0,0,0,0,0,0,0,0,0,0,0,0,0,0,0,0,0,
hello,6_30,11_3_0,1.6613,0,0,0,1.661317,0.0000,0.0000,0.0000,0.0000,0.0000,0.0000,0,0,,,,,,,,0,0,0,0,0,0,0,0,0,0,0,0,0,0,0,0,0,0,0,0,0,0,0,0,0,0,0,0,0,0,0,0,0,0,0,0,0,0,0,0,0,0,0,0,0,0,0,0,0,0,0,
hello,6_30,11_3_0,1.6665,0,0,0,1.666517,0.0000,0.0000,0.0000,0.0000,0.0000,0.0000,0,0,,,,,,,,0,0,0,0,0,0,0,0,0,0,0,0,0,0,0,0,0,0,0,0,0,0,0,0,0,0,0,0,0,0,0,0,0,0,0,0,0,0,0,0,0,0,0,0,0,0,0,0,0,0,0,
hello,6_30,11_3_0,1.6724,0,0,0,1.672402,0.0000,0.0000,0.0000,0.0000,0.0000,0.0000,0,0,,,,,,,,0,0,0,0,0,0,0,0,0,0,0,0,0,0,0,0,0,0,0,0,0,0,0,0,0,0,0,0,0,0,0,0,0,0,0,0,0,0,0,0,0,0,0,0,0,0,0,0,0,0,0,
hello,6_30,11_3_0,1.6761,0,0,0,1.676085,0.0000,0.0000,0.0000,0.0000,0.0000,0.0000,0,0,,,,,,,,0,0,0,0,0,0,0,0,0,0,0,0,0,0,0,0,0,0,0,0,0,0,0,0,0,0,0,0,0,0,0,0,0,0,0,0,0,0,0,0,0,0,0,0,0,0,0,0,0,0,0,
hello,6_30,11_3_0,1.6796,0,0,0,1.679615,0.0000,0.0000,0.0000,0.0000,0.0000,0.0000,0,0,,,,,,,,0,0,0,0,0,0,0,0,0,0,0,0,0,0,0,0,0,0,0,0,0,0,0,0,0,0,0,0,0,0,0,0,0,0,0,0,0,0,0,0,0,0,0,0,0,0,0,0,0,0,0,
hello,6_30,11_3_0,1.6835,0,0,0,1.683483,0.0000,0.0000,0.0000,0.0000,0.0000,0.0000,0,0,,,,,,,,0,0,0,0,0,0,0,0,0,0,0,0,0,0,0,0,0,0,0,0,0,0,0,0,0,0,0,0,0,0,0,0,0,0,0,0,0,0,0,0,0,0,0,0,0,0,0,0,0,0,0,
hello,6_30,11_3_0,1.6877,0,0,0,1.687686,0.0000,0.0000,0.0000,0.0000,0.0000,0.0000,0,0,,,,,,,,0,0,0,0,0,0,0,0,0,0,0,0,0,0,0,0,0,0,0,0,0,0,0,0,0,0,0,0,0,0,0,0,0,0,0,0,0,0,0,0,0,0,0,0,0,0,0,0,0,0,0,
hello,6_30,11_3_0,1.6917,0,0,0,1.691654,0.0000,0.0000,0.0000,0.0000,0.0000,0.0000,0,0,,,,,,,,0,0,0,0,0,0,0,0,0,0,0,0,0,0,0,0,0,0,0,0,0,0,0,0,0,0,0,0,0,0,0,0,0,0,0,0,0,0,0,0,0,0,0,0,0,0,0,0,0,0,0,
hello,6_30,11_3_0,1.6953,0,0,0,1.695257,0.0000,0.0000,0.0000,0.0000,0.0000,0.0000,0,0,,,,,,,,0,0,0,0,0,0,0,0,0,0,0,0,0,0,0,0,0,0,0,0,0,0,0,0,0,0,0,0,0,0,0,0,0,0,0,0,0,0,0,0,0,0,0,0,0,0,0,0,0,0,0,
hello,6_30,11_3_0,1.6992,0,0,0,1.699187,0.0000,0.0000,0.0000,0.0000,0.0000,0.0000,0,0,,,,,,,,0,0,0,0,0,0,0,0,0,0,0,0,0,0,0,0,0,0,0,0,0,0,0,0,0,0,0,0,0,0,0,0,0,0,0,0,0,0,0,0,0,0,0,0,0,0,0,0,0,0,0,
hello,6_30,11_3_0,1.7032,0,0,0,1.703158,0.0000,0.0000,0.0000,0.0000,0.0000,0.0000,0,0,,,,,,,,0,0,0,0,0,0,0,0,0,0,0,0,0,0,0,0,0,0,0,0,0,0,0,0,0,0,0,0,0,0,0,0,0,0,0,0,0,0,0,0,0,0,0,0,0,0,0,0,0,0,0,
hello,6_30,11_3_0,1.7073,0,0,0,1.707264,0.0000,0.0000,0.0000,0.0000,0.0000,0.0000,0,0,,,,,,,,0,0,0,0,0,0,0,0,0,0,0,0,0,0,0,0,0,0,0,0,0,0,0,0,0,0,0,0,0,0,0,0,0,0,0,0,0,0,0,0,0,0,0,0,0,0,0,0,0,0,0,
hello,6_30,11_3_0,1.7112,0,0,0,1.711235,0.0000,0.0000,0.0000,0.0000,0.0000,0.0000,0,0,,,,,,,,0,0,0,0,0,0,0,0,0,0,0,0,0,0,0,0,0,0,0,0,0,0,0,0,0,0,0,0,0,0,0,0,0,0,0,0,0,0,0,0,0,0,0,0,0,0,0,0,0,0,0,
hello,6_30,11_3_0,1.7153,0,0,0,1.715342,0.0000,0.0000,0.0000,0.0000,0.0000,0.0000,0,0,,,,,,,,0,0,0,0,0,0,0,0,0,0,0,0,0,0,0,0,0,0,0,0,0,0,0,0,0,0,0,0,0,0,0,0,0,0,0,0,0,0,0,0,0,0,0,0,0,0,0,0,0,0,0,
hello,6_30,11_3_0,1.7195,0,0,0,1.719514,0.0000,0.0000,0.0000,0.0000,0.0000,0.0000,0,0,,,,,,,,0,0,0,0,0,0,0,0,0,0,0,0,0,0,0,0,0,0,0,0,0,0,0,0,0,0,0,0,0,0,0,0,0,0,0,0,0,0,0,0,0,0,0,0,0,0,0,0,0,0,0,
hello,6_30,11_3_0,1.7231,0,0,0,1.723087,0.0000,0.0000,0.0000,0.0000,0.0000,0.0000,0,0,,,,,,,,0,0,0,0,0,0,0,0,0,0,0,0,0,0,0,0,0,0,0,0,0,0,0,0,0,0,0,0,0,0,0,0,0,0,0,0,0,0,0,0,0,0,0,0,0,0,0,0,0,0,0,
hello,6_30,11_3_0,1.7273,0,0,0,1.727301,0.0000,0.0000,0.0000,0.0000,0.0000,0.0000,0,0,,,,,,,,0,0,0,0,0,0,0,0,0,0,0,0,0,0,0,0,0,0,0,0,0,0,0,0,0,0,0,0,0,0,0,0,0,0,0,0,0,0,0,0,0,0,0,0,0,0,0,0,0,0,0,
hello,6_30,11_3_0,1.7313,0,0,0,1.731324,0.0000,0.0000,0.0000,0.0000,0.0000,0.0000,0,0,,,,,,,,0,0,0,0,0,0,0,0,0,0,0,0,0,0,0,0,0,0,0,0,0,0,0,0,0,0,0,0,0,0,0,0,0,0,0,0,0,0,0,0,0,0,0,0,0,0,0,0,0,0,0,
hello,6_30,11_3_0,1.7353,0,0,0,1.735314,0.0000,0.0000,0.0000,0.0000,0.0000,0.0000,0,0,,,,,,,,0,0,0,0,0,0,0,0,0,0,0,0,0,0,0,0,0,0,0,0,0,0,0,0,0,0,0,0,0,0,0,0,0,0,0,0,0,0,0,0,0,0,0,0,0,0,0,0,0,0,0,
hello,6_30,11_3_0,1.7392,0,0,0,1.739245,0.0000,0.0000,0.0000,0.0000,0.0000,0.0000,0,0,,,,,,,,0,0,0,0,0,0,0,0,0,0,0,0,0,0,0,0,0,0,0,0,0,0,0,0,0,0,0,0,0,0,0,0,0,0,0,0,0,0,0,0,0,0,0,0,0,0,0,0,0,0,0,
hello,6_30,11_3_0,1.7425,0,0,0,1.742525,0.0000,0.0000,0.0000,0.0000,0.0000,0.0000,0,0,,,,,,,,0,0,0,0,0,0,0,0,0,0,0,0,0,0,0,0,0,0,0,0,0,0,0,0,0,0,0,0,0,0,0,0,0,0,0,0,0,0,0,0,0,0,0,0,0,0,0,0,0,0,0,
hello,6_30,11_3_0,1.7463,0,0,0,1.746316,0.0000,0.0000,0.0000,0.0000,0.0000,0.0000,0,0,,,,,,,,0,0,0,0,0,0,0,0,0,0,0,0,0,0,0,0,0,0,0,0,0,0,0,0,0,0,0,0,0,0,0,0,0,0,0,0,0,0,0,0,0,0,0,0,0,0,0,0,0,0,0,
hello,6_30,11_3_0,1.7503,0,0,0,1.750323,0.0000,0.0000,0.0000,0.0000,0.0000,0.0000,0,0,,,,,,,,0,0,0,0,0,0,0,0,0,0,0,0,0,0,0,0,0,0,0,0,0,0,0,0,0,0,0,0,0,0,0,0,0,0,0,0,0,0,0,0,0,0,0,0,0,0,0,0,0,0,0,
hello,6_30,11_3_0,1.7546,0,0,0,1.754616,0.0000,0.0000,0.0000,0.0000,0.0000,0.0000,0,0,,,,,,,,0,0,0,0,0,0,0,0,0,0,0,0,0,0,0,0,0,0,0,0,0,0,0,0,0,0,0,0,0,0,0,0,0,0,0,0,0,0,0,0,0,0,0,0,0,0,0,0,0,0,0,
hello,6_30,11_3_0,1.7581,0,0,0,1.758138,0.0000,0.0000,0.0000,0.0000,0.0000,0.0000,0,0,,,,,,,,0,0,0,0,0,0,0,0,0,0,0,0,0,0,0,0,0,0,0,0,0,0,0,0,0,0,0,0,0,0,0,0,0,0,0,0,0,0,0,0,0,0,0,0,0,0,0,0,0,0,0,
hello,6_30,11_3_0,1.7624,0,0,0,1.762416,0.0000,0.0000,0.0000,0.0000,0.0000,0.0000,0,0,,,,,,,,0,0,0,0,0,0,0,0,0,0,0,0,0,0,0,0,0,0,0,0,0,0,0,0,0,0,0,0,0,0,0,0,0,0,0,0,0,0,0,0,0,0,0,0,0,0,0,0,0,0,0,
hello,6_30,11_3_0,1.7661,0,0,0,1.76608,0.0000,0.0000,0.0000,0.0000,0.0000,0.0000,0,0,,,,,,,,0,0,0,0,0,0,0,0,0,0,0,0,0,0,0,0,0,0,0,0,0,0,0,0,0,0,0,0,0,0,0,0,0,0,0,0,0,0,0,0,0,0,0,0,0,0,0,0,0,0,0,
hello,6_30,11_3_0,1.7698,0,0,0,1.769848,0.0000,0.0000,0.0000,0.0000,0.0000,0.0000,0,0,,,,,,,,0,0,0,0,0,0,0,0,0,0,0,0,0,0,0,0,0,0,0,0,0,0,0,0,0,0,0,0,0,0,0,0,0,0,0,0,0,0,0,0,0,0,0,0,0,0,0,0,0,0,0,
hello,6_30,11_3_0,1.7743,0,0,0,1.774298,0.0000,0.0000,0.0000,0.0000,0.0000,0.0000,0,0,,,,,,,,0,0,0,0,0,0,0,0,0,0,0,0,0,0,0,0,0,0,0,0,0,0,0,0,0,0,0,0,0,0,0,0,0,0,0,0,0,0,0,0,0,0,0,0,0,0,0,0,0,0,0,
hello,6_30,11_3_0,1.7784,0,0,0,1.778381,0.0000,0.0000,0.0000,0.0000,0.0000,0.0000,0,0,,,,,,,,0,0,0,0,0,0,0,0,0,0,0,0,0,0,0,0,0,0,0,0,0,0,0,0,0,0,0,0,0,0,0,0,0,0,0,0,0,0,0,0,0,0,0,0,0,0,0,0,0,0,0,
hello,6_30,11_3_0,1.7825,0,0,0,1.782467,0.0000,0.0000,0.0000,0.0000,0.0000,0.0000,0,0,,,,,,,,0,0,0,0,0,0,0,0,0,0,0,0,0,0,0,0,0,0,0,0,0,0,0,0,0,0,0,0,0,0,0,0,0,0,0,0,0,0,0,0,0,0,0,0,0,0,0,0,0,0,0,
hello,6_30,11_3_0,1.7862,0,0,0,1.786205,0.0000,0.0000,0.0000,0.0000,0.0000,0.0000,0,0,,,,,,,,0,0,0,0,0,0,0,0,0,0,0,0,0,0,0,0,0,0,0,0,0,0,0,0,0,0,0,0,0,0,0,0,0,0,0,0,0,0,0,0,0,0,0,0,0,0,0,0,0,0,0,
hello,6_30,11_3_0,1.7902,0,0,0,1.790174,0.0000,0.0000,0.0000,0.0000,0.0000,0.0000,0,0,,,,,,,,0,0,0,0,0,0,0,0,0,0,0,0,0,0,0,0,0,0,0,0,0,0,0,0,0,0,0,0,0,0,0,0,0,0,0,0,0,0,0,0,0,0,0,0,0,0,0,0,0,0,0,
hello,6_30,11_3_0,1.7943,0,0,0,1.794295,0.0000,0.0000,0.0000,0.0000,0.0000,0.0000,0,0,,,,,,,,0,0,0,0,0,0,0,0,0,0,0,0,0,0,0,0,0,0,0,0,0,0,0,0,0,0,0,0,0,0,0,0,0,0,0,0,0,0,0,0,0,0,0,0,0,0,0,0,0,0,0,
hello,6_30,11_3_0,1.7978,0,0,0,1.797801,0.0000,0.0000,0.0000,0.0000,0.0000,0.0000,0,0,,,,,,,,0,0,0,0,0,0,0,0,0,0,0,0,0,0,0,0,0,0,0,0,0,0,0,0,0,0,0,0,0,0,0,0,0,0,0,0,0,0,0,0,0,0,0,0,0,0,0,0,0,0,0,
hello,6_30,11_3_0,1.8017,0,0,0,1.801738,0.0000,0.0000,0.0000,0.0000,0.0000,0.0000,0,0,,,,,,,,0,0,0,0,0,0,0,0,0,0,0,0,0,0,0,0,0,0,0,0,0,0,0,0,0,0,0,0,0,0,0,0,0,0,0,0,0,0,0,0,0,0,0,0,0,0,0,0,0,0,0,
hello,6_30,11_3_0,1.8056,0,0,0,1.805599,0.0000,0.0000,0.0000,0.0000,0.0000,0.0000,0,0,,,,,,,,0,0,0,0,0,0,0,0,0,0,0,0,0,0,0,0,0,0,0,0,0,0,0,0,0,0,0,0,0,0,0,0,0,0,0,0,0,0,0,0,0,0,0,0,0,0,0,0,0,0,0,
hello,6_30,11_3_0,1.8094,0,0,0,1.809381,0.0000,0.0000,0.0000,0.0000,0.0000,0.0000,0,0,,,,,,,,0,0,0,0,0,0,0,0,0,0,0,0,0,0,0,0,0,0,0,0,0,0,0,0,0,0,0,0,0,0,0,0,0,0,0,0,0,0,0,0,0,0,0,0,0,0,0,0,0,0,0,
hello,6_30,11_3_0,1.8164,0,0,0,1.816362,0.0000,0.0000,0.0000,0.0000,0.0000,0.0000,0,0,,,,,,,,0,0,0,0,0,0,0,0,0,0,0,0,0,0,0,0,0,0,0,0,0,0,0,0,0,0,0,0,0,0,0,0,0,0,0,0,0,0,0,0,0,0,0,0,0,0,0,0,0,0,0,
hello,6_30,11_3_0,1.8197,0,0,0,1.819682,0.0000,0.0000,0.0000,0.0000,0.0000,0.0000,0,0,,,,,,,,0,0,0,0,0,0,0,0,0,0,0,0,0,0,0,0,0,0,0,0,0,0,0,0,0,0,0,0,0,0,0,0,0,0,0,0,0,0,0,0,0,0,0,0,0,0,0,0,0,0,0,
hello,6_30,11_3_0,1.8233,0,0,0,1.823349,0.0000,0.0000,0.0000,0.0000,0.0000,0.0000,0,0,,,,,,,,0,0,0,0,0,0,0,0,0,0,0,0,0,0,0,0,0,0,0,0,0,0,0,0,0,0,0,0,0,0,0,0,0,0,0,0,0,0,0,0,0,0,0,0,0,0,0,0,0,0,0,
hello,6_30,11_3_0,1.8272,0,0,0,1.82724,0.0000,0.0000,0.0000,0.0000,0.0000,0.0000,0,0,,,,,,,,0,0,0,0,0,0,0,0,0,0,0,0,0,0,0,0,0,0,0,0,0,0,0,0,0,0,0,0,0,0,0,0,0,0,0,0,0,0,0,0,0,0,0,0,0,0,0,0,0,0,0,
hello,6_30,11_3_0,1.8304,0,0,0,1.830389,0.0000,0.0000,0.0000,0.0000,0.0000,0.0000,0,0,,,,,,,,0,0,0,0,0,0,0,0,0,0,0,0,0,0,0,0,0,0,0,0,0,0,0,0,0,0,0,0,0,0,0,0,0,0,0,0,0,0,0,0,0,0,0,0,0,0,0,0,0,0,0,
hello,6_30,11_3_0,1.8345,0,0,0,1.834529,0.0000,0.0000,0.0000,0.0000,0.0000,0.0000,0,0,,,,,,,,0,0,0,0,0,0,0,0,0,0,0,0,0,0,0,0,0,0,0,0,0,0,0,0,0,0,0,0,0,0,0,0,0,0,0,0,0,0,0,0,0,0,0,0,0,0,0,0,0,0,0,
hello,6_30,11_3_0,1.8381,0,0,0,1.838119,0.0000,0.0000,0.0000,0.0000,0.0000,0.0000,0,0,,,,,,,,0,0,0,0,0,0,0,0,0,0,0,0,0,0,0,0,0,0,0,0,0,0,0,0,0,0,0,0,0,0,0,0,0,0,0,0,0,0,0,0,0,0,0,0,0,0,0,0,0,0,0,
hello,6_30,11_3_0,1.8416,0,0,0,1.841624,0.0000,0.0000,0.0000,0.0000,0.0000,0.0000,0,0,,,,,,,,0,0,0,0,0,0,0,0,0,0,0,0,0,0,0,0,0,0,0,0,0,0,0,0,0,0,0,0,0,0,0,0,0,0,0,0,0,0,0,0,0,0,0,0,0,0,0,0,0,0,0,
hello,6_30,11_3_0,1.8453,0,0,0,1.845314,0.0000,0.0000,0.0000,0.0000,0.0000,0.0000,0,0,,,,,,,,0,0,0,0,0,0,0,0,0,0,0,0,0,0,0,0,0,0,0,0,0,0,0,0,0,0,0,0,0,0,0,0,0,0,0,0,0,0,0,0,0,0,0,0,0,0,0,0,0,0,0,
hello,6_30,11_3_0,1.8492,0,0,0,1.849215,0.0000,0.0000,0.0000,0.0000,0.0000,0.0000,0,0,,,,,,,,0,0,0,0,0,0,0,0,0,0,0,0,0,0,0,0,0,0,0,0,0,0,0,0,0,0,0,0,0,0,0,0,0,0,0,0,0,0,0,0,0,0,0,0,0,0,0,0,0,0,0,
hello,6_30,11_3_0,1.8532,0,0,0,1.853249,0.0000,0.0000,0.0000,0.0000,0.0000,0.0000,0,0,,,,,,,,0,0,0,0,0,0,0,0,0,0,0,0,0,0,0,0,0,0,0,0,0,0,0,0,0,0,0,0,0,0,0,0,0,0,0,0,0,0,0,0,0,0,0,0,0,0,0,0,0,0,0,
hello,6_30,11_3_0,1.8574,0,0,0,1.857426,0.0000,0.0000,0.0000,0.0000,0.0000,0.0000,0,0,,,,,,,,0,0,0,0,0,0,0,0,0,0,0,0,0,0,0,0,0,0,0,0,0,0,0,0,0,0,0,0,0,0,0,0,0,0,0,0,0,0,0,0,0,0,0,0,0,0,0,0,0,0,0,
hello,6_30,11_3_0,1.8611,0,0,0,1.861083,0.0000,0.0000,0.0000,0.0000,0.0000,0.0000,0,0,,,,,,,,0,0,0,0,0,0,0,0,0,0,0,0,0,0,0,0,0,0,0,0,0,0,0,0,0,0,0,0,0,0,0,0,0,0,0,0,0,0,0,0,0,0,0,0,0,0,0,0,0,0,0,
hello,6_30,11_3_0,1.8651,0,0,0,1.865132,0.0000,0.0000,0.0000,0.0000,0.0000,0.0000,0,0,,,,,,,,0,0,0,0,0,0,0,0,0,0,0,0,0,0,0,0,0,0,0,0,0,0,0,0,0,0,0,0,0,0,0,0,0,0,0,0,0,0,0,0,0,0,0,0,0,0,0,0,0,0,0,
hello,6_30,11_3_0,1.8692,0,0,0,1.869187,0.0000,0.0000,0.0000,0.0000,0.0000,0.0000,0,0,,,,,,,,0,0,0,0,0,0,0,0,0,0,0,0,0,0,0,0,0,0,0,0,0,0,0,0,0,0,0,0,0,0,0,0,0,0,0,0,0,0,0,0,0,0,0,0,0,0,0,0,0,0,0,
hello,6_30,11_3_0,1.8731,0,0,0,1.873093,0.0000,0.0000,0.0000,0.0000,0.0000,0.0000,0,0,,,,,,,,0,0,0,0,0,0,0,0,0,0,0,0,0,0,0,0,0,0,0,0,0,0,0,0,0,0,0,0,0,0,0,0,0,0,0,0,0,0,0,0,0,0,0,0,0,0,0,0,0,0,0,
hello,6_30,11_3_0,1.8772,0,0,0,1.87717,0.0000,0.0000,0.0000,0.0000,0.0000,0.0000,0,0,,,,,,,,0,0,0,0,0,0,0,0,0,0,0,0,0,0,0,0,0,0,0,0,0,0,0,0,0,0,0,0,0,0,0,0,0,0,0,0,0,0,0,0,0,0,0,0,0,0,0,0,0,0,0,
hello,6_30,11_3_0,1.8810,0,0,0,1.880977,0.0000,0.0000,0.0000,0.0000,0.0000,0.0000,0,0,,,,,,,,0,0,0,0,0,0,0,0,0,0,0,0,0,0,0,0,0,0,0,0,0,0,0,0,0,0,0,0,0,0,0,0,0,0,0,0,0,0,0,0,0,0,0,0,0,0,0,0,0,0,0,
hello,6_30,11_3_0,1.8922,0,0,0,1.892167,0.0000,0.0000,0.0000,0.0000,0.0000,0.0000,0,0,,,,,,,,0,0,0,0,0,0,0,0,0,0,0,0,0,0,0,0,0,0,0,0,0,0,0,0,0,0,0,0,0,0,0,0,0,0,0,0,0,0,0,0,0,0,0,0,0,0,0,0,0,0,0,
hello,6_30,11_3_0,1.8965,0,0,0,1.896523,0.0000,0.0000,0.0000,0.0000,0.0000,0.0000,0,0,,,,,,,,0,0,0,0,0,0,0,0,0,0,0,0,0,0,0,0,0,0,0,0,0,0,0,0,0,0,0,0,0,0,0,0,0,0,0,0,0,0,0,0,0,0,0,0,0,0,0,0,0,0,0,
hello,6_30,11_3_0,1.9003,0,0,0,1.900314,0.0000,0.0000,0.0000,0.0000,0.0000,0.0000,0,0,,,,,,,,0,0,0,0,0,0,0,0,0,0,0,0,0,0,0,0,0,0,0,0,0,0,0,0,0,0,0,0,0,0,0,0,0,0,0,0,0,0,0,0,0,0,0,0,0,0,0,0,0,0,0,
hello,6_30,11_3_0,1.9042,0,0,0,1.904215,0.0000,0.0000,0.0000,0.0000,0.0000,0.0000,0,0,,,,,,,,0,0,0,0,0,0,0,0,0,0,0,0,0,0,0,0,0,0,0,0,0,0,0,0,0,0,0,0,0,0,0,0,0,0,0,0,0,0,0,0,0,0,0,0,0,0,0,0,0,0,0,
hello,6_30,11_3_0,1.9081,0,0,0,1.908115,0.0000,0.0000,0.0000,0.0000,0.0000,0.0000,0,0,,,,,,,,0,0,0,0,0,0,0,0,0,0,0,0,0,0,0,0,0,0,0,0,0,0,0,0,0,0,0,0,0,0,0,0,0,0,0,0,0,0,0,0,0,0,0,0,0,0,0,0,0,0,0,
hello,6_30,11_3_0,1.9122,0,0,0,1.912238,0.0000,0.0000,0.0000,0.0000,0.0000,0.0000,0,0,,,,,,,,0,0,0,0,0,0,0,0,0,0,0,0,0,0,0,0,0,0,0,0,0,0,0,0,0,0,0,0,0,0,0,0,0,0,0,0,0,0,0,0,0,0,0,0,0,0,0,0,0,0,0,
hello,6_30,11_3_0,1.9161,0,0,0,1.916123,0.0000,0.0000,0.0000,0.0000,0.0000,0.0000,0,0,,,,,,,,0,0,0,0,0,0,0,0,0,0,0,0,0,0,0,0,0,0,0,0,0,0,0,0,0,0,0,0,0,0,0,0,0,0,0,0,0,0,0,0,0,0,0,0,0,0,0,0,0,0,0,
hello,6_30,11_3_0,1.9199,0,0,0,1.919944,0.0000,0.0000,0.0000,0.0000,0.0000,0.0000,0,0,,,,,,,,0,0,0,0,0,0,0,0,0,0,0,0,0,0,0,0,0,0,0,0,0,0,0,0,0,0,0,0,0,0,0,0,0,0,0,0,0,0,0,0,0,0,0,0,0,0,0,0,0,0,0,
hello,6_30,11_3_0,1.9235,0,0,0,1.923537,0.0000,0.0000,0.0000,0.0000,0.0000,0.0000,0,0,,,,,,,,0,0,0,0,0,0,0,0,0,0,0,0,0,0,0,0,0,0,0,0,0,0,0,0,0,0,0,0,0,0,0,0,0,0,0,0,0,0,0,0,0,0,0,0,0,0,0,0,0,0,0,
hello,6_30,11_3_0,1.9277,0,0,0,1.92768,0.0000,0.0000,0.0000,0.0000,0.0000,0.0000,0,0,,,,,,,,0,0,0,0,0,0,0,0,0,0,0,0,0,0,0,0,0,0,0,0,0,0,0,0,0,0,0,0,0,0,0,0,0,0,0,0,0,0,0,0,0,0,0,0,0,0,0,0,0,0,0,
hello,6_30,11_3_0,1.9312,0,0,0,1.931235,0.0000,0.0000,0.0000,0.0000,0.0000,0.0000,0,0,,,,,,,,0,0,0,0,0,0,0,0,0,0,0,0,0,0,0,0,0,0,0,0,0,0,0,0,0,0,0,0,0,0,0,0,0,0,0,0,0,0,0,0,0,0,0,0,0,0,0,0,0,0,0,
hello,6_30,11_3_0,1.9352,0,0,0,1.935161,0.0000,0.0000,0.0000,0.0000,0.0000,0.0000,0,0,,,,,,,,0,0,0,0,0,0,0,0,0,0,0,0,0,0,0,0,0,0,0,0,0,0,0,0,0,0,0,0,0,0,0,0,0,0,0,0,0,0,0,0,0,0,0,0,0,0,0,0,0,0,0,
hello,6_30,11_3_0,1.9393,0,0,0,1.93928,0.0000,0.0000,0.0000,0.0000,0.0000,0.0000,0,0,,,,,,,,0,0,0,0,0,0,0,0,0,0,0,0,0,0,0,0,0,0,0,0,0,0,0,0,0,0,0,0,0,0,0,0,0,0,0,0,0,0,0,0,0,0,0,0,0,0,0,0,0,0,0,
hello,6_30,11_3_0,1.9432,0,0,0,1.943208,0.0000,0.0000,0.0000,0.0000,0.0000,0.0000,0,0,,,,,,,,0,0,0,0,0,0,0,0,0,0,0,0,0,0,0,0,0,0,0,0,0,0,0,0,0,0,0,0,0,0,0,0,0,0,0,0,0,0,0,0,0,0,0,0,0,0,0,0,0,0,0,
hello,6_30,11_3_0,1.9475,0,0,0,1.947485,0.0000,0.0000,0.0000,0.0000,0.0000,0.0000,0,0,,,,,,,,0,0,0,0,0,0,0,0,0,0,0,0,0,0,0,0,0,0,0,0,0,0,0,0,0,0,0,0,0,0,0,0,0,0,0,0,0,0,0,0,0,0,0,0,0,0,0,0,0,0,0,
hello,6_30,11_3_0,1.9510,0,0,0,1.950955,0.0000,0.0000,0.0000,0.0000,0.0000,0.0000,0,0,,,,,,,,0,0,0,0,0,0,0,0,0,0,0,0,0,0,0,0,0,0,0,0,0,0,0,0,0,0,0,0,0,0,0,0,0,0,0,0,0,0,0,0,0,0,0,0,0,0,0,0,0,0,0,
hello,6_30,11_3_0,1.9549,0,0,0,1.95489,0.0000,0.0000,0.0000,0.0000,0.0000,0.0000,0,0,,,,,,,,0,0,0,0,0,0,0,0,0,0,0,0,0,0,0,0,0,0,0,0,0,0,0,0,0,0,0,0,0,0,0,0,0,0,0,0,0,0,0,0,0,0,0,0,0,0,0,0,0,0,0,
hello,6_30,11_3_0,1.9595,0,0,0,1.959466,0.0000,0.0000,0.0000,0.0000,0.0000,0.0000,0,0,,,,,,,,0,0,0,0,0,0,0,0,0,0,0,0,0,0,0,0,0,0,0,0,0,0,0,0,0,0,0,0,0,0,0,0,0,0,0,0,0,0,0,0,0,0,0,0,0,0,0,0,0,0,0,
hello,6_30,11_3_0,1.9631,0,0,0,1.963121,0.0000,0.0000,0.0000,0.0000,0.0000,0.0000,0,0,,,,,,,,0,0,0,0,0,0,0,0,0,0,0,0,0,0,0,0,0,0,0,0,0,0,0,0,0,0,0,0,0,0,0,0,0,0,0,0,0,0,0,0,0,0,0,0,0,0,0,0,0,0,0,
hello,6_30,11_3_0,1.9670,0,0,0,1.967028,0.0000,0.0000,0.0000,0.0000,0.0000,0.0000,0,0,,,,,,,,0,0,0,0,0,0,0,0,0,0,0,0,0,0,0,0,0,0,0,0,0,0,0,0,0,0,0,0,0,0,0,0,0,0,0,0,0,0,0,0,0,0,0,0,0,0,0,0,0,0,0,
hello,6_30,11_3_0,1.9705,0,0,0,1.970545,0.0000,0.0000,0.0000,0.0000,0.0000,0.0000,0,0,,,,,,,,0,0,0,0,0,0,0,0,0,0,0,0,0,0,0,0,0,0,0,0,0,0,0,0,0,0,0,0,0,0,0,0,0,0,0,0,0,0,0,0,0,0,0,0,0,0,0,0,0,0,0,
hello,6_30,11_3_0,1.9746,0,0,0,1.974644,0.0000,0.0000,0.0000,0.0000,0.0000,0.0000,0,0,,,,,,,,0,0,0,0,0,0,0,0,0,0,0,0,0,0,0,0,0,0,0,0,0,0,0,0,0,0,0,0,0,0,0,0,0,0,0,0,0,0,0,0,0,0,0,0,0,0,0,0,0,0,0,
hello,6_30,11_3_0,1.9788,0,0,0,1.97875,0.0000,0.0000,0.0000,0.0000,0.0000,0.0000,0,0,,,,,,,,0,0,0,0,0,0,0,0,0,0,0,0,0,0,0,0,0,0,0,0,0,0,0,0,0,0,0,0,0,0,0,0,0,0,0,0,0,0,0,0,0,0,0,0,0,0,0,0,0,0,0,
hello,6_30,11_3_0,1.9825,0,0,0,1.982533,0.0000,0.0000,0.0000,0.0000,0.0000,0.0000,0,0,,,,,,,,0,0,0,0,0,0,0,0,0,0,0,0,0,0,0,0,0,0,0,0,0,0,0,0,0,0,0,0,0,0,0,0,0,0,0,0,0,0,0,0,0,0,0,0,0,0,0,0,0,0,0,
hello,6_30,11_3_0,1.9863,0,0,0,1.986311,0.0000,0.0000,0.0000,0.0000,0.0000,0.0000,0,0,,,,,,,,0,0,0,0,0,0,0,0,0,0,0,0,0,0,0,0,0,0,0,0,0,0,0,0,0,0,0,0,0,0,0,0,0,0,0,0,0,0,0,0,0,0,0,0,0,0,0,0,0,0,0,
hello,6_30,11_3_0,1.9901,0,0,0,1.990109,0.0000,0.0000,0.0000,0.0000,0.0000,0.0000,0,0,,,,,,,,0,0,0,0,0,0,0,0,0,0,0,0,0,0,0,0,0,0,0,0,0,0,0,0,0,0,0,0,0,0,0,0,0,0,0,0,0,0,0,0,0,0,0,0,0,0,0,0,0,0,0,
hello,6_30,11_3_0,1.9942,0,0,0,1.994168,0.0000,0.0000,0.0000,0.0000,0.0000,0.0000,0,0,,,,,,,,0,0,0,0,0,0,0,0,0,0,0,0,0,0,0,0,0,0,0,0,0,0,0,0,0,0,0,0,0,0,0,0,0,0,0,0,0,0,0,0,0,0,0,0,0,0,0,0,0,0,0,
hello,6_30,11_3_0,1.9979,0,0,0,1.997888,0.0000,0.0000,0.0000,0.0000,0.0000,0.0000,0,0,,,,,,,,0,0,0,0,0,0,0,0,0,0,0,0,0,0,0,0,0,0,0,0,0,0,0,0,0,0,0,0,0,0,0,0,0,0,0,0,0,0,0,0,0,0,0,0,0,0,0,0,0,0,0,
hello,6_30,11_3_0,2.0016,0,0,0,2.001599,0.0000,0.0000,0.0000,0.0000,0.0000,0.0000,0,0,,,,,,,,0,0,0,0,0,0,0,0,0,0,0,0,0,0,0,0,0,0,0,0,0,0,0,0,0,0,0,0,0,0,0,0,0,0,0,0,0,0,0,0,0,0,0,0,0,0,0,0,0,0,0,
hello,6_30,11_3_0,2.0054,0,0,0,2.005445,0.0000,0.0000,0.0000,0.0000,0.0000,0.0000,0,0,,,,,,,,0,0,0,0,0,0,0,0,0,0,0,0,0,0,0,0,0,0,0,0,0,0,0,0,0,0,0,0,0,0,0,0,0,0,0,0,0,0,0,0,0,0,0,0,0,0,0,0,0,0,0,
hello,6_30,11_3_0,2.0093,0,0,0,2.00926,0.0000,0.0000,0.0000,0.0000,0.0000,0.0000,0,0,,,,,,,,0,0,0,0,0,0,0,0,0,0,0,0,0,0,0,0,0,0,0,0,0,0,0,0,0,0,0,0,0,0,0,0,0,0,0,0,0,0,0,0,0,0,0,0,0,0,0,0,0,0,0,
hello,6_30,11_3_0,2.0132,0,0,0,2.013233,0.0000,0.0000,0.0000,0.0000,0.0000,0.0000,0,0,,,,,,,,0,0,0,0,0,0,0,0,0,0,0,0,0,0,0,0,0,0,0,0,0,0,0,0,0,0,0,0,0,0,0,0,0,0,0,0,0,0,0,0,0,0,0,0,0,0,0,0,0,0,0,
hello,6_30,11_3_0,2.0205,0,0,0,2.020455,0.0000,0.0000,0.0000,0.0000,0.0000,0.0000,0,0,,,,,,,,0,0,0,0,0,0,0,0,0,0,0,0,0,0,0,0,0,0,0,0,0,0,0,0,0,0,0,0,0,0,0,0,0,0,0,0,0,0,0,0,0,0,0,0,0,0,0,0,0,0,0,
hello,6_30,11_3_0,2.0244,0,0,0,2.024401,0.0000,0.0000,0.0000,0.0000,0.0000,0.0000,0,0,,,,,,,,0,0,0,0,0,0,0,0,0,0,0,0,0,0,0,0,0,0,0,0,0,0,0,0,0,0,0,0,0,0,0,0,0,0,0,0,0,0,0,0,0,0,0,0,0,0,0,0,0,0,0,
hello,6_30,11_3_0,2.0281,0,0,0,2.028089,0.0000,0.0000,0.0000,0.0000,0.0000,0.0000,0,0,,,,,,,,0,0,0,0,0,0,0,0,0,0,0,0,0,0,0,0,0,0,0,0,0,0,0,0,0,0,0,0,0,0,0,0,0,0,0,0,0,0,0,0,0,0,0,0,0,0,0,0,0,0,0,
hello,6_30,11_3_0,2.0323,0,0,0,2.032338,0.0000,0.0000,0.0000,0.0000,0.0000,0.0000,0,0,,,,,,,,0,0,0,0,0,0,0,0,0,0,0,0,0,0,0,0,0,0,0,0,0,0,0,0,0,0,0,0,0,0,0,0,0,0,0,0,0,0,0,0,0,0,0,0,0,0,0,0,0,0,0,
hello,6_30,11_3_0,2.0363,0,0,0,2.036324,0.0000,0.0000,0.0000,0.0000,0.0000,0.0000,0,0,,,,,,,,0,0,0,0,0,0,0,0,0,0,0,0,0,0,0,0,0,0,0,0,0,0,0,0,0,0,0,0,0,0,0,0,0,0,0,0,0,0,0,0,0,0,0,0,0,0,0,0,0,0,0,
hello,6_30,11_3_0,2.0404,0,0,0,2.04038,0.0000,0.0000,0.0000,0.0000,0.0000,0.0000,0,0,,,,,,,,0,0,0,0,0,0,0,0,0,0,0,0,0,0,0,0,0,0,0,0,0,0,0,0,0,0,0,0,0,0,0,0,0,0,0,0,0,0,0,0,0,0,0,0,0,0,0,0,0,0,0,
hello,6_30,11_3_0,2.0442,0,0,0,2.044163,0.0000,0.0000,0.0000,0.0000,0.0000,0.0000,0,0,,,,,,,,0,0,0,0,0,0,0,0,0,0,0,0,0,0,0,0,0,0,0,0,0,0,0,0,0,0,0,0,0,0,0,0,0,0,0,0,0,0,0,0,0,0,0,0,0,0,0,0,0,0,0,
hello,6_30,11_3_0,2.0477,0,0,0,2.047707,0.0000,0.0000,0.0000,0.0000,0.0000,0.0000,0,0,,,,,,,,0,0,0,0,0,0,0,0,0,0,0,0,0,0,0,0,0,0,0,0,0,0,0,0,0,0,0,0,0,0,0,0,0,0,0,0,0,0,0,0,0,0,0,0,0,0,0,0,0,0,0,
hello,6_30,11_3_0,2.0512,0,0,0,2.051206,0.0000,0.0000,0.0000,0.0000,0.0000,0.0000,0,0,,,,,,,,0,0,0,0,0,0,0,0,0,0,0,0,0,0,0,0,0,0,0,0,0,0,0,0,0,0,0,0,0,0,0,0,0,0,0,0,0,0,0,0,0,0,0,0,0,0,0,0,0,0,0,
hello,6_30,11_3_0,2.0549,0,0,0,2.054896,0.0000,0.0000,0.0000,0.0000,0.0000,0.0000,0,0,,,,,,,,0,0,0,0,0,0,0,0,0,0,0,0,0,0,0,0,0,0,0,0,0,0,0,0,0,0,0,0,0,0,0,0,0,0,0,0,0,0,0,0,0,0,0,0,0,0,0,0,0,0,0,
hello,6_30,11_3_0,2.0585,0,0,0,2.058457,0.0000,0.0000,0.0000,0.0000,0.0000,0.0000,0,0,,,,,,,,0,0,0,0,0,0,0,0,0,0,0,0,0,0,0,0,0,0,0,0,0,0,0,0,0,0,0,0,0,0,0,0,0,0,0,0,0,0,0,0,0,0,0,0,0,0,0,0,0,0,0,
hello,6_30,11_3_0,2.0622,0,0,0,2.062156,0.0000,0.0000,0.0000,0.0000,0.0000,0.0000,0,0,,,,,,,,0,0,0,0,0,0,0,0,0,0,0,0,0,0,0,0,0,0,0,0,0,0,0,0,0,0,0,0,0,0,0,0,0,0,0,0,0,0,0,0,0,0,0,0,0,0,0,0,0,0,0,
hello,6_30,11_3_0,2.0664,0,0,0,2.066366,0.0000,0.0000,0.0000,0.0000,0.0000,0.0000,0,0,,,,,,,,0,0,0,0,0,0,0,0,0,0,0,0,0,0,0,0,0,0,0,0,0,0,0,0,0,0,0,0,0,0,0,0,0,0,0,0,0,0,0,0,0,0,0,0,0,0,0,0,0,0,0,
hello,6_30,11_3_0,2.0700,0,0,0,2.070022,0.0000,0.0000,0.0000,0.0000,0.0000,0.0000,0,0,,,,,,,,0,0,0,0,0,0,0,0,0,0,0,0,0,0,0,0,0,0,0,0,0,0,0,0,0,0,0,0,0,0,0,0,0,0,0,0,0,0,0,0,0,0,0,0,0,0,0,0,0,0,0,
hello,6_30,11_3_0,2.0737,0,0,0,2.073696,0.0000,0.0000,0.0000,0.0000,0.0000,0.0000,0,0,,,,,,,,0,0,0,0,0,0,0,0,0,0,0,0,0,0,0,0,0,0,0,0,0,0,0,0,0,0,0,0,0,0,0,0,0,0,0,0,0,0,0,0,0,0,0,0,0,0,0,0,0,0,0,
hello,6_30,11_3_0,2.0774,0,0,0,2.0774,0.0000,0.0000,0.0000,0.0000,0.0000,0.0000,0,0,,,,,,,,0,0,0,0,0,0,0,0,0,0,0,0,0,0,0,0,0,0,0,0,0,0,0,0,0,0,0,0,0,0,0,0,0,0,0,0,0,0,0,0,0,0,0,0,0,0,0,0,0,0,0,
hello,6_30,11_3_0,2.0809,0,0,0,2.080947,0.0000,0.0000,0.0000,0.0000,0.0000,0.0000,0,0,,,,,,,,0,0,0,0,0,0,0,0,0,0,0,0,0,0,0,0,0,0,0,0,0,0,0,0,0,0,0,0,0,0,0,0,0,0,0,0,0,0,0,0,0,0,0,0,0,0,0,0,0,0,0,
hello,6_30,11_3_0,2.0843,0,0,0,2.084297,0.0000,0.0000,0.0000,0.0000,0.0000,0.0000,0,0,,,,,,,,0,0,0,0,0,0,0,0,0,0,0,0,0,0,0,0,0,0,0,0,0,0,0,0,0,0,0,0,0,0,0,0,0,0,0,0,0,0,0,0,0,0,0,0,0,0,0,0,0,0,0,
hello,6_30,11_3_0,2.0879,0,0,0,2.087883,0.0000,0.0000,0.0000,0.0000,0.0000,0.0000,0,0,,,,,,,,0,0,0,0,0,0,0,0,0,0,0,0,0,0,0,0,0,0,0,0,0,0,0,0,0,0,0,0,0,0,0,0,0,0,0,0,0,0,0,0,0,0,0,0,0,0,0,0,0,0,0,
hello,6_30,11_3_0,2.0916,0,0,0,2.091592,0.0000,0.0000,0.0000,0.0000,0.0000,0.0000,0,0,,,,,,,,0,0,0,0,0,0,0,0,0,0,0,0,0,0,0,0,0,0,0,0,0,0,0,0,0,0,0,0,0,0,0,0,0,0,0,0,0,0,0,0,0,0,0,0,0,0,0,0,0,0,0,
hello,6_30,11_3_0,2.0949,0,0,0,2.094922,0.0000,0.0000,0.0000,0.0000,0.0000,0.0000,0,0,,,,,,,,0,0,0,0,0,0,0,0,0,0,0,0,0,0,0,0,0,0,0,0,0,0,0,0,0,0,0,0,0,0,0,0,0,0,0,0,0,0,0,0,0,0,0,0,0,0,0,0,0,0,0,
hello,6_30,11_3_0,2.0989,0,0,0,2.098859,0.0000,0.0000,0.0000,0.0000,0.0000,0.0000,0,0,,,,,,,,0,0,0,0,0,0,0,0,0,0,0,0,0,0,0,0,0,0,0,0,0,0,0,0,0,0,0,0,0,0,0,0,0,0,0,0,0,0,0,0,0,0,0,0,0,0,0,0,0,0,0,
hello,6_30,11_3_0,2.1022,0,0,0,2.102226,0.0000,0.0000,0.0000,0.0000,0.0000,0.0000,0,0,,,,,,,,0,0,0,0,0,0,0,0,0,0,0,0,0,0,0,0,0,0,0,0,0,0,0,0,0,0,0,0,0,0,0,0,0,0,0,0,0,0,0,0,0,0,0,0,0,0,0,0,0,0,0,
hello,6_30,11_3_0,2.1063,0,0,0,2.106319,0.0000,0.0000,0.0000,0.0000,0.0000,0.0000,0,0,,,,,,,,0,0,0,0,0,0,0,0,0,0,0,0,0,0,0,0,0,0,0,0,0,0,0,0,0,0,0,0,0,0,0,0,0,0,0,0,0,0,0,0,0,0,0,0,0,0,0,0,0,0,0,
hello,6_30,11_3_0,2.1101,0,0,0,2.110136,0.0000,0.0000,0.0000,0.0000,0.0000,0.0000,0,0,,,,,,,,0,0,0,0,0,0,0,0,0,0,0,0,0,0,0,0,0,0,0,0,0,0,0,0,0,0,0,0,0,0,0,0,0,0,0,0,0,0,0,0,0,0,0,0,0,0,0,0,0,0,0,
hello,6_30,11_3_0,2.1137,0,0,0,2.113733,0.0000,0.0000,0.0000,0.0000,0.0000,0.0000,0,0,,,,,,,,0,0,0,0,0,0,0,0,0,0,0,0,0,0,0,0,0,0,0,0,0,0,0,0,0,0,0,0,0,0,0,0,0,0,0,0,0,0,0,0,0,0,0,0,0,0,0,0,0,0,0,
hello,6_30,11_3_0,2.1174,0,0,0,2.117392,0.0000,0.0000,0.0000,0.0000,0.0000,0.0000,0,0,,,,,,,,0,0,0,0,0,0,0,0,0,0,0,0,0,0,0,0,0,0,0,0,0,0,0,0,0,0,0,0,0,0,0,0,0,0,0,0,0,0,0,0,0,0,0,0,0,0,0,0,0,0,0,
hello,6_30,11_3_0,2.1206,0,0,0,2.120574,0.0000,0.0000,0.0000,0.0000,0.0000,0.0000,0,0,,,,,,,,0,0,0,0,0,0,0,0,0,0,0,0,0,0,0,0,0,0,0,0,0,0,0,0,0,0,0,0,0,0,0,0,0,0,0,0,0,0,0,0,0,0,0,0,0,0,0,0,0,0,0,
hello,6_30,11_3_0,2.1249,0,0,0,2.124902,0.0000,0.0000,0.0000,0.0000,0.0000,0.0000,0,0,,,,,,,,0,0,0,0,0,0,0,0,0,0,0,0,0,0,0,0,0,0,0,0,0,0,0,0,0,0,0,0,0,0,0,0,0,0,0,0,0,0,0,0,0,0,0,0,0,0,0,0,0,0,0,
hello,6_30,11_3_0,2.1284,0,0,0,2.128385,0.0000,0.0000,0.0000,0.0000,0.0000,0.0000,0,0,,,,,,,,0,0,0,0,0,0,0,0,0,0,0,0,0,0,0,0,0,0,0,0,0,0,0,0,0,0,0,0,0,0,0,0,0,0,0,0,0,0,0,0,0,0,0,0,0,0,0,0,0,0,0,
hello,6_30,11_3_0,2.1316,0,0,0,2.131564,0.0000,0.0000,0.0000,0.0000,0.0000,0.0000,0,0,,,,,,,,0,0,0,0,0,0,0,0,0,0,0,0,0,0,0,0,0,0,0,0,0,0,0,0,0,0,0,0,0,0,0,0,0,0,0,0,0,0,0,0,0,0,0,0,0,0,0,0,0,0,0,
hello,6_30,11_3_0,2.1353,0,0,0,2.135322,0.0000,0.0000,0.0000,0.0000,0.0000,0.0000,0,0,,,,,,,,0,0,0,0,0,0,0,0,0,0,0,0,0,0,0,0,0,0,0,0,0,0,0,0,0,0,0,0,0,0,0,0,0,0,0,0,0,0,0,0,0,0,0,0,0,0,0,0,0,0,0,
hello,6_30,11_3_0,2.1389,0,0,0,2.138874,0.0000,0.0000,0.0000,0.0000,0.0000,0.0000,0,0,,,,,,,,0,0,0,0,0,0,0,0,0,0,0,0,0,0,0,0,0,0,0,0,0,0,0,0,0,0,0,0,0,0,0,0,0,0,0,0,0,0,0,0,0,0,0,0,0,0,0,0,0,0,0,
hello,6_30,11_3_0,2.1425,0,0,0,2.142483,0.0000,0.0000,0.0000,0.0000,0.0000,0.0000,0,0,,,,,,,,0,0,0,0,0,0,0,0,0,0,0,0,0,0,0,0,0,0,0,0,0,0,0,0,0,0,0,0,0,0,0,0,0,0,0,0,0,0,0,0,0,0,0,0,0,0,0,0,0,0,0,
hello,6_30,11_3_0,2.1459,0,0,0,2.145887,0.0000,0.0000,0.0000,0.0000,0.0000,0.0000,0,0,,,,,,,,0,0,0,0,0,0,0,0,0,0,0,0,0,0,0,0,0,0,0,0,0,0,0,0,0,0,0,0,0,0,0,0,0,0,0,0,0,0,0,0,0,0,0,0,0,0,0,0,0,0,0,
hello,6_30,11_3_0,2.1494,0,0,0,2.149402,0.0000,0.0000,0.0000,0.0000,0.0000,0.0000,0,0,,,,,,,,0,0,0,0,0,0,0,0,0,0,0,0,0,0,0,0,0,0,0,0,0,0,0,0,0,0,0,0,0,0,0,0,0,0,0,0,0,0,0,0,0,0,0,0,0,0,0,0,0,0,0,
hello,6_30,11_3_0,2.1531,0,0,0,2.153066,0.0000,0.0000,0.0000,0.0000,0.0000,0.0000,0,0,,,,,,,,0,0,0,0,0,0,0,0,0,0,0,0,0,0,0,0,0,0,0,0,0,0,0,0,0,0,0,0,0,0,0,0,0,0,0,0,0,0,0,0,0,0,0,0,0,0,0,0,0,0,0,
hello,6_30,11_3_0,2.1566,0,0,0,2.156626,0.0000,0.0000,0.0000,0.0000,0.0000,0.0000,0,0,,,,,,,,0,0,0,0,0,0,0,0,0,0,0,0,0,0,0,0,0,0,0,0,0,0,0,0,0,0,0,0,0,0,0,0,0,0,0,0,0,0,0,0,0,0,0,0,0,0,0,0,0,0,0,
hello,6_30,11_3_0,2.1604,0,0,0,2.160384,0.0000,0.0000,0.0000,0.0000,0.0000,0.0000,0,0,,,,,,,,0,0,0,0,0,0,0,0,0,0,0,0,0,0,0,0,0,0,0,0,0,0,0,0,0,0,0,0,0,0,0,0,0,0,0,0,0,0,0,0,0,0,0,0,0,0,0,0,0,0,0,
hello,6_30,11_3_0,2.1640,0,0,0,2.164033,0.0000,0.0000,0.0000,0.0000,0.0000,0.0000,0,0,,,,,,,,0,0,0,0,0,0,0,0,0,0,0,0,0,0,0,0,0,0,0,0,0,0,0,0,0,0,0,0,0,0,0,0,0,0,0,0,0,0,0,0,0,0,0,0,0,0,0,0,0,0,0,
hello,6_30,11_3_0,2.1675,0,0,0,2.167512,0.0000,0.0000,0.0000,0.0000,0.0000,0.0000,0,0,,,,,,,,0,0,0,0,0,0,0,0,0,0,0,0,0,0,0,0,0,0,0,0,0,0,0,0,0,0,0,0,0,0,0,0,0,0,0,0,0,0,0,0,0,0,0,0,0,0,0,0,0,0,0,
hello,6_30,11_3_0,2.1711,0,0,0,2.171059,0.0000,0.0000,0.0000,0.0000,0.0000,0.0000,0,0,,,,,,,,0,0,0,0,0,0,0,0,0,0,0,0,0,0,0,0,0,0,0,0,0,0,0,0,0,0,0,0,0,0,0,0,0,0,0,0,0,0,0,0,0,0,0,0,0,0,0,0,0,0,0,
hello,6_30,11_3_0,2.1746,0,0,0,2.174594,0.0000,0.0000,0.0000,0.0000,0.0000,0.0000,0,0,,,,,,,,0,0,0,0,0,0,0,0,0,0,0,0,0,0,0,0,0,0,0,0,0,0,0,0,0,0,0,0,0,0,0,0,0,0,0,0,0,0,0,0,0,0,0,0,0,0,0,0,0,0,0,
hello,6_30,11_3_0,2.1781,0,0,0,2.178107,0.0000,0.0000,0.0000,0.0000,0.0000,0.0000,0,0,,,,,,,,0,0,0,0,0,0,0,0,0,0,0,0,0,0,0,0,0,0,0,0,0,0,0,0,0,0,0,0,0,0,0,0,0,0,0,0,0,0,0,0,0,0,0,0,0,0,0,0,0,0,0,
hello,6_30,11_3_0,2.1821,0,0,0,2.182118,0.0000,0.0000,0.0000,0.0000,0.0000,0.0000,0,0,,,,,,,,0,0,0,0,0,0,0,0,0,0,0,0,0,0,0,0,0,0,0,0,0,0,0,0,0,0,0,0,0,0,0,0,0,0,0,0,0,0,0,0,0,0,0,0,0,0,0,0,0,0,0,
hello,6_30,11_3_0,2.1855,0,0,0,2.185458,0.0000,0.0000,0.0000,0.0000,0.0000,0.0000,0,0,,,,,,,,0,0,0,0,0,0,0,0,0,0,0,0,0,0,0,0,0,0,0,0,0,0,0,0,0,0,0,0,0,0,0,0,0,0,0,0,0,0,0,0,0,0,0,0,0,0,0,0,0,0,0,
hello,6_30,11_3_0,2.1885,0,0,0,2.18853,0.0000,0.0000,0.0000,0.0000,0.0000,0.0000,0,0,,,,,,,,0,0,0,0,0,0,0,0,0,0,0,0,0,0,0,0,0,0,0,0,0,0,0,0,0,0,0,0,0,0,0,0,0,0,0,0,0,0,0,0,0,0,0,0,0,0,0,0,0,0,0,
hello,6_30,11_3_0,2.1916,0,0,0,2.191631,0.0000,0.0000,0.0000,0.0000,0.0000,0.0000,0,0,,,,,,,,0,0,0,0,0,0,0,0,0,0,0,0,0,0,0,0,0,0,0,0,0,0,0,0,0,0,0,0,0,0,0,0,0,0,0,0,0,0,0,0,0,0,0,0,0,0,0,0,0,0,0,
hello,6_30,11_3_0,2.1953,0,0,0,2.195315,0.0000,0.0000,0.0000,0.0000,0.0000,0.0000,0,0,,,,,,,,0,0,0,0,0,0,0,0,0,0,0,0,0,0,0,0,0,0,0,0,0,0,0,0,0,0,0,0,0,0,0,0,0,0,0,0,0,0,0,0,0,0,0,0,0,0,0,0,0,0,0,
hello,6_30,11_3_0,2.1989,0,0,0,2.198867,0.0000,0.0000,0.0000,0.0000,0.0000,0.0000,0,0,,,,,,,,0,0,0,0,0,0,0,0,0,0,0,0,0,0,0,0,0,0,0,0,0,0,0,0,0,0,0,0,0,0,0,0,0,0,0,0,0,0,0,0,0,0,0,0,0,0,0,0,0,0,0,
hello,6_30,11_3_0,2.2020,0,0,0,2.20199,0.0000,0.0000,0.0000,0.0000,0.0000,0.0000,0,0,,,,,,,,0,0,0,0,0,0,0,0,0,0,0,0,0,0,0,0,0,0,0,0,0,0,0,0,0,0,0,0,0,0,0,0,0,0,0,0,0,0,0,0,0,0,0,0,0,0,0,0,0,0,0,
hello,6_30,11_3_0,2.2054,0,0,0,2.205389,0.0000,0.0000,0.0000,0.0000,0.0000,0.0000,0,0,,,,,,,,0,0,0,0,0,0,0,0,0,0,0,0,0,0,0,0,0,0,0,0,0,0,0,0,0,0,0,0,0,0,0,0,0,0,0,0,0,0,0,0,0,0,0,0,0,0,0,0,0,0,0,
hello,6_30,11_3_0,2.2085,0,0,0,2.208503,0.0000,0.0000,0.0000,0.0000,0.0000,0.0000,0,0,,,,,,,,0,0,0,0,0,0,0,0,0,0,0,0,0,0,0,0,0,0,0,0,0,0,0,0,0,0,0,0,0,0,0,0,0,0,0,0,0,0,0,0,0,0,0,0,0,0,0,0,0,0,0,
hello,6_30,11_3_0,2.2120,0,0,0,2.212046,0.0000,0.0000,0.0000,0.0000,0.0000,0.0000,0,0,,,,,,,,0,0,0,0,0,0,0,0,0,0,0,0,0,0,0,0,0,0,0,0,0,0,0,0,0,0,0,0,0,0,0,0,0,0,0,0,0,0,0,0,0,0,0,0,0,0,0,0,0,0,0,
hello,6_30,11_3_0,2.2156,0,0,0,2.215575,0.0000,0.0000,0.0000,0.0000,0.0000,0.0000,0,0,,,,,,,,0,0,0,0,0,0,0,0,0,0,0,0,0,0,0,0,0,0,0,0,0,0,0,0,0,0,0,0,0,0,0,0,0,0,0,0,0,0,0,0,0,0,0,0,0,0,0,0,0,0,0,
hello,6_30,11_3_0,2.2225,0,0,0,2.222511,0.0000,0.0000,0.0000,0.0000,0.0000,0.0000,0,0,,,,,,,,0,0,0,0,0,0,0,0,0,0,0,0,0,0,0,0,0,0,0,0,0,0,0,0,0,0,0,0,0,0,0,0,0,0,0,0,0,0,0,0,0,0,0,0,0,0,0,0,0,0,0,
hello,6_30,11_3_0,2.2259,0,0,0,2.225885,0.0000,0.0000,0.0000,0.0000,0.0000,0.0000,0,0,,,,,,,,0,0,0,0,0,0,0,0,0,0,0,0,0,0,0,0,0,0,0,0,0,0,0,0,0,0,0,0,0,0,0,0,0,0,0,0,0,0,0,0,0,0,0,0,0,0,0,0,0,0,0,
hello,6_30,11_3_0,2.2291,0,0,0,2.229136,0.0000,0.0000,0.0000,0.0000,0.0000,0.0000,0,0,,,,,,,,0,0,0,0,0,0,0,0,0,0,0,0,0,0,0,0,0,0,0,0,0,0,0,0,0,0,0,0,0,0,0,0,0,0,0,0,0,0,0,0,0,0,0,0,0,0,0,0,0,0,0,
hello,6_30,11_3_0,2.2324,0,0,0,2.232358,0.0000,0.0000,0.0000,0.0000,0.0000,0.0000,0,0,,,,,,,,0,0,0,0,0,0,0,0,0,0,0,0,0,0,0,0,0,0,0,0,0,0,0,0,0,0,0,0,0,0,0,0,0,0,0,0,0,0,0,0,0,0,0,0,0,0,0,0,0,0,0,
hello,6_30,11_3_0,2.2358,0,0,0,2.235828,0.0000,0.0000,0.0000,0.0000,0.0000,0.0000,0,0,,,,,,,,0,0,0,0,0,0,0,0,0,0,0,0,0,0,0,0,0,0,0,0,0,0,0,0,0,0,0,0,0,0,0,0,0,0,0,0,0,0,0,0,0,0,0,0,0,0,0,0,0,0,0,
hello,6_30,11_3_0,2.2392,0,0,0,2.239249,0.0000,0.0000,0.0000,0.0000,0.0000,0.0000,0,0,,,,,,,,0,0,0,0,0,0,0,0,0,0,0,0,0,0,0,0,0,0,0,0,0,0,0,0,0,0,0,0,0,0,0,0,0,0,0,0,0,0,0,0,0,0,0,0,0,0,0,0,0,0,0,
hello,6_30,11_3_0,2.2426,0,0,0,2.242638,0.0000,0.0000,0.0000,0.0000,0.0000,0.0000,0,0,,,,,,,,0,0,0,0,0,0,0,0,0,0,0,0,0,0,0,0,0,0,0,0,0,0,0,0,0,0,0,0,0,0,0,0,0,0,0,0,0,0,0,0,0,0,0,0,0,0,0,0,0,0,0,
hello,6_30,11_3_0,2.2461,0,0,0,2.246071,0.0000,0.0000,0.0000,0.0000,0.0000,0.0000,0,0,,,,,,,,0,0,0,0,0,0,0,0,0,0,0,0,0,0,0,0,0,0,0,0,0,0,0,0,0,0,0,0,0,0,0,0,0,0,0,0,0,0,0,0,0,0,0,0,0,0,0,0,0,0,0,
hello,6_30,11_3_0,2.2492,0,0,0,2.249223,0.0000,0.0000,0.0000,0.0000,0.0000,0.0000,0,0,,,,,,,,0,0,0,0,0,0,0,0,0,0,0,0,0,0,0,0,0,0,0,0,0,0,0,0,0,0,0,0,0,0,0,0,0,0,0,0,0,0,0,0,0,0,0,0,0,0,0,0,0,0,0,
hello,6_30,11_3_0,2.2523,0,0,0,2.252332,0.0000,0.0000,0.0000,0.0000,0.0000,0.0000,0,0,,,,,,,,0,0,0,0,0,0,0,0,0,0,0,0,0,0,0,0,0,0,0,0,0,0,0,0,0,0,0,0,0,0,0,0,0,0,0,0,0,0,0,0,0,0,0,0,0,0,0,0,0,0,0,
hello,6_30,11_3_0,2.2555,0,0,0,2.25551,0.0000,0.0000,0.0000,0.0000,0.0000,0.0000,0,0,,,,,,,,0,0,0,0,0,0,0,0,0,0,0,0,0,0,0,0,0,0,0,0,0,0,0,0,0,0,0,0,0,0,0,0,0,0,0,0,0,0,0,0,0,0,0,0,0,0,0,0,0,0,0,
hello,6_30,11_3_0,2.2587,0,0,0,2.258678,0.0000,0.0000,0.0000,0.0000,0.0000,0.0000,0,0,,,,,,,,0,0,0,0,0,0,0,0,0,0,0,0,0,0,0,0,0,0,0,0,0,0,0,0,0,0,0,0,0,0,0,0,0,0,0,0,0,0,0,0,0,0,0,0,0,0,0,0,0,0,0,
hello,6_30,11_3_0,2.2622,0,0,0,2.262201,0.0000,0.0000,0.0000,0.0000,0.0000,0.0000,0,0,,,,,,,,0,0,0,0,0,0,0,0,0,0,0,0,0,0,0,0,0,0,0,0,0,0,0,0,0,0,0,0,0,0,0,0,0,0,0,0,0,0,0,0,0,0,0,0,0,0,0,0,0,0,0,
hello,6_30,11_3_0,2.2656,0,0,0,2.265602,0.0000,0.0000,0.0000,0.0000,0.0000,0.0000,0,0,,,,,,,,0,0,0,0,0,0,0,0,0,0,0,0,0,0,0,0,0,0,0,0,0,0,0,0,0,0,0,0,0,0,0,0,0,0,0,0,0,0,0,0,0,0,0,0,0,0,0,0,0,0,0,
hello,6_30,11_3_0,2.2687,0,0,0,2.26871,0.0000,0.0000,0.0000,0.0000,0.0000,0.0000,0,0,,,,,,,,0,0,0,0,0,0,0,0,0,0,0,0,0,0,0,0,0,0,0,0,0,0,0,0,0,0,0,0,0,0,0,0,0,0,0,0,0,0,0,0,0,0,0,0,0,0,0,0,0,0,0,
hello,6_30,11_3_0,2.2719,0,0,0,2.271934,0.0000,0.0000,0.0000,0.0000,0.0000,0.0000,0,0,,,,,,,,0,0,0,0,0,0,0,0,0,0,0,0,0,0,0,0,0,0,0,0,0,0,0,0,0,0,0,0,0,0,0,0,0,0,0,0,0,0,0,0,0,0,0,0,0,0,0,0,0,0,0,
hello,6_30,11_3_0,2.2752,0,0,0,2.275177,0.0000,0.0000,0.0000,0.0000,0.0000,0.0000,0,0,,,,,,,,0,0,0,0,0,0,0,0,0,0,0,0,0,0,0,0,0,0,0,0,0,0,0,0,0,0,0,0,0,0,0,0,0,0,0,0,0,0,0,0,0,0,0,0,0,0,0,0,0,0,0,
hello,6_30,11_3_0,2.2792,0,0,0,2.279183,0.0000,0.0000,0.0000,0.0000,0.0000,0.0000,0,0,,,,,,,,0,0,0,0,0,0,0,0,0,0,0,0,0,0,0,0,0,0,0,0,0,0,0,0,0,0,0,0,0,0,0,0,0,0,0,0,0,0,0,0,0,0,0,0,0,0,0,0,0,0,0,
hello,6_30,11_3_0,2.2823,0,0,0,2.282285,0.0000,0.0000,0.0000,0.0000,0.0000,0.0000,0,0,,,,,,,,0,0,0,0,0,0,0,0,0,0,0,0,0,0,0,0,0,0,0,0,0,0,0,0,0,0,0,0,0,0,0,0,0,0,0,0,0,0,0,0,0,0,0,0,0,0,0,0,0,0,0,
hello,6_30,11_3_0,2.2863,0,0,0,2.286297,0.0000,0.0000,0.0000,0.0000,0.0000,0.0000,0,0,,,,,,,,0,0,0,0,0,0,0,0,0,0,0,0,0,0,0,0,0,0,0,0,0,0,0,0,0,0,0,0,0,0,0,0,0,0,0,0,0,0,0,0,0,0,0,0,0,0,0,0,0,0,0,
hello,6_30,11_3_0,2.2896,0,0,0,2.289572,0.0000,0.0000,0.0000,0.0000,0.0000,0.0000,0,0,,,,,,,,0,0,0,0,0,0,0,0,0,0,0,0,0,0,0,0,0,0,0,0,0,0,0,0,0,0,0,0,0,0,0,0,0,0,0,0,0,0,0,0,0,0,0,0,0,0,0,0,0,0,0,
hello,6_30,11_3_0,2.2927,0,0,0,2.292713,0.0000,0.0000,0.0000,0.0000,0.0000,0.0000,0,0,,,,,,,,0,0,0,0,0,0,0,0,0,0,0,0,0,0,0,0,0,0,0,0,0,0,0,0,0,0,0,0,0,0,0,0,0,0,0,0,0,0,0,0,0,0,0,0,0,0,0,0,0,0,0,
hello,6_30,11_3_0,2.2960,0,0,0,2.296046,0.0000,0.0000,0.0000,0.0000,0.0000,0.0000,0,0,,,,,,,,0,0,0,0,0,0,0,0,0,0,0,0,0,0,0,0,0,0,0,0,0,0,0,0,0,0,0,0,0,0,0,0,0,0,0,0,0,0,0,0,0,0,0,0,0,0,0,0,0,0,0,
hello,6_30,11_3_0,2.2993,0,0,0,2.299335,0.0000,0.0000,0.0000,0.0000,0.0000,0.0000,0,0,,,,,,,,0,0,0,0,0,0,0,0,0,0,0,0,0,0,0,0,0,0,0,0,0,0,0,0,0,0,0,0,0,0,0,0,0,0,0,0,0,0,0,0,0,0,0,0,0,0,0,0,0,0,0,
hello,6_30,11_3_0,2.3024,0,0,0,2.302402,0.0000,0.0000,0.0000,0.0000,0.0000,0.0000,0,0,,,,,,,,0,0,0,0,0,0,0,0,0,0,0,0,0,0,0,0,0,0,0,0,0,0,0,0,0,0,0,0,0,0,0,0,0,0,0,0,0,0,0,0,0,0,0,0,0,0,0,0,0,0,0,
hello,6_30,11_3_0,2.3058,0,0,0,2.305792,0.0000,0.0000,0.0000,0.0000,0.0000,0.0000,0,0,,,,,,,,0,0,0,0,0,0,0,0,0,0,0,0,0,0,0,0,0,0,0,0,0,0,0,0,0,0,0,0,0,0,0,0,0,0,0,0,0,0,0,0,0,0,0,0,0,0,0,0,0,0,0,
hello,6_30,11_3_0,2.3090,0,0,0,2.309009,0.0000,0.0000,0.0000,0.0000,0.0000,0.0000,0,0,,,,,,,,0,0,0,0,0,0,0,0,0,0,0,0,0,0,0,0,0,0,0,0,0,0,0,0,0,0,0,0,0,0,0,0,0,0,0,0,0,0,0,0,0,0,0,0,0,0,0,0,0,0,0,
hello,6_30,11_3_0,2.3121,0,0,0,2.31214,0.0000,0.0000,0.0000,0.0000,0.0000,0.0000,0,0,,,,,,,,0,0,0,0,0,0,0,0,0,0,0,0,0,0,0,0,0,0,0,0,0,0,0,0,0,0,0,0,0,0,0,0,0,0,0,0,0,0,0,0,0,0,0,0,0,0,0,0,0,0,0,
hello,6_30,11_3_0,2.3154,0,0,0,2.315432,0.0000,0.0000,0.0000,0.0000,0.0000,0.0000,0,0,,,,,,,,0,0,0,0,0,0,0,0,0,0,0,0,0,0,0,0,0,0,0,0,0,0,0,0,0,0,0,0,0,0,0,0,0,0,0,0,0,0,0,0,0,0,0,0,0,0,0,0,0,0,0,
hello,6_30,11_3_0,2.3186,0,0,0,2.318554,0.0000,0.0000,0.0000,0.0000,0.0000,0.0000,0,0,,,,,,,,0,0,0,0,0,0,0,0,0,0,0,0,0,0,0,0,0,0,0,0,0,0,0,0,0,0,0,0,0,0,0,0,0,0,0,0,0,0,0,0,0,0,0,0,0,0,0,0,0,0,0,
hello,6_30,11_3_0,2.3217,0,0,0,2.321707,0.0000,0.0000,0.0000,0.0000,0.0000,0.0000,0,0,,,,,,,,0,0,0,0,0,0,0,0,0,0,0,0,0,0,0,0,0,0,0,0,0,0,0,0,0,0,0,0,0,0,0,0,0,0,0,0,0,0,0,0,0,0,0,0,0,0,0,0,0,0,0,
hello,6_30,11_3_0,2.3252,0,0,0,2.325223,0.0000,0.0000,0.0000,0.0000,0.0000,0.0000,0,0,,,,,,,,0,0,0,0,0,0,0,0,0,0,0,0,0,0,0,0,0,0,0,0,0,0,0,0,0,0,0,0,0,0,0,0,0,0,0,0,0,0,0,0,0,0,0,0,0,0,0,0,0,0,0,
hello,6_30,11_3_0,2.3284,0,0,0,2.328448,0.0000,0.0000,0.0000,0.0000,0.0000,0.0000,0,0,,,,,,,,0,0,0,0,0,0,0,0,0,0,0,0,0,0,0,0,0,0,0,0,0,0,0,0,0,0,0,0,0,0,0,0,0,0,0,0,0,0,0,0,0,0,0,0,0,0,0,0,0,0,0,
hello,6_30,11_3_0,2.3316,0,0,0,2.331635,0.0000,0.0000,0.0000,0.0000,0.0000,0.0000,0,0,,,,,,,,0,0,0,0,0,0,0,0,0,0,0,0,0,0,0,0,0,0,0,0,0,0,0,0,0,0,0,0,0,0,0,0,0,0,0,0,0,0,0,0,0,0,0,0,0,0,0,0,0,0,0,
hello,6_30,11_3_0,2.3347,0,0,0,2.334727,0.0000,0.0000,0.0000,0.0000,0.0000,0.0000,0,0,,,,,,,,0,0,0,0,0,0,0,0,0,0,0,0,0,0,0,0,0,0,0,0,0,0,0,0,0,0,0,0,0,0,0,0,0,0,0,0,0,0,0,0,0,0,0,0,0,0,0,0,0,0,0,
hello,6_30,11_3_0,2.3379,0,0,0,2.337915,0.0000,0.0000,0.0000,0.0000,0.0000,0.0000,0,0,,,,,,,,0,0,0,0,0,0,0,0,0,0,0,0,0,0,0,0,0,0,0,0,0,0,0,0,0,0,0,0,0,0,0,0,0,0,0,0,0,0,0,0,0,0,0,0,0,0,0,0,0,0,0,
hello,6_30,11_3_0,2.3411,0,0,0,2.341089,0.0000,0.0000,0.0000,0.0000,0.0000,0.0000,0,0,,,,,,,,0,0,0,0,0,0,0,0,0,0,0,0,0,0,0,0,0,0,0,0,0,0,0,0,0,0,0,0,0,0,0,0,0,0,0,0,0,0,0,0,0,0,0,0,0,0,0,0,0,0,0,
hello,6_30,11_3_0,2.3445,0,0,0,2.344525,0.0000,0.0000,0.0000,0.0000,0.0000,0.0000,0,0,,,,,,,,0,0,0,0,0,0,0,0,0,0,0,0,0,0,0,0,0,0,0,0,0,0,0,0,0,0,0,0,0,0,0,0,0,0,0,0,0,0,0,0,0,0,0,0,0,0,0,0,0,0,0,
hello,6_30,11_3_0,2.3476,0,0,0,2.347622,0.0000,0.0000,0.0000,0.0000,0.0000,0.0000,0,0,,,,,,,,0,0,0,0,0,0,0,0,0,0,0,0,0,0,0,0,0,0,0,0,0,0,0,0,0,0,0,0,0,0,0,0,0,0,0,0,0,0,0,0,0,0,0,0,0,0,0,0,0,0,0,
hello,6_30,11_3_0,2.3508,0,0,0,2.350812,0.0000,0.0000,0.0000,0.0000,0.0000,0.0000,0,0,,,,,,,,0,0,0,0,0,0,0,0,0,0,0,0,0,0,0,0,0,0,0,0,0,0,0,0,0,0,0,0,0,0,0,0,0,0,0,0,0,0,0,0,0,0,0,0,0,0,0,0,0,0,0,
hello,6_30,11_3_0,2.3540,0,0,0,2.353992,0.0000,0.0000,0.0000,0.0000,0.0000,0.0000,0,0,,,,,,,,0,0,0,0,0,0,0,0,0,0,0,0,0,0,0,0,0,0,0,0,0,0,0,0,0,0,0,0,0,0,0,0,0,0,0,0,0,0,0,0,0,0,0,0,0,0,0,0,0,0,0,
hello,6_30,11_3_0,2.3572,0,0,0,2.357215,0.0000,0.0000,0.0000,0.0000,0.0000,0.0000,0,0,,,,,,,,0,0,0,0,0,0,0,0,0,0,0,0,0,0,0,0,0,0,0,0,0,0,0,0,0,0,0,0,0,0,0,0,0,0,0,0,0,0,0,0,0,0,0,0,0,0,0,0,0,0,0,
hello,6_30,11_3_0,2.3605,0,0,0,2.360461,0.0000,0.0000,0.0000,0.0000,0.0000,0.0000,0,0,,,,,,,,0,0,0,0,0,0,0,0,0,0,0,0,0,0,0,0,0,0,0,0,0,0,0,0,0,0,0,0,0,0,0,0,0,0,0,0,0,0,0,0,0,0,0,0,0,0,0,0,0,0,0,
hello,6_30,11_3_0,2.3639,0,0,0,2.363854,0.0000,0.0000,0.0000,0.0000,0.0000,0.0000,0,0,,,,,,,,0,0,0,0,0,0,0,0,0,0,0,0,0,0,0,0,0,0,0,0,0,0,0,0,0,0,0,0,0,0,0,0,0,0,0,0,0,0,0,0,0,0,0,0,0,0,0,0,0,0,0,
hello,6_30,11_3_0,2.3669,0,0,0,2.366933,0.0000,0.0000,0.0000,0.0000,0.0000,0.0000,0,0,,,,,,,,0,0,0,0,0,0,0,0,0,0,0,0,0,0,0,0,0,0,0,0,0,0,0,0,0,0,0,0,0,0,0,0,0,0,0,0,0,0,0,0,0,0,0,0,0,0,0,0,0,0,0,
hello,6_30,11_3_0,2.3702,0,0,0,2.370152,0.0000,0.0000,0.0000,0.0000,0.0000,0.0000,0,0,,,,,,,,0,0,0,0,0,0,0,0,0,0,0,0,0,0,0,0,0,0,0,0,0,0,0,0,0,0,0,0,0,0,0,0,0,0,0,0,0,0,0,0,0,0,0,0,0,0,0,0,0,0,0,
hello,6_30,11_3_0,2.3733,0,0,0,2.373266,0.0000,0.0000,0.0000,0.0000,0.0000,0.0000,0,0,,,,,,,,0,0,0,0,0,0,0,0,0,0,0,0,0,0,0,0,0,0,0,0,0,0,0,0,0,0,0,0,0,0,0,0,0,0,0,0,0,0,0,0,0,0,0,0,0,0,0,0,0,0,0,
hello,6_30,11_3_0,2.3764,0,0,0,2.376366,0.0000,0.0000,0.0000,0.0000,0.0000,0.0000,0,0,,,,,,,,0,0,0,0,0,0,0,0,0,0,0,0,0,0,0,0,0,0,0,0,0,0,0,0,0,0,0,0,0,0,0,0,0,0,0,0,0,0,0,0,0,0,0,0,0,0,0,0,0,0,0,
hello,6_30,11_3_0,2.3796,0,0,0,2.37957,0.0000,0.0000,0.0000,0.0000,0.0000,0.0000,0,0,,,,,,,,0,0,0,0,0,0,0,0,0,0,0,0,0,0,0,0,0,0,0,0,0,0,0,0,0,0,0,0,0,0,0,0,0,0,0,0,0,0,0,0,0,0,0,0,0,0,0,0,0,0,0,
hello,6_30,11_3_0,2.3827,0,0,0,2.382746,0.0000,0.0000,0.0000,0.0000,0.0000,0.0000,0,0,,,,,,,,0,0,0,0,0,0,0,0,0,0,0,0,0,0,0,0,0,0,0,0,0,0,0,0,0,0,0,0,0,0,0,0,0,0,0,0,0,0,0,0,0,0,0,0,0,0,0,0,0,0,0,
hello,6_30,11_3_0,2.3862,0,0,0,2.386224,0.0000,0.0000,0.0000,0.0000,0.0000,0.0000,0,0,,,,,,,,0,0,0,0,0,0,0,0,0,0,0,0,0,0,0,0,0,0,0,0,0,0,0,0,0,0,0,0,0,0,0,0,0,0,0,0,0,0,0,0,0,0,0,0,0,0,0,0,0,0,0,
hello,6_30,11_3_0,2.3894,0,0,0,2.38936,0.0000,0.0000,0.0000,0.0000,0.0000,0.0000,0,0,,,,,,,,0,0,0,0,0,0,0,0,0,0,0,0,0,0,0,0,0,0,0,0,0,0,0,0,0,0,0,0,0,0,0,0,0,0,0,0,0,0,0,0,0,0,0,0,0,0,0,0,0,0,0,
hello,6_30,11_3_0,2.3928,0,0,0,2.392835,0.0000,0.0000,0.0000,0.0000,0.0000,0.0000,0,0,,,,,,,,0,0,0,0,0,0,0,0,0,0,0,0,0,0,0,0,0,0,0,0,0,0,0,0,0,0,0,0,0,0,0,0,0,0,0,0,0,0,0,0,0,0,0,0,0,0,0,0,0,0,0,
hello,6_30,11_3_0,2.3959,0,0,0,2.395933,0.0000,0.0000,0.0000,0.0000,0.0000,0.0000,0,0,,,,,,,,0,0,0,0,0,0,0,0,0,0,0,0,0,0,0,0,0,0,0,0,0,0,0,0,0,0,0,0,0,0,0,0,0,0,0,0,0,0,0,0,0,0,0,0,0,0,0,0,0,0,0,
hello,6_30,11_3_0,2.3991,0,0,0,2.399134,0.0000,0.0000,0.0000,0.0000,0.0000,0.0000,0,0,,,,,,,,0,0,0,0,0,0,0,0,0,0,0,0,0,0,0,0,0,0,0,0,0,0,0,0,0,0,0,0,0,0,0,0,0,0,0,0,0,0,0,0,0,0,0,0,0,0,0,0,0,0,0,
hello,6_30,11_3_0,2.4023,0,0,0,2.402256,0.0000,0.0000,0.0000,0.0000,0.0000,0.0000,0,0,,,,,,,,0,0,0,0,0,0,0,0,0,0,0,0,0,0,0,0,0,0,0,0,0,0,0,0,0,0,0,0,0,0,0,0,0,0,0,0,0,0,0,0,0,0,0,0,0,0,0,0,0,0,0,
hello,6_30,11_3_0,2.4056,0,0,0,2.405571,0.0000,0.0000,0.0000,0.0000,0.0000,0.0000,0,0,,,,,,,,0,0,0,0,0,0,0,0,0,0,0,0,0,0,0,0,0,0,0,0,0,0,0,0,0,0,0,0,0,0,0,0,0,0,0,0,0,0,0,0,0,0,0,0,0,0,0,0,0,0,0,
hello,6_30,11_3_0,2.4088,0,0,0,2.408752,0.0000,0.0000,0.0000,0.0000,0.0000,0.0000,0,0,,,,,,,,0,0,0,0,0,0,0,0,0,0,0,0,0,0,0,0,0,0,0,0,0,0,0,0,0,0,0,0,0,0,0,0,0,0,0,0,0,0,0,0,0,0,0,0,0,0,0,0,0,0,0,
hello,6_30,11_3_0,2.4119,0,0,0,2.411855,0.0000,0.0000,0.0000,0.0000,0.0000,0.0000,0,0,,,,,,,,0,0,0,0,0,0,0,0,0,0,0,0,0,0,0,0,0,0,0,0,0,0,0,0,0,0,0,0,0,0,0,0,0,0,0,0,0,0,0,0,0,0,0,0,0,0,0,0,0,0,0,
hello,6_30,11_3_0,2.4150,0,0,0,2.414993,0.0000,0.0000,0.0000,0.0000,0.0000,0.0000,0,0,,,,,,,,0,0,0,0,0,0,0,0,0,0,0,0,0,0,0,0,0,0,0,0,0,0,0,0,0,0,0,0,0,0,0,0,0,0,0,0,0,0,0,0,0,0,0,0,0,0,0,0,0,0,0,
hello,6_30,11_3_0,2.4181,0,0,0,2.418143,0.0000,0.0000,0.0000,0.0000,0.0000,0.0000,0,0,,,,,,,,0,0,0,0,0,0,0,0,0,0,0,0,0,0,0,0,0,0,0,0,0,0,0,0,0,0,0,0,0,0,0,0,0,0,0,0,0,0,0,0,0,0,0,0,0,0,0,0,0,0,0,
hello,6_30,11_3_0,2.4260,0,0,0,2.426018,0.0000,0.0000,0.0000,0.0000,0.0000,0.0000,0,0,,,,,,,,0,0,0,0,0,0,0,0,0,0,0,0,0,0,0,0,0,0,0,0,0,0,0,0,0,0,0,0,0,0,0,0,0,0,0,0,0,0,0,0,0,0,0,0,0,0,0,0,0,0,0,
hello,6_30,11_3_0,2.4293,0,0,0,2.429332,0.0000,0.0000,0.0000,0.0000,0.0000,0.0000,0,0,,,,,,,,0,0,0,0,0,0,0,0,0,0,0,0,0,0,0,0,0,0,0,0,0,0,0,0,0,0,0,0,0,0,0,0,0,0,0,0,0,0,0,0,0,0,0,0,0,0,0,0,0,0,0,
hello,6_30,11_3_0,2.4325,0,0,0,2.432476,0.0000,0.0000,0.0000,0.0000,0.0000,0.0000,0,0,,,,,,,,0,0,0,0,0,0,0,0,0,0,0,0,0,0,0,0,0,0,0,0,0,0,0,0,0,0,0,0,0,0,0,0,0,0,0,0,0,0,0,0,0,0,0,0,0,0,0,0,0,0,0,
hello,6_30,11_3_0,2.4356,0,0,0,2.435586,0.0000,0.0000,0.0000,0.0000,0.0000,0.0000,0,0,,,,,,,,0,0,0,0,0,0,0,0,0,0,0,0,0,0,0,0,0,0,0,0,0,0,0,0,0,0,0,0,0,0,0,0,0,0,0,0,0,0,0,0,0,0,0,0,0,0,0,0,0,0,0,
hello,6_30,11_3_0,2.4388,0,0,0,2.438797,0.0000,0.0000,0.0000,0.0000,0.0000,0.0000,0,0,,,,,,,,0,0,0,0,0,0,0,0,0,0,0,0,0,0,0,0,0,0,0,0,0,0,0,0,0,0,0,0,0,0,0,0,0,0,0,0,0,0,0,0,0,0,0,0,0,0,0,0,0,0,0,
hello,6_30,11_3_0,2.4419,0,0,0,2.441905,0.0000,0.0000,0.0000,0.0000,0.0000,0.0000,0,0,,,,,,,,0,0,0,0,0,0,0,0,0,0,0,0,0,0,0,0,0,0,0,0,0,0,0,0,0,0,0,0,0,0,0,0,0,0,0,0,0,0,0,0,0,0,0,0,0,0,0,0,0,0,0,
hello,6_30,11_3_0,2.4452,0,0,0,2.445245,0.0000,0.0000,0.0000,0.0000,0.0000,0.0000,0,0,,,,,,,,0,0,0,0,0,0,0,0,0,0,0,0,0,0,0,0,0,0,0,0,0,0,0,0,0,0,0,0,0,0,0,0,0,0,0,0,0,0,0,0,0,0,0,0,0,0,0,0,0,0,0,
hello,6_30,11_3_0,2.4485,0,0,0,2.448451,0.0000,0.0000,0.0000,0.0000,0.0000,0.0000,0,0,,,,,,,,0,0,0,0,0,0,0,0,0,0,0,0,0,0,0,0,0,0,0,0,0,0,0,0,0,0,0,0,0,0,0,0,0,0,0,0,0,0,0,0,0,0,0,0,0,0,0,0,0,0,0,
hello,6_30,11_3_0,2.4518,0,0,0,2.451774,0.0000,0.0000,0.0000,0.0000,0.0000,0.0000,0,0,,,,,,,,0,0,0,0,0,0,0,0,0,0,0,0,0,0,0,0,0,0,0,0,0,0,0,0,0,0,0,0,0,0,0,0,0,0,0,0,0,0,0,0,0,0,0,0,0,0,0,0,0,0,0,
hello,6_30,11_3_0,2.4551,0,0,0,2.455092,0.0000,0.0000,0.0000,0.0000,0.0000,0.0000,0,0,,,,,,,,0,0,0,0,0,0,0,0,0,0,0,0,0,0,0,0,0,0,0,0,0,0,0,0,0,0,0,0,0,0,0,0,0,0,0,0,0,0,0,0,0,0,0,0,0,0,0,0,0,0,0,
hello,6_30,11_3_1,2.4583,0,0,0,2.458338,0.0000,0.0000,0.0000,0.0000,0.0000,0.0000,0,0,,,,,,,,0,0,0,0,0,0,0,0,0,0,0,0,0,0,0,0,0,0,0,0,0,0,0,0,0,0,0,0,0,0,0,0,0,0,0,0,0,0,0,0,0,0,0,0,0,0,0,0,0,0,0,
hello,6_30,11_3_1,2.4614,0,0,0,2.461434,0.0000,0.0000,0.0000,0.0000,0.0000,0.0000,0,0,,,,,,,,0,0,0,0,0,0,0,0,0,0,0,0,0,0,0,0,0,0,0,0,0,0,0,0,0,0,0,0,0,0,0,0,0,0,0,0,0,0,0,0,0,0,0,0,0,0,0,0,0,0,0,
hello,6_30,11_3_1,2.4647,0,0,0,2.464728,0.0000,0.0000,0.0000,0.0000,0.0000,0.0000,0,0,,,,,,,,0,0,0,0,0,0,0,0,0,0,0,0,0,0,0,0,0,0,0,0,0,0,0,0,0,0,0,0,0,0,0,0,0,0,0,0,0,0,0,0,0,0,0,0,0,0,0,0,0,0,0,
hello,6_30,11_3_1,2.4678,0,0,0,2.467813,0.0000,0.0000,0.0000,0.0000,0.0000,0.0000,0,0,,,,,,,,0,0,0,0,0,0,0,0,0,0,0,0,0,0,0,0,0,0,0,0,0,0,0,0,0,0,0,0,0,0,0,0,0,0,0,0,0,0,0,0,0,0,0,0,0,0,0,0,0,0,0,
hello,6_30,11_3_1,2.4712,0,0,0,2.471176,0.0000,0.0000,0.0000,0.0000,0.0000,0.0000,0,0,,,,,,,,0,0,0,0,0,0,0,0,0,0,0,0,0,0,0,0,0,0,0,0,0,0,0,0,0,0,0,0,0,0,0,0,0,0,0,0,0,0,0,0,0,0,0,0,0,0,0,0,0,0,0,
hello,6_30,11_3_1,2.4742,0,0,0,2.474249,0.0000,0.0000,0.0000,0.0000,0.0000,0.0000,0,0,,,,,,,,0,0,0,0,0,0,0,0,0,0,0,0,0,0,0,0,0,0,0,0,0,0,0,0,0,0,0,0,0,0,0,0,0,0,0,0,0,0,0,0,0,0,0,0,0,0,0,0,0,0,0,
hello,6_30,11_3_1,2.4774,0,0,0,2.477366,0.0000,0.0000,0.0000,0.0000,0.0000,0.0000,0,0,,,,,,,,0,0,0,0,0,0,0,0,0,0,0,0,0,0,0,0,0,0,0,0,0,0,0,0,0,0,0,0,0,0,0,0,0,0,0,0,0,0,0,0,0,0,0,0,0,0,0,0,0,0,0,
hello,6_30,11_3_1,2.4805,0,0,0,2.480502,0.0000,0.0000,0.0000,0.0000,0.0000,0.0000,0,0,,,,,,,,0,0,0,0,0,0,0,0,0,0,0,0,0,0,0,0,0,0,0,0,0,0,0,0,0,0,0,0,0,0,0,0,0,0,0,0,0,0,0,0,0,0,0,0,0,0,0,0,0,0,0,
hello,6_30,11_3_1,2.4839,0,0,0,2.483862,0.0000,0.0000,0.0000,0.0000,0.0000,0.0000,0,0,,,,,,,,0,0,0,0,0,0,0,0,0,0,0,0,0,0,0,0,0,0,0,0,0,0,0,0,0,0,0,0,0,0,0,0,0,0,0,0,0,0,0,0,0,0,0,0,0,0,0,0,0,0,0,
hello,6_30,11_3_1,2.4870,0,0,0,2.487046,0.0000,0.0000,0.0000,0.0000,0.0000,0.0000,0,0,,,,,,,,0,0,0,0,0,0,0,0,0,0,0,0,0,0,0,0,0,0,0,0,0,0,0,0,0,0,0,0,0,0,0,0,0,0,0,0,0,0,0,0,0,0,0,0,0,0,0,0,0,0,0,
hello,6_30,11_3_1,2.4906,0,0,0,2.490592,0.0000,0.0000,0.0000,0.0000,0.0000,0.0000,0,0,,,,,,,,0,0,0,0,0,0,0,0,0,0,0,0,0,0,0,0,0,0,0,0,0,0,0,0,0,0,0,0,0,0,0,0,0,0,0,0,0,0,0,0,0,0,0,0,0,0,0,0,0,0,0,
hello,6_30,11_3_1,2.4943,0,0,0,2.494333,0.0000,0.0000,0.0000,0.0000,0.0000,0.0000,0,0,,,,,,,,0,0,0,0,0,0,0,0,0,0,0,0,0,0,0,0,0,0,0,0,0,0,0,0,0,0,0,0,0,0,0,0,0,0,0,0,0,0,0,0,0,0,0,0,0,0,0,0,0,0,0,
hello,6_30,11_3_1,2.4980,0,0,0,2.497967,0.0000,0.0000,0.0000,0.0000,0.0000,0.0000,0,0,,,,,,,,0,0,0,0,0,0,0,0,0,0,0,0,0,0,0,0,0,0,0,0,0,0,0,0,0,0,0,0,0,0,0,0,0,0,0,0,0,0,0,0,0,0,0,0,0,0,0,0,0,0,0,
hello,6_30,11_3_1,2.5016,0,0,0,2.501562,0.0000,0.0000,0.0000,0.0000,0.0000,0.0000,0,0,,,,,,,,0,0,0,0,0,0,0,0,0,0,0,0,0,0,0,0,0,0,0,0,0,0,0,0,0,0,0,0,0,0,0,0,0,0,0,0,0,0,0,0,0,0,0,0,0,0,0,0,0,0,0,
hello,6_30,11_3_1,2.5063,0,0,0,2.506315,0.0000,0.0000,0.0000,0.0000,0.0000,0.0000,0,0,,,,,,,,0,0,0,0,0,0,0,0,0,0,0,0,0,0,0,0,0,0,0,0,0,0,0,0,0,0,0,0,0,0,0,0,0,0,0,0,0,0,0,0,0,0,0,0,0,0,0,0,0,0,0,
hello,6_30,11_3_1,2.5100,0,0,0,2.509993,0.0000,0.0000,0.0000,0.0000,0.0000,0.0000,0,0,,,,,,,,0,0,0,0,0,0,0,0,0,0,0,0,0,0,0,0,0,0,0,0,0,0,0,0,0,0,0,0,0,0,0,0,0,0,0,0,0,0,0,0,0,0,0,0,0,0,0,0,0,0,0,
hello,6_30,11_3_1,2.5135,0,0,0,2.513475,0.0000,0.0000,0.0000,0.0000,0.0000,0.0000,0,0,,,,,,,,0,0,0,0,0,0,0,0,0,0,0,0,0,0,0,0,0,0,0,0,0,0,0,0,0,0,0,0,0,0,0,0,0,0,0,0,0,0,0,0,0,0,0,0,0,0,0,0,0,0,0,
hello,6_30,11_3_1,2.5173,0,0,0,2.517286,0.0000,0.0000,0.0000,0.0000,0.0000,0.0000,0,0,,,,,,,,0,0,0,0,0,0,0,0,0,0,0,0,0,0,0,0,0,0,0,0,0,0,0,0,0,0,0,0,0,0,0,0,0,0,0,0,0,0,0,0,0,0,0,0,0,0,0,0,0,0,0,
hello,6_30,11_3_1,2.5211,0,0,0,2.52112,0.0000,0.0000,0.0000,0.0000,0.0000,0.0000,0,0,,,,,,,,0,0,0,0,0,0,0,0,0,0,0,0,0,0,0,0,0,0,0,0,0,0,0,0,0,0,0,0,0,0,0,0,0,0,0,0,0,0,0,0,0,0,0,0,0,0,0,0,0,0,0,
hello,6_30,11_3_1,2.5248,0,0,0,2.524848,0.0000,0.0000,0.0000,0.0000,0.0000,0.0000,0,0,,,,,,,,0,0,0,0,0,0,0,0,0,0,0,0,0,0,0,0,0,0,0,0,0,0,0,0,0,0,0,0,0,0,0,0,0,0,0,0,0,0,0,0,0,0,0,0,0,0,0,0,0,0,0,
hello,6_30,11_3_1,2.5284,0,0,0,2.528377,0.0000,0.0000,0.0000,0.0000,0.0000,0.0000,0,0,,,,,,,,0,0,0,0,0,0,0,0,0,0,0,0,0,0,0,0,0,0,0,0,0,0,0,0,0,0,0,0,0,0,0,0,0,0,0,0,0,0,0,0,0,0,0,0,0,0,0,0,0,0,0,
hello,6_30,11_3_1,2.5315,0,0,0,2.531504,0.0000,0.0000,0.0000,0.0000,0.0000,0.0000,0,0,,,,,,,,0,0,0,0,0,0,0,0,0,0,0,0,0,0,0,0,0,0,0,0,0,0,0,0,0,0,0,0,0,0,0,0,0,0,0,0,0,0,0,0,0,0,0,0,0,0,0,0,0,0,0,
hello,6_30,11_3_1,2.5352,0,0,0,2.535232,0.0000,0.0000,0.0000,0.0000,0.0000,0.0000,0,0,,,,,,,,0,0,0,0,0,0,0,0,0,0,0,0,0,0,0,0,0,0,0,0,0,0,0,0,0,0,0,0,0,0,0,0,0,0,0,0,0,0,0,0,0,0,0,0,0,0,0,0,0,0,0,
hello,6_30,11_3_1,2.5388,0,0,0,2.538772,0.0000,0.0000,0.0000,0.0000,0.0000,0.0000,0,0,,,,,,,,0,0,0,0,0,0,0,0,0,0,0,0,0,0,0,0,0,0,0,0,0,0,0,0,0,0,0,0,0,0,0,0,0,0,0,0,0,0,0,0,0,0,0,0,0,0,0,0,0,0,0,
hello,6_30,11_3_1,2.5424,0,0,0,2.54237,0.0000,0.0000,0.0000,0.0000,0.0000,0.0000,0,0,,,,,,,,0,0,0,0,0,0,0,0,0,0,0,0,0,0,0,0,0,0,0,0,0,0,0,0,0,0,0,0,0,0,0,0,0,0,0,0,0,0,0,0,0,0,0,0,0,0,0,0,0,0,0,
hello,6_30,11_3_1,2.5461,0,0,0,2.54612,0.0000,0.0000,0.0000,0.0000,0.0000,0.0000,0,0,,,,,,,,0,0,0,0,0,0,0,0,0,0,0,0,0,0,0,0,0,0,0,0,0,0,0,0,0,0,0,0,0,0,0,0,0,0,0,0,0,0,0,0,0,0,0,0,0,0,0,0,0,0,0,
hello,6_30,11_3_1,2.5502,0,0,0,2.550157,0.0000,0.0000,0.0000,0.0000,0.0000,0.0000,0,0,,,,,,,,0,0,0,0,0,0,0,0,0,0,0,0,0,0,0,0,0,0,0,0,0,0,0,0,0,0,0,0,0,0,0,0,0,0,0,0,0,0,0,0,0,0,0,0,0,0,0,0,0,0,0,
hello,6_30,11_3_1,2.5543,0,0,0,2.554258,0.0000,0.0000,0.0000,0.0000,0.0000,0.0000,0,0,,,,,,,,0,0,0,0,0,0,0,0,0,0,0,0,0,0,0,0,0,0,0,0,0,0,0,0,0,0,0,0,0,0,0,0,0,0,0,0,0,0,0,0,0,0,0,0,0,0,0,0,0,0,0,
hello,6_30,11_3_1,2.5581,0,0,0,2.558123,0.0000,0.0000,0.0000,0.0000,0.0000,0.0000,0,0,,,,,,,,0,0,0,0,0,0,0,0,0,0,0,0,0,0,0,0,0,0,0,0,0,0,0,0,0,0,0,0,0,0,0,0,0,0,0,0,0,0,0,0,0,0,0,0,0,0,0,0,0,0,0,
hello,6_30,11_3_1,2.5616,0,0,0,2.561621,0.0000,0.0000,0.0000,0.0000,0.0000,0.0000,0,0,,,,,,,,0,0,0,0,0,0,0,0,0,0,0,0,0,0,0,0,0,0,0,0,0,0,0,0,0,0,0,0,0,0,0,0,0,0,0,0,0,0,0,0,0,0,0,0,0,0,0,0,0,0,0,
hello,6_30,11_3_1,2.5655,0,0,0,2.565529,0.0000,0.0000,0.0000,0.0000,0.0000,0.0000,0,0,,,,,,,,0,0,0,0,0,0,0,0,0,0,0,0,0,0,0,0,0,0,0,0,0,0,0,0,0,0,0,0,0,0,0,0,0,0,0,0,0,0,0,0,0,0,0,0,0,0,0,0,0,0,0,
hello,6_30,11_3_1,2.5691,0,0,0,2.56906,0.0000,0.0000,0.0000,0.0000,0.0000,0.0000,0,0,,,,,,,,0,0,0,0,0,0,0,0,0,0,0,0,0,0,0,0,0,0,0,0,0,0,0,0,0,0,0,0,0,0,0,0,0,0,0,0,0,0,0,0,0,0,0,0,0,0,0,0,0,0,0,
hello,6_30,11_3_1,2.5787,0,0,0,2.578703,0.0000,0.0000,0.0000,0.0000,0.0000,0.0000,0,0,,,,,,,,0,0,0,0,0,0,0,0,0,0,0,0,0,0,0,0,0,0,0,0,0,0,0,0,0,0,0,0,0,0,0,0,0,0,0,0,0,0,0,0,0,0,0,0,0,0,0,0,0,0,0,
hello,6_30,11_3_1,2.5848,0,0,0,2.584797,0.0000,0.0000,0.0000,0.0000,0.0000,0.0000,0,0,,,,,,,,0,0,0,0,0,0,0,0,0,0,0,0,0,0,0,0,0,0,0,0,0,0,0,0,0,0,0,0,0,0,0,0,0,0,0,0,0,0,0,0,0,0,0,0,0,0,0,0,0,0,0,
hello,6_30,11_3_1,2.5916,0,0,0,2.59162,0.0000,0.0000,0.0000,0.0000,0.0000,0.0000,0,0,,,,,,,,0,0,0,0,0,0,0,0,0,0,0,0,0,0,0,0,0,0,0,0,0,0,0,0,0,0,0,0,0,0,0,0,0,0,0,0,0,0,0,0,0,0,0,0,0,0,0,0,0,0,0,
hello,6_30,11_3_1,2.5982,0,0,0,2.598193,0.0000,0.0000,0.0000,0.0000,0.0000,0.0000,0,0,,,,,,,,0,0,0,0,0,0,0,0,0,0,0,0,0,0,0,0,0,0,0,0,0,0,0,0,0,0,0,0,0,0,0,0,0,0,0,0,0,0,0,0,0,0,0,0,0,0,0,0,0,0,0,
hello,6_30,11_3_1,2.6032,0,0,0,2.603249,0.0000,0.0000,0.0000,0.0000,0.0000,0.0000,0,0,,,,,,,,0,0,0,0,0,0,0,0,0,0,0,0,0,0,0,0,0,0,0,0,0,0,0,0,0,0,0,0,0,0,0,0,0,0,0,0,0,0,0,0,0,0,0,0,0,0,0,0,0,0,0,
hello,6_30,11_3_1,2.6082,0,0,0,2.608242,0.0000,0.0000,0.0000,0.0000,0.0000,0.0000,0,0,,,,,,,,0,0,0,0,0,0,0,0,0,0,0,0,0,0,0,0,0,0,0,0,0,0,0,0,0,0,0,0,0,0,0,0,0,0,0,0,0,0,0,0,0,0,0,0,0,0,0,0,0,0,0,
hello,6_30,11_3_1,2.6133,0,0,0,2.613339,0.0000,0.0000,0.0000,0.0000,0.0000,0.0000,0,0,,,,,,,,0,0,0,0,0,0,0,0,0,0,0,0,0,0,0,0,0,0,0,0,0,0,0,0,0,0,0,0,0,0,0,0,0,0,0,0,0,0,0,0,0,0,0,0,0,0,0,0,0,0,0,
hello,6_30,11_3_1,2.6188,0,0,0,2.618765,0.0000,0.0000,0.0000,0.0000,0.0000,0.0000,0,0,,,,,,,,0,0,0,0,0,0,0,0,0,0,0,0,0,0,0,0,0,0,0,0,0,0,0,0,0,0,0,0,0,0,0,0,0,0,0,0,0,0,0,0,0,0,0,0,0,0,0,0,0,0,0,
hello,6_30,11_3_1,2.6333,0,0,0,2.633342,0.0000,0.0000,0.0000,0.0000,0.0000,0.0000,0,0,,,,,,,,0,0,0,0,0,0,0,0,0,0,0,0,0,0,0,0,0,0,0,0,0,0,0,0,0,0,0,0,0,0,0,0,0,0,0,0,0,0,0,0,0,0,0,0,0,0,0,0,0,0,0,
hello,6_30,11_3_1,2.6436,0,0,0,2.643552,0.0000,0.0000,0.0000,0.0000,0.0000,0.0000,0,0,,,,,,,,0,0,0,0,0,0,0,0,0,0,0,0,0,0,0,0,0,0,0,0,0,0,0,0,0,0,0,0,0,0,0,0,0,0,0,0,0,0,0,0,0,0,0,0,0,0,0,0,0,0,0,
hello,6_30,11_3_1,2.6487,0,0,0,2.648744,0.0000,0.0000,0.0000,0.0000,0.0000,0.0000,0,0,,,,,,,,0,0,0,0,0,0,0,0,0,0,0,0,0,0,0,0,0,0,0,0,0,0,0,0,0,0,0,0,0,0,0,0,0,0,0,0,0,0,0,0,0,0,0,0,0,0,0,0,0,0,0,
hello,6_30,11_3_1,2.6533,0,0,0,2.653306,0.0000,0.0000,0.0000,0.0000,0.0000,0.0000,0,0,,,,,,,,0,0,0,0,0,0,0,0,0,0,0,0,0,0,0,0,0,0,0,0,0,0,0,0,0,0,0,0,0,0,0,0,0,0,0,0,0,0,0,0,0,0,0,0,0,0,0,0,0,0,0,
hello,6_30,11_3_1,2.6573,0,0,0,2.657311,0.0000,0.0000,0.0000,0.0000,0.0000,0.0000,0,0,,,,,,,,0,0,0,0,0,0,0,0,0,0,0,0,0,0,0,0,0,0,0,0,0,0,0,0,0,0,0,0,0,0,0,0,0,0,0,0,0,0,0,0,0,0,0,0,0,0,0,0,0,0,0,
hello,6_30,11_3_1,2.6608,0,0,0,2.660836,0.0000,0.0000,0.0000,0.0000,0.0000,0.0000,0,0,,,,,,,,0,0,0,0,0,0,0,0,0,0,0,0,0,0,0,0,0,0,0,0,0,0,0,0,0,0,0,0,0,0,0,0,0,0,0,0,0,0,0,0,0,0,0,0,0,0,0,0,0,0,0,
hello,6_30,11_3_1,2.6653,0,0,0,2.665278,0.0000,0.0000,0.0000,0.0000,0.0000,0.0000,0,0,,,,,,,,0,0,0,0,0,0,0,0,0,0,0,0,0,0,0,0,0,0,0,0,0,0,0,0,0,0,0,0,0,0,0,0,0,0,0,0,0,0,0,0,0,0,0,0,0,0,0,0,0,0,0,
hello,6_30,11_3_1,2.6692,0,0,0,2.669175,0.0000,0.0000,0.0000,0.0000,0.0000,0.0000,0,0,,,,,,,,0,0,0,0,0,0,0,0,0,0,0,0,0,0,0,0,0,0,0,0,0,0,0,0,0,0,0,0,0,0,0,0,0,0,0,0,0,0,0,0,0,0,0,0,0,0,0,0,0,0,0,
hello,6_30,11_3_1,2.6727,0,0,0,2.672691,0.0000,0.0000,0.0000,0.0000,0.0000,0.0000,0,0,,,,,,,,0,0,0,0,0,0,0,0,0,0,0,0,0,0,0,0,0,0,0,0,0,0,0,0,0,0,0,0,0,0,0,0,0,0,0,0,0,0,0,0,0,0,0,0,0,0,0,0,0,0,0,
hello,6_30,11_3_1,2.6765,0,0,0,2.67647,0.0000,0.0000,0.0000,0.0000,0.0000,0.0000,0,0,,,,,,,,0,0,0,0,0,0,0,0,0,0,0,0,0,0,0,0,0,0,0,0,0,0,0,0,0,0,0,0,0,0,0,0,0,0,0,0,0,0,0,0,0,0,0,0,0,0,0,0,0,0,0,
hello,6_30,11_3_1,2.6801,0,0,0,2.680104,0.0000,0.0000,0.0000,0.0000,0.0000,0.0000,0,0,,,,,,,,0,0,0,0,0,0,0,0,0,0,0,0,0,0,0,0,0,0,0,0,0,0,0,0,0,0,0,0,0,0,0,0,0,0,0,0,0,0,0,0,0,0,0,0,0,0,0,0,0,0,0,
hello,6_30,11_3_1,2.6835,0,0,0,2.683464,0.0000,0.0000,0.0000,0.0000,0.0000,0.0000,0,0,,,,,,,,0,0,0,0,0,0,0,0,0,0,0,0,0,0,0,0,0,0,0,0,0,0,0,0,0,0,0,0,0,0,0,0,0,0,0,0,0,0,0,0,0,0,0,0,0,0,0,0,0,0,0,
hello,6_30,11_3_1,2.6869,0,0,0,2.68693,0.0000,0.0000,0.0000,0.0000,0.0000,0.0000,0,0,,,,,,,,0,0,0,0,0,0,0,0,0,0,0,0,0,0,0,0,0,0,0,0,0,0,0,0,0,0,0,0,0,0,0,0,0,0,0,0,0,0,0,0,0,0,0,0,0,0,0,0,0,0,0,
hello,6_30,11_3_1,2.6903,0,0,0,2.690336,0.0000,0.0000,0.0000,0.0000,0.0000,0.0000,0,0,,,,,,,,0,0,0,0,0,0,0,0,0,0,0,0,0,0,0,0,0,0,0,0,0,0,0,0,0,0,0,0,0,0,0,0,0,0,0,0,0,0,0,0,0,0,0,0,0,0,0,0,0,0,0,
hello,6_30,11_3_1,2.6937,0,0,0,2.693712,0.0000,0.0000,0.0000,0.0000,0.0000,0.0000,0,0,,,,,,,,0,0,0,0,0,0,0,0,0,0,0,0,0,0,0,0,0,0,0,0,0,0,0,0,0,0,0,0,0,0,0,0,0,0,0,0,0,0,0,0,0,0,0,0,0,0,0,0,0,0,0,
hello,6_30,11_3_1,2.6972,0,0,0,2.697198,0.0000,0.0000,0.0000,0.0000,0.0000,0.0000,0,0,,,,,,,,0,0,0,0,0,0,0,0,0,0,0,0,0,0,0,0,0,0,0,0,0,0,0,0,0,0,0,0,0,0,0,0,0,0,0,0,0,0,0,0,0,0,0,0,0,0,0,0,0,0,0,
hello,6_30,11_3_1,2.7012,0,0,0,2.70118,0.0000,0.0000,0.0000,0.0000,0.0000,0.0000,0,0,,,,,,,,0,0,0,0,0,0,0,0,0,0,0,0,0,0,0,0,0,0,0,0,0,0,0,0,0,0,0,0,0,0,0,0,0,0,0,0,0,0,0,0,0,0,0,0,0,0,0,0,0,0,0,
hello,6_30,11_3_1,2.7048,0,0,0,2.704822,0.0000,0.0000,0.0000,0.0000,0.0000,0.0000,0,0,,,,,,,,0,0,0,0,0,0,0,0,0,0,0,0,0,0,0,0,0,0,0,0,0,0,0,0,0,0,0,0,0,0,0,0,0,0,0,0,0,0,0,0,0,0,0,0,0,0,0,0,0,0,0,
hello,6_30,11_3_1,2.7080,0,0,0,2.708004,0.0000,0.0000,0.0000,0.0000,0.0000,0.0000,0,0,,,,,,,,0,0,0,0,0,0,0,0,0,0,0,0,0,0,0,0,0,0,0,0,0,0,0,0,0,0,0,0,0,0,0,0,0,0,0,0,0,0,0,0,0,0,0,0,0,0,0,0,0,0,0,
hello,6_30,11_3_1,2.7116,0,0,0,2.711605,0.0000,0.0000,0.0000,0.0000,0.0000,0.0000,0,0,,,,,,,,0,0,0,0,0,0,0,0,0,0,0,0,0,0,0,0,0,0,0,0,0,0,0,0,0,0,0,0,0,0,0,0,0,0,0,0,0,0,0,0,0,0,0,0,0,0,0,0,0,0,0,
hello,6_30,11_3_1,2.7152,0,0,0,2.715197,0.0000,0.0000,0.0000,0.0000,0.0000,0.0000,0,0,,,,,,,,0,0,0,0,0,0,0,0,0,0,0,0,0,0,0,0,0,0,0,0,0,0,0,0,0,0,0,0,0,0,0,0,0,0,0,0,0,0,0,0,0,0,0,0,0,0,0,0,0,0,0,
hello,6_30,11_3_1,2.7189,0,0,0,2.718897,0.0000,0.0000,0.0000,0.0000,0.0000,0.0000,0,0,,,,,,,,0,0,0,0,0,0,0,0,0,0,0,0,0,0,0,0,0,0,0,0,0,0,0,0,0,0,0,0,0,0,0,0,0,0,0,0,0,0,0,0,0,0,0,0,0,0,0,0,0,0,0,
hello,6_30,11_3_1,2.7230,0,0,0,2.723032,0.0000,0.0000,0.0000,0.0000,0.0000,0.0000,0,0,,,,,,,,0,0,0,0,0,0,0,0,0,0,0,0,0,0,0,0,0,0,0,0,0,0,0,0,0,0,0,0,0,0,0,0,0,0,0,0,0,0,0,0,0,0,0,0,0,0,0,0,0,0,0,
hello,6_30,11_3_1,2.7267,0,0,0,2.726722,0.0000,0.0000,0.0000,0.0000,0.0000,0.0000,0,0,,,,,,,,0,0,0,0,0,0,0,0,0,0,0,0,0,0,0,0,0,0,0,0,0,0,0,0,0,0,0,0,0,0,0,0,0,0,0,0,0,0,0,0,0,0,0,0,0,0,0,0,0,0,0,
hello,6_30,11_3_1,2.7303,0,0,0,2.730334,0.0000,0.0000,0.0000,0.0000,0.0000,0.0000,0,0,,,,,,,,0,0,0,0,0,0,0,0,0,0,0,0,0,0,0,0,0,0,0,0,0,0,0,0,0,0,0,0,0,0,0,0,0,0,0,0,0,0,0,0,0,0,0,0,0,0,0,0,0,0,0,
hello,6_30,11_3_1,2.7343,0,0,0,2.734334,0.0000,0.0000,0.0000,0.0000,0.0000,0.0000,0,0,,,,,,,,0,0,0,0,0,0,0,0,0,0,0,0,0,0,0,0,0,0,0,0,0,0,0,0,0,0,0,0,0,0,0,0,0,0,0,0,0,0,0,0,0,0,0,0,0,0,0,0,0,0,0,
hello,6_30,11_3_1,2.7385,0,0,0,2.738465,0.0000,0.0000,0.0000,0.0000,0.0000,0.0000,0,0,,,,,,,,0,0,0,0,0,0,0,0,0,0,0,0,0,0,0,0,0,0,0,0,0,0,0,0,0,0,0,0,0,0,0,0,0,0,0,0,0,0,0,0,0,0,0,0,0,0,0,0,0,0,0,
hello,6_30,11_3_1,2.7427,0,0,0,2.74268,0.0000,0.0000,0.0000,0.0000,0.0000,0.0000,0,0,,,,,,,,0,0,0,0,0,0,0,0,0,0,0,0,0,0,0,0,0,0,0,0,0,0,0,0,0,0,0,0,0,0,0,0,0,0,0,0,0,0,0,0,0,0,0,0,0,0,0,0,0,0,0,
hello,6_30,11_3_1,2.7474,0,0,0,2.747382,0.0000,0.0000,0.0000,0.0000,0.0000,0.0000,0,0,,,,,,,,0,0,0,0,0,0,0,0,0,0,0,0,0,0,0,0,0,0,0,0,0,0,0,0,0,0,0,0,0,0,0,0,0,0,0,0,0,0,0,0,0,0,0,0,0,0,0,0,0,0,0,
hello,6_30,11_3_1,2.7514,0,0,0,2.751421,0.0000,0.0000,0.0000,0.0000,0.0000,0.0000,0,0,,,,,,,,0,0,0,0,0,0,0,0,0,0,0,0,0,0,0,0,0,0,0,0,0,0,0,0,0,0,0,0,0,0,0,0,0,0,0,0,0,0,0,0,0,0,0,0,0,0,0,0,0,0,0,
hello,6_30,11_3_1,2.7563,0,0,0,2.75628,0.0000,0.0000,0.0000,0.0000,0.0000,0.0000,0,0,,,,,,,,0,0,0,0,0,0,0,0,0,0,0,0,0,0,0,0,0,0,0,0,0,0,0,0,0,0,0,0,0,0,0,0,0,0,0,0,0,0,0,0,0,0,0,0,0,0,0,0,0,0,0,
hello,6_30,11_3_1,2.7623,0,0,0,2.76226,0.0000,0.0000,0.0000,0.0000,0.0000,0.0000,0,0,,,,,,,,0,0,0,0,0,0,0,0,0,0,0,0,0,0,0,0,0,0,0,0,0,0,0,0,0,0,0,0,0,0,0,0,0,0,0,0,0,0,0,0,0,0,0,0,0,0,0,0,0,0,0,
hello,6_30,11_3_1,2.7667,0,0,0,2.766719,0.0000,0.0000,0.0000,0.0000,0.0000,0.0000,0,0,,,,,,,,0,0,0,0,0,0,0,0,0,0,0,0,0,0,0,0,0,0,0,0,0,0,0,0,0,0,0,0,0,0,0,0,0,0,0,0,0,0,0,0,0,0,0,0,0,0,0,0,0,0,0,
hello,6_30,11_3_1,2.7707,0,0,0,2.770675,0.0000,0.0000,0.0000,0.0000,0.0000,0.0000,0,0,,,,,,,,0,0,0,0,0,0,0,0,0,0,0,0,0,0,0,0,0,0,0,0,0,0,0,0,0,0,0,0,0,0,0,0,0,0,0,0,0,0,0,0,0,0,0,0,0,0,0,0,0,0,0,
hello,6_30,11_3_1,2.7762,0,0,0,2.7762,0.0000,0.0000,0.0000,0.0000,0.0000,0.0000,0,0,,,,,,,,0,0,0,0,0,0,0,0,0,0,0,0,0,0,0,0,0,0,0,0,0,0,0,0,0,0,0,0,0,0,0,0,0,0,0,0,0,0,0,0,0,0,0,0,0,0,0,0,0,0,0,
hello,6_30,11_3_1,2.7810,0,0,0,2.78097,0.0000,0.0000,0.0000,0.0000,0.0000,0.0000,0,0,,,,,,,,0,0,0,0,0,0,0,0,0,0,0,0,0,0,0,0,0,0,0,0,0,0,0,0,0,0,0,0,0,0,0,0,0,0,0,0,0,0,0,0,0,0,0,0,0,0,0,0,0,0,0,
hello,6_30,11_3_1,2.7862,0,0,0,2.786226,0.0000,0.0000,0.0000,0.0000,0.0000,0.0000,0,0,,,,,,,,0,0,0,0,0,0,0,0,0,0,0,0,0,0,0,0,0,0,0,0,0,0,0,0,0,0,0,0,0,0,0,0,0,0,0,0,0,0,0,0,0,0,0,0,0,0,0,0,0,0,0,
hello,6_30,11_3_1,2.7912,0,0,0,2.791157,0.0000,0.0000,0.0000,0.0000,0.0000,0.0000,0,0,,,,,,,,0,0,0,0,0,0,0,0,0,0,0,0,0,0,0,0,0,0,0,0,0,0,0,0,0,0,0,0,0,0,0,0,0,0,0,0,0,0,0,0,0,0,0,0,0,0,0,0,0,0,0,
hello,6_30,11_3_1,2.7963,0,0,0,2.796299,0.0000,0.0000,0.0000,0.0000,0.0000,0.0000,0,0,,,,,,,,0,0,0,0,0,0,0,0,0,0,0,0,0,0,0,0,0,0,0,0,0,0,0,0,0,0,0,0,0,0,0,0,0,0,0,0,0,0,0,0,0,0,0,0,0,0,0,0,0,0,0,
hello,6_30,11_3_1,2.8011,0,0,0,2.801123,0.0000,0.0000,0.0000,0.0000,0.0000,0.0000,0,0,,,,,,,,0,0,0,0,0,0,0,0,0,0,0,0,0,0,0,0,0,0,0,0,0,0,0,0,0,0,0,0,0,0,0,0,0,0,0,0,0,0,0,0,0,0,0,0,0,0,0,0,0,0,0,
hello,6_30,11_3_1,2.8053,0,0,0,2.805328,0.0000,0.0000,0.0000,0.0000,0.0000,0.0000,0,0,,,,,,,,0,0,0,0,0,0,0,0,0,0,0,0,0,0,0,0,0,0,0,0,0,0,0,0,0,0,0,0,0,0,0,0,0,0,0,0,0,0,0,0,0,0,0,0,0,0,0,0,0,0,0,
hello,6_30,11_3_1,2.8092,0,0,0,2.809239,0.0000,0.0000,0.0000,0.0000,0.0000,0.0000,0,0,,,,,,,,0,0,0,0,0,0,0,0,0,0,0,0,0,0,0,0,0,0,0,0,0,0,0,0,0,0,0,0,0,0,0,0,0,0,0,0,0,0,0,0,0,0,0,0,0,0,0,0,0,0,0,
hello,6_30,11_3_1,2.8132,0,0,0,2.813166,0.0000,0.0000,0.0000,0.0000,0.0000,0.0000,0,0,,,,,,,,0,0,0,0,0,0,0,0,0,0,0,0,0,0,0,0,0,0,0,0,0,0,0,0,0,0,0,0,0,0,0,0,0,0,0,0,0,0,0,0,0,0,0,0,0,0,0,0,0,0,0,
hello,6_30,11_3_1,2.8167,0,0,0,2.816672,0.0000,0.0000,0.0000,0.0000,0.0000,0.0000,0,0,,,,,,,,0,0,0,0,0,0,0,0,0,0,0,0,0,0,0,0,0,0,0,0,0,0,0,0,0,0,0,0,0,0,0,0,0,0,0,0,0,0,0,0,0,0,0,0,0,0,0,0,0,0,0,
hello,6_30,11_3_1,2.8204,0,0,0,2.820422,0.0000,0.0000,0.0000,0.0000,0.0000,0.0000,0,0,,,,,,,,0,0,0,0,0,0,0,0,0,0,0,0,0,0,0,0,0,0,0,0,0,0,0,0,0,0,0,0,0,0,0,0,0,0,0,0,0,0,0,0,0,0,0,0,0,0,0,0,0,0,0,
hello,6_30,11_3_1,2.8293,0,0,0,2.829329,0.0000,0.0000,0.0000,0.0000,0.0000,0.0000,0,0,,,,,,,,0,0,0,0,0,0,0,0,0,0,0,0,0,0,0,0,0,0,0,0,0,0,0,0,0,0,0,0,0,0,0,0,0,0,0,0,0,0,0,0,0,0,0,0,0,0,0,0,0,0,0,
hello,6_30,11_3_1,2.8342,0,0,0,2.834174,0.0000,0.0000,0.0000,0.0000,0.0000,0.0000,0,0,,,,,,,,0,0,0,0,0,0,0,0,0,0,0,0,0,0,0,0,0,0,0,0,0,0,0,0,0,0,0,0,0,0,0,0,0,0,0,0,0,0,0,0,0,0,0,0,0,0,0,0,0,0,0,
hello,6_30,11_3_1,2.8391,0,0,0,2.839135,0.0000,0.0000,0.0000,0.0000,0.0000,0.0000,0,0,,,,,,,,0,0,0,0,0,0,0,0,0,0,0,0,0,0,0,0,0,0,0,0,0,0,0,0,0,0,0,0,0,0,0,0,0,0,0,0,0,0,0,0,0,0,0,0,0,0,0,0,0,0,0,
hello,6_30,11_3_1,2.8441,0,0,0,2.844099,0.0000,0.0000,0.0000,0.0000,0.0000,0.0000,0,0,,,,,,,,0,0,0,0,0,0,0,0,0,0,0,0,0,0,0,0,0,0,0,0,0,0,0,0,0,0,0,0,0,0,0,0,0,0,0,0,0,0,0,0,0,0,0,0,0,0,0,0,0,0,0,
hello,6_30,11_3_1,2.8482,0,0,0,2.848183,0.0000,0.0000,0.0000,0.0000,0.0000,0.0000,0,0,,,,,,,,0,0,0,0,0,0,0,0,0,0,0,0,0,0,0,0,0,0,0,0,0,0,0,0,0,0,0,0,0,0,0,0,0,0,0,0,0,0,0,0,0,0,0,0,0,0,0,0,0,0,0,
hello,6_30,11_3_1,2.8532,0,0,0,2.853168,0.0000,0.0000,0.0000,0.0000,0.0000,0.0000,0,0,,,,,,,,0,0,0,0,0,0,0,0,0,0,0,0,0,0,0,0,0,0,0,0,0,0,0,0,0,0,0,0,0,0,0,0,0,0,0,0,0,0,0,0,0,0,0,0,0,0,0,0,0,0,0,
hello,6_30,11_3_1,2.8583,0,0,0,2.858291,0.0000,0.0000,0.0000,0.0000,0.0000,0.0000,0,0,,,,,,,,0,0,0,0,0,0,0,0,0,0,0,0,0,0,0,0,0,0,0,0,0,0,0,0,0,0,0,0,0,0,0,0,0,0,0,0,0,0,0,0,0,0,0,0,0,0,0,0,0,0,0,
hello,6_30,11_3_1,2.8629,0,0,0,2.862883,0.0000,0.0000,0.0000,0.0000,0.0000,0.0000,0,0,,,,,,,,0,0,0,0,0,0,0,0,0,0,0,0,0,0,0,0,0,0,0,0,0,0,0,0,0,0,0,0,0,0,0,0,0,0,0,0,0,0,0,0,0,0,0,0,0,0,0,0,0,0,0,
hello,6_30,11_3_1,2.8686,0,0,0,2.868594,0.0000,0.0000,0.0000,0.0000,0.0000,0.0000,0,0,,,,,,,,0,0,0,0,0,0,0,0,0,0,0,0,0,0,0,0,0,0,0,0,0,0,0,0,0,0,0,0,0,0,0,0,0,0,0,0,0,0,0,0,0,0,0,0,0,0,0,0,0,0,0,
hello,6_30,11_3_1,2.8743,0,0,0,2.87434,0.0000,0.0000,0.0000,0.0000,0.0000,0.0000,0,0,,,,,,,,0,0,0,0,0,0,0,0,0,0,0,0,0,0,0,0,0,0,0,0,0,0,0,0,0,0,0,0,0,0,0,0,0,0,0,0,0,0,0,0,0,0,0,0,0,0,0,0,0,0,0,
hello,6_30,11_3_1,2.8800,0,0,0,2.879953,0.0000,0.0000,0.0000,0.0000,0.0000,0.0000,0,0,,,,,,,,0,0,0,0,0,0,0,0,0,0,0,0,0,0,0,0,0,0,0,0,0,0,0,0,0,0,0,0,0,0,0,0,0,0,0,0,0,0,0,0,0,0,0,0,0,0,0,0,0,0,0,
hello,6_30,11_3_1,2.8853,0,0,0,2.885298,0.0000,0.0000,0.0000,0.0000,0.0000,0.0000,0,0,,,,,,,,0,0,0,0,0,0,0,0,0,0,0,0,0,0,0,0,0,0,0,0,0,0,0,0,0,0,0,0,0,0,0,0,0,0,0,0,0,0,0,0,0,0,0,0,0,0,0,0,0,0,0,
hello,6_30,11_3_1,2.8896,0,0,0,2.889627,0.0000,0.0000,0.0000,0.0000,0.0000,0.0000,0,0,,,,,,,,0,0,0,0,0,0,0,0,0,0,0,0,0,0,0,0,0,0,0,0,0,0,0,0,0,0,0,0,0,0,0,0,0,0,0,0,0,0,0,0,0,0,0,0,0,0,0,0,0,0,0,
hello,6_30,11_3_1,2.8933,0,0,0,2.893315,0.0000,0.0000,0.0000,0.0000,0.0000,0.0000,0,0,,,,,,,,0,0,0,0,0,0,0,0,0,0,0,0,0,0,0,0,0,0,0,0,0,0,0,0,0,0,0,0,0,0,0,0,0,0,0,0,0,0,0,0,0,0,0,0,0,0,0,0,0,0,0,
hello,6_30,11_3_1,2.8983,0,0,0,2.898331,0.0000,0.0000,0.0000,0.0000,0.0000,0.0000,0,0,,,,,,,,0,0,0,0,0,0,0,0,0,0,0,0,0,0,0,0,0,0,0,0,0,0,0,0,0,0,0,0,0,0,0,0,0,0,0,0,0,0,0,0,0,0,0,0,0,0,0,0,0,0,0,
hello,6_30,11_3_1,2.9022,0,0,0,2.9022,0.0000,0.0000,0.0000,0.0000,0.0000,0.0000,0,0,,,,,,,,0,0,0,0,0,0,0,0,0,0,0,0,0,0,0,0,0,0,0,0,0,0,0,0,0,0,0,0,0,0,0,0,0,0,0,0,0,0,0,0,0,0,0,0,0,0,0,0,0,0,0,
hello,6_30,11_3_1,2.9064,0,0,0,2.906404,0.0000,0.0000,0.0000,0.0000,0.0000,0.0000,0,0,,,,,,,,0,0,0,0,0,0,0,0,0,0,0,0,0,0,0,0,0,0,0,0,0,0,0,0,0,0,0,0,0,0,0,0,0,0,0,0,0,0,0,0,0,0,0,0,0,0,0,0,0,0,0,
hello,6_30,11_3_1,2.9112,0,0,0,2.911244,0.0000,0.0000,0.0000,0.0000,0.0000,0.0000,0,0,,,,,,,,0,0,0,0,0,0,0,0,0,0,0,0,0,0,0,0,0,0,0,0,0,0,0,0,0,0,0,0,0,0,0,0,0,0,0,0,0,0,0,0,0,0,0,0,0,0,0,0,0,0,0,
hello,6_30,11_3_1,2.9152,0,0,0,2.915177,0.0000,0.0000,0.0000,0.0000,0.0000,0.0000,0,0,,,,,,,,0,0,0,0,0,0,0,0,0,0,0,0,0,0,0,0,0,0,0,0,0,0,0,0,0,0,0,0,0,0,0,0,0,0,0,0,0,0,0,0,0,0,0,0,0,0,0,0,0,0,0,
hello,6_30,11_3_1,2.9192,0,0,0,2.91923,0.0000,0.0000,0.0000,0.0000,0.0000,0.0000,0,0,,,,,,,,0,0,0,0,0,0,0,0,0,0,0,0,0,0,0,0,0,0,0,0,0,0,0,0,0,0,0,0,0,0,0,0,0,0,0,0,0,0,0,0,0,0,0,0,0,0,0,0,0,0,0,
hello,6_30,11_3_1,2.9233,0,0,0,2.92325,0.0000,0.0000,0.0000,0.0000,0.0000,0.0000,0,0,,,,,,,,0,0,0,0,0,0,0,0,0,0,0,0,0,0,0,0,0,0,0,0,0,0,0,0,0,0,0,0,0,0,0,0,0,0,0,0,0,0,0,0,0,0,0,0,0,0,0,0,0,0,0,
hello,6_30,11_3_1,2.9271,0,0,0,2.927121,0.0000,0.0000,0.0000,0.0000,0.0000,0.0000,0,0,,,,,,,,0,0,0,0,0,0,0,0,0,0,0,0,0,0,0,0,0,0,0,0,0,0,0,0,0,0,0,0,0,0,0,0,0,0,0,0,0,0,0,0,0,0,0,0,0,0,0,0,0,0,0,
hello,6_30,11_3_1,2.9304,0,0,0,2.930382,0.0000,0.0000,0.0000,0.0000,0.0000,0.0000,0,0,,,,,,,,0,0,0,0,0,0,0,0,0,0,0,0,0,0,0,0,0,0,0,0,0,0,0,0,0,0,0,0,0,0,0,0,0,0,0,0,0,0,0,0,0,0,0,0,0,0,0,0,0,0,0,
hello,6_30,11_3_1,2.9340,0,0,0,2.933962,0.0000,0.0000,0.0000,0.0000,0.0000,0.0000,0,0,,,,,,,,0,0,0,0,0,0,0,0,0,0,0,0,0,0,0,0,0,0,0,0,0,0,0,0,0,0,0,0,0,0,0,0,0,0,0,0,0,0,0,0,0,0,0,0,0,0,0,0,0,0,0,
hello,6_30,11_3_1,2.9373,0,0,0,2.937257,0.0000,0.0000,0.0000,0.0000,0.0000,0.0000,0,0,,,,,,,,0,0,0,0,0,0,0,0,0,0,0,0,0,0,0,0,0,0,0,0,0,0,0,0,0,0,0,0,0,0,0,0,0,0,0,0,0,0,0,0,0,0,0,0,0,0,0,0,0,0,0,
hello,6_30,11_3_1,2.9405,0,0,0,2.940523,0.0000,0.0000,0.0000,0.0000,0.0000,0.0000,0,0,,,,,,,,0,0,0,0,0,0,0,0,0,0,0,0,0,0,0,0,0,0,0,0,0,0,0,0,0,0,0,0,0,0,0,0,0,0,0,0,0,0,0,0,0,0,0,0,0,0,0,0,0,0,0,
hello,6_30,11_3_1,2.9439,0,0,0,2.943949,0.0000,0.0000,0.0000,0.0000,0.0000,0.0000,0,0,,,,,,,,0,0,0,0,0,0,0,0,0,0,0,0,0,0,0,0,0,0,0,0,0,0,0,0,0,0,0,0,0,0,0,0,0,0,0,0,0,0,0,0,0,0,0,0,0,0,0,0,0,0,0,
hello,6_30,11_3_1,2.9471,0,0,0,2.947064,0.0000,0.0000,0.0000,0.0000,0.0000,0.0000,0,0,,,,,,,,0,0,0,0,0,0,0,0,0,0,0,0,0,0,0,0,0,0,0,0,0,0,0,0,0,0,0,0,0,0,0,0,0,0,0,0,0,0,0,0,0,0,0,0,0,0,0,0,0,0,0,
hello,6_30,11_3_1,2.9502,0,0,0,2.950178,0.0000,0.0000,0.0000,0.0000,0.0000,0.0000,0,0,,,,,,,,0,0,0,0,0,0,0,0,0,0,0,0,0,0,0,0,0,0,0,0,0,0,0,0,0,0,0,0,0,0,0,0,0,0,0,0,0,0,0,0,0,0,0,0,0,0,0,0,0,0,0,
hello,6_30,11_3_1,2.9534,0,0,0,2.95335,0.0000,0.0000,0.0000,0.0000,0.0000,0.0000,0,0,,,,,,,,0,0,0,0,0,0,0,0,0,0,0,0,0,0,0,0,0,0,0,0,0,0,0,0,0,0,0,0,0,0,0,0,0,0,0,0,0,0,0,0,0,0,0,0,0,0,0,0,0,0,0,
hello,6_30,11_3_1,2.9565,0,0,0,2.956463,0.0000,0.0000,0.0000,0.0000,0.0000,0.0000,0,0,,,,,,,,0,0,0,0,0,0,0,0,0,0,0,0,0,0,0,0,0,0,0,0,0,0,0,0,0,0,0,0,0,0,0,0,0,0,0,0,0,0,0,0,0,0,0,0,0,0,0,0,0,0,0,
hello,6_30,11_3_1,2.9601,0,0,0,2.960058,0.0000,0.0000,0.0000,0.0000,0.0000,0.0000,0,0,,,,,,,,0,0,0,0,0,0,0,0,0,0,0,0,0,0,0,0,0,0,0,0,0,0,0,0,0,0,0,0,0,0,0,0,0,0,0,0,0,0,0,0,0,0,0,0,0,0,0,0,0,0,0,
hello,6_30,11_3_1,2.9635,0,0,0,2.963496,0.0000,0.0000,0.0000,0.0000,0.0000,0.0000,0,0,,,,,,,,0,0,0,0,0,0,0,0,0,0,0,0,0,0,0,0,0,0,0,0,0,0,0,0,0,0,0,0,0,0,0,0,0,0,0,0,0,0,0,0,0,0,0,0,0,0,0,0,0,0,0,
hello,6_30,11_3_1,2.9673,0,0,0,2.967257,0.0000,0.0000,0.0000,0.0000,0.0000,0.0000,0,0,,,,,,,,0,0,0,0,0,0,0,0,0,0,0,0,0,0,0,0,0,0,0,0,0,0,0,0,0,0,0,0,0,0,0,0,0,0,0,0,0,0,0,0,0,0,0,0,0,0,0,0,0,0,0,
hello,6_30,11_3_1,2.9716,0,0,0,2.971568,0.0000,0.0000,0.0000,0.0000,0.0000,0.0000,0,0,,,,,,,,0,0,0,0,0,0,0,0,0,0,0,0,0,0,0,0,0,0,0,0,0,0,0,0,0,0,0,0,0,0,0,0,0,0,0,0,0,0,0,0,0,0,0,0,0,0,0,0,0,0,0,
hello,6_30,11_3_1,2.9753,0,0,0,2.975336,0.0000,0.0000,0.0000,0.0000,0.0000,0.0000,0,0,,,,,,,,0,0,0,0,0,0,0,0,0,0,0,0,0,0,0,0,0,0,0,0,0,0,0,0,0,0,0,0,0,0,0,0,0,0,0,0,0,0,0,0,0,0,0,0,0,0,0,0,0,0,0,
hello,6_30,11_3_1,2.9791,0,0,0,2.979143,0.0000,0.0000,0.0000,0.0000,0.0000,0.0000,0,0,,,,,,,,0,0,0,0,0,0,0,0,0,0,0,0,0,0,0,0,0,0,0,0,0,0,0,0,0,0,0,0,0,0,0,0,0,0,0,0,0,0,0,0,0,0,0,0,0,0,0,0,0,0,0,
hello,6_30,11_3_1,2.9832,0,0,0,2.983183,0.0000,0.0000,0.0000,0.0000,0.0000,0.0000,0,0,,,,,,,,0,0,0,0,0,0,0,0,0,0,0,0,0,0,0,0,0,0,0,0,0,0,0,0,0,0,0,0,0,0,0,0,0,0,0,0,0,0,0,0,0,0,0,0,0,0,0,0,0,0,0,
hello,6_30,11_3_1,2.9876,0,0,0,2.987606,0.0000,0.0000,0.0000,0.0000,0.0000,0.0000,0,0,,,,,,,,0,0,0,0,0,0,0,0,0,0,0,0,0,0,0,0,0,0,0,0,0,0,0,0,0,0,0,0,0,0,0,0,0,0,0,0,0,0,0,0,0,0,0,0,0,0,0,0,0,0,0,
hello,6_30,11_3_1,2.9922,0,0,0,2.992208,0.0000,0.0000,0.0000,0.0000,0.0000,0.0000,0,0,,,,,,,,0,0,0,0,0,0,0,0,0,0,0,0,0,0,0,0,0,0,0,0,0,0,0,0,0,0,0,0,0,0,0,0,0,0,0,0,0,0,0,0,0,0,0,0,0,0,0,0,0,0,0,
hello,6_30,11_3_1,2.9976,0,0,0,2.997559,0.0000,0.0000,0.0000,0.0000,0.0000,0.0000,0,0,,,,,,,,0,0,0,0,0,0,0,0,0,0,0,0,0,0,0,0,0,0,0,0,0,0,0,0,0,0,0,0,0,0,0,0,0,0,0,0,0,0,0,0,0,0,0,0,0,0,0,0,0,0,0,
hello,6_30,11_3_1,3.0022,0,0,0,3.002159,0.0000,0.0000,0.0000,0.0000,0.0000,0.0000,0,0,,,,,,,,0,0,0,0,0,0,0,0,0,0,0,0,0,0,0,0,0,0,0,0,0,0,0,0,0,0,0,0,0,0,0,0,0,0,0,0,0,0,0,0,0,0,0,0,0,0,0,0,0,0,0,
hello,6_30,11_3_1,3.0083,0,0,0,3.008297,0.0000,0.0000,0.0000,0.0000,0.0000,0.0000,0,0,,,,,,,,0,0,0,0,0,0,0,0,0,0,0,0,0,0,0,0,0,0,0,0,0,0,0,0,0,0,0,0,0,0,0,0,0,0,0,0,0,0,0,0,0,0,0,0,0,0,0,0,0,0,0,
hello,6_30,11_3_1,3.0131,0,0,0,3.013134,0.0000,0.0000,0.0000,0.0000,0.0000,0.0000,0,0,,,,,,,,0,0,0,0,0,0,0,0,0,0,0,0,0,0,0,0,0,0,0,0,0,0,0,0,0,0,0,0,0,0,0,0,0,0,0,0,0,0,0,0,0,0,0,0,0,0,0,0,0,0,0,
hello,6_30,11_3_1,3.0182,0,0,0,3.018223,0.0000,0.0000,0.0000,0.0000,0.0000,0.0000,0,0,,,,,,,,0,0,0,0,0,0,0,0,0,0,0,0,0,0,0,0,0,0,0,0,0,0,0,0,0,0,0,0,0,0,0,0,0,0,0,0,0,0,0,0,0,0,0,0,0,0,0,0,0,0,0,
hello,6_30,11_3_1,3.0235,0,0,0,3.023485,0.0000,0.0000,0.0000,0.0000,0.0000,0.0000,0,0,,,,,,,,0,0,0,0,0,0,0,0,0,0,0,0,0,0,0,0,0,0,0,0,0,0,0,0,0,0,0,0,0,0,0,0,0,0,0,0,0,0,0,0,0,0,0,0,0,0,0,0,0,0,0,
hello,6_30,11_3_1,3.0341,0,0,0,3.034076,0.0000,0.0000,0.0000,0.0000,0.0000,0.0000,0,0,,,,,,,,0,0,0,0,0,0,0,0,0,0,0,0,0,0,0,0,0,0,0,0,0,0,0,0,0,0,0,0,0,0,0,0,0,0,0,0,0,0,0,0,0,0,0,0,0,0,0,0,0,0,0,
hello,6_30,11_3_1,3.0395,0,0,0,3.03951,0.0000,0.0000,0.0000,0.0000,0.0000,0.0000,0,0,,,,,,,,0,0,0,0,0,0,0,0,0,0,0,0,0,0,0,0,0,0,0,0,0,0,0,0,0,0,0,0,0,0,0,0,0,0,0,0,0,0,0,0,0,0,0,0,0,0,0,0,0,0,0,
hello,6_30,11_3_1,3.0449,0,0,0,3.044895,0.0000,0.0000,0.0000,0.0000,0.0000,0.0000,0,0,,,,,,,,0,0,0,0,0,0,0,0,0,0,0,0,0,0,0,0,0,0,0,0,0,0,0,0,0,0,0,0,0,0,0,0,0,0,0,0,0,0,0,0,0,0,0,0,0,0,0,0,0,0,0,
hello,6_30,11_3_1,3.0491,0,0,0,3.049114,0.0000,0.0000,0.0000,0.0000,0.0000,0.0000,0,0,,,,,,,,0,0,0,0,0,0,0,0,0,0,0,0,0,0,0,0,0,0,0,0,0,0,0,0,0,0,0,0,0,0,0,0,0,0,0,0,0,0,0,0,0,0,0,0,0,0,0,0,0,0,0,
hello,6_30,11_3_1,3.0532,0,0,0,3.053236,0.0000,0.0000,0.0000,0.0000,0.0000,0.0000,0,0,,,,,,,,0,0,0,0,0,0,0,0,0,0,0,0,0,0,0,0,0,0,0,0,0,0,0,0,0,0,0,0,0,0,0,0,0,0,0,0,0,0,0,0,0,0,0,0,0,0,0,0,0,0,0,
hello,6_30,11_3_1,3.0573,0,0,0,3.057323,0.0000,0.0000,0.0000,0.0000,0.0000,0.0000,0,0,,,,,,,,0,0,0,0,0,0,0,0,0,0,0,0,0,0,0,0,0,0,0,0,0,0,0,0,0,0,0,0,0,0,0,0,0,0,0,0,0,0,0,0,0,0,0,0,0,0,0,0,0,0,0,
hello,6_30,11_3_1,3.0613,0,0,0,3.061271,0.0000,0.0000,0.0000,0.0000,0.0000,0.0000,0,0,,,,,,,,0,0,0,0,0,0,0,0,0,0,0,0,0,0,0,0,0,0,0,0,0,0,0,0,0,0,0,0,0,0,0,0,0,0,0,0,0,0,0,0,0,0,0,0,0,0,0,0,0,0,0,
hello,6_30,11_3_1,3.0648,0,0,0,3.064799,0.0000,0.0000,0.0000,0.0000,0.0000,0.0000,0,0,,,,,,,,0,0,0,0,0,0,0,0,0,0,0,0,0,0,0,0,0,0,0,0,0,0,0,0,0,0,0,0,0,0,0,0,0,0,0,0,0,0,0,0,0,0,0,0,0,0,0,0,0,0,0,
hello,6_30,11_3_1,3.0684,0,0,0,3.068429,0.0000,0.0000,0.0000,0.0000,0.0000,0.0000,0,0,,,,,,,,0,0,0,0,0,0,0,0,0,0,0,0,0,0,0,0,0,0,0,0,0,0,0,0,0,0,0,0,0,0,0,0,0,0,0,0,0,0,0,0,0,0,0,0,0,0,0,0,0,0,0,
hello,6_30,11_3_1,3.0722,0,0,0,3.072217,0.0000,0.0000,0.0000,0.0000,0.0000,0.0000,0,0,,,,,,,,0,0,0,0,0,0,0,0,0,0,0,0,0,0,0,0,0,0,0,0,0,0,0,0,0,0,0,0,0,0,0,0,0,0,0,0,0,0,0,0,0,0,0,0,0,0,0,0,0,0,0,
hello,6_30,11_3_1,3.0763,0,0,0,3.07625,0.0000,0.0000,0.0000,0.0000,0.0000,0.0000,0,0,,,,,,,,0,0,0,0,0,0,0,0,0,0,0,0,0,0,0,0,0,0,0,0,0,0,0,0,0,0,0,0,0,0,0,0,0,0,0,0,0,0,0,0,0,0,0,0,0,0,0,0,0,0,0,
hello,6_30,11_3_1,3.0804,0,0,0,3.080441,0.0000,0.0000,0.0000,0.0000,0.0000,0.0000,0,0,,,,,,,,0,0,0,0,0,0,0,0,0,0,0,0,0,0,0,0,0,0,0,0,0,0,0,0,0,0,0,0,0,0,0,0,0,0,0,0,0,0,0,0,0,0,0,0,0,0,0,0,0,0,0,
hello,6_30,11_3_1,3.0842,0,0,0,3.084192,0.0000,0.0000,0.0000,0.0000,0.0000,0.0000,0,0,,,,,,,,0,0,0,0,0,0,0,0,0,0,0,0,0,0,0,0,0,0,0,0,0,0,0,0,0,0,0,0,0,0,0,0,0,0,0,0,0,0,0,0,0,0,0,0,0,0,0,0,0,0,0,
hello,6_30,11_3_1,3.0881,0,0,0,3.088146,0.0000,0.0000,0.0000,0.0000,0.0000,0.0000,0,0,,,,,,,,0,0,0,0,0,0,0,0,0,0,0,0,0,0,0,0,0,0,0,0,0,0,0,0,0,0,0,0,0,0,0,0,0,0,0,0,0,0,0,0,0,0,0,0,0,0,0,0,0,0,0,
hello,6_30,11_3_1,3.0921,0,0,0,3.092087,0.0000,0.0000,0.0000,0.0000,0.0000,0.0000,0,0,,,,,,,,0,0,0,0,0,0,0,0,0,0,0,0,0,0,0,0,0,0,0,0,0,0,0,0,0,0,0,0,0,0,0,0,0,0,0,0,0,0,0,0,0,0,0,0,0,0,0,0,0,0,0,
hello,6_30,11_3_1,3.0959,0,0,0,3.095864,0.0000,0.0000,0.0000,0.0000,0.0000,0.0000,0,0,,,,,,,,0,0,0,0,0,0,0,0,0,0,0,0,0,0,0,0,0,0,0,0,0,0,0,0,0,0,0,0,0,0,0,0,0,0,0,0,0,0,0,0,0,0,0,0,0,0,0,0,0,0,0,
hello,6_30,11_3_1,3.1000,0,0,0,3.099976,0.0000,0.0000,0.0000,0.0000,0.0000,0.0000,0,0,,,,,,,,0,0,0,0,0,0,0,0,0,0,0,0,0,0,0,0,0,0,0,0,0,0,0,0,0,0,0,0,0,0,0,0,0,0,0,0,0,0,0,0,0,0,0,0,0,0,0,0,0,0,0,
hello,6_30,11_3_1,3.1038,0,0,0,3.103822,0.0000,0.0000,0.0000,0.0000,0.0000,0.0000,0,0,,,,,,,,0,0,0,0,0,0,0,0,0,0,0,0,0,0,0,0,0,0,0,0,0,0,0,0,0,0,0,0,0,0,0,0,0,0,0,0,0,0,0,0,0,0,0,0,0,0,0,0,0,0,0,
hello,6_30,11_3_1,3.1076,0,0,0,3.107563,0.0000,0.0000,0.0000,0.0000,0.0000,0.0000,0,0,,,,,,,,0,0,0,0,0,0,0,0,0,0,0,0,0,0,0,0,0,0,0,0,0,0,0,0,0,0,0,0,0,0,0,0,0,0,0,0,0,0,0,0,0,0,0,0,0,0,0,0,0,0,0,
hello,6_30,11_3_1,3.1112,0,0,0,3.11116,0.0000,0.0000,0.0000,0.0000,0.0000,0.0000,0,0,,,,,,,,0,0,0,0,0,0,0,0,0,0,0,0,0,0,0,0,0,0,0,0,0,0,0,0,0,0,0,0,0,0,0,0,0,0,0,0,0,0,0,0,0,0,0,0,0,0,0,0,0,0,0,
hello,6_30,11_3_1,3.1152,0,0,0,3.115195,0.0000,0.0000,0.0000,0.0000,0.0000,0.0000,0,0,,,,,,,,0,0,0,0,0,0,0,0,0,0,0,0,0,0,0,0,0,0,0,0,0,0,0,0,0,0,0,0,0,0,0,0,0,0,0,0,0,0,0,0,0,0,0,0,0,0,0,0,0,0,0,
hello,6_30,11_3_1,3.1201,0,0,0,3.120088,0.0000,0.0000,0.0000,0.0000,0.0000,0.0000,0,0,,,,,,,,0,0,0,0,0,0,0,0,0,0,0,0,0,0,0,0,0,0,0,0,0,0,0,0,0,0,0,0,0,0,0,0,0,0,0,0,0,0,0,0,0,0,0,0,0,0,0,0,0,0,0,
hello,6_30,11_3_1,3.1241,0,0,0,3.12411,0.0000,0.0000,0.0000,0.0000,0.0000,0.0000,0,0,,,,,,,,0,0,0,0,0,0,0,0,0,0,0,0,0,0,0,0,0,0,0,0,0,0,0,0,0,0,0,0,0,0,0,0,0,0,0,0,0,0,0,0,0,0,0,0,0,0,0,0,0,0,0,
hello,6_30,11_3_1,3.1281,0,0,0,3.128058,0.0000,0.0000,0.0000,0.0000,0.0000,0.0000,0,0,,,,,,,,0,0,0,0,0,0,0,0,0,0,0,0,0,0,0,0,0,0,0,0,0,0,0,0,0,0,0,0,0,0,0,0,0,0,0,0,0,0,0,0,0,0,0,0,0,0,0,0,0,0,0,
hello,6_30,11_3_1,3.1315,0,0,0,3.131484,0.0000,0.0000,0.0000,0.0000,0.0000,0.0000,0,0,,,,,,,,0,0,0,0,0,0,0,0,0,0,0,0,0,0,0,0,0,0,0,0,0,0,0,0,0,0,0,0,0,0,0,0,0,0,0,0,0,0,0,0,0,0,0,0,0,0,0,0,0,0,0,
hello,6_30,11_3_1,3.1357,0,0,0,3.135722,0.0000,0.0000,0.0000,0.0000,0.0000,0.0000,0,0,,,,,,,,0,0,0,0,0,0,0,0,0,0,0,0,0,0,0,0,0,0,0,0,0,0,0,0,0,0,0,0,0,0,0,0,0,0,0,0,0,0,0,0,0,0,0,0,0,0,0,0,0,0,0,
hello,6_30,11_3_1,3.1404,0,0,0,3.14041,0.0000,0.0000,0.0000,0.0000,0.0000,0.0000,0,0,,,,,,,,0,0,0,0,0,0,0,0,0,0,0,0,0,0,0,0,0,0,0,0,0,0,0,0,0,0,0,0,0,0,0,0,0,0,0,0,0,0,0,0,0,0,0,0,0,0,0,0,0,0,0,
hello,6_30,11_3_1,3.1444,0,0,0,3.144391,0.0000,0.0000,0.0000,0.0000,0.0000,0.0000,0,0,,,,,,,,0,0,0,0,0,0,0,0,0,0,0,0,0,0,0,0,0,0,0,0,0,0,0,0,0,0,0,0,0,0,0,0,0,0,0,0,0,0,0,0,0,0,0,0,0,0,0,0,0,0,0,
hello,6_30,11_3_1,3.1485,0,0,0,3.148531,0.0000,0.0000,0.0000,0.0000,0.0000,0.0000,0,0,,,,,,,,0,0,0,0,0,0,0,0,0,0,0,0,0,0,0,0,0,0,0,0,0,0,0,0,0,0,0,0,0,0,0,0,0,0,0,0,0,0,0,0,0,0,0,0,0,0,0,0,0,0,0,
hello,6_30,11_3_1,3.1532,0,0,0,3.153232,0.0000,0.0000,0.0000,0.0000,0.0000,0.0000,0,0,,,,,,,,0,0,0,0,0,0,0,0,0,0,0,0,0,0,0,0,0,0,0,0,0,0,0,0,0,0,0,0,0,0,0,0,0,0,0,0,0,0,0,0,0,0,0,0,0,0,0,0,0,0,0,
hello,6_30,11_3_1,3.1581,0,0,0,3.158054,0.0000,0.0000,0.0000,0.0000,0.0000,0.0000,0,0,,,,,,,,0,0,0,0,0,0,0,0,0,0,0,0,0,0,0,0,0,0,0,0,0,0,0,0,0,0,0,0,0,0,0,0,0,0,0,0,0,0,0,0,0,0,0,0,0,0,0,0,0,0,0,
hello,6_30,11_3_1,3.1632,0,0,0,3.163151,0.0000,0.0000,0.0000,0.0000,0.0000,0.0000,0,0,,,,,,,,0,0,0,0,0,0,0,0,0,0,0,0,0,0,0,0,0,0,0,0,0,0,0,0,0,0,0,0,0,0,0,0,0,0,0,0,0,0,0,0,0,0,0,0,0,0,0,0,0,0,0,
hello,6_30,11_3_1,3.1682,0,0,0,3.16821,0.0000,0.0000,0.0000,0.0000,0.0000,0.0000,0,0,,,,,,,,0,0,0,0,0,0,0,0,0,0,0,0,0,0,0,0,0,0,0,0,0,0,0,0,0,0,0,0,0,0,0,0,0,0,0,0,0,0,0,0,0,0,0,0,0,0,0,0,0,0,0,
hello,6_30,11_3_1,3.1735,0,0,0,3.17354,0.0000,0.0000,0.0000,0.0000,0.0000,0.0000,0,0,,,,,,,,0,0,0,0,0,0,0,0,0,0,0,0,0,0,0,0,0,0,0,0,0,0,0,0,0,0,0,0,0,0,0,0,0,0,0,0,0,0,0,0,0,0,0,0,0,0,0,0,0,0,0,
hello,6_30,11_3_1,3.1784,0,0,0,3.17837,0.0000,0.0000,0.0000,0.0000,0.0000,0.0000,0,0,,,,,,,,0,0,0,0,0,0,0,0,0,0,0,0,0,0,0,0,0,0,0,0,0,0,0,0,0,0,0,0,0,0,0,0,0,0,0,0,0,0,0,0,0,0,0,0,0,0,0,0,0,0,0,
hello,6_30,11_3_1,3.1828,0,0,0,3.182808,0.0000,0.0000,0.0000,0.0000,0.0000,0.0000,0,0,,,,,,,,0,0,0,0,0,0,0,0,0,0,0,0,0,0,0,0,0,0,0,0,0,0,0,0,0,0,0,0,0,0,0,0,0,0,0,0,0,0,0,0,0,0,0,0,0,0,0,0,0,0,0,
hello,6_30,11_3_1,3.1889,0,0,0,3.188933,0.0000,0.0000,0.0000,0.0000,0.0000,0.0000,0,0,,,,,,,,0,0,0,0,0,0,0,0,0,0,0,0,0,0,0,0,0,0,0,0,0,0,0,0,0,0,0,0,0,0,0,0,0,0,0,0,0,0,0,0,0,0,0,0,0,0,0,0,0,0,0,
hello,6_30,11_3_1,3.1932,0,0,0,3.193233,0.0000,0.0000,0.0000,0.0000,0.0000,0.0000,0,0,,,,,,,,0,0,0,0,0,0,0,0,0,0,0,0,0,0,0,0,0,0,0,0,0,0,0,0,0,0,0,0,0,0,0,0,0,0,0,0,0,0,0,0,0,0,0,0,0,0,0,0,0,0,0,
hello,6_30,11_3_1,3.1971,0,0,0,3.197098,0.0000,0.0000,0.0000,0.0000,0.0000,0.0000,0,0,,,,,,,,0,0,0,0,0,0,0,0,0,0,0,0,0,0,0,0,0,0,0,0,0,0,0,0,0,0,0,0,0,0,0,0,0,0,0,0,0,0,0,0,0,0,0,0,0,0,0,0,0,0,0,
hello,6_30,11_3_1,3.2006,0,0,0,3.200607,0.0000,0.0000,0.0000,0.0000,0.0000,0.0000,0,0,,,,,,,,0,0,0,0,0,0,0,0,0,0,0,0,0,0,0,0,0,0,0,0,0,0,0,0,0,0,0,0,0,0,0,0,0,0,0,0,0,0,0,0,0,0,0,0,0,0,0,0,0,0,0,
hello,6_30,11_3_1,3.2046,0,0,0,3.204561,0.0000,0.0000,0.0000,0.0000,0.0000,0.0000,0,0,,,,,,,,0,0,0,0,0,0,0,0,0,0,0,0,0,0,0,0,0,0,0,0,0,0,0,0,0,0,0,0,0,0,0,0,0,0,0,0,0,0,0,0,0,0,0,0,0,0,0,0,0,0,0,
hello,6_30,11_3_1,3.2082,0,0,0,3.208166,0.0000,0.0000,0.0000,0.0000,0.0000,0.0000,0,0,,,,,,,,0,0,0,0,0,0,0,0,0,0,0,0,0,0,0,0,0,0,0,0,0,0,0,0,0,0,0,0,0,0,0,0,0,0,0,0,0,0,0,0,0,0,0,0,0,0,0,0,0,0,0,
hello,6_30,11_3_1,3.2120,0,0,0,3.212004,0.0000,0.0000,0.0000,0.0000,0.0000,0.0000,0,0,,,,,,,,0,0,0,0,0,0,0,0,0,0,0,0,0,0,0,0,0,0,0,0,0,0,0,0,0,0,0,0,0,0,0,0,0,0,0,0,0,0,0,0,0,0,0,0,0,0,0,0,0,0,0,
hello,6_30,11_3_1,3.2158,0,0,0,3.215796,0.0000,0.0000,0.0000,0.0000,0.0000,0.0000,0,0,,,,,,,,0,0,0,0,0,0,0,0,0,0,0,0,0,0,0,0,0,0,0,0,0,0,0,0,0,0,0,0,0,0,0,0,0,0,0,0,0,0,0,0,0,0,0,0,0,0,0,0,0,0,0,
hello,6_30,11_3_1,3.2194,0,0,0,3.21942,0.0000,0.0000,0.0000,0.0000,0.0000,0.0000,0,0,,,,,,,,0,0,0,0,0,0,0,0,0,0,0,0,0,0,0,0,0,0,0,0,0,0,0,0,0,0,0,0,0,0,0,0,0,0,0,0,0,0,0,0,0,0,0,0,0,0,0,0,0,0,0,
hello,6_30,11_3_1,3.2226,0,0,0,3.22264,0.0000,0.0000,0.0000,0.0000,0.0000,0.0000,0,0,,,,,,,,0,0,0,0,0,0,0,0,0,0,0,0,0,0,0,0,0,0,0,0,0,0,0,0,0,0,0,0,0,0,0,0,0,0,0,0,0,0,0,0,0,0,0,0,0,0,0,0,0,0,0,
hello,6_30,11_3_1,3.2262,0,0,0,3.226201,0.0000,0.0000,0.0000,0.0000,0.0000,0.0000,0,0,,,,,,,,0,0,0,0,0,0,0,0,0,0,0,0,0,0,0,0,0,0,0,0,0,0,0,0,0,0,0,0,0,0,0,0,0,0,0,0,0,0,0,0,0,0,0,0,0,0,0,0,0,0,0,
hello,6_30,11_3_1,3.2345,0,0,0,3.234482,0.0000,0.0000,0.0000,0.0000,0.0000,0.0000,0,0,,,,,,,,0,0,0,0,0,0,0,0,0,0,0,0,0,0,0,0,0,0,0,0,0,0,0,0,0,0,0,0,0,0,0,0,0,0,0,0,0,0,0,0,0,0,0,0,0,0,0,0,0,0,0,
hello,6_30,11_3_1,3.2384,0,0,0,3.2384,0.0000,0.0000,0.0000,0.0000,0.0000,0.0000,0,0,,,,,,,,0,0,0,0,0,0,0,0,0,0,0,0,0,0,0,0,0,0,0,0,0,0,0,0,0,0,0,0,0,0,0,0,0,0,0,0,0,0,0,0,0,0,0,0,0,0,0,0,0,0,0,
hello,6_30,11_3_1,3.2424,0,0,0,3.242393,0.0000,0.0000,0.0000,0.0000,0.0000,0.0000,0,0,,,,,,,,0,0,0,0,0,0,0,0,0,0,0,0,0,0,0,0,0,0,0,0,0,0,0,0,0,0,0,0,0,0,0,0,0,0,0,0,0,0,0,0,0,0,0,0,0,0,0,0,0,0,0,
hello,6_30,11_3_1,3.2470,0,0,0,3.246975,0.0000,0.0000,0.0000,0.0000,0.0000,0.0000,0,0,,,,,,,,0,0,0,0,0,0,0,0,0,0,0,0,0,0,0,0,0,0,0,0,0,0,0,0,0,0,0,0,0,0,0,0,0,0,0,0,0,0,0,0,0,0,0,0,0,0,0,0,0,0,0,
hello,6_30,11_3_1,3.2512,0,0,0,3.25121,0.0000,0.0000,0.0000,0.0000,0.0000,0.0000,0,0,,,,,,,,0,0,0,0,0,0,0,0,0,0,0,0,0,0,0,0,0,0,0,0,0,0,0,0,0,0,0,0,0,0,0,0,0,0,0,0,0,0,0,0,0,0,0,0,0,0,0,0,0,0,0,
hello,6_30,11_3_1,3.2552,0,0,0,3.25521,0.0000,0.0000,0.0000,0.0000,0.0000,0.0000,0,0,,,,,,,,0,0,0,0,0,0,0,0,0,0,0,0,0,0,0,0,0,0,0,0,0,0,0,0,0,0,0,0,0,0,0,0,0,0,0,0,0,0,0,0,0,0,0,0,0,0,0,0,0,0,0,
hello,6_30,11_3_1,3.2594,0,0,0,3.259361,0.0000,0.0000,0.0000,0.0000,0.0000,0.0000,0,0,,,,,,,,0,0,0,0,0,0,0,0,0,0,0,0,0,0,0,0,0,0,0,0,0,0,0,0,0,0,0,0,0,0,0,0,0,0,0,0,0,0,0,0,0,0,0,0,0,0,0,0,0,0,0,
hello,6_30,11_3_1,3.2636,0,0,0,3.263566,0.0000,0.0000,0.0000,0.0000,0.0000,0.0000,0,0,,,,,,,,0,0,0,0,0,0,0,0,0,0,0,0,0,0,0,0,0,0,0,0,0,0,0,0,0,0,0,0,0,0,0,0,0,0,0,0,0,0,0,0,0,0,0,0,0,0,0,0,0,0,0,
hello,6_30,11_3_1,3.2683,0,0,0,3.268273,0.0000,0.0000,0.0000,0.0000,0.0000,0.0000,0,0,,,,,,,,0,0,0,0,0,0,0,0,0,0,0,0,0,0,0,0,0,0,0,0,0,0,0,0,0,0,0,0,0,0,0,0,0,0,0,0,0,0,0,0,0,0,0,0,0,0,0,0,0,0,0,
hello,6_30,11_3_1,3.2734,0,0,0,3.273423,0.0000,0.0000,0.0000,0.0000,0.0000,0.0000,0,0,,,,,,,,0,0,0,0,0,0,0,0,0,0,0,0,0,0,0,0,0,0,0,0,0,0,0,0,0,0,0,0,0,0,0,0,0,0,0,0,0,0,0,0,0,0,0,0,0,0,0,0,0,0,0,
hello,6_30,11_3_1,3.2792,0,0,0,3.279183,0.0000,0.0000,0.0000,0.0000,0.0000,0.0000,0,0,,,,,,,,0,0,0,0,0,0,0,0,0,0,0,0,0,0,0,0,0,0,0,0,0,0,0,0,0,0,0,0,0,0,0,0,0,0,0,0,0,0,0,0,0,0,0,0,0,0,0,0,0,0,0,
hello,6_30,11_3_1,3.2909,0,0,0,3.290925,0.0000,0.0000,0.0000,0.0000,0.0000,0.0000,0,0,,,,,,,,0,0,0,0,0,0,0,0,0,0,0,0,0,0,0,0,0,0,0,0,0,0,0,0,0,0,0,0,0,0,0,0,0,0,0,0,0,0,0,0,0,0,0,0,0,0,0,0,0,0,0,
hello,6_30,11_3_1,3.2961,0,0,0,3.296088,0.0000,0.0000,0.0000,0.0000,0.0000,0.0000,0,0,,,,,,,,0,0,0,0,0,0,0,0,0,0,0,0,0,0,0,0,0,0,0,0,0,0,0,0,0,0,0,0,0,0,0,0,0,0,0,0,0,0,0,0,0,0,0,0,0,0,0,0,0,0,0,
hello,6_30,11_3_1,3.3012,0,0,0,3.301195,0.0000,0.0000,0.0000,0.0000,0.0000,0.0000,0,0,,,,,,,,0,0,0,0,0,0,0,0,0,0,0,0,0,0,0,0,0,0,0,0,0,0,0,0,0,0,0,0,0,0,0,0,0,0,0,0,0,0,0,0,0,0,0,0,0,0,0,0,0,0,0,
hello,6_30,11_3_1,3.3065,0,0,0,3.30649,0.0000,0.0000,0.0000,0.0000,0.0000,0.0000,0,0,,,,,,,,0,0,0,0,0,0,0,0,0,0,0,0,0,0,0,0,0,0,0,0,0,0,0,0,0,0,0,0,0,0,0,0,0,0,0,0,0,0,0,0,0,0,0,0,0,0,0,0,0,0,0,
hello,6_30,11_3_1,3.3113,0,0,0,3.311311,0.0000,0.0000,0.0000,0.0000,0.0000,0.0000,0,0,,,,,,,,0,0,0,0,0,0,0,0,0,0,0,0,0,0,0,0,0,0,0,0,0,0,0,0,0,0,0,0,0,0,0,0,0,0,0,0,0,0,0,0,0,0,0,0,0,0,0,0,0,0,0,
hello,6_30,11_3_1,3.3162,0,0,0,3.316249,0.0000,0.0000,0.0000,0.0000,0.0000,0.0000,0,0,,,,,,,,0,0,0,0,0,0,0,0,0,0,0,0,0,0,0,0,0,0,0,0,0,0,0,0,0,0,0,0,0,0,0,0,0,0,0,0,0,0,0,0,0,0,0,0,0,0,0,0,0,0,0,
hello,6_30,11_3_1,3.3211,0,0,0,3.321126,0.0000,0.0000,0.0000,0.0000,0.0000,0.0000,0,0,,,,,,,,0,0,0,0,0,0,0,0,0,0,0,0,0,0,0,0,0,0,0,0,0,0,0,0,0,0,0,0,0,0,0,0,0,0,0,0,0,0,0,0,0,0,0,0,0,0,0,0,0,0,0,
hello,6_30,11_3_1,3.3271,0,0,0,3.327139,0.0000,0.0000,0.0000,0.0000,0.0000,0.0000,0,0,,,,,,,,0,0,0,0,0,0,0,0,0,0,0,0,0,0,0,0,0,0,0,0,0,0,0,0,0,0,0,0,0,0,0,0,0,0,0,0,0,0,0,0,0,0,0,0,0,0,0,0,0,0,0,
hello,6_30,11_3_1,3.3322,0,0,0,3.332248,0.0000,0.0000,0.0000,0.0000,0.0000,0.0000,0,0,,,,,,,,0,0,0,0,0,0,0,0,0,0,0,0,0,0,0,0,0,0,0,0,0,0,0,0,0,0,0,0,0,0,0,0,0,0,0,0,0,0,0,0,0,0,0,0,0,0,0,0,0,0,0,
hello,6_30,11_3_1,3.3373,0,0,0,3.33732,0.0000,0.0000,0.0000,0.0000,0.0000,0.0000,0,0,,,,,,,,0,0,0,0,0,0,0,0,0,0,0,0,0,0,0,0,0,0,0,0,0,0,0,0,0,0,0,0,0,0,0,0,0,0,0,0,0,0,0,0,0,0,0,0,0,0,0,0,0,0,0,
hello,6_30,11_3_1,3.3424,0,0,0,3.342415,0.0000,0.0000,0.0000,0.0000,0.0000,0.0000,0,0,,,,,,,,0,0,0,0,0,0,0,0,0,0,0,0,0,0,0,0,0,0,0,0,0,0,0,0,0,0,0,0,0,0,0,0,0,0,0,0,0,0,0,0,0,0,0,0,0,0,0,0,0,0,0,
hello,6_30,11_3_1,3.3463,0,0,0,3.346297,0.0000,0.0000,0.0000,0.0000,0.0000,0.0000,0,0,,,,,,,,0,0,0,0,0,0,0,0,0,0,0,0,0,0,0,0,0,0,0,0,0,0,0,0,0,0,0,0,0,0,0,0,0,0,0,0,0,0,0,0,0,0,0,0,0,0,0,0,0,0,0,
hello,6_30,11_3_1,3.3503,0,0,0,3.350312,0.0000,0.0000,0.0000,0.0000,0.0000,0.0000,0,0,,,,,,,,0,0,0,0,0,0,0,0,0,0,0,0,0,0,0,0,0,0,0,0,0,0,0,0,0,0,0,0,0,0,0,0,0,0,0,0,0,0,0,0,0,0,0,0,0,0,0,0,0,0,0,
hello,6_30,11_3_1,3.3551,0,0,0,3.355097,0.0000,0.0000,0.0000,0.0000,0.0000,0.0000,0,0,,,,,,,,0,0,0,0,0,0,0,0,0,0,0,0,0,0,0,0,0,0,0,0,0,0,0,0,0,0,0,0,0,0,0,0,0,0,0,0,0,0,0,0,0,0,0,0,0,0,0,0,0,0,0,
hello,6_30,11_3_1,3.3593,0,0,0,3.359265,0.0000,0.0000,0.0000,0.0000,0.0000,0.0000,0,0,,,,,,,,0,0,0,0,0,0,0,0,0,0,0,0,0,0,0,0,0,0,0,0,0,0,0,0,0,0,0,0,0,0,0,0,0,0,0,0,0,0,0,0,0,0,0,0,0,0,0,0,0,0,0,
hello,6_30,11_3_1,3.3631,0,0,0,3.363074,0.0000,0.0000,0.0000,0.0000,0.0000,0.0000,0,0,,,,,,,,0,0,0,0,0,0,0,0,0,0,0,0,0,0,0,0,0,0,0,0,0,0,0,0,0,0,0,0,0,0,0,0,0,0,0,0,0,0,0,0,0,0,0,0,0,0,0,0,0,0,0,
hello,6_30,11_3_1,3.3673,0,0,0,3.367269,0.0000,0.0000,0.0000,0.0000,0.0000,0.0000,0,0,,,,,,,,0,0,0,0,0,0,0,0,0,0,0,0,0,0,0,0,0,0,0,0,0,0,0,0,0,0,0,0,0,0,0,0,0,0,0,0,0,0,0,0,0,0,0,0,0,0,0,0,0,0,0,
hello,6_30,11_3_1,3.3715,0,0,0,3.371546,0.0000,0.0000,0.0000,0.0000,0.0000,0.0000,0,0,,,,,,,,0,0,0,0,0,0,0,0,0,0,0,0,0,0,0,0,0,0,0,0,0,0,0,0,0,0,0,0,0,0,0,0,0,0,0,0,0,0,0,0,0,0,0,0,0,0,0,0,0,0,0,
hello,6_30,11_3_1,3.3756,0,0,0,3.375559,0.0000,0.0000,0.0000,0.0000,0.0000,0.0000,0,0,,,,,,,,0,0,0,0,0,0,0,0,0,0,0,0,0,0,0,0,0,0,0,0,0,0,0,0,0,0,0,0,0,0,0,0,0,0,0,0,0,0,0,0,0,0,0,0,0,0,0,0,0,0,0,
hello,6_30,11_3_1,3.3792,0,0,0,3.379181,0.0000,0.0000,0.0000,0.0000,0.0000,0.0000,0,0,,,,,,,,0,0,0,0,0,0,0,0,0,0,0,0,0,0,0,0,0,0,0,0,0,0,0,0,0,0,0,0,0,0,0,0,0,0,0,0,0,0,0,0,0,0,0,0,0,0,0,0,0,0,0,
hello,6_30,11_3_1,3.3831,0,0,0,3.383069,0.0000,0.0000,0.0000,0.0000,0.0000,0.0000,0,0,,,,,,,,0,0,0,0,0,0,0,0,0,0,0,0,0,0,0,0,0,0,0,0,0,0,0,0,0,0,0,0,0,0,0,0,0,0,0,0,0,0,0,0,0,0,0,0,0,0,0,0,0,0,0,
hello,6_30,11_3_1,3.3871,0,0,0,3.387063,0.0000,0.0000,0.0000,0.0000,0.0000,0.0000,0,0,,,,,,,,0,0,0,0,0,0,0,0,0,0,0,0,0,0,0,0,0,0,0,0,0,0,0,0,0,0,0,0,0,0,0,0,0,0,0,0,0,0,0,0,0,0,0,0,0,0,0,0,0,0,0,
hello,6_30,11_3_1,3.3906,0,0,0,3.390609,0.0000,0.0000,0.0000,0.0000,0.0000,0.0000,0,0,,,,,,,,0,0,0,0,0,0,0,0,0,0,0,0,0,0,0,0,0,0,0,0,0,0,0,0,0,0,0,0,0,0,0,0,0,0,0,0,0,0,0,0,0,0,0,0,0,0,0,0,0,0,0,
hello,6_30,11_3_1,3.3943,0,0,0,3.394343,0.0000,0.0000,0.0000,0.0000,0.0000,0.0000,0,0,,,,,,,,0,0,0,0,0,0,0,0,0,0,0,0,0,0,0,0,0,0,0,0,0,0,0,0,0,0,0,0,0,0,0,0,0,0,0,0,0,0,0,0,0,0,0,0,0,0,0,0,0,0,0,
hello,6_30,11_3_1,3.3995,0,0,0,3.399498,0.0000,0.0000,0.0000,0.0000,0.0000,0.0000,0,0,,,,,,,,0,0,0,0,0,0,0,0,0,0,0,0,0,0,0,0,0,0,0,0,0,0,0,0,0,0,0,0,0,0,0,0,0,0,0,0,0,0,0,0,0,0,0,0,0,0,0,0,0,0,0,
hello,6_30,11_3_1,3.4044,0,0,0,3.404399,0.0000,0.0000,0.0000,0.0000,0.0000,0.0000,0,0,,,,,,,,0,0,0,0,0,0,0,0,0,0,0,0,0,0,0,0,0,0,0,0,0,0,0,0,0,0,0,0,0,0,0,0,0,0,0,0,0,0,0,0,0,0,0,0,0,0,0,0,0,0,0,
hello,6_30,11_3_1,3.4084,0,0,0,3.408415,0.0000,0.0000,0.0000,0.0000,0.0000,0.0000,0,0,,,,,,,,0,0,0,0,0,0,0,0,0,0,0,0,0,0,0,0,0,0,0,0,0,0,0,0,0,0,0,0,0,0,0,0,0,0,0,0,0,0,0,0,0,0,0,0,0,0,0,0,0,0,0,
hello,6_30,11_3_1,3.4131,0,0,0,3.413135,0.0000,0.0000,0.0000,0.0000,0.0000,0.0000,0,0,,,,,,,,0,0,0,0,0,0,0,0,0,0,0,0,0,0,0,0,0,0,0,0,0,0,0,0,0,0,0,0,0,0,0,0,0,0,0,0,0,0,0,0,0,0,0,0,0,0,0,0,0,0,0,
hello,6_30,11_3_1,3.4181,0,0,0,3.418125,0.0000,0.0000,0.0000,0.0000,0.0000,0.0000,0,0,,,,,,,,0,0,0,0,0,0,0,0,0,0,0,0,0,0,0,0,0,0,0,0,0,0,0,0,0,0,0,0,0,0,0,0,0,0,0,0,0,0,0,0,0,0,0,0,0,0,0,0,0,0,0,
hello,6_30,11_3_1,3.4232,0,0,0,3.423151,0.0000,0.0000,0.0000,0.0000,0.0000,0.0000,0,0,,,,,,,,0,0,0,0,0,0,0,0,0,0,0,0,0,0,0,0,0,0,0,0,0,0,0,0,0,0,0,0,0,0,0,0,0,0,0,0,0,0,0,0,0,0,0,0,0,0,0,0,0,0,0,
hello,6_30,11_3_1,3.4286,0,0,0,3.428585,0.0000,0.0000,0.0000,0.0000,0.0000,0.0000,0,0,,,,,,,,0,0,0,0,0,0,0,0,0,0,0,0,0,0,0,0,0,0,0,0,0,0,0,0,0,0,0,0,0,0,0,0,0,0,0,0,0,0,0,0,0,0,0,0,0,0,0,0,0,0,0,
hello,6_30,11_3_1,3.4396,0,0,0,3.439612,0.0000,0.0000,0.0000,0.0000,0.0000,0.0000,0,0,,,,,,,,0,0,0,0,0,0,0,0,0,0,0,0,0,0,0,0,0,0,0,0,0,0,0,0,0,0,0,0,0,0,0,0,0,0,0,0,0,0,0,0,0,0,0,0,0,0,0,0,0,0,0,
hello,6_30,11_3_1,3.4443,0,0,0,3.444329,0.0000,0.0000,0.0000,0.0000,0.0000,0.0000,0,0,,,,,,,,0,0,0,0,0,0,0,0,0,0,0,0,0,0,0,0,0,0,0,0,0,0,0,0,0,0,0,0,0,0,0,0,0,0,0,0,0,0,0,0,0,0,0,0,0,0,0,0,0,0,0,
hello,6_30,11_3_1,3.4494,0,0,0,3.44943,0.0000,0.0000,0.0000,0.0000,0.0000,0.0000,0,0,,,,,,,,0,0,0,0,0,0,0,0,0,0,0,0,0,0,0,0,0,0,0,0,0,0,0,0,0,0,0,0,0,0,0,0,0,0,0,0,0,0,0,0,0,0,0,0,0,0,0,0,0,0,0,
hello,6_30,11_3_1,3.4543,0,0,0,3.45427,0.0000,0.0000,0.0000,0.0000,0.0000,0.0000,0,0,,,,,,,,0,0,0,0,0,0,0,0,0,0,0,0,0,0,0,0,0,0,0,0,0,0,0,0,0,0,0,0,0,0,0,0,0,0,0,0,0,0,0,0,0,0,0,0,0,0,0,0,0,0,0,
hello,6_30,11_3_2,3.4591,0,0,0,3.459059,0.0000,0.0000,0.0000,0.0000,0.0000,0.0000,0,0,,,,,,,,0,0,0,0,0,0,0,0,0,0,0,0,0,0,0,0,0,0,0,0,0,0,0,0,0,0,0,0,0,0,0,0,0,0,0,0,0,0,0,0,0,0,0,0,0,0,0,0,0,0,0,
hello,6_30,11_3_2,3.4643,0,0,0,3.464309,0.0000,0.0000,0.0000,0.0000,0.0000,0.0000,0,0,,,,,,,,0,0,0,0,0,0,0,0,0,0,0,0,0,0,0,0,0,0,0,0,0,0,0,0,0,0,0,0,0,0,0,0,0,0,0,0,0,0,0,0,0,0,0,0,0,0,0,0,0,0,0,
hello,6_30,11_3_2,3.4701,0,0,0,3.470141,0.0000,0.0000,0.0000,0.0000,0.0000,0.0000,0,0,,,,,,,,0,0,0,0,0,0,0,0,0,0,0,0,0,0,0,0,0,0,0,0,0,0,0,0,0,0,0,0,0,0,0,0,0,0,0,0,0,0,0,0,0,0,0,0,0,0,0,0,0,0,0,
hello,6_30,11_3_2,3.4751,0,0,0,3.475127,0.0000,0.0000,0.0000,0.0000,0.0000,0.0000,0,0,,,,,,,,0,0,0,0,0,0,0,0,0,0,0,0,0,0,0,0,0,0,0,0,0,0,0,0,0,0,0,0,0,0,0,0,0,0,0,0,0,0,0,0,0,0,0,0,0,0,0,0,0,0,0,
hello,6_30,11_3_2,3.4791,0,0,0,3.479062,0.0000,0.0000,0.0000,0.0000,0.0000,0.0000,0,0,,,,,,,,0,0,0,0,0,0,0,0,0,0,0,0,0,0,0,0,0,0,0,0,0,0,0,0,0,0,0,0,0,0,0,0,0,0,0,0,0,0,0,0,0,0,0,0,0,0,0,0,0,0,0,
hello,6_30,11_3_2,3.4841,0,0,0,3.484125,0.0000,0.0000,0.0000,0.0000,0.0000,0.0000,0,0,,,,,,,,0,0,0,0,0,0,0,0,0,0,0,0,0,0,0,0,0,0,0,0,0,0,0,0,0,0,0,0,0,0,0,0,0,0,0,0,0,0,0,0,0,0,0,0,0,0,0,0,0,0,0,
hello,6_30,11_3_2,3.4883,0,0,0,3.488306,0.0000,0.0000,0.0000,0.0000,0.0000,0.0000,0,0,,,,,,,,0,0,0,0,0,0,0,0,0,0,0,0,0,0,0,0,0,0,0,0,0,0,0,0,0,0,0,0,0,0,0,0,0,0,0,0,0,0,0,0,0,0,0,0,0,0,0,0,0,0,0,
hello,6_30,11_3_2,3.4941,0,0,0,3.494082,0.0000,0.0000,0.0000,0.0000,0.0000,0.0000,0,0,,,,,,,,0,0,0,0,0,0,0,0,0,0,0,0,0,0,0,0,0,0,0,0,0,0,0,0,0,0,0,0,0,0,0,0,0,0,0,0,0,0,0,0,0,0,0,0,0,0,0,0,0,0,0,
hello,6_30,11_3_2,3.4978,0,0,0,3.49784,0.0000,0.0000,0.0000,0.0000,0.0000,0.0000,0,0,,,,,,,,0,0,0,0,0,0,0,0,0,0,0,0,0,0,0,0,0,0,0,0,0,0,0,0,0,0,0,0,0,0,0,0,0,0,0,0,0,0,0,0,0,0,0,0,0,0,0,0,0,0,0,
hello,6_30,11_3_2,3.5015,0,0,0,3.501461,0.0000,0.0000,0.0000,0.0000,0.0000,0.0000,0,0,,,,,,,,0,0,0,0,0,0,0,0,0,0,0,0,0,0,0,0,0,0,0,0,0,0,0,0,0,0,0,0,0,0,0,0,0,0,0,0,0,0,0,0,0,0,0,0,0,0,0,0,0,0,0,
hello,6_30,11_3_2,3.5053,0,0,0,3.505313,0.0000,0.0000,0.0000,0.0000,0.0000,0.0000,0,0,,,,,,,,0,0,0,0,0,0,0,0,0,0,0,0,0,0,0,0,0,0,0,0,0,0,0,0,0,0,0,0,0,0,0,0,0,0,0,0,0,0,0,0,0,0,0,0,0,0,0,0,0,0,0,
hello,6_30,11_3_2,3.5093,0,0,0,3.50929,0.0000,0.0000,0.0000,0.0000,0.0000,0.0000,0,0,,,,,,,,0,0,0,0,0,0,0,0,0,0,0,0,0,0,0,0,0,0,0,0,0,0,0,0,0,0,0,0,0,0,0,0,0,0,0,0,0,0,0,0,0,0,0,0,0,0,0,0,0,0,0,
hello,6_30,11_3_2,3.5136,0,0,0,3.513591,0.0000,0.0000,0.0000,0.0000,0.0000,0.0000,0,0,,,,,,,,0,0,0,0,0,0,0,0,0,0,0,0,0,0,0,0,0,0,0,0,0,0,0,0,0,0,0,0,0,0,0,0,0,0,0,0,0,0,0,0,0,0,0,0,0,0,0,0,0,0,0,
hello,6_30,11_3_2,3.5171,0,0,0,3.51709,0.0000,0.0000,0.0000,0.0000,0.0000,0.0000,0,0,,,,,,,,0,0,0,0,0,0,0,0,0,0,0,0,0,0,0,0,0,0,0,0,0,0,0,0,0,0,0,0,0,0,0,0,0,0,0,0,0,0,0,0,0,0,0,0,0,0,0,0,0,0,0,
hello,6_30,11_3_2,3.5209,0,0,0,3.520891,0.0000,0.0000,0.0000,0.0000,0.0000,0.0000,0,0,,,,,,,,0,0,0,0,0,0,0,0,0,0,0,0,0,0,0,0,0,0,0,0,0,0,0,0,0,0,0,0,0,0,0,0,0,0,0,0,0,0,0,0,0,0,0,0,0,0,0,0,0,0,0,
hello,6_30,11_3_2,3.5243,0,0,0,3.5243,0.0000,0.0000,0.0000,0.0000,0.0000,0.0000,0,0,,,,,,,,0,0,0,0,0,0,0,0,0,0,0,0,0,0,0,0,0,0,0,0,0,0,0,0,0,0,0,0,0,0,0,0,0,0,0,0,0,0,0,0,0,0,0,0,0,0,0,0,0,0,0,
hello,6_30,11_3_2,3.5281,0,0,0,3.528082,0.0000,0.0000,0.0000,0.0000,0.0000,0.0000,0,0,,,,,,,,0,0,0,0,0,0,0,0,0,0,0,0,0,0,0,0,0,0,0,0,0,0,0,0,0,0,0,0,0,0,0,0,0,0,0,0,0,0,0,0,0,0,0,0,0,0,0,0,0,0,0,
hello,6_30,11_3_2,3.5314,0,0,0,3.531378,0.0000,0.0000,0.0000,0.0000,0.0000,0.0000,0,0,,,,,,,,0,0,0,0,0,0,0,0,0,0,0,0,0,0,0,0,0,0,0,0,0,0,0,0,0,0,0,0,0,0,0,0,0,0,0,0,0,0,0,0,0,0,0,0,0,0,0,0,0,0,0,
hello,6_30,11_3_2,3.5346,0,0,0,3.534564,0.0000,0.0000,0.0000,0.0000,0.0000,0.0000,0,0,,,,,,,,0,0,0,0,0,0,0,0,0,0,0,0,0,0,0,0,0,0,0,0,0,0,0,0,0,0,0,0,0,0,0,0,0,0,0,0,0,0,0,0,0,0,0,0,0,0,0,0,0,0,0,
hello,6_30,11_3_2,3.5377,0,0,0,3.537702,0.0000,0.0000,0.0000,0.0000,0.0000,0.0000,0,0,,,,,,,,0,0,0,0,0,0,0,0,0,0,0,0,0,0,0,0,0,0,0,0,0,0,0,0,0,0,0,0,0,0,0,0,0,0,0,0,0,0,0,0,0,0,0,0,0,0,0,0,0,0,0,
hello,6_30,11_3_2,3.5409,0,0,0,3.540893,0.0000,0.0000,0.0000,0.0000,0.0000,0.0000,0,0,,,,,,,,0,0,0,0,0,0,0,0,0,0,0,0,0,0,0,0,0,0,0,0,0,0,0,0,0,0,0,0,0,0,0,0,0,0,0,0,0,0,0,0,0,0,0,0,0,0,0,0,0,0,0,
hello,6_30,11_3_2,3.5451,0,0,0,3.545057,0.0000,0.0000,0.0000,0.0000,0.0000,0.0000,0,0,,,,,,,,0,0,0,0,0,0,0,0,0,0,0,0,0,0,0,0,0,0,0,0,0,0,0,0,0,0,0,0,0,0,0,0,0,0,0,0,0,0,0,0,0,0,0,0,0,0,0,0,0,0,0,
hello,6_30,11_3_2,3.5499,0,0,0,3.549944,0.0000,0.0000,0.0000,0.0000,0.0000,0.0000,0,0,,,,,,,,0,0,0,0,0,0,0,0,0,0,0,0,0,0,0,0,0,0,0,0,0,0,0,0,0,0,0,0,0,0,0,0,0,0,0,0,0,0,0,0,0,0,0,0,0,0,0,0,0,0,0,
hello,6_30,11_3_2,3.5541,0,0,0,3.554075,0.0000,0.0000,0.0000,0.0000,0.0000,0.0000,0,0,,,,,,,,0,0,0,0,0,0,0,0,0,0,0,0,0,0,0,0,0,0,0,0,0,0,0,0,0,0,0,0,0,0,0,0,0,0,0,0,0,0,0,0,0,0,0,0,0,0,0,0,0,0,0,
hello,6_30,11_3_2,3.5580,0,0,0,3.557988,0.0000,0.0000,0.0000,0.0000,0.0000,0.0000,0,0,,,,,,,,0,0,0,0,0,0,0,0,0,0,0,0,0,0,0,0,0,0,0,0,0,0,0,0,0,0,0,0,0,0,0,0,0,0,0,0,0,0,0,0,0,0,0,0,0,0,0,0,0,0,0,
hello,6_30,11_3_2,3.5615,0,0,0,3.561507,0.0000,0.0000,0.0000,0.0000,0.0000,0.0000,0,0,,,,,,,,0,0,0,0,0,0,0,0,0,0,0,0,0,0,0,0,0,0,0,0,0,0,0,0,0,0,0,0,0,0,0,0,0,0,0,0,0,0,0,0,0,0,0,0,0,0,0,0,0,0,0,
hello,6_30,11_3_2,3.5653,0,0,0,3.565254,0.0000,0.0000,0.0000,0.0000,0.0000,0.0000,0,0,,,,,,,,0,0,0,0,0,0,0,0,0,0,0,0,0,0,0,0,0,0,0,0,0,0,0,0,0,0,0,0,0,0,0,0,0,0,0,0,0,0,0,0,0,0,0,0,0,0,0,0,0,0,0,
hello,6_30,11_3_2,3.5701,0,0,0,3.570053,0.0000,0.0000,0.0000,0.0000,0.0000,0.0000,0,0,,,,,,,,0,0,0,0,0,0,0,0,0,0,0,0,0,0,0,0,0,0,0,0,0,0,0,0,0,0,0,0,0,0,0,0,0,0,0,0,0,0,0,0,0,0,0,0,0,0,0,0,0,0,0,
hello,6_30,11_3_2,3.5752,0,0,0,3.575206,0.0000,0.0000,0.0000,0.0000,0.0000,0.0000,0,0,,,,,,,,0,0,0,0,0,0,0,0,0,0,0,0,0,0,0,0,0,0,0,0,0,0,0,0,0,0,0,0,0,0,0,0,0,0,0,0,0,0,0,0,0,0,0,0,0,0,0,0,0,0,0,
hello,6_30,11_3_2,3.5801,0,0,0,3.580119,0.0000,0.0000,0.0000,0.0000,0.0000,0.0000,0,0,,,,,,,,0,0,0,0,0,0,0,0,0,0,0,0,0,0,0,0,0,0,0,0,0,0,0,0,0,0,0,0,0,0,0,0,0,0,0,0,0,0,0,0,0,0,0,0,0,0,0,0,0,0,0,
hello,6_30,11_3_2,3.5852,0,0,0,3.585163,0.0000,0.0000,0.0000,0.0000,0.0000,0.0000,0,0,,,,,,,,0,0,0,0,0,0,0,0,0,0,0,0,0,0,0,0,0,0,0,0,0,0,0,0,0,0,0,0,0,0,0,0,0,0,0,0,0,0,0,0,0,0,0,0,0,0,0,0,0,0,0,
hello,6_30,11_3_2,3.5905,0,0,0,3.590497,0.0000,0.0000,0.0000,0.0000,0.0000,0.0000,0,0,,,,,,,,0,0,0,0,0,0,0,0,0,0,0,0,0,0,0,0,0,0,0,0,0,0,0,0,0,0,0,0,0,0,0,0,0,0,0,0,0,0,0,0,0,0,0,0,0,0,0,0,0,0,0,
hello,6_30,11_3_2,3.5954,0,0,0,3.595392,0.0000,0.0000,0.0000,0.0000,0.0000,0.0000,0,0,,,,,,,,0,0,0,0,0,0,0,0,0,0,0,0,0,0,0,0,0,0,0,0,0,0,0,0,0,0,0,0,0,0,0,0,0,0,0,0,0,0,0,0,0,0,0,0,0,0,0,0,0,0,0,
hello,6_30,11_3_2,3.6004,0,0,0,3.600386,0.0000,0.0000,0.0000,0.0000,0.0000,0.0000,0,0,,,,,,,,0,0,0,0,0,0,0,0,0,0,0,0,0,0,0,0,0,0,0,0,0,0,0,0,0,0,0,0,0,0,0,0,0,0,0,0,0,0,0,0,0,0,0,0,0,0,0,0,0,0,0,
hello,6_30,11_3_2,3.6055,0,0,0,3.605468,0.0000,0.0000,0.0000,0.0000,0.0000,0.0000,0,0,,,,,,,,0,0,0,0,0,0,0,0,0,0,0,0,0,0,0,0,0,0,0,0,0,0,0,0,0,0,0,0,0,0,0,0,0,0,0,0,0,0,0,0,0,0,0,0,0,0,0,0,0,0,0,
hello,6_30,11_3_2,3.6105,0,0,0,3.610528,0.0000,0.0000,0.0000,0.0000,0.0000,0.0000,0,0,,,,,,,,0,0,0,0,0,0,0,0,0,0,0,0,0,0,0,0,0,0,0,0,0,0,0,0,0,0,0,0,0,0,0,0,0,0,0,0,0,0,0,0,0,0,0,0,0,0,0,0,0,0,0,
hello,6_30,11_3_2,3.6153,0,0,0,3.615296,0.0000,0.0000,0.0000,0.0000,0.0000,0.0000,0,0,,,,,,,,0,0,0,0,0,0,0,0,0,0,0,0,0,0,0,0,0,0,0,0,0,0,0,0,0,0,0,0,0,0,0,0,0,0,0,0,0,0,0,0,0,0,0,0,0,0,0,0,0,0,0,
hello,6_30,11_3_2,3.6201,0,0,0,3.620133,0.0000,0.0000,0.0000,0.0000,0.0000,0.0000,0,0,,,,,,,,0,0,0,0,0,0,0,0,0,0,0,0,0,0,0,0,0,0,0,0,0,0,0,0,0,0,0,0,0,0,0,0,0,0,0,0,0,0,0,0,0,0,0,0,0,0,0,0,0,0,0,
hello,6_30,11_3_2,3.6243,0,0,0,3.624287,0.0000,0.0000,0.0000,0.0000,0.0000,0.0000,0,0,,,,,,,,0,0,0,0,0,0,0,0,0,0,0,0,0,0,0,0,0,0,0,0,0,0,0,0,0,0,0,0,0,0,0,0,0,0,0,0,0,0,0,0,0,0,0,0,0,0,0,0,0,0,0,
hello,6_30,11_3_2,3.6292,0,0,0,3.629237,0.0000,0.0000,0.0000,0.0000,0.0000,0.0000,0,0,,,,,,,,0,0,0,0,0,0,0,0,0,0,0,0,0,0,0,0,0,0,0,0,0,0,0,0,0,0,0,0,0,0,0,0,0,0,0,0,0,0,0,0,0,0,0,0,0,0,0,0,0,0,0,
hello,6_30,11_3_2,3.6391,0,0,0,3.639149,0.0000,0.0000,0.0000,0.0000,0.0000,0.0000,0,0,,,,,,,,0,0,0,0,0,0,0,0,0,0,0,0,0,0,0,0,0,0,0,0,0,0,0,0,0,0,0,0,0,0,0,0,0,0,0,0,0,0,0,0,0,0,0,0,0,0,0,0,0,0,0,
hello,6_30,11_3_2,3.6441,0,0,0,3.644138,0.0000,0.0000,0.0000,0.0000,0.0000,0.0000,0,0,,,,,,,,0,0,0,0,0,0,0,0,0,0,0,0,0,0,0,0,0,0,0,0,0,0,0,0,0,0,0,0,0,0,0,0,0,0,0,0,0,0,0,0,0,0,0,0,0,0,0,0,0,0,0,
hello,6_30,11_3_2,3.6482,0,0,0,3.648152,0.0000,0.0000,0.0000,0.0000,0.0000,0.0000,0,0,,,,,,,,0,0,0,0,0,0,0,0,0,0,0,0,0,0,0,0,0,0,0,0,0,0,0,0,0,0,0,0,0,0,0,0,0,0,0,0,0,0,0,0,0,0,0,0,0,0,0,0,0,0,0,
hello,6_30,11_3_2,3.6517,0,0,0,3.651682,0.0000,0.0000,0.0000,0.0000,0.0000,0.0000,0,0,,,,,,,,0,0,0,0,0,0,0,0,0,0,0,0,0,0,0,0,0,0,0,0,0,0,0,0,0,0,0,0,0,0,0,0,0,0,0,0,0,0,0,0,0,0,0,0,0,0,0,0,0,0,0,
hello,6_30,11_3_2,3.6554,0,0,0,3.655353,0.0000,0.0000,0.0000,0.0000,0.0000,0.0000,0,0,,,,,,,,0,0,0,0,0,0,0,0,0,0,0,0,0,0,0,0,0,0,0,0,0,0,0,0,0,0,0,0,0,0,0,0,0,0,0,0,0,0,0,0,0,0,0,0,0,0,0,0,0,0,0,
hello,6_30,11_3_2,3.6592,0,0,0,3.659223,0.0000,0.0000,0.0000,0.0000,0.0000,0.0000,0,0,,,,,,,,0,0,0,0,0,0,0,0,0,0,0,0,0,0,0,0,0,0,0,0,0,0,0,0,0,0,0,0,0,0,0,0,0,0,0,0,0,0,0,0,0,0,0,0,0,0,0,0,0,0,0,
hello,6_30,11_3_2,3.6633,0,0,0,3.663343,0.0000,0.0000,0.0000,0.0000,0.0000,0.0000,0,0,,,,,,,,0,0,0,0,0,0,0,0,0,0,0,0,0,0,0,0,0,0,0,0,0,0,0,0,0,0,0,0,0,0,0,0,0,0,0,0,0,0,0,0,0,0,0,0,0,0,0,0,0,0,0,
hello,6_30,11_3_2,3.6672,0,0,0,3.667167,0.0000,0.0000,0.0000,0.0000,0.0000,0.0000,0,0,,,,,,,,0,0,0,0,0,0,0,0,0,0,0,0,0,0,0,0,0,0,0,0,0,0,0,0,0,0,0,0,0,0,0,0,0,0,0,0,0,0,0,0,0,0,0,0,0,0,0,0,0,0,0,
hello,6_30,11_3_2,3.6713,0,0,0,3.671324,0.0000,0.0000,0.0000,0.0000,0.0000,0.0000,0,0,,,,,,,,0,0,0,0,0,0,0,0,0,0,0,0,0,0,0,0,0,0,0,0,0,0,0,0,0,0,0,0,0,0,0,0,0,0,0,0,0,0,0,0,0,0,0,0,0,0,0,0,0,0,0,
hello,6_30,11_3_2,3.6763,0,0,0,3.676304,0.0000,0.0000,0.0000,0.0000,0.0000,0.0000,0,0,,,,,,,,0,0,0,0,0,0,0,0,0,0,0,0,0,0,0,0,0,0,0,0,0,0,0,0,0,0,0,0,0,0,0,0,0,0,0,0,0,0,0,0,0,0,0,0,0,0,0,0,0,0,0,
hello,6_30,11_3_2,3.6811,0,0,0,3.681107,0.0000,0.0000,0.0000,0.0000,0.0000,0.0000,0,0,,,,,,,,0,0,0,0,0,0,0,0,0,0,0,0,0,0,0,0,0,0,0,0,0,0,0,0,0,0,0,0,0,0,0,0,0,0,0,0,0,0,0,0,0,0,0,0,0,0,0,0,0,0,0,
hello,6_30,11_3_2,3.6853,0,0,0,3.685251,0.0000,0.0000,0.0000,0.0000,0.0000,0.0000,0,0,,,,,,,,0,0,0,0,0,0,0,0,0,0,0,0,0,0,0,0,0,0,0,0,0,0,0,0,0,0,0,0,0,0,0,0,0,0,0,0,0,0,0,0,0,0,0,0,0,0,0,0,0,0,0,
hello,6_30,11_3_2,3.6901,0,0,0,3.69006,0.0000,0.0000,0.0000,0.0000,0.0000,0.0000,0,0,,,,,,,,0,0,0,0,0,0,0,0,0,0,0,0,0,0,0,0,0,0,0,0,0,0,0,0,0,0,0,0,0,0,0,0,0,0,0,0,0,0,0,0,0,0,0,0,0,0,0,0,0,0,0,
hello,6_30,11_3_2,3.6952,0,0,0,3.695169,0.0000,0.0000,0.0000,0.0000,0.0000,0.0000,0,0,,,,,,,,0,0,0,0,0,0,0,0,0,0,0,0,0,0,0,0,0,0,0,0,0,0,0,0,0,0,0,0,0,0,0,0,0,0,0,0,0,0,0,0,0,0,0,0,0,0,0,0,0,0,0,
hello,6_30,11_3_2,3.7004,0,0,0,3.700414,0.0000,0.0000,0.0000,0.0000,0.0000,0.0000,0,0,,,,,,,,0,0,0,0,0,0,0,0,0,0,0,0,0,0,0,0,0,0,0,0,0,0,0,0,0,0,0,0,0,0,0,0,0,0,0,0,0,0,0,0,0,0,0,0,0,0,0,0,0,0,0,
hello,6_30,11_3_2,3.7061,0,0,0,3.706145,0.0000,0.0000,0.0000,0.0000,0.0000,0.0000,0,0,,,,,,,,0,0,0,0,0,0,0,0,0,0,0,0,0,0,0,0,0,0,0,0,0,0,0,0,0,0,0,0,0,0,0,0,0,0,0,0,0,0,0,0,0,0,0,0,0,0,0,0,0,0,0,
hello,6_30,11_3_2,3.7114,0,0,0,3.711369,0.0000,0.0000,0.0000,0.0000,0.0000,0.0000,0,0,,,,,,,,0,0,0,0,0,0,0,0,0,0,0,0,0,0,0,0,0,0,0,0,0,0,0,0,0,0,0,0,0,0,0,0,0,0,0,0,0,0,0,0,0,0,0,0,0,0,0,0,0,0,0,
hello,6_30,11_3_2,3.7166,0,0,0,3.716585,0.0000,0.0000,0.0000,0.0000,0.0000,0.0000,0,0,,,,,,,,0,0,0,0,0,0,0,0,0,0,0,0,0,0,0,0,0,0,0,0,0,0,0,0,0,0,0,0,0,0,0,0,0,0,0,0,0,0,0,0,0,0,0,0,0,0,0,0,0,0,0,
hello,6_30,11_3_2,3.7215,0,0,0,3.721462,0.0000,0.0000,0.0000,0.0000,0.0000,0.0000,0,0,,,,,,,,0,0,0,0,0,0,0,0,0,0,0,0,0,0,0,0,0,0,0,0,0,0,0,0,0,0,0,0,0,0,0,0,0,0,0,0,0,0,0,0,0,0,0,0,0,0,0,0,0,0,0,
hello,6_30,11_3_2,3.7253,0,0,0,3.725286,0.0000,0.0000,0.0000,0.0000,0.0000,0.0000,0,0,,,,,,,,0,0,0,0,0,0,0,0,0,0,0,0,0,0,0,0,0,0,0,0,0,0,0,0,0,0,0,0,0,0,0,0,0,0,0,0,0,0,0,0,0,0,0,0,0,0,0,0,0,0,0,
hello,6_30,11_3_2,3.7301,0,0,0,3.730069,0.0000,0.0000,0.0000,0.0000,0.0000,0.0000,0,0,,,,,,,,0,0,0,0,0,0,0,0,0,0,0,0,0,0,0,0,0,0,0,0,0,0,0,0,0,0,0,0,0,0,0,0,0,0,0,0,0,0,0,0,0,0,0,0,0,0,0,0,0,0,0,
hello,6_30,11_3_2,3.7351,0,0,0,3.735114,0.0000,0.0000,0.0000,0.0000,0.0000,0.0000,0,0,,,,,,,,0,0,0,0,0,0,0,0,0,0,0,0,0,0,0,0,0,0,0,0,0,0,0,0,0,0,0,0,0,0,0,0,0,0,0,0,0,0,0,0,0,0,0,0,0,0,0,0,0,0,0,
hello,6_30,11_3_2,3.7402,0,0,0,3.740245,0.0000,0.0000,0.0000,0.0000,0.0000,0.0000,0,0,,,,,,,,0,0,0,0,0,0,0,0,0,0,0,0,0,0,0,0,0,0,0,0,0,0,0,0,0,0,0,0,0,0,0,0,0,0,0,0,0,0,0,0,0,0,0,0,0,0,0,0,0,0,0,
hello,6_30,11_3_2,3.7453,0,0,0,3.745342,0.0000,0.0000,0.0000,0.0000,0.0000,0.0000,0,0,,,,,,,,0,0,0,0,0,0,0,0,0,0,0,0,0,0,0,0,0,0,0,0,0,0,0,0,0,0,0,0,0,0,0,0,0,0,0,0,0,0,0,0,0,0,0,0,0,0,0,0,0,0,0,
hello,6_30,11_3_2,3.7500,0,0,0,3.750021,0.0000,0.0000,0.0000,0.0000,0.0000,0.0000,0,0,,,,,,,,0,0,0,0,0,0,0,0,0,0,0,0,0,0,0,0,0,0,0,0,0,0,0,0,0,0,0,0,0,0,0,0,0,0,0,0,0,0,0,0,0,0,0,0,0,0,0,0,0,0,0,
hello,6_30,11_3_2,3.7537,0,0,0,3.753681,0.0000,0.0000,0.0000,0.0000,0.0000,0.0000,0,0,,,,,,,,0,0,0,0,0,0,0,0,0,0,0,0,0,0,0,0,0,0,0,0,0,0,0,0,0,0,0,0,0,0,0,0,0,0,0,0,0,0,0,0,0,0,0,0,0,0,0,0,0,0,0,
hello,6_30,11_3_2,3.7596,0,0,0,3.759595,0.0000,0.0000,0.0000,0.0000,0.0000,0.0000,0,0,,,,,,,,0,0,0,0,0,0,0,0,0,0,0,0,0,0,0,0,0,0,0,0,0,0,0,0,0,0,0,0,0,0,0,0,0,0,0,0,0,0,0,0,0,0,0,0,0,0,0,0,0,0,0,
hello,6_30,11_3_2,3.7650,0,0,0,3.764999,0.0000,0.0000,0.0000,0.0000,0.0000,0.0000,0,0,,,,,,,,0,0,0,0,0,0,0,0,0,0,0,0,0,0,0,0,0,0,0,0,0,0,0,0,0,0,0,0,0,0,0,0,0,0,0,0,0,0,0,0,0,0,0,0,0,0,0,0,0,0,0,
hello,6_30,11_3_2,3.7703,0,0,0,3.770342,0.0000,0.0000,0.0000,0.0000,0.0000,0.0000,0,0,,,,,,,,0,0,0,0,0,0,0,0,0,0,0,0,0,0,0,0,0,0,0,0,0,0,0,0,0,0,0,0,0,0,0,0,0,0,0,0,0,0,0,0,0,0,0,0,0,0,0,0,0,0,0,
hello,6_30,11_3_2,3.7749,0,0,0,3.774909,0.0000,0.0000,0.0000,0.0000,0.0000,0.0000,0,0,,,,,,,,0,0,0,0,0,0,0,0,0,0,0,0,0,0,0,0,0,0,0,0,0,0,0,0,0,0,0,0,0,0,0,0,0,0,0,0,0,0,0,0,0,0,0,0,0,0,0,0,0,0,0,
hello,6_30,11_3_2,3.7804,0,0,0,3.780408,0.0000,0.0000,0.0000,0.0000,0.0000,0.0000,0,0,,,,,,,,0,0,0,0,0,0,0,0,0,0,0,0,0,0,0,0,0,0,0,0,0,0,0,0,0,0,0,0,0,0,0,0,0,0,0,0,0,0,0,0,0,0,0,0,0,0,0,0,0,0,0,
hello,6_30,11_3_2,3.7842,0,0,0,3.784213,0.0000,0.0000,0.0000,0.0000,0.0000,0.0000,0,0,,,,,,,,0,0,0,0,0,0,0,0,0,0,0,0,0,0,0,0,0,0,0,0,0,0,0,0,0,0,0,0,0,0,0,0,0,0,0,0,0,0,0,0,0,0,0,0,0,0,0,0,0,0,0,
hello,6_30,11_3_2,3.7883,0,0,0,3.788334,0.0000,0.0000,0.0000,0.0000,0.0000,0.0000,0,0,,,,,,,,0,0,0,0,0,0,0,0,0,0,0,0,0,0,0,0,0,0,0,0,0,0,0,0,0,0,0,0,0,0,0,0,0,0,0,0,0,0,0,0,0,0,0,0,0,0,0,0,0,0,0,
hello,6_30,11_3_2,3.7924,0,0,0,3.792361,0.0000,0.0000,0.0000,0.0000,0.0000,0.0000,0,0,,,,,,,,0,0,0,0,0,0,0,0,0,0,0,0,0,0,0,0,0,0,0,0,0,0,0,0,0,0,0,0,0,0,0,0,0,0,0,0,0,0,0,0,0,0,0,0,0,0,0,0,0,0,0,
hello,6_30,11_3_2,3.7964,0,0,0,3.796383,0.0000,0.0000,0.0000,0.0000,0.0000,0.0000,0,0,,,,,,,,0,0,0,0,0,0,0,0,0,0,0,0,0,0,0,0,0,0,0,0,0,0,0,0,0,0,0,0,0,0,0,0,0,0,0,0,0,0,0,0,0,0,0,0,0,0,0,0,0,0,0,
hello,6_30,11_3_2,3.8002,0,0,0,3.800161,0.0000,0.0000,0.0000,0.0000,0.0000,0.0000,0,0,,,,,,,,0,0,0,0,0,0,0,0,0,0,0,0,0,0,0,0,0,0,0,0,0,0,0,0,0,0,0,0,0,0,0,0,0,0,0,0,0,0,0,0,0,0,0,0,0,0,0,0,0,0,0,
hello,6_30,11_3_2,3.8042,0,0,0,3.804194,0.0000,0.0000,0.0000,0.0000,0.0000,0.0000,0,0,,,,,,,,0,0,0,0,0,0,0,0,0,0,0,0,0,0,0,0,0,0,0,0,0,0,0,0,0,0,0,0,0,0,0,0,0,0,0,0,0,0,0,0,0,0,0,0,0,0,0,0,0,0,0,
hello,6_30,11_3_2,3.8078,0,0,0,3.807755,0.0000,0.0000,0.0000,0.0000,0.0000,0.0000,0,0,,,,,,,,0,0,0,0,0,0,0,0,0,0,0,0,0,0,0,0,0,0,0,0,0,0,0,0,0,0,0,0,0,0,0,0,0,0,0,0,0,0,0,0,0,0,0,0,0,0,0,0,0,0,0,
hello,6_30,11_3_2,3.8115,0,0,0,3.811537,0.0000,0.0000,0.0000,0.0000,0.0000,0.0000,0,0,,,,,,,,0,0,0,0,0,0,0,0,0,0,0,0,0,0,0,0,0,0,0,0,0,0,0,0,0,0,0,0,0,0,0,0,0,0,0,0,0,0,0,0,0,0,0,0,0,0,0,0,0,0,0,
hello,6_30,11_3_2,3.8152,0,0,0,3.815219,0.0000,0.0000,0.0000,0.0000,0.0000,0.0000,0,0,,,,,,,,0,0,0,0,0,0,0,0,0,0,0,0,0,0,0,0,0,0,0,0,0,0,0,0,0,0,0,0,0,0,0,0,0,0,0,0,0,0,0,0,0,0,0,0,0,0,0,0,0,0,0,
hello,6_30,11_3_2,3.8195,0,0,0,3.819509,0.0000,0.0000,0.0000,0.0000,0.0000,0.0000,0,0,,,,,,,,0,0,0,0,0,0,0,0,0,0,0,0,0,0,0,0,0,0,0,0,0,0,0,0,0,0,0,0,0,0,0,0,0,0,0,0,0,0,0,0,0,0,0,0,0,0,0,0,0,0,0,
hello,6_30,11_3_2,3.8236,0,0,0,3.82358,0.0000,0.0000,0.0000,0.0000,0.0000,0.0000,0,0,,,,,,,,0,0,0,0,0,0,0,0,0,0,0,0,0,0,0,0,0,0,0,0,0,0,0,0,0,0,0,0,0,0,0,0,0,0,0,0,0,0,0,0,0,0,0,0,0,0,0,0,0,0,0,
hello,6_30,11_3_2,3.8275,0,0,0,3.827467,0.0000,0.0000,0.0000,0.0000,0.0000,0.0000,0,0,,,,,,,,0,0,0,0,0,0,0,0,0,0,0,0,0,0,0,0,0,0,0,0,0,0,0,0,0,0,0,0,0,0,0,0,0,0,0,0,0,0,0,0,0,0,0,0,0,0,0,0,0,0,0,
hello,6_30,11_3_2,3.8312,0,0,0,3.83118,0.0000,0.0000,0.0000,0.0000,0.0000,0.0000,0,0,,,,,,,,0,0,0,0,0,0,0,0,0,0,0,0,0,0,0,0,0,0,0,0,0,0,0,0,0,0,0,0,0,0,0,0,0,0,0,0,0,0,0,0,0,0,0,0,0,0,0,0,0,0,0,
hello,6_30,11_3_2,3.8412,0,0,0,3.841219,0.0000,0.0000,0.0000,0.0000,0.0000,0.0000,0,0,,,,,,,,0,0,0,0,0,0,0,0,0,0,0,0,0,0,0,0,0,0,0,0,0,0,0,0,0,0,0,0,0,0,0,0,0,0,0,0,0,0,0,0,0,0,0,0,0,0,0,0,0,0,0,
hello,6_30,11_3_2,3.8463,0,0,0,3.846272,0.0000,0.0000,0.0000,0.0000,0.0000,0.0000,0,0,,,,,,,,0,0,0,0,0,0,0,0,0,0,0,0,0,0,0,0,0,0,0,0,0,0,0,0,0,0,0,0,0,0,0,0,0,0,0,0,0,0,0,0,0,0,0,0,0,0,0,0,0,0,0,
hello,6_30,11_3_2,3.8517,0,0,0,3.851685,0.0000,0.0000,0.0000,0.0000,0.0000,0.0000,0,0,,,,,,,,0,0,0,0,0,0,0,0,0,0,0,0,0,0,0,0,0,0,0,0,0,0,0,0,0,0,0,0,0,0,0,0,0,0,0,0,0,0,0,0,0,0,0,0,0,0,0,0,0,0,0,
hello,6_30,11_3_2,3.8574,0,0,0,3.857423,0.0000,0.0000,0.0000,0.0000,0.0000,0.0000,0,0,,,,,,,,0,0,0,0,0,0,0,0,0,0,0,0,0,0,0,0,0,0,0,0,0,0,0,0,0,0,0,0,0,0,0,0,0,0,0,0,0,0,0,0,0,0,0,0,0,0,0,0,0,0,0,
hello,6_30,11_3_2,3.8623,0,0,0,3.862267,0.0000,0.0000,0.0000,0.0000,0.0000,0.0000,0,0,,,,,,,,0,0,0,0,0,0,0,0,0,0,0,0,0,0,0,0,0,0,0,0,0,0,0,0,0,0,0,0,0,0,0,0,0,0,0,0,0,0,0,0,0,0,0,0,0,0,0,0,0,0,0,
hello,6_30,11_3_2,3.8674,0,0,0,3.867448,0.0000,0.0000,0.0000,0.0000,0.0000,0.0000,0,0,,,,,,,,0,0,0,0,0,0,0,0,0,0,0,0,0,0,0,0,0,0,0,0,0,0,0,0,0,0,0,0,0,0,0,0,0,0,0,0,0,0,0,0,0,0,0,0,0,0,0,0,0,0,0,
hello,6_30,11_3_2,3.8724,0,0,0,3.87237,0.0000,0.0000,0.0000,0.0000,0.0000,0.0000,0,0,,,,,,,,0,0,0,0,0,0,0,0,0,0,0,0,0,0,0,0,0,0,0,0,0,0,0,0,0,0,0,0,0,0,0,0,0,0,0,0,0,0,0,0,0,0,0,0,0,0,0,0,0,0,0,
hello,6_30,11_3_2,3.8772,0,0,0,3.877212,0.0000,0.0000,0.0000,0.0000,0.0000,0.0000,0,0,,,,,,,,0,0,0,0,0,0,0,0,0,0,0,0,0,0,0,0,0,0,0,0,0,0,0,0,0,0,0,0,0,0,0,0,0,0,0,0,0,0,0,0,0,0,0,0,0,0,0,0,0,0,0,
hello,6_30,11_3_2,3.8826,0,0,0,3.882568,0.0000,0.0000,0.0000,0.0000,0.0000,0.0000,0,0,,,,,,,,0,0,0,0,0,0,0,0,0,0,0,0,0,0,0,0,0,0,0,0,0,0,0,0,0,0,0,0,0,0,0,0,0,0,0,0,0,0,0,0,0,0,0,0,0,0,0,0,0,0,0,
hello,6_30,11_3_2,3.8879,0,0,0,3.887861,0.0000,0.0000,0.0000,0.0000,0.0000,0.0000,0,0,,,,,,,,0,0,0,0,0,0,0,0,0,0,0,0,0,0,0,0,0,0,0,0,0,0,0,0,0,0,0,0,0,0,0,0,0,0,0,0,0,0,0,0,0,0,0,0,0,0,0,0,0,0,0,
hello,6_30,11_3_2,3.8929,0,0,0,3.892894,0.0000,0.0000,0.0000,0.0000,0.0000,0.0000,0,0,,,,,,,,0,0,0,0,0,0,0,0,0,0,0,0,0,0,0,0,0,0,0,0,0,0,0,0,0,0,0,0,0,0,0,0,0,0,0,0,0,0,0,0,0,0,0,0,0,0,0,0,0,0,0,
hello,6_30,11_3_2,3.8979,0,0,0,3.897889,0.0000,0.0000,0.0000,0.0000,0.0000,0.0000,0,0,,,,,,,,0,0,0,0,0,0,0,0,0,0,0,0,0,0,0,0,0,0,0,0,0,0,0,0,0,0,0,0,0,0,0,0,0,0,0,0,0,0,0,0,0,0,0,0,0,0,0,0,0,0,0,
hello,6_30,11_3_2,3.9014,0,0,0,3.901414,0.0000,0.0000,0.0000,0.0000,0.0000,0.0000,0,0,,,,,,,,0,0,0,0,0,0,0,0,0,0,0,0,0,0,0,0,0,0,0,0,0,0,0,0,0,0,0,0,0,0,0,0,0,0,0,0,0,0,0,0,0,0,0,0,0,0,0,0,0,0,0,
hello,6_30,11_3_2,3.9053,0,0,0,3.905282,0.0000,0.0000,0.0000,0.0000,0.0000,0.0000,0,0,,,,,,,,0,0,0,0,0,0,0,0,0,0,0,0,0,0,0,0,0,0,0,0,0,0,0,0,0,0,0,0,0,0,0,0,0,0,0,0,0,0,0,0,0,0,0,0,0,0,0,0,0,0,0,
hello,6_30,11_3_2,3.9092,0,0,0,3.909152,0.0000,0.0000,0.0000,0.0000,0.0000,0.0000,0,0,,,,,,,,0,0,0,0,0,0,0,0,0,0,0,0,0,0,0,0,0,0,0,0,0,0,0,0,0,0,0,0,0,0,0,0,0,0,0,0,0,0,0,0,0,0,0,0,0,0,0,0,0,0,0,
hello,6_30,11_3_2,3.9133,0,0,0,3.91331,0.0000,0.0000,0.0000,0.0000,0.0000,0.0000,0,0,,,,,,,,0,0,0,0,0,0,0,0,0,0,0,0,0,0,0,0,0,0,0,0,0,0,0,0,0,0,0,0,0,0,0,0,0,0,0,0,0,0,0,0,0,0,0,0,0,0,0,0,0,0,0,
hello,6_30,11_3_2,3.9172,0,0,0,3.917168,0.0000,0.0000,0.0000,0.0000,0.0000,0.0000,0,0,,,,,,,,0,0,0,0,0,0,0,0,0,0,0,0,0,0,0,0,0,0,0,0,0,0,0,0,0,0,0,0,0,0,0,0,0,0,0,0,0,0,0,0,0,0,0,0,0,0,0,0,0,0,0,
hello,6_30,11_3_2,3.9215,0,0,0,3.921466,0.0000,0.0000,0.0000,0.0000,0.0000,0.0000,0,0,,,,,,,,0,0,0,0,0,0,0,0,0,0,0,0,0,0,0,0,0,0,0,0,0,0,0,0,0,0,0,0,0,0,0,0,0,0,0,0,0,0,0,0,0,0,0,0,0,0,0,0,0,0,0,
hello,6_30,11_3_2,3.9255,0,0,0,3.925465,0.0000,0.0000,0.0000,0.0000,0.0000,0.0000,0,0,,,,,,,,0,0,0,0,0,0,0,0,0,0,0,0,0,0,0,0,0,0,0,0,0,0,0,0,0,0,0,0,0,0,0,0,0,0,0,0,0,0,0,0,0,0,0,0,0,0,0,0,0,0,0,
hello,6_30,11_3_2,3.9293,0,0,0,3.929314,0.0000,0.0000,0.0000,0.0000,0.0000,0.0000,0,0,,,,,,,,0,0,0,0,0,0,0,0,0,0,0,0,0,0,0,0,0,0,0,0,0,0,0,0,0,0,0,0,0,0,0,0,0,0,0,0,0,0,0,0,0,0,0,0,0,0,0,0,0,0,0,
hello,6_30,11_3_2,3.9325,0,0,0,3.932474,0.0000,0.0000,0.0000,0.0000,0.0000,0.0000,0,0,,,,,,,,0,0,0,0,0,0,0,0,0,0,0,0,0,0,0,0,0,0,0,0,0,0,0,0,0,0,0,0,0,0,0,0,0,0,0,0,0,0,0,0,0,0,0,0,0,0,0,0,0,0,0,
hello,6_30,11_3_2,3.9358,0,0,0,3.935785,0.0000,0.0000,0.0000,0.0000,0.0000,0.0000,0,0,,,,,,,,0,0,0,0,0,0,0,0,0,0,0,0,0,0,0,0,0,0,0,0,0,0,0,0,0,0,0,0,0,0,0,0,0,0,0,0,0,0,0,0,0,0,0,0,0,0,0,0,0,0,0,
hello,6_30,11_3_2,3.9390,0,0,0,3.93904,0.0000,0.0000,0.0000,0.0000,0.0000,0.0000,0,0,,,,,,,,0,0,0,0,0,0,0,0,0,0,0,0,0,0,0,0,0,0,0,0,0,0,0,0,0,0,0,0,0,0,0,0,0,0,0,0,0,0,0,0,0,0,0,0,0,0,0,0,0,0,0,
hello,6_30,11_3_2,3.9427,0,0,0,3.942692,0.0000,0.0000,0.0000,0.0000,0.0000,0.0000,0,0,,,,,,,,0,0,0,0,0,0,0,0,0,0,0,0,0,0,0,0,0,0,0,0,0,0,0,0,0,0,0,0,0,0,0,0,0,0,0,0,0,0,0,0,0,0,0,0,0,0,0,0,0,0,0,
hello,6_30,11_3_2,3.9460,0,0,0,3.946033,0.0000,0.0000,0.0000,0.0000,0.0000,0.0000,0,0,,,,,,,,0,0,0,0,0,0,0,0,0,0,0,0,0,0,0,0,0,0,0,0,0,0,0,0,0,0,0,0,0,0,0,0,0,0,0,0,0,0,0,0,0,0,0,0,0,0,0,0,0,0,0,
hello,6_30,11_3_2,3.9495,0,0,0,3.949536,0.0000,0.0000,0.0000,0.0000,0.0000,0.0000,0,0,,,,,,,,0,0,0,0,0,0,0,0,0,0,0,0,0,0,0,0,0,0,0,0,0,0,0,0,0,0,0,0,0,0,0,0,0,0,0,0,0,0,0,0,0,0,0,0,0,0,0,0,0,0,0,
hello,6_30,11_3_2,3.9540,0,0,0,3.953976,0.0000,0.0000,0.0000,0.0000,0.0000,0.0000,0,0,,,,,,,,0,0,0,0,0,0,0,0,0,0,0,0,0,0,0,0,0,0,0,0,0,0,0,0,0,0,0,0,0,0,0,0,0,0,0,0,0,0,0,0,0,0,0,0,0,0,0,0,0,0,0,
hello,6_30,11_3_2,3.9574,0,0,0,3.957372,0.0000,0.0000,0.0000,0.0000,0.0000,0.0000,0,0,,,,,,,,0,0,0,0,0,0,0,0,0,0,0,0,0,0,0,0,0,0,0,0,0,0,0,0,0,0,0,0,0,0,0,0,0,0,0,0,0,0,0,0,0,0,0,0,0,0,0,0,0,0,0,
hello,6_30,11_3_2,3.9615,0,0,0,3.961456,0.0000,0.0000,0.0000,0.0000,0.0000,0.0000,0,0,,,,,,,,0,0,0,0,0,0,0,0,0,0,0,0,0,0,0,0,0,0,0,0,0,0,0,0,0,0,0,0,0,0,0,0,0,0,0,0,0,0,0,0,0,0,0,0,0,0,0,0,0,0,0,
hello,6_30,11_3_2,3.9662,0,0,0,3.966154,0.0000,0.0000,0.0000,0.0000,0.0000,0.0000,0,0,,,,,,,,0,0,0,0,0,0,0,0,0,0,0,0,0,0,0,0,0,0,0,0,0,0,0,0,0,0,0,0,0,0,0,0,0,0,0,0,0,0,0,0,0,0,0,0,0,0,0,0,0,0,0,
hello,6_30,11_3_2,3.9701,0,0,0,3.970091,0.0000,0.0000,0.0000,0.0000,0.0000,0.0000,0,0,,,,,,,,0,0,0,0,0,0,0,0,0,0,0,0,0,0,0,0,0,0,0,0,0,0,0,0,0,0,0,0,0,0,0,0,0,0,0,0,0,0,0,0,0,0,0,0,0,0,0,0,0,0,0,
hello,6_30,11_3_2,3.9740,0,0,0,3.974004,0.0000,0.0000,0.0000,0.0000,0.0000,0.0000,0,0,,,,,,,,0,0,0,0,0,0,0,0,0,0,0,0,0,0,0,0,0,0,0,0,0,0,0,0,0,0,0,0,0,0,0,0,0,0,0,0,0,0,0,0,0,0,0,0,0,0,0,0,0,0,0,
hello,6_30,11_3_2,3.9783,0,0,0,3.978337,0.0000,0.0000,0.0000,0.0000,0.0000,0.0000,0,0,,,,,,,,0,0,0,0,0,0,0,0,0,0,0,0,0,0,0,0,0,0,0,0,0,0,0,0,0,0,0,0,0,0,0,0,0,0,0,0,0,0,0,0,0,0,0,0,0,0,0,0,0,0,0,
hello,6_30,11_3_2,3.9824,0,0,0,3.982389,0.0000,0.0000,0.0000,0.0000,0.0000,0.0000,0,0,,,,,,,,0,0,0,0,0,0,0,0,0,0,0,0,0,0,0,0,0,0,0,0,0,0,0,0,0,0,0,0,0,0,0,0,0,0,0,0,0,0,0,0,0,0,0,0,0,0,0,0,0,0,0,
hello,6_30,11_3_2,3.9879,0,0,0,3.98786,0.0000,0.0000,0.0000,0.0000,0.0000,0.0000,0,0,,,,,,,,0,0,0,0,0,0,0,0,0,0,0,0,0,0,0,0,0,0,0,0,0,0,0,0,0,0,0,0,0,0,0,0,0,0,0,0,0,0,0,0,0,0,0,0,0,0,0,0,0,0,0,
hello,6_30,11_3_2,3.9930,0,0,0,3.993033,0.0000,0.0000,0.0000,0.0000,0.0000,0.0000,0,0,,,,,,,,0,0,0,0,0,0,0,0,0,0,0,0,0,0,0,0,0,0,0,0,0,0,0,0,0,0,0,0,0,0,0,0,0,0,0,0,0,0,0,0,0,0,0,0,0,0,0,0,0,0,0,
hello,6_30,11_3_2,3.9985,0,0,0,3.998461,0.0000,0.0000,0.0000,0.0000,0.0000,0.0000,0,0,,,,,,,,0,0,0,0,0,0,0,0,0,0,0,0,0,0,0,0,0,0,0,0,0,0,0,0,0,0,0,0,0,0,0,0,0,0,0,0,0,0,0,0,0,0,0,0,0,0,0,0,0,0,0,
hello,6_30,11_3_2,4.0032,0,0,0,4.003248,0.0000,0.0000,0.0000,0.0000,0.0000,0.0000,0,0,,,,,,,,0,0,0,0,0,0,0,0,0,0,0,0,0,0,0,0,0,0,0,0,0,0,0,0,0,0,0,0,0,0,0,0,0,0,0,0,0,0,0,0,0,0,0,0,0,0,0,0,0,0,0,
hello,6_30,11_3_2,4.0085,0,0,0,4.00846,0.0000,0.0000,0.0000,0.0000,0.0000,0.0000,0,0,,,,,,,,0,0,0,0,0,0,0,0,0,0,0,0,0,0,0,0,0,0,0,0,0,0,0,0,0,0,0,0,0,0,0,0,0,0,0,0,0,0,0,0,0,0,0,0,0,0,0,0,0,0,0,
hello,6_30,11_3_2,4.0142,0,0,0,4.014176,0.0000,0.0000,0.0000,0.0000,0.0000,0.0000,0,0,,,,,,,,0,0,0,0,0,0,0,0,0,0,0,0,0,0,0,0,0,0,0,0,0,0,0,0,0,0,0,0,0,0,0,0,0,0,0,0,0,0,0,0,0,0,0,0,0,0,0,0,0,0,0,
hello,6_30,11_3_2,4.0191,0,0,0,4.019114,0.0000,0.0000,0.0000,0.0000,0.0000,0.0000,0,0,,,,,,,,0,0,0,0,0,0,0,0,0,0,0,0,0,0,0,0,0,0,0,0,0,0,0,0,0,0,0,0,0,0,0,0,0,0,0,0,0,0,0,0,0,0,0,0,0,0,0,0,0,0,0,
hello,6_30,11_3_2,4.0243,0,0,0,4.024321,0.0000,0.0000,0.0000,0.0000,0.0000,0.0000,0,0,,,,,,,,0,0,0,0,0,0,0,0,0,0,0,0,0,0,0,0,0,0,0,0,0,0,0,0,0,0,0,0,0,0,0,0,0,0,0,0,0,0,0,0,0,0,0,0,0,0,0,0,0,0,0,
hello,6_30,11_3_2,4.0297,0,0,0,4.029666,0.0000,0.0000,0.0000,0.0000,0.0000,0.0000,0,0,,,,,,,,0,0,0,0,0,0,0,0,0,0,0,0,0,0,0,0,0,0,0,0,0,0,0,0,0,0,0,0,0,0,0,0,0,0,0,0,0,0,0,0,0,0,0,0,0,0,0,0,0,0,0,
hello,6_30,11_3_2,4.0417,0,0,0,4.041671,0.0000,0.0000,0.0000,0.0000,0.0000,0.0000,0,0,,,,,,,,0,0,0,0,0,0,0,0,0,0,0,0,0,0,0,0,0,0,0,0,0,0,0,0,0,0,0,0,0,0,0,0,0,0,0,0,0,0,0,0,0,0,0,0,0,0,0,0,0,0,0,
hello,6_30,11_3_2,4.0526,0,0,0,4.052604,0.0000,0.0000,0.0000,0.0000,0.0000,0.0000,0,0,,,,,,,,0,0,0,0,0,0,0,0,0,0,0,0,0,0,0,0,0,0,0,0,0,0,0,0,0,0,0,0,0,0,0,0,0,0,0,0,0,0,0,0,0,0,0,0,0,0,0,0,0,0,0,
hello,6_30,11_3_2,4.0574,0,0,0,4.057404,0.0000,0.0000,0.0000,0.0000,0.0000,0.0000,0,0,,,,,,,,0,0,0,0,0,0,0,0,0,0,0,0,0,0,0,0,0,0,0,0,0,0,0,0,0,0,0,0,0,0,0,0,0,0,0,0,0,0,0,0,0,0,0,0,0,0,0,0,0,0,0,
hello,6_30,11_3_2,4.0616,0,0,0,4.061574,0.0000,0.0000,0.0000,0.0000,0.0000,0.0000,0,0,,,,,,,,0,0,0,0,0,0,0,0,0,0,0,0,0,0,0,0,0,0,0,0,0,0,0,0,0,0,0,0,0,0,0,0,0,0,0,0,0,0,0,0,0,0,0,0,0,0,0,0,0,0,0,
hello,6_30,11_3_2,4.0661,0,0,0,4.066082,0.0000,0.0000,0.0000,0.0000,0.0000,0.0000,0,0,,,,,,,,0,0,0,0,0,0,0,0,0,0,0,0,0,0,0,0,0,0,0,0,0,0,0,0,0,0,0,0,0,0,0,0,0,0,0,0,0,0,0,0,0,0,0,0,0,0,0,0,0,0,0,
hello,6_30,11_3_2,4.0701,0,0,0,4.070058,0.0000,0.0000,0.0000,0.0000,0.0000,0.0000,0,0,,,,,,,,0,0,0,0,0,0,0,0,0,0,0,0,0,0,0,0,0,0,0,0,0,0,0,0,0,0,0,0,0,0,0,0,0,0,0,0,0,0,0,0,0,0,0,0,0,0,0,0,0,0,0,
hello,6_30,11_3_2,4.0741,0,0,0,4.074116,0.0000,0.0000,0.0000,0.0000,0.0000,0.0000,0,0,,,,,,,,0,0,0,0,0,0,0,0,0,0,0,0,0,0,0,0,0,0,0,0,0,0,0,0,0,0,0,0,0,0,0,0,0,0,0,0,0,0,0,0,0,0,0,0,0,0,0,0,0,0,0,
hello,6_30,11_3_2,4.0778,0,0,0,4.07778,0.0000,0.0000,0.0000,0.0000,0.0000,0.0000,0,0,,,,,,,,0,0,0,0,0,0,0,0,0,0,0,0,0,0,0,0,0,0,0,0,0,0,0,0,0,0,0,0,0,0,0,0,0,0,0,0,0,0,0,0,0,0,0,0,0,0,0,0,0,0,0,
hello,6_30,11_3_2,4.0814,0,0,0,4.081352,0.0000,0.0000,0.0000,0.0000,0.0000,0.0000,0,0,,,,,,,,0,0,0,0,0,0,0,0,0,0,0,0,0,0,0,0,0,0,0,0,0,0,0,0,0,0,0,0,0,0,0,0,0,0,0,0,0,0,0,0,0,0,0,0,0,0,0,0,0,0,0,
hello,6_30,11_3_2,4.0850,0,0,0,4.085034,0.0000,0.0000,0.0000,0.0000,0.0000,0.0000,0,0,,,,,,,,0,0,0,0,0,0,0,0,0,0,0,0,0,0,0,0,0,0,0,0,0,0,0,0,0,0,0,0,0,0,0,0,0,0,0,0,0,0,0,0,0,0,0,0,0,0,0,0,0,0,0,
hello,6_30,11_3_2,4.0889,0,0,0,4.088944,0.0000,0.0000,0.0000,0.0000,0.0000,0.0000,0,0,,,,,,,,0,0,0,0,0,0,0,0,0,0,0,0,0,0,0,0,0,0,0,0,0,0,0,0,0,0,0,0,0,0,0,0,0,0,0,0,0,0,0,0,0,0,0,0,0,0,0,0,0,0,0,
hello,6_30,11_3_2,4.0927,0,0,0,4.092724,0.0000,0.0000,0.0000,0.0000,0.0000,0.0000,0,0,,,,,,,,0,0,0,0,0,0,0,0,0,0,0,0,0,0,0,0,0,0,0,0,0,0,0,0,0,0,0,0,0,0,0,0,0,0,0,0,0,0,0,0,0,0,0,0,0,0,0,0,0,0,0,
hello,6_30,11_3_2,4.0965,0,0,0,4.09649,0.0000,0.0000,0.0000,0.0000,0.0000,0.0000,0,0,,,,,,,,0,0,0,0,0,0,0,0,0,0,0,0,0,0,0,0,0,0,0,0,0,0,0,0,0,0,0,0,0,0,0,0,0,0,0,0,0,0,0,0,0,0,0,0,0,0,0,0,0,0,0,
hello,6_30,11_3_2,4.1002,0,0,0,4.100156,0.0000,0.0000,0.0000,0.0000,0.0000,0.0000,0,0,,,,,,,,0,0,0,0,0,0,0,0,0,0,0,0,0,0,0,0,0,0,0,0,0,0,0,0,0,0,0,0,0,0,0,0,0,0,0,0,0,0,0,0,0,0,0,0,0,0,0,0,0,0,0,
hello,6_30,11_3_2,4.1045,0,0,0,4.104465,0.0000,0.0000,0.0000,0.0000,0.0000,0.0000,0,0,,,,,,,,0,0,0,0,0,0,0,0,0,0,0,0,0,0,0,0,0,0,0,0,0,0,0,0,0,0,0,0,0,0,0,0,0,0,0,0,0,0,0,0,0,0,0,0,0,0,0,0,0,0,0,
hello,6_30,11_3_2,4.1086,0,0,0,4.108635,0.0000,0.0000,0.0000,0.0000,0.0000,0.0000,0,0,,,,,,,,0,0,0,0,0,0,0,0,0,0,0,0,0,0,0,0,0,0,0,0,0,0,0,0,0,0,0,0,0,0,0,0,0,0,0,0,0,0,0,0,0,0,0,0,0,0,0,0,0,0,0,
hello,6_30,11_3_2,4.1122,0,0,0,4.112227,0.0000,0.0000,0.0000,0.0000,0.0000,0.0000,0,0,,,,,,,,0,0,0,0,0,0,0,0,0,0,0,0,0,0,0,0,0,0,0,0,0,0,0,0,0,0,0,0,0,0,0,0,0,0,0,0,0,0,0,0,0,0,0,0,0,0,0,0,0,0,0,
hello,6_30,11_3_2,4.1161,0,0,0,4.116107,0.0000,0.0000,0.0000,0.0000,0.0000,0.0000,0,0,,,,,,,,0,0,0,0,0,0,0,0,0,0,0,0,0,0,0,0,0,0,0,0,0,0,0,0,0,0,0,0,0,0,0,0,0,0,0,0,0,0,0,0,0,0,0,0,0,0,0,0,0,0,0,
hello,6_30,11_3_2,4.1202,0,0,0,4.120245,0.0000,0.0000,0.0000,0.0000,0.0000,0.0000,0,0,,,,,,,,0,0,0,0,0,0,0,0,0,0,0,0,0,0,0,0,0,0,0,0,0,0,0,0,0,0,0,0,0,0,0,0,0,0,0,0,0,0,0,0,0,0,0,0,0,0,0,0,0,0,0,
hello,6_30,11_3_2,4.1242,0,0,0,4.124229,0.0000,0.0000,0.0000,0.0000,0.0000,0.0000,0,0,,,,,,,,0,0,0,0,0,0,0,0,0,0,0,0,0,0,0,0,0,0,0,0,0,0,0,0,0,0,0,0,0,0,0,0,0,0,0,0,0,0,0,0,0,0,0,0,0,0,0,0,0,0,0,
hello,6_30,11_3_2,4.1283,0,0,0,4.128324,0.0000,0.0000,0.0000,0.0000,0.0000,0.0000,0,0,,,,,,,,0,0,0,0,0,0,0,0,0,0,0,0,0,0,0,0,0,0,0,0,0,0,0,0,0,0,0,0,0,0,0,0,0,0,0,0,0,0,0,0,0,0,0,0,0,0,0,0,0,0,0,
hello,6_30,11_3_2,4.1326,0,0,0,4.132588,0.0000,0.0000,0.0000,0.0000,0.0000,0.0000,0,0,,,,,,,,0,0,0,0,0,0,0,0,0,0,0,0,0,0,0,0,0,0,0,0,0,0,0,0,0,0,0,0,0,0,0,0,0,0,0,0,0,0,0,0,0,0,0,0,0,0,0,0,0,0,0,
hello,6_30,11_3_2,4.1364,0,0,0,4.136422,0.0000,0.0000,0.0000,0.0000,0.0000,0.0000,0,0,,,,,,,,0,0,0,0,0,0,0,0,0,0,0,0,0,0,0,0,0,0,0,0,0,0,0,0,0,0,0,0,0,0,0,0,0,0,0,0,0,0,0,0,0,0,0,0,0,0,0,0,0,0,0,
hello,6_30,11_3_2,4.1402,0,0,0,4.140231,0.0000,0.0000,0.0000,0.0000,0.0000,0.0000,0,0,,,,,,,,0,0,0,0,0,0,0,0,0,0,0,0,0,0,0,0,0,0,0,0,0,0,0,0,0,0,0,0,0,0,0,0,0,0,0,0,0,0,0,0,0,0,0,0,0,0,0,0,0,0,0,
hello,6_30,11_3_2,4.1444,0,0,0,4.144418,0.0000,0.0000,0.0000,0.0000,0.0000,0.0000,0,0,,,,,,,,0,0,0,0,0,0,0,0,0,0,0,0,0,0,0,0,0,0,0,0,0,0,0,0,0,0,0,0,0,0,0,0,0,0,0,0,0,0,0,0,0,0,0,0,0,0,0,0,0,0,0,
hello,6_30,11_3_2,4.1494,0,0,0,4.149367,0.0000,0.0000,0.0000,0.0000,0.0000,0.0000,0,0,,,,,,,,0,0,0,0,0,0,0,0,0,0,0,0,0,0,0,0,0,0,0,0,0,0,0,0,0,0,0,0,0,0,0,0,0,0,0,0,0,0,0,0,0,0,0,0,0,0,0,0,0,0,0,
hello,6_30,11_3_2,4.1549,0,0,0,4.154904,0.0000,0.0000,0.0000,0.0000,0.0000,0.0000,0,0,,,,,,,,0,0,0,0,0,0,0,0,0,0,0,0,0,0,0,0,0,0,0,0,0,0,0,0,0,0,0,0,0,0,0,0,0,0,0,0,0,0,0,0,0,0,0,0,0,0,0,0,0,0,0,
hello,6_30,11_3_2,4.1607,0,0,0,4.160682,0.0000,0.0000,0.0000,0.0000,0.0000,0.0000,0,0,,,,,,,,0,0,0,0,0,0,0,0,0,0,0,0,0,0,0,0,0,0,0,0,0,0,0,0,0,0,0,0,0,0,0,0,0,0,0,0,0,0,0,0,0,0,0,0,0,0,0,0,0,0,0,
hello,6_30,11_3_2,4.1672,0,0,0,4.167245,0.0000,0.0000,0.0000,0.0000,0.0000,0.0000,0,0,,,,,,,,0,0,0,0,0,0,0,0,0,0,0,0,0,0,0,0,0,0,0,0,0,0,0,0,0,0,0,0,0,0,0,0,0,0,0,0,0,0,0,0,0,0,0,0,0,0,0,0,0,0,0,
hello,6_30,11_3_2,4.1725,0,0,0,4.172498,0.0000,0.0000,0.0000,0.0000,0.0000,0.0000,0,0,,,,,,,,0,0,0,0,0,0,0,0,0,0,0,0,0,0,0,0,0,0,0,0,0,0,0,0,0,0,0,0,0,0,0,0,0,0,0,0,0,0,0,0,0,0,0,0,0,0,0,0,0,0,0,
hello,6_30,11_3_2,4.1775,0,0,0,4.177492,0.0000,0.0000,0.0000,0.0000,0.0000,0.0000,0,0,,,,,,,,0,0,0,0,0,0,0,0,0,0,0,0,0,0,0,0,0,0,0,0,0,0,0,0,0,0,0,0,0,0,0,0,0,0,0,0,0,0,0,0,0,0,0,0,0,0,0,0,0,0,0,
hello,6_30,11_3_2,4.1825,0,0,0,4.182478,0.0000,0.0000,0.0000,0.0000,0.0000,0.0000,0,0,,,,,,,,0,0,0,0,0,0,0,0,0,0,0,0,0,0,0,0,0,0,0,0,0,0,0,0,0,0,0,0,0,0,0,0,0,0,0,0,0,0,0,0,0,0,0,0,0,0,0,0,0,0,0,
hello,6_30,11_3_2,4.1881,0,0,0,4.188087,0.0000,0.0000,0.0000,0.0000,0.0000,0.0000,0,0,,,,,,,,0,0,0,0,0,0,0,0,0,0,0,0,0,0,0,0,0,0,0,0,0,0,0,0,0,0,0,0,0,0,0,0,0,0,0,0,0,0,0,0,0,0,0,0,0,0,0,0,0,0,0,
hello,6_30,11_3_2,4.1933,0,0,0,4.193285,0.0000,0.0000,0.0000,0.0000,0.0000,0.0000,0,0,,,,,,,,0,0,0,0,0,0,0,0,0,0,0,0,0,0,0,0,0,0,0,0,0,0,0,0,0,0,0,0,0,0,0,0,0,0,0,0,0,0,0,0,0,0,0,0,0,0,0,0,0,0,0,
hello,6_30,11_3_2,4.1983,0,0,0,4.198274,0.0000,0.0000,0.0000,0.0000,0.0000,0.0000,0,0,,,,,,,,0,0,0,0,0,0,0,0,0,0,0,0,0,0,0,0,0,0,0,0,0,0,0,0,0,0,0,0,0,0,0,0,0,0,0,0,0,0,0,0,0,0,0,0,0,0,0,0,0,0,0,
hello,6_30,11_3_2,4.2022,0,0,0,4.202236,0.0000,0.0000,0.0000,0.0000,0.0000,0.0000,0,0,,,,,,,,0,0,0,0,0,0,0,0,0,0,0,0,0,0,0,0,0,0,0,0,0,0,0,0,0,0,0,0,0,0,0,0,0,0,0,0,0,0,0,0,0,0,0,0,0,0,0,0,0,0,0,
hello,6_30,11_3_2,4.2061,0,0,0,4.206063,0.0000,0.0000,0.0000,0.0000,0.0000,0.0000,0,0,,,,,,,,0,0,0,0,0,0,0,0,0,0,0,0,0,0,0,0,0,0,0,0,0,0,0,0,0,0,0,0,0,0,0,0,0,0,0,0,0,0,0,0,0,0,0,0,0,0,0,0,0,0,0,
hello,6_30,11_3_2,4.2102,0,0,0,4.210197,0.0000,0.0000,0.0000,0.0000,0.0000,0.0000,0,0,,,,,,,,0,0,0,0,0,0,0,0,0,0,0,0,0,0,0,0,0,0,0,0,0,0,0,0,0,0,0,0,0,0,0,0,0,0,0,0,0,0,0,0,0,0,0,0,0,0,0,0,0,0,0,
hello,6_30,11_3_2,4.2141,0,0,0,4.214106,0.0000,0.0000,0.0000,0.0000,0.0000,0.0000,0,0,,,,,,,,0,0,0,0,0,0,0,0,0,0,0,0,0,0,0,0,0,0,0,0,0,0,0,0,0,0,0,0,0,0,0,0,0,0,0,0,0,0,0,0,0,0,0,0,0,0,0,0,0,0,0,
hello,6_30,11_3_2,4.2183,0,0,0,4.218347,0.0000,0.0000,0.0000,0.0000,0.0000,0.0000,0,0,,,,,,,,0,0,0,0,0,0,0,0,0,0,0,0,0,0,0,0,0,0,0,0,0,0,0,0,0,0,0,0,0,0,0,0,0,0,0,0,0,0,0,0,0,0,0,0,0,0,0,0,0,0,0,
hello,6_30,11_3_2,4.2224,0,0,0,4.222385,0.0000,0.0000,0.0000,0.0000,0.0000,0.0000,0,0,,,,,,,,0,0,0,0,0,0,0,0,0,0,0,0,0,0,0,0,0,0,0,0,0,0,0,0,0,0,0,0,0,0,0,0,0,0,0,0,0,0,0,0,0,0,0,0,0,0,0,0,0,0,0,
hello,6_30,11_3_2,4.2263,0,0,0,4.226272,0.0000,0.0000,0.0000,0.0000,0.0000,0.0000,0,0,,,,,,,,0,0,0,0,0,0,0,0,0,0,0,0,0,0,0,0,0,0,0,0,0,0,0,0,0,0,0,0,0,0,0,0,0,0,0,0,0,0,0,0,0,0,0,0,0,0,0,0,0,0,0,
hello,6_30,11_3_2,4.2302,0,0,0,4.230229,0.0000,0.0000,0.0000,0.0000,0.0000,0.0000,0,0,,,,,,,,0,0,0,0,0,0,0,0,0,0,0,0,0,0,0,0,0,0,0,0,0,0,0,0,0,0,0,0,0,0,0,0,0,0,0,0,0,0,0,0,0,0,0,0,0,0,0,0,0,0,0,
hello,6_30,11_3_2,4.2354,0,0,0,4.235366,0.0000,0.0000,0.0000,0.0000,0.0000,0.0000,0,0,,,,,,,,0,0,0,0,0,0,0,0,0,0,0,0,0,0,0,0,0,0,0,0,0,0,0,0,0,0,0,0,0,0,0,0,0,0,0,0,0,0,0,0,0,0,0,0,0,0,0,0,0,0,0,
hello,6_30,11_3_2,4.2391,0,0,0,4.239113,0.0000,0.0000,0.0000,0.0000,0.0000,0.0000,0,0,,,,,,,,0,0,0,0,0,0,0,0,0,0,0,0,0,0,0,0,0,0,0,0,0,0,0,0,0,0,0,0,0,0,0,0,0,0,0,0,0,0,0,0,0,0,0,0,0,0,0,0,0,0,0,
hello,6_30,11_3_2,4.2525,0,0,0,4.252507,0.0000,0.0000,0.0000,0.0000,0.0000,0.0000,0,0,,,,,,,,0,0,0,0,0,0,0,0,0,0,0,0,0,0,0,0,0,0,0,0,0,0,0,0,0,0,0,0,0,0,0,0,0,0,0,0,0,0,0,0,0,0,0,0,0,0,0,0,0,0,0,
hello,6_30,11_3_2,4.2577,0,0,0,4.257651,0.0000,0.0000,0.0000,0.0000,0.0000,0.0000,0,0,,,,,,,,0,0,0,0,0,0,0,0,0,0,0,0,0,0,0,0,0,0,0,0,0,0,0,0,0,0,0,0,0,0,0,0,0,0,0,0,0,0,0,0,0,0,0,0,0,0,0,0,0,0,0,
hello,6_30,11_3_2,4.2632,0,0,0,4.263171,0.0000,0.0000,0.0000,0.0000,0.0000,0.0000,0,0,,,,,,,,0,0,0,0,0,0,0,0,0,0,0,0,0,0,0,0,0,0,0,0,0,0,0,0,0,0,0,0,0,0,0,0,0,0,0,0,0,0,0,0,0,0,0,0,0,0,0,0,0,0,0,
hello,6_30,11_3_2,4.2691,0,0,0,4.269112,0.0000,0.0000,0.0000,0.0000,0.0000,0.0000,0,0,,,,,,,,0,0,0,0,0,0,0,0,0,0,0,0,0,0,0,0,0,0,0,0,0,0,0,0,0,0,0,0,0,0,0,0,0,0,0,0,0,0,0,0,0,0,0,0,0,0,0,0,0,0,0,
hello,6_30,11_3_2,4.2746,0,0,0,4.274622,0.0000,0.0000,0.0000,0.0000,0.0000,0.0000,0,0,,,,,,,,0,0,0,0,0,0,0,0,0,0,0,0,0,0,0,0,0,0,0,0,0,0,0,0,0,0,0,0,0,0,0,0,0,0,0,0,0,0,0,0,0,0,0,0,0,0,0,0,0,0,0,
hello,6_30,11_3_2,4.2802,0,0,0,4.280203,0.0000,0.0000,0.0000,0.0000,0.0000,0.0000,0,0,,,,,,,,0,0,0,0,0,0,0,0,0,0,0,0,0,0,0,0,0,0,0,0,0,0,0,0,0,0,0,0,0,0,0,0,0,0,0,0,0,0,0,0,0,0,0,0,0,0,0,0,0,0,0,
hello,6_30,11_3_2,4.2855,0,0,0,4.285491,0.0000,0.0000,0.0000,0.0000,0.0000,0.0000,0,0,,,,,,,,0,0,0,0,0,0,0,0,0,0,0,0,0,0,0,0,0,0,0,0,0,0,0,0,0,0,0,0,0,0,0,0,0,0,0,0,0,0,0,0,0,0,0,0,0,0,0,0,0,0,0,
hello,6_30,11_3_2,4.2903,0,0,0,4.290257,0.0000,0.0000,0.0000,0.0000,0.0000,0.0000,0,0,,,,,,,,0,0,0,0,0,0,0,0,0,0,0,0,0,0,0,0,0,0,0,0,0,0,0,0,0,0,0,0,0,0,0,0,0,0,0,0,0,0,0,0,0,0,0,0,0,0,0,0,0,0,0,
hello,6_30,11_3_2,4.2957,0,0,0,4.295675,0.0000,0.0000,0.0000,0.0000,0.0000,0.0000,0,0,,,,,,,,0,0,0,0,0,0,0,0,0,0,0,0,0,0,0,0,0,0,0,0,0,0,0,0,0,0,0,0,0,0,0,0,0,0,0,0,0,0,0,0,0,0,0,0,0,0,0,0,0,0,0,
hello,6_30,11_3_2,4.3013,0,0,0,4.301333,0.0000,0.0000,0.0000,0.0000,0.0000,0.0000,0,0,,,,,,,,0,0,0,0,0,0,0,0,0,0,0,0,0,0,0,0,0,0,0,0,0,0,0,0,0,0,0,0,0,0,0,0,0,0,0,0,0,0,0,0,0,0,0,0,0,0,0,0,0,0,0,
hello,6_30,11_3_2,4.3077,0,0,0,4.307694,0.0000,0.0000,0.0000,0.0000,0.0000,0.0000,0,0,,,,,,,,0,0,0,0,0,0,0,0,0,0,0,0,0,0,0,0,0,0,0,0,0,0,0,0,0,0,0,0,0,0,0,0,0,0,0,0,0,0,0,0,0,0,0,0,0,0,0,0,0,0,0,
hello,6_30,11_3_2,4.3116,0,0,0,4.311623,0.0000,0.0000,0.0000,0.0000,0.0000,0.0000,0,0,,,,,,,,0,0,0,0,0,0,0,0,0,0,0,0,0,0,0,0,0,0,0,0,0,0,0,0,0,0,0,0,0,0,0,0,0,0,0,0,0,0,0,0,0,0,0,0,0,0,0,0,0,0,0,
hello,6_30,11_3_2,4.3155,0,0,0,4.315516,0.0000,0.0000,0.0000,0.0000,0.0000,0.0000,0,0,,,,,,,,0,0,0,0,0,0,0,0,0,0,0,0,0,0,0,0,0,0,0,0,0,0,0,0,0,0,0,0,0,0,0,0,0,0,0,0,0,0,0,0,0,0,0,0,0,0,0,0,0,0,0,
hello,6_30,11_3_2,4.3193,0,0,0,4.31927,0.0000,0.0000,0.0000,0.0000,0.0000,0.0000,0,0,,,,,,,,0,0,0,0,0,0,0,0,0,0,0,0,0,0,0,0,0,0,0,0,0,0,0,0,0,0,0,0,0,0,0,0,0,0,0,0,0,0,0,0,0,0,0,0,0,0,0,0,0,0,0,
hello,6_30,11_3_2,4.3237,0,0,0,4.323693,0.0000,0.0000,0.0000,0.0000,0.0000,0.0000,0,0,,,,,,,,0,0,0,0,0,0,0,0,0,0,0,0,0,0,0,0,0,0,0,0,0,0,0,0,0,0,0,0,0,0,0,0,0,0,0,0,0,0,0,0,0,0,0,0,0,0,0,0,0,0,0,
hello,6_30,11_3_2,4.3302,0,0,0,4.330247,0.0000,0.0000,0.0000,0.0000,0.0000,0.0000,0,0,,,,,,,,0,0,0,0,0,0,0,0,0,0,0,0,0,0,0,0,0,0,0,0,0,0,0,0,0,0,0,0,0,0,0,0,0,0,0,0,0,0,0,0,0,0,0,0,0,0,0,0,0,0,0,
hello,6_30,11_3_2,4.3345,0,0,0,4.334463,0.0000,0.0000,0.0000,0.0000,0.0000,0.0000,0,0,,,,,,,,0,0,0,0,0,0,0,0,0,0,0,0,0,0,0,0,0,0,0,0,0,0,0,0,0,0,0,0,0,0,0,0,0,0,0,0,0,0,0,0,0,0,0,0,0,0,0,0,0,0,0,
hello,6_30,11_3_2,4.3387,0,0,0,4.338706,0.0000,0.0000,0.0000,0.0000,0.0000,0.0000,0,0,,,,,,,,0,0,0,0,0,0,0,0,0,0,0,0,0,0,0,0,0,0,0,0,0,0,0,0,0,0,0,0,0,0,0,0,0,0,0,0,0,0,0,0,0,0,0,0,0,0,0,0,0,0,0,
hello,6_30,11_3_2,4.3443,0,0,0,4.344296,0.0000,0.0000,0.0000,0.0000,0.0000,0.0000,0,0,,,,,,,,0,0,0,0,0,0,0,0,0,0,0,0,0,0,0,0,0,0,0,0,0,0,0,0,0,0,0,0,0,0,0,0,0,0,0,0,0,0,0,0,0,0,0,0,0,0,0,0,0,0,0,
hello,6_30,11_3_2,4.3488,0,0,0,4.348827,0.0000,0.0000,0.0000,0.0000,0.0000,0.0000,0,0,,,,,,,,0,0,0,0,0,0,0,0,0,0,0,0,0,0,0,0,0,0,0,0,0,0,0,0,0,0,0,0,0,0,0,0,0,0,0,0,0,0,0,0,0,0,0,0,0,0,0,0,0,0,0,
hello,6_30,11_3_2,4.3536,0,0,0,4.353597,0.0000,0.0000,0.0000,0.0000,0.0000,0.0000,0,0,,,,,,,,0,0,0,0,0,0,0,0,0,0,0,0,0,0,0,0,0,0,0,0,0,0,0,0,0,0,0,0,0,0,0,0,0,0,0,0,0,0,0,0,0,0,0,0,0,0,0,0,0,0,0,
hello,6_30,11_3_2,4.3576,0,0,0,4.357597,0.0000,0.0000,0.0000,0.0000,0.0000,0.0000,0,0,,,,,,,,0,0,0,0,0,0,0,0,0,0,0,0,0,0,0,0,0,0,0,0,0,0,0,0,0,0,0,0,0,0,0,0,0,0,0,0,0,0,0,0,0,0,0,0,0,0,0,0,0,0,0,
hello,6_30,11_3_2,4.3623,0,0,0,4.362278,0.0000,0.0000,0.0000,0.0000,0.0000,0.0000,0,0,,,,,,,,0,0,0,0,0,0,0,0,0,0,0,0,0,0,0,0,0,0,0,0,0,0,0,0,0,0,0,0,0,0,0,0,0,0,0,0,0,0,0,0,0,0,0,0,0,0,0,0,0,0,0,
hello,6_30,11_3_2,4.3670,0,0,0,4.366959,0.0000,0.0000,0.0000,0.0000,0.0000,0.0000,0,0,,,,,,,,0,0,0,0,0,0,0,0,0,0,0,0,0,0,0,0,0,0,0,0,0,0,0,0,0,0,0,0,0,0,0,0,0,0,0,0,0,0,0,0,0,0,0,0,0,0,0,0,0,0,0,
hello,6_30,11_3_2,4.3706,0,0,0,4.370599,0.0000,0.0000,0.0000,0.0000,0.0000,0.0000,0,0,,,,,,,,0,0,0,0,0,0,0,0,0,0,0,0,0,0,0,0,0,0,0,0,0,0,0,0,0,0,0,0,0,0,0,0,0,0,0,0,0,0,0,0,0,0,0,0,0,0,0,0,0,0,0,
hello,6_30,11_3_2,4.3744,0,0,0,4.37437,0.0000,0.0000,0.0000,0.0000,0.0000,0.0000,0,0,,,,,,,,0,0,0,0,0,0,0,0,0,0,0,0,0,0,0,0,0,0,0,0,0,0,0,0,0,0,0,0,0,0,0,0,0,0,0,0,0,0,0,0,0,0,0,0,0,0,0,0,0,0,0,
hello,6_30,11_3_2,4.3777,0,0,0,4.377686,0.0000,0.0000,0.0000,0.0000,0.0000,0.0000,0,0,,,,,,,,0,0,0,0,0,0,0,0,0,0,0,0,0,0,0,0,0,0,0,0,0,0,0,0,0,0,0,0,0,0,0,0,0,0,0,0,0,0,0,0,0,0,0,0,0,0,0,0,0,0,0,
hello,6_30,11_3_2,4.3810,0,0,0,4.380951,0.0000,0.0000,0.0000,0.0000,0.0000,0.0000,0,0,,,,,,,,0,0,0,0,0,0,0,0,0,0,0,0,0,0,0,0,0,0,0,0,0,0,0,0,0,0,0,0,0,0,0,0,0,0,0,0,0,0,0,0,0,0,0,0,0,0,0,0,0,0,0,
hello,6_30,11_3_2,4.3848,0,0,0,4.384752,0.0000,0.0000,0.0000,0.0000,0.0000,0.0000,0,0,,,,,,,,0,0,0,0,0,0,0,0,0,0,0,0,0,0,0,0,0,0,0,0,0,0,0,0,0,0,0,0,0,0,0,0,0,0,0,0,0,0,0,0,0,0,0,0,0,0,0,0,0,0,0,
hello,6_30,11_3_2,4.3884,0,0,0,4.388364,0.0000,0.0000,0.0000,0.0000,0.0000,0.0000,0,0,,,,,,,,0,0,0,0,0,0,0,0,0,0,0,0,0,0,0,0,0,0,0,0,0,0,0,0,0,0,0,0,0,0,0,0,0,0,0,0,0,0,0,0,0,0,0,0,0,0,0,0,0,0,0,
hello,6_30,11_3_2,4.3919,0,0,0,4.391917,0.0000,0.0000,0.0000,0.0000,0.0000,0.0000,0,0,,,,,,,,0,0,0,0,0,0,0,0,0,0,0,0,0,0,0,0,0,0,0,0,0,0,0,0,0,0,0,0,0,0,0,0,0,0,0,0,0,0,0,0,0,0,0,0,0,0,0,0,0,0,0,
hello,6_30,11_3_2,4.3952,0,0,0,4.395174,0.0000,0.0000,0.0000,0.0000,0.0000,0.0000,0,0,,,,,,,,0,0,0,0,0,0,0,0,0,0,0,0,0,0,0,0,0,0,0,0,0,0,0,0,0,0,0,0,0,0,0,0,0,0,0,0,0,0,0,0,0,0,0,0,0,0,0,0,0,0,0,
hello,6_30,11_3_2,4.3984,0,0,0,4.398432,0.0000,0.0000,0.0000,0.0000,0.0000,0.0000,0,0,,,,,,,,0,0,0,0,0,0,0,0,0,0,0,0,0,0,0,0,0,0,0,0,0,0,0,0,0,0,0,0,0,0,0,0,0,0,0,0,0,0,0,0,0,0,0,0,0,0,0,0,0,0,0,
hello,6_30,11_3_2,4.4020,0,0,0,4.401992,0.0000,0.0000,0.0000,0.0000,0.0000,0.0000,0,0,,,,,,,,0,0,0,0,0,0,0,0,0,0,0,0,0,0,0,0,0,0,0,0,0,0,0,0,0,0,0,0,0,0,0,0,0,0,0,0,0,0,0,0,0,0,0,0,0,0,0,0,0,0,0,
hello,6_30,11_3_2,4.4062,0,0,0,4.406216,0.0000,0.0000,0.0000,0.0000,0.0000,0.0000,0,0,,,,,,,,0,0,0,0,0,0,0,0,0,0,0,0,0,0,0,0,0,0,0,0,0,0,0,0,0,0,0,0,0,0,0,0,0,0,0,0,0,0,0,0,0,0,0,0,0,0,0,0,0,0,0,
hello,6_30,11_3_2,4.4102,0,0,0,4.410227,0.0000,0.0000,0.0000,0.0000,0.0000,0.0000,0,0,,,,,,,,0,0,0,0,0,0,0,0,0,0,0,0,0,0,0,0,0,0,0,0,0,0,0,0,0,0,0,0,0,0,0,0,0,0,0,0,0,0,0,0,0,0,0,0,0,0,0,0,0,0,0,
hello,6_30,11_3_2,4.4143,0,0,0,4.414298,0.0000,0.0000,0.0000,0.0000,0.0000,0.0000,0,0,,,,,,,,0,0,0,0,0,0,0,0,0,0,0,0,0,0,0,0,0,0,0,0,0,0,0,0,0,0,0,0,0,0,0,0,0,0,0,0,0,0,0,0,0,0,0,0,0,0,0,0,0,0,0,
hello,6_30,11_3_2,4.4185,0,0,0,4.418541,0.0000,0.0000,0.0000,0.0000,0.0000,0.0000,0,0,,,,,,,,0,0,0,0,0,0,0,0,0,0,0,0,0,0,0,0,0,0,0,0,0,0,0,0,0,0,0,0,0,0,0,0,0,0,0,0,0,0,0,0,0,0,0,0,0,0,0,0,0,0,0,
hello,6_30,11_3_2,4.4235,0,0,0,4.423468,0.0000,0.0000,0.0000,0.0000,0.0000,0.0000,0,0,,,,,,,,0,0,0,0,0,0,0,0,0,0,0,0,0,0,0,0,0,0,0,0,0,0,0,0,0,0,0,0,0,0,0,0,0,0,0,0,0,0,0,0,0,0,0,0,0,0,0,0,0,0,0,
hello,6_30,11_3_2,4.4278,0,0,0,4.427754,0.0000,0.0000,0.0000,0.0000,0.0000,0.0000,0,0,,,,,,,,0,0,0,0,0,0,0,0,0,0,0,0,0,0,0,0,0,0,0,0,0,0,0,0,0,0,0,0,0,0,0,0,0,0,0,0,0,0,0,0,0,0,0,0,0,0,0,0,0,0,0,
hello,6_30,11_3_2,4.4330,0,0,0,4.432956,0.0000,0.0000,0.0000,0.0000,0.0000,0.0000,0,0,,,,,,,,0,0,0,0,0,0,0,0,0,0,0,0,0,0,0,0,0,0,0,0,0,0,0,0,0,0,0,0,0,0,0,0,0,0,0,0,0,0,0,0,0,0,0,0,0,0,0,0,0,0,0,
hello,6_30,11_3_2,4.4374,0,0,0,4.437414,0.0000,0.0000,0.0000,0.0000,0.0000,0.0000,0,0,,,,,,,,0,0,0,0,0,0,0,0,0,0,0,0,0,0,0,0,0,0,0,0,0,0,0,0,0,0,0,0,0,0,0,0,0,0,0,0,0,0,0,0,0,0,0,0,0,0,0,0,0,0,0,
hello,6_30,11_3_2,4.4411,0,0,0,4.441063,0.0000,0.0000,0.0000,0.0000,0.0000,0.0000,0,0,,,,,,,,0,0,0,0,0,0,0,0,0,0,0,0,0,0,0,0,0,0,0,0,0,0,0,0,0,0,0,0,0,0,0,0,0,0,0,0,0,0,0,0,0,0,0,0,0,0,0,0,0,0,0,
hello,6_30,11_3_2,4.4521,0,0,0,4.452147,0.0000,0.0000,0.0000,0.0000,0.0000,0.0000,0,0,,,,,,,,0,0,0,0,0,0,0,0,0,0,0,0,0,0,0,0,0,0,0,0,0,0,0,0,0,0,0,0,0,0,0,0,0,0,0,0,0,0,0,0,0,0,0,0,0,0,0,0,0,0,0,
hello,6_30,11_3_3,4.4574,0,0,0,4.457351,0.0000,0.0000,0.0000,0.0000,0.0000,0.0000,0,0,,,,,,,,0,0,0,0,0,0,0,0,0,0,0,0,0,0,0,0,0,0,0,0,0,0,0,0,0,0,0,0,0,0,0,0,0,0,0,0,0,0,0,0,0,0,0,0,0,0,0,0,0,0,0,
hello,6_30,11_3_3,4.4616,0,0,0,4.461578,0.0000,0.0000,0.0000,0.0000,0.0000,0.0000,0,0,,,,,,,,0,0,0,0,0,0,0,0,0,0,0,0,0,0,0,0,0,0,0,0,0,0,0,0,0,0,0,0,0,0,0,0,0,0,0,0,0,0,0,0,0,0,0,0,0,0,0,0,0,0,0,
hello,6_30,11_3_3,4.4657,0,0,0,4.465713,0.0000,0.0000,0.0000,0.0000,0.0000,0.0000,0,0,,,,,,,,0,0,0,0,0,0,0,0,0,0,0,0,0,0,0,0,0,0,0,0,0,0,0,0,0,0,0,0,0,0,0,0,0,0,0,0,0,0,0,0,0,0,0,0,0,0,0,0,0,0,0,
hello,6_30,11_3_3,4.4694,0,0,0,4.469356,0.0000,0.0000,0.0000,0.0000,0.0000,0.0000,0,0,,,,,,,,0,0,0,0,0,0,0,0,0,0,0,0,0,0,0,0,0,0,0,0,0,0,0,0,0,0,0,0,0,0,0,0,0,0,0,0,0,0,0,0,0,0,0,0,0,0,0,0,0,0,0,
hello,6_30,11_3_3,4.4740,0,0,0,4.47403,0.0000,0.0000,0.0000,0.0000,0.0000,0.0000,0,0,,,,,,,,0,0,0,0,0,0,0,0,0,0,0,0,0,0,0,0,0,0,0,0,0,0,0,0,0,0,0,0,0,0,0,0,0,0,0,0,0,0,0,0,0,0,0,0,0,0,0,0,0,0,0,
hello,6_30,11_3_3,4.4777,0,0,0,4.477695,0.0000,0.0000,0.0000,0.0000,0.0000,0.0000,0,0,,,,,,,,0,0,0,0,0,0,0,0,0,0,0,0,0,0,0,0,0,0,0,0,0,0,0,0,0,0,0,0,0,0,0,0,0,0,0,0,0,0,0,0,0,0,0,0,0,0,0,0,0,0,0,
hello,6_30,11_3_3,4.4813,0,0,0,4.481331,0.0000,0.0000,0.0000,0.0000,0.0000,0.0000,0,0,,,,,,,,0,0,0,0,0,0,0,0,0,0,0,0,0,0,0,0,0,0,0,0,0,0,0,0,0,0,0,0,0,0,0,0,0,0,0,0,0,0,0,0,0,0,0,0,0,0,0,0,0,0,0,
hello,6_30,11_3_3,4.4852,0,0,0,4.48517,0.0000,0.0000,0.0000,0.0000,0.0000,0.0000,0,0,,,,,,,,0,0,0,0,0,0,0,0,0,0,0,0,0,0,0,0,0,0,0,0,0,0,0,0,0,0,0,0,0,0,0,0,0,0,0,0,0,0,0,0,0,0,0,0,0,0,0,0,0,0,0,
hello,6_30,11_3_3,4.4893,0,0,0,4.489285,0.0000,0.0000,0.0000,0.0000,0.0000,0.0000,0,0,,,,,,,,0,0,0,0,0,0,0,0,0,0,0,0,0,0,0,0,0,0,0,0,0,0,0,0,0,0,0,0,0,0,0,0,0,0,0,0,0,0,0,0,0,0,0,0,0,0,0,0,0,0,0,
hello,6_30,11_3_3,4.4935,0,0,0,4.493458,0.0000,0.0000,0.0000,0.0000,0.0000,0.0000,0,0,,,,,,,,0,0,0,0,0,0,0,0,0,0,0,0,0,0,0,0,0,0,0,0,0,0,0,0,0,0,0,0,0,0,0,0,0,0,0,0,0,0,0,0,0,0,0,0,0,0,0,0,0,0,0,
hello,6_30,11_3_3,4.4977,0,0,0,4.497731,0.0000,0.0000,0.0000,0.0000,0.0000,0.0000,0,0,,,,,,,,0,0,0,0,0,0,0,0,0,0,0,0,0,0,0,0,0,0,0,0,0,0,0,0,0,0,0,0,0,0,0,0,0,0,0,0,0,0,0,0,0,0,0,0,0,0,0,0,0,0,0,
hello,6_30,11_3_3,4.5015,0,0,0,4.501494,0.0000,0.0000,0.0000,0.0000,0.0000,0.0000,0,0,,,,,,,,0,0,0,0,0,0,0,0,0,0,0,0,0,0,0,0,0,0,0,0,0,0,0,0,0,0,0,0,0,0,0,0,0,0,0,0,0,0,0,0,0,0,0,0,0,0,0,0,0,0,0,
hello,6_30,11_3_3,4.5055,0,0,0,4.505469,0.0000,0.0000,0.0000,0.0000,0.0000,0.0000,0,0,,,,,,,,0,0,0,0,0,0,0,0,0,0,0,0,0,0,0,0,0,0,0,0,0,0,0,0,0,0,0,0,0,0,0,0,0,0,0,0,0,0,0,0,0,0,0,0,0,0,0,0,0,0,0,
hello,6_30,11_3_3,4.5092,0,0,0,4.509212,0.0000,0.0000,0.0000,0.0000,0.0000,0.0000,0,0,,,,,,,,0,0,0,0,0,0,0,0,0,0,0,0,0,0,0,0,0,0,0,0,0,0,0,0,0,0,0,0,0,0,0,0,0,0,0,0,0,0,0,0,0,0,0,0,0,0,0,0,0,0,0,
hello,6_30,11_3_3,4.5123,0,0,0,4.512311,0.0000,0.0000,0.0000,0.0000,0.0000,0.0000,0,0,,,,,,,,0,0,0,0,0,0,0,0,0,0,0,0,0,0,0,0,0,0,0,0,0,0,0,0,0,0,0,0,0,0,0,0,0,0,0,0,0,0,0,0,0,0,0,0,0,0,0,0,0,0,0,
hello,6_30,11_3_3,4.5155,0,0,0,4.515494,0.0000,0.0000,0.0000,0.0000,0.0000,0.0000,0,0,,,,,,,,0,0,0,0,0,0,0,0,0,0,0,0,0,0,0,0,0,0,0,0,0,0,0,0,0,0,0,0,0,0,0,0,0,0,0,0,0,0,0,0,0,0,0,0,0,0,0,0,0,0,0,
hello,6_30,11_3_3,4.5188,0,0,0,4.518766,0.0000,0.0000,0.0000,0.0000,0.0000,0.0000,0,0,,,,,,,,0,0,0,0,0,0,0,0,0,0,0,0,0,0,0,0,0,0,0,0,0,0,0,0,0,0,0,0,0,0,0,0,0,0,0,0,0,0,0,0,0,0,0,0,0,0,0,0,0,0,0,
hello,6_30,11_3_3,4.5223,0,0,0,4.522319,0.0000,0.0000,0.0000,0.0000,0.0000,0.0000,0,0,,,,,,,,0,0,0,0,0,0,0,0,0,0,0,0,0,0,0,0,0,0,0,0,0,0,0,0,0,0,0,0,0,0,0,0,0,0,0,0,0,0,0,0,0,0,0,0,0,0,0,0,0,0,0,
hello,6_30,11_3_3,4.5262,0,0,0,4.526187,0.0000,0.0000,0.0000,0.0000,0.0000,0.0000,0,0,,,,,,,,0,0,0,0,0,0,0,0,0,0,0,0,0,0,0,0,0,0,0,0,0,0,0,0,0,0,0,0,0,0,0,0,0,0,0,0,0,0,0,0,0,0,0,0,0,0,0,0,0,0,0,
hello,6_30,11_3_3,4.5299,0,0,0,4.529935,0.0000,0.0000,0.0000,0.0000,0.0000,0.0000,0,0,,,,,,,,0,0,0,0,0,0,0,0,0,0,0,0,0,0,0,0,0,0,0,0,0,0,0,0,0,0,0,0,0,0,0,0,0,0,0,0,0,0,0,0,0,0,0,0,0,0,0,0,0,0,0,
hello,6_30,11_3_3,4.5331,0,0,0,4.533143,0.0000,0.0000,0.0000,0.0000,0.0000,0.0000,0,0,,,,,,,,0,0,0,0,0,0,0,0,0,0,0,0,0,0,0,0,0,0,0,0,0,0,0,0,0,0,0,0,0,0,0,0,0,0,0,0,0,0,0,0,0,0,0,0,0,0,0,0,0,0,0,
hello,6_30,11_3_3,4.5373,0,0,0,4.537285,0.0000,0.0000,0.0000,0.0000,0.0000,0.0000,0,0,,,,,,,,0,0,0,0,0,0,0,0,0,0,0,0,0,0,0,0,0,0,0,0,0,0,0,0,0,0,0,0,0,0,0,0,0,0,0,0,0,0,0,0,0,0,0,0,0,0,0,0,0,0,0,
hello,6_30,11_3_3,4.5414,0,0,0,4.541401,0.0000,0.0000,0.0000,0.0000,0.0000,0.0000,0,0,,,,,,,,0,0,0,0,0,0,0,0,0,0,0,0,0,0,0,0,0,0,0,0,0,0,0,0,0,0,0,0,0,0,0,0,0,0,0,0,0,0,0,0,0,0,0,0,0,0,0,0,0,0,0,
hello,6_30,11_3_3,4.5454,0,0,0,4.545441,0.0000,0.0000,0.0000,0.0000,0.0000,0.0000,0,0,,,,,,,,0,0,0,0,0,0,0,0,0,0,0,0,0,0,0,0,0,0,0,0,0,0,0,0,0,0,0,0,0,0,0,0,0,0,0,0,0,0,0,0,0,0,0,0,0,0,0,0,0,0,0,
hello,6_30,11_3_3,4.5492,0,0,0,4.549223,0.0000,0.0000,0.0000,0.0000,0.0000,0.0000,0,0,,,,,,,,0,0,0,0,0,0,0,0,0,0,0,0,0,0,0,0,0,0,0,0,0,0,0,0,0,0,0,0,0,0,0,0,0,0,0,0,0,0,0,0,0,0,0,0,0,0,0,0,0,0,0,
hello,6_30,11_3_3,4.5536,0,0,0,4.553616,0.0000,0.0000,0.0000,0.0000,0.0000,0.0000,0,0,,,,,,,,0,0,0,0,0,0,0,0,0,0,0,0,0,0,0,0,0,0,0,0,0,0,0,0,0,0,0,0,0,0,0,0,0,0,0,0,0,0,0,0,0,0,0,0,0,0,0,0,0,0,0,
hello,6_30,11_3_3,4.5577,0,0,0,4.557736,0.0000,0.0000,0.0000,0.0000,0.0000,0.0000,0,0,,,,,,,,0,0,0,0,0,0,0,0,0,0,0,0,0,0,0,0,0,0,0,0,0,0,0,0,0,0,0,0,0,0,0,0,0,0,0,0,0,0,0,0,0,0,0,0,0,0,0,0,0,0,0,
hello,6_30,11_3_3,4.5614,0,0,0,4.561389,0.0000,0.0000,0.0000,0.0000,0.0000,0.0000,0,0,,,,,,,,0,0,0,0,0,0,0,0,0,0,0,0,0,0,0,0,0,0,0,0,0,0,0,0,0,0,0,0,0,0,0,0,0,0,0,0,0,0,0,0,0,0,0,0,0,0,0,0,0,0,0,
hello,6_30,11_3_3,4.5653,0,0,0,4.565267,0.0000,0.0000,0.0000,0.0000,0.0000,0.0000,0,0,,,,,,,,0,0,0,0,0,0,0,0,0,0,0,0,0,0,0,0,0,0,0,0,0,0,0,0,0,0,0,0,0,0,0,0,0,0,0,0,0,0,0,0,0,0,0,0,0,0,0,0,0,0,0,
hello,6_30,11_3_3,4.5694,0,0,0,4.56938,0.0000,0.0000,0.0000,0.0000,0.0000,0.0000,0,0,,,,,,,,0,0,0,0,0,0,0,0,0,0,0,0,0,0,0,0,0,0,0,0,0,0,0,0,0,0,0,0,0,0,0,0,0,0,0,0,0,0,0,0,0,0,0,0,0,0,0,0,0,0,0,
hello,6_30,11_3_3,4.5736,0,0,0,4.573596,0.0000,0.0000,0.0000,0.0000,0.0000,0.0000,0,0,,,,,,,,0,0,0,0,0,0,0,0,0,0,0,0,0,0,0,0,0,0,0,0,0,0,0,0,0,0,0,0,0,0,0,0,0,0,0,0,0,0,0,0,0,0,0,0,0,0,0,0,0,0,0,
hello,6_30,11_3_3,4.5774,0,0,0,4.577352,0.0000,0.0000,0.0000,0.0000,0.0000,0.0000,0,0,,,,,,,,0,0,0,0,0,0,0,0,0,0,0,0,0,0,0,0,0,0,0,0,0,0,0,0,0,0,0,0,0,0,0,0,0,0,0,0,0,0,0,0,0,0,0,0,0,0,0,0,0,0,0,
hello,6_30,11_3_3,4.5814,0,0,0,4.581384,0.0000,0.0000,0.0000,0.0000,0.0000,0.0000,0,0,,,,,,,,0,0,0,0,0,0,0,0,0,0,0,0,0,0,0,0,0,0,0,0,0,0,0,0,0,0,0,0,0,0,0,0,0,0,0,0,0,0,0,0,0,0,0,0,0,0,0,0,0,0,0,
hello,6_30,11_3_3,4.5857,0,0,0,4.585722,0.0000,0.0000,0.0000,0.0000,0.0000,0.0000,0,0,,,,,,,,0,0,0,0,0,0,0,0,0,0,0,0,0,0,0,0,0,0,0,0,0,0,0,0,0,0,0,0,0,0,0,0,0,0,0,0,0,0,0,0,0,0,0,0,0,0,0,0,0,0,0,
hello,6_30,11_3_3,4.5893,0,0,0,4.589303,0.0000,0.0000,0.0000,0.0000,0.0000,0.0000,0,0,,,,,,,,0,0,0,0,0,0,0,0,0,0,0,0,0,0,0,0,0,0,0,0,0,0,0,0,0,0,0,0,0,0,0,0,0,0,0,0,0,0,0,0,0,0,0,0,0,0,0,0,0,0,0,
hello,6_30,11_3_3,4.5934,0,0,0,4.593355,0.0000,0.0000,0.0000,0.0000,0.0000,0.0000,0,0,,,,,,,,0,0,0,0,0,0,0,0,0,0,0,0,0,0,0,0,0,0,0,0,0,0,0,0,0,0,0,0,0,0,0,0,0,0,0,0,0,0,0,0,0,0,0,0,0,0,0,0,0,0,0,
hello,6_30,11_3_3,4.5974,0,0,0,4.597399,0.0000,0.0000,0.0000,0.0000,0.0000,0.0000,0,0,,,,,,,,0,0,0,0,0,0,0,0,0,0,0,0,0,0,0,0,0,0,0,0,0,0,0,0,0,0,0,0,0,0,0,0,0,0,0,0,0,0,0,0,0,0,0,0,0,0,0,0,0,0,0,
hello,6_30,11_3_3,4.6018,0,0,0,4.601799,0.0000,0.0000,0.0000,0.0000,0.0000,0.0000,0,0,,,,,,,,0,0,0,0,0,0,0,0,0,0,0,0,0,0,0,0,0,0,0,0,0,0,0,0,0,0,0,0,0,0,0,0,0,0,0,0,0,0,0,0,0,0,0,0,0,0,0,0,0,0,0,
hello,6_30,11_3_3,4.6061,0,0,0,4.606125,0.0000,0.0000,0.0000,0.0000,0.0000,0.0000,0,0,,,,,,,,0,0,0,0,0,0,0,0,0,0,0,0,0,0,0,0,0,0,0,0,0,0,0,0,0,0,0,0,0,0,0,0,0,0,0,0,0,0,0,0,0,0,0,0,0,0,0,0,0,0,0,
hello,6_30,11_3_3,4.6103,0,0,0,4.610336,0.0000,0.0000,0.0000,0.0000,0.0000,0.0000,0,0,,,,,,,,0,0,0,0,0,0,0,0,0,0,0,0,0,0,0,0,0,0,0,0,0,0,0,0,0,0,0,0,0,0,0,0,0,0,0,0,0,0,0,0,0,0,0,0,0,0,0,0,0,0,0,
hello,6_30,11_3_3,4.6146,0,0,0,4.614615,0.0000,0.0000,0.0000,0.0000,0.0000,0.0000,0,0,,,,,,,,0,0,0,0,0,0,0,0,0,0,0,0,0,0,0,0,0,0,0,0,0,0,0,0,0,0,0,0,0,0,0,0,0,0,0,0,0,0,0,0,0,0,0,0,0,0,0,0,0,0,0,
hello,6_30,11_3_3,4.6183,0,0,0,4.618289,0.0000,0.0000,0.0000,0.0000,0.0000,0.0000,0,0,,,,,,,,0,0,0,0,0,0,0,0,0,0,0,0,0,0,0,0,0,0,0,0,0,0,0,0,0,0,0,0,0,0,0,0,0,0,0,0,0,0,0,0,0,0,0,0,0,0,0,0,0,0,0,
hello,6_30,11_3_3,4.6221,0,0,0,4.622112,0.0000,0.0000,0.0000,0.0000,0.0000,0.0000,0,0,,,,,,,,0,0,0,0,0,0,0,0,0,0,0,0,0,0,0,0,0,0,0,0,0,0,0,0,0,0,0,0,0,0,0,0,0,0,0,0,0,0,0,0,0,0,0,0,0,0,0,0,0,0,0,
hello,6_30,11_3_3,4.6263,0,0,0,4.626327,0.0000,0.0000,0.0000,0.0000,0.0000,0.0000,0,0,,,,,,,,0,0,0,0,0,0,0,0,0,0,0,0,0,0,0,0,0,0,0,0,0,0,0,0,0,0,0,0,0,0,0,0,0,0,0,0,0,0,0,0,0,0,0,0,0,0,0,0,0,0,0,
hello,6_30,11_3_3,4.6307,0,0,0,4.630714,0.0000,0.0000,0.0000,0.0000,0.0000,0.0000,0,0,,,,,,,,0,0,0,0,0,0,0,0,0,0,0,0,0,0,0,0,0,0,0,0,0,0,0,0,0,0,0,0,0,0,0,0,0,0,0,0,0,0,0,0,0,0,0,0,0,0,0,0,0,0,0,
hello,6_30,11_3_3,4.6344,0,0,0,4.634416,0.0000,0.0000,0.0000,0.0000,0.0000,0.0000,0,0,,,,,,,,0,0,0,0,0,0,0,0,0,0,0,0,0,0,0,0,0,0,0,0,0,0,0,0,0,0,0,0,0,0,0,0,0,0,0,0,0,0,0,0,0,0,0,0,0,0,0,0,0,0,0,
hello,6_30,11_3_3,4.6382,0,0,0,4.63818,0.0000,0.0000,0.0000,0.0000,0.0000,0.0000,0,0,,,,,,,,0,0,0,0,0,0,0,0,0,0,0,0,0,0,0,0,0,0,0,0,0,0,0,0,0,0,0,0,0,0,0,0,0,0,0,0,0,0,0,0,0,0,0,0,0,0,0,0,0,0,0,
hello,6_30,11_3_3,4.6423,0,0,0,4.642326,0.0000,0.0000,0.0000,0.0000,0.0000,0.0000,0,0,,,,,,,,0,0,0,0,0,0,0,0,0,0,0,0,0,0,0,0,0,0,0,0,0,0,0,0,0,0,0,0,0,0,0,0,0,0,0,0,0,0,0,0,0,0,0,0,0,0,0,0,0,0,0,
hello,6_30,11_3_3,4.6548,0,0,0,4.654758,0.0000,0.0000,0.0000,0.0000,0.0000,0.0000,0,0,,,,,,,,0,0,0,0,0,0,0,0,0,0,0,0,0,0,0,0,0,0,0,0,0,0,0,0,0,0,0,0,0,0,0,0,0,0,0,0,0,0,0,0,0,0,0,0,0,0,0,0,0,0,0,
hello,6_30,11_3_3,4.6581,0,0,0,4.658051,0.0000,0.0000,0.0000,0.0000,0.0000,0.0000,0,0,,,,,,,,0,0,0,0,0,0,0,0,0,0,0,0,0,0,0,0,0,0,0,0,0,0,0,0,0,0,0,0,0,0,0,0,0,0,0,0,0,0,0,0,0,0,0,0,0,0,0,0,0,0,0,
hello,6_30,11_3_3,4.6613,0,0,0,4.661331,0.0000,0.0000,0.0000,0.0000,0.0000,0.0000,0,0,,,,,,,,0,0,0,0,0,0,0,0,0,0,0,0,0,0,0,0,0,0,0,0,0,0,0,0,0,0,0,0,0,0,0,0,0,0,0,0,0,0,0,0,0,0,0,0,0,0,0,0,0,0,0,
hello,6_30,11_3_3,4.6649,0,0,0,4.664923,0.0000,0.0000,0.0000,0.0000,0.0000,0.0000,0,0,,,,,,,,0,0,0,0,0,0,0,0,0,0,0,0,0,0,0,0,0,0,0,0,0,0,0,0,0,0,0,0,0,0,0,0,0,0,0,0,0,0,0,0,0,0,0,0,0,0,0,0,0,0,0,
hello,6_30,11_3_3,4.6687,0,0,0,4.668668,0.0000,0.0000,0.0000,0.0000,0.0000,0.0000,0,0,,,,,,,,0,0,0,0,0,0,0,0,0,0,0,0,0,0,0,0,0,0,0,0,0,0,0,0,0,0,0,0,0,0,0,0,0,0,0,0,0,0,0,0,0,0,0,0,0,0,0,0,0,0,0,
hello,6_30,11_3_3,4.6724,0,0,0,4.672355,0.0000,0.0000,0.0000,0.0000,0.0000,0.0000,0,0,,,,,,,,0,0,0,0,0,0,0,0,0,0,0,0,0,0,0,0,0,0,0,0,0,0,0,0,0,0,0,0,0,0,0,0,0,0,0,0,0,0,0,0,0,0,0,0,0,0,0,0,0,0,0,
hello,6_30,11_3_3,4.6763,0,0,0,4.676344,0.0000,0.0000,0.0000,0.0000,0.0000,0.0000,0,0,,,,,,,,0,0,0,0,0,0,0,0,0,0,0,0,0,0,0,0,0,0,0,0,0,0,0,0,0,0,0,0,0,0,0,0,0,0,0,0,0,0,0,0,0,0,0,0,0,0,0,0,0,0,0,
hello,6_30,11_3_3,4.6802,0,0,0,4.680233,0.0000,0.0000,0.0000,0.0000,0.0000,0.0000,0,0,,,,,,,,0,0,0,0,0,0,0,0,0,0,0,0,0,0,0,0,0,0,0,0,0,0,0,0,0,0,0,0,0,0,0,0,0,0,0,0,0,0,0,0,0,0,0,0,0,0,0,0,0,0,0,
hello,6_30,11_3_3,4.6848,0,0,0,4.68479,0.0000,0.0000,0.0000,0.0000,0.0000,0.0000,0,0,,,,,,,,0,0,0,0,0,0,0,0,0,0,0,0,0,0,0,0,0,0,0,0,0,0,0,0,0,0,0,0,0,0,0,0,0,0,0,0,0,0,0,0,0,0,0,0,0,0,0,0,0,0,0,
hello,6_30,11_3_3,4.6893,0,0,0,4.689311,0.0000,0.0000,0.0000,0.0000,0.0000,0.0000,0,0,,,,,,,,0,0,0,0,0,0,0,0,0,0,0,0,0,0,0,0,0,0,0,0,0,0,0,0,0,0,0,0,0,0,0,0,0,0,0,0,0,0,0,0,0,0,0,0,0,0,0,0,0,0,0,
hello,6_30,11_3_3,4.6936,0,0,0,4.69358,0.0000,0.0000,0.0000,0.0000,0.0000,0.0000,0,0,,,,,,,,0,0,0,0,0,0,0,0,0,0,0,0,0,0,0,0,0,0,0,0,0,0,0,0,0,0,0,0,0,0,0,0,0,0,0,0,0,0,0,0,0,0,0,0,0,0,0,0,0,0,0,
hello,6_30,11_3_3,4.6975,0,0,0,4.697463,0.0000,0.0000,0.0000,0.0000,0.0000,0.0000,0,0,,,,,,,,0,0,0,0,0,0,0,0,0,0,0,0,0,0,0,0,0,0,0,0,0,0,0,0,0,0,0,0,0,0,0,0,0,0,0,0,0,0,0,0,0,0,0,0,0,0,0,0,0,0,0,
hello,6_30,11_3_3,4.7012,0,0,0,4.70119,0.0000,0.0000,0.0000,0.0000,0.0000,0.0000,0,0,,,,,,,,0,0,0,0,0,0,0,0,0,0,0,0,0,0,0,0,0,0,0,0,0,0,0,0,0,0,0,0,0,0,0,0,0,0,0,0,0,0,0,0,0,0,0,0,0,0,0,0,0,0,0,
hello,6_30,11_3_3,4.7053,0,0,0,4.705345,0.0000,0.0000,0.0000,0.0000,0.0000,0.0000,0,0,,,,,,,,0,0,0,0,0,0,0,0,0,0,0,0,0,0,0,0,0,0,0,0,0,0,0,0,0,0,0,0,0,0,0,0,0,0,0,0,0,0,0,0,0,0,0,0,0,0,0,0,0,0,0,
hello,6_30,11_3_3,4.7094,0,0,0,4.709386,0.0000,0.0000,0.0000,0.0000,0.0000,0.0000,0,0,,,,,,,,0,0,0,0,0,0,0,0,0,0,0,0,0,0,0,0,0,0,0,0,0,0,0,0,0,0,0,0,0,0,0,0,0,0,0,0,0,0,0,0,0,0,0,0,0,0,0,0,0,0,0,
hello,6_30,11_3_3,4.7130,0,0,0,4.713027,0.0000,0.0000,0.0000,0.0000,0.0000,0.0000,0,0,,,,,,,,0,0,0,0,0,0,0,0,0,0,0,0,0,0,0,0,0,0,0,0,0,0,0,0,0,0,0,0,0,0,0,0,0,0,0,0,0,0,0,0,0,0,0,0,0,0,0,0,0,0,0,
hello,6_30,11_3_3,4.7171,0,0,0,4.717113,0.0000,0.0000,0.0000,0.0000,0.0000,0.0000,0,0,,,,,,,,0,0,0,0,0,0,0,0,0,0,0,0,0,0,0,0,0,0,0,0,0,0,0,0,0,0,0,0,0,0,0,0,0,0,0,0,0,0,0,0,0,0,0,0,0,0,0,0,0,0,0,
hello,6_30,11_3_3,4.7214,0,0,0,4.721405,0.0000,0.0000,0.0000,0.0000,0.0000,0.0000,0,0,,,,,,,,0,0,0,0,0,0,0,0,0,0,0,0,0,0,0,0,0,0,0,0,0,0,0,0,0,0,0,0,0,0,0,0,0,0,0,0,0,0,0,0,0,0,0,0,0,0,0,0,0,0,0,
hello,6_30,11_3_3,4.7257,0,0,0,4.725689,0.0000,0.0000,0.0000,0.0000,0.0000,0.0000,0,0,,,,,,,,0,0,0,0,0,0,0,0,0,0,0,0,0,0,0,0,0,0,0,0,0,0,0,0,0,0,0,0,0,0,0,0,0,0,0,0,0,0,0,0,0,0,0,0,0,0,0,0,0,0,0,
hello,6_30,11_3_3,4.7295,0,0,0,4.72952,0.0000,0.0000,0.0000,0.0000,0.0000,0.0000,0,0,,,,,,,,0,0,0,0,0,0,0,0,0,0,0,0,0,0,0,0,0,0,0,0,0,0,0,0,0,0,0,0,0,0,0,0,0,0,0,0,0,0,0,0,0,0,0,0,0,0,0,0,0,0,0,
hello,6_30,11_3_3,4.7333,0,0,0,4.733257,0.0000,0.0000,0.0000,0.0000,0.0000,0.0000,0,0,,,,,,,,0,0,0,0,0,0,0,0,0,0,0,0,0,0,0,0,0,0,0,0,0,0,0,0,0,0,0,0,0,0,0,0,0,0,0,0,0,0,0,0,0,0,0,0,0,0,0,0,0,0,0,
hello,6_30,11_3_3,4.7373,0,0,0,4.737339,0.0000,0.0000,0.0000,0.0000,0.0000,0.0000,0,0,,,,,,,,0,0,0,0,0,0,0,0,0,0,0,0,0,0,0,0,0,0,0,0,0,0,0,0,0,0,0,0,0,0,0,0,0,0,0,0,0,0,0,0,0,0,0,0,0,0,0,0,0,0,0,
hello,6_30,11_3_3,4.7416,0,0,0,4.741584,0.0000,0.0000,0.0000,0.0000,0.0000,0.0000,0,0,,,,,,,,0,0,0,0,0,0,0,0,0,0,0,0,0,0,0,0,0,0,0,0,0,0,0,0,0,0,0,0,0,0,0,0,0,0,0,0,0,0,0,0,0,0,0,0,0,0,0,0,0,0,0,
hello,6_30,11_3_3,4.7452,0,0,0,4.745155,0.0000,0.0000,0.0000,0.0000,0.0000,0.0000,0,0,,,,,,,,0,0,0,0,0,0,0,0,0,0,0,0,0,0,0,0,0,0,0,0,0,0,0,0,0,0,0,0,0,0,0,0,0,0,0,0,0,0,0,0,0,0,0,0,0,0,0,0,0,0,0,
hello,6_30,11_3_3,4.7492,0,0,0,4.74917,0.0000,0.0000,0.0000,0.0000,0.0000,0.0000,0,0,,,,,,,,0,0,0,0,0,0,0,0,0,0,0,0,0,0,0,0,0,0,0,0,0,0,0,0,0,0,0,0,0,0,0,0,0,0,0,0,0,0,0,0,0,0,0,0,0,0,0,0,0,0,0,
hello,6_30,11_3_3,4.7532,0,0,0,4.753168,0.0000,0.0000,0.0000,0.0000,0.0000,0.0000,0,0,,,,,,,,0,0,0,0,0,0,0,0,0,0,0,0,0,0,0,0,0,0,0,0,0,0,0,0,0,0,0,0,0,0,0,0,0,0,0,0,0,0,0,0,0,0,0,0,0,0,0,0,0,0,0,
hello,6_30,11_3_3,4.7571,0,0,0,4.757083,0.0000,0.0000,0.0000,0.0000,0.0000,0.0000,0,0,,,,,,,,0,0,0,0,0,0,0,0,0,0,0,0,0,0,0,0,0,0,0,0,0,0,0,0,0,0,0,0,0,0,0,0,0,0,0,0,0,0,0,0,0,0,0,0,0,0,0,0,0,0,0,
hello,6_30,11_3_3,4.7607,0,0,0,4.760669,0.0000,0.0000,0.0000,0.0000,0.0000,0.0000,0,0,,,,,,,,0,0,0,0,0,0,0,0,0,0,0,0,0,0,0,0,0,0,0,0,0,0,0,0,0,0,0,0,0,0,0,0,0,0,0,0,0,0,0,0,0,0,0,0,0,0,0,0,0,0,0,
hello,6_30,11_3_3,4.7645,0,0,0,4.764472,0.0000,0.0000,0.0000,0.0000,0.0000,0.0000,0,0,,,,,,,,0,0,0,0,0,0,0,0,0,0,0,0,0,0,0,0,0,0,0,0,0,0,0,0,0,0,0,0,0,0,0,0,0,0,0,0,0,0,0,0,0,0,0,0,0,0,0,0,0,0,0,
hello,6_30,11_3_3,4.7680,0,0,0,4.767965,0.0000,0.0000,0.0000,0.0000,0.0000,0.0000,0,0,,,,,,,,0,0,0,0,0,0,0,0,0,0,0,0,0,0,0,0,0,0,0,0,0,0,0,0,0,0,0,0,0,0,0,0,0,0,0,0,0,0,0,0,0,0,0,0,0,0,0,0,0,0,0,
hello,6_30,11_3_3,4.7720,0,0,0,4.772017,0.0000,0.0000,0.0000,0.0000,0.0000,0.0000,0,0,,,,,,,,0,0,0,0,0,0,0,0,0,0,0,0,0,0,0,0,0,0,0,0,0,0,0,0,0,0,0,0,0,0,0,0,0,0,0,0,0,0,0,0,0,0,0,0,0,0,0,0,0,0,0,
hello,6_30,11_3_3,4.7758,0,0,0,4.775846,0.0000,0.0000,0.0000,0.0000,0.0000,0.0000,0,0,,,,,,,,0,0,0,0,0,0,0,0,0,0,0,0,0,0,0,0,0,0,0,0,0,0,0,0,0,0,0,0,0,0,0,0,0,0,0,0,0,0,0,0,0,0,0,0,0,0,0,0,0,0,0,
hello,6_30,11_3_3,4.7797,0,0,0,4.779685,0.0000,0.0000,0.0000,0.0000,0.0000,0.0000,0,0,,,,,,,,0,0,0,0,0,0,0,0,0,0,0,0,0,0,0,0,0,0,0,0,0,0,0,0,0,0,0,0,0,0,0,0,0,0,0,0,0,0,0,0,0,0,0,0,0,0,0,0,0,0,0,
hello,6_30,11_3_3,4.7834,0,0,0,4.783415,0.0000,0.0000,0.0000,0.0000,0.0000,0.0000,0,0,,,,,,,,0,0,0,0,0,0,0,0,0,0,0,0,0,0,0,0,0,0,0,0,0,0,0,0,0,0,0,0,0,0,0,0,0,0,0,0,0,0,0,0,0,0,0,0,0,0,0,0,0,0,0,
hello,6_30,11_3_3,4.7874,0,0,0,4.787391,0.0000,0.0000,0.0000,0.0000,0.0000,0.0000,0,0,,,,,,,,0,0,0,0,0,0,0,0,0,0,0,0,0,0,0,0,0,0,0,0,0,0,0,0,0,0,0,0,0,0,0,0,0,0,0,0,0,0,0,0,0,0,0,0,0,0,0,0,0,0,0,
hello,6_30,11_3_3,4.7920,0,0,0,4.791996,0.0000,0.0000,0.0000,0.0000,0.0000,0.0000,0,0,,,,,,,,0,0,0,0,0,0,0,0,0,0,0,0,0,0,0,0,0,0,0,0,0,0,0,0,0,0,0,0,0,0,0,0,0,0,0,0,0,0,0,0,0,0,0,0,0,0,0,0,0,0,0,
hello,6_30,11_3_3,4.7971,0,0,0,4.797101,0.0000,0.0000,0.0000,0.0000,0.0000,0.0000,0,0,,,,,,,,0,0,0,0,0,0,0,0,0,0,0,0,0,0,0,0,0,0,0,0,0,0,0,0,0,0,0,0,0,0,0,0,0,0,0,0,0,0,0,0,0,0,0,0,0,0,0,0,0,0,0,
hello,6_30,11_3_3,4.8022,0,0,0,4.802214,0.0000,0.0000,0.0000,0.0000,0.0000,0.0000,0,0,,,,,,,,0,0,0,0,0,0,0,0,0,0,0,0,0,0,0,0,0,0,0,0,0,0,0,0,0,0,0,0,0,0,0,0,0,0,0,0,0,0,0,0,0,0,0,0,0,0,0,0,0,0,0,
hello,6_30,11_3_3,4.8072,0,0,0,4.807188,0.0000,0.0000,0.0000,0.0000,0.0000,0.0000,0,0,,,,,,,,0,0,0,0,0,0,0,0,0,0,0,0,0,0,0,0,0,0,0,0,0,0,0,0,0,0,0,0,0,0,0,0,0,0,0,0,0,0,0,0,0,0,0,0,0,0,0,0,0,0,0,
hello,6_30,11_3_3,4.8126,0,0,0,4.812551,0.0000,0.0000,0.0000,0.0000,0.0000,0.0000,0,0,,,,,,,,0,0,0,0,0,0,0,0,0,0,0,0,0,0,0,0,0,0,0,0,0,0,0,0,0,0,0,0,0,0,0,0,0,0,0,0,0,0,0,0,0,0,0,0,0,0,0,0,0,0,0,
hello,6_30,11_3_3,4.8245,0,0,0,4.824481,0.0000,0.0000,0.0000,0.0000,0.0000,0.0000,0,0,,,,,,,,0,0,0,0,0,0,0,0,0,0,0,0,0,0,0,0,0,0,0,0,0,0,0,0,0,0,0,0,0,0,0,0,0,0,0,0,0,0,0,0,0,0,0,0,0,0,0,0,0,0,0,
hello,6_30,11_3_3,4.8295,0,0,0,4.829542,0.0000,0.0000,0.0000,0.0000,0.0000,0.0000,0,0,,,,,,,,0,0,0,0,0,0,0,0,0,0,0,0,0,0,0,0,0,0,0,0,0,0,0,0,0,0,0,0,0,0,0,0,0,0,0,0,0,0,0,0,0,0,0,0,0,0,0,0,0,0,0,
hello,6_30,11_3_3,4.8347,0,0,0,4.834652,0.0000,0.0000,0.0000,0.0000,0.0000,0.0000,0,0,,,,,,,,0,0,0,0,0,0,0,0,0,0,0,0,0,0,0,0,0,0,0,0,0,0,0,0,0,0,0,0,0,0,0,0,0,0,0,0,0,0,0,0,0,0,0,0,0,0,0,0,0,0,0,
hello,6_30,11_3_3,4.8401,0,0,0,4.840069,0.0000,0.0000,0.0000,0.0000,0.0000,0.0000,0,0,,,,,,,,0,0,0,0,0,0,0,0,0,0,0,0,0,0,0,0,0,0,0,0,0,0,0,0,0,0,0,0,0,0,0,0,0,0,0,0,0,0,0,0,0,0,0,0,0,0,0,0,0,0,0,
hello,6_30,11_3_3,4.8452,0,0,0,4.845153,0.0000,0.0000,0.0000,0.0000,0.0000,0.0000,0,0,,,,,,,,0,0,0,0,0,0,0,0,0,0,0,0,0,0,0,0,0,0,0,0,0,0,0,0,0,0,0,0,0,0,0,0,0,0,0,0,0,0,0,0,0,0,0,0,0,0,0,0,0,0,0,
hello,6_30,11_3_3,4.8567,0,0,0,4.856698,0.0000,0.0000,0.0000,0.0000,0.0000,0.0000,0,0,,,,,,,,0,0,0,0,0,0,0,0,0,0,0,0,0,0,0,0,0,0,0,0,0,0,0,0,0,0,0,0,0,0,0,0,0,0,0,0,0,0,0,0,0,0,0,0,0,0,0,0,0,0,0,
hello,6_30,11_3_3,4.8615,0,0,0,4.861505,0.0000,0.0000,0.0000,0.0000,0.0000,0.0000,0,0,,,,,,,,0,0,0,0,0,0,0,0,0,0,0,0,0,0,0,0,0,0,0,0,0,0,0,0,0,0,0,0,0,0,0,0,0,0,0,0,0,0,0,0,0,0,0,0,0,0,0,0,0,0,0,
hello,6_30,11_3_3,4.8670,0,0,0,4.867031,0.0000,0.0000,0.0000,0.0000,0.0000,0.0000,0,0,,,,,,,,0,0,0,0,0,0,0,0,0,0,0,0,0,0,0,0,0,0,0,0,0,0,0,0,0,0,0,0,0,0,0,0,0,0,0,0,0,0,0,0,0,0,0,0,0,0,0,0,0,0,0,
hello,6_30,11_3_3,4.8723,0,0,0,4.872346,0.0000,0.0000,0.0000,0.0000,0.0000,0.0000,0,0,,,,,,,,0,0,0,0,0,0,0,0,0,0,0,0,0,0,0,0,0,0,0,0,0,0,0,0,0,0,0,0,0,0,0,0,0,0,0,0,0,0,0,0,0,0,0,0,0,0,0,0,0,0,0,
hello,6_30,11_3_3,4.8765,0,0,0,4.876476,0.0000,0.0000,0.0000,0.0000,0.0000,0.0000,0,0,,,,,,,,0,0,0,0,0,0,0,0,0,0,0,0,0,0,0,0,0,0,0,0,0,0,0,0,0,0,0,0,0,0,0,0,0,0,0,0,0,0,0,0,0,0,0,0,0,0,0,0,0,0,0,
hello,6_30,11_3_3,4.8804,0,0,0,4.880373,0.0000,0.0000,0.0000,0.0000,0.0000,0.0000,0,0,,,,,,,,0,0,0,0,0,0,0,0,0,0,0,0,0,0,0,0,0,0,0,0,0,0,0,0,0,0,0,0,0,0,0,0,0,0,0,0,0,0,0,0,0,0,0,0,0,0,0,0,0,0,0,
hello,6_30,11_3_3,4.8844,0,0,0,4.884357,0.0000,0.0000,0.0000,0.0000,0.0000,0.0000,0,0,,,,,,,,0,0,0,0,0,0,0,0,0,0,0,0,0,0,0,0,0,0,0,0,0,0,0,0,0,0,0,0,0,0,0,0,0,0,0,0,0,0,0,0,0,0,0,0,0,0,0,0,0,0,0,
hello,6_30,11_3_3,4.8882,0,0,0,4.888232,0.0000,0.0000,0.0000,0.0000,0.0000,0.0000,0,0,,,,,,,,0,0,0,0,0,0,0,0,0,0,0,0,0,0,0,0,0,0,0,0,0,0,0,0,0,0,0,0,0,0,0,0,0,0,0,0,0,0,0,0,0,0,0,0,0,0,0,0,0,0,0,
hello,6_30,11_3_3,4.8921,0,0,0,4.892068,0.0000,0.0000,0.0000,0.0000,0.0000,0.0000,0,0,,,,,,,,0,0,0,0,0,0,0,0,0,0,0,0,0,0,0,0,0,0,0,0,0,0,0,0,0,0,0,0,0,0,0,0,0,0,0,0,0,0,0,0,0,0,0,0,0,0,0,0,0,0,0,
hello,6_30,11_3_3,4.8961,0,0,0,4.896075,0.0000,0.0000,0.0000,0.0000,0.0000,0.0000,0,0,,,,,,,,0,0,0,0,0,0,0,0,0,0,0,0,0,0,0,0,0,0,0,0,0,0,0,0,0,0,0,0,0,0,0,0,0,0,0,0,0,0,0,0,0,0,0,0,0,0,0,0,0,0,0,
hello,6_30,11_3_3,4.9003,0,0,0,4.900263,0.0000,0.0000,0.0000,0.0000,0.0000,0.0000,0,0,,,,,,,,0,0,0,0,0,0,0,0,0,0,0,0,0,0,0,0,0,0,0,0,0,0,0,0,0,0,0,0,0,0,0,0,0,0,0,0,0,0,0,0,0,0,0,0,0,0,0,0,0,0,0,
hello,6_30,11_3_3,4.9041,0,0,0,4.904124,0.0000,0.0000,0.0000,0.0000,0.0000,0.0000,0,0,,,,,,,,0,0,0,0,0,0,0,0,0,0,0,0,0,0,0,0,0,0,0,0,0,0,0,0,0,0,0,0,0,0,0,0,0,0,0,0,0,0,0,0,0,0,0,0,0,0,0,0,0,0,0,
hello,6_30,11_3_3,4.9081,0,0,0,4.90814,0.0000,0.0000,0.0000,0.0000,0.0000,0.0000,0,0,,,,,,,,0,0,0,0,0,0,0,0,0,0,0,0,0,0,0,0,0,0,0,0,0,0,0,0,0,0,0,0,0,0,0,0,0,0,0,0,0,0,0,0,0,0,0,0,0,0,0,0,0,0,0,
hello,6_30,11_3_3,4.9121,0,0,0,4.912081,0.0000,0.0000,0.0000,0.0000,0.0000,0.0000,0,0,,,,,,,,0,0,0,0,0,0,0,0,0,0,0,0,0,0,0,0,0,0,0,0,0,0,0,0,0,0,0,0,0,0,0,0,0,0,0,0,0,0,0,0,0,0,0,0,0,0,0,0,0,0,0,
hello,6_30,11_3_3,4.9160,0,0,0,4.915959,0.0000,0.0000,0.0000,0.0000,0.0000,0.0000,0,0,,,,,,,,0,0,0,0,0,0,0,0,0,0,0,0,0,0,0,0,0,0,0,0,0,0,0,0,0,0,0,0,0,0,0,0,0,0,0,0,0,0,0,0,0,0,0,0,0,0,0,0,0,0,0,
hello,6_30,11_3_3,4.9195,0,0,0,4.919458,0.0000,0.0000,0.0000,0.0000,0.0000,0.0000,0,0,,,,,,,,0,0,0,0,0,0,0,0,0,0,0,0,0,0,0,0,0,0,0,0,0,0,0,0,0,0,0,0,0,0,0,0,0,0,0,0,0,0,0,0,0,0,0,0,0,0,0,0,0,0,0,
hello,6_30,11_3_3,4.9231,0,0,0,4.923101,0.0000,0.0000,0.0000,0.0000,0.0000,0.0000,0,0,,,,,,,,0,0,0,0,0,0,0,0,0,0,0,0,0,0,0,0,0,0,0,0,0,0,0,0,0,0,0,0,0,0,0,0,0,0,0,0,0,0,0,0,0,0,0,0,0,0,0,0,0,0,0,
hello,6_30,11_3_3,4.9273,0,0,0,4.927251,0.0000,0.0000,0.0000,0.0000,0.0000,0.0000,0,0,,,,,,,,0,0,0,0,0,0,0,0,0,0,0,0,0,0,0,0,0,0,0,0,0,0,0,0,0,0,0,0,0,0,0,0,0,0,0,0,0,0,0,0,0,0,0,0,0,0,0,0,0,0,0,
hello,6_30,11_3_3,4.9310,0,0,0,4.931039,0.0000,0.0000,0.0000,0.0000,0.0000,0.0000,0,0,,,,,,,,0,0,0,0,0,0,0,0,0,0,0,0,0,0,0,0,0,0,0,0,0,0,0,0,0,0,0,0,0,0,0,0,0,0,0,0,0,0,0,0,0,0,0,0,0,0,0,0,0,0,0,
hello,6_30,11_3_3,4.9351,0,0,0,4.935051,0.0000,0.0000,0.0000,0.0000,0.0000,0.0000,0,0,,,,,,,,0,0,0,0,0,0,0,0,0,0,0,0,0,0,0,0,0,0,0,0,0,0,0,0,0,0,0,0,0,0,0,0,0,0,0,0,0,0,0,0,0,0,0,0,0,0,0,0,0,0,0,
hello,6_30,11_3_3,4.9390,0,0,0,4.93901,0.0000,0.0000,0.0000,0.0000,0.0000,0.0000,0,0,,,,,,,,0,0,0,0,0,0,0,0,0,0,0,0,0,0,0,0,0,0,0,0,0,0,0,0,0,0,0,0,0,0,0,0,0,0,0,0,0,0,0,0,0,0,0,0,0,0,0,0,0,0,0,
hello,6_30,11_3_3,4.9426,0,0,0,4.942556,0.0000,0.0000,0.0000,0.0000,0.0000,0.0000,0,0,,,,,,,,0,0,0,0,0,0,0,0,0,0,0,0,0,0,0,0,0,0,0,0,0,0,0,0,0,0,0,0,0,0,0,0,0,0,0,0,0,0,0,0,0,0,0,0,0,0,0,0,0,0,0,
hello,6_30,11_3_3,4.9464,0,0,0,4.946408,0.0000,0.0000,0.0000,0.0000,0.0000,0.0000,0,0,,,,,,,,0,0,0,0,0,0,0,0,0,0,0,0,0,0,0,0,0,0,0,0,0,0,0,0,0,0,0,0,0,0,0,0,0,0,0,0,0,0,0,0,0,0,0,0,0,0,0,0,0,0,0,
hello,6_30,11_3_3,4.9503,0,0,0,4.950345,0.0000,0.0000,0.0000,0.0000,0.0000,0.0000,0,0,,,,,,,,0,0,0,0,0,0,0,0,0,0,0,0,0,0,0,0,0,0,0,0,0,0,0,0,0,0,0,0,0,0,0,0,0,0,0,0,0,0,0,0,0,0,0,0,0,0,0,0,0,0,0,
hello,6_30,11_3_3,4.9542,0,0,0,4.954193,0.0000,0.0000,0.0000,0.0000,0.0000,0.0000,0,0,,,,,,,,0,0,0,0,0,0,0,0,0,0,0,0,0,0,0,0,0,0,0,0,0,0,0,0,0,0,0,0,0,0,0,0,0,0,0,0,0,0,0,0,0,0,0,0,0,0,0,0,0,0,0,
hello,6_30,11_3_3,4.9581,0,0,0,4.958087,0.0000,0.0000,0.0000,0.0000,0.0000,0.0000,0,0,,,,,,,,0,0,0,0,0,0,0,0,0,0,0,0,0,0,0,0,0,0,0,0,0,0,0,0,0,0,0,0,0,0,0,0,0,0,0,0,0,0,0,0,0,0,0,0,0,0,0,0,0,0,0,
hello,6_30,11_3_3,4.9623,0,0,0,4.962301,0.0000,0.0000,0.0000,0.0000,0.0000,0.0000,0,0,,,,,,,,0,0,0,0,0,0,0,0,0,0,0,0,0,0,0,0,0,0,0,0,0,0,0,0,0,0,0,0,0,0,0,0,0,0,0,0,0,0,0,0,0,0,0,0,0,0,0,0,0,0,0,
hello,6_30,11_3_3,4.9672,0,0,0,4.967169,0.0000,0.0000,0.0000,0.0000,0.0000,0.0000,0,0,,,,,,,,0,0,0,0,0,0,0,0,0,0,0,0,0,0,0,0,0,0,0,0,0,0,0,0,0,0,0,0,0,0,0,0,0,0,0,0,0,0,0,0,0,0,0,0,0,0,0,0,0,0,0,
hello,6_30,11_3_3,4.9711,0,0,0,4.971115,0.0000,0.0000,0.0000,0.0000,0.0000,0.0000,0,0,,,,,,,,0,0,0,0,0,0,0,0,0,0,0,0,0,0,0,0,0,0,0,0,0,0,0,0,0,0,0,0,0,0,0,0,0,0,0,0,0,0,0,0,0,0,0,0,0,0,0,0,0,0,0,
hello,6_30,11_3_3,4.9748,0,0,0,4.974834,0.0000,0.0000,0.0000,0.0000,0.0000,0.0000,0,0,,,,,,,,0,0,0,0,0,0,0,0,0,0,0,0,0,0,0,0,0,0,0,0,0,0,0,0,0,0,0,0,0,0,0,0,0,0,0,0,0,0,0,0,0,0,0,0,0,0,0,0,0,0,0,
hello,6_30,11_3_3,4.9784,0,0,0,4.978392,0.0000,0.0000,0.0000,0.0000,0.0000,0.0000,0,0,,,,,,,,0,0,0,0,0,0,0,0,0,0,0,0,0,0,0,0,0,0,0,0,0,0,0,0,0,0,0,0,0,0,0,0,0,0,0,0,0,0,0,0,0,0,0,0,0,0,0,0,0,0,0,
hello,6_30,11_3_3,4.9821,0,0,0,4.982114,0.0000,0.0000,0.0000,0.0000,0.0000,0.0000,0,0,,,,,,,,0,0,0,0,0,0,0,0,0,0,0,0,0,0,0,0,0,0,0,0,0,0,0,0,0,0,0,0,0,0,0,0,0,0,0,0,0,0,0,0,0,0,0,0,0,0,0,0,0,0,0,
hello,6_30,11_3_3,4.9875,0,0,0,4.987464,0.0000,0.0000,0.0000,0.0000,0.0000,0.0000,0,0,,,,,,,,0,0,0,0,0,0,0,0,0,0,0,0,0,0,0,0,0,0,0,0,0,0,0,0,0,0,0,0,0,0,0,0,0,0,0,0,0,0,0,0,0,0,0,0,0,0,0,0,0,0,0,
hello,6_30,11_3_3,4.9913,0,0,0,4.991304,0.0000,0.0000,0.0000,0.0000,0.0000,0.0000,0,0,,,,,,,,0,0,0,0,0,0,0,0,0,0,0,0,0,0,0,0,0,0,0,0,0,0,0,0,0,0,0,0,0,0,0,0,0,0,0,0,0,0,0,0,0,0,0,0,0,0,0,0,0,0,0,
hello,6_30,11_3_3,4.9950,0,0,0,4.995039,0.0000,0.0000,0.0000,0.0000,0.0000,0.0000,0,0,,,,,,,,0,0,0,0,0,0,0,0,0,0,0,0,0,0,0,0,0,0,0,0,0,0,0,0,0,0,0,0,0,0,0,0,0,0,0,0,0,0,0,0,0,0,0,0,0,0,0,0,0,0,0,
hello,6_30,11_3_3,4.9995,0,0,0,4.999498,0.0000,0.0000,0.0000,0.0000,0.0000,0.0000,0,0,,,,,,,,0,0,0,0,0,0,0,0,0,0,0,0,0,0,0,0,0,0,0,0,0,0,0,0,0,0,0,0,0,0,0,0,0,0,0,0,0,0,0,0,0,0,0,0,0,0,0,0,0,0,0,
hello,6_30,11_3_3,5.0032,0,0,0,5.003213,0.0000,0.0000,0.0000,0.0000,0.0000,0.0000,0,0,,,,,,,,0,0,0,0,0,0,0,0,0,0,0,0,0,0,0,0,0,0,0,0,0,0,0,0,0,0,0,0,0,0,0,0,0,0,0,0,0,0,0,0,0,0,0,0,0,0,0,0,0,0,0,
hello,6_30,11_3_3,5.0072,0,0,0,5.007202,0.0000,0.0000,0.0000,0.0000,0.0000,0.0000,0,0,,,,,,,,0,0,0,0,0,0,0,0,0,0,0,0,0,0,0,0,0,0,0,0,0,0,0,0,0,0,0,0,0,0,0,0,0,0,0,0,0,0,0,0,0,0,0,0,0,0,0,0,0,0,0,
hello,6_30,11_3_3,5.0111,0,0,0,5.011065,0.0000,0.0000,0.0000,0.0000,0.0000,0.0000,0,0,,,,,,,,0,0,0,0,0,0,0,0,0,0,0,0,0,0,0,0,0,0,0,0,0,0,0,0,0,0,0,0,0,0,0,0,0,0,0,0,0,0,0,0,0,0,0,0,0,0,0,0,0,0,0,
hello,6_30,11_3_3,5.0150,0,0,0,5.015027,0.0000,0.0000,0.0000,0.0000,0.0000,0.0000,0,0,,,,,,,,0,0,0,0,0,0,0,0,0,0,0,0,0,0,0,0,0,0,0,0,0,0,0,0,0,0,0,0,0,0,0,0,0,0,0,0,0,0,0,0,0,0,0,0,0,0,0,0,0,0,0,
hello,6_30,11_3_3,5.0191,0,0,0,5.019081,0.0000,0.0000,0.0000,0.0000,0.0000,0.0000,0,0,,,,,,,,0,0,0,0,0,0,0,0,0,0,0,0,0,0,0,0,0,0,0,0,0,0,0,0,0,0,0,0,0,0,0,0,0,0,0,0,0,0,0,0,0,0,0,0,0,0,0,0,0,0,0,
hello,6_30,11_3_3,5.0230,0,0,0,5.023015,0.0000,0.0000,0.0000,0.0000,0.0000,0.0000,0,0,,,,,,,,0,0,0,0,0,0,0,0,0,0,0,0,0,0,0,0,0,0,0,0,0,0,0,0,0,0,0,0,0,0,0,0,0,0,0,0,0,0,0,0,0,0,0,0,0,0,0,0,0,0,0,
hello,6_30,11_3_3,5.0271,0,0,0,5.027107,0.0000,0.0000,0.0000,0.0000,0.0000,0.0000,0,0,,,,,,,,0,0,0,0,0,0,0,0,0,0,0,0,0,0,0,0,0,0,0,0,0,0,0,0,0,0,0,0,0,0,0,0,0,0,0,0,0,0,0,0,0,0,0,0,0,0,0,0,0,0,0,
hello,6_30,11_3_3,5.0310,0,0,0,5.031024,0.0000,0.0000,0.0000,0.0000,0.0000,0.0000,0,0,,,,,,,,0,0,0,0,0,0,0,0,0,0,0,0,0,0,0,0,0,0,0,0,0,0,0,0,0,0,0,0,0,0,0,0,0,0,0,0,0,0,0,0,0,0,0,0,0,0,0,0,0,0,0,
hello,6_30,11_3_3,5.0350,0,0,0,5.034996,0.0000,0.0000,0.0000,0.0000,0.0000,0.0000,0,0,,,,,,,,0,0,0,0,0,0,0,0,0,0,0,0,0,0,0,0,0,0,0,0,0,0,0,0,0,0,0,0,0,0,0,0,0,0,0,0,0,0,0,0,0,0,0,0,0,0,0,0,0,0,0,
hello,6_30,11_3_3,5.0392,0,0,0,5.039213,0.0000,0.0000,0.0000,0.0000,0.0000,0.0000,0,0,,,,,,,,0,0,0,0,0,0,0,0,0,0,0,0,0,0,0,0,0,0,0,0,0,0,0,0,0,0,0,0,0,0,0,0,0,0,0,0,0,0,0,0,0,0,0,0,0,0,0,0,0,0,0,
hello,6_30,11_3_3,5.0431,0,0,0,5.043148,0.0000,0.0000,0.0000,0.0000,0.0000,0.0000,0,0,,,,,,,,0,0,0,0,0,0,0,0,0,0,0,0,0,0,0,0,0,0,0,0,0,0,0,0,0,0,0,0,0,0,0,0,0,0,0,0,0,0,0,0,0,0,0,0,0,0,0,0,0,0,0,
hello,6_30,11_3_3,5.0471,0,0,0,5.047132,0.0000,0.0000,0.0000,0.0000,0.0000,0.0000,0,0,,,,,,,,0,0,0,0,0,0,0,0,0,0,0,0,0,0,0,0,0,0,0,0,0,0,0,0,0,0,0,0,0,0,0,0,0,0,0,0,0,0,0,0,0,0,0,0,0,0,0,0,0,0,0,
hello,6_30,11_3_3,5.0583,0,0,0,5.058265,0.0000,0.0000,0.0000,0.0000,0.0000,0.0000,0,0,,,,,,,,0,0,0,0,0,0,0,0,0,0,0,0,0,0,0,0,0,0,0,0,0,0,0,0,0,0,0,0,0,0,0,0,0,0,0,0,0,0,0,0,0,0,0,0,0,0,0,0,0,0,0,
hello,6_30,11_3_3,5.0619,0,0,0,5.061868,0.0000,0.0000,0.0000,0.0000,0.0000,0.0000,0,0,,,,,,,,0,0,0,0,0,0,0,0,0,0,0,0,0,0,0,0,0,0,0,0,0,0,0,0,0,0,0,0,0,0,0,0,0,0,0,0,0,0,0,0,0,0,0,0,0,0,0,0,0,0,0,
hello,6_30,11_3_3,5.0660,0,0,0,5.065973,0.0000,0.0000,0.0000,0.0000,0.0000,0.0000,0,0,,,,,,,,0,0,0,0,0,0,0,0,0,0,0,0,0,0,0,0,0,0,0,0,0,0,0,0,0,0,0,0,0,0,0,0,0,0,0,0,0,0,0,0,0,0,0,0,0,0,0,0,0,0,0,
hello,6_30,11_3_3,5.0695,0,0,0,5.06949,0.0000,0.0000,0.0000,0.0000,0.0000,0.0000,0,0,,,,,,,,0,0,0,0,0,0,0,0,0,0,0,0,0,0,0,0,0,0,0,0,0,0,0,0,0,0,0,0,0,0,0,0,0,0,0,0,0,0,0,0,0,0,0,0,0,0,0,0,0,0,0,
hello,6_30,11_3_3,5.0731,0,0,0,5.073075,0.0000,0.0000,0.0000,0.0000,0.0000,0.0000,0,0,,,,,,,,0,0,0,0,0,0,0,0,0,0,0,0,0,0,0,0,0,0,0,0,0,0,0,0,0,0,0,0,0,0,0,0,0,0,0,0,0,0,0,0,0,0,0,0,0,0,0,0,0,0,0,
hello,6_30,11_3_3,5.0773,0,0,0,5.077332,0.0000,0.0000,0.0000,0.0000,0.0000,0.0000,0,0,,,,,,,,0,0,0,0,0,0,0,0,0,0,0,0,0,0,0,0,0,0,0,0,0,0,0,0,0,0,0,0,0,0,0,0,0,0,0,0,0,0,0,0,0,0,0,0,0,0,0,0,0,0,0,
hello,6_30,11_3_3,5.0812,0,0,0,5.081186,0.0000,0.0000,0.0000,0.0000,0.0000,0.0000,0,0,,,,,,,,0,0,0,0,0,0,0,0,0,0,0,0,0,0,0,0,0,0,0,0,0,0,0,0,0,0,0,0,0,0,0,0,0,0,0,0,0,0,0,0,0,0,0,0,0,0,0,0,0,0,0,
hello,6_30,11_3_3,5.0852,0,0,0,5.085238,0.0000,0.0000,0.0000,0.0000,0.0000,0.0000,0,0,,,,,,,,0,0,0,0,0,0,0,0,0,0,0,0,0,0,0,0,0,0,0,0,0,0,0,0,0,0,0,0,0,0,0,0,0,0,0,0,0,0,0,0,0,0,0,0,0,0,0,0,0,0,0,
hello,6_30,11_3_3,5.0890,0,0,0,5.089017,0.0000,0.0000,0.0000,0.0000,0.0000,0.0000,0,0,,,,,,,,0,0,0,0,0,0,0,0,0,0,0,0,0,0,0,0,0,0,0,0,0,0,0,0,0,0,0,0,0,0,0,0,0,0,0,0,0,0,0,0,0,0,0,0,0,0,0,0,0,0,0,
hello,6_30,11_3_3,5.0927,0,0,0,5.092713,0.0000,0.0000,0.0000,0.0000,0.0000,0.0000,0,0,,,,,,,,0,0,0,0,0,0,0,0,0,0,0,0,0,0,0,0,0,0,0,0,0,0,0,0,0,0,0,0,0,0,0,0,0,0,0,0,0,0,0,0,0,0,0,0,0,0,0,0,0,0,0,
hello,6_30,11_3_3,5.0959,0,0,0,5.095863,0.0000,0.0000,0.0000,0.0000,0.0000,0.0000,0,0,,,,,,,,0,0,0,0,0,0,0,0,0,0,0,0,0,0,0,0,0,0,0,0,0,0,0,0,0,0,0,0,0,0,0,0,0,0,0,0,0,0,0,0,0,0,0,0,0,0,0,0,0,0,0,
hello,6_30,11_3_3,5.0995,0,0,0,5.099473,0.0000,0.0000,0.0000,0.0000,0.0000,0.0000,0,0,,,,,,,,0,0,0,0,0,0,0,0,0,0,0,0,0,0,0,0,0,0,0,0,0,0,0,0,0,0,0,0,0,0,0,0,0,0,0,0,0,0,0,0,0,0,0,0,0,0,0,0,0,0,0,
hello,6_30,11_3_3,5.1028,0,0,0,5.102759,0.0000,0.0000,0.0000,0.0000,0.0000,0.0000,0,0,,,,,,,,0,0,0,0,0,0,0,0,0,0,0,0,0,0,0,0,0,0,0,0,0,0,0,0,0,0,0,0,0,0,0,0,0,0,0,0,0,0,0,0,0,0,0,0,0,0,0,0,0,0,0,
hello,6_30,11_3_3,5.1064,0,0,0,5.106393,0.0000,0.0000,0.0000,0.0000,0.0000,0.0000,0,0,,,,,,,,0,0,0,0,0,0,0,0,0,0,0,0,0,0,0,0,0,0,0,0,0,0,0,0,0,0,0,0,0,0,0,0,0,0,0,0,0,0,0,0,0,0,0,0,0,0,0,0,0,0,0,
hello,6_30,11_3_3,5.1100,0,0,0,5.109961,0.0000,0.0000,0.0000,0.0000,0.0000,0.0000,0,0,,,,,,,,0,0,0,0,0,0,0,0,0,0,0,0,0,0,0,0,0,0,0,0,0,0,0,0,0,0,0,0,0,0,0,0,0,0,0,0,0,0,0,0,0,0,0,0,0,0,0,0,0,0,0,
hello,6_30,11_3_3,5.1135,0,0,0,5.113471,0.0000,0.0000,0.0000,0.0000,0.0000,0.0000,0,0,,,,,,,,0,0,0,0,0,0,0,0,0,0,0,0,0,0,0,0,0,0,0,0,0,0,0,0,0,0,0,0,0,0,0,0,0,0,0,0,0,0,0,0,0,0,0,0,0,0,0,0,0,0,0,
hello,6_30,11_3_3,5.1169,0,0,0,5.116946,0.0000,0.0000,0.0000,0.0000,0.0000,0.0000,0,0,,,,,,,,0,0,0,0,0,0,0,0,0,0,0,0,0,0,0,0,0,0,0,0,0,0,0,0,0,0,0,0,0,0,0,0,0,0,0,0,0,0,0,0,0,0,0,0,0,0,0,0,0,0,0,
hello,6_30,11_3_3,5.1207,0,0,0,5.120739,0.0000,0.0000,0.0000,0.0000,0.0000,0.0000,0,0,,,,,,,,0,0,0,0,0,0,0,0,0,0,0,0,0,0,0,0,0,0,0,0,0,0,0,0,0,0,0,0,0,0,0,0,0,0,0,0,0,0,0,0,0,0,0,0,0,0,0,0,0,0,0,
hello,6_30,11_3_3,5.1243,0,0,0,5.124298,0.0000,0.0000,0.0000,0.0000,0.0000,0.0000,0,0,,,,,,,,0,0,0,0,0,0,0,0,0,0,0,0,0,0,0,0,0,0,0,0,0,0,0,0,0,0,0,0,0,0,0,0,0,0,0,0,0,0,0,0,0,0,0,0,0,0,0,0,0,0,0,
hello,6_30,11_3_3,5.1279,0,0,0,5.127884,0.0000,0.0000,0.0000,0.0000,0.0000,0.0000,0,0,,,,,,,,0,0,0,0,0,0,0,0,0,0,0,0,0,0,0,0,0,0,0,0,0,0,0,0,0,0,0,0,0,0,0,0,0,0,0,0,0,0,0,0,0,0,0,0,0,0,0,0,0,0,0,
hello,6_30,11_3_3,5.1314,0,0,0,5.131449,0.0000,0.0000,0.0000,0.0000,0.0000,0.0000,0,0,,,,,,,,0,0,0,0,0,0,0,0,0,0,0,0,0,0,0,0,0,0,0,0,0,0,0,0,0,0,0,0,0,0,0,0,0,0,0,0,0,0,0,0,0,0,0,0,0,0,0,0,0,0,0,
hello,6_30,11_3_3,5.1352,0,0,0,5.135205,0.0000,0.0000,0.0000,0.0000,0.0000,0.0000,0,0,,,,,,,,0,0,0,0,0,0,0,0,0,0,0,0,0,0,0,0,0,0,0,0,0,0,0,0,0,0,0,0,0,0,0,0,0,0,0,0,0,0,0,0,0,0,0,0,0,0,0,0,0,0,0,
hello,6_30,11_3_3,5.1393,0,0,0,5.139277,0.0000,0.0000,0.0000,0.0000,0.0000,0.0000,0,0,,,,,,,,0,0,0,0,0,0,0,0,0,0,0,0,0,0,0,0,0,0,0,0,0,0,0,0,0,0,0,0,0,0,0,0,0,0,0,0,0,0,0,0,0,0,0,0,0,0,0,0,0,0,0,
hello,6_30,11_3_3,5.1430,0,0,0,5.142951,0.0000,0.0000,0.0000,0.0000,0.0000,0.0000,0,0,,,,,,,,0,0,0,0,0,0,0,0,0,0,0,0,0,0,0,0,0,0,0,0,0,0,0,0,0,0,0,0,0,0,0,0,0,0,0,0,0,0,0,0,0,0,0,0,0,0,0,0,0,0,0,
hello,6_30,11_3_3,5.1470,0,0,0,5.147048,0.0000,0.0000,0.0000,0.0000,0.0000,0.0000,0,0,,,,,,,,0,0,0,0,0,0,0,0,0,0,0,0,0,0,0,0,0,0,0,0,0,0,0,0,0,0,0,0,0,0,0,0,0,0,0,0,0,0,0,0,0,0,0,0,0,0,0,0,0,0,0,
hello,6_30,11_3_3,5.1506,0,0,0,5.150592,0.0000,0.0000,0.0000,0.0000,0.0000,0.0000,0,0,,,,,,,,0,0,0,0,0,0,0,0,0,0,0,0,0,0,0,0,0,0,0,0,0,0,0,0,0,0,0,0,0,0,0,0,0,0,0,0,0,0,0,0,0,0,0,0,0,0,0,0,0,0,0,
hello,6_30,11_3_3,5.1544,0,0,0,5.154395,0.0000,0.0000,0.0000,0.0000,0.0000,0.0000,0,0,,,,,,,,0,0,0,0,0,0,0,0,0,0,0,0,0,0,0,0,0,0,0,0,0,0,0,0,0,0,0,0,0,0,0,0,0,0,0,0,0,0,0,0,0,0,0,0,0,0,0,0,0,0,0,
hello,6_30,11_3_3,5.1582,0,0,0,5.158163,0.0000,0.0000,0.0000,0.0000,0.0000,0.0000,0,0,,,,,,,,0,0,0,0,0,0,0,0,0,0,0,0,0,0,0,0,0,0,0,0,0,0,0,0,0,0,0,0,0,0,0,0,0,0,0,0,0,0,0,0,0,0,0,0,0,0,0,0,0,0,0,
hello,6_30,11_3_3,5.1621,0,0,0,5.162101,0.0000,0.0000,0.0000,0.0000,0.0000,0.0000,0,0,,,,,,,,0,0,0,0,0,0,0,0,0,0,0,0,0,0,0,0,0,0,0,0,0,0,0,0,0,0,0,0,0,0,0,0,0,0,0,0,0,0,0,0,0,0,0,0,0,0,0,0,0,0,0,
hello,6_30,11_3_3,5.1661,0,0,0,5.166146,0.0000,0.0000,0.0000,0.0000,0.0000,0.0000,0,0,,,,,,,,0,0,0,0,0,0,0,0,0,0,0,0,0,0,0,0,0,0,0,0,0,0,0,0,0,0,0,0,0,0,0,0,0,0,0,0,0,0,0,0,0,0,0,0,0,0,0,0,0,0,0,
hello,6_30,11_3_3,5.1701,0,0,0,5.170105,0.0000,0.0000,0.0000,0.0000,0.0000,0.0000,0,0,,,,,,,,0,0,0,0,0,0,0,0,0,0,0,0,0,0,0,0,0,0,0,0,0,0,0,0,0,0,0,0,0,0,0,0,0,0,0,0,0,0,0,0,0,0,0,0,0,0,0,0,0,0,0,
hello,6_30,11_3_3,5.1742,0,0,0,5.174196,0.0000,0.0000,0.0000,0.0000,0.0000,0.0000,0,0,,,,,,,,0,0,0,0,0,0,0,0,0,0,0,0,0,0,0,0,0,0,0,0,0,0,0,0,0,0,0,0,0,0,0,0,0,0,0,0,0,0,0,0,0,0,0,0,0,0,0,0,0,0,0,
hello,6_30,11_3_3,5.1781,0,0,0,5.178106,0.0000,0.0000,0.0000,0.0000,0.0000,0.0000,0,0,,,,,,,,0,0,0,0,0,0,0,0,0,0,0,0,0,0,0,0,0,0,0,0,0,0,0,0,0,0,0,0,0,0,0,0,0,0,0,0,0,0,0,0,0,0,0,0,0,0,0,0,0,0,0,
hello,6_30,11_3_3,5.1820,0,0,0,5.181983,0.0000,0.0000,0.0000,0.0000,0.0000,0.0000,0,0,,,,,,,,0,0,0,0,0,0,0,0,0,0,0,0,0,0,0,0,0,0,0,0,0,0,0,0,0,0,0,0,0,0,0,0,0,0,0,0,0,0,0,0,0,0,0,0,0,0,0,0,0,0,0,
hello,6_30,11_3_3,5.1858,0,0,0,5.185822,0.0000,0.0000,0.0000,0.0000,0.0000,0.0000,0,0,,,,,,,,0,0,0,0,0,0,0,0,0,0,0,0,0,0,0,0,0,0,0,0,0,0,0,0,0,0,0,0,0,0,0,0,0,0,0,0,0,0,0,0,0,0,0,0,0,0,0,0,0,0,0,
hello,6_30,11_3_3,5.1894,0,0,0,5.189365,0.0000,0.0000,0.0000,0.0000,0.0000,0.0000,0,0,,,,,,,,0,0,0,0,0,0,0,0,0,0,0,0,0,0,0,0,0,0,0,0,0,0,0,0,0,0,0,0,0,0,0,0,0,0,0,0,0,0,0,0,0,0,0,0,0,0,0,0,0,0,0,
hello,6_30,11_3_3,5.1930,0,0,0,5.193039,0.0000,0.0000,0.0000,0.0000,0.0000,0.0000,0,0,,,,,,,,0,0,0,0,0,0,0,0,0,0,0,0,0,0,0,0,0,0,0,0,0,0,0,0,0,0,0,0,0,0,0,0,0,0,0,0,0,0,0,0,0,0,0,0,0,0,0,0,0,0,0,
hello,6_30,11_3_3,5.1968,0,0,0,5.196825,0.0000,0.0000,0.0000,0.0000,0.0000,0.0000,0,0,,,,,,,,0,0,0,0,0,0,0,0,0,0,0,0,0,0,0,0,0,0,0,0,0,0,0,0,0,0,0,0,0,0,0,0,0,0,0,0,0,0,0,0,0,0,0,0,0,0,0,0,0,0,0,
hello,6_30,11_3_3,5.2005,0,0,0,5.200451,0.0000,0.0000,0.0000,0.0000,0.0000,0.0000,0,0,,,,,,,,0,0,0,0,0,0,0,0,0,0,0,0,0,0,0,0,0,0,0,0,0,0,0,0,0,0,0,0,0,0,0,0,0,0,0,0,0,0,0,0,0,0,0,0,0,0,0,0,0,0,0,
hello,6_30,11_3_3,5.2043,0,0,0,5.204329,0.0000,0.0000,0.0000,0.0000,0.0000,0.0000,0,0,,,,,,,,0,0,0,0,0,0,0,0,0,0,0,0,0,0,0,0,0,0,0,0,0,0,0,0,0,0,0,0,0,0,0,0,0,0,0,0,0,0,0,0,0,0,0,0,0,0,0,0,0,0,0,
hello,6_30,11_3_3,5.2075,0,0,0,5.207548,0.0000,0.0000,0.0000,0.0000,0.0000,0.0000,0,0,,,,,,,,0,0,0,0,0,0,0,0,0,0,0,0,0,0,0,0,0,0,0,0,0,0,0,0,0,0,0,0,0,0,0,0,0,0,0,0,0,0,0,0,0,0,0,0,0,0,0,0,0,0,0,
hello,6_30,11_3_3,5.2108,0,0,0,5.210808,0.0000,0.0000,0.0000,0.0000,0.0000,0.0000,0,0,,,,,,,,0,0,0,0,0,0,0,0,0,0,0,0,0,0,0,0,0,0,0,0,0,0,0,0,0,0,0,0,0,0,0,0,0,0,0,0,0,0,0,0,0,0,0,0,0,0,0,0,0,0,0,
hello,6_30,11_3_3,5.2143,0,0,0,5.214262,0.0000,0.0000,0.0000,0.0000,0.0000,0.0000,0,0,,,,,,,,0,0,0,0,0,0,0,0,0,0,0,0,0,0,0,0,0,0,0,0,0,0,0,0,0,0,0,0,0,0,0,0,0,0,0,0,0,0,0,0,0,0,0,0,0,0,0,0,0,0,0,
hello,6_30,11_3_3,5.2175,0,0,0,5.217519,0.0000,0.0000,0.0000,0.0000,0.0000,0.0000,0,0,,,,,,,,0,0,0,0,0,0,0,0,0,0,0,0,0,0,0,0,0,0,0,0,0,0,0,0,0,0,0,0,0,0,0,0,0,0,0,0,0,0,0,0,0,0,0,0,0,0,0,0,0,0,0,
hello,6_30,11_3_3,5.2207,0,0,0,5.220691,0.0000,0.0000,0.0000,0.0000,0.0000,0.0000,0,0,,,,,,,,0,0,0,0,0,0,0,0,0,0,0,0,0,0,0,0,0,0,0,0,0,0,0,0,0,0,0,0,0,0,0,0,0,0,0,0,0,0,0,0,0,0,0,0,0,0,0,0,0,0,0,
hello,6_30,11_3_3,5.2241,0,0,0,5.22413,0.0000,0.0000,0.0000,0.0000,0.0000,0.0000,0,0,,,,,,,,0,0,0,0,0,0,0,0,0,0,0,0,0,0,0,0,0,0,0,0,0,0,0,0,0,0,0,0,0,0,0,0,0,0,0,0,0,0,0,0,0,0,0,0,0,0,0,0,0,0,0,
hello,6_30,11_3_3,5.2274,0,0,0,5.227379,0.0000,0.0000,0.0000,0.0000,0.0000,0.0000,0,0,,,,,,,,0,0,0,0,0,0,0,0,0,0,0,0,0,0,0,0,0,0,0,0,0,0,0,0,0,0,0,0,0,0,0,0,0,0,0,0,0,0,0,0,0,0,0,0,0,0,0,0,0,0,0,
hello,6_30,11_3_3,5.2308,0,0,0,5.230842,0.0000,0.0000,0.0000,0.0000,0.0000,0.0000,0,0,,,,,,,,0,0,0,0,0,0,0,0,0,0,0,0,0,0,0,0,0,0,0,0,0,0,0,0,0,0,0,0,0,0,0,0,0,0,0,0,0,0,0,0,0,0,0,0,0,0,0,0,0,0,0,
hello,6_30,11_3_3,5.2341,0,0,0,5.234112,0.0000,0.0000,0.0000,0.0000,0.0000,0.0000,0,0,,,,,,,,0,0,0,0,0,0,0,0,0,0,0,0,0,0,0,0,0,0,0,0,0,0,0,0,0,0,0,0,0,0,0,0,0,0,0,0,0,0,0,0,0,0,0,0,0,0,0,0,0,0,0,
hello,6_30,11_3_3,5.2380,0,0,0,5.238041,0.0000,0.0000,0.0000,0.0000,0.0000,0.0000,0,0,,,,,,,,0,0,0,0,0,0,0,0,0,0,0,0,0,0,0,0,0,0,0,0,0,0,0,0,0,0,0,0,0,0,0,0,0,0,0,0,0,0,0,0,0,0,0,0,0,0,0,0,0,0,0,
hello,6_30,11_3_3,5.2420,0,0,0,5.241968,0.0000,0.0000,0.0000,0.0000,0.0000,0.0000,0,0,,,,,,,,0,0,0,0,0,0,0,0,0,0,0,0,0,0,0,0,0,0,0,0,0,0,0,0,0,0,0,0,0,0,0,0,0,0,0,0,0,0,0,0,0,0,0,0,0,0,0,0,0,0,0,
hello,6_30,11_3_3,5.2462,0,0,0,5.246238,0.0000,0.0000,0.0000,0.0000,0.0000,0.0000,0,0,,,,,,,,0,0,0,0,0,0,0,0,0,0,0,0,0,0,0,0,0,0,0,0,0,0,0,0,0,0,0,0,0,0,0,0,0,0,0,0,0,0,0,0,0,0,0,0,0,0,0,0,0,0,0,
hello,6_30,11_3_3,5.2502,0,0,0,5.250234,0.0000,0.0000,0.0000,0.0000,0.0000,0.0000,0,0,,,,,,,,0,0,0,0,0,0,0,0,0,0,0,0,0,0,0,0,0,0,0,0,0,0,0,0,0,0,0,0,0,0,0,0,0,0,0,0,0,0,0,0,0,0,0,0,0,0,0,0,0,0,0,
hello,6_30,11_3_3,5.2610,0,0,0,5.260978,0.0000,0.0000,0.0000,0.0000,0.0000,0.0000,0,0,,,,,,,,0,0,0,0,0,0,0,0,0,0,0,0,0,0,0,0,0,0,0,0,0,0,0,0,0,0,0,0,0,0,0,0,0,0,0,0,0,0,0,0,0,0,0,0,0,0,0,0,0,0,0,
hello,6_30,11_3_3,5.2651,0,0,0,5.265057,0.0000,0.0000,0.0000,0.0000,0.0000,0.0000,0,0,,,,,,,,0,0,0,0,0,0,0,0,0,0,0,0,0,0,0,0,0,0,0,0,0,0,0,0,0,0,0,0,0,0,0,0,0,0,0,0,0,0,0,0,0,0,0,0,0,0,0,0,0,0,0,
hello,6_30,11_3_3,5.2688,0,0,0,5.268778,0.0000,0.0000,0.0000,0.0000,0.0000,0.0000,0,0,,,,,,,,0,0,0,0,0,0,0,0,0,0,0,0,0,0,0,0,0,0,0,0,0,0,0,0,0,0,0,0,0,0,0,0,0,0,0,0,0,0,0,0,0,0,0,0,0,0,0,0,0,0,0,
hello,6_30,11_3_3,5.2730,0,0,0,5.272991,0.0000,0.0000,0.0000,0.0000,0.0000,0.0000,0,0,,,,,,,,0,0,0,0,0,0,0,0,0,0,0,0,0,0,0,0,0,0,0,0,0,0,0,0,0,0,0,0,0,0,0,0,0,0,0,0,0,0,0,0,0,0,0,0,0,0,0,0,0,0,0,
hello,6_30,11_3_3,5.2770,0,0,0,5.277026,0.0000,0.0000,0.0000,0.0000,0.0000,0.0000,0,0,,,,,,,,0,0,0,0,0,0,0,0,0,0,0,0,0,0,0,0,0,0,0,0,0,0,0,0,0,0,0,0,0,0,0,0,0,0,0,0,0,0,0,0,0,0,0,0,0,0,0,0,0,0,0,
hello,6_30,11_3_3,5.2809,0,0,0,5.280884,0.0000,0.0000,0.0000,0.0000,0.0000,0.0000,0,0,,,,,,,,0,0,0,0,0,0,0,0,0,0,0,0,0,0,0,0,0,0,0,0,0,0,0,0,0,0,0,0,0,0,0,0,0,0,0,0,0,0,0,0,0,0,0,0,0,0,0,0,0,0,0,
hello,6_30,11_3_3,5.2850,0,0,0,5.284968,0.0000,0.0000,0.0000,0.0000,0.0000,0.0000,0,0,,,,,,,,0,0,0,0,0,0,0,0,0,0,0,0,0,0,0,0,0,0,0,0,0,0,0,0,0,0,0,0,0,0,0,0,0,0,0,0,0,0,0,0,0,0,0,0,0,0,0,0,0,0,0,
hello,6_30,11_3_3,5.2886,0,0,0,5.288621,0.0000,0.0000,0.0000,0.0000,0.0000,0.0000,0,0,,,,,,,,0,0,0,0,0,0,0,0,0,0,0,0,0,0,0,0,0,0,0,0,0,0,0,0,0,0,0,0,0,0,0,0,0,0,0,0,0,0,0,0,0,0,0,0,0,0,0,0,0,0,0,
hello,6_30,11_3_3,5.2923,0,0,0,5.292311,0.0000,0.0000,0.0000,0.0000,0.0000,0.0000,0,0,,,,,,,,0,0,0,0,0,0,0,0,0,0,0,0,0,0,0,0,0,0,0,0,0,0,0,0,0,0,0,0,0,0,0,0,0,0,0,0,0,0,0,0,0,0,0,0,0,0,0,0,0,0,0,
hello,6_30,11_3_3,5.2963,0,0,0,5.296251,0.0000,0.0000,0.0000,0.0000,0.0000,0.0000,0,0,,,,,,,,0,0,0,0,0,0,0,0,0,0,0,0,0,0,0,0,0,0,0,0,0,0,0,0,0,0,0,0,0,0,0,0,0,0,0,0,0,0,0,0,0,0,0,0,0,0,0,0,0,0,0,
hello,6_30,11_3_3,5.3002,0,0,0,5.300188,0.0000,0.0000,0.0000,0.0000,0.0000,0.0000,0,0,,,,,,,,0,0,0,0,0,0,0,0,0,0,0,0,0,0,0,0,0,0,0,0,0,0,0,0,0,0,0,0,0,0,0,0,0,0,0,0,0,0,0,0,0,0,0,0,0,0,0,0,0,0,0,
hello,6_30,11_3_3,5.3043,0,0,0,5.304251,0.0000,0.0000,0.0000,0.0000,0.0000,0.0000,0,0,,,,,,,,0,0,0,0,0,0,0,0,0,0,0,0,0,0,0,0,0,0,0,0,0,0,0,0,0,0,0,0,0,0,0,0,0,0,0,0,0,0,0,0,0,0,0,0,0,0,0,0,0,0,0,
hello,6_30,11_3_3,5.3081,0,0,0,5.308054,0.0000,0.0000,0.0000,0.0000,0.0000,0.0000,0,0,,,,,,,,0,0,0,0,0,0,0,0,0,0,0,0,0,0,0,0,0,0,0,0,0,0,0,0,0,0,0,0,0,0,0,0,0,0,0,0,0,0,0,0,0,0,0,0,0,0,0,0,0,0,0,
hello,6_30,11_3_3,5.3119,0,0,0,5.311934,0.0000,0.0000,0.0000,0.0000,0.0000,0.0000,0,0,,,,,,,,0,0,0,0,0,0,0,0,0,0,0,0,0,0,0,0,0,0,0,0,0,0,0,0,0,0,0,0,0,0,0,0,0,0,0,0,0,0,0,0,0,0,0,0,0,0,0,0,0,0,0,
hello,6_30,11_3_3,5.3154,0,0,0,5.315448,0.0000,0.0000,0.0000,0.0000,0.0000,0.0000,0,0,,,,,,,,0,0,0,0,0,0,0,0,0,0,0,0,0,0,0,0,0,0,0,0,0,0,0,0,0,0,0,0,0,0,0,0,0,0,0,0,0,0,0,0,0,0,0,0,0,0,0,0,0,0,0,
hello,6_30,11_3_3,5.3193,0,0,0,5.319265,0.0000,0.0000,0.0000,0.0000,0.0000,0.0000,0,0,,,,,,,,0,0,0,0,0,0,0,0,0,0,0,0,0,0,0,0,0,0,0,0,0,0,0,0,0,0,0,0,0,0,0,0,0,0,0,0,0,0,0,0,0,0,0,0,0,0,0,0,0,0,0,
hello,6_30,11_3_3,5.3229,0,0,0,5.322939,0.0000,0.0000,0.0000,0.0000,0.0000,0.0000,0,0,,,,,,,,0,0,0,0,0,0,0,0,0,0,0,0,0,0,0,0,0,0,0,0,0,0,0,0,0,0,0,0,0,0,0,0,0,0,0,0,0,0,0,0,0,0,0,0,0,0,0,0,0,0,0,
hello,6_30,11_3_3,5.3271,0,0,0,5.327127,0.0000,0.0000,0.0000,0.0000,0.0000,0.0000,0,0,,,,,,,,0,0,0,0,0,0,0,0,0,0,0,0,0,0,0,0,0,0,0,0,0,0,0,0,0,0,0,0,0,0,0,0,0,0,0,0,0,0,0,0,0,0,0,0,0,0,0,0,0,0,0,
hello,6_30,11_3_3,5.3312,0,0,0,5.331202,0.0000,0.0000,0.0000,0.0000,0.0000,0.0000,0,0,,,,,,,,0,0,0,0,0,0,0,0,0,0,0,0,0,0,0,0,0,0,0,0,0,0,0,0,0,0,0,0,0,0,0,0,0,0,0,0,0,0,0,0,0,0,0,0,0,0,0,0,0,0,0,
hello,6_30,11_3_3,5.3349,0,0,0,5.334919,0.0000,0.0000,0.0000,0.0000,0.0000,0.0000,0,0,,,,,,,,0,0,0,0,0,0,0,0,0,0,0,0,0,0,0,0,0,0,0,0,0,0,0,0,0,0,0,0,0,0,0,0,0,0,0,0,0,0,0,0,0,0,0,0,0,0,0,0,0,0,0,
hello,6_30,11_3_3,5.3384,0,0,0,5.338416,0.0000,0.0000,0.0000,0.0000,0.0000,0.0000,0,0,,,,,,,,0,0,0,0,0,0,0,0,0,0,0,0,0,0,0,0,0,0,0,0,0,0,0,0,0,0,0,0,0,0,0,0,0,0,0,0,0,0,0,0,0,0,0,0,0,0,0,0,0,0,0,
hello,6_30,11_3_3,5.3421,0,0,0,5.342081,0.0000,0.0000,0.0000,0.0000,0.0000,0.0000,0,0,,,,,,,,0,0,0,0,0,0,0,0,0,0,0,0,0,0,0,0,0,0,0,0,0,0,0,0,0,0,0,0,0,0,0,0,0,0,0,0,0,0,0,0,0,0,0,0,0,0,0,0,0,0,0,
hello,6_30,11_3_3,5.3459,0,0,0,5.345948,0.0000,0.0000,0.0000,0.0000,0.0000,0.0000,0,0,,,,,,,,0,0,0,0,0,0,0,0,0,0,0,0,0,0,0,0,0,0,0,0,0,0,0,0,0,0,0,0,0,0,0,0,0,0,0,0,0,0,0,0,0,0,0,0,0,0,0,0,0,0,0,
hello,6_30,11_3_3,5.3496,0,0,0,5.349648,0.0000,0.0000,0.0000,0.0000,0.0000,0.0000,0,0,,,,,,,,0,0,0,0,0,0,0,0,0,0,0,0,0,0,0,0,0,0,0,0,0,0,0,0,0,0,0,0,0,0,0,0,0,0,0,0,0,0,0,0,0,0,0,0,0,0,0,0,0,0,0,
hello,6_30,11_3_3,5.3534,0,0,0,5.353369,0.0000,0.0000,0.0000,0.0000,0.0000,0.0000,0,0,,,,,,,,0,0,0,0,0,0,0,0,0,0,0,0,0,0,0,0,0,0,0,0,0,0,0,0,0,0,0,0,0,0,0,0,0,0,0,0,0,0,0,0,0,0,0,0,0,0,0,0,0,0,0,
hello,6_30,11_3_3,5.3572,0,0,0,5.35718,0.0000,0.0000,0.0000,0.0000,0.0000,0.0000,0,0,,,,,,,,0,0,0,0,0,0,0,0,0,0,0,0,0,0,0,0,0,0,0,0,0,0,0,0,0,0,0,0,0,0,0,0,0,0,0,0,0,0,0,0,0,0,0,0,0,0,0,0,0,0,0,
hello,6_30,11_3_3,5.3610,0,0,0,5.361035,0.0000,0.0000,0.0000,0.0000,0.0000,0.0000,0,0,,,,,,,,0,0,0,0,0,0,0,0,0,0,0,0,0,0,0,0,0,0,0,0,0,0,0,0,0,0,0,0,0,0,0,0,0,0,0,0,0,0,0,0,0,0,0,0,0,0,0,0,0,0,0,
hello,6_30,11_3_3,5.3650,0,0,0,5.364959,0.0000,0.0000,0.0000,0.0000,0.0000,0.0000,0,0,,,,,,,,0,0,0,0,0,0,0,0,0,0,0,0,0,0,0,0,0,0,0,0,0,0,0,0,0,0,0,0,0,0,0,0,0,0,0,0,0,0,0,0,0,0,0,0,0,0,0,0,0,0,0,
hello,6_30,11_3_3,5.3689,0,0,0,5.368913,0.0000,0.0000,0.0000,0.0000,0.0000,0.0000,0,0,,,,,,,,0,0,0,0,0,0,0,0,0,0,0,0,0,0,0,0,0,0,0,0,0,0,0,0,0,0,0,0,0,0,0,0,0,0,0,0,0,0,0,0,0,0,0,0,0,0,0,0,0,0,0,
hello,6_30,11_3_3,5.3725,0,0,0,5.372515,0.0000,0.0000,0.0000,0.0000,0.0000,0.0000,0,0,,,,,,,,0,0,0,0,0,0,0,0,0,0,0,0,0,0,0,0,0,0,0,0,0,0,0,0,0,0,0,0,0,0,0,0,0,0,0,0,0,0,0,0,0,0,0,0,0,0,0,0,0,0,0,
hello,6_30,11_3_3,5.3764,0,0,0,5.37635,0.0000,0.0000,0.0000,0.0000,0.0000,0.0000,0,0,,,,,,,,0,0,0,0,0,0,0,0,0,0,0,0,0,0,0,0,0,0,0,0,0,0,0,0,0,0,0,0,0,0,0,0,0,0,0,0,0,0,0,0,0,0,0,0,0,0,0,0,0,0,0,
hello,6_30,11_3_3,5.3802,0,0,0,5.38023,0.0000,0.0000,0.0000,0.0000,0.0000,0.0000,0,0,,,,,,,,0,0,0,0,0,0,0,0,0,0,0,0,0,0,0,0,0,0,0,0,0,0,0,0,0,0,0,0,0,0,0,0,0,0,0,0,0,0,0,0,0,0,0,0,0,0,0,0,0,0,0,
hello,6_30,11_3_3,5.3841,0,0,0,5.384067,0.0000,0.0000,0.0000,0.0000,0.0000,0.0000,0,0,,,,,,,,0,0,0,0,0,0,0,0,0,0,0,0,0,0,0,0,0,0,0,0,0,0,0,0,0,0,0,0,0,0,0,0,0,0,0,0,0,0,0,0,0,0,0,0,0,0,0,0,0,0,0,
hello,6_30,11_3_3,5.3878,0,0,0,5.387786,0.0000,0.0000,0.0000,0.0000,0.0000,0.0000,0,0,,,,,,,,0,0,0,0,0,0,0,0,0,0,0,0,0,0,0,0,0,0,0,0,0,0,0,0,0,0,0,0,0,0,0,0,0,0,0,0,0,0,0,0,0,0,0,0,0,0,0,0,0,0,0,
hello,6_30,11_3_3,5.3913,0,0,0,5.391348,0.0000,0.0000,0.0000,0.0000,0.0000,0.0000,0,0,,,,,,,,0,0,0,0,0,0,0,0,0,0,0,0,0,0,0,0,0,0,0,0,0,0,0,0,0,0,0,0,0,0,0,0,0,0,0,0,0,0,0,0,0,0,0,0,0,0,0,0,0,0,0,
hello,6_30,11_3_3,5.3953,0,0,0,5.395303,0.0000,0.0000,0.0000,0.0000,0.0000,0.0000,0,0,,,,,,,,0,0,0,0,0,0,0,0,0,0,0,0,0,0,0,0,0,0,0,0,0,0,0,0,0,0,0,0,0,0,0,0,0,0,0,0,0,0,0,0,0,0,0,0,0,0,0,0,0,0,0,
hello,6_30,11_3_3,5.3992,0,0,0,5.399248,0.0000,0.0000,0.0000,0.0000,0.0000,0.0000,0,0,,,,,,,,0,0,0,0,0,0,0,0,0,0,0,0,0,0,0,0,0,0,0,0,0,0,0,0,0,0,0,0,0,0,0,0,0,0,0,0,0,0,0,0,0,0,0,0,0,0,0,0,0,0,0,
hello,6_30,11_3_3,5.4030,0,0,0,5.403045,0.0000,0.0000,0.0000,0.0000,0.0000,0.0000,0,0,,,,,,,,0,0,0,0,0,0,0,0,0,0,0,0,0,0,0,0,0,0,0,0,0,0,0,0,0,0,0,0,0,0,0,0,0,0,0,0,0,0,0,0,0,0,0,0,0,0,0,0,0,0,0,
hello,6_30,11_3_3,5.4071,0,0,0,5.407054,0.0000,0.0000,0.0000,0.0000,0.0000,0.0000,0,0,,,,,,,,0,0,0,0,0,0,0,0,0,0,0,0,0,0,0,0,0,0,0,0,0,0,0,0,0,0,0,0,0,0,0,0,0,0,0,0,0,0,0,0,0,0,0,0,0,0,0,0,0,0,0,
hello,6_30,11_3_3,5.4106,0,0,0,5.410553,0.0000,0.0000,0.0000,0.0000,0.0000,0.0000,0,0,,,,,,,,0,0,0,0,0,0,0,0,0,0,0,0,0,0,0,0,0,0,0,0,0,0,0,0,0,0,0,0,0,0,0,0,0,0,0,0,0,0,0,0,0,0,0,0,0,0,0,0,0,0,0,
hello,6_30,11_3_3,5.4143,0,0,0,5.414314,0.0000,0.0000,0.0000,0.0000,0.0000,0.0000,0,0,,,,,,,,0,0,0,0,0,0,0,0,0,0,0,0,0,0,0,0,0,0,0,0,0,0,0,0,0,0,0,0,0,0,0,0,0,0,0,0,0,0,0,0,0,0,0,0,0,0,0,0,0,0,0,
hello,6_30,11_3_3,5.4182,0,0,0,5.418153,0.0000,0.0000,0.0000,0.0000,0.0000,0.0000,0,0,,,,,,,,0,0,0,0,0,0,0,0,0,0,0,0,0,0,0,0,0,0,0,0,0,0,0,0,0,0,0,0,0,0,0,0,0,0,0,0,0,0,0,0,0,0,0,0,0,0,0,0,0,0,0,
hello,6_30,11_3_3,5.4219,0,0,0,5.421883,0.0000,0.0000,0.0000,0.0000,0.0000,0.0000,0,0,,,,,,,,0,0,0,0,0,0,0,0,0,0,0,0,0,0,0,0,0,0,0,0,0,0,0,0,0,0,0,0,0,0,0,0,0,0,0,0,0,0,0,0,0,0,0,0,0,0,0,0,0,0,0,
hello,6_30,11_3_3,5.4259,0,0,0,5.42591,0.0000,0.0000,0.0000,0.0000,0.0000,0.0000,0,0,,,,,,,,0,0,0,0,0,0,0,0,0,0,0,0,0,0,0,0,0,0,0,0,0,0,0,0,0,0,0,0,0,0,0,0,0,0,0,0,0,0,0,0,0,0,0,0,0,0,0,0,0,0,0,
hello,6_30,11_3_3,5.4299,0,0,0,5.429944,0.0000,0.0000,0.0000,0.0000,0.0000,0.0000,0,0,,,,,,,,0,0,0,0,0,0,0,0,0,0,0,0,0,0,0,0,0,0,0,0,0,0,0,0,0,0,0,0,0,0,0,0,0,0,0,0,0,0,0,0,0,0,0,0,0,0,0,0,0,0,0,
hello,6_30,11_3_3,5.4336,0,0,0,5.433626,0.0000,0.0000,0.0000,0.0000,0.0000,0.0000,0,0,,,,,,,,0,0,0,0,0,0,0,0,0,0,0,0,0,0,0,0,0,0,0,0,0,0,0,0,0,0,0,0,0,0,0,0,0,0,0,0,0,0,0,0,0,0,0,0,0,0,0,0,0,0,0,
hello,6_30,11_3_3,5.4372,0,0,0,5.437217,0.0000,0.0000,0.0000,0.0000,0.0000,0.0000,0,0,,,,,,,,0,0,0,0,0,0,0,0,0,0,0,0,0,0,0,0,0,0,0,0,0,0,0,0,0,0,0,0,0,0,0,0,0,0,0,0,0,0,0,0,0,0,0,0,0,0,0,0,0,0,0,
hello,6_30,11_3_3,5.4412,0,0,0,5.441227,0.0000,0.0000,0.0000,0.0000,0.0000,0.0000,0,0,,,,,,,,0,0,0,0,0,0,0,0,0,0,0,0,0,0,0,0,0,0,0,0,0,0,0,0,0,0,0,0,0,0,0,0,0,0,0,0,0,0,0,0,0,0,0,0,0,0,0,0,0,0,0,
hello,6_30,11_3_3,5.4458,0,0,0,5.445752,0.0000,0.0000,0.0000,0.0000,0.0000,0.0000,0,0,,,,,,,,0,0,0,0,0,0,0,0,0,0,0,0,0,0,0,0,0,0,0,0,0,0,0,0,0,0,0,0,0,0,0,0,0,0,0,0,0,0,0,0,0,0,0,0,0,0,0,0,0,0,0,
hello,6_30,11_3_3,5.4494,0,0,0,5.449379,0.0000,0.0000,0.0000,0.0000,0.0000,0.0000,0,0,,,,,,,,0,0,0,0,0,0,0,0,0,0,0,0,0,0,0,0,0,0,0,0,0,0,0,0,0,0,0,0,0,0,0,0,0,0,0,0,0,0,0,0,0,0,0,0,0,0,0,0,0,0,0,
hello,6_30,11_3_3,5.4531,0,0,0,5.45308,0.0000,0.0000,0.0000,0.0000,0.0000,0.0000,0,0,,,,,,,,0,0,0,0,0,0,0,0,0,0,0,0,0,0,0,0,0,0,0,0,0,0,0,0,0,0,0,0,0,0,0,0,0,0,0,0,0,0,0,0,0,0,0,0,0,0,0,0,0,0,0,
hello,6_30,11_3_4,5.4635,0,0,0,5.463495,0.0000,0.0000,0.0000,0.0000,0.0000,0.0000,0,0,,,,,,,,0,0,0,0,0,0,0,0,0,0,0,0,0,0,0,0,0,0,0,0,0,0,0,0,0,0,0,0,0,0,0,0,0,0,0,0,0,0,0,0,0,0,0,0,0,0,0,0,0,0,0,
hello,6_30,11_3_4,5.4673,0,0,0,5.467293,0.0000,0.0000,0.0000,0.0000,0.0000,0.0000,0,0,,,,,,,,0,0,0,0,0,0,0,0,0,0,0,0,0,0,0,0,0,0,0,0,0,0,0,0,0,0,0,0,0,0,0,0,0,0,0,0,0,0,0,0,0,0,0,0,0,0,0,0,0,0,0,
hello,6_30,11_3_4,5.4709,0,0,0,5.470946,0.0000,0.0000,0.0000,0.0000,0.0000,0.0000,0,0,,,,,,,,0,0,0,0,0,0,0,0,0,0,0,0,0,0,0,0,0,0,0,0,0,0,0,0,0,0,0,0,0,0,0,0,0,0,0,0,0,0,0,0,0,0,0,0,0,0,0,0,0,0,0,
hello,6_30,11_3_4,5.4746,0,0,0,5.474573,0.0000,0.0000,0.0000,0.0000,0.0000,0.0000,0,0,,,,,,,,0,0,0,0,0,0,0,0,0,0,0,0,0,0,0,0,0,0,0,0,0,0,0,0,0,0,0,0,0,0,0,0,0,0,0,0,0,0,0,0,0,0,0,0,0,0,0,0,0,0,0,
hello,6_30,11_3_4,5.4782,0,0,0,5.478215,0.0000,0.0000,0.0000,0.0000,0.0000,0.0000,0,0,,,,,,,,0,0,0,0,0,0,0,0,0,0,0,0,0,0,0,0,0,0,0,0,0,0,0,0,0,0,0,0,0,0,0,0,0,0,0,0,0,0,0,0,0,0,0,0,0,0,0,0,0,0,0,
hello,6_30,11_3_4,5.4820,0,0,0,5.482028,0.0000,0.0000,0.0000,0.0000,0.0000,0.0000,0,0,,,,,,,,0,0,0,0,0,0,0,0,0,0,0,0,0,0,0,0,0,0,0,0,0,0,0,0,0,0,0,0,0,0,0,0,0,0,0,0,0,0,0,0,0,0,0,0,0,0,0,0,0,0,0,
hello,6_30,11_3_4,5.4861,0,0,0,5.486138,0.0000,0.0000,0.0000,0.0000,0.0000,0.0000,0,0,,,,,,,,0,0,0,0,0,0,0,0,0,0,0,0,0,0,0,0,0,0,0,0,0,0,0,0,0,0,0,0,0,0,0,0,0,0,0,0,0,0,0,0,0,0,0,0,0,0,0,0,0,0,0,
hello,6_30,11_3_4,5.4901,0,0,0,5.49014,0.0000,0.0000,0.0000,0.0000,0.0000,0.0000,0,0,,,,,,,,0,0,0,0,0,0,0,0,0,0,0,0,0,0,0,0,0,0,0,0,0,0,0,0,0,0,0,0,0,0,0,0,0,0,0,0,0,0,0,0,0,0,0,0,0,0,0,0,0,0,0,
hello,6_30,11_3_4,5.4937,0,0,0,5.493744,0.0000,0.0000,0.0000,0.0000,0.0000,0.0000,0,0,,,,,,,,0,0,0,0,0,0,0,0,0,0,0,0,0,0,0,0,0,0,0,0,0,0,0,0,0,0,0,0,0,0,0,0,0,0,0,0,0,0,0,0,0,0,0,0,0,0,0,0,0,0,0,
hello,6_30,11_3_4,5.5000,0,0,0,5.499978,0.0000,0.0000,0.0000,0.0000,0.0000,0.0000,0,0,,,,,,,,0,0,0,0,0,0,0,0,0,0,0,0,0,0,0,0,0,0,0,0,0,0,0,0,0,0,0,0,0,0,0,0,0,0,0,0,0,0,0,0,0,0,0,0,0,0,0,0,0,0,0,
hello,6_30,11_3_4,5.5105,0,0,0,5.51052,0.0000,0.0000,0.0000,0.0000,0.0000,0.0000,0,0,,,,,,,,0,0,0,0,0,0,0,0,0,0,0,0,0,0,0,0,0,0,0,0,0,0,0,0,0,0,0,0,0,0,0,0,0,0,0,0,0,0,0,0,0,0,0,0,0,0,0,0,0,0,0,
hello,6_30,11_3_4,5.5148,0,0,0,5.514801,0.0000,0.0000,0.0000,0.0000,0.0000,0.0000,0,0,,,,,,,,0,0,0,0,0,0,0,0,0,0,0,0,0,0,0,0,0,0,0,0,0,0,0,0,0,0,0,0,0,0,0,0,0,0,0,0,0,0,0,0,0,0,0,0,0,0,0,0,0,0,0,
hello,6_30,11_3_4,5.5188,0,0,0,5.51877,0.0000,0.0000,0.0000,0.0000,0.0000,0.0000,0,0,,,,,,,,0,0,0,0,0,0,0,0,0,0,0,0,0,0,0,0,0,0,0,0,0,0,0,0,0,0,0,0,0,0,0,0,0,0,0,0,0,0,0,0,0,0,0,0,0,0,0,0,0,0,0,
hello,6_30,11_3_4,5.5223,0,0,0,5.52234,0.0000,0.0000,0.0000,0.0000,0.0000,0.0000,0,0,,,,,,,,0,0,0,0,0,0,0,0,0,0,0,0,0,0,0,0,0,0,0,0,0,0,0,0,0,0,0,0,0,0,0,0,0,0,0,0,0,0,0,0,0,0,0,0,0,0,0,0,0,0,0,
hello,6_30,11_3_4,5.5261,0,0,0,5.526074,0.0000,0.0000,0.0000,0.0000,0.0000,0.0000,0,0,,,,,,,,0,0,0,0,0,0,0,0,0,0,0,0,0,0,0,0,0,0,0,0,0,0,0,0,0,0,0,0,0,0,0,0,0,0,0,0,0,0,0,0,0,0,0,0,0,0,0,0,0,0,0,
hello,6_30,11_3_4,5.5298,0,0,0,5.529835,0.0000,0.0000,0.0000,0.0000,0.0000,0.0000,0,0,,,,,,,,0,0,0,0,0,0,0,0,0,0,0,0,0,0,0,0,0,0,0,0,0,0,0,0,0,0,0,0,0,0,0,0,0,0,0,0,0,0,0,0,0,0,0,0,0,0,0,0,0,0,0,
hello,6_30,11_3_4,5.5334,0,0,0,5.533412,0.0000,0.0000,0.0000,0.0000,0.0000,0.0000,0,0,,,,,,,,0,0,0,0,0,0,0,0,0,0,0,0,0,0,0,0,0,0,0,0,0,0,0,0,0,0,0,0,0,0,0,0,0,0,0,0,0,0,0,0,0,0,0,0,0,0,0,0,0,0,0,
hello,6_30,11_3_4,5.5373,0,0,0,5.537339,0.0000,0.0000,0.0000,0.0000,0.0000,0.0000,0,0,,,,,,,,0,0,0,0,0,0,0,0,0,0,0,0,0,0,0,0,0,0,0,0,0,0,0,0,0,0,0,0,0,0,0,0,0,0,0,0,0,0,0,0,0,0,0,0,0,0,0,0,0,0,0,
hello,6_30,11_3_4,5.5407,0,0,0,5.540739,0.0000,0.0000,0.0000,0.0000,0.0000,0.0000,0,0,,,,,,,,0,0,0,0,0,0,0,0,0,0,0,0,0,0,0,0,0,0,0,0,0,0,0,0,0,0,0,0,0,0,0,0,0,0,0,0,0,0,0,0,0,0,0,0,0,0,0,0,0,0,0,
hello,6_30,11_3_4,5.5445,0,0,0,5.544535,0.0000,0.0000,0.0000,0.0000,0.0000,0.0000,0,0,,,,,,,,0,0,0,0,0,0,0,0,0,0,0,0,0,0,0,0,0,0,0,0,0,0,0,0,0,0,0,0,0,0,0,0,0,0,0,0,0,0,0,0,0,0,0,0,0,0,0,0,0,0,0,
hello,6_30,11_3_4,5.5495,0,0,0,5.549496,0.0000,0.0000,0.0000,0.0000,0.0000,0.0000,0,0,,,,,,,,0,0,0,0,0,0,0,0,0,0,0,0,0,0,0,0,0,0,0,0,0,0,0,0,0,0,0,0,0,0,0,0,0,0,0,0,0,0,0,0,0,0,0,0,0,0,0,0,0,0,0,
hello,6_30,11_3_4,5.5530,0,0,0,5.553018,0.0000,0.0000,0.0000,0.0000,0.0000,0.0000,0,0,,,,,,,,0,0,0,0,0,0,0,0,0,0,0,0,0,0,0,0,0,0,0,0,0,0,0,0,0,0,0,0,0,0,0,0,0,0,0,0,0,0,0,0,0,0,0,0,0,0,0,0,0,0,0,
hello,6_30,11_3_4,5.5565,0,0,0,5.556471,0.0000,0.0000,0.0000,0.0000,0.0000,0.0000,0,0,,,,,,,,0,0,0,0,0,0,0,0,0,0,0,0,0,0,0,0,0,0,0,0,0,0,0,0,0,0,0,0,0,0,0,0,0,0,0,0,0,0,0,0,0,0,0,0,0,0,0,0,0,0,0,
hello,6_30,11_3_4,5.5597,0,0,0,5.559657,0.0000,0.0000,0.0000,0.0000,0.0000,0.0000,0,0,,,,,,,,0,0,0,0,0,0,0,0,0,0,0,0,0,0,0,0,0,0,0,0,0,0,0,0,0,0,0,0,0,0,0,0,0,0,0,0,0,0,0,0,0,0,0,0,0,0,0,0,0,0,0,
hello,6_30,11_3_4,5.5630,0,0,0,5.56302,0.0000,0.0000,0.0000,0.0000,0.0000,0.0000,0,0,,,,,,,,0,0,0,0,0,0,0,0,0,0,0,0,0,0,0,0,0,0,0,0,0,0,0,0,0,0,0,0,0,0,0,0,0,0,0,0,0,0,0,0,0,0,0,0,0,0,0,0,0,0,0,
hello,6_30,11_3_4,5.5663,0,0,0,5.566336,0.0000,0.0000,0.0000,0.0000,0.0000,0.0000,0,0,,,,,,,,0,0,0,0,0,0,0,0,0,0,0,0,0,0,0,0,0,0,0,0,0,0,0,0,0,0,0,0,0,0,0,0,0,0,0,0,0,0,0,0,0,0,0,0,0,0,0,0,0,0,0,
hello,6_30,11_3_4,5.5698,0,0,0,5.56982,0.0000,0.0000,0.0000,0.0000,0.0000,0.0000,0,0,,,,,,,,0,0,0,0,0,0,0,0,0,0,0,0,0,0,0,0,0,0,0,0,0,0,0,0,0,0,0,0,0,0,0,0,0,0,0,0,0,0,0,0,0,0,0,0,0,0,0,0,0,0,0,
hello,6_30,11_3_4,5.5741,0,0,0,5.574083,0.0000,0.0000,0.0000,0.0000,0.0000,0.0000,0,0,,,,,,,,0,0,0,0,0,0,0,0,0,0,0,0,0,0,0,0,0,0,0,0,0,0,0,0,0,0,0,0,0,0,0,0,0,0,0,0,0,0,0,0,0,0,0,0,0,0,0,0,0,0,0,
hello,6_30,11_3_4,5.5772,0,0,0,5.577213,0.0000,0.0000,0.0000,0.0000,0.0000,0.0000,0,0,,,,,,,,0,0,0,0,0,0,0,0,0,0,0,0,0,0,0,0,0,0,0,0,0,0,0,0,0,0,0,0,0,0,0,0,0,0,0,0,0,0,0,0,0,0,0,0,0,0,0,0,0,0,0,
hello,6_30,11_3_4,5.5805,0,0,0,5.580518,0.0000,0.0000,0.0000,0.0000,0.0000,0.0000,0,0,,,,,,,,0,0,0,0,0,0,0,0,0,0,0,0,0,0,0,0,0,0,0,0,0,0,0,0,0,0,0,0,0,0,0,0,0,0,0,0,0,0,0,0,0,0,0,0,0,0,0,0,0,0,0,
hello,6_30,11_3_4,5.5839,0,0,0,5.58393,0.0000,0.0000,0.0000,0.0000,0.0000,0.0000,0,0,,,,,,,,0,0,0,0,0,0,0,0,0,0,0,0,0,0,0,0,0,0,0,0,0,0,0,0,0,0,0,0,0,0,0,0,0,0,0,0,0,0,0,0,0,0,0,0,0,0,0,0,0,0,0,
hello,6_30,11_3_4,5.5871,0,0,0,5.587105,0.0000,0.0000,0.0000,0.0000,0.0000,0.0000,0,0,,,,,,,,0,0,0,0,0,0,0,0,0,0,0,0,0,0,0,0,0,0,0,0,0,0,0,0,0,0,0,0,0,0,0,0,0,0,0,0,0,0,0,0,0,0,0,0,0,0,0,0,0,0,0,
hello,6_30,11_3_4,5.5904,0,0,0,5.590373,0.0000,0.0000,0.0000,0.0000,0.0000,0.0000,0,0,,,,,,,,0,0,0,0,0,0,0,0,0,0,0,0,0,0,0,0,0,0,0,0,0,0,0,0,0,0,0,0,0,0,0,0,0,0,0,0,0,0,0,0,0,0,0,0,0,0,0,0,0,0,0,
hello,6_30,11_3_4,5.5943,0,0,0,5.594307,0.0000,0.0000,0.0000,0.0000,0.0000,0.0000,0,0,,,,,,,,0,0,0,0,0,0,0,0,0,0,0,0,0,0,0,0,0,0,0,0,0,0,0,0,0,0,0,0,0,0,0,0,0,0,0,0,0,0,0,0,0,0,0,0,0,0,0,0,0,0,0,
hello,6_30,11_3_4,5.5975,0,0,0,5.597497,0.0000,0.0000,0.0000,0.0000,0.0000,0.0000,0,0,,,,,,,,0,0,0,0,0,0,0,0,0,0,0,0,0,0,0,0,0,0,0,0,0,0,0,0,0,0,0,0,0,0,0,0,0,0,0,0,0,0,0,0,0,0,0,0,0,0,0,0,0,0,0,
hello,6_30,11_3_4,5.6010,0,0,0,5.601013,0.0000,0.0000,0.0000,0.0000,0.0000,0.0000,0,0,,,,,,,,0,0,0,0,0,0,0,0,0,0,0,0,0,0,0,0,0,0,0,0,0,0,0,0,0,0,0,0,0,0,0,0,0,0,0,0,0,0,0,0,0,0,0,0,0,0,0,0,0,0,0,
hello,6_30,11_3_4,5.6044,0,0,0,5.60438,0.0000,0.0000,0.0000,0.0000,0.0000,0.0000,0,0,,,,,,,,0,0,0,0,0,0,0,0,0,0,0,0,0,0,0,0,0,0,0,0,0,0,0,0,0,0,0,0,0,0,0,0,0,0,0,0,0,0,0,0,0,0,0,0,0,0,0,0,0,0,0,
hello,6_30,11_3_4,5.6077,0,0,0,5.607671,0.0000,0.0000,0.0000,0.0000,0.0000,0.0000,0,0,,,,,,,,0,0,0,0,0,0,0,0,0,0,0,0,0,0,0,0,0,0,0,0,0,0,0,0,0,0,0,0,0,0,0,0,0,0,0,0,0,0,0,0,0,0,0,0,0,0,0,0,0,0,0,
hello,6_30,11_3_4,5.6109,0,0,0,5.61091,0.0000,0.0000,0.0000,0.0000,0.0000,0.0000,0,0,,,,,,,,0,0,0,0,0,0,0,0,0,0,0,0,0,0,0,0,0,0,0,0,0,0,0,0,0,0,0,0,0,0,0,0,0,0,0,0,0,0,0,0,0,0,0,0,0,0,0,0,0,0,0,
hello,6_30,11_3_4,5.6146,0,0,0,5.614557,0.0000,0.0000,0.0000,0.0000,0.0000,0.0000,0,0,,,,,,,,0,0,0,0,0,0,0,0,0,0,0,0,0,0,0,0,0,0,0,0,0,0,0,0,0,0,0,0,0,0,0,0,0,0,0,0,0,0,0,0,0,0,0,0,0,0,0,0,0,0,0,
hello,6_30,11_3_4,5.6183,0,0,0,5.618328,0.0000,0.0000,0.0000,0.0000,0.0000,0.0000,0,0,,,,,,,,0,0,0,0,0,0,0,0,0,0,0,0,0,0,0,0,0,0,0,0,0,0,0,0,0,0,0,0,0,0,0,0,0,0,0,0,0,0,0,0,0,0,0,0,0,0,0,0,0,0,0,
hello,6_30,11_3_4,5.6215,0,0,0,5.621546,0.0000,0.0000,0.0000,0.0000,0.0000,0.0000,0,0,,,,,,,,0,0,0,0,0,0,0,0,0,0,0,0,0,0,0,0,0,0,0,0,0,0,0,0,0,0,0,0,0,0,0,0,0,0,0,0,0,0,0,0,0,0,0,0,0,0,0,0,0,0,0,
hello,6_30,11_3_4,5.6257,0,0,0,5.625669,0.0000,0.0000,0.0000,0.0000,0.0000,0.0000,0,0,,,,,,,,0,0,0,0,0,0,0,0,0,0,0,0,0,0,0,0,0,0,0,0,0,0,0,0,0,0,0,0,0,0,0,0,0,0,0,0,0,0,0,0,0,0,0,0,0,0,0,0,0,0,0,
hello,6_30,11_3_4,5.6293,0,0,0,5.629338,0.0000,0.0000,0.0000,0.0000,0.0000,0.0000,0,0,,,,,,,,0,0,0,0,0,0,0,0,0,0,0,0,0,0,0,0,0,0,0,0,0,0,0,0,0,0,0,0,0,0,0,0,0,0,0,0,0,0,0,0,0,0,0,0,0,0,0,0,0,0,0,
hello,6_30,11_3_4,5.6329,0,0,0,5.632911,0.0000,0.0000,0.0000,0.0000,0.0000,0.0000,0,0,,,,,,,,0,0,0,0,0,0,0,0,0,0,0,0,0,0,0,0,0,0,0,0,0,0,0,0,0,0,0,0,0,0,0,0,0,0,0,0,0,0,0,0,0,0,0,0,0,0,0,0,0,0,0,
hello,6_30,11_3_4,5.6364,0,0,0,5.636433,0.0000,0.0000,0.0000,0.0000,0.0000,0.0000,0,0,,,,,,,,0,0,0,0,0,0,0,0,0,0,0,0,0,0,0,0,0,0,0,0,0,0,0,0,0,0,0,0,0,0,0,0,0,0,0,0,0,0,0,0,0,0,0,0,0,0,0,0,0,0,0,
hello,6_30,11_3_4,5.6401,0,0,0,5.640058,0.0000,0.0000,0.0000,0.0000,0.0000,0.0000,0,0,,,,,,,,0,0,0,0,0,0,0,0,0,0,0,0,0,0,0,0,0,0,0,0,0,0,0,0,0,0,0,0,0,0,0,0,0,0,0,0,0,0,0,0,0,0,0,0,0,0,0,0,0,0,0,
hello,6_30,11_3_4,5.6439,0,0,0,5.643887,0.0000,0.0000,0.0000,0.0000,0.0000,0.0000,0,0,,,,,,,,0,0,0,0,0,0,0,0,0,0,0,0,0,0,0,0,0,0,0,0,0,0,0,0,0,0,0,0,0,0,0,0,0,0,0,0,0,0,0,0,0,0,0,0,0,0,0,0,0,0,0,
hello,6_30,11_3_4,5.6479,0,0,0,5.647919,0.0000,0.0000,0.0000,0.0000,0.0000,0.0000,0,0,,,,,,,,0,0,0,0,0,0,0,0,0,0,0,0,0,0,0,0,0,0,0,0,0,0,0,0,0,0,0,0,0,0,0,0,0,0,0,0,0,0,0,0,0,0,0,0,0,0,0,0,0,0,0,
hello,6_30,11_3_4,5.6515,0,0,0,5.651543,0.0000,0.0000,0.0000,0.0000,0.0000,0.0000,0,0,,,,,,,,0,0,0,0,0,0,0,0,0,0,0,0,0,0,0,0,0,0,0,0,0,0,0,0,0,0,0,0,0,0,0,0,0,0,0,0,0,0,0,0,0,0,0,0,0,0,0,0,0,0,0,
hello,6_30,11_3_4,5.6552,0,0,0,5.655178,0.0000,0.0000,0.0000,0.0000,0.0000,0.0000,0,0,,,,,,,,0,0,0,0,0,0,0,0,0,0,0,0,0,0,0,0,0,0,0,0,0,0,0,0,0,0,0,0,0,0,0,0,0,0,0,0,0,0,0,0,0,0,0,0,0,0,0,0,0,0,0,
hello,6_30,11_3_4,5.6678,0,0,0,5.667756,0.0000,0.0000,0.0000,0.0000,0.0000,0.0000,0,0,,,,,,,,0,0,0,0,0,0,0,0,0,0,0,0,0,0,0,0,0,0,0,0,0,0,0,0,0,0,0,0,0,0,0,0,0,0,0,0,0,0,0,0,0,0,0,0,0,0,0,0,0,0,0,
hello,6_30,11_3_4,5.6731,0,0,0,5.67311,0.0000,0.0000,0.0000,0.0000,0.0000,0.0000,0,0,,,,,,,,0,0,0,0,0,0,0,0,0,0,0,0,0,0,0,0,0,0,0,0,0,0,0,0,0,0,0,0,0,0,0,0,0,0,0,0,0,0,0,0,0,0,0,0,0,0,0,0,0,0,0,
hello,6_30,11_3_4,5.6774,0,0,0,5.677359,0.0000,0.0000,0.0000,0.0000,0.0000,0.0000,0,0,,,,,,,,0,0,0,0,0,0,0,0,0,0,0,0,0,0,0,0,0,0,0,0,0,0,0,0,0,0,0,0,0,0,0,0,0,0,0,0,0,0,0,0,0,0,0,0,0,0,0,0,0,0,0,
hello,6_30,11_3_4,5.6808,0,0,0,5.68084,0.0000,0.0000,0.0000,0.0000,0.0000,0.0000,0,0,,,,,,,,0,0,0,0,0,0,0,0,0,0,0,0,0,0,0,0,0,0,0,0,0,0,0,0,0,0,0,0,0,0,0,0,0,0,0,0,0,0,0,0,0,0,0,0,0,0,0,0,0,0,0,
hello,6_30,11_3_4,5.6852,0,0,0,5.685187,0.0000,0.0000,0.0000,0.0000,0.0000,0.0000,0,0,,,,,,,,0,0,0,0,0,0,0,0,0,0,0,0,0,0,0,0,0,0,0,0,0,0,0,0,0,0,0,0,0,0,0,0,0,0,0,0,0,0,0,0,0,0,0,0,0,0,0,0,0,0,0,
hello,6_30,11_3_4,5.6890,0,0,0,5.689005,0.0000,0.0000,0.0000,0.0000,0.0000,0.0000,0,0,,,,,,,,0,0,0,0,0,0,0,0,0,0,0,0,0,0,0,0,0,0,0,0,0,0,0,0,0,0,0,0,0,0,0,0,0,0,0,0,0,0,0,0,0,0,0,0,0,0,0,0,0,0,0,
hello,6_30,11_3_4,5.6926,0,0,0,5.69259,0.0000,0.0000,0.0000,0.0000,0.0000,0.0000,0,0,,,,,,,,0,0,0,0,0,0,0,0,0,0,0,0,0,0,0,0,0,0,0,0,0,0,0,0,0,0,0,0,0,0,0,0,0,0,0,0,0,0,0,0,0,0,0,0,0,0,0,0,0,0,0,
hello,6_30,11_3_4,5.6965,0,0,0,5.696482,0.0000,0.0000,0.0000,0.0000,0.0000,0.0000,0,0,,,,,,,,0,0,0,0,0,0,0,0,0,0,0,0,0,0,0,0,0,0,0,0,0,0,0,0,0,0,0,0,0,0,0,0,0,0,0,0,0,0,0,0,0,0,0,0,0,0,0,0,0,0,0,
hello,6_30,11_3_4,5.7000,0,0,0,5.700009,0.0000,0.0000,0.0000,0.0000,0.0000,0.0000,0,0,,,,,,,,0,0,0,0,0,0,0,0,0,0,0,0,0,0,0,0,0,0,0,0,0,0,0,0,0,0,0,0,0,0,0,0,0,0,0,0,0,0,0,0,0,0,0,0,0,0,0,0,0,0,0,
hello,6_30,11_3_4,5.7046,0,0,0,5.704648,0.0000,0.0000,0.0000,0.0000,0.0000,0.0000,0,0,,,,,,,,0,0,0,0,0,0,0,0,0,0,0,0,0,0,0,0,0,0,0,0,0,0,0,0,0,0,0,0,0,0,0,0,0,0,0,0,0,0,0,0,0,0,0,0,0,0,0,0,0,0,0,
hello,6_30,11_3_4,5.7085,0,0,0,5.708469,0.0000,0.0000,0.0000,0.0000,0.0000,0.0000,0,0,,,,,,,,0,0,0,0,0,0,0,0,0,0,0,0,0,0,0,0,0,0,0,0,0,0,0,0,0,0,0,0,0,0,0,0,0,0,0,0,0,0,0,0,0,0,0,0,0,0,0,0,0,0,0,
hello,6_30,11_3_4,5.7120,0,0,0,5.712021,0.0000,0.0000,0.0000,0.0000,0.0000,0.0000,0,0,,,,,,,,0,0,0,0,0,0,0,0,0,0,0,0,0,0,0,0,0,0,0,0,0,0,0,0,0,0,0,0,0,0,0,0,0,0,0,0,0,0,0,0,0,0,0,0,0,0,0,0,0,0,0,
hello,6_30,11_3_4,5.7157,0,0,0,5.715682,0.0000,0.0000,0.0000,0.0000,0.0000,0.0000,0,0,,,,,,,,0,0,0,0,0,0,0,0,0,0,0,0,0,0,0,0,0,0,0,0,0,0,0,0,0,0,0,0,0,0,0,0,0,0,0,0,0,0,0,0,0,0,0,0,0,0,0,0,0,0,0,
hello,6_30,11_3_4,5.7195,0,0,0,5.71945,0.0000,0.0000,0.0000,0.0000,0.0000,0.0000,0,0,,,,,,,,0,0,0,0,0,0,0,0,0,0,0,0,0,0,0,0,0,0,0,0,0,0,0,0,0,0,0,0,0,0,0,0,0,0,0,0,0,0,0,0,0,0,0,0,0,0,0,0,0,0,0,
hello,6_30,11_3_4,5.7230,0,0,0,5.723026,0.0000,0.0000,0.0000,0.0000,0.0000,0.0000,0,0,,,,,,,,0,0,0,0,0,0,0,0,0,0,0,0,0,0,0,0,0,0,0,0,0,0,0,0,0,0,0,0,0,0,0,0,0,0,0,0,0,0,0,0,0,0,0,0,0,0,0,0,0,0,0,
hello,6_30,11_3_4,5.7272,0,0,0,5.727217,0.0000,0.0000,0.0000,0.0000,0.0000,0.0000,0,0,,,,,,,,0,0,0,0,0,0,0,0,0,0,0,0,0,0,0,0,0,0,0,0,0,0,0,0,0,0,0,0,0,0,0,0,0,0,0,0,0,0,0,0,0,0,0,0,0,0,0,0,0,0,0,
hello,6_30,11_3_4,5.7312,0,0,0,5.731203,0.0000,0.0000,0.0000,0.0000,0.0000,0.0000,0,0,,,,,,,,0,0,0,0,0,0,0,0,0,0,0,0,0,0,0,0,0,0,0,0,0,0,0,0,0,0,0,0,0,0,0,0,0,0,0,0,0,0,0,0,0,0,0,0,0,0,0,0,0,0,0,
hello,6_30,11_3_4,5.7351,0,0,0,5.735099,0.0000,0.0000,0.0000,0.0000,0.0000,0.0000,0,0,,,,,,,,0,0,0,0,0,0,0,0,0,0,0,0,0,0,0,0,0,0,0,0,0,0,0,0,0,0,0,0,0,0,0,0,0,0,0,0,0,0,0,0,0,0,0,0,0,0,0,0,0,0,0,
hello,6_30,11_3_4,5.7389,0,0,0,5.738909,0.0000,0.0000,0.0000,0.0000,0.0000,0.0000,0,0,,,,,,,,0,0,0,0,0,0,0,0,0,0,0,0,0,0,0,0,0,0,0,0,0,0,0,0,0,0,0,0,0,0,0,0,0,0,0,0,0,0,0,0,0,0,0,0,0,0,0,0,0,0,0,
hello,6_30,11_3_4,5.7439,0,0,0,5.743949,0.0000,0.0000,0.0000,0.0000,0.0000,0.0000,0,0,,,,,,,,0,0,0,0,0,0,0,0,0,0,0,0,0,0,0,0,0,0,0,0,0,0,0,0,0,0,0,0,0,0,0,0,0,0,0,0,0,0,0,0,0,0,0,0,0,0,0,0,0,0,0,
hello,6_30,11_3_4,5.7481,0,0,0,5.748147,0.0000,0.0000,0.0000,0.0000,0.0000,0.0000,0,0,,,,,,,,0,0,0,0,0,0,0,0,0,0,0,0,0,0,0,0,0,0,0,0,0,0,0,0,0,0,0,0,0,0,0,0,0,0,0,0,0,0,0,0,0,0,0,0,0,0,0,0,0,0,0,
hello,6_30,11_3_4,5.7523,0,0,0,5.752267,0.0000,0.0000,0.0000,0.0000,0.0000,0.0000,0,0,,,,,,,,0,0,0,0,0,0,0,0,0,0,0,0,0,0,0,0,0,0,0,0,0,0,0,0,0,0,0,0,0,0,0,0,0,0,0,0,0,0,0,0,0,0,0,0,0,0,0,0,0,0,0,
hello,6_30,11_3_4,5.7560,0,0,0,5.756042,0.0000,0.0000,0.0000,0.0000,0.0000,0.0000,0,0,,,,,,,,0,0,0,0,0,0,0,0,0,0,0,0,0,0,0,0,0,0,0,0,0,0,0,0,0,0,0,0,0,0,0,0,0,0,0,0,0,0,0,0,0,0,0,0,0,0,0,0,0,0,0,
hello,6_30,11_3_4,5.7600,0,0,0,5.760035,0.0000,0.0000,0.0000,0.0000,0.0000,0.0000,0,0,,,,,,,,0,0,0,0,0,0,0,0,0,0,0,0,0,0,0,0,0,0,0,0,0,0,0,0,0,0,0,0,0,0,0,0,0,0,0,0,0,0,0,0,0,0,0,0,0,0,0,0,0,0,0,
hello,6_30,11_3_4,5.7641,0,0,0,5.764105,0.0000,0.0000,0.0000,0.0000,0.0000,0.0000,0,0,,,,,,,,0,0,0,0,0,0,0,0,0,0,0,0,0,0,0,0,0,0,0,0,0,0,0,0,0,0,0,0,0,0,0,0,0,0,0,0,0,0,0,0,0,0,0,0,0,0,0,0,0,0,0,
hello,6_30,11_3_4,5.7681,0,0,0,5.768133,0.0000,0.0000,0.0000,0.0000,0.0000,0.0000,0,0,,,,,,,,0,0,0,0,0,0,0,0,0,0,0,0,0,0,0,0,0,0,0,0,0,0,0,0,0,0,0,0,0,0,0,0,0,0,0,0,0,0,0,0,0,0,0,0,0,0,0,0,0,0,0,
hello,6_30,11_3_4,5.7719,0,0,0,5.771891,0.0000,0.0000,0.0000,0.0000,0.0000,0.0000,0,0,,,,,,,,0,0,0,0,0,0,0,0,0,0,0,0,0,0,0,0,0,0,0,0,0,0,0,0,0,0,0,0,0,0,0,0,0,0,0,0,0,0,0,0,0,0,0,0,0,0,0,0,0,0,0,
hello,6_30,11_3_4,5.7755,0,0,0,5.775525,0.0000,0.0000,0.0000,0.0000,0.0000,0.0000,0,0,,,,,,,,0,0,0,0,0,0,0,0,0,0,0,0,0,0,0,0,0,0,0,0,0,0,0,0,0,0,0,0,0,0,0,0,0,0,0,0,0,0,0,0,0,0,0,0,0,0,0,0,0,0,0,
hello,6_30,11_3_4,5.7793,0,0,0,5.779259,0.0000,0.0000,0.0000,0.0000,0.0000,0.0000,0,0,,,,,,,,0,0,0,0,0,0,0,0,0,0,0,0,0,0,0,0,0,0,0,0,0,0,0,0,0,0,0,0,0,0,0,0,0,0,0,0,0,0,0,0,0,0,0,0,0,0,0,0,0,0,0,
hello,6_30,11_3_4,5.7830,0,0,0,5.783019,0.0000,0.0000,0.0000,0.0000,0.0000,0.0000,0,0,,,,,,,,0,0,0,0,0,0,0,0,0,0,0,0,0,0,0,0,0,0,0,0,0,0,0,0,0,0,0,0,0,0,0,0,0,0,0,0,0,0,0,0,0,0,0,0,0,0,0,0,0,0,0,
hello,6_30,11_3_4,5.7873,0,0,0,5.78734,0.0000,0.0000,0.0000,0.0000,0.0000,0.0000,0,0,,,,,,,,0,0,0,0,0,0,0,0,0,0,0,0,0,0,0,0,0,0,0,0,0,0,0,0,0,0,0,0,0,0,0,0,0,0,0,0,0,0,0,0,0,0,0,0,0,0,0,0,0,0,0,
hello,6_30,11_3_4,5.7912,0,0,0,5.79121,0.0000,0.0000,0.0000,0.0000,0.0000,0.0000,0,0,,,,,,,,0,0,0,0,0,0,0,0,0,0,0,0,0,0,0,0,0,0,0,0,0,0,0,0,0,0,0,0,0,0,0,0,0,0,0,0,0,0,0,0,0,0,0,0,0,0,0,0,0,0,0,
hello,6_30,11_3_4,5.7948,0,0,0,5.7948,0.0000,0.0000,0.0000,0.0000,0.0000,0.0000,0,0,,,,,,,,0,0,0,0,0,0,0,0,0,0,0,0,0,0,0,0,0,0,0,0,0,0,0,0,0,0,0,0,0,0,0,0,0,0,0,0,0,0,0,0,0,0,0,0,0,0,0,0,0,0,0,
hello,6_30,11_3_4,5.7986,0,0,0,5.798582,0.0000,0.0000,0.0000,0.0000,0.0000,0.0000,0,0,,,,,,,,0,0,0,0,0,0,0,0,0,0,0,0,0,0,0,0,0,0,0,0,0,0,0,0,0,0,0,0,0,0,0,0,0,0,0,0,0,0,0,0,0,0,0,0,0,0,0,0,0,0,0,
hello,6_30,11_3_4,5.8023,0,0,0,5.80232,0.0000,0.0000,0.0000,0.0000,0.0000,0.0000,0,0,,,,,,,,0,0,0,0,0,0,0,0,0,0,0,0,0,0,0,0,0,0,0,0,0,0,0,0,0,0,0,0,0,0,0,0,0,0,0,0,0,0,0,0,0,0,0,0,0,0,0,0,0,0,0,
hello,6_30,11_3_4,5.8061,0,0,0,5.806147,0.0000,0.0000,0.0000,0.0000,0.0000,0.0000,0,0,,,,,,,,0,0,0,0,0,0,0,0,0,0,0,0,0,0,0,0,0,0,0,0,0,0,0,0,0,0,0,0,0,0,0,0,0,0,0,0,0,0,0,0,0,0,0,0,0,0,0,0,0,0,0,
hello,6_30,11_3_4,5.8099,0,0,0,5.809901,0.0000,0.0000,0.0000,0.0000,0.0000,0.0000,0,0,,,,,,,,0,0,0,0,0,0,0,0,0,0,0,0,0,0,0,0,0,0,0,0,0,0,0,0,0,0,0,0,0,0,0,0,0,0,0,0,0,0,0,0,0,0,0,0,0,0,0,0,0,0,0,
hello,6_30,11_3_4,5.8137,0,0,0,5.813664,0.0000,0.0000,0.0000,0.0000,0.0000,0.0000,0,0,,,,,,,,0,0,0,0,0,0,0,0,0,0,0,0,0,0,0,0,0,0,0,0,0,0,0,0,0,0,0,0,0,0,0,0,0,0,0,0,0,0,0,0,0,0,0,0,0,0,0,0,0,0,0,
hello,6_30,11_3_4,5.8172,0,0,0,5.817204,0.0000,0.0000,0.0000,0.0000,0.0000,0.0000,0,0,,,,,,,,0,0,0,0,0,0,0,0,0,0,0,0,0,0,0,0,0,0,0,0,0,0,0,0,0,0,0,0,0,0,0,0,0,0,0,0,0,0,0,0,0,0,0,0,0,0,0,0,0,0,0,
hello,6_30,11_3_4,5.8213,0,0,0,5.821272,0.0000,0.0000,0.0000,0.0000,0.0000,0.0000,0,0,,,,,,,,0,0,0,0,0,0,0,0,0,0,0,0,0,0,0,0,0,0,0,0,0,0,0,0,0,0,0,0,0,0,0,0,0,0,0,0,0,0,0,0,0,0,0,0,0,0,0,0,0,0,0,
hello,6_30,11_3_4,5.8251,0,0,0,5.825062,0.0000,0.0000,0.0000,0.0000,0.0000,0.0000,0,0,,,,,,,,0,0,0,0,0,0,0,0,0,0,0,0,0,0,0,0,0,0,0,0,0,0,0,0,0,0,0,0,0,0,0,0,0,0,0,0,0,0,0,0,0,0,0,0,0,0,0,0,0,0,0,
hello,6_30,11_3_4,5.8287,0,0,0,5.828742,0.0000,0.0000,0.0000,0.0000,0.0000,0.0000,0,0,,,,,,,,0,0,0,0,0,0,0,0,0,0,0,0,0,0,0,0,0,0,0,0,0,0,0,0,0,0,0,0,0,0,0,0,0,0,0,0,0,0,0,0,0,0,0,0,0,0,0,0,0,0,0,
hello,6_30,11_3_4,5.8322,0,0,0,5.832235,0.0000,0.0000,0.0000,0.0000,0.0000,0.0000,0,0,,,,,,,,0,0,0,0,0,0,0,0,0,0,0,0,0,0,0,0,0,0,0,0,0,0,0,0,0,0,0,0,0,0,0,0,0,0,0,0,0,0,0,0,0,0,0,0,0,0,0,0,0,0,0,
hello,6_30,11_3_4,5.8359,0,0,0,5.835889,0.0000,0.0000,0.0000,0.0000,0.0000,0.0000,0,0,,,,,,,,0,0,0,0,0,0,0,0,0,0,0,0,0,0,0,0,0,0,0,0,0,0,0,0,0,0,0,0,0,0,0,0,0,0,0,0,0,0,0,0,0,0,0,0,0,0,0,0,0,0,0,
hello,6_30,11_3_4,5.8396,0,0,0,5.839614,0.0000,0.0000,0.0000,0.0000,0.0000,0.0000,0,0,,,,,,,,0,0,0,0,0,0,0,0,0,0,0,0,0,0,0,0,0,0,0,0,0,0,0,0,0,0,0,0,0,0,0,0,0,0,0,0,0,0,0,0,0,0,0,0,0,0,0,0,0,0,0,
hello,6_30,11_3_4,5.8430,0,0,0,5.842951,0.0000,0.0000,0.0000,0.0000,0.0000,0.0000,0,0,,,,,,,,0,0,0,0,0,0,0,0,0,0,0,0,0,0,0,0,0,0,0,0,0,0,0,0,0,0,0,0,0,0,0,0,0,0,0,0,0,0,0,0,0,0,0,0,0,0,0,0,0,0,0,
hello,6_30,11_3_4,5.8464,0,0,0,5.846436,0.0000,0.0000,0.0000,0.0000,0.0000,0.0000,0,0,,,,,,,,0,0,0,0,0,0,0,0,0,0,0,0,0,0,0,0,0,0,0,0,0,0,0,0,0,0,0,0,0,0,0,0,0,0,0,0,0,0,0,0,0,0,0,0,0,0,0,0,0,0,0,
hello,6_30,11_3_4,5.8496,0,0,0,5.849608,0.0000,0.0000,0.0000,0.0000,0.0000,0.0000,0,0,,,,,,,,0,0,0,0,0,0,0,0,0,0,0,0,0,0,0,0,0,0,0,0,0,0,0,0,0,0,0,0,0,0,0,0,0,0,0,0,0,0,0,0,0,0,0,0,0,0,0,0,0,0,0,
hello,6_30,11_3_4,5.8529,0,0,0,5.852915,0.0000,0.0000,0.0000,0.0000,0.0000,0.0000,0,0,,,,,,,,0,0,0,0,0,0,0,0,0,0,0,0,0,0,0,0,0,0,0,0,0,0,0,0,0,0,0,0,0,0,0,0,0,0,0,0,0,0,0,0,0,0,0,0,0,0,0,0,0,0,0,
hello,6_30,11_3_4,5.8564,0,0,0,5.856429,0.0000,0.0000,0.0000,0.0000,0.0000,0.0000,0,0,,,,,,,,0,0,0,0,0,0,0,0,0,0,0,0,0,0,0,0,0,0,0,0,0,0,0,0,0,0,0,0,0,0,0,0,0,0,0,0,0,0,0,0,0,0,0,0,0,0,0,0,0,0,0,
hello,6_30,11_3_4,5.8677,0,0,0,5.867664,0.0000,0.0000,0.0000,0.0000,0.0000,0.0000,0,0,,,,,,,,0,0,0,0,0,0,0,0,0,0,0,0,0,0,0,0,0,0,0,0,0,0,0,0,0,0,0,0,0,0,0,0,0,0,0,0,0,0,0,0,0,0,0,0,0,0,0,0,0,0,0,
hello,6_30,11_3_4,5.8711,0,0,0,5.871087,0.0000,0.0000,0.0000,0.0000,0.0000,0.0000,0,0,,,,,,,,0,0,0,0,0,0,0,0,0,0,0,0,0,0,0,0,0,0,0,0,0,0,0,0,0,0,0,0,0,0,0,0,0,0,0,0,0,0,0,0,0,0,0,0,0,0,0,0,0,0,0,
hello,6_30,11_3_4,5.8743,0,0,0,5.874294,0.0000,0.0000,0.0000,0.0000,0.0000,0.0000,0,0,,,,,,,,0,0,0,0,0,0,0,0,0,0,0,0,0,0,0,0,0,0,0,0,0,0,0,0,0,0,0,0,0,0,0,0,0,0,0,0,0,0,0,0,0,0,0,0,0,0,0,0,0,0,0,
hello,6_30,11_3_4,5.8776,0,0,0,5.877593,0.0000,0.0000,0.0000,0.0000,0.0000,0.0000,0,0,,,,,,,,0,0,0,0,0,0,0,0,0,0,0,0,0,0,0,0,0,0,0,0,0,0,0,0,0,0,0,0,0,0,0,0,0,0,0,0,0,0,0,0,0,0,0,0,0,0,0,0,0,0,0,
hello,6_30,11_3_4,5.8809,0,0,0,5.880944,0.0000,0.0000,0.0000,0.0000,0.0000,0.0000,0,0,,,,,,,,0,0,0,0,0,0,0,0,0,0,0,0,0,0,0,0,0,0,0,0,0,0,0,0,0,0,0,0,0,0,0,0,0,0,0,0,0,0,0,0,0,0,0,0,0,0,0,0,0,0,0,
hello,6_30,11_3_4,5.8844,0,0,0,5.884359,0.0000,0.0000,0.0000,0.0000,0.0000,0.0000,0,0,,,,,,,,0,0,0,0,0,0,0,0,0,0,0,0,0,0,0,0,0,0,0,0,0,0,0,0,0,0,0,0,0,0,0,0,0,0,0,0,0,0,0,0,0,0,0,0,0,0,0,0,0,0,0,
hello,6_30,11_3_4,5.8877,0,0,0,5.887664,0.0000,0.0000,0.0000,0.0000,0.0000,0.0000,0,0,,,,,,,,0,0,0,0,0,0,0,0,0,0,0,0,0,0,0,0,0,0,0,0,0,0,0,0,0,0,0,0,0,0,0,0,0,0,0,0,0,0,0,0,0,0,0,0,0,0,0,0,0,0,0,
hello,6_30,11_3_4,5.8910,0,0,0,5.89099,0.0000,0.0000,0.0000,0.0000,0.0000,0.0000,0,0,,,,,,,,0,0,0,0,0,0,0,0,0,0,0,0,0,0,0,0,0,0,0,0,0,0,0,0,0,0,0,0,0,0,0,0,0,0,0,0,0,0,0,0,0,0,0,0,0,0,0,0,0,0,0,
hello,6_30,11_3_4,5.8944,0,0,0,5.894407,0.0000,0.0000,0.0000,0.0000,0.0000,0.0000,0,0,,,,,,,,0,0,0,0,0,0,0,0,0,0,0,0,0,0,0,0,0,0,0,0,0,0,0,0,0,0,0,0,0,0,0,0,0,0,0,0,0,0,0,0,0,0,0,0,0,0,0,0,0,0,0,
hello,6_30,11_3_4,5.8978,0,0,0,5.897809,0.0000,0.0000,0.0000,0.0000,0.0000,0.0000,0,0,,,,,,,,0,0,0,0,0,0,0,0,0,0,0,0,0,0,0,0,0,0,0,0,0,0,0,0,0,0,0,0,0,0,0,0,0,0,0,0,0,0,0,0,0,0,0,0,0,0,0,0,0,0,0,
hello,6_30,11_3_4,5.9011,0,0,0,5.901125,0.0000,0.0000,0.0000,0.0000,0.0000,0.0000,0,0,,,,,,,,0,0,0,0,0,0,0,0,0,0,0,0,0,0,0,0,0,0,0,0,0,0,0,0,0,0,0,0,0,0,0,0,0,0,0,0,0,0,0,0,0,0,0,0,0,0,0,0,0,0,0,
hello,6_30,11_3_4,5.9045,0,0,0,5.904513,0.0000,0.0000,0.0000,0.0000,0.0000,0.0000,0,0,,,,,,,,0,0,0,0,0,0,0,0,0,0,0,0,0,0,0,0,0,0,0,0,0,0,0,0,0,0,0,0,0,0,0,0,0,0,0,0,0,0,0,0,0,0,0,0,0,0,0,0,0,0,0,
hello,6_30,11_3_4,5.9076,0,0,0,5.907635,0.0000,0.0000,0.0000,0.0000,0.0000,0.0000,0,0,,,,,,,,0,0,0,0,0,0,0,0,0,0,0,0,0,0,0,0,0,0,0,0,0,0,0,0,0,0,0,0,0,0,0,0,0,0,0,0,0,0,0,0,0,0,0,0,0,0,0,0,0,0,0,
hello,6_30,11_3_4,5.9108,0,0,0,5.910811,0.0000,0.0000,0.0000,0.0000,0.0000,0.0000,0,0,,,,,,,,0,0,0,0,0,0,0,0,0,0,0,0,0,0,0,0,0,0,0,0,0,0,0,0,0,0,0,0,0,0,0,0,0,0,0,0,0,0,0,0,0,0,0,0,0,0,0,0,0,0,0,
hello,6_30,11_3_4,5.9140,0,0,0,5.914016,0.0000,0.0000,0.0000,0.0000,0.0000,0.0000,0,0,,,,,,,,0,0,0,0,0,0,0,0,0,0,0,0,0,0,0,0,0,0,0,0,0,0,0,0,0,0,0,0,0,0,0,0,0,0,0,0,0,0,0,0,0,0,0,0,0,0,0,0,0,0,0,
hello,6_30,11_3_4,5.9173,0,0,0,5.917294,0.0000,0.0000,0.0000,0.0000,0.0000,0.0000,0,0,,,,,,,,0,0,0,0,0,0,0,0,0,0,0,0,0,0,0,0,0,0,0,0,0,0,0,0,0,0,0,0,0,0,0,0,0,0,0,0,0,0,0,0,0,0,0,0,0,0,0,0,0,0,0,
hello,6_30,11_3_4,5.9204,0,0,0,5.92044,0.0000,0.0000,0.0000,0.0000,0.0000,0.0000,0,0,,,,,,,,0,0,0,0,0,0,0,0,0,0,0,0,0,0,0,0,0,0,0,0,0,0,0,0,0,0,0,0,0,0,0,0,0,0,0,0,0,0,0,0,0,0,0,0,0,0,0,0,0,0,0,
hello,6_30,11_3_4,5.9240,0,0,0,5.923977,0.0000,0.0000,0.0000,0.0000,0.0000,0.0000,0,0,,,,,,,,0,0,0,0,0,0,0,0,0,0,0,0,0,0,0,0,0,0,0,0,0,0,0,0,0,0,0,0,0,0,0,0,0,0,0,0,0,0,0,0,0,0,0,0,0,0,0,0,0,0,0,
hello,6_30,11_3_4,5.9272,0,0,0,5.92719,0.0000,0.0000,0.0000,0.0000,0.0000,0.0000,0,0,,,,,,,,0,0,0,0,0,0,0,0,0,0,0,0,0,0,0,0,0,0,0,0,0,0,0,0,0,0,0,0,0,0,0,0,0,0,0,0,0,0,0,0,0,0,0,0,0,0,0,0,0,0,0,
hello,6_30,11_3_4,5.9305,0,0,0,5.93052,0.0000,0.0000,0.0000,0.0000,0.0000,0.0000,0,0,,,,,,,,0,0,0,0,0,0,0,0,0,0,0,0,0,0,0,0,0,0,0,0,0,0,0,0,0,0,0,0,0,0,0,0,0,0,0,0,0,0,0,0,0,0,0,0,0,0,0,0,0,0,0,
hello,6_30,11_3_4,5.9339,0,0,0,5.933947,0.0000,0.0000,0.0000,0.0000,0.0000,0.0000,0,0,,,,,,,,0,0,0,0,0,0,0,0,0,0,0,0,0,0,0,0,0,0,0,0,0,0,0,0,0,0,0,0,0,0,0,0,0,0,0,0,0,0,0,0,0,0,0,0,0,0,0,0,0,0,0,
hello,6_30,11_3_4,5.9375,0,0,0,5.937543,0.0000,0.0000,0.0000,0.0000,0.0000,0.0000,0,0,,,,,,,,0,0,0,0,0,0,0,0,0,0,0,0,0,0,0,0,0,0,0,0,0,0,0,0,0,0,0,0,0,0,0,0,0,0,0,0,0,0,0,0,0,0,0,0,0,0,0,0,0,0,0,
hello,6_30,11_3_4,5.9407,0,0,0,5.940674,0.0000,0.0000,0.0000,0.0000,0.0000,0.0000,0,0,,,,,,,,0,0,0,0,0,0,0,0,0,0,0,0,0,0,0,0,0,0,0,0,0,0,0,0,0,0,0,0,0,0,0,0,0,0,0,0,0,0,0,0,0,0,0,0,0,0,0,0,0,0,0,
hello,6_30,11_3_4,5.9441,0,0,0,5.944074,0.0000,0.0000,0.0000,0.0000,0.0000,0.0000,0,0,,,,,,,,0,0,0,0,0,0,0,0,0,0,0,0,0,0,0,0,0,0,0,0,0,0,0,0,0,0,0,0,0,0,0,0,0,0,0,0,0,0,0,0,0,0,0,0,0,0,0,0,0,0,0,
hello,6_30,11_3_4,5.9472,0,0,0,5.947241,0.0000,0.0000,0.0000,0.0000,0.0000,0.0000,0,0,,,,,,,,0,0,0,0,0,0,0,0,0,0,0,0,0,0,0,0,0,0,0,0,0,0,0,0,0,0,0,0,0,0,0,0,0,0,0,0,0,0,0,0,0,0,0,0,0,0,0,0,0,0,0,
hello,6_30,11_3_4,5.9504,0,0,0,5.950379,0.0000,0.0000,0.0000,0.0000,0.0000,0.0000,0,0,,,,,,,,0,0,0,0,0,0,0,0,0,0,0,0,0,0,0,0,0,0,0,0,0,0,0,0,0,0,0,0,0,0,0,0,0,0,0,0,0,0,0,0,0,0,0,0,0,0,0,0,0,0,0,
hello,6_30,11_3_4,5.9537,0,0,0,5.953678,0.0000,0.0000,0.0000,0.0000,0.0000,0.0000,0,0,,,,,,,,0,0,0,0,0,0,0,0,0,0,0,0,0,0,0,0,0,0,0,0,0,0,0,0,0,0,0,0,0,0,0,0,0,0,0,0,0,0,0,0,0,0,0,0,0,0,0,0,0,0,0,
hello,6_30,11_3_4,5.9571,0,0,0,5.957079,0.0000,0.0000,0.0000,0.0000,0.0000,0.0000,0,0,,,,,,,,0,0,0,0,0,0,0,0,0,0,0,0,0,0,0,0,0,0,0,0,0,0,0,0,0,0,0,0,0,0,0,0,0,0,0,0,0,0,0,0,0,0,0,0,0,0,0,0,0,0,0,
hello,6_30,11_3_4,5.9606,0,0,0,5.960636,0.0000,0.0000,0.0000,0.0000,0.0000,0.0000,0,0,,,,,,,,0,0,0,0,0,0,0,0,0,0,0,0,0,0,0,0,0,0,0,0,0,0,0,0,0,0,0,0,0,0,0,0,0,0,0,0,0,0,0,0,0,0,0,0,0,0,0,0,0,0,0,
hello,6_30,11_3_4,5.9640,0,0,0,5.963988,0.0000,0.0000,0.0000,0.0000,0.0000,0.0000,0,0,,,,,,,,0,0,0,0,0,0,0,0,0,0,0,0,0,0,0,0,0,0,0,0,0,0,0,0,0,0,0,0,0,0,0,0,0,0,0,0,0,0,0,0,0,0,0,0,0,0,0,0,0,0,0,
hello,6_30,11_3_4,5.9671,0,0,0,5.967128,0.0000,0.0000,0.0000,0.0000,0.0000,0.0000,0,0,,,,,,,,0,0,0,0,0,0,0,0,0,0,0,0,0,0,0,0,0,0,0,0,0,0,0,0,0,0,0,0,0,0,0,0,0,0,0,0,0,0,0,0,0,0,0,0,0,0,0,0,0,0,0,
hello,6_30,11_3_4,5.9705,0,0,0,5.970503,0.0000,0.0000,0.0000,0.0000,0.0000,0.0000,0,0,,,,,,,,0,0,0,0,0,0,0,0,0,0,0,0,0,0,0,0,0,0,0,0,0,0,0,0,0,0,0,0,0,0,0,0,0,0,0,0,0,0,0,0,0,0,0,0,0,0,0,0,0,0,0,
hello,6_30,11_3_4,5.9739,0,0,0,5.973922,0.0000,0.0000,0.0000,0.0000,0.0000,0.0000,0,0,,,,,,,,0,0,0,0,0,0,0,0,0,0,0,0,0,0,0,0,0,0,0,0,0,0,0,0,0,0,0,0,0,0,0,0,0,0,0,0,0,0,0,0,0,0,0,0,0,0,0,0,0,0,0,
hello,6_30,11_3_4,5.9775,0,0,0,5.977474,0.0000,0.0000,0.0000,0.0000,0.0000,0.0000,0,0,,,,,,,,0,0,0,0,0,0,0,0,0,0,0,0,0,0,0,0,0,0,0,0,0,0,0,0,0,0,0,0,0,0,0,0,0,0,0,0,0,0,0,0,0,0,0,0,0,0,0,0,0,0,0,
hello,6_30,11_3_4,5.9811,0,0,0,5.981076,0.0000,0.0000,0.0000,0.0000,0.0000,0.0000,0,0,,,,,,,,0,0,0,0,0,0,0,0,0,0,0,0,0,0,0,0,0,0,0,0,0,0,0,0,0,0,0,0,0,0,0,0,0,0,0,0,0,0,0,0,0,0,0,0,0,0,0,0,0,0,0,
hello,6_30,11_3_4,5.9845,0,0,0,5.984507,0.0000,0.0000,0.0000,0.0000,0.0000,0.0000,0,0,,,,,,,,0,0,0,0,0,0,0,0,0,0,0,0,0,0,0,0,0,0,0,0,0,0,0,0,0,0,0,0,0,0,0,0,0,0,0,0,0,0,0,0,0,0,0,0,0,0,0,0,0,0,0,
hello,6_30,11_3_4,5.9879,0,0,0,5.987945,0.0000,0.0000,0.0000,0.0000,0.0000,0.0000,0,0,,,,,,,,0,0,0,0,0,0,0,0,0,0,0,0,0,0,0,0,0,0,0,0,0,0,0,0,0,0,0,0,0,0,0,0,0,0,0,0,0,0,0,0,0,0,0,0,0,0,0,0,0,0,0,
hello,6_30,11_3_4,5.9914,0,0,0,5.991445,0.0000,0.0000,0.0000,0.0000,0.0000,0.0000,0,0,,,,,,,,0,0,0,0,0,0,0,0,0,0,0,0,0,0,0,0,0,0,0,0,0,0,0,0,0,0,0,0,0,0,0,0,0,0,0,0,0,0,0,0,0,0,0,0,0,0,0,0,0,0,0,
hello,6_30,11_3_4,5.9947,0,0,0,5.994737,0.0000,0.0000,0.0000,0.0000,0.0000,0.0000,0,0,,,,,,,,0,0,0,0,0,0,0,0,0,0,0,0,0,0,0,0,0,0,0,0,0,0,0,0,0,0,0,0,0,0,0,0,0,0,0,0,0,0,0,0,0,0,0,0,0,0,0,0,0,0,0,
hello,6_30,11_3_4,5.9987,0,0,0,5.998734,0.0000,0.0000,0.0000,0.0000,0.0000,0.0000,0,0,,,,,,,,0,0,0,0,0,0,0,0,0,0,0,0,0,0,0,0,0,0,0,0,0,0,0,0,0,0,0,0,0,0,0,0,0,0,0,0,0,0,0,0,0,0,0,0,0,0,0,0,0,0,0,
hello,6_30,11_3_4,6.0031,0,0,0,6.003129,0.0000,0.0000,0.0000,0.0000,0.0000,0.0000,0,0,,,,,,,,0,0,0,0,0,0,0,0,0,0,0,0,0,0,0,0,0,0,0,0,0,0,0,0,0,0,0,0,0,0,0,0,0,0,0,0,0,0,0,0,0,0,0,0,0,0,0,0,0,0,0,
hello,6_30,11_3_4,6.0075,0,0,0,6.007467,0.0000,0.0000,0.0000,0.0000,0.0000,0.0000,0,0,,,,,,,,0,0,0,0,0,0,0,0,0,0,0,0,0,0,0,0,0,0,0,0,0,0,0,0,0,0,0,0,0,0,0,0,0,0,0,0,0,0,0,0,0,0,0,0,0,0,0,0,0,0,0,
hello,6_30,11_3_4,6.0107,0,0,0,6.01067,0.0000,0.0000,0.0000,0.0000,0.0000,0.0000,0,0,,,,,,,,0,0,0,0,0,0,0,0,0,0,0,0,0,0,0,0,0,0,0,0,0,0,0,0,0,0,0,0,0,0,0,0,0,0,0,0,0,0,0,0,0,0,0,0,0,0,0,0,0,0,0,
hello,6_30,11_3_4,6.0143,0,0,0,6.014267,0.0000,0.0000,0.0000,0.0000,0.0000,0.0000,0,0,,,,,,,,0,0,0,0,0,0,0,0,0,0,0,0,0,0,0,0,0,0,0,0,0,0,0,0,0,0,0,0,0,0,0,0,0,0,0,0,0,0,0,0,0,0,0,0,0,0,0,0,0,0,0,
hello,6_30,11_3_4,6.0182,0,0,0,6.018162,0.0000,0.0000,0.0000,0.0000,0.0000,0.0000,0,0,,,,,,,,0,0,0,0,0,0,0,0,0,0,0,0,0,0,0,0,0,0,0,0,0,0,0,0,0,0,0,0,0,0,0,0,0,0,0,0,0,0,0,0,0,0,0,0,0,0,0,0,0,0,0,
hello,6_30,11_3_4,6.0224,0,0,0,6.0224,0.0000,0.0000,0.0000,0.0000,0.0000,0.0000,0,0,,,,,,,,0,0,0,0,0,0,0,0,0,0,0,0,0,0,0,0,0,0,0,0,0,0,0,0,0,0,0,0,0,0,0,0,0,0,0,0,0,0,0,0,0,0,0,0,0,0,0,0,0,0,0,
hello,6_30,11_3_4,6.0258,0,0,0,6.02578,0.0000,0.0000,0.0000,0.0000,0.0000,0.0000,0,0,,,,,,,,0,0,0,0,0,0,0,0,0,0,0,0,0,0,0,0,0,0,0,0,0,0,0,0,0,0,0,0,0,0,0,0,0,0,0,0,0,0,0,0,0,0,0,0,0,0,0,0,0,0,0,
hello,6_30,11_3_4,6.0289,0,0,0,6.028939,0.0000,0.0000,0.0000,0.0000,0.0000,0.0000,0,0,,,,,,,,0,0,0,0,0,0,0,0,0,0,0,0,0,0,0,0,0,0,0,0,0,0,0,0,0,0,0,0,0,0,0,0,0,0,0,0,0,0,0,0,0,0,0,0,0,0,0,0,0,0,0,
hello,6_30,11_3_4,6.0322,0,0,0,6.03221,0.0000,0.0000,0.0000,0.0000,0.0000,0.0000,0,0,,,,,,,,0,0,0,0,0,0,0,0,0,0,0,0,0,0,0,0,0,0,0,0,0,0,0,0,0,0,0,0,0,0,0,0,0,0,0,0,0,0,0,0,0,0,0,0,0,0,0,0,0,0,0,
hello,6_30,11_3_4,6.0356,0,0,0,6.035611,0.0000,0.0000,0.0000,0.0000,0.0000,0.0000,0,0,,,,,,,,0,0,0,0,0,0,0,0,0,0,0,0,0,0,0,0,0,0,0,0,0,0,0,0,0,0,0,0,0,0,0,0,0,0,0,0,0,0,0,0,0,0,0,0,0,0,0,0,0,0,0,
hello,6_30,11_3_4,6.0390,0,0,0,6.03899,0.0000,0.0000,0.0000,0.0000,0.0000,0.0000,0,0,,,,,,,,0,0,0,0,0,0,0,0,0,0,0,0,0,0,0,0,0,0,0,0,0,0,0,0,0,0,0,0,0,0,0,0,0,0,0,0,0,0,0,0,0,0,0,0,0,0,0,0,0,0,0,
hello,6_30,11_3_4,6.0423,0,0,0,6.042301,0.0000,0.0000,0.0000,0.0000,0.0000,0.0000,0,0,,,,,,,,0,0,0,0,0,0,0,0,0,0,0,0,0,0,0,0,0,0,0,0,0,0,0,0,0,0,0,0,0,0,0,0,0,0,0,0,0,0,0,0,0,0,0,0,0,0,0,0,0,0,0,
hello,6_30,11_3_4,6.0456,0,0,0,6.045608,0.0000,0.0000,0.0000,0.0000,0.0000,0.0000,0,0,,,,,,,,0,0,0,0,0,0,0,0,0,0,0,0,0,0,0,0,0,0,0,0,0,0,0,0,0,0,0,0,0,0,0,0,0,0,0,0,0,0,0,0,0,0,0,0,0,0,0,0,0,0,0,
hello,6_30,11_3_4,6.0487,0,0,0,6.04868,0.0000,0.0000,0.0000,0.0000,0.0000,0.0000,0,0,,,,,,,,0,0,0,0,0,0,0,0,0,0,0,0,0,0,0,0,0,0,0,0,0,0,0,0,0,0,0,0,0,0,0,0,0,0,0,0,0,0,0,0,0,0,0,0,0,0,0,0,0,0,0,
hello,6_30,11_3_4,6.0520,0,0,0,6.052008,0.0000,0.0000,0.0000,0.0000,0.0000,0.0000,0,0,,,,,,,,0,0,0,0,0,0,0,0,0,0,0,0,0,0,0,0,0,0,0,0,0,0,0,0,0,0,0,0,0,0,0,0,0,0,0,0,0,0,0,0,0,0,0,0,0,0,0,0,0,0,0,
hello,6_30,11_3_4,6.0551,0,0,0,6.055115,0.0000,0.0000,0.0000,0.0000,0.0000,0.0000,0,0,,,,,,,,0,0,0,0,0,0,0,0,0,0,0,0,0,0,0,0,0,0,0,0,0,0,0,0,0,0,0,0,0,0,0,0,0,0,0,0,0,0,0,0,0,0,0,0,0,0,0,0,0,0,0,
hello,6_30,11_3_4,6.0583,0,0,0,6.058278,0.0000,0.0000,0.0000,0.0000,0.0000,0.0000,0,0,,,,,,,,0,0,0,0,0,0,0,0,0,0,0,0,0,0,0,0,0,0,0,0,0,0,0,0,0,0,0,0,0,0,0,0,0,0,0,0,0,0,0,0,0,0,0,0,0,0,0,0,0,0,0,
hello,6_30,11_3_4,6.0698,0,0,0,6.069785,0.0000,0.0000,0.0000,0.0000,0.0000,0.0000,0,0,,,,,,,,0,0,0,0,0,0,0,0,0,0,0,0,0,0,0,0,0,0,0,0,0,0,0,0,0,0,0,0,0,0,0,0,0,0,0,0,0,0,0,0,0,0,0,0,0,0,0,0,0,0,0,
hello,6_30,11_3_4,6.0734,0,0,0,6.073391,0.0000,0.0000,0.0000,0.0000,0.0000,0.0000,0,0,,,,,,,,0,0,0,0,0,0,0,0,0,0,0,0,0,0,0,0,0,0,0,0,0,0,0,0,0,0,0,0,0,0,0,0,0,0,0,0,0,0,0,0,0,0,0,0,0,0,0,0,0,0,0,
hello,6_30,11_3_4,6.0768,0,0,0,6.0768,0.0000,0.0000,0.0000,0.0000,0.0000,0.0000,0,0,,,,,,,,0,0,0,0,0,0,0,0,0,0,0,0,0,0,0,0,0,0,0,0,0,0,0,0,0,0,0,0,0,0,0,0,0,0,0,0,0,0,0,0,0,0,0,0,0,0,0,0,0,0,0,
hello,6_30,11_3_4,6.0799,0,0,0,6.079942,0.0000,0.0000,0.0000,0.0000,0.0000,0.0000,0,0,,,,,,,,0,0,0,0,0,0,0,0,0,0,0,0,0,0,0,0,0,0,0,0,0,0,0,0,0,0,0,0,0,0,0,0,0,0,0,0,0,0,0,0,0,0,0,0,0,0,0,0,0,0,0,
hello,6_30,11_3_4,6.0831,0,0,0,6.083139,0.0000,0.0000,0.0000,0.0000,0.0000,0.0000,0,0,,,,,,,,0,0,0,0,0,0,0,0,0,0,0,0,0,0,0,0,0,0,0,0,0,0,0,0,0,0,0,0,0,0,0,0,0,0,0,0,0,0,0,0,0,0,0,0,0,0,0,0,0,0,0,
hello,6_30,11_3_4,6.0865,0,0,0,6.086533,0.0000,0.0000,0.0000,0.0000,0.0000,0.0000,0,0,,,,,,,,0,0,0,0,0,0,0,0,0,0,0,0,0,0,0,0,0,0,0,0,0,0,0,0,0,0,0,0,0,0,0,0,0,0,0,0,0,0,0,0,0,0,0,0,0,0,0,0,0,0,0,
hello,6_30,11_3_4,6.0898,0,0,0,6.089835,0.0000,0.0000,0.0000,0.0000,0.0000,0.0000,0,0,,,,,,,,0,0,0,0,0,0,0,0,0,0,0,0,0,0,0,0,0,0,0,0,0,0,0,0,0,0,0,0,0,0,0,0,0,0,0,0,0,0,0,0,0,0,0,0,0,0,0,0,0,0,0,
hello,6_30,11_3_4,6.0933,0,0,0,6.09325,0.0000,0.0000,0.0000,0.0000,0.0000,0.0000,0,0,,,,,,,,0,0,0,0,0,0,0,0,0,0,0,0,0,0,0,0,0,0,0,0,0,0,0,0,0,0,0,0,0,0,0,0,0,0,0,0,0,0,0,0,0,0,0,0,0,0,0,0,0,0,0,
hello,6_30,11_3_4,6.0964,0,0,0,6.096448,0.0000,0.0000,0.0000,0.0000,0.0000,0.0000,0,0,,,,,,,,0,0,0,0,0,0,0,0,0,0,0,0,0,0,0,0,0,0,0,0,0,0,0,0,0,0,0,0,0,0,0,0,0,0,0,0,0,0,0,0,0,0,0,0,0,0,0,0,0,0,0,
hello,6_30,11_3_4,6.0996,0,0,0,6.099636,0.0000,0.0000,0.0000,0.0000,0.0000,0.0000,0,0,,,,,,,,0,0,0,0,0,0,0,0,0,0,0,0,0,0,0,0,0,0,0,0,0,0,0,0,0,0,0,0,0,0,0,0,0,0,0,0,0,0,0,0,0,0,0,0,0,0,0,0,0,0,0,
hello,6_30,11_3_4,6.1034,0,0,0,6.103387,0.0000,0.0000,0.0000,0.0000,0.0000,0.0000,0,0,,,,,,,,0,0,0,0,0,0,0,0,0,0,0,0,0,0,0,0,0,0,0,0,0,0,0,0,0,0,0,0,0,0,0,0,0,0,0,0,0,0,0,0,0,0,0,0,0,0,0,0,0,0,0,
hello,6_30,11_3_4,6.1067,0,0,0,6.106673,0.0000,0.0000,0.0000,0.0000,0.0000,0.0000,0,0,,,,,,,,0,0,0,0,0,0,0,0,0,0,0,0,0,0,0,0,0,0,0,0,0,0,0,0,0,0,0,0,0,0,0,0,0,0,0,0,0,0,0,0,0,0,0,0,0,0,0,0,0,0,0,
hello,6_30,11_3_4,6.1100,0,0,0,6.109973,0.0000,0.0000,0.0000,0.0000,0.0000,0.0000,0,0,,,,,,,,0,0,0,0,0,0,0,0,0,0,0,0,0,0,0,0,0,0,0,0,0,0,0,0,0,0,0,0,0,0,0,0,0,0,0,0,0,0,0,0,0,0,0,0,0,0,0,0,0,0,0,
hello,6_30,11_3_4,6.1136,0,0,0,6.11358,0.0000,0.0000,0.0000,0.0000,0.0000,0.0000,0,0,,,,,,,,0,0,0,0,0,0,0,0,0,0,0,0,0,0,0,0,0,0,0,0,0,0,0,0,0,0,0,0,0,0,0,0,0,0,0,0,0,0,0,0,0,0,0,0,0,0,0,0,0,0,0,
hello,6_30,11_3_4,6.1167,0,0,0,6.116709,0.0000,0.0000,0.0000,0.0000,0.0000,0.0000,0,0,,,,,,,,0,0,0,0,0,0,0,0,0,0,0,0,0,0,0,0,0,0,0,0,0,0,0,0,0,0,0,0,0,0,0,0,0,0,0,0,0,0,0,0,0,0,0,0,0,0,0,0,0,0,0,
hello,6_30,11_3_4,6.1200,0,0,0,6.119985,0.0000,0.0000,0.0000,0.0000,0.0000,0.0000,0,0,,,,,,,,0,0,0,0,0,0,0,0,0,0,0,0,0,0,0,0,0,0,0,0,0,0,0,0,0,0,0,0,0,0,0,0,0,0,0,0,0,0,0,0,0,0,0,0,0,0,0,0,0,0,0,
hello,6_30,11_3_4,6.1235,0,0,0,6.123486,0.0000,0.0000,0.0000,0.0000,0.0000,0.0000,0,0,,,,,,,,0,0,0,0,0,0,0,0,0,0,0,0,0,0,0,0,0,0,0,0,0,0,0,0,0,0,0,0,0,0,0,0,0,0,0,0,0,0,0,0,0,0,0,0,0,0,0,0,0,0,0,
hello,6_30,11_3_4,6.1270,0,0,0,6.126955,0.0000,0.0000,0.0000,0.0000,0.0000,0.0000,0,0,,,,,,,,0,0,0,0,0,0,0,0,0,0,0,0,0,0,0,0,0,0,0,0,0,0,0,0,0,0,0,0,0,0,0,0,0,0,0,0,0,0,0,0,0,0,0,0,0,0,0,0,0,0,0,
hello,6_30,11_3_4,6.1301,0,0,0,6.130086,0.0000,0.0000,0.0000,0.0000,0.0000,0.0000,0,0,,,,,,,,0,0,0,0,0,0,0,0,0,0,0,0,0,0,0,0,0,0,0,0,0,0,0,0,0,0,0,0,0,0,0,0,0,0,0,0,0,0,0,0,0,0,0,0,0,0,0,0,0,0,0,
hello,6_30,11_3_4,6.1333,0,0,0,6.133331,0.0000,0.0000,0.0000,0.0000,0.0000,0.0000,0,0,,,,,,,,0,0,0,0,0,0,0,0,0,0,0,0,0,0,0,0,0,0,0,0,0,0,0,0,0,0,0,0,0,0,0,0,0,0,0,0,0,0,0,0,0,0,0,0,0,0,0,0,0,0,0,
hello,6_30,11_3_4,6.1364,0,0,0,6.136423,0.0000,0.0000,0.0000,0.0000,0.0000,0.0000,0,0,,,,,,,,0,0,0,0,0,0,0,0,0,0,0,0,0,0,0,0,0,0,0,0,0,0,0,0,0,0,0,0,0,0,0,0,0,0,0,0,0,0,0,0,0,0,0,0,0,0,0,0,0,0,0,
hello,6_30,11_3_4,6.1395,0,0,0,6.139522,0.0000,0.0000,0.0000,0.0000,0.0000,0.0000,0,0,,,,,,,,0,0,0,0,0,0,0,0,0,0,0,0,0,0,0,0,0,0,0,0,0,0,0,0,0,0,0,0,0,0,0,0,0,0,0,0,0,0,0,0,0,0,0,0,0,0,0,0,0,0,0,
hello,6_30,11_3_4,6.1426,0,0,0,6.142642,0.0000,0.0000,0.0000,0.0000,0.0000,0.0000,0,0,,,,,,,,0,0,0,0,0,0,0,0,0,0,0,0,0,0,0,0,0,0,0,0,0,0,0,0,0,0,0,0,0,0,0,0,0,0,0,0,0,0,0,0,0,0,0,0,0,0,0,0,0,0,0,
hello,6_30,11_3_4,6.1461,0,0,0,6.146101,0.0000,0.0000,0.0000,0.0000,0.0000,0.0000,0,0,,,,,,,,0,0,0,0,0,0,0,0,0,0,0,0,0,0,0,0,0,0,0,0,0,0,0,0,0,0,0,0,0,0,0,0,0,0,0,0,0,0,0,0,0,0,0,0,0,0,0,0,0,0,0,
hello,6_30,11_3_4,6.1493,0,0,0,6.149263,0.0000,0.0000,0.0000,0.0000,0.0000,0.0000,0,0,,,,,,,,0,0,0,0,0,0,0,0,0,0,0,0,0,0,0,0,0,0,0,0,0,0,0,0,0,0,0,0,0,0,0,0,0,0,0,0,0,0,0,0,0,0,0,0,0,0,0,0,0,0,0,
hello,6_30,11_3_4,6.1525,0,0,0,6.152454,0.0000,0.0000,0.0000,0.0000,0.0000,0.0000,0,0,,,,,,,,0,0,0,0,0,0,0,0,0,0,0,0,0,0,0,0,0,0,0,0,0,0,0,0,0,0,0,0,0,0,0,0,0,0,0,0,0,0,0,0,0,0,0,0,0,0,0,0,0,0,0,
hello,6_30,11_3_4,6.1556,0,0,0,6.155575,0.0000,0.0000,0.0000,0.0000,0.0000,0.0000,0,0,,,,,,,,0,0,0,0,0,0,0,0,0,0,0,0,0,0,0,0,0,0,0,0,0,0,0,0,0,0,0,0,0,0,0,0,0,0,0,0,0,0,0,0,0,0,0,0,0,0,0,0,0,0,0,
hello,6_30,11_3_4,6.1589,0,0,0,6.158858,0.0000,0.0000,0.0000,0.0000,0.0000,0.0000,0,0,,,,,,,,0,0,0,0,0,0,0,0,0,0,0,0,0,0,0,0,0,0,0,0,0,0,0,0,0,0,0,0,0,0,0,0,0,0,0,0,0,0,0,0,0,0,0,0,0,0,0,0,0,0,0,
hello,6_30,11_3_4,6.1621,0,0,0,6.16211,0.0000,0.0000,0.0000,0.0000,0.0000,0.0000,0,0,,,,,,,,0,0,0,0,0,0,0,0,0,0,0,0,0,0,0,0,0,0,0,0,0,0,0,0,0,0,0,0,0,0,0,0,0,0,0,0,0,0,0,0,0,0,0,0,0,0,0,0,0,0,0,
hello,6_30,11_3_4,6.1655,0,0,0,6.165476,0.0000,0.0000,0.0000,0.0000,0.0000,0.0000,0,0,,,,,,,,0,0,0,0,0,0,0,0,0,0,0,0,0,0,0,0,0,0,0,0,0,0,0,0,0,0,0,0,0,0,0,0,0,0,0,0,0,0,0,0,0,0,0,0,0,0,0,0,0,0,0,
hello,6_30,11_3_4,6.1686,0,0,0,6.168588,0.0000,0.0000,0.0000,0.0000,0.0000,0.0000,0,0,,,,,,,,0,0,0,0,0,0,0,0,0,0,0,0,0,0,0,0,0,0,0,0,0,0,0,0,0,0,0,0,0,0,0,0,0,0,0,0,0,0,0,0,0,0,0,0,0,0,0,0,0,0,0,
hello,6_30,11_3_4,6.1717,0,0,0,6.171704,0.0000,0.0000,0.0000,0.0000,0.0000,0.0000,0,0,,,,,,,,0,0,0,0,0,0,0,0,0,0,0,0,0,0,0,0,0,0,0,0,0,0,0,0,0,0,0,0,0,0,0,0,0,0,0,0,0,0,0,0,0,0,0,0,0,0,0,0,0,0,0,
hello,6_30,11_3_4,6.1748,0,0,0,6.174801,0.0000,0.0000,0.0000,0.0000,0.0000,0.0000,0,0,,,,,,,,0,0,0,0,0,0,0,0,0,0,0,0,0,0,0,0,0,0,0,0,0,0,0,0,0,0,0,0,0,0,0,0,0,0,0,0,0,0,0,0,0,0,0,0,0,0,0,0,0,0,0,
hello,6_30,11_3_4,6.1780,0,0,0,6.177988,0.0000,0.0000,0.0000,0.0000,0.0000,0.0000,0,0,,,,,,,,0,0,0,0,0,0,0,0,0,0,0,0,0,0,0,0,0,0,0,0,0,0,0,0,0,0,0,0,0,0,0,0,0,0,0,0,0,0,0,0,0,0,0,0,0,0,0,0,0,0,0,
hello,6_30,11_3_4,6.1811,0,0,0,6.18113,0.0000,0.0000,0.0000,0.0000,0.0000,0.0000,0,0,,,,,,,,0,0,0,0,0,0,0,0,0,0,0,0,0,0,0,0,0,0,0,0,0,0,0,0,0,0,0,0,0,0,0,0,0,0,0,0,0,0,0,0,0,0,0,0,0,0,0,0,0,0,0,
hello,6_30,11_3_4,6.1845,0,0,0,6.184481,0.0000,0.0000,0.0000,0.0000,0.0000,0.0000,0,0,,,,,,,,0,0,0,0,0,0,0,0,0,0,0,0,0,0,0,0,0,0,0,0,0,0,0,0,0,0,0,0,0,0,0,0,0,0,0,0,0,0,0,0,0,0,0,0,0,0,0,0,0,0,0,
hello,6_30,11_3_4,6.1878,0,0,0,6.187771,0.0000,0.0000,0.0000,0.0000,0.0000,0.0000,0,0,,,,,,,,0,0,0,0,0,0,0,0,0,0,0,0,0,0,0,0,0,0,0,0,0,0,0,0,0,0,0,0,0,0,0,0,0,0,0,0,0,0,0,0,0,0,0,0,0,0,0,0,0,0,0,
hello,6_30,11_3_4,6.1910,0,0,0,6.190966,0.0000,0.0000,0.0000,0.0000,0.0000,0.0000,0,0,,,,,,,,0,0,0,0,0,0,0,0,0,0,0,0,0,0,0,0,0,0,0,0,0,0,0,0,0,0,0,0,0,0,0,0,0,0,0,0,0,0,0,0,0,0,0,0,0,0,0,0,0,0,0,
hello,6_30,11_3_4,6.1943,0,0,0,6.194337,0.0000,0.0000,0.0000,0.0000,0.0000,0.0000,0,0,,,,,,,,0,0,0,0,0,0,0,0,0,0,0,0,0,0,0,0,0,0,0,0,0,0,0,0,0,0,0,0,0,0,0,0,0,0,0,0,0,0,0,0,0,0,0,0,0,0,0,0,0,0,0,
hello,6_30,11_3_4,6.1975,0,0,0,6.197525,0.0000,0.0000,0.0000,0.0000,0.0000,0.0000,0,0,,,,,,,,0,0,0,0,0,0,0,0,0,0,0,0,0,0,0,0,0,0,0,0,0,0,0,0,0,0,0,0,0,0,0,0,0,0,0,0,0,0,0,0,0,0,0,0,0,0,0,0,0,0,0,
hello,6_30,11_3_4,6.2007,0,0,0,6.20068,0.0000,0.0000,0.0000,0.0000,0.0000,0.0000,0,0,,,,,,,,0,0,0,0,0,0,0,0,0,0,0,0,0,0,0,0,0,0,0,0,0,0,0,0,0,0,0,0,0,0,0,0,0,0,0,0,0,0,0,0,0,0,0,0,0,0,0,0,0,0,0,
hello,6_30,11_3_4,6.2042,0,0,0,6.204218,0.0000,0.0000,0.0000,0.0000,0.0000,0.0000,0,0,,,,,,,,0,0,0,0,0,0,0,0,0,0,0,0,0,0,0,0,0,0,0,0,0,0,0,0,0,0,0,0,0,0,0,0,0,0,0,0,0,0,0,0,0,0,0,0,0,0,0,0,0,0,0,
hello,6_30,11_3_4,6.2074,0,0,0,6.207374,0.0000,0.0000,0.0000,0.0000,0.0000,0.0000,0,0,,,,,,,,0,0,0,0,0,0,0,0,0,0,0,0,0,0,0,0,0,0,0,0,0,0,0,0,0,0,0,0,0,0,0,0,0,0,0,0,0,0,0,0,0,0,0,0,0,0,0,0,0,0,0,
hello,6_30,11_3_4,6.2105,0,0,0,6.210534,0.0000,0.0000,0.0000,0.0000,0.0000,0.0000,0,0,,,,,,,,0,0,0,0,0,0,0,0,0,0,0,0,0,0,0,0,0,0,0,0,0,0,0,0,0,0,0,0,0,0,0,0,0,0,0,0,0,0,0,0,0,0,0,0,0,0,0,0,0,0,0,
hello,6_30,11_3_4,6.2138,0,0,0,6.213802,0.0000,0.0000,0.0000,0.0000,0.0000,0.0000,0,0,,,,,,,,0,0,0,0,0,0,0,0,0,0,0,0,0,0,0,0,0,0,0,0,0,0,0,0,0,0,0,0,0,0,0,0,0,0,0,0,0,0,0,0,0,0,0,0,0,0,0,0,0,0,0,
hello,6_30,11_3_4,6.2175,0,0,0,6.217505,0.0000,0.0000,0.0000,0.0000,0.0000,0.0000,0,0,,,,,,,,0,0,0,0,0,0,0,0,0,0,0,0,0,0,0,0,0,0,0,0,0,0,0,0,0,0,0,0,0,0,0,0,0,0,0,0,0,0,0,0,0,0,0,0,0,0,0,0,0,0,0,
hello,6_30,11_3_4,6.2207,0,0,0,6.220746,0.0000,0.0000,0.0000,0.0000,0.0000,0.0000,0,0,,,,,,,,0,0,0,0,0,0,0,0,0,0,0,0,0,0,0,0,0,0,0,0,0,0,0,0,0,0,0,0,0,0,0,0,0,0,0,0,0,0,0,0,0,0,0,0,0,0,0,0,0,0,0,
hello,6_30,11_3_4,6.2241,0,0,0,6.224087,0.0000,0.0000,0.0000,0.0000,0.0000,0.0000,0,0,,,,,,,,0,0,0,0,0,0,0,0,0,0,0,0,0,0,0,0,0,0,0,0,0,0,0,0,0,0,0,0,0,0,0,0,0,0,0,0,0,0,0,0,0,0,0,0,0,0,0,0,0,0,0,
hello,6_30,11_3_4,6.2272,0,0,0,6.227163,0.0000,0.0000,0.0000,0.0000,0.0000,0.0000,0,0,,,,,,,,0,0,0,0,0,0,0,0,0,0,0,0,0,0,0,0,0,0,0,0,0,0,0,0,0,0,0,0,0,0,0,0,0,0,0,0,0,0,0,0,0,0,0,0,0,0,0,0,0,0,0,
hello,6_30,11_3_4,6.2302,0,0,0,6.230247,0.0000,0.0000,0.0000,0.0000,0.0000,0.0000,0,0,,,,,,,,0,0,0,0,0,0,0,0,0,0,0,0,0,0,0,0,0,0,0,0,0,0,0,0,0,0,0,0,0,0,0,0,0,0,0,0,0,0,0,0,0,0,0,0,0,0,0,0,0,0,0,
hello,6_30,11_3_4,6.2333,0,0,0,6.233292,0.0000,0.0000,0.0000,0.0000,0.0000,0.0000,0,0,,,,,,,,0,0,0,0,0,0,0,0,0,0,0,0,0,0,0,0,0,0,0,0,0,0,0,0,0,0,0,0,0,0,0,0,0,0,0,0,0,0,0,0,0,0,0,0,0,0,0,0,0,0,0,
hello,6_30,11_3_4,6.2364,0,0,0,6.23638,0.0000,0.0000,0.0000,0.0000,0.0000,0.0000,0,0,,,,,,,,0,0,0,0,0,0,0,0,0,0,0,0,0,0,0,0,0,0,0,0,0,0,0,0,0,0,0,0,0,0,0,0,0,0,0,0,0,0,0,0,0,0,0,0,0,0,0,0,0,0,0,
hello,6_30,11_3_4,6.2462,0,0,0,6.246222,0.0000,0.0000,0.0000,0.0000,0.0000,0.0000,0,0,,,,,,,,0,0,0,0,0,0,0,0,0,0,0,0,0,0,0,0,0,0,0,0,0,0,0,0,0,0,0,0,0,0,0,0,0,0,0,0,0,0,0,0,0,0,0,0,0,0,0,0,0,0,0,
hello,6_30,11_3_4,6.2497,0,0,0,6.249692,0.0000,0.0000,0.0000,0.0000,0.0000,0.0000,0,0,,,,,,,,0,0,0,0,0,0,0,0,0,0,0,0,0,0,0,0,0,0,0,0,0,0,0,0,0,0,0,0,0,0,0,0,0,0,0,0,0,0,0,0,0,0,0,0,0,0,0,0,0,0,0,
hello,6_30,11_3_4,6.2530,0,0,0,6.252969,0.0000,0.0000,0.0000,0.0000,0.0000,0.0000,0,0,,,,,,,,0,0,0,0,0,0,0,0,0,0,0,0,0,0,0,0,0,0,0,0,0,0,0,0,0,0,0,0,0,0,0,0,0,0,0,0,0,0,0,0,0,0,0,0,0,0,0,0,0,0,0,
hello,6_30,11_3_4,6.2562,0,0,0,6.256157,0.0000,0.0000,0.0000,0.0000,0.0000,0.0000,0,0,,,,,,,,0,0,0,0,0,0,0,0,0,0,0,0,0,0,0,0,0,0,0,0,0,0,0,0,0,0,0,0,0,0,0,0,0,0,0,0,0,0,0,0,0,0,0,0,0,0,0,0,0,0,0,
hello,6_30,11_3_4,6.2595,0,0,0,6.259499,0.0000,0.0000,0.0000,0.0000,0.0000,0.0000,0,0,,,,,,,,0,0,0,0,0,0,0,0,0,0,0,0,0,0,0,0,0,0,0,0,0,0,0,0,0,0,0,0,0,0,0,0,0,0,0,0,0,0,0,0,0,0,0,0,0,0,0,0,0,0,0,
hello,6_30,11_3_4,6.2713,0,0,0,6.27127,0.0000,0.0000,0.0000,0.0000,0.0000,0.0000,0,0,,,,,,,,0,0,0,0,0,0,0,0,0,0,0,0,0,0,0,0,0,0,0,0,0,0,0,0,0,0,0,0,0,0,0,0,0,0,0,0,0,0,0,0,0,0,0,0,0,0,0,0,0,0,0,
hello,6_30,11_3_4,6.2747,0,0,0,6.274686,0.0000,0.0000,0.0000,0.0000,0.0000,0.0000,0,0,,,,,,,,0,0,0,0,0,0,0,0,0,0,0,0,0,0,0,0,0,0,0,0,0,0,0,0,0,0,0,0,0,0,0,0,0,0,0,0,0,0,0,0,0,0,0,0,0,0,0,0,0,0,0,
hello,6_30,11_3_4,6.2780,0,0,0,6.278028,0.0000,0.0000,0.0000,0.0000,0.0000,0.0000,0,0,,,,,,,,0,0,0,0,0,0,0,0,0,0,0,0,0,0,0,0,0,0,0,0,0,0,0,0,0,0,0,0,0,0,0,0,0,0,0,0,0,0,0,0,0,0,0,0,0,0,0,0,0,0,0,
hello,6_30,11_3_4,6.2812,0,0,0,6.281209,0.0000,0.0000,0.0000,0.0000,0.0000,0.0000,0,0,,,,,,,,0,0,0,0,0,0,0,0,0,0,0,0,0,0,0,0,0,0,0,0,0,0,0,0,0,0,0,0,0,0,0,0,0,0,0,0,0,0,0,0,0,0,0,0,0,0,0,0,0,0,0,
hello,6_30,11_3_4,6.2847,0,0,0,6.284693,0.0000,0.0000,0.0000,0.0000,0.0000,0.0000,0,0,,,,,,,,0,0,0,0,0,0,0,0,0,0,0,0,0,0,0,0,0,0,0,0,0,0,0,0,0,0,0,0,0,0,0,0,0,0,0,0,0,0,0,0,0,0,0,0,0,0,0,0,0,0,0,
hello,6_30,11_3_4,6.2880,0,0,0,6.288027,0.0000,0.0000,0.0000,0.0000,0.0000,0.0000,0,0,,,,,,,,0,0,0,0,0,0,0,0,0,0,0,0,0,0,0,0,0,0,0,0,0,0,0,0,0,0,0,0,0,0,0,0,0,0,0,0,0,0,0,0,0,0,0,0,0,0,0,0,0,0,0,
hello,6_30,11_3_4,6.2912,0,0,0,6.291237,0.0000,0.0000,0.0000,0.0000,0.0000,0.0000,0,0,,,,,,,,0,0,0,0,0,0,0,0,0,0,0,0,0,0,0,0,0,0,0,0,0,0,0,0,0,0,0,0,0,0,0,0,0,0,0,0,0,0,0,0,0,0,0,0,0,0,0,0,0,0,0,
hello,6_30,11_3_4,6.2946,0,0,0,6.294597,0.0000,0.0000,0.0000,0.0000,0.0000,0.0000,0,0,,,,,,,,0,0,0,0,0,0,0,0,0,0,0,0,0,0,0,0,0,0,0,0,0,0,0,0,0,0,0,0,0,0,0,0,0,0,0,0,0,0,0,0,0,0,0,0,0,0,0,0,0,0,0,
hello,6_30,11_3_4,6.2978,0,0,0,6.297776,0.0000,0.0000,0.0000,0.0000,0.0000,0.0000,0,0,,,,,,,,0,0,0,0,0,0,0,0,0,0,0,0,0,0,0,0,0,0,0,0,0,0,0,0,0,0,0,0,0,0,0,0,0,0,0,0,0,0,0,0,0,0,0,0,0,0,0,0,0,0,0,
hello,6_30,11_3_4,6.3009,0,0,0,6.300898,0.0000,0.0000,0.0000,0.0000,0.0000,0.0000,0,0,,,,,,,,0,0,0,0,0,0,0,0,0,0,0,0,0,0,0,0,0,0,0,0,0,0,0,0,0,0,0,0,0,0,0,0,0,0,0,0,0,0,0,0,0,0,0,0,0,0,0,0,0,0,0,
hello,6_30,11_3_4,6.3043,0,0,0,6.304261,0.0000,0.0000,0.0000,0.0000,0.0000,0.0000,0,0,,,,,,,,0,0,0,0,0,0,0,0,0,0,0,0,0,0,0,0,0,0,0,0,0,0,0,0,0,0,0,0,0,0,0,0,0,0,0,0,0,0,0,0,0,0,0,0,0,0,0,0,0,0,0,
hello,6_30,11_3_4,6.3074,0,0,0,6.307364,0.0000,0.0000,0.0000,0.0000,0.0000,0.0000,0,0,,,,,,,,0,0,0,0,0,0,0,0,0,0,0,0,0,0,0,0,0,0,0,0,0,0,0,0,0,0,0,0,0,0,0,0,0,0,0,0,0,0,0,0,0,0,0,0,0,0,0,0,0,0,0,
hello,6_30,11_3_4,6.3106,0,0,0,6.310637,0.0000,0.0000,0.0000,0.0000,0.0000,0.0000,0,0,,,,,,,,0,0,0,0,0,0,0,0,0,0,0,0,0,0,0,0,0,0,0,0,0,0,0,0,0,0,0,0,0,0,0,0,0,0,0,0,0,0,0,0,0,0,0,0,0,0,0,0,0,0,0,
hello,6_30,11_3_4,6.3138,0,0,0,6.31376,0.0000,0.0000,0.0000,0.0000,0.0000,0.0000,0,0,,,,,,,,0,0,0,0,0,0,0,0,0,0,0,0,0,0,0,0,0,0,0,0,0,0,0,0,0,0,0,0,0,0,0,0,0,0,0,0,0,0,0,0,0,0,0,0,0,0,0,0,0,0,0,
hello,6_30,11_3_4,6.3170,0,0,0,6.317031,0.0000,0.0000,0.0000,0.0000,0.0000,0.0000,0,0,,,,,,,,0,0,0,0,0,0,0,0,0,0,0,0,0,0,0,0,0,0,0,0,0,0,0,0,0,0,0,0,0,0,0,0,0,0,0,0,0,0,0,0,0,0,0,0,0,0,0,0,0,0,0,
hello,6_30,11_3_4,6.3201,0,0,0,6.320146,0.0000,0.0000,0.0000,0.0000,0.0000,0.0000,0,0,,,,,,,,0,0,0,0,0,0,0,0,0,0,0,0,0,0,0,0,0,0,0,0,0,0,0,0,0,0,0,0,0,0,0,0,0,0,0,0,0,0,0,0,0,0,0,0,0,0,0,0,0,0,0,
hello,6_30,11_3_4,6.3236,0,0,0,6.323582,0.0000,0.0000,0.0000,0.0000,0.0000,0.0000,0,0,,,,,,,,0,0,0,0,0,0,0,0,0,0,0,0,0,0,0,0,0,0,0,0,0,0,0,0,0,0,0,0,0,0,0,0,0,0,0,0,0,0,0,0,0,0,0,0,0,0,0,0,0,0,0,
hello,6_30,11_3_4,6.3270,0,0,0,6.327,0.0000,0.0000,0.0000,0.0000,0.0000,0.0000,0,0,,,,,,,,0,0,0,0,0,0,0,0,0,0,0,0,0,0,0,0,0,0,0,0,0,0,0,0,0,0,0,0,0,0,0,0,0,0,0,0,0,0,0,0,0,0,0,0,0,0,0,0,0,0,0,
hello,6_30,11_3_4,6.3307,0,0,0,6.330679,0.0000,0.0000,0.0000,0.0000,0.0000,0.0000,0,0,,,,,,,,0,0,0,0,0,0,0,0,0,0,0,0,0,0,0,0,0,0,0,0,0,0,0,0,0,0,0,0,0,0,0,0,0,0,0,0,0,0,0,0,0,0,0,0,0,0,0,0,0,0,0,
hello,6_30,11_3_4,6.3340,0,0,0,6.334007,0.0000,0.0000,0.0000,0.0000,0.0000,0.0000,0,0,,,,,,,,0,0,0,0,0,0,0,0,0,0,0,0,0,0,0,0,0,0,0,0,0,0,0,0,0,0,0,0,0,0,0,0,0,0,0,0,0,0,0,0,0,0,0,0,0,0,0,0,0,0,0,
hello,6_30,11_3_4,6.3372,0,0,0,6.337184,0.0000,0.0000,0.0000,0.0000,0.0000,0.0000,0,0,,,,,,,,0,0,0,0,0,0,0,0,0,0,0,0,0,0,0,0,0,0,0,0,0,0,0,0,0,0,0,0,0,0,0,0,0,0,0,0,0,0,0,0,0,0,0,0,0,0,0,0,0,0,0,
hello,6_30,11_3_4,6.3404,0,0,0,6.340354,0.0000,0.0000,0.0000,0.0000,0.0000,0.0000,0,0,,,,,,,,0,0,0,0,0,0,0,0,0,0,0,0,0,0,0,0,0,0,0,0,0,0,0,0,0,0,0,0,0,0,0,0,0,0,0,0,0,0,0,0,0,0,0,0,0,0,0,0,0,0,0,
hello,6_30,11_3_4,6.3440,0,0,0,6.344001,0.0000,0.0000,0.0000,0.0000,0.0000,0.0000,0,0,,,,,,,,0,0,0,0,0,0,0,0,0,0,0,0,0,0,0,0,0,0,0,0,0,0,0,0,0,0,0,0,0,0,0,0,0,0,0,0,0,0,0,0,0,0,0,0,0,0,0,0,0,0,0,
hello,6_30,11_3_4,6.3474,0,0,0,6.347358,0.0000,0.0000,0.0000,0.0000,0.0000,0.0000,0,0,,,,,,,,0,0,0,0,0,0,0,0,0,0,0,0,0,0,0,0,0,0,0,0,0,0,0,0,0,0,0,0,0,0,0,0,0,0,0,0,0,0,0,0,0,0,0,0,0,0,0,0,0,0,0,
hello,6_30,11_3_4,6.3505,0,0,0,6.350484,0.0000,0.0000,0.0000,0.0000,0.0000,0.0000,0,0,,,,,,,,0,0,0,0,0,0,0,0,0,0,0,0,0,0,0,0,0,0,0,0,0,0,0,0,0,0,0,0,0,0,0,0,0,0,0,0,0,0,0,0,0,0,0,0,0,0,0,0,0,0,0,
hello,6_30,11_3_4,6.3537,0,0,0,6.353744,0.0000,0.0000,0.0000,0.0000,0.0000,0.0000,0,0,,,,,,,,0,0,0,0,0,0,0,0,0,0,0,0,0,0,0,0,0,0,0,0,0,0,0,0,0,0,0,0,0,0,0,0,0,0,0,0,0,0,0,0,0,0,0,0,0,0,0,0,0,0,0,
hello,6_30,11_3_4,6.3569,0,0,0,6.356927,0.0000,0.0000,0.0000,0.0000,0.0000,0.0000,0,0,,,,,,,,0,0,0,0,0,0,0,0,0,0,0,0,0,0,0,0,0,0,0,0,0,0,0,0,0,0,0,0,0,0,0,0,0,0,0,0,0,0,0,0,0,0,0,0,0,0,0,0,0,0,0,
hello,6_30,11_3_4,6.3602,0,0,0,6.360181,0.0000,0.0000,0.0000,0.0000,0.0000,0.0000,0,0,,,,,,,,0,0,0,0,0,0,0,0,0,0,0,0,0,0,0,0,0,0,0,0,0,0,0,0,0,0,0,0,0,0,0,0,0,0,0,0,0,0,0,0,0,0,0,0,0,0,0,0,0,0,0,
hello,6_30,11_3_4,6.3635,0,0,0,6.363497,0.0000,0.0000,0.0000,0.0000,0.0000,0.0000,0,0,,,,,,,,0,0,0,0,0,0,0,0,0,0,0,0,0,0,0,0,0,0,0,0,0,0,0,0,0,0,0,0,0,0,0,0,0,0,0,0,0,0,0,0,0,0,0,0,0,0,0,0,0,0,0,
hello,6_30,11_3_4,6.3666,0,0,0,6.366624,0.0000,0.0000,0.0000,0.0000,0.0000,0.0000,0,0,,,,,,,,0,0,0,0,0,0,0,0,0,0,0,0,0,0,0,0,0,0,0,0,0,0,0,0,0,0,0,0,0,0,0,0,0,0,0,0,0,0,0,0,0,0,0,0,0,0,0,0,0,0,0,
hello,6_30,11_3_4,6.3698,0,0,0,6.36976,0.0000,0.0000,0.0000,0.0000,0.0000,0.0000,0,0,,,,,,,,0,0,0,0,0,0,0,0,0,0,0,0,0,0,0,0,0,0,0,0,0,0,0,0,0,0,0,0,0,0,0,0,0,0,0,0,0,0,0,0,0,0,0,0,0,0,0,0,0,0,0,
hello,6_30,11_3_4,6.3730,0,0,0,6.373033,0.0000,0.0000,0.0000,0.0000,0.0000,0.0000,0,0,,,,,,,,0,0,0,0,0,0,0,0,0,0,0,0,0,0,0,0,0,0,0,0,0,0,0,0,0,0,0,0,0,0,0,0,0,0,0,0,0,0,0,0,0,0,0,0,0,0,0,0,0,0,0,
hello,6_30,11_3_4,6.3761,0,0,0,6.376135,0.0000,0.0000,0.0000,0.0000,0.0000,0.0000,0,0,,,,,,,,0,0,0,0,0,0,0,0,0,0,0,0,0,0,0,0,0,0,0,0,0,0,0,0,0,0,0,0,0,0,0,0,0,0,0,0,0,0,0,0,0,0,0,0,0,0,0,0,0,0,0,
hello,6_30,11_3_4,6.3793,0,0,0,6.379261,0.0000,0.0000,0.0000,0.0000,0.0000,0.0000,0,0,,,,,,,,0,0,0,0,0,0,0,0,0,0,0,0,0,0,0,0,0,0,0,0,0,0,0,0,0,0,0,0,0,0,0,0,0,0,0,0,0,0,0,0,0,0,0,0,0,0,0,0,0,0,0,
hello,6_30,11_3_4,6.3824,0,0,0,6.382423,0.0000,0.0000,0.0000,0.0000,0.0000,0.0000,0,0,,,,,,,,0,0,0,0,0,0,0,0,0,0,0,0,0,0,0,0,0,0,0,0,0,0,0,0,0,0,0,0,0,0,0,0,0,0,0,0,0,0,0,0,0,0,0,0,0,0,0,0,0,0,0,
hello,6_30,11_3_4,6.3858,0,0,0,6.385797,0.0000,0.0000,0.0000,0.0000,0.0000,0.0000,0,0,,,,,,,,0,0,0,0,0,0,0,0,0,0,0,0,0,0,0,0,0,0,0,0,0,0,0,0,0,0,0,0,0,0,0,0,0,0,0,0,0,0,0,0,0,0,0,0,0,0,0,0,0,0,0,
hello,6_30,11_3_4,6.3890,0,0,0,6.38903,0.0000,0.0000,0.0000,0.0000,0.0000,0.0000,0,0,,,,,,,,0,0,0,0,0,0,0,0,0,0,0,0,0,0,0,0,0,0,0,0,0,0,0,0,0,0,0,0,0,0,0,0,0,0,0,0,0,0,0,0,0,0,0,0,0,0,0,0,0,0,0,
hello,6_30,11_3_4,6.3922,0,0,0,6.392201,0.0000,0.0000,0.0000,0.0000,0.0000,0.0000,0,0,,,,,,,,0,0,0,0,0,0,0,0,0,0,0,0,0,0,0,0,0,0,0,0,0,0,0,0,0,0,0,0,0,0,0,0,0,0,0,0,0,0,0,0,0,0,0,0,0,0,0,0,0,0,0,
hello,6_30,11_3_4,6.3954,0,0,0,6.395439,0.0000,0.0000,0.0000,0.0000,0.0000,0.0000,0,0,,,,,,,,0,0,0,0,0,0,0,0,0,0,0,0,0,0,0,0,0,0,0,0,0,0,0,0,0,0,0,0,0,0,0,0,0,0,0,0,0,0,0,0,0,0,0,0,0,0,0,0,0,0,0,
hello,6_30,11_3_4,6.3986,0,0,0,6.398641,0.0000,0.0000,0.0000,0.0000,0.0000,0.0000,0,0,,,,,,,,0,0,0,0,0,0,0,0,0,0,0,0,0,0,0,0,0,0,0,0,0,0,0,0,0,0,0,0,0,0,0,0,0,0,0,0,0,0,0,0,0,0,0,0,0,0,0,0,0,0,0,
hello,6_30,11_3_4,6.4019,0,0,0,6.401906,0.0000,0.0000,0.0000,0.0000,0.0000,0.0000,0,0,,,,,,,,0,0,0,0,0,0,0,0,0,0,0,0,0,0,0,0,0,0,0,0,0,0,0,0,0,0,0,0,0,0,0,0,0,0,0,0,0,0,0,0,0,0,0,0,0,0,0,0,0,0,0,
hello,6_30,11_3_4,6.4054,0,0,0,6.405376,0.0000,0.0000,0.0000,0.0000,0.0000,0.0000,0,0,,,,,,,,0,0,0,0,0,0,0,0,0,0,0,0,0,0,0,0,0,0,0,0,0,0,0,0,0,0,0,0,0,0,0,0,0,0,0,0,0,0,0,0,0,0,0,0,0,0,0,0,0,0,0,
hello,6_30,11_3_4,6.4085,0,0,0,6.408455,0.0000,0.0000,0.0000,0.0000,0.0000,0.0000,0,0,,,,,,,,0,0,0,0,0,0,0,0,0,0,0,0,0,0,0,0,0,0,0,0,0,0,0,0,0,0,0,0,0,0,0,0,0,0,0,0,0,0,0,0,0,0,0,0,0,0,0,0,0,0,0,
hello,6_30,11_3_4,6.4116,0,0,0,6.411615,0.0000,0.0000,0.0000,0.0000,0.0000,0.0000,0,0,,,,,,,,0,0,0,0,0,0,0,0,0,0,0,0,0,0,0,0,0,0,0,0,0,0,0,0,0,0,0,0,0,0,0,0,0,0,0,0,0,0,0,0,0,0,0,0,0,0,0,0,0,0,0,
hello,6_30,11_3_4,6.4147,0,0,0,6.414734,0.0000,0.0000,0.0000,0.0000,0.0000,0.0000,0,0,,,,,,,,0,0,0,0,0,0,0,0,0,0,0,0,0,0,0,0,0,0,0,0,0,0,0,0,0,0,0,0,0,0,0,0,0,0,0,0,0,0,0,0,0,0,0,0,0,0,0,0,0,0,0,
hello,6_30,11_3_4,6.4178,0,0,0,6.417847,0.0000,0.0000,0.0000,0.0000,0.0000,0.0000,0,0,,,,,,,,0,0,0,0,0,0,0,0,0,0,0,0,0,0,0,0,0,0,0,0,0,0,0,0,0,0,0,0,0,0,0,0,0,0,0,0,0,0,0,0,0,0,0,0,0,0,0,0,0,0,0,
hello,6_30,11_3_4,6.4209,0,0,0,6.420934,0.0000,0.0000,0.0000,0.0000,0.0000,0.0000,0,0,,,,,,,,0,0,0,0,0,0,0,0,0,0,0,0,0,0,0,0,0,0,0,0,0,0,0,0,0,0,0,0,0,0,0,0,0,0,0,0,0,0,0,0,0,0,0,0,0,0,0,0,0,0,0,
hello,6_30,11_3_4,6.4243,0,0,0,6.42434,0.0000,0.0000,0.0000,0.0000,0.0000,0.0000,0,0,,,,,,,,0,0,0,0,0,0,0,0,0,0,0,0,0,0,0,0,0,0,0,0,0,0,0,0,0,0,0,0,0,0,0,0,0,0,0,0,0,0,0,0,0,0,0,0,0,0,0,0,0,0,0,
hello,6_30,11_3_4,6.4278,0,0,0,6.427755,0.0000,0.0000,0.0000,0.0000,0.0000,0.0000,0,0,,,,,,,,0,0,0,0,0,0,0,0,0,0,0,0,0,0,0,0,0,0,0,0,0,0,0,0,0,0,0,0,0,0,0,0,0,0,0,0,0,0,0,0,0,0,0,0,0,0,0,0,0,0,0,
hello,6_30,11_3_4,6.4311,0,0,0,6.43105,0.0000,0.0000,0.0000,0.0000,0.0000,0.0000,0,0,,,,,,,,0,0,0,0,0,0,0,0,0,0,0,0,0,0,0,0,0,0,0,0,0,0,0,0,0,0,0,0,0,0,0,0,0,0,0,0,0,0,0,0,0,0,0,0,0,0,0,0,0,0,0,
hello,6_30,11_3_4,6.4343,0,0,0,6.434318,0.0000,0.0000,0.0000,0.0000,0.0000,0.0000,0,0,,,,,,,,0,0,0,0,0,0,0,0,0,0,0,0,0,0,0,0,0,0,0,0,0,0,0,0,0,0,0,0,0,0,0,0,0,0,0,0,0,0,0,0,0,0,0,0,0,0,0,0,0,0,0,
hello,6_30,11_3_4,6.4375,0,0,0,6.437523,0.0000,0.0000,0.0000,0.0000,0.0000,0.0000,0,0,,,,,,,,0,0,0,0,0,0,0,0,0,0,0,0,0,0,0,0,0,0,0,0,0,0,0,0,0,0,0,0,0,0,0,0,0,0,0,0,0,0,0,0,0,0,0,0,0,0,0,0,0,0,0,
hello,6_30,11_3_4,6.4407,0,0,0,6.440674,0.0000,0.0000,0.0000,0.0000,0.0000,0.0000,0,0,,,,,,,,0,0,0,0,0,0,0,0,0,0,0,0,0,0,0,0,0,0,0,0,0,0,0,0,0,0,0,0,0,0,0,0,0,0,0,0,0,0,0,0,0,0,0,0,0,0,0,0,0,0,0,
hello,6_30,11_3_4,6.4443,0,0,0,6.444295,0.0000,0.0000,0.0000,0.0000,0.0000,0.0000,0,0,,,,,,,,0,0,0,0,0,0,0,0,0,0,0,0,0,0,0,0,0,0,0,0,0,0,0,0,0,0,0,0,0,0,0,0,0,0,0,0,0,0,0,0,0,0,0,0,0,0,0,0,0,0,0,
hello,6_30,11_3_4,6.4476,0,0,0,6.447569,0.0000,0.0000,0.0000,0.0000,0.0000,0.0000,0,0,,,,,,,,0,0,0,0,0,0,0,0,0,0,0,0,0,0,0,0,0,0,0,0,0,0,0,0,0,0,0,0,0,0,0,0,0,0,0,0,0,0,0,0,0,0,0,0,0,0,0,0,0,0,0,
hello,6_30,11_3_4,6.4508,0,0,0,6.450757,0.0000,0.0000,0.0000,0.0000,0.0000,0.0000,0,0,,,,,,,,0,0,0,0,0,0,0,0,0,0,0,0,0,0,0,0,0,0,0,0,0,0,0,0,0,0,0,0,0,0,0,0,0,0,0,0,0,0,0,0,0,0,0,0,0,0,0,0,0,0,0,
hello,6_30,11_3_4,6.4539,0,0,0,6.453949,0.0000,0.0000,0.0000,0.0000,0.0000,0.0000,0,0,,,,,,,,0,0,0,0,0,0,0,0,0,0,0,0,0,0,0,0,0,0,0,0,0,0,0,0,0,0,0,0,0,0,0,0,0,0,0,0,0,0,0,0,0,0,0,0,0,0,0,0,0,0,0,
hello,6_30,11_3_5,6.4573,0,0,0,6.457303,0.0000,0.0000,0.0000,0.0000,0.0000,0.0000,0,0,,,,,,,,0,0,0,0,0,0,0,0,0,0,0,0,0,0,0,0,0,0,0,0,0,0,0,0,0,0,0,0,0,0,0,0,0,0,0,0,0,0,0,0,0,0,0,0,0,0,0,0,0,0,0,
hello,6_30,11_3_5,6.4606,0,0,0,6.460614,0.0000,0.0000,0.0000,0.0000,0.0000,0.0000,0,0,,,,,,,,0,0,0,0,0,0,0,0,0,0,0,0,0,0,0,0,0,0,0,0,0,0,0,0,0,0,0,0,0,0,0,0,0,0,0,0,0,0,0,0,0,0,0,0,0,0,0,0,0,0,0,
hello,6_30,11_3_5,6.4732,0,0,0,6.473212,0.0000,0.0000,0.0000,0.0000,0.0000,0.0000,0,0,,,,,,,,0,0,0,0,0,0,0,0,0,0,0,0,0,0,0,0,0,0,0,0,0,0,0,0,0,0,0,0,0,0,0,0,0,0,0,0,0,0,0,0,0,0,0,0,0,0,0,0,0,0,0,
hello,6_30,11_3_5,6.4764,0,0,0,6.476449,0.0000,0.0000,0.0000,0.0000,0.0000,0.0000,0,0,,,,,,,,0,0,0,0,0,0,0,0,0,0,0,0,0,0,0,0,0,0,0,0,0,0,0,0,0,0,0,0,0,0,0,0,0,0,0,0,0,0,0,0,0,0,0,0,0,0,0,0,0,0,0,
hello,6_30,11_3_5,6.4796,0,0,0,6.479606,0.0000,0.0000,0.0000,0.0000,0.0000,0.0000,0,0,,,,,,,,0,0,0,0,0,0,0,0,0,0,0,0,0,0,0,0,0,0,0,0,0,0,0,0,0,0,0,0,0,0,0,0,0,0,0,0,0,0,0,0,0,0,0,0,0,0,0,0,0,0,0,
hello,6_30,11_3_5,6.4828,0,0,0,6.482804,0.0000,0.0000,0.0000,0.0000,0.0000,0.0000,0,0,,,,,,,,0,0,0,0,0,0,0,0,0,0,0,0,0,0,0,0,0,0,0,0,0,0,0,0,0,0,0,0,0,0,0,0,0,0,0,0,0,0,0,0,0,0,0,0,0,0,0,0,0,0,0,
hello,6_30,11_3_5,6.4862,0,0,0,6.486235,0.0000,0.0000,0.0000,0.0000,0.0000,0.0000,0,0,,,,,,,,0,0,0,0,0,0,0,0,0,0,0,0,0,0,0,0,0,0,0,0,0,0,0,0,0,0,0,0,0,0,0,0,0,0,0,0,0,0,0,0,0,0,0,0,0,0,0,0,0,0,0,
hello,6_30,11_3_5,6.4894,0,0,0,6.489389,0.0000,0.0000,0.0000,0.0000,0.0000,0.0000,0,0,,,,,,,,0,0,0,0,0,0,0,0,0,0,0,0,0,0,0,0,0,0,0,0,0,0,0,0,0,0,0,0,0,0,0,0,0,0,0,0,0,0,0,0,0,0,0,0,0,0,0,0,0,0,0,
hello,6_30,11_3_5,6.4925,0,0,0,6.49253,0.0000,0.0000,0.0000,0.0000,0.0000,0.0000,0,0,,,,,,,,0,0,0,0,0,0,0,0,0,0,0,0,0,0,0,0,0,0,0,0,0,0,0,0,0,0,0,0,0,0,0,0,0,0,0,0,0,0,0,0,0,0,0,0,0,0,0,0,0,0,0,
hello,6_30,11_3_5,6.4957,0,0,0,6.495731,0.0000,0.0000,0.0000,0.0000,0.0000,0.0000,0,0,,,,,,,,0,0,0,0,0,0,0,0,0,0,0,0,0,0,0,0,0,0,0,0,0,0,0,0,0,0,0,0,0,0,0,0,0,0,0,0,0,0,0,0,0,0,0,0,0,0,0,0,0,0,0,
hello,6_30,11_3_5,6.4989,0,0,0,6.498913,0.0000,0.0000,0.0000,0.0000,0.0000,0.0000,0,0,,,,,,,,0,0,0,0,0,0,0,0,0,0,0,0,0,0,0,0,0,0,0,0,0,0,0,0,0,0,0,0,0,0,0,0,0,0,0,0,0,0,0,0,0,0,0,0,0,0,0,0,0,0,0,
hello,6_30,11_3_5,6.5020,0,0,0,6.502042,0.0000,0.0000,0.0000,0.0000,0.0000,0.0000,0,0,,,,,,,,0,0,0,0,0,0,0,0,0,0,0,0,0,0,0,0,0,0,0,0,0,0,0,0,0,0,0,0,0,0,0,0,0,0,0,0,0,0,0,0,0,0,0,0,0,0,0,0,0,0,0,
hello,6_30,11_3_5,6.5054,0,0,0,6.505375,0.0000,0.0000,0.0000,0.0000,0.0000,0.0000,0,0,,,,,,,,0,0,0,0,0,0,0,0,0,0,0,0,0,0,0,0,0,0,0,0,0,0,0,0,0,0,0,0,0,0,0,0,0,0,0,0,0,0,0,0,0,0,0,0,0,0,0,0,0,0,0,
hello,6_30,11_3_5,6.5085,0,0,0,6.508515,0.0000,0.0000,0.0000,0.0000,0.0000,0.0000,0,0,,,,,,,,0,0,0,0,0,0,0,0,0,0,0,0,0,0,0,0,0,0,0,0,0,0,0,0,0,0,0,0,0,0,0,0,0,0,0,0,0,0,0,0,0,0,0,0,0,0,0,0,0,0,0,
hello,6_30,11_3_5,6.5117,0,0,0,6.511687,0.0000,0.0000,0.0000,0.0000,0.0000,0.0000,0,0,,,,,,,,0,0,0,0,0,0,0,0,0,0,0,0,0,0,0,0,0,0,0,0,0,0,0,0,0,0,0,0,0,0,0,0,0,0,0,0,0,0,0,0,0,0,0,0,0,0,0,0,0,0,0,
hello,6_30,11_3_5,6.5148,0,0,0,6.514791,0.0000,0.0000,0.0000,0.0000,0.0000,0.0000,0,0,,,,,,,,0,0,0,0,0,0,0,0,0,0,0,0,0,0,0,0,0,0,0,0,0,0,0,0,0,0,0,0,0,0,0,0,0,0,0,0,0,0,0,0,0,0,0,0,0,0,0,0,0,0,0,
hello,6_30,11_3_5,6.5180,0,0,0,6.517993,0.0000,0.0000,0.0000,0.0000,0.0000,0.0000,0,0,,,,,,,,0,0,0,0,0,0,0,0,0,0,0,0,0,0,0,0,0,0,0,0,0,0,0,0,0,0,0,0,0,0,0,0,0,0,0,0,0,0,0,0,0,0,0,0,0,0,0,0,0,0,0,
hello,6_30,11_3_5,6.5211,0,0,0,6.521105,0.0000,0.0000,0.0000,0.0000,0.0000,0.0000,0,0,,,,,,,,0,0,0,0,0,0,0,0,0,0,0,0,0,0,0,0,0,0,0,0,0,0,0,0,0,0,0,0,0,0,0,0,0,0,0,0,0,0,0,0,0,0,0,0,0,0,0,0,0,0,0,
hello,6_30,11_3_5,6.5247,0,0,0,6.524665,0.0000,0.0000,0.0000,0.0000,0.0000,0.0000,0,0,,,,,,,,0,0,0,0,0,0,0,0,0,0,0,0,0,0,0,0,0,0,0,0,0,0,0,0,0,0,0,0,0,0,0,0,0,0,0,0,0,0,0,0,0,0,0,0,0,0,0,0,0,0,0,
hello,6_30,11_3_5,6.5279,0,0,0,6.527881,0.0000,0.0000,0.0000,0.0000,0.0000,0.0000,0,0,,,,,,,,0,0,0,0,0,0,0,0,0,0,0,0,0,0,0,0,0,0,0,0,0,0,0,0,0,0,0,0,0,0,0,0,0,0,0,0,0,0,0,0,0,0,0,0,0,0,0,0,0,0,0,
hello,6_30,11_3_5,6.5312,0,0,0,6.531153,0.0000,0.0000,0.0000,0.0000,0.0000,0.0000,0,0,,,,,,,,0,0,0,0,0,0,0,0,0,0,0,0,0,0,0,0,0,0,0,0,0,0,0,0,0,0,0,0,0,0,0,0,0,0,0,0,0,0,0,0,0,0,0,0,0,0,0,0,0,0,0,
hello,6_30,11_3_5,6.5344,0,0,0,6.534358,0.0000,0.0000,0.0000,0.0000,0.0000,0.0000,0,0,,,,,,,,0,0,0,0,0,0,0,0,0,0,0,0,0,0,0,0,0,0,0,0,0,0,0,0,0,0,0,0,0,0,0,0,0,0,0,0,0,0,0,0,0,0,0,0,0,0,0,0,0,0,0,
hello,6_30,11_3_5,6.5376,0,0,0,6.537574,0.0000,0.0000,0.0000,0.0000,0.0000,0.0000,0,0,,,,,,,,0,0,0,0,0,0,0,0,0,0,0,0,0,0,0,0,0,0,0,0,0,0,0,0,0,0,0,0,0,0,0,0,0,0,0,0,0,0,0,0,0,0,0,0,0,0,0,0,0,0,0,
hello,6_30,11_3_5,6.5408,0,0,0,6.54076,0.0000,0.0000,0.0000,0.0000,0.0000,0.0000,0,0,,,,,,,,0,0,0,0,0,0,0,0,0,0,0,0,0,0,0,0,0,0,0,0,0,0,0,0,0,0,0,0,0,0,0,0,0,0,0,0,0,0,0,0,0,0,0,0,0,0,0,0,0,0,0,
hello,6_30,11_3_5,6.5443,0,0,0,6.544324,0.0000,0.0000,0.0000,0.0000,0.0000,0.0000,0,0,,,,,,,,0,0,0,0,0,0,0,0,0,0,0,0,0,0,0,0,0,0,0,0,0,0,0,0,0,0,0,0,0,0,0,0,0,0,0,0,0,0,0,0,0,0,0,0,0,0,0,0,0,0,0,
hello,6_30,11_3_5,6.5475,0,0,0,6.547498,0.0000,0.0000,0.0000,0.0000,0.0000,0.0000,0,0,,,,,,,,0,0,0,0,0,0,0,0,0,0,0,0,0,0,0,0,0,0,0,0,0,0,0,0,0,0,0,0,0,0,0,0,0,0,0,0,0,0,0,0,0,0,0,0,0,0,0,0,0,0,0,
hello,6_30,11_3_5,6.5508,0,0,0,6.550776,0.0000,0.0000,0.0000,0.0000,0.0000,0.0000,0,0,,,,,,,,0,0,0,0,0,0,0,0,0,0,0,0,0,0,0,0,0,0,0,0,0,0,0,0,0,0,0,0,0,0,0,0,0,0,0,0,0,0,0,0,0,0,0,0,0,0,0,0,0,0,0,
hello,6_30,11_3_5,6.5541,0,0,0,6.554116,0.0000,0.0000,0.0000,0.0000,0.0000,0.0000,0,0,,,,,,,,0,0,0,0,0,0,0,0,0,0,0,0,0,0,0,0,0,0,0,0,0,0,0,0,0,0,0,0,0,0,0,0,0,0,0,0,0,0,0,0,0,0,0,0,0,0,0,0,0,0,0,
hello,6_30,11_3_5,6.5572,0,0,0,6.557198,0.0000,0.0000,0.0000,0.0000,0.0000,0.0000,0,0,,,,,,,,0,0,0,0,0,0,0,0,0,0,0,0,0,0,0,0,0,0,0,0,0,0,0,0,0,0,0,0,0,0,0,0,0,0,0,0,0,0,0,0,0,0,0,0,0,0,0,0,0,0,0,
hello,6_30,11_3_5,6.5605,0,0,0,6.560453,0.0000,0.0000,0.0000,0.0000,0.0000,0.0000,0,0,,,,,,,,0,0,0,0,0,0,0,0,0,0,0,0,0,0,0,0,0,0,0,0,0,0,0,0,0,0,0,0,0,0,0,0,0,0,0,0,0,0,0,0,0,0,0,0,0,0,0,0,0,0,0,
hello,6_30,11_3_5,6.5640,0,0,0,6.564038,0.0000,0.0000,0.0000,0.0000,0.0000,0.0000,0,0,,,,,,,,0,0,0,0,0,0,0,0,0,0,0,0,0,0,0,0,0,0,0,0,0,0,0,0,0,0,0,0,0,0,0,0,0,0,0,0,0,0,0,0,0,0,0,0,0,0,0,0,0,0,0,
hello,6_30,11_3_5,6.5672,0,0,0,6.567246,0.0000,0.0000,0.0000,0.0000,0.0000,0.0000,0,0,,,,,,,,0,0,0,0,0,0,0,0,0,0,0,0,0,0,0,0,0,0,0,0,0,0,0,0,0,0,0,0,0,0,0,0,0,0,0,0,0,0,0,0,0,0,0,0,0,0,0,0,0,0,0,
hello,6_30,11_3_5,6.5704,0,0,0,6.570398,0.0000,0.0000,0.0000,0.0000,0.0000,0.0000,0,0,,,,,,,,0,0,0,0,0,0,0,0,0,0,0,0,0,0,0,0,0,0,0,0,0,0,0,0,0,0,0,0,0,0,0,0,0,0,0,0,0,0,0,0,0,0,0,0,0,0,0,0,0,0,0,
hello,6_30,11_3_5,6.5735,0,0,0,6.573523,0.0000,0.0000,0.0000,0.0000,0.0000,0.0000,0,0,,,,,,,,0,0,0,0,0,0,0,0,0,0,0,0,0,0,0,0,0,0,0,0,0,0,0,0,0,0,0,0,0,0,0,0,0,0,0,0,0,0,0,0,0,0,0,0,0,0,0,0,0,0,0,
hello,6_30,11_3_5,6.5768,0,0,0,6.57678,0.0000,0.0000,0.0000,0.0000,0.0000,0.0000,0,0,,,,,,,,0,0,0,0,0,0,0,0,0,0,0,0,0,0,0,0,0,0,0,0,0,0,0,0,0,0,0,0,0,0,0,0,0,0,0,0,0,0,0,0,0,0,0,0,0,0,0,0,0,0,0,
hello,6_30,11_3_5,6.5799,0,0,0,6.579905,0.0000,0.0000,0.0000,0.0000,0.0000,0.0000,0,0,,,,,,,,0,0,0,0,0,0,0,0,0,0,0,0,0,0,0,0,0,0,0,0,0,0,0,0,0,0,0,0,0,0,0,0,0,0,0,0,0,0,0,0,0,0,0,0,0,0,0,0,0,0,0,
hello,6_30,11_3_5,6.5831,0,0,0,6.58308,0.0000,0.0000,0.0000,0.0000,0.0000,0.0000,0,0,,,,,,,,0,0,0,0,0,0,0,0,0,0,0,0,0,0,0,0,0,0,0,0,0,0,0,0,0,0,0,0,0,0,0,0,0,0,0,0,0,0,0,0,0,0,0,0,0,0,0,0,0,0,0,
hello,6_30,11_3_5,6.5865,0,0,0,6.58649,0.0000,0.0000,0.0000,0.0000,0.0000,0.0000,0,0,,,,,,,,0,0,0,0,0,0,0,0,0,0,0,0,0,0,0,0,0,0,0,0,0,0,0,0,0,0,0,0,0,0,0,0,0,0,0,0,0,0,0,0,0,0,0,0,0,0,0,0,0,0,0,
hello,6_30,11_3_5,6.5896,0,0,0,6.589592,0.0000,0.0000,0.0000,0.0000,0.0000,0.0000,0,0,,,,,,,,0,0,0,0,0,0,0,0,0,0,0,0,0,0,0,0,0,0,0,0,0,0,0,0,0,0,0,0,0,0,0,0,0,0,0,0,0,0,0,0,0,0,0,0,0,0,0,0,0,0,0,
hello,6_30,11_3_5,6.5927,0,0,0,6.592748,0.0000,0.0000,0.0000,0.0000,0.0000,0.0000,0,0,,,,,,,,0,0,0,0,0,0,0,0,0,0,0,0,0,0,0,0,0,0,0,0,0,0,0,0,0,0,0,0,0,0,0,0,0,0,0,0,0,0,0,0,0,0,0,0,0,0,0,0,0,0,0,
hello,6_30,11_3_5,6.5960,0,0,0,6.596026,0.0000,0.0000,0.0000,0.0000,0.0000,0.0000,0,0,,,,,,,,0,0,0,0,0,0,0,0,0,0,0,0,0,0,0,0,0,0,0,0,0,0,0,0,0,0,0,0,0,0,0,0,0,0,0,0,0,0,0,0,0,0,0,0,0,0,0,0,0,0,0,
hello,6_30,11_3_5,6.5993,0,0,0,6.599304,0.0000,0.0000,0.0000,0.0000,0.0000,0.0000,0,0,,,,,,,,0,0,0,0,0,0,0,0,0,0,0,0,0,0,0,0,0,0,0,0,0,0,0,0,0,0,0,0,0,0,0,0,0,0,0,0,0,0,0,0,0,0,0,0,0,0,0,0,0,0,0,
hello,6_30,11_3_5,6.6025,0,0,0,6.602488,0.0000,0.0000,0.0000,0.0000,0.0000,0.0000,0,0,,,,,,,,0,0,0,0,0,0,0,0,0,0,0,0,0,0,0,0,0,0,0,0,0,0,0,0,0,0,0,0,0,0,0,0,0,0,0,0,0,0,0,0,0,0,0,0,0,0,0,0,0,0,0,
hello,6_30,11_3_5,6.6060,0,0,0,6.605984,0.0000,0.0000,0.0000,0.0000,0.0000,0.0000,0,0,,,,,,,,0,0,0,0,0,0,0,0,0,0,0,0,0,0,0,0,0,0,0,0,0,0,0,0,0,0,0,0,0,0,0,0,0,0,0,0,0,0,0,0,0,0,0,0,0,0,0,0,0,0,0,
hello,6_30,11_3_5,6.6093,0,0,0,6.60927,0.0000,0.0000,0.0000,0.0000,0.0000,0.0000,0,0,,,,,,,,0,0,0,0,0,0,0,0,0,0,0,0,0,0,0,0,0,0,0,0,0,0,0,0,0,0,0,0,0,0,0,0,0,0,0,0,0,0,0,0,0,0,0,0,0,0,0,0,0,0,0,
hello,6_30,11_3_5,6.6124,0,0,0,6.612406,0.0000,0.0000,0.0000,0.0000,0.0000,0.0000,0,0,,,,,,,,0,0,0,0,0,0,0,0,0,0,0,0,0,0,0,0,0,0,0,0,0,0,0,0,0,0,0,0,0,0,0,0,0,0,0,0,0,0,0,0,0,0,0,0,0,0,0,0,0,0,0,
hello,6_30,11_3_5,6.6156,0,0,0,6.615591,0.0000,0.0000,0.0000,0.0000,0.0000,0.0000,0,0,,,,,,,,0,0,0,0,0,0,0,0,0,0,0,0,0,0,0,0,0,0,0,0,0,0,0,0,0,0,0,0,0,0,0,0,0,0,0,0,0,0,0,0,0,0,0,0,0,0,0,0,0,0,0,
hello,6_30,11_3_5,6.6187,0,0,0,6.618746,0.0000,0.0000,0.0000,0.0000,0.0000,0.0000,0,0,,,,,,,,0,0,0,0,0,0,0,0,0,0,0,0,0,0,0,0,0,0,0,0,0,0,0,0,0,0,0,0,0,0,0,0,0,0,0,0,0,0,0,0,0,0,0,0,0,0,0,0,0,0,0,
hello,6_30,11_3_5,6.6219,0,0,0,6.621902,0.0000,0.0000,0.0000,0.0000,0.0000,0.0000,0,0,,,,,,,,0,0,0,0,0,0,0,0,0,0,0,0,0,0,0,0,0,0,0,0,0,0,0,0,0,0,0,0,0,0,0,0,0,0,0,0,0,0,0,0,0,0,0,0,0,0,0,0,0,0,0,
hello,6_30,11_3_5,6.6253,0,0,0,6.625306,0.0000,0.0000,0.0000,0.0000,0.0000,0.0000,0,0,,,,,,,,0,0,0,0,0,0,0,0,0,0,0,0,0,0,0,0,0,0,0,0,0,0,0,0,0,0,0,0,0,0,0,0,0,0,0,0,0,0,0,0,0,0,0,0,0,0,0,0,0,0,0,
hello,6_30,11_3_5,6.6290,0,0,0,6.628953,0.0000,0.0000,0.0000,0.0000,0.0000,0.0000,0,0,,,,,,,,0,0,0,0,0,0,0,0,0,0,0,0,0,0,0,0,0,0,0,0,0,0,0,0,0,0,0,0,0,0,0,0,0,0,0,0,0,0,0,0,0,0,0,0,0,0,0,0,0,0,0,
hello,6_30,11_3_5,6.6321,0,0,0,6.632137,0.0000,0.0000,0.0000,0.0000,0.0000,0.0000,0,0,,,,,,,,0,0,0,0,0,0,0,0,0,0,0,0,0,0,0,0,0,0,0,0,0,0,0,0,0,0,0,0,0,0,0,0,0,0,0,0,0,0,0,0,0,0,0,0,0,0,0,0,0,0,0,
hello,6_30,11_3_5,6.6353,0,0,0,6.635276,0.0000,0.0000,0.0000,0.0000,0.0000,0.0000,0,0,,,,,,,,0,0,0,0,0,0,0,0,0,0,0,0,0,0,0,0,0,0,0,0,0,0,0,0,0,0,0,0,0,0,0,0,0,0,0,0,0,0,0,0,0,0,0,0,0,0,0,0,0,0,0,
hello,6_30,11_3_5,6.6386,0,0,0,6.638563,0.0000,0.0000,0.0000,0.0000,0.0000,0.0000,0,0,,,,,,,,0,0,0,0,0,0,0,0,0,0,0,0,0,0,0,0,0,0,0,0,0,0,0,0,0,0,0,0,0,0,0,0,0,0,0,0,0,0,0,0,0,0,0,0,0,0,0,0,0,0,0,
hello,6_30,11_3_5,6.6417,0,0,0,6.641692,0.0000,0.0000,0.0000,0.0000,0.0000,0.0000,0,0,,,,,,,,0,0,0,0,0,0,0,0,0,0,0,0,0,0,0,0,0,0,0,0,0,0,0,0,0,0,0,0,0,0,0,0,0,0,0,0,0,0,0,0,0,0,0,0,0,0,0,0,0,0,0,
hello,6_30,11_3_5,6.6451,0,0,0,6.645092,0.0000,0.0000,0.0000,0.0000,0.0000,0.0000,0,0,,,,,,,,0,0,0,0,0,0,0,0,0,0,0,0,0,0,0,0,0,0,0,0,0,0,0,0,0,0,0,0,0,0,0,0,0,0,0,0,0,0,0,0,0,0,0,0,0,0,0,0,0,0,0,
hello,6_30,11_3_5,6.6482,0,0,0,6.648209,0.0000,0.0000,0.0000,0.0000,0.0000,0.0000,0,0,,,,,,,,0,0,0,0,0,0,0,0,0,0,0,0,0,0,0,0,0,0,0,0,0,0,0,0,0,0,0,0,0,0,0,0,0,0,0,0,0,0,0,0,0,0,0,0,0,0,0,0,0,0,0,
hello,6_30,11_3_5,6.6513,0,0,0,6.651285,0.0000,0.0000,0.0000,0.0000,0.0000,0.0000,0,0,,,,,,,,0,0,0,0,0,0,0,0,0,0,0,0,0,0,0,0,0,0,0,0,0,0,0,0,0,0,0,0,0,0,0,0,0,0,0,0,0,0,0,0,0,0,0,0,0,0,0,0,0,0,0,
hello,6_30,11_3_5,6.6545,0,0,0,6.654517,0.0000,0.0000,0.0000,0.0000,0.0000,0.0000,0,0,,,,,,,,0,0,0,0,0,0,0,0,0,0,0,0,0,0,0,0,0,0,0,0,0,0,0,0,0,0,0,0,0,0,0,0,0,0,0,0,0,0,0,0,0,0,0,0,0,0,0,0,0,0,0,
hello,6_30,11_3_5,6.6576,0,0,0,6.657607,0.0000,0.0000,0.0000,0.0000,0.0000,0.0000,0,0,,,,,,,,0,0,0,0,0,0,0,0,0,0,0,0,0,0,0,0,0,0,0,0,0,0,0,0,0,0,0,0,0,0,0,0,0,0,0,0,0,0,0,0,0,0,0,0,0,0,0,0,0,0,0,
hello,6_30,11_3_5,6.6607,0,0,0,6.660681,0.0000,0.0000,0.0000,0.0000,0.0000,0.0000,0,0,,,,,,,,0,0,0,0,0,0,0,0,0,0,0,0,0,0,0,0,0,0,0,0,0,0,0,0,0,0,0,0,0,0,0,0,0,0,0,0,0,0,0,0,0,0,0,0,0,0,0,0,0,0,0,
hello,6_30,11_3_5,6.6727,0,0,0,6.672727,0.0000,0.0000,0.0000,0.0000,0.0000,0.0000,0,0,,,,,,,,0,0,0,0,0,0,0,0,0,0,0,0,0,0,0,0,0,0,0,0,0,0,0,0,0,0,0,0,0,0,0,0,0,0,0,0,0,0,0,0,0,0,0,0,0,0,0,0,0,0,0,
hello,6_30,11_3_5,6.6759,0,0,0,6.675885,0.0000,0.0000,0.0000,0.0000,0.0000,0.0000,0,0,,,,,,,,0,0,0,0,0,0,0,0,0,0,0,0,0,0,0,0,0,0,0,0,0,0,0,0,0,0,0,0,0,0,0,0,0,0,0,0,0,0,0,0,0,0,0,0,0,0,0,0,0,0,0,
hello,6_30,11_3_5,6.6790,0,0,0,6.678977,0.0000,0.0000,0.0000,0.0000,0.0000,0.0000,0,0,,,,,,,,0,0,0,0,0,0,0,0,0,0,0,0,0,0,0,0,0,0,0,0,0,0,0,0,0,0,0,0,0,0,0,0,0,0,0,0,0,0,0,0,0,0,0,0,0,0,0,0,0,0,0,
hello,6_30,11_3_5,6.6822,0,0,0,6.682204,0.0000,0.0000,0.0000,0.0000,0.0000,0.0000,0,0,,,,,,,,0,0,0,0,0,0,0,0,0,0,0,0,0,0,0,0,0,0,0,0,0,0,0,0,0,0,0,0,0,0,0,0,0,0,0,0,0,0,0,0,0,0,0,0,0,0,0,0,0,0,0,
hello,6_30,11_3_5,6.6856,0,0,0,6.685605,0.0000,0.0000,0.0000,0.0000,0.0000,0.0000,0,0,,,,,,,,0,0,0,0,0,0,0,0,0,0,0,0,0,0,0,0,0,0,0,0,0,0,0,0,0,0,0,0,0,0,0,0,0,0,0,0,0,0,0,0,0,0,0,0,0,0,0,0,0,0,0,
hello,6_30,11_3_5,6.6887,0,0,0,6.688682,0.0000,0.0000,0.0000,0.0000,0.0000,0.0000,0,0,,,,,,,,0,0,0,0,0,0,0,0,0,0,0,0,0,0,0,0,0,0,0,0,0,0,0,0,0,0,0,0,0,0,0,0,0,0,0,0,0,0,0,0,0,0,0,0,0,0,0,0,0,0,0,
hello,6_30,11_3_5,6.6918,0,0,0,6.691756,0.0000,0.0000,0.0000,0.0000,0.0000,0.0000,0,0,,,,,,,,0,0,0,0,0,0,0,0,0,0,0,0,0,0,0,0,0,0,0,0,0,0,0,0,0,0,0,0,0,0,0,0,0,0,0,0,0,0,0,0,0,0,0,0,0,0,0,0,0,0,0,
hello,6_30,11_3_5,6.6949,0,0,0,6.694921,0.0000,0.0000,0.0000,0.0000,0.0000,0.0000,0,0,,,,,,,,0,0,0,0,0,0,0,0,0,0,0,0,0,0,0,0,0,0,0,0,0,0,0,0,0,0,0,0,0,0,0,0,0,0,0,0,0,0,0,0,0,0,0,0,0,0,0,0,0,0,0,
hello,6_30,11_3_5,6.6981,0,0,0,6.698117,0.0000,0.0000,0.0000,0.0000,0.0000,0.0000,0,0,,,,,,,,0,0,0,0,0,0,0,0,0,0,0,0,0,0,0,0,0,0,0,0,0,0,0,0,0,0,0,0,0,0,0,0,0,0,0,0,0,0,0,0,0,0,0,0,0,0,0,0,0,0,0,
hello,6_30,11_3_5,6.7013,0,0,0,6.701322,0.0000,0.0000,0.0000,0.0000,0.0000,0.0000,0,0,,,,,,,,0,0,0,0,0,0,0,0,0,0,0,0,0,0,0,0,0,0,0,0,0,0,0,0,0,0,0,0,0,0,0,0,0,0,0,0,0,0,0,0,0,0,0,0,0,0,0,0,0,0,0,
hello,6_30,11_3_5,6.7046,0,0,0,6.704628,0.0000,0.0000,0.0000,0.0000,0.0000,0.0000,0,0,,,,,,,,0,0,0,0,0,0,0,0,0,0,0,0,0,0,0,0,0,0,0,0,0,0,0,0,0,0,0,0,0,0,0,0,0,0,0,0,0,0,0,0,0,0,0,0,0,0,0,0,0,0,0,
hello,6_30,11_3_5,6.7077,0,0,0,6.707703,0.0000,0.0000,0.0000,0.0000,0.0000,0.0000,0,0,,,,,,,,0,0,0,0,0,0,0,0,0,0,0,0,0,0,0,0,0,0,0,0,0,0,0,0,0,0,0,0,0,0,0,0,0,0,0,0,0,0,0,0,0,0,0,0,0,0,0,0,0,0,0,
hello,6_30,11_3_5,6.7108,0,0,0,6.710792,0.0000,0.0000,0.0000,0.0000,0.0000,0.0000,0,0,,,,,,,,0,0,0,0,0,0,0,0,0,0,0,0,0,0,0,0,0,0,0,0,0,0,0,0,0,0,0,0,0,0,0,0,0,0,0,0,0,0,0,0,0,0,0,0,0,0,0,0,0,0,0,
hello,6_30,11_3_5,6.7139,0,0,0,6.713917,0.0000,0.0000,0.0000,0.0000,0.0000,0.0000,0,0,,,,,,,,0,0,0,0,0,0,0,0,0,0,0,0,0,0,0,0,0,0,0,0,0,0,0,0,0,0,0,0,0,0,0,0,0,0,0,0,0,0,0,0,0,0,0,0,0,0,0,0,0,0,0,
hello,6_30,11_3_5,6.7171,0,0,0,6.717082,0.0000,0.0000,0.0000,0.0000,0.0000,0.0000,0,0,,,,,,,,0,0,0,0,0,0,0,0,0,0,0,0,0,0,0,0,0,0,0,0,0,0,0,0,0,0,0,0,0,0,0,0,0,0,0,0,0,0,0,0,0,0,0,0,0,0,0,0,0,0,0,
hello,6_30,11_3_5,6.7202,0,0,0,6.720165,0.0000,0.0000,0.0000,0.0000,0.0000,0.0000,0,0,,,,,,,,0,0,0,0,0,0,0,0,0,0,0,0,0,0,0,0,0,0,0,0,0,0,0,0,0,0,0,0,0,0,0,0,0,0,0,0,0,0,0,0,0,0,0,0,0,0,0,0,0,0,0,
hello,6_30,11_3_5,6.7235,0,0,0,6.723481,0.0000,0.0000,0.0000,0.0000,0.0000,0.0000,0,0,,,,,,,,0,0,0,0,0,0,0,0,0,0,0,0,0,0,0,0,0,0,0,0,0,0,0,0,0,0,0,0,0,0,0,0,0,0,0,0,0,0,0,0,0,0,0,0,0,0,0,0,0,0,0,
hello,6_30,11_3_5,6.7266,0,0,0,6.726556,0.0000,0.0000,0.0000,0.0000,0.0000,0.0000,0,0,,,,,,,,0,0,0,0,0,0,0,0,0,0,0,0,0,0,0,0,0,0,0,0,0,0,0,0,0,0,0,0,0,0,0,0,0,0,0,0,0,0,0,0,0,0,0,0,0,0,0,0,0,0,0,
hello,6_30,11_3_5,6.7297,0,0,0,6.729741,0.0000,0.0000,0.0000,0.0000,0.0000,0.0000,0,0,,,,,,,,0,0,0,0,0,0,0,0,0,0,0,0,0,0,0,0,0,0,0,0,0,0,0,0,0,0,0,0,0,0,0,0,0,0,0,0,0,0,0,0,0,0,0,0,0,0,0,0,0,0,0,
hello,6_30,11_3_5,6.7329,0,0,0,6.732948,0.0000,0.0000,0.0000,0.0000,0.0000,0.0000,0,0,,,,,,,,0,0,0,0,0,0,0,0,0,0,0,0,0,0,0,0,0,0,0,0,0,0,0,0,0,0,0,0,0,0,0,0,0,0,0,0,0,0,0,0,0,0,0,0,0,0,0,0,0,0,0,
hello,6_30,11_3_5,6.7363,0,0,0,6.736251,0.0000,0.0000,0.0000,0.0000,0.0000,0.0000,0,0,,,,,,,,0,0,0,0,0,0,0,0,0,0,0,0,0,0,0,0,0,0,0,0,0,0,0,0,0,0,0,0,0,0,0,0,0,0,0,0,0,0,0,0,0,0,0,0,0,0,0,0,0,0,0,
hello,6_30,11_3_5,6.7395,0,0,0,6.739474,0.0000,0.0000,0.0000,0.0000,0.0000,0.0000,0,0,,,,,,,,0,0,0,0,0,0,0,0,0,0,0,0,0,0,0,0,0,0,0,0,0,0,0,0,0,0,0,0,0,0,0,0,0,0,0,0,0,0,0,0,0,0,0,0,0,0,0,0,0,0,0,
hello,6_30,11_3_5,6.7426,0,0,0,6.742647,0.0000,0.0000,0.0000,0.0000,0.0000,0.0000,0,0,,,,,,,,0,0,0,0,0,0,0,0,0,0,0,0,0,0,0,0,0,0,0,0,0,0,0,0,0,0,0,0,0,0,0,0,0,0,0,0,0,0,0,0,0,0,0,0,0,0,0,0,0,0,0,
hello,6_30,11_3_5,6.7461,0,0,0,6.746091,0.0000,0.0000,0.0000,0.0000,0.0000,0.0000,0,0,,,,,,,,0,0,0,0,0,0,0,0,0,0,0,0,0,0,0,0,0,0,0,0,0,0,0,0,0,0,0,0,0,0,0,0,0,0,0,0,0,0,0,0,0,0,0,0,0,0,0,0,0,0,0,
hello,6_30,11_3_5,6.7492,0,0,0,6.749238,0.0000,0.0000,0.0000,0.0000,0.0000,0.0000,0,0,,,,,,,,0,0,0,0,0,0,0,0,0,0,0,0,0,0,0,0,0,0,0,0,0,0,0,0,0,0,0,0,0,0,0,0,0,0,0,0,0,0,0,0,0,0,0,0,0,0,0,0,0,0,0,
hello,6_30,11_3_5,6.7524,0,0,0,6.752388,0.0000,0.0000,0.0000,0.0000,0.0000,0.0000,0,0,,,,,,,,0,0,0,0,0,0,0,0,0,0,0,0,0,0,0,0,0,0,0,0,0,0,0,0,0,0,0,0,0,0,0,0,0,0,0,0,0,0,0,0,0,0,0,0,0,0,0,0,0,0,0,
hello,6_30,11_3_5,6.7555,0,0,0,6.755516,0.0000,0.0000,0.0000,0.0000,0.0000,0.0000,0,0,,,,,,,,0,0,0,0,0,0,0,0,0,0,0,0,0,0,0,0,0,0,0,0,0,0,0,0,0,0,0,0,0,0,0,0,0,0,0,0,0,0,0,0,0,0,0,0,0,0,0,0,0,0,0,
hello,6_30,11_3_5,6.7588,0,0,0,6.758803,0.0000,0.0000,0.0000,0.0000,0.0000,0.0000,0,0,,,,,,,,0,0,0,0,0,0,0,0,0,0,0,0,0,0,0,0,0,0,0,0,0,0,0,0,0,0,0,0,0,0,0,0,0,0,0,0,0,0,0,0,0,0,0,0,0,0,0,0,0,0,0,
hello,6_30,11_3_5,6.7619,0,0,0,6.761949,0.0000,0.0000,0.0000,0.0000,0.0000,0.0000,0,0,,,,,,,,0,0,0,0,0,0,0,0,0,0,0,0,0,0,0,0,0,0,0,0,0,0,0,0,0,0,0,0,0,0,0,0,0,0,0,0,0,0,0,0,0,0,0,0,0,0,0,0,0,0,0,
hello,6_30,11_3_5,6.7654,0,0,0,6.765424,0.0000,0.0000,0.0000,0.0000,0.0000,0.0000,0,0,,,,,,,,0,0,0,0,0,0,0,0,0,0,0,0,0,0,0,0,0,0,0,0,0,0,0,0,0,0,0,0,0,0,0,0,0,0,0,0,0,0,0,0,0,0,0,0,0,0,0,0,0,0,0,
hello,6_30,11_3_5,6.7686,0,0,0,6.768584,0.0000,0.0000,0.0000,0.0000,0.0000,0.0000,0,0,,,,,,,,0,0,0,0,0,0,0,0,0,0,0,0,0,0,0,0,0,0,0,0,0,0,0,0,0,0,0,0,0,0,0,0,0,0,0,0,0,0,0,0,0,0,0,0,0,0,0,0,0,0,0,
hello,6_30,11_3_5,6.7717,0,0,0,6.771687,0.0000,0.0000,0.0000,0.0000,0.0000,0.0000,0,0,,,,,,,,0,0,0,0,0,0,0,0,0,0,0,0,0,0,0,0,0,0,0,0,0,0,0,0,0,0,0,0,0,0,0,0,0,0,0,0,0,0,0,0,0,0,0,0,0,0,0,0,0,0,0,
hello,6_30,11_3_5,6.7748,0,0,0,6.774806,0.0000,0.0000,0.0000,0.0000,0.0000,0.0000,0,0,,,,,,,,0,0,0,0,0,0,0,0,0,0,0,0,0,0,0,0,0,0,0,0,0,0,0,0,0,0,0,0,0,0,0,0,0,0,0,0,0,0,0,0,0,0,0,0,0,0,0,0,0,0,0,
hello,6_30,11_3_5,6.7780,0,0,0,6.77804,0.0000,0.0000,0.0000,0.0000,0.0000,0.0000,0,0,,,,,,,,0,0,0,0,0,0,0,0,0,0,0,0,0,0,0,0,0,0,0,0,0,0,0,0,0,0,0,0,0,0,0,0,0,0,0,0,0,0,0,0,0,0,0,0,0,0,0,0,0,0,0,
hello,6_30,11_3_5,6.7812,0,0,0,6.781152,0.0000,0.0000,0.0000,0.0000,0.0000,0.0000,0,0,,,,,,,,0,0,0,0,0,0,0,0,0,0,0,0,0,0,0,0,0,0,0,0,0,0,0,0,0,0,0,0,0,0,0,0,0,0,0,0,0,0,0,0,0,0,0,0,0,0,0,0,0,0,0,
hello,6_30,11_3_5,6.7845,0,0,0,6.784529,0.0000,0.0000,0.0000,0.0000,0.0000,0.0000,0,0,,,,,,,,0,0,0,0,0,0,0,0,0,0,0,0,0,0,0,0,0,0,0,0,0,0,0,0,0,0,0,0,0,0,0,0,0,0,0,0,0,0,0,0,0,0,0,0,0,0,0,0,0,0,0,
hello,6_30,11_3_5,6.7878,0,0,0,6.78777,0.0000,0.0000,0.0000,0.0000,0.0000,0.0000,0,0,,,,,,,,0,0,0,0,0,0,0,0,0,0,0,0,0,0,0,0,0,0,0,0,0,0,0,0,0,0,0,0,0,0,0,0,0,0,0,0,0,0,0,0,0,0,0,0,0,0,0,0,0,0,0,
hello,6_30,11_3_5,6.7910,0,0,0,6.791012,0.0000,0.0000,0.0000,0.0000,0.0000,0.0000,0,0,,,,,,,,0,0,0,0,0,0,0,0,0,0,0,0,0,0,0,0,0,0,0,0,0,0,0,0,0,0,0,0,0,0,0,0,0,0,0,0,0,0,0,0,0,0,0,0,0,0,0,0,0,0,0,
hello,6_30,11_3_5,6.7944,0,0,0,6.794441,0.0000,0.0000,0.0000,0.0000,0.0000,0.0000,0,0,,,,,,,,0,0,0,0,0,0,0,0,0,0,0,0,0,0,0,0,0,0,0,0,0,0,0,0,0,0,0,0,0,0,0,0,0,0,0,0,0,0,0,0,0,0,0,0,0,0,0,0,0,0,0,
hello,6_30,11_3_5,6.7980,0,0,0,6.797992,0.0000,0.0000,0.0000,0.0000,0.0000,0.0000,0,0,,,,,,,,0,0,0,0,0,0,0,0,0,0,0,0,0,0,0,0,0,0,0,0,0,0,0,0,0,0,0,0,0,0,0,0,0,0,0,0,0,0,0,0,0,0,0,0,0,0,0,0,0,0,0,
hello,6_30,11_3_5,6.8012,0,0,0,6.801219,0.0000,0.0000,0.0000,0.0000,0.0000,0.0000,0,0,,,,,,,,0,0,0,0,0,0,0,0,0,0,0,0,0,0,0,0,0,0,0,0,0,0,0,0,0,0,0,0,0,0,0,0,0,0,0,0,0,0,0,0,0,0,0,0,0,0,0,0,0,0,0,
hello,6_30,11_3_5,6.8045,0,0,0,6.804539,0.0000,0.0000,0.0000,0.0000,0.0000,0.0000,0,0,,,,,,,,0,0,0,0,0,0,0,0,0,0,0,0,0,0,0,0,0,0,0,0,0,0,0,0,0,0,0,0,0,0,0,0,0,0,0,0,0,0,0,0,0,0,0,0,0,0,0,0,0,0,0,
hello,6_30,11_3_5,6.8076,0,0,0,6.807619,0.0000,0.0000,0.0000,0.0000,0.0000,0.0000,0,0,,,,,,,,0,0,0,0,0,0,0,0,0,0,0,0,0,0,0,0,0,0,0,0,0,0,0,0,0,0,0,0,0,0,0,0,0,0,0,0,0,0,0,0,0,0,0,0,0,0,0,0,0,0,0,
hello,6_30,11_3_5,6.8109,0,0,0,6.810858,0.0000,0.0000,0.0000,0.0000,0.0000,0.0000,0,0,,,,,,,,0,0,0,0,0,0,0,0,0,0,0,0,0,0,0,0,0,0,0,0,0,0,0,0,0,0,0,0,0,0,0,0,0,0,0,0,0,0,0,0,0,0,0,0,0,0,0,0,0,0,0,
hello,6_30,11_3_5,6.8142,0,0,0,6.814156,0.0000,0.0000,0.0000,0.0000,0.0000,0.0000,0,0,,,,,,,,0,0,0,0,0,0,0,0,0,0,0,0,0,0,0,0,0,0,0,0,0,0,0,0,0,0,0,0,0,0,0,0,0,0,0,0,0,0,0,0,0,0,0,0,0,0,0,0,0,0,0,
hello,6_30,11_3_5,6.8173,0,0,0,6.817335,0.0000,0.0000,0.0000,0.0000,0.0000,0.0000,0,0,,,,,,,,0,0,0,0,0,0,0,0,0,0,0,0,0,0,0,0,0,0,0,0,0,0,0,0,0,0,0,0,0,0,0,0,0,0,0,0,0,0,0,0,0,0,0,0,0,0,0,0,0,0,0,
hello,6_30,11_3_5,6.8205,0,0,0,6.820527,0.0000,0.0000,0.0000,0.0000,0.0000,0.0000,0,0,,,,,,,,0,0,0,0,0,0,0,0,0,0,0,0,0,0,0,0,0,0,0,0,0,0,0,0,0,0,0,0,0,0,0,0,0,0,0,0,0,0,0,0,0,0,0,0,0,0,0,0,0,0,0,
hello,6_30,11_3_5,6.8240,0,0,0,6.823997,0.0000,0.0000,0.0000,0.0000,0.0000,0.0000,0,0,,,,,,,,0,0,0,0,0,0,0,0,0,0,0,0,0,0,0,0,0,0,0,0,0,0,0,0,0,0,0,0,0,0,0,0,0,0,0,0,0,0,0,0,0,0,0,0,0,0,0,0,0,0,0,
hello,6_30,11_3_5,6.8271,0,0,0,6.827136,0.0000,0.0000,0.0000,0.0000,0.0000,0.0000,0,0,,,,,,,,0,0,0,0,0,0,0,0,0,0,0,0,0,0,0,0,0,0,0,0,0,0,0,0,0,0,0,0,0,0,0,0,0,0,0,0,0,0,0,0,0,0,0,0,0,0,0,0,0,0,0,
hello,6_30,11_3_5,6.8302,0,0,0,6.830235,0.0000,0.0000,0.0000,0.0000,0.0000,0.0000,0,0,,,,,,,,0,0,0,0,0,0,0,0,0,0,0,0,0,0,0,0,0,0,0,0,0,0,0,0,0,0,0,0,0,0,0,0,0,0,0,0,0,0,0,0,0,0,0,0,0,0,0,0,0,0,0,
hello,6_30,11_3_5,6.8334,0,0,0,6.83339,0.0000,0.0000,0.0000,0.0000,0.0000,0.0000,0,0,,,,,,,,0,0,0,0,0,0,0,0,0,0,0,0,0,0,0,0,0,0,0,0,0,0,0,0,0,0,0,0,0,0,0,0,0,0,0,0,0,0,0,0,0,0,0,0,0,0,0,0,0,0,0,
hello,6_30,11_3_5,6.8365,0,0,0,6.836544,0.0000,0.0000,0.0000,0.0000,0.0000,0.0000,0,0,,,,,,,,0,0,0,0,0,0,0,0,0,0,0,0,0,0,0,0,0,0,0,0,0,0,0,0,0,0,0,0,0,0,0,0,0,0,0,0,0,0,0,0,0,0,0,0,0,0,0,0,0,0,0,
hello,6_30,11_3_5,6.8397,0,0,0,6.839651,0.0000,0.0000,0.0000,0.0000,0.0000,0.0000,0,0,,,,,,,,0,0,0,0,0,0,0,0,0,0,0,0,0,0,0,0,0,0,0,0,0,0,0,0,0,0,0,0,0,0,0,0,0,0,0,0,0,0,0,0,0,0,0,0,0,0,0,0,0,0,0,
hello,6_30,11_3_5,6.8429,0,0,0,6.842895,0.0000,0.0000,0.0000,0.0000,0.0000,0.0000,0,0,,,,,,,,0,0,0,0,0,0,0,0,0,0,0,0,0,0,0,0,0,0,0,0,0,0,0,0,0,0,0,0,0,0,0,0,0,0,0,0,0,0,0,0,0,0,0,0,0,0,0,0,0,0,0,
hello,6_30,11_3_5,6.8464,0,0,0,6.846366,0.0000,0.0000,0.0000,0.0000,0.0000,0.0000,0,0,,,,,,,,0,0,0,0,0,0,0,0,0,0,0,0,0,0,0,0,0,0,0,0,0,0,0,0,0,0,0,0,0,0,0,0,0,0,0,0,0,0,0,0,0,0,0,0,0,0,0,0,0,0,0,
hello,6_30,11_3_5,6.8496,0,0,0,6.849551,0.0000,0.0000,0.0000,0.0000,0.0000,0.0000,0,0,,,,,,,,0,0,0,0,0,0,0,0,0,0,0,0,0,0,0,0,0,0,0,0,0,0,0,0,0,0,0,0,0,0,0,0,0,0,0,0,0,0,0,0,0,0,0,0,0,0,0,0,0,0,0,
hello,6_30,11_3_5,6.8528,0,0,0,6.852829,0.0000,0.0000,0.0000,0.0000,0.0000,0.0000,0,0,,,,,,,,0,0,0,0,0,0,0,0,0,0,0,0,0,0,0,0,0,0,0,0,0,0,0,0,0,0,0,0,0,0,0,0,0,0,0,0,0,0,0,0,0,0,0,0,0,0,0,0,0,0,0,
hello,6_30,11_3_5,6.8561,0,0,0,6.856105,0.0000,0.0000,0.0000,0.0000,0.0000,0.0000,0,0,,,,,,,,0,0,0,0,0,0,0,0,0,0,0,0,0,0,0,0,0,0,0,0,0,0,0,0,0,0,0,0,0,0,0,0,0,0,0,0,0,0,0,0,0,0,0,0,0,0,0,0,0,0,0,
hello,6_30,11_3_5,6.8593,0,0,0,6.859282,0.0000,0.0000,0.0000,0.0000,0.0000,0.0000,0,0,,,,,,,,0,0,0,0,0,0,0,0,0,0,0,0,0,0,0,0,0,0,0,0,0,0,0,0,0,0,0,0,0,0,0,0,0,0,0,0,0,0,0,0,0,0,0,0,0,0,0,0,0,0,0,
hello,6_30,11_3_5,6.8624,0,0,0,6.862397,0.0000,0.0000,0.0000,0.0000,0.0000,0.0000,0,0,,,,,,,,0,0,0,0,0,0,0,0,0,0,0,0,0,0,0,0,0,0,0,0,0,0,0,0,0,0,0,0,0,0,0,0,0,0,0,0,0,0,0,0,0,0,0,0,0,0,0,0,0,0,0,
hello,6_30,11_3_5,6.8742,0,0,0,6.874164,0.0000,0.0000,0.0000,0.0000,0.0000,0.0000,0,0,,,,,,,,0,0,0,0,0,0,0,0,0,0,0,0,0,0,0,0,0,0,0,0,0,0,0,0,0,0,0,0,0,0,0,0,0,0,0,0,0,0,0,0,0,0,0,0,0,0,0,0,0,0,0,
hello,6_30,11_3_5,6.8774,0,0,0,6.877397,0.0000,0.0000,0.0000,0.0000,0.0000,0.0000,0,0,,,,,,,,0,0,0,0,0,0,0,0,0,0,0,0,0,0,0,0,0,0,0,0,0,0,0,0,0,0,0,0,0,0,0,0,0,0,0,0,0,0,0,0,0,0,0,0,0,0,0,0,0,0,0,
hello,6_30,11_3_5,6.8806,0,0,0,6.880594,0.0000,0.0000,0.0000,0.0000,0.0000,0.0000,0,0,,,,,,,,0,0,0,0,0,0,0,0,0,0,0,0,0,0,0,0,0,0,0,0,0,0,0,0,0,0,0,0,0,0,0,0,0,0,0,0,0,0,0,0,0,0,0,0,0,0,0,0,0,0,0,
hello,6_30,11_3_5,6.8840,0,0,0,6.884048,0.0000,0.0000,0.0000,0.0000,0.0000,0.0000,0,0,,,,,,,,0,0,0,0,0,0,0,0,0,0,0,0,0,0,0,0,0,0,0,0,0,0,0,0,0,0,0,0,0,0,0,0,0,0,0,0,0,0,0,0,0,0,0,0,0,0,0,0,0,0,0,
hello,6_30,11_3_5,6.8872,0,0,0,6.887209,0.0000,0.0000,0.0000,0.0000,0.0000,0.0000,0,0,,,,,,,,0,0,0,0,0,0,0,0,0,0,0,0,0,0,0,0,0,0,0,0,0,0,0,0,0,0,0,0,0,0,0,0,0,0,0,0,0,0,0,0,0,0,0,0,0,0,0,0,0,0,0,
hello,6_30,11_3_5,6.8904,0,0,0,6.890366,0.0000,0.0000,0.0000,0.0000,0.0000,0.0000,0,0,,,,,,,,0,0,0,0,0,0,0,0,0,0,0,0,0,0,0,0,0,0,0,0,0,0,0,0,0,0,0,0,0,0,0,0,0,0,0,0,0,0,0,0,0,0,0,0,0,0,0,0,0,0,0,
hello,6_30,11_3_5,6.8936,0,0,0,6.893558,0.0000,0.0000,0.0000,0.0000,0.0000,0.0000,0,0,,,,,,,,0,0,0,0,0,0,0,0,0,0,0,0,0,0,0,0,0,0,0,0,0,0,0,0,0,0,0,0,0,0,0,0,0,0,0,0,0,0,0,0,0,0,0,0,0,0,0,0,0,0,0,
hello,6_30,11_3_5,6.8968,0,0,0,6.896828,0.0000,0.0000,0.0000,0.0000,0.0000,0.0000,0,0,,,,,,,,0,0,0,0,0,0,0,0,0,0,0,0,0,0,0,0,0,0,0,0,0,0,0,0,0,0,0,0,0,0,0,0,0,0,0,0,0,0,0,0,0,0,0,0,0,0,0,0,0,0,0,
hello,6_30,11_3_5,6.9000,0,0,0,6.899963,0.0000,0.0000,0.0000,0.0000,0.0000,0.0000,0,0,,,,,,,,0,0,0,0,0,0,0,0,0,0,0,0,0,0,0,0,0,0,0,0,0,0,0,0,0,0,0,0,0,0,0,0,0,0,0,0,0,0,0,0,0,0,0,0,0,0,0,0,0,0,0,
hello,6_30,11_3_5,6.9032,0,0,0,6.90319,0.0000,0.0000,0.0000,0.0000,0.0000,0.0000,0,0,,,,,,,,0,0,0,0,0,0,0,0,0,0,0,0,0,0,0,0,0,0,0,0,0,0,0,0,0,0,0,0,0,0,0,0,0,0,0,0,0,0,0,0,0,0,0,0,0,0,0,0,0,0,0,
hello,6_30,11_3_5,6.9067,0,0,0,6.906721,0.0000,0.0000,0.0000,0.0000,0.0000,0.0000,0,0,,,,,,,,0,0,0,0,0,0,0,0,0,0,0,0,0,0,0,0,0,0,0,0,0,0,0,0,0,0,0,0,0,0,0,0,0,0,0,0,0,0,0,0,0,0,0,0,0,0,0,0,0,0,0,
hello,6_30,11_3_5,6.9100,0,0,0,6.909974,0.0000,0.0000,0.0000,0.0000,0.0000,0.0000,0,0,,,,,,,,0,0,0,0,0,0,0,0,0,0,0,0,0,0,0,0,0,0,0,0,0,0,0,0,0,0,0,0,0,0,0,0,0,0,0,0,0,0,0,0,0,0,0,0,0,0,0,0,0,0,0,
hello,6_30,11_3_5,6.9132,0,0,0,6.913175,0.0000,0.0000,0.0000,0.0000,0.0000,0.0000,0,0,,,,,,,,0,0,0,0,0,0,0,0,0,0,0,0,0,0,0,0,0,0,0,0,0,0,0,0,0,0,0,0,0,0,0,0,0,0,0,0,0,0,0,0,0,0,0,0,0,0,0,0,0,0,0,
hello,6_30,11_3_5,6.9163,0,0,0,6.916334,0.0000,0.0000,0.0000,0.0000,0.0000,0.0000,0,0,,,,,,,,0,0,0,0,0,0,0,0,0,0,0,0,0,0,0,0,0,0,0,0,0,0,0,0,0,0,0,0,0,0,0,0,0,0,0,0,0,0,0,0,0,0,0,0,0,0,0,0,0,0,0,
hello,6_30,11_3_5,6.9195,0,0,0,6.919541,0.0000,0.0000,0.0000,0.0000,0.0000,0.0000,0,0,,,,,,,,0,0,0,0,0,0,0,0,0,0,0,0,0,0,0,0,0,0,0,0,0,0,0,0,0,0,0,0,0,0,0,0,0,0,0,0,0,0,0,0,0,0,0,0,0,0,0,0,0,0,0,
hello,6_30,11_3_5,6.9227,0,0,0,6.922709,0.0000,0.0000,0.0000,0.0000,0.0000,0.0000,0,0,,,,,,,,0,0,0,0,0,0,0,0,0,0,0,0,0,0,0,0,0,0,0,0,0,0,0,0,0,0,0,0,0,0,0,0,0,0,0,0,0,0,0,0,0,0,0,0,0,0,0,0,0,0,0,
hello,6_30,11_3_5,6.9262,0,0,0,6.926211,0.0000,0.0000,0.0000,0.0000,0.0000,0.0000,0,0,,,,,,,,0,0,0,0,0,0,0,0,0,0,0,0,0,0,0,0,0,0,0,0,0,0,0,0,0,0,0,0,0,0,0,0,0,0,0,0,0,0,0,0,0,0,0,0,0,0,0,0,0,0,0,
hello,6_30,11_3_5,6.9295,0,0,0,6.929471,0.0000,0.0000,0.0000,0.0000,0.0000,0.0000,0,0,,,,,,,,0,0,0,0,0,0,0,0,0,0,0,0,0,0,0,0,0,0,0,0,0,0,0,0,0,0,0,0,0,0,0,0,0,0,0,0,0,0,0,0,0,0,0,0,0,0,0,0,0,0,0,
hello,6_30,11_3_5,6.9326,0,0,0,6.93259,0.0000,0.0000,0.0000,0.0000,0.0000,0.0000,0,0,,,,,,,,0,0,0,0,0,0,0,0,0,0,0,0,0,0,0,0,0,0,0,0,0,0,0,0,0,0,0,0,0,0,0,0,0,0,0,0,0,0,0,0,0,0,0,0,0,0,0,0,0,0,0,
hello,6_30,11_3_5,6.9421,0,0,0,6.942072,0.0000,0.0000,0.0000,0.0000,0.0000,0.0000,0,0,,,,,,,,0,0,0,0,0,0,0,0,0,0,0,0,0,0,0,0,0,0,0,0,0,0,0,0,0,0,0,0,0,0,0,0,0,0,0,0,0,0,0,0,0,0,0,0,0,0,0,0,0,0,0,
hello,6_30,11_3_5,6.9455,0,0,0,6.945487,0.0000,0.0000,0.0000,0.0000,0.0000,0.0000,0,0,,,,,,,,0,0,0,0,0,0,0,0,0,0,0,0,0,0,0,0,0,0,0,0,0,0,0,0,0,0,0,0,0,0,0,0,0,0,0,0,0,0,0,0,0,0,0,0,0,0,0,0,0,0,0,
hello,6_30,11_3_5,6.9487,0,0,0,6.948658,0.0000,0.0000,0.0000,0.0000,0.0000,0.0000,0,0,,,,,,,,0,0,0,0,0,0,0,0,0,0,0,0,0,0,0,0,0,0,0,0,0,0,0,0,0,0,0,0,0,0,0,0,0,0,0,0,0,0,0,0,0,0,0,0,0,0,0,0,0,0,0,
hello,6_30,11_3_5,6.9518,0,0,0,6.951816,0.0000,0.0000,0.0000,0.0000,0.0000,0.0000,0,0,,,,,,,,0,0,0,0,0,0,0,0,0,0,0,0,0,0,0,0,0,0,0,0,0,0,0,0,0,0,0,0,0,0,0,0,0,0,0,0,0,0,0,0,0,0,0,0,0,0,0,0,0,0,0,
hello,6_30,11_3_5,6.9550,0,0,0,6.955015,0.0000,0.0000,0.0000,0.0000,0.0000,0.0000,0,0,,,,,,,,0,0,0,0,0,0,0,0,0,0,0,0,0,0,0,0,0,0,0,0,0,0,0,0,0,0,0,0,0,0,0,0,0,0,0,0,0,0,0,0,0,0,0,0,0,0,0,0,0,0,0,
hello,6_30,11_3_5,6.9587,0,0,0,6.958715,0.0000,0.0000,0.0000,0.0000,0.0000,0.0000,0,0,,,,,,,,0,0,0,0,0,0,0,0,0,0,0,0,0,0,0,0,0,0,0,0,0,0,0,0,0,0,0,0,0,0,0,0,0,0,0,0,0,0,0,0,0,0,0,0,0,0,0,0,0,0,0,
hello,6_30,11_3_5,6.9619,0,0,0,6.961912,0.0000,0.0000,0.0000,0.0000,0.0000,0.0000,0,0,,,,,,,,0,0,0,0,0,0,0,0,0,0,0,0,0,0,0,0,0,0,0,0,0,0,0,0,0,0,0,0,0,0,0,0,0,0,0,0,0,0,0,0,0,0,0,0,0,0,0,0,0,0,0,
hello,6_30,11_3_5,6.9652,0,0,0,6.965235,0.0000,0.0000,0.0000,0.0000,0.0000,0.0000,0,0,,,,,,,,0,0,0,0,0,0,0,0,0,0,0,0,0,0,0,0,0,0,0,0,0,0,0,0,0,0,0,0,0,0,0,0,0,0,0,0,0,0,0,0,0,0,0,0,0,0,0,0,0,0,0,
hello,6_30,11_3_5,6.9684,0,0,0,6.968401,0.0000,0.0000,0.0000,0.0000,0.0000,0.0000,0,0,,,,,,,,0,0,0,0,0,0,0,0,0,0,0,0,0,0,0,0,0,0,0,0,0,0,0,0,0,0,0,0,0,0,0,0,0,0,0,0,0,0,0,0,0,0,0,0,0,0,0,0,0,0,0,
hello,6_30,11_3_5,6.9715,0,0,0,6.971488,0.0000,0.0000,0.0000,0.0000,0.0000,0.0000,0,0,,,,,,,,0,0,0,0,0,0,0,0,0,0,0,0,0,0,0,0,0,0,0,0,0,0,0,0,0,0,0,0,0,0,0,0,0,0,0,0,0,0,0,0,0,0,0,0,0,0,0,0,0,0,0,
hello,6_30,11_3_5,6.9747,0,0,0,6.974695,0.0000,0.0000,0.0000,0.0000,0.0000,0.0000,0,0,,,,,,,,0,0,0,0,0,0,0,0,0,0,0,0,0,0,0,0,0,0,0,0,0,0,0,0,0,0,0,0,0,0,0,0,0,0,0,0,0,0,0,0,0,0,0,0,0,0,0,0,0,0,0,
hello,6_30,11_3_5,6.9780,0,0,0,6.978035,0.0000,0.0000,0.0000,0.0000,0.0000,0.0000,0,0,,,,,,,,0,0,0,0,0,0,0,0,0,0,0,0,0,0,0,0,0,0,0,0,0,0,0,0,0,0,0,0,0,0,0,0,0,0,0,0,0,0,0,0,0,0,0,0,0,0,0,0,0,0,0,
hello,6_30,11_3_5,6.9811,0,0,0,6.981128,0.0000,0.0000,0.0000,0.0000,0.0000,0.0000,0,0,,,,,,,,0,0,0,0,0,0,0,0,0,0,0,0,0,0,0,0,0,0,0,0,0,0,0,0,0,0,0,0,0,0,0,0,0,0,0,0,0,0,0,0,0,0,0,0,0,0,0,0,0,0,0,
hello,6_30,11_3_5,6.9846,0,0,0,6.984558,0.0000,0.0000,0.0000,0.0000,0.0000,0.0000,0,0,,,,,,,,0,0,0,0,0,0,0,0,0,0,0,0,0,0,0,0,0,0,0,0,0,0,0,0,0,0,0,0,0,0,0,0,0,0,0,0,0,0,0,0,0,0,0,0,0,0,0,0,0,0,0,
hello,6_30,11_3_5,6.9878,0,0,0,6.987778,0.0000,0.0000,0.0000,0.0000,0.0000,0.0000,0,0,,,,,,,,0,0,0,0,0,0,0,0,0,0,0,0,0,0,0,0,0,0,0,0,0,0,0,0,0,0,0,0,0,0,0,0,0,0,0,0,0,0,0,0,0,0,0,0,0,0,0,0,0,0,0,
hello,6_30,11_3_5,6.9910,0,0,0,6.991009,0.0000,0.0000,0.0000,0.0000,0.0000,0.0000,0,0,,,,,,,,0,0,0,0,0,0,0,0,0,0,0,0,0,0,0,0,0,0,0,0,0,0,0,0,0,0,0,0,0,0,0,0,0,0,0,0,0,0,0,0,0,0,0,0,0,0,0,0,0,0,0,
hello,6_30,11_3_5,6.9941,0,0,0,6.994112,0.0000,0.0000,0.0000,0.0000,0.0000,0.0000,0,0,,,,,,,,0,0,0,0,0,0,0,0,0,0,0,0,0,0,0,0,0,0,0,0,0,0,0,0,0,0,0,0,0,0,0,0,0,0,0,0,0,0,0,0,0,0,0,0,0,0,0,0,0,0,0,
hello,6_30,11_3_5,6.9974,0,0,0,6.997417,0.0000,0.0000,0.0000,0.0000,0.0000,0.0000,0,0,,,,,,,,0,0,0,0,0,0,0,0,0,0,0,0,0,0,0,0,0,0,0,0,0,0,0,0,0,0,0,0,0,0,0,0,0,0,0,0,0,0,0,0,0,0,0,0,0,0,0,0,0,0,0,
hello,6_30,11_3_5,7.0006,0,0,0,7.000646,0.0000,0.0000,0.0000,0.0000,0.0000,0.0000,0,0,,,,,,,,0,0,0,0,0,0,0,0,0,0,0,0,0,0,0,0,0,0,0,0,0,0,0,0,0,0,0,0,0,0,0,0,0,0,0,0,0,0,0,0,0,0,0,0,0,0,0,0,0,0,0,
hello,6_30,11_3_5,7.0040,0,0,0,7.003967,0.0000,0.0000,0.0000,0.0000,0.0000,0.0000,0,0,,,,,,,,0,0,0,0,0,0,0,0,0,0,0,0,0,0,0,0,0,0,0,0,0,0,0,0,0,0,0,0,0,0,0,0,0,0,0,0,0,0,0,0,0,0,0,0,0,0,0,0,0,0,0,
hello,6_30,11_3_5,7.0072,0,0,0,7.007208,0.0000,0.0000,0.0000,0.0000,0.0000,0.0000,0,0,,,,,,,,0,0,0,0,0,0,0,0,0,0,0,0,0,0,0,0,0,0,0,0,0,0,0,0,0,0,0,0,0,0,0,0,0,0,0,0,0,0,0,0,0,0,0,0,0,0,0,0,0,0,0,
hello,6_30,11_3_5,7.0105,0,0,0,7.01052,0.0000,0.0000,0.0000,0.0000,0.0000,0.0000,0,0,,,,,,,,0,0,0,0,0,0,0,0,0,0,0,0,0,0,0,0,0,0,0,0,0,0,0,0,0,0,0,0,0,0,0,0,0,0,0,0,0,0,0,0,0,0,0,0,0,0,0,0,0,0,0,
hello,6_30,11_3_5,7.0138,0,0,0,7.013816,0.0000,0.0000,0.0000,0.0000,0.0000,0.0000,0,0,,,,,,,,0,0,0,0,0,0,0,0,0,0,0,0,0,0,0,0,0,0,0,0,0,0,0,0,0,0,0,0,0,0,0,0,0,0,0,0,0,0,0,0,0,0,0,0,0,0,0,0,0,0,0,
hello,6_30,11_3_5,7.0170,0,0,0,7.016964,0.0000,0.0000,0.0000,0.0000,0.0000,0.0000,0,0,,,,,,,,0,0,0,0,0,0,0,0,0,0,0,0,0,0,0,0,0,0,0,0,0,0,0,0,0,0,0,0,0,0,0,0,0,0,0,0,0,0,0,0,0,0,0,0,0,0,0,0,0,0,0,
hello,6_30,11_3_5,7.0203,0,0,0,7.020317,0.0000,0.0000,0.0000,0.0000,0.0000,0.0000,0,0,,,,,,,,0,0,0,0,0,0,0,0,0,0,0,0,0,0,0,0,0,0,0,0,0,0,0,0,0,0,0,0,0,0,0,0,0,0,0,0,0,0,0,0,0,0,0,0,0,0,0,0,0,0,0,
hello,6_30,11_3_5,7.0238,0,0,0,7.023779,0.0000,0.0000,0.0000,0.0000,0.0000,0.0000,0,0,,,,,,,,0,0,0,0,0,0,0,0,0,0,0,0,0,0,0,0,0,0,0,0,0,0,0,0,0,0,0,0,0,0,0,0,0,0,0,0,0,0,0,0,0,0,0,0,0,0,0,0,0,0,0,
hello,6_30,11_3_5,7.0275,0,0,0,7.027461,0.0000,0.0000,0.0000,0.0000,0.0000,0.0000,0,0,,,,,,,,0,0,0,0,0,0,0,0,0,0,0,0,0,0,0,0,0,0,0,0,0,0,0,0,0,0,0,0,0,0,0,0,0,0,0,0,0,0,0,0,0,0,0,0,0,0,0,0,0,0,0,
hello,6_30,11_3_5,7.0310,0,0,0,7.030958,0.0000,0.0000,0.0000,0.0000,0.0000,0.0000,0,0,,,,,,,,0,0,0,0,0,0,0,0,0,0,0,0,0,0,0,0,0,0,0,0,0,0,0,0,0,0,0,0,0,0,0,0,0,0,0,0,0,0,0,0,0,0,0,0,0,0,0,0,0,0,0,
hello,6_30,11_3_5,7.0342,0,0,0,7.034167,0.0000,0.0000,0.0000,0.0000,0.0000,0.0000,0,0,,,,,,,,0,0,0,0,0,0,0,0,0,0,0,0,0,0,0,0,0,0,0,0,0,0,0,0,0,0,0,0,0,0,0,0,0,0,0,0,0,0,0,0,0,0,0,0,0,0,0,0,0,0,0,
hello,6_30,11_3_5,7.0375,0,0,0,7.037524,0.0000,0.0000,0.0000,0.0000,0.0000,0.0000,0,0,,,,,,,,0,0,0,0,0,0,0,0,0,0,0,0,0,0,0,0,0,0,0,0,0,0,0,0,0,0,0,0,0,0,0,0,0,0,0,0,0,0,0,0,0,0,0,0,0,0,0,0,0,0,0,
hello,6_30,11_3_5,7.0408,0,0,0,7.040762,0.0000,0.0000,0.0000,0.0000,0.0000,0.0000,0,0,,,,,,,,0,0,0,0,0,0,0,0,0,0,0,0,0,0,0,0,0,0,0,0,0,0,0,0,0,0,0,0,0,0,0,0,0,0,0,0,0,0,0,0,0,0,0,0,0,0,0,0,0,0,0,
hello,6_30,11_3_5,7.0446,0,0,0,7.044638,0.0000,0.0000,0.0000,0.0000,0.0000,0.0000,0,0,,,,,,,,0,0,0,0,0,0,0,0,0,0,0,0,0,0,0,0,0,0,0,0,0,0,0,0,0,0,0,0,0,0,0,0,0,0,0,0,0,0,0,0,0,0,0,0,0,0,0,0,0,0,0,
hello,6_30,11_3_5,7.0479,0,0,0,7.047894,0.0000,0.0000,0.0000,0.0000,0.0000,0.0000,0,0,,,,,,,,0,0,0,0,0,0,0,0,0,0,0,0,0,0,0,0,0,0,0,0,0,0,0,0,0,0,0,0,0,0,0,0,0,0,0,0,0,0,0,0,0,0,0,0,0,0,0,0,0,0,0,
hello,6_30,11_3_5,7.0513,0,0,0,7.051328,0.0000,0.0000,0.0000,0.0000,0.0000,0.0000,0,0,,,,,,,,0,0,0,0,0,0,0,0,0,0,0,0,0,0,0,0,0,0,0,0,0,0,0,0,0,0,0,0,0,0,0,0,0,0,0,0,0,0,0,0,0,0,0,0,0,0,0,0,0,0,0,
hello,6_30,11_3_5,7.0545,0,0,0,7.054502,0.0000,0.0000,0.0000,0.0000,0.0000,0.0000,0,0,,,,,,,,0,0,0,0,0,0,0,0,0,0,0,0,0,0,0,0,0,0,0,0,0,0,0,0,0,0,0,0,0,0,0,0,0,0,0,0,0,0,0,0,0,0,0,0,0,0,0,0,0,0,0,
hello,6_30,11_3_5,7.0577,0,0,0,7.057664,0.0000,0.0000,0.0000,0.0000,0.0000,0.0000,0,0,,,,,,,,0,0,0,0,0,0,0,0,0,0,0,0,0,0,0,0,0,0,0,0,0,0,0,0,0,0,0,0,0,0,0,0,0,0,0,0,0,0,0,0,0,0,0,0,0,0,0,0,0,0,0,
hello,6_30,11_3_5,7.0608,0,0,0,7.060833,0.0000,0.0000,0.0000,0.0000,0.0000,0.0000,0,0,,,,,,,,0,0,0,0,0,0,0,0,0,0,0,0,0,0,0,0,0,0,0,0,0,0,0,0,0,0,0,0,0,0,0,0,0,0,0,0,0,0,0,0,0,0,0,0,0,0,0,0,0,0,0,
hello,6_30,11_3_5,7.0643,0,0,0,7.0643,0.0000,0.0000,0.0000,0.0000,0.0000,0.0000,0,0,,,,,,,,0,0,0,0,0,0,0,0,0,0,0,0,0,0,0,0,0,0,0,0,0,0,0,0,0,0,0,0,0,0,0,0,0,0,0,0,0,0,0,0,0,0,0,0,0,0,0,0,0,0,0,
hello,6_30,11_3_5,7.0771,0,0,0,7.077051,0.0000,0.0000,0.0000,0.0000,0.0000,0.0000,0,0,,,,,,,,0,0,0,0,0,0,0,0,0,0,0,0,0,0,0,0,0,0,0,0,0,0,0,0,0,0,0,0,0,0,0,0,0,0,0,0,0,0,0,0,0,0,0,0,0,0,0,0,0,0,0,
hello,6_30,11_3_5,7.0803,0,0,0,7.080257,0.0000,0.0000,0.0000,0.0000,0.0000,0.0000,0,0,,,,,,,,0,0,0,0,0,0,0,0,0,0,0,0,0,0,0,0,0,0,0,0,0,0,0,0,0,0,0,0,0,0,0,0,0,0,0,0,0,0,0,0,0,0,0,0,0,0,0,0,0,0,0,
hello,6_30,11_3_5,7.0836,0,0,0,7.083632,0.0000,0.0000,0.0000,0.0000,0.0000,0.0000,0,0,,,,,,,,0,0,0,0,0,0,0,0,0,0,0,0,0,0,0,0,0,0,0,0,0,0,0,0,0,0,0,0,0,0,0,0,0,0,0,0,0,0,0,0,0,0,0,0,0,0,0,0,0,0,0,
hello,6_30,11_3_5,7.0869,0,0,0,7.086852,0.0000,0.0000,0.0000,0.0000,0.0000,0.0000,0,0,,,,,,,,0,0,0,0,0,0,0,0,0,0,0,0,0,0,0,0,0,0,0,0,0,0,0,0,0,0,0,0,0,0,0,0,0,0,0,0,0,0,0,0,0,0,0,0,0,0,0,0,0,0,0,
hello,6_30,11_3_5,7.0901,0,0,0,7.090099,0.0000,0.0000,0.0000,0.0000,0.0000,0.0000,0,0,,,,,,,,0,0,0,0,0,0,0,0,0,0,0,0,0,0,0,0,0,0,0,0,0,0,0,0,0,0,0,0,0,0,0,0,0,0,0,0,0,0,0,0,0,0,0,0,0,0,0,0,0,0,0,
hello,6_30,11_3_5,7.0935,0,0,0,7.093529,0.0000,0.0000,0.0000,0.0000,0.0000,0.0000,0,0,,,,,,,,0,0,0,0,0,0,0,0,0,0,0,0,0,0,0,0,0,0,0,0,0,0,0,0,0,0,0,0,0,0,0,0,0,0,0,0,0,0,0,0,0,0,0,0,0,0,0,0,0,0,0,
hello,6_30,11_3_5,7.0966,0,0,0,7.096603,0.0000,0.0000,0.0000,0.0000,0.0000,0.0000,0,0,,,,,,,,0,0,0,0,0,0,0,0,0,0,0,0,0,0,0,0,0,0,0,0,0,0,0,0,0,0,0,0,0,0,0,0,0,0,0,0,0,0,0,0,0,0,0,0,0,0,0,0,0,0,0,
hello,6_30,11_3_5,7.0997,0,0,0,7.099725,0.0000,0.0000,0.0000,0.0000,0.0000,0.0000,0,0,,,,,,,,0,0,0,0,0,0,0,0,0,0,0,0,0,0,0,0,0,0,0,0,0,0,0,0,0,0,0,0,0,0,0,0,0,0,0,0,0,0,0,0,0,0,0,0,0,0,0,0,0,0,0,
hello,6_30,11_3_5,7.1029,0,0,0,7.102875,0.0000,0.0000,0.0000,0.0000,0.0000,0.0000,0,0,,,,,,,,0,0,0,0,0,0,0,0,0,0,0,0,0,0,0,0,0,0,0,0,0,0,0,0,0,0,0,0,0,0,0,0,0,0,0,0,0,0,0,0,0,0,0,0,0,0,0,0,0,0,0,
hello,6_30,11_3_5,7.1063,0,0,0,7.106253,0.0000,0.0000,0.0000,0.0000,0.0000,0.0000,0,0,,,,,,,,0,0,0,0,0,0,0,0,0,0,0,0,0,0,0,0,0,0,0,0,0,0,0,0,0,0,0,0,0,0,0,0,0,0,0,0,0,0,0,0,0,0,0,0,0,0,0,0,0,0,0,
hello,6_30,11_3_5,7.1094,0,0,0,7.10937,0.0000,0.0000,0.0000,0.0000,0.0000,0.0000,0,0,,,,,,,,0,0,0,0,0,0,0,0,0,0,0,0,0,0,0,0,0,0,0,0,0,0,0,0,0,0,0,0,0,0,0,0,0,0,0,0,0,0,0,0,0,0,0,0,0,0,0,0,0,0,0,
hello,6_30,11_3_5,7.1125,0,0,0,7.112493,0.0000,0.0000,0.0000,0.0000,0.0000,0.0000,0,0,,,,,,,,0,0,0,0,0,0,0,0,0,0,0,0,0,0,0,0,0,0,0,0,0,0,0,0,0,0,0,0,0,0,0,0,0,0,0,0,0,0,0,0,0,0,0,0,0,0,0,0,0,0,0,
hello,6_30,11_3_5,7.1157,0,0,0,7.115651,0.0000,0.0000,0.0000,0.0000,0.0000,0.0000,0,0,,,,,,,,0,0,0,0,0,0,0,0,0,0,0,0,0,0,0,0,0,0,0,0,0,0,0,0,0,0,0,0,0,0,0,0,0,0,0,0,0,0,0,0,0,0,0,0,0,0,0,0,0,0,0,
hello,6_30,11_3_5,7.1188,0,0,0,7.118789,0.0000,0.0000,0.0000,0.0000,0.0000,0.0000,0,0,,,,,,,,0,0,0,0,0,0,0,0,0,0,0,0,0,0,0,0,0,0,0,0,0,0,0,0,0,0,0,0,0,0,0,0,0,0,0,0,0,0,0,0,0,0,0,0,0,0,0,0,0,0,0,
hello,6_30,11_3_5,7.1221,0,0,0,7.122104,0.0000,0.0000,0.0000,0.0000,0.0000,0.0000,0,0,,,,,,,,0,0,0,0,0,0,0,0,0,0,0,0,0,0,0,0,0,0,0,0,0,0,0,0,0,0,0,0,0,0,0,0,0,0,0,0,0,0,0,0,0,0,0,0,0,0,0,0,0,0,0,
hello,6_30,11_3_5,7.1254,0,0,0,7.125423,0.0000,0.0000,0.0000,0.0000,0.0000,0.0000,0,0,,,,,,,,0,0,0,0,0,0,0,0,0,0,0,0,0,0,0,0,0,0,0,0,0,0,0,0,0,0,0,0,0,0,0,0,0,0,0,0,0,0,0,0,0,0,0,0,0,0,0,0,0,0,0,
hello,6_30,11_3_5,7.1287,0,0,0,7.128667,0.0000,0.0000,0.0000,0.0000,0.0000,0.0000,0,0,,,,,,,,0,0,0,0,0,0,0,0,0,0,0,0,0,0,0,0,0,0,0,0,0,0,0,0,0,0,0,0,0,0,0,0,0,0,0,0,0,0,0,0,0,0,0,0,0,0,0,0,0,0,0,
hello,6_30,11_3_5,7.1320,0,0,0,7.131974,0.0000,0.0000,0.0000,0.0000,0.0000,0.0000,0,0,,,,,,,,0,0,0,0,0,0,0,0,0,0,0,0,0,0,0,0,0,0,0,0,0,0,0,0,0,0,0,0,0,0,0,0,0,0,0,0,0,0,0,0,0,0,0,0,0,0,0,0,0,0,0,
hello,6_30,11_3_5,7.1352,0,0,0,7.135218,0.0000,0.0000,0.0000,0.0000,0.0000,0.0000,0,0,,,,,,,,0,0,0,0,0,0,0,0,0,0,0,0,0,0,0,0,0,0,0,0,0,0,0,0,0,0,0,0,0,0,0,0,0,0,0,0,0,0,0,0,0,0,0,0,0,0,0,0,0,0,0,
hello,6_30,11_3_5,7.1384,0,0,0,7.13836,0.0000,0.0000,0.0000,0.0000,0.0000,0.0000,0,0,,,,,,,,0,0,0,0,0,0,0,0,0,0,0,0,0,0,0,0,0,0,0,0,0,0,0,0,0,0,0,0,0,0,0,0,0,0,0,0,0,0,0,0,0,0,0,0,0,0,0,0,0,0,0,
hello,6_30,11_3_5,7.1415,0,0,0,7.141496,0.0000,0.0000,0.0000,0.0000,0.0000,0.0000,0,0,,,,,,,,0,0,0,0,0,0,0,0,0,0,0,0,0,0,0,0,0,0,0,0,0,0,0,0,0,0,0,0,0,0,0,0,0,0,0,0,0,0,0,0,0,0,0,0,0,0,0,0,0,0,0,
hello,6_30,11_3_5,7.1448,0,0,0,7.14484,0.0000,0.0000,0.0000,0.0000,0.0000,0.0000,0,0,,,,,,,,0,0,0,0,0,0,0,0,0,0,0,0,0,0,0,0,0,0,0,0,0,0,0,0,0,0,0,0,0,0,0,0,0,0,0,0,0,0,0,0,0,0,0,0,0,0,0,0,0,0,0,
hello,6_30,11_3_5,7.1480,0,0,0,7.147987,0.0000,0.0000,0.0000,0.0000,0.0000,0.0000,0,0,,,,,,,,0,0,0,0,0,0,0,0,0,0,0,0,0,0,0,0,0,0,0,0,0,0,0,0,0,0,0,0,0,0,0,0,0,0,0,0,0,0,0,0,0,0,0,0,0,0,0,0,0,0,0,
hello,6_30,11_3_5,7.1513,0,0,0,7.15127,0.0000,0.0000,0.0000,0.0000,0.0000,0.0000,0,0,,,,,,,,0,0,0,0,0,0,0,0,0,0,0,0,0,0,0,0,0,0,0,0,0,0,0,0,0,0,0,0,0,0,0,0,0,0,0,0,0,0,0,0,0,0,0,0,0,0,0,0,0,0,0,
hello,6_30,11_3_5,7.1544,0,0,0,7.154391,0.0000,0.0000,0.0000,0.0000,0.0000,0.0000,0,0,,,,,,,,0,0,0,0,0,0,0,0,0,0,0,0,0,0,0,0,0,0,0,0,0,0,0,0,0,0,0,0,0,0,0,0,0,0,0,0,0,0,0,0,0,0,0,0,0,0,0,0,0,0,0,
hello,6_30,11_3_5,7.1575,0,0,0,7.157484,0.0000,0.0000,0.0000,0.0000,0.0000,0.0000,0,0,,,,,,,,0,0,0,0,0,0,0,0,0,0,0,0,0,0,0,0,0,0,0,0,0,0,0,0,0,0,0,0,0,0,0,0,0,0,0,0,0,0,0,0,0,0,0,0,0,0,0,0,0,0,0,
hello,6_30,11_3_5,7.1607,0,0,0,7.160723,0.0000,0.0000,0.0000,0.0000,0.0000,0.0000,0,0,,,,,,,,0,0,0,0,0,0,0,0,0,0,0,0,0,0,0,0,0,0,0,0,0,0,0,0,0,0,0,0,0,0,0,0,0,0,0,0,0,0,0,0,0,0,0,0,0,0,0,0,0,0,0,
hello,6_30,11_3_5,7.1642,0,0,0,7.164189,0.0000,0.0000,0.0000,0.0000,0.0000,0.0000,0,0,,,,,,,,0,0,0,0,0,0,0,0,0,0,0,0,0,0,0,0,0,0,0,0,0,0,0,0,0,0,0,0,0,0,0,0,0,0,0,0,0,0,0,0,0,0,0,0,0,0,0,0,0,0,0,
hello,6_30,11_3_5,7.1674,0,0,0,7.167364,0.0000,0.0000,0.0000,0.0000,0.0000,0.0000,0,0,,,,,,,,0,0,0,0,0,0,0,0,0,0,0,0,0,0,0,0,0,0,0,0,0,0,0,0,0,0,0,0,0,0,0,0,0,0,0,0,0,0,0,0,0,0,0,0,0,0,0,0,0,0,0,
hello,6_30,11_3_5,7.1705,0,0,0,7.170531,0.0000,0.0000,0.0000,0.0000,0.0000,0.0000,0,0,,,,,,,,0,0,0,0,0,0,0,0,0,0,0,0,0,0,0,0,0,0,0,0,0,0,0,0,0,0,0,0,0,0,0,0,0,0,0,0,0,0,0,0,0,0,0,0,0,0,0,0,0,0,0,
hello,6_30,11_3_5,7.1737,0,0,0,7.173692,0.0000,0.0000,0.0000,0.0000,0.0000,0.0000,0,0,,,,,,,,0,0,0,0,0,0,0,0,0,0,0,0,0,0,0,0,0,0,0,0,0,0,0,0,0,0,0,0,0,0,0,0,0,0,0,0,0,0,0,0,0,0,0,0,0,0,0,0,0,0,0,
hello,6_30,11_3_5,7.1771,0,0,0,7.177129,0.0000,0.0000,0.0000,0.0000,0.0000,0.0000,0,0,,,,,,,,0,0,0,0,0,0,0,0,0,0,0,0,0,0,0,0,0,0,0,0,0,0,0,0,0,0,0,0,0,0,0,0,0,0,0,0,0,0,0,0,0,0,0,0,0,0,0,0,0,0,0,
hello,6_30,11_3_5,7.1805,0,0,0,7.180517,0.0000,0.0000,0.0000,0.0000,0.0000,0.0000,0,0,,,,,,,,0,0,0,0,0,0,0,0,0,0,0,0,0,0,0,0,0,0,0,0,0,0,0,0,0,0,0,0,0,0,0,0,0,0,0,0,0,0,0,0,0,0,0,0,0,0,0,0,0,0,0,
hello,6_30,11_3_5,7.1839,0,0,0,7.183913,0.0000,0.0000,0.0000,0.0000,0.0000,0.0000,0,0,,,,,,,,0,0,0,0,0,0,0,0,0,0,0,0,0,0,0,0,0,0,0,0,0,0,0,0,0,0,0,0,0,0,0,0,0,0,0,0,0,0,0,0,0,0,0,0,0,0,0,0,0,0,0,
hello,6_30,11_3_5,7.1871,0,0,0,7.187101,0.0000,0.0000,0.0000,0.0000,0.0000,0.0000,0,0,,,,,,,,0,0,0,0,0,0,0,0,0,0,0,0,0,0,0,0,0,0,0,0,0,0,0,0,0,0,0,0,0,0,0,0,0,0,0,0,0,0,0,0,0,0,0,0,0,0,0,0,0,0,0,
hello,6_30,11_3_5,7.1902,0,0,0,7.190218,0.0000,0.0000,0.0000,0.0000,0.0000,0.0000,0,0,,,,,,,,0,0,0,0,0,0,0,0,0,0,0,0,0,0,0,0,0,0,0,0,0,0,0,0,0,0,0,0,0,0,0,0,0,0,0,0,0,0,0,0,0,0,0,0,0,0,0,0,0,0,0,
hello,6_30,11_3_5,7.1934,0,0,0,7.193437,0.0000,0.0000,0.0000,0.0000,0.0000,0.0000,0,0,,,,,,,,0,0,0,0,0,0,0,0,0,0,0,0,0,0,0,0,0,0,0,0,0,0,0,0,0,0,0,0,0,0,0,0,0,0,0,0,0,0,0,0,0,0,0,0,0,0,0,0,0,0,0,
hello,6_30,11_3_5,7.1965,0,0,0,7.196536,0.0000,0.0000,0.0000,0.0000,0.0000,0.0000,0,0,,,,,,,,0,0,0,0,0,0,0,0,0,0,0,0,0,0,0,0,0,0,0,0,0,0,0,0,0,0,0,0,0,0,0,0,0,0,0,0,0,0,0,0,0,0,0,0,0,0,0,0,0,0,0,
hello,6_30,11_3_5,7.1998,0,0,0,7.19976,0.0000,0.0000,0.0000,0.0000,0.0000,0.0000,0,0,,,,,,,,0,0,0,0,0,0,0,0,0,0,0,0,0,0,0,0,0,0,0,0,0,0,0,0,0,0,0,0,0,0,0,0,0,0,0,0,0,0,0,0,0,0,0,0,0,0,0,0,0,0,0,
hello,6_30,11_3_5,7.2030,0,0,0,7.202991,0.0000,0.0000,0.0000,0.0000,0.0000,0.0000,0,0,,,,,,,,0,0,0,0,0,0,0,0,0,0,0,0,0,0,0,0,0,0,0,0,0,0,0,0,0,0,0,0,0,0,0,0,0,0,0,0,0,0,0,0,0,0,0,0,0,0,0,0,0,0,0,
hello,6_30,11_3_5,7.2066,0,0,0,7.206581,0.0000,0.0000,0.0000,0.0000,0.0000,0.0000,0,0,,,,,,,,0,0,0,0,0,0,0,0,0,0,0,0,0,0,0,0,0,0,0,0,0,0,0,0,0,0,0,0,0,0,0,0,0,0,0,0,0,0,0,0,0,0,0,0,0,0,0,0,0,0,0,
hello,6_30,11_3_5,7.2102,0,0,0,7.210175,0.0000,0.0000,0.0000,0.0000,0.0000,0.0000,0,0,,,,,,,,0,0,0,0,0,0,0,0,0,0,0,0,0,0,0,0,0,0,0,0,0,0,0,0,0,0,0,0,0,0,0,0,0,0,0,0,0,0,0,0,0,0,0,0,0,0,0,0,0,0,0,
hello,6_30,11_3_5,7.2136,0,0,0,7.213646,0.0000,0.0000,0.0000,0.0000,0.0000,0.0000,0,0,,,,,,,,0,0,0,0,0,0,0,0,0,0,0,0,0,0,0,0,0,0,0,0,0,0,0,0,0,0,0,0,0,0,0,0,0,0,0,0,0,0,0,0,0,0,0,0,0,0,0,0,0,0,0,
hello,6_30,11_3_5,7.2169,0,0,0,7.216915,0.0000,0.0000,0.0000,0.0000,0.0000,0.0000,0,0,,,,,,,,0,0,0,0,0,0,0,0,0,0,0,0,0,0,0,0,0,0,0,0,0,0,0,0,0,0,0,0,0,0,0,0,0,0,0,0,0,0,0,0,0,0,0,0,0,0,0,0,0,0,0,
hello,6_30,11_3_5,7.2201,0,0,0,7.220097,0.0000,0.0000,0.0000,0.0000,0.0000,0.0000,0,0,,,,,,,,0,0,0,0,0,0,0,0,0,0,0,0,0,0,0,0,0,0,0,0,0,0,0,0,0,0,0,0,0,0,0,0,0,0,0,0,0,0,0,0,0,0,0,0,0,0,0,0,0,0,0,
hello,6_30,11_3_5,7.2236,0,0,0,7.223646,0.0000,0.0000,0.0000,0.0000,0.0000,0.0000,0,0,,,,,,,,0,0,0,0,0,0,0,0,0,0,0,0,0,0,0,0,0,0,0,0,0,0,0,0,0,0,0,0,0,0,0,0,0,0,0,0,0,0,0,0,0,0,0,0,0,0,0,0,0,0,0,
hello,6_30,11_3_5,7.2272,0,0,0,7.227157,0.0000,0.0000,0.0000,0.0000,0.0000,0.0000,0,0,,,,,,,,0,0,0,0,0,0,0,0,0,0,0,0,0,0,0,0,0,0,0,0,0,0,0,0,0,0,0,0,0,0,0,0,0,0,0,0,0,0,0,0,0,0,0,0,0,0,0,0,0,0,0,
hello,6_30,11_3_5,7.2304,0,0,0,7.230417,0.0000,0.0000,0.0000,0.0000,0.0000,0.0000,0,0,,,,,,,,0,0,0,0,0,0,0,0,0,0,0,0,0,0,0,0,0,0,0,0,0,0,0,0,0,0,0,0,0,0,0,0,0,0,0,0,0,0,0,0,0,0,0,0,0,0,0,0,0,0,0,
hello,6_30,11_3_5,7.2335,0,0,0,7.233527,0.0000,0.0000,0.0000,0.0000,0.0000,0.0000,0,0,,,,,,,,0,0,0,0,0,0,0,0,0,0,0,0,0,0,0,0,0,0,0,0,0,0,0,0,0,0,0,0,0,0,0,0,0,0,0,0,0,0,0,0,0,0,0,0,0,0,0,0,0,0,0,
hello,6_30,11_3_5,7.2370,0,0,0,7.236953,0.0000,0.0000,0.0000,0.0000,0.0000,0.0000,0,0,,,,,,,,0,0,0,0,0,0,0,0,0,0,0,0,0,0,0,0,0,0,0,0,0,0,0,0,0,0,0,0,0,0,0,0,0,0,0,0,0,0,0,0,0,0,0,0,0,0,0,0,0,0,0,
hello,6_30,11_3_5,7.2404,0,0,0,7.240443,0.0000,0.0000,0.0000,0.0000,0.0000,0.0000,0,0,,,,,,,,0,0,0,0,0,0,0,0,0,0,0,0,0,0,0,0,0,0,0,0,0,0,0,0,0,0,0,0,0,0,0,0,0,0,0,0,0,0,0,0,0,0,0,0,0,0,0,0,0,0,0,
hello,6_30,11_3_5,7.2438,0,0,0,7.243827,0.0000,0.0000,0.0000,0.0000,0.0000,0.0000,0,0,,,,,,,,0,0,0,0,0,0,0,0,0,0,0,0,0,0,0,0,0,0,0,0,0,0,0,0,0,0,0,0,0,0,0,0,0,0,0,0,0,0,0,0,0,0,0,0,0,0,0,0,0,0,0,
hello,6_30,11_3_5,7.2471,0,0,0,7.247053,0.0000,0.0000,0.0000,0.0000,0.0000,0.0000,0,0,,,,,,,,0,0,0,0,0,0,0,0,0,0,0,0,0,0,0,0,0,0,0,0,0,0,0,0,0,0,0,0,0,0,0,0,0,0,0,0,0,0,0,0,0,0,0,0,0,0,0,0,0,0,0,
hello,6_30,11_3_5,7.2505,0,0,0,7.250487,0.0000,0.0000,0.0000,0.0000,0.0000,0.0000,0,0,,,,,,,,0,0,0,0,0,0,0,0,0,0,0,0,0,0,0,0,0,0,0,0,0,0,0,0,0,0,0,0,0,0,0,0,0,0,0,0,0,0,0,0,0,0,0,0,0,0,0,0,0,0,0,
hello,6_30,11_3_5,7.2540,0,0,0,7.253987,0.0000,0.0000,0.0000,0.0000,0.0000,0.0000,0,0,,,,,,,,0,0,0,0,0,0,0,0,0,0,0,0,0,0,0,0,0,0,0,0,0,0,0,0,0,0,0,0,0,0,0,0,0,0,0,0,0,0,0,0,0,0,0,0,0,0,0,0,0,0,0,
hello,6_30,11_3_5,7.2574,0,0,0,7.257413,0.0000,0.0000,0.0000,0.0000,0.0000,0.0000,0,0,,,,,,,,0,0,0,0,0,0,0,0,0,0,0,0,0,0,0,0,0,0,0,0,0,0,0,0,0,0,0,0,0,0,0,0,0,0,0,0,0,0,0,0,0,0,0,0,0,0,0,0,0,0,0,
hello,6_30,11_3_5,7.2609,0,0,0,7.260865,0.0000,0.0000,0.0000,0.0000,0.0000,0.0000,0,0,,,,,,,,0,0,0,0,0,0,0,0,0,0,0,0,0,0,0,0,0,0,0,0,0,0,0,0,0,0,0,0,0,0,0,0,0,0,0,0,0,0,0,0,0,0,0,0,0,0,0,0,0,0,0,
hello,6_30,11_3_5,7.2645,0,0,0,7.264452,0.0000,0.0000,0.0000,0.0000,0.0000,0.0000,0,0,,,,,,,,0,0,0,0,0,0,0,0,0,0,0,0,0,0,0,0,0,0,0,0,0,0,0,0,0,0,0,0,0,0,0,0,0,0,0,0,0,0,0,0,0,0,0,0,0,0,0,0,0,0,0,
hello,6_30,11_3_5,7.2812,0,0,0,7.281246,0.0000,0.0000,0.0000,0.0000,0.0000,0.0000,0,0,,,,,,,,0,0,0,0,0,0,0,0,0,0,0,0,0,0,0,0,0,0,0,0,0,0,0,0,0,0,0,0,0,0,0,0,0,0,0,0,0,0,0,0,0,0,0,0,0,0,0,0,0,0,0,
hello,6_30,11_3_5,7.2851,0,0,0,7.2851,0.0000,0.0000,0.0000,0.0000,0.0000,0.0000,0,0,,,,,,,,0,0,0,0,0,0,0,0,0,0,0,0,0,0,0,0,0,0,0,0,0,0,0,0,0,0,0,0,0,0,0,0,0,0,0,0,0,0,0,0,0,0,0,0,0,0,0,0,0,0,0,
hello,6_30,11_3_5,7.2886,0,0,0,7.288559,0.0000,0.0000,0.0000,0.0000,0.0000,0.0000,0,0,,,,,,,,0,0,0,0,0,0,0,0,0,0,0,0,0,0,0,0,0,0,0,0,0,0,0,0,0,0,0,0,0,0,0,0,0,0,0,0,0,0,0,0,0,0,0,0,0,0,0,0,0,0,0,
hello,6_30,11_3_5,7.2920,0,0,0,7.291962,0.0000,0.0000,0.0000,0.0000,0.0000,0.0000,0,0,,,,,,,,0,0,0,0,0,0,0,0,0,0,0,0,0,0,0,0,0,0,0,0,0,0,0,0,0,0,0,0,0,0,0,0,0,0,0,0,0,0,0,0,0,0,0,0,0,0,0,0,0,0,0,
hello,6_30,11_3_5,7.2954,0,0,0,7.295399,0.0000,0.0000,0.0000,0.0000,0.0000,0.0000,0,0,,,,,,,,0,0,0,0,0,0,0,0,0,0,0,0,0,0,0,0,0,0,0,0,0,0,0,0,0,0,0,0,0,0,0,0,0,0,0,0,0,0,0,0,0,0,0,0,0,0,0,0,0,0,0,
hello,6_30,11_3_5,7.2986,0,0,0,7.298629,0.0000,0.0000,0.0000,0.0000,0.0000,0.0000,0,0,,,,,,,,0,0,0,0,0,0,0,0,0,0,0,0,0,0,0,0,0,0,0,0,0,0,0,0,0,0,0,0,0,0,0,0,0,0,0,0,0,0,0,0,0,0,0,0,0,0,0,0,0,0,0,
hello,6_30,11_3_5,7.3022,0,0,0,7.302195,0.0000,0.0000,0.0000,0.0000,0.0000,0.0000,0,0,,,,,,,,0,0,0,0,0,0,0,0,0,0,0,0,0,0,0,0,0,0,0,0,0,0,0,0,0,0,0,0,0,0,0,0,0,0,0,0,0,0,0,0,0,0,0,0,0,0,0,0,0,0,0,
hello,6_30,11_3_5,7.3057,0,0,0,7.3057,0.0000,0.0000,0.0000,0.0000,0.0000,0.0000,0,0,,,,,,,,0,0,0,0,0,0,0,0,0,0,0,0,0,0,0,0,0,0,0,0,0,0,0,0,0,0,0,0,0,0,0,0,0,0,0,0,0,0,0,0,0,0,0,0,0,0,0,0,0,0,0,
hello,6_30,11_3_5,7.3091,0,0,0,7.309093,0.0000,0.0000,0.0000,0.0000,0.0000,0.0000,0,0,,,,,,,,0,0,0,0,0,0,0,0,0,0,0,0,0,0,0,0,0,0,0,0,0,0,0,0,0,0,0,0,0,0,0,0,0,0,0,0,0,0,0,0,0,0,0,0,0,0,0,0,0,0,0,
hello,6_30,11_3_5,7.3125,0,0,0,7.312547,0.0000,0.0000,0.0000,0.0000,0.0000,0.0000,0,0,,,,,,,,0,0,0,0,0,0,0,0,0,0,0,0,0,0,0,0,0,0,0,0,0,0,0,0,0,0,0,0,0,0,0,0,0,0,0,0,0,0,0,0,0,0,0,0,0,0,0,0,0,0,0,
hello,6_30,11_3_5,7.3159,0,0,0,7.315948,0.0000,0.0000,0.0000,0.0000,0.0000,0.0000,0,0,,,,,,,,0,0,0,0,0,0,0,0,0,0,0,0,0,0,0,0,0,0,0,0,0,0,0,0,0,0,0,0,0,0,0,0,0,0,0,0,0,0,0,0,0,0,0,0,0,0,0,0,0,0,0,
hello,6_30,11_3_5,7.3193,0,0,0,7.31928,0.0000,0.0000,0.0000,0.0000,0.0000,0.0000,0,0,,,,,,,,0,0,0,0,0,0,0,0,0,0,0,0,0,0,0,0,0,0,0,0,0,0,0,0,0,0,0,0,0,0,0,0,0,0,0,0,0,0,0,0,0,0,0,0,0,0,0,0,0,0,0,
hello,6_30,11_3_5,7.3228,0,0,0,7.322768,0.0000,0.0000,0.0000,0.0000,0.0000,0.0000,0,0,,,,,,,,0,0,0,0,0,0,0,0,0,0,0,0,0,0,0,0,0,0,0,0,0,0,0,0,0,0,0,0,0,0,0,0,0,0,0,0,0,0,0,0,0,0,0,0,0,0,0,0,0,0,0,
hello,6_30,11_3_5,7.3265,0,0,0,7.326467,0.0000,0.0000,0.0000,0.0000,0.0000,0.0000,0,0,,,,,,,,0,0,0,0,0,0,0,0,0,0,0,0,0,0,0,0,0,0,0,0,0,0,0,0,0,0,0,0,0,0,0,0,0,0,0,0,0,0,0,0,0,0,0,0,0,0,0,0,0,0,0,
hello,6_30,11_3_5,7.3300,0,0,0,7.330038,0.0000,0.0000,0.0000,0.0000,0.0000,0.0000,0,0,,,,,,,,0,0,0,0,0,0,0,0,0,0,0,0,0,0,0,0,0,0,0,0,0,0,0,0,0,0,0,0,0,0,0,0,0,0,0,0,0,0,0,0,0,0,0,0,0,0,0,0,0,0,0,
hello,6_30,11_3_5,7.3335,0,0,0,7.333479,0.0000,0.0000,0.0000,0.0000,0.0000,0.0000,0,0,,,,,,,,0,0,0,0,0,0,0,0,0,0,0,0,0,0,0,0,0,0,0,0,0,0,0,0,0,0,0,0,0,0,0,0,0,0,0,0,0,0,0,0,0,0,0,0,0,0,0,0,0,0,0,
hello,6_30,11_3_5,7.3373,0,0,0,7.337264,0.0000,0.0000,0.0000,0.0000,0.0000,0.0000,0,0,,,,,,,,0,0,0,0,0,0,0,0,0,0,0,0,0,0,0,0,0,0,0,0,0,0,0,0,0,0,0,0,0,0,0,0,0,0,0,0,0,0,0,0,0,0,0,0,0,0,0,0,0,0,0,
hello,6_30,11_3_5,7.3409,0,0,0,7.340876,0.0000,0.0000,0.0000,0.0000,0.0000,0.0000,0,0,,,,,,,,0,0,0,0,0,0,0,0,0,0,0,0,0,0,0,0,0,0,0,0,0,0,0,0,0,0,0,0,0,0,0,0,0,0,0,0,0,0,0,0,0,0,0,0,0,0,0,0,0,0,0,
hello,6_30,11_3_5,7.3445,0,0,0,7.344451,0.0000,0.0000,0.0000,0.0000,0.0000,0.0000,0,0,,,,,,,,0,0,0,0,0,0,0,0,0,0,0,0,0,0,0,0,0,0,0,0,0,0,0,0,0,0,0,0,0,0,0,0,0,0,0,0,0,0,0,0,0,0,0,0,0,0,0,0,0,0,0,
hello,6_30,11_3_5,7.3481,0,0,0,7.348124,0.0000,0.0000,0.0000,0.0000,0.0000,0.0000,0,0,,,,,,,,0,0,0,0,0,0,0,0,0,0,0,0,0,0,0,0,0,0,0,0,0,0,0,0,0,0,0,0,0,0,0,0,0,0,0,0,0,0,0,0,0,0,0,0,0,0,0,0,0,0,0,
hello,6_30,11_3_5,7.3515,0,0,0,7.351548,0.0000,0.0000,0.0000,0.0000,0.0000,0.0000,0,0,,,,,,,,0,0,0,0,0,0,0,0,0,0,0,0,0,0,0,0,0,0,0,0,0,0,0,0,0,0,0,0,0,0,0,0,0,0,0,0,0,0,0,0,0,0,0,0,0,0,0,0,0,0,0,
hello,6_30,11_3_5,7.3551,0,0,0,7.35507,0.0000,0.0000,0.0000,0.0000,0.0000,0.0000,0,0,,,,,,,,0,0,0,0,0,0,0,0,0,0,0,0,0,0,0,0,0,0,0,0,0,0,0,0,0,0,0,0,0,0,0,0,0,0,0,0,0,0,0,0,0,0,0,0,0,0,0,0,0,0,0,
hello,6_30,11_3_5,7.3585,0,0,0,7.358454,0.0000,0.0000,0.0000,0.0000,0.0000,0.0000,0,0,,,,,,,,0,0,0,0,0,0,0,0,0,0,0,0,0,0,0,0,0,0,0,0,0,0,0,0,0,0,0,0,0,0,0,0,0,0,0,0,0,0,0,0,0,0,0,0,0,0,0,0,0,0,0,
hello,6_30,11_3_5,7.3622,0,0,0,7.362242,0.0000,0.0000,0.0000,0.0000,0.0000,0.0000,0,0,,,,,,,,0,0,0,0,0,0,0,0,0,0,0,0,0,0,0,0,0,0,0,0,0,0,0,0,0,0,0,0,0,0,0,0,0,0,0,0,0,0,0,0,0,0,0,0,0,0,0,0,0,0,0,
hello,6_30,11_3_5,7.3664,0,0,0,7.366366,0.0000,0.0000,0.0000,0.0000,0.0000,0.0000,0,0,,,,,,,,0,0,0,0,0,0,0,0,0,0,0,0,0,0,0,0,0,0,0,0,0,0,0,0,0,0,0,0,0,0,0,0,0,0,0,0,0,0,0,0,0,0,0,0,0,0,0,0,0,0,0,
hello,6_30,11_3_5,7.3701,0,0,0,7.370085,0.0000,0.0000,0.0000,0.0000,0.0000,0.0000,0,0,,,,,,,,0,0,0,0,0,0,0,0,0,0,0,0,0,0,0,0,0,0,0,0,0,0,0,0,0,0,0,0,0,0,0,0,0,0,0,0,0,0,0,0,0,0,0,0,0,0,0,0,0,0,0,
hello,6_30,11_3_5,7.3738,0,0,0,7.373765,0.0000,0.0000,0.0000,0.0000,0.0000,0.0000,0,0,,,,,,,,0,0,0,0,0,0,0,0,0,0,0,0,0,0,0,0,0,0,0,0,0,0,0,0,0,0,0,0,0,0,0,0,0,0,0,0,0,0,0,0,0,0,0,0,0,0,0,0,0,0,0,
hello,6_30,11_3_5,7.3776,0,0,0,7.377573,0.0000,0.0000,0.0000,0.0000,0.0000,0.0000,0,0,,,,,,,,0,0,0,0,0,0,0,0,0,0,0,0,0,0,0,0,0,0,0,0,0,0,0,0,0,0,0,0,0,0,0,0,0,0,0,0,0,0,0,0,0,0,0,0,0,0,0,0,0,0,0,
hello,6_30,11_3_5,7.3812,0,0,0,7.38124,0.0000,0.0000,0.0000,0.0000,0.0000,0.0000,0,0,,,,,,,,0,0,0,0,0,0,0,0,0,0,0,0,0,0,0,0,0,0,0,0,0,0,0,0,0,0,0,0,0,0,0,0,0,0,0,0,0,0,0,0,0,0,0,0,0,0,0,0,0,0,0,
hello,6_30,11_3_5,7.3855,0,0,0,7.385468,0.0000,0.0000,0.0000,0.0000,0.0000,0.0000,0,0,,,,,,,,0,0,0,0,0,0,0,0,0,0,0,0,0,0,0,0,0,0,0,0,0,0,0,0,0,0,0,0,0,0,0,0,0,0,0,0,0,0,0,0,0,0,0,0,0,0,0,0,0,0,0,
hello,6_30,11_3_5,7.4011,0,0,0,7.401114,0.0000,0.0000,0.0000,0.0000,0.0000,0.0000,0,0,,,,,,,,0,0,0,0,0,0,0,0,0,0,0,0,0,0,0,0,0,0,0,0,0,0,0,0,0,0,0,0,0,0,0,0,0,0,0,0,0,0,0,0,0,0,0,0,0,0,0,0,0,0,0,
hello,6_30,11_3_5,7.4075,0,0,0,7.407495,0.0000,0.0000,0.0000,0.0000,0.0000,0.0000,0,0,,,,,,,,0,0,0,0,0,0,0,0,0,0,0,0,0,0,0,0,0,0,0,0,0,0,0,0,0,0,0,0,0,0,0,0,0,0,0,0,0,0,0,0,0,0,0,0,0,0,0,0,0,0,0,
hello,6_30,11_3_5,7.4120,0,0,0,7.411958,0.0000,0.0000,0.0000,0.0000,0.0000,0.0000,0,0,,,,,,,,0,0,0,0,0,0,0,0,0,0,0,0,0,0,0,0,0,0,0,0,0,0,0,0,0,0,0,0,0,0,0,0,0,0,0,0,0,0,0,0,0,0,0,0,0,0,0,0,0,0,0,
hello,6_30,11_3_5,7.4155,0,0,0,7.415504,0.0000,0.0000,0.0000,0.0000,0.0000,0.0000,0,0,,,,,,,,0,0,0,0,0,0,0,0,0,0,0,0,0,0,0,0,0,0,0,0,0,0,0,0,0,0,0,0,0,0,0,0,0,0,0,0,0,0,0,0,0,0,0,0,0,0,0,0,0,0,0,
hello,6_30,11_3_5,7.4192,0,0,0,7.41922,0.0000,0.0000,0.0000,0.0000,0.0000,0.0000,0,0,,,,,,,,0,0,0,0,0,0,0,0,0,0,0,0,0,0,0,0,0,0,0,0,0,0,0,0,0,0,0,0,0,0,0,0,0,0,0,0,0,0,0,0,0,0,0,0,0,0,0,0,0,0,0,
hello,6_30,11_3_5,7.4229,0,0,0,7.422949,0.0000,0.0000,0.0000,0.0000,0.0000,0.0000,0,0,,,,,,,,0,0,0,0,0,0,0,0,0,0,0,0,0,0,0,0,0,0,0,0,0,0,0,0,0,0,0,0,0,0,0,0,0,0,0,0,0,0,0,0,0,0,0,0,0,0,0,0,0,0,0,
hello,6_30,11_3_5,7.4269,0,0,0,7.426943,0.0000,0.0000,0.0000,0.0000,0.0000,0.0000,0,0,,,,,,,,0,0,0,0,0,0,0,0,0,0,0,0,0,0,0,0,0,0,0,0,0,0,0,0,0,0,0,0,0,0,0,0,0,0,0,0,0,0,0,0,0,0,0,0,0,0,0,0,0,0,0,
hello,6_30,11_3_5,7.4305,0,0,0,7.43052,0.0000,0.0000,0.0000,0.0000,0.0000,0.0000,0,0,,,,,,,,0,0,0,0,0,0,0,0,0,0,0,0,0,0,0,0,0,0,0,0,0,0,0,0,0,0,0,0,0,0,0,0,0,0,0,0,0,0,0,0,0,0,0,0,0,0,0,0,0,0,0,
hello,6_30,11_3_5,7.4342,0,0,0,7.434236,0.0000,0.0000,0.0000,0.0000,0.0000,0.0000,0,0,,,,,,,,0,0,0,0,0,0,0,0,0,0,0,0,0,0,0,0,0,0,0,0,0,0,0,0,0,0,0,0,0,0,0,0,0,0,0,0,0,0,0,0,0,0,0,0,0,0,0,0,0,0,0,
hello,6_30,11_3_5,7.4379,0,0,0,7.437873,0.0000,0.0000,0.0000,0.0000,0.0000,0.0000,0,0,,,,,,,,0,0,0,0,0,0,0,0,0,0,0,0,0,0,0,0,0,0,0,0,0,0,0,0,0,0,0,0,0,0,0,0,0,0,0,0,0,0,0,0,0,0,0,0,0,0,0,0,0,0,0,
hello,6_30,11_3_5,7.4419,0,0,0,7.441857,0.0000,0.0000,0.0000,0.0000,0.0000,0.0000,0,0,,,,,,,,0,0,0,0,0,0,0,0,0,0,0,0,0,0,0,0,0,0,0,0,0,0,0,0,0,0,0,0,0,0,0,0,0,0,0,0,0,0,0,0,0,0,0,0,0,0,0,0,0,0,0,
hello,6_30,11_3_5,7.4458,0,0,0,7.445765,0.0000,0.0000,0.0000,0.0000,0.0000,0.0000,0,0,,,,,,,,0,0,0,0,0,0,0,0,0,0,0,0,0,0,0,0,0,0,0,0,0,0,0,0,0,0,0,0,0,0,0,0,0,0,0,0,0,0,0,0,0,0,0,0,0,0,0,0,0,0,0,
hello,6_30,11_3_5,7.4493,0,0,0,7.449316,0.0000,0.0000,0.0000,0.0000,0.0000,0.0000,0,0,,,,,,,,0,0,0,0,0,0,0,0,0,0,0,0,0,0,0,0,0,0,0,0,0,0,0,0,0,0,0,0,0,0,0,0,0,0,0,0,0,0,0,0,0,0,0,0,0,0,0,0,0,0,0,
hello,6_30,11_3_5,7.4527,0,0,0,7.452723,0.0000,0.0000,0.0000,0.0000,0.0000,0.0000,0,0,,,,,,,,0,0,0,0,0,0,0,0,0,0,0,0,0,0,0,0,0,0,0,0,0,0,0,0,0,0,0,0,0,0,0,0,0,0,0,0,0,0,0,0,0,0,0,0,0,0,0,0,0,0,0,
hello,6_30,11_3_5,7.4563,0,0,0,7.456315,0.0000,0.0000,0.0000,0.0000,0.0000,0.0000,0,0,,,,,,,,0,0,0,0,0,0,0,0,0,0,0,0,0,0,0,0,0,0,0,0,0,0,0,0,0,0,0,0,0,0,0,0,0,0,0,0,0,0,0,0,0,0,0,0,0,0,0,0,0,0,0,
hello,6_30,11_3_6,7.4595,0,0,0,7.459464,0.0000,0.0000,0.0000,0.0000,0.0000,0.0000,0,0,,,,,,,,0,0,0,0,0,0,0,0,0,0,0,0,0,0,0,0,0,0,0,0,0,0,0,0,0,0,0,0,0,0,0,0,0,0,0,0,0,0,0,0,0,0,0,0,0,0,0,0,0,0,0,
hello,6_30,11_3_6,7.4626,0,0,0,7.462631,0.0000,0.0000,0.0000,0.0000,0.0000,0.0000,0,0,,,,,,,,0,0,0,0,0,0,0,0,0,0,0,0,0,0,0,0,0,0,0,0,0,0,0,0,0,0,0,0,0,0,0,0,0,0,0,0,0,0,0,0,0,0,0,0,0,0,0,0,0,0,0,
hello,6_30,11_3_6,7.4660,0,0,0,7.466033,0.0000,0.0000,0.0000,0.0000,0.0000,0.0000,0,0,,,,,,,,0,0,0,0,0,0,0,0,0,0,0,0,0,0,0,0,0,0,0,0,0,0,0,0,0,0,0,0,0,0,0,0,0,0,0,0,0,0,0,0,0,0,0,0,0,0,0,0,0,0,0,
hello,6_30,11_3_6,7.4818,0,0,0,7.481832,0.0000,0.0000,0.0000,0.0000,0.0000,0.0000,0,0,,,,,,,,0,0,0,0,0,0,0,0,0,0,0,0,0,0,0,0,0,0,0,0,0,0,0,0,0,0,0,0,0,0,0,0,0,0,0,0,0,0,0,0,0,0,0,0,0,0,0,0,0,0,0,
hello,6_30,11_3_6,7.4853,0,0,0,7.485279,0.0000,0.0000,0.0000,0.0000,0.0000,0.0000,0,0,,,,,,,,0,0,0,0,0,0,0,0,0,0,0,0,0,0,0,0,0,0,0,0,0,0,0,0,0,0,0,0,0,0,0,0,0,0,0,0,0,0,0,0,0,0,0,0,0,0,0,0,0,0,0,
hello,6_30,11_3_6,7.4886,0,0,0,7.488634,0.0000,0.0000,0.0000,0.0000,0.0000,0.0000,0,0,,,,,,,,0,0,0,0,0,0,0,0,0,0,0,0,0,0,0,0,0,0,0,0,0,0,0,0,0,0,0,0,0,0,0,0,0,0,0,0,0,0,0,0,0,0,0,0,0,0,0,0,0,0,0,
hello,6_30,11_3_6,7.4918,0,0,0,7.491807,0.0000,0.0000,0.0000,0.0000,0.0000,0.0000,0,0,,,,,,,,0,0,0,0,0,0,0,0,0,0,0,0,0,0,0,0,0,0,0,0,0,0,0,0,0,0,0,0,0,0,0,0,0,0,0,0,0,0,0,0,0,0,0,0,0,0,0,0,0,0,0,
hello,6_30,11_3_6,7.4950,0,0,0,7.494986,0.0000,0.0000,0.0000,0.0000,0.0000,0.0000,0,0,,,,,,,,0,0,0,0,0,0,0,0,0,0,0,0,0,0,0,0,0,0,0,0,0,0,0,0,0,0,0,0,0,0,0,0,0,0,0,0,0,0,0,0,0,0,0,0,0,0,0,0,0,0,0,
hello,6_30,11_3_6,7.4981,0,0,0,7.498112,0.0000,0.0000,0.0000,0.0000,0.0000,0.0000,0,0,,,,,,,,0,0,0,0,0,0,0,0,0,0,0,0,0,0,0,0,0,0,0,0,0,0,0,0,0,0,0,0,0,0,0,0,0,0,0,0,0,0,0,0,0,0,0,0,0,0,0,0,0,0,0,
hello,6_30,11_3_6,7.5074,0,0,0,7.507408,0.0000,0.0000,0.0000,0.0000,0.0000,0.0000,0,0,,,,,,,,0,0,0,0,0,0,0,0,0,0,0,0,0,0,0,0,0,0,0,0,0,0,0,0,0,0,0,0,0,0,0,0,0,0,0,0,0,0,0,0,0,0,0,0,0,0,0,0,0,0,0,
