SubjectID,Date,LocalTime,UnityTime,Phase,Trial,Step,TrialTimePassed,State,xPos,yPos,zPos,xRot,yRot,zRot,gazeOriginX,gazeOriginY,gazeOriginZ,gazeDirectionX,gazeDirectionY,gazeDirectionZ,leftPupil,rightPupil,combinedPupil,baselineCorrected,hitX,hitY,hitZ,objectName,EYE_EXPRESSION_LEFT_BLINK_HTC,EYE_EXPRESSION_LEFT_WIDE_HTC,EYE_EXPRESSION_RIGHT_BLINK_HTC,EYE_EXPRESSION_RIGHT_WIDE_HTC,EYE_EXPRESSION_LEFT_SQUEEZE_HTC,EYE_EXPRESSION_RIGHT_SQUEEZE_HTC,EYE_EXPRESSION_LEFT_DOWN_HTC,EYE_EXPRESSION_RIGHT_DOWN_HTC,EYE_EXPRESSION_LEFT_OUT_HTC,EYE_EXPRESSION_RIGHT_IN_HTC,EYE_EXPRESSION_LEFT_IN_HTC,EYE_EXPRESSION_RIGHT_OUT_HTC,EYE_EXPRESSION_LEFT_UP_HTC,EYE_EXPRESSION_RIGHT_UP_HTC,XR_LIP_EXPRESSION_JAW_RIGHT_HTC,XR_LIP_EXPRESSION_JAW_LEFT_HTC,XR_LIP_EXPRESSION_JAW_FORWARD_HTC,XR_LIP_EXPRESSION_JAW_OPEN_HTC,XR_LIP_EXPRESSION_MOUTH_APE_SHAPE_HTC,XR_LIP_EXPRESSION_MOUTH_UPPER_RIGHT_HTC,XR_LIP_EXPRESSION_MOUTH_UPPER_LEFT_HTC,XR_LIP_EXPRESSION_MOUTH_LOWER_RIGHT_HTC,XR_LIP_EXPRESSION_MOUTH_LOWER_LEFT_HTC,XR_LIP_EXPRESSION_MOUTH_UPPER_OVERTURN_HTC,XR_LIP_EXPRESSION_MOUTH_LOWER_OVERTURN_HTC,XR_LIP_EXPRESSION_MOUTH_POUT_HTC,XR_LIP_EXPRESSION_MOUTH_RAISER_RIGHT_HTC,XR_LIP_EXPRESSION_MOUTH_RAISER_LEFT_HTC,XR_LIP_EXPRESSION_MOUTH_STRETCHER_RIGHT_HTC,XR_LIP_EXPRESSION_MOUTH_STRETCHER_LEFT_HTC,XR_LIP_EXPRESSION_CHEEK_PUFF_RIGHT_HTC,XR_LIP_EXPRESSION_CHEEK_PUFF_LEFT_HTC,XR_LIP_EXPRESSION_CHEEK_SUCK_HTC,XR_LIP_EXPRESSION_MOUTH_UPPER_UPRIGHT_HTC,XR_LIP_EXPRESSION_MOUTH_UPPER_UPLEFT_HTC,XR_LIP_EXPRESSION_MOUTH_LOWER_DOWNRIGHT_HTC,XR_LIP_EXPRESSION_MOUTH_LOWER_DOWNLEFT_HTC,XR_LIP_EXPRESSION_MOUTH_UPPER_INSIDE_HTC,XR_LIP_EXPRESSION_MOUTH_LOWER_INSIDE_HTC,XR_LIP_EXPRESSION_MOUTH_LOWER_OVERLAY_HTC,XR_LIP_EXPRESSION_TONGUE_LONGSTEP1_HTC,XR_LIP_EXPRESSION_TONGUE_LEFT_HTC,XR_LIP_EXPRESSION_TONGUE_RIGHT_HTC,XR_LIP_EXPRESSION_TONGUE_UP_HTC,XR_LIP_EXPRESSION_TONGUE_DOWN_HTC,XR_LIP_EXPRESSION_TONGUE_ROLL_HTC,XR_LIP_EXPRESSION_TONGUE_LONGSTEP2_HTC,XR_LIP_EXPRESSION_TONGUE_UPRIGHT_MORPH_HTC,XR_LIP_EXPRESSION_TONGUE_UPLEFT_MORPH_HTC,XR_LIP_EXPRESSION_TONGUE_DOWNRIGHT_MORPH_HTC,XR_LIP_EXPRESSION_TONGUE_DOWNLEFT_MORPH_HTC
3,8_4,10_58_24,0.0000,0,0,0,0,,2.229,0.60724,-2.133,0,0,0,0.0000,0.0000,0.0000,0.0000,0.0000,0.0000,0,0,,,,,,,0,0,0,0,0,0,0,0,0,0,0,0,0,0,0,0,0,0,0,0,0,0,0,0,0,0,0,0,0,0,0,0,0,0,0,0,0,0,0,0,0,0,0,0,0,0,0,0,0,0,0,
3,8_4,10_58_26,0.0200,0,0,0,0.01999999,,2.229,0.60724,-2.133,54.29998,7.199997,0,0.0000,0.0000,0.0000,0.0000,0.0000,0.0000,0,0,,,,,,,0,0,0,0,0,0,0,0,0,0,0,0,0,0,0,0,0,0,0,0,0,0,0,0,0,0,0,0,0,0,0,0,0,0,0,0,0,0,0,0,0,0,0,0,0,0,0,0,0,0,0,
3,8_4,10_58_26,0.1086,0,0,0,0.1085993,,2.229,0.60724,-2.133,46.76904,299.4215,-2.492984E-06,0.0000,0.0000,0.0000,0.0000,0.0000,0.0000,0,0,,,,,,,0,0,0,0,0,0,0,0,0,0,0,0,0,0,0,0,0,0,0,0,0,0,0,0,0,0,0,0,0,0,0,0,0,0,0,0,0,0,0,0,0,0,0,0,0,0,0,0,0,0,0,
3,8_4,10_58_26,0.1195,0,0,0,0.1194723,,2.229,0.60724,-2.133,46.76904,299.4215,-2.492984E-06,0.0000,0.0000,0.0000,0.0000,0.0000,0.0000,0,0,,,,,,,0,0,0,0,0,0,0,0,0,0,0,0,0,0,0,0,0,0,0,0,0,0,0,0,0,0,0,0,0,0,0,0,0,0,0,0,0,0,0,0,0,0,0,0,0,0,0,0,0,0,0,
3,8_4,10_58_26,0.1245,0,0,0,0.1244595,,2.229,0.60724,-2.133,46.76904,299.4215,-2.492984E-06,0.0000,0.0000,0.0000,0.0000,0.0000,0.0000,0,0,,,,,,,0,0,0,0,0,0,0,0,0,0,0,0,0,0,0,0,0,0,0,0,0,0,0,0,0,0,0,0,0,0,0,0,0,0,0,0,0,0,0,0,0,0,0,0,0,0,0,0,0,0,0,
3,8_4,10_58_26,0.1283,0,0,0,0.1283027,,2.229,0.60724,-2.133,46.76904,299.4215,-2.492984E-06,0.0000,0.0000,0.0000,0.0000,0.0000,0.0000,0,0,,,,,,,0,0,0,0,0,0,0,0,0,0,0,0,0,0,0,0,0,0,0,0,0,0,0,0,0,0,0,0,0,0,0,0,0,0,0,0,0,0,0,0,0,0,0,0,0,0,0,0,0,0,0,
3,8_4,10_58_26,0.1320,0,0,0,0.1320247,,2.229,0.60724,-2.133,46.76904,299.4215,-2.492984E-06,0.0000,0.0000,0.0000,0.0000,0.0000,0.0000,0,0,,,,,,,0,0,0,0,0,0,0,0,0,0,0,0,0,0,0,0,0,0,0,0,0,0,0,0,0,0,0,0,0,0,0,0,0,0,0,0,0,0,0,0,0,0,0,0,0,0,0,0,0,0,0,
3,8_4,10_58_26,0.1357,0,0,0,0.1357174,,2.229,0.60724,-2.133,46.76904,299.4215,-2.492984E-06,0.0000,0.0000,0.0000,0.0000,0.0000,0.0000,0,0,,,,,,,0,0,0,0,0,0,0,0,0,0,0,0,0,0,0,0,0,0,0,0,0,0,0,0,0,0,0,0,0,0,0,0,0,0,0,0,0,0,0,0,0,0,0,0,0,0,0,0,0,0,0,
3,8_4,10_58_26,0.1392,0,0,0,0.1391737,,2.229,0.60724,-2.133,46.76904,299.4215,-2.492984E-06,0.0000,0.0000,0.0000,0.0000,0.0000,0.0000,0,0,,,,,,,0,0,0,0,0,0,0,0,0,0,0,0,0,0,0,0,0,0,0,0,0,0,0,0,0,0,0,0,0,0,0,0,0,0,0,0,0,0,0,0,0,0,0,0,0,0,0,0,0,0,0,
3,8_4,10_58_26,0.1425,0,0,0,0.1425234,,2.229,0.60724,-2.133,46.76904,299.4215,-2.492984E-06,0.0000,0.0000,0.0000,0.0000,0.0000,0.0000,0,0,,,,,,,0,0,0,0,0,0,0,0,0,0,0,0,0,0,0,0,0,0,0,0,0,0,0,0,0,0,0,0,0,0,0,0,0,0,0,0,0,0,0,0,0,0,0,0,0,0,0,0,0,0,0,
3,8_4,10_58_26,0.1461,0,0,0,0.1460678,,2.229,0.60724,-2.133,46.76904,299.4215,-2.492984E-06,0.0000,0.0000,0.0000,0.0000,0.0000,0.0000,0,0,,,,,,,0,0,0,0,0,0,0,0,0,0,0,0,0,0,0,0,0,0,0,0,0,0,0,0,0,0,0,0,0,0,0,0,0,0,0,0,0,0,0,0,0,0,0,0,0,0,0,0,0,0,0,
3,8_4,10_58_26,0.1493,0,0,0,0.1493226,,2.229,0.60724,-2.133,46.76904,299.4215,-2.492984E-06,0.0000,0.0000,0.0000,0.0000,0.0000,0.0000,0,0,,,,,,,0,0,0,0,0,0,0,0,0,0,0,0,0,0,0,0,0,0,0,0,0,0,0,0,0,0,0,0,0,0,0,0,0,0,0,0,0,0,0,0,0,0,0,0,0,0,0,0,0,0,0,
3,8_4,10_58_26,0.1527,0,0,0,0.1526598,,2.229,0.60724,-2.133,46.76904,299.4215,-2.492984E-06,0.0000,0.0000,0.0000,0.0000,0.0000,0.0000,0,0,,,,,,,0,0,0,0,0,0,0,0,0,0,0,0,0,0,0,0,0,0,0,0,0,0,0,0,0,0,0,0,0,0,0,0,0,0,0,0,0,0,0,0,0,0,0,0,0,0,0,0,0,0,0,
3,8_4,10_58_26,0.1560,0,0,0,0.1559944,,2.229,0.60724,-2.133,46.76904,299.4215,-2.492984E-06,0.0000,0.0000,0.0000,0.0000,0.0000,0.0000,0,0,,,,,,,0,0,0,0,0,0,0,0,0,0,0,0,0,0,0,0,0,0,0,0,0,0,0,0,0,0,0,0,0,0,0,0,0,0,0,0,0,0,0,0,0,0,0,0,0,0,0,0,0,0,0,
3,8_4,10_58_26,0.1597,0,0,0,0.1597464,,2.229,0.60724,-2.133,46.76904,299.4215,-2.492984E-06,0.0000,0.0000,0.0000,0.0000,0.0000,0.0000,0,0,,,,,,,0,0,0,0,0,0,0,0,0,0,0,0,0,0,0,0,0,0,0,0,0,0,0,0,0,0,0,0,0,0,0,0,0,0,0,0,0,0,0,0,0,0,0,0,0,0,0,0,0,0,0,
3,8_4,10_58_26,0.1634,0,0,0,0.163362,,2.229,0.60724,-2.133,46.76904,299.4215,-2.492984E-06,0.0000,0.0000,0.0000,0.0000,0.0000,0.0000,0,0,,,,,,,0,0,0,0,0,0,0,0,0,0,0,0,0,0,0,0,0,0,0,0,0,0,0,0,0,0,0,0,0,0,0,0,0,0,0,0,0,0,0,0,0,0,0,0,0,0,0,0,0,0,0,
3,8_4,10_58_26,0.1795,0,0,0,0.1794564,,2.229,0.60724,-2.133,46.76904,299.4215,-2.492984E-06,0.0000,0.0000,0.0000,0.0000,0.0000,0.0000,0,0,,,,,,,0,0,0,0,0,0,0,0,0,0,0,0,0,0,0,0,0,0,0,0,0,0,0,0,0,0,0,0,0,0,0,0,0,0,0,0,0,0,0,0,0,0,0,0,0,0,0,0,0,0,0,
3,8_4,10_58_26,0.1830,0,0,0,0.183032,,2.229,0.60724,-2.133,46.76904,299.4215,-2.492984E-06,0.0000,0.0000,0.0000,0.0000,0.0000,0.0000,0,0,,,,,,,0,0,0,0,0,0,0,0,0,0,0,0,0,0,0,0,0,0,0,0,0,0,0,0,0,0,0,0,0,0,0,0,0,0,0,0,0,0,0,0,0,0,0,0,0,0,0,0,0,0,0,
3,8_4,10_58_26,0.1871,0,0,0,0.1870501,,2.229,0.60724,-2.133,46.76904,299.4215,-2.492984E-06,0.0000,0.0000,0.0000,0.0000,0.0000,0.0000,0,0,,,,,,,0,0,0,0,0,0,0,0,0,0,0,0,0,0,0,0,0,0,0,0,0,0,0,0,0,0,0,0,0,0,0,0,0,0,0,0,0,0,0,0,0,0,0,0,0,0,0,0,0,0,0,
3,8_4,10_58_26,0.1905,0,0,0,0.1904889,,2.229,0.60724,-2.133,46.76904,299.4215,-2.492984E-06,0.0000,0.0000,0.0000,0.0000,0.0000,0.0000,0,0,,,,,,,0,0,0,0,0,0,0,0,0,0,0,0,0,0,0,0,0,0,0,0,0,0,0,0,0,0,0,0,0,0,0,0,0,0,0,0,0,0,0,0,0,0,0,0,0,0,0,0,0,0,0,
3,8_4,10_58_26,0.1938,0,0,0,0.1937956,,2.229,0.60724,-2.133,46.76904,299.4215,-2.492984E-06,0.0000,0.0000,0.0000,0.0000,0.0000,0.0000,0,0,,,,,,,0,0,0,0,0,0,0,0,0,0,0,0,0,0,0,0,0,0,0,0,0,0,0,0,0,0,0,0,0,0,0,0,0,0,0,0,0,0,0,0,0,0,0,0,0,0,0,0,0,0,0,
3,8_4,10_58_26,0.2008,0,0,0,0.2007982,,2.229,0.60724,-2.133,46.76904,299.4215,-2.492984E-06,0.0000,0.0000,0.0000,0.0000,0.0000,0.0000,0,0,,,,,,,0,0,0,0,0,0,0,0,0,0,0,0,0,0,0,0,0,0,0,0,0,0,0,0,0,0,0,0,0,0,0,0,0,0,0,0,0,0,0,0,0,0,0,0,0,0,0,0,0,0,0,
3,8_4,10_58_26,0.2045,0,0,0,0.2044685,,2.229,0.60724,-2.133,46.76904,299.4215,-2.492984E-06,0.0000,0.0000,0.0000,0.0000,0.0000,0.0000,0,0,,,,,,,0,0,0,0,0,0,0,0,0,0,0,0,0,0,0,0,0,0,0,0,0,0,0,0,0,0,0,0,0,0,0,0,0,0,0,0,0,0,0,0,0,0,0,0,0,0,0,0,0,0,0,
3,8_4,10_58_26,0.2082,0,0,0,0.208239,,2.229,0.60724,-2.133,46.76904,299.4215,-2.492984E-06,0.0000,0.0000,0.0000,0.0000,0.0000,0.0000,0,0,,,,,,,0,0,0,0,0,0,0,0,0,0,0,0,0,0,0,0,0,0,0,0,0,0,0,0,0,0,0,0,0,0,0,0,0,0,0,0,0,0,0,0,0,0,0,0,0,0,0,0,0,0,0,
3,8_4,10_58_26,0.2121,0,0,0,0.2120553,,2.229,0.60724,-2.133,46.76904,299.4215,-2.492984E-06,0.0000,0.0000,0.0000,0.0000,0.0000,0.0000,0,0,,,,,,,0,0,0,0,0,0,0,0,0,0,0,0,0,0,0,0,0,0,0,0,0,0,0,0,0,0,0,0,0,0,0,0,0,0,0,0,0,0,0,0,0,0,0,0,0,0,0,0,0,0,0,
3,8_4,10_58_26,0.2155,0,0,0,0.2154647,,2.229,0.60724,-2.133,46.76904,299.4215,-2.492984E-06,0.0000,0.0000,0.0000,0.0000,0.0000,0.0000,0,0,,,,,,,0,0,0,0,0,0,0,0,0,0,0,0,0,0,0,0,0,0,0,0,0,0,0,0,0,0,0,0,0,0,0,0,0,0,0,0,0,0,0,0,0,0,0,0,0,0,0,0,0,0,0,
3,8_4,10_58_26,0.2189,0,0,0,0.2188838,,2.229,0.60724,-2.133,46.76904,299.4215,-2.492984E-06,0.0000,0.0000,0.0000,0.0000,0.0000,0.0000,0,0,,,,,,,0,0,0,0,0,0,0,0,0,0,0,0,0,0,0,0,0,0,0,0,0,0,0,0,0,0,0,0,0,0,0,0,0,0,0,0,0,0,0,0,0,0,0,0,0,0,0,0,0,0,0,
3,8_4,10_58_26,0.2224,0,0,0,0.2224344,,2.229,0.60724,-2.133,46.76904,299.4215,-2.492984E-06,0.0000,0.0000,0.0000,0.0000,0.0000,0.0000,0,0,,,,,,,0,0,0,0,0,0,0,0,0,0,0,0,0,0,0,0,0,0,0,0,0,0,0,0,0,0,0,0,0,0,0,0,0,0,0,0,0,0,0,0,0,0,0,0,0,0,0,0,0,0,0,
3,8_4,10_58_26,0.2262,0,0,0,0.226238,,2.229,0.60724,-2.133,46.76904,299.4215,-2.492984E-06,0.0000,0.0000,0.0000,0.0000,0.0000,0.0000,0,0,,,,,,,0,0,0,0,0,0,0,0,0,0,0,0,0,0,0,0,0,0,0,0,0,0,0,0,0,0,0,0,0,0,0,0,0,0,0,0,0,0,0,0,0,0,0,0,0,0,0,0,0,0,0,
3,8_4,10_58_26,0.2295,0,0,0,0.2294963,,2.229,0.60724,-2.133,46.76904,299.4215,-2.492984E-06,0.0000,0.0000,0.0000,0.0000,0.0000,0.0000,0,0,,,,,,,0,0,0,0,0,0,0,0,0,0,0,0,0,0,0,0,0,0,0,0,0,0,0,0,0,0,0,0,0,0,0,0,0,0,0,0,0,0,0,0,0,0,0,0,0,0,0,0,0,0,0,
3,8_4,10_58_26,0.2327,0,0,0,0.2327332,,2.229,0.60724,-2.133,46.76904,299.4215,-2.492984E-06,0.0000,0.0000,0.0000,0.0000,0.0000,0.0000,0,0,,,,,,,0,0,0,0,0,0,0,0,0,0,0,0,0,0,0,0,0,0,0,0,0,0,0,0,0,0,0,0,0,0,0,0,0,0,0,0,0,0,0,0,0,0,0,0,0,0,0,0,0,0,0,
3,8_4,10_58_26,0.2360,0,0,0,0.2360221,,2.229,0.60724,-2.133,46.76904,299.4215,-2.492984E-06,0.0000,0.0000,0.0000,0.0000,0.0000,0.0000,0,0,,,,,,,0,0,0,0,0,0,0,0,0,0,0,0,0,0,0,0,0,0,0,0,0,0,0,0,0,0,0,0,0,0,0,0,0,0,0,0,0,0,0,0,0,0,0,0,0,0,0,0,0,0,0,
3,8_4,10_58_26,0.2395,0,0,0,0.2394512,,2.229,0.60724,-2.133,46.76904,299.4215,-2.492984E-06,0.0000,0.0000,0.0000,0.0000,0.0000,0.0000,0,0,,,,,,,0,0,0,0,0,0,0,0,0,0,0,0,0,0,0,0,0,0,0,0,0,0,0,0,0,0,0,0,0,0,0,0,0,0,0,0,0,0,0,0,0,0,0,0,0,0,0,0,0,0,0,
3,8_4,10_58_26,0.2435,0,0,0,0.24353,,2.229,0.60724,-2.133,46.76904,299.4215,-2.492984E-06,0.0000,0.0000,0.0000,0.0000,0.0000,0.0000,0,0,,,,,,,0,0,0,0,0,0,0,0,0,0,0,0,0,0,0,0,0,0,0,0,0,0,0,0,0,0,0,0,0,0,0,0,0,0,0,0,0,0,0,0,0,0,0,0,0,0,0,0,0,0,0,
3,8_4,10_58_26,0.2469,0,0,0,0.246865,,2.229,0.60724,-2.133,46.76904,299.4215,-2.492984E-06,0.0000,0.0000,0.0000,0.0000,0.0000,0.0000,0,0,,,,,,,0,0,0,0,0,0,0,0,0,0,0,0,0,0,0,0,0,0,0,0,0,0,0,0,0,0,0,0,0,0,0,0,0,0,0,0,0,0,0,0,0,0,0,0,0,0,0,0,0,0,0,
3,8_4,10_58_26,0.2503,0,0,0,0.2502679,,2.229,0.60724,-2.133,46.76904,299.4215,-2.492984E-06,0.0000,0.0000,0.0000,0.0000,0.0000,0.0000,0,0,,,,,,,0,0,0,0,0,0,0,0,0,0,0,0,0,0,0,0,0,0,0,0,0,0,0,0,0,0,0,0,0,0,0,0,0,0,0,0,0,0,0,0,0,0,0,0,0,0,0,0,0,0,0,
3,8_4,10_58_26,0.2543,0,0,0,0.2542986,,2.229,0.60724,-2.133,46.76904,299.4215,-2.492984E-06,0.0000,0.0000,0.0000,0.0000,0.0000,0.0000,0,0,,,,,,,0,0,0,0,0,0,0,0,0,0,0,0,0,0,0,0,0,0,0,0,0,0,0,0,0,0,0,0,0,0,0,0,0,0,0,0,0,0,0,0,0,0,0,0,0,0,0,0,0,0,0,
3,8_4,10_58_26,0.2576,0,0,0,0.2575828,,2.229,0.60724,-2.133,46.76904,299.4215,-2.492984E-06,0.0000,0.0000,0.0000,0.0000,0.0000,0.0000,0,0,,,,,,,0,0,0,0,0,0,0,0,0,0,0,0,0,0,0,0,0,0,0,0,0,0,0,0,0,0,0,0,0,0,0,0,0,0,0,0,0,0,0,0,0,0,0,0,0,0,0,0,0,0,0,
3,8_4,10_58_26,0.2609,0,0,0,0.2609108,,2.229,0.60724,-2.133,46.76904,299.4215,-2.492984E-06,0.0000,0.0000,0.0000,0.0000,0.0000,0.0000,0,0,,,,,,,0,0,0,0,0,0,0,0,0,0,0,0,0,0,0,0,0,0,0,0,0,0,0,0,0,0,0,0,0,0,0,0,0,0,0,0,0,0,0,0,0,0,0,0,0,0,0,0,0,0,0,
3,8_4,10_58_26,0.2646,0,0,0,0.2645616,,2.229,0.60724,-2.133,46.76904,299.4215,-2.492984E-06,0.0000,0.0000,0.0000,0.0000,0.0000,0.0000,0,0,,,,,,,0,0,0,0,0,0,0,0,0,0,0,0,0,0,0,0,0,0,0,0,0,0,0,0,0,0,0,0,0,0,0,0,0,0,0,0,0,0,0,0,0,0,0,0,0,0,0,0,0,0,0,
3,8_4,10_58_26,0.2682,0,0,0,0.2682207,,2.229,0.60724,-2.133,46.76904,299.4215,-2.492984E-06,0.0000,0.0000,0.0000,0.0000,0.0000,0.0000,0,0,,,,,,,0,0,0,0,0,0,0,0,0,0,0,0,0,0,0,0,0,0,0,0,0,0,0,0,0,0,0,0,0,0,0,0,0,0,0,0,0,0,0,0,0,0,0,0,0,0,0,0,0,0,0,
3,8_4,10_58_26,0.2719,0,0,0,0.2718916,,2.229,0.60724,-2.133,46.76904,299.4215,-2.492984E-06,0.0000,0.0000,0.0000,0.0000,0.0000,0.0000,0,0,,,,,,,0,0,0,0,0,0,0,0,0,0,0,0,0,0,0,0,0,0,0,0,0,0,0,0,0,0,0,0,0,0,0,0,0,0,0,0,0,0,0,0,0,0,0,0,0,0,0,0,0,0,0,
3,8_4,10_58_26,0.2759,0,0,0,0.2759165,,2.229,0.60724,-2.133,46.76904,299.4215,-2.492984E-06,0.0000,0.0000,0.0000,0.0000,0.0000,0.0000,0,0,,,,,,,0,0,0,0,0,0,0,0,0,0,0,0,0,0,0,0,0,0,0,0,0,0,0,0,0,0,0,0,0,0,0,0,0,0,0,0,0,0,0,0,0,0,0,0,0,0,0,0,0,0,0,
3,8_4,10_58_26,0.2796,0,0,0,0.2795574,,2.229,0.60724,-2.133,46.76904,299.4215,-2.492984E-06,0.0000,0.0000,0.0000,0.0000,0.0000,0.0000,0,0,,,,,,,0,0,0,0,0,0,0,0,0,0,0,0,0,0,0,0,0,0,0,0,0,0,0,0,0,0,0,0,0,0,0,0,0,0,0,0,0,0,0,0,0,0,0,0,0,0,0,0,0,0,0,
3,8_4,10_58_26,0.2830,0,0,0,0.283039,,2.229,0.60724,-2.133,46.76904,299.4215,-2.492984E-06,0.0000,0.0000,0.0000,0.0000,0.0000,0.0000,0,0,,,,,,,0,0,0,0,0,0,0,0,0,0,0,0,0,0,0,0,0,0,0,0,0,0,0,0,0,0,0,0,0,0,0,0,0,0,0,0,0,0,0,0,0,0,0,0,0,0,0,0,0,0,0,
3,8_4,10_58_26,0.2865,0,0,0,0.2865164,,2.229,0.60724,-2.133,46.76904,299.4215,-2.492984E-06,0.0000,0.0000,0.0000,0.0000,0.0000,0.0000,0,0,,,,,,,0,0,0,0,0,0,0,0,0,0,0,0,0,0,0,0,0,0,0,0,0,0,0,0,0,0,0,0,0,0,0,0,0,0,0,0,0,0,0,0,0,0,0,0,0,0,0,0,0,0,0,
3,8_4,10_58_26,0.2898,0,0,0,0.2898117,,2.229,0.60724,-2.133,46.76904,299.4215,-2.492984E-06,0.0000,0.0000,0.0000,0.0000,0.0000,0.0000,0,0,,,,,,,0,0,0,0,0,0,0,0,0,0,0,0,0,0,0,0,0,0,0,0,0,0,0,0,0,0,0,0,0,0,0,0,0,0,0,0,0,0,0,0,0,0,0,0,0,0,0,0,0,0,0,
3,8_4,10_58_26,0.2934,0,0,0,0.2934083,,2.229,0.60724,-2.133,46.76904,299.4215,-2.492984E-06,0.0000,0.0000,0.0000,0.0000,0.0000,0.0000,0,0,,,,,,,0,0,0,0,0,0,0,0,0,0,0,0,0,0,0,0,0,0,0,0,0,0,0,0,0,0,0,0,0,0,0,0,0,0,0,0,0,0,0,0,0,0,0,0,0,0,0,0,0,0,0,
3,8_4,10_58_26,0.2967,0,0,0,0.2967127,,2.229,0.60724,-2.133,46.76904,299.4215,-2.492984E-06,0.0000,0.0000,0.0000,0.0000,0.0000,0.0000,0,0,,,,,,,0,0,0,0,0,0,0,0,0,0,0,0,0,0,0,0,0,0,0,0,0,0,0,0,0,0,0,0,0,0,0,0,0,0,0,0,0,0,0,0,0,0,0,0,0,0,0,0,0,0,0,
3,8_4,10_58_26,0.3002,0,0,0,0.3002296,,2.229,0.60724,-2.133,46.76904,299.4215,-2.492984E-06,0.0000,0.0000,0.0000,0.0000,0.0000,0.0000,0,0,,,,,,,0,0,0,0,0,0,0,0,0,0,0,0,0,0,0,0,0,0,0,0,0,0,0,0,0,0,0,0,0,0,0,0,0,0,0,0,0,0,0,0,0,0,0,0,0,0,0,0,0,0,0,
3,8_4,10_58_26,0.3037,0,0,0,0.3036986,,2.229,0.60724,-2.133,46.76904,299.4215,-2.492984E-06,0.0000,0.0000,0.0000,0.0000,0.0000,0.0000,0,0,,,,,,,0,0,0,0,0,0,0,0,0,0,0,0,0,0,0,0,0,0,0,0,0,0,0,0,0,0,0,0,0,0,0,0,0,0,0,0,0,0,0,0,0,0,0,0,0,0,0,0,0,0,0,
3,8_4,10_58_26,0.3072,0,0,0,0.307177,,2.229,0.60724,-2.133,46.76904,299.4215,-2.492984E-06,0.0000,0.0000,0.0000,0.0000,0.0000,0.0000,0,0,,,,,,,0,0,0,0,0,0,0,0,0,0,0,0,0,0,0,0,0,0,0,0,0,0,0,0,0,0,0,0,0,0,0,0,0,0,0,0,0,0,0,0,0,0,0,0,0,0,0,0,0,0,0,
3,8_4,10_58_26,0.3110,0,0,0,0.3109583,,2.229,0.60724,-2.133,46.76904,299.4215,-2.492984E-06,0.0000,0.0000,0.0000,0.0000,0.0000,0.0000,0,0,,,,,,,0,0,0,0,0,0,0,0,0,0,0,0,0,0,0,0,0,0,0,0,0,0,0,0,0,0,0,0,0,0,0,0,0,0,0,0,0,0,0,0,0,0,0,0,0,0,0,0,0,0,0,
3,8_4,10_58_26,0.3146,0,0,0,0.3145716,,2.229,0.60724,-2.133,46.76904,299.4215,-2.492984E-06,0.0000,0.0000,0.0000,0.0000,0.0000,0.0000,0,0,,,,,,,0,0,0,0,0,0,0,0,0,0,0,0,0,0,0,0,0,0,0,0,0,0,0,0,0,0,0,0,0,0,0,0,0,0,0,0,0,0,0,0,0,0,0,0,0,0,0,0,0,0,0,
3,8_4,10_58_26,0.3181,0,0,0,0.3181007,,2.229,0.60724,-2.133,46.76904,299.4215,-2.492984E-06,0.0000,0.0000,0.0000,0.0000,0.0000,0.0000,0,0,,,,,,,0,0,0,0,0,0,0,0,0,0,0,0,0,0,0,0,0,0,0,0,0,0,0,0,0,0,0,0,0,0,0,0,0,0,0,0,0,0,0,0,0,0,0,0,0,0,0,0,0,0,0,
3,8_4,10_58_26,0.3216,0,0,0,0.3216292,,2.229,0.60724,-2.133,46.76904,299.4215,-2.492984E-06,0.0000,0.0000,0.0000,0.0000,0.0000,0.0000,0,0,,,,,,,0,0,0,0,0,0,0,0,0,0,0,0,0,0,0,0,0,0,0,0,0,0,0,0,0,0,0,0,0,0,0,0,0,0,0,0,0,0,0,0,0,0,0,0,0,0,0,0,0,0,0,
3,8_4,10_58_26,0.3257,0,0,0,0.3257018,,2.229,0.60724,-2.133,46.76904,299.4215,-2.492984E-06,0.0000,0.0000,0.0000,0.0000,0.0000,0.0000,0,0,,,,,,,0,0,0,0,0,0,0,0,0,0,0,0,0,0,0,0,0,0,0,0,0,0,0,0,0,0,0,0,0,0,0,0,0,0,0,0,0,0,0,0,0,0,0,0,0,0,0,0,0,0,0,
3,8_4,10_58_26,0.3293,0,0,0,0.3293056,,2.229,0.60724,-2.133,46.76904,299.4215,-2.492984E-06,0.0000,0.0000,0.0000,0.0000,0.0000,0.0000,0,0,,,,,,,0,0,0,0,0,0,0,0,0,0,0,0,0,0,0,0,0,0,0,0,0,0,0,0,0,0,0,0,0,0,0,0,0,0,0,0,0,0,0,0,0,0,0,0,0,0,0,0,0,0,0,
3,8_4,10_58_26,0.3330,0,0,0,0.3329766,,2.229,0.60724,-2.133,46.76904,299.4215,-2.492984E-06,0.0000,0.0000,0.0000,0.0000,0.0000,0.0000,0,0,,,,,,,0,0,0,0,0,0,0,0,0,0,0,0,0,0,0,0,0,0,0,0,0,0,0,0,0,0,0,0,0,0,0,0,0,0,0,0,0,0,0,0,0,0,0,0,0,0,0,0,0,0,0,
3,8_4,10_58_26,0.3366,0,0,0,0.3366317,,2.229,0.60724,-2.133,46.76904,299.4215,-2.492984E-06,0.0000,0.0000,0.0000,0.0000,0.0000,0.0000,0,0,,,,,,,0,0,0,0,0,0,0,0,0,0,0,0,0,0,0,0,0,0,0,0,0,0,0,0,0,0,0,0,0,0,0,0,0,0,0,0,0,0,0,0,0,0,0,0,0,0,0,0,0,0,0,
3,8_4,10_58_26,0.3403,0,0,0,0.3402852,,2.229,0.60724,-2.133,46.76904,299.4215,-2.492984E-06,0.0000,0.0000,0.0000,0.0000,0.0000,0.0000,0,0,,,,,,,0,0,0,0,0,0,0,0,0,0,0,0,0,0,0,0,0,0,0,0,0,0,0,0,0,0,0,0,0,0,0,0,0,0,0,0,0,0,0,0,0,0,0,0,0,0,0,0,0,0,0,
3,8_4,10_58_26,0.3440,0,0,0,0.3439991,,2.229,0.60724,-2.133,46.76904,299.4215,-2.492984E-06,0.0000,0.0000,0.0000,0.0000,0.0000,0.0000,0,0,,,,,,,0,0,0,0,0,0,0,0,0,0,0,0,0,0,0,0,0,0,0,0,0,0,0,0,0,0,0,0,0,0,0,0,0,0,0,0,0,0,0,0,0,0,0,0,0,0,0,0,0,0,0,
3,8_4,10_58_26,0.3475,0,0,0,0.3474763,,2.229,0.60724,-2.133,46.76904,299.4215,-2.492984E-06,0.0000,0.0000,0.0000,0.0000,0.0000,0.0000,0,0,,,,,,,0,0,0,0,0,0,0,0,0,0,0,0,0,0,0,0,0,0,0,0,0,0,0,0,0,0,0,0,0,0,0,0,0,0,0,0,0,0,0,0,0,0,0,0,0,0,0,0,0,0,0,
3,8_4,10_58_26,0.3509,0,0,0,0.3508787,,2.229,0.60724,-2.133,46.76904,299.4215,-2.492984E-06,0.0000,0.0000,0.0000,0.0000,0.0000,0.0000,0,0,,,,,,,0,0,0,0,0,0,0,0,0,0,0,0,0,0,0,0,0,0,0,0,0,0,0,0,0,0,0,0,0,0,0,0,0,0,0,0,0,0,0,0,0,0,0,0,0,0,0,0,0,0,0,
3,8_4,10_58_26,0.3545,0,0,0,0.3545006,,2.229,0.60724,-2.133,46.76904,299.4215,-2.492984E-06,0.0000,0.0000,0.0000,0.0000,0.0000,0.0000,0,0,,,,,,,0,0,0,0,0,0,0,0,0,0,0,0,0,0,0,0,0,0,0,0,0,0,0,0,0,0,0,0,0,0,0,0,0,0,0,0,0,0,0,0,0,0,0,0,0,0,0,0,0,0,0,
3,8_4,10_58_26,0.3582,0,0,0,0.3581515,,2.229,0.60724,-2.133,46.76904,299.4215,-2.492984E-06,0.0000,0.0000,0.0000,0.0000,0.0000,0.0000,0,0,,,,,,,0,0,0,0,0,0,0,0,0,0,0,0,0,0,0,0,0,0,0,0,0,0,0,0,0,0,0,0,0,0,0,0,0,0,0,0,0,0,0,0,0,0,0,0,0,0,0,0,0,0,0,
3,8_4,10_58_26,0.3618,0,0,0,0.3617596,,2.229,0.60724,-2.133,46.76904,299.4215,-2.492984E-06,0.0000,0.0000,0.0000,0.0000,0.0000,0.0000,0,0,,,,,,,0,0,0,0,0,0,0,0,0,0,0,0,0,0,0,0,0,0,0,0,0,0,0,0,0,0,0,0,0,0,0,0,0,0,0,0,0,0,0,0,0,0,0,0,0,0,0,0,0,0,0,
3,8_4,10_58_26,0.3653,0,0,0,0.3652543,,2.229,0.60724,-2.133,46.76904,299.4215,-2.492984E-06,0.0000,0.0000,0.0000,0.0000,0.0000,0.0000,0,0,,,,,,,0,0,0,0,0,0,0,0,0,0,0,0,0,0,0,0,0,0,0,0,0,0,0,0,0,0,0,0,0,0,0,0,0,0,0,0,0,0,0,0,0,0,0,0,0,0,0,0,0,0,0,
3,8_4,10_58_26,0.3687,0,0,0,0.3686621,,2.229,0.60724,-2.133,46.76904,299.4215,-2.492984E-06,0.0000,0.0000,0.0000,0.0000,0.0000,0.0000,0,0,,,,,,,0,0,0,0,0,0,0,0,0,0,0,0,0,0,0,0,0,0,0,0,0,0,0,0,0,0,0,0,0,0,0,0,0,0,0,0,0,0,0,0,0,0,0,0,0,0,0,0,0,0,0,
3,8_4,10_58_26,0.3720,0,0,0,0.3719866,,2.229,0.60724,-2.133,46.76904,299.4215,-2.492984E-06,0.0000,0.0000,0.0000,0.0000,0.0000,0.0000,0,0,,,,,,,0,0,0,0,0,0,0,0,0,0,0,0,0,0,0,0,0,0,0,0,0,0,0,0,0,0,0,0,0,0,0,0,0,0,0,0,0,0,0,0,0,0,0,0,0,0,0,0,0,0,0,
3,8_4,10_58_26,0.3759,0,0,0,0.3759145,,2.229,0.60724,-2.133,46.76904,299.4215,-2.492984E-06,0.0000,0.0000,0.0000,0.0000,0.0000,0.0000,0,0,,,,,,,0,0,0,0,0,0,0,0,0,0,0,0,0,0,0,0,0,0,0,0,0,0,0,0,0,0,0,0,0,0,0,0,0,0,0,0,0,0,0,0,0,0,0,0,0,0,0,0,0,0,0,
3,8_4,10_58_26,0.3794,0,0,0,0.379388,,2.229,0.60724,-2.133,46.76904,299.4215,-2.492984E-06,0.0000,0.0000,0.0000,0.0000,0.0000,0.0000,0,0,,,,,,,0,0,0,0,0,0,0,0,0,0,0,0,0,0,0,0,0,0,0,0,0,0,0,0,0,0,0,0,0,0,0,0,0,0,0,0,0,0,0,0,0,0,0,0,0,0,0,0,0,0,0,
3,8_4,10_58_26,0.3827,0,0,0,0.3826834,,2.229,0.60724,-2.133,46.76904,299.4215,-2.492984E-06,0.0000,0.0000,0.0000,0.0000,0.0000,0.0000,0,0,,,,,,,0,0,0,0,0,0,0,0,0,0,0,0,0,0,0,0,0,0,0,0,0,0,0,0,0,0,0,0,0,0,0,0,0,0,0,0,0,0,0,0,0,0,0,0,0,0,0,0,0,0,0,
3,8_4,10_58_26,0.3862,0,0,0,0.3861972,,2.229,0.60724,-2.133,46.76904,299.4215,-2.492984E-06,0.0000,0.0000,0.0000,0.0000,0.0000,0.0000,0,0,,,,,,,0,0,0,0,0,0,0,0,0,0,0,0,0,0,0,0,0,0,0,0,0,0,0,0,0,0,0,0,0,0,0,0,0,0,0,0,0,0,0,0,0,0,0,0,0,0,0,0,0,0,0,
3,8_4,10_58_26,0.3896,0,0,0,0.3896199,,2.229,0.60724,-2.133,46.76904,299.4215,-2.492984E-06,0.0000,0.0000,0.0000,0.0000,0.0000,0.0000,0,0,,,,,,,0,0,0,0,0,0,0,0,0,0,0,0,0,0,0,0,0,0,0,0,0,0,0,0,0,0,0,0,0,0,0,0,0,0,0,0,0,0,0,0,0,0,0,0,0,0,0,0,0,0,0,
3,8_4,10_58_26,0.3929,0,0,0,0.3928854,,2.229,0.60724,-2.133,46.76904,299.4215,-2.492984E-06,0.0000,0.0000,0.0000,0.0000,0.0000,0.0000,0,0,,,,,,,0,0,0,0,0,0,0,0,0,0,0,0,0,0,0,0,0,0,0,0,0,0,0,0,0,0,0,0,0,0,0,0,0,0,0,0,0,0,0,0,0,0,0,0,0,0,0,0,0,0,0,
3,8_4,10_58_26,0.3962,0,0,0,0.3961675,,2.229,0.60724,-2.133,46.76904,299.4215,-2.492984E-06,0.0000,0.0000,0.0000,0.0000,0.0000,0.0000,0,0,,,,,,,0,0,0,0,0,0,0,0,0,0,0,0,0,0,0,0,0,0,0,0,0,0,0,0,0,0,0,0,0,0,0,0,0,0,0,0,0,0,0,0,0,0,0,0,0,0,0,0,0,0,0,
3,8_4,10_58_26,0.4006,0,0,0,0.4005739,,2.229,0.60724,-2.133,46.76904,299.4215,-2.492984E-06,0.0000,0.0000,0.0000,0.0000,0.0000,0.0000,0,0,,,,,,,0,0,0,0,0,0,0,0,0,0,0,0,0,0,0,0,0,0,0,0,0,0,0,0,0,0,0,0,0,0,0,0,0,0,0,0,0,0,0,0,0,0,0,0,0,0,0,0,0,0,0,
3,8_4,10_58_26,0.4039,0,0,0,0.4038875,,2.229,0.60724,-2.133,46.76904,299.4215,-2.492984E-06,0.0000,0.0000,0.0000,0.0000,0.0000,0.0000,0,0,,,,,,,0,0,0,0,0,0,0,0,0,0,0,0,0,0,0,0,0,0,0,0,0,0,0,0,0,0,0,0,0,0,0,0,0,0,0,0,0,0,0,0,0,0,0,0,0,0,0,0,0,0,0,
3,8_4,10_58_26,0.4071,0,0,0,0.4070775,,2.229,0.60724,-2.133,46.76904,299.4215,-2.492984E-06,0.0000,0.0000,0.0000,0.0000,0.0000,0.0000,0,0,,,,,,,0,0,0,0,0,0,0,0,0,0,0,0,0,0,0,0,0,0,0,0,0,0,0,0,0,0,0,0,0,0,0,0,0,0,0,0,0,0,0,0,0,0,0,0,0,0,0,0,0,0,0,
3,8_4,10_58_26,0.4103,0,0,0,0.4103348,,2.229,0.60724,-2.133,46.76904,299.4215,-2.492984E-06,0.0000,0.0000,0.0000,0.0000,0.0000,0.0000,0,0,,,,,,,0,0,0,0,0,0,0,0,0,0,0,0,0,0,0,0,0,0,0,0,0,0,0,0,0,0,0,0,0,0,0,0,0,0,0,0,0,0,0,0,0,0,0,0,0,0,0,0,0,0,0,
3,8_4,10_58_26,0.4144,0,0,0,0.4143931,,2.229,0.60724,-2.133,46.76904,299.4215,-2.492984E-06,0.0000,0.0000,0.0000,0.0000,0.0000,0.0000,0,0,,,,,,,0,0,0,0,0,0,0,0,0,0,0,0,0,0,0,0,0,0,0,0,0,0,0,0,0,0,0,0,0,0,0,0,0,0,0,0,0,0,0,0,0,0,0,0,0,0,0,0,0,0,0,
3,8_4,10_58_26,0.4186,0,0,0,0.4186024,,2.229,0.60724,-2.133,46.76904,299.4215,-2.492984E-06,0.0000,0.0000,0.0000,0.0000,0.0000,0.0000,0,0,,,,,,,0,0,0,0,0,0,0,0,0,0,0,0,0,0,0,0,0,0,0,0,0,0,0,0,0,0,0,0,0,0,0,0,0,0,0,0,0,0,0,0,0,0,0,0,0,0,0,0,0,0,0,
3,8_4,10_58_26,0.4218,0,0,0,0.4218276,,2.229,0.60724,-2.133,46.76904,299.4215,-2.492984E-06,0.0000,0.0000,0.0000,0.0000,0.0000,0.0000,0,0,,,,,,,0,0,0,0,0,0,0,0,0,0,0,0,0,0,0,0,0,0,0,0,0,0,0,0,0,0,0,0,0,0,0,0,0,0,0,0,0,0,0,0,0,0,0,0,0,0,0,0,0,0,0,
3,8_4,10_58_26,0.4253,0,0,0,0.4252684,,2.229,0.60724,-2.133,46.76904,299.4215,-2.492984E-06,0.0000,0.0000,0.0000,0.0000,0.0000,0.0000,0,0,,,,,,,0,0,0,0,0,0,0,0,0,0,0,0,0,0,0,0,0,0,0,0,0,0,0,0,0,0,0,0,0,0,0,0,0,0,0,0,0,0,0,0,0,0,0,0,0,0,0,0,0,0,0,
3,8_4,10_58_26,0.4286,0,0,0,0.4286281,,2.229,0.60724,-2.133,46.76904,299.4215,-2.492984E-06,0.0000,0.0000,0.0000,0.0000,0.0000,0.0000,0,0,,,,,,,0,0,0,0,0,0,0,0,0,0,0,0,0,0,0,0,0,0,0,0,0,0,0,0,0,0,0,0,0,0,0,0,0,0,0,0,0,0,0,0,0,0,0,0,0,0,0,0,0,0,0,
3,8_4,10_58_26,0.4318,0,0,0,0.4318357,,2.229,0.60724,-2.133,46.76904,299.4215,-2.492984E-06,0.0000,0.0000,0.0000,0.0000,0.0000,0.0000,0,0,,,,,,,0,0,0,0,0,0,0,0,0,0,0,0,0,0,0,0,0,0,0,0,0,0,0,0,0,0,0,0,0,0,0,0,0,0,0,0,0,0,0,0,0,0,0,0,0,0,0,0,0,0,0,
3,8_4,10_58_26,0.4351,0,0,0,0.4351223,,2.229,0.60724,-2.133,46.76904,299.4215,-2.492984E-06,0.0000,0.0000,0.0000,0.0000,0.0000,0.0000,0,0,,,,,,,0,0,0,0,0,0,0,0,0,0,0,0,0,0,0,0,0,0,0,0,0,0,0,0,0,0,0,0,0,0,0,0,0,0,0,0,0,0,0,0,0,0,0,0,0,0,0,0,0,0,0,
3,8_4,10_58_26,0.4388,0,0,0,0.4388325,,2.229,0.60724,-2.133,46.76904,299.4215,-2.492984E-06,0.0000,0.0000,0.0000,0.0000,0.0000,0.0000,0,0,,,,,,,0,0,0,0,0,0,0,0,0,0,0,0,0,0,0,0,0,0,0,0,0,0,0,0,0,0,0,0,0,0,0,0,0,0,0,0,0,0,0,0,0,0,0,0,0,0,0,0,0,0,0,
3,8_4,10_58_26,0.4421,0,0,0,0.4421348,,2.229,0.60724,-2.133,46.76904,299.4215,-2.492984E-06,0.0000,0.0000,0.0000,0.0000,0.0000,0.0000,0,0,,,,,,,0,0,0,0,0,0,0,0,0,0,0,0,0,0,0,0,0,0,0,0,0,0,0,0,0,0,0,0,0,0,0,0,0,0,0,0,0,0,0,0,0,0,0,0,0,0,0,0,0,0,0,
3,8_4,10_58_26,0.4456,0,0,0,0.4455677,,2.229,0.60724,-2.133,46.76904,299.4215,-2.492984E-06,0.0000,0.0000,0.0000,0.0000,0.0000,0.0000,0,0,,,,,,,0,0,0,0,0,0,0,0,0,0,0,0,0,0,0,0,0,0,0,0,0,0,0,0,0,0,0,0,0,0,0,0,0,0,0,0,0,0,0,0,0,0,0,0,0,0,0,0,0,0,0,
3,8_4,10_58_26,0.4489,0,0,0,0.4488559,,2.229,0.60724,-2.133,46.76904,299.4215,-2.492984E-06,0.0000,0.0000,0.0000,0.0000,0.0000,0.0000,0,0,,,,,,,0,0,0,0,0,0,0,0,0,0,0,0,0,0,0,0,0,0,0,0,0,0,0,0,0,0,0,0,0,0,0,0,0,0,0,0,0,0,0,0,0,0,0,0,0,0,0,0,0,0,0,
3,8_4,10_58_26,0.4521,0,0,0,0.4521217,,2.229,0.60724,-2.133,46.76904,299.4215,-2.492984E-06,0.0000,0.0000,0.0000,0.0000,0.0000,0.0000,0,0,,,,,,,0,0,0,0,0,0,0,0,0,0,0,0,0,0,0,0,0,0,0,0,0,0,0,0,0,0,0,0,0,0,0,0,0,0,0,0,0,0,0,0,0,0,0,0,0,0,0,0,0,0,0,
3,8_4,10_58_26,0.4553,0,0,0,0.4553467,,2.229,0.60724,-2.133,46.76904,299.4215,-2.492984E-06,0.0000,0.0000,0.0000,0.0000,0.0000,0.0000,0,0,,,,,,,0,0,0,0,0,0,0,0,0,0,0,0,0,0,0,0,0,0,0,0,0,0,0,0,0,0,0,0,0,0,0,0,0,0,0,0,0,0,0,0,0,0,0,0,0,0,0,0,0,0,0,
3,8_4,10_58_26,0.4585,0,0,0,0.4585375,,2.229,0.60724,-2.133,46.76904,299.4215,-2.492984E-06,0.0000,0.0000,0.0000,0.0000,0.0000,0.0000,0,0,,,,,,,0,0,0,0,0,0,0,0,0,0,0,0,0,0,0,0,0,0,0,0,0,0,0,0,0,0,0,0,0,0,0,0,0,0,0,0,0,0,0,0,0,0,0,0,0,0,0,0,0,0,0,
3,8_4,10_58_26,0.4617,0,0,0,0.4617478,,2.229,0.60724,-2.133,46.76904,299.4215,-2.492984E-06,0.0000,0.0000,0.0000,0.0000,0.0000,0.0000,0,0,,,,,,,0,0,0,0,0,0,0,0,0,0,0,0,0,0,0,0,0,0,0,0,0,0,0,0,0,0,0,0,0,0,0,0,0,0,0,0,0,0,0,0,0,0,0,0,0,0,0,0,0,0,0,
3,8_4,10_58_26,0.4651,0,0,0,0.4650765,,2.229,0.60724,-2.133,46.76904,299.4215,-2.492984E-06,0.0000,0.0000,0.0000,0.0000,0.0000,0.0000,0,0,,,,,,,0,0,0,0,0,0,0,0,0,0,0,0,0,0,0,0,0,0,0,0,0,0,0,0,0,0,0,0,0,0,0,0,0,0,0,0,0,0,0,0,0,0,0,0,0,0,0,0,0,0,0,
3,8_4,10_58_26,0.4683,0,0,0,0.4682994,,2.229,0.60724,-2.133,46.76904,299.4215,-2.492984E-06,0.0000,0.0000,0.0000,0.0000,0.0000,0.0000,0,0,,,,,,,0,0,0,0,0,0,0,0,0,0,0,0,0,0,0,0,0,0,0,0,0,0,0,0,0,0,0,0,0,0,0,0,0,0,0,0,0,0,0,0,0,0,0,0,0,0,0,0,0,0,0,
3,8_4,10_58_26,0.4715,0,0,0,0.4714853,,2.229,0.60724,-2.133,46.76904,299.4215,-2.492984E-06,0.0000,0.0000,0.0000,0.0000,0.0000,0.0000,0,0,,,,,,,0,0,0,0,0,0,0,0,0,0,0,0,0,0,0,0,0,0,0,0,0,0,0,0,0,0,0,0,0,0,0,0,0,0,0,0,0,0,0,0,0,0,0,0,0,0,0,0,0,0,0,
3,8_4,10_58_26,0.4750,0,0,0,0.4750275,,2.229,0.60724,-2.133,46.76904,299.4215,-2.492984E-06,0.0000,0.0000,0.0000,0.0000,0.0000,0.0000,0,0,,,,,,,0,0,0,0,0,0,0,0,0,0,0,0,0,0,0,0,0,0,0,0,0,0,0,0,0,0,0,0,0,0,0,0,0,0,0,0,0,0,0,0,0,0,0,0,0,0,0,0,0,0,0,
3,8_4,10_58_26,0.4786,0,0,0,0.4785859,,2.229,0.60724,-2.133,46.76904,299.4215,-2.492984E-06,0.0000,0.0000,0.0000,0.0000,0.0000,0.0000,0,0,,,,,,,0,0,0,0,0,0,0,0,0,0,0,0,0,0,0,0,0,0,0,0,0,0,0,0,0,0,0,0,0,0,0,0,0,0,0,0,0,0,0,0,0,0,0,0,0,0,0,0,0,0,0,
3,8_4,10_58_26,0.4820,0,0,0,0.48197,,2.229,0.60724,-2.133,46.76904,299.4215,-2.492984E-06,0.0000,0.0000,0.0000,0.0000,0.0000,0.0000,0,0,,,,,,,0,0,0,0,0,0,0,0,0,0,0,0,0,0,0,0,0,0,0,0,0,0,0,0,0,0,0,0,0,0,0,0,0,0,0,0,0,0,0,0,0,0,0,0,0,0,0,0,0,0,0,
3,8_4,10_58_26,0.4855,0,0,0,0.4854982,,2.229,0.60724,-2.133,46.76904,299.4215,-2.492984E-06,0.0000,0.0000,0.0000,0.0000,0.0000,0.0000,0,0,,,,,,,0,0,0,0,0,0,0,0,0,0,0,0,0,0,0,0,0,0,0,0,0,0,0,0,0,0,0,0,0,0,0,0,0,0,0,0,0,0,0,0,0,0,0,0,0,0,0,0,0,0,0,
3,8_4,10_58_26,0.4889,0,0,0,0.4888583,,2.229,0.60724,-2.133,46.76904,299.4215,-2.492984E-06,0.0000,0.0000,0.0000,0.0000,0.0000,0.0000,0,0,,,,,,,0,0,0,0,0,0,0,0,0,0,0,0,0,0,0,0,0,0,0,0,0,0,0,0,0,0,0,0,0,0,0,0,0,0,0,0,0,0,0,0,0,0,0,0,0,0,0,0,0,0,0,
3,8_4,10_58_26,0.4926,0,0,0,0.4925715,,2.229,0.60724,-2.133,46.76904,299.4215,-2.492984E-06,0.0000,0.0000,0.0000,0.0000,0.0000,0.0000,0,0,,,,,,,0,0,0,0,0,0,0,0,0,0,0,0,0,0,0,0,0,0,0,0,0,0,0,0,0,0,0,0,0,0,0,0,0,0,0,0,0,0,0,0,0,0,0,0,0,0,0,0,0,0,0,
3,8_4,10_58_26,0.4959,0,0,0,0.4959213,,2.229,0.60724,-2.133,46.76904,299.4215,-2.492984E-06,0.0000,0.0000,0.0000,0.0000,0.0000,0.0000,0,0,,,,,,,0,0,0,0,0,0,0,0,0,0,0,0,0,0,0,0,0,0,0,0,0,0,0,0,0,0,0,0,0,0,0,0,0,0,0,0,0,0,0,0,0,0,0,0,0,0,0,0,0,0,0,
3,8_4,10_58_26,0.4991,0,0,0,0.4991386,,2.229,0.60724,-2.133,46.76904,299.4215,-2.492984E-06,0.0000,0.0000,0.0000,0.0000,0.0000,0.0000,0,0,,,,,,,0,0,0,0,0,0,0,0,0,0,0,0,0,0,0,0,0,0,0,0,0,0,0,0,0,0,0,0,0,0,0,0,0,0,0,0,0,0,0,0,0,0,0,0,0,0,0,0,0,0,0,
3,8_4,10_58_26,0.5024,0,0,0,0.5023726,,2.229,0.60724,-2.133,46.76904,299.4215,-2.492984E-06,0.0000,0.0000,0.0000,0.0000,0.0000,0.0000,0,0,,,,,,,0,0,0,0,0,0,0,0,0,0,0,0,0,0,0,0,0,0,0,0,0,0,0,0,0,0,0,0,0,0,0,0,0,0,0,0,0,0,0,0,0,0,0,0,0,0,0,0,0,0,0,
3,8_4,10_58_26,0.5061,0,0,0,0.5060819,,2.229,0.60724,-2.133,46.76904,299.4215,-2.492984E-06,0.0000,0.0000,0.0000,0.0000,0.0000,0.0000,0,0,,,,,,,0,0,0,0,0,0,0,0,0,0,0,0,0,0,0,0,0,0,0,0,0,0,0,0,0,0,0,0,0,0,0,0,0,0,0,0,0,0,0,0,0,0,0,0,0,0,0,0,0,0,0,
3,8_4,10_58_26,0.5097,0,0,0,0.5097154,,2.229,0.60724,-2.133,46.76904,299.4215,-2.492984E-06,0.0000,0.0000,0.0000,0.0000,0.0000,0.0000,0,0,,,,,,,0,0,0,0,0,0,0,0,0,0,0,0,0,0,0,0,0,0,0,0,0,0,0,0,0,0,0,0,0,0,0,0,0,0,0,0,0,0,0,0,0,0,0,0,0,0,0,0,0,0,0,
3,8_4,10_58_26,0.5134,0,0,0,0.5133981,,2.229,0.60724,-2.133,46.76904,299.4215,-2.492984E-06,0.0000,0.0000,0.0000,0.0000,0.0000,0.0000,0,0,,,,,,,0,0,0,0,0,0,0,0,0,0,0,0,0,0,0,0,0,0,0,0,0,0,0,0,0,0,0,0,0,0,0,0,0,0,0,0,0,0,0,0,0,0,0,0,0,0,0,0,0,0,0,
3,8_4,10_58_26,0.5169,0,0,0,0.5169248,,2.229,0.60724,-2.133,46.76904,299.4215,-2.492984E-06,0.0000,0.0000,0.0000,0.0000,0.0000,0.0000,0,0,,,,,,,0,0,0,0,0,0,0,0,0,0,0,0,0,0,0,0,0,0,0,0,0,0,0,0,0,0,0,0,0,0,0,0,0,0,0,0,0,0,0,0,0,0,0,0,0,0,0,0,0,0,0,
3,8_4,10_58_26,0.5203,0,0,0,0.5203101,,2.229,0.60724,-2.133,46.76904,299.4215,-2.492984E-06,0.0000,0.0000,0.0000,0.0000,0.0000,0.0000,0,0,,,,,,,0,0,0,0,0,0,0,0,0,0,0,0,0,0,0,0,0,0,0,0,0,0,0,0,0,0,0,0,0,0,0,0,0,0,0,0,0,0,0,0,0,0,0,0,0,0,0,0,0,0,0,
3,8_4,10_58_26,0.5239,0,0,0,0.5239161,,2.229,0.60724,-2.133,46.76904,299.4215,-2.492984E-06,0.0000,0.0000,0.0000,0.0000,0.0000,0.0000,0,0,,,,,,,0,0,0,0,0,0,0,0,0,0,0,0,0,0,0,0,0,0,0,0,0,0,0,0,0,0,0,0,0,0,0,0,0,0,0,0,0,0,0,0,0,0,0,0,0,0,0,0,0,0,0,
3,8_4,10_58_26,0.5280,0,0,0,0.5280214,,2.229,0.60724,-2.133,46.76904,299.4215,-2.492984E-06,0.0000,0.0000,0.0000,0.0000,0.0000,0.0000,0,0,,,,,,,0,0,0,0,0,0,0,0,0,0,0,0,0,0,0,0,0,0,0,0,0,0,0,0,0,0,0,0,0,0,0,0,0,0,0,0,0,0,0,0,0,0,0,0,0,0,0,0,0,0,0,
3,8_4,10_58_26,0.5321,0,0,0,0.5321306,,2.229,0.60724,-2.133,46.76904,299.4215,-2.492984E-06,0.0000,0.0000,0.0000,0.0000,0.0000,0.0000,0,0,,,,,,,0,0,0,0,0,0,0,0,0,0,0,0,0,0,0,0,0,0,0,0,0,0,0,0,0,0,0,0,0,0,0,0,0,0,0,0,0,0,0,0,0,0,0,0,0,0,0,0,0,0,0,
3,8_4,10_58_26,0.5356,0,0,0,0.5355884,,2.229,0.60724,-2.133,46.76904,299.4215,-2.492984E-06,0.0000,0.0000,0.0000,0.0000,0.0000,0.0000,0,0,,,,,,,0,0,0,0,0,0,0,0,0,0,0,0,0,0,0,0,0,0,0,0,0,0,0,0,0,0,0,0,0,0,0,0,0,0,0,0,0,0,0,0,0,0,0,0,0,0,0,0,0,0,0,
3,8_4,10_58_26,0.5392,0,0,0,0.5392231,,2.229,0.60724,-2.133,46.76904,299.4215,-2.492984E-06,0.0000,0.0000,0.0000,0.0000,0.0000,0.0000,0,0,,,,,,,0,0,0,0,0,0,0,0,0,0,0,0,0,0,0,0,0,0,0,0,0,0,0,0,0,0,0,0,0,0,0,0,0,0,0,0,0,0,0,0,0,0,0,0,0,0,0,0,0,0,0,
3,8_4,10_58_26,0.5428,0,0,0,0.5427587,,2.229,0.60724,-2.133,46.76904,299.4215,-2.492984E-06,0.0000,0.0000,0.0000,0.0000,0.0000,0.0000,0,0,,,,,,,0,0,0,0,0,0,0,0,0,0,0,0,0,0,0,0,0,0,0,0,0,0,0,0,0,0,0,0,0,0,0,0,0,0,0,0,0,0,0,0,0,0,0,0,0,0,0,0,0,0,0,
3,8_4,10_58_26,0.5463,0,0,0,0.5462994,,2.229,0.60724,-2.133,46.76904,299.4215,-2.492984E-06,0.0000,0.0000,0.0000,0.0000,0.0000,0.0000,0,0,,,,,,,0,0,0,0,0,0,0,0,0,0,0,0,0,0,0,0,0,0,0,0,0,0,0,0,0,0,0,0,0,0,0,0,0,0,0,0,0,0,0,0,0,0,0,0,0,0,0,0,0,0,0,
3,8_4,10_58_26,0.5495,0,0,0,0.5495418,,2.229,0.60724,-2.133,46.76904,299.4215,-2.492984E-06,0.0000,0.0000,0.0000,0.0000,0.0000,0.0000,0,0,,,,,,,0,0,0,0,0,0,0,0,0,0,0,0,0,0,0,0,0,0,0,0,0,0,0,0,0,0,0,0,0,0,0,0,0,0,0,0,0,0,0,0,0,0,0,0,0,0,0,0,0,0,0,
3,8_4,10_58_26,0.5527,0,0,0,0.5527444,,2.229,0.60724,-2.133,46.76904,299.4215,-2.492984E-06,0.0000,0.0000,0.0000,0.0000,0.0000,0.0000,0,0,,,,,,,0,0,0,0,0,0,0,0,0,0,0,0,0,0,0,0,0,0,0,0,0,0,0,0,0,0,0,0,0,0,0,0,0,0,0,0,0,0,0,0,0,0,0,0,0,0,0,0,0,0,0,
3,8_4,10_58_26,0.5560,0,0,0,0.5559607,,2.229,0.60724,-2.133,46.76904,299.4215,-2.492984E-06,0.0000,0.0000,0.0000,0.0000,0.0000,0.0000,0,0,,,,,,,0,0,0,0,0,0,0,0,0,0,0,0,0,0,0,0,0,0,0,0,0,0,0,0,0,0,0,0,0,0,0,0,0,0,0,0,0,0,0,0,0,0,0,0,0,0,0,0,0,0,0,
3,8_4,10_58_26,0.5593,0,0,0,0.5592901,,2.229,0.60724,-2.133,46.76904,299.4215,-2.492984E-06,0.0000,0.0000,0.0000,0.0000,0.0000,0.0000,0,0,,,,,,,0,0,0,0,0,0,0,0,0,0,0,0,0,0,0,0,0,0,0,0,0,0,0,0,0,0,0,0,0,0,0,0,0,0,0,0,0,0,0,0,0,0,0,0,0,0,0,0,0,0,0,
3,8_4,10_58_26,0.5625,0,0,0,0.5625469,,2.229,0.60724,-2.133,46.76904,299.4215,-2.492984E-06,0.0000,0.0000,0.0000,0.0000,0.0000,0.0000,0,0,,,,,,,0,0,0,0,0,0,0,0,0,0,0,0,0,0,0,0,0,0,0,0,0,0,0,0,0,0,0,0,0,0,0,0,0,0,0,0,0,0,0,0,0,0,0,0,0,0,0,0,0,0,0,
3,8_4,10_58_26,0.5662,0,0,0,0.5661961,,2.229,0.60724,-2.133,46.76904,299.4215,-2.492984E-06,0.0000,0.0000,0.0000,0.0000,0.0000,0.0000,0,0,,,,,,,0,0,0,0,0,0,0,0,0,0,0,0,0,0,0,0,0,0,0,0,0,0,0,0,0,0,0,0,0,0,0,0,0,0,0,0,0,0,0,0,0,0,0,0,0,0,0,0,0,0,0,
3,8_4,10_58_26,0.5696,0,0,0,0.5696102,,2.229,0.60724,-2.133,46.76904,299.4215,-2.492984E-06,0.0000,0.0000,0.0000,0.0000,0.0000,0.0000,0,0,,,,,,,0,0,0,0,0,0,0,0,0,0,0,0,0,0,0,0,0,0,0,0,0,0,0,0,0,0,0,0,0,0,0,0,0,0,0,0,0,0,0,0,0,0,0,0,0,0,0,0,0,0,0,
3,8_4,10_58_26,0.5731,0,0,0,0.5730825,,2.229,0.60724,-2.133,46.76904,299.4215,-2.492984E-06,0.0000,0.0000,0.0000,0.0000,0.0000,0.0000,0,0,,,,,,,0,0,0,0,0,0,0,0,0,0,0,0,0,0,0,0,0,0,0,0,0,0,0,0,0,0,0,0,0,0,0,0,0,0,0,0,0,0,0,0,0,0,0,0,0,0,0,0,0,0,0,
3,8_4,10_58_26,0.5770,0,0,0,0.5769693,,2.229,0.60724,-2.133,46.76904,299.4215,-2.492984E-06,0.0000,0.0000,0.0000,0.0000,0.0000,0.0000,0,0,,,,,,,0,0,0,0,0,0,0,0,0,0,0,0,0,0,0,0,0,0,0,0,0,0,0,0,0,0,0,0,0,0,0,0,0,0,0,0,0,0,0,0,0,0,0,0,0,0,0,0,0,0,0,
3,8_4,10_58_26,0.5807,0,0,0,0.5807366,,2.229,0.60724,-2.133,46.76904,299.4215,-2.492984E-06,0.0000,0.0000,0.0000,0.0000,0.0000,0.0000,0,0,,,,,,,0,0,0,0,0,0,0,0,0,0,0,0,0,0,0,0,0,0,0,0,0,0,0,0,0,0,0,0,0,0,0,0,0,0,0,0,0,0,0,0,0,0,0,0,0,0,0,0,0,0,0,
3,8_4,10_58_26,0.5844,0,0,0,0.5844213,,2.229,0.60724,-2.133,46.76904,299.4215,-2.492984E-06,0.0000,0.0000,0.0000,0.0000,0.0000,0.0000,0,0,,,,,,,0,0,0,0,0,0,0,0,0,0,0,0,0,0,0,0,0,0,0,0,0,0,0,0,0,0,0,0,0,0,0,0,0,0,0,0,0,0,0,0,0,0,0,0,0,0,0,0,0,0,0,
3,8_4,10_58_26,0.5881,0,0,0,0.5880601,,2.229,0.60724,-2.133,46.76904,299.4215,-2.492984E-06,0.0000,0.0000,0.0000,0.0000,0.0000,0.0000,0,0,,,,,,,0,0,0,0,0,0,0,0,0,0,0,0,0,0,0,0,0,0,0,0,0,0,0,0,0,0,0,0,0,0,0,0,0,0,0,0,0,0,0,0,0,0,0,0,0,0,0,0,0,0,0,
3,8_4,10_58_26,0.5914,0,0,0,0.5914269,,2.229,0.60724,-2.133,46.76904,299.4215,-2.492984E-06,0.0000,0.0000,0.0000,0.0000,0.0000,0.0000,0,0,,,,,,,0,0,0,0,0,0,0,0,0,0,0,0,0,0,0,0,0,0,0,0,0,0,0,0,0,0,0,0,0,0,0,0,0,0,0,0,0,0,0,0,0,0,0,0,0,0,0,0,0,0,0,
3,8_4,10_58_26,0.5960,0,0,0,0.5959748,,2.229,0.60724,-2.133,46.76904,299.4215,-2.492984E-06,0.0000,0.0000,0.0000,0.0000,0.0000,0.0000,0,0,,,,,,,0,0,0,0,0,0,0,0,0,0,0,0,0,0,0,0,0,0,0,0,0,0,0,0,0,0,0,0,0,0,0,0,0,0,0,0,0,0,0,0,0,0,0,0,0,0,0,0,0,0,0,
3,8_4,10_58_26,0.6002,0,0,0,0.6001659,,2.229,0.60724,-2.133,46.76904,299.4215,-2.492984E-06,0.0000,0.0000,0.0000,0.0000,0.0000,0.0000,0,0,,,,,,,0,0,0,0,0,0,0,0,0,0,0,0,0,0,0,0,0,0,0,0,0,0,0,0,0,0,0,0,0,0,0,0,0,0,0,0,0,0,0,0,0,0,0,0,0,0,0,0,0,0,0,
3,8_4,10_58_26,0.6049,0,0,0,0.6048917,,2.229,0.60724,-2.133,46.76904,299.4215,-2.492984E-06,0.0000,0.0000,0.0000,0.0000,0.0000,0.0000,0,0,,,,,,,0,0,0,0,0,0,0,0,0,0,0,0,0,0,0,0,0,0,0,0,0,0,0,0,0,0,0,0,0,0,0,0,0,0,0,0,0,0,0,0,0,0,0,0,0,0,0,0,0,0,0,
3,8_4,10_58_26,0.6089,0,0,0,0.6088893,,2.229,0.60724,-2.133,46.76904,299.4215,-2.492984E-06,0.0000,0.0000,0.0000,0.0000,0.0000,0.0000,0,0,,,,,,,0,0,0,0,0,0,0,0,0,0,0,0,0,0,0,0,0,0,0,0,0,0,0,0,0,0,0,0,0,0,0,0,0,0,0,0,0,0,0,0,0,0,0,0,0,0,0,0,0,0,0,
3,8_4,10_58_26,0.6123,0,0,0,0.6122792,,2.229,0.60724,-2.133,46.76904,299.4215,-2.492984E-06,0.0000,0.0000,0.0000,0.0000,0.0000,0.0000,0,0,,,,,,,0,0,0,0,0,0,0,0,0,0,0,0,0,0,0,0,0,0,0,0,0,0,0,0,0,0,0,0,0,0,0,0,0,0,0,0,0,0,0,0,0,0,0,0,0,0,0,0,0,0,0,
3,8_4,10_58_26,0.6159,0,0,0,0.615852,,2.229,0.60724,-2.133,46.76904,299.4215,-2.492984E-06,0.0000,0.0000,0.0000,0.0000,0.0000,0.0000,0,0,,,,,,,0,0,0,0,0,0,0,0,0,0,0,0,0,0,0,0,0,0,0,0,0,0,0,0,0,0,0,0,0,0,0,0,0,0,0,0,0,0,0,0,0,0,0,0,0,0,0,0,0,0,0,
3,8_4,10_58_26,0.6193,0,0,0,0.6192802,,2.229,0.60724,-2.133,46.76904,299.4215,-2.492984E-06,0.0000,0.0000,0.0000,0.0000,0.0000,0.0000,0,0,,,,,,,0,0,0,0,0,0,0,0,0,0,0,0,0,0,0,0,0,0,0,0,0,0,0,0,0,0,0,0,0,0,0,0,0,0,0,0,0,0,0,0,0,0,0,0,0,0,0,0,0,0,0,
3,8_4,10_58_26,0.6227,0,0,0,0.6226849,,2.229,0.60724,-2.133,46.76904,299.4215,-2.492984E-06,0.0000,0.0000,0.0000,0.0000,0.0000,0.0000,0,0,,,,,,,0,0,0,0,0,0,0,0,0,0,0,0,0,0,0,0,0,0,0,0,0,0,0,0,0,0,0,0,0,0,0,0,0,0,0,0,0,0,0,0,0,0,0,0,0,0,0,0,0,0,0,
3,8_4,10_58_26,0.6264,0,0,0,0.6264002,,2.229,0.60724,-2.133,46.76904,299.4215,-2.492984E-06,0.0000,0.0000,0.0000,0.0000,0.0000,0.0000,0,0,,,,,,,0,0,0,0,0,0,0,0,0,0,0,0,0,0,0,0,0,0,0,0,0,0,0,0,0,0,0,0,0,0,0,0,0,0,0,0,0,0,0,0,0,0,0,0,0,0,0,0,0,0,0,
3,8_4,10_58_26,0.6306,0,0,0,0.6305876,,2.229,0.60724,-2.133,46.72717,299.4425,0,0.0000,0.0000,0.0000,0.0000,0.0000,0.0000,0,0,,,,,,,0,0,0,0,0,0,0,0,0,0,0,0,0,0,0,0,0,0,0,0,0,0,0,0,0,0,0,0,0,0,0,0,0,0,0,0,0,0,0,0,0,0,0,0,0,0,0,0,0,0,0,
3,8_4,10_58_26,0.6347,0,0,0,0.6346615,,2.229,0.60724,-2.133,46.60495,299.4832,0,0.0000,0.0000,0.0000,0.0000,0.0000,0.0000,0,0,,,,,,,0,0,0,0,0,0,0,0,0,0,0,0,0,0,0,0,0,0,0,0,0,0,0,0,0,0,0,0,0,0,0,0,0,0,0,0,0,0,0,0,0,0,0,0,0,0,0,0,0,0,0,
3,8_4,10_58_26,0.6391,0,0,0,0.6390513,,2.229,0.60724,-2.133,46.51715,299.571,2.481404E-06,0.0000,0.0000,0.0000,0.0000,0.0000,0.0000,0,0,,,,,,,0,0,0,0,0,0,0,0,0,0,0,0,0,0,0,0,0,0,0,0,0,0,0,0,0,0,0,0,0,0,0,0,0,0,0,0,0,0,0,0,0,0,0,0,0,0,0,0,0,0,0,
3,8_4,10_58_26,0.6431,0,0,0,0.6430819,,2.229,0.60724,-2.133,46.41639,299.6516,0,0.0000,0.0000,0.0000,0.0000,0.0000,0.0000,0,0,,,,,,,0,0,0,0,0,0,0,0,0,0,0,0,0,0,0,0,0,0,0,0,0,0,0,0,0,0,0,0,0,0,0,0,0,0,0,0,0,0,0,0,0,0,0,0,0,0,0,0,0,0,0,
3,8_4,10_58_26,0.6466,0,0,0,0.6465774,,2.229,0.60724,-2.133,46.41639,299.6516,0,0.0000,0.0000,0.0000,0.0000,0.0000,0.0000,0,0,,,,,,,0,0,0,0,0,0,0,0,0,0,0,0,0,0,0,0,0,0,0,0,0,0,0,0,0,0,0,0,0,0,0,0,0,0,0,0,0,0,0,0,0,0,0,0,0,0,0,0,0,0,0,
3,8_4,10_58_26,0.6511,0,0,0,0.6511161,,2.229,0.60724,-2.133,46.16676,299.8332,-2.465552E-06,0.0000,0.0000,0.0000,0.0000,0.0000,0.0000,0,0,,,,,,,0,0,0,0,0,0,0,0,0,0,0,0,0,0,0,0,0,0,0,0,0,0,0,0,0,0,0,0,0,0,0,0,0,0,0,0,0,0,0,0,0,0,0,0,0,0,0,0,0,0,0,
3,8_4,10_58_26,0.6640,0,0,0,0.6639515,,2.229,0.60724,-2.133,44.9474,301.1167,0,0.0000,0.0000,0.0000,0.0000,0.0000,0.0000,0,0,,,,,,,0,0,0,0,0,0,0,0,0,0,0,0,0,0,0,0,0,0,0,0,0,0,0,0,0,0,0,0,0,0,0,0,0,0,0,0,0,0,0,0,0,0,0,0,0,0,0,0,0,0,0,
3,8_4,10_58_26,0.6698,0,0,0,0.669805,,2.229,0.60724,-2.133,44.65472,301.4387,0,0.0000,0.0000,0.0000,0.0000,0.0000,0.0000,0,0,,,,,,,0,0,0,0,0,0,0,0,0,0,0,0,0,0,0,0,0,0,0,0,0,0,0,0,0,0,0,0,0,0,0,0,0,0,0,0,0,0,0,0,0,0,0,0,0,0,0,0,0,0,0,
3,8_4,10_58_26,0.6732,0,0,0,0.6731505,,2.229,0.60724,-2.133,44.65472,301.4387,0,0.0000,0.0000,0.0000,0.0000,0.0000,0.0000,0,0,,,,,,,0,0,0,0,0,0,0,0,0,0,0,0,0,0,0,0,0,0,0,0,0,0,0,0,0,0,0,0,0,0,0,0,0,0,0,0,0,0,0,0,0,0,0,0,0,0,0,0,0,0,0,
3,8_4,10_58_26,0.6770,0,0,0,0.6770209,,2.229,0.60724,-2.133,44.42249,301.7096,0,0.0000,0.0000,0.0000,0.0000,0.0000,0.0000,0,0,,,,,,,0,0,0,0,0,0,0,0,0,0,0,0,0,0,0,0,0,0,0,0,0,0,0,0,0,0,0,0,0,0,0,0,0,0,0,0,0,0,0,0,0,0,0,0,0,0,0,0,0,0,0,
3,8_4,10_58_26,0.6805,0,0,0,0.6805186,,2.229,0.60724,-2.133,44.42249,301.7096,0,0.0000,0.0000,0.0000,0.0000,0.0000,0.0000,0,0,,,,,,,0,0,0,0,0,0,0,0,0,0,0,0,0,0,0,0,0,0,0,0,0,0,0,0,0,0,0,0,0,0,0,0,0,0,0,0,0,0,0,0,0,0,0,0,0,0,0,0,0,0,0,
3,8_4,10_58_26,0.6846,0,0,0,0.6846126,,2.229,0.60724,-2.133,44.09498,302.1394,-2.377579E-06,0.0000,0.0000,0.0000,0.0000,0.0000,0.0000,0,0,,,,,,,0,0,0,0,0,0,0,0,0,0,0,0,0,0,0,0,0,0,0,0,0,0,0,0,0,0,0,0,0,0,0,0,0,0,0,0,0,0,0,0,0,0,0,0,0,0,0,0,0,0,0,
3,8_4,10_58_26,0.6914,0,0,0,0.6913703,,2.229,0.60724,-2.133,43.7233,302.6801,0,0.0000,0.0000,0.0000,0.0000,0.0000,0.0000,0,0,,,,,,,0,0,0,0,0,0,0,0,0,0,0,0,0,0,0,0,0,0,0,0,0,0,0,0,0,0,0,0,0,0,0,0,0,0,0,0,0,0,0,0,0,0,0,0,0,0,0,0,0,0,0,
3,8_4,10_58_26,0.6981,0,0,0,0.6981262,,2.229,0.60724,-2.133,43.21661,303.3557,0,0.0000,0.0000,0.0000,0.0000,0.0000,0.0000,0,0,,,,,,,0,0,0,0,0,0,0,0,0,0,0,0,0,0,0,0,0,0,0,0,0,0,0,0,0,0,0,0,0,0,0,0,0,0,0,0,0,0,0,0,0,0,0,0,0,0,0,0,0,0,0,
3,8_4,10_58_26,0.7021,0,0,0,0.7020858,,2.229,0.60724,-2.133,43.05822,303.613,2.336992E-06,0.0000,0.0000,0.0000,0.0000,0.0000,0.0000,0,0,,,,,,,0,0,0,0,0,0,0,0,0,0,0,0,0,0,0,0,0,0,0,0,0,0,0,0,0,0,0,0,0,0,0,0,0,0,0,0,0,0,0,0,0,0,0,0,0,0,0,0,0,0,0,
3,8_4,10_58_26,0.7060,0,0,0,0.7059844,,2.229,0.60724,-2.133,42.94127,303.8469,0,0.0000,0.0000,0.0000,0.0000,0.0000,0.0000,0,0,,,,,,,0,0,0,0,0,0,0,0,0,0,0,0,0,0,0,0,0,0,0,0,0,0,0,0,0,0,0,0,0,0,0,0,0,0,0,0,0,0,0,0,0,0,0,0,0,0,0,0,0,0,0,
3,8_4,10_58_26,0.7099,0,0,0,0.7099326,,2.229,0.60724,-2.133,42.78334,304.1233,-2.326588E-06,0.0000,0.0000,0.0000,0.0000,0.0000,0.0000,0,0,,,,,,,0,0,0,0,0,0,0,0,0,0,0,0,0,0,0,0,0,0,0,0,0,0,0,0,0,0,0,0,0,0,0,0,0,0,0,0,0,0,0,0,0,0,0,0,0,0,0,0,0,0,0,
3,8_4,10_58_26,0.7141,0,0,0,0.7140629,,2.229,0.60724,-2.133,42.59748,304.3918,0,0.0000,0.0000,0.0000,0.0000,0.0000,0.0000,0,0,,,,,,,0,0,0,0,0,0,0,0,0,0,0,0,0,0,0,0,0,0,0,0,0,0,0,0,0,0,0,0,0,0,0,0,0,0,0,0,0,0,0,0,0,0,0,0,0,0,0,0,0,0,0,
3,8_4,10_58_26,0.7180,0,0,0,0.7180331,,2.229,0.60724,-2.133,42.43867,304.6697,0,0.0000,0.0000,0.0000,0.0000,0.0000,0.0000,0,0,,,,,,,0,0,0,0,0,0,0,0,0,0,0,0,0,0,0,0,0,0,0,0,0,0,0,0,0,0,0,0,0,0,0,0,0,0,0,0,0,0,0,0,0,0,0,0,0,0,0,0,0,0,0,
3,8_4,10_58_26,0.7222,0,0,0,0.7221751,,2.229,0.60724,-2.133,42.27299,304.9182,2.307657E-06,0.0000,0.0000,0.0000,0.0000,0.0000,0.0000,0,0,,,,,,,0,0,0,0,0,0,0,0,0,0,0,0,0,0,0,0,0,0,0,0,0,0,0,0,0,0,0,0,0,0,0,0,0,0,0,0,0,0,0,0,0,0,0,0,0,0,0,0,0,0,0,
3,8_4,10_58_26,0.7261,0,0,0,0.7261366,,2.229,0.60724,-2.133,42.11453,305.2153,0,0.0000,0.0000,0.0000,0.0000,0.0000,0.0000,0,0,,,,,,,0,0,0,0,0,0,0,0,0,0,0,0,0,0,0,0,0,0,0,0,0,0,0,0,0,0,0,0,0,0,0,0,0,0,0,0,0,0,0,0,0,0,0,0,0,0,0,0,0,0,0,
3,8_4,10_58_26,0.7300,0,0,0,0.730042,,2.229,0.60724,-2.133,41.91925,305.4887,0,0.0000,0.0000,0.0000,0.0000,0.0000,0.0000,0,0,,,,,,,0,0,0,0,0,0,0,0,0,0,0,0,0,0,0,0,0,0,0,0,0,0,0,0,0,0,0,0,0,0,0,0,0,0,0,0,0,0,0,0,0,0,0,0,0,0,0,0,0,0,0,
3,8_4,10_58_26,0.7340,0,0,0,0.734,,2.229,0.60724,-2.133,41.76093,305.8054,2.289151E-06,0.0000,0.0000,0.0000,0.0000,0.0000,0.0000,0,0,,,,,,,0,0,0,0,0,0,0,0,0,0,0,0,0,0,0,0,0,0,0,0,0,0,0,0,0,0,0,0,0,0,0,0,0,0,0,0,0,0,0,0,0,0,0,0,0,0,0,0,0,0,0,
3,8_4,10_58_26,0.7386,0,0,0,0.7386018,,2.229,0.60724,-2.133,41.53084,306.1505,0,0.0000,0.0000,0.0000,0.0000,0.0000,0.0000,0,0,,,,,,,0,0,0,0,0,0,0,0,0,0,0,0,0,0,0,0,0,0,0,0,0,0,0,0,0,0,0,0,0,0,0,0,0,0,0,0,0,0,0,0,0,0,0,0,0,0,0,0,0,0,0,
3,8_4,10_58_26,0.7431,0,0,0,0.743106,,2.229,0.60724,-2.133,41.28311,306.6009,0,0.0000,0.0000,0.0000,0.0000,0.0000,0.0000,0,0,,,,,,,0,0,0,0,0,0,0,0,0,0,0,0,0,0,0,0,0,0,0,0,0,0,0,0,0,0,0,0,0,0,0,0,0,0,0,0,0,0,0,0,0,0,0,0,0,0,0,0,0,0,0,
3,8_4,10_58_26,0.7466,0,0,0,0.7466218,,2.229,0.60724,-2.133,41.28311,306.6009,0,0.0000,0.0000,0.0000,0.0000,0.0000,0.0000,0,0,,,,,,,0,0,0,0,0,0,0,0,0,0,0,0,0,0,0,0,0,0,0,0,0,0,0,0,0,0,0,0,0,0,0,0,0,0,0,0,0,0,0,0,0,0,0,0,0,0,0,0,0,0,0,
3,8_4,10_58_26,0.7513,0,0,0,0.7512818,,2.229,0.60724,-2.133,40.79382,307.3465,0,0.0000,0.0000,0.0000,0.0000,0.0000,0.0000,0,0,,,,,,,0,0,0,0,0,0,0,0,0,0,0,0,0,0,0,0,0,0,0,0,0,0,0,0,0,0,0,0,0,0,0,0,0,0,0,0,0,0,0,0,0,0,0,0,0,0,0,0,0,0,0,
3,8_4,10_58_26,0.7553,0,0,0,0.7552635,,2.229,0.60724,-2.133,40.57482,307.665,0,0.0000,0.0000,0.0000,0.0000,0.0000,0.0000,0,0,,,,,,,0,0,0,0,0,0,0,0,0,0,0,0,0,0,0,0,0,0,0,0,0,0,0,0,0,0,0,0,0,0,0,0,0,0,0,0,0,0,0,0,0,0,0,0,0,0,0,0,0,0,0,
3,8_4,10_58_26,0.7600,0,0,0,0.7600184,,2.229,0.60724,-2.133,40.19444,308.1405,0,0.0000,0.0000,0.0000,0.0000,0.0000,0.0000,0,0,,,,,,,0,0,0,0,0,0,0,0,0,0,0,0,0,0,0,0,0,0,0,0,0,0,0,0,0,0,0,0,0,0,0,0,0,0,0,0,0,0,0,0,0,0,0,0,0,0,0,0,0,0,0,
3,8_4,10_58_26,0.7642,0,0,0,0.7641887,,2.229,0.60724,-2.133,40.19444,308.1405,0,0.0000,0.0000,0.0000,0.0000,0.0000,0.0000,0,0,,,,,,,0,0,0,0,0,0,0,0,0,0,0,0,0,0,0,0,0,0,0,0,0,0,0,0,0,0,0,0,0,0,0,0,0,0,0,0,0,0,0,0,0,0,0,0,0,0,0,0,0,0,0,
3,8_4,10_58_26,0.7683,0,0,0,0.7682971,,2.229,0.60724,-2.133,39.6398,308.7568,-1.108696E-06,0.0000,0.0000,0.0000,0.0000,0.0000,0.0000,0,0,,,,,,,0,0,0,0,0,0,0,0,0,0,0,0,0,0,0,0,0,0,0,0,0,0,0,0,0,0,0,0,0,0,0,0,0,0,0,0,0,0,0,0,0,0,0,0,0,0,0,0,0,0,0,
3,8_4,10_58_26,0.7718,0,0,0,0.7717586,,2.229,0.60724,-2.133,39.6398,308.7568,-1.108696E-06,0.0000,0.0000,0.0000,0.0000,0.0000,0.0000,0,0,,,,,,,0,0,0,0,0,0,0,0,0,0,0,0,0,0,0,0,0,0,0,0,0,0,0,0,0,0,0,0,0,0,0,0,0,0,0,0,0,0,0,0,0,0,0,0,0,0,0,0,0,0,0,
3,8_4,10_58_26,0.7761,0,0,0,0.7760691,,2.229,0.60724,-2.133,39.05788,309.4249,1.099501E-06,0.0000,0.0000,0.0000,0.0000,0.0000,0.0000,0,0,,,,,,,0,0,0,0,0,0,0,0,0,0,0,0,0,0,0,0,0,0,0,0,0,0,0,0,0,0,0,0,0,0,0,0,0,0,0,0,0,0,0,0,0,0,0,0,0,0,0,0,0,0,0,
3,8_4,10_58_26,0.7794,0,0,0,0.779433,,2.229,0.60724,-2.133,39.05788,309.4249,1.099501E-06,0.0000,0.0000,0.0000,0.0000,0.0000,0.0000,0,0,,,,,,,0,0,0,0,0,0,0,0,0,0,0,0,0,0,0,0,0,0,0,0,0,0,0,0,0,0,0,0,0,0,0,0,0,0,0,0,0,0,0,0,0,0,0,0,0,0,0,0,0,0,0,
3,8_4,10_58_26,0.7831,0,0,0,0.7831388,,2.229,0.60724,-2.133,38.63172,309.9622,0,0.0000,0.0000,0.0000,0.0000,0.0000,0.0000,0,0,,,,,,,0,0,0,0,0,0,0,0,0,0,0,0,0,0,0,0,0,0,0,0,0,0,0,0,0,0,0,0,0,0,0,0,0,0,0,0,0,0,0,0,0,0,0,0,0,0,0,0,0,0,0,
3,8_4,10_58_26,0.7867,0,0,0,0.7866962,,2.229,0.60724,-2.133,38.63172,309.9622,0,0.0000,0.0000,0.0000,0.0000,0.0000,0.0000,0,0,,,,,,,0,0,0,0,0,0,0,0,0,0,0,0,0,0,0,0,0,0,0,0,0,0,0,0,0,0,0,0,0,0,0,0,0,0,0,0,0,0,0,0,0,0,0,0,0,0,0,0,0,0,0,
3,8_4,10_58_26,0.7907,0,0,0,0.7906808,,2.229,0.60724,-2.133,38.13363,310.6795,0,0.0000,0.0000,0.0000,0.0000,0.0000,0.0000,0,0,,,,,,,0,0,0,0,0,0,0,0,0,0,0,0,0,0,0,0,0,0,0,0,0,0,0,0,0,0,0,0,0,0,0,0,0,0,0,0,0,0,0,0,0,0,0,0,0,0,0,0,0,0,0,
3,8_4,10_58_26,0.7969,0,0,0,0.7969388,,2.229,0.60724,-2.133,37.50784,311.493,1.076271E-06,0.0000,0.0000,0.0000,0.0000,0.0000,0.0000,0,0,,,,,,,0,0,0,0,0,0,0,0,0,0,0,0,0,0,0,0,0,0,0,0,0,0,0,0,0,0,0,0,0,0,0,0,0,0,0,0,0,0,0,0,0,0,0,0,0,0,0,0,0,0,0,
3,8_4,10_58_26,0.8021,0,0,0,0.8021317,,2.229,0.60724,-2.133,37.09241,312.0643,0,0.0000,0.0000,0.0000,0.0000,0.0000,0.0000,0,0,,,,,,,0,0,0,0,0,0,0,0,0,0,0,0,0,0,0,0,0,0,0,0,0,0,0,0,0,0,0,0,0,0,0,0,0,0,0,0,0,0,0,0,0,0,0,0,0,0,0,0,0,0,0,
3,8_4,10_58_26,0.8080,0,0,0,0.8080353,,2.229,0.60724,-2.133,36.50205,312.9203,0,0.0000,0.0000,0.0000,0.0000,0.0000,0.0000,0,0,,,,,,,0,0,0,0,0,0,0,0,0,0,0,0,0,0,0,0,0,0,0,0,0,0,0,0,0,0,0,0,0,0,0,0,0,0,0,0,0,0,0,0,0,0,0,0,0,0,0,0,0,0,0,
3,8_4,10_58_26,0.8137,0,0,0,0.8136704,,2.229,0.60724,-2.133,36.50205,312.9203,0,0.0000,0.0000,0.0000,0.0000,0.0000,0.0000,0,0,,,,,,,0,0,0,0,0,0,0,0,0,0,0,0,0,0,0,0,0,0,0,0,0,0,0,0,0,0,0,0,0,0,0,0,0,0,0,0,0,0,0,0,0,0,0,0,0,0,0,0,0,0,0,
3,8_4,10_58_26,0.8189,0,0,0,0.8188533,,2.229,0.60724,-2.133,35.72461,314.1123,-1.051662E-06,0.0000,0.0000,0.0000,0.0000,0.0000,0.0000,0,0,,,,,,,0,0,0,0,0,0,0,0,0,0,0,0,0,0,0,0,0,0,0,0,0,0,0,0,0,0,0,0,0,0,0,0,0,0,0,0,0,0,0,0,0,0,0,0,0,0,0,0,0,0,0,
3,8_4,10_58_27,0.8251,0,0,0,0.8250979,,2.229,0.60724,-2.133,35.03771,315.1427,-1.042746E-06,0.0000,0.0000,0.0000,0.0000,0.0000,0.0000,0,0,,,,,,,0,0,0,0,0,0,0,0,0,0,0,0,0,0,0,0,0,0,0,0,0,0,0,0,0,0,0,0,0,0,0,0,0,0,0,0,0,0,0,0,0,0,0,0,0,0,0,0,0,0,0,
3,8_4,10_58_27,0.8288,0,0,0,0.8288001,,2.229,0.60724,-2.133,35.03771,315.1427,-1.042746E-06,0.0000,0.0000,0.0000,0.0000,0.0000,0.0000,0,0,,,,,,,0,0,0,0,0,0,0,0,0,0,0,0,0,0,0,0,0,0,0,0,0,0,0,0,0,0,0,0,0,0,0,0,0,0,0,0,0,0,0,0,0,0,0,0,0,0,0,0,0,0,0,
3,8_4,10_58_27,0.8333,0,0,0,0.8332625,,2.229,0.60724,-2.133,34.50222,316.0128,0,0.0000,0.0000,0.0000,0.0000,0.0000,0.0000,0,0,,,,,,,0,0,0,0,0,0,0,0,0,0,0,0,0,0,0,0,0,0,0,0,0,0,0,0,0,0,0,0,0,0,0,0,0,0,0,0,0,0,0,0,0,0,0,0,0,0,0,0,0,0,0,
3,8_4,10_58_27,0.8373,0,0,0,0.8372785,,2.229,0.60724,-2.133,34.50222,316.0128,0,0.0000,0.0000,0.0000,0.0000,0.0000,0.0000,0,0,,,,,,,0,0,0,0,0,0,0,0,0,0,0,0,0,0,0,0,0,0,0,0,0,0,0,0,0,0,0,0,0,0,0,0,0,0,0,0,0,0,0,0,0,0,0,0,0,0,0,0,0,0,0,
3,8_4,10_58_27,0.8411,0,0,0,0.8410776,,2.229,0.60724,-2.133,34.04633,316.7347,-1.030399E-06,0.0000,0.0000,0.0000,0.0000,0.0000,0.0000,0,0,,,,,,,0,0,0,0,0,0,0,0,0,0,0,0,0,0,0,0,0,0,0,0,0,0,0,0,0,0,0,0,0,0,0,0,0,0,0,0,0,0,0,0,0,0,0,0,0,0,0,0,0,0,0,
3,8_4,10_58_27,0.8457,0,0,0,0.8456674,,2.229,0.60724,-2.133,34.04633,316.7347,-1.030399E-06,0.0000,0.0000,0.0000,0.0000,0.0000,0.0000,0,0,,,,,,,0,0,0,0,0,0,0,0,0,0,0,0,0,0,0,0,0,0,0,0,0,0,0,0,0,0,0,0,0,0,0,0,0,0,0,0,0,0,0,0,0,0,0,0,0,0,0,0,0,0,0,
3,8_4,10_58_27,0.8498,0,0,0,0.8497673,,2.229,0.60724,-2.133,33.51334,317.5957,1.024007E-06,0.0000,0.0000,0.0000,0.0000,0.0000,0.0000,0,0,,,,,,,0,0,0,0,0,0,0,0,0,0,0,0,0,0,0,0,0,0,0,0,0,0,0,0,0,0,0,0,0,0,0,0,0,0,0,0,0,0,0,0,0,0,0,0,0,0,0,0,0,0,0,
3,8_4,10_58_27,0.8542,0,0,0,0.8541882,,2.229,0.60724,-2.133,33.27019,317.9936,-1.021147E-06,0.0000,0.0000,0.0000,0.0000,0.0000,0.0000,0,0,,,,,,,0,0,0,0,0,0,0,0,0,0,0,0,0,0,0,0,0,0,0,0,0,0,0,0,0,0,0,0,0,0,0,0,0,0,0,0,0,0,0,0,0,0,0,0,0,0,0,0,0,0,0,
3,8_4,10_58_27,0.8591,0,0,0,0.8591205,,2.229,0.60724,-2.133,32.92493,318.5361,0,0.0000,0.0000,0.0000,0.0000,0.0000,0.0000,0,0,,,,,,,0,0,0,0,0,0,0,0,0,0,0,0,0,0,0,0,0,0,0,0,0,0,0,0,0,0,0,0,0,0,0,0,0,0,0,0,0,0,0,0,0,0,0,0,0,0,0,0,0,0,0,
3,8_4,10_58_27,0.8641,0,0,0,0.8641046,,2.229,0.60724,-2.133,32.55112,319.0844,0,0.0000,0.0000,0.0000,0.0000,0.0000,0.0000,0,0,,,,,,,0,0,0,0,0,0,0,0,0,0,0,0,0,0,0,0,0,0,0,0,0,0,0,0,0,0,0,0,0,0,0,0,0,0,0,0,0,0,0,0,0,0,0,0,0,0,0,0,0,0,0,
3,8_4,10_58_27,0.8683,0,0,0,0.8682737,,2.229,0.60724,-2.133,32.32182,319.4596,-1.010313E-06,0.0000,0.0000,0.0000,0.0000,0.0000,0.0000,0,0,,,,,,,0,0,0,0,0,0,0,0,0,0,0,0,0,0,0,0,0,0,0,0,0,0,0,0,0,0,0,0,0,0,0,0,0,0,0,0,0,0,0,0,0,0,0,0,0,0,0,0,0,0,0,
3,8_4,10_58_27,0.8732,0,0,0,0.8731706,,2.229,0.60724,-2.133,32.00352,319.9982,0,0.0000,0.0000,0.0000,0.0000,0.0000,0.0000,0,0,,,,,,,0,0,0,0,0,0,0,0,0,0,0,0,0,0,0,0,0,0,0,0,0,0,0,0,0,0,0,0,0,0,0,0,0,0,0,0,0,0,0,0,0,0,0,0,0,0,0,0,0,0,0,
3,8_4,10_58_27,0.8772,0,0,0,0.8772171,,2.229,0.60724,-2.133,31.7405,320.322,0,0.0000,0.0000,0.0000,0.0000,0.0000,0.0000,0,0,,,,,,,0,0,0,0,0,0,0,0,0,0,0,0,0,0,0,0,0,0,0,0,0,0,0,0,0,0,0,0,0,0,0,0,0,0,0,0,0,0,0,0,0,0,0,0,0,0,0,0,0,0,0,
3,8_4,10_58_27,0.8820,0,0,0,0.8820231,,2.229,0.60724,-2.133,31.40408,320.8026,0,0.0000,0.0000,0.0000,0.0000,0.0000,0.0000,0,0,,,,,,,0,0,0,0,0,0,0,0,0,0,0,0,0,0,0,0,0,0,0,0,0,0,0,0,0,0,0,0,0,0,0,0,0,0,0,0,0,0,0,0,0,0,0,0,0,0,0,0,0,0,0,
3,8_4,10_58_27,0.8870,0,0,0,0.8869763,,2.229,0.60724,-2.133,31.05736,321.3226,9.966408E-07,0.0000,0.0000,0.0000,0.0000,0.0000,0.0000,0,0,,,,,,,0,0,0,0,0,0,0,0,0,0,0,0,0,0,0,0,0,0,0,0,0,0,0,0,0,0,0,0,0,0,0,0,0,0,0,0,0,0,0,0,0,0,0,0,0,0,0,0,0,0,0,
3,8_4,10_58_27,0.8914,0,0,0,0.8914048,,2.229,0.60724,-2.133,30.79165,321.6769,1.987751E-06,0.0000,0.0000,0.0000,0.0000,0.0000,0.0000,0,0,,,,,,,0,0,0,0,0,0,0,0,0,0,0,0,0,0,0,0,0,0,0,0,0,0,0,0,0,0,0,0,0,0,0,0,0,0,0,0,0,0,0,0,0,0,0,0,0,0,0,0,0,0,0,
3,8_4,10_58_27,0.8953,0,0,0,0.8953431,,2.229,0.60724,-2.133,30.57505,321.9723,0,0.0000,0.0000,0.0000,0.0000,0.0000,0.0000,0,0,,,,,,,0,0,0,0,0,0,0,0,0,0,0,0,0,0,0,0,0,0,0,0,0,0,0,0,0,0,0,0,0,0,0,0,0,0,0,0,0,0,0,0,0,0,0,0,0,0,0,0,0,0,0,
3,8_4,10_58_27,0.8993,0,0,0,0.8992591,,2.229,0.60724,-2.133,30.3205,322.2856,0,0.0000,0.0000,0.0000,0.0000,0.0000,0.0000,0,0,,,,,,,0,0,0,0,0,0,0,0,0,0,0,0,0,0,0,0,0,0,0,0,0,0,0,0,0,0,0,0,0,0,0,0,0,0,0,0,0,0,0,0,0,0,0,0,0,0,0,0,0,0,0,
3,8_4,10_58_27,0.9035,0,0,0,0.9035279,,2.229,0.60724,-2.133,30.02168,322.7125,0,0.0000,0.0000,0.0000,0.0000,0.0000,0.0000,0,0,,,,,,,0,0,0,0,0,0,0,0,0,0,0,0,0,0,0,0,0,0,0,0,0,0,0,0,0,0,0,0,0,0,0,0,0,0,0,0,0,0,0,0,0,0,0,0,0,0,0,0,0,0,0,
3,8_4,10_58_27,0.9079,0,0,0,0.9078724,,2.229,0.60724,-2.133,29.7393,323.0383,-9.832798E-07,0.0000,0.0000,0.0000,0.0000,0.0000,0.0000,0,0,,,,,,,0,0,0,0,0,0,0,0,0,0,0,0,0,0,0,0,0,0,0,0,0,0,0,0,0,0,0,0,0,0,0,0,0,0,0,0,0,0,0,0,0,0,0,0,0,0,0,0,0,0,0,
3,8_4,10_58_27,0.9124,0,0,0,0.912357,,2.229,0.60724,-2.133,29.47022,323.3746,0,0.0000,0.0000,0.0000,0.0000,0.0000,0.0000,0,0,,,,,,,0,0,0,0,0,0,0,0,0,0,0,0,0,0,0,0,0,0,0,0,0,0,0,0,0,0,0,0,0,0,0,0,0,0,0,0,0,0,0,0,0,0,0,0,0,0,0,0,0,0,0,
3,8_4,10_58_27,0.9171,0,0,0,0.9171347,,2.229,0.60724,-2.133,29.088,323.8524,-9.769984E-07,0.0000,0.0000,0.0000,0.0000,0.0000,0.0000,0,0,,,,,,,0,0,0,0,0,0,0,0,0,0,0,0,0,0,0,0,0,0,0,0,0,0,0,0,0,0,0,0,0,0,0,0,0,0,0,0,0,0,0,0,0,0,0,0,0,0,0,0,0,0,0,
3,8_4,10_58_27,0.9214,0,0,0,0.9213811,,2.229,0.60724,-2.133,28.83322,324.1921,0,0.0000,0.0000,0.0000,0.0000,0.0000,0.0000,0,0,,,,,,,0,0,0,0,0,0,0,0,0,0,0,0,0,0,0,0,0,0,0,0,0,0,0,0,0,0,0,0,0,0,0,0,0,0,0,0,0,0,0,0,0,0,0,0,0,0,0,0,0,0,0,
3,8_4,10_58_27,0.9254,0,0,0,0.9253709,,2.229,0.60724,-2.133,28.57388,324.5313,-9.721847E-07,0.0000,0.0000,0.0000,0.0000,0.0000,0.0000,0,0,,,,,,,0,0,0,0,0,0,0,0,0,0,0,0,0,0,0,0,0,0,0,0,0,0,0,0,0,0,0,0,0,0,0,0,0,0,0,0,0,0,0,0,0,0,0,0,0,0,0,0,0,0,0,
3,8_4,10_58_27,0.9296,0,0,0,0.9296404,,2.229,0.60724,-2.133,28.23232,324.9582,0,0.0000,0.0000,0.0000,0.0000,0.0000,0.0000,0,0,,,,,,,0,0,0,0,0,0,0,0,0,0,0,0,0,0,0,0,0,0,0,0,0,0,0,0,0,0,0,0,0,0,0,0,0,0,0,0,0,0,0,0,0,0,0,0,0,0,0,0,0,0,0,
3,8_4,10_58_27,0.9332,0,0,0,0.9331626,,2.229,0.60724,-2.133,28.07382,325.1871,0,0.0000,0.0000,0.0000,0.0000,0.0000,0.0000,0,0,,,,,,,0,0,0,0,0,0,0,0,0,0,0,0,0,0,0,0,0,0,0,0,0,0,0,0,0,0,0,0,0,0,0,0,0,0,0,0,0,0,0,0,0,0,0,0,0,0,0,0,0,0,0,
3,8_4,10_58_27,0.9367,0,0,0,0.9366935,,2.229,0.60724,-2.133,27.84431,325.4872,0,0.0000,0.0000,0.0000,0.0000,0.0000,0.0000,0,0,,,,,,,0,0,0,0,0,0,0,0,0,0,0,0,0,0,0,0,0,0,0,0,0,0,0,0,0,0,0,0,0,0,0,0,0,0,0,0,0,0,0,0,0,0,0,0,0,0,0,0,0,0,0,
3,8_4,10_58_27,0.9402,0,0,0,0.9401959,,2.229,0.60724,-2.133,27.84431,325.4872,0,0.0000,0.0000,0.0000,0.0000,0.0000,0.0000,0,0,,,,,,,0,0,0,0,0,0,0,0,0,0,0,0,0,0,0,0,0,0,0,0,0,0,0,0,0,0,0,0,0,0,0,0,0,0,0,0,0,0,0,0,0,0,0,0,0,0,0,0,0,0,0,
3,8_4,10_58_27,0.9445,0,0,0,0.9445366,,2.229,0.60724,-2.133,27.28003,326.2469,0,0.0000,0.0000,0.0000,0.0000,0.0000,0.0000,0,0,,,,,,,0,0,0,0,0,0,0,0,0,0,0,0,0,0,0,0,0,0,0,0,0,0,0,0,0,0,0,0,0,0,0,0,0,0,0,0,0,0,0,0,0,0,0,0,0,0,0,0,0,0,0,
3,8_4,10_58_27,0.9482,0,0,0,0.9481956,,2.229,0.60724,-2.133,27.09707,326.4847,0,0.0000,0.0000,0.0000,0.0000,0.0000,0.0000,0,0,,,,,,,0,0,0,0,0,0,0,0,0,0,0,0,0,0,0,0,0,0,0,0,0,0,0,0,0,0,0,0,0,0,0,0,0,0,0,0,0,0,0,0,0,0,0,0,0,0,0,0,0,0,0,
3,8_4,10_58_27,0.9520,0,0,0,0.9519587,,2.229,0.60724,-2.133,27.09707,326.4847,0,0.0000,0.0000,0.0000,0.0000,0.0000,0.0000,0,0,,,,,,,0,0,0,0,0,0,0,0,0,0,0,0,0,0,0,0,0,0,0,0,0,0,0,0,0,0,0,0,0,0,0,0,0,0,0,0,0,0,0,0,0,0,0,0,0,0,0,0,0,0,0,
3,8_4,10_58_27,0.9556,0,0,0,0.9555517,,2.229,0.60724,-2.133,26.62998,327.0955,-4.775449E-07,0.0000,0.0000,0.0000,0.0000,0.0000,0.0000,0,0,,,,,,,0,0,0,0,0,0,0,0,0,0,0,0,0,0,0,0,0,0,0,0,0,0,0,0,0,0,0,0,0,0,0,0,0,0,0,0,0,0,0,0,0,0,0,0,0,0,0,0,0,0,0,
3,8_4,10_58_27,0.9602,0,0,0,0.9602029,,2.229,0.60724,-2.133,26.28114,327.5374,-4.761002E-07,0.0000,0.0000,0.0000,0.0000,0.0000,0.0000,0,0,,,,,,,0,0,0,0,0,0,0,0,0,0,0,0,0,0,0,0,0,0,0,0,0,0,0,0,0,0,0,0,0,0,0,0,0,0,0,0,0,0,0,0,0,0,0,0,0,0,0,0,0,0,0,
3,8_4,10_58_27,0.9645,0,0,0,0.9644548,,2.229,0.60724,-2.133,26.28114,327.5374,-4.761002E-07,0.0000,0.0000,0.0000,0.0000,0.0000,0.0000,0,0,,,,,,,0,0,0,0,0,0,0,0,0,0,0,0,0,0,0,0,0,0,0,0,0,0,0,0,0,0,0,0,0,0,0,0,0,0,0,0,0,0,0,0,0,0,0,0,0,0,0,0,0,0,0,
3,8_4,10_58_27,0.9679,0,0,0,0.9679264,,2.229,0.60724,-2.133,25.79512,328.1449,4.741312E-07,0.0000,0.0000,0.0000,0.0000,0.0000,0.0000,0,0,,,,,,,0,0,0,0,0,0,0,0,0,0,0,0,0,0,0,0,0,0,0,0,0,0,0,0,0,0,0,0,0,0,0,0,0,0,0,0,0,0,0,0,0,0,0,0,0,0,0,0,0,0,0,
3,8_4,10_58_27,0.9714,0,0,0,0.9714032,,2.229,0.60724,-2.133,25.60389,328.3709,0,0.0000,0.0000,0.0000,0.0000,0.0000,0.0000,0,0,,,,,,,0,0,0,0,0,0,0,0,0,0,0,0,0,0,0,0,0,0,0,0,0,0,0,0,0,0,0,0,0,0,0,0,0,0,0,0,0,0,0,0,0,0,0,0,0,0,0,0,0,0,0,
3,8_4,10_58_27,0.9748,0,0,0,0.9747969,,2.229,0.60724,-2.133,25.60389,328.3709,0,0.0000,0.0000,0.0000,0.0000,0.0000,0.0000,0,0,,,,,,,0,0,0,0,0,0,0,0,0,0,0,0,0,0,0,0,0,0,0,0,0,0,0,0,0,0,0,0,0,0,0,0,0,0,0,0,0,0,0,0,0,0,0,0,0,0,0,0,0,0,0,
3,8_4,10_58_27,0.9781,0,0,0,0.9781066,,2.229,0.60724,-2.133,25.19018,328.9005,-4.717503E-07,0.0000,0.0000,0.0000,0.0000,0.0000,0.0000,0,0,,,,,,,0,0,0,0,0,0,0,0,0,0,0,0,0,0,0,0,0,0,0,0,0,0,0,0,0,0,0,0,0,0,0,0,0,0,0,0,0,0,0,0,0,0,0,0,0,0,0,0,0,0,0,
3,8_4,10_58_27,0.9817,0,0,0,0.9816857,,2.229,0.60724,-2.133,24.92175,329.2047,0,0.0000,0.0000,0.0000,0.0000,0.0000,0.0000,0,0,,,,,,,0,0,0,0,0,0,0,0,0,0,0,0,0,0,0,0,0,0,0,0,0,0,0,0,0,0,0,0,0,0,0,0,0,0,0,0,0,0,0,0,0,0,0,0,0,0,0,0,0,0,0,
3,8_4,10_58_27,0.9851,0,0,0,0.9851343,,2.229,0.60724,-2.133,24.92175,329.2047,0,0.0000,0.0000,0.0000,0.0000,0.0000,0.0000,0,0,,,,,,,0,0,0,0,0,0,0,0,0,0,0,0,0,0,0,0,0,0,0,0,0,0,0,0,0,0,0,0,0,0,0,0,0,0,0,0,0,0,0,0,0,0,0,0,0,0,0,0,0,0,0,
3,8_4,10_58_27,0.9886,0,0,0,0.9885947,,2.229,0.60724,-2.133,24.4719,329.7065,-4.690216E-07,0.0000,0.0000,0.0000,0.0000,0.0000,0.0000,0,0,,,,,,,0,0,0,0,0,0,0,0,0,0,0,0,0,0,0,0,0,0,0,0,0,0,0,0,0,0,0,0,0,0,0,0,0,0,0,0,0,0,0,0,0,0,0,0,0,0,0,0,0,0,0,
3,8_4,10_58_27,0.9927,0,0,0,0.9927496,,2.229,0.60724,-2.133,24.18106,330.0596,0,0.0000,0.0000,0.0000,0.0000,0.0000,0.0000,0,0,,,,,,,0,0,0,0,0,0,0,0,0,0,0,0,0,0,0,0,0,0,0,0,0,0,0,0,0,0,0,0,0,0,0,0,0,0,0,0,0,0,0,0,0,0,0,0,0,0,0,0,0,0,0,
3,8_4,10_58_27,0.9971,0,0,0,0.997084,,2.229,0.60724,-2.133,24.18106,330.0596,0,0.0000,0.0000,0.0000,0.0000,0.0000,0.0000,0,0,,,,,,,0,0,0,0,0,0,0,0,0,0,0,0,0,0,0,0,0,0,0,0,0,0,0,0,0,0,0,0,0,0,0,0,0,0,0,0,0,0,0,0,0,0,0,0,0,0,0,0,0,0,0,
3,8_4,10_58_27,1.0005,0,0,0,1.000532,,2.229,0.60724,-2.133,23.64657,330.6286,-4.660148E-07,0.0000,0.0000,0.0000,0.0000,0.0000,0.0000,0,0,,,,,,,0,0,0,0,0,0,0,0,0,0,0,0,0,0,0,0,0,0,0,0,0,0,0,0,0,0,0,0,0,0,0,0,0,0,0,0,0,0,0,0,0,0,0,0,0,0,0,0,0,0,0,
3,8_4,10_58_27,1.0044,0,0,0,1.004433,,2.229,0.60724,-2.133,23.41251,330.8821,0,0.0000,0.0000,0.0000,0.0000,0.0000,0.0000,0,0,,,,,,,0,0,0,0,0,0,0,0,0,0,0,0,0,0,0,0,0,0,0,0,0,0,0,0,0,0,0,0,0,0,0,0,0,0,0,0,0,0,0,0,0,0,0,0,0,0,0,0,0,0,0,
3,8_4,10_58_27,1.0098,0,0,0,1.009778,,2.229,0.60724,-2.133,23.41251,330.8821,0,0.0000,0.0000,0.0000,0.0000,0.0000,0.0000,0,0,,,,,,,0,0,0,0,0,0,0,0,0,0,0,0,0,0,0,0,0,0,0,0,0,0,0,0,0,0,0,0,0,0,0,0,0,0,0,0,0,0,0,0,0,0,0,0,0,0,0,0,0,0,0,
3,8_4,10_58_27,1.0140,0,0,0,1.01399,,2.229,0.60724,-2.133,22.61228,331.7245,9.248704E-07,0.0000,0.0000,0.0000,0.0000,0.0000,0.0000,0,0,,,,,,,0,0,0,0,0,0,0,0,0,0,0,0,0,0,0,0,0,0,0,0,0,0,0,0,0,0,0,0,0,0,0,0,0,0,0,0,0,0,0,0,0,0,0,0,0,0,0,0,0,0,0,
3,8_4,10_58_27,1.0182,0,0,0,1.018214,,2.229,0.60724,-2.133,22.2955,332.0835,0,0.0000,0.0000,0.0000,0.0000,0.0000,0.0000,0,0,,,,,,,0,0,0,0,0,0,0,0,0,0,0,0,0,0,0,0,0,0,0,0,0,0,0,0,0,0,0,0,0,0,0,0,0,0,0,0,0,0,0,0,0,0,0,0,0,0,0,0,0,0,0,
3,8_4,10_58_27,1.0218,0,0,0,1.021753,,2.229,0.60724,-2.133,22.2955,332.0835,0,0.0000,0.0000,0.0000,0.0000,0.0000,0.0000,0,0,,,,,,,0,0,0,0,0,0,0,0,0,0,0,0,0,0,0,0,0,0,0,0,0,0,0,0,0,0,0,0,0,0,0,0,0,0,0,0,0,0,0,0,0,0,0,0,0,0,0,0,0,0,0,
3,8_4,10_58_27,1.0252,0,0,0,1.025213,,2.229,0.60724,-2.133,21.79379,332.6025,0,0.0000,0.0000,0.0000,0.0000,0.0000,0.0000,0,0,,,,,,,0,0,0,0,0,0,0,0,0,0,0,0,0,0,0,0,0,0,0,0,0,0,0,0,0,0,0,0,0,0,0,0,0,0,0,0,0,0,0,0,0,0,0,0,0,0,0,0,0,0,0,
3,8_4,10_58_27,1.0286,0,0,0,1.028637,,2.229,0.60724,-2.133,21.53701,332.8935,4.58929E-07,0.0000,0.0000,0.0000,0.0000,0.0000,0.0000,0,0,,,,,,,0,0,0,0,0,0,0,0,0,0,0,0,0,0,0,0,0,0,0,0,0,0,0,0,0,0,0,0,0,0,0,0,0,0,0,0,0,0,0,0,0,0,0,0,0,0,0,0,0,0,0,
3,8_4,10_58_27,1.0321,0,0,0,1.032102,,2.229,0.60724,-2.133,21.53701,332.8935,4.58929E-07,0.0000,0.0000,0.0000,0.0000,0.0000,0.0000,0,0,,,,,,,0,0,0,0,0,0,0,0,0,0,0,0,0,0,0,0,0,0,0,0,0,0,0,0,0,0,0,0,0,0,0,0,0,0,0,0,0,0,0,0,0,0,0,0,0,0,0,0,0,0,0,
3,8_4,10_58_27,1.0358,0,0,0,1.035809,,2.229,0.60724,-2.133,21.01798,333.5052,0,0.0000,0.0000,0.0000,0.0000,0.0000,0.0000,0,0,,,,,,,0,0,0,0,0,0,0,0,0,0,0,0,0,0,0,0,0,0,0,0,0,0,0,0,0,0,0,0,0,0,0,0,0,0,0,0,0,0,0,0,0,0,0,0,0,0,0,0,0,0,0,
3,8_4,10_58_27,1.0396,0,0,0,1.039612,,2.229,0.60724,-2.133,20.71376,333.8855,4.563881E-07,0.0000,0.0000,0.0000,0.0000,0.0000,0.0000,0,0,,,,,,,0,0,0,0,0,0,0,0,0,0,0,0,0,0,0,0,0,0,0,0,0,0,0,0,0,0,0,0,0,0,0,0,0,0,0,0,0,0,0,0,0,0,0,0,0,0,0,0,0,0,0,
3,8_4,10_58_27,1.0433,0,0,0,1.04326,,2.229,0.60724,-2.133,20.71376,333.8855,4.563881E-07,0.0000,0.0000,0.0000,0.0000,0.0000,0.0000,0,0,,,,,,,0,0,0,0,0,0,0,0,0,0,0,0,0,0,0,0,0,0,0,0,0,0,0,0,0,0,0,0,0,0,0,0,0,0,0,0,0,0,0,0,0,0,0,0,0,0,0,0,0,0,0,
3,8_4,10_58_27,1.0474,0,0,0,1.047361,,2.229,0.60724,-2.133,20.18055,334.5828,0,0.0000,0.0000,0.0000,0.0000,0.0000,0.0000,0,0,,,,,,,0,0,0,0,0,0,0,0,0,0,0,0,0,0,0,0,0,0,0,0,0,0,0,0,0,0,0,0,0,0,0,0,0,0,0,0,0,0,0,0,0,0,0,0,0,0,0,0,0,0,0,
3,8_4,10_58_27,1.0515,0,0,0,1.051486,,2.229,0.60724,-2.133,19.89186,335.0365,0,0.0000,0.0000,0.0000,0.0000,0.0000,0.0000,0,0,,,,,,,0,0,0,0,0,0,0,0,0,0,0,0,0,0,0,0,0,0,0,0,0,0,0,0,0,0,0,0,0,0,0,0,0,0,0,0,0,0,0,0,0,0,0,0,0,0,0,0,0,0,0,
3,8_4,10_58_27,1.0555,0,0,0,1.055487,,2.229,0.60724,-2.133,19.89186,335.0365,0,0.0000,0.0000,0.0000,0.0000,0.0000,0.0000,0,0,,,,,,,0,0,0,0,0,0,0,0,0,0,0,0,0,0,0,0,0,0,0,0,0,0,0,0,0,0,0,0,0,0,0,0,0,0,0,0,0,0,0,0,0,0,0,0,0,0,0,0,0,0,0,
3,8_4,10_58_27,1.0589,0,0,0,1.05894,,2.229,0.60724,-2.133,19.40847,335.7615,-4.526068E-07,0.0000,0.0000,0.0000,0.0000,0.0000,0.0000,0,0,,,,,,,0,0,0,0,0,0,0,0,0,0,0,0,0,0,0,0,0,0,0,0,0,0,0,0,0,0,0,0,0,0,0,0,0,0,0,0,0,0,0,0,0,0,0,0,0,0,0,0,0,0,0,
3,8_4,10_58_27,1.0625,0,0,0,1.062508,,2.229,0.60724,-2.133,19.15869,336.1541,0,0.0000,0.0000,0.0000,0.0000,0.0000,0.0000,0,0,,,,,,,0,0,0,0,0,0,0,0,0,0,0,0,0,0,0,0,0,0,0,0,0,0,0,0,0,0,0,0,0,0,0,0,0,0,0,0,0,0,0,0,0,0,0,0,0,0,0,0,0,0,0,
3,8_4,10_58_27,1.0660,0,0,0,1.066034,,2.229,0.60724,-2.133,19.15869,336.1541,0,0.0000,0.0000,0.0000,0.0000,0.0000,0.0000,0,0,,,,,,,0,0,0,0,0,0,0,0,0,0,0,0,0,0,0,0,0,0,0,0,0,0,0,0,0,0,0,0,0,0,0,0,0,0,0,0,0,0,0,0,0,0,0,0,0,0,0,0,0,0,0,
3,8_4,10_58_27,1.0695,0,0,0,1.069488,,2.229,0.60724,-2.133,18.76147,336.8276,0,0.0000,0.0000,0.0000,0.0000,0.0000,0.0000,0,0,,,,,,,0,0,0,0,0,0,0,0,0,0,0,0,0,0,0,0,0,0,0,0,0,0,0,0,0,0,0,0,0,0,0,0,0,0,0,0,0,0,0,0,0,0,0,0,0,0,0,0,0,0,0,
3,8_4,10_58_27,1.0735,0,0,0,1.073492,,2.229,0.60724,-2.133,18.5813,337.1479,2.251816E-07,0.0000,0.0000,0.0000,0.0000,0.0000,0.0000,0,0,,,,,,,0,0,0,0,0,0,0,0,0,0,0,0,0,0,0,0,0,0,0,0,0,0,0,0,0,0,0,0,0,0,0,0,0,0,0,0,0,0,0,0,0,0,0,0,0,0,0,0,0,0,0,
3,8_4,10_58_27,1.0769,0,0,0,1.07687,,2.229,0.60724,-2.133,18.5813,337.1479,2.251816E-07,0.0000,0.0000,0.0000,0.0000,0.0000,0.0000,0,0,,,,,,,0,0,0,0,0,0,0,0,0,0,0,0,0,0,0,0,0,0,0,0,0,0,0,0,0,0,0,0,0,0,0,0,0,0,0,0,0,0,0,0,0,0,0,0,0,0,0,0,0,0,0,
3,8_4,10_58_27,1.0808,0,0,0,1.080769,,2.229,0.60724,-2.133,18.07439,338.0447,-2.245226E-07,0.0000,0.0000,0.0000,0.0000,0.0000,0.0000,0,0,,,,,,,0,0,0,0,0,0,0,0,0,0,0,0,0,0,0,0,0,0,0,0,0,0,0,0,0,0,0,0,0,0,0,0,0,0,0,0,0,0,0,0,0,0,0,0,0,0,0,0,0,0,0,
3,8_4,10_58_27,1.0845,0,0,0,1.084508,,2.229,0.60724,-2.133,17.86878,338.456,0,0.0000,0.0000,0.0000,0.0000,0.0000,0.0000,0,0,,,,,,,0,0,0,0,0,0,0,0,0,0,0,0,0,0,0,0,0,0,0,0,0,0,0,0,0,0,0,0,0,0,0,0,0,0,0,0,0,0,0,0,0,0,0,0,0,0,0,0,0,0,0,
3,8_4,10_58_27,1.0885,0,0,0,1.088529,,2.229,0.60724,-2.133,17.86878,338.456,0,0.0000,0.0000,0.0000,0.0000,0.0000,0.0000,0,0,,,,,,,0,0,0,0,0,0,0,0,0,0,0,0,0,0,0,0,0,0,0,0,0,0,0,0,0,0,0,0,0,0,0,0,0,0,0,0,0,0,0,0,0,0,0,0,0,0,0,0,0,0,0,
3,8_4,10_58_27,1.0920,0,0,0,1.092022,,2.229,0.60724,-2.133,17.48458,339.1196,-2.237827E-07,0.0000,0.0000,0.0000,0.0000,0.0000,0.0000,0,0,,,,,,,0,0,0,0,0,0,0,0,0,0,0,0,0,0,0,0,0,0,0,0,0,0,0,0,0,0,0,0,0,0,0,0,0,0,0,0,0,0,0,0,0,0,0,0,0,0,0,0,0,0,0,
3,8_4,10_58_27,1.0955,0,0,0,1.095464,,2.229,0.60724,-2.133,17.31246,339.481,-2.235721E-07,0.0000,0.0000,0.0000,0.0000,0.0000,0.0000,0,0,,,,,,,0,0,0,0,0,0,0,0,0,0,0,0,0,0,0,0,0,0,0,0,0,0,0,0,0,0,0,0,0,0,0,0,0,0,0,0,0,0,0,0,0,0,0,0,0,0,0,0,0,0,0,
3,8_4,10_58_27,1.0989,0,0,0,1.098931,,2.229,0.60724,-2.133,17.31246,339.481,-2.235721E-07,0.0000,0.0000,0.0000,0.0000,0.0000,0.0000,0,0,,,,,,,0,0,0,0,0,0,0,0,0,0,0,0,0,0,0,0,0,0,0,0,0,0,0,0,0,0,0,0,0,0,0,0,0,0,0,0,0,0,0,0,0,0,0,0,0,0,0,0,0,0,0,
3,8_4,10_58_27,1.1023,0,0,0,1.10231,,2.229,0.60724,-2.133,17.04214,340.0217,-4.464925E-07,0.0000,0.0000,0.0000,0.0000,0.0000,0.0000,0,0,,,,,,,0,0,0,0,0,0,0,0,0,0,0,0,0,0,0,0,0,0,0,0,0,0,0,0,0,0,0,0,0,0,0,0,0,0,0,0,0,0,0,0,0,0,0,0,0,0,0,0,0,0,0,
3,8_4,10_58_27,1.1067,0,0,0,1.106684,,2.229,0.60724,-2.133,16.82344,340.4372,2.22987E-07,0.0000,0.0000,0.0000,0.0000,0.0000,0.0000,0,0,,,,,,,0,0,0,0,0,0,0,0,0,0,0,0,0,0,0,0,0,0,0,0,0,0,0,0,0,0,0,0,0,0,0,0,0,0,0,0,0,0,0,0,0,0,0,0,0,0,0,0,0,0,0,
3,8_4,10_58_27,1.1105,0,0,0,1.110485,,2.229,0.60724,-2.133,16.57636,340.8933,-2.226987E-07,0.0000,0.0000,0.0000,0.0000,0.0000,0.0000,0,0,,,,,,,0,0,0,0,0,0,0,0,0,0,0,0,0,0,0,0,0,0,0,0,0,0,0,0,0,0,0,0,0,0,0,0,0,0,0,0,0,0,0,0,0,0,0,0,0,0,0,0,0,0,0,
3,8_4,10_58_27,1.1139,0,0,0,1.113896,,2.229,0.60724,-2.133,16.457,341.115,-2.225612E-07,0.0000,0.0000,0.0000,0.0000,0.0000,0.0000,0,0,,,,,,,0,0,0,0,0,0,0,0,0,0,0,0,0,0,0,0,0,0,0,0,0,0,0,0,0,0,0,0,0,0,0,0,0,0,0,0,0,0,0,0,0,0,0,0,0,0,0,0,0,0,0,
3,8_4,10_58_27,1.1173,0,0,0,1.117296,,2.229,0.60724,-2.133,16.457,341.115,-2.225612E-07,0.0000,0.0000,0.0000,0.0000,0.0000,0.0000,0,0,,,,,,,0,0,0,0,0,0,0,0,0,0,0,0,0,0,0,0,0,0,0,0,0,0,0,0,0,0,0,0,0,0,0,0,0,0,0,0,0,0,0,0,0,0,0,0,0,0,0,0,0,0,0,
3,8_4,10_58_27,1.1208,0,0,0,1.12077,,2.229,0.60724,-2.133,16.19646,341.6187,0,0.0000,0.0000,0.0000,0.0000,0.0000,0.0000,0,0,,,,,,,0,0,0,0,0,0,0,0,0,0,0,0,0,0,0,0,0,0,0,0,0,0,0,0,0,0,0,0,0,0,0,0,0,0,0,0,0,0,0,0,0,0,0,0,0,0,0,0,0,0,0,
3,8_4,10_58_27,1.1245,0,0,0,1.124496,,2.229,0.60724,-2.133,16.04742,341.9168,2.220978E-07,0.0000,0.0000,0.0000,0.0000,0.0000,0.0000,0,0,,,,,,,0,0,0,0,0,0,0,0,0,0,0,0,0,0,0,0,0,0,0,0,0,0,0,0,0,0,0,0,0,0,0,0,0,0,0,0,0,0,0,0,0,0,0,0,0,0,0,0,0,0,0,
3,8_4,10_58_27,1.1280,0,0,0,1.127968,,2.229,0.60724,-2.133,16.04742,341.9168,2.220978E-07,0.0000,0.0000,0.0000,0.0000,0.0000,0.0000,0,0,,,,,,,0,0,0,0,0,0,0,0,0,0,0,0,0,0,0,0,0,0,0,0,0,0,0,0,0,0,0,0,0,0,0,0,0,0,0,0,0,0,0,0,0,0,0,0,0,0,0,0,0,0,0,
3,8_4,10_58_27,1.1315,0,0,0,1.131506,,2.229,0.60724,-2.133,15.81747,342.359,0,0.0000,0.0000,0.0000,0.0000,0.0000,0.0000,0,0,,,,,,,0,0,0,0,0,0,0,0,0,0,0,0,0,0,0,0,0,0,0,0,0,0,0,0,0,0,0,0,0,0,0,0,0,0,0,0,0,0,0,0,0,0,0,0,0,0,0,0,0,0,0,
3,8_4,10_58_27,1.1354,0,0,0,1.135354,,2.229,0.60724,-2.133,15.68278,342.5899,-2.216965E-07,0.0000,0.0000,0.0000,0.0000,0.0000,0.0000,0,0,,,,,,,0,0,0,0,0,0,0,0,0,0,0,0,0,0,0,0,0,0,0,0,0,0,0,0,0,0,0,0,0,0,0,0,0,0,0,0,0,0,0,0,0,0,0,0,0,0,0,0,0,0,0,
3,8_4,10_58_27,1.1392,0,0,0,1.139249,,2.229,0.60724,-2.133,15.68278,342.5899,-2.216965E-07,0.0000,0.0000,0.0000,0.0000,0.0000,0.0000,0,0,,,,,,,0,0,0,0,0,0,0,0,0,0,0,0,0,0,0,0,0,0,0,0,0,0,0,0,0,0,0,0,0,0,0,0,0,0,0,0,0,0,0,0,0,0,0,0,0,0,0,0,0,0,0,
3,8_4,10_58_27,1.1437,0,0,0,1.143706,,2.229,0.60724,-2.133,15.30396,343.3253,0,0.0000,0.0000,0.0000,0.0000,0.0000,0.0000,0,0,,,,,,,0,0,0,0,0,0,0,0,0,0,0,0,0,0,0,0,0,0,0,0,0,0,0,0,0,0,0,0,0,0,0,0,0,0,0,0,0,0,0,0,0,0,0,0,0,0,0,0,0,0,0,
3,8_4,10_58_27,1.1474,0,0,0,1.147357,,2.229,0.60724,-2.133,15.19445,343.5261,0,0.0000,0.0000,0.0000,0.0000,0.0000,0.0000,0,0,,,,,,,0,0,0,0,0,0,0,0,0,0,0,0,0,0,0,0,0,0,0,0,0,0,0,0,0,0,0,0,0,0,0,0,0,0,0,0,0,0,0,0,0,0,0,0,0,0,0,0,0,0,0,
3,8_4,10_58_27,1.1512,0,0,0,1.151222,,2.229,0.60724,-2.133,15.19445,343.5261,0,0.0000,0.0000,0.0000,0.0000,0.0000,0.0000,0,0,,,,,,,0,0,0,0,0,0,0,0,0,0,0,0,0,0,0,0,0,0,0,0,0,0,0,0,0,0,0,0,0,0,0,0,0,0,0,0,0,0,0,0,0,0,0,0,0,0,0,0,0,0,0,
3,8_4,10_58_27,1.1551,0,0,0,1.155119,,2.229,0.60724,-2.133,14.92162,344.1302,2.208921E-07,0.0000,0.0000,0.0000,0.0000,0.0000,0.0000,0,0,,,,,,,0,0,0,0,0,0,0,0,0,0,0,0,0,0,0,0,0,0,0,0,0,0,0,0,0,0,0,0,0,0,0,0,0,0,0,0,0,0,0,0,0,0,0,0,0,0,0,0,0,0,0,
3,8_4,10_58_27,1.1588,0,0,0,1.158761,,2.229,0.60724,-2.133,14.77596,344.4215,0,0.0000,0.0000,0.0000,0.0000,0.0000,0.0000,0,0,,,,,,,0,0,0,0,0,0,0,0,0,0,0,0,0,0,0,0,0,0,0,0,0,0,0,0,0,0,0,0,0,0,0,0,0,0,0,0,0,0,0,0,0,0,0,0,0,0,0,0,0,0,0,
3,8_4,10_58_27,1.1623,0,0,0,1.162257,,2.229,0.60724,-2.133,14.77596,344.4215,0,0.0000,0.0000,0.0000,0.0000,0.0000,0.0000,0,0,,,,,,,0,0,0,0,0,0,0,0,0,0,0,0,0,0,0,0,0,0,0,0,0,0,0,0,0,0,0,0,0,0,0,0,0,0,0,0,0,0,0,0,0,0,0,0,0,0,0,0,0,0,0,
3,8_4,10_58_27,1.1659,0,0,0,1.16594,,2.229,0.60724,-2.133,14.53656,344.9555,0,0.0000,0.0000,0.0000,0.0000,0.0000,0.0000,0,0,,,,,,,0,0,0,0,0,0,0,0,0,0,0,0,0,0,0,0,0,0,0,0,0,0,0,0,0,0,0,0,0,0,0,0,0,0,0,0,0,0,0,0,0,0,0,0,0,0,0,0,0,0,0,
3,8_4,10_58_27,1.1699,0,0,0,1.169926,,2.229,0.60724,-2.133,14.39704,345.2545,0,0.0000,0.0000,0.0000,0.0000,0.0000,0.0000,0,0,,,,,,,0,0,0,0,0,0,0,0,0,0,0,0,0,0,0,0,0,0,0,0,0,0,0,0,0,0,0,0,0,0,0,0,0,0,0,0,0,0,0,0,0,0,0,0,0,0,0,0,0,0,0,
3,8_4,10_58_27,1.1740,0,0,0,1.173953,,2.229,0.60724,-2.133,14.39704,345.2545,0,0.0000,0.0000,0.0000,0.0000,0.0000,0.0000,0,0,,,,,,,0,0,0,0,0,0,0,0,0,0,0,0,0,0,0,0,0,0,0,0,0,0,0,0,0,0,0,0,0,0,0,0,0,0,0,0,0,0,0,0,0,0,0,0,0,0,0,0,0,0,0,
3,8_4,10_58_27,1.1780,0,0,0,1.177964,,2.229,0.60724,-2.133,14.15636,345.9164,0,0.0000,0.0000,0.0000,0.0000,0.0000,0.0000,0,0,,,,,,,0,0,0,0,0,0,0,0,0,0,0,0,0,0,0,0,0,0,0,0,0,0,0,0,0,0,0,0,0,0,0,0,0,0,0,0,0,0,0,0,0,0,0,0,0,0,0,0,0,0,0,
3,8_4,10_58_27,1.1820,0,0,0,1.182001,,2.229,0.60724,-2.133,13.99487,346.2393,1.099864E-07,0.0000,0.0000,0.0000,0.0000,0.0000,0.0000,0,0,,,,,,,0,0,0,0,0,0,0,0,0,0,0,0,0,0,0,0,0,0,0,0,0,0,0,0,0,0,0,0,0,0,0,0,0,0,0,0,0,0,0,0,0,0,0,0,0,0,0,0,0,0,0,
3,8_4,10_58_27,1.1861,0,0,0,1.186139,,2.229,0.60724,-2.133,13.99487,346.2393,1.099864E-07,0.0000,0.0000,0.0000,0.0000,0.0000,0.0000,0,0,,,,,,,0,0,0,0,0,0,0,0,0,0,0,0,0,0,0,0,0,0,0,0,0,0,0,0,0,0,0,0,0,0,0,0,0,0,0,0,0,0,0,0,0,0,0,0,0,0,0,0,0,0,0,
3,8_4,10_58_27,1.1901,0,0,0,1.190082,,2.229,0.60724,-2.133,13.71886,346.8702,0,0.0000,0.0000,0.0000,0.0000,0.0000,0.0000,0,0,,,,,,,0,0,0,0,0,0,0,0,0,0,0,0,0,0,0,0,0,0,0,0,0,0,0,0,0,0,0,0,0,0,0,0,0,0,0,0,0,0,0,0,0,0,0,0,0,0,0,0,0,0,0,
3,8_4,10_58_27,1.1939,0,0,0,1.193924,,2.229,0.60724,-2.133,13.62283,347.1583,0,0.0000,0.0000,0.0000,0.0000,0.0000,0.0000,0,0,,,,,,,0,0,0,0,0,0,0,0,0,0,0,0,0,0,0,0,0,0,0,0,0,0,0,0,0,0,0,0,0,0,0,0,0,0,0,0,0,0,0,0,0,0,0,0,0,0,0,0,0,0,0,
3,8_4,10_58_27,1.1977,0,0,0,1.197652,,2.229,0.60724,-2.133,13.62283,347.1583,0,0.0000,0.0000,0.0000,0.0000,0.0000,0.0000,0,0,,,,,,,0,0,0,0,0,0,0,0,0,0,0,0,0,0,0,0,0,0,0,0,0,0,0,0,0,0,0,0,0,0,0,0,0,0,0,0,0,0,0,0,0,0,0,0,0,0,0,0,0,0,0,
3,8_4,10_58_27,1.2018,0,0,0,1.201764,,2.229,0.60724,-2.133,13.31441,347.7135,-1.096695E-07,0.0000,0.0000,0.0000,0.0000,0.0000,0.0000,0,0,,,,,,,0,0,0,0,0,0,0,0,0,0,0,0,0,0,0,0,0,0,0,0,0,0,0,0,0,0,0,0,0,0,0,0,0,0,0,0,0,0,0,0,0,0,0,0,0,0,0,0,0,0,0,
3,8_4,10_58_27,1.2059,0,0,0,1.205855,,2.229,0.60724,-2.133,13.17123,347.9794,1.09605E-07,0.0000,0.0000,0.0000,0.0000,0.0000,0.0000,0,0,,,,,,,0,0,0,0,0,0,0,0,0,0,0,0,0,0,0,0,0,0,0,0,0,0,0,0,0,0,0,0,0,0,0,0,0,0,0,0,0,0,0,0,0,0,0,0,0,0,0,0,0,0,0,
3,8_4,10_58_27,1.2107,0,0,0,1.210744,,2.229,0.60724,-2.133,13.17123,347.9794,1.09605E-07,0.0000,0.0000,0.0000,0.0000,0.0000,0.0000,0,0,,,,,,,0,0,0,0,0,0,0,0,0,0,0,0,0,0,0,0,0,0,0,0,0,0,0,0,0,0,0,0,0,0,0,0,0,0,0,0,0,0,0,0,0,0,0,0,0,0,0,0,0,0,0,
3,8_4,10_58_27,1.2146,0,0,0,1.214559,,2.229,0.60724,-2.133,12.92328,348.5134,0,0.0000,0.0000,0.0000,0.0000,0.0000,0.0000,0,0,,,,,,,0,0,0,0,0,0,0,0,0,0,0,0,0,0,0,0,0,0,0,0,0,0,0,0,0,0,0,0,0,0,0,0,0,0,0,0,0,0,0,0,0,0,0,0,0,0,0,0,0,0,0,
3,8_4,10_58_27,1.2181,0,0,0,1.218052,,2.229,0.60724,-2.133,12.83595,348.6706,0,0.0000,0.0000,0.0000,0.0000,0.0000,0.0000,0,0,,,,,,,0,0,0,0,0,0,0,0,0,0,0,0,0,0,0,0,0,0,0,0,0,0,0,0,0,0,0,0,0,0,0,0,0,0,0,0,0,0,0,0,0,0,0,0,0,0,0,0,0,0,0,
3,8_4,10_58_27,1.2215,0,0,0,1.221539,,2.229,0.60724,-2.133,12.83595,348.6706,0,0.0000,0.0000,0.0000,0.0000,0.0000,0.0000,0,0,,,,,,,0,0,0,0,0,0,0,0,0,0,0,0,0,0,0,0,0,0,0,0,0,0,0,0,0,0,0,0,0,0,0,0,0,0,0,0,0,0,0,0,0,0,0,0,0,0,0,0,0,0,0,
3,8_4,10_58_27,1.2257,0,0,0,1.225676,,2.229,0.60724,-2.133,12.5877,349.1257,-1.093501E-07,0.0000,0.0000,0.0000,0.0000,0.0000,0.0000,0,0,,,,,,,0,0,0,0,0,0,0,0,0,0,0,0,0,0,0,0,0,0,0,0,0,0,0,0,0,0,0,0,0,0,0,0,0,0,0,0,0,0,0,0,0,0,0,0,0,0,0,0,0,0,0,
3,8_4,10_58_27,1.2292,0,0,0,1.229227,,2.229,0.60724,-2.133,12.51669,349.2678,-1.093199E-07,0.0000,0.0000,0.0000,0.0000,0.0000,0.0000,0,0,,,,,,,0,0,0,0,0,0,0,0,0,0,0,0,0,0,0,0,0,0,0,0,0,0,0,0,0,0,0,0,0,0,0,0,0,0,0,0,0,0,0,0,0,0,0,0,0,0,0,0,0,0,0,
3,8_4,10_58_27,1.2329,0,0,0,1.232856,,2.229,0.60724,-2.133,12.51669,349.2678,-1.093199E-07,0.0000,0.0000,0.0000,0.0000,0.0000,0.0000,0,0,,,,,,,0,0,0,0,0,0,0,0,0,0,0,0,0,0,0,0,0,0,0,0,0,0,0,0,0,0,0,0,0,0,0,0,0,0,0,0,0,0,0,0,0,0,0,0,0,0,0,0,0,0,0,
3,8_4,10_58_27,1.2364,0,0,0,1.236383,,2.229,0.60724,-2.133,12.3051,349.5499,0,0.0000,0.0000,0.0000,0.0000,0.0000,0.0000,0,0,,,,,,,0,0,0,0,0,0,0,0,0,0,0,0,0,0,0,0,0,0,0,0,0,0,0,0,0,0,0,0,0,0,0,0,0,0,0,0,0,0,0,0,0,0,0,0,0,0,0,0,0,0,0,
3,8_4,10_58_27,1.2400,0,0,0,1.239962,,2.229,0.60724,-2.133,12.21563,349.7109,-1.091941E-07,0.0000,0.0000,0.0000,0.0000,0.0000,0.0000,0,0,,,,,,,0,0,0,0,0,0,0,0,0,0,0,0,0,0,0,0,0,0,0,0,0,0,0,0,0,0,0,0,0,0,0,0,0,0,0,0,0,0,0,0,0,0,0,0,0,0,0,0,0,0,0,
3,8_4,10_58_27,1.2434,0,0,0,1.243374,,2.229,0.60724,-2.133,12.21563,349.7109,-1.091941E-07,0.0000,0.0000,0.0000,0.0000,0.0000,0.0000,0,0,,,,,,,0,0,0,0,0,0,0,0,0,0,0,0,0,0,0,0,0,0,0,0,0,0,0,0,0,0,0,0,0,0,0,0,0,0,0,0,0,0,0,0,0,0,0,0,0,0,0,0,0,0,0,
3,8_4,10_58_27,1.2469,0,0,0,1.246936,,2.229,0.60724,-2.133,12.05533,349.9425,1.091284E-07,0.0000,0.0000,0.0000,0.0000,0.0000,0.0000,0,0,,,,,,,0,0,0,0,0,0,0,0,0,0,0,0,0,0,0,0,0,0,0,0,0,0,0,0,0,0,0,0,0,0,0,0,0,0,0,0,0,0,0,0,0,0,0,0,0,0,0,0,0,0,0,
3,8_4,10_58_27,1.2503,0,0,0,1.25032,,2.229,0.60724,-2.133,11.97073,350.044,0,0.0000,0.0000,0.0000,0.0000,0.0000,0.0000,0,0,,,,,,,0,0,0,0,0,0,0,0,0,0,0,0,0,0,0,0,0,0,0,0,0,0,0,0,0,0,0,0,0,0,0,0,0,0,0,0,0,0,0,0,0,0,0,0,0,0,0,0,0,0,0,
3,8_4,10_58_27,1.2538,0,0,0,1.253774,,2.229,0.60724,-2.133,11.97073,350.044,0,0.0000,0.0000,0.0000,0.0000,0.0000,0.0000,0,0,,,,,,,0,0,0,0,0,0,0,0,0,0,0,0,0,0,0,0,0,0,0,0,0,0,0,0,0,0,0,0,0,0,0,0,0,0,0,0,0,0,0,0,0,0,0,0,0,0,0,0,0,0,0,
3,8_4,10_58_27,1.2572,0,0,0,1.257161,,2.229,0.60724,-2.133,11.81831,350.2133,0,0.0000,0.0000,0.0000,0.0000,0.0000,0.0000,0,0,,,,,,,0,0,0,0,0,0,0,0,0,0,0,0,0,0,0,0,0,0,0,0,0,0,0,0,0,0,0,0,0,0,0,0,0,0,0,0,0,0,0,0,0,0,0,0,0,0,0,0,0,0,0,
3,8_4,10_58_27,1.2608,0,0,0,1.26084,,2.229,0.60724,-2.133,11.72635,350.3237,0,0.0000,0.0000,0.0000,0.0000,0.0000,0.0000,0,0,,,,,,,0,0,0,0,0,0,0,0,0,0,0,0,0,0,0,0,0,0,0,0,0,0,0,0,0,0,0,0,0,0,0,0,0,0,0,0,0,0,0,0,0,0,0,0,0,0,0,0,0,0,0,
3,8_4,10_58_27,1.2648,0,0,0,1.264787,,2.229,0.60724,-2.133,11.72635,350.3237,0,0.0000,0.0000,0.0000,0.0000,0.0000,0.0000,0,0,,,,,,,0,0,0,0,0,0,0,0,0,0,0,0,0,0,0,0,0,0,0,0,0,0,0,0,0,0,0,0,0,0,0,0,0,0,0,0,0,0,0,0,0,0,0,0,0,0,0,0,0,0,0,
3,8_4,10_58_27,1.2685,0,0,0,1.268501,,2.229,0.60724,-2.133,11.54067,350.5094,0,0.0000,0.0000,0.0000,0.0000,0.0000,0.0000,0,0,,,,,,,0,0,0,0,0,0,0,0,0,0,0,0,0,0,0,0,0,0,0,0,0,0,0,0,0,0,0,0,0,0,0,0,0,0,0,0,0,0,0,0,0,0,0,0,0,0,0,0,0,0,0,
3,8_4,10_58_27,1.2727,0,0,0,1.272709,,2.229,0.60724,-2.133,11.41443,350.6356,0,0.0000,0.0000,0.0000,0.0000,0.0000,0.0000,0,0,,,,,,,0,0,0,0,0,0,0,0,0,0,0,0,0,0,0,0,0,0,0,0,0,0,0,0,0,0,0,0,0,0,0,0,0,0,0,0,0,0,0,0,0,0,0,0,0,0,0,0,0,0,0,
3,8_4,10_58_27,1.2767,0,0,0,1.276734,,2.229,0.60724,-2.133,11.41443,350.6356,0,0.0000,0.0000,0.0000,0.0000,0.0000,0.0000,0,0,,,,,,,0,0,0,0,0,0,0,0,0,0,0,0,0,0,0,0,0,0,0,0,0,0,0,0,0,0,0,0,0,0,0,0,0,0,0,0,0,0,0,0,0,0,0,0,0,0,0,0,0,0,0,
3,8_4,10_58_27,1.2807,0,0,0,1.280656,,2.229,0.60724,-2.133,11.1987,350.8121,-5.439659E-08,0.0000,0.0000,0.0000,0.0000,0.0000,0.0000,0,0,,,,,,,0,0,0,0,0,0,0,0,0,0,0,0,0,0,0,0,0,0,0,0,0,0,0,0,0,0,0,0,0,0,0,0,0,0,0,0,0,0,0,0,0,0,0,0,0,0,0,0,0,0,0,
3,8_4,10_58_27,1.2843,0,0,0,1.284332,,2.229,0.60724,-2.133,11.14357,350.8857,5.438625E-08,0.0000,0.0000,0.0000,0.0000,0.0000,0.0000,0,0,,,,,,,0,0,0,0,0,0,0,0,0,0,0,0,0,0,0,0,0,0,0,0,0,0,0,0,0,0,0,0,0,0,0,0,0,0,0,0,0,0,0,0,0,0,0,0,0,0,0,0,0,0,0,
3,8_4,10_58_27,1.2879,0,0,0,1.287869,,2.229,0.60724,-2.133,11.14357,350.8857,5.438625E-08,0.0000,0.0000,0.0000,0.0000,0.0000,0.0000,0,0,,,,,,,0,0,0,0,0,0,0,0,0,0,0,0,0,0,0,0,0,0,0,0,0,0,0,0,0,0,0,0,0,0,0,0,0,0,0,0,0,0,0,0,0,0,0,0,0,0,0,0,0,0,0,
3,8_4,10_58_27,1.2920,0,0,0,1.29196,,2.229,0.60724,-2.133,10.89808,351.0288,5.434089E-08,0.0000,0.0000,0.0000,0.0000,0.0000,0.0000,0,0,,,,,,,0,0,0,0,0,0,0,0,0,0,0,0,0,0,0,0,0,0,0,0,0,0,0,0,0,0,0,0,0,0,0,0,0,0,0,0,0,0,0,0,0,0,0,0,0,0,0,0,0,0,0,
3,8_4,10_58_27,1.2955,0,0,0,1.295462,,2.229,0.60724,-2.133,10.79305,351.1164,0,0.0000,0.0000,0.0000,0.0000,0.0000,0.0000,0,0,,,,,,,0,0,0,0,0,0,0,0,0,0,0,0,0,0,0,0,0,0,0,0,0,0,0,0,0,0,0,0,0,0,0,0,0,0,0,0,0,0,0,0,0,0,0,0,0,0,0,0,0,0,0,
3,8_4,10_58_27,1.3011,0,0,0,1.301082,,2.229,0.60724,-2.133,10.79305,351.1164,0,0.0000,0.0000,0.0000,0.0000,0.0000,0.0000,0,0,,,,,,,0,0,0,0,0,0,0,0,0,0,0,0,0,0,0,0,0,0,0,0,0,0,0,0,0,0,0,0,0,0,0,0,0,0,0,0,0,0,0,0,0,0,0,0,0,0,0,0,0,0,0,
3,8_4,10_58_27,1.3054,0,0,0,1.305352,,2.229,0.60724,-2.133,10.51548,351.3299,0,0.0000,0.0000,0.0000,0.0000,0.0000,0.0000,0,0,,,,,,,0,0,0,0,0,0,0,0,0,0,0,0,0,0,0,0,0,0,0,0,0,0,0,0,0,0,0,0,0,0,0,0,0,0,0,0,0,0,0,0,0,0,0,0,0,0,0,0,0,0,0,
3,8_4,10_58_27,1.3096,0,0,0,1.309595,,2.229,0.60724,-2.133,10.36698,351.436,0,0.0000,0.0000,0.0000,0.0000,0.0000,0.0000,0,0,,,,,,,0,0,0,0,0,0,0,0,0,0,0,0,0,0,0,0,0,0,0,0,0,0,0,0,0,0,0,0,0,0,0,0,0,0,0,0,0,0,0,0,0,0,0,0,0,0,0,0,0,0,0,
3,8_4,10_58_27,1.3130,0,0,0,1.313015,,2.229,0.60724,-2.133,10.36698,351.436,0,0.0000,0.0000,0.0000,0.0000,0.0000,0.0000,0,0,,,,,,,0,0,0,0,0,0,0,0,0,0,0,0,0,0,0,0,0,0,0,0,0,0,0,0,0,0,0,0,0,0,0,0,0,0,0,0,0,0,0,0,0,0,0,0,0,0,0,0,0,0,0,
3,8_4,10_58_27,1.3164,0,0,0,1.316382,,2.229,0.60724,-2.133,10.21549,351.5538,5.422037E-08,0.0000,0.0000,0.0000,0.0000,0.0000,0.0000,0,0,,,,,,,0,0,0,0,0,0,0,0,0,0,0,0,0,0,0,0,0,0,0,0,0,0,0,0,0,0,0,0,0,0,0,0,0,0,0,0,0,0,0,0,0,0,0,0,0,0,0,0,0,0,0,
3,8_4,10_58_27,1.3198,0,0,0,1.319816,,2.229,0.60724,-2.133,10.0953,351.6225,0,0.0000,0.0000,0.0000,0.0000,0.0000,0.0000,0,0,,,,,,,0,0,0,0,0,0,0,0,0,0,0,0,0,0,0,0,0,0,0,0,0,0,0,0,0,0,0,0,0,0,0,0,0,0,0,0,0,0,0,0,0,0,0,0,0,0,0,0,0,0,0,
3,8_4,10_58_27,1.3232,0,0,0,1.3232,,2.229,0.60724,-2.133,10.0953,351.6225,0,0.0000,0.0000,0.0000,0.0000,0.0000,0.0000,0,0,,,,,,,0,0,0,0,0,0,0,0,0,0,0,0,0,0,0,0,0,0,0,0,0,0,0,0,0,0,0,0,0,0,0,0,0,0,0,0,0,0,0,0,0,0,0,0,0,0,0,0,0,0,0,
3,8_4,10_58_27,1.3270,0,0,0,1.326976,,2.229,0.60724,-2.133,9.868749,351.7924,-1.083246E-07,0.0000,0.0000,0.0000,0.0000,0.0000,0.0000,0,0,,,,,,,0,0,0,0,0,0,0,0,0,0,0,0,0,0,0,0,0,0,0,0,0,0,0,0,0,0,0,0,0,0,0,0,0,0,0,0,0,0,0,0,0,0,0,0,0,0,0,0,0,0,0,
3,8_4,10_58_27,1.3306,0,0,0,1.330632,,2.229,0.60724,-2.133,9.740799,351.8838,5.414139E-08,0.0000,0.0000,0.0000,0.0000,0.0000,0.0000,0,0,,,,,,,0,0,0,0,0,0,0,0,0,0,0,0,0,0,0,0,0,0,0,0,0,0,0,0,0,0,0,0,0,0,0,0,0,0,0,0,0,0,0,0,0,0,0,0,0,0,0,0,0,0,0,
3,8_4,10_58_27,1.3352,0,0,0,1.335194,,2.229,0.60724,-2.133,9.740799,351.8838,5.414139E-08,0.0000,0.0000,0.0000,0.0000,0.0000,0.0000,0,0,,,,,,,0,0,0,0,0,0,0,0,0,0,0,0,0,0,0,0,0,0,0,0,0,0,0,0,0,0,0,0,0,0,0,0,0,0,0,0,0,0,0,0,0,0,0,0,0,0,0,0,0,0,0,
3,8_4,10_58_27,1.3387,0,0,0,1.338691,,2.229,0.60724,-2.133,9.495981,352.0587,0,0.0000,0.0000,0.0000,0.0000,0.0000,0.0000,0,0,,,,,,,0,0,0,0,0,0,0,0,0,0,0,0,0,0,0,0,0,0,0,0,0,0,0,0,0,0,0,0,0,0,0,0,0,0,0,0,0,0,0,0,0,0,0,0,0,0,0,0,0,0,0,
3,8_4,10_58_27,1.3421,0,0,0,1.342126,,2.229,0.60724,-2.133,9.427283,352.1273,0,0.0000,0.0000,0.0000,0.0000,0.0000,0.0000,0,0,,,,,,,0,0,0,0,0,0,0,0,0,0,0,0,0,0,0,0,0,0,0,0,0,0,0,0,0,0,0,0,0,0,0,0,0,0,0,0,0,0,0,0,0,0,0,0,0,0,0,0,0,0,0,
3,8_4,10_58_27,1.3460,0,0,0,1.34597,,2.229,0.60724,-2.133,9.427283,352.1273,0,0.0000,0.0000,0.0000,0.0000,0.0000,0.0000,0,0,,,,,,,0,0,0,0,0,0,0,0,0,0,0,0,0,0,0,0,0,0,0,0,0,0,0,0,0,0,0,0,0,0,0,0,0,0,0,0,0,0,0,0,0,0,0,0,0,0,0,0,0,0,0,
3,8_4,10_58_27,1.3497,0,0,0,1.349733,,2.229,0.60724,-2.133,9.163811,352.3344,0,0.0000,0.0000,0.0000,0.0000,0.0000,0.0000,0,0,,,,,,,0,0,0,0,0,0,0,0,0,0,0,0,0,0,0,0,0,0,0,0,0,0,0,0,0,0,0,0,0,0,0,0,0,0,0,0,0,0,0,0,0,0,0,0,0,0,0,0,0,0,0,
3,8_4,10_58_27,1.3532,0,0,0,1.353199,,2.229,0.60724,-2.133,9.077177,352.4037,5.403758E-08,0.0000,0.0000,0.0000,0.0000,0.0000,0.0000,0,0,,,,,,,0,0,0,0,0,0,0,0,0,0,0,0,0,0,0,0,0,0,0,0,0,0,0,0,0,0,0,0,0,0,0,0,0,0,0,0,0,0,0,0,0,0,0,0,0,0,0,0,0,0,0,
3,8_4,10_58_27,1.3570,0,0,0,1.357018,,2.229,0.60724,-2.133,9.077177,352.4037,5.403758E-08,0.0000,0.0000,0.0000,0.0000,0.0000,0.0000,0,0,,,,,,,0,0,0,0,0,0,0,0,0,0,0,0,0,0,0,0,0,0,0,0,0,0,0,0,0,0,0,0,0,0,0,0,0,0,0,0,0,0,0,0,0,0,0,0,0,0,0,0,0,0,0,
3,8_4,10_58_27,1.3611,0,0,0,1.361109,,2.229,0.60724,-2.133,8.831675,352.6082,5.400111E-08,0.0000,0.0000,0.0000,0.0000,0.0000,0.0000,0,0,,,,,,,0,0,0,0,0,0,0,0,0,0,0,0,0,0,0,0,0,0,0,0,0,0,0,0,0,0,0,0,0,0,0,0,0,0,0,0,0,0,0,0,0,0,0,0,0,0,0,0,0,0,0,
3,8_4,10_58_27,1.3652,0,0,0,1.365154,,2.229,0.60724,-2.133,8.710328,352.7094,0,0.0000,0.0000,0.0000,0.0000,0.0000,0.0000,0,0,,,,,,,0,0,0,0,0,0,0,0,0,0,0,0,0,0,0,0,0,0,0,0,0,0,0,0,0,0,0,0,0,0,0,0,0,0,0,0,0,0,0,0,0,0,0,0,0,0,0,0,0,0,0,
3,8_4,10_58_27,1.3686,0,0,0,1.36862,,2.229,0.60724,-2.133,8.710328,352.7094,0,0.0000,0.0000,0.0000,0.0000,0.0000,0.0000,0,0,,,,,,,0,0,0,0,0,0,0,0,0,0,0,0,0,0,0,0,0,0,0,0,0,0,0,0,0,0,0,0,0,0,0,0,0,0,0,0,0,0,0,0,0,0,0,0,0,0,0,0,0,0,0,
3,8_4,10_58_27,1.3720,0,0,0,1.371999,,2.229,0.60724,-2.133,8.473814,352.8445,0,0.0000,0.0000,0.0000,0.0000,0.0000,0.0000,0,0,,,,,,,0,0,0,0,0,0,0,0,0,0,0,0,0,0,0,0,0,0,0,0,0,0,0,0,0,0,0,0,0,0,0,0,0,0,0,0,0,0,0,0,0,0,0,0,0,0,0,0,0,0,0,
3,8_4,10_58_27,1.3755,0,0,0,1.375502,,2.229,0.60724,-2.133,8.368707,352.9321,5.393515E-08,0.0000,0.0000,0.0000,0.0000,0.0000,0.0000,0,0,,,,,,,0,0,0,0,0,0,0,0,0,0,0,0,0,0,0,0,0,0,0,0,0,0,0,0,0,0,0,0,0,0,0,0,0,0,0,0,0,0,0,0,0,0,0,0,0,0,0,0,0,0,0,
3,8_4,10_58_27,1.3790,0,0,0,1.378959,,2.229,0.60724,-2.133,8.368707,352.9321,5.393515E-08,0.0000,0.0000,0.0000,0.0000,0.0000,0.0000,0,0,,,,,,,0,0,0,0,0,0,0,0,0,0,0,0,0,0,0,0,0,0,0,0,0,0,0,0,0,0,0,0,0,0,0,0,0,0,0,0,0,0,0,0,0,0,0,0,0,0,0,0,0,0,0,
3,8_4,10_58_27,1.3828,0,0,0,1.38282,,2.229,0.60724,-2.133,8.156384,353.0479,0,0.0000,0.0000,0.0000,0.0000,0.0000,0.0000,0,0,,,,,,,0,0,0,0,0,0,0,0,0,0,0,0,0,0,0,0,0,0,0,0,0,0,0,0,0,0,0,0,0,0,0,0,0,0,0,0,0,0,0,0,0,0,0,0,0,0,0,0,0,0,0,
3,8_4,10_58_27,1.3869,0,0,0,1.386939,,2.229,0.60724,-2.133,8.012194,353.1509,-5.388687E-08,0.0000,0.0000,0.0000,0.0000,0.0000,0.0000,0,0,,,,,,,0,0,0,0,0,0,0,0,0,0,0,0,0,0,0,0,0,0,0,0,0,0,0,0,0,0,0,0,0,0,0,0,0,0,0,0,0,0,0,0,0,0,0,0,0,0,0,0,0,0,0,
3,8_4,10_58_27,1.3909,0,0,0,1.390917,,2.229,0.60724,-2.133,8.012194,353.1509,-5.388687E-08,0.0000,0.0000,0.0000,0.0000,0.0000,0.0000,0,0,,,,,,,0,0,0,0,0,0,0,0,0,0,0,0,0,0,0,0,0,0,0,0,0,0,0,0,0,0,0,0,0,0,0,0,0,0,0,0,0,0,0,0,0,0,0,0,0,0,0,0,0,0,0,
3,8_4,10_58_27,1.3950,0,0,0,1.394967,,2.229,0.60724,-2.133,7.728706,353.2927,0,0.0000,0.0000,0.0000,0.0000,0.0000,0.0000,0,0,,,,,,,0,0,0,0,0,0,0,0,0,0,0,0,0,0,0,0,0,0,0,0,0,0,0,0,0,0,0,0,0,0,0,0,0,0,0,0,0,0,0,0,0,0,0,0,0,0,0,0,0,0,0,
3,8_4,10_58_27,1.3992,0,0,0,1.399161,,2.229,0.60724,-2.133,7.602868,353.3556,-2.691706E-08,0.0000,0.0000,0.0000,0.0000,0.0000,0.0000,0,0,,,,,,,0,0,0,0,0,0,0,0,0,0,0,0,0,0,0,0,0,0,0,0,0,0,0,0,0,0,0,0,0,0,0,0,0,0,0,0,0,0,0,0,0,0,0,0,0,0,0,0,0,0,0,
3,8_4,10_58_27,1.4034,0,0,0,1.403402,,2.229,0.60724,-2.133,7.602868,353.3556,-2.691706E-08,0.0000,0.0000,0.0000,0.0000,0.0000,0.0000,0,0,,,,,,,0,0,0,0,0,0,0,0,0,0,0,0,0,0,0,0,0,0,0,0,0,0,0,0,0,0,0,0,0,0,0,0,0,0,0,0,0,0,0,0,0,0,0,0,0,0,0,0,0,0,0,
3,8_4,10_58_27,1.4071,0,0,0,1.407073,,2.229,0.60724,-2.133,7.345899,353.4657,0,0.0000,0.0000,0.0000,0.0000,0.0000,0.0000,0,0,,,,,,,0,0,0,0,0,0,0,0,0,0,0,0,0,0,0,0,0,0,0,0,0,0,0,0,0,0,0,0,0,0,0,0,0,0,0,0,0,0,0,0,0,0,0,0,0,0,0,0,0,0,0,
3,8_4,10_58_27,1.4127,0,0,0,1.412697,,2.229,0.60724,-2.133,7.064653,353.5782,0,0.0000,0.0000,0.0000,0.0000,0.0000,0.0000,0,0,,,,,,,0,0,0,0,0,0,0,0,0,0,0,0,0,0,0,0,0,0,0,0,0,0,0,0,0,0,0,0,0,0,0,0,0,0,0,0,0,0,0,0,0,0,0,0,0,0,0,0,0,0,0,
3,8_4,10_58_27,1.4161,0,0,0,1.416142,,2.229,0.60724,-2.133,7.064653,353.5782,0,0.0000,0.0000,0.0000,0.0000,0.0000,0.0000,0,0,,,,,,,0,0,0,0,0,0,0,0,0,0,0,0,0,0,0,0,0,0,0,0,0,0,0,0,0,0,0,0,0,0,0,0,0,0,0,0,0,0,0,0,0,0,0,0,0,0,0,0,0,0,0,
3,8_4,10_58_27,1.4197,0,0,0,1.419693,,2.229,0.60724,-2.133,6.869381,353.6315,2.687334E-08,0.0000,0.0000,0.0000,0.0000,0.0000,0.0000,0,0,,,,,,,0,0,0,0,0,0,0,0,0,0,0,0,0,0,0,0,0,0,0,0,0,0,0,0,0,0,0,0,0,0,0,0,0,0,0,0,0,0,0,0,0,0,0,0,0,0,0,0,0,0,0,
3,8_4,10_58_27,1.4232,0,0,0,1.423223,,2.229,0.60724,-2.133,6.781127,353.6668,2.686838E-08,0.0000,0.0000,0.0000,0.0000,0.0000,0.0000,0,0,,,,,,,0,0,0,0,0,0,0,0,0,0,0,0,0,0,0,0,0,0,0,0,0,0,0,0,0,0,0,0,0,0,0,0,0,0,0,0,0,0,0,0,0,0,0,0,0,0,0,0,0,0,0,
3,8_4,10_58_27,1.4267,0,0,0,1.426716,,2.229,0.60724,-2.133,6.781127,353.6668,2.686838E-08,0.0000,0.0000,0.0000,0.0000,0.0000,0.0000,0,0,,,,,,,0,0,0,0,0,0,0,0,0,0,0,0,0,0,0,0,0,0,0,0,0,0,0,0,0,0,0,0,0,0,0,0,0,0,0,0,0,0,0,0,0,0,0,0,0,0,0,0,0,0,0,
3,8_4,10_58_27,1.4303,0,0,0,1.430338,,2.229,0.60724,-2.133,6.600072,353.703,0,0.0000,0.0000,0.0000,0.0000,0.0000,0.0000,0,0,,,,,,,0,0,0,0,0,0,0,0,0,0,0,0,0,0,0,0,0,0,0,0,0,0,0,0,0,0,0,0,0,0,0,0,0,0,0,0,0,0,0,0,0,0,0,0,0,0,0,0,0,0,0,
3,8_4,10_58_27,1.4338,0,0,0,1.433779,,2.229,0.60724,-2.133,6.514032,353.7546,0,0.0000,0.0000,0.0000,0.0000,0.0000,0.0000,0,0,,,,,,,0,0,0,0,0,0,0,0,0,0,0,0,0,0,0,0,0,0,0,0,0,0,0,0,0,0,0,0,0,0,0,0,0,0,0,0,0,0,0,0,0,0,0,0,0,0,0,0,0,0,0,
3,8_4,10_58_27,1.4373,0,0,0,1.437263,,2.229,0.60724,-2.133,6.514032,353.7546,0,0.0000,0.0000,0.0000,0.0000,0.0000,0.0000,0,0,,,,,,,0,0,0,0,0,0,0,0,0,0,0,0,0,0,0,0,0,0,0,0,0,0,0,0,0,0,0,0,0,0,0,0,0,0,0,0,0,0,0,0,0,0,0,0,0,0,0,0,0,0,0,
3,8_4,10_58_27,1.4411,0,0,0,1.441145,,2.229,0.60724,-2.133,6.339321,353.8128,0,0.0000,0.0000,0.0000,0.0000,0.0000,0.0000,0,0,,,,,,,0,0,0,0,0,0,0,0,0,0,0,0,0,0,0,0,0,0,0,0,0,0,0,0,0,0,0,0,0,0,0,0,0,0,0,0,0,0,0,0,0,0,0,0,0,0,0,0,0,0,0,
3,8_4,10_58_27,1.4447,0,0,0,1.444677,,2.229,0.60724,-2.133,6.233366,353.8305,0,0.0000,0.0000,0.0000,0.0000,0.0000,0.0000,0,0,,,,,,,0,0,0,0,0,0,0,0,0,0,0,0,0,0,0,0,0,0,0,0,0,0,0,0,0,0,0,0,0,0,0,0,0,0,0,0,0,0,0,0,0,0,0,0,0,0,0,0,0,0,0,
3,8_4,10_58_27,1.4482,0,0,0,1.448204,,2.229,0.60724,-2.133,6.233366,353.8305,0,0.0000,0.0000,0.0000,0.0000,0.0000,0.0000,0,0,,,,,,,0,0,0,0,0,0,0,0,0,0,0,0,0,0,0,0,0,0,0,0,0,0,0,0,0,0,0,0,0,0,0,0,0,0,0,0,0,0,0,0,0,0,0,0,0,0,0,0,0,0,0,
3,8_4,10_58_27,1.4518,0,0,0,1.4518,,2.229,0.60724,-2.133,6.071556,353.8665,0,0.0000,0.0000,0.0000,0.0000,0.0000,0.0000,0,0,,,,,,,0,0,0,0,0,0,0,0,0,0,0,0,0,0,0,0,0,0,0,0,0,0,0,0,0,0,0,0,0,0,0,0,0,0,0,0,0,0,0,0,0,0,0,0,0,0,0,0,0,0,0,
3,8_4,10_58_27,1.4553,0,0,0,1.455251,,2.229,0.60724,-2.133,5.985278,353.901,0,0.0000,0.0000,0.0000,0.0000,0.0000,0.0000,0,0,,,,,,,0,0,0,0,0,0,0,0,0,0,0,0,0,0,0,0,0,0,0,0,0,0,0,0,0,0,0,0,0,0,0,0,0,0,0,0,0,0,0,0,0,0,0,0,0,0,0,0,0,0,0,
3,8_4,10_58_27,1.4588,0,0,0,1.458805,,2.229,0.60724,-2.133,5.985278,353.901,0,0.0000,0.0000,0.0000,0.0000,0.0000,0.0000,0,0,,,,,,,0,0,0,0,0,0,0,0,0,0,0,0,0,0,0,0,0,0,0,0,0,0,0,0,0,0,0,0,0,0,0,0,0,0,0,0,0,0,0,0,0,0,0,0,0,0,0,0,0,0,0,
3,8_4,10_58_27,1.4623,0,0,0,1.462274,,2.229,0.60724,-2.133,5.846514,353.953,0,0.0000,0.0000,0.0000,0.0000,0.0000,0.0000,0,0,,,,,,,0,0,0,0,0,0,0,0,0,0,0,0,0,0,0,0,0,0,0,0,0,0,0,0,0,0,0,0,0,0,0,0,0,0,0,0,0,0,0,0,0,0,0,0,0,0,0,0,0,0,0,
3,8_4,10_58_27,1.4660,0,0,0,1.466038,,2.229,0.60724,-2.133,5.733606,353.9718,0,0.0000,0.0000,0.0000,0.0000,0.0000,0.0000,0,0,,,,,,,0,0,0,0,0,0,0,0,0,0,0,0,0,0,0,0,0,0,0,0,0,0,0,0,0,0,0,0,0,0,0,0,0,0,0,0,0,0,0,0,0,0,0,0,0,0,0,0,0,0,0,
3,8_4,10_58_27,1.4704,0,0,0,1.470354,,2.229,0.60724,-2.133,5.733606,353.9718,0,0.0000,0.0000,0.0000,0.0000,0.0000,0.0000,0,0,,,,,,,0,0,0,0,0,0,0,0,0,0,0,0,0,0,0,0,0,0,0,0,0,0,0,0,0,0,0,0,0,0,0,0,0,0,0,0,0,0,0,0,0,0,0,0,0,0,0,0,0,0,0,
3,8_4,10_58_27,1.4741,0,0,0,1.474131,,2.229,0.60724,-2.133,5.563646,354.0285,0,0.0000,0.0000,0.0000,0.0000,0.0000,0.0000,0,0,,,,,,,0,0,0,0,0,0,0,0,0,0,0,0,0,0,0,0,0,0,0,0,0,0,0,0,0,0,0,0,0,0,0,0,0,0,0,0,0,0,0,0,0,0,0,0,0,0,0,0,0,0,0,
3,8_4,10_58_27,1.4782,0,0,0,1.478155,,2.229,0.60724,-2.133,5.503282,354.0687,0,0.0000,0.0000,0.0000,0.0000,0.0000,0.0000,0,0,,,,,,,0,0,0,0,0,0,0,0,0,0,0,0,0,0,0,0,0,0,0,0,0,0,0,0,0,0,0,0,0,0,0,0,0,0,0,0,0,0,0,0,0,0,0,0,0,0,0,0,0,0,0,
3,8_4,10_58_27,1.4818,0,0,0,1.481834,,2.229,0.60724,-2.133,5.503282,354.0687,0,0.0000,0.0000,0.0000,0.0000,0.0000,0.0000,0,0,,,,,,,0,0,0,0,0,0,0,0,0,0,0,0,0,0,0,0,0,0,0,0,0,0,0,0,0,0,0,0,0,0,0,0,0,0,0,0,0,0,0,0,0,0,0,0,0,0,0,0,0,0,0,
3,8_4,10_58_27,1.4856,0,0,0,1.485594,,2.229,0.60724,-2.133,5.371683,354.1063,0,0.0000,0.0000,0.0000,0.0000,0.0000,0.0000,0,0,,,,,,,0,0,0,0,0,0,0,0,0,0,0,0,0,0,0,0,0,0,0,0,0,0,0,0,0,0,0,0,0,0,0,0,0,0,0,0,0,0,0,0,0,0,0,0,0,0,0,0,0,0,0,
3,8_4,10_58_27,1.4893,0,0,0,1.489288,,2.229,0.60724,-2.133,5.334737,354.1248,0,0.0000,0.0000,0.0000,0.0000,0.0000,0.0000,0,0,,,,,,,0,0,0,0,0,0,0,0,0,0,0,0,0,0,0,0,0,0,0,0,0,0,0,0,0,0,0,0,0,0,0,0,0,0,0,0,0,0,0,0,0,0,0,0,0,0,0,0,0,0,0,
3,8_4,10_58_27,1.4929,0,0,0,1.492876,,2.229,0.60724,-2.133,5.334737,354.1248,0,0.0000,0.0000,0.0000,0.0000,0.0000,0.0000,0,0,,,,,,,0,0,0,0,0,0,0,0,0,0,0,0,0,0,0,0,0,0,0,0,0,0,0,0,0,0,0,0,0,0,0,0,0,0,0,0,0,0,0,0,0,0,0,0,0,0,0,0,0,0,0,
3,8_4,10_58_27,1.4963,0,0,0,1.496304,,2.229,0.60724,-2.133,5.249054,354.1419,0,0.0000,0.0000,0.0000,0.0000,0.0000,0.0000,0,0,,,,,,,0,0,0,0,0,0,0,0,0,0,0,0,0,0,0,0,0,0,0,0,0,0,0,0,0,0,0,0,0,0,0,0,0,0,0,0,0,0,0,0,0,0,0,0,0,0,0,0,0,0,0,
3,8_4,10_58_27,1.4998,0,0,0,1.499788,,2.229,0.60724,-2.133,5.214211,354.1768,-2.679129E-08,0.0000,0.0000,0.0000,0.0000,0.0000,0.0000,0,0,,,,,,,0,0,0,0,0,0,0,0,0,0,0,0,0,0,0,0,0,0,0,0,0,0,0,0,0,0,0,0,0,0,0,0,0,0,0,0,0,0,0,0,0,0,0,0,0,0,0,0,0,0,0,
3,8_4,10_58_27,1.5032,0,0,0,1.503235,,2.229,0.60724,-2.133,5.214211,354.1768,-2.679129E-08,0.0000,0.0000,0.0000,0.0000,0.0000,0.0000,0,0,,,,,,,0,0,0,0,0,0,0,0,0,0,0,0,0,0,0,0,0,0,0,0,0,0,0,0,0,0,0,0,0,0,0,0,0,0,0,0,0,0,0,0,0,0,0,0,0,0,0,0,0,0,0,
3,8_4,10_58_27,1.5068,0,0,0,1.506843,,2.229,0.60724,-2.133,5.160081,354.1948,-2.678899E-08,0.0000,0.0000,0.0000,0.0000,0.0000,0.0000,0,0,,,,,,,0,0,0,0,0,0,0,0,0,0,0,0,0,0,0,0,0,0,0,0,0,0,0,0,0,0,0,0,0,0,0,0,0,0,0,0,0,0,0,0,0,0,0,0,0,0,0,0,0,0,0,
3,8_4,10_58_27,1.5103,0,0,0,1.510334,,2.229,0.60724,-2.133,5.125179,354.1948,2.678753E-08,0.0000,0.0000,0.0000,0.0000,0.0000,0.0000,0,0,,,,,,,0,0,0,0,0,0,0,0,0,0,0,0,0,0,0,0,0,0,0,0,0,0,0,0,0,0,0,0,0,0,0,0,0,0,0,0,0,0,0,0,0,0,0,0,0,0,0,0,0,0,0,
3,8_4,10_58_27,1.5138,0,0,0,1.513753,,2.229,0.60724,-2.133,5.125179,354.1948,2.678753E-08,0.0000,0.0000,0.0000,0.0000,0.0000,0.0000,0,0,,,,,,,0,0,0,0,0,0,0,0,0,0,0,0,0,0,0,0,0,0,0,0,0,0,0,0,0,0,0,0,0,0,0,0,0,0,0,0,0,0,0,0,0,0,0,0,0,0,0,0,0,0,0,
3,8_4,10_58_27,1.5176,0,0,0,1.517575,,2.229,0.60724,-2.133,5.048754,354.2139,0,0.0000,0.0000,0.0000,0.0000,0.0000,0.0000,0,0,,,,,,,0,0,0,0,0,0,0,0,0,0,0,0,0,0,0,0,0,0,0,0,0,0,0,0,0,0,0,0,0,0,0,0,0,0,0,0,0,0,0,0,0,0,0,0,0,0,0,0,0,0,0,
3,8_4,10_58_27,1.5209,0,0,0,1.520937,,2.229,0.60724,-2.133,5.048754,354.2139,0,0.0000,0.0000,0.0000,0.0000,0.0000,0.0000,0,0,,,,,,,0,0,0,0,0,0,0,0,0,0,0,0,0,0,0,0,0,0,0,0,0,0,0,0,0,0,0,0,0,0,0,0,0,0,0,0,0,0,0,0,0,0,0,0,0,0,0,0,0,0,0,
3,8_4,10_58_27,1.5246,0,0,0,1.52459,,2.229,0.60724,-2.133,5.048754,354.2322,0,0.0000,0.0000,0.0000,0.0000,0.0000,0.0000,0,0,,,,,,,0,0,0,0,0,0,0,0,0,0,0,0,0,0,0,0,0,0,0,0,0,0,0,0,0,0,0,0,0,0,0,0,0,0,0,0,0,0,0,0,0,0,0,0,0,0,0,0,0,0,0,
3,8_4,10_58_27,1.5281,0,0,0,1.528055,,2.229,0.60724,-2.133,5.031427,354.2322,0,0.0000,0.0000,0.0000,0.0000,0.0000,0.0000,0,0,,,,,,,0,0,0,0,0,0,0,0,0,0,0,0,0,0,0,0,0,0,0,0,0,0,0,0,0,0,0,0,0,0,0,0,0,0,0,0,0,0,0,0,0,0,0,0,0,0,0,0,0,0,0,
3,8_4,10_58_27,1.5322,0,0,0,1.532222,,2.229,0.60724,-2.133,5.031427,354.2322,0,0.0000,0.0000,0.0000,0.0000,0.0000,0.0000,0,0,,,,,,,0,0,0,0,0,0,0,0,0,0,0,0,0,0,0,0,0,0,0,0,0,0,0,0,0,0,0,0,0,0,0,0,0,0,0,0,0,0,0,0,0,0,0,0,0,0,0,0,0,0,0,
3,8_4,10_58_27,1.5361,0,0,0,1.536115,,2.229,0.60724,-2.133,5.031427,354.2322,0,0.0000,0.0000,0.0000,0.0000,0.0000,0.0000,0,0,,,,,,,0,0,0,0,0,0,0,0,0,0,0,0,0,0,0,0,0,0,0,0,0,0,0,0,0,0,0,0,0,0,0,0,0,0,0,0,0,0,0,0,0,0,0,0,0,0,0,0,0,0,0,
3,8_4,10_58_27,1.5399,0,0,0,1.539878,,2.229,0.60724,-2.133,5.031427,354.2322,0,0.0000,0.0000,0.0000,0.0000,0.0000,0.0000,0,0,,,,,,,0,0,0,0,0,0,0,0,0,0,0,0,0,0,0,0,0,0,0,0,0,0,0,0,0,0,0,0,0,0,0,0,0,0,0,0,0,0,0,0,0,0,0,0,0,0,0,0,0,0,0,
3,8_4,10_58_27,1.5438,0,0,0,1.543821,,2.229,0.60724,-2.133,5.031427,354.2322,0,0.0000,0.0000,0.0000,0.0000,0.0000,0.0000,0,0,,,,,,,0,0,0,0,0,0,0,0,0,0,0,0,0,0,0,0,0,0,0,0,0,0,0,0,0,0,0,0,0,0,0,0,0,0,0,0,0,0,0,0,0,0,0,0,0,0,0,0,0,0,0,
3,8_4,10_58_27,1.5473,0,0,0,1.547339,,2.229,0.60724,-2.133,5.031427,354.2322,0,0.0000,0.0000,0.0000,0.0000,0.0000,0.0000,0,0,,,,,,,0,0,0,0,0,0,0,0,0,0,0,0,0,0,0,0,0,0,0,0,0,0,0,0,0,0,0,0,0,0,0,0,0,0,0,0,0,0,0,0,0,0,0,0,0,0,0,0,0,0,0,
3,8_4,10_58_27,1.5506,0,0,0,1.550647,,2.229,0.60724,-2.133,5.031427,354.2322,0,0.0000,0.0000,0.0000,0.0000,0.0000,0.0000,0,0,,,,,,,0,0,0,0,0,0,0,0,0,0,0,0,0,0,0,0,0,0,0,0,0,0,0,0,0,0,0,0,0,0,0,0,0,0,0,0,0,0,0,0,0,0,0,0,0,0,0,0,0,0,0,
3,8_4,10_58_27,1.5541,0,0,0,1.55409,,2.229,0.60724,-2.133,5.031427,354.2322,0,0.0000,0.0000,0.0000,0.0000,0.0000,0.0000,0,0,,,,,,,0,0,0,0,0,0,0,0,0,0,0,0,0,0,0,0,0,0,0,0,0,0,0,0,0,0,0,0,0,0,0,0,0,0,0,0,0,0,0,0,0,0,0,0,0,0,0,0,0,0,0,
3,8_4,10_58_27,1.5576,0,0,0,1.557556,,2.229,0.60724,-2.133,5.031427,354.2322,0,0.0000,0.0000,0.0000,0.0000,0.0000,0.0000,0,0,,,,,,,0,0,0,0,0,0,0,0,0,0,0,0,0,0,0,0,0,0,0,0,0,0,0,0,0,0,0,0,0,0,0,0,0,0,0,0,0,0,0,0,0,0,0,0,0,0,0,0,0,0,0,
3,8_4,10_58_27,1.5614,0,0,0,1.561413,,2.229,0.60724,-2.133,5.031427,354.2322,0,0.0000,0.0000,0.0000,0.0000,0.0000,0.0000,0,0,,,,,,,0,0,0,0,0,0,0,0,0,0,0,0,0,0,0,0,0,0,0,0,0,0,0,0,0,0,0,0,0,0,0,0,0,0,0,0,0,0,0,0,0,0,0,0,0,0,0,0,0,0,0,
3,8_4,10_58_27,1.5650,0,0,0,1.56496,,2.229,0.60724,-2.133,5.031427,354.2499,0,0.0000,0.0000,0.0000,0.0000,0.0000,0.0000,0,0,,,,,,,0,0,0,0,0,0,0,0,0,0,0,0,0,0,0,0,0,0,0,0,0,0,0,0,0,0,0,0,0,0,0,0,0,0,0,0,0,0,0,0,0,0,0,0,0,0,0,0,0,0,0,
3,8_4,10_58_27,1.5683,0,0,0,1.568338,,2.229,0.60724,-2.133,5.031427,354.2499,0,0.0000,0.0000,0.0000,0.0000,0.0000,0.0000,0,0,,,,,,,0,0,0,0,0,0,0,0,0,0,0,0,0,0,0,0,0,0,0,0,0,0,0,0,0,0,0,0,0,0,0,0,0,0,0,0,0,0,0,0,0,0,0,0,0,0,0,0,0,0,0,
3,8_4,10_58_27,1.5719,0,0,0,1.571929,,2.229,0.60724,-2.133,5.031427,354.2499,0,0.0000,0.0000,0.0000,0.0000,0.0000,0.0000,0,0,,,,,,,0,0,0,0,0,0,0,0,0,0,0,0,0,0,0,0,0,0,0,0,0,0,0,0,0,0,0,0,0,0,0,0,0,0,0,0,0,0,0,0,0,0,0,0,0,0,0,0,0,0,0,
3,8_4,10_58_27,1.5754,0,0,0,1.575418,,2.229,0.60724,-2.133,5.031427,354.2499,0,0.0000,0.0000,0.0000,0.0000,0.0000,0.0000,0,0,,,,,,,0,0,0,0,0,0,0,0,0,0,0,0,0,0,0,0,0,0,0,0,0,0,0,0,0,0,0,0,0,0,0,0,0,0,0,0,0,0,0,0,0,0,0,0,0,0,0,0,0,0,0,
3,8_4,10_58_27,1.5788,0,0,0,1.578796,,2.229,0.60724,-2.133,5.031427,354.2499,0,0.0000,0.0000,0.0000,0.0000,0.0000,0.0000,0,0,,,,,,,0,0,0,0,0,0,0,0,0,0,0,0,0,0,0,0,0,0,0,0,0,0,0,0,0,0,0,0,0,0,0,0,0,0,0,0,0,0,0,0,0,0,0,0,0,0,0,0,0,0,0,
3,8_4,10_58_27,1.5822,0,0,0,1.582162,,2.229,0.60724,-2.133,5.031427,354.2499,0,0.0000,0.0000,0.0000,0.0000,0.0000,0.0000,0,0,,,,,,,0,0,0,0,0,0,0,0,0,0,0,0,0,0,0,0,0,0,0,0,0,0,0,0,0,0,0,0,0,0,0,0,0,0,0,0,0,0,0,0,0,0,0,0,0,0,0,0,0,0,0,
3,8_4,10_58_27,1.5857,0,0,0,1.585702,,2.229,0.60724,-2.133,5.049129,354.2499,-2.678436E-08,0.0000,0.0000,0.0000,0.0000,0.0000,0.0000,0,0,,,,,,,0,0,0,0,0,0,0,0,0,0,0,0,0,0,0,0,0,0,0,0,0,0,0,0,0,0,0,0,0,0,0,0,0,0,0,0,0,0,0,0,0,0,0,0,0,0,0,0,0,0,0,
3,8_4,10_58_27,1.5891,0,0,0,1.58909,,2.229,0.60724,-2.133,5.049129,354.2499,-2.678436E-08,0.0000,0.0000,0.0000,0.0000,0.0000,0.0000,0,0,,,,,,,0,0,0,0,0,0,0,0,0,0,0,0,0,0,0,0,0,0,0,0,0,0,0,0,0,0,0,0,0,0,0,0,0,0,0,0,0,0,0,0,0,0,0,0,0,0,0,0,0,0,0,
3,8_4,10_58_27,1.5926,0,0,0,1.592579,,2.229,0.60724,-2.133,5.049129,354.2499,-2.678436E-08,0.0000,0.0000,0.0000,0.0000,0.0000,0.0000,0,0,,,,,,,0,0,0,0,0,0,0,0,0,0,0,0,0,0,0,0,0,0,0,0,0,0,0,0,0,0,0,0,0,0,0,0,0,0,0,0,0,0,0,0,0,0,0,0,0,0,0,0,0,0,0,
3,8_4,10_58_27,1.5961,0,0,0,1.596082,,2.229,0.60724,-2.133,5.049129,354.2499,-2.678436E-08,0.0000,0.0000,0.0000,0.0000,0.0000,0.0000,0,0,,,,,,,0,0,0,0,0,0,0,0,0,0,0,0,0,0,0,0,0,0,0,0,0,0,0,0,0,0,0,0,0,0,0,0,0,0,0,0,0,0,0,0,0,0,0,0,0,0,0,0,0,0,0,
3,8_4,10_58_27,1.5999,0,0,0,1.599892,,2.229,0.60724,-2.133,5.049129,354.2499,-2.678436E-08,0.0000,0.0000,0.0000,0.0000,0.0000,0.0000,0,0,,,,,,,0,0,0,0,0,0,0,0,0,0,0,0,0,0,0,0,0,0,0,0,0,0,0,0,0,0,0,0,0,0,0,0,0,0,0,0,0,0,0,0,0,0,0,0,0,0,0,0,0,0,0,
3,8_4,10_58_27,1.6040,0,0,0,1.604003,,2.229,0.60724,-2.133,5.049129,354.2499,-2.678436E-08,0.0000,0.0000,0.0000,0.0000,0.0000,0.0000,0,0,,,,,,,0,0,0,0,0,0,0,0,0,0,0,0,0,0,0,0,0,0,0,0,0,0,0,0,0,0,0,0,0,0,0,0,0,0,0,0,0,0,0,0,0,0,0,0,0,0,0,0,0,0,0,
3,8_4,10_58_27,1.6074,0,0,0,1.607413,,2.229,0.60724,-2.133,5.049129,354.2499,-2.678436E-08,0.0000,0.0000,0.0000,0.0000,0.0000,0.0000,0,0,,,,,,,0,0,0,0,0,0,0,0,0,0,0,0,0,0,0,0,0,0,0,0,0,0,0,0,0,0,0,0,0,0,0,0,0,0,0,0,0,0,0,0,0,0,0,0,0,0,0,0,0,0,0,
3,8_4,10_58_27,1.6122,0,0,0,1.612153,,2.229,0.60724,-2.133,5.072829,354.2499,0,0.0000,0.0000,0.0000,0.0000,0.0000,0.0000,0,0,,,,,,,0,0,0,0,0,0,0,0,0,0,0,0,0,0,0,0,0,0,0,0,0,0,0,0,0,0,0,0,0,0,0,0,0,0,0,0,0,0,0,0,0,0,0,0,0,0,0,0,0,0,0,
3,8_4,10_58_27,1.6158,0,0,0,1.615846,,2.229,0.60724,-2.133,5.07283,354.2868,-2.678534E-08,0.0000,0.0000,0.0000,0.0000,0.0000,0.0000,0,0,,,,,,,0,0,0,0,0,0,0,0,0,0,0,0,0,0,0,0,0,0,0,0,0,0,0,0,0,0,0,0,0,0,0,0,0,0,0,0,0,0,0,0,0,0,0,0,0,0,0,0,0,0,0,
3,8_4,10_58_27,1.6203,0,0,0,1.620292,,2.229,0.60724,-2.133,5.117288,354.3535,0,0.0000,0.0000,0.0000,0.0000,0.0000,0.0000,0,0,,,,,,,0,0,0,0,0,0,0,0,0,0,0,0,0,0,0,0,0,0,0,0,0,0,0,0,0,0,0,0,0,0,0,0,0,0,0,0,0,0,0,0,0,0,0,0,0,0,0,0,0,0,0,
3,8_4,10_58_27,1.6241,0,0,0,1.624128,,2.229,0.60724,-2.133,5.13647,354.4303,-2.6788E-08,0.0000,0.0000,0.0000,0.0000,0.0000,0.0000,0,0,,,,,,,0,0,0,0,0,0,0,0,0,0,0,0,0,0,0,0,0,0,0,0,0,0,0,0,0,0,0,0,0,0,0,0,0,0,0,0,0,0,0,0,0,0,0,0,0,0,0,0,0,0,0,
3,8_4,10_58_27,1.6281,0,0,0,1.628117,,2.229,0.60724,-2.133,5.196304,354.51,0,0.0000,0.0000,0.0000,0.0000,0.0000,0.0000,0,0,,,,,,,0,0,0,0,0,0,0,0,0,0,0,0,0,0,0,0,0,0,0,0,0,0,0,0,0,0,0,0,0,0,0,0,0,0,0,0,0,0,0,0,0,0,0,0,0,0,0,0,0,0,0,
3,8_4,10_58_27,1.6323,0,0,0,1.632321,,2.229,0.60724,-2.133,5.238346,354.6992,2.679232E-08,0.0000,0.0000,0.0000,0.0000,0.0000,0.0000,0,0,,,,,,,0,0,0,0,0,0,0,0,0,0,0,0,0,0,0,0,0,0,0,0,0,0,0,0,0,0,0,0,0,0,0,0,0,0,0,0,0,0,0,0,0,0,0,0,0,0,0,0,0,0,0,
3,8_4,10_58_27,1.6360,0,0,0,1.635968,,2.229,0.60724,-2.133,5.256577,354.8268,0,0.0000,0.0000,0.0000,0.0000,0.0000,0.0000,0,0,,,,,,,0,0,0,0,0,0,0,0,0,0,0,0,0,0,0,0,0,0,0,0,0,0,0,0,0,0,0,0,0,0,0,0,0,0,0,0,0,0,0,0,0,0,0,0,0,0,0,0,0,0,0,
3,8_4,10_58_27,1.6399,0,0,0,1.639922,,2.229,0.60724,-2.133,5.315888,355.0048,0,0.0000,0.0000,0.0000,0.0000,0.0000,0.0000,0,0,,,,,,,0,0,0,0,0,0,0,0,0,0,0,0,0,0,0,0,0,0,0,0,0,0,0,0,0,0,0,0,0,0,0,0,0,0,0,0,0,0,0,0,0,0,0,0,0,0,0,0,0,0,0,
3,8_4,10_58_27,1.6433,0,0,0,1.643287,,2.229,0.60724,-2.133,5.315889,355.0889,0,0.0000,0.0000,0.0000,0.0000,0.0000,0.0000,0,0,,,,,,,0,0,0,0,0,0,0,0,0,0,0,0,0,0,0,0,0,0,0,0,0,0,0,0,0,0,0,0,0,0,0,0,0,0,0,0,0,0,0,0,0,0,0,0,0,0,0,0,0,0,0,
3,8_4,10_58_27,1.6471,0,0,0,1.647137,,2.229,0.60724,-2.133,5.373633,355.2621,0,0.0000,0.0000,0.0000,0.0000,0.0000,0.0000,0,0,,,,,,,0,0,0,0,0,0,0,0,0,0,0,0,0,0,0,0,0,0,0,0,0,0,0,0,0,0,0,0,0,0,0,0,0,0,0,0,0,0,0,0,0,0,0,0,0,0,0,0,0,0,0,
3,8_4,10_58_27,1.6513,0,0,0,1.651327,,2.229,0.60724,-2.133,5.394581,355.4716,0,0.0000,0.0000,0.0000,0.0000,0.0000,0.0000,0,0,,,,,,,0,0,0,0,0,0,0,0,0,0,0,0,0,0,0,0,0,0,0,0,0,0,0,0,0,0,0,0,0,0,0,0,0,0,0,0,0,0,0,0,0,0,0,0,0,0,0,0,0,0,0,
3,8_4,10_58_27,1.6552,0,0,0,1.655215,,2.229,0.60724,-2.133,5.43346,355.6271,0,0.0000,0.0000,0.0000,0.0000,0.0000,0.0000,0,0,,,,,,,0,0,0,0,0,0,0,0,0,0,0,0,0,0,0,0,0,0,0,0,0,0,0,0,0,0,0,0,0,0,0,0,0,0,0,0,0,0,0,0,0,0,0,0,0,0,0,0,0,0,0,
3,8_4,10_58_27,1.6587,0,0,0,1.658718,,2.229,0.60724,-2.133,5.450979,355.8023,1.340081E-08,0.0000,0.0000,0.0000,0.0000,0.0000,0.0000,0,0,,,,,,,0,0,0,0,0,0,0,0,0,0,0,0,0,0,0,0,0,0,0,0,0,0,0,0,0,0,0,0,0,0,0,0,0,0,0,0,0,0,0,0,0,0,0,0,0,0,0,0,0,0,0,
3,8_4,10_58_27,1.6626,0,0,0,1.66256,,2.229,0.60724,-2.133,5.470189,355.956,0,0.0000,0.0000,0.0000,0.0000,0.0000,0.0000,0,0,,,,,,,0,0,0,0,0,0,0,0,0,0,0,0,0,0,0,0,0,0,0,0,0,0,0,0,0,0,0,0,0,0,0,0,0,0,0,0,0,0,0,0,0,0,0,0,0,0,0,0,0,0,0,
3,8_4,10_58_27,1.6665,0,0,0,1.666512,,2.229,0.60724,-2.133,5.509703,356.1536,0,0.0000,0.0000,0.0000,0.0000,0.0000,0.0000,0,0,,,,,,,0,0,0,0,0,0,0,0,0,0,0,0,0,0,0,0,0,0,0,0,0,0,0,0,0,0,0,0,0,0,0,0,0,0,0,0,0,0,0,0,0,0,0,0,0,0,0,0,0,0,0,
3,8_4,10_58_27,1.6706,0,0,0,1.670553,,2.229,0.60724,-2.133,5.550121,356.3152,-1.340305E-08,0.0000,0.0000,0.0000,0.0000,0.0000,0.0000,0,0,,,,,,,0,0,0,0,0,0,0,0,0,0,0,0,0,0,0,0,0,0,0,0,0,0,0,0,0,0,0,0,0,0,0,0,0,0,0,0,0,0,0,0,0,0,0,0,0,0,0,0,0,0,0,
3,8_4,10_58_27,1.6740,0,0,0,1.67401,,2.229,0.60724,-2.133,5.567405,356.4535,0,0.0000,0.0000,0.0000,0.0000,0.0000,0.0000,0,0,,,,,,,0,0,0,0,0,0,0,0,0,0,0,0,0,0,0,0,0,0,0,0,0,0,0,0,0,0,0,0,0,0,0,0,0,0,0,0,0,0,0,0,0,0,0,0,0,0,0,0,0,0,0,
3,8_4,10_58_27,1.6781,0,0,0,1.678094,,2.229,0.60724,-2.133,5.587824,356.6373,1.340391E-08,0.0000,0.0000,0.0000,0.0000,0.0000,0.0000,0,0,,,,,,,0,0,0,0,0,0,0,0,0,0,0,0,0,0,0,0,0,0,0,0,0,0,0,0,0,0,0,0,0,0,0,0,0,0,0,0,0,0,0,0,0,0,0,0,0,0,0,0,0,0,0,
3,8_4,10_58_27,1.6818,0,0,0,1.681774,,2.229,0.60724,-2.133,5.587825,356.7845,-1.340391E-08,0.0000,0.0000,0.0000,0.0000,0.0000,0.0000,0,0,,,,,,,0,0,0,0,0,0,0,0,0,0,0,0,0,0,0,0,0,0,0,0,0,0,0,0,0,0,0,0,0,0,0,0,0,0,0,0,0,0,0,0,0,0,0,0,0,0,0,0,0,0,0,
3,8_4,10_58_27,1.6858,0,0,0,1.685802,,2.229,0.60724,-2.133,5.607967,356.9658,-1.340437E-08,0.0000,0.0000,0.0000,0.0000,0.0000,0.0000,0,0,,,,,,,0,0,0,0,0,0,0,0,0,0,0,0,0,0,0,0,0,0,0,0,0,0,0,0,0,0,0,0,0,0,0,0,0,0,0,0,0,0,0,0,0,0,0,0,0,0,0,0,0,0,0,
3,8_4,10_58_27,1.6897,0,0,0,1.689712,,2.229,0.60724,-2.133,5.627518,357.1026,0,0.0000,0.0000,0.0000,0.0000,0.0000,0.0000,0,0,,,,,,,0,0,0,0,0,0,0,0,0,0,0,0,0,0,0,0,0,0,0,0,0,0,0,0,0,0,0,0,0,0,0,0,0,0,0,0,0,0,0,0,0,0,0,0,0,0,0,0,0,0,0,
3,8_4,10_58_27,1.6937,0,0,0,1.693652,,2.229,0.60724,-2.133,5.627518,357.2799,1.340482E-08,0.0000,0.0000,0.0000,0.0000,0.0000,0.0000,0,0,,,,,,,0,0,0,0,0,0,0,0,0,0,0,0,0,0,0,0,0,0,0,0,0,0,0,0,0,0,0,0,0,0,0,0,0,0,0,0,0,0,0,0,0,0,0,0,0,0,0,0,0,0,0,
3,8_4,10_58_27,1.6981,0,0,0,1.698144,,2.229,0.60724,-2.133,5.649975,357.4371,1.340534E-08,0.0000,0.0000,0.0000,0.0000,0.0000,0.0000,0,0,,,,,,,0,0,0,0,0,0,0,0,0,0,0,0,0,0,0,0,0,0,0,0,0,0,0,0,0,0,0,0,0,0,0,0,0,0,0,0,0,0,0,0,0,0,0,0,0,0,0,0,0,0,0,
3,8_4,10_58_27,1.7016,0,0,0,1.701583,,2.229,0.60724,-2.133,5.649975,357.5919,0,0.0000,0.0000,0.0000,0.0000,0.0000,0.0000,0,0,,,,,,,0,0,0,0,0,0,0,0,0,0,0,0,0,0,0,0,0,0,0,0,0,0,0,0,0,0,0,0,0,0,0,0,0,0,0,0,0,0,0,0,0,0,0,0,0,0,0,0,0,0,0,
3,8_4,10_58_27,1.7054,0,0,0,1.705404,,2.229,0.60724,-2.133,5.669082,357.6874,0,0.0000,0.0000,0.0000,0.0000,0.0000,0.0000,0,0,,,,,,,0,0,0,0,0,0,0,0,0,0,0,0,0,0,0,0,0,0,0,0,0,0,0,0,0,0,0,0,0,0,0,0,0,0,0,0,0,0,0,0,0,0,0,0,0,0,0,0,0,0,0,
3,8_4,10_58_27,1.7091,0,0,0,1.709114,,2.229,0.60724,-2.133,5.687632,357.8358,0,0.0000,0.0000,0.0000,0.0000,0.0000,0.0000,0,0,,,,,,,0,0,0,0,0,0,0,0,0,0,0,0,0,0,0,0,0,0,0,0,0,0,0,0,0,0,0,0,0,0,0,0,0,0,0,0,0,0,0,0,0,0,0,0,0,0,0,0,0,0,0,
3,8_4,10_58_27,1.7129,0,0,0,1.712901,,2.229,0.60724,-2.133,5.687633,357.9684,-1.340621E-08,0.0000,0.0000,0.0000,0.0000,0.0000,0.0000,0,0,,,,,,,0,0,0,0,0,0,0,0,0,0,0,0,0,0,0,0,0,0,0,0,0,0,0,0,0,0,0,0,0,0,0,0,0,0,0,0,0,0,0,0,0,0,0,0,0,0,0,0,0,0,0,
3,8_4,10_58_27,1.7164,0,0,0,1.716396,,2.229,0.60724,-2.133,5.687633,357.9684,-1.340621E-08,0.0000,0.0000,0.0000,0.0000,0.0000,0.0000,0,0,,,,,,,0,0,0,0,0,0,0,0,0,0,0,0,0,0,0,0,0,0,0,0,0,0,0,0,0,0,0,0,0,0,0,0,0,0,0,0,0,0,0,0,0,0,0,0,0,0,0,0,0,0,0,
3,8_4,10_58_27,1.7203,0,0,0,1.720289,,2.229,0.60724,-2.133,5.726563,358.2214,6.703561E-09,0.0000,0.0000,0.0000,0.0000,0.0000,0.0000,0,0,,,,,,,0,0,0,0,0,0,0,0,0,0,0,0,0,0,0,0,0,0,0,0,0,0,0,0,0,0,0,0,0,0,0,0,0,0,0,0,0,0,0,0,0,0,0,0,0,0,0,0,0,0,0,
3,8_4,10_58_27,1.7239,0,0,0,1.723938,,2.229,0.60724,-2.133,5.744803,358.3856,6.703775E-09,0.0000,0.0000,0.0000,0.0000,0.0000,0.0000,0,0,,,,,,,0,0,0,0,0,0,0,0,0,0,0,0,0,0,0,0,0,0,0,0,0,0,0,0,0,0,0,0,0,0,0,0,0,0,0,0,0,0,0,0,0,0,0,0,0,0,0,0,0,0,0,
3,8_4,10_58_27,1.7281,0,0,0,1.728111,,2.229,0.60724,-2.133,5.765673,358.5316,0,0.0000,0.0000,0.0000,0.0000,0.0000,0.0000,0,0,,,,,,,0,0,0,0,0,0,0,0,0,0,0,0,0,0,0,0,0,0,0,0,0,0,0,0,0,0,0,0,0,0,0,0,0,0,0,0,0,0,0,0,0,0,0,0,0,0,0,0,0,0,0,
3,8_4,10_58_27,1.7316,0,0,0,1.731627,,2.229,0.60724,-2.133,5.78325,358.6547,0,0.0000,0.0000,0.0000,0.0000,0.0000,0.0000,0,0,,,,,,,0,0,0,0,0,0,0,0,0,0,0,0,0,0,0,0,0,0,0,0,0,0,0,0,0,0,0,0,0,0,0,0,0,0,0,0,0,0,0,0,0,0,0,0,0,0,0,0,0,0,0,
3,8_4,10_58_27,1.7355,0,0,0,1.735496,,2.229,0.60724,-2.133,5.821944,358.8095,0,0.0000,0.0000,0.0000,0.0000,0.0000,0.0000,0,0,,,,,,,0,0,0,0,0,0,0,0,0,0,0,0,0,0,0,0,0,0,0,0,0,0,0,0,0,0,0,0,0,0,0,0,0,0,0,0,0,0,0,0,0,0,0,0,0,0,0,0,0,0,0,
3,8_4,10_58_27,1.7392,0,0,0,1.739249,,2.229,0.60724,-2.133,5.859472,358.9408,0,0.0000,0.0000,0.0000,0.0000,0.0000,0.0000,0,0,,,,,,,0,0,0,0,0,0,0,0,0,0,0,0,0,0,0,0,0,0,0,0,0,0,0,0,0,0,0,0,0,0,0,0,0,0,0,0,0,0,0,0,0,0,0,0,0,0,0,0,0,0,0,
3,8_4,10_58_27,1.7432,0,0,0,1.743164,,2.229,0.60724,-2.133,5.918188,359.117,3.352924E-09,0.0000,0.0000,0.0000,0.0000,0.0000,0.0000,0,0,,,,,,,0,0,0,0,0,0,0,0,0,0,0,0,0,0,0,0,0,0,0,0,0,0,0,0,0,0,0,0,0,0,0,0,0,0,0,0,0,0,0,0,0,0,0,0,0,0,0,0,0,0,0,
3,8_4,10_58_27,1.7471,0,0,0,1.747074,,2.229,0.60724,-2.133,5.957297,359.3125,0,0.0000,0.0000,0.0000,0.0000,0.0000,0.0000,0,0,,,,,,,0,0,0,0,0,0,0,0,0,0,0,0,0,0,0,0,0,0,0,0,0,0,0,0,0,0,0,0,0,0,0,0,0,0,0,0,0,0,0,0,0,0,0,0,0,0,0,0,0,0,0,
3,8_4,10_58_27,1.7514,0,0,0,1.751366,,2.229,0.60724,-2.133,6.043116,359.57,1.676845E-09,0.0000,0.0000,0.0000,0.0000,0.0000,0.0000,0,0,,,,,,,0,0,0,0,0,0,0,0,0,0,0,0,0,0,0,0,0,0,0,0,0,0,0,0,0,0,0,0,0,0,0,0,0,0,0,0,0,0,0,0,0,0,0,0,0,0,0,0,0,0,0,
3,8_4,10_58_27,1.7553,0,0,0,1.755287,,2.229,0.60724,-2.133,6.121545,359.7661,8.385448E-10,0.0000,0.0000,0.0000,0.0000,0.0000,0.0000,0,0,,,,,,,0,0,0,0,0,0,0,0,0,0,0,0,0,0,0,0,0,0,0,0,0,0,0,0,0,0,0,0,0,0,0,0,0,0,0,0,0,0,0,0,0,0,0,0,0,0,0,0,0,0,0,
3,8_4,10_58_27,1.7591,0,0,0,1.759134,,2.229,0.60724,-2.133,6.198479,-0.003152795,-1.310416E-11,0.0000,0.0000,0.0000,0.0000,0.0000,0.0000,0,0,,,,,,,0,0,0,0,0,0,0,0,0,0,0,0,0,0,0,0,0,0,0,0,0,0,0,0,0,0,0,0,0,0,0,0,0,0,0,0,0,0,0,0,0,0,0,0,0,0,0,0,0,0,0,
3,8_4,10_58_27,1.7633,0,0,0,1.763256,,2.229,0.60724,-2.133,6.301539,0.2648032,0,0.0000,0.0000,0.0000,0.0000,0.0000,0.0000,0,0,,,,,,,0,0,0,0,0,0,0,0,0,0,0,0,0,0,0,0,0,0,0,0,0,0,0,0,0,0,0,0,0,0,0,0,0,0,0,0,0,0,0,0,0,0,0,0,0,0,0,0,0,0,0,
3,8_4,10_58_27,1.7672,0,0,0,1.767197,,2.229,0.60724,-2.133,6.380354,0.5209553,0,0.0000,0.0000,0.0000,0.0000,0.0000,0.0000,0,0,,,,,,,0,0,0,0,0,0,0,0,0,0,0,0,0,0,0,0,0,0,0,0,0,0,0,0,0,0,0,0,0,0,0,0,0,0,0,0,0,0,0,0,0,0,0,0,0,0,0,0,0,0,0,
3,8_4,10_58_27,1.7711,0,0,0,1.771095,,2.229,0.60724,-2.133,6.458314,0.7548354,0,0.0000,0.0000,0.0000,0.0000,0.0000,0.0000,0,0,,,,,,,0,0,0,0,0,0,0,0,0,0,0,0,0,0,0,0,0,0,0,0,0,0,0,0,0,0,0,0,0,0,0,0,0,0,0,0,0,0,0,0,0,0,0,0,0,0,0,0,0,0,0,
3,8_4,10_58_27,1.7753,0,0,0,1.77527,,2.229,0.60724,-2.133,6.541828,1.047135,6.71382E-09,0.0000,0.0000,0.0000,0.0000,0.0000,0.0000,0,0,,,,,,,0,0,0,0,0,0,0,0,0,0,0,0,0,0,0,0,0,0,0,0,0,0,0,0,0,0,0,0,0,0,0,0,0,0,0,0,0,0,0,0,0,0,0,0,0,0,0,0,0,0,0,
3,8_4,10_58_27,1.7795,0,0,0,1.779508,,2.229,0.60724,-2.133,6.690141,1.407322,6.715837E-09,0.0000,0.0000,0.0000,0.0000,0.0000,0.0000,0,0,,,,,,,0,0,0,0,0,0,0,0,0,0,0,0,0,0,0,0,0,0,0,0,0,0,0,0,0,0,0,0,0,0,0,0,0,0,0,0,0,0,0,0,0,0,0,0,0,0,0,0,0,0,0,
3,8_4,10_58_27,1.7833,0,0,0,1.783299,,2.229,0.60724,-2.133,6.747,1.577899,0,0.0000,0.0000,0.0000,0.0000,0.0000,0.0000,0,0,,,,,,,0,0,0,0,0,0,0,0,0,0,0,0,0,0,0,0,0,0,0,0,0,0,0,0,0,0,0,0,0,0,0,0,0,0,0,0,0,0,0,0,0,0,0,0,0,0,0,0,0,0,0,
3,8_4,10_58_27,1.7872,0,0,0,1.7872,,2.229,0.60724,-2.133,6.805521,1.831491,1.343487E-08,0.0000,0.0000,0.0000,0.0000,0.0000,0.0000,0,0,,,,,,,0,0,0,0,0,0,0,0,0,0,0,0,0,0,0,0,0,0,0,0,0,0,0,0,0,0,0,0,0,0,0,0,0,0,0,0,0,0,0,0,0,0,0,0,0,0,0,0,0,0,0,
3,8_4,10_58_27,1.7914,0,0,0,1.791378,,2.229,0.60724,-2.133,6.909971,2.08217,0,0.0000,0.0000,0.0000,0.0000,0.0000,0.0000,0,0,,,,,,,0,0,0,0,0,0,0,0,0,0,0,0,0,0,0,0,0,0,0,0,0,0,0,0,0,0,0,0,0,0,0,0,0,0,0,0,0,0,0,0,0,0,0,0,0,0,0,0,0,0,0,
3,8_4,10_58_27,1.7956,0,0,0,1.795575,,2.229,0.60724,-2.133,7.035866,2.41789,0,0.0000,0.0000,0.0000,0.0000,0.0000,0.0000,0,0,,,,,,,0,0,0,0,0,0,0,0,0,0,0,0,0,0,0,0,0,0,0,0,0,0,0,0,0,0,0,0,0,0,0,0,0,0,0,0,0,0,0,0,0,0,0,0,0,0,0,0,0,0,0,
3,8_4,10_58_27,1.8001,0,0,0,1.800136,,2.229,0.60724,-2.133,7.127096,2.69158,0,0.0000,0.0000,0.0000,0.0000,0.0000,0.0000,0,0,,,,,,,0,0,0,0,0,0,0,0,0,0,0,0,0,0,0,0,0,0,0,0,0,0,0,0,0,0,0,0,0,0,0,0,0,0,0,0,0,0,0,0,0,0,0,0,0,0,0,0,0,0,0,
3,8_4,10_58_27,1.8040,0,0,0,1.804033,,2.229,0.60724,-2.133,7.205036,2.944885,0,0.0000,0.0000,0.0000,0.0000,0.0000,0.0000,0,0,,,,,,,0,0,0,0,0,0,0,0,0,0,0,0,0,0,0,0,0,0,0,0,0,0,0,0,0,0,0,0,0,0,0,0,0,0,0,0,0,0,0,0,0,0,0,0,0,0,0,0,0,0,0,
3,8_4,10_58_27,1.8080,0,0,0,1.808022,,2.229,0.60724,-2.133,7.324693,3.124372,-2.689994E-08,0.0000,0.0000,0.0000,0.0000,0.0000,0.0000,0,0,,,,,,,0,0,0,0,0,0,0,0,0,0,0,0,0,0,0,0,0,0,0,0,0,0,0,0,0,0,0,0,0,0,0,0,0,0,0,0,0,0,0,0,0,0,0,0,0,0,0,0,0,0,0,
3,8_4,10_58_27,1.8130,0,0,0,1.812999,,2.229,0.60724,-2.133,7.474002,3.49764,0,0.0000,0.0000,0.0000,0.0000,0.0000,0.0000,0,0,,,,,,,0,0,0,0,0,0,0,0,0,0,0,0,0,0,0,0,0,0,0,0,0,0,0,0,0,0,0,0,0,0,0,0,0,0,0,0,0,0,0,0,0,0,0,0,0,0,0,0,0,0,0,
3,8_4,10_58_27,1.8170,0,0,0,1.81697,,2.229,0.60724,-2.133,7.553431,3.716072,5.382793E-08,0.0000,0.0000,0.0000,0.0000,0.0000,0.0000,0,0,,,,,,,0,0,0,0,0,0,0,0,0,0,0,0,0,0,0,0,0,0,0,0,0,0,0,0,0,0,0,0,0,0,0,0,0,0,0,0,0,0,0,0,0,0,0,0,0,0,0,0,0,0,0,
3,8_4,10_58_28,1.8223,0,0,0,1.8223,,2.229,0.60724,-2.133,7.713318,4.035849,0,0.0000,0.0000,0.0000,0.0000,0.0000,0.0000,0,0,,,,,,,0,0,0,0,0,0,0,0,0,0,0,0,0,0,0,0,0,0,0,0,0,0,0,0,0,0,0,0,0,0,0,0,0,0,0,0,0,0,0,0,0,0,0,0,0,0,0,0,0,0,0,
3,8_4,10_58_28,1.8274,0,0,0,1.827366,,2.229,0.60724,-2.133,7.814644,4.314495,0,0.0000,0.0000,0.0000,0.0000,0.0000,0.0000,0,0,,,,,,,0,0,0,0,0,0,0,0,0,0,0,0,0,0,0,0,0,0,0,0,0,0,0,0,0,0,0,0,0,0,0,0,0,0,0,0,0,0,0,0,0,0,0,0,0,0,0,0,0,0,0,
3,8_4,10_58_28,1.8314,0,0,0,1.831429,,2.229,0.60724,-2.133,7.916215,4.456693,2.693712E-08,0.0000,0.0000,0.0000,0.0000,0.0000,0.0000,0,0,,,,,,,0,0,0,0,0,0,0,0,0,0,0,0,0,0,0,0,0,0,0,0,0,0,0,0,0,0,0,0,0,0,0,0,0,0,0,0,0,0,0,0,0,0,0,0,0,0,0,0,0,0,0,
3,8_4,10_58_28,1.8352,0,0,0,1.835198,,2.229,0.60724,-2.133,7.991597,4.607457,0,0.0000,0.0000,0.0000,0.0000,0.0000,0.0000,0,0,,,,,,,0,0,0,0,0,0,0,0,0,0,0,0,0,0,0,0,0,0,0,0,0,0,0,0,0,0,0,0,0,0,0,0,0,0,0,0,0,0,0,0,0,0,0,0,0,0,0,0,0,0,0,
3,8_4,10_58_28,1.8394,0,0,0,1.839442,,2.229,0.60724,-2.133,8.07648,4.713562,0,0.0000,0.0000,0.0000,0.0000,0.0000,0.0000,0,0,,,,,,,0,0,0,0,0,0,0,0,0,0,0,0,0,0,0,0,0,0,0,0,0,0,0,0,0,0,0,0,0,0,0,0,0,0,0,0,0,0,0,0,0,0,0,0,0,0,0,0,0,0,0,
3,8_4,10_58_28,1.8434,0,0,0,1.843354,,2.229,0.60724,-2.133,8.135161,4.811364,-2.695164E-08,0.0000,0.0000,0.0000,0.0000,0.0000,0.0000,0,0,,,,,,,0,0,0,0,0,0,0,0,0,0,0,0,0,0,0,0,0,0,0,0,0,0,0,0,0,0,0,0,0,0,0,0,0,0,0,0,0,0,0,0,0,0,0,0,0,0,0,0,0,0,0,
3,8_4,10_58_28,1.8474,0,0,0,1.847394,,2.229,0.60724,-2.133,8.195763,4.912364,2.695573E-08,0.0000,0.0000,0.0000,0.0000,0.0000,0.0000,0,0,,,,,,,0,0,0,0,0,0,0,0,0,0,0,0,0,0,0,0,0,0,0,0,0,0,0,0,0,0,0,0,0,0,0,0,0,0,0,0,0,0,0,0,0,0,0,0,0,0,0,0,0,0,0,
3,8_4,10_58_28,1.8513,0,0,0,1.851302,,2.229,0.60724,-2.133,8.273923,4.970983,-2.696105E-08,0.0000,0.0000,0.0000,0.0000,0.0000,0.0000,0,0,,,,,,,0,0,0,0,0,0,0,0,0,0,0,0,0,0,0,0,0,0,0,0,0,0,0,0,0,0,0,0,0,0,0,0,0,0,0,0,0,0,0,0,0,0,0,0,0,0,0,0,0,0,0,
3,8_4,10_58_28,1.8551,0,0,0,1.855062,,2.229,0.60724,-2.133,8.311521,5.027383,0,0.0000,0.0000,0.0000,0.0000,0.0000,0.0000,0,0,,,,,,,0,0,0,0,0,0,0,0,0,0,0,0,0,0,0,0,0,0,0,0,0,0,0,0,0,0,0,0,0,0,0,0,0,0,0,0,0,0,0,0,0,0,0,0,0,0,0,0,0,0,0,
3,8_4,10_58_28,1.8589,0,0,0,1.858932,,2.229,0.60724,-2.133,8.369566,5.046731,5.393527E-08,0.0000,0.0000,0.0000,0.0000,0.0000,0.0000,0,0,,,,,,,0,0,0,0,0,0,0,0,0,0,0,0,0,0,0,0,0,0,0,0,0,0,0,0,0,0,0,0,0,0,0,0,0,0,0,0,0,0,0,0,0,0,0,0,0,0,0,0,0,0,0,
3,8_4,10_58_28,1.8632,0,0,0,1.863222,,2.229,0.60724,-2.133,8.391021,5.089638,2.696912E-08,0.0000,0.0000,0.0000,0.0000,0.0000,0.0000,0,0,,,,,,,0,0,0,0,0,0,0,0,0,0,0,0,0,0,0,0,0,0,0,0,0,0,0,0,0,0,0,0,0,0,0,0,0,0,0,0,0,0,0,0,0,0,0,0,0,0,0,0,0,0,0,
3,8_4,10_58_28,1.8672,0,0,0,1.867202,,2.229,0.60724,-2.133,8.45072,5.109538,0,0.0000,0.0000,0.0000,0.0000,0.0000,0.0000,0,0,,,,,,,0,0,0,0,0,0,0,0,0,0,0,0,0,0,0,0,0,0,0,0,0,0,0,0,0,0,0,0,0,0,0,0,0,0,0,0,0,0,0,0,0,0,0,0,0,0,0,0,0,0,0,
3,8_4,10_58_28,1.8710,0,0,0,1.870958,,2.229,0.60724,-2.133,8.4695,5.109538,0,0.0000,0.0000,0.0000,0.0000,0.0000,0.0000,0,0,,,,,,,0,0,0,0,0,0,0,0,0,0,0,0,0,0,0,0,0,0,0,0,0,0,0,0,0,0,0,0,0,0,0,0,0,0,0,0,0,0,0,0,0,0,0,0,0,0,0,0,0,0,0,
3,8_4,10_58_28,1.8749,0,0,0,1.874897,,2.229,0.60724,-2.133,8.489192,5.109538,-2.697598E-08,0.0000,0.0000,0.0000,0.0000,0.0000,0.0000,0,0,,,,,,,0,0,0,0,0,0,0,0,0,0,0,0,0,0,0,0,0,0,0,0,0,0,0,0,0,0,0,0,0,0,0,0,0,0,0,0,0,0,0,0,0,0,0,0,0,0,0,0,0,0,0,
3,8_4,10_58_28,1.8784,0,0,0,1.878383,,2.229,0.60724,-2.133,8.489192,5.109538,-2.697598E-08,0.0000,0.0000,0.0000,0.0000,0.0000,0.0000,0,0,,,,,,,0,0,0,0,0,0,0,0,0,0,0,0,0,0,0,0,0,0,0,0,0,0,0,0,0,0,0,0,0,0,0,0,0,0,0,0,0,0,0,0,0,0,0,0,0,0,0,0,0,0,0,
3,8_4,10_58_28,1.8817,0,0,0,1.881693,,2.229,0.60724,-2.133,8.489192,5.109538,-2.697598E-08,0.0000,0.0000,0.0000,0.0000,0.0000,0.0000,0,0,,,,,,,0,0,0,0,0,0,0,0,0,0,0,0,0,0,0,0,0,0,0,0,0,0,0,0,0,0,0,0,0,0,0,0,0,0,0,0,0,0,0,0,0,0,0,0,0,0,0,0,0,0,0,
3,8_4,10_58_28,1.8851,0,0,0,1.885146,,2.229,0.60724,-2.133,8.489192,5.109538,-2.697598E-08,0.0000,0.0000,0.0000,0.0000,0.0000,0.0000,0,0,,,,,,,0,0,0,0,0,0,0,0,0,0,0,0,0,0,0,0,0,0,0,0,0,0,0,0,0,0,0,0,0,0,0,0,0,0,0,0,0,0,0,0,0,0,0,0,0,0,0,0,0,0,0,
3,8_4,10_58_28,1.8888,0,0,0,1.88881,,2.229,0.60724,-2.133,8.489192,5.109538,-2.697598E-08,0.0000,0.0000,0.0000,0.0000,0.0000,0.0000,0,0,,,,,,,0,0,0,0,0,0,0,0,0,0,0,0,0,0,0,0,0,0,0,0,0,0,0,0,0,0,0,0,0,0,0,0,0,0,0,0,0,0,0,0,0,0,0,0,0,0,0,0,0,0,0,
3,8_4,10_58_28,1.8932,0,0,0,1.893227,,2.229,0.60724,-2.133,8.511272,5.109538,0,0.0000,0.0000,0.0000,0.0000,0.0000,0.0000,0,0,,,,,,,0,0,0,0,0,0,0,0,0,0,0,0,0,0,0,0,0,0,0,0,0,0,0,0,0,0,0,0,0,0,0,0,0,0,0,0,0,0,0,0,0,0,0,0,0,0,0,0,0,0,0,
3,8_4,10_58_28,1.8971,0,0,0,1.897062,,2.229,0.60724,-2.133,8.568807,5.09036,2.698161E-08,0.0000,0.0000,0.0000,0.0000,0.0000,0.0000,0,0,,,,,,,0,0,0,0,0,0,0,0,0,0,0,0,0,0,0,0,0,0,0,0,0,0,0,0,0,0,0,0,0,0,0,0,0,0,0,0,0,0,0,0,0,0,0,0,0,0,0,0,0,0,0,
3,8_4,10_58_28,1.9009,0,0,0,1.900942,,2.229,0.60724,-2.133,8.646402,5.070961,0,0.0000,0.0000,0.0000,0.0000,0.0000,0.0000,0,0,,,,,,,0,0,0,0,0,0,0,0,0,0,0,0,0,0,0,0,0,0,0,0,0,0,0,0,0,0,0,0,0,0,0,0,0,0,0,0,0,0,0,0,0,0,0,0,0,0,0,0,0,0,0,
3,8_4,10_58_28,1.9050,0,0,0,1.904961,,2.229,0.60724,-2.133,8.726787,5.010674,8.097876E-08,0.0000,0.0000,0.0000,0.0000,0.0000,0.0000,0,0,,,,,,,0,0,0,0,0,0,0,0,0,0,0,0,0,0,0,0,0,0,0,0,0,0,0,0,0,0,0,0,0,0,0,0,0,0,0,0,0,0,0,0,0,0,0,0,0,0,0,0,0,0,0,
3,8_4,10_58_28,1.9091,0,0,0,1.909138,,2.229,0.60724,-2.133,8.831212,4.98979,2.700052E-08,0.0000,0.0000,0.0000,0.0000,0.0000,0.0000,0,0,,,,,,,0,0,0,0,0,0,0,0,0,0,0,0,0,0,0,0,0,0,0,0,0,0,0,0,0,0,0,0,0,0,0,0,0,0,0,0,0,0,0,0,0,0,0,0,0,0,0,0,0,0,0,
3,8_4,10_58_28,1.9129,0,0,0,1.912874,,2.229,0.60724,-2.133,8.905925,4.933754,2.700601E-08,0.0000,0.0000,0.0000,0.0000,0.0000,0.0000,0,0,,,,,,,0,0,0,0,0,0,0,0,0,0,0,0,0,0,0,0,0,0,0,0,0,0,0,0,0,0,0,0,0,0,0,0,0,0,0,0,0,0,0,0,0,0,0,0,0,0,0,0,0,0,0,
3,8_4,10_58_28,1.9171,0,0,0,1.917091,,2.229,0.60724,-2.133,9.053519,4.891583,-2.701701E-08,0.0000,0.0000,0.0000,0.0000,0.0000,0.0000,0,0,,,,,,,0,0,0,0,0,0,0,0,0,0,0,0,0,0,0,0,0,0,0,0,0,0,0,0,0,0,0,0,0,0,0,0,0,0,0,0,0,0,0,0,0,0,0,0,0,0,0,0,0,0,0,
3,8_4,10_58_28,1.9209,0,0,0,1.920922,,2.229,0.60724,-2.133,9.149293,4.853275,0,0.0000,0.0000,0.0000,0.0000,0.0000,0.0000,0,0,,,,,,,0,0,0,0,0,0,0,0,0,0,0,0,0,0,0,0,0,0,0,0,0,0,0,0,0,0,0,0,0,0,0,0,0,0,0,0,0,0,0,0,0,0,0,0,0,0,0,0,0,0,0,
3,8_4,10_58_28,1.9250,0,0,0,1.925008,,2.229,0.60724,-2.133,9.271874,4.812415,2.703362E-08,0.0000,0.0000,0.0000,0.0000,0.0000,0.0000,0,0,,,,,,,0,0,0,0,0,0,0,0,0,0,0,0,0,0,0,0,0,0,0,0,0,0,0,0,0,0,0,0,0,0,0,0,0,0,0,0,0,0,0,0,0,0,0,0,0,0,0,0,0,0,0,
3,8_4,10_58_28,1.9291,0,0,0,1.929085,,2.229,0.60724,-2.133,9.414563,4.751262,2.70447E-08,0.0000,0.0000,0.0000,0.0000,0.0000,0.0000,0,0,,,,,,,0,0,0,0,0,0,0,0,0,0,0,0,0,0,0,0,0,0,0,0,0,0,0,0,0,0,0,0,0,0,0,0,0,0,0,0,0,0,0,0,0,0,0,0,0,0,0,0,0,0,0,
3,8_4,10_58_28,1.9331,0,0,0,1.933089,,2.229,0.60724,-2.133,9.5347,4.691193,2.705417E-08,0.0000,0.0000,0.0000,0.0000,0.0000,0.0000,0,0,,,,,,,0,0,0,0,0,0,0,0,0,0,0,0,0,0,0,0,0,0,0,0,0,0,0,0,0,0,0,0,0,0,0,0,0,0,0,0,0,0,0,0,0,0,0,0,0,0,0,0,0,0,0,
3,8_4,10_58_28,1.9377,0,0,0,1.93772,,2.229,0.60724,-2.133,9.743078,4.621734,8.121265E-08,0.0000,0.0000,0.0000,0.0000,0.0000,0.0000,0,0,,,,,,,0,0,0,0,0,0,0,0,0,0,0,0,0,0,0,0,0,0,0,0,0,0,0,0,0,0,0,0,0,0,0,0,0,0,0,0,0,0,0,0,0,0,0,0,0,0,0,0,0,0,0,
3,8_4,10_58_28,1.9419,0,0,0,1.941944,,2.229,0.60724,-2.133,9.890942,4.558363,2.708297E-08,0.0000,0.0000,0.0000,0.0000,0.0000,0.0000,0,0,,,,,,,0,0,0,0,0,0,0,0,0,0,0,0,0,0,0,0,0,0,0,0,0,0,0,0,0,0,0,0,0,0,0,0,0,0,0,0,0,0,0,0,0,0,0,0,0,0,0,0,0,0,0,
3,8_4,10_58_28,1.9463,0,0,0,1.946285,,2.229,0.60724,-2.133,10.04285,4.514962,0,0.0000,0.0000,0.0000,0.0000,0.0000,0.0000,0,0,,,,,,,0,0,0,0,0,0,0,0,0,0,0,0,0,0,0,0,0,0,0,0,0,0,0,0,0,0,0,0,0,0,0,0,0,0,0,0,0,0,0,0,0,0,0,0,0,0,0,0,0,0,0,
3,8_4,10_58_28,1.9502,0,0,0,1.950165,,2.229,0.60724,-2.133,10.17867,4.476155,5.421411E-08,0.0000,0.0000,0.0000,0.0000,0.0000,0.0000,0,0,,,,,,,0,0,0,0,0,0,0,0,0,0,0,0,0,0,0,0,0,0,0,0,0,0,0,0,0,0,0,0,0,0,0,0,0,0,0,0,0,0,0,0,0,0,0,0,0,0,0,0,0,0,0,
3,8_4,10_58_28,1.9541,0,0,0,1.95412,,2.229,0.60724,-2.133,10.29731,4.436607,-2.711719E-08,0.0000,0.0000,0.0000,0.0000,0.0000,0.0000,0,0,,,,,,,0,0,0,0,0,0,0,0,0,0,0,0,0,0,0,0,0,0,0,0,0,0,0,0,0,0,0,0,0,0,0,0,0,0,0,0,0,0,0,0,0,0,0,0,0,0,0,0,0,0,0,
3,8_4,10_58_28,1.9581,0,0,0,1.958081,,2.229,0.60724,-2.133,10.43596,4.396994,0,0.0000,0.0000,0.0000,0.0000,0.0000,0.0000,0,0,,,,,,,0,0,0,0,0,0,0,0,0,0,0,0,0,0,0,0,0,0,0,0,0,0,0,0,0,0,0,0,0,0,0,0,0,0,0,0,0,0,0,0,0,0,0,0,0,0,0,0,0,0,0,
3,8_4,10_58_28,1.9623,0,0,0,1.962261,,2.229,0.60724,-2.133,10.56136,4.355195,2.71402E-08,0.0000,0.0000,0.0000,0.0000,0.0000,0.0000,0,0,,,,,,,0,0,0,0,0,0,0,0,0,0,0,0,0,0,0,0,0,0,0,0,0,0,0,0,0,0,0,0,0,0,0,0,0,0,0,0,0,0,0,0,0,0,0,0,0,0,0,0,0,0,0,
3,8_4,10_58_28,1.9661,0,0,0,1.966145,,2.229,0.60724,-2.133,10.67786,4.335777,2.715055E-08,0.0000,0.0000,0.0000,0.0000,0.0000,0.0000,0,0,,,,,,,0,0,0,0,0,0,0,0,0,0,0,0,0,0,0,0,0,0,0,0,0,0,0,0,0,0,0,0,0,0,0,0,0,0,0,0,0,0,0,0,0,0,0,0,0,0,0,0,0,0,0,
3,8_4,10_58_28,1.9711,0,0,0,1.971061,,2.229,0.60724,-2.133,10.84992,4.311198,-2.716606E-08,0.0000,0.0000,0.0000,0.0000,0.0000,0.0000,0,0,,,,,,,0,0,0,0,0,0,0,0,0,0,0,0,0,0,0,0,0,0,0,0,0,0,0,0,0,0,0,0,0,0,0,0,0,0,0,0,0,0,0,0,0,0,0,0,0,0,0,0,0,0,0,
3,8_4,10_58_28,1.9752,0,0,0,1.975237,,2.229,0.60724,-2.133,10.84992,4.311198,-2.716606E-08,0.0000,0.0000,0.0000,0.0000,0.0000,0.0000,0,0,,,,,,,0,0,0,0,0,0,0,0,0,0,0,0,0,0,0,0,0,0,0,0,0,0,0,0,0,0,0,0,0,0,0,0,0,0,0,0,0,0,0,0,0,0,0,0,0,0,0,0,0,0,0,
3,8_4,10_58_28,1.9801,0,0,0,1.980135,,2.229,0.60724,-2.133,11.11932,4.237723,0,0.0000,0.0000,0.0000,0.0000,0.0000,0.0000,0,0,,,,,,,0,0,0,0,0,0,0,0,0,0,0,0,0,0,0,0,0,0,0,0,0,0,0,0,0,0,0,0,0,0,0,0,0,0,0,0,0,0,0,0,0,0,0,0,0,0,0,0,0,0,0,
3,8_4,10_58_28,1.9842,0,0,0,1.984176,,2.229,0.60724,-2.133,11.22034,4.21752,2.720033E-08,0.0000,0.0000,0.0000,0.0000,0.0000,0.0000,0,0,,,,,,,0,0,0,0,0,0,0,0,0,0,0,0,0,0,0,0,0,0,0,0,0,0,0,0,0,0,0,0,0,0,0,0,0,0,0,0,0,0,0,0,0,0,0,0,0,0,0,0,0,0,0,
3,8_4,10_58_28,1.9880,0,0,0,1.987974,,2.229,0.60724,-2.133,11.2963,4.19853,0,0.0000,0.0000,0.0000,0.0000,0.0000,0.0000,0,0,,,,,,,0,0,0,0,0,0,0,0,0,0,0,0,0,0,0,0,0,0,0,0,0,0,0,0,0,0,0,0,0,0,0,0,0,0,0,0,0,0,0,0,0,0,0,0,0,0,0,0,0,0,0,
3,8_4,10_58_28,1.9918,0,0,0,1.991811,,2.229,0.60724,-2.133,11.37304,4.179346,0,0.0000,0.0000,0.0000,0.0000,0.0000,0.0000,0,0,,,,,,,0,0,0,0,0,0,0,0,0,0,0,0,0,0,0,0,0,0,0,0,0,0,0,0,0,0,0,0,0,0,0,0,0,0,0,0,0,0,0,0,0,0,0,0,0,0,0,0,0,0,0,
3,8_4,10_58_28,1.9957,0,0,0,1.995707,,2.229,0.60724,-2.133,11.45095,4.159867,2.722228E-08,0.0000,0.0000,0.0000,0.0000,0.0000,0.0000,0,0,,,,,,,0,0,0,0,0,0,0,0,0,0,0,0,0,0,0,0,0,0,0,0,0,0,0,0,0,0,0,0,0,0,0,0,0,0,0,0,0,0,0,0,0,0,0,0,0,0,0,0,0,0,0,
3,8_4,10_58_28,2.0001,0,0,0,2.00014,,2.229,0.60724,-2.133,11.51745,4.137702,-2.722871E-08,0.0000,0.0000,0.0000,0.0000,0.0000,0.0000,0,0,,,,,,,0,0,0,0,0,0,0,0,0,0,0,0,0,0,0,0,0,0,0,0,0,0,0,0,0,0,0,0,0,0,0,0,0,0,0,0,0,0,0,0,0,0,0,0,0,0,0,0,0,0,0,
3,8_4,10_58_28,2.0056,0,0,0,2.005584,,2.229,0.60724,-2.133,11.68078,4.056039,0,0.0000,0.0000,0.0000,0.0000,0.0000,0.0000,0,0,,,,,,,0,0,0,0,0,0,0,0,0,0,0,0,0,0,0,0,0,0,0,0,0,0,0,0,0,0,0,0,0,0,0,0,0,0,0,0,0,0,0,0,0,0,0,0,0,0,0,0,0,0,0,
3,8_4,10_58_28,2.0098,0,0,0,2.009779,,2.229,0.60724,-2.133,11.74371,4.05604,2.725085E-08,0.0000,0.0000,0.0000,0.0000,0.0000,0.0000,0,0,,,,,,,0,0,0,0,0,0,0,0,0,0,0,0,0,0,0,0,0,0,0,0,0,0,0,0,0,0,0,0,0,0,0,0,0,0,0,0,0,0,0,0,0,0,0,0,0,0,0,0,0,0,0,
3,8_4,10_58_28,2.0153,0,0,0,2.015251,,2.229,0.60724,-2.133,11.85314,4.001323,-2.726172E-08,0.0000,0.0000,0.0000,0.0000,0.0000,0.0000,0,0,,,,,,,0,0,0,0,0,0,0,0,0,0,0,0,0,0,0,0,0,0,0,0,0,0,0,0,0,0,0,0,0,0,0,0,0,0,0,0,0,0,0,0,0,0,0,0,0,0,0,0,0,0,0,
3,8_4,10_58_28,2.0191,0,0,0,2.019129,,2.229,0.60724,-2.133,11.91131,3.981932,-2.726754E-08,0.0000,0.0000,0.0000,0.0000,0.0000,0.0000,0,0,,,,,,,0,0,0,0,0,0,0,0,0,0,0,0,0,0,0,0,0,0,0,0,0,0,0,0,0,0,0,0,0,0,0,0,0,0,0,0,0,0,0,0,0,0,0,0,0,0,0,0,0,0,0,
3,8_4,10_58_28,2.0228,0,0,0,2.022786,,2.229,0.60724,-2.133,11.94788,3.981932,0,0.0000,0.0000,0.0000,0.0000,0.0000,0.0000,0,0,,,,,,,0,0,0,0,0,0,0,0,0,0,0,0,0,0,0,0,0,0,0,0,0,0,0,0,0,0,0,0,0,0,0,0,0,0,0,0,0,0,0,0,0,0,0,0,0,0,0,0,0,0,0,
3,8_4,10_58_28,2.0272,0,0,0,2.02722,,2.229,0.60724,-2.133,12.01438,3.959767,2.727794E-08,0.0000,0.0000,0.0000,0.0000,0.0000,0.0000,0,0,,,,,,,0,0,0,0,0,0,0,0,0,0,0,0,0,0,0,0,0,0,0,0,0,0,0,0,0,0,0,0,0,0,0,0,0,0,0,0,0,0,0,0,0,0,0,0,0,0,0,0,0,0,0,
3,8_4,10_58_28,2.0312,0,0,0,2.031188,,2.229,0.60724,-2.133,12.05407,3.920079,8.18459E-08,0.0000,0.0000,0.0000,0.0000,0.0000,0.0000,0,0,,,,,,,0,0,0,0,0,0,0,0,0,0,0,0,0,0,0,0,0,0,0,0,0,0,0,0,0,0,0,0,0,0,0,0,0,0,0,0,0,0,0,0,0,0,0,0,0,0,0,0,0,0,0,
3,8_4,10_58_28,2.0353,0,0,0,2.035331,,2.229,0.60724,-2.133,12.0955,3.899364,-2.728619E-08,0.0000,0.0000,0.0000,0.0000,0.0000,0.0000,0,0,,,,,,,0,0,0,0,0,0,0,0,0,0,0,0,0,0,0,0,0,0,0,0,0,0,0,0,0,0,0,0,0,0,0,0,0,0,0,0,0,0,0,0,0,0,0,0,0,0,0,0,0,0,0,
3,8_4,10_58_28,2.0392,0,0,0,2.03922,,2.229,0.60724,-2.133,12.13438,3.860475,2.729016E-08,0.0000,0.0000,0.0000,0.0000,0.0000,0.0000,0,0,,,,,,,0,0,0,0,0,0,0,0,0,0,0,0,0,0,0,0,0,0,0,0,0,0,0,0,0,0,0,0,0,0,0,0,0,0,0,0,0,0,0,0,0,0,0,0,0,0,0,0,0,0,0,
3,8_4,10_58_28,2.0426,0,0,0,2.042642,,2.229,0.60724,-2.133,12.15149,3.843365,2.729192E-08,0.0000,0.0000,0.0000,0.0000,0.0000,0.0000,0,0,,,,,,,0,0,0,0,0,0,0,0,0,0,0,0,0,0,0,0,0,0,0,0,0,0,0,0,0,0,0,0,0,0,0,0,0,0,0,0,0,0,0,0,0,0,0,0,0,0,0,0,0,0,0,
3,8_4,10_58_28,2.0473,0,0,0,2.047281,,2.229,0.60724,-2.133,12.22108,3.820169,2.729908E-08,0.0000,0.0000,0.0000,0.0000,0.0000,0.0000,0,0,,,,,,,0,0,0,0,0,0,0,0,0,0,0,0,0,0,0,0,0,0,0,0,0,0,0,0,0,0,0,0,0,0,0,0,0,0,0,0,0,0,0,0,0,0,0,0,0,0,0,0,0,0,0,
3,8_4,10_58_28,2.0511,0,0,0,2.05111,,2.229,0.60724,-2.133,12.25937,3.743589,2.730303E-08,0.0000,0.0000,0.0000,0.0000,0.0000,0.0000,0,0,,,,,,,0,0,0,0,0,0,0,0,0,0,0,0,0,0,0,0,0,0,0,0,0,0,0,0,0,0,0,0,0,0,0,0,0,0,0,0,0,0,0,0,0,0,0,0,0,0,0,0,0,0,0,
3,8_4,10_58_28,2.0551,0,0,0,2.055064,,2.229,0.60724,-2.133,12.29891,3.743589,0,0.0000,0.0000,0.0000,0.0000,0.0000,0.0000,0,0,,,,,,,0,0,0,0,0,0,0,0,0,0,0,0,0,0,0,0,0,0,0,0,0,0,0,0,0,0,0,0,0,0,0,0,0,0,0,0,0,0,0,0,0,0,0,0,0,0,0,0,0,0,0,
3,8_4,10_58_28,2.0590,0,0,0,2.058956,,2.229,0.60724,-2.133,12.31837,3.704673,-2.730916E-08,0.0000,0.0000,0.0000,0.0000,0.0000,0.0000,0,0,,,,,,,0,0,0,0,0,0,0,0,0,0,0,0,0,0,0,0,0,0,0,0,0,0,0,0,0,0,0,0,0,0,0,0,0,0,0,0,0,0,0,0,0,0,0,0,0,0,0,0,0,0,0,
3,8_4,10_58_28,2.0628,0,0,0,2.062757,,2.229,0.60724,-2.133,12.33738,3.666664,0,0.0000,0.0000,0.0000,0.0000,0.0000,0.0000,0,0,,,,,,,0,0,0,0,0,0,0,0,0,0,0,0,0,0,0,0,0,0,0,0,0,0,0,0,0,0,0,0,0,0,0,0,0,0,0,0,0,0,0,0,0,0,0,0,0,0,0,0,0,0,0,
3,8_4,10_58_28,2.0670,0,0,0,2.066972,,2.229,0.60724,-2.133,12.37953,3.624505,0,0.0000,0.0000,0.0000,0.0000,0.0000,0.0000,0,0,,,,,,,0,0,0,0,0,0,0,0,0,0,0,0,0,0,0,0,0,0,0,0,0,0,0,0,0,0,0,0,0,0,0,0,0,0,0,0,0,0,0,0,0,0,0,0,0,0,0,0,0,0,0,
3,8_4,10_58_28,2.0704,0,0,0,2.070402,,2.229,0.60724,-2.133,12.37953,3.624505,0,0.0000,0.0000,0.0000,0.0000,0.0000,0.0000,0,0,,,,,,,0,0,0,0,0,0,0,0,0,0,0,0,0,0,0,0,0,0,0,0,0,0,0,0,0,0,0,0,0,0,0,0,0,0,0,0,0,0,0,0,0,0,0,0,0,0,0,0,0,0,0,
3,8_4,10_58_28,2.0750,0,0,0,2.074989,,2.229,0.60724,-2.133,12.44834,3.509825,0,0.0000,0.0000,0.0000,0.0000,0.0000,0.0000,0,0,,,,,,,0,0,0,0,0,0,0,0,0,0,0,0,0,0,0,0,0,0,0,0,0,0,0,0,0,0,0,0,0,0,0,0,0,0,0,0,0,0,0,0,0,0,0,0,0,0,0,0,0,0,0,
3,8_4,10_58_28,2.0788,0,0,0,2.078828,,2.229,0.60724,-2.133,12.44834,3.471437,0,0.0000,0.0000,0.0000,0.0000,0.0000,0.0000,0,0,,,,,,,0,0,0,0,0,0,0,0,0,0,0,0,0,0,0,0,0,0,0,0,0,0,0,0,0,0,0,0,0,0,0,0,0,0,0,0,0,0,0,0,0,0,0,0,0,0,0,0,0,0,0,
3,8_4,10_58_28,2.0830,0,0,0,2.082967,,2.229,0.60724,-2.133,12.48973,3.388659,-2.732713E-08,0.0000,0.0000,0.0000,0.0000,0.0000,0.0000,0,0,,,,,,,0,0,0,0,0,0,0,0,0,0,0,0,0,0,0,0,0,0,0,0,0,0,0,0,0,0,0,0,0,0,0,0,0,0,0,0,0,0,0,0,0,0,0,0,0,0,0,0,0,0,0,
3,8_4,10_58_28,2.0869,0,0,0,2.086861,,2.229,0.60724,-2.133,12.5092,3.34972,0,0.0000,0.0000,0.0000,0.0000,0.0000,0.0000,0,0,,,,,,,0,0,0,0,0,0,0,0,0,0,0,0,0,0,0,0,0,0,0,0,0,0,0,0,0,0,0,0,0,0,0,0,0,0,0,0,0,0,0,0,0,0,0,0,0,0,0,0,0,0,0,
3,8_4,10_58_28,2.0911,0,0,0,2.091098,,2.229,0.60724,-2.133,12.53039,3.286155,0,0.0000,0.0000,0.0000,0.0000,0.0000,0.0000,0,0,,,,,,,0,0,0,0,0,0,0,0,0,0,0,0,0,0,0,0,0,0,0,0,0,0,0,0,0,0,0,0,0,0,0,0,0,0,0,0,0,0,0,0,0,0,0,0,0,0,0,0,0,0,0,
3,8_4,10_58_28,2.0956,0,0,0,2.095612,,2.229,0.60724,-2.133,12.55296,3.218446,0,0.0000,0.0000,0.0000,0.0000,0.0000,0.0000,0,0,,,,,,,0,0,0,0,0,0,0,0,0,0,0,0,0,0,0,0,0,0,0,0,0,0,0,0,0,0,0,0,0,0,0,0,0,0,0,0,0,0,0,0,0,0,0,0,0,0,0,0,0,0,0,
3,8_4,10_58_28,2.1003,0,0,0,2.100263,,2.229,0.60724,-2.133,12.59947,3.148689,0,0.0000,0.0000,0.0000,0.0000,0.0000,0.0000,0,0,,,,,,,0,0,0,0,0,0,0,0,0,0,0,0,0,0,0,0,0,0,0,0,0,0,0,0,0,0,0,0,0,0,0,0,0,0,0,0,0,0,0,0,0,0,0,0,0,0,0,0,0,0,0,
3,8_4,10_58_28,2.1042,0,0,0,2.104226,,2.229,0.60724,-2.133,12.61928,3.089242,-2.734089E-08,0.0000,0.0000,0.0000,0.0000,0.0000,0.0000,0,0,,,,,,,0,0,0,0,0,0,0,0,0,0,0,0,0,0,0,0,0,0,0,0,0,0,0,0,0,0,0,0,0,0,0,0,0,0,0,0,0,0,0,0,0,0,0,0,0,0,0,0,0,0,0,
3,8_4,10_58_28,2.1091,0,0,0,2.109131,,2.229,0.60724,-2.133,12.6438,3.015672,2.734351E-08,0.0000,0.0000,0.0000,0.0000,0.0000,0.0000,0,0,,,,,,,0,0,0,0,0,0,0,0,0,0,0,0,0,0,0,0,0,0,0,0,0,0,0,0,0,0,0,0,0,0,0,0,0,0,0,0,0,0,0,0,0,0,0,0,0,0,0,0,0,0,0,
3,8_4,10_58_28,2.1135,0,0,0,2.113465,,2.229,0.60724,-2.133,12.6438,2.972329,0,0.0000,0.0000,0.0000,0.0000,0.0000,0.0000,0,0,,,,,,,0,0,0,0,0,0,0,0,0,0,0,0,0,0,0,0,0,0,0,0,0,0,0,0,0,0,0,0,0,0,0,0,0,0,0,0,0,0,0,0,0,0,0,0,0,0,0,0,0,0,0,
3,8_4,10_58_28,2.1181,0,0,0,2.118113,,2.229,0.60724,-2.133,12.66705,2.902601,0,0.0000,0.0000,0.0000,0.0000,0.0000,0.0000,0,0,,,,,,,0,0,0,0,0,0,0,0,0,0,0,0,0,0,0,0,0,0,0,0,0,0,0,0,0,0,0,0,0,0,0,0,0,0,0,0,0,0,0,0,0,0,0,0,0,0,0,0,0,0,0,
3,8_4,10_58_28,2.1219,0,0,0,2.121872,,2.229,0.60724,-2.133,12.68584,2.865013,0,0.0000,0.0000,0.0000,0.0000,0.0000,0.0000,0,0,,,,,,,0,0,0,0,0,0,0,0,0,0,0,0,0,0,0,0,0,0,0,0,0,0,0,0,0,0,0,0,0,0,0,0,0,0,0,0,0,0,0,0,0,0,0,0,0,0,0,0,0,0,0,
3,8_4,10_58_28,2.1255,0,0,0,2.125473,,2.229,0.60724,-2.133,12.68584,2.847011,0,0.0000,0.0000,0.0000,0.0000,0.0000,0.0000,0,0,,,,,,,0,0,0,0,0,0,0,0,0,0,0,0,0,0,0,0,0,0,0,0,0,0,0,0,0,0,0,0,0,0,0,0,0,0,0,0,0,0,0,0,0,0,0,0,0,0,0,0,0,0,0,
3,8_4,10_58_28,2.1295,0,0,0,2.129458,,2.229,0.60724,-2.133,12.70577,2.787229,2.735017E-08,0.0000,0.0000,0.0000,0.0000,0.0000,0.0000,0,0,,,,,,,0,0,0,0,0,0,0,0,0,0,0,0,0,0,0,0,0,0,0,0,0,0,0,0,0,0,0,0,0,0,0,0,0,0,0,0,0,0,0,0,0,0,0,0,0,0,0,0,0,0,0,
3,8_4,10_58_28,2.1338,0,0,0,2.133751,,2.229,0.60724,-2.133,12.70577,2.744297,0,0.0000,0.0000,0.0000,0.0000,0.0000,0.0000,0,0,,,,,,,0,0,0,0,0,0,0,0,0,0,0,0,0,0,0,0,0,0,0,0,0,0,0,0,0,0,0,0,0,0,0,0,0,0,0,0,0,0,0,0,0,0,0,0,0,0,0,0,0,0,0,
3,8_4,10_58_28,2.1377,0,0,0,2.137683,,2.229,0.60724,-2.133,12.72543,2.704982,0,0.0000,0.0000,0.0000,0.0000,0.0000,0.0000,0,0,,,,,,,0,0,0,0,0,0,0,0,0,0,0,0,0,0,0,0,0,0,0,0,0,0,0,0,0,0,0,0,0,0,0,0,0,0,0,0,0,0,0,0,0,0,0,0,0,0,0,0,0,0,0,
3,8_4,10_58_28,2.1420,0,0,0,2.141999,,2.229,0.60724,-2.133,12.72543,2.683402,0,0.0000,0.0000,0.0000,0.0000,0.0000,0.0000,0,0,,,,,,,0,0,0,0,0,0,0,0,0,0,0,0,0,0,0,0,0,0,0,0,0,0,0,0,0,0,0,0,0,0,0,0,0,0,0,0,0,0,0,0,0,0,0,0,0,0,0,0,0,0,0,
3,8_4,10_58_28,2.1460,0,0,0,2.146017,,2.229,0.60724,-2.133,12.72543,2.663311,0,0.0000,0.0000,0.0000,0.0000,0.0000,0.0000,0,0,,,,,,,0,0,0,0,0,0,0,0,0,0,0,0,0,0,0,0,0,0,0,0,0,0,0,0,0,0,0,0,0,0,0,0,0,0,0,0,0,0,0,0,0,0,0,0,0,0,0,0,0,0,0,
3,8_4,10_58_28,2.1495,0,0,0,2.14952,,2.229,0.60724,-2.133,12.72542,2.645798,-2.735228E-08,0.0000,0.0000,0.0000,0.0000,0.0000,0.0000,0,0,,,,,,,0,0,0,0,0,0,0,0,0,0,0,0,0,0,0,0,0,0,0,0,0,0,0,0,0,0,0,0,0,0,0,0,0,0,0,0,0,0,0,0,0,0,0,0,0,0,0,0,0,0,0,
3,8_4,10_58_28,2.1540,0,0,0,2.154009,,2.229,0.60724,-2.133,12.72543,2.623352,0,0.0000,0.0000,0.0000,0.0000,0.0000,0.0000,0,0,,,,,,,0,0,0,0,0,0,0,0,0,0,0,0,0,0,0,0,0,0,0,0,0,0,0,0,0,0,0,0,0,0,0,0,0,0,0,0,0,0,0,0,0,0,0,0,0,0,0,0,0,0,0,
3,8_4,10_58_28,2.1583,0,0,0,2.158329,,2.229,0.60724,-2.133,12.72542,2.580149,0,0.0000,0.0000,0.0000,0.0000,0.0000,0.0000,0,0,,,,,,,0,0,0,0,0,0,0,0,0,0,0,0,0,0,0,0,0,0,0,0,0,0,0,0,0,0,0,0,0,0,0,0,0,0,0,0,0,0,0,0,0,0,0,0,0,0,0,0,0,0,0,
3,8_4,10_58_28,2.1621,0,0,0,2.162062,,2.229,0.60724,-2.133,12.74409,2.561486,0,0.0000,0.0000,0.0000,0.0000,0.0000,0.0000,0,0,,,,,,,0,0,0,0,0,0,0,0,0,0,0,0,0,0,0,0,0,0,0,0,0,0,0,0,0,0,0,0,0,0,0,0,0,0,0,0,0,0,0,0,0,0,0,0,0,0,0,0,0,0,0,
3,8_4,10_58_28,2.1661,0,0,0,2.16612,,2.229,0.60724,-2.133,12.74409,2.541195,0,0.0000,0.0000,0.0000,0.0000,0.0000,0.0000,0,0,,,,,,,0,0,0,0,0,0,0,0,0,0,0,0,0,0,0,0,0,0,0,0,0,0,0,0,0,0,0,0,0,0,0,0,0,0,0,0,0,0,0,0,0,0,0,0,0,0,0,0,0,0,0,
3,8_4,10_58_28,2.1699,0,0,0,2.169871,,2.229,0.60724,-2.133,12.74409,2.522439,0,0.0000,0.0000,0.0000,0.0000,0.0000,0.0000,0,0,,,,,,,0,0,0,0,0,0,0,0,0,0,0,0,0,0,0,0,0,0,0,0,0,0,0,0,0,0,0,0,0,0,0,0,0,0,0,0,0,0,0,0,0,0,0,0,0,0,0,0,0,0,0,
3,8_4,10_58_28,2.1738,0,0,0,2.173779,,2.229,0.60724,-2.133,12.74409,2.463823,2.735429E-08,0.0000,0.0000,0.0000,0.0000,0.0000,0.0000,0,0,,,,,,,0,0,0,0,0,0,0,0,0,0,0,0,0,0,0,0,0,0,0,0,0,0,0,0,0,0,0,0,0,0,0,0,0,0,0,0,0,0,0,0,0,0,0,0,0,0,0,0,0,0,0,
3,8_4,10_58_28,2.1777,0,0,0,2.177663,,2.229,0.60724,-2.133,12.74409,2.424978,2.735429E-08,0.0000,0.0000,0.0000,0.0000,0.0000,0.0000,0,0,,,,,,,0,0,0,0,0,0,0,0,0,0,0,0,0,0,0,0,0,0,0,0,0,0,0,0,0,0,0,0,0,0,0,0,0,0,0,0,0,0,0,0,0,0,0,0,0,0,0,0,0,0,0,
3,8_4,10_58_28,2.1815,0,0,0,2.181465,,2.229,0.60724,-2.133,12.74409,2.405972,-2.735429E-08,0.0000,0.0000,0.0000,0.0000,0.0000,0.0000,0,0,,,,,,,0,0,0,0,0,0,0,0,0,0,0,0,0,0,0,0,0,0,0,0,0,0,0,0,0,0,0,0,0,0,0,0,0,0,0,0,0,0,0,0,0,0,0,0,0,0,0,0,0,0,0,
3,8_4,10_58_28,2.1860,0,0,0,2.185991,,2.229,0.60724,-2.133,12.74409,2.338071,0,0.0000,0.0000,0.0000,0.0000,0.0000,0.0000,0,0,,,,,,,0,0,0,0,0,0,0,0,0,0,0,0,0,0,0,0,0,0,0,0,0,0,0,0,0,0,0,0,0,0,0,0,0,0,0,0,0,0,0,0,0,0,0,0,0,0,0,0,0,0,0,
3,8_4,10_58_28,2.1893,0,0,0,2.189344,,2.229,0.60724,-2.133,12.71056,2.321309,0,0.0000,0.0000,0.0000,0.0000,0.0000,0.0000,0,0,,,,,,,0,0,0,0,0,0,0,0,0,0,0,0,0,0,0,0,0,0,0,0,0,0,0,0,0,0,0,0,0,0,0,0,0,0,0,0,0,0,0,0,0,0,0,0,0,0,0,0,0,0,0,
3,8_4,10_58_28,2.1932,0,0,0,2.193173,,2.229,0.60724,-2.133,12.71056,2.263865,2.735068E-08,0.0000,0.0000,0.0000,0.0000,0.0000,0.0000,0,0,,,,,,,0,0,0,0,0,0,0,0,0,0,0,0,0,0,0,0,0,0,0,0,0,0,0,0,0,0,0,0,0,0,0,0,0,0,0,0,0,0,0,0,0,0,0,0,0,0,0,0,0,0,0,
3,8_4,10_58_28,2.1970,0,0,0,2.197041,,2.229,0.60724,-2.133,12.69123,2.186513,-2.73486E-08,0.0000,0.0000,0.0000,0.0000,0.0000,0.0000,0,0,,,,,,,0,0,0,0,0,0,0,0,0,0,0,0,0,0,0,0,0,0,0,0,0,0,0,0,0,0,0,0,0,0,0,0,0,0,0,0,0,0,0,0,0,0,0,0,0,0,0,0,0,0,0,
3,8_4,10_58_28,2.2008,0,0,0,2.200825,,2.229,0.60724,-2.133,12.69122,2.148676,0,0.0000,0.0000,0.0000,0.0000,0.0000,0.0000,0,0,,,,,,,0,0,0,0,0,0,0,0,0,0,0,0,0,0,0,0,0,0,0,0,0,0,0,0,0,0,0,0,0,0,0,0,0,0,0,0,0,0,0,0,0,0,0,0,0,0,0,0,0,0,0,
3,8_4,10_58_28,2.2047,0,0,0,2.204741,,2.229,0.60724,-2.133,12.67165,2.089936,0,0.0000,0.0000,0.0000,0.0000,0.0000,0.0000,0,0,,,,,,,0,0,0,0,0,0,0,0,0,0,0,0,0,0,0,0,0,0,0,0,0,0,0,0,0,0,0,0,0,0,0,0,0,0,0,0,0,0,0,0,0,0,0,0,0,0,0,0,0,0,0,
3,8_4,10_58_28,2.2090,0,0,0,2.208985,,2.229,0.60724,-2.133,12.65042,2.026273,1.367211E-08,0.0000,0.0000,0.0000,0.0000,0.0000,0.0000,0,0,,,,,,,0,0,0,0,0,0,0,0,0,0,0,0,0,0,0,0,0,0,0,0,0,0,0,0,0,0,0,0,0,0,0,0,0,0,0,0,0,0,0,0,0,0,0,0,0,0,0,0,0,0,0,
3,8_4,10_58_28,2.2131,0,0,0,2.213104,,2.229,0.60724,-2.133,12.65042,1.96448,1.367211E-08,0.0000,0.0000,0.0000,0.0000,0.0000,0.0000,0,0,,,,,,,0,0,0,0,0,0,0,0,0,0,0,0,0,0,0,0,0,0,0,0,0,0,0,0,0,0,0,0,0,0,0,0,0,0,0,0,0,0,0,0,0,0,0,0,0,0,0,0,0,0,0,
3,8_4,10_58_28,2.2181,0,0,0,2.218081,,2.229,0.60724,-2.133,12.62554,1.864945,1.367078E-08,0.0000,0.0000,0.0000,0.0000,0.0000,0.0000,0,0,,,,,,,0,0,0,0,0,0,0,0,0,0,0,0,0,0,0,0,0,0,0,0,0,0,0,0,0,0,0,0,0,0,0,0,0,0,0,0,0,0,0,0,0,0,0,0,0,0,0,0,0,0,0,
3,8_4,10_58_28,2.2218,0,0,0,2.221836,,2.229,0.60724,-2.133,12.60677,1.8274,-1.366978E-08,0.0000,0.0000,0.0000,0.0000,0.0000,0.0000,0,0,,,,,,,0,0,0,0,0,0,0,0,0,0,0,0,0,0,0,0,0,0,0,0,0,0,0,0,0,0,0,0,0,0,0,0,0,0,0,0,0,0,0,0,0,0,0,0,0,0,0,0,0,0,0,
3,8_4,10_58_28,2.2262,0,0,0,2.226185,,2.229,0.60724,-2.133,12.58502,1.762165,0,0.0000,0.0000,0.0000,0.0000,0.0000,0.0000,0,0,,,,,,,0,0,0,0,0,0,0,0,0,0,0,0,0,0,0,0,0,0,0,0,0,0,0,0,0,0,0,0,0,0,0,0,0,0,0,0,0,0,0,0,0,0,0,0,0,0,0,0,0,0,0,
3,8_4,10_58_28,2.2311,0,0,0,2.231122,,2.229,0.60724,-2.133,12.56034,1.688107,-1.36673E-08,0.0000,0.0000,0.0000,0.0000,0.0000,0.0000,0,0,,,,,,,0,0,0,0,0,0,0,0,0,0,0,0,0,0,0,0,0,0,0,0,0,0,0,0,0,0,0,0,0,0,0,0,0,0,0,0,0,0,0,0,0,0,0,0,0,0,0,0,0,0,0,
3,8_4,10_58_28,2.2355,0,0,0,2.235521,,2.229,0.60724,-2.133,12.51635,1.622123,0,0.0000,0.0000,0.0000,0.0000,0.0000,0.0000,0,0,,,,,,,0,0,0,0,0,0,0,0,0,0,0,0,0,0,0,0,0,0,0,0,0,0,0,0,0,0,0,0,0,0,0,0,0,0,0,0,0,0,0,0,0,0,0,0,0,0,0,0,0,0,0,
3,8_4,10_58_28,2.2399,0,0,0,2.239946,,2.229,0.60724,-2.133,12.49422,1.577869,1.36638E-08,0.0000,0.0000,0.0000,0.0000,0.0000,0.0000,0,0,,,,,,,0,0,0,0,0,0,0,0,0,0,0,0,0,0,0,0,0,0,0,0,0,0,0,0,0,0,0,0,0,0,0,0,0,0,0,0,0,0,0,0,0,0,0,0,0,0,0,0,0,0,0,
3,8_4,10_58_28,2.2435,0,0,0,2.243481,,2.229,0.60724,-2.133,12.49422,1.577869,1.36638E-08,0.0000,0.0000,0.0000,0.0000,0.0000,0.0000,0,0,,,,,,,0,0,0,0,0,0,0,0,0,0,0,0,0,0,0,0,0,0,0,0,0,0,0,0,0,0,0,0,0,0,0,0,0,0,0,0,0,0,0,0,0,0,0,0,0,0,0,0,0,0,0,
3,8_4,10_58_28,2.2475,0,0,0,2.247496,,2.229,0.60724,-2.133,12.45407,1.477497,-1.366169E-08,0.0000,0.0000,0.0000,0.0000,0.0000,0.0000,0,0,,,,,,,0,0,0,0,0,0,0,0,0,0,0,0,0,0,0,0,0,0,0,0,0,0,0,0,0,0,0,0,0,0,0,0,0,0,0,0,0,0,0,0,0,0,0,0,0,0,0,0,0,0,0,
3,8_4,10_58_28,2.2516,0,0,0,2.25155,,2.229,0.60724,-2.133,12.41353,1.436958,0,0.0000,0.0000,0.0000,0.0000,0.0000,0.0000,0,0,,,,,,,0,0,0,0,0,0,0,0,0,0,0,0,0,0,0,0,0,0,0,0,0,0,0,0,0,0,0,0,0,0,0,0,0,0,0,0,0,0,0,0,0,0,0,0,0,0,0,0,0,0,0,
3,8_4,10_58_28,2.2557,0,0,0,2.255746,,2.229,0.60724,-2.133,12.37158,1.374021,0,0.0000,0.0000,0.0000,0.0000,0.0000,0.0000,0,0,,,,,,,0,0,0,0,0,0,0,0,0,0,0,0,0,0,0,0,0,0,0,0,0,0,0,0,0,0,0,0,0,0,0,0,0,0,0,0,0,0,0,0,0,0,0,0,0,0,0,0,0,0,0,
3,8_4,10_58_28,2.2598,0,0,0,2.25981,,2.229,0.60724,-2.133,12.31061,1.33338,0,0.0000,0.0000,0.0000,0.0000,0.0000,0.0000,0,0,,,,,,,0,0,0,0,0,0,0,0,0,0,0,0,0,0,0,0,0,0,0,0,0,0,0,0,0,0,0,0,0,0,0,0,0,0,0,0,0,0,0,0,0,0,0,0,0,0,0,0,0,0,0,
3,8_4,10_58_28,2.2640,0,0,0,2.264009,,2.229,0.60724,-2.133,12.28962,1.270399,0,0.0000,0.0000,0.0000,0.0000,0.0000,0.0000,0,0,,,,,,,0,0,0,0,0,0,0,0,0,0,0,0,0,0,0,0,0,0,0,0,0,0,0,0,0,0,0,0,0,0,0,0,0,0,0,0,0,0,0,0,0,0,0,0,0,0,0,0,0,0,0,
3,8_4,10_58_28,2.2680,0,0,0,2.268034,,2.229,0.60724,-2.133,12.24937,1.189901,-1.3651E-08,0.0000,0.0000,0.0000,0.0000,0.0000,0.0000,0,0,,,,,,,0,0,0,0,0,0,0,0,0,0,0,0,0,0,0,0,0,0,0,0,0,0,0,0,0,0,0,0,0,0,0,0,0,0,0,0,0,0,0,0,0,0,0,0,0,0,0,0,0,0,0,
3,8_4,10_58_28,2.2719,0,0,0,2.271856,,2.229,0.60724,-2.133,12.21115,1.13257,0,0.0000,0.0000,0.0000,0.0000,0.0000,0.0000,0,0,,,,,,,0,0,0,0,0,0,0,0,0,0,0,0,0,0,0,0,0,0,0,0,0,0,0,0,0,0,0,0,0,0,0,0,0,0,0,0,0,0,0,0,0,0,0,0,0,0,0,0,0,0,0,
3,8_4,10_58_28,2.2761,0,0,0,2.276071,,2.229,0.60724,-2.133,12.12685,1.048266,0,0.0000,0.0000,0.0000,0.0000,0.0000,0.0000,0,0,,,,,,,0,0,0,0,0,0,0,0,0,0,0,0,0,0,0,0,0,0,0,0,0,0,0,0,0,0,0,0,0,0,0,0,0,0,0,0,0,0,0,0,0,0,0,0,0,0,0,0,0,0,0,
3,8_4,10_58_28,2.2799,0,0,0,2.279899,,2.229,0.60724,-2.133,12.06942,0.971702,6.820882E-09,0.0000,0.0000,0.0000,0.0000,0.0000,0.0000,0,0,,,,,,,0,0,0,0,0,0,0,0,0,0,0,0,0,0,0,0,0,0,0,0,0,0,0,0,0,0,0,0,0,0,0,0,0,0,0,0,0,0,0,0,0,0,0,0,0,0,0,0,0,0,0,
3,8_4,10_58_28,2.2841,0,0,0,2.284051,,2.229,0.60724,-2.133,12.00715,0.8679118,-6.819302E-09,0.0000,0.0000,0.0000,0.0000,0.0000,0.0000,0,0,,,,,,,0,0,0,0,0,0,0,0,0,0,0,0,0,0,0,0,0,0,0,0,0,0,0,0,0,0,0,0,0,0,0,0,0,0,0,0,0,0,0,0,0,0,0,0,0,0,0,0,0,0,0,
3,8_4,10_58_28,2.2877,0,0,0,2.287704,,2.229,0.60724,-2.133,12.00715,0.8679118,-6.819302E-09,0.0000,0.0000,0.0000,0.0000,0.0000,0.0000,0,0,,,,,,,0,0,0,0,0,0,0,0,0,0,0,0,0,0,0,0,0,0,0,0,0,0,0,0,0,0,0,0,0,0,0,0,0,0,0,0,0,0,0,0,0,0,0,0,0,0,0,0,0,0,0,
3,8_4,10_58_28,2.2917,0,0,0,2.291722,,2.229,0.60724,-2.133,11.88659,0.687066,0,0.0000,0.0000,0.0000,0.0000,0.0000,0.0000,0,0,,,,,,,0,0,0,0,0,0,0,0,0,0,0,0,0,0,0,0,0,0,0,0,0,0,0,0,0,0,0,0,0,0,0,0,0,0,0,0,0,0,0,0,0,0,0,0,0,0,0,0,0,0,0,
3,8_4,10_58_28,2.2960,0,0,0,2.296021,,2.229,0.60724,-2.133,11.80061,0.515118,0,0.0000,0.0000,0.0000,0.0000,0.0000,0.0000,0,0,,,,,,,0,0,0,0,0,0,0,0,0,0,0,0,0,0,0,0,0,0,0,0,0,0,0,0,0,0,0,0,0,0,0,0,0,0,0,0,0,0,0,0,0,0,0,0,0,0,0,0,0,0,0,
3,8_4,10_58_28,2.3002,0,0,0,2.300225,,2.229,0.60724,-2.133,11.71653,0.388989,3.40602E-09,0.0000,0.0000,0.0000,0.0000,0.0000,0.0000,0,0,,,,,,,0,0,0,0,0,0,0,0,0,0,0,0,0,0,0,0,0,0,0,0,0,0,0,0,0,0,0,0,0,0,0,0,0,0,0,0,0,0,0,0,0,0,0,0,0,0,0,0,0,0,0,
3,8_4,10_58_28,2.3050,0,0,0,2.305047,,2.229,0.60724,-2.133,11.62009,0.1720126,1.702418E-09,0.0000,0.0000,0.0000,0.0000,0.0000,0.0000,0,0,,,,,,,0,0,0,0,0,0,0,0,0,0,0,0,0,0,0,0,0,0,0,0,0,0,0,0,0,0,0,0,0,0,0,0,0,0,0,0,0,0,0,0,0,0,0,0,0,0,0,0,0,0,0,
3,8_4,10_58_28,2.3089,0,0,0,2.308898,,2.229,0.60724,-2.133,11.52381,0.05647939,-4.254582E-10,0.0000,0.0000,0.0000,0.0000,0.0000,0.0000,0,0,,,,,,,0,0,0,0,0,0,0,0,0,0,0,0,0,0,0,0,0,0,0,0,0,0,0,0,0,0,0,0,0,0,0,0,0,0,0,0,0,0,0,0,0,0,0,0,0,0,0,0,0,0,0,
3,8_4,10_58_28,2.3129,0,0,0,2.312876,,2.229,0.60724,-2.133,11.44426,359.8974,0,0.0000,0.0000,0.0000,0.0000,0.0000,0.0000,0,0,,,,,,,0,0,0,0,0,0,0,0,0,0,0,0,0,0,0,0,0,0,0,0,0,0,0,0,0,0,0,0,0,0,0,0,0,0,0,0,0,0,0,0,0,0,0,0,0,0,0,0,0,0,0,
3,8_4,10_58_28,2.3172,0,0,0,2.317174,,2.229,0.60724,-2.133,11.33681,359.7469,-1.70071E-09,0.0000,0.0000,0.0000,0.0000,0.0000,0.0000,0,0,,,,,,,0,0,0,0,0,0,0,0,0,0,0,0,0,0,0,0,0,0,0,0,0,0,0,0,0,0,0,0,0,0,0,0,0,0,0,0,0,0,0,0,0,0,0,0,0,0,0,0,0,0,0,
3,8_4,10_58_28,2.3210,0,0,0,2.321002,,2.229,0.60724,-2.133,11.27938,359.5938,3.400738E-09,0.0000,0.0000,0.0000,0.0000,0.0000,0.0000,0,0,,,,,,,0,0,0,0,0,0,0,0,0,0,0,0,0,0,0,0,0,0,0,0,0,0,0,0,0,0,0,0,0,0,0,0,0,0,0,0,0,0,0,0,0,0,0,0,0,0,0,0,0,0,0,
3,8_4,10_58_28,2.3249,0,0,0,2.324913,,2.229,0.60724,-2.133,11.20117,359.4374,0,0.0000,0.0000,0.0000,0.0000,0.0000,0.0000,0,0,,,,,,,0,0,0,0,0,0,0,0,0,0,0,0,0,0,0,0,0,0,0,0,0,0,0,0,0,0,0,0,0,0,0,0,0,0,0,0,0,0,0,0,0,0,0,0,0,0,0,0,0,0,0,
3,8_4,10_58_28,2.3290,0,0,0,2.329001,,2.229,0.60724,-2.133,11.11941,359.2534,6.797718E-09,0.0000,0.0000,0.0000,0.0000,0.0000,0.0000,0,0,,,,,,,0,0,0,0,0,0,0,0,0,0,0,0,0,0,0,0,0,0,0,0,0,0,0,0,0,0,0,0,0,0,0,0,0,0,0,0,0,0,0,0,0,0,0,0,0,0,0,0,0,0,0,
3,8_4,10_58_28,2.3331,0,0,0,2.333126,,2.229,0.60724,-2.133,11.03691,359.0472,0,0.0000,0.0000,0.0000,0.0000,0.0000,0.0000,0,0,,,,,,,0,0,0,0,0,0,0,0,0,0,0,0,0,0,0,0,0,0,0,0,0,0,0,0,0,0,0,0,0,0,0,0,0,0,0,0,0,0,0,0,0,0,0,0,0,0,0,0,0,0,0,
3,8_4,10_58_28,2.3375,0,0,0,2.337512,,2.229,0.60724,-2.133,10.90534,358.8059,0,0.0000,0.0000,0.0000,0.0000,0.0000,0.0000,0,0,,,,,,,0,0,0,0,0,0,0,0,0,0,0,0,0,0,0,0,0,0,0,0,0,0,0,0,0,0,0,0,0,0,0,0,0,0,0,0,0,0,0,0,0,0,0,0,0,0,0,0,0,0,0,
3,8_4,10_58_28,2.3419,0,0,0,2.341905,,2.229,0.60724,-2.133,10.77353,358.5204,0,0.0000,0.0000,0.0000,0.0000,0.0000,0.0000,0,0,,,,,,,0,0,0,0,0,0,0,0,0,0,0,0,0,0,0,0,0,0,0,0,0,0,0,0,0,0,0,0,0,0,0,0,0,0,0,0,0,0,0,0,0,0,0,0,0,0,0,0,0,0,0,
3,8_4,10_58_28,2.3459,0,0,0,2.345877,,2.229,0.60724,-2.133,10.67424,358.2622,-1.357511E-08,0.0000,0.0000,0.0000,0.0000,0.0000,0.0000,0,0,,,,,,,0,0,0,0,0,0,0,0,0,0,0,0,0,0,0,0,0,0,0,0,0,0,0,0,0,0,0,0,0,0,0,0,0,0,0,0,0,0,0,0,0,0,0,0,0,0,0,0,0,0,0,
3,8_4,10_58_28,2.3500,0,0,0,2.349981,,2.229,0.60724,-2.133,10.55111,357.9749,-1.356965E-08,0.0000,0.0000,0.0000,0.0000,0.0000,0.0000,0,0,,,,,,,0,0,0,0,0,0,0,0,0,0,0,0,0,0,0,0,0,0,0,0,0,0,0,0,0,0,0,0,0,0,0,0,0,0,0,0,0,0,0,0,0,0,0,0,0,0,0,0,0,0,0,
3,8_4,10_58_28,2.3540,0,0,0,2.353985,,2.229,0.60724,-2.133,10.47105,357.6947,0,0.0000,0.0000,0.0000,0.0000,0.0000,0.0000,0,0,,,,,,,0,0,0,0,0,0,0,0,0,0,0,0,0,0,0,0,0,0,0,0,0,0,0,0,0,0,0,0,0,0,0,0,0,0,0,0,0,0,0,0,0,0,0,0,0,0,0,0,0,0,0,
3,8_4,10_58_28,2.3577,0,0,0,2.357691,,2.229,0.60724,-2.133,10.47105,357.6947,0,0.0000,0.0000,0.0000,0.0000,0.0000,0.0000,0,0,,,,,,,0,0,0,0,0,0,0,0,0,0,0,0,0,0,0,0,0,0,0,0,0,0,0,0,0,0,0,0,0,0,0,0,0,0,0,0,0,0,0,0,0,0,0,0,0,0,0,0,0,0,0,
3,8_4,10_58_28,2.3619,0,0,0,2.361905,,2.229,0.60724,-2.133,10.17605,357.0415,0,0.0000,0.0000,0.0000,0.0000,0.0000,0.0000,0,0,,,,,,,0,0,0,0,0,0,0,0,0,0,0,0,0,0,0,0,0,0,0,0,0,0,0,0,0,0,0,0,0,0,0,0,0,0,0,0,0,0,0,0,0,0,0,0,0,0,0,0,0,0,0,
3,8_4,10_58_28,2.3664,0,0,0,2.366392,,2.229,0.60724,-2.133,10.06388,356.705,0,0.0000,0.0000,0.0000,0.0000,0.0000,0.0000,0,0,,,,,,,0,0,0,0,0,0,0,0,0,0,0,0,0,0,0,0,0,0,0,0,0,0,0,0,0,0,0,0,0,0,0,0,0,0,0,0,0,0,0,0,0,0,0,0,0,0,0,0,0,0,0,
3,8_4,10_58_28,2.3712,0,0,0,2.371192,,2.229,0.60724,-2.133,9.847858,356.2249,2.707943E-08,0.0000,0.0000,0.0000,0.0000,0.0000,0.0000,0,0,,,,,,,0,0,0,0,0,0,0,0,0,0,0,0,0,0,0,0,0,0,0,0,0,0,0,0,0,0,0,0,0,0,0,0,0,0,0,0,0,0,0,0,0,0,0,0,0,0,0,0,0,0,0,
3,8_4,10_58_28,2.3751,0,0,0,2.375058,,2.229,0.60724,-2.133,9.71256,355.935,2.706841E-08,0.0000,0.0000,0.0000,0.0000,0.0000,0.0000,0,0,,,,,,,0,0,0,0,0,0,0,0,0,0,0,0,0,0,0,0,0,0,0,0,0,0,0,0,0,0,0,0,0,0,0,0,0,0,0,0,0,0,0,0,0,0,0,0,0,0,0,0,0,0,0,
3,8_4,10_58_28,2.3789,0,0,0,2.37886,,2.229,0.60724,-2.133,9.598481,355.6308,5.411849E-08,0.0000,0.0000,0.0000,0.0000,0.0000,0.0000,0,0,,,,,,,0,0,0,0,0,0,0,0,0,0,0,0,0,0,0,0,0,0,0,0,0,0,0,0,0,0,0,0,0,0,0,0,0,0,0,0,0,0,0,0,0,0,0,0,0,0,0,0,0,0,0,
3,8_4,10_58_28,2.3830,0,0,0,2.383017,,2.229,0.60724,-2.133,9.494555,355.2774,0,0.0000,0.0000,0.0000,0.0000,0.0000,0.0000,0,0,,,,,,,0,0,0,0,0,0,0,0,0,0,0,0,0,0,0,0,0,0,0,0,0,0,0,0,0,0,0,0,0,0,0,0,0,0,0,0,0,0,0,0,0,0,0,0,0,0,0,0,0,0,0,
3,8_4,10_58_28,2.3880,0,0,0,2.388002,,2.229,0.60724,-2.133,9.345004,354.8288,2.703928E-08,0.0000,0.0000,0.0000,0.0000,0.0000,0.0000,0,0,,,,,,,0,0,0,0,0,0,0,0,0,0,0,0,0,0,0,0,0,0,0,0,0,0,0,0,0,0,0,0,0,0,0,0,0,0,0,0,0,0,0,0,0,0,0,0,0,0,0,0,0,0,0,
3,8_4,10_58_28,2.3919,0,0,0,2.391865,,2.229,0.60724,-2.133,9.248444,354.5777,-2.703182E-08,0.0000,0.0000,0.0000,0.0000,0.0000,0.0000,0,0,,,,,,,0,0,0,0,0,0,0,0,0,0,0,0,0,0,0,0,0,0,0,0,0,0,0,0,0,0,0,0,0,0,0,0,0,0,0,0,0,0,0,0,0,0,0,0,0,0,0,0,0,0,0,
3,8_4,10_58_28,2.3960,0,0,0,2.396024,,2.229,0.60724,-2.133,9.144472,354.3282,0,0.0000,0.0000,0.0000,0.0000,0.0000,0.0000,0,0,,,,,,,0,0,0,0,0,0,0,0,0,0,0,0,0,0,0,0,0,0,0,0,0,0,0,0,0,0,0,0,0,0,0,0,0,0,0,0,0,0,0,0,0,0,0,0,0,0,0,0,0,0,0,
3,8_4,10_58_28,2.3999,0,0,0,2.399851,,2.229,0.60724,-2.133,9.067925,354.0985,-5.403618E-08,0.0000,0.0000,0.0000,0.0000,0.0000,0.0000,0,0,,,,,,,0,0,0,0,0,0,0,0,0,0,0,0,0,0,0,0,0,0,0,0,0,0,0,0,0,0,0,0,0,0,0,0,0,0,0,0,0,0,0,0,0,0,0,0,0,0,0,0,0,0,0,
3,8_4,10_58_28,2.4040,0,0,0,2.404027,,2.229,0.60724,-2.133,8.984402,353.8689,0,0.0000,0.0000,0.0000,0.0000,0.0000,0.0000,0,0,,,,,,,0,0,0,0,0,0,0,0,0,0,0,0,0,0,0,0,0,0,0,0,0,0,0,0,0,0,0,0,0,0,0,0,0,0,0,0,0,0,0,0,0,0,0,0,0,0,0,0,0,0,0,
3,8_4,10_58_28,2.4084,0,0,0,2.408405,,2.229,0.60724,-2.133,8.984402,353.8689,0,0.0000,0.0000,0.0000,0.0000,0.0000,0.0000,0,0,,,,,,,0,0,0,0,0,0,0,0,0,0,0,0,0,0,0,0,0,0,0,0,0,0,0,0,0,0,0,0,0,0,0,0,0,0,0,0,0,0,0,0,0,0,0,0,0,0,0,0,0,0,0,
3,8_4,10_58_28,2.4126,0,0,0,2.412602,,2.229,0.60724,-2.133,8.837514,353.4282,0,0.0000,0.0000,0.0000,0.0000,0.0000,0.0000,0,0,,,,,,,0,0,0,0,0,0,0,0,0,0,0,0,0,0,0,0,0,0,0,0,0,0,0,0,0,0,0,0,0,0,0,0,0,0,0,0,0,0,0,0,0,0,0,0,0,0,0,0,0,0,0,
3,8_4,10_58_28,2.4171,0,0,0,2.4171,,2.229,0.60724,-2.133,8.725054,353.1358,-5.39856E-08,0.0000,0.0000,0.0000,0.0000,0.0000,0.0000,0,0,,,,,,,0,0,0,0,0,0,0,0,0,0,0,0,0,0,0,0,0,0,0,0,0,0,0,0,0,0,0,0,0,0,0,0,0,0,0,0,0,0,0,0,0,0,0,0,0,0,0,0,0,0,0,
3,8_4,10_58_28,2.4221,0,0,0,2.422127,,2.229,0.60724,-2.133,8.624505,352.809,0,0.0000,0.0000,0.0000,0.0000,0.0000,0.0000,0,0,,,,,,,0,0,0,0,0,0,0,0,0,0,0,0,0,0,0,0,0,0,0,0,0,0,0,0,0,0,0,0,0,0,0,0,0,0,0,0,0,0,0,0,0,0,0,0,0,0,0,0,0,0,0,
3,8_4,10_58_28,2.4261,0,0,0,2.426056,,2.229,0.60724,-2.133,8.526289,352.5733,-5.395719E-08,0.0000,0.0000,0.0000,0.0000,0.0000,0.0000,0,0,,,,,,,0,0,0,0,0,0,0,0,0,0,0,0,0,0,0,0,0,0,0,0,0,0,0,0,0,0,0,0,0,0,0,0,0,0,0,0,0,0,0,0,0,0,0,0,0,0,0,0,0,0,0,
3,8_4,10_58_28,2.4299,0,0,0,2.42989,,2.229,0.60724,-2.133,8.468785,352.3625,0,0.0000,0.0000,0.0000,0.0000,0.0000,0.0000,0,0,,,,,,,0,0,0,0,0,0,0,0,0,0,0,0,0,0,0,0,0,0,0,0,0,0,0,0,0,0,0,0,0,0,0,0,0,0,0,0,0,0,0,0,0,0,0,0,0,0,0,0,0,0,0,
3,8_4,10_58_28,2.4341,0,0,0,2.434133,,2.229,0.60724,-2.133,8.383929,352.1079,0,0.0000,0.0000,0.0000,0.0000,0.0000,0.0000,0,0,,,,,,,0,0,0,0,0,0,0,0,0,0,0,0,0,0,0,0,0,0,0,0,0,0,0,0,0,0,0,0,0,0,0,0,0,0,0,0,0,0,0,0,0,0,0,0,0,0,0,0,0,0,0,
3,8_4,10_58_28,2.4395,0,0,0,2.43948,,2.229,0.60724,-2.133,8.250257,351.7336,-5.391887E-08,0.0000,0.0000,0.0000,0.0000,0.0000,0.0000,0,0,,,,,,,0,0,0,0,0,0,0,0,0,0,0,0,0,0,0,0,0,0,0,0,0,0,0,0,0,0,0,0,0,0,0,0,0,0,0,0,0,0,0,0,0,0,0,0,0,0,0,0,0,0,0,
3,8_4,10_58_28,2.4442,0,0,0,2.444163,,2.229,0.60724,-2.133,8.156588,351.3589,5.390617E-08,0.0000,0.0000,0.0000,0.0000,0.0000,0.0000,0,0,,,,,,,0,0,0,0,0,0,0,0,0,0,0,0,0,0,0,0,0,0,0,0,0,0,0,0,0,0,0,0,0,0,0,0,0,0,0,0,0,0,0,0,0,0,0,0,0,0,0,0,0,0,0,
3,8_4,10_58_28,2.4494,0,0,0,2.449419,,2.229,0.60724,-2.133,8.051462,350.9121,-1.077842E-07,0.0000,0.0000,0.0000,0.0000,0.0000,0.0000,0,0,,,,,,,0,0,0,0,0,0,0,0,0,0,0,0,0,0,0,0,0,0,0,0,0,0,0,0,0,0,0,0,0,0,0,0,0,0,0,0,0,0,0,0,0,0,0,0,0,0,0,0,0,0,0,
3,8_4,10_58_28,2.4539,0,0,0,2.453948,,2.229,0.60724,-2.133,7.938237,350.5272,-5.387713E-08,0.0000,0.0000,0.0000,0.0000,0.0000,0.0000,0,0,,,,,,,0,0,0,0,0,0,0,0,0,0,0,0,0,0,0,0,0,0,0,0,0,0,0,0,0,0,0,0,0,0,0,0,0,0,0,0,0,0,0,0,0,0,0,0,0,0,0,0,0,0,0,
3,8_4,10_58_28,2.4586,0,0,0,2.45857,,2.229,0.60724,-2.133,7.86892,350.1344,-1.077362E-07,0.0000,0.0000,0.0000,0.0000,0.0000,0.0000,0,0,,,,,,,0,0,0,0,0,0,0,0,0,0,0,0,0,0,0,0,0,0,0,0,0,0,0,0,0,0,0,0,0,0,0,0,0,0,0,0,0,0,0,0,0,0,0,0,0,0,0,0,0,0,0,
3,8_4,10_58_28,2.4630,0,0,0,2.462988,,2.229,0.60724,-2.133,7.802635,349.7809,-5.38595E-08,0.0000,0.0000,0.0000,0.0000,0.0000,0.0000,0,0,,,,,,,0,0,0,0,0,0,0,0,0,0,0,0,0,0,0,0,0,0,0,0,0,0,0,0,0,0,0,0,0,0,0,0,0,0,0,0,0,0,0,0,0,0,0,0,0,0,0,0,0,0,0,
3,8_4,10_58_28,2.4680,0,0,0,2.468031,,2.229,0.60724,-2.133,7.726988,349.327,-1.076996E-07,0.0000,0.0000,0.0000,0.0000,0.0000,0.0000,0,0,,,,,,,0,0,0,0,0,0,0,0,0,0,0,0,0,0,0,0,0,0,0,0,0,0,0,0,0,0,0,0,0,0,0,0,0,0,0,0,0,0,0,0,0,0,0,0,0,0,0,0,0,0,0,
3,8_4,10_58_28,2.4720,0,0,0,2.472016,,2.229,0.60724,-2.133,7.647293,349.0281,0,0.0000,0.0000,0.0000,0.0000,0.0000,0.0000,0,0,,,,,,,0,0,0,0,0,0,0,0,0,0,0,0,0,0,0,0,0,0,0,0,0,0,0,0,0,0,0,0,0,0,0,0,0,0,0,0,0,0,0,0,0,0,0,0,0,0,0,0,0,0,0,
3,8_4,10_58_28,2.4756,0,0,0,2.475572,,2.229,0.60724,-2.133,7.647293,349.0281,0,0.0000,0.0000,0.0000,0.0000,0.0000,0.0000,0,0,,,,,,,0,0,0,0,0,0,0,0,0,0,0,0,0,0,0,0,0,0,0,0,0,0,0,0,0,0,0,0,0,0,0,0,0,0,0,0,0,0,0,0,0,0,0,0,0,0,0,0,0,0,0,
3,8_4,10_58_28,2.4794,0,0,0,2.479398,,2.229,0.60724,-2.133,7.589899,348.4542,0,0.0000,0.0000,0.0000,0.0000,0.0000,0.0000,0,0,,,,,,,0,0,0,0,0,0,0,0,0,0,0,0,0,0,0,0,0,0,0,0,0,0,0,0,0,0,0,0,0,0,0,0,0,0,0,0,0,0,0,0,0,0,0,0,0,0,0,0,0,0,0,
3,8_4,10_58_28,2.4835,0,0,0,2.483456,,2.229,0.60724,-2.133,7.529037,348.1093,-5.382489E-08,0.0000,0.0000,0.0000,0.0000,0.0000,0.0000,0,0,,,,,,,0,0,0,0,0,0,0,0,0,0,0,0,0,0,0,0,0,0,0,0,0,0,0,0,0,0,0,0,0,0,0,0,0,0,0,0,0,0,0,0,0,0,0,0,0,0,0,0,0,0,0,
3,8_4,10_58_28,2.4874,0,0,0,2.487378,,2.229,0.60724,-2.133,7.489821,347.7563,-1.076401E-07,0.0000,0.0000,0.0000,0.0000,0.0000,0.0000,0,0,,,,,,,0,0,0,0,0,0,0,0,0,0,0,0,0,0,0,0,0,0,0,0,0,0,0,0,0,0,0,0,0,0,0,0,0,0,0,0,0,0,0,0,0,0,0,0,0,0,0,0,0,0,0,
3,8_4,10_58_28,2.4922,0,0,0,2.492158,,2.229,0.60724,-2.133,7.442014,347.2066,0,0.0000,0.0000,0.0000,0.0000,0.0000,0.0000,0,0,,,,,,,0,0,0,0,0,0,0,0,0,0,0,0,0,0,0,0,0,0,0,0,0,0,0,0,0,0,0,0,0,0,0,0,0,0,0,0,0,0,0,0,0,0,0,0,0,0,0,0,0,0,0,
3,8_4,10_58_28,2.4961,0,0,0,2.496058,,2.229,0.60724,-2.133,7.403021,346.8362,5.380939E-08,0.0000,0.0000,0.0000,0.0000,0.0000,0.0000,0,0,,,,,,,0,0,0,0,0,0,0,0,0,0,0,0,0,0,0,0,0,0,0,0,0,0,0,0,0,0,0,0,0,0,0,0,0,0,0,0,0,0,0,0,0,0,0,0,0,0,0,0,0,0,0,
3,8_4,10_58_28,2.5000,0,0,0,2.499971,,2.229,0.60724,-2.133,7.383451,346.4839,-5.3807E-08,0.0000,0.0000,0.0000,0.0000,0.0000,0.0000,0,0,,,,,,,0,0,0,0,0,0,0,0,0,0,0,0,0,0,0,0,0,0,0,0,0,0,0,0,0,0,0,0,0,0,0,0,0,0,0,0,0,0,0,0,0,0,0,0,0,0,0,0,0,0,0,
3,8_4,10_58_28,2.5036,0,0,0,2.50357,,2.229,0.60724,-2.133,7.383451,346.4839,-5.3807E-08,0.0000,0.0000,0.0000,0.0000,0.0000,0.0000,0,0,,,,,,,0,0,0,0,0,0,0,0,0,0,0,0,0,0,0,0,0,0,0,0,0,0,0,0,0,0,0,0,0,0,0,0,0,0,0,0,0,0,0,0,0,0,0,0,0,0,0,0,0,0,0,
3,8_4,10_58_28,2.5076,0,0,0,2.507589,,2.229,0.60724,-2.133,7.323178,345.7204,0,0.0000,0.0000,0.0000,0.0000,0.0000,0.0000,0,0,,,,,,,0,0,0,0,0,0,0,0,0,0,0,0,0,0,0,0,0,0,0,0,0,0,0,0,0,0,0,0,0,0,0,0,0,0,0,0,0,0,0,0,0,0,0,0,0,0,0,0,0,0,0,
3,8_4,10_58_28,2.5120,0,0,0,2.512042,,2.229,0.60724,-2.133,7.323178,345.2974,-1.075994E-07,0.0000,0.0000,0.0000,0.0000,0.0000,0.0000,0,0,,,,,,,0,0,0,0,0,0,0,0,0,0,0,0,0,0,0,0,0,0,0,0,0,0,0,0,0,0,0,0,0,0,0,0,0,0,0,0,0,0,0,0,0,0,0,0,0,0,0,0,0,0,0,
3,8_4,10_58_28,2.5163,0,0,0,2.516261,,2.229,0.60724,-2.133,7.344276,344.8543,0,0.0000,0.0000,0.0000,0.0000,0.0000,0.0000,0,0,,,,,,,0,0,0,0,0,0,0,0,0,0,0,0,0,0,0,0,0,0,0,0,0,0,0,0,0,0,0,0,0,0,0,0,0,0,0,0,0,0,0,0,0,0,0,0,0,0,0,0,0,0,0,
3,8_4,10_58_28,2.5201,0,0,0,2.52008,,2.229,0.60724,-2.133,7.344276,344.4916,-1.076045E-07,0.0000,0.0000,0.0000,0.0000,0.0000,0.0000,0,0,,,,,,,0,0,0,0,0,0,0,0,0,0,0,0,0,0,0,0,0,0,0,0,0,0,0,0,0,0,0,0,0,0,0,0,0,0,0,0,0,0,0,0,0,0,0,0,0,0,0,0,0,0,0,
3,8_4,10_58_28,2.5240,0,0,0,2.523985,,2.229,0.60724,-2.133,7.383328,344.1011,0,0.0000,0.0000,0.0000,0.0000,0.0000,0.0000,0,0,,,,,,,0,0,0,0,0,0,0,0,0,0,0,0,0,0,0,0,0,0,0,0,0,0,0,0,0,0,0,0,0,0,0,0,0,0,0,0,0,0,0,0,0,0,0,0,0,0,0,0,0,0,0,
3,8_4,10_58_28,2.5282,0,0,0,2.528219,,2.229,0.60724,-2.133,7.425674,343.5929,-1.076243E-07,0.0000,0.0000,0.0000,0.0000,0.0000,0.0000,0,0,,,,,,,0,0,0,0,0,0,0,0,0,0,0,0,0,0,0,0,0,0,0,0,0,0,0,0,0,0,0,0,0,0,0,0,0,0,0,0,0,0,0,0,0,0,0,0,0,0,0,0,0,0,0,
3,8_4,10_58_28,2.5322,0,0,0,2.532158,,2.229,0.60724,-2.133,7.44537,343.199,1.076291E-07,0.0000,0.0000,0.0000,0.0000,0.0000,0.0000,0,0,,,,,,,0,0,0,0,0,0,0,0,0,0,0,0,0,0,0,0,0,0,0,0,0,0,0,0,0,0,0,0,0,0,0,0,0,0,0,0,0,0,0,0,0,0,0,0,0,0,0,0,0,0,0,
3,8_4,10_58_28,2.5371,0,0,0,2.537059,,2.229,0.60724,-2.133,7.518869,342.464,1.076473E-07,0.0000,0.0000,0.0000,0.0000,0.0000,0.0000,0,0,,,,,,,0,0,0,0,0,0,0,0,0,0,0,0,0,0,0,0,0,0,0,0,0,0,0,0,0,0,0,0,0,0,0,0,0,0,0,0,0,0,0,0,0,0,0,0,0,0,0,0,0,0,0,
3,8_4,10_58_28,2.5413,0,0,0,2.541275,,2.229,0.60724,-2.133,7.561034,341.958,0,0.0000,0.0000,0.0000,0.0000,0.0000,0.0000,0,0,,,,,,,0,0,0,0,0,0,0,0,0,0,0,0,0,0,0,0,0,0,0,0,0,0,0,0,0,0,0,0,0,0,0,0,0,0,0,0,0,0,0,0,0,0,0,0,0,0,0,0,0,0,0,
3,8_4,10_58_28,2.5458,0,0,0,2.545803,,2.229,0.60724,-2.133,7.606317,341.4147,-1.076691E-07,0.0000,0.0000,0.0000,0.0000,0.0000,0.0000,0,0,,,,,,,0,0,0,0,0,0,0,0,0,0,0,0,0,0,0,0,0,0,0,0,0,0,0,0,0,0,0,0,0,0,0,0,0,0,0,0,0,0,0,0,0,0,0,0,0,0,0,0,0,0,0,
3,8_4,10_58_28,2.5524,0,0,0,2.552363,,2.229,0.60724,-2.133,7.704721,340.0042,0,0.0000,0.0000,0.0000,0.0000,0.0000,0.0000,0,0,,,,,,,0,0,0,0,0,0,0,0,0,0,0,0,0,0,0,0,0,0,0,0,0,0,0,0,0,0,0,0,0,0,0,0,0,0,0,0,0,0,0,0,0,0,0,0,0,0,0,0,0,0,0,
3,8_4,10_58_28,2.5575,0,0,0,2.557455,,2.229,0.60724,-2.133,7.704721,340.0042,0,0.0000,0.0000,0.0000,0.0000,0.0000,0.0000,0,0,,,,,,,0,0,0,0,0,0,0,0,0,0,0,0,0,0,0,0,0,0,0,0,0,0,0,0,0,0,0,0,0,0,0,0,0,0,0,0,0,0,0,0,0,0,0,0,0,0,0,0,0,0,0,
3,8_4,10_58_28,2.5622,0,0,0,2.562197,,2.229,0.60724,-2.133,7.823279,338.4155,0,0.0000,0.0000,0.0000,0.0000,0.0000,0.0000,0,0,,,,,,,0,0,0,0,0,0,0,0,0,0,0,0,0,0,0,0,0,0,0,0,0,0,0,0,0,0,0,0,0,0,0,0,0,0,0,0,0,0,0,0,0,0,0,0,0,0,0,0,0,0,0,
3,8_4,10_58_28,2.5669,0,0,0,2.566941,,2.229,0.60724,-2.133,7.870722,337.6089,0,0.0000,0.0000,0.0000,0.0000,0.0000,0.0000,0,0,,,,,,,0,0,0,0,0,0,0,0,0,0,0,0,0,0,0,0,0,0,0,0,0,0,0,0,0,0,0,0,0,0,0,0,0,0,0,0,0,0,0,0,0,0,0,0,0,0,0,0,0,0,0,
3,8_4,10_58_28,2.5711,0,0,0,2.571083,,2.229,0.60724,-2.133,7.912142,337.0705,-1.077474E-07,0.0000,0.0000,0.0000,0.0000,0.0000,0.0000,0,0,,,,,,,0,0,0,0,0,0,0,0,0,0,0,0,0,0,0,0,0,0,0,0,0,0,0,0,0,0,0,0,0,0,0,0,0,0,0,0,0,0,0,0,0,0,0,0,0,0,0,0,0,0,0,
3,8_4,10_58_28,2.5749,0,0,0,2.57485,,2.229,0.60724,-2.133,7.987479,336.5808,1.077672E-07,0.0000,0.0000,0.0000,0.0000,0.0000,0.0000,0,0,,,,,,,0,0,0,0,0,0,0,0,0,0,0,0,0,0,0,0,0,0,0,0,0,0,0,0,0,0,0,0,0,0,0,0,0,0,0,0,0,0,0,0,0,0,0,0,0,0,0,0,0,0,0,
3,8_4,10_58_28,2.5789,0,0,0,2.578936,,2.229,0.60724,-2.133,8.00791,336.0292,0,0.0000,0.0000,0.0000,0.0000,0.0000,0.0000,0,0,,,,,,,0,0,0,0,0,0,0,0,0,0,0,0,0,0,0,0,0,0,0,0,0,0,0,0,0,0,0,0,0,0,0,0,0,0,0,0,0,0,0,0,0,0,0,0,0,0,0,0,0,0,0,
3,8_4,10_58_28,2.5831,0,0,0,2.583145,,2.229,0.60724,-2.133,8.050004,335.4399,0,0.0000,0.0000,0.0000,0.0000,0.0000,0.0000,0,0,,,,,,,0,0,0,0,0,0,0,0,0,0,0,0,0,0,0,0,0,0,0,0,0,0,0,0,0,0,0,0,0,0,0,0,0,0,0,0,0,0,0,0,0,0,0,0,0,0,0,0,0,0,0,
3,8_4,10_58_28,2.5872,0,0,0,2.587229,,2.229,0.60724,-2.133,8.13168,334.8886,1.078056E-07,0.0000,0.0000,0.0000,0.0000,0.0000,0.0000,0,0,,,,,,,0,0,0,0,0,0,0,0,0,0,0,0,0,0,0,0,0,0,0,0,0,0,0,0,0,0,0,0,0,0,0,0,0,0,0,0,0,0,0,0,0,0,0,0,0,0,0,0,0,0,0,
3,8_4,10_58_28,2.5915,0,0,0,2.591503,,2.229,0.60724,-2.133,8.195785,334.1621,-1.078229E-07,0.0000,0.0000,0.0000,0.0000,0.0000,0.0000,0,0,,,,,,,0,0,0,0,0,0,0,0,0,0,0,0,0,0,0,0,0,0,0,0,0,0,0,0,0,0,0,0,0,0,0,0,0,0,0,0,0,0,0,0,0,0,0,0,0,0,0,0,0,0,0,
3,8_4,10_58_28,2.5980,0,0,0,2.59795,,2.229,0.60724,-2.133,8.324733,332.8081,0,0.0000,0.0000,0.0000,0.0000,0.0000,0.0000,0,0,,,,,,,0,0,0,0,0,0,0,0,0,0,0,0,0,0,0,0,0,0,0,0,0,0,0,0,0,0,0,0,0,0,0,0,0,0,0,0,0,0,0,0,0,0,0,0,0,0,0,0,0,0,0,
3,8_4,10_58_28,2.6035,0,0,0,2.603456,,2.229,0.60724,-2.133,8.434844,331.8722,0,0.0000,0.0000,0.0000,0.0000,0.0000,0.0000,0,0,,,,,,,0,0,0,0,0,0,0,0,0,0,0,0,0,0,0,0,0,0,0,0,0,0,0,0,0,0,0,0,0,0,0,0,0,0,0,0,0,0,0,0,0,0,0,0,0,0,0,0,0,0,0,
3,8_4,10_58_28,2.6094,0,0,0,2.609369,,2.229,0.60724,-2.133,8.523548,330.7486,-2.158272E-07,0.0000,0.0000,0.0000,0.0000,0.0000,0.0000,0,0,,,,,,,0,0,0,0,0,0,0,0,0,0,0,0,0,0,0,0,0,0,0,0,0,0,0,0,0,0,0,0,0,0,0,0,0,0,0,0,0,0,0,0,0,0,0,0,0,0,0,0,0,0,0,
3,8_4,10_58_28,2.6137,0,0,0,2.613689,,2.229,0.60724,-2.133,8.631543,329.8198,-2.158886E-07,0.0000,0.0000,0.0000,0.0000,0.0000,0.0000,0,0,,,,,,,0,0,0,0,0,0,0,0,0,0,0,0,0,0,0,0,0,0,0,0,0,0,0,0,0,0,0,0,0,0,0,0,0,0,0,0,0,0,0,0,0,0,0,0,0,0,0,0,0,0,0,
3,8_4,10_58_28,2.6182,0,0,0,2.618211,,2.229,0.60724,-2.133,8.699368,329.1416,0,0.0000,0.0000,0.0000,0.0000,0.0000,0.0000,0,0,,,,,,,0,0,0,0,0,0,0,0,0,0,0,0,0,0,0,0,0,0,0,0,0,0,0,0,0,0,0,0,0,0,0,0,0,0,0,0,0,0,0,0,0,0,0,0,0,0,0,0,0,0,0,
3,8_4,10_58_28,2.6243,0,0,0,2.624349,,2.229,0.60724,-2.133,8.883504,327.8526,2.160349E-07,0.0000,0.0000,0.0000,0.0000,0.0000,0.0000,0,0,,,,,,,0,0,0,0,0,0,0,0,0,0,0,0,0,0,0,0,0,0,0,0,0,0,0,0,0,0,0,0,0,0,0,0,0,0,0,0,0,0,0,0,0,0,0,0,0,0,0,0,0,0,0,
3,8_4,10_58_28,2.6290,0,0,0,2.62897,,2.229,0.60724,-2.133,8.952825,327.0439,-2.160759E-07,0.0000,0.0000,0.0000,0.0000,0.0000,0.0000,0,0,,,,,,,0,0,0,0,0,0,0,0,0,0,0,0,0,0,0,0,0,0,0,0,0,0,0,0,0,0,0,0,0,0,0,0,0,0,0,0,0,0,0,0,0,0,0,0,0,0,0,0,0,0,0,
3,8_4,10_58_28,2.6361,0,0,0,2.636092,,2.229,0.60724,-2.133,9.059663,325.8331,0,0.0000,0.0000,0.0000,0.0000,0.0000,0.0000,0,0,,,,,,,0,0,0,0,0,0,0,0,0,0,0,0,0,0,0,0,0,0,0,0,0,0,0,0,0,0,0,0,0,0,0,0,0,0,0,0,0,0,0,0,0,0,0,0,0,0,0,0,0,0,0,
3,8_4,10_58_28,2.6412,0,0,0,2.641236,,2.229,0.60724,-2.133,9.213979,324.65,2.162334E-07,0.0000,0.0000,0.0000,0.0000,0.0000,0.0000,0,0,,,,,,,0,0,0,0,0,0,0,0,0,0,0,0,0,0,0,0,0,0,0,0,0,0,0,0,0,0,0,0,0,0,0,0,0,0,0,0,0,0,0,0,0,0,0,0,0,0,0,0,0,0,0,
3,8_4,10_58_28,2.6461,0,0,0,2.646098,,2.229,0.60724,-2.133,9.311207,323.8722,0,0.0000,0.0000,0.0000,0.0000,0.0000,0.0000,0,0,,,,,,,0,0,0,0,0,0,0,0,0,0,0,0,0,0,0,0,0,0,0,0,0,0,0,0,0,0,0,0,0,0,0,0,0,0,0,0,0,0,0,0,0,0,0,0,0,0,0,0,0,0,0,
3,8_4,10_58_28,2.6505,0,0,0,2.650484,,2.229,0.60724,-2.133,9.376993,323.302,-2.163342E-07,0.0000,0.0000,0.0000,0.0000,0.0000,0.0000,0,0,,,,,,,0,0,0,0,0,0,0,0,0,0,0,0,0,0,0,0,0,0,0,0,0,0,0,0,0,0,0,0,0,0,0,0,0,0,0,0,0,0,0,0,0,0,0,0,0,0,0,0,0,0,0,
3,8_4,10_58_28,2.6549,0,0,0,2.654935,,2.229,0.60724,-2.133,9.466021,322.6121,-2.163899E-07,0.0000,0.0000,0.0000,0.0000,0.0000,0.0000,0,0,,,,,,,0,0,0,0,0,0,0,0,0,0,0,0,0,0,0,0,0,0,0,0,0,0,0,0,0,0,0,0,0,0,0,0,0,0,0,0,0,0,0,0,0,0,0,0,0,0,0,0,0,0,0,
3,8_4,10_58_28,2.6589,0,0,0,2.658891,,2.229,0.60724,-2.133,9.466021,322.6121,-2.163899E-07,0.0000,0.0000,0.0000,0.0000,0.0000,0.0000,0,0,,,,,,,0,0,0,0,0,0,0,0,0,0,0,0,0,0,0,0,0,0,0,0,0,0,0,0,0,0,0,0,0,0,0,0,0,0,0,0,0,0,0,0,0,0,0,0,0,0,0,0,0,0,0,
3,8_4,10_58_28,2.6633,0,0,0,2.663331,,2.229,0.60724,-2.133,9.621419,321.5464,2.164886E-07,0.0000,0.0000,0.0000,0.0000,0.0000,0.0000,0,0,,,,,,,0,0,0,0,0,0,0,0,0,0,0,0,0,0,0,0,0,0,0,0,0,0,0,0,0,0,0,0,0,0,0,0,0,0,0,0,0,0,0,0,0,0,0,0,0,0,0,0,0,0,0,
3,8_4,10_58_28,2.6677,0,0,0,2.667697,,2.229,0.60724,-2.133,9.621419,321.5464,2.164886E-07,0.0000,0.0000,0.0000,0.0000,0.0000,0.0000,0,0,,,,,,,0,0,0,0,0,0,0,0,0,0,0,0,0,0,0,0,0,0,0,0,0,0,0,0,0,0,0,0,0,0,0,0,0,0,0,0,0,0,0,0,0,0,0,0,0,0,0,0,0,0,0,
3,8_4,10_58_28,2.6724,0,0,0,2.672367,,2.229,0.60724,-2.133,9.761506,320.3557,-2.16579E-07,0.0000,0.0000,0.0000,0.0000,0.0000,0.0000,0,0,,,,,,,0,0,0,0,0,0,0,0,0,0,0,0,0,0,0,0,0,0,0,0,0,0,0,0,0,0,0,0,0,0,0,0,0,0,0,0,0,0,0,0,0,0,0,0,0,0,0,0,0,0,0,
3,8_4,10_58_28,2.6763,0,0,0,2.676251,,2.229,0.60724,-2.133,9.839197,319.9284,0,0.0000,0.0000,0.0000,0.0000,0.0000,0.0000,0,0,,,,,,,0,0,0,0,0,0,0,0,0,0,0,0,0,0,0,0,0,0,0,0,0,0,0,0,0,0,0,0,0,0,0,0,0,0,0,0,0,0,0,0,0,0,0,0,0,0,0,0,0,0,0,
3,8_4,10_58_28,2.6802,0,0,0,2.680171,,2.229,0.60724,-2.133,9.91759,319.4973,0,0.0000,0.0000,0.0000,0.0000,0.0000,0.0000,0,0,,,,,,,0,0,0,0,0,0,0,0,0,0,0,0,0,0,0,0,0,0,0,0,0,0,0,0,0,0,0,0,0,0,0,0,0,0,0,0,0,0,0,0,0,0,0,0,0,0,0,0,0,0,0,
3,8_4,10_58_28,2.6844,0,0,0,2.684398,,2.229,0.60724,-2.133,10.00214,319.0534,-2.167375E-07,0.0000,0.0000,0.0000,0.0000,0.0000,0.0000,0,0,,,,,,,0,0,0,0,0,0,0,0,0,0,0,0,0,0,0,0,0,0,0,0,0,0,0,0,0,0,0,0,0,0,0,0,0,0,0,0,0,0,0,0,0,0,0,0,0,0,0,0,0,0,0,
3,8_4,10_58_28,2.6884,0,0,0,2.688375,,2.229,0.60724,-2.133,10.06178,318.6557,0,0.0000,0.0000,0.0000,0.0000,0.0000,0.0000,0,0,,,,,,,0,0,0,0,0,0,0,0,0,0,0,0,0,0,0,0,0,0,0,0,0,0,0,0,0,0,0,0,0,0,0,0,0,0,0,0,0,0,0,0,0,0,0,0,0,0,0,0,0,0,0,
3,8_4,10_58_28,2.6927,0,0,0,2.692712,,2.229,0.60724,-2.133,10.12684,318.1353,-2.168213E-07,0.0000,0.0000,0.0000,0.0000,0.0000,0.0000,0,0,,,,,,,0,0,0,0,0,0,0,0,0,0,0,0,0,0,0,0,0,0,0,0,0,0,0,0,0,0,0,0,0,0,0,0,0,0,0,0,0,0,0,0,0,0,0,0,0,0,0,0,0,0,0,
3,8_4,10_58_28,2.6971,0,0,0,2.697142,,2.229,0.60724,-2.133,10.21544,317.7144,2.168814E-07,0.0000,0.0000,0.0000,0.0000,0.0000,0.0000,0,0,,,,,,,0,0,0,0,0,0,0,0,0,0,0,0,0,0,0,0,0,0,0,0,0,0,0,0,0,0,0,0,0,0,0,0,0,0,0,0,0,0,0,0,0,0,0,0,0,0,0,0,0,0,0,
3,8_4,10_58_28,2.7011,0,0,0,2.701121,,2.229,0.60724,-2.133,10.25523,317.416,2.169086E-07,0.0000,0.0000,0.0000,0.0000,0.0000,0.0000,0,0,,,,,,,0,0,0,0,0,0,0,0,0,0,0,0,0,0,0,0,0,0,0,0,0,0,0,0,0,0,0,0,0,0,0,0,0,0,0,0,0,0,0,0,0,0,0,0,0,0,0,0,0,0,0,
3,8_4,10_58_28,2.7052,0,0,0,2.705231,,2.229,0.60724,-2.133,10.29634,317.0872,0,0.0000,0.0000,0.0000,0.0000,0.0000,0.0000,0,0,,,,,,,0,0,0,0,0,0,0,0,0,0,0,0,0,0,0,0,0,0,0,0,0,0,0,0,0,0,0,0,0,0,0,0,0,0,0,0,0,0,0,0,0,0,0,0,0,0,0,0,0,0,0,
3,8_4,10_58_28,2.7092,0,0,0,2.709158,,2.229,0.60724,-2.133,10.37488,316.8319,0,0.0000,0.0000,0.0000,0.0000,0.0000,0.0000,0,0,,,,,,,0,0,0,0,0,0,0,0,0,0,0,0,0,0,0,0,0,0,0,0,0,0,0,0,0,0,0,0,0,0,0,0,0,0,0,0,0,0,0,0,0,0,0,0,0,0,0,0,0,0,0,
3,8_4,10_58_28,2.7131,0,0,0,2.713122,,2.229,0.60724,-2.133,10.41452,316.6139,2.170186E-07,0.0000,0.0000,0.0000,0.0000,0.0000,0.0000,0,0,,,,,,,0,0,0,0,0,0,0,0,0,0,0,0,0,0,0,0,0,0,0,0,0,0,0,0,0,0,0,0,0,0,0,0,0,0,0,0,0,0,0,0,0,0,0,0,0,0,0,0,0,0,0,
3,8_4,10_58_28,2.7172,0,0,0,2.717172,,2.229,0.60724,-2.133,10.43477,316.4519,2.170328E-07,0.0000,0.0000,0.0000,0.0000,0.0000,0.0000,0,0,,,,,,,0,0,0,0,0,0,0,0,0,0,0,0,0,0,0,0,0,0,0,0,0,0,0,0,0,0,0,0,0,0,0,0,0,0,0,0,0,0,0,0,0,0,0,0,0,0,0,0,0,0,0,
3,8_4,10_58_28,2.7212,0,0,0,2.72123,,2.229,0.60724,-2.133,10.45506,316.3302,0,0.0000,0.0000,0.0000,0.0000,0.0000,0.0000,0,0,,,,,,,0,0,0,0,0,0,0,0,0,0,0,0,0,0,0,0,0,0,0,0,0,0,0,0,0,0,0,0,0,0,0,0,0,0,0,0,0,0,0,0,0,0,0,0,0,0,0,0,0,0,0,
3,8_4,10_58_28,2.7252,0,0,0,2.725215,,2.229,0.60724,-2.133,10.49491,316.2505,0,0.0000,0.0000,0.0000,0.0000,0.0000,0.0000,0,0,,,,,,,0,0,0,0,0,0,0,0,0,0,0,0,0,0,0,0,0,0,0,0,0,0,0,0,0,0,0,0,0,0,0,0,0,0,0,0,0,0,0,0,0,0,0,0,0,0,0,0,0,0,0,
3,8_4,10_58_28,2.7294,0,0,0,2.729352,,2.229,0.60724,-2.133,10.49491,316.2091,-4.341497E-07,0.0000,0.0000,0.0000,0.0000,0.0000,0.0000,0,0,,,,,,,0,0,0,0,0,0,0,0,0,0,0,0,0,0,0,0,0,0,0,0,0,0,0,0,0,0,0,0,0,0,0,0,0,0,0,0,0,0,0,0,0,0,0,0,0,0,0,0,0,0,0,
3,8_4,10_58_28,2.7329,0,0,0,2.732915,,2.229,0.60724,-2.133,10.49491,316.2091,-4.341497E-07,0.0000,0.0000,0.0000,0.0000,0.0000,0.0000,0,0,,,,,,,0,0,0,0,0,0,0,0,0,0,0,0,0,0,0,0,0,0,0,0,0,0,0,0,0,0,0,0,0,0,0,0,0,0,0,0,0,0,0,0,0,0,0,0,0,0,0,0,0,0,0,
3,8_4,10_58_28,2.7363,0,0,0,2.736276,,2.229,0.60724,-2.133,10.49491,316.2091,-4.341497E-07,0.0000,0.0000,0.0000,0.0000,0.0000,0.0000,0,0,,,,,,,0,0,0,0,0,0,0,0,0,0,0,0,0,0,0,0,0,0,0,0,0,0,0,0,0,0,0,0,0,0,0,0,0,0,0,0,0,0,0,0,0,0,0,0,0,0,0,0,0,0,0,
3,8_4,10_58_28,2.7398,0,0,0,2.739802,,2.229,0.60724,-2.133,10.49491,316.2091,-4.341497E-07,0.0000,0.0000,0.0000,0.0000,0.0000,0.0000,0,0,,,,,,,0,0,0,0,0,0,0,0,0,0,0,0,0,0,0,0,0,0,0,0,0,0,0,0,0,0,0,0,0,0,0,0,0,0,0,0,0,0,0,0,0,0,0,0,0,0,0,0,0,0,0,
3,8_4,10_58_28,2.7449,0,0,0,2.744938,,2.229,0.60724,-2.133,10.49491,316.2348,0,0.0000,0.0000,0.0000,0.0000,0.0000,0.0000,0,0,,,,,,,0,0,0,0,0,0,0,0,0,0,0,0,0,0,0,0,0,0,0,0,0,0,0,0,0,0,0,0,0,0,0,0,0,0,0,0,0,0,0,0,0,0,0,0,0,0,0,0,0,0,0,
3,8_4,10_58_28,2.7489,0,0,0,2.748878,,2.229,0.60724,-2.133,10.49491,316.2348,0,0.0000,0.0000,0.0000,0.0000,0.0000,0.0000,0,0,,,,,,,0,0,0,0,0,0,0,0,0,0,0,0,0,0,0,0,0,0,0,0,0,0,0,0,0,0,0,0,0,0,0,0,0,0,0,0,0,0,0,0,0,0,0,0,0,0,0,0,0,0,0,
3,8_4,10_58_28,2.7536,0,0,0,2.753565,,2.229,0.60724,-2.133,10.49491,316.3051,0,0.0000,0.0000,0.0000,0.0000,0.0000,0.0000,0,0,,,,,,,0,0,0,0,0,0,0,0,0,0,0,0,0,0,0,0,0,0,0,0,0,0,0,0,0,0,0,0,0,0,0,0,0,0,0,0,0,0,0,0,0,0,0,0,0,0,0,0,0,0,0,
3,8_4,10_58_28,2.7575,0,0,0,2.757509,,2.229,0.60724,-2.133,10.49491,316.4431,0,0.0000,0.0000,0.0000,0.0000,0.0000,0.0000,0,0,,,,,,,0,0,0,0,0,0,0,0,0,0,0,0,0,0,0,0,0,0,0,0,0,0,0,0,0,0,0,0,0,0,0,0,0,0,0,0,0,0,0,0,0,0,0,0,0,0,0,0,0,0,0,
3,8_4,10_58_28,2.7617,0,0,0,2.761704,,2.229,0.60724,-2.133,10.432,316.6948,0,0.0000,0.0000,0.0000,0.0000,0.0000,0.0000,0,0,,,,,,,0,0,0,0,0,0,0,0,0,0,0,0,0,0,0,0,0,0,0,0,0,0,0,0,0,0,0,0,0,0,0,0,0,0,0,0,0,0,0,0,0,0,0,0,0,0,0,0,0,0,0,
3,8_4,10_58_28,2.7662,0,0,0,2.766219,,2.229,0.60724,-2.133,10.38684,316.9883,0,0.0000,0.0000,0.0000,0.0000,0.0000,0.0000,0,0,,,,,,,0,0,0,0,0,0,0,0,0,0,0,0,0,0,0,0,0,0,0,0,0,0,0,0,0,0,0,0,0,0,0,0,0,0,0,0,0,0,0,0,0,0,0,0,0,0,0,0,0,0,0,
3,8_4,10_58_28,2.7702,0,0,0,2.770156,,2.229,0.60724,-2.133,10.34748,317.3033,0,0.0000,0.0000,0.0000,0.0000,0.0000,0.0000,0,0,,,,,,,0,0,0,0,0,0,0,0,0,0,0,0,0,0,0,0,0,0,0,0,0,0,0,0,0,0,0,0,0,0,0,0,0,0,0,0,0,0,0,0,0,0,0,0,0,0,0,0,0,0,0,
3,8_4,10_58_28,2.7742,0,0,0,2.774182,,2.229,0.60724,-2.133,10.2871,317.6454,0,0.0000,0.0000,0.0000,0.0000,0.0000,0.0000,0,0,,,,,,,0,0,0,0,0,0,0,0,0,0,0,0,0,0,0,0,0,0,0,0,0,0,0,0,0,0,0,0,0,0,0,0,0,0,0,0,0,0,0,0,0,0,0,0,0,0,0,0,0,0,0,
3,8_4,10_58_28,2.7782,0,0,0,2.778234,,2.229,0.60724,-2.133,10.20604,318.0102,0,0.0000,0.0000,0.0000,0.0000,0.0000,0.0000,0,0,,,,,,,0,0,0,0,0,0,0,0,0,0,0,0,0,0,0,0,0,0,0,0,0,0,0,0,0,0,0,0,0,0,0,0,0,0,0,0,0,0,0,0,0,0,0,0,0,0,0,0,0,0,0,
3,8_4,10_58_28,2.7823,0,0,0,2.782293,,2.229,0.60724,-2.133,10.14516,318.416,2.168337E-07,0.0000,0.0000,0.0000,0.0000,0.0000,0.0000,0,0,,,,,,,0,0,0,0,0,0,0,0,0,0,0,0,0,0,0,0,0,0,0,0,0,0,0,0,0,0,0,0,0,0,0,0,0,0,0,0,0,0,0,0,0,0,0,0,0,0,0,0,0,0,0,
3,8_4,10_58_28,2.7874,0,0,0,2.787359,,2.229,0.60724,-2.133,9.993177,319.0999,-2.167316E-07,0.0000,0.0000,0.0000,0.0000,0.0000,0.0000,0,0,,,,,,,0,0,0,0,0,0,0,0,0,0,0,0,0,0,0,0,0,0,0,0,0,0,0,0,0,0,0,0,0,0,0,0,0,0,0,0,0,0,0,0,0,0,0,0,0,0,0,0,0,0,0,
3,8_4,10_58_28,2.7921,0,0,0,2.792055,,2.229,0.60724,-2.133,9.875782,319.7574,2.166538E-07,0.0000,0.0000,0.0000,0.0000,0.0000,0.0000,0,0,,,,,,,0,0,0,0,0,0,0,0,0,0,0,0,0,0,0,0,0,0,0,0,0,0,0,0,0,0,0,0,0,0,0,0,0,0,0,0,0,0,0,0,0,0,0,0,0,0,0,0,0,0,0,
3,8_4,10_58_28,2.7960,0,0,0,2.795964,,2.229,0.60724,-2.133,9.778063,320.2264,-2.165898E-07,0.0000,0.0000,0.0000,0.0000,0.0000,0.0000,0,0,,,,,,,0,0,0,0,0,0,0,0,0,0,0,0,0,0,0,0,0,0,0,0,0,0,0,0,0,0,0,0,0,0,0,0,0,0,0,0,0,0,0,0,0,0,0,0,0,0,0,0,0,0,0,
3,8_4,10_58_28,2.8002,0,0,0,2.800169,,2.229,0.60724,-2.133,9.693951,320.7101,0,0.0000,0.0000,0.0000,0.0000,0.0000,0.0000,0,0,,,,,,,0,0,0,0,0,0,0,0,0,0,0,0,0,0,0,0,0,0,0,0,0,0,0,0,0,0,0,0,0,0,0,0,0,0,0,0,0,0,0,0,0,0,0,0,0,0,0,0,0,0,0,
3,8_4,10_58_28,2.8044,0,0,0,2.804363,,2.229,0.60724,-2.133,9.589108,321.1294,-2.164679E-07,0.0000,0.0000,0.0000,0.0000,0.0000,0.0000,0,0,,,,,,,0,0,0,0,0,0,0,0,0,0,0,0,0,0,0,0,0,0,0,0,0,0,0,0,0,0,0,0,0,0,0,0,0,0,0,0,0,0,0,0,0,0,0,0,0,0,0,0,0,0,0,
3,8_4,10_58_28,2.8090,0,0,0,2.809048,,2.229,0.60724,-2.133,9.471975,321.7619,0,0.0000,0.0000,0.0000,0.0000,0.0000,0.0000,0,0,,,,,,,0,0,0,0,0,0,0,0,0,0,0,0,0,0,0,0,0,0,0,0,0,0,0,0,0,0,0,0,0,0,0,0,0,0,0,0,0,0,0,0,0,0,0,0,0,0,0,0,0,0,0,
3,8_4,10_58_28,2.8136,0,0,0,2.81364,,2.229,0.60724,-2.133,9.357181,322.267,-2.163218E-07,0.0000,0.0000,0.0000,0.0000,0.0000,0.0000,0,0,,,,,,,0,0,0,0,0,0,0,0,0,0,0,0,0,0,0,0,0,0,0,0,0,0,0,0,0,0,0,0,0,0,0,0,0,0,0,0,0,0,0,0,0,0,0,0,0,0,0,0,0,0,0,
3,8_4,10_58_28,2.8184,0,0,0,2.818372,,2.229,0.60724,-2.133,9.238866,322.8586,0,0.0000,0.0000,0.0000,0.0000,0.0000,0.0000,0,0,,,,,,,0,0,0,0,0,0,0,0,0,0,0,0,0,0,0,0,0,0,0,0,0,0,0,0,0,0,0,0,0,0,0,0,0,0,0,0,0,0,0,0,0,0,0,0,0,0,0,0,0,0,0,
3,8_4,10_58_29,2.8234,0,0,0,2.823446,,2.229,0.60724,-2.133,9.238866,322.8586,0,0.0000,0.0000,0.0000,0.0000,0.0000,0.0000,0,0,,,,,,,0,0,0,0,0,0,0,0,0,0,0,0,0,0,0,0,0,0,0,0,0,0,0,0,0,0,0,0,0,0,0,0,0,0,0,0,0,0,0,0,0,0,0,0,0,0,0,0,0,0,0,
3,8_4,10_58_29,2.8274,0,0,0,2.827391,,2.229,0.60724,-2.133,9.021891,323.8251,0,0.0000,0.0000,0.0000,0.0000,0.0000,0.0000,0,0,,,,,,,0,0,0,0,0,0,0,0,0,0,0,0,0,0,0,0,0,0,0,0,0,0,0,0,0,0,0,0,0,0,0,0,0,0,0,0,0,0,0,0,0,0,0,0,0,0,0,0,0,0,0,
3,8_4,10_58_29,2.8313,0,0,0,2.831345,,2.229,0.60724,-2.133,9.021891,323.8251,0,0.0000,0.0000,0.0000,0.0000,0.0000,0.0000,0,0,,,,,,,0,0,0,0,0,0,0,0,0,0,0,0,0,0,0,0,0,0,0,0,0,0,0,0,0,0,0,0,0,0,0,0,0,0,0,0,0,0,0,0,0,0,0,0,0,0,0,0,0,0,0,
3,8_4,10_58_29,2.8352,0,0,0,2.835181,,2.229,0.60724,-2.133,8.88763,324.7074,-2.160373E-07,0.0000,0.0000,0.0000,0.0000,0.0000,0.0000,0,0,,,,,,,0,0,0,0,0,0,0,0,0,0,0,0,0,0,0,0,0,0,0,0,0,0,0,0,0,0,0,0,0,0,0,0,0,0,0,0,0,0,0,0,0,0,0,0,0,0,0,0,0,0,0,
3,8_4,10_58_29,2.8390,0,0,0,2.838961,,2.229,0.60724,-2.133,8.88763,324.7074,-2.160373E-07,0.0000,0.0000,0.0000,0.0000,0.0000,0.0000,0,0,,,,,,,0,0,0,0,0,0,0,0,0,0,0,0,0,0,0,0,0,0,0,0,0,0,0,0,0,0,0,0,0,0,0,0,0,0,0,0,0,0,0,0,0,0,0,0,0,0,0,0,0,0,0,
3,8_4,10_58_29,2.8433,0,0,0,2.843321,,2.229,0.60724,-2.133,8.713205,325.8412,-4.31871E-07,0.0000,0.0000,0.0000,0.0000,0.0000,0.0000,0,0,,,,,,,0,0,0,0,0,0,0,0,0,0,0,0,0,0,0,0,0,0,0,0,0,0,0,0,0,0,0,0,0,0,0,0,0,0,0,0,0,0,0,0,0,0,0,0,0,0,0,0,0,0,0,
3,8_4,10_58_29,2.8472,0,0,0,2.847242,,2.229,0.60724,-2.133,8.634798,326.39,0,0.0000,0.0000,0.0000,0.0000,0.0000,0.0000,0,0,,,,,,,0,0,0,0,0,0,0,0,0,0,0,0,0,0,0,0,0,0,0,0,0,0,0,0,0,0,0,0,0,0,0,0,0,0,0,0,0,0,0,0,0,0,0,0,0,0,0,0,0,0,0,
3,8_4,10_58_29,2.8513,0,0,0,2.851282,,2.229,0.60724,-2.133,8.553998,327.0364,0,0.0000,0.0000,0.0000,0.0000,0.0000,0.0000,0,0,,,,,,,0,0,0,0,0,0,0,0,0,0,0,0,0,0,0,0,0,0,0,0,0,0,0,0,0,0,0,0,0,0,0,0,0,0,0,0,0,0,0,0,0,0,0,0,0,0,0,0,0,0,0,
3,8_4,10_58_29,2.8552,0,0,0,2.855243,,2.229,0.60724,-2.133,8.454954,327.6901,-4.315773E-07,0.0000,0.0000,0.0000,0.0000,0.0000,0.0000,0,0,,,,,,,0,0,0,0,0,0,0,0,0,0,0,0,0,0,0,0,0,0,0,0,0,0,0,0,0,0,0,0,0,0,0,0,0,0,0,0,0,0,0,0,0,0,0,0,0,0,0,0,0,0,0,
3,8_4,10_58_29,2.8604,0,0,0,2.86037,,2.229,0.60724,-2.133,8.326797,328.7666,-2.157175E-07,0.0000,0.0000,0.0000,0.0000,0.0000,0.0000,0,0,,,,,,,0,0,0,0,0,0,0,0,0,0,0,0,0,0,0,0,0,0,0,0,0,0,0,0,0,0,0,0,0,0,0,0,0,0,0,0,0,0,0,0,0,0,0,0,0,0,0,0,0,0,0,
3,8_4,10_58_29,2.8652,0,0,0,2.86515,,2.229,0.60724,-2.133,8.159484,329.8422,0,0.0000,0.0000,0.0000,0.0000,0.0000,0.0000,0,0,,,,,,,0,0,0,0,0,0,0,0,0,0,0,0,0,0,0,0,0,0,0,0,0,0,0,0,0,0,0,0,0,0,0,0,0,0,0,0,0,0,0,0,0,0,0,0,0,0,0,0,0,0,0,
3,8_4,10_58_29,2.8690,0,0,0,2.86899,,2.229,0.60724,-2.133,8.082688,330.5334,0,0.0000,0.0000,0.0000,0.0000,0.0000,0.0000,0,0,,,,,,,0,0,0,0,0,0,0,0,0,0,0,0,0,0,0,0,0,0,0,0,0,0,0,0,0,0,0,0,0,0,0,0,0,0,0,0,0,0,0,0,0,0,0,0,0,0,0,0,0,0,0,
3,8_4,10_58_29,2.8737,0,0,0,2.873654,,2.229,0.60724,-2.133,7.919458,331.4428,0,0.0000,0.0000,0.0000,0.0000,0.0000,0.0000,0,0,,,,,,,0,0,0,0,0,0,0,0,0,0,0,0,0,0,0,0,0,0,0,0,0,0,0,0,0,0,0,0,0,0,0,0,0,0,0,0,0,0,0,0,0,0,0,0,0,0,0,0,0,0,0,
3,8_4,10_58_29,2.8776,0,0,0,2.877575,,2.229,0.60724,-2.133,7.801808,332.3644,2.154376E-07,0.0000,0.0000,0.0000,0.0000,0.0000,0.0000,0,0,,,,,,,0,0,0,0,0,0,0,0,0,0,0,0,0,0,0,0,0,0,0,0,0,0,0,0,0,0,0,0,0,0,0,0,0,0,0,0,0,0,0,0,0,0,0,0,0,0,0,0,0,0,0,
3,8_4,10_58_29,2.8822,0,0,0,2.882191,,2.229,0.60724,-2.133,7.68642,333.2644,-1.076893E-07,0.0000,0.0000,0.0000,0.0000,0.0000,0.0000,0,0,,,,,,,0,0,0,0,0,0,0,0,0,0,0,0,0,0,0,0,0,0,0,0,0,0,0,0,0,0,0,0,0,0,0,0,0,0,0,0,0,0,0,0,0,0,0,0,0,0,0,0,0,0,0,
3,8_4,10_58_29,2.8870,0,0,0,2.886974,,2.229,0.60724,-2.133,7.495094,334.4602,0,0.0000,0.0000,0.0000,0.0000,0.0000,0.0000,0,0,,,,,,,0,0,0,0,0,0,0,0,0,0,0,0,0,0,0,0,0,0,0,0,0,0,0,0,0,0,0,0,0,0,0,0,0,0,0,0,0,0,0,0,0,0,0,0,0,0,0,0,0,0,0,
3,8_4,10_58_29,2.8914,0,0,0,2.891409,,2.229,0.60724,-2.133,7.362045,335.3029,0,0.0000,0.0000,0.0000,0.0000,0.0000,0.0000,0,0,,,,,,,0,0,0,0,0,0,0,0,0,0,0,0,0,0,0,0,0,0,0,0,0,0,0,0,0,0,0,0,0,0,0,0,0,0,0,0,0,0,0,0,0,0,0,0,0,0,0,0,0,0,0,
3,8_4,10_58_29,2.8960,0,0,0,2.896002,,2.229,0.60724,-2.133,7.178306,336.4053,-1.075648E-07,0.0000,0.0000,0.0000,0.0000,0.0000,0.0000,0,0,,,,,,,0,0,0,0,0,0,0,0,0,0,0,0,0,0,0,0,0,0,0,0,0,0,0,0,0,0,0,0,0,0,0,0,0,0,0,0,0,0,0,0,0,0,0,0,0,0,0,0,0,0,0,
3,8_4,10_58_29,2.9002,0,0,0,2.90015,,2.229,0.60724,-2.133,7.074613,337.1934,0,0.0000,0.0000,0.0000,0.0000,0.0000,0.0000,0,0,,,,,,,0,0,0,0,0,0,0,0,0,0,0,0,0,0,0,0,0,0,0,0,0,0,0,0,0,0,0,0,0,0,0,0,0,0,0,0,0,0,0,0,0,0,0,0,0,0,0,0,0,0,0,
3,8_4,10_58_29,2.9042,0,0,0,2.904241,,2.229,0.60724,-2.133,6.951883,337.9911,1.075121E-07,0.0000,0.0000,0.0000,0.0000,0.0000,0.0000,0,0,,,,,,,0,0,0,0,0,0,0,0,0,0,0,0,0,0,0,0,0,0,0,0,0,0,0,0,0,0,0,0,0,0,0,0,0,0,0,0,0,0,0,0,0,0,0,0,0,0,0,0,0,0,0,
3,8_4,10_58_29,2.9091,0,0,0,2.90905,,2.229,0.60724,-2.133,6.759547,339.2173,1.074687E-07,0.0000,0.0000,0.0000,0.0000,0.0000,0.0000,0,0,,,,,,,0,0,0,0,0,0,0,0,0,0,0,0,0,0,0,0,0,0,0,0,0,0,0,0,0,0,0,0,0,0,0,0,0,0,0,0,0,0,0,0,0,0,0,0,0,0,0,0,0,0,0,
3,8_4,10_58_29,2.9134,0,0,0,2.91344,,2.229,0.60724,-2.133,6.649794,340.0733,0,0.0000,0.0000,0.0000,0.0000,0.0000,0.0000,0,0,,,,,,,0,0,0,0,0,0,0,0,0,0,0,0,0,0,0,0,0,0,0,0,0,0,0,0,0,0,0,0,0,0,0,0,0,0,0,0,0,0,0,0,0,0,0,0,0,0,0,0,0,0,0,
3,8_4,10_58_29,2.9181,0,0,0,2.918135,,2.229,0.60724,-2.133,6.485442,341.2708,1.074091E-07,0.0000,0.0000,0.0000,0.0000,0.0000,0.0000,0,0,,,,,,,0,0,0,0,0,0,0,0,0,0,0,0,0,0,0,0,0,0,0,0,0,0,0,0,0,0,0,0,0,0,0,0,0,0,0,0,0,0,0,0,0,0,0,0,0,0,0,0,0,0,0,
3,8_4,10_58_29,2.9221,0,0,0,2.922117,,2.229,0.60724,-2.133,6.405813,342.0471,0,0.0000,0.0000,0.0000,0.0000,0.0000,0.0000,0,0,,,,,,,0,0,0,0,0,0,0,0,0,0,0,0,0,0,0,0,0,0,0,0,0,0,0,0,0,0,0,0,0,0,0,0,0,0,0,0,0,0,0,0,0,0,0,0,0,0,0,0,0,0,0,
3,8_4,10_58_29,2.9262,0,0,0,2.92617,,2.229,0.60724,-2.133,6.284208,342.8578,-1.073669E-07,0.0000,0.0000,0.0000,0.0000,0.0000,0.0000,0,0,,,,,,,0,0,0,0,0,0,0,0,0,0,0,0,0,0,0,0,0,0,0,0,0,0,0,0,0,0,0,0,0,0,0,0,0,0,0,0,0,0,0,0,0,0,0,0,0,0,0,0,0,0,0,
3,8_4,10_58_29,2.9304,0,0,0,2.930357,,2.229,0.60724,-2.133,6.200467,343.6743,-5.367484E-08,0.0000,0.0000,0.0000,0.0000,0.0000,0.0000,0,0,,,,,,,0,0,0,0,0,0,0,0,0,0,0,0,0,0,0,0,0,0,0,0,0,0,0,0,0,0,0,0,0,0,0,0,0,0,0,0,0,0,0,0,0,0,0,0,0,0,0,0,0,0,0,
3,8_4,10_58_29,2.9350,0,0,0,2.934976,,2.229,0.60724,-2.133,6.038819,344.8058,-5.365861E-08,0.0000,0.0000,0.0000,0.0000,0.0000,0.0000,0,0,,,,,,,0,0,0,0,0,0,0,0,0,0,0,0,0,0,0,0,0,0,0,0,0,0,0,0,0,0,0,0,0,0,0,0,0,0,0,0,0,0,0,0,0,0,0,0,0,0,0,0,0,0,0,
3,8_4,10_58_29,2.9389,0,0,0,2.938938,,2.229,0.60724,-2.133,5.939758,345.5191,1.072978E-07,0.0000,0.0000,0.0000,0.0000,0.0000,0.0000,0,0,,,,,,,0,0,0,0,0,0,0,0,0,0,0,0,0,0,0,0,0,0,0,0,0,0,0,0,0,0,0,0,0,0,0,0,0,0,0,0,0,0,0,0,0,0,0,0,0,0,0,0,0,0,0,
3,8_4,10_58_29,2.9431,0,0,0,2.9431,,2.229,0.60724,-2.133,5.877334,346.3306,0,0.0000,0.0000,0.0000,0.0000,0.0000,0.0000,0,0,,,,,,,0,0,0,0,0,0,0,0,0,0,0,0,0,0,0,0,0,0,0,0,0,0,0,0,0,0,0,0,0,0,0,0,0,0,0,0,0,0,0,0,0,0,0,0,0,0,0,0,0,0,0,
3,8_4,10_58_29,2.9471,0,0,0,2.947148,,2.229,0.60724,-2.133,5.816611,347.12,-5.363701E-08,0.0000,0.0000,0.0000,0.0000,0.0000,0.0000,0,0,,,,,,,0,0,0,0,0,0,0,0,0,0,0,0,0,0,0,0,0,0,0,0,0,0,0,0,0,0,0,0,0,0,0,0,0,0,0,0,0,0,0,0,0,0,0,0,0,0,0,0,0,0,0,
3,8_4,10_58_29,2.9511,0,0,0,2.951103,,2.229,0.60724,-2.133,5.717733,347.8912,-5.362766E-08,0.0000,0.0000,0.0000,0.0000,0.0000,0.0000,0,0,,,,,,,0,0,0,0,0,0,0,0,0,0,0,0,0,0,0,0,0,0,0,0,0,0,0,0,0,0,0,0,0,0,0,0,0,0,0,0,0,0,0,0,0,0,0,0,0,0,0,0,0,0,0,
3,8_4,10_58_29,2.9550,0,0,0,2.954976,,2.229,0.60724,-2.133,5.659638,348.5884,0,0.0000,0.0000,0.0000,0.0000,0.0000,0.0000,0,0,,,,,,,0,0,0,0,0,0,0,0,0,0,0,0,0,0,0,0,0,0,0,0,0,0,0,0,0,0,0,0,0,0,0,0,0,0,0,0,0,0,0,0,0,0,0,0,0,0,0,0,0,0,0,
3,8_4,10_58_29,2.9590,0,0,0,2.959037,,2.229,0.60724,-2.133,5.578424,349.3599,0,0.0000,0.0000,0.0000,0.0000,0.0000,0.0000,0,0,,,,,,,0,0,0,0,0,0,0,0,0,0,0,0,0,0,0,0,0,0,0,0,0,0,0,0,0,0,0,0,0,0,0,0,0,0,0,0,0,0,0,0,0,0,0,0,0,0,0,0,0,0,0,
3,8_4,10_58_29,2.9632,0,0,0,2.963197,,2.229,0.60724,-2.133,5.516016,350.1296,0,0.0000,0.0000,0.0000,0.0000,0.0000,0.0000,0,0,,,,,,,0,0,0,0,0,0,0,0,0,0,0,0,0,0,0,0,0,0,0,0,0,0,0,0,0,0,0,0,0,0,0,0,0,0,0,0,0,0,0,0,0,0,0,0,0,0,0,0,0,0,0,
3,8_4,10_58_29,2.9671,0,0,0,2.96713,,2.229,0.60724,-2.133,5.437374,350.8964,2.680102E-08,0.0000,0.0000,0.0000,0.0000,0.0000,0.0000,0,0,,,,,,,0,0,0,0,0,0,0,0,0,0,0,0,0,0,0,0,0,0,0,0,0,0,0,0,0,0,0,0,0,0,0,0,0,0,0,0,0,0,0,0,0,0,0,0,0,0,0,0,0,0,0,
3,8_4,10_58_29,2.9712,0,0,0,2.971204,,2.229,0.60724,-2.133,5.355884,351.6298,-2.679742E-08,0.0000,0.0000,0.0000,0.0000,0.0000,0.0000,0,0,,,,,,,0,0,0,0,0,0,0,0,0,0,0,0,0,0,0,0,0,0,0,0,0,0,0,0,0,0,0,0,0,0,0,0,0,0,0,0,0,0,0,0,0,0,0,0,0,0,0,0,0,0,0,
3,8_4,10_58_29,2.9751,0,0,0,2.975095,,2.229,0.60724,-2.133,5.278068,352.3885,0,0.0000,0.0000,0.0000,0.0000,0.0000,0.0000,0,0,,,,,,,0,0,0,0,0,0,0,0,0,0,0,0,0,0,0,0,0,0,0,0,0,0,0,0,0,0,0,0,0,0,0,0,0,0,0,0,0,0,0,0,0,0,0,0,0,0,0,0,0,0,0,
3,8_4,10_58_29,2.9791,0,0,0,2.979149,,2.229,0.60724,-2.133,5.196982,353.1588,2.679056E-08,0.0000,0.0000,0.0000,0.0000,0.0000,0.0000,0,0,,,,,,,0,0,0,0,0,0,0,0,0,0,0,0,0,0,0,0,0,0,0,0,0,0,0,0,0,0,0,0,0,0,0,0,0,0,0,0,0,0,0,0,0,0,0,0,0,0,0,0,0,0,0,
3,8_4,10_58_29,2.9833,0,0,0,2.983284,,2.229,0.60724,-2.133,5.134966,353.9443,2.678794E-08,0.0000,0.0000,0.0000,0.0000,0.0000,0.0000,0,0,,,,,,,0,0,0,0,0,0,0,0,0,0,0,0,0,0,0,0,0,0,0,0,0,0,0,0,0,0,0,0,0,0,0,0,0,0,0,0,0,0,0,0,0,0,0,0,0,0,0,0,0,0,0,
3,8_4,10_58_29,2.9875,0,0,0,2.987524,,2.229,0.60724,-2.133,5.092559,354.9621,0,0.0000,0.0000,0.0000,0.0000,0.0000,0.0000,0,0,,,,,,,0,0,0,0,0,0,0,0,0,0,0,0,0,0,0,0,0,0,0,0,0,0,0,0,0,0,0,0,0,0,0,0,0,0,0,0,0,0,0,0,0,0,0,0,0,0,0,0,0,0,0,
3,8_4,10_58_29,2.9909,0,0,0,2.990915,,2.229,0.60724,-2.133,5.058651,355.4877,-1.339238E-08,0.0000,0.0000,0.0000,0.0000,0.0000,0.0000,0,0,,,,,,,0,0,0,0,0,0,0,0,0,0,0,0,0,0,0,0,0,0,0,0,0,0,0,0,0,0,0,0,0,0,0,0,0,0,0,0,0,0,0,0,0,0,0,0,0,0,0,0,0,0,0,
3,8_4,10_58_29,2.9944,0,0,0,2.994427,,2.229,0.60724,-2.133,5.005968,355.9969,-1.339129E-08,0.0000,0.0000,0.0000,0.0000,0.0000,0.0000,0,0,,,,,,,0,0,0,0,0,0,0,0,0,0,0,0,0,0,0,0,0,0,0,0,0,0,0,0,0,0,0,0,0,0,0,0,0,0,0,0,0,0,0,0,0,0,0,0,0,0,0,0,0,0,0,
3,8_4,10_58_29,2.9981,0,0,0,2.998132,,2.229,0.60724,-2.133,5.005968,355.9969,-1.339129E-08,0.0000,0.0000,0.0000,0.0000,0.0000,0.0000,0,0,,,,,,,0,0,0,0,0,0,0,0,0,0,0,0,0,0,0,0,0,0,0,0,0,0,0,0,0,0,0,0,0,0,0,0,0,0,0,0,0,0,0,0,0,0,0,0,0,0,0,0,0,0,0,
3,8_4,10_58_29,3.0019,0,0,0,3.001887,,2.229,0.60724,-2.133,4.893331,357.48,0,0.0000,0.0000,0.0000,0.0000,0.0000,0.0000,0,0,,,,,,,0,0,0,0,0,0,0,0,0,0,0,0,0,0,0,0,0,0,0,0,0,0,0,0,0,0,0,0,0,0,0,0,0,0,0,0,0,0,0,0,0,0,0,0,0,0,0,0,0,0,0,
3,8_4,10_58_29,3.0070,0,0,0,3.007041,,2.229,0.60724,-2.133,4.79025,358.7685,3.346744E-09,0.0000,0.0000,0.0000,0.0000,0.0000,0.0000,0,0,,,,,,,0,0,0,0,0,0,0,0,0,0,0,0,0,0,0,0,0,0,0,0,0,0,0,0,0,0,0,0,0,0,0,0,0,0,0,0,0,0,0,0,0,0,0,0,0,0,0,0,0,0,0,
3,8_4,10_58_29,3.0108,0,0,0,3.010773,,2.229,0.60724,-2.133,4.79025,358.7685,3.346744E-09,0.0000,0.0000,0.0000,0.0000,0.0000,0.0000,0,0,,,,,,,0,0,0,0,0,0,0,0,0,0,0,0,0,0,0,0,0,0,0,0,0,0,0,0,0,0,0,0,0,0,0,0,0,0,0,0,0,0,0,0,0,0,0,0,0,0,0,0,0,0,0,
3,8_4,10_58_29,3.0143,0,0,0,3.014286,,2.229,0.60724,-2.133,4.70245,359.8748,0,0.0000,0.0000,0.0000,0.0000,0.0000,0.0000,0,0,,,,,,,0,0,0,0,0,0,0,0,0,0,0,0,0,0,0,0,0,0,0,0,0,0,0,0,0,0,0,0,0,0,0,0,0,0,0,0,0,0,0,0,0,0,0,0,0,0,0,0,0,0,0,
3,8_4,10_58_29,3.0178,0,0,0,3.01776,,2.229,0.60724,-2.133,4.650338,0.500131,0,0.0000,0.0000,0.0000,0.0000,0.0000,0.0000,0,0,,,,,,,0,0,0,0,0,0,0,0,0,0,0,0,0,0,0,0,0,0,0,0,0,0,0,0,0,0,0,0,0,0,0,0,0,0,0,0,0,0,0,0,0,0,0,0,0,0,0,0,0,0,0,
3,8_4,10_58_29,3.0213,0,0,0,3.021275,,2.229,0.60724,-2.133,4.650338,0.500131,0,0.0000,0.0000,0.0000,0.0000,0.0000,0.0000,0,0,,,,,,,0,0,0,0,0,0,0,0,0,0,0,0,0,0,0,0,0,0,0,0,0,0,0,0,0,0,0,0,0,0,0,0,0,0,0,0,0,0,0,0,0,0,0,0,0,0,0,0,0,0,0,
3,8_4,10_58_29,3.0266,0,0,0,3.026575,,2.229,0.60724,-2.133,4.491342,2.54059,0,0.0000,0.0000,0.0000,0.0000,0.0000,0.0000,0,0,,,,,,,0,0,0,0,0,0,0,0,0,0,0,0,0,0,0,0,0,0,0,0,0,0,0,0,0,0,0,0,0,0,0,0,0,0,0,0,0,0,0,0,0,0,0,0,0,0,0,0,0,0,0,
3,8_4,10_58_29,3.0314,0,0,0,3.031435,,2.229,0.60724,-2.133,4.418446,3.26956,0,0.0000,0.0000,0.0000,0.0000,0.0000,0.0000,0,0,,,,,,,0,0,0,0,0,0,0,0,0,0,0,0,0,0,0,0,0,0,0,0,0,0,0,0,0,0,0,0,0,0,0,0,0,0,0,0,0,0,0,0,0,0,0,0,0,0,0,0,0,0,0,
3,8_4,10_58_29,3.0349,0,0,0,3.03493,,2.229,0.60724,-2.133,4.418446,3.26956,0,0.0000,0.0000,0.0000,0.0000,0.0000,0.0000,0,0,,,,,,,0,0,0,0,0,0,0,0,0,0,0,0,0,0,0,0,0,0,0,0,0,0,0,0,0,0,0,0,0,0,0,0,0,0,0,0,0,0,0,0,0,0,0,0,0,0,0,0,0,0,0,
3,8_4,10_58_29,3.0386,0,0,0,3.038641,,2.229,0.60724,-2.133,4.34421,4.438777,1.337865E-08,0.0000,0.0000,0.0000,0.0000,0.0000,0.0000,0,0,,,,,,,0,0,0,0,0,0,0,0,0,0,0,0,0,0,0,0,0,0,0,0,0,0,0,0,0,0,0,0,0,0,0,0,0,0,0,0,0,0,0,0,0,0,0,0,0,0,0,0,0,0,0,
3,8_4,10_58_29,3.0422,0,0,0,3.042211,,2.229,0.60724,-2.133,4.326362,4.831422,-1.337833E-08,0.0000,0.0000,0.0000,0.0000,0.0000,0.0000,0,0,,,,,,,0,0,0,0,0,0,0,0,0,0,0,0,0,0,0,0,0,0,0,0,0,0,0,0,0,0,0,0,0,0,0,0,0,0,0,0,0,0,0,0,0,0,0,0,0,0,0,0,0,0,0,
3,8_4,10_58_29,3.0460,0,0,0,3.04596,,2.229,0.60724,-2.133,4.326362,4.831422,-1.337833E-08,0.0000,0.0000,0.0000,0.0000,0.0000,0.0000,0,0,,,,,,,0,0,0,0,0,0,0,0,0,0,0,0,0,0,0,0,0,0,0,0,0,0,0,0,0,0,0,0,0,0,0,0,0,0,0,0,0,0,0,0,0,0,0,0,0,0,0,0,0,0,0,
3,8_4,10_58_29,3.0497,0,0,0,3.049693,,2.229,0.60724,-2.133,4.214387,5.895185,0,0.0000,0.0000,0.0000,0.0000,0.0000,0.0000,0,0,,,,,,,0,0,0,0,0,0,0,0,0,0,0,0,0,0,0,0,0,0,0,0,0,0,0,0,0,0,0,0,0,0,0,0,0,0,0,0,0,0,0,0,0,0,0,0,0,0,0,0,0,0,0,
3,8_4,10_58_29,3.0531,0,0,0,3.053106,,2.229,0.60724,-2.133,4.197321,6.219419,0,0.0000,0.0000,0.0000,0.0000,0.0000,0.0000,0,0,,,,,,,0,0,0,0,0,0,0,0,0,0,0,0,0,0,0,0,0,0,0,0,0,0,0,0,0,0,0,0,0,0,0,0,0,0,0,0,0,0,0,0,0,0,0,0,0,0,0,0,0,0,0,
3,8_4,10_58_29,3.0570,0,0,0,3.056972,,2.229,0.60724,-2.133,4.197321,6.219419,0,0.0000,0.0000,0.0000,0.0000,0.0000,0.0000,0,0,,,,,,,0,0,0,0,0,0,0,0,0,0,0,0,0,0,0,0,0,0,0,0,0,0,0,0,0,0,0,0,0,0,0,0,0,0,0,0,0,0,0,0,0,0,0,0,0,0,0,0,0,0,0,
3,8_4,10_58_29,3.0607,0,0,0,3.060705,,2.229,0.60724,-2.133,4.141325,7.227358,-2.675027E-08,0.0000,0.0000,0.0000,0.0000,0.0000,0.0000,0,0,,,,,,,0,0,0,0,0,0,0,0,0,0,0,0,0,0,0,0,0,0,0,0,0,0,0,0,0,0,0,0,0,0,0,0,0,0,0,0,0,0,0,0,0,0,0,0,0,0,0,0,0,0,0,
3,8_4,10_58_29,3.0644,0,0,0,3.064376,,2.229,0.60724,-2.133,4.122971,7.576084,0,0.0000,0.0000,0.0000,0.0000,0.0000,0.0000,0,0,,,,,,,0,0,0,0,0,0,0,0,0,0,0,0,0,0,0,0,0,0,0,0,0,0,0,0,0,0,0,0,0,0,0,0,0,0,0,0,0,0,0,0,0,0,0,0,0,0,0,0,0,0,0,
3,8_4,10_58_29,3.0678,0,0,0,3.067802,,2.229,0.60724,-2.133,4.122971,7.576084,0,0.0000,0.0000,0.0000,0.0000,0.0000,0.0000,0,0,,,,,,,0,0,0,0,0,0,0,0,0,0,0,0,0,0,0,0,0,0,0,0,0,0,0,0,0,0,0,0,0,0,0,0,0,0,0,0,0,0,0,0,0,0,0,0,0,0,0,0,0,0,0,
3,8_4,10_58_29,3.0725,0,0,0,3.072492,,2.229,0.60724,-2.133,4.052615,8.912847,0,0.0000,0.0000,0.0000,0.0000,0.0000,0.0000,0,0,,,,,,,0,0,0,0,0,0,0,0,0,0,0,0,0,0,0,0,0,0,0,0,0,0,0,0,0,0,0,0,0,0,0,0,0,0,0,0,0,0,0,0,0,0,0,0,0,0,0,0,0,0,0,
3,8_4,10_58_29,3.0760,0,0,0,3.075984,,2.229,0.60724,-2.133,4.052616,9.209675,0,0.0000,0.0000,0.0000,0.0000,0.0000,0.0000,0,0,,,,,,,0,0,0,0,0,0,0,0,0,0,0,0,0,0,0,0,0,0,0,0,0,0,0,0,0,0,0,0,0,0,0,0,0,0,0,0,0,0,0,0,0,0,0,0,0,0,0,0,0,0,0,
3,8_4,10_58_29,3.0797,0,0,0,3.079656,,2.229,0.60724,-2.133,4.052616,9.209675,0,0.0000,0.0000,0.0000,0.0000,0.0000,0.0000,0,0,,,,,,,0,0,0,0,0,0,0,0,0,0,0,0,0,0,0,0,0,0,0,0,0,0,0,0,0,0,0,0,0,0,0,0,0,0,0,0,0,0,0,0,0,0,0,0,0,0,0,0,0,0,0,
3,8_4,10_58_29,3.0832,0,0,0,3.083185,,2.229,0.60724,-2.133,4.034971,9.862523,2.674672E-08,0.0000,0.0000,0.0000,0.0000,0.0000,0.0000,0,0,,,,,,,0,0,0,0,0,0,0,0,0,0,0,0,0,0,0,0,0,0,0,0,0,0,0,0,0,0,0,0,0,0,0,0,0,0,0,0,0,0,0,0,0,0,0,0,0,0,0,0,0,0,0,
3,8_4,10_58_29,3.0870,0,0,0,3.087027,,2.229,0.60724,-2.133,4.015761,10.30434,0,0.0000,0.0000,0.0000,0.0000,0.0000,0.0000,0,0,,,,,,,0,0,0,0,0,0,0,0,0,0,0,0,0,0,0,0,0,0,0,0,0,0,0,0,0,0,0,0,0,0,0,0,0,0,0,0,0,0,0,0,0,0,0,0,0,0,0,0,0,0,0,
3,8_4,10_58_29,3.0905,0,0,0,3.090499,,2.229,0.60724,-2.133,4.015761,10.30434,0,0.0000,0.0000,0.0000,0.0000,0.0000,0.0000,0,0,,,,,,,0,0,0,0,0,0,0,0,0,0,0,0,0,0,0,0,0,0,0,0,0,0,0,0,0,0,0,0,0,0,0,0,0,0,0,0,0,0,0,0,0,0,0,0,0,0,0,0,0,0,0,
3,8_4,10_58_29,3.0940,0,0,0,3.094018,,2.229,0.60724,-2.133,3.998165,10.95539,0,0.0000,0.0000,0.0000,0.0000,0.0000,0.0000,0,0,,,,,,,0,0,0,0,0,0,0,0,0,0,0,0,0,0,0,0,0,0,0,0,0,0,0,0,0,0,0,0,0,0,0,0,0,0,0,0,0,0,0,0,0,0,0,0,0,0,0,0,0,0,0,
3,8_4,10_58_29,3.0985,0,0,0,3.098462,,2.229,0.60724,-2.133,3.998166,11.42196,-2.674552E-08,0.0000,0.0000,0.0000,0.0000,0.0000,0.0000,0,0,,,,,,,0,0,0,0,0,0,0,0,0,0,0,0,0,0,0,0,0,0,0,0,0,0,0,0,0,0,0,0,0,0,0,0,0,0,0,0,0,0,0,0,0,0,0,0,0,0,0,0,0,0,0,
3,8_4,10_58_29,3.1022,0,0,0,3.102243,,2.229,0.60724,-2.133,3.998166,11.42196,-2.674552E-08,0.0000,0.0000,0.0000,0.0000,0.0000,0.0000,0,0,,,,,,,0,0,0,0,0,0,0,0,0,0,0,0,0,0,0,0,0,0,0,0,0,0,0,0,0,0,0,0,0,0,0,0,0,0,0,0,0,0,0,0,0,0,0,0,0,0,0,0,0,0,0,
3,8_4,10_58_29,3.1062,0,0,0,3.106176,,2.229,0.60724,-2.133,3.958836,12.24787,-2.674424E-08,0.0000,0.0000,0.0000,0.0000,0.0000,0.0000,0,0,,,,,,,0,0,0,0,0,0,0,0,0,0,0,0,0,0,0,0,0,0,0,0,0,0,0,0,0,0,0,0,0,0,0,0,0,0,0,0,0,0,0,0,0,0,0,0,0,0,0,0,0,0,0,
3,8_4,10_58_29,3.1101,0,0,0,3.11013,,2.229,0.60724,-2.133,3.939067,12.66304,8.023081E-08,0.0000,0.0000,0.0000,0.0000,0.0000,0.0000,0,0,,,,,,,0,0,0,0,0,0,0,0,0,0,0,0,0,0,0,0,0,0,0,0,0,0,0,0,0,0,0,0,0,0,0,0,0,0,0,0,0,0,0,0,0,0,0,0,0,0,0,0,0,0,0,
3,8_4,10_58_29,3.1140,0,0,0,3.11395,,2.229,0.60724,-2.133,3.939067,12.66304,8.023081E-08,0.0000,0.0000,0.0000,0.0000,0.0000,0.0000,0,0,,,,,,,0,0,0,0,0,0,0,0,0,0,0,0,0,0,0,0,0,0,0,0,0,0,0,0,0,0,0,0,0,0,0,0,0,0,0,0,0,0,0,0,0,0,0,0,0,0,0,0,0,0,0,
3,8_4,10_58_29,3.1175,0,0,0,3.117473,,2.229,0.60724,-2.133,3.921454,13.36752,0,0.0000,0.0000,0.0000,0.0000,0.0000,0.0000,0,0,,,,,,,0,0,0,0,0,0,0,0,0,0,0,0,0,0,0,0,0,0,0,0,0,0,0,0,0,0,0,0,0,0,0,0,0,0,0,0,0,0,0,0,0,0,0,0,0,0,0,0,0,0,0,
3,8_4,10_58_29,3.1209,0,0,0,3.12093,,2.229,0.60724,-2.133,3.921454,13.6441,0,0.0000,0.0000,0.0000,0.0000,0.0000,0.0000,0,0,,,,,,,0,0,0,0,0,0,0,0,0,0,0,0,0,0,0,0,0,0,0,0,0,0,0,0,0,0,0,0,0,0,0,0,0,0,0,0,0,0,0,0,0,0,0,0,0,0,0,0,0,0,0,
3,8_4,10_58_29,3.1248,0,0,0,3.124782,,2.229,0.60724,-2.133,3.921454,13.6441,0,0.0000,0.0000,0.0000,0.0000,0.0000,0.0000,0,0,,,,,,,0,0,0,0,0,0,0,0,0,0,0,0,0,0,0,0,0,0,0,0,0,0,0,0,0,0,0,0,0,0,0,0,0,0,0,0,0,0,0,0,0,0,0,0,0,0,0,0,0,0,0,
3,8_4,10_58_29,3.1286,0,0,0,3.128597,,2.229,0.60724,-2.133,3.883302,14.36899,0,0.0000,0.0000,0.0000,0.0000,0.0000,0.0000,0,0,,,,,,,0,0,0,0,0,0,0,0,0,0,0,0,0,0,0,0,0,0,0,0,0,0,0,0,0,0,0,0,0,0,0,0,0,0,0,0,0,0,0,0,0,0,0,0,0,0,0,0,0,0,0,
3,8_4,10_58_29,3.1322,0,0,0,3.132219,,2.229,0.60724,-2.133,3.883303,14.62246,5.348365E-08,0.0000,0.0000,0.0000,0.0000,0.0000,0.0000,0,0,,,,,,,0,0,0,0,0,0,0,0,0,0,0,0,0,0,0,0,0,0,0,0,0,0,0,0,0,0,0,0,0,0,0,0,0,0,0,0,0,0,0,0,0,0,0,0,0,0,0,0,0,0,0,
3,8_4,10_58_29,3.1357,0,0,0,3.135679,,2.229,0.60724,-2.133,3.883303,14.62246,5.348365E-08,0.0000,0.0000,0.0000,0.0000,0.0000,0.0000,0,0,,,,,,,0,0,0,0,0,0,0,0,0,0,0,0,0,0,0,0,0,0,0,0,0,0,0,0,0,0,0,0,0,0,0,0,0,0,0,0,0,0,0,0,0,0,0,0,0,0,0,0,0,0,0,
3,8_4,10_58_29,3.1393,0,0,0,3.139333,,2.229,0.60724,-2.133,3.883303,15.20715,0,0.0000,0.0000,0.0000,0.0000,0.0000,0.0000,0,0,,,,,,,0,0,0,0,0,0,0,0,0,0,0,0,0,0,0,0,0,0,0,0,0,0,0,0,0,0,0,0,0,0,0,0,0,0,0,0,0,0,0,0,0,0,0,0,0,0,0,0,0,0,0,
3,8_4,10_58_29,3.1430,0,0,0,3.143025,,2.229,0.60724,-2.133,3.883302,15.5578,0,0.0000,0.0000,0.0000,0.0000,0.0000,0.0000,0,0,,,,,,,0,0,0,0,0,0,0,0,0,0,0,0,0,0,0,0,0,0,0,0,0,0,0,0,0,0,0,0,0,0,0,0,0,0,0,0,0,0,0,0,0,0,0,0,0,0,0,0,0,0,0,
3,8_4,10_58_29,3.1473,0,0,0,3.147301,,2.229,0.60724,-2.133,3.883302,15.5578,0,0.0000,0.0000,0.0000,0.0000,0.0000,0.0000,0,0,,,,,,,0,0,0,0,0,0,0,0,0,0,0,0,0,0,0,0,0,0,0,0,0,0,0,0,0,0,0,0,0,0,0,0,0,0,0,0,0,0,0,0,0,0,0,0,0,0,0,0,0,0,0,
3,8_4,10_58_29,3.1507,0,0,0,3.150676,,2.229,0.60724,-2.133,3.866426,16.16537,5.348259E-08,0.0000,0.0000,0.0000,0.0000,0.0000,0.0000,0,0,,,,,,,0,0,0,0,0,0,0,0,0,0,0,0,0,0,0,0,0,0,0,0,0,0,0,0,0,0,0,0,0,0,0,0,0,0,0,0,0,0,0,0,0,0,0,0,0,0,0,0,0,0,0,
3,8_4,10_58_29,3.1541,0,0,0,3.154119,,2.229,0.60724,-2.133,3.849214,16.40634,5.34815E-08,0.0000,0.0000,0.0000,0.0000,0.0000,0.0000,0,0,,,,,,,0,0,0,0,0,0,0,0,0,0,0,0,0,0,0,0,0,0,0,0,0,0,0,0,0,0,0,0,0,0,0,0,0,0,0,0,0,0,0,0,0,0,0,0,0,0,0,0,0,0,0,
3,8_4,10_58_29,3.1575,0,0,0,3.157545,,2.229,0.60724,-2.133,3.849214,16.40634,5.34815E-08,0.0000,0.0000,0.0000,0.0000,0.0000,0.0000,0,0,,,,,,,0,0,0,0,0,0,0,0,0,0,0,0,0,0,0,0,0,0,0,0,0,0,0,0,0,0,0,0,0,0,0,0,0,0,0,0,0,0,0,0,0,0,0,0,0,0,0,0,0,0,0,
3,8_4,10_58_29,3.1611,0,0,0,3.161052,,2.229,0.60724,-2.133,3.849213,16.94997,0,0.0000,0.0000,0.0000,0.0000,0.0000,0.0000,0,0,,,,,,,0,0,0,0,0,0,0,0,0,0,0,0,0,0,0,0,0,0,0,0,0,0,0,0,0,0,0,0,0,0,0,0,0,0,0,0,0,0,0,0,0,0,0,0,0,0,0,0,0,0,0,
3,8_4,10_58_29,3.1647,0,0,0,3.164706,,2.229,0.60724,-2.133,3.849213,17.27886,0,0.0000,0.0000,0.0000,0.0000,0.0000,0.0000,0,0,,,,,,,0,0,0,0,0,0,0,0,0,0,0,0,0,0,0,0,0,0,0,0,0,0,0,0,0,0,0,0,0,0,0,0,0,0,0,0,0,0,0,0,0,0,0,0,0,0,0,0,0,0,0,
3,8_4,10_58_29,3.1681,0,0,0,3.168107,,2.229,0.60724,-2.133,3.849213,17.27886,0,0.0000,0.0000,0.0000,0.0000,0.0000,0.0000,0,0,,,,,,,0,0,0,0,0,0,0,0,0,0,0,0,0,0,0,0,0,0,0,0,0,0,0,0,0,0,0,0,0,0,0,0,0,0,0,0,0,0,0,0,0,0,0,0,0,0,0,0,0,0,0,
3,8_4,10_58_29,3.1718,0,0,0,3.17177,,2.229,0.60724,-2.133,3.867526,17.82825,5.348265E-08,0.0000,0.0000,0.0000,0.0000,0.0000,0.0000,0,0,,,,,,,0,0,0,0,0,0,0,0,0,0,0,0,0,0,0,0,0,0,0,0,0,0,0,0,0,0,0,0,0,0,0,0,0,0,0,0,0,0,0,0,0,0,0,0,0,0,0,0,0,0,0,
3,8_4,10_58_29,3.1756,0,0,0,3.17562,,2.229,0.60724,-2.133,3.867526,18.13624,0,0.0000,0.0000,0.0000,0.0000,0.0000,0.0000,0,0,,,,,,,0,0,0,0,0,0,0,0,0,0,0,0,0,0,0,0,0,0,0,0,0,0,0,0,0,0,0,0,0,0,0,0,0,0,0,0,0,0,0,0,0,0,0,0,0,0,0,0,0,0,0,
3,8_4,10_58_29,3.1792,0,0,0,3.17916,,2.229,0.60724,-2.133,3.867526,18.13624,0,0.0000,0.0000,0.0000,0.0000,0.0000,0.0000,0,0,,,,,,,0,0,0,0,0,0,0,0,0,0,0,0,0,0,0,0,0,0,0,0,0,0,0,0,0,0,0,0,0,0,0,0,0,0,0,0,0,0,0,0,0,0,0,0,0,0,0,0,0,0,0,
3,8_4,10_58_29,3.1828,0,0,0,3.182847,,2.229,0.60724,-2.133,3.867527,18.63389,0,0.0000,0.0000,0.0000,0.0000,0.0000,0.0000,0,0,,,,,,,0,0,0,0,0,0,0,0,0,0,0,0,0,0,0,0,0,0,0,0,0,0,0,0,0,0,0,0,0,0,0,0,0,0,0,0,0,0,0,0,0,0,0,0,0,0,0,0,0,0,0,
3,8_4,10_58_29,3.1865,0,0,0,3.186506,,2.229,0.60724,-2.133,3.867526,18.89005,-5.348265E-08,0.0000,0.0000,0.0000,0.0000,0.0000,0.0000,0,0,,,,,,,0,0,0,0,0,0,0,0,0,0,0,0,0,0,0,0,0,0,0,0,0,0,0,0,0,0,0,0,0,0,0,0,0,0,0,0,0,0,0,0,0,0,0,0,0,0,0,0,0,0,0,
3,8_4,10_58_29,3.1905,0,0,0,3.190544,,2.229,0.60724,-2.133,3.867526,18.89005,-5.348265E-08,0.0000,0.0000,0.0000,0.0000,0.0000,0.0000,0,0,,,,,,,0,0,0,0,0,0,0,0,0,0,0,0,0,0,0,0,0,0,0,0,0,0,0,0,0,0,0,0,0,0,0,0,0,0,0,0,0,0,0,0,0,0,0,0,0,0,0,0,0,0,0,
3,8_4,10_58_29,3.1947,0,0,0,3.194745,,2.229,0.60724,-2.133,3.867526,19.39417,-5.348265E-08,0.0000,0.0000,0.0000,0.0000,0.0000,0.0000,0,0,,,,,,,0,0,0,0,0,0,0,0,0,0,0,0,0,0,0,0,0,0,0,0,0,0,0,0,0,0,0,0,0,0,0,0,0,0,0,0,0,0,0,0,0,0,0,0,0,0,0,0,0,0,0,
3,8_4,10_58_29,3.1986,0,0,0,3.198586,,2.229,0.60724,-2.133,3.867526,19.6246,0,0.0000,0.0000,0.0000,0.0000,0.0000,0.0000,0,0,,,,,,,0,0,0,0,0,0,0,0,0,0,0,0,0,0,0,0,0,0,0,0,0,0,0,0,0,0,0,0,0,0,0,0,0,0,0,0,0,0,0,0,0,0,0,0,0,0,0,0,0,0,0,
3,8_4,10_58_29,3.2032,0,0,0,3.20318,,2.229,0.60724,-2.133,3.890498,19.85432,-5.34841E-08,0.0000,0.0000,0.0000,0.0000,0.0000,0.0000,0,0,,,,,,,0,0,0,0,0,0,0,0,0,0,0,0,0,0,0,0,0,0,0,0,0,0,0,0,0,0,0,0,0,0,0,0,0,0,0,0,0,0,0,0,0,0,0,0,0,0,0,0,0,0,0,
3,8_4,10_58_29,3.2069,0,0,0,3.206914,,2.229,0.60724,-2.133,3.890498,20.0597,0,0.0000,0.0000,0.0000,0.0000,0.0000,0.0000,0,0,,,,,,,0,0,0,0,0,0,0,0,0,0,0,0,0,0,0,0,0,0,0,0,0,0,0,0,0,0,0,0,0,0,0,0,0,0,0,0,0,0,0,0,0,0,0,0,0,0,0,0,0,0,0,
3,8_4,10_58_29,3.2105,0,0,0,3.210526,,2.229,0.60724,-2.133,3.890498,20.22222,5.34841E-08,0.0000,0.0000,0.0000,0.0000,0.0000,0.0000,0,0,,,,,,,0,0,0,0,0,0,0,0,0,0,0,0,0,0,0,0,0,0,0,0,0,0,0,0,0,0,0,0,0,0,0,0,0,0,0,0,0,0,0,0,0,0,0,0,0,0,0,0,0,0,0,
3,8_4,10_58_29,3.2148,0,0,0,3.214791,,2.229,0.60724,-2.133,3.890498,20.22222,5.34841E-08,0.0000,0.0000,0.0000,0.0000,0.0000,0.0000,0,0,,,,,,,0,0,0,0,0,0,0,0,0,0,0,0,0,0,0,0,0,0,0,0,0,0,0,0,0,0,0,0,0,0,0,0,0,0,0,0,0,0,0,0,0,0,0,0,0,0,0,0,0,0,0,
3,8_4,10_58_29,3.2186,0,0,0,3.218607,,2.229,0.60724,-2.133,3.90958,20.5657,0,0.0000,0.0000,0.0000,0.0000,0.0000,0.0000,0,0,,,,,,,0,0,0,0,0,0,0,0,0,0,0,0,0,0,0,0,0,0,0,0,0,0,0,0,0,0,0,0,0,0,0,0,0,0,0,0,0,0,0,0,0,0,0,0,0,0,0,0,0,0,0,
3,8_4,10_58_29,3.2226,0,0,0,3.222612,,2.229,0.60724,-2.133,3.929604,20.68584,5.348659E-08,0.0000,0.0000,0.0000,0.0000,0.0000,0.0000,0,0,,,,,,,0,0,0,0,0,0,0,0,0,0,0,0,0,0,0,0,0,0,0,0,0,0,0,0,0,0,0,0,0,0,0,0,0,0,0,0,0,0,0,0,0,0,0,0,0,0,0,0,0,0,0,
3,8_4,10_58_29,3.2281,0,0,0,3.228147,,2.229,0.60724,-2.133,3.957282,20.85191,0,0.0000,0.0000,0.0000,0.0000,0.0000,0.0000,0,0,,,,,,,0,0,0,0,0,0,0,0,0,0,0,0,0,0,0,0,0,0,0,0,0,0,0,0,0,0,0,0,0,0,0,0,0,0,0,0,0,0,0,0,0,0,0,0,0,0,0,0,0,0,0,
3,8_4,10_58_29,3.2322,0,0,0,3.232234,,2.229,0.60724,-2.133,3.998149,20.95408,5.349103E-08,0.0000,0.0000,0.0000,0.0000,0.0000,0.0000,0,0,,,,,,,0,0,0,0,0,0,0,0,0,0,0,0,0,0,0,0,0,0,0,0,0,0,0,0,0,0,0,0,0,0,0,0,0,0,0,0,0,0,0,0,0,0,0,0,0,0,0,0,0,0,0,
3,8_4,10_58_29,3.2364,0,0,0,3.236354,,2.229,0.60724,-2.133,4.039347,20.99528,5.349373E-08,0.0000,0.0000,0.0000,0.0000,0.0000,0.0000,0,0,,,,,,,0,0,0,0,0,0,0,0,0,0,0,0,0,0,0,0,0,0,0,0,0,0,0,0,0,0,0,0,0,0,0,0,0,0,0,0,0,0,0,0,0,0,0,0,0,0,0,0,0,0,0,
3,8_4,10_58_29,3.2399,0,0,0,3.239853,,2.229,0.60724,-2.133,4.056842,21.01277,0,0.0000,0.0000,0.0000,0.0000,0.0000,0.0000,0,0,,,,,,,0,0,0,0,0,0,0,0,0,0,0,0,0,0,0,0,0,0,0,0,0,0,0,0,0,0,0,0,0,0,0,0,0,0,0,0,0,0,0,0,0,0,0,0,0,0,0,0,0,0,0,
3,8_4,10_58_29,3.2436,0,0,0,3.243568,,2.229,0.60724,-2.133,4.075417,21.01277,0,0.0000,0.0000,0.0000,0.0000,0.0000,0.0000,0,0,,,,,,,0,0,0,0,0,0,0,0,0,0,0,0,0,0,0,0,0,0,0,0,0,0,0,0,0,0,0,0,0,0,0,0,0,0,0,0,0,0,0,0,0,0,0,0,0,0,0,0,0,0,0,
3,8_4,10_58_29,3.2475,0,0,0,3.24754,,2.229,0.60724,-2.133,4.115144,21.01277,5.349877E-08,0.0000,0.0000,0.0000,0.0000,0.0000,0.0000,0,0,,,,,,,0,0,0,0,0,0,0,0,0,0,0,0,0,0,0,0,0,0,0,0,0,0,0,0,0,0,0,0,0,0,0,0,0,0,0,0,0,0,0,0,0,0,0,0,0,0,0,0,0,0,0,
3,8_4,10_58_29,3.2513,0,0,0,3.251309,,2.229,0.60724,-2.133,4.152829,21.01277,0,0.0000,0.0000,0.0000,0.0000,0.0000,0.0000,0,0,,,,,,,0,0,0,0,0,0,0,0,0,0,0,0,0,0,0,0,0,0,0,0,0,0,0,0,0,0,0,0,0,0,0,0,0,0,0,0,0,0,0,0,0,0,0,0,0,0,0,0,0,0,0,
3,8_4,10_58_29,3.2552,0,0,0,3.255194,,2.229,0.60724,-2.133,4.191683,20.97392,5.350397E-08,0.0000,0.0000,0.0000,0.0000,0.0000,0.0000,0,0,,,,,,,0,0,0,0,0,0,0,0,0,0,0,0,0,0,0,0,0,0,0,0,0,0,0,0,0,0,0,0,0,0,0,0,0,0,0,0,0,0,0,0,0,0,0,0,0,0,0,0,0,0,0,
3,8_4,10_58_29,3.2591,0,0,0,3.259107,,2.229,0.60724,-2.133,4.230808,20.91523,1.070133E-07,0.0000,0.0000,0.0000,0.0000,0.0000,0.0000,0,0,,,,,,,0,0,0,0,0,0,0,0,0,0,0,0,0,0,0,0,0,0,0,0,0,0,0,0,0,0,0,0,0,0,0,0,0,0,0,0,0,0,0,0,0,0,0,0,0,0,0,0,0,0,0,
3,8_4,10_58_29,3.2631,0,0,0,3.263087,,2.229,0.60724,-2.133,4.290514,20.79582,5.351081E-08,0.0000,0.0000,0.0000,0.0000,0.0000,0.0000,0,0,,,,,,,0,0,0,0,0,0,0,0,0,0,0,0,0,0,0,0,0,0,0,0,0,0,0,0,0,0,0,0,0,0,0,0,0,0,0,0,0,0,0,0,0,0,0,0,0,0,0,0,0,0,0,
3,8_4,10_58_29,3.2672,0,0,0,3.267193,,2.229,0.60724,-2.133,4.331568,20.67266,-5.351371E-08,0.0000,0.0000,0.0000,0.0000,0.0000,0.0000,0,0,,,,,,,0,0,0,0,0,0,0,0,0,0,0,0,0,0,0,0,0,0,0,0,0,0,0,0,0,0,0,0,0,0,0,0,0,0,0,0,0,0,0,0,0,0,0,0,0,0,0,0,0,0,0,
3,8_4,10_58_29,3.2720,0,0,0,3.271968,,2.229,0.60724,-2.133,4.427085,20.3861,-5.352054E-08,0.0000,0.0000,0.0000,0.0000,0.0000,0.0000,0,0,,,,,,,0,0,0,0,0,0,0,0,0,0,0,0,0,0,0,0,0,0,0,0,0,0,0,0,0,0,0,0,0,0,0,0,0,0,0,0,0,0,0,0,0,0,0,0,0,0,0,0,0,0,0,
3,8_4,10_58_29,3.2770,0,0,0,3.27695,,2.229,0.60724,-2.133,4.501809,20.01249,-5.352599E-08,0.0000,0.0000,0.0000,0.0000,0.0000,0.0000,0,0,,,,,,,0,0,0,0,0,0,0,0,0,0,0,0,0,0,0,0,0,0,0,0,0,0,0,0,0,0,0,0,0,0,0,0,0,0,0,0,0,0,0,0,0,0,0,0,0,0,0,0,0,0,0,
3,8_4,10_58_29,3.2804,0,0,0,3.2804,,2.229,0.60724,-2.133,4.501809,20.01249,-5.352599E-08,0.0000,0.0000,0.0000,0.0000,0.0000,0.0000,0,0,,,,,,,0,0,0,0,0,0,0,0,0,0,0,0,0,0,0,0,0,0,0,0,0,0,0,0,0,0,0,0,0,0,0,0,0,0,0,0,0,0,0,0,0,0,0,0,0,0,0,0,0,0,0,
3,8_4,10_58_29,3.2844,0,0,0,3.28439,,2.229,0.60724,-2.133,4.541703,19.45396,-5.352893E-08,0.0000,0.0000,0.0000,0.0000,0.0000,0.0000,0,0,,,,,,,0,0,0,0,0,0,0,0,0,0,0,0,0,0,0,0,0,0,0,0,0,0,0,0,0,0,0,0,0,0,0,0,0,0,0,0,0,0,0,0,0,0,0,0,0,0,0,0,0,0,0,
3,8_4,10_58_29,3.2885,0,0,0,3.288523,,2.229,0.60724,-2.133,4.541703,19.45396,-5.352893E-08,0.0000,0.0000,0.0000,0.0000,0.0000,0.0000,0,0,,,,,,,0,0,0,0,0,0,0,0,0,0,0,0,0,0,0,0,0,0,0,0,0,0,0,0,0,0,0,0,0,0,0,0,0,0,0,0,0,0,0,0,0,0,0,0,0,0,0,0,0,0,0,
3,8_4,10_58_29,3.2929,0,0,0,3.292947,,2.229,0.60724,-2.133,4.630178,18.45863,1.070711E-07,0.0000,0.0000,0.0000,0.0000,0.0000,0.0000,0,0,,,,,,,0,0,0,0,0,0,0,0,0,0,0,0,0,0,0,0,0,0,0,0,0,0,0,0,0,0,0,0,0,0,0,0,0,0,0,0,0,0,0,0,0,0,0,0,0,0,0,0,0,0,0,
3,8_4,10_58_29,3.2971,0,0,0,3.297126,,2.229,0.60724,-2.133,4.651074,17.99894,0,0.0000,0.0000,0.0000,0.0000,0.0000,0.0000,0,0,,,,,,,0,0,0,0,0,0,0,0,0,0,0,0,0,0,0,0,0,0,0,0,0,0,0,0,0,0,0,0,0,0,0,0,0,0,0,0,0,0,0,0,0,0,0,0,0,0,0,0,0,0,0,
3,8_4,10_58_29,3.3012,0,0,0,3.301161,,2.229,0.60724,-2.133,4.671249,17.47435,0,0.0000,0.0000,0.0000,0.0000,0.0000,0.0000,0,0,,,,,,,0,0,0,0,0,0,0,0,0,0,0,0,0,0,0,0,0,0,0,0,0,0,0,0,0,0,0,0,0,0,0,0,0,0,0,0,0,0,0,0,0,0,0,0,0,0,0,0,0,0,0,
3,8_4,10_58_29,3.3060,0,0,0,3.306001,,2.229,0.60724,-2.133,4.671249,16.65148,0,0.0000,0.0000,0.0000,0.0000,0.0000,0.0000,0,0,,,,,,,0,0,0,0,0,0,0,0,0,0,0,0,0,0,0,0,0,0,0,0,0,0,0,0,0,0,0,0,0,0,0,0,0,0,0,0,0,0,0,0,0,0,0,0,0,0,0,0,0,0,0,
3,8_4,10_58_29,3.3102,0,0,0,3.310198,,2.229,0.60724,-2.133,4.692234,16.04294,0,0.0000,0.0000,0.0000,0.0000,0.0000,0.0000,0,0,,,,,,,0,0,0,0,0,0,0,0,0,0,0,0,0,0,0,0,0,0,0,0,0,0,0,0,0,0,0,0,0,0,0,0,0,0,0,0,0,0,0,0,0,0,0,0,0,0,0,0,0,0,0,
3,8_4,10_58_29,3.3140,0,0,0,3.314048,,2.229,0.60724,-2.133,4.711482,15.48475,5.354177E-08,0.0000,0.0000,0.0000,0.0000,0.0000,0.0000,0,0,,,,,,,0,0,0,0,0,0,0,0,0,0,0,0,0,0,0,0,0,0,0,0,0,0,0,0,0,0,0,0,0,0,0,0,0,0,0,0,0,0,0,0,0,0,0,0,0,0,0,0,0,0,0,
3,8_4,10_58_29,3.3179,0,0,0,3.31786,,2.229,0.60724,-2.133,4.730541,14.89389,0,0.0000,0.0000,0.0000,0.0000,0.0000,0.0000,0,0,,,,,,,0,0,0,0,0,0,0,0,0,0,0,0,0,0,0,0,0,0,0,0,0,0,0,0,0,0,0,0,0,0,0,0,0,0,0,0,0,0,0,0,0,0,0,0,0,0,0,0,0,0,0,
3,8_4,10_58_29,3.3220,0,0,0,3.322016,,2.229,0.60724,-2.133,4.730541,14.22897,-5.354325E-08,0.0000,0.0000,0.0000,0.0000,0.0000,0.0000,0,0,,,,,,,0,0,0,0,0,0,0,0,0,0,0,0,0,0,0,0,0,0,0,0,0,0,0,0,0,0,0,0,0,0,0,0,0,0,0,0,0,0,0,0,0,0,0,0,0,0,0,0,0,0,0,
3,8_4,10_58_29,3.3262,0,0,0,3.326236,,2.229,0.60724,-2.133,4.751642,13.53263,0,0.0000,0.0000,0.0000,0.0000,0.0000,0.0000,0,0,,,,,,,0,0,0,0,0,0,0,0,0,0,0,0,0,0,0,0,0,0,0,0,0,0,0,0,0,0,0,0,0,0,0,0,0,0,0,0,0,0,0,0,0,0,0,0,0,0,0,0,0,0,0,
3,8_4,10_58_29,3.3301,0,0,0,3.330112,,2.229,0.60724,-2.133,4.751642,12.87378,0,0.0000,0.0000,0.0000,0.0000,0.0000,0.0000,0,0,,,,,,,0,0,0,0,0,0,0,0,0,0,0,0,0,0,0,0,0,0,0,0,0,0,0,0,0,0,0,0,0,0,0,0,0,0,0,0,0,0,0,0,0,0,0,0,0,0,0,0,0,0,0,
3,8_4,10_58_29,3.3340,0,0,0,3.33396,,2.229,0.60724,-2.133,4.79013,12.23873,0,0.0000,0.0000,0.0000,0.0000,0.0000,0.0000,0,0,,,,,,,0,0,0,0,0,0,0,0,0,0,0,0,0,0,0,0,0,0,0,0,0,0,0,0,0,0,0,0,0,0,0,0,0,0,0,0,0,0,0,0,0,0,0,0,0,0,0,0,0,0,0,
3,8_4,10_58_29,3.3380,0,0,0,3.337995,,2.229,0.60724,-2.133,4.810305,11.53262,0,0.0000,0.0000,0.0000,0.0000,0.0000,0.0000,0,0,,,,,,,0,0,0,0,0,0,0,0,0,0,0,0,0,0,0,0,0,0,0,0,0,0,0,0,0,0,0,0,0,0,0,0,0,0,0,0,0,0,0,0,0,0,0,0,0,0,0,0,0,0,0,
3,8_4,10_58_29,3.3414,0,0,0,3.341402,,2.229,0.60724,-2.133,4.810305,11.53262,0,0.0000,0.0000,0.0000,0.0000,0.0000,0.0000,0,0,,,,,,,0,0,0,0,0,0,0,0,0,0,0,0,0,0,0,0,0,0,0,0,0,0,0,0,0,0,0,0,0,0,0,0,0,0,0,0,0,0,0,0,0,0,0,0,0,0,0,0,0,0,0,
3,8_4,10_58_29,3.3453,0,0,0,3.345331,,2.229,0.60724,-2.133,4.869247,10.33412,-2.677706E-08,0.0000,0.0000,0.0000,0.0000,0.0000,0.0000,0,0,,,,,,,0,0,0,0,0,0,0,0,0,0,0,0,0,0,0,0,0,0,0,0,0,0,0,0,0,0,0,0,0,0,0,0,0,0,0,0,0,0,0,0,0,0,0,0,0,0,0,0,0,0,0,
3,8_4,10_58_29,3.3487,0,0,0,3.348702,,2.229,0.60724,-2.133,4.869247,10.33412,-2.677706E-08,0.0000,0.0000,0.0000,0.0000,0.0000,0.0000,0,0,,,,,,,0,0,0,0,0,0,0,0,0,0,0,0,0,0,0,0,0,0,0,0,0,0,0,0,0,0,0,0,0,0,0,0,0,0,0,0,0,0,0,0,0,0,0,0,0,0,0,0,0,0,0,
3,8_4,10_58_29,3.3530,0,0,0,3.353011,,2.229,0.60724,-2.133,4.998527,8.80432,0,0.0000,0.0000,0.0000,0.0000,0.0000,0.0000,0,0,,,,,,,0,0,0,0,0,0,0,0,0,0,0,0,0,0,0,0,0,0,0,0,0,0,0,0,0,0,0,0,0,0,0,0,0,0,0,0,0,0,0,0,0,0,0,0,0,0,0,0,0,0,0,
3,8_4,10_58_29,3.3583,0,0,0,3.358332,,2.229,0.60724,-2.133,5.131561,7.607006,2.678779E-08,0.0000,0.0000,0.0000,0.0000,0.0000,0.0000,0,0,,,,,,,0,0,0,0,0,0,0,0,0,0,0,0,0,0,0,0,0,0,0,0,0,0,0,0,0,0,0,0,0,0,0,0,0,0,0,0,0,0,0,0,0,0,0,0,0,0,0,0,0,0,0,
3,8_4,10_58_29,3.3625,0,0,0,3.362523,,2.229,0.60724,-2.133,5.215375,6.936493,0,0.0000,0.0000,0.0000,0.0000,0.0000,0.0000,0,0,,,,,,,0,0,0,0,0,0,0,0,0,0,0,0,0,0,0,0,0,0,0,0,0,0,0,0,0,0,0,0,0,0,0,0,0,0,0,0,0,0,0,0,0,0,0,0,0,0,0,0,0,0,0,
3,8_4,10_58_29,3.3679,0,0,0,3.367944,,2.229,0.60724,-2.133,5.350908,5.716703,0,0.0000,0.0000,0.0000,0.0000,0.0000,0.0000,0,0,,,,,,,0,0,0,0,0,0,0,0,0,0,0,0,0,0,0,0,0,0,0,0,0,0,0,0,0,0,0,0,0,0,0,0,0,0,0,0,0,0,0,0,0,0,0,0,0,0,0,0,0,0,0,
3,8_4,10_58_29,3.3720,0,0,0,3.371981,,2.229,0.60724,-2.133,5.43165,5.171693,0,0.0000,0.0000,0.0000,0.0000,0.0000,0.0000,0,0,,,,,,,0,0,0,0,0,0,0,0,0,0,0,0,0,0,0,0,0,0,0,0,0,0,0,0,0,0,0,0,0,0,0,0,0,0,0,0,0,0,0,0,0,0,0,0,0,0,0,0,0,0,0,
3,8_4,10_58_29,3.3762,0,0,0,3.376177,,2.229,0.60724,-2.133,5.494577,4.668269,1.340179E-08,0.0000,0.0000,0.0000,0.0000,0.0000,0.0000,0,0,,,,,,,0,0,0,0,0,0,0,0,0,0,0,0,0,0,0,0,0,0,0,0,0,0,0,0,0,0,0,0,0,0,0,0,0,0,0,0,0,0,0,0,0,0,0,0,0,0,0,0,0,0,0,
3,8_4,10_58_29,3.3804,0,0,0,3.380388,,2.229,0.60724,-2.133,5.536686,4.205081,1.340274E-08,0.0000,0.0000,0.0000,0.0000,0.0000,0.0000,0,0,,,,,,,0,0,0,0,0,0,0,0,0,0,0,0,0,0,0,0,0,0,0,0,0,0,0,0,0,0,0,0,0,0,0,0,0,0,0,0,0,0,0,0,0,0,0,0,0,0,0,0,0,0,0,
3,8_4,10_58_29,3.3852,0,0,0,3.385234,,2.229,0.60724,-2.133,5.585151,3.623501,0,0.0000,0.0000,0.0000,0.0000,0.0000,0.0000,0,0,,,,,,,0,0,0,0,0,0,0,0,0,0,0,0,0,0,0,0,0,0,0,0,0,0,0,0,0,0,0,0,0,0,0,0,0,0,0,0,0,0,0,0,0,0,0,0,0,0,0,0,0,0,0,
3,8_4,10_58_29,3.3896,0,0,0,3.389592,,2.229,0.60724,-2.133,5.65052,3.187711,0,0.0000,0.0000,0.0000,0.0000,0.0000,0.0000,0,0,,,,,,,0,0,0,0,0,0,0,0,0,0,0,0,0,0,0,0,0,0,0,0,0,0,0,0,0,0,0,0,0,0,0,0,0,0,0,0,0,0,0,0,0,0,0,0,0,0,0,0,0,0,0,
3,8_4,10_58_29,3.3939,0,0,0,3.39389,,2.229,0.60724,-2.133,5.672011,2.929801,-1.340585E-08,0.0000,0.0000,0.0000,0.0000,0.0000,0.0000,0,0,,,,,,,0,0,0,0,0,0,0,0,0,0,0,0,0,0,0,0,0,0,0,0,0,0,0,0,0,0,0,0,0,0,0,0,0,0,0,0,0,0,0,0,0,0,0,0,0,0,0,0,0,0,0,
3,8_4,10_58_29,3.3978,0,0,0,3.39776,,2.229,0.60724,-2.133,5.672012,2.775021,0,0.0000,0.0000,0.0000,0.0000,0.0000,0.0000,0,0,,,,,,,0,0,0,0,0,0,0,0,0,0,0,0,0,0,0,0,0,0,0,0,0,0,0,0,0,0,0,0,0,0,0,0,0,0,0,0,0,0,0,0,0,0,0,0,0,0,0,0,0,0,0,
3,8_4,10_58_29,3.4021,0,0,0,3.402095,,2.229,0.60724,-2.133,5.693687,2.623293,1.340635E-08,0.0000,0.0000,0.0000,0.0000,0.0000,0.0000,0,0,,,,,,,0,0,0,0,0,0,0,0,0,0,0,0,0,0,0,0,0,0,0,0,0,0,0,0,0,0,0,0,0,0,0,0,0,0,0,0,0,0,0,0,0,0,0,0,0,0,0,0,0,0,0,
3,8_4,10_58_29,3.4061,0,0,0,3.406099,,2.229,0.60724,-2.133,5.693687,2.543223,-1.340635E-08,0.0000,0.0000,0.0000,0.0000,0.0000,0.0000,0,0,,,,,,,0,0,0,0,0,0,0,0,0,0,0,0,0,0,0,0,0,0,0,0,0,0,0,0,0,0,0,0,0,0,0,0,0,0,0,0,0,0,0,0,0,0,0,0,0,0,0,0,0,0,0,
3,8_4,10_58_29,3.4099,0,0,0,3.409934,,2.229,0.60724,-2.133,5.693687,2.524043,0,0.0000,0.0000,0.0000,0.0000,0.0000,0.0000,0,0,,,,,,,0,0,0,0,0,0,0,0,0,0,0,0,0,0,0,0,0,0,0,0,0,0,0,0,0,0,0,0,0,0,0,0,0,0,0,0,0,0,0,0,0,0,0,0,0,0,0,0,0,0,0,
3,8_4,10_58_29,3.4134,0,0,0,3.413385,,2.229,0.60724,-2.133,5.693687,2.524043,0,0.0000,0.0000,0.0000,0.0000,0.0000,0.0000,0,0,,,,,,,0,0,0,0,0,0,0,0,0,0,0,0,0,0,0,0,0,0,0,0,0,0,0,0,0,0,0,0,0,0,0,0,0,0,0,0,0,0,0,0,0,0,0,0,0,0,0,0,0,0,0,
3,8_4,10_58_29,3.4173,0,0,0,3.417292,,2.229,0.60724,-2.133,5.693687,2.524043,0,0.0000,0.0000,0.0000,0.0000,0.0000,0.0000,0,0,,,,,,,0,0,0,0,0,0,0,0,0,0,0,0,0,0,0,0,0,0,0,0,0,0,0,0,0,0,0,0,0,0,0,0,0,0,0,0,0,0,0,0,0,0,0,0,0,0,0,0,0,0,0,
3,8_4,10_58_29,3.4210,0,0,0,3.421025,,2.229,0.60724,-2.133,5.693687,2.524043,0,0.0000,0.0000,0.0000,0.0000,0.0000,0.0000,0,0,,,,,,,0,0,0,0,0,0,0,0,0,0,0,0,0,0,0,0,0,0,0,0,0,0,0,0,0,0,0,0,0,0,0,0,0,0,0,0,0,0,0,0,0,0,0,0,0,0,0,0,0,0,0,
3,8_4,10_58_29,3.4245,0,0,0,3.424508,,2.229,0.60724,-2.133,5.693687,2.524043,0,0.0000,0.0000,0.0000,0.0000,0.0000,0.0000,0,0,,,,,,,0,0,0,0,0,0,0,0,0,0,0,0,0,0,0,0,0,0,0,0,0,0,0,0,0,0,0,0,0,0,0,0,0,0,0,0,0,0,0,0,0,0,0,0,0,0,0,0,0,0,0,
3,8_4,10_58_29,3.4299,0,0,0,3.429853,,2.229,0.60724,-2.133,5.64024,2.604215,1.340511E-08,0.0000,0.0000,0.0000,0.0000,0.0000,0.0000,0,0,,,,,,,0,0,0,0,0,0,0,0,0,0,0,0,0,0,0,0,0,0,0,0,0,0,0,0,0,0,0,0,0,0,0,0,0,0,0,0,0,0,0,0,0,0,0,0,0,0,0,0,0,0,0,
3,8_4,10_58_29,3.4339,0,0,0,3.433913,,2.229,0.60724,-2.133,5.599644,2.726,0,0.0000,0.0000,0.0000,0.0000,0.0000,0.0000,0,0,,,,,,,0,0,0,0,0,0,0,0,0,0,0,0,0,0,0,0,0,0,0,0,0,0,0,0,0,0,0,0,0,0,0,0,0,0,0,0,0,0,0,0,0,0,0,0,0,0,0,0,0,0,0,
3,8_4,10_58_29,3.4379,0,0,0,3.437906,,2.229,0.60724,-2.133,5.519768,2.865783,0,0.0000,0.0000,0.0000,0.0000,0.0000,0.0000,0,0,,,,,,,0,0,0,0,0,0,0,0,0,0,0,0,0,0,0,0,0,0,0,0,0,0,0,0,0,0,0,0,0,0,0,0,0,0,0,0,0,0,0,0,0,0,0,0,0,0,0,0,0,0,0,
3,8_4,10_58_29,3.4419,0,0,0,3.441887,,2.229,0.60724,-2.133,5.460057,3.084727,-1.340101E-08,0.0000,0.0000,0.0000,0.0000,0.0000,0.0000,0,0,,,,,,,0,0,0,0,0,0,0,0,0,0,0,0,0,0,0,0,0,0,0,0,0,0,0,0,0,0,0,0,0,0,0,0,0,0,0,0,0,0,0,0,0,0,0,0,0,0,0,0,0,0,0,
3,8_4,10_58_29,3.4460,0,0,0,3.445965,,2.229,0.60724,-2.133,5.419274,3.349811,-1.340011E-08,0.0000,0.0000,0.0000,0.0000,0.0000,0.0000,0,0,,,,,,,0,0,0,0,0,0,0,0,0,0,0,0,0,0,0,0,0,0,0,0,0,0,0,0,0,0,0,0,0,0,0,0,0,0,0,0,0,0,0,0,0,0,0,0,0,0,0,0,0,0,0,
3,8_4,10_58_29,3.4500,0,0,0,3.449995,,2.229,0.60724,-2.133,5.338683,3.692327,2.679667E-08,0.0000,0.0000,0.0000,0.0000,0.0000,0.0000,0,0,,,,,,,0,0,0,0,0,0,0,0,0,0,0,0,0,0,0,0,0,0,0,0,0,0,0,0,0,0,0,0,0,0,0,0,0,0,0,0,0,0,0,0,0,0,0,0,0,0,0,0,0,0,0,
3,8_4,10_58_29,3.4542,0,0,0,3.454163,,2.229,0.60724,-2.133,5.276166,4.06742,0,0.0000,0.0000,0.0000,0.0000,0.0000,0.0000,0,0,,,,,,,0,0,0,0,0,0,0,0,0,0,0,0,0,0,0,0,0,0,0,0,0,0,0,0,0,0,0,0,0,0,0,0,0,0,0,0,0,0,0,0,0,0,0,0,0,0,0,0,0,0,0,
3,8_4,10_58_29,3.4590,0,0,0,3.459041,,2.229,0.60724,-2.133,5.202988,4.750423,-1.339541E-08,0.0000,0.0000,0.0000,0.0000,0.0000,0.0000,0,0,,,,,,,0,0,0,0,0,0,0,0,0,0,0,0,0,0,0,0,0,0,0,0,0,0,0,0,0,0,0,0,0,0,0,0,0,0,0,0,0,0,0,0,0,0,0,0,0,0,0,0,0,0,0,
3,8_4,10_58_29,3.4640,0,0,0,3.463992,,2.229,0.60724,-2.133,5.079228,5.418727,0,0.0000,0.0000,0.0000,0.0000,0.0000,0.0000,0,0,,,,,,,0,0,0,0,0,0,0,0,0,0,0,0,0,0,0,0,0,0,0,0,0,0,0,0,0,0,0,0,0,0,0,0,0,0,0,0,0,0,0,0,0,0,0,0,0,0,0,0,0,0,0,
3,8_4,10_58_29,3.4676,0,0,0,3.467609,,2.229,0.60724,-2.133,5.079228,5.418727,0,0.0000,0.0000,0.0000,0.0000,0.0000,0.0000,0,0,,,,,,,0,0,0,0,0,0,0,0,0,0,0,0,0,0,0,0,0,0,0,0,0,0,0,0,0,0,0,0,0,0,0,0,0,0,0,0,0,0,0,0,0,0,0,0,0,0,0,0,0,0,0,
3,8_4,10_58_29,3.4719,0,0,0,3.471896,,2.229,0.60724,-2.133,4.886318,6.447584,2.677775E-08,0.0000,0.0000,0.0000,0.0000,0.0000,0.0000,0,0,,,,,,,0,0,0,0,0,0,0,0,0,0,0,0,0,0,0,0,0,0,0,0,0,0,0,0,0,0,0,0,0,0,0,0,0,0,0,0,0,0,0,0,0,0,0,0,0,0,0,0,0,0,0,
3,8_4,10_58_29,3.4763,0,0,0,3.476283,,2.229,0.60724,-2.133,4.820514,6.952078,0,0.0000,0.0000,0.0000,0.0000,0.0000,0.0000,0,0,,,,,,,0,0,0,0,0,0,0,0,0,0,0,0,0,0,0,0,0,0,0,0,0,0,0,0,0,0,0,0,0,0,0,0,0,0,0,0,0,0,0,0,0,0,0,0,0,0,0,0,0,0,0,
3,8_4,10_58_29,3.4801,0,0,0,3.480073,,2.229,0.60724,-2.133,4.725767,7.425814,0,0.0000,0.0000,0.0000,0.0000,0.0000,0.0000,0,0,,,,,,,0,0,0,0,0,0,0,0,0,0,0,0,0,0,0,0,0,0,0,0,0,0,0,0,0,0,0,0,0,0,0,0,0,0,0,0,0,0,0,0,0,0,0,0,0,0,0,0,0,0,0,
3,8_4,10_58_29,3.4841,0,0,0,3.484103,,2.229,0.60724,-2.133,4.645172,7.889231,2.676835E-08,0.0000,0.0000,0.0000,0.0000,0.0000,0.0000,0,0,,,,,,,0,0,0,0,0,0,0,0,0,0,0,0,0,0,0,0,0,0,0,0,0,0,0,0,0,0,0,0,0,0,0,0,0,0,0,0,0,0,0,0,0,0,0,0,0,0,0,0,0,0,0,
3,8_4,10_58_29,3.4890,0,0,0,3.488973,,2.229,0.60724,-2.133,4.499081,8.595336,-2.676289E-08,0.0000,0.0000,0.0000,0.0000,0.0000,0.0000,0,0,,,,,,,0,0,0,0,0,0,0,0,0,0,0,0,0,0,0,0,0,0,0,0,0,0,0,0,0,0,0,0,0,0,0,0,0,0,0,0,0,0,0,0,0,0,0,0,0,0,0,0,0,0,0,
3,8_4,10_58_29,3.4930,0,0,0,3.492956,,2.229,0.60724,-2.133,4.419418,8.973741,0,0.0000,0.0000,0.0000,0.0000,0.0000,0.0000,0,0,,,,,,,0,0,0,0,0,0,0,0,0,0,0,0,0,0,0,0,0,0,0,0,0,0,0,0,0,0,0,0,0,0,0,0,0,0,0,0,0,0,0,0,0,0,0,0,0,0,0,0,0,0,0,
3,8_4,10_58_29,3.4971,0,0,0,3.49711,,2.229,0.60724,-2.133,4.357106,9.38915,-2.675776E-08,0.0000,0.0000,0.0000,0.0000,0.0000,0.0000,0,0,,,,,,,0,0,0,0,0,0,0,0,0,0,0,0,0,0,0,0,0,0,0,0,0,0,0,0,0,0,0,0,0,0,0,0,0,0,0,0,0,0,0,0,0,0,0,0,0,0,0,0,0,0,0,
3,8_4,10_58_29,3.5009,0,0,0,3.500947,,2.229,0.60724,-2.133,4.299553,9.753655,2.675572E-08,0.0000,0.0000,0.0000,0.0000,0.0000,0.0000,0,0,,,,,,,0,0,0,0,0,0,0,0,0,0,0,0,0,0,0,0,0,0,0,0,0,0,0,0,0,0,0,0,0,0,0,0,0,0,0,0,0,0,0,0,0,0,0,0,0,0,0,0,0,0,0,
3,8_4,10_58_29,3.5049,0,0,0,3.5049,,2.229,0.60724,-2.133,4.240262,10.1094,2.675366E-08,0.0000,0.0000,0.0000,0.0000,0.0000,0.0000,0,0,,,,,,,0,0,0,0,0,0,0,0,0,0,0,0,0,0,0,0,0,0,0,0,0,0,0,0,0,0,0,0,0,0,0,0,0,0,0,0,0,0,0,0,0,0,0,0,0,0,0,0,0,0,0,
3,8_4,10_58_29,3.5090,0,0,0,3.508985,,2.229,0.60724,-2.133,4.19941,10.41578,0,0.0000,0.0000,0.0000,0.0000,0.0000,0.0000,0,0,,,,,,,0,0,0,0,0,0,0,0,0,0,0,0,0,0,0,0,0,0,0,0,0,0,0,0,0,0,0,0,0,0,0,0,0,0,0,0,0,0,0,0,0,0,0,0,0,0,0,0,0,0,0,
3,8_4,10_58_29,3.5130,0,0,0,3.512998,,2.229,0.60724,-2.133,4.139215,10.71676,-2.67502E-08,0.0000,0.0000,0.0000,0.0000,0.0000,0.0000,0,0,,,,,,,0,0,0,0,0,0,0,0,0,0,0,0,0,0,0,0,0,0,0,0,0,0,0,0,0,0,0,0,0,0,0,0,0,0,0,0,0,0,0,0,0,0,0,0,0,0,0,0,0,0,0,
3,8_4,10_58_29,3.5169,0,0,0,3.516877,,2.229,0.60724,-2.133,4.100417,10.93015,-2.67489E-08,0.0000,0.0000,0.0000,0.0000,0.0000,0.0000,0,0,,,,,,,0,0,0,0,0,0,0,0,0,0,0,0,0,0,0,0,0,0,0,0,0,0,0,0,0,0,0,0,0,0,0,0,0,0,0,0,0,0,0,0,0,0,0,0,0,0,0,0,0,0,0,
3,8_4,10_58_29,3.5214,0,0,0,3.521369,,2.229,0.60724,-2.133,4.077959,11.1772,2.674815E-08,0.0000,0.0000,0.0000,0.0000,0.0000,0.0000,0,0,,,,,,,0,0,0,0,0,0,0,0,0,0,0,0,0,0,0,0,0,0,0,0,0,0,0,0,0,0,0,0,0,0,0,0,0,0,0,0,0,0,0,0,0,0,0,0,0,0,0,0,0,0,0,
3,8_4,10_58_29,3.5261,0,0,0,3.526075,,2.229,0.60724,-2.133,4.077959,11.4125,0,0.0000,0.0000,0.0000,0.0000,0.0000,0.0000,0,0,,,,,,,0,0,0,0,0,0,0,0,0,0,0,0,0,0,0,0,0,0,0,0,0,0,0,0,0,0,0,0,0,0,0,0,0,0,0,0,0,0,0,0,0,0,0,0,0,0,0,0,0,0,0,
3,8_4,10_58_29,3.5299,0,0,0,3.529898,,2.229,0.60724,-2.133,4.058846,11.48895,2.674751E-08,0.0000,0.0000,0.0000,0.0000,0.0000,0.0000,0,0,,,,,,,0,0,0,0,0,0,0,0,0,0,0,0,0,0,0,0,0,0,0,0,0,0,0,0,0,0,0,0,0,0,0,0,0,0,0,0,0,0,0,0,0,0,0,0,0,0,0,0,0,0,0,
3,8_4,10_58_29,3.5340,0,0,0,3.533989,,2.229,0.60724,-2.133,4.058846,11.55032,2.674751E-08,0.0000,0.0000,0.0000,0.0000,0.0000,0.0000,0,0,,,,,,,0,0,0,0,0,0,0,0,0,0,0,0,0,0,0,0,0,0,0,0,0,0,0,0,0,0,0,0,0,0,0,0,0,0,0,0,0,0,0,0,0,0,0,0,0,0,0,0,0,0,0,
3,8_4,10_58_29,3.5373,0,0,0,3.537322,,2.229,0.60724,-2.133,4.058846,11.55032,2.674751E-08,0.0000,0.0000,0.0000,0.0000,0.0000,0.0000,0,0,,,,,,,0,0,0,0,0,0,0,0,0,0,0,0,0,0,0,0,0,0,0,0,0,0,0,0,0,0,0,0,0,0,0,0,0,0,0,0,0,0,0,0,0,0,0,0,0,0,0,0,0,0,0,
3,8_4,10_58_29,3.5406,0,0,0,3.540647,,2.229,0.60724,-2.133,4.058846,11.55032,2.674751E-08,0.0000,0.0000,0.0000,0.0000,0.0000,0.0000,0,0,,,,,,,0,0,0,0,0,0,0,0,0,0,0,0,0,0,0,0,0,0,0,0,0,0,0,0,0,0,0,0,0,0,0,0,0,0,0,0,0,0,0,0,0,0,0,0,0,0,0,0,0,0,0,
3,8_4,10_58_29,3.5448,0,0,0,3.544808,,2.229,0.60724,-2.133,4.058846,11.52951,2.674751E-08,0.0000,0.0000,0.0000,0.0000,0.0000,0.0000,0,0,,,,,,,0,0,0,0,0,0,0,0,0,0,0,0,0,0,0,0,0,0,0,0,0,0,0,0,0,0,0,0,0,0,0,0,0,0,0,0,0,0,0,0,0,0,0,0,0,0,0,0,0,0,0,
3,8_4,10_58_29,3.5487,0,0,0,3.548695,,2.229,0.60724,-2.133,4.058845,11.51008,0,0.0000,0.0000,0.0000,0.0000,0.0000,0.0000,0,0,,,,,,,0,0,0,0,0,0,0,0,0,0,0,0,0,0,0,0,0,0,0,0,0,0,0,0,0,0,0,0,0,0,0,0,0,0,0,0,0,0,0,0,0,0,0,0,0,0,0,0,0,0,0,
3,8_4,10_58_29,3.5526,0,0,0,3.552603,,2.229,0.60724,-2.133,4.078386,11.43191,0,0.0000,0.0000,0.0000,0.0000,0.0000,0.0000,0,0,,,,,,,0,0,0,0,0,0,0,0,0,0,0,0,0,0,0,0,0,0,0,0,0,0,0,0,0,0,0,0,0,0,0,0,0,0,0,0,0,0,0,0,0,0,0,0,0,0,0,0,0,0,0,
3,8_4,10_58_29,3.5572,0,0,0,3.557166,,2.229,0.60724,-2.133,4.101198,11.29504,2.674892E-08,0.0000,0.0000,0.0000,0.0000,0.0000,0.0000,0,0,,,,,,,0,0,0,0,0,0,0,0,0,0,0,0,0,0,0,0,0,0,0,0,0,0,0,0,0,0,0,0,0,0,0,0,0,0,0,0,0,0,0,0,0,0,0,0,0,0,0,0,0,0,0,
3,8_4,10_58_29,3.5611,0,0,0,3.561125,,2.229,0.60724,-2.133,4.140787,11.13668,-2.675025E-08,0.0000,0.0000,0.0000,0.0000,0.0000,0.0000,0,0,,,,,,,0,0,0,0,0,0,0,0,0,0,0,0,0,0,0,0,0,0,0,0,0,0,0,0,0,0,0,0,0,0,0,0,0,0,0,0,0,0,0,0,0,0,0,0,0,0,0,0,0,0,0,
3,8_4,10_58_29,3.5660,0,0,0,3.56596,,2.229,0.60724,-2.133,4.21331,10.82241,0,0.0000,0.0000,0.0000,0.0000,0.0000,0.0000,0,0,,,,,,,0,0,0,0,0,0,0,0,0,0,0,0,0,0,0,0,0,0,0,0,0,0,0,0,0,0,0,0,0,0,0,0,0,0,0,0,0,0,0,0,0,0,0,0,0,0,0,0,0,0,0,
3,8_4,10_58_29,3.5695,0,0,0,3.569547,,2.229,0.60724,-2.133,4.21331,10.82241,0,0.0000,0.0000,0.0000,0.0000,0.0000,0.0000,0,0,,,,,,,0,0,0,0,0,0,0,0,0,0,0,0,0,0,0,0,0,0,0,0,0,0,0,0,0,0,0,0,0,0,0,0,0,0,0,0,0,0,0,0,0,0,0,0,0,0,0,0,0,0,0,
3,8_4,10_58_29,3.5740,0,0,0,3.573956,,2.229,0.60724,-2.133,4.257393,10.1171,0,0.0000,0.0000,0.0000,0.0000,0.0000,0.0000,0,0,,,,,,,0,0,0,0,0,0,0,0,0,0,0,0,0,0,0,0,0,0,0,0,0,0,0,0,0,0,0,0,0,0,0,0,0,0,0,0,0,0,0,0,0,0,0,0,0,0,0,0,0,0,0,
3,8_4,10_58_29,3.5779,0,0,0,3.577905,,2.229,0.60724,-2.133,4.296888,9.74189,-2.675563E-08,0.0000,0.0000,0.0000,0.0000,0.0000,0.0000,0,0,,,,,,,0,0,0,0,0,0,0,0,0,0,0,0,0,0,0,0,0,0,0,0,0,0,0,0,0,0,0,0,0,0,0,0,0,0,0,0,0,0,0,0,0,0,0,0,0,0,0,0,0,0,0,
3,8_4,10_58_29,3.5820,0,0,0,3.581979,,2.229,0.60724,-2.133,4.337629,9.29375,0,0.0000,0.0000,0.0000,0.0000,0.0000,0.0000,0,0,,,,,,,0,0,0,0,0,0,0,0,0,0,0,0,0,0,0,0,0,0,0,0,0,0,0,0,0,0,0,0,0,0,0,0,0,0,0,0,0,0,0,0,0,0,0,0,0,0,0,0,0,0,0,
3,8_4,10_58_29,3.5864,0,0,0,3.586443,,2.229,0.60724,-2.133,4.404586,8.780416,2.675946E-08,0.0000,0.0000,0.0000,0.0000,0.0000,0.0000,0,0,,,,,,,0,0,0,0,0,0,0,0,0,0,0,0,0,0,0,0,0,0,0,0,0,0,0,0,0,0,0,0,0,0,0,0,0,0,0,0,0,0,0,0,0,0,0,0,0,0,0,0,0,0,0,
3,8_4,10_58_29,3.5909,0,0,0,3.590869,,2.229,0.60724,-2.133,4.426718,8.094338,2.676026E-08,0.0000,0.0000,0.0000,0.0000,0.0000,0.0000,0,0,,,,,,,0,0,0,0,0,0,0,0,0,0,0,0,0,0,0,0,0,0,0,0,0,0,0,0,0,0,0,0,0,0,0,0,0,0,0,0,0,0,0,0,0,0,0,0,0,0,0,0,0,0,0,
3,8_4,10_58_29,3.5953,0,0,0,3.595261,,2.229,0.60724,-2.133,4.470632,7.589315,0,0.0000,0.0000,0.0000,0.0000,0.0000,0.0000,0,0,,,,,,,0,0,0,0,0,0,0,0,0,0,0,0,0,0,0,0,0,0,0,0,0,0,0,0,0,0,0,0,0,0,0,0,0,0,0,0,0,0,0,0,0,0,0,0,0,0,0,0,0,0,0,
3,8_4,10_58_29,3.5993,0,0,0,3.599317,,2.229,0.60724,-2.133,4.551754,7.122864,-2.676484E-08,0.0000,0.0000,0.0000,0.0000,0.0000,0.0000,0,0,,,,,,,0,0,0,0,0,0,0,0,0,0,0,0,0,0,0,0,0,0,0,0,0,0,0,0,0,0,0,0,0,0,0,0,0,0,0,0,0,0,0,0,0,0,0,0,0,0,0,0,0,0,0,
3,8_4,10_58_29,3.6040,0,0,0,3.603968,,2.229,0.60724,-2.133,4.621517,6.51826,2.676745E-08,0.0000,0.0000,0.0000,0.0000,0.0000,0.0000,0,0,,,,,,,0,0,0,0,0,0,0,0,0,0,0,0,0,0,0,0,0,0,0,0,0,0,0,0,0,0,0,0,0,0,0,0,0,0,0,0,0,0,0,0,0,0,0,0,0,0,0,0,0,0,0,
3,8_4,10_58_29,3.6082,0,0,0,3.60819,,2.229,0.60724,-2.133,4.663737,6.159381,0,0.0000,0.0000,0.0000,0.0000,0.0000,0.0000,0,0,,,,,,,0,0,0,0,0,0,0,0,0,0,0,0,0,0,0,0,0,0,0,0,0,0,0,0,0,0,0,0,0,0,0,0,0,0,0,0,0,0,0,0,0,0,0,0,0,0,0,0,0,0,0,
3,8_4,10_58_29,3.6121,0,0,0,3.612122,,2.229,0.60724,-2.133,4.70306,5.884128,0,0.0000,0.0000,0.0000,0.0000,0.0000,0.0000,0,0,,,,,,,0,0,0,0,0,0,0,0,0,0,0,0,0,0,0,0,0,0,0,0,0,0,0,0,0,0,0,0,0,0,0,0,0,0,0,0,0,0,0,0,0,0,0,0,0,0,0,0,0,0,0,
3,8_4,10_58_29,3.6162,0,0,0,3.616223,,2.229,0.60724,-2.133,4.764577,5.638054,0,0.0000,0.0000,0.0000,0.0000,0.0000,0.0000,0,0,,,,,,,0,0,0,0,0,0,0,0,0,0,0,0,0,0,0,0,0,0,0,0,0,0,0,0,0,0,0,0,0,0,0,0,0,0,0,0,0,0,0,0,0,0,0,0,0,0,0,0,0,0,0,
3,8_4,10_58_29,3.6202,0,0,0,3.620151,,2.229,0.60724,-2.133,4.784219,5.44165,0,0.0000,0.0000,0.0000,0.0000,0.0000,0.0000,0,0,,,,,,,0,0,0,0,0,0,0,0,0,0,0,0,0,0,0,0,0,0,0,0,0,0,0,0,0,0,0,0,0,0,0,0,0,0,0,0,0,0,0,0,0,0,0,0,0,0,0,0,0,0,0,
3,8_4,10_58_29,3.6241,0,0,0,3.624142,,2.229,0.60724,-2.133,4.804173,5.262054,0,0.0000,0.0000,0.0000,0.0000,0.0000,0.0000,0,0,,,,,,,0,0,0,0,0,0,0,0,0,0,0,0,0,0,0,0,0,0,0,0,0,0,0,0,0,0,0,0,0,0,0,0,0,0,0,0,0,0,0,0,0,0,0,0,0,0,0,0,0,0,0,
3,8_4,10_58_29,3.6280,0,0,0,3.628036,,2.229,0.60724,-2.133,4.804173,5.164707,0,0.0000,0.0000,0.0000,0.0000,0.0000,0.0000,0,0,,,,,,,0,0,0,0,0,0,0,0,0,0,0,0,0,0,0,0,0,0,0,0,0,0,0,0,0,0,0,0,0,0,0,0,0,0,0,0,0,0,0,0,0,0,0,0,0,0,0,0,0,0,0,
3,8_4,10_58_29,3.6330,0,0,0,3.632951,,2.229,0.60724,-2.133,4.828747,4.992693,0,0.0000,0.0000,0.0000,0.0000,0.0000,0.0000,0,0,,,,,,,0,0,0,0,0,0,0,0,0,0,0,0,0,0,0,0,0,0,0,0,0,0,0,0,0,0,0,0,0,0,0,0,0,0,0,0,0,0,0,0,0,0,0,0,0,0,0,0,0,0,0,
3,8_4,10_58_29,3.6370,0,0,0,3.637028,,2.229,0.60724,-2.133,4.828747,4.931536,0,0.0000,0.0000,0.0000,0.0000,0.0000,0.0000,0,0,,,,,,,0,0,0,0,0,0,0,0,0,0,0,0,0,0,0,0,0,0,0,0,0,0,0,0,0,0,0,0,0,0,0,0,0,0,0,0,0,0,0,0,0,0,0,0,0,0,0,0,0,0,0,
3,8_4,10_58_29,3.6410,0,0,0,3.640985,,2.229,0.60724,-2.133,4.808961,4.931536,-1.338734E-08,0.0000,0.0000,0.0000,0.0000,0.0000,0.0000,0,0,,,,,,,0,0,0,0,0,0,0,0,0,0,0,0,0,0,0,0,0,0,0,0,0,0,0,0,0,0,0,0,0,0,0,0,0,0,0,0,0,0,0,0,0,0,0,0,0,0,0,0,0,0,0,
3,8_4,10_58_29,3.6451,0,0,0,3.645055,,2.229,0.60724,-2.133,4.808961,4.931536,-1.338734E-08,0.0000,0.0000,0.0000,0.0000,0.0000,0.0000,0,0,,,,,,,0,0,0,0,0,0,0,0,0,0,0,0,0,0,0,0,0,0,0,0,0,0,0,0,0,0,0,0,0,0,0,0,0,0,0,0,0,0,0,0,0,0,0,0,0,0,0,0,0,0,0,
3,8_4,10_58_29,3.6485,0,0,0,3.648527,,2.229,0.60724,-2.133,4.808961,4.931536,-1.338734E-08,0.0000,0.0000,0.0000,0.0000,0.0000,0.0000,0,0,,,,,,,0,0,0,0,0,0,0,0,0,0,0,0,0,0,0,0,0,0,0,0,0,0,0,0,0,0,0,0,0,0,0,0,0,0,0,0,0,0,0,0,0,0,0,0,0,0,0,0,0,0,0,
3,8_4,10_58_29,3.6521,0,0,0,3.652057,,2.229,0.60724,-2.133,4.808961,4.931536,-1.338734E-08,0.0000,0.0000,0.0000,0.0000,0.0000,0.0000,0,0,,,,,,,0,0,0,0,0,0,0,0,0,0,0,0,0,0,0,0,0,0,0,0,0,0,0,0,0,0,0,0,0,0,0,0,0,0,0,0,0,0,0,0,0,0,0,0,0,0,0,0,0,0,0,
3,8_4,10_58_29,3.6556,0,0,0,3.655578,,2.229,0.60724,-2.133,4.791353,4.931537,0,0.0000,0.0000,0.0000,0.0000,0.0000,0.0000,0,0,,,,,,,0,0,0,0,0,0,0,0,0,0,0,0,0,0,0,0,0,0,0,0,0,0,0,0,0,0,0,0,0,0,0,0,0,0,0,0,0,0,0,0,0,0,0,0,0,0,0,0,0,0,0,
3,8_4,10_58_29,3.6599,0,0,0,3.659915,,2.229,0.60724,-2.133,4.726308,4.931536,-1.338573E-08,0.0000,0.0000,0.0000,0.0000,0.0000,0.0000,0,0,,,,,,,0,0,0,0,0,0,0,0,0,0,0,0,0,0,0,0,0,0,0,0,0,0,0,0,0,0,0,0,0,0,0,0,0,0,0,0,0,0,0,0,0,0,0,0,0,0,0,0,0,0,0,
3,8_4,10_58_29,3.6640,0,0,0,3.663952,,2.229,0.60724,-2.133,4.685935,4.97191,0,0.0000,0.0000,0.0000,0.0000,0.0000,0.0000,0,0,,,,,,,0,0,0,0,0,0,0,0,0,0,0,0,0,0,0,0,0,0,0,0,0,0,0,0,0,0,0,0,0,0,0,0,0,0,0,0,0,0,0,0,0,0,0,0,0,0,0,0,0,0,0,
3,8_4,10_58_29,3.6690,0,0,0,3.669007,,2.229,0.60724,-2.133,4.610106,5.047739,0,0.0000,0.0000,0.0000,0.0000,0.0000,0.0000,0,0,,,,,,,0,0,0,0,0,0,0,0,0,0,0,0,0,0,0,0,0,0,0,0,0,0,0,0,0,0,0,0,0,0,0,0,0,0,0,0,0,0,0,0,0,0,0,0,0,0,0,0,0,0,0,
3,8_4,10_58_29,3.6729,0,0,0,3.672884,,2.229,0.60724,-2.133,4.571339,5.125275,1.338279E-08,0.0000,0.0000,0.0000,0.0000,0.0000,0.0000,0,0,,,,,,,0,0,0,0,0,0,0,0,0,0,0,0,0,0,0,0,0,0,0,0,0,0,0,0,0,0,0,0,0,0,0,0,0,0,0,0,0,0,0,0,0,0,0,0,0,0,0,0,0,0,0,
3,8_4,10_58_29,3.6770,0,0,0,3.677032,,2.229,0.60724,-2.133,4.488372,5.249723,-1.338125E-08,0.0000,0.0000,0.0000,0.0000,0.0000,0.0000,0,0,,,,,,,0,0,0,0,0,0,0,0,0,0,0,0,0,0,0,0,0,0,0,0,0,0,0,0,0,0,0,0,0,0,0,0,0,0,0,0,0,0,0,0,0,0,0,0,0,0,0,0,0,0,0,
3,8_4,10_58_29,3.6811,0,0,0,3.681113,,2.229,0.60724,-2.133,4.447572,5.351724,0,0.0000,0.0000,0.0000,0.0000,0.0000,0.0000,0,0,,,,,,,0,0,0,0,0,0,0,0,0,0,0,0,0,0,0,0,0,0,0,0,0,0,0,0,0,0,0,0,0,0,0,0,0,0,0,0,0,0,0,0,0,0,0,0,0,0,0,0,0,0,0,
3,8_4,10_58_29,3.6848,0,0,0,3.684802,,2.229,0.60724,-2.133,4.447572,5.351724,0,0.0000,0.0000,0.0000,0.0000,0.0000,0.0000,0,0,,,,,,,0,0,0,0,0,0,0,0,0,0,0,0,0,0,0,0,0,0,0,0,0,0,0,0,0,0,0,0,0,0,0,0,0,0,0,0,0,0,0,0,0,0,0,0,0,0,0,0,0,0,0,
3,8_4,10_58_29,3.6892,0,0,0,3.689244,,2.229,0.60724,-2.133,4.314303,5.618262,0,0.0000,0.0000,0.0000,0.0000,0.0000,0.0000,0,0,,,,,,,0,0,0,0,0,0,0,0,0,0,0,0,0,0,0,0,0,0,0,0,0,0,0,0,0,0,0,0,0,0,0,0,0,0,0,0,0,0,0,0,0,0,0,0,0,0,0,0,0,0,0,
3,8_4,10_58_29,3.6927,0,0,0,3.692654,,2.229,0.60724,-2.133,4.314303,5.618262,0,0.0000,0.0000,0.0000,0.0000,0.0000,0.0000,0,0,,,,,,,0,0,0,0,0,0,0,0,0,0,0,0,0,0,0,0,0,0,0,0,0,0,0,0,0,0,0,0,0,0,0,0,0,0,0,0,0,0,0,0,0,0,0,0,0,0,0,0,0,0,0,
3,8_4,10_58_29,3.6970,0,0,0,3.696991,,2.229,0.60724,-2.133,4.20588,5.878476,1.337624E-08,0.0000,0.0000,0.0000,0.0000,0.0000,0.0000,0,0,,,,,,,0,0,0,0,0,0,0,0,0,0,0,0,0,0,0,0,0,0,0,0,0,0,0,0,0,0,0,0,0,0,0,0,0,0,0,0,0,0,0,0,0,0,0,0,0,0,0,0,0,0,0,
3,8_4,10_58_29,3.7009,0,0,0,3.700873,,2.229,0.60724,-2.133,4.167064,5.994927,2.675115E-08,0.0000,0.0000,0.0000,0.0000,0.0000,0.0000,0,0,,,,,,,0,0,0,0,0,0,0,0,0,0,0,0,0,0,0,0,0,0,0,0,0,0,0,0,0,0,0,0,0,0,0,0,0,0,0,0,0,0,0,0,0,0,0,0,0,0,0,0,0,0,0,
3,8_4,10_58_29,3.7051,0,0,0,3.70514,,2.229,0.60724,-2.133,4.124393,6.122937,-1.337485E-08,0.0000,0.0000,0.0000,0.0000,0.0000,0.0000,0,0,,,,,,,0,0,0,0,0,0,0,0,0,0,0,0,0,0,0,0,0,0,0,0,0,0,0,0,0,0,0,0,0,0,0,0,0,0,0,0,0,0,0,0,0,0,0,0,0,0,0,0,0,0,0,
3,8_4,10_58_29,3.7091,0,0,0,3.709113,,2.229,0.60724,-2.133,4.084661,6.202401,-1.337419E-08,0.0000,0.0000,0.0000,0.0000,0.0000,0.0000,0,0,,,,,,,0,0,0,0,0,0,0,0,0,0,0,0,0,0,0,0,0,0,0,0,0,0,0,0,0,0,0,0,0,0,0,0,0,0,0,0,0,0,0,0,0,0,0,0,0,0,0,0,0,0,0,
3,8_4,10_58_29,3.7137,0,0,0,3.713656,,2.229,0.60724,-2.133,4.061945,6.338697,0,0.0000,0.0000,0.0000,0.0000,0.0000,0.0000,0,0,,,,,,,0,0,0,0,0,0,0,0,0,0,0,0,0,0,0,0,0,0,0,0,0,0,0,0,0,0,0,0,0,0,0,0,0,0,0,0,0,0,0,0,0,0,0,0,0,0,0,0,0,0,0,
3,8_4,10_58_29,3.7179,0,0,0,3.717925,,2.229,0.60724,-2.133,4.019258,6.381384,-1.33731E-08,0.0000,0.0000,0.0000,0.0000,0.0000,0.0000,0,0,,,,,,,0,0,0,0,0,0,0,0,0,0,0,0,0,0,0,0,0,0,0,0,0,0,0,0,0,0,0,0,0,0,0,0,0,0,0,0,0,0,0,0,0,0,0,0,0,0,0,0,0,0,0,
3,8_4,10_58_29,3.7220,0,0,0,3.722043,,2.229,0.60724,-2.133,3.99867,6.463738,2.674553E-08,0.0000,0.0000,0.0000,0.0000,0.0000,0.0000,0,0,,,,,,,0,0,0,0,0,0,0,0,0,0,0,0,0,0,0,0,0,0,0,0,0,0,0,0,0,0,0,0,0,0,0,0,0,0,0,0,0,0,0,0,0,0,0,0,0,0,0,0,0,0,0,
3,8_4,10_58_29,3.7265,0,0,0,3.726536,,2.229,0.60724,-2.133,3.976203,6.486207,0,0.0000,0.0000,0.0000,0.0000,0.0000,0.0000,0,0,,,,,,,0,0,0,0,0,0,0,0,0,0,0,0,0,0,0,0,0,0,0,0,0,0,0,0,0,0,0,0,0,0,0,0,0,0,0,0,0,0,0,0,0,0,0,0,0,0,0,0,0,0,0,
3,8_4,10_58_29,3.7300,0,0,0,3.730026,,2.229,0.60724,-2.133,3.976203,6.486207,0,0.0000,0.0000,0.0000,0.0000,0.0000,0.0000,0,0,,,,,,,0,0,0,0,0,0,0,0,0,0,0,0,0,0,0,0,0,0,0,0,0,0,0,0,0,0,0,0,0,0,0,0,0,0,0,0,0,0,0,0,0,0,0,0,0,0,0,0,0,0,0,
3,8_4,10_58_29,3.7343,0,0,0,3.734318,,2.229,0.60724,-2.133,3.95474,6.486206,-1.337205E-08,0.0000,0.0000,0.0000,0.0000,0.0000,0.0000,0,0,,,,,,,0,0,0,0,0,0,0,0,0,0,0,0,0,0,0,0,0,0,0,0,0,0,0,0,0,0,0,0,0,0,0,0,0,0,0,0,0,0,0,0,0,0,0,0,0,0,0,0,0,0,0,
3,8_4,10_58_29,3.7381,0,0,0,3.738122,,2.229,0.60724,-2.133,3.95474,6.486206,-1.337205E-08,0.0000,0.0000,0.0000,0.0000,0.0000,0.0000,0,0,,,,,,,0,0,0,0,0,0,0,0,0,0,0,0,0,0,0,0,0,0,0,0,0,0,0,0,0,0,0,0,0,0,0,0,0,0,0,0,0,0,0,0,0,0,0,0,0,0,0,0,0,0,0,
3,8_4,10_58_29,3.7419,0,0,0,3.741922,,2.229,0.60724,-2.133,3.95474,6.467208,0,0.0000,0.0000,0.0000,0.0000,0.0000,0.0000,0,0,,,,,,,0,0,0,0,0,0,0,0,0,0,0,0,0,0,0,0,0,0,0,0,0,0,0,0,0,0,0,0,0,0,0,0,0,0,0,0,0,0,0,0,0,0,0,0,0,0,0,0,0,0,0,
3,8_4,10_58_29,3.7459,0,0,0,3.745855,,2.229,0.60724,-2.133,3.994072,6.447543,0,0.0000,0.0000,0.0000,0.0000,0.0000,0.0000,0,0,,,,,,,0,0,0,0,0,0,0,0,0,0,0,0,0,0,0,0,0,0,0,0,0,0,0,0,0,0,0,0,0,0,0,0,0,0,0,0,0,0,0,0,0,0,0,0,0,0,0,0,0,0,0,
3,8_4,10_58_29,3.7501,0,0,0,3.750058,,2.229,0.60724,-2.133,3.994071,6.384501,0,0.0000,0.0000,0.0000,0.0000,0.0000,0.0000,0,0,,,,,,,0,0,0,0,0,0,0,0,0,0,0,0,0,0,0,0,0,0,0,0,0,0,0,0,0,0,0,0,0,0,0,0,0,0,0,0,0,0,0,0,0,0,0,0,0,0,0,0,0,0,0,
3,8_4,10_58_29,3.7549,0,0,0,3.754919,,2.229,0.60724,-2.133,3.994071,6.287273,1.337269E-08,0.0000,0.0000,0.0000,0.0000,0.0000,0.0000,0,0,,,,,,,0,0,0,0,0,0,0,0,0,0,0,0,0,0,0,0,0,0,0,0,0,0,0,0,0,0,0,0,0,0,0,0,0,0,0,0,0,0,0,0,0,0,0,0,0,0,0,0,0,0,0,
3,8_4,10_58_29,3.7589,0,0,0,3.758912,,2.229,0.60724,-2.133,3.994071,6.187447,-1.337269E-08,0.0000,0.0000,0.0000,0.0000,0.0000,0.0000,0,0,,,,,,,0,0,0,0,0,0,0,0,0,0,0,0,0,0,0,0,0,0,0,0,0,0,0,0,0,0,0,0,0,0,0,0,0,0,0,0,0,0,0,0,0,0,0,0,0,0,0,0,0,0,0,
3,8_4,10_58_29,3.7632,0,0,0,3.763166,,2.229,0.60724,-2.133,3.994071,6.059824,0,0.0000,0.0000,0.0000,0.0000,0.0000,0.0000,0,0,,,,,,,0,0,0,0,0,0,0,0,0,0,0,0,0,0,0,0,0,0,0,0,0,0,0,0,0,0,0,0,0,0,0,0,0,0,0,0,0,0,0,0,0,0,0,0,0,0,0,0,0,0,0,
3,8_4,10_58_29,3.7672,0,0,0,3.767212,,2.229,0.60724,-2.133,3.994071,5.897992,1.337269E-08,0.0000,0.0000,0.0000,0.0000,0.0000,0.0000,0,0,,,,,,,0,0,0,0,0,0,0,0,0,0,0,0,0,0,0,0,0,0,0,0,0,0,0,0,0,0,0,0,0,0,0,0,0,0,0,0,0,0,0,0,0,0,0,0,0,0,0,0,0,0,0,
3,8_4,10_58_29,3.7712,0,0,0,3.771219,,2.229,0.60724,-2.133,4.014105,5.757747,0,0.0000,0.0000,0.0000,0.0000,0.0000,0.0000,0,0,,,,,,,0,0,0,0,0,0,0,0,0,0,0,0,0,0,0,0,0,0,0,0,0,0,0,0,0,0,0,0,0,0,0,0,0,0,0,0,0,0,0,0,0,0,0,0,0,0,0,0,0,0,0,
3,8_4,10_58_29,3.7756,0,0,0,3.775567,,2.229,0.60724,-2.133,4.057584,5.540357,1.337374E-08,0.0000,0.0000,0.0000,0.0000,0.0000,0.0000,0,0,,,,,,,0,0,0,0,0,0,0,0,0,0,0,0,0,0,0,0,0,0,0,0,0,0,0,0,0,0,0,0,0,0,0,0,0,0,0,0,0,0,0,0,0,0,0,0,0,0,0,0,0,0,0,
3,8_4,10_58_29,3.7801,0,0,0,3.780094,,2.229,0.60724,-2.133,4.08022,5.336637,-1.337411E-08,0.0000,0.0000,0.0000,0.0000,0.0000,0.0000,0,0,,,,,,,0,0,0,0,0,0,0,0,0,0,0,0,0,0,0,0,0,0,0,0,0,0,0,0,0,0,0,0,0,0,0,0,0,0,0,0,0,0,0,0,0,0,0,0,0,0,0,0,0,0,0,
3,8_4,10_58_29,3.7841,0,0,0,3.784065,,2.229,0.60724,-2.133,4.08022,5.336637,-1.337411E-08,0.0000,0.0000,0.0000,0.0000,0.0000,0.0000,0,0,,,,,,,0,0,0,0,0,0,0,0,0,0,0,0,0,0,0,0,0,0,0,0,0,0,0,0,0,0,0,0,0,0,0,0,0,0,0,0,0,0,0,0,0,0,0,0,0,0,0,0,0,0,0,
3,8_4,10_58_29,3.7883,0,0,0,3.788258,,2.229,0.60724,-2.133,4.226992,4.938255,0,0.0000,0.0000,0.0000,0.0000,0.0000,0.0000,0,0,,,,,,,0,0,0,0,0,0,0,0,0,0,0,0,0,0,0,0,0,0,0,0,0,0,0,0,0,0,0,0,0,0,0,0,0,0,0,0,0,0,0,0,0,0,0,0,0,0,0,0,0,0,0,
3,8_4,10_58_29,3.7920,0,0,0,3.791967,,2.229,0.60724,-2.133,4.226992,4.938255,0,0.0000,0.0000,0.0000,0.0000,0.0000,0.0000,0,0,,,,,,,0,0,0,0,0,0,0,0,0,0,0,0,0,0,0,0,0,0,0,0,0,0,0,0,0,0,0,0,0,0,0,0,0,0,0,0,0,0,0,0,0,0,0,0,0,0,0,0,0,0,0,
3,8_4,10_58_29,3.7960,0,0,0,3.796022,,2.229,0.60724,-2.133,4.44999,4.593622,0,0.0000,0.0000,0.0000,0.0000,0.0000,0.0000,0,0,,,,,,,0,0,0,0,0,0,0,0,0,0,0,0,0,0,0,0,0,0,0,0,0,0,0,0,0,0,0,0,0,0,0,0,0,0,0,0,0,0,0,0,0,0,0,0,0,0,0,0,0,0,0,
3,8_4,10_58_29,3.8003,0,0,0,3.800345,,2.229,0.60724,-2.133,4.49322,4.550393,1.338134E-08,0.0000,0.0000,0.0000,0.0000,0.0000,0.0000,0,0,,,,,,,0,0,0,0,0,0,0,0,0,0,0,0,0,0,0,0,0,0,0,0,0,0,0,0,0,0,0,0,0,0,0,0,0,0,0,0,0,0,0,0,0,0,0,0,0,0,0,0,0,0,0,
3,8_4,10_58_29,3.8039,0,0,0,3.803899,,2.229,0.60724,-2.133,4.49322,4.550393,1.338134E-08,0.0000,0.0000,0.0000,0.0000,0.0000,0.0000,0,0,,,,,,,0,0,0,0,0,0,0,0,0,0,0,0,0,0,0,0,0,0,0,0,0,0,0,0,0,0,0,0,0,0,0,0,0,0,0,0,0,0,0,0,0,0,0,0,0,0,0,0,0,0,0,
3,8_4,10_58_29,3.8073,0,0,0,3.807313,,2.229,0.60724,-2.133,4.49322,4.550393,1.338134E-08,0.0000,0.0000,0.0000,0.0000,0.0000,0.0000,0,0,,,,,,,0,0,0,0,0,0,0,0,0,0,0,0,0,0,0,0,0,0,0,0,0,0,0,0,0,0,0,0,0,0,0,0,0,0,0,0,0,0,0,0,0,0,0,0,0,0,0,0,0,0,0,
3,8_4,10_58_29,3.8111,0,0,0,3.81105,,2.229,0.60724,-2.133,4.49322,4.550393,1.338134E-08,0.0000,0.0000,0.0000,0.0000,0.0000,0.0000,0,0,,,,,,,0,0,0,0,0,0,0,0,0,0,0,0,0,0,0,0,0,0,0,0,0,0,0,0,0,0,0,0,0,0,0,0,0,0,0,0,0,0,0,0,0,0,0,0,0,0,0,0,0,0,0,
3,8_4,10_58_29,3.8147,0,0,0,3.814725,,2.229,0.60724,-2.133,4.49322,4.550393,1.338134E-08,0.0000,0.0000,0.0000,0.0000,0.0000,0.0000,0,0,,,,,,,0,0,0,0,0,0,0,0,0,0,0,0,0,0,0,0,0,0,0,0,0,0,0,0,0,0,0,0,0,0,0,0,0,0,0,0,0,0,0,0,0,0,0,0,0,0,0,0,0,0,0,
3,8_4,10_58_29,3.8181,0,0,0,3.81806,,2.229,0.60724,-2.133,4.49322,4.550393,1.338134E-08,0.0000,0.0000,0.0000,0.0000,0.0000,0.0000,0,0,,,,,,,0,0,0,0,0,0,0,0,0,0,0,0,0,0,0,0,0,0,0,0,0,0,0,0,0,0,0,0,0,0,0,0,0,0,0,0,0,0,0,0,0,0,0,0,0,0,0,0,0,0,0,
3,8_4,10_58_30,3.8217,0,0,0,3.82174,,2.229,0.60724,-2.133,4.49322,4.550393,1.338134E-08,0.0000,0.0000,0.0000,0.0000,0.0000,0.0000,0,0,,,,,,,0,0,0,0,0,0,0,0,0,0,0,0,0,0,0,0,0,0,0,0,0,0,0,0,0,0,0,0,0,0,0,0,0,0,0,0,0,0,0,0,0,0,0,0,0,0,0,0,0,0,0,
3,8_4,10_58_30,3.8255,0,0,0,3.825519,,2.229,0.60724,-2.133,4.49322,4.550393,1.338134E-08,0.0000,0.0000,0.0000,0.0000,0.0000,0.0000,0,0,,,,,,,0,0,0,0,0,0,0,0,0,0,0,0,0,0,0,0,0,0,0,0,0,0,0,0,0,0,0,0,0,0,0,0,0,0,0,0,0,0,0,0,0,0,0,0,0,0,0,0,0,0,0,
3,8_4,10_58_30,3.8289,0,0,0,3.828883,,2.229,0.60724,-2.133,4.49322,4.550393,1.338134E-08,0.0000,0.0000,0.0000,0.0000,0.0000,0.0000,0,0,,,,,,,0,0,0,0,0,0,0,0,0,0,0,0,0,0,0,0,0,0,0,0,0,0,0,0,0,0,0,0,0,0,0,0,0,0,0,0,0,0,0,0,0,0,0,0,0,0,0,0,0,0,0,
3,8_4,10_58_30,3.8335,0,0,0,3.833515,,2.229,0.60724,-2.133,4.49322,4.550393,1.338134E-08,0.0000,0.0000,0.0000,0.0000,0.0000,0.0000,0,0,,,,,,,0,0,0,0,0,0,0,0,0,0,0,0,0,0,0,0,0,0,0,0,0,0,0,0,0,0,0,0,0,0,0,0,0,0,0,0,0,0,0,0,0,0,0,0,0,0,0,0,0,0,0,
3,8_4,10_58_30,3.8369,0,0,0,3.836863,,2.229,0.60724,-2.133,4.49322,4.550393,1.338134E-08,0.0000,0.0000,0.0000,0.0000,0.0000,0.0000,0,0,,,,,,,0,0,0,0,0,0,0,0,0,0,0,0,0,0,0,0,0,0,0,0,0,0,0,0,0,0,0,0,0,0,0,0,0,0,0,0,0,0,0,0,0,0,0,0,0,0,0,0,0,0,0,
3,8_4,10_58_30,3.8403,0,0,0,3.840271,,2.229,0.60724,-2.133,4.49322,4.550393,1.338134E-08,0.0000,0.0000,0.0000,0.0000,0.0000,0.0000,0,0,,,,,,,0,0,0,0,0,0,0,0,0,0,0,0,0,0,0,0,0,0,0,0,0,0,0,0,0,0,0,0,0,0,0,0,0,0,0,0,0,0,0,0,0,0,0,0,0,0,0,0,0,0,0,
3,8_4,10_58_30,3.8443,0,0,0,3.844343,,2.229,0.60724,-2.133,4.49322,4.550393,1.338134E-08,0.0000,0.0000,0.0000,0.0000,0.0000,0.0000,0,0,,,,,,,0,0,0,0,0,0,0,0,0,0,0,0,0,0,0,0,0,0,0,0,0,0,0,0,0,0,0,0,0,0,0,0,0,0,0,0,0,0,0,0,0,0,0,0,0,0,0,0,0,0,0,
3,8_4,10_58_30,3.8476,0,0,0,3.847642,,2.229,0.60724,-2.133,4.49322,4.550393,1.338134E-08,0.0000,0.0000,0.0000,0.0000,0.0000,0.0000,0,0,,,,,,,0,0,0,0,0,0,0,0,0,0,0,0,0,0,0,0,0,0,0,0,0,0,0,0,0,0,0,0,0,0,0,0,0,0,0,0,0,0,0,0,0,0,0,0,0,0,0,0,0,0,0,
3,8_4,10_58_30,3.8512,0,0,0,3.851195,,2.229,0.60724,-2.133,4.49322,4.550393,1.338134E-08,0.0000,0.0000,0.0000,0.0000,0.0000,0.0000,0,0,,,,,,,0,0,0,0,0,0,0,0,0,0,0,0,0,0,0,0,0,0,0,0,0,0,0,0,0,0,0,0,0,0,0,0,0,0,0,0,0,0,0,0,0,0,0,0,0,0,0,0,0,0,0,
3,8_4,10_58_30,3.8547,0,0,0,3.854681,,2.229,0.60724,-2.133,4.49322,4.550393,1.338134E-08,0.0000,0.0000,0.0000,0.0000,0.0000,0.0000,0,0,,,,,,,0,0,0,0,0,0,0,0,0,0,0,0,0,0,0,0,0,0,0,0,0,0,0,0,0,0,0,0,0,0,0,0,0,0,0,0,0,0,0,0,0,0,0,0,0,0,0,0,0,0,0,
3,8_4,10_58_30,3.8580,0,0,0,3.857983,,2.229,0.60724,-2.133,4.49322,4.550393,1.338134E-08,0.0000,0.0000,0.0000,0.0000,0.0000,0.0000,0,0,,,,,,,0,0,0,0,0,0,0,0,0,0,0,0,0,0,0,0,0,0,0,0,0,0,0,0,0,0,0,0,0,0,0,0,0,0,0,0,0,0,0,0,0,0,0,0,0,0,0,0,0,0,0,
3,8_4,10_58_30,3.8615,0,0,0,3.86148,,2.229,0.60724,-2.133,4.49322,4.550393,1.338134E-08,0.0000,0.0000,0.0000,0.0000,0.0000,0.0000,0,0,,,,,,,0,0,0,0,0,0,0,0,0,0,0,0,0,0,0,0,0,0,0,0,0,0,0,0,0,0,0,0,0,0,0,0,0,0,0,0,0,0,0,0,0,0,0,0,0,0,0,0,0,0,0,
3,8_4,10_58_30,3.8650,0,0,0,3.865007,,2.229,0.60724,-2.133,4.49322,4.550393,1.338134E-08,0.0000,0.0000,0.0000,0.0000,0.0000,0.0000,0,0,,,,,,,0,0,0,0,0,0,0,0,0,0,0,0,0,0,0,0,0,0,0,0,0,0,0,0,0,0,0,0,0,0,0,0,0,0,0,0,0,0,0,0,0,0,0,0,0,0,0,0,0,0,0,
3,8_4,10_58_30,3.8685,0,0,0,3.868483,,2.229,0.60724,-2.133,4.49322,4.550393,1.338134E-08,0.0000,0.0000,0.0000,0.0000,0.0000,0.0000,0,0,,,,,,,0,0,0,0,0,0,0,0,0,0,0,0,0,0,0,0,0,0,0,0,0,0,0,0,0,0,0,0,0,0,0,0,0,0,0,0,0,0,0,0,0,0,0,0,0,0,0,0,0,0,0,
3,8_4,10_58_30,3.8720,0,0,0,3.871971,,2.229,0.60724,-2.133,4.49322,4.550393,1.338134E-08,0.0000,0.0000,0.0000,0.0000,0.0000,0.0000,0,0,,,,,,,0,0,0,0,0,0,0,0,0,0,0,0,0,0,0,0,0,0,0,0,0,0,0,0,0,0,0,0,0,0,0,0,0,0,0,0,0,0,0,0,0,0,0,0,0,0,0,0,0,0,0,
3,8_4,10_58_30,3.8756,0,0,0,3.875578,,2.229,0.60724,-2.133,4.49322,4.550393,1.338134E-08,0.0000,0.0000,0.0000,0.0000,0.0000,0.0000,0,0,,,,,,,0,0,0,0,0,0,0,0,0,0,0,0,0,0,0,0,0,0,0,0,0,0,0,0,0,0,0,0,0,0,0,0,0,0,0,0,0,0,0,0,0,0,0,0,0,0,0,0,0,0,0,
3,8_4,10_58_30,3.8794,0,0,0,3.879385,,2.229,0.60724,-2.133,4.49322,4.550393,1.338134E-08,0.0000,0.0000,0.0000,0.0000,0.0000,0.0000,0,0,,,,,,,0,0,0,0,0,0,0,0,0,0,0,0,0,0,0,0,0,0,0,0,0,0,0,0,0,0,0,0,0,0,0,0,0,0,0,0,0,0,0,0,0,0,0,0,0,0,0,0,0,0,0,
3,8_4,10_58_30,3.8828,0,0,0,3.882811,,2.229,0.60724,-2.133,4.49322,4.550393,1.338134E-08,0.0000,0.0000,0.0000,0.0000,0.0000,0.0000,0,0,,,,,,,0,0,0,0,0,0,0,0,0,0,0,0,0,0,0,0,0,0,0,0,0,0,0,0,0,0,0,0,0,0,0,0,0,0,0,0,0,0,0,0,0,0,0,0,0,0,0,0,0,0,0,
3,8_4,10_58_30,3.8863,0,0,0,3.886331,,2.229,0.60724,-2.133,4.49322,4.550393,1.338134E-08,0.0000,0.0000,0.0000,0.0000,0.0000,0.0000,0,0,,,,,,,0,0,0,0,0,0,0,0,0,0,0,0,0,0,0,0,0,0,0,0,0,0,0,0,0,0,0,0,0,0,0,0,0,0,0,0,0,0,0,0,0,0,0,0,0,0,0,0,0,0,0,
3,8_4,10_58_30,3.8904,0,0,0,3.890383,,2.229,0.60724,-2.133,4.49322,4.550393,1.338134E-08,0.0000,0.0000,0.0000,0.0000,0.0000,0.0000,0,0,,,,,,,0,0,0,0,0,0,0,0,0,0,0,0,0,0,0,0,0,0,0,0,0,0,0,0,0,0,0,0,0,0,0,0,0,0,0,0,0,0,0,0,0,0,0,0,0,0,0,0,0,0,0,
3,8_4,10_58_30,3.8939,0,0,0,3.893929,,2.229,0.60724,-2.133,4.49322,4.550393,1.338134E-08,0.0000,0.0000,0.0000,0.0000,0.0000,0.0000,0,0,,,,,,,0,0,0,0,0,0,0,0,0,0,0,0,0,0,0,0,0,0,0,0,0,0,0,0,0,0,0,0,0,0,0,0,0,0,0,0,0,0,0,0,0,0,0,0,0,0,0,0,0,0,0,
3,8_4,10_58_30,3.8976,0,0,0,3.897641,,2.229,0.60724,-2.133,4.49322,4.550393,1.338134E-08,0.0000,0.0000,0.0000,0.0000,0.0000,0.0000,0,0,,,,,,,0,0,0,0,0,0,0,0,0,0,0,0,0,0,0,0,0,0,0,0,0,0,0,0,0,0,0,0,0,0,0,0,0,0,0,0,0,0,0,0,0,0,0,0,0,0,0,0,0,0,0,
3,8_4,10_58_30,3.9016,0,0,0,3.901645,,2.229,0.60724,-2.133,4.49322,4.550393,1.338134E-08,0.0000,0.0000,0.0000,0.0000,0.0000,0.0000,0,0,,,,,,,0,0,0,0,0,0,0,0,0,0,0,0,0,0,0,0,0,0,0,0,0,0,0,0,0,0,0,0,0,0,0,0,0,0,0,0,0,0,0,0,0,0,0,0,0,0,0,0,0,0,0,
3,8_4,10_58_30,3.9051,0,0,0,3.905084,,2.229,0.60724,-2.133,4.49322,4.550393,1.338134E-08,0.0000,0.0000,0.0000,0.0000,0.0000,0.0000,0,0,,,,,,,0,0,0,0,0,0,0,0,0,0,0,0,0,0,0,0,0,0,0,0,0,0,0,0,0,0,0,0,0,0,0,0,0,0,0,0,0,0,0,0,0,0,0,0,0,0,0,0,0,0,0,
3,8_4,10_58_30,3.9084,0,0,0,3.908401,,2.229,0.60724,-2.133,4.49322,4.550393,1.338134E-08,0.0000,0.0000,0.0000,0.0000,0.0000,0.0000,0,0,,,,,,,0,0,0,0,0,0,0,0,0,0,0,0,0,0,0,0,0,0,0,0,0,0,0,0,0,0,0,0,0,0,0,0,0,0,0,0,0,0,0,0,0,0,0,0,0,0,0,0,0,0,0,
3,8_4,10_58_30,3.9118,0,0,0,3.911787,,2.229,0.60724,-2.133,4.49322,4.550393,1.338134E-08,0.0000,0.0000,0.0000,0.0000,0.0000,0.0000,0,0,,,,,,,0,0,0,0,0,0,0,0,0,0,0,0,0,0,0,0,0,0,0,0,0,0,0,0,0,0,0,0,0,0,0,0,0,0,0,0,0,0,0,0,0,0,0,0,0,0,0,0,0,0,0,
3,8_4,10_58_30,3.9152,0,0,0,3.915177,,2.229,0.60724,-2.133,4.49322,4.550393,1.338134E-08,0.0000,0.0000,0.0000,0.0000,0.0000,0.0000,0,0,,,,,,,0,0,0,0,0,0,0,0,0,0,0,0,0,0,0,0,0,0,0,0,0,0,0,0,0,0,0,0,0,0,0,0,0,0,0,0,0,0,0,0,0,0,0,0,0,0,0,0,0,0,0,
3,8_4,10_58_30,3.9185,0,0,0,3.91851,,2.229,0.60724,-2.133,4.49322,4.550393,1.338134E-08,0.0000,0.0000,0.0000,0.0000,0.0000,0.0000,0,0,,,,,,,0,0,0,0,0,0,0,0,0,0,0,0,0,0,0,0,0,0,0,0,0,0,0,0,0,0,0,0,0,0,0,0,0,0,0,0,0,0,0,0,0,0,0,0,0,0,0,0,0,0,0,
3,8_4,10_58_30,3.9219,0,0,0,3.921916,,2.229,0.60724,-2.133,4.49322,4.550393,1.338134E-08,0.0000,0.0000,0.0000,0.0000,0.0000,0.0000,0,0,,,,,,,0,0,0,0,0,0,0,0,0,0,0,0,0,0,0,0,0,0,0,0,0,0,0,0,0,0,0,0,0,0,0,0,0,0,0,0,0,0,0,0,0,0,0,0,0,0,0,0,0,0,0,
3,8_4,10_58_30,3.9254,0,0,0,3.925395,,2.229,0.60724,-2.133,4.49322,4.550393,1.338134E-08,0.0000,0.0000,0.0000,0.0000,0.0000,0.0000,0,0,,,,,,,0,0,0,0,0,0,0,0,0,0,0,0,0,0,0,0,0,0,0,0,0,0,0,0,0,0,0,0,0,0,0,0,0,0,0,0,0,0,0,0,0,0,0,0,0,0,0,0,0,0,0,
3,8_4,10_58_30,3.9288,0,0,0,3.928769,,2.229,0.60724,-2.133,4.49322,4.550393,1.338134E-08,0.0000,0.0000,0.0000,0.0000,0.0000,0.0000,0,0,,,,,,,0,0,0,0,0,0,0,0,0,0,0,0,0,0,0,0,0,0,0,0,0,0,0,0,0,0,0,0,0,0,0,0,0,0,0,0,0,0,0,0,0,0,0,0,0,0,0,0,0,0,0,
3,8_4,10_58_30,3.9322,0,0,0,3.932224,,2.229,0.60724,-2.133,4.49322,4.550393,1.338134E-08,0.0000,0.0000,0.0000,0.0000,0.0000,0.0000,0,0,,,,,,,0,0,0,0,0,0,0,0,0,0,0,0,0,0,0,0,0,0,0,0,0,0,0,0,0,0,0,0,0,0,0,0,0,0,0,0,0,0,0,0,0,0,0,0,0,0,0,0,0,0,0,
3,8_4,10_58_30,3.9355,0,0,0,3.935532,,2.229,0.60724,-2.133,4.49322,4.550393,1.338134E-08,0.0000,0.0000,0.0000,0.0000,0.0000,0.0000,0,0,,,,,,,0,0,0,0,0,0,0,0,0,0,0,0,0,0,0,0,0,0,0,0,0,0,0,0,0,0,0,0,0,0,0,0,0,0,0,0,0,0,0,0,0,0,0,0,0,0,0,0,0,0,0,
3,8_4,10_58_30,3.9389,0,0,0,3.938928,,2.229,0.60724,-2.133,4.49322,4.550393,1.338134E-08,0.0000,0.0000,0.0000,0.0000,0.0000,0.0000,0,0,,,,,,,0,0,0,0,0,0,0,0,0,0,0,0,0,0,0,0,0,0,0,0,0,0,0,0,0,0,0,0,0,0,0,0,0,0,0,0,0,0,0,0,0,0,0,0,0,0,0,0,0,0,0,
3,8_4,10_58_30,3.9423,0,0,0,3.942315,,2.229,0.60724,-2.133,4.49322,4.550393,1.338134E-08,0.0000,0.0000,0.0000,0.0000,0.0000,0.0000,0,0,,,,,,,0,0,0,0,0,0,0,0,0,0,0,0,0,0,0,0,0,0,0,0,0,0,0,0,0,0,0,0,0,0,0,0,0,0,0,0,0,0,0,0,0,0,0,0,0,0,0,0,0,0,0,
3,8_4,10_58_30,3.9459,0,0,0,3.945925,,2.229,0.60724,-2.133,4.49322,4.550393,1.338134E-08,0.0000,0.0000,0.0000,0.0000,0.0000,0.0000,0,0,,,,,,,0,0,0,0,0,0,0,0,0,0,0,0,0,0,0,0,0,0,0,0,0,0,0,0,0,0,0,0,0,0,0,0,0,0,0,0,0,0,0,0,0,0,0,0,0,0,0,0,0,0,0,
3,8_4,10_58_30,3.9493,0,0,0,3.949349,,2.229,0.60724,-2.133,4.49322,4.550393,1.338134E-08,0.0000,0.0000,0.0000,0.0000,0.0000,0.0000,0,0,,,,,,,0,0,0,0,0,0,0,0,0,0,0,0,0,0,0,0,0,0,0,0,0,0,0,0,0,0,0,0,0,0,0,0,0,0,0,0,0,0,0,0,0,0,0,0,0,0,0,0,0,0,0,
3,8_4,10_58_30,3.9527,0,0,0,3.952701,,2.229,0.60724,-2.133,4.49322,4.550393,1.338134E-08,0.0000,0.0000,0.0000,0.0000,0.0000,0.0000,0,0,,,,,,,0,0,0,0,0,0,0,0,0,0,0,0,0,0,0,0,0,0,0,0,0,0,0,0,0,0,0,0,0,0,0,0,0,0,0,0,0,0,0,0,0,0,0,0,0,0,0,0,0,0,0,
3,8_4,10_58_30,3.9560,0,0,0,3.956016,,2.229,0.60724,-2.133,4.49322,4.550393,1.338134E-08,0.0000,0.0000,0.0000,0.0000,0.0000,0.0000,0,0,,,,,,,0,0,0,0,0,0,0,0,0,0,0,0,0,0,0,0,0,0,0,0,0,0,0,0,0,0,0,0,0,0,0,0,0,0,0,0,0,0,0,0,0,0,0,0,0,0,0,0,0,0,0,
3,8_4,10_58_30,3.9593,0,0,0,3.959336,,2.229,0.60724,-2.133,4.49322,4.550393,1.338134E-08,0.0000,0.0000,0.0000,0.0000,0.0000,0.0000,0,0,,,,,,,0,0,0,0,0,0,0,0,0,0,0,0,0,0,0,0,0,0,0,0,0,0,0,0,0,0,0,0,0,0,0,0,0,0,0,0,0,0,0,0,0,0,0,0,0,0,0,0,0,0,0,
3,8_4,10_58_30,3.9627,0,0,0,3.962722,,2.229,0.60724,-2.133,4.49322,4.550393,1.338134E-08,0.0000,0.0000,0.0000,0.0000,0.0000,0.0000,0,0,,,,,,,0,0,0,0,0,0,0,0,0,0,0,0,0,0,0,0,0,0,0,0,0,0,0,0,0,0,0,0,0,0,0,0,0,0,0,0,0,0,0,0,0,0,0,0,0,0,0,0,0,0,0,
3,8_4,10_58_30,3.9662,0,0,0,3.966168,,2.229,0.60724,-2.133,4.49322,4.550393,1.338134E-08,0.0000,0.0000,0.0000,0.0000,0.0000,0.0000,0,0,,,,,,,0,0,0,0,0,0,0,0,0,0,0,0,0,0,0,0,0,0,0,0,0,0,0,0,0,0,0,0,0,0,0,0,0,0,0,0,0,0,0,0,0,0,0,0,0,0,0,0,0,0,0,
3,8_4,10_58_30,3.9695,0,0,0,3.969476,,2.229,0.60724,-2.133,4.49322,4.550393,1.338134E-08,0.0000,0.0000,0.0000,0.0000,0.0000,0.0000,0,0,,,,,,,0,0,0,0,0,0,0,0,0,0,0,0,0,0,0,0,0,0,0,0,0,0,0,0,0,0,0,0,0,0,0,0,0,0,0,0,0,0,0,0,0,0,0,0,0,0,0,0,0,0,0,
3,8_4,10_58_30,3.9730,0,0,0,3.973045,,2.229,0.60724,-2.133,4.49322,4.550393,1.338134E-08,0.0000,0.0000,0.0000,0.0000,0.0000,0.0000,0,0,,,,,,,0,0,0,0,0,0,0,0,0,0,0,0,0,0,0,0,0,0,0,0,0,0,0,0,0,0,0,0,0,0,0,0,0,0,0,0,0,0,0,0,0,0,0,0,0,0,0,0,0,0,0,
3,8_4,10_58_30,3.9765,0,0,0,3.97654,,2.229,0.60724,-2.133,4.49322,4.550393,1.338134E-08,0.0000,0.0000,0.0000,0.0000,0.0000,0.0000,0,0,,,,,,,0,0,0,0,0,0,0,0,0,0,0,0,0,0,0,0,0,0,0,0,0,0,0,0,0,0,0,0,0,0,0,0,0,0,0,0,0,0,0,0,0,0,0,0,0,0,0,0,0,0,0,
3,8_4,10_58_30,3.9799,0,0,0,3.979949,,2.229,0.60724,-2.133,4.49322,4.550393,1.338134E-08,0.0000,0.0000,0.0000,0.0000,0.0000,0.0000,0,0,,,,,,,0,0,0,0,0,0,0,0,0,0,0,0,0,0,0,0,0,0,0,0,0,0,0,0,0,0,0,0,0,0,0,0,0,0,0,0,0,0,0,0,0,0,0,0,0,0,0,0,0,0,0,
3,8_4,10_58_30,3.9838,0,0,0,3.983792,,2.229,0.60724,-2.133,4.474006,4.550392,1.338099E-08,0.0000,0.0000,0.0000,0.0000,0.0000,0.0000,0,0,,,,,,,0,0,0,0,0,0,0,0,0,0,0,0,0,0,0,0,0,0,0,0,0,0,0,0,0,0,0,0,0,0,0,0,0,0,0,0,0,0,0,0,0,0,0,0,0,0,0,0,0,0,0,
3,8_4,10_58_30,3.9880,0,0,0,3.988013,,2.229,0.60724,-2.133,4.474005,4.529289,1.338099E-08,0.0000,0.0000,0.0000,0.0000,0.0000,0.0000,0,0,,,,,,,0,0,0,0,0,0,0,0,0,0,0,0,0,0,0,0,0,0,0,0,0,0,0,0,0,0,0,0,0,0,0,0,0,0,0,0,0,0,0,0,0,0,0,0,0,0,0,0,0,0,0,
3,8_4,10_58_30,3.9919,0,0,0,3.991918,,2.229,0.60724,-2.133,4.45448,4.490239,0,0.0000,0.0000,0.0000,0.0000,0.0000,0.0000,0,0,,,,,,,0,0,0,0,0,0,0,0,0,0,0,0,0,0,0,0,0,0,0,0,0,0,0,0,0,0,0,0,0,0,0,0,0,0,0,0,0,0,0,0,0,0,0,0,0,0,0,0,0,0,0,
3,8_4,10_58_30,3.9971,0,0,0,3.997073,,2.229,0.60724,-2.133,4.45448,4.412914,1.338063E-08,0.0000,0.0000,0.0000,0.0000,0.0000,0.0000,0,0,,,,,,,0,0,0,0,0,0,0,0,0,0,0,0,0,0,0,0,0,0,0,0,0,0,0,0,0,0,0,0,0,0,0,0,0,0,0,0,0,0,0,0,0,0,0,0,0,0,0,0,0,0,0,
3,8_4,10_58_30,4.0017,0,0,0,4.001653,,2.229,0.60724,-2.133,4.40868,4.344214,0,0.0000,0.0000,0.0000,0.0000,0.0000,0.0000,0,0,,,,,,,0,0,0,0,0,0,0,0,0,0,0,0,0,0,0,0,0,0,0,0,0,0,0,0,0,0,0,0,0,0,0,0,0,0,0,0,0,0,0,0,0,0,0,0,0,0,0,0,0,0,0,
3,8_4,10_58_30,4.0059,0,0,0,4.005944,,2.229,0.60724,-2.133,4.40868,4.279853,0,0.0000,0.0000,0.0000,0.0000,0.0000,0.0000,0,0,,,,,,,0,0,0,0,0,0,0,0,0,0,0,0,0,0,0,0,0,0,0,0,0,0,0,0,0,0,0,0,0,0,0,0,0,0,0,0,0,0,0,0,0,0,0,0,0,0,0,0,0,0,0,
3,8_4,10_58_30,4.0100,0,0,0,4.00999,,2.229,0.60724,-2.133,4.368217,4.138229,0,0.0000,0.0000,0.0000,0.0000,0.0000,0.0000,0,0,,,,,,,0,0,0,0,0,0,0,0,0,0,0,0,0,0,0,0,0,0,0,0,0,0,0,0,0,0,0,0,0,0,0,0,0,0,0,0,0,0,0,0,0,0,0,0,0,0,0,0,0,0,0,
3,8_4,10_58_30,4.0140,0,0,0,4.014049,,2.229,0.60724,-2.133,4.307333,3.996168,0,0.0000,0.0000,0.0000,0.0000,0.0000,0.0000,0,0,,,,,,,0,0,0,0,0,0,0,0,0,0,0,0,0,0,0,0,0,0,0,0,0,0,0,0,0,0,0,0,0,0,0,0,0,0,0,0,0,0,0,0,0,0,0,0,0,0,0,0,0,0,0,
3,8_4,10_58_30,4.0178,0,0,0,4.017824,,2.229,0.60724,-2.133,4.194098,3.78857,0,0.0000,0.0000,0.0000,0.0000,0.0000,0.0000,0,0,,,,,,,0,0,0,0,0,0,0,0,0,0,0,0,0,0,0,0,0,0,0,0,0,0,0,0,0,0,0,0,0,0,0,0,0,0,0,0,0,0,0,0,0,0,0,0,0,0,0,0,0,0,0,
3,8_4,10_58_30,4.0226,0,0,0,4.022561,,2.229,0.60724,-2.133,4.12304,3.528024,0,0.0000,0.0000,0.0000,0.0000,0.0000,0.0000,0,0,,,,,,,0,0,0,0,0,0,0,0,0,0,0,0,0,0,0,0,0,0,0,0,0,0,0,0,0,0,0,0,0,0,0,0,0,0,0,0,0,0,0,0,0,0,0,0,0,0,0,0,0,0,0,
3,8_4,10_58_30,4.0272,0,0,0,4.027156,,2.229,0.60724,-2.133,4.12304,3.367189,0,0.0000,0.0000,0.0000,0.0000,0.0000,0.0000,0,0,,,,,,,0,0,0,0,0,0,0,0,0,0,0,0,0,0,0,0,0,0,0,0,0,0,0,0,0,0,0,0,0,0,0,0,0,0,0,0,0,0,0,0,0,0,0,0,0,0,0,0,0,0,0,
3,8_4,10_58_30,4.0314,0,0,0,4.031379,,2.229,0.60724,-2.133,4.12304,3.198269,0,0.0000,0.0000,0.0000,0.0000,0.0000,0.0000,0,0,,,,,,,0,0,0,0,0,0,0,0,0,0,0,0,0,0,0,0,0,0,0,0,0,0,0,0,0,0,0,0,0,0,0,0,0,0,0,0,0,0,0,0,0,0,0,0,0,0,0,0,0,0,0,
3,8_4,10_58_30,4.0374,0,0,0,4.037382,,2.229,0.60724,-2.133,4.12304,2.868132,6.687415E-09,0.0000,0.0000,0.0000,0.0000,0.0000,0.0000,0,0,,,,,,,0,0,0,0,0,0,0,0,0,0,0,0,0,0,0,0,0,0,0,0,0,0,0,0,0,0,0,0,0,0,0,0,0,0,0,0,0,0,0,0,0,0,0,0,0,0,0,0,0,0,0,
3,8_4,10_58_30,4.0413,0,0,0,4.041309,,2.229,0.60724,-2.133,4.103403,2.75031,0,0.0000,0.0000,0.0000,0.0000,0.0000,0.0000,0,0,,,,,,,0,0,0,0,0,0,0,0,0,0,0,0,0,0,0,0,0,0,0,0,0,0,0,0,0,0,0,0,0,0,0,0,0,0,0,0,0,0,0,0,0,0,0,0,0,0,0,0,0,0,0,
3,8_4,10_58_30,4.0456,0,0,0,4.045645,,2.229,0.60724,-2.133,4.103403,2.598539,-6.687248E-09,0.0000,0.0000,0.0000,0.0000,0.0000,0.0000,0,0,,,,,,,0,0,0,0,0,0,0,0,0,0,0,0,0,0,0,0,0,0,0,0,0,0,0,0,0,0,0,0,0,0,0,0,0,0,0,0,0,0,0,0,0,0,0,0,0,0,0,0,0,0,0,
3,8_4,10_58_30,4.0502,0,0,0,4.050195,,2.229,0.60724,-2.133,4.103403,2.439289,0,0.0000,0.0000,0.0000,0.0000,0.0000,0.0000,0,0,,,,,,,0,0,0,0,0,0,0,0,0,0,0,0,0,0,0,0,0,0,0,0,0,0,0,0,0,0,0,0,0,0,0,0,0,0,0,0,0,0,0,0,0,0,0,0,0,0,0,0,0,0,0,
3,8_4,10_58_30,4.0545,0,0,0,4.054515,,2.229,0.60724,-2.133,4.103403,2.309704,6.687249E-09,0.0000,0.0000,0.0000,0.0000,0.0000,0.0000,0,0,,,,,,,0,0,0,0,0,0,0,0,0,0,0,0,0,0,0,0,0,0,0,0,0,0,0,0,0,0,0,0,0,0,0,0,0,0,0,0,0,0,0,0,0,0,0,0,0,0,0,0,0,0,0,
3,8_4,10_58_30,4.0588,0,0,0,4.058789,,2.229,0.60724,-2.133,4.103402,2.160093,0,0.0000,0.0000,0.0000,0.0000,0.0000,0.0000,0,0,,,,,,,0,0,0,0,0,0,0,0,0,0,0,0,0,0,0,0,0,0,0,0,0,0,0,0,0,0,0,0,0,0,0,0,0,0,0,0,0,0,0,0,0,0,0,0,0,0,0,0,0,0,0,
3,8_4,10_58_30,4.0628,0,0,0,4.062789,,2.229,0.60724,-2.133,4.083406,2.060106,0,0.0000,0.0000,0.0000,0.0000,0.0000,0.0000,0,0,,,,,,,0,0,0,0,0,0,0,0,0,0,0,0,0,0,0,0,0,0,0,0,0,0,0,0,0,0,0,0,0,0,0,0,0,0,0,0,0,0,0,0,0,0,0,0,0,0,0,0,0,0,0,
3,8_4,10_58_30,4.0664,0,0,0,4.066449,,2.229,0.60724,-2.133,4.083406,2.060106,0,0.0000,0.0000,0.0000,0.0000,0.0000,0.0000,0,0,,,,,,,0,0,0,0,0,0,0,0,0,0,0,0,0,0,0,0,0,0,0,0,0,0,0,0,0,0,0,0,0,0,0,0,0,0,0,0,0,0,0,0,0,0,0,0,0,0,0,0,0,0,0,
3,8_4,10_58_30,4.0703,0,0,0,4.070332,,2.229,0.60724,-2.133,4.02517,1.827168,6.6866E-09,0.0000,0.0000,0.0000,0.0000,0.0000,0.0000,0,0,,,,,,,0,0,0,0,0,0,0,0,0,0,0,0,0,0,0,0,0,0,0,0,0,0,0,0,0,0,0,0,0,0,0,0,0,0,0,0,0,0,0,0,0,0,0,0,0,0,0,0,0,0,0,
3,8_4,10_58_30,4.0738,0,0,0,4.073822,,2.229,0.60724,-2.133,4.02517,1.827168,6.6866E-09,0.0000,0.0000,0.0000,0.0000,0.0000,0.0000,0,0,,,,,,,0,0,0,0,0,0,0,0,0,0,0,0,0,0,0,0,0,0,0,0,0,0,0,0,0,0,0,0,0,0,0,0,0,0,0,0,0,0,0,0,0,0,0,0,0,0,0,0,0,0,0,
3,8_4,10_58_30,4.0780,0,0,0,4.077965,,2.229,0.60724,-2.133,3.94232,1.537193,0,0.0000,0.0000,0.0000,0.0000,0.0000,0.0000,0,0,,,,,,,0,0,0,0,0,0,0,0,0,0,0,0,0,0,0,0,0,0,0,0,0,0,0,0,0,0,0,0,0,0,0,0,0,0,0,0,0,0,0,0,0,0,0,0,0,0,0,0,0,0,0,
3,8_4,10_58_30,4.0818,0,0,0,4.08182,,2.229,0.60724,-2.133,3.903766,1.40225,3.342809E-09,0.0000,0.0000,0.0000,0.0000,0.0000,0.0000,0,0,,,,,,,0,0,0,0,0,0,0,0,0,0,0,0,0,0,0,0,0,0,0,0,0,0,0,0,0,0,0,0,0,0,0,0,0,0,0,0,0,0,0,0,0,0,0,0,0,0,0,0,0,0,0,
3,8_4,10_58_30,4.0861,0,0,0,4.086077,,2.229,0.60724,-2.133,3.882482,1.253269,-3.342725E-09,0.0000,0.0000,0.0000,0.0000,0.0000,0.0000,0,0,,,,,,,0,0,0,0,0,0,0,0,0,0,0,0,0,0,0,0,0,0,0,0,0,0,0,0,0,0,0,0,0,0,0,0,0,0,0,0,0,0,0,0,0,0,0,0,0,0,0,0,0,0,0,
3,8_4,10_58_30,4.0901,0,0,0,4.090056,,2.229,0.60724,-2.133,3.822804,1.114018,3.34249E-09,0.0000,0.0000,0.0000,0.0000,0.0000,0.0000,0,0,,,,,,,0,0,0,0,0,0,0,0,0,0,0,0,0,0,0,0,0,0,0,0,0,0,0,0,0,0,0,0,0,0,0,0,0,0,0,0,0,0,0,0,0,0,0,0,0,0,0,0,0,0,0,
3,8_4,10_58_30,4.0944,0,0,0,4.094423,,2.229,0.60724,-2.133,3.779129,0.9174806,0,0.0000,0.0000,0.0000,0.0000,0.0000,0.0000,0,0,,,,,,,0,0,0,0,0,0,0,0,0,0,0,0,0,0,0,0,0,0,0,0,0,0,0,0,0,0,0,0,0,0,0,0,0,0,0,0,0,0,0,0,0,0,0,0,0,0,0,0,0,0,0,
3,8_4,10_58_30,4.0988,0,0,0,4.098843,,2.229,0.60724,-2.133,3.757031,0.7848926,0,0.0000,0.0000,0.0000,0.0000,0.0000,0.0000,0,0,,,,,,,0,0,0,0,0,0,0,0,0,0,0,0,0,0,0,0,0,0,0,0,0,0,0,0,0,0,0,0,0,0,0,0,0,0,0,0,0,0,0,0,0,0,0,0,0,0,0,0,0,0,0,
3,8_4,10_58_30,4.1030,0,0,0,4.102962,,2.229,0.60724,-2.133,3.75703,0.6201406,0,0.0000,0.0000,0.0000,0.0000,0.0000,0.0000,0,0,,,,,,,0,0,0,0,0,0,0,0,0,0,0,0,0,0,0,0,0,0,0,0,0,0,0,0,0,0,0,0,0,0,0,0,0,0,0,0,0,0,0,0,0,0,0,0,0,0,0,0,0,0,0,
3,8_4,10_58_30,4.1071,0,0,0,4.107051,,2.229,0.60724,-2.133,3.75703,0.4974705,-1.671118E-09,0.0000,0.0000,0.0000,0.0000,0.0000,0.0000,0,0,,,,,,,0,0,0,0,0,0,0,0,0,0,0,0,0,0,0,0,0,0,0,0,0,0,0,0,0,0,0,0,0,0,0,0,0,0,0,0,0,0,0,0,0,0,0,0,0,0,0,0,0,0,0,
3,8_4,10_58_30,4.1111,0,0,0,4.111098,,2.229,0.60724,-2.133,3.757031,0.3760455,8.35559E-10,0.0000,0.0000,0.0000,0.0000,0.0000,0.0000,0,0,,,,,,,0,0,0,0,0,0,0,0,0,0,0,0,0,0,0,0,0,0,0,0,0,0,0,0,0,0,0,0,0,0,0,0,0,0,0,0,0,0,0,0,0,0,0,0,0,0,0,0,0,0,0,
3,8_4,10_58_30,4.1153,0,0,0,4.115272,,2.229,0.60724,-2.133,3.75703,0.2508316,0,0.0000,0.0000,0.0000,0.0000,0.0000,0.0000,0,0,,,,,,,0,0,0,0,0,0,0,0,0,0,0,0,0,0,0,0,0,0,0,0,0,0,0,0,0,0,0,0,0,0,0,0,0,0,0,0,0,0,0,0,0,0,0,0,0,0,0,0,0,0,0,
3,8_4,10_58_30,4.1196,0,0,0,4.119559,,2.229,0.60724,-2.133,3.799901,0.05791198,0,0.0000,0.0000,0.0000,0.0000,0.0000,0.0000,0,0,,,,,,,0,0,0,0,0,0,0,0,0,0,0,0,0,0,0,0,0,0,0,0,0,0,0,0,0,0,0,0,0,0,0,0,0,0,0,0,0,0,0,0,0,0,0,0,0,0,0,0,0,0,0,
3,8_4,10_58_30,4.1241,0,0,0,4.124125,,2.229,0.60724,-2.133,3.868383,359.8981,-2.089168E-10,0.0000,0.0000,0.0000,0.0000,0.0000,0.0000,0,0,,,,,,,0,0,0,0,0,0,0,0,0,0,0,0,0,0,0,0,0,0,0,0,0,0,0,0,0,0,0,0,0,0,0,0,0,0,0,0,0,0,0,0,0,0,0,0,0,0,0,0,0,0,0,
3,8_4,10_58_30,4.1281,0,0,0,4.128108,,2.229,0.60724,-2.133,3.908216,359.7587,0,0.0000,0.0000,0.0000,0.0000,0.0000,0.0000,0,0,,,,,,,0,0,0,0,0,0,0,0,0,0,0,0,0,0,0,0,0,0,0,0,0,0,0,0,0,0,0,0,0,0,0,0,0,0,0,0,0,0,0,0,0,0,0,0,0,0,0,0,0,0,0,
3,8_4,10_58_30,4.1322,0,0,0,4.132162,,2.229,0.60724,-2.133,3.948756,359.6168,-8.357474E-10,0.0000,0.0000,0.0000,0.0000,0.0000,0.0000,0,0,,,,,,,0,0,0,0,0,0,0,0,0,0,0,0,0,0,0,0,0,0,0,0,0,0,0,0,0,0,0,0,0,0,0,0,0,0,0,0,0,0,0,0,0,0,0,0,0,0,0,0,0,0,0,
3,8_4,10_58_30,4.1364,0,0,0,4.136425,,2.229,0.60724,-2.133,3.991381,359.4676,0,0.0000,0.0000,0.0000,0.0000,0.0000,0.0000,0,0,,,,,,,0,0,0,0,0,0,0,0,0,0,0,0,0,0,0,0,0,0,0,0,0,0,0,0,0,0,0,0,0,0,0,0,0,0,0,0,0,0,0,0,0,0,0,0,0,0,0,0,0,0,0,
3,8_4,10_58_30,4.1410,0,0,0,4.140998,,2.229,0.60724,-2.133,4.105729,359.2847,-3.343634E-09,0.0000,0.0000,0.0000,0.0000,0.0000,0.0000,0,0,,,,,,,0,0,0,0,0,0,0,0,0,0,0,0,0,0,0,0,0,0,0,0,0,0,0,0,0,0,0,0,0,0,0,0,0,0,0,0,0,0,0,0,0,0,0,0,0,0,0,0,0,0,0,
3,8_4,10_58_30,4.1451,0,0,0,4.145134,,2.229,0.60724,-2.133,4.147087,359.1813,0,0.0000,0.0000,0.0000,0.0000,0.0000,0.0000,0,0,,,,,,,0,0,0,0,0,0,0,0,0,0,0,0,0,0,0,0,0,0,0,0,0,0,0,0,0,0,0,0,0,0,0,0,0,0,0,0,0,0,0,0,0,0,0,0,0,0,0,0,0,0,0,
3,8_4,10_58_30,4.1492,0,0,0,4.149159,,2.229,0.60724,-2.133,4.187338,359.0605,3.34398E-09,0.0000,0.0000,0.0000,0.0000,0.0000,0.0000,0,0,,,,,,,0,0,0,0,0,0,0,0,0,0,0,0,0,0,0,0,0,0,0,0,0,0,0,0,0,0,0,0,0,0,0,0,0,0,0,0,0,0,0,0,0,0,0,0,0,0,0,0,0,0,0,
3,8_4,10_58_30,4.1536,0,0,0,4.153611,,2.229,0.60724,-2.133,4.276365,358.927,0,0.0000,0.0000,0.0000,0.0000,0.0000,0.0000,0,0,,,,,,,0,0,0,0,0,0,0,0,0,0,0,0,0,0,0,0,0,0,0,0,0,0,0,0,0,0,0,0,0,0,0,0,0,0,0,0,0,0,0,0,0,0,0,0,0,0,0,0,0,0,0,
3,8_4,10_58_30,4.1580,0,0,0,4.158019,,2.229,0.60724,-2.133,4.320447,358.8388,0,0.0000,0.0000,0.0000,0.0000,0.0000,0.0000,0,0,,,,,,,0,0,0,0,0,0,0,0,0,0,0,0,0,0,0,0,0,0,0,0,0,0,0,0,0,0,0,0,0,0,0,0,0,0,0,0,0,0,0,0,0,0,0,0,0,0,0,0,0,0,0,
3,8_4,10_58_30,4.1620,0,0,0,4.16202,,2.229,0.60724,-2.133,4.360461,358.7788,-3.344734E-09,0.0000,0.0000,0.0000,0.0000,0.0000,0.0000,0,0,,,,,,,0,0,0,0,0,0,0,0,0,0,0,0,0,0,0,0,0,0,0,0,0,0,0,0,0,0,0,0,0,0,0,0,0,0,0,0,0,0,0,0,0,0,0,0,0,0,0,0,0,0,0,
3,8_4,10_58_30,4.1661,0,0,0,4.166132,,2.229,0.60724,-2.133,4.40158,358.6966,3.344919E-09,0.0000,0.0000,0.0000,0.0000,0.0000,0.0000,0,0,,,,,,,0,0,0,0,0,0,0,0,0,0,0,0,0,0,0,0,0,0,0,0,0,0,0,0,0,0,0,0,0,0,0,0,0,0,0,0,0,0,0,0,0,0,0,0,0,0,0,0,0,0,0,
3,8_4,10_58_30,4.1701,0,0,0,4.170122,,2.229,0.60724,-2.133,4.46142,358.6168,0,0.0000,0.0000,0.0000,0.0000,0.0000,0.0000,0,0,,,,,,,0,0,0,0,0,0,0,0,0,0,0,0,0,0,0,0,0,0,0,0,0,0,0,0,0,0,0,0,0,0,0,0,0,0,0,0,0,0,0,0,0,0,0,0,0,0,0,0,0,0,0,
3,8_4,10_58_30,4.1742,0,0,0,4.174173,,2.229,0.60724,-2.133,4.522193,358.556,0,0.0000,0.0000,0.0000,0.0000,0.0000,0.0000,0,0,,,,,,,0,0,0,0,0,0,0,0,0,0,0,0,0,0,0,0,0,0,0,0,0,0,0,0,0,0,0,0,0,0,0,0,0,0,0,0,0,0,0,0,0,0,0,0,0,0,0,0,0,0,0,
3,8_4,10_58_30,4.1778,0,0,0,4.17777,,2.229,0.60724,-2.133,4.540178,358.538,0,0.0000,0.0000,0.0000,0.0000,0.0000,0.0000,0,0,,,,,,,0,0,0,0,0,0,0,0,0,0,0,0,0,0,0,0,0,0,0,0,0,0,0,0,0,0,0,0,0,0,0,0,0,0,0,0,0,0,0,0,0,0,0,0,0,0,0,0,0,0,0,
3,8_4,10_58_30,4.1817,0,0,0,4.181668,,2.229,0.60724,-2.133,4.579157,358.4796,-6.691466E-09,0.0000,0.0000,0.0000,0.0000,0.0000,0.0000,0,0,,,,,,,0,0,0,0,0,0,0,0,0,0,0,0,0,0,0,0,0,0,0,0,0,0,0,0,0,0,0,0,0,0,0,0,0,0,0,0,0,0,0,0,0,0,0,0,0,0,0,0,0,0,0,
3,8_4,10_58_30,4.1861,0,0,0,4.186112,,2.229,0.60724,-2.133,4.645822,358.4351,6.692094E-09,0.0000,0.0000,0.0000,0.0000,0.0000,0.0000,0,0,,,,,,,0,0,0,0,0,0,0,0,0,0,0,0,0,0,0,0,0,0,0,0,0,0,0,0,0,0,0,0,0,0,0,0,0,0,0,0,0,0,0,0,0,0,0,0,0,0,0,0,0,0,0,
3,8_4,10_58_30,4.1901,0,0,0,4.190072,,2.229,0.60724,-2.133,4.665617,358.3955,-6.692282E-09,0.0000,0.0000,0.0000,0.0000,0.0000,0.0000,0,0,,,,,,,0,0,0,0,0,0,0,0,0,0,0,0,0,0,0,0,0,0,0,0,0,0,0,0,0,0,0,0,0,0,0,0,0,0,0,0,0,0,0,0,0,0,0,0,0,0,0,0,0,0,0,
3,8_4,10_58_30,4.1939,0,0,0,4.193895,,2.229,0.60724,-2.133,4.703854,358.3573,-6.692648E-09,0.0000,0.0000,0.0000,0.0000,0.0000,0.0000,0,0,,,,,,,0,0,0,0,0,0,0,0,0,0,0,0,0,0,0,0,0,0,0,0,0,0,0,0,0,0,0,0,0,0,0,0,0,0,0,0,0,0,0,0,0,0,0,0,0,0,0,0,0,0,0,
3,8_4,10_58_30,4.1979,0,0,0,4.197906,,2.229,0.60724,-2.133,4.74396,358.3372,0,0.0000,0.0000,0.0000,0.0000,0.0000,0.0000,0,0,,,,,,,0,0,0,0,0,0,0,0,0,0,0,0,0,0,0,0,0,0,0,0,0,0,0,0,0,0,0,0,0,0,0,0,0,0,0,0,0,0,0,0,0,0,0,0,0,0,0,0,0,0,0,
3,8_4,10_58_30,4.2021,0,0,0,4.202093,,2.229,0.60724,-2.133,4.785828,358.2953,6.693443E-09,0.0000,0.0000,0.0000,0.0000,0.0000,0.0000,0,0,,,,,,,0,0,0,0,0,0,0,0,0,0,0,0,0,0,0,0,0,0,0,0,0,0,0,0,0,0,0,0,0,0,0,0,0,0,0,0,0,0,0,0,0,0,0,0,0,0,0,0,0,0,0,
3,8_4,10_58_30,4.2061,0,0,0,4.206058,,2.229,0.60724,-2.133,4.845302,358.2755,-6.694028E-09,0.0000,0.0000,0.0000,0.0000,0.0000,0.0000,0,0,,,,,,,0,0,0,0,0,0,0,0,0,0,0,0,0,0,0,0,0,0,0,0,0,0,0,0,0,0,0,0,0,0,0,0,0,0,0,0,0,0,0,0,0,0,0,0,0,0,0,0,0,0,0,
3,8_4,10_58_30,4.2102,0,0,0,4.210236,,2.229,0.60724,-2.133,4.88709,358.2546,0,0.0000,0.0000,0.0000,0.0000,0.0000,0.0000,0,0,,,,,,,0,0,0,0,0,0,0,0,0,0,0,0,0,0,0,0,0,0,0,0,0,0,0,0,0,0,0,0,0,0,0,0,0,0,0,0,0,0,0,0,0,0,0,0,0,0,0,0,0,0,0,
3,8_4,10_58_30,4.2143,0,0,0,4.214306,,2.229,0.60724,-2.133,4.907437,358.2343,0,0.0000,0.0000,0.0000,0.0000,0.0000,0.0000,0,0,,,,,,,0,0,0,0,0,0,0,0,0,0,0,0,0,0,0,0,0,0,0,0,0,0,0,0,0,0,0,0,0,0,0,0,0,0,0,0,0,0,0,0,0,0,0,0,0,0,0,0,0,0,0,
3,8_4,10_58_30,4.2187,0,0,0,4.218682,,2.229,0.60724,-2.133,4.973076,358.1905,-6.69531E-09,0.0000,0.0000,0.0000,0.0000,0.0000,0.0000,0,0,,,,,,,0,0,0,0,0,0,0,0,0,0,0,0,0,0,0,0,0,0,0,0,0,0,0,0,0,0,0,0,0,0,0,0,0,0,0,0,0,0,0,0,0,0,0,0,0,0,0,0,0,0,0,
3,8_4,10_58_30,4.2226,0,0,0,4.222593,,2.229,0.60724,-2.133,5.031751,358.1905,-1.339182E-08,0.0000,0.0000,0.0000,0.0000,0.0000,0.0000,0,0,,,,,,,0,0,0,0,0,0,0,0,0,0,0,0,0,0,0,0,0,0,0,0,0,0,0,0,0,0,0,0,0,0,0,0,0,0,0,0,0,0,0,0,0,0,0,0,0,0,0,0,0,0,0,
3,8_4,10_58_30,4.2268,0,0,0,4.226759,,2.229,0.60724,-2.133,5.073414,358.1697,-6.696341E-09,0.0000,0.0000,0.0000,0.0000,0.0000,0.0000,0,0,,,,,,,0,0,0,0,0,0,0,0,0,0,0,0,0,0,0,0,0,0,0,0,0,0,0,0,0,0,0,0,0,0,0,0,0,0,0,0,0,0,0,0,0,0,0,0,0,0,0,0,0,0,0,
3,8_4,10_58_30,4.2307,0,0,0,4.230684,,2.229,0.60724,-2.133,5.093035,358.1697,0,0.0000,0.0000,0.0000,0.0000,0.0000,0.0000,0,0,,,,,,,0,0,0,0,0,0,0,0,0,0,0,0,0,0,0,0,0,0,0,0,0,0,0,0,0,0,0,0,0,0,0,0,0,0,0,0,0,0,0,0,0,0,0,0,0,0,0,0,0,0,0,
3,8_4,10_58_30,4.2350,0,0,0,4.235039,,2.229,0.60724,-2.133,5.158361,358.1262,-6.69723E-09,0.0000,0.0000,0.0000,0.0000,0.0000,0.0000,0,0,,,,,,,0,0,0,0,0,0,0,0,0,0,0,0,0,0,0,0,0,0,0,0,0,0,0,0,0,0,0,0,0,0,0,0,0,0,0,0,0,0,0,0,0,0,0,0,0,0,0,0,0,0,0,
3,8_4,10_58_30,4.2409,0,0,0,4.240933,,2.229,0.60724,-2.133,5.276243,358.1262,-6.698489E-09,0.0000,0.0000,0.0000,0.0000,0.0000,0.0000,0,0,,,,,,,0,0,0,0,0,0,0,0,0,0,0,0,0,0,0,0,0,0,0,0,0,0,0,0,0,0,0,0,0,0,0,0,0,0,0,0,0,0,0,0,0,0,0,0,0,0,0,0,0,0,0,
3,8_4,10_58_30,4.2449,0,0,0,4.244878,,2.229,0.60724,-2.133,5.315693,358.1262,6.698916E-09,0.0000,0.0000,0.0000,0.0000,0.0000,0.0000,0,0,,,,,,,0,0,0,0,0,0,0,0,0,0,0,0,0,0,0,0,0,0,0,0,0,0,0,0,0,0,0,0,0,0,0,0,0,0,0,0,0,0,0,0,0,0,0,0,0,0,0,0,0,0,0,
3,8_4,10_58_30,4.2489,0,0,0,4.248903,,2.229,0.60724,-2.133,5.355946,358.1262,0,0.0000,0.0000,0.0000,0.0000,0.0000,0.0000,0,0,,,,,,,0,0,0,0,0,0,0,0,0,0,0,0,0,0,0,0,0,0,0,0,0,0,0,0,0,0,0,0,0,0,0,0,0,0,0,0,0,0,0,0,0,0,0,0,0,0,0,0,0,0,0,
3,8_4,10_58_30,4.2532,0,0,0,4.253172,,2.229,0.60724,-2.133,5.377291,358.1262,-6.69959E-09,0.0000,0.0000,0.0000,0.0000,0.0000,0.0000,0,0,,,,,,,0,0,0,0,0,0,0,0,0,0,0,0,0,0,0,0,0,0,0,0,0,0,0,0,0,0,0,0,0,0,0,0,0,0,0,0,0,0,0,0,0,0,0,0,0,0,0,0,0,0,0,
3,8_4,10_58_30,4.2571,0,0,0,4.257066,,2.229,0.60724,-2.133,5.416226,358.1262,6.70002E-09,0.0000,0.0000,0.0000,0.0000,0.0000,0.0000,0,0,,,,,,,0,0,0,0,0,0,0,0,0,0,0,0,0,0,0,0,0,0,0,0,0,0,0,0,0,0,0,0,0,0,0,0,0,0,0,0,0,0,0,0,0,0,0,0,0,0,0,0,0,0,0,
3,8_4,10_58_30,4.2611,0,0,0,4.261065,,2.229,0.60724,-2.133,5.476207,358.1262,-6.700689E-09,0.0000,0.0000,0.0000,0.0000,0.0000,0.0000,0,0,,,,,,,0,0,0,0,0,0,0,0,0,0,0,0,0,0,0,0,0,0,0,0,0,0,0,0,0,0,0,0,0,0,0,0,0,0,0,0,0,0,0,0,0,0,0,0,0,0,0,0,0,0,0,
3,8_4,10_58_30,4.2646,0,0,0,4.26462,,2.229,0.60724,-2.133,5.493985,358.1262,6.700889E-09,0.0000,0.0000,0.0000,0.0000,0.0000,0.0000,0,0,,,,,,,0,0,0,0,0,0,0,0,0,0,0,0,0,0,0,0,0,0,0,0,0,0,0,0,0,0,0,0,0,0,0,0,0,0,0,0,0,0,0,0,0,0,0,0,0,0,0,0,0,0,0,
3,8_4,10_58_30,4.2686,0,0,0,4.268589,,2.229,0.60724,-2.133,5.533671,358.1262,0,0.0000,0.0000,0.0000,0.0000,0.0000,0.0000,0,0,,,,,,,0,0,0,0,0,0,0,0,0,0,0,0,0,0,0,0,0,0,0,0,0,0,0,0,0,0,0,0,0,0,0,0,0,0,0,0,0,0,0,0,0,0,0,0,0,0,0,0,0,0,0,
3,8_4,10_58_30,4.2733,0,0,0,4.273332,,2.229,0.60724,-2.133,5.557387,358.1262,6.701606E-09,0.0000,0.0000,0.0000,0.0000,0.0000,0.0000,0,0,,,,,,,0,0,0,0,0,0,0,0,0,0,0,0,0,0,0,0,0,0,0,0,0,0,0,0,0,0,0,0,0,0,0,0,0,0,0,0,0,0,0,0,0,0,0,0,0,0,0,0,0,0,0,
3,8_4,10_58_30,4.2777,0,0,0,4.277723,,2.229,0.60724,-2.133,5.601298,358.1262,6.702108E-09,0.0000,0.0000,0.0000,0.0000,0.0000,0.0000,0,0,,,,,,,0,0,0,0,0,0,0,0,0,0,0,0,0,0,0,0,0,0,0,0,0,0,0,0,0,0,0,0,0,0,0,0,0,0,0,0,0,0,0,0,0,0,0,0,0,0,0,0,0,0,0,
3,8_4,10_58_30,4.2822,0,0,0,4.282215,,2.229,0.60724,-2.133,5.646219,358.1262,6.702625E-09,0.0000,0.0000,0.0000,0.0000,0.0000,0.0000,0,0,,,,,,,0,0,0,0,0,0,0,0,0,0,0,0,0,0,0,0,0,0,0,0,0,0,0,0,0,0,0,0,0,0,0,0,0,0,0,0,0,0,0,0,0,0,0,0,0,0,0,0,0,0,0,
3,8_4,10_58_30,4.2873,0,0,0,4.287308,,2.229,0.60724,-2.133,5.697147,358.1516,0,0.0000,0.0000,0.0000,0.0000,0.0000,0.0000,0,0,,,,,,,0,0,0,0,0,0,0,0,0,0,0,0,0,0,0,0,0,0,0,0,0,0,0,0,0,0,0,0,0,0,0,0,0,0,0,0,0,0,0,0,0,0,0,0,0,0,0,0,0,0,0,
3,8_4,10_58_30,4.2917,0,0,0,4.291702,,2.229,0.60724,-2.133,5.719119,358.1736,6.703474E-09,0.0000,0.0000,0.0000,0.0000,0.0000,0.0000,0,0,,,,,,,0,0,0,0,0,0,0,0,0,0,0,0,0,0,0,0,0,0,0,0,0,0,0,0,0,0,0,0,0,0,0,0,0,0,0,0,0,0,0,0,0,0,0,0,0,0,0,0,0,0,0,
3,8_4,10_58_30,4.2962,0,0,0,4.296212,,2.229,0.60724,-2.133,5.741667,358.1961,0,0.0000,0.0000,0.0000,0.0000,0.0000,0.0000,0,0,,,,,,,0,0,0,0,0,0,0,0,0,0,0,0,0,0,0,0,0,0,0,0,0,0,0,0,0,0,0,0,0,0,0,0,0,0,0,0,0,0,0,0,0,0,0,0,0,0,0,0,0,0,0,
3,8_4,10_58_30,4.3001,0,0,0,4.300062,,2.229,0.60724,-2.133,5.780169,358.1961,0,0.0000,0.0000,0.0000,0.0000,0.0000,0.0000,0,0,,,,,,,0,0,0,0,0,0,0,0,0,0,0,0,0,0,0,0,0,0,0,0,0,0,0,0,0,0,0,0,0,0,0,0,0,0,0,0,0,0,0,0,0,0,0,0,0,0,0,0,0,0,0,
3,8_4,10_58_30,4.3036,0,0,0,4.303591,,2.229,0.60724,-2.133,5.797815,358.2138,0,0.0000,0.0000,0.0000,0.0000,0.0000,0.0000,0,0,,,,,,,0,0,0,0,0,0,0,0,0,0,0,0,0,0,0,0,0,0,0,0,0,0,0,0,0,0,0,0,0,0,0,0,0,0,0,0,0,0,0,0,0,0,0,0,0,0,0,0,0,0,0,
3,8_4,10_58_30,4.3074,0,0,0,4.307424,,2.229,0.60724,-2.133,5.836136,358.2329,0,0.0000,0.0000,0.0000,0.0000,0.0000,0.0000,0,0,,,,,,,0,0,0,0,0,0,0,0,0,0,0,0,0,0,0,0,0,0,0,0,0,0,0,0,0,0,0,0,0,0,0,0,0,0,0,0,0,0,0,0,0,0,0,0,0,0,0,0,0,0,0,
3,8_4,10_58_30,4.3108,0,0,0,4.310835,,2.229,0.60724,-2.133,5.853195,358.2329,6.705063E-09,0.0000,0.0000,0.0000,0.0000,0.0000,0.0000,0,0,,,,,,,0,0,0,0,0,0,0,0,0,0,0,0,0,0,0,0,0,0,0,0,0,0,0,0,0,0,0,0,0,0,0,0,0,0,0,0,0,0,0,0,0,0,0,0,0,0,0,0,0,0,0,
3,8_4,10_58_30,4.3150,0,0,0,4.314993,,2.229,0.60724,-2.133,5.873985,358.2745,-6.705313E-09,0.0000,0.0000,0.0000,0.0000,0.0000,0.0000,0,0,,,,,,,0,0,0,0,0,0,0,0,0,0,0,0,0,0,0,0,0,0,0,0,0,0,0,0,0,0,0,0,0,0,0,0,0,0,0,0,0,0,0,0,0,0,0,0,0,0,0,0,0,0,0,
3,8_4,10_58_30,4.3192,0,0,0,4.319236,,2.229,0.60724,-2.133,5.916414,358.2745,0,0.0000,0.0000,0.0000,0.0000,0.0000,0.0000,0,0,,,,,,,0,0,0,0,0,0,0,0,0,0,0,0,0,0,0,0,0,0,0,0,0,0,0,0,0,0,0,0,0,0,0,0,0,0,0,0,0,0,0,0,0,0,0,0,0,0,0,0,0,0,0,
3,8_4,10_58_30,4.3237,0,0,0,4.323749,,2.229,0.60724,-2.133,5.938978,358.2971,-6.7061E-09,0.0000,0.0000,0.0000,0.0000,0.0000,0.0000,0,0,,,,,,,0,0,0,0,0,0,0,0,0,0,0,0,0,0,0,0,0,0,0,0,0,0,0,0,0,0,0,0,0,0,0,0,0,0,0,0,0,0,0,0,0,0,0,0,0,0,0,0,0,0,0,
3,8_4,10_58_30,4.3273,0,0,0,4.327309,,2.229,0.60724,-2.133,5.938977,358.3149,-6.7061E-09,0.0000,0.0000,0.0000,0.0000,0.0000,0.0000,0,0,,,,,,,0,0,0,0,0,0,0,0,0,0,0,0,0,0,0,0,0,0,0,0,0,0,0,0,0,0,0,0,0,0,0,0,0,0,0,0,0,0,0,0,0,0,0,0,0,0,0,0,0,0,0,
3,8_4,10_58_30,4.3310,0,0,0,4.33103,,2.229,0.60724,-2.133,5.95758,358.3149,-6.706327E-09,0.0000,0.0000,0.0000,0.0000,0.0000,0.0000,0,0,,,,,,,0,0,0,0,0,0,0,0,0,0,0,0,0,0,0,0,0,0,0,0,0,0,0,0,0,0,0,0,0,0,0,0,0,0,0,0,0,0,0,0,0,0,0,0,0,0,0,0,0,0,0,
3,8_4,10_58_30,4.3350,0,0,0,4.335011,,2.229,0.60724,-2.133,5.977483,358.3348,0,0.0000,0.0000,0.0000,0.0000,0.0000,0.0000,0,0,,,,,,,0,0,0,0,0,0,0,0,0,0,0,0,0,0,0,0,0,0,0,0,0,0,0,0,0,0,0,0,0,0,0,0,0,0,0,0,0,0,0,0,0,0,0,0,0,0,0,0,0,0,0,
3,8_4,10_58_30,4.3384,0,0,0,4.338402,,2.229,0.60724,-2.133,5.977483,358.3348,0,0.0000,0.0000,0.0000,0.0000,0.0000,0.0000,0,0,,,,,,,0,0,0,0,0,0,0,0,0,0,0,0,0,0,0,0,0,0,0,0,0,0,0,0,0,0,0,0,0,0,0,0,0,0,0,0,0,0,0,0,0,0,0,0,0,0,0,0,0,0,0,
3,8_4,10_58_30,4.3418,0,0,0,4.34179,,2.229,0.60724,-2.133,5.977484,358.3517,6.70657E-09,0.0000,0.0000,0.0000,0.0000,0.0000,0.0000,0,0,,,,,,,0,0,0,0,0,0,0,0,0,0,0,0,0,0,0,0,0,0,0,0,0,0,0,0,0,0,0,0,0,0,0,0,0,0,0,0,0,0,0,0,0,0,0,0,0,0,0,0,0,0,0,
3,8_4,10_58_30,4.3453,0,0,0,4.345312,,2.229,0.60724,-2.133,5.995095,358.3517,-6.706787E-09,0.0000,0.0000,0.0000,0.0000,0.0000,0.0000,0,0,,,,,,,0,0,0,0,0,0,0,0,0,0,0,0,0,0,0,0,0,0,0,0,0,0,0,0,0,0,0,0,0,0,0,0,0,0,0,0,0,0,0,0,0,0,0,0,0,0,0,0,0,0,0,
3,8_4,10_58_30,4.3496,0,0,0,4.349584,,2.229,0.60724,-2.133,6.037815,358.3517,0,0.0000,0.0000,0.0000,0.0000,0.0000,0.0000,0,0,,,,,,,0,0,0,0,0,0,0,0,0,0,0,0,0,0,0,0,0,0,0,0,0,0,0,0,0,0,0,0,0,0,0,0,0,0,0,0,0,0,0,0,0,0,0,0,0,0,0,0,0,0,0,
3,8_4,10_58_30,4.3534,0,0,0,4.353425,,2.229,0.60724,-2.133,6.037815,358.3517,0,0.0000,0.0000,0.0000,0.0000,0.0000,0.0000,0,0,,,,,,,0,0,0,0,0,0,0,0,0,0,0,0,0,0,0,0,0,0,0,0,0,0,0,0,0,0,0,0,0,0,0,0,0,0,0,0,0,0,0,0,0,0,0,0,0,0,0,0,0,0,0,
3,8_4,10_58_30,4.3574,0,0,0,4.357421,,2.229,0.60724,-2.133,6.057797,358.3517,6.707563E-09,0.0000,0.0000,0.0000,0.0000,0.0000,0.0000,0,0,,,,,,,0,0,0,0,0,0,0,0,0,0,0,0,0,0,0,0,0,0,0,0,0,0,0,0,0,0,0,0,0,0,0,0,0,0,0,0,0,0,0,0,0,0,0,0,0,0,0,0,0,0,0,
3,8_4,10_58_30,4.3614,0,0,0,4.361386,,2.229,0.60724,-2.133,6.057798,358.3716,-6.707562E-09,0.0000,0.0000,0.0000,0.0000,0.0000,0.0000,0,0,,,,,,,0,0,0,0,0,0,0,0,0,0,0,0,0,0,0,0,0,0,0,0,0,0,0,0,0,0,0,0,0,0,0,0,0,0,0,0,0,0,0,0,0,0,0,0,0,0,0,0,0,0,0,
3,8_4,10_58_30,4.3649,0,0,0,4.364891,,2.229,0.60724,-2.133,6.075323,358.3716,-6.707781E-09,0.0000,0.0000,0.0000,0.0000,0.0000,0.0000,0,0,,,,,,,0,0,0,0,0,0,0,0,0,0,0,0,0,0,0,0,0,0,0,0,0,0,0,0,0,0,0,0,0,0,0,0,0,0,0,0,0,0,0,0,0,0,0,0,0,0,0,0,0,0,0,
3,8_4,10_58_30,4.3687,0,0,0,4.368688,,2.229,0.60724,-2.133,6.094312,358.3716,-6.708016E-09,0.0000,0.0000,0.0000,0.0000,0.0000,0.0000,0,0,,,,,,,0,0,0,0,0,0,0,0,0,0,0,0,0,0,0,0,0,0,0,0,0,0,0,0,0,0,0,0,0,0,0,0,0,0,0,0,0,0,0,0,0,0,0,0,0,0,0,0,0,0,0,
3,8_4,10_58_30,4.3722,0,0,0,4.372222,,2.229,0.60724,-2.133,6.094312,358.3892,-6.708017E-09,0.0000,0.0000,0.0000,0.0000,0.0000,0.0000,0,0,,,,,,,0,0,0,0,0,0,0,0,0,0,0,0,0,0,0,0,0,0,0,0,0,0,0,0,0,0,0,0,0,0,0,0,0,0,0,0,0,0,0,0,0,0,0,0,0,0,0,0,0,0,0,
3,8_4,10_58_30,4.3764,0,0,0,4.376402,,2.229,0.60724,-2.133,6.115214,358.3892,-6.708279E-09,0.0000,0.0000,0.0000,0.0000,0.0000,0.0000,0,0,,,,,,,0,0,0,0,0,0,0,0,0,0,0,0,0,0,0,0,0,0,0,0,0,0,0,0,0,0,0,0,0,0,0,0,0,0,0,0,0,0,0,0,0,0,0,0,0,0,0,0,0,0,0,
3,8_4,10_58_30,4.3806,0,0,0,4.380627,,2.229,0.60724,-2.133,6.115214,358.4315,6.708278E-09,0.0000,0.0000,0.0000,0.0000,0.0000,0.0000,0,0,,,,,,,0,0,0,0,0,0,0,0,0,0,0,0,0,0,0,0,0,0,0,0,0,0,0,0,0,0,0,0,0,0,0,0,0,0,0,0,0,0,0,0,0,0,0,0,0,0,0,0,0,0,0,
3,8_4,10_58_30,4.3843,0,0,0,4.384278,,2.229,0.60724,-2.133,6.115214,358.4315,6.708278E-09,0.0000,0.0000,0.0000,0.0000,0.0000,0.0000,0,0,,,,,,,0,0,0,0,0,0,0,0,0,0,0,0,0,0,0,0,0,0,0,0,0,0,0,0,0,0,0,0,0,0,0,0,0,0,0,0,0,0,0,0,0,0,0,0,0,0,0,0,0,0,0,
3,8_4,10_58_30,4.3877,0,0,0,4.387659,,2.229,0.60724,-2.133,6.132118,358.4315,-6.708491E-09,0.0000,0.0000,0.0000,0.0000,0.0000,0.0000,0,0,,,,,,,0,0,0,0,0,0,0,0,0,0,0,0,0,0,0,0,0,0,0,0,0,0,0,0,0,0,0,0,0,0,0,0,0,0,0,0,0,0,0,0,0,0,0,0,0,0,0,0,0,0,0,
3,8_4,10_58_30,4.3911,0,0,0,4.391083,,2.229,0.60724,-2.133,6.132118,358.4486,6.708491E-09,0.0000,0.0000,0.0000,0.0000,0.0000,0.0000,0,0,,,,,,,0,0,0,0,0,0,0,0,0,0,0,0,0,0,0,0,0,0,0,0,0,0,0,0,0,0,0,0,0,0,0,0,0,0,0,0,0,0,0,0,0,0,0,0,0,0,0,0,0,0,0,
3,8_4,10_58_30,4.3945,0,0,0,4.394457,,2.229,0.60724,-2.133,6.132118,358.4486,6.708491E-09,0.0000,0.0000,0.0000,0.0000,0.0000,0.0000,0,0,,,,,,,0,0,0,0,0,0,0,0,0,0,0,0,0,0,0,0,0,0,0,0,0,0,0,0,0,0,0,0,0,0,0,0,0,0,0,0,0,0,0,0,0,0,0,0,0,0,0,0,0,0,0,
3,8_4,10_58_30,4.3983,0,0,0,4.398264,,2.229,0.60724,-2.133,6.132117,358.4676,0,0.0000,0.0000,0.0000,0.0000,0.0000,0.0000,0,0,,,,,,,0,0,0,0,0,0,0,0,0,0,0,0,0,0,0,0,0,0,0,0,0,0,0,0,0,0,0,0,0,0,0,0,0,0,0,0,0,0,0,0,0,0,0,0,0,0,0,0,0,0,0,
3,8_4,10_58_30,4.4016,0,0,0,4.401649,,2.229,0.60724,-2.133,6.132117,358.4846,0,0.0000,0.0000,0.0000,0.0000,0.0000,0.0000,0,0,,,,,,,0,0,0,0,0,0,0,0,0,0,0,0,0,0,0,0,0,0,0,0,0,0,0,0,0,0,0,0,0,0,0,0,0,0,0,0,0,0,0,0,0,0,0,0,0,0,0,0,0,0,0,
3,8_4,10_58_30,4.4057,0,0,0,4.405745,,2.229,0.60724,-2.133,6.152592,358.4846,6.708749E-09,0.0000,0.0000,0.0000,0.0000,0.0000,0.0000,0,0,,,,,,,0,0,0,0,0,0,0,0,0,0,0,0,0,0,0,0,0,0,0,0,0,0,0,0,0,0,0,0,0,0,0,0,0,0,0,0,0,0,0,0,0,0,0,0,0,0,0,0,0,0,0,
3,8_4,10_58_30,4.4099,0,0,0,4.409852,,2.229,0.60724,-2.133,6.152592,358.5051,0,0.0000,0.0000,0.0000,0.0000,0.0000,0.0000,0,0,,,,,,,0,0,0,0,0,0,0,0,0,0,0,0,0,0,0,0,0,0,0,0,0,0,0,0,0,0,0,0,0,0,0,0,0,0,0,0,0,0,0,0,0,0,0,0,0,0,0,0,0,0,0,
3,8_4,10_58_30,4.4136,0,0,0,4.413574,,2.229,0.60724,-2.133,6.152592,358.5237,-6.708748E-09,0.0000,0.0000,0.0000,0.0000,0.0000,0.0000,0,0,,,,,,,0,0,0,0,0,0,0,0,0,0,0,0,0,0,0,0,0,0,0,0,0,0,0,0,0,0,0,0,0,0,0,0,0,0,0,0,0,0,0,0,0,0,0,0,0,0,0,0,0,0,0,
3,8_4,10_58_30,4.4178,0,0,0,4.417826,,2.229,0.60724,-2.133,6.152591,358.545,0,0.0000,0.0000,0.0000,0.0000,0.0000,0.0000,0,0,,,,,,,0,0,0,0,0,0,0,0,0,0,0,0,0,0,0,0,0,0,0,0,0,0,0,0,0,0,0,0,0,0,0,0,0,0,0,0,0,0,0,0,0,0,0,0,0,0,0,0,0,0,0,
3,8_4,10_58_30,4.4220,0,0,0,4.421994,,2.229,0.60724,-2.133,6.152591,358.5658,0,0.0000,0.0000,0.0000,0.0000,0.0000,0.0000,0,0,,,,,,,0,0,0,0,0,0,0,0,0,0,0,0,0,0,0,0,0,0,0,0,0,0,0,0,0,0,0,0,0,0,0,0,0,0,0,0,0,0,0,0,0,0,0,0,0,0,0,0,0,0,0,
3,8_4,10_58_30,4.4258,0,0,0,4.425785,,2.229,0.60724,-2.133,6.171546,358.5847,0,0.0000,0.0000,0.0000,0.0000,0.0000,0.0000,0,0,,,,,,,0,0,0,0,0,0,0,0,0,0,0,0,0,0,0,0,0,0,0,0,0,0,0,0,0,0,0,0,0,0,0,0,0,0,0,0,0,0,0,0,0,0,0,0,0,0,0,0,0,0,0,
3,8_4,10_58_30,4.4294,0,0,0,4.429379,,2.229,0.60724,-2.133,6.171546,358.5847,0,0.0000,0.0000,0.0000,0.0000,0.0000,0.0000,0,0,,,,,,,0,0,0,0,0,0,0,0,0,0,0,0,0,0,0,0,0,0,0,0,0,0,0,0,0,0,0,0,0,0,0,0,0,0,0,0,0,0,0,0,0,0,0,0,0,0,0,0,0,0,0,
3,8_4,10_58_30,4.4335,0,0,0,4.433482,,2.229,0.60724,-2.133,6.171546,358.6053,6.708988E-09,0.0000,0.0000,0.0000,0.0000,0.0000,0.0000,0,0,,,,,,,0,0,0,0,0,0,0,0,0,0,0,0,0,0,0,0,0,0,0,0,0,0,0,0,0,0,0,0,0,0,0,0,0,0,0,0,0,0,0,0,0,0,0,0,0,0,0,0,0,0,0,
3,8_4,10_58_30,4.4370,0,0,0,4.437016,,2.229,0.60724,-2.133,6.171546,358.6053,6.708988E-09,0.0000,0.0000,0.0000,0.0000,0.0000,0.0000,0,0,,,,,,,0,0,0,0,0,0,0,0,0,0,0,0,0,0,0,0,0,0,0,0,0,0,0,0,0,0,0,0,0,0,0,0,0,0,0,0,0,0,0,0,0,0,0,0,0,0,0,0,0,0,0,
3,8_4,10_58_30,4.4416,0,0,0,4.441611,,2.229,0.60724,-2.133,6.171546,358.6282,6.708988E-09,0.0000,0.0000,0.0000,0.0000,0.0000,0.0000,0,0,,,,,,,0,0,0,0,0,0,0,0,0,0,0,0,0,0,0,0,0,0,0,0,0,0,0,0,0,0,0,0,0,0,0,0,0,0,0,0,0,0,0,0,0,0,0,0,0,0,0,0,0,0,0,
3,8_4,10_58_30,4.4452,0,0,0,4.44523,,2.229,0.60724,-2.133,6.171546,358.6282,6.708988E-09,0.0000,0.0000,0.0000,0.0000,0.0000,0.0000,0,0,,,,,,,0,0,0,0,0,0,0,0,0,0,0,0,0,0,0,0,0,0,0,0,0,0,0,0,0,0,0,0,0,0,0,0,0,0,0,0,0,0,0,0,0,0,0,0,0,0,0,0,0,0,0,
3,8_4,10_58_30,4.4487,0,0,0,4.448684,,2.229,0.60724,-2.133,6.171546,358.6282,6.708988E-09,0.0000,0.0000,0.0000,0.0000,0.0000,0.0000,0,0,,,,,,,0,0,0,0,0,0,0,0,0,0,0,0,0,0,0,0,0,0,0,0,0,0,0,0,0,0,0,0,0,0,0,0,0,0,0,0,0,0,0,0,0,0,0,0,0,0,0,0,0,0,0,
3,8_4,10_58_30,4.4521,0,0,0,4.452055,,2.229,0.60724,-2.133,6.171546,358.6282,6.708988E-09,0.0000,0.0000,0.0000,0.0000,0.0000,0.0000,0,0,,,,,,,0,0,0,0,0,0,0,0,0,0,0,0,0,0,0,0,0,0,0,0,0,0,0,0,0,0,0,0,0,0,0,0,0,0,0,0,0,0,0,0,0,0,0,0,0,0,0,0,0,0,0,
3,8_4,10_58_30,4.4556,0,0,0,4.455584,,2.229,0.60724,-2.133,6.171546,358.6282,6.708988E-09,0.0000,0.0000,0.0000,0.0000,0.0000,0.0000,0,0,,,,,,,0,0,0,0,0,0,0,0,0,0,0,0,0,0,0,0,0,0,0,0,0,0,0,0,0,0,0,0,0,0,0,0,0,0,0,0,0,0,0,0,0,0,0,0,0,0,0,0,0,0,0,
3,8_4,10_58_30,4.4589,0,0,0,4.458924,,2.229,0.60724,-2.133,6.171546,358.6282,6.708988E-09,0.0000,0.0000,0.0000,0.0000,0.0000,0.0000,0,0,,,,,,,0,0,0,0,0,0,0,0,0,0,0,0,0,0,0,0,0,0,0,0,0,0,0,0,0,0,0,0,0,0,0,0,0,0,0,0,0,0,0,0,0,0,0,0,0,0,0,0,0,0,0,
3,8_4,10_58_30,4.4623,0,0,0,4.462313,,2.229,0.60724,-2.133,6.171546,358.6282,6.708988E-09,0.0000,0.0000,0.0000,0.0000,0.0000,0.0000,0,0,,,,,,,0,0,0,0,0,0,0,0,0,0,0,0,0,0,0,0,0,0,0,0,0,0,0,0,0,0,0,0,0,0,0,0,0,0,0,0,0,0,0,0,0,0,0,0,0,0,0,0,0,0,0,
3,8_4,10_58_30,4.4657,0,0,0,4.465734,,2.229,0.60724,-2.133,6.171546,358.6282,6.708988E-09,0.0000,0.0000,0.0000,0.0000,0.0000,0.0000,0,0,,,,,,,0,0,0,0,0,0,0,0,0,0,0,0,0,0,0,0,0,0,0,0,0,0,0,0,0,0,0,0,0,0,0,0,0,0,0,0,0,0,0,0,0,0,0,0,0,0,0,0,0,0,0,
3,8_4,10_58_30,4.4691,0,0,0,4.469123,,2.229,0.60724,-2.133,6.171546,358.6282,6.708988E-09,0.0000,0.0000,0.0000,0.0000,0.0000,0.0000,0,0,,,,,,,0,0,0,0,0,0,0,0,0,0,0,0,0,0,0,0,0,0,0,0,0,0,0,0,0,0,0,0,0,0,0,0,0,0,0,0,0,0,0,0,0,0,0,0,0,0,0,0,0,0,0,
3,8_4,10_58_30,4.4725,0,0,0,4.472499,,2.229,0.60724,-2.133,6.171546,358.6282,6.708988E-09,0.0000,0.0000,0.0000,0.0000,0.0000,0.0000,0,0,,,,,,,0,0,0,0,0,0,0,0,0,0,0,0,0,0,0,0,0,0,0,0,0,0,0,0,0,0,0,0,0,0,0,0,0,0,0,0,0,0,0,0,0,0,0,0,0,0,0,0,0,0,0,
3,8_4,10_58_30,4.4761,0,0,0,4.47614,,2.229,0.60724,-2.133,6.171546,358.6282,6.708988E-09,0.0000,0.0000,0.0000,0.0000,0.0000,0.0000,0,0,,,,,,,0,0,0,0,0,0,0,0,0,0,0,0,0,0,0,0,0,0,0,0,0,0,0,0,0,0,0,0,0,0,0,0,0,0,0,0,0,0,0,0,0,0,0,0,0,0,0,0,0,0,0,
3,8_4,10_58_30,4.4795,0,0,0,4.479527,,2.229,0.60724,-2.133,6.171546,358.6282,6.708988E-09,0.0000,0.0000,0.0000,0.0000,0.0000,0.0000,0,0,,,,,,,0,0,0,0,0,0,0,0,0,0,0,0,0,0,0,0,0,0,0,0,0,0,0,0,0,0,0,0,0,0,0,0,0,0,0,0,0,0,0,0,0,0,0,0,0,0,0,0,0,0,0,
3,8_4,10_58_30,4.4829,0,0,0,4.482901,,2.229,0.60724,-2.133,6.171546,358.6282,6.708988E-09,0.0000,0.0000,0.0000,0.0000,0.0000,0.0000,0,0,,,,,,,0,0,0,0,0,0,0,0,0,0,0,0,0,0,0,0,0,0,0,0,0,0,0,0,0,0,0,0,0,0,0,0,0,0,0,0,0,0,0,0,0,0,0,0,0,0,0,0,0,0,0,
3,8_4,10_58_30,4.4867,0,0,0,4.486667,,2.229,0.60724,-2.133,6.171546,358.6282,6.708988E-09,0.0000,0.0000,0.0000,0.0000,0.0000,0.0000,0,0,,,,,,,0,0,0,0,0,0,0,0,0,0,0,0,0,0,0,0,0,0,0,0,0,0,0,0,0,0,0,0,0,0,0,0,0,0,0,0,0,0,0,0,0,0,0,0,0,0,0,0,0,0,0,
3,8_4,10_58_30,4.4902,0,0,0,4.490229,,2.229,0.60724,-2.133,6.171546,358.6282,6.708988E-09,0.0000,0.0000,0.0000,0.0000,0.0000,0.0000,0,0,,,,,,,0,0,0,0,0,0,0,0,0,0,0,0,0,0,0,0,0,0,0,0,0,0,0,0,0,0,0,0,0,0,0,0,0,0,0,0,0,0,0,0,0,0,0,0,0,0,0,0,0,0,0,
3,8_4,10_58_30,4.4939,0,0,0,4.493909,,2.229,0.60724,-2.133,6.171546,358.6282,6.708988E-09,0.0000,0.0000,0.0000,0.0000,0.0000,0.0000,0,0,,,,,,,0,0,0,0,0,0,0,0,0,0,0,0,0,0,0,0,0,0,0,0,0,0,0,0,0,0,0,0,0,0,0,0,0,0,0,0,0,0,0,0,0,0,0,0,0,0,0,0,0,0,0,
3,8_4,10_58_30,4.4974,0,0,0,4.497439,,2.229,0.60724,-2.133,6.171546,358.6282,6.708988E-09,0.0000,0.0000,0.0000,0.0000,0.0000,0.0000,0,0,,,,,,,0,0,0,0,0,0,0,0,0,0,0,0,0,0,0,0,0,0,0,0,0,0,0,0,0,0,0,0,0,0,0,0,0,0,0,0,0,0,0,0,0,0,0,0,0,0,0,0,0,0,0,
3,8_4,10_58_30,4.5012,0,0,0,4.501153,,2.229,0.60724,-2.133,6.171546,358.6282,6.708988E-09,0.0000,0.0000,0.0000,0.0000,0.0000,0.0000,0,0,,,,,,,0,0,0,0,0,0,0,0,0,0,0,0,0,0,0,0,0,0,0,0,0,0,0,0,0,0,0,0,0,0,0,0,0,0,0,0,0,0,0,0,0,0,0,0,0,0,0,0,0,0,0,
3,8_4,10_58_30,4.5047,0,0,0,4.5047,,2.229,0.60724,-2.133,6.171546,358.6282,6.708988E-09,0.0000,0.0000,0.0000,0.0000,0.0000,0.0000,0,0,,,,,,,0,0,0,0,0,0,0,0,0,0,0,0,0,0,0,0,0,0,0,0,0,0,0,0,0,0,0,0,0,0,0,0,0,0,0,0,0,0,0,0,0,0,0,0,0,0,0,0,0,0,0,
3,8_4,10_58_30,4.5083,0,0,0,4.508328,,2.229,0.60724,-2.133,6.171546,358.6282,6.708988E-09,0.0000,0.0000,0.0000,0.0000,0.0000,0.0000,0,0,,,,,,,0,0,0,0,0,0,0,0,0,0,0,0,0,0,0,0,0,0,0,0,0,0,0,0,0,0,0,0,0,0,0,0,0,0,0,0,0,0,0,0,0,0,0,0,0,0,0,0,0,0,0,
3,8_4,10_58_30,4.5121,0,0,0,4.51208,,2.229,0.60724,-2.133,6.171546,358.6282,6.708988E-09,0.0000,0.0000,0.0000,0.0000,0.0000,0.0000,0,0,,,,,,,0,0,0,0,0,0,0,0,0,0,0,0,0,0,0,0,0,0,0,0,0,0,0,0,0,0,0,0,0,0,0,0,0,0,0,0,0,0,0,0,0,0,0,0,0,0,0,0,0,0,0,
3,8_4,10_58_30,4.5155,0,0,0,4.515507,,2.229,0.60724,-2.133,6.171546,358.6282,6.708988E-09,0.0000,0.0000,0.0000,0.0000,0.0000,0.0000,0,0,,,,,,,0,0,0,0,0,0,0,0,0,0,0,0,0,0,0,0,0,0,0,0,0,0,0,0,0,0,0,0,0,0,0,0,0,0,0,0,0,0,0,0,0,0,0,0,0,0,0,0,0,0,0,
3,8_4,10_58_30,4.5192,0,0,0,4.519151,,2.229,0.60724,-2.133,6.171546,358.6282,6.708988E-09,0.0000,0.0000,0.0000,0.0000,0.0000,0.0000,0,0,,,,,,,0,0,0,0,0,0,0,0,0,0,0,0,0,0,0,0,0,0,0,0,0,0,0,0,0,0,0,0,0,0,0,0,0,0,0,0,0,0,0,0,0,0,0,0,0,0,0,0,0,0,0,
3,8_4,10_58_30,4.5227,0,0,0,4.52274,,2.229,0.60724,-2.133,6.171546,358.6282,6.708988E-09,0.0000,0.0000,0.0000,0.0000,0.0000,0.0000,0,0,,,,,,,0,0,0,0,0,0,0,0,0,0,0,0,0,0,0,0,0,0,0,0,0,0,0,0,0,0,0,0,0,0,0,0,0,0,0,0,0,0,0,0,0,0,0,0,0,0,0,0,0,0,0,
3,8_4,10_58_30,4.5265,0,0,0,4.526522,,2.229,0.60724,-2.133,6.171546,358.6282,6.708988E-09,0.0000,0.0000,0.0000,0.0000,0.0000,0.0000,0,0,,,,,,,0,0,0,0,0,0,0,0,0,0,0,0,0,0,0,0,0,0,0,0,0,0,0,0,0,0,0,0,0,0,0,0,0,0,0,0,0,0,0,0,0,0,0,0,0,0,0,0,0,0,0,
3,8_4,10_58_30,4.5303,0,0,0,4.530256,,2.229,0.60724,-2.133,6.171546,358.6282,6.708988E-09,0.0000,0.0000,0.0000,0.0000,0.0000,0.0000,0,0,,,,,,,0,0,0,0,0,0,0,0,0,0,0,0,0,0,0,0,0,0,0,0,0,0,0,0,0,0,0,0,0,0,0,0,0,0,0,0,0,0,0,0,0,0,0,0,0,0,0,0,0,0,0,
3,8_4,10_58_30,4.5342,0,0,0,4.534152,,2.229,0.60724,-2.133,6.171546,358.6282,6.708988E-09,0.0000,0.0000,0.0000,0.0000,0.0000,0.0000,0,0,,,,,,,0,0,0,0,0,0,0,0,0,0,0,0,0,0,0,0,0,0,0,0,0,0,0,0,0,0,0,0,0,0,0,0,0,0,0,0,0,0,0,0,0,0,0,0,0,0,0,0,0,0,0,
3,8_4,10_58_30,4.5377,0,0,0,4.53772,,2.229,0.60724,-2.133,6.171546,358.6282,6.708988E-09,0.0000,0.0000,0.0000,0.0000,0.0000,0.0000,0,0,,,,,,,0,0,0,0,0,0,0,0,0,0,0,0,0,0,0,0,0,0,0,0,0,0,0,0,0,0,0,0,0,0,0,0,0,0,0,0,0,0,0,0,0,0,0,0,0,0,0,0,0,0,0,
3,8_4,10_58_30,4.5413,0,0,0,4.541291,,2.229,0.60724,-2.133,6.171546,358.6282,6.708988E-09,0.0000,0.0000,0.0000,0.0000,0.0000,0.0000,0,0,,,,,,,0,0,0,0,0,0,0,0,0,0,0,0,0,0,0,0,0,0,0,0,0,0,0,0,0,0,0,0,0,0,0,0,0,0,0,0,0,0,0,0,0,0,0,0,0,0,0,0,0,0,0,
3,8_4,10_58_30,4.5449,0,0,0,4.544859,,2.229,0.60724,-2.133,6.171546,358.6282,6.708988E-09,0.0000,0.0000,0.0000,0.0000,0.0000,0.0000,0,0,,,,,,,0,0,0,0,0,0,0,0,0,0,0,0,0,0,0,0,0,0,0,0,0,0,0,0,0,0,0,0,0,0,0,0,0,0,0,0,0,0,0,0,0,0,0,0,0,0,0,0,0,0,0,
3,8_4,10_58_30,4.5483,0,0,0,4.548347,,2.229,0.60724,-2.133,6.171546,358.6282,6.708988E-09,0.0000,0.0000,0.0000,0.0000,0.0000,0.0000,0,0,,,,,,,0,0,0,0,0,0,0,0,0,0,0,0,0,0,0,0,0,0,0,0,0,0,0,0,0,0,0,0,0,0,0,0,0,0,0,0,0,0,0,0,0,0,0,0,0,0,0,0,0,0,0,
3,8_4,10_58_30,4.5520,0,0,0,4.552002,,2.229,0.60724,-2.133,6.171546,358.6282,6.708988E-09,0.0000,0.0000,0.0000,0.0000,0.0000,0.0000,0,0,,,,,,,0,0,0,0,0,0,0,0,0,0,0,0,0,0,0,0,0,0,0,0,0,0,0,0,0,0,0,0,0,0,0,0,0,0,0,0,0,0,0,0,0,0,0,0,0,0,0,0,0,0,0,
3,8_4,10_58_30,4.5554,0,0,0,4.555366,,2.229,0.60724,-2.133,6.171546,358.6282,6.708988E-09,0.0000,0.0000,0.0000,0.0000,0.0000,0.0000,0,0,,,,,,,0,0,0,0,0,0,0,0,0,0,0,0,0,0,0,0,0,0,0,0,0,0,0,0,0,0,0,0,0,0,0,0,0,0,0,0,0,0,0,0,0,0,0,0,0,0,0,0,0,0,0,
3,8_4,10_58_30,4.5587,0,0,0,4.558658,,2.229,0.60724,-2.133,6.171546,358.6282,6.708988E-09,0.0000,0.0000,0.0000,0.0000,0.0000,0.0000,0,0,,,,,,,0,0,0,0,0,0,0,0,0,0,0,0,0,0,0,0,0,0,0,0,0,0,0,0,0,0,0,0,0,0,0,0,0,0,0,0,0,0,0,0,0,0,0,0,0,0,0,0,0,0,0,
3,8_4,10_58_30,4.5620,0,0,0,4.562039,,2.229,0.60724,-2.133,6.171546,358.6282,6.708988E-09,0.0000,0.0000,0.0000,0.0000,0.0000,0.0000,0,0,,,,,,,0,0,0,0,0,0,0,0,0,0,0,0,0,0,0,0,0,0,0,0,0,0,0,0,0,0,0,0,0,0,0,0,0,0,0,0,0,0,0,0,0,0,0,0,0,0,0,0,0,0,0,
3,8_4,10_58_30,4.5656,0,0,0,4.56561,,2.229,0.60724,-2.133,6.171546,358.6282,6.708988E-09,0.0000,0.0000,0.0000,0.0000,0.0000,0.0000,0,0,,,,,,,0,0,0,0,0,0,0,0,0,0,0,0,0,0,0,0,0,0,0,0,0,0,0,0,0,0,0,0,0,0,0,0,0,0,0,0,0,0,0,0,0,0,0,0,0,0,0,0,0,0,0,
3,8_4,10_58_30,4.5690,0,0,0,4.568982,,2.229,0.60724,-2.133,6.171546,358.6282,6.708988E-09,0.0000,0.0000,0.0000,0.0000,0.0000,0.0000,0,0,,,,,,,0,0,0,0,0,0,0,0,0,0,0,0,0,0,0,0,0,0,0,0,0,0,0,0,0,0,0,0,0,0,0,0,0,0,0,0,0,0,0,0,0,0,0,0,0,0,0,0,0,0,0,
3,8_4,10_58_30,4.5726,0,0,0,4.572588,,2.229,0.60724,-2.133,6.171546,358.6282,6.708988E-09,0.0000,0.0000,0.0000,0.0000,0.0000,0.0000,0,0,,,,,,,0,0,0,0,0,0,0,0,0,0,0,0,0,0,0,0,0,0,0,0,0,0,0,0,0,0,0,0,0,0,0,0,0,0,0,0,0,0,0,0,0,0,0,0,0,0,0,0,0,0,0,
3,8_4,10_58_30,4.5766,0,0,0,4.5766,,2.229,0.60724,-2.133,6.171546,358.6282,6.708988E-09,0.0000,0.0000,0.0000,0.0000,0.0000,0.0000,0,0,,,,,,,0,0,0,0,0,0,0,0,0,0,0,0,0,0,0,0,0,0,0,0,0,0,0,0,0,0,0,0,0,0,0,0,0,0,0,0,0,0,0,0,0,0,0,0,0,0,0,0,0,0,0,
3,8_4,10_58_30,4.5804,0,0,0,4.580424,,2.229,0.60724,-2.133,6.171546,358.6282,6.708988E-09,0.0000,0.0000,0.0000,0.0000,0.0000,0.0000,0,0,,,,,,,0,0,0,0,0,0,0,0,0,0,0,0,0,0,0,0,0,0,0,0,0,0,0,0,0,0,0,0,0,0,0,0,0,0,0,0,0,0,0,0,0,0,0,0,0,0,0,0,0,0,0,
3,8_4,10_58_30,4.5840,0,0,0,4.584019,,2.229,0.60724,-2.133,6.171546,358.6282,6.708988E-09,0.0000,0.0000,0.0000,0.0000,0.0000,0.0000,0,0,,,,,,,0,0,0,0,0,0,0,0,0,0,0,0,0,0,0,0,0,0,0,0,0,0,0,0,0,0,0,0,0,0,0,0,0,0,0,0,0,0,0,0,0,0,0,0,0,0,0,0,0,0,0,
3,8_4,10_58_30,4.5878,0,0,0,4.587789,,2.229,0.60724,-2.133,6.171546,358.6282,6.708988E-09,0.0000,0.0000,0.0000,0.0000,0.0000,0.0000,0,0,,,,,,,0,0,0,0,0,0,0,0,0,0,0,0,0,0,0,0,0,0,0,0,0,0,0,0,0,0,0,0,0,0,0,0,0,0,0,0,0,0,0,0,0,0,0,0,0,0,0,0,0,0,0,
3,8_4,10_58_30,4.5911,0,0,0,4.591096,,2.229,0.60724,-2.133,6.171546,358.6282,6.708988E-09,0.0000,0.0000,0.0000,0.0000,0.0000,0.0000,0,0,,,,,,,0,0,0,0,0,0,0,0,0,0,0,0,0,0,0,0,0,0,0,0,0,0,0,0,0,0,0,0,0,0,0,0,0,0,0,0,0,0,0,0,0,0,0,0,0,0,0,0,0,0,0,
3,8_4,10_58_30,4.5945,0,0,0,4.59454,,2.229,0.60724,-2.133,6.171546,358.6282,6.708988E-09,0.0000,0.0000,0.0000,0.0000,0.0000,0.0000,0,0,,,,,,,0,0,0,0,0,0,0,0,0,0,0,0,0,0,0,0,0,0,0,0,0,0,0,0,0,0,0,0,0,0,0,0,0,0,0,0,0,0,0,0,0,0,0,0,0,0,0,0,0,0,0,
3,8_4,10_58_30,4.5980,0,0,0,4.598039,,2.229,0.60724,-2.133,6.171546,358.6282,6.708988E-09,0.0000,0.0000,0.0000,0.0000,0.0000,0.0000,0,0,,,,,,,0,0,0,0,0,0,0,0,0,0,0,0,0,0,0,0,0,0,0,0,0,0,0,0,0,0,0,0,0,0,0,0,0,0,0,0,0,0,0,0,0,0,0,0,0,0,0,0,0,0,0,
3,8_4,10_58_30,4.6015,0,0,0,4.601454,,2.229,0.60724,-2.133,6.171546,358.6282,6.708988E-09,0.0000,0.0000,0.0000,0.0000,0.0000,0.0000,0,0,,,,,,,0,0,0,0,0,0,0,0,0,0,0,0,0,0,0,0,0,0,0,0,0,0,0,0,0,0,0,0,0,0,0,0,0,0,0,0,0,0,0,0,0,0,0,0,0,0,0,0,0,0,0,
3,8_4,10_58_30,4.6053,0,0,0,4.605265,,2.229,0.60724,-2.133,6.171546,358.6282,6.708988E-09,0.0000,0.0000,0.0000,0.0000,0.0000,0.0000,0,0,,,,,,,0,0,0,0,0,0,0,0,0,0,0,0,0,0,0,0,0,0,0,0,0,0,0,0,0,0,0,0,0,0,0,0,0,0,0,0,0,0,0,0,0,0,0,0,0,0,0,0,0,0,0,
3,8_4,10_58_30,4.6087,0,0,0,4.608666,,2.229,0.60724,-2.133,6.171546,358.6282,6.708988E-09,0.0000,0.0000,0.0000,0.0000,0.0000,0.0000,0,0,,,,,,,0,0,0,0,0,0,0,0,0,0,0,0,0,0,0,0,0,0,0,0,0,0,0,0,0,0,0,0,0,0,0,0,0,0,0,0,0,0,0,0,0,0,0,0,0,0,0,0,0,0,0,
3,8_4,10_58_30,4.6122,0,0,0,4.612151,,2.229,0.60724,-2.133,6.171546,358.6282,6.708988E-09,0.0000,0.0000,0.0000,0.0000,0.0000,0.0000,0,0,,,,,,,0,0,0,0,0,0,0,0,0,0,0,0,0,0,0,0,0,0,0,0,0,0,0,0,0,0,0,0,0,0,0,0,0,0,0,0,0,0,0,0,0,0,0,0,0,0,0,0,0,0,0,
3,8_4,10_58_30,4.6157,0,0,0,4.615684,,2.229,0.60724,-2.133,6.171546,358.6282,6.708988E-09,0.0000,0.0000,0.0000,0.0000,0.0000,0.0000,0,0,,,,,,,0,0,0,0,0,0,0,0,0,0,0,0,0,0,0,0,0,0,0,0,0,0,0,0,0,0,0,0,0,0,0,0,0,0,0,0,0,0,0,0,0,0,0,0,0,0,0,0,0,0,0,
3,8_4,10_58_30,4.6190,0,0,0,4.618968,,2.229,0.60724,-2.133,6.171546,358.6282,6.708988E-09,0.0000,0.0000,0.0000,0.0000,0.0000,0.0000,0,0,,,,,,,0,0,0,0,0,0,0,0,0,0,0,0,0,0,0,0,0,0,0,0,0,0,0,0,0,0,0,0,0,0,0,0,0,0,0,0,0,0,0,0,0,0,0,0,0,0,0,0,0,0,0,
3,8_4,10_58_30,4.6223,0,0,0,4.622291,,2.229,0.60724,-2.133,6.171546,358.6282,6.708988E-09,0.0000,0.0000,0.0000,0.0000,0.0000,0.0000,0,0,,,,,,,0,0,0,0,0,0,0,0,0,0,0,0,0,0,0,0,0,0,0,0,0,0,0,0,0,0,0,0,0,0,0,0,0,0,0,0,0,0,0,0,0,0,0,0,0,0,0,0,0,0,0,
3,8_4,10_58_30,4.6257,0,0,0,4.625719,,2.229,0.60724,-2.133,6.171546,358.6282,6.708988E-09,0.0000,0.0000,0.0000,0.0000,0.0000,0.0000,0,0,,,,,,,0,0,0,0,0,0,0,0,0,0,0,0,0,0,0,0,0,0,0,0,0,0,0,0,0,0,0,0,0,0,0,0,0,0,0,0,0,0,0,0,0,0,0,0,0,0,0,0,0,0,0,
3,8_4,10_58_30,4.6293,0,0,0,4.629299,,2.229,0.60724,-2.133,6.171546,358.6282,6.708988E-09,0.0000,0.0000,0.0000,0.0000,0.0000,0.0000,0,0,,,,,,,0,0,0,0,0,0,0,0,0,0,0,0,0,0,0,0,0,0,0,0,0,0,0,0,0,0,0,0,0,0,0,0,0,0,0,0,0,0,0,0,0,0,0,0,0,0,0,0,0,0,0,
3,8_4,10_58_30,4.6327,0,0,0,4.63268,,2.229,0.60724,-2.133,6.171546,358.6282,6.708988E-09,0.0000,0.0000,0.0000,0.0000,0.0000,0.0000,0,0,,,,,,,0,0,0,0,0,0,0,0,0,0,0,0,0,0,0,0,0,0,0,0,0,0,0,0,0,0,0,0,0,0,0,0,0,0,0,0,0,0,0,0,0,0,0,0,0,0,0,0,0,0,0,
3,8_4,10_58_30,4.6360,0,0,0,4.636024,,2.229,0.60724,-2.133,6.171546,358.6282,6.708988E-09,0.0000,0.0000,0.0000,0.0000,0.0000,0.0000,0,0,,,,,,,0,0,0,0,0,0,0,0,0,0,0,0,0,0,0,0,0,0,0,0,0,0,0,0,0,0,0,0,0,0,0,0,0,0,0,0,0,0,0,0,0,0,0,0,0,0,0,0,0,0,0,
3,8_4,10_58_30,4.6394,0,0,0,4.639447,,2.229,0.60724,-2.133,6.171546,358.6282,6.708988E-09,0.0000,0.0000,0.0000,0.0000,0.0000,0.0000,0,0,,,,,,,0,0,0,0,0,0,0,0,0,0,0,0,0,0,0,0,0,0,0,0,0,0,0,0,0,0,0,0,0,0,0,0,0,0,0,0,0,0,0,0,0,0,0,0,0,0,0,0,0,0,0,
3,8_4,10_58_30,4.6439,0,0,0,4.643894,,2.229,0.60724,-2.133,6.171546,358.6282,6.708988E-09,0.0000,0.0000,0.0000,0.0000,0.0000,0.0000,0,0,,,,,,,0,0,0,0,0,0,0,0,0,0,0,0,0,0,0,0,0,0,0,0,0,0,0,0,0,0,0,0,0,0,0,0,0,0,0,0,0,0,0,0,0,0,0,0,0,0,0,0,0,0,0,
3,8_4,10_58_30,4.6474,0,0,0,4.647365,,2.229,0.60724,-2.133,6.171546,358.6282,6.708988E-09,0.0000,0.0000,0.0000,0.0000,0.0000,0.0000,0,0,,,,,,,0,0,0,0,0,0,0,0,0,0,0,0,0,0,0,0,0,0,0,0,0,0,0,0,0,0,0,0,0,0,0,0,0,0,0,0,0,0,0,0,0,0,0,0,0,0,0,0,0,0,0,
3,8_4,10_58_30,4.6509,0,0,0,4.650903,,2.229,0.60724,-2.133,6.171546,358.6282,6.708988E-09,0.0000,0.0000,0.0000,0.0000,0.0000,0.0000,0,0,,,,,,,0,0,0,0,0,0,0,0,0,0,0,0,0,0,0,0,0,0,0,0,0,0,0,0,0,0,0,0,0,0,0,0,0,0,0,0,0,0,0,0,0,0,0,0,0,0,0,0,0,0,0,
3,8_4,10_58_30,4.6543,0,0,0,4.654334,,2.229,0.60724,-2.133,6.171546,358.6282,6.708988E-09,0.0000,0.0000,0.0000,0.0000,0.0000,0.0000,0,0,,,,,,,0,0,0,0,0,0,0,0,0,0,0,0,0,0,0,0,0,0,0,0,0,0,0,0,0,0,0,0,0,0,0,0,0,0,0,0,0,0,0,0,0,0,0,0,0,0,0,0,0,0,0,
3,8_4,10_58_30,4.6577,0,0,0,4.657703,,2.229,0.60724,-2.133,6.171546,358.6282,6.708988E-09,0.0000,0.0000,0.0000,0.0000,0.0000,0.0000,0,0,,,,,,,0,0,0,0,0,0,0,0,0,0,0,0,0,0,0,0,0,0,0,0,0,0,0,0,0,0,0,0,0,0,0,0,0,0,0,0,0,0,0,0,0,0,0,0,0,0,0,0,0,0,0,
3,8_4,10_58_30,4.6610,0,0,0,4.661012,,2.229,0.60724,-2.133,6.171546,358.6282,6.708988E-09,0.0000,0.0000,0.0000,0.0000,0.0000,0.0000,0,0,,,,,,,0,0,0,0,0,0,0,0,0,0,0,0,0,0,0,0,0,0,0,0,0,0,0,0,0,0,0,0,0,0,0,0,0,0,0,0,0,0,0,0,0,0,0,0,0,0,0,0,0,0,0,
3,8_4,10_58_30,4.6646,0,0,0,4.664643,,2.229,0.60724,-2.133,6.171546,358.6282,6.708988E-09,0.0000,0.0000,0.0000,0.0000,0.0000,0.0000,0,0,,,,,,,0,0,0,0,0,0,0,0,0,0,0,0,0,0,0,0,0,0,0,0,0,0,0,0,0,0,0,0,0,0,0,0,0,0,0,0,0,0,0,0,0,0,0,0,0,0,0,0,0,0,0,
3,8_4,10_58_30,4.6680,0,0,0,4.668046,,2.229,0.60724,-2.133,6.171546,358.6282,6.708988E-09,0.0000,0.0000,0.0000,0.0000,0.0000,0.0000,0,0,,,,,,,0,0,0,0,0,0,0,0,0,0,0,0,0,0,0,0,0,0,0,0,0,0,0,0,0,0,0,0,0,0,0,0,0,0,0,0,0,0,0,0,0,0,0,0,0,0,0,0,0,0,0,
3,8_4,10_58_30,4.6714,0,0,0,4.671368,,2.229,0.60724,-2.133,6.171546,358.6282,6.708988E-09,0.0000,0.0000,0.0000,0.0000,0.0000,0.0000,0,0,,,,,,,0,0,0,0,0,0,0,0,0,0,0,0,0,0,0,0,0,0,0,0,0,0,0,0,0,0,0,0,0,0,0,0,0,0,0,0,0,0,0,0,0,0,0,0,0,0,0,0,0,0,0,
3,8_4,10_58_30,4.6748,0,0,0,4.674761,,2.229,0.60724,-2.133,6.171546,358.6282,6.708988E-09,0.0000,0.0000,0.0000,0.0000,0.0000,0.0000,0,0,,,,,,,0,0,0,0,0,0,0,0,0,0,0,0,0,0,0,0,0,0,0,0,0,0,0,0,0,0,0,0,0,0,0,0,0,0,0,0,0,0,0,0,0,0,0,0,0,0,0,0,0,0,0,
3,8_4,10_58_30,4.6782,0,0,0,4.67816,,2.229,0.60724,-2.133,6.171546,358.6282,6.708988E-09,0.0000,0.0000,0.0000,0.0000,0.0000,0.0000,0,0,,,,,,,0,0,0,0,0,0,0,0,0,0,0,0,0,0,0,0,0,0,0,0,0,0,0,0,0,0,0,0,0,0,0,0,0,0,0,0,0,0,0,0,0,0,0,0,0,0,0,0,0,0,0,
3,8_4,10_58_30,4.6815,0,0,0,4.681529,,2.229,0.60724,-2.133,6.171546,358.6282,6.708988E-09,0.0000,0.0000,0.0000,0.0000,0.0000,0.0000,0,0,,,,,,,0,0,0,0,0,0,0,0,0,0,0,0,0,0,0,0,0,0,0,0,0,0,0,0,0,0,0,0,0,0,0,0,0,0,0,0,0,0,0,0,0,0,0,0,0,0,0,0,0,0,0,
3,8_4,10_58_30,4.6850,0,0,0,4.68503,,2.229,0.60724,-2.133,6.171546,358.6282,6.708988E-09,0.0000,0.0000,0.0000,0.0000,0.0000,0.0000,0,0,,,,,,,0,0,0,0,0,0,0,0,0,0,0,0,0,0,0,0,0,0,0,0,0,0,0,0,0,0,0,0,0,0,0,0,0,0,0,0,0,0,0,0,0,0,0,0,0,0,0,0,0,0,0,
3,8_4,10_58_30,4.6884,0,0,0,4.688398,,2.229,0.60724,-2.133,6.171546,358.6282,6.708988E-09,0.0000,0.0000,0.0000,0.0000,0.0000,0.0000,0,0,,,,,,,0,0,0,0,0,0,0,0,0,0,0,0,0,0,0,0,0,0,0,0,0,0,0,0,0,0,0,0,0,0,0,0,0,0,0,0,0,0,0,0,0,0,0,0,0,0,0,0,0,0,0,
3,8_4,10_58_30,4.6919,0,0,0,4.691871,,2.229,0.60724,-2.133,6.171546,358.6282,6.708988E-09,0.0000,0.0000,0.0000,0.0000,0.0000,0.0000,0,0,,,,,,,0,0,0,0,0,0,0,0,0,0,0,0,0,0,0,0,0,0,0,0,0,0,0,0,0,0,0,0,0,0,0,0,0,0,0,0,0,0,0,0,0,0,0,0,0,0,0,0,0,0,0,
3,8_4,10_58_30,4.6953,0,0,0,4.695289,,2.229,0.60724,-2.133,6.171546,358.6282,6.708988E-09,0.0000,0.0000,0.0000,0.0000,0.0000,0.0000,0,0,,,,,,,0,0,0,0,0,0,0,0,0,0,0,0,0,0,0,0,0,0,0,0,0,0,0,0,0,0,0,0,0,0,0,0,0,0,0,0,0,0,0,0,0,0,0,0,0,0,0,0,0,0,0,
3,8_4,10_58_30,4.6987,0,0,0,4.698661,,2.229,0.60724,-2.133,6.171546,358.6282,6.708988E-09,0.0000,0.0000,0.0000,0.0000,0.0000,0.0000,0,0,,,,,,,0,0,0,0,0,0,0,0,0,0,0,0,0,0,0,0,0,0,0,0,0,0,0,0,0,0,0,0,0,0,0,0,0,0,0,0,0,0,0,0,0,0,0,0,0,0,0,0,0,0,0,
3,8_4,10_58_30,4.7022,0,0,0,4.702186,,2.229,0.60724,-2.133,6.171546,358.6282,6.708988E-09,0.0000,0.0000,0.0000,0.0000,0.0000,0.0000,0,0,,,,,,,0,0,0,0,0,0,0,0,0,0,0,0,0,0,0,0,0,0,0,0,0,0,0,0,0,0,0,0,0,0,0,0,0,0,0,0,0,0,0,0,0,0,0,0,0,0,0,0,0,0,0,
3,8_4,10_58_30,4.7057,0,0,0,4.705665,,2.229,0.60724,-2.133,6.171546,358.6282,6.708988E-09,0.0000,0.0000,0.0000,0.0000,0.0000,0.0000,0,0,,,,,,,0,0,0,0,0,0,0,0,0,0,0,0,0,0,0,0,0,0,0,0,0,0,0,0,0,0,0,0,0,0,0,0,0,0,0,0,0,0,0,0,0,0,0,0,0,0,0,0,0,0,0,
3,8_4,10_58_30,4.7091,0,0,0,4.709109,,2.229,0.60724,-2.133,6.171546,358.6282,6.708988E-09,0.0000,0.0000,0.0000,0.0000,0.0000,0.0000,0,0,,,,,,,0,0,0,0,0,0,0,0,0,0,0,0,0,0,0,0,0,0,0,0,0,0,0,0,0,0,0,0,0,0,0,0,0,0,0,0,0,0,0,0,0,0,0,0,0,0,0,0,0,0,0,
3,8_4,10_58_30,4.7125,0,0,0,4.712524,,2.229,0.60724,-2.133,6.171546,358.6282,6.708988E-09,0.0000,0.0000,0.0000,0.0000,0.0000,0.0000,0,0,,,,,,,0,0,0,0,0,0,0,0,0,0,0,0,0,0,0,0,0,0,0,0,0,0,0,0,0,0,0,0,0,0,0,0,0,0,0,0,0,0,0,0,0,0,0,0,0,0,0,0,0,0,0,
3,8_4,10_58_30,4.7160,0,0,0,4.715992,,2.229,0.60724,-2.133,6.171546,358.6282,6.708988E-09,0.0000,0.0000,0.0000,0.0000,0.0000,0.0000,0,0,,,,,,,0,0,0,0,0,0,0,0,0,0,0,0,0,0,0,0,0,0,0,0,0,0,0,0,0,0,0,0,0,0,0,0,0,0,0,0,0,0,0,0,0,0,0,0,0,0,0,0,0,0,0,
3,8_4,10_58_30,4.7195,0,0,0,4.719467,,2.229,0.60724,-2.133,6.171546,358.6282,6.708988E-09,0.0000,0.0000,0.0000,0.0000,0.0000,0.0000,0,0,,,,,,,0,0,0,0,0,0,0,0,0,0,0,0,0,0,0,0,0,0,0,0,0,0,0,0,0,0,0,0,0,0,0,0,0,0,0,0,0,0,0,0,0,0,0,0,0,0,0,0,0,0,0,
3,8_4,10_58_30,4.7229,0,0,0,4.722936,,2.229,0.60724,-2.133,6.171546,358.6282,6.708988E-09,0.0000,0.0000,0.0000,0.0000,0.0000,0.0000,0,0,,,,,,,0,0,0,0,0,0,0,0,0,0,0,0,0,0,0,0,0,0,0,0,0,0,0,0,0,0,0,0,0,0,0,0,0,0,0,0,0,0,0,0,0,0,0,0,0,0,0,0,0,0,0,
3,8_4,10_58_30,4.7265,0,0,0,4.726504,,2.229,0.60724,-2.133,6.171546,358.6282,6.708988E-09,0.0000,0.0000,0.0000,0.0000,0.0000,0.0000,0,0,,,,,,,0,0,0,0,0,0,0,0,0,0,0,0,0,0,0,0,0,0,0,0,0,0,0,0,0,0,0,0,0,0,0,0,0,0,0,0,0,0,0,0,0,0,0,0,0,0,0,0,0,0,0,
3,8_4,10_58_30,4.7302,0,0,0,4.730165,,2.229,0.60724,-2.133,6.171546,358.6282,6.708988E-09,0.0000,0.0000,0.0000,0.0000,0.0000,0.0000,0,0,,,,,,,0,0,0,0,0,0,0,0,0,0,0,0,0,0,0,0,0,0,0,0,0,0,0,0,0,0,0,0,0,0,0,0,0,0,0,0,0,0,0,0,0,0,0,0,0,0,0,0,0,0,0,
3,8_4,10_58_30,4.7336,0,0,0,4.733597,,2.229,0.60724,-2.133,6.171546,358.6282,6.708988E-09,0.0000,0.0000,0.0000,0.0000,0.0000,0.0000,0,0,,,,,,,0,0,0,0,0,0,0,0,0,0,0,0,0,0,0,0,0,0,0,0,0,0,0,0,0,0,0,0,0,0,0,0,0,0,0,0,0,0,0,0,0,0,0,0,0,0,0,0,0,0,0,
3,8_4,10_58_30,4.7373,0,0,0,4.737264,,2.229,0.60724,-2.133,6.171546,358.6282,6.708988E-09,0.0000,0.0000,0.0000,0.0000,0.0000,0.0000,0,0,,,,,,,0,0,0,0,0,0,0,0,0,0,0,0,0,0,0,0,0,0,0,0,0,0,0,0,0,0,0,0,0,0,0,0,0,0,0,0,0,0,0,0,0,0,0,0,0,0,0,0,0,0,0,
3,8_4,10_58_30,4.7411,0,0,0,4.741129,,2.229,0.60724,-2.133,6.171546,358.6282,6.708988E-09,0.0000,0.0000,0.0000,0.0000,0.0000,0.0000,0,0,,,,,,,0,0,0,0,0,0,0,0,0,0,0,0,0,0,0,0,0,0,0,0,0,0,0,0,0,0,0,0,0,0,0,0,0,0,0,0,0,0,0,0,0,0,0,0,0,0,0,0,0,0,0,
3,8_4,10_58_30,4.7447,0,0,0,4.744695,,2.229,0.60724,-2.133,6.171546,358.6282,6.708988E-09,0.0000,0.0000,0.0000,0.0000,0.0000,0.0000,0,0,,,,,,,0,0,0,0,0,0,0,0,0,0,0,0,0,0,0,0,0,0,0,0,0,0,0,0,0,0,0,0,0,0,0,0,0,0,0,0,0,0,0,0,0,0,0,0,0,0,0,0,0,0,0,
3,8_4,10_58_30,4.7482,0,0,0,4.748213,,2.229,0.60724,-2.133,6.171546,358.6282,6.708988E-09,0.0000,0.0000,0.0000,0.0000,0.0000,0.0000,0,0,,,,,,,0,0,0,0,0,0,0,0,0,0,0,0,0,0,0,0,0,0,0,0,0,0,0,0,0,0,0,0,0,0,0,0,0,0,0,0,0,0,0,0,0,0,0,0,0,0,0,0,0,0,0,
3,8_4,10_58_30,4.7516,0,0,0,4.75163,,2.229,0.60724,-2.133,6.171546,358.6282,6.708988E-09,0.0000,0.0000,0.0000,0.0000,0.0000,0.0000,0,0,,,,,,,0,0,0,0,0,0,0,0,0,0,0,0,0,0,0,0,0,0,0,0,0,0,0,0,0,0,0,0,0,0,0,0,0,0,0,0,0,0,0,0,0,0,0,0,0,0,0,0,0,0,0,
3,8_4,10_58_30,4.7551,0,0,0,4.755088,,2.229,0.60724,-2.133,6.171546,358.6282,6.708988E-09,0.0000,0.0000,0.0000,0.0000,0.0000,0.0000,0,0,,,,,,,0,0,0,0,0,0,0,0,0,0,0,0,0,0,0,0,0,0,0,0,0,0,0,0,0,0,0,0,0,0,0,0,0,0,0,0,0,0,0,0,0,0,0,0,0,0,0,0,0,0,0,
3,8_4,10_58_30,4.7588,0,0,0,4.758764,,2.229,0.60724,-2.133,6.171546,358.6282,6.708988E-09,0.0000,0.0000,0.0000,0.0000,0.0000,0.0000,0,0,,,,,,,0,0,0,0,0,0,0,0,0,0,0,0,0,0,0,0,0,0,0,0,0,0,0,0,0,0,0,0,0,0,0,0,0,0,0,0,0,0,0,0,0,0,0,0,0,0,0,0,0,0,0,
3,8_4,10_58_30,4.7628,0,0,0,4.762777,,2.229,0.60724,-2.133,6.171546,358.6282,6.708988E-09,0.0000,0.0000,0.0000,0.0000,0.0000,0.0000,0,0,,,,,,,0,0,0,0,0,0,0,0,0,0,0,0,0,0,0,0,0,0,0,0,0,0,0,0,0,0,0,0,0,0,0,0,0,0,0,0,0,0,0,0,0,0,0,0,0,0,0,0,0,0,0,
3,8_4,10_58_30,4.7667,0,0,0,4.766723,,2.229,0.60724,-2.133,6.171546,358.6282,6.708988E-09,0.0000,0.0000,0.0000,0.0000,0.0000,0.0000,0,0,,,,,,,0,0,0,0,0,0,0,0,0,0,0,0,0,0,0,0,0,0,0,0,0,0,0,0,0,0,0,0,0,0,0,0,0,0,0,0,0,0,0,0,0,0,0,0,0,0,0,0,0,0,0,
3,8_4,10_58_30,4.7706,0,0,0,4.770573,,2.229,0.60724,-2.133,6.171546,358.6282,6.708988E-09,0.0000,0.0000,0.0000,0.0000,0.0000,0.0000,0,0,,,,,,,0,0,0,0,0,0,0,0,0,0,0,0,0,0,0,0,0,0,0,0,0,0,0,0,0,0,0,0,0,0,0,0,0,0,0,0,0,0,0,0,0,0,0,0,0,0,0,0,0,0,0,
3,8_4,10_58_30,4.7742,0,0,0,4.774242,,2.229,0.60724,-2.133,6.171546,358.6282,6.708988E-09,0.0000,0.0000,0.0000,0.0000,0.0000,0.0000,0,0,,,,,,,0,0,0,0,0,0,0,0,0,0,0,0,0,0,0,0,0,0,0,0,0,0,0,0,0,0,0,0,0,0,0,0,0,0,0,0,0,0,0,0,0,0,0,0,0,0,0,0,0,0,0,
3,8_4,10_58_31,4.8679,0,0,0,4.867904,,2.229,0.60724,-2.133,6.171546,358.6282,6.708988E-09,0.0000,0.0000,0.0000,0.0000,0.0000,0.0000,0,0,,,,,,,0,0,0,0,0,0,0,0,0,0,0,0,0,0,0,0,0,0,0,0,0,0,0,0,0,0,0,0,0,0,0,0,0,0,0,0,0,0,0,0,0,0,0,0,0,0,0,0,0,0,0,
3,8_4,10_58_31,4.8730,0,0,0,4.87295,,2.229,0.60724,-2.133,6.171546,358.6282,6.708988E-09,0.0000,0.0000,0.0000,0.0000,0.0000,0.0000,0,0,,,,,,,0,0,0,0,0,0,0,0,0,0,0,0,0,0,0,0,0,0,0,0,0,0,0,0,0,0,0,0,0,0,0,0,0,0,0,0,0,0,0,0,0,0,0,0,0,0,0,0,0,0,0,
3,8_4,10_58_31,4.8763,0,0,0,4.876321,,2.229,0.60724,-2.133,6.171546,358.6282,6.708988E-09,0.0000,0.0000,0.0000,0.0000,0.0000,0.0000,0,0,,,,,,,0,0,0,0,0,0,0,0,0,0,0,0,0,0,0,0,0,0,0,0,0,0,0,0,0,0,0,0,0,0,0,0,0,0,0,0,0,0,0,0,0,0,0,0,0,0,0,0,0,0,0,
3,8_4,10_58_31,4.8796,0,0,0,4.879637,,2.229,0.60724,-2.133,6.171546,358.6282,6.708988E-09,0.0000,0.0000,0.0000,0.0000,0.0000,0.0000,0,0,,,,,,,0,0,0,0,0,0,0,0,0,0,0,0,0,0,0,0,0,0,0,0,0,0,0,0,0,0,0,0,0,0,0,0,0,0,0,0,0,0,0,0,0,0,0,0,0,0,0,0,0,0,0,
3,8_4,10_58_31,4.8830,0,0,0,4.882977,,2.229,0.60724,-2.133,6.171546,358.6282,6.708988E-09,0.0000,0.0000,0.0000,0.0000,0.0000,0.0000,0,0,,,,,,,0,0,0,0,0,0,0,0,0,0,0,0,0,0,0,0,0,0,0,0,0,0,0,0,0,0,0,0,0,0,0,0,0,0,0,0,0,0,0,0,0,0,0,0,0,0,0,0,0,0,0,
3,8_4,10_58_31,4.8866,0,0,0,4.88656,,2.229,0.60724,-2.133,6.171546,358.6282,6.708988E-09,0.0000,0.0000,0.0000,0.0000,0.0000,0.0000,0,0,,,,,,,0,0,0,0,0,0,0,0,0,0,0,0,0,0,0,0,0,0,0,0,0,0,0,0,0,0,0,0,0,0,0,0,0,0,0,0,0,0,0,0,0,0,0,0,0,0,0,0,0,0,0,
3,8_4,10_58_31,4.8899,0,0,0,4.88988,,2.229,0.60724,-2.133,6.171546,358.6282,6.708988E-09,0.0000,0.0000,0.0000,0.0000,0.0000,0.0000,0,0,,,,,,,0,0,0,0,0,0,0,0,0,0,0,0,0,0,0,0,0,0,0,0,0,0,0,0,0,0,0,0,0,0,0,0,0,0,0,0,0,0,0,0,0,0,0,0,0,0,0,0,0,0,0,
3,8_4,10_58_31,4.8932,0,0,0,4.8932,,2.229,0.60724,-2.133,6.171546,358.6282,6.708988E-09,0.0000,0.0000,0.0000,0.0000,0.0000,0.0000,0,0,,,,,,,0,0,0,0,0,0,0,0,0,0,0,0,0,0,0,0,0,0,0,0,0,0,0,0,0,0,0,0,0,0,0,0,0,0,0,0,0,0,0,0,0,0,0,0,0,0,0,0,0,0,0,
3,8_4,10_58_31,4.8967,0,0,0,4.896667,,2.229,0.60724,-2.133,6.171546,358.6282,6.708988E-09,0.0000,0.0000,0.0000,0.0000,0.0000,0.0000,0,0,,,,,,,0,0,0,0,0,0,0,0,0,0,0,0,0,0,0,0,0,0,0,0,0,0,0,0,0,0,0,0,0,0,0,0,0,0,0,0,0,0,0,0,0,0,0,0,0,0,0,0,0,0,0,
3,8_4,10_58_31,4.9003,0,0,0,4.90026,,2.229,0.60724,-2.133,6.171546,358.6282,6.708988E-09,0.0000,0.0000,0.0000,0.0000,0.0000,0.0000,0,0,,,,,,,0,0,0,0,0,0,0,0,0,0,0,0,0,0,0,0,0,0,0,0,0,0,0,0,0,0,0,0,0,0,0,0,0,0,0,0,0,0,0,0,0,0,0,0,0,0,0,0,0,0,0,
3,8_4,10_58_31,4.9037,0,0,0,4.903722,,2.229,0.60724,-2.133,6.171546,358.6282,6.708988E-09,0.0000,0.0000,0.0000,0.0000,0.0000,0.0000,0,0,,,,,,,0,0,0,0,0,0,0,0,0,0,0,0,0,0,0,0,0,0,0,0,0,0,0,0,0,0,0,0,0,0,0,0,0,0,0,0,0,0,0,0,0,0,0,0,0,0,0,0,0,0,0,
3,8_4,10_58_31,4.9076,0,0,0,4.907591,,2.229,0.60724,-2.133,6.171546,358.6282,6.708988E-09,0.0000,0.0000,0.0000,0.0000,0.0000,0.0000,0,0,,,,,,,0,0,0,0,0,0,0,0,0,0,0,0,0,0,0,0,0,0,0,0,0,0,0,0,0,0,0,0,0,0,0,0,0,0,0,0,0,0,0,0,0,0,0,0,0,0,0,0,0,0,0,
3,8_4,10_58_31,4.9111,0,0,0,4.911144,,2.229,0.60724,-2.133,6.171546,358.6282,6.708988E-09,0.0000,0.0000,0.0000,0.0000,0.0000,0.0000,0,0,,,,,,,0,0,0,0,0,0,0,0,0,0,0,0,0,0,0,0,0,0,0,0,0,0,0,0,0,0,0,0,0,0,0,0,0,0,0,0,0,0,0,0,0,0,0,0,0,0,0,0,0,0,0,
3,8_4,10_58_31,4.9152,0,0,0,4.915159,,2.229,0.60724,-2.133,6.171546,358.6282,6.708988E-09,0.0000,0.0000,0.0000,0.0000,0.0000,0.0000,0,0,,,,,,,0,0,0,0,0,0,0,0,0,0,0,0,0,0,0,0,0,0,0,0,0,0,0,0,0,0,0,0,0,0,0,0,0,0,0,0,0,0,0,0,0,0,0,0,0,0,0,0,0,0,0,
3,8_4,10_58_31,4.9193,0,0,0,4.919287,,2.229,0.60724,-2.133,6.171546,358.6282,6.708988E-09,0.0000,0.0000,0.0000,0.0000,0.0000,0.0000,0,0,,,,,,,0,0,0,0,0,0,0,0,0,0,0,0,0,0,0,0,0,0,0,0,0,0,0,0,0,0,0,0,0,0,0,0,0,0,0,0,0,0,0,0,0,0,0,0,0,0,0,0,0,0,0,
3,8_4,10_58_31,4.9234,0,0,0,4.923447,,2.229,0.60724,-2.133,6.171546,358.6282,6.708988E-09,0.0000,0.0000,0.0000,0.0000,0.0000,0.0000,0,0,,,,,,,0,0,0,0,0,0,0,0,0,0,0,0,0,0,0,0,0,0,0,0,0,0,0,0,0,0,0,0,0,0,0,0,0,0,0,0,0,0,0,0,0,0,0,0,0,0,0,0,0,0,0,
3,8_4,10_58_31,4.9275,0,0,0,4.927482,,2.229,0.60724,-2.133,6.171546,358.6282,6.708988E-09,0.0000,0.0000,0.0000,0.0000,0.0000,0.0000,0,0,,,,,,,0,0,0,0,0,0,0,0,0,0,0,0,0,0,0,0,0,0,0,0,0,0,0,0,0,0,0,0,0,0,0,0,0,0,0,0,0,0,0,0,0,0,0,0,0,0,0,0,0,0,0,
3,8_4,10_58_31,4.9318,0,0,0,4.93176,,2.229,0.60724,-2.133,6.171546,358.6282,6.708988E-09,0.0000,0.0000,0.0000,0.0000,0.0000,0.0000,0,0,,,,,,,0,0,0,0,0,0,0,0,0,0,0,0,0,0,0,0,0,0,0,0,0,0,0,0,0,0,0,0,0,0,0,0,0,0,0,0,0,0,0,0,0,0,0,0,0,0,0,0,0,0,0,
3,8_4,10_58_31,4.9353,0,0,0,4.935314,,2.229,0.60724,-2.133,6.171546,358.6282,6.708988E-09,0.0000,0.0000,0.0000,0.0000,0.0000,0.0000,0,0,,,,,,,0,0,0,0,0,0,0,0,0,0,0,0,0,0,0,0,0,0,0,0,0,0,0,0,0,0,0,0,0,0,0,0,0,0,0,0,0,0,0,0,0,0,0,0,0,0,0,0,0,0,0,
3,8_4,10_58_31,4.9389,0,0,0,4.938892,,2.229,0.60724,-2.133,6.171546,358.6282,6.708988E-09,0.0000,0.0000,0.0000,0.0000,0.0000,0.0000,0,0,,,,,,,0,0,0,0,0,0,0,0,0,0,0,0,0,0,0,0,0,0,0,0,0,0,0,0,0,0,0,0,0,0,0,0,0,0,0,0,0,0,0,0,0,0,0,0,0,0,0,0,0,0,0,
3,8_4,10_58_31,4.9435,0,0,0,4.943515,,2.229,0.60724,-2.133,6.171546,358.6282,6.708988E-09,0.0000,0.0000,0.0000,0.0000,0.0000,0.0000,0,0,,,,,,,0,0,0,0,0,0,0,0,0,0,0,0,0,0,0,0,0,0,0,0,0,0,0,0,0,0,0,0,0,0,0,0,0,0,0,0,0,0,0,0,0,0,0,0,0,0,0,0,0,0,0,
3,8_4,10_58_31,4.9471,0,0,0,4.947119,,2.229,0.60724,-2.133,6.171546,358.6282,6.708988E-09,0.0000,0.0000,0.0000,0.0000,0.0000,0.0000,0,0,,,,,,,0,0,0,0,0,0,0,0,0,0,0,0,0,0,0,0,0,0,0,0,0,0,0,0,0,0,0,0,0,0,0,0,0,0,0,0,0,0,0,0,0,0,0,0,0,0,0,0,0,0,0,
3,8_4,10_58_31,4.9513,0,0,0,4.951323,,2.229,0.60724,-2.133,6.171546,358.6282,6.708988E-09,0.0000,0.0000,0.0000,0.0000,0.0000,0.0000,0,0,,,,,,,0,0,0,0,0,0,0,0,0,0,0,0,0,0,0,0,0,0,0,0,0,0,0,0,0,0,0,0,0,0,0,0,0,0,0,0,0,0,0,0,0,0,0,0,0,0,0,0,0,0,0,
3,8_4,10_58_31,4.9548,0,0,0,4.954841,,2.229,0.60724,-2.133,6.171546,358.6282,6.708988E-09,0.0000,0.0000,0.0000,0.0000,0.0000,0.0000,0,0,,,,,,,0,0,0,0,0,0,0,0,0,0,0,0,0,0,0,0,0,0,0,0,0,0,0,0,0,0,0,0,0,0,0,0,0,0,0,0,0,0,0,0,0,0,0,0,0,0,0,0,0,0,0,
3,8_4,10_58_31,4.9588,0,0,0,4.958781,,2.229,0.60724,-2.133,6.171546,358.6282,6.708988E-09,0.0000,0.0000,0.0000,0.0000,0.0000,0.0000,0,0,,,,,,,0,0,0,0,0,0,0,0,0,0,0,0,0,0,0,0,0,0,0,0,0,0,0,0,0,0,0,0,0,0,0,0,0,0,0,0,0,0,0,0,0,0,0,0,0,0,0,0,0,0,0,
3,8_4,10_58_31,4.9625,0,0,0,4.962542,,2.229,0.60724,-2.133,6.171546,358.6282,6.708988E-09,0.0000,0.0000,0.0000,0.0000,0.0000,0.0000,0,0,,,,,,,0,0,0,0,0,0,0,0,0,0,0,0,0,0,0,0,0,0,0,0,0,0,0,0,0,0,0,0,0,0,0,0,0,0,0,0,0,0,0,0,0,0,0,0,0,0,0,0,0,0,0,
3,8_4,10_58_31,4.9665,0,0,0,4.966467,,2.229,0.60724,-2.133,6.171546,358.6282,6.708988E-09,0.0000,0.0000,0.0000,0.0000,0.0000,0.0000,0,0,,,,,,,0,0,0,0,0,0,0,0,0,0,0,0,0,0,0,0,0,0,0,0,0,0,0,0,0,0,0,0,0,0,0,0,0,0,0,0,0,0,0,0,0,0,0,0,0,0,0,0,0,0,0,
3,8_4,10_58_31,4.9702,0,0,0,4.970199,,2.229,0.60724,-2.133,6.171546,358.6282,6.708988E-09,0.0000,0.0000,0.0000,0.0000,0.0000,0.0000,0,0,,,,,,,0,0,0,0,0,0,0,0,0,0,0,0,0,0,0,0,0,0,0,0,0,0,0,0,0,0,0,0,0,0,0,0,0,0,0,0,0,0,0,0,0,0,0,0,0,0,0,0,0,0,0,
3,8_4,10_58_31,4.9738,0,0,0,4.973841,,2.229,0.60724,-2.133,6.171546,358.6282,6.708988E-09,0.0000,0.0000,0.0000,0.0000,0.0000,0.0000,0,0,,,,,,,0,0,0,0,0,0,0,0,0,0,0,0,0,0,0,0,0,0,0,0,0,0,0,0,0,0,0,0,0,0,0,0,0,0,0,0,0,0,0,0,0,0,0,0,0,0,0,0,0,0,0,
3,8_4,10_58_31,4.9783,0,0,0,4.978336,,2.229,0.60724,-2.133,6.171546,358.6282,6.708988E-09,0.0000,0.0000,0.0000,0.0000,0.0000,0.0000,0,0,,,,,,,0,0,0,0,0,0,0,0,0,0,0,0,0,0,0,0,0,0,0,0,0,0,0,0,0,0,0,0,0,0,0,0,0,0,0,0,0,0,0,0,0,0,0,0,0,0,0,0,0,0,0,
3,8_4,10_58_31,4.9824,0,0,0,4.982444,,2.229,0.60724,-2.133,6.171546,358.6282,6.708988E-09,0.0000,0.0000,0.0000,0.0000,0.0000,0.0000,0,0,,,,,,,0,0,0,0,0,0,0,0,0,0,0,0,0,0,0,0,0,0,0,0,0,0,0,0,0,0,0,0,0,0,0,0,0,0,0,0,0,0,0,0,0,0,0,0,0,0,0,0,0,0,0,
3,8_4,10_58_31,4.9929,0,0,0,4.992912,,2.229,0.60724,-2.133,6.171546,358.6282,6.708988E-09,0.0000,0.0000,0.0000,0.0000,0.0000,0.0000,0,0,,,,,,,0,0,0,0,0,0,0,0,0,0,0,0,0,0,0,0,0,0,0,0,0,0,0,0,0,0,0,0,0,0,0,0,0,0,0,0,0,0,0,0,0,0,0,0,0,0,0,0,0,0,0,
3,8_4,10_58_31,4.9969,0,0,0,4.996917,,2.229,0.60724,-2.133,6.171546,358.6282,6.708988E-09,0.0000,0.0000,0.0000,0.0000,0.0000,0.0000,0,0,,,,,,,0,0,0,0,0,0,0,0,0,0,0,0,0,0,0,0,0,0,0,0,0,0,0,0,0,0,0,0,0,0,0,0,0,0,0,0,0,0,0,0,0,0,0,0,0,0,0,0,0,0,0,
3,8_4,10_58_31,5.0016,0,0,0,5.001569,,2.229,0.60724,-2.133,6.171546,358.6282,6.708988E-09,0.0000,0.0000,0.0000,0.0000,0.0000,0.0000,0,0,,,,,,,0,0,0,0,0,0,0,0,0,0,0,0,0,0,0,0,0,0,0,0,0,0,0,0,0,0,0,0,0,0,0,0,0,0,0,0,0,0,0,0,0,0,0,0,0,0,0,0,0,0,0,
3,8_4,10_58_31,5.0130,0,1,0,0.01143932,Baseline,2.229,0.60724,-2.133,6.171546,358.6282,6.708988E-09,0.0000,0.0000,0.0000,0.0000,0.0000,0.0000,0,0,,,,,,,0,0,0,0,0,0,0,0,0,0,0,0,0,0,0,0,0,0,0,0,0,0,0,0,0,0,0,0,0,0,0,0,0,0,0,0,0,0,0,0,0,0,0,0,0,0,0,0,0,0,0,
3,8_4,10_58_31,5.0173,0,1,0,0.01571465,Baseline,2.229,0.60724,-2.133,6.171546,358.6282,6.708988E-09,0.0000,0.0000,0.0000,0.0000,0.0000,0.0000,0,0,,,,,,,0,0,0,0,0,0,0,0,0,0,0,0,0,0,0,0,0,0,0,0,0,0,0,0,0,0,0,0,0,0,0,0,0,0,0,0,0,0,0,0,0,0,0,0,0,0,0,0,0,0,0,
3,8_4,10_58_31,5.0209,0,1,0,0.01935959,Baseline,2.229,0.60724,-2.133,6.171546,358.6282,6.708988E-09,0.0000,0.0000,0.0000,0.0000,0.0000,0.0000,0,0,,,,,,,0,0,0,0,0,0,0,0,0,0,0,0,0,0,0,0,0,0,0,0,0,0,0,0,0,0,0,0,0,0,0,0,0,0,0,0,0,0,0,0,0,0,0,0,0,0,0,0,0,0,0,
3,8_4,10_58_31,5.0247,0,1,0,0.02308798,Baseline,2.229,0.60724,-2.133,6.171546,358.6282,6.708988E-09,0.0000,0.0000,0.0000,0.0000,0.0000,0.0000,0,0,,,,,,,0,0,0,0,0,0,0,0,0,0,0,0,0,0,0,0,0,0,0,0,0,0,0,0,0,0,0,0,0,0,0,0,0,0,0,0,0,0,0,0,0,0,0,0,0,0,0,0,0,0,0,
3,8_4,10_58_31,5.0286,0,1,0,0.0269928,Baseline,2.229,0.60724,-2.133,6.171546,358.6282,6.708988E-09,0.0000,0.0000,0.0000,0.0000,0.0000,0.0000,0,0,,,,,,,0,0,0,0,0,0,0,0,0,0,0,0,0,0,0,0,0,0,0,0,0,0,0,0,0,0,0,0,0,0,0,0,0,0,0,0,0,0,0,0,0,0,0,0,0,0,0,0,0,0,0,
3,8_4,10_58_31,5.0326,0,1,0,0.03101969,Baseline,2.229,0.60724,-2.133,6.171546,358.6282,6.708988E-09,0.0000,0.0000,0.0000,0.0000,0.0000,0.0000,0,0,,,,,,,0,0,0,0,0,0,0,0,0,0,0,0,0,0,0,0,0,0,0,0,0,0,0,0,0,0,0,0,0,0,0,0,0,0,0,0,0,0,0,0,0,0,0,0,0,0,0,0,0,0,0,
3,8_4,10_58_31,5.0367,0,1,0,0.03510618,Baseline,2.229,0.60724,-2.133,6.171546,358.6282,6.708988E-09,0.0000,0.0000,0.0000,0.0000,0.0000,0.0000,0,0,,,,,,,0,0,0,0,0,0,0,0,0,0,0,0,0,0,0,0,0,0,0,0,0,0,0,0,0,0,0,0,0,0,0,0,0,0,0,0,0,0,0,0,0,0,0,0,0,0,0,0,0,0,0,
3,8_4,10_58_31,5.0404,0,1,0,0.03881216,Baseline,2.229,0.60724,-2.133,6.171546,358.6282,6.708988E-09,0.0000,0.0000,0.0000,0.0000,0.0000,0.0000,0,0,,,,,,,0,0,0,0,0,0,0,0,0,0,0,0,0,0,0,0,0,0,0,0,0,0,0,0,0,0,0,0,0,0,0,0,0,0,0,0,0,0,0,0,0,0,0,0,0,0,0,0,0,0,0,
3,8_4,10_58_31,5.0440,0,1,0,0.04244471,Baseline,2.229,0.60724,-2.133,6.171546,358.6282,6.708988E-09,0.0000,0.0000,0.0000,0.0000,0.0000,0.0000,0,0,,,,,,,0,0,0,0,0,0,0,0,0,0,0,0,0,0,0,0,0,0,0,0,0,0,0,0,0,0,0,0,0,0,0,0,0,0,0,0,0,0,0,0,0,0,0,0,0,0,0,0,0,0,0,
3,8_4,10_58_31,5.0475,0,1,0,0.04591656,Baseline,2.229,0.60724,-2.133,6.171546,358.6282,6.708988E-09,0.0000,0.0000,0.0000,0.0000,0.0000,0.0000,0,0,,,,,,,0,0,0,0,0,0,0,0,0,0,0,0,0,0,0,0,0,0,0,0,0,0,0,0,0,0,0,0,0,0,0,0,0,0,0,0,0,0,0,0,0,0,0,0,0,0,0,0,0,0,0,
3,8_4,10_58_31,5.0510,0,1,0,0.04944801,Baseline,2.229,0.60724,-2.133,6.171546,358.6282,6.708988E-09,0.0000,0.0000,0.0000,0.0000,0.0000,0.0000,0,0,,,,,,,0,0,0,0,0,0,0,0,0,0,0,0,0,0,0,0,0,0,0,0,0,0,0,0,0,0,0,0,0,0,0,0,0,0,0,0,0,0,0,0,0,0,0,0,0,0,0,0,0,0,0,
3,8_4,10_58_31,5.0545,0,1,0,0.05290318,Baseline,2.229,0.60724,-2.133,6.171546,358.6282,6.708988E-09,0.0000,0.0000,0.0000,0.0000,0.0000,0.0000,0,0,,,,,,,0,0,0,0,0,0,0,0,0,0,0,0,0,0,0,0,0,0,0,0,0,0,0,0,0,0,0,0,0,0,0,0,0,0,0,0,0,0,0,0,0,0,0,0,0,0,0,0,0,0,0,
3,8_4,10_58_31,5.0579,0,1,0,0.05635595,Baseline,2.229,0.60724,-2.133,6.171546,358.6282,6.708988E-09,0.0000,0.0000,0.0000,0.0000,0.0000,0.0000,0,0,,,,,,,0,0,0,0,0,0,0,0,0,0,0,0,0,0,0,0,0,0,0,0,0,0,0,0,0,0,0,0,0,0,0,0,0,0,0,0,0,0,0,0,0,0,0,0,0,0,0,0,0,0,0,
3,8_4,10_58_31,5.0613,0,1,0,0.05977774,Baseline,2.229,0.60724,-2.133,6.171546,358.6282,6.708988E-09,0.0000,0.0000,0.0000,0.0000,0.0000,0.0000,0,0,,,,,,,0,0,0,0,0,0,0,0,0,0,0,0,0,0,0,0,0,0,0,0,0,0,0,0,0,0,0,0,0,0,0,0,0,0,0,0,0,0,0,0,0,0,0,0,0,0,0,0,0,0,0,
3,8_4,10_58_31,5.0650,0,1,0,0.06340075,Baseline,2.229,0.60724,-2.133,6.171546,358.6282,6.708988E-09,0.0000,0.0000,0.0000,0.0000,0.0000,0.0000,0,0,,,,,,,0,0,0,0,0,0,0,0,0,0,0,0,0,0,0,0,0,0,0,0,0,0,0,0,0,0,0,0,0,0,0,0,0,0,0,0,0,0,0,0,0,0,0,0,0,0,0,0,0,0,0,
3,8_4,10_58_31,5.0689,0,1,0,0.06736469,Baseline,2.229,0.60724,-2.133,6.171546,358.6282,6.708988E-09,0.0000,0.0000,0.0000,0.0000,0.0000,0.0000,0,0,,,,,,,0,0,0,0,0,0,0,0,0,0,0,0,0,0,0,0,0,0,0,0,0,0,0,0,0,0,0,0,0,0,0,0,0,0,0,0,0,0,0,0,0,0,0,0,0,0,0,0,0,0,0,
3,8_4,10_58_31,5.0741,0,1,0,0.07250309,Baseline,2.229,0.60724,-2.133,6.171546,358.6282,6.708988E-09,0.0000,0.0000,0.0000,0.0000,0.0000,0.0000,0,0,,,,,,,0,0,0,0,0,0,0,0,0,0,0,0,0,0,0,0,0,0,0,0,0,0,0,0,0,0,0,0,0,0,0,0,0,0,0,0,0,0,0,0,0,0,0,0,0,0,0,0,0,0,0,
3,8_4,10_58_31,5.0775,0,1,0,0.07593012,Baseline,2.229,0.60724,-2.133,6.171546,358.6282,6.708988E-09,0.0000,0.0000,0.0000,0.0000,0.0000,0.0000,0,0,,,,,,,0,0,0,0,0,0,0,0,0,0,0,0,0,0,0,0,0,0,0,0,0,0,0,0,0,0,0,0,0,0,0,0,0,0,0,0,0,0,0,0,0,0,0,0,0,0,0,0,0,0,0,
3,8_4,10_58_31,5.0809,0,1,0,0.07933855,Baseline,2.229,0.60724,-2.133,6.171546,358.6282,6.708988E-09,0.0000,0.0000,0.0000,0.0000,0.0000,0.0000,0,0,,,,,,,0,0,0,0,0,0,0,0,0,0,0,0,0,0,0,0,0,0,0,0,0,0,0,0,0,0,0,0,0,0,0,0,0,0,0,0,0,0,0,0,0,0,0,0,0,0,0,0,0,0,0,
3,8_4,10_58_31,5.0844,0,1,0,0.08284616,Baseline,2.229,0.60724,-2.133,6.171546,358.6282,6.708988E-09,0.0000,0.0000,0.0000,0.0000,0.0000,0.0000,0,0,,,,,,,0,0,0,0,0,0,0,0,0,0,0,0,0,0,0,0,0,0,0,0,0,0,0,0,0,0,0,0,0,0,0,0,0,0,0,0,0,0,0,0,0,0,0,0,0,0,0,0,0,0,0,
3,8_4,10_58_31,5.0877,0,1,0,0.0861454,Baseline,2.229,0.60724,-2.133,6.171546,358.6282,6.708988E-09,0.0000,0.0000,0.0000,0.0000,0.0000,0.0000,0,0,,,,,,,0,0,0,0,0,0,0,0,0,0,0,0,0,0,0,0,0,0,0,0,0,0,0,0,0,0,0,0,0,0,0,0,0,0,0,0,0,0,0,0,0,0,0,0,0,0,0,0,0,0,0,
3,8_4,10_58_31,5.0911,0,1,0,0.0895443,Baseline,2.229,0.60724,-2.133,6.171546,358.6282,6.708988E-09,0.0000,0.0000,0.0000,0.0000,0.0000,0.0000,0,0,,,,,,,0,0,0,0,0,0,0,0,0,0,0,0,0,0,0,0,0,0,0,0,0,0,0,0,0,0,0,0,0,0,0,0,0,0,0,0,0,0,0,0,0,0,0,0,0,0,0,0,0,0,0,
3,8_4,10_58_31,5.0945,0,1,0,0.09289026,Baseline,2.229,0.60724,-2.133,6.171546,358.6282,6.708988E-09,0.0000,0.0000,0.0000,0.0000,0.0000,0.0000,0,0,,,,,,,0,0,0,0,0,0,0,0,0,0,0,0,0,0,0,0,0,0,0,0,0,0,0,0,0,0,0,0,0,0,0,0,0,0,0,0,0,0,0,0,0,0,0,0,0,0,0,0,0,0,0,
3,8_4,10_58_31,5.0978,0,1,0,0.09626007,Baseline,2.229,0.60724,-2.133,6.171546,358.6282,6.708988E-09,0.0000,0.0000,0.0000,0.0000,0.0000,0.0000,0,0,,,,,,,0,0,0,0,0,0,0,0,0,0,0,0,0,0,0,0,0,0,0,0,0,0,0,0,0,0,0,0,0,0,0,0,0,0,0,0,0,0,0,0,0,0,0,0,0,0,0,0,0,0,0,
3,8_4,10_58_31,5.1013,0,1,0,0.09973717,Baseline,2.229,0.60724,-2.133,6.171546,358.6282,6.708988E-09,0.0000,0.0000,0.0000,0.0000,0.0000,0.0000,0,0,,,,,,,0,0,0,0,0,0,0,0,0,0,0,0,0,0,0,0,0,0,0,0,0,0,0,0,0,0,0,0,0,0,0,0,0,0,0,0,0,0,0,0,0,0,0,0,0,0,0,0,0,0,0,
3,8_4,10_58_31,5.1048,0,1,0,0.1032457,Baseline,2.229,0.60724,-2.133,6.171546,358.6282,6.708988E-09,0.0000,0.0000,0.0000,0.0000,0.0000,0.0000,0,0,,,,,,,0,0,0,0,0,0,0,0,0,0,0,0,0,0,0,0,0,0,0,0,0,0,0,0,0,0,0,0,0,0,0,0,0,0,0,0,0,0,0,0,0,0,0,0,0,0,0,0,0,0,0,
3,8_4,10_58_31,5.1081,0,1,0,0.106576,Baseline,2.229,0.60724,-2.133,6.171546,358.6282,6.708988E-09,0.0000,0.0000,0.0000,0.0000,0.0000,0.0000,0,0,,,,,,,0,0,0,0,0,0,0,0,0,0,0,0,0,0,0,0,0,0,0,0,0,0,0,0,0,0,0,0,0,0,0,0,0,0,0,0,0,0,0,0,0,0,0,0,0,0,0,0,0,0,0,
3,8_4,10_58_31,5.1115,0,1,0,0.1098919,Baseline,2.229,0.60724,-2.133,6.171546,358.6282,6.708988E-09,0.0000,0.0000,0.0000,0.0000,0.0000,0.0000,0,0,,,,,,,0,0,0,0,0,0,0,0,0,0,0,0,0,0,0,0,0,0,0,0,0,0,0,0,0,0,0,0,0,0,0,0,0,0,0,0,0,0,0,0,0,0,0,0,0,0,0,0,0,0,0,
3,8_4,10_58_31,5.1149,0,1,0,0.1133242,Baseline,2.229,0.60724,-2.133,6.171546,358.6282,6.708988E-09,0.0000,0.0000,0.0000,0.0000,0.0000,0.0000,0,0,,,,,,,0,0,0,0,0,0,0,0,0,0,0,0,0,0,0,0,0,0,0,0,0,0,0,0,0,0,0,0,0,0,0,0,0,0,0,0,0,0,0,0,0,0,0,0,0,0,0,0,0,0,0,
3,8_4,10_58_31,5.1187,0,1,0,0.1171546,Baseline,2.229,0.60724,-2.133,6.171546,358.6282,6.708988E-09,0.0000,0.0000,0.0000,0.0000,0.0000,0.0000,0,0,,,,,,,0,0,0,0,0,0,0,0,0,0,0,0,0,0,0,0,0,0,0,0,0,0,0,0,0,0,0,0,0,0,0,0,0,0,0,0,0,0,0,0,0,0,0,0,0,0,0,0,0,0,0,
3,8_4,10_58_31,5.1221,0,1,0,0.1204891,Baseline,2.229,0.60724,-2.133,6.171546,358.6282,6.708988E-09,0.0000,0.0000,0.0000,0.0000,0.0000,0.0000,0,0,,,,,,,0,0,0,0,0,0,0,0,0,0,0,0,0,0,0,0,0,0,0,0,0,0,0,0,0,0,0,0,0,0,0,0,0,0,0,0,0,0,0,0,0,0,0,0,0,0,0,0,0,0,0,
3,8_4,10_58_31,5.1255,0,1,0,0.1239729,Baseline,2.229,0.60724,-2.133,6.171546,358.6282,6.708988E-09,0.0000,0.0000,0.0000,0.0000,0.0000,0.0000,0,0,,,,,,,0,0,0,0,0,0,0,0,0,0,0,0,0,0,0,0,0,0,0,0,0,0,0,0,0,0,0,0,0,0,0,0,0,0,0,0,0,0,0,0,0,0,0,0,0,0,0,0,0,0,0,
3,8_4,10_58_31,5.1290,0,1,0,0.1274686,Baseline,2.229,0.60724,-2.133,6.171546,358.6282,6.708988E-09,0.0000,0.0000,0.0000,0.0000,0.0000,0.0000,0,0,,,,,,,0,0,0,0,0,0,0,0,0,0,0,0,0,0,0,0,0,0,0,0,0,0,0,0,0,0,0,0,0,0,0,0,0,0,0,0,0,0,0,0,0,0,0,0,0,0,0,0,0,0,0,
3,8_4,10_58_31,5.1325,0,1,0,0.1309328,Baseline,2.229,0.60724,-2.133,6.171546,358.6282,6.708988E-09,0.0000,0.0000,0.0000,0.0000,0.0000,0.0000,0,0,,,,,,,0,0,0,0,0,0,0,0,0,0,0,0,0,0,0,0,0,0,0,0,0,0,0,0,0,0,0,0,0,0,0,0,0,0,0,0,0,0,0,0,0,0,0,0,0,0,0,0,0,0,0,
3,8_4,10_58_31,5.1359,0,1,0,0.134346,Baseline,2.229,0.60724,-2.133,6.171546,358.6282,6.708988E-09,0.0000,0.0000,0.0000,0.0000,0.0000,0.0000,0,0,,,,,,,0,0,0,0,0,0,0,0,0,0,0,0,0,0,0,0,0,0,0,0,0,0,0,0,0,0,0,0,0,0,0,0,0,0,0,0,0,0,0,0,0,0,0,0,0,0,0,0,0,0,0,
3,8_4,10_58_31,5.1392,0,1,0,0.1376443,Baseline,2.229,0.60724,-2.133,6.171546,358.6282,6.708988E-09,0.0000,0.0000,0.0000,0.0000,0.0000,0.0000,0,0,,,,,,,0,0,0,0,0,0,0,0,0,0,0,0,0,0,0,0,0,0,0,0,0,0,0,0,0,0,0,0,0,0,0,0,0,0,0,0,0,0,0,0,0,0,0,0,0,0,0,0,0,0,0,
3,8_4,10_58_31,5.1426,0,1,0,0.1409812,Baseline,2.229,0.60724,-2.133,6.171546,358.6282,6.708988E-09,0.0000,0.0000,0.0000,0.0000,0.0000,0.0000,0,0,,,,,,,0,0,0,0,0,0,0,0,0,0,0,0,0,0,0,0,0,0,0,0,0,0,0,0,0,0,0,0,0,0,0,0,0,0,0,0,0,0,0,0,0,0,0,0,0,0,0,0,0,0,0,
3,8_4,10_58_31,5.1460,0,1,0,0.1444087,Baseline,2.229,0.60724,-2.133,6.171546,358.6282,6.708988E-09,0.0000,0.0000,0.0000,0.0000,0.0000,0.0000,0,0,,,,,,,0,0,0,0,0,0,0,0,0,0,0,0,0,0,0,0,0,0,0,0,0,0,0,0,0,0,0,0,0,0,0,0,0,0,0,0,0,0,0,0,0,0,0,0,0,0,0,0,0,0,0,
3,8_4,10_58_31,5.1494,0,1,0,0.1477985,Baseline,2.229,0.60724,-2.133,6.171546,358.6282,6.708988E-09,0.0000,0.0000,0.0000,0.0000,0.0000,0.0000,0,0,,,,,,,0,0,0,0,0,0,0,0,0,0,0,0,0,0,0,0,0,0,0,0,0,0,0,0,0,0,0,0,0,0,0,0,0,0,0,0,0,0,0,0,0,0,0,0,0,0,0,0,0,0,0,
3,8_4,10_58_31,5.1528,0,1,0,0.1512604,Baseline,2.229,0.60724,-2.133,6.171546,358.6282,6.708988E-09,0.0000,0.0000,0.0000,0.0000,0.0000,0.0000,0,0,,,,,,,0,0,0,0,0,0,0,0,0,0,0,0,0,0,0,0,0,0,0,0,0,0,0,0,0,0,0,0,0,0,0,0,0,0,0,0,0,0,0,0,0,0,0,0,0,0,0,0,0,0,0,
3,8_4,10_58_31,5.1562,0,1,0,0.1545997,Baseline,2.229,0.60724,-2.133,6.171546,358.6282,6.708988E-09,0.0000,0.0000,0.0000,0.0000,0.0000,0.0000,0,0,,,,,,,0,0,0,0,0,0,0,0,0,0,0,0,0,0,0,0,0,0,0,0,0,0,0,0,0,0,0,0,0,0,0,0,0,0,0,0,0,0,0,0,0,0,0,0,0,0,0,0,0,0,0,
3,8_4,10_58_31,5.1595,0,1,0,0.1579289,Baseline,2.229,0.60724,-2.133,6.171546,358.6282,6.708988E-09,0.0000,0.0000,0.0000,0.0000,0.0000,0.0000,0,0,,,,,,,0,0,0,0,0,0,0,0,0,0,0,0,0,0,0,0,0,0,0,0,0,0,0,0,0,0,0,0,0,0,0,0,0,0,0,0,0,0,0,0,0,0,0,0,0,0,0,0,0,0,0,
3,8_4,10_58_31,5.1629,0,1,0,0.1613569,Baseline,2.229,0.60724,-2.133,6.171546,358.6282,6.708988E-09,0.0000,0.0000,0.0000,0.0000,0.0000,0.0000,0,0,,,,,,,0,0,0,0,0,0,0,0,0,0,0,0,0,0,0,0,0,0,0,0,0,0,0,0,0,0,0,0,0,0,0,0,0,0,0,0,0,0,0,0,0,0,0,0,0,0,0,0,0,0,0,
3,8_4,10_58_31,5.1663,0,1,0,0.1647425,Baseline,2.229,0.60724,-2.133,6.171546,358.6282,6.708988E-09,0.0000,0.0000,0.0000,0.0000,0.0000,0.0000,0,0,,,,,,,0,0,0,0,0,0,0,0,0,0,0,0,0,0,0,0,0,0,0,0,0,0,0,0,0,0,0,0,0,0,0,0,0,0,0,0,0,0,0,0,0,0,0,0,0,0,0,0,0,0,0,
3,8_4,10_58_31,5.1696,0,1,0,0.1680713,Baseline,2.229,0.60724,-2.133,6.171546,358.6282,6.708988E-09,0.0000,0.0000,0.0000,0.0000,0.0000,0.0000,0,0,,,,,,,0,0,0,0,0,0,0,0,0,0,0,0,0,0,0,0,0,0,0,0,0,0,0,0,0,0,0,0,0,0,0,0,0,0,0,0,0,0,0,0,0,0,0,0,0,0,0,0,0,0,0,
3,8_4,10_58_31,5.1730,0,1,0,0.1714292,Baseline,2.229,0.60724,-2.133,6.171546,358.6282,6.708988E-09,0.0000,0.0000,0.0000,0.0000,0.0000,0.0000,0,0,,,,,,,0,0,0,0,0,0,0,0,0,0,0,0,0,0,0,0,0,0,0,0,0,0,0,0,0,0,0,0,0,0,0,0,0,0,0,0,0,0,0,0,0,0,0,0,0,0,0,0,0,0,0,
3,8_4,10_58_31,5.1764,0,1,0,0.1747952,Baseline,2.229,0.60724,-2.133,6.171546,358.6282,6.708988E-09,0.0000,0.0000,0.0000,0.0000,0.0000,0.0000,0,0,,,,,,,0,0,0,0,0,0,0,0,0,0,0,0,0,0,0,0,0,0,0,0,0,0,0,0,0,0,0,0,0,0,0,0,0,0,0,0,0,0,0,0,0,0,0,0,0,0,0,0,0,0,0,
3,8_4,10_58_31,5.1800,0,1,0,0.1784048,Baseline,2.229,0.60724,-2.133,6.171546,358.6282,6.708988E-09,0.0000,0.0000,0.0000,0.0000,0.0000,0.0000,0,0,,,,,,,0,0,0,0,0,0,0,0,0,0,0,0,0,0,0,0,0,0,0,0,0,0,0,0,0,0,0,0,0,0,0,0,0,0,0,0,0,0,0,0,0,0,0,0,0,0,0,0,0,0,0,
3,8_4,10_58_31,5.1834,0,1,0,0.1818237,Baseline,2.229,0.60724,-2.133,6.171546,358.6282,6.708988E-09,0.0000,0.0000,0.0000,0.0000,0.0000,0.0000,0,0,,,,,,,0,0,0,0,0,0,0,0,0,0,0,0,0,0,0,0,0,0,0,0,0,0,0,0,0,0,0,0,0,0,0,0,0,0,0,0,0,0,0,0,0,0,0,0,0,0,0,0,0,0,0,
3,8_4,10_58_31,5.1870,0,1,0,0.1853914,Baseline,2.229,0.60724,-2.133,6.171546,358.6282,6.708988E-09,0.0000,0.0000,0.0000,0.0000,0.0000,0.0000,0,0,,,,,,,0,0,0,0,0,0,0,0,0,0,0,0,0,0,0,0,0,0,0,0,0,0,0,0,0,0,0,0,0,0,0,0,0,0,0,0,0,0,0,0,0,0,0,0,0,0,0,0,0,0,0,
3,8_4,10_58_31,5.1904,0,1,0,0.1887941,Baseline,2.229,0.60724,-2.133,6.171546,358.6282,6.708988E-09,0.0000,0.0000,0.0000,0.0000,0.0000,0.0000,0,0,,,,,,,0,0,0,0,0,0,0,0,0,0,0,0,0,0,0,0,0,0,0,0,0,0,0,0,0,0,0,0,0,0,0,0,0,0,0,0,0,0,0,0,0,0,0,0,0,0,0,0,0,0,0,
3,8_4,10_58_31,5.1937,0,1,0,0.1921773,Baseline,2.229,0.60724,-2.133,6.171546,358.6282,6.708988E-09,0.0000,0.0000,0.0000,0.0000,0.0000,0.0000,0,0,,,,,,,0,0,0,0,0,0,0,0,0,0,0,0,0,0,0,0,0,0,0,0,0,0,0,0,0,0,0,0,0,0,0,0,0,0,0,0,0,0,0,0,0,0,0,0,0,0,0,0,0,0,0,
3,8_4,10_58_31,5.1972,0,1,0,0.1955853,Baseline,2.229,0.60724,-2.133,6.171546,358.6282,6.708988E-09,0.0000,0.0000,0.0000,0.0000,0.0000,0.0000,0,0,,,,,,,0,0,0,0,0,0,0,0,0,0,0,0,0,0,0,0,0,0,0,0,0,0,0,0,0,0,0,0,0,0,0,0,0,0,0,0,0,0,0,0,0,0,0,0,0,0,0,0,0,0,0,
3,8_4,10_58_31,5.2007,0,1,0,0.1991711,Baseline,2.229,0.60724,-2.133,6.171546,358.6282,6.708988E-09,0.0000,0.0000,0.0000,0.0000,0.0000,0.0000,0,0,,,,,,,0,0,0,0,0,0,0,0,0,0,0,0,0,0,0,0,0,0,0,0,0,0,0,0,0,0,0,0,0,0,0,0,0,0,0,0,0,0,0,0,0,0,0,0,0,0,0,0,0,0,0,
3,8_4,10_58_31,5.2042,0,1,0,0.2026625,Baseline,2.229,0.60724,-2.133,6.171546,358.6282,6.708988E-09,0.0000,0.0000,0.0000,0.0000,0.0000,0.0000,0,0,,,,,,,0,0,0,0,0,0,0,0,0,0,0,0,0,0,0,0,0,0,0,0,0,0,0,0,0,0,0,0,0,0,0,0,0,0,0,0,0,0,0,0,0,0,0,0,0,0,0,0,0,0,0,
3,8_4,10_58_31,5.2076,0,1,0,0.206079,Baseline,2.229,0.60724,-2.133,6.171546,358.6282,6.708988E-09,0.0000,0.0000,0.0000,0.0000,0.0000,0.0000,0,0,,,,,,,0,0,0,0,0,0,0,0,0,0,0,0,0,0,0,0,0,0,0,0,0,0,0,0,0,0,0,0,0,0,0,0,0,0,0,0,0,0,0,0,0,0,0,0,0,0,0,0,0,0,0,
3,8_4,10_58_31,5.2110,0,1,0,0.2094321,Baseline,2.229,0.60724,-2.133,6.171546,358.6282,6.708988E-09,0.0000,0.0000,0.0000,0.0000,0.0000,0.0000,0,0,,,,,,,0,0,0,0,0,0,0,0,0,0,0,0,0,0,0,0,0,0,0,0,0,0,0,0,0,0,0,0,0,0,0,0,0,0,0,0,0,0,0,0,0,0,0,0,0,0,0,0,0,0,0,
3,8_4,10_58_31,5.2143,0,1,0,0.2127481,Baseline,2.229,0.60724,-2.133,6.171546,358.6282,6.708988E-09,0.0000,0.0000,0.0000,0.0000,0.0000,0.0000,0,0,,,,,,,0,0,0,0,0,0,0,0,0,0,0,0,0,0,0,0,0,0,0,0,0,0,0,0,0,0,0,0,0,0,0,0,0,0,0,0,0,0,0,0,0,0,0,0,0,0,0,0,0,0,0,
3,8_4,10_58_31,5.2180,0,1,0,0.2163968,Baseline,2.229,0.60724,-2.133,6.171546,358.6282,6.708988E-09,0.0000,0.0000,0.0000,0.0000,0.0000,0.0000,0,0,,,,,,,0,0,0,0,0,0,0,0,0,0,0,0,0,0,0,0,0,0,0,0,0,0,0,0,0,0,0,0,0,0,0,0,0,0,0,0,0,0,0,0,0,0,0,0,0,0,0,0,0,0,0,
3,8_4,10_58_31,5.2213,0,1,0,0.2197433,Baseline,2.229,0.60724,-2.133,6.171546,358.6282,6.708988E-09,0.0000,0.0000,0.0000,0.0000,0.0000,0.0000,0,0,,,,,,,0,0,0,0,0,0,0,0,0,0,0,0,0,0,0,0,0,0,0,0,0,0,0,0,0,0,0,0,0,0,0,0,0,0,0,0,0,0,0,0,0,0,0,0,0,0,0,0,0,0,0,
3,8_4,10_58_31,5.2250,0,1,0,0.2234135,Baseline,2.229,0.60724,-2.133,6.171546,358.6282,6.708988E-09,0.0000,0.0000,0.0000,0.0000,0.0000,0.0000,0,0,,,,,,,0,0,0,0,0,0,0,0,0,0,0,0,0,0,0,0,0,0,0,0,0,0,0,0,0,0,0,0,0,0,0,0,0,0,0,0,0,0,0,0,0,0,0,0,0,0,0,0,0,0,0,
3,8_4,10_58_31,5.2287,0,1,0,0.2270989,Baseline,2.229,0.60724,-2.133,6.171546,358.6282,6.708988E-09,0.0000,0.0000,0.0000,0.0000,0.0000,0.0000,0,0,,,,,,,0,0,0,0,0,0,0,0,0,0,0,0,0,0,0,0,0,0,0,0,0,0,0,0,0,0,0,0,0,0,0,0,0,0,0,0,0,0,0,0,0,0,0,0,0,0,0,0,0,0,0,
3,8_4,10_58_31,5.2324,0,1,0,0.2308197,Baseline,2.229,0.60724,-2.133,6.171546,358.6282,6.708988E-09,0.0000,0.0000,0.0000,0.0000,0.0000,0.0000,0,0,,,,,,,0,0,0,0,0,0,0,0,0,0,0,0,0,0,0,0,0,0,0,0,0,0,0,0,0,0,0,0,0,0,0,0,0,0,0,0,0,0,0,0,0,0,0,0,0,0,0,0,0,0,0,
3,8_4,10_58_31,5.2357,0,1,0,0.2341647,Baseline,2.229,0.60724,-2.133,6.171546,358.6282,6.708988E-09,0.0000,0.0000,0.0000,0.0000,0.0000,0.0000,0,0,,,,,,,0,0,0,0,0,0,0,0,0,0,0,0,0,0,0,0,0,0,0,0,0,0,0,0,0,0,0,0,0,0,0,0,0,0,0,0,0,0,0,0,0,0,0,0,0,0,0,0,0,0,0,
3,8_4,10_58_31,5.2391,0,1,0,0.2375259,Baseline,2.229,0.60724,-2.133,6.171546,358.6282,6.708988E-09,0.0000,0.0000,0.0000,0.0000,0.0000,0.0000,0,0,,,,,,,0,0,0,0,0,0,0,0,0,0,0,0,0,0,0,0,0,0,0,0,0,0,0,0,0,0,0,0,0,0,0,0,0,0,0,0,0,0,0,0,0,0,0,0,0,0,0,0,0,0,0,
3,8_4,10_58_31,5.2425,0,1,0,0.2408819,Baseline,2.229,0.60724,-2.133,6.171546,358.6282,6.708988E-09,0.0000,0.0000,0.0000,0.0000,0.0000,0.0000,0,0,,,,,,,0,0,0,0,0,0,0,0,0,0,0,0,0,0,0,0,0,0,0,0,0,0,0,0,0,0,0,0,0,0,0,0,0,0,0,0,0,0,0,0,0,0,0,0,0,0,0,0,0,0,0,
3,8_4,10_58_31,5.2459,0,1,0,0.2443156,Baseline,2.229,0.60724,-2.133,6.171546,358.6282,6.708988E-09,0.0000,0.0000,0.0000,0.0000,0.0000,0.0000,0,0,,,,,,,0,0,0,0,0,0,0,0,0,0,0,0,0,0,0,0,0,0,0,0,0,0,0,0,0,0,0,0,0,0,0,0,0,0,0,0,0,0,0,0,0,0,0,0,0,0,0,0,0,0,0,
3,8_4,10_58_31,5.2492,0,1,0,0.2476654,Baseline,2.229,0.60724,-2.133,6.171546,358.6282,6.708988E-09,0.0000,0.0000,0.0000,0.0000,0.0000,0.0000,0,0,,,,,,,0,0,0,0,0,0,0,0,0,0,0,0,0,0,0,0,0,0,0,0,0,0,0,0,0,0,0,0,0,0,0,0,0,0,0,0,0,0,0,0,0,0,0,0,0,0,0,0,0,0,0,
3,8_4,10_58_31,5.2526,0,1,0,0.2510605,Baseline,2.229,0.60724,-2.133,6.171546,358.6282,6.708988E-09,0.0000,0.0000,0.0000,0.0000,0.0000,0.0000,0,0,,,,,,,0,0,0,0,0,0,0,0,0,0,0,0,0,0,0,0,0,0,0,0,0,0,0,0,0,0,0,0,0,0,0,0,0,0,0,0,0,0,0,0,0,0,0,0,0,0,0,0,0,0,0,
3,8_4,10_58_31,5.2561,0,1,0,0.2545018,Baseline,2.229,0.60724,-2.133,6.171546,358.6282,6.708988E-09,0.0000,0.0000,0.0000,0.0000,0.0000,0.0000,0,0,,,,,,,0,0,0,0,0,0,0,0,0,0,0,0,0,0,0,0,0,0,0,0,0,0,0,0,0,0,0,0,0,0,0,0,0,0,0,0,0,0,0,0,0,0,0,0,0,0,0,0,0,0,0,
3,8_4,10_58_31,5.2594,0,1,0,0.257864,Baseline,2.229,0.60724,-2.133,6.171546,358.6282,6.708988E-09,0.0000,0.0000,0.0000,0.0000,0.0000,0.0000,0,0,,,,,,,0,0,0,0,0,0,0,0,0,0,0,0,0,0,0,0,0,0,0,0,0,0,0,0,0,0,0,0,0,0,0,0,0,0,0,0,0,0,0,0,0,0,0,0,0,0,0,0,0,0,0,
3,8_4,10_58_31,5.2628,0,1,0,0.2612271,Baseline,2.229,0.60724,-2.133,6.171546,358.6282,6.708988E-09,0.0000,0.0000,0.0000,0.0000,0.0000,0.0000,0,0,,,,,,,0,0,0,0,0,0,0,0,0,0,0,0,0,0,0,0,0,0,0,0,0,0,0,0,0,0,0,0,0,0,0,0,0,0,0,0,0,0,0,0,0,0,0,0,0,0,0,0,0,0,0,
3,8_4,10_58_31,5.2664,0,1,0,0.2648597,Baseline,2.229,0.60724,-2.133,6.171546,358.6282,6.708988E-09,0.0000,0.0000,0.0000,0.0000,0.0000,0.0000,0,0,,,,,,,0,0,0,0,0,0,0,0,0,0,0,0,0,0,0,0,0,0,0,0,0,0,0,0,0,0,0,0,0,0,0,0,0,0,0,0,0,0,0,0,0,0,0,0,0,0,0,0,0,0,0,
3,8_4,10_58_31,5.2700,0,1,0,0.2684054,Baseline,2.229,0.60724,-2.133,6.171546,358.6282,6.708988E-09,0.0000,0.0000,0.0000,0.0000,0.0000,0.0000,0,0,,,,,,,0,0,0,0,0,0,0,0,0,0,0,0,0,0,0,0,0,0,0,0,0,0,0,0,0,0,0,0,0,0,0,0,0,0,0,0,0,0,0,0,0,0,0,0,0,0,0,0,0,0,0,
3,8_4,10_58_31,5.2746,0,1,0,0.2730279,Baseline,2.229,0.60724,-2.133,6.171546,358.6282,6.708988E-09,0.0000,0.0000,0.0000,0.0000,0.0000,0.0000,0,0,,,,,,,0,0,0,0,0,0,0,0,0,0,0,0,0,0,0,0,0,0,0,0,0,0,0,0,0,0,0,0,0,0,0,0,0,0,0,0,0,0,0,0,0,0,0,0,0,0,0,0,0,0,0,
3,8_4,10_58_31,5.2783,0,1,0,0.2766852,Baseline,2.229,0.60724,-2.133,6.171546,358.6282,6.708988E-09,0.0000,0.0000,0.0000,0.0000,0.0000,0.0000,0,0,,,,,,,0,0,0,0,0,0,0,0,0,0,0,0,0,0,0,0,0,0,0,0,0,0,0,0,0,0,0,0,0,0,0,0,0,0,0,0,0,0,0,0,0,0,0,0,0,0,0,0,0,0,0,
3,8_4,10_58_31,5.2824,0,1,0,0.2808385,Baseline,2.229,0.60724,-2.133,6.171546,358.6282,6.708988E-09,0.0000,0.0000,0.0000,0.0000,0.0000,0.0000,0,0,,,,,,,0,0,0,0,0,0,0,0,0,0,0,0,0,0,0,0,0,0,0,0,0,0,0,0,0,0,0,0,0,0,0,0,0,0,0,0,0,0,0,0,0,0,0,0,0,0,0,0,0,0,0,
3,8_4,10_58_31,5.2859,0,1,0,0.284338,Baseline,2.229,0.60724,-2.133,6.171546,358.6282,6.708988E-09,0.0000,0.0000,0.0000,0.0000,0.0000,0.0000,0,0,,,,,,,0,0,0,0,0,0,0,0,0,0,0,0,0,0,0,0,0,0,0,0,0,0,0,0,0,0,0,0,0,0,0,0,0,0,0,0,0,0,0,0,0,0,0,0,0,0,0,0,0,0,0,
3,8_4,10_58_31,5.2893,0,1,0,0.2877188,Baseline,2.229,0.60724,-2.133,6.171546,358.6282,6.708988E-09,0.0000,0.0000,0.0000,0.0000,0.0000,0.0000,0,0,,,,,,,0,0,0,0,0,0,0,0,0,0,0,0,0,0,0,0,0,0,0,0,0,0,0,0,0,0,0,0,0,0,0,0,0,0,0,0,0,0,0,0,0,0,0,0,0,0,0,0,0,0,0,
3,8_4,10_58_31,5.2926,0,1,0,0.2910728,Baseline,2.229,0.60724,-2.133,6.171546,358.6282,6.708988E-09,0.0000,0.0000,0.0000,0.0000,0.0000,0.0000,0,0,,,,,,,0,0,0,0,0,0,0,0,0,0,0,0,0,0,0,0,0,0,0,0,0,0,0,0,0,0,0,0,0,0,0,0,0,0,0,0,0,0,0,0,0,0,0,0,0,0,0,0,0,0,0,
3,8_4,10_58_31,5.2959,0,1,0,0.2943769,Baseline,2.229,0.60724,-2.133,6.171546,358.6282,6.708988E-09,0.0000,0.0000,0.0000,0.0000,0.0000,0.0000,0,0,,,,,,,0,0,0,0,0,0,0,0,0,0,0,0,0,0,0,0,0,0,0,0,0,0,0,0,0,0,0,0,0,0,0,0,0,0,0,0,0,0,0,0,0,0,0,0,0,0,0,0,0,0,0,
3,8_4,10_58_31,5.2994,0,1,0,0.2978292,Baseline,2.229,0.60724,-2.133,6.171546,358.6282,6.708988E-09,0.0000,0.0000,0.0000,0.0000,0.0000,0.0000,0,0,,,,,,,0,0,0,0,0,0,0,0,0,0,0,0,0,0,0,0,0,0,0,0,0,0,0,0,0,0,0,0,0,0,0,0,0,0,0,0,0,0,0,0,0,0,0,0,0,0,0,0,0,0,0,
3,8_4,10_58_31,5.3030,0,1,0,0.3014169,Baseline,2.229,0.60724,-2.133,6.171546,358.6282,6.708988E-09,0.0000,0.0000,0.0000,0.0000,0.0000,0.0000,0,0,,,,,,,0,0,0,0,0,0,0,0,0,0,0,0,0,0,0,0,0,0,0,0,0,0,0,0,0,0,0,0,0,0,0,0,0,0,0,0,0,0,0,0,0,0,0,0,0,0,0,0,0,0,0,
3,8_4,10_58_31,5.3066,0,1,0,0.3049808,Baseline,2.229,0.60724,-2.133,6.171546,358.6282,6.708988E-09,0.0000,0.0000,0.0000,0.0000,0.0000,0.0000,0,0,,,,,,,0,0,0,0,0,0,0,0,0,0,0,0,0,0,0,0,0,0,0,0,0,0,0,0,0,0,0,0,0,0,0,0,0,0,0,0,0,0,0,0,0,0,0,0,0,0,0,0,0,0,0,
3,8_4,10_58_31,5.3102,0,1,0,0.3086019,Baseline,2.229,0.60724,-2.133,6.171546,358.6282,6.708988E-09,0.0000,0.0000,0.0000,0.0000,0.0000,0.0000,0,0,,,,,,,0,0,0,0,0,0,0,0,0,0,0,0,0,0,0,0,0,0,0,0,0,0,0,0,0,0,0,0,0,0,0,0,0,0,0,0,0,0,0,0,0,0,0,0,0,0,0,0,0,0,0,
3,8_4,10_58_31,5.3136,0,1,0,0.3120055,Baseline,2.229,0.60724,-2.133,6.171546,358.6282,6.708988E-09,0.0000,0.0000,0.0000,0.0000,0.0000,0.0000,0,0,,,,,,,0,0,0,0,0,0,0,0,0,0,0,0,0,0,0,0,0,0,0,0,0,0,0,0,0,0,0,0,0,0,0,0,0,0,0,0,0,0,0,0,0,0,0,0,0,0,0,0,0,0,0,
3,8_4,10_58_31,5.3170,0,1,0,0.3154101,Baseline,2.229,0.60724,-2.133,6.171546,358.6282,6.708988E-09,0.0000,0.0000,0.0000,0.0000,0.0000,0.0000,0,0,,,,,,,0,0,0,0,0,0,0,0,0,0,0,0,0,0,0,0,0,0,0,0,0,0,0,0,0,0,0,0,0,0,0,0,0,0,0,0,0,0,0,0,0,0,0,0,0,0,0,0,0,0,0,
3,8_4,10_58_31,5.3205,0,1,0,0.3189211,Baseline,2.229,0.60724,-2.133,6.171546,358.6282,6.708988E-09,0.0000,0.0000,0.0000,0.0000,0.0000,0.0000,0,0,,,,,,,0,0,0,0,0,0,0,0,0,0,0,0,0,0,0,0,0,0,0,0,0,0,0,0,0,0,0,0,0,0,0,0,0,0,0,0,0,0,0,0,0,0,0,0,0,0,0,0,0,0,0,
3,8_4,10_58_31,5.3241,0,1,0,0.3225498,Baseline,2.229,0.60724,-2.133,6.171546,358.6282,6.708988E-09,0.0000,0.0000,0.0000,0.0000,0.0000,0.0000,0,0,,,,,,,0,0,0,0,0,0,0,0,0,0,0,0,0,0,0,0,0,0,0,0,0,0,0,0,0,0,0,0,0,0,0,0,0,0,0,0,0,0,0,0,0,0,0,0,0,0,0,0,0,0,0,
3,8_4,10_58_31,5.3277,0,1,0,0.3261142,Baseline,2.229,0.60724,-2.133,6.171546,358.6282,6.708988E-09,0.0000,0.0000,0.0000,0.0000,0.0000,0.0000,0,0,,,,,,,0,0,0,0,0,0,0,0,0,0,0,0,0,0,0,0,0,0,0,0,0,0,0,0,0,0,0,0,0,0,0,0,0,0,0,0,0,0,0,0,0,0,0,0,0,0,0,0,0,0,0,
3,8_4,10_58_31,5.3311,0,1,0,0.3295741,Baseline,2.229,0.60724,-2.133,6.171546,358.6282,6.708988E-09,0.0000,0.0000,0.0000,0.0000,0.0000,0.0000,0,0,,,,,,,0,0,0,0,0,0,0,0,0,0,0,0,0,0,0,0,0,0,0,0,0,0,0,0,0,0,0,0,0,0,0,0,0,0,0,0,0,0,0,0,0,0,0,0,0,0,0,0,0,0,0,
3,8_4,10_58_31,5.3347,0,1,0,0.3330922,Baseline,2.229,0.60724,-2.133,6.171546,358.6282,6.708988E-09,0.0000,0.0000,0.0000,0.0000,0.0000,0.0000,0,0,,,,,,,0,0,0,0,0,0,0,0,0,0,0,0,0,0,0,0,0,0,0,0,0,0,0,0,0,0,0,0,0,0,0,0,0,0,0,0,0,0,0,0,0,0,0,0,0,0,0,0,0,0,0,
3,8_4,10_58_31,5.3381,0,1,0,0.3365555,Baseline,2.229,0.60724,-2.133,6.171546,358.6282,6.708988E-09,0.0000,0.0000,0.0000,0.0000,0.0000,0.0000,0,0,,,,,,,0,0,0,0,0,0,0,0,0,0,0,0,0,0,0,0,0,0,0,0,0,0,0,0,0,0,0,0,0,0,0,0,0,0,0,0,0,0,0,0,0,0,0,0,0,0,0,0,0,0,0,
3,8_4,10_58_31,5.3415,0,1,0,0.3399668,Baseline,2.229,0.60724,-2.133,6.171546,358.6282,6.708988E-09,0.0000,0.0000,0.0000,0.0000,0.0000,0.0000,0,0,,,,,,,0,0,0,0,0,0,0,0,0,0,0,0,0,0,0,0,0,0,0,0,0,0,0,0,0,0,0,0,0,0,0,0,0,0,0,0,0,0,0,0,0,0,0,0,0,0,0,0,0,0,0,
3,8_4,10_58_31,5.3451,0,1,0,0.3435736,Baseline,2.229,0.60724,-2.133,6.171546,358.6282,6.708988E-09,0.0000,0.0000,0.0000,0.0000,0.0000,0.0000,0,0,,,,,,,0,0,0,0,0,0,0,0,0,0,0,0,0,0,0,0,0,0,0,0,0,0,0,0,0,0,0,0,0,0,0,0,0,0,0,0,0,0,0,0,0,0,0,0,0,0,0,0,0,0,0,
3,8_4,10_58_31,5.3488,0,1,0,0.3472118,Baseline,2.229,0.60724,-2.133,6.171546,358.6282,6.708988E-09,0.0000,0.0000,0.0000,0.0000,0.0000,0.0000,0,0,,,,,,,0,0,0,0,0,0,0,0,0,0,0,0,0,0,0,0,0,0,0,0,0,0,0,0,0,0,0,0,0,0,0,0,0,0,0,0,0,0,0,0,0,0,0,0,0,0,0,0,0,0,0,
3,8_4,10_58_31,5.3524,0,1,0,0.3507919,Baseline,2.229,0.60724,-2.133,6.171546,358.6282,6.708988E-09,0.0000,0.0000,0.0000,0.0000,0.0000,0.0000,0,0,,,,,,,0,0,0,0,0,0,0,0,0,0,0,0,0,0,0,0,0,0,0,0,0,0,0,0,0,0,0,0,0,0,0,0,0,0,0,0,0,0,0,0,0,0,0,0,0,0,0,0,0,0,0,
3,8_4,10_58_31,5.3564,0,1,0,0.3548541,Baseline,2.229,0.60724,-2.133,6.171546,358.6282,6.708988E-09,0.0000,0.0000,0.0000,0.0000,0.0000,0.0000,0,0,,,,,,,0,0,0,0,0,0,0,0,0,0,0,0,0,0,0,0,0,0,0,0,0,0,0,0,0,0,0,0,0,0,0,0,0,0,0,0,0,0,0,0,0,0,0,0,0,0,0,0,0,0,0,
3,8_4,10_58_31,5.3601,0,1,0,0.3584862,Baseline,2.229,0.60724,-2.133,6.171546,358.6282,6.708988E-09,0.0000,0.0000,0.0000,0.0000,0.0000,0.0000,0,0,,,,,,,0,0,0,0,0,0,0,0,0,0,0,0,0,0,0,0,0,0,0,0,0,0,0,0,0,0,0,0,0,0,0,0,0,0,0,0,0,0,0,0,0,0,0,0,0,0,0,0,0,0,0,
3,8_4,10_58_31,5.3636,0,1,0,0.3620501,Baseline,2.229,0.60724,-2.133,6.171546,358.6282,6.708988E-09,0.0000,0.0000,0.0000,0.0000,0.0000,0.0000,0,0,,,,,,,0,0,0,0,0,0,0,0,0,0,0,0,0,0,0,0,0,0,0,0,0,0,0,0,0,0,0,0,0,0,0,0,0,0,0,0,0,0,0,0,0,0,0,0,0,0,0,0,0,0,0,
3,8_4,10_58_31,5.3670,0,1,0,0.3653913,Baseline,2.229,0.60724,-2.133,6.171546,358.6282,6.708988E-09,0.0000,0.0000,0.0000,0.0000,0.0000,0.0000,0,0,,,,,,,0,0,0,0,0,0,0,0,0,0,0,0,0,0,0,0,0,0,0,0,0,0,0,0,0,0,0,0,0,0,0,0,0,0,0,0,0,0,0,0,0,0,0,0,0,0,0,0,0,0,0,
3,8_4,10_58_31,5.3703,0,1,0,0.3687487,Baseline,2.229,0.60724,-2.133,6.171546,358.6282,6.708988E-09,0.0000,0.0000,0.0000,0.0000,0.0000,0.0000,0,0,,,,,,,0,0,0,0,0,0,0,0,0,0,0,0,0,0,0,0,0,0,0,0,0,0,0,0,0,0,0,0,0,0,0,0,0,0,0,0,0,0,0,0,0,0,0,0,0,0,0,0,0,0,0,
3,8_4,10_58_31,5.3737,0,1,0,0.3721042,Baseline,2.229,0.60724,-2.133,6.171546,358.6282,6.708988E-09,0.0000,0.0000,0.0000,0.0000,0.0000,0.0000,0,0,,,,,,,0,0,0,0,0,0,0,0,0,0,0,0,0,0,0,0,0,0,0,0,0,0,0,0,0,0,0,0,0,0,0,0,0,0,0,0,0,0,0,0,0,0,0,0,0,0,0,0,0,0,0,
3,8_4,10_58_31,5.3770,0,1,0,0.3754773,Baseline,2.229,0.60724,-2.133,6.171546,358.6282,6.708988E-09,0.0000,0.0000,0.0000,0.0000,0.0000,0.0000,0,0,,,,,,,0,0,0,0,0,0,0,0,0,0,0,0,0,0,0,0,0,0,0,0,0,0,0,0,0,0,0,0,0,0,0,0,0,0,0,0,0,0,0,0,0,0,0,0,0,0,0,0,0,0,0,
3,8_4,10_58_31,5.3804,0,1,0,0.3788066,Baseline,2.229,0.60724,-2.133,6.171546,358.6282,6.708988E-09,0.0000,0.0000,0.0000,0.0000,0.0000,0.0000,0,0,,,,,,,0,0,0,0,0,0,0,0,0,0,0,0,0,0,0,0,0,0,0,0,0,0,0,0,0,0,0,0,0,0,0,0,0,0,0,0,0,0,0,0,0,0,0,0,0,0,0,0,0,0,0,
3,8_4,10_58_31,5.3839,0,1,0,0.3823419,Baseline,2.229,0.60724,-2.133,6.171546,358.6282,6.708988E-09,0.0000,0.0000,0.0000,0.0000,0.0000,0.0000,0,0,,,,,,,0,0,0,0,0,0,0,0,0,0,0,0,0,0,0,0,0,0,0,0,0,0,0,0,0,0,0,0,0,0,0,0,0,0,0,0,0,0,0,0,0,0,0,0,0,0,0,0,0,0,0,
3,8_4,10_58_31,5.3876,0,1,0,0.3860183,Baseline,2.229,0.60724,-2.133,6.171546,358.6282,6.708988E-09,0.0000,0.0000,0.0000,0.0000,0.0000,0.0000,0,0,,,,,,,0,0,0,0,0,0,0,0,0,0,0,0,0,0,0,0,0,0,0,0,0,0,0,0,0,0,0,0,0,0,0,0,0,0,0,0,0,0,0,0,0,0,0,0,0,0,0,0,0,0,0,
3,8_4,10_58_31,5.3910,0,1,0,0.3893838,Baseline,2.229,0.60724,-2.133,6.171546,358.6282,6.708988E-09,0.0000,0.0000,0.0000,0.0000,0.0000,0.0000,0,0,,,,,,,0,0,0,0,0,0,0,0,0,0,0,0,0,0,0,0,0,0,0,0,0,0,0,0,0,0,0,0,0,0,0,0,0,0,0,0,0,0,0,0,0,0,0,0,0,0,0,0,0,0,0,
3,8_4,10_58_31,5.3947,0,1,0,0.3931723,Baseline,2.229,0.60724,-2.133,6.171546,358.6282,6.708988E-09,0.0000,0.0000,0.0000,0.0000,0.0000,0.0000,0,0,,,,,,,0,0,0,0,0,0,0,0,0,0,0,0,0,0,0,0,0,0,0,0,0,0,0,0,0,0,0,0,0,0,0,0,0,0,0,0,0,0,0,0,0,0,0,0,0,0,0,0,0,0,0,
3,8_4,10_58_31,5.3982,0,1,0,0.396615,Baseline,2.229,0.60724,-2.133,6.171546,358.6282,6.708988E-09,0.0000,0.0000,0.0000,0.0000,0.0000,0.0000,0,0,,,,,,,0,0,0,0,0,0,0,0,0,0,0,0,0,0,0,0,0,0,0,0,0,0,0,0,0,0,0,0,0,0,0,0,0,0,0,0,0,0,0,0,0,0,0,0,0,0,0,0,0,0,0,
3,8_4,10_58_31,5.4016,0,1,0,0.3999839,Baseline,2.229,0.60724,-2.133,6.171546,358.6282,6.708988E-09,0.0000,0.0000,0.0000,0.0000,0.0000,0.0000,0,0,,,,,,,0,0,0,0,0,0,0,0,0,0,0,0,0,0,0,0,0,0,0,0,0,0,0,0,0,0,0,0,0,0,0,0,0,0,0,0,0,0,0,0,0,0,0,0,0,0,0,0,0,0,0,
3,8_4,10_58_31,5.4050,0,1,0,0.4034395,Baseline,2.229,0.60724,-2.133,6.171546,358.6282,6.708988E-09,0.0000,0.0000,0.0000,0.0000,0.0000,0.0000,0,0,,,,,,,0,0,0,0,0,0,0,0,0,0,0,0,0,0,0,0,0,0,0,0,0,0,0,0,0,0,0,0,0,0,0,0,0,0,0,0,0,0,0,0,0,0,0,0,0,0,0,0,0,0,0,
3,8_4,10_58_31,5.4084,0,1,0,0.4068332,Baseline,2.229,0.60724,-2.133,6.171546,358.6282,6.708988E-09,0.0000,0.0000,0.0000,0.0000,0.0000,0.0000,0,0,,,,,,,0,0,0,0,0,0,0,0,0,0,0,0,0,0,0,0,0,0,0,0,0,0,0,0,0,0,0,0,0,0,0,0,0,0,0,0,0,0,0,0,0,0,0,0,0,0,0,0,0,0,0,
3,8_4,10_58_31,5.4118,0,1,0,0.4102106,Baseline,2.229,0.60724,-2.133,6.171546,358.6282,6.708988E-09,0.0000,0.0000,0.0000,0.0000,0.0000,0.0000,0,0,,,,,,,0,0,0,0,0,0,0,0,0,0,0,0,0,0,0,0,0,0,0,0,0,0,0,0,0,0,0,0,0,0,0,0,0,0,0,0,0,0,0,0,0,0,0,0,0,0,0,0,0,0,0,
3,8_4,10_58_31,5.4154,0,1,0,0.4138217,Baseline,2.229,0.60724,-2.133,6.171546,358.6282,6.708988E-09,0.0000,0.0000,0.0000,0.0000,0.0000,0.0000,0,0,,,,,,,0,0,0,0,0,0,0,0,0,0,0,0,0,0,0,0,0,0,0,0,0,0,0,0,0,0,0,0,0,0,0,0,0,0,0,0,0,0,0,0,0,0,0,0,0,0,0,0,0,0,0,
3,8_4,10_58_31,5.4190,0,1,0,0.4173894,Baseline,2.229,0.60724,-2.133,6.171546,358.6282,6.708988E-09,0.0000,0.0000,0.0000,0.0000,0.0000,0.0000,0,0,,,,,,,0,0,0,0,0,0,0,0,0,0,0,0,0,0,0,0,0,0,0,0,0,0,0,0,0,0,0,0,0,0,0,0,0,0,0,0,0,0,0,0,0,0,0,0,0,0,0,0,0,0,0,
3,8_4,10_58_31,5.4225,0,1,0,0.4209461,Baseline,2.229,0.60724,-2.133,6.171546,358.6282,6.708988E-09,0.0000,0.0000,0.0000,0.0000,0.0000,0.0000,0,0,,,,,,,0,0,0,0,0,0,0,0,0,0,0,0,0,0,0,0,0,0,0,0,0,0,0,0,0,0,0,0,0,0,0,0,0,0,0,0,0,0,0,0,0,0,0,0,0,0,0,0,0,0,0,
3,8_4,10_58_31,5.4260,0,1,0,0.424459,Baseline,2.229,0.60724,-2.133,6.171546,358.6282,6.708988E-09,0.0000,0.0000,0.0000,0.0000,0.0000,0.0000,0,0,,,,,,,0,0,0,0,0,0,0,0,0,0,0,0,0,0,0,0,0,0,0,0,0,0,0,0,0,0,0,0,0,0,0,0,0,0,0,0,0,0,0,0,0,0,0,0,0,0,0,0,0,0,0,
3,8_4,10_58_31,5.4294,0,1,0,0.4278555,Baseline,2.229,0.60724,-2.133,6.171546,358.6282,6.708988E-09,0.0000,0.0000,0.0000,0.0000,0.0000,0.0000,0,0,,,,,,,0,0,0,0,0,0,0,0,0,0,0,0,0,0,0,0,0,0,0,0,0,0,0,0,0,0,0,0,0,0,0,0,0,0,0,0,0,0,0,0,0,0,0,0,0,0,0,0,0,0,0,
3,8_4,10_58_31,5.4332,0,1,0,0.4316692,Baseline,2.229,0.60724,-2.133,6.171546,358.6282,6.708988E-09,0.0000,0.0000,0.0000,0.0000,0.0000,0.0000,0,0,,,,,,,0,0,0,0,0,0,0,0,0,0,0,0,0,0,0,0,0,0,0,0,0,0,0,0,0,0,0,0,0,0,0,0,0,0,0,0,0,0,0,0,0,0,0,0,0,0,0,0,0,0,0,
3,8_4,10_58_31,5.4374,0,1,0,0.4358501,Baseline,2.229,0.60724,-2.133,6.171546,358.6282,6.708988E-09,0.0000,0.0000,0.0000,0.0000,0.0000,0.0000,0,0,,,,,,,0,0,0,0,0,0,0,0,0,0,0,0,0,0,0,0,0,0,0,0,0,0,0,0,0,0,0,0,0,0,0,0,0,0,0,0,0,0,0,0,0,0,0,0,0,0,0,0,0,0,0,
3,8_4,10_58_31,5.4409,0,1,0,0.43929,Baseline,2.229,0.60724,-2.133,6.171546,358.6282,6.708988E-09,0.0000,0.0000,0.0000,0.0000,0.0000,0.0000,0,0,,,,,,,0,0,0,0,0,0,0,0,0,0,0,0,0,0,0,0,0,0,0,0,0,0,0,0,0,0,0,0,0,0,0,0,0,0,0,0,0,0,0,0,0,0,0,0,0,0,0,0,0,0,0,
3,8_4,10_58_31,5.4445,0,1,0,0.4429512,Baseline,2.229,0.60724,-2.133,6.171546,358.6282,6.708988E-09,0.0000,0.0000,0.0000,0.0000,0.0000,0.0000,0,0,,,,,,,0,0,0,0,0,0,0,0,0,0,0,0,0,0,0,0,0,0,0,0,0,0,0,0,0,0,0,0,0,0,0,0,0,0,0,0,0,0,0,0,0,0,0,0,0,0,0,0,0,0,0,
3,8_4,10_58_31,5.4480,0,1,0,0.4464502,Baseline,2.229,0.60724,-2.133,6.171546,358.6282,6.708988E-09,0.0000,0.0000,0.0000,0.0000,0.0000,0.0000,0,0,,,,,,,0,0,0,0,0,0,0,0,0,0,0,0,0,0,0,0,0,0,0,0,0,0,0,0,0,0,0,0,0,0,0,0,0,0,0,0,0,0,0,0,0,0,0,0,0,0,0,0,0,0,0,
3,8_4,10_58_31,5.4513,0,1,0,0.4497609,Baseline,2.229,0.60724,-2.133,6.171546,358.6282,6.708988E-09,0.0000,0.0000,0.0000,0.0000,0.0000,0.0000,0,0,,,,,,,0,0,0,0,0,0,0,0,0,0,0,0,0,0,0,0,0,0,0,0,0,0,0,0,0,0,0,0,0,0,0,0,0,0,0,0,0,0,0,0,0,0,0,0,0,0,0,0,0,0,0,
3,8_4,10_58_31,5.4547,0,1,0,0.4531078,Baseline,2.229,0.60724,-2.133,6.171546,358.6282,6.708988E-09,0.0000,0.0000,0.0000,0.0000,0.0000,0.0000,0,0,,,,,,,0,0,0,0,0,0,0,0,0,0,0,0,0,0,0,0,0,0,0,0,0,0,0,0,0,0,0,0,0,0,0,0,0,0,0,0,0,0,0,0,0,0,0,0,0,0,0,0,0,0,0,
3,8_4,10_58_31,5.4580,0,1,0,0.4564042,Baseline,2.229,0.60724,-2.133,6.171546,358.6282,6.708988E-09,0.0000,0.0000,0.0000,0.0000,0.0000,0.0000,0,0,,,,,,,0,0,0,0,0,0,0,0,0,0,0,0,0,0,0,0,0,0,0,0,0,0,0,0,0,0,0,0,0,0,0,0,0,0,0,0,0,0,0,0,0,0,0,0,0,0,0,0,0,0,0,
3,8_4,10_58_31,5.4615,0,1,0,0.4599404,Baseline,2.229,0.60724,-2.133,6.171546,358.6282,6.708988E-09,0.0000,0.0000,0.0000,0.0000,0.0000,0.0000,0,0,,,,,,,0,0,0,0,0,0,0,0,0,0,0,0,0,0,0,0,0,0,0,0,0,0,0,0,0,0,0,0,0,0,0,0,0,0,0,0,0,0,0,0,0,0,0,0,0,0,0,0,0,0,0,
3,8_4,10_58_31,5.4651,0,1,0,0.4635501,Baseline,2.229,0.60724,-2.133,6.171546,358.6282,6.708988E-09,0.0000,0.0000,0.0000,0.0000,0.0000,0.0000,0,0,,,,,,,0,0,0,0,0,0,0,0,0,0,0,0,0,0,0,0,0,0,0,0,0,0,0,0,0,0,0,0,0,0,0,0,0,0,0,0,0,0,0,0,0,0,0,0,0,0,0,0,0,0,0,
3,8_4,10_58_31,5.4689,0,1,0,0.4672956,Baseline,2.229,0.60724,-2.133,6.171546,358.6282,6.708988E-09,0.0000,0.0000,0.0000,0.0000,0.0000,0.0000,0,0,,,,,,,0,0,0,0,0,0,0,0,0,0,0,0,0,0,0,0,0,0,0,0,0,0,0,0,0,0,0,0,0,0,0,0,0,0,0,0,0,0,0,0,0,0,0,0,0,0,0,0,0,0,0,
3,8_4,10_58_31,5.4724,0,1,0,0.4708271,Baseline,2.229,0.60724,-2.133,6.171546,358.6282,6.708988E-09,0.0000,0.0000,0.0000,0.0000,0.0000,0.0000,0,0,,,,,,,0,0,0,0,0,0,0,0,0,0,0,0,0,0,0,0,0,0,0,0,0,0,0,0,0,0,0,0,0,0,0,0,0,0,0,0,0,0,0,0,0,0,0,0,0,0,0,0,0,0,0,
3,8_4,10_58_31,5.4770,0,1,0,0.4753923,Baseline,2.229,0.60724,-2.133,6.171546,358.6282,6.708988E-09,0.0000,0.0000,0.0000,0.0000,0.0000,0.0000,0,0,,,,,,,0,0,0,0,0,0,0,0,0,0,0,0,0,0,0,0,0,0,0,0,0,0,0,0,0,0,0,0,0,0,0,0,0,0,0,0,0,0,0,0,0,0,0,0,0,0,0,0,0,0,0,
3,8_4,10_58_31,5.4803,0,1,0,0.4787383,Baseline,2.229,0.60724,-2.133,6.171546,358.6282,6.708988E-09,0.0000,0.0000,0.0000,0.0000,0.0000,0.0000,0,0,,,,,,,0,0,0,0,0,0,0,0,0,0,0,0,0,0,0,0,0,0,0,0,0,0,0,0,0,0,0,0,0,0,0,0,0,0,0,0,0,0,0,0,0,0,0,0,0,0,0,0,0,0,0,
3,8_4,10_58_31,5.4839,0,1,0,0.4823294,Baseline,2.229,0.60724,-2.133,6.171546,358.6282,6.708988E-09,0.0000,0.0000,0.0000,0.0000,0.0000,0.0000,0,0,,,,,,,0,0,0,0,0,0,0,0,0,0,0,0,0,0,0,0,0,0,0,0,0,0,0,0,0,0,0,0,0,0,0,0,0,0,0,0,0,0,0,0,0,0,0,0,0,0,0,0,0,0,0,
3,8_4,10_58_31,5.4872,0,1,0,0.48563,Baseline,2.229,0.60724,-2.133,6.171546,358.6282,6.708988E-09,0.0000,0.0000,0.0000,0.0000,0.0000,0.0000,0,0,,,,,,,0,0,0,0,0,0,0,0,0,0,0,0,0,0,0,0,0,0,0,0,0,0,0,0,0,0,0,0,0,0,0,0,0,0,0,0,0,0,0,0,0,0,0,0,0,0,0,0,0,0,0,
3,8_4,10_58_31,5.4906,0,1,0,0.4890118,Baseline,2.229,0.60724,-2.133,6.171546,358.6282,6.708988E-09,0.0000,0.0000,0.0000,0.0000,0.0000,0.0000,0,0,,,,,,,0,0,0,0,0,0,0,0,0,0,0,0,0,0,0,0,0,0,0,0,0,0,0,0,0,0,0,0,0,0,0,0,0,0,0,0,0,0,0,0,0,0,0,0,0,0,0,0,0,0,0,
3,8_4,10_58_31,5.4941,0,1,0,0.4925737,Baseline,2.229,0.60724,-2.133,6.171546,358.6282,6.708988E-09,0.0000,0.0000,0.0000,0.0000,0.0000,0.0000,0,0,,,,,,,0,0,0,0,0,0,0,0,0,0,0,0,0,0,0,0,0,0,0,0,0,0,0,0,0,0,0,0,0,0,0,0,0,0,0,0,0,0,0,0,0,0,0,0,0,0,0,0,0,0,0,
3,8_4,10_58_31,5.4976,0,1,0,0.4959874,Baseline,2.229,0.60724,-2.133,6.171546,358.6282,6.708988E-09,0.0000,0.0000,0.0000,0.0000,0.0000,0.0000,0,0,,,,,,,0,0,0,0,0,0,0,0,0,0,0,0,0,0,0,0,0,0,0,0,0,0,0,0,0,0,0,0,0,0,0,0,0,0,0,0,0,0,0,0,0,0,0,0,0,0,0,0,0,0,0,
3,8_4,10_58_31,5.5011,0,1,0,0.4995017,Baseline,2.229,0.60724,-2.133,6.171546,358.6282,6.708988E-09,0.0000,0.0000,0.0000,0.0000,0.0000,0.0000,0,0,,,,,,,0,0,0,0,0,0,0,0,0,0,0,0,0,0,0,0,0,0,0,0,0,0,0,0,0,0,0,0,0,0,0,0,0,0,0,0,0,0,0,0,0,0,0,0,0,0,0,0,0,0,0,
3,8_4,10_58_31,5.5045,0,1,0,0.5029025,Baseline,2.229,0.60724,-2.133,6.171546,358.6282,6.708988E-09,0.0000,0.0000,0.0000,0.0000,0.0000,0.0000,0,0,,,,,,,0,0,0,0,0,0,0,0,0,0,0,0,0,0,0,0,0,0,0,0,0,0,0,0,0,0,0,0,0,0,0,0,0,0,0,0,0,0,0,0,0,0,0,0,0,0,0,0,0,0,0,
3,8_4,10_58_31,5.5078,0,1,0,0.5062628,Baseline,2.229,0.60724,-2.133,6.171546,358.6282,6.708988E-09,0.0000,0.0000,0.0000,0.0000,0.0000,0.0000,0,0,,,,,,,0,0,0,0,0,0,0,0,0,0,0,0,0,0,0,0,0,0,0,0,0,0,0,0,0,0,0,0,0,0,0,0,0,0,0,0,0,0,0,0,0,0,0,0,0,0,0,0,0,0,0,
3,8_4,10_58_31,5.5113,0,1,0,0.5097146,Baseline,2.229,0.60724,-2.133,6.171546,358.6282,6.708988E-09,0.0000,0.0000,0.0000,0.0000,0.0000,0.0000,0,0,,,,,,,0,0,0,0,0,0,0,0,0,0,0,0,0,0,0,0,0,0,0,0,0,0,0,0,0,0,0,0,0,0,0,0,0,0,0,0,0,0,0,0,0,0,0,0,0,0,0,0,0,0,0,
3,8_4,10_58_31,5.5146,0,1,0,0.5130596,Baseline,2.229,0.60724,-2.133,6.171546,358.6282,6.708988E-09,0.0000,0.0000,0.0000,0.0000,0.0000,0.0000,0,0,,,,,,,0,0,0,0,0,0,0,0,0,0,0,0,0,0,0,0,0,0,0,0,0,0,0,0,0,0,0,0,0,0,0,0,0,0,0,0,0,0,0,0,0,0,0,0,0,0,0,0,0,0,0,
3,8_4,10_58_31,5.5180,0,1,0,0.5164418,Baseline,2.229,0.60724,-2.133,6.171546,358.6282,6.708988E-09,0.0000,0.0000,0.0000,0.0000,0.0000,0.0000,0,0,,,,,,,0,0,0,0,0,0,0,0,0,0,0,0,0,0,0,0,0,0,0,0,0,0,0,0,0,0,0,0,0,0,0,0,0,0,0,0,0,0,0,0,0,0,0,0,0,0,0,0,0,0,0,
3,8_4,10_58_31,5.5213,0,1,0,0.5197639,Baseline,2.229,0.60724,-2.133,6.171546,358.6282,6.708988E-09,0.0000,0.0000,0.0000,0.0000,0.0000,0.0000,0,0,,,,,,,0,0,0,0,0,0,0,0,0,0,0,0,0,0,0,0,0,0,0,0,0,0,0,0,0,0,0,0,0,0,0,0,0,0,0,0,0,0,0,0,0,0,0,0,0,0,0,0,0,0,0,
3,8_4,10_58_31,5.5251,0,1,0,0.5235,Baseline,2.229,0.60724,-2.133,6.171546,358.6282,6.708988E-09,0.0000,0.0000,0.0000,0.0000,0.0000,0.0000,0,0,,,,,,,0,0,0,0,0,0,0,0,0,0,0,0,0,0,0,0,0,0,0,0,0,0,0,0,0,0,0,0,0,0,0,0,0,0,0,0,0,0,0,0,0,0,0,0,0,0,0,0,0,0,0,
3,8_4,10_58_31,5.5286,0,1,0,0.5270433,Baseline,2.229,0.60724,-2.133,6.171546,358.6282,6.708988E-09,0.0000,0.0000,0.0000,0.0000,0.0000,0.0000,0,0,,,,,,,0,0,0,0,0,0,0,0,0,0,0,0,0,0,0,0,0,0,0,0,0,0,0,0,0,0,0,0,0,0,0,0,0,0,0,0,0,0,0,0,0,0,0,0,0,0,0,0,0,0,0,
3,8_4,10_58_31,5.5321,0,1,0,0.5305185,Baseline,2.229,0.60724,-2.133,6.171546,358.6282,6.708988E-09,0.0000,0.0000,0.0000,0.0000,0.0000,0.0000,0,0,,,,,,,0,0,0,0,0,0,0,0,0,0,0,0,0,0,0,0,0,0,0,0,0,0,0,0,0,0,0,0,0,0,0,0,0,0,0,0,0,0,0,0,0,0,0,0,0,0,0,0,0,0,0,
3,8_4,10_58_31,5.5356,0,1,0,0.5340123,Baseline,2.229,0.60724,-2.133,6.171546,358.6282,6.708988E-09,0.0000,0.0000,0.0000,0.0000,0.0000,0.0000,0,0,,,,,,,0,0,0,0,0,0,0,0,0,0,0,0,0,0,0,0,0,0,0,0,0,0,0,0,0,0,0,0,0,0,0,0,0,0,0,0,0,0,0,0,0,0,0,0,0,0,0,0,0,0,0,
3,8_4,10_58_31,5.5389,0,1,0,0.5373759,Baseline,2.229,0.60724,-2.133,6.171546,358.6282,6.708988E-09,0.0000,0.0000,0.0000,0.0000,0.0000,0.0000,0,0,,,,,,,0,0,0,0,0,0,0,0,0,0,0,0,0,0,0,0,0,0,0,0,0,0,0,0,0,0,0,0,0,0,0,0,0,0,0,0,0,0,0,0,0,0,0,0,0,0,0,0,0,0,0,
3,8_4,10_58_31,5.5424,0,1,0,0.5408459,Baseline,2.229,0.60724,-2.133,6.171546,358.6282,6.708988E-09,0.0000,0.0000,0.0000,0.0000,0.0000,0.0000,0,0,,,,,,,0,0,0,0,0,0,0,0,0,0,0,0,0,0,0,0,0,0,0,0,0,0,0,0,0,0,0,0,0,0,0,0,0,0,0,0,0,0,0,0,0,0,0,0,0,0,0,0,0,0,0,
3,8_4,10_58_31,5.5460,0,1,0,0.5444412,Baseline,2.229,0.60724,-2.133,6.171546,358.6282,6.708988E-09,0.0000,0.0000,0.0000,0.0000,0.0000,0.0000,0,0,,,,,,,0,0,0,0,0,0,0,0,0,0,0,0,0,0,0,0,0,0,0,0,0,0,0,0,0,0,0,0,0,0,0,0,0,0,0,0,0,0,0,0,0,0,0,0,0,0,0,0,0,0,0,
3,8_4,10_58_31,5.5494,0,1,0,0.5477819,Baseline,2.229,0.60724,-2.133,6.171546,358.6282,6.708988E-09,0.0000,0.0000,0.0000,0.0000,0.0000,0.0000,0,0,,,,,,,0,0,0,0,0,0,0,0,0,0,0,0,0,0,0,0,0,0,0,0,0,0,0,0,0,0,0,0,0,0,0,0,0,0,0,0,0,0,0,0,0,0,0,0,0,0,0,0,0,0,0,
3,8_4,10_58_31,5.5527,0,1,0,0.5511284,Baseline,2.229,0.60724,-2.133,6.171546,358.6282,6.708988E-09,0.0000,0.0000,0.0000,0.0000,0.0000,0.0000,0,0,,,,,,,0,0,0,0,0,0,0,0,0,0,0,0,0,0,0,0,0,0,0,0,0,0,0,0,0,0,0,0,0,0,0,0,0,0,0,0,0,0,0,0,0,0,0,0,0,0,0,0,0,0,0,
3,8_4,10_58_31,5.5563,0,1,0,0.5546913,Baseline,2.229,0.60724,-2.133,6.171546,358.6282,6.708988E-09,0.0000,0.0000,0.0000,0.0000,0.0000,0.0000,0,0,,,,,,,0,0,0,0,0,0,0,0,0,0,0,0,0,0,0,0,0,0,0,0,0,0,0,0,0,0,0,0,0,0,0,0,0,0,0,0,0,0,0,0,0,0,0,0,0,0,0,0,0,0,0,
3,8_4,10_58_31,5.5604,0,1,0,0.5588393,Baseline,2.229,0.60724,-2.133,6.171546,358.6282,6.708988E-09,0.0000,0.0000,0.0000,0.0000,0.0000,0.0000,0,0,,,,,,,0,0,0,0,0,0,0,0,0,0,0,0,0,0,0,0,0,0,0,0,0,0,0,0,0,0,0,0,0,0,0,0,0,0,0,0,0,0,0,0,0,0,0,0,0,0,0,0,0,0,0,
3,8_4,10_58_31,5.5640,0,1,0,0.5624084,Baseline,2.229,0.60724,-2.133,6.171546,358.6282,6.708988E-09,0.0000,0.0000,0.0000,0.0000,0.0000,0.0000,0,0,,,,,,,0,0,0,0,0,0,0,0,0,0,0,0,0,0,0,0,0,0,0,0,0,0,0,0,0,0,0,0,0,0,0,0,0,0,0,0,0,0,0,0,0,0,0,0,0,0,0,0,0,0,0,
3,8_4,10_58_31,5.5678,0,1,0,0.5662074,Baseline,2.229,0.60724,-2.133,6.171546,358.6282,6.708988E-09,0.0000,0.0000,0.0000,0.0000,0.0000,0.0000,0,0,,,,,,,0,0,0,0,0,0,0,0,0,0,0,0,0,0,0,0,0,0,0,0,0,0,0,0,0,0,0,0,0,0,0,0,0,0,0,0,0,0,0,0,0,0,0,0,0,0,0,0,0,0,0,
3,8_4,10_58_31,5.5712,0,1,0,0.5696659,Baseline,2.229,0.60724,-2.133,6.171546,358.6282,6.708988E-09,0.0000,0.0000,0.0000,0.0000,0.0000,0.0000,0,0,,,,,,,0,0,0,0,0,0,0,0,0,0,0,0,0,0,0,0,0,0,0,0,0,0,0,0,0,0,0,0,0,0,0,0,0,0,0,0,0,0,0,0,0,0,0,0,0,0,0,0,0,0,0,
3,8_4,10_58_31,5.5746,0,1,0,0.5730386,Baseline,2.229,0.60724,-2.133,6.171546,358.6282,6.708988E-09,0.0000,0.0000,0.0000,0.0000,0.0000,0.0000,0,0,,,,,,,0,0,0,0,0,0,0,0,0,0,0,0,0,0,0,0,0,0,0,0,0,0,0,0,0,0,0,0,0,0,0,0,0,0,0,0,0,0,0,0,0,0,0,0,0,0,0,0,0,0,0,
3,8_4,10_58_31,5.5781,0,1,0,0.5765557,Baseline,2.229,0.60724,-2.133,6.171546,358.6282,6.708988E-09,0.0000,0.0000,0.0000,0.0000,0.0000,0.0000,0,0,,,,,,,0,0,0,0,0,0,0,0,0,0,0,0,0,0,0,0,0,0,0,0,0,0,0,0,0,0,0,0,0,0,0,0,0,0,0,0,0,0,0,0,0,0,0,0,0,0,0,0,0,0,0,
3,8_4,10_58_31,5.5816,0,1,0,0.5800624,Baseline,2.229,0.60724,-2.133,6.171546,358.6282,6.708988E-09,0.0000,0.0000,0.0000,0.0000,0.0000,0.0000,0,0,,,,,,,0,0,0,0,0,0,0,0,0,0,0,0,0,0,0,0,0,0,0,0,0,0,0,0,0,0,0,0,0,0,0,0,0,0,0,0,0,0,0,0,0,0,0,0,0,0,0,0,0,0,0,
3,8_4,10_58_31,5.5851,0,1,0,0.5835752,Baseline,2.229,0.60724,-2.133,6.171546,358.6282,6.708988E-09,0.0000,0.0000,0.0000,0.0000,0.0000,0.0000,0,0,,,,,,,0,0,0,0,0,0,0,0,0,0,0,0,0,0,0,0,0,0,0,0,0,0,0,0,0,0,0,0,0,0,0,0,0,0,0,0,0,0,0,0,0,0,0,0,0,0,0,0,0,0,0,
3,8_4,10_58_31,5.5884,0,1,0,0.5868773,Baseline,2.229,0.60724,-2.133,6.171546,358.6282,6.708988E-09,0.0000,0.0000,0.0000,0.0000,0.0000,0.0000,0,0,,,,,,,0,0,0,0,0,0,0,0,0,0,0,0,0,0,0,0,0,0,0,0,0,0,0,0,0,0,0,0,0,0,0,0,0,0,0,0,0,0,0,0,0,0,0,0,0,0,0,0,0,0,0,
3,8_4,10_58_31,5.5918,0,1,0,0.5901804,Baseline,2.229,0.60724,-2.133,6.171546,358.6282,6.708988E-09,0.0000,0.0000,0.0000,0.0000,0.0000,0.0000,0,0,,,,,,,0,0,0,0,0,0,0,0,0,0,0,0,0,0,0,0,0,0,0,0,0,0,0,0,0,0,0,0,0,0,0,0,0,0,0,0,0,0,0,0,0,0,0,0,0,0,0,0,0,0,0,
3,8_4,10_58_31,5.5951,0,1,0,0.5935626,Baseline,2.229,0.60724,-2.133,6.171546,358.6282,6.708988E-09,0.0000,0.0000,0.0000,0.0000,0.0000,0.0000,0,0,,,,,,,0,0,0,0,0,0,0,0,0,0,0,0,0,0,0,0,0,0,0,0,0,0,0,0,0,0,0,0,0,0,0,0,0,0,0,0,0,0,0,0,0,0,0,0,0,0,0,0,0,0,0,
3,8_4,10_58_31,5.5988,0,1,0,0.597209,Baseline,2.229,0.60724,-2.133,6.171546,358.6282,6.708988E-09,0.0000,0.0000,0.0000,0.0000,0.0000,0.0000,0,0,,,,,,,0,0,0,0,0,0,0,0,0,0,0,0,0,0,0,0,0,0,0,0,0,0,0,0,0,0,0,0,0,0,0,0,0,0,0,0,0,0,0,0,0,0,0,0,0,0,0,0,0,0,0,
3,8_4,10_58_31,5.6027,0,1,0,0.6011338,Baseline,2.229,0.60724,-2.133,6.171546,358.6282,6.708988E-09,0.0000,0.0000,0.0000,0.0000,0.0000,0.0000,0,0,,,,,,,0,0,0,0,0,0,0,0,0,0,0,0,0,0,0,0,0,0,0,0,0,0,0,0,0,0,0,0,0,0,0,0,0,0,0,0,0,0,0,0,0,0,0,0,0,0,0,0,0,0,0,
3,8_4,10_58_31,5.6062,0,1,0,0.6046205,Baseline,2.229,0.60724,-2.133,6.171546,358.6282,6.708988E-09,0.0000,0.0000,0.0000,0.0000,0.0000,0.0000,0,0,,,,,,,0,0,0,0,0,0,0,0,0,0,0,0,0,0,0,0,0,0,0,0,0,0,0,0,0,0,0,0,0,0,0,0,0,0,0,0,0,0,0,0,0,0,0,0,0,0,0,0,0,0,0,
3,8_4,10_58_31,5.6095,0,1,0,0.6079378,Baseline,2.229,0.60724,-2.133,6.171546,358.6282,6.708988E-09,0.0000,0.0000,0.0000,0.0000,0.0000,0.0000,0,0,,,,,,,0,0,0,0,0,0,0,0,0,0,0,0,0,0,0,0,0,0,0,0,0,0,0,0,0,0,0,0,0,0,0,0,0,0,0,0,0,0,0,0,0,0,0,0,0,0,0,0,0,0,0,
3,8_4,10_58_31,5.6128,0,1,0,0.6112475,Baseline,2.229,0.60724,-2.133,6.171546,358.6282,6.708988E-09,0.0000,0.0000,0.0000,0.0000,0.0000,0.0000,0,0,,,,,,,0,0,0,0,0,0,0,0,0,0,0,0,0,0,0,0,0,0,0,0,0,0,0,0,0,0,0,0,0,0,0,0,0,0,0,0,0,0,0,0,0,0,0,0,0,0,0,0,0,0,0,
3,8_4,10_58_31,5.6161,0,1,0,0.6145339,Baseline,2.229,0.60724,-2.133,6.171546,358.6282,6.708988E-09,0.0000,0.0000,0.0000,0.0000,0.0000,0.0000,0,0,,,,,,,0,0,0,0,0,0,0,0,0,0,0,0,0,0,0,0,0,0,0,0,0,0,0,0,0,0,0,0,0,0,0,0,0,0,0,0,0,0,0,0,0,0,0,0,0,0,0,0,0,0,0,
3,8_4,10_58_31,5.6195,0,1,0,0.6178851,Baseline,2.229,0.60724,-2.133,6.171546,358.6282,6.708988E-09,0.0000,0.0000,0.0000,0.0000,0.0000,0.0000,0,0,,,,,,,0,0,0,0,0,0,0,0,0,0,0,0,0,0,0,0,0,0,0,0,0,0,0,0,0,0,0,0,0,0,0,0,0,0,0,0,0,0,0,0,0,0,0,0,0,0,0,0,0,0,0,
3,8_4,10_58_31,5.6232,0,1,0,0.6216583,Baseline,2.229,0.60724,-2.133,6.171546,358.6282,6.708988E-09,0.0000,0.0000,0.0000,0.0000,0.0000,0.0000,0,0,,,,,,,0,0,0,0,0,0,0,0,0,0,0,0,0,0,0,0,0,0,0,0,0,0,0,0,0,0,0,0,0,0,0,0,0,0,0,0,0,0,0,0,0,0,0,0,0,0,0,0,0,0,0,
3,8_4,10_58_31,5.6267,0,1,0,0.6251593,Baseline,2.229,0.60724,-2.133,6.171546,358.6282,6.708988E-09,0.0000,0.0000,0.0000,0.0000,0.0000,0.0000,0,0,,,,,,,0,0,0,0,0,0,0,0,0,0,0,0,0,0,0,0,0,0,0,0,0,0,0,0,0,0,0,0,0,0,0,0,0,0,0,0,0,0,0,0,0,0,0,0,0,0,0,0,0,0,0,
3,8_4,10_58_31,5.6302,0,1,0,0.6286011,Baseline,2.229,0.60724,-2.133,6.171546,358.6282,6.708988E-09,0.0000,0.0000,0.0000,0.0000,0.0000,0.0000,0,0,,,,,,,0,0,0,0,0,0,0,0,0,0,0,0,0,0,0,0,0,0,0,0,0,0,0,0,0,0,0,0,0,0,0,0,0,0,0,0,0,0,0,0,0,0,0,0,0,0,0,0,0,0,0,
3,8_4,10_58_31,5.6335,0,1,0,0.6319761,Baseline,2.229,0.60724,-2.133,6.171546,358.6282,6.708988E-09,0.0000,0.0000,0.0000,0.0000,0.0000,0.0000,0,0,,,,,,,0,0,0,0,0,0,0,0,0,0,0,0,0,0,0,0,0,0,0,0,0,0,0,0,0,0,0,0,0,0,0,0,0,0,0,0,0,0,0,0,0,0,0,0,0,0,0,0,0,0,0,
3,8_4,10_58_31,5.6369,0,1,0,0.635283,Baseline,2.229,0.60724,-2.133,6.171546,358.6282,6.708988E-09,0.0000,0.0000,0.0000,0.0000,0.0000,0.0000,0,0,,,,,,,0,0,0,0,0,0,0,0,0,0,0,0,0,0,0,0,0,0,0,0,0,0,0,0,0,0,0,0,0,0,0,0,0,0,0,0,0,0,0,0,0,0,0,0,0,0,0,0,0,0,0,
3,8_4,10_58_31,5.6403,0,1,0,0.6387382,Baseline,2.229,0.60724,-2.133,6.171546,358.6282,6.708988E-09,0.0000,0.0000,0.0000,0.0000,0.0000,0.0000,0,0,,,,,,,0,0,0,0,0,0,0,0,0,0,0,0,0,0,0,0,0,0,0,0,0,0,0,0,0,0,0,0,0,0,0,0,0,0,0,0,0,0,0,0,0,0,0,0,0,0,0,0,0,0,0,
3,8_4,10_58_31,5.6439,0,1,0,0.6423059,Baseline,2.229,0.60724,-2.133,6.171546,358.6282,6.708988E-09,0.0000,0.0000,0.0000,0.0000,0.0000,0.0000,0,0,,,,,,,0,0,0,0,0,0,0,0,0,0,0,0,0,0,0,0,0,0,0,0,0,0,0,0,0,0,0,0,0,0,0,0,0,0,0,0,0,0,0,0,0,0,0,0,0,0,0,0,0,0,0,
3,8_4,10_58_31,5.6473,0,1,0,0.6457272,Baseline,2.229,0.60724,-2.133,6.171546,358.6282,6.708988E-09,0.0000,0.0000,0.0000,0.0000,0.0000,0.0000,0,0,,,,,,,0,0,0,0,0,0,0,0,0,0,0,0,0,0,0,0,0,0,0,0,0,0,0,0,0,0,0,0,0,0,0,0,0,0,0,0,0,0,0,0,0,0,0,0,0,0,0,0,0,0,0,
3,8_4,10_58_31,5.6510,0,1,0,0.6494184,Baseline,2.229,0.60724,-2.133,6.171546,358.6282,6.708988E-09,0.0000,0.0000,0.0000,0.0000,0.0000,0.0000,0,0,,,,,,,0,0,0,0,0,0,0,0,0,0,0,0,0,0,0,0,0,0,0,0,0,0,0,0,0,0,0,0,0,0,0,0,0,0,0,0,0,0,0,0,0,0,0,0,0,0,0,0,0,0,0,
3,8_4,10_58_31,5.6544,0,1,0,0.6528034,Baseline,2.229,0.60724,-2.133,6.171546,358.6282,6.708988E-09,0.0000,0.0000,0.0000,0.0000,0.0000,0.0000,0,0,,,,,,,0,0,0,0,0,0,0,0,0,0,0,0,0,0,0,0,0,0,0,0,0,0,0,0,0,0,0,0,0,0,0,0,0,0,0,0,0,0,0,0,0,0,0,0,0,0,0,0,0,0,0,
3,8_4,10_58_31,5.6577,0,1,0,0.6561766,Baseline,2.229,0.60724,-2.133,6.171546,358.6282,6.708988E-09,0.0000,0.0000,0.0000,0.0000,0.0000,0.0000,0,0,,,,,,,0,0,0,0,0,0,0,0,0,0,0,0,0,0,0,0,0,0,0,0,0,0,0,0,0,0,0,0,0,0,0,0,0,0,0,0,0,0,0,0,0,0,0,0,0,0,0,0,0,0,0,
3,8_4,10_58_31,5.6611,0,1,0,0.6595402,Baseline,2.229,0.60724,-2.133,6.171546,358.6282,6.708988E-09,0.0000,0.0000,0.0000,0.0000,0.0000,0.0000,0,0,,,,,,,0,0,0,0,0,0,0,0,0,0,0,0,0,0,0,0,0,0,0,0,0,0,0,0,0,0,0,0,0,0,0,0,0,0,0,0,0,0,0,0,0,0,0,0,0,0,0,0,0,0,0,
3,8_4,10_58_31,5.6648,0,1,0,0.6631818,Baseline,2.229,0.60724,-2.133,6.171546,358.6282,6.708988E-09,0.0000,0.0000,0.0000,0.0000,0.0000,0.0000,0,0,,,,,,,0,0,0,0,0,0,0,0,0,0,0,0,0,0,0,0,0,0,0,0,0,0,0,0,0,0,0,0,0,0,0,0,0,0,0,0,0,0,0,0,0,0,0,0,0,0,0,0,0,0,0,
3,8_4,10_58_31,5.6684,0,1,0,0.6667814,Baseline,2.229,0.60724,-2.133,6.171546,358.6282,6.708988E-09,0.0000,0.0000,0.0000,0.0000,0.0000,0.0000,0,0,,,,,,,0,0,0,0,0,0,0,0,0,0,0,0,0,0,0,0,0,0,0,0,0,0,0,0,0,0,0,0,0,0,0,0,0,0,0,0,0,0,0,0,0,0,0,0,0,0,0,0,0,0,0,
3,8_4,10_58_31,5.6718,0,1,0,0.6701956,Baseline,2.229,0.60724,-2.133,6.171546,358.6282,6.708988E-09,0.0000,0.0000,0.0000,0.0000,0.0000,0.0000,0,0,,,,,,,0,0,0,0,0,0,0,0,0,0,0,0,0,0,0,0,0,0,0,0,0,0,0,0,0,0,0,0,0,0,0,0,0,0,0,0,0,0,0,0,0,0,0,0,0,0,0,0,0,0,0,
3,8_4,10_58_31,5.6753,0,1,0,0.673717,Baseline,2.229,0.60724,-2.133,6.171546,358.6282,6.708988E-09,0.0000,0.0000,0.0000,0.0000,0.0000,0.0000,0,0,,,,,,,0,0,0,0,0,0,0,0,0,0,0,0,0,0,0,0,0,0,0,0,0,0,0,0,0,0,0,0,0,0,0,0,0,0,0,0,0,0,0,0,0,0,0,0,0,0,0,0,0,0,0,
3,8_4,10_58_31,5.6797,0,1,0,0.6781635,Baseline,2.229,0.60724,-2.133,6.171546,358.6282,6.708988E-09,0.0000,0.0000,0.0000,0.0000,0.0000,0.0000,0,0,,,,,,,0,0,0,0,0,0,0,0,0,0,0,0,0,0,0,0,0,0,0,0,0,0,0,0,0,0,0,0,0,0,0,0,0,0,0,0,0,0,0,0,0,0,0,0,0,0,0,0,0,0,0,
3,8_4,10_58_31,5.6831,0,1,0,0.6815634,Baseline,2.229,0.60724,-2.133,6.171546,358.6282,6.708988E-09,0.0000,0.0000,0.0000,0.0000,0.0000,0.0000,0,0,,,,,,,0,0,0,0,0,0,0,0,0,0,0,0,0,0,0,0,0,0,0,0,0,0,0,0,0,0,0,0,0,0,0,0,0,0,0,0,0,0,0,0,0,0,0,0,0,0,0,0,0,0,0,
3,8_4,10_58_31,5.6869,0,1,0,0.6852865,Baseline,2.229,0.60724,-2.133,6.171546,358.6282,6.708988E-09,0.0000,0.0000,0.0000,0.0000,0.0000,0.0000,0,0,,,,,,,0,0,0,0,0,0,0,0,0,0,0,0,0,0,0,0,0,0,0,0,0,0,0,0,0,0,0,0,0,0,0,0,0,0,0,0,0,0,0,0,0,0,0,0,0,0,0,0,0,0,0,
3,8_4,10_58_31,5.6910,0,1,0,0.6894121,Baseline,2.229,0.60724,-2.133,6.171546,358.6282,6.708988E-09,0.0000,0.0000,0.0000,0.0000,0.0000,0.0000,0,0,,,,,,,0,0,0,0,0,0,0,0,0,0,0,0,0,0,0,0,0,0,0,0,0,0,0,0,0,0,0,0,0,0,0,0,0,0,0,0,0,0,0,0,0,0,0,0,0,0,0,0,0,0,0,
3,8_4,10_58_31,5.6943,0,1,0,0.6927409,Baseline,2.229,0.60724,-2.133,6.171546,358.6282,6.708988E-09,0.0000,0.0000,0.0000,0.0000,0.0000,0.0000,0,0,,,,,,,0,0,0,0,0,0,0,0,0,0,0,0,0,0,0,0,0,0,0,0,0,0,0,0,0,0,0,0,0,0,0,0,0,0,0,0,0,0,0,0,0,0,0,0,0,0,0,0,0,0,0,
3,8_4,10_58_31,5.6977,0,1,0,0.6961651,Baseline,2.229,0.60724,-2.133,6.171546,358.6282,6.708988E-09,0.0000,0.0000,0.0000,0.0000,0.0000,0.0000,0,0,,,,,,,0,0,0,0,0,0,0,0,0,0,0,0,0,0,0,0,0,0,0,0,0,0,0,0,0,0,0,0,0,0,0,0,0,0,0,0,0,0,0,0,0,0,0,0,0,0,0,0,0,0,0,
3,8_4,10_58_31,5.7011,0,1,0,0.699502,Baseline,2.229,0.60724,-2.133,6.171546,358.6282,6.708988E-09,0.0000,0.0000,0.0000,0.0000,0.0000,0.0000,0,0,,,,,,,0,0,0,0,0,0,0,0,0,0,0,0,0,0,0,0,0,0,0,0,0,0,0,0,0,0,0,0,0,0,0,0,0,0,0,0,0,0,0,0,0,0,0,0,0,0,0,0,0,0,0,
3,8_4,10_58_31,5.7048,0,1,0,0.7032142,Baseline,2.229,0.60724,-2.133,6.171546,358.6282,6.708988E-09,0.0000,0.0000,0.0000,0.0000,0.0000,0.0000,0,0,,,,,,,0,0,0,0,0,0,0,0,0,0,0,0,0,0,0,0,0,0,0,0,0,0,0,0,0,0,0,0,0,0,0,0,0,0,0,0,0,0,0,0,0,0,0,0,0,0,0,0,0,0,0,
3,8_4,10_58_31,5.7083,0,1,0,0.7067208,Baseline,2.229,0.60724,-2.133,6.171546,358.6282,6.708988E-09,0.0000,0.0000,0.0000,0.0000,0.0000,0.0000,0,0,,,,,,,0,0,0,0,0,0,0,0,0,0,0,0,0,0,0,0,0,0,0,0,0,0,0,0,0,0,0,0,0,0,0,0,0,0,0,0,0,0,0,0,0,0,0,0,0,0,0,0,0,0,0,
3,8_4,10_58_31,5.7117,0,1,0,0.7101336,Baseline,2.229,0.60724,-2.133,6.171546,358.6282,6.708988E-09,0.0000,0.0000,0.0000,0.0000,0.0000,0.0000,0,0,,,,,,,0,0,0,0,0,0,0,0,0,0,0,0,0,0,0,0,0,0,0,0,0,0,0,0,0,0,0,0,0,0,0,0,0,0,0,0,0,0,0,0,0,0,0,0,0,0,0,0,0,0,0,
3,8_4,10_58_31,5.7152,0,1,0,0.713655,Baseline,2.229,0.60724,-2.133,6.171546,358.6282,6.708988E-09,0.0000,0.0000,0.0000,0.0000,0.0000,0.0000,0,0,,,,,,,0,0,0,0,0,0,0,0,0,0,0,0,0,0,0,0,0,0,0,0,0,0,0,0,0,0,0,0,0,0,0,0,0,0,0,0,0,0,0,0,0,0,0,0,0,0,0,0,0,0,0,
3,8_4,10_58_31,5.7189,0,1,0,0.7173514,Baseline,2.229,0.60724,-2.133,6.171546,358.6282,6.708988E-09,0.0000,0.0000,0.0000,0.0000,0.0000,0.0000,0,0,,,,,,,0,0,0,0,0,0,0,0,0,0,0,0,0,0,0,0,0,0,0,0,0,0,0,0,0,0,0,0,0,0,0,0,0,0,0,0,0,0,0,0,0,0,0,0,0,0,0,0,0,0,0,
3,8_4,10_58_31,5.7223,0,1,0,0.7207422,Baseline,2.229,0.60724,-2.133,6.171546,358.6282,6.708988E-09,0.0000,0.0000,0.0000,0.0000,0.0000,0.0000,0,0,,,,,,,0,0,0,0,0,0,0,0,0,0,0,0,0,0,0,0,0,0,0,0,0,0,0,0,0,0,0,0,0,0,0,0,0,0,0,0,0,0,0,0,0,0,0,0,0,0,0,0,0,0,0,
3,8_4,10_58_31,5.7257,0,1,0,0.7241693,Baseline,2.229,0.60724,-2.133,6.171546,358.6282,6.708988E-09,0.0000,0.0000,0.0000,0.0000,0.0000,0.0000,0,0,,,,,,,0,0,0,0,0,0,0,0,0,0,0,0,0,0,0,0,0,0,0,0,0,0,0,0,0,0,0,0,0,0,0,0,0,0,0,0,0,0,0,0,0,0,0,0,0,0,0,0,0,0,0,
3,8_4,10_58_31,5.7291,0,1,0,0.7275453,Baseline,2.229,0.60724,-2.133,6.171546,358.6282,6.708988E-09,0.0000,0.0000,0.0000,0.0000,0.0000,0.0000,0,0,,,,,,,0,0,0,0,0,0,0,0,0,0,0,0,0,0,0,0,0,0,0,0,0,0,0,0,0,0,0,0,0,0,0,0,0,0,0,0,0,0,0,0,0,0,0,0,0,0,0,0,0,0,0,
3,8_4,10_58_31,5.7326,0,1,0,0.7309818,Baseline,2.229,0.60724,-2.133,6.171546,358.6282,6.708988E-09,0.0000,0.0000,0.0000,0.0000,0.0000,0.0000,0,0,,,,,,,0,0,0,0,0,0,0,0,0,0,0,0,0,0,0,0,0,0,0,0,0,0,0,0,0,0,0,0,0,0,0,0,0,0,0,0,0,0,0,0,0,0,0,0,0,0,0,0,0,0,0,
3,8_4,10_58_31,5.7359,0,1,0,0.7343559,Baseline,2.229,0.60724,-2.133,6.171546,358.6282,6.708988E-09,0.0000,0.0000,0.0000,0.0000,0.0000,0.0000,0,0,,,,,,,0,0,0,0,0,0,0,0,0,0,0,0,0,0,0,0,0,0,0,0,0,0,0,0,0,0,0,0,0,0,0,0,0,0,0,0,0,0,0,0,0,0,0,0,0,0,0,0,0,0,0,
3,8_4,10_58_31,5.7393,0,1,0,0.7376842,Baseline,2.229,0.60724,-2.133,6.171546,358.6282,6.708988E-09,0.0000,0.0000,0.0000,0.0000,0.0000,0.0000,0,0,,,,,,,0,0,0,0,0,0,0,0,0,0,0,0,0,0,0,0,0,0,0,0,0,0,0,0,0,0,0,0,0,0,0,0,0,0,0,0,0,0,0,0,0,0,0,0,0,0,0,0,0,0,0,
3,8_4,10_58_31,5.7428,0,1,0,0.7411981,Baseline,2.229,0.60724,-2.133,6.171546,358.6282,6.708988E-09,0.0000,0.0000,0.0000,0.0000,0.0000,0.0000,0,0,,,,,,,0,0,0,0,0,0,0,0,0,0,0,0,0,0,0,0,0,0,0,0,0,0,0,0,0,0,0,0,0,0,0,0,0,0,0,0,0,0,0,0,0,0,0,0,0,0,0,0,0,0,0,
3,8_4,10_58_31,5.7462,0,1,0,0.7446585,Baseline,2.229,0.60724,-2.133,6.171546,358.6282,6.708988E-09,0.0000,0.0000,0.0000,0.0000,0.0000,0.0000,0,0,,,,,,,0,0,0,0,0,0,0,0,0,0,0,0,0,0,0,0,0,0,0,0,0,0,0,0,0,0,0,0,0,0,0,0,0,0,0,0,0,0,0,0,0,0,0,0,0,0,0,0,0,0,0,
3,8_4,10_58_31,5.7499,0,1,0,0.7482858,Baseline,2.229,0.60724,-2.133,6.171546,358.6282,6.708988E-09,0.0000,0.0000,0.0000,0.0000,0.0000,0.0000,0,0,,,,,,,0,0,0,0,0,0,0,0,0,0,0,0,0,0,0,0,0,0,0,0,0,0,0,0,0,0,0,0,0,0,0,0,0,0,0,0,0,0,0,0,0,0,0,0,0,0,0,0,0,0,0,
3,8_4,10_58_31,5.7533,0,1,0,0.7517662,Baseline,2.229,0.60724,-2.133,6.171546,358.6282,6.708988E-09,0.0000,0.0000,0.0000,0.0000,0.0000,0.0000,0,0,,,,,,,0,0,0,0,0,0,0,0,0,0,0,0,0,0,0,0,0,0,0,0,0,0,0,0,0,0,0,0,0,0,0,0,0,0,0,0,0,0,0,0,0,0,0,0,0,0,0,0,0,0,0,
3,8_4,10_58_31,5.7568,0,1,0,0.7552333,Baseline,2.229,0.60724,-2.133,6.171546,358.6282,6.708988E-09,0.0000,0.0000,0.0000,0.0000,0.0000,0.0000,0,0,,,,,,,0,0,0,0,0,0,0,0,0,0,0,0,0,0,0,0,0,0,0,0,0,0,0,0,0,0,0,0,0,0,0,0,0,0,0,0,0,0,0,0,0,0,0,0,0,0,0,0,0,0,0,
3,8_4,10_58_31,5.7603,0,1,0,0.7587295,Baseline,2.229,0.60724,-2.133,6.171546,358.6282,6.708988E-09,0.0000,0.0000,0.0000,0.0000,0.0000,0.0000,0,0,,,,,,,0,0,0,0,0,0,0,0,0,0,0,0,0,0,0,0,0,0,0,0,0,0,0,0,0,0,0,0,0,0,0,0,0,0,0,0,0,0,0,0,0,0,0,0,0,0,0,0,0,0,0,
3,8_4,10_58_31,5.7639,0,1,0,0.7623153,Baseline,2.229,0.60724,-2.133,6.171546,358.6282,6.708988E-09,0.0000,0.0000,0.0000,0.0000,0.0000,0.0000,0,0,,,,,,,0,0,0,0,0,0,0,0,0,0,0,0,0,0,0,0,0,0,0,0,0,0,0,0,0,0,0,0,0,0,0,0,0,0,0,0,0,0,0,0,0,0,0,0,0,0,0,0,0,0,0,
3,8_4,10_58_31,5.7673,0,1,0,0.7656846,Baseline,2.229,0.60724,-2.133,6.171546,358.6282,6.708988E-09,0.0000,0.0000,0.0000,0.0000,0.0000,0.0000,0,0,,,,,,,0,0,0,0,0,0,0,0,0,0,0,0,0,0,0,0,0,0,0,0,0,0,0,0,0,0,0,0,0,0,0,0,0,0,0,0,0,0,0,0,0,0,0,0,0,0,0,0,0,0,0,
3,8_4,10_58_31,5.7706,0,1,0,0.7690678,Baseline,2.229,0.60724,-2.133,6.171546,358.6282,6.708988E-09,0.0000,0.0000,0.0000,0.0000,0.0000,0.0000,0,0,,,,,,,0,0,0,0,0,0,0,0,0,0,0,0,0,0,0,0,0,0,0,0,0,0,0,0,0,0,0,0,0,0,0,0,0,0,0,0,0,0,0,0,0,0,0,0,0,0,0,0,0,0,0,
3,8_4,10_58_31,5.7742,0,1,0,0.7726693,Baseline,2.229,0.60724,-2.133,6.171546,358.6282,6.708988E-09,0.0000,0.0000,0.0000,0.0000,0.0000,0.0000,0,0,,,,,,,0,0,0,0,0,0,0,0,0,0,0,0,0,0,0,0,0,0,0,0,0,0,0,0,0,0,0,0,0,0,0,0,0,0,0,0,0,0,0,0,0,0,0,0,0,0,0,0,0,0,0,
3,8_4,10_58_31,5.7784,0,1,0,0.7768216,Baseline,2.229,0.60724,-2.133,6.171546,358.6282,6.708988E-09,0.0000,0.0000,0.0000,0.0000,0.0000,0.0000,0,0,,,,,,,0,0,0,0,0,0,0,0,0,0,0,0,0,0,0,0,0,0,0,0,0,0,0,0,0,0,0,0,0,0,0,0,0,0,0,0,0,0,0,0,0,0,0,0,0,0,0,0,0,0,0,
3,8_4,10_58_31,5.7818,0,1,0,0.7802219,Baseline,2.229,0.60724,-2.133,6.171546,358.6282,6.708988E-09,0.0000,0.0000,0.0000,0.0000,0.0000,0.0000,0,0,,,,,,,0,0,0,0,0,0,0,0,0,0,0,0,0,0,0,0,0,0,0,0,0,0,0,0,0,0,0,0,0,0,0,0,0,0,0,0,0,0,0,0,0,0,0,0,0,0,0,0,0,0,0,
3,8_4,10_58_31,5.7853,0,1,0,0.7837567,Baseline,2.229,0.60724,-2.133,6.171546,358.6282,6.708988E-09,0.0000,0.0000,0.0000,0.0000,0.0000,0.0000,0,0,,,,,,,0,0,0,0,0,0,0,0,0,0,0,0,0,0,0,0,0,0,0,0,0,0,0,0,0,0,0,0,0,0,0,0,0,0,0,0,0,0,0,0,0,0,0,0,0,0,0,0,0,0,0,
3,8_4,10_58_31,5.7888,0,1,0,0.7872481,Baseline,2.229,0.60724,-2.133,6.171546,358.6282,6.708988E-09,0.0000,0.0000,0.0000,0.0000,0.0000,0.0000,0,0,,,,,,,0,0,0,0,0,0,0,0,0,0,0,0,0,0,0,0,0,0,0,0,0,0,0,0,0,0,0,0,0,0,0,0,0,0,0,0,0,0,0,0,0,0,0,0,0,0,0,0,0,0,0,
3,8_4,10_58_31,5.7924,0,1,0,0.7907882,Baseline,2.229,0.60724,-2.133,6.171546,358.6282,6.708988E-09,0.0000,0.0000,0.0000,0.0000,0.0000,0.0000,0,0,,,,,,,0,0,0,0,0,0,0,0,0,0,0,0,0,0,0,0,0,0,0,0,0,0,0,0,0,0,0,0,0,0,0,0,0,0,0,0,0,0,0,0,0,0,0,0,0,0,0,0,0,0,0,
3,8_4,10_58_31,5.7958,0,1,0,0.7942162,Baseline,2.229,0.60724,-2.133,6.171546,358.6282,6.708988E-09,0.0000,0.0000,0.0000,0.0000,0.0000,0.0000,0,0,,,,,,,0,0,0,0,0,0,0,0,0,0,0,0,0,0,0,0,0,0,0,0,0,0,0,0,0,0,0,0,0,0,0,0,0,0,0,0,0,0,0,0,0,0,0,0,0,0,0,0,0,0,0,
3,8_4,10_58_31,5.7992,0,1,0,0.7975969,Baseline,2.229,0.60724,-2.133,6.171546,358.6282,6.708988E-09,0.0000,0.0000,0.0000,0.0000,0.0000,0.0000,0,0,,,,,,,0,0,0,0,0,0,0,0,0,0,0,0,0,0,0,0,0,0,0,0,0,0,0,0,0,0,0,0,0,0,0,0,0,0,0,0,0,0,0,0,0,0,0,0,0,0,0,0,0,0,0,
3,8_4,10_58_31,5.8026,0,1,0,0.8010478,Baseline,2.229,0.60724,-2.133,6.171546,358.6282,6.708988E-09,0.0000,0.0000,0.0000,0.0000,0.0000,0.0000,0,0,,,,,,,0,0,0,0,0,0,0,0,0,0,0,0,0,0,0,0,0,0,0,0,0,0,0,0,0,0,0,0,0,0,0,0,0,0,0,0,0,0,0,0,0,0,0,0,0,0,0,0,0,0,0,
3,8_4,10_58_31,5.8062,0,1,0,0.8046389,Baseline,2.229,0.60724,-2.133,6.171546,358.6282,6.708988E-09,0.0000,0.0000,0.0000,0.0000,0.0000,0.0000,0,0,,,,,,,0,0,0,0,0,0,0,0,0,0,0,0,0,0,0,0,0,0,0,0,0,0,0,0,0,0,0,0,0,0,0,0,0,0,0,0,0,0,0,0,0,0,0,0,0,0,0,0,0,0,0,
3,8_4,10_58_31,5.8095,0,1,0,0.8079758,Baseline,2.229,0.60724,-2.133,6.171546,358.6282,6.708988E-09,0.0000,0.0000,0.0000,0.0000,0.0000,0.0000,0,0,,,,,,,0,0,0,0,0,0,0,0,0,0,0,0,0,0,0,0,0,0,0,0,0,0,0,0,0,0,0,0,0,0,0,0,0,0,0,0,0,0,0,0,0,0,0,0,0,0,0,0,0,0,0,
3,8_4,10_58_31,5.8129,0,1,0,0.8113279,Baseline,2.229,0.60724,-2.133,6.171546,358.6282,6.708988E-09,0.0000,0.0000,0.0000,0.0000,0.0000,0.0000,0,0,,,,,,,0,0,0,0,0,0,0,0,0,0,0,0,0,0,0,0,0,0,0,0,0,0,0,0,0,0,0,0,0,0,0,0,0,0,0,0,0,0,0,0,0,0,0,0,0,0,0,0,0,0,0,
3,8_4,10_58_31,5.8165,0,1,0,0.8149056,Baseline,2.229,0.60724,-2.133,6.171546,358.6282,6.708988E-09,0.0000,0.0000,0.0000,0.0000,0.0000,0.0000,0,0,,,,,,,0,0,0,0,0,0,0,0,0,0,0,0,0,0,0,0,0,0,0,0,0,0,0,0,0,0,0,0,0,0,0,0,0,0,0,0,0,0,0,0,0,0,0,0,0,0,0,0,0,0,0,
3,8_4,10_58_32,5.8200,0,1,0,0.8184223,Baseline,2.229,0.60724,-2.133,6.171546,358.6282,6.708988E-09,0.0000,0.0000,0.0000,0.0000,0.0000,0.0000,0,0,,,,,,,0,0,0,0,0,0,0,0,0,0,0,0,0,0,0,0,0,0,0,0,0,0,0,0,0,0,0,0,0,0,0,0,0,0,0,0,0,0,0,0,0,0,0,0,0,0,0,0,0,0,0,
3,8_4,10_58_32,5.8234,0,1,0,0.8218179,Baseline,2.229,0.60724,-2.133,6.171546,358.6282,6.708988E-09,0.0000,0.0000,0.0000,0.0000,0.0000,0.0000,0,0,,,,,,,0,0,0,0,0,0,0,0,0,0,0,0,0,0,0,0,0,0,0,0,0,0,0,0,0,0,0,0,0,0,0,0,0,0,0,0,0,0,0,0,0,0,0,0,0,0,0,0,0,0,0,
3,8_4,10_58_32,5.8268,0,1,0,0.825274,Baseline,2.229,0.60724,-2.133,6.171546,358.6282,6.708988E-09,0.0000,0.0000,0.0000,0.0000,0.0000,0.0000,0,0,,,,,,,0,0,0,0,0,0,0,0,0,0,0,0,0,0,0,0,0,0,0,0,0,0,0,0,0,0,0,0,0,0,0,0,0,0,0,0,0,0,0,0,0,0,0,0,0,0,0,0,0,0,0,
3,8_4,10_58_32,5.8302,0,1,0,0.8286171,Baseline,2.229,0.60724,-2.133,6.171546,358.6282,6.708988E-09,0.0000,0.0000,0.0000,0.0000,0.0000,0.0000,0,0,,,,,,,0,0,0,0,0,0,0,0,0,0,0,0,0,0,0,0,0,0,0,0,0,0,0,0,0,0,0,0,0,0,0,0,0,0,0,0,0,0,0,0,0,0,0,0,0,0,0,0,0,0,0,
3,8_4,10_58_32,5.8336,0,1,0,0.8320317,Baseline,2.229,0.60724,-2.133,6.171546,358.6282,6.708988E-09,0.0000,0.0000,0.0000,0.0000,0.0000,0.0000,0,0,,,,,,,0,0,0,0,0,0,0,0,0,0,0,0,0,0,0,0,0,0,0,0,0,0,0,0,0,0,0,0,0,0,0,0,0,0,0,0,0,0,0,0,0,0,0,0,0,0,0,0,0,0,0,
3,8_4,10_58_32,5.8370,0,1,0,0.8354168,Baseline,2.229,0.60724,-2.133,6.171546,358.6282,6.708988E-09,0.0000,0.0000,0.0000,0.0000,0.0000,0.0000,0,0,,,,,,,0,0,0,0,0,0,0,0,0,0,0,0,0,0,0,0,0,0,0,0,0,0,0,0,0,0,0,0,0,0,0,0,0,0,0,0,0,0,0,0,0,0,0,0,0,0,0,0,0,0,0,
3,8_4,10_58_32,5.8404,0,1,0,0.8387852,Baseline,2.229,0.60724,-2.133,6.171546,358.6282,6.708988E-09,0.0000,0.0000,0.0000,0.0000,0.0000,0.0000,0,0,,,,,,,0,0,0,0,0,0,0,0,0,0,0,0,0,0,0,0,0,0,0,0,0,0,0,0,0,0,0,0,0,0,0,0,0,0,0,0,0,0,0,0,0,0,0,0,0,0,0,0,0,0,0,
3,8_4,10_58_32,5.8439,0,1,0,0.84237,Baseline,2.229,0.60724,-2.133,6.171546,358.6282,6.708988E-09,0.0000,0.0000,0.0000,0.0000,0.0000,0.0000,0,0,,,,,,,0,0,0,0,0,0,0,0,0,0,0,0,0,0,0,0,0,0,0,0,0,0,0,0,0,0,0,0,0,0,0,0,0,0,0,0,0,0,0,0,0,0,0,0,0,0,0,0,0,0,0,
3,8_4,10_58_32,5.8474,0,1,0,0.8457861,Baseline,2.229,0.60724,-2.133,6.171546,358.6282,6.708988E-09,0.0000,0.0000,0.0000,0.0000,0.0000,0.0000,0,0,,,,,,,0,0,0,0,0,0,0,0,0,0,0,0,0,0,0,0,0,0,0,0,0,0,0,0,0,0,0,0,0,0,0,0,0,0,0,0,0,0,0,0,0,0,0,0,0,0,0,0,0,0,0,
3,8_4,10_58_32,5.8511,0,1,0,0.8495092,Baseline,2.229,0.60724,-2.133,6.171546,358.6282,6.708988E-09,0.0000,0.0000,0.0000,0.0000,0.0000,0.0000,0,0,,,,,,,0,0,0,0,0,0,0,0,0,0,0,0,0,0,0,0,0,0,0,0,0,0,0,0,0,0,0,0,0,0,0,0,0,0,0,0,0,0,0,0,0,0,0,0,0,0,0,0,0,0,0,
3,8_4,10_58_32,5.8545,0,1,0,0.8528848,Baseline,2.229,0.60724,-2.133,6.171546,358.6282,6.708988E-09,0.0000,0.0000,0.0000,0.0000,0.0000,0.0000,0,0,,,,,,,0,0,0,0,0,0,0,0,0,0,0,0,0,0,0,0,0,0,0,0,0,0,0,0,0,0,0,0,0,0,0,0,0,0,0,0,0,0,0,0,0,0,0,0,0,0,0,0,0,0,0,
3,8_4,10_58_32,5.8578,0,1,0,0.8562026,Baseline,2.229,0.60724,-2.133,6.171546,358.6282,6.708988E-09,0.0000,0.0000,0.0000,0.0000,0.0000,0.0000,0,0,,,,,,,0,0,0,0,0,0,0,0,0,0,0,0,0,0,0,0,0,0,0,0,0,0,0,0,0,0,0,0,0,0,0,0,0,0,0,0,0,0,0,0,0,0,0,0,0,0,0,0,0,0,0,
3,8_4,10_58_32,5.8615,0,1,0,0.8598976,Baseline,2.229,0.60724,-2.133,6.171546,358.6282,6.708988E-09,0.0000,0.0000,0.0000,0.0000,0.0000,0.0000,0,0,,,,,,,0,0,0,0,0,0,0,0,0,0,0,0,0,0,0,0,0,0,0,0,0,0,0,0,0,0,0,0,0,0,0,0,0,0,0,0,0,0,0,0,0,0,0,0,0,0,0,0,0,0,0,
3,8_4,10_58_32,5.8650,0,1,0,0.8633995,Baseline,2.229,0.60724,-2.133,6.171546,358.6282,6.708988E-09,0.0000,0.0000,0.0000,0.0000,0.0000,0.0000,0,0,,,,,,,0,0,0,0,0,0,0,0,0,0,0,0,0,0,0,0,0,0,0,0,0,0,0,0,0,0,0,0,0,0,0,0,0,0,0,0,0,0,0,0,0,0,0,0,0,0,0,0,0,0,0,
3,8_4,10_58_32,5.8687,0,1,0,0.8671193,Baseline,2.229,0.60724,-2.133,6.171546,358.6282,6.708988E-09,0.0000,0.0000,0.0000,0.0000,0.0000,0.0000,0,0,,,,,,,0,0,0,0,0,0,0,0,0,0,0,0,0,0,0,0,0,0,0,0,0,0,0,0,0,0,0,0,0,0,0,0,0,0,0,0,0,0,0,0,0,0,0,0,0,0,0,0,0,0,0,
3,8_4,10_58_32,5.8720,0,1,0,0.8704424,Baseline,2.229,0.60724,-2.133,6.171546,358.6282,6.708988E-09,0.0000,0.0000,0.0000,0.0000,0.0000,0.0000,0,0,,,,,,,0,0,0,0,0,0,0,0,0,0,0,0,0,0,0,0,0,0,0,0,0,0,0,0,0,0,0,0,0,0,0,0,0,0,0,0,0,0,0,0,0,0,0,0,0,0,0,0,0,0,0,
3,8_4,10_58_32,5.8754,0,1,0,0.8738017,Baseline,2.229,0.60724,-2.133,6.171546,358.6282,6.708988E-09,0.0000,0.0000,0.0000,0.0000,0.0000,0.0000,0,0,,,,,,,0,0,0,0,0,0,0,0,0,0,0,0,0,0,0,0,0,0,0,0,0,0,0,0,0,0,0,0,0,0,0,0,0,0,0,0,0,0,0,0,0,0,0,0,0,0,0,0,0,0,0,
3,8_4,10_58_32,5.8800,0,1,0,0.878449,Baseline,2.229,0.60724,-2.133,6.171546,358.6282,6.708988E-09,0.0000,0.0000,0.0000,0.0000,0.0000,0.0000,0,0,,,,,,,0,0,0,0,0,0,0,0,0,0,0,0,0,0,0,0,0,0,0,0,0,0,0,0,0,0,0,0,0,0,0,0,0,0,0,0,0,0,0,0,0,0,0,0,0,0,0,0,0,0,0,
3,8_4,10_58_32,5.8835,0,1,0,0.8819494,Baseline,2.229,0.60724,-2.133,6.171546,358.6282,6.708988E-09,0.0000,0.0000,0.0000,0.0000,0.0000,0.0000,0,0,,,,,,,0,0,0,0,0,0,0,0,0,0,0,0,0,0,0,0,0,0,0,0,0,0,0,0,0,0,0,0,0,0,0,0,0,0,0,0,0,0,0,0,0,0,0,0,0,0,0,0,0,0,0,
3,8_4,10_58_32,5.8869,0,1,0,0.8852968,Baseline,2.229,0.60724,-2.133,6.171546,358.6282,6.708988E-09,0.0000,0.0000,0.0000,0.0000,0.0000,0.0000,0,0,,,,,,,0,0,0,0,0,0,0,0,0,0,0,0,0,0,0,0,0,0,0,0,0,0,0,0,0,0,0,0,0,0,0,0,0,0,0,0,0,0,0,0,0,0,0,0,0,0,0,0,0,0,0,
3,8_4,10_58_32,5.8902,0,1,0,0.8886571,Baseline,2.229,0.60724,-2.133,6.171546,358.6282,6.708988E-09,0.0000,0.0000,0.0000,0.0000,0.0000,0.0000,0,0,,,,,,,0,0,0,0,0,0,0,0,0,0,0,0,0,0,0,0,0,0,0,0,0,0,0,0,0,0,0,0,0,0,0,0,0,0,0,0,0,0,0,0,0,0,0,0,0,0,0,0,0,0,0,
3,8_4,10_58_32,5.8936,0,1,0,0.8920145,Baseline,2.229,0.60724,-2.133,6.171546,358.6282,6.708988E-09,0.0000,0.0000,0.0000,0.0000,0.0000,0.0000,0,0,,,,,,,0,0,0,0,0,0,0,0,0,0,0,0,0,0,0,0,0,0,0,0,0,0,0,0,0,0,0,0,0,0,0,0,0,0,0,0,0,0,0,0,0,0,0,0,0,0,0,0,0,0,0,
3,8_4,10_58_32,5.8969,0,1,0,0.8953662,Baseline,2.229,0.60724,-2.133,6.171546,358.6282,6.708988E-09,0.0000,0.0000,0.0000,0.0000,0.0000,0.0000,0,0,,,,,,,0,0,0,0,0,0,0,0,0,0,0,0,0,0,0,0,0,0,0,0,0,0,0,0,0,0,0,0,0,0,0,0,0,0,0,0,0,0,0,0,0,0,0,0,0,0,0,0,0,0,0,
3,8_4,10_58_32,5.9004,0,1,0,0.8988061,Baseline,2.229,0.60724,-2.133,6.171546,358.6282,6.708988E-09,0.0000,0.0000,0.0000,0.0000,0.0000,0.0000,0,0,,,,,,,0,0,0,0,0,0,0,0,0,0,0,0,0,0,0,0,0,0,0,0,0,0,0,0,0,0,0,0,0,0,0,0,0,0,0,0,0,0,0,0,0,0,0,0,0,0,0,0,0,0,0,
3,8_4,10_58_32,5.9038,0,1,0,0.9022274,Baseline,2.229,0.60724,-2.133,6.171546,358.6282,6.708988E-09,0.0000,0.0000,0.0000,0.0000,0.0000,0.0000,0,0,,,,,,,0,0,0,0,0,0,0,0,0,0,0,0,0,0,0,0,0,0,0,0,0,0,0,0,0,0,0,0,0,0,0,0,0,0,0,0,0,0,0,0,0,0,0,0,0,0,0,0,0,0,0,
3,8_4,10_58_32,5.9071,0,1,0,0.90556,Baseline,2.229,0.60724,-2.133,6.171546,358.6282,6.708988E-09,0.0000,0.0000,0.0000,0.0000,0.0000,0.0000,0,0,,,,,,,0,0,0,0,0,0,0,0,0,0,0,0,0,0,0,0,0,0,0,0,0,0,0,0,0,0,0,0,0,0,0,0,0,0,0,0,0,0,0,0,0,0,0,0,0,0,0,0,0,0,0,
3,8_4,10_58_32,5.9109,0,1,0,0.9092999,Baseline,2.229,0.60724,-2.133,6.171546,358.6282,6.708988E-09,0.0000,0.0000,0.0000,0.0000,0.0000,0.0000,0,0,,,,,,,0,0,0,0,0,0,0,0,0,0,0,0,0,0,0,0,0,0,0,0,0,0,0,0,0,0,0,0,0,0,0,0,0,0,0,0,0,0,0,0,0,0,0,0,0,0,0,0,0,0,0,
3,8_4,10_58_32,5.9142,0,1,0,0.9126039,Baseline,2.229,0.60724,-2.133,6.171546,358.6282,6.708988E-09,0.0000,0.0000,0.0000,0.0000,0.0000,0.0000,0,0,,,,,,,0,0,0,0,0,0,0,0,0,0,0,0,0,0,0,0,0,0,0,0,0,0,0,0,0,0,0,0,0,0,0,0,0,0,0,0,0,0,0,0,0,0,0,0,0,0,0,0,0,0,0,
3,8_4,10_58_32,5.9176,0,1,0,0.9160795,Baseline,2.229,0.60724,-2.133,6.171546,358.6282,6.708988E-09,0.0000,0.0000,0.0000,0.0000,0.0000,0.0000,0,0,,,,,,,0,0,0,0,0,0,0,0,0,0,0,0,0,0,0,0,0,0,0,0,0,0,0,0,0,0,0,0,0,0,0,0,0,0,0,0,0,0,0,0,0,0,0,0,0,0,0,0,0,0,0,
3,8_4,10_58_32,5.9210,0,1,0,0.9194288,Baseline,2.229,0.60724,-2.133,6.171546,358.6282,6.708988E-09,0.0000,0.0000,0.0000,0.0000,0.0000,0.0000,0,0,,,,,,,0,0,0,0,0,0,0,0,0,0,0,0,0,0,0,0,0,0,0,0,0,0,0,0,0,0,0,0,0,0,0,0,0,0,0,0,0,0,0,0,0,0,0,0,0,0,0,0,0,0,0,
3,8_4,10_58_32,5.9244,0,1,0,0.9228373,Baseline,2.229,0.60724,-2.133,6.171546,358.6282,6.708988E-09,0.0000,0.0000,0.0000,0.0000,0.0000,0.0000,0,0,,,,,,,0,0,0,0,0,0,0,0,0,0,0,0,0,0,0,0,0,0,0,0,0,0,0,0,0,0,0,0,0,0,0,0,0,0,0,0,0,0,0,0,0,0,0,0,0,0,0,0,0,0,0,
3,8_4,10_58_32,5.9430,0,1,0,0.9414082,Baseline,2.229,0.60724,-2.133,6.171546,358.6282,6.708988E-09,0.0000,0.0000,0.0000,0.0000,0.0000,0.0000,0,0,,,,,,,0,0,0,0,0,0,0,0,0,0,0,0,0,0,0,0,0,0,0,0,0,0,0,0,0,0,0,0,0,0,0,0,0,0,0,0,0,0,0,0,0,0,0,0,0,0,0,0,0,0,0,
3,8_4,10_58_32,5.9480,0,1,0,0.9463825,Baseline,2.229,0.60724,-2.133,6.171546,358.6282,6.708988E-09,0.0000,0.0000,0.0000,0.0000,0.0000,0.0000,0,0,,,,,,,0,0,0,0,0,0,0,0,0,0,0,0,0,0,0,0,0,0,0,0,0,0,0,0,0,0,0,0,0,0,0,0,0,0,0,0,0,0,0,0,0,0,0,0,0,0,0,0,0,0,0,
3,8_4,10_58_32,5.9519,0,1,0,0.9503083,Baseline,2.229,0.60724,-2.133,6.171546,358.6282,6.708988E-09,0.0000,0.0000,0.0000,0.0000,0.0000,0.0000,0,0,,,,,,,0,0,0,0,0,0,0,0,0,0,0,0,0,0,0,0,0,0,0,0,0,0,0,0,0,0,0,0,0,0,0,0,0,0,0,0,0,0,0,0,0,0,0,0,0,0,0,0,0,0,0,
3,8_4,10_58_32,5.9552,0,1,0,0.9536247,Baseline,2.229,0.60724,-2.133,6.171546,358.6282,6.708988E-09,0.0000,0.0000,0.0000,0.0000,0.0000,0.0000,0,0,,,,,,,0,0,0,0,0,0,0,0,0,0,0,0,0,0,0,0,0,0,0,0,0,0,0,0,0,0,0,0,0,0,0,0,0,0,0,0,0,0,0,0,0,0,0,0,0,0,0,0,0,0,0,
3,8_4,10_58_32,5.9586,0,1,0,0.9570518,Baseline,2.229,0.60724,-2.133,6.171546,358.6282,6.708988E-09,0.0000,0.0000,0.0000,0.0000,0.0000,0.0000,0,0,,,,,,,0,0,0,0,0,0,0,0,0,0,0,0,0,0,0,0,0,0,0,0,0,0,0,0,0,0,0,0,0,0,0,0,0,0,0,0,0,0,0,0,0,0,0,0,0,0,0,0,0,0,0,
3,8_4,10_58_32,5.9620,0,1,0,0.9604082,Baseline,2.229,0.60724,-2.133,6.171546,358.6282,6.708988E-09,0.0000,0.0000,0.0000,0.0000,0.0000,0.0000,0,0,,,,,,,0,0,0,0,0,0,0,0,0,0,0,0,0,0,0,0,0,0,0,0,0,0,0,0,0,0,0,0,0,0,0,0,0,0,0,0,0,0,0,0,0,0,0,0,0,0,0,0,0,0,0,
3,8_4,10_58_32,5.9655,0,1,0,0.9639063,Baseline,2.229,0.60724,-2.133,6.171546,358.6282,6.708988E-09,0.0000,0.0000,0.0000,0.0000,0.0000,0.0000,0,0,,,,,,,0,0,0,0,0,0,0,0,0,0,0,0,0,0,0,0,0,0,0,0,0,0,0,0,0,0,0,0,0,0,0,0,0,0,0,0,0,0,0,0,0,0,0,0,0,0,0,0,0,0,0,
3,8_4,10_58_32,5.9688,0,1,0,0.9672594,Baseline,2.229,0.60724,-2.133,6.171546,358.6282,6.708988E-09,0.0000,0.0000,0.0000,0.0000,0.0000,0.0000,0,0,,,,,,,0,0,0,0,0,0,0,0,0,0,0,0,0,0,0,0,0,0,0,0,0,0,0,0,0,0,0,0,0,0,0,0,0,0,0,0,0,0,0,0,0,0,0,0,0,0,0,0,0,0,0,
3,8_4,10_58_32,5.9721,0,1,0,0.9705391,Baseline,2.229,0.60724,-2.133,6.171546,358.6282,6.708988E-09,0.0000,0.0000,0.0000,0.0000,0.0000,0.0000,0,0,,,,,,,0,0,0,0,0,0,0,0,0,0,0,0,0,0,0,0,0,0,0,0,0,0,0,0,0,0,0,0,0,0,0,0,0,0,0,0,0,0,0,0,0,0,0,0,0,0,0,0,0,0,0,
3,8_4,10_58_32,5.9755,0,1,0,0.973979,Baseline,2.229,0.60724,-2.133,6.171546,358.6282,6.708988E-09,0.0000,0.0000,0.0000,0.0000,0.0000,0.0000,0,0,,,,,,,0,0,0,0,0,0,0,0,0,0,0,0,0,0,0,0,0,0,0,0,0,0,0,0,0,0,0,0,0,0,0,0,0,0,0,0,0,0,0,0,0,0,0,0,0,0,0,0,0,0,0,
3,8_4,10_58_32,5.9790,0,1,0,0.9774776,Baseline,2.229,0.60724,-2.133,6.171546,358.6282,6.708988E-09,0.0000,0.0000,0.0000,0.0000,0.0000,0.0000,0,0,,,,,,,0,0,0,0,0,0,0,0,0,0,0,0,0,0,0,0,0,0,0,0,0,0,0,0,0,0,0,0,0,0,0,0,0,0,0,0,0,0,0,0,0,0,0,0,0,0,0,0,0,0,0,
3,8_4,10_58_32,5.9826,0,1,0,0.9810781,Baseline,2.229,0.60724,-2.133,6.171546,358.6282,6.708988E-09,0.0000,0.0000,0.0000,0.0000,0.0000,0.0000,0,0,,,,,,,0,0,0,0,0,0,0,0,0,0,0,0,0,0,0,0,0,0,0,0,0,0,0,0,0,0,0,0,0,0,0,0,0,0,0,0,0,0,0,0,0,0,0,0,0,0,0,0,0,0,0,
3,8_4,10_58_32,5.9864,0,1,0,0.9848471,Baseline,2.229,0.60724,-2.133,6.171546,358.6282,6.708988E-09,0.0000,0.0000,0.0000,0.0000,0.0000,0.0000,0,0,,,,,,,0,0,0,0,0,0,0,0,0,0,0,0,0,0,0,0,0,0,0,0,0,0,0,0,0,0,0,0,0,0,0,0,0,0,0,0,0,0,0,0,0,0,0,0,0,0,0,0,0,0,0,
3,8_4,10_58_32,5.9902,0,1,0,0.9886289,Baseline,2.229,0.60724,-2.133,6.171546,358.6282,6.708988E-09,0.0000,0.0000,0.0000,0.0000,0.0000,0.0000,0,0,,,,,,,0,0,0,0,0,0,0,0,0,0,0,0,0,0,0,0,0,0,0,0,0,0,0,0,0,0,0,0,0,0,0,0,0,0,0,0,0,0,0,0,0,0,0,0,0,0,0,0,0,0,0,
3,8_4,10_58_32,5.9936,0,1,0,0.9920497,Baseline,2.229,0.60724,-2.133,6.171546,358.6282,6.708988E-09,0.0000,0.0000,0.0000,0.0000,0.0000,0.0000,0,0,,,,,,,0,0,0,0,0,0,0,0,0,0,0,0,0,0,0,0,0,0,0,0,0,0,0,0,0,0,0,0,0,0,0,0,0,0,0,0,0,0,0,0,0,0,0,0,0,0,0,0,0,0,0,
3,8_4,10_58_32,5.9972,0,1,0,0.9956465,Baseline,2.229,0.60724,-2.133,6.171546,358.6282,6.708988E-09,0.0000,0.0000,0.0000,0.0000,0.0000,0.0000,0,0,,,,,,,0,0,0,0,0,0,0,0,0,0,0,0,0,0,0,0,0,0,0,0,0,0,0,0,0,0,0,0,0,0,0,0,0,0,0,0,0,0,0,0,0,0,0,0,0,0,0,0,0,0,0,
3,8_4,10_58_32,6.0007,0,1,0,0.9990835,Baseline,2.229,0.60724,-2.133,6.171546,358.6282,6.708988E-09,0.0000,0.0000,0.0000,0.0000,0.0000,0.0000,0,0,,,,,,,0,0,0,0,0,0,0,0,0,0,0,0,0,0,0,0,0,0,0,0,0,0,0,0,0,0,0,0,0,0,0,0,0,0,0,0,0,0,0,0,0,0,0,0,0,0,0,0,0,0,0,
3,8_4,10_58_32,6.0041,0,1,0,1.002563,Baseline,2.229,0.60724,-2.133,6.171546,358.6282,6.708988E-09,0.0000,0.0000,0.0000,0.0000,0.0000,0.0000,0,0,,,,,,,0,0,0,0,0,0,0,0,0,0,0,0,0,0,0,0,0,0,0,0,0,0,0,0,0,0,0,0,0,0,0,0,0,0,0,0,0,0,0,0,0,0,0,0,0,0,0,0,0,0,0,
3,8_4,10_58_32,6.0075,0,1,0,1.005937,Baseline,2.229,0.60724,-2.133,6.171546,358.6282,6.708988E-09,0.0000,0.0000,0.0000,0.0000,0.0000,0.0000,0,0,,,,,,,0,0,0,0,0,0,0,0,0,0,0,0,0,0,0,0,0,0,0,0,0,0,0,0,0,0,0,0,0,0,0,0,0,0,0,0,0,0,0,0,0,0,0,0,0,0,0,0,0,0,0,
3,8_4,10_58_32,6.0109,0,1,0,1.009303,Baseline,2.229,0.60724,-2.133,6.171546,358.6282,6.708988E-09,0.0000,0.0000,0.0000,0.0000,0.0000,0.0000,0,0,,,,,,,0,0,0,0,0,0,0,0,0,0,0,0,0,0,0,0,0,0,0,0,0,0,0,0,0,0,0,0,0,0,0,0,0,0,0,0,0,0,0,0,0,0,0,0,0,0,0,0,0,0,0,
3,8_4,10_58_32,6.0142,0,1,0,1.012631,Baseline,2.229,0.60724,-2.133,6.171546,358.6282,6.708988E-09,0.0000,0.0000,0.0000,0.0000,0.0000,0.0000,0,0,,,,,,,0,0,0,0,0,0,0,0,0,0,0,0,0,0,0,0,0,0,0,0,0,0,0,0,0,0,0,0,0,0,0,0,0,0,0,0,0,0,0,0,0,0,0,0,0,0,0,0,0,0,0,
3,8_4,10_58_32,6.0176,0,1,0,1.016057,Baseline,2.229,0.60724,-2.133,6.171546,358.6282,6.708988E-09,0.0000,0.0000,0.0000,0.0000,0.0000,0.0000,0,0,,,,,,,0,0,0,0,0,0,0,0,0,0,0,0,0,0,0,0,0,0,0,0,0,0,0,0,0,0,0,0,0,0,0,0,0,0,0,0,0,0,0,0,0,0,0,0,0,0,0,0,0,0,0,
3,8_4,10_58_32,6.0210,0,1,0,1.019396,Baseline,2.229,0.60724,-2.133,6.171546,358.6282,6.708988E-09,0.0000,0.0000,0.0000,0.0000,0.0000,0.0000,0,0,,,,,,,0,0,0,0,0,0,0,0,0,0,0,0,0,0,0,0,0,0,0,0,0,0,0,0,0,0,0,0,0,0,0,0,0,0,0,0,0,0,0,0,0,0,0,0,0,0,0,0,0,0,0,
3,8_4,10_58_32,6.0247,0,1,0,1.023127,Baseline,2.229,0.60724,-2.133,6.171546,358.6282,6.708988E-09,0.0000,0.0000,0.0000,0.0000,0.0000,0.0000,0,0,,,,,,,0,0,0,0,0,0,0,0,0,0,0,0,0,0,0,0,0,0,0,0,0,0,0,0,0,0,0,0,0,0,0,0,0,0,0,0,0,0,0,0,0,0,0,0,0,0,0,0,0,0,0,
3,8_4,10_58_32,6.0280,0,1,0,1.026456,Baseline,2.229,0.60724,-2.133,6.171546,358.6282,6.708988E-09,0.0000,0.0000,0.0000,0.0000,0.0000,0.0000,0,0,,,,,,,0,0,0,0,0,0,0,0,0,0,0,0,0,0,0,0,0,0,0,0,0,0,0,0,0,0,0,0,0,0,0,0,0,0,0,0,0,0,0,0,0,0,0,0,0,0,0,0,0,0,0,
3,8_4,10_58_32,6.0314,0,1,0,1.029818,Baseline,2.229,0.60724,-2.133,6.171546,358.6282,6.708988E-09,0.0000,0.0000,0.0000,0.0000,0.0000,0.0000,0,0,,,,,,,0,0,0,0,0,0,0,0,0,0,0,0,0,0,0,0,0,0,0,0,0,0,0,0,0,0,0,0,0,0,0,0,0,0,0,0,0,0,0,0,0,0,0,0,0,0,0,0,0,0,0,
3,8_4,10_58_32,6.0348,0,1,0,1.033234,Baseline,2.229,0.60724,-2.133,6.171546,358.6282,6.708988E-09,0.0000,0.0000,0.0000,0.0000,0.0000,0.0000,0,0,,,,,,,0,0,0,0,0,0,0,0,0,0,0,0,0,0,0,0,0,0,0,0,0,0,0,0,0,0,0,0,0,0,0,0,0,0,0,0,0,0,0,0,0,0,0,0,0,0,0,0,0,0,0,
3,8_4,10_58_32,6.0384,0,1,0,1.036803,Baseline,2.229,0.60724,-2.133,6.171546,358.6282,6.708988E-09,0.0000,0.0000,0.0000,0.0000,0.0000,0.0000,0,0,,,,,,,0,0,0,0,0,0,0,0,0,0,0,0,0,0,0,0,0,0,0,0,0,0,0,0,0,0,0,0,0,0,0,0,0,0,0,0,0,0,0,0,0,0,0,0,0,0,0,0,0,0,0,
3,8_4,10_58_32,6.1891,0,1,0,1.187528,Baseline,2.229,0.60724,-2.133,6.171546,358.6282,6.708988E-09,0.0000,0.0000,0.0000,0.0000,0.0000,0.0000,0,0,,,,,,,0,0,0,0,0,0,0,0,0,0,0,0,0,0,0,0,0,0,0,0,0,0,0,0,0,0,0,0,0,0,0,0,0,0,0,0,0,0,0,0,0,0,0,0,0,0,0,0,0,0,0,
